2025-08-19 07:38:28,178 - INFO - 🌟 每周数据更新程序启动
2025-08-19 07:38:28,178 - INFO - 🚀 开始每周数据更新...
2025-08-19 07:38:28,178 - INFO - ============================================================
2025-08-19 07:38:28,191 - INFO - ✅ 成功连接到MySQL数据库
2025-08-19 07:38:28,191 - INFO - 📊 开始更新近7个自然日K线数据）...
2025-08-19 07:38:28,535 - INFO - 📊 准备更新 2646 只股票的近7个自然日K线数据
2025-08-19 07:38:31,119 - INFO - 📈 已处理000514 渝开发 
2025-08-19 07:38:31,740 - INFO - 📈 已处理002969 嘉美包装 
2025-08-19 07:38:32,451 - INFO - 📈 已处理002970 锐明技术 
2025-08-19 07:38:33,103 - INFO - 📈 已处理002971 和远气体 
2025-08-19 07:38:33,826 - INFO - 📈 已处理002972 科安达 
2025-08-19 07:38:34,424 - INFO - 📈 已处理002973 侨银股份 
2025-08-19 07:38:35,025 - INFO - 📈 已处理002975 博杰股份 
2025-08-19 07:38:35,714 - INFO - 📈 已处理002976 瑞玛精密 
2025-08-19 07:38:36,292 - INFO - 📈 已处理002977 天箭科技 
2025-08-19 07:38:36,864 - INFO - 📈 已处理002978 安宁股份 
2025-08-19 07:38:37,453 - INFO - 📈 已处理002979 雷赛智能 
2025-08-19 07:38:38,868 - INFO - 📈 已处理002980 华盛昌 
2025-08-19 07:38:39,407 - INFO - 📈 已处理002981 朝阳科技 
2025-08-19 07:38:39,978 - INFO - 📈 已处理002982 湘佳股份 
2025-08-19 07:38:40,525 - INFO - 📈 已处理002983 芯瑞达 
2025-08-19 07:38:41,103 - INFO - 📈 已处理002984 森麒麟 
2025-08-19 07:38:41,671 - INFO - 📈 已处理002985 北摩高科 
2025-08-19 07:38:42,270 - INFO - 📈 已处理002986 宇新股份 
2025-08-19 07:38:42,843 - INFO - 📈 已处理002987 京北方 
2025-08-19 07:38:43,408 - INFO - 📈 已处理002988 豪美新材 
2025-08-19 07:38:43,978 - INFO - 📈 已处理002989 中天精装 
2025-08-19 07:38:44,577 - INFO - 📈 已处理002990 盛视科技 
2025-08-19 07:38:45,177 - INFO - 📈 已处理002991 甘源食品 
2025-08-19 07:38:45,761 - INFO - 📈 已处理002992 宝明科技 
2025-08-19 07:38:46,361 - INFO - 📈 已处理002993 奥海科技 
2025-08-19 07:38:46,920 - INFO - 📈 已处理002995 天地在线 
2025-08-19 07:38:47,479 - INFO - 📈 已处理002996 顺博合金 
2025-08-19 07:38:48,044 - INFO - 📈 已处理002997 瑞鹄模具 
2025-08-19 07:38:48,570 - INFO - 📈 已处理002998 优彩资源 
2025-08-19 07:38:49,146 - INFO - 📈 已处理002999 天禾股份 
2025-08-19 07:38:49,683 - INFO - 📈 已处理003000 劲仔食品 
2025-08-19 07:38:50,228 - INFO - 📈 已处理003001 中岩大地 
2025-08-19 07:38:50,779 - INFO - 📈 已处理003002 壶化股份 
2025-08-19 07:38:51,377 - INFO - 📈 已处理003003 天元股份 
2025-08-19 07:38:51,905 - INFO - 📈 已处理003004 *ST声迅 
2025-08-19 07:38:52,461 - INFO - 📈 已处理003005 竞业达 
2025-08-19 07:38:53,028 - INFO - 📈 已处理003006 百亚股份 
2025-08-19 07:38:53,571 - INFO - 📈 已处理003007 直真科技 
2025-08-19 07:38:54,111 - INFO - 📈 已处理003008 开普检测 
2025-08-19 07:38:54,633 - INFO - 📈 已处理003009 中天火箭 
2025-08-19 07:38:55,582 - INFO - 📈 已处理003010 若羽臣 
2025-08-19 07:38:56,159 - INFO - 📈 已处理003011 海象新材 
2025-08-19 07:38:56,686 - INFO - 📈 已处理003012 东鹏控股 
2025-08-19 07:38:57,244 - INFO - 📈 已处理003013 地铁设计 
2025-08-19 07:38:57,769 - INFO - 📈 已处理003015 日久光电 
2025-08-19 07:38:58,377 - INFO - 📈 已处理003016 欣贺股份 
2025-08-19 07:38:58,983 - INFO - 📈 已处理003017 大洋生物 
2025-08-19 07:38:59,503 - INFO - 📈 已处理003018 金富科技 
2025-08-19 07:39:00,034 - INFO - 📈 已处理003019 宸展光电 
2025-08-19 07:39:00,034 - INFO - 📈 已处理 50/2646 只股票，成功 49 只
2025-08-19 07:39:00,580 - INFO - 📈 已处理003020 立方制药 
2025-08-19 07:39:01,121 - INFO - 📈 已处理003021 兆威机电 
2025-08-19 07:39:01,658 - INFO - 📈 已处理003022 联泓新科 
2025-08-19 07:39:02,206 - INFO - 📈 已处理003023 彩虹集团 
2025-08-19 07:39:02,712 - INFO - 📈 已处理003025 思进智能 
2025-08-19 07:39:03,267 - INFO - 📈 已处理003026 中晶科技 
2025-08-19 07:39:03,815 - INFO - 📈 已处理003027 同兴科技 
2025-08-19 07:39:04,376 - INFO - 📈 已处理003028 振邦智能 
2025-08-19 07:39:04,932 - INFO - 📈 已处理003029 吉大正元 
2025-08-19 07:39:05,493 - INFO - 📈 已处理003030 祖名股份 
2025-08-19 07:39:06,203 - INFO - 📈 已处理003031 中瓷电子 
2025-08-19 07:39:06,861 - INFO - 📈 已处理003032 *ST传智 
2025-08-19 07:39:07,442 - INFO - 📈 已处理003033 征和工业 
2025-08-19 07:39:08,053 - INFO - 📈 已处理003035 南网能源 
2025-08-19 07:39:08,633 - INFO - 📈 已处理003036 泰坦股份 
2025-08-19 07:39:09,167 - INFO - 📈 已处理003037 三和管桩 
2025-08-19 07:39:10,427 - INFO - 📈 已处理300021 大禹节水 
2025-08-19 07:39:10,861 - INFO - 📈 已处理301313 凡拓数创 
2025-08-19 07:39:11,251 - INFO - 📈 已处理301314 科瑞思 
2025-08-19 07:39:11,625 - INFO - 📈 已处理301315 威士顿 
2025-08-19 07:39:12,065 - INFO - 📈 已处理301316 慧博云通 
2025-08-19 07:39:12,490 - INFO - 📈 已处理301317 鑫磊股份 
2025-08-19 07:39:12,925 - INFO - 📈 已处理301318 维海德 
2025-08-19 07:39:13,345 - INFO - 📈 已处理301319 唯特偶 
2025-08-19 07:39:13,719 - INFO - 📈 已处理301320 豪江智能 
2025-08-19 07:39:14,157 - INFO - 📈 已处理301321 翰博高新 
2025-08-19 07:39:14,560 - INFO - 📈 已处理301322 绿通科技 
2025-08-19 07:39:14,989 - INFO - 📈 已处理301323 新莱福 
2025-08-19 07:39:15,379 - INFO - 📈 已处理301325 曼恩斯特 
2025-08-19 07:39:15,807 - INFO - 📈 已处理301326 捷邦科技 
2025-08-19 07:39:16,259 - INFO - 📈 已处理301327 华宝新能 
2025-08-19 07:39:16,718 - INFO - 📈 已处理301328 维峰电子 
2025-08-19 07:39:17,101 - INFO - 📈 已处理301329 信音电子 
2025-08-19 07:39:17,558 - INFO - 📈 已处理301330 熵基科技 
2025-08-19 07:39:17,976 - INFO - 📈 已处理301331 恩威医药 
2025-08-19 07:39:18,355 - INFO - 📈 已处理301332 德尔玛 
2025-08-19 07:39:18,826 - INFO - 📈 已处理301333 诺思格 
2025-08-19 07:39:19,234 - INFO - 📈 已处理301335 天元宠物 
2025-08-19 07:39:19,672 - INFO - 📈 已处理301336 趣睡科技 
2025-08-19 07:39:20,065 - INFO - 📈 已处理301337 亚华电子 
2025-08-19 07:39:20,548 - INFO - 📈 已处理301338 凯格精机 
2025-08-19 07:39:20,997 - INFO - 📈 已处理301339 通行宝 
2025-08-19 07:39:21,390 - INFO - 📈 已处理301345 涛涛车业 
2025-08-19 07:39:21,777 - INFO - 📈 已处理301348 蓝箭电子 
2025-08-19 07:39:22,295 - INFO - 📈 已处理301349 信德新材 
2025-08-19 07:39:22,678 - INFO - 📈 已处理301353 普莱得 
2025-08-19 07:39:23,088 - INFO - 📈 已处理301355 南王科技 
2025-08-19 07:39:23,527 - INFO - 📈 已处理301356 天振股份 
2025-08-19 07:39:23,954 - INFO - 📈 已处理301357 北方长龙 
2025-08-19 07:39:24,395 - INFO - 📈 已处理301358 湖南裕能 
2025-08-19 07:39:24,395 - INFO - 📈 已处理 100/2646 只股票，成功 99 只
2025-08-19 07:39:24,840 - INFO - 📈 已处理301359 东南电子 
2025-08-19 07:39:25,249 - INFO - 📈 已处理301360 荣旗科技 
2025-08-19 07:39:25,705 - INFO - 📈 已处理301361 众智科技 
2025-08-19 07:39:26,111 - INFO - 📈 已处理301362 民爆光电 
2025-08-19 07:39:26,594 - INFO - 📈 已处理301363 美好医疗 
2025-08-19 07:39:27,088 - INFO - 📈 已处理301365 矩阵股份 
2025-08-19 07:39:27,594 - INFO - 📈 已处理301366 一博科技 
2025-08-19 07:39:28,550 - INFO - 📈 已处理301367 瑞迈特 
2025-08-19 07:39:29,105 - INFO - 📈 已处理301368 丰立智能 
2025-08-19 07:39:29,571 - INFO - 📈 已处理301369 联动科技 
2025-08-19 07:39:29,986 - INFO - 📈 已处理301370 国科恒泰 
2025-08-19 07:39:30,391 - INFO - 📈 已处理301371 敷尔佳 
2025-08-19 07:39:30,798 - INFO - 📈 已处理301372 科净源 
2025-08-19 07:39:31,263 - INFO - 📈 已处理301373 凌玮科技 
2025-08-19 07:39:31,642 - INFO - 📈 已处理301376 致欧科技 
2025-08-19 07:39:32,067 - INFO - 📈 已处理301377 鼎泰高科 
2025-08-19 07:39:32,473 - INFO - 📈 已处理301378 通达海 
2025-08-19 07:39:32,896 - INFO - 📈 已处理301379 天山电子 
2025-08-19 07:39:33,310 - INFO - 📈 已处理301380 挖金客 
2025-08-19 07:39:33,658 - INFO - 📈 已处理301381 赛维时代 
2025-08-19 07:39:34,042 - INFO - 📈 已处理301382 蜂助手 
2025-08-19 07:39:34,439 - INFO - 📈 已处理301383 天键股份 
2025-08-19 07:39:34,856 - INFO - 📈 已处理301386 未来电器 
2025-08-19 07:39:35,243 - INFO - 📈 已处理301387 光大同创 
2025-08-19 07:39:35,655 - INFO - 📈 已处理301388 欣灵电气 
2025-08-19 07:39:36,089 - INFO - 📈 已处理301389 隆扬电子 
2025-08-19 07:39:36,472 - INFO - 📈 已处理301390 经纬股份 
2025-08-19 07:39:36,887 - INFO - 📈 已处理301391 卡莱特 
2025-08-19 07:39:37,218 - INFO - 📈 已处理301392 汇成真空 
2025-08-19 07:39:37,586 - INFO - 📈 已处理301393 昊帆生物 
2025-08-19 07:39:37,941 - INFO - 📈 已处理301395 仁信新材 
2025-08-19 07:39:38,391 - INFO - 📈 已处理301396 宏景科技 
2025-08-19 07:39:38,775 - INFO - 📈 已处理301397 溯联股份 
2025-08-19 07:39:39,189 - INFO - 📈 已处理301398 星源卓镁 
2025-08-19 07:39:39,576 - INFO - 📈 已处理301399 英特科技 
2025-08-19 07:39:39,972 - INFO - 📈 已处理301408 华人健康 
2025-08-19 07:39:40,304 - INFO - 📈 已处理301413 安培龙 
2025-08-19 07:39:40,667 - INFO - 📈 已处理301418 协昌科技 
2025-08-19 07:39:41,051 - INFO - 📈 已处理301419 阿莱德 
2025-08-19 07:39:41,422 - INFO - 📈 已处理301421 波长光电 
2025-08-19 07:39:41,818 - INFO - 📈 已处理301428 世纪恒通 
2025-08-19 07:39:42,186 - INFO - 📈 已处理301429 森泰股份 
2025-08-19 07:39:42,606 - INFO - 📈 已处理301439 泓淋电力 
2025-08-19 07:39:42,960 - INFO - 📈 已处理301446 福事特 
2025-08-19 07:39:43,340 - INFO - 📈 已处理301448 开创电气 
2025-08-19 07:39:43,718 - INFO - 📈 已处理301456 盘古智能 
2025-08-19 07:39:43,988 - INFO - 📈 已处理301458 钧崴电子 
2025-08-19 07:39:44,351 - INFO - 📈 已处理301459 丰茂股份 
2025-08-19 07:39:44,746 - INFO - 📈 已处理301468 博盈特焊 
2025-08-19 07:39:45,116 - INFO - 📈 已处理301469 恒达新材 
2025-08-19 07:39:45,116 - INFO - 📈 已处理 150/2646 只股票，成功 149 只
2025-08-19 07:39:45,364 - INFO - 📈 已处理301479 弘景光电 
2025-08-19 07:39:45,738 - INFO - 📈 已处理301486 致尚科技 
2025-08-19 07:39:46,109 - INFO - 📈 已处理301487 盟固利 
2025-08-19 07:39:46,488 - INFO - 📈 已处理301488 豪恩汽电 
2025-08-19 07:39:46,849 - INFO - 📈 已处理301489 思泉新材 
2025-08-19 07:39:47,073 - INFO - 📈 已处理301491 汉桑科技 
2025-08-19 07:39:47,454 - INFO - 📈 已处理301498 乖宝宠物 
2025-08-19 07:39:47,846 - INFO - 📈 已处理301499 维科精密 
2025-08-19 07:39:48,236 - INFO - 📈 已处理301500 飞南资源 
2025-08-19 07:39:48,552 - INFO - 📈 已处理301501 恒鑫生活 
2025-08-19 07:39:48,892 - INFO - 📈 已处理301502 华阳智能 
2025-08-19 07:39:49,256 - INFO - 📈 已处理301503 智迪科技 
2025-08-19 07:39:49,619 - INFO - 📈 已处理301505 苏州规划 
2025-08-19 07:39:49,995 - INFO - 📈 已处理301507 民生健康 
2025-08-19 07:39:50,349 - INFO - 📈 已处理301508 中机认检 
2025-08-19 07:39:50,732 - INFO - 📈 已处理301509 金凯生科 
2025-08-19 07:39:51,310 - INFO - 📈 已处理301510 固高科技 
2025-08-19 07:39:51,698 - INFO - 📈 已处理301511 德福科技 
2025-08-19 07:39:52,056 - INFO - 📈 已处理301512 智信精密 
2025-08-19 07:39:52,403 - INFO - 📈 已处理301515 港通医疗 
2025-08-19 07:39:52,743 - INFO - 📈 已处理301516 中远通 
2025-08-19 07:39:53,129 - INFO - 📈 已处理301517 陕西华达 
2025-08-19 07:39:53,518 - INFO - 📈 已处理301518 长华化学 
2025-08-19 07:39:53,886 - INFO - 📈 已处理301519 舜禹股份 
2025-08-19 07:39:54,251 - INFO - 📈 已处理301520 万邦医药 
2025-08-19 07:39:54,522 - INFO - 📈 已处理301522 上大股份 
2025-08-19 07:39:54,906 - INFO - 📈 已处理301525 儒竞科技 
2025-08-19 07:39:55,272 - INFO - 📈 已处理301526 国际复材 
2025-08-19 07:39:55,636 - INFO - 📈 已处理301528 多浦乐 
2025-08-19 07:39:55,995 - INFO - 📈 已处理301529 福赛科技 
2025-08-19 07:39:56,379 - INFO - 📈 已处理301533 威马农机 
2025-08-19 07:39:58,140 - INFO - 📈 已处理600114 东睦股份 
2025-08-19 07:40:00,071 - INFO - 📈 已处理600233 圆通速递 
2025-08-19 07:40:01,842 - INFO - 📈 已处理600243 *ST海华 
2025-08-19 07:40:03,552 - INFO - 📈 已处理600246 万通发展 
2025-08-19 07:40:05,009 - INFO - 📈 已处理600247 *ST成城 
2025-08-19 07:40:06,703 - INFO - 📈 已处理600248 陕建股份 
2025-08-19 07:40:08,439 - INFO - 📈 已处理600249 XD两面针 
2025-08-19 07:40:10,290 - INFO - 📈 已处理600250 南京商旅 
2025-08-19 07:40:11,987 - INFO - 📈 已处理600251 冠农股份 
2025-08-19 07:40:13,720 - INFO - 📈 已处理600252 中恒集团 
2025-08-19 07:40:14,730 - INFO - 📈 已处理600253 天方药业 
2025-08-19 07:40:16,463 - INFO - 📈 已处理600255 鑫科材料 
2025-08-19 07:40:18,324 - INFO - 📈 已处理600256 广汇能源 
2025-08-19 07:40:20,178 - INFO - 📈 已处理600257 大湖股份 
2025-08-19 07:40:21,974 - INFO - 📈 已处理600258 首旅酒店 
2025-08-19 07:40:23,762 - INFO - 📈 已处理600259 广晟有色 
2025-08-19 07:40:25,416 - INFO - 📈 已处理600260 *ST凯乐 
2025-08-19 07:40:27,301 - INFO - 📈 已处理600261 阳光照明 
2025-08-19 07:40:29,272 - INFO - 📈 已处理600262 北方股份 
2025-08-19 07:40:29,272 - INFO - 📈 已处理 200/2646 只股票，成功 199 只
2025-08-19 07:40:30,160 - INFO - 📈 已处理600263 路桥建设 
2025-08-19 07:40:31,979 - INFO - 📈 已处理600265 ST景谷 
2025-08-19 07:40:33,963 - INFO - 📈 已处理600266 城建发展 
2025-08-19 07:40:35,737 - INFO - 📈 已处理600267 海正药业 
2025-08-19 07:40:37,648 - INFO - 📈 已处理600268 国电南自 
2025-08-19 07:40:39,507 - INFO - 📈 已处理600269 赣粤高速 
2025-08-19 07:40:40,903 - INFO - 📈 已处理600270 外运发展 
2025-08-19 07:40:42,518 - INFO - 📈 已处理600271 航天信息 
2025-08-19 07:40:44,471 - INFO - 📈 已处理600272 开开实业 
2025-08-19 07:40:46,063 - INFO - 📈 已处理600273 嘉化能源 
2025-08-19 07:40:47,659 - INFO - 📈 已处理600275 退市昌鱼 
2025-08-19 07:40:49,425 - INFO - 📈 已处理600276 恒瑞医药 
2025-08-19 07:40:51,024 - INFO - 📈 已处理600277 ST亿利 
2025-08-19 07:40:52,808 - INFO - 📈 已处理600278 东方创业 
2025-08-19 07:40:54,565 - INFO - 📈 已处理600279 重庆港 
2025-08-19 07:40:56,274 - INFO - 📈 已处理600280 中央商场 
2025-08-19 07:40:58,038 - INFO - 📈 已处理600281 华阳新材 
2025-08-19 07:40:59,970 - INFO - 📈 已处理600282 南钢股份 
2025-08-19 07:41:01,911 - INFO - 📈 已处理600283 钱江水利 
2025-08-19 07:41:03,579 - INFO - 📈 已处理600284 浦东建设 
2025-08-19 07:41:05,383 - INFO - 📈 已处理600285 羚锐制药 
2025-08-19 07:41:05,979 - INFO - 📈 已处理600286 S*ST国瓷 
2025-08-19 07:41:07,688 - INFO - 📈 已处理600287 江苏舜天 
2025-08-19 07:41:09,680 - INFO - 📈 已处理600288 大恒科技 
2025-08-19 07:41:11,405 - INFO - 📈 已处理600289 ST信通 
2025-08-19 07:41:13,039 - INFO - 📈 已处理600290 *ST华仪 
2025-08-19 07:41:14,564 - INFO - 📈 已处理600291 退市西水 
2025-08-19 07:41:16,361 - INFO - 📈 已处理600292 远达环保 
2025-08-19 07:41:18,354 - INFO - 📈 已处理600293 三峡新材 
2025-08-19 07:41:20,177 - INFO - 📈 已处理600295 鄂尔多斯 
2025-08-19 07:41:20,834 - INFO - 📈 已处理600296 S兰铝 
2025-08-19 07:41:22,600 - INFO - 📈 已处理600297 广汇汽车 
2025-08-19 07:41:24,500 - INFO - 📈 已处理600298 安琪酵母 
2025-08-19 07:41:26,227 - INFO - 📈 已处理600299 安迪苏 
2025-08-19 07:41:27,915 - INFO - 📈 已处理600300 维维股份 
2025-08-19 07:41:29,639 - INFO - 📈 已处理600301 华锡有色 
2025-08-19 07:41:31,303 - INFO - 📈 已处理600302 标准股份 
2025-08-19 07:41:33,000 - INFO - 📈 已处理600303 曙光股份 
2025-08-19 07:41:34,704 - INFO - 📈 已处理600305 恒顺醋业 
2025-08-19 07:41:36,234 - INFO - 📈 已处理600306 退市商城 
2025-08-19 07:41:37,946 - INFO - 📈 已处理600307 酒钢宏兴 
2025-08-19 07:41:39,617 - INFO - 📈 已处理600308 华泰股份 
2025-08-19 07:41:41,296 - INFO - 📈 已处理600309 万华化学 
2025-08-19 07:41:42,947 - INFO - 📈 已处理600310 广西能源 
2025-08-19 07:41:44,506 - INFO - 📈 已处理600311 *ST荣华 
2025-08-19 07:41:46,221 - INFO - 📈 已处理600312 平高电气 
2025-08-19 07:41:47,873 - INFO - 📈 已处理600313 农发种业 
2025-08-19 07:41:49,510 - INFO - 📈 已处理600315 上海家化 
2025-08-19 07:41:51,175 - INFO - 📈 已处理600316 洪都航空 
2025-08-19 07:41:52,493 - INFO - 📈 已处理600317 营口港 
2025-08-19 07:41:52,493 - INFO - 📈 已处理 250/2646 只股票，成功 249 只
2025-08-19 07:41:54,031 - INFO - 📈 已处理600318 新力金融 
2025-08-19 07:41:55,613 - INFO - 📈 已处理600319 亚星化学 
2025-08-19 07:41:57,352 - INFO - 📈 已处理600320 振华重工 
2025-08-19 07:41:58,891 - INFO - 📈 已处理600321 正源股份 
2025-08-19 07:42:00,521 - INFO - 📈 已处理600322 津投城开 
2025-08-19 07:42:02,151 - INFO - 📈 已处理600323 瀚蓝环境 
2025-08-19 07:42:03,611 - INFO - 📈 已处理600325 华发股份 
2025-08-19 07:42:05,322 - INFO - 📈 已处理600326 西藏天路 
2025-08-19 07:42:06,955 - INFO - 📈 已处理600327 大东方 
2025-08-19 07:42:08,616 - INFO - 📈 已处理600328 中盐化工 
2025-08-19 07:42:10,442 - INFO - 📈 已处理600329 达仁堂 
2025-08-19 07:42:12,176 - INFO - 📈 已处理600330 天通股份 
2025-08-19 07:42:13,797 - INFO - 📈 已处理600331 宏达股份 
2025-08-19 07:42:15,479 - INFO - 📈 已处理600332 白云山 
2025-08-19 07:42:17,228 - INFO - 📈 已处理600333 长春燃气 
2025-08-19 07:42:19,039 - INFO - 📈 已处理600335 国机汽车 
2025-08-19 07:42:20,914 - INFO - 📈 已处理600336 澳柯玛 
2025-08-19 07:42:22,562 - INFO - 📈 已处理600337 美克家居 
2025-08-19 07:42:24,240 - INFO - 📈 已处理600338 西藏珠峰 
2025-08-19 07:42:25,921 - INFO - 📈 已处理600339 中油工程 
2025-08-19 07:42:27,418 - INFO - 📈 已处理600340 华夏幸福 
2025-08-19 07:42:29,045 - INFO - 📈 已处理600343 航天动力 
2025-08-19 07:42:30,784 - INFO - 📈 已处理600345 长江通信 
2025-08-19 07:42:32,459 - INFO - 📈 已处理600346 恒力石化 
2025-08-19 07:42:34,012 - INFO - 📈 已处理600348 华阳股份 
2025-08-19 07:42:35,732 - INFO - 📈 已处理600350 山东高速 
2025-08-19 07:42:37,404 - INFO - 📈 已处理600351 亚宝药业 
2025-08-19 07:42:38,952 - INFO - 📈 已处理600352 浙江龙盛 
2025-08-19 07:42:40,493 - INFO - 📈 已处理600353 旭光电子 
2025-08-19 07:42:41,983 - INFO - 📈 已处理600354 敦煌种业 
2025-08-19 07:42:43,614 - INFO - 📈 已处理600355 *ST精伦 
2025-08-19 07:42:45,320 - INFO - 📈 已处理600356 恒丰纸业 
2025-08-19 07:42:46,022 - INFO - 📈 已处理600357 承德钒钛 
2025-08-19 07:42:47,596 - INFO - 📈 已处理600358 ST联合 
2025-08-19 07:42:49,337 - INFO - 📈 已处理600359 新农开发 
2025-08-19 07:42:51,045 - INFO - 📈 已处理600360 *ST华微 
2025-08-19 07:42:52,754 - INFO - 📈 已处理600361 创新新材 
2025-08-19 07:42:54,466 - INFO - 📈 已处理600362 江西铜业 
2025-08-19 07:42:56,716 - INFO - 📈 已处理600363 联创光电 
2025-08-19 07:42:58,397 - INFO - 📈 已处理600365 ST通葡 
2025-08-19 07:43:00,171 - INFO - 📈 已处理600366 宁波韵升 
2025-08-19 07:43:01,903 - INFO - 📈 已处理600367 红星发展 
2025-08-19 07:43:03,653 - INFO - 📈 已处理600368 五洲交通 
2025-08-19 07:43:05,305 - INFO - 📈 已处理600369 西南证券 
2025-08-19 07:43:06,938 - INFO - 📈 已处理600370 三房巷 
2025-08-19 07:43:08,644 - INFO - 📈 已处理600371 万向德农 
2025-08-19 07:43:10,310 - INFO - 📈 已处理600372 中航机载 
2025-08-19 07:43:12,071 - INFO - 📈 已处理600373 中文传媒 
2025-08-19 07:43:13,717 - INFO - 📈 已处理600375 汉马科技 
2025-08-19 07:43:18,506 - INFO - 📈 已处理600376 首开股份 
2025-08-19 07:43:18,506 - INFO - 📈 已处理 300/2646 只股票，成功 299 只
2025-08-19 07:43:20,247 - INFO - 📈 已处理600377 宁沪高速 
2025-08-19 07:43:22,687 - INFO - 📈 已处理600378 昊华科技 
2025-08-19 07:43:24,371 - INFO - 📈 已处理600379 宝光股份 
2025-08-19 07:43:26,470 - INFO - 📈 已处理600380 健康元 
2025-08-19 07:43:29,520 - INFO - 📈 已处理600381 *ST春天 
2025-08-19 07:43:31,297 - INFO - 📈 已处理600382 广东明珠 
2025-08-19 07:43:33,030 - INFO - 📈 已处理600383 金地集团 
2025-08-19 07:43:36,841 - INFO - 📈 已处理600385 退市金泰 
2025-08-19 07:43:43,482 - INFO - 📈 已处理600386 北巴传媒 
2025-08-19 07:43:45,128 - INFO - 📈 已处理600387 退市海越 
2025-08-19 07:43:46,903 - INFO - 📈 已处理600388 龙净环保 
2025-08-19 07:43:48,700 - INFO - 📈 已处理600389 江山股份 
2025-08-19 07:43:50,470 - INFO - 📈 已处理600390 五矿资本 
2025-08-19 07:43:52,185 - INFO - 📈 已处理600391 航发科技 
2025-08-19 07:43:54,795 - INFO - 📈 已处理600392 盛和资源 
2025-08-19 07:43:58,513 - INFO - 📈 已处理600393 ST粤泰 
2025-08-19 07:44:04,969 - INFO - 📈 已处理600395 盘江股份 
2025-08-19 07:44:06,932 - INFO - 📈 已处理600396 华电辽能 
2025-08-19 07:44:09,033 - INFO - 📈 已处理600397 安源煤业 
2025-08-19 07:44:14,673 - INFO - 📈 已处理600398 海澜之家 
2025-08-19 07:44:17,350 - INFO - 📈 已处理600399 抚顺特钢 
2025-08-19 07:44:20,325 - INFO - 📈 已处理600400 红豆股份 
2025-08-19 07:44:22,039 - INFO - 📈 已处理600401 退市海润 
2025-08-19 07:44:23,774 - INFO - 📈 已处理600403 大有能源 
2025-08-19 07:44:25,448 - INFO - 📈 已处理600405 动力源 
2025-08-19 07:44:27,775 - INFO - 📈 已处理600406 国电南瑞 
2025-08-19 07:44:29,496 - INFO - 📈 已处理600408 安泰集团 
2025-08-19 07:44:31,210 - INFO - 📈 已处理600409 三友化工 
2025-08-19 07:44:33,057 - INFO - 📈 已处理600410 华胜天成 
2025-08-19 07:44:37,145 - INFO - 📈 已处理600415 小商品城 
2025-08-19 07:44:39,269 - INFO - 📈 已处理600416 湘电股份 
2025-08-19 07:44:41,097 - INFO - 📈 已处理600418 江淮汽车 
2025-08-19 07:44:42,867 - INFO - 📈 已处理600419 天润乳业 
2025-08-19 07:44:44,490 - INFO - 📈 已处理600420 国药现代 
2025-08-19 07:44:46,686 - INFO - 📈 已处理600421 *ST华嵘 
2025-08-19 07:44:48,666 - INFO - 📈 已处理600422 昆药集团 
2025-08-19 07:44:50,372 - INFO - 📈 已处理600423 柳化股份 
2025-08-19 07:44:53,504 - INFO - 📈 已处理600425 青松建化 
2025-08-19 07:44:55,371 - INFO - 📈 已处理600426 华鲁恒升 
2025-08-19 07:44:57,156 - INFO - 📈 已处理600428 中远海特 
2025-08-19 07:44:58,768 - INFO - 📈 已处理600429 三元股份 
2025-08-19 07:44:59,955 - INFO - 📈 已处理600432 退市吉恩 
2025-08-19 07:45:03,735 - INFO - 📈 已处理600433 冠豪高新 
2025-08-19 07:45:05,499 - INFO - 📈 已处理600435 北方导航 
2025-08-19 07:45:07,186 - INFO - 📈 已处理600436 片仔癀 
2025-08-19 07:45:08,815 - INFO - 📈 已处理600438 通威股份 
2025-08-19 07:45:10,484 - INFO - 📈 已处理600439 瑞贝卡 
2025-08-19 07:45:12,056 - INFO - 📈 已处理600444 国机通用 
2025-08-19 07:45:13,761 - INFO - 📈 已处理600446 金证股份 
2025-08-19 07:45:15,667 - INFO - 📈 已处理600448 华纺股份 
2025-08-19 07:45:15,667 - INFO - 📈 已处理 350/2646 只股票，成功 349 只
2025-08-19 07:45:20,445 - INFO - 📈 已处理600449 宁夏建材 
2025-08-19 07:45:22,120 - INFO - 📈 已处理600452 涪陵电力 
2025-08-19 07:45:25,305 - INFO - 📈 已处理600455 博通股份 
2025-08-19 07:45:27,046 - INFO - 📈 已处理600456 宝钛股份 
2025-08-19 07:45:28,753 - INFO - 📈 已处理600458 时代新材 
2025-08-19 07:45:30,431 - INFO - 📈 已处理600459 贵研铂业 
2025-08-19 07:45:33,587 - INFO - 📈 已处理600460 士兰微 
2025-08-19 07:45:35,172 - INFO - 📈 已处理600461 洪城环境 
2025-08-19 07:45:37,325 - INFO - 📈 已处理600462 退市九有 
2025-08-19 07:45:39,642 - INFO - 📈 已处理600463 空港股份 
2025-08-19 07:45:42,200 - INFO - 📈 已处理600466 *ST蓝光 
2025-08-19 07:45:44,785 - INFO - 📈 已处理600467 好当家 
2025-08-19 07:45:46,512 - INFO - 📈 已处理600468 百利电气 
2025-08-19 07:45:48,123 - INFO - 📈 已处理600469 风神股份 
2025-08-19 07:45:51,759 - INFO - 📈 已处理600470 六国化工 
2025-08-19 07:45:52,217 - INFO - 📈 已处理600472 包头铝业 
2025-08-19 07:45:55,746 - INFO - 📈 已处理600475 华光环能 
2025-08-19 07:45:58,725 - INFO - 📈 已处理600476 湘邮科技 
2025-08-19 07:46:06,638 - INFO - 📈 已处理600477 杭萧钢构 
2025-08-19 07:46:08,689 - INFO - 📈 已处理600478 科力远 
2025-08-19 07:46:10,505 - INFO - 📈 已处理600479 千金药业 
2025-08-19 07:46:12,842 - INFO - 📈 已处理600480 凌云股份 
2025-08-19 07:46:14,467 - INFO - 📈 已处理600481 双良节能 
2025-08-19 07:46:16,056 - INFO - 📈 已处理600482 中国动力 
2025-08-19 07:46:23,720 - INFO - 📈 已处理600483 福能股份 
2025-08-19 07:46:24,972 - INFO - 📈 已处理600485 *ST信威 
2025-08-19 07:46:27,133 - INFO - 📈 已处理600486 扬农化工 
2025-08-19 07:46:28,801 - INFO - 📈 已处理600487 亨通光电 
2025-08-19 07:46:30,591 - INFO - 📈 已处理600488 津药药业 
2025-08-19 07:46:32,326 - INFO - 📈 已处理600489 中金黄金 
2025-08-19 07:46:33,999 - INFO - 📈 已处理600490 鹏欣资源 
2025-08-19 07:46:35,962 - INFO - 📈 已处理600491 龙元建设 
2025-08-19 07:46:37,745 - INFO - 📈 已处理600493 凤竹纺织 
2025-08-19 07:46:39,351 - INFO - 📈 已处理600495 晋西车轴 
2025-08-19 07:46:41,493 - INFO - 📈 已处理600496 精工钢构 
2025-08-19 07:46:43,071 - INFO - 📈 已处理600497 驰宏锌锗 
2025-08-19 07:46:44,873 - INFO - 📈 已处理600498 烽火通信 
2025-08-19 07:46:47,252 - INFO - 📈 已处理600499 科达制造 
2025-08-19 07:46:49,197 - INFO - 📈 已处理600500 中化国际 
2025-08-19 07:46:51,641 - INFO - 📈 已处理600501 航天晨光 
2025-08-19 07:46:53,855 - INFO - 📈 已处理600502 安徽建工 
2025-08-19 07:46:55,498 - INFO - 📈 已处理600503 华丽家族 
2025-08-19 07:46:58,466 - INFO - 📈 已处理600505 西昌电力 
2025-08-19 07:47:00,508 - INFO - 📈 已处理600506 统一股份 
2025-08-19 07:47:02,196 - INFO - 📈 已处理600507 方大特钢 
2025-08-19 07:47:04,161 - INFO - 📈 已处理600508 上海能源 
2025-08-19 07:47:05,953 - INFO - 📈 已处理600509 天富能源 
2025-08-19 07:47:08,673 - INFO - 📈 已处理600510 黑牡丹 
2025-08-19 07:47:10,379 - INFO - 📈 已处理600511 国药股份 
2025-08-19 07:47:12,111 - INFO - 📈 已处理600512 腾达建设 
2025-08-19 07:47:12,111 - INFO - 📈 已处理 400/2646 只股票，成功 399 只
2025-08-19 07:47:17,117 - INFO - 📈 已处理600513 联环药业 
2025-08-19 07:47:18,767 - INFO - 📈 已处理600515 海南机场 
2025-08-19 07:48:10,357 - INFO - 📈 已处理600516 方大炭素 
2025-08-19 07:48:12,036 - INFO - 📈 已处理600517 国网英大 
2025-08-19 07:48:13,900 - INFO - 📈 已处理600518 康美药业 
2025-08-19 07:48:15,744 - INFO - 📈 已处理600519 贵州茅台 
2025-08-19 07:48:17,542 - INFO - 📈 已处理600520 三佳科技 
2025-08-19 07:48:20,921 - INFO - 📈 已处理600521 华海药业 
2025-08-19 07:48:27,258 - INFO - 📈 已处理600522 中天科技 
2025-08-19 07:48:34,707 - INFO - 📈 已处理600523 贵航股份 
2025-08-19 07:48:36,573 - INFO - 📈 已处理600525 ST长园 
2025-08-19 07:48:38,423 - INFO - 📈 已处理600526 菲达环保 
2025-08-19 07:48:40,006 - INFO - 📈 已处理600527 江南高纤 
2025-08-19 07:48:41,778 - INFO - 📈 已处理600528 中铁工业 
2025-08-19 07:48:43,535 - INFO - 📈 已处理600529 山东药玻 
2025-08-19 07:48:45,323 - INFO - 📈 已处理600530 交大昂立 
2025-08-19 07:48:46,980 - INFO - 📈 已处理600531 豫光金铅 
2025-08-19 07:48:48,692 - INFO - 📈 已处理600532 退市未来 
2025-08-19 07:48:50,559 - INFO - 📈 已处理600533 栖霞建设 
2025-08-19 07:48:52,220 - INFO - 📈 已处理600535 天士力 
2025-08-19 07:48:54,202 - INFO - 📈 已处理600536 中国软件 
2025-08-19 07:48:55,859 - INFO - 📈 已处理600537 亿晶光电 
2025-08-19 07:48:57,756 - INFO - 📈 已处理600538 国发股份 
2025-08-19 07:48:59,434 - INFO - 📈 已处理600539 狮头股份 
2025-08-19 07:49:03,856 - INFO - 📈 已处理600540 新赛股份 
2025-08-19 07:49:05,517 - INFO - 📈 已处理600543 莫高股份 
2025-08-19 07:49:07,133 - INFO - 📈 已处理600545 卓郎智能 
2025-08-19 07:49:08,814 - INFO - 📈 已处理600546 山煤国际 
2025-08-19 07:49:10,442 - INFO - 📈 已处理600547 山东黄金 
2025-08-19 07:49:12,167 - INFO - 📈 已处理600548 深高速 
2025-08-19 07:49:13,844 - INFO - 📈 已处理600549 厦门钨业 
2025-08-19 07:49:16,180 - INFO - 📈 已处理600550 保变电气 
2025-08-19 07:49:17,838 - INFO - 📈 已处理600551 时代出版 
2025-08-19 07:49:19,472 - INFO - 📈 已处理600552 凯盛科技 
2025-08-19 07:49:20,327 - INFO - 📈 已处理600553 太行水泥 
2025-08-19 07:49:21,840 - INFO - 📈 已处理600555 退市海创 
2025-08-19 07:49:23,174 - INFO - 📈 已处理600556 天下秀 
2025-08-19 07:49:24,852 - INFO - 📈 已处理600557 康缘药业 
2025-08-19 07:49:26,634 - INFO - 📈 已处理600558 大西洋 
2025-08-19 07:49:28,558 - INFO - 📈 已处理600559 老白干酒 
2025-08-19 07:49:30,183 - INFO - 📈 已处理600560 金自天正 
2025-08-19 07:49:32,236 - INFO - 📈 已处理600561 江西长运 
2025-08-19 07:49:36,535 - INFO - 📈 已处理600562 国睿科技 
2025-08-19 07:49:39,623 - INFO - 📈 已处理600563 法拉电子 
2025-08-19 07:49:46,505 - INFO - 📈 已处理600565 ST迪马 
2025-08-19 07:49:48,183 - INFO - 📈 已处理600566 济川药业 
2025-08-19 07:49:49,893 - INFO - 📈 已处理600567 山鹰国际 
2025-08-19 07:49:51,539 - INFO - 📈 已处理600568 ST中珠 
2025-08-19 07:49:53,275 - INFO - 📈 已处理600569 安阳钢铁 
2025-08-19 07:49:55,099 - INFO - 📈 已处理600570 恒生电子 
2025-08-19 07:49:55,099 - INFO - 📈 已处理 450/2646 只股票，成功 449 只
2025-08-19 07:49:57,419 - INFO - 📈 已处理600571 信雅达 
2025-08-19 07:49:59,003 - INFO - 📈 已处理600572 康恩贝 
2025-08-19 07:50:00,737 - INFO - 📈 已处理600573 惠泉啤酒 
2025-08-19 07:50:02,233 - INFO - 📈 已处理600575 淮河能源 
2025-08-19 07:50:03,784 - INFO - 📈 已处理600576 祥源文旅 
2025-08-19 07:50:05,510 - INFO - 📈 已处理600577 精达股份 
2025-08-19 07:50:08,129 - INFO - 📈 已处理600578 京能电力 
2025-08-19 07:50:09,775 - INFO - 📈 已处理600579 中化装备 
2025-08-19 07:50:11,766 - INFO - 📈 已处理600580 卧龙电驱 
2025-08-19 07:50:13,444 - INFO - 📈 已处理600581 八一钢铁 
2025-08-19 07:50:15,122 - INFO - 📈 已处理600582 天地科技 
2025-08-19 07:50:16,891 - INFO - 📈 已处理600583 海油工程 
2025-08-19 07:50:18,713 - INFO - 📈 已处理600584 长电科技 
2025-08-19 07:50:20,437 - INFO - 📈 已处理600585 海螺水泥 
2025-08-19 07:50:23,887 - INFO - 📈 已处理600586 金晶科技 
2025-08-19 07:50:25,565 - INFO - 📈 已处理600587 新华医疗 
2025-08-19 07:50:27,337 - INFO - 📈 已处理600588 用友网络 
2025-08-19 07:50:29,336 - INFO - 📈 已处理600589 大位科技 
2025-08-19 07:50:31,507 - INFO - 📈 已处理600590 泰豪科技 
2025-08-19 07:50:32,292 - INFO - 📈 已处理600591 *ST上航 
2025-08-19 07:50:34,220 - INFO - 📈 已处理600592 龙溪股份 
2025-08-19 07:50:43,236 - INFO - 📈 已处理600593 大连圣亚 
2025-08-19 07:50:45,321 - INFO - 📈 已处理600594 益佰制药 
2025-08-19 07:50:46,999 - INFO - 📈 已处理600595 中孚实业 
2025-08-19 07:50:48,733 - INFO - 📈 已处理600596 新安股份 
2025-08-19 07:50:57,818 - INFO - 📈 已处理600597 光明乳业 
2025-08-19 07:50:59,544 - INFO - 📈 已处理600598 北大荒 
2025-08-19 07:51:04,679 - INFO - 📈 已处理600599 *ST熊猫 
2025-08-19 07:51:08,948 - INFO - 📈 已处理600600 青岛啤酒 
2025-08-19 07:51:11,539 - INFO - 📈 已处理600601 方正科技 
2025-08-19 07:51:13,859 - INFO - 📈 已处理600602 云赛智联 
2025-08-19 07:51:17,101 - INFO - 📈 已处理600603 ST广物 
2025-08-19 07:51:19,567 - INFO - 📈 已处理600604 市北高新 
2025-08-19 07:51:22,280 - INFO - 📈 已处理600605 汇通能源 
2025-08-19 07:51:24,491 - INFO - 📈 已处理600606 绿地控股 
2025-08-19 07:51:25,903 - INFO - 📈 已处理600607 上实医药 
2025-08-19 07:51:29,728 - INFO - 📈 已处理600608 *ST沪科 
2025-08-19 07:51:31,899 - INFO - 📈 已处理600609 金杯汽车 
2025-08-19 07:51:33,946 - INFO - 📈 已处理600610 中毅达 
2025-08-19 07:51:38,399 - INFO - 📈 已处理600611 大众交通 
2025-08-19 07:51:40,655 - INFO - 📈 已处理600612 老凤祥 
2025-08-19 07:51:42,868 - INFO - 📈 已处理600613 神奇制药 
2025-08-19 07:51:44,788 - INFO - 📈 已处理600614 退市鹏起 
2025-08-19 07:51:47,720 - INFO - 📈 已处理600615 丰华股份 
2025-08-19 07:51:52,262 - INFO - 📈 已处理600616 金枫酒业 
2025-08-19 07:51:54,346 - INFO - 📈 已处理600617 国新能源 
2025-08-19 07:51:58,233 - INFO - 📈 已处理600618 氯碱化工 
2025-08-19 07:52:00,896 - INFO - 📈 已处理600619 海立股份 
2025-08-19 07:52:03,396 - INFO - 📈 已处理600620 天宸股份 
2025-08-19 07:52:05,996 - INFO - 📈 已处理600621 华鑫股份 
2025-08-19 07:52:05,996 - INFO - 📈 已处理 500/2646 只股票，成功 499 只
2025-08-19 07:52:08,207 - INFO - 📈 已处理600622 光大嘉宝 
2025-08-19 07:52:10,386 - INFO - 📈 已处理600623 华谊集团 
2025-08-19 07:52:12,614 - INFO - 📈 已处理600624 复旦复华 
2025-08-19 07:52:13,884 - INFO - 📈 已处理600625 PT水仙 
2025-08-19 07:52:23,730 - INFO - 📈 已处理600626 申达股份 
2025-08-19 07:52:25,078 - INFO - 📈 已处理600627 上电股份 
2025-08-19 07:52:27,681 - INFO - 📈 已处理600628 新世界 
2025-08-19 07:52:30,034 - INFO - 📈 已处理600629 华建集团 
2025-08-19 07:52:33,432 - INFO - 📈 已处理600630 龙头股份 
2025-08-19 07:52:34,769 - INFO - 📈 已处理600631 百联股份 
2025-08-19 07:52:35,741 - INFO - 📈 已处理600632 华联商厦 
2025-08-19 07:52:37,990 - INFO - 📈 已处理600633 浙数文化 
2025-08-19 07:52:39,793 - INFO - 📈 已处理600634 退市富控 
2025-08-19 07:52:46,246 - INFO - 📈 已处理600635 大众公用 
2025-08-19 07:52:50,386 - INFO - 📈 已处理600636 *ST国化 
2025-08-19 07:52:52,487 - INFO - 📈 已处理600637 东方明珠 
2025-08-19 07:52:54,730 - INFO - 📈 已处理600638 新黄浦 
2025-08-19 07:52:56,966 - INFO - 📈 已处理600639 浦东金桥 
2025-08-19 07:53:00,645 - INFO - 📈 已处理600640 国脉文化 
2025-08-19 07:53:02,789 - INFO - 📈 已处理600641 万业企业 
2025-08-19 07:53:05,012 - INFO - 📈 已处理600642 申能股份 
2025-08-19 07:53:07,446 - INFO - 📈 已处理600643 爱建集团 
2025-08-19 07:53:09,660 - INFO - 📈 已处理600644 乐山电力 
2025-08-19 07:53:11,711 - INFO - 📈 已处理600645 中源协和 
2025-08-19 07:53:12,606 - INFO - 📈 已处理600646 ST国嘉 
2025-08-19 07:53:14,644 - INFO - 📈 已处理600647 退市同达 
2025-08-19 07:53:16,756 - INFO - 📈 已处理600648 外高桥 
2025-08-19 07:53:18,798 - INFO - 📈 已处理600649 城投控股 
2025-08-19 07:53:20,990 - INFO - 📈 已处理600650 锦江在线 
2025-08-19 07:53:23,221 - INFO - 📈 已处理600651 飞乐音响 
2025-08-19 07:53:25,305 - INFO - 📈 已处理600652 退市游久 
2025-08-19 07:53:27,501 - INFO - 📈 已处理600653 申华控股 
2025-08-19 07:53:28,036 - WARNING - ⚠️ 600654 中安科 K线更新失败: (1264, "Out of range value for column 'turnover_ratio' at row 1")
2025-08-19 07:53:30,199 - INFO - 📈 已处理600655 豫园股份 
2025-08-19 07:53:31,797 - INFO - 📈 已处理600656 退市博元 
2025-08-19 07:53:33,930 - INFO - 📈 已处理600657 信达地产 
2025-08-19 07:53:36,144 - INFO - 📈 已处理600658 电子城 
2025-08-19 07:53:37,214 - INFO - 📈 已处理600659 *ST花雕 
2025-08-19 07:53:39,418 - INFO - 📈 已处理600660 福耀玻璃 
2025-08-19 07:53:41,628 - INFO - 📈 已处理600661 昂立教育 
2025-08-19 07:53:43,746 - INFO - 📈 已处理600662 外服控股 
2025-08-19 07:53:45,893 - INFO - 📈 已处理600663 陆家嘴 
2025-08-19 07:53:47,979 - INFO - 📈 已处理600664 哈药股份 
2025-08-19 07:53:50,083 - INFO - 📈 已处理600665 天地源 
2025-08-19 07:53:52,104 - INFO - 📈 已处理600666 奥瑞德 
2025-08-19 07:53:54,221 - INFO - 📈 已处理600667 太极实业 
2025-08-19 07:53:56,353 - INFO - 📈 已处理600668 尖峰集团 
2025-08-19 07:53:57,306 - INFO - 📈 已处理600669 *ST鞍成 
2025-08-19 07:53:58,187 - INFO - 📈 已处理600670 *ST斯达 
2025-08-19 07:54:00,227 - INFO - 📈 已处理600671 天目药业 
2025-08-19 07:54:00,227 - INFO - 📈 已处理 550/2646 只股票，成功 548 只
2025-08-19 07:54:01,211 - INFO - 📈 已处理600672 *ST华圣 
2025-08-19 07:54:03,220 - INFO - 📈 已处理600673 东阳光 
2025-08-19 07:54:05,384 - INFO - 📈 已处理600674 川投能源 
2025-08-19 07:54:07,438 - INFO - 📈 已处理600675 中华企业 
2025-08-19 07:54:09,618 - INFO - 📈 已处理600676 交运股份 
2025-08-19 07:54:11,389 - INFO - 📈 已处理600677 *ST航通 
2025-08-19 07:54:13,476 - INFO - 📈 已处理600678 四川金顶 
2025-08-19 07:54:15,561 - INFO - 📈 已处理600679 上海凤凰 
2025-08-19 07:54:17,336 - INFO - 📈 已处理600680 *ST上普 
2025-08-19 07:54:19,214 - INFO - 📈 已处理600681 百川能源 
2025-08-19 07:54:21,427 - INFO - 📈 已处理600682 南京新百 
2025-08-19 07:54:23,558 - INFO - 📈 已处理600683 京投发展 
2025-08-19 07:54:25,712 - INFO - 📈 已处理600684 珠江股份 
2025-08-19 07:54:27,791 - INFO - 📈 已处理600685 中船防务 
2025-08-19 07:54:29,938 - INFO - 📈 已处理600686 金龙汽车 
2025-08-19 07:54:31,696 - INFO - 📈 已处理600687 退市刚泰 
2025-08-19 07:54:33,828 - INFO - 📈 已处理600688 上海石化 
2025-08-19 07:54:35,914 - INFO - 📈 已处理600689 上海三毛 
2025-08-19 07:54:38,045 - INFO - 📈 已处理600690 海尔智家 
2025-08-19 07:54:40,132 - INFO - 📈 已处理600691 阳煤化工 
2025-08-19 07:54:42,296 - INFO - 📈 已处理600692 亚通股份 
2025-08-19 07:54:44,444 - INFO - 📈 已处理600693 东百集团 
2025-08-19 07:54:46,529 - INFO - 📈 已处理600694 大商股份 
2025-08-19 07:54:48,363 - INFO - 📈 已处理600695 退市绿庭 
2025-08-19 07:54:50,465 - INFO - 📈 已处理600696 *ST岩石 
2025-08-19 07:54:52,518 - INFO - 📈 已处理600697 欧亚集团 
2025-08-19 07:54:54,557 - INFO - 📈 已处理600698 湖南天雁 
2025-08-19 07:54:56,560 - INFO - 📈 已处理600699 均胜电子 
2025-08-19 07:54:57,380 - INFO - 📈 已处理600700 *ST数码 
2025-08-19 07:54:59,011 - INFO - 📈 已处理600701 退市工新 
2025-08-19 07:55:01,059 - INFO - 📈 已处理600702 舍得酒业 
2025-08-19 07:55:02,977 - INFO - 📈 已处理600703 三安光电 
2025-08-19 07:55:04,946 - INFO - 📈 已处理600704 物产中大 
2025-08-19 07:55:06,553 - INFO - 📈 已处理600705 中航产融 
2025-08-19 07:55:08,534 - INFO - 📈 已处理600706 曲江文旅 
2025-08-19 07:55:10,504 - INFO - 📈 已处理600707 彩虹股份 
2025-08-19 07:55:12,448 - INFO - 📈 已处理600708 光明地产 
2025-08-19 07:55:13,084 - INFO - 📈 已处理600709 ST生态 
2025-08-19 07:55:14,941 - INFO - 📈 已处理600710 苏美达 
2025-08-19 07:55:16,910 - INFO - 📈 已处理600711 盛屯矿业 
2025-08-19 07:55:18,877 - INFO - 📈 已处理600712 南宁百货 
2025-08-19 07:55:20,842 - INFO - 📈 已处理600713 南京医药 
2025-08-19 07:55:22,749 - INFO - 📈 已处理600714 金瑞矿业 
2025-08-19 07:55:24,707 - INFO - 📈 已处理600715 文投控股 
2025-08-19 07:55:26,623 - INFO - 📈 已处理600716 凤凰股份 
2025-08-19 07:55:28,580 - INFO - 📈 已处理600717 天津港 
2025-08-19 07:55:30,544 - INFO - 📈 已处理600718 东软集团 
2025-08-19 07:55:33,350 - INFO - 📈 已处理600719 大连热电 
2025-08-19 07:55:35,341 - INFO - 📈 已处理600720 XD中交设 
2025-08-19 07:55:37,242 - INFO - 📈 已处理600721 百花医药 
2025-08-19 07:55:37,242 - INFO - 📈 已处理 600/2646 只股票，成功 598 只
2025-08-19 07:55:39,120 - INFO - 📈 已处理600722 金牛化工 
2025-08-19 07:55:40,881 - INFO - 📈 已处理600723 首商股份 
2025-08-19 07:55:42,773 - INFO - 📈 已处理600724 宁波富达 
2025-08-19 07:55:44,710 - INFO - 📈 已处理600725 云维股份 
2025-08-19 07:55:46,694 - INFO - 📈 已处理600726 华电能源 
2025-08-19 07:55:48,591 - INFO - 📈 已处理600727 鲁北化工 
2025-08-19 07:55:50,441 - INFO - 📈 已处理600728 佳都科技 
2025-08-19 07:55:52,370 - INFO - 📈 已处理600729 重庆百货 
2025-08-19 07:55:54,298 - INFO - 📈 已处理600730 中国高科 
2025-08-19 07:55:56,242 - INFO - 📈 已处理600731 湖南海利 
2025-08-19 07:55:58,108 - INFO - 📈 已处理600732 爱旭股份 
2025-08-19 07:56:00,038 - INFO - 📈 已处理600733 北汽蓝谷 
2025-08-19 07:56:01,825 - INFO - 📈 已处理600734 实达集团 
2025-08-19 07:56:03,628 - INFO - 📈 已处理600735 新华锦 
2025-08-19 07:56:05,573 - INFO - 📈 已处理600736 苏州高新 
2025-08-19 07:56:07,502 - INFO - 📈 已处理600737 中粮糖业 
2025-08-19 07:56:09,445 - INFO - 📈 已处理600738 丽尚国潮 
2025-08-19 07:56:11,389 - INFO - 📈 已处理600739 辽宁成大 
2025-08-19 07:56:13,321 - INFO - 📈 已处理600740 山西焦化 
2025-08-19 07:56:15,247 - INFO - 📈 已处理600741 华域汽车 
2025-08-19 07:56:17,244 - INFO - 📈 已处理600742 富维股份 
2025-08-19 07:56:19,135 - INFO - 📈 已处理600743 华远控股 
2025-08-19 07:56:21,112 - INFO - 📈 已处理600744 华银电力 
2025-08-19 07:56:22,868 - INFO - 📈 已处理600745 闻泰科技 
2025-08-19 07:56:24,808 - INFO - 📈 已处理600746 江苏索普 
2025-08-19 07:56:26,412 - INFO - 📈 已处理600747 退市大控 
2025-08-19 07:56:28,341 - INFO - 📈 已处理600748 上实发展 
2025-08-19 07:56:30,222 - INFO - 📈 已处理600749 西藏旅游 
2025-08-19 07:56:32,150 - INFO - 📈 已处理600750 江中药业 
2025-08-19 07:56:34,031 - INFO - 📈 已处理600751 海航科技 
2025-08-19 07:56:34,831 - INFO - 📈 已处理600752 *ST哈慈 
2025-08-19 07:56:36,689 - INFO - 📈 已处理600753 *ST海钦 
2025-08-19 07:56:38,563 - INFO - 📈 已处理600754 锦江酒店 
2025-08-19 07:56:41,009 - INFO - 📈 已处理600755 厦门国贸 
2025-08-19 07:56:42,906 - INFO - 📈 已处理600756 浪潮软件 
2025-08-19 07:56:44,805 - INFO - 📈 已处理600757 长江传媒 
2025-08-19 07:56:46,702 - INFO - 📈 已处理600758 辽宁能源 
2025-08-19 07:56:48,489 - INFO - 📈 已处理600759 洲际油气 
2025-08-19 07:56:50,422 - INFO - 📈 已处理600760 中航沈飞 
2025-08-19 07:56:52,362 - INFO - 📈 已处理600761 安徽合力 
2025-08-19 07:56:53,195 - INFO - 📈 已处理600762 S*ST金荔 
2025-08-19 07:56:55,043 - INFO - 📈 已处理600763 通策医疗 
2025-08-19 07:56:56,965 - INFO - 📈 已处理600764 中国海防 
2025-08-19 07:56:58,900 - INFO - 📈 已处理600765 中航重机 
2025-08-19 07:57:00,754 - INFO - 📈 已处理600766 退市园城 
2025-08-19 07:57:02,491 - INFO - 📈 已处理600767 退市运盛 
2025-08-19 07:57:04,372 - INFO - 📈 已处理600768 宁波富邦 
2025-08-19 07:57:06,271 - INFO - 📈 已处理600769 祥龙电业 
2025-08-19 07:57:08,155 - INFO - 📈 已处理600770 综艺股份 
2025-08-19 07:57:10,064 - INFO - 📈 已处理600771 广誉远 
2025-08-19 07:57:10,064 - INFO - 📈 已处理 650/2646 只股票，成功 648 只
2025-08-19 07:57:10,880 - INFO - 📈 已处理600772 S*ST龙昌 
2025-08-19 07:57:12,808 - INFO - 📈 已处理600773 西藏城投 
2025-08-19 07:57:14,722 - INFO - 📈 已处理600774 汉商集团 
2025-08-19 07:57:17,001 - INFO - 📈 已处理600775 南京熊猫 
2025-08-19 07:57:18,924 - INFO - 📈 已处理600776 东方通信 
2025-08-19 07:57:20,787 - INFO - 📈 已处理600777 *ST新潮 
2025-08-19 07:57:22,702 - INFO - 📈 已处理600778 友好集团 
2025-08-19 07:57:24,694 - INFO - 📈 已处理600779 水井坊 
2025-08-19 07:57:26,544 - INFO - 📈 已处理600780 通宝能源 
2025-08-19 07:57:28,299 - INFO - 📈 已处理600781 退市辅仁 
2025-08-19 07:57:30,183 - INFO - 📈 已处理600782 新钢股份 
2025-08-19 07:57:32,064 - INFO - 📈 已处理600783 鲁信创投 
2025-08-19 07:57:33,929 - INFO - 📈 已处理600784 鲁银投资 
2025-08-19 07:57:35,826 - INFO - 📈 已处理600785 新华百货 
2025-08-19 07:57:36,764 - INFO - 📈 已处理600786 东方锅炉 
2025-08-19 07:57:38,681 - INFO - 📈 已处理600787 中储股份 
2025-08-19 07:57:39,388 - INFO - 📈 已处理600788 *ST达曼 
2025-08-19 07:57:41,352 - INFO - 📈 已处理600789 鲁抗医药 
2025-08-19 07:57:43,244 - INFO - 📈 已处理600790 轻纺城 
2025-08-19 07:57:45,201 - INFO - 📈 已处理600791 京能置业 
2025-08-19 07:57:47,054 - INFO - 📈 已处理600792 云煤能源 
2025-08-19 07:57:48,978 - INFO - 📈 已处理600793 宜宾纸业 
2025-08-19 07:57:50,833 - INFO - 📈 已处理600794 保税科技 
2025-08-19 07:57:52,716 - INFO - 📈 已处理600795 国电电力 
2025-08-19 07:57:54,565 - INFO - 📈 已处理600796 钱江生化 
2025-08-19 07:57:56,431 - INFO - 📈 已处理600797 浙大网新 
2025-08-19 07:57:58,344 - INFO - 📈 已处理600798 宁波海运 
2025-08-19 07:57:59,065 - INFO - 📈 已处理600799 *ST龙科 
2025-08-19 07:58:01,150 - INFO - 📈 已处理600800 渤海化学 
2025-08-19 07:58:03,224 - INFO - 📈 已处理600801 华新水泥 
2025-08-19 07:58:05,320 - INFO - 📈 已处理600802 福建水泥 
2025-08-19 07:58:07,376 - INFO - 📈 已处理600803 新奥股份 
2025-08-19 07:58:09,450 - INFO - 📈 已处理600804 退市鹏博 
2025-08-19 07:58:11,515 - INFO - 📈 已处理600805 悦达投资 
2025-08-19 07:58:13,148 - INFO - 📈 已处理600806 退市昆机 
2025-08-19 07:58:15,139 - INFO - 📈 已处理600807 济高发展 
2025-08-19 07:58:17,353 - INFO - 📈 已处理600808 马钢股份 
2025-08-19 07:58:19,512 - INFO - 📈 已处理600809 山西汾酒 
2025-08-19 07:58:21,613 - INFO - 📈 已处理600810 神马股份 
2025-08-19 07:58:23,636 - INFO - 📈 已处理600811 *ST东方 
2025-08-19 07:58:25,721 - INFO - 📈 已处理600812 华北制药 
2025-08-19 07:58:26,475 - INFO - 📈 已处理600813 ST鞍一工 
2025-08-19 07:58:28,592 - INFO - 📈 已处理600814 杭州解百 
2025-08-19 07:58:30,676 - INFO - 📈 已处理600815 厦工股份 
2025-08-19 07:58:32,656 - INFO - 📈 已处理600816 建元信托 
2025-08-19 07:58:34,440 - INFO - 📈 已处理600817 宇通重工 
2025-08-19 07:58:36,494 - INFO - 📈 已处理600818 中路股份 
2025-08-19 07:58:38,563 - INFO - 📈 已处理600819 耀皮玻璃 
2025-08-19 07:58:40,663 - INFO - 📈 已处理600820 隧道股份 
2025-08-19 07:58:42,718 - INFO - 📈 已处理600821 金开新能 
2025-08-19 07:58:42,718 - INFO - 📈 已处理 700/2646 只股票，成功 698 只
2025-08-19 07:58:44,758 - INFO - 📈 已处理600822 上海物贸 
2025-08-19 07:58:46,827 - INFO - 📈 已处理600823 *ST世茂 
2025-08-19 07:58:48,953 - INFO - 📈 已处理600824 益民集团 
2025-08-19 07:58:50,998 - INFO - 📈 已处理600825 新华传媒 
2025-08-19 07:58:53,133 - INFO - 📈 已处理600826 兰生股份 
2025-08-19 07:58:55,221 - INFO - 📈 已处理600827 百联股份 
2025-08-19 07:58:57,289 - INFO - 📈 已处理600828 茂业商业 
2025-08-19 07:58:59,308 - INFO - 📈 已处理600829 人民同泰 
2025-08-19 07:59:01,461 - INFO - 📈 已处理600830 香溢融通 
2025-08-19 07:59:03,527 - INFO - 📈 已处理600831 ST广网 
2025-08-19 07:59:05,055 - INFO - 📈 已处理600832 东方明珠 
2025-08-19 07:59:07,054 - INFO - 📈 已处理600833 第一医药 
2025-08-19 07:59:09,213 - INFO - 📈 已处理600834 申通地铁 
2025-08-19 07:59:11,273 - INFO - 📈 已处理600835 上海机电 
2025-08-19 07:59:13,341 - INFO - 📈 已处理600836 *ST易连 
2025-08-19 07:59:15,380 - INFO - 📈 已处理600837 海通证券 
2025-08-19 07:59:17,577 - INFO - 📈 已处理600838 上海九百 
2025-08-19 07:59:19,629 - INFO - 📈 已处理600839 四川长虹 
2025-08-19 07:59:20,770 - INFO - 📈 已处理600840 新湖创业 
2025-08-19 07:59:22,832 - INFO - 📈 已处理600841 动力新科 
2025-08-19 07:59:23,989 - INFO - 📈 已处理600842 中西药业 
2025-08-19 07:59:26,089 - INFO - 📈 已处理600843 上工申贝 
2025-08-19 07:59:28,138 - INFO - 📈 已处理600844 金煤科技 
2025-08-19 07:59:30,213 - INFO - 📈 已处理600845 宝信软件 
2025-08-19 07:59:32,284 - INFO - 📈 已处理600846 同济科技 
2025-08-19 07:59:34,291 - INFO - 📈 已处理600847 万里股份 
2025-08-19 07:59:36,298 - INFO - 📈 已处理600848 上海临港 
2025-08-19 07:59:37,724 - INFO - 📈 已处理600849 上药转换 
2025-08-19 07:59:39,739 - INFO - 📈 已处理600850 电科数字 
2025-08-19 07:59:41,864 - INFO - 📈 已处理600851 海欣股份 
2025-08-19 07:59:42,774 - INFO - 📈 已处理600852 *ST中川 
2025-08-19 07:59:44,843 - INFO - 📈 已处理600853 龙建股份 
2025-08-19 07:59:46,818 - INFO - 📈 已处理600854 春兰股份 
2025-08-19 07:59:48,803 - INFO - 📈 已处理600855 航天长峰 
2025-08-19 07:59:50,614 - INFO - 📈 已处理600856 退市中天 
2025-08-19 07:59:52,713 - INFO - 📈 已处理600857 宁波中百 
2025-08-19 07:59:54,737 - INFO - 📈 已处理600858 银座股份 
2025-08-19 07:59:56,804 - INFO - 📈 已处理600859 王府井 
2025-08-19 07:59:58,802 - INFO - 📈 已处理600860 京城股份 
2025-08-19 08:00:00,943 - INFO - 📈 已处理600861 北京人力 
2025-08-19 08:00:02,890 - INFO - 📈 已处理600862 中航高科 
2025-08-19 08:00:04,946 - INFO - 📈 已处理600863 内蒙华电 
2025-08-19 08:00:06,952 - INFO - 📈 已处理600864 哈投股份 
2025-08-19 08:00:09,031 - INFO - 📈 已处理600865 百大集团 
2025-08-19 08:00:11,013 - INFO - 📈 已处理600866 星湖科技 
2025-08-19 08:00:13,123 - INFO - 📈 已处理600867 通化东宝 
2025-08-19 08:00:15,137 - INFO - 📈 已处理600868 梅雁吉祥 
2025-08-19 08:00:17,164 - INFO - 📈 已处理600869 远东股份 
2025-08-19 08:00:18,885 - INFO - 📈 已处理600870 退市厦华 
2025-08-19 08:00:21,067 - INFO - 📈 已处理600871 石化油服 
2025-08-19 08:00:21,068 - INFO - 📈 已处理 750/2646 只股票，成功 748 只
2025-08-19 08:00:23,056 - INFO - 📈 已处理600872 中炬高新 
2025-08-19 08:00:25,118 - INFO - 📈 已处理600873 梅花生物 
2025-08-19 08:00:27,117 - INFO - 📈 已处理600874 创业环保 
2025-08-19 08:00:29,132 - INFO - 📈 已处理600875 东方电气 
2025-08-19 08:00:31,053 - INFO - 📈 已处理600876 凯盛新能 
2025-08-19 08:00:32,971 - INFO - 📈 已处理600877 电科芯片 
2025-08-19 08:00:33,699 - INFO - 📈 已处理600878 *ST北科 
2025-08-19 08:00:35,662 - INFO - 📈 已处理600879 航天电子 
2025-08-19 08:00:37,602 - INFO - 📈 已处理600880 博瑞传播 
2025-08-19 08:00:39,552 - INFO - 📈 已处理600881 亚泰集团 
2025-08-19 08:00:41,512 - INFO - 📈 已处理600882 妙可蓝多 
2025-08-19 08:00:43,472 - INFO - 📈 已处理600883 博闻科技 
2025-08-19 08:00:45,682 - INFO - 📈 已处理600884 杉杉股份 
2025-08-19 08:00:47,784 - INFO - 📈 已处理600885 宏发股份 
2025-08-19 08:00:49,822 - INFO - 📈 已处理600886 国投电力 
2025-08-19 08:00:51,970 - INFO - 📈 已处理600887 伊利股份 
2025-08-19 08:00:54,118 - INFO - 📈 已处理600888 新疆众和 
2025-08-19 08:00:56,282 - INFO - 📈 已处理600889 南京化纤 
2025-08-19 08:00:57,927 - INFO - 📈 已处理600890 退市中房 
2025-08-19 08:00:59,591 - INFO - 📈 已处理600891 退市秋林 
2025-08-19 08:01:01,503 - INFO - 📈 已处理600892 *ST大晟 
2025-08-19 08:01:03,385 - INFO - 📈 已处理600893 航发动力 
2025-08-19 08:01:05,430 - INFO - 📈 已处理600894 广日股份 
2025-08-19 08:01:07,446 - INFO - 📈 已处理600895 张江高科 
2025-08-19 08:01:09,226 - INFO - 📈 已处理600896 退市海医 
2025-08-19 08:01:11,194 - INFO - 📈 已处理600897 厦门空港 
2025-08-19 08:01:12,912 - INFO - 📈 已处理600898 *ST美讯 
2025-08-19 08:01:13,703 - INFO - 📈 已处理600899 *ST信联 
2025-08-19 08:01:15,184 - INFO - 📈 已处理600900 长江电力 
2025-08-19 08:01:15,885 - INFO - 📈 已处理600901 江苏金租 
2025-08-19 08:01:16,634 - INFO - 📈 已处理600903 贵州燃气 
2025-08-19 08:01:17,147 - INFO - 📈 已处理600905 三峡能源 
2025-08-19 08:01:17,673 - INFO - 📈 已处理600906 财达证券 
2025-08-19 08:01:18,799 - INFO - 📈 已处理600908 无锡银行 
2025-08-19 08:01:19,598 - INFO - 📈 已处理600909 华安证券 
2025-08-19 08:01:20,147 - INFO - 📈 已处理600916 中国黄金 
2025-08-19 08:01:21,107 - INFO - 📈 已处理600917 重庆燃气 
2025-08-19 08:01:21,652 - INFO - 📈 已处理600918 中泰证券 
2025-08-19 08:01:22,483 - INFO - 📈 已处理600919 江苏银行 
2025-08-19 08:01:22,893 - INFO - 📈 已处理600925 苏能股份 
2025-08-19 08:01:23,693 - INFO - 📈 已处理600926 杭州银行 
2025-08-19 08:01:24,177 - INFO - 📈 已处理600927 永安期货 
2025-08-19 08:01:24,828 - INFO - 📈 已处理600928 西安银行 
2025-08-19 08:01:25,541 - INFO - 📈 已处理600929 雪天盐业 
2025-08-19 08:01:25,795 - INFO - 📈 已处理600930 华电新能 
2025-08-19 08:01:26,545 - INFO - 📈 已处理600933 爱柯迪 
2025-08-19 08:01:27,016 - INFO - 📈 已处理600935 华塑股份 
2025-08-19 08:01:27,859 - INFO - 📈 已处理600936 广西广电 
2025-08-19 08:01:28,317 - INFO - 📈 已处理600938 中国海油 
2025-08-19 08:01:29,133 - INFO - 📈 已处理600939 重庆建工 
2025-08-19 08:01:29,133 - INFO - 📈 已处理 800/2646 只股票，成功 798 只
2025-08-19 08:01:29,603 - INFO - 📈 已处理600941 中国移动 
2025-08-19 08:01:30,072 - INFO - 📈 已处理600955 维远股份 
2025-08-19 08:01:30,653 - INFO - 📈 已处理600956 XD新天绿 
2025-08-19 08:01:31,573 - INFO - 📈 已处理600958 东方证券 
2025-08-19 08:01:32,456 - INFO - 📈 已处理600959 江苏有线 
2025-08-19 08:01:33,977 - INFO - 📈 已处理600960 渤海汽车 
2025-08-19 08:01:35,560 - INFO - 📈 已处理600961 株冶集团 
2025-08-19 08:01:37,273 - INFO - 📈 已处理600962 国投中鲁 
2025-08-19 08:01:38,813 - INFO - 📈 已处理600963 岳阳林纸 
2025-08-19 08:01:40,315 - INFO - 📈 已处理600965 福成股份 
2025-08-19 08:01:41,957 - INFO - 📈 已处理600966 博汇纸业 
2025-08-19 08:01:43,479 - INFO - 📈 已处理600967 内蒙一机 
2025-08-19 08:01:44,075 - INFO - 📈 已处理600968 海油发展 
2025-08-19 08:01:45,642 - INFO - 📈 已处理600969 郴电国际 
2025-08-19 08:01:47,148 - INFO - 📈 已处理600970 中材国际 
2025-08-19 08:01:48,672 - INFO - 📈 已处理600971 恒源煤电 
2025-08-19 08:01:50,206 - INFO - 📈 已处理600973 宝胜股份 
2025-08-19 08:01:51,742 - INFO - 📈 已处理600975 新五丰 
2025-08-19 08:01:53,287 - INFO - 📈 已处理600976 健民集团 
2025-08-19 08:01:54,142 - INFO - 📈 已处理600977 中国电影 
2025-08-19 08:01:55,400 - INFO - 📈 已处理600978 *ST宜生 
2025-08-19 08:01:56,904 - INFO - 📈 已处理600979 广安爱众 
2025-08-19 08:01:58,455 - INFO - 📈 已处理600980 北矿科技 
2025-08-19 08:02:00,021 - INFO - 📈 已处理600981 汇鸿集团 
2025-08-19 08:02:01,753 - INFO - 📈 已处理600982 宁波能源 
2025-08-19 08:02:03,220 - INFO - 📈 已处理600983 惠而浦 
2025-08-19 08:02:04,789 - INFO - 📈 已处理600984 建设机械 
2025-08-19 08:02:06,262 - INFO - 📈 已处理600985 淮北矿业 
2025-08-19 08:02:07,767 - INFO - 📈 已处理600986 浙文互联 
2025-08-19 08:02:09,335 - INFO - 📈 已处理600987 航民股份 
2025-08-19 08:02:10,887 - INFO - 📈 已处理600988 赤峰黄金 
2025-08-19 08:02:11,531 - INFO - 📈 已处理600989 宝丰能源 
2025-08-19 08:02:13,094 - INFO - 📈 已处理600990 四创电子 
2025-08-19 08:02:13,760 - INFO - 📈 已处理600991 广汽长丰 
2025-08-19 08:02:15,294 - INFO - 📈 已处理600992 贵绳股份 
2025-08-19 08:02:16,919 - INFO - 📈 已处理600993 马应龙 
2025-08-19 08:02:18,445 - INFO - 📈 已处理600995 南网储能 
2025-08-19 08:02:19,245 - INFO - 📈 已处理600996 贵广网络 
2025-08-19 08:02:20,787 - INFO - 📈 已处理600997 开滦股份 
2025-08-19 08:02:21,942 - INFO - 📈 已处理600998 九州通 
2025-08-19 08:02:23,173 - INFO - 📈 已处理600999 招商证券 
2025-08-19 08:02:24,326 - INFO - 📈 已处理601000 唐山港 
2025-08-19 08:02:25,752 - INFO - 📈 已处理601001 晋控煤业 
2025-08-19 08:02:27,132 - INFO - 📈 已处理601002 晋亿实业 
2025-08-19 08:02:28,512 - INFO - 📈 已处理601003 柳钢股份 
2025-08-19 08:02:29,814 - INFO - 📈 已处理601005 重庆钢铁 
2025-08-19 08:02:31,385 - INFO - 📈 已处理601006 大秦铁路 
2025-08-19 08:02:32,760 - INFO - 📈 已处理601007 金陵饭店 
2025-08-19 08:02:34,141 - INFO - 📈 已处理601008 连云港 
2025-08-19 08:02:35,600 - INFO - 📈 已处理601009 南京银行 
2025-08-19 08:02:35,600 - INFO - 📈 已处理 850/2646 只股票，成功 848 只
2025-08-19 08:02:36,730 - INFO - 📈 已处理601010 文峰股份 
2025-08-19 08:02:37,841 - INFO - 📈 已处理601011 宝泰隆 
2025-08-19 08:02:38,909 - INFO - 📈 已处理601012 隆基绿能 
2025-08-19 08:02:39,865 - INFO - 📈 已处理601015 陕西黑猫 
2025-08-19 08:02:40,803 - INFO - 📈 已处理601016 节能风电 
2025-08-19 08:02:41,904 - INFO - 📈 已处理601018 宁波港 
2025-08-19 08:02:42,624 - INFO - 📈 已处理601019 山东出版 
2025-08-19 08:02:43,487 - INFO - 📈 已处理601020 华钰矿业 
2025-08-19 08:02:44,380 - INFO - 📈 已处理601021 春秋航空 
2025-08-19 08:02:44,817 - INFO - 📈 已处理601022 宁波远洋 
2025-08-19 08:02:45,886 - INFO - 📈 已处理601028 玉龙股份 
2025-08-19 08:02:46,247 - INFO - 📈 已处理601033 永兴股份 
2025-08-19 08:02:47,280 - INFO - 📈 已处理601038 一拖股份 
2025-08-19 08:02:48,425 - INFO - 📈 已处理601058 赛轮轮胎 
2025-08-19 08:02:48,855 - INFO - 📈 已处理601059 信达证券 
2025-08-19 08:02:49,258 - INFO - 📈 已处理601061 中信金属 
2025-08-19 08:02:49,650 - INFO - 📈 已处理601065 江盐集团 
2025-08-19 08:02:50,355 - INFO - 📈 已处理601066 中信建投 
2025-08-19 08:02:51,014 - INFO - 📈 已处理601068 中铝国际 
2025-08-19 08:02:51,907 - INFO - 📈 已处理601069 西部黄金 
2025-08-19 08:02:52,504 - INFO - 📈 已处理601077 渝农商行 
2025-08-19 08:02:52,881 - INFO - 📈 已处理601083 锦江航运 
2025-08-19 08:02:53,609 - INFO - 📈 已处理601086 国芳集团 
2025-08-19 08:02:54,950 - INFO - 📈 已处理601088 中国神华 
2025-08-19 08:02:55,403 - INFO - 📈 已处理601089 福元医药 
2025-08-19 08:02:55,764 - INFO - 📈 已处理601096 宏盛华源 
2025-08-19 08:02:56,921 - INFO - 📈 已处理601098 中南传媒 
2025-08-19 08:02:58,256 - INFO - 📈 已处理601099 太平洋 
2025-08-19 08:02:59,387 - INFO - 📈 已处理601100 恒立液压 
2025-08-19 08:03:00,607 - INFO - 📈 已处理601101 昊华能源 
2025-08-19 08:03:01,833 - INFO - 📈 已处理601106 中国一重 
2025-08-19 08:03:03,056 - INFO - 📈 已处理601107 四川成渝 
2025-08-19 08:03:03,792 - INFO - 📈 已处理601108 财通证券 
2025-08-19 08:03:05,275 - INFO - 📈 已处理601111 中国国航 
2025-08-19 08:03:06,363 - INFO - 📈 已处理601113 华鼎股份 
2025-08-19 08:03:07,509 - INFO - 📈 已处理601116 三江购物 
2025-08-19 08:03:08,769 - INFO - 📈 已处理601117 中国化学 
2025-08-19 08:03:09,860 - INFO - 📈 已处理601118 海南橡胶 
2025-08-19 08:03:10,269 - INFO - 📈 已处理601121 宝地矿业 
2025-08-19 08:03:11,397 - INFO - 📈 已处理601126 四方股份 
2025-08-19 08:03:12,182 - INFO - 📈 已处理601127 赛力斯 
2025-08-19 08:03:13,036 - INFO - 📈 已处理601128 常熟银行 
2025-08-19 08:03:13,438 - INFO - 📈 已处理601133 柏诚股份 
2025-08-19 08:03:13,874 - INFO - 📈 已处理601136 首创证券 
2025-08-19 08:03:15,035 - INFO - 📈 已处理601137 博威合金 
2025-08-19 08:03:15,725 - INFO - 📈 已处理601138 工业富联 
2025-08-19 08:03:16,976 - INFO - 📈 已处理601139 深圳燃气 
2025-08-19 08:03:17,826 - INFO - 📈 已处理601155 新城控股 
2025-08-19 08:03:18,328 - INFO - 📈 已处理601156 东航物流 
2025-08-19 08:03:19,551 - INFO - 📈 已处理601158 重庆水务 
2025-08-19 08:03:19,551 - INFO - 📈 已处理 900/2646 只股票，成功 898 只
2025-08-19 08:03:20,247 - INFO - 📈 已处理601162 天风证券 
2025-08-19 08:03:21,081 - INFO - 📈 已处理601163 三角轮胎 
2025-08-19 08:03:22,467 - INFO - 📈 已处理601166 兴业银行 
2025-08-19 08:03:23,816 - INFO - 📈 已处理601168 西部矿业 
2025-08-19 08:03:25,196 - INFO - 📈 已处理601169 北京银行 
2025-08-19 08:03:26,325 - INFO - 📈 已处理601177 杭齿前进 
2025-08-19 08:03:27,608 - INFO - 📈 已处理601179 中国西电 
2025-08-19 08:03:29,007 - INFO - 📈 已处理601186 中国铁建 
2025-08-19 08:03:29,525 - INFO - 📈 已处理601187 厦门银行 
2025-08-19 08:03:30,699 - INFO - 📈 已处理601188 龙江交通 
2025-08-19 08:03:31,609 - INFO - 📈 已处理601198 东兴证券 
2025-08-19 08:03:32,787 - INFO - 📈 已处理601199 江南水务 
2025-08-19 08:03:33,553 - INFO - 📈 已处理601200 上海环境 
2025-08-19 08:03:34,651 - INFO - 📈 已处理601208 东材科技 
2025-08-19 08:03:35,529 - INFO - 📈 已处理601211 国泰海通 
2025-08-19 08:03:36,250 - INFO - 📈 已处理601212 白银有色 
2025-08-19 08:03:37,379 - INFO - 📈 已处理601216 君正集团 
2025-08-19 08:03:38,460 - INFO - 📈 已处理601218 吉鑫科技 
2025-08-19 08:03:39,528 - INFO - 📈 已处理601222 林洋能源 
2025-08-19 08:03:40,484 - INFO - 📈 已处理601225 陕西煤业 
2025-08-19 08:03:41,424 - INFO - 📈 已处理601226 华电科工 
2025-08-19 08:03:42,178 - INFO - 📈 已处理601228 广州港 
2025-08-19 08:03:42,946 - INFO - 📈 已处理601229 上海银行 
2025-08-19 08:03:43,996 - INFO - 📈 已处理601231 环旭电子 
2025-08-19 08:03:45,124 - INFO - 📈 已处理601233 桐昆股份 
2025-08-19 08:03:45,737 - INFO - 📈 已处理601236 红塔证券 
2025-08-19 08:03:46,756 - INFO - 📈 已处理601238 广汽集团 
2025-08-19 08:03:47,728 - INFO - 📈 已处理601258 *ST庞大 
2025-08-19 08:03:48,215 - INFO - 📈 已处理601268 *ST二重 
2025-08-19 08:03:48,740 - INFO - 📈 已处理601279 英利汽车 
2025-08-19 08:03:49,844 - INFO - 📈 已处理601288 农业银行 
2025-08-19 08:03:50,486 - INFO - 📈 已处理601298 青岛港 
2025-08-19 08:03:51,021 - INFO - 📈 已处理601299 中国北车 
2025-08-19 08:03:52,119 - INFO - 📈 已处理601311 骆驼股份 
2025-08-19 08:03:53,494 - INFO - 📈 已处理601318 中国平安 
2025-08-19 08:03:54,134 - INFO - 📈 已处理601319 中国人保 
2025-08-19 08:03:54,863 - INFO - 📈 已处理601326 秦港股份 
2025-08-19 08:03:56,212 - INFO - 📈 已处理601328 交通银行 
2025-08-19 08:03:56,911 - INFO - 📈 已处理601330 绿色动力 
2025-08-19 08:03:58,282 - INFO - 📈 已处理601333 广深铁路 
2025-08-19 08:03:59,331 - INFO - 📈 已处理601336 新华保险 
2025-08-19 08:04:00,382 - INFO - 📈 已处理601339 百隆东方 
2025-08-19 08:04:01,431 - INFO - 📈 已处理601360 三六零 
2025-08-19 08:04:02,954 - INFO - 📈 已处理601366 利群股份 
2025-08-19 08:04:03,801 - INFO - 📈 已处理601368 绿城水务 
2025-08-19 08:04:04,993 - INFO - 📈 已处理601369 陕鼓动力 
2025-08-19 08:04:05,746 - INFO - 📈 已处理601375 中原证券 
2025-08-19 08:04:06,874 - INFO - 📈 已处理601377 兴业证券 
2025-08-19 08:04:07,878 - INFO - 📈 已处理601388 怡球资源 
2025-08-19 08:04:09,884 - INFO - 📈 已处理601390 中国中铁 
2025-08-19 08:04:09,884 - INFO - 📈 已处理 950/2646 只股票，成功 948 只
2025-08-19 08:04:11,296 - INFO - 📈 已处理601398 工商银行 
2025-08-19 08:04:11,830 - INFO - 📈 已处理601399 国机重装 
2025-08-19 08:04:12,361 - INFO - 📈 已处理601456 国联民生 
2025-08-19 08:04:13,207 - INFO - 📈 已处理601500 通用股份 
2025-08-19 08:04:13,788 - INFO - 📈 已处理601512 中新集团 
2025-08-19 08:04:14,870 - INFO - 📈 已处理601515 东峰集团 
2025-08-19 08:04:16,015 - INFO - 📈 已处理601518 吉林高速 
2025-08-19 08:04:17,120 - INFO - 📈 已处理601519 大智慧 
2025-08-19 08:04:17,598 - INFO - 📈 已处理601528 瑞丰银行 
2025-08-19 08:04:18,759 - INFO - 📈 已处理601555 东吴证券 
2025-08-19 08:04:19,580 - INFO - 📈 已处理601558 退市锐电 
2025-08-19 08:04:20,706 - INFO - 📈 已处理601566 九牧王 
2025-08-19 08:04:21,786 - INFO - 📈 已处理601567 三星医疗 
2025-08-19 08:04:22,303 - INFO - 📈 已处理601568 北元集团 
2025-08-19 08:04:22,961 - INFO - 📈 已处理601577 长沙银行 
2025-08-19 08:04:23,902 - INFO - 📈 已处理601579 会稽山 
2025-08-19 08:04:25,337 - INFO - 📈 已处理601588 北辰实业 
2025-08-19 08:04:26,145 - INFO - 📈 已处理601595 上海电影 
2025-08-19 08:04:26,787 - INFO - 📈 已处理601598 中国外运 
2025-08-19 08:04:27,838 - INFO - 📈 已处理601599 浙文影业 
2025-08-19 08:04:29,170 - INFO - 📈 已处理601600 中国铝业 
2025-08-19 08:04:30,436 - INFO - 📈 已处理601601 中国太保 
2025-08-19 08:04:31,084 - INFO - 📈 已处理601606 长城军工 
2025-08-19 08:04:33,101 - INFO - 📈 已处理601607 上海医药 
2025-08-19 08:04:34,063 - INFO - 📈 已处理601608 中信重工 
2025-08-19 08:04:34,612 - INFO - 📈 已处理601609 金田股份 
2025-08-19 08:04:35,396 - INFO - 📈 已处理601611 中国核建 
2025-08-19 08:04:36,021 - INFO - 📈 已处理601615 明阳智能 
2025-08-19 08:04:37,118 - INFO - 📈 已处理601616 广电电气 
2025-08-19 08:04:38,250 - INFO - 📈 已处理601618 中国中冶 
2025-08-19 08:04:38,947 - INFO - 📈 已处理601619 嘉泽新能 
2025-08-19 08:04:40,688 - INFO - 📈 已处理601628 中国人寿 
2025-08-19 08:04:41,751 - INFO - 📈 已处理601633 长城汽车 
2025-08-19 08:04:42,797 - INFO - 📈 已处理601636 旗滨集团 
2025-08-19 08:04:43,363 - INFO - 📈 已处理601658 邮储银行 
2025-08-19 08:04:43,833 - INFO - 📈 已处理601665 齐鲁银行 
2025-08-19 08:04:45,355 - INFO - 📈 已处理601666 平煤股份 
2025-08-19 08:04:46,513 - INFO - 📈 已处理601668 中国建筑 
2025-08-19 08:04:47,532 - INFO - 📈 已处理601669 中国电建 
2025-08-19 08:04:48,580 - INFO - 📈 已处理601677 明泰铝业 
2025-08-19 08:04:49,713 - INFO - 📈 已处理601678 滨化股份 
2025-08-19 08:04:50,246 - INFO - 📈 已处理601686 友发集团 
2025-08-19 08:04:51,389 - INFO - 📈 已处理601688 华泰证券 
2025-08-19 08:04:52,252 - INFO - 📈 已处理601689 拓普集团 
2025-08-19 08:04:52,845 - INFO - 📈 已处理601696 中银证券 
2025-08-19 08:04:53,447 - INFO - 📈 已处理601698 中国卫通 
2025-08-19 08:04:54,808 - INFO - 📈 已处理601699 潞安环能 
2025-08-19 08:04:55,827 - INFO - 📈 已处理601700 风范股份 
2025-08-19 08:04:56,360 - INFO - 📈 已处理601702 华峰铝业 
2025-08-19 08:04:57,457 - INFO - 📈 已处理601717 中创智领 
2025-08-19 08:04:57,470 - INFO - 📈 已处理 1000/2646 只股票，成功 998 只
2025-08-19 08:04:58,602 - INFO - 📈 已处理601718 际华集团 
2025-08-19 08:04:59,779 - INFO - 📈 已处理601727 上海电气 
2025-08-19 08:05:00,282 - INFO - 📈 已处理601728 中国电信 
2025-08-19 08:05:01,582 - INFO - 📈 已处理601766 中国中车 
2025-08-19 08:05:02,727 - INFO - 📈 已处理601777 千里科技 
2025-08-19 08:05:03,291 - INFO - 📈 已处理601778 晶科科技 
2025-08-19 08:05:04,482 - INFO - 📈 已处理601788 光大证券 
2025-08-19 08:05:05,519 - INFO - 📈 已处理601789 宁波建工 
2025-08-19 08:05:06,568 - INFO - 📈 已处理601798 蓝科高新 
2025-08-19 08:05:07,698 - INFO - 📈 已处理601799 星宇股份 
2025-08-19 08:05:08,772 - INFO - 📈 已处理601800 中国交建 
2025-08-19 08:05:09,934 - INFO - 📈 已处理601801 皖新传媒 
2025-08-19 08:05:11,225 - INFO - 📈 已处理601808 中海油服 
2025-08-19 08:05:11,994 - INFO - 📈 已处理601811 新华文轩 
2025-08-19 08:05:12,563 - INFO - 📈 已处理601816 京沪高铁 
2025-08-19 08:05:13,655 - INFO - 📈 已处理601818 光大银行 
2025-08-19 08:05:14,149 - INFO - 📈 已处理601825 沪农商行 
2025-08-19 08:05:14,698 - INFO - 📈 已处理601827 三峰环境 
2025-08-19 08:05:15,380 - INFO - 📈 已处理601828 美凯龙 
2025-08-19 08:05:16,055 - INFO - 📈 已处理601838 成都银行 
2025-08-19 08:05:17,394 - INFO - 📈 已处理601857 中国石油 
2025-08-19 08:05:18,203 - INFO - 📈 已处理601858 中国科传 
2025-08-19 08:05:18,847 - INFO - 📈 已处理601860 紫金银行 
2025-08-19 08:05:19,472 - INFO - 📈 已处理601865 福莱特 
2025-08-19 08:05:20,740 - INFO - 📈 已处理601866 中远海发 
2025-08-19 08:05:21,211 - INFO - 📈 已处理601868 中国能建 
2025-08-19 08:05:21,872 - INFO - 📈 已处理601869 长飞光纤 
2025-08-19 08:05:23,189 - INFO - 📈 已处理601872 招商轮船 
2025-08-19 08:05:24,333 - INFO - 📈 已处理601877 正泰电器 
2025-08-19 08:05:25,112 - INFO - 📈 已处理601878 浙商证券 
2025-08-19 08:05:26,207 - INFO - 📈 已处理601880 辽港股份 
2025-08-19 08:05:26,967 - INFO - 📈 已处理601881 中国银河 
2025-08-19 08:05:27,737 - INFO - 📈 已处理601882 海天精工 
2025-08-19 08:05:28,820 - INFO - 📈 已处理601886 江河集团 
2025-08-19 08:05:29,962 - INFO - 📈 已处理601888 中国中免 
2025-08-19 08:05:31,045 - INFO - 📈 已处理601890 亚星锚链 
2025-08-19 08:05:32,315 - INFO - 📈 已处理601898 中煤能源 
2025-08-19 08:05:33,601 - INFO - 📈 已处理601899 紫金矿业 
2025-08-19 08:05:34,385 - INFO - 📈 已处理601900 南方传媒 
2025-08-19 08:05:35,419 - INFO - 📈 已处理601901 方正证券 
2025-08-19 08:05:36,454 - INFO - 📈 已处理601908 京运通 
2025-08-19 08:05:37,044 - INFO - 📈 已处理601916 浙商银行 
2025-08-19 08:05:38,304 - INFO - 📈 已处理601918 新集能源 
2025-08-19 08:05:39,623 - INFO - 📈 已处理601919 中远海控 
2025-08-19 08:05:40,113 - INFO - 📈 已处理601921 浙版传媒 
2025-08-19 08:05:41,171 - INFO - 📈 已处理601928 凤凰传媒 
2025-08-19 08:05:42,193 - INFO - 📈 已处理601929 吉视传媒 
2025-08-19 08:05:43,259 - INFO - 📈 已处理601933 永辉超市 
2025-08-19 08:05:44,637 - INFO - 📈 已处理601939 建设银行 
2025-08-19 08:05:45,368 - INFO - 📈 已处理601949 中国出版 
2025-08-19 08:05:45,368 - INFO - 📈 已处理 1050/2646 只股票，成功 1048 只
2025-08-19 08:05:46,113 - INFO - 📈 已处理601952 苏垦农发 
2025-08-19 08:05:46,630 - INFO - 📈 已处理601956 东贝集团 
2025-08-19 08:05:48,036 - INFO - 📈 已处理601958 金钼股份 
2025-08-19 08:05:48,577 - INFO - 📈 已处理601963 重庆银行 
2025-08-19 08:05:48,791 - WARNING - ⚠️ 601965 中国汽研 K线更新失败: ('Connection aborted.', RemoteDisconnected('Remote end closed connection without response'))
2025-08-19 08:05:49,002 - WARNING - ⚠️ 601966 玲珑轮胎 K线更新失败: ('Connection aborted.', RemoteDisconnected('Remote end closed connection without response'))
2025-08-19 08:05:49,219 - WARNING - ⚠️ 601968 宝钢包装 K线更新失败: ('Connection aborted.', RemoteDisconnected('Remote end closed connection without response'))
2025-08-19 08:05:49,440 - WARNING - ⚠️ 601969 海南矿业 K线更新失败: ('Connection aborted.', RemoteDisconnected('Remote end closed connection without response'))
2025-08-19 08:05:49,659 - WARNING - ⚠️ 601975 招商南油 K线更新失败: ('Connection aborted.', RemoteDisconnected('Remote end closed connection without response'))
2025-08-19 08:05:49,877 - WARNING - ⚠️ 601985 中国核电 K线更新失败: ('Connection aborted.', RemoteDisconnected('Remote end closed connection without response'))
2025-08-19 08:05:50,097 - WARNING - ⚠️ 601988 中国银行 K线更新失败: ('Connection aborted.', RemoteDisconnected('Remote end closed connection without response'))
2025-08-19 08:05:50,300 - WARNING - ⚠️ 601989 中国重工 K线更新失败: ('Connection aborted.', RemoteDisconnected('Remote end closed connection without response'))
2025-08-19 08:05:50,520 - WARNING - ⚠️ 601990 南京证券 K线更新失败: ('Connection aborted.', RemoteDisconnected('Remote end closed connection without response'))
2025-08-19 08:05:50,739 - WARNING - ⚠️ 601991 大唐发电 K线更新失败: ('Connection aborted.', RemoteDisconnected('Remote end closed connection without response'))
2025-08-19 08:05:50,958 - WARNING - ⚠️ 601992 金隅集团 K线更新失败: ('Connection aborted.', RemoteDisconnected('Remote end closed connection without response'))
2025-08-19 08:05:51,162 - WARNING - ⚠️ 601995 中金公司 K线更新失败: ('Connection aborted.', RemoteDisconnected('Remote end closed connection without response'))
2025-08-19 08:05:51,382 - WARNING - ⚠️ 601996 丰林集团 K线更新失败: ('Connection aborted.', RemoteDisconnected('Remote end closed connection without response'))
2025-08-19 08:05:51,586 - WARNING - ⚠️ 601997 贵阳银行 K线更新失败: ('Connection aborted.', RemoteDisconnected('Remote end closed connection without response'))
2025-08-19 08:05:51,820 - WARNING - ⚠️ 601998 中信银行 K线更新失败: ('Connection aborted.', RemoteDisconnected('Remote end closed connection without response'))
2025-08-19 08:05:52,024 - WARNING - ⚠️ 601999 出版传媒 K线更新失败: ('Connection aborted.', RemoteDisconnected('Remote end closed connection without response'))
2025-08-19 08:05:52,244 - WARNING - ⚠️ 603000 人民网 K线更新失败: ('Connection aborted.', RemoteDisconnected('Remote end closed connection without response'))
2025-08-19 08:05:52,464 - WARNING - ⚠️ 603001 奥康国际 K线更新失败: ('Connection aborted.', RemoteDisconnected('Remote end closed connection without response'))
2025-08-19 08:05:52,681 - WARNING - ⚠️ 603002 宏昌电子 K线更新失败: ('Connection aborted.', RemoteDisconnected('Remote end closed connection without response'))
2025-08-19 08:05:52,906 - WARNING - ⚠️ 603003 退市龙宇 K线更新失败: ('Connection aborted.', RemoteDisconnected('Remote end closed connection without response'))
2025-08-19 08:05:53,133 - WARNING - ⚠️ 603004 鼎龙科技 K线更新失败: ('Connection aborted.', RemoteDisconnected('Remote end closed connection without response'))
2025-08-19 08:05:53,355 - WARNING - ⚠️ 603005 晶方科技 K线更新失败: ('Connection aborted.', RemoteDisconnected('Remote end closed connection without response'))
2025-08-19 08:05:53,580 - WARNING - ⚠️ 603006 联明股份 K线更新失败: ('Connection aborted.', RemoteDisconnected('Remote end closed connection without response'))
2025-08-19 08:05:53,786 - WARNING - ⚠️ 603007 *ST花王 K线更新失败: ('Connection aborted.', RemoteDisconnected('Remote end closed connection without response'))
2025-08-19 08:05:54,016 - WARNING - ⚠️ 603008 喜临门 K线更新失败: ('Connection aborted.', RemoteDisconnected('Remote end closed connection without response'))
2025-08-19 08:05:54,236 - WARNING - ⚠️ 603009 北特科技 K线更新失败: ('Connection aborted.', RemoteDisconnected('Remote end closed connection without response'))
2025-08-19 08:05:54,455 - WARNING - ⚠️ 603010 万盛股份 K线更新失败: ('Connection aborted.', RemoteDisconnected('Remote end closed connection without response'))
2025-08-19 08:05:54,675 - WARNING - ⚠️ 603011 合锻智能 K线更新失败: ('Connection aborted.', RemoteDisconnected('Remote end closed connection without response'))
2025-08-19 08:05:54,896 - WARNING - ⚠️ 603012 创力集团 K线更新失败: ('Connection aborted.', RemoteDisconnected('Remote end closed connection without response'))
2025-08-19 08:05:55,113 - WARNING - ⚠️ 603013 亚普股份 K线更新失败: ('Connection aborted.', RemoteDisconnected('Remote end closed connection without response'))
2025-08-19 08:05:55,317 - WARNING - ⚠️ 603014 威高血净 K线更新失败: ('Connection aborted.', RemoteDisconnected('Remote end closed connection without response'))
2025-08-19 08:05:55,538 - WARNING - ⚠️ 603015 弘讯科技 K线更新失败: ('Connection aborted.', RemoteDisconnected('Remote end closed connection without response'))
2025-08-19 08:05:55,774 - WARNING - ⚠️ 603016 新宏泰 K线更新失败: ('Connection aborted.', RemoteDisconnected('Remote end closed connection without response'))
2025-08-19 08:05:55,997 - WARNING - ⚠️ 603017 中衡设计 K线更新失败: ('Connection aborted.', RemoteDisconnected('Remote end closed connection without response'))
2025-08-19 08:05:56,211 - WARNING - ⚠️ 603018 华设集团 K线更新失败: ('Connection aborted.', RemoteDisconnected('Remote end closed connection without response'))
2025-08-19 08:05:56,433 - WARNING - ⚠️ 603019 中科曙光 K线更新失败: ('Connection aborted.', RemoteDisconnected('Remote end closed connection without response'))
2025-08-19 08:05:56,655 - WARNING - ⚠️ 603020 爱普股份 K线更新失败: ('Connection aborted.', RemoteDisconnected('Remote end closed connection without response'))
2025-08-19 08:05:56,870 - WARNING - ⚠️ 603021 ST华鹏 K线更新失败: ('Connection aborted.', RemoteDisconnected('Remote end closed connection without response'))
2025-08-19 08:05:57,090 - WARNING - ⚠️ 603022 新通联 K线更新失败: ('Connection aborted.', RemoteDisconnected('Remote end closed connection without response'))
2025-08-19 08:05:57,305 - WARNING - ⚠️ 603023 威帝股份 K线更新失败: ('Connection aborted.', RemoteDisconnected('Remote end closed connection without response'))
2025-08-19 08:05:57,525 - WARNING - ⚠️ 603025 大豪科技 K线更新失败: ('Connection aborted.', RemoteDisconnected('Remote end closed connection without response'))
2025-08-19 08:05:57,732 - WARNING - ⚠️ 603026 石大胜华 K线更新失败: ('Connection aborted.', RemoteDisconnected('Remote end closed connection without response'))
2025-08-19 08:05:57,968 - WARNING - ⚠️ 603027 千禾味业 K线更新失败: ('Connection aborted.', RemoteDisconnected('Remote end closed connection without response'))
2025-08-19 08:05:58,188 - WARNING - ⚠️ 603028 赛福天 K线更新失败: ('Connection aborted.', RemoteDisconnected('Remote end closed connection without response'))
2025-08-19 08:05:58,407 - WARNING - ⚠️ 603029 天鹅股份 K线更新失败: ('Connection aborted.', RemoteDisconnected('Remote end closed connection without response'))
2025-08-19 08:05:58,612 - WARNING - ⚠️ 603030 全筑股份 K线更新失败: ('Connection aborted.', RemoteDisconnected('Remote end closed connection without response'))
2025-08-19 08:05:58,814 - WARNING - ⚠️ 603031 安孚科技 K线更新失败: ('Connection aborted.', RemoteDisconnected('Remote end closed connection without response'))
2025-08-19 08:05:59,034 - WARNING - ⚠️ 603032 德新科技 K线更新失败: ('Connection aborted.', RemoteDisconnected('Remote end closed connection without response'))
2025-08-19 08:05:59,253 - WARNING - ⚠️ 603033 三维股份 K线更新失败: ('Connection aborted.', RemoteDisconnected('Remote end closed connection without response'))
2025-08-19 08:05:59,473 - WARNING - ⚠️ 603035 常熟汽饰 K线更新失败: ('Connection aborted.', RemoteDisconnected('Remote end closed connection without response'))
2025-08-19 08:05:59,693 - WARNING - ⚠️ 603036 如通股份 K线更新失败: ('Connection aborted.', RemoteDisconnected('Remote end closed connection without response'))
2025-08-19 08:05:59,911 - WARNING - ⚠️ 603037 凯众股份 K线更新失败: ('Connection aborted.', RemoteDisconnected('Remote end closed connection without response'))
2025-08-19 08:06:00,115 - WARNING - ⚠️ 603038 华立股份 K线更新失败: ('Connection aborted.', RemoteDisconnected('Remote end closed connection without response'))
2025-08-19 08:06:00,336 - WARNING - ⚠️ 603039 泛微网络 K线更新失败: ('Connection aborted.', RemoteDisconnected('Remote end closed connection without response'))
2025-08-19 08:06:00,553 - WARNING - ⚠️ 603040 新坐标 K线更新失败: ('Connection aborted.', RemoteDisconnected('Remote end closed connection without response'))
2025-08-19 08:06:00,767 - WARNING - ⚠️ 603041 美思德 K线更新失败: ('Connection aborted.', RemoteDisconnected('Remote end closed connection without response'))
2025-08-19 08:06:00,985 - WARNING - ⚠️ 603042 华脉科技 K线更新失败: ('Connection aborted.', RemoteDisconnected('Remote end closed connection without response'))
2025-08-19 08:06:01,196 - WARNING - ⚠️ 603043 广州酒家 K线更新失败: ('Connection aborted.', RemoteDisconnected('Remote end closed connection without response'))
2025-08-19 08:06:01,432 - WARNING - ⚠️ 603045 福达合金 K线更新失败: ('Connection aborted.', RemoteDisconnected('Remote end closed connection without response'))
2025-08-19 08:06:01,652 - WARNING - ⚠️ 603048 浙江黎明 K线更新失败: ('Connection aborted.', RemoteDisconnected('Remote end closed connection without response'))
2025-08-19 08:06:01,872 - WARNING - ⚠️ 603049 中策橡胶 K线更新失败: ('Connection aborted.', RemoteDisconnected('Remote end closed connection without response'))
2025-08-19 08:06:02,092 - WARNING - ⚠️ 603050 科林电气 K线更新失败: ('Connection aborted.', RemoteDisconnected('Remote end closed connection without response'))
2025-08-19 08:06:02,296 - WARNING - ⚠️ 603051 鹿山新材 K线更新失败: ('Connection aborted.', RemoteDisconnected('Remote end closed connection without response'))
2025-08-19 08:06:02,530 - WARNING - ⚠️ 603052 可川科技 K线更新失败: ('Connection aborted.', RemoteDisconnected('Remote end closed connection without response'))
2025-08-19 08:06:02,753 - WARNING - ⚠️ 603053 成都燃气 K线更新失败: ('Connection aborted.', RemoteDisconnected('Remote end closed connection without response'))
2025-08-19 08:06:02,955 - WARNING - ⚠️ 603055 台华新材 K线更新失败: ('Connection aborted.', RemoteDisconnected('Remote end closed connection without response'))
2025-08-19 08:06:03,159 - WARNING - ⚠️ 603056 德邦股份 K线更新失败: ('Connection aborted.', RemoteDisconnected('Remote end closed connection without response'))
2025-08-19 08:06:03,379 - WARNING - ⚠️ 603057 紫燕食品 K线更新失败: ('Connection aborted.', RemoteDisconnected('Remote end closed connection without response'))
2025-08-19 08:06:03,595 - WARNING - ⚠️ 603058 永吉股份 K线更新失败: ('Connection aborted.', RemoteDisconnected('Remote end closed connection without response'))
2025-08-19 08:06:03,815 - WARNING - ⚠️ 603059 倍加洁 K线更新失败: ('Connection aborted.', RemoteDisconnected('Remote end closed connection without response'))
2025-08-19 08:06:04,037 - WARNING - ⚠️ 603060 国检集团 K线更新失败: ('Connection aborted.', RemoteDisconnected('Remote end closed connection without response'))
2025-08-19 08:06:04,257 - WARNING - ⚠️ 603061 金海通 K线更新失败: ('Connection aborted.', RemoteDisconnected('Remote end closed connection without response'))
2025-08-19 08:06:04,478 - WARNING - ⚠️ 603062 麦加芯彩 K线更新失败: ('Connection aborted.', RemoteDisconnected('Remote end closed connection without response'))
2025-08-19 08:06:04,699 - WARNING - ⚠️ 603063 禾望电气 K线更新失败: ('Connection aborted.', RemoteDisconnected('Remote end closed connection without response'))
2025-08-19 08:06:04,920 - WARNING - ⚠️ 603065 宿迁联盛 K线更新失败: ('Connection aborted.', RemoteDisconnected('Remote end closed connection without response'))
2025-08-19 08:06:05,148 - WARNING - ⚠️ 603066 音飞储存 K线更新失败: ('Connection aborted.', RemoteDisconnected('Remote end closed connection without response'))
2025-08-19 08:06:05,368 - WARNING - ⚠️ 603067 振华股份 K线更新失败: ('Connection aborted.', RemoteDisconnected('Remote end closed connection without response'))
2025-08-19 08:06:05,587 - WARNING - ⚠️ 603068 博通集成 K线更新失败: ('Connection aborted.', RemoteDisconnected('Remote end closed connection without response'))
2025-08-19 08:06:05,809 - WARNING - ⚠️ 603069 海汽集团 K线更新失败: ('Connection aborted.', RemoteDisconnected('Remote end closed connection without response'))
2025-08-19 08:06:06,029 - WARNING - ⚠️ 603070 万控智造 K线更新失败: ('Connection aborted.', RemoteDisconnected('Remote end closed connection without response'))
2025-08-19 08:06:06,247 - WARNING - ⚠️ 603071 物产环能 K线更新失败: ('Connection aborted.', RemoteDisconnected('Remote end closed connection without response'))
2025-08-19 08:06:06,467 - WARNING - ⚠️ 603072 天和磁材 K线更新失败: ('Connection aborted.', RemoteDisconnected('Remote end closed connection without response'))
2025-08-19 08:06:06,685 - WARNING - ⚠️ 603073 彩蝶实业 K线更新失败: ('Connection aborted.', RemoteDisconnected('Remote end closed connection without response'))
2025-08-19 08:06:06,910 - WARNING - ⚠️ 603075 热威股份 K线更新失败: ('Connection aborted.', RemoteDisconnected('Remote end closed connection without response'))
2025-08-19 08:06:07,127 - WARNING - ⚠️ 603076 乐惠国际 K线更新失败: ('Connection aborted.', RemoteDisconnected('Remote end closed connection without response'))
2025-08-19 08:06:07,344 - WARNING - ⚠️ 603077 和邦生物 K线更新失败: ('Connection aborted.', RemoteDisconnected('Remote end closed connection without response'))
2025-08-19 08:06:07,580 - WARNING - ⚠️ 603078 江化微 K线更新失败: ('Connection aborted.', RemoteDisconnected('Remote end closed connection without response'))
2025-08-19 08:06:07,783 - WARNING - ⚠️ 603079 圣达生物 K线更新失败: ('Connection aborted.', RemoteDisconnected('Remote end closed connection without response'))
2025-08-19 08:06:08,003 - WARNING - ⚠️ 603080 新疆火炬 K线更新失败: ('Connection aborted.', RemoteDisconnected('Remote end closed connection without response'))
2025-08-19 08:06:08,236 - WARNING - ⚠️ 603081 大丰实业 K线更新失败: ('Connection aborted.', RemoteDisconnected('Remote end closed connection without response'))
2025-08-19 08:06:08,462 - WARNING - ⚠️ 603082 北自科技 K线更新失败: ('Connection aborted.', RemoteDisconnected('Remote end closed connection without response'))
2025-08-19 08:06:08,679 - WARNING - ⚠️ 603083 剑桥科技 K线更新失败: ('Connection aborted.', RemoteDisconnected('Remote end closed connection without response'))
2025-08-19 08:06:08,902 - WARNING - ⚠️ 603085 天成自控 K线更新失败: ('Connection aborted.', RemoteDisconnected('Remote end closed connection without response'))
2025-08-19 08:06:09,108 - WARNING - ⚠️ 603086 先达股份 K线更新失败: ('Connection aborted.', RemoteDisconnected('Remote end closed connection without response'))
2025-08-19 08:06:09,319 - WARNING - ⚠️ 603087 甘李药业 K线更新失败: ('Connection aborted.', RemoteDisconnected('Remote end closed connection without response'))
2025-08-19 08:06:09,539 - WARNING - ⚠️ 603088 宁波精达 K线更新失败: ('Connection aborted.', RemoteDisconnected('Remote end closed connection without response'))
2025-08-19 08:06:09,743 - WARNING - ⚠️ 603089 正裕工业 K线更新失败: ('Connection aborted.', RemoteDisconnected('Remote end closed connection without response'))
2025-08-19 08:06:09,964 - WARNING - ⚠️ 603090 宏盛股份 K线更新失败: ('Connection aborted.', RemoteDisconnected('Remote end closed connection without response'))
2025-08-19 08:06:10,183 - WARNING - ⚠️ 603091 众鑫股份 K线更新失败: ('Connection aborted.', RemoteDisconnected('Remote end closed connection without response'))
2025-08-19 08:06:10,402 - WARNING - ⚠️ 603093 南华期货 K线更新失败: ('Connection aborted.', RemoteDisconnected('Remote end closed connection without response'))
2025-08-19 08:06:10,606 - WARNING - ⚠️ 603095 越剑智能 K线更新失败: ('Connection aborted.', RemoteDisconnected('Remote end closed connection without response'))
2025-08-19 08:06:10,826 - WARNING - ⚠️ 603096 新经典 K线更新失败: ('Connection aborted.', RemoteDisconnected('Remote end closed connection without response'))
2025-08-19 08:06:11,045 - WARNING - ⚠️ 603097 江苏华辰 K线更新失败: ('Connection aborted.', RemoteDisconnected('Remote end closed connection without response'))
2025-08-19 08:06:11,266 - WARNING - ⚠️ 603098 森特股份 K线更新失败: ('Connection aborted.', RemoteDisconnected('Remote end closed connection without response'))
2025-08-19 08:06:11,484 - WARNING - ⚠️ 603099 长白山 K线更新失败: ('Connection aborted.', RemoteDisconnected('Remote end closed connection without response'))
2025-08-19 08:06:11,704 - WARNING - ⚠️ 603100 川仪股份 K线更新失败: ('Connection aborted.', RemoteDisconnected('Remote end closed connection without response'))
2025-08-19 08:06:11,933 - WARNING - ⚠️ 603101 汇嘉时代 K线更新失败: ('Connection aborted.', RemoteDisconnected('Remote end closed connection without response'))
2025-08-19 08:06:12,159 - WARNING - ⚠️ 603102 百合股份 K线更新失败: ('Connection aborted.', RemoteDisconnected('Remote end closed connection without response'))
2025-08-19 08:06:12,377 - WARNING - ⚠️ 603103 横店影视 K线更新失败: ('Connection aborted.', RemoteDisconnected('Remote end closed connection without response'))
2025-08-19 08:06:12,594 - WARNING - ⚠️ 603105 芯能科技 K线更新失败: ('Connection aborted.', RemoteDisconnected('Remote end closed connection without response'))
2025-08-19 08:06:12,818 - WARNING - ⚠️ 603106 恒银科技 K线更新失败: ('Connection aborted.', RemoteDisconnected('Remote end closed connection without response'))
2025-08-19 08:06:13,036 - WARNING - ⚠️ 603107 上海汽配 K线更新失败: ('Connection aborted.', RemoteDisconnected('Remote end closed connection without response'))
2025-08-19 08:06:13,268 - WARNING - ⚠️ 603108 润达医疗 K线更新失败: ('Connection aborted.', RemoteDisconnected('Remote end closed connection without response'))
2025-08-19 08:06:13,478 - WARNING - ⚠️ 603109 神驰机电 K线更新失败: ('Connection aborted.', RemoteDisconnected('Remote end closed connection without response'))
2025-08-19 08:06:13,696 - WARNING - ⚠️ 603110 东方材料 K线更新失败: ('Connection aborted.', RemoteDisconnected('Remote end closed connection without response'))
2025-08-19 08:06:13,915 - WARNING - ⚠️ 603111 康尼机电 K线更新失败: ('Connection aborted.', RemoteDisconnected('Remote end closed connection without response'))
2025-08-19 08:06:14,118 - WARNING - ⚠️ 603112 华翔股份 K线更新失败: ('Connection aborted.', RemoteDisconnected('Remote end closed connection without response'))
2025-08-19 08:06:14,338 - WARNING - ⚠️ 603113 金能科技 K线更新失败: ('Connection aborted.', RemoteDisconnected('Remote end closed connection without response'))
2025-08-19 08:06:14,561 - WARNING - ⚠️ 603115 海星股份 K线更新失败: ('Connection aborted.', RemoteDisconnected('Remote end closed connection without response'))
2025-08-19 08:06:14,777 - WARNING - ⚠️ 603116 红蜻蜓 K线更新失败: ('Connection aborted.', RemoteDisconnected('Remote end closed connection without response'))
2025-08-19 08:06:15,012 - WARNING - ⚠️ 603117 万林物流 K线更新失败: ('Connection aborted.', RemoteDisconnected('Remote end closed connection without response'))
2025-08-19 08:06:15,215 - WARNING - ⚠️ 603118 共进股份 K线更新失败: ('Connection aborted.', RemoteDisconnected('Remote end closed connection without response'))
2025-08-19 08:06:15,451 - WARNING - ⚠️ 603119 浙江荣泰 K线更新失败: ('Connection aborted.', RemoteDisconnected('Remote end closed connection without response'))
2025-08-19 08:06:15,671 - WARNING - ⚠️ 603120 肯特催化 K线更新失败: ('Connection aborted.', RemoteDisconnected('Remote end closed connection without response'))
2025-08-19 08:06:15,890 - WARNING - ⚠️ 603121 华培动力 K线更新失败: ('Connection aborted.', RemoteDisconnected('Remote end closed connection without response'))
2025-08-19 08:06:16,109 - WARNING - ⚠️ 603122 合富中国 K线更新失败: ('Connection aborted.', RemoteDisconnected('Remote end closed connection without response'))
2025-08-19 08:06:16,329 - WARNING - ⚠️ 603123 翠微股份 K线更新失败: ('Connection aborted.', RemoteDisconnected('Remote end closed connection without response'))
2025-08-19 08:06:16,547 - WARNING - ⚠️ 603124 江南新材 K线更新失败: ('Connection aborted.', RemoteDisconnected('Remote end closed connection without response'))
2025-08-19 08:06:16,784 - WARNING - ⚠️ 603125 常青科技 K线更新失败: ('Connection aborted.', RemoteDisconnected('Remote end closed connection without response'))
2025-08-19 08:06:16,993 - WARNING - ⚠️ 603126 中材节能 K线更新失败: ('Connection aborted.', RemoteDisconnected('Remote end closed connection without response'))
2025-08-19 08:06:17,226 - WARNING - ⚠️ 603127 昭衍新药 K线更新失败: ('Connection aborted.', RemoteDisconnected('Remote end closed connection without response'))
2025-08-19 08:06:17,442 - WARNING - ⚠️ 603128 华贸物流 K线更新失败: ('Connection aborted.', RemoteDisconnected('Remote end closed connection without response'))
2025-08-19 08:06:17,646 - WARNING - ⚠️ 603129 春风动力 K线更新失败: ('Connection aborted.', RemoteDisconnected('Remote end closed connection without response'))
2025-08-19 08:06:17,874 - WARNING - ⚠️ 603130 云中马 K线更新失败: ('Connection aborted.', RemoteDisconnected('Remote end closed connection without response'))
2025-08-19 08:06:18,074 - WARNING - ⚠️ 603131 上海沪工 K线更新失败: ('Connection aborted.', RemoteDisconnected('Remote end closed connection without response'))
2025-08-19 08:06:18,303 - WARNING - ⚠️ 603132 金徽股份 K线更新失败: ('Connection aborted.', RemoteDisconnected('Remote end closed connection without response'))
2025-08-19 08:06:18,524 - WARNING - ⚠️ 603133 退市碳元 K线更新失败: ('Connection aborted.', RemoteDisconnected('Remote end closed connection without response'))
2025-08-19 08:06:18,728 - WARNING - ⚠️ 603135 中重科技 K线更新失败: ('Connection aborted.', RemoteDisconnected('Remote end closed connection without response'))
2025-08-19 08:06:18,932 - WARNING - ⚠️ 603136 天目湖 K线更新失败: ('Connection aborted.', RemoteDisconnected('Remote end closed connection without response'))
2025-08-19 08:06:19,136 - WARNING - ⚠️ 603137 恒尚节能 K线更新失败: ('Connection aborted.', RemoteDisconnected('Remote end closed connection without response'))
2025-08-19 08:06:19,351 - WARNING - ⚠️ 603138 海量数据 K线更新失败: ('Connection aborted.', RemoteDisconnected('Remote end closed connection without response'))
2025-08-19 08:06:19,560 - WARNING - ⚠️ 603139 康惠制药 K线更新失败: ('Connection aborted.', RemoteDisconnected('Remote end closed connection without response'))
2025-08-19 08:06:19,764 - WARNING - ⚠️ 603150 万朗磁塑 K线更新失败: ('Connection aborted.', RemoteDisconnected('Remote end closed connection without response'))
2025-08-19 08:06:19,977 - WARNING - ⚠️ 603151 邦基科技 K线更新失败: ('Connection aborted.', RemoteDisconnected('Remote end closed connection without response'))
2025-08-19 08:06:20,186 - WARNING - ⚠️ 603153 上海建科 K线更新失败: ('Connection aborted.', RemoteDisconnected('Remote end closed connection without response'))
2025-08-19 08:06:20,409 - WARNING - ⚠️ 603155 新亚强 K线更新失败: ('Connection aborted.', RemoteDisconnected('Remote end closed connection without response'))
2025-08-19 08:06:20,630 - WARNING - ⚠️ 603156 养元饮品 K线更新失败: ('Connection aborted.', RemoteDisconnected('Remote end closed connection without response'))
2025-08-19 08:06:20,844 - WARNING - ⚠️ 603157 退市拉夏 K线更新失败: ('Connection aborted.', RemoteDisconnected('Remote end closed connection without response'))
2025-08-19 08:06:21,070 - WARNING - ⚠️ 603158 腾龙股份 K线更新失败: ('Connection aborted.', RemoteDisconnected('Remote end closed connection without response'))
2025-08-19 08:06:21,290 - WARNING - ⚠️ 603159 上海亚虹 K线更新失败: ('Connection aborted.', RemoteDisconnected('Remote end closed connection without response'))
2025-08-19 08:06:21,505 - WARNING - ⚠️ 603160 汇顶科技 K线更新失败: ('Connection aborted.', RemoteDisconnected('Remote end closed connection without response'))
2025-08-19 08:06:21,723 - WARNING - ⚠️ 603161 科华控股 K线更新失败: ('Connection aborted.', RemoteDisconnected('Remote end closed connection without response'))
2025-08-19 08:06:21,942 - WARNING - ⚠️ 603162 海通发展 K线更新失败: ('Connection aborted.', RemoteDisconnected('Remote end closed connection without response'))
2025-08-19 08:06:22,162 - WARNING - ⚠️ 603163 圣晖集成 K线更新失败: ('Connection aborted.', RemoteDisconnected('Remote end closed connection without response'))
2025-08-19 08:06:22,382 - WARNING - ⚠️ 603165 荣晟环保 K线更新失败: ('Connection aborted.', RemoteDisconnected('Remote end closed connection without response'))
2025-08-19 08:06:22,585 - WARNING - ⚠️ 603166 福达股份 K线更新失败: ('Connection aborted.', RemoteDisconnected('Remote end closed connection without response'))
2025-08-19 08:06:22,789 - WARNING - ⚠️ 603167 渤海轮渡 K线更新失败: ('Connection aborted.', RemoteDisconnected('Remote end closed connection without response'))
2025-08-19 08:06:23,026 - WARNING - ⚠️ 603168 莎普爱思 K线更新失败: ('Connection aborted.', RemoteDisconnected('Remote end closed connection without response'))
2025-08-19 08:06:23,244 - WARNING - ⚠️ 603169 兰石重装 K线更新失败: ('Connection aborted.', RemoteDisconnected('Remote end closed connection without response'))
2025-08-19 08:06:23,464 - WARNING - ⚠️ 603170 宝立食品 K线更新失败: ('Connection aborted.', RemoteDisconnected('Remote end closed connection without response'))
2025-08-19 08:06:23,683 - WARNING - ⚠️ 603171 税友股份 K线更新失败: ('Connection aborted.', RemoteDisconnected('Remote end closed connection without response'))
2025-08-19 08:06:23,887 - WARNING - ⚠️ 603172 万丰股份 K线更新失败: ('Connection aborted.', RemoteDisconnected('Remote end closed connection without response'))
2025-08-19 08:06:24,110 - WARNING - ⚠️ 603173 福斯达 K线更新失败: ('Connection aborted.', RemoteDisconnected('Remote end closed connection without response'))
2025-08-19 08:06:24,343 - WARNING - ⚠️ 603176 汇通集团 K线更新失败: ('Connection aborted.', RemoteDisconnected('Remote end closed connection without response'))
2025-08-19 08:06:24,567 - WARNING - ⚠️ 603177 德创环保 K线更新失败: ('Connection aborted.', RemoteDisconnected('Remote end closed connection without response'))
2025-08-19 08:06:24,793 - WARNING - ⚠️ 603178 圣龙股份 K线更新失败: ('Connection aborted.', RemoteDisconnected('Remote end closed connection without response'))
2025-08-19 08:06:25,010 - WARNING - ⚠️ 603179 新泉股份 K线更新失败: ('Connection aborted.', RemoteDisconnected('Remote end closed connection without response'))
2025-08-19 08:06:25,235 - WARNING - ⚠️ 603180 金牌家居 K线更新失败: ('Connection aborted.', RemoteDisconnected('Remote end closed connection without response'))
2025-08-19 08:06:25,439 - WARNING - ⚠️ 603181 皇马科技 K线更新失败: ('Connection aborted.', RemoteDisconnected('Remote end closed connection without response'))
2025-08-19 08:06:25,643 - WARNING - ⚠️ 603182 嘉华股份 K线更新失败: ('Connection aborted.', RemoteDisconnected('Remote end closed connection without response'))
2025-08-19 08:06:25,862 - WARNING - ⚠️ 603183 建研院 K线更新失败: ('Connection aborted.', RemoteDisconnected('Remote end closed connection without response'))
2025-08-19 08:06:26,083 - WARNING - ⚠️ 603185 弘元绿能 K线更新失败: ('Connection aborted.', RemoteDisconnected('Remote end closed connection without response'))
2025-08-19 08:06:26,301 - WARNING - ⚠️ 603186 华正新材 K线更新失败: ('Connection aborted.', RemoteDisconnected('Remote end closed connection without response'))
2025-08-19 08:06:26,528 - WARNING - ⚠️ 603187 海容冷链 K线更新失败: ('Connection aborted.', RemoteDisconnected('Remote end closed connection without response'))
2025-08-19 08:06:26,742 - WARNING - ⚠️ 603188 亚邦股份 K线更新失败: ('Connection aborted.', RemoteDisconnected('Remote end closed connection without response'))
2025-08-19 08:06:26,960 - WARNING - ⚠️ 603189 网达软件 K线更新失败: ('Connection aborted.', RemoteDisconnected('Remote end closed connection without response'))
2025-08-19 08:06:27,180 - WARNING - ⚠️ 603190 亚通精工 K线更新失败: ('Connection aborted.', RemoteDisconnected('Remote end closed connection without response'))
2025-08-19 08:06:27,385 - WARNING - ⚠️ 603191 望变电气 K线更新失败: ('Connection aborted.', RemoteDisconnected('Remote end closed connection without response'))
2025-08-19 08:06:27,605 - WARNING - ⚠️ 603192 汇得科技 K线更新失败: ('Connection aborted.', RemoteDisconnected('Remote end closed connection without response'))
2025-08-19 08:06:27,838 - WARNING - ⚠️ 603193 润本股份 K线更新失败: ('Connection aborted.', RemoteDisconnected('Remote end closed connection without response'))
2025-08-19 08:06:28,058 - WARNING - ⚠️ 603194 中力股份 K线更新失败: ('Connection aborted.', RemoteDisconnected('Remote end closed connection without response'))
2025-08-19 08:06:28,277 - WARNING - ⚠️ 603195 公牛集团 K线更新失败: ('Connection aborted.', RemoteDisconnected('Remote end closed connection without response'))
2025-08-19 08:06:28,496 - WARNING - ⚠️ 603196 日播时尚 K线更新失败: ('Connection aborted.', RemoteDisconnected('Remote end closed connection without response'))
2025-08-19 08:06:28,715 - WARNING - ⚠️ 603197 保隆科技 K线更新失败: ('Connection aborted.', RemoteDisconnected('Remote end closed connection without response'))
2025-08-19 08:06:28,929 - WARNING - ⚠️ 603198 迎驾贡酒 K线更新失败: ('Connection aborted.', RemoteDisconnected('Remote end closed connection without response'))
2025-08-19 08:06:29,149 - WARNING - ⚠️ 603199 九华旅游 K线更新失败: ('Connection aborted.', RemoteDisconnected('Remote end closed connection without response'))
2025-08-19 08:06:29,363 - WARNING - ⚠️ 603200 上海洗霸 K线更新失败: ('Connection aborted.', RemoteDisconnected('Remote end closed connection without response'))
2025-08-19 08:06:29,563 - WARNING - ⚠️ 603201 常润股份 K线更新失败: ('Connection aborted.', RemoteDisconnected('Remote end closed connection without response'))
2025-08-19 08:06:29,788 - WARNING - ⚠️ 603202 天有为 K线更新失败: ('Connection aborted.', RemoteDisconnected('Remote end closed connection without response'))
2025-08-19 08:06:30,003 - WARNING - ⚠️ 603203 快克智能 K线更新失败: ('Connection aborted.', RemoteDisconnected('Remote end closed connection without response'))
2025-08-19 08:06:30,223 - WARNING - ⚠️ 603205 健尔康 K线更新失败: ('Connection aborted.', RemoteDisconnected('Remote end closed connection without response'))
2025-08-19 08:06:30,427 - WARNING - ⚠️ 603206 嘉环科技 K线更新失败: ('Connection aborted.', RemoteDisconnected('Remote end closed connection without response'))
2025-08-19 08:06:30,645 - WARNING - ⚠️ 603207 小方制药 K线更新失败: ('Connection aborted.', RemoteDisconnected('Remote end closed connection without response'))
2025-08-19 08:06:30,865 - WARNING - ⚠️ 603208 江山欧派 K线更新失败: ('Connection aborted.', RemoteDisconnected('Remote end closed connection without response'))
2025-08-19 08:06:31,084 - WARNING - ⚠️ 603209 兴通股份 K线更新失败: ('Connection aborted.', RemoteDisconnected('Remote end closed connection without response'))
2025-08-19 08:06:31,289 - WARNING - ⚠️ 603210 泰鸿万立 K线更新失败: ('Connection aborted.', RemoteDisconnected('Remote end closed connection without response'))
2025-08-19 08:06:31,509 - WARNING - ⚠️ 603211 晋拓股份 K线更新失败: ('Connection aborted.', RemoteDisconnected('Remote end closed connection without response'))
2025-08-19 08:06:31,711 - WARNING - ⚠️ 603212 赛伍技术 K线更新失败: ('Connection aborted.', RemoteDisconnected('Remote end closed connection without response'))
2025-08-19 08:06:31,915 - WARNING - ⚠️ 603213 镇洋发展 K线更新失败: ('Connection aborted.', RemoteDisconnected('Remote end closed connection without response'))
2025-08-19 08:06:32,136 - WARNING - ⚠️ 603214 爱婴室 K线更新失败: ('Connection aborted.', RemoteDisconnected('Remote end closed connection without response'))
2025-08-19 08:06:32,355 - WARNING - ⚠️ 603215 比依股份 K线更新失败: ('Connection aborted.', RemoteDisconnected('Remote end closed connection without response'))
2025-08-19 08:06:32,571 - WARNING - ⚠️ 603216 梦天家居 K线更新失败: ('Connection aborted.', RemoteDisconnected('Remote end closed connection without response'))
2025-08-19 08:06:32,790 - WARNING - ⚠️ 603217 元利科技 K线更新失败: ('Connection aborted.', RemoteDisconnected('Remote end closed connection without response'))
2025-08-19 08:06:33,009 - WARNING - ⚠️ 603218 日月股份 K线更新失败: ('Connection aborted.', RemoteDisconnected('Remote end closed connection without response'))
2025-08-19 08:06:33,233 - WARNING - ⚠️ 603219 富佳股份 K线更新失败: ('Connection aborted.', RemoteDisconnected('Remote end closed connection without response'))
2025-08-19 08:06:33,452 - WARNING - ⚠️ 603220 中贝通信 K线更新失败: ('Connection aborted.', RemoteDisconnected('Remote end closed connection without response'))
2025-08-19 08:06:33,671 - WARNING - ⚠️ 603221 爱丽家居 K线更新失败: ('Connection aborted.', RemoteDisconnected('Remote end closed connection without response'))
2025-08-19 08:06:33,891 - WARNING - ⚠️ 603222 济民健康 K线更新失败: ('Connection aborted.', RemoteDisconnected('Remote end closed connection without response'))
2025-08-19 08:06:34,111 - WARNING - ⚠️ 603223 恒通股份 K线更新失败: ('Connection aborted.', RemoteDisconnected('Remote end closed connection without response'))
2025-08-19 08:06:34,330 - WARNING - ⚠️ 603225 新凤鸣 K线更新失败: ('Connection aborted.', RemoteDisconnected('Remote end closed connection without response'))
2025-08-19 08:06:34,550 - WARNING - ⚠️ 603226 菲林格尔 K线更新失败: ('Connection aborted.', RemoteDisconnected('Remote end closed connection without response'))
2025-08-19 08:06:34,772 - WARNING - ⚠️ 603227 雪峰科技 K线更新失败: ('Connection aborted.', RemoteDisconnected('Remote end closed connection without response'))
2025-08-19 08:06:34,989 - WARNING - ⚠️ 603228 景旺电子 K线更新失败: ('Connection aborted.', RemoteDisconnected('Remote end closed connection without response'))
2025-08-19 08:06:35,193 - WARNING - ⚠️ 603229 奥翔药业 K线更新失败: ('Connection aborted.', RemoteDisconnected('Remote end closed connection without response'))
2025-08-19 08:06:35,413 - WARNING - ⚠️ 603230 内蒙新华 K线更新失败: ('Connection aborted.', RemoteDisconnected('Remote end closed connection without response'))
2025-08-19 08:06:35,617 - WARNING - ⚠️ 603231 索宝蛋白 K线更新失败: ('Connection aborted.', RemoteDisconnected('Remote end closed connection without response'))
2025-08-19 08:06:35,834 - WARNING - ⚠️ 603232 格尔软件 K线更新失败: ('Connection aborted.', RemoteDisconnected('Remote end closed connection without response'))
2025-08-19 08:06:36,054 - WARNING - ⚠️ 603233 大参林 K线更新失败: ('Connection aborted.', RemoteDisconnected('Remote end closed connection without response'))
2025-08-19 08:06:36,276 - WARNING - ⚠️ 603235 天新药业 K线更新失败: ('Connection aborted.', RemoteDisconnected('Remote end closed connection without response'))
2025-08-19 08:06:36,509 - WARNING - ⚠️ 603236 移远通信 K线更新失败: ('Connection aborted.', RemoteDisconnected('Remote end closed connection without response'))
2025-08-19 08:06:36,725 - WARNING - ⚠️ 603237 五芳斋 K线更新失败: ('Connection aborted.', RemoteDisconnected('Remote end closed connection without response'))
2025-08-19 08:06:36,946 - WARNING - ⚠️ 603238 诺邦股份 K线更新失败: ('Connection aborted.', RemoteDisconnected('Remote end closed connection without response'))
2025-08-19 08:06:37,164 - WARNING - ⚠️ 603239 浙江仙通 K线更新失败: ('Connection aborted.', RemoteDisconnected('Remote end closed connection without response'))
2025-08-19 08:06:37,375 - WARNING - ⚠️ 603255 鼎际得 K线更新失败: ('Connection aborted.', RemoteDisconnected('Remote end closed connection without response'))
2025-08-19 08:06:37,624 - WARNING - ⚠️ 603256 宏和科技 K线更新失败: ('Connection aborted.', RemoteDisconnected('Remote end closed connection without response'))
2025-08-19 08:06:37,843 - WARNING - ⚠️ 603257 中国瑞林 K线更新失败: ('Connection aborted.', RemoteDisconnected('Remote end closed connection without response'))
2025-08-19 08:06:38,046 - WARNING - ⚠️ 603258 电魂网络 K线更新失败: ('Connection aborted.', RemoteDisconnected('Remote end closed connection without response'))
2025-08-19 08:06:38,250 - WARNING - ⚠️ 603259 药明康德 K线更新失败: ('Connection aborted.', RemoteDisconnected('Remote end closed connection without response'))
2025-08-19 08:06:38,469 - WARNING - ⚠️ 603260 合盛硅业 K线更新失败: ('Connection aborted.', RemoteDisconnected('Remote end closed connection without response'))
2025-08-19 08:06:38,688 - WARNING - ⚠️ 603261 *ST立航 K线更新失败: ('Connection aborted.', RemoteDisconnected('Remote end closed connection without response'))
2025-08-19 08:06:38,908 - WARNING - ⚠️ 603262 技源集团 K线更新失败: ('Connection aborted.', RemoteDisconnected('Remote end closed connection without response'))
2025-08-19 08:06:39,112 - WARNING - ⚠️ 603266 天龙股份 K线更新失败: ('Connection aborted.', RemoteDisconnected('Remote end closed connection without response'))
2025-08-19 08:06:39,332 - WARNING - ⚠️ 603267 鸿远电子 K线更新失败: ('Connection aborted.', RemoteDisconnected('Remote end closed connection without response'))
2025-08-19 08:06:39,551 - WARNING - ⚠️ 603268 *ST松发 K线更新失败: ('Connection aborted.', RemoteDisconnected('Remote end closed connection without response'))
2025-08-19 08:06:39,755 - WARNING - ⚠️ 603269 海鸥股份 K线更新失败: ('Connection aborted.', RemoteDisconnected('Remote end closed connection without response'))
2025-08-19 08:06:39,967 - WARNING - ⚠️ 603270 金帝股份 K线更新失败: ('Connection aborted.', RemoteDisconnected('Remote end closed connection without response'))
2025-08-19 08:06:40,179 - WARNING - ⚠️ 603271 永杰新材 K线更新失败: ('Connection aborted.', RemoteDisconnected('Remote end closed connection without response'))
2025-08-19 08:06:40,399 - WARNING - ⚠️ 603272 联翔股份 K线更新失败: ('Connection aborted.', RemoteDisconnected('Remote end closed connection without response'))
2025-08-19 08:06:40,609 - WARNING - ⚠️ 603273 天元智能 K线更新失败: ('Connection aborted.', RemoteDisconnected('Remote end closed connection without response'))
2025-08-19 08:06:40,827 - WARNING - ⚠️ 603275 众辰科技 K线更新失败: ('Connection aborted.', RemoteDisconnected('Remote end closed connection without response'))
2025-08-19 08:06:41,044 - WARNING - ⚠️ 603276 恒兴新材 K线更新失败: ('Connection aborted.', RemoteDisconnected('Remote end closed connection without response'))
2025-08-19 08:06:41,257 - WARNING - ⚠️ 603277 银都股份 K线更新失败: ('Connection aborted.', RemoteDisconnected('Remote end closed connection without response'))
2025-08-19 08:06:41,461 - WARNING - ⚠️ 603278 大业股份 K线更新失败: ('Connection aborted.', RemoteDisconnected('Remote end closed connection without response'))
2025-08-19 08:06:41,669 - WARNING - ⚠️ 603279 景津装备 K线更新失败: ('Connection aborted.', RemoteDisconnected('Remote end closed connection without response'))
2025-08-19 08:06:41,888 - WARNING - ⚠️ 603280 南方路机 K线更新失败: ('Connection aborted.', RemoteDisconnected('Remote end closed connection without response'))
2025-08-19 08:06:42,123 - WARNING - ⚠️ 603281 江瀚新材 K线更新失败: ('Connection aborted.', RemoteDisconnected('Remote end closed connection without response'))
2025-08-19 08:06:42,327 - WARNING - ⚠️ 603282 亚光股份 K线更新失败: ('Connection aborted.', RemoteDisconnected('Remote end closed connection without response'))
2025-08-19 08:06:42,547 - WARNING - ⚠️ 603283 赛腾股份 K线更新失败: ('Connection aborted.', RemoteDisconnected('Remote end closed connection without response'))
2025-08-19 08:06:42,764 - WARNING - ⚠️ 603285 键邦股份 K线更新失败: ('Connection aborted.', RemoteDisconnected('Remote end closed connection without response'))
2025-08-19 08:06:42,983 - WARNING - ⚠️ 603286 日盈电子 K线更新失败: ('Connection aborted.', RemoteDisconnected('Remote end closed connection without response'))
2025-08-19 08:06:43,200 - WARNING - ⚠️ 603288 海天味业 K线更新失败: ('Connection aborted.', RemoteDisconnected('Remote end closed connection without response'))
2025-08-19 08:06:43,426 - WARNING - ⚠️ 603289 泰瑞机器 K线更新失败: ('Connection aborted.', RemoteDisconnected('Remote end closed connection without response'))
2025-08-19 08:06:43,630 - WARNING - ⚠️ 603290 斯达半导 K线更新失败: ('Connection aborted.', RemoteDisconnected('Remote end closed connection without response'))
2025-08-19 08:06:43,863 - WARNING - ⚠️ 603291 联合水务 K线更新失败: ('Connection aborted.', RemoteDisconnected('Remote end closed connection without response'))
2025-08-19 08:06:44,083 - WARNING - ⚠️ 603296 华勤技术 K线更新失败: ('Connection aborted.', RemoteDisconnected('Remote end closed connection without response'))
2025-08-19 08:06:44,304 - WARNING - ⚠️ 603297 永新光学 K线更新失败: ('Connection aborted.', RemoteDisconnected('Remote end closed connection without response'))
2025-08-19 08:06:44,522 - WARNING - ⚠️ 603298 杭叉集团 K线更新失败: ('Connection aborted.', RemoteDisconnected('Remote end closed connection without response'))
2025-08-19 08:06:44,734 - WARNING - ⚠️ 603299 苏盐井神 K线更新失败: ('Connection aborted.', RemoteDisconnected('Remote end closed connection without response'))
2025-08-19 08:06:44,955 - WARNING - ⚠️ 603300 海南华铁 K线更新失败: ('Connection aborted.', RemoteDisconnected('Remote end closed connection without response'))
2025-08-19 08:06:45,165 - WARNING - ⚠️ 603301 振德医疗 K线更新失败: ('Connection aborted.', RemoteDisconnected('Remote end closed connection without response'))
2025-08-19 08:06:45,369 - WARNING - ⚠️ 603303 得邦照明 K线更新失败: ('Connection aborted.', RemoteDisconnected('Remote end closed connection without response'))
2025-08-19 08:06:45,589 - WARNING - ⚠️ 603305 旭升集团 K线更新失败: ('Connection aborted.', RemoteDisconnected('Remote end closed connection without response'))
2025-08-19 08:06:45,809 - WARNING - ⚠️ 603306 华懋科技 K线更新失败: ('Connection aborted.', RemoteDisconnected('Remote end closed connection without response'))
2025-08-19 08:06:46,028 - WARNING - ⚠️ 603307 扬州金泉 K线更新失败: ('Connection aborted.', RemoteDisconnected('Remote end closed connection without response'))
2025-08-19 08:06:46,251 - WARNING - ⚠️ 603308 应流股份 K线更新失败: ('Connection aborted.', RemoteDisconnected('Remote end closed connection without response'))
2025-08-19 08:06:46,450 - WARNING - ⚠️ 603309 维力医疗 K线更新失败: ('Connection aborted.', RemoteDisconnected('Remote end closed connection without response'))
2025-08-19 08:06:46,674 - WARNING - ⚠️ 603310 巍华新材 K线更新失败: ('Connection aborted.', RemoteDisconnected('Remote end closed connection without response'))
2025-08-19 08:06:46,891 - WARNING - ⚠️ 603311 金海高科 K线更新失败: ('Connection aborted.', RemoteDisconnected('Remote end closed connection without response'))
2025-08-19 08:06:47,109 - WARNING - ⚠️ 603312 西典新能 K线更新失败: ('Connection aborted.', RemoteDisconnected('Remote end closed connection without response'))
2025-08-19 08:06:47,329 - WARNING - ⚠️ 603313 梦百合 K线更新失败: ('Connection aborted.', RemoteDisconnected('Remote end closed connection without response'))
2025-08-19 08:06:47,532 - WARNING - ⚠️ 603315 福鞍股份 K线更新失败: ('Connection aborted.', RemoteDisconnected('Remote end closed connection without response'))
2025-08-19 08:06:47,736 - WARNING - ⚠️ 603316 诚邦股份 K线更新失败: ('Connection aborted.', RemoteDisconnected('Remote end closed connection without response'))
2025-08-19 08:06:47,960 - WARNING - ⚠️ 603317 天味食品 K线更新失败: ('Connection aborted.', RemoteDisconnected('Remote end closed connection without response'))
2025-08-19 08:06:48,175 - WARNING - ⚠️ 603318 水发燃气 K线更新失败: ('Connection aborted.', RemoteDisconnected('Remote end closed connection without response'))
2025-08-19 08:06:48,395 - WARNING - ⚠️ 603319 美湖股份 K线更新失败: ('Connection aborted.', RemoteDisconnected('Remote end closed connection without response'))
2025-08-19 08:06:48,608 - WARNING - ⚠️ 603320 迪贝电气 K线更新失败: ('Connection aborted.', RemoteDisconnected('Remote end closed connection without response'))
2025-08-19 08:06:48,827 - WARNING - ⚠️ 603321 梅轮电梯 K线更新失败: ('Connection aborted.', RemoteDisconnected('Remote end closed connection without response'))
2025-08-19 08:06:49,051 - WARNING - ⚠️ 603322 超讯通信 K线更新失败: ('Connection aborted.', RemoteDisconnected('Remote end closed connection without response'))
2025-08-19 08:06:49,291 - WARNING - ⚠️ 603323 苏农银行 K线更新失败: ('Connection aborted.', RemoteDisconnected('Remote end closed connection without response'))
2025-08-19 08:06:49,495 - WARNING - ⚠️ 603324 盛剑科技 K线更新失败: ('Connection aborted.', RemoteDisconnected('Remote end closed connection without response'))
2025-08-19 08:06:49,713 - WARNING - ⚠️ 603325 博隆技术 K线更新失败: ('Connection aborted.', RemoteDisconnected('Remote end closed connection without response'))
2025-08-19 08:06:49,932 - WARNING - ⚠️ 603326 我乐家居 K线更新失败: ('Connection aborted.', RemoteDisconnected('Remote end closed connection without response'))
2025-08-19 08:06:50,140 - WARNING - ⚠️ 603327 福蓉科技 K线更新失败: ('Connection aborted.', RemoteDisconnected('Remote end closed connection without response'))
2025-08-19 08:06:50,371 - WARNING - ⚠️ 603328 依顿电子 K线更新失败: ('Connection aborted.', RemoteDisconnected('Remote end closed connection without response'))
2025-08-19 08:06:50,591 - WARNING - ⚠️ 603329 上海雅仕 K线更新失败: ('Connection aborted.', RemoteDisconnected('Remote end closed connection without response'))
2025-08-19 08:06:50,810 - WARNING - ⚠️ 603330 天洋新材 K线更新失败: ('Connection aborted.', RemoteDisconnected('Remote end closed connection without response'))
2025-08-19 08:06:51,030 - WARNING - ⚠️ 603331 百达精工 K线更新失败: ('Connection aborted.', RemoteDisconnected('Remote end closed connection without response'))
2025-08-19 08:06:51,265 - WARNING - ⚠️ 603332 苏州龙杰 K线更新失败: ('Connection aborted.', RemoteDisconnected('Remote end closed connection without response'))
2025-08-19 08:06:51,469 - WARNING - ⚠️ 603333 尚纬股份 K线更新失败: ('Connection aborted.', RemoteDisconnected('Remote end closed connection without response'))
2025-08-19 08:06:51,671 - WARNING - ⚠️ 603335 迪生力 K线更新失败: ('Connection aborted.', RemoteDisconnected('Remote end closed connection without response'))
2025-08-19 08:06:51,891 - WARNING - ⚠️ 603336 宏辉果蔬 K线更新失败: ('Connection aborted.', RemoteDisconnected('Remote end closed connection without response'))
2025-08-19 08:06:52,095 - WARNING - ⚠️ 603337 杰克股份 K线更新失败: ('Connection aborted.', RemoteDisconnected('Remote end closed connection without response'))
2025-08-19 08:06:52,315 - WARNING - ⚠️ 603338 浙江鼎力 K线更新失败: ('Connection aborted.', RemoteDisconnected('Remote end closed connection without response'))
2025-08-19 08:06:52,519 - WARNING - ⚠️ 603339 四方科技 K线更新失败: ('Connection aborted.', RemoteDisconnected('Remote end closed connection without response'))
2025-08-19 08:06:52,751 - WARNING - ⚠️ 603341 龙旗科技 K线更新失败: ('Connection aborted.', RemoteDisconnected('Remote end closed connection without response'))
2025-08-19 08:06:52,964 - WARNING - ⚠️ 603344 星德胜 K线更新失败: ('Connection aborted.', RemoteDisconnected('Remote end closed connection without response'))
2025-08-19 08:06:53,166 - WARNING - ⚠️ 603345 安井食品 K线更新失败: ('Connection aborted.', RemoteDisconnected('Remote end closed connection without response'))
2025-08-19 08:06:53,381 - WARNING - ⚠️ 603348 文灿股份 K线更新失败: ('Connection aborted.', RemoteDisconnected('Remote end closed connection without response'))
2025-08-19 08:06:53,602 - WARNING - ⚠️ 603350 安乃达 K线更新失败: ('Connection aborted.', RemoteDisconnected('Remote end closed connection without response'))
2025-08-19 08:06:53,820 - WARNING - ⚠️ 603351 威尔药业 K线更新失败: ('Connection aborted.', RemoteDisconnected('Remote end closed connection without response'))
2025-08-19 08:06:54,024 - WARNING - ⚠️ 603353 和顺石油 K线更新失败: ('Connection aborted.', RemoteDisconnected('Remote end closed connection without response'))
2025-08-19 08:06:54,244 - WARNING - ⚠️ 603355 莱克电气 K线更新失败: ('Connection aborted.', RemoteDisconnected('Remote end closed connection without response'))
2025-08-19 08:06:54,462 - WARNING - ⚠️ 603356 华菱精工 K线更新失败: ('Connection aborted.', RemoteDisconnected('Remote end closed connection without response'))
2025-08-19 08:06:54,682 - WARNING - ⚠️ 603357 设计总院 K线更新失败: ('Connection aborted.', RemoteDisconnected('Remote end closed connection without response'))
2025-08-19 08:06:54,886 - WARNING - ⚠️ 603358 华达科技 K线更新失败: ('Connection aborted.', RemoteDisconnected('Remote end closed connection without response'))
2025-08-19 08:06:55,090 - WARNING - ⚠️ 603359 东珠生态 K线更新失败: ('Connection aborted.', RemoteDisconnected('Remote end closed connection without response'))
2025-08-19 08:06:55,310 - WARNING - ⚠️ 603360 百傲化学 K线更新失败: ('Connection aborted.', RemoteDisconnected('Remote end closed connection without response'))
2025-08-19 08:06:55,517 - WARNING - ⚠️ 603363 傲农生物 K线更新失败: ('Connection aborted.', RemoteDisconnected('Remote end closed connection without response'))
2025-08-19 08:06:55,733 - WARNING - ⚠️ 603365 水星家纺 K线更新失败: ('Connection aborted.', RemoteDisconnected('Remote end closed connection without response'))
2025-08-19 08:06:55,953 - WARNING - ⚠️ 603366 日出东方 K线更新失败: ('Connection aborted.', RemoteDisconnected('Remote end closed connection without response'))
2025-08-19 08:06:56,173 - WARNING - ⚠️ 603367 辰欣药业 K线更新失败: ('Connection aborted.', RemoteDisconnected('Remote end closed connection without response'))
2025-08-19 08:06:56,392 - WARNING - ⚠️ 603368 柳药集团 K线更新失败: ('Connection aborted.', RemoteDisconnected('Remote end closed connection without response'))
2025-08-19 08:06:56,614 - WARNING - ⚠️ 603369 今世缘 K线更新失败: ('Connection aborted.', RemoteDisconnected('Remote end closed connection without response'))
2025-08-19 08:06:56,831 - WARNING - ⚠️ 603370 华新精科 K线更新失败: ('Connection aborted.', RemoteDisconnected('Remote end closed connection without response'))
2025-08-19 08:06:57,040 - WARNING - ⚠️ 603373 安邦护卫 K线更新失败: ('Connection aborted.', RemoteDisconnected('Remote end closed connection without response'))
2025-08-19 08:06:57,243 - WARNING - ⚠️ 603375 盛景微 K线更新失败: ('Connection aborted.', RemoteDisconnected('Remote end closed connection without response'))
2025-08-19 08:06:57,463 - WARNING - ⚠️ 603377 ST东时 K线更新失败: ('Connection aborted.', RemoteDisconnected('Remote end closed connection without response'))
2025-08-19 08:06:57,677 - WARNING - ⚠️ 603378 亚士创能 K线更新失败: ('Connection aborted.', RemoteDisconnected('Remote end closed connection without response'))
2025-08-19 08:06:57,897 - WARNING - ⚠️ 603379 三美股份 K线更新失败: ('Connection aborted.', RemoteDisconnected('Remote end closed connection without response'))
2025-08-19 08:06:58,116 - WARNING - ⚠️ 603380 易德龙 K线更新失败: ('Connection aborted.', RemoteDisconnected('Remote end closed connection without response'))
2025-08-19 08:06:58,336 - WARNING - ⚠️ 603381 永臻股份 K线更新失败: ('Connection aborted.', RemoteDisconnected('Remote end closed connection without response'))
2025-08-19 08:06:58,555 - WARNING - ⚠️ 603382 海阳科技 K线更新失败: ('Connection aborted.', RemoteDisconnected('Remote end closed connection without response'))
2025-08-19 08:06:58,775 - WARNING - ⚠️ 603383 顶点软件 K线更新失败: ('Connection aborted.', RemoteDisconnected('Remote end closed connection without response'))
2025-08-19 08:06:58,996 - WARNING - ⚠️ 603385 惠达卫浴 K线更新失败: ('Connection aborted.', RemoteDisconnected('Remote end closed connection without response'))
2025-08-19 08:06:59,214 - WARNING - ⚠️ 603386 骏亚科技 K线更新失败: ('Connection aborted.', RemoteDisconnected('Remote end closed connection without response'))
2025-08-19 08:06:59,422 - WARNING - ⚠️ 603387 基蛋生物 K线更新失败: ('Connection aborted.', RemoteDisconnected('Remote end closed connection without response'))
2025-08-19 08:06:59,637 - WARNING - ⚠️ 603388 *ST元成 K线更新失败: ('Connection aborted.', RemoteDisconnected('Remote end closed connection without response'))
2025-08-19 08:06:59,856 - WARNING - ⚠️ 603389 *ST亚振 K线更新失败: ('Connection aborted.', RemoteDisconnected('Remote end closed connection without response'))
2025-08-19 08:07:00,077 - WARNING - ⚠️ 603390 通达电气 K线更新失败: ('Connection aborted.', RemoteDisconnected('Remote end closed connection without response'))
2025-08-19 08:07:00,298 - WARNING - ⚠️ 603391 力聚热能 K线更新失败: ('Connection aborted.', RemoteDisconnected('Remote end closed connection without response'))
2025-08-19 08:07:00,507 - WARNING - ⚠️ 603392 万泰生物 K线更新失败: ('Connection aborted.', RemoteDisconnected('Remote end closed connection without response'))
2025-08-19 08:07:00,713 - WARNING - ⚠️ 603393 新天然气 K线更新失败: ('Connection aborted.', RemoteDisconnected('Remote end closed connection without response'))
2025-08-19 08:07:00,923 - WARNING - ⚠️ 603395 红四方 K线更新失败: ('Connection aborted.', RemoteDisconnected('Remote end closed connection without response'))
2025-08-19 08:07:01,134 - WARNING - ⚠️ 603396 金辰股份 K线更新失败: ('Connection aborted.', RemoteDisconnected('Remote end closed connection without response'))
2025-08-19 08:07:01,363 - WARNING - ⚠️ 603398 *ST沐邦 K线更新失败: ('Connection aborted.', RemoteDisconnected('Remote end closed connection without response'))
2025-08-19 08:07:01,567 - WARNING - ⚠️ 603399 永杉锂业 K线更新失败: ('Connection aborted.', RemoteDisconnected('Remote end closed connection without response'))
2025-08-19 08:07:01,786 - WARNING - ⚠️ 603400 华之杰 K线更新失败: ('Connection aborted.', RemoteDisconnected('Remote end closed connection without response'))
2025-08-19 08:07:02,006 - WARNING - ⚠️ 603406 天富龙 K线更新失败: ('Connection aborted.', RemoteDisconnected('Remote end closed connection without response'))
2025-08-19 08:07:02,226 - WARNING - ⚠️ 603408 建霖家居 K线更新失败: ('Connection aborted.', RemoteDisconnected('Remote end closed connection without response'))
2025-08-19 08:07:02,444 - WARNING - ⚠️ 603409 汇通控股 K线更新失败: ('Connection aborted.', RemoteDisconnected('Remote end closed connection without response'))
2025-08-19 08:07:02,664 - WARNING - ⚠️ 603416 信捷电气 K线更新失败: ('Connection aborted.', RemoteDisconnected('Remote end closed connection without response'))
2025-08-19 08:07:02,866 - WARNING - ⚠️ 603421 鼎信通讯 K线更新失败: ('Connection aborted.', RemoteDisconnected('Remote end closed connection without response'))
2025-08-19 08:07:03,070 - WARNING - ⚠️ 603429 集友股份 K线更新失败: ('Connection aborted.', RemoteDisconnected('Remote end closed connection without response'))
2025-08-19 08:07:03,290 - WARNING - ⚠️ 603439 贵州三力 K线更新失败: ('Connection aborted.', RemoteDisconnected('Remote end closed connection without response'))
2025-08-19 08:07:03,495 - WARNING - ⚠️ 603444 吉比特 K线更新失败: ('Connection aborted.', RemoteDisconnected('Remote end closed connection without response'))
2025-08-19 08:07:03,714 - WARNING - ⚠️ 603456 九洲药业 K线更新失败: ('Connection aborted.', RemoteDisconnected('Remote end closed connection without response'))
2025-08-19 08:07:03,934 - WARNING - ⚠️ 603458 勘设股份 K线更新失败: ('Connection aborted.', RemoteDisconnected('Remote end closed connection without response'))
2025-08-19 08:07:04,154 - WARNING - ⚠️ 603466 风语筑 K线更新失败: ('Connection aborted.', RemoteDisconnected('Remote end closed connection without response'))
2025-08-19 08:07:04,377 - WARNING - ⚠️ 603477 巨星农牧 K线更新失败: ('Connection aborted.', RemoteDisconnected('Remote end closed connection without response'))
2025-08-19 08:07:04,597 - WARNING - ⚠️ 603486 科沃斯 K线更新失败: ('Connection aborted.', RemoteDisconnected('Remote end closed connection without response'))
2025-08-19 08:07:04,816 - WARNING - ⚠️ 603488 展鹏科技 K线更新失败: ('Connection aborted.', RemoteDisconnected('Remote end closed connection without response'))
2025-08-19 08:07:05,028 - WARNING - ⚠️ 603489 八方股份 K线更新失败: ('Connection aborted.', RemoteDisconnected('Remote end closed connection without response'))
2025-08-19 08:07:05,228 - WARNING - ⚠️ 603496 恒为科技 K线更新失败: ('Connection aborted.', RemoteDisconnected('Remote end closed connection without response'))
2025-08-19 08:07:05,446 - WARNING - ⚠️ 603499 翔港科技 K线更新失败: ('Connection aborted.', RemoteDisconnected('Remote end closed connection without response'))
2025-08-19 08:07:05,658 - WARNING - ⚠️ 603500 祥和实业 K线更新失败: ('Connection aborted.', RemoteDisconnected('Remote end closed connection without response'))
2025-08-19 08:07:05,878 - WARNING - ⚠️ 603501 豪威集团 K线更新失败: ('Connection aborted.', RemoteDisconnected('Remote end closed connection without response'))
2025-08-19 08:07:06,098 - WARNING - ⚠️ 603505 金石资源 K线更新失败: ('Connection aborted.', RemoteDisconnected('Remote end closed connection without response'))
2025-08-19 08:07:06,302 - WARNING - ⚠️ 603506 南都物业 K线更新失败: ('Connection aborted.', RemoteDisconnected('Remote end closed connection without response'))
2025-08-19 08:07:06,519 - WARNING - ⚠️ 603507 振江股份 K线更新失败: ('Connection aborted.', RemoteDisconnected('Remote end closed connection without response'))
2025-08-19 08:07:06,742 - WARNING - ⚠️ 603508 思维列控 K线更新失败: ('Connection aborted.', RemoteDisconnected('Remote end closed connection without response'))
2025-08-19 08:07:06,961 - WARNING - ⚠️ 603511 爱慕股份 K线更新失败: ('Connection aborted.', RemoteDisconnected('Remote end closed connection without response'))
2025-08-19 08:07:07,180 - WARNING - ⚠️ 603515 欧普照明 K线更新失败: ('Connection aborted.', RemoteDisconnected('Remote end closed connection without response'))
2025-08-19 08:07:07,400 - WARNING - ⚠️ 603516 淳中科技 K线更新失败: ('Connection aborted.', RemoteDisconnected('Remote end closed connection without response'))
2025-08-19 08:07:07,618 - WARNING - ⚠️ 603517 绝味食品 K线更新失败: ('Connection aborted.', RemoteDisconnected('Remote end closed connection without response'))
2025-08-19 08:07:07,838 - WARNING - ⚠️ 603518 锦泓集团 K线更新失败: ('Connection aborted.', RemoteDisconnected('Remote end closed connection without response'))
2025-08-19 08:07:08,042 - WARNING - ⚠️ 603519 立霸股份 K线更新失败: ('Connection aborted.', RemoteDisconnected('Remote end closed connection without response'))
2025-08-19 08:07:08,261 - WARNING - ⚠️ 603520 司太立 K线更新失败: ('Connection aborted.', RemoteDisconnected('Remote end closed connection without response'))
2025-08-19 08:07:08,481 - WARNING - ⚠️ 603527 众源新材 K线更新失败: ('Connection aborted.', RemoteDisconnected('Remote end closed connection without response'))
2025-08-19 08:07:08,696 - WARNING - ⚠️ 603528 多伦科技 K线更新失败: ('Connection aborted.', RemoteDisconnected('Remote end closed connection without response'))
2025-08-19 08:07:08,914 - WARNING - ⚠️ 603529 爱玛科技 K线更新失败: ('Connection aborted.', RemoteDisconnected('Remote end closed connection without response'))
2025-08-19 08:07:09,136 - WARNING - ⚠️ 603530 神马电力 K线更新失败: ('Connection aborted.', RemoteDisconnected('Remote end closed connection without response'))
2025-08-19 08:07:09,345 - WARNING - ⚠️ 603533 掌阅科技 K线更新失败: ('Connection aborted.', RemoteDisconnected('Remote end closed connection without response'))
2025-08-19 08:07:09,564 - WARNING - ⚠️ 603535 嘉诚国际 K线更新失败: ('Connection aborted.', RemoteDisconnected('Remote end closed connection without response'))
2025-08-19 08:07:09,782 - WARNING - ⚠️ 603536 惠发食品 K线更新失败: ('Connection aborted.', RemoteDisconnected('Remote end closed connection without response'))
2025-08-19 08:07:10,010 - WARNING - ⚠️ 603538 美诺华 K线更新失败: ('Connection aborted.', RemoteDisconnected('Remote end closed connection without response'))
2025-08-19 08:07:10,240 - WARNING - ⚠️ 603551 奥普科技 K线更新失败: ('Connection aborted.', RemoteDisconnected('Remote end closed connection without response'))
2025-08-19 08:07:10,458 - WARNING - ⚠️ 603555 ST贵人 K线更新失败: ('Connection aborted.', RemoteDisconnected('Remote end closed connection without response'))
2025-08-19 08:07:10,678 - WARNING - ⚠️ 603556 海兴电力 K线更新失败: ('Connection aborted.', RemoteDisconnected('Remote end closed connection without response'))
2025-08-19 08:07:10,896 - WARNING - ⚠️ 603557 ST起步 K线更新失败: ('Connection aborted.', RemoteDisconnected('Remote end closed connection without response'))
2025-08-19 08:07:11,115 - WARNING - ⚠️ 603558 健盛集团 K线更新失败: ('Connection aborted.', RemoteDisconnected('Remote end closed connection without response'))
2025-08-19 08:07:11,338 - WARNING - ⚠️ 603559 ST通脉 K线更新失败: ('Connection aborted.', RemoteDisconnected('Remote end closed connection without response'))
2025-08-19 08:07:11,540 - WARNING - ⚠️ 603565 中谷物流 K线更新失败: ('Connection aborted.', RemoteDisconnected('Remote end closed connection without response'))
2025-08-19 08:07:11,759 - WARNING - ⚠️ 603566 普莱柯 K线更新失败: ('Connection aborted.', RemoteDisconnected('Remote end closed connection without response'))
2025-08-19 08:07:11,994 - WARNING - ⚠️ 603567 珍宝岛 K线更新失败: ('Connection aborted.', RemoteDisconnected('Remote end closed connection without response'))
2025-08-19 08:07:12,214 - WARNING - ⚠️ 603568 伟明环保 K线更新失败: ('Connection aborted.', RemoteDisconnected('Remote end closed connection without response'))
2025-08-19 08:07:12,448 - WARNING - ⚠️ 603569 长久物流 K线更新失败: ('Connection aborted.', RemoteDisconnected('Remote end closed connection without response'))
2025-08-19 08:07:12,659 - WARNING - ⚠️ 603577 汇金通 K线更新失败: ('Connection aborted.', RemoteDisconnected('Remote end closed connection without response'))
2025-08-19 08:07:12,870 - WARNING - ⚠️ 603578 三星新材 K线更新失败: ('Connection aborted.', RemoteDisconnected('Remote end closed connection without response'))
2025-08-19 08:07:13,093 - WARNING - ⚠️ 603579 荣泰健康 K线更新失败: ('Connection aborted.', RemoteDisconnected('Remote end closed connection without response'))
2025-08-19 08:07:13,309 - WARNING - ⚠️ 603580 *ST艾艾 K线更新失败: ('Connection aborted.', RemoteDisconnected('Remote end closed connection without response'))
2025-08-19 08:07:13,531 - WARNING - ⚠️ 603583 捷昌驱动 K线更新失败: ('Connection aborted.', RemoteDisconnected('Remote end closed connection without response'))
2025-08-19 08:07:13,750 - WARNING - ⚠️ 603585 苏利股份 K线更新失败: ('Connection aborted.', RemoteDisconnected('Remote end closed connection without response'))
2025-08-19 08:07:13,984 - WARNING - ⚠️ 603586 金麒麟 K线更新失败: ('Connection aborted.', RemoteDisconnected('Remote end closed connection without response'))
2025-08-19 08:07:14,203 - WARNING - ⚠️ 603587 地素时尚 K线更新失败: ('Connection aborted.', RemoteDisconnected('Remote end closed connection without response'))
2025-08-19 08:07:14,423 - WARNING - ⚠️ 603588 高能环境 K线更新失败: ('Connection aborted.', RemoteDisconnected('Remote end closed connection without response'))
2025-08-19 08:07:14,642 - WARNING - ⚠️ 603589 口子窖 K线更新失败: ('Connection aborted.', RemoteDisconnected('Remote end closed connection without response'))
2025-08-19 08:07:14,865 - WARNING - ⚠️ 603590 康辰药业 K线更新失败: ('Connection aborted.', RemoteDisconnected('Remote end closed connection without response'))
2025-08-19 08:07:15,082 - WARNING - ⚠️ 603595 东尼电子 K线更新失败: ('Connection aborted.', RemoteDisconnected('Remote end closed connection without response'))
2025-08-19 08:07:15,302 - WARNING - ⚠️ 603596 伯特利 K线更新失败: ('Connection aborted.', RemoteDisconnected('Remote end closed connection without response'))
2025-08-19 08:07:15,523 - WARNING - ⚠️ 603598 引力传媒 K线更新失败: ('Connection aborted.', RemoteDisconnected('Remote end closed connection without response'))
2025-08-19 08:07:15,725 - WARNING - ⚠️ 603599 广信股份 K线更新失败: ('Connection aborted.', RemoteDisconnected('Remote end closed connection without response'))
2025-08-19 08:07:15,946 - WARNING - ⚠️ 603600 永艺股份 K线更新失败: ('Connection aborted.', RemoteDisconnected('Remote end closed connection without response'))
2025-08-19 08:07:16,164 - WARNING - ⚠️ 603601 再升科技 K线更新失败: ('Connection aborted.', RemoteDisconnected('Remote end closed connection without response'))
2025-08-19 08:07:16,383 - WARNING - ⚠️ 603602 纵横通信 K线更新失败: ('Connection aborted.', RemoteDisconnected('Remote end closed connection without response'))
2025-08-19 08:07:16,607 - WARNING - ⚠️ 603603 退市博天 K线更新失败: ('Connection aborted.', RemoteDisconnected('Remote end closed connection without response'))
2025-08-19 08:07:16,821 - WARNING - ⚠️ 603605 珀莱雅 K线更新失败: ('Connection aborted.', RemoteDisconnected('Remote end closed connection without response'))
2025-08-19 08:07:17,035 - WARNING - ⚠️ 603606 东方电缆 K线更新失败: ('Connection aborted.', RemoteDisconnected('Remote end closed connection without response'))
2025-08-19 08:07:17,278 - WARNING - ⚠️ 603607 京华激光 K线更新失败: ('Connection aborted.', RemoteDisconnected('Remote end closed connection without response'))
2025-08-19 08:07:17,498 - WARNING - ⚠️ 603608 天创时尚 K线更新失败: ('Connection aborted.', RemoteDisconnected('Remote end closed connection without response'))
2025-08-19 08:07:17,701 - WARNING - ⚠️ 603609 禾丰股份 K线更新失败: ('Connection aborted.', RemoteDisconnected('Remote end closed connection without response'))
2025-08-19 08:07:17,936 - WARNING - ⚠️ 603610 麒盛科技 K线更新失败: ('Connection aborted.', RemoteDisconnected('Remote end closed connection without response'))
2025-08-19 08:07:18,146 - WARNING - ⚠️ 603611 诺力股份 K线更新失败: ('Connection aborted.', RemoteDisconnected('Remote end closed connection without response'))
2025-08-19 08:07:18,347 - WARNING - ⚠️ 603612 索通发展 K线更新失败: ('Connection aborted.', RemoteDisconnected('Remote end closed connection without response'))
2025-08-19 08:07:18,565 - WARNING - ⚠️ 603613 国联股份 K线更新失败: ('Connection aborted.', RemoteDisconnected('Remote end closed connection without response'))
2025-08-19 08:07:18,783 - WARNING - ⚠️ 603615 茶花股份 K线更新失败: ('Connection aborted.', RemoteDisconnected('Remote end closed connection without response'))
2025-08-19 08:07:19,018 - WARNING - ⚠️ 603616 韩建河山 K线更新失败: ('Connection aborted.', RemoteDisconnected('Remote end closed connection without response'))
2025-08-19 08:07:19,241 - WARNING - ⚠️ 603617 君禾股份 K线更新失败: ('Connection aborted.', RemoteDisconnected('Remote end closed connection without response'))
2025-08-19 08:07:19,458 - WARNING - ⚠️ 603618 杭电股份 K线更新失败: ('Connection aborted.', RemoteDisconnected('Remote end closed connection without response'))
2025-08-19 08:07:19,677 - WARNING - ⚠️ 603619 中曼石油 K线更新失败: ('Connection aborted.', RemoteDisconnected('Remote end closed connection without response'))
2025-08-19 08:07:19,896 - WARNING - ⚠️ 603626 科森科技 K线更新失败: ('Connection aborted.', RemoteDisconnected('Remote end closed connection without response'))
2025-08-19 08:07:20,115 - WARNING - ⚠️ 603628 清源股份 K线更新失败: ('Connection aborted.', RemoteDisconnected('Remote end closed connection without response'))
2025-08-19 08:07:20,335 - WARNING - ⚠️ 603629 利通电子 K线更新失败: ('Connection aborted.', RemoteDisconnected('Remote end closed connection without response'))
2025-08-19 08:07:20,563 - WARNING - ⚠️ 603630 拉芳家化 K线更新失败: ('Connection aborted.', RemoteDisconnected('Remote end closed connection without response'))
2025-08-19 08:07:20,770 - WARNING - ⚠️ 603633 徕木股份 K线更新失败: ('Connection aborted.', RemoteDisconnected('Remote end closed connection without response'))
2025-08-19 08:07:20,993 - WARNING - ⚠️ 603636 南威软件 K线更新失败: ('Connection aborted.', RemoteDisconnected('Remote end closed connection without response'))
2025-08-19 08:07:21,214 - WARNING - ⚠️ 603637 镇海股份 K线更新失败: ('Connection aborted.', RemoteDisconnected('Remote end closed connection without response'))
2025-08-19 08:07:21,432 - WARNING - ⚠️ 603638 艾迪精密 K线更新失败: ('Connection aborted.', RemoteDisconnected('Remote end closed connection without response'))
2025-08-19 08:07:21,636 - WARNING - ⚠️ 603639 海利尔 K线更新失败: ('Connection aborted.', RemoteDisconnected('Remote end closed connection without response'))
2025-08-19 08:07:21,869 - WARNING - ⚠️ 603648 XD畅联股 K线更新失败: ('Connection aborted.', RemoteDisconnected('Remote end closed connection without response'))
2025-08-19 08:07:22,091 - WARNING - ⚠️ 603650 彤程新材 K线更新失败: ('Connection aborted.', RemoteDisconnected('Remote end closed connection without response'))
2025-08-19 08:07:22,311 - WARNING - ⚠️ 603655 朗博科技 K线更新失败: ('Connection aborted.', RemoteDisconnected('Remote end closed connection without response'))
2025-08-19 08:07:22,529 - WARNING - ⚠️ 603656 泰禾智能 K线更新失败: ('Connection aborted.', RemoteDisconnected('Remote end closed connection without response'))
2025-08-19 08:07:22,749 - WARNING - ⚠️ 603657 春光科技 K线更新失败: ('Connection aborted.', RemoteDisconnected('Remote end closed connection without response'))
2025-08-19 08:07:22,969 - WARNING - ⚠️ 603658 安图生物 K线更新失败: ('Connection aborted.', RemoteDisconnected('Remote end closed connection without response'))
2025-08-19 08:07:23,189 - WARNING - ⚠️ 603659 璞泰来 K线更新失败: ('Connection aborted.', RemoteDisconnected('Remote end closed connection without response'))
2025-08-19 08:07:23,409 - WARNING - ⚠️ 603660 苏州科达 K线更新失败: ('Connection aborted.', RemoteDisconnected('Remote end closed connection without response'))
2025-08-19 08:07:23,629 - WARNING - ⚠️ 603661 恒林股份 K线更新失败: ('Connection aborted.', RemoteDisconnected('Remote end closed connection without response'))
2025-08-19 08:07:23,855 - WARNING - ⚠️ 603662 柯力传感 K线更新失败: ('Connection aborted.', RemoteDisconnected('Remote end closed connection without response'))
2025-08-19 08:07:24,066 - WARNING - ⚠️ 603663 三祥新材 K线更新失败: ('Connection aborted.', RemoteDisconnected('Remote end closed connection without response'))
2025-08-19 08:07:24,286 - WARNING - ⚠️ 603665 康隆达 K线更新失败: ('Connection aborted.', RemoteDisconnected('Remote end closed connection without response'))
2025-08-19 08:07:24,508 - WARNING - ⚠️ 603666 亿嘉和 K线更新失败: ('Connection aborted.', RemoteDisconnected('Remote end closed connection without response'))
2025-08-19 08:07:24,729 - WARNING - ⚠️ 603667 五洲新春 K线更新失败: ('Connection aborted.', RemoteDisconnected('Remote end closed connection without response'))
2025-08-19 08:07:24,942 - WARNING - ⚠️ 603668 天马科技 K线更新失败: ('Connection aborted.', RemoteDisconnected('Remote end closed connection without response'))
2025-08-19 08:07:25,155 - WARNING - ⚠️ 603669 灵康药业 K线更新失败: ('Connection aborted.', RemoteDisconnected('Remote end closed connection without response'))
2025-08-19 08:07:25,355 - WARNING - ⚠️ 603676 卫信康 K线更新失败: ('Connection aborted.', RemoteDisconnected('Remote end closed connection without response'))
2025-08-19 08:07:25,580 - WARNING - ⚠️ 603677 奇精机械 K线更新失败: ('Connection aborted.', RemoteDisconnected('Remote end closed connection without response'))
2025-08-19 08:07:25,793 - WARNING - ⚠️ 603678 火炬电子 K线更新失败: ('Connection aborted.', RemoteDisconnected('Remote end closed connection without response'))
2025-08-19 08:07:26,012 - WARNING - ⚠️ 603679 华体科技 K线更新失败: ('Connection aborted.', RemoteDisconnected('Remote end closed connection without response'))
2025-08-19 08:07:26,215 - WARNING - ⚠️ 603680 今创集团 K线更新失败: ('Connection aborted.', RemoteDisconnected('Remote end closed connection without response'))
2025-08-19 08:07:26,435 - WARNING - ⚠️ 603681 永冠新材 K线更新失败: ('Connection aborted.', RemoteDisconnected('Remote end closed connection without response'))
2025-08-19 08:07:26,666 - WARNING - ⚠️ 603682 锦和商管 K线更新失败: ('Connection aborted.', RemoteDisconnected('Remote end closed connection without response'))
2025-08-19 08:07:26,874 - WARNING - ⚠️ 603683 晶华新材 K线更新失败: ('Connection aborted.', RemoteDisconnected('Remote end closed connection without response'))
2025-08-19 08:07:27,098 - WARNING - ⚠️ 603685 晨丰科技 K线更新失败: ('Connection aborted.', RemoteDisconnected('Remote end closed connection without response'))
2025-08-19 08:07:27,313 - WARNING - ⚠️ 603686 福龙马 K线更新失败: ('Connection aborted.', RemoteDisconnected('Remote end closed connection without response'))
2025-08-19 08:07:27,532 - WARNING - ⚠️ 603687 大胜达 K线更新失败: ('Connection aborted.', RemoteDisconnected('Remote end closed connection without response'))
2025-08-19 08:07:27,736 - WARNING - ⚠️ 603688 石英股份 K线更新失败: ('Connection aborted.', RemoteDisconnected('Remote end closed connection without response'))
2025-08-19 08:07:27,959 - WARNING - ⚠️ 603689 皖天然气 K线更新失败: ('Connection aborted.', RemoteDisconnected('Remote end closed connection without response'))
2025-08-19 08:07:28,176 - WARNING - ⚠️ 603690 至纯科技 K线更新失败: ('Connection aborted.', RemoteDisconnected('Remote end closed connection without response'))
2025-08-19 08:07:28,380 - WARNING - ⚠️ 603693 江苏新能 K线更新失败: ('Connection aborted.', RemoteDisconnected('Remote end closed connection without response'))
2025-08-19 08:07:28,611 - WARNING - ⚠️ 603696 安记食品 K线更新失败: ('Connection aborted.', RemoteDisconnected('Remote end closed connection without response'))
2025-08-19 08:07:28,826 - WARNING - ⚠️ 603697 有友食品 K线更新失败: ('Connection aborted.', RemoteDisconnected('Remote end closed connection without response'))
2025-08-19 08:07:29,047 - WARNING - ⚠️ 603698 航天工程 K线更新失败: ('Connection aborted.', RemoteDisconnected('Remote end closed connection without response'))
2025-08-19 08:07:29,259 - WARNING - ⚠️ 603699 纽威股份 K线更新失败: ('Connection aborted.', RemoteDisconnected('Remote end closed connection without response'))
2025-08-19 08:07:29,476 - WARNING - ⚠️ 603700 宁水集团 K线更新失败: ('Connection aborted.', RemoteDisconnected('Remote end closed connection without response'))
2025-08-19 08:07:29,696 - WARNING - ⚠️ 603701 德宏股份 K线更新失败: ('Connection aborted.', RemoteDisconnected('Remote end closed connection without response'))
2025-08-19 08:07:29,932 - WARNING - ⚠️ 603703 盛洋科技 K线更新失败: ('Connection aborted.', RemoteDisconnected('Remote end closed connection without response'))
2025-08-19 08:07:30,152 - WARNING - ⚠️ 603706 东方环宇 K线更新失败: ('Connection aborted.', RemoteDisconnected('Remote end closed connection without response'))
2025-08-19 08:07:30,367 - WARNING - ⚠️ 603707 健友股份 K线更新失败: ('Connection aborted.', RemoteDisconnected('Remote end closed connection without response'))
2025-08-19 08:07:30,591 - WARNING - ⚠️ 603708 家家悦 K线更新失败: ('Connection aborted.', RemoteDisconnected('Remote end closed connection without response'))
2025-08-19 08:07:30,794 - WARNING - ⚠️ 603709 中源家居 K线更新失败: ('Connection aborted.', RemoteDisconnected('Remote end closed connection without response'))
2025-08-19 08:07:31,014 - WARNING - ⚠️ 603711 香飘飘 K线更新失败: ('Connection aborted.', RemoteDisconnected('Remote end closed connection without response'))
2025-08-19 08:07:31,235 - WARNING - ⚠️ 603712 七一二 K线更新失败: ('Connection aborted.', RemoteDisconnected('Remote end closed connection without response'))
2025-08-19 08:07:31,452 - WARNING - ⚠️ 603713 密尔克卫 K线更新失败: ('Connection aborted.', RemoteDisconnected('Remote end closed connection without response'))
2025-08-19 08:07:31,663 - WARNING - ⚠️ 603716 塞力医疗 K线更新失败: ('Connection aborted.', RemoteDisconnected('Remote end closed connection without response'))
2025-08-19 08:07:31,877 - WARNING - ⚠️ 603717 天域生物 K线更新失败: ('Connection aborted.', RemoteDisconnected('Remote end closed connection without response'))
2025-08-19 08:07:32,078 - WARNING - ⚠️ 603718 海利生物 K线更新失败: ('Connection aborted.', RemoteDisconnected('Remote end closed connection without response'))
2025-08-19 08:07:32,313 - WARNING - ⚠️ 603719 良品铺子 K线更新失败: ('Connection aborted.', RemoteDisconnected('Remote end closed connection without response'))
2025-08-19 08:07:32,532 - WARNING - ⚠️ 603721 *ST天择 K线更新失败: ('Connection aborted.', RemoteDisconnected('Remote end closed connection without response'))
2025-08-19 08:07:32,753 - WARNING - ⚠️ 603722 阿科力 K线更新失败: ('Connection aborted.', RemoteDisconnected('Remote end closed connection without response'))
2025-08-19 08:07:32,973 - WARNING - ⚠️ 603725 天安新材 K线更新失败: ('Connection aborted.', RemoteDisconnected('Remote end closed connection without response'))
2025-08-19 08:07:33,180 - WARNING - ⚠️ 603726 朗迪集团 K线更新失败: ('Connection aborted.', RemoteDisconnected('Remote end closed connection without response'))
2025-08-19 08:07:33,399 - WARNING - ⚠️ 603727 博迈科 K线更新失败: ('Connection aborted.', RemoteDisconnected('Remote end closed connection without response'))
2025-08-19 08:07:33,633 - WARNING - ⚠️ 603728 鸣志电器 K线更新失败: ('Connection aborted.', RemoteDisconnected('Remote end closed connection without response'))
2025-08-19 08:07:33,852 - WARNING - ⚠️ 603729 龙韵股份 K线更新失败: ('Connection aborted.', RemoteDisconnected('Remote end closed connection without response'))
2025-08-19 08:07:34,076 - WARNING - ⚠️ 603730 岱美股份 K线更新失败: ('Connection aborted.', RemoteDisconnected('Remote end closed connection without response'))
2025-08-19 08:07:34,290 - WARNING - ⚠️ 603733 仙鹤股份 K线更新失败: ('Connection aborted.', RemoteDisconnected('Remote end closed connection without response'))
2025-08-19 08:07:34,495 - WARNING - ⚠️ 603737 三棵树 K线更新失败: ('Connection aborted.', RemoteDisconnected('Remote end closed connection without response'))
2025-08-19 08:07:34,714 - WARNING - ⚠️ 603738 泰晶科技 K线更新失败: ('Connection aborted.', RemoteDisconnected('Remote end closed connection without response'))
2025-08-19 08:07:34,933 - WARNING - ⚠️ 603739 蔚蓝生物 K线更新失败: ('Connection aborted.', RemoteDisconnected('Remote end closed connection without response'))
2025-08-19 08:07:35,153 - WARNING - ⚠️ 603755 日辰股份 K线更新失败: ('Connection aborted.', RemoteDisconnected('Remote end closed connection without response'))
2025-08-19 08:07:35,369 - WARNING - ⚠️ 603757 大元泵业 K线更新失败: ('Connection aborted.', RemoteDisconnected('Remote end closed connection without response'))
2025-08-19 08:07:35,576 - WARNING - ⚠️ 603758 秦安股份 K线更新失败: ('Connection aborted.', RemoteDisconnected('Remote end closed connection without response'))
2025-08-19 08:07:35,796 - WARNING - ⚠️ 603759 海天股份 K线更新失败: ('Connection aborted.', RemoteDisconnected('Remote end closed connection without response'))
2025-08-19 08:07:36,015 - WARNING - ⚠️ 603766 隆鑫通用 K线更新失败: ('Connection aborted.', RemoteDisconnected('Remote end closed connection without response'))
2025-08-19 08:07:36,234 - WARNING - ⚠️ 603767 中马传动 K线更新失败: ('Connection aborted.', RemoteDisconnected('Remote end closed connection without response'))
2025-08-19 08:07:36,454 - WARNING - ⚠️ 603768 常青股份 K线更新失败: ('Connection aborted.', RemoteDisconnected('Remote end closed connection without response'))
2025-08-19 08:07:36,675 - WARNING - ⚠️ 603773 沃格光电 K线更新失败: ('Connection aborted.', RemoteDisconnected('Remote end closed connection without response'))
2025-08-19 08:07:36,890 - WARNING - ⚠️ 603776 永安行 K线更新失败: ('Connection aborted.', RemoteDisconnected('Remote end closed connection without response'))
2025-08-19 08:07:37,105 - WARNING - ⚠️ 603777 来伊份 K线更新失败: ('Connection aborted.', RemoteDisconnected('Remote end closed connection without response'))
2025-08-19 08:07:37,332 - WARNING - ⚠️ 603778 国晟科技 K线更新失败: ('Connection aborted.', RemoteDisconnected('Remote end closed connection without response'))
2025-08-19 08:07:37,551 - WARNING - ⚠️ 603779 威龙股份 K线更新失败: ('Connection aborted.', RemoteDisconnected('Remote end closed connection without response'))
2025-08-19 08:07:37,769 - WARNING - ⚠️ 603786 科博达 K线更新失败: ('Connection aborted.', RemoteDisconnected('Remote end closed connection without response'))
2025-08-19 08:07:37,992 - WARNING - ⚠️ 603787 新日股份 K线更新失败: ('Connection aborted.', RemoteDisconnected('Remote end closed connection without response'))
2025-08-19 08:07:38,212 - WARNING - ⚠️ 603788 宁波高发 K线更新失败: ('Connection aborted.', RemoteDisconnected('Remote end closed connection without response'))
2025-08-19 08:07:38,445 - WARNING - ⚠️ 603789 *ST星农 K线更新失败: ('Connection aborted.', RemoteDisconnected('Remote end closed connection without response'))
2025-08-19 08:07:38,665 - WARNING - ⚠️ 603790 雅运股份 K线更新失败: ('Connection aborted.', RemoteDisconnected('Remote end closed connection without response'))
2025-08-19 08:07:38,885 - WARNING - ⚠️ 603797 联泰环保 K线更新失败: ('Connection aborted.', RemoteDisconnected('Remote end closed connection without response'))
2025-08-19 08:07:39,105 - WARNING - ⚠️ 603798 康普顿 K线更新失败: ('Connection aborted.', RemoteDisconnected('Remote end closed connection without response'))
2025-08-19 08:07:39,325 - WARNING - ⚠️ 603799 华友钴业 K线更新失败: ('Connection aborted.', RemoteDisconnected('Remote end closed connection without response'))
2025-08-19 08:07:39,544 - WARNING - ⚠️ 603800 洪田股份 K线更新失败: ('Connection aborted.', RemoteDisconnected('Remote end closed connection without response'))
2025-08-19 08:07:39,747 - WARNING - ⚠️ 603801 志邦家居 K线更新失败: ('Connection aborted.', RemoteDisconnected('Remote end closed connection without response'))
2025-08-19 08:07:39,966 - WARNING - ⚠️ 603803 瑞斯康达 K线更新失败: ('Connection aborted.', RemoteDisconnected('Remote end closed connection without response'))
2025-08-19 08:07:40,187 - WARNING - ⚠️ 603806 福斯特 K线更新失败: ('Connection aborted.', RemoteDisconnected('Remote end closed connection without response'))
2025-08-19 08:07:40,410 - WARNING - ⚠️ 603808 歌力思 K线更新失败: ('Connection aborted.', RemoteDisconnected('Remote end closed connection without response'))
2025-08-19 08:07:40,616 - WARNING - ⚠️ 603809 豪能股份 K线更新失败: ('Connection aborted.', RemoteDisconnected('Remote end closed connection without response'))
2025-08-19 08:07:40,823 - WARNING - ⚠️ 603810 丰山集团 K线更新失败: ('Connection aborted.', RemoteDisconnected('Remote end closed connection without response'))
2025-08-19 08:07:41,047 - WARNING - ⚠️ 603811 诚意药业 K线更新失败: ('Connection aborted.', RemoteDisconnected('Remote end closed connection without response'))
2025-08-19 08:07:41,243 - WARNING - ⚠️ 603813 *ST原尚 K线更新失败: ('Connection aborted.', RemoteDisconnected('Remote end closed connection without response'))
2025-08-19 08:07:41,448 - WARNING - ⚠️ 603815 交建股份 K线更新失败: ('Connection aborted.', RemoteDisconnected('Remote end closed connection without response'))
2025-08-19 08:07:41,649 - WARNING - ⚠️ 603816 顾家家居 K线更新失败: ('Connection aborted.', RemoteDisconnected('Remote end closed connection without response'))
2025-08-19 08:07:41,853 - WARNING - ⚠️ 603817 海峡环保 K线更新失败: ('Connection aborted.', RemoteDisconnected('Remote end closed connection without response'))
2025-08-19 08:07:42,067 - WARNING - ⚠️ 603818 曲美家居 K线更新失败: ('Connection aborted.', RemoteDisconnected('Remote end closed connection without response'))
2025-08-19 08:07:42,277 - WARNING - ⚠️ 603819 神力股份 K线更新失败: ('Connection aborted.', RemoteDisconnected('Remote end closed connection without response'))
2025-08-19 08:07:42,477 - WARNING - ⚠️ 603822 嘉澳环保 K线更新失败: ('Connection aborted.', RemoteDisconnected('Remote end closed connection without response'))
2025-08-19 08:07:42,679 - WARNING - ⚠️ 603823 百合花 K线更新失败: ('Connection aborted.', RemoteDisconnected('Remote end closed connection without response'))
2025-08-19 08:07:42,883 - WARNING - ⚠️ 603825 华扬联众 K线更新失败: ('Connection aborted.', RemoteDisconnected('Remote end closed connection without response'))
2025-08-19 08:07:43,102 - WARNING - ⚠️ 603826 坤彩科技 K线更新失败: ('Connection aborted.', RemoteDisconnected('Remote end closed connection without response'))
2025-08-19 08:07:43,322 - WARNING - ⚠️ 603828 ST柯利达 K线更新失败: ('Connection aborted.', RemoteDisconnected('Remote end closed connection without response'))
2025-08-19 08:07:43,526 - WARNING - ⚠️ 603829 洛凯股份 K线更新失败: ('Connection aborted.', RemoteDisconnected('Remote end closed connection without response'))
2025-08-19 08:07:43,731 - WARNING - ⚠️ 603833 欧派家居 K线更新失败: ('Connection aborted.', RemoteDisconnected('Remote end closed connection without response'))
2025-08-19 08:07:43,951 - WARNING - ⚠️ 603836 海程邦达 K线更新失败: ('Connection aborted.', RemoteDisconnected('Remote end closed connection without response'))
2025-08-19 08:07:44,169 - WARNING - ⚠️ 603838 *ST四通 K线更新失败: ('Connection aborted.', RemoteDisconnected('Remote end closed connection without response'))
2025-08-19 08:07:44,390 - WARNING - ⚠️ 603839 安正时尚 K线更新失败: ('Connection aborted.', RemoteDisconnected('Remote end closed connection without response'))
2025-08-19 08:07:44,606 - WARNING - ⚠️ 603843 *ST正平 K线更新失败: ('Connection aborted.', RemoteDisconnected('Remote end closed connection without response'))
2025-08-19 08:07:44,823 - WARNING - ⚠️ 603848 好太太 K线更新失败: ('Connection aborted.', RemoteDisconnected('Remote end closed connection without response'))
2025-08-19 08:07:45,046 - WARNING - ⚠️ 603855 华荣股份 K线更新失败: ('Connection aborted.', RemoteDisconnected('Remote end closed connection without response'))
2025-08-19 08:07:45,251 - WARNING - ⚠️ 603856 东宏股份 K线更新失败: ('Connection aborted.', RemoteDisconnected('Remote end closed connection without response'))
2025-08-19 08:07:45,471 - WARNING - ⚠️ 603858 步长制药 K线更新失败: ('Connection aborted.', RemoteDisconnected('Remote end closed connection without response'))
2025-08-19 08:07:45,681 - WARNING - ⚠️ 603859 能科科技 K线更新失败: ('Connection aborted.', RemoteDisconnected('Remote end closed connection without response'))
2025-08-19 08:07:45,893 - WARNING - ⚠️ 603860 中公高科 K线更新失败: ('Connection aborted.', RemoteDisconnected('Remote end closed connection without response'))
2025-08-19 08:07:46,113 - WARNING - ⚠️ 603861 白云电器 K线更新失败: ('Connection aborted.', RemoteDisconnected('Remote end closed connection without response'))
2025-08-19 08:07:46,333 - WARNING - ⚠️ 603863 松炀资源 K线更新失败: ('Connection aborted.', RemoteDisconnected('Remote end closed connection without response'))
2025-08-19 08:07:46,537 - WARNING - ⚠️ 603866 桃李面包 K线更新失败: ('Connection aborted.', RemoteDisconnected('Remote end closed connection without response'))
2025-08-19 08:07:46,756 - WARNING - ⚠️ 603867 新化股份 K线更新失败: ('Connection aborted.', RemoteDisconnected('Remote end closed connection without response'))
2025-08-19 08:07:46,960 - WARNING - ⚠️ 603868 飞科电器 K线更新失败: ('Connection aborted.', RemoteDisconnected('Remote end closed connection without response'))
2025-08-19 08:07:47,179 - WARNING - ⚠️ 603869 ST智知 K线更新失败: ('Connection aborted.', RemoteDisconnected('Remote end closed connection without response'))
2025-08-19 08:07:47,399 - WARNING - ⚠️ 603871 嘉友国际 K线更新失败: ('Connection aborted.', RemoteDisconnected('Remote end closed connection without response'))
2025-08-19 08:07:47,604 - WARNING - ⚠️ 603876 鼎胜新材 K线更新失败: ('Connection aborted.', RemoteDisconnected('Remote end closed connection without response'))
2025-08-19 08:07:47,808 - WARNING - ⚠️ 603877 太平鸟 K线更新失败: ('Connection aborted.', RemoteDisconnected('Remote end closed connection without response'))
2025-08-19 08:07:48,058 - WARNING - ⚠️ 603878 武进不锈 K线更新失败: ('Connection aborted.', RemoteDisconnected('Remote end closed connection without response'))
2025-08-19 08:07:48,278 - WARNING - ⚠️ 603879 永悦科技 K线更新失败: ('Connection aborted.', RemoteDisconnected('Remote end closed connection without response'))
2025-08-19 08:07:48,486 - WARNING - ⚠️ 603880 南卫股份 K线更新失败: ('Connection aborted.', RemoteDisconnected('Remote end closed connection without response'))
2025-08-19 08:07:48,707 - WARNING - ⚠️ 603881 数据港 K线更新失败: ('Connection aborted.', RemoteDisconnected('Remote end closed connection without response'))
2025-08-19 08:07:48,915 - WARNING - ⚠️ 603882 金域医学 K线更新失败: ('Connection aborted.', RemoteDisconnected('Remote end closed connection without response'))
2025-08-19 08:07:49,133 - WARNING - ⚠️ 603883 老百姓 K线更新失败: ('Connection aborted.', RemoteDisconnected('Remote end closed connection without response'))
2025-08-19 08:07:49,354 - WARNING - ⚠️ 603885 吉祥航空 K线更新失败: ('Connection aborted.', RemoteDisconnected('Remote end closed connection without response'))
2025-08-19 08:07:49,577 - WARNING - ⚠️ 603886 元祖股份 K线更新失败: ('Connection aborted.', RemoteDisconnected('Remote end closed connection without response'))
2025-08-19 08:07:49,797 - WARNING - ⚠️ 603887 城地香江 K线更新失败: ('Connection aborted.', RemoteDisconnected('Remote end closed connection without response'))
2025-08-19 08:07:50,019 - WARNING - ⚠️ 603888 新华网 K线更新失败: ('Connection aborted.', RemoteDisconnected('Remote end closed connection without response'))
2025-08-19 08:07:50,223 - WARNING - ⚠️ 603889 新澳股份 K线更新失败: ('Connection aborted.', RemoteDisconnected('Remote end closed connection without response'))
2025-08-19 08:07:50,459 - WARNING - ⚠️ 603890 春秋电子 K线更新失败: ('Connection aborted.', RemoteDisconnected('Remote end closed connection without response'))
2025-08-19 08:07:50,663 - WARNING - ⚠️ 603893 瑞芯微 K线更新失败: ('Connection aborted.', RemoteDisconnected('Remote end closed connection without response'))
2025-08-19 08:07:50,864 - WARNING - ⚠️ 603895 天永智能 K线更新失败: ('Connection aborted.', RemoteDisconnected('Remote end closed connection without response'))
2025-08-19 08:07:51,099 - WARNING - ⚠️ 603896 寿仙谷 K线更新失败: ('Connection aborted.', RemoteDisconnected('Remote end closed connection without response'))
2025-08-19 08:07:51,319 - WARNING - ⚠️ 603897 长城科技 K线更新失败: ('Connection aborted.', RemoteDisconnected('Remote end closed connection without response'))
2025-08-19 08:07:51,522 - WARNING - ⚠️ 603898 好莱客 K线更新失败: ('Connection aborted.', RemoteDisconnected('Remote end closed connection without response'))
2025-08-19 08:07:51,727 - WARNING - ⚠️ 603899 晨光股份 K线更新失败: ('Connection aborted.', RemoteDisconnected('Remote end closed connection without response'))
2025-08-19 08:07:51,946 - WARNING - ⚠️ 603900 莱绅通灵 K线更新失败: ('Connection aborted.', RemoteDisconnected('Remote end closed connection without response'))
2025-08-19 08:07:52,166 - WARNING - ⚠️ 603901 永创智能 K线更新失败: ('Connection aborted.', RemoteDisconnected('Remote end closed connection without response'))
2025-08-19 08:07:52,385 - WARNING - ⚠️ 603903 中持股份 K线更新失败: ('Connection aborted.', RemoteDisconnected('Remote end closed connection without response'))
2025-08-19 08:07:52,600 - WARNING - ⚠️ 603906 龙蟠科技 K线更新失败: ('Connection aborted.', RemoteDisconnected('Remote end closed connection without response'))
2025-08-19 08:07:52,826 - WARNING - ⚠️ 603908 牧高笛 K线更新失败: ('Connection aborted.', RemoteDisconnected('Remote end closed connection without response'))
2025-08-19 08:07:53,038 - WARNING - ⚠️ 603909 建发合诚 K线更新失败: ('Connection aborted.', RemoteDisconnected('Remote end closed connection without response'))
2025-08-19 08:07:53,265 - WARNING - ⚠️ 603912 佳力图 K线更新失败: ('Connection aborted.', RemoteDisconnected('Remote end closed connection without response'))
2025-08-19 08:07:53,473 - WARNING - ⚠️ 603915 国茂股份 K线更新失败: ('Connection aborted.', RemoteDisconnected('Remote end closed connection without response'))
2025-08-19 08:07:53,690 - WARNING - ⚠️ 603916 苏博特 K线更新失败: ('Connection aborted.', RemoteDisconnected('Remote end closed connection without response'))
2025-08-19 08:07:53,905 - WARNING - ⚠️ 603917 合力科技 K线更新失败: ('Connection aborted.', RemoteDisconnected('Remote end closed connection without response'))
2025-08-19 08:07:54,124 - WARNING - ⚠️ 603918 金桥信息 K线更新失败: ('Connection aborted.', RemoteDisconnected('Remote end closed connection without response'))
2025-08-19 08:07:54,330 - WARNING - ⚠️ 603919 金徽酒 K线更新失败: ('Connection aborted.', RemoteDisconnected('Remote end closed connection without response'))
2025-08-19 08:07:54,549 - WARNING - ⚠️ 603920 世运电路 K线更新失败: ('Connection aborted.', RemoteDisconnected('Remote end closed connection without response'))
2025-08-19 08:07:54,763 - WARNING - ⚠️ 603922 金鸿顺 K线更新失败: ('Connection aborted.', RemoteDisconnected('Remote end closed connection without response'))
2025-08-19 08:07:54,973 - WARNING - ⚠️ 603926 铁流股份 K线更新失败: ('Connection aborted.', RemoteDisconnected('Remote end closed connection without response'))
2025-08-19 08:07:55,177 - WARNING - ⚠️ 603927 中科软 K线更新失败: ('Connection aborted.', RemoteDisconnected('Remote end closed connection without response'))
2025-08-19 08:07:55,380 - WARNING - ⚠️ 603928 兴业股份 K线更新失败: ('Connection aborted.', RemoteDisconnected('Remote end closed connection without response'))
2025-08-19 08:07:55,601 - WARNING - ⚠️ 603929 亚翔集成 K线更新失败: ('Connection aborted.', RemoteDisconnected('Remote end closed connection without response'))
2025-08-19 08:07:55,820 - WARNING - ⚠️ 603931 格林达 K线更新失败: ('Connection aborted.', RemoteDisconnected('Remote end closed connection without response'))
2025-08-19 08:07:56,039 - WARNING - ⚠️ 603933 睿能科技 K线更新失败: ('Connection aborted.', RemoteDisconnected('Remote end closed connection without response'))
2025-08-19 08:07:56,259 - WARNING - ⚠️ 603936 博敏电子 K线更新失败: ('Connection aborted.', RemoteDisconnected('Remote end closed connection without response'))
2025-08-19 08:07:56,463 - WARNING - ⚠️ 603937 丽岛新材 K线更新失败: ('Connection aborted.', RemoteDisconnected('Remote end closed connection without response'))
2025-08-19 08:07:56,693 - WARNING - ⚠️ 603938 三孚股份 K线更新失败: ('Connection aborted.', RemoteDisconnected('Remote end closed connection without response'))
2025-08-19 08:07:56,912 - WARNING - ⚠️ 603939 益丰药房 K线更新失败: ('Connection aborted.', RemoteDisconnected('Remote end closed connection without response'))
2025-08-19 08:07:57,132 - WARNING - ⚠️ 603948 建业股份 K线更新失败: ('Connection aborted.', RemoteDisconnected('Remote end closed connection without response'))
2025-08-19 08:07:57,337 - WARNING - ⚠️ 603949 雪龙集团 K线更新失败: ('Connection aborted.', RemoteDisconnected('Remote end closed connection without response'))
2025-08-19 08:07:57,561 - WARNING - ⚠️ 603950 长源东谷 K线更新失败: ('Connection aborted.', RemoteDisconnected('Remote end closed connection without response'))
2025-08-19 08:07:57,779 - WARNING - ⚠️ 603955 大千生态 K线更新失败: ('Connection aborted.', RemoteDisconnected('Remote end closed connection without response'))
2025-08-19 08:07:58,000 - WARNING - ⚠️ 603956 威派格 K线更新失败: ('Connection aborted.', RemoteDisconnected('Remote end closed connection without response'))
2025-08-19 08:07:58,219 - WARNING - ⚠️ 603958 哈森股份 K线更新失败: ('Connection aborted.', RemoteDisconnected('Remote end closed connection without response'))
2025-08-19 08:07:58,429 - WARNING - ⚠️ 603959 百利科技 K线更新失败: ('Connection aborted.', RemoteDisconnected('Remote end closed connection without response'))
2025-08-19 08:07:58,657 - WARNING - ⚠️ 603960 克来机电 K线更新失败: ('Connection aborted.', RemoteDisconnected('Remote end closed connection without response'))
2025-08-19 08:07:58,877 - WARNING - ⚠️ 603963 *ST大药 K线更新失败: ('Connection aborted.', RemoteDisconnected('Remote end closed connection without response'))
2025-08-19 08:07:59,080 - WARNING - ⚠️ 603966 法兰泰克 K线更新失败: ('Connection aborted.', RemoteDisconnected('Remote end closed connection without response'))
2025-08-19 08:07:59,301 - WARNING - ⚠️ 603967 中创物流 K线更新失败: ('Connection aborted.', RemoteDisconnected('Remote end closed connection without response'))
2025-08-19 08:07:59,524 - WARNING - ⚠️ 603968 醋化股份 K线更新失败: ('Connection aborted.', RemoteDisconnected('Remote end closed connection without response'))
2025-08-19 08:07:59,724 - WARNING - ⚠️ 603969 银龙股份 K线更新失败: ('Connection aborted.', RemoteDisconnected('Remote end closed connection without response'))
2025-08-19 08:07:59,944 - WARNING - ⚠️ 603970 中农立华 K线更新失败: ('Connection aborted.', RemoteDisconnected('Remote end closed connection without response'))
2025-08-19 08:08:00,147 - WARNING - ⚠️ 603976 正川股份 K线更新失败: ('Connection aborted.', RemoteDisconnected('Remote end closed connection without response'))
2025-08-19 08:08:00,368 - WARNING - ⚠️ 603977 国泰集团 K线更新失败: ('Connection aborted.', RemoteDisconnected('Remote end closed connection without response'))
2025-08-19 08:08:00,591 - WARNING - ⚠️ 603978 深圳新星 K线更新失败: ('Connection aborted.', RemoteDisconnected('Remote end closed connection without response'))
2025-08-19 08:08:00,809 - WARNING - ⚠️ 603979 金诚信 K线更新失败: ('Connection aborted.', RemoteDisconnected('Remote end closed connection without response'))
2025-08-19 08:08:01,019 - WARNING - ⚠️ 603980 吉华集团 K线更新失败: ('Connection aborted.', RemoteDisconnected('Remote end closed connection without response'))
2025-08-19 08:08:01,227 - WARNING - ⚠️ 603982 泉峰汽车 K线更新失败: ('Connection aborted.', RemoteDisconnected('Remote end closed connection without response'))
2025-08-19 08:08:01,431 - WARNING - ⚠️ 603983 丸美生物 K线更新失败: ('Connection aborted.', RemoteDisconnected('Remote end closed connection without response'))
2025-08-19 08:08:01,650 - WARNING - ⚠️ 603985 恒润股份 K线更新失败: ('Connection aborted.', RemoteDisconnected('Remote end closed connection without response'))
2025-08-19 08:08:01,873 - WARNING - ⚠️ 603986 兆易创新 K线更新失败: ('Connection aborted.', RemoteDisconnected('Remote end closed connection without response'))
2025-08-19 08:08:02,092 - WARNING - ⚠️ 603987 康德莱 K线更新失败: ('Connection aborted.', RemoteDisconnected('Remote end closed connection without response'))
2025-08-19 08:08:02,303 - WARNING - ⚠️ 603988 中电电机 K线更新失败: ('Connection aborted.', RemoteDisconnected('Remote end closed connection without response'))
2025-08-19 08:08:02,504 - WARNING - ⚠️ 603989 艾华集团 K线更新失败: ('Connection aborted.', RemoteDisconnected('Remote end closed connection without response'))
2025-08-19 08:08:02,718 - WARNING - ⚠️ 603990 麦迪科技 K线更新失败: ('Connection aborted.', RemoteDisconnected('Remote end closed connection without response'))
2025-08-19 08:08:02,938 - WARNING - ⚠️ 603991 至正股份 K线更新失败: ('Connection aborted.', RemoteDisconnected('Remote end closed connection without response'))
2025-08-19 08:08:03,141 - WARNING - ⚠️ 603992 松霖科技 K线更新失败: ('Connection aborted.', RemoteDisconnected('Remote end closed connection without response'))
2025-08-19 08:08:03,346 - WARNING - ⚠️ 603993 洛阳钼业 K线更新失败: ('Connection aborted.', RemoteDisconnected('Remote end closed connection without response'))
2025-08-19 08:08:03,566 - WARNING - ⚠️ 603995 甬金股份 K线更新失败: ('Connection aborted.', RemoteDisconnected('Remote end closed connection without response'))
2025-08-19 08:08:03,784 - WARNING - ⚠️ 603996 退市中新 K线更新失败: ('Connection aborted.', RemoteDisconnected('Remote end closed connection without response'))
2025-08-19 08:08:04,006 - WARNING - ⚠️ 603997 继峰股份 K线更新失败: ('Connection aborted.', RemoteDisconnected('Remote end closed connection without response'))
2025-08-19 08:08:04,224 - WARNING - ⚠️ 603998 方盛制药 K线更新失败: ('Connection aborted.', RemoteDisconnected('Remote end closed connection without response'))
2025-08-19 08:08:04,442 - WARNING - ⚠️ 603999 读者传媒 K线更新失败: ('Connection aborted.', RemoteDisconnected('Remote end closed connection without response'))
2025-08-19 08:08:04,652 - WARNING - ⚠️ 605001 威奥股份 K线更新失败: ('Connection aborted.', RemoteDisconnected('Remote end closed connection without response'))
2025-08-19 08:08:04,875 - WARNING - ⚠️ 605003 众望布艺 K线更新失败: ('Connection aborted.', RemoteDisconnected('Remote end closed connection without response'))
2025-08-19 08:08:05,086 - WARNING - ⚠️ 605005 合兴股份 K线更新失败: ('Connection aborted.', RemoteDisconnected('Remote end closed connection without response'))
2025-08-19 08:08:05,307 - WARNING - ⚠️ 605006 山东玻纤 K线更新失败: ('Connection aborted.', RemoteDisconnected('Remote end closed connection without response'))
2025-08-19 08:08:05,526 - WARNING - ⚠️ 605007 五洲特纸 K线更新失败: ('Connection aborted.', RemoteDisconnected('Remote end closed connection without response'))
2025-08-19 08:08:05,746 - WARNING - ⚠️ 605008 长鸿高科 K线更新失败: ('Connection aborted.', RemoteDisconnected('Remote end closed connection without response'))
2025-08-19 08:08:05,965 - WARNING - ⚠️ 605009 豪悦护理 K线更新失败: ('Connection aborted.', RemoteDisconnected('Remote end closed connection without response'))
2025-08-19 08:08:06,184 - WARNING - ⚠️ 605011 杭州热电 K线更新失败: ('Connection aborted.', RemoteDisconnected('Remote end closed connection without response'))
2025-08-19 08:08:06,414 - WARNING - ⚠️ 605016 百龙创园 K线更新失败: ('Connection aborted.', RemoteDisconnected('Remote end closed connection without response'))
2025-08-19 08:08:06,623 - WARNING - ⚠️ 605018 长华集团 K线更新失败: ('Connection aborted.', RemoteDisconnected('Remote end closed connection without response'))
2025-08-19 08:08:06,827 - WARNING - ⚠️ 605020 永和股份 K线更新失败: ('Connection aborted.', RemoteDisconnected('Remote end closed connection without response'))
2025-08-19 08:08:07,047 - WARNING - ⚠️ 605028 世茂能源 K线更新失败: ('Connection aborted.', RemoteDisconnected('Remote end closed connection without response'))
2025-08-19 08:08:07,266 - WARNING - ⚠️ 605033 美邦股份 K线更新失败: ('Connection aborted.', RemoteDisconnected('Remote end closed connection without response'))
2025-08-19 08:08:07,485 - WARNING - ⚠️ 605050 福然德 K线更新失败: ('Connection aborted.', RemoteDisconnected('Remote end closed connection without response'))
2025-08-19 08:08:07,704 - WARNING - ⚠️ 605055 迎丰股份 K线更新失败: ('Connection aborted.', RemoteDisconnected('Remote end closed connection without response'))
2025-08-19 08:08:07,924 - WARNING - ⚠️ 605056 咸亨国际 K线更新失败: ('Connection aborted.', RemoteDisconnected('Remote end closed connection without response'))
2025-08-19 08:08:08,129 - WARNING - ⚠️ 605058 澳弘电子 K线更新失败: ('Connection aborted.', RemoteDisconnected('Remote end closed connection without response'))
2025-08-19 08:08:08,348 - WARNING - ⚠️ 605060 联德股份 K线更新失败: ('Connection aborted.', RemoteDisconnected('Remote end closed connection without response'))
2025-08-19 08:08:08,566 - WARNING - ⚠️ 605066 天正电气 K线更新失败: ('Connection aborted.', RemoteDisconnected('Remote end closed connection without response'))
2025-08-19 08:08:08,781 - WARNING - ⚠️ 605068 明新旭腾 K线更新失败: ('Connection aborted.', RemoteDisconnected('Remote end closed connection without response'))
2025-08-19 08:08:09,000 - WARNING - ⚠️ 605069 正和生态 K线更新失败: ('Connection aborted.', RemoteDisconnected('Remote end closed connection without response'))
2025-08-19 08:08:09,211 - WARNING - ⚠️ 605077 华康股份 K线更新失败: ('Connection aborted.', RemoteDisconnected('Remote end closed connection without response'))
2025-08-19 08:08:09,424 - WARNING - ⚠️ 605080 浙江自然 K线更新失败: ('Connection aborted.', RemoteDisconnected('Remote end closed connection without response'))
2025-08-19 08:08:09,634 - WARNING - ⚠️ 605081 *ST太和 K线更新失败: ('Connection aborted.', RemoteDisconnected('Remote end closed connection without response'))
2025-08-19 08:08:09,838 - WARNING - ⚠️ 605086 龙高股份 K线更新失败: ('Connection aborted.', RemoteDisconnected('Remote end closed connection without response'))
2025-08-19 08:08:10,058 - WARNING - ⚠️ 605088 冠盛股份 K线更新失败: ('Connection aborted.', RemoteDisconnected('Remote end closed connection without response'))
2025-08-19 08:08:10,277 - WARNING - ⚠️ 605089 味知香 K线更新失败: ('Connection aborted.', RemoteDisconnected('Remote end closed connection without response'))
2025-08-19 08:08:10,496 - WARNING - ⚠️ 605090 九丰能源 K线更新失败: ('Connection aborted.', RemoteDisconnected('Remote end closed connection without response'))
2025-08-19 08:08:10,716 - WARNING - ⚠️ 605098 行动教育 K线更新失败: ('Connection aborted.', RemoteDisconnected('Remote end closed connection without response'))
2025-08-19 08:08:10,935 - WARNING - ⚠️ 605099 共创草坪 K线更新失败: ('Connection aborted.', RemoteDisconnected('Remote end closed connection without response'))
2025-08-19 08:08:11,158 - WARNING - ⚠️ 605100 华丰股份 K线更新失败: ('Connection aborted.', RemoteDisconnected('Remote end closed connection without response'))
2025-08-19 08:08:11,374 - WARNING - ⚠️ 605108 同庆楼 K线更新失败: ('Connection aborted.', RemoteDisconnected('Remote end closed connection without response'))
2025-08-19 08:08:11,577 - WARNING - ⚠️ 605111 新洁能 K线更新失败: ('Connection aborted.', RemoteDisconnected('Remote end closed connection without response'))
2025-08-19 08:08:11,797 - WARNING - ⚠️ 605116 奥锐特 K线更新失败: ('Connection aborted.', RemoteDisconnected('Remote end closed connection without response'))
2025-08-19 08:08:12,017 - WARNING - ⚠️ 605117 德业股份 K线更新失败: ('Connection aborted.', RemoteDisconnected('Remote end closed connection without response'))
2025-08-19 08:08:12,240 - WARNING - ⚠️ 605118 力鼎光电 K线更新失败: ('Connection aborted.', RemoteDisconnected('Remote end closed connection without response'))
2025-08-19 08:08:12,457 - WARNING - ⚠️ 605122 四方新材 K线更新失败: ('Connection aborted.', RemoteDisconnected('Remote end closed connection without response'))
2025-08-19 08:08:12,674 - WARNING - ⚠️ 605123 派克新材 K线更新失败: ('Connection aborted.', RemoteDisconnected('Remote end closed connection without response'))
2025-08-19 08:08:12,888 - WARNING - ⚠️ 605128 上海沿浦 K线更新失败: ('Connection aborted.', RemoteDisconnected('Remote end closed connection without response'))
2025-08-19 08:08:13,102 - WARNING - ⚠️ 605133 嵘泰股份 K线更新失败: ('Connection aborted.', RemoteDisconnected('Remote end closed connection without response'))
2025-08-19 08:08:13,319 - WARNING - ⚠️ 605136 丽人丽妆 K线更新失败: ('Connection aborted.', RemoteDisconnected('Remote end closed connection without response'))
2025-08-19 08:08:13,523 - WARNING - ⚠️ 605138 盛泰集团 K线更新失败: ('Connection aborted.', RemoteDisconnected('Remote end closed connection without response'))
2025-08-19 08:08:13,758 - WARNING - ⚠️ 605151 西上海 K线更新失败: ('Connection aborted.', RemoteDisconnected('Remote end closed connection without response'))
2025-08-19 08:08:13,962 - WARNING - ⚠️ 605155 西大门 K线更新失败: ('Connection aborted.', RemoteDisconnected('Remote end closed connection without response'))
2025-08-19 08:08:14,197 - WARNING - ⚠️ 605158 华达新材 K线更新失败: ('Connection aborted.', RemoteDisconnected('Remote end closed connection without response'))
2025-08-19 08:08:14,419 - WARNING - ⚠️ 605162 新中港 K线更新失败: ('Connection aborted.', RemoteDisconnected('Remote end closed connection without response'))
2025-08-19 08:08:14,636 - WARNING - ⚠️ 605166 聚合顺 K线更新失败: ('Connection aborted.', RemoteDisconnected('Remote end closed connection without response'))
2025-08-19 08:08:14,860 - WARNING - ⚠️ 605167 利柏特 K线更新失败: ('Connection aborted.', RemoteDisconnected('Remote end closed connection without response'))
2025-08-19 08:08:15,074 - WARNING - ⚠️ 605168 三人行 K线更新失败: ('Connection aborted.', RemoteDisconnected('Remote end closed connection without response'))
2025-08-19 08:08:15,294 - WARNING - ⚠️ 605169 洪通燃气 K线更新失败: ('Connection aborted.', RemoteDisconnected('Remote end closed connection without response'))
2025-08-19 08:08:15,514 - WARNING - ⚠️ 605177 东亚药业 K线更新失败: ('Connection aborted.', RemoteDisconnected('Remote end closed connection without response'))
2025-08-19 08:08:15,721 - WARNING - ⚠️ 605178 时空科技 K线更新失败: ('Connection aborted.', RemoteDisconnected('Remote end closed connection without response'))
2025-08-19 08:08:15,958 - WARNING - ⚠️ 605179 一鸣食品 K线更新失败: ('Connection aborted.', RemoteDisconnected('Remote end closed connection without response'))
2025-08-19 08:08:16,172 - WARNING - ⚠️ 605180 华生科技 K线更新失败: ('Connection aborted.', RemoteDisconnected('Remote end closed connection without response'))
2025-08-19 08:08:16,392 - WARNING - ⚠️ 605183 确成股份 K线更新失败: ('Connection aborted.', RemoteDisconnected('Remote end closed connection without response'))
2025-08-19 08:08:16,608 - WARNING - ⚠️ 605186 健麾信息 K线更新失败: ('Connection aborted.', RemoteDisconnected('Remote end closed connection without response'))
2025-08-19 08:08:16,828 - WARNING - ⚠️ 605188 国光连锁 K线更新失败: ('Connection aborted.', RemoteDisconnected('Remote end closed connection without response'))
2025-08-19 08:08:17,038 - WARNING - ⚠️ 605189 富春染织 K线更新失败: ('Connection aborted.', RemoteDisconnected('Remote end closed connection without response'))
2025-08-19 08:08:17,258 - WARNING - ⚠️ 605196 华通线缆 K线更新失败: ('Connection aborted.', RemoteDisconnected('Remote end closed connection without response'))
2025-08-19 08:08:17,478 - WARNING - ⚠️ 605198 安德利 K线更新失败: ('Connection aborted.', RemoteDisconnected('Remote end closed connection without response'))
2025-08-19 08:08:17,692 - WARNING - ⚠️ 605199 ST葫芦娃 K线更新失败: ('Connection aborted.', RemoteDisconnected('Remote end closed connection without response'))
2025-08-19 08:08:17,897 - WARNING - ⚠️ 605208 永茂泰 K线更新失败: ('Connection aborted.', RemoteDisconnected('Remote end closed connection without response'))
2025-08-19 08:08:18,101 - WARNING - ⚠️ 605218 伟时电子 K线更新失败: ('Connection aborted.', RemoteDisconnected('Remote end closed connection without response'))
2025-08-19 08:08:18,306 - WARNING - ⚠️ 605222 起帆电缆 K线更新失败: ('Connection aborted.', RemoteDisconnected('Remote end closed connection without response'))
2025-08-19 08:08:18,526 - WARNING - ⚠️ 605228 神通科技 K线更新失败: ('Connection aborted.', RemoteDisconnected('Remote end closed connection without response'))
2025-08-19 08:08:18,744 - WARNING - ⚠️ 605255 天普股份 K线更新失败: ('Connection aborted.', RemoteDisconnected('Remote end closed connection without response'))
2025-08-19 08:08:18,949 - WARNING - ⚠️ 605258 协和电子 K线更新失败: ('Connection aborted.', RemoteDisconnected('Remote end closed connection without response'))
2025-08-19 08:08:19,151 - WARNING - ⚠️ 605259 绿田机械 K线更新失败: ('Connection aborted.', RemoteDisconnected('Remote end closed connection without response'))
2025-08-19 08:08:19,374 - WARNING - ⚠️ 605266 健之佳 K线更新失败: ('Connection aborted.', RemoteDisconnected('Remote end closed connection without response'))
2025-08-19 08:08:19,591 - WARNING - ⚠️ 605268 王力安防 K线更新失败: ('Connection aborted.', RemoteDisconnected('Remote end closed connection without response'))
2025-08-19 08:08:19,809 - WARNING - ⚠️ 605277 新亚电子 K线更新失败: ('Connection aborted.', RemoteDisconnected('Remote end closed connection without response'))
2025-08-19 08:08:20,029 - WARNING - ⚠️ 605286 同力日升 K线更新失败: ('Connection aborted.', RemoteDisconnected('Remote end closed connection without response'))
2025-08-19 08:08:20,233 - WARNING - ⚠️ 605287 德才股份 K线更新失败: ('Connection aborted.', RemoteDisconnected('Remote end closed connection without response'))
2025-08-19 08:08:20,453 - WARNING - ⚠️ 605288 凯迪股份 K线更新失败: ('Connection aborted.', RemoteDisconnected('Remote end closed connection without response'))
2025-08-19 08:08:20,675 - WARNING - ⚠️ 605289 罗曼股份 K线更新失败: ('Connection aborted.', RemoteDisconnected('Remote end closed connection without response'))
2025-08-19 08:08:20,892 - WARNING - ⚠️ 605296 神农集团 K线更新失败: ('Connection aborted.', RemoteDisconnected('Remote end closed connection without response'))
2025-08-19 08:08:21,096 - WARNING - ⚠️ 605298 必得科技 K线更新失败: ('Connection aborted.', RemoteDisconnected('Remote end closed connection without response'))
2025-08-19 08:08:21,315 - WARNING - ⚠️ 605299 舒华体育 K线更新失败: ('Connection aborted.', RemoteDisconnected('Remote end closed connection without response'))
2025-08-19 08:08:21,551 - WARNING - ⚠️ 605300 佳禾食品 K线更新失败: ('Connection aborted.', RemoteDisconnected('Remote end closed connection without response'))
2025-08-19 08:08:21,757 - WARNING - ⚠️ 605303 园林股份 K线更新失败: ('Connection aborted.', RemoteDisconnected('Remote end closed connection without response'))
2025-08-19 08:08:21,974 - WARNING - ⚠️ 605305 中际联合 K线更新失败: ('Connection aborted.', RemoteDisconnected('Remote end closed connection without response'))
2025-08-19 08:08:22,193 - WARNING - ⚠️ 605318 法狮龙 K线更新失败: ('Connection aborted.', RemoteDisconnected('Remote end closed connection without response'))
2025-08-19 08:08:22,397 - WARNING - ⚠️ 605319 无锡振华 K线更新失败: ('Connection aborted.', RemoteDisconnected('Remote end closed connection without response'))
2025-08-19 08:08:22,617 - WARNING - ⚠️ 605333 沪光股份 K线更新失败: ('Connection aborted.', RemoteDisconnected('Remote end closed connection without response'))
2025-08-19 08:08:22,845 - WARNING - ⚠️ 605336 帅丰电器 K线更新失败: ('Connection aborted.', RemoteDisconnected('Remote end closed connection without response'))
2025-08-19 08:08:23,071 - WARNING - ⚠️ 605337 李子园 K线更新失败: ('Connection aborted.', RemoteDisconnected('Remote end closed connection without response'))
2025-08-19 08:08:23,275 - WARNING - ⚠️ 605338 巴比食品 K线更新失败: ('Connection aborted.', RemoteDisconnected('Remote end closed connection without response'))
2025-08-19 08:08:23,495 - WARNING - ⚠️ 605339 南侨食品 K线更新失败: ('Connection aborted.', RemoteDisconnected('Remote end closed connection without response'))
2025-08-19 08:08:23,715 - WARNING - ⚠️ 605358 立昂微 K线更新失败: ('Connection aborted.', RemoteDisconnected('Remote end closed connection without response'))
2025-08-19 08:08:23,918 - WARNING - ⚠️ 605365 立达信 K线更新失败: ('Connection aborted.', RemoteDisconnected('Remote end closed connection without response'))
2025-08-19 08:08:24,138 - WARNING - ⚠️ 605366 宏柏新材 K线更新失败: ('Connection aborted.', RemoteDisconnected('Remote end closed connection without response'))
2025-08-19 08:08:24,357 - WARNING - ⚠️ 605368 蓝天燃气 K线更新失败: ('Connection aborted.', RemoteDisconnected('Remote end closed connection without response'))
2025-08-19 08:08:24,571 - WARNING - ⚠️ 605369 拱东医疗 K线更新失败: ('Connection aborted.', RemoteDisconnected('Remote end closed connection without response'))
2025-08-19 08:08:24,793 - WARNING - ⚠️ 605376 博迁新材 K线更新失败: ('Connection aborted.', RemoteDisconnected('Remote end closed connection without response'))
2025-08-19 08:08:25,013 - WARNING - ⚠️ 605377 华旺科技 K线更新失败: ('Connection aborted.', RemoteDisconnected('Remote end closed connection without response'))
2025-08-19 08:08:25,243 - WARNING - ⚠️ 605378 野马电池 K线更新失败: ('Connection aborted.', RemoteDisconnected('Remote end closed connection without response'))
2025-08-19 08:08:25,447 - WARNING - ⚠️ 605388 均瑶健康 K线更新失败: ('Connection aborted.', RemoteDisconnected('Remote end closed connection without response'))
2025-08-19 08:08:25,659 - WARNING - ⚠️ 605389 长龄液压 K线更新失败: ('Connection aborted.', RemoteDisconnected('Remote end closed connection without response'))
2025-08-19 08:08:25,863 - WARNING - ⚠️ 605398 新炬网络 K线更新失败: ('Connection aborted.', RemoteDisconnected('Remote end closed connection without response'))
2025-08-19 08:08:26,082 - WARNING - ⚠️ 605399 晨光新材 K线更新失败: ('Connection aborted.', RemoteDisconnected('Remote end closed connection without response'))
2025-08-19 08:08:26,302 - WARNING - ⚠️ 605488 福莱新材 K线更新失败: ('Connection aborted.', RemoteDisconnected('Remote end closed connection without response'))
2025-08-19 08:08:26,524 - WARNING - ⚠️ 605499 东鹏饮料 K线更新失败: ('Connection aborted.', RemoteDisconnected('Remote end closed connection without response'))
2025-08-19 08:08:26,735 - WARNING - ⚠️ 605500 森林包装 K线更新失败: ('Connection aborted.', RemoteDisconnected('Remote end closed connection without response'))
2025-08-19 08:08:26,962 - WARNING - ⚠️ 605507 国邦医药 K线更新失败: ('Connection aborted.', RemoteDisconnected('Remote end closed connection without response'))
2025-08-19 08:08:27,181 - WARNING - ⚠️ 605555 德昌股份 K线更新失败: ('Connection aborted.', RemoteDisconnected('Remote end closed connection without response'))
2025-08-19 08:08:27,385 - WARNING - ⚠️ 605566 福莱蒽特 K线更新失败: ('Connection aborted.', RemoteDisconnected('Remote end closed connection without response'))
2025-08-19 08:08:27,612 - WARNING - ⚠️ 605567 春雪食品 K线更新失败: ('Connection aborted.', RemoteDisconnected('Remote end closed connection without response'))
2025-08-19 08:08:27,822 - WARNING - ⚠️ 605577 龙版传媒 K线更新失败: ('Connection aborted.', RemoteDisconnected('Remote end closed connection without response'))
2025-08-19 08:08:28,042 - WARNING - ⚠️ 605580 恒盛能源 K线更新失败: ('Connection aborted.', RemoteDisconnected('Remote end closed connection without response'))
2025-08-19 08:08:28,262 - WARNING - ⚠️ 605588 冠石科技 K线更新失败: ('Connection aborted.', RemoteDisconnected('Remote end closed connection without response'))
2025-08-19 08:08:28,467 - WARNING - ⚠️ 605589 圣泉集团 K线更新失败: ('Connection aborted.', RemoteDisconnected('Remote end closed connection without response'))
2025-08-19 08:08:28,682 - WARNING - ⚠️ 605598 上海港湾 K线更新失败: ('Connection aborted.', RemoteDisconnected('Remote end closed connection without response'))
2025-08-19 08:08:28,905 - WARNING - ⚠️ 605599 菜百股份 K线更新失败: ('Connection aborted.', RemoteDisconnected('Remote end closed connection without response'))
2025-08-19 08:08:29,117 - WARNING - ⚠️ 688001 华兴源创 K线更新失败: ('Connection aborted.', RemoteDisconnected('Remote end closed connection without response'))
2025-08-19 08:08:29,344 - WARNING - ⚠️ 688002 睿创微纳 K线更新失败: ('Connection aborted.', RemoteDisconnected('Remote end closed connection without response'))
2025-08-19 08:08:29,572 - WARNING - ⚠️ 688003 天准科技 K线更新失败: ('Connection aborted.', RemoteDisconnected('Remote end closed connection without response'))
2025-08-19 08:08:29,783 - WARNING - ⚠️ 688004 博汇科技 K线更新失败: ('Connection aborted.', RemoteDisconnected('Remote end closed connection without response'))
2025-08-19 08:08:30,003 - WARNING - ⚠️ 688005 容百科技 K线更新失败: ('Connection aborted.', RemoteDisconnected('Remote end closed connection without response'))
2025-08-19 08:08:30,224 - WARNING - ⚠️ 688006 杭可科技 K线更新失败: ('Connection aborted.', RemoteDisconnected('Remote end closed connection without response'))
2025-08-19 08:08:30,441 - WARNING - ⚠️ 688007 光峰科技 K线更新失败: ('Connection aborted.', RemoteDisconnected('Remote end closed connection without response'))
2025-08-19 08:08:30,661 - WARNING - ⚠️ 688008 澜起科技 K线更新失败: ('Connection aborted.', RemoteDisconnected('Remote end closed connection without response'))
2025-08-19 08:08:30,865 - WARNING - ⚠️ 688009 中国通号 K线更新失败: ('Connection aborted.', RemoteDisconnected('Remote end closed connection without response'))
2025-08-19 08:08:31,085 - WARNING - ⚠️ 688010 福光股份 K线更新失败: ('Connection aborted.', RemoteDisconnected('Remote end closed connection without response'))
2025-08-19 08:08:31,315 - WARNING - ⚠️ 688011 新光光电 K线更新失败: ('Connection aborted.', RemoteDisconnected('Remote end closed connection without response'))
2025-08-19 08:08:31,542 - WARNING - ⚠️ 688012 中微公司 K线更新失败: ('Connection aborted.', RemoteDisconnected('Remote end closed connection without response'))
2025-08-19 08:08:31,759 - WARNING - ⚠️ 688013 天臣医疗 K线更新失败: ('Connection aborted.', RemoteDisconnected('Remote end closed connection without response'))
2025-08-19 08:08:31,962 - WARNING - ⚠️ 688015 交控科技 K线更新失败: ('Connection aborted.', RemoteDisconnected('Remote end closed connection without response'))
2025-08-19 08:08:32,181 - WARNING - ⚠️ 688016 心脉医疗 K线更新失败: ('Connection aborted.', RemoteDisconnected('Remote end closed connection without response'))
2025-08-19 08:08:32,402 - WARNING - ⚠️ 688017 绿的谐波 K线更新失败: ('Connection aborted.', RemoteDisconnected('Remote end closed connection without response'))
2025-08-19 08:08:32,620 - WARNING - ⚠️ 688018 乐鑫科技 K线更新失败: ('Connection aborted.', RemoteDisconnected('Remote end closed connection without response'))
2025-08-19 08:08:32,840 - WARNING - ⚠️ 688019 安集科技 K线更新失败: ('Connection aborted.', RemoteDisconnected('Remote end closed connection without response'))
2025-08-19 08:08:33,057 - WARNING - ⚠️ 688020 方邦股份 K线更新失败: ('Connection aborted.', RemoteDisconnected('Remote end closed connection without response'))
2025-08-19 08:08:33,274 - WARNING - ⚠️ 688021 奥福科技 K线更新失败: ('Connection aborted.', RemoteDisconnected('Remote end closed connection without response'))
2025-08-19 08:08:33,483 - WARNING - ⚠️ 688022 瀚川智能 K线更新失败: ('Connection aborted.', RemoteDisconnected('Remote end closed connection without response'))
2025-08-19 08:08:33,702 - WARNING - ⚠️ 688023 安恒信息 K线更新失败: ('Connection aborted.', RemoteDisconnected('Remote end closed connection without response'))
2025-08-19 08:08:33,922 - WARNING - ⚠️ 688025 杰普特 K线更新失败: ('Connection aborted.', RemoteDisconnected('Remote end closed connection without response'))
2025-08-19 08:08:34,144 - WARNING - ⚠️ 688026 洁特生物 K线更新失败: ('Connection aborted.', RemoteDisconnected('Remote end closed connection without response'))
2025-08-19 08:08:34,365 - WARNING - ⚠️ 688027 国盾量子 K线更新失败: ('Connection aborted.', RemoteDisconnected('Remote end closed connection without response'))
2025-08-19 08:08:34,581 - WARNING - ⚠️ 688028 沃尔德 K线更新失败: ('Connection aborted.', RemoteDisconnected('Remote end closed connection without response'))
2025-08-19 08:08:34,801 - WARNING - ⚠️ 688029 南微医学 K线更新失败: ('Connection aborted.', RemoteDisconnected('Remote end closed connection without response'))
2025-08-19 08:08:35,025 - WARNING - ⚠️ 688030 山石网科 K线更新失败: ('Connection aborted.', RemoteDisconnected('Remote end closed connection without response'))
2025-08-19 08:08:35,245 - WARNING - ⚠️ 688031 星环科技 K线更新失败: ('Connection aborted.', RemoteDisconnected('Remote end closed connection without response'))
2025-08-19 08:08:35,460 - WARNING - ⚠️ 688032 禾迈股份 K线更新失败: ('Connection aborted.', RemoteDisconnected('Remote end closed connection without response'))
2025-08-19 08:08:35,692 - WARNING - ⚠️ 688033 天宜新材 K线更新失败: ('Connection aborted.', RemoteDisconnected('Remote end closed connection without response'))
2025-08-19 08:08:35,913 - WARNING - ⚠️ 688035 德邦科技 K线更新失败: ('Connection aborted.', RemoteDisconnected('Remote end closed connection without response'))
2025-08-19 08:08:36,117 - WARNING - ⚠️ 688036 传音控股 K线更新失败: ('Connection aborted.', RemoteDisconnected('Remote end closed connection without response'))
2025-08-19 08:08:36,353 - WARNING - ⚠️ 688037 芯源微 K线更新失败: ('Connection aborted.', RemoteDisconnected('Remote end closed connection without response'))
2025-08-19 08:08:36,563 - WARNING - ⚠️ 688038 中科通达 K线更新失败: ('Connection aborted.', RemoteDisconnected('Remote end closed connection without response'))
2025-08-19 08:08:36,773 - WARNING - ⚠️ 688039 当虹科技 K线更新失败: ('Connection aborted.', RemoteDisconnected('Remote end closed connection without response'))
2025-08-19 08:08:36,985 - WARNING - ⚠️ 688041 海光信息 K线更新失败: ('Connection aborted.', RemoteDisconnected('Remote end closed connection without response'))
2025-08-19 08:08:37,184 - WARNING - ⚠️ 688045 必易微 K线更新失败: ('Connection aborted.', RemoteDisconnected('Remote end closed connection without response'))
2025-08-19 08:08:37,404 - WARNING - ⚠️ 688046 药康生物 K线更新失败: ('Connection aborted.', RemoteDisconnected('Remote end closed connection without response'))
2025-08-19 08:08:37,623 - WARNING - ⚠️ 688047 龙芯中科 K线更新失败: ('Connection aborted.', RemoteDisconnected('Remote end closed connection without response'))
2025-08-19 08:08:37,842 - WARNING - ⚠️ 688048 长光华芯 K线更新失败: ('Connection aborted.', RemoteDisconnected('Remote end closed connection without response'))
2025-08-19 08:08:38,062 - WARNING - ⚠️ 688049 炬芯科技 K线更新失败: ('Connection aborted.', RemoteDisconnected('Remote end closed connection without response'))
2025-08-19 08:08:38,265 - WARNING - ⚠️ 688050 爱博医疗 K线更新失败: ('Connection aborted.', RemoteDisconnected('Remote end closed connection without response'))
2025-08-19 08:08:38,469 - WARNING - ⚠️ 688051 佳华科技 K线更新失败: ('Connection aborted.', RemoteDisconnected('Remote end closed connection without response'))
2025-08-19 08:08:38,727 - WARNING - ⚠️ 688052 纳芯微 K线更新失败: ('Connection aborted.', RemoteDisconnected('Remote end closed connection without response'))
2025-08-19 08:08:38,923 - WARNING - ⚠️ 688053 思科瑞 K线更新失败: ('Connection aborted.', RemoteDisconnected('Remote end closed connection without response'))
2025-08-19 08:08:39,142 - WARNING - ⚠️ 688055 龙腾光电 K线更新失败: ('Connection aborted.', RemoteDisconnected('Remote end closed connection without response'))
2025-08-19 08:08:39,363 - WARNING - ⚠️ 688056 莱伯泰科 K线更新失败: ('Connection aborted.', RemoteDisconnected('Remote end closed connection without response'))
2025-08-19 08:08:39,583 - WARNING - ⚠️ 688057 金达莱 K线更新失败: ('Connection aborted.', RemoteDisconnected('Remote end closed connection without response'))
2025-08-19 08:08:39,803 - WARNING - ⚠️ 688058 宝兰德 K线更新失败: ('Connection aborted.', RemoteDisconnected('Remote end closed connection without response'))
2025-08-19 08:08:40,025 - WARNING - ⚠️ 688059 华锐精密 K线更新失败: ('Connection aborted.', RemoteDisconnected('Remote end closed connection without response'))
2025-08-19 08:08:40,242 - WARNING - ⚠️ 688060 云涌科技 K线更新失败: ('Connection aborted.', RemoteDisconnected('Remote end closed connection without response'))
2025-08-19 08:08:40,451 - WARNING - ⚠️ 688061 灿瑞科技 K线更新失败: ('Connection aborted.', RemoteDisconnected('Remote end closed connection without response'))
2025-08-19 08:08:40,665 - WARNING - ⚠️ 688062 迈威生物 K线更新失败: ('Connection aborted.', RemoteDisconnected('Remote end closed connection without response'))
2025-08-19 08:08:40,878 - WARNING - ⚠️ 688063 派能科技 K线更新失败: ('Connection aborted.', RemoteDisconnected('Remote end closed connection without response'))
2025-08-19 08:08:41,096 - WARNING - ⚠️ 688065 凯赛生物 K线更新失败: ('Connection aborted.', RemoteDisconnected('Remote end closed connection without response'))
2025-08-19 08:08:41,321 - WARNING - ⚠️ 688066 航天宏图 K线更新失败: ('Connection aborted.', RemoteDisconnected('Remote end closed connection without response'))
2025-08-19 08:08:41,543 - WARNING - ⚠️ 688067 爱威科技 K线更新失败: ('Connection aborted.', RemoteDisconnected('Remote end closed connection without response'))
2025-08-19 08:08:41,752 - WARNING - ⚠️ 688068 热景生物 K线更新失败: ('Connection aborted.', RemoteDisconnected('Remote end closed connection without response'))
2025-08-19 08:08:41,966 - WARNING - ⚠️ 688069 德林海 K线更新失败: ('Connection aborted.', RemoteDisconnected('Remote end closed connection without response'))
2025-08-19 08:08:42,186 - WARNING - ⚠️ 688070 纵横股份 K线更新失败: ('Connection aborted.', RemoteDisconnected('Remote end closed connection without response'))
2025-08-19 08:08:42,405 - WARNING - ⚠️ 688071 华依科技 K线更新失败: ('Connection aborted.', RemoteDisconnected('Remote end closed connection without response'))
2025-08-19 08:08:42,625 - WARNING - ⚠️ 688072 拓荆科技 K线更新失败: ('Connection aborted.', RemoteDisconnected('Remote end closed connection without response'))
2025-08-19 08:08:42,829 - WARNING - ⚠️ 688073 毕得医药 K线更新失败: ('Connection aborted.', RemoteDisconnected('Remote end closed connection without response'))
2025-08-19 08:08:43,053 - WARNING - ⚠️ 688075 安旭生物 K线更新失败: ('Connection aborted.', RemoteDisconnected('Remote end closed connection without response'))
2025-08-19 08:08:43,254 - WARNING - ⚠️ 688076 ST诺泰 K线更新失败: ('Connection aborted.', RemoteDisconnected('Remote end closed connection without response'))
2025-08-19 08:08:43,475 - WARNING - ⚠️ 688077 大地熊 K线更新失败: ('Connection aborted.', RemoteDisconnected('Remote end closed connection without response'))
2025-08-19 08:08:43,675 - WARNING - ⚠️ 688078 龙软科技 K线更新失败: ('Connection aborted.', RemoteDisconnected('Remote end closed connection without response'))
2025-08-19 08:08:43,899 - WARNING - ⚠️ 688079 美迪凯 K线更新失败: ('Connection aborted.', RemoteDisconnected('Remote end closed connection without response'))
2025-08-19 08:08:44,115 - WARNING - ⚠️ 688080 映翰通 K线更新失败: ('Connection aborted.', RemoteDisconnected('Remote end closed connection without response'))
2025-08-19 08:08:44,333 - WARNING - ⚠️ 688081 兴图新科 K线更新失败: ('Connection aborted.', RemoteDisconnected('Remote end closed connection without response'))
2025-08-19 08:08:44,559 - WARNING - ⚠️ 688082 盛美上海 K线更新失败: ('Connection aborted.', RemoteDisconnected('Remote end closed connection without response'))
2025-08-19 08:08:44,769 - WARNING - ⚠️ 688083 中望软件 K线更新失败: ('Connection aborted.', RemoteDisconnected('Remote end closed connection without response'))
2025-08-19 08:08:44,987 - WARNING - ⚠️ 688084 晶品特装 K线更新失败: ('Connection aborted.', RemoteDisconnected('Remote end closed connection without response'))
2025-08-19 08:08:45,196 - WARNING - ⚠️ 688085 三友医疗 K线更新失败: ('Connection aborted.', RemoteDisconnected('Remote end closed connection without response'))
2025-08-19 08:08:45,416 - WARNING - ⚠️ 688086 退市紫晶 K线更新失败: ('Connection aborted.', RemoteDisconnected('Remote end closed connection without response'))
2025-08-19 08:08:45,630 - WARNING - ⚠️ 688087 英科再生 K线更新失败: ('Connection aborted.', RemoteDisconnected('Remote end closed connection without response'))
2025-08-19 08:08:45,856 - WARNING - ⚠️ 688088 虹软科技 K线更新失败: ('Connection aborted.', RemoteDisconnected('Remote end closed connection without response'))
2025-08-19 08:08:46,060 - WARNING - ⚠️ 688089 嘉必优 K线更新失败: ('Connection aborted.', RemoteDisconnected('Remote end closed connection without response'))
2025-08-19 08:08:46,263 - WARNING - ⚠️ 688090 瑞松科技 K线更新失败: ('Connection aborted.', RemoteDisconnected('Remote end closed connection without response'))
2025-08-19 08:08:46,497 - WARNING - ⚠️ 688091 上海谊众 K线更新失败: ('Connection aborted.', RemoteDisconnected('Remote end closed connection without response'))
2025-08-19 08:08:46,717 - WARNING - ⚠️ 688092 爱科科技 K线更新失败: ('Connection aborted.', RemoteDisconnected('Remote end closed connection without response'))
2025-08-19 08:08:46,937 - WARNING - ⚠️ 688093 世华科技 K线更新失败: ('Connection aborted.', RemoteDisconnected('Remote end closed connection without response'))
2025-08-19 08:08:47,158 - WARNING - ⚠️ 688095 福昕软件 K线更新失败: ('Connection aborted.', RemoteDisconnected('Remote end closed connection without response'))
2025-08-19 08:08:47,376 - WARNING - ⚠️ 688096 京源环保 K线更新失败: ('Connection aborted.', RemoteDisconnected('Remote end closed connection without response'))
2025-08-19 08:08:47,589 - WARNING - ⚠️ 688097 博众精工 K线更新失败: ('Connection aborted.', RemoteDisconnected('Remote end closed connection without response'))
2025-08-19 08:08:47,798 - WARNING - ⚠️ 688098 申联生物 K线更新失败: ('Connection aborted.', RemoteDisconnected('Remote end closed connection without response'))
2025-08-19 08:08:48,018 - WARNING - ⚠️ 688099 晶晨股份 K线更新失败: ('Connection aborted.', RemoteDisconnected('Remote end closed connection without response'))
2025-08-19 08:08:48,238 - WARNING - ⚠️ 688100 威胜信息 K线更新失败: ('Connection aborted.', RemoteDisconnected('Remote end closed connection without response'))
2025-08-19 08:08:48,460 - WARNING - ⚠️ 688101 三达膜 K线更新失败: ('Connection aborted.', RemoteDisconnected('Remote end closed connection without response'))
2025-08-19 08:08:48,674 - WARNING - ⚠️ 688102 斯瑞新材 K线更新失败: ('Connection aborted.', RemoteDisconnected('Remote end closed connection without response'))
2025-08-19 08:08:48,887 - WARNING - ⚠️ 688103 国力股份 K线更新失败: ('Connection aborted.', RemoteDisconnected('Remote end closed connection without response'))
2025-08-19 08:08:49,108 - WARNING - ⚠️ 688105 诺唯赞 K线更新失败: ('Connection aborted.', RemoteDisconnected('Remote end closed connection without response'))
2025-08-19 08:08:49,333 - WARNING - ⚠️ 688106 金宏气体 K线更新失败: ('Connection aborted.', RemoteDisconnected('Remote end closed connection without response'))
2025-08-19 08:08:49,550 - WARNING - ⚠️ 688107 安路科技 K线更新失败: ('Connection aborted.', RemoteDisconnected('Remote end closed connection without response'))
2025-08-19 08:08:49,771 - WARNING - ⚠️ 688108 赛诺医疗 K线更新失败: ('Connection aborted.', RemoteDisconnected('Remote end closed connection without response'))
2025-08-19 08:08:49,977 - WARNING - ⚠️ 688109 品茗科技 K线更新失败: ('Connection aborted.', RemoteDisconnected('Remote end closed connection without response'))
2025-08-19 08:08:50,197 - WARNING - ⚠️ 688110 东芯股份 K线更新失败: ('Connection aborted.', RemoteDisconnected('Remote end closed connection without response'))
2025-08-19 08:08:50,417 - WARNING - ⚠️ 688111 金山办公 K线更新失败: ('Connection aborted.', RemoteDisconnected('Remote end closed connection without response'))
2025-08-19 08:08:50,636 - WARNING - ⚠️ 688112 鼎阳科技 K线更新失败: ('Connection aborted.', RemoteDisconnected('Remote end closed connection without response'))
2025-08-19 08:08:50,840 - WARNING - ⚠️ 688113 联测科技 K线更新失败: ('Connection aborted.', RemoteDisconnected('Remote end closed connection without response'))
2025-08-19 08:08:51,076 - WARNING - ⚠️ 688114 华大智造 K线更新失败: ('Connection aborted.', RemoteDisconnected('Remote end closed connection without response'))
2025-08-19 08:08:51,280 - WARNING - ⚠️ 688115 思林杰 K线更新失败: ('Connection aborted.', RemoteDisconnected('Remote end closed connection without response'))
2025-08-19 08:08:51,499 - WARNING - ⚠️ 688116 天奈科技 K线更新失败: ('Connection aborted.', RemoteDisconnected('Remote end closed connection without response'))
2025-08-19 08:08:51,734 - WARNING - ⚠️ 688117 圣诺生物 K线更新失败: ('Connection aborted.', RemoteDisconnected('Remote end closed connection without response'))
2025-08-19 08:08:51,955 - WARNING - ⚠️ 688118 普元信息 K线更新失败: ('Connection aborted.', RemoteDisconnected('Remote end closed connection without response'))
2025-08-19 08:08:52,174 - WARNING - ⚠️ 688119 中钢洛耐 K线更新失败: ('Connection aborted.', RemoteDisconnected('Remote end closed connection without response'))
2025-08-19 08:08:52,394 - WARNING - ⚠️ 688120 华海清科 K线更新失败: ('Connection aborted.', RemoteDisconnected('Remote end closed connection without response'))
2025-08-19 08:08:52,605 - WARNING - ⚠️ 688121 卓然股份 K线更新失败: ('Connection aborted.', RemoteDisconnected('Remote end closed connection without response'))
2025-08-19 08:08:52,826 - WARNING - ⚠️ 688122 西部超导 K线更新失败: ('Connection aborted.', RemoteDisconnected('Remote end closed connection without response'))
2025-08-19 08:08:53,052 - WARNING - ⚠️ 688123 聚辰股份 K线更新失败: ('Connection aborted.', RemoteDisconnected('Remote end closed connection without response'))
2025-08-19 08:08:53,273 - WARNING - ⚠️ 688125 安达智能 K线更新失败: ('Connection aborted.', RemoteDisconnected('Remote end closed connection without response'))
2025-08-19 08:08:53,493 - WARNING - ⚠️ 688126 沪硅产业 K线更新失败: ('Connection aborted.', RemoteDisconnected('Remote end closed connection without response'))
2025-08-19 08:08:53,710 - WARNING - ⚠️ 688127 蓝特光学 K线更新失败: ('Connection aborted.', RemoteDisconnected('Remote end closed connection without response'))
2025-08-19 08:08:53,915 - WARNING - ⚠️ 688128 中国电研 K线更新失败: ('Connection aborted.', RemoteDisconnected('Remote end closed connection without response'))
2025-08-19 08:08:54,133 - WARNING - ⚠️ 688129 东来技术 K线更新失败: ('Connection aborted.', RemoteDisconnected('Remote end closed connection without response'))
2025-08-19 08:08:54,353 - WARNING - ⚠️ 688130 晶华微 K线更新失败: ('Connection aborted.', RemoteDisconnected('Remote end closed connection without response'))
2025-08-19 08:08:54,576 - WARNING - ⚠️ 688131 皓元医药 K线更新失败: ('Connection aborted.', RemoteDisconnected('Remote end closed connection without response'))
2025-08-19 08:08:54,798 - WARNING - ⚠️ 688132 邦彦技术 K线更新失败: ('Connection aborted.', RemoteDisconnected('Remote end closed connection without response'))
2025-08-19 08:08:55,012 - WARNING - ⚠️ 688133 泰坦科技 K线更新失败: ('Connection aborted.', RemoteDisconnected('Remote end closed connection without response'))
2025-08-19 08:08:55,216 - WARNING - ⚠️ 688135 利扬芯片 K线更新失败: ('Connection aborted.', RemoteDisconnected('Remote end closed connection without response'))
2025-08-19 08:08:55,420 - WARNING - ⚠️ 688136 科兴制药 K线更新失败: ('Connection aborted.', RemoteDisconnected('Remote end closed connection without response'))
2025-08-19 08:08:55,640 - WARNING - ⚠️ 688137 近岸蛋白 K线更新失败: ('Connection aborted.', RemoteDisconnected('Remote end closed connection without response'))
2025-08-19 08:08:55,843 - WARNING - ⚠️ 688138 清溢光电 K线更新失败: ('Connection aborted.', RemoteDisconnected('Remote end closed connection without response'))
2025-08-19 08:08:56,047 - WARNING - ⚠️ 688139 海尔生物 K线更新失败: ('Connection aborted.', RemoteDisconnected('Remote end closed connection without response'))
2025-08-19 08:08:56,270 - WARNING - ⚠️ 688141 杰华特 K线更新失败: ('Connection aborted.', RemoteDisconnected('Remote end closed connection without response'))
2025-08-19 08:08:56,486 - WARNING - ⚠️ 688143 长盈通 K线更新失败: ('Connection aborted.', RemoteDisconnected('Remote end closed connection without response'))
2025-08-19 08:08:56,700 - WARNING - ⚠️ 688146 中船特气 K线更新失败: ('Connection aborted.', RemoteDisconnected('Remote end closed connection without response'))
2025-08-19 08:08:56,922 - WARNING - ⚠️ 688147 微导纳米 K线更新失败: ('Connection aborted.', RemoteDisconnected('Remote end closed connection without response'))
2025-08-19 08:08:57,132 - WARNING - ⚠️ 688148 芳源股份 K线更新失败: ('Connection aborted.', RemoteDisconnected('Remote end closed connection without response'))
2025-08-19 08:08:57,348 - WARNING - ⚠️ 688150 莱特光电 K线更新失败: ('Connection aborted.', RemoteDisconnected('Remote end closed connection without response'))
2025-08-19 08:08:57,556 - WARNING - ⚠️ 688151 华强科技 K线更新失败: ('Connection aborted.', RemoteDisconnected('Remote end closed connection without response'))
2025-08-19 08:08:57,777 - WARNING - ⚠️ 688152 麒麟信安 K线更新失败: ('Connection aborted.', RemoteDisconnected('Remote end closed connection without response'))
2025-08-19 08:08:57,972 - WARNING - ⚠️ 688153 唯捷创芯 K线更新失败: ('Connection aborted.', RemoteDisconnected('Remote end closed connection without response'))
2025-08-19 08:08:58,178 - WARNING - ⚠️ 688155 先惠技术 K线更新失败: ('Connection aborted.', RemoteDisconnected('Remote end closed connection without response'))
2025-08-19 08:08:58,384 - WARNING - ⚠️ 688156 路德环境 K线更新失败: ('Connection aborted.', RemoteDisconnected('Remote end closed connection without response'))
2025-08-19 08:08:58,604 - WARNING - ⚠️ 688157 松井股份 K线更新失败: ('Connection aborted.', RemoteDisconnected('Remote end closed connection without response'))
2025-08-19 08:08:58,823 - WARNING - ⚠️ 688158 优刻得-W K线更新失败: ('Connection aborted.', RemoteDisconnected('Remote end closed connection without response'))
2025-08-19 08:08:59,042 - WARNING - ⚠️ 688159 有方科技 K线更新失败: ('Connection aborted.', RemoteDisconnected('Remote end closed connection without response'))
2025-08-19 08:08:59,261 - WARNING - ⚠️ 688160 步科股份 K线更新失败: ('Connection aborted.', RemoteDisconnected('Remote end closed connection without response'))
2025-08-19 08:08:59,475 - WARNING - ⚠️ 688161 威高骨科 K线更新失败: ('Connection aborted.', RemoteDisconnected('Remote end closed connection without response'))
2025-08-19 08:08:59,700 - WARNING - ⚠️ 688162 巨一科技 K线更新失败: ('Connection aborted.', RemoteDisconnected('Remote end closed connection without response'))
2025-08-19 08:08:59,925 - WARNING - ⚠️ 688163 赛伦生物 K线更新失败: ('Connection aborted.', RemoteDisconnected('Remote end closed connection without response'))
2025-08-19 08:09:00,140 - WARNING - ⚠️ 688165 埃夫特-U K线更新失败: ('Connection aborted.', RemoteDisconnected('Remote end closed connection without response'))
2025-08-19 08:09:00,359 - WARNING - ⚠️ 688166 博瑞医药 K线更新失败: ('Connection aborted.', RemoteDisconnected('Remote end closed connection without response'))
2025-08-19 08:09:00,580 - WARNING - ⚠️ 688167 炬光科技 K线更新失败: ('Connection aborted.', RemoteDisconnected('Remote end closed connection without response'))
2025-08-19 08:09:00,795 - WARNING - ⚠️ 688168 安博通 K线更新失败: ('Connection aborted.', RemoteDisconnected('Remote end closed connection without response'))
2025-08-19 08:09:01,005 - WARNING - ⚠️ 688169 石头科技 K线更新失败: ('Connection aborted.', RemoteDisconnected('Remote end closed connection without response'))
2025-08-19 08:09:01,227 - WARNING - ⚠️ 688170 德龙激光 K线更新失败: ('Connection aborted.', RemoteDisconnected('Remote end closed connection without response'))
2025-08-19 08:09:01,447 - WARNING - ⚠️ 688171 纬德信息 K线更新失败: ('Connection aborted.', RemoteDisconnected('Remote end closed connection without response'))
2025-08-19 08:09:01,660 - WARNING - ⚠️ 688172 燕东微 K线更新失败: ('Connection aborted.', RemoteDisconnected('Remote end closed connection without response'))
2025-08-19 08:09:01,880 - WARNING - ⚠️ 688173 希荻微 K线更新失败: ('Connection aborted.', RemoteDisconnected('Remote end closed connection without response'))
2025-08-19 08:09:02,084 - WARNING - ⚠️ 688175 高凌信息 K线更新失败: ('Connection aborted.', RemoteDisconnected('Remote end closed connection without response'))
2025-08-19 08:09:02,303 - WARNING - ⚠️ 688176 亚虹医药 K线更新失败: ('Connection aborted.', RemoteDisconnected('Remote end closed connection without response'))
2025-08-19 08:09:02,539 - WARNING - ⚠️ 688177 百奥泰 K线更新失败: ('Connection aborted.', RemoteDisconnected('Remote end closed connection without response'))
2025-08-19 08:09:02,757 - WARNING - ⚠️ 688178 万德斯 K线更新失败: ('Connection aborted.', RemoteDisconnected('Remote end closed connection without response'))
2025-08-19 08:09:02,980 - WARNING - ⚠️ 688179 阿拉丁 K线更新失败: ('Connection aborted.', RemoteDisconnected('Remote end closed connection without response'))
2025-08-19 08:09:03,197 - WARNING - ⚠️ 688180 君实生物-U K线更新失败: ('Connection aborted.', RemoteDisconnected('Remote end closed connection without response'))
2025-08-19 08:09:03,417 - WARNING - ⚠️ 688181 八亿时空 K线更新失败: ('Connection aborted.', RemoteDisconnected('Remote end closed connection without response'))
2025-08-19 08:09:03,643 - WARNING - ⚠️ 688182 灿勤科技 K线更新失败: ('Connection aborted.', RemoteDisconnected('Remote end closed connection without response'))
2025-08-19 08:09:03,856 - WARNING - ⚠️ 688183 生益电子 K线更新失败: ('Connection aborted.', RemoteDisconnected('Remote end closed connection without response'))
2025-08-19 08:09:04,079 - WARNING - ⚠️ 688184 ST帕瓦 K线更新失败: ('Connection aborted.', RemoteDisconnected('Remote end closed connection without response'))
2025-08-19 08:09:04,296 - WARNING - ⚠️ 688185 康希诺 K线更新失败: ('Connection aborted.', RemoteDisconnected('Remote end closed connection without response'))
2025-08-19 08:09:04,517 - WARNING - ⚠️ 688186 广大特材 K线更新失败: ('Connection aborted.', RemoteDisconnected('Remote end closed connection without response'))
2025-08-19 08:09:04,727 - WARNING - ⚠️ 688187 时代电气 K线更新失败: ('Connection aborted.', RemoteDisconnected('Remote end closed connection without response'))
2025-08-19 08:09:04,940 - WARNING - ⚠️ 688188 柏楚电子 K线更新失败: ('Connection aborted.', RemoteDisconnected('Remote end closed connection without response'))
2025-08-19 08:09:05,148 - WARNING - ⚠️ 688189 南新制药 K线更新失败: ('Connection aborted.', RemoteDisconnected('Remote end closed connection without response'))
2025-08-19 08:09:05,344 - WARNING - ⚠️ 688190 云路股份 K线更新失败: ('Connection aborted.', RemoteDisconnected('Remote end closed connection without response'))
2025-08-19 08:09:05,564 - WARNING - ⚠️ 688191 智洋创新 K线更新失败: ('Connection aborted.', RemoteDisconnected('Remote end closed connection without response'))
2025-08-19 08:09:05,783 - WARNING - ⚠️ 688192 迪哲医药 K线更新失败: ('Connection aborted.', RemoteDisconnected('Remote end closed connection without response'))
2025-08-19 08:09:05,988 - WARNING - ⚠️ 688193 仁度生物 K线更新失败: ('Connection aborted.', RemoteDisconnected('Remote end closed connection without response'))
2025-08-19 08:09:06,311 - WARNING - ⚠️ 688195 腾景科技 K线更新失败: ('Connection aborted.', RemoteDisconnected('Remote end closed connection without response'))
2025-08-19 08:09:06,521 - WARNING - ⚠️ 688196 卓越新能 K线更新失败: ('Connection aborted.', RemoteDisconnected('Remote end closed connection without response'))
2025-08-19 08:09:06,725 - WARNING - ⚠️ 688197 首药控股 K线更新失败: ('Connection aborted.', RemoteDisconnected('Remote end closed connection without response'))
2025-08-19 08:09:06,945 - WARNING - ⚠️ 688198 佰仁医疗 K线更新失败: ('Connection aborted.', RemoteDisconnected('Remote end closed connection without response'))
2025-08-19 08:09:07,149 - WARNING - ⚠️ 688199 久日新材 K线更新失败: ('Connection aborted.', RemoteDisconnected('Remote end closed connection without response'))
2025-08-19 08:09:07,367 - WARNING - ⚠️ 688200 华峰测控 K线更新失败: ('Connection aborted.', RemoteDisconnected('Remote end closed connection without response'))
2025-08-19 08:09:07,582 - WARNING - ⚠️ 688201 信安世纪 K线更新失败: ('Connection aborted.', RemoteDisconnected('Remote end closed connection without response'))
2025-08-19 08:09:07,791 - WARNING - ⚠️ 688202 美迪西 K线更新失败: ('Connection aborted.', RemoteDisconnected('Remote end closed connection without response'))
2025-08-19 08:09:08,027 - WARNING - ⚠️ 688203 海正生材 K线更新失败: ('Connection aborted.', RemoteDisconnected('Remote end closed connection without response'))
2025-08-19 08:09:08,246 - WARNING - ⚠️ 688205 德科立 K线更新失败: ('Connection aborted.', RemoteDisconnected('Remote end closed connection without response'))
2025-08-19 08:09:08,466 - WARNING - ⚠️ 688206 概伦电子 K线更新失败: ('Connection aborted.', RemoteDisconnected('Remote end closed connection without response'))
2025-08-19 08:09:08,684 - WARNING - ⚠️ 688207 格灵深瞳 K线更新失败: ('Connection aborted.', RemoteDisconnected('Remote end closed connection without response'))
2025-08-19 08:09:08,894 - WARNING - ⚠️ 688208 道通科技 K线更新失败: ('Connection aborted.', RemoteDisconnected('Remote end closed connection without response'))
2025-08-19 08:09:09,117 - WARNING - ⚠️ 688209 英集芯 K线更新失败: ('Connection aborted.', RemoteDisconnected('Remote end closed connection without response'))
2025-08-19 08:09:09,337 - WARNING - ⚠️ 688210 统联精密 K线更新失败: ('Connection aborted.', RemoteDisconnected('Remote end closed connection without response'))
2025-08-19 08:09:09,555 - WARNING - ⚠️ 688211 中科微至 K线更新失败: ('Connection aborted.', RemoteDisconnected('Remote end closed connection without response'))
2025-08-19 08:09:09,775 - WARNING - ⚠️ 688212 澳华内镜 K线更新失败: ('Connection aborted.', RemoteDisconnected('Remote end closed connection without response'))
2025-08-19 08:09:09,996 - WARNING - ⚠️ 688213 思特威 K线更新失败: ('Connection aborted.', RemoteDisconnected('Remote end closed connection without response'))
2025-08-19 08:09:10,220 - WARNING - ⚠️ 688215 瑞晟智能 K线更新失败: ('Connection aborted.', RemoteDisconnected('Remote end closed connection without response'))
2025-08-19 08:09:10,440 - WARNING - ⚠️ 688216 气派科技 K线更新失败: ('Connection aborted.', RemoteDisconnected('Remote end closed connection without response'))
2025-08-19 08:09:10,661 - WARNING - ⚠️ 688217 睿昂基因 K线更新失败: ('Connection aborted.', RemoteDisconnected('Remote end closed connection without response'))
2025-08-19 08:09:10,865 - WARNING - ⚠️ 688218 江苏北人 K线更新失败: ('Connection aborted.', RemoteDisconnected('Remote end closed connection without response'))
2025-08-19 08:09:11,086 - WARNING - ⚠️ 688219 会通股份 K线更新失败: ('Connection aborted.', RemoteDisconnected('Remote end closed connection without response'))
2025-08-19 08:09:11,304 - WARNING - ⚠️ 688220 翱捷科技 K线更新失败: ('Connection aborted.', RemoteDisconnected('Remote end closed connection without response'))
2025-08-19 08:09:11,508 - WARNING - ⚠️ 688221 前沿生物-U K线更新失败: ('Connection aborted.', RemoteDisconnected('Remote end closed connection without response'))
2025-08-19 08:09:11,711 - WARNING - ⚠️ 688222 成都先导 K线更新失败: ('Connection aborted.', RemoteDisconnected('Remote end closed connection without response'))
2025-08-19 08:09:11,915 - WARNING - ⚠️ 688223 晶科能源 K线更新失败: ('Connection aborted.', RemoteDisconnected('Remote end closed connection without response'))
2025-08-19 08:09:12,131 - WARNING - ⚠️ 688225 亚信安全 K线更新失败: ('Connection aborted.', RemoteDisconnected('Remote end closed connection without response'))
2025-08-19 08:09:12,355 - WARNING - ⚠️ 688226 威腾电气 K线更新失败: ('Connection aborted.', RemoteDisconnected('Remote end closed connection without response'))
2025-08-19 08:09:12,571 - WARNING - ⚠️ 688227 品高股份 K线更新失败: ('Connection aborted.', RemoteDisconnected('Remote end closed connection without response'))
2025-08-19 08:09:12,785 - WARNING - ⚠️ 688228 开普云 K线更新失败: ('Connection aborted.', RemoteDisconnected('Remote end closed connection without response'))
2025-08-19 08:09:13,007 - WARNING - ⚠️ 688229 博睿数据 K线更新失败: ('Connection aborted.', RemoteDisconnected('Remote end closed connection without response'))
2025-08-19 08:09:13,217 - WARNING - ⚠️ 688230 芯导科技 K线更新失败: ('Connection aborted.', RemoteDisconnected('Remote end closed connection without response'))
2025-08-19 08:09:13,437 - WARNING - ⚠️ 688231 隆达股份 K线更新失败: ('Connection aborted.', RemoteDisconnected('Remote end closed connection without response'))
2025-08-19 08:09:13,649 - WARNING - ⚠️ 688232 新点软件 K线更新失败: ('Connection aborted.', RemoteDisconnected('Remote end closed connection without response'))
2025-08-19 08:09:13,877 - WARNING - ⚠️ 688233 神工股份 K线更新失败: ('Connection aborted.', RemoteDisconnected('Remote end closed connection without response'))
2025-08-19 08:09:14,090 - WARNING - ⚠️ 688234 天岳先进 K线更新失败: ('Connection aborted.', RemoteDisconnected('Remote end closed connection without response'))
2025-08-19 08:09:14,299 - WARNING - ⚠️ 688235 百济神州 K线更新失败: ('Connection aborted.', RemoteDisconnected('Remote end closed connection without response'))
2025-08-19 08:09:14,518 - WARNING - ⚠️ 688236 春立医疗 K线更新失败: ('Connection aborted.', RemoteDisconnected('Remote end closed connection without response'))
2025-08-19 08:09:14,738 - WARNING - ⚠️ 688237 超卓航科 K线更新失败: ('Connection aborted.', RemoteDisconnected('Remote end closed connection without response'))
2025-08-19 08:09:14,957 - WARNING - ⚠️ 688238 和元生物 K线更新失败: ('Connection aborted.', RemoteDisconnected('Remote end closed connection without response'))
2025-08-19 08:09:15,177 - WARNING - ⚠️ 688239 航宇科技 K线更新失败: ('Connection aborted.', RemoteDisconnected('Remote end closed connection without response'))
2025-08-19 08:09:15,395 - WARNING - ⚠️ 688244 永信至诚 K线更新失败: ('Connection aborted.', RemoteDisconnected('Remote end closed connection without response'))
2025-08-19 08:09:15,619 - WARNING - ⚠️ 688246 嘉和美康 K线更新失败: ('Connection aborted.', RemoteDisconnected('Remote end closed connection without response'))
2025-08-19 08:09:15,844 - WARNING - ⚠️ 688247 宣泰医药 K线更新失败: ('Connection aborted.', RemoteDisconnected('Remote end closed connection without response'))
2025-08-19 08:09:16,070 - WARNING - ⚠️ 688248 南网科技 K线更新失败: ('Connection aborted.', RemoteDisconnected('Remote end closed connection without response'))
2025-08-19 08:09:16,292 - WARNING - ⚠️ 688249 晶合集成 K线更新失败: ('Connection aborted.', RemoteDisconnected('Remote end closed connection without response'))
2025-08-19 08:09:16,508 - WARNING - ⚠️ 688251 井松智能 K线更新失败: ('Connection aborted.', RemoteDisconnected('Remote end closed connection without response'))
2025-08-19 08:09:16,717 - WARNING - ⚠️ 688252 天德钰 K线更新失败: ('Connection aborted.', RemoteDisconnected('Remote end closed connection without response'))
2025-08-19 08:09:16,951 - WARNING - ⚠️ 688253 英诺特 K线更新失败: ('Connection aborted.', RemoteDisconnected('Remote end closed connection without response'))
2025-08-19 08:09:17,165 - WARNING - ⚠️ 688255 凯尔达 K线更新失败: ('Connection aborted.', RemoteDisconnected('Remote end closed connection without response'))
2025-08-19 08:09:17,394 - WARNING - ⚠️ 688256 寒武纪-U K线更新失败: ('Connection aborted.', RemoteDisconnected('Remote end closed connection without response'))
2025-08-19 08:09:17,608 - WARNING - ⚠️ 688257 新锐股份 K线更新失败: ('Connection aborted.', RemoteDisconnected('Remote end closed connection without response'))
2025-08-19 08:09:17,828 - WARNING - ⚠️ 688258 卓易信息 K线更新失败: ('Connection aborted.', RemoteDisconnected('Remote end closed connection without response'))
2025-08-19 08:09:18,029 - WARNING - ⚠️ 688259 创耀科技 K线更新失败: ('Connection aborted.', RemoteDisconnected('Remote end closed connection without response'))
2025-08-19 08:09:18,249 - WARNING - ⚠️ 688260 昀冢科技 K线更新失败: ('Connection aborted.', RemoteDisconnected('Remote end closed connection without response'))
2025-08-19 08:09:18,475 - WARNING - ⚠️ 688261 东微半导 K线更新失败: ('Connection aborted.', RemoteDisconnected('Remote end closed connection without response'))
2025-08-19 08:09:18,688 - WARNING - ⚠️ 688262 国芯科技 K线更新失败: ('Connection aborted.', RemoteDisconnected('Remote end closed connection without response'))
2025-08-19 08:09:18,908 - WARNING - ⚠️ 688265 南模生物 K线更新失败: ('Connection aborted.', RemoteDisconnected('Remote end closed connection without response'))
2025-08-19 08:09:19,128 - WARNING - ⚠️ 688266 泽璟制药-U K线更新失败: ('Connection aborted.', RemoteDisconnected('Remote end closed connection without response'))
2025-08-19 08:09:19,349 - WARNING - ⚠️ 688267 中触媒 K线更新失败: ('Connection aborted.', RemoteDisconnected('Remote end closed connection without response'))
2025-08-19 08:09:19,561 - WARNING - ⚠️ 688268 华特气体 K线更新失败: ('Connection aborted.', RemoteDisconnected('Remote end closed connection without response'))
2025-08-19 08:09:19,770 - WARNING - ⚠️ 688269 凯立新材 K线更新失败: ('Connection aborted.', RemoteDisconnected('Remote end closed connection without response'))
2025-08-19 08:09:19,990 - WARNING - ⚠️ 688270 臻镭科技 K线更新失败: ('Connection aborted.', RemoteDisconnected('Remote end closed connection without response'))
2025-08-19 08:09:20,210 - WARNING - ⚠️ 688271 联影医疗 K线更新失败: ('Connection aborted.', RemoteDisconnected('Remote end closed connection without response'))
2025-08-19 08:09:20,414 - WARNING - ⚠️ 688272 富吉瑞 K线更新失败: ('Connection aborted.', RemoteDisconnected('Remote end closed connection without response'))
2025-08-19 08:09:20,635 - WARNING - ⚠️ 688273 麦澜德 K线更新失败: ('Connection aborted.', RemoteDisconnected('Remote end closed connection without response'))
2025-08-19 08:09:20,850 - WARNING - ⚠️ 688275 万润新能 K线更新失败: ('Connection aborted.', RemoteDisconnected('Remote end closed connection without response'))
2025-08-19 08:09:21,068 - WARNING - ⚠️ 688276 百克生物 K线更新失败: ('Connection aborted.', RemoteDisconnected('Remote end closed connection without response'))
2025-08-19 08:09:21,298 - WARNING - ⚠️ 688277 天智航-U K线更新失败: ('Connection aborted.', RemoteDisconnected('Remote end closed connection without response'))
2025-08-19 08:09:21,511 - WARNING - ⚠️ 688278 特宝生物 K线更新失败: ('Connection aborted.', RemoteDisconnected('Remote end closed connection without response'))
2025-08-19 08:09:21,715 - WARNING - ⚠️ 688279 峰岹科技 K线更新失败: ('Connection aborted.', RemoteDisconnected('Remote end closed connection without response'))
2025-08-19 08:09:21,935 - WARNING - ⚠️ 688280 精进电动 K线更新失败: ('Connection aborted.', RemoteDisconnected('Remote end closed connection without response'))
2025-08-19 08:09:22,139 - WARNING - ⚠️ 688281 华秦科技 K线更新失败: ('Connection aborted.', RemoteDisconnected('Remote end closed connection without response'))
2025-08-19 08:09:22,357 - WARNING - ⚠️ 688282 理工导航 K线更新失败: ('Connection aborted.', RemoteDisconnected('Remote end closed connection without response'))
2025-08-19 08:09:22,576 - WARNING - ⚠️ 688283 坤恒顺维 K线更新失败: ('Connection aborted.', RemoteDisconnected('Remote end closed connection without response'))
2025-08-19 08:09:22,781 - WARNING - ⚠️ 688285 高铁电气 K线更新失败: ('Connection aborted.', RemoteDisconnected('Remote end closed connection without response'))
2025-08-19 08:09:23,000 - WARNING - ⚠️ 688286 敏芯股份 K线更新失败: ('Connection aborted.', RemoteDisconnected('Remote end closed connection without response'))
2025-08-19 08:09:23,220 - WARNING - ⚠️ 688287 *ST观典 K线更新失败: ('Connection aborted.', RemoteDisconnected('Remote end closed connection without response'))
2025-08-19 08:09:23,441 - WARNING - ⚠️ 688288 鸿泉物联 K线更新失败: ('Connection aborted.', RemoteDisconnected('Remote end closed connection without response'))
2025-08-19 08:09:23,660 - WARNING - ⚠️ 688289 圣湘生物 K线更新失败: ('Connection aborted.', RemoteDisconnected('Remote end closed connection without response'))
2025-08-19 08:09:23,864 - WARNING - ⚠️ 688290 景业智能 K线更新失败: ('Connection aborted.', RemoteDisconnected('Remote end closed connection without response'))
2025-08-19 08:09:24,084 - WARNING - ⚠️ 688291 金橙子 K线更新失败: ('Connection aborted.', RemoteDisconnected('Remote end closed connection without response'))
2025-08-19 08:09:24,310 - WARNING - ⚠️ 688292 浩瀚深度 K线更新失败: ('Connection aborted.', RemoteDisconnected('Remote end closed connection without response'))
2025-08-19 08:09:24,522 - WARNING - ⚠️ 688293 奥浦迈 K线更新失败: ('Connection aborted.', RemoteDisconnected('Remote end closed connection without response'))
2025-08-19 08:09:24,744 - WARNING - ⚠️ 688295 中复神鹰 K线更新失败: ('Connection aborted.', RemoteDisconnected('Remote end closed connection without response'))
2025-08-19 08:09:24,959 - WARNING - ⚠️ 688296 和达科技 K线更新失败: ('Connection aborted.', RemoteDisconnected('Remote end closed connection without response'))
2025-08-19 08:09:25,165 - WARNING - ⚠️ 688297 中无人机 K线更新失败: ('Connection aborted.', RemoteDisconnected('Remote end closed connection without response'))
2025-08-19 08:09:25,386 - WARNING - ⚠️ 688298 东方生物 K线更新失败: ('Connection aborted.', RemoteDisconnected('Remote end closed connection without response'))
2025-08-19 08:09:25,604 - WARNING - ⚠️ 688299 长阳科技 K线更新失败: ('Connection aborted.', RemoteDisconnected('Remote end closed connection without response'))
2025-08-19 08:09:25,824 - WARNING - ⚠️ 688300 联瑞新材 K线更新失败: ('Connection aborted.', RemoteDisconnected('Remote end closed connection without response'))
2025-08-19 08:09:26,027 - WARNING - ⚠️ 688301 奕瑞科技 K线更新失败: ('Connection aborted.', RemoteDisconnected('Remote end closed connection without response'))
2025-08-19 08:09:26,247 - WARNING - ⚠️ 688302 海创药业 K线更新失败: ('Connection aborted.', RemoteDisconnected('Remote end closed connection without response'))
2025-08-19 08:09:26,465 - WARNING - ⚠️ 688303 大全能源 K线更新失败: ('Connection aborted.', RemoteDisconnected('Remote end closed connection without response'))
2025-08-19 08:09:26,669 - WARNING - ⚠️ 688305 科德数控 K线更新失败: ('Connection aborted.', RemoteDisconnected('Remote end closed connection without response'))
2025-08-19 08:09:26,889 - WARNING - ⚠️ 688306 均普智能 K线更新失败: ('Connection aborted.', RemoteDisconnected('Remote end closed connection without response'))
2025-08-19 08:09:27,109 - WARNING - ⚠️ 688307 中润光学 K线更新失败: ('Connection aborted.', RemoteDisconnected('Remote end closed connection without response'))
2025-08-19 08:09:27,313 - WARNING - ⚠️ 688308 欧科亿 K线更新失败: ('Connection aborted.', RemoteDisconnected('Remote end closed connection without response'))
2025-08-19 08:09:27,533 - WARNING - ⚠️ 688309 恒誉环保 K线更新失败: ('Connection aborted.', RemoteDisconnected('Remote end closed connection without response'))
2025-08-19 08:09:27,753 - WARNING - ⚠️ 688310 迈得医疗 K线更新失败: ('Connection aborted.', RemoteDisconnected('Remote end closed connection without response'))
2025-08-19 08:09:27,972 - WARNING - ⚠️ 688311 盟升电子 K线更新失败: ('Connection aborted.', RemoteDisconnected('Remote end closed connection without response'))
2025-08-19 08:09:28,191 - WARNING - ⚠️ 688312 燕麦科技 K线更新失败: ('Connection aborted.', RemoteDisconnected('Remote end closed connection without response'))
2025-08-19 08:09:28,407 - WARNING - ⚠️ 688313 仕佳光子 K线更新失败: ('Connection aborted.', RemoteDisconnected('Remote end closed connection without response'))
2025-08-19 08:09:28,627 - WARNING - ⚠️ 688314 康拓医疗 K线更新失败: ('Connection aborted.', RemoteDisconnected('Remote end closed connection without response'))
2025-08-19 08:09:28,852 - WARNING - ⚠️ 688315 诺禾致源 K线更新失败: ('Connection aborted.', RemoteDisconnected('Remote end closed connection without response'))
2025-08-19 08:09:29,089 - WARNING - ⚠️ 688316 青云科技-U K线更新失败: ('Connection aborted.', RemoteDisconnected('Remote end closed connection without response'))
2025-08-19 08:09:29,307 - WARNING - ⚠️ 688317 之江生物 K线更新失败: ('Connection aborted.', RemoteDisconnected('Remote end closed connection without response'))
2025-08-19 08:09:29,518 - WARNING - ⚠️ 688318 财富趋势 K线更新失败: ('Connection aborted.', RemoteDisconnected('Remote end closed connection without response'))
2025-08-19 08:09:29,728 - WARNING - ⚠️ 688319 欧林生物 K线更新失败: ('Connection aborted.', RemoteDisconnected('Remote end closed connection without response'))
2025-08-19 08:09:29,963 - WARNING - ⚠️ 688320 禾川科技 K线更新失败: ('Connection aborted.', RemoteDisconnected('Remote end closed connection without response'))
2025-08-19 08:09:30,183 - WARNING - ⚠️ 688321 微芯生物 K线更新失败: ('Connection aborted.', RemoteDisconnected('Remote end closed connection without response'))
2025-08-19 08:09:30,402 - WARNING - ⚠️ 688322 奥比中光 K线更新失败: ('Connection aborted.', RemoteDisconnected('Remote end closed connection without response'))
2025-08-19 08:09:30,622 - WARNING - ⚠️ 688323 瑞华泰 K线更新失败: ('Connection aborted.', RemoteDisconnected('Remote end closed connection without response'))
2025-08-19 08:09:30,841 - WARNING - ⚠️ 688325 赛微微电 K线更新失败: ('Connection aborted.', RemoteDisconnected('Remote end closed connection without response'))
2025-08-19 08:09:31,061 - WARNING - ⚠️ 688326 经纬恒润 K线更新失败: ('Connection aborted.', RemoteDisconnected('Remote end closed connection without response'))
2025-08-19 08:09:31,279 - WARNING - ⚠️ 688327 云从科技 K线更新失败: ('Connection aborted.', RemoteDisconnected('Remote end closed connection without response'))
2025-08-19 08:09:31,499 - WARNING - ⚠️ 688328 深科达 K线更新失败: ('Connection aborted.', RemoteDisconnected('Remote end closed connection without response'))
2025-08-19 08:09:31,728 - WARNING - ⚠️ 688329 艾隆科技 K线更新失败: ('Connection aborted.', RemoteDisconnected('Remote end closed connection without response'))
2025-08-19 08:09:31,923 - WARNING - ⚠️ 688330 宏力达 K线更新失败: ('Connection aborted.', RemoteDisconnected('Remote end closed connection without response'))
2025-08-19 08:09:32,142 - WARNING - ⚠️ 688331 荣昌生物 K线更新失败: ('Connection aborted.', RemoteDisconnected('Remote end closed connection without response'))
2025-08-19 08:09:32,363 - WARNING - ⚠️ 688332 中科蓝讯 K线更新失败: ('Connection aborted.', RemoteDisconnected('Remote end closed connection without response'))
2025-08-19 08:09:32,576 - WARNING - ⚠️ 688333 铂力特 K线更新失败: ('Connection aborted.', RemoteDisconnected('Remote end closed connection without response'))
2025-08-19 08:09:32,874 - WARNING - ⚠️ 688334 西高院 K线更新失败: ('Connection aborted.', RemoteDisconnected('Remote end closed connection without response'))
2025-08-19 08:09:33,097 - WARNING - ⚠️ 688335 复洁环保 K线更新失败: ('Connection aborted.', RemoteDisconnected('Remote end closed connection without response'))
2025-08-19 08:09:33,320 - WARNING - ⚠️ 688336 三生国健 K线更新失败: ('Connection aborted.', RemoteDisconnected('Remote end closed connection without response'))
2025-08-19 08:09:33,538 - WARNING - ⚠️ 688337 普源精电 K线更新失败: ('Connection aborted.', RemoteDisconnected('Remote end closed connection without response'))
2025-08-19 08:09:33,758 - WARNING - ⚠️ 688338 赛科希德 K线更新失败: ('Connection aborted.', RemoteDisconnected('Remote end closed connection without response'))
2025-08-19 08:09:33,978 - WARNING - ⚠️ 688339 亿华通-U K线更新失败: ('Connection aborted.', RemoteDisconnected('Remote end closed connection without response'))
2025-08-19 08:09:34,197 - WARNING - ⚠️ 688343 云天励飞 K线更新失败: ('Connection aborted.', RemoteDisconnected('Remote end closed connection without response'))
2025-08-19 08:09:34,416 - WARNING - ⚠️ 688345 博力威 K线更新失败: ('Connection aborted.', RemoteDisconnected('Remote end closed connection without response'))
2025-08-19 08:09:34,620 - WARNING - ⚠️ 688347 华虹公司 K线更新失败: ('Connection aborted.', RemoteDisconnected('Remote end closed connection without response'))
2025-08-19 08:09:34,840 - WARNING - ⚠️ 688348 昱能科技 K线更新失败: ('Connection aborted.', RemoteDisconnected('Remote end closed connection without response'))
2025-08-19 08:09:35,043 - WARNING - ⚠️ 688349 三一重能 K线更新失败: ('Connection aborted.', RemoteDisconnected('Remote end closed connection without response'))
2025-08-19 08:09:35,263 - WARNING - ⚠️ 688350 富淼科技 K线更新失败: ('Connection aborted.', RemoteDisconnected('Remote end closed connection without response'))
2025-08-19 08:09:35,499 - WARNING - ⚠️ 688351 微电生理 K线更新失败: ('Connection aborted.', RemoteDisconnected('Remote end closed connection without response'))
2025-08-19 08:09:35,719 - WARNING - ⚠️ 688352 颀中科技 K线更新失败: ('Connection aborted.', RemoteDisconnected('Remote end closed connection without response'))
2025-08-19 08:09:35,939 - WARNING - ⚠️ 688353 华盛锂电 K线更新失败: ('Connection aborted.', RemoteDisconnected('Remote end closed connection without response'))
2025-08-19 08:09:36,157 - WARNING - ⚠️ 688355 明志科技 K线更新失败: ('Connection aborted.', RemoteDisconnected('Remote end closed connection without response'))
2025-08-19 08:09:36,376 - WARNING - ⚠️ 688356 键凯科技 K线更新失败: ('Connection aborted.', RemoteDisconnected('Remote end closed connection without response'))
2025-08-19 08:09:36,600 - WARNING - ⚠️ 688357 建龙微纳 K线更新失败: ('Connection aborted.', RemoteDisconnected('Remote end closed connection without response'))
2025-08-19 08:09:36,832 - WARNING - ⚠️ 688358 祥生医疗 K线更新失败: ('Connection aborted.', RemoteDisconnected('Remote end closed connection without response'))
2025-08-19 08:09:37,067 - WARNING - ⚠️ 688359 三孚新科 K线更新失败: ('Connection aborted.', RemoteDisconnected('Remote end closed connection without response'))
2025-08-19 08:09:37,290 - WARNING - ⚠️ 688360 德马科技 K线更新失败: ('Connection aborted.', RemoteDisconnected('Remote end closed connection without response'))
2025-08-19 08:09:37,509 - WARNING - ⚠️ 688361 中科飞测 K线更新失败: ('Connection aborted.', RemoteDisconnected('Remote end closed connection without response'))
2025-08-19 08:09:37,724 - WARNING - ⚠️ 688362 甬矽电子 K线更新失败: ('Connection aborted.', RemoteDisconnected('Remote end closed connection without response'))
2025-08-19 08:09:37,944 - WARNING - ⚠️ 688363 华熙生物 K线更新失败: ('Connection aborted.', RemoteDisconnected('Remote end closed connection without response'))
2025-08-19 08:09:38,148 - WARNING - ⚠️ 688365 光云科技 K线更新失败: ('Connection aborted.', RemoteDisconnected('Remote end closed connection without response'))
2025-08-19 08:09:38,383 - WARNING - ⚠️ 688366 昊海生科 K线更新失败: ('Connection aborted.', RemoteDisconnected('Remote end closed connection without response'))
2025-08-19 08:09:38,603 - WARNING - ⚠️ 688367 工大高科 K线更新失败: ('Connection aborted.', RemoteDisconnected('Remote end closed connection without response'))
2025-08-19 08:09:38,823 - WARNING - ⚠️ 688368 晶丰明源 K线更新失败: ('Connection aborted.', RemoteDisconnected('Remote end closed connection without response'))
2025-08-19 08:09:39,042 - WARNING - ⚠️ 688369 致远互联 K线更新失败: ('Connection aborted.', RemoteDisconnected('Remote end closed connection without response'))
2025-08-19 08:09:39,246 - WARNING - ⚠️ 688370 丛麟科技 K线更新失败: ('Connection aborted.', RemoteDisconnected('Remote end closed connection without response'))
2025-08-19 08:09:39,466 - WARNING - ⚠️ 688371 菲沃泰 K线更新失败: ('Connection aborted.', RemoteDisconnected('Remote end closed connection without response'))
2025-08-19 08:09:39,687 - WARNING - ⚠️ 688372 伟测科技 K线更新失败: ('Connection aborted.', RemoteDisconnected('Remote end closed connection without response'))
2025-08-19 08:09:39,904 - WARNING - ⚠️ 688373 盟科药业 K线更新失败: ('Connection aborted.', RemoteDisconnected('Remote end closed connection without response'))
2025-08-19 08:09:40,109 - WARNING - ⚠️ 688375 国博电子 K线更新失败: ('Connection aborted.', RemoteDisconnected('Remote end closed connection without response'))
2025-08-19 08:09:40,323 - WARNING - ⚠️ 688376 美埃科技 K线更新失败: ('Connection aborted.', RemoteDisconnected('Remote end closed connection without response'))
2025-08-19 08:09:40,549 - WARNING - ⚠️ 688377 迪威尔 K线更新失败: ('Connection aborted.', RemoteDisconnected('Remote end closed connection without response'))
2025-08-19 08:09:40,769 - WARNING - ⚠️ 688378 奥来德 K线更新失败: ('Connection aborted.', RemoteDisconnected('Remote end closed connection without response'))
2025-08-19 08:09:40,986 - WARNING - ⚠️ 688379 华光新材 K线更新失败: ('Connection aborted.', RemoteDisconnected('Remote end closed connection without response'))
2025-08-19 08:09:41,196 - WARNING - ⚠️ 688380 中微半导 K线更新失败: ('Connection aborted.', RemoteDisconnected('Remote end closed connection without response'))
2025-08-19 08:09:41,408 - WARNING - ⚠️ 688381 帝奥微 K线更新失败: ('Connection aborted.', RemoteDisconnected('Remote end closed connection without response'))
2025-08-19 08:09:41,627 - WARNING - ⚠️ 688382 益方生物 K线更新失败: ('Connection aborted.', RemoteDisconnected('Remote end closed connection without response'))
2025-08-19 08:09:41,849 - WARNING - ⚠️ 688383 新益昌 K线更新失败: ('Connection aborted.', RemoteDisconnected('Remote end closed connection without response'))
2025-08-19 08:09:42,053 - WARNING - ⚠️ 688385 复旦微电 K线更新失败: ('Connection aborted.', RemoteDisconnected('Remote end closed connection without response'))
2025-08-19 08:09:42,272 - WARNING - ⚠️ 688386 泛亚微透 K线更新失败: ('Connection aborted.', RemoteDisconnected('Remote end closed connection without response'))
2025-08-19 08:09:42,490 - WARNING - ⚠️ 688387 信科移动 K线更新失败: ('Connection aborted.', RemoteDisconnected('Remote end closed connection without response'))
2025-08-19 08:09:42,709 - WARNING - ⚠️ 688388 嘉元科技 K线更新失败: ('Connection aborted.', RemoteDisconnected('Remote end closed connection without response'))
2025-08-19 08:09:42,931 - WARNING - ⚠️ 688389 普门科技 K线更新失败: ('Connection aborted.', RemoteDisconnected('Remote end closed connection without response'))
2025-08-19 08:09:43,150 - WARNING - ⚠️ 688390 固德威 K线更新失败: ('Connection aborted.', RemoteDisconnected('Remote end closed connection without response'))
2025-08-19 08:09:43,373 - WARNING - ⚠️ 688391 钜泉科技 K线更新失败: ('Connection aborted.', RemoteDisconnected('Remote end closed connection without response'))
2025-08-19 08:09:43,589 - WARNING - ⚠️ 688392 骄成超声 K线更新失败: ('Connection aborted.', RemoteDisconnected('Remote end closed connection without response'))
2025-08-19 08:09:43,809 - WARNING - ⚠️ 688393 安必平 K线更新失败: ('Connection aborted.', RemoteDisconnected('Remote end closed connection without response'))
2025-08-19 08:09:44,028 - WARNING - ⚠️ 688395 正弦电气 K线更新失败: ('Connection aborted.', RemoteDisconnected('Remote end closed connection without response'))
2025-08-19 08:09:44,247 - WARNING - ⚠️ 688396 华润微 K线更新失败: ('Connection aborted.', RemoteDisconnected('Remote end closed connection without response'))
2025-08-19 08:09:44,476 - WARNING - ⚠️ 688398 赛特新材 K线更新失败: ('Connection aborted.', RemoteDisconnected('Remote end closed connection without response'))
2025-08-19 08:09:44,703 - WARNING - ⚠️ 688399 硕世生物 K线更新失败: ('Connection aborted.', RemoteDisconnected('Remote end closed connection without response'))
2025-08-19 08:09:44,917 - WARNING - ⚠️ 688400 凌云光 K线更新失败: ('Connection aborted.', RemoteDisconnected('Remote end closed connection without response'))
2025-08-19 08:09:45,119 - WARNING - ⚠️ 688401 路维光电 K线更新失败: ('Connection aborted.', RemoteDisconnected('Remote end closed connection without response'))
2025-08-19 08:09:45,354 - WARNING - ⚠️ 688403 汇成股份 K线更新失败: ('Connection aborted.', RemoteDisconnected('Remote end closed connection without response'))
2025-08-19 08:09:45,565 - WARNING - ⚠️ 688408 中信博 K线更新失败: ('Connection aborted.', RemoteDisconnected('Remote end closed connection without response'))
2025-08-19 08:09:45,769 - WARNING - ⚠️ 688409 富创精密 K线更新失败: ('Connection aborted.', RemoteDisconnected('Remote end closed connection without response'))
2025-08-19 08:09:46,004 - WARNING - ⚠️ 688410 山外山 K线更新失败: ('Connection aborted.', RemoteDisconnected('Remote end closed connection without response'))
2025-08-19 08:09:46,223 - WARNING - ⚠️ 688411 海博思创 K线更新失败: ('Connection aborted.', RemoteDisconnected('Remote end closed connection without response'))
2025-08-19 08:09:46,443 - WARNING - ⚠️ 688416 恒烁股份 K线更新失败: ('Connection aborted.', RemoteDisconnected('Remote end closed connection without response'))
2025-08-19 08:09:46,663 - WARNING - ⚠️ 688418 震有科技 K线更新失败: ('Connection aborted.', RemoteDisconnected('Remote end closed connection without response'))
2025-08-19 08:09:46,899 - WARNING - ⚠️ 688419 耐科装备 K线更新失败: ('Connection aborted.', RemoteDisconnected('Remote end closed connection without response'))
2025-08-19 08:09:47,116 - WARNING - ⚠️ 688420 美腾科技 K线更新失败: ('Connection aborted.', RemoteDisconnected('Remote end closed connection without response'))
2025-08-19 08:09:47,339 - WARNING - ⚠️ 688425 铁建重工 K线更新失败: ('Connection aborted.', RemoteDisconnected('Remote end closed connection without response'))
2025-08-19 08:09:47,557 - WARNING - ⚠️ 688426 康为世纪 K线更新失败: ('Connection aborted.', RemoteDisconnected('Remote end closed connection without response'))
2025-08-19 08:09:47,775 - WARNING - ⚠️ 688428 诺诚健华 K线更新失败: ('Connection aborted.', RemoteDisconnected('Remote end closed connection without response'))
2025-08-19 08:09:47,995 - WARNING - ⚠️ 688429 时创能源 K线更新失败: ('Connection aborted.', RemoteDisconnected('Remote end closed connection without response'))
2025-08-19 08:09:48,213 - WARNING - ⚠️ 688432 有研硅 K线更新失败: ('Connection aborted.', RemoteDisconnected('Remote end closed connection without response'))
2025-08-19 08:09:48,433 - WARNING - ⚠️ 688433 华曙高科 K线更新失败: ('Connection aborted.', RemoteDisconnected('Remote end closed connection without response'))
2025-08-19 08:09:48,651 - WARNING - ⚠️ 688435 英方软件 K线更新失败: ('Connection aborted.', RemoteDisconnected('Remote end closed connection without response'))
2025-08-19 08:09:48,874 - WARNING - ⚠️ 688439 振华风光 K线更新失败: ('Connection aborted.', RemoteDisconnected('Remote end closed connection without response'))
2025-08-19 08:09:49,078 - WARNING - ⚠️ 688443 智翔金泰 K线更新失败: ('Connection aborted.', RemoteDisconnected('Remote end closed connection without response'))
2025-08-19 08:09:49,297 - WARNING - ⚠️ 688448 磁谷科技 K线更新失败: ('Connection aborted.', RemoteDisconnected('Remote end closed connection without response'))
2025-08-19 08:09:49,509 - WARNING - ⚠️ 688449 联芸科技 K线更新失败: ('Connection aborted.', RemoteDisconnected('Remote end closed connection without response'))
2025-08-19 08:09:49,731 - WARNING - ⚠️ 688450 光格科技 K线更新失败: ('Connection aborted.', RemoteDisconnected('Remote end closed connection without response'))
2025-08-19 08:09:49,955 - WARNING - ⚠️ 688455 科捷智能 K线更新失败: ('Connection aborted.', RemoteDisconnected('Remote end closed connection without response'))
2025-08-19 08:09:50,191 - WARNING - ⚠️ 688456 有研粉材 K线更新失败: ('Connection aborted.', RemoteDisconnected('Remote end closed connection without response'))
2025-08-19 08:09:50,409 - WARNING - ⚠️ 688458 美芯晟 K线更新失败: ('Connection aborted.', RemoteDisconnected('Remote end closed connection without response'))
2025-08-19 08:09:50,635 - WARNING - ⚠️ 688459 哈铁科技 K线更新失败: ('Connection aborted.', RemoteDisconnected('Remote end closed connection without response'))
2025-08-19 08:09:50,848 - WARNING - ⚠️ 688466 金科环境 K线更新失败: ('Connection aborted.', RemoteDisconnected('Remote end closed connection without response'))
2025-08-19 08:09:51,068 - WARNING - ⚠️ 688468 科美诊断 K线更新失败: ('Connection aborted.', RemoteDisconnected('Remote end closed connection without response'))
2025-08-19 08:09:51,288 - WARNING - ⚠️ 688469 芯联集成 K线更新失败: ('Connection aborted.', RemoteDisconnected('Remote end closed connection without response'))
2025-08-19 08:09:51,492 - WARNING - ⚠️ 688472 阿特斯 K线更新失败: ('Connection aborted.', RemoteDisconnected('Remote end closed connection without response'))
2025-08-19 08:09:51,711 - WARNING - ⚠️ 688475 萤石网络 K线更新失败: ('Connection aborted.', RemoteDisconnected('Remote end closed connection without response'))
2025-08-19 08:09:51,931 - WARNING - ⚠️ 688478 晶升股份 K线更新失败: ('Connection aborted.', RemoteDisconnected('Remote end closed connection without response'))
2025-08-19 08:09:52,151 - WARNING - ⚠️ 688479 友车科技 K线更新失败: ('Connection aborted.', RemoteDisconnected('Remote end closed connection without response'))
2025-08-19 08:09:52,355 - WARNING - ⚠️ 688480 赛恩斯 K线更新失败: ('Connection aborted.', RemoteDisconnected('Remote end closed connection without response'))
2025-08-19 08:09:52,580 - WARNING - ⚠️ 688484 南芯科技 K线更新失败: ('Connection aborted.', RemoteDisconnected('Remote end closed connection without response'))
2025-08-19 08:09:52,810 - WARNING - ⚠️ 688485 九州一轨 K线更新失败: ('Connection aborted.', RemoteDisconnected('Remote end closed connection without response'))
2025-08-19 08:09:53,024 - WARNING - ⚠️ 688486 龙迅股份 K线更新失败: ('Connection aborted.', RemoteDisconnected('Remote end closed connection without response'))
2025-08-19 08:09:53,248 - WARNING - ⚠️ 688488 艾迪药业 K线更新失败: ('Connection aborted.', RemoteDisconnected('Remote end closed connection without response'))
2025-08-19 08:09:53,461 - WARNING - ⚠️ 688489 三未信安 K线更新失败: ('Connection aborted.', RemoteDisconnected('Remote end closed connection without response'))
2025-08-19 08:09:53,687 - WARNING - ⚠️ 688496 清越科技 K线更新失败: ('Connection aborted.', RemoteDisconnected('Remote end closed connection without response'))
2025-08-19 08:09:53,907 - WARNING - ⚠️ 688498 源杰科技 K线更新失败: ('Connection aborted.', RemoteDisconnected('Remote end closed connection without response'))
2025-08-19 08:09:54,126 - WARNING - ⚠️ 688499 利元亨 K线更新失败: ('Connection aborted.', RemoteDisconnected('Remote end closed connection without response'))
2025-08-19 08:09:54,346 - WARNING - ⚠️ 688500 慧辰股份 K线更新失败: ('Connection aborted.', RemoteDisconnected('Remote end closed connection without response'))
2025-08-19 08:09:54,565 - WARNING - ⚠️ 688501 青达环保 K线更新失败: ('Connection aborted.', RemoteDisconnected('Remote end closed connection without response'))
2025-08-19 08:09:54,785 - WARNING - ⚠️ 688502 茂莱光学 K线更新失败: ('Connection aborted.', RemoteDisconnected('Remote end closed connection without response'))
2025-08-19 08:09:55,021 - WARNING - ⚠️ 688503 聚和材料 K线更新失败: ('Connection aborted.', RemoteDisconnected('Remote end closed connection without response'))
2025-08-19 08:09:55,240 - WARNING - ⚠️ 688505 复旦张江 K线更新失败: ('Connection aborted.', RemoteDisconnected('Remote end closed connection without response'))
2025-08-19 08:09:55,460 - WARNING - ⚠️ 688506 百利天恒 K线更新失败: ('Connection aborted.', RemoteDisconnected('Remote end closed connection without response'))
2025-08-19 08:09:55,663 - WARNING - ⚠️ 688507 索辰科技 K线更新失败: ('Connection aborted.', RemoteDisconnected('Remote end closed connection without response'))
2025-08-19 08:09:55,883 - WARNING - ⚠️ 688508 芯朋微 K线更新失败: ('Connection aborted.', RemoteDisconnected('Remote end closed connection without response'))
2025-08-19 08:09:56,100 - WARNING - ⚠️ 688509 正元地信 K线更新失败: ('Connection aborted.', RemoteDisconnected('Remote end closed connection without response'))
2025-08-19 08:09:56,320 - WARNING - ⚠️ 688510 航亚科技 K线更新失败: ('Connection aborted.', RemoteDisconnected('Remote end closed connection without response'))
2025-08-19 08:09:56,525 - WARNING - ⚠️ 688511 *ST天微 K线更新失败: ('Connection aborted.', RemoteDisconnected('Remote end closed connection without response'))
2025-08-19 08:09:56,747 - WARNING - ⚠️ 688512 慧智微 K线更新失败: ('Connection aborted.', RemoteDisconnected('Remote end closed connection without response'))
2025-08-19 08:09:56,960 - WARNING - ⚠️ 688513 苑东生物 K线更新失败: ('Connection aborted.', RemoteDisconnected('Remote end closed connection without response'))
2025-08-19 08:09:57,183 - WARNING - ⚠️ 688515 裕太微 K线更新失败: ('Connection aborted.', RemoteDisconnected('Remote end closed connection without response'))
2025-08-19 08:09:57,389 - WARNING - ⚠️ 688516 奥特维 K线更新失败: ('Connection aborted.', RemoteDisconnected('Remote end closed connection without response'))
2025-08-19 08:09:57,609 - WARNING - ⚠️ 688517 金冠电气 K线更新失败: ('Connection aborted.', RemoteDisconnected('Remote end closed connection without response'))
2025-08-19 08:09:57,827 - WARNING - ⚠️ 688518 联赢激光 K线更新失败: ('Connection aborted.', RemoteDisconnected('Remote end closed connection without response'))
2025-08-19 08:09:58,047 - WARNING - ⚠️ 688519 南亚新材 K线更新失败: ('Connection aborted.', RemoteDisconnected('Remote end closed connection without response'))
2025-08-19 08:09:58,266 - WARNING - ⚠️ 688520 神州细胞 K线更新失败: ('Connection aborted.', RemoteDisconnected('Remote end closed connection without response'))
2025-08-19 08:09:58,470 - WARNING - ⚠️ 688521 芯原股份 K线更新失败: ('Connection aborted.', RemoteDisconnected('Remote end closed connection without response'))
2025-08-19 08:09:58,705 - WARNING - ⚠️ 688522 纳睿雷达 K线更新失败: ('Connection aborted.', RemoteDisconnected('Remote end closed connection without response'))
2025-08-19 08:09:58,924 - WARNING - ⚠️ 688523 航天环宇 K线更新失败: ('Connection aborted.', RemoteDisconnected('Remote end closed connection without response'))
2025-08-19 08:09:59,146 - WARNING - ⚠️ 688525 佰维存储 K线更新失败: ('Connection aborted.', RemoteDisconnected('Remote end closed connection without response'))
2025-08-19 08:09:59,363 - WARNING - ⚠️ 688526 科前生物 K线更新失败: ('Connection aborted.', RemoteDisconnected('Remote end closed connection without response'))
2025-08-19 08:09:59,583 - WARNING - ⚠️ 688528 秦川物联 K线更新失败: ('Connection aborted.', RemoteDisconnected('Remote end closed connection without response'))
2025-08-19 08:09:59,787 - WARNING - ⚠️ 688529 豪森智能 K线更新失败: ('Connection aborted.', RemoteDisconnected('Remote end closed connection without response'))
2025-08-19 08:10:00,022 - WARNING - ⚠️ 688530 欧莱新材 K线更新失败: ('Connection aborted.', RemoteDisconnected('Remote end closed connection without response'))
2025-08-19 08:10:00,245 - WARNING - ⚠️ 688531 日联科技 K线更新失败: ('Connection aborted.', RemoteDisconnected('Remote end closed connection without response'))
2025-08-19 08:10:00,448 - WARNING - ⚠️ 688533 上声电子 K线更新失败: ('Connection aborted.', RemoteDisconnected('Remote end closed connection without response'))
2025-08-19 08:10:00,659 - WARNING - ⚠️ 688535 华海诚科 K线更新失败: ('Connection aborted.', RemoteDisconnected('Remote end closed connection without response'))
2025-08-19 08:10:00,882 - WARNING - ⚠️ 688536 思瑞浦 K线更新失败: ('Connection aborted.', RemoteDisconnected('Remote end closed connection without response'))
2025-08-19 08:10:01,095 - WARNING - ⚠️ 688538 和辉光电-U K线更新失败: ('Connection aborted.', RemoteDisconnected('Remote end closed connection without response'))
2025-08-19 08:10:01,306 - WARNING - ⚠️ 688539 高华科技 K线更新失败: ('Connection aborted.', RemoteDisconnected('Remote end closed connection without response'))
2025-08-19 08:10:01,512 - WARNING - ⚠️ 688543 国科军工 K线更新失败: ('Connection aborted.', RemoteDisconnected('Remote end closed connection without response'))
2025-08-19 08:10:01,732 - WARNING - ⚠️ 688545 兴福电子 K线更新失败: ('Connection aborted.', RemoteDisconnected('Remote end closed connection without response'))
2025-08-19 08:10:01,961 - WARNING - ⚠️ 688548 广钢气体 K线更新失败: ('Connection aborted.', RemoteDisconnected('Remote end closed connection without response'))
2025-08-19 08:10:02,170 - WARNING - ⚠️ 688549 中巨芯 K线更新失败: ('Connection aborted.', RemoteDisconnected('Remote end closed connection without response'))
2025-08-19 08:10:02,389 - WARNING - ⚠️ 688550 瑞联新材 K线更新失败: ('Connection aborted.', RemoteDisconnected('Remote end closed connection without response'))
2025-08-19 08:10:02,593 - WARNING - ⚠️ 688551 科威尔 K线更新失败: ('Connection aborted.', RemoteDisconnected('Remote end closed connection without response'))
2025-08-19 08:10:02,813 - WARNING - ⚠️ 688552 航天南湖 K线更新失败: ('Connection aborted.', RemoteDisconnected('Remote end closed connection without response'))
2025-08-19 08:10:03,033 - WARNING - ⚠️ 688553 汇宇制药-W K线更新失败: ('Connection aborted.', RemoteDisconnected('Remote end closed connection without response'))
2025-08-19 08:10:03,253 - WARNING - ⚠️ 688555 退市泽达 K线更新失败: ('Connection aborted.', RemoteDisconnected('Remote end closed connection without response'))
2025-08-19 08:10:03,472 - WARNING - ⚠️ 688556 高测股份 K线更新失败: ('Connection aborted.', RemoteDisconnected('Remote end closed connection without response'))
2025-08-19 08:10:03,695 - WARNING - ⚠️ 688557 兰剑智能 K线更新失败: ('Connection aborted.', RemoteDisconnected('Remote end closed connection without response'))
2025-08-19 08:10:03,894 - WARNING - ⚠️ 688558 国盛智科 K线更新失败: ('Connection aborted.', RemoteDisconnected('Remote end closed connection without response'))
2025-08-19 08:10:04,130 - WARNING - ⚠️ 688559 海目星 K线更新失败: ('Connection aborted.', RemoteDisconnected('Remote end closed connection without response'))
2025-08-19 08:10:04,337 - WARNING - ⚠️ 688560 明冠新材 K线更新失败: ('Connection aborted.', RemoteDisconnected('Remote end closed connection without response'))
2025-08-19 08:10:04,552 - WARNING - ⚠️ 688561 奇安信-U K线更新失败: ('Connection aborted.', RemoteDisconnected('Remote end closed connection without response'))
2025-08-19 08:10:04,764 - WARNING - ⚠️ 688562 航天软件 K线更新失败: ('Connection aborted.', RemoteDisconnected('Remote end closed connection without response'))
2025-08-19 08:10:04,981 - WARNING - ⚠️ 688563 航材股份 K线更新失败: ('Connection aborted.', RemoteDisconnected('Remote end closed connection without response'))
2025-08-19 08:10:05,196 - WARNING - ⚠️ 688565 力源科技 K线更新失败: ('Connection aborted.', RemoteDisconnected('Remote end closed connection without response'))
2025-08-19 08:10:05,415 - WARNING - ⚠️ 688566 吉贝尔 K线更新失败: ('Connection aborted.', RemoteDisconnected('Remote end closed connection without response'))
2025-08-19 08:10:05,638 - WARNING - ⚠️ 688567 孚能科技 K线更新失败: ('Connection aborted.', RemoteDisconnected('Remote end closed connection without response'))
2025-08-19 08:10:05,853 - WARNING - ⚠️ 688568 中科星图 K线更新失败: ('Connection aborted.', RemoteDisconnected('Remote end closed connection without response'))
2025-08-19 08:10:06,076 - WARNING - ⚠️ 688569 铁科轨道 K线更新失败: ('Connection aborted.', RemoteDisconnected('Remote end closed connection without response'))
2025-08-19 08:10:06,293 - WARNING - ⚠️ 688570 天玛智控 K线更新失败: ('Connection aborted.', RemoteDisconnected('Remote end closed connection without response'))
2025-08-19 08:10:06,513 - WARNING - ⚠️ 688571 杭华股份 K线更新失败: ('Connection aborted.', RemoteDisconnected('Remote end closed connection without response'))
2025-08-19 08:10:06,732 - WARNING - ⚠️ 688573 信宇人 K线更新失败: ('Connection aborted.', RemoteDisconnected('Remote end closed connection without response'))
2025-08-19 08:10:06,935 - WARNING - ⚠️ 688575 亚辉龙 K线更新失败: ('Connection aborted.', RemoteDisconnected('Remote end closed connection without response'))
2025-08-19 08:10:07,155 - WARNING - ⚠️ 688576 西山科技 K线更新失败: ('Connection aborted.', RemoteDisconnected('Remote end closed connection without response'))
2025-08-19 08:10:07,376 - WARNING - ⚠️ 688577 浙海德曼 K线更新失败: ('Connection aborted.', RemoteDisconnected('Remote end closed connection without response'))
2025-08-19 08:10:07,579 - WARNING - ⚠️ 688578 艾力斯 K线更新失败: ('Connection aborted.', RemoteDisconnected('Remote end closed connection without response'))
2025-08-19 08:10:07,799 - WARNING - ⚠️ 688579 山大地纬 K线更新失败: ('Connection aborted.', RemoteDisconnected('Remote end closed connection without response'))
2025-08-19 08:10:08,019 - WARNING - ⚠️ 688580 伟思医疗 K线更新失败: ('Connection aborted.', RemoteDisconnected('Remote end closed connection without response'))
2025-08-19 08:10:08,223 - WARNING - ⚠️ 688581 安杰思 K线更新失败: ('Connection aborted.', RemoteDisconnected('Remote end closed connection without response'))
2025-08-19 08:10:08,443 - WARNING - ⚠️ 688582 芯动联科 K线更新失败: ('Connection aborted.', RemoteDisconnected('Remote end closed connection without response'))
2025-08-19 08:10:08,666 - WARNING - ⚠️ 688583 思看科技 K线更新失败: ('Connection aborted.', RemoteDisconnected('Remote end closed connection without response'))
2025-08-19 08:10:08,872 - WARNING - ⚠️ 688584 上海合晶 K线更新失败: ('Connection aborted.', RemoteDisconnected('Remote end closed connection without response'))
2025-08-19 08:10:09,094 - WARNING - ⚠️ 688585 上纬新材 K线更新失败: ('Connection aborted.', RemoteDisconnected('Remote end closed connection without response'))
2025-08-19 08:10:09,305 - WARNING - ⚠️ 688586 江航装备 K线更新失败: ('Connection aborted.', RemoteDisconnected('Remote end closed connection without response'))
2025-08-19 08:10:09,516 - WARNING - ⚠️ 688588 凌志软件 K线更新失败: ('Connection aborted.', RemoteDisconnected('Remote end closed connection without response'))
2025-08-19 08:10:09,735 - WARNING - ⚠️ 688589 力合微 K线更新失败: ('Connection aborted.', RemoteDisconnected('Remote end closed connection without response'))
2025-08-19 08:10:09,946 - WARNING - ⚠️ 688590 新致软件 K线更新失败: ('Connection aborted.', RemoteDisconnected('Remote end closed connection without response'))
2025-08-19 08:10:10,166 - WARNING - ⚠️ 688591 泰凌微 K线更新失败: ('Connection aborted.', RemoteDisconnected('Remote end closed connection without response'))
2025-08-19 08:10:10,385 - WARNING - ⚠️ 688592 司南导航 K线更新失败: ('Connection aborted.', RemoteDisconnected('Remote end closed connection without response'))
2025-08-19 08:10:10,606 - WARNING - ⚠️ 688593 新相微 K线更新失败: ('Connection aborted.', RemoteDisconnected('Remote end closed connection without response'))
2025-08-19 08:10:10,826 - WARNING - ⚠️ 688595 芯海科技 K线更新失败: ('Connection aborted.', RemoteDisconnected('Remote end closed connection without response'))
2025-08-19 08:10:11,044 - WARNING - ⚠️ 688596 正帆科技 K线更新失败: ('Connection aborted.', RemoteDisconnected('Remote end closed connection without response'))
2025-08-19 08:10:11,296 - WARNING - ⚠️ 688597 煜邦电力 K线更新失败: ('Connection aborted.', RemoteDisconnected('Remote end closed connection without response'))
2025-08-19 08:10:11,499 - WARNING - ⚠️ 688598 金博股份 K线更新失败: ('Connection aborted.', RemoteDisconnected('Remote end closed connection without response'))
2025-08-19 08:10:11,719 - WARNING - ⚠️ 688599 天合光能 K线更新失败: ('Connection aborted.', RemoteDisconnected('Remote end closed connection without response'))
2025-08-19 08:10:11,938 - WARNING - ⚠️ 688600 皖仪科技 K线更新失败: ('Connection aborted.', RemoteDisconnected('Remote end closed connection without response'))
2025-08-19 08:10:12,157 - WARNING - ⚠️ 688601 力芯微 K线更新失败: ('Connection aborted.', RemoteDisconnected('Remote end closed connection without response'))
2025-08-19 08:10:12,377 - WARNING - ⚠️ 688602 康鹏科技 K线更新失败: ('Connection aborted.', RemoteDisconnected('Remote end closed connection without response'))
2025-08-19 08:10:12,602 - WARNING - ⚠️ 688603 天承科技 K线更新失败: ('Connection aborted.', RemoteDisconnected('Remote end closed connection without response'))
2025-08-19 08:10:12,811 - WARNING - ⚠️ 688605 先锋精科 K线更新失败: ('Connection aborted.', RemoteDisconnected('Remote end closed connection without response'))
2025-08-19 08:10:13,029 - WARNING - ⚠️ 688606 奥泰生物 K线更新失败: ('Connection aborted.', RemoteDisconnected('Remote end closed connection without response'))
2025-08-19 08:10:13,248 - WARNING - ⚠️ 688607 康众医疗 K线更新失败: ('Connection aborted.', RemoteDisconnected('Remote end closed connection without response'))
2025-08-19 08:10:13,465 - WARNING - ⚠️ 688608 恒玄科技 K线更新失败: ('Connection aborted.', RemoteDisconnected('Remote end closed connection without response'))
2025-08-19 08:10:13,679 - WARNING - ⚠️ 688609 九联科技 K线更新失败: ('Connection aborted.', RemoteDisconnected('Remote end closed connection without response'))
2025-08-19 08:10:13,899 - WARNING - ⚠️ 688610 埃科光电 K线更新失败: ('Connection aborted.', RemoteDisconnected('Remote end closed connection without response'))
2025-08-19 08:10:14,117 - WARNING - ⚠️ 688611 杭州柯林 K线更新失败: ('Connection aborted.', RemoteDisconnected('Remote end closed connection without response'))
2025-08-19 08:10:14,321 - WARNING - ⚠️ 688612 威迈斯 K线更新失败: ('Connection aborted.', RemoteDisconnected('Remote end closed connection without response'))
2025-08-19 08:10:14,541 - WARNING - ⚠️ 688613 奥精医疗 K线更新失败: ('Connection aborted.', RemoteDisconnected('Remote end closed connection without response'))
2025-08-19 08:10:14,766 - WARNING - ⚠️ 688615 合合信息 K线更新失败: ('Connection aborted.', RemoteDisconnected('Remote end closed connection without response'))
2025-08-19 08:10:14,966 - WARNING - ⚠️ 688616 西力科技 K线更新失败: ('Connection aborted.', RemoteDisconnected('Remote end closed connection without response'))
2025-08-19 08:10:15,184 - WARNING - ⚠️ 688617 惠泰医疗 K线更新失败: ('Connection aborted.', RemoteDisconnected('Remote end closed connection without response'))
2025-08-19 08:10:15,404 - WARNING - ⚠️ 688618 三旺通信 K线更新失败: ('Connection aborted.', RemoteDisconnected('Remote end closed connection without response'))
2025-08-19 08:10:15,624 - WARNING - ⚠️ 688619 罗普特 K线更新失败: ('Connection aborted.', RemoteDisconnected('Remote end closed connection without response'))
2025-08-19 08:10:15,827 - WARNING - ⚠️ 688620 安凯微 K线更新失败: ('Connection aborted.', RemoteDisconnected('Remote end closed connection without response'))
2025-08-19 08:10:16,031 - WARNING - ⚠️ 688621 阳光诺和 K线更新失败: ('Connection aborted.', RemoteDisconnected('Remote end closed connection without response'))
2025-08-19 08:10:16,250 - WARNING - ⚠️ 688622 禾信仪器 K线更新失败: ('Connection aborted.', RemoteDisconnected('Remote end closed connection without response'))
2025-08-19 08:10:16,470 - WARNING - ⚠️ 688623 双元科技 K线更新失败: ('Connection aborted.', RemoteDisconnected('Remote end closed connection without response'))
2025-08-19 08:10:16,686 - WARNING - ⚠️ 688625 呈和科技 K线更新失败: ('Connection aborted.', RemoteDisconnected('Remote end closed connection without response'))
2025-08-19 08:10:16,901 - WARNING - ⚠️ 688626 翔宇医疗 K线更新失败: ('Connection aborted.', RemoteDisconnected('Remote end closed connection without response'))
2025-08-19 08:10:17,117 - WARNING - ⚠️ 688627 精智达 K线更新失败: ('Connection aborted.', RemoteDisconnected('Remote end closed connection without response'))
2025-08-19 08:10:17,334 - WARNING - ⚠️ 688628 优利德 K线更新失败: ('Connection aborted.', RemoteDisconnected('Remote end closed connection without response'))
2025-08-19 08:10:17,541 - WARNING - ⚠️ 688629 华丰科技 K线更新失败: ('Connection aborted.', RemoteDisconnected('Remote end closed connection without response'))
2025-08-19 08:10:17,741 - WARNING - ⚠️ 688630 芯碁微装 K线更新失败: ('Connection aborted.', RemoteDisconnected('Remote end closed connection without response'))
2025-08-19 08:10:17,945 - WARNING - ⚠️ 688631 莱斯信息 K线更新失败: ('Connection aborted.', RemoteDisconnected('Remote end closed connection without response'))
2025-08-19 08:10:18,148 - WARNING - ⚠️ 688633 星球石墨 K线更新失败: ('Connection aborted.', RemoteDisconnected('Remote end closed connection without response'))
2025-08-19 08:10:18,383 - WARNING - ⚠️ 688636 智明达 K线更新失败: ('Connection aborted.', RemoteDisconnected('Remote end closed connection without response'))
2025-08-19 08:10:18,603 - WARNING - ⚠️ 688638 誉辰智能 K线更新失败: ('Connection aborted.', RemoteDisconnected('Remote end closed connection without response'))
2025-08-19 08:10:18,823 - WARNING - ⚠️ 688639 华恒生物 K线更新失败: ('Connection aborted.', RemoteDisconnected('Remote end closed connection without response'))
2025-08-19 08:10:19,042 - WARNING - ⚠️ 688646 ST逸飞 K线更新失败: ('Connection aborted.', RemoteDisconnected('Remote end closed connection without response'))
2025-08-19 08:10:19,246 - WARNING - ⚠️ 688648 中邮科技 K线更新失败: ('Connection aborted.', RemoteDisconnected('Remote end closed connection without response'))
2025-08-19 08:10:19,449 - WARNING - ⚠️ 688651 盛邦安全 K线更新失败: ('Connection aborted.', RemoteDisconnected('Remote end closed connection without response'))
2025-08-19 08:10:19,669 - WARNING - ⚠️ 688652 京仪装备 K线更新失败: ('Connection aborted.', RemoteDisconnected('Remote end closed connection without response'))
2025-08-19 08:10:19,873 - WARNING - ⚠️ 688653 康希通信 K线更新失败: ('Connection aborted.', RemoteDisconnected('Remote end closed connection without response'))
2025-08-19 08:10:20,076 - WARNING - ⚠️ 688655 迅捷兴 K线更新失败: ('Connection aborted.', RemoteDisconnected('Remote end closed connection without response'))
2025-08-19 08:10:20,296 - WARNING - ⚠️ 688656 浩欧博 K线更新失败: ('Connection aborted.', RemoteDisconnected('Remote end closed connection without response'))
2025-08-19 08:10:20,516 - WARNING - ⚠️ 688657 浩辰软件 K线更新失败: ('Connection aborted.', RemoteDisconnected('Remote end closed connection without response'))
2025-08-19 08:10:20,743 - WARNING - ⚠️ 688658 悦康药业 K线更新失败: ('Connection aborted.', RemoteDisconnected('Remote end closed connection without response'))
2025-08-19 08:10:20,970 - WARNING - ⚠️ 688659 元琛科技 K线更新失败: ('Connection aborted.', RemoteDisconnected('Remote end closed connection without response'))
2025-08-19 08:10:21,180 - WARNING - ⚠️ 688660 电气风电 K线更新失败: ('Connection aborted.', RemoteDisconnected('Remote end closed connection without response'))
2025-08-19 08:10:21,400 - WARNING - ⚠️ 688661 和林微纳 K线更新失败: ('Connection aborted.', RemoteDisconnected('Remote end closed connection without response'))
2025-08-19 08:10:21,613 - WARNING - ⚠️ 688662 富信科技 K线更新失败: ('Connection aborted.', RemoteDisconnected('Remote end closed connection without response'))
2025-08-19 08:10:21,833 - WARNING - ⚠️ 688663 新风光 K线更新失败: ('Connection aborted.', RemoteDisconnected('Remote end closed connection without response'))
2025-08-19 08:10:22,057 - WARNING - ⚠️ 688665 四方光电 K线更新失败: ('Connection aborted.', RemoteDisconnected('Remote end closed connection without response'))
2025-08-19 08:10:22,287 - WARNING - ⚠️ 688667 菱电电控 K线更新失败: ('Connection aborted.', RemoteDisconnected('Remote end closed connection without response'))
2025-08-19 08:10:22,506 - WARNING - ⚠️ 688668 鼎通科技 K线更新失败: ('Connection aborted.', RemoteDisconnected('Remote end closed connection without response'))
2025-08-19 08:10:22,726 - WARNING - ⚠️ 688669 聚石化学 K线更新失败: ('Connection aborted.', RemoteDisconnected('Remote end closed connection without response'))
2025-08-19 08:10:22,945 - WARNING - ⚠️ 688670 金迪克 K线更新失败: ('Connection aborted.', RemoteDisconnected('Remote end closed connection without response'))
2025-08-19 08:10:23,165 - WARNING - ⚠️ 688671 碧兴物联 K线更新失败: ('Connection aborted.', RemoteDisconnected('Remote end closed connection without response'))
2025-08-19 08:10:23,377 - WARNING - ⚠️ 688676 金盘科技 K线更新失败: ('Connection aborted.', RemoteDisconnected('Remote end closed connection without response'))
2025-08-19 08:10:23,589 - WARNING - ⚠️ 688677 海泰新光 K线更新失败: ('Connection aborted.', RemoteDisconnected('Remote end closed connection without response'))
2025-08-19 08:10:23,809 - WARNING - ⚠️ 688678 福立旺 K线更新失败: ('Connection aborted.', RemoteDisconnected('Remote end closed connection without response'))
2025-08-19 08:10:24,154 - WARNING - ⚠️ 688679 通源环境 K线更新失败: ('Connection aborted.', RemoteDisconnected('Remote end closed connection without response'))
2025-08-19 08:10:24,379 - WARNING - ⚠️ 688680 海优新材 K线更新失败: ('Connection aborted.', RemoteDisconnected('Remote end closed connection without response'))
2025-08-19 08:10:24,593 - WARNING - ⚠️ 688681 科汇股份 K线更新失败: ('Connection aborted.', RemoteDisconnected('Remote end closed connection without response'))
2025-08-19 08:10:24,813 - WARNING - ⚠️ 688682 霍莱沃 K线更新失败: ('Connection aborted.', RemoteDisconnected('Remote end closed connection without response'))
2025-08-19 08:10:25,035 - WARNING - ⚠️ 688683 莱尔科技 K线更新失败: ('Connection aborted.', RemoteDisconnected('Remote end closed connection without response'))
2025-08-19 08:10:25,262 - WARNING - ⚠️ 688685 迈信林 K线更新失败: ('Connection aborted.', RemoteDisconnected('Remote end closed connection without response'))
2025-08-19 08:10:25,486 - WARNING - ⚠️ 688686 奥普特 K线更新失败: ('Connection aborted.', RemoteDisconnected('Remote end closed connection without response'))
2025-08-19 08:10:25,709 - WARNING - ⚠️ 688687 凯因科技 K线更新失败: ('Connection aborted.', RemoteDisconnected('Remote end closed connection without response'))
2025-08-19 08:10:25,926 - WARNING - ⚠️ 688689 银河微电 K线更新失败: ('Connection aborted.', RemoteDisconnected('Remote end closed connection without response'))
2025-08-19 08:10:26,145 - WARNING - ⚠️ 688690 纳微科技 K线更新失败: ('Connection aborted.', RemoteDisconnected('Remote end closed connection without response'))
2025-08-19 08:10:26,349 - WARNING - ⚠️ 688691 灿芯股份 K线更新失败: ('Connection aborted.', RemoteDisconnected('Remote end closed connection without response'))
2025-08-19 08:10:26,552 - WARNING - ⚠️ 688692 达梦数据 K线更新失败: ('Connection aborted.', RemoteDisconnected('Remote end closed connection without response'))
2025-08-19 08:10:26,780 - WARNING - ⚠️ 688693 锴威特 K线更新失败: ('Connection aborted.', RemoteDisconnected('Remote end closed connection without response'))
2025-08-19 08:10:27,007 - WARNING - ⚠️ 688695 中创股份 K线更新失败: ('Connection aborted.', RemoteDisconnected('Remote end closed connection without response'))
2025-08-19 08:10:27,227 - WARNING - ⚠️ 688696 极米科技 K线更新失败: ('Connection aborted.', RemoteDisconnected('Remote end closed connection without response'))
2025-08-19 08:10:27,445 - WARNING - ⚠️ 688697 纽威数控 K线更新失败: ('Connection aborted.', RemoteDisconnected('Remote end closed connection without response'))
2025-08-19 08:10:27,649 - WARNING - ⚠️ 688698 伟创电气 K线更新失败: ('Connection aborted.', RemoteDisconnected('Remote end closed connection without response'))
2025-08-19 08:10:27,869 - WARNING - ⚠️ 688699 明微电子 K线更新失败: ('Connection aborted.', RemoteDisconnected('Remote end closed connection without response'))
2025-08-19 08:10:28,089 - WARNING - ⚠️ 688700 东威科技 K线更新失败: ('Connection aborted.', RemoteDisconnected('Remote end closed connection without response'))
2025-08-19 08:10:28,293 - WARNING - ⚠️ 688701 卓锦股份 K线更新失败: ('Connection aborted.', RemoteDisconnected('Remote end closed connection without response'))
2025-08-19 08:10:28,512 - WARNING - ⚠️ 688702 盛科通信 K线更新失败: ('Connection aborted.', RemoteDisconnected('Remote end closed connection without response'))
2025-08-19 08:10:28,735 - WARNING - ⚠️ 688707 振华新材 K线更新失败: ('Connection aborted.', RemoteDisconnected('Remote end closed connection without response'))
2025-08-19 08:10:28,941 - WARNING - ⚠️ 688708 佳驰科技 K线更新失败: ('Connection aborted.', RemoteDisconnected('Remote end closed connection without response'))
2025-08-19 08:10:29,163 - WARNING - ⚠️ 688709 成都华微 K线更新失败: ('Connection aborted.', RemoteDisconnected('Remote end closed connection without response'))
2025-08-19 08:10:29,383 - WARNING - ⚠️ 688710 益诺思 K线更新失败: ('Connection aborted.', RemoteDisconnected('Remote end closed connection without response'))
2025-08-19 08:10:29,598 - WARNING - ⚠️ 688711 宏微科技 K线更新失败: ('Connection aborted.', RemoteDisconnected('Remote end closed connection without response'))
2025-08-19 08:10:29,814 - WARNING - ⚠️ 688716 中研股份 K线更新失败: ('Connection aborted.', RemoteDisconnected('Remote end closed connection without response'))
2025-08-19 08:10:30,043 - WARNING - ⚠️ 688717 艾罗能源 K线更新失败: ('Connection aborted.', RemoteDisconnected('Remote end closed connection without response'))
2025-08-19 08:10:30,269 - WARNING - ⚠️ 688718 唯赛勃 K线更新失败: ('Connection aborted.', RemoteDisconnected('Remote end closed connection without response'))
2025-08-19 08:10:30,473 - WARNING - ⚠️ 688719 爱科赛博 K线更新失败: ('Connection aborted.', RemoteDisconnected('Remote end closed connection without response'))
2025-08-19 08:10:30,692 - WARNING - ⚠️ 688720 艾森股份 K线更新失败: ('Connection aborted.', RemoteDisconnected('Remote end closed connection without response'))
2025-08-19 08:10:30,896 - WARNING - ⚠️ 688721 龙图光罩 K线更新失败: ('Connection aborted.', RemoteDisconnected('Remote end closed connection without response'))
2025-08-19 08:10:31,111 - WARNING - ⚠️ 688722 同益中 K线更新失败: ('Connection aborted.', RemoteDisconnected('Remote end closed connection without response'))
2025-08-19 08:10:31,335 - WARNING - ⚠️ 688726 拉普拉斯 K线更新失败: ('Connection aborted.', RemoteDisconnected('Remote end closed connection without response'))
2025-08-19 08:10:31,570 - WARNING - ⚠️ 688728 格科微 K线更新失败: ('Connection aborted.', RemoteDisconnected('Remote end closed connection without response'))
2025-08-19 08:10:31,773 - WARNING - ⚠️ 688729 屹唐股份 K线更新失败: ('Connection aborted.', RemoteDisconnected('Remote end closed connection without response'))
2025-08-19 08:10:31,988 - WARNING - ⚠️ 688733 壹石通 K线更新失败: ('Connection aborted.', RemoteDisconnected('Remote end closed connection without response'))
2025-08-19 08:10:32,197 - WARNING - ⚠️ 688737 中自科技 K线更新失败: ('Connection aborted.', RemoteDisconnected('Remote end closed connection without response'))
2025-08-19 08:10:32,401 - WARNING - ⚠️ 688739 成大生物 K线更新失败: ('Connection aborted.', RemoteDisconnected('Remote end closed connection without response'))
2025-08-19 08:10:32,638 - WARNING - ⚠️ 688750 金天钛业 K线更新失败: ('Connection aborted.', RemoteDisconnected('Remote end closed connection without response'))
2025-08-19 08:10:32,853 - WARNING - ⚠️ 688755 汉邦科技 K线更新失败: ('Connection aborted.', RemoteDisconnected('Remote end closed connection without response'))
2025-08-19 08:10:33,070 - WARNING - ⚠️ 688757 胜科纳米 K线更新失败: ('Connection aborted.', RemoteDisconnected('Remote end closed connection without response'))
2025-08-19 08:10:33,289 - WARNING - ⚠️ 688758 赛分科技 K线更新失败: ('Connection aborted.', RemoteDisconnected('Remote end closed connection without response'))
2025-08-19 08:10:33,517 - WARNING - ⚠️ 688766 普冉股份 K线更新失败: ('Connection aborted.', RemoteDisconnected('Remote end closed connection without response'))
2025-08-19 08:10:33,738 - WARNING - ⚠️ 688767 博拓生物 K线更新失败: ('Connection aborted.', RemoteDisconnected('Remote end closed connection without response'))
2025-08-19 08:10:33,953 - WARNING - ⚠️ 688768 容知日新 K线更新失败: ('Connection aborted.', RemoteDisconnected('Remote end closed connection without response'))
2025-08-19 08:10:34,173 - WARNING - ⚠️ 688772 珠海冠宇 K线更新失败: ('Connection aborted.', RemoteDisconnected('Remote end closed connection without response'))
2025-08-19 08:10:34,392 - WARNING - ⚠️ 688775 影石创新 K线更新失败: ('Connection aborted.', RemoteDisconnected('Remote end closed connection without response'))
2025-08-19 08:10:34,597 - WARNING - ⚠️ 688776 国光电气 K线更新失败: ('Connection aborted.', RemoteDisconnected('Remote end closed connection without response'))
2025-08-19 08:10:34,820 - WARNING - ⚠️ 688777 中控技术 K线更新失败: ('Connection aborted.', RemoteDisconnected('Remote end closed connection without response'))
2025-08-19 08:10:35,036 - WARNING - ⚠️ 688778 厦钨新能 K线更新失败: ('Connection aborted.', RemoteDisconnected('Remote end closed connection without response'))
2025-08-19 08:10:35,257 - WARNING - ⚠️ 688779 五矿新能 K线更新失败: ('Connection aborted.', RemoteDisconnected('Remote end closed connection without response'))
2025-08-19 08:10:35,474 - WARNING - ⚠️ 688786 悦安新材 K线更新失败: ('Connection aborted.', RemoteDisconnected('Remote end closed connection without response'))
2025-08-19 08:10:35,694 - WARNING - ⚠️ 688787 海天瑞声 K线更新失败: ('Connection aborted.', RemoteDisconnected('Remote end closed connection without response'))
2025-08-19 08:10:35,913 - WARNING - ⚠️ 688788 科思科技 K线更新失败: ('Connection aborted.', RemoteDisconnected('Remote end closed connection without response'))
2025-08-19 08:10:36,133 - WARNING - ⚠️ 688789 宏华数科 K线更新失败: ('Connection aborted.', RemoteDisconnected('Remote end closed connection without response'))
2025-08-19 08:10:36,352 - WARNING - ⚠️ 688793 倍轻松 K线更新失败: ('Connection aborted.', RemoteDisconnected('Remote end closed connection without response'))
2025-08-19 08:10:36,569 - WARNING - ⚠️ 688798 艾为电子 K线更新失败: ('Connection aborted.', RemoteDisconnected('Remote end closed connection without response'))
2025-08-19 08:10:36,778 - WARNING - ⚠️ 688799 华纳药厂 K线更新失败: ('Connection aborted.', RemoteDisconnected('Remote end closed connection without response'))
2025-08-19 08:10:36,984 - WARNING - ⚠️ 688800 瑞可达 K线更新失败: ('Connection aborted.', RemoteDisconnected('Remote end closed connection without response'))
2025-08-19 08:10:37,212 - WARNING - ⚠️ 688819 天能股份 K线更新失败: ('Connection aborted.', RemoteDisconnected('Remote end closed connection without response'))
2025-08-19 08:10:37,416 - WARNING - ⚠️ 688981 中芯国际 K线更新失败: ('Connection aborted.', RemoteDisconnected('Remote end closed connection without response'))
2025-08-19 08:10:37,638 - WARNING - ⚠️ 689009 九号公司-WD K线更新失败: ('Connection aborted.', RemoteDisconnected('Remote end closed connection without response'))
2025-08-19 08:10:37,858 - WARNING - ⚠️ 830779 武汉蓝电 K线更新失败: ('Connection aborted.', RemoteDisconnected('Remote end closed connection without response'))
2025-08-19 08:10:38,077 - WARNING - ⚠️ 830809 安达科技 K线更新失败: ('Connection aborted.', RemoteDisconnected('Remote end closed connection without response'))
2025-08-19 08:10:38,297 - WARNING - ⚠️ 830832 齐鲁华信 K线更新失败: ('Connection aborted.', RemoteDisconnected('Remote end closed connection without response'))
2025-08-19 08:10:38,529 - WARNING - ⚠️ 830839 万通液压 K线更新失败: ('Connection aborted.', RemoteDisconnected('Remote end closed connection without response'))
2025-08-19 08:10:38,751 - WARNING - ⚠️ 830879 基康技术 K线更新失败: ('Connection aborted.', RemoteDisconnected('Remote end closed connection without response'))
2025-08-19 08:10:38,971 - WARNING - ⚠️ 830896 旺成科技 K线更新失败: ('Connection aborted.', RemoteDisconnected('Remote end closed connection without response'))
2025-08-19 08:10:39,190 - WARNING - ⚠️ 830946 森萱医药 K线更新失败: ('Connection aborted.', RemoteDisconnected('Remote end closed connection without response'))
2025-08-19 08:10:39,410 - WARNING - ⚠️ 830964 润农节水 K线更新失败: ('Connection aborted.', RemoteDisconnected('Remote end closed connection without response'))
2025-08-19 08:10:39,629 - WARNING - ⚠️ 830974 凯大催化 K线更新失败: ('Connection aborted.', RemoteDisconnected('Remote end closed connection without response'))
2025-08-19 08:10:39,834 - WARNING - ⚠️ 831010 凯添燃气 K线更新失败: ('Connection aborted.', RemoteDisconnected('Remote end closed connection without response'))
2025-08-19 08:10:40,069 - WARNING - ⚠️ 831039 国义招标 K线更新失败: ('Connection aborted.', RemoteDisconnected('Remote end closed connection without response'))
2025-08-19 08:10:40,305 - WARNING - ⚠️ 831087 秋乐种业 K线更新失败: ('Connection aborted.', RemoteDisconnected('Remote end closed connection without response'))
2025-08-19 08:10:40,536 - WARNING - ⚠️ 831152 昆工科技 K线更新失败: ('Connection aborted.', RemoteDisconnected('Remote end closed connection without response'))
2025-08-19 08:10:40,758 - WARNING - ⚠️ 831167 鑫汇科 K线更新失败: ('Connection aborted.', RemoteDisconnected('Remote end closed connection without response'))
2025-08-19 08:10:40,971 - WARNING - ⚠️ 831175 派诺科技 K线更新失败: ('Connection aborted.', RemoteDisconnected('Remote end closed connection without response'))
2025-08-19 08:10:41,198 - WARNING - ⚠️ 831195 三祥科技 K线更新失败: ('Connection aborted.', RemoteDisconnected('Remote end closed connection without response'))
2025-08-19 08:10:41,433 - WARNING - ⚠️ 831278 泰德股份 K线更新失败: ('Connection aborted.', RemoteDisconnected('Remote end closed connection without response'))
2025-08-19 08:10:41,653 - WARNING - ⚠️ 831304 迪尔化工 K线更新失败: ('Connection aborted.', RemoteDisconnected('Remote end closed connection without response'))
2025-08-19 08:10:41,877 - WARNING - ⚠️ 831305 海希通讯 K线更新失败: ('Connection aborted.', RemoteDisconnected('Remote end closed connection without response'))
2025-08-19 08:10:42,092 - WARNING - ⚠️ 831370 新安洁 K线更新失败: ('Connection aborted.', RemoteDisconnected('Remote end closed connection without response'))
2025-08-19 08:10:42,300 - WARNING - ⚠️ 831396 许昌智能 K线更新失败: ('Connection aborted.', RemoteDisconnected('Remote end closed connection without response'))
2025-08-19 08:10:42,515 - WARNING - ⚠️ 831526 凯华材料 K线更新失败: ('Connection aborted.', RemoteDisconnected('Remote end closed connection without response'))
2025-08-19 08:10:42,719 - WARNING - ⚠️ 831627 力王股份 K线更新失败: ('Connection aborted.', RemoteDisconnected('Remote end closed connection without response'))
2025-08-19 08:10:42,939 - WARNING - ⚠️ 831641 格利尔 K线更新失败: ('Connection aborted.', RemoteDisconnected('Remote end closed connection without response'))
2025-08-19 08:10:43,142 - WARNING - ⚠️ 831689 克莱特 K线更新失败: ('Connection aborted.', RemoteDisconnected('Remote end closed connection without response'))
2025-08-19 08:10:43,376 - WARNING - ⚠️ 831726 朱老六 K线更新失败: ('Connection aborted.', RemoteDisconnected('Remote end closed connection without response'))
2025-08-19 08:10:43,581 - WARNING - ⚠️ 831768 拾比佰 K线更新失败: ('Connection aborted.', RemoteDisconnected('Remote end closed connection without response'))
2025-08-19 08:10:43,819 - WARNING - ⚠️ 831832 科达自控 K线更新失败: ('Connection aborted.', RemoteDisconnected('Remote end closed connection without response'))
2025-08-19 08:10:44,035 - WARNING - ⚠️ 831834 三维装备 K线更新失败: ('Connection aborted.', RemoteDisconnected('Remote end closed connection without response'))
2025-08-19 08:10:44,255 - WARNING - ⚠️ 831855 浙江大农 K线更新失败: ('Connection aborted.', RemoteDisconnected('Remote end closed connection without response'))
2025-08-19 08:10:44,474 - WARNING - ⚠️ 831856 浩淼科技 K线更新失败: ('Connection aborted.', RemoteDisconnected('Remote end closed connection without response'))
2025-08-19 08:10:44,695 - WARNING - ⚠️ 831906 舜宇精工 K线更新失败: ('Connection aborted.', RemoteDisconnected('Remote end closed connection without response'))
2025-08-19 08:10:44,919 - WARNING - ⚠️ 831961 创远信科 K线更新失败: ('Connection aborted.', RemoteDisconnected('Remote end closed connection without response'))
2025-08-19 08:10:45,133 - WARNING - ⚠️ 832000 安徽凤凰 K线更新失败: ('Connection aborted.', RemoteDisconnected('Remote end closed connection without response'))
2025-08-19 08:10:45,353 - WARNING - ⚠️ 832023 田野股份 K线更新失败: ('Connection aborted.', RemoteDisconnected('Remote end closed connection without response'))
2025-08-19 08:10:45,572 - WARNING - ⚠️ 832089 禾昌聚合 K线更新失败: ('Connection aborted.', RemoteDisconnected('Remote end closed connection without response'))
2025-08-19 08:10:45,792 - WARNING - ⚠️ 832110 雷特科技 K线更新失败: ('Connection aborted.', RemoteDisconnected('Remote end closed connection without response'))
2025-08-19 08:10:46,012 - WARNING - ⚠️ 832145 恒合股份 K线更新失败: ('Connection aborted.', RemoteDisconnected('Remote end closed connection without response'))
2025-08-19 08:10:46,232 - WARNING - ⚠️ 832149 利尔达 K线更新失败: ('Connection aborted.', RemoteDisconnected('Remote end closed connection without response'))
2025-08-19 08:10:46,452 - WARNING - ⚠️ 832171 志晟信息 K线更新失败: ('Connection aborted.', RemoteDisconnected('Remote end closed connection without response'))
2025-08-19 08:10:46,655 - WARNING - ⚠️ 832175 东方碳素 K线更新失败: ('Connection aborted.', RemoteDisconnected('Remote end closed connection without response'))
2025-08-19 08:10:46,875 - WARNING - ⚠️ 832225 利通科技 K线更新失败: ('Connection aborted.', RemoteDisconnected('Remote end closed connection without response'))
2025-08-19 08:10:47,220 - WARNING - ⚠️ 832278 鹿得医疗 K线更新失败: ('Connection aborted.', RemoteDisconnected('Remote end closed connection without response'))
2025-08-19 08:10:47,440 - WARNING - ⚠️ 832317 观典防务 K线更新失败: ('Connection aborted.', RemoteDisconnected('Remote end closed connection without response'))
2025-08-19 08:10:47,643 - WARNING - ⚠️ 832419 路斯股份 K线更新失败: ('Connection aborted.', RemoteDisconnected('Remote end closed connection without response'))
2025-08-19 08:10:47,878 - WARNING - ⚠️ 832469 富恒新材 K线更新失败: ('Connection aborted.', RemoteDisconnected('Remote end closed connection without response'))
2025-08-19 08:10:48,113 - WARNING - ⚠️ 832471 美邦科技 K线更新失败: ('Connection aborted.', RemoteDisconnected('Remote end closed connection without response'))
2025-08-19 08:10:48,333 - WARNING - ⚠️ 832491 奥迪威 K线更新失败: ('Connection aborted.', RemoteDisconnected('Remote end closed connection without response'))
2025-08-19 08:10:48,564 - WARNING - ⚠️ 832522 纳科诺尔 K线更新失败: ('Connection aborted.', RemoteDisconnected('Remote end closed connection without response'))
2025-08-19 08:10:48,807 - WARNING - ⚠️ 832566 梓橦宫 K线更新失败: ('Connection aborted.', RemoteDisconnected('Remote end closed connection without response'))
2025-08-19 08:10:49,032 - WARNING - ⚠️ 832651 天罡股份 K线更新失败: ('Connection aborted.', RemoteDisconnected('Remote end closed connection without response'))
2025-08-19 08:10:49,275 - WARNING - ⚠️ 832662 方盛股份 K线更新失败: ('Connection aborted.', RemoteDisconnected('Remote end closed connection without response'))
2025-08-19 08:10:49,511 - WARNING - ⚠️ 832735 德源药业 K线更新失败: ('Connection aborted.', RemoteDisconnected('Remote end closed connection without response'))
2025-08-19 08:10:49,743 - WARNING - ⚠️ 832786 骑士乳业 K线更新失败: ('Connection aborted.', RemoteDisconnected('Remote end closed connection without response'))
2025-08-19 08:10:49,963 - WARNING - ⚠️ 832802 保丽洁 K线更新失败: ('Connection aborted.', RemoteDisconnected('Remote end closed connection without response'))
2025-08-19 08:10:50,214 - WARNING - ⚠️ 832876 慧为智能 K线更新失败: ('Connection aborted.', RemoteDisconnected('Remote end closed connection without response'))
2025-08-19 08:10:50,434 - WARNING - ⚠️ 832885 星辰科技 K线更新失败: ('Connection aborted.', RemoteDisconnected('Remote end closed connection without response'))
2025-08-19 08:10:50,672 - WARNING - ⚠️ 832978 开特股份 K线更新失败: ('Connection aborted.', RemoteDisconnected('Remote end closed connection without response'))
2025-08-19 08:10:50,904 - WARNING - ⚠️ 832982 锦波生物 K线更新失败: ('Connection aborted.', RemoteDisconnected('Remote end closed connection without response'))
2025-08-19 08:10:51,139 - WARNING - ⚠️ 833030 立方控股 K线更新失败: ('Connection aborted.', RemoteDisconnected('Remote end closed connection without response'))
2025-08-19 08:10:51,343 - WARNING - ⚠️ 833075 柏星龙 K线更新失败: ('Connection aborted.', RemoteDisconnected('Remote end closed connection without response'))
2025-08-19 08:10:51,578 - WARNING - ⚠️ 833171 国航远洋 K线更新失败: ('Connection aborted.', RemoteDisconnected('Remote end closed connection without response'))
2025-08-19 08:10:51,797 - WARNING - ⚠️ 833230 欧康医药 K线更新失败: ('Connection aborted.', RemoteDisconnected('Remote end closed connection without response'))
2025-08-19 08:10:52,033 - WARNING - ⚠️ 833266 生物谷 K线更新失败: ('Connection aborted.', RemoteDisconnected('Remote end closed connection without response'))
2025-08-19 08:10:52,269 - WARNING - ⚠️ 833284 灵鸽科技 K线更新失败: ('Connection aborted.', RemoteDisconnected('Remote end closed connection without response'))
2025-08-19 08:10:52,502 - WARNING - ⚠️ 833346 威贸电子 K线更新失败: ('Connection aborted.', RemoteDisconnected('Remote end closed connection without response'))
2025-08-19 08:10:52,730 - WARNING - ⚠️ 833394 民士达 K线更新失败: ('Connection aborted.', RemoteDisconnected('Remote end closed connection without response'))
2025-08-19 08:10:52,964 - WARNING - ⚠️ 833427 华维设计 K线更新失败: ('Connection aborted.', RemoteDisconnected('Remote end closed connection without response'))
2025-08-19 08:10:53,180 - WARNING - ⚠️ 833429 康比特 K线更新失败: ('Connection aborted.', RemoteDisconnected('Remote end closed connection without response'))
2025-08-19 08:10:53,415 - WARNING - ⚠️ 833454 同心传动 K线更新失败: ('Connection aborted.', RemoteDisconnected('Remote end closed connection without response'))
2025-08-19 08:10:53,648 - WARNING - ⚠️ 833455 汇隆活塞 K线更新失败: ('Connection aborted.', RemoteDisconnected('Remote end closed connection without response'))
2025-08-19 08:10:53,888 - WARNING - ⚠️ 833509 同惠电子 K线更新失败: ('Connection aborted.', RemoteDisconnected('Remote end closed connection without response'))
2025-08-19 08:10:54,117 - WARNING - ⚠️ 833523 德瑞锂电 K线更新失败: ('Connection aborted.', RemoteDisconnected('Remote end closed connection without response'))
2025-08-19 08:10:54,340 - WARNING - ⚠️ 833533 骏创科技 K线更新失败: ('Connection aborted.', RemoteDisconnected('Remote end closed connection without response'))
2025-08-19 08:10:54,588 - WARNING - ⚠️ 833575 康乐卫士 K线更新失败: ('Connection aborted.', RemoteDisconnected('Remote end closed connection without response'))
2025-08-19 08:10:54,824 - WARNING - ⚠️ 833580 科创新材 K线更新失败: ('Connection aborted.', RemoteDisconnected('Remote end closed connection without response'))
2025-08-19 08:10:55,059 - WARNING - ⚠️ 833751 惠同新材 K线更新失败: ('Connection aborted.', RemoteDisconnected('Remote end closed connection without response'))
2025-08-19 08:10:55,295 - WARNING - ⚠️ 833781 瑞奇智造 K线更新失败: ('Connection aborted.', RemoteDisconnected('Remote end closed connection without response'))
2025-08-19 08:10:55,529 - WARNING - ⚠️ 833873 中设咨询 K线更新失败: ('Connection aborted.', RemoteDisconnected('Remote end closed connection without response'))
2025-08-19 08:10:55,749 - WARNING - ⚠️ 833874 泰祥股份 K线更新失败: ('Connection aborted.', RemoteDisconnected('Remote end closed connection without response'))
2025-08-19 08:10:55,969 - WARNING - ⚠️ 833914 远航精密 K线更新失败: ('Connection aborted.', RemoteDisconnected('Remote end closed connection without response'))
2025-08-19 08:10:56,188 - WARNING - ⚠️ 833943 优机股份 K线更新失败: ('Connection aborted.', RemoteDisconnected('Remote end closed connection without response'))
2025-08-19 08:10:56,408 - WARNING - ⚠️ 833994 翰博高新 K线更新失败: ('Connection aborted.', RemoteDisconnected('Remote end closed connection without response'))
2025-08-19 08:10:56,637 - WARNING - ⚠️ 834014 特瑞斯 K线更新失败: ('Connection aborted.', RemoteDisconnected('Remote end closed connection without response'))
2025-08-19 08:10:56,865 - WARNING - ⚠️ 834021 流金科技 K线更新失败: ('Connection aborted.', RemoteDisconnected('Remote end closed connection without response'))
2025-08-19 08:10:57,087 - WARNING - ⚠️ 834033 康普化学 K线更新失败: ('Connection aborted.', RemoteDisconnected('Remote end closed connection without response'))
2025-08-19 08:10:57,321 - WARNING - ⚠️ 834058 华洋赛车 K线更新失败: ('Connection aborted.', RemoteDisconnected('Remote end closed connection without response'))
2025-08-19 08:10:57,557 - WARNING - ⚠️ 834062 科润智控 K线更新失败: ('Connection aborted.', RemoteDisconnected('Remote end closed connection without response'))
2025-08-19 08:10:57,771 - WARNING - ⚠️ 834261 一诺威 K线更新失败: ('Connection aborted.', RemoteDisconnected('Remote end closed connection without response'))
2025-08-19 08:10:58,007 - WARNING - ⚠️ 834407 驰诚股份 K线更新失败: ('Connection aborted.', RemoteDisconnected('Remote end closed connection without response'))
2025-08-19 08:10:58,246 - WARNING - ⚠️ 834415 恒拓开源 K线更新失败: ('Connection aborted.', RemoteDisconnected('Remote end closed connection without response'))
2025-08-19 08:10:58,478 - WARNING - ⚠️ 834475 三友科技 K线更新失败: ('Connection aborted.', RemoteDisconnected('Remote end closed connection without response'))
2025-08-19 08:10:58,697 - WARNING - ⚠️ 834599 同力股份 K线更新失败: ('Connection aborted.', RemoteDisconnected('Remote end closed connection without response'))
2025-08-19 08:10:58,923 - WARNING - ⚠️ 834639 晨光电缆 K线更新失败: ('Connection aborted.', RemoteDisconnected('Remote end closed connection without response'))
2025-08-19 08:10:59,155 - WARNING - ⚠️ 834765 美之高 K线更新失败: ('Connection aborted.', RemoteDisconnected('Remote end closed connection without response'))
2025-08-19 08:10:59,402 - WARNING - ⚠️ 834770 艾能聚 K线更新失败: ('Connection aborted.', RemoteDisconnected('Remote end closed connection without response'))
2025-08-19 08:10:59,638 - WARNING - ⚠️ 834950 迅安科技 K线更新失败: ('Connection aborted.', RemoteDisconnected('Remote end closed connection without response'))
2025-08-19 08:10:59,872 - WARNING - ⚠️ 835174 五新隧装 K线更新失败: ('Connection aborted.', RemoteDisconnected('Remote end closed connection without response'))
2025-08-19 08:11:00,107 - WARNING - ⚠️ 835179 凯德石英 K线更新失败: ('Connection aborted.', RemoteDisconnected('Remote end closed connection without response'))
2025-08-19 08:11:00,343 - WARNING - ⚠️ 835184 国源科技 K线更新失败: ('Connection aborted.', RemoteDisconnected('Remote end closed connection without response'))
2025-08-19 08:11:00,581 - WARNING - ⚠️ 835185 贝特瑞 K线更新失败: ('Connection aborted.', RemoteDisconnected('Remote end closed connection without response'))
2025-08-19 08:11:00,809 - WARNING - ⚠️ 835207 众诚科技 K线更新失败: ('Connection aborted.', RemoteDisconnected('Remote end closed connection without response'))
2025-08-19 08:11:01,036 - WARNING - ⚠️ 835237 力佳科技 K线更新失败: ('Connection aborted.', RemoteDisconnected('Remote end closed connection without response'))
2025-08-19 08:11:01,258 - WARNING - ⚠️ 835305 *ST云创 K线更新失败: ('Connection aborted.', RemoteDisconnected('Remote end closed connection without response'))
2025-08-19 08:11:01,487 - WARNING - ⚠️ 835368 连城数控 K线更新失败: ('Connection aborted.', RemoteDisconnected('Remote end closed connection without response'))
2025-08-19 08:11:01,707 - WARNING - ⚠️ 835438 戈碧迦 K线更新失败: ('Connection aborted.', RemoteDisconnected('Remote end closed connection without response'))
2025-08-19 08:11:01,942 - WARNING - ⚠️ 835508 殷图网联 K线更新失败: ('Connection aborted.', RemoteDisconnected('Remote end closed connection without response'))
2025-08-19 08:11:02,161 - WARNING - ⚠️ 835579 机科股份 K线更新失败: ('Connection aborted.', RemoteDisconnected('Remote end closed connection without response'))
2025-08-19 08:11:02,381 - WARNING - ⚠️ 835640 富士达 K线更新失败: ('Connection aborted.', RemoteDisconnected('Remote end closed connection without response'))
2025-08-19 08:11:02,601 - WARNING - ⚠️ 835670 数字人 K线更新失败: ('Connection aborted.', RemoteDisconnected('Remote end closed connection without response'))
2025-08-19 08:11:02,828 - WARNING - ⚠️ 835857 百甲科技 K线更新失败: ('Connection aborted.', RemoteDisconnected('Remote end closed connection without response'))
2025-08-19 08:11:03,056 - WARNING - ⚠️ 835892 中科美菱 K线更新失败: ('Connection aborted.', RemoteDisconnected('Remote end closed connection without response'))
2025-08-19 08:11:03,275 - WARNING - ⚠️ 835985 海泰新能 K线更新失败: ('Connection aborted.', RemoteDisconnected('Remote end closed connection without response'))
2025-08-19 08:11:03,512 - WARNING - ⚠️ 836077 吉林碳谷 K线更新失败: ('Connection aborted.', RemoteDisconnected('Remote end closed connection without response'))
2025-08-19 08:11:03,731 - WARNING - ⚠️ 836149 旭杰科技 K线更新失败: ('Connection aborted.', RemoteDisconnected('Remote end closed connection without response'))
2025-08-19 08:11:03,977 - WARNING - ⚠️ 836208 青矩技术 K线更新失败: ('Connection aborted.', RemoteDisconnected('Remote end closed connection without response'))
2025-08-19 08:11:04,216 - WARNING - ⚠️ 836221 易实精密 K线更新失败: ('Connection aborted.', RemoteDisconnected('Remote end closed connection without response'))
2025-08-19 08:11:04,436 - WARNING - ⚠️ 836239 长虹能源 K线更新失败: ('Connection aborted.', RemoteDisconnected('Remote end closed connection without response'))
2025-08-19 08:11:04,662 - WARNING - ⚠️ 836247 华密新材 K线更新失败: ('Connection aborted.', RemoteDisconnected('Remote end closed connection without response'))
2025-08-19 08:11:04,888 - WARNING - ⚠️ 836260 中寰股份 K线更新失败: ('Connection aborted.', RemoteDisconnected('Remote end closed connection without response'))
2025-08-19 08:11:05,112 - WARNING - ⚠️ 836263 中航泰达 K线更新失败: ('Connection aborted.', RemoteDisconnected('Remote end closed connection without response'))
2025-08-19 08:11:05,331 - WARNING - ⚠️ 836270 天铭科技 K线更新失败: ('Connection aborted.', RemoteDisconnected('Remote end closed connection without response'))
2025-08-19 08:11:05,558 - WARNING - ⚠️ 836395 朗鸿科技 K线更新失败: ('Connection aborted.', RemoteDisconnected('Remote end closed connection without response'))
2025-08-19 08:11:05,800 - WARNING - ⚠️ 836414 欧普泰 K线更新失败: ('Connection aborted.', RemoteDisconnected('Remote end closed connection without response'))
2025-08-19 08:11:06,036 - WARNING - ⚠️ 836419 万德股份 K线更新失败: ('Connection aborted.', RemoteDisconnected('Remote end closed connection without response'))
2025-08-19 08:11:06,270 - WARNING - ⚠️ 836422 润普食品 K线更新失败: ('Connection aborted.', RemoteDisconnected('Remote end closed connection without response'))
2025-08-19 08:11:06,505 - WARNING - ⚠️ 836433 大唐药业 K线更新失败: ('Connection aborted.', RemoteDisconnected('Remote end closed connection without response'))
2025-08-19 08:11:06,734 - WARNING - ⚠️ 836504 博迅生物 K线更新失败: ('Connection aborted.', RemoteDisconnected('Remote end closed connection without response'))
2025-08-19 08:11:06,945 - WARNING - ⚠️ 836547 无锡晶海 K线更新失败: ('Connection aborted.', RemoteDisconnected('Remote end closed connection without response'))
2025-08-19 08:11:07,179 - WARNING - ⚠️ 836675 秉扬科技 K线更新失败: ('Connection aborted.', RemoteDisconnected('Remote end closed connection without response'))
2025-08-19 08:11:07,414 - WARNING - ⚠️ 836699 海达尔 K线更新失败: ('Connection aborted.', RemoteDisconnected('Remote end closed connection without response'))
2025-08-19 08:11:07,647 - WARNING - ⚠️ 836717 瑞星股份 K线更新失败: ('Connection aborted.', RemoteDisconnected('Remote end closed connection without response'))
2025-08-19 08:11:07,885 - WARNING - ⚠️ 836720 吉冈精密 K线更新失败: ('Connection aborted.', RemoteDisconnected('Remote end closed connection without response'))
2025-08-19 08:11:08,105 - WARNING - ⚠️ 836807 奔朗新材 K线更新失败: ('Connection aborted.', RemoteDisconnected('Remote end closed connection without response'))
2025-08-19 08:11:08,336 - WARNING - ⚠️ 836826 盖世食品 K线更新失败: ('Connection aborted.', RemoteDisconnected('Remote end closed connection without response'))
2025-08-19 08:11:08,583 - WARNING - ⚠️ 836871 派特尔 K线更新失败: ('Connection aborted.', RemoteDisconnected('Remote end closed connection without response'))
2025-08-19 08:11:08,808 - WARNING - ⚠️ 836892 广咨国际 K线更新失败: ('Connection aborted.', RemoteDisconnected('Remote end closed connection without response'))
2025-08-19 08:11:09,038 - WARNING - ⚠️ 836942 恒立钻具 K线更新失败: ('Connection aborted.', RemoteDisconnected('Remote end closed connection without response'))
2025-08-19 08:11:09,277 - WARNING - ⚠️ 836957 汉维科技 K线更新失败: ('Connection aborted.', RemoteDisconnected('Remote end closed connection without response'))
2025-08-19 08:11:09,500 - WARNING - ⚠️ 836961 西磁科技 K线更新失败: ('Connection aborted.', RemoteDisconnected('Remote end closed connection without response'))
2025-08-19 08:11:09,720 - WARNING - ⚠️ 837006 晟楠科技 K线更新失败: ('Connection aborted.', RemoteDisconnected('Remote end closed connection without response'))
2025-08-19 08:11:09,954 - WARNING - ⚠️ 837023 芭薇股份 K线更新失败: ('Connection aborted.', RemoteDisconnected('Remote end closed connection without response'))
2025-08-19 08:11:10,194 - WARNING - ⚠️ 837046 亿能电力 K线更新失败: ('Connection aborted.', RemoteDisconnected('Remote end closed connection without response'))
2025-08-19 08:11:10,412 - WARNING - ⚠️ 837092 汉鑫科技 K线更新失败: ('Connection aborted.', RemoteDisconnected('Remote end closed connection without response'))
2025-08-19 08:11:10,646 - WARNING - ⚠️ 837174 宏裕包材 K线更新失败: ('Connection aborted.', RemoteDisconnected('Remote end closed connection without response'))
2025-08-19 08:11:10,880 - WARNING - ⚠️ 837212 智新电子 K线更新失败: ('Connection aborted.', RemoteDisconnected('Remote end closed connection without response'))
2025-08-19 08:11:11,119 - WARNING - ⚠️ 837242 建邦科技 K线更新失败: ('Connection aborted.', RemoteDisconnected('Remote end closed connection without response'))
2025-08-19 08:11:11,351 - WARNING - ⚠️ 837344 三元基因 K线更新失败: ('Connection aborted.', RemoteDisconnected('Remote end closed connection without response'))
2025-08-19 08:11:11,586 - WARNING - ⚠️ 837403 康农种业 K线更新失败: ('Connection aborted.', RemoteDisconnected('Remote end closed connection without response'))
2025-08-19 08:11:11,821 - WARNING - ⚠️ 837592 华信永道 K线更新失败: ('Connection aborted.', RemoteDisconnected('Remote end closed connection without response'))
2025-08-19 08:11:12,041 - WARNING - ⚠️ 837663 明阳科技 K线更新失败: ('Connection aborted.', RemoteDisconnected('Remote end closed connection without response'))
2025-08-19 08:11:12,276 - WARNING - ⚠️ 837748 路桥信息 K线更新失败: ('Connection aborted.', RemoteDisconnected('Remote end closed connection without response'))
2025-08-19 08:11:12,506 - WARNING - ⚠️ 837821 则成电子 K线更新失败: ('Connection aborted.', RemoteDisconnected('Remote end closed connection without response'))
2025-08-19 08:11:12,741 - WARNING - ⚠️ 838030 德众汽车 K线更新失败: ('Connection aborted.', RemoteDisconnected('Remote end closed connection without response'))
2025-08-19 08:11:12,973 - WARNING - ⚠️ 838163 方大新材 K线更新失败: ('Connection aborted.', RemoteDisconnected('Remote end closed connection without response'))
2025-08-19 08:11:13,211 - WARNING - ⚠️ 838171 邦德股份 K线更新失败: ('Connection aborted.', RemoteDisconnected('Remote end closed connection without response'))
2025-08-19 08:11:13,447 - WARNING - ⚠️ 838227 美登科技 K线更新失败: ('Connection aborted.', RemoteDisconnected('Remote end closed connection without response'))
2025-08-19 08:11:13,671 - WARNING - ⚠️ 838262 太湖雪 K线更新失败: ('Connection aborted.', RemoteDisconnected('Remote end closed connection without response'))
2025-08-19 08:11:13,891 - WARNING - ⚠️ 838275 驱动力 K线更新失败: ('Connection aborted.', RemoteDisconnected('Remote end closed connection without response'))
2025-08-19 08:11:14,126 - WARNING - ⚠️ 838402 硅烷科技 K线更新失败: ('Connection aborted.', RemoteDisconnected('Remote end closed connection without response'))
2025-08-19 08:11:14,361 - WARNING - ⚠️ 838670 恒进感应 K线更新失败: ('Connection aborted.', RemoteDisconnected('Remote end closed connection without response'))
2025-08-19 08:11:14,581 - WARNING - ⚠️ 838701 豪声电子 K线更新失败: ('Connection aborted.', RemoteDisconnected('Remote end closed connection without response'))
2025-08-19 08:11:14,820 - WARNING - ⚠️ 838810 春光智能 K线更新失败: ('Connection aborted.', RemoteDisconnected('Remote end closed connection without response'))
2025-08-19 08:11:15,043 - WARNING - ⚠️ 838837 华原股份 K线更新失败: ('Connection aborted.', RemoteDisconnected('Remote end closed connection without response'))
2025-08-19 08:11:15,270 - WARNING - ⚠️ 838924 广脉科技 K线更新失败: ('Connection aborted.', RemoteDisconnected('Remote end closed connection without response'))
2025-08-19 08:11:15,506 - WARNING - ⚠️ 838971 天马新材 K线更新失败: ('Connection aborted.', RemoteDisconnected('Remote end closed connection without response'))
2025-08-19 08:11:15,744 - WARNING - ⚠️ 839273 一致魔芋 K线更新失败: ('Connection aborted.', RemoteDisconnected('Remote end closed connection without response'))
2025-08-19 08:11:15,960 - WARNING - ⚠️ 839371 欧福蛋业 K线更新失败: ('Connection aborted.', RemoteDisconnected('Remote end closed connection without response'))
2025-08-19 08:11:16,197 - WARNING - ⚠️ 839493 并行科技 K线更新失败: ('Connection aborted.', RemoteDisconnected('Remote end closed connection without response'))
2025-08-19 08:11:16,432 - WARNING - ⚠️ 839680 *ST广道 K线更新失败: ('Connection aborted.', RemoteDisconnected('Remote end closed connection without response'))
2025-08-19 08:11:16,669 - WARNING - ⚠️ 839719 宁新新材 K线更新失败: ('Connection aborted.', RemoteDisconnected('Remote end closed connection without response'))
2025-08-19 08:11:16,901 - WARNING - ⚠️ 839725 惠丰钻石 K线更新失败: ('Connection aborted.', RemoteDisconnected('Remote end closed connection without response'))
2025-08-19 08:11:17,117 - WARNING - ⚠️ 839729 永顺生物 K线更新失败: ('Connection aborted.', RemoteDisconnected('Remote end closed connection without response'))
2025-08-19 08:11:17,356 - WARNING - ⚠️ 839790 联迪信息 K线更新失败: ('Connection aborted.', RemoteDisconnected('Remote end closed connection without response'))
2025-08-19 08:11:17,591 - WARNING - ⚠️ 839792 东和新材 K线更新失败: ('Connection aborted.', RemoteDisconnected('Remote end closed connection without response'))
2025-08-19 08:11:17,827 - WARNING - ⚠️ 839946 华阳变速 K线更新失败: ('Connection aborted.', RemoteDisconnected('Remote end closed connection without response'))
2025-08-19 08:11:18,063 - WARNING - ⚠️ 870199 倍益康 K线更新失败: ('Connection aborted.', RemoteDisconnected('Remote end closed connection without response'))
2025-08-19 08:11:18,296 - WARNING - ⚠️ 870204 沪江材料 K线更新失败: ('Connection aborted.', RemoteDisconnected('Remote end closed connection without response'))
2025-08-19 08:11:18,531 - WARNING - ⚠️ 870299 灿能电力 K线更新失败: ('Connection aborted.', RemoteDisconnected('Remote end closed connection without response'))
2025-08-19 08:11:18,751 - WARNING - ⚠️ 870357 雅葆轩 K线更新失败: ('Connection aborted.', RemoteDisconnected('Remote end closed connection without response'))
2025-08-19 08:11:19,002 - WARNING - ⚠️ 870436 大地电气 K线更新失败: ('Connection aborted.', RemoteDisconnected('Remote end closed connection without response'))
2025-08-19 08:11:19,254 - WARNING - ⚠️ 870508 丰安股份 K线更新失败: ('Connection aborted.', RemoteDisconnected('Remote end closed connection without response'))
2025-08-19 08:11:19,474 - WARNING - ⚠️ 870656 海昇药业 K线更新失败: ('Connection aborted.', RemoteDisconnected('Remote end closed connection without response'))
2025-08-19 08:11:19,708 - WARNING - ⚠️ 870726 鸿智科技 K线更新失败: ('Connection aborted.', RemoteDisconnected('Remote end closed connection without response'))
2025-08-19 08:11:19,943 - WARNING - ⚠️ 870866 绿亨科技 K线更新失败: ('Connection aborted.', RemoteDisconnected('Remote end closed connection without response'))
2025-08-19 08:11:20,163 - WARNING - ⚠️ 870976 视声智能 K线更新失败: ('Connection aborted.', RemoteDisconnected('Remote end closed connection without response'))
2025-08-19 08:11:20,398 - WARNING - ⚠️ 871245 威博液压 K线更新失败: ('Connection aborted.', RemoteDisconnected('Remote end closed connection without response'))
2025-08-19 08:11:20,633 - WARNING - ⚠️ 871263 莱赛激光 K线更新失败: ('Connection aborted.', RemoteDisconnected('Remote end closed connection without response'))
2025-08-19 08:11:20,856 - WARNING - ⚠️ 871396 常辅股份 K线更新失败: ('Connection aborted.', RemoteDisconnected('Remote end closed connection without response'))
2025-08-19 08:11:21,085 - WARNING - ⚠️ 871478 巨能股份 K线更新失败: ('Connection aborted.', RemoteDisconnected('Remote end closed connection without response'))
2025-08-19 08:11:21,321 - WARNING - ⚠️ 871553 凯腾精工 K线更新失败: ('Connection aborted.', RemoteDisconnected('Remote end closed connection without response'))
2025-08-19 08:11:21,556 - WARNING - ⚠️ 871634 新威凌 K线更新失败: ('Connection aborted.', RemoteDisconnected('Remote end closed connection without response'))
2025-08-19 08:11:21,791 - WARNING - ⚠️ 871642 通易航天 K线更新失败: ('Connection aborted.', RemoteDisconnected('Remote end closed connection without response'))
2025-08-19 08:11:22,012 - WARNING - ⚠️ 871694 中裕科技 K线更新失败: ('Connection aborted.', RemoteDisconnected('Remote end closed connection without response'))
2025-08-19 08:11:22,248 - WARNING - ⚠️ 871753 天纺标 K线更新失败: ('Connection aborted.', RemoteDisconnected('Remote end closed connection without response'))
2025-08-19 08:11:22,487 - WARNING - ⚠️ 871857 泓禧科技 K线更新失败: ('Connection aborted.', RemoteDisconnected('Remote end closed connection without response'))
2025-08-19 08:11:22,703 - WARNING - ⚠️ 871970 大禹生物 K线更新失败: ('Connection aborted.', RemoteDisconnected('Remote end closed connection without response'))
2025-08-19 08:11:22,938 - WARNING - ⚠️ 871981 晶赛科技 K线更新失败: ('Connection aborted.', RemoteDisconnected('Remote end closed connection without response'))
2025-08-19 08:11:23,173 - WARNING - ⚠️ 872190 雷神科技 K线更新失败: ('Connection aborted.', RemoteDisconnected('Remote end closed connection without response'))
2025-08-19 08:11:23,408 - WARNING - ⚠️ 872351 华光源海 K线更新失败: ('Connection aborted.', RemoteDisconnected('Remote end closed connection without response'))
2025-08-19 08:11:23,627 - WARNING - ⚠️ 872374 云里物里 K线更新失败: ('Connection aborted.', RemoteDisconnected('Remote end closed connection without response'))
2025-08-19 08:11:23,862 - WARNING - ⚠️ 872392 佳合科技 K线更新失败: ('Connection aborted.', RemoteDisconnected('Remote end closed connection without response'))
2025-08-19 08:11:24,083 - WARNING - ⚠️ 872541 铁大科技 K线更新失败: ('Connection aborted.', RemoteDisconnected('Remote end closed connection without response'))
2025-08-19 08:11:24,333 - WARNING - ⚠️ 872808 曙光数创 K线更新失败: ('Connection aborted.', RemoteDisconnected('Remote end closed connection without response'))
2025-08-19 08:11:24,586 - WARNING - ⚠️ 872895 花溪科技 K线更新失败: ('Connection aborted.', RemoteDisconnected('Remote end closed connection without response'))
2025-08-19 08:11:24,815 - WARNING - ⚠️ 872925 锦好医疗 K线更新失败: ('Connection aborted.', RemoteDisconnected('Remote end closed connection without response'))
2025-08-19 08:11:25,049 - WARNING - ⚠️ 872931 无锡鼎邦 K线更新失败: ('Connection aborted.', RemoteDisconnected('Remote end closed connection without response'))
2025-08-19 08:11:25,289 - WARNING - ⚠️ 872953 国子软件 K线更新失败: ('Connection aborted.', RemoteDisconnected('Remote end closed connection without response'))
2025-08-19 08:11:25,524 - WARNING - ⚠️ 873001 纬达光电 K线更新失败: ('Connection aborted.', RemoteDisconnected('Remote end closed connection without response'))
2025-08-19 08:11:25,761 - WARNING - ⚠️ 873122 中纺标 K线更新失败: ('Connection aborted.', RemoteDisconnected('Remote end closed connection without response'))
2025-08-19 08:11:25,981 - WARNING - ⚠️ 873132 泰鹏智能 K线更新失败: ('Connection aborted.', RemoteDisconnected('Remote end closed connection without response'))
2025-08-19 08:11:26,224 - WARNING - ⚠️ 873152 天宏锂电 K线更新失败: ('Connection aborted.', RemoteDisconnected('Remote end closed connection without response'))
2025-08-19 08:11:26,456 - WARNING - ⚠️ 873167 新赣江 K线更新失败: ('Connection aborted.', RemoteDisconnected('Remote end closed connection without response'))
2025-08-19 08:11:26,686 - WARNING - ⚠️ 873169 七丰精工 K线更新失败: ('Connection aborted.', RemoteDisconnected('Remote end closed connection without response'))
2025-08-19 08:11:26,921 - WARNING - ⚠️ 873223 荣亿精密 K线更新失败: ('Connection aborted.', RemoteDisconnected('Remote end closed connection without response'))
2025-08-19 08:11:27,140 - WARNING - ⚠️ 873305 九菱科技 K线更新失败: ('Connection aborted.', RemoteDisconnected('Remote end closed connection without response'))
2025-08-19 08:11:27,375 - WARNING - ⚠️ 873339 恒太照明 K线更新失败: ('Connection aborted.', RemoteDisconnected('Remote end closed connection without response'))
2025-08-19 08:11:27,611 - WARNING - ⚠️ 873527 夜光明 K线更新失败: ('Connection aborted.', RemoteDisconnected('Remote end closed connection without response'))
2025-08-19 08:11:27,846 - WARNING - ⚠️ 873570 坤博精工 K线更新失败: ('Connection aborted.', RemoteDisconnected('Remote end closed connection without response'))
2025-08-19 08:11:28,066 - WARNING - ⚠️ 873576 天力复合 K线更新失败: ('Connection aborted.', RemoteDisconnected('Remote end closed connection without response'))
2025-08-19 08:11:28,315 - WARNING - ⚠️ 873593 鼎智科技 K线更新失败: ('Connection aborted.', RemoteDisconnected('Remote end closed connection without response'))
2025-08-19 08:11:28,548 - WARNING - ⚠️ 873665 科强股份 K线更新失败: ('Connection aborted.', RemoteDisconnected('Remote end closed connection without response'))
2025-08-19 08:11:28,790 - WARNING - ⚠️ 873679 前进科技 K线更新失败: ('Connection aborted.', RemoteDisconnected('Remote end closed connection without response'))
2025-08-19 08:11:29,024 - WARNING - ⚠️ 873690 捷众科技 K线更新失败: ('Connection aborted.', RemoteDisconnected('Remote end closed connection without response'))
2025-08-19 08:11:29,261 - WARNING - ⚠️ 873693 阿为特 K线更新失败: ('Connection aborted.', RemoteDisconnected('Remote end closed connection without response'))
2025-08-19 08:11:29,492 - WARNING - ⚠️ 873703 广厦环能 K线更新失败: ('Connection aborted.', RemoteDisconnected('Remote end closed connection without response'))
2025-08-19 08:11:29,722 - WARNING - ⚠️ 873706 铁拓机械 K线更新失败: ('Connection aborted.', RemoteDisconnected('Remote end closed connection without response'))
2025-08-19 08:11:29,951 - WARNING - ⚠️ 873726 卓兆点胶 K线更新失败: ('Connection aborted.', RemoteDisconnected('Remote end closed connection without response'))
2025-08-19 08:11:30,200 - WARNING - ⚠️ 873806 云星宇 K线更新失败: ('Connection aborted.', RemoteDisconnected('Remote end closed connection without response'))
2025-08-19 08:11:30,438 - WARNING - ⚠️ 873833 美心翼申 K线更新失败: ('Connection aborted.', RemoteDisconnected('Remote end closed connection without response'))
2025-08-19 08:11:30,661 - WARNING - ⚠️ 920002 万达轴承 K线更新失败: ('Connection aborted.', RemoteDisconnected('Remote end closed connection without response'))
2025-08-19 08:11:30,889 - WARNING - ⚠️ 920005 鼎佳精密 K线更新失败: ('Connection aborted.', RemoteDisconnected('Remote end closed connection without response'))
2025-08-19 08:11:31,138 - WARNING - ⚠️ 920007 酉立智能 K线更新失败: ('Connection aborted.', RemoteDisconnected('Remote end closed connection without response'))
2025-08-19 08:11:31,374 - WARNING - ⚠️ 920008 成电光信 K线更新失败: ('Connection aborted.', RemoteDisconnected('Remote end closed connection without response'))
2025-08-19 08:11:31,610 - WARNING - ⚠️ 920016 中草香料 K线更新失败: ('Connection aborted.', RemoteDisconnected('Remote end closed connection without response'))
2025-08-19 08:11:31,830 - WARNING - ⚠️ 920018 宏远股份 K线更新失败: ('Connection aborted.', RemoteDisconnected('Remote end closed connection without response'))
2025-08-19 08:11:32,061 - WARNING - ⚠️ 920019 铜冠矿建 K线更新失败: ('Connection aborted.', RemoteDisconnected('Remote end closed connection without response'))
2025-08-19 08:11:32,299 - WARNING - ⚠️ 920027 交大铁发 K线更新失败: ('Connection aborted.', RemoteDisconnected('Remote end closed connection without response'))
2025-08-19 08:11:32,537 - WARNING - ⚠️ 920029 开发科技 K线更新失败: ('Connection aborted.', RemoteDisconnected('Remote end closed connection without response'))
2025-08-19 08:11:32,749 - WARNING - ⚠️ 920037 广信科技 K线更新失败: ('Connection aborted.', RemoteDisconnected('Remote end closed connection without response'))
2025-08-19 08:11:32,979 - WARNING - ⚠️ 920056 能之光 K线更新失败: ('Connection aborted.', RemoteDisconnected('Remote end closed connection without response'))
2025-08-19 08:11:33,212 - WARNING - ⚠️ 920060 万源通 K线更新失败: ('Connection aborted.', RemoteDisconnected('Remote end closed connection without response'))
2025-08-19 08:11:33,447 - WARNING - ⚠️ 920066 科拜尔 K线更新失败: ('Connection aborted.', RemoteDisconnected('Remote end closed connection without response'))
2025-08-19 08:11:33,680 - WARNING - ⚠️ 920068 天工股份 K线更新失败: ('Connection aborted.', RemoteDisconnected('Remote end closed connection without response'))
2025-08-19 08:11:33,916 - WARNING - ⚠️ 920082 方正阀门 K线更新失败: ('Connection aborted.', RemoteDisconnected('Remote end closed connection without response'))
2025-08-19 08:11:34,151 - WARNING - ⚠️ 920088 科力股份 K线更新失败: ('Connection aborted.', RemoteDisconnected('Remote end closed connection without response'))
2025-08-19 08:11:34,385 - WARNING - ⚠️ 920098 科隆新材 K线更新失败: ('Connection aborted.', RemoteDisconnected('Remote end closed connection without response'))
2025-08-19 08:11:34,620 - WARNING - ⚠️ 920099 瑞华技术 K线更新失败: ('Connection aborted.', RemoteDisconnected('Remote end closed connection without response'))
2025-08-19 08:11:34,854 - WARNING - ⚠️ 920101 志高机械 K线更新失败: ('Connection aborted.', RemoteDisconnected('Remote end closed connection without response'))
2025-08-19 08:11:35,090 - WARNING - ⚠️ 920106 林泰新材 K线更新失败: ('Connection aborted.', RemoteDisconnected('Remote end closed connection without response'))
2025-08-19 08:11:35,326 - WARNING - ⚠️ 920108 宏海科技 K线更新失败: ('Connection aborted.', RemoteDisconnected('Remote end closed connection without response'))
2025-08-19 08:11:35,545 - WARNING - ⚠️ 920111 聚星科技 K线更新失败: ('Connection aborted.', RemoteDisconnected('Remote end closed connection without response'))
2025-08-19 08:11:35,780 - WARNING - ⚠️ 920112 巴兰仕 K线更新失败: ('Connection aborted.', RemoteDisconnected('Remote end closed connection without response'))
2025-08-19 08:11:36,000 - WARNING - ⚠️ 920116 星图测控 K线更新失败: ('Connection aborted.', RemoteDisconnected('Remote end closed connection without response'))
2025-08-19 08:11:36,236 - WARNING - ⚠️ 920118 太湖远大 K线更新失败: ('Connection aborted.', RemoteDisconnected('Remote end closed connection without response'))
2025-08-19 08:11:36,469 - WARNING - ⚠️ 920128 胜业电气 K线更新失败: ('Connection aborted.', RemoteDisconnected('Remote end closed connection without response'))
2025-08-19 08:11:36,712 - WARNING - ⚠️ 920167 同享科技 K线更新失败: ('Connection aborted.', RemoteDisconnected('Remote end closed connection without response'))
2025-08-19 08:11:36,935 - WARNING - ⚠️ 920445 龙竹科技 K线更新失败: ('Connection aborted.', RemoteDisconnected('Remote end closed connection without response'))
2025-08-19 08:11:37,179 - WARNING - ⚠️ 920489 佳先股份 K线更新失败: ('Connection aborted.', RemoteDisconnected('Remote end closed connection without response'))
2025-08-19 08:11:37,397 - WARNING - ⚠️ 920682 球冠电缆 K线更新失败: ('Connection aborted.', RemoteDisconnected('Remote end closed connection without response'))
2025-08-19 08:11:37,646 - WARNING - ⚠️ 920799 艾融软件 K线更新失败: ('Connection aborted.', RemoteDisconnected('Remote end closed connection without response'))
2025-08-19 08:11:37,889 - WARNING - ⚠️ 920819 颖泰生物 K线更新失败: ('Connection aborted.', RemoteDisconnected('Remote end closed connection without response'))
2025-08-19 08:11:37,890 - INFO - ✅ 本周K线更新完成: 1052 条记录
2025-08-19 08:11:37,891 - INFO - ============================================================
2025-08-19 08:11:37,891 - INFO - 📊 本周数据更新统计
2025-08-19 08:11:37,892 - INFO - ============================================================
2025-08-19 08:11:37,892 - INFO - ⏱️  更新耗时: 0:33:09.713257
2025-08-19 08:11:37,892 - INFO - 📈 实时行情: 0 条
2025-08-19 08:11:37,893 - INFO - 📊 本周K线: 1,052 条
2025-08-19 08:11:37,893 - INFO - 📅 交易日历: 0 条
2025-08-19 08:11:37,893 - INFO - ✅ 无错误
2025-08-19 08:11:37,894 - INFO - ============================================================
2025-08-19 08:11:37,897 - INFO - 🎉 本周数据更新完成！
2025-08-19 08:11:37,897 - INFO - 数据库连接已关闭
2025-08-19 08:11:37,897 - INFO - ✅ 每周数据更新成功完成
2025-08-19 19:43:32,296 - INFO - 🌟 每周数据更新程序启动
2025-08-19 19:43:32,297 - INFO - 🚀 开始每周数据更新...
2025-08-19 19:43:32,297 - INFO - ============================================================
2025-08-19 19:43:32,317 - INFO - ✅ 成功连接到MySQL数据库
2025-08-19 19:43:32,317 - INFO - 📊 开始更新近7个自然日K线数据）...
2025-08-19 19:43:33,236 - INFO - 📊 准备更新 1593 只股票的近7个自然日K线数据
2025-08-19 19:43:34,687 - INFO - 📈 已处理601965 中国汽研 
2025-08-19 19:43:36,581 - INFO - 📈 已处理601966 玲珑轮胎 
2025-08-19 19:43:37,810 - INFO - 📈 已处理601968 宝钢包装 
2025-08-19 19:43:40,116 - INFO - 📈 已处理601969 海南矿业 
2025-08-19 19:43:41,218 - INFO - 📈 已处理601975 招商南油 
2025-08-19 19:43:42,166 - INFO - 📈 已处理601985 中国核电 
2025-08-19 19:43:43,684 - INFO - 📈 已处理601988 中国银行 
2025-08-19 19:43:44,971 - INFO - 📈 已处理601989 中国重工 
2025-08-19 19:43:46,321 - INFO - 📈 已处理601990 南京证券 
2025-08-19 19:43:47,853 - INFO - 📈 已处理601991 大唐发电 
2025-08-19 19:43:52,212 - INFO - 📈 已处理601992 金隅集团 
2025-08-19 19:43:53,161 - INFO - 📈 已处理601995 中金公司 
2025-08-19 19:43:54,696 - INFO - 📈 已处理601996 丰林集团 
2025-08-19 19:43:55,602 - INFO - 📈 已处理601997 贵阳银行 
2025-08-19 19:43:57,194 - INFO - 📈 已处理601998 中信银行 
2025-08-19 19:43:58,650 - INFO - 📈 已处理601999 出版传媒 
2025-08-19 19:43:59,862 - INFO - 📈 已处理603000 人民网 
2025-08-19 19:44:02,687 - INFO - 📈 已处理603001 奥康国际 
2025-08-19 19:44:05,207 - INFO - 📈 已处理603002 宏昌电子 
2025-08-19 19:44:06,736 - INFO - 📈 已处理603003 退市龙宇 
2025-08-19 19:44:08,127 - INFO - 📈 已处理603004 鼎龙科技 
2025-08-19 19:44:09,192 - INFO - 📈 已处理603005 晶方科技 
2025-08-19 19:44:10,179 - INFO - 📈 已处理603006 联明股份 
2025-08-19 19:44:11,076 - INFO - 📈 已处理603007 *ST花王 
2025-08-19 19:44:12,592 - INFO - 📈 已处理603008 喜临门 
2025-08-19 19:44:13,590 - INFO - 📈 已处理603009 北特科技 
2025-08-19 19:44:14,501 - INFO - 📈 已处理603010 万盛股份 
2025-08-19 19:44:15,465 - INFO - 📈 已处理603011 合锻智能 
2025-08-19 19:44:17,714 - INFO - 📈 已处理603012 创力集团 
2025-08-19 19:44:18,475 - INFO - 📈 已处理603013 亚普股份 
2025-08-19 19:44:19,004 - INFO - 📈 已处理603014 威高血净 
2025-08-19 19:44:20,348 - INFO - 📈 已处理603015 弘讯科技 
2025-08-19 19:44:21,165 - INFO - 📈 已处理603016 新宏泰 
2025-08-19 19:44:23,819 - INFO - 📈 已处理603017 中衡设计 
2025-08-19 19:44:24,908 - INFO - 📈 已处理603018 华设集团 
2025-08-19 19:44:26,039 - INFO - 📈 已处理603019 中科曙光 
2025-08-19 19:44:27,212 - INFO - 📈 已处理603020 爱普股份 
2025-08-19 19:44:29,587 - INFO - 📈 已处理603021 ST华鹏 
2025-08-19 19:44:30,896 - INFO - 📈 已处理603022 新通联 
2025-08-19 19:44:32,192 - INFO - 📈 已处理603023 威帝股份 
2025-08-19 19:44:33,674 - INFO - 📈 已处理603025 大豪科技 
2025-08-19 19:44:35,687 - INFO - 📈 已处理603026 石大胜华 
2025-08-19 19:44:38,018 - INFO - 📈 已处理603027 千禾味业 
2025-08-19 19:44:41,356 - INFO - 📈 已处理603028 赛福天 
2025-08-19 19:44:42,703 - INFO - 📈 已处理603029 天鹅股份 
2025-08-19 19:44:44,152 - INFO - 📈 已处理603030 全筑股份 
2025-08-19 19:44:45,132 - INFO - 📈 已处理603031 安孚科技 
2025-08-19 19:44:46,333 - INFO - 📈 已处理603032 德新科技 
2025-08-19 19:44:47,548 - INFO - 📈 已处理603033 三维股份 
2025-08-19 19:44:47,548 - INFO - 📈 已处理 50/1593 只股票，成功 49 只
2025-08-19 19:44:48,464 - INFO - 📈 已处理603035 常熟汽饰 
2025-08-19 19:44:49,391 - INFO - 📈 已处理603036 如通股份 
2025-08-19 19:44:50,400 - INFO - 📈 已处理603037 凯众股份 
2025-08-19 19:44:51,298 - INFO - 📈 已处理603038 华立股份 
2025-08-19 19:44:52,834 - INFO - 📈 已处理603039 泛微网络 
2025-08-19 19:44:53,705 - INFO - 📈 已处理603040 新坐标 
2025-08-19 19:44:54,579 - INFO - 📈 已处理603041 美思德 
2025-08-19 19:44:56,457 - INFO - 📈 已处理603042 华脉科技 
2025-08-19 19:44:58,003 - INFO - 📈 已处理603043 广州酒家 
2025-08-19 19:44:58,810 - INFO - 📈 已处理603045 福达合金 
2025-08-19 19:44:59,378 - INFO - 📈 已处理603048 浙江黎明 
2025-08-19 19:44:59,678 - INFO - 📈 已处理603049 中策橡胶 
2025-08-19 19:45:00,582 - INFO - 📈 已处理603050 科林电气 
2025-08-19 19:45:01,118 - INFO - 📈 已处理603051 鹿山新材 
2025-08-19 19:45:01,587 - INFO - 📈 已处理603052 可川科技 
2025-08-19 19:45:02,618 - INFO - 📈 已处理603053 成都燃气 
2025-08-19 19:45:04,005 - INFO - 📈 已处理603055 台华新材 
2025-08-19 19:45:05,052 - INFO - 📈 已处理603056 德邦股份 
2025-08-19 19:45:05,509 - INFO - 📈 已处理603057 紫燕食品 
2025-08-19 19:45:06,358 - INFO - 📈 已处理603058 永吉股份 
2025-08-19 19:45:09,059 - INFO - 📈 已处理603059 倍加洁 
2025-08-19 19:45:09,898 - INFO - 📈 已处理603060 国检集团 
2025-08-19 19:45:10,334 - INFO - 📈 已处理603061 金海通 
2025-08-19 19:45:11,378 - INFO - 📈 已处理603062 麦加芯彩 
2025-08-19 19:45:12,211 - INFO - 📈 已处理603063 禾望电气 
2025-08-19 19:45:12,963 - INFO - 📈 已处理603065 宿迁联盛 
2025-08-19 19:45:14,910 - INFO - 📈 已处理603066 音飞储存 
2025-08-19 19:45:16,174 - INFO - 📈 已处理603067 振华股份 
2025-08-19 19:45:16,903 - INFO - 📈 已处理603068 博通集成 
2025-08-19 19:45:18,787 - INFO - 📈 已处理603069 海汽集团 
2025-08-19 19:45:19,599 - INFO - 📈 已处理603070 万控智造 
2025-08-19 19:45:20,393 - INFO - 📈 已处理603071 物产环能 
2025-08-19 19:45:21,674 - INFO - 📈 已处理603072 天和磁材 
2025-08-19 19:45:22,413 - INFO - 📈 已处理603073 彩蝶实业 
2025-08-19 19:45:22,810 - INFO - 📈 已处理603075 热威股份 
2025-08-19 19:45:23,590 - INFO - 📈 已处理603076 乐惠国际 
2025-08-19 19:45:26,024 - INFO - 📈 已处理603077 和邦生物 
2025-08-19 19:45:27,200 - INFO - 📈 已处理603078 江化微 
2025-08-19 19:45:28,326 - INFO - 📈 已处理603079 圣达生物 
2025-08-19 19:45:29,103 - INFO - 📈 已处理603080 新疆火炬 
2025-08-19 19:45:29,937 - INFO - 📈 已处理603081 大丰实业 
2025-08-19 19:45:30,586 - INFO - 📈 已处理603082 北自科技 
2025-08-19 19:45:31,400 - INFO - 📈 已处理603083 剑桥科技 
2025-08-19 19:45:32,711 - INFO - 📈 已处理603085 天成自控 
2025-08-19 19:45:33,935 - INFO - 📈 已处理603086 先达股份 
2025-08-19 19:45:34,552 - INFO - 📈 已处理603087 甘李药业 
2025-08-19 19:45:35,804 - INFO - 📈 已处理603088 宁波精达 
2025-08-19 19:45:36,970 - INFO - 📈 已处理603089 正裕工业 
2025-08-19 19:45:37,845 - INFO - 📈 已处理603090 宏盛股份 
2025-08-19 19:45:38,195 - INFO - 📈 已处理603091 众鑫股份 
2025-08-19 19:45:38,195 - INFO - 📈 已处理 100/1593 只股票，成功 99 只
2025-08-19 19:45:39,187 - INFO - 📈 已处理603093 南华期货 
2025-08-19 19:45:39,850 - INFO - 📈 已处理603095 越剑智能 
2025-08-19 19:45:40,693 - INFO - 📈 已处理603096 新经典 
2025-08-19 19:45:41,181 - INFO - 📈 已处理603097 江苏华辰 
2025-08-19 19:45:42,353 - INFO - 📈 已处理603098 森特股份 
2025-08-19 19:45:43,655 - INFO - 📈 已处理603099 长白山 
2025-08-19 19:45:44,660 - INFO - 📈 已处理603100 川仪股份 
2025-08-19 19:45:45,801 - INFO - 📈 已处理603101 汇嘉时代 
2025-08-19 19:45:46,296 - INFO - 📈 已处理603102 百合股份 
2025-08-19 19:45:47,095 - INFO - 📈 已处理603103 横店影视 
2025-08-19 19:45:47,839 - INFO - 📈 已处理603105 芯能科技 
2025-08-19 19:45:48,618 - INFO - 📈 已处理603106 恒银科技 
2025-08-19 19:45:49,390 - INFO - 📈 已处理603107 上海汽配 
2025-08-19 19:45:50,570 - INFO - 📈 已处理603108 润达医疗 
2025-08-19 19:45:51,219 - INFO - 📈 已处理603109 神驰机电 
2025-08-19 19:45:53,274 - INFO - 📈 已处理603110 东方材料 
2025-08-19 19:45:54,244 - INFO - 📈 已处理603111 康尼机电 
2025-08-19 19:45:54,832 - INFO - 📈 已处理603112 华翔股份 
2025-08-19 19:45:55,733 - INFO - 📈 已处理603113 金能科技 
2025-08-19 19:45:56,429 - INFO - 📈 已处理603115 海星股份 
2025-08-19 19:45:57,720 - INFO - 📈 已处理603116 红蜻蜓 
2025-08-19 19:45:58,670 - INFO - 📈 已处理603117 万林物流 
2025-08-19 19:45:59,953 - INFO - 📈 已处理603118 共进股份 
2025-08-19 19:46:00,692 - INFO - 📈 已处理603119 浙江荣泰 
2025-08-19 19:46:00,983 - INFO - 📈 已处理603120 肯特催化 
2025-08-19 19:46:01,956 - INFO - 📈 已处理603121 华培动力 
2025-08-19 19:46:02,460 - INFO - 📈 已处理603122 合富中国 
2025-08-19 19:46:03,653 - INFO - 📈 已处理603123 翠微股份 
2025-08-19 19:46:04,967 - INFO - 📈 已处理603124 江南新材 
2025-08-19 19:46:05,731 - INFO - 📈 已处理603125 常青科技 
2025-08-19 19:46:06,783 - INFO - 📈 已处理603126 中材节能 
2025-08-19 19:46:07,635 - INFO - 📈 已处理603127 昭衍新药 
2025-08-19 19:46:08,774 - INFO - 📈 已处理603128 华贸物流 
2025-08-19 19:46:09,940 - INFO - 📈 已处理603129 春风动力 
2025-08-19 19:46:10,415 - INFO - 📈 已处理603130 云中马 
2025-08-19 19:46:11,610 - INFO - 📈 已处理603131 上海沪工 
2025-08-19 19:46:12,125 - INFO - 📈 已处理603132 金徽股份 
2025-08-19 19:46:13,544 - INFO - 📈 已处理603133 退市碳元 
2025-08-19 19:46:13,976 - INFO - 📈 已处理603135 中重科技 
2025-08-19 19:46:14,801 - INFO - 📈 已处理603136 天目湖 
2025-08-19 19:46:16,230 - INFO - 📈 已处理603137 恒尚节能 
2025-08-19 19:46:17,137 - INFO - 📈 已处理603138 海量数据 
2025-08-19 19:46:17,982 - INFO - 📈 已处理603139 康惠制药 
2025-08-19 19:46:18,834 - INFO - 📈 已处理603150 万朗磁塑 
2025-08-19 19:46:19,282 - INFO - 📈 已处理603151 邦基科技 
2025-08-19 19:46:19,708 - INFO - 📈 已处理603153 上海建科 
2025-08-19 19:46:20,603 - INFO - 📈 已处理603155 新亚强 
2025-08-19 19:46:21,357 - INFO - 📈 已处理603156 养元饮品 
2025-08-19 19:46:22,388 - INFO - 📈 已处理603157 退市拉夏 
2025-08-19 19:46:23,409 - INFO - 📈 已处理603158 腾龙股份 
2025-08-19 19:46:23,409 - INFO - 📈 已处理 150/1593 只股票，成功 149 只
2025-08-19 19:46:24,310 - INFO - 📈 已处理603159 上海亚虹 
2025-08-19 19:46:25,224 - INFO - 📈 已处理603160 汇顶科技 
2025-08-19 19:46:26,334 - INFO - 📈 已处理603161 科华控股 
2025-08-19 19:46:26,786 - INFO - 📈 已处理603162 海通发展 
2025-08-19 19:46:28,273 - INFO - 📈 已处理603163 圣晖集成 
2025-08-19 19:46:29,383 - INFO - 📈 已处理603165 荣晟环保 
2025-08-19 19:46:30,410 - INFO - 📈 已处理603166 福达股份 
2025-08-19 19:46:31,599 - INFO - 📈 已处理603167 渤海轮渡 
2025-08-19 19:46:32,596 - INFO - 📈 已处理603168 莎普爱思 
2025-08-19 19:46:34,320 - INFO - 📈 已处理603169 兰石重装 
2025-08-19 19:46:35,056 - INFO - 📈 已处理603170 宝立食品 
2025-08-19 19:46:35,610 - INFO - 📈 已处理603171 税友股份 
2025-08-19 19:46:36,058 - INFO - 📈 已处理603172 万丰股份 
2025-08-19 19:46:36,522 - INFO - 📈 已处理603173 福斯达 
2025-08-19 19:46:37,079 - INFO - 📈 已处理603176 汇通集团 
2025-08-19 19:46:37,980 - INFO - 📈 已处理603177 德创环保 
2025-08-19 19:46:38,845 - INFO - 📈 已处理603178 圣龙股份 
2025-08-19 19:46:40,856 - INFO - 📈 已处理603179 新泉股份 
2025-08-19 19:46:41,970 - INFO - 📈 已处理603180 金牌家居 
2025-08-19 19:46:42,824 - INFO - 📈 已处理603181 皇马科技 
2025-08-19 19:46:45,299 - INFO - 📈 已处理603182 嘉华股份 
2025-08-19 19:46:46,118 - INFO - 📈 已处理603183 建研院 
2025-08-19 19:46:46,855 - INFO - 📈 已处理603185 弘元绿能 
2025-08-19 19:46:47,728 - INFO - 📈 已处理603186 华正新材 
2025-08-19 19:46:48,783 - INFO - 📈 已处理603187 海容冷链 
2025-08-19 19:46:51,306 - INFO - 📈 已处理603188 亚邦股份 
2025-08-19 19:46:52,292 - INFO - 📈 已处理603189 网达软件 
2025-08-19 19:46:52,723 - INFO - 📈 已处理603190 亚通精工 
2025-08-19 19:46:53,616 - INFO - 📈 已处理603191 望变电气 
2025-08-19 19:46:54,760 - INFO - 📈 已处理603192 汇得科技 
2025-08-19 19:46:58,235 - INFO - 📈 已处理603193 润本股份 
2025-08-19 19:46:58,558 - INFO - 📈 已处理603194 中力股份 
2025-08-19 19:46:59,232 - INFO - 📈 已处理603195 公牛集团 
2025-08-19 19:47:00,461 - INFO - 📈 已处理603196 日播时尚 
2025-08-19 19:47:01,330 - INFO - 📈 已处理603197 保隆科技 
2025-08-19 19:47:02,298 - INFO - 📈 已处理603198 迎驾贡酒 
2025-08-19 19:47:03,328 - INFO - 📈 已处理603199 九华旅游 
2025-08-19 19:47:04,303 - INFO - 📈 已处理603200 上海洗霸 
2025-08-19 19:47:04,798 - INFO - 📈 已处理603201 常润股份 
2025-08-19 19:47:06,455 - INFO - 📈 已处理603202 天有为 
2025-08-19 19:47:07,367 - INFO - 📈 已处理603203 快克智能 
2025-08-19 19:47:08,061 - INFO - 📈 已处理603205 健尔康 
2025-08-19 19:47:08,546 - INFO - 📈 已处理603206 嘉环科技 
2025-08-19 19:47:08,860 - INFO - 📈 已处理603207 小方制药 
2025-08-19 19:47:09,963 - INFO - 📈 已处理603208 江山欧派 
2025-08-19 19:47:10,847 - INFO - 📈 已处理603209 兴通股份 
2025-08-19 19:47:11,136 - INFO - 📈 已处理603210 泰鸿万立 
2025-08-19 19:47:11,640 - INFO - 📈 已处理603211 晋拓股份 
2025-08-19 19:47:12,527 - INFO - 📈 已处理603212 赛伍技术 
2025-08-19 19:47:13,064 - INFO - 📈 已处理603213 镇洋发展 
2025-08-19 19:47:13,064 - INFO - 📈 已处理 200/1593 只股票，成功 199 只
2025-08-19 19:47:13,849 - INFO - 📈 已处理603214 爱婴室 
2025-08-19 19:47:14,341 - INFO - 📈 已处理603215 比依股份 
2025-08-19 19:47:15,854 - INFO - 📈 已处理603216 梦天家居 
2025-08-19 19:47:16,609 - INFO - 📈 已处理603217 元利科技 
2025-08-19 19:47:17,473 - INFO - 📈 已处理603218 日月股份 
2025-08-19 19:47:17,985 - INFO - 📈 已处理603219 富佳股份 
2025-08-19 19:47:18,780 - INFO - 📈 已处理603220 中贝通信 
2025-08-19 19:47:19,563 - INFO - 📈 已处理603221 爱丽家居 
2025-08-19 19:47:20,901 - INFO - 📈 已处理603222 济民健康 
2025-08-19 19:47:22,168 - INFO - 📈 已处理603223 恒通股份 
2025-08-19 19:47:23,032 - INFO - 📈 已处理603225 新凤鸣 
2025-08-19 19:47:24,133 - INFO - 📈 已处理603226 菲林格尔 
2025-08-19 19:47:25,097 - INFO - 📈 已处理603227 雪峰科技 
2025-08-19 19:47:25,952 - INFO - 📈 已处理603228 景旺电子 
2025-08-19 19:47:27,019 - INFO - 📈 已处理603229 奥翔药业 
2025-08-19 19:47:27,544 - INFO - 📈 已处理603230 内蒙新华 
2025-08-19 19:47:27,918 - INFO - 📈 已处理603231 索宝蛋白 
2025-08-19 19:47:28,764 - INFO - 📈 已处理603232 格尔软件 
2025-08-19 19:47:30,110 - INFO - 📈 已处理603233 大参林 
2025-08-19 19:47:30,895 - INFO - 📈 已处理603235 天新药业 
2025-08-19 19:47:31,568 - INFO - 📈 已处理603236 移远通信 
2025-08-19 19:47:32,580 - INFO - 📈 已处理603237 五芳斋 
2025-08-19 19:47:33,405 - INFO - 📈 已处理603238 诺邦股份 
2025-08-19 19:47:34,288 - INFO - 📈 已处理603239 浙江仙通 
2025-08-19 19:47:35,172 - INFO - 📈 已处理603255 鼎际得 
2025-08-19 19:47:35,878 - INFO - 📈 已处理603256 宏和科技 
2025-08-19 19:47:36,156 - INFO - 📈 已处理603257 中国瑞林 
2025-08-19 19:47:37,269 - INFO - 📈 已处理603258 电魂网络 
2025-08-19 19:47:38,403 - INFO - 📈 已处理603259 药明康德 
2025-08-19 19:47:39,220 - INFO - 📈 已处理603260 合盛硅业 
2025-08-19 19:47:39,713 - INFO - 📈 已处理603261 *ST立航 
2025-08-19 19:47:39,974 - INFO - 📈 已处理603262 技源集团 
2025-08-19 19:47:40,898 - INFO - 📈 已处理603266 天龙股份 
2025-08-19 19:47:42,942 - INFO - 📈 已处理603267 鸿远电子 
2025-08-19 19:47:45,157 - INFO - 📈 已处理603268 *ST松发 
2025-08-19 19:47:46,021 - INFO - 📈 已处理603269 海鸥股份 
2025-08-19 19:47:46,448 - INFO - 📈 已处理603270 金帝股份 
2025-08-19 19:47:46,995 - INFO - 📈 已处理603271 永杰新材 
2025-08-19 19:47:47,826 - INFO - 📈 已处理603272 联翔股份 
2025-08-19 19:47:48,274 - INFO - 📈 已处理603273 天元智能 
2025-08-19 19:47:48,701 - INFO - 📈 已处理603275 众辰科技 
2025-08-19 19:47:49,145 - INFO - 📈 已处理603276 恒兴新材 
2025-08-19 19:47:49,990 - INFO - 📈 已处理603277 银都股份 
2025-08-19 19:47:50,818 - INFO - 📈 已处理603278 大业股份 
2025-08-19 19:47:51,574 - INFO - 📈 已处理603279 景津装备 
2025-08-19 19:47:52,129 - INFO - 📈 已处理603280 南方路机 
2025-08-19 19:47:53,913 - INFO - 📈 已处理603281 江瀚新材 
2025-08-19 19:47:54,392 - INFO - 📈 已处理603282 亚光股份 
2025-08-19 19:47:55,230 - INFO - 📈 已处理603283 赛腾股份 
2025-08-19 19:47:55,560 - INFO - 📈 已处理603285 键邦股份 
2025-08-19 19:47:55,560 - INFO - 📈 已处理 250/1593 只股票，成功 249 只
2025-08-19 19:47:56,403 - INFO - 📈 已处理603286 日盈电子 
2025-08-19 19:47:57,620 - INFO - 📈 已处理603288 海天味业 
2025-08-19 19:47:58,462 - INFO - 📈 已处理603289 泰瑞机器 
2025-08-19 19:47:59,144 - INFO - 📈 已处理603290 斯达半导 
2025-08-19 19:47:59,602 - INFO - 📈 已处理603291 联合水务 
2025-08-19 19:48:00,413 - INFO - 📈 已处理603296 华勤技术 
2025-08-19 19:48:01,208 - INFO - 📈 已处理603297 永新光学 
2025-08-19 19:48:03,159 - INFO - 📈 已处理603298 杭叉集团 
2025-08-19 19:48:04,123 - INFO - 📈 已处理603299 苏盐井神 
2025-08-19 19:48:05,112 - INFO - 📈 已处理603300 海南华铁 
2025-08-19 19:48:05,958 - INFO - 📈 已处理603301 振德医疗 
2025-08-19 19:48:07,843 - INFO - 📈 已处理603303 得邦照明 
2025-08-19 19:48:11,377 - INFO - 📈 已处理603305 旭升集团 
2025-08-19 19:48:13,058 - INFO - 📈 已处理603306 华懋科技 
2025-08-19 19:48:14,533 - INFO - 📈 已处理603307 扬州金泉 
2025-08-19 19:48:20,611 - INFO - 📈 已处理603308 应流股份 
2025-08-19 19:48:25,162 - INFO - 📈 已处理603309 维力医疗 
2025-08-19 19:48:27,120 - INFO - 📈 已处理603310 巍华新材 
2025-08-19 19:48:28,153 - INFO - 📈 已处理603311 金海高科 
2025-08-19 19:48:28,568 - INFO - 📈 已处理603312 西典新能 
2025-08-19 19:48:29,518 - INFO - 📈 已处理603313 梦百合 
2025-08-19 19:48:30,568 - INFO - 📈 已处理603315 福鞍股份 
2025-08-19 19:48:31,426 - INFO - 📈 已处理603316 诚邦股份 
2025-08-19 19:48:32,792 - INFO - 📈 已处理603317 天味食品 
2025-08-19 19:48:33,780 - INFO - 📈 已处理603318 水发燃气 
2025-08-19 19:48:34,719 - INFO - 📈 已处理603319 美湖股份 
2025-08-19 19:48:35,595 - INFO - 📈 已处理603320 迪贝电气 
2025-08-19 19:48:36,438 - INFO - 📈 已处理603321 梅轮电梯 
2025-08-19 19:48:37,378 - INFO - 📈 已处理603322 超讯通信 
2025-08-19 19:48:39,317 - INFO - 📈 已处理603323 苏农银行 
2025-08-19 19:48:39,954 - INFO - 📈 已处理603324 盛剑科技 
2025-08-19 19:48:41,217 - INFO - 📈 已处理603325 博隆技术 
2025-08-19 19:48:43,331 - INFO - 📈 已处理603326 我乐家居 
2025-08-19 19:48:44,079 - INFO - 📈 已处理603327 福蓉科技 
2025-08-19 19:48:45,148 - INFO - 📈 已处理603328 依顿电子 
2025-08-19 19:48:45,998 - INFO - 📈 已处理603329 上海雅仕 
2025-08-19 19:48:46,928 - INFO - 📈 已处理603330 天洋新材 
2025-08-19 19:48:47,850 - INFO - 📈 已处理603331 百达精工 
2025-08-19 19:48:48,641 - INFO - 📈 已处理603332 苏州龙杰 
2025-08-19 19:48:49,778 - INFO - 📈 已处理603333 尚纬股份 
2025-08-19 19:48:50,658 - INFO - 📈 已处理603335 迪生力 
2025-08-19 19:48:52,541 - INFO - 📈 已处理603336 宏辉果蔬 
2025-08-19 19:48:53,460 - INFO - 📈 已处理603337 杰克股份 
2025-08-19 19:49:09,758 - INFO - 📈 已处理603338 浙江鼎力 
2025-08-19 19:49:10,729 - INFO - 📈 已处理603339 四方科技 
2025-08-19 19:49:11,122 - INFO - 📈 已处理603341 龙旗科技 
2025-08-19 19:49:11,510 - INFO - 📈 已处理603344 星德胜 
2025-08-19 19:49:12,473 - INFO - 📈 已处理603345 安井食品 
2025-08-19 19:49:13,345 - INFO - 📈 已处理603348 文灿股份 
2025-08-19 19:49:13,697 - INFO - 📈 已处理603350 安乃达 
2025-08-19 19:49:13,697 - INFO - 📈 已处理 300/1593 只股票，成功 299 只
2025-08-19 19:49:16,465 - INFO - 📈 已处理603351 威尔药业 
2025-08-19 19:49:17,118 - INFO - 📈 已处理603353 和顺石油 
2025-08-19 19:49:18,088 - INFO - 📈 已处理603355 莱克电气 
2025-08-19 19:49:21,285 - INFO - 📈 已处理603356 华菱精工 
2025-08-19 19:49:22,146 - INFO - 📈 已处理603357 设计总院 
2025-08-19 19:49:23,011 - INFO - 📈 已处理603358 华达科技 
2025-08-19 19:49:23,945 - INFO - 📈 已处理603359 东珠生态 
2025-08-19 19:49:25,437 - INFO - 📈 已处理603360 百傲化学 
2025-08-19 19:49:26,592 - INFO - 📈 已处理603363 傲农生物 
2025-08-19 19:49:27,433 - INFO - 📈 已处理603365 水星家纺 
2025-08-19 19:49:28,589 - INFO - 📈 已处理603366 日出东方 
2025-08-19 19:49:29,451 - INFO - 📈 已处理603367 辰欣药业 
2025-08-19 19:49:30,473 - INFO - 📈 已处理603368 柳药集团 
2025-08-19 19:49:31,819 - INFO - 📈 已处理603369 今世缘 
2025-08-19 19:49:33,090 - INFO - 📈 已处理603373 安邦护卫 
2025-08-19 19:49:33,893 - INFO - 📈 已处理603375 盛景微 
2025-08-19 19:49:34,838 - INFO - 📈 已处理603377 ST东时 
2025-08-19 19:49:35,685 - INFO - 📈 已处理603378 亚士创能 
2025-08-19 19:49:36,419 - INFO - 📈 已处理603379 三美股份 
2025-08-19 19:49:37,279 - INFO - 📈 已处理603380 易德龙 
2025-08-19 19:49:37,658 - INFO - 📈 已处理603381 永臻股份 
2025-08-19 19:49:38,976 - INFO - 📈 已处理603382 海阳科技 
2025-08-19 19:49:39,857 - INFO - 📈 已处理603383 顶点软件 
2025-08-19 19:49:40,703 - INFO - 📈 已处理603385 惠达卫浴 
2025-08-19 19:49:41,517 - INFO - 📈 已处理603386 骏亚科技 
2025-08-19 19:49:42,353 - INFO - 📈 已处理603387 基蛋生物 
2025-08-19 19:49:43,193 - INFO - 📈 已处理603388 *ST元成 
2025-08-19 19:49:44,135 - INFO - 📈 已处理603389 *ST亚振 
2025-08-19 19:49:46,451 - INFO - 📈 已处理603390 通达电气 
2025-08-19 19:49:47,047 - INFO - 📈 已处理603391 力聚热能 
2025-08-19 19:49:47,673 - INFO - 📈 已处理603392 万泰生物 
2025-08-19 19:49:48,516 - INFO - 📈 已处理603393 新天然气 
2025-08-19 19:49:48,846 - INFO - 📈 已处理603395 红四方 
2025-08-19 19:49:50,696 - INFO - 📈 已处理603396 金辰股份 
2025-08-19 19:49:52,053 - INFO - 📈 已处理603398 *ST沐邦 
2025-08-19 19:49:53,093 - INFO - 📈 已处理603399 永杉锂业 
2025-08-19 19:49:53,383 - INFO - 📈 已处理603400 华之杰 
2025-08-19 19:49:53,979 - INFO - 📈 已处理603406 天富龙 
2025-08-19 19:49:54,594 - INFO - 📈 已处理603408 建霖家居 
2025-08-19 19:49:56,536 - INFO - 📈 已处理603409 汇通控股 
2025-08-19 19:49:57,413 - INFO - 📈 已处理603416 信捷电气 
2025-08-19 19:49:58,355 - INFO - 📈 已处理603421 鼎信通讯 
2025-08-19 19:49:59,215 - INFO - 📈 已处理603429 集友股份 
2025-08-19 19:49:59,880 - INFO - 📈 已处理603439 贵州三力 
2025-08-19 19:50:01,980 - INFO - 📈 已处理603444 吉比特 
2025-08-19 19:50:03,032 - INFO - 📈 已处理603456 九洲药业 
2025-08-19 19:50:03,865 - INFO - 📈 已处理603458 勘设股份 
2025-08-19 19:50:04,698 - INFO - 📈 已处理603466 风语筑 
2025-08-19 19:50:05,493 - INFO - 📈 已处理603477 巨星农牧 
2025-08-19 19:50:05,493 - INFO - 📈 已处理 350/1593 只股票，成功 348 只
2025-08-19 19:50:06,296 - INFO - 📈 已处理603486 科沃斯 
2025-08-19 19:50:07,167 - INFO - 📈 已处理603488 展鹏科技 
2025-08-19 19:50:08,219 - INFO - 📈 已处理603489 八方股份 
2025-08-19 19:50:10,087 - INFO - 📈 已处理603496 恒为科技 
2025-08-19 19:50:10,985 - INFO - 📈 已处理603499 翔港科技 
2025-08-19 19:50:11,812 - INFO - 📈 已处理603500 祥和实业 
2025-08-19 19:50:14,137 - INFO - 📈 已处理603501 豪威集团 
2025-08-19 19:50:15,033 - INFO - 📈 已处理603505 金石资源 
2025-08-19 19:50:16,896 - INFO - 📈 已处理603506 南都物业 
2025-08-19 19:50:17,736 - INFO - 📈 已处理603507 振江股份 
2025-08-19 19:50:18,645 - INFO - 📈 已处理603508 思维列控 
2025-08-19 19:50:19,206 - INFO - 📈 已处理603511 爱慕股份 
2025-08-19 19:50:21,326 - INFO - 📈 已处理603515 欧普照明 
2025-08-19 19:50:22,112 - INFO - 📈 已处理603516 淳中科技 
2025-08-19 19:50:23,673 - INFO - 📈 已处理603517 绝味食品 
2025-08-19 19:50:24,637 - INFO - 📈 已处理603518 锦泓集团 
2025-08-19 19:50:25,582 - INFO - 📈 已处理603519 立霸股份 
2025-08-19 19:50:26,478 - INFO - 📈 已处理603520 司太立 
2025-08-19 19:50:27,302 - INFO - 📈 已处理603527 众源新材 
2025-08-19 19:50:28,178 - INFO - 📈 已处理603528 多伦科技 
2025-08-19 19:50:28,774 - INFO - 📈 已处理603529 爱玛科技 
2025-08-19 19:50:31,202 - INFO - 📈 已处理603530 神马电力 
2025-08-19 19:50:32,062 - INFO - 📈 已处理603533 掌阅科技 
2025-08-19 19:50:32,973 - INFO - 📈 已处理603535 嘉诚国际 
2025-08-19 19:50:34,466 - INFO - 📈 已处理603536 惠发食品 
2025-08-19 19:50:36,812 - INFO - 📈 已处理603538 美诺华 
2025-08-19 19:50:40,782 - INFO - 📈 已处理603551 奥普科技 
2025-08-19 19:50:41,741 - INFO - 📈 已处理603555 ST贵人 
2025-08-19 19:50:42,658 - INFO - 📈 已处理603556 海兴电力 
2025-08-19 19:50:43,501 - INFO - 📈 已处理603557 ST起步 
2025-08-19 19:50:44,482 - INFO - 📈 已处理603558 健盛集团 
2025-08-19 19:50:45,332 - INFO - 📈 已处理603559 ST通脉 
2025-08-19 19:50:45,953 - INFO - 📈 已处理603565 中谷物流 
2025-08-19 19:50:46,988 - INFO - 📈 已处理603566 普莱柯 
2025-08-19 19:50:48,277 - INFO - 📈 已处理603567 珍宝岛 
2025-08-19 19:50:50,147 - INFO - 📈 已处理603568 伟明环保 
2025-08-19 19:50:51,061 - INFO - 📈 已处理603569 长久物流 
2025-08-19 19:50:51,951 - INFO - 📈 已处理603577 汇金通 
2025-08-19 19:50:52,813 - INFO - 📈 已处理603578 三星新材 
2025-08-19 19:50:53,701 - INFO - 📈 已处理603579 荣泰健康 
2025-08-19 19:50:55,261 - INFO - 📈 已处理603580 *ST艾艾 
2025-08-19 19:50:56,731 - INFO - 📈 已处理603583 捷昌驱动 
2025-08-19 19:50:57,591 - INFO - 📈 已处理603585 苏利股份 
2025-08-19 19:50:58,452 - INFO - 📈 已处理603586 金麒麟 
2025-08-19 19:50:59,222 - INFO - 📈 已处理603587 地素时尚 
2025-08-19 19:51:00,251 - INFO - 📈 已处理603588 高能环境 
2025-08-19 19:51:01,411 - INFO - 📈 已处理603589 口子窖 
2025-08-19 19:51:03,261 - INFO - 📈 已处理603590 康辰药业 
2025-08-19 19:51:04,211 - INFO - 📈 已处理603595 东尼电子 
2025-08-19 19:51:05,011 - INFO - 📈 已处理603596 伯特利 
2025-08-19 19:51:05,011 - INFO - 📈 已处理 400/1593 只股票，成功 398 只
2025-08-19 19:51:05,933 - INFO - 📈 已处理603598 引力传媒 
2025-08-19 19:51:06,920 - INFO - 📈 已处理603599 广信股份 
2025-08-19 19:51:07,921 - INFO - 📈 已处理603600 永艺股份 
2025-08-19 19:51:08,991 - INFO - 📈 已处理603601 再升科技 
2025-08-19 19:51:09,791 - INFO - 📈 已处理603602 纵横通信 
2025-08-19 19:51:10,544 - INFO - 📈 已处理603603 退市博天 
2025-08-19 19:51:11,661 - INFO - 📈 已处理603605 珀莱雅 
2025-08-19 19:51:12,706 - INFO - 📈 已处理603606 东方电缆 
2025-08-19 19:51:13,561 - INFO - 📈 已处理603607 京华激光 
2025-08-19 19:51:15,441 - INFO - 📈 已处理603608 天创时尚 
2025-08-19 19:51:16,481 - INFO - 📈 已处理603609 禾丰股份 
2025-08-19 19:51:17,133 - INFO - 📈 已处理603610 麒盛科技 
2025-08-19 19:51:18,061 - INFO - 📈 已处理603611 诺力股份 
2025-08-19 19:51:20,642 - INFO - 📈 已处理603612 索通发展 
2025-08-19 19:51:21,400 - INFO - 📈 已处理603613 国联股份 
2025-08-19 19:51:23,280 - INFO - 📈 已处理603615 茶花股份 
2025-08-19 19:51:24,281 - INFO - 📈 已处理603616 韩建河山 
2025-08-19 19:51:25,145 - INFO - 📈 已处理603617 君禾股份 
2025-08-19 19:51:26,121 - INFO - 📈 已处理603618 杭电股份 
2025-08-19 19:51:26,950 - INFO - 📈 已处理603619 中曼石油 
2025-08-19 19:51:28,860 - INFO - 📈 已处理603626 科森科技 
2025-08-19 19:51:29,720 - INFO - 📈 已处理603628 清源股份 
2025-08-19 19:51:31,720 - INFO - 📈 已处理603629 利通电子 
2025-08-19 19:51:33,370 - INFO - 📈 已处理603630 拉芳家化 
2025-08-19 19:51:34,429 - INFO - 📈 已处理603633 徕木股份 
2025-08-19 19:51:35,508 - INFO - 📈 已处理603636 南威软件 
2025-08-19 19:51:36,400 - INFO - 📈 已处理603637 镇海股份 
2025-08-19 19:51:37,945 - INFO - 📈 已处理603638 艾迪精密 
2025-08-19 19:51:38,930 - INFO - 📈 已处理603639 海利尔 
2025-08-19 19:51:39,800 - INFO - 📈 已处理603648 XD畅联股 
2025-08-19 19:51:40,685 - INFO - 📈 已处理603650 彤程新材 
2025-08-19 19:51:42,773 - INFO - 📈 已处理603655 朗博科技 
2025-08-19 19:51:43,700 - INFO - 📈 已处理603656 泰禾智能 
2025-08-19 19:51:44,875 - INFO - 📈 已处理603657 春光科技 
2025-08-19 19:51:45,830 - INFO - 📈 已处理603658 安图生物 
2025-08-19 19:51:50,352 - INFO - 📈 已处理603659 璞泰来 
2025-08-19 19:51:51,270 - INFO - 📈 已处理603660 苏州科达 
2025-08-19 19:51:52,554 - INFO - 📈 已处理603661 恒林股份 
2025-08-19 19:51:53,292 - INFO - 📈 已处理603662 柯力传感 
2025-08-19 19:51:55,590 - INFO - 📈 已处理603663 三祥新材 
2025-08-19 19:51:56,470 - INFO - 📈 已处理603665 康隆达 
2025-08-19 19:51:58,695 - INFO - 📈 已处理603666 亿嘉和 
2025-08-19 19:51:59,630 - INFO - 📈 已处理603667 五洲新春 
2025-08-19 19:52:00,480 - INFO - 📈 已处理603668 天马科技 
2025-08-19 19:52:01,437 - INFO - 📈 已处理603669 灵康药业 
2025-08-19 19:52:02,281 - INFO - 📈 已处理603676 卫信康 
2025-08-19 19:52:03,198 - INFO - 📈 已处理603677 奇精机械 
2025-08-19 19:52:04,510 - INFO - 📈 已处理603678 火炬电子 
2025-08-19 19:52:05,384 - INFO - 📈 已处理603679 华体科技 
2025-08-19 19:52:06,171 - INFO - 📈 已处理603680 今创集团 
2025-08-19 19:52:06,171 - INFO - 📈 已处理 450/1593 只股票，成功 448 只
2025-08-19 19:52:06,943 - INFO - 📈 已处理603681 永冠新材 
2025-08-19 19:52:07,565 - INFO - 📈 已处理603682 锦和商管 
2025-08-19 19:52:08,360 - INFO - 📈 已处理603683 晶华新材 
2025-08-19 19:52:10,495 - INFO - 📈 已处理603685 晨丰科技 
2025-08-19 19:52:12,070 - INFO - 📈 已处理603686 福龙马 
2025-08-19 19:52:14,149 - INFO - 📈 已处理603687 大胜达 
2025-08-19 19:52:18,781 - INFO - 📈 已处理603688 石英股份 
2025-08-19 19:52:19,639 - INFO - 📈 已处理603689 皖天然气 
2025-08-19 19:52:20,509 - INFO - 📈 已处理603690 至纯科技 
2025-08-19 19:52:21,269 - INFO - 📈 已处理603693 江苏新能 
2025-08-19 19:52:22,611 - INFO - 📈 已处理603696 安记食品 
2025-08-19 19:52:23,324 - INFO - 📈 已处理603697 有友食品 
2025-08-19 19:52:24,319 - INFO - 📈 已处理603698 航天工程 
2025-08-19 19:52:25,369 - INFO - 📈 已处理603699 纽威股份 
2025-08-19 19:52:26,099 - INFO - 📈 已处理603700 宁水集团 
2025-08-19 19:52:28,439 - INFO - 📈 已处理603701 德宏股份 
2025-08-19 19:52:29,505 - INFO - 📈 已处理603703 盛洋科技 
2025-08-19 19:52:30,655 - INFO - 📈 已处理603706 东方环宇 
2025-08-19 19:52:31,534 - INFO - 📈 已处理603707 健友股份 
2025-08-19 19:52:34,107 - INFO - 📈 已处理603708 家家悦 
2025-08-19 19:52:34,986 - INFO - 📈 已处理603709 中源家居 
2025-08-19 19:52:36,499 - INFO - 📈 已处理603711 香飘飘 
2025-08-19 19:52:37,347 - INFO - 📈 已处理603712 七一二 
2025-08-19 19:52:38,184 - INFO - 📈 已处理603713 密尔克卫 
2025-08-19 19:52:39,215 - INFO - 📈 已处理603716 塞力医疗 
2025-08-19 19:52:41,709 - INFO - 📈 已处理603717 天域生物 
2025-08-19 19:52:42,725 - INFO - 📈 已处理603718 海利生物 
2025-08-19 19:52:43,457 - INFO - 📈 已处理603719 良品铺子 
2025-08-19 19:52:44,409 - INFO - 📈 已处理603721 *ST天择 
2025-08-19 19:52:46,648 - INFO - 📈 已处理603722 阿科力 
2025-08-19 19:52:47,599 - INFO - 📈 已处理603725 天安新材 
2025-08-19 19:52:48,576 - INFO - 📈 已处理603726 朗迪集团 
2025-08-19 19:52:49,646 - INFO - 📈 已处理603727 博迈科 
2025-08-19 19:52:50,528 - INFO - 📈 已处理603728 鸣志电器 
2025-08-19 19:52:51,581 - INFO - 📈 已处理603729 龙韵股份 
2025-08-19 19:52:52,401 - INFO - 📈 已处理603730 岱美股份 
2025-08-19 19:52:53,202 - INFO - 📈 已处理603733 仙鹤股份 
2025-08-19 19:52:54,187 - INFO - 📈 已处理603737 三棵树 
2025-08-19 19:52:55,223 - INFO - 📈 已处理603738 泰晶科技 
2025-08-19 19:52:55,994 - INFO - 📈 已处理603739 蔚蓝生物 
2025-08-19 19:52:56,771 - INFO - 📈 已处理603755 日辰股份 
2025-08-19 19:52:57,663 - INFO - 📈 已处理603757 大元泵业 
2025-08-19 19:52:58,587 - INFO - 📈 已处理603758 秦安股份 
2025-08-19 19:52:59,167 - INFO - 📈 已处理603759 海天股份 
2025-08-19 19:53:00,509 - INFO - 📈 已处理603766 隆鑫通用 
2025-08-19 19:53:01,718 - INFO - 📈 已处理603767 中马传动 
2025-08-19 19:53:04,864 - INFO - 📈 已处理603768 常青股份 
2025-08-19 19:53:05,684 - INFO - 📈 已处理603773 沃格光电 
2025-08-19 19:53:06,646 - INFO - 📈 已处理603776 永安行 
2025-08-19 19:53:08,958 - INFO - 📈 已处理603777 来伊份 
2025-08-19 19:53:08,959 - INFO - 📈 已处理 500/1593 只股票，成功 498 只
2025-08-19 19:53:09,985 - INFO - 📈 已处理603778 国晟科技 
2025-08-19 19:53:10,974 - INFO - 📈 已处理603779 威龙股份 
2025-08-19 19:53:11,700 - INFO - 📈 已处理603786 科博达 
2025-08-19 19:53:12,633 - INFO - 📈 已处理603787 新日股份 
2025-08-19 19:53:13,658 - INFO - 📈 已处理603788 宁波高发 
2025-08-19 19:53:14,894 - INFO - 📈 已处理603789 *ST星农 
2025-08-19 19:53:15,844 - INFO - 📈 已处理603790 雅运股份 
2025-08-19 19:53:16,900 - INFO - 📈 已处理603797 联泰环保 
2025-08-19 19:53:17,958 - INFO - 📈 已处理603798 康普顿 
2025-08-19 19:53:19,043 - INFO - 📈 已处理603799 华友钴业 
2025-08-19 19:53:20,621 - INFO - 📈 已处理603800 洪田股份 
2025-08-19 19:53:21,579 - INFO - 📈 已处理603801 志邦家居 
2025-08-19 19:53:22,491 - INFO - 📈 已处理603803 瑞斯康达 
2025-08-19 19:53:23,982 - INFO - 📈 已处理603806 福斯特 
2025-08-19 19:53:25,071 - INFO - 📈 已处理603808 歌力思 
2025-08-19 19:53:25,923 - INFO - 📈 已处理603809 豪能股份 
2025-08-19 19:53:26,743 - INFO - 📈 已处理603810 丰山集团 
2025-08-19 19:53:27,597 - INFO - 📈 已处理603811 诚意药业 
2025-08-19 19:53:28,450 - INFO - 📈 已处理603813 *ST原尚 
2025-08-19 19:53:29,479 - INFO - 📈 已处理603815 交建股份 
2025-08-19 19:53:30,477 - INFO - 📈 已处理603816 顾家家居 
2025-08-19 19:53:31,408 - INFO - 📈 已处理603817 海峡环保 
2025-08-19 19:53:34,202 - INFO - 📈 已处理603818 曲美家居 
2025-08-19 19:53:35,145 - INFO - 📈 已处理603819 神力股份 
2025-08-19 19:53:36,037 - INFO - 📈 已处理603822 嘉澳环保 
2025-08-19 19:53:37,013 - INFO - 📈 已处理603823 百合花 
2025-08-19 19:53:37,891 - INFO - 📈 已处理603825 华扬联众 
2025-08-19 19:53:38,786 - INFO - 📈 已处理603826 坤彩科技 
2025-08-19 19:53:40,096 - INFO - 📈 已处理603828 ST柯利达 
2025-08-19 19:53:43,706 - INFO - 📈 已处理603829 洛凯股份 
2025-08-19 19:53:45,178 - INFO - 📈 已处理603833 欧派家居 
2025-08-19 19:53:45,814 - INFO - 📈 已处理603836 海程邦达 
2025-08-19 19:53:46,779 - INFO - 📈 已处理603838 *ST四通 
2025-08-19 19:53:47,678 - INFO - 📈 已处理603839 安正时尚 
2025-08-19 19:53:48,550 - INFO - 📈 已处理603843 *ST正平 
2025-08-19 19:53:49,374 - INFO - 📈 已处理603848 好太太 
2025-08-19 19:53:51,579 - INFO - 📈 已处理603855 华荣股份 
2025-08-19 19:53:53,101 - INFO - 📈 已处理603856 东宏股份 
2025-08-19 19:53:54,075 - INFO - 📈 已处理603858 步长制药 
2025-08-19 19:53:55,085 - INFO - 📈 已处理603859 能科科技 
2025-08-19 19:53:56,353 - INFO - 📈 已处理603860 中公高科 
2025-08-19 19:53:57,330 - INFO - 📈 已处理603861 白云电器 
2025-08-19 19:53:58,869 - INFO - 📈 已处理603863 松炀资源 
2025-08-19 19:53:59,857 - INFO - 📈 已处理603866 桃李面包 
2025-08-19 19:54:00,597 - INFO - 📈 已处理603867 新化股份 
2025-08-19 19:54:02,918 - INFO - 📈 已处理603868 飞科电器 
2025-08-19 19:54:03,878 - INFO - 📈 已处理603869 ST智知 
2025-08-19 19:54:04,690 - INFO - 📈 已处理603871 嘉友国际 
2025-08-19 19:54:06,527 - INFO - 📈 已处理603876 鼎胜新材 
2025-08-19 19:54:07,425 - INFO - 📈 已处理603877 太平鸟 
2025-08-19 19:54:07,426 - INFO - 📈 已处理 550/1593 只股票，成功 548 只
2025-08-19 19:54:08,400 - INFO - 📈 已处理603878 武进不锈 
2025-08-19 19:54:09,276 - INFO - 📈 已处理603879 永悦科技 
2025-08-19 19:54:11,167 - INFO - 📈 已处理603880 南卫股份 
2025-08-19 19:54:12,126 - INFO - 📈 已处理603881 数据港 
2025-08-19 19:54:13,347 - INFO - 📈 已处理603882 金域医学 
2025-08-19 19:54:14,309 - INFO - 📈 已处理603883 老百姓 
2025-08-19 19:54:15,427 - INFO - 📈 已处理603885 吉祥航空 
2025-08-19 19:54:16,881 - INFO - 📈 已处理603886 元祖股份 
2025-08-19 19:54:17,755 - INFO - 📈 已处理603887 城地香江 
2025-08-19 19:54:18,766 - INFO - 📈 已处理603888 新华网 
2025-08-19 19:54:19,865 - INFO - 📈 已处理603889 新澳股份 
2025-08-19 19:54:20,671 - INFO - 📈 已处理603890 春秋电子 
2025-08-19 19:54:21,364 - INFO - 📈 已处理603893 瑞芯微 
2025-08-19 19:54:22,181 - INFO - 📈 已处理603895 天永智能 
2025-08-19 19:54:23,130 - INFO - 📈 已处理603896 寿仙谷 
2025-08-19 19:54:23,906 - INFO - 📈 已处理603897 长城科技 
2025-08-19 19:54:24,854 - INFO - 📈 已处理603898 好莱客 
2025-08-19 19:54:27,205 - INFO - 📈 已处理603899 晨光股份 
2025-08-19 19:54:28,399 - INFO - 📈 已处理603900 莱绅通灵 
2025-08-19 19:54:29,401 - INFO - 📈 已处理603901 永创智能 
2025-08-19 19:54:30,940 - INFO - 📈 已处理603903 中持股份 
2025-08-19 19:54:31,794 - INFO - 📈 已处理603906 龙蟠科技 
2025-08-19 19:54:32,674 - INFO - 📈 已处理603908 牧高笛 
2025-08-19 19:54:33,592 - INFO - 📈 已处理603909 建发合诚 
2025-08-19 19:54:34,765 - INFO - 📈 已处理603912 佳力图 
2025-08-19 19:54:35,499 - INFO - 📈 已处理603915 国茂股份 
2025-08-19 19:54:36,331 - INFO - 📈 已处理603916 苏博特 
2025-08-19 19:54:37,834 - INFO - 📈 已处理603917 合力科技 
2025-08-19 19:54:38,828 - INFO - 📈 已处理603918 金桥信息 
2025-08-19 19:54:39,818 - INFO - 📈 已处理603919 金徽酒 
2025-08-19 19:54:41,666 - INFO - 📈 已处理603920 世运电路 
2025-08-19 19:54:42,554 - INFO - 📈 已处理603922 金鸿顺 
2025-08-19 19:54:43,469 - INFO - 📈 已处理603926 铁流股份 
2025-08-19 19:54:44,178 - INFO - 📈 已处理603927 中科软 
2025-08-19 19:54:45,083 - INFO - 📈 已处理603928 兴业股份 
2025-08-19 19:54:46,008 - INFO - 📈 已处理603929 亚翔集成 
2025-08-19 19:54:47,355 - INFO - 📈 已处理603931 格林达 
2025-08-19 19:54:50,513 - INFO - 📈 已处理603933 睿能科技 
2025-08-19 19:54:51,418 - INFO - 📈 已处理603936 博敏电子 
2025-08-19 19:54:52,248 - INFO - 📈 已处理603937 丽岛新材 
2025-08-19 19:54:55,323 - INFO - 📈 已处理603938 三孚股份 
2025-08-19 19:54:57,452 - INFO - 📈 已处理603939 益丰药房 
2025-08-19 19:54:58,166 - INFO - 📈 已处理603948 建业股份 
2025-08-19 19:54:59,292 - INFO - 📈 已处理603949 雪龙集团 
2025-08-19 19:54:59,940 - INFO - 📈 已处理603950 长源东谷 
2025-08-19 19:55:00,924 - INFO - 📈 已处理603955 大千生态 
2025-08-19 19:55:01,663 - INFO - 📈 已处理603956 威派格 
2025-08-19 19:55:02,589 - INFO - 📈 已处理603958 哈森股份 
2025-08-19 19:55:03,531 - INFO - 📈 已处理603959 百利科技 
2025-08-19 19:55:04,356 - INFO - 📈 已处理603960 克来机电 
2025-08-19 19:55:04,356 - INFO - 📈 已处理 600/1593 只股票，成功 598 只
2025-08-19 19:55:06,578 - INFO - 📈 已处理603963 *ST大药 
2025-08-19 19:55:07,463 - INFO - 📈 已处理603966 法兰泰克 
2025-08-19 19:55:08,695 - INFO - 📈 已处理603967 中创物流 
2025-08-19 19:55:09,729 - INFO - 📈 已处理603968 醋化股份 
2025-08-19 19:55:10,770 - INFO - 📈 已处理603969 银龙股份 
2025-08-19 19:55:11,840 - INFO - 📈 已处理603970 中农立华 
2025-08-19 19:55:13,140 - INFO - 📈 已处理603976 正川股份 
2025-08-19 19:55:14,040 - INFO - 📈 已处理603977 国泰集团 
2025-08-19 19:55:15,823 - INFO - 📈 已处理603978 深圳新星 
2025-08-19 19:55:16,891 - INFO - 📈 已处理603979 金诚信 
2025-08-19 19:55:17,743 - INFO - 📈 已处理603980 吉华集团 
2025-08-19 19:55:19,611 - INFO - 📈 已处理603982 泉峰汽车 
2025-08-19 19:55:20,321 - INFO - 📈 已处理603983 丸美生物 
2025-08-19 19:55:21,236 - INFO - 📈 已处理603985 恒润股份 
2025-08-19 19:55:23,082 - INFO - 📈 已处理603986 兆易创新 
2025-08-19 19:55:27,675 - INFO - 📈 已处理603987 康德莱 
2025-08-19 19:55:28,818 - INFO - 📈 已处理603988 中电电机 
2025-08-19 19:55:29,775 - INFO - 📈 已处理603989 艾华集团 
2025-08-19 19:55:30,675 - INFO - 📈 已处理603990 麦迪科技 
2025-08-19 19:55:31,627 - INFO - 📈 已处理603991 至正股份 
2025-08-19 19:55:32,642 - INFO - 📈 已处理603992 松霖科技 
2025-08-19 19:55:34,510 - INFO - 📈 已处理603993 洛阳钼业 
2025-08-19 19:55:40,437 - INFO - 📈 已处理603995 甬金股份 
2025-08-19 19:55:42,557 - INFO - 📈 已处理603996 退市中新 
2025-08-19 19:55:43,617 - INFO - 📈 已处理603997 继峰股份 
2025-08-19 19:55:44,611 - INFO - 📈 已处理603998 方盛制药 
2025-08-19 19:55:45,557 - INFO - 📈 已处理603999 读者传媒 
2025-08-19 19:55:46,204 - INFO - 📈 已处理605001 威奥股份 
2025-08-19 19:55:49,219 - INFO - 📈 已处理605003 众望布艺 
2025-08-19 19:55:49,868 - INFO - 📈 已处理605005 合兴股份 
2025-08-19 19:55:50,493 - INFO - 📈 已处理605006 山东玻纤 
2025-08-19 19:55:51,064 - INFO - 📈 已处理605007 五洲特纸 
2025-08-19 19:55:53,728 - INFO - 📈 已处理605008 长鸿高科 
2025-08-19 19:55:54,478 - INFO - 📈 已处理605009 豪悦护理 
2025-08-19 19:55:55,064 - INFO - 📈 已处理605011 杭州热电 
2025-08-19 19:55:55,648 - INFO - 📈 已处理605016 百龙创园 
2025-08-19 19:55:56,287 - INFO - 📈 已处理605018 长华集团 
2025-08-19 19:55:57,556 - INFO - 📈 已处理605020 永和股份 
2025-08-19 19:55:58,865 - INFO - 📈 已处理605028 世茂能源 
2025-08-19 19:56:03,374 - INFO - 📈 已处理605033 美邦股份 
2025-08-19 19:56:03,974 - INFO - 📈 已处理605050 福然德 
2025-08-19 19:56:04,594 - INFO - 📈 已处理605055 迎丰股份 
2025-08-19 19:56:05,162 - INFO - 📈 已处理605056 咸亨国际 
2025-08-19 19:56:05,764 - INFO - 📈 已处理605058 澳弘电子 
2025-08-19 19:56:06,352 - INFO - 📈 已处理605060 联德股份 
2025-08-19 19:56:06,984 - INFO - 📈 已处理605066 天正电气 
2025-08-19 19:56:08,793 - INFO - 📈 已处理605068 明新旭腾 
2025-08-19 19:56:10,114 - INFO - 📈 已处理605069 正和生态 
2025-08-19 19:56:10,763 - INFO - 📈 已处理605077 华康股份 
2025-08-19 19:56:11,334 - INFO - 📈 已处理605080 浙江自然 
2025-08-19 19:56:11,334 - INFO - 📈 已处理 650/1593 只股票，成功 648 只
2025-08-19 19:56:11,935 - INFO - 📈 已处理605081 *ST太和 
2025-08-19 19:56:12,594 - INFO - 📈 已处理605086 龙高股份 
2025-08-19 19:56:13,534 - INFO - 📈 已处理605088 冠盛股份 
2025-08-19 19:56:14,452 - INFO - 📈 已处理605089 味知香 
2025-08-19 19:56:16,447 - INFO - 📈 已处理605090 九丰能源 
2025-08-19 19:56:17,064 - INFO - 📈 已处理605098 行动教育 
2025-08-19 19:56:17,674 - INFO - 📈 已处理605099 共创草坪 
2025-08-19 19:56:18,334 - INFO - 📈 已处理605100 华丰股份 
2025-08-19 19:56:18,964 - INFO - 📈 已处理605108 同庆楼 
2025-08-19 19:56:19,633 - INFO - 📈 已处理605111 新洁能 
2025-08-19 19:56:20,244 - INFO - 📈 已处理605116 奥锐特 
2025-08-19 19:56:20,807 - INFO - 📈 已处理605117 德业股份 
2025-08-19 19:56:21,470 - INFO - 📈 已处理605118 力鼎光电 
2025-08-19 19:56:22,044 - INFO - 📈 已处理605122 四方新材 
2025-08-19 19:56:22,744 - INFO - 📈 已处理605123 派克新材 
2025-08-19 19:56:24,386 - INFO - 📈 已处理605128 上海沿浦 
2025-08-19 19:56:28,581 - INFO - 📈 已处理605133 嵘泰股份 
2025-08-19 19:56:30,586 - INFO - 📈 已处理605136 丽人丽妆 
2025-08-19 19:56:31,113 - INFO - 📈 已处理605138 盛泰集团 
2025-08-19 19:56:33,062 - INFO - 📈 已处理605151 西上海 
2025-08-19 19:56:33,644 - INFO - 📈 已处理605155 西大门 
2025-08-19 19:56:34,313 - INFO - 📈 已处理605158 华达新材 
2025-08-19 19:56:34,893 - INFO - 📈 已处理605162 新中港 
2025-08-19 19:56:35,533 - INFO - 📈 已处理605166 聚合顺 
2025-08-19 19:56:36,174 - INFO - 📈 已处理605167 利柏特 
2025-08-19 19:56:37,473 - INFO - 📈 已处理605168 三人行 
2025-08-19 19:56:38,149 - INFO - 📈 已处理605169 洪通燃气 
2025-08-19 19:56:41,789 - INFO - 📈 已处理605177 东亚药业 
2025-08-19 19:56:42,823 - INFO - 📈 已处理605178 时空科技 
2025-08-19 19:56:43,673 - INFO - 📈 已处理605179 一鸣食品 
2025-08-19 19:56:44,559 - INFO - 📈 已处理605180 华生科技 
2025-08-19 19:56:45,578 - INFO - 📈 已处理605183 确成股份 
2025-08-19 19:56:46,202 - INFO - 📈 已处理605186 健麾信息 
2025-08-19 19:56:46,870 - INFO - 📈 已处理605188 国光连锁 
2025-08-19 19:56:47,468 - INFO - 📈 已处理605189 富春染织 
2025-08-19 19:56:48,159 - INFO - 📈 已处理605196 华通线缆 
2025-08-19 19:56:48,849 - INFO - 📈 已处理605198 安德利 
2025-08-19 19:56:49,577 - INFO - 📈 已处理605199 ST葫芦娃 
2025-08-19 19:56:50,621 - INFO - 📈 已处理605208 永茂泰 
2025-08-19 19:56:51,251 - INFO - 📈 已处理605218 伟时电子 
2025-08-19 19:56:51,975 - INFO - 📈 已处理605222 起帆电缆 
2025-08-19 19:56:52,898 - INFO - 📈 已处理605228 神通科技 
2025-08-19 19:56:54,157 - INFO - 📈 已处理605255 天普股份 
2025-08-19 19:56:55,227 - INFO - 📈 已处理605258 协和电子 
2025-08-19 19:56:56,166 - INFO - 📈 已处理605259 绿田机械 
2025-08-19 19:56:56,773 - INFO - 📈 已处理605266 健之佳 
2025-08-19 19:56:57,749 - INFO - 📈 已处理605268 王力安防 
2025-08-19 19:56:58,384 - INFO - 📈 已处理605277 新亚电子 
2025-08-19 19:56:59,328 - INFO - 📈 已处理605286 同力日升 
2025-08-19 19:57:00,105 - INFO - 📈 已处理605287 德才股份 
2025-08-19 19:57:00,105 - INFO - 📈 已处理 700/1593 只股票，成功 698 只
2025-08-19 19:57:01,381 - INFO - 📈 已处理605288 凯迪股份 
2025-08-19 19:57:01,993 - INFO - 📈 已处理605289 罗曼股份 
2025-08-19 19:57:02,736 - INFO - 📈 已处理605296 神农集团 
2025-08-19 19:57:03,341 - INFO - 📈 已处理605298 必得科技 
2025-08-19 19:57:04,332 - INFO - 📈 已处理605299 舒华体育 
2025-08-19 19:57:04,953 - INFO - 📈 已处理605300 佳禾食品 
2025-08-19 19:57:06,574 - INFO - 📈 已处理605303 园林股份 
2025-08-19 19:57:07,148 - INFO - 📈 已处理605305 中际联合 
2025-08-19 19:57:08,113 - INFO - 📈 已处理605318 法狮龙 
2025-08-19 19:57:09,027 - INFO - 📈 已处理605319 无锡振华 
2025-08-19 19:57:09,701 - INFO - 📈 已处理605333 沪光股份 
2025-08-19 19:57:10,548 - INFO - 📈 已处理605336 帅丰电器 
2025-08-19 19:57:11,604 - INFO - 📈 已处理605337 李子园 
2025-08-19 19:57:12,256 - INFO - 📈 已处理605338 巴比食品 
2025-08-19 19:57:12,896 - INFO - 📈 已处理605339 南侨食品 
2025-08-19 19:57:13,506 - INFO - 📈 已处理605358 立昂微 
2025-08-19 19:57:14,369 - INFO - 📈 已处理605365 立达信 
2025-08-19 19:57:15,015 - INFO - 📈 已处理605366 宏柏新材 
2025-08-19 19:57:15,612 - INFO - 📈 已处理605368 蓝天燃气 
2025-08-19 19:57:16,582 - INFO - 📈 已处理605369 拱东医疗 
2025-08-19 19:57:17,182 - INFO - 📈 已处理605376 博迁新材 
2025-08-19 19:57:17,799 - INFO - 📈 已处理605377 华旺科技 
2025-08-19 19:57:18,402 - INFO - 📈 已处理605378 野马电池 
2025-08-19 19:57:19,042 - INFO - 📈 已处理605388 均瑶健康 
2025-08-19 19:57:19,990 - INFO - 📈 已处理605389 长龄液压 
2025-08-19 19:57:20,718 - INFO - 📈 已处理605398 新炬网络 
2025-08-19 19:57:21,356 - INFO - 📈 已处理605399 晨光新材 
2025-08-19 19:57:22,276 - INFO - 📈 已处理605488 福莱新材 
2025-08-19 19:57:22,841 - INFO - 📈 已处理605499 东鹏饮料 
2025-08-19 19:57:23,442 - INFO - 📈 已处理605500 森林包装 
2025-08-19 19:57:24,040 - INFO - 📈 已处理605507 国邦医药 
2025-08-19 19:57:24,994 - INFO - 📈 已处理605555 德昌股份 
2025-08-19 19:57:25,664 - INFO - 📈 已处理605566 福莱蒽特 
2025-08-19 19:57:26,689 - INFO - 📈 已处理605567 春雪食品 
2025-08-19 19:57:27,547 - INFO - 📈 已处理605577 龙版传媒 
2025-08-19 19:57:28,288 - INFO - 📈 已处理605580 恒盛能源 
2025-08-19 19:57:29,339 - INFO - 📈 已处理605588 冠石科技 
2025-08-19 19:57:29,910 - INFO - 📈 已处理605589 圣泉集团 
2025-08-19 19:57:30,497 - INFO - 📈 已处理605598 上海港湾 
2025-08-19 19:57:31,062 - INFO - 📈 已处理605599 菜百股份 
2025-08-19 19:57:32,102 - INFO - 📈 已处理688001 华兴源创 
2025-08-19 19:57:33,362 - INFO - 📈 已处理688002 睿创微纳 
2025-08-19 19:57:35,535 - INFO - 📈 已处理688003 天准科技 
2025-08-19 19:57:37,004 - INFO - 📈 已处理688004 博汇科技 
2025-08-19 19:57:37,728 - INFO - 📈 已处理688005 容百科技 
2025-08-19 19:57:38,460 - INFO - 📈 已处理688006 杭可科技 
2025-08-19 19:57:39,202 - INFO - 📈 已处理688007 光峰科技 
2025-08-19 19:57:41,496 - INFO - 📈 已处理688008 澜起科技 
2025-08-19 19:57:42,479 - INFO - 📈 已处理688009 中国通号 
2025-08-19 19:57:43,250 - INFO - 📈 已处理688010 福光股份 
2025-08-19 19:57:43,250 - INFO - 📈 已处理 750/1593 只股票，成功 748 只
2025-08-19 19:57:44,689 - INFO - 📈 已处理688011 新光光电 
2025-08-19 19:57:45,761 - INFO - 📈 已处理688012 中微公司 
2025-08-19 19:57:46,765 - INFO - 📈 已处理688013 天臣医疗 
2025-08-19 19:57:47,866 - INFO - 📈 已处理688015 交控科技 
2025-08-19 19:57:48,777 - INFO - 📈 已处理688016 心脉医疗 
2025-08-19 19:57:49,760 - INFO - 📈 已处理688017 绿的谐波 
2025-08-19 19:57:50,625 - INFO - 📈 已处理688018 乐鑫科技 
2025-08-19 19:57:51,476 - INFO - 📈 已处理688019 安集科技 
2025-08-19 19:57:52,793 - INFO - 📈 已处理688020 方邦股份 
2025-08-19 19:57:53,581 - INFO - 📈 已处理688021 奥福科技 
2025-08-19 19:57:54,650 - INFO - 📈 已处理688022 瀚川智能 
2025-08-19 19:57:55,376 - INFO - 📈 已处理688023 安恒信息 
2025-08-19 19:57:56,191 - INFO - 📈 已处理688025 杰普特 
2025-08-19 19:57:57,122 - INFO - 📈 已处理688026 洁特生物 
2025-08-19 19:57:58,121 - INFO - 📈 已处理688027 国盾量子 
2025-08-19 19:57:59,131 - INFO - 📈 已处理688028 沃尔德 
2025-08-19 19:58:00,231 - INFO - 📈 已处理688029 南微医学 
2025-08-19 19:58:01,414 - INFO - 📈 已处理688030 山石网科 
2025-08-19 19:58:02,295 - INFO - 📈 已处理688031 星环科技 
2025-08-19 19:58:02,875 - INFO - 📈 已处理688032 禾迈股份 
2025-08-19 19:58:04,121 - INFO - 📈 已处理688033 天宜新材 
2025-08-19 19:58:04,614 - INFO - 📈 已处理688035 德邦科技 
2025-08-19 19:58:06,343 - INFO - 📈 已处理688036 传音控股 
2025-08-19 19:58:07,801 - INFO - 📈 已处理688037 芯源微 
2025-08-19 19:58:08,431 - INFO - 📈 已处理688038 中科通达 
2025-08-19 19:58:09,369 - INFO - 📈 已处理688039 当虹科技 
2025-08-19 19:58:09,891 - INFO - 📈 已处理688041 海光信息 
2025-08-19 19:58:10,535 - INFO - 📈 已处理688045 必易微 
2025-08-19 19:58:11,293 - INFO - 📈 已处理688046 药康生物 
2025-08-19 19:58:11,921 - INFO - 📈 已处理688047 龙芯中科 
2025-08-19 19:58:12,551 - INFO - 📈 已处理688048 长光华芯 
2025-08-19 19:58:13,083 - INFO - 📈 已处理688049 炬芯科技 
2025-08-19 19:58:14,061 - INFO - 📈 已处理688050 爱博医疗 
2025-08-19 19:58:15,097 - INFO - 📈 已处理688051 佳华科技 
2025-08-19 19:58:15,731 - INFO - 📈 已处理688052 纳芯微 
2025-08-19 19:58:16,253 - INFO - 📈 已处理688053 思科瑞 
2025-08-19 19:58:17,220 - INFO - 📈 已处理688055 龙腾光电 
2025-08-19 19:58:18,201 - INFO - 📈 已处理688056 莱伯泰科 
2025-08-19 19:58:18,855 - INFO - 📈 已处理688057 金达莱 
2025-08-19 19:58:19,944 - INFO - 📈 已处理688058 宝兰德 
2025-08-19 19:58:20,571 - INFO - 📈 已处理688059 华锐精密 
2025-08-19 19:58:21,617 - INFO - 📈 已处理688060 云涌科技 
2025-08-19 19:58:22,128 - INFO - 📈 已处理688061 灿瑞科技 
2025-08-19 19:58:22,963 - INFO - 📈 已处理688062 迈威生物 
2025-08-19 19:58:23,731 - INFO - 📈 已处理688063 派能科技 
2025-08-19 19:58:24,611 - INFO - 📈 已处理688065 凯赛生物 
2025-08-19 19:58:25,810 - INFO - 📈 已处理688066 航天宏图 
2025-08-19 19:58:26,416 - INFO - 📈 已处理688067 爱威科技 
2025-08-19 19:58:27,238 - INFO - 📈 已处理688068 热景生物 
2025-08-19 19:58:28,029 - INFO - 📈 已处理688069 德林海 
2025-08-19 19:58:28,029 - INFO - 📈 已处理 800/1593 只股票，成功 798 只
2025-08-19 19:58:30,360 - INFO - 📈 已处理688070 纵横股份 
2025-08-19 19:58:31,270 - INFO - 📈 已处理688071 华依科技 
2025-08-19 19:58:32,150 - INFO - 📈 已处理688072 拓荆科技 
2025-08-19 19:58:33,815 - INFO - 📈 已处理688073 毕得医药 
2025-08-19 19:58:34,793 - INFO - 📈 已处理688075 安旭生物 
2025-08-19 19:58:35,840 - INFO - 📈 已处理688076 ST诺泰 
2025-08-19 19:58:36,670 - INFO - 📈 已处理688077 大地熊 
2025-08-19 19:58:37,427 - INFO - 📈 已处理688078 龙软科技 
2025-08-19 19:58:38,531 - INFO - 📈 已处理688079 美迪凯 
2025-08-19 19:58:39,351 - INFO - 📈 已处理688080 映翰通 
2025-08-19 19:58:40,751 - INFO - 📈 已处理688081 兴图新科 
2025-08-19 19:58:41,344 - INFO - 📈 已处理688082 盛美上海 
2025-08-19 19:58:41,940 - INFO - 📈 已处理688083 中望软件 
2025-08-19 19:58:42,706 - INFO - 📈 已处理688084 晶品特装 
2025-08-19 19:58:43,723 - INFO - 📈 已处理688085 三友医疗 
2025-08-19 19:58:44,304 - INFO - 📈 已处理688086 退市紫晶 
2025-08-19 19:58:45,280 - INFO - 📈 已处理688087 英科再生 
2025-08-19 19:58:46,376 - INFO - 📈 已处理688088 虹软科技 
2025-08-19 19:58:47,340 - INFO - 📈 已处理688089 嘉必优 
2025-08-19 19:58:48,058 - INFO - 📈 已处理688090 瑞松科技 
2025-08-19 19:58:49,887 - INFO - 📈 已处理688091 上海谊众 
2025-08-19 19:58:50,484 - INFO - 📈 已处理688092 爱科科技 
2025-08-19 19:58:51,270 - INFO - 📈 已处理688093 世华科技 
2025-08-19 19:58:52,258 - INFO - 📈 已处理688095 福昕软件 
2025-08-19 19:58:52,920 - INFO - 📈 已处理688096 京源环保 
2025-08-19 19:58:53,863 - INFO - 📈 已处理688097 博众精工 
2025-08-19 19:58:54,764 - INFO - 📈 已处理688098 申联生物 
2025-08-19 19:58:56,045 - INFO - 📈 已处理688099 晶晨股份 
2025-08-19 19:58:57,519 - INFO - 📈 已处理688100 威胜信息 
2025-08-19 19:58:58,309 - INFO - 📈 已处理688101 三达膜 
2025-08-19 19:58:58,854 - INFO - 📈 已处理688102 斯瑞新材 
2025-08-19 19:59:00,222 - INFO - 📈 已处理688103 国力股份 
2025-08-19 19:59:01,880 - INFO - 📈 已处理688105 诺唯赞 
2025-08-19 19:59:02,606 - INFO - 📈 已处理688106 金宏气体 
2025-08-19 19:59:03,406 - INFO - 📈 已处理688107 安路科技 
2025-08-19 19:59:04,270 - INFO - 📈 已处理688108 赛诺医疗 
2025-08-19 19:59:04,930 - INFO - 📈 已处理688109 品茗科技 
2025-08-19 19:59:05,907 - INFO - 📈 已处理688110 东芯股份 
2025-08-19 19:59:06,702 - INFO - 📈 已处理688111 金山办公 
2025-08-19 19:59:07,286 - INFO - 📈 已处理688112 鼎阳科技 
2025-08-19 19:59:08,695 - INFO - 📈 已处理688113 联测科技 
2025-08-19 19:59:09,220 - INFO - 📈 已处理688114 华大智造 
2025-08-19 19:59:09,939 - INFO - 📈 已处理688115 思林杰 
2025-08-19 19:59:11,009 - INFO - 📈 已处理688116 天奈科技 
2025-08-19 19:59:11,603 - INFO - 📈 已处理688117 圣诺生物 
2025-08-19 19:59:12,809 - INFO - 📈 已处理688118 普元信息 
2025-08-19 19:59:13,375 - INFO - 📈 已处理688119 中钢洛耐 
2025-08-19 19:59:13,962 - INFO - 📈 已处理688120 华海清科 
2025-08-19 19:59:15,249 - INFO - 📈 已处理688121 卓然股份 
2025-08-19 19:59:16,417 - INFO - 📈 已处理688122 西部超导 
2025-08-19 19:59:16,417 - INFO - 📈 已处理 850/1593 只股票，成功 848 只
2025-08-19 19:59:17,173 - INFO - 📈 已处理688123 聚辰股份 
2025-08-19 19:59:18,013 - INFO - 📈 已处理688125 安达智能 
2025-08-19 19:59:18,733 - INFO - 📈 已处理688126 沪硅产业 
2025-08-19 19:59:19,765 - INFO - 📈 已处理688127 蓝特光学 
2025-08-19 19:59:20,453 - INFO - 📈 已处理688128 中国电研 
2025-08-19 19:59:21,444 - INFO - 📈 已处理688129 东来技术 
2025-08-19 19:59:21,982 - INFO - 📈 已处理688130 晶华微 
2025-08-19 19:59:22,633 - INFO - 📈 已处理688131 皓元医药 
2025-08-19 19:59:23,166 - INFO - 📈 已处理688132 邦彦技术 
2025-08-19 19:59:23,894 - INFO - 📈 已处理688133 泰坦科技 
2025-08-19 19:59:24,894 - INFO - 📈 已处理688135 利扬芯片 
2025-08-19 19:59:25,517 - INFO - 📈 已处理688136 科兴制药 
2025-08-19 19:59:26,254 - INFO - 📈 已处理688137 近岸蛋白 
2025-08-19 19:59:27,199 - INFO - 📈 已处理688138 清溢光电 
2025-08-19 19:59:27,995 - INFO - 📈 已处理688139 海尔生物 
2025-08-19 19:59:28,485 - INFO - 📈 已处理688141 杰华特 
2025-08-19 19:59:28,996 - INFO - 📈 已处理688143 长盈通 
2025-08-19 19:59:29,483 - INFO - 📈 已处理688146 中船特气 
2025-08-19 19:59:29,987 - INFO - 📈 已处理688147 微导纳米 
2025-08-19 19:59:30,677 - INFO - 📈 已处理688148 芳源股份 
2025-08-19 19:59:32,227 - INFO - 📈 已处理688150 莱特光电 
2025-08-19 19:59:32,839 - INFO - 📈 已处理688151 华强科技 
2025-08-19 19:59:33,671 - INFO - 📈 已处理688152 麒麟信安 
2025-08-19 19:59:34,517 - INFO - 📈 已处理688153 唯捷创芯 
2025-08-19 19:59:35,305 - INFO - 📈 已处理688155 先惠技术 
2025-08-19 19:59:35,995 - INFO - 📈 已处理688156 路德环境 
2025-08-19 19:59:37,281 - INFO - 📈 已处理688157 松井股份 
2025-08-19 19:59:38,325 - INFO - 📈 已处理688158 优刻得-W 
2025-08-19 19:59:39,323 - INFO - 📈 已处理688159 有方科技 
2025-08-19 19:59:40,303 - INFO - 📈 已处理688160 步科股份 
2025-08-19 19:59:42,307 - INFO - 📈 已处理688161 威高骨科 
2025-08-19 19:59:43,239 - INFO - 📈 已处理688162 巨一科技 
2025-08-19 19:59:43,871 - INFO - 📈 已处理688163 赛伦生物 
2025-08-19 19:59:44,517 - INFO - 📈 已处理688165 埃夫特-U 
2025-08-19 19:59:45,655 - INFO - 📈 已处理688166 博瑞医药 
2025-08-19 19:59:46,243 - INFO - 📈 已处理688167 炬光科技 
2025-08-19 19:59:47,228 - INFO - 📈 已处理688168 安博通 
2025-08-19 19:59:48,250 - INFO - 📈 已处理688169 石头科技 
2025-08-19 19:59:49,132 - INFO - 📈 已处理688170 德龙激光 
2025-08-19 19:59:50,015 - INFO - 📈 已处理688171 纬德信息 
2025-08-19 19:59:50,507 - INFO - 📈 已处理688172 燕东微 
2025-08-19 19:59:52,061 - INFO - 📈 已处理688173 希荻微 
2025-08-19 19:59:52,962 - INFO - 📈 已处理688175 高凌信息 
2025-08-19 19:59:53,626 - INFO - 📈 已处理688176 亚虹医药 
2025-08-19 19:59:54,297 - INFO - 📈 已处理688177 百奥泰 
2025-08-19 19:59:55,263 - INFO - 📈 已处理688178 万德斯 
2025-08-19 19:59:56,307 - INFO - 📈 已处理688179 阿拉丁 
2025-08-19 19:59:56,943 - INFO - 📈 已处理688180 君实生物-U 
2025-08-19 19:59:58,166 - INFO - 📈 已处理688181 八亿时空 
2025-08-19 19:59:58,728 - INFO - 📈 已处理688182 灿勤科技 
2025-08-19 19:59:58,728 - INFO - 📈 已处理 900/1593 只股票，成功 898 只
2025-08-19 19:59:59,404 - INFO - 📈 已处理688183 生益电子 
2025-08-19 20:00:00,210 - INFO - 📈 已处理688184 ST帕瓦 
2025-08-19 20:00:01,896 - INFO - 📈 已处理688185 康希诺 
2025-08-19 20:00:02,705 - INFO - 📈 已处理688186 广大特材 
2025-08-19 20:00:03,276 - INFO - 📈 已处理688187 时代电气 
2025-08-19 20:00:04,240 - INFO - 📈 已处理688188 柏楚电子 
2025-08-19 20:00:04,934 - INFO - 📈 已处理688189 南新制药 
2025-08-19 20:00:05,795 - INFO - 📈 已处理688190 云路股份 
2025-08-19 20:00:06,394 - INFO - 📈 已处理688191 智洋创新 
2025-08-19 20:00:06,962 - INFO - 📈 已处理688192 迪哲医药 
2025-08-19 20:00:07,553 - INFO - 📈 已处理688193 仁度生物 
2025-08-19 20:00:08,453 - INFO - 📈 已处理688195 腾景科技 
2025-08-19 20:00:09,194 - INFO - 📈 已处理688196 卓越新能 
2025-08-19 20:00:09,726 - INFO - 📈 已处理688197 首药控股 
2025-08-19 20:00:10,556 - INFO - 📈 已处理688198 佰仁医疗 
2025-08-19 20:00:11,909 - INFO - 📈 已处理688199 久日新材 
2025-08-19 20:00:12,755 - INFO - 📈 已处理688200 华峰测控 
2025-08-19 20:00:13,389 - INFO - 📈 已处理688201 信安世纪 
2025-08-19 20:00:14,176 - INFO - 📈 已处理688202 美迪西 
2025-08-19 20:00:15,345 - INFO - 📈 已处理688203 海正生材 
2025-08-19 20:00:16,739 - INFO - 📈 已处理688205 德科立 
2025-08-19 20:00:17,332 - INFO - 📈 已处理688206 概伦电子 
2025-08-19 20:00:17,854 - INFO - 📈 已处理688207 格灵深瞳 
2025-08-19 20:00:19,014 - INFO - 📈 已处理688208 道通科技 
2025-08-19 20:00:19,833 - INFO - 📈 已处理688209 英集芯 
2025-08-19 20:00:21,542 - INFO - 📈 已处理688210 统联精密 
2025-08-19 20:00:22,928 - INFO - 📈 已处理688211 中科微至 
2025-08-19 20:00:23,507 - INFO - 📈 已处理688212 澳华内镜 
2025-08-19 20:00:24,688 - INFO - 📈 已处理688213 思特威 
2025-08-19 20:00:25,755 - INFO - 📈 已处理688215 瑞晟智能 
2025-08-19 20:00:26,675 - INFO - 📈 已处理688216 气派科技 
2025-08-19 20:00:27,272 - INFO - 📈 已处理688217 睿昂基因 
2025-08-19 20:00:28,324 - INFO - 📈 已处理688218 江苏北人 
2025-08-19 20:00:28,979 - INFO - 📈 已处理688219 会通股份 
2025-08-19 20:00:29,540 - INFO - 📈 已处理688220 翱捷科技 
2025-08-19 20:00:30,164 - INFO - 📈 已处理688221 前沿生物-U 
2025-08-19 20:00:32,118 - INFO - 📈 已处理688222 成都先导 
2025-08-19 20:00:32,681 - INFO - 📈 已处理688223 晶科能源 
2025-08-19 20:00:33,253 - INFO - 📈 已处理688225 亚信安全 
2025-08-19 20:00:33,882 - INFO - 📈 已处理688226 威腾电气 
2025-08-19 20:00:34,552 - INFO - 📈 已处理688227 品高股份 
2025-08-19 20:00:35,222 - INFO - 📈 已处理688228 开普云 
2025-08-19 20:00:36,327 - INFO - 📈 已处理688229 博睿数据 
2025-08-19 20:00:37,317 - INFO - 📈 已处理688230 芯导科技 
2025-08-19 20:00:37,885 - INFO - 📈 已处理688231 隆达股份 
2025-08-19 20:00:38,625 - INFO - 📈 已处理688232 新点软件 
2025-08-19 20:00:39,435 - INFO - 📈 已处理688233 神工股份 
2025-08-19 20:00:39,980 - INFO - 📈 已处理688234 天岳先进 
2025-08-19 20:00:40,658 - INFO - 📈 已处理688235 百济神州 
2025-08-19 20:00:41,264 - INFO - 📈 已处理688236 春立医疗 
2025-08-19 20:00:41,264 - INFO - 📈 已处理 950/1593 只股票，成功 948 只
2025-08-19 20:00:41,840 - INFO - 📈 已处理688237 超卓航科 
2025-08-19 20:00:42,484 - INFO - 📈 已处理688238 和元生物 
2025-08-19 20:00:43,062 - INFO - 📈 已处理688239 航宇科技 
2025-08-19 20:00:43,563 - INFO - 📈 已处理688244 永信至诚 
2025-08-19 20:00:44,503 - INFO - 📈 已处理688246 嘉和美康 
2025-08-19 20:00:45,001 - INFO - 📈 已处理688247 宣泰医药 
2025-08-19 20:00:45,861 - INFO - 📈 已处理688248 南网科技 
2025-08-19 20:00:46,696 - INFO - 📈 已处理688249 晶合集成 
2025-08-19 20:00:47,354 - INFO - 📈 已处理688251 井松智能 
2025-08-19 20:00:47,861 - INFO - 📈 已处理688252 天德钰 
2025-08-19 20:00:48,677 - INFO - 📈 已处理688253 英诺特 
2025-08-19 20:00:49,616 - INFO - 📈 已处理688255 凯尔达 
2025-08-19 20:00:50,292 - INFO - 📈 已处理688256 寒武纪-U 
2025-08-19 20:00:51,344 - INFO - 📈 已处理688257 新锐股份 
2025-08-19 20:00:52,124 - INFO - 📈 已处理688258 卓易信息 
2025-08-19 20:00:53,083 - INFO - 📈 已处理688259 创耀科技 
2025-08-19 20:00:53,687 - INFO - 📈 已处理688260 昀冢科技 
2025-08-19 20:00:54,244 - INFO - 📈 已处理688261 东微半导 
2025-08-19 20:00:54,958 - INFO - 📈 已处理688262 国芯科技 
2025-08-19 20:00:55,496 - INFO - 📈 已处理688265 南模生物 
2025-08-19 20:00:57,203 - INFO - 📈 已处理688266 泽璟制药-U 
2025-08-19 20:00:57,785 - INFO - 📈 已处理688267 中触媒 
2025-08-19 20:00:58,554 - INFO - 📈 已处理688268 华特气体 
2025-08-19 20:00:59,346 - INFO - 📈 已处理688269 凯立新材 
2025-08-19 20:00:59,938 - INFO - 📈 已处理688270 臻镭科技 
2025-08-19 20:01:00,458 - INFO - 📈 已处理688271 联影医疗 
2025-08-19 20:01:02,132 - INFO - 📈 已处理688272 富吉瑞 
2025-08-19 20:01:02,670 - INFO - 📈 已处理688273 麦澜德 
2025-08-19 20:01:03,172 - INFO - 📈 已处理688275 万润新能 
2025-08-19 20:01:03,906 - INFO - 📈 已处理688276 百克生物 
2025-08-19 20:01:05,334 - INFO - 📈 已处理688277 天智航-U 
2025-08-19 20:01:06,197 - INFO - 📈 已处理688278 特宝生物 
2025-08-19 20:01:06,724 - INFO - 📈 已处理688279 峰岹科技 
2025-08-19 20:01:07,398 - INFO - 📈 已处理688280 精进电动 
2025-08-19 20:01:07,945 - INFO - 📈 已处理688281 华秦科技 
2025-08-19 20:01:08,492 - INFO - 📈 已处理688282 理工导航 
2025-08-19 20:01:09,177 - INFO - 📈 已处理688283 坤恒顺维 
2025-08-19 20:01:10,134 - INFO - 📈 已处理688285 高铁电气 
2025-08-19 20:01:10,938 - INFO - 📈 已处理688286 敏芯股份 
2025-08-19 20:01:11,767 - INFO - 📈 已处理688287 *ST观典 
2025-08-19 20:01:12,758 - INFO - 📈 已处理688288 鸿泉物联 
2025-08-19 20:01:13,869 - INFO - 📈 已处理688289 圣湘生物 
2025-08-19 20:01:14,459 - INFO - 📈 已处理688290 景业智能 
2025-08-19 20:01:15,018 - INFO - 📈 已处理688291 金橙子 
2025-08-19 20:01:15,509 - INFO - 📈 已处理688292 浩瀚深度 
2025-08-19 20:01:17,318 - INFO - 📈 已处理688293 奥浦迈 
2025-08-19 20:01:17,889 - INFO - 📈 已处理688295 中复神鹰 
2025-08-19 20:01:18,837 - INFO - 📈 已处理688296 和达科技 
2025-08-19 20:01:19,752 - INFO - 📈 已处理688297 中无人机 
2025-08-19 20:01:20,810 - INFO - 📈 已处理688298 东方生物 
2025-08-19 20:01:20,810 - INFO - 📈 已处理 1000/1593 只股票，成功 998 只
2025-08-19 20:01:21,727 - INFO - 📈 已处理688299 长阳科技 
2025-08-19 20:01:22,621 - INFO - 📈 已处理688300 联瑞新材 
2025-08-19 20:01:23,609 - INFO - 📈 已处理688301 奕瑞科技 
2025-08-19 20:01:24,496 - INFO - 📈 已处理688302 海创药业 
2025-08-19 20:01:25,164 - INFO - 📈 已处理688303 大全能源 
2025-08-19 20:01:26,080 - INFO - 📈 已处理688305 科德数控 
2025-08-19 20:01:27,028 - INFO - 📈 已处理688306 均普智能 
2025-08-19 20:01:27,493 - INFO - 📈 已处理688307 中润光学 
2025-08-19 20:01:28,537 - INFO - 📈 已处理688308 欧科亿 
2025-08-19 20:01:29,174 - INFO - 📈 已处理688309 恒誉环保 
2025-08-19 20:01:30,128 - INFO - 📈 已处理688310 迈得医疗 
2025-08-19 20:01:31,053 - INFO - 📈 已处理688311 盟升电子 
2025-08-19 20:01:32,045 - INFO - 📈 已处理688312 燕麦科技 
2025-08-19 20:01:33,053 - INFO - 📈 已处理688313 仕佳光子 
2025-08-19 20:01:34,143 - INFO - 📈 已处理688314 康拓医疗 
2025-08-19 20:01:34,870 - INFO - 📈 已处理688315 诺禾致源 
2025-08-19 20:01:35,626 - INFO - 📈 已处理688316 青云科技-U 
2025-08-19 20:01:36,281 - INFO - 📈 已处理688317 之江生物 
2025-08-19 20:01:37,333 - INFO - 📈 已处理688318 财富趋势 
2025-08-19 20:01:39,033 - INFO - 📈 已处理688319 欧林生物 
2025-08-19 20:01:39,727 - INFO - 📈 已处理688320 禾川科技 
2025-08-19 20:01:40,647 - INFO - 📈 已处理688321 微芯生物 
2025-08-19 20:01:41,177 - INFO - 📈 已处理688322 奥比中光 
2025-08-19 20:01:41,896 - INFO - 📈 已处理688323 瑞华泰 
2025-08-19 20:01:42,537 - INFO - 📈 已处理688325 赛微微电 
2025-08-19 20:01:43,101 - INFO - 📈 已处理688326 经纬恒润 
2025-08-19 20:01:43,909 - INFO - 📈 已处理688327 云从科技 
2025-08-19 20:01:44,720 - INFO - 📈 已处理688328 深科达 
2025-08-19 20:01:45,326 - INFO - 📈 已处理688329 艾隆科技 
2025-08-19 20:01:46,000 - INFO - 📈 已处理688330 宏力达 
2025-08-19 20:01:46,629 - INFO - 📈 已处理688331 荣昌生物 
2025-08-19 20:01:47,163 - INFO - 📈 已处理688332 中科蓝讯 
2025-08-19 20:01:48,369 - INFO - 📈 已处理688333 铂力特 
2025-08-19 20:01:48,834 - INFO - 📈 已处理688334 西高院 
2025-08-19 20:01:50,518 - INFO - 📈 已处理688335 复洁环保 
2025-08-19 20:01:52,011 - INFO - 📈 已处理688336 三生国健 
2025-08-19 20:01:52,758 - INFO - 📈 已处理688337 普源精电 
2025-08-19 20:01:53,437 - INFO - 📈 已处理688338 赛科希德 
2025-08-19 20:01:54,555 - INFO - 📈 已处理688339 亿华通-U 
2025-08-19 20:01:55,050 - INFO - 📈 已处理688343 云天励飞 
2025-08-19 20:01:55,836 - INFO - 📈 已处理688345 博力威 
2025-08-19 20:01:56,253 - INFO - 📈 已处理688347 华虹公司 
2025-08-19 20:01:56,767 - INFO - 📈 已处理688348 昱能科技 
2025-08-19 20:01:57,234 - INFO - 📈 已处理688349 三一重能 
2025-08-19 20:01:57,801 - INFO - 📈 已处理688350 富淼科技 
2025-08-19 20:01:58,274 - INFO - 📈 已处理688351 微电生理 
2025-08-19 20:01:58,706 - INFO - 📈 已处理688352 颀中科技 
2025-08-19 20:01:59,187 - INFO - 📈 已处理688353 华盛锂电 
2025-08-19 20:01:59,784 - INFO - 📈 已处理688355 明志科技 
2025-08-19 20:02:00,391 - INFO - 📈 已处理688356 键凯科技 
2025-08-19 20:02:00,391 - INFO - 📈 已处理 1050/1593 只股票，成功 1048 只
2025-08-19 20:02:01,080 - INFO - 📈 已处理688357 建龙微纳 
2025-08-19 20:02:01,718 - INFO - 📈 已处理688358 祥生医疗 
2025-08-19 20:02:02,295 - INFO - 📈 已处理688359 三孚新科 
2025-08-19 20:02:02,951 - INFO - 📈 已处理688360 德马科技 
2025-08-19 20:02:03,393 - INFO - 📈 已处理688361 中科飞测 
2025-08-19 20:02:03,882 - INFO - 📈 已处理688362 甬矽电子 
2025-08-19 20:02:04,587 - INFO - 📈 已处理688363 华熙生物 
2025-08-19 20:02:05,219 - INFO - 📈 已处理688365 光云科技 
2025-08-19 20:02:05,891 - INFO - 📈 已处理688366 昊海生科 
2025-08-19 20:02:06,442 - INFO - 📈 已处理688367 工大高科 
2025-08-19 20:02:07,106 - INFO - 📈 已处理688368 晶丰明源 
2025-08-19 20:02:07,766 - INFO - 📈 已处理688369 致远互联 
2025-08-19 20:02:08,236 - INFO - 📈 已处理688370 丛麟科技 
2025-08-19 20:02:08,692 - INFO - 📈 已处理688371 菲沃泰 
2025-08-19 20:02:09,155 - INFO - 📈 已处理688372 伟测科技 
2025-08-19 20:02:09,625 - INFO - 📈 已处理688373 盟科药业 
2025-08-19 20:02:10,100 - INFO - 📈 已处理688375 国博电子 
2025-08-19 20:02:10,565 - INFO - 📈 已处理688376 美埃科技 
2025-08-19 20:02:11,185 - INFO - 📈 已处理688377 迪威尔 
2025-08-19 20:02:11,749 - INFO - 📈 已处理688378 奥来德 
2025-08-19 20:02:12,325 - INFO - 📈 已处理688379 华光新材 
2025-08-19 20:02:12,840 - INFO - 📈 已处理688380 中微半导 
2025-08-19 20:02:13,315 - INFO - 📈 已处理688381 帝奥微 
2025-08-19 20:02:13,785 - INFO - 📈 已处理688382 益方生物 
2025-08-19 20:02:14,325 - INFO - 📈 已处理688383 新益昌 
2025-08-19 20:02:14,883 - INFO - 📈 已处理688385 复旦微电 
2025-08-19 20:02:15,467 - INFO - 📈 已处理688386 泛亚微透 
2025-08-19 20:02:15,947 - INFO - 📈 已处理688387 信科移动 
2025-08-19 20:02:16,617 - INFO - 📈 已处理688388 嘉元科技 
2025-08-19 20:02:17,282 - INFO - 📈 已处理688389 普门科技 
2025-08-19 20:02:17,875 - INFO - 📈 已处理688390 固德威 
2025-08-19 20:02:18,341 - INFO - 📈 已处理688391 钜泉科技 
2025-08-19 20:02:18,783 - INFO - 📈 已处理688392 骄成超声 
2025-08-19 20:02:19,365 - INFO - 📈 已处理688393 安必平 
2025-08-19 20:02:19,906 - INFO - 📈 已处理688395 正弦电气 
2025-08-19 20:02:20,536 - INFO - 📈 已处理688396 华润微 
2025-08-19 20:02:21,186 - INFO - 📈 已处理688398 赛特新材 
2025-08-19 20:02:21,828 - INFO - 📈 已处理688399 硕世生物 
2025-08-19 20:02:22,309 - INFO - 📈 已处理688400 凌云光 
2025-08-19 20:02:22,794 - INFO - 📈 已处理688401 路维光电 
2025-08-19 20:02:23,255 - INFO - 📈 已处理688403 汇成股份 
2025-08-19 20:02:23,847 - INFO - 📈 已处理688408 中信博 
2025-08-19 20:02:24,317 - INFO - 📈 已处理688409 富创精密 
2025-08-19 20:02:24,755 - INFO - 📈 已处理688410 山外山 
2025-08-19 20:02:25,025 - INFO - 📈 已处理688411 海博思创 
2025-08-19 20:02:25,511 - INFO - 📈 已处理688416 恒烁股份 
2025-08-19 20:02:26,095 - INFO - 📈 已处理688418 震有科技 
2025-08-19 20:02:26,569 - INFO - 📈 已处理688419 耐科装备 
2025-08-19 20:02:27,010 - INFO - 📈 已处理688420 美腾科技 
2025-08-19 20:02:27,565 - INFO - 📈 已处理688425 铁建重工 
2025-08-19 20:02:27,565 - INFO - 📈 已处理 1100/1593 只股票，成功 1098 只
2025-08-19 20:02:28,032 - INFO - 📈 已处理688426 康为世纪 
2025-08-19 20:02:28,516 - INFO - 📈 已处理688428 诺诚健华 
2025-08-19 20:02:28,939 - INFO - 📈 已处理688429 时创能源 
2025-08-19 20:02:29,391 - INFO - 📈 已处理688432 有研硅 
2025-08-19 20:02:29,808 - INFO - 📈 已处理688433 华曙高科 
2025-08-19 20:02:30,245 - INFO - 📈 已处理688435 英方软件 
2025-08-19 20:02:30,722 - INFO - 📈 已处理688439 振华风光 
2025-08-19 20:02:31,165 - INFO - 📈 已处理688443 智翔金泰 
2025-08-19 20:02:31,638 - INFO - 📈 已处理688448 磁谷科技 
2025-08-19 20:02:31,956 - INFO - 📈 已处理688449 联芸科技 
2025-08-19 20:02:32,365 - INFO - 📈 已处理688450 光格科技 
2025-08-19 20:02:32,825 - INFO - 📈 已处理688455 科捷智能 
2025-08-19 20:02:33,454 - INFO - 📈 已处理688456 有研粉材 
2025-08-19 20:02:33,954 - INFO - 📈 已处理688458 美芯晟 
2025-08-19 20:02:34,433 - INFO - 📈 已处理688459 哈铁科技 
2025-08-19 20:02:35,074 - INFO - 📈 已处理688466 金科环境 
2025-08-19 20:02:35,645 - INFO - 📈 已处理688468 科美诊断 
2025-08-19 20:02:36,056 - INFO - 📈 已处理688469 芯联集成 
2025-08-19 20:02:36,475 - INFO - 📈 已处理688472 阿特斯 
2025-08-19 20:02:36,924 - INFO - 📈 已处理688475 萤石网络 
2025-08-19 20:02:37,356 - INFO - 📈 已处理688478 晶升股份 
2025-08-19 20:02:37,774 - INFO - 📈 已处理688479 友车科技 
2025-08-19 20:02:38,255 - INFO - 📈 已处理688480 赛恩斯 
2025-08-19 20:02:38,705 - INFO - 📈 已处理688484 南芯科技 
2025-08-19 20:02:39,154 - INFO - 📈 已处理688485 九州一轨 
2025-08-19 20:02:39,591 - INFO - 📈 已处理688486 龙迅股份 
2025-08-19 20:02:40,205 - INFO - 📈 已处理688488 艾迪药业 
2025-08-19 20:02:40,656 - INFO - 📈 已处理688489 三未信安 
2025-08-19 20:02:41,108 - INFO - 📈 已处理688496 清越科技 
2025-08-19 20:02:41,548 - INFO - 📈 已处理688498 源杰科技 
2025-08-19 20:02:42,108 - INFO - 📈 已处理688499 利元亨 
2025-08-19 20:02:42,728 - INFO - 📈 已处理688500 慧辰股份 
2025-08-19 20:02:43,274 - INFO - 📈 已处理688501 青达环保 
2025-08-19 20:02:43,766 - INFO - 📈 已处理688502 茂莱光学 
2025-08-19 20:02:44,220 - INFO - 📈 已处理688503 聚和材料 
2025-08-19 20:02:44,834 - INFO - 📈 已处理688505 复旦张江 
2025-08-19 20:02:45,265 - INFO - 📈 已处理688506 百利天恒 
2025-08-19 20:02:45,696 - INFO - 📈 已处理688507 索辰科技 
2025-08-19 20:02:46,318 - INFO - 📈 已处理688508 芯朋微 
2025-08-19 20:02:46,869 - INFO - 📈 已处理688509 正元地信 
2025-08-19 20:02:47,454 - INFO - 📈 已处理688510 航亚科技 
2025-08-19 20:02:47,998 - INFO - 📈 已处理688511 *ST天微 
2025-08-19 20:02:48,407 - INFO - 📈 已处理688512 慧智微 
2025-08-19 20:02:49,016 - INFO - 📈 已处理688513 苑东生物 
2025-08-19 20:02:49,460 - INFO - 📈 已处理688515 裕太微 
2025-08-19 20:02:50,068 - INFO - 📈 已处理688516 奥特维 
2025-08-19 20:02:50,616 - INFO - 📈 已处理688517 金冠电气 
2025-08-19 20:02:51,219 - INFO - 📈 已处理688518 联赢激光 
2025-08-19 20:02:51,843 - INFO - 📈 已处理688519 南亚新材 
2025-08-19 20:02:52,455 - INFO - 📈 已处理688520 神州细胞 
2025-08-19 20:02:52,456 - INFO - 📈 已处理 1150/1593 只股票，成功 1148 只
2025-08-19 20:02:53,060 - INFO - 📈 已处理688521 芯原股份 
2025-08-19 20:02:53,505 - INFO - 📈 已处理688522 纳睿雷达 
2025-08-19 20:02:53,930 - INFO - 📈 已处理688523 航天环宇 
2025-08-19 20:02:54,402 - INFO - 📈 已处理688525 佰维存储 
2025-08-19 20:02:54,986 - INFO - 📈 已处理688526 科前生物 
2025-08-19 20:02:55,572 - INFO - 📈 已处理688528 秦川物联 
2025-08-19 20:02:56,153 - INFO - 📈 已处理688529 豪森智能 
2025-08-19 20:02:56,491 - INFO - 📈 已处理688530 欧莱新材 
2025-08-19 20:02:56,932 - INFO - 📈 已处理688531 日联科技 
2025-08-19 20:02:57,497 - INFO - 📈 已处理688533 上声电子 
2025-08-19 20:02:57,923 - INFO - 📈 已处理688535 华海诚科 
2025-08-19 20:02:58,559 - INFO - 📈 已处理688536 思瑞浦 
2025-08-19 20:02:59,115 - INFO - 📈 已处理688538 和辉光电-U 
2025-08-19 20:02:59,551 - INFO - 📈 已处理688539 高华科技 
2025-08-19 20:02:59,985 - INFO - 📈 已处理688543 国科军工 
2025-08-19 20:03:00,267 - INFO - 📈 已处理688545 兴福电子 
2025-08-19 20:03:00,656 - INFO - 📈 已处理688548 广钢气体 
2025-08-19 20:03:01,053 - INFO - 📈 已处理688549 中巨芯 
2025-08-19 20:03:01,678 - INFO - 📈 已处理688550 瑞联新材 
2025-08-19 20:03:02,277 - INFO - 📈 已处理688551 科威尔 
2025-08-19 20:03:02,775 - INFO - 📈 已处理688552 航天南湖 
2025-08-19 20:03:03,302 - INFO - 📈 已处理688553 汇宇制药-W 
2025-08-19 20:03:03,768 - INFO - 📈 已处理688555 退市泽达 
2025-08-19 20:03:04,370 - INFO - 📈 已处理688556 高测股份 
2025-08-19 20:03:04,949 - INFO - 📈 已处理688557 兰剑智能 
2025-08-19 20:03:05,570 - INFO - 📈 已处理688558 国盛智科 
2025-08-19 20:03:06,208 - INFO - 📈 已处理688559 海目星 
2025-08-19 20:03:06,811 - INFO - 📈 已处理688560 明冠新材 
2025-08-19 20:03:07,466 - INFO - 📈 已处理688561 奇安信-U 
2025-08-19 20:03:07,908 - INFO - 📈 已处理688562 航天软件 
2025-08-19 20:03:08,337 - INFO - 📈 已处理688563 航材股份 
2025-08-19 20:03:08,891 - INFO - 📈 已处理688565 力源科技 
2025-08-19 20:03:09,536 - INFO - 📈 已处理688566 吉贝尔 
2025-08-19 20:03:10,159 - INFO - 📈 已处理688567 孚能科技 
2025-08-19 20:03:10,826 - INFO - 📈 已处理688568 中科星图 
2025-08-19 20:03:11,431 - INFO - 📈 已处理688569 铁科轨道 
2025-08-19 20:03:11,848 - INFO - 📈 已处理688570 天玛智控 
2025-08-19 20:03:12,407 - INFO - 📈 已处理688571 杭华股份 
2025-08-19 20:03:12,810 - INFO - 📈 已处理688573 信宇人 
2025-08-19 20:03:13,418 - INFO - 📈 已处理688575 亚辉龙 
2025-08-19 20:03:13,844 - INFO - 📈 已处理688576 西山科技 
2025-08-19 20:03:14,464 - INFO - 📈 已处理688577 浙海德曼 
2025-08-19 20:03:15,057 - INFO - 📈 已处理688578 艾力斯 
2025-08-19 20:03:15,738 - INFO - 📈 已处理688579 山大地纬 
2025-08-19 20:03:16,366 - INFO - 📈 已处理688580 伟思医疗 
2025-08-19 20:03:16,826 - INFO - 📈 已处理688581 安杰思 
2025-08-19 20:03:17,246 - INFO - 📈 已处理688582 芯动联科 
2025-08-19 20:03:17,544 - INFO - 📈 已处理688583 思看科技 
2025-08-19 20:03:17,882 - INFO - 📈 已处理688584 上海合晶 
2025-08-19 20:03:18,505 - INFO - 📈 已处理688585 上纬新材 
2025-08-19 20:03:18,505 - INFO - 📈 已处理 1200/1593 只股票，成功 1198 只
2025-08-19 20:03:19,146 - INFO - 📈 已处理688586 江航装备 
2025-08-19 20:03:19,782 - INFO - 📈 已处理688588 凌志软件 
2025-08-19 20:03:20,398 - INFO - 📈 已处理688589 力合微 
2025-08-19 20:03:21,009 - INFO - 📈 已处理688590 新致软件 
2025-08-19 20:03:21,417 - INFO - 📈 已处理688591 泰凌微 
2025-08-19 20:03:21,839 - INFO - 📈 已处理688592 司南导航 
2025-08-19 20:03:22,251 - INFO - 📈 已处理688593 新相微 
2025-08-19 20:03:22,875 - INFO - 📈 已处理688595 芯海科技 
2025-08-19 20:03:23,474 - INFO - 📈 已处理688596 正帆科技 
2025-08-19 20:03:24,024 - INFO - 📈 已处理688597 煜邦电力 
2025-08-19 20:03:24,625 - INFO - 📈 已处理688598 金博股份 
2025-08-19 20:03:25,237 - INFO - 📈 已处理688599 天合光能 
2025-08-19 20:03:25,843 - INFO - 📈 已处理688600 皖仪科技 
2025-08-19 20:03:26,402 - INFO - 📈 已处理688601 力芯微 
2025-08-19 20:03:26,851 - INFO - 📈 已处理688602 康鹏科技 
2025-08-19 20:03:27,265 - INFO - 📈 已处理688603 天承科技 
2025-08-19 20:03:27,588 - INFO - 📈 已处理688605 先锋精科 
2025-08-19 20:03:28,135 - INFO - 📈 已处理688606 奥泰生物 
2025-08-19 20:03:28,739 - INFO - 📈 已处理688607 康众医疗 
2025-08-19 20:03:29,377 - INFO - 📈 已处理688608 恒玄科技 
2025-08-19 20:03:29,940 - INFO - 📈 已处理688609 九联科技 
2025-08-19 20:03:30,349 - INFO - 📈 已处理688610 埃科光电 
2025-08-19 20:03:30,907 - INFO - 📈 已处理688611 杭州柯林 
2025-08-19 20:03:31,299 - INFO - 📈 已处理688612 威迈斯 
2025-08-19 20:03:31,876 - INFO - 📈 已处理688613 奥精医疗 
2025-08-19 20:03:32,211 - INFO - 📈 已处理688615 合合信息 
2025-08-19 20:03:32,778 - INFO - 📈 已处理688616 西力科技 
2025-08-19 20:03:33,357 - INFO - 📈 已处理688617 惠泰医疗 
2025-08-19 20:03:33,946 - INFO - 📈 已处理688618 三旺通信 
2025-08-19 20:03:34,500 - INFO - 📈 已处理688619 罗普特 
2025-08-19 20:03:34,902 - INFO - 📈 已处理688620 安凯微 
2025-08-19 20:03:35,459 - INFO - 📈 已处理688621 阳光诺和 
2025-08-19 20:03:35,963 - INFO - 📈 已处理688622 禾信仪器 
2025-08-19 20:03:36,365 - INFO - 📈 已处理688623 双元科技 
2025-08-19 20:03:36,906 - INFO - 📈 已处理688625 呈和科技 
2025-08-19 20:03:37,453 - INFO - 📈 已处理688626 翔宇医疗 
2025-08-19 20:03:37,853 - INFO - 📈 已处理688627 精智达 
2025-08-19 20:03:38,449 - INFO - 📈 已处理688628 优利德 
2025-08-19 20:03:38,864 - INFO - 📈 已处理688629 华丰科技 
2025-08-19 20:03:39,473 - INFO - 📈 已处理688630 芯碁微装 
2025-08-19 20:03:39,893 - INFO - 📈 已处理688631 莱斯信息 
2025-08-19 20:03:40,437 - INFO - 📈 已处理688633 星球石墨 
2025-08-19 20:03:41,003 - INFO - 📈 已处理688636 智明达 
2025-08-19 20:03:41,443 - INFO - 📈 已处理688638 誉辰智能 
2025-08-19 20:03:41,993 - INFO - 📈 已处理688639 华恒生物 
2025-08-19 20:03:42,399 - INFO - 📈 已处理688646 ST逸飞 
2025-08-19 20:03:42,808 - INFO - 📈 已处理688648 中邮科技 
2025-08-19 20:03:43,203 - INFO - 📈 已处理688651 盛邦安全 
2025-08-19 20:03:43,599 - INFO - 📈 已处理688652 京仪装备 
2025-08-19 20:03:43,993 - INFO - 📈 已处理688653 康希通信 
2025-08-19 20:03:43,993 - INFO - 📈 已处理 1250/1593 只股票，成功 1248 只
2025-08-19 20:03:44,523 - INFO - 📈 已处理688655 迅捷兴 
2025-08-19 20:03:45,083 - INFO - 📈 已处理688656 浩欧博 
2025-08-19 20:03:45,478 - INFO - 📈 已处理688657 浩辰软件 
2025-08-19 20:03:46,055 - INFO - 📈 已处理688658 悦康药业 
2025-08-19 20:03:46,655 - INFO - 📈 已处理688659 元琛科技 
2025-08-19 20:03:47,184 - INFO - 📈 已处理688660 电气风电 
2025-08-19 20:03:47,741 - INFO - 📈 已处理688661 和林微纳 
2025-08-19 20:03:48,285 - INFO - 📈 已处理688662 富信科技 
2025-08-19 20:03:48,829 - INFO - 📈 已处理688663 新风光 
2025-08-19 20:03:49,385 - INFO - 📈 已处理688665 四方光电 
2025-08-19 20:03:49,921 - INFO - 📈 已处理688667 菱电电控 
2025-08-19 20:03:50,510 - INFO - 📈 已处理688668 鼎通科技 
2025-08-19 20:03:51,091 - INFO - 📈 已处理688669 聚石化学 
2025-08-19 20:03:51,613 - INFO - 📈 已处理688670 金迪克 
2025-08-19 20:03:52,018 - INFO - 📈 已处理688671 碧兴物联 
2025-08-19 20:03:52,582 - INFO - 📈 已处理688676 金盘科技 
2025-08-19 20:03:53,139 - INFO - 📈 已处理688677 海泰新光 
2025-08-19 20:03:53,720 - INFO - 📈 已处理688678 福立旺 
2025-08-19 20:03:54,283 - INFO - 📈 已处理688679 通源环境 
2025-08-19 20:03:54,869 - INFO - 📈 已处理688680 海优新材 
2025-08-19 20:03:55,422 - INFO - 📈 已处理688681 科汇股份 
2025-08-19 20:03:55,974 - INFO - 📈 已处理688682 霍莱沃 
2025-08-19 20:03:56,560 - INFO - 📈 已处理688683 莱尔科技 
2025-08-19 20:03:57,104 - INFO - 📈 已处理688685 迈信林 
2025-08-19 20:03:57,728 - INFO - 📈 已处理688686 奥普特 
2025-08-19 20:03:58,324 - INFO - 📈 已处理688687 凯因科技 
2025-08-19 20:03:58,929 - INFO - 📈 已处理688689 银河微电 
2025-08-19 20:03:59,473 - INFO - 📈 已处理688690 纳微科技 
2025-08-19 20:03:59,819 - INFO - 📈 已处理688691 灿芯股份 
2025-08-19 20:04:00,155 - INFO - 📈 已处理688692 达梦数据 
2025-08-19 20:04:00,591 - INFO - 📈 已处理688693 锴威特 
2025-08-19 20:04:00,946 - INFO - 📈 已处理688695 中创股份 
2025-08-19 20:04:01,513 - INFO - 📈 已处理688696 极米科技 
2025-08-19 20:04:02,032 - INFO - 📈 已处理688697 纽威数控 
2025-08-19 20:04:02,591 - INFO - 📈 已处理688698 伟创电气 
2025-08-19 20:04:03,192 - INFO - 📈 已处理688699 明微电子 
2025-08-19 20:04:03,792 - INFO - 📈 已处理688700 东威科技 
2025-08-19 20:04:04,637 - INFO - 📈 已处理688701 卓锦股份 
2025-08-19 20:04:05,032 - INFO - 📈 已处理688702 盛科通信 
2025-08-19 20:04:05,568 - INFO - 📈 已处理688707 振华新材 
2025-08-19 20:04:05,868 - INFO - 📈 已处理688708 佳驰科技 
2025-08-19 20:04:06,243 - INFO - 📈 已处理688709 成都华微 
2025-08-19 20:04:06,558 - INFO - 📈 已处理688710 益诺思 
2025-08-19 20:04:07,098 - INFO - 📈 已处理688711 宏微科技 
2025-08-19 20:04:07,512 - INFO - 📈 已处理688716 中研股份 
2025-08-19 20:04:07,873 - INFO - 📈 已处理688717 艾罗能源 
2025-08-19 20:04:08,416 - INFO - 📈 已处理688718 唯赛勃 
2025-08-19 20:04:08,802 - INFO - 📈 已处理688719 爱科赛博 
2025-08-19 20:04:09,192 - INFO - 📈 已处理688720 艾森股份 
2025-08-19 20:04:09,522 - INFO - 📈 已处理688721 龙图光罩 
2025-08-19 20:04:09,522 - INFO - 📈 已处理 1300/1593 只股票，成功 1298 只
2025-08-19 20:04:10,047 - INFO - 📈 已处理688722 同益中 
2025-08-19 20:04:10,347 - INFO - 📈 已处理688726 拉普拉斯 
2025-08-19 20:04:10,906 - INFO - 📈 已处理688728 格科微 
2025-08-19 20:04:11,154 - INFO - 📈 已处理688729 屹唐股份 
2025-08-19 20:04:11,722 - INFO - 📈 已处理688733 壹石通 
2025-08-19 20:04:12,255 - INFO - 📈 已处理688737 中自科技 
2025-08-19 20:04:12,772 - INFO - 📈 已处理688739 成大生物 
2025-08-19 20:04:13,065 - INFO - 📈 已处理688750 金天钛业 
2025-08-19 20:04:13,317 - INFO - 📈 已处理688755 汉邦科技 
2025-08-19 20:04:13,622 - INFO - 📈 已处理688757 胜科纳米 
2025-08-19 20:04:13,931 - INFO - 📈 已处理688758 赛分科技 
2025-08-19 20:04:14,480 - INFO - 📈 已处理688766 普冉股份 
2025-08-19 20:04:15,012 - INFO - 📈 已处理688767 博拓生物 
2025-08-19 20:04:15,579 - INFO - 📈 已处理688768 容知日新 
2025-08-19 20:04:16,092 - INFO - 📈 已处理688772 珠海冠宇 
2025-08-19 20:04:16,348 - INFO - 📈 已处理688775 影石创新 
2025-08-19 20:04:16,902 - INFO - 📈 已处理688776 国光电气 
2025-08-19 20:04:17,557 - INFO - 📈 已处理688777 中控技术 
2025-08-19 20:04:18,082 - INFO - 📈 已处理688778 厦钨新能 
2025-08-19 20:04:18,617 - INFO - 📈 已处理688779 五矿新能 
2025-08-19 20:04:19,153 - INFO - 📈 已处理688786 悦安新材 
2025-08-19 20:04:19,703 - INFO - 📈 已处理688787 海天瑞声 
2025-08-19 20:04:20,286 - INFO - 📈 已处理688788 科思科技 
2025-08-19 20:04:20,845 - INFO - 📈 已处理688789 宏华数科 
2025-08-19 20:04:21,390 - INFO - 📈 已处理688793 倍轻松 
2025-08-19 20:04:21,922 - INFO - 📈 已处理688798 艾为电子 
2025-08-19 20:04:22,499 - INFO - 📈 已处理688799 华纳药厂 
2025-08-19 20:04:23,049 - INFO - 📈 已处理688800 瑞可达 
2025-08-19 20:04:23,602 - INFO - 📈 已处理688819 天能股份 
2025-08-19 20:04:24,232 - INFO - 📈 已处理688981 中芯国际 
2025-08-19 20:04:24,843 - INFO - 📈 已处理689009 九号公司-WD 
2025-08-19 20:04:25,422 - INFO - 📈 已处理830779 武汉蓝电 
2025-08-19 20:04:26,230 - INFO - 📈 已处理830809 安达科技 
2025-08-19 20:04:26,932 - INFO - 📈 已处理830832 齐鲁华信 
2025-08-19 20:04:27,562 - INFO - 📈 已处理830839 万通液压 
2025-08-19 20:04:28,325 - INFO - 📈 已处理830879 基康技术 
2025-08-19 20:04:28,780 - INFO - 📈 已处理830896 旺成科技 
2025-08-19 20:04:29,387 - INFO - 📈 已处理830946 森萱医药 
2025-08-19 20:04:30,252 - INFO - 📈 已处理830964 润农节水 
2025-08-19 20:04:30,962 - INFO - 📈 已处理830974 凯大催化 
2025-08-19 20:04:31,622 - INFO - 📈 已处理831010 凯添燃气 
2025-08-19 20:04:32,350 - INFO - 📈 已处理831039 国义招标 
2025-08-19 20:04:32,833 - INFO - 📈 已处理831087 秋乐种业 
2025-08-19 20:04:33,447 - INFO - 📈 已处理831152 昆工科技 
2025-08-19 20:04:34,099 - INFO - 📈 已处理831167 鑫汇科 
2025-08-19 20:04:34,656 - INFO - 📈 已处理831175 派诺科技 
2025-08-19 20:04:35,345 - INFO - 📈 已处理831195 三祥科技 
2025-08-19 20:04:35,942 - INFO - 📈 已处理831278 泰德股份 
2025-08-19 20:04:36,449 - INFO - 📈 已处理831304 迪尔化工 
2025-08-19 20:04:37,112 - INFO - 📈 已处理831305 海希通讯 
2025-08-19 20:04:37,112 - INFO - 📈 已处理 1350/1593 只股票，成功 1348 只
2025-08-19 20:04:37,848 - INFO - 📈 已处理831370 新安洁 
2025-08-19 20:04:38,445 - INFO - 📈 已处理831396 许昌智能 
2025-08-19 20:04:39,032 - INFO - 📈 已处理831526 凯华材料 
2025-08-19 20:04:39,511 - INFO - 📈 已处理831627 力王股份 
2025-08-19 20:04:40,036 - INFO - 📈 已处理831641 格利尔 
2025-08-19 20:04:40,712 - INFO - 📈 已处理831689 克莱特 
2025-08-19 20:04:41,282 - INFO - 📈 已处理831726 朱老六 
2025-08-19 20:04:41,922 - INFO - 📈 已处理831768 拾比佰 
2025-08-19 20:04:42,613 - INFO - 📈 已处理831832 科达自控 
2025-08-19 20:04:43,127 - INFO - 📈 已处理831834 三维装备 
2025-08-19 20:04:43,661 - INFO - 📈 已处理831855 浙江大农 
2025-08-19 20:04:44,272 - INFO - 📈 已处理831856 浩淼科技 
2025-08-19 20:04:44,731 - INFO - 📈 已处理831906 舜宇精工 
2025-08-19 20:04:45,605 - INFO - 📈 已处理831961 创远信科 
2025-08-19 20:04:46,182 - INFO - 📈 已处理832000 安徽凤凰 
2025-08-19 20:04:47,071 - INFO - 📈 已处理832023 田野股份 
2025-08-19 20:04:47,591 - INFO - 📈 已处理832089 禾昌聚合 
2025-08-19 20:04:48,141 - INFO - 📈 已处理832110 雷特科技 
2025-08-19 20:04:48,701 - INFO - 📈 已处理832145 恒合股份 
2025-08-19 20:04:49,641 - INFO - 📈 已处理832149 利尔达 
2025-08-19 20:04:50,237 - INFO - 📈 已处理832171 志晟信息 
2025-08-19 20:04:51,131 - INFO - 📈 已处理832175 东方碳素 
2025-08-19 20:04:51,811 - INFO - 📈 已处理832225 利通科技 
2025-08-19 20:04:52,571 - INFO - 📈 已处理832278 鹿得医疗 
2025-08-19 20:04:53,956 - INFO - 📈 已处理832317 观典防务 
2025-08-19 20:04:54,679 - INFO - 📈 已处理832419 路斯股份 
2025-08-19 20:04:55,203 - INFO - 📈 已处理832469 富恒新材 
2025-08-19 20:04:55,786 - INFO - 📈 已处理832471 美邦科技 
2025-08-19 20:04:56,479 - INFO - 📈 已处理832491 奥迪威 
2025-08-19 20:04:57,215 - INFO - 📈 已处理832522 纳科诺尔 
2025-08-19 20:04:58,128 - INFO - 📈 已处理832566 梓橦宫 
2025-08-19 20:04:58,661 - INFO - 📈 已处理832651 天罡股份 
2025-08-19 20:04:59,163 - INFO - 📈 已处理832662 方盛股份 
2025-08-19 20:05:00,026 - INFO - 📈 已处理832735 德源药业 
2025-08-19 20:05:00,855 - INFO - 📈 已处理832786 骑士乳业 
2025-08-19 20:05:01,425 - INFO - 📈 已处理832802 保丽洁 
2025-08-19 20:05:02,014 - INFO - 📈 已处理832876 慧为智能 
2025-08-19 20:05:02,607 - INFO - 📈 已处理832885 星辰科技 
2025-08-19 20:05:03,212 - INFO - 📈 已处理832978 开特股份 
2025-08-19 20:05:03,861 - INFO - 📈 已处理832982 锦波生物 
2025-08-19 20:05:04,285 - INFO - 📈 已处理833030 立方控股 
2025-08-19 20:05:04,825 - INFO - 📈 已处理833075 柏星龙 
2025-08-19 20:05:05,401 - INFO - 📈 已处理833171 国航远洋 
2025-08-19 20:05:05,871 - INFO - 📈 已处理833230 欧康医药 
2025-08-19 20:05:06,683 - INFO - 📈 已处理833266 生物谷 
2025-08-19 20:05:07,176 - INFO - 📈 已处理833284 灵鸽科技 
2025-08-19 20:05:07,717 - INFO - 📈 已处理833346 威贸电子 
2025-08-19 20:05:08,184 - INFO - 📈 已处理833394 民士达 
2025-08-19 20:05:08,788 - INFO - 📈 已处理833427 华维设计 
2025-08-19 20:05:09,271 - INFO - 📈 已处理833429 康比特 
2025-08-19 20:05:09,271 - INFO - 📈 已处理 1400/1593 只股票，成功 1398 只
2025-08-19 20:05:09,820 - INFO - 📈 已处理833454 同心传动 
2025-08-19 20:05:10,266 - INFO - 📈 已处理833455 汇隆活塞 
2025-08-19 20:05:10,889 - INFO - 📈 已处理833509 同惠电子 
2025-08-19 20:05:11,517 - INFO - 📈 已处理833523 德瑞锂电 
2025-08-19 20:05:12,002 - INFO - 📈 已处理833533 骏创科技 
2025-08-19 20:05:12,681 - INFO - 📈 已处理833575 康乐卫士 
2025-08-19 20:05:13,193 - INFO - 📈 已处理833580 科创新材 
2025-08-19 20:05:13,711 - INFO - 📈 已处理833751 惠同新材 
2025-08-19 20:05:14,185 - INFO - 📈 已处理833781 瑞奇智造 
2025-08-19 20:05:14,730 - INFO - 📈 已处理833873 中设咨询 
2025-08-19 20:05:15,237 - INFO - 📈 已处理833874 泰祥股份 
2025-08-19 20:05:16,021 - INFO - 📈 已处理833914 远航精密 
2025-08-19 20:05:16,501 - INFO - 📈 已处理833943 优机股份 
2025-08-19 20:05:17,031 - INFO - 📈 已处理833994 翰博高新 
2025-08-19 20:05:17,566 - INFO - 📈 已处理834014 特瑞斯 
2025-08-19 20:05:18,275 - INFO - 📈 已处理834021 流金科技 
2025-08-19 20:05:18,786 - INFO - 📈 已处理834033 康普化学 
2025-08-19 20:05:19,206 - INFO - 📈 已处理834058 华洋赛车 
2025-08-19 20:05:19,741 - INFO - 📈 已处理834062 科润智控 
2025-08-19 20:05:20,383 - INFO - 📈 已处理834261 一诺威 
2025-08-19 20:05:20,880 - INFO - 📈 已处理834407 驰诚股份 
2025-08-19 20:05:21,616 - INFO - 📈 已处理834415 恒拓开源 
2025-08-19 20:05:22,231 - INFO - 📈 已处理834475 三友科技 
2025-08-19 20:05:22,848 - INFO - 📈 已处理834599 同力股份 
2025-08-19 20:05:23,401 - INFO - 📈 已处理834639 晨光电缆 
2025-08-19 20:05:24,018 - INFO - 📈 已处理834765 美之高 
2025-08-19 20:05:24,571 - INFO - 📈 已处理834770 艾能聚 
2025-08-19 20:05:25,021 - INFO - 📈 已处理834950 迅安科技 
2025-08-19 20:05:25,604 - INFO - 📈 已处理835174 五新隧装 
2025-08-19 20:05:26,171 - INFO - 📈 已处理835179 凯德石英 
2025-08-19 20:05:26,950 - INFO - 📈 已处理835184 国源科技 
2025-08-19 20:05:27,853 - INFO - 📈 已处理835185 贝特瑞 
2025-08-19 20:05:28,341 - INFO - 📈 已处理835207 众诚科技 
2025-08-19 20:05:28,802 - INFO - 📈 已处理835237 力佳科技 
2025-08-19 20:05:29,368 - INFO - 📈 已处理835305 *ST云创 
2025-08-19 20:05:30,072 - INFO - 📈 已处理835368 连城数控 
2025-08-19 20:05:30,617 - INFO - 📈 已处理835438 戈碧迦 
2025-08-19 20:05:31,230 - INFO - 📈 已处理835508 殷图网联 
2025-08-19 20:05:31,700 - INFO - 📈 已处理835579 机科股份 
2025-08-19 20:05:32,345 - INFO - 📈 已处理835640 富士达 
2025-08-19 20:05:32,950 - INFO - 📈 已处理835670 数字人 
2025-08-19 20:05:33,460 - INFO - 📈 已处理835857 百甲科技 
2025-08-19 20:05:33,950 - INFO - 📈 已处理835892 中科美菱 
2025-08-19 20:05:34,579 - INFO - 📈 已处理835985 海泰新能 
2025-08-19 20:05:35,173 - INFO - 📈 已处理836077 吉林碳谷 
2025-08-19 20:05:35,800 - INFO - 📈 已处理836149 旭杰科技 
2025-08-19 20:05:36,203 - INFO - 📈 已处理836208 青矩技术 
2025-08-19 20:05:36,675 - INFO - 📈 已处理836221 易实精密 
2025-08-19 20:05:37,350 - INFO - 📈 已处理836239 长虹能源 
2025-08-19 20:05:37,805 - INFO - 📈 已处理836247 华密新材 
2025-08-19 20:05:37,805 - INFO - 📈 已处理 1450/1593 只股票，成功 1448 只
2025-08-19 20:05:38,380 - INFO - 📈 已处理836260 中寰股份 
2025-08-19 20:05:39,168 - INFO - 📈 已处理836263 中航泰达 
2025-08-19 20:05:39,636 - INFO - 📈 已处理836270 天铭科技 
2025-08-19 20:05:40,116 - INFO - 📈 已处理836395 朗鸿科技 
2025-08-19 20:05:40,640 - INFO - 📈 已处理836414 欧普泰 
2025-08-19 20:05:41,070 - INFO - 📈 已处理836419 万德股份 
2025-08-19 20:05:41,520 - INFO - 📈 已处理836422 润普食品 
2025-08-19 20:05:42,148 - INFO - 📈 已处理836433 大唐药业 
2025-08-19 20:05:42,676 - INFO - 📈 已处理836504 博迅生物 
2025-08-19 20:05:43,042 - INFO - 📈 已处理836547 无锡晶海 
2025-08-19 20:05:43,640 - INFO - 📈 已处理836675 秉扬科技 
2025-08-19 20:05:44,054 - INFO - 📈 已处理836699 海达尔 
2025-08-19 20:05:44,475 - INFO - 📈 已处理836717 瑞星股份 
2025-08-19 20:05:45,040 - INFO - 📈 已处理836720 吉冈精密 
2025-08-19 20:05:45,531 - INFO - 📈 已处理836807 奔朗新材 
2025-08-19 20:05:46,140 - INFO - 📈 已处理836826 盖世食品 
2025-08-19 20:05:46,687 - INFO - 📈 已处理836871 派特尔 
2025-08-19 20:05:47,234 - INFO - 📈 已处理836892 广咨国际 
2025-08-19 20:05:47,786 - INFO - 📈 已处理836942 恒立钻具 
2025-08-19 20:05:48,322 - INFO - 📈 已处理836957 汉维科技 
2025-08-19 20:05:48,725 - INFO - 📈 已处理836961 西磁科技 
2025-08-19 20:05:49,200 - INFO - 📈 已处理837006 晟楠科技 
2025-08-19 20:05:49,823 - INFO - 📈 已处理837023 芭薇股份 
2025-08-19 20:05:50,301 - INFO - 📈 已处理837046 亿能电力 
2025-08-19 20:05:50,858 - INFO - 📈 已处理837092 汉鑫科技 
2025-08-19 20:05:51,278 - INFO - 📈 已处理837174 宏裕包材 
2025-08-19 20:05:51,906 - INFO - 📈 已处理837212 智新电子 
2025-08-19 20:05:52,531 - INFO - 📈 已处理837242 建邦科技 
2025-08-19 20:05:53,157 - INFO - 📈 已处理837344 三元基因 
2025-08-19 20:05:53,583 - INFO - 📈 已处理837403 康农种业 
2025-08-19 20:05:54,124 - INFO - 📈 已处理837592 华信永道 
2025-08-19 20:05:54,590 - INFO - 📈 已处理837663 明阳科技 
2025-08-19 20:05:55,024 - INFO - 📈 已处理837748 路桥信息 
2025-08-19 20:05:55,538 - INFO - 📈 已处理837821 则成电子 
2025-08-19 20:05:56,146 - INFO - 📈 已处理838030 德众汽车 
2025-08-19 20:05:56,774 - INFO - 📈 已处理838163 方大新材 
2025-08-19 20:05:57,267 - INFO - 📈 已处理838171 邦德股份 
2025-08-19 20:05:57,736 - INFO - 📈 已处理838227 美登科技 
2025-08-19 20:05:58,218 - INFO - 📈 已处理838262 太湖雪 
2025-08-19 20:05:58,850 - INFO - 📈 已处理838275 驱动力 
2025-08-19 20:05:59,358 - INFO - 📈 已处理838402 硅烷科技 
2025-08-19 20:05:59,940 - INFO - 📈 已处理838670 恒进感应 
2025-08-19 20:06:00,381 - INFO - 📈 已处理838701 豪声电子 
2025-08-19 20:06:00,960 - INFO - 📈 已处理838810 春光智能 
2025-08-19 20:06:01,435 - INFO - 📈 已处理838837 华原股份 
2025-08-19 20:06:02,030 - INFO - 📈 已处理838924 广脉科技 
2025-08-19 20:06:02,567 - INFO - 📈 已处理838971 天马新材 
2025-08-19 20:06:03,024 - INFO - 📈 已处理839273 一致魔芋 
2025-08-19 20:06:03,460 - INFO - 📈 已处理839371 欧福蛋业 
2025-08-19 20:06:03,919 - INFO - 📈 已处理839493 并行科技 
2025-08-19 20:06:03,919 - INFO - 📈 已处理 1500/1593 只股票，成功 1498 只
2025-08-19 20:06:04,451 - INFO - 📈 已处理839680 *ST广道 
2025-08-19 20:06:04,984 - INFO - 📈 已处理839719 宁新新材 
2025-08-19 20:06:05,493 - INFO - 📈 已处理839725 惠丰钻石 
2025-08-19 20:06:06,222 - INFO - 📈 已处理839729 永顺生物 
2025-08-19 20:06:06,730 - INFO - 📈 已处理839790 联迪信息 
2025-08-19 20:06:07,225 - INFO - 📈 已处理839792 东和新材 
2025-08-19 20:06:07,793 - INFO - 📈 已处理839946 华阳变速 
2025-08-19 20:06:08,252 - INFO - 📈 已处理870199 倍益康 
2025-08-19 20:06:08,764 - INFO - 📈 已处理870204 沪江材料 
2025-08-19 20:06:09,249 - INFO - 📈 已处理870299 灿能电力 
2025-08-19 20:06:09,707 - INFO - 📈 已处理870357 雅葆轩 
2025-08-19 20:06:10,273 - INFO - 📈 已处理870436 大地电气 
2025-08-19 20:06:10,753 - INFO - 📈 已处理870508 丰安股份 
2025-08-19 20:06:11,073 - INFO - 📈 已处理870656 海昇药业 
2025-08-19 20:06:11,488 - INFO - 📈 已处理870726 鸿智科技 
2025-08-19 20:06:12,013 - INFO - 📈 已处理870866 绿亨科技 
2025-08-19 20:06:12,427 - INFO - 📈 已处理870976 视声智能 
2025-08-19 20:06:12,957 - INFO - 📈 已处理871245 威博液压 
2025-08-19 20:06:13,349 - INFO - 📈 已处理871263 莱赛激光 
2025-08-19 20:06:13,942 - INFO - 📈 已处理871396 常辅股份 
2025-08-19 20:06:14,378 - INFO - 📈 已处理871478 巨能股份 
2025-08-19 20:06:14,963 - INFO - 📈 已处理871553 凯腾精工 
2025-08-19 20:06:15,441 - INFO - 📈 已处理871634 新威凌 
2025-08-19 20:06:16,045 - INFO - 📈 已处理871642 通易航天 
2025-08-19 20:06:16,505 - INFO - 📈 已处理871694 中裕科技 
2025-08-19 20:06:16,995 - INFO - 📈 已处理871753 天纺标 
2025-08-19 20:06:17,555 - INFO - 📈 已处理871857 泓禧科技 
2025-08-19 20:06:18,070 - INFO - 📈 已处理871970 大禹生物 
2025-08-19 20:06:18,669 - INFO - 📈 已处理871981 晶赛科技 
2025-08-19 20:06:19,123 - INFO - 📈 已处理872190 雷神科技 
2025-08-19 20:06:19,718 - INFO - 📈 已处理872351 华光源海 
2025-08-19 20:06:20,226 - INFO - 📈 已处理872374 云里物里 
2025-08-19 20:06:20,710 - INFO - 📈 已处理872392 佳合科技 
2025-08-19 20:06:21,199 - INFO - 📈 已处理872541 铁大科技 
2025-08-19 20:06:21,774 - INFO - 📈 已处理872808 曙光数创 
2025-08-19 20:06:22,257 - INFO - 📈 已处理872895 花溪科技 
2025-08-19 20:06:22,838 - INFO - 📈 已处理872925 锦好医疗 
2025-08-19 20:06:23,214 - INFO - 📈 已处理872931 无锡鼎邦 
2025-08-19 20:06:23,611 - INFO - 📈 已处理872953 国子软件 
2025-08-19 20:06:24,074 - INFO - 📈 已处理873001 纬达光电 
2025-08-19 20:06:24,570 - INFO - 📈 已处理873122 中纺标 
2025-08-19 20:06:24,993 - INFO - 📈 已处理873132 泰鹏智能 
2025-08-19 20:06:25,483 - INFO - 📈 已处理873152 天宏锂电 
2025-08-19 20:06:25,950 - INFO - 📈 已处理873167 新赣江 
2025-08-19 20:06:26,470 - INFO - 📈 已处理873169 七丰精工 
2025-08-19 20:06:26,972 - INFO - 📈 已处理873223 荣亿精密 
2025-08-19 20:06:27,430 - INFO - 📈 已处理873305 九菱科技 
2025-08-19 20:06:27,915 - INFO - 📈 已处理873339 恒太照明 
2025-08-19 20:06:28,420 - INFO - 📈 已处理873527 夜光明 
2025-08-19 20:06:28,817 - INFO - 📈 已处理873570 坤博精工 
2025-08-19 20:06:28,817 - INFO - 📈 已处理 1550/1593 只股票，成功 1548 只
2025-08-19 20:06:29,260 - INFO - 📈 已处理873576 天力复合 
2025-08-19 20:06:29,704 - INFO - 📈 已处理873593 鼎智科技 
2025-08-19 20:06:30,140 - INFO - 📈 已处理873665 科强股份 
2025-08-19 20:06:30,533 - INFO - 📈 已处理873679 前进科技 
2025-08-19 20:06:30,931 - INFO - 📈 已处理873690 捷众科技 
2025-08-19 20:06:31,181 - WARNING - ⚠️ 873693 阿为特 K线更新失败: ('Connection aborted.', RemoteDisconnected('Remote end closed connection without response'))
2025-08-19 20:06:31,418 - WARNING - ⚠️ 873703 广厦环能 K线更新失败: ('Connection aborted.', RemoteDisconnected('Remote end closed connection without response'))
2025-08-19 20:06:31,664 - WARNING - ⚠️ 873706 铁拓机械 K线更新失败: ('Connection aborted.', RemoteDisconnected('Remote end closed connection without response'))
2025-08-19 20:06:31,909 - WARNING - ⚠️ 873726 卓兆点胶 K线更新失败: ('Connection aborted.', RemoteDisconnected('Remote end closed connection without response'))
2025-08-19 20:06:32,156 - WARNING - ⚠️ 873806 云星宇 K线更新失败: ('Connection aborted.', RemoteDisconnected('Remote end closed connection without response'))
2025-08-19 20:06:32,390 - WARNING - ⚠️ 873833 美心翼申 K线更新失败: ('Connection aborted.', RemoteDisconnected('Remote end closed connection without response'))
2025-08-19 20:06:32,626 - WARNING - ⚠️ 920002 万达轴承 K线更新失败: ('Connection aborted.', RemoteDisconnected('Remote end closed connection without response'))
2025-08-19 20:06:32,860 - WARNING - ⚠️ 920005 鼎佳精密 K线更新失败: ('Connection aborted.', RemoteDisconnected('Remote end closed connection without response'))
2025-08-19 20:06:33,104 - WARNING - ⚠️ 920007 酉立智能 K线更新失败: ('Connection aborted.', RemoteDisconnected('Remote end closed connection without response'))
2025-08-19 20:06:33,347 - WARNING - ⚠️ 920008 成电光信 K线更新失败: ('Connection aborted.', RemoteDisconnected('Remote end closed connection without response'))
2025-08-19 20:06:33,587 - WARNING - ⚠️ 920016 中草香料 K线更新失败: ('Connection aborted.', RemoteDisconnected('Remote end closed connection without response'))
2025-08-19 20:06:33,821 - WARNING - ⚠️ 920018 宏远股份 K线更新失败: ('Connection aborted.', RemoteDisconnected('Remote end closed connection without response'))
2025-08-19 20:06:34,056 - WARNING - ⚠️ 920019 铜冠矿建 K线更新失败: ('Connection aborted.', RemoteDisconnected('Remote end closed connection without response'))
2025-08-19 20:06:34,302 - WARNING - ⚠️ 920027 交大铁发 K线更新失败: ('Connection aborted.', RemoteDisconnected('Remote end closed connection without response'))
2025-08-19 20:06:34,554 - WARNING - ⚠️ 920029 开发科技 K线更新失败: ('Connection aborted.', RemoteDisconnected('Remote end closed connection without response'))
2025-08-19 20:06:34,791 - WARNING - ⚠️ 920037 广信科技 K线更新失败: ('Connection aborted.', RemoteDisconnected('Remote end closed connection without response'))
2025-08-19 20:06:35,050 - WARNING - ⚠️ 920056 能之光 K线更新失败: ('Connection aborted.', RemoteDisconnected('Remote end closed connection without response'))
2025-08-19 20:06:35,294 - WARNING - ⚠️ 920060 万源通 K线更新失败: ('Connection aborted.', RemoteDisconnected('Remote end closed connection without response'))
2025-08-19 20:06:35,529 - WARNING - ⚠️ 920066 科拜尔 K线更新失败: ('Connection aborted.', RemoteDisconnected('Remote end closed connection without response'))
2025-08-19 20:06:35,758 - WARNING - ⚠️ 920068 天工股份 K线更新失败: ('Connection aborted.', RemoteDisconnected('Remote end closed connection without response'))
2025-08-19 20:06:35,998 - WARNING - ⚠️ 920082 方正阀门 K线更新失败: ('Connection aborted.', RemoteDisconnected('Remote end closed connection without response'))
2025-08-19 20:06:36,226 - INFO - 数据库连接已关闭
2025-08-19 20:06:54,060 - INFO - 🌟 每周数据更新程序启动
2025-08-19 20:06:54,061 - INFO - 🚀 开始每周数据更新...
2025-08-19 20:06:54,061 - INFO - ============================================================
2025-08-19 20:06:54,068 - INFO - ✅ 成功连接到MySQL数据库
2025-08-19 20:06:54,068 - INFO - 📊 开始更新近7个自然日K线数据）...
2025-08-19 20:06:54,866 - INFO - 📊 准备更新 40 只股票的近7个自然日K线数据
2025-08-19 20:06:55,130 - WARNING - ⚠️ 000508 琼民源A K线更新失败: ('Connection aborted.', RemoteDisconnected('Remote end closed connection without response'))
2025-08-19 20:06:55,370 - WARNING - ⚠️ 603370 华新精科 K线更新失败: ('Connection aborted.', RemoteDisconnected('Remote end closed connection without response'))
2025-08-19 20:06:55,591 - WARNING - ⚠️ 873693 阿为特 K线更新失败: ('Connection aborted.', RemoteDisconnected('Remote end closed connection without response'))
2025-08-19 20:06:55,827 - WARNING - ⚠️ 873703 广厦环能 K线更新失败: ('Connection aborted.', RemoteDisconnected('Remote end closed connection without response'))
2025-08-19 20:06:56,074 - WARNING - ⚠️ 873706 铁拓机械 K线更新失败: ('Connection aborted.', RemoteDisconnected('Remote end closed connection without response'))
2025-08-19 20:06:56,309 - WARNING - ⚠️ 873726 卓兆点胶 K线更新失败: ('Connection aborted.', RemoteDisconnected('Remote end closed connection without response'))
2025-08-19 20:06:56,551 - WARNING - ⚠️ 873806 云星宇 K线更新失败: ('Connection aborted.', RemoteDisconnected('Remote end closed connection without response'))
2025-08-19 20:06:56,747 - INFO - 数据库连接已关闭
2025-08-19 20:14:12,218 - INFO - 🌟 每周数据更新程序启动
2025-08-19 20:14:12,219 - INFO - 🚀 开始每周数据更新...
2025-08-19 20:14:12,219 - INFO - ============================================================
2025-08-19 20:14:12,226 - INFO - ✅ 成功连接到MySQL数据库
2025-08-19 20:14:12,227 - INFO - 📊 开始更新近7个自然日K线数据）...
2025-08-19 20:14:12,912 - INFO - 📊 准备更新 40 只股票的近7个自然日K线数据
2025-08-19 20:14:13,765 - INFO - 📈 已处理873693 阿为特 
2025-08-19 20:14:14,129 - INFO - 📈 已处理873703 广厦环能 
2025-08-19 20:14:14,483 - INFO - 📈 已处理873706 铁拓机械 
2025-08-19 20:14:14,839 - INFO - 📈 已处理873726 卓兆点胶 
2025-08-19 20:14:15,180 - INFO - 📈 已处理873806 云星宇 
2025-08-19 20:14:15,568 - INFO - 📈 已处理873833 美心翼申 
2025-08-19 20:14:15,884 - INFO - 📈 已处理920002 万达轴承 
2025-08-19 20:14:16,115 - INFO - 📈 已处理920005 鼎佳精密 
2025-08-19 20:14:16,349 - INFO - 📈 已处理920007 酉立智能 
2025-08-19 20:14:16,633 - INFO - 📈 已处理920008 成电光信 
2025-08-19 20:14:16,913 - INFO - 📈 已处理920016 中草香料 
2025-08-19 20:14:17,425 - INFO - 📈 已处理920019 铜冠矿建 
2025-08-19 20:14:17,671 - INFO - 📈 已处理920027 交大铁发 
2025-08-19 20:14:17,935 - INFO - 📈 已处理920029 开发科技 
2025-08-19 20:14:18,184 - INFO - 📈 已处理920037 广信科技 
2025-08-19 20:14:18,683 - INFO - 📈 已处理920060 万源通 
2025-08-19 20:14:18,967 - INFO - 📈 已处理920066 科拜尔 
2025-08-19 20:14:19,223 - INFO - 📈 已处理920068 天工股份 
2025-08-19 20:14:19,485 - INFO - 📈 已处理920082 方正阀门 
2025-08-19 20:14:19,775 - INFO - 📈 已处理920088 科力股份 
2025-08-19 20:14:20,050 - INFO - 📈 已处理920098 科隆新材 
2025-08-19 20:14:20,329 - INFO - 📈 已处理920099 瑞华技术 
2025-08-19 20:14:20,579 - INFO - 📈 已处理920101 志高机械 
2025-08-19 20:14:20,855 - INFO - 📈 已处理920106 林泰新材 
2025-08-19 20:14:21,128 - INFO - 📈 已处理920108 宏海科技 
2025-08-19 20:14:21,426 - INFO - 📈 已处理920111 聚星科技 
2025-08-19 20:14:21,931 - INFO - 📈 已处理920116 星图测控 
2025-08-19 20:14:22,214 - INFO - 📈 已处理920118 太湖远大 
2025-08-19 20:14:22,495 - INFO - 📈 已处理920128 胜业电气 
2025-08-19 20:14:23,034 - INFO - 📈 已处理920167 同享科技 
2025-08-19 20:14:23,578 - INFO - 📈 已处理920445 龙竹科技 
2025-08-19 20:14:24,147 - INFO - 📈 已处理920489 佳先股份 
2025-08-19 20:14:24,685 - INFO - 📈 已处理920682 球冠电缆 
2025-08-19 20:14:25,248 - INFO - 📈 已处理920799 艾融软件 
2025-08-19 20:14:25,796 - INFO - 📈 已处理920819 颖泰生物 
2025-08-19 20:14:25,797 - INFO - ✅ 本周K线更新完成: 35 条记录
2025-08-19 20:14:25,797 - INFO - ============================================================
2025-08-19 20:14:25,797 - INFO - 📊 本周数据更新统计
2025-08-19 20:14:25,797 - INFO - ============================================================
2025-08-19 20:14:25,797 - INFO - ⏱️  更新耗时: 0:00:13.578666
2025-08-19 20:14:25,797 - INFO - 📈 实时行情: 0 条
2025-08-19 20:14:25,797 - INFO - 📊 本周K线: 35 条
2025-08-19 20:14:25,798 - INFO - 📅 交易日历: 0 条
2025-08-19 20:14:25,798 - INFO - ✅ 无错误
2025-08-19 20:14:25,798 - INFO - ============================================================
2025-08-19 20:14:25,806 - INFO - 🎉 本周数据更新完成！
2025-08-19 20:14:25,806 - INFO - 数据库连接已关闭
2025-08-19 20:14:25,806 - INFO - ✅ 每周数据更新成功完成
2025-08-19 20:22:20,796 - INFO - 🌟 每周数据更新程序启动
2025-08-19 20:22:20,797 - INFO - 🚀 开始每周数据更新...
2025-08-19 20:22:20,798 - INFO - ============================================================
2025-08-19 20:22:20,804 - INFO - ✅ 成功连接到MySQL数据库
2025-08-19 20:22:20,804 - ERROR - ❌ 本周更新执行失败: 'DailyDataUpdater' object has no attribute 'update_daily_kline'
2025-08-19 20:22:20,805 - ERROR - 详细错误: Traceback (most recent call last):
  File "d:\Project\ADATA\adata\weekly_update_stock_info.py", line 1105, in run_daily_update
    self.update_daily_kline()
AttributeError: 'DailyDataUpdater' object has no attribute 'update_daily_kline'

2025-08-19 20:22:20,805 - INFO - 数据库连接已关闭
2025-08-19 20:22:20,805 - ERROR - ❌ 每周数据更新失败
2025-08-19 20:22:59,172 - INFO - 🌟 每周数据更新程序启动
2025-08-19 20:22:59,176 - INFO - 🚀 开始每周数据更新...
2025-08-19 20:22:59,176 - INFO - ============================================================
2025-08-19 20:22:59,182 - INFO - ✅ 成功连接到MySQL数据库
2025-08-19 20:22:59,182 - INFO - 📊 开始更新近7个自然日K线数据）...
2025-08-19 20:23:04,286 - INFO - 数据库连接已关闭
2025-08-19 20:23:36,945 - INFO - 🌟 每周数据更新程序启动
2025-08-19 20:23:36,946 - INFO - 🚀 开始每周数据更新...
2025-08-19 20:23:36,946 - INFO - ============================================================
2025-08-19 20:23:36,950 - INFO - ✅ 成功连接到MySQL数据库
2025-08-19 20:23:36,950 - INFO - 📊 开始更新近1个自然日K线数据）...
2025-08-19 20:23:37,011 - INFO - 📊 准备更新 5740 只股票的近1个自然日K线数据
2025-08-19 20:23:37,601 - INFO - 📈 已处理000001 平安银行 
2025-08-19 20:23:37,879 - INFO - 📈 已处理000002 万科Ａ 
2025-08-19 20:23:39,733 - INFO - 📈 已处理000004 *ST国华 
2025-08-19 20:23:40,664 - INFO - 📈 已处理000006 深振业Ａ 
2025-08-19 20:23:41,343 - INFO - 📈 已处理000007 全新好 
2025-08-19 20:23:42,636 - INFO - 📈 已处理000008 神州高铁 
2025-08-19 20:23:43,058 - INFO - 📈 已处理000009 中国宝安 
2025-08-19 20:23:43,735 - INFO - 📈 已处理000010 美丽生态 
2025-08-19 20:23:44,015 - INFO - 📈 已处理000011 深物业A 
2025-08-19 20:23:44,329 - INFO - 📈 已处理000012 南玻Ａ 
2025-08-19 20:23:45,288 - INFO - 📈 已处理000014 沙河股份 
2025-08-19 20:23:45,824 - INFO - 📈 已处理000016 深康佳Ａ 
2025-08-19 20:23:46,474 - INFO - 📈 已处理000017 深中华A 
2025-08-19 20:23:47,122 - INFO - 📈 已处理000019 深粮控股 
2025-08-19 20:23:47,887 - INFO - 📈 已处理000020 深华发Ａ 
2025-08-19 20:23:48,174 - INFO - 📈 已处理000021 深科技 
2025-08-19 20:23:49,041 - INFO - 📈 已处理000025 特力Ａ 
2025-08-19 20:23:49,423 - INFO - 📈 已处理000026 飞亚达 
2025-08-19 20:23:49,875 - INFO - 📈 已处理000027 深圳能源 
2025-08-19 20:23:50,158 - INFO - 📈 已处理000028 国药一致 
2025-08-19 20:23:50,738 - INFO - 📈 已处理000029 深深房Ａ 
2025-08-19 20:23:51,030 - INFO - 📈 已处理000030 富奥股份 
2025-08-19 20:23:51,331 - INFO - 📈 已处理000031 大悦城 
2025-08-19 20:23:51,603 - INFO - 📈 已处理000032 深桑达Ａ 
2025-08-19 20:23:52,375 - INFO - 📈 已处理000034 神州数码 
2025-08-19 20:23:52,658 - INFO - 📈 已处理000035 中国天楹 
2025-08-19 20:23:53,307 - INFO - 📈 已处理000036 华联控股 
2025-08-19 20:23:54,064 - INFO - 📈 已处理000037 深南电A 
2025-08-19 20:23:54,592 - INFO - 📈 已处理000039 中集集团 
2025-08-19 20:23:55,442 - INFO - 📈 已处理000042 中洲控股 
2025-08-19 20:23:56,184 - INFO - 📈 已处理000045 深纺织Ａ 
2025-08-19 20:23:57,094 - INFO - 📈 已处理000048 京基智农 
2025-08-19 20:23:57,750 - INFO - 📈 已处理000049 德赛电池 
2025-08-19 20:23:58,023 - INFO - 📈 已处理000050 深天马Ａ 
2025-08-19 20:23:58,417 - INFO - 📈 已处理000055 方大集团 
2025-08-19 20:24:00,058 - INFO - 📈 已处理000056 皇庭国际 
2025-08-19 20:24:00,676 - INFO - 📈 已处理000058 深赛格 
2025-08-19 20:24:01,413 - INFO - 📈 已处理000059 华锦股份 
2025-08-19 20:24:01,413 - INFO - 📈 已处理 50/5740 只股票，成功 38 只
2025-08-19 20:24:01,695 - INFO - 📈 已处理000060 中金岭南 
2025-08-19 20:24:02,321 - INFO - 📈 已处理000061 农产品 
2025-08-19 20:24:02,602 - INFO - 📈 已处理000062 深圳华强 
2025-08-19 20:24:02,897 - INFO - 📈 已处理000063 中兴通讯 
2025-08-19 20:24:03,252 - INFO - 📈 已处理000065 北方国际 
2025-08-19 20:24:03,539 - INFO - 📈 已处理000066 中国长城 
2025-08-19 20:24:04,178 - INFO - 📈 已处理000068 华控赛格 
2025-08-19 20:24:04,456 - INFO - 📈 已处理000069 华侨城Ａ 
2025-08-19 20:24:05,043 - INFO - 📈 已处理000070 特发信息 
2025-08-19 20:24:05,717 - INFO - 📈 已处理000078 海王生物 
2025-08-19 20:24:06,258 - INFO - 📈 已处理000088 盐田港 
2025-08-19 20:24:06,550 - INFO - 📈 已处理000089 深圳机场 
2025-08-19 20:24:06,821 - INFO - 📈 已处理000090 天健集团 
2025-08-19 20:24:08,145 - INFO - 📈 已处理000096 广聚能源 
2025-08-19 20:24:08,432 - INFO - 📈 已处理000099 中信海直 
2025-08-19 20:24:08,706 - INFO - 📈 已处理000100 TCL科技 
2025-08-19 20:24:09,633 - INFO - 📈 已处理000151 中成股份 
2025-08-19 20:24:10,262 - INFO - 📈 已处理000153 丰原药业 
2025-08-19 20:24:10,610 - INFO - 📈 已处理000155 川能动力 
2025-08-19 20:24:11,235 - INFO - 📈 已处理000156 华数传媒 
2025-08-19 20:24:11,888 - INFO - 📈 已处理000157 中联重科 
2025-08-19 20:24:12,609 - INFO - 📈 已处理000158 常山北明 
2025-08-19 20:24:12,999 - INFO - 📈 已处理000159 国际实业 
2025-08-19 20:24:13,279 - INFO - 📈 已处理000166 申万宏源 
2025-08-19 20:24:13,570 - INFO - 📈 已处理000301 东方盛虹 
2025-08-19 20:24:13,984 - INFO - 📈 已处理000333 美的集团 
2025-08-19 20:24:14,614 - INFO - 📈 已处理000338 潍柴动力 
2025-08-19 20:24:14,966 - INFO - 📈 已处理000400 许继电气 
2025-08-19 20:24:15,247 - INFO - 📈 已处理000401 冀东水泥 
2025-08-19 20:24:15,527 - INFO - 📈 已处理000402 金融街 
2025-08-19 20:24:16,147 - INFO - 📈 已处理000403 派林生物 
2025-08-19 20:24:16,492 - INFO - 📈 已处理000404 长虹华意 
2025-08-19 20:24:17,546 - INFO - 📈 已处理000407 胜利股份 
2025-08-19 20:24:17,852 - INFO - 📈 已处理000408 藏格矿业 
2025-08-19 20:24:18,776 - INFO - 📈 已处理000409 云鼎科技 
2025-08-19 20:24:19,084 - INFO - 📈 已处理000410 沈阳机床 
2025-08-19 20:24:19,408 - INFO - 📈 已处理000411 英特集团 
2025-08-19 20:24:20,663 - INFO - 📈 已处理000415 渤海租赁 
2025-08-19 20:24:21,244 - INFO - 📈 已处理000417 合百集团 
2025-08-19 20:24:21,817 - INFO - 📈 已处理000419 通程控股 
2025-08-19 20:24:22,094 - INFO - 📈 已处理000420 吉林化纤 
2025-08-19 20:24:22,392 - INFO - 📈 已处理000421 南京公用 
2025-08-19 20:24:22,688 - INFO - 📈 已处理000422 湖北宜化 
2025-08-19 20:24:22,689 - INFO - 📈 已处理 100/5740 只股票，成功 81 只
2025-08-19 20:24:22,998 - INFO - 📈 已处理000423 东阿阿胶 
2025-08-19 20:24:23,309 - INFO - 📈 已处理000425 徐工机械 
2025-08-19 20:24:23,779 - INFO - 📈 已处理000426 兴业银锡 
2025-08-19 20:24:24,161 - INFO - 📈 已处理000428 华天酒店 
2025-08-19 20:24:24,474 - INFO - 📈 已处理000429 粤高速Ａ 
2025-08-19 20:24:24,877 - INFO - 📈 已处理000430 ST张家界 
2025-08-19 20:24:25,488 - INFO - 📈 已处理000488 ST晨鸣 
2025-08-19 20:24:25,752 - INFO - 📈 已处理000498 山东路桥 
2025-08-19 20:24:26,084 - INFO - 📈 已处理000501 武商集团 
2025-08-19 20:24:26,890 - INFO - 📈 已处理000503 国新健康 
2025-08-19 20:24:27,231 - INFO - 📈 已处理000504 *ST生物 
2025-08-19 20:24:27,601 - INFO - 📈 已处理000505 京粮控股 
2025-08-19 20:24:28,120 - INFO - 📈 已处理000506 招金黄金 
2025-08-19 20:24:28,457 - INFO - 📈 已处理000507 珠海港 
2025-08-19 20:24:29,535 - INFO - 📈 已处理000509 华塑控股 
2025-08-19 20:24:31,200 - INFO - 📈 已处理000510 新金路 
2025-08-19 20:24:33,592 - INFO - 📈 已处理000513 丽珠集团 
2025-08-19 20:24:33,912 - INFO - 📈 已处理000514 渝开发 
2025-08-19 20:24:34,887 - INFO - 📈 已处理000516 国际医学 
2025-08-19 20:24:35,231 - INFO - 📈 已处理000517 荣安地产 
2025-08-19 20:24:35,935 - INFO - 📈 已处理000518 *ST四环 
2025-08-19 20:24:36,354 - INFO - 📈 已处理000519 中兵红箭 
2025-08-19 20:24:36,776 - INFO - 📈 已处理000520 凤凰航运 
2025-08-19 20:24:37,100 - INFO - 📈 已处理000521 长虹美菱 
2025-08-19 20:24:39,983 - INFO - 📈 已处理000523 红棉股份 
2025-08-19 20:24:40,529 - INFO - 📈 已处理000524 岭南控股 
2025-08-19 20:24:40,829 - INFO - 📈 已处理000525 红太阳 
2025-08-19 20:24:41,214 - INFO - 📈 已处理000526 学大教育 
2025-08-19 20:24:42,034 - INFO - 📈 已处理000528 柳工 
2025-08-19 20:24:42,585 - INFO - 📈 已处理000529 广弘控股 
2025-08-19 20:24:42,927 - INFO - 📈 已处理000530 冰山冷热 
2025-08-19 20:24:43,578 - INFO - 📈 已处理000531 穗恒运Ａ 
2025-08-19 20:24:44,011 - INFO - 📈 已处理000532 华金资本 
2025-08-19 20:24:44,418 - INFO - 📈 已处理000533 顺钠股份 
2025-08-19 20:24:44,992 - INFO - 📈 已处理000534 万泽股份 
2025-08-19 20:24:45,710 - INFO - 📈 已处理000536 华映科技 
2025-08-19 20:24:46,323 - INFO - 📈 已处理000537 中绿电 
2025-08-19 20:24:47,812 - INFO - 📈 已处理000538 云南白药 
2025-08-19 20:24:48,108 - INFO - 📈 已处理000539 粤电力Ａ 
2025-08-19 20:24:49,313 - INFO - 📈 已处理000541 佛山照明 
2025-08-19 20:24:49,854 - INFO - 📈 已处理000543 皖能电力 
2025-08-19 20:24:49,854 - INFO - 📈 已处理 150/5740 只股票，成功 122 只
2025-08-19 20:24:51,213 - INFO - 📈 已处理000544 中原环保 
2025-08-19 20:24:51,490 - INFO - 📈 已处理000545 金浦钛业 
2025-08-19 20:24:51,882 - INFO - 📈 已处理000546 金圆股份 
2025-08-19 20:24:52,334 - INFO - 📈 已处理000547 航天发展 
2025-08-19 20:24:52,623 - INFO - 📈 已处理000548 湖南投资 
2025-08-19 20:24:53,526 - INFO - 📈 已处理000550 江铃汽车 
2025-08-19 20:24:54,941 - INFO - 📈 已处理000551 创元科技 
2025-08-19 20:24:55,453 - INFO - 📈 已处理000552 甘肃能化 
2025-08-19 20:24:55,747 - INFO - 📈 已处理000553 安道麦A 
2025-08-19 20:24:56,020 - INFO - 📈 已处理000554 泰山石油 
2025-08-19 20:24:56,416 - INFO - 📈 已处理000555 神州信息 
2025-08-19 20:24:58,354 - INFO - 📈 已处理000557 西部创业 
2025-08-19 20:24:59,383 - INFO - 📈 已处理000558 天府文旅 
2025-08-19 20:25:00,070 - INFO - 📈 已处理000559 万向钱潮 
2025-08-19 20:25:00,351 - INFO - 📈 已处理000560 我爱我家 
2025-08-19 20:25:00,874 - INFO - 📈 已处理000561 烽火电子 
2025-08-19 20:25:01,422 - INFO - 📈 已处理000563 陕国投Ａ 
2025-08-19 20:25:01,707 - INFO - 📈 已处理000564 供销大集 
2025-08-19 20:25:01,994 - INFO - 📈 已处理000565 渝三峡Ａ 
2025-08-19 20:25:02,603 - INFO - 📈 已处理000566 海南海药 
2025-08-19 20:25:04,407 - INFO - 📈 已处理000567 海德股份 
2025-08-19 20:25:04,766 - INFO - 📈 已处理000568 泸州老窖 
2025-08-19 20:25:05,744 - INFO - 📈 已处理000570 苏常柴Ａ 
2025-08-19 20:25:06,021 - INFO - 📈 已处理000571 新大洲A 
2025-08-19 20:25:06,356 - INFO - 📈 已处理000572 海马汽车 
2025-08-19 20:25:07,039 - INFO - 📈 已处理000573 粤宏远Ａ 
2025-08-19 20:25:07,316 - INFO - 📈 已处理000576 甘化科工 
2025-08-19 20:25:08,862 - INFO - 📈 已处理000581 威孚高科 
2025-08-19 20:25:09,137 - INFO - 📈 已处理000582 北部湾港 
2025-08-19 20:25:12,295 - INFO - 📈 已处理000586 汇源通信 
2025-08-19 20:25:14,230 - INFO - 📈 已处理000589 贵州轮胎 
2025-08-19 20:25:15,365 - INFO - 📈 已处理000590 启迪药业 
2025-08-19 20:25:17,402 - INFO - 📈 已处理000591 太阳能 
2025-08-19 20:25:17,996 - INFO - 📈 已处理000592 平潭发展 
2025-08-19 20:25:18,934 - INFO - 📈 已处理000593 德龙汇能 
2025-08-19 20:25:19,823 - INFO - 📈 已处理000595 *ST宝实 
2025-08-19 20:25:20,637 - INFO - 📈 已处理000596 古井贡酒 
2025-08-19 20:25:22,311 - INFO - 📈 已处理000597 东北制药 
2025-08-19 20:25:23,128 - INFO - 📈 已处理000598 兴蓉环境 
2025-08-19 20:25:23,128 - INFO - 📈 已处理 200/5740 只股票，成功 161 只
2025-08-19 20:25:23,751 - INFO - 📈 已处理000599 青岛双星 
2025-08-19 20:25:24,458 - INFO - 📈 已处理000600 建投能源 
2025-08-19 20:25:24,930 - INFO - 📈 已处理000601 韶能股份 
2025-08-19 20:25:25,995 - INFO - 📈 已处理000603 盛达资源 
2025-08-19 20:25:26,647 - INFO - 📈 已处理000605 渤海股份 
2025-08-19 20:25:27,946 - INFO - 📈 已处理000607 华媒控股 
2025-08-19 20:25:28,748 - INFO - 📈 已处理000608 *ST阳光 
2025-08-19 20:25:29,349 - INFO - 📈 已处理000609 ST中迪 
2025-08-19 20:25:30,034 - INFO - 📈 已处理000610 西安旅游 
2025-08-19 20:25:30,576 - INFO - 📈 已处理000612 焦作万方 
2025-08-19 20:25:31,426 - INFO - 📈 已处理000615 *ST美谷 
2025-08-19 20:25:32,315 - INFO - 📈 已处理000617 中油资本 
2025-08-19 20:25:32,852 - INFO - 📈 已处理000619 海螺新材 
2025-08-19 20:25:33,134 - INFO - 📈 已处理000620 盈新发展 
2025-08-19 20:25:35,576 - INFO - 📈 已处理000623 吉林敖东 
2025-08-19 20:25:36,048 - INFO - 📈 已处理000625 长安汽车 
2025-08-19 20:25:37,510 - INFO - 📈 已处理000626 远大控股 
2025-08-19 20:25:38,329 - INFO - 📈 已处理000628 高新发展 
2025-08-19 20:25:38,603 - INFO - 📈 已处理000629 钒钛股份 
2025-08-19 20:25:39,165 - INFO - 📈 已处理000630 铜陵有色 
2025-08-19 20:25:39,811 - INFO - 📈 已处理000631 顺发恒业 
2025-08-19 20:25:40,457 - INFO - 📈 已处理000632 三木集团 
2025-08-19 20:25:40,756 - INFO - 📈 已处理000633 合金投资 
2025-08-19 20:25:41,276 - INFO - 📈 已处理000635 英力特 
2025-08-19 20:25:41,898 - INFO - 📈 已处理000636 风华高科 
2025-08-19 20:25:42,168 - INFO - 📈 已处理000637 茂化实华 
2025-08-19 20:25:42,739 - INFO - 📈 已处理000638 *ST万方 
2025-08-19 20:25:43,054 - INFO - 📈 已处理000639 西王食品 
2025-08-19 20:25:43,328 - INFO - 📈 已处理000650 仁和药业 
2025-08-19 20:25:43,599 - INFO - 📈 已处理000651 格力电器 
2025-08-19 20:25:44,132 - INFO - 📈 已处理000652 泰达股份 
2025-08-19 20:25:44,658 - INFO - 📈 已处理000655 金岭矿业 
2025-08-19 20:25:45,272 - INFO - 📈 已处理000656 *ST金科 
2025-08-19 20:25:45,955 - INFO - 📈 已处理000657 中钨高新 
2025-08-19 20:25:46,514 - INFO - 📈 已处理000659 珠海中富 
2025-08-19 20:25:47,067 - INFO - 📈 已处理000661 长春高新 
2025-08-19 20:25:47,624 - INFO - 📈 已处理000663 永安林业 
2025-08-19 20:25:47,624 - INFO - 📈 已处理 250/5740 只股票，成功 198 只
2025-08-19 20:25:48,571 - INFO - 📈 已处理000665 湖北广电 
2025-08-19 20:25:49,600 - INFO - 📈 已处理000668 *ST荣控 
2025-08-19 20:25:49,881 - INFO - 📈 已处理000669 ST金鸿 
2025-08-19 20:25:50,156 - INFO - 📈 已处理000670 盈方微 
2025-08-19 20:25:51,686 - INFO - 📈 已处理000672 上峰水泥 
2025-08-19 20:25:53,569 - INFO - 📈 已处理000676 智度股份 
2025-08-19 20:25:54,242 - INFO - 📈 已处理000677 恒天海龙 
2025-08-19 20:25:54,552 - INFO - 📈 已处理000678 襄阳轴承 
2025-08-19 20:25:55,113 - INFO - 📈 已处理000679 大连友谊 
2025-08-19 20:25:55,372 - INFO - 📈 已处理000680 山推股份 
2025-08-19 20:25:56,046 - INFO - 📈 已处理000681 视觉中国 
2025-08-19 20:25:56,322 - INFO - 📈 已处理000682 东方电子 
2025-08-19 20:25:57,911 - INFO - 📈 已处理000683 博源化工 
2025-08-19 20:25:58,167 - INFO - 📈 已处理000685 中山公用 
2025-08-19 20:25:59,215 - INFO - 📈 已处理000686 东北证券 
2025-08-19 20:25:59,761 - INFO - 📈 已处理000688 国城矿业 
2025-08-19 20:26:00,309 - INFO - 📈 已处理000690 宝新能源 
2025-08-19 20:26:00,594 - INFO - 📈 已处理000691 *ST亚太 
2025-08-19 20:26:01,034 - INFO - 📈 已处理000692 惠天热电 
2025-08-19 20:26:01,543 - INFO - 📈 已处理000695 滨海能源 
2025-08-19 20:26:02,067 - INFO - 📈 已处理000697 ST炼石 
2025-08-19 20:26:02,331 - INFO - 📈 已处理000698 沈阳化工 
2025-08-19 20:26:03,139 - INFO - 📈 已处理000700 模塑科技 
2025-08-19 20:26:03,820 - INFO - 📈 已处理000701 厦门信达 
2025-08-19 20:26:04,412 - INFO - 📈 已处理000702 正虹科技 
2025-08-19 20:26:04,703 - INFO - 📈 已处理000703 恒逸石化 
2025-08-19 20:26:04,984 - INFO - 📈 已处理000705 浙江震元 
2025-08-19 20:26:05,260 - INFO - 📈 已处理000707 双环科技 
2025-08-19 20:26:05,538 - INFO - 📈 已处理000708 中信特钢 
2025-08-19 20:26:05,805 - INFO - 📈 已处理000709 河钢股份 
2025-08-19 20:26:06,084 - INFO - 📈 已处理000710 贝瑞基因 
2025-08-19 20:26:06,358 - INFO - 📈 已处理000711 *ST京蓝 
2025-08-19 20:26:06,644 - INFO - 📈 已处理000712 锦龙股份 
2025-08-19 20:26:06,912 - INFO - 📈 已处理000713 丰乐种业 
2025-08-19 20:26:07,280 - INFO - 📈 已处理000715 中兴商业 
2025-08-19 20:26:07,959 - INFO - 📈 已处理000716 黑芝麻 
2025-08-19 20:26:08,497 - INFO - 📈 已处理000717 中南股份 
2025-08-19 20:26:08,771 - INFO - 📈 已处理000718 苏宁环球 
2025-08-19 20:26:09,047 - INFO - 📈 已处理000719 中原传媒 
2025-08-19 20:26:09,325 - INFO - 📈 已处理000720 新能泰山 
2025-08-19 20:26:09,594 - INFO - 📈 已处理000721 西安饮食 
2025-08-19 20:26:09,594 - INFO - 📈 已处理 300/5740 只股票，成功 239 只
2025-08-19 20:26:09,872 - INFO - 📈 已处理000722 湖南发展 
2025-08-19 20:26:10,138 - INFO - 📈 已处理000723 美锦能源 
2025-08-19 20:26:10,664 - INFO - 📈 已处理000725 京东方Ａ 
2025-08-19 20:26:10,935 - INFO - 📈 已处理000726 鲁泰Ａ 
2025-08-19 20:26:11,206 - INFO - 📈 已处理000727 冠捷科技 
2025-08-19 20:26:11,575 - INFO - 📈 已处理000728 国元证券 
2025-08-19 20:26:11,859 - INFO - 📈 已处理000729 燕京啤酒 
2025-08-19 20:26:12,383 - INFO - 📈 已处理000731 四川美丰 
2025-08-19 20:26:13,775 - INFO - 📈 已处理000733 振华科技 
2025-08-19 20:26:14,048 - INFO - 📈 已处理000735 罗牛山 
2025-08-19 20:26:14,332 - INFO - 📈 已处理000736 *ST中地 
2025-08-19 20:26:14,852 - INFO - 📈 已处理000737 北方铜业 
2025-08-19 20:26:15,128 - INFO - 📈 已处理000738 航发控制 
2025-08-19 20:26:15,409 - INFO - 📈 已处理000739 普洛药业 
2025-08-19 20:26:16,198 - INFO - 📈 已处理000750 国海证券 
2025-08-19 20:26:16,478 - INFO - 📈 已处理000751 锌业股份 
2025-08-19 20:26:17,828 - INFO - 📈 已处理000752 ST西发 
2025-08-19 20:26:18,454 - INFO - 📈 已处理000753 漳州发展 
2025-08-19 20:26:18,716 - INFO - 📈 已处理000755 山西高速 
2025-08-19 20:26:18,989 - INFO - 📈 已处理000756 新华制药 
2025-08-19 20:26:19,259 - INFO - 📈 已处理000757 浩物股份 
2025-08-19 20:26:19,542 - INFO - 📈 已处理000758 中色股份 
2025-08-19 20:26:20,106 - INFO - 📈 已处理000759 中百集团 
2025-08-19 20:26:21,673 - INFO - 📈 已处理000761 本钢板材 
2025-08-19 20:26:21,934 - INFO - 📈 已处理000762 西藏矿业 
2025-08-19 20:26:22,749 - INFO - 📈 已处理000766 通化金马 
2025-08-19 20:26:23,043 - INFO - 📈 已处理000767 晋控电力 
2025-08-19 20:26:23,323 - INFO - 📈 已处理000768 中航西飞 
2025-08-19 20:26:23,884 - INFO - 📈 已处理000776 广发证券 
2025-08-19 20:26:24,948 - INFO - 📈 已处理000777 中核科技 
2025-08-19 20:26:25,223 - INFO - 📈 已处理000778 新兴铸管 
2025-08-19 20:26:25,924 - INFO - 📈 已处理000779 甘咨询 
2025-08-19 20:26:27,479 - INFO - 📈 已处理000782 恒申新材 
2025-08-19 20:26:27,994 - INFO - 📈 已处理000783 长江证券 
2025-08-19 20:26:28,287 - INFO - 📈 已处理000785 居然智家 
2025-08-19 20:26:28,561 - INFO - 📈 已处理000786 北新建材 
2025-08-19 20:26:30,118 - INFO - 📈 已处理000788 北大医药 
2025-08-19 20:26:30,394 - INFO - 📈 已处理000789 万年青 
2025-08-19 20:26:30,670 - INFO - 📈 已处理000790 华神科技 
2025-08-19 20:26:30,936 - INFO - 📈 已处理000791 甘肃能源 
2025-08-19 20:26:31,620 - INFO - 📈 已处理000792 盐湖股份 
2025-08-19 20:26:31,621 - INFO - 📈 已处理 350/5740 只股票，成功 280 只
2025-08-19 20:26:32,200 - INFO - 📈 已处理000793 ST华闻 
2025-08-19 20:26:32,479 - INFO - 📈 已处理000795 英洛华 
2025-08-19 20:26:32,761 - INFO - 📈 已处理000796 凯撒旅业 
2025-08-19 20:26:33,441 - INFO - 📈 已处理000797 中国武夷 
2025-08-19 20:26:33,706 - INFO - 📈 已处理000798 中水渔业 
2025-08-19 20:26:34,480 - INFO - 📈 已处理000799 酒鬼酒 
2025-08-19 20:26:34,758 - INFO - 📈 已处理000800 一汽解放 
2025-08-19 20:26:35,040 - INFO - 📈 已处理000801 四川九洲 
2025-08-19 20:26:35,752 - INFO - 📈 已处理000802 北京文化 
2025-08-19 20:26:36,021 - INFO - 📈 已处理000803 山高环能 
2025-08-19 20:26:36,892 - INFO - 📈 已处理000807 云铝股份 
2025-08-19 20:26:37,166 - INFO - 📈 已处理000809 和展能源 
2025-08-19 20:26:37,435 - INFO - 📈 已处理000810 创维数字 
2025-08-19 20:26:38,005 - INFO - 📈 已处理000811 冰轮环境 
2025-08-19 20:26:38,294 - INFO - 📈 已处理000812 陕西金叶 
2025-08-19 20:26:38,564 - INFO - 📈 已处理000813 德展健康 
2025-08-19 20:26:38,837 - INFO - 📈 已处理000815 美利云 
2025-08-19 20:26:39,104 - INFO - 📈 已处理000816 智慧农业 
2025-08-19 20:26:39,965 - INFO - 📈 已处理000818 航锦科技 
2025-08-19 20:26:40,233 - INFO - 📈 已处理000819 岳阳兴长 
2025-08-19 20:26:40,839 - INFO - 📈 已处理000820 *ST节能 
2025-08-19 20:26:41,113 - INFO - 📈 已处理000821 京山轻机 
2025-08-19 20:26:41,377 - INFO - 📈 已处理000822 山东海化 
2025-08-19 20:26:41,653 - INFO - 📈 已处理000823 超声电子 
2025-08-19 20:26:41,929 - INFO - 📈 已处理000825 太钢不锈 
2025-08-19 20:26:42,612 - INFO - 📈 已处理000826 启迪环境 
2025-08-19 20:26:43,154 - INFO - 📈 已处理000828 东莞控股 
2025-08-19 20:26:43,424 - INFO - 📈 已处理000829 天音控股 
2025-08-19 20:26:44,658 - INFO - 📈 已处理000830 鲁西化工 
2025-08-19 20:26:45,278 - INFO - 📈 已处理000831 中国稀土 
2025-08-19 20:26:45,820 - INFO - 📈 已处理000833 粤桂股份 
2025-08-19 20:26:47,981 - INFO - 📈 已处理000837 秦川机床 
2025-08-19 20:26:48,246 - INFO - 📈 已处理000838 财信发展 
2025-08-19 20:26:48,886 - INFO - 📈 已处理000839 国安股份 
2025-08-19 20:26:49,165 - INFO - 📈 已处理000848 承德露露 
2025-08-19 20:26:49,430 - INFO - 📈 已处理000850 华茂股份 
2025-08-19 20:26:49,971 - INFO - 📈 已处理000851 *ST高鸿 
2025-08-19 20:26:50,296 - INFO - 📈 已处理000852 石化机械 
2025-08-19 20:26:51,561 - INFO - 📈 已处理000856 冀东装备 
2025-08-19 20:26:51,848 - INFO - 📈 已处理000858 五粮液 
2025-08-19 20:26:52,669 - INFO - 📈 已处理000859 国风新材 
2025-08-19 20:26:53,014 - INFO - 📈 已处理000860 顺鑫农业 
2025-08-19 20:26:54,861 - INFO - 📈 已处理000862 银星能源 
2025-08-19 20:26:55,133 - INFO - 📈 已处理000863 三湘印象 
2025-08-19 20:26:55,917 - INFO - 📈 已处理000868 安凯客车 
2025-08-19 20:26:57,205 - INFO - 📈 已处理000869 张裕Ａ 
2025-08-19 20:26:57,469 - INFO - 📈 已处理000875 吉电股份 
2025-08-19 20:26:57,744 - INFO - 📈 已处理000876 新希望 
2025-08-19 20:26:58,013 - INFO - 📈 已处理000877 天山股份 
2025-08-19 20:26:58,586 - INFO - 📈 已处理000878 云南铜业 
2025-08-19 20:26:58,865 - INFO - 📈 已处理000880 潍柴重机 
2025-08-19 20:26:59,136 - INFO - 📈 已处理000881 中广核技 
2025-08-19 20:26:59,573 - INFO - 📈 已处理000882 华联股份 
2025-08-19 20:26:59,851 - INFO - 📈 已处理000883 湖北能源 
2025-08-19 20:27:00,130 - INFO - 📈 已处理000885 城发环境 
2025-08-19 20:27:00,403 - INFO - 📈 已处理000886 海南高速 
2025-08-19 20:27:00,919 - INFO - 📈 已处理000887 中鼎股份 
2025-08-19 20:27:02,187 - INFO - 📈 已处理000888 峨眉山Ａ 
2025-08-19 20:27:02,466 - INFO - 📈 已处理000889 中嘉博创 
2025-08-19 20:27:02,734 - INFO - 📈 已处理000890 法尔胜 
2025-08-19 20:27:03,013 - INFO - 📈 已处理000892 欢瑞世纪 
2025-08-19 20:27:03,369 - INFO - 📈 已处理000893 亚钾国际 
2025-08-19 20:27:03,663 - INFO - 📈 已处理000895 双汇发展 
2025-08-19 20:27:04,312 - INFO - 📈 已处理000897 津滨发展 
2025-08-19 20:27:04,888 - INFO - 📈 已处理000898 鞍钢股份 
2025-08-19 20:27:05,161 - INFO - 📈 已处理000899 赣能股份 
2025-08-19 20:27:05,827 - INFO - 📈 已处理000900 现代投资 
2025-08-19 20:27:06,093 - INFO - 📈 已处理000901 航天科技 
2025-08-19 20:27:06,380 - INFO - 📈 已处理000902 新洋丰 
2025-08-19 20:27:06,657 - INFO - 📈 已处理000903 ST云动 
2025-08-19 20:27:06,925 - INFO - 📈 已处理000905 厦门港务 
2025-08-19 20:27:07,205 - INFO - 📈 已处理000906 浙商中拓 
2025-08-19 20:27:08,327 - INFO - 📈 已处理000908 ST景峰 
2025-08-19 20:27:09,607 - INFO - 📈 已处理000909 ST数源 
2025-08-19 20:27:09,894 - INFO - 📈 已处理000910 大亚圣象 
2025-08-19 20:27:10,161 - INFO - 📈 已处理000911 广农糖业 
2025-08-19 20:27:10,443 - INFO - 📈 已处理000912 泸天化 
2025-08-19 20:27:10,999 - INFO - 📈 已处理000913 钱江摩托 
2025-08-19 20:27:11,670 - INFO - 📈 已处理000915 华特达因 
2025-08-19 20:27:12,218 - INFO - 📈 已处理000917 电广传媒 
2025-08-19 20:27:15,367 - INFO - 📈 已处理000919 金陵药业 
2025-08-19 20:27:15,621 - INFO - 📈 已处理000920 沃顿科技 
2025-08-19 20:27:15,906 - INFO - 📈 已处理000921 海信家电 
2025-08-19 20:27:18,053 - INFO - 📈 已处理000922 佳电股份 
2025-08-19 20:27:20,087 - INFO - 📈 已处理000923 河钢资源 
2025-08-19 20:27:20,361 - INFO - 📈 已处理000925 众合科技 
2025-08-19 20:27:20,667 - INFO - 📈 已处理000926 福星股份 
2025-08-19 20:27:20,958 - INFO - 📈 已处理000927 中国铁物 
2025-08-19 20:27:21,227 - INFO - 📈 已处理000928 中钢国际 
2025-08-19 20:27:21,227 - INFO - 📈 已处理 450/5740 只股票，成功 369 只
2025-08-19 20:27:21,525 - INFO - 📈 已处理000929 *ST兰黄 
2025-08-19 20:27:21,803 - INFO - 📈 已处理000930 中粮科技 
2025-08-19 20:27:23,348 - INFO - 📈 已处理000931 中关村 
2025-08-19 20:27:23,682 - INFO - 📈 已处理000932 华菱钢铁 
2025-08-19 20:27:24,068 - INFO - 📈 已处理000933 神火股份 
2025-08-19 20:27:24,335 - INFO - 📈 已处理000935 四川双马 
2025-08-19 20:27:24,900 - INFO - 📈 已处理000936 华西股份 
2025-08-19 20:27:25,166 - INFO - 📈 已处理000937 冀中能源 
2025-08-19 20:27:25,730 - INFO - 📈 已处理000938 紫光股份 
2025-08-19 20:27:26,553 - INFO - 📈 已处理000948 南天信息 
2025-08-19 20:27:26,828 - INFO - 📈 已处理000949 新乡化纤 
2025-08-19 20:27:28,093 - INFO - 📈 已处理000950 重药控股 
2025-08-19 20:27:28,369 - INFO - 📈 已处理000951 中国重汽 
2025-08-19 20:27:28,635 - INFO - 📈 已处理000952 广济药业 
2025-08-19 20:27:28,903 - INFO - 📈 已处理000953 河化股份 
2025-08-19 20:27:29,153 - INFO - 📈 已处理000955 欣龙控股 
2025-08-19 20:27:30,797 - INFO - 📈 已处理000957 中通客车 
2025-08-19 20:27:31,074 - INFO - 📈 已处理000958 电投产融 
2025-08-19 20:27:31,351 - INFO - 📈 已处理000959 首钢股份 
2025-08-19 20:27:31,986 - INFO - 📈 已处理000960 锡业股份 
2025-08-19 20:27:32,521 - INFO - 📈 已处理000962 东方钽业 
2025-08-19 20:27:32,803 - INFO - 📈 已处理000963 华东医药 
2025-08-19 20:27:33,071 - INFO - 📈 已处理000965 天保基建 
2025-08-19 20:27:33,339 - INFO - 📈 已处理000966 长源电力 
2025-08-19 20:27:33,612 - WARNING - ⚠️ 000967 盈峰环境 K线更新失败: ('Connection aborted.', RemoteDisconnected('Remote end closed connection without response'))
2025-08-19 20:27:33,869 - WARNING - ⚠️ 000968 蓝焰控股 K线更新失败: ('Connection aborted.', RemoteDisconnected('Remote end closed connection without response'))
2025-08-19 20:27:34,118 - WARNING - ⚠️ 000969 安泰科技 K线更新失败: ('Connection aborted.', RemoteDisconnected('Remote end closed connection without response'))
2025-08-19 20:27:34,382 - WARNING - ⚠️ 000970 中科三环 K线更新失败: ('Connection aborted.', RemoteDisconnected('Remote end closed connection without response'))
2025-08-19 20:27:35,468 - WARNING - ⚠️ 000971 *ST高升 K线更新失败: ('Connection aborted.', RemoteDisconnected('Remote end closed connection without response'))
2025-08-19 20:27:35,720 - WARNING - ⚠️ 000972 *ST中基 K线更新失败: ('Connection aborted.', RemoteDisconnected('Remote end closed connection without response'))
2025-08-19 20:27:35,985 - WARNING - ⚠️ 000973 佛塑科技 K线更新失败: ('Connection aborted.', RemoteDisconnected('Remote end closed connection without response'))
2025-08-19 20:27:36,250 - WARNING - ⚠️ 000975 山金国际 K线更新失败: ('Connection aborted.', RemoteDisconnected('Remote end closed connection without response'))
2025-08-19 20:27:36,513 - WARNING - ⚠️ 000976 *ST华铁 K线更新失败: ('Connection aborted.', RemoteDisconnected('Remote end closed connection without response'))
2025-08-19 20:27:36,788 - WARNING - ⚠️ 000977 浪潮信息 K线更新失败: ('Connection aborted.', RemoteDisconnected('Remote end closed connection without response'))
2025-08-19 20:27:37,046 - WARNING - ⚠️ 000978 桂林旅游 K线更新失败: ('Connection aborted.', RemoteDisconnected('Remote end closed connection without response'))
2025-08-19 20:27:37,573 - WARNING - ⚠️ 000979 中弘退 K线更新失败: ('Connection aborted.', RemoteDisconnected('Remote end closed connection without response'))
2025-08-19 20:27:38,144 - WARNING - ⚠️ 000980 众泰汽车 K线更新失败: ('Connection aborted.', RemoteDisconnected('Remote end closed connection without response'))
2025-08-19 20:27:38,415 - WARNING - ⚠️ 000981 山子高科 K线更新失败: ('Connection aborted.', RemoteDisconnected('Remote end closed connection without response'))
2025-08-19 20:27:38,717 - WARNING - ⚠️ 000982 中银绒业 K线更新失败: ('Connection aborted.', RemoteDisconnected('Remote end closed connection without response'))
2025-08-19 20:27:38,977 - WARNING - ⚠️ 000983 山西焦煤 K线更新失败: ('Connection aborted.', RemoteDisconnected('Remote end closed connection without response'))
2025-08-19 20:27:39,245 - WARNING - ⚠️ 000985 大庆华科 K线更新失败: ('Connection aborted.', RemoteDisconnected('Remote end closed connection without response'))
2025-08-19 20:27:39,749 - WARNING - ⚠️ 000987 越秀资本 K线更新失败: ('Connection aborted.', RemoteDisconnected('Remote end closed connection without response'))
2025-08-19 20:27:39,998 - WARNING - ⚠️ 000988 华工科技 K线更新失败: ('Connection aborted.', RemoteDisconnected('Remote end closed connection without response'))
2025-08-19 20:27:40,258 - WARNING - ⚠️ 000989 九芝堂 K线更新失败: ('Connection aborted.', RemoteDisconnected('Remote end closed connection without response'))
2025-08-19 20:27:40,519 - WARNING - ⚠️ 000990 诚志股份 K线更新失败: ('Connection aborted.', RemoteDisconnected('Remote end closed connection without response'))
2025-08-19 20:27:40,775 - WARNING - ⚠️ 000993 闽东电力 K线更新失败: ('Connection aborted.', RemoteDisconnected('Remote end closed connection without response'))
2025-08-19 20:27:41,667 - WARNING - ⚠️ 000995 皇台酒业 K线更新失败: ('Connection aborted.', RemoteDisconnected('Remote end closed connection without response'))
2025-08-19 20:27:41,938 - WARNING - ⚠️ 000996 中期退 K线更新失败: ('Connection aborted.', RemoteDisconnected('Remote end closed connection without response'))
2025-08-19 20:27:42,491 - WARNING - ⚠️ 000997 新大陆 K线更新失败: ('Connection aborted.', RemoteDisconnected('Remote end closed connection without response'))
2025-08-19 20:27:42,759 - WARNING - ⚠️ 000998 隆平高科 K线更新失败: ('Connection aborted.', RemoteDisconnected('Remote end closed connection without response'))
2025-08-19 20:27:43,025 - WARNING - ⚠️ 000999 华润三九 K线更新失败: ('Connection aborted.', RemoteDisconnected('Remote end closed connection without response'))
2025-08-19 20:27:43,836 - WARNING - ⚠️ 001201 东瑞股份 K线更新失败: ('Connection aborted.', RemoteDisconnected('Remote end closed connection without response'))
2025-08-19 20:27:44,104 - WARNING - ⚠️ 001202 炬申股份 K线更新失败: ('Connection aborted.', RemoteDisconnected('Remote end closed connection without response'))
2025-08-19 20:27:44,382 - WARNING - ⚠️ 001203 大中矿业 K线更新失败: ('Connection aborted.', RemoteDisconnected('Remote end closed connection without response'))
2025-08-19 20:27:44,881 - WARNING - ⚠️ 001205 盛航股份 K线更新失败: ('Connection aborted.', RemoteDisconnected('Remote end closed connection without response'))
2025-08-19 20:27:45,137 - WARNING - ⚠️ 001206 依依股份 K线更新失败: ('Connection aborted.', RemoteDisconnected('Remote end closed connection without response'))
2025-08-19 20:27:45,396 - WARNING - ⚠️ 001207 联科科技 K线更新失败: ('Connection aborted.', RemoteDisconnected('Remote end closed connection without response'))
2025-08-19 20:27:45,648 - WARNING - ⚠️ 001208 华菱线缆 K线更新失败: ('Connection aborted.', RemoteDisconnected('Remote end closed connection without response'))
2025-08-19 20:27:45,898 - WARNING - ⚠️ 001209 洪兴股份 K线更新失败: ('Connection aborted.', RemoteDisconnected('Remote end closed connection without response'))
2025-08-19 20:27:46,137 - WARNING - ⚠️ 001210 金房能源 K线更新失败: ('Connection aborted.', RemoteDisconnected('Remote end closed connection without response'))
2025-08-19 20:27:46,409 - WARNING - ⚠️ 001211 双枪科技 K线更新失败: ('Connection aborted.', RemoteDisconnected('Remote end closed connection without response'))
2025-08-19 20:27:46,676 - WARNING - ⚠️ 001212 中旗新材 K线更新失败: ('Connection aborted.', RemoteDisconnected('Remote end closed connection without response'))
2025-08-19 20:27:47,202 - WARNING - ⚠️ 001213 中铁特货 K线更新失败: ('Connection aborted.', RemoteDisconnected('Remote end closed connection without response'))
2025-08-19 20:27:47,745 - WARNING - ⚠️ 001215 千味央厨 K线更新失败: ('Connection aborted.', RemoteDisconnected('Remote end closed connection without response'))
2025-08-19 20:27:47,995 - WARNING - ⚠️ 001216 华瓷股份 K线更新失败: ('Connection aborted.', RemoteDisconnected('Remote end closed connection without response'))
2025-08-19 20:27:48,273 - WARNING - ⚠️ 001217 华尔泰 K线更新失败: ('Connection aborted.', RemoteDisconnected('Remote end closed connection without response'))
2025-08-19 20:27:49,316 - WARNING - ⚠️ 001218 丽臣实业 K线更新失败: ('Connection aborted.', RemoteDisconnected('Remote end closed connection without response'))
2025-08-19 20:27:49,577 - WARNING - ⚠️ 001219 青岛食品 K线更新失败: ('Connection aborted.', RemoteDisconnected('Remote end closed connection without response'))
2025-08-19 20:27:50,130 - WARNING - ⚠️ 001221 悍高集团 K线更新失败: ('Connection aborted.', RemoteDisconnected('Remote end closed connection without response'))
2025-08-19 20:27:50,693 - WARNING - ⚠️ 001222 源飞宠物 K线更新失败: ('Connection aborted.', RemoteDisconnected('Remote end closed connection without response'))
2025-08-19 20:27:50,954 - WARNING - ⚠️ 001223 欧克科技 K线更新失败: ('Connection aborted.', RemoteDisconnected('Remote end closed connection without response'))
2025-08-19 20:27:51,540 - WARNING - ⚠️ 001225 和泰机电 K线更新失败: ('Connection aborted.', RemoteDisconnected('Remote end closed connection without response'))
2025-08-19 20:27:52,100 - WARNING - ⚠️ 001226 拓山重工 K线更新失败: ('Connection aborted.', RemoteDisconnected('Remote end closed connection without response'))
2025-08-19 20:27:52,355 - WARNING - ⚠️ 001227 兰州银行 K线更新失败: ('Connection aborted.', RemoteDisconnected('Remote end closed connection without response'))
2025-08-19 20:27:52,622 - WARNING - ⚠️ 001228 永泰运 K线更新失败: ('Connection aborted.', RemoteDisconnected('Remote end closed connection without response'))
2025-08-19 20:27:52,953 - WARNING - ⚠️ 001229 魅视科技 K线更新失败: ('Connection aborted.', RemoteDisconnected('Remote end closed connection without response'))
2025-08-19 20:27:53,211 - WARNING - ⚠️ 001230 劲旅环境 K线更新失败: ('Connection aborted.', RemoteDisconnected('Remote end closed connection without response'))
2025-08-19 20:27:53,752 - WARNING - ⚠️ 001231 农心科技 K线更新失败: ('Connection aborted.', RemoteDisconnected('Remote end closed connection without response'))
2025-08-19 20:27:54,008 - WARNING - ⚠️ 001234 泰慕士 K线更新失败: ('Connection aborted.', RemoteDisconnected('Remote end closed connection without response'))
2025-08-19 20:27:54,259 - WARNING - ⚠️ 001236 弘业期货 K线更新失败: ('Connection aborted.', RemoteDisconnected('Remote end closed connection without response'))
2025-08-19 20:27:54,520 - WARNING - ⚠️ 001238 浙江正特 K线更新失败: ('Connection aborted.', RemoteDisconnected('Remote end closed connection without response'))
2025-08-19 20:27:54,777 - WARNING - ⚠️ 001239 永达股份 K线更新失败: ('Connection aborted.', RemoteDisconnected('Remote end closed connection without response'))
2025-08-19 20:27:55,086 - WARNING - ⚠️ 001255 博菲电气 K线更新失败: ('Connection aborted.', RemoteDisconnected('Remote end closed connection without response'))
2025-08-19 20:27:55,600 - WARNING - ⚠️ 001256 炜冈科技 K线更新失败: ('Connection aborted.', RemoteDisconnected('Remote end closed connection without response'))
2025-08-19 20:27:55,850 - WARNING - ⚠️ 001258 立新能源 K线更新失败: ('Connection aborted.', RemoteDisconnected('Remote end closed connection without response'))
2025-08-19 20:27:56,416 - WARNING - ⚠️ 001259 利仁科技 K线更新失败: ('Connection aborted.', RemoteDisconnected('Remote end closed connection without response'))
2025-08-19 20:27:56,668 - WARNING - ⚠️ 001260 坤泰股份 K线更新失败: ('Connection aborted.', RemoteDisconnected('Remote end closed connection without response'))
2025-08-19 20:27:56,928 - WARNING - ⚠️ 001266 宏英智能 K线更新失败: ('Connection aborted.', RemoteDisconnected('Remote end closed connection without response'))
2025-08-19 20:27:57,182 - WARNING - ⚠️ 001267 汇绿生态 K线更新失败: ('Connection aborted.', RemoteDisconnected('Remote end closed connection without response'))
2025-08-19 20:27:57,434 - WARNING - ⚠️ 001268 联合精密 K线更新失败: ('Connection aborted.', RemoteDisconnected('Remote end closed connection without response'))
2025-08-19 20:27:57,967 - WARNING - ⚠️ 001269 欧晶科技 K线更新失败: ('Connection aborted.', RemoteDisconnected('Remote end closed connection without response'))
2025-08-19 20:27:58,469 - WARNING - ⚠️ 001270 *ST铖昌 K线更新失败: ('Connection aborted.', RemoteDisconnected('Remote end closed connection without response'))
2025-08-19 20:27:58,726 - WARNING - ⚠️ 001277 速达股份 K线更新失败: ('Connection aborted.', RemoteDisconnected('Remote end closed connection without response'))
2025-08-19 20:27:58,993 - WARNING - ⚠️ 001278 一彬科技 K线更新失败: ('Connection aborted.', RemoteDisconnected('Remote end closed connection without response'))
2025-08-19 20:27:59,248 - WARNING - ⚠️ 001279 强邦新材 K线更新失败: ('Connection aborted.', RemoteDisconnected('Remote end closed connection without response'))
2025-08-19 20:28:00,279 - WARNING - ⚠️ 001282 三联锻造 K线更新失败: ('Connection aborted.', RemoteDisconnected('Remote end closed connection without response'))
2025-08-19 20:28:00,528 - WARNING - ⚠️ 001283 豪鹏科技 K线更新失败: ('Connection aborted.', RemoteDisconnected('Remote end closed connection without response'))
2025-08-19 20:28:00,776 - WARNING - ⚠️ 001286 陕西能源 K线更新失败: ('Connection aborted.', RemoteDisconnected('Remote end closed connection without response'))
2025-08-19 20:28:02,051 - WARNING - ⚠️ 001287 中电港 K线更新失败: ('Connection aborted.', RemoteDisconnected('Remote end closed connection without response'))
2025-08-19 20:28:02,329 - WARNING - ⚠️ 001288 运机集团 K线更新失败: ('Connection aborted.', RemoteDisconnected('Remote end closed connection without response'))
2025-08-19 20:28:02,586 - WARNING - ⚠️ 001289 龙源电力 K线更新失败: ('Connection aborted.', RemoteDisconnected('Remote end closed connection without response'))
2025-08-19 20:28:03,136 - WARNING - ⚠️ 001296 长江材料 K线更新失败: ('Connection aborted.', RemoteDisconnected('Remote end closed connection without response'))
2025-08-19 20:28:03,396 - WARNING - ⚠️ 001298 好上好 K线更新失败: ('Connection aborted.', RemoteDisconnected('Remote end closed connection without response'))
2025-08-19 20:28:03,650 - WARNING - ⚠️ 001299 美能能源 K线更新失败: ('Connection aborted.', RemoteDisconnected('Remote end closed connection without response'))
2025-08-19 20:28:04,928 - WARNING - ⚠️ 001300 三柏硕 K线更新失败: ('Connection aborted.', RemoteDisconnected('Remote end closed connection without response'))
2025-08-19 20:28:06,196 - WARNING - ⚠️ 001301 尚太科技 K线更新失败: ('Connection aborted.', RemoteDisconnected('Remote end closed connection without response'))
2025-08-19 20:28:06,454 - WARNING - ⚠️ 001306 夏厦精密 K线更新失败: ('Connection aborted.', RemoteDisconnected('Remote end closed connection without response'))
2025-08-19 20:28:06,695 - WARNING - ⚠️ 001308 康冠科技 K线更新失败: ('Connection aborted.', RemoteDisconnected('Remote end closed connection without response'))
2025-08-19 20:28:06,957 - WARNING - ⚠️ 001309 德明利 K线更新失败: ('Connection aborted.', RemoteDisconnected('Remote end closed connection without response'))
2025-08-19 20:28:07,227 - WARNING - ⚠️ 001311 多利科技 K线更新失败: ('Connection aborted.', RemoteDisconnected('Remote end closed connection without response'))
2025-08-19 20:28:07,491 - WARNING - ⚠️ 001313 粤海饲料 K线更新失败: ('Connection aborted.', RemoteDisconnected('Remote end closed connection without response'))
2025-08-19 20:28:07,793 - WARNING - ⚠️ 001314 亿道信息 K线更新失败: ('Connection aborted.', RemoteDisconnected('Remote end closed connection without response'))
2025-08-19 20:28:09,072 - WARNING - ⚠️ 001316 润贝航科 K线更新失败: ('Connection aborted.', RemoteDisconnected('Remote end closed connection without response'))
2025-08-19 20:28:09,337 - WARNING - ⚠️ 001317 三羊马 K线更新失败: ('Connection aborted.', RemoteDisconnected('Remote end closed connection without response'))
2025-08-19 20:28:09,596 - WARNING - ⚠️ 001318 阳光乳业 K线更新失败: ('Connection aborted.', RemoteDisconnected('Remote end closed connection without response'))
2025-08-19 20:28:09,861 - WARNING - ⚠️ 001319 铭科精技 K线更新失败: ('Connection aborted.', RemoteDisconnected('Remote end closed connection without response'))
2025-08-19 20:28:10,122 - WARNING - ⚠️ 001322 箭牌家居 K线更新失败: ('Connection aborted.', RemoteDisconnected('Remote end closed connection without response'))
2025-08-19 20:28:10,418 - WARNING - ⚠️ 001323 慕思股份 K线更新失败: ('Connection aborted.', RemoteDisconnected('Remote end closed connection without response'))
2025-08-19 20:28:10,672 - WARNING - ⚠️ 001324 长青科技 K线更新失败: ('Connection aborted.', RemoteDisconnected('Remote end closed connection without response'))
2025-08-19 20:28:10,931 - WARNING - ⚠️ 001326 联域股份 K线更新失败: ('Connection aborted.', RemoteDisconnected('Remote end closed connection without response'))
2025-08-19 20:28:11,178 - WARNING - ⚠️ 001328 登康口腔 K线更新失败: ('Connection aborted.', RemoteDisconnected('Remote end closed connection without response'))
2025-08-19 20:28:11,441 - WARNING - ⚠️ 001330 博纳影业 K线更新失败: ('Connection aborted.', RemoteDisconnected('Remote end closed connection without response'))
2025-08-19 20:28:11,693 - WARNING - ⚠️ 001331 胜通能源 K线更新失败: ('Connection aborted.', RemoteDisconnected('Remote end closed connection without response'))
2025-08-19 20:28:11,985 - WARNING - ⚠️ 001332 锡装股份 K线更新失败: ('Connection aborted.', RemoteDisconnected('Remote end closed connection without response'))
2025-08-19 20:28:12,253 - WARNING - ⚠️ 001333 光华股份 K线更新失败: ('Connection aborted.', RemoteDisconnected('Remote end closed connection without response'))
2025-08-19 20:28:12,576 - WARNING - ⚠️ 001335 信凯科技 K线更新失败: ('Connection aborted.', RemoteDisconnected('Remote end closed connection without response'))
2025-08-19 20:28:12,825 - WARNING - ⚠️ 001336 楚环科技 K线更新失败: ('Connection aborted.', RemoteDisconnected('Remote end closed connection without response'))
2025-08-19 20:28:13,328 - WARNING - ⚠️ 001337 四川黄金 K线更新失败: ('Connection aborted.', RemoteDisconnected('Remote end closed connection without response'))
2025-08-19 20:28:13,563 - WARNING - ⚠️ 001338 永顺泰 K线更新失败: ('Connection aborted.', RemoteDisconnected('Remote end closed connection without response'))
2025-08-19 20:28:13,872 - WARNING - ⚠️ 001339 智微智能 K线更新失败: ('Connection aborted.', RemoteDisconnected('Remote end closed connection without response'))
2025-08-19 20:28:14,371 - WARNING - ⚠️ 001356 富岭股份 K线更新失败: ('Connection aborted.', RemoteDisconnected('Remote end closed connection without response'))
2025-08-19 20:28:14,642 - WARNING - ⚠️ 001358 兴欣新材 K线更新失败: ('Connection aborted.', RemoteDisconnected('Remote end closed connection without response'))
2025-08-19 20:28:15,485 - WARNING - ⚠️ 001359 平安电工 K线更新失败: ('Connection aborted.', RemoteDisconnected('Remote end closed connection without response'))
2025-08-19 20:28:15,728 - WARNING - ⚠️ 001360 南矿集团 K线更新失败: ('Connection aborted.', RemoteDisconnected('Remote end closed connection without response'))
2025-08-19 20:28:15,990 - WARNING - ⚠️ 001366 播恩集团 K线更新失败: ('Connection aborted.', RemoteDisconnected('Remote end closed connection without response'))
2025-08-19 20:28:16,497 - WARNING - ⚠️ 001367 海森药业 K线更新失败: ('Connection aborted.', RemoteDisconnected('Remote end closed connection without response'))
2025-08-19 20:28:17,548 - WARNING - ⚠️ 001368 通达创智 K线更新失败: ('Connection aborted.', RemoteDisconnected('Remote end closed connection without response'))
2025-08-19 20:28:17,803 - WARNING - ⚠️ 001373 翔腾新材 K线更新失败: ('Connection aborted.', RemoteDisconnected('Remote end closed connection without response'))
2025-08-19 20:28:18,087 - WARNING - ⚠️ 001376 百通能源 K线更新失败: ('Connection aborted.', RemoteDisconnected('Remote end closed connection without response'))
2025-08-19 20:28:19,141 - WARNING - ⚠️ 001378 德冠新材 K线更新失败: ('Connection aborted.', RemoteDisconnected('Remote end closed connection without response'))
2025-08-19 20:28:19,394 - WARNING - ⚠️ 001379 腾达科技 K线更新失败: ('Connection aborted.', RemoteDisconnected('Remote end closed connection without response'))
2025-08-19 20:28:19,654 - WARNING - ⚠️ 001380 华纬科技 K线更新失败: ('Connection aborted.', RemoteDisconnected('Remote end closed connection without response'))
2025-08-19 20:28:20,214 - WARNING - ⚠️ 001382 新亚电缆 K线更新失败: ('Connection aborted.', RemoteDisconnected('Remote end closed connection without response'))
2025-08-19 20:28:20,466 - WARNING - ⚠️ 001387 雪祺电气 K线更新失败: ('Connection aborted.', RemoteDisconnected('Remote end closed connection without response'))
2025-08-19 20:28:21,004 - WARNING - ⚠️ 001388 信通电子 K线更新失败: ('Connection aborted.', RemoteDisconnected('Remote end closed connection without response'))
2025-08-19 20:28:21,864 - WARNING - ⚠️ 001389 广合科技 K线更新失败: ('Connection aborted.', RemoteDisconnected('Remote end closed connection without response'))
2025-08-19 20:28:22,111 - WARNING - ⚠️ 001390 古麒绒材 K线更新失败: ('Connection aborted.', RemoteDisconnected('Remote end closed connection without response'))
2025-08-19 20:28:22,669 - WARNING - ⚠️ 001391 国货航 K线更新失败: ('Connection aborted.', RemoteDisconnected('Remote end closed connection without response'))
2025-08-19 20:28:22,926 - WARNING - ⚠️ 001395 亚联机械 K线更新失败: ('Connection aborted.', RemoteDisconnected('Remote end closed connection without response'))
2025-08-19 20:28:23,189 - WARNING - ⚠️ 001400 江顺科技 K线更新失败: ('Connection aborted.', RemoteDisconnected('Remote end closed connection without response'))
2025-08-19 20:28:23,459 - WARNING - ⚠️ 001696 宗申动力 K线更新失败: ('Connection aborted.', RemoteDisconnected('Remote end closed connection without response'))
2025-08-19 20:28:23,786 - WARNING - ⚠️ 001872 招商港口 K线更新失败: ('Connection aborted.', RemoteDisconnected('Remote end closed connection without response'))
2025-08-19 20:28:24,403 - WARNING - ⚠️ 001896 豫能控股 K线更新失败: ('Connection aborted.', RemoteDisconnected('Remote end closed connection without response'))
2025-08-19 20:28:24,917 - WARNING - ⚠️ 001914 招商积余 K线更新失败: ('Connection aborted.', RemoteDisconnected('Remote end closed connection without response'))
2025-08-19 20:28:25,178 - WARNING - ⚠️ 001965 招商公路 K线更新失败: ('Connection aborted.', RemoteDisconnected('Remote end closed connection without response'))
2025-08-19 20:28:25,435 - WARNING - ⚠️ 001979 招商蛇口 K线更新失败: ('Connection aborted.', RemoteDisconnected('Remote end closed connection without response'))
2025-08-19 20:28:25,703 - WARNING - ⚠️ 002001 新和成 K线更新失败: ('Connection aborted.', RemoteDisconnected('Remote end closed connection without response'))
2025-08-19 20:28:26,272 - WARNING - ⚠️ 002002 ST鸿达 K线更新失败: ('Connection aborted.', RemoteDisconnected('Remote end closed connection without response'))
2025-08-19 20:28:26,538 - WARNING - ⚠️ 002003 伟星股份 K线更新失败: ('Connection aborted.', RemoteDisconnected('Remote end closed connection without response'))
2025-08-19 20:28:27,134 - WARNING - ⚠️ 002004 华邦健康 K线更新失败: ('Connection aborted.', RemoteDisconnected('Remote end closed connection without response'))
2025-08-19 20:28:27,470 - WARNING - ⚠️ 002005 ST德豪 K线更新失败: ('Connection aborted.', RemoteDisconnected('Remote end closed connection without response'))
2025-08-19 20:28:28,101 - WARNING - ⚠️ 002006 精工科技 K线更新失败: ('Connection aborted.', RemoteDisconnected('Remote end closed connection without response'))
2025-08-19 20:28:28,356 - WARNING - ⚠️ 002007 华兰生物 K线更新失败: ('Connection aborted.', RemoteDisconnected('Remote end closed connection without response'))
2025-08-19 20:28:28,868 - WARNING - ⚠️ 002008 大族激光 K线更新失败: ('Connection aborted.', RemoteDisconnected('Remote end closed connection without response'))
2025-08-19 20:28:29,439 - WARNING - ⚠️ 002009 天奇股份 K线更新失败: ('Connection aborted.', RemoteDisconnected('Remote end closed connection without response'))
2025-08-19 20:28:29,709 - WARNING - ⚠️ 002010 传化智联 K线更新失败: ('Connection aborted.', RemoteDisconnected('Remote end closed connection without response'))
2025-08-19 20:28:29,958 - WARNING - ⚠️ 002011 盾安环境 K线更新失败: ('Connection aborted.', RemoteDisconnected('Remote end closed connection without response'))
2025-08-19 20:28:32,921 - WARNING - ⚠️ 002012 凯恩股份 K线更新失败: ('Connection aborted.', RemoteDisconnected('Remote end closed connection without response'))
2025-08-19 20:28:33,172 - WARNING - ⚠️ 002013 中航机电 K线更新失败: ('Connection aborted.', RemoteDisconnected('Remote end closed connection without response'))
2025-08-19 20:28:33,510 - WARNING - ⚠️ 002014 永新股份 K线更新失败: ('Connection aborted.', RemoteDisconnected('Remote end closed connection without response'))
2025-08-19 20:28:33,669 - INFO - 数据库连接已关闭
2025-08-19 20:31:28,764 - INFO - 🌟 每周数据更新程序启动
2025-08-19 20:31:28,764 - INFO - 🚀 开始每周数据更新...
2025-08-19 20:31:28,764 - INFO - ============================================================
2025-08-19 20:31:28,798 - INFO - ✅ 成功连接到MySQL数据库
2025-08-19 20:31:28,798 - INFO - 📊 开始更新近7个自然日K线数据）...
2025-08-19 20:31:28,832 - INFO - 📊 准备更新 5740 只股票的近7个自然日K线数据
2025-08-19 20:31:30,105 - WARNING - ⚠️ 000001 平安银行 K线更新失败: ('Connection aborted.', RemoteDisconnected('Remote end closed connection without response'))
2025-08-19 20:31:30,364 - WARNING - ⚠️ 000002 万科Ａ K线更新失败: ('Connection aborted.', RemoteDisconnected('Remote end closed connection without response'))
2025-08-19 20:31:30,692 - WARNING - ⚠️ 000003 PT金田A K线更新失败: ('Connection aborted.', RemoteDisconnected('Remote end closed connection without response'))
2025-08-19 20:31:30,955 - WARNING - ⚠️ 000004 *ST国华 K线更新失败: ('Connection aborted.', RemoteDisconnected('Remote end closed connection without response'))
2025-08-19 20:31:31,230 - WARNING - ⚠️ 000005 ST星源 K线更新失败: ('Connection aborted.', RemoteDisconnected('Remote end closed connection without response'))
2025-08-19 20:31:31,482 - WARNING - ⚠️ 000006 深振业Ａ K线更新失败: ('Connection aborted.', RemoteDisconnected('Remote end closed connection without response'))
2025-08-19 20:31:31,731 - WARNING - ⚠️ 000007 全新好 K线更新失败: ('Connection aborted.', RemoteDisconnected('Remote end closed connection without response'))
2025-08-19 20:31:31,981 - WARNING - ⚠️ 000008 神州高铁 K线更新失败: ('Connection aborted.', RemoteDisconnected('Remote end closed connection without response'))
2025-08-19 20:31:32,247 - WARNING - ⚠️ 000009 中国宝安 K线更新失败: ('Connection aborted.', RemoteDisconnected('Remote end closed connection without response'))
2025-08-19 20:31:32,515 - WARNING - ⚠️ 000010 美丽生态 K线更新失败: ('Connection aborted.', RemoteDisconnected('Remote end closed connection without response'))
2025-08-19 20:31:32,759 - WARNING - ⚠️ 000011 深物业A K线更新失败: ('Connection aborted.', RemoteDisconnected('Remote end closed connection without response'))
2025-08-19 20:31:33,014 - WARNING - ⚠️ 000012 南玻Ａ K线更新失败: ('Connection aborted.', RemoteDisconnected('Remote end closed connection without response'))
2025-08-19 20:31:33,578 - INFO - 数据库连接已关闭
2025-08-19 20:55:13,981 - INFO - 🌟 每周数据更新程序启动
2025-08-19 20:55:13,981 - INFO - 🚀 开始每周数据更新...
2025-08-19 20:55:13,981 - INFO - ============================================================
2025-08-19 20:55:13,991 - INFO - ✅ 成功连接到MySQL数据库
2025-08-19 20:55:13,991 - INFO - 📊 开始更新近7个自然日K线数据）...
2025-08-19 20:55:14,020 - INFO - 📊 准备更新 5740 只股票的近7个自然日K线数据
2025-08-19 20:55:14,311 - INFO - 📈 已处理000001 平安银行 
2025-08-19 20:55:14,571 - INFO - 📈 已处理000002 万科Ａ 
2025-08-19 20:55:15,096 - INFO - 📈 已处理000004 *ST国华 
2025-08-19 20:55:15,657 - INFO - 📈 已处理000006 深振业Ａ 
2025-08-19 20:55:15,931 - INFO - 📈 已处理000007 全新好 
2025-08-19 20:55:16,219 - INFO - 📈 已处理000008 神州高铁 
2025-08-19 20:55:16,501 - INFO - 📈 已处理000009 中国宝安 
2025-08-19 20:55:16,802 - INFO - 📈 已处理000010 美丽生态 
2025-08-19 20:55:17,079 - INFO - 📈 已处理000011 深物业A 
2025-08-19 20:55:17,371 - INFO - 📈 已处理000012 南玻Ａ 
2025-08-19 20:55:18,451 - INFO - 📈 已处理000014 沙河股份 
2025-08-19 20:55:18,979 - INFO - 📈 已处理000016 深康佳Ａ 
2025-08-19 20:55:19,263 - INFO - 📈 已处理000017 深中华A 
2025-08-19 20:55:19,801 - INFO - 📈 已处理000019 深粮控股 
2025-08-19 20:55:20,067 - INFO - 📈 已处理000020 深华发Ａ 
2025-08-19 20:55:20,945 - INFO - 📈 已处理000021 深科技 
2025-08-19 20:55:22,049 - INFO - 📈 已处理000025 特力Ａ 
2025-08-19 20:55:22,326 - INFO - 📈 已处理000026 飞亚达 
2025-08-19 20:55:22,606 - INFO - 📈 已处理000027 深圳能源 
2025-08-19 20:55:22,864 - INFO - 📈 已处理000028 国药一致 
2025-08-19 20:55:23,123 - INFO - 📈 已处理000029 深深房Ａ 
2025-08-19 20:55:23,825 - INFO - 📈 已处理000030 富奥股份 
2025-08-19 20:55:24,103 - INFO - 📈 已处理000031 大悦城 
2025-08-19 20:55:24,751 - INFO - 📈 已处理000032 深桑达Ａ 
2025-08-19 20:55:25,613 - INFO - 📈 已处理000034 神州数码 
2025-08-19 20:55:26,886 - INFO - 📈 已处理000035 中国天楹 
2025-08-19 20:55:27,144 - INFO - 📈 已处理000036 华联控股 
2025-08-19 20:55:27,411 - INFO - 📈 已处理000037 深南电A 
2025-08-19 20:55:27,994 - INFO - 📈 已处理000039 中集集团 
2025-08-19 20:55:28,651 - INFO - 📈 已处理000042 中洲控股 
2025-08-19 20:55:28,931 - INFO - 📈 已处理000045 深纺织Ａ 
2025-08-19 20:55:30,777 - INFO - 📈 已处理000048 京基智农 
2025-08-19 20:55:31,070 - INFO - 📈 已处理000049 德赛电池 
2025-08-19 20:55:31,327 - INFO - 📈 已处理000050 深天马Ａ 
2025-08-19 20:55:31,615 - INFO - 📈 已处理000055 方大集团 
2025-08-19 20:55:32,176 - INFO - 📈 已处理000056 皇庭国际 
2025-08-19 20:55:32,477 - INFO - 📈 已处理000058 深赛格 
2025-08-19 20:55:32,769 - INFO - 📈 已处理000059 华锦股份 
2025-08-19 20:55:32,769 - INFO - 📈 已处理 50/5740 只股票，成功 38 只
2025-08-19 20:55:33,035 - INFO - 📈 已处理000060 中金岭南 
2025-08-19 20:55:33,286 - INFO - 📈 已处理000061 农产品 
2025-08-19 20:55:33,567 - INFO - 📈 已处理000062 深圳华强 
2025-08-19 20:55:33,823 - INFO - 📈 已处理000063 中兴通讯 
2025-08-19 20:55:34,078 - INFO - 📈 已处理000065 北方国际 
2025-08-19 20:55:34,354 - INFO - 📈 已处理000066 中国长城 
2025-08-19 20:55:34,691 - INFO - 📈 已处理000068 华控赛格 
2025-08-19 20:55:35,024 - INFO - 📈 已处理000069 华侨城Ａ 
2025-08-19 20:55:35,299 - INFO - 📈 已处理000070 特发信息 
2025-08-19 20:55:35,623 - INFO - 📈 已处理000078 海王生物 
2025-08-19 20:55:36,261 - INFO - 📈 已处理000088 盐田港 
2025-08-19 20:55:36,569 - INFO - 📈 已处理000089 深圳机场 
2025-08-19 20:55:36,879 - INFO - 📈 已处理000090 天健集团 
2025-08-19 20:55:37,155 - INFO - 📈 已处理000096 广聚能源 
2025-08-19 20:55:37,430 - INFO - 📈 已处理000099 中信海直 
2025-08-19 20:55:37,704 - INFO - 📈 已处理000100 TCL科技 
2025-08-19 20:55:38,223 - INFO - 📈 已处理000151 中成股份 
2025-08-19 20:55:38,487 - INFO - 📈 已处理000153 丰原药业 
2025-08-19 20:55:38,759 - INFO - 📈 已处理000155 川能动力 
2025-08-19 20:55:39,633 - INFO - 📈 已处理000156 华数传媒 
2025-08-19 20:55:39,901 - INFO - 📈 已处理000157 中联重科 
2025-08-19 20:55:40,194 - INFO - 📈 已处理000158 常山北明 
2025-08-19 20:55:40,759 - INFO - 📈 已处理000159 国际实业 
2025-08-19 20:55:41,358 - INFO - 📈 已处理000166 申万宏源 
2025-08-19 20:55:41,947 - INFO - 📈 已处理000301 东方盛虹 
2025-08-19 20:55:42,508 - INFO - 📈 已处理000333 美的集团 
2025-08-19 20:55:42,815 - INFO - 📈 已处理000338 潍柴动力 
2025-08-19 20:55:43,104 - INFO - 📈 已处理000400 许继电气 
2025-08-19 20:55:43,386 - INFO - 📈 已处理000401 冀东水泥 
2025-08-19 20:55:45,315 - INFO - 📈 已处理000402 金融街 
2025-08-19 20:55:45,588 - INFO - 📈 已处理000403 派林生物 
2025-08-19 20:55:45,857 - INFO - 📈 已处理000404 长虹华意 
2025-08-19 20:55:46,630 - INFO - 📈 已处理000407 胜利股份 
2025-08-19 20:55:46,896 - INFO - 📈 已处理000408 藏格矿业 
2025-08-19 20:55:47,156 - INFO - 📈 已处理000409 云鼎科技 
2025-08-19 20:55:48,431 - INFO - 📈 已处理000410 沈阳机床 
2025-08-19 20:55:48,676 - INFO - 📈 已处理000411 英特集团 
2025-08-19 20:55:51,643 - INFO - 📈 已处理000415 渤海租赁 
2025-08-19 20:55:52,200 - INFO - 📈 已处理000417 合百集团 
2025-08-19 20:55:52,812 - INFO - 📈 已处理000419 通程控股 
2025-08-19 20:55:53,167 - INFO - 📈 已处理000420 吉林化纤 
2025-08-19 20:55:53,475 - INFO - 📈 已处理000421 南京公用 
2025-08-19 20:55:55,268 - INFO - 📈 已处理000422 湖北宜化 
2025-08-19 20:55:55,269 - INFO - 📈 已处理 100/5740 只股票，成功 81 只
2025-08-19 20:55:55,557 - INFO - 📈 已处理000423 东阿阿胶 
2025-08-19 20:55:56,606 - INFO - 📈 已处理000425 徐工机械 
2025-08-19 20:55:56,872 - INFO - 📈 已处理000426 兴业银锡 
2025-08-19 20:55:57,132 - INFO - 📈 已处理000428 华天酒店 
2025-08-19 20:55:57,402 - INFO - 📈 已处理000429 粤高速Ａ 
2025-08-19 20:55:57,682 - INFO - 📈 已处理000430 ST张家界 
2025-08-19 20:55:57,955 - INFO - 📈 已处理000488 ST晨鸣 
2025-08-19 20:55:58,230 - INFO - 📈 已处理000498 山东路桥 
2025-08-19 20:55:58,478 - INFO - 📈 已处理000501 武商集团 
2025-08-19 20:55:59,013 - INFO - 📈 已处理000503 国新健康 
2025-08-19 20:55:59,904 - INFO - 📈 已处理000504 *ST生物 
2025-08-19 20:56:00,167 - INFO - 📈 已处理000505 京粮控股 
2025-08-19 20:56:00,456 - INFO - 📈 已处理000506 招金黄金 
2025-08-19 20:56:00,758 - INFO - 📈 已处理000507 珠海港 
2025-08-19 20:56:01,305 - INFO - 📈 已处理000509 华塑控股 
2025-08-19 20:56:01,617 - INFO - 📈 已处理000510 新金路 
2025-08-19 20:56:02,172 - INFO - 📈 已处理000513 丽珠集团 
2025-08-19 20:56:02,442 - INFO - 📈 已处理000514 渝开发 
2025-08-19 20:56:03,322 - INFO - 📈 已处理000516 国际医学 
2025-08-19 20:56:03,607 - INFO - 📈 已处理000517 荣安地产 
2025-08-19 20:56:03,886 - INFO - 📈 已处理000518 *ST四环 
2025-08-19 20:56:05,154 - INFO - 📈 已处理000519 中兵红箭 
2025-08-19 20:56:05,760 - INFO - 📈 已处理000520 凤凰航运 
2025-08-19 20:56:06,025 - INFO - 📈 已处理000521 长虹美菱 
2025-08-19 20:56:06,561 - INFO - 📈 已处理000523 红棉股份 
2025-08-19 20:56:06,835 - INFO - 📈 已处理000524 岭南控股 
2025-08-19 20:56:07,101 - INFO - 📈 已处理000525 红太阳 
2025-08-19 20:56:07,368 - INFO - 📈 已处理000526 学大教育 
2025-08-19 20:56:07,909 - INFO - 📈 已处理000528 柳工 
2025-08-19 20:56:08,201 - INFO - 📈 已处理000529 广弘控股 
2025-08-19 20:56:08,463 - INFO - 📈 已处理000530 冰山冷热 
2025-08-19 20:56:08,745 - INFO - 📈 已处理000531 穗恒运Ａ 
2025-08-19 20:56:09,039 - INFO - 📈 已处理000532 华金资本 
2025-08-19 20:56:09,332 - INFO - 📈 已处理000533 顺钠股份 
2025-08-19 20:56:09,619 - INFO - 📈 已处理000534 万泽股份 
2025-08-19 20:56:10,163 - INFO - 📈 已处理000536 华映科技 
2025-08-19 20:56:10,471 - INFO - 📈 已处理000537 中绿电 
2025-08-19 20:56:10,731 - INFO - 📈 已处理000538 云南白药 
2025-08-19 20:56:11,004 - INFO - 📈 已处理000539 粤电力Ａ 
2025-08-19 20:56:11,575 - INFO - 📈 已处理000541 佛山照明 
2025-08-19 20:56:12,103 - INFO - 📈 已处理000543 皖能电力 
2025-08-19 20:56:12,103 - INFO - 📈 已处理 150/5740 只股票，成功 122 只
2025-08-19 20:56:12,400 - INFO - 📈 已处理000544 中原环保 
2025-08-19 20:56:12,690 - INFO - 📈 已处理000545 金浦钛业 
2025-08-19 20:56:13,296 - INFO - 📈 已处理000546 金圆股份 
2025-08-19 20:56:14,009 - INFO - 📈 已处理000547 航天发展 
2025-08-19 20:56:14,286 - INFO - 📈 已处理000548 湖南投资 
2025-08-19 20:56:14,817 - INFO - 📈 已处理000550 江铃汽车 
2025-08-19 20:56:16,100 - INFO - 📈 已处理000551 创元科技 
2025-08-19 20:56:16,354 - INFO - 📈 已处理000552 甘肃能化 
2025-08-19 20:56:16,657 - INFO - 📈 已处理000553 安道麦A 
2025-08-19 20:56:17,217 - INFO - 📈 已处理000554 泰山石油 
2025-08-19 20:56:17,847 - INFO - 📈 已处理000555 神州信息 
2025-08-19 20:56:18,480 - INFO - 📈 已处理000557 西部创业 
2025-08-19 20:56:18,737 - INFO - 📈 已处理000558 天府文旅 
2025-08-19 20:56:19,032 - INFO - 📈 已处理000559 万向钱潮 
2025-08-19 20:56:20,916 - INFO - 📈 已处理000560 我爱我家 
2025-08-19 20:56:21,270 - INFO - 📈 已处理000561 烽火电子 
2025-08-19 20:56:21,912 - INFO - 📈 已处理000563 陕国投Ａ 
2025-08-19 20:56:23,726 - INFO - 📈 已处理000564 供销大集 
2025-08-19 20:56:24,810 - INFO - 📈 已处理000565 渝三峡Ａ 
2025-08-19 20:56:25,222 - INFO - 📈 已处理000566 海南海药 
2025-08-19 20:56:25,519 - INFO - 📈 已处理000567 海德股份 
2025-08-19 20:56:25,874 - INFO - 📈 已处理000568 泸州老窖 
2025-08-19 20:56:26,547 - INFO - 📈 已处理000570 苏常柴Ａ 
2025-08-19 20:56:27,461 - INFO - 📈 已处理000571 新大洲A 
2025-08-19 20:56:27,760 - INFO - 📈 已处理000572 海马汽车 
2025-08-19 20:56:28,039 - INFO - 📈 已处理000573 粤宏远Ａ 
2025-08-19 20:56:28,321 - INFO - 📈 已处理000576 甘化科工 
2025-08-19 20:56:28,857 - INFO - 📈 已处理000581 威孚高科 
2025-08-19 20:56:29,213 - INFO - 📈 已处理000582 北部湾港 
2025-08-19 20:56:30,327 - INFO - 📈 已处理000586 汇源通信 
2025-08-19 20:56:31,129 - INFO - 📈 已处理000589 贵州轮胎 
2025-08-19 20:56:31,430 - INFO - 📈 已处理000590 启迪药业 
2025-08-19 20:56:31,702 - INFO - 📈 已处理000591 太阳能 
2025-08-19 20:56:32,002 - INFO - 📈 已处理000592 平潭发展 
2025-08-19 20:56:32,297 - INFO - 📈 已处理000593 德龙汇能 
2025-08-19 20:56:32,870 - INFO - 📈 已处理000595 *ST宝实 
2025-08-19 20:56:33,146 - INFO - 📈 已处理000596 古井贡酒 
2025-08-19 20:56:33,433 - INFO - 📈 已处理000597 东北制药 
2025-08-19 20:56:33,749 - INFO - 📈 已处理000598 兴蓉环境 
2025-08-19 20:56:33,749 - INFO - 📈 已处理 200/5740 只股票，成功 161 只
2025-08-19 20:56:34,087 - INFO - 📈 已处理000599 青岛双星 
2025-08-19 20:56:34,668 - INFO - 📈 已处理000600 建投能源 
2025-08-19 20:56:34,945 - INFO - 📈 已处理000601 韶能股份 
2025-08-19 20:56:36,191 - INFO - 📈 已处理000603 盛达资源 
2025-08-19 20:56:36,528 - INFO - 📈 已处理000605 渤海股份 
2025-08-19 20:56:37,149 - INFO - 📈 已处理000607 华媒控股 
2025-08-19 20:56:38,787 - INFO - 📈 已处理000608 *ST阳光 
2025-08-19 20:56:39,064 - INFO - 📈 已处理000609 ST中迪 
2025-08-19 20:56:39,389 - INFO - 📈 已处理000610 西安旅游 
2025-08-19 20:56:40,709 - INFO - 📈 已处理000612 焦作万方 
2025-08-19 20:56:41,266 - INFO - 📈 已处理000615 *ST美谷 
2025-08-19 20:56:41,890 - INFO - 📈 已处理000617 中油资本 
2025-08-19 20:56:42,559 - INFO - 📈 已处理000619 海螺新材 
2025-08-19 20:56:42,858 - INFO - 📈 已处理000620 盈新发展 
2025-08-19 20:56:44,046 - INFO - 📈 已处理000623 吉林敖东 
2025-08-19 20:56:44,332 - INFO - 📈 已处理000625 长安汽车 
2025-08-19 20:56:46,047 - INFO - 📈 已处理000626 远大控股 
2025-08-19 20:56:46,353 - INFO - 📈 已处理000627 *ST天茂 
2025-08-19 20:56:46,638 - INFO - 📈 已处理000628 高新发展 
2025-08-19 20:56:47,388 - INFO - 📈 已处理000629 钒钛股份 
2025-08-19 20:56:47,666 - INFO - 📈 已处理000630 铜陵有色 
2025-08-19 20:56:48,260 - INFO - 📈 已处理000631 顺发恒业 
2025-08-19 20:56:48,559 - INFO - 📈 已处理000632 三木集团 
2025-08-19 20:56:48,833 - INFO - 📈 已处理000633 合金投资 
2025-08-19 20:56:49,112 - INFO - 📈 已处理000635 英力特 
2025-08-19 20:56:49,415 - INFO - 📈 已处理000636 风华高科 
2025-08-19 20:56:49,696 - INFO - 📈 已处理000637 茂化实华 
2025-08-19 20:56:49,965 - INFO - 📈 已处理000638 *ST万方 
2025-08-19 20:56:50,236 - INFO - 📈 已处理000639 西王食品 
2025-08-19 20:56:50,520 - INFO - 📈 已处理000650 仁和药业 
2025-08-19 20:56:50,786 - INFO - 📈 已处理000651 格力电器 
2025-08-19 20:56:51,057 - INFO - 📈 已处理000652 泰达股份 
2025-08-19 20:56:51,858 - INFO - 📈 已处理000655 金岭矿业 
2025-08-19 20:56:52,132 - INFO - 📈 已处理000656 *ST金科 
2025-08-19 20:56:52,463 - INFO - 📈 已处理000657 中钨高新 
2025-08-19 20:56:52,999 - INFO - 📈 已处理000659 珠海中富 
2025-08-19 20:56:53,529 - INFO - 📈 已处理000661 长春高新 
2025-08-19 20:56:54,059 - INFO - 📈 已处理000663 永安林业 
2025-08-19 20:56:54,059 - INFO - 📈 已处理 250/5740 只股票，成功 199 只
2025-08-19 20:56:54,390 - INFO - 📈 已处理000665 湖北广电 
2025-08-19 20:56:55,213 - INFO - 📈 已处理000668 *ST荣控 
2025-08-19 20:56:55,581 - INFO - 📈 已处理000669 ST金鸿 
2025-08-19 20:56:55,983 - INFO - 📈 已处理000670 盈方微 
2025-08-19 20:56:59,008 - INFO - 📈 已处理000672 上峰水泥 
2025-08-19 20:57:00,387 - INFO - 📈 已处理000676 智度股份 
2025-08-19 20:57:04,018 - INFO - 📈 已处理000677 恒天海龙 
2025-08-19 20:57:04,308 - INFO - 📈 已处理000678 襄阳轴承 
2025-08-19 20:57:04,589 - INFO - 📈 已处理000679 大连友谊 
2025-08-19 20:57:04,878 - INFO - 📈 已处理000680 山推股份 
2025-08-19 20:57:05,409 - INFO - 📈 已处理000681 视觉中国 
2025-08-19 20:57:05,689 - INFO - 📈 已处理000682 东方电子 
2025-08-19 20:57:06,018 - INFO - 📈 已处理000683 博源化工 
2025-08-19 20:57:06,302 - INFO - 📈 已处理000685 中山公用 
2025-08-19 20:57:06,575 - INFO - 📈 已处理000686 东北证券 
2025-08-19 20:57:07,125 - INFO - 📈 已处理000688 国城矿业 
2025-08-19 20:57:07,644 - INFO - 📈 已处理000690 宝新能源 
2025-08-19 20:57:07,905 - INFO - 📈 已处理000691 *ST亚太 
2025-08-19 20:57:08,178 - INFO - 📈 已处理000692 惠天热电 
2025-08-19 20:57:08,795 - INFO - 📈 已处理000695 滨海能源 
2025-08-19 20:57:09,058 - INFO - 📈 已处理000697 ST炼石 
2025-08-19 20:57:09,340 - INFO - 📈 已处理000698 沈阳化工 
2025-08-19 20:57:09,858 - INFO - 📈 已处理000700 模塑科技 
2025-08-19 20:57:10,178 - INFO - 📈 已处理000701 厦门信达 
2025-08-19 20:57:10,470 - INFO - 📈 已处理000702 正虹科技 
2025-08-19 20:57:10,748 - INFO - 📈 已处理000703 恒逸石化 
2025-08-19 20:57:11,058 - INFO - 📈 已处理000705 浙江震元 
2025-08-19 20:57:11,341 - INFO - 📈 已处理000707 双环科技 
2025-08-19 20:57:12,208 - INFO - 📈 已处理000708 中信特钢 
2025-08-19 20:57:14,926 - INFO - 📈 已处理000709 河钢股份 
2025-08-19 20:57:15,208 - INFO - 📈 已处理000710 贝瑞基因 
2025-08-19 20:57:15,500 - INFO - 📈 已处理000711 *ST京蓝 
2025-08-19 20:57:15,778 - INFO - 📈 已处理000712 锦龙股份 
2025-08-19 20:57:16,057 - INFO - 📈 已处理000713 丰乐种业 
2025-08-19 20:57:16,321 - INFO - 📈 已处理000715 中兴商业 
2025-08-19 20:57:16,627 - INFO - 📈 已处理000716 黑芝麻 
2025-08-19 20:57:16,909 - INFO - 📈 已处理000717 中南股份 
2025-08-19 20:57:17,588 - INFO - 📈 已处理000718 苏宁环球 
2025-08-19 20:57:18,438 - INFO - 📈 已处理000719 中原传媒 
2025-08-19 20:57:18,718 - INFO - 📈 已处理000720 新能泰山 
2025-08-19 20:57:18,971 - INFO - 📈 已处理000721 西安饮食 
2025-08-19 20:57:18,971 - INFO - 📈 已处理 300/5740 只股票，成功 240 只
2025-08-19 20:57:19,238 - INFO - 📈 已处理000722 湖南发展 
2025-08-19 20:57:20,958 - INFO - 📈 已处理000723 美锦能源 
2025-08-19 20:57:21,205 - INFO - 📈 已处理000725 京东方Ａ 
2025-08-19 20:57:21,469 - INFO - 📈 已处理000726 鲁泰Ａ 
2025-08-19 20:57:21,737 - INFO - 📈 已处理000727 冠捷科技 
2025-08-19 20:57:21,998 - INFO - 📈 已处理000728 国元证券 
2025-08-19 20:57:22,270 - INFO - 📈 已处理000729 燕京啤酒 
2025-08-19 20:57:23,756 - INFO - 📈 已处理000731 四川美丰 
2025-08-19 20:57:24,257 - INFO - 📈 已处理000733 振华科技 
2025-08-19 20:57:25,542 - INFO - 📈 已处理000735 罗牛山 
2025-08-19 20:57:26,188 - INFO - 📈 已处理000736 *ST中地 
2025-08-19 20:57:26,461 - INFO - 📈 已处理000737 北方铜业 
2025-08-19 20:57:26,734 - INFO - 📈 已处理000738 航发控制 
2025-08-19 20:57:26,996 - INFO - 📈 已处理000739 普洛药业 
2025-08-19 20:57:27,507 - INFO - 📈 已处理000750 国海证券 
2025-08-19 20:57:27,767 - INFO - 📈 已处理000751 锌业股份 
2025-08-19 20:57:28,023 - INFO - 📈 已处理000752 ST西发 
2025-08-19 20:57:28,786 - INFO - 📈 已处理000753 漳州发展 
2025-08-19 20:57:29,048 - INFO - 📈 已处理000755 山西高速 
2025-08-19 20:57:29,301 - INFO - 📈 已处理000756 新华制药 
2025-08-19 20:57:29,581 - INFO - 📈 已处理000757 浩物股份 
2025-08-19 20:57:29,848 - INFO - 📈 已处理000758 中色股份 
2025-08-19 20:57:30,107 - INFO - 📈 已处理000759 中百集团 
2025-08-19 20:57:30,615 - INFO - 📈 已处理000761 本钢板材 
2025-08-19 20:57:30,904 - INFO - 📈 已处理000762 西藏矿业 
2025-08-19 20:57:31,661 - INFO - 📈 已处理000766 通化金马 
2025-08-19 20:57:31,948 - INFO - 📈 已处理000767 晋控电力 
2025-08-19 20:57:32,212 - INFO - 📈 已处理000768 中航西飞 
2025-08-19 20:57:32,757 - INFO - 📈 已处理000776 广发证券 
2025-08-19 20:57:33,047 - INFO - 📈 已处理000777 中核科技 
2025-08-19 20:57:33,316 - INFO - 📈 已处理000778 新兴铸管 
2025-08-19 20:57:33,624 - INFO - 📈 已处理000779 甘咨询 
2025-08-19 20:57:35,460 - INFO - 📈 已处理000782 恒申新材 
2025-08-19 20:57:35,740 - INFO - 📈 已处理000783 长江证券 
2025-08-19 20:57:35,997 - INFO - 📈 已处理000785 居然智家 
2025-08-19 20:57:36,311 - INFO - 📈 已处理000786 北新建材 
2025-08-19 20:57:36,873 - INFO - 📈 已处理000788 北大医药 
2025-08-19 20:57:37,728 - INFO - 📈 已处理000789 万年青 
2025-08-19 20:57:37,987 - INFO - 📈 已处理000790 华神科技 
2025-08-19 20:57:38,271 - INFO - 📈 已处理000791 甘肃能源 
2025-08-19 20:57:38,537 - INFO - 📈 已处理000792 盐湖股份 
2025-08-19 20:57:38,538 - INFO - 📈 已处理 350/5740 只股票，成功 281 只
2025-08-19 20:57:39,072 - INFO - 📈 已处理000793 ST华闻 
2025-08-19 20:57:39,347 - INFO - 📈 已处理000795 英洛华 
2025-08-19 20:57:39,622 - INFO - 📈 已处理000796 凯撒旅业 
2025-08-19 20:57:39,884 - INFO - 📈 已处理000797 中国武夷 
2025-08-19 20:57:40,147 - INFO - 📈 已处理000798 中水渔业 
2025-08-19 20:57:40,759 - INFO - 📈 已处理000799 酒鬼酒 
2025-08-19 20:57:41,053 - INFO - 📈 已处理000800 一汽解放 
2025-08-19 20:57:41,919 - INFO - 📈 已处理000801 四川九洲 
2025-08-19 20:57:42,208 - INFO - 📈 已处理000802 北京文化 
2025-08-19 20:57:43,490 - INFO - 📈 已处理000803 山高环能 
2025-08-19 20:57:44,934 - INFO - 📈 已处理000807 云铝股份 
2025-08-19 20:57:45,181 - INFO - 📈 已处理000809 和展能源 
2025-08-19 20:57:45,468 - INFO - 📈 已处理000810 创维数字 
2025-08-19 20:57:45,773 - INFO - 📈 已处理000811 冰轮环境 
2025-08-19 20:57:46,347 - INFO - 📈 已处理000812 陕西金叶 
2025-08-19 20:57:46,637 - INFO - 📈 已处理000813 德展健康 
2025-08-19 20:57:46,910 - INFO - 📈 已处理000815 美利云 
2025-08-19 20:57:47,499 - INFO - 📈 已处理000816 智慧农业 
2025-08-19 20:57:48,058 - INFO - 📈 已处理000818 航锦科技 
2025-08-19 20:57:49,356 - INFO - 📈 已处理000819 岳阳兴长 
2025-08-19 20:57:49,609 - INFO - 📈 已处理000820 *ST节能 
2025-08-19 20:57:49,877 - INFO - 📈 已处理000821 京山轻机 
2025-08-19 20:57:50,137 - INFO - 📈 已处理000822 山东海化 
2025-08-19 20:57:50,387 - INFO - 📈 已处理000823 超声电子 
2025-08-19 20:57:50,660 - INFO - 📈 已处理000825 太钢不锈 
2025-08-19 20:57:50,927 - INFO - 📈 已处理000826 启迪环境 
2025-08-19 20:57:51,721 - INFO - 📈 已处理000828 东莞控股 
2025-08-19 20:57:51,976 - INFO - 📈 已处理000829 天音控股 
2025-08-19 20:57:52,647 - INFO - 📈 已处理000830 鲁西化工 
2025-08-19 20:57:53,909 - INFO - 📈 已处理000831 中国稀土 
2025-08-19 20:57:54,416 - INFO - 📈 已处理000833 粤桂股份 
2025-08-19 20:57:55,207 - INFO - 📈 已处理000837 秦川机床 
2025-08-19 20:57:56,805 - INFO - 📈 已处理000838 财信发展 
2025-08-19 20:57:57,104 - INFO - 📈 已处理000839 国安股份 
2025-08-19 20:57:57,367 - INFO - 📈 已处理000848 承德露露 
2025-08-19 20:57:57,947 - INFO - 📈 已处理000850 华茂股份 
2025-08-19 20:57:58,209 - INFO - 📈 已处理000851 *ST高鸿 
2025-08-19 20:57:58,487 - INFO - 📈 已处理000852 石化机械 
2025-08-19 20:57:58,777 - INFO - 📈 已处理000856 冀东装备 
2025-08-19 20:57:59,052 - INFO - 📈 已处理000858 五粮液 
2025-08-19 20:57:59,315 - INFO - 📈 已处理000859 国风新材 
2025-08-19 20:57:59,607 - INFO - 📈 已处理000860 顺鑫农业 
2025-08-19 20:58:00,971 - INFO - 📈 已处理000862 银星能源 
2025-08-19 20:58:01,270 - INFO - 📈 已处理000863 三湘印象 
2025-08-19 20:58:01,795 - INFO - 📈 已处理000868 安凯客车 
2025-08-19 20:58:02,060 - INFO - 📈 已处理000869 张裕Ａ 
2025-08-19 20:58:02,381 - INFO - 📈 已处理000875 吉电股份 
2025-08-19 20:58:02,654 - INFO - 📈 已处理000876 新希望 
2025-08-19 20:58:02,926 - INFO - 📈 已处理000877 天山股份 
2025-08-19 20:58:03,187 - INFO - 📈 已处理000878 云南铜业 
2025-08-19 20:58:03,472 - INFO - 📈 已处理000880 潍柴重机 
2025-08-19 20:58:03,761 - INFO - 📈 已处理000881 中广核技 
2025-08-19 20:58:04,025 - INFO - 📈 已处理000882 华联股份 
2025-08-19 20:58:04,296 - INFO - 📈 已处理000883 湖北能源 
2025-08-19 20:58:04,570 - INFO - 📈 已处理000885 城发环境 
2025-08-19 20:58:05,156 - INFO - 📈 已处理000886 海南高速 
2025-08-19 20:58:05,437 - INFO - 📈 已处理000887 中鼎股份 
2025-08-19 20:58:05,721 - INFO - 📈 已处理000888 峨眉山Ａ 
2025-08-19 20:58:06,997 - INFO - 📈 已处理000889 中嘉博创 
2025-08-19 20:58:07,266 - INFO - 📈 已处理000890 法尔胜 
2025-08-19 20:58:07,556 - INFO - 📈 已处理000892 欢瑞世纪 
2025-08-19 20:58:07,817 - INFO - 📈 已处理000893 亚钾国际 
2025-08-19 20:58:08,095 - INFO - 📈 已处理000895 双汇发展 
2025-08-19 20:58:08,366 - INFO - 📈 已处理000897 津滨发展 
2025-08-19 20:58:08,626 - INFO - 📈 已处理000898 鞍钢股份 
2025-08-19 20:58:09,644 - INFO - 📈 已处理000899 赣能股份 
2025-08-19 20:58:09,916 - INFO - 📈 已处理000900 现代投资 
2025-08-19 20:58:10,180 - INFO - 📈 已处理000901 航天科技 
2025-08-19 20:58:10,446 - INFO - 📈 已处理000902 新洋丰 
2025-08-19 20:58:10,725 - INFO - 📈 已处理000903 ST云动 
2025-08-19 20:58:11,036 - INFO - 📈 已处理000905 厦门港务 
2025-08-19 20:58:11,316 - INFO - 📈 已处理000906 浙商中拓 
2025-08-19 20:58:11,576 - INFO - 📈 已处理000908 ST景峰 
2025-08-19 20:58:12,166 - INFO - 📈 已处理000909 ST数源 
2025-08-19 20:58:12,438 - INFO - 📈 已处理000910 大亚圣象 
2025-08-19 20:58:12,695 - INFO - 📈 已处理000911 广农糖业 
2025-08-19 20:58:13,667 - INFO - 📈 已处理000912 泸天化 
2025-08-19 20:58:13,937 - INFO - 📈 已处理000913 钱江摩托 
2025-08-19 20:58:14,192 - INFO - 📈 已处理000915 华特达因 
2025-08-19 20:58:14,721 - INFO - 📈 已处理000917 电广传媒 
2025-08-19 20:58:15,258 - INFO - 📈 已处理000919 金陵药业 
2025-08-19 20:58:15,534 - INFO - 📈 已处理000920 沃顿科技 
2025-08-19 20:58:15,812 - INFO - 📈 已处理000921 海信家电 
2025-08-19 20:58:16,696 - INFO - 📈 已处理000922 佳电股份 
2025-08-19 20:58:16,956 - INFO - 📈 已处理000923 河钢资源 
2025-08-19 20:58:17,656 - INFO - 📈 已处理000925 众合科技 
2025-08-19 20:58:17,936 - INFO - 📈 已处理000926 福星股份 
2025-08-19 20:58:18,197 - INFO - 📈 已处理000927 中国铁物 
2025-08-19 20:58:18,773 - INFO - 📈 已处理000928 中钢国际 
2025-08-19 20:58:18,773 - INFO - 📈 已处理 450/5740 只股票，成功 370 只
2025-08-19 20:58:19,026 - INFO - 📈 已处理000929 *ST兰黄 
2025-08-19 20:58:19,316 - INFO - 📈 已处理000930 中粮科技 
2025-08-19 20:58:19,606 - INFO - 📈 已处理000931 中关村 
2025-08-19 20:58:21,287 - INFO - 📈 已处理000932 华菱钢铁 
2025-08-19 20:58:21,536 - INFO - 📈 已处理000933 神火股份 
2025-08-19 20:58:22,816 - INFO - 📈 已处理000935 四川双马 
2025-08-19 20:58:23,071 - INFO - 📈 已处理000936 华西股份 
2025-08-19 20:58:23,326 - INFO - 📈 已处理000937 冀中能源 
2025-08-19 20:58:23,956 - INFO - 📈 已处理000938 紫光股份 
2025-08-19 20:58:24,534 - INFO - 📈 已处理000948 南天信息 
2025-08-19 20:58:24,815 - INFO - 📈 已处理000949 新乡化纤 
2025-08-19 20:58:25,076 - INFO - 📈 已处理000950 重药控股 
2025-08-19 20:58:25,596 - INFO - 📈 已处理000951 中国重汽 
2025-08-19 20:58:25,866 - INFO - 📈 已处理000952 广济药业 
2025-08-19 20:58:26,133 - INFO - 📈 已处理000953 河化股份 
2025-08-19 20:58:26,406 - INFO - 📈 已处理000955 欣龙控股 
2025-08-19 20:58:27,346 - INFO - 📈 已处理000957 中通客车 
2025-08-19 20:58:27,624 - INFO - 📈 已处理000958 电投产融 
2025-08-19 20:58:27,913 - INFO - 📈 已处理000959 首钢股份 
2025-08-19 20:58:28,522 - INFO - 📈 已处理000960 锡业股份 
2025-08-19 20:58:29,058 - INFO - 📈 已处理000962 东方钽业 
2025-08-19 20:58:29,319 - INFO - 📈 已处理000963 华东医药 
2025-08-19 20:58:29,582 - INFO - 📈 已处理000965 天保基建 
2025-08-19 20:58:29,859 - INFO - 📈 已处理000966 长源电力 
2025-08-19 20:58:30,140 - INFO - 📈 已处理000967 盈峰环境 
2025-08-19 20:58:30,770 - INFO - 📈 已处理000968 蓝焰控股 
2025-08-19 20:58:31,021 - INFO - 📈 已处理000969 安泰科技 
2025-08-19 20:58:31,326 - INFO - 📈 已处理000970 中科三环 
2025-08-19 20:58:32,496 - INFO - 📈 已处理000972 *ST中基 
2025-08-19 20:58:32,784 - INFO - 📈 已处理000973 佛塑科技 
2025-08-19 20:58:33,319 - INFO - 📈 已处理000975 山金国际 
2025-08-19 20:58:34,125 - INFO - 📈 已处理000977 浪潮信息 
2025-08-19 20:58:34,388 - INFO - 📈 已处理000978 桂林旅游 
2025-08-19 20:58:35,223 - INFO - 📈 已处理000980 众泰汽车 
2025-08-19 20:58:35,495 - INFO - 📈 已处理000981 山子高科 
2025-08-19 20:58:36,035 - INFO - 📈 已处理000983 山西焦煤 
2025-08-19 20:58:36,290 - INFO - 📈 已处理000985 大庆华科 
2025-08-19 20:58:36,957 - INFO - 📈 已处理000987 越秀资本 
2025-08-19 20:58:37,216 - INFO - 📈 已处理000988 华工科技 
2025-08-19 20:58:37,482 - INFO - 📈 已处理000989 九芝堂 
2025-08-19 20:58:37,779 - INFO - 📈 已处理000990 诚志股份 
2025-08-19 20:58:38,046 - INFO - 📈 已处理000993 闽东电力 
2025-08-19 20:58:38,306 - INFO - 📈 已处理000995 皇台酒业 
2025-08-19 20:58:38,306 - INFO - 📈 已处理 500/5740 只股票，成功 413 只
2025-08-19 20:58:38,838 - INFO - 📈 已处理000997 新大陆 
2025-08-19 20:58:39,114 - INFO - 📈 已处理000998 隆平高科 
2025-08-19 20:58:39,381 - INFO - 📈 已处理000999 华润三九 
2025-08-19 20:58:39,644 - INFO - 📈 已处理001201 东瑞股份 
2025-08-19 20:58:39,896 - INFO - 📈 已处理001202 炬申股份 
2025-08-19 20:58:40,181 - INFO - 📈 已处理001203 大中矿业 
2025-08-19 20:58:40,453 - INFO - 📈 已处理001205 盛航股份 
2025-08-19 20:58:41,069 - INFO - 📈 已处理001206 依依股份 
2025-08-19 20:58:41,356 - INFO - 📈 已处理001207 联科科技 
2025-08-19 20:58:41,625 - INFO - 📈 已处理001208 华菱线缆 
2025-08-19 20:58:41,920 - INFO - 📈 已处理001209 洪兴股份 
2025-08-19 20:58:42,197 - INFO - 📈 已处理001210 金房能源 
2025-08-19 20:58:42,494 - INFO - 📈 已处理001211 双枪科技 
2025-08-19 20:58:42,768 - INFO - 📈 已处理001212 中旗新材 
2025-08-19 20:58:43,023 - WARNING - ⚠️ 001213 中铁特货 K线更新失败: ('Connection aborted.', RemoteDisconnected('Remote end closed connection without response'))
2025-08-19 20:58:43,304 - WARNING - ⚠️ 001215 千味央厨 K线更新失败: ('Connection aborted.', RemoteDisconnected('Remote end closed connection without response'))
2025-08-19 20:58:44,576 - WARNING - ⚠️ 001216 华瓷股份 K线更新失败: ('Connection aborted.', RemoteDisconnected('Remote end closed connection without response'))
2025-08-19 20:58:45,163 - WARNING - ⚠️ 001217 华尔泰 K线更新失败: ('Connection aborted.', RemoteDisconnected('Remote end closed connection without response'))
2025-08-19 20:58:46,158 - WARNING - ⚠️ 001218 丽臣实业 K线更新失败: ('Connection aborted.', RemoteDisconnected('Remote end closed connection without response'))
2025-08-19 20:58:46,421 - WARNING - ⚠️ 001219 青岛食品 K线更新失败: ('Connection aborted.', RemoteDisconnected('Remote end closed connection without response'))
2025-08-19 20:58:46,669 - WARNING - ⚠️ 001221 悍高集团 K线更新失败: ('Connection aborted.', RemoteDisconnected('Remote end closed connection without response'))
2025-08-19 20:58:46,913 - WARNING - ⚠️ 001222 源飞宠物 K线更新失败: ('Connection aborted.', RemoteDisconnected('Remote end closed connection without response'))
2025-08-19 20:58:47,173 - WARNING - ⚠️ 001223 欧克科技 K线更新失败: ('Connection aborted.', RemoteDisconnected('Remote end closed connection without response'))
2025-08-19 20:58:47,427 - WARNING - ⚠️ 001225 和泰机电 K线更新失败: ('Connection aborted.', RemoteDisconnected('Remote end closed connection without response'))
2025-08-19 20:58:47,707 - WARNING - ⚠️ 001226 拓山重工 K线更新失败: ('Connection aborted.', RemoteDisconnected('Remote end closed connection without response'))
2025-08-19 20:58:47,975 - WARNING - ⚠️ 001227 兰州银行 K线更新失败: ('Connection aborted.', RemoteDisconnected('Remote end closed connection without response'))
2025-08-19 20:58:48,246 - WARNING - ⚠️ 001228 永泰运 K线更新失败: ('Connection aborted.', RemoteDisconnected('Remote end closed connection without response'))
2025-08-19 20:58:48,520 - WARNING - ⚠️ 001229 魅视科技 K线更新失败: ('Connection aborted.', RemoteDisconnected('Remote end closed connection without response'))
2025-08-19 20:58:48,766 - WARNING - ⚠️ 001230 劲旅环境 K线更新失败: ('Connection aborted.', RemoteDisconnected('Remote end closed connection without response'))
2025-08-19 20:58:50,444 - WARNING - ⚠️ 001231 农心科技 K线更新失败: ('Connection aborted.', RemoteDisconnected('Remote end closed connection without response'))
2025-08-19 20:58:50,708 - WARNING - ⚠️ 001234 泰慕士 K线更新失败: ('Connection aborted.', RemoteDisconnected('Remote end closed connection without response'))
2025-08-19 20:58:50,964 - WARNING - ⚠️ 001236 弘业期货 K线更新失败: ('Connection aborted.', RemoteDisconnected('Remote end closed connection without response'))
2025-08-19 20:58:51,212 - WARNING - ⚠️ 001238 浙江正特 K线更新失败: ('Connection aborted.', RemoteDisconnected('Remote end closed connection without response'))
2025-08-19 20:58:51,731 - WARNING - ⚠️ 001239 永达股份 K线更新失败: ('Connection aborted.', RemoteDisconnected('Remote end closed connection without response'))
2025-08-19 20:58:51,998 - WARNING - ⚠️ 001255 博菲电气 K线更新失败: ('Connection aborted.', RemoteDisconnected('Remote end closed connection without response'))
2025-08-19 20:58:52,287 - WARNING - ⚠️ 001256 炜冈科技 K线更新失败: ('Connection aborted.', RemoteDisconnected('Remote end closed connection without response'))
2025-08-19 20:58:52,780 - WARNING - ⚠️ 001258 立新能源 K线更新失败: ('Connection aborted.', RemoteDisconnected('Remote end closed connection without response'))
2025-08-19 20:58:53,061 - WARNING - ⚠️ 001259 利仁科技 K线更新失败: ('Connection aborted.', RemoteDisconnected('Remote end closed connection without response'))
2025-08-19 20:58:53,325 - WARNING - ⚠️ 001260 坤泰股份 K线更新失败: ('Connection aborted.', RemoteDisconnected('Remote end closed connection without response'))
2025-08-19 20:58:53,592 - WARNING - ⚠️ 001266 宏英智能 K线更新失败: ('Connection aborted.', RemoteDisconnected('Remote end closed connection without response'))
2025-08-19 20:58:54,148 - WARNING - ⚠️ 001267 汇绿生态 K线更新失败: ('Connection aborted.', RemoteDisconnected('Remote end closed connection without response'))
2025-08-19 20:58:55,424 - WARNING - ⚠️ 001268 联合精密 K线更新失败: ('Connection aborted.', RemoteDisconnected('Remote end closed connection without response'))
2025-08-19 20:58:55,687 - WARNING - ⚠️ 001269 欧晶科技 K线更新失败: ('Connection aborted.', RemoteDisconnected('Remote end closed connection without response'))
2025-08-19 20:58:55,951 - WARNING - ⚠️ 001270 *ST铖昌 K线更新失败: ('Connection aborted.', RemoteDisconnected('Remote end closed connection without response'))
2025-08-19 20:58:56,211 - WARNING - ⚠️ 001277 速达股份 K线更新失败: ('Connection aborted.', RemoteDisconnected('Remote end closed connection without response'))
2025-08-19 20:58:56,466 - WARNING - ⚠️ 001278 一彬科技 K线更新失败: ('Connection aborted.', RemoteDisconnected('Remote end closed connection without response'))
2025-08-19 20:58:56,726 - WARNING - ⚠️ 001279 强邦新材 K线更新失败: ('Connection aborted.', RemoteDisconnected('Remote end closed connection without response'))
2025-08-19 20:58:58,003 - WARNING - ⚠️ 001282 三联锻造 K线更新失败: ('Connection aborted.', RemoteDisconnected('Remote end closed connection without response'))
2025-08-19 20:58:58,278 - WARNING - ⚠️ 001283 豪鹏科技 K线更新失败: ('Connection aborted.', RemoteDisconnected('Remote end closed connection without response'))
2025-08-19 20:58:58,549 - WARNING - ⚠️ 001286 陕西能源 K线更新失败: ('Connection aborted.', RemoteDisconnected('Remote end closed connection without response'))
2025-08-19 20:58:58,810 - WARNING - ⚠️ 001287 中电港 K线更新失败: ('Connection aborted.', RemoteDisconnected('Remote end closed connection without response'))
2025-08-19 20:58:59,081 - WARNING - ⚠️ 001288 运机集团 K线更新失败: ('Connection aborted.', RemoteDisconnected('Remote end closed connection without response'))
2025-08-19 20:58:59,359 - WARNING - ⚠️ 001289 龙源电力 K线更新失败: ('Connection aborted.', RemoteDisconnected('Remote end closed connection without response'))
2025-08-19 20:58:59,631 - WARNING - ⚠️ 001296 长江材料 K线更新失败: ('Connection aborted.', RemoteDisconnected('Remote end closed connection without response'))
2025-08-19 20:58:59,884 - WARNING - ⚠️ 001298 好上好 K线更新失败: ('Connection aborted.', RemoteDisconnected('Remote end closed connection without response'))
2025-08-19 20:59:00,732 - WARNING - ⚠️ 001299 美能能源 K线更新失败: ('Connection aborted.', RemoteDisconnected('Remote end closed connection without response'))
2025-08-19 20:59:00,999 - WARNING - ⚠️ 001300 三柏硕 K线更新失败: ('Connection aborted.', RemoteDisconnected('Remote end closed connection without response'))
2025-08-19 20:59:01,259 - WARNING - ⚠️ 001301 尚太科技 K线更新失败: ('Connection aborted.', RemoteDisconnected('Remote end closed connection without response'))
2025-08-19 20:59:01,528 - WARNING - ⚠️ 001306 夏厦精密 K线更新失败: ('Connection aborted.', RemoteDisconnected('Remote end closed connection without response'))
2025-08-19 20:59:01,812 - WARNING - ⚠️ 001308 康冠科技 K线更新失败: ('Connection aborted.', RemoteDisconnected('Remote end closed connection without response'))
2025-08-19 20:59:02,067 - WARNING - ⚠️ 001309 德明利 K线更新失败: ('Connection aborted.', RemoteDisconnected('Remote end closed connection without response'))
2025-08-19 20:59:02,337 - WARNING - ⚠️ 001311 多利科技 K线更新失败: ('Connection aborted.', RemoteDisconnected('Remote end closed connection without response'))
2025-08-19 20:59:02,575 - WARNING - ⚠️ 001313 粤海饲料 K线更新失败: ('Connection aborted.', RemoteDisconnected('Remote end closed connection without response'))
2025-08-19 20:59:02,851 - WARNING - ⚠️ 001314 亿道信息 K线更新失败: ('Connection aborted.', RemoteDisconnected('Remote end closed connection without response'))
2025-08-19 20:59:03,114 - WARNING - ⚠️ 001316 润贝航科 K线更新失败: ('Connection aborted.', RemoteDisconnected('Remote end closed connection without response'))
2025-08-19 20:59:03,375 - WARNING - ⚠️ 001317 三羊马 K线更新失败: ('Connection aborted.', RemoteDisconnected('Remote end closed connection without response'))
2025-08-19 20:59:03,958 - WARNING - ⚠️ 001318 阳光乳业 K线更新失败: ('Connection aborted.', RemoteDisconnected('Remote end closed connection without response'))
2025-08-19 20:59:04,216 - WARNING - ⚠️ 001319 铭科精技 K线更新失败: ('Connection aborted.', RemoteDisconnected('Remote end closed connection without response'))
2025-08-19 20:59:04,461 - WARNING - ⚠️ 001322 箭牌家居 K线更新失败: ('Connection aborted.', RemoteDisconnected('Remote end closed connection without response'))
2025-08-19 20:59:04,730 - WARNING - ⚠️ 001323 慕思股份 K线更新失败: ('Connection aborted.', RemoteDisconnected('Remote end closed connection without response'))
2025-08-19 20:59:04,991 - WARNING - ⚠️ 001324 长青科技 K线更新失败: ('Connection aborted.', RemoteDisconnected('Remote end closed connection without response'))
2025-08-19 20:59:05,278 - WARNING - ⚠️ 001326 联域股份 K线更新失败: ('Connection aborted.', RemoteDisconnected('Remote end closed connection without response'))
2025-08-19 20:59:05,537 - WARNING - ⚠️ 001328 登康口腔 K线更新失败: ('Connection aborted.', RemoteDisconnected('Remote end closed connection without response'))
2025-08-19 20:59:05,789 - WARNING - ⚠️ 001330 博纳影业 K线更新失败: ('Connection aborted.', RemoteDisconnected('Remote end closed connection without response'))
2025-08-19 20:59:06,065 - WARNING - ⚠️ 001331 胜通能源 K线更新失败: ('Connection aborted.', RemoteDisconnected('Remote end closed connection without response'))
2025-08-19 20:59:06,324 - WARNING - ⚠️ 001332 锡装股份 K线更新失败: ('Connection aborted.', RemoteDisconnected('Remote end closed connection without response'))
2025-08-19 20:59:06,874 - WARNING - ⚠️ 001333 光华股份 K线更新失败: ('Connection aborted.', RemoteDisconnected('Remote end closed connection without response'))
2025-08-19 20:59:07,417 - WARNING - ⚠️ 001335 信凯科技 K线更新失败: ('Connection aborted.', RemoteDisconnected('Remote end closed connection without response'))
2025-08-19 20:59:07,690 - WARNING - ⚠️ 001336 楚环科技 K线更新失败: ('Connection aborted.', RemoteDisconnected('Remote end closed connection without response'))
2025-08-19 20:59:07,953 - WARNING - ⚠️ 001337 四川黄金 K线更新失败: ('Connection aborted.', RemoteDisconnected('Remote end closed connection without response'))
2025-08-19 20:59:08,462 - WARNING - ⚠️ 001338 永顺泰 K线更新失败: ('Connection aborted.', RemoteDisconnected('Remote end closed connection without response'))
2025-08-19 20:59:08,717 - WARNING - ⚠️ 001339 智微智能 K线更新失败: ('Connection aborted.', RemoteDisconnected('Remote end closed connection without response'))
2025-08-19 20:59:08,983 - WARNING - ⚠️ 001356 富岭股份 K线更新失败: ('Connection aborted.', RemoteDisconnected('Remote end closed connection without response'))
2025-08-19 20:59:09,255 - WARNING - ⚠️ 001358 兴欣新材 K线更新失败: ('Connection aborted.', RemoteDisconnected('Remote end closed connection without response'))
2025-08-19 20:59:09,514 - WARNING - ⚠️ 001359 平安电工 K线更新失败: ('Connection aborted.', RemoteDisconnected('Remote end closed connection without response'))
2025-08-19 20:59:10,075 - WARNING - ⚠️ 001360 南矿集团 K线更新失败: ('Connection aborted.', RemoteDisconnected('Remote end closed connection without response'))
2025-08-19 20:59:10,344 - WARNING - ⚠️ 001366 播恩集团 K线更新失败: ('Connection aborted.', RemoteDisconnected('Remote end closed connection without response'))
2025-08-19 20:59:10,598 - WARNING - ⚠️ 001367 海森药业 K线更新失败: ('Connection aborted.', RemoteDisconnected('Remote end closed connection without response'))
2025-08-19 20:59:10,861 - WARNING - ⚠️ 001368 通达创智 K线更新失败: ('Connection aborted.', RemoteDisconnected('Remote end closed connection without response'))
2025-08-19 20:59:11,121 - WARNING - ⚠️ 001373 翔腾新材 K线更新失败: ('Connection aborted.', RemoteDisconnected('Remote end closed connection without response'))
2025-08-19 20:59:12,383 - WARNING - ⚠️ 001376 百通能源 K线更新失败: ('Connection aborted.', RemoteDisconnected('Remote end closed connection without response'))
2025-08-19 20:59:12,649 - WARNING - ⚠️ 001378 德冠新材 K线更新失败: ('Connection aborted.', RemoteDisconnected('Remote end closed connection without response'))
2025-08-19 20:59:12,932 - WARNING - ⚠️ 001379 腾达科技 K线更新失败: ('Connection aborted.', RemoteDisconnected('Remote end closed connection without response'))
2025-08-19 20:59:13,189 - WARNING - ⚠️ 001380 华纬科技 K线更新失败: ('Connection aborted.', RemoteDisconnected('Remote end closed connection without response'))
2025-08-19 20:59:13,438 - WARNING - ⚠️ 001382 新亚电缆 K线更新失败: ('Connection aborted.', RemoteDisconnected('Remote end closed connection without response'))
2025-08-19 20:59:13,686 - WARNING - ⚠️ 001387 雪祺电气 K线更新失败: ('Connection aborted.', RemoteDisconnected('Remote end closed connection without response'))
2025-08-19 20:59:14,583 - WARNING - ⚠️ 001388 信通电子 K线更新失败: ('Connection aborted.', RemoteDisconnected('Remote end closed connection without response'))
2025-08-19 20:59:14,899 - WARNING - ⚠️ 001389 广合科技 K线更新失败: ('Connection aborted.', RemoteDisconnected('Remote end closed connection without response'))
2025-08-19 20:59:15,160 - WARNING - ⚠️ 001390 古麒绒材 K线更新失败: ('Connection aborted.', RemoteDisconnected('Remote end closed connection without response'))
2025-08-19 20:59:15,823 - WARNING - ⚠️ 001391 国货航 K线更新失败: ('Connection aborted.', RemoteDisconnected('Remote end closed connection without response'))
2025-08-19 20:59:16,089 - WARNING - ⚠️ 001395 亚联机械 K线更新失败: ('Connection aborted.', RemoteDisconnected('Remote end closed connection without response'))
2025-08-19 20:59:16,334 - WARNING - ⚠️ 001400 江顺科技 K线更新失败: ('Connection aborted.', RemoteDisconnected('Remote end closed connection without response'))
2025-08-19 20:59:17,174 - WARNING - ⚠️ 001696 宗申动力 K线更新失败: ('Connection aborted.', RemoteDisconnected('Remote end closed connection without response'))
2025-08-19 20:59:17,423 - WARNING - ⚠️ 001872 招商港口 K线更新失败: ('Connection aborted.', RemoteDisconnected('Remote end closed connection without response'))
2025-08-19 20:59:17,723 - WARNING - ⚠️ 001896 豫能控股 K线更新失败: ('Connection aborted.', RemoteDisconnected('Remote end closed connection without response'))
2025-08-19 20:59:17,972 - WARNING - ⚠️ 001914 招商积余 K线更新失败: ('Connection aborted.', RemoteDisconnected('Remote end closed connection without response'))
2025-08-19 20:59:18,217 - WARNING - ⚠️ 001965 招商公路 K线更新失败: ('Connection aborted.', RemoteDisconnected('Remote end closed connection without response'))
2025-08-19 20:59:18,453 - WARNING - ⚠️ 001979 招商蛇口 K线更新失败: ('Connection aborted.', RemoteDisconnected('Remote end closed connection without response'))
2025-08-19 20:59:18,723 - WARNING - ⚠️ 002001 新和成 K线更新失败: ('Connection aborted.', RemoteDisconnected('Remote end closed connection without response'))
2025-08-19 20:59:18,971 - WARNING - ⚠️ 002002 ST鸿达 K线更新失败: ('Connection aborted.', RemoteDisconnected('Remote end closed connection without response'))
2025-08-19 20:59:19,062 - INFO - 数据库连接已关闭
2025-08-19 21:24:22,168 - INFO - 🌟 每周数据更新程序启动
2025-08-19 21:24:22,169 - INFO - 🚀 开始每周数据更新...
2025-08-19 21:24:22,169 - INFO - ============================================================
2025-08-19 21:24:22,175 - INFO - ✅ 成功连接到MySQL数据库
2025-08-19 21:24:22,175 - INFO - 📊 开始更新近7个自然日K线数据）...
2025-08-19 21:24:22,210 - INFO - 📊 准备更新 5740 只股票的近7个自然日K线数据
2025-08-19 21:24:22,539 - WARNING - ⚠️ 000001 平安银行 K线更新失败: ('Connection aborted.', RemoteDisconnected('Remote end closed connection without response'))
2025-08-19 21:24:22,815 - WARNING - ⚠️ 000002 万科Ａ K线更新失败: ('Connection aborted.', RemoteDisconnected('Remote end closed connection without response'))
2025-08-19 21:24:23,075 - WARNING - ⚠️ 000003 PT金田A K线更新失败: ('Connection aborted.', RemoteDisconnected('Remote end closed connection without response'))
2025-08-19 21:24:23,347 - WARNING - ⚠️ 000004 *ST国华 K线更新失败: ('Connection aborted.', RemoteDisconnected('Remote end closed connection without response'))
2025-08-19 21:24:23,608 - WARNING - ⚠️ 000005 ST星源 K线更新失败: ('Connection aborted.', RemoteDisconnected('Remote end closed connection without response'))
2025-08-19 21:24:23,887 - WARNING - ⚠️ 000006 深振业Ａ K线更新失败: ('Connection aborted.', RemoteDisconnected('Remote end closed connection without response'))
2025-08-19 21:24:23,963 - INFO - 数据库连接已关闭
2025-08-19 21:47:38,550 - INFO - 🌟 每周数据更新程序启动
2025-08-19 21:47:38,551 - INFO - 🚀 开始每周数据更新...
2025-08-19 21:47:38,551 - INFO - ============================================================
2025-08-19 21:47:38,556 - INFO - ✅ 成功连接到MySQL数据库
2025-08-19 21:47:38,556 - INFO - 📊 开始更新近7个自然日K线数据）...
2025-08-19 21:47:38,593 - INFO - 📊 准备更新 5740 只股票的近7个自然日K线数据
2025-08-19 21:47:38,846 - WARNING - ⚠️ 000001 平安银行 K线更新失败: ('Connection aborted.', RemoteDisconnected('Remote end closed connection without response'))
2025-08-19 21:47:39,112 - WARNING - ⚠️ 000002 万科Ａ K线更新失败: ('Connection aborted.', RemoteDisconnected('Remote end closed connection without response'))
2025-08-19 21:47:39,365 - WARNING - ⚠️ 000003 PT金田A K线更新失败: ('Connection aborted.', RemoteDisconnected('Remote end closed connection without response'))
2025-08-19 21:47:39,620 - WARNING - ⚠️ 000004 *ST国华 K线更新失败: ('Connection aborted.', RemoteDisconnected('Remote end closed connection without response'))
2025-08-19 21:47:39,887 - WARNING - ⚠️ 000005 ST星源 K线更新失败: ('Connection aborted.', RemoteDisconnected('Remote end closed connection without response'))
2025-08-19 21:47:40,514 - WARNING - ⚠️ 000006 深振业Ａ K线更新失败: ('Connection aborted.', RemoteDisconnected('Remote end closed connection without response'))
2025-08-19 21:47:40,776 - WARNING - ⚠️ 000007 全新好 K线更新失败: ('Connection aborted.', RemoteDisconnected('Remote end closed connection without response'))
2025-08-19 21:47:40,853 - INFO - 数据库连接已关闭
