2025-08-14 20:11:27,790 - INFO - 🌟 每周数据更新程序启动
2025-08-14 20:11:27,796 - INFO - 🚀 开始每周数据更新...
2025-08-14 20:11:27,797 - INFO - ============================================================
2025-08-14 20:11:27,803 - INFO - ✅ 成功连接到MySQL数据库
2025-08-14 20:11:27,803 - INFO - 📊 开始更新近7个自然日股票分红派息数据...
2025-08-14 20:11:27,804 - ERROR - ❌ 更新本周股票分红派息数据更新失败: sequence item 0: expected str instance, tuple found
2025-08-14 20:11:27,804 - INFO - ============================================================
2025-08-14 20:11:27,804 - INFO - 📊 本周数据更新统计
2025-08-14 20:11:27,805 - INFO - ============================================================
2025-08-14 20:11:27,805 - INFO - ⏱️  更新耗时: 0:00:00.007991
2025-08-14 20:11:27,805 - INFO - 📈 实时行情: 0 条
2025-08-14 20:11:27,805 - INFO - 📊 本周K线: 0 条
2025-08-14 20:11:27,805 - INFO - 📅 交易日历: 0 条
2025-08-14 20:11:27,805 - INFO - ❌ 错误数量: 1
2025-08-14 20:11:27,805 - INFO -    • 更新本周股票分红派息数据更新失败: sequence item 0: expected str instance, tuple found
2025-08-14 20:11:27,805 - INFO - ============================================================
2025-08-14 20:11:27,811 - INFO - 🎉 本周数据更新完成！
2025-08-14 20:11:27,811 - INFO - 数据库连接已关闭
2025-08-14 20:11:27,811 - INFO - ✅ 每周数据更新成功完成
2025-08-14 20:15:27,035 - INFO - 🌟 每周数据更新程序启动
2025-08-14 20:15:27,036 - INFO - 🚀 开始每周数据更新...
2025-08-14 20:15:27,036 - INFO - ============================================================
2025-08-14 20:15:27,040 - INFO - ✅ 成功连接到MySQL数据库
2025-08-14 20:15:27,041 - INFO - 📊 开始更新近7个自然日股票分红派息数据...
2025-08-14 20:15:27,042 - ERROR - ❌ 更新本周股票分红派息数据更新失败: sequence item 0: expected str instance, tuple found
2025-08-14 20:15:27,042 - INFO - ============================================================
2025-08-14 20:15:27,042 - INFO - 📊 本周数据更新统计
2025-08-14 20:15:27,042 - INFO - ============================================================
2025-08-14 20:15:27,043 - INFO - ⏱️  更新耗时: 0:00:00.005284
2025-08-14 20:15:27,043 - INFO - 📈 实时行情: 0 条
2025-08-14 20:15:27,043 - INFO - 📊 本周K线: 0 条
2025-08-14 20:15:27,043 - INFO - 📅 交易日历: 0 条
2025-08-14 20:15:27,043 - INFO - ❌ 错误数量: 1
2025-08-14 20:15:27,043 - INFO -    • 更新本周股票分红派息数据更新失败: sequence item 0: expected str instance, tuple found
2025-08-14 20:15:27,043 - INFO - ============================================================
2025-08-14 20:15:27,050 - INFO - 🎉 本周数据更新完成！
2025-08-14 20:15:27,051 - INFO - 数据库连接已关闭
2025-08-14 20:15:27,051 - INFO - ✅ 每周数据更新成功完成
2025-08-14 20:16:30,493 - INFO - 🌟 每周数据更新程序启动
2025-08-14 20:16:30,493 - INFO - 🚀 开始每周数据更新...
2025-08-14 20:16:30,493 - INFO - ============================================================
2025-08-14 20:16:30,493 - INFO - ✅ 成功连接到MySQL数据库
2025-08-14 20:16:30,493 - INFO - 📊 开始更新近7个自然日股票分红派息数据...
2025-08-14 20:16:30,500 - ERROR - ❌ 更新本周股票分红派息数据更新失败: sequence item 0: expected str instance, tuple found
2025-08-14 20:16:30,500 - INFO - ============================================================
2025-08-14 20:16:30,500 - INFO - 📊 本周数据更新统计
2025-08-14 20:16:30,500 - INFO - ============================================================
2025-08-14 20:16:30,500 - INFO - ⏱️  更新耗时: 0:00:00.006808
2025-08-14 20:16:30,500 - INFO - 📈 实时行情: 0 条
2025-08-14 20:16:30,500 - INFO - 📊 本周K线: 0 条
2025-08-14 20:16:30,501 - INFO - 📅 交易日历: 0 条
2025-08-14 20:16:30,501 - INFO - ❌ 错误数量: 1
2025-08-14 20:16:30,501 - INFO -    • 更新本周股票分红派息数据更新失败: sequence item 0: expected str instance, tuple found
2025-08-14 20:16:30,501 - INFO - ============================================================
2025-08-14 20:16:30,505 - INFO - 🎉 本周数据更新完成！
2025-08-14 20:16:30,505 - INFO - 数据库连接已关闭
2025-08-14 20:16:30,505 - INFO - ✅ 每周数据更新成功完成
2025-08-14 20:16:43,349 - INFO - 🌟 每周数据更新程序启动
2025-08-14 20:16:43,349 - INFO - 🚀 开始每周数据更新...
2025-08-14 20:16:43,349 - INFO - ============================================================
2025-08-14 20:16:43,353 - INFO - ✅ 成功连接到MySQL数据库
2025-08-14 20:16:43,353 - INFO - 📊 开始更新近7个自然日股票分红派息数据...
2025-08-14 20:16:43,356 - ERROR - ❌ 更新本周股票分红派息数据更新失败: sequence item 0: expected str instance, tuple found
2025-08-14 20:16:43,357 - INFO - ============================================================
2025-08-14 20:16:43,357 - INFO - 📊 本周数据更新统计
2025-08-14 20:16:43,357 - INFO - ============================================================
2025-08-14 20:16:43,358 - INFO - ⏱️  更新耗时: 0:00:00.007797
2025-08-14 20:16:43,358 - INFO - 📈 实时行情: 0 条
2025-08-14 20:16:43,358 - INFO - 📊 本周K线: 0 条
2025-08-14 20:16:43,358 - INFO - 📅 交易日历: 0 条
2025-08-14 20:16:43,358 - INFO - ❌ 错误数量: 1
2025-08-14 20:16:43,358 - INFO -    • 更新本周股票分红派息数据更新失败: sequence item 0: expected str instance, tuple found
2025-08-14 20:16:43,358 - INFO - ============================================================
2025-08-14 20:16:43,363 - INFO - 🎉 本周数据更新完成！
2025-08-14 20:16:43,363 - INFO - 数据库连接已关闭
2025-08-14 20:16:43,363 - INFO - ✅ 每周数据更新成功完成
2025-08-14 20:16:58,163 - INFO - 🌟 每周数据更新程序启动
2025-08-14 20:16:58,163 - INFO - 🚀 开始每周数据更新...
2025-08-14 20:16:58,163 - INFO - ============================================================
2025-08-14 20:16:58,169 - INFO - ✅ 成功连接到MySQL数据库
2025-08-14 20:16:58,169 - INFO - 📊 开始更新近7个自然日股票分红派息数据...
2025-08-14 20:16:58,171 - ERROR - ❌ 更新本周股票分红派息数据更新失败: sequence item 0: expected str instance, tuple found
2025-08-14 20:16:58,171 - INFO - ============================================================
2025-08-14 20:16:58,171 - INFO - 📊 本周数据更新统计
2025-08-14 20:16:58,171 - INFO - ============================================================
2025-08-14 20:16:58,171 - INFO - ⏱️  更新耗时: 0:00:00.008113
2025-08-14 20:16:58,172 - INFO - 📈 实时行情: 0 条
2025-08-14 20:16:58,172 - INFO - 📊 本周K线: 0 条
2025-08-14 20:16:58,172 - INFO - 📅 交易日历: 0 条
2025-08-14 20:16:58,172 - INFO - ❌ 错误数量: 1
2025-08-14 20:16:58,172 - INFO -    • 更新本周股票分红派息数据更新失败: sequence item 0: expected str instance, tuple found
2025-08-14 20:16:58,172 - INFO - ============================================================
2025-08-14 20:16:58,175 - INFO - 🎉 本周数据更新完成！
2025-08-14 20:16:58,175 - INFO - 数据库连接已关闭
2025-08-14 20:16:58,175 - INFO - ✅ 每周数据更新成功完成
2025-08-14 20:17:38,032 - INFO - 🌟 每周数据更新程序启动
2025-08-14 20:17:38,032 - INFO - 🚀 开始每周数据更新...
2025-08-14 20:17:38,032 - INFO - ============================================================
2025-08-14 20:17:38,032 - INFO - ✅ 成功连接到MySQL数据库
2025-08-14 20:17:38,032 - INFO - 📊 开始更新近7个自然日股票分红派息数据...
2025-08-14 20:17:38,032 - ERROR - ❌ 更新本周股票分红派息数据更新失败: sequence item 0: expected str instance, tuple found
2025-08-14 20:17:38,032 - INFO - ============================================================
2025-08-14 20:17:38,032 - INFO - 📊 本周数据更新统计
2025-08-14 20:17:38,032 - INFO - ============================================================
2025-08-14 20:17:38,040 - INFO - ⏱️  更新耗时: 0:00:00
2025-08-14 20:17:38,040 - INFO - 📈 实时行情: 0 条
2025-08-14 20:17:38,040 - INFO - 📊 本周K线: 0 条
2025-08-14 20:17:38,040 - INFO - 📅 交易日历: 0 条
2025-08-14 20:17:38,040 - INFO - ❌ 错误数量: 1
2025-08-14 20:17:38,040 - INFO -    • 更新本周股票分红派息数据更新失败: sequence item 0: expected str instance, tuple found
2025-08-14 20:17:38,040 - INFO - ============================================================
2025-08-14 20:17:38,045 - INFO - 🎉 本周数据更新完成！
2025-08-14 20:17:38,045 - INFO - 数据库连接已关闭
2025-08-14 20:17:38,045 - INFO - ✅ 每周数据更新成功完成
2025-08-14 20:18:08,331 - INFO - 🌟 每周数据更新程序启动
2025-08-14 20:18:08,331 - INFO - 🚀 开始每周数据更新...
2025-08-14 20:18:08,331 - INFO - ============================================================
2025-08-14 20:18:08,331 - INFO - ✅ 成功连接到MySQL数据库
2025-08-14 20:18:08,331 - INFO - 📊 开始更新近7个自然日股票分红派息数据...
2025-08-14 20:18:08,353 - ERROR - ❌ 本周更新执行失败: (1305, 'FUNCTION adata.to_char does not exist')
2025-08-14 20:18:08,378 - ERROR - 详细错误: Traceback (most recent call last):
  File "d:\Project\ADATA\adata\weekly_update_stock_info.py", line 1002, in run_daily_update
    self.update_stock_dividend()
  File "d:\Project\ADATA\adata\weekly_update_stock_info.py", line 860, in update_stock_dividend
    self.cursor.execute(f"select to_char(trade_date,'yyyy-mm-dd') from adata.trade_calendar a where a.trade_date  >= '2025-08-14' and a.trade_date <= '2025-08-14'")
  File "D:\condaenv\env\wencai\lib\site-packages\pymysql\cursors.py", line 153, in execute
    result = self._query(query)
  File "D:\condaenv\env\wencai\lib\site-packages\pymysql\cursors.py", line 322, in _query
    conn.query(q)
  File "D:\condaenv\env\wencai\lib\site-packages\pymysql\connections.py", line 563, in query
    self._affected_rows = self._read_query_result(unbuffered=unbuffered)
  File "D:\condaenv\env\wencai\lib\site-packages\pymysql\connections.py", line 825, in _read_query_result
    result.read()
  File "D:\condaenv\env\wencai\lib\site-packages\pymysql\connections.py", line 1199, in read
    first_packet = self.connection._read_packet()
  File "D:\condaenv\env\wencai\lib\site-packages\pymysql\connections.py", line 775, in _read_packet
    packet.raise_for_error()
  File "D:\condaenv\env\wencai\lib\site-packages\pymysql\protocol.py", line 219, in raise_for_error
    err.raise_mysql_exception(self._data)
  File "D:\condaenv\env\wencai\lib\site-packages\pymysql\err.py", line 150, in raise_mysql_exception
    raise errorclass(errno, errval)
pymysql.err.OperationalError: (1305, 'FUNCTION adata.to_char does not exist')

2025-08-14 20:18:08,381 - INFO - 数据库连接已关闭
2025-08-14 20:18:08,382 - ERROR - ❌ 每周数据更新失败
2025-08-14 20:20:13,768 - INFO - 🌟 每周数据更新程序启动
2025-08-14 20:20:13,768 - INFO - 🚀 开始每周数据更新...
2025-08-14 20:20:13,768 - INFO - ============================================================
2025-08-14 20:20:13,775 - INFO - ✅ 成功连接到MySQL数据库
2025-08-14 20:20:13,775 - INFO - 📊 开始更新近7个自然日股票分红派息数据...
2025-08-14 20:20:13,775 - ERROR - ❌ 更新本周股票分红派息数据更新失败: sequence item 0: expected str instance, tuple found
2025-08-14 20:20:13,775 - INFO - ============================================================
2025-08-14 20:20:13,775 - INFO - 📊 本周数据更新统计
2025-08-14 20:20:13,775 - INFO - ============================================================
2025-08-14 20:20:13,778 - INFO - ⏱️  更新耗时: 0:00:00.007196
2025-08-14 20:20:13,778 - INFO - 📈 实时行情: 0 条
2025-08-14 20:20:13,778 - INFO - 📊 本周K线: 0 条
2025-08-14 20:20:13,779 - INFO - 📅 交易日历: 0 条
2025-08-14 20:20:13,779 - INFO - ❌ 错误数量: 1
2025-08-14 20:20:13,779 - INFO -    • 更新本周股票分红派息数据更新失败: sequence item 0: expected str instance, tuple found
2025-08-14 20:20:13,779 - INFO - ============================================================
2025-08-14 20:20:13,784 - INFO - 🎉 本周数据更新完成！
2025-08-14 20:20:13,788 - INFO - 数据库连接已关闭
2025-08-14 20:20:13,788 - INFO - ✅ 每周数据更新成功完成
2025-08-14 20:20:54,517 - INFO - 🌟 每周数据更新程序启动
2025-08-14 20:20:54,527 - INFO - 🚀 开始每周数据更新...
2025-08-14 20:20:54,527 - INFO - ============================================================
2025-08-14 20:20:54,529 - INFO - ✅ 成功连接到MySQL数据库
2025-08-14 20:20:54,531 - INFO - 📊 开始更新近7个自然日股票分红派息数据...
2025-08-14 20:20:54,532 - ERROR - ❌ 更新本周股票分红派息数据更新失败: sequence item 0: expected str instance, tuple found
2025-08-14 20:20:54,532 - INFO - ============================================================
2025-08-14 20:20:54,532 - INFO - 📊 本周数据更新统计
2025-08-14 20:20:54,532 - INFO - ============================================================
2025-08-14 20:20:54,532 - INFO - ⏱️  更新耗时: 0:00:00.004963
2025-08-14 20:20:54,532 - INFO - 📈 实时行情: 0 条
2025-08-14 20:20:54,532 - INFO - 📊 本周K线: 0 条
2025-08-14 20:20:54,533 - INFO - 📅 交易日历: 0 条
2025-08-14 20:20:54,533 - INFO - ❌ 错误数量: 1
2025-08-14 20:20:54,533 - INFO -    • 更新本周股票分红派息数据更新失败: sequence item 0: expected str instance, tuple found
2025-08-14 20:20:54,533 - INFO - ============================================================
2025-08-14 20:20:54,537 - INFO - 🎉 本周数据更新完成！
2025-08-14 20:20:54,537 - INFO - 数据库连接已关闭
2025-08-14 20:20:54,537 - INFO - ✅ 每周数据更新成功完成
2025-08-14 20:23:08,056 - INFO - 🌟 每周数据更新程序启动
2025-08-14 20:23:08,056 - INFO - 🚀 开始每周数据更新...
2025-08-14 20:23:08,056 - INFO - ============================================================
2025-08-14 20:23:08,064 - INFO - ✅ 成功连接到MySQL数据库
2025-08-14 20:23:08,064 - INFO - 📊 开始更新近7个自然日股票分红派息数据...
2025-08-14 20:23:08,064 - ERROR - ❌ 更新本周股票分红派息数据更新失败: sequence item 0: expected str instance, tuple found
2025-08-14 20:23:08,064 - INFO - ============================================================
2025-08-14 20:23:08,064 - INFO - 📊 本周数据更新统计
2025-08-14 20:23:08,064 - INFO - ============================================================
2025-08-14 20:23:08,064 - INFO - ⏱️  更新耗时: 0:00:00.008026
2025-08-14 20:23:08,067 - INFO - 📈 实时行情: 0 条
2025-08-14 20:23:08,067 - INFO - 📊 本周K线: 0 条
2025-08-14 20:23:08,067 - INFO - 📅 交易日历: 0 条
2025-08-14 20:23:08,067 - INFO - ❌ 错误数量: 1
2025-08-14 20:23:08,067 - INFO -    • 更新本周股票分红派息数据更新失败: sequence item 0: expected str instance, tuple found
2025-08-14 20:23:08,067 - INFO - ============================================================
2025-08-14 20:23:08,074 - INFO - 🎉 本周数据更新完成！
2025-08-14 20:23:08,074 - INFO - 数据库连接已关闭
2025-08-14 20:23:08,074 - INFO - ✅ 每周数据更新成功完成
2025-08-14 20:24:57,231 - INFO - 🌟 每周数据更新程序启动
2025-08-14 20:24:57,232 - INFO - 🚀 开始每周数据更新...
2025-08-14 20:24:57,232 - INFO - ============================================================
2025-08-14 20:24:57,236 - INFO - ✅ 成功连接到MySQL数据库
2025-08-14 20:24:57,236 - INFO - 📊 开始更新近7个自然日股票分红派息数据...
2025-08-14 20:24:57,247 - ERROR - ❌ 更新本周股票分红派息数据更新失败: sequence item 0: expected str instance, tuple found
2025-08-14 20:24:57,247 - INFO - ============================================================
2025-08-14 20:24:57,247 - INFO - 📊 本周数据更新统计
2025-08-14 20:24:57,247 - INFO - ============================================================
2025-08-14 20:24:57,247 - INFO - ⏱️  更新耗时: 0:00:00.014311
2025-08-14 20:24:57,247 - INFO - 📈 实时行情: 0 条
2025-08-14 20:24:57,247 - INFO - 📊 本周K线: 0 条
2025-08-14 20:24:57,248 - INFO - 📅 交易日历: 0 条
2025-08-14 20:24:57,248 - INFO - ❌ 错误数量: 1
2025-08-14 20:24:57,248 - INFO -    • 更新本周股票分红派息数据更新失败: sequence item 0: expected str instance, tuple found
2025-08-14 20:24:57,248 - INFO - ============================================================
2025-08-14 20:24:57,256 - INFO - 🎉 本周数据更新完成！
2025-08-14 20:24:57,256 - INFO - 数据库连接已关闭
2025-08-14 20:24:57,256 - INFO - ✅ 每周数据更新成功完成
2025-08-14 20:25:21,801 - INFO - 🌟 每周数据更新程序启动
2025-08-14 20:25:21,801 - INFO - 🚀 开始每周数据更新...
2025-08-14 20:25:21,801 - INFO - ============================================================
2025-08-14 20:25:21,801 - INFO - ✅ 成功连接到MySQL数据库
2025-08-14 20:25:21,801 - INFO - 📊 开始更新近7个自然日股票分红派息数据...
2025-08-14 20:25:21,809 - ERROR - ❌ 更新本周股票分红派息数据更新失败: sequence item 0: expected str instance, tuple found
2025-08-14 20:25:21,811 - INFO - ============================================================
2025-08-14 20:25:21,811 - INFO - 📊 本周数据更新统计
2025-08-14 20:25:21,811 - INFO - ============================================================
2025-08-14 20:25:21,811 - INFO - ⏱️  更新耗时: 0:00:00.009749
2025-08-14 20:25:21,811 - INFO - 📈 实时行情: 0 条
2025-08-14 20:25:21,811 - INFO - 📊 本周K线: 0 条
2025-08-14 20:25:21,811 - INFO - 📅 交易日历: 0 条
2025-08-14 20:25:21,811 - INFO - ❌ 错误数量: 1
2025-08-14 20:25:21,811 - INFO -    • 更新本周股票分红派息数据更新失败: sequence item 0: expected str instance, tuple found
2025-08-14 20:25:21,811 - INFO - ============================================================
2025-08-14 20:25:21,818 - INFO - 🎉 本周数据更新完成！
2025-08-14 20:25:21,818 - INFO - 数据库连接已关闭
2025-08-14 20:25:21,818 - INFO - ✅ 每周数据更新成功完成
2025-08-14 20:25:31,521 - INFO - 🌟 每周数据更新程序启动
2025-08-14 20:25:31,521 - INFO - 🚀 开始每周数据更新...
2025-08-14 20:25:31,521 - INFO - ============================================================
2025-08-14 20:25:31,521 - INFO - ✅ 成功连接到MySQL数据库
2025-08-14 20:25:31,521 - INFO - 📊 开始更新近7个自然日股票分红派息数据...
2025-08-14 20:25:31,533 - ERROR - ❌ 更新本周股票分红派息数据更新失败: sequence item 0: expected str instance, tuple found
2025-08-14 20:25:31,533 - INFO - ============================================================
2025-08-14 20:25:31,534 - INFO - 📊 本周数据更新统计
2025-08-14 20:25:31,534 - INFO - ============================================================
2025-08-14 20:25:31,534 - INFO - ⏱️  更新耗时: 0:00:00.011822
2025-08-14 20:25:31,534 - INFO - 📈 实时行情: 0 条
2025-08-14 20:25:31,534 - INFO - 📊 本周K线: 0 条
2025-08-14 20:25:31,534 - INFO - 📅 交易日历: 0 条
2025-08-14 20:25:31,535 - INFO - ❌ 错误数量: 1
2025-08-14 20:25:31,535 - INFO -    • 更新本周股票分红派息数据更新失败: sequence item 0: expected str instance, tuple found
2025-08-14 20:25:31,535 - INFO - ============================================================
2025-08-14 20:25:31,542 - INFO - 🎉 本周数据更新完成！
2025-08-14 20:25:31,542 - INFO - 数据库连接已关闭
2025-08-14 20:25:31,542 - INFO - ✅ 每周数据更新成功完成
2025-08-14 20:26:00,380 - INFO - 🌟 每周数据更新程序启动
2025-08-14 20:26:00,380 - INFO - 🚀 开始每周数据更新...
2025-08-14 20:26:00,380 - INFO - ============================================================
2025-08-14 20:26:00,389 - INFO - ✅ 成功连接到MySQL数据库
2025-08-14 20:26:00,389 - INFO - 📊 开始更新近7个自然日股票分红派息数据...
2025-08-14 20:26:00,408 - ERROR - ❌ 更新本周股票分红派息数据更新失败: sequence item 0: expected str instance, tuple found
2025-08-14 20:26:00,408 - INFO - ============================================================
2025-08-14 20:26:00,408 - INFO - 📊 本周数据更新统计
2025-08-14 20:26:00,408 - INFO - ============================================================
2025-08-14 20:26:00,410 - INFO - ⏱️  更新耗时: 0:00:00.027276
2025-08-14 20:26:00,410 - INFO - 📈 实时行情: 0 条
2025-08-14 20:26:00,410 - INFO - 📊 本周K线: 0 条
2025-08-14 20:26:00,410 - INFO - 📅 交易日历: 0 条
2025-08-14 20:26:00,410 - INFO - ❌ 错误数量: 1
2025-08-14 20:26:00,410 - INFO -    • 更新本周股票分红派息数据更新失败: sequence item 0: expected str instance, tuple found
2025-08-14 20:26:00,410 - INFO - ============================================================
2025-08-14 20:26:00,410 - INFO - 🎉 本周数据更新完成！
2025-08-14 20:26:00,410 - INFO - 数据库连接已关闭
2025-08-14 20:26:00,418 - INFO - ✅ 每周数据更新成功完成
2025-08-14 20:26:21,093 - INFO - 🌟 每周数据更新程序启动
2025-08-14 20:26:21,093 - INFO - 🚀 开始每周数据更新...
2025-08-14 20:26:21,093 - INFO - ============================================================
2025-08-14 20:26:21,096 - INFO - ✅ 成功连接到MySQL数据库
2025-08-14 20:26:21,096 - INFO - 📊 开始更新近7个自然日股票分红派息数据...
2025-08-14 20:26:21,102 - ERROR - ❌ 更新本周股票分红派息数据更新失败: sequence item 0: expected str instance, tuple found
2025-08-14 20:26:21,102 - INFO - ============================================================
2025-08-14 20:26:21,102 - INFO - 📊 本周数据更新统计
2025-08-14 20:26:21,102 - INFO - ============================================================
2025-08-14 20:26:21,102 - INFO - ⏱️  更新耗时: 0:00:00.009071
2025-08-14 20:26:21,102 - INFO - 📈 实时行情: 0 条
2025-08-14 20:26:21,103 - INFO - 📊 本周K线: 0 条
2025-08-14 20:26:21,103 - INFO - 📅 交易日历: 0 条
2025-08-14 20:26:21,103 - INFO - ❌ 错误数量: 1
2025-08-14 20:26:21,103 - INFO -    • 更新本周股票分红派息数据更新失败: sequence item 0: expected str instance, tuple found
2025-08-14 20:26:21,103 - INFO - ============================================================
2025-08-14 20:26:21,111 - INFO - 🎉 本周数据更新完成！
2025-08-14 20:26:21,111 - INFO - 数据库连接已关闭
2025-08-14 20:26:21,111 - INFO - ✅ 每周数据更新成功完成
2025-08-14 20:26:58,829 - INFO - 🌟 每周数据更新程序启动
2025-08-14 20:26:58,829 - INFO - 🚀 开始每周数据更新...
2025-08-14 20:26:58,829 - INFO - ============================================================
2025-08-14 20:26:58,829 - INFO - ✅ 成功连接到MySQL数据库
2025-08-14 20:26:58,829 - INFO - 📊 开始更新近7个自然日股票分红派息数据...
2025-08-14 20:26:58,836 - ERROR - ❌ 更新本周股票分红派息数据更新失败: name 'index_code' is not defined
2025-08-14 20:26:58,836 - INFO - ============================================================
2025-08-14 20:26:58,836 - INFO - 📊 本周数据更新统计
2025-08-14 20:26:58,836 - INFO - ============================================================
2025-08-14 20:26:58,836 - INFO - ⏱️  更新耗时: 0:00:00.006910
2025-08-14 20:26:58,836 - INFO - 📈 实时行情: 0 条
2025-08-14 20:26:58,837 - INFO - 📊 本周K线: 0 条
2025-08-14 20:26:58,837 - INFO - 📅 交易日历: 0 条
2025-08-14 20:26:58,837 - INFO - ❌ 错误数量: 1
2025-08-14 20:26:58,837 - INFO -    • 更新本周股票分红派息数据更新失败: name 'index_code' is not defined
2025-08-14 20:26:58,837 - INFO - ============================================================
2025-08-14 20:26:58,844 - INFO - 🎉 本周数据更新完成！
2025-08-14 20:26:58,844 - INFO - 数据库连接已关闭
2025-08-14 20:26:58,844 - INFO - ✅ 每周数据更新成功完成
2025-08-14 20:27:34,016 - INFO - 🌟 每周数据更新程序启动
2025-08-14 20:27:34,016 - INFO - 🚀 开始每周数据更新...
2025-08-14 20:27:34,016 - INFO - ============================================================
2025-08-14 20:27:34,018 - INFO - ✅ 成功连接到MySQL数据库
2025-08-14 20:27:34,018 - INFO - 📊 开始更新近7个自然日股票分红派息数据...
2025-08-14 20:27:34,018 - INFO - ✅ 本周股票分红派息数据更新完成
2025-08-14 20:27:34,018 - INFO - ============================================================
2025-08-14 20:27:34,018 - INFO - 📊 本周数据更新统计
2025-08-14 20:27:34,018 - INFO - ============================================================
2025-08-14 20:27:34,018 - INFO - ⏱️  更新耗时: 0:00:00.002004
2025-08-14 20:27:34,022 - INFO - 📈 实时行情: 0 条
2025-08-14 20:27:34,022 - INFO - 📊 本周K线: 0 条
2025-08-14 20:27:34,022 - INFO - 📅 交易日历: 0 条
2025-08-14 20:27:34,022 - INFO - ✅ 无错误
2025-08-14 20:27:34,023 - INFO - ============================================================
2025-08-14 20:27:34,028 - INFO - 🎉 本周数据更新完成！
2025-08-14 20:27:34,028 - INFO - 数据库连接已关闭
2025-08-14 20:27:34,028 - INFO - ✅ 每周数据更新成功完成
2025-08-14 20:29:03,340 - INFO - 🌟 每周数据更新程序启动
2025-08-14 20:29:03,341 - INFO - 🚀 开始每周数据更新...
2025-08-14 20:29:03,341 - INFO - ============================================================
2025-08-14 20:29:03,344 - INFO - ✅ 成功连接到MySQL数据库
2025-08-14 20:29:03,344 - INFO - 📊 开始更新近7个自然日股票分红派息数据...
2025-08-14 20:29:03,345 - ERROR - ❌ 更新本周股票分红派息数据更新失败: sequence item 0: expected str instance, tuple found
2025-08-14 20:29:03,345 - INFO - ============================================================
2025-08-14 20:29:03,345 - INFO - 📊 本周数据更新统计
2025-08-14 20:29:03,345 - INFO - ============================================================
2025-08-14 20:29:03,345 - INFO - ⏱️  更新耗时: 0:00:00.004000
2025-08-14 20:29:03,345 - INFO - 📈 实时行情: 0 条
2025-08-14 20:29:03,346 - INFO - 📊 本周K线: 0 条
2025-08-14 20:29:03,346 - INFO - 📅 交易日历: 0 条
2025-08-14 20:29:03,346 - INFO - ❌ 错误数量: 1
2025-08-14 20:29:03,346 - INFO -    • 更新本周股票分红派息数据更新失败: sequence item 0: expected str instance, tuple found
2025-08-14 20:29:03,346 - INFO - ============================================================
2025-08-14 20:29:03,353 - INFO - 🎉 本周数据更新完成！
2025-08-14 20:29:03,353 - INFO - 数据库连接已关闭
2025-08-14 20:29:03,354 - INFO - ✅ 每周数据更新成功完成
2025-08-14 20:30:46,603 - INFO - 🌟 每周数据更新程序启动
2025-08-14 20:30:46,603 - INFO - 🚀 开始每周数据更新...
2025-08-14 20:30:46,603 - INFO - ============================================================
2025-08-14 20:30:46,603 - INFO - ✅ 成功连接到MySQL数据库
2025-08-14 20:30:46,603 - INFO - 📊 开始更新近7个自然日股票分红派息数据...
2025-08-14 20:30:47,147 - INFO - ✅ ex_date股票分红派息数据更新完成
2025-08-14 20:30:47,147 - INFO - ✅ 本周股票分红派息数据更新完成
2025-08-14 20:30:47,147 - INFO - ============================================================
2025-08-14 20:30:47,147 - INFO - 📊 本周数据更新统计
2025-08-14 20:30:47,147 - INFO - ============================================================
2025-08-14 20:30:47,147 - INFO - ⏱️  更新耗时: 0:00:00.544000
2025-08-14 20:30:47,147 - INFO - 📈 实时行情: 0 条
2025-08-14 20:30:47,147 - INFO - 📊 本周K线: 0 条
2025-08-14 20:30:47,147 - INFO - 📅 交易日历: 0 条
2025-08-14 20:30:47,147 - INFO - ✅ 无错误
2025-08-14 20:30:47,147 - INFO - ============================================================
2025-08-14 20:30:47,153 - INFO - 🎉 本周数据更新完成！
2025-08-14 20:30:47,159 - INFO - 数据库连接已关闭
2025-08-14 20:30:47,159 - INFO - ✅ 每周数据更新成功完成
2025-08-14 20:31:18,633 - INFO - 🌟 每周数据更新程序启动
2025-08-14 20:31:18,633 - INFO - 🚀 开始每周数据更新...
2025-08-14 20:31:18,633 - INFO - ============================================================
2025-08-14 20:31:18,633 - INFO - ✅ 成功连接到MySQL数据库
2025-08-14 20:31:18,633 - INFO - 📊 开始更新近7个自然日股票分红派息数据...
2025-08-14 20:31:19,252 - INFO - ✅ ex_date股票分红派息数据更新完成
2025-08-14 20:31:19,772 - INFO - ✅ ex_date股票分红派息数据更新完成
2025-08-14 20:31:20,353 - INFO - ✅ ex_date股票分红派息数据更新完成
2025-08-14 20:31:20,833 - INFO - ✅ ex_date股票分红派息数据更新完成
2025-08-14 20:31:21,394 - INFO - ✅ ex_date股票分红派息数据更新完成
2025-08-14 20:31:21,394 - INFO - ✅ 本周股票分红派息数据更新完成
2025-08-14 20:31:21,394 - INFO - ============================================================
2025-08-14 20:31:21,394 - INFO - 📊 本周数据更新统计
2025-08-14 20:31:21,395 - INFO - ============================================================
2025-08-14 20:31:21,395 - INFO - ⏱️  更新耗时: 0:00:02.761743
2025-08-14 20:31:21,395 - INFO - 📈 实时行情: 0 条
2025-08-14 20:31:21,395 - INFO - 📊 本周K线: 0 条
2025-08-14 20:31:21,395 - INFO - 📅 交易日历: 0 条
2025-08-14 20:31:21,395 - INFO - ✅ 无错误
2025-08-14 20:31:21,395 - INFO - ============================================================
2025-08-14 20:31:21,402 - INFO - 🎉 本周数据更新完成！
2025-08-14 20:31:21,404 - INFO - 数据库连接已关闭
2025-08-14 20:31:21,404 - INFO - ✅ 每周数据更新成功完成
2025-08-14 20:31:41,172 - INFO - 🌟 每周数据更新程序启动
2025-08-14 20:31:41,172 - INFO - 🚀 开始每周数据更新...
2025-08-14 20:31:41,172 - INFO - ============================================================
2025-08-14 20:31:41,176 - INFO - ✅ 成功连接到MySQL数据库
2025-08-14 20:31:41,176 - INFO - 📊 开始更新近7个自然日股票分红派息数据...
2025-08-14 20:31:41,737 - INFO - ✅ ex_date股票分红派息数据更新完成
2025-08-14 20:31:42,312 - INFO - ✅ ex_date股票分红派息数据更新完成
2025-08-14 20:31:42,952 - INFO - ✅ ex_date股票分红派息数据更新完成
2025-08-14 20:31:43,466 - INFO - ✅ ex_date股票分红派息数据更新完成
2025-08-14 20:31:44,032 - INFO - ✅ ex_date股票分红派息数据更新完成
2025-08-14 20:31:44,539 - INFO - ✅ ex_date股票分红派息数据更新完成
2025-08-14 20:31:45,049 - INFO - ✅ ex_date股票分红派息数据更新完成
2025-08-14 20:31:45,557 - INFO - ✅ ex_date股票分红派息数据更新完成
2025-08-14 20:31:46,132 - INFO - ✅ ex_date股票分红派息数据更新完成
2025-08-14 20:31:46,600 - INFO - ✅ ex_date股票分红派息数据更新完成
2025-08-14 20:31:47,166 - INFO - ✅ ex_date股票分红派息数据更新完成
2025-08-14 20:31:47,898 - INFO - ✅ ex_date股票分红派息数据更新完成
2025-08-14 20:31:48,348 - INFO - ✅ ex_date股票分红派息数据更新完成
2025-08-14 20:31:48,932 - INFO - ✅ ex_date股票分红派息数据更新完成
2025-08-14 20:31:49,395 - INFO - ✅ ex_date股票分红派息数据更新完成
2025-08-14 20:31:50,441 - INFO - ✅ ex_date股票分红派息数据更新完成
2025-08-14 20:31:50,902 - INFO - ✅ ex_date股票分红派息数据更新完成
2025-08-14 20:31:51,399 - INFO - ✅ ex_date股票分红派息数据更新完成
2025-08-14 20:31:51,893 - INFO - ✅ ex_date股票分红派息数据更新完成
2025-08-14 20:31:52,357 - INFO - ✅ ex_date股票分红派息数据更新完成
2025-08-14 20:31:52,902 - INFO - ✅ ex_date股票分红派息数据更新完成
2025-08-14 20:31:53,395 - INFO - ✅ ex_date股票分红派息数据更新完成
2025-08-14 20:31:53,912 - INFO - ✅ ex_date股票分红派息数据更新完成
2025-08-14 20:31:54,513 - INFO - ✅ ex_date股票分红派息数据更新完成
2025-08-14 20:31:54,971 - INFO - ✅ ex_date股票分红派息数据更新完成
2025-08-14 20:31:55,477 - INFO - ✅ ex_date股票分红派息数据更新完成
2025-08-14 20:31:55,959 - INFO - ✅ ex_date股票分红派息数据更新完成
2025-08-14 20:31:56,442 - INFO - ✅ ex_date股票分红派息数据更新完成
2025-08-14 20:31:57,014 - INFO - ✅ ex_date股票分红派息数据更新完成
2025-08-14 20:31:57,481 - INFO - ✅ ex_date股票分红派息数据更新完成
2025-08-14 20:31:57,961 - INFO - ✅ ex_date股票分红派息数据更新完成
2025-08-14 20:31:58,482 - INFO - ✅ ex_date股票分红派息数据更新完成
2025-08-14 20:31:59,016 - INFO - ✅ ex_date股票分红派息数据更新完成
2025-08-14 20:31:59,499 - INFO - ✅ ex_date股票分红派息数据更新完成
2025-08-14 20:31:59,975 - INFO - ✅ ex_date股票分红派息数据更新完成
2025-08-14 20:32:00,499 - INFO - ✅ ex_date股票分红派息数据更新完成
2025-08-14 20:32:01,008 - INFO - ✅ ex_date股票分红派息数据更新完成
2025-08-14 20:32:01,532 - INFO - ✅ ex_date股票分红派息数据更新完成
2025-08-14 20:32:02,196 - INFO - ✅ ex_date股票分红派息数据更新完成
2025-08-14 20:32:02,682 - INFO - ✅ ex_date股票分红派息数据更新完成
2025-08-14 20:32:03,196 - INFO - ✅ ex_date股票分红派息数据更新完成
2025-08-14 20:32:03,709 - INFO - ✅ ex_date股票分红派息数据更新完成
2025-08-14 20:32:04,232 - INFO - ✅ ex_date股票分红派息数据更新完成
2025-08-14 20:32:04,682 - INFO - ✅ ex_date股票分红派息数据更新完成
2025-08-14 20:32:05,195 - INFO - ✅ ex_date股票分红派息数据更新完成
2025-08-14 20:32:05,663 - INFO - ✅ ex_date股票分红派息数据更新完成
2025-08-14 20:32:06,131 - INFO - ✅ ex_date股票分红派息数据更新完成
2025-08-14 20:32:07,352 - INFO - ✅ ex_date股票分红派息数据更新完成
2025-08-14 20:32:07,882 - INFO - ✅ ex_date股票分红派息数据更新完成
2025-08-14 20:32:08,381 - INFO - ✅ ex_date股票分红派息数据更新完成
2025-08-14 20:32:08,900 - INFO - ✅ ex_date股票分红派息数据更新完成
2025-08-14 20:32:09,415 - INFO - ✅ ex_date股票分红派息数据更新完成
2025-08-14 20:32:09,990 - INFO - ✅ ex_date股票分红派息数据更新完成
2025-08-14 20:32:10,542 - INFO - ✅ ex_date股票分红派息数据更新完成
2025-08-14 20:32:10,994 - INFO - ✅ ex_date股票分红派息数据更新完成
2025-08-14 20:32:11,522 - INFO - ✅ ex_date股票分红派息数据更新完成
2025-08-14 20:32:12,031 - INFO - ✅ ex_date股票分红派息数据更新完成
2025-08-14 20:32:12,521 - INFO - ✅ ex_date股票分红派息数据更新完成
2025-08-14 20:32:13,013 - INFO - ✅ ex_date股票分红派息数据更新完成
2025-08-14 20:32:13,534 - INFO - ✅ ex_date股票分红派息数据更新完成
2025-08-14 20:32:14,052 - INFO - ✅ ex_date股票分红派息数据更新完成
2025-08-14 20:32:14,528 - INFO - ✅ ex_date股票分红派息数据更新完成
2025-08-14 20:32:15,061 - INFO - ✅ ex_date股票分红派息数据更新完成
2025-08-14 20:32:15,551 - INFO - ✅ ex_date股票分红派息数据更新完成
2025-08-14 20:32:16,021 - INFO - ✅ ex_date股票分红派息数据更新完成
2025-08-14 20:32:16,516 - INFO - ✅ ex_date股票分红派息数据更新完成
2025-08-14 20:32:16,516 - INFO - ✅ 本周股票分红派息数据更新完成
2025-08-14 20:32:16,516 - INFO - ============================================================
2025-08-14 20:32:16,516 - INFO - 📊 本周数据更新统计
2025-08-14 20:32:16,516 - INFO - ============================================================
2025-08-14 20:32:16,516 - INFO - ⏱️  更新耗时: 0:00:35.344438
2025-08-14 20:32:16,516 - INFO - 📈 实时行情: 0 条
2025-08-14 20:32:16,516 - INFO - 📊 本周K线: 0 条
2025-08-14 20:32:16,516 - INFO - 📅 交易日历: 0 条
2025-08-14 20:32:16,516 - INFO - ✅ 无错误
2025-08-14 20:32:16,516 - INFO - ============================================================
2025-08-14 20:32:16,521 - INFO - 🎉 本周数据更新完成！
2025-08-14 20:32:16,521 - INFO - 数据库连接已关闭
2025-08-14 20:32:16,521 - INFO - ✅ 每周数据更新成功完成
2025-08-14 20:32:45,761 - INFO - 🌟 每周数据更新程序启动
2025-08-14 20:32:45,761 - INFO - 🚀 开始每周数据更新...
2025-08-14 20:32:45,761 - INFO - ============================================================
2025-08-14 20:32:45,761 - INFO - ✅ 成功连接到MySQL数据库
2025-08-14 20:32:45,761 - INFO - 📊 开始更新近7个自然日股票分红派息数据...
2025-08-14 20:32:46,330 - INFO - ✅ 2015-01-01股票分红派息数据更新完成
2025-08-14 20:32:46,871 - INFO - ✅ 2015-01-02股票分红派息数据更新完成
2025-08-14 20:32:47,394 - INFO - ✅ 2015-01-03股票分红派息数据更新完成
2025-08-14 20:32:47,896 - INFO - ✅ 2015-01-04股票分红派息数据更新完成
2025-08-14 20:32:48,402 - INFO - ✅ 2015-01-05股票分红派息数据更新完成
2025-08-14 20:32:48,870 - INFO - ✅ 2015-01-06股票分红派息数据更新完成
2025-08-14 20:32:49,392 - INFO - ✅ 2015-01-07股票分红派息数据更新完成
2025-08-14 20:32:49,890 - INFO - ✅ 2015-01-08股票分红派息数据更新完成
2025-08-14 20:32:50,461 - INFO - ✅ 2015-01-09股票分红派息数据更新完成
2025-08-14 20:32:50,933 - INFO - ✅ 2015-01-10股票分红派息数据更新完成
2025-08-14 20:32:51,432 - INFO - ✅ 2015-01-11股票分红派息数据更新完成
2025-08-14 20:32:51,920 - INFO - ✅ 2015-01-12股票分红派息数据更新完成
2025-08-14 20:32:52,512 - INFO - ✅ 2015-01-13股票分红派息数据更新完成
2025-08-14 20:32:53,000 - INFO - ✅ 2015-01-14股票分红派息数据更新完成
2025-08-14 20:32:53,474 - INFO - ✅ 2015-01-15股票分红派息数据更新完成
2025-08-14 20:32:53,932 - INFO - ✅ 2015-01-16股票分红派息数据更新完成
2025-08-14 20:32:54,470 - INFO - ✅ 2015-01-17股票分红派息数据更新完成
2025-08-14 20:32:54,995 - INFO - ✅ 2015-01-18股票分红派息数据更新完成
2025-08-14 20:32:55,506 - INFO - ✅ 2015-01-19股票分红派息数据更新完成
2025-08-14 20:32:56,014 - INFO - ✅ 2015-01-20股票分红派息数据更新完成
2025-08-14 20:32:56,460 - INFO - ✅ 2015-01-21股票分红派息数据更新完成
2025-08-14 20:32:56,935 - INFO - ✅ 2015-01-22股票分红派息数据更新完成
2025-08-14 20:32:57,393 - INFO - ✅ 2015-01-23股票分红派息数据更新完成
2025-08-14 20:32:57,838 - INFO - ✅ 2015-01-24股票分红派息数据更新完成
2025-08-14 20:32:58,310 - INFO - ✅ 2015-01-25股票分红派息数据更新完成
2025-08-14 20:32:58,782 - INFO - ✅ 2015-01-26股票分红派息数据更新完成
2025-08-14 20:32:58,961 - INFO - 数据库连接已关闭
2025-08-14 20:33:15,943 - INFO - 🌟 每周数据更新程序启动
2025-08-14 20:33:15,943 - INFO - 🚀 开始每周数据更新...
2025-08-14 20:33:15,943 - INFO - ============================================================
2025-08-14 20:33:15,943 - INFO - ✅ 成功连接到MySQL数据库
2025-08-14 20:33:15,943 - INFO - 📊 开始更新近7个自然日股票分红派息数据...
2025-08-14 20:33:16,470 - INFO - ✅ 20250810股票分红派息数据更新完成
2025-08-14 20:33:16,964 - ERROR - ❌ 更新本周股票分红派息数据更新失败: not enough arguments for format string
2025-08-14 20:33:16,964 - INFO - ============================================================
2025-08-14 20:33:16,964 - INFO - 📊 本周数据更新统计
2025-08-14 20:33:16,964 - INFO - ============================================================
2025-08-14 20:33:16,964 - INFO - ⏱️  更新耗时: 0:00:01.020650
2025-08-14 20:33:16,964 - INFO - 📈 实时行情: 0 条
2025-08-14 20:33:16,964 - INFO - 📊 本周K线: 0 条
2025-08-14 20:33:16,964 - INFO - 📅 交易日历: 0 条
2025-08-14 20:33:16,964 - INFO - ❌ 错误数量: 1
2025-08-14 20:33:16,964 - INFO -    • 更新本周股票分红派息数据更新失败: not enough arguments for format string
2025-08-14 20:33:16,964 - INFO - ============================================================
2025-08-14 20:33:16,970 - INFO - 🎉 本周数据更新完成！
2025-08-14 20:33:16,970 - INFO - 数据库连接已关闭
2025-08-14 20:33:16,970 - INFO - ✅ 每周数据更新成功完成
2025-08-14 20:34:11,734 - INFO - 🌟 每周数据更新程序启动
2025-08-14 20:34:11,734 - INFO - 🚀 开始每周数据更新...
2025-08-14 20:34:11,735 - INFO - ============================================================
2025-08-14 20:34:11,737 - INFO - ✅ 成功连接到MySQL数据库
2025-08-14 20:34:11,737 - INFO - 📊 开始更新近7个自然日股票分红派息数据...
2025-08-14 20:34:12,325 - INFO - ✅ 20250810股票分红派息数据更新完成
2025-08-14 20:34:12,647 - INFO - ✅ 20250811股票分红派息数据更新完成
2025-08-14 20:34:13,127 - INFO - ✅ 20250812股票分红派息数据更新完成
2025-08-14 20:34:13,646 - INFO - ✅ 20250813股票分红派息数据更新完成
2025-08-14 20:34:14,077 - INFO - ✅ 20250814股票分红派息数据更新完成
2025-08-14 20:34:14,077 - INFO - ✅ 本周股票分红派息数据更新完成
2025-08-14 20:34:14,077 - INFO - ============================================================
2025-08-14 20:34:14,077 - INFO - 📊 本周数据更新统计
2025-08-14 20:34:14,077 - INFO - ============================================================
2025-08-14 20:34:14,078 - INFO - ⏱️  更新耗时: 0:00:02.343405
2025-08-14 20:34:14,078 - INFO - 📈 实时行情: 0 条
2025-08-14 20:34:14,078 - INFO - 📊 本周K线: 0 条
2025-08-14 20:34:14,078 - INFO - 📅 交易日历: 0 条
2025-08-14 20:34:14,078 - INFO - ✅ 无错误
2025-08-14 20:34:14,078 - INFO - ============================================================
2025-08-14 20:34:14,086 - INFO - 🎉 本周数据更新完成！
2025-08-14 20:34:14,086 - INFO - 数据库连接已关闭
2025-08-14 20:34:14,086 - INFO - ✅ 每周数据更新成功完成
2025-08-14 20:35:55,878 - INFO - 🌟 每周数据更新程序启动
2025-08-14 20:35:55,879 - INFO - 🚀 开始每周数据更新...
2025-08-14 20:35:55,879 - INFO - ============================================================
2025-08-14 20:35:55,882 - INFO - ✅ 成功连接到MySQL数据库
2025-08-14 20:35:55,882 - INFO - 📊 开始更新近7个自然日股票分红派息数据...
2025-08-14 20:35:56,398 - INFO - ✅ 20250810股票分红派息数据更新完成
2025-08-14 20:35:56,653 - ERROR - ❌ 更新本周股票分红派息数据更新失败: (1366, "Incorrect decimal value: '0.50元' for column 'dividend_amount' at row 1")
2025-08-14 20:35:56,653 - INFO - ============================================================
2025-08-14 20:35:56,653 - INFO - 📊 本周数据更新统计
2025-08-14 20:35:56,653 - INFO - ============================================================
2025-08-14 20:35:56,653 - INFO - ⏱️  更新耗时: 0:00:00.773277
2025-08-14 20:35:56,653 - INFO - 📈 实时行情: 0 条
2025-08-14 20:35:56,653 - INFO - 📊 本周K线: 0 条
2025-08-14 20:35:56,654 - INFO - 📅 交易日历: 0 条
2025-08-14 20:35:56,654 - INFO - ❌ 错误数量: 1
2025-08-14 20:35:56,654 - INFO -    • 更新本周股票分红派息数据更新失败: (1366, "Incorrect decimal value: '0.50元' for column 'dividend_amount' at row 1")
2025-08-14 20:35:56,654 - INFO - ============================================================
2025-08-14 20:35:56,661 - INFO - 🎉 本周数据更新完成！
2025-08-14 20:35:56,661 - INFO - 数据库连接已关闭
2025-08-14 20:35:56,662 - INFO - ✅ 每周数据更新成功完成
2025-08-14 20:36:30,575 - INFO - 🌟 每周数据更新程序启动
2025-08-14 20:36:30,575 - INFO - 🚀 开始每周数据更新...
2025-08-14 20:36:30,575 - INFO - ============================================================
2025-08-14 20:36:30,585 - INFO - ✅ 成功连接到MySQL数据库
2025-08-14 20:36:30,585 - INFO - 📊 开始更新近7个自然日股票分红派息数据...
2025-08-14 20:36:31,065 - INFO - ✅ 20250810股票分红派息数据更新完成
2025-08-14 20:36:31,355 - INFO - ✅ 20250811股票分红派息数据更新完成
2025-08-14 20:36:31,603 - INFO - ✅ 20250812股票分红派息数据更新完成
2025-08-14 20:36:31,887 - INFO - ✅ 20250813股票分红派息数据更新完成
2025-08-14 20:36:32,136 - INFO - ✅ 20250814股票分红派息数据更新完成
2025-08-14 20:36:32,136 - INFO - ✅ 本周股票分红派息数据更新完成
2025-08-14 20:36:32,136 - INFO - ============================================================
2025-08-14 20:36:32,136 - INFO - 📊 本周数据更新统计
2025-08-14 20:36:32,136 - INFO - ============================================================
2025-08-14 20:36:32,136 - INFO - ⏱️  更新耗时: 0:00:01.560260
2025-08-14 20:36:32,136 - INFO - 📈 实时行情: 0 条
2025-08-14 20:36:32,136 - INFO - 📊 本周K线: 0 条
2025-08-14 20:36:32,136 - INFO - 📅 交易日历: 0 条
2025-08-14 20:36:32,136 - INFO - ✅ 无错误
2025-08-14 20:36:32,136 - INFO - ============================================================
2025-08-14 20:36:32,136 - INFO - 🎉 本周数据更新完成！
2025-08-14 20:36:32,136 - INFO - 数据库连接已关闭
2025-08-14 20:36:32,136 - INFO - ✅ 每周数据更新成功完成
2025-08-14 20:40:44,949 - INFO - 🌟 每周数据更新程序启动
2025-08-14 20:40:44,949 - INFO - 🚀 开始每周数据更新...
2025-08-14 20:40:44,949 - INFO - ============================================================
2025-08-14 20:40:44,953 - INFO - ✅ 成功连接到MySQL数据库
2025-08-14 20:40:44,953 - INFO - 📊 开始更新近7个自然日股票分红派息数据...
2025-08-14 20:40:45,506 - INFO - ✅ 20250810股票分红派息数据更新完成
2025-08-14 20:40:45,932 - ERROR - ❌ 更新本周股票分红派息数据更新失败: could not convert string to float: '0.50元'
2025-08-14 20:40:45,932 - INFO - ============================================================
2025-08-14 20:40:45,932 - INFO - 📊 本周数据更新统计
2025-08-14 20:40:45,932 - INFO - ============================================================
2025-08-14 20:40:45,932 - INFO - ⏱️  更新耗时: 0:00:00.983820
2025-08-14 20:40:45,932 - INFO - 📈 实时行情: 0 条
2025-08-14 20:40:45,932 - INFO - 📊 本周K线: 0 条
2025-08-14 20:40:45,932 - INFO - 📅 交易日历: 0 条
2025-08-14 20:40:45,932 - INFO - ❌ 错误数量: 1
2025-08-14 20:40:45,932 - INFO -    • 更新本周股票分红派息数据更新失败: could not convert string to float: '0.50元'
2025-08-14 20:40:45,932 - INFO - ============================================================
2025-08-14 20:40:45,941 - INFO - 🎉 本周数据更新完成！
2025-08-14 20:40:45,943 - INFO - 数据库连接已关闭
2025-08-14 20:40:45,943 - INFO - ✅ 每周数据更新成功完成
2025-08-14 20:41:35,226 - INFO - 🌟 每周数据更新程序启动
2025-08-14 20:41:35,226 - INFO - 🚀 开始每周数据更新...
2025-08-14 20:41:35,226 - INFO - ============================================================
2025-08-14 20:41:35,231 - INFO - ✅ 成功连接到MySQL数据库
2025-08-14 20:41:35,231 - INFO - 📊 开始更新近7个自然日股票分红派息数据...
2025-08-14 20:41:35,711 - INFO - ✅ 20250810股票分红派息数据更新完成
2025-08-14 20:41:36,121 - INFO - ✅ 20250811股票分红派息数据更新完成
2025-08-14 20:41:36,601 - INFO - ✅ 20250812股票分红派息数据更新完成
2025-08-14 20:41:36,991 - INFO - ✅ 20250813股票分红派息数据更新完成
2025-08-14 20:41:37,539 - INFO - ✅ 20250814股票分红派息数据更新完成
2025-08-14 20:41:37,540 - INFO - ✅ 本周股票分红派息数据更新完成
2025-08-14 20:41:37,540 - INFO - ============================================================
2025-08-14 20:41:37,540 - INFO - 📊 本周数据更新统计
2025-08-14 20:41:37,540 - INFO - ============================================================
2025-08-14 20:41:37,540 - INFO - ⏱️  更新耗时: 0:00:02.313748
2025-08-14 20:41:37,540 - INFO - 📈 实时行情: 0 条
2025-08-14 20:41:37,540 - INFO - 📊 本周K线: 0 条
2025-08-14 20:41:37,541 - INFO - 📅 交易日历: 0 条
2025-08-14 20:41:37,541 - INFO - ✅ 无错误
2025-08-14 20:41:37,541 - INFO - ============================================================
2025-08-14 20:41:37,549 - INFO - 🎉 本周数据更新完成！
2025-08-14 20:41:37,549 - INFO - 数据库连接已关闭
2025-08-14 20:41:37,550 - INFO - ✅ 每周数据更新成功完成
2025-08-14 20:42:16,510 - INFO - 🌟 每周数据更新程序启动
2025-08-14 20:42:16,514 - INFO - 🚀 开始每周数据更新...
2025-08-14 20:42:16,514 - INFO - ============================================================
2025-08-14 20:42:16,518 - INFO - ✅ 成功连接到MySQL数据库
2025-08-14 20:42:16,518 - INFO - 📊 开始更新近7个自然日股票分红派息数据...
2025-08-14 20:42:17,040 - INFO - ✅ 20250810股票分红派息数据更新完成
2025-08-14 20:42:17,380 - INFO - ✅ 20250811股票分红派息数据更新完成
2025-08-14 20:42:17,852 - INFO - ✅ 20250812股票分红派息数据更新完成
2025-08-14 20:42:18,428 - INFO - ✅ 20250813股票分红派息数据更新完成
2025-08-14 20:42:18,736 - INFO - ✅ 20250814股票分红派息数据更新完成
2025-08-14 20:42:18,736 - INFO - ✅ 本周股票分红派息数据更新完成
2025-08-14 20:42:18,736 - INFO - ============================================================
2025-08-14 20:42:18,736 - INFO - 📊 本周数据更新统计
2025-08-14 20:42:18,736 - INFO - ============================================================
2025-08-14 20:42:18,736 - INFO - ⏱️  更新耗时: 0:00:02.222199
2025-08-14 20:42:18,736 - INFO - 📈 实时行情: 0 条
2025-08-14 20:42:18,736 - INFO - 📊 本周K线: 0 条
2025-08-14 20:42:18,736 - INFO - 📅 交易日历: 0 条
2025-08-14 20:42:18,736 - INFO - ✅ 无错误
2025-08-14 20:42:18,736 - INFO - ============================================================
2025-08-14 20:42:18,744 - INFO - 🎉 本周数据更新完成！
2025-08-14 20:42:18,744 - INFO - 数据库连接已关闭
2025-08-14 20:42:18,744 - INFO - ✅ 每周数据更新成功完成
2025-08-14 20:42:30,060 - INFO - 🌟 每周数据更新程序启动
2025-08-14 20:42:30,060 - INFO - 🚀 开始每周数据更新...
2025-08-14 20:42:30,060 - INFO - ============================================================
2025-08-14 20:42:30,063 - INFO - ✅ 成功连接到MySQL数据库
2025-08-14 20:42:30,063 - INFO - 📊 开始更新近7个自然日股票分红派息数据...
2025-08-14 20:42:30,598 - INFO - ✅ 20250810股票分红派息数据更新完成
2025-08-14 20:42:31,016 - INFO - ✅ 20250811股票分红派息数据更新完成
2025-08-14 20:42:31,437 - INFO - ✅ 20250812股票分红派息数据更新完成
2025-08-14 20:42:31,732 - INFO - ✅ 20250813股票分红派息数据更新完成
2025-08-14 20:42:32,244 - INFO - ✅ 20250814股票分红派息数据更新完成
2025-08-14 20:42:32,245 - INFO - ✅ 本周股票分红派息数据更新完成
2025-08-14 20:42:32,245 - INFO - ============================================================
2025-08-14 20:42:32,245 - INFO - 📊 本周数据更新统计
2025-08-14 20:42:32,245 - INFO - ============================================================
2025-08-14 20:42:32,245 - INFO - ⏱️  更新耗时: 0:00:02.184668
2025-08-14 20:42:32,245 - INFO - 📈 实时行情: 0 条
2025-08-14 20:42:32,245 - INFO - 📊 本周K线: 0 条
2025-08-14 20:42:32,246 - INFO - 📅 交易日历: 0 条
2025-08-14 20:42:32,246 - INFO - ✅ 无错误
2025-08-14 20:42:32,246 - INFO - ============================================================
2025-08-14 20:42:32,254 - INFO - 🎉 本周数据更新完成！
2025-08-14 20:42:32,254 - INFO - 数据库连接已关闭
2025-08-14 20:42:32,255 - INFO - ✅ 每周数据更新成功完成
2025-08-14 20:51:21,982 - INFO - 🌟 每周数据更新程序启动
2025-08-14 20:51:21,982 - INFO - 🚀 开始每周数据更新...
2025-08-14 20:51:21,982 - INFO - ============================================================
2025-08-14 20:51:21,982 - INFO - ✅ 成功连接到MySQL数据库
2025-08-14 20:51:21,992 - INFO - 📊 开始更新近7个自然日股票分红派息数据...
2025-08-14 20:51:22,461 - INFO - ✅ 20250810股票分红派息数据更新完成
2025-08-14 20:51:22,971 - INFO - ✅ 20250811股票分红派息数据更新完成
2025-08-14 20:51:23,502 - INFO - ✅ 20250812股票分红派息数据更新完成
2025-08-14 20:51:24,053 - INFO - ✅ 20250813股票分红派息数据更新完成
2025-08-14 20:51:24,541 - INFO - ✅ 20250814股票分红派息数据更新完成
2025-08-14 20:51:24,541 - INFO - ✅ 本周股票分红派息数据更新完成
2025-08-14 20:51:24,541 - INFO - ============================================================
2025-08-14 20:51:24,541 - INFO - 📊 本周数据更新统计
2025-08-14 20:51:24,549 - INFO - ============================================================
2025-08-14 20:51:24,549 - INFO - ⏱️  更新耗时: 0:00:02.558954
2025-08-14 20:51:24,549 - INFO - 📈 实时行情: 0 条
2025-08-14 20:51:24,550 - INFO - 📊 本周K线: 0 条
2025-08-14 20:51:24,552 - INFO - 📅 交易日历: 0 条
2025-08-14 20:51:24,552 - INFO - ✅ 无错误
2025-08-14 20:51:24,552 - INFO - ============================================================
2025-08-14 20:51:24,562 - INFO - 🎉 本周数据更新完成！
2025-08-14 20:51:24,562 - INFO - 数据库连接已关闭
2025-08-14 20:51:24,562 - INFO - ✅ 每周数据更新成功完成
2025-08-14 20:52:53,434 - INFO - 🌟 每周数据更新程序启动
2025-08-14 20:52:53,434 - INFO - 🚀 开始每周数据更新...
2025-08-14 20:52:53,434 - INFO - ============================================================
2025-08-14 20:52:53,440 - INFO - ✅ 成功连接到MySQL数据库
2025-08-14 20:52:53,441 - INFO - 📊 开始更新近7个自然日股票分红派息数据...
2025-08-14 20:53:14,532 - ERROR - ❌ 更新本周股票分红派息数据更新失败: HTTPSConnectionPool(host='finance.pae.baidu.com', port=443): Max retries exceeded with url: /api/financecalendar?start_date=2015-01-01&end_date=2015-01-01&market=&cate=notify_divide&rn=500&pn=0 (Caused by ConnectTimeoutError(<urllib3.connection.HTTPSConnection object at 0x0000026A675B1600>, 'Connection to finance.pae.baidu.com timed out. (connect timeout=None)'))
2025-08-14 20:53:14,532 - INFO - ============================================================
2025-08-14 20:53:14,532 - INFO - 📊 本周数据更新统计
2025-08-14 20:53:14,536 - INFO - ============================================================
2025-08-14 20:53:14,536 - INFO - ⏱️  更新耗时: 0:00:21.097435
2025-08-14 20:53:14,536 - INFO - 📈 实时行情: 0 条
2025-08-14 20:53:14,536 - INFO - 📊 本周K线: 0 条
2025-08-14 20:53:14,536 - INFO - 📅 交易日历: 0 条
2025-08-14 20:53:14,536 - INFO - ❌ 错误数量: 1
2025-08-14 20:53:14,536 - INFO -    • 更新本周股票分红派息数据更新失败: HTTPSConnectionPool(host='finance.pae.baidu.com', port=443): Max retries exceeded with url: /api/financecalendar?start_date=2015-01-01&end_date=2015-01-01&market=&cate=notify_divide&rn=500&pn=0 (Caused by ConnectTimeoutError(<urllib3.connection.HTTPSConnection object at 0x0000026A675B1600>, 'Connection to finance.pae.baidu.com timed out. (connect timeout=None)'))
2025-08-14 20:53:14,536 - INFO - ============================================================
2025-08-14 20:53:14,546 - INFO - 🎉 本周数据更新完成！
2025-08-14 20:53:14,546 - INFO - 数据库连接已关闭
2025-08-14 20:53:14,546 - INFO - ✅ 每周数据更新成功完成
2025-08-14 20:54:57,770 - INFO - 🌟 每周数据更新程序启动
2025-08-14 20:54:57,770 - INFO - 🚀 开始每周数据更新...
2025-08-14 20:54:57,770 - INFO - ============================================================
2025-08-14 20:54:57,781 - INFO - ✅ 成功连接到MySQL数据库
2025-08-14 20:54:57,781 - INFO - 📊 开始更新近7个自然日股票分红派息数据...
2025-08-14 20:54:58,407 - INFO - ✅ 20150101股票分红派息数据更新完成
2025-08-14 20:54:59,033 - INFO - ✅ 20150102股票分红派息数据更新完成
2025-08-14 20:54:59,608 - INFO - ✅ 20150103股票分红派息数据更新完成
2025-08-14 20:55:00,181 - INFO - ✅ 20150104股票分红派息数据更新完成
2025-08-14 20:55:00,782 - INFO - ✅ 20150105股票分红派息数据更新完成
2025-08-14 20:55:01,358 - INFO - ✅ 20150106股票分红派息数据更新完成
2025-08-14 20:55:01,966 - INFO - ✅ 20150107股票分红派息数据更新完成
2025-08-14 20:55:02,613 - INFO - ✅ 20150108股票分红派息数据更新完成
2025-08-14 20:55:03,131 - ERROR - ❌ 更新本周股票分红派息数据更新失败: boolean value of NA is ambiguous
2025-08-14 20:55:03,131 - INFO - ============================================================
2025-08-14 20:55:03,131 - INFO - 📊 本周数据更新统计
2025-08-14 20:55:03,131 - INFO - ============================================================
2025-08-14 20:55:03,131 - INFO - ⏱️  更新耗时: 0:00:05.360281
2025-08-14 20:55:03,131 - INFO - 📈 实时行情: 0 条
2025-08-14 20:55:03,131 - INFO - 📊 本周K线: 0 条
2025-08-14 20:55:03,131 - INFO - 📅 交易日历: 0 条
2025-08-14 20:55:03,131 - INFO - ❌ 错误数量: 1
2025-08-14 20:55:03,131 - INFO -    • 更新本周股票分红派息数据更新失败: boolean value of NA is ambiguous
2025-08-14 20:55:03,131 - INFO - ============================================================
2025-08-14 20:55:03,141 - INFO - 🎉 本周数据更新完成！
2025-08-14 20:55:03,141 - INFO - 数据库连接已关闭
2025-08-14 20:55:03,141 - INFO - ✅ 每周数据更新成功完成
2025-08-14 20:58:55,384 - INFO - 🌟 每周数据更新程序启动
2025-08-14 20:58:55,385 - INFO - 🚀 开始每周数据更新...
2025-08-14 20:58:55,385 - INFO - ============================================================
2025-08-14 20:58:55,388 - INFO - ✅ 成功连接到MySQL数据库
2025-08-14 20:58:55,388 - INFO - 📊 开始更新近7个自然日股票分红派息数据...
2025-08-14 20:58:55,890 - INFO - ✅ 20150108股票分红派息数据更新完成
2025-08-14 20:58:56,373 - INFO - ✅ 20150109股票分红派息数据更新完成
2025-08-14 20:58:56,970 - INFO - ✅ 20150110股票分红派息数据更新完成
2025-08-14 20:58:57,592 - INFO - ✅ 20150111股票分红派息数据更新完成
2025-08-14 20:58:58,209 - INFO - ✅ 20150112股票分红派息数据更新完成
2025-08-14 20:58:58,803 - INFO - ✅ 20150113股票分红派息数据更新完成
2025-08-14 20:58:59,441 - INFO - ✅ 20150114股票分红派息数据更新完成
2025-08-14 20:59:00,035 - INFO - ✅ 20150115股票分红派息数据更新完成
2025-08-14 20:59:00,669 - INFO - ✅ 20150116股票分红派息数据更新完成
2025-08-14 20:59:01,288 - INFO - ✅ 20150117股票分红派息数据更新完成
2025-08-14 20:59:01,865 - INFO - ✅ 20150118股票分红派息数据更新完成
2025-08-14 20:59:02,505 - INFO - ✅ 20150119股票分红派息数据更新完成
2025-08-14 20:59:03,127 - INFO - ✅ 20150120股票分红派息数据更新完成
2025-08-14 20:59:03,699 - INFO - ✅ 20150121股票分红派息数据更新完成
2025-08-14 20:59:04,303 - INFO - ✅ 20150122股票分红派息数据更新完成
2025-08-14 20:59:04,910 - INFO - ✅ 20150123股票分红派息数据更新完成
2025-08-14 20:59:05,513 - INFO - ✅ 20150124股票分红派息数据更新完成
2025-08-14 20:59:06,149 - INFO - ✅ 20150125股票分红派息数据更新完成
2025-08-14 20:59:06,793 - INFO - ✅ 20150126股票分红派息数据更新完成
2025-08-14 20:59:07,384 - INFO - ✅ 20150127股票分红派息数据更新完成
2025-08-14 20:59:07,982 - INFO - ✅ 20150128股票分红派息数据更新完成
2025-08-14 20:59:08,619 - INFO - ✅ 20150129股票分红派息数据更新完成
2025-08-14 20:59:09,226 - INFO - ✅ 20150130股票分红派息数据更新完成
2025-08-14 20:59:09,813 - INFO - ✅ 20150131股票分红派息数据更新完成
2025-08-14 20:59:10,744 - INFO - ✅ 20150201股票分红派息数据更新完成
2025-08-14 20:59:11,313 - INFO - ✅ 20150202股票分红派息数据更新完成
2025-08-14 20:59:12,155 - INFO - ✅ 20150203股票分红派息数据更新完成
2025-08-14 20:59:12,736 - INFO - ✅ 20150204股票分红派息数据更新完成
2025-08-14 20:59:13,345 - INFO - ✅ 20150205股票分红派息数据更新完成
2025-08-14 20:59:13,946 - INFO - ✅ 20150206股票分红派息数据更新完成
2025-08-14 20:59:14,588 - INFO - ✅ 20150207股票分红派息数据更新完成
2025-08-14 20:59:15,175 - INFO - ✅ 20150208股票分红派息数据更新完成
2025-08-14 20:59:15,775 - INFO - ✅ 20150209股票分红派息数据更新完成
2025-08-14 20:59:16,336 - INFO - ✅ 20150210股票分红派息数据更新完成
2025-08-14 20:59:16,916 - INFO - ✅ 20150211股票分红派息数据更新完成
2025-08-14 20:59:17,547 - INFO - ✅ 20150212股票分红派息数据更新完成
2025-08-14 20:59:18,120 - INFO - ✅ 20150213股票分红派息数据更新完成
2025-08-14 20:59:18,724 - INFO - ✅ 20150214股票分红派息数据更新完成
2025-08-14 20:59:19,388 - INFO - ✅ 20150215股票分红派息数据更新完成
2025-08-14 20:59:19,985 - INFO - ✅ 20150216股票分红派息数据更新完成
2025-08-14 20:59:20,614 - INFO - ✅ 20150217股票分红派息数据更新完成
2025-08-14 20:59:21,204 - INFO - ✅ 20150218股票分红派息数据更新完成
2025-08-14 20:59:21,788 - INFO - ✅ 20150219股票分红派息数据更新完成
2025-08-14 20:59:22,490 - INFO - ✅ 20150220股票分红派息数据更新完成
2025-08-14 20:59:23,105 - INFO - ✅ 20150221股票分红派息数据更新完成
2025-08-14 20:59:23,725 - INFO - ✅ 20150222股票分红派息数据更新完成
2025-08-14 20:59:24,320 - INFO - ✅ 20150223股票分红派息数据更新完成
2025-08-14 20:59:24,915 - INFO - ✅ 20150224股票分红派息数据更新完成
2025-08-14 20:59:25,501 - INFO - ✅ 20150225股票分红派息数据更新完成
2025-08-14 20:59:26,076 - INFO - ✅ 20150226股票分红派息数据更新完成
2025-08-14 20:59:26,659 - INFO - ✅ 20150227股票分红派息数据更新完成
2025-08-14 20:59:27,273 - INFO - ✅ 20150228股票分红派息数据更新完成
2025-08-14 20:59:27,855 - INFO - ✅ 20150301股票分红派息数据更新完成
2025-08-14 20:59:28,454 - INFO - ✅ 20150302股票分红派息数据更新完成
2025-08-14 20:59:29,050 - INFO - ✅ 20150303股票分红派息数据更新完成
2025-08-14 20:59:29,651 - INFO - ✅ 20150304股票分红派息数据更新完成
2025-08-14 20:59:30,324 - INFO - ✅ 20150305股票分红派息数据更新完成
2025-08-14 20:59:30,915 - INFO - ✅ 20150306股票分红派息数据更新完成
2025-08-14 20:59:31,522 - INFO - ✅ 20150307股票分红派息数据更新完成
2025-08-14 20:59:32,136 - INFO - ✅ 20150308股票分红派息数据更新完成
2025-08-14 20:59:32,744 - INFO - ✅ 20150309股票分红派息数据更新完成
2025-08-14 20:59:33,350 - INFO - ✅ 20150310股票分红派息数据更新完成
2025-08-14 20:59:33,996 - INFO - ✅ 20150311股票分红派息数据更新完成
2025-08-14 20:59:34,643 - INFO - ✅ 20150312股票分红派息数据更新完成
2025-08-14 20:59:35,244 - INFO - ✅ 20150313股票分红派息数据更新完成
2025-08-14 20:59:35,884 - INFO - ✅ 20150314股票分红派息数据更新完成
2025-08-14 20:59:36,479 - INFO - ✅ 20150315股票分红派息数据更新完成
2025-08-14 20:59:37,062 - INFO - ✅ 20150316股票分红派息数据更新完成
2025-08-14 20:59:37,694 - INFO - ✅ 20150317股票分红派息数据更新完成
2025-08-14 20:59:38,287 - INFO - ✅ 20150318股票分红派息数据更新完成
2025-08-14 20:59:38,924 - INFO - ✅ 20150319股票分红派息数据更新完成
2025-08-14 20:59:39,567 - INFO - ✅ 20150320股票分红派息数据更新完成
2025-08-14 20:59:40,155 - INFO - ✅ 20150321股票分红派息数据更新完成
2025-08-14 20:59:40,757 - INFO - ✅ 20150322股票分红派息数据更新完成
2025-08-14 20:59:41,369 - INFO - ✅ 20150323股票分红派息数据更新完成
2025-08-14 20:59:41,995 - INFO - ✅ 20150324股票分红派息数据更新完成
2025-08-14 20:59:42,624 - INFO - ✅ 20150325股票分红派息数据更新完成
2025-08-14 20:59:43,224 - INFO - ✅ 20150326股票分红派息数据更新完成
2025-08-14 20:59:43,824 - INFO - ✅ 20150327股票分红派息数据更新完成
2025-08-14 20:59:44,414 - INFO - ✅ 20150328股票分红派息数据更新完成
2025-08-14 20:59:45,012 - INFO - ✅ 20150329股票分红派息数据更新完成
2025-08-14 20:59:45,594 - INFO - ✅ 20150330股票分红派息数据更新完成
2025-08-14 20:59:46,182 - INFO - ✅ 20150331股票分红派息数据更新完成
2025-08-14 20:59:46,820 - INFO - ✅ 20150401股票分红派息数据更新完成
2025-08-14 20:59:47,474 - INFO - ✅ 20150402股票分红派息数据更新完成
2025-08-14 20:59:48,084 - INFO - ✅ 20150403股票分红派息数据更新完成
2025-08-14 20:59:48,708 - INFO - ✅ 20150404股票分红派息数据更新完成
2025-08-14 20:59:49,330 - INFO - ✅ 20150405股票分红派息数据更新完成
2025-08-14 20:59:49,960 - INFO - ✅ 20150406股票分红派息数据更新完成
2025-08-14 20:59:50,563 - INFO - ✅ 20150407股票分红派息数据更新完成
2025-08-14 20:59:51,178 - INFO - ✅ 20150408股票分红派息数据更新完成
2025-08-14 20:59:52,064 - INFO - ✅ 20150409股票分红派息数据更新完成
2025-08-14 20:59:52,681 - INFO - ✅ 20150410股票分红派息数据更新完成
2025-08-14 20:59:53,266 - INFO - ✅ 20150411股票分红派息数据更新完成
2025-08-14 20:59:53,870 - INFO - ✅ 20150412股票分红派息数据更新完成
2025-08-14 20:59:54,466 - INFO - ✅ 20150413股票分红派息数据更新完成
2025-08-14 20:59:55,114 - INFO - ✅ 20150414股票分红派息数据更新完成
2025-08-14 20:59:55,724 - INFO - ✅ 20150415股票分红派息数据更新完成
2025-08-14 20:59:56,353 - INFO - ✅ 20150416股票分红派息数据更新完成
2025-08-14 20:59:56,943 - INFO - ✅ 20150417股票分红派息数据更新完成
2025-08-14 20:59:57,537 - INFO - ✅ 20150418股票分红派息数据更新完成
2025-08-14 20:59:58,101 - INFO - ✅ 20150419股票分红派息数据更新完成
2025-08-14 20:59:58,707 - INFO - ✅ 20150420股票分红派息数据更新完成
2025-08-14 20:59:59,303 - INFO - ✅ 20150421股票分红派息数据更新完成
2025-08-14 20:59:59,883 - INFO - ✅ 20150422股票分红派息数据更新完成
2025-08-14 21:00:00,477 - INFO - ✅ 20150423股票分红派息数据更新完成
2025-08-14 21:00:01,359 - INFO - ✅ 20150424股票分红派息数据更新完成
2025-08-14 21:00:02,272 - INFO - ✅ 20150425股票分红派息数据更新完成
2025-08-14 21:00:02,885 - INFO - ✅ 20150426股票分红派息数据更新完成
2025-08-14 21:00:03,693 - INFO - ✅ 20150427股票分红派息数据更新完成
2025-08-14 21:00:04,347 - INFO - ✅ 20150428股票分红派息数据更新完成
2025-08-14 21:00:05,007 - INFO - ✅ 20150429股票分红派息数据更新完成
2025-08-14 21:00:05,793 - INFO - ✅ 20150430股票分红派息数据更新完成
2025-08-14 21:00:06,385 - INFO - ✅ 20150501股票分红派息数据更新完成
2025-08-14 21:00:07,006 - INFO - ✅ 20150502股票分红派息数据更新完成
2025-08-14 21:00:07,674 - INFO - ✅ 20150503股票分红派息数据更新完成
2025-08-14 21:00:08,464 - INFO - ✅ 20150504股票分红派息数据更新完成
2025-08-14 21:00:09,076 - INFO - ✅ 20150505股票分红派息数据更新完成
2025-08-14 21:00:09,706 - INFO - ✅ 20150506股票分红派息数据更新完成
2025-08-14 21:00:10,323 - INFO - ✅ 20150507股票分红派息数据更新完成
2025-08-14 21:00:14,073 - INFO - ✅ 20150508股票分红派息数据更新完成
2025-08-14 21:00:14,787 - INFO - ✅ 20150509股票分红派息数据更新完成
2025-08-14 21:00:15,449 - INFO - ✅ 20150510股票分红派息数据更新完成
2025-08-14 21:00:16,043 - INFO - ✅ 20150511股票分红派息数据更新完成
2025-08-14 21:00:16,743 - INFO - ✅ 20150512股票分红派息数据更新完成
2025-08-14 21:00:17,381 - INFO - ✅ 20150513股票分红派息数据更新完成
2025-08-14 21:00:17,883 - ERROR - ❌ 更新本周股票分红派息数据更新失败: (1406, "Data too long for column 'bonus_share' at row 1")
2025-08-14 21:00:17,883 - INFO - ============================================================
2025-08-14 21:00:17,883 - INFO - 📊 本周数据更新统计
2025-08-14 21:00:17,883 - INFO - ============================================================
2025-08-14 21:00:17,883 - INFO - ⏱️  更新耗时: 0:01:22.498085
2025-08-14 21:00:17,883 - INFO - 📈 实时行情: 0 条
2025-08-14 21:00:17,883 - INFO - 📊 本周K线: 0 条
2025-08-14 21:00:17,883 - INFO - 📅 交易日历: 0 条
2025-08-14 21:00:17,883 - INFO - ❌ 错误数量: 1
2025-08-14 21:00:17,883 - INFO -    • 更新本周股票分红派息数据更新失败: (1406, "Data too long for column 'bonus_share' at row 1")
2025-08-14 21:00:17,883 - INFO - ============================================================
2025-08-14 21:00:17,898 - INFO - 🎉 本周数据更新完成！
2025-08-14 21:00:17,899 - INFO - 数据库连接已关闭
2025-08-14 21:00:17,899 - INFO - ✅ 每周数据更新成功完成
2025-08-14 21:03:58,591 - INFO - 🌟 每周数据更新程序启动
2025-08-14 21:03:58,598 - INFO - 🚀 开始每周数据更新...
2025-08-14 21:03:58,598 - INFO - ============================================================
2025-08-14 21:03:58,601 - INFO - ✅ 成功连接到MySQL数据库
2025-08-14 21:03:58,601 - INFO - 📊 开始更新近7个自然日股票分红派息数据...
2025-08-14 21:03:59,278 - INFO - ✅ 20150101股票分红派息数据更新完成
2025-08-14 21:03:59,948 - INFO - ✅ 20150102股票分红派息数据更新完成
2025-08-14 21:04:00,783 - INFO - ✅ 20150103股票分红派息数据更新完成
2025-08-14 21:04:01,438 - INFO - ✅ 20150104股票分红派息数据更新完成
2025-08-14 21:04:01,918 - INFO - ✅ 20150105股票分红派息数据更新完成
2025-08-14 21:04:02,569 - INFO - ✅ 20150106股票分红派息数据更新完成
2025-08-14 21:04:03,187 - INFO - ✅ 20150107股票分红派息数据更新完成
2025-08-14 21:04:03,828 - INFO - ✅ 20150108股票分红派息数据更新完成
2025-08-14 21:04:04,448 - INFO - ✅ 20150109股票分红派息数据更新完成
2025-08-14 21:04:05,082 - INFO - ✅ 20150110股票分红派息数据更新完成
2025-08-14 21:04:05,680 - INFO - ✅ 20150111股票分红派息数据更新完成
2025-08-14 21:04:06,163 - INFO - ✅ 20150112股票分红派息数据更新完成
2025-08-14 21:04:06,617 - INFO - ✅ 20150113股票分红派息数据更新完成
2025-08-14 21:04:07,132 - INFO - ✅ 20150114股票分红派息数据更新完成
2025-08-14 21:04:07,588 - INFO - ✅ 20150115股票分红派息数据更新完成
2025-08-14 21:04:08,087 - INFO - ✅ 20150116股票分红派息数据更新完成
2025-08-14 21:04:08,679 - INFO - ✅ 20150117股票分红派息数据更新完成
2025-08-14 21:04:09,281 - INFO - ✅ 20150118股票分红派息数据更新完成
2025-08-14 21:04:09,773 - INFO - ✅ 20150119股票分红派息数据更新完成
2025-08-14 21:04:10,247 - INFO - ✅ 20150120股票分红派息数据更新完成
2025-08-14 21:04:10,838 - INFO - ✅ 20150121股票分红派息数据更新完成
2025-08-14 21:04:11,482 - INFO - ✅ 20150122股票分红派息数据更新完成
2025-08-14 21:04:11,977 - INFO - ✅ 20150123股票分红派息数据更新完成
2025-08-14 21:04:12,568 - INFO - ✅ 20150124股票分红派息数据更新完成
2025-08-14 21:04:13,161 - INFO - ✅ 20150125股票分红派息数据更新完成
2025-08-14 21:04:13,539 - INFO - ✅ 20150126股票分红派息数据更新完成
2025-08-14 21:04:14,131 - INFO - ✅ 20150127股票分红派息数据更新完成
2025-08-14 21:04:14,727 - INFO - ✅ 20150128股票分红派息数据更新完成
2025-08-14 21:04:15,270 - INFO - ✅ 20150129股票分红派息数据更新完成
2025-08-14 21:04:15,637 - INFO - ✅ 20150130股票分红派息数据更新完成
2025-08-14 21:04:16,275 - INFO - ✅ 20150131股票分红派息数据更新完成
2025-08-14 21:04:16,855 - INFO - ✅ 20150201股票分红派息数据更新完成
2025-08-14 21:04:17,437 - INFO - ✅ 20150202股票分红派息数据更新完成
2025-08-14 21:04:18,077 - INFO - ✅ 20150203股票分红派息数据更新完成
2025-08-14 21:04:18,680 - INFO - ✅ 20150204股票分红派息数据更新完成
2025-08-14 21:04:19,132 - INFO - ✅ 20150205股票分红派息数据更新完成
2025-08-14 21:04:19,630 - INFO - ✅ 20150206股票分红派息数据更新完成
2025-08-14 21:04:20,259 - INFO - ✅ 20150207股票分红派息数据更新完成
2025-08-14 21:04:20,873 - INFO - ✅ 20150208股票分红派息数据更新完成
2025-08-14 21:04:21,337 - INFO - ✅ 20150209股票分红派息数据更新完成
2025-08-14 21:04:21,797 - INFO - ✅ 20150210股票分红派息数据更新完成
2025-08-14 21:04:22,390 - INFO - ✅ 20150211股票分红派息数据更新完成
2025-08-14 21:04:23,033 - INFO - ✅ 20150212股票分红派息数据更新完成
2025-08-14 21:04:23,647 - INFO - ✅ 20150213股票分红派息数据更新完成
2025-08-14 21:04:24,348 - INFO - ✅ 20150214股票分红派息数据更新完成
2025-08-14 21:04:24,979 - INFO - ✅ 20150215股票分红派息数据更新完成
2025-08-14 21:04:25,567 - INFO - ✅ 20150216股票分红派息数据更新完成
2025-08-14 21:04:26,043 - INFO - ✅ 20150217股票分红派息数据更新完成
2025-08-14 21:04:26,597 - INFO - ✅ 20150218股票分红派息数据更新完成
2025-08-14 21:04:27,197 - INFO - ✅ 20150219股票分红派息数据更新完成
2025-08-14 21:04:27,789 - INFO - ✅ 20150220股票分红派息数据更新完成
2025-08-14 21:04:28,401 - INFO - ✅ 20150221股票分红派息数据更新完成
2025-08-14 21:04:28,981 - INFO - ✅ 20150222股票分红派息数据更新完成
2025-08-14 21:04:29,728 - INFO - ✅ 20150223股票分红派息数据更新完成
2025-08-14 21:04:30,247 - INFO - ✅ 20150224股票分红派息数据更新完成
2025-08-14 21:04:30,844 - INFO - ✅ 20150225股票分红派息数据更新完成
2025-08-14 21:04:31,329 - INFO - ✅ 20150226股票分红派息数据更新完成
2025-08-14 21:04:31,797 - INFO - ✅ 20150227股票分红派息数据更新完成
2025-08-14 21:04:32,379 - INFO - ✅ 20150228股票分红派息数据更新完成
2025-08-14 21:04:32,944 - INFO - ✅ 20150301股票分红派息数据更新完成
2025-08-14 21:04:33,314 - INFO - ✅ 20150302股票分红派息数据更新完成
2025-08-14 21:04:34,099 - INFO - ✅ 20150303股票分红派息数据更新完成
2025-08-14 21:04:34,568 - INFO - ✅ 20150304股票分红派息数据更新完成
2025-08-14 21:04:35,067 - INFO - ✅ 20150305股票分红派息数据更新完成
2025-08-14 21:04:35,617 - INFO - ✅ 20150306股票分红派息数据更新完成
2025-08-14 21:04:36,194 - INFO - ✅ 20150307股票分红派息数据更新完成
2025-08-14 21:04:36,790 - INFO - ✅ 20150308股票分红派息数据更新完成
2025-08-14 21:04:37,208 - INFO - ✅ 20150309股票分红派息数据更新完成
2025-08-14 21:04:37,697 - INFO - ✅ 20150310股票分红派息数据更新完成
2025-08-14 21:04:38,217 - INFO - ✅ 20150311股票分红派息数据更新完成
2025-08-14 21:04:38,687 - INFO - ✅ 20150312股票分红派息数据更新完成
2025-08-14 21:04:39,278 - INFO - ✅ 20150313股票分红派息数据更新完成
2025-08-14 21:04:39,892 - INFO - ✅ 20150314股票分红派息数据更新完成
2025-08-14 21:04:40,492 - INFO - ✅ 20150315股票分红派息数据更新完成
2025-08-14 21:04:40,991 - INFO - ✅ 20150316股票分红派息数据更新完成
2025-08-14 21:04:41,335 - INFO - ✅ 20150317股票分红派息数据更新完成
2025-08-14 21:04:41,717 - INFO - ✅ 20150318股票分红派息数据更新完成
2025-08-14 21:04:42,087 - INFO - ✅ 20150319股票分红派息数据更新完成
2025-08-14 21:04:42,537 - INFO - ✅ 20150320股票分红派息数据更新完成
2025-08-14 21:04:43,114 - INFO - ✅ 20150321股票分红派息数据更新完成
2025-08-14 21:04:43,710 - INFO - ✅ 20150322股票分红派息数据更新完成
2025-08-14 21:04:44,067 - INFO - ✅ 20150323股票分红派息数据更新完成
2025-08-14 21:04:44,576 - INFO - ✅ 20150324股票分红派息数据更新完成
2025-08-14 21:04:44,961 - INFO - ✅ 20150325股票分红派息数据更新完成
2025-08-14 21:04:45,316 - INFO - ✅ 20150326股票分红派息数据更新完成
2025-08-14 21:04:45,838 - INFO - ✅ 20150327股票分红派息数据更新完成
2025-08-14 21:04:46,435 - INFO - ✅ 20150328股票分红派息数据更新完成
2025-08-14 21:04:46,999 - INFO - ✅ 20150329股票分红派息数据更新完成
2025-08-14 21:04:47,602 - INFO - ✅ 20150330股票分红派息数据更新完成
2025-08-14 21:04:48,067 - INFO - ✅ 20150331股票分红派息数据更新完成
2025-08-14 21:04:48,423 - INFO - ✅ 20150401股票分红派息数据更新完成
2025-08-14 21:04:48,828 - INFO - ✅ 20150402股票分红派息数据更新完成
2025-08-14 21:04:49,423 - INFO - ✅ 20150403股票分红派息数据更新完成
2025-08-14 21:04:49,989 - INFO - ✅ 20150404股票分红派息数据更新完成
2025-08-14 21:04:50,582 - INFO - ✅ 20150405股票分红派息数据更新完成
2025-08-14 21:04:51,194 - INFO - ✅ 20150406股票分红派息数据更新完成
2025-08-14 21:04:51,697 - INFO - ✅ 20150407股票分红派息数据更新完成
2025-08-14 21:04:52,051 - INFO - ✅ 20150408股票分红派息数据更新完成
2025-08-14 21:04:52,406 - INFO - ✅ 20150409股票分红派息数据更新完成
2025-08-14 21:04:52,900 - INFO - ✅ 20150410股票分红派息数据更新完成
2025-08-14 21:04:53,486 - INFO - ✅ 20150411股票分红派息数据更新完成
2025-08-14 21:04:54,114 - INFO - ✅ 20150412股票分红派息数据更新完成
2025-08-14 21:04:54,487 - INFO - ✅ 20150413股票分红派息数据更新完成
2025-08-14 21:04:54,857 - INFO - ✅ 20150414股票分红派息数据更新完成
2025-08-14 21:04:55,266 - INFO - ✅ 20150415股票分红派息数据更新完成
2025-08-14 21:04:55,758 - INFO - ✅ 20150416股票分红派息数据更新完成
2025-08-14 21:04:56,105 - INFO - ✅ 20150417股票分红派息数据更新完成
2025-08-14 21:04:56,905 - INFO - ✅ 20150418股票分红派息数据更新完成
2025-08-14 21:04:57,529 - INFO - ✅ 20150419股票分红派息数据更新完成
2025-08-14 21:04:58,066 - INFO - ✅ 20150420股票分红派息数据更新完成
2025-08-14 21:04:58,446 - INFO - ✅ 20150421股票分红派息数据更新完成
2025-08-14 21:04:58,816 - INFO - ✅ 20150422股票分红派息数据更新完成
2025-08-14 21:04:59,428 - INFO - ✅ 20150423股票分红派息数据更新完成
2025-08-14 21:04:59,776 - INFO - ✅ 20150424股票分红派息数据更新完成
2025-08-14 21:05:00,429 - INFO - ✅ 20150425股票分红派息数据更新完成
2025-08-14 21:05:01,078 - INFO - ✅ 20150426股票分红派息数据更新完成
2025-08-14 21:05:01,438 - INFO - ✅ 20150427股票分红派息数据更新完成
2025-08-14 21:05:01,807 - INFO - ✅ 20150428股票分红派息数据更新完成
2025-08-14 21:05:02,178 - INFO - ✅ 20150429股票分红派息数据更新完成
2025-08-14 21:05:02,598 - INFO - ✅ 20150430股票分红派息数据更新完成
2025-08-14 21:05:03,273 - INFO - ✅ 20150501股票分红派息数据更新完成
2025-08-14 21:05:03,868 - INFO - ✅ 20150502股票分红派息数据更新完成
2025-08-14 21:05:04,728 - INFO - ✅ 20150503股票分红派息数据更新完成
2025-08-14 21:05:05,126 - INFO - ✅ 20150504股票分红派息数据更新完成
2025-08-14 21:05:05,480 - INFO - ✅ 20150505股票分红派息数据更新完成
2025-08-14 21:05:05,887 - INFO - ✅ 20150506股票分红派息数据更新完成
2025-08-14 21:05:06,279 - INFO - ✅ 20150507股票分红派息数据更新完成
2025-08-14 21:05:06,666 - INFO - ✅ 20150508股票分红派息数据更新完成
2025-08-14 21:05:07,282 - INFO - ✅ 20150509股票分红派息数据更新完成
2025-08-14 21:05:07,894 - INFO - ✅ 20150510股票分红派息数据更新完成
2025-08-14 21:05:08,300 - INFO - ✅ 20150511股票分红派息数据更新完成
2025-08-14 21:05:08,696 - INFO - ✅ 20150512股票分红派息数据更新完成
2025-08-14 21:05:09,286 - INFO - ✅ 20150513股票分红派息数据更新完成
2025-08-14 21:05:09,636 - INFO - ✅ 20150514股票分红派息数据更新完成
2025-08-14 21:05:10,306 - INFO - ✅ 20150515股票分红派息数据更新完成
2025-08-14 21:05:10,882 - INFO - ✅ 20150516股票分红派息数据更新完成
2025-08-14 21:05:11,501 - INFO - ✅ 20150517股票分红派息数据更新完成
2025-08-14 21:05:12,148 - INFO - ✅ 20150518股票分红派息数据更新完成
2025-08-14 21:05:12,776 - INFO - ✅ 20150519股票分红派息数据更新完成
2025-08-14 21:05:13,409 - INFO - ✅ 20150520股票分红派息数据更新完成
2025-08-14 21:05:14,026 - INFO - ✅ 20150521股票分红派息数据更新完成
2025-08-14 21:05:14,636 - INFO - ✅ 20150522股票分红派息数据更新完成
2025-08-14 21:05:15,389 - INFO - ✅ 20150523股票分红派息数据更新完成
2025-08-14 21:05:15,988 - INFO - ✅ 20150524股票分红派息数据更新完成
2025-08-14 21:05:16,636 - INFO - ✅ 20150525股票分红派息数据更新完成
2025-08-14 21:05:17,245 - INFO - ✅ 20150526股票分红派息数据更新完成
2025-08-14 21:05:17,916 - INFO - ✅ 20150527股票分红派息数据更新完成
2025-08-14 21:05:18,580 - INFO - ✅ 20150528股票分红派息数据更新完成
2025-08-14 21:05:19,196 - INFO - ✅ 20150529股票分红派息数据更新完成
2025-08-14 21:05:19,774 - INFO - ✅ 20150530股票分红派息数据更新完成
2025-08-14 21:05:20,449 - INFO - ✅ 20150531股票分红派息数据更新完成
2025-08-14 21:05:21,081 - INFO - ✅ 20150601股票分红派息数据更新完成
2025-08-14 21:05:21,766 - INFO - ✅ 20150602股票分红派息数据更新完成
2025-08-14 21:05:22,368 - INFO - ✅ 20150603股票分红派息数据更新完成
2025-08-14 21:05:23,037 - INFO - ✅ 20150604股票分红派息数据更新完成
2025-08-14 21:05:23,636 - INFO - ✅ 20150605股票分红派息数据更新完成
2025-08-14 21:05:24,216 - INFO - ✅ 20150606股票分红派息数据更新完成
2025-08-14 21:05:24,796 - INFO - ✅ 20150607股票分红派息数据更新完成
2025-08-14 21:05:25,427 - INFO - ✅ 20150608股票分红派息数据更新完成
2025-08-14 21:05:26,097 - INFO - ✅ 20150609股票分红派息数据更新完成
2025-08-14 21:05:26,695 - INFO - ✅ 20150610股票分红派息数据更新完成
2025-08-14 21:05:27,326 - INFO - ✅ 20150611股票分红派息数据更新完成
2025-08-14 21:05:28,002 - INFO - ✅ 20150612股票分红派息数据更新完成
2025-08-14 21:05:28,614 - INFO - ✅ 20150613股票分红派息数据更新完成
2025-08-14 21:05:29,187 - INFO - ✅ 20150614股票分红派息数据更新完成
2025-08-14 21:05:29,826 - INFO - ✅ 20150615股票分红派息数据更新完成
2025-08-14 21:05:30,459 - INFO - ✅ 20150616股票分红派息数据更新完成
2025-08-14 21:05:31,307 - INFO - ✅ 20150617股票分红派息数据更新完成
2025-08-14 21:05:31,906 - INFO - ✅ 20150618股票分红派息数据更新完成
2025-08-14 21:05:32,526 - INFO - ✅ 20150619股票分红派息数据更新完成
2025-08-14 21:05:33,109 - INFO - ✅ 20150620股票分红派息数据更新完成
2025-08-14 21:05:33,696 - INFO - ✅ 20150621股票分红派息数据更新完成
2025-08-14 21:05:34,298 - INFO - ✅ 20150622股票分红派息数据更新完成
2025-08-14 21:05:34,896 - INFO - ✅ 20150623股票分红派息数据更新完成
2025-08-14 21:05:35,549 - INFO - ✅ 20150624股票分红派息数据更新完成
2025-08-14 21:05:36,146 - INFO - ✅ 20150625股票分红派息数据更新完成
2025-08-14 21:05:36,761 - INFO - ✅ 20150626股票分红派息数据更新完成
2025-08-14 21:05:37,343 - INFO - ✅ 20150627股票分红派息数据更新完成
2025-08-14 21:05:37,902 - INFO - ✅ 20150628股票分红派息数据更新完成
2025-08-14 21:05:38,485 - INFO - ✅ 20150629股票分红派息数据更新完成
2025-08-14 21:05:39,085 - INFO - ✅ 20150630股票分红派息数据更新完成
2025-08-14 21:05:39,678 - INFO - ✅ 20150701股票分红派息数据更新完成
2025-08-14 21:05:40,295 - INFO - ✅ 20150702股票分红派息数据更新完成
2025-08-14 21:05:40,875 - INFO - ✅ 20150703股票分红派息数据更新完成
2025-08-14 21:05:41,476 - INFO - ✅ 20150704股票分红派息数据更新完成
2025-08-14 21:05:42,066 - INFO - ✅ 20150705股票分红派息数据更新完成
2025-08-14 21:05:43,235 - INFO - ✅ 20150706股票分红派息数据更新完成
2025-08-14 21:05:43,885 - INFO - ✅ 20150707股票分红派息数据更新完成
2025-08-14 21:05:44,537 - INFO - ✅ 20150708股票分红派息数据更新完成
2025-08-14 21:05:45,171 - INFO - ✅ 20150709股票分红派息数据更新完成
2025-08-14 21:05:45,825 - INFO - ✅ 20150710股票分红派息数据更新完成
2025-08-14 21:05:46,401 - INFO - ✅ 20150711股票分红派息数据更新完成
2025-08-14 21:05:46,969 - INFO - ✅ 20150712股票分红派息数据更新完成
2025-08-14 21:05:47,566 - INFO - ✅ 20150713股票分红派息数据更新完成
2025-08-14 21:05:48,195 - INFO - ✅ 20150714股票分红派息数据更新完成
2025-08-14 21:05:48,825 - INFO - ✅ 20150715股票分红派息数据更新完成
2025-08-14 21:05:49,471 - INFO - ✅ 20150716股票分红派息数据更新完成
2025-08-14 21:05:50,098 - INFO - ✅ 20150717股票分红派息数据更新完成
2025-08-14 21:05:50,682 - INFO - ✅ 20150718股票分红派息数据更新完成
2025-08-14 21:05:51,280 - INFO - ✅ 20150719股票分红派息数据更新完成
2025-08-14 21:05:51,885 - INFO - ✅ 20150720股票分红派息数据更新完成
2025-08-14 21:05:52,475 - INFO - ✅ 20150721股票分红派息数据更新完成
2025-08-14 21:05:53,089 - INFO - ✅ 20150722股票分红派息数据更新完成
2025-08-14 21:05:53,665 - INFO - ✅ 20150723股票分红派息数据更新完成
2025-08-14 21:05:54,257 - INFO - ✅ 20150724股票分红派息数据更新完成
2025-08-14 21:05:54,851 - INFO - ✅ 20150725股票分红派息数据更新完成
2025-08-14 21:05:55,518 - INFO - ✅ 20150726股票分红派息数据更新完成
2025-08-14 21:05:56,135 - INFO - ✅ 20150727股票分红派息数据更新完成
2025-08-14 21:05:56,756 - INFO - ✅ 20150728股票分红派息数据更新完成
2025-08-14 21:05:57,372 - INFO - ✅ 20150729股票分红派息数据更新完成
2025-08-14 21:05:57,965 - INFO - ✅ 20150730股票分红派息数据更新完成
2025-08-14 21:05:58,537 - INFO - ✅ 20150731股票分红派息数据更新完成
2025-08-14 21:05:59,113 - INFO - ✅ 20150801股票分红派息数据更新完成
2025-08-14 21:05:59,697 - INFO - ✅ 20150802股票分红派息数据更新完成
2025-08-14 21:06:00,297 - INFO - ✅ 20150803股票分红派息数据更新完成
2025-08-14 21:06:00,895 - INFO - ✅ 20150804股票分红派息数据更新完成
2025-08-14 21:06:01,735 - INFO - ✅ 20150805股票分红派息数据更新完成
2025-08-14 21:06:02,365 - INFO - ✅ 20150806股票分红派息数据更新完成
2025-08-14 21:06:02,980 - INFO - ✅ 20150807股票分红派息数据更新完成
2025-08-14 21:06:03,580 - INFO - ✅ 20150808股票分红派息数据更新完成
2025-08-14 21:06:04,177 - INFO - ✅ 20150809股票分红派息数据更新完成
2025-08-14 21:06:04,795 - INFO - ✅ 20150810股票分红派息数据更新完成
2025-08-14 21:06:05,397 - INFO - ✅ 20150811股票分红派息数据更新完成
2025-08-14 21:06:06,006 - INFO - ✅ 20150812股票分红派息数据更新完成
2025-08-14 21:06:06,603 - INFO - ✅ 20150813股票分红派息数据更新完成
2025-08-14 21:06:07,325 - INFO - ✅ 20150814股票分红派息数据更新完成
2025-08-14 21:06:07,919 - INFO - ✅ 20150815股票分红派息数据更新完成
2025-08-14 21:06:08,503 - INFO - ✅ 20150816股票分红派息数据更新完成
2025-08-14 21:06:09,149 - INFO - ✅ 20150817股票分红派息数据更新完成
2025-08-14 21:06:09,767 - INFO - ✅ 20150818股票分红派息数据更新完成
2025-08-14 21:06:10,426 - INFO - ✅ 20150819股票分红派息数据更新完成
2025-08-14 21:06:11,085 - INFO - ✅ 20150820股票分红派息数据更新完成
2025-08-14 21:06:11,694 - INFO - ✅ 20150821股票分红派息数据更新完成
2025-08-14 21:06:12,320 - INFO - ✅ 20150822股票分红派息数据更新完成
2025-08-14 21:06:12,932 - INFO - ✅ 20150823股票分红派息数据更新完成
2025-08-14 21:06:13,537 - INFO - ✅ 20150824股票分红派息数据更新完成
2025-08-14 21:06:14,404 - INFO - ✅ 20150825股票分红派息数据更新完成
2025-08-14 21:06:14,984 - INFO - ✅ 20150826股票分红派息数据更新完成
2025-08-14 21:06:15,603 - INFO - ✅ 20150827股票分红派息数据更新完成
2025-08-14 21:06:16,315 - INFO - ✅ 20150828股票分红派息数据更新完成
2025-08-14 21:06:16,934 - INFO - ✅ 20150829股票分红派息数据更新完成
2025-08-14 21:06:17,529 - INFO - ✅ 20150830股票分红派息数据更新完成
2025-08-14 21:06:18,145 - INFO - ✅ 20150831股票分红派息数据更新完成
2025-08-14 21:06:18,724 - INFO - ✅ 20150901股票分红派息数据更新完成
2025-08-14 21:06:19,464 - INFO - ✅ 20150902股票分红派息数据更新完成
2025-08-14 21:06:20,079 - INFO - ✅ 20150903股票分红派息数据更新完成
2025-08-14 21:06:20,714 - INFO - ✅ 20150904股票分红派息数据更新完成
2025-08-14 21:06:21,296 - INFO - ✅ 20150905股票分红派息数据更新完成
2025-08-14 21:06:21,903 - INFO - ✅ 20150906股票分红派息数据更新完成
2025-08-14 21:06:22,526 - INFO - ✅ 20150907股票分红派息数据更新完成
2025-08-14 21:06:23,164 - INFO - ✅ 20150908股票分红派息数据更新完成
2025-08-14 21:06:23,794 - INFO - ✅ 20150909股票分红派息数据更新完成
2025-08-14 21:06:24,404 - INFO - ✅ 20150910股票分红派息数据更新完成
2025-08-14 21:06:24,984 - INFO - ✅ 20150911股票分红派息数据更新完成
2025-08-14 21:06:25,573 - INFO - ✅ 20150912股票分红派息数据更新完成
2025-08-14 21:06:26,192 - INFO - ✅ 20150913股票分红派息数据更新完成
2025-08-14 21:06:26,844 - INFO - ✅ 20150914股票分红派息数据更新完成
2025-08-14 21:06:27,444 - INFO - ✅ 20150915股票分红派息数据更新完成
2025-08-14 21:06:28,010 - INFO - ✅ 20150916股票分红派息数据更新完成
2025-08-14 21:06:28,664 - INFO - ✅ 20150917股票分红派息数据更新完成
2025-08-14 21:06:29,301 - INFO - ✅ 20150918股票分红派息数据更新完成
2025-08-14 21:06:29,905 - INFO - ✅ 20150919股票分红派息数据更新完成
2025-08-14 21:06:30,547 - INFO - ✅ 20150920股票分红派息数据更新完成
2025-08-14 21:06:31,114 - INFO - ✅ 20150921股票分红派息数据更新完成
2025-08-14 21:06:31,725 - INFO - ✅ 20150922股票分红派息数据更新完成
2025-08-14 21:06:32,354 - INFO - ✅ 20150923股票分红派息数据更新完成
2025-08-14 21:06:32,984 - INFO - ✅ 20150924股票分红派息数据更新完成
2025-08-14 21:06:33,565 - INFO - ✅ 20150925股票分红派息数据更新完成
2025-08-14 21:06:34,166 - INFO - ✅ 20150926股票分红派息数据更新完成
2025-08-14 21:06:34,793 - INFO - ✅ 20150927股票分红派息数据更新完成
2025-08-14 21:06:35,394 - INFO - ✅ 20150928股票分红派息数据更新完成
2025-08-14 21:06:35,956 - INFO - ✅ 20150929股票分红派息数据更新完成
2025-08-14 21:06:36,564 - INFO - ✅ 20150930股票分红派息数据更新完成
2025-08-14 21:06:37,146 - INFO - ✅ 20151001股票分红派息数据更新完成
2025-08-14 21:06:37,764 - INFO - ✅ 20151002股票分红派息数据更新完成
2025-08-14 21:06:38,335 - INFO - ✅ 20151003股票分红派息数据更新完成
2025-08-14 21:06:38,948 - INFO - ✅ 20151004股票分红派息数据更新完成
2025-08-14 21:06:39,536 - INFO - ✅ 20151005股票分红派息数据更新完成
2025-08-14 21:06:40,144 - INFO - ✅ 20151006股票分红派息数据更新完成
2025-08-14 21:06:40,755 - INFO - ✅ 20151007股票分红派息数据更新完成
2025-08-14 21:06:41,585 - INFO - ✅ 20151008股票分红派息数据更新完成
2025-08-14 21:06:42,184 - INFO - ✅ 20151009股票分红派息数据更新完成
2025-08-14 21:06:42,807 - INFO - ✅ 20151010股票分红派息数据更新完成
2025-08-14 21:06:43,419 - INFO - ✅ 20151011股票分红派息数据更新完成
2025-08-14 21:06:44,004 - INFO - ✅ 20151012股票分红派息数据更新完成
2025-08-14 21:06:44,599 - INFO - ✅ 20151013股票分红派息数据更新完成
2025-08-14 21:06:45,227 - INFO - ✅ 20151014股票分红派息数据更新完成
2025-08-14 21:06:45,814 - INFO - ✅ 20151015股票分红派息数据更新完成
2025-08-14 21:06:46,414 - INFO - ✅ 20151016股票分红派息数据更新完成
2025-08-14 21:06:47,320 - INFO - ✅ 20151017股票分红派息数据更新完成
2025-08-14 21:06:47,965 - INFO - ✅ 20151018股票分红派息数据更新完成
2025-08-14 21:06:48,600 - INFO - ✅ 20151019股票分红派息数据更新完成
2025-08-14 21:06:49,195 - INFO - ✅ 20151020股票分红派息数据更新完成
2025-08-14 21:06:49,777 - INFO - ✅ 20151021股票分红派息数据更新完成
2025-08-14 21:06:50,453 - INFO - ✅ 20151022股票分红派息数据更新完成
2025-08-14 21:06:51,154 - INFO - ✅ 20151023股票分红派息数据更新完成
2025-08-14 21:06:51,966 - INFO - ✅ 20151024股票分红派息数据更新完成
2025-08-14 21:06:52,564 - INFO - ✅ 20151025股票分红派息数据更新完成
2025-08-14 21:06:53,168 - INFO - ✅ 20151026股票分红派息数据更新完成
2025-08-14 21:06:53,772 - INFO - ✅ 20151027股票分红派息数据更新完成
2025-08-14 21:06:54,414 - INFO - ✅ 20151028股票分红派息数据更新完成
2025-08-14 21:06:55,034 - INFO - ✅ 20151029股票分红派息数据更新完成
2025-08-14 21:06:55,601 - INFO - ✅ 20151030股票分红派息数据更新完成
2025-08-14 21:06:56,579 - INFO - ✅ 20151031股票分红派息数据更新完成
2025-08-14 21:06:57,325 - INFO - ✅ 20151101股票分红派息数据更新完成
2025-08-14 21:06:57,904 - INFO - ✅ 20151102股票分红派息数据更新完成
2025-08-14 21:06:58,519 - INFO - ✅ 20151103股票分红派息数据更新完成
2025-08-14 21:06:59,113 - INFO - ✅ 20151104股票分红派息数据更新完成
2025-08-14 21:06:59,694 - INFO - ✅ 20151105股票分红派息数据更新完成
2025-08-14 21:07:00,355 - INFO - ✅ 20151106股票分红派息数据更新完成
2025-08-14 21:07:01,014 - INFO - ✅ 20151107股票分红派息数据更新完成
2025-08-14 21:07:01,593 - INFO - ✅ 20151108股票分红派息数据更新完成
2025-08-14 21:07:02,176 - INFO - ✅ 20151109股票分红派息数据更新完成
2025-08-14 21:07:02,762 - INFO - ✅ 20151110股票分红派息数据更新完成
2025-08-14 21:07:03,345 - INFO - ✅ 20151111股票分红派息数据更新完成
2025-08-14 21:07:03,944 - INFO - ✅ 20151112股票分红派息数据更新完成
2025-08-14 21:07:04,563 - INFO - ✅ 20151113股票分红派息数据更新完成
2025-08-14 21:07:05,153 - INFO - ✅ 20151114股票分红派息数据更新完成
2025-08-14 21:07:05,727 - INFO - ✅ 20151115股票分红派息数据更新完成
2025-08-14 21:07:06,333 - INFO - ✅ 20151116股票分红派息数据更新完成
2025-08-14 21:07:06,953 - INFO - ✅ 20151117股票分红派息数据更新完成
2025-08-14 21:07:07,568 - INFO - ✅ 20151118股票分红派息数据更新完成
2025-08-14 21:07:08,163 - INFO - ✅ 20151119股票分红派息数据更新完成
2025-08-14 21:07:08,758 - INFO - ✅ 20151120股票分红派息数据更新完成
2025-08-14 21:07:09,384 - INFO - ✅ 20151121股票分红派息数据更新完成
2025-08-14 21:07:09,951 - INFO - ✅ 20151122股票分红派息数据更新完成
2025-08-14 21:07:10,565 - INFO - ✅ 20151123股票分红派息数据更新完成
2025-08-14 21:07:11,208 - INFO - ✅ 20151124股票分红派息数据更新完成
2025-08-14 21:07:11,813 - INFO - ✅ 20151125股票分红派息数据更新完成
2025-08-14 21:07:12,426 - INFO - ✅ 20151126股票分红派息数据更新完成
2025-08-14 21:07:13,010 - INFO - ✅ 20151127股票分红派息数据更新完成
2025-08-14 21:07:13,599 - INFO - ✅ 20151128股票分红派息数据更新完成
2025-08-14 21:07:14,206 - INFO - ✅ 20151129股票分红派息数据更新完成
2025-08-14 21:07:14,823 - INFO - ✅ 20151130股票分红派息数据更新完成
2025-08-14 21:07:15,483 - INFO - ✅ 20151201股票分红派息数据更新完成
2025-08-14 21:07:16,064 - INFO - ✅ 20151202股票分红派息数据更新完成
2025-08-14 21:07:16,677 - INFO - ✅ 20151203股票分红派息数据更新完成
2025-08-14 21:07:17,275 - INFO - ✅ 20151204股票分红派息数据更新完成
2025-08-14 21:07:17,853 - INFO - ✅ 20151205股票分红派息数据更新完成
2025-08-14 21:07:18,450 - INFO - ✅ 20151206股票分红派息数据更新完成
2025-08-14 21:07:19,048 - INFO - ✅ 20151207股票分红派息数据更新完成
2025-08-14 21:07:19,693 - INFO - ✅ 20151208股票分红派息数据更新完成
2025-08-14 21:07:20,363 - INFO - ✅ 20151209股票分红派息数据更新完成
2025-08-14 21:07:20,973 - INFO - ✅ 20151210股票分红派息数据更新完成
2025-08-14 21:07:21,557 - INFO - ✅ 20151211股票分红派息数据更新完成
2025-08-14 21:07:22,128 - INFO - ✅ 20151212股票分红派息数据更新完成
2025-08-14 21:07:22,706 - INFO - ✅ 20151213股票分红派息数据更新完成
2025-08-14 21:07:23,334 - INFO - ✅ 20151214股票分红派息数据更新完成
2025-08-14 21:07:23,933 - INFO - ✅ 20151215股票分红派息数据更新完成
2025-08-14 21:07:24,537 - INFO - ✅ 20151216股票分红派息数据更新完成
2025-08-14 21:07:25,150 - INFO - ✅ 20151217股票分红派息数据更新完成
2025-08-14 21:07:25,776 - INFO - ✅ 20151218股票分红派息数据更新完成
2025-08-14 21:07:26,416 - INFO - ✅ 20151219股票分红派息数据更新完成
2025-08-14 21:07:27,113 - INFO - ✅ 20151220股票分红派息数据更新完成
2025-08-14 21:07:27,713 - INFO - ✅ 20151221股票分红派息数据更新完成
2025-08-14 21:07:28,293 - INFO - ✅ 20151222股票分红派息数据更新完成
2025-08-14 21:07:28,893 - INFO - ✅ 20151223股票分红派息数据更新完成
2025-08-14 21:07:29,476 - INFO - ✅ 20151224股票分红派息数据更新完成
2025-08-14 21:07:30,063 - INFO - ✅ 20151225股票分红派息数据更新完成
2025-08-14 21:07:30,690 - INFO - ✅ 20151226股票分红派息数据更新完成
2025-08-14 21:07:31,286 - INFO - ✅ 20151227股票分红派息数据更新完成
2025-08-14 21:07:31,903 - INFO - ✅ 20151228股票分红派息数据更新完成
2025-08-14 21:07:32,483 - INFO - ✅ 20151229股票分红派息数据更新完成
2025-08-14 21:07:33,120 - INFO - ✅ 20151230股票分红派息数据更新完成
2025-08-14 21:07:33,680 - INFO - ✅ 20151231股票分红派息数据更新完成
2025-08-14 21:07:34,254 - INFO - ✅ 20160101股票分红派息数据更新完成
2025-08-14 21:07:34,869 - INFO - ✅ 20160102股票分红派息数据更新完成
2025-08-14 21:07:35,480 - INFO - ✅ 20160103股票分红派息数据更新完成
2025-08-14 21:07:36,116 - INFO - ✅ 20160104股票分红派息数据更新完成
2025-08-14 21:07:36,776 - INFO - ✅ 20160105股票分红派息数据更新完成
2025-08-14 21:07:37,410 - INFO - ✅ 20160106股票分红派息数据更新完成
2025-08-14 21:07:38,094 - INFO - ✅ 20160107股票分红派息数据更新完成
2025-08-14 21:07:38,738 - INFO - ✅ 20160108股票分红派息数据更新完成
2025-08-14 21:07:39,334 - INFO - ✅ 20160109股票分红派息数据更新完成
2025-08-14 21:07:39,927 - INFO - ✅ 20160110股票分红派息数据更新完成
2025-08-14 21:07:40,535 - INFO - ✅ 20160111股票分红派息数据更新完成
2025-08-14 21:07:41,118 - INFO - ✅ 20160112股票分红派息数据更新完成
2025-08-14 21:07:41,712 - INFO - ✅ 20160113股票分红派息数据更新完成
2025-08-14 21:07:42,285 - INFO - ✅ 20160114股票分红派息数据更新完成
2025-08-14 21:07:42,880 - INFO - ✅ 20160115股票分红派息数据更新完成
2025-08-14 21:07:43,461 - INFO - ✅ 20160116股票分红派息数据更新完成
2025-08-14 21:07:44,517 - INFO - ✅ 20160117股票分红派息数据更新完成
2025-08-14 21:07:45,154 - INFO - ✅ 20160118股票分红派息数据更新完成
2025-08-14 21:07:45,776 - INFO - ✅ 20160119股票分红派息数据更新完成
2025-08-14 21:07:46,388 - INFO - ✅ 20160120股票分红派息数据更新完成
2025-08-14 21:07:47,008 - INFO - ✅ 20160121股票分红派息数据更新完成
2025-08-14 21:07:47,594 - INFO - ✅ 20160122股票分红派息数据更新完成
2025-08-14 21:07:48,174 - INFO - ✅ 20160123股票分红派息数据更新完成
2025-08-14 21:07:48,770 - INFO - ✅ 20160124股票分红派息数据更新完成
2025-08-14 21:07:49,370 - INFO - ✅ 20160125股票分红派息数据更新完成
2025-08-14 21:07:50,302 - INFO - ✅ 20160126股票分红派息数据更新完成
2025-08-14 21:07:50,882 - INFO - ✅ 20160127股票分红派息数据更新完成
2025-08-14 21:07:51,546 - INFO - ✅ 20160128股票分红派息数据更新完成
2025-08-14 21:07:52,191 - INFO - ✅ 20160129股票分红派息数据更新完成
2025-08-14 21:07:52,820 - INFO - ✅ 20160130股票分红派息数据更新完成
2025-08-14 21:07:53,487 - INFO - ✅ 20160131股票分红派息数据更新完成
2025-08-14 21:07:54,079 - INFO - ✅ 20160201股票分红派息数据更新完成
2025-08-14 21:07:54,856 - INFO - ✅ 20160202股票分红派息数据更新完成
2025-08-14 21:07:55,502 - INFO - ✅ 20160203股票分红派息数据更新完成
2025-08-14 21:07:56,291 - INFO - ✅ 20160204股票分红派息数据更新完成
2025-08-14 21:07:56,882 - INFO - ✅ 20160205股票分红派息数据更新完成
2025-08-14 21:07:57,490 - INFO - ✅ 20160206股票分红派息数据更新完成
2025-08-14 21:07:58,062 - INFO - ✅ 20160207股票分红派息数据更新完成
2025-08-14 21:07:58,737 - INFO - ✅ 20160208股票分红派息数据更新完成
2025-08-14 21:07:59,367 - INFO - ✅ 20160209股票分红派息数据更新完成
2025-08-14 21:07:59,975 - INFO - ✅ 20160210股票分红派息数据更新完成
2025-08-14 21:08:00,560 - INFO - ✅ 20160211股票分红派息数据更新完成
2025-08-14 21:08:01,148 - INFO - ✅ 20160212股票分红派息数据更新完成
2025-08-14 21:08:01,756 - INFO - ✅ 20160213股票分红派息数据更新完成
2025-08-14 21:08:02,336 - INFO - ✅ 20160214股票分红派息数据更新完成
2025-08-14 21:08:02,980 - INFO - ✅ 20160215股票分红派息数据更新完成
2025-08-14 21:08:03,626 - INFO - ✅ 20160216股票分红派息数据更新完成
2025-08-14 21:08:04,205 - INFO - ✅ 20160217股票分红派息数据更新完成
2025-08-14 21:08:04,812 - INFO - ✅ 20160218股票分红派息数据更新完成
2025-08-14 21:08:05,413 - INFO - ✅ 20160219股票分红派息数据更新完成
2025-08-14 21:08:06,253 - INFO - ✅ 20160220股票分红派息数据更新完成
2025-08-14 21:08:06,873 - INFO - ✅ 20160221股票分红派息数据更新完成
2025-08-14 21:08:07,477 - INFO - ✅ 20160222股票分红派息数据更新完成
2025-08-14 21:08:08,112 - INFO - ✅ 20160223股票分红派息数据更新完成
2025-08-14 21:08:08,703 - INFO - ✅ 20160224股票分红派息数据更新完成
2025-08-14 21:08:09,295 - INFO - ✅ 20160225股票分红派息数据更新完成
2025-08-14 21:08:09,945 - INFO - ✅ 20160226股票分红派息数据更新完成
2025-08-14 21:08:10,545 - INFO - ✅ 20160227股票分红派息数据更新完成
2025-08-14 21:08:11,129 - INFO - ✅ 20160228股票分红派息数据更新完成
2025-08-14 21:08:11,695 - INFO - ✅ 20160229股票分红派息数据更新完成
2025-08-14 21:08:12,292 - INFO - ✅ 20160301股票分红派息数据更新完成
2025-08-14 21:08:12,904 - INFO - ✅ 20160302股票分红派息数据更新完成
2025-08-14 21:08:13,485 - INFO - ✅ 20160303股票分红派息数据更新完成
2025-08-14 21:08:14,061 - INFO - ✅ 20160304股票分红派息数据更新完成
2025-08-14 21:08:14,672 - INFO - ✅ 20160305股票分红派息数据更新完成
2025-08-14 21:08:15,443 - INFO - ✅ 20160306股票分红派息数据更新完成
2025-08-14 21:08:16,062 - INFO - ✅ 20160307股票分红派息数据更新完成
2025-08-14 21:08:16,661 - INFO - ✅ 20160308股票分红派息数据更新完成
2025-08-14 21:08:17,245 - INFO - ✅ 20160309股票分红派息数据更新完成
2025-08-14 21:08:17,891 - INFO - ✅ 20160310股票分红派息数据更新完成
2025-08-14 21:08:18,514 - INFO - ✅ 20160311股票分红派息数据更新完成
2025-08-14 21:08:19,111 - INFO - ✅ 20160312股票分红派息数据更新完成
2025-08-14 21:08:19,677 - INFO - ✅ 20160313股票分红派息数据更新完成
2025-08-14 21:08:20,305 - INFO - ✅ 20160314股票分红派息数据更新完成
2025-08-14 21:08:20,903 - INFO - ✅ 20160315股票分红派息数据更新完成
2025-08-14 21:08:21,497 - INFO - ✅ 20160316股票分红派息数据更新完成
2025-08-14 21:08:22,261 - INFO - ✅ 20160317股票分红派息数据更新完成
2025-08-14 21:08:22,876 - INFO - ✅ 20160318股票分红派息数据更新完成
2025-08-14 21:08:23,489 - INFO - ✅ 20160319股票分红派息数据更新完成
2025-08-14 21:08:24,078 - INFO - ✅ 20160320股票分红派息数据更新完成
2025-08-14 21:08:24,673 - INFO - ✅ 20160321股票分红派息数据更新完成
2025-08-14 21:08:25,292 - INFO - ✅ 20160322股票分红派息数据更新完成
2025-08-14 21:08:25,891 - INFO - ✅ 20160323股票分红派息数据更新完成
2025-08-14 21:08:26,513 - INFO - ✅ 20160324股票分红派息数据更新完成
2025-08-14 21:08:27,094 - INFO - ✅ 20160325股票分红派息数据更新完成
2025-08-14 21:08:27,707 - INFO - ✅ 20160326股票分红派息数据更新完成
2025-08-14 21:08:28,287 - INFO - ✅ 20160327股票分红派息数据更新完成
2025-08-14 21:08:28,901 - INFO - ✅ 20160328股票分红派息数据更新完成
2025-08-14 21:08:29,498 - INFO - ✅ 20160329股票分红派息数据更新完成
2025-08-14 21:08:30,101 - INFO - ✅ 20160330股票分红派息数据更新完成
2025-08-14 21:08:30,744 - INFO - ✅ 20160331股票分红派息数据更新完成
2025-08-14 21:08:31,334 - INFO - ✅ 20160401股票分红派息数据更新完成
2025-08-14 21:08:31,971 - INFO - ✅ 20160402股票分红派息数据更新完成
2025-08-14 21:08:32,544 - INFO - ✅ 20160403股票分红派息数据更新完成
2025-08-14 21:08:33,136 - INFO - ✅ 20160404股票分红派息数据更新完成
2025-08-14 21:08:33,731 - INFO - ✅ 20160405股票分红派息数据更新完成
2025-08-14 21:08:34,321 - INFO - ✅ 20160406股票分红派息数据更新完成
2025-08-14 21:08:34,911 - INFO - ✅ 20160407股票分红派息数据更新完成
2025-08-14 21:08:35,561 - INFO - ✅ 20160408股票分红派息数据更新完成
2025-08-14 21:08:36,173 - INFO - ✅ 20160409股票分红派息数据更新完成
2025-08-14 21:08:36,771 - INFO - ✅ 20160410股票分红派息数据更新完成
2025-08-14 21:08:37,381 - INFO - ✅ 20160411股票分红派息数据更新完成
2025-08-14 21:08:38,002 - INFO - ✅ 20160412股票分红派息数据更新完成
2025-08-14 21:08:38,641 - INFO - ✅ 20160413股票分红派息数据更新完成
2025-08-14 21:08:39,224 - INFO - ✅ 20160414股票分红派息数据更新完成
2025-08-14 21:08:39,811 - INFO - ✅ 20160415股票分红派息数据更新完成
2025-08-14 21:08:40,422 - INFO - ✅ 20160416股票分红派息数据更新完成
2025-08-14 21:08:41,002 - INFO - ✅ 20160417股票分红派息数据更新完成
2025-08-14 21:08:41,583 - INFO - ✅ 20160418股票分红派息数据更新完成
2025-08-14 21:08:42,204 - INFO - ✅ 20160419股票分红派息数据更新完成
2025-08-14 21:08:42,851 - INFO - ✅ 20160420股票分红派息数据更新完成
2025-08-14 21:08:43,447 - INFO - ✅ 20160421股票分红派息数据更新完成
2025-08-14 21:08:44,092 - INFO - ✅ 20160422股票分红派息数据更新完成
2025-08-14 21:08:46,448 - INFO - ✅ 20160423股票分红派息数据更新完成
2025-08-14 21:08:47,126 - INFO - ✅ 20160424股票分红派息数据更新完成
2025-08-14 21:08:47,709 - INFO - ✅ 20160425股票分红派息数据更新完成
2025-08-14 21:08:48,281 - INFO - ✅ 20160426股票分红派息数据更新完成
2025-08-14 21:08:48,941 - INFO - ✅ 20160427股票分红派息数据更新完成
2025-08-14 21:08:49,571 - INFO - ✅ 20160428股票分红派息数据更新完成
2025-08-14 21:08:50,333 - INFO - ✅ 20160429股票分红派息数据更新完成
2025-08-14 21:08:51,005 - INFO - ✅ 20160430股票分红派息数据更新完成
2025-08-14 21:08:51,608 - INFO - ✅ 20160501股票分红派息数据更新完成
2025-08-14 21:08:52,205 - INFO - ✅ 20160502股票分红派息数据更新完成
2025-08-14 21:08:52,970 - INFO - ✅ 20160503股票分红派息数据更新完成
2025-08-14 21:08:53,559 - INFO - ✅ 20160504股票分红派息数据更新完成
2025-08-14 21:08:54,280 - INFO - ✅ 20160505股票分红派息数据更新完成
2025-08-14 21:08:54,870 - INFO - ✅ 20160506股票分红派息数据更新完成
2025-08-14 21:08:55,527 - INFO - ✅ 20160507股票分红派息数据更新完成
2025-08-14 21:08:56,140 - INFO - ✅ 20160508股票分红派息数据更新完成
2025-08-14 21:08:56,743 - INFO - ✅ 20160509股票分红派息数据更新完成
2025-08-14 21:08:57,664 - INFO - ✅ 20160510股票分红派息数据更新完成
2025-08-14 21:08:58,291 - INFO - ✅ 20160511股票分红派息数据更新完成
2025-08-14 21:08:58,931 - INFO - ✅ 20160512股票分红派息数据更新完成
2025-08-14 21:08:59,550 - INFO - ✅ 20160513股票分红派息数据更新完成
2025-08-14 21:09:00,158 - INFO - ✅ 20160514股票分红派息数据更新完成
2025-08-14 21:09:00,802 - INFO - ✅ 20160515股票分红派息数据更新完成
2025-08-14 21:09:01,459 - INFO - ✅ 20160516股票分红派息数据更新完成
2025-08-14 21:09:02,520 - INFO - ✅ 20160517股票分红派息数据更新完成
2025-08-14 21:09:03,142 - INFO - ✅ 20160518股票分红派息数据更新完成
2025-08-14 21:09:03,820 - INFO - ✅ 20160519股票分红派息数据更新完成
2025-08-14 21:09:04,445 - INFO - ✅ 20160520股票分红派息数据更新完成
2025-08-14 21:09:05,090 - INFO - ✅ 20160521股票分红派息数据更新完成
2025-08-14 21:09:05,713 - INFO - ✅ 20160522股票分红派息数据更新完成
2025-08-14 21:09:06,340 - INFO - ✅ 20160523股票分红派息数据更新完成
2025-08-14 21:09:06,985 - INFO - ✅ 20160524股票分红派息数据更新完成
2025-08-14 21:09:07,660 - INFO - ✅ 20160525股票分红派息数据更新完成
2025-08-14 21:09:08,236 - INFO - ✅ 20160526股票分红派息数据更新完成
2025-08-14 21:09:08,930 - INFO - ✅ 20160527股票分红派息数据更新完成
2025-08-14 21:09:09,539 - INFO - ✅ 20160528股票分红派息数据更新完成
2025-08-14 21:09:10,124 - INFO - ✅ 20160529股票分红派息数据更新完成
2025-08-14 21:09:10,766 - INFO - ✅ 20160530股票分红派息数据更新完成
2025-08-14 21:09:11,393 - INFO - ✅ 20160531股票分红派息数据更新完成
2025-08-14 21:09:12,045 - INFO - ✅ 20160601股票分红派息数据更新完成
2025-08-14 21:09:12,660 - INFO - ✅ 20160602股票分红派息数据更新完成
2025-08-14 21:09:13,334 - INFO - ✅ 20160603股票分红派息数据更新完成
2025-08-14 21:09:13,964 - INFO - ✅ 20160604股票分红派息数据更新完成
2025-08-14 21:09:14,608 - INFO - ✅ 20160605股票分红派息数据更新完成
2025-08-14 21:09:15,257 - INFO - ✅ 20160606股票分红派息数据更新完成
2025-08-14 21:09:16,124 - INFO - ✅ 20160607股票分红派息数据更新完成
2025-08-14 21:09:16,800 - INFO - ✅ 20160608股票分红派息数据更新完成
2025-08-14 21:09:17,399 - INFO - ✅ 20160609股票分红派息数据更新完成
2025-08-14 21:09:18,110 - INFO - ✅ 20160610股票分红派息数据更新完成
2025-08-14 21:09:18,735 - INFO - ✅ 20160611股票分红派息数据更新完成
2025-08-14 21:09:19,347 - INFO - ✅ 20160612股票分红派息数据更新完成
2025-08-14 21:09:19,994 - INFO - ✅ 20160613股票分红派息数据更新完成
2025-08-14 21:09:20,630 - INFO - ✅ 20160614股票分红派息数据更新完成
2025-08-14 21:09:21,272 - INFO - ✅ 20160615股票分红派息数据更新完成
2025-08-14 21:09:21,900 - INFO - ✅ 20160616股票分红派息数据更新完成
2025-08-14 21:09:22,502 - INFO - ✅ 20160617股票分红派息数据更新完成
2025-08-14 21:09:23,110 - INFO - ✅ 20160618股票分红派息数据更新完成
2025-08-14 21:09:23,737 - INFO - ✅ 20160619股票分红派息数据更新完成
2025-08-14 21:09:24,410 - INFO - ✅ 20160620股票分红派息数据更新完成
2025-08-14 21:09:25,070 - INFO - ✅ 20160621股票分红派息数据更新完成
2025-08-14 21:09:25,730 - INFO - ✅ 20160622股票分红派息数据更新完成
2025-08-14 21:09:26,380 - INFO - ✅ 20160623股票分红派息数据更新完成
2025-08-14 21:09:26,998 - INFO - ✅ 20160624股票分红派息数据更新完成
2025-08-14 21:09:27,592 - INFO - ✅ 20160625股票分红派息数据更新完成
2025-08-14 21:09:28,187 - INFO - ✅ 20160626股票分红派息数据更新完成
2025-08-14 21:09:28,832 - INFO - ✅ 20160627股票分红派息数据更新完成
2025-08-14 21:09:29,445 - INFO - ✅ 20160628股票分红派息数据更新完成
2025-08-14 21:09:30,094 - INFO - ✅ 20160629股票分红派息数据更新完成
2025-08-14 21:09:30,858 - INFO - ✅ 20160630股票分红派息数据更新完成
2025-08-14 21:09:31,470 - INFO - ✅ 20160701股票分红派息数据更新完成
2025-08-14 21:09:32,061 - INFO - ✅ 20160702股票分红派息数据更新完成
2025-08-14 21:09:32,655 - INFO - ✅ 20160703股票分红派息数据更新完成
2025-08-14 21:09:33,275 - INFO - ✅ 20160704股票分红派息数据更新完成
2025-08-14 21:09:33,861 - INFO - ✅ 20160705股票分红派息数据更新完成
2025-08-14 21:09:34,472 - INFO - ✅ 20160706股票分红派息数据更新完成
2025-08-14 21:09:35,091 - INFO - ✅ 20160707股票分红派息数据更新完成
2025-08-14 21:09:35,720 - INFO - ✅ 20160708股票分红派息数据更新完成
2025-08-14 21:09:36,300 - INFO - ✅ 20160709股票分红派息数据更新完成
2025-08-14 21:09:36,894 - INFO - ✅ 20160710股票分红派息数据更新完成
2025-08-14 21:09:37,511 - INFO - ✅ 20160711股票分红派息数据更新完成
2025-08-14 21:09:38,140 - INFO - ✅ 20160712股票分红派息数据更新完成
2025-08-14 21:09:38,770 - INFO - ✅ 20160713股票分红派息数据更新完成
2025-08-14 21:09:39,646 - INFO - ✅ 20160714股票分红派息数据更新完成
2025-08-14 21:09:40,259 - INFO - ✅ 20160715股票分红派息数据更新完成
2025-08-14 21:09:40,838 - INFO - ✅ 20160716股票分红派息数据更新完成
2025-08-14 21:09:41,425 - INFO - ✅ 20160717股票分红派息数据更新完成
2025-08-14 21:09:42,031 - INFO - ✅ 20160718股票分红派息数据更新完成
2025-08-14 21:09:42,690 - INFO - ✅ 20160719股票分红派息数据更新完成
2025-08-14 21:09:43,282 - INFO - ✅ 20160720股票分红派息数据更新完成
2025-08-14 21:09:43,930 - INFO - ✅ 20160721股票分红派息数据更新完成
2025-08-14 21:09:44,560 - INFO - ✅ 20160722股票分红派息数据更新完成
2025-08-14 21:09:45,147 - INFO - ✅ 20160723股票分红派息数据更新完成
2025-08-14 21:09:45,775 - INFO - ✅ 20160724股票分红派息数据更新完成
2025-08-14 21:09:46,369 - INFO - ✅ 20160725股票分红派息数据更新完成
2025-08-14 21:09:46,973 - INFO - ✅ 20160726股票分红派息数据更新完成
2025-08-14 21:09:47,539 - INFO - ✅ 20160727股票分红派息数据更新完成
2025-08-14 21:09:48,159 - INFO - ✅ 20160728股票分红派息数据更新完成
2025-08-14 21:09:48,739 - INFO - ✅ 20160729股票分红派息数据更新完成
2025-08-14 21:09:49,344 - INFO - ✅ 20160730股票分红派息数据更新完成
2025-08-14 21:09:49,918 - INFO - ✅ 20160731股票分红派息数据更新完成
2025-08-14 21:09:50,500 - INFO - ✅ 20160801股票分红派息数据更新完成
2025-08-14 21:09:51,139 - INFO - ✅ 20160802股票分红派息数据更新完成
2025-08-14 21:09:51,719 - INFO - ✅ 20160803股票分红派息数据更新完成
2025-08-14 21:09:52,511 - INFO - ✅ 20160804股票分红派息数据更新完成
2025-08-14 21:09:53,147 - INFO - ✅ 20160805股票分红派息数据更新完成
2025-08-14 21:09:53,713 - INFO - ✅ 20160806股票分红派息数据更新完成
2025-08-14 21:09:54,315 - INFO - ✅ 20160807股票分红派息数据更新完成
2025-08-14 21:09:54,894 - INFO - ✅ 20160808股票分红派息数据更新完成
2025-08-14 21:09:55,549 - INFO - ✅ 20160809股票分红派息数据更新完成
2025-08-14 21:09:56,159 - INFO - ✅ 20160810股票分红派息数据更新完成
2025-08-14 21:09:56,739 - INFO - ✅ 20160811股票分红派息数据更新完成
2025-08-14 21:09:57,395 - INFO - ✅ 20160812股票分红派息数据更新完成
2025-08-14 21:09:57,949 - INFO - ✅ 20160813股票分红派息数据更新完成
2025-08-14 21:09:58,575 - INFO - ✅ 20160814股票分红派息数据更新完成
2025-08-14 21:09:59,170 - INFO - ✅ 20160815股票分红派息数据更新完成
2025-08-14 21:09:59,769 - INFO - ✅ 20160816股票分红派息数据更新完成
2025-08-14 21:10:00,390 - INFO - ✅ 20160817股票分红派息数据更新完成
2025-08-14 21:10:00,993 - INFO - ✅ 20160818股票分红派息数据更新完成
2025-08-14 21:10:01,567 - INFO - ✅ 20160819股票分红派息数据更新完成
2025-08-14 21:10:02,156 - INFO - ✅ 20160820股票分红派息数据更新完成
2025-08-14 21:10:02,830 - INFO - ✅ 20160821股票分红派息数据更新完成
2025-08-14 21:10:03,411 - INFO - ✅ 20160822股票分红派息数据更新完成
2025-08-14 21:10:04,060 - INFO - ✅ 20160823股票分红派息数据更新完成
2025-08-14 21:10:04,689 - INFO - ✅ 20160824股票分红派息数据更新完成
2025-08-14 21:10:05,428 - INFO - ✅ 20160825股票分红派息数据更新完成
2025-08-14 21:10:06,080 - INFO - ✅ 20160826股票分红派息数据更新完成
2025-08-14 21:10:06,757 - INFO - ✅ 20160827股票分红派息数据更新完成
2025-08-14 21:10:07,305 - INFO - ✅ 20160828股票分红派息数据更新完成
2025-08-14 21:10:07,870 - INFO - ✅ 20160829股票分红派息数据更新完成
2025-08-14 21:10:08,489 - INFO - ✅ 20160830股票分红派息数据更新完成
2025-08-14 21:10:09,175 - INFO - ✅ 20160831股票分红派息数据更新完成
2025-08-14 21:10:09,881 - INFO - ✅ 20160901股票分红派息数据更新完成
2025-08-14 21:10:10,510 - INFO - ✅ 20160902股票分红派息数据更新完成
2025-08-14 21:10:11,140 - INFO - ✅ 20160903股票分红派息数据更新完成
2025-08-14 21:10:11,734 - INFO - ✅ 20160904股票分红派息数据更新完成
2025-08-14 21:10:12,349 - INFO - ✅ 20160905股票分红派息数据更新完成
2025-08-14 21:10:12,973 - INFO - ✅ 20160906股票分红派息数据更新完成
2025-08-14 21:10:13,579 - INFO - ✅ 20160907股票分红派息数据更新完成
2025-08-14 21:10:14,253 - INFO - ✅ 20160908股票分红派息数据更新完成
2025-08-14 21:10:14,930 - INFO - ✅ 20160909股票分红派息数据更新完成
2025-08-14 21:10:15,639 - INFO - ✅ 20160910股票分红派息数据更新完成
2025-08-14 21:10:16,242 - INFO - ✅ 20160911股票分红派息数据更新完成
2025-08-14 21:10:16,854 - INFO - ✅ 20160912股票分红派息数据更新完成
2025-08-14 21:10:17,516 - INFO - ✅ 20160913股票分红派息数据更新完成
2025-08-14 21:10:18,159 - INFO - ✅ 20160914股票分红派息数据更新完成
2025-08-14 21:10:18,786 - INFO - ✅ 20160915股票分红派息数据更新完成
2025-08-14 21:10:19,361 - INFO - ✅ 20160916股票分红派息数据更新完成
2025-08-14 21:10:19,990 - INFO - ✅ 20160917股票分红派息数据更新完成
2025-08-14 21:10:20,606 - INFO - ✅ 20160918股票分红派息数据更新完成
2025-08-14 21:10:21,260 - INFO - ✅ 20160919股票分红派息数据更新完成
2025-08-14 21:10:21,870 - INFO - ✅ 20160920股票分红派息数据更新完成
2025-08-14 21:10:22,538 - INFO - ✅ 20160921股票分红派息数据更新完成
2025-08-14 21:10:23,128 - INFO - ✅ 20160922股票分红派息数据更新完成
2025-08-14 21:10:23,728 - INFO - ✅ 20160923股票分红派息数据更新完成
2025-08-14 21:10:24,302 - INFO - ✅ 20160924股票分红派息数据更新完成
2025-08-14 21:10:24,883 - INFO - ✅ 20160925股票分红派息数据更新完成
2025-08-14 21:10:25,542 - INFO - ✅ 20160926股票分红派息数据更新完成
2025-08-14 21:10:26,158 - INFO - ✅ 20160927股票分红派息数据更新完成
2025-08-14 21:10:26,778 - INFO - ✅ 20160928股票分红派息数据更新完成
2025-08-14 21:10:27,372 - INFO - ✅ 20160929股票分红派息数据更新完成
2025-08-14 21:10:27,989 - INFO - ✅ 20160930股票分红派息数据更新完成
2025-08-14 21:10:28,608 - INFO - ✅ 20161001股票分红派息数据更新完成
2025-08-14 21:10:29,211 - INFO - ✅ 20161002股票分红派息数据更新完成
2025-08-14 21:10:29,828 - INFO - ✅ 20161003股票分红派息数据更新完成
2025-08-14 21:10:30,459 - INFO - ✅ 20161004股票分红派息数据更新完成
2025-08-14 21:10:31,108 - INFO - ✅ 20161005股票分红派息数据更新完成
2025-08-14 21:10:32,018 - INFO - ✅ 20161006股票分红派息数据更新完成
2025-08-14 21:10:32,659 - INFO - ✅ 20161007股票分红派息数据更新完成
2025-08-14 21:10:33,233 - INFO - ✅ 20161008股票分红派息数据更新完成
2025-08-14 21:10:33,852 - INFO - ✅ 20161009股票分红派息数据更新完成
2025-08-14 21:10:34,450 - INFO - ✅ 20161010股票分红派息数据更新完成
2025-08-14 21:10:35,078 - INFO - ✅ 20161011股票分红派息数据更新完成
2025-08-14 21:10:35,688 - INFO - ✅ 20161012股票分红派息数据更新完成
2025-08-14 21:10:36,268 - INFO - ✅ 20161013股票分红派息数据更新完成
2025-08-14 21:10:36,848 - INFO - ✅ 20161014股票分红派息数据更新完成
2025-08-14 21:10:37,473 - INFO - ✅ 20161015股票分红派息数据更新完成
2025-08-14 21:10:38,042 - INFO - ✅ 20161016股票分红派息数据更新完成
2025-08-14 21:10:38,638 - INFO - ✅ 20161017股票分红派息数据更新完成
2025-08-14 21:10:39,238 - INFO - ✅ 20161018股票分红派息数据更新完成
2025-08-14 21:10:39,818 - INFO - ✅ 20161019股票分红派息数据更新完成
2025-08-14 21:10:40,578 - INFO - ✅ 20161020股票分红派息数据更新完成
2025-08-14 21:10:41,154 - INFO - ✅ 20161021股票分红派息数据更新完成
2025-08-14 21:10:41,771 - INFO - ✅ 20161022股票分红派息数据更新完成
2025-08-14 21:10:42,542 - INFO - ✅ 20161023股票分红派息数据更新完成
2025-08-14 21:10:43,128 - INFO - ✅ 20161024股票分红派息数据更新完成
2025-08-14 21:10:43,773 - INFO - ✅ 20161025股票分红派息数据更新完成
2025-08-14 21:10:44,348 - INFO - ✅ 20161026股票分红派息数据更新完成
2025-08-14 21:10:44,921 - INFO - ✅ 20161027股票分红派息数据更新完成
2025-08-14 21:10:45,522 - INFO - ✅ 20161028股票分红派息数据更新完成
2025-08-14 21:10:46,123 - INFO - ✅ 20161029股票分红派息数据更新完成
2025-08-14 21:10:46,712 - INFO - ✅ 20161030股票分红派息数据更新完成
2025-08-14 21:10:47,288 - INFO - ✅ 20161031股票分红派息数据更新完成
2025-08-14 21:10:47,898 - INFO - ✅ 20161101股票分红派息数据更新完成
2025-08-14 21:10:48,510 - INFO - ✅ 20161102股票分红派息数据更新完成
2025-08-14 21:10:49,094 - INFO - ✅ 20161103股票分红派息数据更新完成
2025-08-14 21:10:49,678 - INFO - ✅ 20161104股票分红派息数据更新完成
2025-08-14 21:10:50,253 - INFO - ✅ 20161105股票分红派息数据更新完成
2025-08-14 21:10:50,881 - INFO - ✅ 20161106股票分红派息数据更新完成
2025-08-14 21:10:51,479 - INFO - ✅ 20161107股票分红派息数据更新完成
2025-08-14 21:10:52,078 - INFO - ✅ 20161108股票分红派息数据更新完成
2025-08-14 21:10:52,688 - INFO - ✅ 20161109股票分红派息数据更新完成
2025-08-14 21:10:53,287 - INFO - ✅ 20161110股票分红派息数据更新完成
2025-08-14 21:10:53,908 - INFO - ✅ 20161111股票分红派息数据更新完成
2025-08-14 21:10:54,506 - INFO - ✅ 20161112股票分红派息数据更新完成
2025-08-14 21:10:55,073 - INFO - ✅ 20161113股票分红派息数据更新完成
2025-08-14 21:10:55,718 - INFO - ✅ 20161114股票分红派息数据更新完成
2025-08-14 21:10:56,288 - INFO - ✅ 20161115股票分红派息数据更新完成
2025-08-14 21:10:56,928 - INFO - ✅ 20161116股票分红派息数据更新完成
2025-08-14 21:10:57,524 - INFO - ✅ 20161117股票分红派息数据更新完成
2025-08-14 21:10:58,157 - INFO - ✅ 20161118股票分红派息数据更新完成
2025-08-14 21:10:58,768 - INFO - ✅ 20161119股票分红派息数据更新完成
2025-08-14 21:10:59,397 - INFO - ✅ 20161120股票分红派息数据更新完成
2025-08-14 21:11:00,029 - INFO - ✅ 20161121股票分红派息数据更新完成
2025-08-14 21:11:00,671 - INFO - ✅ 20161122股票分红派息数据更新完成
2025-08-14 21:11:01,301 - INFO - ✅ 20161123股票分红派息数据更新完成
2025-08-14 21:11:01,878 - INFO - ✅ 20161124股票分红派息数据更新完成
2025-08-14 21:11:02,526 - INFO - ✅ 20161125股票分红派息数据更新完成
2025-08-14 21:11:03,329 - INFO - ✅ 20161126股票分红派息数据更新完成
2025-08-14 21:11:03,941 - INFO - ✅ 20161127股票分红派息数据更新完成
2025-08-14 21:11:04,549 - INFO - ✅ 20161128股票分红派息数据更新完成
2025-08-14 21:11:05,166 - INFO - ✅ 20161129股票分红派息数据更新完成
2025-08-14 21:11:05,767 - INFO - ✅ 20161130股票分红派息数据更新完成
2025-08-14 21:11:06,347 - INFO - ✅ 20161201股票分红派息数据更新完成
2025-08-14 21:11:06,947 - INFO - ✅ 20161202股票分红派息数据更新完成
2025-08-14 21:11:07,575 - INFO - ✅ 20161203股票分红派息数据更新完成
2025-08-14 21:11:10,040 - INFO - ✅ 20161204股票分红派息数据更新完成
2025-08-14 21:11:10,669 - INFO - ✅ 20161205股票分红派息数据更新完成
2025-08-14 21:11:11,317 - INFO - ✅ 20161206股票分红派息数据更新完成
2025-08-14 21:11:11,927 - INFO - ✅ 20161207股票分红派息数据更新完成
2025-08-14 21:11:12,547 - INFO - ✅ 20161208股票分红派息数据更新完成
2025-08-14 21:11:13,139 - INFO - ✅ 20161209股票分红派息数据更新完成
2025-08-14 21:11:13,727 - INFO - ✅ 20161210股票分红派息数据更新完成
2025-08-14 21:11:14,311 - INFO - ✅ 20161211股票分红派息数据更新完成
2025-08-14 21:11:14,897 - INFO - ✅ 20161212股票分红派息数据更新完成
2025-08-14 21:11:15,509 - INFO - ✅ 20161213股票分红派息数据更新完成
2025-08-14 21:11:16,127 - INFO - ✅ 20161214股票分红派息数据更新完成
2025-08-14 21:11:16,727 - INFO - ✅ 20161215股票分红派息数据更新完成
2025-08-14 21:11:17,317 - INFO - ✅ 20161216股票分红派息数据更新完成
2025-08-14 21:11:17,932 - INFO - ✅ 20161217股票分红派息数据更新完成
2025-08-14 21:11:18,523 - INFO - ✅ 20161218股票分红派息数据更新完成
2025-08-14 21:11:19,169 - INFO - ✅ 20161219股票分红派息数据更新完成
2025-08-14 21:11:19,778 - INFO - ✅ 20161220股票分红派息数据更新完成
2025-08-14 21:11:20,406 - INFO - ✅ 20161221股票分红派息数据更新完成
2025-08-14 21:11:21,022 - INFO - ✅ 20161222股票分红派息数据更新完成
2025-08-14 21:11:21,655 - INFO - ✅ 20161223股票分红派息数据更新完成
2025-08-14 21:11:22,251 - INFO - ✅ 20161224股票分红派息数据更新完成
2025-08-14 21:11:22,863 - INFO - ✅ 20161225股票分红派息数据更新完成
2025-08-14 21:11:23,458 - INFO - ✅ 20161226股票分红派息数据更新完成
2025-08-14 21:11:24,042 - INFO - ✅ 20161227股票分红派息数据更新完成
2025-08-14 21:11:24,675 - INFO - ✅ 20161228股票分红派息数据更新完成
2025-08-14 21:11:25,270 - INFO - ✅ 20161229股票分红派息数据更新完成
2025-08-14 21:11:25,878 - INFO - ✅ 20161230股票分红派息数据更新完成
2025-08-14 21:11:26,479 - INFO - ✅ 20161231股票分红派息数据更新完成
2025-08-14 21:11:27,288 - INFO - ✅ 20170102股票分红派息数据更新完成
2025-08-14 21:11:27,905 - INFO - ✅ 20170103股票分红派息数据更新完成
2025-08-14 21:11:28,499 - INFO - ✅ 20170104股票分红派息数据更新完成
2025-08-14 21:11:29,114 - INFO - ✅ 20170105股票分红派息数据更新完成
2025-08-14 21:11:29,696 - INFO - ✅ 20170106股票分红派息数据更新完成
2025-08-14 21:11:30,441 - INFO - ✅ 20170107股票分红派息数据更新完成
2025-08-14 21:11:31,041 - INFO - ✅ 20170108股票分红派息数据更新完成
2025-08-14 21:11:31,675 - INFO - ✅ 20170109股票分红派息数据更新完成
2025-08-14 21:11:32,266 - INFO - ✅ 20170110股票分红派息数据更新完成
2025-08-14 21:11:32,923 - INFO - ✅ 20170111股票分红派息数据更新完成
2025-08-14 21:11:33,524 - INFO - ✅ 20170112股票分红派息数据更新完成
2025-08-14 21:11:34,141 - INFO - ✅ 20170113股票分红派息数据更新完成
2025-08-14 21:11:35,005 - INFO - ✅ 20170114股票分红派息数据更新完成
2025-08-14 21:11:35,621 - INFO - ✅ 20170115股票分红派息数据更新完成
2025-08-14 21:11:36,216 - INFO - ✅ 20170116股票分红派息数据更新完成
2025-08-14 21:11:36,794 - INFO - ✅ 20170117股票分红派息数据更新完成
2025-08-14 21:11:37,395 - INFO - ✅ 20170118股票分红派息数据更新完成
2025-08-14 21:11:37,952 - INFO - ✅ 20170119股票分红派息数据更新完成
2025-08-14 21:11:38,525 - INFO - ✅ 20170120股票分红派息数据更新完成
2025-08-14 21:11:39,119 - INFO - ✅ 20170121股票分红派息数据更新完成
2025-08-14 21:11:39,908 - INFO - ✅ 20170122股票分红派息数据更新完成
2025-08-14 21:11:40,529 - INFO - ✅ 20170123股票分红派息数据更新完成
2025-08-14 21:11:41,125 - INFO - ✅ 20170124股票分红派息数据更新完成
2025-08-14 21:11:41,864 - INFO - ✅ 20170125股票分红派息数据更新完成
2025-08-14 21:11:42,442 - INFO - ✅ 20170126股票分红派息数据更新完成
2025-08-14 21:11:43,041 - INFO - ✅ 20170127股票分红派息数据更新完成
2025-08-14 21:11:43,605 - INFO - ✅ 20170128股票分红派息数据更新完成
2025-08-14 21:11:44,239 - INFO - ✅ 20170129股票分红派息数据更新完成
2025-08-14 21:11:44,820 - INFO - ✅ 20170130股票分红派息数据更新完成
2025-08-14 21:11:45,425 - INFO - ✅ 20170131股票分红派息数据更新完成
2025-08-14 21:11:45,998 - INFO - ✅ 20170201股票分红派息数据更新完成
2025-08-14 21:11:46,557 - INFO - ✅ 20170202股票分红派息数据更新完成
2025-08-14 21:11:47,186 - INFO - ✅ 20170203股票分红派息数据更新完成
2025-08-14 21:11:47,795 - INFO - ✅ 20170204股票分红派息数据更新完成
2025-08-14 21:11:48,409 - INFO - ✅ 20170205股票分红派息数据更新完成
2025-08-14 21:11:49,013 - INFO - ✅ 20170206股票分红派息数据更新完成
2025-08-14 21:11:49,601 - INFO - ✅ 20170207股票分红派息数据更新完成
2025-08-14 21:11:50,199 - INFO - ✅ 20170208股票分红派息数据更新完成
2025-08-14 21:11:50,782 - INFO - ✅ 20170209股票分红派息数据更新完成
2025-08-14 21:11:51,346 - INFO - ✅ 20170210股票分红派息数据更新完成
2025-08-14 21:11:51,924 - INFO - ✅ 20170211股票分红派息数据更新完成
2025-08-14 21:11:52,523 - INFO - ✅ 20170212股票分红派息数据更新完成
2025-08-14 21:11:53,119 - INFO - ✅ 20170213股票分红派息数据更新完成
2025-08-14 21:11:53,884 - INFO - ✅ 20170214股票分红派息数据更新完成
2025-08-14 21:11:54,504 - INFO - ✅ 20170215股票分红派息数据更新完成
2025-08-14 21:11:55,144 - INFO - ✅ 20170216股票分红派息数据更新完成
2025-08-14 21:11:55,737 - INFO - ✅ 20170217股票分红派息数据更新完成
2025-08-14 21:11:56,312 - INFO - ✅ 20170218股票分红派息数据更新完成
2025-08-14 21:11:56,910 - INFO - ✅ 20170219股票分红派息数据更新完成
2025-08-14 21:11:57,530 - INFO - ✅ 20170220股票分红派息数据更新完成
2025-08-14 21:11:58,106 - INFO - ✅ 20170221股票分红派息数据更新完成
2025-08-14 21:11:58,700 - INFO - ✅ 20170222股票分红派息数据更新完成
2025-08-14 21:11:59,327 - INFO - ✅ 20170223股票分红派息数据更新完成
2025-08-14 21:12:00,121 - INFO - ✅ 20170224股票分红派息数据更新完成
2025-08-14 21:12:00,735 - INFO - ✅ 20170225股票分红派息数据更新完成
2025-08-14 21:12:01,349 - INFO - ✅ 20170226股票分红派息数据更新完成
2025-08-14 21:12:01,929 - INFO - ✅ 20170227股票分红派息数据更新完成
2025-08-14 21:12:02,544 - INFO - ✅ 20170228股票分红派息数据更新完成
2025-08-14 21:12:03,140 - INFO - ✅ 20170301股票分红派息数据更新完成
2025-08-14 21:12:03,734 - INFO - ✅ 20170302股票分红派息数据更新完成
2025-08-14 21:12:04,356 - INFO - ✅ 20170303股票分红派息数据更新完成
2025-08-14 21:12:04,986 - INFO - ✅ 20170304股票分红派息数据更新完成
2025-08-14 21:12:05,584 - INFO - ✅ 20170305股票分红派息数据更新完成
2025-08-14 21:12:06,154 - INFO - ✅ 20170306股票分红派息数据更新完成
2025-08-14 21:12:06,764 - INFO - ✅ 20170307股票分红派息数据更新完成
2025-08-14 21:12:07,360 - INFO - ✅ 20170308股票分红派息数据更新完成
2025-08-14 21:12:07,944 - INFO - ✅ 20170309股票分红派息数据更新完成
2025-08-14 21:12:08,557 - INFO - ✅ 20170310股票分红派息数据更新完成
2025-08-14 21:12:09,118 - INFO - ✅ 20170311股票分红派息数据更新完成
2025-08-14 21:12:09,705 - INFO - ✅ 20170312股票分红派息数据更新完成
2025-08-14 21:12:10,354 - INFO - ✅ 20170313股票分红派息数据更新完成
2025-08-14 21:12:11,027 - INFO - ✅ 20170314股票分红派息数据更新完成
2025-08-14 21:12:11,636 - INFO - ✅ 20170315股票分红派息数据更新完成
2025-08-14 21:12:12,233 - INFO - ✅ 20170316股票分红派息数据更新完成
2025-08-14 21:12:12,924 - INFO - ✅ 20170317股票分红派息数据更新完成
2025-08-14 21:12:13,532 - INFO - ✅ 20170318股票分红派息数据更新完成
2025-08-14 21:12:14,121 - INFO - ✅ 20170319股票分红派息数据更新完成
2025-08-14 21:12:14,718 - INFO - ✅ 20170320股票分红派息数据更新完成
2025-08-14 21:12:15,314 - INFO - ✅ 20170321股票分红派息数据更新完成
2025-08-14 21:12:15,955 - INFO - ✅ 20170322股票分红派息数据更新完成
2025-08-14 21:12:16,556 - INFO - ✅ 20170323股票分红派息数据更新完成
2025-08-14 21:12:17,148 - INFO - ✅ 20170324股票分红派息数据更新完成
2025-08-14 21:12:17,717 - INFO - ✅ 20170325股票分红派息数据更新完成
2025-08-14 21:12:18,314 - INFO - ✅ 20170326股票分红派息数据更新完成
2025-08-14 21:12:18,927 - INFO - ✅ 20170327股票分红派息数据更新完成
2025-08-14 21:12:19,563 - INFO - ✅ 20170328股票分红派息数据更新完成
2025-08-14 21:12:20,184 - INFO - ✅ 20170329股票分红派息数据更新完成
2025-08-14 21:12:20,793 - INFO - ✅ 20170330股票分红派息数据更新完成
2025-08-14 21:12:21,364 - INFO - ✅ 20170331股票分红派息数据更新完成
2025-08-14 21:12:21,951 - INFO - ✅ 20170401股票分红派息数据更新完成
2025-08-14 21:12:22,506 - INFO - ✅ 20170402股票分红派息数据更新完成
2025-08-14 21:12:23,057 - INFO - ✅ 20170403股票分红派息数据更新完成
2025-08-14 21:12:23,686 - INFO - ✅ 20170404股票分红派息数据更新完成
2025-08-14 21:12:24,284 - INFO - ✅ 20170405股票分红派息数据更新完成
2025-08-14 21:12:24,925 - INFO - ✅ 20170406股票分红派息数据更新完成
2025-08-14 21:12:25,623 - INFO - ✅ 20170407股票分红派息数据更新完成
2025-08-14 21:12:26,183 - INFO - ✅ 20170408股票分红派息数据更新完成
2025-08-14 21:12:26,801 - INFO - ✅ 20170409股票分红派息数据更新完成
2025-08-14 21:12:27,474 - INFO - ✅ 20170410股票分红派息数据更新完成
2025-08-14 21:12:28,073 - INFO - ✅ 20170411股票分红派息数据更新完成
2025-08-14 21:12:30,253 - INFO - ✅ 20170412股票分红派息数据更新完成
2025-08-14 21:12:30,893 - INFO - ✅ 20170413股票分红派息数据更新完成
2025-08-14 21:12:32,943 - INFO - ✅ 20170414股票分红派息数据更新完成
2025-08-14 21:12:33,532 - INFO - ✅ 20170415股票分红派息数据更新完成
2025-08-14 21:12:34,104 - INFO - ✅ 20170416股票分红派息数据更新完成
2025-08-14 21:12:34,906 - INFO - ✅ 20170417股票分红派息数据更新完成
2025-08-14 21:12:36,473 - INFO - ✅ 20170418股票分红派息数据更新完成
2025-08-14 21:12:37,090 - INFO - ✅ 20170419股票分红派息数据更新完成
2025-08-14 21:12:37,695 - INFO - ✅ 20170420股票分红派息数据更新完成
2025-08-14 21:12:38,273 - INFO - ✅ 20170421股票分红派息数据更新完成
2025-08-14 21:12:38,873 - INFO - ✅ 20170422股票分红派息数据更新完成
2025-08-14 21:12:39,467 - INFO - ✅ 20170423股票分红派息数据更新完成
2025-08-14 21:12:40,093 - INFO - ✅ 20170424股票分红派息数据更新完成
2025-08-14 21:12:40,723 - INFO - ✅ 20170425股票分红派息数据更新完成
2025-08-14 21:12:41,381 - INFO - ✅ 20170426股票分红派息数据更新完成
2025-08-14 21:12:42,011 - INFO - ✅ 20170427股票分红派息数据更新完成
2025-08-14 21:12:42,683 - INFO - ✅ 20170428股票分红派息数据更新完成
2025-08-14 21:12:43,293 - INFO - ✅ 20170429股票分红派息数据更新完成
2025-08-14 21:12:44,087 - INFO - ✅ 20170430股票分红派息数据更新完成
2025-08-14 21:12:44,670 - INFO - ✅ 20170501股票分红派息数据更新完成
2025-08-14 21:12:45,300 - INFO - ✅ 20170502股票分红派息数据更新完成
2025-08-14 21:12:45,913 - INFO - ✅ 20170503股票分红派息数据更新完成
2025-08-14 21:12:46,741 - INFO - ✅ 20170504股票分红派息数据更新完成
2025-08-14 21:12:47,373 - INFO - ✅ 20170505股票分红派息数据更新完成
2025-08-14 21:12:47,996 - INFO - ✅ 20170506股票分红派息数据更新完成
2025-08-14 21:12:48,573 - INFO - ✅ 20170507股票分红派息数据更新完成
2025-08-14 21:12:49,159 - INFO - ✅ 20170508股票分红派息数据更新完成
2025-08-14 21:12:49,764 - INFO - ✅ 20170509股票分红派息数据更新完成
2025-08-14 21:12:50,376 - INFO - ✅ 20170510股票分红派息数据更新完成
2025-08-14 21:12:50,996 - INFO - ✅ 20170511股票分红派息数据更新完成
2025-08-14 21:12:51,643 - INFO - ✅ 20170512股票分红派息数据更新完成
2025-08-14 21:12:52,214 - INFO - ✅ 20170513股票分红派息数据更新完成
2025-08-14 21:12:52,829 - INFO - ✅ 20170514股票分红派息数据更新完成
2025-08-14 21:12:53,654 - INFO - ✅ 20170515股票分红派息数据更新完成
2025-08-14 21:12:54,273 - INFO - ✅ 20170516股票分红派息数据更新完成
2025-08-14 21:12:54,883 - INFO - ✅ 20170517股票分红派息数据更新完成
2025-08-14 21:12:55,543 - INFO - ✅ 20170518股票分红派息数据更新完成
2025-08-14 21:12:56,153 - INFO - ✅ 20170519股票分红派息数据更新完成
2025-08-14 21:12:56,746 - INFO - ✅ 20170520股票分红派息数据更新完成
2025-08-14 21:12:57,328 - INFO - ✅ 20170521股票分红派息数据更新完成
2025-08-14 21:12:57,973 - INFO - ✅ 20170522股票分红派息数据更新完成
2025-08-14 21:12:58,587 - INFO - ✅ 20170523股票分红派息数据更新完成
2025-08-14 21:12:59,223 - INFO - ✅ 20170524股票分红派息数据更新完成
2025-08-14 21:12:59,833 - INFO - ✅ 20170525股票分红派息数据更新完成
2025-08-14 21:13:00,573 - INFO - ✅ 20170526股票分红派息数据更新完成
2025-08-14 21:13:01,180 - INFO - ✅ 20170527股票分红派息数据更新完成
2025-08-14 21:13:01,780 - INFO - ✅ 20170528股票分红派息数据更新完成
2025-08-14 21:13:02,382 - INFO - ✅ 20170529股票分红派息数据更新完成
2025-08-14 21:13:02,975 - INFO - ✅ 20170530股票分红派息数据更新完成
2025-08-14 21:13:03,602 - INFO - ✅ 20170531股票分红派息数据更新完成
2025-08-14 21:13:04,429 - INFO - ✅ 20170601股票分红派息数据更新完成
2025-08-14 21:13:05,303 - INFO - ✅ 20170602股票分红派息数据更新完成
2025-08-14 21:13:05,934 - INFO - ✅ 20170603股票分红派息数据更新完成
2025-08-14 21:13:06,520 - INFO - ✅ 20170604股票分红派息数据更新完成
2025-08-14 21:13:07,142 - INFO - ✅ 20170605股票分红派息数据更新完成
2025-08-14 21:13:07,782 - INFO - ✅ 20170606股票分红派息数据更新完成
2025-08-14 21:13:08,374 - INFO - ✅ 20170607股票分红派息数据更新完成
2025-08-14 21:13:08,993 - INFO - ✅ 20170608股票分红派息数据更新完成
2025-08-14 21:13:09,652 - INFO - ✅ 20170609股票分红派息数据更新完成
2025-08-14 21:13:10,264 - INFO - ✅ 20170610股票分红派息数据更新完成
2025-08-14 21:13:10,860 - INFO - ✅ 20170611股票分红派息数据更新完成
2025-08-14 21:13:11,473 - INFO - ✅ 20170612股票分红派息数据更新完成
2025-08-14 21:13:12,092 - INFO - ✅ 20170613股票分红派息数据更新完成
2025-08-14 21:13:12,682 - INFO - ✅ 20170614股票分红派息数据更新完成
2025-08-14 21:13:13,303 - INFO - ✅ 20170615股票分红派息数据更新完成
2025-08-14 21:13:13,952 - INFO - ✅ 20170616股票分红派息数据更新完成
2025-08-14 21:13:14,537 - INFO - ✅ 20170617股票分红派息数据更新完成
2025-08-14 21:13:15,152 - INFO - ✅ 20170618股票分红派息数据更新完成
2025-08-14 21:13:15,782 - INFO - ✅ 20170619股票分红派息数据更新完成
2025-08-14 21:13:16,414 - INFO - ✅ 20170620股票分红派息数据更新完成
2025-08-14 21:13:17,055 - INFO - ✅ 20170621股票分红派息数据更新完成
2025-08-14 21:13:17,702 - INFO - ✅ 20170622股票分红派息数据更新完成
2025-08-14 21:13:18,294 - INFO - ✅ 20170623股票分红派息数据更新完成
2025-08-14 21:13:18,889 - INFO - ✅ 20170624股票分红派息数据更新完成
2025-08-14 21:13:19,454 - INFO - ✅ 20170625股票分红派息数据更新完成
2025-08-14 21:13:20,042 - INFO - ✅ 20170626股票分红派息数据更新完成
2025-08-14 21:13:20,642 - INFO - ✅ 20170627股票分红派息数据更新完成
2025-08-14 21:13:21,245 - INFO - ✅ 20170628股票分红派息数据更新完成
2025-08-14 21:13:21,852 - INFO - ✅ 20170629股票分红派息数据更新完成
2025-08-14 21:13:22,462 - INFO - ✅ 20170630股票分红派息数据更新完成
2025-08-14 21:13:23,055 - INFO - ✅ 20170701股票分红派息数据更新完成
2025-08-14 21:13:23,667 - INFO - ✅ 20170702股票分红派息数据更新完成
2025-08-14 21:13:24,263 - INFO - ✅ 20170703股票分红派息数据更新完成
2025-08-14 21:13:24,878 - INFO - ✅ 20170704股票分红派息数据更新完成
2025-08-14 21:13:25,511 - INFO - ✅ 20170705股票分红派息数据更新完成
2025-08-14 21:13:26,152 - INFO - ✅ 20170706股票分红派息数据更新完成
2025-08-14 21:13:26,812 - INFO - ✅ 20170707股票分红派息数据更新完成
2025-08-14 21:13:27,422 - INFO - ✅ 20170708股票分红派息数据更新完成
2025-08-14 21:13:28,026 - INFO - ✅ 20170709股票分红派息数据更新完成
2025-08-14 21:13:28,686 - INFO - ✅ 20170710股票分红派息数据更新完成
2025-08-14 21:13:29,345 - INFO - ✅ 20170711股票分红派息数据更新完成
2025-08-14 21:13:30,042 - INFO - ✅ 20170712股票分红派息数据更新完成
2025-08-14 21:13:30,622 - INFO - ✅ 20170713股票分红派息数据更新完成
2025-08-14 21:13:31,286 - INFO - ✅ 20170714股票分红派息数据更新完成
2025-08-14 21:13:31,868 - INFO - ✅ 20170715股票分红派息数据更新完成
2025-08-14 21:13:32,465 - INFO - ✅ 20170716股票分红派息数据更新完成
2025-08-14 21:13:33,096 - INFO - ✅ 20170717股票分红派息数据更新完成
2025-08-14 21:13:33,712 - INFO - ✅ 20170718股票分红派息数据更新完成
2025-08-14 21:13:34,344 - INFO - ✅ 20170719股票分红派息数据更新完成
2025-08-14 21:13:34,942 - INFO - ✅ 20170720股票分红派息数据更新完成
2025-08-14 21:13:35,555 - INFO - ✅ 20170721股票分红派息数据更新完成
2025-08-14 21:13:36,150 - INFO - ✅ 20170722股票分红派息数据更新完成
2025-08-14 21:13:36,715 - INFO - ✅ 20170723股票分红派息数据更新完成
2025-08-14 21:13:37,361 - INFO - ✅ 20170724股票分红派息数据更新完成
2025-08-14 21:13:37,982 - INFO - ✅ 20170725股票分红派息数据更新完成
2025-08-14 21:13:38,603 - INFO - ✅ 20170726股票分红派息数据更新完成
2025-08-14 21:13:39,208 - INFO - ✅ 20170727股票分红派息数据更新完成
2025-08-14 21:13:39,821 - INFO - ✅ 20170728股票分红派息数据更新完成
2025-08-14 21:13:40,431 - INFO - ✅ 20170729股票分红派息数据更新完成
2025-08-14 21:13:41,043 - INFO - ✅ 20170730股票分红派息数据更新完成
2025-08-14 21:13:41,683 - INFO - ✅ 20170731股票分红派息数据更新完成
2025-08-14 21:13:42,283 - INFO - ✅ 20170801股票分红派息数据更新完成
2025-08-14 21:13:42,910 - INFO - ✅ 20170802股票分红派息数据更新完成
2025-08-14 21:13:43,559 - INFO - ✅ 20170803股票分红派息数据更新完成
2025-08-14 21:13:44,151 - INFO - ✅ 20170804股票分红派息数据更新完成
2025-08-14 21:13:44,905 - INFO - ✅ 20170805股票分红派息数据更新完成
2025-08-14 21:13:45,531 - INFO - ✅ 20170806股票分红派息数据更新完成
2025-08-14 21:13:46,141 - INFO - ✅ 20170807股票分红派息数据更新完成
2025-08-14 21:13:46,765 - INFO - ✅ 20170808股票分红派息数据更新完成
2025-08-14 21:13:47,362 - INFO - ✅ 20170809股票分红派息数据更新完成
2025-08-14 21:13:47,981 - INFO - ✅ 20170810股票分红派息数据更新完成
2025-08-14 21:13:48,641 - INFO - ✅ 20170811股票分红派息数据更新完成
2025-08-14 21:13:49,263 - INFO - ✅ 20170812股票分红派息数据更新完成
2025-08-14 21:13:49,852 - INFO - ✅ 20170813股票分红派息数据更新完成
2025-08-14 21:13:50,451 - INFO - ✅ 20170814股票分红派息数据更新完成
2025-08-14 21:13:51,091 - INFO - ✅ 20170815股票分红派息数据更新完成
2025-08-14 21:13:51,721 - INFO - ✅ 20170816股票分红派息数据更新完成
2025-08-14 21:13:52,356 - INFO - ✅ 20170817股票分红派息数据更新完成
2025-08-14 21:13:52,971 - INFO - ✅ 20170818股票分红派息数据更新完成
2025-08-14 21:13:53,583 - INFO - ✅ 20170819股票分红派息数据更新完成
2025-08-14 21:13:54,167 - INFO - ✅ 20170820股票分红派息数据更新完成
2025-08-14 21:13:54,801 - INFO - ✅ 20170821股票分红派息数据更新完成
2025-08-14 21:13:55,411 - INFO - ✅ 20170822股票分红派息数据更新完成
2025-08-14 21:13:56,010 - INFO - ✅ 20170823股票分红派息数据更新完成
2025-08-14 21:13:56,651 - INFO - ✅ 20170824股票分红派息数据更新完成
2025-08-14 21:13:57,247 - INFO - ✅ 20170825股票分红派息数据更新完成
2025-08-14 21:13:57,975 - INFO - ✅ 20170826股票分红派息数据更新完成
2025-08-14 21:13:58,551 - INFO - ✅ 20170827股票分红派息数据更新完成
2025-08-14 21:13:59,151 - INFO - ✅ 20170828股票分红派息数据更新完成
2025-08-14 21:13:59,731 - INFO - ✅ 20170829股票分红派息数据更新完成
2025-08-14 21:14:00,373 - INFO - ✅ 20170830股票分红派息数据更新完成
2025-08-14 21:14:00,991 - INFO - ✅ 20170831股票分红派息数据更新完成
2025-08-14 21:14:01,621 - INFO - ✅ 20170901股票分红派息数据更新完成
2025-08-14 21:14:02,245 - INFO - ✅ 20170902股票分红派息数据更新完成
2025-08-14 21:14:02,839 - INFO - ✅ 20170903股票分红派息数据更新完成
2025-08-14 21:14:03,421 - INFO - ✅ 20170904股票分红派息数据更新完成
2025-08-14 21:14:04,043 - INFO - ✅ 20170905股票分红派息数据更新完成
2025-08-14 21:14:04,642 - INFO - ✅ 20170906股票分红派息数据更新完成
2025-08-14 21:14:05,298 - INFO - ✅ 20170907股票分红派息数据更新完成
2025-08-14 21:14:05,943 - INFO - ✅ 20170908股票分红派息数据更新完成
2025-08-14 21:14:06,537 - INFO - ✅ 20170909股票分红派息数据更新完成
2025-08-14 21:14:07,166 - INFO - ✅ 20170910股票分红派息数据更新完成
2025-08-14 21:14:07,761 - INFO - ✅ 20170911股票分红派息数据更新完成
2025-08-14 21:14:08,401 - INFO - ✅ 20170912股票分红派息数据更新完成
2025-08-14 21:14:09,011 - INFO - ✅ 20170913股票分红派息数据更新完成
2025-08-14 21:14:09,651 - INFO - ✅ 20170914股票分红派息数据更新完成
2025-08-14 21:14:10,298 - INFO - ✅ 20170915股票分红派息数据更新完成
2025-08-14 21:14:10,889 - INFO - ✅ 20170916股票分红派息数据更新完成
2025-08-14 21:14:11,476 - INFO - ✅ 20170917股票分红派息数据更新完成
2025-08-14 21:14:12,074 - INFO - ✅ 20170918股票分红派息数据更新完成
2025-08-14 21:14:12,911 - INFO - ✅ 20170919股票分红派息数据更新完成
2025-08-14 21:14:13,508 - INFO - ✅ 20170920股票分红派息数据更新完成
2025-08-14 21:14:14,301 - INFO - ✅ 20170921股票分红派息数据更新完成
2025-08-14 21:14:14,901 - INFO - ✅ 20170922股票分红派息数据更新完成
2025-08-14 21:14:15,601 - INFO - ✅ 20170923股票分红派息数据更新完成
2025-08-14 21:14:16,213 - INFO - ✅ 20170924股票分红派息数据更新完成
2025-08-14 21:14:16,832 - INFO - ✅ 20170925股票分红派息数据更新完成
2025-08-14 21:14:17,477 - INFO - ✅ 20170926股票分红派息数据更新完成
2025-08-14 21:14:18,182 - INFO - ✅ 20170927股票分红派息数据更新完成
2025-08-14 21:14:18,811 - INFO - ✅ 20170928股票分红派息数据更新完成
2025-08-14 21:14:19,440 - INFO - ✅ 20170929股票分红派息数据更新完成
2025-08-14 21:14:20,071 - INFO - ✅ 20170930股票分红派息数据更新完成
2025-08-14 21:14:20,697 - INFO - ✅ 20171001股票分红派息数据更新完成
2025-08-14 21:14:21,311 - INFO - ✅ 20171002股票分红派息数据更新完成
2025-08-14 21:14:21,905 - INFO - ✅ 20171003股票分红派息数据更新完成
2025-08-14 21:14:22,511 - INFO - ✅ 20171004股票分红派息数据更新完成
2025-08-14 21:14:23,117 - INFO - ✅ 20171005股票分红派息数据更新完成
2025-08-14 21:14:23,700 - INFO - ✅ 20171006股票分红派息数据更新完成
2025-08-14 21:14:24,318 - INFO - ✅ 20171007股票分红派息数据更新完成
2025-08-14 21:14:24,898 - INFO - ✅ 20171008股票分红派息数据更新完成
2025-08-14 21:14:25,503 - INFO - ✅ 20171009股票分红派息数据更新完成
2025-08-14 21:14:26,054 - INFO - ✅ 20171010股票分红派息数据更新完成
2025-08-14 21:14:26,671 - INFO - ✅ 20171011股票分红派息数据更新完成
2025-08-14 21:14:27,293 - INFO - ✅ 20171012股票分红派息数据更新完成
2025-08-14 21:14:27,890 - INFO - ✅ 20171013股票分红派息数据更新完成
2025-08-14 21:14:28,535 - INFO - ✅ 20171014股票分红派息数据更新完成
2025-08-14 21:14:29,082 - INFO - ✅ 20171015股票分红派息数据更新完成
2025-08-14 21:14:29,670 - INFO - ✅ 20171016股票分红派息数据更新完成
2025-08-14 21:14:30,262 - INFO - ✅ 20171017股票分红派息数据更新完成
2025-08-14 21:14:30,911 - INFO - ✅ 20171018股票分红派息数据更新完成
2025-08-14 21:14:31,541 - INFO - ✅ 20171019股票分红派息数据更新完成
2025-08-14 21:14:32,120 - INFO - ✅ 20171020股票分红派息数据更新完成
2025-08-14 21:14:32,753 - INFO - ✅ 20171021股票分红派息数据更新完成
2025-08-14 21:14:33,343 - INFO - ✅ 20171022股票分红派息数据更新完成
2025-08-14 21:14:33,980 - INFO - ✅ 20171023股票分红派息数据更新完成
2025-08-14 21:14:34,620 - INFO - ✅ 20171024股票分红派息数据更新完成
2025-08-14 21:14:35,230 - INFO - ✅ 20171025股票分红派息数据更新完成
2025-08-14 21:14:35,984 - INFO - ✅ 20171026股票分红派息数据更新完成
2025-08-14 21:14:36,590 - INFO - ✅ 20171027股票分红派息数据更新完成
2025-08-14 21:14:37,171 - INFO - ✅ 20171028股票分红派息数据更新完成
2025-08-14 21:14:37,760 - INFO - ✅ 20171029股票分红派息数据更新完成
2025-08-14 21:14:38,340 - INFO - ✅ 20171030股票分红派息数据更新完成
2025-08-14 21:14:38,951 - INFO - ✅ 20171031股票分红派息数据更新完成
2025-08-14 21:14:39,556 - INFO - ✅ 20171101股票分红派息数据更新完成
2025-08-14 21:14:40,202 - INFO - ✅ 20171102股票分红派息数据更新完成
2025-08-14 21:14:40,800 - INFO - ✅ 20171103股票分红派息数据更新完成
2025-08-14 21:14:41,395 - INFO - ✅ 20171104股票分红派息数据更新完成
2025-08-14 21:14:41,975 - INFO - ✅ 20171105股票分红派息数据更新完成
2025-08-14 21:14:42,590 - INFO - ✅ 20171106股票分红派息数据更新完成
2025-08-14 21:14:43,200 - INFO - ✅ 20171107股票分红派息数据更新完成
2025-08-14 21:14:43,792 - INFO - ✅ 20171108股票分红派息数据更新完成
2025-08-14 21:14:44,409 - INFO - ✅ 20171109股票分红派息数据更新完成
2025-08-14 21:14:45,005 - INFO - ✅ 20171110股票分红派息数据更新完成
2025-08-14 21:14:46,009 - INFO - ✅ 20171111股票分红派息数据更新完成
2025-08-14 21:14:46,570 - INFO - ✅ 20171112股票分红派息数据更新完成
2025-08-14 21:14:47,180 - INFO - ✅ 20171113股票分红派息数据更新完成
2025-08-14 21:14:47,880 - INFO - ✅ 20171114股票分红派息数据更新完成
2025-08-14 21:14:48,542 - INFO - ✅ 20171115股票分红派息数据更新完成
2025-08-14 21:14:49,130 - INFO - ✅ 20171116股票分红派息数据更新完成
2025-08-14 21:14:49,740 - INFO - ✅ 20171117股票分红派息数据更新完成
2025-08-14 21:14:50,396 - INFO - ✅ 20171118股票分红派息数据更新完成
2025-08-14 21:14:50,993 - INFO - ✅ 20171119股票分红派息数据更新完成
2025-08-14 21:14:51,700 - INFO - ✅ 20171120股票分红派息数据更新完成
2025-08-14 21:14:52,310 - INFO - ✅ 20171121股票分红派息数据更新完成
2025-08-14 21:14:52,899 - INFO - ✅ 20171122股票分红派息数据更新完成
2025-08-14 21:14:53,480 - INFO - ✅ 20171123股票分红派息数据更新完成
2025-08-14 21:14:54,900 - INFO - ✅ 20171124股票分红派息数据更新完成
2025-08-14 21:14:55,526 - INFO - ✅ 20171125股票分红派息数据更新完成
2025-08-14 21:14:56,118 - INFO - ✅ 20171126股票分红派息数据更新完成
2025-08-14 21:14:56,721 - INFO - ✅ 20171127股票分红派息数据更新完成
2025-08-14 21:14:57,343 - INFO - ✅ 20171128股票分红派息数据更新完成
2025-08-14 21:14:57,940 - INFO - ✅ 20171129股票分红派息数据更新完成
2025-08-14 21:14:58,590 - INFO - ✅ 20171130股票分红派息数据更新完成
2025-08-14 21:14:59,430 - INFO - ✅ 20171201股票分红派息数据更新完成
2025-08-14 21:15:00,067 - INFO - ✅ 20171202股票分红派息数据更新完成
2025-08-14 21:15:00,743 - INFO - ✅ 20171203股票分红派息数据更新完成
2025-08-14 21:15:01,342 - INFO - ✅ 20171204股票分红派息数据更新完成
2025-08-14 21:15:01,940 - INFO - ✅ 20171205股票分红派息数据更新完成
2025-08-14 21:15:02,969 - INFO - ✅ 20171206股票分红派息数据更新完成
2025-08-14 21:15:03,570 - INFO - ✅ 20171207股票分红派息数据更新完成
2025-08-14 21:15:04,200 - INFO - ✅ 20171208股票分红派息数据更新完成
2025-08-14 21:15:04,935 - INFO - ✅ 20171209股票分红派息数据更新完成
2025-08-14 21:15:05,588 - INFO - ✅ 20171210股票分红派息数据更新完成
2025-08-14 21:15:06,219 - INFO - ✅ 20171211股票分红派息数据更新完成
2025-08-14 21:15:06,880 - INFO - ✅ 20171212股票分红派息数据更新完成
2025-08-14 21:15:07,480 - INFO - ✅ 20171213股票分红派息数据更新完成
2025-08-14 21:15:08,131 - INFO - ✅ 20171214股票分红派息数据更新完成
2025-08-14 21:15:08,730 - INFO - ✅ 20171215股票分红派息数据更新完成
2025-08-14 21:15:09,383 - INFO - ✅ 20171216股票分红派息数据更新完成
2025-08-14 21:15:09,947 - INFO - ✅ 20171217股票分红派息数据更新完成
2025-08-14 21:15:10,589 - INFO - ✅ 20171218股票分红派息数据更新完成
2025-08-14 21:15:11,180 - INFO - ✅ 20171219股票分红派息数据更新完成
2025-08-14 21:15:11,779 - INFO - ✅ 20171220股票分红派息数据更新完成
2025-08-14 21:15:12,459 - INFO - ✅ 20171221股票分红派息数据更新完成
2025-08-14 21:15:13,069 - INFO - ✅ 20171222股票分红派息数据更新完成
2025-08-14 21:15:13,663 - INFO - ✅ 20171223股票分红派息数据更新完成
2025-08-14 21:15:14,262 - INFO - ✅ 20171224股票分红派息数据更新完成
2025-08-14 21:15:14,860 - INFO - ✅ 20171225股票分红派息数据更新完成
2025-08-14 21:15:15,739 - INFO - ✅ 20171226股票分红派息数据更新完成
2025-08-14 21:15:16,369 - INFO - ✅ 20171227股票分红派息数据更新完成
2025-08-14 21:15:16,998 - INFO - ✅ 20171228股票分红派息数据更新完成
2025-08-14 21:15:17,589 - INFO - ✅ 20171229股票分红派息数据更新完成
2025-08-14 21:15:38,649 - ERROR - ❌ 更新本周股票分红派息数据更新失败: HTTPSConnectionPool(host='finance.pae.baidu.com', port=443): Max retries exceeded with url: /api/financecalendar?start_date=2017-12-30&end_date=2017-12-30&market=&cate=notify_divide&rn=500&pn=0 (Caused by ConnectTimeoutError(<urllib3.connection.HTTPSConnection object at 0x000001D923ED1C90>, 'Connection to finance.pae.baidu.com timed out. (connect timeout=None)'))
2025-08-14 21:15:38,649 - INFO - ============================================================
2025-08-14 21:15:38,649 - INFO - 📊 本周数据更新统计
2025-08-14 21:15:38,649 - INFO - ============================================================
2025-08-14 21:15:38,649 - INFO - ⏱️  更新耗时: 0:11:40.051165
2025-08-14 21:15:38,649 - INFO - 📈 实时行情: 0 条
2025-08-14 21:15:38,649 - INFO - 📊 本周K线: 0 条
2025-08-14 21:15:38,649 - INFO - 📅 交易日历: 0 条
2025-08-14 21:15:38,649 - INFO - ❌ 错误数量: 1
2025-08-14 21:15:38,649 - INFO -    • 更新本周股票分红派息数据更新失败: HTTPSConnectionPool(host='finance.pae.baidu.com', port=443): Max retries exceeded with url: /api/financecalendar?start_date=2017-12-30&end_date=2017-12-30&market=&cate=notify_divide&rn=500&pn=0 (Caused by ConnectTimeoutError(<urllib3.connection.HTTPSConnection object at 0x000001D923ED1C90>, 'Connection to finance.pae.baidu.com timed out. (connect timeout=None)'))
2025-08-14 21:15:38,649 - INFO - ============================================================
2025-08-14 21:15:38,664 - INFO - 🎉 本周数据更新完成！
2025-08-14 21:15:38,664 - INFO - 数据库连接已关闭
2025-08-14 21:15:38,665 - INFO - ✅ 每周数据更新成功完成
2025-08-14 21:16:26,627 - INFO - 🌟 每周数据更新程序启动
2025-08-14 21:16:26,627 - INFO - 🚀 开始每周数据更新...
2025-08-14 21:16:26,627 - INFO - ============================================================
2025-08-14 21:16:26,630 - INFO - ✅ 成功连接到MySQL数据库
2025-08-14 21:16:26,630 - INFO - 📊 开始更新近7个自然日股票分红派息数据...
2025-08-14 21:16:27,108 - INFO - ✅ 20171229股票分红派息数据更新完成
2025-08-14 21:16:27,736 - INFO - ✅ 20171230股票分红派息数据更新完成
2025-08-14 21:16:28,331 - INFO - ✅ 20171231股票分红派息数据更新完成
2025-08-14 21:16:28,954 - INFO - ✅ 20180101股票分红派息数据更新完成
2025-08-14 21:16:29,546 - INFO - ✅ 20180102股票分红派息数据更新完成
2025-08-14 21:16:50,587 - ERROR - ❌ 更新本周股票分红派息数据更新失败: HTTPSConnectionPool(host='finance.pae.baidu.com', port=443): Max retries exceeded with url: /api/financecalendar?start_date=2018-01-03&end_date=2018-01-03&market=&cate=notify_divide&rn=500&pn=0 (Caused by ConnectTimeoutError(<urllib3.connection.HTTPSConnection object at 0x000001B521AA4F40>, 'Connection to finance.pae.baidu.com timed out. (connect timeout=None)'))
2025-08-14 21:16:50,587 - INFO - ============================================================
2025-08-14 21:16:50,587 - INFO - 📊 本周数据更新统计
2025-08-14 21:16:50,587 - INFO - ============================================================
2025-08-14 21:16:50,587 - INFO - ⏱️  更新耗时: 0:00:23.959900
2025-08-14 21:16:50,587 - INFO - 📈 实时行情: 0 条
2025-08-14 21:16:50,587 - INFO - 📊 本周K线: 0 条
2025-08-14 21:16:50,587 - INFO - 📅 交易日历: 0 条
2025-08-14 21:16:50,587 - INFO - ❌ 错误数量: 1
2025-08-14 21:16:50,587 - INFO -    • 更新本周股票分红派息数据更新失败: HTTPSConnectionPool(host='finance.pae.baidu.com', port=443): Max retries exceeded with url: /api/financecalendar?start_date=2018-01-03&end_date=2018-01-03&market=&cate=notify_divide&rn=500&pn=0 (Caused by ConnectTimeoutError(<urllib3.connection.HTTPSConnection object at 0x000001B521AA4F40>, 'Connection to finance.pae.baidu.com timed out. (connect timeout=None)'))
2025-08-14 21:16:50,587 - INFO - ============================================================
2025-08-14 21:16:50,597 - INFO - 🎉 本周数据更新完成！
2025-08-14 21:16:50,597 - INFO - 数据库连接已关闭
2025-08-14 21:16:50,597 - INFO - ✅ 每周数据更新成功完成
2025-08-14 21:17:51,382 - INFO - 🌟 每周数据更新程序启动
2025-08-14 21:17:51,382 - INFO - 🚀 开始每周数据更新...
2025-08-14 21:17:51,382 - INFO - ============================================================
2025-08-14 21:17:51,385 - INFO - ✅ 成功连接到MySQL数据库
2025-08-14 21:17:51,385 - INFO - 📊 开始更新近7个自然日股票分红派息数据...
2025-08-14 21:17:51,962 - INFO - ✅ 20180102股票分红派息数据更新完成
2025-08-14 21:17:52,584 - INFO - ✅ 20180103股票分红派息数据更新完成
2025-08-14 21:17:53,155 - INFO - ✅ 20180104股票分红派息数据更新完成
2025-08-14 21:17:53,728 - INFO - ✅ 20180105股票分红派息数据更新完成
2025-08-14 21:17:54,371 - INFO - ✅ 20180106股票分红派息数据更新完成
2025-08-14 21:17:54,980 - INFO - ✅ 20180107股票分红派息数据更新完成
2025-08-14 21:17:55,596 - INFO - ✅ 20180108股票分红派息数据更新完成
2025-08-14 21:17:56,192 - INFO - ✅ 20180109股票分红派息数据更新完成
2025-08-14 21:17:56,787 - INFO - ✅ 20180110股票分红派息数据更新完成
2025-08-14 21:17:57,437 - INFO - ✅ 20180111股票分红派息数据更新完成
2025-08-14 21:17:58,035 - INFO - ✅ 20180112股票分红派息数据更新完成
2025-08-14 21:17:58,610 - INFO - ✅ 20180113股票分红派息数据更新完成
2025-08-14 21:17:59,223 - INFO - ✅ 20180114股票分红派息数据更新完成
2025-08-14 21:17:59,850 - INFO - ✅ 20180115股票分红派息数据更新完成
2025-08-14 21:18:00,462 - INFO - ✅ 20180116股票分红派息数据更新完成
2025-08-14 21:18:01,028 - INFO - ✅ 20180117股票分红派息数据更新完成
2025-08-14 21:18:01,613 - INFO - ✅ 20180118股票分红派息数据更新完成
2025-08-14 21:18:02,230 - INFO - ✅ 20180119股票分红派息数据更新完成
2025-08-14 21:18:02,824 - INFO - ✅ 20180120股票分红派息数据更新完成
2025-08-14 21:18:03,405 - INFO - ✅ 20180121股票分红派息数据更新完成
2025-08-14 21:18:03,998 - INFO - ✅ 20180122股票分红派息数据更新完成
2025-08-14 21:18:04,626 - INFO - ✅ 20180123股票分红派息数据更新完成
2025-08-14 21:18:05,222 - INFO - ✅ 20180124股票分红派息数据更新完成
2025-08-14 21:18:05,810 - INFO - ✅ 20180125股票分红派息数据更新完成
2025-08-14 21:18:06,400 - INFO - ✅ 20180126股票分红派息数据更新完成
2025-08-14 21:18:06,996 - INFO - ✅ 20180127股票分红派息数据更新完成
2025-08-14 21:18:07,593 - INFO - ✅ 20180128股票分红派息数据更新完成
2025-08-14 21:18:08,190 - INFO - ✅ 20180129股票分红派息数据更新完成
2025-08-14 21:18:08,787 - INFO - ✅ 20180130股票分红派息数据更新完成
2025-08-14 21:18:09,394 - INFO - ✅ 20180131股票分红派息数据更新完成
2025-08-14 21:18:10,096 - INFO - ✅ 20180201股票分红派息数据更新完成
2025-08-14 21:18:10,711 - INFO - ✅ 20180202股票分红派息数据更新完成
2025-08-14 21:18:11,260 - INFO - ✅ 20180203股票分红派息数据更新完成
2025-08-14 21:18:11,842 - INFO - ✅ 20180204股票分红派息数据更新完成
2025-08-14 21:18:12,438 - INFO - ✅ 20180205股票分红派息数据更新完成
2025-08-14 21:18:13,105 - INFO - ✅ 20180206股票分红派息数据更新完成
2025-08-14 21:18:13,695 - INFO - ✅ 20180207股票分红派息数据更新完成
2025-08-14 21:18:14,322 - INFO - ✅ 20180208股票分红派息数据更新完成
2025-08-14 21:18:14,945 - INFO - ✅ 20180209股票分红派息数据更新完成
2025-08-14 21:18:15,563 - INFO - ✅ 20180210股票分红派息数据更新完成
2025-08-14 21:18:16,160 - INFO - ✅ 20180211股票分红派息数据更新完成
2025-08-14 21:18:16,770 - INFO - ✅ 20180212股票分红派息数据更新完成
2025-08-14 21:18:17,430 - INFO - ✅ 20180213股票分红派息数据更新完成
2025-08-14 21:18:17,991 - INFO - ✅ 20180214股票分红派息数据更新完成
2025-08-14 21:18:18,598 - INFO - ✅ 20180215股票分红派息数据更新完成
2025-08-14 21:18:19,194 - INFO - ✅ 20180216股票分红派息数据更新完成
2025-08-14 21:18:19,821 - INFO - ✅ 20180217股票分红派息数据更新完成
2025-08-14 21:18:20,436 - INFO - ✅ 20180218股票分红派息数据更新完成
2025-08-14 21:18:21,059 - INFO - ✅ 20180219股票分红派息数据更新完成
2025-08-14 21:18:21,680 - INFO - ✅ 20180220股票分红派息数据更新完成
2025-08-14 21:18:22,282 - INFO - ✅ 20180221股票分红派息数据更新完成
2025-08-14 21:18:22,941 - INFO - ✅ 20180222股票分红派息数据更新完成
2025-08-14 21:18:23,563 - INFO - ✅ 20180223股票分红派息数据更新完成
2025-08-14 21:18:24,285 - INFO - ✅ 20180224股票分红派息数据更新完成
2025-08-14 21:18:24,898 - INFO - ✅ 20180225股票分红派息数据更新完成
2025-08-14 21:18:25,506 - INFO - ✅ 20180226股票分红派息数据更新完成
2025-08-14 21:18:26,240 - INFO - ✅ 20180227股票分红派息数据更新完成
2025-08-14 21:18:26,839 - INFO - ✅ 20180228股票分红派息数据更新完成
2025-08-14 21:18:27,416 - INFO - ✅ 20180301股票分红派息数据更新完成
2025-08-14 21:18:27,999 - INFO - ✅ 20180302股票分红派息数据更新完成
2025-08-14 21:18:28,562 - INFO - ✅ 20180303股票分红派息数据更新完成
2025-08-14 21:18:29,150 - INFO - ✅ 20180304股票分红派息数据更新完成
2025-08-14 21:18:29,731 - INFO - ✅ 20180305股票分红派息数据更新完成
2025-08-14 21:18:30,374 - INFO - ✅ 20180306股票分红派息数据更新完成
2025-08-14 21:18:30,967 - INFO - ✅ 20180307股票分红派息数据更新完成
2025-08-14 21:18:31,550 - INFO - ✅ 20180308股票分红派息数据更新完成
2025-08-14 21:18:32,141 - INFO - ✅ 20180309股票分红派息数据更新完成
2025-08-14 21:18:32,755 - INFO - ✅ 20180310股票分红派息数据更新完成
2025-08-14 21:18:33,311 - INFO - ✅ 20180311股票分红派息数据更新完成
2025-08-14 21:18:34,190 - INFO - ✅ 20180312股票分红派息数据更新完成
2025-08-14 21:18:34,880 - INFO - ✅ 20180313股票分红派息数据更新完成
2025-08-14 21:18:35,504 - INFO - ✅ 20180314股票分红派息数据更新完成
2025-08-14 21:18:36,065 - INFO - ✅ 20180315股票分红派息数据更新完成
2025-08-14 21:18:36,660 - INFO - ✅ 20180316股票分红派息数据更新完成
2025-08-14 21:18:37,244 - INFO - ✅ 20180317股票分红派息数据更新完成
2025-08-14 21:18:37,839 - INFO - ✅ 20180318股票分红派息数据更新完成
2025-08-14 21:18:38,439 - INFO - ✅ 20180319股票分红派息数据更新完成
2025-08-14 21:18:39,029 - INFO - ✅ 20180320股票分红派息数据更新完成
2025-08-14 21:18:39,659 - INFO - ✅ 20180321股票分红派息数据更新完成
2025-08-14 21:18:40,259 - INFO - ✅ 20180322股票分红派息数据更新完成
2025-08-14 21:18:41,090 - INFO - ✅ 20180323股票分红派息数据更新完成
2025-08-14 21:18:41,679 - INFO - ✅ 20180324股票分红派息数据更新完成
2025-08-14 21:18:42,365 - INFO - ✅ 20180325股票分红派息数据更新完成
2025-08-14 21:18:43,159 - INFO - ✅ 20180326股票分红派息数据更新完成
2025-08-14 21:18:43,770 - INFO - ✅ 20180327股票分红派息数据更新完成
2025-08-14 21:18:44,413 - INFO - ✅ 20180328股票分红派息数据更新完成
2025-08-14 21:18:45,111 - INFO - ✅ 20180329股票分红派息数据更新完成
2025-08-14 21:18:45,729 - INFO - ✅ 20180330股票分红派息数据更新完成
2025-08-14 21:18:46,324 - INFO - ✅ 20180331股票分红派息数据更新完成
2025-08-14 21:18:46,902 - INFO - ✅ 20180401股票分红派息数据更新完成
2025-08-14 21:18:47,514 - INFO - ✅ 20180402股票分红派息数据更新完成
2025-08-14 21:18:48,129 - INFO - ✅ 20180403股票分红派息数据更新完成
2025-08-14 21:18:48,767 - INFO - ✅ 20180404股票分红派息数据更新完成
2025-08-14 21:18:49,357 - INFO - ✅ 20180405股票分红派息数据更新完成
2025-08-14 21:18:49,987 - INFO - ✅ 20180406股票分红派息数据更新完成
2025-08-14 21:18:50,625 - INFO - ✅ 20180407股票分红派息数据更新完成
2025-08-14 21:18:51,237 - INFO - ✅ 20180408股票分红派息数据更新完成
2025-08-14 21:18:51,849 - INFO - ✅ 20180409股票分红派息数据更新完成
2025-08-14 21:18:52,448 - INFO - ✅ 20180410股票分红派息数据更新完成
2025-08-14 21:18:53,081 - INFO - ✅ 20180411股票分红派息数据更新完成
2025-08-14 21:18:53,633 - INFO - ✅ 20180412股票分红派息数据更新完成
2025-08-14 21:18:54,229 - INFO - ✅ 20180413股票分红派息数据更新完成
2025-08-14 21:18:54,974 - INFO - ✅ 20180414股票分红派息数据更新完成
2025-08-14 21:18:55,562 - INFO - ✅ 20180415股票分红派息数据更新完成
2025-08-14 21:18:56,182 - INFO - ✅ 20180416股票分红派息数据更新完成
2025-08-14 21:18:56,779 - INFO - ✅ 20180417股票分红派息数据更新完成
2025-08-14 21:18:57,409 - INFO - ✅ 20180418股票分红派息数据更新完成
2025-08-14 21:18:58,039 - INFO - ✅ 20180419股票分红派息数据更新完成
2025-08-14 21:18:58,659 - INFO - ✅ 20180420股票分红派息数据更新完成
2025-08-14 21:18:59,205 - INFO - ✅ 20180421股票分红派息数据更新完成
2025-08-14 21:18:59,849 - INFO - ✅ 20180422股票分红派息数据更新完成
2025-08-14 21:19:00,519 - INFO - ✅ 20180423股票分红派息数据更新完成
2025-08-14 21:19:01,159 - INFO - ✅ 20180424股票分红派息数据更新完成
2025-08-14 21:19:01,759 - INFO - ✅ 20180425股票分红派息数据更新完成
2025-08-14 21:19:02,389 - INFO - ✅ 20180426股票分红派息数据更新完成
2025-08-14 21:19:02,985 - INFO - ✅ 20180427股票分红派息数据更新完成
2025-08-14 21:19:03,609 - INFO - ✅ 20180428股票分红派息数据更新完成
2025-08-14 21:19:04,211 - INFO - ✅ 20180429股票分红派息数据更新完成
2025-08-14 21:19:04,839 - INFO - ✅ 20180430股票分红派息数据更新完成
2025-08-14 21:19:05,463 - INFO - ✅ 20180501股票分红派息数据更新完成
2025-08-14 21:19:06,078 - INFO - ✅ 20180502股票分红派息数据更新完成
2025-08-14 21:19:06,678 - INFO - ✅ 20180503股票分红派息数据更新完成
2025-08-14 21:19:07,310 - INFO - ✅ 20180504股票分红派息数据更新完成
2025-08-14 21:19:07,926 - INFO - ✅ 20180505股票分红派息数据更新完成
2025-08-14 21:19:08,514 - INFO - ✅ 20180506股票分红派息数据更新完成
2025-08-14 21:19:09,142 - INFO - ✅ 20180507股票分红派息数据更新完成
2025-08-14 21:19:09,778 - INFO - ✅ 20180508股票分红派息数据更新完成
2025-08-14 21:19:10,452 - INFO - ✅ 20180509股票分红派息数据更新完成
2025-08-14 21:19:11,099 - INFO - ✅ 20180510股票分红派息数据更新完成
2025-08-14 21:19:11,691 - INFO - ✅ 20180511股票分红派息数据更新完成
2025-08-14 21:19:12,286 - INFO - ✅ 20180512股票分红派息数据更新完成
2025-08-14 21:19:12,854 - INFO - ✅ 20180513股票分红派息数据更新完成
2025-08-14 21:19:13,439 - INFO - ✅ 20180514股票分红派息数据更新完成
2025-08-14 21:19:14,019 - INFO - ✅ 20180515股票分红派息数据更新完成
2025-08-14 21:19:14,599 - INFO - ✅ 20180516股票分红派息数据更新完成
2025-08-14 21:19:15,260 - INFO - ✅ 20180517股票分红派息数据更新完成
2025-08-14 21:19:15,860 - INFO - ✅ 20180518股票分红派息数据更新完成
2025-08-14 21:19:16,442 - INFO - ✅ 20180519股票分红派息数据更新完成
2025-08-14 21:19:17,043 - INFO - ✅ 20180520股票分红派息数据更新完成
2025-08-14 21:19:17,649 - INFO - ✅ 20180521股票分红派息数据更新完成
2025-08-14 21:19:18,252 - INFO - ✅ 20180522股票分红派息数据更新完成
2025-08-14 21:19:18,868 - INFO - ✅ 20180523股票分红派息数据更新完成
2025-08-14 21:19:19,465 - INFO - ✅ 20180524股票分红派息数据更新完成
2025-08-14 21:19:20,142 - INFO - ✅ 20180525股票分红派息数据更新完成
2025-08-14 21:19:20,723 - INFO - ✅ 20180526股票分红派息数据更新完成
2025-08-14 21:19:21,358 - INFO - ✅ 20180527股票分红派息数据更新完成
2025-08-14 21:19:22,028 - INFO - ✅ 20180528股票分红派息数据更新完成
2025-08-14 21:19:22,659 - INFO - ✅ 20180529股票分红派息数据更新完成
2025-08-14 21:19:23,248 - INFO - ✅ 20180530股票分红派息数据更新完成
2025-08-14 21:19:23,908 - INFO - ✅ 20180531股票分红派息数据更新完成
2025-08-14 21:19:24,528 - INFO - ✅ 20180601股票分红派息数据更新完成
2025-08-14 21:19:25,121 - INFO - ✅ 20180602股票分红派息数据更新完成
2025-08-14 21:19:25,743 - INFO - ✅ 20180603股票分红派息数据更新完成
2025-08-14 21:19:26,388 - INFO - ✅ 20180604股票分红派息数据更新完成
2025-08-14 21:19:27,048 - INFO - ✅ 20180605股票分红派息数据更新完成
2025-08-14 21:19:27,658 - INFO - ✅ 20180606股票分红派息数据更新完成
2025-08-14 21:19:28,463 - INFO - ✅ 20180607股票分红派息数据更新完成
2025-08-14 21:19:29,110 - INFO - ✅ 20180608股票分红派息数据更新完成
2025-08-14 21:19:29,707 - INFO - ✅ 20180609股票分红派息数据更新完成
2025-08-14 21:19:30,433 - INFO - ✅ 20180610股票分红派息数据更新完成
2025-08-14 21:19:31,048 - INFO - ✅ 20180611股票分红派息数据更新完成
2025-08-14 21:19:31,729 - INFO - ✅ 20180612股票分红派息数据更新完成
2025-08-14 21:19:32,341 - INFO - ✅ 20180613股票分红派息数据更新完成
2025-08-14 21:19:32,984 - INFO - ✅ 20180614股票分红派息数据更新完成
2025-08-14 21:19:33,664 - INFO - ✅ 20180615股票分红派息数据更新完成
2025-08-14 21:19:34,266 - INFO - ✅ 20180616股票分红派息数据更新完成
2025-08-14 21:19:34,849 - INFO - ✅ 20180617股票分红派息数据更新完成
2025-08-14 21:19:35,451 - INFO - ✅ 20180618股票分红派息数据更新完成
2025-08-14 21:19:36,098 - INFO - ✅ 20180619股票分红派息数据更新完成
2025-08-14 21:19:36,708 - INFO - ✅ 20180620股票分红派息数据更新完成
2025-08-14 21:19:37,326 - INFO - ✅ 20180621股票分红派息数据更新完成
2025-08-14 21:19:37,983 - INFO - ✅ 20180622股票分红派息数据更新完成
2025-08-14 21:19:38,560 - INFO - ✅ 20180623股票分红派息数据更新完成
2025-08-14 21:19:39,161 - INFO - ✅ 20180624股票分红派息数据更新完成
2025-08-14 21:19:39,758 - INFO - ✅ 20180625股票分红派息数据更新完成
2025-08-14 21:19:40,420 - INFO - ✅ 20180626股票分红派息数据更新完成
2025-08-14 21:19:41,046 - INFO - ✅ 20180627股票分红派息数据更新完成
2025-08-14 21:19:41,648 - INFO - ✅ 20180628股票分红派息数据更新完成
2025-08-14 21:19:42,289 - INFO - ✅ 20180629股票分红派息数据更新完成
2025-08-14 21:19:42,893 - INFO - ✅ 20180630股票分红派息数据更新完成
2025-08-14 21:19:43,484 - INFO - ✅ 20180701股票分红派息数据更新完成
2025-08-14 21:19:44,238 - INFO - ✅ 20180702股票分红派息数据更新完成
2025-08-14 21:19:44,828 - INFO - ✅ 20180703股票分红派息数据更新完成
2025-08-14 21:19:45,500 - INFO - ✅ 20180704股票分红派息数据更新完成
2025-08-14 21:19:46,128 - INFO - ✅ 20180705股票分红派息数据更新完成
2025-08-14 21:19:46,788 - INFO - ✅ 20180706股票分红派息数据更新完成
2025-08-14 21:19:47,365 - INFO - ✅ 20180707股票分红派息数据更新完成
2025-08-14 21:19:47,972 - INFO - ✅ 20180708股票分红派息数据更新完成
2025-08-14 21:19:48,609 - INFO - ✅ 20180709股票分红派息数据更新完成
2025-08-14 21:19:49,220 - INFO - ✅ 20180710股票分红派息数据更新完成
2025-08-14 21:19:49,828 - INFO - ✅ 20180711股票分红派息数据更新完成
2025-08-14 21:19:50,482 - INFO - ✅ 20180712股票分红派息数据更新完成
2025-08-14 21:19:51,378 - INFO - ✅ 20180713股票分红派息数据更新完成
2025-08-14 21:19:51,958 - INFO - ✅ 20180714股票分红派息数据更新完成
2025-08-14 21:19:52,594 - INFO - ✅ 20180715股票分红派息数据更新完成
2025-08-14 21:19:53,205 - INFO - ✅ 20180716股票分红派息数据更新完成
2025-08-14 21:19:53,807 - INFO - ✅ 20180717股票分红派息数据更新完成
2025-08-14 21:19:54,411 - INFO - ✅ 20180718股票分红派息数据更新完成
2025-08-14 21:19:55,078 - INFO - ✅ 20180719股票分红派息数据更新完成
2025-08-14 21:19:55,690 - INFO - ✅ 20180720股票分红派息数据更新完成
2025-08-14 21:19:56,255 - INFO - ✅ 20180721股票分红派息数据更新完成
2025-08-14 21:19:56,898 - INFO - ✅ 20180722股票分红派息数据更新完成
2025-08-14 21:19:57,617 - INFO - ✅ 20180723股票分红派息数据更新完成
2025-08-14 21:19:58,194 - INFO - ✅ 20180724股票分红派息数据更新完成
2025-08-14 21:19:58,778 - INFO - ✅ 20180725股票分红派息数据更新完成
2025-08-14 21:19:59,389 - INFO - ✅ 20180726股票分红派息数据更新完成
2025-08-14 21:19:59,997 - INFO - ✅ 20180727股票分红派息数据更新完成
2025-08-14 21:20:00,623 - INFO - ✅ 20180728股票分红派息数据更新完成
2025-08-14 21:20:01,217 - INFO - ✅ 20180729股票分红派息数据更新完成
2025-08-14 21:20:01,807 - INFO - ✅ 20180730股票分红派息数据更新完成
2025-08-14 21:20:02,432 - INFO - ✅ 20180731股票分红派息数据更新完成
2025-08-14 21:20:03,027 - INFO - ✅ 20180801股票分红派息数据更新完成
2025-08-14 21:20:03,639 - INFO - ✅ 20180802股票分红派息数据更新完成
2025-08-14 21:20:04,257 - INFO - ✅ 20180803股票分红派息数据更新完成
2025-08-14 21:20:04,882 - INFO - ✅ 20180804股票分红派息数据更新完成
2025-08-14 21:20:05,475 - INFO - ✅ 20180805股票分红派息数据更新完成
2025-08-14 21:20:06,167 - INFO - ✅ 20180806股票分红派息数据更新完成
2025-08-14 21:20:06,777 - INFO - ✅ 20180807股票分红派息数据更新完成
2025-08-14 21:20:07,407 - INFO - ✅ 20180808股票分红派息数据更新完成
2025-08-14 21:20:08,017 - INFO - ✅ 20180809股票分红派息数据更新完成
2025-08-14 21:20:08,630 - INFO - ✅ 20180810股票分红派息数据更新完成
2025-08-14 21:20:09,245 - INFO - ✅ 20180811股票分红派息数据更新完成
2025-08-14 21:20:09,861 - INFO - ✅ 20180812股票分红派息数据更新完成
2025-08-14 21:20:10,507 - INFO - ✅ 20180813股票分红派息数据更新完成
2025-08-14 21:20:11,107 - INFO - ✅ 20180814股票分红派息数据更新完成
2025-08-14 21:20:11,677 - INFO - ✅ 20180815股票分红派息数据更新完成
2025-08-14 21:20:12,337 - INFO - ✅ 20180816股票分红派息数据更新完成
2025-08-14 21:20:12,947 - INFO - ✅ 20180817股票分红派息数据更新完成
2025-08-14 21:20:13,525 - INFO - ✅ 20180818股票分红派息数据更新完成
2025-08-14 21:20:14,095 - INFO - ✅ 20180819股票分红派息数据更新完成
2025-08-14 21:20:14,659 - INFO - ✅ 20180820股票分红派息数据更新完成
2025-08-14 21:20:15,287 - INFO - ✅ 20180821股票分红派息数据更新完成
2025-08-14 21:20:15,937 - INFO - ✅ 20180822股票分红派息数据更新完成
2025-08-14 21:20:16,547 - INFO - ✅ 20180823股票分红派息数据更新完成
2025-08-14 21:20:17,154 - INFO - ✅ 20180824股票分红派息数据更新完成
2025-08-14 21:20:17,767 - INFO - ✅ 20180825股票分红派息数据更新完成
2025-08-14 21:20:18,375 - INFO - ✅ 20180826股票分红派息数据更新完成
2025-08-14 21:20:19,032 - INFO - ✅ 20180827股票分红派息数据更新完成
2025-08-14 21:20:19,640 - INFO - ✅ 20180828股票分红派息数据更新完成
2025-08-14 21:20:20,300 - INFO - ✅ 20180829股票分红派息数据更新完成
2025-08-14 21:20:21,495 - INFO - ✅ 20180830股票分红派息数据更新完成
2025-08-14 21:20:22,097 - INFO - ✅ 20180831股票分红派息数据更新完成
2025-08-14 21:20:22,719 - INFO - ✅ 20180901股票分红派息数据更新完成
2025-08-14 21:20:23,287 - INFO - ✅ 20180902股票分红派息数据更新完成
2025-08-14 21:20:23,887 - INFO - ✅ 20180903股票分红派息数据更新完成
2025-08-14 21:20:24,517 - INFO - ✅ 20180904股票分红派息数据更新完成
2025-08-14 21:20:25,251 - INFO - ✅ 20180905股票分红派息数据更新完成
2025-08-14 21:20:25,877 - INFO - ✅ 20180906股票分红派息数据更新完成
2025-08-14 21:20:26,463 - INFO - ✅ 20180907股票分红派息数据更新完成
2025-08-14 21:20:27,077 - INFO - ✅ 20180908股票分红派息数据更新完成
2025-08-14 21:20:27,703 - INFO - ✅ 20180909股票分红派息数据更新完成
2025-08-14 21:20:28,357 - INFO - ✅ 20180910股票分红派息数据更新完成
2025-08-14 21:20:28,947 - INFO - ✅ 20180911股票分红派息数据更新完成
2025-08-14 21:20:29,562 - INFO - ✅ 20180912股票分红派息数据更新完成
2025-08-14 21:20:30,250 - INFO - ✅ 20180913股票分红派息数据更新完成
2025-08-14 21:20:31,046 - INFO - ✅ 20180914股票分红派息数据更新完成
2025-08-14 21:20:31,625 - INFO - ✅ 20180915股票分红派息数据更新完成
2025-08-14 21:20:32,254 - INFO - ✅ 20180916股票分红派息数据更新完成
2025-08-14 21:20:32,899 - INFO - ✅ 20180917股票分红派息数据更新完成
2025-08-14 21:20:33,511 - INFO - ✅ 20180918股票分红派息数据更新完成
2025-08-14 21:20:34,138 - INFO - ✅ 20180919股票分红派息数据更新完成
2025-08-14 21:20:34,760 - INFO - ✅ 20180920股票分红派息数据更新完成
2025-08-14 21:20:35,396 - INFO - ✅ 20180921股票分红派息数据更新完成
2025-08-14 21:20:36,077 - INFO - ✅ 20180922股票分红派息数据更新完成
2025-08-14 21:20:36,703 - INFO - ✅ 20180923股票分红派息数据更新完成
2025-08-14 21:20:37,342 - INFO - ✅ 20180924股票分红派息数据更新完成
2025-08-14 21:20:37,928 - INFO - ✅ 20180925股票分红派息数据更新完成
2025-08-14 21:20:38,638 - INFO - ✅ 20180926股票分红派息数据更新完成
2025-08-14 21:20:39,286 - INFO - ✅ 20180927股票分红派息数据更新完成
2025-08-14 21:20:39,886 - INFO - ✅ 20180928股票分红派息数据更新完成
2025-08-14 21:20:41,946 - INFO - ✅ 20180929股票分红派息数据更新完成
2025-08-14 21:20:42,510 - INFO - ✅ 20180930股票分红派息数据更新完成
2025-08-14 21:20:43,106 - INFO - ✅ 20181001股票分红派息数据更新完成
2025-08-14 21:20:43,686 - INFO - ✅ 20181002股票分红派息数据更新完成
2025-08-14 21:20:44,277 - INFO - ✅ 20181003股票分红派息数据更新完成
2025-08-14 21:20:44,876 - INFO - ✅ 20181004股票分红派息数据更新完成
2025-08-14 21:20:45,527 - INFO - ✅ 20181005股票分红派息数据更新完成
2025-08-14 21:20:46,122 - INFO - ✅ 20181006股票分红派息数据更新完成
2025-08-14 21:20:46,686 - INFO - ✅ 20181007股票分红派息数据更新完成
2025-08-14 21:20:47,296 - INFO - ✅ 20181008股票分红派息数据更新完成
2025-08-14 21:20:47,962 - INFO - ✅ 20181009股票分红派息数据更新完成
2025-08-14 21:20:48,559 - INFO - ✅ 20181010股票分红派息数据更新完成
2025-08-14 21:20:49,141 - INFO - ✅ 20181011股票分红派息数据更新完成
2025-08-14 21:20:49,746 - INFO - ✅ 20181012股票分红派息数据更新完成
2025-08-14 21:20:50,382 - INFO - ✅ 20181013股票分红派息数据更新完成
2025-08-14 21:20:51,043 - INFO - ✅ 20181014股票分红派息数据更新完成
2025-08-14 21:20:51,961 - INFO - ✅ 20181015股票分红派息数据更新完成
2025-08-14 21:20:52,576 - INFO - ✅ 20181016股票分红派息数据更新完成
2025-08-14 21:20:53,229 - INFO - ✅ 20181017股票分红派息数据更新完成
2025-08-14 21:20:53,827 - INFO - ✅ 20181018股票分红派息数据更新完成
2025-08-14 21:20:54,446 - INFO - ✅ 20181019股票分红派息数据更新完成
2025-08-14 21:20:55,027 - INFO - ✅ 20181020股票分红派息数据更新完成
2025-08-14 21:20:55,750 - INFO - ✅ 20181021股票分红派息数据更新完成
2025-08-14 21:20:56,656 - INFO - ✅ 20181022股票分红派息数据更新完成
2025-08-14 21:20:57,306 - INFO - ✅ 20181023股票分红派息数据更新完成
2025-08-14 21:20:57,889 - INFO - ✅ 20181024股票分红派息数据更新完成
2025-08-14 21:20:58,484 - INFO - ✅ 20181025股票分红派息数据更新完成
2025-08-14 21:20:59,076 - INFO - ✅ 20181026股票分红派息数据更新完成
2025-08-14 21:20:59,661 - INFO - ✅ 20181027股票分红派息数据更新完成
2025-08-14 21:21:00,256 - INFO - ✅ 20181028股票分红派息数据更新完成
2025-08-14 21:21:00,886 - INFO - ✅ 20181029股票分红派息数据更新完成
2025-08-14 21:21:01,487 - INFO - ✅ 20181030股票分红派息数据更新完成
2025-08-14 21:21:02,076 - INFO - ✅ 20181031股票分红派息数据更新完成
2025-08-14 21:21:02,756 - INFO - ✅ 20181101股票分红派息数据更新完成
2025-08-14 21:21:03,396 - INFO - ✅ 20181102股票分红派息数据更新完成
2025-08-14 21:21:04,017 - INFO - ✅ 20181103股票分红派息数据更新完成
2025-08-14 21:21:04,592 - INFO - ✅ 20181104股票分红派息数据更新完成
2025-08-14 21:21:05,247 - INFO - ✅ 20181105股票分红派息数据更新完成
2025-08-14 21:21:05,857 - INFO - ✅ 20181106股票分红派息数据更新完成
2025-08-14 21:21:06,441 - INFO - ✅ 20181107股票分红派息数据更新完成
2025-08-14 21:21:07,016 - INFO - ✅ 20181108股票分红派息数据更新完成
2025-08-14 21:21:07,646 - INFO - ✅ 20181109股票分红派息数据更新完成
2025-08-14 21:21:08,287 - INFO - ✅ 20181110股票分红派息数据更新完成
2025-08-14 21:21:08,868 - INFO - ✅ 20181111股票分红派息数据更新完成
2025-08-14 21:21:09,543 - INFO - ✅ 20181112股票分红派息数据更新完成
2025-08-14 21:21:10,170 - INFO - ✅ 20181113股票分红派息数据更新完成
2025-08-14 21:21:10,777 - INFO - ✅ 20181114股票分红派息数据更新完成
2025-08-14 21:21:11,358 - INFO - ✅ 20181115股票分红派息数据更新完成
2025-08-14 21:21:11,958 - INFO - ✅ 20181116股票分红派息数据更新完成
2025-08-14 21:21:12,558 - INFO - ✅ 20181117股票分红派息数据更新完成
2025-08-14 21:21:13,196 - INFO - ✅ 20181118股票分红派息数据更新完成
2025-08-14 21:21:13,838 - INFO - ✅ 20181119股票分红派息数据更新完成
2025-08-14 21:21:14,575 - INFO - ✅ 20181120股票分红派息数据更新完成
2025-08-14 21:21:15,365 - INFO - ✅ 20181121股票分红派息数据更新完成
2025-08-14 21:21:16,016 - INFO - ✅ 20181122股票分红派息数据更新完成
2025-08-14 21:21:16,645 - INFO - ✅ 20181123股票分红派息数据更新完成
2025-08-14 21:21:17,243 - INFO - ✅ 20181124股票分红派息数据更新完成
2025-08-14 21:21:17,836 - INFO - ✅ 20181125股票分红派息数据更新完成
2025-08-14 21:21:18,476 - INFO - ✅ 20181126股票分红派息数据更新完成
2025-08-14 21:21:19,076 - INFO - ✅ 20181127股票分红派息数据更新完成
2025-08-14 21:21:19,845 - INFO - ✅ 20181128股票分红派息数据更新完成
2025-08-14 21:21:20,500 - INFO - ✅ 20181129股票分红派息数据更新完成
2025-08-14 21:21:21,088 - INFO - ✅ 20181130股票分红派息数据更新完成
2025-08-14 21:21:21,727 - INFO - ✅ 20181201股票分红派息数据更新完成
2025-08-14 21:21:22,315 - INFO - ✅ 20181202股票分红派息数据更新完成
2025-08-14 21:21:23,065 - INFO - ✅ 20181203股票分红派息数据更新完成
2025-08-14 21:21:23,667 - INFO - ✅ 20181204股票分红派息数据更新完成
2025-08-14 21:21:24,285 - INFO - ✅ 20181205股票分红派息数据更新完成
2025-08-14 21:21:25,045 - INFO - ✅ 20181206股票分红派息数据更新完成
2025-08-14 21:21:25,695 - INFO - ✅ 20181207股票分红派息数据更新完成
2025-08-14 21:21:26,269 - INFO - ✅ 20181208股票分红派息数据更新完成
2025-08-14 21:21:26,869 - INFO - ✅ 20181209股票分红派息数据更新完成
2025-08-14 21:21:27,461 - INFO - ✅ 20181210股票分红派息数据更新完成
2025-08-14 21:21:28,045 - INFO - ✅ 20181211股票分红派息数据更新完成
2025-08-14 21:21:28,625 - INFO - ✅ 20181212股票分红派息数据更新完成
2025-08-14 21:21:29,257 - INFO - ✅ 20181213股票分红派息数据更新完成
2025-08-14 21:21:29,846 - INFO - ✅ 20181214股票分红派息数据更新完成
2025-08-14 21:21:30,440 - INFO - ✅ 20181215股票分红派息数据更新完成
2025-08-14 21:21:31,027 - INFO - ✅ 20181216股票分红派息数据更新完成
2025-08-14 21:21:31,675 - INFO - ✅ 20181217股票分红派息数据更新完成
2025-08-14 21:21:32,297 - INFO - ✅ 20181218股票分红派息数据更新完成
2025-08-14 21:21:32,895 - INFO - ✅ 20181219股票分红派息数据更新完成
2025-08-14 21:21:33,514 - INFO - ✅ 20181220股票分红派息数据更新完成
2025-08-14 21:21:34,097 - INFO - ✅ 20181221股票分红派息数据更新完成
2025-08-14 21:21:34,693 - INFO - ✅ 20181222股票分红派息数据更新完成
2025-08-14 21:21:35,310 - INFO - ✅ 20181223股票分红派息数据更新完成
2025-08-14 21:21:35,892 - INFO - ✅ 20181224股票分红派息数据更新完成
2025-08-14 21:21:36,525 - INFO - ✅ 20181225股票分红派息数据更新完成
2025-08-14 21:21:37,119 - INFO - ✅ 20181226股票分红派息数据更新完成
2025-08-14 21:21:37,750 - INFO - ✅ 20181227股票分红派息数据更新完成
2025-08-14 21:21:38,385 - INFO - ✅ 20181228股票分红派息数据更新完成
2025-08-14 21:21:39,005 - INFO - ✅ 20181229股票分红派息数据更新完成
2025-08-14 21:21:39,602 - INFO - ✅ 20181230股票分红派息数据更新完成
2025-08-14 21:21:40,205 - INFO - ✅ 20181231股票分红派息数据更新完成
2025-08-14 21:21:40,810 - INFO - ✅ 20190101股票分红派息数据更新完成
2025-08-14 21:21:41,447 - INFO - ✅ 20190102股票分红派息数据更新完成
2025-08-14 21:21:42,109 - INFO - ✅ 20190103股票分红派息数据更新完成
2025-08-14 21:21:42,669 - INFO - ✅ 20190104股票分红派息数据更新完成
2025-08-14 21:21:43,255 - INFO - ✅ 20190105股票分红派息数据更新完成
2025-08-14 21:21:43,826 - INFO - ✅ 20190106股票分红派息数据更新完成
2025-08-14 21:21:44,449 - INFO - ✅ 20190107股票分红派息数据更新完成
2025-08-14 21:21:45,097 - INFO - ✅ 20190108股票分红派息数据更新完成
2025-08-14 21:21:45,705 - INFO - ✅ 20190109股票分红派息数据更新完成
2025-08-14 21:21:47,712 - INFO - ✅ 20190110股票分红派息数据更新完成
2025-08-14 21:21:48,314 - INFO - ✅ 20190111股票分红派息数据更新完成
2025-08-14 21:21:48,894 - INFO - ✅ 20190112股票分红派息数据更新完成
2025-08-14 21:21:49,511 - INFO - ✅ 20190113股票分红派息数据更新完成
2025-08-14 21:21:50,096 - INFO - ✅ 20190114股票分红派息数据更新完成
2025-08-14 21:21:50,691 - INFO - ✅ 20190115股票分红派息数据更新完成
2025-08-14 21:21:51,310 - INFO - ✅ 20190116股票分红派息数据更新完成
2025-08-14 21:21:51,972 - INFO - ✅ 20190117股票分红派息数据更新完成
2025-08-14 21:21:52,568 - INFO - ✅ 20190118股票分红派息数据更新完成
2025-08-14 21:21:53,176 - INFO - ✅ 20190119股票分红派息数据更新完成
2025-08-14 21:21:53,795 - INFO - ✅ 20190120股票分红派息数据更新完成
2025-08-14 21:21:54,390 - INFO - ✅ 20190121股票分红派息数据更新完成
2025-08-14 21:21:54,957 - INFO - ✅ 20190122股票分红派息数据更新完成
2025-08-14 21:21:55,591 - INFO - ✅ 20190123股票分红派息数据更新完成
2025-08-14 21:21:56,174 - INFO - ✅ 20190124股票分红派息数据更新完成
2025-08-14 21:21:56,747 - INFO - ✅ 20190125股票分红派息数据更新完成
2025-08-14 21:21:57,327 - INFO - ✅ 20190126股票分红派息数据更新完成
2025-08-14 21:21:57,926 - INFO - ✅ 20190127股票分红派息数据更新完成
2025-08-14 21:21:58,508 - INFO - ✅ 20190128股票分红派息数据更新完成
2025-08-14 21:21:59,071 - INFO - ✅ 20190129股票分红派息数据更新完成
2025-08-14 21:21:59,682 - INFO - ✅ 20190130股票分红派息数据更新完成
2025-08-14 21:22:00,311 - INFO - ✅ 20190131股票分红派息数据更新完成
2025-08-14 21:22:01,510 - INFO - ✅ 20190201股票分红派息数据更新完成
2025-08-14 21:22:02,125 - INFO - ✅ 20190202股票分红派息数据更新完成
2025-08-14 21:22:02,741 - INFO - ✅ 20190203股票分红派息数据更新完成
2025-08-14 21:22:03,310 - INFO - ✅ 20190204股票分红派息数据更新完成
2025-08-14 21:22:03,875 - INFO - ✅ 20190205股票分红派息数据更新完成
2025-08-14 21:22:04,442 - INFO - ✅ 20190206股票分红派息数据更新完成
2025-08-14 21:22:05,040 - INFO - ✅ 20190207股票分红派息数据更新完成
2025-08-14 21:22:05,657 - INFO - ✅ 20190208股票分红派息数据更新完成
2025-08-14 21:22:06,256 - INFO - ✅ 20190209股票分红派息数据更新完成
2025-08-14 21:22:06,877 - INFO - ✅ 20190210股票分红派息数据更新完成
2025-08-14 21:22:07,459 - INFO - ✅ 20190211股票分红派息数据更新完成
2025-08-14 21:22:08,078 - INFO - ✅ 20190212股票分红派息数据更新完成
2025-08-14 21:22:08,672 - INFO - ✅ 20190213股票分红派息数据更新完成
2025-08-14 21:22:09,234 - INFO - ✅ 20190214股票分红派息数据更新完成
2025-08-14 21:22:09,829 - INFO - ✅ 20190215股票分红派息数据更新完成
2025-08-14 21:22:10,941 - INFO - ✅ 20190216股票分红派息数据更新完成
2025-08-14 21:22:11,590 - INFO - ✅ 20190217股票分红派息数据更新完成
2025-08-14 21:22:12,176 - INFO - ✅ 20190218股票分红派息数据更新完成
2025-08-14 21:22:12,774 - INFO - ✅ 20190219股票分红派息数据更新完成
2025-08-14 21:22:13,390 - INFO - ✅ 20190220股票分红派息数据更新完成
2025-08-14 21:22:14,031 - INFO - ✅ 20190221股票分红派息数据更新完成
2025-08-14 21:22:14,678 - INFO - ✅ 20190222股票分红派息数据更新完成
2025-08-14 21:22:15,257 - INFO - ✅ 20190223股票分红派息数据更新完成
2025-08-14 21:22:15,825 - INFO - ✅ 20190224股票分红派息数据更新完成
2025-08-14 21:22:16,463 - INFO - ✅ 20190225股票分红派息数据更新完成
2025-08-14 21:22:17,096 - INFO - ✅ 20190226股票分红派息数据更新完成
2025-08-14 21:22:17,649 - INFO - ✅ 20190227股票分红派息数据更新完成
2025-08-14 21:22:18,358 - INFO - ✅ 20190228股票分红派息数据更新完成
2025-08-14 21:22:18,974 - INFO - ✅ 20190301股票分红派息数据更新完成
2025-08-14 21:22:19,538 - INFO - ✅ 20190302股票分红派息数据更新完成
2025-08-14 21:22:20,174 - INFO - ✅ 20190303股票分红派息数据更新完成
2025-08-14 21:22:20,779 - INFO - ✅ 20190304股票分红派息数据更新完成
2025-08-14 21:22:21,343 - INFO - ✅ 20190305股票分红派息数据更新完成
2025-08-14 21:22:21,930 - INFO - ✅ 20190306股票分红派息数据更新完成
2025-08-14 21:22:22,561 - INFO - ✅ 20190307股票分红派息数据更新完成
2025-08-14 21:22:23,144 - INFO - ✅ 20190308股票分红派息数据更新完成
2025-08-14 21:22:23,756 - INFO - ✅ 20190309股票分红派息数据更新完成
2025-08-14 21:22:24,357 - INFO - ✅ 20190310股票分红派息数据更新完成
2025-08-14 21:22:24,993 - INFO - ✅ 20190311股票分红派息数据更新完成
2025-08-14 21:22:25,596 - INFO - ✅ 20190312股票分红派息数据更新完成
2025-08-14 21:22:26,162 - INFO - ✅ 20190313股票分红派息数据更新完成
2025-08-14 21:22:26,758 - INFO - ✅ 20190314股票分红派息数据更新完成
2025-08-14 21:22:27,375 - INFO - ✅ 20190315股票分红派息数据更新完成
2025-08-14 21:22:28,127 - INFO - ✅ 20190316股票分红派息数据更新完成
2025-08-14 21:22:28,700 - INFO - ✅ 20190317股票分红派息数据更新完成
2025-08-14 21:22:29,487 - INFO - ✅ 20190318股票分红派息数据更新完成
2025-08-14 21:22:30,116 - INFO - ✅ 20190319股票分红派息数据更新完成
2025-08-14 21:22:30,748 - INFO - ✅ 20190320股票分红派息数据更新完成
2025-08-14 21:22:31,358 - INFO - ✅ 20190321股票分红派息数据更新完成
2025-08-14 21:22:31,931 - INFO - ✅ 20190322股票分红派息数据更新完成
2025-08-14 21:22:32,505 - INFO - ✅ 20190323股票分红派息数据更新完成
2025-08-14 21:22:33,124 - INFO - ✅ 20190324股票分红派息数据更新完成
2025-08-14 21:22:33,746 - INFO - ✅ 20190325股票分红派息数据更新完成
2025-08-14 21:22:34,445 - INFO - ✅ 20190326股票分红派息数据更新完成
2025-08-14 21:22:35,073 - INFO - ✅ 20190327股票分红派息数据更新完成
2025-08-14 21:22:35,781 - INFO - ✅ 20190328股票分红派息数据更新完成
2025-08-14 21:22:36,380 - INFO - ✅ 20190329股票分红派息数据更新完成
2025-08-14 21:22:37,056 - INFO - ✅ 20190330股票分红派息数据更新完成
2025-08-14 21:22:37,790 - INFO - ✅ 20190331股票分红派息数据更新完成
2025-08-14 21:22:38,393 - INFO - ✅ 20190401股票分红派息数据更新完成
2025-08-14 21:22:39,009 - INFO - ✅ 20190402股票分红派息数据更新完成
2025-08-14 21:22:39,581 - INFO - ✅ 20190403股票分红派息数据更新完成
2025-08-14 21:22:40,164 - INFO - ✅ 20190404股票分红派息数据更新完成
2025-08-14 21:22:40,779 - INFO - ✅ 20190405股票分红派息数据更新完成
2025-08-14 21:22:41,359 - INFO - ✅ 20190406股票分红派息数据更新完成
2025-08-14 21:22:41,925 - INFO - ✅ 20190407股票分红派息数据更新完成
2025-08-14 21:22:42,505 - INFO - ✅ 20190408股票分红派息数据更新完成
2025-08-14 21:22:43,110 - INFO - ✅ 20190409股票分红派息数据更新完成
2025-08-14 21:22:43,760 - INFO - ✅ 20190410股票分红派息数据更新完成
2025-08-14 21:22:44,362 - INFO - ✅ 20190411股票分红派息数据更新完成
2025-08-14 21:22:44,979 - INFO - ✅ 20190412股票分红派息数据更新完成
2025-08-14 21:22:45,674 - INFO - ✅ 20190413股票分红派息数据更新完成
2025-08-14 21:22:46,256 - INFO - ✅ 20190414股票分红派息数据更新完成
2025-08-14 21:22:46,862 - INFO - ✅ 20190415股票分红派息数据更新完成
2025-08-14 21:22:47,481 - INFO - ✅ 20190416股票分红派息数据更新完成
2025-08-14 21:22:48,175 - INFO - ✅ 20190417股票分红派息数据更新完成
2025-08-14 21:22:48,779 - INFO - ✅ 20190418股票分红派息数据更新完成
2025-08-14 21:22:49,394 - INFO - ✅ 20190419股票分红派息数据更新完成
2025-08-14 21:22:49,945 - INFO - ✅ 20190420股票分红派息数据更新完成
2025-08-14 21:22:50,556 - INFO - ✅ 20190421股票分红派息数据更新完成
2025-08-14 21:22:51,165 - INFO - ✅ 20190422股票分红派息数据更新完成
2025-08-14 21:22:51,759 - INFO - ✅ 20190423股票分红派息数据更新完成
2025-08-14 21:22:52,346 - INFO - ✅ 20190424股票分红派息数据更新完成
2025-08-14 21:22:52,963 - INFO - ✅ 20190425股票分红派息数据更新完成
2025-08-14 21:22:53,562 - INFO - ✅ 20190426股票分红派息数据更新完成
2025-08-14 21:22:54,152 - INFO - ✅ 20190427股票分红派息数据更新完成
2025-08-14 21:22:54,709 - INFO - ✅ 20190428股票分红派息数据更新完成
2025-08-14 21:22:55,295 - INFO - ✅ 20190429股票分红派息数据更新完成
2025-08-14 21:22:55,929 - INFO - ✅ 20190430股票分红派息数据更新完成
2025-08-14 21:22:56,538 - INFO - ✅ 20190501股票分红派息数据更新完成
2025-08-14 21:22:57,112 - INFO - ✅ 20190502股票分红派息数据更新完成
2025-08-14 21:22:57,712 - INFO - ✅ 20190503股票分红派息数据更新完成
2025-08-14 21:22:58,325 - INFO - ✅ 20190504股票分红派息数据更新完成
2025-08-14 21:22:58,925 - INFO - ✅ 20190505股票分红派息数据更新完成
2025-08-14 21:22:59,492 - INFO - ✅ 20190506股票分红派息数据更新完成
2025-08-14 21:23:00,112 - INFO - ✅ 20190507股票分红派息数据更新完成
2025-08-14 21:23:00,898 - INFO - ✅ 20190508股票分红派息数据更新完成
2025-08-14 21:23:01,541 - INFO - ✅ 20190509股票分红派息数据更新完成
2025-08-14 21:23:02,178 - INFO - ✅ 20190510股票分红派息数据更新完成
2025-08-14 21:23:02,754 - INFO - ✅ 20190511股票分红派息数据更新完成
2025-08-14 21:23:03,307 - INFO - ✅ 20190512股票分红派息数据更新完成
2025-08-14 21:23:03,909 - INFO - ✅ 20190513股票分红派息数据更新完成
2025-08-14 21:23:04,951 - INFO - ✅ 20190514股票分红派息数据更新完成
2025-08-14 21:23:05,580 - INFO - ✅ 20190515股票分红派息数据更新完成
2025-08-14 21:23:06,176 - INFO - ✅ 20190516股票分红派息数据更新完成
2025-08-14 21:23:07,369 - INFO - ✅ 20190517股票分红派息数据更新完成
2025-08-14 21:23:07,972 - INFO - ✅ 20190518股票分红派息数据更新完成
2025-08-14 21:23:08,605 - INFO - ✅ 20190519股票分红派息数据更新完成
2025-08-14 21:23:09,212 - INFO - ✅ 20190520股票分红派息数据更新完成
2025-08-14 21:23:12,945 - INFO - ✅ 20190521股票分红派息数据更新完成
2025-08-14 21:23:13,593 - INFO - ✅ 20190522股票分红派息数据更新完成
2025-08-14 21:23:14,230 - INFO - ✅ 20190523股票分红派息数据更新完成
2025-08-14 21:23:15,056 - INFO - ✅ 20190524股票分红派息数据更新完成
2025-08-14 21:23:15,657 - INFO - ✅ 20190525股票分红派息数据更新完成
2025-08-14 21:23:16,257 - INFO - ✅ 20190526股票分红派息数据更新完成
2025-08-14 21:23:16,875 - INFO - ✅ 20190527股票分红派息数据更新完成
2025-08-14 21:23:17,500 - INFO - ✅ 20190528股票分红派息数据更新完成
2025-08-14 21:23:18,163 - INFO - ✅ 20190529股票分红派息数据更新完成
2025-08-14 21:23:18,778 - INFO - ✅ 20190530股票分红派息数据更新完成
2025-08-14 21:23:19,402 - INFO - ✅ 20190531股票分红派息数据更新完成
2025-08-14 21:23:19,965 - INFO - ✅ 20190601股票分红派息数据更新完成
2025-08-14 21:23:20,575 - INFO - ✅ 20190602股票分红派息数据更新完成
2025-08-14 21:23:21,203 - INFO - ✅ 20190603股票分红派息数据更新完成
2025-08-14 21:23:21,827 - INFO - ✅ 20190604股票分红派息数据更新完成
2025-08-14 21:23:22,463 - INFO - ✅ 20190605股票分红派息数据更新完成
2025-08-14 21:23:23,113 - INFO - ✅ 20190606股票分红派息数据更新完成
2025-08-14 21:23:23,740 - INFO - ✅ 20190607股票分红派息数据更新完成
2025-08-14 21:23:24,373 - INFO - ✅ 20190608股票分红派息数据更新完成
2025-08-14 21:23:24,997 - INFO - ✅ 20190609股票分红派息数据更新完成
2025-08-14 21:23:25,629 - INFO - ✅ 20190610股票分红派息数据更新完成
2025-08-14 21:23:26,291 - INFO - ✅ 20190611股票分红派息数据更新完成
2025-08-14 21:23:26,909 - INFO - ✅ 20190612股票分红派息数据更新完成
2025-08-14 21:23:27,579 - INFO - ✅ 20190613股票分红派息数据更新完成
2025-08-14 21:23:28,244 - INFO - ✅ 20190614股票分红派息数据更新完成
2025-08-14 21:23:28,872 - INFO - ✅ 20190615股票分红派息数据更新完成
2025-08-14 21:23:29,472 - INFO - ✅ 20190616股票分红派息数据更新完成
2025-08-14 21:23:30,092 - INFO - ✅ 20190617股票分红派息数据更新完成
2025-08-14 21:23:30,712 - INFO - ✅ 20190618股票分红派息数据更新完成
2025-08-14 21:23:31,329 - INFO - ✅ 20190619股票分红派息数据更新完成
2025-08-14 21:23:32,042 - INFO - ✅ 20190620股票分红派息数据更新完成
2025-08-14 21:23:32,697 - INFO - ✅ 20190621股票分红派息数据更新完成
2025-08-14 21:23:33,302 - INFO - ✅ 20190622股票分红派息数据更新完成
2025-08-14 21:23:33,889 - INFO - ✅ 20190623股票分红派息数据更新完成
2025-08-14 21:23:34,528 - INFO - ✅ 20190624股票分红派息数据更新完成
2025-08-14 21:23:35,209 - INFO - ✅ 20190625股票分红派息数据更新完成
2025-08-14 21:23:35,827 - INFO - ✅ 20190626股票分红派息数据更新完成
2025-08-14 21:23:36,478 - INFO - ✅ 20190627股票分红派息数据更新完成
2025-08-14 21:23:37,106 - INFO - ✅ 20190628股票分红派息数据更新完成
2025-08-14 21:23:37,724 - INFO - ✅ 20190629股票分红派息数据更新完成
2025-08-14 21:23:38,322 - INFO - ✅ 20190630股票分红派息数据更新完成
2025-08-14 21:23:38,927 - INFO - ✅ 20190701股票分红派息数据更新完成
2025-08-14 21:23:39,543 - INFO - ✅ 20190702股票分红派息数据更新完成
2025-08-14 21:23:40,210 - INFO - ✅ 20190703股票分红派息数据更新完成
2025-08-14 21:23:40,827 - INFO - ✅ 20190704股票分红派息数据更新完成
2025-08-14 21:23:41,457 - INFO - ✅ 20190705股票分红派息数据更新完成
2025-08-14 21:23:42,062 - INFO - ✅ 20190706股票分红派息数据更新完成
2025-08-14 21:23:42,875 - INFO - ✅ 20190707股票分红派息数据更新完成
2025-08-14 21:23:43,476 - INFO - ✅ 20190708股票分红派息数据更新完成
2025-08-14 21:23:44,097 - INFO - ✅ 20190709股票分红派息数据更新完成
2025-08-14 21:23:44,712 - INFO - ✅ 20190710股票分红派息数据更新完成
2025-08-14 21:23:45,412 - INFO - ✅ 20190711股票分红派息数据更新完成
2025-08-14 21:23:46,010 - INFO - ✅ 20190712股票分红派息数据更新完成
2025-08-14 21:23:46,590 - INFO - ✅ 20190713股票分红派息数据更新完成
2025-08-14 21:23:47,357 - INFO - ✅ 20190714股票分红派息数据更新完成
2025-08-14 21:23:48,075 - INFO - ✅ 20190715股票分红派息数据更新完成
2025-08-14 21:23:48,732 - INFO - ✅ 20190716股票分红派息数据更新完成
2025-08-14 21:23:49,324 - INFO - ✅ 20190717股票分红派息数据更新完成
2025-08-14 21:23:49,965 - INFO - ✅ 20190718股票分红派息数据更新完成
2025-08-14 21:23:50,646 - INFO - ✅ 20190719股票分红派息数据更新完成
2025-08-14 21:23:51,257 - INFO - ✅ 20190720股票分红派息数据更新完成
2025-08-14 21:23:51,839 - INFO - ✅ 20190721股票分红派息数据更新完成
2025-08-14 21:23:52,428 - INFO - ✅ 20190722股票分红派息数据更新完成
2025-08-14 21:23:53,023 - INFO - ✅ 20190723股票分红派息数据更新完成
2025-08-14 21:23:53,641 - INFO - ✅ 20190724股票分红派息数据更新完成
2025-08-14 21:23:54,277 - INFO - ✅ 20190725股票分红派息数据更新完成
2025-08-14 21:23:54,894 - INFO - ✅ 20190726股票分红派息数据更新完成
2025-08-14 21:23:55,507 - INFO - ✅ 20190727股票分红派息数据更新完成
2025-08-14 21:23:56,119 - INFO - ✅ 20190728股票分红派息数据更新完成
2025-08-14 21:23:56,728 - INFO - ✅ 20190729股票分红派息数据更新完成
2025-08-14 21:23:57,324 - INFO - ✅ 20190730股票分红派息数据更新完成
2025-08-14 21:23:57,941 - INFO - ✅ 20190731股票分红派息数据更新完成
2025-08-14 21:23:58,594 - INFO - ✅ 20190801股票分红派息数据更新完成
2025-08-14 21:23:59,212 - INFO - ✅ 20190802股票分红派息数据更新完成
2025-08-14 21:23:59,821 - INFO - ✅ 20190803股票分红派息数据更新完成
2025-08-14 21:24:00,455 - INFO - ✅ 20190804股票分红派息数据更新完成
2025-08-14 21:24:01,076 - INFO - ✅ 20190805股票分红派息数据更新完成
2025-08-14 21:24:01,677 - INFO - ✅ 20190806股票分红派息数据更新完成
2025-08-14 21:24:02,309 - INFO - ✅ 20190807股票分红派息数据更新完成
2025-08-14 21:24:02,894 - INFO - ✅ 20190808股票分红派息数据更新完成
2025-08-14 21:24:03,529 - INFO - ✅ 20190809股票分红派息数据更新完成
2025-08-14 21:24:04,171 - INFO - ✅ 20190810股票分红派息数据更新完成
2025-08-14 21:24:04,805 - INFO - ✅ 20190811股票分红派息数据更新完成
2025-08-14 21:24:05,427 - INFO - ✅ 20190812股票分红派息数据更新完成
2025-08-14 21:24:06,012 - INFO - ✅ 20190813股票分红派息数据更新完成
2025-08-14 21:24:06,641 - INFO - ✅ 20190814股票分红派息数据更新完成
2025-08-14 21:24:07,296 - INFO - ✅ 20190815股票分红派息数据更新完成
2025-08-14 21:24:07,861 - INFO - ✅ 20190816股票分红派息数据更新完成
2025-08-14 21:24:08,438 - INFO - ✅ 20190817股票分红派息数据更新完成
2025-08-14 21:24:09,041 - INFO - ✅ 20190818股票分红派息数据更新完成
2025-08-14 21:24:09,694 - INFO - ✅ 20190819股票分红派息数据更新完成
2025-08-14 21:24:10,324 - INFO - ✅ 20190820股票分红派息数据更新完成
2025-08-14 21:24:10,943 - INFO - ✅ 20190821股票分红派息数据更新完成
2025-08-14 21:24:11,561 - INFO - ✅ 20190822股票分红派息数据更新完成
2025-08-14 21:24:12,161 - INFO - ✅ 20190823股票分红派息数据更新完成
2025-08-14 21:24:12,774 - INFO - ✅ 20190824股票分红派息数据更新完成
2025-08-14 21:24:13,373 - INFO - ✅ 20190825股票分红派息数据更新完成
2025-08-14 21:24:14,024 - INFO - ✅ 20190826股票分红派息数据更新完成
2025-08-14 21:24:14,676 - INFO - ✅ 20190827股票分红派息数据更新完成
2025-08-14 21:24:15,311 - INFO - ✅ 20190828股票分红派息数据更新完成
2025-08-14 21:24:15,925 - INFO - ✅ 20190829股票分红派息数据更新完成
2025-08-14 21:24:16,541 - INFO - ✅ 20190830股票分红派息数据更新完成
2025-08-14 21:24:17,139 - INFO - ✅ 20190831股票分红派息数据更新完成
2025-08-14 21:24:17,745 - INFO - ✅ 20190901股票分红派息数据更新完成
2025-08-14 21:24:18,342 - INFO - ✅ 20190902股票分红派息数据更新完成
2025-08-14 21:24:18,961 - INFO - ✅ 20190903股票分红派息数据更新完成
2025-08-14 21:24:19,576 - INFO - ✅ 20190904股票分红派息数据更新完成
2025-08-14 21:24:20,196 - INFO - ✅ 20190905股票分红派息数据更新完成
2025-08-14 21:24:20,847 - INFO - ✅ 20190906股票分红派息数据更新完成
2025-08-14 21:24:21,423 - INFO - ✅ 20190907股票分红派息数据更新完成
2025-08-14 21:24:22,006 - INFO - ✅ 20190908股票分红派息数据更新完成
2025-08-14 21:24:22,643 - INFO - ✅ 20190909股票分红派息数据更新完成
2025-08-14 21:24:23,260 - INFO - ✅ 20190910股票分红派息数据更新完成
2025-08-14 21:24:23,899 - INFO - ✅ 20190911股票分红派息数据更新完成
2025-08-14 21:24:24,527 - INFO - ✅ 20190912股票分红派息数据更新完成
2025-08-14 21:24:25,125 - INFO - ✅ 20190913股票分红派息数据更新完成
2025-08-14 21:24:25,735 - INFO - ✅ 20190914股票分红派息数据更新完成
2025-08-14 21:24:26,321 - INFO - ✅ 20190915股票分红派息数据更新完成
2025-08-14 21:24:26,958 - INFO - ✅ 20190916股票分红派息数据更新完成
2025-08-14 21:24:27,708 - INFO - ✅ 20190917股票分红派息数据更新完成
2025-08-14 21:24:28,312 - INFO - ✅ 20190918股票分红派息数据更新完成
2025-08-14 21:24:28,924 - INFO - ✅ 20190919股票分红派息数据更新完成
2025-08-14 21:24:29,558 - INFO - ✅ 20190920股票分红派息数据更新完成
2025-08-14 21:24:30,155 - INFO - ✅ 20190921股票分红派息数据更新完成
2025-08-14 21:24:30,753 - INFO - ✅ 20190922股票分红派息数据更新完成
2025-08-14 21:24:31,411 - INFO - ✅ 20190923股票分红派息数据更新完成
2025-08-14 21:24:32,059 - INFO - ✅ 20190924股票分红派息数据更新完成
2025-08-14 21:24:32,706 - INFO - ✅ 20190925股票分红派息数据更新完成
2025-08-14 21:24:33,309 - INFO - ✅ 20190926股票分红派息数据更新完成
2025-08-14 21:24:33,911 - INFO - ✅ 20190927股票分红派息数据更新完成
2025-08-14 21:24:34,539 - INFO - ✅ 20190928股票分红派息数据更新完成
2025-08-14 21:24:35,105 - INFO - ✅ 20190929股票分红派息数据更新完成
2025-08-14 21:24:35,725 - INFO - ✅ 20190930股票分红派息数据更新完成
2025-08-14 21:24:36,336 - INFO - ✅ 20191001股票分红派息数据更新完成
2025-08-14 21:24:36,911 - INFO - ✅ 20191002股票分红派息数据更新完成
2025-08-14 21:24:37,544 - INFO - ✅ 20191003股票分红派息数据更新完成
2025-08-14 21:24:38,275 - INFO - ✅ 20191004股票分红派息数据更新完成
2025-08-14 21:24:38,873 - INFO - ✅ 20191005股票分红派息数据更新完成
2025-08-14 21:24:39,445 - INFO - ✅ 20191006股票分红派息数据更新完成
2025-08-14 21:24:40,023 - INFO - ✅ 20191007股票分红派息数据更新完成
2025-08-14 21:24:40,625 - INFO - ✅ 20191008股票分红派息数据更新完成
2025-08-14 21:24:41,209 - INFO - ✅ 20191009股票分红派息数据更新完成
2025-08-14 21:24:41,810 - INFO - ✅ 20191010股票分红派息数据更新完成
2025-08-14 21:24:42,377 - INFO - ✅ 20191011股票分红派息数据更新完成
2025-08-14 21:24:43,005 - INFO - ✅ 20191012股票分红派息数据更新完成
2025-08-14 21:24:43,589 - INFO - ✅ 20191013股票分红派息数据更新完成
2025-08-14 21:24:44,178 - INFO - ✅ 20191014股票分红派息数据更新完成
2025-08-14 21:24:44,792 - INFO - ✅ 20191015股票分红派息数据更新完成
2025-08-14 21:24:45,394 - INFO - ✅ 20191016股票分红派息数据更新完成
2025-08-14 21:24:45,977 - INFO - ✅ 20191017股票分红派息数据更新完成
2025-08-14 21:24:46,553 - INFO - ✅ 20191018股票分红派息数据更新完成
2025-08-14 21:24:47,156 - INFO - ✅ 20191019股票分红派息数据更新完成
2025-08-14 21:24:47,721 - INFO - ✅ 20191020股票分红派息数据更新完成
2025-08-14 21:24:48,292 - INFO - ✅ 20191021股票分红派息数据更新完成
2025-08-14 21:24:48,888 - INFO - ✅ 20191022股票分红派息数据更新完成
2025-08-14 21:24:49,526 - INFO - ✅ 20191023股票分红派息数据更新完成
2025-08-14 21:24:50,124 - INFO - ✅ 20191024股票分红派息数据更新完成
2025-08-14 21:24:50,707 - INFO - ✅ 20191025股票分红派息数据更新完成
2025-08-14 21:24:51,388 - INFO - ✅ 20191026股票分红派息数据更新完成
2025-08-14 21:24:51,969 - INFO - ✅ 20191027股票分红派息数据更新完成
2025-08-14 21:24:52,757 - INFO - ✅ 20191028股票分红派息数据更新完成
2025-08-14 21:24:53,357 - INFO - ✅ 20191029股票分红派息数据更新完成
2025-08-14 21:24:53,958 - INFO - ✅ 20191030股票分红派息数据更新完成
2025-08-14 21:24:54,569 - INFO - ✅ 20191031股票分红派息数据更新完成
2025-08-14 21:24:55,208 - INFO - ✅ 20191101股票分红派息数据更新完成
2025-08-14 21:24:55,804 - INFO - ✅ 20191102股票分红派息数据更新完成
2025-08-14 21:24:56,436 - INFO - ✅ 20191103股票分红派息数据更新完成
2025-08-14 21:24:57,075 - INFO - ✅ 20191104股票分红派息数据更新完成
2025-08-14 21:24:57,739 - INFO - ✅ 20191105股票分红派息数据更新完成
2025-08-14 21:24:58,326 - INFO - ✅ 20191106股票分红派息数据更新完成
2025-08-14 21:24:58,925 - INFO - ✅ 20191107股票分红派息数据更新完成
2025-08-14 21:24:59,558 - INFO - ✅ 20191108股票分红派息数据更新完成
2025-08-14 21:25:00,138 - INFO - ✅ 20191109股票分红派息数据更新完成
2025-08-14 21:25:00,771 - INFO - ✅ 20191110股票分红派息数据更新完成
2025-08-14 21:25:01,888 - INFO - ✅ 20191111股票分红派息数据更新完成
2025-08-14 21:25:02,474 - INFO - ✅ 20191112股票分红派息数据更新完成
2025-08-14 21:25:03,035 - INFO - ✅ 20191113股票分红派息数据更新完成
2025-08-14 21:25:03,661 - INFO - ✅ 20191114股票分红派息数据更新完成
2025-08-14 21:25:04,305 - INFO - ✅ 20191115股票分红派息数据更新完成
2025-08-14 21:25:04,903 - INFO - ✅ 20191116股票分红派息数据更新完成
2025-08-14 21:25:05,535 - INFO - ✅ 20191117股票分红派息数据更新完成
2025-08-14 21:25:06,159 - INFO - ✅ 20191118股票分红派息数据更新完成
2025-08-14 21:25:06,791 - INFO - ✅ 20191119股票分红派息数据更新完成
2025-08-14 21:25:07,371 - INFO - ✅ 20191120股票分红派息数据更新完成
2025-08-14 21:25:07,940 - INFO - ✅ 20191121股票分红派息数据更新完成
2025-08-14 21:25:08,563 - INFO - ✅ 20191122股票分红派息数据更新完成
2025-08-14 21:25:09,238 - INFO - ✅ 20191123股票分红派息数据更新完成
2025-08-14 21:25:09,821 - INFO - ✅ 20191124股票分红派息数据更新完成
2025-08-14 21:25:10,485 - INFO - ✅ 20191125股票分红派息数据更新完成
2025-08-14 21:25:11,109 - INFO - ✅ 20191126股票分红派息数据更新完成
2025-08-14 21:25:11,743 - INFO - ✅ 20191127股票分红派息数据更新完成
2025-08-14 21:25:12,358 - INFO - ✅ 20191128股票分红派息数据更新完成
2025-08-14 21:25:12,943 - INFO - ✅ 20191129股票分红派息数据更新完成
2025-08-14 21:25:13,537 - INFO - ✅ 20191130股票分红派息数据更新完成
2025-08-14 21:25:14,138 - INFO - ✅ 20191201股票分红派息数据更新完成
2025-08-14 21:25:14,742 - INFO - ✅ 20191202股票分红派息数据更新完成
2025-08-14 21:25:15,439 - INFO - ✅ 20191203股票分红派息数据更新完成
2025-08-14 21:25:16,091 - INFO - ✅ 20191204股票分红派息数据更新完成
2025-08-14 21:25:16,674 - INFO - ✅ 20191205股票分红派息数据更新完成
2025-08-14 21:25:17,257 - INFO - ✅ 20191206股票分红派息数据更新完成
2025-08-14 21:25:17,818 - INFO - ✅ 20191207股票分红派息数据更新完成
2025-08-14 21:25:18,404 - INFO - ✅ 20191208股票分红派息数据更新完成
2025-08-14 21:25:19,007 - INFO - ✅ 20191209股票分红派息数据更新完成
2025-08-14 21:25:19,592 - INFO - ✅ 20191210股票分红派息数据更新完成
2025-08-14 21:25:20,206 - INFO - ✅ 20191211股票分红派息数据更新完成
2025-08-14 21:25:20,823 - INFO - ✅ 20191212股票分红派息数据更新完成
2025-08-14 21:25:21,408 - INFO - ✅ 20191213股票分红派息数据更新完成
2025-08-14 21:25:21,986 - INFO - ✅ 20191214股票分红派息数据更新完成
2025-08-14 21:25:22,583 - INFO - ✅ 20191215股票分红派息数据更新完成
2025-08-14 21:25:23,172 - INFO - ✅ 20191216股票分红派息数据更新完成
2025-08-14 21:25:23,791 - INFO - ✅ 20191217股票分红派息数据更新完成
2025-08-14 21:25:24,374 - INFO - ✅ 20191218股票分红派息数据更新完成
2025-08-14 21:25:24,976 - INFO - ✅ 20191219股票分红派息数据更新完成
2025-08-14 21:25:25,589 - INFO - ✅ 20191220股票分红派息数据更新完成
2025-08-14 21:25:26,186 - INFO - ✅ 20191221股票分红派息数据更新完成
2025-08-14 21:25:26,752 - INFO - ✅ 20191222股票分红派息数据更新完成
2025-08-14 21:25:27,337 - INFO - ✅ 20191223股票分红派息数据更新完成
2025-08-14 21:25:27,939 - INFO - ✅ 20191224股票分红派息数据更新完成
2025-08-14 21:25:28,520 - INFO - ✅ 20191225股票分红派息数据更新完成
2025-08-14 21:25:29,119 - INFO - ✅ 20191226股票分红派息数据更新完成
2025-08-14 21:25:29,708 - INFO - ✅ 20191227股票分红派息数据更新完成
2025-08-14 21:25:30,300 - INFO - ✅ 20191228股票分红派息数据更新完成
2025-08-14 21:25:30,902 - INFO - ✅ 20191229股票分红派息数据更新完成
2025-08-14 21:25:31,508 - INFO - ✅ 20191230股票分红派息数据更新完成
2025-08-14 21:25:32,135 - INFO - ✅ 20191231股票分红派息数据更新完成
2025-08-14 21:25:32,704 - INFO - ✅ 20200101股票分红派息数据更新完成
2025-08-14 21:25:33,375 - INFO - ✅ 20200102股票分红派息数据更新完成
2025-08-14 21:25:34,090 - INFO - ✅ 20200103股票分红派息数据更新完成
2025-08-14 21:25:35,005 - INFO - ✅ 20200104股票分红派息数据更新完成
2025-08-14 21:25:35,749 - INFO - ✅ 20200105股票分红派息数据更新完成
2025-08-14 21:25:36,359 - INFO - ✅ 20200106股票分红派息数据更新完成
2025-08-14 21:25:36,954 - INFO - ✅ 20200107股票分红派息数据更新完成
2025-08-14 21:25:37,573 - INFO - ✅ 20200108股票分红派息数据更新完成
2025-08-14 21:25:38,176 - INFO - ✅ 20200109股票分红派息数据更新完成
2025-08-14 21:25:38,740 - INFO - ✅ 20200110股票分红派息数据更新完成
2025-08-14 21:25:39,367 - INFO - ✅ 20200111股票分红派息数据更新完成
2025-08-14 21:25:39,983 - INFO - ✅ 20200112股票分红派息数据更新完成
2025-08-14 21:25:40,620 - INFO - ✅ 20200113股票分红派息数据更新完成
2025-08-14 21:25:41,206 - INFO - ✅ 20200114股票分红派息数据更新完成
2025-08-14 21:25:41,787 - INFO - ✅ 20200115股票分红派息数据更新完成
2025-08-14 21:25:42,357 - INFO - ✅ 20200116股票分红派息数据更新完成
2025-08-14 21:25:42,957 - INFO - ✅ 20200117股票分红派息数据更新完成
2025-08-14 21:25:43,521 - INFO - ✅ 20200118股票分红派息数据更新完成
2025-08-14 21:25:44,154 - INFO - ✅ 20200119股票分红派息数据更新完成
2025-08-14 21:25:44,739 - INFO - ✅ 20200120股票分红派息数据更新完成
2025-08-14 21:25:45,374 - INFO - ✅ 20200121股票分红派息数据更新完成
2025-08-14 21:25:45,995 - INFO - ✅ 20200122股票分红派息数据更新完成
2025-08-14 21:25:46,586 - INFO - ✅ 20200123股票分红派息数据更新完成
2025-08-14 21:25:47,163 - INFO - ✅ 20200124股票分红派息数据更新完成
2025-08-14 21:25:47,754 - INFO - ✅ 20200125股票分红派息数据更新完成
2025-08-14 21:25:48,350 - INFO - ✅ 20200126股票分红派息数据更新完成
2025-08-14 21:25:48,919 - INFO - ✅ 20200127股票分红派息数据更新完成
2025-08-14 21:25:49,519 - INFO - ✅ 20200128股票分红派息数据更新完成
2025-08-14 21:25:50,086 - INFO - ✅ 20200129股票分红派息数据更新完成
2025-08-14 21:25:50,709 - INFO - ✅ 20200130股票分红派息数据更新完成
2025-08-14 21:25:51,323 - INFO - ✅ 20200131股票分红派息数据更新完成
2025-08-14 21:25:51,904 - INFO - ✅ 20200201股票分红派息数据更新完成
2025-08-14 21:25:52,488 - INFO - ✅ 20200202股票分红派息数据更新完成
2025-08-14 21:25:53,091 - INFO - ✅ 20200203股票分红派息数据更新完成
2025-08-14 21:25:53,665 - INFO - ✅ 20200204股票分红派息数据更新完成
2025-08-14 21:25:54,269 - INFO - ✅ 20200205股票分红派息数据更新完成
2025-08-14 21:25:54,873 - INFO - ✅ 20200206股票分红派息数据更新完成
2025-08-14 21:25:55,500 - INFO - ✅ 20200207股票分红派息数据更新完成
2025-08-14 21:25:56,084 - INFO - ✅ 20200208股票分红派息数据更新完成
2025-08-14 21:25:56,670 - INFO - ✅ 20200209股票分红派息数据更新完成
2025-08-14 21:25:57,232 - INFO - ✅ 20200210股票分红派息数据更新完成
2025-08-14 21:25:57,820 - INFO - ✅ 20200211股票分红派息数据更新完成
2025-08-14 21:25:58,401 - INFO - ✅ 20200212股票分红派息数据更新完成
2025-08-14 21:25:59,024 - INFO - ✅ 20200213股票分红派息数据更新完成
2025-08-14 21:25:59,584 - INFO - ✅ 20200214股票分红派息数据更新完成
2025-08-14 21:26:00,255 - INFO - ✅ 20200215股票分红派息数据更新完成
2025-08-14 21:26:00,870 - INFO - ✅ 20200216股票分红派息数据更新完成
2025-08-14 21:26:01,486 - INFO - ✅ 20200217股票分红派息数据更新完成
2025-08-14 21:26:02,090 - INFO - ✅ 20200218股票分红派息数据更新完成
2025-08-14 21:26:02,774 - INFO - ✅ 20200219股票分红派息数据更新完成
2025-08-14 21:26:03,401 - INFO - ✅ 20200220股票分红派息数据更新完成
2025-08-14 21:26:04,008 - INFO - ✅ 20200221股票分红派息数据更新完成
2025-08-14 21:26:04,585 - INFO - ✅ 20200222股票分红派息数据更新完成
2025-08-14 21:26:05,169 - INFO - ✅ 20200223股票分红派息数据更新完成
2025-08-14 21:26:05,756 - INFO - ✅ 20200224股票分红派息数据更新完成
2025-08-14 21:26:06,322 - INFO - ✅ 20200225股票分红派息数据更新完成
2025-08-14 21:26:07,044 - INFO - ✅ 20200226股票分红派息数据更新完成
2025-08-14 21:26:07,674 - INFO - ✅ 20200227股票分红派息数据更新完成
2025-08-14 21:26:08,289 - INFO - ✅ 20200228股票分红派息数据更新完成
2025-08-14 21:26:08,885 - INFO - ✅ 20200229股票分红派息数据更新完成
2025-08-14 21:26:09,466 - INFO - ✅ 20200301股票分红派息数据更新完成
2025-08-14 21:26:10,060 - INFO - ✅ 20200302股票分红派息数据更新完成
2025-08-14 21:26:10,653 - INFO - ✅ 20200303股票分红派息数据更新完成
2025-08-14 21:26:11,287 - INFO - ✅ 20200304股票分红派息数据更新完成
2025-08-14 21:26:14,990 - INFO - ✅ 20200305股票分红派息数据更新完成
2025-08-14 21:26:15,589 - INFO - ✅ 20200306股票分红派息数据更新完成
2025-08-14 21:26:16,186 - INFO - ✅ 20200307股票分红派息数据更新完成
2025-08-14 21:26:16,783 - INFO - ✅ 20200308股票分红派息数据更新完成
2025-08-14 21:26:17,535 - INFO - ✅ 20200309股票分红派息数据更新完成
2025-08-14 21:26:18,193 - INFO - ✅ 20200310股票分红派息数据更新完成
2025-08-14 21:26:18,959 - INFO - ✅ 20200311股票分红派息数据更新完成
2025-08-14 21:26:19,573 - INFO - ✅ 20200312股票分红派息数据更新完成
2025-08-14 21:26:20,138 - INFO - ✅ 20200313股票分红派息数据更新完成
2025-08-14 21:26:20,750 - INFO - ✅ 20200314股票分红派息数据更新完成
2025-08-14 21:26:21,352 - INFO - ✅ 20200315股票分红派息数据更新完成
2025-08-14 21:26:21,933 - INFO - ✅ 20200316股票分红派息数据更新完成
2025-08-14 21:26:22,528 - INFO - ✅ 20200317股票分红派息数据更新完成
2025-08-14 21:26:23,140 - INFO - ✅ 20200318股票分红派息数据更新完成
2025-08-14 21:26:23,723 - INFO - ✅ 20200319股票分红派息数据更新完成
2025-08-14 21:26:24,353 - INFO - ✅ 20200320股票分红派息数据更新完成
2025-08-14 21:26:24,952 - INFO - ✅ 20200321股票分红派息数据更新完成
2025-08-14 21:26:25,569 - INFO - ✅ 20200322股票分红派息数据更新完成
2025-08-14 21:26:26,158 - INFO - ✅ 20200323股票分红派息数据更新完成
2025-08-14 21:26:26,735 - INFO - ✅ 20200324股票分红派息数据更新完成
2025-08-14 21:26:27,336 - INFO - ✅ 20200325股票分红派息数据更新完成
2025-08-14 21:26:27,956 - INFO - ✅ 20200326股票分红派息数据更新完成
2025-08-14 21:26:28,533 - INFO - ✅ 20200327股票分红派息数据更新完成
2025-08-14 21:26:29,116 - INFO - ✅ 20200328股票分红派息数据更新完成
2025-08-14 21:26:29,668 - INFO - ✅ 20200329股票分红派息数据更新完成
2025-08-14 21:26:30,288 - INFO - ✅ 20200330股票分红派息数据更新完成
2025-08-14 21:26:30,906 - INFO - ✅ 20200331股票分红派息数据更新完成
2025-08-14 21:26:31,509 - INFO - ✅ 20200401股票分红派息数据更新完成
2025-08-14 21:26:32,111 - INFO - ✅ 20200402股票分红派息数据更新完成
2025-08-14 21:26:32,704 - INFO - ✅ 20200403股票分红派息数据更新完成
2025-08-14 21:26:33,283 - INFO - ✅ 20200404股票分红派息数据更新完成
2025-08-14 21:26:33,883 - INFO - ✅ 20200405股票分红派息数据更新完成
2025-08-14 21:26:34,597 - INFO - ✅ 20200406股票分红派息数据更新完成
2025-08-14 21:26:35,206 - INFO - ✅ 20200407股票分红派息数据更新完成
2025-08-14 21:26:35,773 - INFO - ✅ 20200408股票分红派息数据更新完成
2025-08-14 21:26:36,373 - INFO - ✅ 20200409股票分红派息数据更新完成
2025-08-14 21:26:36,956 - INFO - ✅ 20200410股票分红派息数据更新完成
2025-08-14 21:26:37,535 - INFO - ✅ 20200411股票分红派息数据更新完成
2025-08-14 21:26:38,118 - INFO - ✅ 20200412股票分红派息数据更新完成
2025-08-14 21:26:38,706 - INFO - ✅ 20200413股票分红派息数据更新完成
2025-08-14 21:26:39,325 - INFO - ✅ 20200414股票分红派息数据更新完成
2025-08-14 21:26:39,957 - INFO - ✅ 20200415股票分红派息数据更新完成
2025-08-14 21:26:40,597 - INFO - ✅ 20200416股票分红派息数据更新完成
2025-08-14 21:26:41,174 - INFO - ✅ 20200417股票分红派息数据更新完成
2025-08-14 21:26:41,785 - INFO - ✅ 20200418股票分红派息数据更新完成
2025-08-14 21:26:42,434 - INFO - ✅ 20200419股票分红派息数据更新完成
2025-08-14 21:26:43,045 - INFO - ✅ 20200420股票分红派息数据更新完成
2025-08-14 21:26:43,672 - INFO - ✅ 20200421股票分红派息数据更新完成
2025-08-14 21:26:44,272 - INFO - ✅ 20200422股票分红派息数据更新完成
2025-08-14 21:26:44,907 - INFO - ✅ 20200423股票分红派息数据更新完成
2025-08-14 21:26:45,820 - INFO - ✅ 20200424股票分红派息数据更新完成
2025-08-14 21:26:46,453 - INFO - ✅ 20200425股票分红派息数据更新完成
2025-08-14 21:26:47,032 - INFO - ✅ 20200426股票分红派息数据更新完成
2025-08-14 21:26:47,689 - INFO - ✅ 20200427股票分红派息数据更新完成
2025-08-14 21:26:48,322 - INFO - ✅ 20200428股票分红派息数据更新完成
2025-08-14 21:26:48,958 - INFO - ✅ 20200429股票分红派息数据更新完成
2025-08-14 21:26:50,086 - INFO - ✅ 20200430股票分红派息数据更新完成
2025-08-14 21:26:50,684 - INFO - ✅ 20200501股票分红派息数据更新完成
2025-08-14 21:26:51,285 - INFO - ✅ 20200502股票分红派息数据更新完成
2025-08-14 21:26:51,868 - INFO - ✅ 20200503股票分红派息数据更新完成
2025-08-14 21:26:52,452 - INFO - ✅ 20200504股票分红派息数据更新完成
2025-08-14 21:26:53,075 - INFO - ✅ 20200505股票分红派息数据更新完成
2025-08-14 21:26:53,672 - INFO - ✅ 20200506股票分红派息数据更新完成
2025-08-14 21:26:54,271 - INFO - ✅ 20200507股票分红派息数据更新完成
2025-08-14 21:26:54,892 - INFO - ✅ 20200508股票分红派息数据更新完成
2025-08-14 21:26:55,530 - INFO - ✅ 20200509股票分红派息数据更新完成
2025-08-14 21:26:56,269 - INFO - ✅ 20200510股票分红派息数据更新完成
2025-08-14 21:26:56,854 - INFO - ✅ 20200511股票分红派息数据更新完成
2025-08-14 21:26:57,451 - INFO - ✅ 20200512股票分红派息数据更新完成
2025-08-14 21:26:58,121 - INFO - ✅ 20200513股票分红派息数据更新完成
2025-08-14 21:26:58,738 - INFO - ✅ 20200514股票分红派息数据更新完成
2025-08-14 21:26:59,340 - INFO - ✅ 20200515股票分红派息数据更新完成
2025-08-14 21:26:59,963 - INFO - ✅ 20200516股票分红派息数据更新完成
2025-08-14 21:27:00,835 - INFO - ✅ 20200517股票分红派息数据更新完成
2025-08-14 21:27:01,484 - INFO - ✅ 20200518股票分红派息数据更新完成
2025-08-14 21:27:02,102 - INFO - ✅ 20200519股票分红派息数据更新完成
2025-08-14 21:27:02,690 - INFO - ✅ 20200520股票分红派息数据更新完成
2025-08-14 21:27:03,321 - INFO - ✅ 20200521股票分红派息数据更新完成
2025-08-14 21:27:03,971 - INFO - ✅ 20200522股票分红派息数据更新完成
2025-08-14 21:27:04,600 - INFO - ✅ 20200523股票分红派息数据更新完成
2025-08-14 21:27:05,217 - INFO - ✅ 20200524股票分红派息数据更新完成
2025-08-14 21:27:05,827 - INFO - ✅ 20200525股票分红派息数据更新完成
2025-08-14 21:27:06,507 - INFO - ✅ 20200526股票分红派息数据更新完成
2025-08-14 21:27:07,455 - INFO - ✅ 20200527股票分红派息数据更新完成
2025-08-14 21:27:08,174 - INFO - ✅ 20200528股票分红派息数据更新完成
2025-08-14 21:27:08,823 - INFO - ✅ 20200529股票分红派息数据更新完成
2025-08-14 21:27:09,450 - INFO - ✅ 20200530股票分红派息数据更新完成
2025-08-14 21:27:10,050 - INFO - ✅ 20200531股票分红派息数据更新完成
2025-08-14 21:27:10,699 - INFO - ✅ 20200601股票分红派息数据更新完成
2025-08-14 21:27:11,324 - INFO - ✅ 20200602股票分红派息数据更新完成
2025-08-14 21:27:11,952 - INFO - ✅ 20200603股票分红派息数据更新完成
2025-08-14 21:27:12,592 - INFO - ✅ 20200604股票分红派息数据更新完成
2025-08-14 21:27:13,272 - INFO - ✅ 20200605股票分红派息数据更新完成
2025-08-14 21:27:13,867 - INFO - ✅ 20200606股票分红派息数据更新完成
2025-08-14 21:27:14,435 - INFO - ✅ 20200607股票分红派息数据更新完成
2025-08-14 21:27:14,779 - INFO - ✅ 20200608股票分红派息数据更新完成
2025-08-14 21:27:15,101 - INFO - ✅ 20200609股票分红派息数据更新完成
2025-08-14 21:27:15,418 - INFO - ✅ 20200610股票分红派息数据更新完成
2025-08-14 21:27:15,749 - INFO - ✅ 20200611股票分红派息数据更新完成
2025-08-14 21:27:16,084 - INFO - ✅ 20200612股票分红派息数据更新完成
2025-08-14 21:27:16,419 - INFO - ✅ 20200613股票分红派息数据更新完成
2025-08-14 21:27:16,799 - INFO - ✅ 20200614股票分红派息数据更新完成
2025-08-14 21:27:17,099 - INFO - ✅ 20200615股票分红派息数据更新完成
2025-08-14 21:27:17,432 - INFO - ✅ 20200616股票分红派息数据更新完成
2025-08-14 21:27:17,768 - INFO - ✅ 20200617股票分红派息数据更新完成
2025-08-14 21:27:18,101 - INFO - ✅ 20200618股票分红派息数据更新完成
2025-08-14 21:27:18,467 - INFO - ✅ 20200619股票分红派息数据更新完成
2025-08-14 21:27:18,816 - INFO - ✅ 20200620股票分红派息数据更新完成
2025-08-14 21:27:19,200 - INFO - ✅ 20200621股票分红派息数据更新完成
2025-08-14 21:27:19,534 - INFO - ✅ 20200622股票分红派息数据更新完成
2025-08-14 21:27:19,902 - INFO - ✅ 20200623股票分红派息数据更新完成
2025-08-14 21:27:20,282 - INFO - ✅ 20200624股票分红派息数据更新完成
2025-08-14 21:27:20,636 - INFO - ✅ 20200625股票分红派息数据更新完成
2025-08-14 21:27:20,950 - INFO - ✅ 20200626股票分红派息数据更新完成
2025-08-14 21:27:21,334 - INFO - ✅ 20200627股票分红派息数据更新完成
2025-08-14 21:27:21,652 - INFO - ✅ 20200628股票分红派息数据更新完成
2025-08-14 21:27:21,983 - INFO - ✅ 20200629股票分红派息数据更新完成
2025-08-14 21:27:22,334 - INFO - ✅ 20200630股票分红派息数据更新完成
2025-08-14 21:27:22,668 - INFO - ✅ 20200701股票分红派息数据更新完成
2025-08-14 21:27:23,035 - INFO - ✅ 20200702股票分红派息数据更新完成
2025-08-14 21:27:23,367 - INFO - ✅ 20200703股票分红派息数据更新完成
2025-08-14 21:27:23,699 - INFO - ✅ 20200704股票分红派息数据更新完成
2025-08-14 21:27:24,067 - INFO - ✅ 20200705股票分红派息数据更新完成
2025-08-14 21:27:24,463 - INFO - ✅ 20200706股票分红派息数据更新完成
2025-08-14 21:27:24,799 - INFO - ✅ 20200707股票分红派息数据更新完成
2025-08-14 21:27:25,134 - INFO - ✅ 20200708股票分红派息数据更新完成
2025-08-14 21:27:25,484 - INFO - ✅ 20200709股票分红派息数据更新完成
2025-08-14 21:27:25,849 - INFO - ✅ 20200710股票分红派息数据更新完成
2025-08-14 21:27:26,217 - INFO - ✅ 20200711股票分红派息数据更新完成
2025-08-14 21:27:26,650 - INFO - ✅ 20200712股票分红派息数据更新完成
2025-08-14 21:27:26,983 - INFO - ✅ 20200713股票分红派息数据更新完成
2025-08-14 21:27:27,332 - INFO - ✅ 20200714股票分红派息数据更新完成
2025-08-14 21:27:27,635 - INFO - ✅ 20200715股票分红派息数据更新完成
2025-08-14 21:27:28,015 - INFO - ✅ 20200716股票分红派息数据更新完成
2025-08-14 21:27:28,315 - INFO - ✅ 20200717股票分红派息数据更新完成
2025-08-14 21:27:28,602 - INFO - ✅ 20200718股票分红派息数据更新完成
2025-08-14 21:27:28,968 - INFO - ✅ 20200719股票分红派息数据更新完成
2025-08-14 21:27:29,300 - INFO - ✅ 20200720股票分红派息数据更新完成
2025-08-14 21:27:29,668 - INFO - ✅ 20200721股票分红派息数据更新完成
2025-08-14 21:27:29,984 - INFO - ✅ 20200722股票分红派息数据更新完成
2025-08-14 21:27:30,287 - INFO - ✅ 20200723股票分红派息数据更新完成
2025-08-14 21:27:30,682 - INFO - ✅ 20200724股票分红派息数据更新完成
2025-08-14 21:27:31,015 - INFO - ✅ 20200725股票分红派息数据更新完成
2025-08-14 21:27:31,366 - INFO - ✅ 20200726股票分红派息数据更新完成
2025-08-14 21:27:31,750 - INFO - ✅ 20200727股票分红派息数据更新完成
2025-08-14 21:27:32,082 - INFO - ✅ 20200728股票分红派息数据更新完成
2025-08-14 21:27:32,426 - INFO - ✅ 20200729股票分红派息数据更新完成
2025-08-14 21:27:32,752 - INFO - ✅ 20200730股票分红派息数据更新完成
2025-08-14 21:27:33,116 - INFO - ✅ 20200731股票分红派息数据更新完成
2025-08-14 21:27:33,500 - INFO - ✅ 20200801股票分红派息数据更新完成
2025-08-14 21:27:33,881 - INFO - ✅ 20200802股票分红派息数据更新完成
2025-08-14 21:27:34,201 - INFO - ✅ 20200803股票分红派息数据更新完成
2025-08-14 21:27:34,583 - INFO - ✅ 20200804股票分红派息数据更新完成
2025-08-14 21:27:34,911 - INFO - ✅ 20200805股票分红派息数据更新完成
2025-08-14 21:27:35,232 - INFO - ✅ 20200806股票分红派息数据更新完成
2025-08-14 21:27:35,568 - INFO - ✅ 20200807股票分红派息数据更新完成
2025-08-14 21:27:35,899 - INFO - ✅ 20200808股票分红派息数据更新完成
2025-08-14 21:27:36,248 - INFO - ✅ 20200809股票分红派息数据更新完成
2025-08-14 21:27:36,585 - INFO - ✅ 20200810股票分红派息数据更新完成
2025-08-14 21:27:36,953 - INFO - ✅ 20200811股票分红派息数据更新完成
2025-08-14 21:27:37,249 - INFO - ✅ 20200812股票分红派息数据更新完成
2025-08-14 21:27:37,564 - INFO - ✅ 20200813股票分红派息数据更新完成
2025-08-14 21:27:37,897 - INFO - ✅ 20200814股票分红派息数据更新完成
2025-08-14 21:27:38,248 - INFO - ✅ 20200815股票分红派息数据更新完成
2025-08-14 21:27:38,565 - INFO - ✅ 20200816股票分红派息数据更新完成
2025-08-14 21:27:38,903 - INFO - ✅ 20200817股票分红派息数据更新完成
2025-08-14 21:27:39,250 - INFO - ✅ 20200818股票分红派息数据更新完成
2025-08-14 21:27:39,584 - INFO - ✅ 20200819股票分红派息数据更新完成
2025-08-14 21:27:39,916 - INFO - ✅ 20200820股票分红派息数据更新完成
2025-08-14 21:27:40,283 - INFO - ✅ 20200821股票分红派息数据更新完成
2025-08-14 21:27:40,595 - INFO - ✅ 20200822股票分红派息数据更新完成
2025-08-14 21:27:40,967 - INFO - ✅ 20200823股票分红派息数据更新完成
2025-08-14 21:27:41,483 - INFO - ✅ 20200824股票分红派息数据更新完成
2025-08-14 21:27:41,815 - INFO - ✅ 20200825股票分红派息数据更新完成
2025-08-14 21:27:42,133 - INFO - ✅ 20200826股票分红派息数据更新完成
2025-08-14 21:27:42,468 - INFO - ✅ 20200827股票分红派息数据更新完成
2025-08-14 21:27:42,815 - INFO - ✅ 20200828股票分红派息数据更新完成
2025-08-14 21:27:43,130 - INFO - ✅ 20200829股票分红派息数据更新完成
2025-08-14 21:27:43,499 - INFO - ✅ 20200830股票分红派息数据更新完成
2025-08-14 21:27:43,837 - INFO - ✅ 20200831股票分红派息数据更新完成
2025-08-14 21:27:44,166 - INFO - ✅ 20200901股票分红派息数据更新完成
2025-08-14 21:27:44,786 - INFO - ✅ 20200902股票分红派息数据更新完成
2025-08-14 21:27:45,123 - INFO - ✅ 20200903股票分红派息数据更新完成
2025-08-14 21:27:45,472 - INFO - ✅ 20200904股票分红派息数据更新完成
2025-08-14 21:27:45,830 - INFO - ✅ 20200905股票分红派息数据更新完成
2025-08-14 21:27:46,165 - INFO - ✅ 20200906股票分红派息数据更新完成
2025-08-14 21:27:46,500 - INFO - ✅ 20200907股票分红派息数据更新完成
2025-08-14 21:27:46,817 - INFO - ✅ 20200908股票分红派息数据更新完成
2025-08-14 21:27:47,137 - INFO - ✅ 20200909股票分红派息数据更新完成
2025-08-14 21:27:47,480 - INFO - ✅ 20200910股票分红派息数据更新完成
2025-08-14 21:27:47,814 - INFO - ✅ 20200911股票分红派息数据更新完成
2025-08-14 21:27:48,518 - INFO - ✅ 20200912股票分红派息数据更新完成
2025-08-14 21:27:48,849 - INFO - ✅ 20200913股票分红派息数据更新完成
2025-08-14 21:27:49,168 - INFO - ✅ 20200914股票分红派息数据更新完成
2025-08-14 21:27:49,533 - INFO - ✅ 20200915股票分红派息数据更新完成
2025-08-14 21:27:49,881 - INFO - ✅ 20200916股票分红派息数据更新完成
2025-08-14 21:27:50,201 - INFO - ✅ 20200917股票分红派息数据更新完成
2025-08-14 21:27:50,569 - INFO - ✅ 20200918股票分红派息数据更新完成
2025-08-14 21:27:50,900 - INFO - ✅ 20200919股票分红派息数据更新完成
2025-08-14 21:27:51,249 - INFO - ✅ 20200920股票分红派息数据更新完成
2025-08-14 21:27:51,601 - INFO - ✅ 20200921股票分红派息数据更新完成
2025-08-14 21:27:51,950 - INFO - ✅ 20200922股票分红派息数据更新完成
2025-08-14 21:27:52,298 - INFO - ✅ 20200923股票分红派息数据更新完成
2025-08-14 21:27:52,635 - INFO - ✅ 20200924股票分红派息数据更新完成
2025-08-14 21:27:52,979 - INFO - ✅ 20200925股票分红派息数据更新完成
2025-08-14 21:27:53,315 - INFO - ✅ 20200926股票分红派息数据更新完成
2025-08-14 21:27:53,649 - INFO - ✅ 20200927股票分红派息数据更新完成
2025-08-14 21:27:53,985 - INFO - ✅ 20200928股票分红派息数据更新完成
2025-08-14 21:27:54,655 - INFO - ✅ 20200929股票分红派息数据更新完成
2025-08-14 21:27:54,997 - INFO - ✅ 20200930股票分红派息数据更新完成
2025-08-14 21:27:55,349 - INFO - ✅ 20201001股票分红派息数据更新完成
2025-08-14 21:27:55,674 - INFO - ✅ 20201002股票分红派息数据更新完成
2025-08-14 21:27:56,049 - INFO - ✅ 20201003股票分红派息数据更新完成
2025-08-14 21:27:56,399 - INFO - ✅ 20201004股票分红派息数据更新完成
2025-08-14 21:27:56,765 - INFO - ✅ 20201005股票分红派息数据更新完成
2025-08-14 21:27:57,134 - INFO - ✅ 20201006股票分红派息数据更新完成
2025-08-14 21:27:57,499 - INFO - ✅ 20201007股票分红派息数据更新完成
2025-08-14 21:27:57,832 - INFO - ✅ 20201008股票分红派息数据更新完成
2025-08-14 21:27:58,216 - INFO - ✅ 20201009股票分红派息数据更新完成
2025-08-14 21:27:58,583 - INFO - ✅ 20201010股票分红派息数据更新完成
2025-08-14 21:27:58,934 - INFO - ✅ 20201011股票分红派息数据更新完成
2025-08-14 21:27:59,281 - INFO - ✅ 20201012股票分红派息数据更新完成
2025-08-14 21:27:59,630 - INFO - ✅ 20201013股票分红派息数据更新完成
2025-08-14 21:28:00,001 - INFO - ✅ 20201014股票分红派息数据更新完成
2025-08-14 21:28:00,337 - INFO - ✅ 20201015股票分红派息数据更新完成
2025-08-14 21:28:00,664 - INFO - ✅ 20201016股票分红派息数据更新完成
2025-08-14 21:28:01,066 - INFO - ✅ 20201017股票分红派息数据更新完成
2025-08-14 21:28:01,387 - INFO - ✅ 20201018股票分红派息数据更新完成
2025-08-14 21:28:01,684 - INFO - ✅ 20201019股票分红派息数据更新完成
2025-08-14 21:28:02,033 - INFO - ✅ 20201020股票分红派息数据更新完成
2025-08-14 21:28:02,368 - INFO - ✅ 20201021股票分红派息数据更新完成
2025-08-14 21:28:02,718 - INFO - ✅ 20201022股票分红派息数据更新完成
2025-08-14 21:28:03,034 - INFO - ✅ 20201023股票分红派息数据更新完成
2025-08-14 21:28:03,382 - INFO - ✅ 20201024股票分红派息数据更新完成
2025-08-14 21:28:03,701 - INFO - ✅ 20201025股票分红派息数据更新完成
2025-08-14 21:28:04,015 - INFO - ✅ 20201026股票分红派息数据更新完成
2025-08-14 21:28:04,332 - INFO - ✅ 20201027股票分红派息数据更新完成
2025-08-14 21:28:04,659 - INFO - ✅ 20201028股票分红派息数据更新完成
2025-08-14 21:28:04,984 - INFO - ✅ 20201029股票分红派息数据更新完成
2025-08-14 21:28:05,531 - INFO - ✅ 20201030股票分红派息数据更新完成
2025-08-14 21:28:05,833 - INFO - ✅ 20201031股票分红派息数据更新完成
2025-08-14 21:28:06,186 - INFO - ✅ 20201101股票分红派息数据更新完成
2025-08-14 21:28:06,542 - INFO - ✅ 20201102股票分红派息数据更新完成
2025-08-14 21:28:06,915 - INFO - ✅ 20201103股票分红派息数据更新完成
2025-08-14 21:28:07,283 - INFO - ✅ 20201104股票分红派息数据更新完成
2025-08-14 21:28:07,634 - INFO - ✅ 20201105股票分红派息数据更新完成
2025-08-14 21:28:11,065 - INFO - ✅ 20201106股票分红派息数据更新完成
2025-08-14 21:28:11,398 - INFO - ✅ 20201107股票分红派息数据更新完成
2025-08-14 21:28:11,741 - INFO - ✅ 20201108股票分红派息数据更新完成
2025-08-14 21:28:12,082 - INFO - ✅ 20201109股票分红派息数据更新完成
2025-08-14 21:28:12,415 - INFO - ✅ 20201110股票分红派息数据更新完成
2025-08-14 21:28:12,732 - INFO - ✅ 20201111股票分红派息数据更新完成
2025-08-14 21:28:13,046 - INFO - ✅ 20201112股票分红派息数据更新完成
2025-08-14 21:28:13,366 - INFO - ✅ 20201113股票分红派息数据更新完成
2025-08-14 21:28:13,998 - INFO - ✅ 20201114股票分红派息数据更新完成
2025-08-14 21:28:14,353 - INFO - ✅ 20201115股票分红派息数据更新完成
2025-08-14 21:28:14,697 - INFO - ✅ 20201116股票分红派息数据更新完成
2025-08-14 21:28:15,032 - INFO - ✅ 20201117股票分红派息数据更新完成
2025-08-14 21:28:15,398 - INFO - ✅ 20201118股票分红派息数据更新完成
2025-08-14 21:28:15,766 - INFO - ✅ 20201119股票分红派息数据更新完成
2025-08-14 21:28:16,132 - INFO - ✅ 20201120股票分红派息数据更新完成
2025-08-14 21:28:16,461 - INFO - ✅ 20201121股票分红派息数据更新完成
2025-08-14 21:28:16,800 - INFO - ✅ 20201122股票分红派息数据更新完成
2025-08-14 21:28:17,175 - INFO - ✅ 20201123股票分红派息数据更新完成
2025-08-14 21:28:17,499 - INFO - ✅ 20201124股票分红派息数据更新完成
2025-08-14 21:28:17,865 - INFO - ✅ 20201125股票分红派息数据更新完成
2025-08-14 21:28:18,213 - INFO - ✅ 20201126股票分红派息数据更新完成
2025-08-14 21:28:18,512 - INFO - ✅ 20201127股票分红派息数据更新完成
2025-08-14 21:28:18,880 - INFO - ✅ 20201128股票分红派息数据更新完成
2025-08-14 21:28:19,217 - INFO - ✅ 20201129股票分红派息数据更新完成
2025-08-14 21:28:19,534 - INFO - ✅ 20201130股票分红派息数据更新完成
2025-08-14 21:28:19,932 - INFO - ✅ 20201201股票分红派息数据更新完成
2025-08-14 21:28:20,298 - INFO - ✅ 20201202股票分红派息数据更新完成
2025-08-14 21:28:20,679 - INFO - ✅ 20201203股票分红派息数据更新完成
2025-08-14 21:28:20,964 - INFO - ✅ 20201204股票分红派息数据更新完成
2025-08-14 21:28:21,316 - INFO - ✅ 20201205股票分红派息数据更新完成
2025-08-14 21:28:21,665 - INFO - ✅ 20201206股票分红派息数据更新完成
2025-08-14 21:28:21,998 - INFO - ✅ 20201207股票分红派息数据更新完成
2025-08-14 21:28:22,330 - INFO - ✅ 20201208股票分红派息数据更新完成
2025-08-14 21:28:22,666 - INFO - ✅ 20201209股票分红派息数据更新完成
2025-08-14 21:28:22,997 - INFO - ✅ 20201210股票分红派息数据更新完成
2025-08-14 21:28:23,348 - INFO - ✅ 20201211股票分红派息数据更新完成
2025-08-14 21:28:23,667 - INFO - ✅ 20201212股票分红派息数据更新完成
2025-08-14 21:28:23,999 - INFO - ✅ 20201213股票分红派息数据更新完成
2025-08-14 21:28:24,317 - INFO - ✅ 20201214股票分红派息数据更新完成
2025-08-14 21:28:24,679 - INFO - ✅ 20201215股票分红派息数据更新完成
2025-08-14 21:28:25,047 - INFO - ✅ 20201216股票分红派息数据更新完成
2025-08-14 21:28:25,409 - INFO - ✅ 20201217股票分红派息数据更新完成
2025-08-14 21:28:25,747 - INFO - ✅ 20201218股票分红派息数据更新完成
2025-08-14 21:28:26,083 - INFO - ✅ 20201219股票分红派息数据更新完成
2025-08-14 21:28:26,431 - INFO - ✅ 20201220股票分红派息数据更新完成
2025-08-14 21:28:26,748 - INFO - ✅ 20201221股票分红派息数据更新完成
2025-08-14 21:28:27,126 - INFO - ✅ 20201222股票分红派息数据更新完成
2025-08-14 21:28:27,466 - INFO - ✅ 20201223股票分红派息数据更新完成
2025-08-14 21:28:27,832 - INFO - ✅ 20201224股票分红派息数据更新完成
2025-08-14 21:28:28,130 - INFO - ✅ 20201225股票分红派息数据更新完成
2025-08-14 21:28:28,515 - INFO - ✅ 20201226股票分红派息数据更新完成
2025-08-14 21:28:28,851 - INFO - ✅ 20201227股票分红派息数据更新完成
2025-08-14 21:28:29,165 - INFO - ✅ 20201228股票分红派息数据更新完成
2025-08-14 21:28:29,483 - INFO - ✅ 20201229股票分红派息数据更新完成
2025-08-14 21:28:29,784 - INFO - ✅ 20201230股票分红派息数据更新完成
2025-08-14 21:28:30,115 - INFO - ✅ 20201231股票分红派息数据更新完成
2025-08-14 21:28:30,498 - INFO - ✅ 20210101股票分红派息数据更新完成
2025-08-14 21:28:30,883 - INFO - ✅ 20210102股票分红派息数据更新完成
2025-08-14 21:28:31,233 - INFO - ✅ 20210103股票分红派息数据更新完成
2025-08-14 21:28:31,567 - INFO - ✅ 20210104股票分红派息数据更新完成
2025-08-14 21:28:32,181 - INFO - ✅ 20210105股票分红派息数据更新完成
2025-08-14 21:28:32,547 - INFO - ✅ 20210106股票分红派息数据更新完成
2025-08-14 21:28:32,867 - INFO - ✅ 20210107股票分红派息数据更新完成
2025-08-14 21:28:33,196 - INFO - ✅ 20210108股票分红派息数据更新完成
2025-08-14 21:28:33,514 - INFO - ✅ 20210109股票分红派息数据更新完成
2025-08-14 21:28:33,819 - INFO - ✅ 20210110股票分红派息数据更新完成
2025-08-14 21:28:34,183 - INFO - ✅ 20210111股票分红派息数据更新完成
2025-08-14 21:28:34,515 - INFO - ✅ 20210112股票分红派息数据更新完成
2025-08-14 21:28:34,898 - INFO - ✅ 20210113股票分红派息数据更新完成
2025-08-14 21:28:35,264 - INFO - ✅ 20210114股票分红派息数据更新完成
2025-08-14 21:28:35,630 - INFO - ✅ 20210115股票分红派息数据更新完成
2025-08-14 21:28:35,996 - INFO - ✅ 20210116股票分红派息数据更新完成
2025-08-14 21:28:36,334 - INFO - ✅ 20210117股票分红派息数据更新完成
2025-08-14 21:28:36,681 - INFO - ✅ 20210118股票分红派息数据更新完成
2025-08-14 21:28:36,984 - INFO - ✅ 20210119股票分红派息数据更新完成
2025-08-14 21:28:37,315 - INFO - ✅ 20210120股票分红派息数据更新完成
2025-08-14 21:28:37,650 - INFO - ✅ 20210121股票分红派息数据更新完成
2025-08-14 21:28:37,966 - INFO - ✅ 20210122股票分红派息数据更新完成
2025-08-14 21:28:38,447 - INFO - ✅ 20210123股票分红派息数据更新完成
2025-08-14 21:28:38,782 - INFO - ✅ 20210124股票分红派息数据更新完成
2025-08-14 21:28:39,116 - INFO - ✅ 20210125股票分红派息数据更新完成
2025-08-14 21:28:39,417 - INFO - ✅ 20210126股票分红派息数据更新完成
2025-08-14 21:28:39,782 - INFO - ✅ 20210127股票分红派息数据更新完成
2025-08-14 21:28:40,133 - INFO - ✅ 20210128股票分红派息数据更新完成
2025-08-14 21:28:40,518 - INFO - ✅ 20210129股票分红派息数据更新完成
2025-08-14 21:28:40,815 - INFO - ✅ 20210130股票分红派息数据更新完成
2025-08-14 21:28:41,147 - INFO - ✅ 20210131股票分红派息数据更新完成
2025-08-14 21:28:41,582 - INFO - ✅ 20210201股票分红派息数据更新完成
2025-08-14 21:28:41,918 - INFO - ✅ 20210202股票分红派息数据更新完成
2025-08-14 21:28:42,265 - INFO - ✅ 20210203股票分红派息数据更新完成
2025-08-14 21:28:42,599 - INFO - ✅ 20210204股票分红派息数据更新完成
2025-08-14 21:28:42,964 - INFO - ✅ 20210205股票分红派息数据更新完成
2025-08-14 21:28:43,265 - INFO - ✅ 20210206股票分红派息数据更新完成
2025-08-14 21:28:43,600 - INFO - ✅ 20210207股票分红派息数据更新完成
2025-08-14 21:28:43,949 - INFO - ✅ 20210208股票分红派息数据更新完成
2025-08-14 21:28:44,282 - INFO - ✅ 20210209股票分红派息数据更新完成
2025-08-14 21:28:44,600 - INFO - ✅ 20210210股票分红派息数据更新完成
2025-08-14 21:28:44,931 - INFO - ✅ 20210211股票分红派息数据更新完成
2025-08-14 21:28:45,266 - INFO - ✅ 20210212股票分红派息数据更新完成
2025-08-14 21:28:45,581 - INFO - ✅ 20210213股票分红派息数据更新完成
2025-08-14 21:28:45,915 - INFO - ✅ 20210214股票分红派息数据更新完成
2025-08-14 21:28:46,254 - INFO - ✅ 20210215股票分红派息数据更新完成
2025-08-14 21:28:46,583 - INFO - ✅ 20210216股票分红派息数据更新完成
2025-08-14 21:28:46,911 - INFO - ✅ 20210217股票分红派息数据更新完成
2025-08-14 21:28:47,231 - INFO - ✅ 20210218股票分红派息数据更新完成
2025-08-14 21:28:47,565 - INFO - ✅ 20210219股票分红派息数据更新完成
2025-08-14 21:28:47,881 - INFO - ✅ 20210220股票分红派息数据更新完成
2025-08-14 21:28:48,233 - INFO - ✅ 20210221股票分红派息数据更新完成
2025-08-14 21:28:48,598 - INFO - ✅ 20210222股票分红派息数据更新完成
2025-08-14 21:28:48,918 - INFO - ✅ 20210223股票分红派息数据更新完成
2025-08-14 21:28:49,247 - INFO - ✅ 20210224股票分红派息数据更新完成
2025-08-14 21:28:49,563 - INFO - ✅ 20210225股票分红派息数据更新完成
2025-08-14 21:28:49,896 - INFO - ✅ 20210226股票分红派息数据更新完成
2025-08-14 21:28:50,232 - INFO - ✅ 20210227股票分红派息数据更新完成
2025-08-14 21:28:50,549 - INFO - ✅ 20210228股票分红派息数据更新完成
2025-08-14 21:28:50,918 - INFO - ✅ 20210301股票分红派息数据更新完成
2025-08-14 21:28:51,281 - INFO - ✅ 20210302股票分红派息数据更新完成
2025-08-14 21:28:51,600 - INFO - ✅ 20210303股票分红派息数据更新完成
2025-08-14 21:28:51,966 - INFO - ✅ 20210304股票分红派息数据更新完成
2025-08-14 21:28:52,300 - INFO - ✅ 20210305股票分红派息数据更新完成
2025-08-14 21:28:52,615 - INFO - ✅ 20210306股票分红派息数据更新完成
2025-08-14 21:28:52,950 - INFO - ✅ 20210307股票分红派息数据更新完成
2025-08-14 21:28:53,298 - INFO - ✅ 20210308股票分红派息数据更新完成
2025-08-14 21:28:53,683 - INFO - ✅ 20210309股票分红派息数据更新完成
2025-08-14 21:28:54,016 - INFO - ✅ 20210310股票分红派息数据更新完成
2025-08-14 21:28:54,649 - INFO - ✅ 20210311股票分红派息数据更新完成
2025-08-14 21:28:54,967 - INFO - ✅ 20210312股票分红派息数据更新完成
2025-08-14 21:28:55,279 - INFO - ✅ 20210313股票分红派息数据更新完成
2025-08-14 21:28:55,616 - INFO - ✅ 20210314股票分红派息数据更新完成
2025-08-14 21:28:56,115 - INFO - ✅ 20210315股票分红派息数据更新完成
2025-08-14 21:28:56,430 - INFO - ✅ 20210316股票分红派息数据更新完成
2025-08-14 21:28:56,829 - INFO - ✅ 20210317股票分红派息数据更新完成
2025-08-14 21:28:57,166 - INFO - ✅ 20210318股票分红派息数据更新完成
2025-08-14 21:28:57,545 - INFO - ✅ 20210319股票分红派息数据更新完成
2025-08-14 21:28:57,881 - INFO - ✅ 20210320股票分红派息数据更新完成
2025-08-14 21:28:58,249 - INFO - ✅ 20210321股票分红派息数据更新完成
2025-08-14 21:28:58,596 - INFO - ✅ 20210322股票分红派息数据更新完成
2025-08-14 21:28:58,982 - INFO - ✅ 20210323股票分红派息数据更新完成
2025-08-14 21:28:59,316 - INFO - ✅ 20210324股票分红派息数据更新完成
2025-08-14 21:28:59,699 - INFO - ✅ 20210325股票分红派息数据更新完成
2025-08-14 21:29:00,016 - INFO - ✅ 20210326股票分红派息数据更新完成
2025-08-14 21:29:00,396 - INFO - ✅ 20210327股票分红派息数据更新完成
2025-08-14 21:29:00,697 - INFO - ✅ 20210328股票分红派息数据更新完成
2025-08-14 21:29:01,030 - INFO - ✅ 20210329股票分红派息数据更新完成
2025-08-14 21:29:01,366 - INFO - ✅ 20210330股票分红派息数据更新完成
2025-08-14 21:29:01,712 - INFO - ✅ 20210331股票分红派息数据更新完成
2025-08-14 21:29:02,036 - INFO - ✅ 20210401股票分红派息数据更新完成
2025-08-14 21:29:02,399 - INFO - ✅ 20210402股票分红派息数据更新完成
2025-08-14 21:29:02,714 - INFO - ✅ 20210403股票分红派息数据更新完成
2025-08-14 21:29:03,049 - INFO - ✅ 20210404股票分红派息数据更新完成
2025-08-14 21:29:03,381 - INFO - ✅ 20210405股票分红派息数据更新完成
2025-08-14 21:29:03,847 - INFO - ✅ 20210406股票分红派息数据更新完成
2025-08-14 21:29:04,213 - INFO - ✅ 20210407股票分红派息数据更新完成
2025-08-14 21:29:04,565 - INFO - ✅ 20210408股票分红派息数据更新完成
2025-08-14 21:29:04,934 - INFO - ✅ 20210409股票分红派息数据更新完成
2025-08-14 21:29:05,250 - INFO - ✅ 20210410股票分红派息数据更新完成
2025-08-14 21:29:05,596 - INFO - ✅ 20210411股票分红派息数据更新完成
2025-08-14 21:29:05,931 - INFO - ✅ 20210412股票分红派息数据更新完成
2025-08-14 21:29:06,322 - INFO - ✅ 20210413股票分红派息数据更新完成
2025-08-14 21:29:06,700 - INFO - ✅ 20210414股票分红派息数据更新完成
2025-08-14 21:29:07,054 - INFO - ✅ 20210415股票分红派息数据更新完成
2025-08-14 21:29:07,451 - INFO - ✅ 20210416股票分红派息数据更新完成
2025-08-14 21:29:07,819 - INFO - ✅ 20210417股票分红派息数据更新完成
2025-08-14 21:29:08,133 - INFO - ✅ 20210418股票分红派息数据更新完成
2025-08-14 21:29:08,468 - INFO - ✅ 20210419股票分红派息数据更新完成
2025-08-14 21:29:08,816 - INFO - ✅ 20210420股票分红派息数据更新完成
2025-08-14 21:29:09,149 - INFO - ✅ 20210421股票分红派息数据更新完成
2025-08-14 21:29:09,464 - INFO - ✅ 20210422股票分红派息数据更新完成
2025-08-14 21:29:09,783 - INFO - ✅ 20210423股票分红派息数据更新完成
2025-08-14 21:29:10,086 - INFO - ✅ 20210424股票分红派息数据更新完成
2025-08-14 21:29:10,420 - INFO - ✅ 20210425股票分红派息数据更新完成
2025-08-14 21:29:10,768 - INFO - ✅ 20210426股票分红派息数据更新完成
2025-08-14 21:29:11,118 - INFO - ✅ 20210427股票分红派息数据更新完成
2025-08-14 21:29:11,516 - INFO - ✅ 20210428股票分红派息数据更新完成
2025-08-14 21:29:12,032 - INFO - ✅ 20210429股票分红派息数据更新完成
2025-08-14 21:29:12,348 - INFO - ✅ 20210430股票分红派息数据更新完成
2025-08-14 21:29:12,683 - INFO - ✅ 20210501股票分红派息数据更新完成
2025-08-14 21:29:13,150 - INFO - ✅ 20210502股票分红派息数据更新完成
2025-08-14 21:29:13,487 - INFO - ✅ 20210503股票分红派息数据更新完成
2025-08-14 21:29:13,818 - INFO - ✅ 20210504股票分红派息数据更新完成
2025-08-14 21:29:14,199 - INFO - ✅ 20210505股票分红派息数据更新完成
2025-08-14 21:29:14,567 - INFO - ✅ 20210506股票分红派息数据更新完成
2025-08-14 21:29:14,883 - INFO - ✅ 20210507股票分红派息数据更新完成
2025-08-14 21:29:15,218 - INFO - ✅ 20210508股票分红派息数据更新完成
2025-08-14 21:29:15,567 - INFO - ✅ 20210509股票分红派息数据更新完成
2025-08-14 21:29:15,935 - INFO - ✅ 20210510股票分红派息数据更新完成
2025-08-14 21:29:16,264 - INFO - ✅ 20210511股票分红派息数据更新完成
2025-08-14 21:29:16,582 - INFO - ✅ 20210512股票分红派息数据更新完成
2025-08-14 21:29:16,912 - INFO - ✅ 20210513股票分红派息数据更新完成
2025-08-14 21:29:17,250 - INFO - ✅ 20210514股票分红派息数据更新完成
2025-08-14 21:29:17,564 - INFO - ✅ 20210515股票分红派息数据更新完成
2025-08-14 21:29:17,864 - INFO - ✅ 20210516股票分红派息数据更新完成
2025-08-14 21:29:18,229 - INFO - ✅ 20210517股票分红派息数据更新完成
2025-08-14 21:29:18,600 - INFO - ✅ 20210518股票分红派息数据更新完成
2025-08-14 21:29:18,947 - INFO - ✅ 20210519股票分红派息数据更新完成
2025-08-14 21:29:19,280 - INFO - ✅ 20210520股票分红派息数据更新完成
2025-08-14 21:29:19,649 - INFO - ✅ 20210521股票分红派息数据更新完成
2025-08-14 21:29:20,381 - INFO - ✅ 20210522股票分红派息数据更新完成
2025-08-14 21:29:20,847 - INFO - ✅ 20210523股票分红派息数据更新完成
2025-08-14 21:29:21,193 - INFO - ✅ 20210524股票分红派息数据更新完成
2025-08-14 21:29:21,516 - INFO - ✅ 20210525股票分红派息数据更新完成
2025-08-14 21:29:21,863 - INFO - ✅ 20210526股票分红派息数据更新完成
2025-08-14 21:29:22,176 - INFO - ✅ 20210527股票分红派息数据更新完成
2025-08-14 21:29:22,552 - INFO - ✅ 20210528股票分红派息数据更新完成
2025-08-14 21:29:22,897 - INFO - ✅ 20210529股票分红派息数据更新完成
2025-08-14 21:29:23,212 - INFO - ✅ 20210530股票分红派息数据更新完成
2025-08-14 21:29:23,549 - INFO - ✅ 20210531股票分红派息数据更新完成
2025-08-14 21:29:23,883 - INFO - ✅ 20210601股票分红派息数据更新完成
2025-08-14 21:29:24,232 - INFO - ✅ 20210602股票分红派息数据更新完成
2025-08-14 21:29:24,613 - INFO - ✅ 20210603股票分红派息数据更新完成
2025-08-14 21:29:24,981 - INFO - ✅ 20210604股票分红派息数据更新完成
2025-08-14 21:29:25,329 - INFO - ✅ 20210605股票分红派息数据更新完成
2025-08-14 21:29:25,698 - INFO - ✅ 20210606股票分红派息数据更新完成
2025-08-14 21:29:26,033 - INFO - ✅ 20210607股票分红派息数据更新完成
2025-08-14 21:29:26,330 - INFO - ✅ 20210608股票分红派息数据更新完成
2025-08-14 21:29:26,712 - INFO - ✅ 20210609股票分红派息数据更新完成
2025-08-14 21:29:27,030 - INFO - ✅ 20210610股票分红派息数据更新完成
2025-08-14 21:29:27,332 - INFO - ✅ 20210611股票分红派息数据更新完成
2025-08-14 21:29:27,649 - INFO - ✅ 20210612股票分红派息数据更新完成
2025-08-14 21:29:28,028 - INFO - ✅ 20210613股票分红派息数据更新完成
2025-08-14 21:29:28,362 - INFO - ✅ 20210614股票分红派息数据更新完成
2025-08-14 21:29:28,698 - INFO - ✅ 20210615股票分红派息数据更新完成
2025-08-14 21:29:29,047 - INFO - ✅ 20210616股票分红派息数据更新完成
2025-08-14 21:29:29,415 - INFO - ✅ 20210617股票分红派息数据更新完成
2025-08-14 21:29:29,735 - INFO - ✅ 20210618股票分红派息数据更新完成
2025-08-14 21:29:30,233 - INFO - ✅ 20210619股票分红派息数据更新完成
2025-08-14 21:29:30,565 - INFO - ✅ 20210620股票分红派息数据更新完成
2025-08-14 21:29:30,899 - INFO - ✅ 20210621股票分红派息数据更新完成
2025-08-14 21:29:31,249 - INFO - ✅ 20210622股票分红派息数据更新完成
2025-08-14 21:29:31,598 - INFO - ✅ 20210623股票分红派息数据更新完成
2025-08-14 21:29:31,934 - INFO - ✅ 20210624股票分红派息数据更新完成
2025-08-14 21:29:32,299 - INFO - ✅ 20210625股票分红派息数据更新完成
2025-08-14 21:29:32,668 - INFO - ✅ 20210626股票分红派息数据更新完成
2025-08-14 21:29:33,032 - INFO - ✅ 20210627股票分红派息数据更新完成
2025-08-14 21:29:33,397 - INFO - ✅ 20210628股票分红派息数据更新完成
2025-08-14 21:29:33,749 - INFO - ✅ 20210629股票分红派息数据更新完成
2025-08-14 21:29:34,116 - INFO - ✅ 20210630股票分红派息数据更新完成
2025-08-14 21:29:34,466 - INFO - ✅ 20210701股票分红派息数据更新完成
2025-08-14 21:29:34,831 - INFO - ✅ 20210702股票分红派息数据更新完成
2025-08-14 21:29:35,170 - INFO - ✅ 20210703股票分红派息数据更新完成
2025-08-14 21:29:35,499 - INFO - ✅ 20210704股票分红派息数据更新完成
2025-08-14 21:29:35,852 - INFO - ✅ 20210705股票分红派息数据更新完成
2025-08-14 21:29:36,216 - INFO - ✅ 20210706股票分红派息数据更新完成
2025-08-14 21:29:36,599 - INFO - ✅ 20210707股票分红派息数据更新完成
2025-08-14 21:29:36,911 - INFO - ✅ 20210708股票分红派息数据更新完成
2025-08-14 21:29:37,265 - INFO - ✅ 20210709股票分红派息数据更新完成
2025-08-14 21:29:37,632 - INFO - ✅ 20210710股票分红派息数据更新完成
2025-08-14 21:29:37,981 - INFO - ✅ 20210711股票分红派息数据更新完成
2025-08-14 21:29:38,304 - INFO - ✅ 20210712股票分红派息数据更新完成
2025-08-14 21:29:38,665 - INFO - ✅ 20210713股票分红派息数据更新完成
2025-08-14 21:29:39,017 - INFO - ✅ 20210714股票分红派息数据更新完成
2025-08-14 21:29:39,348 - INFO - ✅ 20210715股票分红派息数据更新完成
2025-08-14 21:29:39,746 - INFO - ✅ 20210716股票分红派息数据更新完成
2025-08-14 21:29:40,100 - INFO - ✅ 20210717股票分红派息数据更新完成
2025-08-14 21:29:40,412 - INFO - ✅ 20210718股票分红派息数据更新完成
2025-08-14 21:29:40,748 - INFO - ✅ 20210719股票分红派息数据更新完成
2025-08-14 21:29:41,047 - INFO - ✅ 20210720股票分红派息数据更新完成
2025-08-14 21:29:41,380 - INFO - ✅ 20210721股票分红派息数据更新完成
2025-08-14 21:29:41,730 - INFO - ✅ 20210722股票分红派息数据更新完成
2025-08-14 21:29:42,108 - INFO - ✅ 20210723股票分红派息数据更新完成
2025-08-14 21:29:42,432 - INFO - ✅ 20210724股票分红派息数据更新完成
2025-08-14 21:29:42,813 - INFO - ✅ 20210725股票分红派息数据更新完成
2025-08-14 21:29:43,246 - INFO - ✅ 20210726股票分红派息数据更新完成
2025-08-14 21:29:43,564 - INFO - ✅ 20210727股票分红派息数据更新完成
2025-08-14 21:29:43,908 - INFO - ✅ 20210728股票分红派息数据更新完成
2025-08-14 21:29:44,264 - INFO - ✅ 20210729股票分红派息数据更新完成
2025-08-14 21:29:44,581 - INFO - ✅ 20210730股票分红派息数据更新完成
2025-08-14 21:29:44,899 - INFO - ✅ 20210731股票分红派息数据更新完成
2025-08-14 21:29:45,249 - INFO - ✅ 20210801股票分红派息数据更新完成
2025-08-14 21:29:45,581 - INFO - ✅ 20210802股票分红派息数据更新完成
2025-08-14 21:29:45,966 - INFO - ✅ 20210803股票分红派息数据更新完成
2025-08-14 21:29:46,286 - INFO - ✅ 20210804股票分红派息数据更新完成
2025-08-14 21:29:46,648 - INFO - ✅ 20210805股票分红派息数据更新完成
2025-08-14 21:29:46,982 - INFO - ✅ 20210806股票分红派息数据更新完成
2025-08-14 21:29:47,365 - INFO - ✅ 20210807股票分红派息数据更新完成
2025-08-14 21:29:47,749 - INFO - ✅ 20210808股票分红派息数据更新完成
2025-08-14 21:29:48,131 - INFO - ✅ 20210809股票分红派息数据更新完成
2025-08-14 21:29:48,499 - INFO - ✅ 20210810股票分红派息数据更新完成
2025-08-14 21:29:48,866 - INFO - ✅ 20210811股票分红派息数据更新完成
2025-08-14 21:29:49,248 - INFO - ✅ 20210812股票分红派息数据更新完成
2025-08-14 21:29:50,220 - INFO - ✅ 20210813股票分红派息数据更新完成
2025-08-14 21:29:50,600 - INFO - ✅ 20210814股票分红派息数据更新完成
2025-08-14 21:29:50,937 - INFO - ✅ 20210815股票分红派息数据更新完成
2025-08-14 21:29:51,266 - INFO - ✅ 20210816股票分红派息数据更新完成
2025-08-14 21:29:51,650 - INFO - ✅ 20210817股票分红派息数据更新完成
2025-08-14 21:29:52,032 - INFO - ✅ 20210818股票分红派息数据更新完成
2025-08-14 21:29:52,398 - INFO - ✅ 20210819股票分红派息数据更新完成
2025-08-14 21:29:52,698 - INFO - ✅ 20210820股票分红派息数据更新完成
2025-08-14 21:29:53,065 - INFO - ✅ 20210821股票分红派息数据更新完成
2025-08-14 21:29:53,431 - INFO - ✅ 20210822股票分红派息数据更新完成
2025-08-14 21:29:53,801 - INFO - ✅ 20210823股票分红派息数据更新完成
2025-08-14 21:29:54,132 - INFO - ✅ 20210824股票分红派息数据更新完成
2025-08-14 21:29:54,448 - INFO - ✅ 20210825股票分红派息数据更新完成
2025-08-14 21:29:54,782 - INFO - ✅ 20210826股票分红派息数据更新完成
2025-08-14 21:29:55,115 - INFO - ✅ 20210827股票分红派息数据更新完成
2025-08-14 21:29:55,438 - INFO - ✅ 20210828股票分红派息数据更新完成
2025-08-14 21:29:55,766 - INFO - ✅ 20210829股票分红派息数据更新完成
2025-08-14 21:29:56,115 - INFO - ✅ 20210830股票分红派息数据更新完成
2025-08-14 21:29:56,485 - INFO - ✅ 20210831股票分红派息数据更新完成
2025-08-14 21:29:56,799 - INFO - ✅ 20210901股票分红派息数据更新完成
2025-08-14 21:29:57,148 - INFO - ✅ 20210902股票分红派息数据更新完成
2025-08-14 21:29:57,499 - INFO - ✅ 20210903股票分红派息数据更新完成
2025-08-14 21:29:57,837 - INFO - ✅ 20210904股票分红派息数据更新完成
2025-08-14 21:29:58,165 - INFO - ✅ 20210905股票分红派息数据更新完成
2025-08-14 21:29:59,181 - INFO - ✅ 20210906股票分红派息数据更新完成
2025-08-14 21:29:59,536 - INFO - ✅ 20210907股票分红派息数据更新完成
2025-08-14 21:29:59,888 - INFO - ✅ 20210908股票分红派息数据更新完成
2025-08-14 21:30:00,216 - INFO - ✅ 20210909股票分红派息数据更新完成
2025-08-14 21:30:00,581 - INFO - ✅ 20210910股票分红派息数据更新完成
2025-08-14 21:30:00,966 - INFO - ✅ 20210911股票分红派息数据更新完成
2025-08-14 21:30:01,316 - INFO - ✅ 20210912股票分红派息数据更新完成
2025-08-14 21:30:01,681 - INFO - ✅ 20210913股票分红派息数据更新完成
2025-08-14 21:30:02,014 - INFO - ✅ 20210914股票分红派息数据更新完成
2025-08-14 21:30:02,348 - INFO - ✅ 20210915股票分红派息数据更新完成
2025-08-14 21:30:02,715 - INFO - ✅ 20210916股票分红派息数据更新完成
2025-08-14 21:30:03,046 - INFO - ✅ 20210917股票分红派息数据更新完成
2025-08-14 21:30:03,400 - INFO - ✅ 20210918股票分红派息数据更新完成
2025-08-14 21:30:03,798 - INFO - ✅ 20210919股票分红派息数据更新完成
2025-08-14 21:30:04,182 - INFO - ✅ 20210920股票分红派息数据更新完成
2025-08-14 21:30:04,508 - INFO - ✅ 20210921股票分红派息数据更新完成
2025-08-14 21:30:04,885 - INFO - ✅ 20210922股票分红派息数据更新完成
2025-08-14 21:30:05,231 - INFO - ✅ 20210923股票分红派息数据更新完成
2025-08-14 21:30:07,133 - INFO - ✅ 20210924股票分红派息数据更新完成
2025-08-14 21:30:07,482 - INFO - ✅ 20210925股票分红派息数据更新完成
2025-08-14 21:30:07,830 - INFO - ✅ 20210926股票分红派息数据更新完成
2025-08-14 21:30:08,158 - INFO - ✅ 20210927股票分红派息数据更新完成
2025-08-14 21:30:08,516 - INFO - ✅ 20210928股票分红派息数据更新完成
2025-08-14 21:30:08,868 - INFO - ✅ 20210929股票分红派息数据更新完成
2025-08-14 21:30:09,231 - INFO - ✅ 20210930股票分红派息数据更新完成
2025-08-14 21:30:09,582 - INFO - ✅ 20211001股票分红派息数据更新完成
2025-08-14 21:30:09,884 - INFO - ✅ 20211002股票分红派息数据更新完成
2025-08-14 21:30:10,205 - INFO - ✅ 20211003股票分红派息数据更新完成
2025-08-14 21:30:10,566 - INFO - ✅ 20211004股票分红派息数据更新完成
2025-08-14 21:30:10,948 - INFO - ✅ 20211005股票分红派息数据更新完成
2025-08-14 21:30:11,281 - INFO - ✅ 20211006股票分红派息数据更新完成
2025-08-14 21:30:11,605 - INFO - ✅ 20211007股票分红派息数据更新完成
2025-08-14 21:30:11,923 - INFO - ✅ 20211008股票分红派息数据更新完成
2025-08-14 21:30:12,270 - INFO - ✅ 20211009股票分红派息数据更新完成
2025-08-14 21:30:13,114 - INFO - ✅ 20211010股票分红派息数据更新完成
2025-08-14 21:30:13,448 - INFO - ✅ 20211011股票分红派息数据更新完成
2025-08-14 21:30:13,806 - INFO - ✅ 20211012股票分红派息数据更新完成
2025-08-14 21:30:14,222 - INFO - ✅ 20211013股票分红派息数据更新完成
2025-08-14 21:30:14,581 - INFO - ✅ 20211014股票分红派息数据更新完成
2025-08-14 21:30:14,915 - INFO - ✅ 20211015股票分红派息数据更新完成
2025-08-14 21:30:15,254 - INFO - ✅ 20211016股票分红派息数据更新完成
2025-08-14 21:30:15,832 - INFO - ✅ 20211017股票分红派息数据更新完成
2025-08-14 21:30:16,205 - INFO - ✅ 20211018股票分红派息数据更新完成
2025-08-14 21:30:16,539 - INFO - ✅ 20211019股票分红派息数据更新完成
2025-08-14 21:30:16,916 - INFO - ✅ 20211020股票分红派息数据更新完成
2025-08-14 21:30:17,266 - INFO - ✅ 20211021股票分红派息数据更新完成
2025-08-14 21:30:17,597 - INFO - ✅ 20211022股票分红派息数据更新完成
2025-08-14 21:30:17,950 - INFO - ✅ 20211023股票分红派息数据更新完成
2025-08-14 21:30:18,267 - INFO - ✅ 20211024股票分红派息数据更新完成
2025-08-14 21:30:18,599 - INFO - ✅ 20211025股票分红派息数据更新完成
2025-08-14 21:30:18,949 - INFO - ✅ 20211026股票分红派息数据更新完成
2025-08-14 21:30:19,300 - INFO - ✅ 20211027股票分红派息数据更新完成
2025-08-14 21:30:19,632 - INFO - ✅ 20211028股票分红派息数据更新完成
2025-08-14 21:30:20,016 - INFO - ✅ 20211029股票分红派息数据更新完成
2025-08-14 21:30:20,365 - INFO - ✅ 20211030股票分红派息数据更新完成
2025-08-14 21:30:20,714 - INFO - ✅ 20211031股票分红派息数据更新完成
2025-08-14 21:30:21,098 - INFO - ✅ 20211101股票分红派息数据更新完成
2025-08-14 21:30:21,447 - INFO - ✅ 20211102股票分红派息数据更新完成
2025-08-14 21:30:21,798 - INFO - ✅ 20211103股票分红派息数据更新完成
2025-08-14 21:30:22,181 - INFO - ✅ 20211104股票分红派息数据更新完成
2025-08-14 21:30:22,515 - INFO - ✅ 20211105股票分红派息数据更新完成
2025-08-14 21:30:22,854 - INFO - ✅ 20211106股票分红派息数据更新完成
2025-08-14 21:30:23,198 - INFO - ✅ 20211107股票分红派息数据更新完成
2025-08-14 21:30:23,583 - INFO - ✅ 20211108股票分红派息数据更新完成
2025-08-14 21:30:23,965 - INFO - ✅ 20211109股票分红派息数据更新完成
2025-08-14 21:30:24,281 - INFO - ✅ 20211110股票分红派息数据更新完成
2025-08-14 21:30:24,648 - INFO - ✅ 20211111股票分红派息数据更新完成
2025-08-14 21:30:24,970 - INFO - ✅ 20211112股票分红派息数据更新完成
2025-08-14 21:30:25,281 - INFO - ✅ 20211113股票分红派息数据更新完成
2025-08-14 21:30:25,631 - INFO - ✅ 20211114股票分红派息数据更新完成
2025-08-14 21:30:25,936 - INFO - ✅ 20211115股票分红派息数据更新完成
2025-08-14 21:30:26,281 - INFO - ✅ 20211116股票分红派息数据更新完成
2025-08-14 21:30:26,665 - INFO - ✅ 20211117股票分红派息数据更新完成
2025-08-14 21:30:27,015 - INFO - ✅ 20211118股票分红派息数据更新完成
2025-08-14 21:30:27,348 - INFO - ✅ 20211119股票分红派息数据更新完成
2025-08-14 21:30:27,673 - INFO - ✅ 20211120股票分红派息数据更新完成
2025-08-14 21:30:27,969 - INFO - ✅ 20211121股票分红派息数据更新完成
2025-08-14 21:30:28,290 - INFO - ✅ 20211122股票分红派息数据更新完成
2025-08-14 21:30:28,617 - INFO - ✅ 20211123股票分红派息数据更新完成
2025-08-14 21:30:28,935 - INFO - ✅ 20211124股票分红派息数据更新完成
2025-08-14 21:30:29,269 - INFO - ✅ 20211125股票分红派息数据更新完成
2025-08-14 21:30:29,615 - INFO - ✅ 20211126股票分红派息数据更新完成
2025-08-14 21:30:29,948 - INFO - ✅ 20211127股票分红派息数据更新完成
2025-08-14 21:30:30,300 - INFO - ✅ 20211128股票分红派息数据更新完成
2025-08-14 21:30:30,648 - INFO - ✅ 20211129股票分红派息数据更新完成
2025-08-14 21:30:30,998 - INFO - ✅ 20211130股票分红派息数据更新完成
2025-08-14 21:30:31,364 - INFO - ✅ 20211201股票分红派息数据更新完成
2025-08-14 21:30:31,715 - INFO - ✅ 20211202股票分红派息数据更新完成
2025-08-14 21:30:32,086 - INFO - ✅ 20211203股票分红派息数据更新完成
2025-08-14 21:30:32,420 - INFO - ✅ 20211204股票分红派息数据更新完成
2025-08-14 21:30:32,767 - INFO - ✅ 20211205股票分红派息数据更新完成
2025-08-14 21:30:33,131 - INFO - ✅ 20211206股票分红派息数据更新完成
2025-08-14 21:30:33,485 - INFO - ✅ 20211207股票分红派息数据更新完成
2025-08-14 21:30:33,819 - INFO - ✅ 20211208股票分红派息数据更新完成
2025-08-14 21:30:34,148 - INFO - ✅ 20211209股票分红派息数据更新完成
2025-08-14 21:30:34,484 - INFO - ✅ 20211210股票分红派息数据更新完成
2025-08-14 21:30:34,816 - INFO - ✅ 20211211股票分红派息数据更新完成
2025-08-14 21:30:35,181 - INFO - ✅ 20211212股票分红派息数据更新完成
2025-08-14 21:30:35,531 - INFO - ✅ 20211213股票分红派息数据更新完成
2025-08-14 21:30:35,847 - INFO - ✅ 20211214股票分红派息数据更新完成
2025-08-14 21:30:36,156 - INFO - ✅ 20211215股票分红派息数据更新完成
2025-08-14 21:30:36,479 - INFO - ✅ 20211216股票分红派息数据更新完成
2025-08-14 21:30:36,784 - INFO - ✅ 20211217股票分红派息数据更新完成
2025-08-14 21:30:37,115 - INFO - ✅ 20211218股票分红派息数据更新完成
2025-08-14 21:30:37,430 - INFO - ✅ 20211219股票分红派息数据更新完成
2025-08-14 21:30:37,764 - INFO - ✅ 20211220股票分红派息数据更新完成
2025-08-14 21:30:38,099 - INFO - ✅ 20211221股票分红派息数据更新完成
2025-08-14 21:30:38,481 - INFO - ✅ 20211222股票分红派息数据更新完成
2025-08-14 21:30:38,815 - INFO - ✅ 20211223股票分红派息数据更新完成
2025-08-14 21:30:39,166 - INFO - ✅ 20211224股票分红派息数据更新完成
2025-08-14 21:30:39,515 - INFO - ✅ 20211225股票分红派息数据更新完成
2025-08-14 21:30:39,865 - INFO - ✅ 20211226股票分红派息数据更新完成
2025-08-14 21:30:40,215 - INFO - ✅ 20211227股票分红派息数据更新完成
2025-08-14 21:30:40,548 - INFO - ✅ 20211228股票分红派息数据更新完成
2025-08-14 21:30:41,269 - INFO - ✅ 20211229股票分红派息数据更新完成
2025-08-14 21:30:41,631 - INFO - ✅ 20211230股票分红派息数据更新完成
2025-08-14 21:30:41,988 - INFO - ✅ 20211231股票分红派息数据更新完成
2025-08-14 21:30:42,357 - INFO - ✅ 20220101股票分红派息数据更新完成
2025-08-14 21:30:42,718 - INFO - ✅ 20220102股票分红派息数据更新完成
2025-08-14 21:30:43,064 - INFO - ✅ 20220103股票分红派息数据更新完成
2025-08-14 21:30:43,415 - INFO - ✅ 20220104股票分红派息数据更新完成
2025-08-14 21:30:43,797 - INFO - ✅ 20220105股票分红派息数据更新完成
2025-08-14 21:30:44,130 - INFO - ✅ 20220106股票分红派息数据更新完成
2025-08-14 21:30:44,483 - INFO - ✅ 20220107股票分红派息数据更新完成
2025-08-14 21:30:44,813 - INFO - ✅ 20220108股票分红派息数据更新完成
2025-08-14 21:30:45,180 - INFO - ✅ 20220109股票分红派息数据更新完成
2025-08-14 21:30:45,514 - INFO - ✅ 20220110股票分红派息数据更新完成
2025-08-14 21:30:45,866 - INFO - ✅ 20220111股票分红派息数据更新完成
2025-08-14 21:30:46,249 - INFO - ✅ 20220112股票分红派息数据更新完成
2025-08-14 21:30:46,632 - INFO - ✅ 20220113股票分红派息数据更新完成
2025-08-14 21:30:46,997 - INFO - ✅ 20220114股票分红派息数据更新完成
2025-08-14 21:30:47,330 - INFO - ✅ 20220115股票分红派息数据更新完成
2025-08-14 21:30:47,750 - INFO - ✅ 20220116股票分红派息数据更新完成
2025-08-14 21:30:48,113 - INFO - ✅ 20220117股票分红派息数据更新完成
2025-08-14 21:30:48,480 - INFO - ✅ 20220118股票分红派息数据更新完成
2025-08-14 21:30:48,818 - INFO - ✅ 20220119股票分红派息数据更新完成
2025-08-14 21:30:49,296 - INFO - ✅ 20220120股票分红派息数据更新完成
2025-08-14 21:30:49,630 - INFO - ✅ 20220121股票分红派息数据更新完成
2025-08-14 21:30:49,996 - INFO - ✅ 20220122股票分红派息数据更新完成
2025-08-14 21:30:50,588 - INFO - ✅ 20220123股票分红派息数据更新完成
2025-08-14 21:30:50,915 - INFO - ✅ 20220124股票分红派息数据更新完成
2025-08-14 21:30:51,248 - INFO - ✅ 20220125股票分红派息数据更新完成
2025-08-14 21:30:51,597 - INFO - ✅ 20220126股票分红派息数据更新完成
2025-08-14 21:30:51,947 - INFO - ✅ 20220127股票分红派息数据更新完成
2025-08-14 21:30:52,317 - INFO - ✅ 20220128股票分红派息数据更新完成
2025-08-14 21:30:52,614 - INFO - ✅ 20220129股票分红派息数据更新完成
2025-08-14 21:30:52,964 - INFO - ✅ 20220130股票分红派息数据更新完成
2025-08-14 21:30:53,314 - INFO - ✅ 20220131股票分红派息数据更新完成
2025-08-14 21:30:53,648 - INFO - ✅ 20220201股票分红派息数据更新完成
2025-08-14 21:30:54,015 - INFO - ✅ 20220202股票分红派息数据更新完成
2025-08-14 21:30:54,347 - INFO - ✅ 20220203股票分红派息数据更新完成
2025-08-14 21:30:54,669 - INFO - ✅ 20220204股票分红派息数据更新完成
2025-08-14 21:30:55,017 - INFO - ✅ 20220205股票分红派息数据更新完成
2025-08-14 21:30:55,380 - INFO - ✅ 20220206股票分红派息数据更新完成
2025-08-14 21:30:55,816 - INFO - ✅ 20220207股票分红派息数据更新完成
2025-08-14 21:30:56,165 - INFO - ✅ 20220208股票分红派息数据更新完成
2025-08-14 21:30:56,498 - INFO - ✅ 20220209股票分红派息数据更新完成
2025-08-14 21:30:56,833 - INFO - ✅ 20220210股票分红派息数据更新完成
2025-08-14 21:30:57,163 - INFO - ✅ 20220211股票分红派息数据更新完成
2025-08-14 21:30:57,496 - INFO - ✅ 20220212股票分红派息数据更新完成
2025-08-14 21:30:57,865 - INFO - ✅ 20220213股票分红派息数据更新完成
2025-08-14 21:30:58,219 - INFO - ✅ 20220214股票分红派息数据更新完成
2025-08-14 21:30:58,580 - INFO - ✅ 20220215股票分红派息数据更新完成
2025-08-14 21:30:58,930 - INFO - ✅ 20220216股票分红派息数据更新完成
2025-08-14 21:30:59,314 - INFO - ✅ 20220217股票分红派息数据更新完成
2025-08-14 21:30:59,627 - INFO - ✅ 20220218股票分红派息数据更新完成
2025-08-14 21:30:59,965 - INFO - ✅ 20220219股票分红派息数据更新完成
2025-08-14 21:31:00,315 - INFO - ✅ 20220220股票分红派息数据更新完成
2025-08-14 21:31:00,686 - INFO - ✅ 20220221股票分红派息数据更新完成
2025-08-14 21:31:00,980 - INFO - ✅ 20220222股票分红派息数据更新完成
2025-08-14 21:31:01,314 - INFO - ✅ 20220223股票分红派息数据更新完成
2025-08-14 21:31:01,652 - INFO - ✅ 20220224股票分红派息数据更新完成
2025-08-14 21:31:01,980 - INFO - ✅ 20220225股票分红派息数据更新完成
2025-08-14 21:31:02,314 - INFO - ✅ 20220226股票分红派息数据更新完成
2025-08-14 21:31:02,665 - INFO - ✅ 20220227股票分红派息数据更新完成
2025-08-14 21:31:03,046 - INFO - ✅ 20220228股票分红派息数据更新完成
2025-08-14 21:31:03,380 - INFO - ✅ 20220301股票分红派息数据更新完成
2025-08-14 21:31:03,731 - INFO - ✅ 20220302股票分红派息数据更新完成
2025-08-14 21:31:04,082 - INFO - ✅ 20220303股票分红派息数据更新完成
2025-08-14 21:31:04,397 - INFO - ✅ 20220304股票分红派息数据更新完成
2025-08-14 21:31:04,747 - INFO - ✅ 20220305股票分红派息数据更新完成
2025-08-14 21:31:05,063 - INFO - ✅ 20220306股票分红派息数据更新完成
2025-08-14 21:31:05,447 - INFO - ✅ 20220307股票分红派息数据更新完成
2025-08-14 21:31:05,832 - INFO - ✅ 20220308股票分红派息数据更新完成
2025-08-14 21:31:06,180 - INFO - ✅ 20220309股票分红派息数据更新完成
2025-08-14 21:31:06,497 - INFO - ✅ 20220310股票分红派息数据更新完成
2025-08-14 21:31:06,830 - INFO - ✅ 20220311股票分红派息数据更新完成
2025-08-14 21:31:07,180 - INFO - ✅ 20220312股票分红派息数据更新完成
2025-08-14 21:31:07,562 - INFO - ✅ 20220313股票分红派息数据更新完成
2025-08-14 21:31:07,914 - INFO - ✅ 20220314股票分红派息数据更新完成
2025-08-14 21:31:08,232 - INFO - ✅ 20220315股票分红派息数据更新完成
2025-08-14 21:31:08,675 - INFO - ✅ 20220316股票分红派息数据更新完成
2025-08-14 21:31:09,030 - INFO - ✅ 20220317股票分红派息数据更新完成
2025-08-14 21:31:09,348 - INFO - ✅ 20220318股票分红派息数据更新完成
2025-08-14 21:31:09,680 - INFO - ✅ 20220319股票分红派息数据更新完成
2025-08-14 21:31:10,047 - INFO - ✅ 20220320股票分红派息数据更新完成
2025-08-14 21:31:10,347 - INFO - ✅ 20220321股票分红派息数据更新完成
2025-08-14 21:31:10,680 - INFO - ✅ 20220322股票分红派息数据更新完成
2025-08-14 21:31:11,078 - INFO - ✅ 20220323股票分红派息数据更新完成
2025-08-14 21:31:11,380 - INFO - ✅ 20220324股票分红派息数据更新完成
2025-08-14 21:31:11,731 - INFO - ✅ 20220325股票分红派息数据更新完成
2025-08-14 21:31:12,096 - INFO - ✅ 20220326股票分红派息数据更新完成
2025-08-14 21:31:12,415 - INFO - ✅ 20220327股票分红派息数据更新完成
2025-08-14 21:31:12,736 - INFO - ✅ 20220328股票分红派息数据更新完成
2025-08-14 21:31:13,080 - INFO - ✅ 20220329股票分红派息数据更新完成
2025-08-14 21:31:13,419 - INFO - ✅ 20220330股票分红派息数据更新完成
2025-08-14 21:31:13,732 - INFO - ✅ 20220331股票分红派息数据更新完成
2025-08-14 21:31:14,069 - INFO - ✅ 20220401股票分红派息数据更新完成
2025-08-14 21:31:14,412 - INFO - ✅ 20220402股票分红派息数据更新完成
2025-08-14 21:31:14,730 - INFO - ✅ 20220403股票分红派息数据更新完成
2025-08-14 21:31:15,081 - INFO - ✅ 20220404股票分红派息数据更新完成
2025-08-14 21:31:15,461 - INFO - ✅ 20220405股票分红派息数据更新完成
2025-08-14 21:31:16,103 - INFO - ✅ 20220406股票分红派息数据更新完成
2025-08-14 21:31:16,472 - INFO - ✅ 20220407股票分红派息数据更新完成
2025-08-14 21:31:16,767 - INFO - ✅ 20220408股票分红派息数据更新完成
2025-08-14 21:31:17,085 - INFO - ✅ 20220409股票分红派息数据更新完成
2025-08-14 21:31:17,412 - INFO - ✅ 20220410股票分红派息数据更新完成
2025-08-14 21:31:17,764 - INFO - ✅ 20220411股票分红派息数据更新完成
2025-08-14 21:31:18,099 - INFO - ✅ 20220412股票分红派息数据更新完成
2025-08-14 21:31:18,418 - INFO - ✅ 20220413股票分红派息数据更新完成
2025-08-14 21:31:18,747 - INFO - ✅ 20220414股票分红派息数据更新完成
2025-08-14 21:31:19,079 - INFO - ✅ 20220415股票分红派息数据更新完成
2025-08-14 21:31:19,463 - INFO - ✅ 20220416股票分红派息数据更新完成
2025-08-14 21:31:19,831 - INFO - ✅ 20220417股票分红派息数据更新完成
2025-08-14 21:31:20,196 - INFO - ✅ 20220418股票分红派息数据更新完成
2025-08-14 21:31:20,530 - INFO - ✅ 20220419股票分红派息数据更新完成
2025-08-14 21:31:20,868 - INFO - ✅ 20220420股票分红派息数据更新完成
2025-08-14 21:31:21,213 - INFO - ✅ 20220421股票分红派息数据更新完成
2025-08-14 21:31:21,549 - INFO - ✅ 20220422股票分红派息数据更新完成
2025-08-14 21:31:21,914 - INFO - ✅ 20220423股票分红派息数据更新完成
2025-08-14 21:31:22,231 - INFO - ✅ 20220424股票分红派息数据更新完成
2025-08-14 21:31:22,547 - INFO - ✅ 20220425股票分红派息数据更新完成
2025-08-14 21:31:22,864 - INFO - ✅ 20220426股票分红派息数据更新完成
2025-08-14 21:31:23,233 - INFO - ✅ 20220427股票分红派息数据更新完成
2025-08-14 21:31:23,668 - INFO - ✅ 20220428股票分红派息数据更新完成
2025-08-14 21:31:24,014 - INFO - ✅ 20220429股票分红派息数据更新完成
2025-08-14 21:31:24,381 - INFO - ✅ 20220430股票分红派息数据更新完成
2025-08-14 21:31:24,713 - INFO - ✅ 20220501股票分红派息数据更新完成
2025-08-14 21:31:25,046 - INFO - ✅ 20220502股票分红派息数据更新完成
2025-08-14 21:31:25,445 - INFO - ✅ 20220503股票分红派息数据更新完成
2025-08-14 21:31:25,771 - INFO - ✅ 20220504股票分红派息数据更新完成
2025-08-14 21:31:26,107 - INFO - ✅ 20220505股票分红派息数据更新完成
2025-08-14 21:31:26,464 - INFO - ✅ 20220506股票分红派息数据更新完成
2025-08-14 21:31:26,797 - INFO - ✅ 20220507股票分红派息数据更新完成
2025-08-14 21:31:27,135 - INFO - ✅ 20220508股票分红派息数据更新完成
2025-08-14 21:31:27,513 - INFO - ✅ 20220509股票分红派息数据更新完成
2025-08-14 21:31:27,846 - INFO - ✅ 20220510股票分红派息数据更新完成
2025-08-14 21:31:28,181 - INFO - ✅ 20220511股票分红派息数据更新完成
2025-08-14 21:31:28,499 - INFO - ✅ 20220512股票分红派息数据更新完成
2025-08-14 21:31:28,831 - INFO - ✅ 20220513股票分红派息数据更新完成
2025-08-14 21:31:29,164 - INFO - ✅ 20220514股票分红派息数据更新完成
2025-08-14 21:31:29,513 - INFO - ✅ 20220515股票分红派息数据更新完成
2025-08-14 21:31:29,896 - INFO - ✅ 20220516股票分红派息数据更新完成
2025-08-14 21:31:30,208 - INFO - ✅ 20220517股票分红派息数据更新完成
2025-08-14 21:31:30,563 - INFO - ✅ 20220518股票分红派息数据更新完成
2025-08-14 21:31:30,929 - INFO - ✅ 20220519股票分红派息数据更新完成
2025-08-14 21:31:31,287 - INFO - ✅ 20220520股票分红派息数据更新完成
2025-08-14 21:31:31,612 - INFO - ✅ 20220521股票分红派息数据更新完成
2025-08-14 21:31:31,964 - INFO - ✅ 20220522股票分红派息数据更新完成
2025-08-14 21:31:32,284 - INFO - ✅ 20220523股票分红派息数据更新完成
2025-08-14 21:31:32,611 - INFO - ✅ 20220524股票分红派息数据更新完成
2025-08-14 21:31:32,978 - INFO - ✅ 20220525股票分红派息数据更新完成
2025-08-14 21:31:33,289 - INFO - ✅ 20220526股票分红派息数据更新完成
2025-08-14 21:31:33,663 - INFO - ✅ 20220527股票分红派息数据更新完成
2025-08-14 21:31:34,013 - INFO - ✅ 20220528股票分红派息数据更新完成
2025-08-14 21:31:34,397 - INFO - ✅ 20220529股票分红派息数据更新完成
2025-08-14 21:31:34,778 - INFO - ✅ 20220530股票分红派息数据更新完成
2025-08-14 21:31:35,098 - INFO - ✅ 20220531股票分红派息数据更新完成
2025-08-14 21:31:35,464 - INFO - ✅ 20220601股票分红派息数据更新完成
2025-08-14 21:31:35,786 - INFO - ✅ 20220602股票分红派息数据更新完成
2025-08-14 21:31:36,146 - INFO - ✅ 20220603股票分红派息数据更新完成
2025-08-14 21:31:36,479 - INFO - ✅ 20220604股票分红派息数据更新完成
2025-08-14 21:31:36,802 - INFO - ✅ 20220605股票分红派息数据更新完成
2025-08-14 21:31:37,179 - INFO - ✅ 20220606股票分红派息数据更新完成
2025-08-14 21:31:37,531 - INFO - ✅ 20220607股票分红派息数据更新完成
2025-08-14 21:31:37,863 - INFO - ✅ 20220608股票分红派息数据更新完成
2025-08-14 21:31:38,213 - INFO - ✅ 20220609股票分红派息数据更新完成
2025-08-14 21:31:38,533 - INFO - ✅ 20220610股票分红派息数据更新完成
2025-08-14 21:31:38,867 - INFO - ✅ 20220611股票分红派息数据更新完成
2025-08-14 21:31:39,216 - INFO - ✅ 20220612股票分红派息数据更新完成
2025-08-14 21:31:39,563 - INFO - ✅ 20220613股票分红派息数据更新完成
2025-08-14 21:31:39,895 - INFO - ✅ 20220614股票分红派息数据更新完成
2025-08-14 21:31:40,264 - INFO - ✅ 20220615股票分红派息数据更新完成
2025-08-14 21:31:40,602 - INFO - ✅ 20220616股票分红派息数据更新完成
2025-08-14 21:31:40,936 - INFO - ✅ 20220617股票分红派息数据更新完成
2025-08-14 21:31:41,279 - INFO - ✅ 20220618股票分红派息数据更新完成
2025-08-14 21:31:41,646 - INFO - ✅ 20220619股票分红派息数据更新完成
2025-08-14 21:31:41,996 - INFO - ✅ 20220620股票分红派息数据更新完成
2025-08-14 21:31:42,335 - INFO - ✅ 20220621股票分红派息数据更新完成
2025-08-14 21:31:42,663 - INFO - ✅ 20220622股票分红派息数据更新完成
2025-08-14 21:31:42,997 - INFO - ✅ 20220623股票分红派息数据更新完成
2025-08-14 21:31:43,384 - INFO - ✅ 20220624股票分红派息数据更新完成
2025-08-14 21:31:43,732 - INFO - ✅ 20220625股票分红派息数据更新完成
2025-08-14 21:31:44,068 - INFO - ✅ 20220626股票分红派息数据更新完成
2025-08-14 21:31:44,401 - INFO - ✅ 20220627股票分红派息数据更新完成
2025-08-14 21:31:44,712 - INFO - ✅ 20220628股票分红派息数据更新完成
2025-08-14 21:31:45,045 - INFO - ✅ 20220629股票分红派息数据更新完成
2025-08-14 21:31:45,355 - INFO - ✅ 20220630股票分红派息数据更新完成
2025-08-14 21:31:45,668 - INFO - ✅ 20220701股票分红派息数据更新完成
2025-08-14 21:31:45,996 - INFO - ✅ 20220702股票分红派息数据更新完成
2025-08-14 21:31:46,296 - INFO - ✅ 20220703股票分红派息数据更新完成
2025-08-14 21:31:46,629 - INFO - ✅ 20220704股票分红派息数据更新完成
2025-08-14 21:31:46,963 - INFO - ✅ 20220705股票分红派息数据更新完成
2025-08-14 21:31:47,314 - INFO - ✅ 20220706股票分红派息数据更新完成
2025-08-14 21:31:47,646 - INFO - ✅ 20220707股票分红派息数据更新完成
2025-08-14 21:31:47,996 - INFO - ✅ 20220708股票分红派息数据更新完成
2025-08-14 21:31:48,329 - INFO - ✅ 20220709股票分红派息数据更新完成
2025-08-14 21:31:48,695 - INFO - ✅ 20220710股票分红派息数据更新完成
2025-08-14 21:31:49,030 - INFO - ✅ 20220711股票分红派息数据更新完成
2025-08-14 21:31:49,605 - INFO - ✅ 20220712股票分红派息数据更新完成
2025-08-14 21:31:50,013 - INFO - ✅ 20220713股票分红派息数据更新完成
2025-08-14 21:31:50,345 - INFO - ✅ 20220714股票分红派息数据更新完成
2025-08-14 21:31:50,674 - INFO - ✅ 20220715股票分红派息数据更新完成
2025-08-14 21:31:51,014 - INFO - ✅ 20220716股票分红派息数据更新完成
2025-08-14 21:31:51,329 - INFO - ✅ 20220717股票分红派息数据更新完成
2025-08-14 21:31:51,663 - INFO - ✅ 20220718股票分红派息数据更新完成
2025-08-14 21:31:52,002 - INFO - ✅ 20220719股票分红派息数据更新完成
2025-08-14 21:31:52,378 - INFO - ✅ 20220720股票分红派息数据更新完成
2025-08-14 21:31:52,684 - INFO - ✅ 20220721股票分红派息数据更新完成
2025-08-14 21:31:53,012 - INFO - ✅ 20220722股票分红派息数据更新完成
2025-08-14 21:31:53,332 - INFO - ✅ 20220723股票分红派息数据更新完成
2025-08-14 21:31:53,685 - INFO - ✅ 20220724股票分红派息数据更新完成
2025-08-14 21:31:54,013 - INFO - ✅ 20220725股票分红派息数据更新完成
2025-08-14 21:31:54,363 - INFO - ✅ 20220726股票分红派息数据更新完成
2025-08-14 21:31:54,714 - INFO - ✅ 20220727股票分红派息数据更新完成
2025-08-14 21:31:55,060 - INFO - ✅ 20220728股票分红派息数据更新完成
2025-08-14 21:31:55,396 - INFO - ✅ 20220729股票分红派息数据更新完成
2025-08-14 21:31:55,729 - INFO - ✅ 20220730股票分红派息数据更新完成
2025-08-14 21:31:56,053 - INFO - ✅ 20220731股票分红派息数据更新完成
2025-08-14 21:31:56,412 - INFO - ✅ 20220801股票分红派息数据更新完成
2025-08-14 21:31:56,732 - INFO - ✅ 20220802股票分红派息数据更新完成
2025-08-14 21:31:57,062 - INFO - ✅ 20220803股票分红派息数据更新完成
2025-08-14 21:31:57,395 - INFO - ✅ 20220804股票分红派息数据更新完成
2025-08-14 21:31:57,763 - INFO - ✅ 20220805股票分红派息数据更新完成
2025-08-14 21:31:58,162 - INFO - ✅ 20220806股票分红派息数据更新完成
2025-08-14 21:31:58,514 - INFO - ✅ 20220807股票分红派息数据更新完成
2025-08-14 21:31:58,861 - INFO - ✅ 20220808股票分红派息数据更新完成
2025-08-14 21:31:59,229 - INFO - ✅ 20220809股票分红派息数据更新完成
2025-08-14 21:31:59,529 - INFO - ✅ 20220810股票分红派息数据更新完成
2025-08-14 21:31:59,854 - INFO - ✅ 20220811股票分红派息数据更新完成
2025-08-14 21:32:00,182 - INFO - ✅ 20220812股票分红派息数据更新完成
2025-08-14 21:32:00,534 - INFO - ✅ 20220813股票分红派息数据更新完成
2025-08-14 21:32:00,880 - INFO - ✅ 20220814股票分红派息数据更新完成
2025-08-14 21:32:01,213 - INFO - ✅ 20220815股票分红派息数据更新完成
2025-08-14 21:32:01,535 - INFO - ✅ 20220816股票分红派息数据更新完成
2025-08-14 21:32:01,914 - INFO - ✅ 20220817股票分红派息数据更新完成
2025-08-14 21:32:02,262 - INFO - ✅ 20220818股票分红派息数据更新完成
2025-08-14 21:32:02,644 - INFO - ✅ 20220819股票分红派息数据更新完成
2025-08-14 21:32:02,963 - INFO - ✅ 20220820股票分红派息数据更新完成
2025-08-14 21:32:03,284 - INFO - ✅ 20220821股票分红派息数据更新完成
2025-08-14 21:32:03,629 - INFO - ✅ 20220822股票分红派息数据更新完成
2025-08-14 21:32:04,064 - INFO - ✅ 20220823股票分红派息数据更新完成
2025-08-14 21:32:04,447 - INFO - ✅ 20220824股票分红派息数据更新完成
2025-08-14 21:32:04,779 - INFO - ✅ 20220825股票分红派息数据更新完成
2025-08-14 21:32:05,110 - INFO - ✅ 20220826股票分红派息数据更新完成
2025-08-14 21:32:05,430 - INFO - ✅ 20220827股票分红派息数据更新完成
2025-08-14 21:32:05,779 - INFO - ✅ 20220828股票分红派息数据更新完成
2025-08-14 21:32:06,160 - INFO - ✅ 20220829股票分红派息数据更新完成
2025-08-14 21:32:06,495 - INFO - ✅ 20220830股票分红派息数据更新完成
2025-08-14 21:32:06,800 - INFO - ✅ 20220831股票分红派息数据更新完成
2025-08-14 21:32:07,129 - INFO - ✅ 20220901股票分红派息数据更新完成
2025-08-14 21:32:07,513 - INFO - ✅ 20220902股票分红派息数据更新完成
2025-08-14 21:32:07,854 - INFO - ✅ 20220903股票分红派息数据更新完成
2025-08-14 21:32:08,197 - INFO - ✅ 20220904股票分红派息数据更新完成
2025-08-14 21:32:08,529 - INFO - ✅ 20220905股票分红派息数据更新完成
2025-08-14 21:32:08,878 - INFO - ✅ 20220906股票分红派息数据更新完成
2025-08-14 21:32:09,263 - INFO - ✅ 20220907股票分红派息数据更新完成
2025-08-14 21:32:09,597 - INFO - ✅ 20220908股票分红派息数据更新完成
2025-08-14 21:32:09,929 - INFO - ✅ 20220909股票分红派息数据更新完成
2025-08-14 21:32:10,280 - INFO - ✅ 20220910股票分红派息数据更新完成
2025-08-14 21:32:10,602 - INFO - ✅ 20220911股票分红派息数据更新完成
2025-08-14 21:32:10,979 - INFO - ✅ 20220912股票分红派息数据更新完成
2025-08-14 21:32:11,364 - INFO - ✅ 20220913股票分红派息数据更新完成
2025-08-14 21:32:11,730 - INFO - ✅ 20220914股票分红派息数据更新完成
2025-08-14 21:32:12,064 - INFO - ✅ 20220915股票分红派息数据更新完成
2025-08-14 21:32:12,383 - INFO - ✅ 20220916股票分红派息数据更新完成
2025-08-14 21:32:12,697 - INFO - ✅ 20220917股票分红派息数据更新完成
2025-08-14 21:32:13,020 - INFO - ✅ 20220918股票分红派息数据更新完成
2025-08-14 21:32:13,361 - INFO - ✅ 20220919股票分红派息数据更新完成
2025-08-14 21:32:13,730 - INFO - ✅ 20220920股票分红派息数据更新完成
2025-08-14 21:32:14,062 - INFO - ✅ 20220921股票分红派息数据更新完成
2025-08-14 21:32:14,384 - INFO - ✅ 20220922股票分红派息数据更新完成
2025-08-14 21:32:14,746 - INFO - ✅ 20220923股票分红派息数据更新完成
2025-08-14 21:32:15,144 - INFO - ✅ 20220924股票分红派息数据更新完成
2025-08-14 21:32:15,502 - INFO - ✅ 20220925股票分红派息数据更新完成
2025-08-14 21:32:15,862 - INFO - ✅ 20220926股票分红派息数据更新完成
2025-08-14 21:32:16,246 - INFO - ✅ 20220927股票分红派息数据更新完成
2025-08-14 21:32:16,580 - INFO - ✅ 20220928股票分红派息数据更新完成
2025-08-14 21:32:16,945 - INFO - ✅ 20220929股票分红派息数据更新完成
2025-08-14 21:32:17,311 - INFO - ✅ 20220930股票分红派息数据更新完成
2025-08-14 21:32:17,612 - INFO - ✅ 20221001股票分红派息数据更新完成
2025-08-14 21:32:17,950 - INFO - ✅ 20221002股票分红派息数据更新完成
2025-08-14 21:32:18,312 - INFO - ✅ 20221003股票分红派息数据更新完成
2025-08-14 21:32:18,618 - INFO - ✅ 20221004股票分红派息数据更新完成
2025-08-14 21:32:18,995 - INFO - ✅ 20221005股票分红派息数据更新完成
2025-08-14 21:32:19,345 - INFO - ✅ 20221006股票分红派息数据更新完成
2025-08-14 21:32:19,675 - INFO - ✅ 20221007股票分红派息数据更新完成
2025-08-14 21:32:20,296 - INFO - ✅ 20221008股票分红派息数据更新完成
2025-08-14 21:32:20,664 - INFO - ✅ 20221009股票分红派息数据更新完成
2025-08-14 21:32:21,003 - INFO - ✅ 20221010股票分红派息数据更新完成
2025-08-14 21:32:21,350 - INFO - ✅ 20221011股票分红派息数据更新完成
2025-08-14 21:32:21,681 - INFO - ✅ 20221012股票分红派息数据更新完成
2025-08-14 21:32:22,012 - INFO - ✅ 20221013股票分红派息数据更新完成
2025-08-14 21:32:22,494 - INFO - ✅ 20221014股票分红派息数据更新完成
2025-08-14 21:32:23,116 - INFO - ✅ 20221015股票分红派息数据更新完成
2025-08-14 21:32:23,445 - INFO - ✅ 20221016股票分红派息数据更新完成
2025-08-14 21:32:23,778 - INFO - ✅ 20221017股票分红派息数据更新完成
2025-08-14 21:32:24,113 - INFO - ✅ 20221018股票分红派息数据更新完成
2025-08-14 21:32:24,446 - INFO - ✅ 20221019股票分红派息数据更新完成
2025-08-14 21:32:24,814 - INFO - ✅ 20221020股票分红派息数据更新完成
2025-08-14 21:32:25,245 - INFO - ✅ 20221021股票分红派息数据更新完成
2025-08-14 21:32:25,562 - INFO - ✅ 20221022股票分红派息数据更新完成
2025-08-14 21:32:25,915 - INFO - ✅ 20221023股票分红派息数据更新完成
2025-08-14 21:32:26,289 - INFO - ✅ 20221024股票分红派息数据更新完成
2025-08-14 21:32:26,628 - INFO - ✅ 20221025股票分红派息数据更新完成
2025-08-14 21:32:26,977 - INFO - ✅ 20221026股票分红派息数据更新完成
2025-08-14 21:32:27,315 - INFO - ✅ 20221027股票分红派息数据更新完成
2025-08-14 21:32:27,636 - INFO - ✅ 20221028股票分红派息数据更新完成
2025-08-14 21:32:27,936 - INFO - ✅ 20221029股票分红派息数据更新完成
2025-08-14 21:32:28,265 - INFO - ✅ 20221030股票分红派息数据更新完成
2025-08-14 21:32:28,595 - INFO - ✅ 20221031股票分红派息数据更新完成
2025-08-14 21:32:28,936 - INFO - ✅ 20221101股票分红派息数据更新完成
2025-08-14 21:32:29,312 - INFO - ✅ 20221102股票分红派息数据更新完成
2025-08-14 21:32:29,632 - INFO - ✅ 20221103股票分红派息数据更新完成
2025-08-14 21:32:29,995 - INFO - ✅ 20221104股票分红派息数据更新完成
2025-08-14 21:32:30,294 - INFO - ✅ 20221105股票分红派息数据更新完成
2025-08-14 21:32:30,648 - INFO - ✅ 20221106股票分红派息数据更新完成
2025-08-14 21:32:30,996 - INFO - ✅ 20221107股票分红派息数据更新完成
2025-08-14 21:32:31,350 - INFO - ✅ 20221108股票分红派息数据更新完成
2025-08-14 21:32:31,711 - INFO - ✅ 20221109股票分红派息数据更新完成
2025-08-14 21:32:32,078 - INFO - ✅ 20221110股票分红派息数据更新完成
2025-08-14 21:32:32,428 - INFO - ✅ 20221111股票分红派息数据更新完成
2025-08-14 21:32:32,783 - INFO - ✅ 20221112股票分红派息数据更新完成
2025-08-14 21:32:33,130 - INFO - ✅ 20221113股票分红派息数据更新完成
2025-08-14 21:32:33,452 - INFO - ✅ 20221114股票分红派息数据更新完成
2025-08-14 21:32:33,813 - INFO - ✅ 20221115股票分红派息数据更新完成
2025-08-14 21:32:34,130 - INFO - ✅ 20221116股票分红派息数据更新完成
2025-08-14 21:32:34,469 - INFO - ✅ 20221117股票分红派息数据更新完成
2025-08-14 21:32:34,809 - INFO - ✅ 20221118股票分红派息数据更新完成
2025-08-14 21:32:35,183 - INFO - ✅ 20221119股票分红派息数据更新完成
2025-08-14 21:32:35,579 - INFO - ✅ 20221120股票分红派息数据更新完成
2025-08-14 21:32:35,893 - INFO - ✅ 20221121股票分红派息数据更新完成
2025-08-14 21:32:36,228 - INFO - ✅ 20221122股票分红派息数据更新完成
2025-08-14 21:32:36,529 - INFO - ✅ 20221123股票分红派息数据更新完成
2025-08-14 21:32:36,862 - INFO - ✅ 20221124股票分红派息数据更新完成
2025-08-14 21:32:37,194 - INFO - ✅ 20221125股票分红派息数据更新完成
2025-08-14 21:32:37,543 - INFO - ✅ 20221126股票分红派息数据更新完成
2025-08-14 21:32:37,916 - INFO - ✅ 20221127股票分红派息数据更新完成
2025-08-14 21:32:38,229 - INFO - ✅ 20221128股票分红派息数据更新完成
2025-08-14 21:32:38,564 - INFO - ✅ 20221129股票分红派息数据更新完成
2025-08-14 21:32:38,880 - INFO - ✅ 20221130股票分红派息数据更新完成
2025-08-14 21:32:39,213 - INFO - ✅ 20221201股票分红派息数据更新完成
2025-08-14 21:32:39,561 - INFO - ✅ 20221202股票分红派息数据更新完成
2025-08-14 21:32:39,912 - INFO - ✅ 20221203股票分红派息数据更新完成
2025-08-14 21:32:40,228 - INFO - ✅ 20221204股票分红派息数据更新完成
2025-08-14 21:32:40,581 - INFO - ✅ 20221205股票分红派息数据更新完成
2025-08-14 21:32:40,962 - INFO - ✅ 20221206股票分红派息数据更新完成
2025-08-14 21:32:41,277 - INFO - ✅ 20221207股票分红派息数据更新完成
2025-08-14 21:32:41,645 - INFO - ✅ 20221208股票分红派息数据更新完成
2025-08-14 21:32:42,033 - INFO - ✅ 20221209股票分红派息数据更新完成
2025-08-14 21:32:42,400 - INFO - ✅ 20221210股票分红派息数据更新完成
2025-08-14 21:32:42,715 - INFO - ✅ 20221211股票分红派息数据更新完成
2025-08-14 21:32:43,045 - INFO - ✅ 20221212股票分红派息数据更新完成
2025-08-14 21:32:43,362 - INFO - ✅ 20221213股票分红派息数据更新完成
2025-08-14 21:32:43,694 - INFO - ✅ 20221214股票分红派息数据更新完成
2025-08-14 21:32:50,187 - INFO - ✅ 20221215股票分红派息数据更新完成
2025-08-14 21:32:50,532 - INFO - ✅ 20221216股票分红派息数据更新完成
2025-08-14 21:32:50,863 - INFO - ✅ 20221217股票分红派息数据更新完成
2025-08-14 21:32:51,243 - INFO - ✅ 20221218股票分红派息数据更新完成
2025-08-14 21:32:51,578 - INFO - ✅ 20221219股票分红派息数据更新完成
2025-08-14 21:32:51,912 - INFO - ✅ 20221220股票分红派息数据更新完成
2025-08-14 21:32:52,227 - INFO - ✅ 20221221股票分红派息数据更新完成
2025-08-14 21:32:52,561 - INFO - ✅ 20221222股票分红派息数据更新完成
2025-08-14 21:32:52,881 - INFO - ✅ 20221223股票分红派息数据更新完成
2025-08-14 21:32:53,245 - INFO - ✅ 20221224股票分红派息数据更新完成
2025-08-14 21:32:53,593 - INFO - ✅ 20221225股票分红派息数据更新完成
2025-08-14 21:32:53,944 - INFO - ✅ 20221226股票分红派息数据更新完成
2025-08-14 21:32:54,260 - INFO - ✅ 20221227股票分红派息数据更新完成
2025-08-14 21:32:54,582 - INFO - ✅ 20221228股票分红派息数据更新完成
2025-08-14 21:32:54,928 - INFO - ✅ 20221229股票分红派息数据更新完成
2025-08-14 21:32:55,261 - INFO - ✅ 20221230股票分红派息数据更新完成
2025-08-14 21:32:55,594 - INFO - ✅ 20221231股票分红派息数据更新完成
2025-08-14 21:32:55,917 - INFO - ✅ 20230101股票分红派息数据更新完成
2025-08-14 21:32:56,229 - INFO - ✅ 20230102股票分红派息数据更新完成
2025-08-14 21:32:56,560 - INFO - ✅ 20230103股票分红派息数据更新完成
2025-08-14 21:32:56,893 - INFO - ✅ 20230104股票分红派息数据更新完成
2025-08-14 21:32:57,216 - INFO - ✅ 20230105股票分红派息数据更新完成
2025-08-14 21:32:57,544 - INFO - ✅ 20230106股票分红派息数据更新完成
2025-08-14 21:32:57,874 - INFO - ✅ 20230107股票分红派息数据更新完成
2025-08-14 21:32:58,194 - INFO - ✅ 20230108股票分红派息数据更新完成
2025-08-14 21:32:58,512 - INFO - ✅ 20230109股票分红派息数据更新完成
2025-08-14 21:32:58,911 - INFO - ✅ 20230110股票分红派息数据更新完成
2025-08-14 21:32:59,215 - INFO - ✅ 20230111股票分红派息数据更新完成
2025-08-14 21:32:59,563 - INFO - ✅ 20230112股票分红派息数据更新完成
2025-08-14 21:32:59,932 - INFO - ✅ 20230113股票分红派息数据更新完成
2025-08-14 21:33:00,251 - INFO - ✅ 20230114股票分红派息数据更新完成
2025-08-14 21:33:00,599 - INFO - ✅ 20230115股票分红派息数据更新完成
2025-08-14 21:33:00,944 - INFO - ✅ 20230116股票分红派息数据更新完成
2025-08-14 21:33:01,326 - INFO - ✅ 20230117股票分红派息数据更新完成
2025-08-14 21:33:01,679 - INFO - ✅ 20230118股票分红派息数据更新完成
2025-08-14 21:33:02,063 - INFO - ✅ 20230119股票分红派息数据更新完成
2025-08-14 21:33:02,382 - INFO - ✅ 20230120股票分红派息数据更新完成
2025-08-14 21:33:02,712 - INFO - ✅ 20230121股票分红派息数据更新完成
2025-08-14 21:33:03,029 - INFO - ✅ 20230122股票分红派息数据更新完成
2025-08-14 21:33:03,328 - INFO - ✅ 20230123股票分红派息数据更新完成
2025-08-14 21:33:03,667 - INFO - ✅ 20230124股票分红派息数据更新完成
2025-08-14 21:33:03,979 - INFO - ✅ 20230125股票分红派息数据更新完成
2025-08-14 21:33:04,311 - INFO - ✅ 20230126股票分红派息数据更新完成
2025-08-14 21:33:04,679 - INFO - ✅ 20230127股票分红派息数据更新完成
2025-08-14 21:33:04,999 - INFO - ✅ 20230128股票分红派息数据更新完成
2025-08-14 21:33:05,360 - INFO - ✅ 20230129股票分红派息数据更新完成
2025-08-14 21:33:05,682 - INFO - ✅ 20230130股票分红派息数据更新完成
2025-08-14 21:33:06,010 - INFO - ✅ 20230131股票分红派息数据更新完成
2025-08-14 21:33:06,361 - INFO - ✅ 20230201股票分红派息数据更新完成
2025-08-14 21:33:06,683 - INFO - ✅ 20230202股票分红派息数据更新完成
2025-08-14 21:33:07,061 - INFO - ✅ 20230203股票分红派息数据更新完成
2025-08-14 21:33:07,400 - INFO - ✅ 20230204股票分红派息数据更新完成
2025-08-14 21:33:07,724 - INFO - ✅ 20230205股票分红派息数据更新完成
2025-08-14 21:33:08,076 - INFO - ✅ 20230206股票分红派息数据更新完成
2025-08-14 21:33:08,477 - INFO - ✅ 20230207股票分红派息数据更新完成
2025-08-14 21:33:09,127 - INFO - ✅ 20230208股票分红派息数据更新完成
2025-08-14 21:33:09,460 - INFO - ✅ 20230209股票分红派息数据更新完成
2025-08-14 21:33:09,835 - INFO - ✅ 20230210股票分红派息数据更新完成
2025-08-14 21:33:10,160 - INFO - ✅ 20230211股票分红派息数据更新完成
2025-08-14 21:33:10,494 - INFO - ✅ 20230212股票分红派息数据更新完成
2025-08-14 21:33:10,877 - INFO - ✅ 20230213股票分红派息数据更新完成
2025-08-14 21:33:11,228 - INFO - ✅ 20230214股票分红派息数据更新完成
2025-08-14 21:33:11,578 - INFO - ✅ 20230215股票分红派息数据更新完成
2025-08-14 21:33:11,911 - INFO - ✅ 20230216股票分红派息数据更新完成
2025-08-14 21:33:12,277 - INFO - ✅ 20230217股票分红派息数据更新完成
2025-08-14 21:33:12,663 - INFO - ✅ 20230218股票分红派息数据更新完成
2025-08-14 21:33:12,994 - INFO - ✅ 20230219股票分红派息数据更新完成
2025-08-14 21:33:13,343 - INFO - ✅ 20230220股票分红派息数据更新完成
2025-08-14 21:33:13,682 - INFO - ✅ 20230221股票分红派息数据更新完成
2025-08-14 21:33:14,011 - INFO - ✅ 20230222股票分红派息数据更新完成
2025-08-14 21:33:14,360 - INFO - ✅ 20230223股票分红派息数据更新完成
2025-08-14 21:33:14,761 - INFO - ✅ 20230224股票分红派息数据更新完成
2025-08-14 21:33:15,110 - INFO - ✅ 20230225股票分红派息数据更新完成
2025-08-14 21:33:15,460 - INFO - ✅ 20230226股票分红派息数据更新完成
2025-08-14 21:33:15,777 - INFO - ✅ 20230227股票分红派息数据更新完成
2025-08-14 21:33:16,095 - INFO - ✅ 20230228股票分红派息数据更新完成
2025-08-14 21:33:16,417 - INFO - ✅ 20230301股票分红派息数据更新完成
2025-08-14 21:33:16,753 - INFO - ✅ 20230302股票分红派息数据更新完成
2025-08-14 21:33:17,078 - INFO - ✅ 20230303股票分红派息数据更新完成
2025-08-14 21:33:17,378 - INFO - ✅ 20230304股票分红派息数据更新完成
2025-08-14 21:33:17,710 - INFO - ✅ 20230305股票分红派息数据更新完成
2025-08-14 21:33:18,046 - INFO - ✅ 20230306股票分红派息数据更新完成
2025-08-14 21:33:18,377 - INFO - ✅ 20230307股票分红派息数据更新完成
2025-08-14 21:33:19,045 - INFO - ✅ 20230308股票分红派息数据更新完成
2025-08-14 21:33:19,401 - INFO - ✅ 20230309股票分红派息数据更新完成
2025-08-14 21:33:19,827 - INFO - ✅ 20230310股票分红派息数据更新完成
2025-08-14 21:33:20,213 - INFO - ✅ 20230311股票分红派息数据更新完成
2025-08-14 21:33:20,560 - INFO - ✅ 20230312股票分红派息数据更新完成
2025-08-14 21:33:20,952 - INFO - ✅ 20230313股票分红派息数据更新完成
2025-08-14 21:33:21,300 - INFO - ✅ 20230314股票分红派息数据更新完成
2025-08-14 21:33:21,780 - INFO - ✅ 20230315股票分红派息数据更新完成
2025-08-14 21:33:22,077 - INFO - ✅ 20230316股票分红派息数据更新完成
2025-08-14 21:33:22,411 - INFO - ✅ 20230317股票分红派息数据更新完成
2025-08-14 21:33:22,732 - INFO - ✅ 20230318股票分红派息数据更新完成
2025-08-14 21:33:23,044 - INFO - ✅ 20230319股票分红派息数据更新完成
2025-08-14 21:33:23,394 - INFO - ✅ 20230320股票分红派息数据更新完成
2025-08-14 21:33:23,727 - INFO - ✅ 20230321股票分红派息数据更新完成
2025-08-14 21:33:24,061 - INFO - ✅ 20230322股票分红派息数据更新完成
2025-08-14 21:33:24,394 - INFO - ✅ 20230323股票分红派息数据更新完成
2025-08-14 21:33:24,728 - INFO - ✅ 20230324股票分红派息数据更新完成
2025-08-14 21:33:25,027 - INFO - ✅ 20230325股票分红派息数据更新完成
2025-08-14 21:33:25,344 - INFO - ✅ 20230326股票分红派息数据更新完成
2025-08-14 21:33:25,726 - INFO - ✅ 20230327股票分红派息数据更新完成
2025-08-14 21:33:26,552 - INFO - ✅ 20230328股票分红派息数据更新完成
2025-08-14 21:33:26,894 - INFO - ✅ 20230329股票分红派息数据更新完成
2025-08-14 21:33:27,276 - INFO - ✅ 20230330股票分红派息数据更新完成
2025-08-14 21:33:27,611 - INFO - ✅ 20230331股票分红派息数据更新完成
2025-08-14 21:33:28,009 - INFO - ✅ 20230401股票分红派息数据更新完成
2025-08-14 21:33:28,360 - INFO - ✅ 20230402股票分红派息数据更新完成
2025-08-14 21:33:28,694 - INFO - ✅ 20230403股票分红派息数据更新完成
2025-08-14 21:33:29,060 - INFO - ✅ 20230404股票分红派息数据更新完成
2025-08-14 21:33:29,411 - INFO - ✅ 20230405股票分红派息数据更新完成
2025-08-14 21:33:29,726 - INFO - ✅ 20230406股票分红派息数据更新完成
2025-08-14 21:33:30,061 - INFO - ✅ 20230407股票分红派息数据更新完成
2025-08-14 21:33:30,383 - INFO - ✅ 20230408股票分红派息数据更新完成
2025-08-14 21:33:30,801 - INFO - ✅ 20230409股票分红派息数据更新完成
2025-08-14 21:33:31,128 - INFO - ✅ 20230410股票分红派息数据更新完成
2025-08-14 21:33:31,511 - INFO - ✅ 20230411股票分红派息数据更新完成
2025-08-14 21:33:31,844 - INFO - ✅ 20230412股票分红派息数据更新完成
2025-08-14 21:33:32,194 - INFO - ✅ 20230413股票分红派息数据更新完成
2025-08-14 21:33:32,560 - INFO - ✅ 20230414股票分红派息数据更新完成
2025-08-14 21:33:32,910 - INFO - ✅ 20230415股票分红派息数据更新完成
2025-08-14 21:33:33,226 - INFO - ✅ 20230416股票分红派息数据更新完成
2025-08-14 21:33:33,577 - INFO - ✅ 20230417股票分红派息数据更新完成
2025-08-14 21:33:33,915 - INFO - ✅ 20230418股票分红派息数据更新完成
2025-08-14 21:33:34,294 - INFO - ✅ 20230419股票分红派息数据更新完成
2025-08-14 21:33:34,630 - INFO - ✅ 20230420股票分红派息数据更新完成
2025-08-14 21:33:34,949 - INFO - ✅ 20230421股票分红派息数据更新完成
2025-08-14 21:33:35,249 - INFO - ✅ 20230422股票分红派息数据更新完成
2025-08-14 21:33:35,627 - INFO - ✅ 20230423股票分红派息数据更新完成
2025-08-14 21:33:35,982 - INFO - ✅ 20230424股票分红派息数据更新完成
2025-08-14 21:33:36,343 - INFO - ✅ 20230425股票分红派息数据更新完成
2025-08-14 21:33:36,644 - INFO - ✅ 20230426股票分红派息数据更新完成
2025-08-14 21:33:36,982 - INFO - ✅ 20230427股票分红派息数据更新完成
2025-08-14 21:33:37,343 - INFO - ✅ 20230428股票分红派息数据更新完成
2025-08-14 21:33:37,726 - INFO - ✅ 20230429股票分红派息数据更新完成
2025-08-14 21:33:38,033 - INFO - ✅ 20230430股票分红派息数据更新完成
2025-08-14 21:33:38,377 - INFO - ✅ 20230501股票分红派息数据更新完成
2025-08-14 21:33:38,711 - INFO - ✅ 20230502股票分红派息数据更新完成
2025-08-14 21:33:39,077 - INFO - ✅ 20230503股票分红派息数据更新完成
2025-08-14 21:33:39,463 - INFO - ✅ 20230504股票分红派息数据更新完成
2025-08-14 21:33:39,808 - INFO - ✅ 20230505股票分红派息数据更新完成
2025-08-14 21:33:40,139 - INFO - ✅ 20230506股票分红派息数据更新完成
2025-08-14 21:33:40,461 - INFO - ✅ 20230507股票分红派息数据更新完成
2025-08-14 21:33:40,810 - INFO - ✅ 20230508股票分红派息数据更新完成
2025-08-14 21:33:41,183 - INFO - ✅ 20230509股票分红派息数据更新完成
2025-08-14 21:33:41,560 - INFO - ✅ 20230510股票分红派息数据更新完成
2025-08-14 21:33:41,927 - INFO - ✅ 20230511股票分红派息数据更新完成
2025-08-14 21:33:42,259 - INFO - ✅ 20230512股票分红派息数据更新完成
2025-08-14 21:33:42,582 - INFO - ✅ 20230513股票分红派息数据更新完成
2025-08-14 21:33:42,979 - INFO - ✅ 20230514股票分红派息数据更新完成
2025-08-14 21:33:43,309 - INFO - ✅ 20230515股票分红派息数据更新完成
2025-08-14 21:33:43,678 - INFO - ✅ 20230516股票分红派息数据更新完成
2025-08-14 21:33:44,011 - INFO - ✅ 20230517股票分红派息数据更新完成
2025-08-14 21:33:44,342 - INFO - ✅ 20230518股票分红派息数据更新完成
2025-08-14 21:33:44,645 - INFO - ✅ 20230519股票分红派息数据更新完成
2025-08-14 21:33:44,992 - INFO - ✅ 20230520股票分红派息数据更新完成
2025-08-14 21:33:45,376 - INFO - ✅ 20230521股票分红派息数据更新完成
2025-08-14 21:33:45,759 - INFO - ✅ 20230522股票分红派息数据更新完成
2025-08-14 21:33:46,152 - INFO - ✅ 20230523股票分红派息数据更新完成
2025-08-14 21:33:46,493 - INFO - ✅ 20230524股票分红派息数据更新完成
2025-08-14 21:33:46,876 - INFO - ✅ 20230525股票分红派息数据更新完成
2025-08-14 21:33:47,229 - INFO - ✅ 20230526股票分红派息数据更新完成
2025-08-14 21:33:47,531 - INFO - ✅ 20230527股票分红派息数据更新完成
2025-08-14 21:33:47,876 - INFO - ✅ 20230528股票分红派息数据更新完成
2025-08-14 21:33:48,247 - INFO - ✅ 20230529股票分红派息数据更新完成
2025-08-14 21:33:48,595 - INFO - ✅ 20230530股票分红派息数据更新完成
2025-08-14 21:33:48,948 - INFO - ✅ 20230531股票分红派息数据更新完成
2025-08-14 21:33:49,294 - INFO - ✅ 20230601股票分红派息数据更新完成
2025-08-14 21:33:49,643 - INFO - ✅ 20230602股票分红派息数据更新完成
2025-08-14 21:33:50,009 - INFO - ✅ 20230603股票分红派息数据更新完成
2025-08-14 21:33:50,332 - INFO - ✅ 20230604股票分红派息数据更新完成
2025-08-14 21:33:50,677 - INFO - ✅ 20230605股票分红派息数据更新完成
2025-08-14 21:33:51,043 - INFO - ✅ 20230606股票分红派息数据更新完成
2025-08-14 21:33:51,410 - INFO - ✅ 20230607股票分红派息数据更新完成
2025-08-14 21:33:51,783 - INFO - ✅ 20230608股票分红派息数据更新完成
2025-08-14 21:33:52,160 - INFO - ✅ 20230609股票分红派息数据更新完成
2025-08-14 21:33:52,461 - INFO - ✅ 20230610股票分红派息数据更新完成
2025-08-14 21:33:52,814 - INFO - ✅ 20230611股票分红派息数据更新完成
2025-08-14 21:33:53,164 - INFO - ✅ 20230612股票分红派息数据更新完成
2025-08-14 21:33:53,542 - INFO - ✅ 20230613股票分红派息数据更新完成
2025-08-14 21:33:53,893 - INFO - ✅ 20230614股票分红派息数据更新完成
2025-08-14 21:33:54,233 - INFO - ✅ 20230615股票分红派息数据更新完成
2025-08-14 21:33:54,576 - INFO - ✅ 20230616股票分红派息数据更新完成
2025-08-14 21:33:54,942 - INFO - ✅ 20230617股票分红派息数据更新完成
2025-08-14 21:33:55,309 - INFO - ✅ 20230618股票分红派息数据更新完成
2025-08-14 21:33:55,674 - INFO - ✅ 20230619股票分红派息数据更新完成
2025-08-14 21:33:55,992 - INFO - ✅ 20230620股票分红派息数据更新完成
2025-08-14 21:33:56,347 - INFO - ✅ 20230621股票分红派息数据更新完成
2025-08-14 21:33:56,711 - INFO - ✅ 20230622股票分红派息数据更新完成
2025-08-14 21:33:57,043 - INFO - ✅ 20230623股票分红派息数据更新完成
2025-08-14 21:33:57,413 - INFO - ✅ 20230624股票分红派息数据更新完成
2025-08-14 21:33:57,742 - INFO - ✅ 20230625股票分红派息数据更新完成
2025-08-14 21:33:58,101 - INFO - ✅ 20230626股票分红派息数据更新完成
2025-08-14 21:33:58,443 - INFO - ✅ 20230627股票分红派息数据更新完成
2025-08-14 21:33:58,761 - INFO - ✅ 20230628股票分红派息数据更新完成
2025-08-14 21:33:59,128 - INFO - ✅ 20230629股票分红派息数据更新完成
2025-08-14 21:33:59,483 - INFO - ✅ 20230630股票分红派息数据更新完成
2025-08-14 21:33:59,841 - INFO - ✅ 20230701股票分红派息数据更新完成
2025-08-14 21:34:00,226 - INFO - ✅ 20230702股票分红派息数据更新完成
2025-08-14 21:34:00,579 - INFO - ✅ 20230703股票分红派息数据更新完成
2025-08-14 21:34:00,926 - INFO - ✅ 20230704股票分红派息数据更新完成
2025-08-14 21:34:01,281 - INFO - ✅ 20230705股票分红派息数据更新完成
2025-08-14 21:34:01,612 - INFO - ✅ 20230706股票分红派息数据更新完成
2025-08-14 21:34:01,977 - INFO - ✅ 20230707股票分红派息数据更新完成
2025-08-14 21:34:02,359 - INFO - ✅ 20230708股票分红派息数据更新完成
2025-08-14 21:34:02,726 - INFO - ✅ 20230709股票分红派息数据更新完成
2025-08-14 21:34:03,064 - INFO - ✅ 20230710股票分红派息数据更新完成
2025-08-14 21:34:03,410 - INFO - ✅ 20230711股票分红派息数据更新完成
2025-08-14 21:34:03,748 - INFO - ✅ 20230712股票分红派息数据更新完成
2025-08-14 21:34:04,126 - INFO - ✅ 20230713股票分红派息数据更新完成
2025-08-14 21:34:04,492 - INFO - ✅ 20230714股票分红派息数据更新完成
2025-08-14 21:34:04,869 - INFO - ✅ 20230715股票分红派息数据更新完成
2025-08-14 21:34:05,243 - INFO - ✅ 20230716股票分红派息数据更新完成
2025-08-14 21:34:05,593 - INFO - ✅ 20230717股票分红派息数据更新完成
2025-08-14 21:34:05,945 - INFO - ✅ 20230718股票分红派息数据更新完成
2025-08-14 21:34:06,317 - INFO - ✅ 20230719股票分红派息数据更新完成
2025-08-14 21:34:06,661 - INFO - ✅ 20230720股票分红派息数据更新完成
2025-08-14 21:34:07,084 - INFO - ✅ 20230721股票分红派息数据更新完成
2025-08-14 21:34:07,477 - INFO - ✅ 20230722股票分红派息数据更新完成
2025-08-14 21:34:07,807 - INFO - ✅ 20230723股票分红派息数据更新完成
2025-08-14 21:34:08,141 - INFO - ✅ 20230724股票分红派息数据更新完成
2025-08-14 21:34:08,510 - INFO - ✅ 20230725股票分红派息数据更新完成
2025-08-14 21:34:08,843 - INFO - ✅ 20230726股票分红派息数据更新完成
2025-08-14 21:34:09,176 - INFO - ✅ 20230727股票分红派息数据更新完成
2025-08-14 21:34:09,509 - INFO - ✅ 20230728股票分红派息数据更新完成
2025-08-14 21:34:09,858 - INFO - ✅ 20230729股票分红派息数据更新完成
2025-08-14 21:34:10,176 - INFO - ✅ 20230730股票分红派息数据更新完成
2025-08-14 21:34:10,560 - INFO - ✅ 20230731股票分红派息数据更新完成
2025-08-14 21:34:10,913 - INFO - ✅ 20230801股票分红派息数据更新完成
2025-08-14 21:34:11,492 - INFO - ✅ 20230802股票分红派息数据更新完成
2025-08-14 21:34:11,909 - INFO - ✅ 20230803股票分红派息数据更新完成
2025-08-14 21:34:12,232 - INFO - ✅ 20230804股票分红派息数据更新完成
2025-08-14 21:34:12,560 - INFO - ✅ 20230805股票分红派息数据更新完成
2025-08-14 21:34:12,893 - INFO - ✅ 20230806股票分红派息数据更新完成
2025-08-14 21:34:13,275 - INFO - ✅ 20230807股票分红派息数据更新完成
2025-08-14 21:34:13,624 - INFO - ✅ 20230808股票分红派息数据更新完成
2025-08-14 21:34:13,965 - INFO - ✅ 20230809股票分红派息数据更新完成
2025-08-14 21:34:14,330 - INFO - ✅ 20230810股票分红派息数据更新完成
2025-08-14 21:34:14,710 - INFO - ✅ 20230811股票分红派息数据更新完成
2025-08-14 21:34:15,075 - INFO - ✅ 20230812股票分红派息数据更新完成
2025-08-14 21:34:15,424 - INFO - ✅ 20230813股票分红派息数据更新完成
2025-08-14 21:34:15,759 - INFO - ✅ 20230814股票分红派息数据更新完成
2025-08-14 21:34:16,093 - INFO - ✅ 20230815股票分红派息数据更新完成
2025-08-14 21:34:16,457 - INFO - ✅ 20230816股票分红派息数据更新完成
2025-08-14 21:34:16,843 - INFO - ✅ 20230817股票分红派息数据更新完成
2025-08-14 21:34:17,228 - INFO - ✅ 20230818股票分红派息数据更新完成
2025-08-14 21:34:17,559 - INFO - ✅ 20230819股票分红派息数据更新完成
2025-08-14 21:34:17,913 - INFO - ✅ 20230820股票分红派息数据更新完成
2025-08-14 21:34:18,411 - INFO - ✅ 20230821股票分红派息数据更新完成
2025-08-14 21:34:18,747 - INFO - ✅ 20230822股票分红派息数据更新完成
2025-08-14 21:34:19,077 - INFO - ✅ 20230823股票分红派息数据更新完成
2025-08-14 21:34:19,461 - INFO - ✅ 20230824股票分红派息数据更新完成
2025-08-14 21:34:19,809 - INFO - ✅ 20230825股票分红派息数据更新完成
2025-08-14 21:34:20,126 - INFO - ✅ 20230826股票分红派息数据更新完成
2025-08-14 21:34:20,461 - INFO - ✅ 20230827股票分红派息数据更新完成
2025-08-14 21:34:20,840 - INFO - ✅ 20230828股票分红派息数据更新完成
2025-08-14 21:34:21,148 - INFO - ✅ 20230829股票分红派息数据更新完成
2025-08-14 21:34:21,461 - INFO - ✅ 20230830股票分红派息数据更新完成
2025-08-14 21:34:21,777 - INFO - ✅ 20230831股票分红派息数据更新完成
2025-08-14 21:34:22,128 - INFO - ✅ 20230901股票分红派息数据更新完成
2025-08-14 21:34:22,476 - INFO - ✅ 20230902股票分红派息数据更新完成
2025-08-14 21:34:22,842 - INFO - ✅ 20230903股票分红派息数据更新完成
2025-08-14 21:34:23,177 - INFO - ✅ 20230904股票分红派息数据更新完成
2025-08-14 21:34:23,532 - INFO - ✅ 20230905股票分红派息数据更新完成
2025-08-14 21:34:23,899 - INFO - ✅ 20230906股票分红派息数据更新完成
2025-08-14 21:34:24,226 - INFO - ✅ 20230907股票分红派息数据更新完成
2025-08-14 21:34:24,568 - INFO - ✅ 20230908股票分红派息数据更新完成
2025-08-14 21:34:24,925 - INFO - ✅ 20230909股票分红派息数据更新完成
2025-08-14 21:34:25,282 - INFO - ✅ 20230910股票分红派息数据更新完成
2025-08-14 21:34:25,660 - INFO - ✅ 20230911股票分红派息数据更新完成
2025-08-14 21:34:26,043 - INFO - ✅ 20230912股票分红派息数据更新完成
2025-08-14 21:34:26,359 - INFO - ✅ 20230913股票分红派息数据更新完成
2025-08-14 21:34:26,709 - INFO - ✅ 20230914股票分红派息数据更新完成
2025-08-14 21:34:27,092 - INFO - ✅ 20230915股票分红派息数据更新完成
2025-08-14 21:34:27,442 - INFO - ✅ 20230916股票分红派息数据更新完成
2025-08-14 21:34:27,825 - INFO - ✅ 20230917股票分红派息数据更新完成
2025-08-14 21:34:28,203 - INFO - ✅ 20230918股票分红派息数据更新完成
2025-08-14 21:34:28,592 - INFO - ✅ 20230919股票分红派息数据更新完成
2025-08-14 21:34:28,943 - INFO - ✅ 20230920股票分红派息数据更新完成
2025-08-14 21:34:29,326 - INFO - ✅ 20230921股票分红派息数据更新完成
2025-08-14 21:34:29,659 - INFO - ✅ 20230922股票分红派息数据更新完成
2025-08-14 21:34:30,026 - INFO - ✅ 20230923股票分红派息数据更新完成
2025-08-14 21:34:30,375 - INFO - ✅ 20230924股票分红派息数据更新完成
2025-08-14 21:34:30,743 - INFO - ✅ 20230925股票分红派息数据更新完成
2025-08-14 21:34:31,108 - INFO - ✅ 20230926股票分红派息数据更新完成
2025-08-14 21:34:31,429 - INFO - ✅ 20230927股票分红派息数据更新完成
2025-08-14 21:34:31,731 - INFO - ✅ 20230928股票分红派息数据更新完成
2025-08-14 21:34:32,076 - INFO - ✅ 20230929股票分红派息数据更新完成
2025-08-14 21:34:32,425 - INFO - ✅ 20230930股票分红派息数据更新完成
2025-08-14 21:34:32,780 - INFO - ✅ 20231001股票分红派息数据更新完成
2025-08-14 21:34:33,111 - INFO - ✅ 20231002股票分红派息数据更新完成
2025-08-14 21:34:33,443 - INFO - ✅ 20231003股票分红派息数据更新完成
2025-08-14 21:34:33,825 - INFO - ✅ 20231004股票分红派息数据更新完成
2025-08-14 21:34:34,175 - INFO - ✅ 20231005股票分红派息数据更新完成
2025-08-14 21:34:34,510 - INFO - ✅ 20231006股票分红派息数据更新完成
2025-08-14 21:34:34,858 - INFO - ✅ 20231007股票分红派息数据更新完成
2025-08-14 21:34:35,174 - INFO - ✅ 20231008股票分红派息数据更新完成
2025-08-14 21:34:35,510 - INFO - ✅ 20231009股票分红派息数据更新完成
2025-08-14 21:34:35,852 - INFO - ✅ 20231010股票分红派息数据更新完成
2025-08-14 21:34:36,193 - INFO - ✅ 20231011股票分红派息数据更新完成
2025-08-14 21:34:36,559 - INFO - ✅ 20231012股票分红派息数据更新完成
2025-08-14 21:34:36,942 - INFO - ✅ 20231013股票分红派息数据更新完成
2025-08-14 21:34:37,308 - INFO - ✅ 20231014股票分红派息数据更新完成
2025-08-14 21:34:37,625 - INFO - ✅ 20231015股票分红派息数据更新完成
2025-08-14 21:34:37,961 - INFO - ✅ 20231016股票分红派息数据更新完成
2025-08-14 21:34:38,294 - INFO - ✅ 20231017股票分红派息数据更新完成
2025-08-14 21:34:38,631 - INFO - ✅ 20231018股票分红派息数据更新完成
2025-08-14 21:34:38,978 - INFO - ✅ 20231019股票分红派息数据更新完成
2025-08-14 21:34:39,340 - INFO - ✅ 20231020股票分红派息数据更新完成
2025-08-14 21:34:39,693 - INFO - ✅ 20231021股票分红派息数据更新完成
2025-08-14 21:34:40,015 - INFO - ✅ 20231022股票分红派息数据更新完成
2025-08-14 21:34:40,379 - INFO - ✅ 20231023股票分红派息数据更新完成
2025-08-14 21:34:40,741 - INFO - ✅ 20231024股票分红派息数据更新完成
2025-08-14 21:34:41,075 - INFO - ✅ 20231025股票分红派息数据更新完成
2025-08-14 21:34:41,459 - INFO - ✅ 20231026股票分红派息数据更新完成
2025-08-14 21:34:41,791 - INFO - ✅ 20231027股票分红派息数据更新完成
2025-08-14 21:34:42,127 - INFO - ✅ 20231028股票分红派息数据更新完成
2025-08-14 21:34:42,510 - INFO - ✅ 20231029股票分红派息数据更新完成
2025-08-14 21:34:42,858 - INFO - ✅ 20231030股票分红派息数据更新完成
2025-08-14 21:34:43,197 - INFO - ✅ 20231031股票分红派息数据更新完成
2025-08-14 21:34:43,525 - INFO - ✅ 20231101股票分红派息数据更新完成
2025-08-14 21:34:43,858 - INFO - ✅ 20231102股票分红派息数据更新完成
2025-08-14 21:34:44,180 - INFO - ✅ 20231103股票分红派息数据更新完成
2025-08-14 21:34:44,508 - INFO - ✅ 20231104股票分红派息数据更新完成
2025-08-14 21:34:44,842 - INFO - ✅ 20231105股票分红派息数据更新完成
2025-08-14 21:34:45,175 - INFO - ✅ 20231106股票分红派息数据更新完成
2025-08-14 21:34:45,510 - INFO - ✅ 20231107股票分红派息数据更新完成
2025-08-14 21:34:45,875 - INFO - ✅ 20231108股票分红派息数据更新完成
2025-08-14 21:34:46,225 - INFO - ✅ 20231109股票分红派息数据更新完成
2025-08-14 21:34:46,559 - INFO - ✅ 20231110股票分红派息数据更新完成
2025-08-14 21:34:46,909 - INFO - ✅ 20231111股票分红派息数据更新完成
2025-08-14 21:34:47,259 - INFO - ✅ 20231112股票分红派息数据更新完成
2025-08-14 21:34:47,608 - INFO - ✅ 20231113股票分红派息数据更新完成
2025-08-14 21:34:47,976 - INFO - ✅ 20231114股票分红派息数据更新完成
2025-08-14 21:34:48,309 - INFO - ✅ 20231115股票分红派息数据更新完成
2025-08-14 21:34:48,675 - INFO - ✅ 20231116股票分红派息数据更新完成
2025-08-14 21:34:48,978 - INFO - ✅ 20231117股票分红派息数据更新完成
2025-08-14 21:34:49,291 - INFO - ✅ 20231118股票分红派息数据更新完成
2025-08-14 21:34:49,660 - INFO - ✅ 20231119股票分红派息数据更新完成
2025-08-14 21:34:50,025 - INFO - ✅ 20231120股票分红派息数据更新完成
2025-08-14 21:34:50,375 - INFO - ✅ 20231121股票分红派息数据更新完成
2025-08-14 21:34:50,709 - INFO - ✅ 20231122股票分红派息数据更新完成
2025-08-14 21:34:51,059 - INFO - ✅ 20231123股票分红派息数据更新完成
2025-08-14 21:34:54,464 - INFO - ✅ 20231124股票分红派息数据更新完成
2025-08-14 21:34:54,768 - INFO - ✅ 20231125股票分红派息数据更新完成
2025-08-14 21:34:55,108 - INFO - ✅ 20231126股票分红派息数据更新完成
2025-08-14 21:34:55,457 - INFO - ✅ 20231127股票分红派息数据更新完成
2025-08-14 21:34:55,846 - INFO - ✅ 20231128股票分红派息数据更新完成
2025-08-14 21:34:56,197 - INFO - ✅ 20231129股票分红派息数据更新完成
2025-08-14 21:34:56,543 - INFO - ✅ 20231130股票分红派息数据更新完成
2025-08-14 21:34:56,874 - INFO - ✅ 20231201股票分红派息数据更新完成
2025-08-14 21:34:57,212 - INFO - ✅ 20231202股票分红派息数据更新完成
2025-08-14 21:34:57,558 - INFO - ✅ 20231203股票分红派息数据更新完成
2025-08-14 21:34:57,929 - INFO - ✅ 20231204股票分红派息数据更新完成
2025-08-14 21:34:58,249 - INFO - ✅ 20231205股票分红派息数据更新完成
2025-08-14 21:34:58,809 - INFO - ✅ 20231206股票分红派息数据更新完成
2025-08-14 21:34:59,158 - INFO - ✅ 20231207股票分红派息数据更新完成
2025-08-14 21:34:59,525 - INFO - ✅ 20231208股票分红派息数据更新完成
2025-08-14 21:34:59,874 - INFO - ✅ 20231209股票分红派息数据更新完成
2025-08-14 21:35:00,209 - INFO - ✅ 20231210股票分红派息数据更新完成
2025-08-14 21:35:00,530 - INFO - ✅ 20231211股票分红派息数据更新完成
2025-08-14 21:35:00,858 - INFO - ✅ 20231212股票分红派息数据更新完成
2025-08-14 21:35:01,224 - INFO - ✅ 20231213股票分红派息数据更新完成
2025-08-14 21:35:01,557 - INFO - ✅ 20231214股票分红派息数据更新完成
2025-08-14 21:35:01,880 - INFO - ✅ 20231215股票分红派息数据更新完成
2025-08-14 21:35:02,259 - INFO - ✅ 20231216股票分红派息数据更新完成
2025-08-14 21:35:02,624 - INFO - ✅ 20231217股票分红派息数据更新完成
2025-08-14 21:35:03,007 - INFO - ✅ 20231218股票分红派息数据更新完成
2025-08-14 21:35:03,341 - INFO - ✅ 20231219股票分红派息数据更新完成
2025-08-14 21:35:03,679 - INFO - ✅ 20231220股票分红派息数据更新完成
2025-08-14 21:35:03,979 - INFO - ✅ 20231221股票分红派息数据更新完成
2025-08-14 21:35:04,293 - INFO - ✅ 20231222股票分红派息数据更新完成
2025-08-14 21:35:04,676 - INFO - ✅ 20231223股票分红派息数据更新完成
2025-08-14 21:35:05,024 - INFO - ✅ 20231224股票分红派息数据更新完成
2025-08-14 21:35:05,357 - INFO - ✅ 20231225股票分红派息数据更新完成
2025-08-14 21:35:05,709 - INFO - ✅ 20231226股票分红派息数据更新完成
2025-08-14 21:35:06,073 - INFO - ✅ 20231227股票分红派息数据更新完成
2025-08-14 21:35:06,391 - INFO - ✅ 20231228股票分红派息数据更新完成
2025-08-14 21:35:06,728 - INFO - ✅ 20231229股票分红派息数据更新完成
2025-08-14 21:35:07,091 - INFO - ✅ 20231230股票分红派息数据更新完成
2025-08-14 21:35:07,408 - INFO - ✅ 20231231股票分红派息数据更新完成
2025-08-14 21:35:07,758 - INFO - ✅ 20240101股票分红派息数据更新完成
2025-08-14 21:35:08,145 - INFO - ✅ 20240102股票分红派息数据更新完成
2025-08-14 21:35:08,680 - INFO - ✅ 20240103股票分红派息数据更新完成
2025-08-14 21:35:09,291 - INFO - ✅ 20240104股票分红派息数据更新完成
2025-08-14 21:35:09,627 - INFO - ✅ 20240105股票分红派息数据更新完成
2025-08-14 21:35:09,957 - INFO - ✅ 20240106股票分红派息数据更新完成
2025-08-14 21:35:10,306 - INFO - ✅ 20240107股票分红派息数据更新完成
2025-08-14 21:35:10,675 - INFO - ✅ 20240108股票分红派息数据更新完成
2025-08-14 21:35:10,991 - INFO - ✅ 20240109股票分红派息数据更新完成
2025-08-14 21:35:11,324 - INFO - ✅ 20240110股票分红派息数据更新完成
2025-08-14 21:35:11,630 - INFO - ✅ 20240111股票分红派息数据更新完成
2025-08-14 21:35:12,017 - INFO - ✅ 20240112股票分红派息数据更新完成
2025-08-14 21:35:12,408 - INFO - ✅ 20240113股票分红派息数据更新完成
2025-08-14 21:35:12,729 - INFO - ✅ 20240114股票分红派息数据更新完成
2025-08-14 21:35:13,059 - INFO - ✅ 20240115股票分红派息数据更新完成
2025-08-14 21:35:13,424 - INFO - ✅ 20240116股票分红派息数据更新完成
2025-08-14 21:35:13,774 - INFO - ✅ 20240117股票分红派息数据更新完成
2025-08-14 21:35:14,142 - INFO - ✅ 20240118股票分红派息数据更新完成
2025-08-14 21:35:14,473 - INFO - ✅ 20240119股票分红派息数据更新完成
2025-08-14 21:35:14,825 - INFO - ✅ 20240120股票分红派息数据更新完成
2025-08-14 21:35:15,158 - INFO - ✅ 20240121股票分红派息数据更新完成
2025-08-14 21:35:15,541 - INFO - ✅ 20240122股票分红派息数据更新完成
2025-08-14 21:35:15,875 - INFO - ✅ 20240123股票分红派息数据更新完成
2025-08-14 21:35:16,208 - INFO - ✅ 20240124股票分红派息数据更新完成
2025-08-14 21:35:16,573 - INFO - ✅ 20240125股票分红派息数据更新完成
2025-08-14 21:35:16,976 - INFO - ✅ 20240126股票分红派息数据更新完成
2025-08-14 21:35:17,324 - INFO - ✅ 20240127股票分红派息数据更新完成
2025-08-14 21:35:17,674 - INFO - ✅ 20240128股票分红派息数据更新完成
2025-08-14 21:35:18,009 - INFO - ✅ 20240129股票分红派息数据更新完成
2025-08-14 21:35:18,326 - INFO - ✅ 20240130股票分红派息数据更新完成
2025-08-14 21:35:18,875 - INFO - ✅ 20240131股票分红派息数据更新完成
2025-08-14 21:35:19,225 - INFO - ✅ 20240201股票分红派息数据更新完成
2025-08-14 21:35:19,609 - INFO - ✅ 20240202股票分红派息数据更新完成
2025-08-14 21:35:19,927 - INFO - ✅ 20240203股票分红派息数据更新完成
2025-08-14 21:35:20,242 - INFO - ✅ 20240204股票分红派息数据更新完成
2025-08-14 21:35:20,792 - INFO - ✅ 20240205股票分红派息数据更新完成
2025-08-14 21:35:21,175 - INFO - ✅ 20240206股票分红派息数据更新完成
2025-08-14 21:35:21,507 - INFO - ✅ 20240207股票分红派息数据更新完成
2025-08-14 21:35:21,890 - INFO - ✅ 20240208股票分红派息数据更新完成
2025-08-14 21:35:22,242 - INFO - ✅ 20240209股票分红派息数据更新完成
2025-08-14 21:35:22,574 - INFO - ✅ 20240210股票分红派息数据更新完成
2025-08-14 21:35:22,941 - INFO - ✅ 20240211股票分红派息数据更新完成
2025-08-14 21:35:23,291 - INFO - ✅ 20240212股票分红派息数据更新完成
2025-08-14 21:35:23,608 - INFO - ✅ 20240213股票分红派息数据更新完成
2025-08-14 21:35:23,976 - INFO - ✅ 20240214股票分红派息数据更新完成
2025-08-14 21:35:24,308 - INFO - ✅ 20240215股票分红派息数据更新完成
2025-08-14 21:35:25,008 - INFO - ✅ 20240216股票分红派息数据更新完成
2025-08-14 21:35:25,339 - INFO - ✅ 20240217股票分红派息数据更新完成
2025-08-14 21:35:25,691 - INFO - ✅ 20240218股票分红派息数据更新完成
2025-08-14 21:35:26,074 - INFO - ✅ 20240219股票分红派息数据更新完成
2025-08-14 21:35:26,457 - INFO - ✅ 20240220股票分红派息数据更新完成
2025-08-14 21:35:26,787 - INFO - ✅ 20240221股票分红派息数据更新完成
2025-08-14 21:35:27,142 - INFO - ✅ 20240222股票分红派息数据更新完成
2025-08-14 21:35:27,505 - INFO - ✅ 20240223股票分红派息数据更新完成
2025-08-14 21:35:27,827 - INFO - ✅ 20240224股票分红派息数据更新完成
2025-08-14 21:35:28,174 - INFO - ✅ 20240225股票分红派息数据更新完成
2025-08-14 21:35:28,522 - INFO - ✅ 20240226股票分红派息数据更新完成
2025-08-14 21:35:28,850 - INFO - ✅ 20240227股票分红派息数据更新完成
2025-08-14 21:35:29,224 - INFO - ✅ 20240228股票分红派息数据更新完成
2025-08-14 21:35:29,557 - INFO - ✅ 20240229股票分红派息数据更新完成
2025-08-14 21:35:29,890 - INFO - ✅ 20240301股票分红派息数据更新完成
2025-08-14 21:35:30,242 - INFO - ✅ 20240302股票分红派息数据更新完成
2025-08-14 21:35:30,598 - INFO - ✅ 20240303股票分红派息数据更新完成
2025-08-14 21:35:30,977 - INFO - ✅ 20240304股票分红派息数据更新完成
2025-08-14 21:35:31,341 - INFO - ✅ 20240305股票分红派息数据更新完成
2025-08-14 21:35:31,690 - INFO - ✅ 20240306股票分红派息数据更新完成
2025-08-14 21:35:32,073 - INFO - ✅ 20240307股票分红派息数据更新完成
2025-08-14 21:35:32,424 - INFO - ✅ 20240308股票分红派息数据更新完成
2025-08-14 21:35:32,761 - INFO - ✅ 20240309股票分红派息数据更新完成
2025-08-14 21:35:33,089 - INFO - ✅ 20240310股票分红派息数据更新完成
2025-08-14 21:35:33,440 - INFO - ✅ 20240311股票分红派息数据更新完成
2025-08-14 21:35:33,841 - INFO - ✅ 20240312股票分红派息数据更新完成
2025-08-14 21:35:34,191 - INFO - ✅ 20240313股票分红派息数据更新完成
2025-08-14 21:35:34,541 - INFO - ✅ 20240314股票分红派息数据更新完成
2025-08-14 21:35:34,923 - INFO - ✅ 20240315股票分红派息数据更新完成
2025-08-14 21:35:35,258 - INFO - ✅ 20240316股票分红派息数据更新完成
2025-08-14 21:35:35,591 - INFO - ✅ 20240317股票分红派息数据更新完成
2025-08-14 21:35:35,923 - INFO - ✅ 20240318股票分红派息数据更新完成
2025-08-14 21:35:36,258 - INFO - ✅ 20240319股票分红派息数据更新完成
2025-08-14 21:35:36,608 - INFO - ✅ 20240320股票分红派息数据更新完成
2025-08-14 21:35:36,942 - INFO - ✅ 20240321股票分红派息数据更新完成
2025-08-14 21:35:37,324 - INFO - ✅ 20240322股票分红派息数据更新完成
2025-08-14 21:35:37,640 - INFO - ✅ 20240323股票分红派息数据更新完成
2025-08-14 21:35:37,992 - INFO - ✅ 20240324股票分红派息数据更新完成
2025-08-14 21:35:38,325 - INFO - ✅ 20240325股票分红派息数据更新完成
2025-08-14 21:35:38,658 - INFO - ✅ 20240326股票分红派息数据更新完成
2025-08-14 21:35:39,025 - INFO - ✅ 20240327股票分红派息数据更新完成
2025-08-14 21:35:39,407 - INFO - ✅ 20240328股票分红派息数据更新完成
2025-08-14 21:35:39,741 - INFO - ✅ 20240329股票分红派息数据更新完成
2025-08-14 21:35:40,112 - INFO - ✅ 20240330股票分红派息数据更新完成
2025-08-14 21:35:40,462 - INFO - ✅ 20240331股票分红派息数据更新完成
2025-08-14 21:35:40,827 - INFO - ✅ 20240401股票分红派息数据更新完成
2025-08-14 21:35:41,139 - INFO - ✅ 20240402股票分红派息数据更新完成
2025-08-14 21:35:41,490 - INFO - ✅ 20240403股票分红派息数据更新完成
2025-08-14 21:35:41,790 - INFO - ✅ 20240404股票分红派息数据更新完成
2025-08-14 21:35:42,141 - INFO - ✅ 20240405股票分红派息数据更新完成
2025-08-14 21:35:42,524 - INFO - ✅ 20240406股票分红派息数据更新完成
2025-08-14 21:35:42,875 - INFO - ✅ 20240407股票分红派息数据更新完成
2025-08-14 21:35:43,191 - INFO - ✅ 20240408股票分红派息数据更新完成
2025-08-14 21:35:43,525 - INFO - ✅ 20240409股票分红派息数据更新完成
2025-08-14 21:35:43,907 - INFO - ✅ 20240410股票分红派息数据更新完成
2025-08-14 21:35:44,257 - INFO - ✅ 20240411股票分红派息数据更新完成
2025-08-14 21:35:44,590 - INFO - ✅ 20240412股票分红派息数据更新完成
2025-08-14 21:35:44,913 - INFO - ✅ 20240413股票分红派息数据更新完成
2025-08-14 21:35:45,291 - INFO - ✅ 20240414股票分红派息数据更新完成
2025-08-14 21:35:45,608 - INFO - ✅ 20240415股票分红派息数据更新完成
2025-08-14 21:35:45,923 - INFO - ✅ 20240416股票分红派息数据更新完成
2025-08-14 21:35:46,257 - INFO - ✅ 20240417股票分红派息数据更新完成
2025-08-14 21:35:46,590 - INFO - ✅ 20240418股票分红派息数据更新完成
2025-08-14 21:35:46,923 - INFO - ✅ 20240419股票分红派息数据更新完成
2025-08-14 21:35:47,290 - INFO - ✅ 20240420股票分红派息数据更新完成
2025-08-14 21:35:47,634 - INFO - ✅ 20240421股票分红派息数据更新完成
2025-08-14 21:35:47,957 - INFO - ✅ 20240422股票分红派息数据更新完成
2025-08-14 21:35:48,357 - INFO - ✅ 20240423股票分红派息数据更新完成
2025-08-14 21:35:48,676 - INFO - ✅ 20240424股票分红派息数据更新完成
2025-08-14 21:35:49,005 - INFO - ✅ 20240425股票分红派息数据更新完成
2025-08-14 21:35:49,295 - INFO - ✅ 20240426股票分红派息数据更新完成
2025-08-14 21:35:49,675 - INFO - ✅ 20240427股票分红派息数据更新完成
2025-08-14 21:35:50,023 - INFO - ✅ 20240428股票分红派息数据更新完成
2025-08-14 21:35:50,340 - INFO - ✅ 20240429股票分红派息数据更新完成
2025-08-14 21:35:50,663 - INFO - ✅ 20240430股票分红派息数据更新完成
2025-08-14 21:35:51,045 - INFO - ✅ 20240501股票分红派息数据更新完成
2025-08-14 21:35:51,378 - INFO - ✅ 20240502股票分红派息数据更新完成
2025-08-14 21:35:51,757 - INFO - ✅ 20240503股票分红派息数据更新完成
2025-08-14 21:35:52,123 - INFO - ✅ 20240504股票分红派息数据更新完成
2025-08-14 21:35:52,607 - INFO - ✅ 20240505股票分红派息数据更新完成
2025-08-14 21:35:52,956 - INFO - ✅ 20240506股票分红派息数据更新完成
2025-08-14 21:35:53,285 - INFO - ✅ 20240507股票分红派息数据更新完成
2025-08-14 21:35:53,623 - INFO - ✅ 20240508股票分红派息数据更新完成
2025-08-14 21:35:53,994 - INFO - ✅ 20240509股票分红派息数据更新完成
2025-08-14 21:35:54,340 - INFO - ✅ 20240510股票分红派息数据更新完成
2025-08-14 21:35:54,676 - INFO - ✅ 20240511股票分红派息数据更新完成
2025-08-14 21:35:55,007 - INFO - ✅ 20240512股票分红派息数据更新完成
2025-08-14 21:35:55,374 - INFO - ✅ 20240513股票分红派息数据更新完成
2025-08-14 21:35:55,746 - INFO - ✅ 20240514股票分红派息数据更新完成
2025-08-14 21:35:56,073 - INFO - ✅ 20240515股票分红派息数据更新完成
2025-08-14 21:35:56,407 - INFO - ✅ 20240516股票分红派息数据更新完成
2025-08-14 21:35:56,758 - INFO - ✅ 20240517股票分红派息数据更新完成
2025-08-14 21:35:57,089 - INFO - ✅ 20240518股票分红派息数据更新完成
2025-08-14 21:35:57,414 - INFO - ✅ 20240519股票分红派息数据更新完成
2025-08-14 21:35:57,778 - INFO - ✅ 20240520股票分红派息数据更新完成
2025-08-14 21:35:58,108 - INFO - ✅ 20240521股票分红派息数据更新完成
2025-08-14 21:35:58,424 - INFO - ✅ 20240522股票分红派息数据更新完成
2025-08-14 21:35:58,787 - INFO - ✅ 20240523股票分红派息数据更新完成
2025-08-14 21:35:59,190 - INFO - ✅ 20240524股票分红派息数据更新完成
2025-08-14 21:35:59,585 - INFO - ✅ 20240525股票分红派息数据更新完成
2025-08-14 21:35:59,907 - INFO - ✅ 20240526股票分红派息数据更新完成
2025-08-14 21:36:00,258 - INFO - ✅ 20240527股票分红派息数据更新完成
2025-08-14 21:36:00,623 - INFO - ✅ 20240528股票分红派息数据更新完成
2025-08-14 21:36:00,972 - INFO - ✅ 20240529股票分红派息数据更新完成
2025-08-14 21:36:01,290 - INFO - ✅ 20240530股票分红派息数据更新完成
2025-08-14 21:36:01,612 - INFO - ✅ 20240531股票分红派息数据更新完成
2025-08-14 21:36:01,956 - INFO - ✅ 20240601股票分红派息数据更新完成
2025-08-14 21:36:02,307 - INFO - ✅ 20240602股票分红派息数据更新完成
2025-08-14 21:36:02,656 - INFO - ✅ 20240603股票分红派息数据更新完成
2025-08-14 21:36:03,006 - INFO - ✅ 20240604股票分红派息数据更新完成
2025-08-14 21:36:03,373 - INFO - ✅ 20240605股票分红派息数据更新完成
2025-08-14 21:36:03,706 - INFO - ✅ 20240606股票分红派息数据更新完成
2025-08-14 21:36:04,081 - INFO - ✅ 20240607股票分红派息数据更新完成
2025-08-14 21:36:04,425 - INFO - ✅ 20240608股票分红派息数据更新完成
2025-08-14 21:36:04,790 - INFO - ✅ 20240609股票分红派息数据更新完成
2025-08-14 21:36:05,106 - INFO - ✅ 20240610股票分红派息数据更新完成
2025-08-14 21:36:05,406 - INFO - ✅ 20240611股票分红派息数据更新完成
2025-08-14 21:36:05,740 - INFO - ✅ 20240612股票分红派息数据更新完成
2025-08-14 21:36:06,090 - INFO - ✅ 20240613股票分红派息数据更新完成
2025-08-14 21:36:06,426 - INFO - ✅ 20240614股票分红派息数据更新完成
2025-08-14 21:36:06,774 - INFO - ✅ 20240615股票分红派息数据更新完成
2025-08-14 21:36:07,107 - INFO - ✅ 20240616股票分红派息数据更新完成
2025-08-14 21:36:07,426 - INFO - ✅ 20240617股票分红派息数据更新完成
2025-08-14 21:36:07,808 - INFO - ✅ 20240618股票分红派息数据更新完成
2025-08-14 21:36:08,189 - INFO - ✅ 20240619股票分红派息数据更新完成
2025-08-14 21:36:08,539 - INFO - ✅ 20240620股票分红派息数据更新完成
2025-08-14 21:36:08,872 - INFO - ✅ 20240621股票分红派息数据更新完成
2025-08-14 21:36:09,206 - INFO - ✅ 20240622股票分红派息数据更新完成
2025-08-14 21:36:09,523 - INFO - ✅ 20240623股票分红派息数据更新完成
2025-08-14 21:36:09,890 - INFO - ✅ 20240624股票分红派息数据更新完成
2025-08-14 21:36:10,223 - INFO - ✅ 20240625股票分红派息数据更新完成
2025-08-14 21:36:10,590 - INFO - ✅ 20240626股票分红派息数据更新完成
2025-08-14 21:36:10,964 - INFO - ✅ 20240627股票分红派息数据更新完成
2025-08-14 21:36:11,290 - INFO - ✅ 20240628股票分红派息数据更新完成
2025-08-14 21:36:11,641 - INFO - ✅ 20240629股票分红派息数据更新完成
2025-08-14 21:36:11,994 - INFO - ✅ 20240630股票分红派息数据更新完成
2025-08-14 21:36:12,354 - INFO - ✅ 20240701股票分红派息数据更新完成
2025-08-14 21:36:12,726 - INFO - ✅ 20240702股票分红派息数据更新完成
2025-08-14 21:36:13,074 - INFO - ✅ 20240703股票分红派息数据更新完成
2025-08-14 21:36:13,406 - INFO - ✅ 20240704股票分红派息数据更新完成
2025-08-14 21:36:13,723 - INFO - ✅ 20240705股票分红派息数据更新完成
2025-08-14 21:36:14,076 - INFO - ✅ 20240706股票分红派息数据更新完成
2025-08-14 21:36:14,390 - INFO - ✅ 20240707股票分红派息数据更新完成
2025-08-14 21:36:14,719 - INFO - ✅ 20240708股票分红派息数据更新完成
2025-08-14 21:36:15,094 - INFO - ✅ 20240709股票分红派息数据更新完成
2025-08-14 21:36:15,408 - INFO - ✅ 20240710股票分红派息数据更新完成
2025-08-14 21:36:15,756 - INFO - ✅ 20240711股票分红派息数据更新完成
2025-08-14 21:36:16,089 - INFO - ✅ 20240712股票分红派息数据更新完成
2025-08-14 21:36:16,428 - INFO - ✅ 20240713股票分红派息数据更新完成
2025-08-14 21:36:16,756 - INFO - ✅ 20240714股票分红派息数据更新完成
2025-08-14 21:36:17,091 - INFO - ✅ 20240715股票分红派息数据更新完成
2025-08-14 21:36:17,422 - INFO - ✅ 20240716股票分红派息数据更新完成
2025-08-14 21:36:17,791 - INFO - ✅ 20240717股票分红派息数据更新完成
2025-08-14 21:36:18,124 - INFO - ✅ 20240718股票分红派息数据更新完成
2025-08-14 21:36:18,456 - INFO - ✅ 20240719股票分红派息数据更新完成
2025-08-14 21:36:18,839 - INFO - ✅ 20240720股票分红派息数据更新完成
2025-08-14 21:36:19,255 - INFO - ✅ 20240721股票分红派息数据更新完成
2025-08-14 21:36:19,559 - INFO - ✅ 20240722股票分红派息数据更新完成
2025-08-14 21:36:19,890 - INFO - ✅ 20240723股票分红派息数据更新完成
2025-08-14 21:36:20,206 - INFO - ✅ 20240724股票分红派息数据更新完成
2025-08-14 21:36:20,541 - INFO - ✅ 20240725股票分红派息数据更新完成
2025-08-14 21:36:20,873 - INFO - ✅ 20240726股票分红派息数据更新完成
2025-08-14 21:36:21,256 - INFO - ✅ 20240727股票分红派息数据更新完成
2025-08-14 21:36:21,590 - INFO - ✅ 20240728股票分红派息数据更新完成
2025-08-14 21:36:21,955 - INFO - ✅ 20240729股票分红派息数据更新完成
2025-08-14 21:36:22,291 - INFO - ✅ 20240730股票分红派息数据更新完成
2025-08-14 21:36:22,640 - INFO - ✅ 20240731股票分红派息数据更新完成
2025-08-14 21:36:22,954 - INFO - ✅ 20240801股票分红派息数据更新完成
2025-08-14 21:36:23,291 - INFO - ✅ 20240802股票分红派息数据更新完成
2025-08-14 21:36:23,623 - INFO - ✅ 20240803股票分红派息数据更新完成
2025-08-14 21:36:23,990 - INFO - ✅ 20240804股票分红派息数据更新完成
2025-08-14 21:36:24,357 - INFO - ✅ 20240805股票分红派息数据更新完成
2025-08-14 21:36:24,681 - INFO - ✅ 20240806股票分红派息数据更新完成
2025-08-14 21:36:25,056 - INFO - ✅ 20240807股票分红派息数据更新完成
2025-08-14 21:36:25,422 - INFO - ✅ 20240808股票分红派息数据更新完成
2025-08-14 21:36:25,772 - INFO - ✅ 20240809股票分红派息数据更新完成
2025-08-14 21:36:26,106 - INFO - ✅ 20240810股票分红派息数据更新完成
2025-08-14 21:36:26,439 - INFO - ✅ 20240811股票分红派息数据更新完成
2025-08-14 21:36:26,777 - INFO - ✅ 20240812股票分红派息数据更新完成
2025-08-14 21:36:27,124 - INFO - ✅ 20240813股票分红派息数据更新完成
2025-08-14 21:36:27,423 - INFO - ✅ 20240814股票分红派息数据更新完成
2025-08-14 21:36:27,807 - INFO - ✅ 20240815股票分红派息数据更新完成
2025-08-14 21:36:28,138 - INFO - ✅ 20240816股票分红派息数据更新完成
2025-08-14 21:36:28,479 - INFO - ✅ 20240817股票分红派息数据更新完成
2025-08-14 21:36:28,850 - INFO - ✅ 20240818股票分红派息数据更新完成
2025-08-14 21:36:29,205 - INFO - ✅ 20240819股票分红派息数据更新完成
2025-08-14 21:36:29,556 - INFO - ✅ 20240820股票分红派息数据更新完成
2025-08-14 21:36:29,889 - INFO - ✅ 20240821股票分红派息数据更新完成
2025-08-14 21:36:30,274 - INFO - ✅ 20240822股票分红派息数据更新完成
2025-08-14 21:36:30,637 - INFO - ✅ 20240823股票分红派息数据更新完成
2025-08-14 21:36:30,973 - INFO - ✅ 20240824股票分红派息数据更新完成
2025-08-14 21:36:31,307 - INFO - ✅ 20240825股票分红派息数据更新完成
2025-08-14 21:36:31,673 - INFO - ✅ 20240826股票分红派息数据更新完成
2025-08-14 21:36:32,023 - INFO - ✅ 20240827股票分红派息数据更新完成
2025-08-14 21:36:32,375 - INFO - ✅ 20240828股票分红派息数据更新完成
2025-08-14 21:36:32,757 - INFO - ✅ 20240829股票分红派息数据更新完成
2025-08-14 21:36:33,106 - INFO - ✅ 20240830股票分红派息数据更新完成
2025-08-14 21:36:33,439 - INFO - ✅ 20240831股票分红派息数据更新完成
2025-08-14 21:36:33,772 - INFO - ✅ 20240901股票分红派息数据更新完成
2025-08-14 21:36:34,138 - INFO - ✅ 20240902股票分红派息数据更新完成
2025-08-14 21:36:34,523 - INFO - ✅ 20240903股票分红派息数据更新完成
2025-08-14 21:36:34,873 - INFO - ✅ 20240904股票分红派息数据更新完成
2025-08-14 21:36:35,224 - INFO - ✅ 20240905股票分红派息数据更新完成
2025-08-14 21:36:35,607 - INFO - ✅ 20240906股票分红派息数据更新完成
2025-08-14 21:36:35,964 - INFO - ✅ 20240907股票分红派息数据更新完成
2025-08-14 21:36:36,338 - INFO - ✅ 20240908股票分红派息数据更新完成
2025-08-14 21:36:36,712 - INFO - ✅ 20240909股票分红派息数据更新完成
2025-08-14 21:36:37,055 - INFO - ✅ 20240910股票分红派息数据更新完成
2025-08-14 21:36:37,422 - INFO - ✅ 20240911股票分红派息数据更新完成
2025-08-14 21:36:37,756 - INFO - ✅ 20240912股票分红派息数据更新完成
2025-08-14 21:36:38,089 - INFO - ✅ 20240913股票分红派息数据更新完成
2025-08-14 21:36:38,439 - INFO - ✅ 20240914股票分红派息数据更新完成
2025-08-14 21:36:38,789 - INFO - ✅ 20240915股票分红派息数据更新完成
2025-08-14 21:36:39,443 - INFO - ✅ 20240916股票分红派息数据更新完成
2025-08-14 21:36:39,790 - INFO - ✅ 20240917股票分红派息数据更新完成
2025-08-14 21:36:40,122 - INFO - ✅ 20240918股票分红派息数据更新完成
2025-08-14 21:36:40,472 - INFO - ✅ 20240919股票分红派息数据更新完成
2025-08-14 21:36:40,820 - INFO - ✅ 20240920股票分红派息数据更新完成
2025-08-14 21:36:41,137 - INFO - ✅ 20240921股票分红派息数据更新完成
2025-08-14 21:36:41,503 - INFO - ✅ 20240922股票分红派息数据更新完成
2025-08-14 21:36:41,871 - INFO - ✅ 20240923股票分红派息数据更新完成
2025-08-14 21:36:42,185 - INFO - ✅ 20240924股票分红派息数据更新完成
2025-08-14 21:36:43,593 - INFO - ✅ 20240925股票分红派息数据更新完成
2025-08-14 21:36:43,919 - INFO - ✅ 20240926股票分红派息数据更新完成
2025-08-14 21:36:44,245 - INFO - ✅ 20240927股票分红派息数据更新完成
2025-08-14 21:36:44,585 - INFO - ✅ 20240928股票分红派息数据更新完成
2025-08-14 21:36:44,934 - INFO - ✅ 20240929股票分红派息数据更新完成
2025-08-14 21:36:45,272 - INFO - ✅ 20240930股票分红派息数据更新完成
2025-08-14 21:36:45,652 - INFO - ✅ 20241001股票分红派息数据更新完成
2025-08-14 21:36:46,275 - INFO - ✅ 20241002股票分红派息数据更新完成
2025-08-14 21:36:46,586 - INFO - ✅ 20241003股票分红派息数据更新完成
2025-08-14 21:36:46,926 - INFO - ✅ 20241004股票分红派息数据更新完成
2025-08-14 21:36:47,265 - INFO - ✅ 20241005股票分红派息数据更新完成
2025-08-14 21:36:47,607 - INFO - ✅ 20241006股票分红派息数据更新完成
2025-08-14 21:36:48,056 - INFO - ✅ 20241007股票分红派息数据更新完成
2025-08-14 21:36:48,393 - INFO - ✅ 20241008股票分红派息数据更新完成
2025-08-14 21:36:48,889 - INFO - ✅ 20241009股票分红派息数据更新完成
2025-08-14 21:36:49,203 - INFO - ✅ 20241010股票分红派息数据更新完成
2025-08-14 21:36:49,521 - INFO - ✅ 20241011股票分红派息数据更新完成
2025-08-14 21:36:49,871 - INFO - ✅ 20241012股票分红派息数据更新完成
2025-08-14 21:36:50,242 - INFO - ✅ 20241013股票分红派息数据更新完成
2025-08-14 21:36:50,584 - INFO - ✅ 20241014股票分红派息数据更新完成
2025-08-14 21:36:50,909 - INFO - ✅ 20241015股票分红派息数据更新完成
2025-08-14 21:36:51,255 - INFO - ✅ 20241016股票分红派息数据更新完成
2025-08-14 21:36:51,590 - INFO - ✅ 20241017股票分红派息数据更新完成
2025-08-14 21:36:51,888 - INFO - ✅ 20241018股票分红派息数据更新完成
2025-08-14 21:36:52,238 - INFO - ✅ 20241019股票分红派息数据更新完成
2025-08-14 21:36:52,588 - INFO - ✅ 20241020股票分红派息数据更新完成
2025-08-14 21:36:52,977 - INFO - ✅ 20241021股票分红派息数据更新完成
2025-08-14 21:36:53,322 - INFO - ✅ 20241022股票分红派息数据更新完成
2025-08-14 21:36:53,687 - INFO - ✅ 20241023股票分红派息数据更新完成
2025-08-14 21:36:54,055 - INFO - ✅ 20241024股票分红派息数据更新完成
2025-08-14 21:36:54,389 - INFO - ✅ 20241025股票分红派息数据更新完成
2025-08-14 21:36:54,723 - INFO - ✅ 20241026股票分红派息数据更新完成
2025-08-14 21:36:55,055 - INFO - ✅ 20241027股票分红派息数据更新完成
2025-08-14 21:36:55,440 - INFO - ✅ 20241028股票分红派息数据更新完成
2025-08-14 21:36:55,790 - INFO - ✅ 20241029股票分红派息数据更新完成
2025-08-14 21:36:56,173 - INFO - ✅ 20241030股票分红派息数据更新完成
2025-08-14 21:36:56,523 - INFO - ✅ 20241031股票分红派息数据更新完成
2025-08-14 21:36:56,827 - INFO - ✅ 20241101股票分红派息数据更新完成
2025-08-14 21:36:57,173 - INFO - ✅ 20241102股票分红派息数据更新完成
2025-08-14 21:36:57,521 - INFO - ✅ 20241103股票分红派息数据更新完成
2025-08-14 21:36:57,855 - INFO - ✅ 20241104股票分红派息数据更新完成
2025-08-14 21:36:58,206 - INFO - ✅ 20241105股票分红派息数据更新完成
2025-08-14 21:36:58,555 - INFO - ✅ 20241106股票分红派息数据更新完成
2025-08-14 21:36:58,860 - INFO - ✅ 20241107股票分红派息数据更新完成
2025-08-14 21:36:59,206 - INFO - ✅ 20241108股票分红派息数据更新完成
2025-08-14 21:36:59,550 - INFO - ✅ 20241109股票分红派息数据更新完成
2025-08-14 21:36:59,878 - INFO - ✅ 20241110股票分红派息数据更新完成
2025-08-14 21:37:00,238 - INFO - ✅ 20241111股票分红派息数据更新完成
2025-08-14 21:37:00,573 - INFO - ✅ 20241112股票分红派息数据更新完成
2025-08-14 21:37:00,938 - INFO - ✅ 20241113股票分红派息数据更新完成
2025-08-14 21:37:01,270 - INFO - ✅ 20241114股票分红派息数据更新完成
2025-08-14 21:37:01,628 - INFO - ✅ 20241115股票分红派息数据更新完成
2025-08-14 21:37:02,010 - INFO - ✅ 20241116股票分红派息数据更新完成
2025-08-14 21:37:02,355 - INFO - ✅ 20241117股票分红派息数据更新完成
2025-08-14 21:37:02,692 - INFO - ✅ 20241118股票分红派息数据更新完成
2025-08-14 21:37:03,111 - INFO - ✅ 20241119股票分红派息数据更新完成
2025-08-14 21:37:03,471 - INFO - ✅ 20241120股票分红派息数据更新完成
2025-08-14 21:37:03,810 - INFO - ✅ 20241121股票分红派息数据更新完成
2025-08-14 21:37:04,171 - INFO - ✅ 20241122股票分红派息数据更新完成
2025-08-14 21:37:04,522 - INFO - ✅ 20241123股票分红派息数据更新完成
2025-08-14 21:37:04,872 - INFO - ✅ 20241124股票分红派息数据更新完成
2025-08-14 21:37:05,237 - INFO - ✅ 20241125股票分红派息数据更新完成
2025-08-14 21:37:05,571 - INFO - ✅ 20241126股票分红派息数据更新完成
2025-08-14 21:37:05,921 - INFO - ✅ 20241127股票分红派息数据更新完成
2025-08-14 21:37:06,255 - INFO - ✅ 20241128股票分红派息数据更新完成
2025-08-14 21:37:06,603 - INFO - ✅ 20241129股票分红派息数据更新完成
2025-08-14 21:37:06,955 - INFO - ✅ 20241130股票分红派息数据更新完成
2025-08-14 21:37:07,337 - INFO - ✅ 20241201股票分红派息数据更新完成
2025-08-14 21:37:07,649 - INFO - ✅ 20241202股票分红派息数据更新完成
2025-08-14 21:37:07,993 - INFO - ✅ 20241203股票分红派息数据更新完成
2025-08-14 21:37:08,336 - INFO - ✅ 20241204股票分红派息数据更新完成
2025-08-14 21:37:08,653 - INFO - ✅ 20241205股票分红派息数据更新完成
2025-08-14 21:37:08,970 - INFO - ✅ 20241206股票分红派息数据更新完成
2025-08-14 21:37:09,304 - INFO - ✅ 20241207股票分红派息数据更新完成
2025-08-14 21:37:09,652 - INFO - ✅ 20241208股票分红派息数据更新完成
2025-08-14 21:37:10,024 - INFO - ✅ 20241209股票分红派息数据更新完成
2025-08-14 21:37:10,353 - INFO - ✅ 20241210股票分红派息数据更新完成
2025-08-14 21:37:10,667 - INFO - ✅ 20241211股票分红派息数据更新完成
2025-08-14 21:37:11,001 - INFO - ✅ 20241212股票分红派息数据更新完成
2025-08-14 21:37:11,348 - INFO - ✅ 20241213股票分红派息数据更新完成
2025-08-14 21:37:11,722 - INFO - ✅ 20241214股票分红派息数据更新完成
2025-08-14 21:37:12,063 - INFO - ✅ 20241215股票分红派息数据更新完成
2025-08-14 21:37:12,372 - INFO - ✅ 20241216股票分红派息数据更新完成
2025-08-14 21:37:12,860 - INFO - ✅ 20241217股票分红派息数据更新完成
2025-08-14 21:37:13,204 - INFO - ✅ 20241218股票分红派息数据更新完成
2025-08-14 21:37:13,571 - INFO - ✅ 20241219股票分红派息数据更新完成
2025-08-14 21:37:13,937 - INFO - ✅ 20241220股票分红派息数据更新完成
2025-08-14 21:37:14,306 - INFO - ✅ 20241221股票分红派息数据更新完成
2025-08-14 21:37:14,639 - INFO - ✅ 20241222股票分红派息数据更新完成
2025-08-14 21:37:15,004 - INFO - ✅ 20241223股票分红派息数据更新完成
2025-08-14 21:37:15,336 - INFO - ✅ 20241224股票分红派息数据更新完成
2025-08-14 21:37:15,688 - INFO - ✅ 20241225股票分红派息数据更新完成
2025-08-14 21:37:16,075 - INFO - ✅ 20241226股票分红派息数据更新完成
2025-08-14 21:37:16,389 - INFO - ✅ 20241227股票分红派息数据更新完成
2025-08-14 21:37:16,721 - INFO - ✅ 20241228股票分红派息数据更新完成
2025-08-14 21:37:17,076 - INFO - ✅ 20241229股票分红派息数据更新完成
2025-08-14 21:37:17,440 - INFO - ✅ 20241230股票分红派息数据更新完成
2025-08-14 21:37:17,771 - INFO - ✅ 20241231股票分红派息数据更新完成
2025-08-14 21:37:18,138 - INFO - ✅ 20250101股票分红派息数据更新完成
2025-08-14 21:37:18,472 - INFO - ✅ 20250102股票分红派息数据更新完成
2025-08-14 21:37:18,805 - INFO - ✅ 20250103股票分红派息数据更新完成
2025-08-14 21:37:19,156 - INFO - ✅ 20250104股票分红派息数据更新完成
2025-08-14 21:37:19,523 - INFO - ✅ 20250105股票分红派息数据更新完成
2025-08-14 21:37:19,871 - INFO - ✅ 20250106股票分红派息数据更新完成
2025-08-14 21:37:20,256 - INFO - ✅ 20250107股票分红派息数据更新完成
2025-08-14 21:37:20,621 - INFO - ✅ 20250108股票分红派息数据更新完成
2025-08-14 21:37:20,943 - INFO - ✅ 20250109股票分红派息数据更新完成
2025-08-14 21:37:21,288 - INFO - ✅ 20250110股票分红派息数据更新完成
2025-08-14 21:37:21,642 - INFO - ✅ 20250111股票分红派息数据更新完成
2025-08-14 21:37:21,987 - INFO - ✅ 20250112股票分红派息数据更新完成
2025-08-14 21:37:22,318 - INFO - ✅ 20250113股票分红派息数据更新完成
2025-08-14 21:37:22,653 - INFO - ✅ 20250114股票分红派息数据更新完成
2025-08-14 21:37:23,018 - INFO - ✅ 20250115股票分红派息数据更新完成
2025-08-14 21:37:23,334 - INFO - ✅ 20250116股票分红派息数据更新完成
2025-08-14 21:37:23,703 - INFO - ✅ 20250117股票分红派息数据更新完成
2025-08-14 21:37:24,039 - INFO - ✅ 20250118股票分红派息数据更新完成
2025-08-14 21:37:24,436 - INFO - ✅ 20250119股票分红派息数据更新完成
2025-08-14 21:37:24,754 - INFO - ✅ 20250120股票分红派息数据更新完成
2025-08-14 21:37:25,133 - INFO - ✅ 20250121股票分红派息数据更新完成
2025-08-14 21:37:25,469 - INFO - ✅ 20250122股票分红派息数据更新完成
2025-08-14 21:37:25,821 - INFO - ✅ 20250123股票分红派息数据更新完成
2025-08-14 21:37:26,139 - INFO - ✅ 20250124股票分红派息数据更新完成
2025-08-14 21:37:26,501 - INFO - ✅ 20250125股票分红派息数据更新完成
2025-08-14 21:37:26,870 - INFO - ✅ 20250126股票分红派息数据更新完成
2025-08-14 21:37:27,202 - INFO - ✅ 20250127股票分红派息数据更新完成
2025-08-14 21:37:27,602 - INFO - ✅ 20250128股票分红派息数据更新完成
2025-08-14 21:37:27,952 - INFO - ✅ 20250129股票分红派息数据更新完成
2025-08-14 21:37:28,271 - INFO - ✅ 20250130股票分红派息数据更新完成
2025-08-14 21:37:28,587 - INFO - ✅ 20250131股票分红派息数据更新完成
2025-08-14 21:37:28,953 - INFO - ✅ 20250201股票分红派息数据更新完成
2025-08-14 21:37:29,320 - INFO - ✅ 20250202股票分红派息数据更新完成
2025-08-14 21:37:29,638 - INFO - ✅ 20250203股票分红派息数据更新完成
2025-08-14 21:37:30,002 - INFO - ✅ 20250204股票分红派息数据更新完成
2025-08-14 21:37:30,350 - INFO - ✅ 20250205股票分红派息数据更新完成
2025-08-14 21:37:30,688 - INFO - ✅ 20250206股票分红派息数据更新完成
2025-08-14 21:37:31,001 - INFO - ✅ 20250207股票分红派息数据更新完成
2025-08-14 21:37:31,584 - INFO - ✅ 20250208股票分红派息数据更新完成
2025-08-14 21:37:31,952 - INFO - ✅ 20250209股票分红派息数据更新完成
2025-08-14 21:37:32,320 - INFO - ✅ 20250210股票分红派息数据更新完成
2025-08-14 21:37:32,652 - INFO - ✅ 20250211股票分红派息数据更新完成
2025-08-14 21:37:32,995 - INFO - ✅ 20250212股票分红派息数据更新完成
2025-08-14 21:37:33,340 - INFO - ✅ 20250213股票分红派息数据更新完成
2025-08-14 21:37:33,705 - INFO - ✅ 20250214股票分红派息数据更新完成
2025-08-14 21:37:34,070 - INFO - ✅ 20250215股票分红派息数据更新完成
2025-08-14 21:37:34,371 - INFO - ✅ 20250216股票分红派息数据更新完成
2025-08-14 21:37:34,661 - INFO - ✅ 20250217股票分红派息数据更新完成
2025-08-14 21:37:35,052 - INFO - ✅ 20250218股票分红派息数据更新完成
2025-08-14 21:37:35,387 - INFO - ✅ 20250219股票分红派息数据更新完成
2025-08-14 21:37:35,737 - INFO - ✅ 20250220股票分红派息数据更新完成
2025-08-14 21:37:36,087 - INFO - ✅ 20250221股票分红派息数据更新完成
2025-08-14 21:37:36,409 - INFO - ✅ 20250222股票分红派息数据更新完成
2025-08-14 21:37:36,738 - INFO - ✅ 20250223股票分红派息数据更新完成
2025-08-14 21:37:37,059 - INFO - ✅ 20250224股票分红派息数据更新完成
2025-08-14 21:37:37,387 - INFO - ✅ 20250225股票分红派息数据更新完成
2025-08-14 21:37:37,722 - INFO - ✅ 20250226股票分红派息数据更新完成
2025-08-14 21:37:38,059 - INFO - ✅ 20250227股票分红派息数据更新完成
2025-08-14 21:37:38,437 - INFO - ✅ 20250228股票分红派息数据更新完成
2025-08-14 21:37:38,821 - INFO - ✅ 20250301股票分红派息数据更新完成
2025-08-14 21:37:39,238 - INFO - ✅ 20250302股票分红派息数据更新完成
2025-08-14 21:37:39,621 - INFO - ✅ 20250303股票分红派息数据更新完成
2025-08-14 21:37:39,956 - INFO - ✅ 20250304股票分红派息数据更新完成
2025-08-14 21:37:40,288 - INFO - ✅ 20250305股票分红派息数据更新完成
2025-08-14 21:37:40,656 - INFO - ✅ 20250306股票分红派息数据更新完成
2025-08-14 21:37:41,005 - INFO - ✅ 20250307股票分红派息数据更新完成
2025-08-14 21:37:41,325 - INFO - ✅ 20250308股票分红派息数据更新完成
2025-08-14 21:37:41,671 - INFO - ✅ 20250309股票分红派息数据更新完成
2025-08-14 21:37:42,040 - INFO - ✅ 20250310股票分红派息数据更新完成
2025-08-14 21:37:42,370 - INFO - ✅ 20250311股票分红派息数据更新完成
2025-08-14 21:37:42,683 - INFO - ✅ 20250312股票分红派息数据更新完成
2025-08-14 21:37:43,022 - INFO - ✅ 20250313股票分红派息数据更新完成
2025-08-14 21:37:43,388 - INFO - ✅ 20250314股票分红派息数据更新完成
2025-08-14 21:37:43,755 - INFO - ✅ 20250315股票分红派息数据更新完成
2025-08-14 21:37:44,103 - INFO - ✅ 20250316股票分红派息数据更新完成
2025-08-14 21:37:44,435 - INFO - ✅ 20250317股票分红派息数据更新完成
2025-08-14 21:37:44,752 - INFO - ✅ 20250318股票分红派息数据更新完成
2025-08-14 21:37:45,056 - INFO - ✅ 20250319股票分红派息数据更新完成
2025-08-14 21:37:45,384 - INFO - ✅ 20250320股票分红派息数据更新完成
2025-08-14 21:37:45,734 - INFO - ✅ 20250321股票分红派息数据更新完成
2025-08-14 21:37:46,035 - INFO - ✅ 20250322股票分红派息数据更新完成
2025-08-14 21:37:46,355 - INFO - ✅ 20250323股票分红派息数据更新完成
2025-08-14 21:37:46,704 - INFO - ✅ 20250324股票分红派息数据更新完成
2025-08-14 21:37:47,087 - INFO - ✅ 20250325股票分红派息数据更新完成
2025-08-14 21:37:47,418 - INFO - ✅ 20250326股票分红派息数据更新完成
2025-08-14 21:37:47,786 - INFO - ✅ 20250327股票分红派息数据更新完成
2025-08-14 21:37:48,154 - INFO - ✅ 20250328股票分红派息数据更新完成
2025-08-14 21:37:48,500 - INFO - ✅ 20250329股票分红派息数据更新完成
2025-08-14 21:37:48,871 - INFO - ✅ 20250330股票分红派息数据更新完成
2025-08-14 21:37:49,219 - INFO - ✅ 20250331股票分红派息数据更新完成
2025-08-14 21:37:49,552 - INFO - ✅ 20250401股票分红派息数据更新完成
2025-08-14 21:37:49,884 - INFO - ✅ 20250402股票分红派息数据更新完成
2025-08-14 21:37:50,220 - INFO - ✅ 20250403股票分红派息数据更新完成
2025-08-14 21:37:50,586 - INFO - ✅ 20250404股票分红派息数据更新完成
2025-08-14 21:37:50,907 - INFO - ✅ 20250405股票分红派息数据更新完成
2025-08-14 21:37:51,301 - INFO - ✅ 20250406股票分红派息数据更新完成
2025-08-14 21:37:51,654 - INFO - ✅ 20250407股票分红派息数据更新完成
2025-08-14 21:37:51,970 - INFO - ✅ 20250408股票分红派息数据更新完成
2025-08-14 21:37:52,303 - INFO - ✅ 20250409股票分红派息数据更新完成
2025-08-14 21:37:52,637 - INFO - ✅ 20250410股票分红派息数据更新完成
2025-08-14 21:37:53,016 - INFO - ✅ 20250411股票分红派息数据更新完成
2025-08-14 21:37:53,336 - INFO - ✅ 20250412股票分红派息数据更新完成
2025-08-14 21:37:53,647 - INFO - ✅ 20250413股票分红派息数据更新完成
2025-08-14 21:37:54,105 - INFO - ✅ 20250414股票分红派息数据更新完成
2025-08-14 21:37:54,432 - INFO - ✅ 20250415股票分红派息数据更新完成
2025-08-14 21:37:54,770 - INFO - ✅ 20250416股票分红派息数据更新完成
2025-08-14 21:37:55,087 - INFO - ✅ 20250417股票分红派息数据更新完成
2025-08-14 21:37:55,425 - INFO - ✅ 20250418股票分红派息数据更新完成
2025-08-14 21:37:55,787 - INFO - ✅ 20250419股票分红派息数据更新完成
2025-08-14 21:37:56,117 - INFO - ✅ 20250420股票分红派息数据更新完成
2025-08-14 21:37:56,436 - INFO - ✅ 20250421股票分红派息数据更新完成
2025-08-14 21:37:56,720 - INFO - ✅ 20250422股票分红派息数据更新完成
2025-08-14 21:37:57,071 - INFO - ✅ 20250423股票分红派息数据更新完成
2025-08-14 21:37:57,420 - INFO - ✅ 20250424股票分红派息数据更新完成
2025-08-14 21:37:57,871 - INFO - ✅ 20250425股票分红派息数据更新完成
2025-08-14 21:37:58,220 - INFO - ✅ 20250426股票分红派息数据更新完成
2025-08-14 21:37:58,556 - INFO - ✅ 20250427股票分红派息数据更新完成
2025-08-14 21:37:58,873 - INFO - ✅ 20250428股票分红派息数据更新完成
2025-08-14 21:37:59,204 - INFO - ✅ 20250429股票分红派息数据更新完成
2025-08-14 21:37:59,520 - INFO - ✅ 20250430股票分红派息数据更新完成
2025-08-14 21:37:59,846 - INFO - ✅ 20250501股票分红派息数据更新完成
2025-08-14 21:38:00,190 - INFO - ✅ 20250502股票分红派息数据更新完成
2025-08-14 21:38:00,554 - INFO - ✅ 20250503股票分红派息数据更新完成
2025-08-14 21:38:00,906 - INFO - ✅ 20250504股票分红派息数据更新完成
2025-08-14 21:38:01,205 - INFO - ✅ 20250505股票分红派息数据更新完成
2025-08-14 21:38:01,569 - INFO - ✅ 20250506股票分红派息数据更新完成
2025-08-14 21:38:02,187 - INFO - ✅ 20250507股票分红派息数据更新完成
2025-08-14 21:38:02,536 - INFO - ✅ 20250508股票分红派息数据更新完成
2025-08-14 21:38:02,903 - INFO - ✅ 20250509股票分红派息数据更新完成
2025-08-14 21:38:03,220 - INFO - ✅ 20250510股票分红派息数据更新完成
2025-08-14 21:38:03,554 - INFO - ✅ 20250511股票分红派息数据更新完成
2025-08-14 21:38:03,956 - INFO - ✅ 20250512股票分红派息数据更新完成
2025-08-14 21:38:04,306 - INFO - ✅ 20250513股票分红派息数据更新完成
2025-08-14 21:38:04,672 - INFO - ✅ 20250514股票分红派息数据更新完成
2025-08-14 21:38:05,003 - INFO - ✅ 20250515股票分红派息数据更新完成
2025-08-14 21:38:05,404 - INFO - ✅ 20250516股票分红派息数据更新完成
2025-08-14 21:38:05,754 - INFO - ✅ 20250517股票分红派息数据更新完成
2025-08-14 21:38:06,090 - INFO - ✅ 20250518股票分红派息数据更新完成
2025-08-14 21:38:06,420 - INFO - ✅ 20250519股票分红派息数据更新完成
2025-08-14 21:38:06,771 - INFO - ✅ 20250520股票分红派息数据更新完成
2025-08-14 21:38:07,105 - INFO - ✅ 20250521股票分红派息数据更新完成
2025-08-14 21:38:07,438 - INFO - ✅ 20250522股票分红派息数据更新完成
2025-08-14 21:38:07,771 - INFO - ✅ 20250523股票分红派息数据更新完成
2025-08-14 21:38:08,104 - INFO - ✅ 20250524股票分红派息数据更新完成
2025-08-14 21:38:08,407 - INFO - ✅ 20250525股票分红派息数据更新完成
2025-08-14 21:38:08,770 - INFO - ✅ 20250526股票分红派息数据更新完成
2025-08-14 21:38:09,090 - INFO - ✅ 20250527股票分红派息数据更新完成
2025-08-14 21:38:09,387 - INFO - ✅ 20250528股票分红派息数据更新完成
2025-08-14 21:38:09,755 - INFO - ✅ 20250529股票分红派息数据更新完成
2025-08-14 21:38:10,120 - INFO - ✅ 20250530股票分红派息数据更新完成
2025-08-14 21:38:10,452 - INFO - ✅ 20250531股票分红派息数据更新完成
2025-08-14 21:38:10,787 - INFO - ✅ 20250601股票分红派息数据更新完成
2025-08-14 21:38:11,107 - INFO - ✅ 20250602股票分红派息数据更新完成
2025-08-14 21:38:11,454 - INFO - ✅ 20250603股票分红派息数据更新完成
2025-08-14 21:38:11,820 - INFO - ✅ 20250604股票分红派息数据更新完成
2025-08-14 21:38:12,173 - INFO - ✅ 20250605股票分红派息数据更新完成
2025-08-14 21:38:12,504 - INFO - ✅ 20250606股票分红派息数据更新完成
2025-08-14 21:38:12,855 - INFO - ✅ 20250607股票分红派息数据更新完成
2025-08-14 21:38:13,207 - INFO - ✅ 20250608股票分红派息数据更新完成
2025-08-14 21:38:13,555 - INFO - ✅ 20250609股票分红派息数据更新完成
2025-08-14 21:38:13,888 - INFO - ✅ 20250610股票分红派息数据更新完成
2025-08-14 21:38:14,225 - INFO - ✅ 20250611股票分红派息数据更新完成
2025-08-14 21:38:14,620 - INFO - ✅ 20250612股票分红派息数据更新完成
2025-08-14 21:38:14,988 - INFO - ✅ 20250613股票分红派息数据更新完成
2025-08-14 21:38:15,320 - INFO - ✅ 20250614股票分红派息数据更新完成
2025-08-14 21:38:15,670 - INFO - ✅ 20250615股票分红派息数据更新完成
2025-08-14 21:38:16,005 - INFO - ✅ 20250616股票分红派息数据更新完成
2025-08-14 21:38:16,369 - INFO - ✅ 20250617股票分红派息数据更新完成
2025-08-14 21:38:16,754 - INFO - ✅ 20250618股票分红派息数据更新完成
2025-08-14 21:38:17,121 - INFO - ✅ 20250619股票分红派息数据更新完成
2025-08-14 21:38:17,454 - INFO - ✅ 20250620股票分红派息数据更新完成
2025-08-14 21:38:17,780 - INFO - ✅ 20250621股票分红派息数据更新完成
2025-08-14 21:38:18,154 - INFO - ✅ 20250622股票分红派息数据更新完成
2025-08-14 21:38:18,520 - INFO - ✅ 20250623股票分红派息数据更新完成
2025-08-14 21:38:18,836 - INFO - ✅ 20250624股票分红派息数据更新完成
2025-08-14 21:38:19,253 - INFO - ✅ 20250625股票分红派息数据更新完成
2025-08-14 21:38:19,611 - INFO - ✅ 20250626股票分红派息数据更新完成
2025-08-14 21:38:19,969 - INFO - ✅ 20250627股票分红派息数据更新完成
2025-08-14 21:38:20,301 - INFO - ✅ 20250628股票分红派息数据更新完成
2025-08-14 21:38:20,652 - INFO - ✅ 20250629股票分红派息数据更新完成
2025-08-14 21:38:21,116 - INFO - ✅ 20250630股票分红派息数据更新完成
2025-08-14 21:38:21,448 - INFO - ✅ 20250701股票分红派息数据更新完成
2025-08-14 21:38:21,768 - INFO - ✅ 20250702股票分红派息数据更新完成
2025-08-14 21:38:22,114 - INFO - ✅ 20250703股票分红派息数据更新完成
2025-08-14 21:38:22,453 - INFO - ✅ 20250704股票分红派息数据更新完成
2025-08-14 21:38:22,770 - INFO - ✅ 20250705股票分红派息数据更新完成
2025-08-14 21:38:23,104 - INFO - ✅ 20250706股票分红派息数据更新完成
2025-08-14 21:38:23,454 - INFO - ✅ 20250707股票分红派息数据更新完成
2025-08-14 21:38:23,801 - INFO - ✅ 20250708股票分红派息数据更新完成
2025-08-14 21:38:24,145 - INFO - ✅ 20250709股票分红派息数据更新完成
2025-08-14 21:38:24,451 - INFO - ✅ 20250710股票分红派息数据更新完成
2025-08-14 21:38:24,819 - INFO - ✅ 20250711股票分红派息数据更新完成
2025-08-14 21:38:25,153 - INFO - ✅ 20250712股票分红派息数据更新完成
2025-08-14 21:38:25,535 - INFO - ✅ 20250713股票分红派息数据更新完成
2025-08-14 21:38:25,921 - INFO - ✅ 20250714股票分红派息数据更新完成
2025-08-14 21:38:26,255 - INFO - ✅ 20250715股票分红派息数据更新完成
2025-08-14 21:38:26,590 - INFO - ✅ 20250716股票分红派息数据更新完成
2025-08-14 21:38:26,970 - INFO - ✅ 20250717股票分红派息数据更新完成
2025-08-14 21:38:27,304 - INFO - ✅ 20250718股票分红派息数据更新完成
2025-08-14 21:38:27,720 - INFO - ✅ 20250719股票分红派息数据更新完成
2025-08-14 21:38:28,035 - INFO - ✅ 20250720股票分红派息数据更新完成
2025-08-14 21:38:28,420 - INFO - ✅ 20250721股票分红派息数据更新完成
2025-08-14 21:38:28,753 - INFO - ✅ 20250722股票分红派息数据更新完成
2025-08-14 21:38:29,074 - INFO - ✅ 20250723股票分红派息数据更新完成
2025-08-14 21:38:29,420 - INFO - ✅ 20250724股票分红派息数据更新完成
2025-08-14 21:38:29,770 - INFO - ✅ 20250725股票分红派息数据更新完成
2025-08-14 21:38:30,086 - INFO - ✅ 20250726股票分红派息数据更新完成
2025-08-14 21:38:30,434 - INFO - ✅ 20250727股票分红派息数据更新完成
2025-08-14 21:38:30,771 - INFO - ✅ 20250728股票分红派息数据更新完成
2025-08-14 21:38:31,142 - INFO - ✅ 20250729股票分红派息数据更新完成
2025-08-14 21:38:31,438 - INFO - ✅ 20250730股票分红派息数据更新完成
2025-08-14 21:38:31,803 - INFO - ✅ 20250731股票分红派息数据更新完成
2025-08-14 21:38:32,152 - INFO - ✅ 20250801股票分红派息数据更新完成
2025-08-14 21:38:32,484 - INFO - ✅ 20250802股票分红派息数据更新完成
2025-08-14 21:38:32,851 - INFO - ✅ 20250803股票分红派息数据更新完成
2025-08-14 21:38:33,174 - INFO - ✅ 20250804股票分红派息数据更新完成
2025-08-14 21:38:33,501 - INFO - ✅ 20250805股票分红派息数据更新完成
2025-08-14 21:38:33,868 - INFO - ✅ 20250806股票分红派息数据更新完成
2025-08-14 21:38:34,200 - INFO - ✅ 20250807股票分红派息数据更新完成
2025-08-14 21:38:34,569 - INFO - ✅ 20250808股票分红派息数据更新完成
2025-08-14 21:38:34,897 - INFO - ✅ 20250809股票分红派息数据更新完成
2025-08-14 21:38:35,233 - INFO - ✅ 20250810股票分红派息数据更新完成
2025-08-14 21:38:35,584 - INFO - ✅ 20250811股票分红派息数据更新完成
2025-08-14 21:38:36,357 - INFO - ✅ 20250812股票分红派息数据更新完成
2025-08-14 21:38:36,701 - INFO - ✅ 20250813股票分红派息数据更新完成
2025-08-14 21:38:37,068 - INFO - ✅ 20250814股票分红派息数据更新完成
2025-08-14 21:38:37,068 - INFO - ✅ 本周股票分红派息数据更新完成
2025-08-14 21:38:37,069 - INFO - ============================================================
2025-08-14 21:38:37,069 - INFO - 📊 本周数据更新统计
2025-08-14 21:38:37,069 - INFO - ============================================================
2025-08-14 21:38:37,070 - INFO - ⏱️  更新耗时: 0:20:45.686940
2025-08-14 21:38:37,071 - INFO - 📈 实时行情: 0 条
2025-08-14 21:38:37,072 - INFO - 📊 本周K线: 0 条
2025-08-14 21:38:37,072 - INFO - 📅 交易日历: 0 条
2025-08-14 21:38:37,073 - INFO - ✅ 无错误
2025-08-14 21:38:37,073 - INFO - ============================================================
2025-08-14 21:38:37,082 - INFO - 🎉 本周数据更新完成！
2025-08-14 21:38:37,082 - INFO - 数据库连接已关闭
2025-08-14 21:38:37,082 - INFO - ✅ 每周数据更新成功完成
2025-08-14 22:07:32,940 - INFO - 🌟 每周数据更新程序启动
2025-08-14 22:07:32,941 - INFO - 🚀 开始每周数据更新...
2025-08-14 22:07:32,941 - INFO - ============================================================
2025-08-14 22:07:32,947 - INFO - ✅ 成功连接到MySQL数据库
2025-08-14 22:07:32,947 - INFO - 📊 开始更新近7个自然日股票分红派息数据...
2025-08-14 22:07:32,947 - ERROR - ❌ 本周更新执行失败: unsupported format character 'Y' (0x59) at index 32
2025-08-14 22:07:32,953 - ERROR - 详细错误: Traceback (most recent call last):
  File "d:\Project\ADATA\adata\weekly_update_stock_info.py", line 1004, in run_daily_update
    self.update_stock_dividend()
  File "d:\Project\ADATA\adata\weekly_update_stock_info.py", line 862, in update_stock_dividend
    self.cursor.execute("""select date_format(trade_date,'%Y%m%d') trade_date from adata.trade_calendar a where a.trade_date  >= %s  and a.trade_date <= %s """, (begin_date, end_date))
  File "D:\condaenv\env\wencai\lib\site-packages\pymysql\cursors.py", line 151, in execute
    query = self.mogrify(query, args)
  File "D:\condaenv\env\wencai\lib\site-packages\pymysql\cursors.py", line 129, in mogrify
    query = query % self._escape_args(args, conn)
ValueError: unsupported format character 'Y' (0x59) at index 32

2025-08-14 22:07:32,953 - INFO - 数据库连接已关闭
2025-08-14 22:07:32,959 - ERROR - ❌ 每周数据更新失败
2025-08-14 22:09:31,108 - INFO - 🌟 每周数据更新程序启动
2025-08-14 22:09:31,108 - INFO - 🚀 开始每周数据更新...
2025-08-14 22:09:31,108 - INFO - ============================================================
2025-08-14 22:09:31,108 - INFO - ✅ 成功连接到MySQL数据库
2025-08-14 22:09:31,108 - INFO - 📊 开始更新近7个自然日股票分红派息数据...
2025-08-14 22:09:31,108 - ERROR - ❌ 本周更新执行失败: unsupported format character 'Y' (0x59) at index 32
2025-08-14 22:09:31,115 - ERROR - 详细错误: Traceback (most recent call last):
  File "d:\Project\ADATA\adata\weekly_update_stock_info.py", line 1004, in run_daily_update
    self.update_stock_dividend()
  File "d:\Project\ADATA\adata\weekly_update_stock_info.py", line 862, in update_stock_dividend
    self.cursor.execute("""select date_format(trade_date,'%Y%m%d') trade_date from adata.trade_calendar a where a.trade_date  >= %s  and a.trade_date <= %s """, (begin_date, end_date))
  File "D:\condaenv\env\wencai\lib\site-packages\pymysql\cursors.py", line 151, in execute
    query = self.mogrify(query, args)
  File "D:\condaenv\env\wencai\lib\site-packages\pymysql\cursors.py", line 129, in mogrify
    query = query % self._escape_args(args, conn)
ValueError: unsupported format character 'Y' (0x59) at index 32

2025-08-14 22:09:31,115 - INFO - 数据库连接已关闭
2025-08-14 22:09:31,115 - ERROR - ❌ 每周数据更新失败
2025-08-14 22:11:20,755 - INFO - 🌟 每周数据更新程序启动
2025-08-14 22:11:20,755 - INFO - 🚀 开始每周数据更新...
2025-08-14 22:11:20,755 - INFO - ============================================================
2025-08-14 22:11:20,767 - INFO - ✅ 成功连接到MySQL数据库
2025-08-14 22:11:20,767 - INFO - 📊 开始更新近7个自然日股票分红派息数据...
2025-08-14 22:11:21,140 - INFO - ✅ 20250807股票分红派息数据更新完成
2025-08-14 22:11:21,484 - INFO - ✅ 20250808股票分红派息数据更新完成
2025-08-14 22:11:21,823 - INFO - ✅ 20250809股票分红派息数据更新完成
2025-08-14 22:11:22,128 - INFO - ✅ 20250810股票分红派息数据更新完成
2025-08-14 22:11:22,471 - INFO - ✅ 20250811股票分红派息数据更新完成
2025-08-14 22:11:22,800 - INFO - ✅ 20250812股票分红派息数据更新完成
2025-08-14 22:11:23,115 - INFO - ✅ 20250813股票分红派息数据更新完成
2025-08-14 22:11:23,443 - INFO - ✅ 20250814股票分红派息数据更新完成
2025-08-14 22:11:23,443 - INFO - ✅ 本周股票分红派息数据更新完成
2025-08-14 22:11:23,444 - INFO - ============================================================
2025-08-14 22:11:23,444 - INFO - 📊 本周数据更新统计
2025-08-14 22:11:23,444 - INFO - ============================================================
2025-08-14 22:11:23,445 - INFO - ⏱️  更新耗时: 0:00:02.688940
2025-08-14 22:11:23,445 - INFO - 📈 实时行情: 0 条
2025-08-14 22:11:23,445 - INFO - 📊 本周K线: 0 条
2025-08-14 22:11:23,445 - INFO - 📅 交易日历: 0 条
2025-08-14 22:11:23,445 - INFO - ✅ 无错误
2025-08-14 22:11:23,446 - INFO - ============================================================
2025-08-14 22:11:23,458 - INFO - 🎉 本周数据更新完成！
2025-08-14 22:11:23,458 - INFO - 数据库连接已关闭
2025-08-14 22:11:23,458 - INFO - ✅ 每周数据更新成功完成
