2025-08-24 08:02:21,812 - INFO - 🌟 每周数据更新程序启动
2025-08-24 08:02:21,817 - INFO - 🚀 开始每周数据更新...
2025-08-24 08:02:21,817 - INFO - ============================================================
2025-08-24 08:02:21,828 - INFO - ✅ 成功连接到MySQL数据库
2025-08-24 08:02:21,828 - INFO - 📊 开始更新近7个自然日K线数据）...
2025-08-24 08:02:21,865 - INFO - 📊 准备更新 5740 只股票的近7个自然日K线数据
2025-08-24 08:02:22,532 - INFO - 📈 已处理000001 平安银行 
2025-08-24 08:02:23,170 - INFO - 📈 已处理000002 万科Ａ 
2025-08-24 08:02:24,442 - INFO - 📈 已处理000004 *ST国华 
2025-08-24 08:02:25,702 - INFO - 📈 已处理000006 深振业Ａ 
2025-08-24 08:02:26,352 - INFO - 📈 已处理000007 全新好 
2025-08-24 08:02:26,973 - INFO - 📈 已处理000008 神州高铁 
2025-08-24 08:02:27,606 - INFO - 📈 已处理000009 中国宝安 
2025-08-24 08:02:28,252 - INFO - 📈 已处理000010 美丽生态 
2025-08-24 08:02:28,880 - INFO - 📈 已处理000011 深物业A 
2025-08-24 08:02:29,522 - INFO - 📈 已处理000012 南玻Ａ 
2025-08-24 08:02:30,782 - INFO - 📈 已处理000014 沙河股份 
2025-08-24 08:02:32,038 - INFO - 📈 已处理000016 深康佳Ａ 
2025-08-24 08:02:32,672 - INFO - 📈 已处理000017 深中华A 
2025-08-24 08:02:33,937 - INFO - 📈 已处理000019 深粮控股 
2025-08-24 08:02:34,582 - INFO - 📈 已处理000020 深华发Ａ 
2025-08-24 08:02:35,212 - INFO - 📈 已处理000021 深科技 
2025-08-24 08:02:37,092 - INFO - 📈 已处理000025 特力Ａ 
2025-08-24 08:02:37,732 - INFO - 📈 已处理000026 飞亚达 
2025-08-24 08:02:38,362 - INFO - 📈 已处理000027 深圳能源 
2025-08-24 08:02:38,982 - INFO - 📈 已处理000028 国药一致 
2025-08-24 08:02:39,606 - INFO - 📈 已处理000029 深深房Ａ 
2025-08-24 08:02:40,262 - INFO - 📈 已处理000030 富奥股份 
2025-08-24 08:02:40,912 - INFO - 📈 已处理000031 大悦城 
2025-08-24 08:02:41,552 - INFO - 📈 已处理000032 深桑达Ａ 
2025-08-24 08:02:42,812 - INFO - 📈 已处理000034 神州数码 
2025-08-24 08:02:43,455 - INFO - 📈 已处理000035 中国天楹 
2025-08-24 08:02:44,102 - INFO - 📈 已处理000036 华联控股 
2025-08-24 08:02:44,743 - INFO - 📈 已处理000037 深南电A 
2025-08-24 08:02:45,992 - INFO - 📈 已处理000039 中集集团 
2025-08-24 08:02:47,282 - INFO - 📈 已处理000042 中洲控股 
2025-08-24 08:02:47,899 - INFO - 📈 已处理000045 深纺织Ａ 
2025-08-24 08:02:49,772 - INFO - 📈 已处理000048 京基智农 
2025-08-24 08:02:50,412 - INFO - 📈 已处理000049 德赛电池 
2025-08-24 08:02:51,032 - INFO - 📈 已处理000050 深天马Ａ 
2025-08-24 08:02:51,683 - INFO - 📈 已处理000055 方大集团 
2025-08-24 08:02:52,332 - INFO - 📈 已处理000056 皇庭国际 
2025-08-24 08:02:52,961 - INFO - 📈 已处理000058 深赛格 
2025-08-24 08:02:53,599 - INFO - 📈 已处理000059 华锦股份 
2025-08-24 08:02:53,599 - INFO - 📈 已处理 50/5740 只股票，成功 38 只
2025-08-24 08:02:54,220 - INFO - 📈 已处理000060 中金岭南 
2025-08-24 08:02:54,879 - INFO - 📈 已处理000061 农产品 
2025-08-24 08:02:55,507 - INFO - 📈 已处理000062 深圳华强 
2025-08-24 08:02:56,132 - INFO - 📈 已处理000063 中兴通讯 
2025-08-24 08:02:56,764 - INFO - 📈 已处理000065 北方国际 
2025-08-24 08:02:57,401 - INFO - 📈 已处理000066 中国长城 
2025-08-24 08:02:58,036 - INFO - 📈 已处理000068 华控赛格 
2025-08-24 08:02:58,660 - INFO - 📈 已处理000069 华侨城Ａ 
2025-08-24 08:02:59,296 - INFO - 📈 已处理000070 特发信息 
2025-08-24 08:02:59,924 - INFO - 📈 已处理000078 海王生物 
2025-08-24 08:03:00,561 - INFO - 📈 已处理000088 盐田港 
2025-08-24 08:03:01,232 - INFO - 📈 已处理000089 深圳机场 
2025-08-24 08:03:01,859 - INFO - 📈 已处理000090 天健集团 
2025-08-24 08:03:02,488 - INFO - 📈 已处理000096 广聚能源 
2025-08-24 08:03:03,131 - INFO - 📈 已处理000099 中信海直 
2025-08-24 08:03:03,847 - INFO - 📈 已处理000100 TCL科技 
2025-08-24 08:03:05,108 - INFO - 📈 已处理000151 中成股份 
2025-08-24 08:03:05,757 - INFO - 📈 已处理000153 丰原药业 
2025-08-24 08:03:06,391 - INFO - 📈 已处理000155 川能动力 
2025-08-24 08:03:07,063 - INFO - 📈 已处理000156 华数传媒 
2025-08-24 08:03:07,701 - INFO - 📈 已处理000157 中联重科 
2025-08-24 08:03:08,331 - INFO - 📈 已处理000158 常山北明 
2025-08-24 08:03:08,975 - INFO - 📈 已处理000159 国际实业 
2025-08-24 08:03:09,632 - INFO - 📈 已处理000166 申万宏源 
2025-08-24 08:03:10,269 - INFO - 📈 已处理000301 东方盛虹 
2025-08-24 08:03:10,922 - INFO - 📈 已处理000333 美的集团 
2025-08-24 08:03:11,567 - INFO - 📈 已处理000338 潍柴动力 
2025-08-24 08:03:12,211 - INFO - 📈 已处理000400 许继电气 
2025-08-24 08:03:12,848 - INFO - 📈 已处理000401 冀东水泥 
2025-08-24 08:03:13,485 - INFO - 📈 已处理000402 金融街 
2025-08-24 08:03:14,124 - INFO - 📈 已处理000403 派林生物 
2025-08-24 08:03:14,786 - INFO - 📈 已处理000404 长虹华意 
2025-08-24 08:03:16,709 - INFO - 📈 已处理000407 胜利股份 
2025-08-24 08:03:17,335 - INFO - 📈 已处理000408 藏格矿业 
2025-08-24 08:03:17,968 - INFO - 📈 已处理000409 云鼎科技 
2025-08-24 08:03:18,585 - INFO - 📈 已处理000410 沈阳机床 
2025-08-24 08:03:19,219 - INFO - 📈 已处理000411 英特集团 
2025-08-24 08:03:21,117 - INFO - 📈 已处理000415 渤海租赁 
2025-08-24 08:03:22,395 - INFO - 📈 已处理000417 合百集团 
2025-08-24 08:03:23,640 - INFO - 📈 已处理000419 通程控股 
2025-08-24 08:03:24,295 - INFO - 📈 已处理000420 吉林化纤 
2025-08-24 08:03:24,944 - INFO - 📈 已处理000421 南京公用 
2025-08-24 08:03:25,593 - INFO - 📈 已处理000422 湖北宜化 
2025-08-24 08:03:25,593 - INFO - 📈 已处理 100/5740 只股票，成功 81 只
2025-08-24 08:03:26,241 - INFO - 📈 已处理000423 东阿阿胶 
2025-08-24 08:03:26,892 - INFO - 📈 已处理000425 徐工机械 
2025-08-24 08:03:27,542 - INFO - 📈 已处理000426 兴业银锡 
2025-08-24 08:03:28,189 - INFO - 📈 已处理000428 华天酒店 
2025-08-24 08:03:28,839 - INFO - 📈 已处理000429 粤高速Ａ 
2025-08-24 08:03:29,472 - INFO - 📈 已处理000430 ST张家界 
2025-08-24 08:03:30,104 - INFO - 📈 已处理000488 ST晨鸣 
2025-08-24 08:03:30,754 - INFO - 📈 已处理000498 山东路桥 
2025-08-24 08:03:31,387 - INFO - 📈 已处理000501 武商集团 
2025-08-24 08:03:32,651 - INFO - 📈 已处理000503 国新健康 
2025-08-24 08:03:33,285 - INFO - 📈 已处理000504 *ST生物 
2025-08-24 08:03:33,917 - INFO - 📈 已处理000505 京粮控股 
2025-08-24 08:03:34,566 - INFO - 📈 已处理000506 招金黄金 
2025-08-24 08:03:35,200 - INFO - 📈 已处理000507 珠海港 
2025-08-24 08:03:36,476 - INFO - 📈 已处理000509 华塑控股 
2025-08-24 08:03:37,118 - INFO - 📈 已处理000510 新金路 
2025-08-24 08:03:38,385 - INFO - 📈 已处理000513 丽珠集团 
2025-08-24 08:03:39,026 - INFO - 📈 已处理000514 渝开发 
2025-08-24 08:03:40,321 - INFO - 📈 已处理000516 国际医学 
2025-08-24 08:03:40,931 - INFO - 📈 已处理000517 荣安地产 
2025-08-24 08:03:41,556 - INFO - 📈 已处理000518 *ST四环 
2025-08-24 08:03:42,181 - INFO - 📈 已处理000519 中兵红箭 
2025-08-24 08:03:42,822 - INFO - 📈 已处理000520 凤凰航运 
2025-08-24 08:03:43,465 - INFO - 📈 已处理000521 长虹美菱 
2025-08-24 08:03:44,742 - INFO - 📈 已处理000523 红棉股份 
2025-08-24 08:03:45,383 - INFO - 📈 已处理000524 岭南控股 
2025-08-24 08:03:46,026 - INFO - 📈 已处理000525 红太阳 
2025-08-24 08:03:46,667 - INFO - 📈 已处理000526 学大教育 
2025-08-24 08:03:47,948 - INFO - 📈 已处理000528 柳工 
2025-08-24 08:03:48,586 - INFO - 📈 已处理000529 广弘控股 
2025-08-24 08:03:49,228 - INFO - 📈 已处理000530 冰山冷热 
2025-08-24 08:03:49,869 - INFO - 📈 已处理000531 穗恒运Ａ 
2025-08-24 08:03:50,495 - INFO - 📈 已处理000532 华金资本 
2025-08-24 08:03:51,136 - INFO - 📈 已处理000533 顺钠股份 
2025-08-24 08:03:51,791 - INFO - 📈 已处理000534 万泽股份 
2025-08-24 08:03:53,041 - INFO - 📈 已处理000536 华映科技 
2025-08-24 08:03:53,667 - INFO - 📈 已处理000537 中绿电 
2025-08-24 08:03:54,292 - INFO - 📈 已处理000538 云南白药 
2025-08-24 08:03:54,933 - INFO - 📈 已处理000539 粤电力Ａ 
2025-08-24 08:03:56,196 - INFO - 📈 已处理000541 佛山照明 
2025-08-24 08:03:57,459 - INFO - 📈 已处理000543 皖能电力 
2025-08-24 08:03:57,459 - INFO - 📈 已处理 150/5740 只股票，成功 122 只
2025-08-24 08:03:58,100 - INFO - 📈 已处理000544 中原环保 
2025-08-24 08:03:58,742 - INFO - 📈 已处理000545 金浦钛业 
2025-08-24 08:03:59,383 - INFO - 📈 已处理000546 金圆股份 
2025-08-24 08:04:00,032 - INFO - 📈 已处理000547 航天发展 
2025-08-24 08:04:00,696 - INFO - 📈 已处理000548 湖南投资 
2025-08-24 08:04:01,962 - INFO - 📈 已处理000550 江铃汽车 
2025-08-24 08:04:03,548 - INFO - 📈 已处理000551 创元科技 
2025-08-24 08:04:04,196 - INFO - 📈 已处理000552 甘肃能化 
2025-08-24 08:04:04,837 - INFO - 📈 已处理000553 安道麦A 
2025-08-24 08:04:05,494 - INFO - 📈 已处理000554 泰山石油 
2025-08-24 08:04:06,129 - INFO - 📈 已处理000555 神州信息 
2025-08-24 08:04:07,380 - INFO - 📈 已处理000557 西部创业 
2025-08-24 08:04:08,033 - INFO - 📈 已处理000558 天府文旅 
2025-08-24 08:04:08,680 - INFO - 📈 已处理000559 万向钱潮 
2025-08-24 08:04:09,305 - INFO - 📈 已处理000560 我爱我家 
2025-08-24 08:04:09,947 - INFO - 📈 已处理000561 烽火电子 
2025-08-24 08:04:11,197 - INFO - 📈 已处理000563 陕国投Ａ 
2025-08-24 08:04:11,851 - INFO - 📈 已处理000564 供销大集 
2025-08-24 08:04:12,493 - INFO - 📈 已处理000565 渝三峡Ａ 
2025-08-24 08:04:13,119 - INFO - 📈 已处理000566 海南海药 
2025-08-24 08:04:13,760 - INFO - 📈 已处理000567 海德股份 
2025-08-24 08:04:14,401 - INFO - 📈 已处理000568 泸州老窖 
2025-08-24 08:04:15,637 - INFO - 📈 已处理000570 苏常柴Ａ 
2025-08-24 08:04:16,290 - INFO - 📈 已处理000571 新大洲A 
2025-08-24 08:04:16,932 - INFO - 📈 已处理000572 海马汽车 
2025-08-24 08:04:17,557 - INFO - 📈 已处理000573 粤宏远Ａ 
2025-08-24 08:04:18,213 - INFO - 📈 已处理000576 甘化科工 
2025-08-24 08:04:19,490 - INFO - 📈 已处理000581 威孚高科 
2025-08-24 08:04:20,119 - INFO - 📈 已处理000582 北部湾港 
2025-08-24 08:04:22,627 - INFO - 📈 已处理000586 汇源通信 
2025-08-24 08:04:24,521 - INFO - 📈 已处理000589 贵州轮胎 
2025-08-24 08:04:25,139 - INFO - 📈 已处理000590 启迪药业 
2025-08-24 08:04:25,786 - INFO - 📈 已处理000591 太阳能 
2025-08-24 08:04:26,417 - INFO - 📈 已处理000592 平潭发展 
2025-08-24 08:04:27,059 - INFO - 📈 已处理000593 德龙汇能 
2025-08-24 08:04:28,336 - INFO - 📈 已处理000595 *ST宝实 
2025-08-24 08:04:28,973 - INFO - 📈 已处理000596 古井贡酒 
2025-08-24 08:04:29,621 - INFO - 📈 已处理000597 东北制药 
2025-08-24 08:04:30,255 - INFO - 📈 已处理000598 兴蓉环境 
2025-08-24 08:04:30,255 - INFO - 📈 已处理 200/5740 只股票，成功 161 只
2025-08-24 08:04:30,888 - INFO - 📈 已处理000599 青岛双星 
2025-08-24 08:04:31,533 - INFO - 📈 已处理000600 建投能源 
2025-08-24 08:04:32,164 - INFO - 📈 已处理000601 韶能股份 
2025-08-24 08:04:33,417 - INFO - 📈 已处理000603 盛达资源 
2025-08-24 08:04:34,057 - INFO - 📈 已处理000605 渤海股份 
2025-08-24 08:04:35,349 - INFO - 📈 已处理000607 华媒控股 
2025-08-24 08:04:35,983 - INFO - 📈 已处理000608 *ST阳光 
2025-08-24 08:04:36,630 - INFO - 📈 已处理000609 ST中迪 
2025-08-24 08:04:37,283 - INFO - 📈 已处理000610 西安旅游 
2025-08-24 08:04:38,544 - INFO - 📈 已处理000612 焦作万方 
2025-08-24 08:04:39,828 - INFO - 📈 已处理000615 *ST美谷 
2025-08-24 08:04:41,105 - INFO - 📈 已处理000617 中油资本 
2025-08-24 08:04:42,372 - INFO - 📈 已处理000619 海螺新材 
2025-08-24 08:04:43,014 - INFO - 📈 已处理000620 盈新发展 
2025-08-24 08:04:44,902 - INFO - 📈 已处理000623 吉林敖东 
2025-08-24 08:04:45,554 - INFO - 📈 已处理000625 长安汽车 
2025-08-24 08:04:46,385 - INFO - 📈 已处理000626 远大控股 
2025-08-24 08:04:47,628 - INFO - 📈 已处理000628 高新发展 
2025-08-24 08:04:48,239 - INFO - 📈 已处理000629 钒钛股份 
2025-08-24 08:04:48,867 - INFO - 📈 已处理000630 铜陵有色 
2025-08-24 08:04:49,490 - INFO - 📈 已处理000631 顺发恒业 
2025-08-24 08:04:50,105 - INFO - 📈 已处理000632 三木集团 
2025-08-24 08:04:50,720 - INFO - 📈 已处理000633 合金投资 
2025-08-24 08:04:51,344 - INFO - 📈 已处理000635 英力特 
2025-08-24 08:04:51,979 - INFO - 📈 已处理000636 风华高科 
2025-08-24 08:04:52,622 - INFO - 📈 已处理000637 茂化实华 
2025-08-24 08:04:53,255 - INFO - 📈 已处理000638 *ST万方 
2025-08-24 08:04:53,900 - INFO - 📈 已处理000639 西王食品 
2025-08-24 08:04:54,535 - INFO - 📈 已处理000650 仁和药业 
2025-08-24 08:04:55,162 - INFO - 📈 已处理000651 格力电器 
2025-08-24 08:04:55,806 - INFO - 📈 已处理000652 泰达股份 
2025-08-24 08:04:57,056 - INFO - 📈 已处理000655 金岭矿业 
2025-08-24 08:04:57,702 - INFO - 📈 已处理000656 *ST金科 
2025-08-24 08:04:58,336 - INFO - 📈 已处理000657 中钨高新 
2025-08-24 08:04:59,575 - INFO - 📈 已处理000659 珠海中富 
2025-08-24 08:05:00,822 - INFO - 📈 已处理000661 长春高新 
2025-08-24 08:05:02,088 - INFO - 📈 已处理000663 永安林业 
2025-08-24 08:05:02,088 - INFO - 📈 已处理 250/5740 只股票，成功 198 只
2025-08-24 08:05:02,698 - INFO - 📈 已处理000665 湖北广电 
2025-08-24 08:05:04,571 - INFO - 📈 已处理000668 *ST荣控 
2025-08-24 08:05:05,212 - INFO - 📈 已处理000669 ST金鸿 
2025-08-24 08:05:05,838 - INFO - 📈 已处理000670 盈方微 
2025-08-24 08:05:07,074 - INFO - 📈 已处理000672 上峰水泥 
2025-08-24 08:05:08,947 - INFO - 📈 已处理000676 智度股份 
2025-08-24 08:05:09,604 - INFO - 📈 已处理000677 恒天海龙 
2025-08-24 08:05:10,214 - INFO - 📈 已处理000678 襄阳轴承 
2025-08-24 08:05:10,839 - INFO - 📈 已处理000679 大连友谊 
2025-08-24 08:05:11,476 - INFO - 📈 已处理000680 山推股份 
2025-08-24 08:05:12,101 - INFO - 📈 已处理000681 视觉中国 
2025-08-24 08:05:12,727 - INFO - 📈 已处理000682 东方电子 
2025-08-24 08:05:13,352 - INFO - 📈 已处理000683 博源化工 
2025-08-24 08:05:13,993 - INFO - 📈 已处理000685 中山公用 
2025-08-24 08:05:14,619 - INFO - 📈 已处理000686 东北证券 
2025-08-24 08:05:15,860 - INFO - 📈 已处理000688 国城矿业 
2025-08-24 08:05:17,091 - INFO - 📈 已处理000690 宝新能源 
2025-08-24 08:05:17,717 - INFO - 📈 已处理000691 *ST亚太 
2025-08-24 08:05:18,327 - INFO - 📈 已处理000692 惠天热电 
2025-08-24 08:05:19,549 - INFO - 📈 已处理000695 滨海能源 
2025-08-24 08:05:20,211 - INFO - 📈 已处理000697 ST炼石 
2025-08-24 08:05:20,836 - INFO - 📈 已处理000698 沈阳化工 
2025-08-24 08:05:22,103 - INFO - 📈 已处理000700 模塑科技 
2025-08-24 08:05:22,775 - INFO - 📈 已处理000701 厦门信达 
2025-08-24 08:05:23,416 - INFO - 📈 已处理000702 正虹科技 
2025-08-24 08:05:24,055 - INFO - 📈 已处理000703 恒逸石化 
2025-08-24 08:05:24,697 - INFO - 📈 已处理000705 浙江震元 
2025-08-24 08:05:25,322 - INFO - 📈 已处理000707 双环科技 
2025-08-24 08:05:25,948 - INFO - 📈 已处理000708 中信特钢 
2025-08-24 08:05:26,594 - INFO - 📈 已处理000709 河钢股份 
2025-08-24 08:05:27,221 - INFO - 📈 已处理000710 贝瑞基因 
2025-08-24 08:05:27,867 - INFO - 📈 已处理000711 *ST京蓝 
2025-08-24 08:05:28,508 - INFO - 📈 已处理000712 锦龙股份 
2025-08-24 08:05:29,133 - INFO - 📈 已处理000713 丰乐种业 
2025-08-24 08:05:29,759 - INFO - 📈 已处理000715 中兴商业 
2025-08-24 08:05:30,369 - INFO - 📈 已处理000716 黑芝麻 
2025-08-24 08:05:30,995 - INFO - 📈 已处理000717 中南股份 
2025-08-24 08:05:31,650 - INFO - 📈 已处理000718 苏宁环球 
2025-08-24 08:05:32,290 - INFO - 📈 已处理000719 中原传媒 
2025-08-24 08:05:32,916 - INFO - 📈 已处理000720 新能泰山 
2025-08-24 08:05:33,525 - INFO - 📈 已处理000721 西安饮食 
2025-08-24 08:05:33,525 - INFO - 📈 已处理 300/5740 只股票，成功 239 只
2025-08-24 08:05:34,151 - INFO - 📈 已处理000722 湖南发展 
2025-08-24 08:05:34,776 - INFO - 📈 已处理000723 美锦能源 
2025-08-24 08:05:35,405 - INFO - 📈 已处理000725 京东方Ａ 
2025-08-24 08:05:36,039 - INFO - 📈 已处理000726 鲁泰Ａ 
2025-08-24 08:05:36,664 - INFO - 📈 已处理000727 冠捷科技 
2025-08-24 08:05:37,290 - INFO - 📈 已处理000728 国元证券 
2025-08-24 08:05:37,900 - INFO - 📈 已处理000729 燕京啤酒 
2025-08-24 08:05:39,119 - INFO - 📈 已处理000731 四川美丰 
2025-08-24 08:05:40,400 - INFO - 📈 已处理000733 振华科技 
2025-08-24 08:05:41,011 - INFO - 📈 已处理000735 罗牛山 
2025-08-24 08:05:41,651 - INFO - 📈 已处理000736 *ST中地 
2025-08-24 08:05:42,277 - INFO - 📈 已处理000737 北方铜业 
2025-08-24 08:05:42,902 - INFO - 📈 已处理000738 航发控制 
2025-08-24 08:05:43,543 - INFO - 📈 已处理000739 普洛药业 
2025-08-24 08:05:44,779 - INFO - 📈 已处理000750 国海证券 
2025-08-24 08:05:45,405 - INFO - 📈 已处理000751 锌业股份 
2025-08-24 08:05:46,030 - INFO - 📈 已处理000752 ST西发 
2025-08-24 08:05:46,664 - INFO - 📈 已处理000753 漳州发展 
2025-08-24 08:05:47,290 - INFO - 📈 已处理000755 山西高速 
2025-08-24 08:05:47,940 - INFO - 📈 已处理000756 新华制药 
2025-08-24 08:05:48,575 - INFO - 📈 已处理000757 浩物股份 
2025-08-24 08:05:49,200 - INFO - 📈 已处理000758 中色股份 
2025-08-24 08:05:49,825 - INFO - 📈 已处理000759 中百集团 
2025-08-24 08:05:51,061 - INFO - 📈 已处理000761 本钢板材 
2025-08-24 08:05:51,712 - INFO - 📈 已处理000762 西藏矿业 
2025-08-24 08:05:53,573 - INFO - 📈 已处理000766 通化金马 
2025-08-24 08:05:54,198 - INFO - 📈 已处理000767 晋控电力 
2025-08-24 08:05:54,824 - INFO - 📈 已处理000768 中航西飞 
2025-08-24 08:05:56,086 - INFO - 📈 已处理000776 广发证券 
2025-08-24 08:05:56,711 - INFO - 📈 已处理000777 中核科技 
2025-08-24 08:05:57,336 - INFO - 📈 已处理000778 新兴铸管 
2025-08-24 08:05:57,962 - INFO - 📈 已处理000779 甘咨询 
2025-08-24 08:05:59,196 - INFO - 📈 已处理000782 恒申新材 
2025-08-24 08:05:59,832 - INFO - 📈 已处理000783 长江证券 
2025-08-24 08:06:00,461 - INFO - 📈 已处理000785 居然智家 
2025-08-24 08:06:01,087 - INFO - 📈 已处理000786 北新建材 
2025-08-24 08:06:02,322 - INFO - 📈 已处理000788 北大医药 
2025-08-24 08:06:02,947 - INFO - 📈 已处理000789 万年青 
2025-08-24 08:06:03,584 - INFO - 📈 已处理000790 华神科技 
2025-08-24 08:06:04,213 - INFO - 📈 已处理000791 甘肃能源 
2025-08-24 08:06:04,838 - INFO - 📈 已处理000792 盐湖股份 
2025-08-24 08:06:04,854 - INFO - 📈 已处理 350/5740 只股票，成功 280 只
2025-08-24 08:06:05,479 - INFO - 📈 已处理000793 ST华闻 
2025-08-24 08:06:06,104 - INFO - 📈 已处理000795 英洛华 
2025-08-24 08:06:06,746 - INFO - 📈 已处理000796 凯撒旅业 
2025-08-24 08:06:07,372 - INFO - 📈 已处理000797 中国武夷 
2025-08-24 08:06:08,010 - INFO - 📈 已处理000798 中水渔业 
2025-08-24 08:06:08,650 - INFO - 📈 已处理000799 酒鬼酒 
2025-08-24 08:06:09,260 - INFO - 📈 已处理000800 一汽解放 
2025-08-24 08:06:09,885 - INFO - 📈 已处理000801 四川九洲 
2025-08-24 08:06:10,512 - INFO - 📈 已处理000802 北京文化 
2025-08-24 08:06:11,137 - INFO - 📈 已处理000803 山高环能 
2025-08-24 08:06:13,013 - INFO - 📈 已处理000807 云铝股份 
2025-08-24 08:06:13,631 - INFO - 📈 已处理000809 和展能源 
2025-08-24 08:06:14,241 - INFO - 📈 已处理000810 创维数字 
2025-08-24 08:06:14,894 - INFO - 📈 已处理000811 冰轮环境 
2025-08-24 08:06:15,539 - INFO - 📈 已处理000812 陕西金叶 
2025-08-24 08:06:16,176 - INFO - 📈 已处理000813 德展健康 
2025-08-24 08:06:16,820 - INFO - 📈 已处理000815 美利云 
2025-08-24 08:06:17,441 - INFO - 📈 已处理000816 智慧农业 
2025-08-24 08:06:18,685 - INFO - 📈 已处理000818 航锦科技 
2025-08-24 08:06:19,296 - INFO - 📈 已处理000819 岳阳兴长 
2025-08-24 08:06:19,934 - INFO - 📈 已处理000820 *ST节能 
2025-08-24 08:06:20,572 - INFO - 📈 已处理000821 京山轻机 
2025-08-24 08:06:21,219 - INFO - 📈 已处理000822 山东海化 
2025-08-24 08:06:21,854 - INFO - 📈 已处理000823 超声电子 
2025-08-24 08:06:22,482 - INFO - 📈 已处理000825 太钢不锈 
2025-08-24 08:06:23,120 - INFO - 📈 已处理000826 启迪环境 
2025-08-24 08:06:24,354 - INFO - 📈 已处理000828 东莞控股 
2025-08-24 08:06:24,976 - INFO - 📈 已处理000829 天音控股 
2025-08-24 08:06:25,603 - INFO - 📈 已处理000830 鲁西化工 
2025-08-24 08:06:26,233 - INFO - 📈 已处理000831 中国稀土 
2025-08-24 08:06:27,465 - INFO - 📈 已处理000833 粤桂股份 
2025-08-24 08:06:29,365 - INFO - 📈 已处理000837 秦川机床 
2025-08-24 08:06:29,970 - INFO - 📈 已处理000838 财信发展 
2025-08-24 08:06:30,587 - INFO - 📈 已处理000839 国安股份 
2025-08-24 08:06:31,220 - INFO - 📈 已处理000848 承德露露 
2025-08-24 08:06:31,857 - INFO - 📈 已处理000850 华茂股份 
2025-08-24 08:06:33,507 - INFO - 📈 已处理000851 *ST高鸿 
2025-08-24 08:06:34,140 - INFO - 📈 已处理000852 石化机械 
2025-08-24 08:06:34,774 - INFO - 📈 已处理000856 冀东装备 
2025-08-24 08:06:35,411 - INFO - 📈 已处理000858 五粮液 
2025-08-24 08:06:36,049 - INFO - 📈 已处理000859 国风新材 
2025-08-24 08:06:36,703 - INFO - 📈 已处理000860 顺鑫农业 
2025-08-24 08:06:37,953 - INFO - 📈 已处理000862 银星能源 
2025-08-24 08:06:38,580 - INFO - 📈 已处理000863 三湘印象 
2025-08-24 08:06:39,838 - INFO - 📈 已处理000868 安凯客车 
2025-08-24 08:06:40,477 - INFO - 📈 已处理000869 张裕Ａ 
2025-08-24 08:06:41,115 - INFO - 📈 已处理000875 吉电股份 
2025-08-24 08:06:41,764 - INFO - 📈 已处理000876 新希望 
2025-08-24 08:06:42,404 - INFO - 📈 已处理000877 天山股份 
2025-08-24 08:06:43,052 - INFO - 📈 已处理000878 云南铜业 
2025-08-24 08:06:43,683 - INFO - 📈 已处理000880 潍柴重机 
2025-08-24 08:06:44,310 - INFO - 📈 已处理000881 中广核技 
2025-08-24 08:06:44,943 - INFO - 📈 已处理000882 华联股份 
2025-08-24 08:06:45,630 - INFO - 📈 已处理000883 湖北能源 
2025-08-24 08:06:46,258 - INFO - 📈 已处理000885 城发环境 
2025-08-24 08:06:46,902 - INFO - 📈 已处理000886 海南高速 
2025-08-24 08:06:47,542 - INFO - 📈 已处理000887 中鼎股份 
2025-08-24 08:06:48,180 - INFO - 📈 已处理000888 峨眉山Ａ 
2025-08-24 08:06:48,798 - INFO - 📈 已处理000889 中嘉博创 
2025-08-24 08:06:49,427 - INFO - 📈 已处理000890 法尔胜 
2025-08-24 08:06:50,056 - INFO - 📈 已处理000892 欢瑞世纪 
2025-08-24 08:06:50,696 - INFO - 📈 已处理000893 亚钾国际 
2025-08-24 08:06:51,323 - INFO - 📈 已处理000895 双汇发展 
2025-08-24 08:06:51,943 - INFO - 📈 已处理000897 津滨发展 
2025-08-24 08:06:52,561 - INFO - 📈 已处理000898 鞍钢股份 
2025-08-24 08:06:53,196 - INFO - 📈 已处理000899 赣能股份 
2025-08-24 08:06:53,821 - INFO - 📈 已处理000900 现代投资 
2025-08-24 08:06:54,451 - INFO - 📈 已处理000901 航天科技 
2025-08-24 08:06:55,081 - INFO - 📈 已处理000902 新洋丰 
2025-08-24 08:06:55,732 - INFO - 📈 已处理000903 ST云动 
2025-08-24 08:06:56,367 - INFO - 📈 已处理000905 厦门港务 
2025-08-24 08:06:56,988 - INFO - 📈 已处理000906 浙商中拓 
2025-08-24 08:06:57,609 - INFO - 📈 已处理000908 ST景峰 
2025-08-24 08:06:58,236 - INFO - 📈 已处理000909 ST数源 
2025-08-24 08:06:58,863 - INFO - 📈 已处理000910 大亚圣象 
2025-08-24 08:06:59,577 - INFO - 📈 已处理000911 广农糖业 
2025-08-24 08:07:00,202 - INFO - 📈 已处理000912 泸天化 
2025-08-24 08:07:00,829 - INFO - 📈 已处理000913 钱江摩托 
2025-08-24 08:07:01,456 - INFO - 📈 已处理000915 华特达因 
2025-08-24 08:07:02,691 - INFO - 📈 已处理000917 电广传媒 
2025-08-24 08:07:03,953 - INFO - 📈 已处理000919 金陵药业 
2025-08-24 08:07:04,572 - INFO - 📈 已处理000920 沃顿科技 
2025-08-24 08:07:05,196 - INFO - 📈 已处理000921 海信家电 
2025-08-24 08:07:05,836 - INFO - 📈 已处理000922 佳电股份 
2025-08-24 08:07:06,476 - INFO - 📈 已处理000923 河钢资源 
2025-08-24 08:07:07,152 - INFO - 📈 已处理000925 众合科技 
2025-08-24 08:07:07,774 - INFO - 📈 已处理000926 福星股份 
2025-08-24 08:07:08,388 - INFO - 📈 已处理000927 中国铁物 
2025-08-24 08:07:09,005 - INFO - 📈 已处理000928 中钢国际 
2025-08-24 08:07:09,005 - INFO - 📈 已处理 450/5740 只股票，成功 369 只
2025-08-24 08:07:09,631 - INFO - 📈 已处理000929 *ST兰黄 
2025-08-24 08:07:10,259 - INFO - 📈 已处理000930 中粮科技 
2025-08-24 08:07:10,885 - INFO - 📈 已处理000931 中关村 
2025-08-24 08:07:11,512 - INFO - 📈 已处理000932 华菱钢铁 
2025-08-24 08:07:12,167 - INFO - 📈 已处理000933 神火股份 
2025-08-24 08:07:12,815 - INFO - 📈 已处理000935 四川双马 
2025-08-24 08:07:13,447 - INFO - 📈 已处理000936 华西股份 
2025-08-24 08:07:14,082 - INFO - 📈 已处理000937 冀中能源 
2025-08-24 08:07:14,715 - INFO - 📈 已处理000938 紫光股份 
2025-08-24 08:07:15,967 - INFO - 📈 已处理000948 南天信息 
2025-08-24 08:07:16,596 - INFO - 📈 已处理000949 新乡化纤 
2025-08-24 08:07:17,224 - INFO - 📈 已处理000950 重药控股 
2025-08-24 08:07:17,881 - INFO - 📈 已处理000951 中国重汽 
2025-08-24 08:07:18,514 - INFO - 📈 已处理000952 广济药业 
2025-08-24 08:07:19,158 - INFO - 📈 已处理000953 河化股份 
2025-08-24 08:07:19,798 - INFO - 📈 已处理000955 欣龙控股 
2025-08-24 08:07:21,041 - INFO - 📈 已处理000957 中通客车 
2025-08-24 08:07:21,662 - INFO - 📈 已处理000958 电投产融 
2025-08-24 08:07:22,289 - INFO - 📈 已处理000959 首钢股份 
2025-08-24 08:07:22,911 - INFO - 📈 已处理000960 锡业股份 
2025-08-24 08:07:24,160 - INFO - 📈 已处理000962 东方钽业 
2025-08-24 08:07:24,798 - INFO - 📈 已处理000963 华东医药 
2025-08-24 08:07:25,444 - INFO - 📈 已处理000965 天保基建 
2025-08-24 08:07:26,081 - INFO - 📈 已处理000966 长源电力 
2025-08-24 08:07:26,715 - INFO - 📈 已处理000967 盈峰环境 
2025-08-24 08:07:27,343 - INFO - 📈 已处理000968 蓝焰控股 
2025-08-24 08:07:27,965 - INFO - 📈 已处理000969 安泰科技 
2025-08-24 08:07:28,586 - INFO - 📈 已处理000970 中科三环 
2025-08-24 08:07:29,823 - INFO - 📈 已处理000972 *ST中基 
2025-08-24 08:07:30,456 - INFO - 📈 已处理000973 佛塑科技 
2025-08-24 08:07:31,089 - INFO - 📈 已处理000975 山金国际 
2025-08-24 08:07:32,313 - INFO - 📈 已处理000977 浪潮信息 
2025-08-24 08:07:32,939 - INFO - 📈 已处理000978 桂林旅游 
2025-08-24 08:07:34,201 - INFO - 📈 已处理000980 众泰汽车 
2025-08-24 08:07:34,854 - INFO - 📈 已处理000981 山子高科 
2025-08-24 08:07:36,391 - INFO - 📈 已处理000983 山西焦煤 
2025-08-24 08:07:37,029 - INFO - 📈 已处理000985 大庆华科 
2025-08-24 08:07:37,663 - INFO - 📈 已处理000987 越秀资本 
2025-08-24 08:07:38,289 - INFO - 📈 已处理000988 华工科技 
2025-08-24 08:07:38,919 - INFO - 📈 已处理000989 九芝堂 
2025-08-24 08:07:39,528 - INFO - 📈 已处理000990 诚志股份 
2025-08-24 08:07:40,170 - INFO - 📈 已处理000993 闽东电力 
2025-08-24 08:07:40,817 - INFO - 📈 已处理000995 皇台酒业 
2025-08-24 08:07:40,818 - INFO - 📈 已处理 500/5740 只股票，成功 412 只
2025-08-24 08:07:42,065 - INFO - 📈 已处理000997 新大陆 
2025-08-24 08:07:42,684 - INFO - 📈 已处理000998 隆平高科 
2025-08-24 08:07:43,329 - INFO - 📈 已处理000999 华润三九 
2025-08-24 08:07:43,969 - INFO - 📈 已处理001201 东瑞股份 
2025-08-24 08:07:44,597 - INFO - 📈 已处理001202 炬申股份 
2025-08-24 08:07:45,226 - INFO - 📈 已处理001203 大中矿业 
2025-08-24 08:07:45,851 - INFO - 📈 已处理001205 盛航股份 
2025-08-24 08:07:46,495 - INFO - 📈 已处理001206 依依股份 
2025-08-24 08:07:47,122 - INFO - 📈 已处理001207 联科科技 
2025-08-24 08:07:47,747 - INFO - 📈 已处理001208 华菱线缆 
2025-08-24 08:07:48,379 - INFO - 📈 已处理001209 洪兴股份 
2025-08-24 08:07:49,016 - INFO - 📈 已处理001210 金房能源 
2025-08-24 08:07:49,663 - INFO - 📈 已处理001211 双枪科技 
2025-08-24 08:07:50,289 - INFO - 📈 已处理001212 中旗新材 
2025-08-24 08:07:50,934 - INFO - 📈 已处理001213 中铁特货 
2025-08-24 08:07:51,543 - WARNING - ⚠️ 001215 千味央厨 K线更新失败: ('Connection aborted.', RemoteDisconnected('Remote end closed connection without response'))
2025-08-24 08:07:52,168 - WARNING - ⚠️ 001216 华瓷股份 K线更新失败: ('Connection aborted.', RemoteDisconnected('Remote end closed connection without response'))
2025-08-24 08:07:52,777 - WARNING - ⚠️ 001217 华尔泰 K线更新失败: ('Connection aborted.', RemoteDisconnected('Remote end closed connection without response'))
2025-08-24 08:07:53,395 - WARNING - ⚠️ 001218 丽臣实业 K线更新失败: ('Connection aborted.', RemoteDisconnected('Remote end closed connection without response'))
2025-08-24 08:07:54,014 - WARNING - ⚠️ 001219 青岛食品 K线更新失败: ('Connection aborted.', RemoteDisconnected('Remote end closed connection without response'))
2025-08-24 08:07:54,626 - WARNING - ⚠️ 001221 悍高集团 K线更新失败: ('Connection aborted.', RemoteDisconnected('Remote end closed connection without response'))
2025-08-24 08:07:55,227 - WARNING - ⚠️ 001222 源飞宠物 K线更新失败: ('Connection aborted.', RemoteDisconnected('Remote end closed connection without response'))
2025-08-24 08:07:55,838 - WARNING - ⚠️ 001223 欧克科技 K线更新失败: ('Connection aborted.', RemoteDisconnected('Remote end closed connection without response'))
2025-08-24 08:07:56,470 - WARNING - ⚠️ 001225 和泰机电 K线更新失败: ('Connection aborted.', RemoteDisconnected('Remote end closed connection without response'))
2025-08-24 08:07:57,096 - WARNING - ⚠️ 001226 拓山重工 K线更新失败: ('Connection aborted.', RemoteDisconnected('Remote end closed connection without response'))
2025-08-24 08:07:57,709 - WARNING - ⚠️ 001227 兰州银行 K线更新失败: ('Connection aborted.', RemoteDisconnected('Remote end closed connection without response'))
2025-08-24 08:07:58,332 - WARNING - ⚠️ 001228 永泰运 K线更新失败: ('Connection aborted.', RemoteDisconnected('Remote end closed connection without response'))
2025-08-24 08:07:58,940 - WARNING - ⚠️ 001229 魅视科技 K线更新失败: ('Connection aborted.', RemoteDisconnected('Remote end closed connection without response'))
2025-08-24 08:07:59,548 - WARNING - ⚠️ 001230 劲旅环境 K线更新失败: ('Connection aborted.', RemoteDisconnected('Remote end closed connection without response'))
2025-08-24 08:08:00,157 - WARNING - ⚠️ 001231 农心科技 K线更新失败: ('Connection aborted.', RemoteDisconnected('Remote end closed connection without response'))
2025-08-24 08:08:00,776 - WARNING - ⚠️ 001234 泰慕士 K线更新失败: ('Connection aborted.', RemoteDisconnected('Remote end closed connection without response'))
2025-08-24 08:08:01,396 - WARNING - ⚠️ 001236 弘业期货 K线更新失败: ('Connection aborted.', RemoteDisconnected('Remote end closed connection without response'))
2025-08-24 08:08:02,017 - WARNING - ⚠️ 001238 浙江正特 K线更新失败: ('Connection aborted.', RemoteDisconnected('Remote end closed connection without response'))
2025-08-24 08:08:02,627 - WARNING - ⚠️ 001239 永达股份 K线更新失败: ('Connection aborted.', RemoteDisconnected('Remote end closed connection without response'))
2025-08-24 08:08:03,238 - WARNING - ⚠️ 001255 博菲电气 K线更新失败: ('Connection aborted.', RemoteDisconnected('Remote end closed connection without response'))
2025-08-24 08:08:03,853 - WARNING - ⚠️ 001256 炜冈科技 K线更新失败: ('Connection aborted.', RemoteDisconnected('Remote end closed connection without response'))
2025-08-24 08:08:04,456 - WARNING - ⚠️ 001258 立新能源 K线更新失败: ('Connection aborted.', RemoteDisconnected('Remote end closed connection without response'))
2025-08-24 08:08:05,075 - WARNING - ⚠️ 001259 利仁科技 K线更新失败: ('Connection aborted.', RemoteDisconnected('Remote end closed connection without response'))
2025-08-24 08:08:05,692 - WARNING - ⚠️ 001260 坤泰股份 K线更新失败: ('Connection aborted.', RemoteDisconnected('Remote end closed connection without response'))
2025-08-24 08:08:06,308 - WARNING - ⚠️ 001266 宏英智能 K线更新失败: ('Connection aborted.', RemoteDisconnected('Remote end closed connection without response'))
2025-08-24 08:08:06,909 - WARNING - ⚠️ 001267 汇绿生态 K线更新失败: ('Connection aborted.', RemoteDisconnected('Remote end closed connection without response'))
2025-08-24 08:08:07,524 - WARNING - ⚠️ 001268 联合精密 K线更新失败: ('Connection aborted.', RemoteDisconnected('Remote end closed connection without response'))
2025-08-24 08:08:08,133 - WARNING - ⚠️ 001269 欧晶科技 K线更新失败: ('Connection aborted.', RemoteDisconnected('Remote end closed connection without response'))
2025-08-24 08:08:08,745 - WARNING - ⚠️ 001270 *ST铖昌 K线更新失败: ('Connection aborted.', RemoteDisconnected('Remote end closed connection without response'))
2025-08-24 08:08:09,371 - WARNING - ⚠️ 001277 速达股份 K线更新失败: ('Connection aborted.', RemoteDisconnected('Remote end closed connection without response'))
2025-08-24 08:08:09,982 - WARNING - ⚠️ 001278 一彬科技 K线更新失败: ('Connection aborted.', RemoteDisconnected('Remote end closed connection without response'))
2025-08-24 08:08:10,596 - WARNING - ⚠️ 001279 强邦新材 K线更新失败: ('Connection aborted.', RemoteDisconnected('Remote end closed connection without response'))
2025-08-24 08:08:11,206 - WARNING - ⚠️ 001282 三联锻造 K线更新失败: ('Connection aborted.', RemoteDisconnected('Remote end closed connection without response'))
2025-08-24 08:08:11,812 - WARNING - ⚠️ 001283 豪鹏科技 K线更新失败: ('Connection aborted.', RemoteDisconnected('Remote end closed connection without response'))
2025-08-24 08:08:12,430 - WARNING - ⚠️ 001286 陕西能源 K线更新失败: ('Connection aborted.', RemoteDisconnected('Remote end closed connection without response'))
2025-08-24 08:08:13,041 - WARNING - ⚠️ 001287 中电港 K线更新失败: ('Connection aborted.', RemoteDisconnected('Remote end closed connection without response'))
2025-08-24 08:08:13,650 - WARNING - ⚠️ 001288 运机集团 K线更新失败: ('Connection aborted.', RemoteDisconnected('Remote end closed connection without response'))
2025-08-24 08:08:14,262 - WARNING - ⚠️ 001289 龙源电力 K线更新失败: ('Connection aborted.', RemoteDisconnected('Remote end closed connection without response'))
2025-08-24 08:08:14,857 - WARNING - ⚠️ 001296 长江材料 K线更新失败: ('Connection aborted.', RemoteDisconnected('Remote end closed connection without response'))
2025-08-24 08:08:15,470 - WARNING - ⚠️ 001298 好上好 K线更新失败: ('Connection aborted.', RemoteDisconnected('Remote end closed connection without response'))
2025-08-24 08:08:16,071 - WARNING - ⚠️ 001299 美能能源 K线更新失败: ('Connection aborted.', RemoteDisconnected('Remote end closed connection without response'))
2025-08-24 08:08:16,694 - WARNING - ⚠️ 001300 三柏硕 K线更新失败: ('Connection aborted.', RemoteDisconnected('Remote end closed connection without response'))
2025-08-24 08:08:17,311 - WARNING - ⚠️ 001301 尚太科技 K线更新失败: ('Connection aborted.', RemoteDisconnected('Remote end closed connection without response'))
2025-08-24 08:08:17,920 - WARNING - ⚠️ 001306 夏厦精密 K线更新失败: ('Connection aborted.', RemoteDisconnected('Remote end closed connection without response'))
2025-08-24 08:08:18,545 - WARNING - ⚠️ 001308 康冠科技 K线更新失败: ('Connection aborted.', RemoteDisconnected('Remote end closed connection without response'))
2025-08-24 08:08:19,143 - WARNING - ⚠️ 001309 德明利 K线更新失败: ('Connection aborted.', RemoteDisconnected('Remote end closed connection without response'))
2025-08-24 08:08:19,753 - WARNING - ⚠️ 001311 多利科技 K线更新失败: ('Connection aborted.', RemoteDisconnected('Remote end closed connection without response'))
2025-08-24 08:08:20,372 - WARNING - ⚠️ 001313 粤海饲料 K线更新失败: ('Connection aborted.', RemoteDisconnected('Remote end closed connection without response'))
2025-08-24 08:08:20,974 - WARNING - ⚠️ 001314 亿道信息 K线更新失败: ('Connection aborted.', RemoteDisconnected('Remote end closed connection without response'))
2025-08-24 08:08:21,584 - WARNING - ⚠️ 001316 润贝航科 K线更新失败: ('Connection aborted.', RemoteDisconnected('Remote end closed connection without response'))
2025-08-24 08:08:22,195 - WARNING - ⚠️ 001317 三羊马 K线更新失败: ('Connection aborted.', RemoteDisconnected('Remote end closed connection without response'))
2025-08-24 08:08:22,799 - WARNING - ⚠️ 001318 阳光乳业 K线更新失败: ('Connection aborted.', RemoteDisconnected('Remote end closed connection without response'))
2025-08-24 08:08:23,394 - WARNING - ⚠️ 001319 铭科精技 K线更新失败: ('Connection aborted.', RemoteDisconnected('Remote end closed connection without response'))
2025-08-24 08:08:24,001 - WARNING - ⚠️ 001322 箭牌家居 K线更新失败: ('Connection aborted.', RemoteDisconnected('Remote end closed connection without response'))
2025-08-24 08:08:24,624 - WARNING - ⚠️ 001323 慕思股份 K线更新失败: ('Connection aborted.', RemoteDisconnected('Remote end closed connection without response'))
2025-08-24 08:08:25,235 - WARNING - ⚠️ 001324 长青科技 K线更新失败: ('Connection aborted.', RemoteDisconnected('Remote end closed connection without response'))
2025-08-24 08:08:25,847 - WARNING - ⚠️ 001326 联域股份 K线更新失败: ('Connection aborted.', RemoteDisconnected('Remote end closed connection without response'))
2025-08-24 08:08:26,467 - WARNING - ⚠️ 001328 登康口腔 K线更新失败: ('Connection aborted.', RemoteDisconnected('Remote end closed connection without response'))
2025-08-24 08:08:27,063 - WARNING - ⚠️ 001330 博纳影业 K线更新失败: ('Connection aborted.', RemoteDisconnected('Remote end closed connection without response'))
2025-08-24 08:08:27,681 - WARNING - ⚠️ 001331 胜通能源 K线更新失败: ('Connection aborted.', RemoteDisconnected('Remote end closed connection without response'))
2025-08-24 08:08:28,282 - WARNING - ⚠️ 001332 锡装股份 K线更新失败: ('Connection aborted.', RemoteDisconnected('Remote end closed connection without response'))
2025-08-24 08:08:28,916 - WARNING - ⚠️ 001333 光华股份 K线更新失败: ('Connection aborted.', RemoteDisconnected('Remote end closed connection without response'))
2025-08-24 08:08:29,532 - WARNING - ⚠️ 001335 信凯科技 K线更新失败: ('Connection aborted.', RemoteDisconnected('Remote end closed connection without response'))
2025-08-24 08:08:30,143 - WARNING - ⚠️ 001336 楚环科技 K线更新失败: ('Connection aborted.', RemoteDisconnected('Remote end closed connection without response'))
2025-08-24 08:08:30,733 - WARNING - ⚠️ 001337 四川黄金 K线更新失败: ('Connection aborted.', RemoteDisconnected('Remote end closed connection without response'))
2025-08-24 08:08:31,354 - WARNING - ⚠️ 001338 永顺泰 K线更新失败: ('Connection aborted.', RemoteDisconnected('Remote end closed connection without response'))
2025-08-24 08:08:31,967 - WARNING - ⚠️ 001339 智微智能 K线更新失败: ('Connection aborted.', RemoteDisconnected('Remote end closed connection without response'))
2025-08-24 08:08:32,578 - WARNING - ⚠️ 001356 富岭股份 K线更新失败: ('Connection aborted.', RemoteDisconnected('Remote end closed connection without response'))
2025-08-24 08:08:33,186 - WARNING - ⚠️ 001358 兴欣新材 K线更新失败: ('Connection aborted.', RemoteDisconnected('Remote end closed connection without response'))
2025-08-24 08:08:33,796 - WARNING - ⚠️ 001359 平安电工 K线更新失败: ('Connection aborted.', RemoteDisconnected('Remote end closed connection without response'))
2025-08-24 08:08:34,406 - WARNING - ⚠️ 001360 南矿集团 K线更新失败: ('Connection aborted.', RemoteDisconnected('Remote end closed connection without response'))
2025-08-24 08:08:35,019 - WARNING - ⚠️ 001366 播恩集团 K线更新失败: ('Connection aborted.', RemoteDisconnected('Remote end closed connection without response'))
2025-08-24 08:08:35,646 - WARNING - ⚠️ 001367 海森药业 K线更新失败: ('Connection aborted.', RemoteDisconnected('Remote end closed connection without response'))
2025-08-24 08:08:36,254 - WARNING - ⚠️ 001368 通达创智 K线更新失败: ('Connection aborted.', RemoteDisconnected('Remote end closed connection without response'))
2025-08-24 08:08:36,873 - WARNING - ⚠️ 001373 翔腾新材 K线更新失败: ('Connection aborted.', RemoteDisconnected('Remote end closed connection without response'))
2025-08-24 08:08:37,479 - WARNING - ⚠️ 001376 百通能源 K线更新失败: ('Connection aborted.', RemoteDisconnected('Remote end closed connection without response'))
2025-08-24 08:08:38,097 - WARNING - ⚠️ 001378 德冠新材 K线更新失败: ('Connection aborted.', RemoteDisconnected('Remote end closed connection without response'))
2025-08-24 08:08:38,707 - WARNING - ⚠️ 001379 腾达科技 K线更新失败: ('Connection aborted.', RemoteDisconnected('Remote end closed connection without response'))
2025-08-24 08:08:39,316 - WARNING - ⚠️ 001380 华纬科技 K线更新失败: ('Connection aborted.', RemoteDisconnected('Remote end closed connection without response'))
2025-08-24 08:08:39,932 - WARNING - ⚠️ 001382 新亚电缆 K线更新失败: ('Connection aborted.', RemoteDisconnected('Remote end closed connection without response'))
2025-08-24 08:08:40,550 - WARNING - ⚠️ 001387 雪祺电气 K线更新失败: ('Connection aborted.', RemoteDisconnected('Remote end closed connection without response'))
2025-08-24 08:08:41,173 - WARNING - ⚠️ 001388 信通电子 K线更新失败: ('Connection aborted.', RemoteDisconnected('Remote end closed connection without response'))
2025-08-24 08:08:41,799 - WARNING - ⚠️ 001389 广合科技 K线更新失败: ('Connection aborted.', RemoteDisconnected('Remote end closed connection without response'))
2025-08-24 08:08:42,405 - WARNING - ⚠️ 001390 古麒绒材 K线更新失败: ('Connection aborted.', RemoteDisconnected('Remote end closed connection without response'))
2025-08-24 08:08:43,014 - WARNING - ⚠️ 001391 国货航 K线更新失败: ('Connection aborted.', RemoteDisconnected('Remote end closed connection without response'))
2025-08-24 08:08:43,642 - WARNING - ⚠️ 001395 亚联机械 K线更新失败: ('Connection aborted.', RemoteDisconnected('Remote end closed connection without response'))
2025-08-24 08:08:44,265 - WARNING - ⚠️ 001400 江顺科技 K线更新失败: ('Connection aborted.', RemoteDisconnected('Remote end closed connection without response'))
2025-08-24 08:08:44,880 - WARNING - ⚠️ 001696 宗申动力 K线更新失败: ('Connection aborted.', RemoteDisconnected('Remote end closed connection without response'))
2025-08-24 08:08:45,501 - WARNING - ⚠️ 001872 招商港口 K线更新失败: ('Connection aborted.', RemoteDisconnected('Remote end closed connection without response'))
2025-08-24 08:08:46,122 - WARNING - ⚠️ 001896 豫能控股 K线更新失败: ('Connection aborted.', RemoteDisconnected('Remote end closed connection without response'))
2025-08-24 08:08:46,733 - WARNING - ⚠️ 001914 招商积余 K线更新失败: ('Connection aborted.', RemoteDisconnected('Remote end closed connection without response'))
2025-08-24 08:08:47,346 - WARNING - ⚠️ 001965 招商公路 K线更新失败: ('Connection aborted.', RemoteDisconnected('Remote end closed connection without response'))
2025-08-24 08:08:47,963 - WARNING - ⚠️ 001979 招商蛇口 K线更新失败: ('Connection aborted.', RemoteDisconnected('Remote end closed connection without response'))
2025-08-24 08:08:48,565 - WARNING - ⚠️ 002001 新和成 K线更新失败: ('Connection aborted.', RemoteDisconnected('Remote end closed connection without response'))
2025-08-24 08:08:49,175 - WARNING - ⚠️ 002002 ST鸿达 K线更新失败: ('Connection aborted.', RemoteDisconnected('Remote end closed connection without response'))
2025-08-24 08:08:49,773 - WARNING - ⚠️ 002003 伟星股份 K线更新失败: ('Connection aborted.', RemoteDisconnected('Remote end closed connection without response'))
2025-08-24 08:08:50,378 - WARNING - ⚠️ 002004 华邦健康 K线更新失败: ('Connection aborted.', RemoteDisconnected('Remote end closed connection without response'))
2025-08-24 08:08:50,991 - WARNING - ⚠️ 002005 ST德豪 K线更新失败: ('Connection aborted.', RemoteDisconnected('Remote end closed connection without response'))
2025-08-24 08:08:51,610 - WARNING - ⚠️ 002006 精工科技 K线更新失败: ('Connection aborted.', RemoteDisconnected('Remote end closed connection without response'))
2025-08-24 08:08:52,231 - WARNING - ⚠️ 002007 华兰生物 K线更新失败: ('Connection aborted.', RemoteDisconnected('Remote end closed connection without response'))
2025-08-24 08:08:52,836 - WARNING - ⚠️ 002008 大族激光 K线更新失败: ('Connection aborted.', RemoteDisconnected('Remote end closed connection without response'))
2025-08-24 08:08:53,449 - WARNING - ⚠️ 002009 天奇股份 K线更新失败: ('Connection aborted.', RemoteDisconnected('Remote end closed connection without response'))
2025-08-24 08:08:54,087 - WARNING - ⚠️ 002010 传化智联 K线更新失败: ('Connection aborted.', RemoteDisconnected('Remote end closed connection without response'))
2025-08-24 08:08:54,683 - WARNING - ⚠️ 002011 盾安环境 K线更新失败: ('Connection aborted.', RemoteDisconnected('Remote end closed connection without response'))
2025-08-24 08:08:55,281 - WARNING - ⚠️ 002012 凯恩股份 K线更新失败: ('Connection aborted.', RemoteDisconnected('Remote end closed connection without response'))
2025-08-24 08:08:55,909 - WARNING - ⚠️ 002013 中航机电 K线更新失败: ('Connection aborted.', RemoteDisconnected('Remote end closed connection without response'))
2025-08-24 08:08:56,514 - WARNING - ⚠️ 002014 永新股份 K线更新失败: ('Connection aborted.', RemoteDisconnected('Remote end closed connection without response'))
2025-08-24 08:08:57,129 - WARNING - ⚠️ 002015 协鑫能科 K线更新失败: ('Connection aborted.', RemoteDisconnected('Remote end closed connection without response'))
2025-08-24 08:08:57,752 - WARNING - ⚠️ 002016 世荣兆业 K线更新失败: ('Connection aborted.', RemoteDisconnected('Remote end closed connection without response'))
2025-08-24 08:08:58,376 - WARNING - ⚠️ 002017 东信和平 K线更新失败: ('Connection aborted.', RemoteDisconnected('Remote end closed connection without response'))
2025-08-24 08:08:58,992 - WARNING - ⚠️ 002018 华信退 K线更新失败: ('Connection aborted.', RemoteDisconnected('Remote end closed connection without response'))
2025-08-24 08:08:59,609 - WARNING - ⚠️ 002019 亿帆医药 K线更新失败: ('Connection aborted.', RemoteDisconnected('Remote end closed connection without response'))
2025-08-24 08:09:00,228 - WARNING - ⚠️ 002020 京新药业 K线更新失败: ('Connection aborted.', RemoteDisconnected('Remote end closed connection without response'))
2025-08-24 08:09:00,837 - WARNING - ⚠️ 002021 中捷资源 K线更新失败: ('Connection aborted.', RemoteDisconnected('Remote end closed connection without response'))
2025-08-24 08:09:01,453 - WARNING - ⚠️ 002022 科华生物 K线更新失败: ('Connection aborted.', RemoteDisconnected('Remote end closed connection without response'))
2025-08-24 08:09:02,066 - WARNING - ⚠️ 002023 海特高新 K线更新失败: ('Connection aborted.', RemoteDisconnected('Remote end closed connection without response'))
2025-08-24 08:09:02,676 - WARNING - ⚠️ 002024 ST易购 K线更新失败: ('Connection aborted.', RemoteDisconnected('Remote end closed connection without response'))
2025-08-24 08:09:03,275 - WARNING - ⚠️ 002025 航天电器 K线更新失败: ('Connection aborted.', RemoteDisconnected('Remote end closed connection without response'))
2025-08-24 08:09:03,899 - WARNING - ⚠️ 002026 山东威达 K线更新失败: ('Connection aborted.', RemoteDisconnected('Remote end closed connection without response'))
2025-08-24 08:09:04,511 - WARNING - ⚠️ 002027 分众传媒 K线更新失败: ('Connection aborted.', RemoteDisconnected('Remote end closed connection without response'))
2025-08-24 08:09:05,122 - WARNING - ⚠️ 002028 思源电气 K线更新失败: ('Connection aborted.', RemoteDisconnected('Remote end closed connection without response'))
2025-08-24 08:09:05,750 - WARNING - ⚠️ 002029 七匹狼 K线更新失败: ('Connection aborted.', RemoteDisconnected('Remote end closed connection without response'))
2025-08-24 08:09:06,354 - WARNING - ⚠️ 002030 达安基因 K线更新失败: ('Connection aborted.', RemoteDisconnected('Remote end closed connection without response'))
2025-08-24 08:09:06,975 - WARNING - ⚠️ 002031 巨轮智能 K线更新失败: ('Connection aborted.', RemoteDisconnected('Remote end closed connection without response'))
2025-08-24 08:09:07,582 - WARNING - ⚠️ 002032 苏泊尔 K线更新失败: ('Connection aborted.', RemoteDisconnected('Remote end closed connection without response'))
2025-08-24 08:09:08,197 - WARNING - ⚠️ 002033 丽江股份 K线更新失败: ('Connection aborted.', RemoteDisconnected('Remote end closed connection without response'))
2025-08-24 08:09:08,792 - WARNING - ⚠️ 002034 旺能环境 K线更新失败: ('Connection aborted.', RemoteDisconnected('Remote end closed connection without response'))
2025-08-24 08:09:09,406 - WARNING - ⚠️ 002035 华帝股份 K线更新失败: ('Connection aborted.', RemoteDisconnected('Remote end closed connection without response'))
2025-08-24 08:09:10,031 - WARNING - ⚠️ 002036 联创电子 K线更新失败: ('Connection aborted.', RemoteDisconnected('Remote end closed connection without response'))
2025-08-24 08:09:10,626 - WARNING - ⚠️ 002037 保利联合 K线更新失败: ('Connection aborted.', RemoteDisconnected('Remote end closed connection without response'))
2025-08-24 08:09:11,238 - WARNING - ⚠️ 002038 双鹭药业 K线更新失败: ('Connection aborted.', RemoteDisconnected('Remote end closed connection without response'))
2025-08-24 08:09:11,852 - WARNING - ⚠️ 002039 黔源电力 K线更新失败: ('Connection aborted.', RemoteDisconnected('Remote end closed connection without response'))
2025-08-24 08:09:12,462 - WARNING - ⚠️ 002040 南京港 K线更新失败: ('Connection aborted.', RemoteDisconnected('Remote end closed connection without response'))
2025-08-24 08:09:13,058 - WARNING - ⚠️ 002041 登海种业 K线更新失败: ('Connection aborted.', RemoteDisconnected('Remote end closed connection without response'))
2025-08-24 08:09:13,680 - WARNING - ⚠️ 002042 华孚时尚 K线更新失败: ('Connection aborted.', RemoteDisconnected('Remote end closed connection without response'))
2025-08-24 08:09:14,291 - WARNING - ⚠️ 002043 兔宝宝 K线更新失败: ('Connection aborted.', RemoteDisconnected('Remote end closed connection without response'))
2025-08-24 08:09:14,906 - WARNING - ⚠️ 002044 美年健康 K线更新失败: ('Connection aborted.', RemoteDisconnected('Remote end closed connection without response'))
2025-08-24 08:09:15,527 - WARNING - ⚠️ 002045 国光电器 K线更新失败: ('Connection aborted.', RemoteDisconnected('Remote end closed connection without response'))
2025-08-24 08:09:16,141 - WARNING - ⚠️ 002046 国机精工 K线更新失败: ('Connection aborted.', RemoteDisconnected('Remote end closed connection without response'))
2025-08-24 08:09:16,760 - WARNING - ⚠️ 002047 *ST宝鹰 K线更新失败: ('Connection aborted.', RemoteDisconnected('Remote end closed connection without response'))
2025-08-24 08:09:17,371 - WARNING - ⚠️ 002048 宁波华翔 K线更新失败: ('Connection aborted.', RemoteDisconnected('Remote end closed connection without response'))
2025-08-24 08:09:17,980 - WARNING - ⚠️ 002049 紫光国微 K线更新失败: ('Connection aborted.', RemoteDisconnected('Remote end closed connection without response'))
2025-08-24 08:09:18,589 - WARNING - ⚠️ 002050 三花智控 K线更新失败: ('Connection aborted.', RemoteDisconnected('Remote end closed connection without response'))
2025-08-24 08:09:19,202 - WARNING - ⚠️ 002051 中工国际 K线更新失败: ('Connection aborted.', RemoteDisconnected('Remote end closed connection without response'))
2025-08-24 08:09:19,812 - WARNING - ⚠️ 002052 同洲电子 K线更新失败: ('Connection aborted.', RemoteDisconnected('Remote end closed connection without response'))
2025-08-24 08:09:20,430 - WARNING - ⚠️ 002053 云南能投 K线更新失败: ('Connection aborted.', RemoteDisconnected('Remote end closed connection without response'))
2025-08-24 08:09:21,041 - WARNING - ⚠️ 002054 德美化工 K线更新失败: ('Connection aborted.', RemoteDisconnected('Remote end closed connection without response'))
2025-08-24 08:09:21,660 - WARNING - ⚠️ 002055 得润电子 K线更新失败: ('Connection aborted.', RemoteDisconnected('Remote end closed connection without response'))
2025-08-24 08:09:22,272 - WARNING - ⚠️ 002056 横店东磁 K线更新失败: ('Connection aborted.', RemoteDisconnected('Remote end closed connection without response'))
2025-08-24 08:09:22,891 - WARNING - ⚠️ 002057 中钢天源 K线更新失败: ('Connection aborted.', RemoteDisconnected('Remote end closed connection without response'))
2025-08-24 08:09:23,517 - WARNING - ⚠️ 002058 *ST威尔 K线更新失败: ('Connection aborted.', RemoteDisconnected('Remote end closed connection without response'))
2025-08-24 08:09:24,117 - WARNING - ⚠️ 002059 云南旅游 K线更新失败: ('Connection aborted.', RemoteDisconnected('Remote end closed connection without response'))
2025-08-24 08:09:24,737 - WARNING - ⚠️ 002060 广东建工 K线更新失败: ('Connection aborted.', RemoteDisconnected('Remote end closed connection without response'))
2025-08-24 08:09:25,361 - WARNING - ⚠️ 002061 浙江交科 K线更新失败: ('Connection aborted.', RemoteDisconnected('Remote end closed connection without response'))
2025-08-24 08:09:25,976 - WARNING - ⚠️ 002062 宏润建设 K线更新失败: ('Connection aborted.', RemoteDisconnected('Remote end closed connection without response'))
2025-08-24 08:09:26,582 - WARNING - ⚠️ 002063 远光软件 K线更新失败: ('Connection aborted.', RemoteDisconnected('Remote end closed connection without response'))
2025-08-24 08:09:27,185 - WARNING - ⚠️ 002064 华峰化学 K线更新失败: ('Connection aborted.', RemoteDisconnected('Remote end closed connection without response'))
2025-08-24 08:09:27,791 - WARNING - ⚠️ 002065 东华软件 K线更新失败: ('Connection aborted.', RemoteDisconnected('Remote end closed connection without response'))
2025-08-24 08:09:28,418 - WARNING - ⚠️ 002066 瑞泰科技 K线更新失败: ('Connection aborted.', RemoteDisconnected('Remote end closed connection without response'))
2025-08-24 08:09:29,028 - WARNING - ⚠️ 002067 景兴纸业 K线更新失败: ('Connection aborted.', RemoteDisconnected('Remote end closed connection without response'))
2025-08-24 08:09:29,639 - WARNING - ⚠️ 002068 黑猫股份 K线更新失败: ('Connection aborted.', RemoteDisconnected('Remote end closed connection without response'))
2025-08-24 08:09:30,352 - WARNING - ⚠️ 002069 獐子岛 K线更新失败: ('Connection aborted.', RemoteDisconnected('Remote end closed connection without response'))
2025-08-24 08:09:30,956 - WARNING - ⚠️ 002070 众和退 K线更新失败: ('Connection aborted.', RemoteDisconnected('Remote end closed connection without response'))
2025-08-24 08:09:31,582 - WARNING - ⚠️ 002071 长城退 K线更新失败: ('Connection aborted.', RemoteDisconnected('Remote end closed connection without response'))
2025-08-24 08:09:32,199 - WARNING - ⚠️ 002072 凯瑞德 K线更新失败: ('Connection aborted.', RemoteDisconnected('Remote end closed connection without response'))
2025-08-24 08:09:32,807 - WARNING - ⚠️ 002073 软控股份 K线更新失败: ('Connection aborted.', RemoteDisconnected('Remote end closed connection without response'))
2025-08-24 08:09:33,427 - WARNING - ⚠️ 002074 国轩高科 K线更新失败: ('Connection aborted.', RemoteDisconnected('Remote end closed connection without response'))
2025-08-24 08:09:34,043 - WARNING - ⚠️ 002075 沙钢股份 K线更新失败: ('Connection aborted.', RemoteDisconnected('Remote end closed connection without response'))
2025-08-24 08:09:34,656 - WARNING - ⚠️ 002076 *ST星光 K线更新失败: ('Connection aborted.', RemoteDisconnected('Remote end closed connection without response'))
2025-08-24 08:09:35,253 - WARNING - ⚠️ 002077 大港股份 K线更新失败: ('Connection aborted.', RemoteDisconnected('Remote end closed connection without response'))
2025-08-24 08:09:35,864 - WARNING - ⚠️ 002078 太阳纸业 K线更新失败: ('Connection aborted.', RemoteDisconnected('Remote end closed connection without response'))
2025-08-24 08:09:36,476 - WARNING - ⚠️ 002079 苏州固锝 K线更新失败: ('Connection aborted.', RemoteDisconnected('Remote end closed connection without response'))
2025-08-24 08:09:37,082 - WARNING - ⚠️ 002080 中材科技 K线更新失败: ('Connection aborted.', RemoteDisconnected('Remote end closed connection without response'))
2025-08-24 08:09:37,714 - WARNING - ⚠️ 002081 金螳螂 K线更新失败: ('Connection aborted.', RemoteDisconnected('Remote end closed connection without response'))
2025-08-24 08:09:38,328 - WARNING - ⚠️ 002082 万邦德 K线更新失败: ('Connection aborted.', RemoteDisconnected('Remote end closed connection without response'))
2025-08-24 08:09:38,924 - WARNING - ⚠️ 002083 孚日股份 K线更新失败: ('Connection aborted.', RemoteDisconnected('Remote end closed connection without response'))
2025-08-24 08:09:39,533 - WARNING - ⚠️ 002084 海鸥住工 K线更新失败: ('Connection aborted.', RemoteDisconnected('Remote end closed connection without response'))
2025-08-24 08:09:40,151 - WARNING - ⚠️ 002085 万丰奥威 K线更新失败: ('Connection aborted.', RemoteDisconnected('Remote end closed connection without response'))
2025-08-24 08:09:40,758 - WARNING - ⚠️ 002086 东方海洋 K线更新失败: ('Connection aborted.', RemoteDisconnected('Remote end closed connection without response'))
2025-08-24 08:09:41,379 - WARNING - ⚠️ 002087 新纺退 K线更新失败: ('Connection aborted.', RemoteDisconnected('Remote end closed connection without response'))
2025-08-24 08:09:42,000 - WARNING - ⚠️ 002088 鲁阳节能 K线更新失败: ('Connection aborted.', RemoteDisconnected('Remote end closed connection without response'))
2025-08-24 08:09:42,622 - WARNING - ⚠️ 002089 新海退 K线更新失败: ('Connection aborted.', RemoteDisconnected('Remote end closed connection without response'))
2025-08-24 08:09:43,237 - WARNING - ⚠️ 002090 金智科技 K线更新失败: ('Connection aborted.', RemoteDisconnected('Remote end closed connection without response'))
2025-08-24 08:09:43,854 - WARNING - ⚠️ 002091 江苏国泰 K线更新失败: ('Connection aborted.', RemoteDisconnected('Remote end closed connection without response'))
2025-08-24 08:09:44,459 - WARNING - ⚠️ 002092 中泰化学 K线更新失败: ('Connection aborted.', RemoteDisconnected('Remote end closed connection without response'))
2025-08-24 08:09:45,056 - WARNING - ⚠️ 002093 国脉科技 K线更新失败: ('Connection aborted.', RemoteDisconnected('Remote end closed connection without response'))
2025-08-24 08:09:45,672 - WARNING - ⚠️ 002094 青岛金王 K线更新失败: ('Connection aborted.', RemoteDisconnected('Remote end closed connection without response'))
2025-08-24 08:09:46,282 - WARNING - ⚠️ 002095 生意宝 K线更新失败: ('Connection aborted.', RemoteDisconnected('Remote end closed connection without response'))
2025-08-24 08:09:46,885 - WARNING - ⚠️ 002096 易普力 K线更新失败: ('Connection aborted.', RemoteDisconnected('Remote end closed connection without response'))
2025-08-24 08:09:47,249 - INFO - 数据库连接已关闭
2025-08-24 08:14:19,001 - INFO - 🌟 每周数据更新程序启动
2025-08-24 08:14:19,002 - INFO - 🚀 开始每周数据更新...
2025-08-24 08:14:19,002 - INFO - ============================================================
2025-08-24 08:14:19,011 - INFO - ✅ 成功连接到MySQL数据库
2025-08-24 08:14:19,011 - INFO - 📊 开始更新近7个自然日K线数据）...
2025-08-24 08:14:19,041 - INFO - 📊 准备更新 5225 只股票的近7个自然日K线数据
2025-08-24 08:14:20,672 - INFO - 📈 已处理001213 中铁特货 
2025-08-24 08:14:22,489 - INFO - 📈 已处理001215 千味央厨 
2025-08-24 08:14:23,604 - INFO - 📈 已处理001216 华瓷股份 
2025-08-24 08:14:24,752 - INFO - 📈 已处理001217 华尔泰 
2025-08-24 08:14:25,825 - INFO - 📈 已处理001218 丽臣实业 
2025-08-24 08:14:26,883 - INFO - 📈 已处理001219 青岛食品 
2025-08-24 08:14:29,633 - INFO - 📈 已处理001221 悍高集团 
2025-08-24 08:14:31,878 - INFO - 📈 已处理001222 源飞宠物 
2025-08-24 08:14:46,088 - INFO - 📈 已处理001223 欧克科技 
2025-08-24 08:14:48,484 - INFO - 📈 已处理001225 和泰机电 
2025-08-24 08:14:49,618 - INFO - 📈 已处理001226 拓山重工 
2025-08-24 08:14:51,477 - INFO - 📈 已处理001227 兰州银行 
2025-08-24 08:14:53,144 - INFO - 📈 已处理001228 永泰运 
2025-08-24 08:14:54,202 - INFO - 📈 已处理001229 魅视科技 
2025-08-24 08:14:55,310 - INFO - 📈 已处理001230 劲旅环境 
2025-08-24 08:14:57,290 - INFO - 📈 已处理001231 农心科技 
2025-08-24 08:14:58,468 - INFO - 📈 已处理001234 泰慕士 
2025-08-24 08:14:59,630 - INFO - 📈 已处理001236 弘业期货 
2025-08-24 08:15:00,751 - INFO - 📈 已处理001238 浙江正特 
2025-08-24 08:15:02,428 - INFO - 📈 已处理001239 永达股份 
2025-08-24 08:15:11,412 - INFO - 📈 已处理001255 博菲电气 
2025-08-24 08:15:12,451 - INFO - 📈 已处理001256 炜冈科技 
2025-08-24 08:15:15,143 - INFO - 📈 已处理001258 立新能源 
2025-08-24 08:15:16,233 - INFO - 📈 已处理001259 利仁科技 
2025-08-24 08:15:18,346 - INFO - 📈 已处理001260 坤泰股份 
2025-08-24 08:15:19,413 - INFO - 📈 已处理001266 宏英智能 
2025-08-24 08:15:23,531 - INFO - 📈 已处理001267 汇绿生态 
2025-08-24 08:15:25,293 - INFO - 📈 已处理001268 联合精密 
2025-08-24 08:15:26,326 - INFO - 📈 已处理001269 欧晶科技 
2025-08-24 08:15:30,592 - INFO - 📈 已处理001270 *ST铖昌 
2025-08-24 08:15:32,196 - INFO - 📈 已处理001277 速达股份 
2025-08-24 08:15:33,227 - INFO - 📈 已处理001278 一彬科技 
2025-08-24 08:15:35,849 - INFO - 📈 已处理001279 强邦新材 
2025-08-24 08:15:37,558 - INFO - 📈 已处理001282 三联锻造 
2025-08-24 08:15:40,577 - INFO - 📈 已处理001283 豪鹏科技 
2025-08-24 08:15:46,576 - INFO - 📈 已处理001286 陕西能源 
2025-08-24 08:15:48,857 - INFO - 📈 已处理001287 中电港 
2025-08-24 08:15:51,065 - INFO - 📈 已处理001288 运机集团 
2025-08-24 08:15:52,335 - INFO - 📈 已处理001289 龙源电力 
2025-08-24 08:15:55,672 - INFO - 📈 已处理001296 长江材料 
2025-08-24 08:15:57,749 - INFO - 📈 已处理001298 好上好 
2025-08-24 08:16:01,939 - INFO - 📈 已处理001299 美能能源 
2025-08-24 08:16:03,511 - INFO - 📈 已处理001300 三柏硕 
2025-08-24 08:16:04,556 - INFO - 📈 已处理001301 尚太科技 
2025-08-24 08:16:09,760 - INFO - 📈 已处理001306 夏厦精密 
2025-08-24 08:16:13,402 - INFO - 📈 已处理001308 康冠科技 
2025-08-24 08:16:15,093 - INFO - 📈 已处理001309 德明利 
2025-08-24 08:16:17,572 - INFO - 📈 已处理001311 多利科技 
2025-08-24 08:16:18,606 - INFO - 📈 已处理001313 粤海饲料 
2025-08-24 08:16:20,330 - INFO - 📈 已处理001314 亿道信息 
2025-08-24 08:16:20,330 - INFO - 📈 已处理 50/5225 只股票，成功 50 只
2025-08-24 08:16:21,359 - INFO - 📈 已处理001316 润贝航科 
2025-08-24 08:16:22,410 - INFO - 📈 已处理001317 三羊马 
2025-08-24 08:16:23,284 - INFO - 📈 已处理001318 阳光乳业 
2025-08-24 08:16:24,374 - INFO - 📈 已处理001319 铭科精技 
2025-08-24 08:16:25,173 - INFO - 📈 已处理001322 箭牌家居 
2025-08-24 08:16:25,962 - INFO - 📈 已处理001323 慕思股份 
2025-08-24 08:16:26,781 - INFO - 📈 已处理001324 长青科技 
2025-08-24 08:16:27,570 - INFO - 📈 已处理001326 联域股份 
2025-08-24 08:16:28,369 - INFO - 📈 已处理001328 登康口腔 
2025-08-24 08:16:29,179 - INFO - 📈 已处理001330 博纳影业 
2025-08-24 08:16:30,008 - INFO - 📈 已处理001331 胜通能源 
2025-08-24 08:16:30,892 - INFO - 📈 已处理001332 锡装股份 
2025-08-24 08:16:31,814 - INFO - 📈 已处理001333 光华股份 
2025-08-24 08:16:32,661 - INFO - 📈 已处理001335 信凯科技 
2025-08-24 08:16:33,457 - INFO - 📈 已处理001336 楚环科技 
2025-08-24 08:16:34,290 - INFO - 📈 已处理001337 四川黄金 
2025-08-24 08:16:35,159 - INFO - 📈 已处理001338 永顺泰 
2025-08-24 08:16:35,955 - INFO - 📈 已处理001339 智微智能 
2025-08-24 08:16:36,836 - INFO - 📈 已处理001356 富岭股份 
2025-08-24 08:16:37,655 - INFO - 📈 已处理001358 兴欣新材 
2025-08-24 08:16:38,445 - INFO - 📈 已处理001359 平安电工 
2025-08-24 08:16:39,287 - INFO - 📈 已处理001360 南矿集团 
2025-08-24 08:16:40,173 - INFO - 📈 已处理001366 播恩集团 
2025-08-24 08:16:41,089 - INFO - 📈 已处理001367 海森药业 
2025-08-24 08:16:41,879 - INFO - 📈 已处理001368 通达创智 
2025-08-24 08:16:42,767 - INFO - 📈 已处理001373 翔腾新材 
2025-08-24 08:16:43,553 - INFO - 📈 已处理001376 百通能源 
2025-08-24 08:16:44,354 - INFO - 📈 已处理001378 德冠新材 
2025-08-24 08:16:45,173 - INFO - 📈 已处理001379 腾达科技 
2025-08-24 08:16:45,986 - INFO - 📈 已处理001380 华纬科技 
2025-08-24 08:16:46,796 - INFO - 📈 已处理001382 新亚电缆 
2025-08-24 08:16:47,599 - INFO - 📈 已处理001387 雪祺电气 
2025-08-24 08:16:48,388 - INFO - 📈 已处理001388 信通电子 
2025-08-24 08:16:49,412 - INFO - 📈 已处理001389 广合科技 
2025-08-24 08:16:50,642 - INFO - 📈 已处理001390 古麒绒材 
2025-08-24 08:16:51,439 - INFO - 📈 已处理001391 国货航 
2025-08-24 08:16:52,242 - INFO - 📈 已处理001395 亚联机械 
2025-08-24 08:16:53,042 - INFO - 📈 已处理001400 江顺科技 
2025-08-24 08:16:53,934 - INFO - 📈 已处理001696 宗申动力 
2025-08-24 08:16:54,761 - INFO - 📈 已处理001872 招商港口 
2025-08-24 08:16:55,543 - INFO - 📈 已处理001896 豫能控股 
2025-08-24 08:16:56,337 - INFO - 📈 已处理001914 招商积余 
2025-08-24 08:16:57,136 - INFO - 📈 已处理001965 招商公路 
2025-08-24 08:16:57,935 - INFO - 📈 已处理001979 招商蛇口 
2025-08-24 08:16:58,766 - INFO - 📈 已处理002001 新和成 
2025-08-24 08:17:00,356 - INFO - 📈 已处理002003 伟星股份 
2025-08-24 08:17:01,219 - INFO - 📈 已处理002004 华邦健康 
2025-08-24 08:17:02,130 - INFO - 📈 已处理002005 ST德豪 
2025-08-24 08:17:03,004 - INFO - 📈 已处理002006 精工科技 
2025-08-24 08:17:03,004 - INFO - 📈 已处理 100/5225 只股票，成功 99 只
2025-08-24 08:17:03,855 - INFO - 📈 已处理002007 华兰生物 
2025-08-24 08:17:04,650 - INFO - 📈 已处理002008 大族激光 
2025-08-24 08:17:05,454 - INFO - 📈 已处理002009 天奇股份 
2025-08-24 08:17:06,380 - INFO - 📈 已处理002010 传化智联 
2025-08-24 08:17:07,318 - INFO - 📈 已处理002011 盾安环境 
2025-08-24 08:17:08,510 - INFO - 📈 已处理002012 凯恩股份 
2025-08-24 08:17:10,164 - INFO - 📈 已处理002014 永新股份 
2025-08-24 08:17:10,949 - INFO - 📈 已处理002015 协鑫能科 
2025-08-24 08:17:11,777 - INFO - 📈 已处理002016 世荣兆业 
2025-08-24 08:17:12,594 - INFO - 📈 已处理002017 东信和平 
2025-08-24 08:17:14,296 - INFO - 📈 已处理002019 亿帆医药 
2025-08-24 08:17:15,143 - INFO - 📈 已处理002020 京新药业 
2025-08-24 08:17:15,981 - INFO - 📈 已处理002021 中捷资源 
2025-08-24 08:17:16,776 - INFO - 📈 已处理002022 科华生物 
2025-08-24 08:17:17,612 - INFO - 📈 已处理002023 海特高新 
2025-08-24 08:17:18,518 - INFO - 📈 已处理002024 ST易购 
2025-08-24 08:17:19,314 - INFO - 📈 已处理002025 航天电器 
2025-08-24 08:17:20,962 - INFO - 📈 已处理002026 山东威达 
2025-08-24 08:17:21,872 - INFO - 📈 已处理002027 分众传媒 
2025-08-24 08:17:23,791 - INFO - 📈 已处理002028 思源电气 
2025-08-24 08:17:24,720 - INFO - 📈 已处理002029 七匹狼 
2025-08-24 08:17:25,787 - INFO - 📈 已处理002030 达安基因 
2025-08-24 08:17:26,733 - INFO - 📈 已处理002031 巨轮智能 
2025-08-24 08:17:27,707 - INFO - 📈 已处理002032 苏泊尔 
2025-08-24 08:17:28,743 - INFO - 📈 已处理002033 丽江股份 
2025-08-24 08:17:29,669 - INFO - 📈 已处理002034 旺能环境 
2025-08-24 08:17:30,641 - INFO - 📈 已处理002035 华帝股份 
2025-08-24 08:17:31,719 - INFO - 📈 已处理002036 联创电子 
2025-08-24 08:17:32,724 - INFO - 📈 已处理002037 保利联合 
2025-08-24 08:17:33,705 - INFO - 📈 已处理002038 双鹭药业 
2025-08-24 08:17:34,685 - INFO - 📈 已处理002039 黔源电力 
2025-08-24 08:17:35,651 - INFO - 📈 已处理002040 南京港 
2025-08-24 08:17:36,621 - INFO - 📈 已处理002041 登海种业 
2025-08-24 08:17:37,672 - INFO - 📈 已处理002042 华孚时尚 
2025-08-24 08:17:38,678 - INFO - 📈 已处理002043 兔宝宝 
2025-08-24 08:17:39,678 - INFO - 📈 已处理002044 美年健康 
2025-08-24 08:17:40,740 - INFO - 📈 已处理002045 国光电器 
2025-08-24 08:17:41,711 - INFO - 📈 已处理002046 国机精工 
2025-08-24 08:17:42,679 - INFO - 📈 已处理002047 *ST宝鹰 
2025-08-24 08:17:43,702 - INFO - 📈 已处理002048 宁波华翔 
2025-08-24 08:17:44,683 - INFO - 📈 已处理002049 紫光国微 
2025-08-24 08:17:45,694 - INFO - 📈 已处理002050 三花智控 
2025-08-24 08:17:47,468 - INFO - 📈 已处理002051 中工国际 
2025-08-24 08:17:48,509 - INFO - 📈 已处理002052 同洲电子 
2025-08-24 08:17:49,475 - INFO - 📈 已处理002053 云南能投 
2025-08-24 08:17:50,435 - INFO - 📈 已处理002054 德美化工 
2025-08-24 08:17:51,391 - INFO - 📈 已处理002055 得润电子 
2025-08-24 08:17:52,338 - INFO - 📈 已处理002056 横店东磁 
2025-08-24 08:17:52,338 - INFO - 📈 已处理 150/5225 只股票，成功 147 只
2025-08-24 08:17:53,295 - INFO - 📈 已处理002057 中钢天源 
2025-08-24 08:17:54,221 - INFO - 📈 已处理002058 *ST威尔 
2025-08-24 08:17:55,186 - INFO - 📈 已处理002059 云南旅游 
2025-08-24 08:17:56,165 - INFO - 📈 已处理002060 广东建工 
2025-08-24 08:17:57,100 - INFO - 📈 已处理002061 浙江交科 
2025-08-24 08:17:58,108 - INFO - 📈 已处理002062 宏润建设 
2025-08-24 08:17:59,090 - INFO - 📈 已处理002063 远光软件 
2025-08-24 08:18:00,142 - INFO - 📈 已处理002064 华峰化学 
2025-08-24 08:18:01,126 - INFO - 📈 已处理002065 东华软件 
2025-08-24 08:18:02,551 - INFO - 📈 已处理002066 瑞泰科技 
2025-08-24 08:18:03,502 - INFO - 📈 已处理002067 景兴纸业 
2025-08-24 08:18:04,477 - INFO - 📈 已处理002068 黑猫股份 
2025-08-24 08:18:05,407 - INFO - 📈 已处理002069 獐子岛 
2025-08-24 08:18:08,266 - INFO - 📈 已处理002072 凯瑞德 
2025-08-24 08:18:09,204 - INFO - 📈 已处理002073 软控股份 
2025-08-24 08:18:11,088 - INFO - 📈 已处理002074 国轩高科 
2025-08-24 08:18:12,416 - INFO - 📈 已处理002075 沙钢股份 
2025-08-24 08:18:13,386 - INFO - 📈 已处理002076 *ST星光 
2025-08-24 08:18:14,318 - INFO - 📈 已处理002077 大港股份 
2025-08-24 08:18:15,376 - INFO - 📈 已处理002078 太阳纸业 
2025-08-24 08:18:16,337 - INFO - 📈 已处理002079 苏州固锝 
2025-08-24 08:18:17,394 - INFO - 📈 已处理002080 中材科技 
2025-08-24 08:18:18,599 - INFO - 📈 已处理002081 金螳螂 
2025-08-24 08:18:19,551 - INFO - 📈 已处理002082 万邦德 
2025-08-24 08:18:20,587 - INFO - 📈 已处理002083 孚日股份 
2025-08-24 08:18:21,626 - INFO - 📈 已处理002084 海鸥住工 
2025-08-24 08:18:22,613 - INFO - 📈 已处理002085 万丰奥威 
2025-08-24 08:18:23,608 - INFO - 📈 已处理002086 东方海洋 
2025-08-24 08:18:27,699 - INFO - 📈 已处理002088 鲁阳节能 
2025-08-24 08:18:29,792 - INFO - 📈 已处理002090 金智科技 
2025-08-24 08:18:31,036 - INFO - 📈 已处理002091 江苏国泰 
2025-08-24 08:18:32,103 - INFO - 📈 已处理002092 中泰化学 
2025-08-24 08:18:34,189 - INFO - 📈 已处理002093 国脉科技 
2025-08-24 08:18:35,689 - INFO - 📈 已处理002094 青岛金王 
2025-08-24 08:18:36,753 - INFO - 📈 已处理002095 生意宝 
2025-08-24 08:18:37,820 - INFO - 📈 已处理002096 易普力 
2025-08-24 08:18:38,877 - INFO - 📈 已处理002097 山河智能 
2025-08-24 08:18:39,911 - INFO - 📈 已处理002098 浔兴股份 
2025-08-24 08:18:41,384 - INFO - 📈 已处理002099 海翔药业 
2025-08-24 08:18:51,155 - INFO - 📈 已处理002100 天康生物 
2025-08-24 08:18:52,652 - INFO - 📈 已处理002101 广东鸿图 
2025-08-24 08:18:53,710 - INFO - 📈 已处理002102 能特科技 
2025-08-24 08:18:56,267 - INFO - 📈 已处理002103 广博股份 
2025-08-24 08:18:57,760 - INFO - 📈 已处理002104 恒宝股份 
2025-08-24 08:18:58,783 - INFO - 📈 已处理002105 信隆健康 
2025-08-24 08:18:59,856 - INFO - 📈 已处理002106 莱宝高科 
2025-08-24 08:18:59,856 - INFO - 📈 已处理 200/5225 只股票，成功 193 只
2025-08-24 08:19:01,986 - INFO - 📈 已处理002107 沃华医药 
2025-08-24 08:19:03,444 - INFO - 📈 已处理002108 沧州明珠 
2025-08-24 08:19:05,901 - INFO - 📈 已处理002109 兴化股份 
2025-08-24 08:19:06,920 - INFO - 📈 已处理002110 三钢闽光 
2025-08-24 08:19:08,991 - INFO - 📈 已处理002111 威海广泰 
2025-08-24 08:19:10,030 - INFO - 📈 已处理002112 三变科技 
2025-08-24 08:19:13,757 - INFO - 📈 已处理002114 罗平锌电 
2025-08-24 08:19:15,459 - INFO - 📈 已处理002115 三维通信 
2025-08-24 08:19:16,493 - INFO - 📈 已处理002116 中国海诚 
2025-08-24 08:19:18,587 - INFO - 📈 已处理002117 东港股份 
2025-08-24 08:19:20,671 - INFO - 📈 已处理002119 康强电子 
2025-08-24 08:19:25,396 - INFO - 📈 已处理002120 韵达股份 
2025-08-24 08:19:28,840 - INFO - 📈 已处理002121 科陆电子 
2025-08-24 08:19:29,985 - INFO - 📈 已处理002122 汇洲智能 
2025-08-24 08:19:35,049 - INFO - 📈 已处理002123 梦网科技 
2025-08-24 08:19:35,848 - INFO - 📈 已处理002124 天邦食品 
2025-08-24 08:19:36,649 - INFO - 📈 已处理002125 湘潭电化 
2025-08-24 08:19:37,434 - INFO - 📈 已处理002126 银轮股份 
2025-08-24 08:19:38,219 - INFO - 📈 已处理002127 南极电商 
2025-08-24 08:19:39,013 - INFO - 📈 已处理002128 电投能源 
2025-08-24 08:19:39,796 - INFO - 📈 已处理002129 TCL中环 
2025-08-24 08:19:41,091 - INFO - 📈 已处理002130 沃尔核材 
2025-08-24 08:19:41,886 - INFO - 📈 已处理002131 利欧股份 
2025-08-24 08:19:42,679 - INFO - 📈 已处理002132 恒星科技 
2025-08-24 08:19:43,490 - INFO - 📈 已处理002133 广宇集团 
2025-08-24 08:19:44,277 - INFO - 📈 已处理002134 天津普林 
2025-08-24 08:19:49,797 - WARNING - ⚠️ 002135 东南网架 K线更新失败: ('Connection aborted.', ConnectionResetError(10054, '远程主机强迫关闭了一个现有的连接。', None, 10054, None))
2025-08-24 08:19:50,591 - INFO - 📈 已处理002136 安纳达 
2025-08-24 08:19:51,792 - INFO - 📈 已处理002137 实益达 
2025-08-24 08:19:52,594 - INFO - 📈 已处理002138 顺络电子 
2025-08-24 08:19:53,613 - INFO - 📈 已处理002139 拓邦股份 
2025-08-24 08:19:54,409 - INFO - 📈 已处理002140 东华科技 
2025-08-24 08:19:55,195 - INFO - 📈 已处理002141 贤丰控股 
2025-08-24 08:19:55,989 - INFO - 📈 已处理002142 宁波银行 
2025-08-24 08:19:57,568 - INFO - 📈 已处理002144 宏达高科 
2025-08-24 08:19:58,340 - INFO - 📈 已处理002145 中核钛白 
2025-08-24 08:19:59,144 - INFO - 📈 已处理002146 荣盛发展 
2025-08-24 08:20:02,068 - INFO - 📈 已处理002148 北纬科技 
2025-08-24 08:20:02,870 - INFO - 📈 已处理002149 西部材料 
2025-08-24 08:20:03,670 - INFO - 📈 已处理002150 通润装备 
2025-08-24 08:20:04,480 - INFO - 📈 已处理002151 北斗星通 
2025-08-24 08:20:05,277 - INFO - 📈 已处理002152 广电运通 
2025-08-24 08:20:06,068 - INFO - 📈 已处理002153 石基信息 
2025-08-24 08:20:07,243 - INFO - 📈 已处理002154 报喜鸟 
2025-08-24 08:20:08,047 - INFO - 📈 已处理002155 湖南黄金 
2025-08-24 08:20:08,839 - INFO - 📈 已处理002156 通富微电 
2025-08-24 08:20:08,839 - INFO - 📈 已处理 250/5225 只股票，成功 238 只
2025-08-24 08:20:09,630 - INFO - 📈 已处理002157 正邦科技 
2025-08-24 08:20:10,411 - INFO - 📈 已处理002158 汉钟精机 
2025-08-24 08:20:11,442 - INFO - 📈 已处理002159 三特索道 
2025-08-24 08:20:12,218 - INFO - 📈 已处理002160 常铝股份 
2025-08-24 08:20:13,016 - INFO - 📈 已处理002161 远望谷 
2025-08-24 08:20:13,917 - INFO - 📈 已处理002162 悦心健康 
2025-08-24 08:20:15,500 - INFO - 📈 已处理002163 海南发展 
2025-08-24 08:20:16,767 - INFO - 📈 已处理002164 宁波东力 
2025-08-24 08:20:17,538 - INFO - 📈 已处理002165 红宝丽 
2025-08-24 08:20:18,342 - INFO - 📈 已处理002166 莱茵生物 
2025-08-24 08:20:19,144 - INFO - 📈 已处理002167 东方锆业 
2025-08-24 08:20:20,756 - INFO - 📈 已处理002168 *ST惠程 
2025-08-24 08:20:21,612 - INFO - 📈 已处理002169 智光电气 
2025-08-24 08:20:22,413 - INFO - 📈 已处理002170 芭田股份 
2025-08-24 08:20:23,194 - INFO - 📈 已处理002171 楚江新材 
2025-08-24 08:20:24,053 - INFO - 📈 已处理002172 澳洋健康 
2025-08-24 08:20:24,860 - INFO - 📈 已处理002173 创新医疗 
2025-08-24 08:20:25,651 - INFO - 📈 已处理002174 游族网络 
2025-08-24 08:20:26,696 - INFO - 📈 已处理002175 东方智造 
2025-08-24 08:20:27,487 - INFO - 📈 已处理002176 江特电机 
2025-08-24 08:20:28,576 - INFO - 📈 已处理002177 御银股份 
2025-08-24 08:20:29,383 - INFO - 📈 已处理002178 延华智能 
2025-08-24 08:20:30,175 - INFO - 📈 已处理002179 中航光电 
2025-08-24 08:20:33,863 - INFO - 📈 已处理002180 纳思达 
2025-08-24 08:20:36,438 - INFO - 📈 已处理002181 粤传媒 
2025-08-24 08:20:38,070 - INFO - 📈 已处理002182 宝武镁业 
2025-08-24 08:20:43,368 - INFO - 📈 已处理002183 怡亚通 
2025-08-24 08:20:54,497 - INFO - 📈 已处理002184 海得控制 
2025-08-24 08:20:55,535 - INFO - 📈 已处理002185 华天科技 
2025-08-24 08:21:01,150 - INFO - 📈 已处理002186 全聚德 
2025-08-24 08:21:35,106 - INFO - 📈 已处理002187 广百股份 
2025-08-24 08:21:36,274 - INFO - 📈 已处理002188 中天服务 
2025-08-24 08:21:37,074 - INFO - 📈 已处理002189 中光学 
2025-08-24 08:21:37,876 - INFO - 📈 已处理002190 成飞集成 
2025-08-24 08:21:38,779 - INFO - 📈 已处理002191 劲嘉股份 
2025-08-24 08:21:39,570 - INFO - 📈 已处理002192 融捷股份 
2025-08-24 08:21:40,378 - INFO - 📈 已处理002193 如意集团 
2025-08-24 08:21:41,506 - INFO - 📈 已处理002194 武汉凡谷 
2025-08-24 08:21:42,308 - INFO - 📈 已处理002195 岩山科技 
2025-08-24 08:21:43,106 - INFO - 📈 已处理002196 方正电机 
2025-08-24 08:21:43,896 - INFO - 📈 已处理002197 ST证通 
2025-08-24 08:21:44,682 - INFO - 📈 已处理002198 嘉应制药 
2025-08-24 08:21:45,475 - INFO - 📈 已处理002199 *ST东晶 
2025-08-24 08:21:46,286 - INFO - 📈 已处理002200 *ST交投 
2025-08-24 08:21:47,123 - INFO - 📈 已处理002201 九鼎新材 
2025-08-24 08:21:47,935 - INFO - 📈 已处理002202 金风科技 
2025-08-24 08:21:48,749 - INFO - 📈 已处理002203 海亮股份 
2025-08-24 08:21:49,546 - INFO - 📈 已处理002204 大连重工 
2025-08-24 08:21:50,333 - INFO - 📈 已处理002205 国统股份 
2025-08-24 08:21:51,372 - INFO - 📈 已处理002206 海利得 
2025-08-24 08:21:51,372 - INFO - 📈 已处理 300/5225 只股票，成功 288 只
2025-08-24 08:21:52,175 - INFO - 📈 已处理002207 准油股份 
2025-08-24 08:21:53,990 - INFO - 📈 已处理002208 合肥城建 
2025-08-24 08:21:54,805 - INFO - 📈 已处理002209 达意隆 
2025-08-24 08:21:55,595 - INFO - 📈 已处理002210 飞马国际 
2025-08-24 08:21:56,390 - INFO - 📈 已处理002211 ST宏达 
2025-08-24 08:21:57,541 - INFO - 📈 已处理002212 天融信 
2025-08-24 08:22:04,086 - INFO - 📈 已处理002213 大为股份 
2025-08-24 08:22:05,163 - INFO - 📈 已处理002214 *ST大立 
2025-08-24 08:22:07,010 - INFO - 📈 已处理002215 诺普信 
2025-08-24 08:22:07,801 - INFO - 📈 已处理002216 三全食品 
2025-08-24 08:22:08,605 - INFO - 📈 已处理002217 合力泰 
2025-08-24 08:22:09,393 - INFO - 📈 已处理002218 拓日新能 
2025-08-24 08:22:10,190 - INFO - 📈 已处理002219 新里程 
2025-08-24 08:22:12,473 - INFO - 📈 已处理002221 东华能源 
2025-08-24 08:22:13,264 - INFO - 📈 已处理002222 福晶科技 
2025-08-24 08:22:14,061 - INFO - 📈 已处理002223 鱼跃医疗 
2025-08-24 08:22:14,862 - INFO - 📈 已处理002224 三力士 
2025-08-24 08:22:15,656 - INFO - 📈 已处理002225 濮耐股份 
2025-08-24 08:22:16,454 - INFO - 📈 已处理002226 江南化工 
2025-08-24 08:22:17,267 - INFO - 📈 已处理002227 奥特迅 
2025-08-24 08:22:18,556 - INFO - 📈 已处理002228 合兴包装 
2025-08-24 08:22:19,362 - INFO - 📈 已处理002229 鸿博股份 
2025-08-24 08:22:20,150 - INFO - 📈 已处理002230 科大讯飞 
2025-08-24 08:22:20,963 - INFO - 📈 已处理002231 *ST奥维 
2025-08-24 08:22:21,774 - INFO - 📈 已处理002232 启明信息 
2025-08-24 08:22:22,571 - INFO - 📈 已处理002233 塔牌集团 
2025-08-24 08:22:23,392 - INFO - 📈 已处理002234 民和股份 
2025-08-24 08:22:24,223 - INFO - 📈 已处理002235 安妮股份 
2025-08-24 08:22:25,014 - INFO - 📈 已处理002236 大华股份 
2025-08-24 08:22:26,081 - INFO - 📈 已处理002237 恒邦股份 
2025-08-24 08:22:26,898 - INFO - 📈 已处理002238 天威视讯 
2025-08-24 08:22:27,689 - INFO - 📈 已处理002239 奥特佳 
2025-08-24 08:22:28,490 - INFO - 📈 已处理002240 盛新锂能 
2025-08-24 08:22:29,303 - INFO - 📈 已处理002241 歌尔股份 
2025-08-24 08:22:30,101 - INFO - 📈 已处理002242 九阳股份 
2025-08-24 08:22:30,908 - INFO - 📈 已处理002243 力合科创 
2025-08-24 08:22:32,115 - INFO - 📈 已处理002244 滨江集团 
2025-08-24 08:22:32,914 - INFO - 📈 已处理002245 蔚蓝锂芯 
2025-08-24 08:22:33,724 - INFO - 📈 已处理002246 北化股份 
2025-08-24 08:22:35,212 - INFO - 📈 已处理002247 聚力文化 
2025-08-24 08:22:36,006 - INFO - 📈 已处理002248 华东数控 
2025-08-24 08:22:38,179 - INFO - 📈 已处理002249 大洋电机 
2025-08-24 08:22:39,282 - INFO - 📈 已处理002250 联化科技 
2025-08-24 08:22:41,333 - INFO - 📈 已处理002251 步步高 
2025-08-24 08:22:44,548 - INFO - 📈 已处理002252 上海莱士 
2025-08-24 08:22:45,830 - INFO - 📈 已处理002253 *ST智胜 
2025-08-24 08:22:46,857 - INFO - 📈 已处理002254 泰和新材 
2025-08-24 08:22:49,518 - INFO - 📈 已处理002255 海陆重工 
2025-08-24 08:22:51,185 - INFO - 📈 已处理002256 兆新股份 
2025-08-24 08:22:51,185 - INFO - 📈 已处理 350/5225 只股票，成功 337 只
2025-08-24 08:22:52,214 - INFO - 📈 已处理002258 利尔化学 
2025-08-24 08:22:54,215 - INFO - 📈 已处理002259 升达林业 
2025-08-24 08:22:58,960 - INFO - 📈 已处理002261 拓维信息 
2025-08-24 08:23:00,473 - INFO - 📈 已处理002262 恩华药业 
2025-08-24 08:23:03,025 - INFO - 📈 已处理002263 大东南 
2025-08-24 08:23:05,570 - INFO - 📈 已处理002264 新华都 
2025-08-24 08:23:15,217 - INFO - 📈 已处理002265 建设工业 
2025-08-24 08:23:18,122 - INFO - 📈 已处理002266 浙富控股 
2025-08-24 08:23:20,806 - INFO - 📈 已处理002267 陕天然气 
2025-08-24 08:23:27,618 - INFO - 📈 已处理002268 电科网安 
2025-08-24 08:23:29,913 - INFO - 📈 已处理002269 美邦服饰 
2025-08-24 08:23:30,945 - INFO - 📈 已处理002270 华明装备 
2025-08-24 08:23:32,424 - INFO - 📈 已处理002271 东方雨虹 
2025-08-24 08:23:35,104 - INFO - 📈 已处理002272 川润股份 
2025-08-24 08:23:37,757 - INFO - 📈 已处理002273 水晶光电 
2025-08-24 08:23:40,705 - INFO - 📈 已处理002274 华昌化工 
2025-08-24 08:23:47,501 - INFO - 📈 已处理002275 桂林三金 
2025-08-24 08:23:48,529 - INFO - 📈 已处理002276 万马股份 
2025-08-24 08:23:50,028 - INFO - 📈 已处理002277 友阿股份 
2025-08-24 08:23:52,159 - INFO - 📈 已处理002278 神开股份 
2025-08-24 08:23:54,791 - INFO - 📈 已处理002279 久其软件 
2025-08-24 08:24:03,141 - WARNING - ⚠️ 002280 ST联络 K线更新失败: HTTPSConnectionPool(host='push2his.eastmoney.com', port=443): Max retries exceeded with url: /api/qt/stock/kline/get?fields1=f1%2Cf2%2Cf3%2Cf4%2Cf5%2Cf6&fields2=f51%2Cf52%2Cf53%2Cf54%2Cf55%2Cf56%2Cf57%2Cf58%2Cf59%2Cf60%2Cf61%2Cf116&ut=7eea3edcaed734bea9cbfc24409ed989&klt=101&fqt=1&secid=0.002280&beg=20250817&end=20250824 (Caused by SSLError(SSLEOFError(8, '[SSL: UNEXPECTED_EOF_WHILE_READING] EOF occurred in violation of protocol (_ssl.c:1007)')))
2025-08-24 08:24:11,659 - INFO - 📈 已处理002281 光迅科技 
2025-08-24 08:24:12,710 - INFO - 📈 已处理002282 博深股份 
2025-08-24 08:24:45,636 - INFO - 📈 已处理002283 天润工业 
2025-08-24 08:24:47,745 - INFO - 📈 已处理002284 亚太股份 
2025-08-24 08:24:48,777 - INFO - 📈 已处理002285 世联行 
2025-08-24 08:24:50,272 - INFO - 📈 已处理002286 保龄宝 
2025-08-24 08:24:52,331 - INFO - 📈 已处理002287 奇正藏药 
2025-08-24 08:24:59,905 - INFO - 📈 已处理002289 *ST宇顺 
2025-08-24 08:25:02,847 - INFO - 📈 已处理002290 禾盛新材 
2025-08-24 08:25:05,400 - INFO - 📈 已处理002291 遥望科技 
2025-08-24 08:25:09,149 - INFO - 📈 已处理002292 奥飞娱乐 
2025-08-24 08:25:12,826 - INFO - 📈 已处理002293 罗莱生活 
2025-08-24 08:25:15,369 - INFO - 📈 已处理002294 信立泰 
2025-08-24 08:25:20,992 - INFO - 📈 已处理002295 精艺股份 
2025-08-24 08:25:22,532 - INFO - 📈 已处理002296 辉煌科技 
2025-08-24 08:25:29,199 - INFO - 📈 已处理002297 博云新材 
2025-08-24 08:25:31,862 - INFO - 📈 已处理002298 中电鑫龙 
2025-08-24 08:25:35,489 - INFO - 📈 已处理002299 圣农发展 
2025-08-24 08:26:12,263 - INFO - 📈 已处理002300 太阳电缆 
2025-08-24 08:26:15,234 - INFO - 📈 已处理002301 齐心集团 
2025-08-24 08:26:16,374 - INFO - 📈 已处理002302 西部建设 
2025-08-24 08:26:18,042 - INFO - 📈 已处理002303 美盈森 
2025-08-24 08:26:27,771 - INFO - 📈 已处理002304 洋河股份 
2025-08-24 08:26:28,799 - INFO - 📈 已处理002305 *ST南置 
2025-08-24 08:26:34,547 - INFO - 📈 已处理002306 *ST云网 
2025-08-24 08:26:36,046 - INFO - 📈 已处理002307 北新路桥 
2025-08-24 08:26:36,046 - INFO - 📈 已处理 400/5225 只股票，成功 384 只
2025-08-24 08:26:39,323 - INFO - 📈 已处理002309 中利集团 
2025-08-24 08:26:40,341 - INFO - 📈 已处理002310 东方园林 
2025-08-24 08:26:41,857 - INFO - 📈 已处理002311 海大集团 
2025-08-24 08:26:43,616 - INFO - 📈 已处理002312 川发龙蟒 
2025-08-24 08:26:44,680 - INFO - 📈 已处理002313 日海智能 
2025-08-24 08:26:46,328 - INFO - 📈 已处理002314 南山控股 
2025-08-24 08:26:47,346 - INFO - 📈 已处理002315 焦点科技 
2025-08-24 08:26:55,075 - INFO - 📈 已处理002316 ST亚联 
2025-08-24 08:26:56,104 - INFO - 📈 已处理002317 众生药业 
2025-08-24 08:26:57,130 - INFO - 📈 已处理002318 久立特材 
2025-08-24 08:26:58,884 - INFO - 📈 已处理002319 乐通股份 
2025-08-24 08:27:09,281 - INFO - 📈 已处理002320 海峡股份 
2025-08-24 08:27:12,219 - INFO - 📈 已处理002321 华英农业 
2025-08-24 08:27:14,869 - INFO - 📈 已处理002322 理工能科 
2025-08-24 08:27:16,166 - INFO - 📈 已处理002323 雅博股份 
2025-08-24 08:27:33,260 - INFO - 📈 已处理002324 普利特 
2025-08-24 08:27:42,762 - INFO - 📈 已处理002326 永太科技 
2025-08-24 08:27:43,563 - INFO - 📈 已处理002327 富安娜 
2025-08-24 08:27:44,380 - INFO - 📈 已处理002328 新朋股份 
2025-08-24 08:27:45,186 - INFO - 📈 已处理002329 皇氏集团 
2025-08-24 08:27:45,997 - INFO - 📈 已处理002330 得利斯 
2025-08-24 08:27:46,796 - INFO - 📈 已处理002331 皖通科技 
2025-08-24 08:27:47,608 - INFO - 📈 已处理002332 仙琚制药 
2025-08-24 08:27:48,398 - INFO - 📈 已处理002333 罗普斯金 
2025-08-24 08:27:49,182 - INFO - 📈 已处理002334 英威腾 
2025-08-24 08:27:49,988 - INFO - 📈 已处理002335 科华数据 
2025-08-24 08:27:51,591 - INFO - 📈 已处理002337 赛象科技 
2025-08-24 08:27:52,472 - INFO - 📈 已处理002338 奥普光电 
2025-08-24 08:27:53,269 - INFO - 📈 已处理002339 积成电子 
2025-08-24 08:27:54,074 - INFO - 📈 已处理002340 格林美 
2025-08-24 08:27:55,685 - INFO - 📈 已处理002342 巨力索具 
2025-08-24 08:27:56,522 - INFO - 📈 已处理002343 慈文传媒 
2025-08-24 08:27:57,332 - INFO - 📈 已处理002344 海宁皮城 
2025-08-24 08:27:58,137 - INFO - 📈 已处理002345 潮宏基 
2025-08-24 08:27:58,957 - INFO - 📈 已处理002346 柘中股份 
2025-08-24 08:27:59,772 - INFO - 📈 已处理002347 泰尔股份 
2025-08-24 08:28:00,567 - INFO - 📈 已处理002348 高乐股份 
2025-08-24 08:28:01,389 - INFO - 📈 已处理002349 精华制药 
2025-08-24 08:28:02,223 - INFO - 📈 已处理002350 北京科锐 
2025-08-24 08:28:03,067 - INFO - 📈 已处理002351 漫步者 
2025-08-24 08:28:03,871 - INFO - 📈 已处理002352 顺丰控股 
2025-08-24 08:28:04,678 - INFO - 📈 已处理002353 杰瑞股份 
2025-08-24 08:28:05,490 - INFO - 📈 已处理002354 天娱数科 
2025-08-24 08:28:06,312 - INFO - 📈 已处理002355 兴民智通 
2025-08-24 08:28:07,872 - INFO - 📈 已处理002356 赫美集团 
2025-08-24 08:28:08,673 - INFO - 📈 已处理002357 富临运业 
2025-08-24 08:28:08,673 - INFO - 📈 已处理 450/5225 只股票，成功 430 只
2025-08-24 08:28:09,496 - INFO - 📈 已处理002358 森源电气 
2025-08-24 08:28:11,114 - INFO - 📈 已处理002360 同德化工 
2025-08-24 08:28:11,922 - INFO - 📈 已处理002361 神剑股份 
2025-08-24 08:28:12,785 - INFO - 📈 已处理002362 汉王科技 
2025-08-24 08:28:13,589 - INFO - 📈 已处理002363 隆基机械 
2025-08-24 08:28:14,464 - INFO - 📈 已处理002364 中恒电气 
2025-08-24 08:28:15,282 - INFO - 📈 已处理002365 永安药业 
2025-08-24 08:28:16,081 - INFO - 📈 已处理002366 融发核电 
2025-08-24 08:28:17,114 - INFO - 📈 已处理002367 康力电梯 
2025-08-24 08:28:17,906 - INFO - 📈 已处理002368 太极股份 
2025-08-24 08:28:18,808 - INFO - 📈 已处理002369 卓翼科技 
2025-08-24 08:28:19,601 - INFO - 📈 已处理002370 亚太药业 
2025-08-24 08:28:20,390 - INFO - 📈 已处理002371 北方华创 
2025-08-24 08:28:21,176 - INFO - 📈 已处理002372 伟星新材 
2025-08-24 08:28:22,972 - INFO - 📈 已处理002373 千方科技 
2025-08-24 08:28:28,741 - INFO - 📈 已处理002374 中锐股份 
2025-08-24 08:28:30,558 - INFO - 📈 已处理002375 亚厦股份 
2025-08-24 08:28:31,349 - INFO - 📈 已处理002376 新北洋 
2025-08-24 08:28:32,140 - INFO - 📈 已处理002377 国创高新 
2025-08-24 08:28:32,950 - INFO - 📈 已处理002378 章源钨业 
2025-08-24 08:28:33,755 - INFO - 📈 已处理002379 宏创控股 
2025-08-24 08:28:34,554 - INFO - 📈 已处理002380 科远智慧 
2025-08-24 08:28:35,347 - INFO - 📈 已处理002381 双箭股份 
2025-08-24 08:28:36,137 - INFO - 📈 已处理002382 蓝帆医疗 
2025-08-24 08:28:36,995 - INFO - 📈 已处理002383 合众思壮 
2025-08-24 08:28:37,796 - INFO - 📈 已处理002384 东山精密 
2025-08-24 08:28:38,582 - INFO - 📈 已处理002385 大北农 
2025-08-24 08:28:39,386 - INFO - 📈 已处理002386 天原股份 
2025-08-24 08:28:40,179 - INFO - 📈 已处理002387 维信诺 
2025-08-24 08:28:40,970 - INFO - 📈 已处理002388 ST新亚 
2025-08-24 08:28:41,776 - INFO - 📈 已处理002389 航天彩虹 
2025-08-24 08:28:42,585 - INFO - 📈 已处理002390 信邦制药 
2025-08-24 08:28:43,382 - INFO - 📈 已处理002391 长青股份 
2025-08-24 08:28:44,420 - INFO - 📈 已处理002392 北京利尔 
2025-08-24 08:28:45,477 - INFO - 📈 已处理002393 力生制药 
2025-08-24 08:28:46,270 - INFO - 📈 已处理002394 联发股份 
2025-08-24 08:28:47,054 - INFO - 📈 已处理002395 双象股份 
2025-08-24 08:28:47,843 - INFO - 📈 已处理002396 星网锐捷 
2025-08-24 08:28:48,715 - INFO - 📈 已处理002397 梦洁股份 
2025-08-24 08:28:51,879 - INFO - 📈 已处理002398 垒知集团 
2025-08-24 08:28:53,011 - INFO - 📈 已处理002399 海普瑞 
2025-08-24 08:28:54,168 - INFO - 📈 已处理002400 省广集团 
2025-08-24 08:28:54,953 - INFO - 📈 已处理002401 中远海科 
2025-08-24 08:28:55,982 - INFO - 📈 已处理002402 和而泰 
2025-08-24 08:28:56,787 - INFO - 📈 已处理002403 爱仕达 
2025-08-24 08:28:57,571 - INFO - 📈 已处理002404 嘉欣丝绸 
2025-08-24 08:28:58,370 - INFO - 📈 已处理002405 四维图新 
2025-08-24 08:28:59,163 - INFO - 📈 已处理002406 远东传动 
2025-08-24 08:28:59,955 - INFO - 📈 已处理002407 多氟多 
2025-08-24 08:28:59,955 - INFO - 📈 已处理 500/5225 只股票，成功 479 只
2025-08-24 08:29:00,916 - INFO - 📈 已处理002408 齐翔腾达 
2025-08-24 08:29:01,708 - INFO - 📈 已处理002409 雅克科技 
2025-08-24 08:29:02,506 - INFO - 📈 已处理002410 广联达 
2025-08-24 08:29:04,075 - INFO - 📈 已处理002412 汉森制药 
2025-08-24 08:29:04,878 - INFO - 📈 已处理002413 雷科防务 
2025-08-24 08:29:05,679 - INFO - 📈 已处理002414 高德红外 
2025-08-24 08:29:06,736 - INFO - 📈 已处理002415 海康威视 
2025-08-24 08:29:07,522 - INFO - 📈 已处理002416 爱施德 
2025-08-24 08:29:09,102 - INFO - 📈 已处理002418 康盛股份 
2025-08-24 08:29:09,895 - INFO - 📈 已处理002419 天虹股份 
2025-08-24 08:29:10,687 - INFO - 📈 已处理002420 毅昌科技 
2025-08-24 08:29:11,460 - WARNING - ⚠️ 002421 达实智能 K线更新失败: HTTPSConnectionPool(host='push2his.eastmoney.com', port=443): Max retries exceeded with url: /api/qt/stock/kline/get?fields1=f1%2Cf2%2Cf3%2Cf4%2Cf5%2Cf6&fields2=f51%2Cf52%2Cf53%2Cf54%2Cf55%2Cf56%2Cf57%2Cf58%2Cf59%2Cf60%2Cf61%2Cf116&ut=7eea3edcaed734bea9cbfc24409ed989&klt=101&fqt=1&secid=0.002421&beg=20250817&end=20250824 (Caused by ProxyError('Unable to connect to proxy', RemoteDisconnected('Remote end closed connection without response')))
2025-08-24 08:29:12,223 - WARNING - ⚠️ 002422 科伦药业 K线更新失败: HTTPSConnectionPool(host='push2his.eastmoney.com', port=443): Max retries exceeded with url: /api/qt/stock/kline/get?fields1=f1%2Cf2%2Cf3%2Cf4%2Cf5%2Cf6&fields2=f51%2Cf52%2Cf53%2Cf54%2Cf55%2Cf56%2Cf57%2Cf58%2Cf59%2Cf60%2Cf61%2Cf116&ut=7eea3edcaed734bea9cbfc24409ed989&klt=101&fqt=1&secid=0.002422&beg=20250817&end=20250824 (Caused by ProxyError('Unable to connect to proxy', RemoteDisconnected('Remote end closed connection without response')))
2025-08-24 08:29:13,013 - WARNING - ⚠️ 002423 中粮资本 K线更新失败: HTTPSConnectionPool(host='push2his.eastmoney.com', port=443): Max retries exceeded with url: /api/qt/stock/kline/get?fields1=f1%2Cf2%2Cf3%2Cf4%2Cf5%2Cf6&fields2=f51%2Cf52%2Cf53%2Cf54%2Cf55%2Cf56%2Cf57%2Cf58%2Cf59%2Cf60%2Cf61%2Cf116&ut=7eea3edcaed734bea9cbfc24409ed989&klt=101&fqt=1&secid=0.002423&beg=20250817&end=20250824 (Caused by ProxyError('Unable to connect to proxy', RemoteDisconnected('Remote end closed connection without response')))
2025-08-24 08:29:13,790 - WARNING - ⚠️ 002424 贵州百灵 K线更新失败: HTTPSConnectionPool(host='push2his.eastmoney.com', port=443): Max retries exceeded with url: /api/qt/stock/kline/get?fields1=f1%2Cf2%2Cf3%2Cf4%2Cf5%2Cf6&fields2=f51%2Cf52%2Cf53%2Cf54%2Cf55%2Cf56%2Cf57%2Cf58%2Cf59%2Cf60%2Cf61%2Cf116&ut=7eea3edcaed734bea9cbfc24409ed989&klt=101&fqt=1&secid=0.002424&beg=20250817&end=20250824 (Caused by ProxyError('Unable to connect to proxy', RemoteDisconnected('Remote end closed connection without response')))
2025-08-24 08:29:14,564 - WARNING - ⚠️ 002425 ST凯文 K线更新失败: HTTPSConnectionPool(host='push2his.eastmoney.com', port=443): Max retries exceeded with url: /api/qt/stock/kline/get?fields1=f1%2Cf2%2Cf3%2Cf4%2Cf5%2Cf6&fields2=f51%2Cf52%2Cf53%2Cf54%2Cf55%2Cf56%2Cf57%2Cf58%2Cf59%2Cf60%2Cf61%2Cf116&ut=7eea3edcaed734bea9cbfc24409ed989&klt=101&fqt=1&secid=0.002425&beg=20250817&end=20250824 (Caused by ProxyError('Unable to connect to proxy', RemoteDisconnected('Remote end closed connection without response')))
2025-08-24 08:29:25,804 - WARNING - ⚠️ 002426 胜利精密 K线更新失败: HTTPSConnectionPool(host='push2his.eastmoney.com', port=443): Max retries exceeded with url: /api/qt/stock/kline/get?fields1=f1%2Cf2%2Cf3%2Cf4%2Cf5%2Cf6&fields2=f51%2Cf52%2Cf53%2Cf54%2Cf55%2Cf56%2Cf57%2Cf58%2Cf59%2Cf60%2Cf61%2Cf116&ut=7eea3edcaed734bea9cbfc24409ed989&klt=101&fqt=1&secid=0.002426&beg=20250817&end=20250824 (Caused by ProxyError('Unable to connect to proxy', RemoteDisconnected('Remote end closed connection without response')))
2025-08-24 08:29:26,824 - WARNING - ⚠️ 002427 尤夫股份 K线更新失败: HTTPSConnectionPool(host='push2his.eastmoney.com', port=443): Max retries exceeded with url: /api/qt/stock/kline/get?fields1=f1%2Cf2%2Cf3%2Cf4%2Cf5%2Cf6&fields2=f51%2Cf52%2Cf53%2Cf54%2Cf55%2Cf56%2Cf57%2Cf58%2Cf59%2Cf60%2Cf61%2Cf116&ut=7eea3edcaed734bea9cbfc24409ed989&klt=101&fqt=1&secid=0.002427&beg=20250817&end=20250824 (Caused by ProxyError('Unable to connect to proxy', RemoteDisconnected('Remote end closed connection without response')))
2025-08-24 08:29:29,679 - WARNING - ⚠️ 002428 云南锗业 K线更新失败: HTTPSConnectionPool(host='push2his.eastmoney.com', port=443): Max retries exceeded with url: /api/qt/stock/kline/get?fields1=f1%2Cf2%2Cf3%2Cf4%2Cf5%2Cf6&fields2=f51%2Cf52%2Cf53%2Cf54%2Cf55%2Cf56%2Cf57%2Cf58%2Cf59%2Cf60%2Cf61%2Cf116&ut=7eea3edcaed734bea9cbfc24409ed989&klt=101&fqt=1&secid=0.002428&beg=20250817&end=20250824 (Caused by ProxyError('Unable to connect to proxy', RemoteDisconnected('Remote end closed connection without response')))
2025-08-24 08:29:31,730 - WARNING - ⚠️ 002429 兆驰股份 K线更新失败: HTTPSConnectionPool(host='push2his.eastmoney.com', port=443): Max retries exceeded with url: /api/qt/stock/kline/get?fields1=f1%2Cf2%2Cf3%2Cf4%2Cf5%2Cf6&fields2=f51%2Cf52%2Cf53%2Cf54%2Cf55%2Cf56%2Cf57%2Cf58%2Cf59%2Cf60%2Cf61%2Cf116&ut=7eea3edcaed734bea9cbfc24409ed989&klt=101&fqt=1&secid=0.002429&beg=20250817&end=20250824 (Caused by ProxyError('Unable to connect to proxy', RemoteDisconnected('Remote end closed connection without response')))
2025-08-24 08:29:33,643 - WARNING - ⚠️ 002430 杭氧股份 K线更新失败: HTTPSConnectionPool(host='push2his.eastmoney.com', port=443): Max retries exceeded with url: /api/qt/stock/kline/get?fields1=f1%2Cf2%2Cf3%2Cf4%2Cf5%2Cf6&fields2=f51%2Cf52%2Cf53%2Cf54%2Cf55%2Cf56%2Cf57%2Cf58%2Cf59%2Cf60%2Cf61%2Cf116&ut=7eea3edcaed734bea9cbfc24409ed989&klt=101&fqt=1&secid=0.002430&beg=20250817&end=20250824 (Caused by ProxyError('Unable to connect to proxy', RemoteDisconnected('Remote end closed connection without response')))
2025-08-24 08:29:34,669 - WARNING - ⚠️ 002431 棕榈股份 K线更新失败: HTTPSConnectionPool(host='push2his.eastmoney.com', port=443): Max retries exceeded with url: /api/qt/stock/kline/get?fields1=f1%2Cf2%2Cf3%2Cf4%2Cf5%2Cf6&fields2=f51%2Cf52%2Cf53%2Cf54%2Cf55%2Cf56%2Cf57%2Cf58%2Cf59%2Cf60%2Cf61%2Cf116&ut=7eea3edcaed734bea9cbfc24409ed989&klt=101&fqt=1&secid=0.002431&beg=20250817&end=20250824 (Caused by ProxyError('Unable to connect to proxy', RemoteDisconnected('Remote end closed connection without response')))
2025-08-24 08:29:48,159 - WARNING - ⚠️ 002432 九安医疗 K线更新失败: HTTPSConnectionPool(host='push2his.eastmoney.com', port=443): Max retries exceeded with url: /api/qt/stock/kline/get?fields1=f1%2Cf2%2Cf3%2Cf4%2Cf5%2Cf6&fields2=f51%2Cf52%2Cf53%2Cf54%2Cf55%2Cf56%2Cf57%2Cf58%2Cf59%2Cf60%2Cf61%2Cf116&ut=7eea3edcaed734bea9cbfc24409ed989&klt=101&fqt=1&secid=0.002432&beg=20250817&end=20250824 (Caused by ProxyError('Unable to connect to proxy', RemoteDisconnected('Remote end closed connection without response')))
2025-08-24 08:29:56,520 - WARNING - ⚠️ 002433 太安退 K线更新失败: HTTPSConnectionPool(host='push2his.eastmoney.com', port=443): Max retries exceeded with url: /api/qt/stock/kline/get?fields1=f1%2Cf2%2Cf3%2Cf4%2Cf5%2Cf6&fields2=f51%2Cf52%2Cf53%2Cf54%2Cf55%2Cf56%2Cf57%2Cf58%2Cf59%2Cf60%2Cf61%2Cf116&ut=7eea3edcaed734bea9cbfc24409ed989&klt=101&fqt=1&secid=0.002433&beg=20250817&end=20250824 (Caused by ProxyError('Unable to connect to proxy', RemoteDisconnected('Remote end closed connection without response')))
2025-08-24 08:30:04,615 - WARNING - ⚠️ 002434 万里扬 K线更新失败: HTTPSConnectionPool(host='push2his.eastmoney.com', port=443): Max retries exceeded with url: /api/qt/stock/kline/get?fields1=f1%2Cf2%2Cf3%2Cf4%2Cf5%2Cf6&fields2=f51%2Cf52%2Cf53%2Cf54%2Cf55%2Cf56%2Cf57%2Cf58%2Cf59%2Cf60%2Cf61%2Cf116&ut=7eea3edcaed734bea9cbfc24409ed989&klt=101&fqt=1&secid=0.002434&beg=20250817&end=20250824 (Caused by ProxyError('Unable to connect to proxy', RemoteDisconnected('Remote end closed connection without response')))
2025-08-24 08:30:05,613 - WARNING - ⚠️ 002435 ST长康 K线更新失败: HTTPSConnectionPool(host='push2his.eastmoney.com', port=443): Max retries exceeded with url: /api/qt/stock/kline/get?fields1=f1%2Cf2%2Cf3%2Cf4%2Cf5%2Cf6&fields2=f51%2Cf52%2Cf53%2Cf54%2Cf55%2Cf56%2Cf57%2Cf58%2Cf59%2Cf60%2Cf61%2Cf116&ut=7eea3edcaed734bea9cbfc24409ed989&klt=101&fqt=1&secid=0.002435&beg=20250817&end=20250824 (Caused by ProxyError('Unable to connect to proxy', RemoteDisconnected('Remote end closed connection without response')))
2025-08-24 08:30:07,947 - WARNING - ⚠️ 002436 兴森科技 K线更新失败: HTTPSConnectionPool(host='push2his.eastmoney.com', port=443): Max retries exceeded with url: /api/qt/stock/kline/get?fields1=f1%2Cf2%2Cf3%2Cf4%2Cf5%2Cf6&fields2=f51%2Cf52%2Cf53%2Cf54%2Cf55%2Cf56%2Cf57%2Cf58%2Cf59%2Cf60%2Cf61%2Cf116&ut=7eea3edcaed734bea9cbfc24409ed989&klt=101&fqt=1&secid=0.002436&beg=20250817&end=20250824 (Caused by ProxyError('Unable to connect to proxy', RemoteDisconnected('Remote end closed connection without response')))
2025-08-24 08:30:08,963 - WARNING - ⚠️ 002437 誉衡药业 K线更新失败: HTTPSConnectionPool(host='push2his.eastmoney.com', port=443): Max retries exceeded with url: /api/qt/stock/kline/get?fields1=f1%2Cf2%2Cf3%2Cf4%2Cf5%2Cf6&fields2=f51%2Cf52%2Cf53%2Cf54%2Cf55%2Cf56%2Cf57%2Cf58%2Cf59%2Cf60%2Cf61%2Cf116&ut=7eea3edcaed734bea9cbfc24409ed989&klt=101&fqt=1&secid=0.002437&beg=20250817&end=20250824 (Caused by ProxyError('Unable to connect to proxy', RemoteDisconnected('Remote end closed connection without response')))
2025-08-24 08:30:15,335 - WARNING - ⚠️ 002438 江苏神通 K线更新失败: HTTPSConnectionPool(host='push2his.eastmoney.com', port=443): Max retries exceeded with url: /api/qt/stock/kline/get?fields1=f1%2Cf2%2Cf3%2Cf4%2Cf5%2Cf6&fields2=f51%2Cf52%2Cf53%2Cf54%2Cf55%2Cf56%2Cf57%2Cf58%2Cf59%2Cf60%2Cf61%2Cf116&ut=7eea3edcaed734bea9cbfc24409ed989&klt=101&fqt=1&secid=0.002438&beg=20250817&end=20250824 (Caused by ProxyError('Unable to connect to proxy', RemoteDisconnected('Remote end closed connection without response')))
2025-08-24 08:30:23,362 - WARNING - ⚠️ 002439 启明星辰 K线更新失败: HTTPSConnectionPool(host='push2his.eastmoney.com', port=443): Max retries exceeded with url: /api/qt/stock/kline/get?fields1=f1%2Cf2%2Cf3%2Cf4%2Cf5%2Cf6&fields2=f51%2Cf52%2Cf53%2Cf54%2Cf55%2Cf56%2Cf57%2Cf58%2Cf59%2Cf60%2Cf61%2Cf116&ut=7eea3edcaed734bea9cbfc24409ed989&klt=101&fqt=1&secid=0.002439&beg=20250817&end=20250824 (Caused by ProxyError('Unable to connect to proxy', RemoteDisconnected('Remote end closed connection without response')))
2025-08-24 08:30:24,393 - WARNING - ⚠️ 002440 闰土股份 K线更新失败: HTTPSConnectionPool(host='push2his.eastmoney.com', port=443): Max retries exceeded with url: /api/qt/stock/kline/get?fields1=f1%2Cf2%2Cf3%2Cf4%2Cf5%2Cf6&fields2=f51%2Cf52%2Cf53%2Cf54%2Cf55%2Cf56%2Cf57%2Cf58%2Cf59%2Cf60%2Cf61%2Cf116&ut=7eea3edcaed734bea9cbfc24409ed989&klt=101&fqt=1&secid=0.002440&beg=20250817&end=20250824 (Caused by ProxyError('Unable to connect to proxy', RemoteDisconnected('Remote end closed connection without response')))
2025-08-24 08:30:25,220 - WARNING - ⚠️ 002441 众业达 K线更新失败: HTTPSConnectionPool(host='push2his.eastmoney.com', port=443): Max retries exceeded with url: /api/qt/stock/kline/get?fields1=f1%2Cf2%2Cf3%2Cf4%2Cf5%2Cf6&fields2=f51%2Cf52%2Cf53%2Cf54%2Cf55%2Cf56%2Cf57%2Cf58%2Cf59%2Cf60%2Cf61%2Cf116&ut=7eea3edcaed734bea9cbfc24409ed989&klt=101&fqt=1&secid=0.002441&beg=20250817&end=20250824 (Caused by ProxyError('Unable to connect to proxy', RemoteDisconnected('Remote end closed connection without response')))
2025-08-24 08:30:25,990 - WARNING - ⚠️ 002442 龙星科技 K线更新失败: HTTPSConnectionPool(host='push2his.eastmoney.com', port=443): Max retries exceeded with url: /api/qt/stock/kline/get?fields1=f1%2Cf2%2Cf3%2Cf4%2Cf5%2Cf6&fields2=f51%2Cf52%2Cf53%2Cf54%2Cf55%2Cf56%2Cf57%2Cf58%2Cf59%2Cf60%2Cf61%2Cf116&ut=7eea3edcaed734bea9cbfc24409ed989&klt=101&fqt=1&secid=0.002442&beg=20250817&end=20250824 (Caused by ProxyError('Unable to connect to proxy', RemoteDisconnected('Remote end closed connection without response')))
2025-08-24 08:30:26,769 - WARNING - ⚠️ 002443 金洲管道 K线更新失败: HTTPSConnectionPool(host='push2his.eastmoney.com', port=443): Max retries exceeded with url: /api/qt/stock/kline/get?fields1=f1%2Cf2%2Cf3%2Cf4%2Cf5%2Cf6&fields2=f51%2Cf52%2Cf53%2Cf54%2Cf55%2Cf56%2Cf57%2Cf58%2Cf59%2Cf60%2Cf61%2Cf116&ut=7eea3edcaed734bea9cbfc24409ed989&klt=101&fqt=1&secid=0.002443&beg=20250817&end=20250824 (Caused by ProxyError('Unable to connect to proxy', RemoteDisconnected('Remote end closed connection without response')))
2025-08-24 08:30:27,544 - WARNING - ⚠️ 002444 巨星科技 K线更新失败: HTTPSConnectionPool(host='push2his.eastmoney.com', port=443): Max retries exceeded with url: /api/qt/stock/kline/get?fields1=f1%2Cf2%2Cf3%2Cf4%2Cf5%2Cf6&fields2=f51%2Cf52%2Cf53%2Cf54%2Cf55%2Cf56%2Cf57%2Cf58%2Cf59%2Cf60%2Cf61%2Cf116&ut=7eea3edcaed734bea9cbfc24409ed989&klt=101&fqt=1&secid=0.002444&beg=20250817&end=20250824 (Caused by ProxyError('Unable to connect to proxy', RemoteDisconnected('Remote end closed connection without response')))
2025-08-24 08:30:28,396 - WARNING - ⚠️ 002445 中南文化 K线更新失败: HTTPSConnectionPool(host='push2his.eastmoney.com', port=443): Max retries exceeded with url: /api/qt/stock/kline/get?fields1=f1%2Cf2%2Cf3%2Cf4%2Cf5%2Cf6&fields2=f51%2Cf52%2Cf53%2Cf54%2Cf55%2Cf56%2Cf57%2Cf58%2Cf59%2Cf60%2Cf61%2Cf116&ut=7eea3edcaed734bea9cbfc24409ed989&klt=101&fqt=1&secid=0.002445&beg=20250817&end=20250824 (Caused by ProxyError('Unable to connect to proxy', RemoteDisconnected('Remote end closed connection without response')))
2025-08-24 08:30:29,176 - WARNING - ⚠️ 002446 盛路通信 K线更新失败: HTTPSConnectionPool(host='push2his.eastmoney.com', port=443): Max retries exceeded with url: /api/qt/stock/kline/get?fields1=f1%2Cf2%2Cf3%2Cf4%2Cf5%2Cf6&fields2=f51%2Cf52%2Cf53%2Cf54%2Cf55%2Cf56%2Cf57%2Cf58%2Cf59%2Cf60%2Cf61%2Cf116&ut=7eea3edcaed734bea9cbfc24409ed989&klt=101&fqt=1&secid=0.002446&beg=20250817&end=20250824 (Caused by ProxyError('Unable to connect to proxy', RemoteDisconnected('Remote end closed connection without response')))
2025-08-24 08:30:29,980 - WARNING - ⚠️ 002447 晨鑫退 K线更新失败: HTTPSConnectionPool(host='push2his.eastmoney.com', port=443): Max retries exceeded with url: /api/qt/stock/kline/get?fields1=f1%2Cf2%2Cf3%2Cf4%2Cf5%2Cf6&fields2=f51%2Cf52%2Cf53%2Cf54%2Cf55%2Cf56%2Cf57%2Cf58%2Cf59%2Cf60%2Cf61%2Cf116&ut=7eea3edcaed734bea9cbfc24409ed989&klt=101&fqt=1&secid=0.002447&beg=20250817&end=20250824 (Caused by ProxyError('Unable to connect to proxy', RemoteDisconnected('Remote end closed connection without response')))
2025-08-24 08:30:31,323 - WARNING - ⚠️ 002448 中原内配 K线更新失败: HTTPSConnectionPool(host='push2his.eastmoney.com', port=443): Max retries exceeded with url: /api/qt/stock/kline/get?fields1=f1%2Cf2%2Cf3%2Cf4%2Cf5%2Cf6&fields2=f51%2Cf52%2Cf53%2Cf54%2Cf55%2Cf56%2Cf57%2Cf58%2Cf59%2Cf60%2Cf61%2Cf116&ut=7eea3edcaed734bea9cbfc24409ed989&klt=101&fqt=1&secid=0.002448&beg=20250817&end=20250824 (Caused by ProxyError('Unable to connect to proxy', RemoteDisconnected('Remote end closed connection without response')))
2025-08-24 08:30:32,286 - WARNING - ⚠️ 002449 国星光电 K线更新失败: HTTPSConnectionPool(host='push2his.eastmoney.com', port=443): Max retries exceeded with url: /api/qt/stock/kline/get?fields1=f1%2Cf2%2Cf3%2Cf4%2Cf5%2Cf6&fields2=f51%2Cf52%2Cf53%2Cf54%2Cf55%2Cf56%2Cf57%2Cf58%2Cf59%2Cf60%2Cf61%2Cf116&ut=7eea3edcaed734bea9cbfc24409ed989&klt=101&fqt=1&secid=0.002449&beg=20250817&end=20250824 (Caused by ProxyError('Unable to connect to proxy', RemoteDisconnected('Remote end closed connection without response')))
2025-08-24 08:30:33,054 - WARNING - ⚠️ 002450 康得退 K线更新失败: HTTPSConnectionPool(host='push2his.eastmoney.com', port=443): Max retries exceeded with url: /api/qt/stock/kline/get?fields1=f1%2Cf2%2Cf3%2Cf4%2Cf5%2Cf6&fields2=f51%2Cf52%2Cf53%2Cf54%2Cf55%2Cf56%2Cf57%2Cf58%2Cf59%2Cf60%2Cf61%2Cf116&ut=7eea3edcaed734bea9cbfc24409ed989&klt=101&fqt=1&secid=0.002450&beg=20250817&end=20250824 (Caused by ProxyError('Unable to connect to proxy', RemoteDisconnected('Remote end closed connection without response')))
2025-08-24 08:30:33,923 - WARNING - ⚠️ 002451 摩恩电气 K线更新失败: HTTPSConnectionPool(host='push2his.eastmoney.com', port=443): Max retries exceeded with url: /api/qt/stock/kline/get?fields1=f1%2Cf2%2Cf3%2Cf4%2Cf5%2Cf6&fields2=f51%2Cf52%2Cf53%2Cf54%2Cf55%2Cf56%2Cf57%2Cf58%2Cf59%2Cf60%2Cf61%2Cf116&ut=7eea3edcaed734bea9cbfc24409ed989&klt=101&fqt=1&secid=0.002451&beg=20250817&end=20250824 (Caused by ProxyError('Unable to connect to proxy', RemoteDisconnected('Remote end closed connection without response')))
2025-08-24 08:30:34,812 - WARNING - ⚠️ 002452 长高电新 K线更新失败: HTTPSConnectionPool(host='push2his.eastmoney.com', port=443): Max retries exceeded with url: /api/qt/stock/kline/get?fields1=f1%2Cf2%2Cf3%2Cf4%2Cf5%2Cf6&fields2=f51%2Cf52%2Cf53%2Cf54%2Cf55%2Cf56%2Cf57%2Cf58%2Cf59%2Cf60%2Cf61%2Cf116&ut=7eea3edcaed734bea9cbfc24409ed989&klt=101&fqt=1&secid=0.002452&beg=20250817&end=20250824 (Caused by ProxyError('Unable to connect to proxy', RemoteDisconnected('Remote end closed connection without response')))
2025-08-24 08:30:36,449 - WARNING - ⚠️ 002453 华软科技 K线更新失败: HTTPSConnectionPool(host='push2his.eastmoney.com', port=443): Max retries exceeded with url: /api/qt/stock/kline/get?fields1=f1%2Cf2%2Cf3%2Cf4%2Cf5%2Cf6&fields2=f51%2Cf52%2Cf53%2Cf54%2Cf55%2Cf56%2Cf57%2Cf58%2Cf59%2Cf60%2Cf61%2Cf116&ut=7eea3edcaed734bea9cbfc24409ed989&klt=101&fqt=1&secid=0.002453&beg=20250817&end=20250824 (Caused by ProxyError('Unable to connect to proxy', RemoteDisconnected('Remote end closed connection without response')))
2025-08-24 08:30:37,242 - WARNING - ⚠️ 002454 松芝股份 K线更新失败: HTTPSConnectionPool(host='push2his.eastmoney.com', port=443): Max retries exceeded with url: /api/qt/stock/kline/get?fields1=f1%2Cf2%2Cf3%2Cf4%2Cf5%2Cf6&fields2=f51%2Cf52%2Cf53%2Cf54%2Cf55%2Cf56%2Cf57%2Cf58%2Cf59%2Cf60%2Cf61%2Cf116&ut=7eea3edcaed734bea9cbfc24409ed989&klt=101&fqt=1&secid=0.002454&beg=20250817&end=20250824 (Caused by ProxyError('Unable to connect to proxy', RemoteDisconnected('Remote end closed connection without response')))
2025-08-24 08:30:38,019 - WARNING - ⚠️ 002455 百川股份 K线更新失败: HTTPSConnectionPool(host='push2his.eastmoney.com', port=443): Max retries exceeded with url: /api/qt/stock/kline/get?fields1=f1%2Cf2%2Cf3%2Cf4%2Cf5%2Cf6&fields2=f51%2Cf52%2Cf53%2Cf54%2Cf55%2Cf56%2Cf57%2Cf58%2Cf59%2Cf60%2Cf61%2Cf116&ut=7eea3edcaed734bea9cbfc24409ed989&klt=101&fqt=1&secid=0.002455&beg=20250817&end=20250824 (Caused by ProxyError('Unable to connect to proxy', RemoteDisconnected('Remote end closed connection without response')))
2025-08-24 08:30:38,802 - WARNING - ⚠️ 002456 欧菲光 K线更新失败: HTTPSConnectionPool(host='push2his.eastmoney.com', port=443): Max retries exceeded with url: /api/qt/stock/kline/get?fields1=f1%2Cf2%2Cf3%2Cf4%2Cf5%2Cf6&fields2=f51%2Cf52%2Cf53%2Cf54%2Cf55%2Cf56%2Cf57%2Cf58%2Cf59%2Cf60%2Cf61%2Cf116&ut=7eea3edcaed734bea9cbfc24409ed989&klt=101&fqt=1&secid=0.002456&beg=20250817&end=20250824 (Caused by ProxyError('Unable to connect to proxy', RemoteDisconnected('Remote end closed connection without response')))
2025-08-24 08:30:39,593 - WARNING - ⚠️ 002457 青龙管业 K线更新失败: HTTPSConnectionPool(host='push2his.eastmoney.com', port=443): Max retries exceeded with url: /api/qt/stock/kline/get?fields1=f1%2Cf2%2Cf3%2Cf4%2Cf5%2Cf6&fields2=f51%2Cf52%2Cf53%2Cf54%2Cf55%2Cf56%2Cf57%2Cf58%2Cf59%2Cf60%2Cf61%2Cf116&ut=7eea3edcaed734bea9cbfc24409ed989&klt=101&fqt=1&secid=0.002457&beg=20250817&end=20250824 (Caused by ProxyError('Unable to connect to proxy', RemoteDisconnected('Remote end closed connection without response')))
2025-08-24 08:30:49,553 - WARNING - ⚠️ 002458 益生股份 K线更新失败: HTTPSConnectionPool(host='push2his.eastmoney.com', port=443): Max retries exceeded with url: /api/qt/stock/kline/get?fields1=f1%2Cf2%2Cf3%2Cf4%2Cf5%2Cf6&fields2=f51%2Cf52%2Cf53%2Cf54%2Cf55%2Cf56%2Cf57%2Cf58%2Cf59%2Cf60%2Cf61%2Cf116&ut=7eea3edcaed734bea9cbfc24409ed989&klt=101&fqt=1&secid=0.002458&beg=20250817&end=20250824 (Caused by ProxyError('Unable to connect to proxy', RemoteDisconnected('Remote end closed connection without response')))
2025-08-24 08:30:50,862 - WARNING - ⚠️ 002459 晶澳科技 K线更新失败: HTTPSConnectionPool(host='push2his.eastmoney.com', port=443): Max retries exceeded with url: /api/qt/stock/kline/get?fields1=f1%2Cf2%2Cf3%2Cf4%2Cf5%2Cf6&fields2=f51%2Cf52%2Cf53%2Cf54%2Cf55%2Cf56%2Cf57%2Cf58%2Cf59%2Cf60%2Cf61%2Cf116&ut=7eea3edcaed734bea9cbfc24409ed989&klt=101&fqt=1&secid=0.002459&beg=20250817&end=20250824 (Caused by ProxyError('Unable to connect to proxy', RemoteDisconnected('Remote end closed connection without response')))
2025-08-24 08:30:51,644 - WARNING - ⚠️ 002460 赣锋锂业 K线更新失败: HTTPSConnectionPool(host='push2his.eastmoney.com', port=443): Max retries exceeded with url: /api/qt/stock/kline/get?fields1=f1%2Cf2%2Cf3%2Cf4%2Cf5%2Cf6&fields2=f51%2Cf52%2Cf53%2Cf54%2Cf55%2Cf56%2Cf57%2Cf58%2Cf59%2Cf60%2Cf61%2Cf116&ut=7eea3edcaed734bea9cbfc24409ed989&klt=101&fqt=1&secid=0.002460&beg=20250817&end=20250824 (Caused by ProxyError('Unable to connect to proxy', RemoteDisconnected('Remote end closed connection without response')))
2025-08-24 08:30:52,427 - WARNING - ⚠️ 002461 珠江啤酒 K线更新失败: HTTPSConnectionPool(host='push2his.eastmoney.com', port=443): Max retries exceeded with url: /api/qt/stock/kline/get?fields1=f1%2Cf2%2Cf3%2Cf4%2Cf5%2Cf6&fields2=f51%2Cf52%2Cf53%2Cf54%2Cf55%2Cf56%2Cf57%2Cf58%2Cf59%2Cf60%2Cf61%2Cf116&ut=7eea3edcaed734bea9cbfc24409ed989&klt=101&fqt=1&secid=0.002461&beg=20250817&end=20250824 (Caused by ProxyError('Unable to connect to proxy', RemoteDisconnected('Remote end closed connection without response')))
2025-08-24 08:30:53,212 - WARNING - ⚠️ 002462 嘉事堂 K线更新失败: HTTPSConnectionPool(host='push2his.eastmoney.com', port=443): Max retries exceeded with url: /api/qt/stock/kline/get?fields1=f1%2Cf2%2Cf3%2Cf4%2Cf5%2Cf6&fields2=f51%2Cf52%2Cf53%2Cf54%2Cf55%2Cf56%2Cf57%2Cf58%2Cf59%2Cf60%2Cf61%2Cf116&ut=7eea3edcaed734bea9cbfc24409ed989&klt=101&fqt=1&secid=0.002462&beg=20250817&end=20250824 (Caused by ProxyError('Unable to connect to proxy', RemoteDisconnected('Remote end closed connection without response')))
2025-08-24 08:30:53,983 - WARNING - ⚠️ 002463 沪电股份 K线更新失败: HTTPSConnectionPool(host='push2his.eastmoney.com', port=443): Max retries exceeded with url: /api/qt/stock/kline/get?fields1=f1%2Cf2%2Cf3%2Cf4%2Cf5%2Cf6&fields2=f51%2Cf52%2Cf53%2Cf54%2Cf55%2Cf56%2Cf57%2Cf58%2Cf59%2Cf60%2Cf61%2Cf116&ut=7eea3edcaed734bea9cbfc24409ed989&klt=101&fqt=1&secid=0.002463&beg=20250817&end=20250824 (Caused by ProxyError('Unable to connect to proxy', RemoteDisconnected('Remote end closed connection without response')))
2025-08-24 08:30:54,760 - WARNING - ⚠️ 002464 众应退 K线更新失败: HTTPSConnectionPool(host='push2his.eastmoney.com', port=443): Max retries exceeded with url: /api/qt/stock/kline/get?fields1=f1%2Cf2%2Cf3%2Cf4%2Cf5%2Cf6&fields2=f51%2Cf52%2Cf53%2Cf54%2Cf55%2Cf56%2Cf57%2Cf58%2Cf59%2Cf60%2Cf61%2Cf116&ut=7eea3edcaed734bea9cbfc24409ed989&klt=101&fqt=1&secid=0.002464&beg=20250817&end=20250824 (Caused by ProxyError('Unable to connect to proxy', RemoteDisconnected('Remote end closed connection without response')))
2025-08-24 08:30:55,743 - WARNING - ⚠️ 002465 海格通信 K线更新失败: HTTPSConnectionPool(host='push2his.eastmoney.com', port=443): Max retries exceeded with url: /api/qt/stock/kline/get?fields1=f1%2Cf2%2Cf3%2Cf4%2Cf5%2Cf6&fields2=f51%2Cf52%2Cf53%2Cf54%2Cf55%2Cf56%2Cf57%2Cf58%2Cf59%2Cf60%2Cf61%2Cf116&ut=7eea3edcaed734bea9cbfc24409ed989&klt=101&fqt=1&secid=0.002465&beg=20250817&end=20250824 (Caused by ProxyError('Unable to connect to proxy', RemoteDisconnected('Remote end closed connection without response')))
2025-08-24 08:30:56,751 - WARNING - ⚠️ 002466 天齐锂业 K线更新失败: HTTPSConnectionPool(host='push2his.eastmoney.com', port=443): Max retries exceeded with url: /api/qt/stock/kline/get?fields1=f1%2Cf2%2Cf3%2Cf4%2Cf5%2Cf6&fields2=f51%2Cf52%2Cf53%2Cf54%2Cf55%2Cf56%2Cf57%2Cf58%2Cf59%2Cf60%2Cf61%2Cf116&ut=7eea3edcaed734bea9cbfc24409ed989&klt=101&fqt=1&secid=0.002466&beg=20250817&end=20250824 (Caused by ProxyError('Unable to connect to proxy', RemoteDisconnected('Remote end closed connection without response')))
2025-08-24 08:30:57,748 - WARNING - ⚠️ 002467 二六三 K线更新失败: HTTPSConnectionPool(host='push2his.eastmoney.com', port=443): Max retries exceeded with url: /api/qt/stock/kline/get?fields1=f1%2Cf2%2Cf3%2Cf4%2Cf5%2Cf6&fields2=f51%2Cf52%2Cf53%2Cf54%2Cf55%2Cf56%2Cf57%2Cf58%2Cf59%2Cf60%2Cf61%2Cf116&ut=7eea3edcaed734bea9cbfc24409ed989&klt=101&fqt=1&secid=0.002467&beg=20250817&end=20250824 (Caused by ProxyError('Unable to connect to proxy', RemoteDisconnected('Remote end closed connection without response')))
2025-08-24 08:30:58,540 - WARNING - ⚠️ 002468 申通快递 K线更新失败: HTTPSConnectionPool(host='push2his.eastmoney.com', port=443): Max retries exceeded with url: /api/qt/stock/kline/get?fields1=f1%2Cf2%2Cf3%2Cf4%2Cf5%2Cf6&fields2=f51%2Cf52%2Cf53%2Cf54%2Cf55%2Cf56%2Cf57%2Cf58%2Cf59%2Cf60%2Cf61%2Cf116&ut=7eea3edcaed734bea9cbfc24409ed989&klt=101&fqt=1&secid=0.002468&beg=20250817&end=20250824 (Caused by ProxyError('Unable to connect to proxy', RemoteDisconnected('Remote end closed connection without response')))
2025-08-24 08:31:00,329 - WARNING - ⚠️ 002469 三维化学 K线更新失败: HTTPSConnectionPool(host='push2his.eastmoney.com', port=443): Max retries exceeded with url: /api/qt/stock/kline/get?fields1=f1%2Cf2%2Cf3%2Cf4%2Cf5%2Cf6&fields2=f51%2Cf52%2Cf53%2Cf54%2Cf55%2Cf56%2Cf57%2Cf58%2Cf59%2Cf60%2Cf61%2Cf116&ut=7eea3edcaed734bea9cbfc24409ed989&klt=101&fqt=1&secid=0.002469&beg=20250817&end=20250824 (Caused by ProxyError('Unable to connect to proxy', RemoteDisconnected('Remote end closed connection without response')))
2025-08-24 08:31:01,103 - WARNING - ⚠️ 002470 金正大 K线更新失败: HTTPSConnectionPool(host='push2his.eastmoney.com', port=443): Max retries exceeded with url: /api/qt/stock/kline/get?fields1=f1%2Cf2%2Cf3%2Cf4%2Cf5%2Cf6&fields2=f51%2Cf52%2Cf53%2Cf54%2Cf55%2Cf56%2Cf57%2Cf58%2Cf59%2Cf60%2Cf61%2Cf116&ut=7eea3edcaed734bea9cbfc24409ed989&klt=101&fqt=1&secid=0.002470&beg=20250817&end=20250824 (Caused by ProxyError('Unable to connect to proxy', RemoteDisconnected('Remote end closed connection without response')))
2025-08-24 08:31:01,887 - WARNING - ⚠️ 002471 中超控股 K线更新失败: HTTPSConnectionPool(host='push2his.eastmoney.com', port=443): Max retries exceeded with url: /api/qt/stock/kline/get?fields1=f1%2Cf2%2Cf3%2Cf4%2Cf5%2Cf6&fields2=f51%2Cf52%2Cf53%2Cf54%2Cf55%2Cf56%2Cf57%2Cf58%2Cf59%2Cf60%2Cf61%2Cf116&ut=7eea3edcaed734bea9cbfc24409ed989&klt=101&fqt=1&secid=0.002471&beg=20250817&end=20250824 (Caused by ProxyError('Unable to connect to proxy', RemoteDisconnected('Remote end closed connection without response')))
2025-08-24 08:31:03,373 - WARNING - ⚠️ 002472 双环传动 K线更新失败: HTTPSConnectionPool(host='push2his.eastmoney.com', port=443): Max retries exceeded with url: /api/qt/stock/kline/get?fields1=f1%2Cf2%2Cf3%2Cf4%2Cf5%2Cf6&fields2=f51%2Cf52%2Cf53%2Cf54%2Cf55%2Cf56%2Cf57%2Cf58%2Cf59%2Cf60%2Cf61%2Cf116&ut=7eea3edcaed734bea9cbfc24409ed989&klt=101&fqt=1&secid=0.002472&beg=20250817&end=20250824 (Caused by ProxyError('Unable to connect to proxy', RemoteDisconnected('Remote end closed connection without response')))
2025-08-24 08:31:04,223 - WARNING - ⚠️ 002473 圣莱退 K线更新失败: HTTPSConnectionPool(host='push2his.eastmoney.com', port=443): Max retries exceeded with url: /api/qt/stock/kline/get?fields1=f1%2Cf2%2Cf3%2Cf4%2Cf5%2Cf6&fields2=f51%2Cf52%2Cf53%2Cf54%2Cf55%2Cf56%2Cf57%2Cf58%2Cf59%2Cf60%2Cf61%2Cf116&ut=7eea3edcaed734bea9cbfc24409ed989&klt=101&fqt=1&secid=0.002473&beg=20250817&end=20250824 (Caused by ProxyError('Unable to connect to proxy', RemoteDisconnected('Remote end closed connection without response')))
2025-08-24 08:31:05,959 - WARNING - ⚠️ 002474 榕基软件 K线更新失败: HTTPSConnectionPool(host='push2his.eastmoney.com', port=443): Max retries exceeded with url: /api/qt/stock/kline/get?fields1=f1%2Cf2%2Cf3%2Cf4%2Cf5%2Cf6&fields2=f51%2Cf52%2Cf53%2Cf54%2Cf55%2Cf56%2Cf57%2Cf58%2Cf59%2Cf60%2Cf61%2Cf116&ut=7eea3edcaed734bea9cbfc24409ed989&klt=101&fqt=1&secid=0.002474&beg=20250817&end=20250824 (Caused by ProxyError('Unable to connect to proxy', RemoteDisconnected('Remote end closed connection without response')))
2025-08-24 08:31:06,738 - WARNING - ⚠️ 002475 立讯精密 K线更新失败: HTTPSConnectionPool(host='push2his.eastmoney.com', port=443): Max retries exceeded with url: /api/qt/stock/kline/get?fields1=f1%2Cf2%2Cf3%2Cf4%2Cf5%2Cf6&fields2=f51%2Cf52%2Cf53%2Cf54%2Cf55%2Cf56%2Cf57%2Cf58%2Cf59%2Cf60%2Cf61%2Cf116&ut=7eea3edcaed734bea9cbfc24409ed989&klt=101&fqt=1&secid=0.002475&beg=20250817&end=20250824 (Caused by ProxyError('Unable to connect to proxy', RemoteDisconnected('Remote end closed connection without response')))
2025-08-24 08:31:07,509 - WARNING - ⚠️ 002476 宝莫股份 K线更新失败: HTTPSConnectionPool(host='push2his.eastmoney.com', port=443): Max retries exceeded with url: /api/qt/stock/kline/get?fields1=f1%2Cf2%2Cf3%2Cf4%2Cf5%2Cf6&fields2=f51%2Cf52%2Cf53%2Cf54%2Cf55%2Cf56%2Cf57%2Cf58%2Cf59%2Cf60%2Cf61%2Cf116&ut=7eea3edcaed734bea9cbfc24409ed989&klt=101&fqt=1&secid=0.002476&beg=20250817&end=20250824 (Caused by ProxyError('Unable to connect to proxy', RemoteDisconnected('Remote end closed connection without response')))
2025-08-24 08:31:08,301 - WARNING - ⚠️ 002477 雏鹰退 K线更新失败: HTTPSConnectionPool(host='push2his.eastmoney.com', port=443): Max retries exceeded with url: /api/qt/stock/kline/get?fields1=f1%2Cf2%2Cf3%2Cf4%2Cf5%2Cf6&fields2=f51%2Cf52%2Cf53%2Cf54%2Cf55%2Cf56%2Cf57%2Cf58%2Cf59%2Cf60%2Cf61%2Cf116&ut=7eea3edcaed734bea9cbfc24409ed989&klt=101&fqt=1&secid=0.002477&beg=20250817&end=20250824 (Caused by ProxyError('Unable to connect to proxy', RemoteDisconnected('Remote end closed connection without response')))
2025-08-24 08:31:09,082 - WARNING - ⚠️ 002478 常宝股份 K线更新失败: HTTPSConnectionPool(host='push2his.eastmoney.com', port=443): Max retries exceeded with url: /api/qt/stock/kline/get?fields1=f1%2Cf2%2Cf3%2Cf4%2Cf5%2Cf6&fields2=f51%2Cf52%2Cf53%2Cf54%2Cf55%2Cf56%2Cf57%2Cf58%2Cf59%2Cf60%2Cf61%2Cf116&ut=7eea3edcaed734bea9cbfc24409ed989&klt=101&fqt=1&secid=0.002478&beg=20250817&end=20250824 (Caused by ProxyError('Unable to connect to proxy', RemoteDisconnected('Remote end closed connection without response')))
2025-08-24 08:31:09,863 - WARNING - ⚠️ 002479 富春环保 K线更新失败: HTTPSConnectionPool(host='push2his.eastmoney.com', port=443): Max retries exceeded with url: /api/qt/stock/kline/get?fields1=f1%2Cf2%2Cf3%2Cf4%2Cf5%2Cf6&fields2=f51%2Cf52%2Cf53%2Cf54%2Cf55%2Cf56%2Cf57%2Cf58%2Cf59%2Cf60%2Cf61%2Cf116&ut=7eea3edcaed734bea9cbfc24409ed989&klt=101&fqt=1&secid=0.002479&beg=20250817&end=20250824 (Caused by ProxyError('Unable to connect to proxy', RemoteDisconnected('Remote end closed connection without response')))
2025-08-24 08:31:11,970 - WARNING - ⚠️ 002480 新筑股份 K线更新失败: HTTPSConnectionPool(host='push2his.eastmoney.com', port=443): Max retries exceeded with url: /api/qt/stock/kline/get?fields1=f1%2Cf2%2Cf3%2Cf4%2Cf5%2Cf6&fields2=f51%2Cf52%2Cf53%2Cf54%2Cf55%2Cf56%2Cf57%2Cf58%2Cf59%2Cf60%2Cf61%2Cf116&ut=7eea3edcaed734bea9cbfc24409ed989&klt=101&fqt=1&secid=0.002480&beg=20250817&end=20250824 (Caused by ProxyError('Unable to connect to proxy', RemoteDisconnected('Remote end closed connection without response')))
2025-08-24 08:31:12,741 - WARNING - ⚠️ 002481 双塔食品 K线更新失败: HTTPSConnectionPool(host='push2his.eastmoney.com', port=443): Max retries exceeded with url: /api/qt/stock/kline/get?fields1=f1%2Cf2%2Cf3%2Cf4%2Cf5%2Cf6&fields2=f51%2Cf52%2Cf53%2Cf54%2Cf55%2Cf56%2Cf57%2Cf58%2Cf59%2Cf60%2Cf61%2Cf116&ut=7eea3edcaed734bea9cbfc24409ed989&klt=101&fqt=1&secid=0.002481&beg=20250817&end=20250824 (Caused by ProxyError('Unable to connect to proxy', RemoteDisconnected('Remote end closed connection without response')))
2025-08-24 08:31:13,515 - WARNING - ⚠️ 002482 广田集团 K线更新失败: HTTPSConnectionPool(host='push2his.eastmoney.com', port=443): Max retries exceeded with url: /api/qt/stock/kline/get?fields1=f1%2Cf2%2Cf3%2Cf4%2Cf5%2Cf6&fields2=f51%2Cf52%2Cf53%2Cf54%2Cf55%2Cf56%2Cf57%2Cf58%2Cf59%2Cf60%2Cf61%2Cf116&ut=7eea3edcaed734bea9cbfc24409ed989&klt=101&fqt=1&secid=0.002482&beg=20250817&end=20250824 (Caused by ProxyError('Unable to connect to proxy', RemoteDisconnected('Remote end closed connection without response')))
2025-08-24 08:31:14,349 - WARNING - ⚠️ 002483 润邦股份 K线更新失败: HTTPSConnectionPool(host='push2his.eastmoney.com', port=443): Max retries exceeded with url: /api/qt/stock/kline/get?fields1=f1%2Cf2%2Cf3%2Cf4%2Cf5%2Cf6&fields2=f51%2Cf52%2Cf53%2Cf54%2Cf55%2Cf56%2Cf57%2Cf58%2Cf59%2Cf60%2Cf61%2Cf116&ut=7eea3edcaed734bea9cbfc24409ed989&klt=101&fqt=1&secid=0.002483&beg=20250817&end=20250824 (Caused by ProxyError('Unable to connect to proxy', RemoteDisconnected('Remote end closed connection without response')))
2025-08-24 08:31:15,131 - WARNING - ⚠️ 002484 江海股份 K线更新失败: HTTPSConnectionPool(host='push2his.eastmoney.com', port=443): Max retries exceeded with url: /api/qt/stock/kline/get?fields1=f1%2Cf2%2Cf3%2Cf4%2Cf5%2Cf6&fields2=f51%2Cf52%2Cf53%2Cf54%2Cf55%2Cf56%2Cf57%2Cf58%2Cf59%2Cf60%2Cf61%2Cf116&ut=7eea3edcaed734bea9cbfc24409ed989&klt=101&fqt=1&secid=0.002484&beg=20250817&end=20250824 (Caused by ProxyError('Unable to connect to proxy', RemoteDisconnected('Remote end closed connection without response')))
2025-08-24 08:31:15,912 - WARNING - ⚠️ 002485 ST雪发 K线更新失败: HTTPSConnectionPool(host='push2his.eastmoney.com', port=443): Max retries exceeded with url: /api/qt/stock/kline/get?fields1=f1%2Cf2%2Cf3%2Cf4%2Cf5%2Cf6&fields2=f51%2Cf52%2Cf53%2Cf54%2Cf55%2Cf56%2Cf57%2Cf58%2Cf59%2Cf60%2Cf61%2Cf116&ut=7eea3edcaed734bea9cbfc24409ed989&klt=101&fqt=1&secid=0.002485&beg=20250817&end=20250824 (Caused by ProxyError('Unable to connect to proxy', RemoteDisconnected('Remote end closed connection without response')))
2025-08-24 08:31:16,688 - WARNING - ⚠️ 002486 嘉麟杰 K线更新失败: HTTPSConnectionPool(host='push2his.eastmoney.com', port=443): Max retries exceeded with url: /api/qt/stock/kline/get?fields1=f1%2Cf2%2Cf3%2Cf4%2Cf5%2Cf6&fields2=f51%2Cf52%2Cf53%2Cf54%2Cf55%2Cf56%2Cf57%2Cf58%2Cf59%2Cf60%2Cf61%2Cf116&ut=7eea3edcaed734bea9cbfc24409ed989&klt=101&fqt=1&secid=0.002486&beg=20250817&end=20250824 (Caused by ProxyError('Unable to connect to proxy', RemoteDisconnected('Remote end closed connection without response')))
2025-08-24 08:31:17,470 - WARNING - ⚠️ 002487 大金重工 K线更新失败: HTTPSConnectionPool(host='push2his.eastmoney.com', port=443): Max retries exceeded with url: /api/qt/stock/kline/get?fields1=f1%2Cf2%2Cf3%2Cf4%2Cf5%2Cf6&fields2=f51%2Cf52%2Cf53%2Cf54%2Cf55%2Cf56%2Cf57%2Cf58%2Cf59%2Cf60%2Cf61%2Cf116&ut=7eea3edcaed734bea9cbfc24409ed989&klt=101&fqt=1&secid=0.002487&beg=20250817&end=20250824 (Caused by ProxyError('Unable to connect to proxy', RemoteDisconnected('Remote end closed connection without response')))
2025-08-24 08:31:19,286 - WARNING - ⚠️ 002488 金固股份 K线更新失败: HTTPSConnectionPool(host='push2his.eastmoney.com', port=443): Max retries exceeded with url: /api/qt/stock/kline/get?fields1=f1%2Cf2%2Cf3%2Cf4%2Cf5%2Cf6&fields2=f51%2Cf52%2Cf53%2Cf54%2Cf55%2Cf56%2Cf57%2Cf58%2Cf59%2Cf60%2Cf61%2Cf116&ut=7eea3edcaed734bea9cbfc24409ed989&klt=101&fqt=1&secid=0.002488&beg=20250817&end=20250824 (Caused by ProxyError('Unable to connect to proxy', RemoteDisconnected('Remote end closed connection without response')))
2025-08-24 08:31:28,542 - WARNING - ⚠️ 002489 浙江永强 K线更新失败: HTTPSConnectionPool(host='push2his.eastmoney.com', port=443): Max retries exceeded with url: /api/qt/stock/kline/get?fields1=f1%2Cf2%2Cf3%2Cf4%2Cf5%2Cf6&fields2=f51%2Cf52%2Cf53%2Cf54%2Cf55%2Cf56%2Cf57%2Cf58%2Cf59%2Cf60%2Cf61%2Cf116&ut=7eea3edcaed734bea9cbfc24409ed989&klt=101&fqt=1&secid=0.002489&beg=20250817&end=20250824 (Caused by ProxyError('Unable to connect to proxy', RemoteDisconnected('Remote end closed connection without response')))
2025-08-24 08:31:31,076 - WARNING - ⚠️ 002490 山东墨龙 K线更新失败: HTTPSConnectionPool(host='push2his.eastmoney.com', port=443): Max retries exceeded with url: /api/qt/stock/kline/get?fields1=f1%2Cf2%2Cf3%2Cf4%2Cf5%2Cf6&fields2=f51%2Cf52%2Cf53%2Cf54%2Cf55%2Cf56%2Cf57%2Cf58%2Cf59%2Cf60%2Cf61%2Cf116&ut=7eea3edcaed734bea9cbfc24409ed989&klt=101&fqt=1&secid=0.002490&beg=20250817&end=20250824 (Caused by ProxyError('Unable to connect to proxy', RemoteDisconnected('Remote end closed connection without response')))
2025-08-24 08:31:33,471 - WARNING - ⚠️ 002491 通鼎互联 K线更新失败: HTTPSConnectionPool(host='push2his.eastmoney.com', port=443): Max retries exceeded with url: /api/qt/stock/kline/get?fields1=f1%2Cf2%2Cf3%2Cf4%2Cf5%2Cf6&fields2=f51%2Cf52%2Cf53%2Cf54%2Cf55%2Cf56%2Cf57%2Cf58%2Cf59%2Cf60%2Cf61%2Cf116&ut=7eea3edcaed734bea9cbfc24409ed989&klt=101&fqt=1&secid=0.002491&beg=20250817&end=20250824 (Caused by ProxyError('Unable to connect to proxy', RemoteDisconnected('Remote end closed connection without response')))
2025-08-24 08:31:35,918 - WARNING - ⚠️ 002492 恒基达鑫 K线更新失败: HTTPSConnectionPool(host='push2his.eastmoney.com', port=443): Max retries exceeded with url: /api/qt/stock/kline/get?fields1=f1%2Cf2%2Cf3%2Cf4%2Cf5%2Cf6&fields2=f51%2Cf52%2Cf53%2Cf54%2Cf55%2Cf56%2Cf57%2Cf58%2Cf59%2Cf60%2Cf61%2Cf116&ut=7eea3edcaed734bea9cbfc24409ed989&klt=101&fqt=1&secid=0.002492&beg=20250817&end=20250824 (Caused by ProxyError('Unable to connect to proxy', RemoteDisconnected('Remote end closed connection without response')))
2025-08-24 08:31:36,895 - WARNING - ⚠️ 002493 荣盛石化 K线更新失败: HTTPSConnectionPool(host='push2his.eastmoney.com', port=443): Max retries exceeded with url: /api/qt/stock/kline/get?fields1=f1%2Cf2%2Cf3%2Cf4%2Cf5%2Cf6&fields2=f51%2Cf52%2Cf53%2Cf54%2Cf55%2Cf56%2Cf57%2Cf58%2Cf59%2Cf60%2Cf61%2Cf116&ut=7eea3edcaed734bea9cbfc24409ed989&klt=101&fqt=1&secid=0.002493&beg=20250817&end=20250824 (Caused by ProxyError('Unable to connect to proxy', RemoteDisconnected('Remote end closed connection without response')))
2025-08-24 08:31:37,872 - WARNING - ⚠️ 002494 华斯股份 K线更新失败: HTTPSConnectionPool(host='push2his.eastmoney.com', port=443): Max retries exceeded with url: /api/qt/stock/kline/get?fields1=f1%2Cf2%2Cf3%2Cf4%2Cf5%2Cf6&fields2=f51%2Cf52%2Cf53%2Cf54%2Cf55%2Cf56%2Cf57%2Cf58%2Cf59%2Cf60%2Cf61%2Cf116&ut=7eea3edcaed734bea9cbfc24409ed989&klt=101&fqt=1&secid=0.002494&beg=20250817&end=20250824 (Caused by ProxyError('Unable to connect to proxy', RemoteDisconnected('Remote end closed connection without response')))
2025-08-24 08:33:34,167 - INFO - 数据库连接已关闭
2025-08-24 08:33:44,368 - INFO - 🌟 每周数据更新程序启动
2025-08-24 08:33:44,368 - INFO - 🚀 开始每周数据更新...
2025-08-24 08:33:44,368 - INFO - ============================================================
2025-08-24 08:33:44,368 - INFO - ✅ 成功连接到MySQL数据库
2025-08-24 08:33:44,368 - INFO - 📊 开始更新近7个自然日K线数据）...
2025-08-24 08:33:44,403 - INFO - 📊 准备更新 4713 只股票的近7个自然日K线数据
2025-08-24 08:33:45,036 - WARNING - ⚠️ 002420 毅昌科技 K线更新失败: ('Connection aborted.', RemoteDisconnected('Remote end closed connection without response'))
2025-08-24 08:33:45,662 - WARNING - ⚠️ 002421 达实智能 K线更新失败: ('Connection aborted.', RemoteDisconnected('Remote end closed connection without response'))
2025-08-24 08:33:46,001 - INFO - 数据库连接已关闭
2025-08-24 08:34:04,590 - INFO - 🌟 每周数据更新程序启动
2025-08-24 08:34:04,592 - INFO - 🚀 开始每周数据更新...
2025-08-24 08:34:04,592 - INFO - ============================================================
2025-08-24 08:34:04,593 - INFO - ✅ 成功连接到MySQL数据库
2025-08-24 08:34:04,593 - INFO - 📊 开始更新近7个自然日K线数据）...
2025-08-24 08:34:04,621 - INFO - 📊 准备更新 4713 只股票的近7个自然日K线数据
2025-08-24 08:34:06,303 - INFO - 📈 已处理002420 毅昌科技 
2025-08-24 08:34:07,904 - INFO - 📈 已处理002421 达实智能 
2025-08-24 08:34:10,148 - INFO - 📈 已处理002422 科伦药业 
2025-08-24 08:34:11,602 - INFO - 📈 已处理002423 中粮资本 
2025-08-24 08:34:12,673 - INFO - 📈 已处理002424 贵州百灵 
2025-08-24 08:34:17,875 - INFO - 📈 已处理002425 ST凯文 
2025-08-24 08:34:19,937 - INFO - 📈 已处理002426 胜利精密 
2025-08-24 08:34:22,372 - INFO - 📈 已处理002427 尤夫股份 
2025-08-24 08:34:23,430 - INFO - 📈 已处理002428 云南锗业 
2025-08-24 08:34:24,512 - INFO - 📈 已处理002429 兆驰股份 
2025-08-24 08:34:27,126 - INFO - 📈 已处理002430 杭氧股份 
2025-08-24 08:34:28,885 - INFO - 📈 已处理002431 棕榈股份 
2025-08-24 08:34:33,623 - INFO - 📈 已处理002432 九安医疗 
2025-08-24 08:34:41,410 - INFO - 📈 已处理002434 万里扬 
2025-08-24 08:34:48,858 - INFO - 📈 已处理002436 兴森科技 
2025-08-24 08:34:49,859 - INFO - 📈 已处理002437 誉衡药业 
2025-08-24 08:34:57,723 - INFO - 📈 已处理002438 江苏神通 
2025-08-24 08:34:59,263 - INFO - 📈 已处理002439 启明星辰 
2025-08-24 08:35:01,308 - INFO - 📈 已处理002440 闰土股份 
2025-08-24 08:35:02,348 - INFO - 📈 已处理002441 众业达 
2025-08-24 08:35:05,662 - INFO - 📈 已处理002442 龙星科技 
2025-08-24 08:35:08,784 - INFO - 📈 已处理002443 金洲管道 
2025-08-24 08:35:11,622 - INFO - 📈 已处理002444 巨星科技 
2025-08-24 08:35:15,064 - INFO - 📈 已处理002445 中南文化 
2025-08-24 08:35:16,678 - INFO - 📈 已处理002446 盛路通信 
2025-08-24 08:35:37,695 - INFO - 📈 已处理002448 中原内配 
2025-08-24 08:36:19,131 - INFO - 📈 已处理002449 国星光电 
2025-08-24 08:36:25,599 - INFO - 📈 已处理002451 摩恩电气 
2025-08-24 08:36:27,758 - INFO - 📈 已处理002452 长高电新 
2025-08-24 08:36:35,285 - INFO - 📈 已处理002453 华软科技 
2025-08-24 08:36:36,337 - INFO - 📈 已处理002454 松芝股份 
2025-08-24 08:36:38,330 - INFO - 📈 已处理002455 百川股份 
2025-08-24 08:36:47,526 - INFO - 📈 已处理002456 欧菲光 
2025-08-24 08:36:51,880 - INFO - 📈 已处理002457 青龙管业 
2025-08-24 08:36:52,940 - INFO - 📈 已处理002458 益生股份 
2025-08-24 08:36:55,277 - INFO - 📈 已处理002459 晶澳科技 
2025-08-24 08:36:57,582 - INFO - 📈 已处理002460 赣锋锂业 
2025-08-24 08:37:01,323 - INFO - 📈 已处理002461 珠江啤酒 
2025-08-24 08:37:07,198 - INFO - 📈 已处理002462 嘉事堂 
2025-08-24 08:37:08,208 - INFO - 📈 已处理002463 沪电股份 
2025-08-24 08:38:12,400 - WARNING - ⚠️ 002465 海格通信 K线更新失败: HTTPSConnectionPool(host='push2his.eastmoney.com', port=443): Max retries exceeded with url: /api/qt/stock/kline/get?fields1=f1%2Cf2%2Cf3%2Cf4%2Cf5%2Cf6&fields2=f51%2Cf52%2Cf53%2Cf54%2Cf55%2Cf56%2Cf57%2Cf58%2Cf59%2Cf60%2Cf61%2Cf116&ut=7eea3edcaed734bea9cbfc24409ed989&klt=101&fqt=1&secid=0.002465&beg=20250817&end=20250824 (Caused by ProxyError('Unable to connect to proxy', RemoteDisconnected('Remote end closed connection without response')))
2025-08-24 08:38:15,072 - INFO - 📈 已处理002466 天齐锂业 
2025-08-24 08:38:17,518 - INFO - 📈 已处理002467 二六三 
2025-08-24 08:38:18,885 - INFO - 📈 已处理002468 申通快递 
2025-08-24 08:38:21,173 - INFO - 📈 已处理002469 三维化学 
2025-08-24 08:38:21,173 - INFO - 📈 已处理 50/4713 只股票，成功 44 只
2025-08-24 08:38:23,169 - INFO - 📈 已处理002470 金正大 
2025-08-24 08:38:27,534 - INFO - 📈 已处理002471 中超控股 
2025-08-24 08:38:28,622 - INFO - 📈 已处理002472 双环传动 
2025-08-24 08:38:30,218 - INFO - 📈 已处理002474 榕基软件 
2025-08-24 08:38:30,998 - INFO - 📈 已处理002475 立讯精密 
2025-08-24 08:38:31,791 - INFO - 📈 已处理002476 宝莫股份 
2025-08-24 08:38:33,424 - INFO - 📈 已处理002478 常宝股份 
2025-08-24 08:38:34,214 - INFO - 📈 已处理002479 富春环保 
2025-08-24 08:38:35,447 - INFO - 📈 已处理002480 新筑股份 
2025-08-24 08:38:36,620 - INFO - 📈 已处理002481 双塔食品 
2025-08-24 08:38:38,838 - INFO - 📈 已处理002482 广田集团 
2025-08-24 08:38:39,627 - INFO - 📈 已处理002483 润邦股份 
2025-08-24 08:38:40,429 - INFO - 📈 已处理002484 江海股份 
2025-08-24 08:38:41,465 - INFO - 📈 已处理002485 ST雪发 
2025-08-24 08:38:42,255 - INFO - 📈 已处理002486 嘉麟杰 
2025-08-24 08:38:43,640 - INFO - 📈 已处理002487 大金重工 
2025-08-24 08:38:44,454 - INFO - 📈 已处理002488 金固股份 
2025-08-24 08:38:45,234 - INFO - 📈 已处理002489 浙江永强 
2025-08-24 08:38:46,357 - INFO - 📈 已处理002490 山东墨龙 
2025-08-24 08:38:47,380 - INFO - 📈 已处理002491 通鼎互联 
2025-08-24 08:38:48,191 - INFO - 📈 已处理002492 恒基达鑫 
2025-08-24 08:38:48,999 - INFO - 📈 已处理002493 荣盛石化 
2025-08-24 08:38:49,799 - INFO - 📈 已处理002494 华斯股份 
2025-08-24 08:38:53,908 - INFO - 📈 已处理002495 佳隆股份 
2025-08-24 08:38:54,713 - INFO - 📈 已处理002496 *ST辉丰 
2025-08-24 08:38:55,652 - INFO - 📈 已处理002497 雅化集团 
2025-08-24 08:38:56,449 - INFO - 📈 已处理002498 汉缆股份 
2025-08-24 08:38:58,028 - INFO - 📈 已处理002500 山西证券 
2025-08-24 08:38:59,358 - INFO - 📈 已处理002501 利源股份 
2025-08-24 08:39:08,693 - INFO - 📈 已处理002506 协鑫集成 
2025-08-24 08:39:09,480 - INFO - 📈 已处理002507 涪陵榨菜 
2025-08-24 08:39:10,532 - INFO - 📈 已处理002508 老板电器 
2025-08-24 08:39:12,166 - INFO - 📈 已处理002510 天汽模 
2025-08-24 08:39:14,914 - INFO - 📈 已处理002511 中顺洁柔 
2025-08-24 08:39:25,786 - INFO - 📈 已处理002512 达华智能 
2025-08-24 08:39:26,832 - INFO - 📈 已处理002513 蓝丰生化 
2025-08-24 08:39:30,310 - INFO - 📈 已处理002514 宝馨科技 
2025-08-24 08:39:37,431 - INFO - 📈 已处理002515 金字火腿 
2025-08-24 08:39:40,087 - INFO - 📈 已处理002516 旷达科技 
2025-08-24 08:39:46,826 - INFO - 📈 已处理002517 恺英网络 
2025-08-24 08:39:48,645 - INFO - 📈 已处理002518 科士达 
2025-08-24 08:39:50,578 - INFO - 📈 已处理002519 银河电子 
2025-08-24 08:39:50,578 - INFO - 📈 已处理 100/4713 只股票，成功 86 只
2025-08-24 08:39:58,196 - INFO - 📈 已处理002520 日发精机 
2025-08-24 08:40:00,686 - INFO - 📈 已处理002521 齐峰新材 
2025-08-24 08:40:03,021 - INFO - 📈 已处理002522 浙江众成 
2025-08-24 08:40:25,137 - INFO - 📈 已处理002523 天桥起重 
2025-08-24 08:40:26,180 - INFO - 📈 已处理002524 光正眼科 
2025-08-24 08:40:26,981 - INFO - 📈 已处理002526 山东矿机 
2025-08-24 08:40:28,786 - INFO - 📈 已处理002527 新时达 
2025-08-24 08:40:30,079 - INFO - 📈 已处理002528 ST英飞拓 
2025-08-24 08:40:31,239 - INFO - 📈 已处理002529 *ST海源 
2025-08-24 08:40:32,064 - INFO - 📈 已处理002530 金财互联 
2025-08-24 08:40:32,852 - INFO - 📈 已处理002531 天顺风能 
2025-08-24 08:40:33,641 - INFO - 📈 已处理002532 天山铝业 
2025-08-24 08:40:34,437 - INFO - 📈 已处理002533 金杯电工 
2025-08-24 08:40:35,236 - INFO - 📈 已处理002534 西子洁能 
2025-08-24 08:40:36,054 - INFO - 📈 已处理002535 林州重机 
2025-08-24 08:40:36,851 - INFO - 📈 已处理002536 飞龙股份 
2025-08-24 08:40:37,651 - INFO - 📈 已处理002537 海联金汇 
2025-08-24 08:40:38,422 - INFO - 📈 已处理002538 司尔特 
2025-08-24 08:40:39,219 - INFO - 📈 已处理002539 云图控股 
2025-08-24 08:40:40,029 - INFO - 📈 已处理002540 亚太科技 
2025-08-24 08:40:49,222 - INFO - 📈 已处理002541 鸿路钢构 
2025-08-24 08:40:50,637 - INFO - 📈 已处理002542 中化岩土 
2025-08-24 08:40:51,436 - INFO - 📈 已处理002543 万和电气 
2025-08-24 08:40:52,243 - INFO - 📈 已处理002544 普天科技 
2025-08-24 08:40:53,058 - INFO - 📈 已处理002545 东方铁塔 
2025-08-24 08:40:54,486 - INFO - 📈 已处理002546 新联电子 
2025-08-24 08:40:55,270 - INFO - 📈 已处理002547 春兴精工 
2025-08-24 08:40:56,058 - INFO - 📈 已处理002548 金新农 
2025-08-24 08:40:57,378 - INFO - 📈 已处理002549 凯美特气 
2025-08-24 08:40:59,014 - INFO - 📈 已处理002550 千红制药 
2025-08-24 08:41:00,040 - INFO - 📈 已处理002551 尚荣医疗 
2025-08-24 08:41:00,846 - INFO - 📈 已处理002552 宝鼎科技 
2025-08-24 08:41:01,628 - INFO - 📈 已处理002553 南方精工 
2025-08-24 08:41:02,753 - INFO - 📈 已处理002554 惠博普 
2025-08-24 08:41:05,390 - INFO - 📈 已处理002555 三七互娱 
2025-08-24 08:41:06,216 - INFO - 📈 已处理002556 辉隆股份 
2025-08-24 08:41:07,235 - INFO - 📈 已处理002557 洽洽食品 
2025-08-24 08:41:08,291 - INFO - 📈 已处理002558 巨人网络 
2025-08-24 08:41:09,618 - INFO - 📈 已处理002559 亚威股份 
2025-08-24 08:41:10,413 - INFO - 📈 已处理002560 通达股份 
2025-08-24 08:41:11,224 - INFO - 📈 已处理002561 徐家汇 
2025-08-24 08:41:12,080 - INFO - 📈 已处理002562 兄弟科技 
2025-08-24 08:41:12,878 - INFO - 📈 已处理002563 森马服饰 
2025-08-24 08:41:14,302 - INFO - 📈 已处理002564 天沃科技 
2025-08-24 08:41:16,134 - INFO - 📈 已处理002565 顺灏股份 
2025-08-24 08:41:16,921 - INFO - 📈 已处理002566 益盛药业 
2025-08-24 08:41:18,743 - INFO - 📈 已处理002567 唐人神 
2025-08-24 08:41:20,666 - INFO - 📈 已处理002568 百润股份 
2025-08-24 08:41:21,452 - INFO - 📈 已处理002569 *ST步森 
2025-08-24 08:41:22,778 - INFO - 📈 已处理002570 贝因美 
2025-08-24 08:41:22,778 - INFO - 📈 已处理 150/4713 只股票，成功 136 只
2025-08-24 08:41:23,852 - INFO - 📈 已处理002571 德力股份 
2025-08-24 08:41:25,138 - INFO - 📈 已处理002572 索菲亚 
2025-08-24 08:41:25,928 - INFO - 📈 已处理002573 清新环境 
2025-08-24 08:41:31,731 - INFO - 📈 已处理002574 明牌珠宝 
2025-08-24 08:41:33,780 - INFO - 📈 已处理002575 群兴玩具 
2025-08-24 08:41:38,300 - INFO - 📈 已处理002576 通达动力 
2025-08-24 08:41:40,498 - INFO - 📈 已处理002577 雷柏科技 
2025-08-24 08:41:42,144 - INFO - 📈 已处理002578 闽发铝业 
2025-08-24 08:41:51,730 - INFO - 📈 已处理002579 中京电子 
2025-08-24 08:41:53,251 - INFO - 📈 已处理002580 圣阳股份 
2025-08-24 08:41:55,837 - INFO - 📈 已处理002581 ST未名 
2025-08-24 08:42:00,001 - INFO - 📈 已处理002582 好想你 
2025-08-24 08:42:02,362 - INFO - 📈 已处理002583 海能达 
2025-08-24 08:42:06,626 - INFO - 📈 已处理002584 西陇科学 
2025-08-24 08:42:08,708 - INFO - 📈 已处理002585 双星新材 
2025-08-24 08:42:13,550 - INFO - 📈 已处理002586 *ST围海 
2025-08-24 08:42:19,560 - INFO - 📈 已处理002587 奥拓电子 
2025-08-24 08:42:20,584 - INFO - 📈 已处理002588 史丹利 
2025-08-24 08:42:22,075 - INFO - 📈 已处理002589 瑞康医药 
2025-08-24 08:42:24,133 - INFO - 📈 已处理002590 万安科技 
2025-08-24 08:42:35,425 - INFO - 📈 已处理002591 恒大高新 
2025-08-24 08:42:43,643 - INFO - 📈 已处理002592 ST八菱 
2025-08-24 08:42:45,314 - INFO - 📈 已处理002593 日上集团 
2025-08-24 08:42:48,262 - INFO - 📈 已处理002594 比亚迪 
2025-08-24 08:42:51,892 - INFO - 📈 已处理002595 豪迈科技 
2025-08-24 08:42:55,566 - INFO - 📈 已处理002596 海南瑞泽 
2025-08-24 08:42:56,602 - INFO - 📈 已处理002597 金禾实业 
2025-08-24 08:43:23,187 - INFO - 📈 已处理002598 山东章鼓 
2025-08-24 08:43:24,258 - INFO - 📈 已处理002599 盛通股份 
2025-08-24 08:43:29,765 - INFO - 📈 已处理002600 领益智造 
2025-08-24 08:43:31,216 - INFO - 📈 已处理002601 龙佰集团 
2025-08-24 08:43:32,500 - INFO - 📈 已处理002602 ST华通 
2025-08-24 08:43:35,193 - INFO - 📈 已处理002603 以岭药业 
2025-08-24 08:44:06,579 - INFO - 📈 已处理002605 姚记科技 
2025-08-24 08:44:09,837 - INFO - 📈 已处理002606 大连电瓷 
2025-08-24 08:44:12,489 - INFO - 📈 已处理002607 中公教育 
2025-08-24 08:44:14,554 - INFO - 📈 已处理002608 江苏国信 
2025-08-24 08:44:15,605 - INFO - 📈 已处理002609 捷顺科技 
2025-08-24 08:44:18,626 - INFO - 📈 已处理002611 东方精工 
2025-08-24 08:44:23,693 - INFO - 📈 已处理002612 朗姿股份 
2025-08-24 08:44:25,369 - INFO - 📈 已处理002613 北玻股份 
2025-08-24 08:44:26,389 - INFO - 📈 已处理002614 奥佳华 
2025-08-24 08:44:28,858 - INFO - 📈 已处理002615 哈尔斯 
2025-08-24 08:44:32,488 - INFO - 📈 已处理002616 长青集团 
2025-08-24 08:44:35,029 - INFO - 📈 已处理002617 露笑科技 
2025-08-24 08:44:41,196 - INFO - 📈 已处理002620 ST瑞和 
2025-08-24 08:44:41,197 - INFO - 📈 已处理 200/4713 只股票，成功 182 只
2025-08-24 08:44:46,444 - INFO - 📈 已处理002622 皓宸医疗 
2025-08-24 08:44:48,525 - INFO - 📈 已处理002623 亚玛顿 
2025-08-24 08:44:49,825 - INFO - 📈 已处理002624 完美世界 
2025-08-24 08:44:53,537 - INFO - 📈 已处理002625 光启技术 
2025-08-24 08:44:55,126 - INFO - 📈 已处理002626 金达威 
2025-08-24 08:44:56,165 - INFO - 📈 已处理002627 三峡旅游 
2025-08-24 08:44:57,207 - INFO - 📈 已处理002628 成都路桥 
2025-08-24 08:44:58,311 - INFO - 📈 已处理002629 仁智股份 
2025-08-24 08:44:59,402 - INFO - 📈 已处理002630 ST华西 
2025-08-24 08:45:07,749 - INFO - 📈 已处理002631 德尔未来 
2025-08-24 08:45:10,222 - INFO - 📈 已处理002632 道明光学 
2025-08-24 08:45:12,030 - INFO - 📈 已处理002633 申科股份 
2025-08-24 08:45:13,496 - INFO - 📈 已处理002634 棒杰股份 
2025-08-24 08:45:14,278 - INFO - 📈 已处理002635 安洁科技 
2025-08-24 08:45:20,023 - INFO - 📈 已处理002636 金安国纪 
2025-08-24 08:45:21,221 - INFO - 📈 已处理002637 赞宇科技 
2025-08-24 08:45:22,275 - INFO - 📈 已处理002638 勤上股份 
2025-08-24 08:45:23,925 - INFO - 📈 已处理002639 雪人集团 
2025-08-24 08:45:24,727 - INFO - 📈 已处理002640 跨境通 
2025-08-24 08:45:25,812 - INFO - 📈 已处理002641 公元股份 
2025-08-24 08:45:26,687 - INFO - 📈 已处理002642 荣联科技 
2025-08-24 08:45:27,492 - INFO - 📈 已处理002643 万润股份 
2025-08-24 08:45:28,281 - INFO - 📈 已处理002644 佛慈制药 
2025-08-24 08:45:29,079 - INFO - 📈 已处理002645 华宏科技 
2025-08-24 08:45:32,206 - INFO - 📈 已处理002646 天佑德酒 
2025-08-24 08:45:32,982 - INFO - 📈 已处理002647 *ST仁东 
2025-08-24 08:45:34,299 - INFO - 📈 已处理002648 卫星化学 
2025-08-24 08:45:35,088 - INFO - 📈 已处理002649 博彦科技 
2025-08-24 08:45:36,929 - INFO - 📈 已处理002650 ST加加 
2025-08-24 08:45:38,743 - INFO - 📈 已处理002651 利君股份 
2025-08-24 08:45:40,403 - INFO - 📈 已处理002652 扬子新材 
2025-08-24 08:45:41,197 - INFO - 📈 已处理002653 海思科 
2025-08-24 08:45:42,271 - INFO - 📈 已处理002654 万润科技 
2025-08-24 08:45:43,052 - INFO - 📈 已处理002655 共达电声 
2025-08-24 08:45:45,493 - INFO - 📈 已处理002656 *ST摩登 
2025-08-24 08:45:46,380 - INFO - 📈 已处理002657 中科金财 
2025-08-24 08:45:47,166 - INFO - 📈 已处理002658 雪迪龙 
2025-08-24 08:45:49,482 - INFO - 📈 已处理002659 凯文教育 
2025-08-24 08:45:50,277 - INFO - 📈 已处理002660 茂硕电源 
2025-08-24 08:45:51,239 - INFO - 📈 已处理002661 克明食品 
2025-08-24 08:45:52,848 - INFO - 📈 已处理002662 峰璟股份 
2025-08-24 08:45:53,670 - INFO - 📈 已处理002663 普邦股份 
2025-08-24 08:45:54,647 - INFO - 📈 已处理002664 信质集团 
2025-08-24 08:45:56,266 - INFO - 📈 已处理002666 德联集团 
2025-08-24 08:45:57,077 - INFO - 📈 已处理002667 威领股份 
2025-08-24 08:45:57,859 - INFO - 📈 已处理002668 TCL智家 
2025-08-24 08:45:58,646 - INFO - 📈 已处理002669 康达新材 
2025-08-24 08:45:59,486 - INFO - 📈 已处理002670 国盛金控 
2025-08-24 08:45:59,486 - INFO - 📈 已处理 250/4713 只股票，成功 230 只
2025-08-24 08:46:00,301 - INFO - 📈 已处理002671 龙泉股份 
2025-08-24 08:46:01,099 - INFO - 📈 已处理002672 东江环保 
2025-08-24 08:46:01,875 - INFO - 📈 已处理002673 西部证券 
2025-08-24 08:46:02,914 - INFO - 📈 已处理002674 兴业科技 
2025-08-24 08:46:03,709 - INFO - 📈 已处理002675 东诚药业 
2025-08-24 08:46:04,560 - INFO - 📈 已处理002676 顺威股份 
2025-08-24 08:46:05,346 - INFO - 📈 已处理002677 浙江美大 
2025-08-24 08:46:06,392 - INFO - 📈 已处理002678 珠江钢琴 
2025-08-24 08:46:07,190 - INFO - 📈 已处理002679 福建金森 
2025-08-24 08:46:09,878 - INFO - 📈 已处理002681 奋达科技 
2025-08-24 08:46:11,623 - INFO - 📈 已处理002682 龙洲股份 
2025-08-24 08:46:14,145 - INFO - 📈 已处理002683 广东宏大 
2025-08-24 08:46:26,434 - INFO - 📈 已处理002685 华东重机 
2025-08-24 08:46:27,954 - INFO - 📈 已处理002686 亿利达 
2025-08-24 08:46:34,355 - INFO - 📈 已处理002687 乔治白 
2025-08-24 08:46:35,395 - INFO - 📈 已处理002688 金河生物 
2025-08-24 08:46:40,951 - INFO - 📈 已处理002689 远大智能 
2025-08-24 08:46:42,431 - INFO - 📈 已处理002690 美亚光电 
2025-08-24 08:46:47,086 - INFO - 📈 已处理002691 冀凯股份 
2025-08-24 08:46:51,642 - INFO - 📈 已处理002692 远程股份 
2025-08-24 08:46:56,432 - INFO - 📈 已处理002693 *ST双成 
2025-08-24 08:46:57,496 - INFO - 📈 已处理002694 顾地科技 
2025-08-24 08:47:17,655 - INFO - 📈 已处理002695 煌上煌 
2025-08-24 08:47:20,173 - INFO - 📈 已处理002696 百洋股份 
2025-08-24 08:47:22,847 - INFO - 📈 已处理002697 红旗连锁 
2025-08-24 08:47:28,877 - INFO - 📈 已处理002698 博实股份 
2025-08-24 08:47:34,893 - INFO - 📈 已处理002700 万憬能源 
2025-08-24 08:47:37,267 - INFO - 📈 已处理002701 奥瑞金 
2025-08-24 08:47:38,744 - INFO - 📈 已处理002702 海欣食品 
2025-08-24 08:47:40,475 - INFO - 📈 已处理002703 浙江世宝 
2025-08-24 08:47:50,393 - INFO - 📈 已处理002705 新宝股份 
2025-08-24 08:48:01,628 - INFO - 📈 已处理002706 良信股份 
2025-08-24 08:48:12,027 - INFO - 📈 已处理002707 众信旅游 
2025-08-24 08:48:13,800 - INFO - 📈 已处理002708 光洋股份 
2025-08-24 08:48:14,830 - INFO - 📈 已处理002709 天赐材料 
2025-08-24 08:48:19,938 - INFO - 📈 已处理002712 思美传媒 
2025-08-24 08:49:24,081 - WARNING - ⚠️ 002713 *ST东易 K线更新失败: HTTPSConnectionPool(host='push2his.eastmoney.com', port=443): Max retries exceeded with url: /api/qt/stock/kline/get?fields1=f1%2Cf2%2Cf3%2Cf4%2Cf5%2Cf6&fields2=f51%2Cf52%2Cf53%2Cf54%2Cf55%2Cf56%2Cf57%2Cf58%2Cf59%2Cf60%2Cf61%2Cf116&ut=7eea3edcaed734bea9cbfc24409ed989&klt=101&fqt=1&secid=0.002713&beg=20250817&end=20250824 (Caused by SSLError(SSLEOFError(8, '[SSL: UNEXPECTED_EOF_WHILE_READING] EOF occurred in violation of protocol (_ssl.c:1007)')))
2025-08-24 08:49:26,591 - INFO - 📈 已处理002714 牧原股份 
2025-08-24 08:49:28,242 - INFO - 📈 已处理002715 登云股份 
2025-08-24 08:49:32,509 - INFO - 📈 已处理002716 湖南白银 
2025-08-24 08:49:34,631 - INFO - 📈 已处理002717 ST岭南 
2025-08-24 08:49:37,700 - INFO - 📈 已处理002718 友邦吊顶 
2025-08-24 08:49:40,045 - INFO - 📈 已处理002719 麦趣尔 
2025-08-24 08:49:44,175 - INFO - 📈 已处理002721 金一文化 
2025-08-24 08:49:46,704 - INFO - 📈 已处理002722 物产金轮 
2025-08-24 08:49:49,807 - INFO - 📈 已处理002723 小崧股份 
2025-08-24 08:49:49,807 - INFO - 📈 已处理 300/4713 只股票，成功 275 只
2025-08-24 08:49:50,824 - INFO - 📈 已处理002724 海洋王 
2025-08-24 08:49:57,958 - INFO - 📈 已处理002725 跃岭股份 
2025-08-24 08:49:59,442 - INFO - 📈 已处理002726 龙大美食 
2025-08-24 08:50:08,245 - INFO - 📈 已处理002727 一心堂 
2025-08-24 08:50:10,309 - INFO - 📈 已处理002728 特一药业 
2025-08-24 08:50:56,939 - INFO - 📈 已处理002729 好利科技 
2025-08-24 08:50:58,893 - INFO - 📈 已处理002730 电光科技 
2025-08-24 08:51:02,262 - INFO - 📈 已处理002731 萃华珠宝 
2025-08-24 08:51:03,316 - INFO - 📈 已处理002732 燕塘乳业 
2025-08-24 08:51:04,103 - INFO - 📈 已处理002733 雄韬股份 
2025-08-24 08:51:04,889 - INFO - 📈 已处理002734 利民股份 
2025-08-24 08:51:05,688 - INFO - 📈 已处理002735 王子新材 
2025-08-24 08:51:06,483 - INFO - 📈 已处理002736 国信证券 
2025-08-24 08:51:07,309 - INFO - 📈 已处理002737 葵花药业 
2025-08-24 08:51:08,991 - INFO - 📈 已处理002738 中矿资源 
2025-08-24 08:51:14,509 - WARNING - ⚠️ 002739 万达电影 K线更新失败: ('Connection aborted.', ConnectionResetError(10054, '远程主机强迫关闭了一个现有的连接。', None, 10054, None))
2025-08-24 08:51:18,146 - INFO - 📈 已处理002741 光华科技 
2025-08-24 08:51:21,351 - INFO - 📈 已处理002742 *ST三圣 
2025-08-24 08:51:22,388 - INFO - 📈 已处理002743 富煌钢构 
2025-08-24 08:51:23,182 - INFO - 📈 已处理002745 木林森 
2025-08-24 08:51:23,969 - INFO - 📈 已处理002746 仙坛股份 
2025-08-24 08:51:25,161 - INFO - 📈 已处理002747 埃斯顿 
2025-08-24 08:51:25,971 - INFO - 📈 已处理002748 世龙实业 
2025-08-24 08:51:26,759 - INFO - 📈 已处理002749 国光股份 
2025-08-24 08:51:32,039 - INFO - 📈 已处理002752 昇兴股份 
2025-08-24 08:51:32,833 - INFO - 📈 已处理002753 永东股份 
2025-08-24 08:51:34,301 - INFO - 📈 已处理002755 奥赛康 
2025-08-24 08:51:35,089 - INFO - 📈 已处理002756 永兴材料 
2025-08-24 08:51:36,313 - INFO - 📈 已处理002757 南兴股份 
2025-08-24 08:51:39,509 - INFO - 📈 已处理002758 浙农股份 
2025-08-24 08:51:41,071 - INFO - 📈 已处理002759 天际股份 
2025-08-24 08:51:41,896 - INFO - 📈 已处理002760 凤形股份 
2025-08-24 08:51:43,004 - INFO - 📈 已处理002761 浙江建投 
2025-08-24 08:51:51,459 - INFO - 📈 已处理002762 *ST金比 
2025-08-24 08:51:53,257 - INFO - 📈 已处理002763 汇洁股份 
2025-08-24 08:51:54,065 - INFO - 📈 已处理002765 蓝黛科技 
2025-08-24 08:51:54,843 - INFO - 📈 已处理002766 索菱股份 
2025-08-24 08:51:55,645 - INFO - 📈 已处理002767 先锋电子 
2025-08-24 08:51:56,663 - INFO - 📈 已处理002768 国恩股份 
2025-08-24 08:51:57,452 - INFO - 📈 已处理002769 普路通 
2025-08-24 08:51:59,747 - INFO - 📈 已处理002771 真视通 
2025-08-24 08:52:00,748 - INFO - 📈 已处理002772 众兴菌业 
2025-08-24 08:52:05,464 - INFO - 📈 已处理002773 康弘药业 
2025-08-24 08:52:06,636 - INFO - 📈 已处理002774 快意电梯 
2025-08-24 08:52:08,572 - INFO - 📈 已处理002775 文科股份 
2025-08-24 08:52:12,069 - INFO - 📈 已处理002777 久远银海 
2025-08-24 08:52:22,454 - INFO - 📈 已处理002778 中晟高科 
2025-08-24 08:52:24,997 - INFO - 📈 已处理002779 中坚科技 
2025-08-24 08:52:27,435 - INFO - 📈 已处理002780 三夫户外 
2025-08-24 08:52:32,247 - INFO - 📈 已处理002782 可立克 
2025-08-24 08:52:35,368 - INFO - 📈 已处理002783 凯龙股份 
2025-08-24 08:52:37,134 - INFO - 📈 已处理002785 万里石 
2025-08-24 08:52:47,740 - INFO - 📈 已处理002786 银宝山新 
2025-08-24 08:52:52,658 - INFO - 📈 已处理002787 华源控股 
2025-08-24 08:52:56,254 - INFO - 📈 已处理002788 鹭燕医药 
2025-08-24 08:52:57,948 - INFO - 📈 已处理002789 *ST建艺 
2025-08-24 08:53:00,243 - INFO - 📈 已处理002790 瑞尔特 
2025-08-24 08:53:02,432 - INFO - 📈 已处理002791 坚朗五金 
2025-08-24 08:53:03,873 - INFO - 📈 已处理002792 通宇通讯 
2025-08-24 08:53:04,894 - INFO - 📈 已处理002793 罗欣药业 
2025-08-24 08:53:07,642 - INFO - 📈 已处理002795 永和智控 
2025-08-24 08:53:09,126 - INFO - 📈 已处理002796 世嘉科技 
2025-08-24 08:53:11,040 - INFO - 📈 已处理002797 第一创业 
2025-08-24 08:53:11,874 - INFO - 📈 已处理002798 帝欧家居 
2025-08-24 08:53:13,376 - INFO - 📈 已处理002799 环球印务 
2025-08-24 08:53:16,451 - INFO - 📈 已处理002800 天顺股份 
2025-08-24 08:53:17,251 - INFO - 📈 已处理002801 微光股份 
2025-08-24 08:53:18,050 - INFO - 📈 已处理002802 洪汇新材 
2025-08-24 08:53:21,954 - INFO - 📈 已处理002803 吉宏股份 
2025-08-24 08:53:23,081 - INFO - 📈 已处理002805 丰元股份 
2025-08-24 08:53:24,368 - INFO - 📈 已处理002806 华锋股份 
2025-08-24 08:53:25,184 - INFO - 📈 已处理002807 江阴银行 
2025-08-24 08:53:26,014 - INFO - 📈 已处理002808 *ST恒久 
2025-08-24 08:53:26,790 - INFO - 📈 已处理002809 红墙股份 
2025-08-24 08:53:27,639 - INFO - 📈 已处理002810 山东赫达 
2025-08-24 08:53:28,760 - INFO - 📈 已处理002811 郑中设计 
2025-08-24 08:53:31,032 - INFO - 📈 已处理002812 恩捷股份 
2025-08-24 08:53:31,819 - INFO - 📈 已处理002813 路畅科技 
2025-08-24 08:53:32,615 - INFO - 📈 已处理002815 崇达技术 
2025-08-24 08:53:34,444 - INFO - 📈 已处理002816 *ST和科 
2025-08-24 08:53:36,665 - INFO - 📈 已处理002817 黄山胶囊 
2025-08-24 08:53:37,473 - INFO - 📈 已处理002818 富森美 
2025-08-24 08:53:39,684 - INFO - 📈 已处理002819 东方中科 
2025-08-24 08:53:40,501 - INFO - 📈 已处理002820 桂发祥 
2025-08-24 08:53:42,366 - INFO - 📈 已处理002821 凯莱英 
2025-08-24 08:53:44,201 - INFO - 📈 已处理002822 ST中装 
2025-08-24 08:53:46,913 - INFO - 📈 已处理002823 凯中精密 
2025-08-24 08:53:47,718 - INFO - 📈 已处理002824 和胜股份 
2025-08-24 08:53:49,169 - INFO - 📈 已处理002825 纳尔股份 
2025-08-24 08:53:49,952 - INFO - 📈 已处理002826 易明医药 
2025-08-24 08:53:50,778 - INFO - 📈 已处理002827 高争民爆 
2025-08-24 08:53:51,843 - INFO - 📈 已处理002828 贝肯能源 
2025-08-24 08:53:52,682 - INFO - 📈 已处理002829 星网宇达 
2025-08-24 08:53:53,470 - INFO - 📈 已处理002830 名雕股份 
2025-08-24 08:53:53,470 - INFO - 📈 已处理 400/4713 只股票，成功 368 只
2025-08-24 08:53:54,488 - INFO - 📈 已处理002831 裕同科技 
2025-08-24 08:53:56,457 - INFO - 📈 已处理002832 比音勒芬 
2025-08-24 08:53:58,978 - INFO - 📈 已处理002833 弘亚数控 
2025-08-24 08:53:59,782 - INFO - 📈 已处理002835 同为股份 
2025-08-24 08:54:10,526 - INFO - 📈 已处理002836 新宏泽 
2025-08-24 08:54:11,524 - INFO - 📈 已处理002837 英维克 
2025-08-24 08:54:12,492 - INFO - 📈 已处理002838 道恩股份 
2025-08-24 08:54:13,466 - INFO - 📈 已处理002839 张家港行 
2025-08-24 08:54:14,726 - INFO - 📈 已处理002840 华统股份 
2025-08-24 08:54:16,366 - INFO - 📈 已处理002841 视源股份 
2025-08-24 08:54:17,671 - INFO - 📈 已处理002842 翔鹭钨业 
2025-08-24 08:54:18,879 - INFO - 📈 已处理002843 泰嘉股份 
2025-08-24 08:54:19,807 - INFO - 📈 已处理002845 同兴达 
2025-08-24 08:54:21,793 - INFO - 📈 已处理002846 英联股份 
2025-08-24 08:54:22,749 - INFO - 📈 已处理002847 盐津铺子 
2025-08-24 08:54:23,699 - INFO - 📈 已处理002848 *ST高斯 
2025-08-24 08:54:25,053 - INFO - 📈 已处理002849 威星智能 
2025-08-24 08:54:26,017 - INFO - 📈 已处理002850 科达利 
2025-08-24 08:54:27,459 - INFO - 📈 已处理002851 麦格米特 
2025-08-24 08:54:29,205 - INFO - 📈 已处理002852 道道全 
2025-08-24 08:54:31,221 - INFO - 📈 已处理002853 皮阿诺 
2025-08-24 08:54:34,200 - INFO - 📈 已处理002855 捷荣技术 
2025-08-24 08:54:35,660 - INFO - 📈 已处理002856 美芝股份 
2025-08-24 08:54:36,872 - INFO - 📈 已处理002857 三晖电气 
2025-08-24 08:54:37,852 - INFO - 📈 已处理002858 力盛体育 
2025-08-24 08:54:39,178 - INFO - 📈 已处理002859 洁美科技 
2025-08-24 08:54:42,501 - INFO - 📈 已处理002860 星帅尔 
2025-08-24 08:54:45,214 - INFO - 📈 已处理002861 瀛通通讯 
2025-08-24 08:54:49,449 - INFO - 📈 已处理002862 实丰文化 
2025-08-24 08:54:50,411 - INFO - 📈 已处理002863 今飞凯达 
2025-08-24 08:54:51,621 - INFO - 📈 已处理002864 盘龙药业 
2025-08-24 08:54:52,851 - INFO - 📈 已处理002865 钧达股份 
2025-08-24 08:54:54,790 - INFO - 📈 已处理002866 传艺科技 
2025-08-24 08:55:05,237 - INFO - 📈 已处理002867 周大生 
2025-08-24 08:55:06,201 - INFO - 📈 已处理002868 *ST绿康 
2025-08-24 08:55:07,787 - INFO - 📈 已处理002869 金溢科技 
2025-08-24 08:55:09,007 - INFO - 📈 已处理002870 香山股份 
2025-08-24 08:55:09,961 - INFO - 📈 已处理002871 伟隆股份 
2025-08-24 08:55:14,559 - INFO - 📈 已处理002872 ST天圣 
2025-08-24 08:55:15,920 - INFO - 📈 已处理002873 新天药业 
2025-08-24 08:55:16,983 - INFO - 📈 已处理002875 安奈儿 
2025-08-24 08:55:19,132 - INFO - 📈 已处理002876 三利谱 
2025-08-24 08:55:20,931 - INFO - 📈 已处理002877 智能自控 
2025-08-24 08:55:21,730 - INFO - 📈 已处理002878 元隆雅图 
2025-08-24 08:55:23,534 - INFO - 📈 已处理002879 长缆科技 
2025-08-24 08:55:24,357 - INFO - 📈 已处理002880 卫光生物 
2025-08-24 08:55:25,262 - INFO - 📈 已处理002881 美格智能 
2025-08-24 08:55:26,046 - INFO - 📈 已处理002882 金龙羽 
2025-08-24 08:55:27,238 - INFO - 📈 已处理002883 中设股份 
2025-08-24 08:55:28,037 - INFO - 📈 已处理002884 凌霄泵业 
2025-08-24 08:55:28,037 - INFO - 📈 已处理 450/4713 只股票，成功 418 只
2025-08-24 08:55:28,838 - INFO - 📈 已处理002885 京泉华 
2025-08-24 08:55:29,873 - INFO - 📈 已处理002886 沃特股份 
2025-08-24 08:55:32,320 - INFO - 📈 已处理002887 绿茵生态 
2025-08-24 08:55:41,495 - INFO - 📈 已处理002888 惠威科技 
2025-08-24 08:55:42,620 - INFO - 📈 已处理002889 东方嘉盛 
2025-08-24 08:55:43,758 - INFO - 📈 已处理002890 弘宇股份 
2025-08-24 08:55:44,563 - INFO - 📈 已处理002891 中宠股份 
2025-08-24 08:55:46,980 - INFO - 📈 已处理002892 科力尔 
2025-08-24 08:55:48,228 - INFO - 📈 已处理002893 京能热力 
2025-08-24 08:55:49,016 - INFO - 📈 已处理002895 川恒股份 
2025-08-24 08:55:49,826 - INFO - 📈 已处理002896 中大力德 
2025-08-24 08:55:50,882 - INFO - 📈 已处理002897 意华股份 
2025-08-24 08:55:51,691 - INFO - 📈 已处理002898 *ST赛隆 
2025-08-24 08:55:52,483 - INFO - 📈 已处理002899 英派斯 
2025-08-24 08:55:53,267 - INFO - 📈 已处理002900 哈三联 
2025-08-24 08:55:54,059 - INFO - 📈 已处理002901 大博医疗 
2025-08-24 08:55:54,867 - INFO - 📈 已处理002902 铭普光磁 
2025-08-24 08:55:56,727 - INFO - 📈 已处理002903 宇环数控 
2025-08-24 08:55:57,519 - INFO - 📈 已处理002905 金逸影视 
2025-08-24 08:55:58,599 - INFO - 📈 已处理002906 华阳集团 
2025-08-24 08:55:59,413 - INFO - 📈 已处理002907 华森制药 
2025-08-24 08:56:00,219 - INFO - 📈 已处理002908 德生科技 
2025-08-24 08:56:01,232 - INFO - 📈 已处理002909 集泰股份 
2025-08-24 08:56:02,032 - INFO - 📈 已处理002910 庄园牧场 
2025-08-24 08:56:03,161 - INFO - 📈 已处理002911 佛燃能源 
2025-08-24 08:56:04,981 - INFO - 📈 已处理002912 中新赛克 
2025-08-24 08:56:06,265 - INFO - 📈 已处理002913 奥士康 
2025-08-24 08:56:07,081 - INFO - 📈 已处理002915 中欣氟材 
2025-08-24 08:56:08,870 - INFO - 📈 已处理002916 深南电路 
2025-08-24 08:56:10,421 - INFO - 📈 已处理002917 金奥博 
2025-08-24 08:56:11,267 - INFO - 📈 已处理002918 蒙娜丽莎 
2025-08-24 08:56:12,318 - INFO - 📈 已处理002919 名臣健康 
2025-08-24 08:56:13,745 - INFO - 📈 已处理002920 德赛西威 
2025-08-24 08:56:19,279 - INFO - 📈 已处理002921 联诚精密 
2025-08-24 08:56:21,539 - INFO - 📈 已处理002922 伊戈尔 
2025-08-24 08:56:26,530 - INFO - 📈 已处理002923 润都股份 
2025-08-24 08:56:44,140 - INFO - 📈 已处理002925 盈趣科技 
2025-08-24 08:56:47,787 - INFO - 📈 已处理002926 华西证券 
2025-08-24 08:56:52,496 - INFO - 📈 已处理002927 泰永长征 
2025-08-24 08:56:57,444 - INFO - 📈 已处理002928 华夏航空 
2025-08-24 08:56:59,947 - INFO - 📈 已处理002929 润建股份 
2025-08-24 08:57:10,743 - INFO - 📈 已处理002930 宏川智慧 
2025-08-24 08:57:11,855 - INFO - 📈 已处理002931 锋龙股份 
2025-08-24 08:57:13,679 - INFO - 📈 已处理002932 明德生物 
2025-08-24 08:57:18,111 - INFO - 📈 已处理002933 新兴装备 
2025-08-24 08:57:20,149 - INFO - 📈 已处理002935 天奥电子 
2025-08-24 08:57:24,401 - INFO - 📈 已处理002936 郑州银行 
2025-08-24 08:57:35,945 - INFO - 📈 已处理002937 兴瑞科技 
2025-08-24 08:57:37,575 - INFO - 📈 已处理002938 鹏鼎控股 
2025-08-24 08:57:40,667 - INFO - 📈 已处理002939 长城证券 
2025-08-24 08:57:40,667 - INFO - 📈 已处理 500/4713 只股票，成功 468 只
2025-08-24 08:58:03,564 - INFO - 📈 已处理002940 昂利康 
2025-08-24 08:58:17,134 - INFO - 📈 已处理002941 新疆交建 
2025-08-24 08:58:21,290 - INFO - 📈 已处理002942 新农股份 
2025-08-24 08:58:23,044 - INFO - 📈 已处理002943 宇晶股份 
2025-08-24 08:58:24,431 - INFO - 📈 已处理002945 华林证券 
2025-08-24 08:58:25,805 - INFO - 📈 已处理002946 新乳业 
2025-08-24 08:58:27,033 - INFO - 📈 已处理002947 恒铭达 
2025-08-24 08:58:28,012 - INFO - 📈 已处理002948 青岛银行 
2025-08-24 08:58:29,023 - INFO - 📈 已处理002949 华阳国际 
2025-08-24 08:58:30,211 - INFO - 📈 已处理002950 奥美医疗 
2025-08-24 08:58:31,669 - INFO - 📈 已处理002951 金时科技 
2025-08-24 08:58:32,642 - INFO - 📈 已处理002952 亚世光电 
2025-08-24 08:58:33,746 - INFO - 📈 已处理002953 日丰股份 
2025-08-24 08:58:34,746 - INFO - 📈 已处理002955 鸿合科技 
2025-08-24 08:58:35,894 - INFO - 📈 已处理002956 西麦食品 
2025-08-24 08:58:37,172 - INFO - 📈 已处理002957 科瑞技术 
2025-08-24 08:58:45,922 - INFO - 📈 已处理002958 青农商行 
2025-08-24 08:58:46,910 - INFO - 📈 已处理002959 小熊电器 
2025-08-24 08:58:48,107 - INFO - 📈 已处理002960 青鸟消防 
2025-08-24 08:58:49,261 - INFO - 📈 已处理002961 瑞达期货 
2025-08-24 08:58:50,485 - INFO - 📈 已处理002962 五方光电 
2025-08-24 08:58:52,493 - INFO - 📈 已处理002963 豪尔赛 
2025-08-24 08:58:53,426 - INFO - 📈 已处理002965 祥鑫科技 
2025-08-24 08:58:55,689 - INFO - 📈 已处理002966 苏州银行 
2025-08-24 08:58:57,747 - INFO - 📈 已处理002967 广电计量 
2025-08-24 08:59:00,441 - INFO - 📈 已处理002968 新大正 
2025-08-24 08:59:02,465 - INFO - 📈 已处理002969 嘉美包装 
2025-08-24 08:59:03,574 - INFO - 📈 已处理002970 锐明技术 
2025-08-24 08:59:05,537 - INFO - 📈 已处理002971 和远气体 
2025-08-24 08:59:06,492 - INFO - 📈 已处理002972 科安达 
2025-08-24 08:59:08,971 - INFO - 📈 已处理002973 侨银股份 
2025-08-24 08:59:10,272 - INFO - 📈 已处理002975 博杰股份 
2025-08-24 08:59:12,197 - INFO - 📈 已处理002976 瑞玛精密 
2025-08-24 08:59:13,239 - INFO - 📈 已处理002977 天箭科技 
2025-08-24 08:59:14,184 - INFO - 📈 已处理002978 安宁股份 
2025-08-24 08:59:16,404 - INFO - 📈 已处理002979 雷赛智能 
2025-08-24 08:59:17,377 - INFO - 📈 已处理002980 华盛昌 
2025-08-24 08:59:18,552 - INFO - 📈 已处理002981 朝阳科技 
2025-08-24 08:59:20,419 - INFO - 📈 已处理002982 湘佳股份 
2025-08-24 08:59:21,375 - INFO - 📈 已处理002983 芯瑞达 
2025-08-24 08:59:23,322 - INFO - 📈 已处理002984 森麒麟 
2025-08-24 08:59:26,032 - INFO - 📈 已处理002985 北摩高科 
2025-08-24 08:59:31,065 - INFO - 📈 已处理002986 宇新股份 
2025-08-24 08:59:46,981 - INFO - 📈 已处理002987 京北方 
2025-08-24 08:59:49,174 - INFO - 📈 已处理002988 豪美新材 
2025-08-24 08:59:51,322 - INFO - 📈 已处理002989 中天精装 
2025-08-24 08:59:55,213 - INFO - 📈 已处理002990 盛视科技 
2025-08-24 08:59:57,031 - INFO - 📈 已处理002991 甘源食品 
2025-08-24 09:00:04,086 - INFO - 📈 已处理002992 宝明科技 
2025-08-24 09:00:21,007 - INFO - 📈 已处理002993 奥海科技 
2025-08-24 09:00:21,007 - INFO - 📈 已处理 550/4713 只股票，成功 518 只
2025-08-24 09:00:27,011 - INFO - 📈 已处理002995 天地在线 
2025-08-24 09:00:28,410 - INFO - 📈 已处理002996 顺博合金 
2025-08-24 09:00:38,584 - INFO - 📈 已处理002997 瑞鹄模具 
2025-08-24 09:00:42,127 - INFO - 📈 已处理002998 优彩资源 
2025-08-24 09:00:43,164 - INFO - 📈 已处理002999 天禾股份 
2025-08-24 09:00:44,184 - INFO - 📈 已处理003000 劲仔食品 
2025-08-24 09:00:57,511 - INFO - 📈 已处理003001 中岩大地 
2025-08-24 09:00:59,468 - INFO - 📈 已处理003002 壶化股份 
2025-08-24 09:01:01,210 - INFO - 📈 已处理003003 天元股份 
2025-08-24 09:01:03,858 - INFO - 📈 已处理003004 *ST声迅 
2025-08-24 09:01:10,622 - INFO - 📈 已处理003005 竞业达 
2025-08-24 09:01:13,911 - INFO - 📈 已处理003006 百亚股份 
2025-08-24 09:01:14,961 - INFO - 📈 已处理003007 直真科技 
2025-08-24 09:01:21,688 - INFO - 📈 已处理003008 开普检测 
2025-08-24 09:01:29,968 - INFO - 📈 已处理003009 中天火箭 
2025-08-24 09:02:00,983 - INFO - 📈 已处理003010 若羽臣 
2025-08-24 09:02:10,373 - INFO - 📈 已处理003011 海象新材 
2025-08-24 09:02:12,508 - INFO - 📈 已处理003012 东鹏控股 
2025-08-24 09:02:18,184 - INFO - 📈 已处理003013 地铁设计 
2025-08-24 09:02:21,383 - INFO - 📈 已处理003015 日久光电 
2025-08-24 09:03:23,267 - WARNING - ⚠️ 003016 欣贺股份 K线更新失败: HTTPSConnectionPool(host='push2his.eastmoney.com', port=443): Max retries exceeded with url: /api/qt/stock/kline/get?fields1=f1%2Cf2%2Cf3%2Cf4%2Cf5%2Cf6&fields2=f51%2Cf52%2Cf53%2Cf54%2Cf55%2Cf56%2Cf57%2Cf58%2Cf59%2Cf60%2Cf61%2Cf116&ut=7eea3edcaed734bea9cbfc24409ed989&klt=101&fqt=1&secid=0.003016&beg=20250817&end=20250824 (Caused by SSLError(SSLEOFError(8, '[SSL: UNEXPECTED_EOF_WHILE_READING] EOF occurred in violation of protocol (_ssl.c:1007)')))
2025-08-24 09:03:24,574 - INFO - 📈 已处理003017 大洋生物 
2025-08-24 09:03:25,483 - INFO - 📈 已处理003018 金富科技 
2025-08-24 09:03:26,267 - INFO - 📈 已处理003019 宸展光电 
2025-08-24 09:03:27,114 - INFO - 📈 已处理003020 立方制药 
2025-08-24 09:03:27,897 - INFO - 📈 已处理003021 兆威机电 
2025-08-24 09:03:28,683 - INFO - 📈 已处理003022 联泓新科 
2025-08-24 09:03:29,748 - INFO - 📈 已处理003023 彩虹集团 
2025-08-24 09:03:30,548 - INFO - 📈 已处理003025 思进智能 
2025-08-24 09:03:31,348 - INFO - 📈 已处理003026 中晶科技 
2025-08-24 09:03:32,809 - INFO - 📈 已处理003027 同兴科技 
2025-08-24 09:03:33,860 - INFO - 📈 已处理003028 振邦智能 
2025-08-24 09:03:34,671 - INFO - 📈 已处理003029 吉大正元 
2025-08-24 09:03:36,490 - INFO - 📈 已处理003030 祖名股份 
2025-08-24 09:03:38,309 - INFO - 📈 已处理003031 中瓷电子 
2025-08-24 09:03:39,125 - INFO - 📈 已处理003032 *ST传智 
2025-08-24 09:03:41,711 - INFO - 📈 已处理003033 征和工业 
2025-08-24 09:03:42,653 - INFO - 📈 已处理003035 南网能源 
2025-08-24 09:03:43,474 - INFO - 📈 已处理003036 泰坦股份 
2025-08-24 09:03:44,334 - INFO - 📈 已处理003037 三和管桩 
2025-08-24 09:03:45,116 - INFO - 📈 已处理003038 鑫铂股份 
2025-08-24 09:03:45,903 - INFO - 📈 已处理003039 顺控发展 
2025-08-24 09:03:46,730 - INFO - 📈 已处理003040 楚天龙 
2025-08-24 09:03:48,812 - INFO - 📈 已处理003041 真爱美家 
2025-08-24 09:03:49,771 - INFO - 📈 已处理003042 中农联合 
2025-08-24 09:03:51,432 - INFO - 📈 已处理003043 华亚智能 
2025-08-24 09:03:52,223 - INFO - 📈 已处理003816 中国广核 
2025-08-24 09:03:54,052 - INFO - 📈 已处理300001 特锐德 
2025-08-24 09:03:55,244 - INFO - 📈 已处理300002 神州泰岳 
2025-08-24 09:03:56,056 - INFO - 📈 已处理300003 乐普医疗 
2025-08-24 09:03:56,056 - INFO - 📈 已处理 600/4713 只股票，成功 567 只
2025-08-24 09:03:57,110 - INFO - 📈 已处理300004 南风股份 
2025-08-24 09:03:57,921 - INFO - 📈 已处理300005 探路者 
2025-08-24 09:04:00,357 - INFO - 📈 已处理300006 莱美药业 
2025-08-24 09:04:01,153 - INFO - 📈 已处理300007 汉威科技 
2025-08-24 09:04:01,970 - INFO - 📈 已处理300008 天海防务 
2025-08-24 09:04:02,832 - INFO - 📈 已处理300009 安科生物 
2025-08-24 09:04:03,967 - INFO - 📈 已处理300010 豆神教育 
2025-08-24 09:04:04,761 - INFO - 📈 已处理300011 鼎汉技术 
2025-08-24 09:04:05,545 - INFO - 📈 已处理300012 华测检测 
2025-08-24 09:04:06,581 - INFO - 📈 已处理300013 新宁物流 
2025-08-24 09:04:07,613 - INFO - 📈 已处理300014 亿纬锂能 
2025-08-24 09:04:08,401 - INFO - 📈 已处理300015 爱尔眼科 
2025-08-24 09:04:11,002 - INFO - 📈 已处理300016 北陆药业 
2025-08-24 09:04:11,794 - INFO - 📈 已处理300017 网宿科技 
2025-08-24 09:04:12,618 - INFO - 📈 已处理300018 中元股份 
2025-08-24 09:04:14,357 - INFO - 📈 已处理300019 硅宝科技 
2025-08-24 09:04:15,414 - INFO - 📈 已处理300020 ST银江 
2025-08-24 09:04:17,446 - INFO - 📈 已处理300021 大禹节水 
2025-08-24 09:04:18,310 - INFO - 📈 已处理300022 吉峰科技 
2025-08-24 09:04:20,196 - INFO - 📈 已处理300024 机器人 
2025-08-24 09:04:21,024 - INFO - 📈 已处理300025 华星创业 
2025-08-24 09:04:21,833 - INFO - 📈 已处理300026 红日药业 
2025-08-24 09:04:24,648 - INFO - 📈 已处理300027 华谊兄弟 
2025-08-24 09:04:27,404 - INFO - 📈 已处理300029 *ST天龙 
2025-08-24 09:04:28,202 - INFO - 📈 已处理300030 阳普医疗 
2025-08-24 09:04:29,069 - INFO - 📈 已处理300031 宝通科技 
2025-08-24 09:04:30,147 - INFO - 📈 已处理300032 金龙机电 
2025-08-24 09:04:31,135 - INFO - 📈 已处理300033 同花顺 
2025-08-24 09:04:32,011 - INFO - 📈 已处理300034 钢研高纳 
2025-08-24 09:04:33,049 - INFO - 📈 已处理300035 中科电气 
2025-08-24 09:04:34,017 - INFO - 📈 已处理300036 超图软件 
2025-08-24 09:04:34,805 - INFO - 📈 已处理300037 新宙邦 
2025-08-24 09:04:37,423 - INFO - 📈 已处理300039 上海凯宝 
2025-08-24 09:04:38,214 - INFO - 📈 已处理300040 九洲集团 
2025-08-24 09:04:39,492 - INFO - 📈 已处理300041 回天新材 
2025-08-24 09:04:40,826 - INFO - 📈 已处理300042 朗科科技 
2025-08-24 09:04:42,632 - INFO - 📈 已处理300043 星辉娱乐 
2025-08-24 09:04:43,434 - INFO - 📈 已处理300044 ST赛为 
2025-08-24 09:04:45,028 - INFO - 📈 已处理300045 华力创通 
2025-08-24 09:04:45,829 - INFO - 📈 已处理300046 台基股份 
2025-08-24 09:04:46,676 - INFO - 📈 已处理300047 天源迪科 
2025-08-24 09:04:50,407 - INFO - 📈 已处理300048 合康新能 
2025-08-24 09:04:51,936 - INFO - 📈 已处理300049 福瑞股份 
2025-08-24 09:04:53,072 - INFO - 📈 已处理300050 世纪鼎利 
2025-08-24 09:04:53,887 - INFO - 📈 已处理300051 琏升科技 
2025-08-24 09:04:54,830 - INFO - 📈 已处理300052 ST中青宝 
2025-08-24 09:04:55,620 - INFO - 📈 已处理300053 航宇微 
2025-08-24 09:04:55,620 - INFO - 📈 已处理 650/4713 只股票，成功 614 只
2025-08-24 09:04:56,883 - INFO - 📈 已处理300054 鼎龙股份 
2025-08-24 09:04:58,028 - INFO - 📈 已处理300055 万邦达 
2025-08-24 09:04:59,841 - INFO - 📈 已处理300056 中创环保 
2025-08-24 09:05:00,974 - INFO - 📈 已处理300057 万顺新材 
2025-08-24 09:05:01,789 - INFO - 📈 已处理300058 蓝色光标 
2025-08-24 09:05:02,577 - INFO - 📈 已处理300059 东方财富 
2025-08-24 09:05:03,763 - INFO - 📈 已处理300061 旗天科技 
2025-08-24 09:05:04,723 - INFO - 📈 已处理300062 中能电气 
2025-08-24 09:05:05,788 - INFO - 📈 已处理300063 天龙集团 
2025-08-24 09:05:08,321 - INFO - 📈 已处理300065 海兰信 
2025-08-24 09:05:09,114 - INFO - 📈 已处理300066 三川智慧 
2025-08-24 09:05:09,899 - INFO - 📈 已处理300067 安诺其 
2025-08-24 09:05:10,712 - INFO - 📈 已处理300068 南都电源 
2025-08-24 09:05:11,744 - INFO - 📈 已处理300069 金利华电 
2025-08-24 09:05:12,549 - INFO - 📈 已处理300070 碧水源 
2025-08-24 09:05:14,601 - INFO - 📈 已处理300071 福石控股 
2025-08-24 09:05:15,385 - INFO - 📈 已处理300072 海新能科 
2025-08-24 09:05:16,182 - INFO - 📈 已处理300073 当升科技 
2025-08-24 09:05:16,986 - INFO - 📈 已处理300074 华平股份 
2025-08-24 09:05:20,638 - INFO - 📈 已处理300075 数字政通 
2025-08-24 09:05:21,673 - INFO - 📈 已处理300076 GQY视讯 
2025-08-24 09:05:22,473 - INFO - 📈 已处理300077 国民技术 
2025-08-24 09:05:23,646 - INFO - 📈 已处理300078 思创医惠 
2025-08-24 09:05:24,464 - INFO - 📈 已处理300079 数码视讯 
2025-08-24 09:05:25,249 - INFO - 📈 已处理300080 易成新能 
2025-08-24 09:05:26,047 - INFO - 📈 已处理300081 恒信东方 
2025-08-24 09:05:28,932 - INFO - 📈 已处理300082 奥克股份 
2025-08-24 09:05:30,030 - INFO - 📈 已处理300083 创世纪 
2025-08-24 09:05:30,815 - INFO - 📈 已处理300084 海默科技 
2025-08-24 09:05:31,878 - INFO - 📈 已处理300085 银之杰 
2025-08-24 09:05:32,916 - INFO - 📈 已处理300086 康芝药业 
2025-08-24 09:05:33,715 - INFO - 📈 已处理300087 荃银高科 
2025-08-24 09:05:34,905 - INFO - 📈 已处理300088 长信科技 
2025-08-24 09:05:36,001 - INFO - 📈 已处理300091 金通灵 
2025-08-24 09:05:36,801 - INFO - 📈 已处理300092 科新机电 
2025-08-24 09:05:37,585 - INFO - 📈 已处理300093 *ST金刚 
2025-08-24 09:05:38,644 - INFO - 📈 已处理300094 国联水产 
2025-08-24 09:05:39,765 - INFO - 📈 已处理300095 华伍股份 
2025-08-24 09:05:40,562 - INFO - 📈 已处理300096 ST易联众 
2025-08-24 09:05:41,412 - INFO - 📈 已处理300097 ST智云 
2025-08-24 09:05:42,239 - INFO - 📈 已处理300098 高新兴 
2025-08-24 09:05:43,044 - INFO - 📈 已处理300099 尤洛卡 
2025-08-24 09:05:43,842 - INFO - 📈 已处理300100 双林股份 
2025-08-24 09:05:45,661 - INFO - 📈 已处理300101 振芯科技 
2025-08-24 09:05:46,907 - INFO - 📈 已处理300102 乾照光电 
2025-08-24 09:05:47,689 - INFO - 📈 已处理300103 达刚控股 
2025-08-24 09:05:50,433 - INFO - 📈 已处理300105 龙源技术 
2025-08-24 09:05:51,244 - INFO - 📈 已处理300106 西部牧业 
2025-08-24 09:05:52,263 - INFO - 📈 已处理300107 建新股份 
2025-08-24 09:06:03,411 - INFO - 📈 已处理300109 新开源 
2025-08-24 09:06:04,219 - INFO - 📈 已处理300110 华仁药业 
2025-08-24 09:06:04,994 - INFO - 📈 已处理300111 向日葵 
2025-08-24 09:06:05,825 - INFO - 📈 已处理300112 万讯自控 
2025-08-24 09:06:06,860 - INFO - 📈 已处理300113 顺网科技 
2025-08-24 09:06:07,660 - INFO - 📈 已处理300115 长盈精密 
2025-08-24 09:06:09,991 - INFO - 📈 已处理300118 东方日升 
2025-08-24 09:06:11,620 - INFO - 📈 已处理300119 瑞普生物 
2025-08-24 09:06:12,413 - INFO - 📈 已处理300120 经纬辉开 
2025-08-24 09:06:13,226 - INFO - 📈 已处理300121 阳谷华泰 
2025-08-24 09:06:14,011 - INFO - 📈 已处理300122 智飞生物 
2025-08-24 09:06:15,984 - INFO - 📈 已处理300123 亚光科技 
2025-08-24 09:06:17,024 - INFO - 📈 已处理300124 汇川技术 
2025-08-24 09:06:17,836 - INFO - 📈 已处理300125 *ST聆达 
2025-08-24 09:06:18,642 - INFO - 📈 已处理300126 锐奇股份 
2025-08-24 09:06:20,360 - INFO - 📈 已处理300127 银河磁体 
2025-08-24 09:06:22,295 - INFO - 📈 已处理300128 锦富技术 
2025-08-24 09:06:26,101 - INFO - 📈 已处理300129 泰胜风能 
2025-08-24 09:06:26,891 - INFO - 📈 已处理300130 新国都 
2025-08-24 09:06:28,467 - INFO - 📈 已处理300131 英唐智控 
2025-08-24 09:06:29,519 - INFO - 📈 已处理300132 青松股份 
2025-08-24 09:06:31,556 - INFO - 📈 已处理300133 华策影视 
2025-08-24 09:06:32,342 - INFO - 📈 已处理300134 大富科技 
2025-08-24 09:06:33,139 - INFO - 📈 已处理300135 宝利国际 
2025-08-24 09:06:36,966 - INFO - 📈 已处理300136 信维通信 
2025-08-24 09:06:40,784 - INFO - 📈 已处理300137 ST先河 
2025-08-24 09:06:42,400 - INFO - 📈 已处理300138 晨光生物 
2025-08-24 09:06:43,221 - INFO - 📈 已处理300139 晓程科技 
2025-08-24 09:06:47,690 - INFO - 📈 已处理300140 节能环境 
2025-08-24 09:06:49,479 - INFO - 📈 已处理300141 和顺电气 
2025-08-24 09:06:51,612 - INFO - 📈 已处理300142 沃森生物 
2025-08-24 09:06:52,425 - INFO - 📈 已处理300143 盈康生命 
2025-08-24 09:06:53,201 - INFO - 📈 已处理300144 宋城演艺 
2025-08-24 09:06:53,995 - INFO - 📈 已处理300145 南方泵业 
2025-08-24 09:06:54,775 - INFO - 📈 已处理300146 汤臣倍健 
2025-08-24 09:06:55,571 - INFO - 📈 已处理300147 ST香雪 
2025-08-24 09:06:56,368 - INFO - 📈 已处理300148 天舟文化 
2025-08-24 09:06:57,179 - INFO - 📈 已处理300149 睿智医药 
2025-08-24 09:06:58,635 - INFO - 📈 已处理300150 世纪瑞尔 
2025-08-24 09:06:59,653 - INFO - 📈 已处理300151 昌红科技 
2025-08-24 09:07:00,439 - INFO - 📈 已处理300152 ST新动力 
2025-08-24 09:07:01,240 - INFO - 📈 已处理300153 科泰电源 
2025-08-24 09:07:02,301 - INFO - 📈 已处理300154 瑞凌股份 
2025-08-24 09:07:03,116 - INFO - 📈 已处理300155 安居宝 
2025-08-24 09:07:03,116 - INFO - 📈 已处理 750/4713 只股票，成功 707 只
2025-08-24 09:07:10,231 - INFO - 📈 已处理300157 新锦动力 
2025-08-24 09:07:11,034 - INFO - 📈 已处理300158 振东制药 
2025-08-24 09:07:12,591 - INFO - 📈 已处理300159 *ST新研 
2025-08-24 09:07:13,453 - INFO - 📈 已处理300160 秀强股份 
2025-08-24 09:07:14,244 - INFO - 📈 已处理300161 华中数控 
2025-08-24 09:07:15,069 - INFO - 📈 已处理300162 雷曼光电 
2025-08-24 09:07:15,850 - INFO - 📈 已处理300163 先锋新材 
2025-08-24 09:07:16,652 - INFO - 📈 已处理300164 通源石油 
2025-08-24 09:07:17,439 - INFO - 📈 已处理300165 ST天瑞 
2025-08-24 09:07:18,861 - INFO - 📈 已处理300166 东方国信 
2025-08-24 09:07:19,647 - INFO - 📈 已处理300167 ST迪威迅 
2025-08-24 09:07:20,448 - INFO - 📈 已处理300168 万达信息 
2025-08-24 09:07:25,010 - INFO - 📈 已处理300169 天晟新材 
2025-08-24 09:07:26,459 - INFO - 📈 已处理300170 汉得信息 
2025-08-24 09:07:27,253 - INFO - 📈 已处理300171 东富龙 
2025-08-24 09:07:28,037 - INFO - 📈 已处理300172 中电环保 
2025-08-24 09:07:29,101 - INFO - 📈 已处理300173 福能东方 
2025-08-24 09:07:31,752 - INFO - 📈 已处理300174 元力股份 
2025-08-24 09:07:35,752 - INFO - 📈 已处理300175 ST朗源 
2025-08-24 09:07:55,584 - INFO - 📈 已处理300176 鸿特科技 
2025-08-24 09:07:59,144 - INFO - 📈 已处理300177 中海达 
2025-08-24 09:08:05,432 - INFO - 📈 已处理300179 四方达 
2025-08-24 09:08:08,442 - INFO - 📈 已处理300180 华峰超纤 
2025-08-24 09:08:09,486 - INFO - 📈 已处理300181 佐力药业 
2025-08-24 09:08:10,650 - INFO - 📈 已处理300182 捷成股份 
2025-08-24 09:08:12,818 - INFO - 📈 已处理300183 东软载波 
2025-08-24 09:08:20,172 - INFO - 📈 已处理300184 力源信息 
2025-08-24 09:08:25,724 - INFO - 📈 已处理300185 通裕重工 
2025-08-24 09:08:31,509 - INFO - 📈 已处理300187 永清环保 
2025-08-24 09:08:34,301 - INFO - 📈 已处理300188 国投智能 
2025-08-24 09:08:36,385 - INFO - 📈 已处理300189 神农种业 
2025-08-24 09:08:39,033 - INFO - 📈 已处理300190 维尔利 
2025-08-24 09:08:43,927 - INFO - 📈 已处理300191 潜能恒信 
2025-08-24 09:08:45,416 - INFO - 📈 已处理300192 科德教育 
2025-08-24 09:08:47,470 - INFO - 📈 已处理300193 佳士科技 
2025-08-24 09:08:52,991 - INFO - 📈 已处理300194 福安药业 
2025-08-24 09:08:58,220 - INFO - 📈 已处理300195 长荣股份 
2025-08-24 09:09:10,797 - INFO - 📈 已处理300196 长海股份 
2025-08-24 09:09:13,329 - INFO - 📈 已处理300197 节能铁汉 
2025-08-24 09:09:15,603 - INFO - 📈 已处理300198 ST纳川 
2025-08-24 09:09:21,842 - INFO - 📈 已处理300199 翰宇药业 
2025-08-24 09:09:22,877 - INFO - 📈 已处理300200 高盟新材 
2025-08-24 09:09:27,408 - INFO - 📈 已处理300201 海伦哲 
2025-08-24 09:09:36,456 - INFO - 📈 已处理300203 聚光科技 
2025-08-24 09:09:37,272 - INFO - 📈 已处理300204 舒泰神 
2025-08-24 09:09:38,071 - INFO - 📈 已处理300205 *ST天喻 
2025-08-24 09:09:38,071 - INFO - 📈 已处理 800/4713 只股票，成功 753 只
2025-08-24 09:09:39,216 - INFO - 📈 已处理300206 理邦仪器 
2025-08-24 09:09:40,030 - INFO - 📈 已处理300207 欣旺达 
2025-08-24 09:09:41,991 - INFO - 📈 已处理300209 有棵树 
2025-08-24 09:09:42,807 - INFO - 📈 已处理300210 森远股份 
2025-08-24 09:09:47,164 - INFO - 📈 已处理300211 *ST亿通 
2025-08-24 09:09:48,045 - INFO - 📈 已处理300212 易华录 
2025-08-24 09:09:49,156 - INFO - 📈 已处理300213 佳讯飞鸿 
2025-08-24 09:09:49,958 - INFO - 📈 已处理300214 日科化学 
2025-08-24 09:09:51,064 - INFO - 📈 已处理300215 电科院 
2025-08-24 09:09:53,863 - INFO - 📈 已处理300217 东方电热 
2025-08-24 09:09:54,684 - INFO - 📈 已处理300218 安利股份 
2025-08-24 09:09:55,601 - INFO - 📈 已处理300219 鸿利智汇 
2025-08-24 09:09:56,388 - INFO - 📈 已处理300220 金运激光 
2025-08-24 09:09:57,231 - INFO - 📈 已处理300221 银禧科技 
2025-08-24 09:09:58,235 - INFO - 📈 已处理300222 科大智能 
2025-08-24 09:09:59,274 - INFO - 📈 已处理300223 北京君正 
2025-08-24 09:10:01,108 - INFO - 📈 已处理300224 正海磁材 
2025-08-24 09:10:01,952 - INFO - 📈 已处理300225 *ST金泰 
2025-08-24 09:10:02,766 - INFO - 📈 已处理300226 上海钢联 
2025-08-24 09:10:03,585 - INFO - 📈 已处理300227 光韵达 
2025-08-24 09:10:05,413 - INFO - 📈 已处理300228 富瑞特装 
2025-08-24 09:10:06,259 - INFO - 📈 已处理300229 拓尔思 
2025-08-24 09:10:08,319 - INFO - 📈 已处理300230 永利股份 
2025-08-24 09:10:09,448 - INFO - 📈 已处理300231 银信科技 
2025-08-24 09:10:10,586 - INFO - 📈 已处理300232 洲明科技 
2025-08-24 09:10:11,649 - INFO - 📈 已处理300233 金城医药 
2025-08-24 09:10:12,710 - INFO - 📈 已处理300234 开尔新材 
2025-08-24 09:10:13,964 - INFO - 📈 已处理300235 方直科技 
2025-08-24 09:10:15,034 - INFO - 📈 已处理300236 上海新阳 
2025-08-24 09:10:15,939 - INFO - 📈 已处理300237 美晨科技 
2025-08-24 09:10:16,755 - INFO - 📈 已处理300238 冠昊生物 
2025-08-24 09:10:17,567 - INFO - 📈 已处理300239 东宝生物 
2025-08-24 09:10:18,709 - INFO - 📈 已处理300240 飞力达 
2025-08-24 09:10:20,033 - INFO - 📈 已处理300241 瑞丰光电 
2025-08-24 09:10:20,848 - INFO - 📈 已处理300242 佳云科技 
2025-08-24 09:10:21,646 - INFO - 📈 已处理300243 瑞丰高材 
2025-08-24 09:10:22,441 - INFO - 📈 已处理300244 迪安诊断 
2025-08-24 09:10:23,245 - INFO - 📈 已处理300245 天玑科技 
2025-08-24 09:10:24,312 - INFO - 📈 已处理300246 宝莱特 
2025-08-24 09:10:25,453 - INFO - 📈 已处理300247 融捷健康 
2025-08-24 09:10:26,545 - INFO - 📈 已处理300248 新开普 
2025-08-24 09:10:27,338 - INFO - 📈 已处理300249 依米康 
2025-08-24 09:10:28,145 - INFO - 📈 已处理300250 初灵信息 
2025-08-24 09:10:29,988 - INFO - 📈 已处理300251 光线传媒 
2025-08-24 09:10:30,766 - INFO - 📈 已处理300252 金信诺 
2025-08-24 09:10:32,949 - INFO - 📈 已处理300253 卫宁健康 
2025-08-24 09:10:33,783 - INFO - 📈 已处理300254 仟源医药 
2025-08-24 09:10:34,791 - INFO - 📈 已处理300255 常山药业 
2025-08-24 09:10:34,791 - INFO - 📈 已处理 850/4713 只股票，成功 801 只
2025-08-24 09:10:35,587 - INFO - 📈 已处理300256 星星科技 
2025-08-24 09:10:36,390 - INFO - 📈 已处理300257 开山股份 
2025-08-24 09:10:38,455 - INFO - 📈 已处理300258 精锻科技 
2025-08-24 09:10:42,331 - INFO - 📈 已处理300259 新天科技 
2025-08-24 09:10:43,583 - INFO - 📈 已处理300260 新莱应材 
2025-08-24 09:10:44,633 - INFO - 📈 已处理300261 雅本化学 
2025-08-24 09:10:48,899 - INFO - 📈 已处理300263 隆华科技 
2025-08-24 09:10:50,519 - INFO - 📈 已处理300264 佳创视讯 
2025-08-24 09:10:54,746 - INFO - 📈 已处理300265 通光线缆 
2025-08-24 09:10:56,190 - INFO - 📈 已处理300266 兴源环境 
2025-08-24 09:10:57,216 - INFO - 📈 已处理300267 尔康制药 
2025-08-24 09:10:58,252 - INFO - 📈 已处理300268 *ST佳沃 
2025-08-24 09:10:59,295 - INFO - 📈 已处理300269 联建光电 
2025-08-24 09:11:08,264 - INFO - 📈 已处理300270 中威电子 
2025-08-24 09:11:10,209 - INFO - 📈 已处理300271 华宇软件 
2025-08-24 09:11:15,086 - INFO - 📈 已处理300272 开能健康 
2025-08-24 09:11:17,905 - INFO - 📈 已处理300274 阳光电源 
2025-08-24 09:11:20,321 - INFO - 📈 已处理300275 梅安森 
2025-08-24 09:11:21,372 - INFO - 📈 已处理300276 三丰智能 
2025-08-24 09:11:22,404 - INFO - 📈 已处理300277 海联讯 
2025-08-24 09:11:24,444 - INFO - 📈 已处理300278 华昌达 
2025-08-24 09:11:25,918 - INFO - 📈 已处理300279 和晶科技 
2025-08-24 09:11:36,362 - INFO - 📈 已处理300281 金明精机 
2025-08-24 09:11:42,844 - INFO - 📈 已处理300283 温州宏丰 
2025-08-24 09:11:45,346 - INFO - 📈 已处理300284 苏交科 
2025-08-24 09:11:57,168 - INFO - 📈 已处理300285 国瓷材料 
2025-08-24 09:11:58,725 - INFO - 📈 已处理300286 安科瑞 
2025-08-24 09:12:33,532 - INFO - 📈 已处理300287 飞利信 
2025-08-24 09:12:34,575 - INFO - 📈 已处理300288 朗玛信息 
2025-08-24 09:12:36,260 - INFO - 📈 已处理300289 利德曼 
2025-08-24 09:12:37,283 - INFO - 📈 已处理300290 荣科科技 
2025-08-24 09:12:38,766 - INFO - 📈 已处理300291 百纳千成 
2025-08-24 09:12:42,290 - INFO - 📈 已处理300292 吴通控股 
2025-08-24 09:12:43,957 - INFO - 📈 已处理300293 蓝英装备 
2025-08-24 09:12:50,766 - INFO - 📈 已处理300294 博雅生物 
2025-08-24 09:12:52,824 - INFO - 📈 已处理300295 三六五网 
2025-08-24 09:12:55,609 - INFO - 📈 已处理300296 利亚德 
2025-08-24 09:13:07,949 - INFO - 📈 已处理300298 三诺生物 
2025-08-24 09:13:16,480 - INFO - 📈 已处理300299 富春股份 
2025-08-24 09:13:19,177 - INFO - 📈 已处理300300 海峡创新 
2025-08-24 09:13:20,907 - INFO - 📈 已处理300301 ST长方 
2025-08-24 09:13:22,954 - INFO - 📈 已处理300302 同有科技 
2025-08-24 09:13:24,115 - INFO - 📈 已处理300303 聚飞光电 
2025-08-24 09:13:26,544 - INFO - 📈 已处理300304 云意电气 
2025-08-24 09:13:31,485 - INFO - 📈 已处理300305 裕兴股份 
2025-08-24 09:13:31,485 - INFO - 📈 已处理 900/4713 只股票，成功 846 只
2025-08-24 09:13:35,991 - INFO - 📈 已处理300306 远方信息 
2025-08-24 09:13:39,342 - INFO - 📈 已处理300307 慈星股份 
2025-08-24 09:13:41,743 - INFO - 📈 已处理300308 中际旭创 
2025-08-24 09:13:45,441 - INFO - 📈 已处理300310 宜通世纪 
2025-08-24 09:13:46,310 - INFO - 📈 已处理300311 ST任子行 
2025-08-24 09:13:48,264 - INFO - 📈 已处理300313 *ST天山 
2025-08-24 09:13:49,564 - INFO - 📈 已处理300314 戴维医疗 
2025-08-24 09:13:51,635 - INFO - 📈 已处理300315 掌趣科技 
2025-08-24 09:13:52,434 - INFO - 📈 已处理300316 晶盛机电 
2025-08-24 09:13:53,829 - INFO - 📈 已处理300317 珈伟新能 
2025-08-24 09:13:55,742 - INFO - 📈 已处理300318 博晖创新 
2025-08-24 09:13:56,544 - INFO - 📈 已处理300319 麦捷科技 
2025-08-24 09:13:57,343 - INFO - 📈 已处理300320 海达股份 
2025-08-24 09:13:58,136 - INFO - 📈 已处理300321 同大股份 
2025-08-24 09:13:58,928 - INFO - 📈 已处理300322 硕贝德 
2025-08-24 09:14:00,086 - INFO - 📈 已处理300323 华灿光电 
2025-08-24 09:14:00,875 - INFO - 📈 已处理300324 旋极信息 
2025-08-24 09:14:04,091 - INFO - 📈 已处理300326 ST凯利 
2025-08-24 09:14:05,129 - INFO - 📈 已处理300327 中颖电子 
2025-08-24 09:14:05,949 - INFO - 📈 已处理300328 宜安科技 
2025-08-24 09:14:07,989 - INFO - 📈 已处理300329 海伦钢琴 
2025-08-24 09:14:09,587 - INFO - 📈 已处理300331 苏大维格 
2025-08-24 09:14:10,382 - INFO - 📈 已处理300332 天壕能源 
2025-08-24 09:14:11,454 - INFO - 📈 已处理300333 兆日科技 
2025-08-24 09:14:12,489 - INFO - 📈 已处理300334 津膜科技 
2025-08-24 09:14:13,613 - INFO - 📈 已处理300335 迪森股份 
2025-08-24 09:14:16,081 - INFO - 📈 已处理300337 银邦股份 
2025-08-24 09:14:16,881 - INFO - 📈 已处理300338 ST开元 
2025-08-24 09:14:18,361 - INFO - 📈 已处理300339 润和软件 
2025-08-24 09:14:19,171 - INFO - 📈 已处理300340 科恒股份 
2025-08-24 09:14:19,952 - INFO - 📈 已处理300341 麦克奥迪 
2025-08-24 09:14:20,737 - INFO - 📈 已处理300342 天银机电 
2025-08-24 09:14:22,548 - INFO - 📈 已处理300343 ST联创 
2025-08-24 09:14:23,717 - INFO - 📈 已处理300344 ST立方 
2025-08-24 09:14:25,542 - INFO - 📈 已处理300345 华民股份 
2025-08-24 09:14:26,335 - INFO - 📈 已处理300346 南大光电 
2025-08-24 09:14:27,135 - INFO - 📈 已处理300347 泰格医药 
2025-08-24 09:14:28,434 - INFO - 📈 已处理300348 长亮科技 
2025-08-24 09:14:29,221 - INFO - 📈 已处理300349 金卡智能 
2025-08-24 09:14:30,006 - INFO - 📈 已处理300350 华鹏飞 
2025-08-24 09:14:32,105 - INFO - 📈 已处理300351 永贵电器 
2025-08-24 09:14:38,667 - INFO - 📈 已处理300352 北信源 
2025-08-24 09:14:39,479 - INFO - 📈 已处理300353 东土科技 
2025-08-24 09:14:40,290 - INFO - 📈 已处理300354 东华测试 
2025-08-24 09:14:41,968 - INFO - 📈 已处理300355 蒙草生态 
2025-08-24 09:14:41,968 - INFO - 📈 已处理 950/4713 只股票，成功 891 只
2025-08-24 09:14:43,882 - INFO - 📈 已处理300357 我武生物 
2025-08-24 09:14:44,697 - INFO - 📈 已处理300358 楚天科技 
2025-08-24 09:14:45,495 - INFO - 📈 已处理300359 全通教育 
2025-08-24 09:14:46,575 - INFO - 📈 已处理300360 炬华科技 
2025-08-24 09:14:48,397 - INFO - 📈 已处理300363 博腾股份 
2025-08-24 09:14:49,499 - INFO - 📈 已处理300364 中文在线 
2025-08-24 09:14:50,413 - INFO - 📈 已处理300365 恒华科技 
2025-08-24 09:14:51,455 - INFO - 📈 已处理300366 创意信息 
2025-08-24 09:14:54,253 - INFO - 📈 已处理300368 汇金股份 
2025-08-24 09:14:55,310 - INFO - 📈 已处理300369 绿盟科技 
2025-08-24 09:14:56,096 - INFO - 📈 已处理300370 安控科技 
2025-08-24 09:14:57,164 - INFO - 📈 已处理300371 汇中股份 
2025-08-24 09:14:58,924 - INFO - 📈 已处理300373 扬杰科技 
2025-08-24 09:14:59,748 - INFO - 📈 已处理300374 中铁装配 
2025-08-24 09:15:00,771 - INFO - 📈 已处理300375 鹏翎股份 
2025-08-24 09:15:02,039 - INFO - 📈 已处理300376 ST易事特 
2025-08-24 09:15:02,829 - INFO - 📈 已处理300377 赢时胜 
2025-08-24 09:15:03,685 - INFO - 📈 已处理300378 鼎捷数智 
2025-08-24 09:15:04,501 - INFO - 📈 已处理300379 *ST东通 
2025-08-24 09:15:05,316 - INFO - 📈 已处理300380 安硕信息 
2025-08-24 09:15:06,662 - INFO - 📈 已处理300381 溢多利 
2025-08-24 09:15:07,465 - INFO - 📈 已处理300382 斯莱克 
2025-08-24 09:15:09,050 - INFO - 📈 已处理300383 光环新网 
2025-08-24 09:15:09,850 - INFO - 📈 已处理300384 三联虹普 
2025-08-24 09:15:10,671 - INFO - 📈 已处理300385 雪浪环境 
2025-08-24 09:15:11,949 - INFO - 📈 已处理300386 飞天诚信 
2025-08-24 09:15:13,077 - INFO - 📈 已处理300387 富邦科技 
2025-08-24 09:15:13,881 - INFO - 📈 已处理300388 节能国祯 
2025-08-24 09:15:14,690 - INFO - 📈 已处理300389 艾比森 
2025-08-24 09:15:15,500 - INFO - 📈 已处理300390 天华新能 
2025-08-24 09:15:16,464 - INFO - 📈 已处理300391 *ST长药 
2025-08-24 09:15:18,620 - INFO - 📈 已处理300393 中来股份 
2025-08-24 09:15:19,483 - INFO - 📈 已处理300394 天孚通信 
2025-08-24 09:15:20,292 - INFO - 📈 已处理300395 菲利华 
2025-08-24 09:15:21,215 - INFO - 📈 已处理300396 迪瑞医疗 
2025-08-24 09:15:22,006 - INFO - 📈 已处理300397 天和防务 
2025-08-24 09:15:23,112 - INFO - 📈 已处理300398 飞凯材料 
2025-08-24 09:15:23,913 - INFO - 📈 已处理300399 天利科技 
2025-08-24 09:15:24,712 - INFO - 📈 已处理300400 劲拓股份 
2025-08-24 09:15:25,558 - INFO - 📈 已处理300401 花园生物 
2025-08-24 09:15:26,366 - INFO - 📈 已处理300402 宝色股份 
2025-08-24 09:15:27,159 - INFO - 📈 已处理300403 汉宇集团 
2025-08-24 09:15:28,193 - INFO - 📈 已处理300404 博济医药 
2025-08-24 09:15:29,008 - INFO - 📈 已处理300405 科隆股份 
2025-08-24 09:15:30,034 - INFO - 📈 已处理300406 九强生物 
2025-08-24 09:15:30,034 - INFO - 📈 已处理 1000/4713 只股票，成功 936 只
2025-08-24 09:15:30,832 - INFO - 📈 已处理300407 凯发电气 
2025-08-24 09:15:32,678 - INFO - 📈 已处理300408 三环集团 
2025-08-24 09:15:33,540 - INFO - 📈 已处理300409 道氏技术 
2025-08-24 09:15:35,037 - INFO - 📈 已处理300410 正业科技 
2025-08-24 09:15:35,877 - INFO - 📈 已处理300411 金盾股份 
2025-08-24 09:15:37,274 - INFO - 📈 已处理300412 迦南科技 
2025-08-24 09:15:38,087 - INFO - 📈 已处理300413 芒果超媒 
2025-08-24 09:15:40,218 - INFO - 📈 已处理300414 中光防雷 
2025-08-24 09:15:41,019 - INFO - 📈 已处理300415 伊之密 
2025-08-24 09:15:42,132 - INFO - 📈 已处理300416 苏试试验 
2025-08-24 09:15:44,255 - INFO - 📈 已处理300417 南华仪器 
2025-08-24 09:15:45,080 - INFO - 📈 已处理300418 昆仑万维 
2025-08-24 09:15:46,132 - INFO - 📈 已处理300419 ST浩丰 
2025-08-24 09:15:46,934 - INFO - 📈 已处理300420 五洋自控 
2025-08-24 09:15:49,013 - INFO - 📈 已处理300421 力星股份 
2025-08-24 09:15:50,373 - INFO - 📈 已处理300422 博世科 
2025-08-24 09:15:51,211 - INFO - 📈 已处理300423 昇辉科技 
2025-08-24 09:15:52,028 - INFO - 📈 已处理300424 航新科技 
2025-08-24 09:15:52,826 - INFO - 📈 已处理300425 中建环能 
2025-08-24 09:15:54,643 - INFO - 📈 已处理300426 华智数媒 
2025-08-24 09:15:55,789 - INFO - 📈 已处理300427 红相股份 
2025-08-24 09:15:56,715 - INFO - 📈 已处理300428 立中集团 
2025-08-24 09:15:57,535 - INFO - 📈 已处理300429 强力新材 
2025-08-24 09:15:59,018 - INFO - 📈 已处理300430 诚益通 
2025-08-24 09:16:03,818 - INFO - 📈 已处理300432 富临精工 
2025-08-24 09:16:04,618 - INFO - 📈 已处理300433 蓝思科技 
2025-08-24 09:16:05,495 - INFO - 📈 已处理300434 金石亚药 
2025-08-24 09:16:06,286 - INFO - 📈 已处理300435 中泰股份 
2025-08-24 09:16:07,173 - INFO - 📈 已处理300436 广生堂 
2025-08-24 09:16:08,962 - INFO - 📈 已处理300437 清水源 
2025-08-24 09:16:09,747 - INFO - 📈 已处理300438 鹏辉能源 
2025-08-24 09:16:11,509 - INFO - 📈 已处理300439 美康生物 
2025-08-24 09:16:13,626 - INFO - 📈 已处理300440 运达科技 
2025-08-24 09:16:14,425 - INFO - 📈 已处理300441 鲍斯股份 
2025-08-24 09:16:16,759 - INFO - 📈 已处理300442 润泽科技 
2025-08-24 09:16:26,143 - INFO - 📈 已处理300443 金雷股份 
2025-08-24 09:16:28,614 - INFO - 📈 已处理300444 双杰电气 
2025-08-24 09:16:29,406 - INFO - 📈 已处理300445 康斯特 
2025-08-24 09:16:30,431 - INFO - 📈 已处理300446 航天智造 
2025-08-24 09:16:31,643 - INFO - 📈 已处理300447 全信股份 
2025-08-24 09:16:33,509 - INFO - 📈 已处理300448 浩云科技 
2025-08-24 09:16:35,869 - INFO - 📈 已处理300449 汉邦高科 
2025-08-24 09:16:38,260 - INFO - 📈 已处理300450 先导智能 
2025-08-24 09:16:40,262 - INFO - 📈 已处理300451 创业慧康 
2025-08-24 09:16:41,591 - INFO - 📈 已处理300452 山河药辅 
2025-08-24 09:16:43,384 - INFO - 📈 已处理300453 三鑫医疗 
2025-08-24 09:16:46,924 - INFO - 📈 已处理300454 深信服 
2025-08-24 09:16:47,723 - INFO - 📈 已处理300455 航天智装 
2025-08-24 09:16:53,430 - INFO - 📈 已处理300456 赛微电子 
2025-08-24 09:16:53,430 - INFO - 📈 已处理 1050/4713 只股票，成功 985 只
2025-08-24 09:16:54,677 - INFO - 📈 已处理300457 赢合科技 
2025-08-24 09:17:06,075 - INFO - 📈 已处理300458 全志科技 
2025-08-24 09:17:07,106 - INFO - 📈 已处理300459 汤姆猫 
2025-08-24 09:17:14,297 - INFO - 📈 已处理300460 惠伦晶体 
2025-08-24 09:17:27,322 - INFO - 📈 已处理300461 田中精机 
2025-08-24 09:17:33,400 - INFO - 📈 已处理300462 ST华铭 
2025-08-24 09:17:46,133 - INFO - 📈 已处理300463 迈克生物 
2025-08-24 09:17:48,554 - INFO - 📈 已处理300464 星徽股份 
2025-08-24 09:17:50,306 - INFO - 📈 已处理300465 高伟达 
2025-08-24 09:17:52,032 - INFO - 📈 已处理300466 赛摩智能 
2025-08-24 09:18:00,173 - INFO - 📈 已处理300467 迅游科技 
2025-08-24 09:18:01,201 - INFO - 📈 已处理300468 四方精创 
2025-08-24 09:18:02,534 - INFO - 📈 已处理300469 信息发展 
2025-08-24 09:18:10,880 - INFO - 📈 已处理300470 中密控股 
2025-08-24 09:18:18,253 - INFO - 📈 已处理300471 厚普股份 
2025-08-24 09:18:23,234 - INFO - 📈 已处理300472 *ST新元 
2025-08-24 09:18:25,686 - INFO - 📈 已处理300473 德尔股份 
2025-08-24 09:18:33,650 - INFO - 📈 已处理300474 景嘉微 
2025-08-24 09:18:41,792 - INFO - 📈 已处理300475 香农芯创 
2025-08-24 09:18:46,058 - INFO - 📈 已处理300476 胜宏科技 
2025-08-24 09:18:50,721 - INFO - 📈 已处理300477 ST合纵 
2025-08-24 09:18:52,843 - INFO - 📈 已处理300478 杭州高新 
2025-08-24 09:18:54,197 - INFO - 📈 已处理300479 神思电子 
2025-08-24 09:18:55,276 - INFO - 📈 已处理300480 光力科技 
2025-08-24 09:18:56,783 - INFO - 📈 已处理300481 濮阳惠成 
2025-08-24 09:18:57,558 - INFO - 📈 已处理300482 万孚生物 
2025-08-24 09:18:58,922 - INFO - 📈 已处理300483 首华燃气 
2025-08-24 09:19:00,115 - INFO - 📈 已处理300484 蓝海华腾 
2025-08-24 09:19:02,173 - INFO - 📈 已处理300485 赛升药业 
2025-08-24 09:19:02,972 - INFO - 📈 已处理300486 东杰智能 
2025-08-24 09:19:04,006 - INFO - 📈 已处理300487 蓝晓科技 
2025-08-24 09:19:06,193 - INFO - 📈 已处理300488 恒锋工具 
2025-08-24 09:19:06,994 - INFO - 📈 已处理300489 光智科技 
2025-08-24 09:19:07,837 - INFO - 📈 已处理300490 华自科技 
2025-08-24 09:19:08,927 - INFO - 📈 已处理300491 通合科技 
2025-08-24 09:19:09,738 - INFO - 📈 已处理300492 华图山鼎 
2025-08-24 09:19:11,513 - INFO - 📈 已处理300493 润欣科技 
2025-08-24 09:19:12,578 - INFO - 📈 已处理300494 盛天网络 
2025-08-24 09:19:23,036 - INFO - 📈 已处理300496 中科创达 
2025-08-24 09:19:24,056 - INFO - 📈 已处理300497 富祥药业 
2025-08-24 09:19:29,763 - INFO - 📈 已处理300498 温氏股份 
2025-08-24 09:19:30,542 - INFO - 📈 已处理300499 高澜股份 
2025-08-24 09:19:31,335 - INFO - 📈 已处理300500 启迪设计 
2025-08-24 09:19:32,667 - INFO - 📈 已处理300501 海顺新材 
2025-08-24 09:19:33,454 - INFO - 📈 已处理300502 新易盛 
2025-08-24 09:19:34,252 - INFO - 📈 已处理300503 昊志机电 
2025-08-24 09:19:35,070 - INFO - 📈 已处理300504 天邑股份 
2025-08-24 09:19:36,121 - INFO - 📈 已处理300505 川金诺 
2025-08-24 09:19:37,617 - INFO - 📈 已处理300506 ST名家汇 
2025-08-24 09:19:37,617 - INFO - 📈 已处理 1100/4713 只股票，成功 1034 只
2025-08-24 09:19:38,400 - INFO - 📈 已处理300507 苏奥传感 
2025-08-24 09:19:39,191 - INFO - 📈 已处理300508 维宏股份 
2025-08-24 09:19:44,657 - INFO - 📈 已处理300509 新美星 
2025-08-24 09:19:45,467 - INFO - 📈 已处理300510 金冠股份 
2025-08-24 09:19:47,265 - INFO - 📈 已处理300511 雪榕生物 
2025-08-24 09:19:48,063 - INFO - 📈 已处理300512 中亚股份 
2025-08-24 09:19:48,856 - INFO - 📈 已处理300513 恒实科技 
2025-08-24 09:19:49,942 - INFO - 📈 已处理300514 友讯达 
2025-08-24 09:19:50,738 - INFO - 📈 已处理300515 三德科技 
2025-08-24 09:19:51,592 - INFO - 📈 已处理300516 久之洋 
2025-08-24 09:19:52,493 - INFO - 📈 已处理300517 海波重科 
2025-08-24 09:19:53,410 - INFO - 📈 已处理300518 新迅达 
2025-08-24 09:19:54,392 - INFO - 📈 已处理300519 新光药业 
2025-08-24 09:19:55,171 - INFO - 📈 已处理300520 科大国创 
2025-08-24 09:19:56,958 - INFO - 📈 已处理300521 爱司凯 
2025-08-24 09:19:57,970 - INFO - 📈 已处理300522 世名科技 
2025-08-24 09:20:01,775 - INFO - 📈 已处理300523 辰安科技 
2025-08-24 09:20:02,606 - INFO - 📈 已处理300525 博思软件 
2025-08-24 09:20:04,197 - INFO - 📈 已处理300527 ST应急 
2025-08-24 09:20:05,303 - INFO - 📈 已处理300528 幸福蓝海 
2025-08-24 09:20:06,100 - INFO - 📈 已处理300529 健帆生物 
2025-08-24 09:20:06,890 - INFO - 📈 已处理300530 领湃科技 
2025-08-24 09:20:10,734 - INFO - 📈 已处理300531 优博讯 
2025-08-24 09:20:11,525 - INFO - 📈 已处理300532 今天国际 
2025-08-24 09:20:12,322 - INFO - 📈 已处理300533 冰川网络 
2025-08-24 09:20:13,107 - INFO - 📈 已处理300534 陇神戎发 
2025-08-24 09:20:13,881 - INFO - 📈 已处理300535 达威股份 
2025-08-24 09:20:15,543 - INFO - 📈 已处理300536 农尚环境 
2025-08-24 09:20:24,591 - INFO - 📈 已处理300537 广信材料 
2025-08-24 09:20:25,403 - INFO - 📈 已处理300538 同益股份 
2025-08-24 09:20:27,341 - INFO - 📈 已处理300539 横河精密 
2025-08-24 09:20:31,055 - INFO - 📈 已处理300540 蜀道装备 
2025-08-24 09:20:31,855 - INFO - 📈 已处理300541 先进数通 
2025-08-24 09:20:32,991 - INFO - 📈 已处理300542 新晨科技 
2025-08-24 09:20:33,914 - INFO - 📈 已处理300543 朗科智能 
2025-08-24 09:20:34,706 - INFO - 📈 已处理300545 联得装备 
2025-08-24 09:20:35,800 - INFO - 📈 已处理300546 雄帝科技 
2025-08-24 09:20:36,638 - INFO - 📈 已处理300547 川环科技 
2025-08-24 09:20:37,438 - INFO - 📈 已处理300548 长芯博创 
2025-08-24 09:20:38,249 - INFO - 📈 已处理300549 优德精密 
2025-08-24 09:20:39,276 - INFO - 📈 已处理300550 和仁科技 
2025-08-24 09:20:40,075 - INFO - 📈 已处理300551 古鳌科技 
2025-08-24 09:20:41,124 - INFO - 📈 已处理300552 万集科技 
2025-08-24 09:20:42,490 - INFO - 📈 已处理300553 集智股份 
2025-08-24 09:20:43,587 - INFO - 📈 已处理300554 三超新材 
2025-08-24 09:20:44,413 - INFO - 📈 已处理300555 ST路通 
2025-08-24 09:20:45,438 - INFO - 📈 已处理300556 丝路视觉 
2025-08-24 09:20:46,246 - INFO - 📈 已处理300557 理工光科 
2025-08-24 09:20:47,047 - INFO - 📈 已处理300558 贝达药业 
2025-08-24 09:20:47,047 - INFO - 📈 已处理 1150/4713 只股票，成功 1083 只
2025-08-24 09:20:48,090 - INFO - 📈 已处理300559 佳发教育 
2025-08-24 09:20:50,536 - INFO - 📈 已处理300560 中富通 
2025-08-24 09:20:52,588 - INFO - 📈 已处理300561 *ST汇科 
2025-08-24 09:20:53,488 - INFO - 📈 已处理300562 乐心医疗 
2025-08-24 09:20:55,294 - INFO - 📈 已处理300563 神宇股份 
2025-08-24 09:20:56,940 - INFO - 📈 已处理300564 筑博设计 
2025-08-24 09:21:08,491 - INFO - 📈 已处理300565 科信技术 
2025-08-24 09:21:31,657 - INFO - 📈 已处理300566 激智科技 
2025-08-24 09:21:41,774 - INFO - 📈 已处理300567 精测电子 
2025-08-24 09:21:45,328 - INFO - 📈 已处理300568 星源材质 
2025-08-24 09:21:47,612 - INFO - 📈 已处理300569 天能重工 
2025-08-24 09:21:49,088 - INFO - 📈 已处理300570 太辰光 
2025-08-24 09:21:51,439 - INFO - 📈 已处理300571 平治信息 
2025-08-24 09:22:00,770 - INFO - 📈 已处理300572 安车检测 
2025-08-24 09:22:06,377 - INFO - 📈 已处理300573 兴齐眼药 
2025-08-24 09:22:35,647 - INFO - 📈 已处理300575 中旗股份 
2025-08-24 09:22:44,090 - INFO - 📈 已处理300576 容大感光 
2025-08-24 09:22:49,338 - INFO - 📈 已处理300577 开润股份 
2025-08-24 09:22:51,681 - INFO - 📈 已处理300578 会畅通讯 
2025-08-24 09:22:58,172 - INFO - 📈 已处理300579 数字认证 
2025-08-24 09:23:06,566 - INFO - 📈 已处理300580 贝斯特 
2025-08-24 09:23:45,284 - INFO - 📈 已处理300581 晨曦航空 
2025-08-24 09:23:46,970 - INFO - 📈 已处理300582 英飞特 
2025-08-24 09:23:48,951 - INFO - 📈 已处理300583 赛托生物 
2025-08-24 09:23:52,224 - INFO - 📈 已处理300584 海辰药业 
2025-08-24 09:23:53,856 - INFO - 📈 已处理300585 奥联电子 
2025-08-24 09:23:55,502 - INFO - 📈 已处理300586 美联新材 
2025-08-24 09:23:58,016 - INFO - 📈 已处理300587 天铁科技 
2025-08-24 09:24:00,417 - INFO - 📈 已处理300588 熙菱信息 
2025-08-24 09:24:01,928 - INFO - 📈 已处理300589 江龙船艇 
2025-08-24 09:24:03,588 - INFO - 📈 已处理300590 移为通信 
2025-08-24 09:24:09,893 - INFO - 📈 已处理300591 万里马 
2025-08-24 09:24:13,799 - INFO - 📈 已处理300592 华凯易佰 
2025-08-24 09:24:14,877 - INFO - 📈 已处理300593 新雷能 
2025-08-24 09:24:23,603 - INFO - 📈 已处理300594 朗进科技 
2025-08-24 09:24:27,415 - INFO - 📈 已处理300595 欧普康视 
2025-08-24 09:24:30,750 - INFO - 📈 已处理300596 利安隆 
2025-08-24 09:24:33,042 - INFO - 📈 已处理300597 吉大通信 
2025-08-24 09:24:35,618 - INFO - 📈 已处理300598 诚迈科技 
2025-08-24 09:24:37,904 - INFO - 📈 已处理300599 雄塑科技 
2025-08-24 09:24:38,948 - INFO - 📈 已处理300600 国瑞科技 
2025-08-24 09:24:41,788 - INFO - 📈 已处理300601 康泰生物 
2025-08-24 09:24:42,923 - INFO - 📈 已处理300602 飞荣达 
2025-08-24 09:24:45,431 - INFO - 📈 已处理300603 立昂技术 
2025-08-24 09:24:47,952 - INFO - 📈 已处理300604 长川科技 
2025-08-24 09:24:54,700 - INFO - 📈 已处理300605 恒锋信息 
2025-08-24 09:24:55,738 - INFO - 📈 已处理300606 金太阳 
2025-08-24 09:24:56,772 - INFO - 📈 已处理300607 拓斯达 
2025-08-24 09:25:02,752 - INFO - 📈 已处理300608 思特奇 
2025-08-24 09:25:05,826 - INFO - 📈 已处理300609 汇纳科技 
2025-08-24 09:25:05,826 - INFO - 📈 已处理 1200/4713 只股票，成功 1133 只
2025-08-24 09:25:25,496 - INFO - 📈 已处理300610 晨化股份 
2025-08-24 09:25:26,618 - INFO - 📈 已处理300611 美力科技 
2025-08-24 09:25:27,408 - INFO - 📈 已处理300612 宣亚国际 
2025-08-24 09:25:28,474 - INFO - 📈 已处理300613 富瀚微 
2025-08-24 09:25:30,447 - INFO - 📈 已处理300614 百川畅银 
2025-08-24 09:25:31,239 - INFO - 📈 已处理300615 欣天科技 
2025-08-24 09:25:32,010 - INFO - 📈 已处理300616 尚品宅配 
2025-08-24 09:25:32,821 - INFO - 📈 已处理300617 安靠智电 
2025-08-24 09:25:34,104 - INFO - 📈 已处理300618 寒锐钴业 
2025-08-24 09:25:35,708 - INFO - 📈 已处理300619 金银河 
2025-08-24 09:25:36,505 - INFO - 📈 已处理300620 光库科技 
2025-08-24 09:25:39,326 - INFO - 📈 已处理300621 维业股份 
2025-08-24 09:25:40,985 - INFO - 📈 已处理300622 博士眼镜 
2025-08-24 09:25:43,394 - INFO - 📈 已处理300623 捷捷微电 
2025-08-24 09:25:45,224 - INFO - 📈 已处理300624 万兴科技 
2025-08-24 09:25:46,047 - INFO - 📈 已处理300625 三雄极光 
2025-08-24 09:25:46,851 - INFO - 📈 已处理300626 华瑞股份 
2025-08-24 09:25:47,638 - INFO - 📈 已处理300627 华测导航 
2025-08-24 09:25:48,683 - INFO - 📈 已处理300628 亿联网络 
2025-08-24 09:25:52,106 - INFO - 📈 已处理300629 新劲刚 
2025-08-24 09:25:53,983 - INFO - 📈 已处理300631 久吾高科 
2025-08-24 09:25:54,766 - INFO - 📈 已处理300632 光莆股份 
2025-08-24 09:25:55,938 - INFO - 📈 已处理300633 开立医疗 
2025-08-24 09:25:58,179 - INFO - 📈 已处理300634 彩讯股份 
2025-08-24 09:25:59,099 - INFO - 📈 已处理300635 中达安 
2025-08-24 09:26:00,918 - INFO - 📈 已处理300636 同和药业 
2025-08-24 09:26:03,008 - INFO - 📈 已处理300637 扬帆新材 
2025-08-24 09:26:04,820 - INFO - 📈 已处理300638 广和通 
2025-08-24 09:26:05,770 - INFO - 📈 已处理300639 凯普生物 
2025-08-24 09:26:06,898 - INFO - 📈 已处理300640 德艺文创 
2025-08-24 09:26:11,241 - INFO - 📈 已处理300641 正丹股份 
2025-08-24 09:26:12,064 - INFO - 📈 已处理300642 透景生命 
2025-08-24 09:26:14,048 - INFO - 📈 已处理300643 万通智控 
2025-08-24 09:26:14,908 - INFO - 📈 已处理300644 南京聚隆 
2025-08-24 09:26:15,700 - INFO - 📈 已处理300645 正元智慧 
2025-08-24 09:26:16,716 - INFO - 📈 已处理300647 超频三 
2025-08-24 09:26:17,835 - INFO - 📈 已处理300648 星云股份 
2025-08-24 09:26:19,130 - INFO - 📈 已处理300649 杭州园林 
2025-08-24 09:26:21,294 - INFO - 📈 已处理300650 太龙股份 
2025-08-24 09:26:23,099 - INFO - 📈 已处理300651 金陵体育 
2025-08-24 09:26:23,896 - INFO - 📈 已处理300652 雷迪克 
2025-08-24 09:26:25,449 - INFO - 📈 已处理300653 正海生物 
2025-08-24 09:26:26,264 - INFO - 📈 已处理300654 世纪天鸿 
2025-08-24 09:26:27,046 - INFO - 📈 已处理300655 晶瑞电材 
2025-08-24 09:26:45,944 - INFO - 📈 已处理300656 民德电子 
2025-08-24 09:26:49,371 - INFO - 📈 已处理300657 弘信电子 
2025-08-24 09:27:10,116 - INFO - 📈 已处理300658 延江股份 
2025-08-24 09:27:24,831 - INFO - 📈 已处理300659 中孚信息 
2025-08-24 09:27:34,077 - INFO - 📈 已处理300660 江苏雷利 
2025-08-24 09:27:34,077 - INFO - 📈 已处理 1250/4713 只股票，成功 1182 只
2025-08-24 09:27:35,134 - INFO - 📈 已处理300661 圣邦股份 
2025-08-24 09:27:35,930 - INFO - 📈 已处理300662 科锐国际 
2025-08-24 09:27:36,717 - INFO - 📈 已处理300663 科蓝软件 
2025-08-24 09:27:38,489 - INFO - 📈 已处理300664 鹏鹞环保 
2025-08-24 09:27:41,142 - INFO - 📈 已处理300665 飞鹿股份 
2025-08-24 09:27:41,925 - INFO - 📈 已处理300666 江丰电子 
2025-08-24 09:27:42,715 - INFO - 📈 已处理300667 必创科技 
2025-08-24 09:27:46,813 - INFO - 📈 已处理300668 杰恩设计 
2025-08-24 09:27:48,967 - INFO - 📈 已处理300669 沪宁股份 
2025-08-24 09:27:53,281 - INFO - 📈 已处理300670 大烨智能 
2025-08-24 09:27:54,351 - INFO - 📈 已处理300671 富满微 
2025-08-24 09:27:55,159 - INFO - 📈 已处理300672 国科微 
2025-08-24 09:27:56,995 - INFO - 📈 已处理300673 佩蒂股份 
2025-08-24 09:27:58,191 - INFO - 📈 已处理300674 宇信科技 
2025-08-24 09:28:01,154 - INFO - 📈 已处理300675 建科院 
2025-08-24 09:28:02,433 - INFO - 📈 已处理300676 华大基因 
2025-08-24 09:28:04,221 - INFO - 📈 已处理300677 英科医疗 
2025-08-24 09:28:05,622 - INFO - 📈 已处理300678 中科信息 
2025-08-24 09:28:06,697 - INFO - 📈 已处理300679 电连技术 
2025-08-24 09:28:07,502 - INFO - 📈 已处理300680 隆盛科技 
2025-08-24 09:28:08,638 - INFO - 📈 已处理300681 英搏尔 
2025-08-24 09:28:10,338 - INFO - 📈 已处理300682 朗新集团 
2025-08-24 09:28:11,378 - INFO - 📈 已处理300683 海特生物 
2025-08-24 09:28:13,779 - INFO - 📈 已处理300684 中石科技 
2025-08-24 09:28:14,827 - INFO - 📈 已处理300685 艾德生物 
2025-08-24 09:28:16,167 - INFO - 📈 已处理300686 智动力 
2025-08-24 09:28:18,506 - INFO - 📈 已处理300687 赛意信息 
2025-08-24 09:28:19,531 - INFO - 📈 已处理300688 创业黑马 
2025-08-24 09:28:20,603 - INFO - 📈 已处理300689 澄天伟业 
2025-08-24 09:28:21,952 - INFO - 📈 已处理300690 双一科技 
2025-08-24 09:28:23,101 - INFO - 📈 已处理300691 联合光电 
2025-08-24 09:28:23,905 - INFO - 📈 已处理300692 中环环保 
2025-08-24 09:28:24,725 - INFO - 📈 已处理300693 盛弘股份 
2025-08-24 09:28:25,544 - INFO - 📈 已处理300694 蠡湖股份 
2025-08-24 09:28:26,346 - INFO - 📈 已处理300695 兆丰股份 
2025-08-24 09:28:27,182 - INFO - 📈 已处理300696 爱乐达 
2025-08-24 09:28:28,233 - INFO - 📈 已处理300697 电工合金 
2025-08-24 09:28:29,041 - INFO - 📈 已处理300698 万马科技 
2025-08-24 09:28:30,171 - INFO - 📈 已处理300699 光威复材 
2025-08-24 09:28:30,982 - INFO - 📈 已处理300700 岱勒新材 
2025-08-24 09:28:34,053 - INFO - 📈 已处理300701 森霸传感 
2025-08-24 09:28:34,845 - INFO - 📈 已处理300702 天宇股份 
2025-08-24 09:28:38,900 - INFO - 📈 已处理300703 创源股份 
2025-08-24 09:28:41,213 - INFO - 📈 已处理300705 九典制药 
2025-08-24 09:28:43,278 - INFO - 📈 已处理300706 阿石创 
2025-08-24 09:28:48,843 - INFO - 📈 已处理300707 威唐工业 
2025-08-24 09:28:49,880 - INFO - 📈 已处理300708 聚灿光电 
2025-08-24 09:29:10,187 - INFO - 📈 已处理300709 精研科技 
2025-08-24 09:29:13,426 - INFO - 📈 已处理300710 万隆光电 
2025-08-24 09:29:18,877 - INFO - 📈 已处理300711 广哈通信 
2025-08-24 09:29:18,877 - INFO - 📈 已处理 1300/4713 只股票，成功 1232 只
2025-08-24 09:29:21,279 - INFO - 📈 已处理300712 永福股份 
2025-08-24 09:29:26,910 - INFO - 📈 已处理300713 英可瑞 
2025-08-24 09:29:31,262 - INFO - 📈 已处理300715 凯伦股份 
2025-08-24 09:29:34,046 - INFO - 📈 已处理300716 ST泉为 
2025-08-24 09:29:38,862 - INFO - 📈 已处理300717 华信新材 
2025-08-24 09:29:40,043 - INFO - 📈 已处理300718 长盛轴承 
2025-08-24 09:29:41,178 - INFO - 📈 已处理300719 安达维尔 
2025-08-24 09:29:42,330 - INFO - 📈 已处理300720 海川智能 
2025-08-24 09:29:44,214 - INFO - 📈 已处理300721 怡达股份 
2025-08-24 09:29:45,019 - INFO - 📈 已处理300722 新余国科 
2025-08-24 09:29:47,437 - INFO - 📈 已处理300723 一品红 
2025-08-24 09:29:49,543 - INFO - 📈 已处理300724 捷佳伟创 
2025-08-24 09:29:52,075 - INFO - 📈 已处理300725 药石科技 
2025-08-24 09:29:52,954 - INFO - 📈 已处理300726 宏达电子 
2025-08-24 09:29:53,891 - INFO - 📈 已处理300727 润禾材料 
2025-08-24 09:29:54,698 - INFO - 📈 已处理300729 乐歌股份 
2025-08-24 09:29:55,962 - INFO - 📈 已处理300730 科创信息 
2025-08-24 09:29:56,794 - INFO - 📈 已处理300731 科创新源 
2025-08-24 09:29:57,657 - INFO - 📈 已处理300732 设研院 
2025-08-24 09:29:58,490 - INFO - 📈 已处理300733 西菱动力 
2025-08-24 09:30:00,312 - INFO - 📈 已处理300735 光弘科技 
2025-08-24 09:30:01,655 - INFO - 📈 已处理300736 百邦科技 
2025-08-24 09:30:02,604 - INFO - 📈 已处理300737 科顺股份 
2025-08-24 09:30:03,549 - INFO - 📈 已处理300738 奥飞数据 
2025-08-24 09:30:13,744 - INFO - 📈 已处理300739 明阳电路 
2025-08-24 09:30:14,781 - INFO - 📈 已处理300740 水羊股份 
2025-08-24 09:30:17,483 - INFO - 📈 已处理300741 华宝股份 
2025-08-24 09:30:19,773 - INFO - 📈 已处理300743 天地数码 
2025-08-24 09:30:21,276 - INFO - 📈 已处理300745 欣锐科技 
2025-08-24 09:30:22,076 - INFO - 📈 已处理300746 汉嘉设计 
2025-08-24 09:30:24,540 - INFO - 📈 已处理300747 锐科激光 
2025-08-24 09:30:27,389 - INFO - 📈 已处理300748 金力永磁 
2025-08-24 09:30:28,468 - INFO - 📈 已处理300749 顶固集创 
2025-08-24 09:30:29,561 - INFO - 📈 已处理300750 宁德时代 
2025-08-24 09:30:30,369 - INFO - 📈 已处理300751 迈为股份 
2025-08-24 09:30:31,724 - INFO - 📈 已处理300752 隆利科技 
2025-08-24 09:30:32,749 - INFO - 📈 已处理300753 爱朋医疗 
2025-08-24 09:30:34,094 - INFO - 📈 已处理300755 华致酒行 
2025-08-24 09:30:35,637 - INFO - 📈 已处理300756 金马游乐 
2025-08-24 09:30:37,672 - INFO - 📈 已处理300757 罗博特科 
2025-08-24 09:30:38,476 - INFO - 📈 已处理300758 七彩化学 
2025-08-24 09:30:39,511 - INFO - 📈 已处理300759 康龙化成 
2025-08-24 09:30:42,178 - INFO - 📈 已处理300760 迈瑞医疗 
2025-08-24 09:30:43,275 - INFO - 📈 已处理300761 立华股份 
2025-08-24 09:30:44,338 - INFO - 📈 已处理300762 上海瀚讯 
2025-08-24 09:30:45,830 - INFO - 📈 已处理300763 锦浪科技 
2025-08-24 09:30:48,537 - INFO - 📈 已处理300765 新诺威 
2025-08-24 09:31:04,063 - INFO - 📈 已处理300766 每日互动 
2025-08-24 09:31:10,200 - INFO - 📈 已处理300767 震安科技 
2025-08-24 09:31:10,200 - INFO - 📈 已处理 1350/4713 只股票，成功 1281 只
2025-08-24 09:31:19,444 - INFO - 📈 已处理300768 迪普科技 
2025-08-24 09:31:54,641 - INFO - 📈 已处理300769 德方纳米 
2025-08-24 09:31:59,856 - INFO - 📈 已处理300770 新媒股份 
2025-08-24 09:32:12,618 - INFO - 📈 已处理300771 智莱科技 
2025-08-24 09:32:14,293 - INFO - 📈 已处理300772 运达股份 
2025-08-24 09:32:16,189 - INFO - 📈 已处理300773 拉卡拉 
2025-08-24 09:32:21,949 - INFO - 📈 已处理300774 倍杰特 
2025-08-24 09:32:23,874 - INFO - 📈 已处理300775 三角防务 
2025-08-24 09:32:26,907 - INFO - 📈 已处理300776 帝尔激光 
2025-08-24 09:32:33,660 - INFO - 📈 已处理300777 中简科技 
2025-08-24 09:33:06,112 - INFO - 📈 已处理300778 新城市 
2025-08-24 09:33:08,489 - INFO - 📈 已处理300779 惠城环保 
2025-08-24 09:33:10,860 - INFO - 📈 已处理300780 德恩精工 
2025-08-24 09:33:12,586 - INFO - 📈 已处理300781 因赛集团 
2025-08-24 09:33:13,712 - INFO - 📈 已处理300782 卓胜微 
2025-08-24 09:33:14,744 - INFO - 📈 已处理300783 三只松鼠 
2025-08-24 09:33:16,435 - INFO - 📈 已处理300784 利安科技 
2025-08-24 09:33:17,241 - INFO - 📈 已处理300785 值得买 
2025-08-24 09:33:21,473 - INFO - 📈 已处理300786 国林科技 
2025-08-24 09:33:23,449 - INFO - 📈 已处理300787 海能实业 
2025-08-24 09:33:24,257 - INFO - 📈 已处理300788 中信出版 
2025-08-24 09:33:25,696 - INFO - 📈 已处理300789 唐源电气 
2025-08-24 09:33:28,105 - INFO - 📈 已处理300790 宇瞳光学 
2025-08-24 09:33:28,901 - INFO - 📈 已处理300791 仙乐健康 
2025-08-24 09:33:31,007 - INFO - 📈 已处理300792 壹网壹创 
2025-08-24 09:33:33,526 - INFO - 📈 已处理300793 佳禾智能 
2025-08-24 09:33:34,740 - INFO - 📈 已处理300795 米奥会展 
2025-08-24 09:33:35,764 - INFO - 📈 已处理300796 贝斯美 
2025-08-24 09:33:37,572 - INFO - 📈 已处理300797 钢研纳克 
2025-08-24 09:33:39,408 - INFO - 📈 已处理300798 锦鸡股份 
2025-08-24 09:33:41,026 - INFO - 📈 已处理300800 力合科技 
2025-08-24 09:33:41,845 - INFO - 📈 已处理300801 泰和科技 
2025-08-24 09:33:44,658 - INFO - 📈 已处理300802 矩子科技 
2025-08-24 09:33:46,252 - INFO - 📈 已处理300803 指南针 
2025-08-24 09:33:47,546 - INFO - 📈 已处理300804 广康生化 
2025-08-24 09:33:49,717 - INFO - 📈 已处理300805 电声股份 
2025-08-24 09:33:54,500 - INFO - 📈 已处理300806 斯迪克 
2025-08-24 09:33:59,287 - INFO - 📈 已处理300807 天迈科技 
2025-08-24 09:34:00,472 - INFO - 📈 已处理300808 久量股份 
2025-08-24 09:34:01,910 - INFO - 📈 已处理300809 华辰装备 
2025-08-24 09:34:03,583 - INFO - 📈 已处理300810 中科海讯 
2025-08-24 09:34:05,403 - INFO - 📈 已处理300811 铂科新材 
2025-08-24 09:34:06,204 - INFO - 📈 已处理300812 易天股份 
2025-08-24 09:34:07,845 - INFO - 📈 已处理300813 泰林生物 
2025-08-24 09:34:25,405 - INFO - 📈 已处理300814 中富电路 
2025-08-24 09:34:28,486 - INFO - 📈 已处理300815 玉禾田 
2025-08-24 09:34:30,619 - INFO - 📈 已处理300816 艾可蓝 
2025-08-24 09:34:37,538 - INFO - 📈 已处理300817 双飞集团 
2025-08-24 09:34:43,741 - INFO - 📈 已处理300818 耐普矿机 
2025-08-24 09:34:43,741 - INFO - 📈 已处理 1400/4713 只股票，成功 1330 只
2025-08-24 09:34:51,318 - INFO - 📈 已处理300819 聚杰微纤 
2025-08-24 09:34:52,986 - INFO - 📈 已处理300820 英杰电气 
2025-08-24 09:34:55,991 - INFO - 📈 已处理300821 东岳硅材 
2025-08-24 09:35:12,853 - INFO - 📈 已处理300822 贝仕达克 
2025-08-24 09:35:16,038 - INFO - 📈 已处理300823 建科智能 
2025-08-24 09:35:25,467 - INFO - 📈 已处理300824 北鼎股份 
2025-08-24 09:35:26,532 - INFO - 📈 已处理300825 阿尔特 
2025-08-24 09:35:30,629 - INFO - 📈 已处理300826 测绘股份 
2025-08-24 09:35:35,226 - INFO - 📈 已处理300827 上能电气 
2025-08-24 09:35:37,819 - INFO - 📈 已处理300828 锐新科技 
2025-08-24 09:35:39,317 - INFO - 📈 已处理300829 金丹科技 
2025-08-24 09:35:41,904 - INFO - 📈 已处理300830 金现代 
2025-08-24 09:35:52,296 - INFO - 📈 已处理300831 派瑞股份 
2025-08-24 09:35:53,363 - INFO - 📈 已处理300832 新产业 
2025-08-24 09:35:54,892 - INFO - 📈 已处理300833 浩洋股份 
2025-08-24 09:35:56,472 - INFO - 📈 已处理300834 星辉环材 
2025-08-24 09:35:58,769 - INFO - 📈 已处理300835 龙磁科技 
2025-08-24 09:36:02,413 - INFO - 📈 已处理300836 佰奥智能 
2025-08-24 09:36:11,396 - INFO - 📈 已处理300837 浙矿股份 
2025-08-24 09:36:12,691 - INFO - 📈 已处理300838 浙江力诺 
2025-08-24 09:36:14,337 - INFO - 📈 已处理300839 博汇股份 
2025-08-24 09:36:38,118 - WARNING - ⚠️ 300840 酷特智能 K线更新失败: HTTPSConnectionPool(host='push2his.eastmoney.com', port=443): Max retries exceeded with url: /api/qt/stock/kline/get?fields1=f1%2Cf2%2Cf3%2Cf4%2Cf5%2Cf6&fields2=f51%2Cf52%2Cf53%2Cf54%2Cf55%2Cf56%2Cf57%2Cf58%2Cf59%2Cf60%2Cf61%2Cf116&ut=7eea3edcaed734bea9cbfc24409ed989&klt=101&fqt=1&secid=0.300840&beg=20250817&end=20250824 (Caused by SSLError(SSLEOFError(8, '[SSL: UNEXPECTED_EOF_WHILE_READING] EOF occurred in violation of protocol (_ssl.c:1007)')))
2025-08-24 09:36:51,207 - INFO - 📈 已处理300841 康华生物 
2025-08-24 09:37:04,772 - INFO - 📈 已处理300842 帝科股份 
2025-08-24 09:37:15,746 - INFO - 📈 已处理300843 胜蓝股份 
2025-08-24 09:38:11,237 - INFO - 📈 已处理300844 山水比德 
2025-08-24 09:38:13,814 - INFO - 📈 已处理300845 捷安高科 
2025-08-24 09:38:42,179 - INFO - 📈 已处理300846 首都在线 
2025-08-24 09:38:45,968 - INFO - 📈 已处理300847 中船汉光 
2025-08-24 09:38:48,163 - INFO - 📈 已处理300848 美瑞新材 
2025-08-24 09:38:52,611 - INFO - 📈 已处理300849 锦盛新材 
2025-08-24 09:38:54,547 - INFO - 📈 已处理300850 新强联 
2025-08-24 09:38:56,109 - INFO - 📈 已处理300851 交大思诺 
2025-08-24 09:38:58,148 - INFO - 📈 已处理300852 四会富仕 
2025-08-24 09:38:59,705 - INFO - 📈 已处理300853 申昊科技 
2025-08-24 09:39:45,848 - INFO - 📈 已处理300854 中兰环保 
2025-08-24 09:39:47,647 - INFO - 📈 已处理300855 图南股份 
2025-08-24 09:39:48,677 - INFO - 📈 已处理300856 科思股份 
2025-08-24 09:39:49,873 - INFO - 📈 已处理300857 协创数据 
2025-08-24 09:39:50,931 - INFO - 📈 已处理300858 科拓生物 
2025-08-24 09:39:51,963 - INFO - 📈 已处理300859 西域旅游 
2025-08-24 09:39:53,149 - INFO - 📈 已处理300860 锋尚文化 
2025-08-24 09:39:55,082 - INFO - 📈 已处理300861 美畅股份 
2025-08-24 09:39:55,881 - INFO - 📈 已处理300862 蓝盾光电 
2025-08-24 09:39:57,386 - INFO - 📈 已处理300863 卡倍亿 
2025-08-24 09:39:59,485 - INFO - 📈 已处理300864 南大环境 
2025-08-24 09:40:01,200 - INFO - 📈 已处理300865 大宏立 
2025-08-24 09:40:02,540 - INFO - 📈 已处理300866 安克创新 
2025-08-24 09:40:04,356 - INFO - 📈 已处理300867 圣元环保 
2025-08-24 09:40:05,157 - INFO - 📈 已处理300868 杰美特 
2025-08-24 09:40:05,163 - INFO - 📈 已处理 1450/4713 只股票，成功 1379 只
2025-08-24 09:40:06,634 - INFO - 📈 已处理300869 康泰医学 
2025-08-24 09:40:07,427 - INFO - 📈 已处理300870 欧陆通 
2025-08-24 09:40:09,501 - INFO - 📈 已处理300871 回盛生物 
2025-08-24 09:40:10,282 - INFO - 📈 已处理300872 天阳科技 
2025-08-24 09:40:11,063 - INFO - 📈 已处理300873 海晨股份 
2025-08-24 09:40:13,114 - INFO - 📈 已处理300875 捷强装备 
2025-08-24 09:40:16,010 - INFO - 📈 已处理300876 蒙泰高新 
2025-08-24 09:40:18,644 - INFO - 📈 已处理300877 金春股份 
2025-08-24 09:40:19,927 - INFO - 📈 已处理300878 维康药业 
2025-08-24 09:40:21,746 - INFO - 📈 已处理300879 大叶股份 
2025-08-24 09:40:24,596 - INFO - 📈 已处理300880 迦南智能 
2025-08-24 09:40:25,527 - INFO - 📈 已处理300881 盛德鑫泰 
2025-08-24 09:40:27,131 - INFO - 📈 已处理300882 万胜智能 
2025-08-24 09:40:27,956 - INFO - 📈 已处理300883 龙利得 
2025-08-24 09:40:28,903 - INFO - 📈 已处理300884 狄耐克 
2025-08-24 09:40:30,124 - INFO - 📈 已处理300885 海昌新材 
2025-08-24 09:40:30,932 - INFO - 📈 已处理300886 华业香料 
2025-08-24 09:40:32,047 - INFO - 📈 已处理300887 谱尼测试 
2025-08-24 09:40:32,853 - INFO - 📈 已处理300888 稳健医疗 
2025-08-24 09:40:33,666 - INFO - 📈 已处理300889 爱克股份 
2025-08-24 09:40:34,712 - INFO - 📈 已处理300890 翔丰华 
2025-08-24 09:40:35,850 - INFO - 📈 已处理300891 惠云钛业 
2025-08-24 09:40:37,535 - INFO - 📈 已处理300892 品渥食品 
2025-08-24 09:40:38,634 - INFO - 📈 已处理300893 松原安全 
2025-08-24 09:40:39,653 - INFO - 📈 已处理300894 火星人 
2025-08-24 09:40:40,613 - INFO - 📈 已处理300895 铜牛信息 
2025-08-24 09:40:42,699 - INFO - 📈 已处理300896 爱美客 
2025-08-24 09:40:45,944 - INFO - 📈 已处理300897 山科智能 
2025-08-24 09:40:46,751 - INFO - 📈 已处理300898 熊猫乳品 
2025-08-24 09:40:48,851 - INFO - 📈 已处理300899 *ST凯鑫 
2025-08-24 09:41:11,688 - INFO - 📈 已处理300900 广联航空 
2025-08-24 09:41:13,420 - INFO - 📈 已处理300901 中胤时尚 
2025-08-24 09:41:17,148 - INFO - 📈 已处理300902 国安达 
2025-08-24 09:41:19,709 - INFO - 📈 已处理300903 科翔股份 
2025-08-24 09:41:22,337 - INFO - 📈 已处理300904 威力传动 
2025-08-24 09:41:32,807 - INFO - 📈 已处理300905 宝丽迪 
2025-08-24 09:41:41,750 - INFO - 📈 已处理300906 日月明 
2025-08-24 09:41:44,669 - INFO - 📈 已处理300907 康平科技 
2025-08-24 09:41:47,906 - INFO - 📈 已处理300908 仲景食品 
2025-08-24 09:41:53,210 - INFO - 📈 已处理300909 汇创达 
2025-08-24 09:41:55,461 - INFO - 📈 已处理300910 瑞丰新材 
2025-08-24 09:41:56,259 - INFO - 📈 已处理300911 亿田智能 
2025-08-24 09:41:57,306 - INFO - 📈 已处理300912 凯龙高科 
2025-08-24 09:41:58,832 - INFO - 📈 已处理300913 兆龙互连 
2025-08-24 09:42:00,351 - INFO - 📈 已处理300915 海融科技 
2025-08-24 09:42:01,359 - INFO - 📈 已处理300916 朗特智能 
2025-08-24 09:42:03,177 - INFO - 📈 已处理300917 特发服务 
2025-08-24 09:42:07,095 - INFO - 📈 已处理300918 南山智尚 
2025-08-24 09:42:07,894 - INFO - 📈 已处理300919 中伟股份 
2025-08-24 09:42:09,687 - INFO - 📈 已处理300920 润阳科技 
2025-08-24 09:42:09,688 - INFO - 📈 已处理 1500/4713 只股票，成功 1429 只
2025-08-24 09:42:10,513 - INFO - 📈 已处理300921 南凌科技 
2025-08-24 09:42:11,307 - INFO - 📈 已处理300922 天秦装备 
2025-08-24 09:42:12,116 - INFO - 📈 已处理300923 研奥股份 
2025-08-24 09:42:12,905 - INFO - 📈 已处理300925 法本信息 
2025-08-24 09:42:15,213 - INFO - 📈 已处理300926 博俊科技 
2025-08-24 09:42:16,909 - INFO - 📈 已处理300927 江天化学 
2025-08-24 09:42:17,742 - INFO - 📈 已处理300928 华安鑫创 
2025-08-24 09:42:18,551 - INFO - 📈 已处理300929 华骐环保 
2025-08-24 09:42:19,592 - INFO - 📈 已处理300930 屹通新材 
2025-08-24 09:42:20,540 - INFO - 📈 已处理300931 通用电梯 
2025-08-24 09:42:21,379 - INFO - 📈 已处理300932 三友联众 
2025-08-24 09:42:23,104 - INFO - 📈 已处理300933 中辰股份 
2025-08-24 09:42:25,407 - INFO - 📈 已处理300935 盈建科 
2025-08-24 09:42:26,435 - INFO - 📈 已处理300936 中英科技 
2025-08-24 09:42:28,700 - INFO - 📈 已处理300937 药易购 
2025-08-24 09:42:30,491 - INFO - 📈 已处理300938 信测标准 
2025-08-24 09:42:31,294 - INFO - 📈 已处理300939 秋田微 
2025-08-24 09:42:32,476 - INFO - 📈 已处理300940 南极光 
2025-08-24 09:42:33,607 - INFO - 📈 已处理300941 创识科技 
2025-08-24 09:42:37,741 - INFO - 📈 已处理300942 易瑞生物 
2025-08-24 09:42:38,562 - INFO - 📈 已处理300943 春晖智控 
2025-08-24 09:42:39,608 - INFO - 📈 已处理300945 曼卡龙 
2025-08-24 09:42:40,761 - INFO - 📈 已处理300946 恒而达 
2025-08-24 09:42:41,584 - INFO - 📈 已处理300947 德必集团 
2025-08-24 09:42:44,045 - INFO - 📈 已处理300948 冠中生态 
2025-08-24 09:42:46,872 - INFO - 📈 已处理300949 奥雅股份 
2025-08-24 09:42:48,914 - INFO - 📈 已处理300950 德固特 
2025-08-24 09:42:50,433 - INFO - 📈 已处理300951 博硕科技 
2025-08-24 09:42:53,760 - INFO - 📈 已处理300952 恒辉安防 
2025-08-24 09:43:00,140 - INFO - 📈 已处理300953 震裕科技 
2025-08-24 09:43:00,945 - INFO - 📈 已处理300955 嘉亨家化 
2025-08-24 09:43:02,728 - INFO - 📈 已处理300956 英力股份 
2025-08-24 09:43:03,759 - INFO - 📈 已处理300957 贝泰妮 
2025-08-24 09:43:04,551 - INFO - 📈 已处理300958 建工修复 
2025-08-24 09:43:05,838 - INFO - 📈 已处理300959 线上线下 
2025-08-24 09:43:06,639 - INFO - 📈 已处理300960 通业科技 
2025-08-24 09:43:08,305 - INFO - 📈 已处理300961 深水海纳 
2025-08-24 09:43:09,478 - INFO - 📈 已处理300962 中金辐照 
2025-08-24 09:43:11,296 - INFO - 📈 已处理300963 中洲特材 
2025-08-24 09:43:14,003 - INFO - 📈 已处理300964 本川智能 
2025-08-24 09:43:15,369 - INFO - 📈 已处理300965 恒宇信通 
2025-08-24 09:43:16,467 - INFO - 📈 已处理300966 共同药业 
2025-08-24 09:43:17,829 - INFO - 📈 已处理300967 晓鸣股份 
2025-08-24 09:43:18,649 - INFO - 📈 已处理300968 格林精密 
2025-08-24 09:43:20,185 - INFO - 📈 已处理300969 恒帅股份 
2025-08-24 09:43:21,689 - INFO - 📈 已处理300970 华绿生物 
2025-08-24 09:43:22,782 - INFO - 📈 已处理300971 博亚精工 
2025-08-24 09:43:24,158 - INFO - 📈 已处理300972 万辰集团 
2025-08-24 09:43:25,016 - INFO - 📈 已处理300973 立高食品 
2025-08-24 09:43:26,036 - INFO - 📈 已处理300975 商络电子 
2025-08-24 09:43:26,036 - INFO - 📈 已处理 1550/4713 只股票，成功 1479 只
2025-08-24 09:43:27,847 - INFO - 📈 已处理300976 达瑞电子 
2025-08-24 09:43:28,713 - INFO - 📈 已处理300977 深圳瑞捷 
2025-08-24 09:43:29,793 - INFO - 📈 已处理300978 东箭科技 
2025-08-24 09:43:30,579 - INFO - 📈 已处理300979 华利集团 
2025-08-24 09:43:33,735 - INFO - 📈 已处理300980 祥源新材 
2025-08-24 09:43:35,751 - INFO - 📈 已处理300981 中红医疗 
2025-08-24 09:43:37,543 - INFO - 📈 已处理300982 苏文电能 
2025-08-24 09:43:38,512 - INFO - 📈 已处理300983 尤安设计 
2025-08-24 09:43:39,523 - INFO - 📈 已处理300984 金沃股份 
2025-08-24 09:43:40,758 - INFO - 📈 已处理300985 致远新能 
2025-08-24 09:43:42,283 - INFO - 📈 已处理300986 志特新材 
2025-08-24 09:43:44,415 - INFO - 📈 已处理300987 川网传媒 
2025-08-24 09:43:46,309 - INFO - 📈 已处理300988 津荣天宇 
2025-08-24 09:43:48,346 - INFO - 📈 已处理300989 蕾奥规划 
2025-08-24 09:43:50,153 - INFO - 📈 已处理300990 同飞股份 
2025-08-24 09:43:51,352 - INFO - 📈 已处理300991 创益通 
2025-08-24 09:43:53,149 - INFO - 📈 已处理300992 泰福泵业 
2025-08-24 09:43:54,174 - INFO - 📈 已处理300993 玉马科技 
2025-08-24 09:43:55,181 - INFO - 📈 已处理300994 久祺股份 
2025-08-24 09:43:56,662 - INFO - 📈 已处理300995 奇德新材 
2025-08-24 09:43:57,544 - INFO - 📈 已处理300996 普联软件 
2025-08-24 09:43:58,365 - INFO - 📈 已处理300997 欢乐家 
2025-08-24 09:44:00,016 - INFO - 📈 已处理300998 宁波方正 
2025-08-24 09:44:01,319 - INFO - 📈 已处理300999 金龙鱼 
2025-08-24 09:44:02,350 - INFO - 📈 已处理301000 肇民科技 
2025-08-24 09:44:03,144 - INFO - 📈 已处理301001 凯淳股份 
2025-08-24 09:44:04,555 - INFO - 📈 已处理301002 崧盛股份 
2025-08-24 09:44:05,726 - INFO - 📈 已处理301003 江苏博云 
2025-08-24 09:44:06,754 - INFO - 📈 已处理301004 嘉益股份 
2025-08-24 09:44:08,919 - INFO - 📈 已处理301005 超捷股份 
2025-08-24 09:44:09,728 - INFO - 📈 已处理301006 迈拓股份 
2025-08-24 09:44:10,532 - INFO - 📈 已处理301007 德迈仕 
2025-08-24 09:44:11,353 - INFO - 📈 已处理301008 宏昌科技 
2025-08-24 09:44:12,165 - INFO - 📈 已处理301009 可靠股份 
2025-08-24 09:44:13,224 - INFO - 📈 已处理301010 晶雪节能 
2025-08-24 09:44:14,480 - INFO - 📈 已处理301011 华立科技 
2025-08-24 09:44:15,275 - INFO - 📈 已处理301012 扬电科技 
2025-08-24 09:44:16,127 - INFO - 📈 已处理301013 利和兴 
2025-08-24 09:44:18,273 - INFO - 📈 已处理301015 百洋医药 
2025-08-24 09:44:19,061 - INFO - 📈 已处理301016 雷尔伟 
2025-08-24 09:44:20,304 - INFO - 📈 已处理301017 漱玉平民 
2025-08-24 09:44:21,740 - INFO - 📈 已处理301018 申菱环境 
2025-08-24 09:44:22,552 - INFO - 📈 已处理301019 宁波色母 
2025-08-24 09:44:23,587 - INFO - 📈 已处理301020 密封科技 
2025-08-24 09:44:24,428 - INFO - 📈 已处理301021 英诺激光 
2025-08-24 09:44:26,199 - INFO - 📈 已处理301022 海泰科 
2025-08-24 09:44:28,231 - INFO - 📈 已处理301023 江南奕帆 
2025-08-24 09:44:29,595 - INFO - 📈 已处理301024 霍普股份 
2025-08-24 09:44:31,487 - INFO - 📈 已处理301025 读客文化 
2025-08-24 09:44:32,274 - INFO - 📈 已处理301026 浩通科技 
2025-08-24 09:44:32,274 - INFO - 📈 已处理 1600/4713 只股票，成功 1529 只
2025-08-24 09:44:33,498 - INFO - 📈 已处理301027 华蓝集团 
2025-08-24 09:44:35,307 - INFO - 📈 已处理301028 东亚机械 
2025-08-24 09:44:36,141 - INFO - 📈 已处理301029 怡合达 
2025-08-24 09:44:37,145 - INFO - 📈 已处理301030 仕净科技 
2025-08-24 09:44:37,959 - INFO - 📈 已处理301031 中熔电气 
2025-08-24 09:44:43,698 - INFO - 📈 已处理301032 新柴股份 
2025-08-24 09:44:44,553 - INFO - 📈 已处理301033 迈普医学 
2025-08-24 09:44:45,582 - INFO - 📈 已处理301035 润丰股份 
2025-08-24 09:44:46,413 - INFO - 📈 已处理301036 双乐股份 
2025-08-24 09:44:47,533 - INFO - 📈 已处理301037 保立佳 
2025-08-24 09:44:48,354 - INFO - 📈 已处理301038 深水规院 
2025-08-24 09:44:49,721 - INFO - 📈 已处理301039 中集车辆 
2025-08-24 09:44:51,110 - INFO - 📈 已处理301040 中环海陆 
2025-08-24 09:44:53,065 - INFO - 📈 已处理301041 金百泽 
2025-08-24 09:44:54,129 - INFO - 📈 已处理301042 安联锐视 
2025-08-24 09:45:07,185 - INFO - 📈 已处理301043 绿岛风 
2025-08-24 09:45:09,804 - INFO - 📈 已处理301045 天禄科技 
2025-08-24 09:45:12,286 - INFO - 📈 已处理301046 能辉科技 
2025-08-24 09:45:14,968 - INFO - 📈 已处理301047 义翘神州 
2025-08-24 09:46:09,206 - INFO - 📈 已处理301048 金鹰重工 
2025-08-24 09:46:19,192 - INFO - 📈 已处理301049 超越科技 
2025-08-24 09:46:22,221 - INFO - 📈 已处理301050 雷电微力 
2025-08-24 09:46:27,281 - INFO - 📈 已处理301051 信濠光电 
2025-08-24 09:46:34,389 - INFO - 📈 已处理301052 果麦文化 
2025-08-24 09:46:57,405 - INFO - 📈 已处理301053 远信工业 
2025-08-24 09:46:58,768 - INFO - 📈 已处理301055 张小泉 
2025-08-24 09:47:00,965 - INFO - 📈 已处理301056 森赫股份 
2025-08-24 09:47:02,196 - INFO - 📈 已处理301057 汇隆新材 
2025-08-24 09:47:14,728 - INFO - 📈 已处理301058 中粮科工 
2025-08-24 09:47:16,020 - INFO - 📈 已处理301059 金三江 
2025-08-24 09:47:18,498 - INFO - 📈 已处理301060 兰卫医学 
2025-08-24 09:47:19,545 - INFO - 📈 已处理301061 匠心家居 
2025-08-24 09:47:21,986 - INFO - 📈 已处理301062 上海艾录 
2025-08-24 09:47:25,129 - INFO - 📈 已处理301063 海锅股份 
2025-08-24 09:47:32,137 - INFO - 📈 已处理301065 本立科技 
2025-08-24 09:47:34,558 - INFO - 📈 已处理301066 万事利 
2025-08-24 09:47:36,230 - INFO - 📈 已处理301067 显盈科技 
2025-08-24 09:47:39,271 - INFO - 📈 已处理301068 大地海洋 
2025-08-24 09:47:42,373 - INFO - 📈 已处理301069 凯盛新材 
2025-08-24 09:47:47,723 - INFO - 📈 已处理301070 开勒股份 
2025-08-24 09:47:49,870 - INFO - 📈 已处理301071 力量钻石 
2025-08-24 09:47:54,638 - INFO - 📈 已处理301072 中捷精工 
2025-08-24 09:48:00,575 - INFO - 📈 已处理301073 君亭酒店 
2025-08-24 09:48:30,043 - INFO - 📈 已处理301075 多瑞医药 
2025-08-24 09:48:31,077 - INFO - 📈 已处理301076 新瀚新材 
2025-08-24 09:48:32,901 - INFO - 📈 已处理301077 星华新材 
2025-08-24 09:48:34,298 - INFO - 📈 已处理301078 孩子王 
2025-08-24 09:48:35,135 - INFO - 📈 已处理301079 邵阳液压 
2025-08-24 09:48:37,541 - INFO - 📈 已处理301080 百普赛斯 
2025-08-24 09:48:38,381 - INFO - 📈 已处理301081 严牌股份 
2025-08-24 09:48:38,381 - INFO - 📈 已处理 1650/4713 只股票，成功 1579 只
2025-08-24 09:48:39,298 - INFO - 📈 已处理301082 久盛电气 
2025-08-24 09:48:41,648 - INFO - 📈 已处理301083 百胜智能 
2025-08-24 09:48:43,479 - INFO - 📈 已处理301085 亚康股份 
2025-08-24 09:48:44,931 - INFO - 📈 已处理301086 鸿富瀚 
2025-08-24 09:48:45,732 - INFO - 📈 已处理301087 可孚医疗 
2025-08-24 09:48:46,825 - INFO - 📈 已处理301088 戎美股份 
2025-08-24 09:48:47,627 - INFO - 📈 已处理301089 拓新药业 
2025-08-24 09:48:48,733 - INFO - 📈 已处理301090 华润材料 
2025-08-24 09:48:49,520 - INFO - 📈 已处理301091 深城交 
2025-08-24 09:48:51,336 - INFO - 📈 已处理301092 争光股份 
2025-08-24 09:48:52,135 - INFO - 📈 已处理301093 华兰股份 
2025-08-24 09:48:53,296 - INFO - 📈 已处理301095 广立微 
2025-08-24 09:48:55,103 - INFO - 📈 已处理301096 百诚医药 
2025-08-24 09:48:56,198 - INFO - 📈 已处理301097 天益医疗 
2025-08-24 09:48:56,997 - INFO - 📈 已处理301098 金埔园林 
2025-08-24 09:48:57,785 - INFO - 📈 已处理301099 雅创电子 
2025-08-24 09:48:58,580 - INFO - 📈 已处理301100 风光股份 
2025-08-24 09:48:59,384 - INFO - 📈 已处理301101 明月镜片 
2025-08-24 09:49:01,200 - INFO - 📈 已处理301102 兆讯传媒 
2025-08-24 09:49:02,011 - INFO - 📈 已处理301103 何氏眼科 
2025-08-24 09:49:02,791 - INFO - 📈 已处理301105 鸿铭股份 
2025-08-24 09:49:03,747 - INFO - 📈 已处理301106 骏成科技 
2025-08-24 09:49:04,899 - INFO - 📈 已处理301107 瑜欣电子 
2025-08-24 09:49:05,700 - INFO - 📈 已处理301108 洁雅股份 
2025-08-24 09:49:06,500 - INFO - 📈 已处理301109 军信股份 
2025-08-24 09:49:07,299 - INFO - 📈 已处理301110 青木科技 
2025-08-24 09:49:08,335 - INFO - 📈 已处理301111 粤万年青 
2025-08-24 09:49:09,902 - INFO - 📈 已处理301112 信邦智能 
2025-08-24 09:49:10,701 - INFO - 📈 已处理301113 雅艺科技 
2025-08-24 09:49:11,916 - INFO - 📈 已处理301115 联检科技 
2025-08-24 09:49:13,140 - INFO - 📈 已处理301116 益客食品 
2025-08-24 09:49:13,979 - INFO - 📈 已处理301117 佳缘科技 
2025-08-24 09:49:15,768 - INFO - 📈 已处理301118 恒光股份 
2025-08-24 09:49:17,603 - INFO - 📈 已处理301119 正强股份 
2025-08-24 09:49:22,188 - INFO - 📈 已处理301120 新特电气 
2025-08-24 09:49:24,228 - INFO - 📈 已处理301121 紫建电子 
2025-08-24 09:49:26,528 - INFO - 📈 已处理301122 采纳股份 
2025-08-24 09:49:28,378 - INFO - 📈 已处理301123 奕东电子 
2025-08-24 09:49:29,245 - INFO - 📈 已处理301125 腾亚精工 
2025-08-24 09:49:30,039 - INFO - 📈 已处理301126 达嘉维康 
2025-08-24 09:49:31,153 - INFO - 📈 已处理301127 武汉天源 
2025-08-24 09:49:32,169 - INFO - 📈 已处理301128 强瑞技术 
2025-08-24 09:49:32,968 - INFO - 📈 已处理301129 瑞纳智能 
2025-08-24 09:49:34,045 - INFO - 📈 已处理301130 西点药业 
2025-08-24 09:49:36,636 - INFO - 📈 已处理301131 聚赛龙 
2025-08-24 09:49:37,426 - INFO - 📈 已处理301132 满坤科技 
2025-08-24 09:49:38,680 - INFO - 📈 已处理301133 金钟股份 
2025-08-24 09:49:39,467 - INFO - 📈 已处理301135 瑞德智能 
2025-08-24 09:49:40,250 - INFO - 📈 已处理301136 招标股份 
2025-08-24 09:49:42,091 - INFO - 📈 已处理301137 哈焊华通 
2025-08-24 09:49:42,091 - INFO - 📈 已处理 1700/4713 只股票，成功 1629 只
2025-08-24 09:49:52,651 - INFO - 📈 已处理301138 华研精机 
2025-08-24 09:49:53,471 - INFO - 📈 已处理301139 元道通信 
2025-08-24 09:49:54,550 - INFO - 📈 已处理301141 中科磁业 
2025-08-24 09:49:55,599 - INFO - 📈 已处理301148 嘉戎技术 
2025-08-24 09:49:56,388 - INFO - 📈 已处理301149 隆华新材 
2025-08-24 09:49:57,825 - INFO - 📈 已处理301150 中一科技 
2025-08-24 09:49:59,140 - INFO - 📈 已处理301151 冠龙节能 
2025-08-24 09:50:00,443 - INFO - 📈 已处理301152 天力锂能 
2025-08-24 09:50:01,231 - INFO - 📈 已处理301153 中科江南 
2025-08-24 09:50:03,447 - INFO - 📈 已处理301155 海力风电 
2025-08-24 09:50:04,287 - INFO - 📈 已处理301156 美农生物 
2025-08-24 09:50:05,387 - INFO - 📈 已处理301157 华塑科技 
2025-08-24 09:50:07,196 - INFO - 📈 已处理301158 德石股份 
2025-08-24 09:50:08,570 - INFO - 📈 已处理301159 三维天地 
2025-08-24 09:50:20,367 - INFO - 📈 已处理301160 翔楼新材 
2025-08-24 09:50:22,401 - INFO - 📈 已处理301161 唯万密封 
2025-08-24 09:50:23,183 - INFO - 📈 已处理301162 国能日新 
2025-08-24 09:50:24,499 - INFO - 📈 已处理301163 宏德股份 
2025-08-24 09:50:25,747 - INFO - 📈 已处理301165 锐捷网络 
2025-08-24 09:50:27,659 - INFO - 📈 已处理301166 优宁维 
2025-08-24 09:50:28,481 - INFO - 📈 已处理301167 建研设计 
2025-08-24 09:50:30,662 - INFO - 📈 已处理301168 通灵股份 
2025-08-24 09:50:31,461 - INFO - 📈 已处理301169 零点有数 
2025-08-24 09:50:33,101 - INFO - 📈 已处理301170 锡南科技 
2025-08-24 09:50:33,899 - INFO - 📈 已处理301171 易点天下 
2025-08-24 09:50:34,818 - INFO - 📈 已处理301172 君逸数码 
2025-08-24 09:50:35,650 - INFO - 📈 已处理301173 毓恬冠佳 
2025-08-24 09:50:36,495 - INFO - 📈 已处理301175 中科环保 
2025-08-24 09:50:37,525 - INFO - 📈 已处理301176 逸豪新材 
2025-08-24 09:50:38,433 - INFO - 📈 已处理301177 迪阿股份 
2025-08-24 09:50:39,252 - INFO - 📈 已处理301178 天亿马 
2025-08-24 09:50:41,050 - INFO - 📈 已处理301179 泽宇智能 
2025-08-24 09:50:42,131 - INFO - 📈 已处理301180 万祥科技 
2025-08-24 09:50:44,107 - INFO - 📈 已处理301181 标榜股份 
2025-08-24 09:50:44,925 - INFO - 📈 已处理301182 凯旺科技 
2025-08-24 09:50:45,719 - INFO - 📈 已处理301183 东田微 
2025-08-24 09:50:46,518 - INFO - 📈 已处理301185 鸥玛软件 
2025-08-24 09:50:47,598 - INFO - 📈 已处理301186 超达装备 
2025-08-24 09:50:48,384 - INFO - 📈 已处理301187 欧圣电气 
2025-08-24 09:50:50,210 - INFO - 📈 已处理301188 力诺药包 
2025-08-24 09:50:51,998 - INFO - 📈 已处理301189 奥尼电子 
2025-08-24 09:50:52,799 - INFO - 📈 已处理301190 善水科技 
2025-08-24 09:50:53,759 - INFO - 📈 已处理301191 菲菱科思 
2025-08-24 09:50:54,648 - INFO - 📈 已处理301192 泰祥股份 
2025-08-24 09:50:55,958 - INFO - 📈 已处理301193 家联科技 
2025-08-24 09:50:56,772 - INFO - 📈 已处理301195 北路智控 
2025-08-24 09:50:58,829 - INFO - 📈 已处理301196 唯科科技 
2025-08-24 09:50:59,632 - INFO - 📈 已处理301197 工大科雅 
2025-08-24 09:51:00,432 - INFO - 📈 已处理301198 喜悦智行 
2025-08-24 09:51:01,931 - INFO - 📈 已处理301199 迈赫股份 
2025-08-24 09:51:01,931 - INFO - 📈 已处理 1750/4713 只股票，成功 1679 只
2025-08-24 09:51:03,537 - INFO - 📈 已处理301200 大族数控 
2025-08-24 09:51:05,602 - INFO - 📈 已处理301201 诚达药业 
2025-08-24 09:51:07,001 - INFO - 📈 已处理301202 朗威股份 
2025-08-24 09:51:09,683 - INFO - 📈 已处理301203 国泰环保 
2025-08-24 09:51:10,478 - INFO - 📈 已处理301205 联特科技 
2025-08-24 09:51:11,501 - INFO - 📈 已处理301206 三元生物 
2025-08-24 09:51:12,564 - INFO - 📈 已处理301207 华兰疫苗 
2025-08-24 09:51:13,480 - INFO - 📈 已处理301208 中亦科技 
2025-08-24 09:51:14,258 - INFO - 📈 已处理301209 联合化学 
2025-08-24 09:51:15,064 - INFO - 📈 已处理301210 金杨股份 
2025-08-24 09:51:15,895 - INFO - 📈 已处理301211 亨迪药业 
2025-08-24 09:51:17,711 - INFO - 📈 已处理301212 联盛化学 
2025-08-24 09:51:18,492 - INFO - 📈 已处理301213 观想科技 
2025-08-24 09:51:19,595 - INFO - 📈 已处理301215 中汽股份 
2025-08-24 09:51:20,381 - INFO - 📈 已处理301216 万凯新材 
2025-08-24 09:51:21,176 - INFO - 📈 已处理301217 铜冠铜箔 
2025-08-24 09:51:22,274 - INFO - 📈 已处理301218 华是科技 
2025-08-24 09:51:23,335 - INFO - 📈 已处理301219 腾远钴业 
2025-08-24 09:51:24,172 - INFO - 📈 已处理301220 亚香股份 
2025-08-24 09:51:25,219 - INFO - 📈 已处理301221 光庭信息 
2025-08-24 09:51:26,816 - INFO - 📈 已处理301222 浙江恒威 
2025-08-24 09:51:28,063 - INFO - 📈 已处理301223 中荣股份 
2025-08-24 09:51:28,883 - INFO - 📈 已处理301225 恒勃股份 
2025-08-24 09:51:29,933 - INFO - 📈 已处理301226 祥明智能 
2025-08-24 09:51:31,742 - INFO - 📈 已处理301227 森鹰窗业 
2025-08-24 09:51:32,545 - INFO - 📈 已处理301228 实朴检测 
2025-08-24 09:51:37,028 - INFO - 📈 已处理301229 纽泰格 
2025-08-24 09:51:38,095 - INFO - 📈 已处理301230 泓博医药 
2025-08-24 09:51:39,573 - INFO - 📈 已处理301231 荣信文化 
2025-08-24 09:51:50,782 - INFO - 📈 已处理301232 飞沃科技 
2025-08-24 09:51:52,545 - INFO - 📈 已处理301233 盛帮股份 
2025-08-24 09:51:55,786 - INFO - 📈 已处理301234 五洲医疗 
2025-08-24 09:51:57,715 - INFO - 📈 已处理301235 华康洁净 
2025-08-24 09:51:58,862 - INFO - 📈 已处理301236 软通动力 
2025-08-24 09:52:02,535 - INFO - 📈 已处理301237 和顺科技 
2025-08-24 09:52:08,613 - INFO - 📈 已处理301238 瑞泰新材 
2025-08-24 09:52:21,104 - INFO - 📈 已处理301239 普瑞眼科 
2025-08-24 09:52:24,815 - INFO - 📈 已处理301246 宏源药业 
2025-08-24 09:52:30,967 - INFO - 📈 已处理301248 杰创智能 
2025-08-24 09:52:32,655 - INFO - 📈 已处理301251 威尔高 
2025-08-24 09:52:38,364 - INFO - 📈 已处理301252 同星科技 
2025-08-24 09:52:39,429 - INFO - 📈 已处理301255 通力科技 
2025-08-24 09:52:40,562 - INFO - 📈 已处理301256 华融化学 
2025-08-24 09:52:41,491 - INFO - 📈 已处理301257 普蕊斯 
2025-08-24 09:52:42,306 - INFO - 📈 已处理301258 富士莱 
2025-08-24 09:52:43,460 - INFO - 📈 已处理301259 艾布鲁 
2025-08-24 09:52:45,059 - INFO - 📈 已处理301260 格力博 
2025-08-24 09:52:47,860 - INFO - 📈 已处理301261 恒工精密 
2025-08-24 09:52:49,669 - INFO - 📈 已处理301262 海看股份 
2025-08-24 09:52:50,532 - INFO - 📈 已处理301263 泰恩康 
2025-08-24 09:52:50,532 - INFO - 📈 已处理 1800/4713 只股票，成功 1729 只
2025-08-24 09:52:52,302 - INFO - 📈 已处理301265 华新环保 
2025-08-24 09:52:53,143 - INFO - 📈 已处理301266 宇邦新材 
2025-08-24 09:52:54,067 - INFO - 📈 已处理301267 华厦眼科 
2025-08-24 09:52:54,861 - INFO - 📈 已处理301268 铭利达 
2025-08-24 09:52:56,882 - INFO - 📈 已处理301269 华大九天 
2025-08-24 09:52:57,897 - INFO - 📈 已处理301270 汉仪股份 
2025-08-24 09:52:58,755 - INFO - 📈 已处理301272 英华特 
2025-08-24 09:53:00,542 - INFO - 📈 已处理301273 瑞晨环保 
2025-08-24 09:53:01,598 - INFO - 📈 已处理301275 汉朔科技 
2025-08-24 09:53:03,268 - INFO - 📈 已处理301276 嘉曼服饰 
2025-08-24 09:53:05,110 - INFO - 📈 已处理301277 新天地 
2025-08-24 09:53:05,949 - INFO - 📈 已处理301278 快可电子 
2025-08-24 09:53:06,762 - INFO - 📈 已处理301279 金道科技 
2025-08-24 09:53:07,964 - INFO - 📈 已处理301280 珠城科技 
2025-08-24 09:53:09,148 - INFO - 📈 已处理301281 科源制药 
2025-08-24 09:53:13,026 - INFO - 📈 已处理301282 金禄电子 
2025-08-24 09:53:14,093 - INFO - 📈 已处理301283 聚胶股份 
2025-08-24 09:53:16,395 - INFO - 📈 已处理301285 鸿日达 
2025-08-24 09:53:17,216 - INFO - 📈 已处理301286 侨源股份 
2025-08-24 09:53:18,008 - INFO - 📈 已处理301287 康力源 
2025-08-24 09:53:19,130 - INFO - 📈 已处理301288 *ST清研 
2025-08-24 09:53:21,978 - INFO - 📈 已处理301289 国缆检测 
2025-08-24 09:53:22,782 - INFO - 📈 已处理301290 东星医疗 
2025-08-24 09:53:23,627 - INFO - 📈 已处理301291 明阳电气 
2025-08-24 09:53:26,186 - INFO - 📈 已处理301292 海科新源 
2025-08-24 09:53:28,477 - INFO - 📈 已处理301293 三博脑科 
2025-08-24 09:53:30,543 - INFO - 📈 已处理301295 美硕科技 
2025-08-24 09:53:31,849 - INFO - 📈 已处理301296 新巨丰 
2025-08-24 09:53:32,743 - INFO - 📈 已处理301297 富乐德 
2025-08-24 09:53:34,786 - INFO - 📈 已处理301298 东利机械 
2025-08-24 09:53:37,648 - INFO - 📈 已处理301299 卓创资讯 
2025-08-24 09:53:38,693 - INFO - 📈 已处理301300 远翔新材 
2025-08-24 09:53:41,949 - INFO - 📈 已处理301301 川宁生物 
2025-08-24 09:53:45,094 - INFO - 📈 已处理301302 华如科技 
2025-08-24 09:53:47,191 - INFO - 📈 已处理301303 真兰仪表 
2025-08-24 09:53:48,027 - INFO - 📈 已处理301305 朗坤科技 
2025-08-24 09:53:48,811 - INFO - 📈 已处理301306 西测测试 
2025-08-24 09:53:49,694 - INFO - 📈 已处理301307 美利信 
2025-08-24 09:53:50,955 - INFO - 📈 已处理301308 江波龙 
2025-08-24 09:53:51,781 - INFO - 📈 已处理301309 万得凯 
2025-08-24 09:53:53,158 - INFO - 📈 已处理301310 鑫宏业 
2025-08-24 09:53:53,990 - INFO - 📈 已处理301311 昆船智能 
2025-08-24 09:53:59,177 - INFO - 📈 已处理301312 智立方 
2025-08-24 09:54:01,777 - INFO - 📈 已处理301313 凡拓数创 
2025-08-24 09:54:05,588 - INFO - 📈 已处理301314 科瑞思 
2025-08-24 09:54:06,398 - INFO - 📈 已处理301315 威士顿 
2025-08-24 09:54:09,563 - INFO - 📈 已处理301316 慧博云通 
2025-08-24 09:54:10,740 - INFO - 📈 已处理301317 鑫磊股份 
2025-08-24 09:54:11,772 - INFO - 📈 已处理301318 维海德 
2025-08-24 09:54:12,573 - INFO - 📈 已处理301319 唯特偶 
2025-08-24 09:54:12,573 - INFO - 📈 已处理 1850/4713 只股票，成功 1779 只
2025-08-24 09:54:13,686 - INFO - 📈 已处理301320 豪江智能 
2025-08-24 09:54:15,064 - INFO - 📈 已处理301321 翰博高新 
2025-08-24 09:54:15,857 - INFO - 📈 已处理301322 绿通科技 
2025-08-24 09:54:17,532 - INFO - 📈 已处理301323 新莱福 
2025-08-24 09:54:19,827 - INFO - 📈 已处理301325 曼恩斯特 
2025-08-24 09:54:20,650 - INFO - 📈 已处理301326 捷邦科技 
2025-08-24 09:54:21,979 - INFO - 📈 已处理301327 华宝新能 
2025-08-24 09:54:24,373 - INFO - 📈 已处理301328 维峰电子 
2025-08-24 09:54:25,724 - INFO - 📈 已处理301329 信音电子 
2025-08-24 09:54:26,539 - INFO - 📈 已处理301330 熵基科技 
2025-08-24 09:54:27,356 - INFO - 📈 已处理301331 恩威医药 
2025-08-24 09:54:29,535 - INFO - 📈 已处理301332 德尔玛 
2025-08-24 09:54:30,569 - INFO - 📈 已处理301333 诺思格 
2025-08-24 09:54:31,381 - INFO - 📈 已处理301335 天元宠物 
2025-08-24 09:54:32,200 - INFO - 📈 已处理301336 趣睡科技 
2025-08-24 09:54:33,029 - INFO - 📈 已处理301337 亚华电子 
2025-08-24 09:54:34,082 - INFO - 📈 已处理301338 凯格精机 
2025-08-24 09:54:34,920 - INFO - 📈 已处理301339 通行宝 
2025-08-24 09:54:36,244 - INFO - 📈 已处理301345 涛涛车业 
2025-08-24 09:54:38,127 - INFO - 📈 已处理301348 蓝箭电子 
2025-08-24 09:54:41,243 - INFO - 📈 已处理301349 信德新材 
2025-08-24 09:54:43,700 - INFO - 📈 已处理301353 普莱得 
2025-08-24 09:54:45,243 - INFO - 📈 已处理301355 南王科技 
2025-08-24 09:55:47,393 - WARNING - ⚠️ 301356 天振股份 K线更新失败: HTTPSConnectionPool(host='push2his.eastmoney.com', port=443): Max retries exceeded with url: /api/qt/stock/kline/get?fields1=f1%2Cf2%2Cf3%2Cf4%2Cf5%2Cf6&fields2=f51%2Cf52%2Cf53%2Cf54%2Cf55%2Cf56%2Cf57%2Cf58%2Cf59%2Cf60%2Cf61%2Cf116&ut=7eea3edcaed734bea9cbfc24409ed989&klt=101&fqt=1&secid=0.301356&beg=20250817&end=20250824 (Caused by ProxyError('Unable to connect to proxy', RemoteDisconnected('Remote end closed connection without response')))
2025-08-24 09:55:49,732 - INFO - 📈 已处理301357 北方长龙 
2025-08-24 09:55:53,662 - INFO - 📈 已处理301358 湖南裕能 
2025-08-24 09:55:54,725 - INFO - 📈 已处理301359 东南电子 
2025-08-24 09:55:55,966 - INFO - 📈 已处理301360 荣旗科技 
2025-08-24 09:55:57,975 - INFO - 📈 已处理301361 众智科技 
2025-08-24 09:55:59,736 - INFO - 📈 已处理301362 民爆光电 
2025-08-24 09:56:01,285 - INFO - 📈 已处理301363 美好医疗 
2025-08-24 09:56:02,071 - INFO - 📈 已处理301365 矩阵股份 
2025-08-24 09:56:04,139 - INFO - 📈 已处理301366 一博科技 
2025-08-24 09:56:05,281 - INFO - 📈 已处理301367 瑞迈特 
2025-08-24 09:56:06,309 - INFO - 📈 已处理301368 丰立智能 
2025-08-24 09:56:07,146 - INFO - 📈 已处理301369 联动科技 
2025-08-24 09:56:08,174 - INFO - 📈 已处理301370 国科恒泰 
2025-08-24 09:56:10,221 - INFO - 📈 已处理301371 敷尔佳 
2025-08-24 09:56:11,094 - INFO - 📈 已处理301372 科净源 
2025-08-24 09:56:12,276 - INFO - 📈 已处理301373 凌玮科技 
2025-08-24 09:56:13,279 - INFO - 📈 已处理301376 致欧科技 
2025-08-24 09:56:15,090 - INFO - 📈 已处理301377 鼎泰高科 
2025-08-24 09:56:18,098 - INFO - 📈 已处理301378 通达海 
2025-08-24 09:56:19,158 - INFO - 📈 已处理301379 天山电子 
2025-08-24 09:56:21,007 - INFO - 📈 已处理301380 挖金客 
2025-08-24 09:56:23,958 - INFO - 📈 已处理301381 赛维时代 
2025-08-24 09:56:25,406 - INFO - 📈 已处理301382 蜂助手 
2025-08-24 09:56:26,484 - INFO - 📈 已处理301383 天键股份 
2025-08-24 09:56:27,556 - INFO - 📈 已处理301386 未来电器 
2025-08-24 09:56:29,384 - INFO - 📈 已处理301387 光大同创 
2025-08-24 09:56:29,384 - INFO - 📈 已处理 1900/4713 只股票，成功 1828 只
2025-08-24 09:56:30,180 - INFO - 📈 已处理301388 欣灵电气 
2025-08-24 09:56:30,996 - INFO - 📈 已处理301389 隆扬电子 
2025-08-24 09:56:32,209 - INFO - 📈 已处理301390 经纬股份 
2025-08-24 09:56:33,449 - INFO - 📈 已处理301391 卡莱特 
2025-08-24 09:56:34,627 - INFO - 📈 已处理301392 汇成真空 
2025-08-24 09:56:35,694 - INFO - 📈 已处理301393 昊帆生物 
2025-08-24 09:56:36,499 - INFO - 📈 已处理301395 仁信新材 
2025-08-24 09:56:37,314 - INFO - 📈 已处理301396 宏景科技 
2025-08-24 09:56:38,114 - INFO - 📈 已处理301397 溯联股份 
2025-08-24 09:56:38,915 - INFO - 📈 已处理301398 星源卓镁 
2025-08-24 09:56:39,896 - INFO - 📈 已处理301399 英特科技 
2025-08-24 09:56:41,175 - INFO - 📈 已处理301408 华人健康 
2025-08-24 09:56:42,336 - INFO - 📈 已处理301413 安培龙 
2025-08-24 09:56:43,403 - INFO - 📈 已处理301418 协昌科技 
2025-08-24 09:56:44,225 - INFO - 📈 已处理301419 阿莱德 
2025-08-24 09:56:45,054 - INFO - 📈 已处理301421 波长光电 
2025-08-24 09:56:45,859 - INFO - 📈 已处理301428 世纪恒通 
2025-08-24 09:56:46,985 - INFO - 📈 已处理301429 森泰股份 
2025-08-24 09:56:48,123 - INFO - 📈 已处理301439 泓淋电力 
2025-08-24 09:56:49,137 - INFO - 📈 已处理301446 福事特 
2025-08-24 09:56:49,949 - INFO - 📈 已处理301448 开创电气 
2025-08-24 09:56:52,461 - INFO - 📈 已处理301456 盘古智能 
2025-08-24 09:56:55,501 - INFO - 📈 已处理301458 钧崴电子 
2025-08-24 09:56:58,063 - INFO - 📈 已处理301459 丰茂股份 
2025-08-24 09:57:03,704 - INFO - 📈 已处理301468 博盈特焊 
2025-08-24 09:57:05,335 - INFO - 📈 已处理301469 恒达新材 
2025-08-24 09:57:11,656 - INFO - 📈 已处理301479 弘景光电 
2025-08-24 09:57:16,346 - INFO - 📈 已处理301486 致尚科技 
2025-08-24 09:57:25,642 - INFO - 📈 已处理301487 盟固利 
2025-08-24 09:57:31,408 - INFO - 📈 已处理301488 豪恩汽电 
2025-08-24 09:57:33,475 - INFO - 📈 已处理301489 思泉新材 
2025-08-24 09:57:38,073 - INFO - 📈 已处理301491 汉桑科技 
2025-08-24 09:57:40,693 - INFO - 📈 已处理301498 乖宝宠物 
2025-08-24 09:57:43,994 - INFO - 📈 已处理301499 维科精密 
2025-08-24 09:57:56,812 - INFO - 📈 已处理301500 飞南资源 
2025-08-24 09:58:08,086 - INFO - 📈 已处理301501 恒鑫生活 
2025-08-24 09:58:11,266 - INFO - 📈 已处理301502 华阳智能 
2025-08-24 09:58:26,782 - INFO - 📈 已处理301503 智迪科技 
2025-08-24 09:58:29,605 - INFO - 📈 已处理301505 苏州规划 
2025-08-24 09:58:36,576 - INFO - 📈 已处理301507 民生健康 
2025-08-24 09:58:38,102 - INFO - 📈 已处理301508 中机认检 
2025-08-24 09:59:53,252 - WARNING - ⚠️ 301509 金凯生科 K线更新失败: HTTPSConnectionPool(host='push2his.eastmoney.com', port=443): Max retries exceeded with url: /api/qt/stock/kline/get?fields1=f1%2Cf2%2Cf3%2Cf4%2Cf5%2Cf6&fields2=f51%2Cf52%2Cf53%2Cf54%2Cf55%2Cf56%2Cf57%2Cf58%2Cf59%2Cf60%2Cf61%2Cf116&ut=7eea3edcaed734bea9cbfc24409ed989&klt=101&fqt=1&secid=0.301509&beg=20250817&end=20250824 (Caused by SSLError(SSLError(5, '[SYS] unknown error (_ssl.c:2426)')))
2025-08-24 09:59:54,782 - INFO - 📈 已处理301510 固高科技 
2025-08-24 10:00:05,470 - INFO - 📈 已处理301511 德福科技 
2025-08-24 10:00:39,856 - INFO - 📈 已处理301512 智信精密 
2025-08-24 10:00:43,572 - INFO - 📈 已处理301515 港通医疗 
2025-08-24 10:00:56,100 - INFO - 📈 已处理301516 中远通 
2025-08-24 10:01:04,114 - INFO - 📈 已处理301518 长华化学 
2025-08-24 10:01:10,155 - INFO - 📈 已处理301519 舜禹股份 
2025-08-24 10:01:10,155 - INFO - 📈 已处理 1950/4713 只股票，成功 1876 只
2025-08-24 10:01:13,569 - INFO - 📈 已处理301520 万邦医药 
2025-08-24 10:01:23,087 - INFO - 📈 已处理301522 上大股份 
2025-08-24 10:01:24,558 - INFO - 📈 已处理301525 儒竞科技 
2025-08-24 10:01:25,721 - INFO - 📈 已处理301526 国际复材 
2025-08-24 10:01:58,879 - INFO - 📈 已处理301528 多浦乐 
2025-08-24 10:02:05,402 - INFO - 📈 已处理301529 福赛科技 
2025-08-24 10:02:12,115 - INFO - 📈 已处理301533 威马农机 
2025-08-24 10:02:13,665 - INFO - 📈 已处理301535 浙江华远 
2025-08-24 10:02:19,098 - INFO - 📈 已处理301536 星宸科技 
2025-08-24 10:02:20,650 - INFO - 📈 已处理301538 骏鼎达 
2025-08-24 10:02:23,154 - INFO - 📈 已处理301539 宏鑫科技 
2025-08-24 10:02:26,424 - INFO - 📈 已处理301548 崇德科技 
2025-08-24 10:02:27,522 - INFO - 📈 已处理301550 斯菱股份 
2025-08-24 10:02:32,467 - INFO - 📈 已处理301551 无线传媒 
2025-08-24 10:02:35,001 - INFO - 📈 已处理301552 科力装备 
2025-08-24 10:02:36,385 - INFO - 📈 已处理301555 惠柏新材 
2025-08-24 10:02:37,672 - INFO - 📈 已处理301556 托普云农 
2025-08-24 10:02:42,093 - INFO - 📈 已处理301557 常友科技 
2025-08-24 10:02:47,150 - INFO - 📈 已处理301558 三态股份 
2025-08-24 10:02:50,808 - INFO - 📈 已处理301559 中集环科 
2025-08-24 10:02:53,520 - INFO - 📈 已处理301560 众捷汽车 
2025-08-24 10:02:58,843 - INFO - 📈 已处理301565 中仑新材 
2025-08-24 10:03:00,810 - INFO - 📈 已处理301566 达利凯普 
2025-08-24 10:03:02,707 - INFO - 📈 已处理301567 贝隆精密 
2025-08-24 10:03:23,191 - INFO - 📈 已处理301568 思泰克 
2025-08-24 10:03:25,272 - INFO - 📈 已处理301571 国科天成 
2025-08-24 10:03:34,138 - INFO - 📈 已处理301577 美信科技 
2025-08-24 10:03:36,203 - INFO - 📈 已处理301578 辰奕智能 
2025-08-24 10:03:38,576 - INFO - 📈 已处理301580 爱迪特 
2025-08-24 10:03:41,034 - INFO - 📈 已处理301581 黄山谷捷 
2025-08-24 10:03:54,310 - INFO - 📈 已处理301585 蓝宇股份 
2025-08-24 10:03:55,916 - INFO - 📈 已处理301586 佳力奇 
2025-08-24 10:04:02,028 - INFO - 📈 已处理301587 中瑞股份 
2025-08-24 10:04:03,232 - INFO - 📈 已处理301588 美新科技 
2025-08-24 10:04:04,046 - INFO - 📈 已处理301589 诺瓦星云 
2025-08-24 10:04:05,072 - INFO - 📈 已处理301590 优优绿能 
2025-08-24 10:04:06,214 - INFO - 📈 已处理301591 肯特股份 
2025-08-24 10:04:08,073 - INFO - 📈 已处理301592 六九一二 
2025-08-24 10:04:15,231 - INFO - 📈 已处理301595 太力科技 
2025-08-24 10:04:16,100 - INFO - 📈 已处理301596 瑞迪智驱 
2025-08-24 10:04:16,954 - INFO - 📈 已处理301598 博科测试 
2025-08-24 10:04:19,316 - INFO - 📈 已处理301600 慧翰股份 
2025-08-24 10:04:20,383 - INFO - 📈 已处理301601 惠通科技 
2025-08-24 10:04:21,455 - INFO - 📈 已处理301602 超研股份 
2025-08-24 10:04:22,294 - INFO - 📈 已处理301603 乔锋智能 
2025-08-24 10:04:24,006 - INFO - 📈 已处理301606 绿联科技 
2025-08-24 10:04:24,844 - INFO - 📈 已处理301607 富特科技 
2025-08-24 10:04:25,655 - INFO - 📈 已处理301608 博实结 
2025-08-24 10:04:29,147 - INFO - 📈 已处理301609 山大电力 
2025-08-24 10:04:30,293 - INFO - 📈 已处理301611 珂玛科技 
2025-08-24 10:04:30,293 - INFO - 📈 已处理 2000/4713 只股票，成功 1926 只
2025-08-24 10:04:31,308 - INFO - 📈 已处理301613 新铝时代 
2025-08-24 10:04:32,426 - INFO - 📈 已处理301616 浙江华业 
2025-08-24 10:04:35,838 - INFO - 📈 已处理301617 博苑股份 
2025-08-24 10:04:36,677 - INFO - 📈 已处理301618 长联科技 
2025-08-24 10:04:37,728 - INFO - 📈 已处理301622 英思特 
2025-08-24 10:04:38,935 - INFO - 📈 已处理301626 苏州天脉 
2025-08-24 10:04:39,888 - INFO - 📈 已处理301628 强达电路 
2025-08-24 10:04:41,685 - INFO - 📈 已处理301629 矽电股份 
2025-08-24 10:04:42,743 - INFO - 📈 已处理301630 同宇新材 
2025-08-24 10:04:45,137 - INFO - 📈 已处理301631 壹连科技 
2025-08-24 10:04:47,260 - INFO - 📈 已处理301632 广东建科 
2025-08-24 10:04:54,421 - INFO - 📈 已处理301633 港迪技术 
2025-08-24 10:04:56,306 - INFO - 📈 已处理301636 泽润新能 
2025-08-24 10:04:57,489 - INFO - 📈 已处理301658 首航新能 
2025-08-24 10:04:58,878 - INFO - 📈 已处理301662 宏工科技 
2025-08-24 10:05:00,018 - INFO - 📈 已处理301665 泰禾股份 
2025-08-24 10:05:00,856 - INFO - 📈 已处理301678 新恒汇 
2025-08-24 10:05:01,673 - INFO - 📈 已处理302132 中航成飞 
2025-08-24 10:05:02,474 - INFO - 📈 已处理430017 星昊医药 
2025-08-24 10:05:03,463 - INFO - 📈 已处理430047 诺思兰德 
2025-08-24 10:05:05,389 - INFO - 📈 已处理430090 同辉信息 
2025-08-24 10:05:14,264 - INFO - 📈 已处理430139 华岭股份 
2025-08-24 10:05:17,398 - INFO - 📈 已处理430198 微创光电 
2025-08-24 10:05:19,480 - INFO - 📈 已处理430300 辰光医疗 
2025-08-24 10:05:41,798 - INFO - 📈 已处理430418 苏轴股份 
2025-08-24 10:05:45,680 - INFO - 📈 已处理430425 乐创技术 
2025-08-24 10:05:46,777 - INFO - 📈 已处理430476 海能技术 
2025-08-24 10:05:48,599 - INFO - 📈 已处理430478 峆一药业 
2025-08-24 10:06:57,846 - WARNING - ⚠️ 430510 丰光精密 K线更新失败: HTTPSConnectionPool(host='push2his.eastmoney.com', port=443): Max retries exceeded with url: /api/qt/stock/kline/get?fields1=f1%2Cf2%2Cf3%2Cf4%2Cf5%2Cf6&fields2=f51%2Cf52%2Cf53%2Cf54%2Cf55%2Cf56%2Cf57%2Cf58%2Cf59%2Cf60%2Cf61%2Cf116&ut=7eea3edcaed734bea9cbfc24409ed989&klt=101&fqt=1&secid=0.430510&beg=20250817&end=20250824 (Caused by SSLError(SSLEOFError(8, '[SSL: UNEXPECTED_EOF_WHILE_READING] EOF occurred in violation of protocol (_ssl.c:1007)')))
2025-08-24 10:07:04,275 - INFO - 📈 已处理430556 雅达股份 
2025-08-24 10:07:06,932 - INFO - 📈 已处理430564 天润科技 
2025-08-24 10:07:14,215 - INFO - 📈 已处理430685 新芝生物 
2025-08-24 10:07:16,730 - INFO - 📈 已处理430718 合肥高科 
2025-08-24 10:07:22,594 - INFO - 📈 已处理600000 浦发银行 
2025-08-24 10:08:31,693 - INFO - 📈 已处理600004 白云机场 
2025-08-24 10:08:36,455 - INFO - 📈 已处理600006 东风股份 
2025-08-24 10:08:38,929 - INFO - 📈 已处理600007 中国国贸 
2025-08-24 10:08:40,823 - INFO - 📈 已处理600008 首创环保 
2025-08-24 10:08:41,626 - INFO - 📈 已处理600009 上海机场 
2025-08-24 10:08:44,419 - INFO - 📈 已处理600010 包钢股份 
2025-08-24 10:08:46,998 - INFO - 📈 已处理600011 华能国际 
2025-08-24 10:08:48,067 - INFO - 📈 已处理600012 皖通高速 
2025-08-24 10:08:49,343 - INFO - 📈 已处理600015 华夏银行 
2025-08-24 10:08:50,505 - INFO - 📈 已处理600016 民生银行 
2025-08-24 10:08:52,304 - INFO - 📈 已处理600017 日照港 
2025-08-24 10:08:54,183 - INFO - 📈 已处理600018 上港集团 
2025-08-24 10:08:54,183 - INFO - 📈 已处理 2050/4713 只股票，成功 1971 只
2025-08-24 10:08:55,029 - INFO - 📈 已处理600019 宝钢股份 
2025-08-24 10:08:55,830 - INFO - 📈 已处理600020 中原高速 
2025-08-24 10:08:56,903 - INFO - 📈 已处理600021 上海电力 
2025-08-24 10:08:58,246 - INFO - 📈 已处理600022 山东钢铁 
2025-08-24 10:09:01,041 - INFO - 📈 已处理600023 浙能电力 
2025-08-24 10:09:02,116 - INFO - 📈 已处理600025 华能水电 
2025-08-24 10:09:03,052 - INFO - 📈 已处理600026 中远海能 
2025-08-24 10:09:04,107 - INFO - 📈 已处理600027 华电国际 
2025-08-24 10:09:05,197 - INFO - 📈 已处理600028 中国石化 
2025-08-24 10:09:06,028 - INFO - 📈 已处理600029 南方航空 
2025-08-24 10:09:09,502 - INFO - 📈 已处理600030 中信证券 
2025-08-24 10:09:10,714 - INFO - 📈 已处理600031 三一重工 
2025-08-24 10:09:12,374 - INFO - 📈 已处理600032 浙江新能 
2025-08-24 10:09:13,452 - INFO - 📈 已处理600033 福建高速 
2025-08-24 10:09:14,264 - INFO - 📈 已处理600035 楚天高速 
2025-08-24 10:09:15,055 - INFO - 📈 已处理600036 招商银行 
2025-08-24 10:09:16,088 - INFO - 📈 已处理600037 歌华有线 
2025-08-24 10:09:16,906 - INFO - 📈 已处理600038 中直股份 
2025-08-24 10:09:18,038 - INFO - 📈 已处理600039 四川路桥 
2025-08-24 10:09:19,846 - INFO - 📈 已处理600048 保利发展 
2025-08-24 10:09:22,706 - INFO - 📈 已处理600050 中国联通 
2025-08-24 10:09:23,763 - INFO - 📈 已处理600051 宁波联合 
2025-08-24 10:09:24,840 - INFO - 📈 已处理600052 东望时代 
2025-08-24 10:09:25,633 - INFO - 📈 已处理600053 九鼎投资 
2025-08-24 10:09:27,143 - INFO - 📈 已处理600054 黄山旅游 
2025-08-24 10:09:27,948 - INFO - 📈 已处理600055 万东医疗 
2025-08-24 10:09:28,746 - INFO - 📈 已处理600056 中国医药 
2025-08-24 10:09:29,765 - INFO - 📈 已处理600057 厦门象屿 
2025-08-24 10:09:35,266 - INFO - 📈 已处理600058 五矿发展 
2025-08-24 10:09:38,514 - INFO - 📈 已处理600059 古越龙山 
2025-08-24 10:09:39,810 - INFO - 📈 已处理600060 海信视像 
2025-08-24 10:09:44,551 - INFO - 📈 已处理600061 国投资本 
2025-08-24 10:09:47,118 - INFO - 📈 已处理600062 华润双鹤 
2025-08-24 10:09:51,147 - INFO - 📈 已处理600063 皖维高新 
2025-08-24 10:09:53,584 - INFO - 📈 已处理600064 南京高科 
2025-08-24 10:10:01,435 - WARNING - ⚠️ 600066 宇通客车 K线更新失败: ('Connection aborted.', ConnectionResetError(10054, '远程主机强迫关闭了一个现有的连接。', None, 10054, None))
2025-08-24 10:11:04,384 - WARNING - ⚠️ 600067 冠城新材 K线更新失败: HTTPSConnectionPool(host='push2his.eastmoney.com', port=443): Max retries exceeded with url: /api/qt/stock/kline/get?fields1=f1%2Cf2%2Cf3%2Cf4%2Cf5%2Cf6&fields2=f51%2Cf52%2Cf53%2Cf54%2Cf55%2Cf56%2Cf57%2Cf58%2Cf59%2Cf60%2Cf61%2Cf116&ut=7eea3edcaed734bea9cbfc24409ed989&klt=101&fqt=1&secid=1.600067&beg=20250817&end=20250824 (Caused by SSLError(SSLEOFError(8, '[SSL: UNEXPECTED_EOF_WHILE_READING] EOF occurred in violation of protocol (_ssl.c:1007)')))
2025-08-24 10:11:40,703 - INFO - 📈 已处理600071 凤凰光学 
2025-08-24 10:11:43,646 - INFO - 📈 已处理600072 中船科技 
2025-08-24 10:11:45,535 - INFO - 📈 已处理600073 光明肉业 
2025-08-24 10:12:24,566 - INFO - 📈 已处理600075 新疆天业 
2025-08-24 10:12:28,294 - INFO - 📈 已处理600076 康欣新材 
2025-08-24 10:12:45,754 - INFO - 📈 已处理600078 澄星股份 
2025-08-24 10:12:50,500 - INFO - 📈 已处理600079 人福医药 
2025-08-24 10:12:50,500 - INFO - 📈 已处理 2100/4713 只股票，成功 2013 只
2025-08-24 10:12:59,506 - INFO - 📈 已处理600080 金花股份 
2025-08-24 10:13:01,778 - INFO - 📈 已处理600081 东风科技 
2025-08-24 10:13:09,038 - INFO - 📈 已处理600082 海泰发展 
2025-08-24 10:13:22,271 - INFO - 📈 已处理600084 中信尼雅 
2025-08-24 10:13:26,168 - INFO - 📈 已处理600085 同仁堂 
2025-08-24 10:13:38,003 - INFO - 📈 已处理600088 中视传媒 
2025-08-24 10:13:45,951 - INFO - 📈 已处理600089 特变电工 
2025-08-24 10:14:15,275 - INFO - 📈 已处理600094 大名城 
2025-08-24 10:14:28,989 - INFO - 📈 已处理600095 湘财股份 
2025-08-24 10:14:33,593 - INFO - 📈 已处理600096 云天化 
2025-08-24 10:14:35,071 - INFO - 📈 已处理600097 开创国际 
2025-08-24 10:14:36,123 - INFO - 📈 已处理600098 广州发展 
2025-08-24 10:14:36,979 - INFO - 📈 已处理600099 林海股份 
2025-08-24 10:14:38,114 - INFO - 📈 已处理600100 同方股份 
2025-08-24 10:14:38,919 - INFO - 📈 已处理600101 明星电力 
2025-08-24 10:14:41,172 - INFO - 📈 已处理600103 青山纸业 
2025-08-24 10:14:42,922 - INFO - 📈 已处理600104 上汽集团 
2025-08-24 10:14:44,092 - INFO - 📈 已处理600105 永鼎股份 
2025-08-24 10:14:46,821 - INFO - 📈 已处理600106 重庆路桥 
2025-08-24 10:14:47,879 - INFO - 📈 已处理600107 ST尔雅 
2025-08-24 10:14:48,688 - INFO - 📈 已处理600108 亚盛集团 
2025-08-24 10:14:49,510 - INFO - 📈 已处理600109 国金证券 
2025-08-24 10:14:50,313 - INFO - 📈 已处理600110 诺德股份 
2025-08-24 10:14:51,367 - INFO - 📈 已处理600111 北方稀土 
2025-08-24 10:14:53,400 - INFO - 📈 已处理600113 浙江东日 
2025-08-24 10:14:55,253 - INFO - 📈 已处理600114 东睦股份 
2025-08-24 10:14:56,915 - INFO - 📈 已处理600115 中国东航 
2025-08-24 10:14:57,934 - INFO - 📈 已处理600116 三峡水利 
2025-08-24 10:14:58,771 - INFO - 📈 已处理600117 西宁特钢 
2025-08-24 10:14:59,656 - INFO - 📈 已处理600118 中国卫星 
2025-08-24 10:15:01,485 - INFO - 📈 已处理600119 长江投资 
2025-08-24 10:15:02,368 - INFO - 📈 已处理600120 浙江东方 
2025-08-24 10:15:03,187 - INFO - 📈 已处理600121 郑州煤电 
2025-08-24 10:15:04,939 - INFO - 📈 已处理600123 兰花科创 
2025-08-24 10:15:06,167 - INFO - 📈 已处理600125 铁龙物流 
2025-08-24 10:15:09,544 - INFO - 📈 已处理600126 杭钢股份 
2025-08-24 10:15:10,351 - INFO - 📈 已处理600127 金健米业 
2025-08-24 10:15:11,692 - INFO - 📈 已处理600128 苏豪弘业 
2025-08-24 10:15:12,787 - INFO - 📈 已处理600129 太极集团 
2025-08-24 10:15:15,750 - INFO - 📈 已处理600130 *ST波导 
2025-08-24 10:15:15,750 - INFO - 📈 已处理 2150/4713 只股票，成功 2053 只
2025-08-24 10:15:16,816 - INFO - 📈 已处理600131 国网信通 
2025-08-24 10:15:17,620 - INFO - 📈 已处理600132 重庆啤酒 
2025-08-24 10:15:19,610 - INFO - 📈 已处理600133 东湖高新 
2025-08-24 10:15:20,414 - INFO - 📈 已处理600135 乐凯胶片 
2025-08-24 10:15:21,596 - INFO - 📈 已处理600136 ST明诚 
2025-08-24 10:15:22,699 - INFO - 📈 已处理600137 浪莎股份 
2025-08-24 10:15:23,838 - INFO - 📈 已处理600138 中青旅 
2025-08-24 10:15:26,266 - INFO - 📈 已处理600141 兴发集团 
2025-08-24 10:15:28,161 - INFO - 📈 已处理600143 金发科技 
2025-08-24 10:15:48,190 - INFO - 📈 已处理600148 长春一东 
2025-08-24 10:15:51,054 - INFO - 📈 已处理600149 廊坊发展 
2025-08-24 10:16:31,405 - INFO - 📈 已处理600150 中国船舶 
2025-08-24 10:16:34,499 - INFO - 📈 已处理600151 航天机电 
2025-08-24 10:16:41,462 - INFO - 📈 已处理600152 维科技术 
2025-08-24 10:16:43,692 - INFO - 📈 已处理600153 建发股份 
2025-08-24 10:16:45,450 - INFO - 📈 已处理600155 华创云信 
2025-08-24 10:17:05,361 - INFO - 📈 已处理600156 华升股份 
2025-08-24 10:17:14,915 - INFO - 📈 已处理600157 永泰能源 
2025-08-24 10:17:16,210 - INFO - 📈 已处理600158 中体产业 
2025-08-24 10:18:19,110 - WARNING - ⚠️ 600159 大龙地产 K线更新失败: HTTPSConnectionPool(host='push2his.eastmoney.com', port=443): Max retries exceeded with url: /api/qt/stock/kline/get?fields1=f1%2Cf2%2Cf3%2Cf4%2Cf5%2Cf6&fields2=f51%2Cf52%2Cf53%2Cf54%2Cf55%2Cf56%2Cf57%2Cf58%2Cf59%2Cf60%2Cf61%2Cf116&ut=7eea3edcaed734bea9cbfc24409ed989&klt=101&fqt=1&secid=1.600159&beg=20250817&end=20250824 (Caused by SSLError(SSLEOFError(8, '[SSL: UNEXPECTED_EOF_WHILE_READING] EOF occurred in violation of protocol (_ssl.c:1007)')))
2025-08-24 10:18:20,686 - INFO - 📈 已处理600160 巨化股份 
2025-08-24 10:19:22,558 - WARNING - ⚠️ 600161 天坛生物 K线更新失败: HTTPSConnectionPool(host='push2his.eastmoney.com', port=443): Max retries exceeded with url: /api/qt/stock/kline/get?fields1=f1%2Cf2%2Cf3%2Cf4%2Cf5%2Cf6&fields2=f51%2Cf52%2Cf53%2Cf54%2Cf55%2Cf56%2Cf57%2Cf58%2Cf59%2Cf60%2Cf61%2Cf116&ut=7eea3edcaed734bea9cbfc24409ed989&klt=101&fqt=1&secid=1.600161&beg=20250817&end=20250824 (Caused by ProxyError('Unable to connect to proxy', RemoteDisconnected('Remote end closed connection without response')))
2025-08-24 10:19:23,628 - INFO - 📈 已处理600162 香江控股 
2025-08-24 10:19:24,422 - INFO - 📈 已处理600163 中闽能源 
2025-08-24 10:19:25,344 - INFO - 📈 已处理600165 ST宁科 
2025-08-24 10:19:28,234 - INFO - 📈 已处理600166 福田汽车 
2025-08-24 10:19:30,917 - INFO - 📈 已处理600167 联美控股 
2025-08-24 10:19:32,043 - INFO - 📈 已处理600168 武汉控股 
2025-08-24 10:19:35,130 - INFO - 📈 已处理600169 太原重工 
2025-08-24 10:19:35,929 - INFO - 📈 已处理600170 上海建工 
2025-08-24 10:19:37,569 - INFO - 📈 已处理600171 上海贝岭 
2025-08-24 10:19:38,663 - INFO - 📈 已处理600172 黄河旋风 
2025-08-24 10:19:39,657 - INFO - 📈 已处理600173 卧龙新能 
2025-08-24 10:19:42,444 - INFO - 📈 已处理600176 中国巨石 
2025-08-24 10:19:44,427 - INFO - 📈 已处理600177 雅戈尔 
2025-08-24 10:19:47,820 - INFO - 📈 已处理600178 东安动力 
2025-08-24 10:19:51,064 - INFO - 📈 已处理600179 安通控股 
2025-08-24 10:19:52,085 - INFO - 📈 已处理600180 瑞茂通 
2025-08-24 10:19:53,681 - INFO - 📈 已处理600182 S佳通 
2025-08-24 10:19:54,481 - INFO - 📈 已处理600183 生益科技 
2025-08-24 10:19:55,269 - INFO - 📈 已处理600184 光电股份 
2025-08-24 10:19:57,109 - INFO - 📈 已处理600185 珠免集团 
2025-08-24 10:19:58,291 - INFO - 📈 已处理600186 莲花控股 
2025-08-24 10:20:05,868 - INFO - 📈 已处理600187 国中水务 
2025-08-24 10:20:09,644 - INFO - 📈 已处理600188 兖矿能源 
2025-08-24 10:20:09,644 - INFO - 📈 已处理 2200/4713 只股票，成功 2096 只
2025-08-24 10:20:11,575 - INFO - 📈 已处理600189 泉阳泉 
2025-08-24 10:20:18,966 - INFO - 📈 已处理600191 华资实业 
2025-08-24 10:20:19,793 - INFO - 📈 已处理600192 长城电工 
2025-08-24 10:20:20,675 - INFO - 📈 已处理600193 *ST创兴 
2025-08-24 10:20:22,996 - INFO - 📈 已处理600195 中牧股份 
2025-08-24 10:20:24,843 - INFO - 📈 已处理600196 复星医药 
2025-08-24 10:20:36,051 - INFO - 📈 已处理600197 伊力特 
2025-08-24 10:20:38,518 - INFO - 📈 已处理600198 大唐电信 
2025-08-24 10:20:43,972 - INFO - 📈 已处理600199 金种子酒 
2025-08-24 10:20:49,509 - INFO - 📈 已处理600200 *ST苏吴 
2025-08-24 10:21:16,890 - INFO - 📈 已处理600201 生物股份 
2025-08-24 10:21:22,936 - INFO - 📈 已处理600202 哈空调 
2025-08-24 10:21:24,996 - INFO - 📈 已处理600203 福日电子 
2025-08-24 10:21:30,488 - INFO - 📈 已处理600206 有研新材 
2025-08-24 10:21:34,701 - INFO - 📈 已处理600207 安彩高科 
2025-08-24 10:21:36,894 - INFO - 📈 已处理600208 衢州发展 
2025-08-24 10:21:38,524 - INFO - 📈 已处理600210 紫江企业 
2025-08-24 10:21:40,449 - INFO - 📈 已处理600211 西藏药业 
2025-08-24 10:21:41,471 - INFO - 📈 已处理600212 绿能慧充 
2025-08-24 10:21:43,826 - INFO - 📈 已处理600215 派斯林 
2025-08-24 10:21:46,090 - INFO - 📈 已处理600216 浙江医药 
2025-08-24 10:21:47,218 - INFO - 📈 已处理600217 中再资环 
2025-08-24 10:21:48,030 - INFO - 📈 已处理600218 全柴动力 
2025-08-24 10:21:48,855 - INFO - 📈 已处理600219 南山铝业 
2025-08-24 10:21:50,463 - INFO - 📈 已处理600221 海航控股 
2025-08-24 10:21:51,590 - INFO - 📈 已处理600222 太龙药业 
2025-08-24 10:21:52,383 - INFO - 📈 已处理600223 福瑞达 
2025-08-24 10:21:55,252 - INFO - 📈 已处理600226 亨通股份 
2025-08-24 10:21:56,118 - INFO - 📈 已处理600227 赤天化 
2025-08-24 10:21:57,227 - INFO - 📈 已处理600228 *ST返利 
2025-08-24 10:22:02,396 - INFO - 📈 已处理600229 城市传媒 
2025-08-24 10:22:03,571 - INFO - 📈 已处理600230 沧州大化 
2025-08-24 10:22:04,392 - INFO - 📈 已处理600231 凌钢股份 
2025-08-24 10:22:05,768 - INFO - 📈 已处理600232 金鹰股份 
2025-08-24 10:22:06,563 - INFO - 📈 已处理600233 圆通速递 
2025-08-24 10:22:07,762 - INFO - 📈 已处理600234 科新发展 
2025-08-24 10:22:08,561 - INFO - 📈 已处理600235 民丰特纸 
2025-08-24 10:22:20,922 - INFO - 📈 已处理600236 桂冠电力 
2025-08-24 10:22:22,723 - INFO - 📈 已处理600237 铜峰电子 
2025-08-24 10:22:24,823 - INFO - 📈 已处理600238 *ST椰岛 
2025-08-24 10:22:25,737 - INFO - 📈 已处理600239 云南城投 
2025-08-24 10:22:28,597 - INFO - 📈 已处理600241 时代万恒 
2025-08-24 10:22:30,439 - INFO - 📈 已处理600243 *ST海华 
2025-08-24 10:22:31,775 - INFO - 📈 已处理600246 万通发展 
2025-08-24 10:22:35,913 - INFO - 📈 已处理600248 陕建股份 
2025-08-24 10:22:39,896 - INFO - 📈 已处理600249 XD两面针 
2025-08-24 10:22:41,999 - INFO - 📈 已处理600250 南京商旅 
2025-08-24 10:22:44,892 - INFO - 📈 已处理600251 冠农股份 
2025-08-24 10:22:51,285 - INFO - 📈 已处理600252 中恒集团 
2025-08-24 10:23:15,617 - INFO - 📈 已处理600255 鑫科材料 
2025-08-24 10:23:17,532 - INFO - 📈 已处理600256 广汇能源 
2025-08-24 10:23:26,679 - INFO - 📈 已处理600257 大湖股份 
2025-08-24 10:23:44,492 - INFO - 📈 已处理600258 首旅酒店 
2025-08-24 10:23:45,564 - INFO - 📈 已处理600259 广晟有色 
2025-08-24 10:23:48,431 - INFO - 📈 已处理600261 阳光照明 
2025-08-24 10:23:49,813 - INFO - 📈 已处理600262 北方股份 
2025-08-24 10:23:53,529 - INFO - 📈 已处理600265 ST景谷 
2025-08-24 10:23:54,398 - INFO - 📈 已处理600266 城建发展 
2025-08-24 10:23:57,626 - INFO - 📈 已处理600267 海正药业 
2025-08-24 10:23:58,728 - INFO - 📈 已处理600268 国电南自 
2025-08-24 10:23:59,795 - INFO - 📈 已处理600269 赣粤高速 
2025-08-24 10:24:02,059 - INFO - 📈 已处理600271 航天信息 
2025-08-24 10:24:03,816 - INFO - 📈 已处理600272 开开实业 
2025-08-24 10:24:05,044 - INFO - 📈 已处理600273 嘉化能源 
2025-08-24 10:24:08,436 - INFO - 📈 已处理600276 恒瑞医药 
2025-08-24 10:24:11,275 - INFO - 📈 已处理600278 东方创业 
2025-08-24 10:24:13,113 - INFO - 📈 已处理600279 重庆港 
2025-08-24 10:24:14,472 - INFO - 📈 已处理600280 中央商场 
2025-08-24 10:24:15,257 - INFO - 📈 已处理600281 华阳新材 
2025-08-24 10:24:16,459 - INFO - 📈 已处理600282 南钢股份 
2025-08-24 10:24:19,687 - INFO - 📈 已处理600283 钱江水利 
2025-08-24 10:24:20,501 - INFO - 📈 已处理600284 浦东建设 
2025-08-24 10:24:21,285 - INFO - 📈 已处理600285 羚锐制药 
2025-08-24 10:24:24,289 - INFO - 📈 已处理600287 江苏舜天 
2025-08-24 10:24:28,311 - INFO - 📈 已处理600288 大恒科技 
2025-08-24 10:24:31,594 - INFO - 📈 已处理600289 ST信通 
2025-08-24 10:24:39,332 - INFO - 📈 已处理600292 远达环保 
2025-08-24 10:24:42,510 - INFO - 📈 已处理600293 三峡新材 
2025-08-24 10:24:45,134 - INFO - 📈 已处理600295 鄂尔多斯 
2025-08-24 10:24:54,399 - INFO - 📈 已处理600298 安琪酵母 
2025-08-24 10:24:54,399 - INFO - 📈 已处理 2300/4713 只股票，成功 2176 只
2025-08-24 10:24:56,086 - INFO - 📈 已处理600299 安迪苏 
2025-08-24 10:25:02,082 - INFO - 📈 已处理600300 维维股份 
2025-08-24 10:25:03,646 - INFO - 📈 已处理600301 华锡有色 
2025-08-24 10:25:05,160 - INFO - 📈 已处理600302 标准股份 
2025-08-24 10:25:12,903 - INFO - 📈 已处理600303 曙光股份 
2025-08-24 10:25:14,502 - INFO - 📈 已处理600305 恒顺醋业 
2025-08-24 10:25:18,839 - INFO - 📈 已处理600307 酒钢宏兴 
2025-08-24 10:25:26,012 - INFO - 📈 已处理600308 华泰股份 
2025-08-24 10:27:18,922 - WARNING - ⚠️ 600309 万华化学 K线更新失败: HTTPSConnectionPool(host='push2his.eastmoney.com', port=443): Max retries exceeded with url: /api/qt/stock/kline/get?fields1=f1%2Cf2%2Cf3%2Cf4%2Cf5%2Cf6&fields2=f51%2Cf52%2Cf53%2Cf54%2Cf55%2Cf56%2Cf57%2Cf58%2Cf59%2Cf60%2Cf61%2Cf116&ut=7eea3edcaed734bea9cbfc24409ed989&klt=101&fqt=1&secid=1.600309&beg=20250817&end=20250824 (Caused by SSLError(SSLError(5, '[SYS] unknown error (_ssl.c:2426)')))
2025-08-24 10:27:27,162 - INFO - 📈 已处理600310 广西能源 
2025-08-24 10:27:41,811 - INFO - 📈 已处理600312 平高电气 
2025-08-24 10:27:44,041 - INFO - 📈 已处理600313 农发种业 
2025-08-24 10:27:45,290 - INFO - 📈 已处理600315 上海家化 
2025-08-24 10:27:51,607 - INFO - 📈 已处理600316 洪都航空 
2025-08-24 10:28:03,592 - INFO - 📈 已处理600318 新力金融 
2025-08-24 10:28:06,422 - INFO - 📈 已处理600319 亚星化学 
2025-08-24 10:28:10,603 - INFO - 📈 已处理600320 振华重工 
2025-08-24 10:28:19,290 - INFO - 📈 已处理600322 津投城开 
2025-08-24 10:28:21,900 - INFO - 📈 已处理600323 瀚蓝环境 
2025-08-24 10:28:37,473 - INFO - 📈 已处理600325 华发股份 
2025-08-24 10:28:42,041 - INFO - 📈 已处理600326 西藏天路 
2025-08-24 10:28:48,279 - INFO - 📈 已处理600327 大东方 
2025-08-24 10:28:55,013 - INFO - 📈 已处理600328 中盐化工 
2025-08-24 10:29:10,936 - INFO - 📈 已处理600329 达仁堂 
2025-08-24 10:29:19,561 - INFO - 📈 已处理600330 天通股份 
2025-08-24 10:29:29,751 - INFO - 📈 已处理600331 宏达股份 
2025-08-24 10:29:32,204 - INFO - 📈 已处理600332 白云山 
2025-08-24 10:29:33,567 - INFO - 📈 已处理600333 长春燃气 
2025-08-24 10:29:34,380 - INFO - 📈 已处理600335 国机汽车 
2025-08-24 10:29:35,830 - INFO - 📈 已处理600336 澳柯玛 
2025-08-24 10:29:36,960 - INFO - 📈 已处理600337 美克家居 
2025-08-24 10:29:39,827 - INFO - 📈 已处理600338 西藏珠峰 
2025-08-24 10:29:42,932 - INFO - 📈 已处理600339 中油工程 
2025-08-24 10:29:45,279 - INFO - 📈 已处理600340 华夏幸福 
2025-08-24 10:29:46,638 - INFO - 📈 已处理600343 航天动力 
2025-08-24 10:29:47,810 - INFO - 📈 已处理600345 长江通信 
2025-08-24 10:29:50,957 - INFO - 📈 已处理600346 恒力石化 
2025-08-24 10:29:53,070 - INFO - 📈 已处理600348 华阳股份 
2025-08-24 10:29:56,146 - INFO - 📈 已处理600350 山东高速 
2025-08-24 10:30:00,331 - INFO - 📈 已处理600351 亚宝药业 
2025-08-24 10:30:02,558 - INFO - 📈 已处理600352 浙江龙盛 
2025-08-24 10:30:07,908 - INFO - 📈 已处理600353 旭光电子 
2025-08-24 10:30:08,992 - INFO - 📈 已处理600354 敦煌种业 
2025-08-24 10:30:13,197 - INFO - 📈 已处理600355 *ST精伦 
2025-08-24 10:30:14,019 - INFO - 📈 已处理600356 恒丰纸业 
2025-08-24 10:30:15,901 - INFO - 📈 已处理600358 ST联合 
2025-08-24 10:30:17,056 - INFO - 📈 已处理600359 新农开发 
2025-08-24 10:30:19,326 - INFO - 📈 已处理600360 *ST华微 
2025-08-24 10:30:21,184 - INFO - 📈 已处理600361 创新新材 
2025-08-24 10:30:23,190 - INFO - 📈 已处理600362 江西铜业 
2025-08-24 10:30:26,431 - INFO - 📈 已处理600363 联创光电 
2025-08-24 10:30:27,696 - INFO - 📈 已处理600365 ST通葡 
2025-08-24 10:30:28,662 - INFO - 📈 已处理600366 宁波韵升 
2025-08-24 10:30:29,695 - INFO - 📈 已处理600367 红星发展 
2025-08-24 10:30:31,829 - INFO - 📈 已处理600368 五洲交通 
2025-08-24 10:30:33,934 - INFO - 📈 已处理600369 西南证券 
2025-08-24 10:30:37,281 - INFO - 📈 已处理600370 三房巷 
2025-08-24 10:30:39,855 - INFO - 📈 已处理600371 万向德农 
2025-08-24 10:30:40,901 - INFO - 📈 已处理600372 中航机载 
2025-08-24 10:31:16,830 - INFO - 📈 已处理600373 中文传媒 
2025-08-24 10:31:33,880 - INFO - 📈 已处理600375 汉马科技 
2025-08-24 10:32:27,596 - INFO - 📈 已处理600376 首开股份 
2025-08-24 10:32:30,413 - INFO - 📈 已处理600377 宁沪高速 
2025-08-24 10:32:35,568 - INFO - 📈 已处理600378 昊华科技 
2025-08-24 10:32:36,755 - INFO - 📈 已处理600379 宝光股份 
2025-08-24 10:32:38,483 - INFO - 📈 已处理600380 健康元 
2025-08-24 10:32:40,934 - INFO - 📈 已处理600381 *ST春天 
2025-08-24 10:32:42,355 - INFO - 📈 已处理600382 广东明珠 
2025-08-24 10:32:43,580 - INFO - 📈 已处理600383 金地集团 
2025-08-24 10:32:48,716 - INFO - 📈 已处理600386 北巴传媒 
2025-08-24 10:32:51,283 - INFO - 📈 已处理600388 龙净环保 
2025-08-24 10:32:53,827 - INFO - 📈 已处理600389 江山股份 
2025-08-24 10:32:56,426 - INFO - 📈 已处理600390 五矿资本 
2025-08-24 10:32:57,918 - INFO - 📈 已处理600391 航发科技 
2025-08-24 10:32:59,150 - INFO - 📈 已处理600392 盛和资源 
2025-08-24 10:33:02,007 - INFO - 📈 已处理600395 盘江股份 
2025-08-24 10:33:04,551 - INFO - 📈 已处理600396 华电辽能 
2025-08-24 10:33:07,156 - INFO - 📈 已处理600397 安源煤业 
2025-08-24 10:33:08,161 - INFO - 📈 已处理600398 海澜之家 
2025-08-24 10:33:10,553 - INFO - 📈 已处理600399 抚顺特钢 
2025-08-24 10:33:12,620 - INFO - 📈 已处理600400 红豆股份 
2025-08-24 10:33:15,984 - INFO - 📈 已处理600403 大有能源 
2025-08-24 10:33:16,961 - INFO - 📈 已处理600405 动力源 
2025-08-24 10:33:18,186 - INFO - 📈 已处理600406 国电南瑞 
2025-08-24 10:33:19,818 - INFO - 📈 已处理600408 安泰集团 
2025-08-24 10:33:22,108 - INFO - 📈 已处理600409 三友化工 
2025-08-24 10:33:23,645 - INFO - 📈 已处理600410 华胜天成 
2025-08-24 10:33:26,257 - INFO - 📈 已处理600415 小商品城 
2025-08-24 10:33:27,225 - INFO - 📈 已处理600416 湘电股份 
2025-08-24 10:33:28,378 - INFO - 📈 已处理600418 江淮汽车 
2025-08-24 10:33:29,352 - INFO - 📈 已处理600419 天润乳业 
2025-08-24 10:33:29,352 - INFO - 📈 已处理 2400/4713 只股票，成功 2266 只
2025-08-24 10:33:31,851 - INFO - 📈 已处理600420 国药现代 
2025-08-24 10:33:32,843 - INFO - 📈 已处理600421 *ST华嵘 
2025-08-24 10:33:34,947 - INFO - 📈 已处理600422 昆药集团 
2025-08-24 10:33:36,245 - INFO - 📈 已处理600423 柳化股份 
2025-08-24 10:33:38,201 - INFO - 📈 已处理600425 青松建化 
2025-08-24 10:33:40,025 - INFO - 📈 已处理600426 华鲁恒升 
2025-08-24 10:33:41,072 - INFO - 📈 已处理600428 中远海特 
2025-08-24 10:33:41,926 - INFO - 📈 已处理600429 三元股份 
2025-08-24 10:33:43,823 - INFO - 📈 已处理600433 冠豪高新 
2025-08-24 10:33:45,706 - INFO - 📈 已处理600435 北方导航 
2025-08-24 10:33:47,572 - INFO - 📈 已处理600436 片仔癀 
2025-08-24 10:33:49,500 - INFO - 📈 已处理600438 通威股份 
2025-08-24 10:33:50,544 - INFO - 📈 已处理600439 瑞贝卡 
2025-08-24 10:33:51,353 - INFO - 📈 已处理600444 国机通用 
2025-08-24 10:33:52,727 - INFO - 📈 已处理600446 金证股份 
2025-08-24 10:33:55,001 - INFO - 📈 已处理600448 华纺股份 
2025-08-24 10:33:55,799 - INFO - 📈 已处理600449 宁夏建材 
2025-08-24 10:33:57,630 - INFO - 📈 已处理600452 涪陵电力 
2025-08-24 10:33:59,171 - INFO - 📈 已处理600455 博通股份 
2025-08-24 10:34:01,013 - INFO - 📈 已处理600456 宝钛股份 
2025-08-24 10:34:01,801 - INFO - 📈 已处理600458 时代新材 
2025-08-24 10:34:07,001 - INFO - 📈 已处理600459 贵研铂业 
2025-08-24 10:34:15,102 - INFO - 📈 已处理600460 士兰微 
2025-08-24 10:34:17,447 - INFO - 📈 已处理600461 洪城环境 
2025-08-24 10:34:20,740 - INFO - 📈 已处理600463 空港股份 
2025-08-24 10:34:27,451 - INFO - 📈 已处理600467 好当家 
2025-08-24 10:34:28,522 - INFO - 📈 已处理600468 百利电气 
2025-08-24 10:34:29,852 - INFO - 📈 已处理600469 风神股份 
2025-08-24 10:34:32,691 - INFO - 📈 已处理600470 六国化工 
2025-08-24 10:34:35,705 - INFO - 📈 已处理600475 华光环能 
2025-08-24 10:34:36,910 - INFO - 📈 已处理600476 湘邮科技 
2025-08-24 10:34:37,993 - INFO - 📈 已处理600477 杭萧钢构 
2025-08-24 10:34:40,905 - INFO - 📈 已处理600478 科力远 
2025-08-24 10:34:41,748 - INFO - 📈 已处理600479 千金药业 
2025-08-24 10:34:45,782 - INFO - 📈 已处理600480 凌云股份 
2025-08-24 10:34:46,571 - INFO - 📈 已处理600481 双良节能 
2025-08-24 10:34:48,992 - INFO - 📈 已处理600482 中国动力 
2025-08-24 10:34:49,804 - INFO - 📈 已处理600483 福能股份 
2025-08-24 10:34:52,204 - INFO - 📈 已处理600486 扬农化工 
2025-08-24 10:34:53,021 - INFO - 📈 已处理600487 亨通光电 
2025-08-24 10:34:53,816 - INFO - 📈 已处理600488 津药药业 
2025-08-24 10:34:56,183 - INFO - 📈 已处理600489 中金黄金 
2025-08-24 10:34:57,018 - INFO - 📈 已处理600490 鹏欣资源 
2025-08-24 10:34:59,715 - INFO - 📈 已处理600491 龙元建设 
2025-08-24 10:35:01,521 - INFO - 📈 已处理600493 凤竹纺织 
2025-08-24 10:35:01,521 - INFO - 📈 已处理 2450/4713 只股票，成功 2311 只
2025-08-24 10:35:04,777 - INFO - 📈 已处理600495 晋西车轴 
2025-08-24 10:35:05,617 - INFO - 📈 已处理600496 精工钢构 
2025-08-24 10:35:06,411 - INFO - 📈 已处理600497 驰宏锌锗 
2025-08-24 10:35:09,163 - INFO - 📈 已处理600498 烽火通信 
2025-08-24 10:35:10,851 - INFO - 📈 已处理600499 科达制造 
2025-08-24 10:35:11,672 - INFO - 📈 已处理600500 中化国际 
2025-08-24 10:35:12,937 - INFO - 📈 已处理600501 航天晨光 
2025-08-24 10:35:14,098 - INFO - 📈 已处理600502 安徽建工 
2025-08-24 10:35:15,156 - INFO - 📈 已处理600503 华丽家族 
2025-08-24 10:35:15,976 - INFO - 📈 已处理600505 西昌电力 
2025-08-24 10:35:18,195 - INFO - 📈 已处理600506 统一股份 
2025-08-24 10:35:19,125 - INFO - 📈 已处理600507 方大特钢 
2025-08-24 10:35:20,951 - INFO - 📈 已处理600508 上海能源 
2025-08-24 10:35:26,181 - INFO - 📈 已处理600509 天富能源 
2025-08-24 10:35:28,074 - INFO - 📈 已处理600510 黑牡丹 
2025-08-24 10:35:28,975 - INFO - 📈 已处理600511 国药股份 
2025-08-24 10:35:30,031 - INFO - 📈 已处理600512 腾达建设 
2025-08-24 10:35:31,113 - INFO - 📈 已处理600513 联环药业 
2025-08-24 10:35:32,682 - INFO - 📈 已处理600515 海南机场 
2025-08-24 10:35:33,484 - INFO - 📈 已处理600516 方大炭素 
2025-08-24 10:35:34,288 - INFO - 📈 已处理600517 国网英大 
2025-08-24 10:35:35,090 - INFO - 📈 已处理600518 康美药业 
2025-08-24 10:35:36,888 - INFO - 📈 已处理600519 贵州茅台 
2025-08-24 10:35:37,692 - INFO - 📈 已处理600520 三佳科技 
2025-08-24 10:35:39,542 - INFO - 📈 已处理600521 华海药业 
2025-08-24 10:35:46,445 - INFO - 📈 已处理600522 中天科技 
2025-08-24 10:36:15,800 - INFO - 📈 已处理600523 贵航股份 
2025-08-24 10:36:18,480 - INFO - 📈 已处理600525 ST长园 
2025-08-24 10:36:24,041 - INFO - 📈 已处理600526 菲达环保 
2025-08-24 10:36:25,077 - INFO - 📈 已处理600527 江南高纤 
2025-08-24 10:36:26,710 - INFO - 📈 已处理600528 中铁工业 
2025-08-24 10:36:29,637 - INFO - 📈 已处理600529 山东药玻 
2025-08-24 10:36:34,145 - INFO - 📈 已处理600530 交大昂立 
2025-08-24 10:36:37,760 - INFO - 📈 已处理600531 豫光金铅 
2025-08-24 10:36:41,275 - INFO - 📈 已处理600533 栖霞建设 
2025-08-24 10:36:47,026 - INFO - 📈 已处理600535 天士力 
2025-08-24 10:36:50,762 - INFO - 📈 已处理600536 中国软件 
2025-08-24 10:37:00,640 - INFO - 📈 已处理600537 亿晶光电 
2025-08-24 10:37:10,945 - INFO - 📈 已处理600538 国发股份 
2025-08-24 10:37:19,269 - INFO - 📈 已处理600539 狮头股份 
2025-08-24 10:37:36,182 - INFO - 📈 已处理600540 新赛股份 
2025-08-24 10:37:41,221 - INFO - 📈 已处理600543 莫高股份 
2025-08-24 10:37:53,078 - INFO - 📈 已处理600545 卓郎智能 
2025-08-24 10:37:55,056 - INFO - 📈 已处理600546 山煤国际 
2025-08-24 10:37:55,850 - INFO - 📈 已处理600547 山东黄金 
2025-08-24 10:37:56,649 - INFO - 📈 已处理600548 深高速 
2025-08-24 10:37:57,701 - INFO - 📈 已处理600549 厦门钨业 
2025-08-24 10:37:59,560 - INFO - 📈 已处理600550 保变电气 
2025-08-24 10:38:04,935 - INFO - 📈 已处理600551 时代出版 
2025-08-24 10:38:04,935 - INFO - 📈 已处理 2500/4713 只股票，成功 2360 只
2025-08-24 10:38:07,015 - INFO - 📈 已处理600552 凯盛科技 
2025-08-24 10:38:09,646 - INFO - 📈 已处理600556 天下秀 
2025-08-24 10:38:11,800 - INFO - 📈 已处理600557 康缘药业 
2025-08-24 10:38:13,628 - INFO - 📈 已处理600558 大西洋 
2025-08-24 10:38:15,451 - INFO - 📈 已处理600559 老白干酒 
2025-08-24 10:38:16,482 - INFO - 📈 已处理600560 金自天正 
2025-08-24 10:38:18,295 - INFO - 📈 已处理600561 江西长运 
2025-08-24 10:38:19,946 - INFO - 📈 已处理600562 国睿科技 
2025-08-24 10:38:21,341 - INFO - 📈 已处理600563 法拉电子 
2025-08-24 10:38:23,918 - INFO - 📈 已处理600566 济川药业 
2025-08-24 10:38:26,360 - INFO - 📈 已处理600567 山鹰国际 
2025-08-24 10:38:27,692 - INFO - 📈 已处理600568 ST中珠 
2025-08-24 10:38:28,502 - INFO - 📈 已处理600569 安阳钢铁 
2025-08-24 10:38:29,347 - INFO - 📈 已处理600570 恒生电子 
2025-08-24 10:38:30,755 - INFO - 📈 已处理600571 信雅达 
2025-08-24 10:38:31,607 - INFO - 📈 已处理600572 康恩贝 
2025-08-24 10:38:32,873 - INFO - 📈 已处理600573 惠泉啤酒 
2025-08-24 10:38:38,713 - INFO - 📈 已处理600575 淮河能源 
2025-08-24 10:38:40,188 - INFO - 📈 已处理600576 祥源文旅 
2025-08-24 10:38:42,777 - INFO - 📈 已处理600577 精达股份 
2025-08-24 10:38:44,024 - INFO - 📈 已处理600578 京能电力 
2025-08-24 10:38:44,826 - INFO - 📈 已处理600579 中化装备 
2025-08-24 10:38:47,116 - INFO - 📈 已处理600580 卧龙电驱 
2025-08-24 10:38:48,289 - INFO - 📈 已处理600581 八一钢铁 
2025-08-24 10:38:49,361 - INFO - 📈 已处理600582 天地科技 
2025-08-24 10:38:53,124 - INFO - 📈 已处理600583 海油工程 
2025-08-24 10:38:55,035 - INFO - 📈 已处理600584 长电科技 
2025-08-24 10:38:58,610 - INFO - 📈 已处理600585 海螺水泥 
2025-08-24 10:38:59,774 - INFO - 📈 已处理600586 金晶科技 
2025-08-24 10:39:00,850 - INFO - 📈 已处理600587 新华医疗 
2025-08-24 10:39:02,793 - INFO - 📈 已处理600588 用友网络 
2025-08-24 10:39:03,857 - INFO - 📈 已处理600589 大位科技 
2025-08-24 10:39:04,655 - INFO - 📈 已处理600590 泰豪科技 
2025-08-24 10:39:10,847 - INFO - 📈 已处理600592 龙溪股份 
2025-08-24 10:39:11,678 - INFO - 📈 已处理600593 大连圣亚 
2025-08-24 10:39:12,962 - INFO - 📈 已处理600594 益佰制药 
2025-08-24 10:39:14,366 - INFO - 📈 已处理600595 中孚实业 
2025-08-24 10:39:15,157 - INFO - 📈 已处理600596 新安股份 
2025-08-24 10:39:23,725 - INFO - 📈 已处理600597 光明乳业 
2025-08-24 10:39:24,978 - INFO - 📈 已处理600598 北大荒 
2025-08-24 10:39:28,786 - INFO - 📈 已处理600599 *ST熊猫 
2025-08-24 10:39:29,728 - INFO - 📈 已处理600600 青岛啤酒 
2025-08-24 10:39:32,336 - INFO - 📈 已处理600601 方正科技 
2025-08-24 10:39:34,305 - INFO - 📈 已处理600602 云赛智联 
2025-08-24 10:39:36,148 - INFO - 📈 已处理600603 ST广物 
2025-08-24 10:39:36,939 - INFO - 📈 已处理600604 市北高新 
2025-08-24 10:39:36,939 - INFO - 📈 已处理 2550/4713 只股票，成功 2406 只
2025-08-24 10:39:39,845 - INFO - 📈 已处理600605 汇通能源 
2025-08-24 10:39:41,653 - INFO - 📈 已处理600606 绿地控股 
2025-08-24 10:39:44,343 - INFO - 📈 已处理600608 *ST沪科 
2025-08-24 10:39:45,802 - INFO - 📈 已处理600609 金杯汽车 
2025-08-24 10:39:46,316 - WARNING - ⚠️ 600610 中毅达 K线更新失败: ('Connection aborted.', ConnectionAbortedError(10053, '你的主机中的软件中止了一个已建立的连接。', None, 10053, None))
2025-08-24 10:39:46,826 - WARNING - ⚠️ 600611 大众交通 K线更新失败: ('Connection aborted.', ConnectionAbortedError(10053, '你的主机中的软件中止了一个已建立的连接。', None, 10053, None))
2025-08-24 10:39:47,333 - WARNING - ⚠️ 600612 老凤祥 K线更新失败: ('Connection aborted.', ConnectionAbortedError(10053, '你的主机中的软件中止了一个已建立的连接。', None, 10053, None))
2025-08-24 10:39:47,846 - WARNING - ⚠️ 600613 神奇制药 K线更新失败: ('Connection aborted.', ConnectionAbortedError(10053, '你的主机中的软件中止了一个已建立的连接。', None, 10053, None))
2025-08-24 10:39:48,357 - WARNING - ⚠️ 600614 退市鹏起 K线更新失败: ('Connection aborted.', ConnectionAbortedError(10053, '你的主机中的软件中止了一个已建立的连接。', None, 10053, None))
2025-08-24 11:15:24,549 - WARNING - ⚠️ 600615 丰华股份 K线更新失败: ('Connection aborted.', ConnectionAbortedError(10053, '你的主机中的软件中止了一个已建立的连接。', None, 10053, None))
2025-08-24 11:15:25,065 - WARNING - ⚠️ 600616 金枫酒业 K线更新失败: ('Connection aborted.', ConnectionAbortedError(10053, '你的主机中的软件中止了一个已建立的连接。', None, 10053, None))
2025-08-24 11:15:25,570 - WARNING - ⚠️ 600617 国新能源 K线更新失败: ('Connection aborted.', ConnectionAbortedError(10053, '你的主机中的软件中止了一个已建立的连接。', None, 10053, None))
2025-08-24 11:15:26,081 - WARNING - ⚠️ 600618 氯碱化工 K线更新失败: ('Connection aborted.', ConnectionResetError(10054, '远程主机强迫关闭了一个现有的连接。', None, 10054, None))
2025-08-24 11:15:26,609 - WARNING - ⚠️ 600619 海立股份 K线更新失败: ('Connection aborted.', ConnectionResetError(10054, '远程主机强迫关闭了一个现有的连接。', None, 10054, None))
2025-08-24 11:15:27,130 - WARNING - ⚠️ 600620 天宸股份 K线更新失败: ('Connection aborted.', ConnectionResetError(10054, '远程主机强迫关闭了一个现有的连接。', None, 10054, None))
2025-08-24 11:15:32,544 - WARNING - ⚠️ 600621 华鑫股份 K线更新失败: ('Connection aborted.', ConnectionResetError(10054, '远程主机强迫关闭了一个现有的连接。', None, 10054, None))
2025-08-24 11:15:34,681 - INFO - 📈 已处理600622 光大嘉宝 
2025-08-24 11:15:37,426 - INFO - 📈 已处理600623 华谊集团 
2025-08-24 11:15:38,871 - INFO - 📈 已处理600624 复旦复华 
2025-08-24 11:15:42,044 - INFO - 📈 已处理600626 申达股份 
2025-08-24 11:15:45,951 - INFO - 📈 已处理600628 新世界 
2025-08-24 11:15:46,895 - INFO - 📈 已处理600629 华建集团 
2025-08-24 11:15:47,811 - INFO - 📈 已处理600630 龙头股份 
2025-08-24 11:15:52,362 - INFO - 📈 已处理600633 浙数文化 
2025-08-24 11:15:55,175 - INFO - 📈 已处理600635 大众公用 
2025-08-24 11:15:56,099 - INFO - 📈 已处理600636 *ST国化 
2025-08-24 11:15:57,065 - INFO - 📈 已处理600637 东方明珠 
2025-08-24 11:15:58,242 - INFO - 📈 已处理600638 新黄浦 
2025-08-24 11:15:59,982 - INFO - 📈 已处理600639 浦东金桥 
2025-08-24 11:16:05,327 - INFO - 📈 已处理600640 国脉文化 
2025-08-24 11:16:11,241 - INFO - 📈 已处理600641 万业企业 
2025-08-24 11:16:13,423 - INFO - 📈 已处理600642 申能股份 
2025-08-24 11:16:27,569 - INFO - 📈 已处理600643 爱建集团 
2025-08-24 11:16:31,266 - INFO - 📈 已处理600644 乐山电力 
2025-08-24 11:16:39,324 - INFO - 📈 已处理600645 中源协和 
2025-08-24 11:17:56,754 - WARNING - ⚠️ 600647 退市同达 K线更新失败: HTTPSConnectionPool(host='push2his.eastmoney.com', port=443): Max retries exceeded with url: /api/qt/stock/kline/get?fields1=f1%2Cf2%2Cf3%2Cf4%2Cf5%2Cf6&fields2=f51%2Cf52%2Cf53%2Cf54%2Cf55%2Cf56%2Cf57%2Cf58%2Cf59%2Cf60%2Cf61%2Cf116&ut=7eea3edcaed734bea9cbfc24409ed989&klt=101&fqt=1&secid=1.600647&beg=20250817&end=20250824 (Caused by SSLError(SSLEOFError(8, '[SSL: UNEXPECTED_EOF_WHILE_READING] EOF occurred in violation of protocol (_ssl.c:1007)')))
2025-08-24 11:17:59,820 - INFO - 📈 已处理600648 外高桥 
2025-08-24 11:18:04,990 - INFO - 📈 已处理600649 城投控股 
2025-08-24 11:18:11,441 - INFO - 📈 已处理600650 锦江在线 
2025-08-24 11:18:25,376 - INFO - 📈 已处理600651 飞乐音响 
2025-08-24 11:18:29,794 - INFO - 📈 已处理600653 申华控股 
2025-08-24 11:18:33,168 - INFO - 📈 已处理600654 中安科 
2025-08-24 11:18:33,168 - INFO - 📈 已处理 2600/4713 只股票，成功 2435 只
2025-08-24 11:18:35,563 - INFO - 📈 已处理600655 豫园股份 
2025-08-24 11:18:40,913 - INFO - 📈 已处理600657 信达地产 
2025-08-24 11:18:53,290 - INFO - 📈 已处理600658 电子城 
2025-08-24 11:19:04,927 - INFO - 📈 已处理600660 福耀玻璃 
2025-08-24 11:19:09,447 - INFO - 📈 已处理600661 昂立教育 
2025-08-24 11:19:10,921 - INFO - 📈 已处理600662 外服控股 
2025-08-24 11:19:14,073 - INFO - 📈 已处理600663 陆家嘴 
2025-08-24 11:19:18,434 - INFO - 📈 已处理600664 哈药股份 
2025-08-24 11:19:19,551 - INFO - 📈 已处理600665 天地源 
2025-08-24 11:19:21,066 - INFO - 📈 已处理600666 奥瑞德 
2025-08-24 11:19:27,841 - INFO - 📈 已处理600667 太极实业 
2025-08-24 11:19:30,183 - INFO - 📈 已处理600668 尖峰集团 
2025-08-24 11:23:00,979 - WARNING - ⚠️ 600671 天目药业 K线更新失败: HTTPSConnectionPool(host='push2his.eastmoney.com', port=443): Max retries exceeded with url: /api/qt/stock/kline/get?fields1=f1%2Cf2%2Cf3%2Cf4%2Cf5%2Cf6&fields2=f51%2Cf52%2Cf53%2Cf54%2Cf55%2Cf56%2Cf57%2Cf58%2Cf59%2Cf60%2Cf61%2Cf116&ut=7eea3edcaed734bea9cbfc24409ed989&klt=101&fqt=1&secid=1.600671&beg=20250817&end=20250824 (Caused by SSLError(SSLEOFError(8, '[SSL: UNEXPECTED_EOF_WHILE_READING] EOF occurred in violation of protocol (_ssl.c:1007)')))
2025-08-24 11:23:10,614 - INFO - 📈 已处理600673 东阳光 
2025-08-24 11:23:13,444 - INFO - 📈 已处理600674 川投能源 
2025-08-24 11:23:25,077 - INFO - 📈 已处理600675 中华企业 
2025-08-24 11:23:28,367 - INFO - 📈 已处理600676 交运股份 
2025-08-24 11:24:10,175 - INFO - 📈 已处理600678 四川金顶 
2025-08-24 11:24:12,993 - INFO - 📈 已处理600679 上海凤凰 
2025-08-24 11:24:28,346 - INFO - 📈 已处理600681 百川能源 
2025-08-24 11:24:33,217 - INFO - 📈 已处理600682 南京新百 
2025-08-24 11:24:41,127 - WARNING - ⚠️ 600683 京投发展 K线更新失败: HTTPSConnectionPool(host='push2his.eastmoney.com', port=443): Max retries exceeded with url: /api/qt/stock/kline/get?fields1=f1%2Cf2%2Cf3%2Cf4%2Cf5%2Cf6&fields2=f51%2Cf52%2Cf53%2Cf54%2Cf55%2Cf56%2Cf57%2Cf58%2Cf59%2Cf60%2Cf61%2Cf116&ut=7eea3edcaed734bea9cbfc24409ed989&klt=101&fqt=1&secid=1.600683&beg=20250817&end=20250824 (Caused by SSLError(SSLEOFError(8, '[SSL: UNEXPECTED_EOF_WHILE_READING] EOF occurred in violation of protocol (_ssl.c:1007)')))
2025-08-24 11:24:51,821 - INFO - 📈 已处理600684 珠江股份 
2025-08-24 11:24:58,099 - INFO - 📈 已处理600685 中船防务 
2025-08-24 11:26:05,967 - WARNING - ⚠️ 600686 金龙汽车 K线更新失败: HTTPSConnectionPool(host='push2his.eastmoney.com', port=443): Max retries exceeded with url: /api/qt/stock/kline/get?fields1=f1%2Cf2%2Cf3%2Cf4%2Cf5%2Cf6&fields2=f51%2Cf52%2Cf53%2Cf54%2Cf55%2Cf56%2Cf57%2Cf58%2Cf59%2Cf60%2Cf61%2Cf116&ut=7eea3edcaed734bea9cbfc24409ed989&klt=101&fqt=1&secid=1.600686&beg=20250817&end=20250824 (Caused by SSLError(SSLError(5, '[SYS] unknown error (_ssl.c:2426)')))
2025-08-24 11:26:09,847 - INFO - 📈 已处理600688 上海石化 
2025-08-24 11:26:12,365 - INFO - 📈 已处理600689 上海三毛 
2025-08-24 11:26:13,891 - INFO - 📈 已处理600690 海尔智家 
2025-08-24 11:26:14,693 - INFO - 📈 已处理600691 阳煤化工 
2025-08-24 11:26:17,957 - INFO - 📈 已处理600692 亚通股份 
2025-08-24 11:26:19,151 - INFO - 📈 已处理600693 东百集团 
2025-08-24 11:26:20,770 - INFO - 📈 已处理600694 大商股份 
2025-08-24 11:26:25,903 - INFO - 📈 已处理600696 *ST岩石 
2025-08-24 11:26:27,546 - INFO - 📈 已处理600697 欧亚集团 
2025-08-24 11:26:29,883 - INFO - 📈 已处理600698 湖南天雁 
2025-08-24 11:26:30,693 - INFO - 📈 已处理600699 均胜电子 
2025-08-24 11:26:33,926 - INFO - 📈 已处理600702 舍得酒业 
2025-08-24 11:26:34,792 - INFO - 📈 已处理600703 三安光电 
2025-08-24 11:26:35,587 - INFO - 📈 已处理600704 物产中大 
2025-08-24 11:26:35,587 - INFO - 📈 已处理 2650/4713 只股票，成功 2471 只
2025-08-24 11:26:37,606 - INFO - 📈 已处理600706 曲江文旅 
2025-08-24 11:26:39,670 - INFO - 📈 已处理600707 彩虹股份 
2025-08-24 11:26:40,480 - INFO - 📈 已处理600708 光明地产 
2025-08-24 11:26:42,634 - INFO - 📈 已处理600710 苏美达 
2025-08-24 11:26:47,666 - INFO - 📈 已处理600711 盛屯矿业 
2025-08-24 11:26:48,658 - INFO - 📈 已处理600712 南宁百货 
2025-08-24 11:26:49,450 - INFO - 📈 已处理600713 南京医药 
2025-08-24 11:26:50,702 - INFO - 📈 已处理600714 金瑞矿业 
2025-08-24 11:26:52,885 - INFO - 📈 已处理600715 文投控股 
2025-08-24 11:26:53,721 - INFO - 📈 已处理600716 凤凰股份 
2025-08-24 11:26:56,504 - INFO - 📈 已处理600717 天津港 
2025-08-24 11:26:57,703 - INFO - 📈 已处理600718 东软集团 
2025-08-24 11:26:58,534 - INFO - 📈 已处理600719 大连热电 
2025-08-24 11:26:59,337 - INFO - 📈 已处理600720 XD中交设 
2025-08-24 11:27:00,227 - INFO - 📈 已处理600721 百花医药 
2025-08-24 11:27:02,046 - INFO - 📈 已处理600722 金牛化工 
2025-08-24 11:27:06,143 - INFO - 📈 已处理600724 宁波富达 
2025-08-24 11:27:07,650 - INFO - 📈 已处理600725 云维股份 
2025-08-24 11:27:08,827 - INFO - 📈 已处理600726 华电能源 
2025-08-24 11:27:13,209 - INFO - 📈 已处理600727 鲁北化工 
2025-08-24 11:27:14,915 - INFO - 📈 已处理600728 佳都科技 
2025-08-24 11:27:16,059 - INFO - 📈 已处理600729 重庆百货 
2025-08-24 11:27:17,158 - INFO - 📈 已处理600730 中国高科 
2025-08-24 11:27:18,285 - INFO - 📈 已处理600731 湖南海利 
2025-08-24 11:27:19,650 - INFO - 📈 已处理600732 爱旭股份 
2025-08-24 11:27:21,203 - INFO - 📈 已处理600733 北汽蓝谷 
2025-08-24 11:27:22,224 - INFO - 📈 已处理600734 实达集团 
2025-08-24 11:27:23,035 - INFO - 📈 已处理600735 新华锦 
2025-08-24 11:27:26,593 - INFO - 📈 已处理600736 苏州高新 
2025-08-24 11:27:27,388 - INFO - 📈 已处理600737 中粮糖业 
2025-08-24 11:27:28,682 - INFO - 📈 已处理600738 丽尚国潮 
2025-08-24 11:27:29,667 - INFO - 📈 已处理600739 辽宁成大 
2025-08-24 11:27:32,464 - INFO - 📈 已处理600740 山西焦化 
2025-08-24 11:27:44,348 - INFO - 📈 已处理600741 华域汽车 
2025-08-24 11:27:45,989 - INFO - 📈 已处理600742 富维股份 
2025-08-24 11:27:47,105 - INFO - 📈 已处理600743 华远控股 
2025-08-24 11:27:48,305 - INFO - 📈 已处理600744 华银电力 
2025-08-24 11:27:50,373 - INFO - 📈 已处理600745 闻泰科技 
2025-08-24 11:28:01,982 - INFO - 📈 已处理600746 江苏索普 
2025-08-24 11:28:05,300 - INFO - 📈 已处理600748 上实发展 
2025-08-24 11:28:07,134 - INFO - 📈 已处理600749 西藏旅游 
2025-08-24 11:28:07,950 - INFO - 📈 已处理600750 江中药业 
2025-08-24 11:28:08,867 - INFO - 📈 已处理600751 海航科技 
2025-08-24 11:28:17,662 - INFO - 📈 已处理600753 *ST海钦 
2025-08-24 11:28:19,978 - INFO - 📈 已处理600754 锦江酒店 
2025-08-24 11:28:19,978 - INFO - 📈 已处理 2700/4713 只股票，成功 2516 只
2025-08-24 11:28:25,726 - INFO - 📈 已处理600755 厦门国贸 
2025-08-24 11:28:35,955 - INFO - 📈 已处理600756 浪潮软件 
2025-08-24 11:29:15,391 - INFO - 📈 已处理600757 长江传媒 
2025-08-24 12:29:43,367 - WARNING - ⚠️ 600758 辽宁能源 K线更新失败: HTTPSConnectionPool(host='push2his.eastmoney.com', port=443): Max retries exceeded with url: /api/qt/stock/kline/get?fields1=f1%2Cf2%2Cf3%2Cf4%2Cf5%2Cf6&fields2=f51%2Cf52%2Cf53%2Cf54%2Cf55%2Cf56%2Cf57%2Cf58%2Cf59%2Cf60%2Cf61%2Cf116&ut=7eea3edcaed734bea9cbfc24409ed989&klt=101&fqt=1&secid=1.600758&beg=20250817&end=20250824 (Caused by SSLError(SSLEOFError(8, '[SSL: UNEXPECTED_EOF_WHILE_READING] EOF occurred in violation of protocol (_ssl.c:1007)')))
2025-08-24 12:29:47,850 - INFO - 📈 已处理600759 洲际油气 
2025-08-24 12:29:49,385 - INFO - 📈 已处理600760 中航沈飞 
2025-08-24 12:29:52,556 - INFO - 📈 已处理600761 安徽合力 
2025-08-24 12:30:07,080 - INFO - 📈 已处理600763 通策医疗 
2025-08-24 12:30:11,254 - INFO - 📈 已处理600764 中国海防 
2025-08-24 12:30:44,175 - INFO - 📈 已处理600765 中航重机 
2025-08-24 12:31:13,999 - INFO - 📈 已处理600768 宁波富邦 
2025-08-24 12:31:18,499 - INFO - 📈 已处理600769 祥龙电业 
2025-08-24 12:31:55,500 - INFO - 📈 已处理600770 综艺股份 
2025-08-24 12:32:01,920 - INFO - 📈 已处理600771 广誉远 
2025-08-24 12:32:04,477 - INFO - 📈 已处理600773 西藏城投 
2025-08-24 12:32:10,236 - INFO - 📈 已处理600774 汉商集团 
2025-08-24 12:32:12,941 - INFO - 📈 已处理600775 南京熊猫 
2025-08-24 12:32:13,985 - INFO - 📈 已处理600776 东方通信 
2025-08-24 12:32:17,693 - INFO - 📈 已处理600777 *ST新潮 
2025-08-24 12:32:19,176 - INFO - 📈 已处理600778 友好集团 
2025-08-24 12:32:20,488 - INFO - 📈 已处理600779 水井坊 
2025-08-24 12:32:23,667 - INFO - 📈 已处理600780 通宝能源 
2025-08-24 12:32:32,674 - INFO - 📈 已处理600782 新钢股份 
2025-08-24 12:32:33,719 - INFO - 📈 已处理600783 鲁信创投 
2025-08-24 12:32:36,902 - INFO - 📈 已处理600784 鲁银投资 
2025-08-24 12:32:39,179 - INFO - 📈 已处理600785 新华百货 
2025-08-24 12:33:21,805 - INFO - 📈 已处理600787 中储股份 
2025-08-24 12:33:48,004 - INFO - 📈 已处理600789 鲁抗医药 
2025-08-24 12:33:57,399 - INFO - 📈 已处理600790 轻纺城 
2025-08-24 12:34:02,638 - INFO - 📈 已处理600791 京能置业 
2025-08-24 12:34:22,704 - INFO - 📈 已处理600792 云煤能源 
2025-08-24 12:35:30,569 - WARNING - ⚠️ 600793 宜宾纸业 K线更新失败: HTTPSConnectionPool(host='push2his.eastmoney.com', port=443): Max retries exceeded with url: /api/qt/stock/kline/get?fields1=f1%2Cf2%2Cf3%2Cf4%2Cf5%2Cf6&fields2=f51%2Cf52%2Cf53%2Cf54%2Cf55%2Cf56%2Cf57%2Cf58%2Cf59%2Cf60%2Cf61%2Cf116&ut=7eea3edcaed734bea9cbfc24409ed989&klt=101&fqt=1&secid=1.600793&beg=20250817&end=20250824 (Caused by SSLError(SSLEOFError(8, '[SSL: UNEXPECTED_EOF_WHILE_READING] EOF occurred in violation of protocol (_ssl.c:1007)')))
2025-08-24 12:35:37,106 - INFO - 📈 已处理600794 保税科技 
2025-08-24 13:45:44,718 - WARNING - ⚠️ 600795 国电电力 K线更新失败: HTTPSConnectionPool(host='push2his.eastmoney.com', port=443): Max retries exceeded with url: /api/qt/stock/kline/get?fields1=f1%2Cf2%2Cf3%2Cf4%2Cf5%2Cf6&fields2=f51%2Cf52%2Cf53%2Cf54%2Cf55%2Cf56%2Cf57%2Cf58%2Cf59%2Cf60%2Cf61%2Cf116&ut=7eea3edcaed734bea9cbfc24409ed989&klt=101&fqt=1&secid=1.600795&beg=20250817&end=20250824 (Caused by SSLError(SSLEOFError(8, '[SSL: UNEXPECTED_EOF_WHILE_READING] EOF occurred in violation of protocol (_ssl.c:1007)')))
2025-08-24 13:45:55,933 - INFO - 📈 已处理600796 钱江生化 
2025-08-24 13:45:58,831 - INFO - 📈 已处理600797 浙大网新 
2025-08-24 13:46:01,731 - INFO - 📈 已处理600798 宁波海运 
2025-08-24 13:46:39,017 - INFO - 📈 已处理600800 渤海化学 
2025-08-24 13:46:41,191 - INFO - 📈 已处理600801 华新水泥 
2025-08-24 13:46:45,544 - INFO - 📈 已处理600802 福建水泥 
2025-08-24 13:46:49,039 - INFO - 📈 已处理600803 新奥股份 
2025-08-24 13:46:53,101 - INFO - 📈 已处理600805 悦达投资 
2025-08-24 13:47:00,930 - INFO - 📈 已处理600807 济高发展 
2025-08-24 13:47:05,886 - INFO - 📈 已处理600808 马钢股份 
2025-08-24 13:47:09,735 - INFO - 📈 已处理600809 山西汾酒 
2025-08-24 13:47:14,989 - INFO - 📈 已处理600810 神马股份 
2025-08-24 13:47:59,795 - INFO - 📈 已处理600812 华北制药 
2025-08-24 13:48:04,795 - INFO - 📈 已处理600814 杭州解百 
2025-08-24 13:48:13,883 - INFO - 📈 已处理600815 厦工股份 
2025-08-24 13:48:24,073 - INFO - 📈 已处理600816 建元信托 
2025-08-24 13:48:27,750 - INFO - 📈 已处理600817 宇通重工 
2025-08-24 13:48:30,531 - INFO - 📈 已处理600818 中路股份 
2025-08-24 13:48:38,747 - INFO - 📈 已处理600819 耀皮玻璃 
2025-08-24 13:48:41,156 - INFO - 📈 已处理600820 隧道股份 
2025-08-24 13:50:52,167 - WARNING - ⚠️ 600821 金开新能 K线更新失败: HTTPSConnectionPool(host='push2his.eastmoney.com', port=443): Max retries exceeded with url: /api/qt/stock/kline/get?fields1=f1%2Cf2%2Cf3%2Cf4%2Cf5%2Cf6&fields2=f51%2Cf52%2Cf53%2Cf54%2Cf55%2Cf56%2Cf57%2Cf58%2Cf59%2Cf60%2Cf61%2Cf116&ut=7eea3edcaed734bea9cbfc24409ed989&klt=101&fqt=1&secid=1.600821&beg=20250817&end=20250824 (Caused by SSLError(SSLEOFError(8, '[SSL: UNEXPECTED_EOF_WHILE_READING] EOF occurred in violation of protocol (_ssl.c:1007)')))
2025-08-24 13:51:02,468 - INFO - 📈 已处理600822 上海物贸 
2025-08-24 13:51:14,368 - INFO - 📈 已处理600824 益民集团 
2025-08-24 13:51:21,514 - INFO - 📈 已处理600825 新华传媒 
2025-08-24 13:51:22,843 - INFO - 📈 已处理600826 兰生股份 
2025-08-24 13:51:39,311 - INFO - 📈 已处理600827 百联股份 
2025-08-24 13:51:50,976 - INFO - 📈 已处理600828 茂业商业 
2025-08-24 13:51:53,479 - INFO - 📈 已处理600829 人民同泰 
2025-08-24 13:51:55,461 - INFO - 📈 已处理600830 香溢融通 
2025-08-24 13:52:58,875 - WARNING - ⚠️ 600831 ST广网 K线更新失败: HTTPSConnectionPool(host='push2his.eastmoney.com', port=443): Max retries exceeded with url: /api/qt/stock/kline/get?fields1=f1%2Cf2%2Cf3%2Cf4%2Cf5%2Cf6&fields2=f51%2Cf52%2Cf53%2Cf54%2Cf55%2Cf56%2Cf57%2Cf58%2Cf59%2Cf60%2Cf61%2Cf116&ut=7eea3edcaed734bea9cbfc24409ed989&klt=101&fqt=1&secid=1.600831&beg=20250817&end=20250824 (Caused by SSLError(SSLError(5, '[SYS] unknown error (_ssl.c:2426)')))
2025-08-24 13:53:06,814 - INFO - 📈 已处理600833 第一医药 
2025-08-24 13:53:07,880 - INFO - 📈 已处理600834 申通地铁 
2025-08-24 13:54:09,767 - WARNING - ⚠️ 600835 上海机电 K线更新失败: HTTPSConnectionPool(host='push2his.eastmoney.com', port=443): Max retries exceeded with url: /api/qt/stock/kline/get?fields1=f1%2Cf2%2Cf3%2Cf4%2Cf5%2Cf6&fields2=f51%2Cf52%2Cf53%2Cf54%2Cf55%2Cf56%2Cf57%2Cf58%2Cf59%2Cf60%2Cf61%2Cf116&ut=7eea3edcaed734bea9cbfc24409ed989&klt=101&fqt=1&secid=1.600835&beg=20250817&end=20250824 (Caused by SSLError(SSLEOFError(8, '[SSL: UNEXPECTED_EOF_WHILE_READING] EOF occurred in violation of protocol (_ssl.c:1007)')))
2025-08-24 13:54:13,116 - INFO - 📈 已处理600838 上海九百 
2025-08-24 13:54:15,323 - INFO - 📈 已处理600839 四川长虹 
2025-08-24 13:54:16,899 - INFO - 📈 已处理600841 动力新科 
2025-08-24 13:54:18,554 - INFO - 📈 已处理600843 上工申贝 
2025-08-24 13:54:20,025 - INFO - 📈 已处理600844 金煤科技 
2025-08-24 13:54:21,110 - INFO - 📈 已处理600845 宝信软件 
2025-08-24 13:54:23,265 - INFO - 📈 已处理600846 同济科技 
2025-08-24 13:54:24,300 - INFO - 📈 已处理600847 万里股份 
2025-08-24 13:54:25,552 - INFO - 📈 已处理600848 上海临港 
2025-08-24 13:54:27,150 - INFO - 📈 已处理600850 电科数字 
2025-08-24 13:54:28,632 - INFO - 📈 已处理600851 海欣股份 
2025-08-24 13:54:31,874 - INFO - 📈 已处理600853 龙建股份 
2025-08-24 13:54:33,023 - INFO - 📈 已处理600854 春兰股份 
2025-08-24 13:54:33,024 - INFO - 📈 已处理 2800/4713 只股票，成功 2590 只
2025-08-24 13:54:37,375 - INFO - 📈 已处理600855 航天长峰 
2025-08-24 13:54:42,233 - INFO - 📈 已处理600857 宁波中百 
2025-08-24 13:54:43,526 - INFO - 📈 已处理600858 银座股份 
2025-08-24 13:54:44,352 - INFO - 📈 已处理600859 王府井 
2025-08-24 13:54:45,325 - INFO - 📈 已处理600860 京城股份 
2025-08-24 13:54:48,245 - INFO - 📈 已处理600861 北京人力 
2025-08-24 13:54:51,514 - INFO - 📈 已处理600862 中航高科 
2025-08-24 13:54:52,820 - INFO - 📈 已处理600863 内蒙华电 
2025-08-24 13:54:55,164 - INFO - 📈 已处理600864 哈投股份 
2025-08-24 13:54:55,991 - INFO - 📈 已处理600865 百大集团 
2025-08-24 13:54:58,327 - INFO - 📈 已处理600866 星湖科技 
2025-08-24 13:55:00,392 - INFO - 📈 已处理600867 通化东宝 
2025-08-24 13:55:01,333 - INFO - 📈 已处理600868 梅雁吉祥 
2025-08-24 13:55:02,422 - INFO - 📈 已处理600869 远东股份 
2025-08-24 13:55:05,471 - INFO - 📈 已处理600871 石化油服 
2025-08-24 13:55:06,609 - INFO - 📈 已处理600872 中炬高新 
2025-08-24 13:55:08,577 - INFO - 📈 已处理600873 梅花生物 
2025-08-24 13:55:10,419 - INFO - 📈 已处理600874 创业环保 
2025-08-24 13:55:12,823 - INFO - 📈 已处理600875 东方电气 
2025-08-24 13:55:14,803 - INFO - 📈 已处理600876 凯盛新能 
2025-08-24 13:55:21,539 - INFO - 📈 已处理600877 电科芯片 
2025-08-24 13:55:29,409 - INFO - 📈 已处理600879 航天电子 
2025-08-24 13:56:34,933 - WARNING - ⚠️ 600880 博瑞传播 K线更新失败: HTTPSConnectionPool(host='push2his.eastmoney.com', port=443): Max retries exceeded with url: /api/qt/stock/kline/get?fields1=f1%2Cf2%2Cf3%2Cf4%2Cf5%2Cf6&fields2=f51%2Cf52%2Cf53%2Cf54%2Cf55%2Cf56%2Cf57%2Cf58%2Cf59%2Cf60%2Cf61%2Cf116&ut=7eea3edcaed734bea9cbfc24409ed989&klt=101&fqt=1&secid=1.600880&beg=20250817&end=20250824 (Caused by SSLError(SSLError(5, '[SYS] unknown error (_ssl.c:2426)')))
2025-08-24 13:56:38,950 - INFO - 📈 已处理600881 亚泰集团 
2025-08-24 13:56:41,447 - INFO - 📈 已处理600882 妙可蓝多 
2025-08-24 13:56:51,851 - INFO - 📈 已处理600883 博闻科技 
2025-08-24 13:56:53,749 - INFO - 📈 已处理600884 杉杉股份 
2025-08-24 13:56:55,951 - INFO - 📈 已处理600885 宏发股份 
2025-08-24 13:57:00,033 - INFO - 📈 已处理600886 国投电力 
2025-08-24 13:57:01,546 - INFO - 📈 已处理600887 伊利股份 
2025-08-24 13:57:06,414 - INFO - 📈 已处理600888 新疆众和 
2025-08-24 13:57:16,841 - INFO - 📈 已处理600889 南京化纤 
2025-08-24 13:57:30,452 - INFO - 📈 已处理600892 *ST大晟 
2025-08-24 13:57:34,701 - INFO - 📈 已处理600893 航发动力 
2025-08-24 13:57:37,421 - INFO - 📈 已处理600894 广日股份 
2025-08-24 13:58:02,242 - INFO - 📈 已处理600895 张江高科 
2025-08-24 13:58:21,053 - INFO - 📈 已处理600897 厦门空港 
2025-08-24 13:59:05,752 - INFO - 📈 已处理600900 长江电力 
2025-08-24 13:59:07,387 - INFO - 📈 已处理600901 江苏金租 
2025-08-24 13:59:34,802 - INFO - 📈 已处理600903 贵州燃气 
2025-08-24 13:59:51,665 - INFO - 📈 已处理600905 三峡能源 
2025-08-24 13:59:56,858 - INFO - 📈 已处理600906 财达证券 
2025-08-24 13:59:56,858 - INFO - 📈 已处理 2850/4713 只股票，成功 2631 只
2025-08-24 14:00:02,259 - INFO - 📈 已处理600908 无锡银行 
2025-08-24 14:00:06,016 - INFO - 📈 已处理600909 华安证券 
2025-08-24 14:00:26,664 - INFO - 📈 已处理600916 中国黄金 
2025-08-24 14:00:29,079 - INFO - 📈 已处理600917 重庆燃气 
2025-08-24 14:00:32,993 - INFO - 📈 已处理600918 中泰证券 
2025-08-24 14:01:05,299 - INFO - 📈 已处理600919 江苏银行 
2025-08-24 14:01:10,130 - INFO - 📈 已处理600925 苏能股份 
2025-08-24 14:02:12,273 - WARNING - ⚠️ 600926 杭州银行 K线更新失败: HTTPSConnectionPool(host='push2his.eastmoney.com', port=443): Max retries exceeded with url: /api/qt/stock/kline/get?fields1=f1%2Cf2%2Cf3%2Cf4%2Cf5%2Cf6&fields2=f51%2Cf52%2Cf53%2Cf54%2Cf55%2Cf56%2Cf57%2Cf58%2Cf59%2Cf60%2Cf61%2Cf116&ut=7eea3edcaed734bea9cbfc24409ed989&klt=101&fqt=1&secid=1.600926&beg=20250817&end=20250824 (Caused by SSLError(SSLEOFError(8, '[SSL: UNEXPECTED_EOF_WHILE_READING] EOF occurred in violation of protocol (_ssl.c:1007)')))
2025-08-24 14:02:13,734 - INFO - 📈 已处理600927 永安期货 
2025-08-24 14:02:15,432 - INFO - 📈 已处理600928 西安银行 
2025-08-24 14:02:16,493 - INFO - 📈 已处理600929 雪天盐业 
2025-08-24 14:02:17,357 - INFO - 📈 已处理600930 华电新能 
2025-08-24 14:02:19,063 - INFO - 📈 已处理600933 爱柯迪 
2025-08-24 14:02:21,461 - INFO - 📈 已处理600935 华塑股份 
2025-08-24 14:02:24,283 - INFO - 📈 已处理600936 广西广电 
2025-08-24 14:02:33,527 - INFO - 📈 已处理600938 中国海油 
2025-08-24 14:02:35,453 - INFO - 📈 已处理600939 重庆建工 
2025-08-24 14:02:36,306 - INFO - 📈 已处理600941 中国移动 
2025-08-24 14:02:38,113 - INFO - 📈 已处理600955 维远股份 
2025-08-24 14:02:39,523 - INFO - 📈 已处理600956 XD新天绿 
2025-08-24 14:02:42,328 - INFO - 📈 已处理600958 东方证券 
2025-08-24 14:02:43,530 - INFO - 📈 已处理600959 江苏有线 
2025-08-24 14:02:44,981 - INFO - 📈 已处理600960 渤海汽车 
2025-08-24 14:02:47,682 - INFO - 📈 已处理600961 株冶集团 
2025-08-24 14:02:49,767 - INFO - 📈 已处理600962 国投中鲁 
2025-08-24 14:02:50,568 - INFO - 📈 已处理600963 岳阳林纸 
2025-08-24 14:02:51,677 - INFO - 📈 已处理600965 福成股份 
2025-08-24 14:02:56,351 - INFO - 📈 已处理600966 博汇纸业 
2025-08-24 14:02:57,144 - INFO - 📈 已处理600967 内蒙一机 
2025-08-24 14:02:59,353 - INFO - 📈 已处理600968 海油发展 
2025-08-24 14:03:03,798 - INFO - 📈 已处理600969 郴电国际 
2025-08-24 14:03:05,739 - INFO - 📈 已处理600970 中材国际 
2025-08-24 14:03:09,067 - INFO - 📈 已处理600971 恒源煤电 
2025-08-24 14:03:11,062 - INFO - 📈 已处理600973 宝胜股份 
2025-08-24 14:03:20,583 - INFO - 📈 已处理600975 新五丰 
2025-08-24 14:03:23,134 - INFO - 📈 已处理600976 健民集团 
2025-08-24 14:03:25,799 - INFO - 📈 已处理600977 中国电影 
2025-08-24 14:03:30,243 - INFO - 📈 已处理600979 广安爱众 
2025-08-24 14:03:34,687 - INFO - 📈 已处理600980 北矿科技 
2025-08-24 14:03:39,892 - INFO - 📈 已处理600981 汇鸿集团 
2025-08-24 14:03:42,187 - INFO - 📈 已处理600982 宁波能源 
2025-08-24 14:04:01,319 - INFO - 📈 已处理600983 惠而浦 
2025-08-24 14:04:07,300 - INFO - 📈 已处理600984 建设机械 
2025-08-24 14:04:11,436 - INFO - 📈 已处理600985 淮北矿业 
2025-08-24 14:04:55,623 - INFO - 📈 已处理600986 浙文互联 
2025-08-24 14:05:01,639 - INFO - 📈 已处理600987 航民股份 
2025-08-24 14:05:05,426 - INFO - 📈 已处理600988 赤峰黄金 
2025-08-24 14:05:10,215 - INFO - 📈 已处理600989 宝丰能源 
2025-08-24 14:05:14,358 - INFO - 📈 已处理600990 四创电子 
2025-08-24 14:05:14,359 - INFO - 📈 已处理 2900/4713 只股票，成功 2679 只
2025-08-24 14:05:21,391 - WARNING - ⚠️ 600992 贵绳股份 K线更新失败: ('Connection aborted.', ConnectionResetError(10054, '远程主机强迫关闭了一个现有的连接。', None, 10054, None))
2025-08-24 14:05:27,591 - INFO - 📈 已处理600993 马应龙 
2025-08-24 14:05:41,281 - INFO - 📈 已处理600995 南网储能 
2025-08-24 14:05:42,874 - INFO - 📈 已处理600996 贵广网络 
2025-08-24 14:05:45,302 - INFO - 📈 已处理600997 开滦股份 
2025-08-24 14:05:48,841 - INFO - 📈 已处理600998 九州通 
2025-08-24 14:05:52,030 - INFO - 📈 已处理600999 招商证券 
2025-08-24 14:06:05,484 - INFO - 📈 已处理601000 唐山港 
2025-08-24 14:06:08,924 - INFO - 📈 已处理601001 晋控煤业 
2025-08-24 14:06:25,818 - INFO - 📈 已处理601002 晋亿实业 
2025-08-24 14:06:29,248 - INFO - 📈 已处理601003 柳钢股份 
2025-08-24 14:06:45,580 - INFO - 📈 已处理601005 重庆钢铁 
2025-08-24 14:07:00,420 - INFO - 📈 已处理601006 大秦铁路 
2025-08-24 14:07:15,665 - INFO - 📈 已处理601007 金陵饭店 
2025-08-24 14:07:18,599 - INFO - 📈 已处理601008 连云港 
2025-08-24 14:07:25,798 - INFO - 📈 已处理601009 南京银行 
2025-08-24 14:07:31,792 - INFO - 📈 已处理601010 文峰股份 
2025-08-24 14:08:39,750 - WARNING - ⚠️ 601011 宝泰隆 K线更新失败: HTTPSConnectionPool(host='push2his.eastmoney.com', port=443): Max retries exceeded with url: /api/qt/stock/kline/get?fields1=f1%2Cf2%2Cf3%2Cf4%2Cf5%2Cf6&fields2=f51%2Cf52%2Cf53%2Cf54%2Cf55%2Cf56%2Cf57%2Cf58%2Cf59%2Cf60%2Cf61%2Cf116&ut=7eea3edcaed734bea9cbfc24409ed989&klt=101&fqt=1&secid=1.601011&beg=20250817&end=20250824 (Caused by SSLError(SSLEOFError(8, '[SSL: UNEXPECTED_EOF_WHILE_READING] EOF occurred in violation of protocol (_ssl.c:1007)')))
2025-08-24 14:09:49,629 - WARNING - ⚠️ 601012 隆基绿能 K线更新失败: HTTPSConnectionPool(host='push2his.eastmoney.com', port=443): Max retries exceeded with url: /api/qt/stock/kline/get?fields1=f1%2Cf2%2Cf3%2Cf4%2Cf5%2Cf6&fields2=f51%2Cf52%2Cf53%2Cf54%2Cf55%2Cf56%2Cf57%2Cf58%2Cf59%2Cf60%2Cf61%2Cf116&ut=7eea3edcaed734bea9cbfc24409ed989&klt=101&fqt=1&secid=1.601012&beg=20250817&end=20250824 (Caused by SSLError(SSLEOFError(8, '[SSL: UNEXPECTED_EOF_WHILE_READING] EOF occurred in violation of protocol (_ssl.c:1007)')))
2025-08-24 14:09:51,692 - INFO - 📈 已处理601015 陕西黑猫 
2025-08-24 14:09:56,297 - INFO - 📈 已处理601016 节能风电 
2025-08-24 14:10:12,377 - INFO - 📈 已处理601018 宁波港 
2025-08-24 14:10:13,191 - INFO - 📈 已处理601019 山东出版 
2025-08-24 14:10:14,526 - INFO - 📈 已处理601020 华钰矿业 
2025-08-24 14:10:15,333 - INFO - 📈 已处理601021 春秋航空 
2025-08-24 14:10:18,917 - INFO - 📈 已处理601022 宁波远洋 
2025-08-24 14:10:21,379 - INFO - 📈 已处理601033 永兴股份 
2025-08-24 14:10:22,791 - INFO - 📈 已处理601038 一拖股份 
2025-08-24 14:10:23,623 - INFO - 📈 已处理601058 赛轮轮胎 
2025-08-24 14:10:24,746 - INFO - 📈 已处理601059 信达证券 
2025-08-24 14:10:26,942 - INFO - 📈 已处理601061 中信金属 
2025-08-24 14:10:28,009 - INFO - 📈 已处理601065 江盐集团 
2025-08-24 14:10:29,129 - INFO - 📈 已处理601066 中信建投 
2025-08-24 14:10:31,565 - INFO - 📈 已处理601068 中铝国际 
2025-08-24 14:10:34,727 - INFO - 📈 已处理601069 西部黄金 
2025-08-24 14:10:35,927 - INFO - 📈 已处理601077 渝农商行 
2025-08-24 14:10:37,747 - INFO - 📈 已处理601083 锦江航运 
2025-08-24 14:10:50,957 - INFO - 📈 已处理601086 国芳集团 
2025-08-24 14:10:58,331 - INFO - 📈 已处理601088 中国神华 
2025-08-24 14:11:05,373 - INFO - 📈 已处理601089 福元医药 
2025-08-24 14:11:14,148 - INFO - 📈 已处理601096 宏盛华源 
2025-08-24 14:11:16,868 - INFO - 📈 已处理601098 中南传媒 
2025-08-24 14:11:20,272 - INFO - 📈 已处理601099 太平洋 
2025-08-24 14:11:21,263 - INFO - 📈 已处理601100 恒立液压 
2025-08-24 14:11:23,567 - INFO - 📈 已处理601101 昊华能源 
2025-08-24 14:11:25,599 - INFO - 📈 已处理601106 中国一重 
2025-08-24 14:11:33,915 - INFO - 📈 已处理601107 四川成渝 
2025-08-24 14:11:41,908 - INFO - 📈 已处理601108 财通证券 
2025-08-24 14:11:41,908 - INFO - 📈 已处理 2950/4713 只股票，成功 2724 只
2025-08-24 14:11:45,381 - INFO - 📈 已处理601111 中国国航 
2025-08-24 14:11:53,761 - INFO - 📈 已处理601113 华鼎股份 
2025-08-24 14:11:55,062 - INFO - 📈 已处理601116 三江购物 
2025-08-24 14:11:55,895 - INFO - 📈 已处理601117 中国化学 
2025-08-24 14:11:57,272 - INFO - 📈 已处理601118 海南橡胶 
2025-08-24 14:12:00,988 - INFO - 📈 已处理601121 宝地矿业 
2025-08-24 14:12:01,861 - INFO - 📈 已处理601126 四方股份 
2025-08-24 14:12:03,941 - INFO - 📈 已处理601127 赛力斯 
2025-08-24 14:12:04,756 - INFO - 📈 已处理601128 常熟银行 
2025-08-24 14:12:05,578 - INFO - 📈 已处理601133 柏诚股份 
2025-08-24 14:12:06,507 - INFO - 📈 已处理601136 首创证券 
2025-08-24 14:12:09,356 - INFO - 📈 已处理601137 博威合金 
2025-08-24 14:12:10,416 - INFO - 📈 已处理601138 工业富联 
2025-08-24 14:12:11,547 - INFO - 📈 已处理601139 深圳燃气 
2025-08-24 14:12:12,893 - INFO - 📈 已处理601155 新城控股 
2025-08-24 14:12:13,707 - INFO - 📈 已处理601156 东航物流 
2025-08-24 14:12:15,532 - INFO - 📈 已处理601158 重庆水务 
2025-08-24 14:12:16,898 - INFO - 📈 已处理601162 天风证券 
2025-08-24 14:12:18,103 - INFO - 📈 已处理601163 三角轮胎 
2025-08-24 14:12:19,361 - INFO - 📈 已处理601166 兴业银行 
2025-08-24 14:12:20,162 - INFO - 📈 已处理601168 西部矿业 
2025-08-24 14:12:21,855 - INFO - 📈 已处理601169 北京银行 
2025-08-24 14:12:29,091 - INFO - 📈 已处理601177 杭齿前进 
2025-08-24 14:12:30,904 - INFO - 📈 已处理601179 中国西电 
2025-08-24 14:12:32,189 - INFO - 📈 已处理601186 中国铁建 
2025-08-24 14:12:33,686 - INFO - 📈 已处理601187 厦门银行 
2025-08-24 14:12:35,529 - INFO - 📈 已处理601188 龙江交通 
2025-08-24 14:12:37,241 - INFO - 📈 已处理601198 东兴证券 
2025-08-24 14:12:40,727 - INFO - 📈 已处理601199 江南水务 
2025-08-24 14:12:41,934 - INFO - 📈 已处理601200 上海环境 
2025-08-24 14:12:42,735 - INFO - 📈 已处理601208 东材科技 
2025-08-24 14:12:43,538 - INFO - 📈 已处理601211 国泰海通 
2025-08-24 14:12:44,690 - INFO - 📈 已处理601212 白银有色 
2025-08-24 14:12:46,232 - INFO - 📈 已处理601216 君正集团 
2025-08-24 14:12:47,731 - INFO - 📈 已处理601218 吉鑫科技 
2025-08-24 14:12:48,926 - INFO - 📈 已处理601222 林洋能源 
2025-08-24 14:12:51,357 - INFO - 📈 已处理601225 陕西煤业 
2025-08-24 14:12:54,045 - INFO - 📈 已处理601226 华电科工 
2025-08-24 14:12:57,274 - INFO - 📈 已处理601228 广州港 
2025-08-24 14:13:00,644 - INFO - 📈 已处理601229 上海银行 
2025-08-24 14:13:01,772 - INFO - 📈 已处理601231 环旭电子 
2025-08-24 14:13:02,571 - INFO - 📈 已处理601233 桐昆股份 
2025-08-24 14:13:12,499 - INFO - 📈 已处理601236 红塔证券 
2025-08-24 14:13:16,480 - INFO - 📈 已处理601238 广汽集团 
2025-08-24 14:13:20,614 - INFO - 📈 已处理601279 英利汽车 
2025-08-24 14:13:21,393 - INFO - 📈 已处理601288 农业银行 
2025-08-24 14:13:22,226 - INFO - 📈 已处理601298 青岛港 
2025-08-24 14:13:23,930 - INFO - 📈 已处理601311 骆驼股份 
2025-08-24 14:13:27,578 - INFO - 📈 已处理601318 中国平安 
2025-08-24 14:13:28,363 - INFO - 📈 已处理601319 中国人保 
2025-08-24 14:13:29,193 - INFO - 📈 已处理601326 秦港股份 
2025-08-24 14:13:30,095 - INFO - 📈 已处理601328 交通银行 
2025-08-24 14:13:32,278 - INFO - 📈 已处理601330 绿色动力 
2025-08-24 14:13:39,459 - INFO - 📈 已处理601333 广深铁路 
2025-08-24 14:13:41,753 - INFO - 📈 已处理601336 新华保险 
2025-08-24 14:13:43,832 - INFO - 📈 已处理601339 百隆东方 
2025-08-24 14:13:44,674 - INFO - 📈 已处理601360 三六零 
2025-08-24 14:13:46,334 - INFO - 📈 已处理601366 利群股份 
2025-08-24 14:13:48,235 - INFO - 📈 已处理601368 绿城水务 
2025-08-24 14:13:51,563 - INFO - 📈 已处理601369 陕鼓动力 
2025-08-24 14:13:54,080 - INFO - 📈 已处理601375 中原证券 
2025-08-24 14:13:56,049 - INFO - 📈 已处理601377 兴业证券 
2025-08-24 14:14:10,827 - INFO - 📈 已处理601388 怡球资源 
2025-08-24 14:14:43,034 - INFO - 📈 已处理601390 中国中铁 
2025-08-24 14:14:56,317 - INFO - 📈 已处理601398 工商银行 
2025-08-24 14:15:01,686 - INFO - 📈 已处理601399 国机重装 
2025-08-24 14:15:03,238 - INFO - 📈 已处理601456 国联民生 
2025-08-24 14:15:05,325 - INFO - 📈 已处理601500 通用股份 
2025-08-24 14:15:07,107 - INFO - 📈 已处理601512 中新集团 
2025-08-24 14:15:08,141 - INFO - 📈 已处理601515 东峰集团 
2025-08-24 14:15:09,419 - INFO - 📈 已处理601518 吉林高速 
2025-08-24 14:15:10,860 - INFO - 📈 已处理601519 大智慧 
2025-08-24 14:15:12,178 - INFO - 📈 已处理601528 瑞丰银行 
2025-08-24 14:15:13,484 - INFO - 📈 已处理601555 东吴证券 
2025-08-24 14:15:15,910 - INFO - 📈 已处理601566 九牧王 
2025-08-24 14:15:19,940 - INFO - 📈 已处理601567 三星医疗 
2025-08-24 14:15:20,976 - INFO - 📈 已处理601568 北元集团 
2025-08-24 14:15:22,610 - INFO - 📈 已处理601577 长沙银行 
2025-08-24 14:15:24,238 - INFO - 📈 已处理601579 会稽山 
2025-08-24 14:15:25,247 - INFO - 📈 已处理601588 北辰实业 
2025-08-24 14:15:26,285 - INFO - 📈 已处理601595 上海电影 
2025-08-24 14:15:27,334 - INFO - 📈 已处理601598 中国外运 
2025-08-24 14:15:28,338 - INFO - 📈 已处理601599 浙文影业 
2025-08-24 14:15:32,519 - INFO - 📈 已处理601600 中国铝业 
2025-08-24 14:15:34,046 - INFO - 📈 已处理601601 中国太保 
2025-08-24 14:15:36,060 - INFO - 📈 已处理601606 长城军工 
2025-08-24 14:15:37,073 - INFO - 📈 已处理601607 上海医药 
2025-08-24 14:15:38,531 - INFO - 📈 已处理601608 中信重工 
2025-08-24 14:15:40,443 - INFO - 📈 已处理601609 金田股份 
2025-08-24 14:15:42,734 - INFO - 📈 已处理601611 中国核建 
2025-08-24 14:15:43,722 - INFO - 📈 已处理601615 明阳智能 
2025-08-24 14:15:45,086 - INFO - 📈 已处理601616 广电电气 
2025-08-24 14:15:46,078 - INFO - 📈 已处理601618 中国中冶 
2025-08-24 14:15:50,170 - INFO - 📈 已处理601619 嘉泽新能 
2025-08-24 14:15:52,206 - INFO - 📈 已处理601628 中国人寿 
2025-08-24 14:15:53,239 - INFO - 📈 已处理601633 长城汽车 
2025-08-24 14:15:53,239 - INFO - 📈 已处理 3050/4713 只股票，成功 2820 只
2025-08-24 14:15:54,954 - INFO - 📈 已处理601636 旗滨集团 
2025-08-24 14:15:56,443 - INFO - 📈 已处理601658 邮储银行 
2025-08-24 14:16:01,083 - INFO - 📈 已处理601665 齐鲁银行 
2025-08-24 14:16:03,579 - INFO - 📈 已处理601666 平煤股份 
2025-08-24 14:16:07,175 - INFO - 📈 已处理601668 中国建筑 
2025-08-24 14:16:10,062 - INFO - 📈 已处理601669 中国电建 
2025-08-24 14:16:11,894 - INFO - 📈 已处理601677 明泰铝业 
2025-08-24 14:16:16,047 - INFO - 📈 已处理601678 滨化股份 
2025-08-24 14:16:17,173 - INFO - 📈 已处理601686 友发集团 
2025-08-24 14:16:18,166 - INFO - 📈 已处理601688 华泰证券 
2025-08-24 14:16:19,319 - INFO - 📈 已处理601689 拓普集团 
2025-08-24 14:16:22,312 - INFO - 📈 已处理601696 中银证券 
2025-08-24 14:16:25,000 - INFO - 📈 已处理601698 中国卫通 
2025-08-24 14:16:27,548 - INFO - 📈 已处理601699 潞安环能 
2025-08-24 14:16:28,583 - INFO - 📈 已处理601700 风范股份 
2025-08-24 14:16:29,747 - INFO - 📈 已处理601702 华峰铝业 
2025-08-24 14:16:30,533 - INFO - 📈 已处理601717 中创智领 
2025-08-24 14:16:31,331 - INFO - 📈 已处理601718 际华集团 
2025-08-24 14:16:33,358 - INFO - 📈 已处理601727 上海电气 
2025-08-24 14:16:38,721 - INFO - 📈 已处理601728 中国电信 
2025-08-24 14:16:41,861 - INFO - 📈 已处理601766 中国中车 
2025-08-24 14:16:42,671 - INFO - 📈 已处理601777 千里科技 
2025-08-24 14:16:43,753 - INFO - 📈 已处理601778 晶科科技 
2025-08-24 14:16:45,547 - INFO - 📈 已处理601788 光大证券 
2025-08-24 14:16:46,672 - INFO - 📈 已处理601789 宁波建工 
2025-08-24 14:16:47,656 - INFO - 📈 已处理601798 蓝科高新 
2025-08-24 14:16:52,711 - INFO - 📈 已处理601799 星宇股份 
2025-08-24 14:16:53,507 - INFO - 📈 已处理601800 中国交建 
2025-08-24 14:16:57,088 - INFO - 📈 已处理601801 皖新传媒 
2025-08-24 14:16:58,196 - INFO - 📈 已处理601808 中海油服 
2025-08-24 14:16:59,073 - INFO - 📈 已处理601811 新华文轩 
2025-08-24 14:16:59,907 - INFO - 📈 已处理601816 京沪高铁 
2025-08-24 14:17:01,164 - INFO - 📈 已处理601818 光大银行 
2025-08-24 14:17:01,990 - INFO - 📈 已处理601825 沪农商行 
2025-08-24 14:17:02,790 - INFO - 📈 已处理601827 三峰环境 
2025-08-24 14:17:05,258 - INFO - 📈 已处理601828 美凯龙 
2025-08-24 14:17:07,174 - INFO - 📈 已处理601838 成都银行 
2025-08-24 14:17:11,053 - INFO - 📈 已处理601857 中国石油 
2025-08-24 14:17:12,141 - INFO - 📈 已处理601858 中国科传 
2025-08-24 14:17:13,006 - INFO - 📈 已处理601860 紫金银行 
2025-08-24 14:17:14,124 - INFO - 📈 已处理601865 福莱特 
2025-08-24 14:17:15,411 - INFO - 📈 已处理601866 中远海发 
2025-08-24 14:17:17,276 - INFO - 📈 已处理601868 中国能建 
2025-08-24 14:17:20,173 - INFO - 📈 已处理601869 长飞光纤 
2025-08-24 14:17:20,966 - INFO - 📈 已处理601872 招商轮船 
2025-08-24 14:17:21,859 - INFO - 📈 已处理601877 正泰电器 
2025-08-24 14:17:22,889 - INFO - 📈 已处理601878 浙商证券 
2025-08-24 14:17:27,627 - INFO - 📈 已处理601880 辽港股份 
2025-08-24 14:17:29,761 - INFO - 📈 已处理601881 中国银河 
2025-08-24 14:17:31,574 - INFO - 📈 已处理601882 海天精工 
2025-08-24 14:17:31,575 - INFO - 📈 已处理 3100/4713 只股票，成功 2870 只
2025-08-24 14:17:34,397 - INFO - 📈 已处理601886 江河集团 
2025-08-24 14:17:35,570 - INFO - 📈 已处理601888 中国中免 
2025-08-24 14:17:37,279 - INFO - 📈 已处理601890 亚星锚链 
2025-08-24 14:17:39,094 - INFO - 📈 已处理601898 中煤能源 
2025-08-24 14:17:41,118 - INFO - 📈 已处理601899 紫金矿业 
2025-08-24 14:17:44,609 - INFO - 📈 已处理601900 南方传媒 
2025-08-24 14:17:47,104 - INFO - 📈 已处理601901 方正证券 
2025-08-24 14:17:50,468 - INFO - 📈 已处理601908 京运通 
2025-08-24 14:17:53,530 - INFO - 📈 已处理601916 浙商银行 
2025-08-24 14:17:56,628 - INFO - 📈 已处理601918 新集能源 
2025-08-24 14:17:58,548 - INFO - 📈 已处理601919 中远海控 
2025-08-24 14:18:00,690 - INFO - 📈 已处理601921 浙版传媒 
2025-08-24 14:18:01,806 - INFO - 📈 已处理601928 凤凰传媒 
2025-08-24 14:18:04,765 - INFO - 📈 已处理601929 吉视传媒 
2025-08-24 14:18:08,834 - INFO - 📈 已处理601933 永辉超市 
2025-08-24 14:18:09,857 - INFO - 📈 已处理601939 建设银行 
2025-08-24 14:18:13,870 - INFO - 📈 已处理601949 中国出版 
2025-08-24 14:18:15,690 - INFO - 📈 已处理601952 苏垦农发 
2025-08-24 14:18:18,013 - INFO - 📈 已处理601956 东贝集团 
2025-08-24 14:18:18,821 - INFO - 📈 已处理601958 金钼股份 
2025-08-24 14:18:29,183 - INFO - 📈 已处理601963 重庆银行 
2025-08-24 14:18:29,988 - INFO - 📈 已处理601965 中国汽研 
2025-08-24 14:18:32,622 - INFO - 📈 已处理601966 玲珑轮胎 
2025-08-24 14:18:33,840 - INFO - 📈 已处理601968 宝钢包装 
2025-08-24 14:18:36,911 - INFO - 📈 已处理601969 海南矿业 
2025-08-24 14:18:37,771 - INFO - 📈 已处理601975 招商南油 
2025-08-24 14:18:38,800 - INFO - 📈 已处理601985 中国核电 
2025-08-24 14:18:41,035 - INFO - 📈 已处理601988 中国银行 
2025-08-24 14:18:43,193 - INFO - 📈 已处理601990 南京证券 
2025-08-24 14:18:44,587 - INFO - 📈 已处理601991 大唐发电 
2025-08-24 14:18:47,040 - INFO - 📈 已处理601992 金隅集团 
2025-08-24 14:18:48,849 - INFO - 📈 已处理601995 中金公司 
2025-08-24 14:18:49,644 - INFO - 📈 已处理601996 丰林集团 
2025-08-24 14:18:51,107 - INFO - 📈 已处理601997 贵阳银行 
2025-08-24 14:18:52,288 - INFO - 📈 已处理601998 中信银行 
2025-08-24 14:18:53,100 - INFO - 📈 已处理601999 出版传媒 
2025-08-24 14:18:53,924 - INFO - 📈 已处理603000 人民网 
2025-08-24 14:18:56,240 - INFO - 📈 已处理603001 奥康国际 
2025-08-24 14:18:58,041 - INFO - 📈 已处理603002 宏昌电子 
2025-08-24 14:19:01,888 - INFO - 📈 已处理603004 鼎龙科技 
2025-08-24 14:19:05,084 - INFO - 📈 已处理603005 晶方科技 
2025-08-24 14:19:06,004 - INFO - 📈 已处理603006 联明股份 
2025-08-24 14:19:06,822 - INFO - 📈 已处理603007 *ST花王 
2025-08-24 14:19:07,775 - INFO - 📈 已处理603008 喜临门 
2025-08-24 14:19:09,338 - INFO - 📈 已处理603009 北特科技 
2025-08-24 14:19:11,486 - INFO - 📈 已处理603010 万盛股份 
2025-08-24 14:19:16,908 - INFO - 📈 已处理603011 合锻智能 
2025-08-24 14:19:17,694 - INFO - 📈 已处理603012 创力集团 
2025-08-24 14:19:17,694 - INFO - 📈 已处理 3150/4713 只股票，成功 2918 只
2025-08-24 14:19:25,440 - INFO - 📈 已处理603013 亚普股份 
2025-08-24 14:19:26,226 - INFO - 📈 已处理603014 威高血净 
2025-08-24 14:19:27,068 - INFO - 📈 已处理603015 弘讯科技 
2025-08-24 14:19:30,887 - INFO - 📈 已处理603016 新宏泰 
2025-08-24 14:19:31,736 - INFO - 📈 已处理603017 中衡设计 
2025-08-24 14:19:33,180 - INFO - 📈 已处理603018 华设集团 
2025-08-24 14:19:33,986 - INFO - 📈 已处理603019 中科曙光 
2025-08-24 14:19:34,842 - INFO - 📈 已处理603020 爱普股份 
2025-08-24 14:19:36,136 - INFO - 📈 已处理603021 ST华鹏 
2025-08-24 14:19:38,090 - INFO - 📈 已处理603022 新通联 
2025-08-24 14:19:40,107 - INFO - 📈 已处理603023 威帝股份 
2025-08-24 14:19:42,228 - INFO - 📈 已处理603025 大豪科技 
2025-08-24 14:19:45,853 - INFO - 📈 已处理603026 石大胜华 
2025-08-24 14:19:47,610 - INFO - 📈 已处理603027 千禾味业 
2025-08-24 14:19:49,117 - INFO - 📈 已处理603028 赛福天 
2025-08-24 14:19:54,186 - INFO - 📈 已处理603029 天鹅股份 
2025-08-24 14:19:56,119 - INFO - 📈 已处理603030 全筑股份 
2025-08-24 14:19:58,164 - INFO - 📈 已处理603031 安孚科技 
2025-08-24 14:19:59,454 - INFO - 📈 已处理603032 德新科技 
2025-08-24 14:20:02,829 - INFO - 📈 已处理603033 三维股份 
2025-08-24 14:20:03,918 - INFO - 📈 已处理603035 常熟汽饰 
2025-08-24 14:20:08,905 - INFO - 📈 已处理603036 如通股份 
2025-08-24 14:20:16,655 - INFO - 📈 已处理603037 凯众股份 
2025-08-24 14:20:18,761 - INFO - 📈 已处理603038 华立股份 
2025-08-24 14:20:45,657 - INFO - 📈 已处理603039 泛微网络 
2025-08-24 14:20:52,188 - INFO - 📈 已处理603040 新坐标 
2025-08-24 14:21:00,711 - INFO - 📈 已处理603041 美思德 
2025-08-24 14:21:11,069 - INFO - 📈 已处理603042 华脉科技 
2025-08-24 14:21:29,850 - INFO - 📈 已处理603043 广州酒家 
2025-08-24 14:21:31,733 - INFO - 📈 已处理603045 福达合金 
2025-08-24 14:21:40,652 - INFO - 📈 已处理603048 浙江黎明 
2025-08-24 14:21:48,785 - INFO - 📈 已处理603049 中策橡胶 
2025-08-24 14:21:50,839 - INFO - 📈 已处理603050 科林电气 
2025-08-24 14:23:01,837 - WARNING - ⚠️ 603051 鹿山新材 K线更新失败: HTTPSConnectionPool(host='push2his.eastmoney.com', port=443): Max retries exceeded with url: /api/qt/stock/kline/get?fields1=f1%2Cf2%2Cf3%2Cf4%2Cf5%2Cf6&fields2=f51%2Cf52%2Cf53%2Cf54%2Cf55%2Cf56%2Cf57%2Cf58%2Cf59%2Cf60%2Cf61%2Cf116&ut=7eea3edcaed734bea9cbfc24409ed989&klt=101&fqt=1&secid=1.603051&beg=20250817&end=20250824 (Caused by ProxyError('Unable to connect to proxy', RemoteDisconnected('Remote end closed connection without response')))
2025-08-24 14:23:07,459 - INFO - 📈 已处理603052 可川科技 
2025-08-24 14:23:11,439 - INFO - 📈 已处理603053 成都燃气 
2025-08-24 14:23:12,381 - INFO - 📈 已处理603055 台华新材 
2025-08-24 14:23:15,451 - INFO - 📈 已处理603056 德邦股份 
2025-08-24 14:23:17,715 - INFO - 📈 已处理603057 紫燕食品 
2025-08-24 14:23:20,972 - INFO - 📈 已处理603059 倍加洁 
2025-08-24 14:23:22,032 - INFO - 📈 已处理603060 国检集团 
2025-08-24 14:23:25,129 - INFO - 📈 已处理603061 金海通 
2025-08-24 14:23:32,997 - INFO - 📈 已处理603062 麦加芯彩 
2025-08-24 14:23:39,203 - INFO - 📈 已处理603063 禾望电气 
2025-08-24 14:23:40,003 - INFO - 📈 已处理603065 宿迁联盛 
2025-08-24 14:23:51,646 - INFO - 📈 已处理603066 音飞储存 
2025-08-24 14:23:53,981 - INFO - 📈 已处理603067 振华股份 
2025-08-24 14:23:55,147 - INFO - 📈 已处理603068 博通集成 
2025-08-24 14:23:58,480 - INFO - 📈 已处理603069 海汽集团 
2025-08-24 14:23:58,480 - INFO - 📈 已处理 3200/4713 只股票，成功 2966 只
2025-08-24 14:23:59,748 - INFO - 📈 已处理603070 万控智造 
2025-08-24 14:24:04,817 - INFO - 📈 已处理603071 物产环能 
2025-08-24 14:24:11,728 - INFO - 📈 已处理603072 天和磁材 
2025-08-24 14:24:31,442 - INFO - 📈 已处理603073 彩蝶实业 
2025-08-24 14:25:51,085 - WARNING - ⚠️ 603075 热威股份 K线更新失败: HTTPSConnectionPool(host='push2his.eastmoney.com', port=443): Max retries exceeded with url: /api/qt/stock/kline/get?fields1=f1%2Cf2%2Cf3%2Cf4%2Cf5%2Cf6&fields2=f51%2Cf52%2Cf53%2Cf54%2Cf55%2Cf56%2Cf57%2Cf58%2Cf59%2Cf60%2Cf61%2Cf116&ut=7eea3edcaed734bea9cbfc24409ed989&klt=101&fqt=1&secid=1.603075&beg=20250817&end=20250824 (Caused by SSLError(SSLError(5, '[SYS] unknown error (_ssl.c:2426)')))
2025-08-24 14:25:53,991 - INFO - 📈 已处理603076 乐惠国际 
2025-08-24 14:25:55,060 - INFO - 📈 已处理603077 和邦生物 
2025-08-24 14:25:57,336 - INFO - 📈 已处理603078 江化微 
2025-08-24 14:25:58,130 - INFO - 📈 已处理603079 圣达生物 
2025-08-24 14:25:58,911 - INFO - 📈 已处理603080 新疆火炬 
2025-08-24 14:26:00,709 - INFO - 📈 已处理603081 大丰实业 
2025-08-24 14:26:01,603 - INFO - 📈 已处理603082 北自科技 
2025-08-24 14:26:08,410 - INFO - 📈 已处理603083 剑桥科技 
2025-08-24 14:26:11,690 - INFO - 📈 已处理603085 天成自控 
2025-08-24 14:26:12,645 - INFO - 📈 已处理603086 先达股份 
2025-08-24 14:26:15,945 - INFO - 📈 已处理603087 甘李药业 
2025-08-24 14:26:17,145 - INFO - 📈 已处理603088 宁波精达 
2025-08-24 14:26:22,160 - INFO - 📈 已处理603089 正裕工业 
2025-08-24 14:26:26,006 - INFO - 📈 已处理603090 宏盛股份 
2025-08-24 14:26:27,026 - INFO - 📈 已处理603091 众鑫股份 
2025-08-24 14:26:27,982 - INFO - 📈 已处理603093 南华期货 
2025-08-24 14:26:31,599 - INFO - 📈 已处理603095 越剑智能 
2025-08-24 14:26:36,145 - INFO - 📈 已处理603096 新经典 
2025-08-24 14:26:39,822 - INFO - 📈 已处理603097 江苏华辰 
2025-08-24 14:26:46,447 - INFO - 📈 已处理603098 森特股份 
2025-08-24 14:26:48,480 - INFO - 📈 已处理603099 长白山 
2025-08-24 14:26:51,543 - INFO - 📈 已处理603100 川仪股份 
2025-08-24 14:26:53,853 - INFO - 📈 已处理603101 汇嘉时代 
2025-08-24 14:28:04,660 - INFO - 📈 已处理603102 百合股份 
2025-08-24 14:28:12,437 - INFO - 📈 已处理603103 横店影视 
2025-08-24 14:28:19,771 - INFO - 📈 已处理603105 芯能科技 
2025-08-24 14:28:22,519 - INFO - 📈 已处理603106 恒银科技 
2025-08-24 14:28:24,948 - INFO - 📈 已处理603107 上海汽配 
2025-08-24 14:28:30,318 - INFO - 📈 已处理603108 润达医疗 
2025-08-24 14:29:34,200 - WARNING - ⚠️ 603109 神驰机电 K线更新失败: HTTPSConnectionPool(host='push2his.eastmoney.com', port=443): Max retries exceeded with url: /api/qt/stock/kline/get?fields1=f1%2Cf2%2Cf3%2Cf4%2Cf5%2Cf6&fields2=f51%2Cf52%2Cf53%2Cf54%2Cf55%2Cf56%2Cf57%2Cf58%2Cf59%2Cf60%2Cf61%2Cf116&ut=7eea3edcaed734bea9cbfc24409ed989&klt=101&fqt=1&secid=1.603109&beg=20250817&end=20250824 (Caused by SSLError(SSLEOFError(8, '[SSL: UNEXPECTED_EOF_WHILE_READING] EOF occurred in violation of protocol (_ssl.c:1007)')))
2025-08-24 14:29:36,785 - INFO - 📈 已处理603110 东方材料 
2025-08-24 14:29:37,960 - INFO - 📈 已处理603111 康尼机电 
2025-08-24 14:29:39,168 - INFO - 📈 已处理603112 华翔股份 
2025-08-24 14:29:40,188 - INFO - 📈 已处理603113 金能科技 
2025-08-24 14:29:41,610 - INFO - 📈 已处理603115 海星股份 
2025-08-24 14:29:44,207 - INFO - 📈 已处理603116 红蜻蜓 
2025-08-24 14:29:45,329 - INFO - 📈 已处理603117 万林物流 
2025-08-24 14:29:46,535 - INFO - 📈 已处理603118 共进股份 
2025-08-24 14:29:49,046 - INFO - 📈 已处理603119 浙江荣泰 
2025-08-24 14:29:50,348 - INFO - 📈 已处理603120 肯特催化 
2025-08-24 14:29:52,454 - INFO - 📈 已处理603121 华培动力 
2025-08-24 14:29:53,302 - INFO - 📈 已处理603122 合富中国 
2025-08-24 14:29:54,336 - INFO - 📈 已处理603123 翠微股份 
2025-08-24 14:29:55,787 - INFO - 📈 已处理603124 江南新材 
2025-08-24 14:30:01,306 - WARNING - ⚠️ 603125 常青科技 K线更新失败: ('Connection aborted.', ConnectionResetError(10054, '远程主机强迫关闭了一个现有的连接。', None, 10054, None))
2025-08-24 14:30:02,672 - INFO - 📈 已处理603126 中材节能 
2025-08-24 14:30:03,704 - INFO - 📈 已处理603127 昭衍新药 
2025-08-24 14:30:05,478 - INFO - 📈 已处理603128 华贸物流 
2025-08-24 14:30:06,283 - INFO - 📈 已处理603129 春风动力 
2025-08-24 14:30:07,097 - INFO - 📈 已处理603130 云中马 
2025-08-24 14:30:09,871 - INFO - 📈 已处理603131 上海沪工 
2025-08-24 14:30:11,685 - INFO - 📈 已处理603132 金徽股份 
2025-08-24 14:30:14,112 - INFO - 📈 已处理603135 中重科技 
2025-08-24 14:30:16,853 - INFO - 📈 已处理603136 天目湖 
2025-08-24 14:30:19,057 - INFO - 📈 已处理603137 恒尚节能 
2025-08-24 14:30:20,489 - INFO - 📈 已处理603138 海量数据 
2025-08-24 14:30:21,814 - INFO - 📈 已处理603139 康惠制药 
2025-08-24 14:30:23,934 - INFO - 📈 已处理603150 万朗磁塑 
2025-08-24 14:30:24,821 - INFO - 📈 已处理603151 邦基科技 
2025-08-24 14:30:25,667 - INFO - 📈 已处理603153 上海建科 
2025-08-24 14:30:27,686 - INFO - 📈 已处理603155 新亚强 
2025-08-24 14:30:33,068 - INFO - 📈 已处理603156 养元饮品 
2025-08-24 14:30:36,259 - INFO - 📈 已处理603158 腾龙股份 
2025-08-24 14:30:39,397 - INFO - 📈 已处理603159 上海亚虹 
2025-08-24 14:31:06,227 - INFO - 📈 已处理603160 汇顶科技 
2025-08-24 14:31:26,071 - INFO - 📈 已处理603162 海通发展 
2025-08-24 14:31:27,224 - INFO - 📈 已处理603163 圣晖集成 
2025-08-24 14:31:30,492 - INFO - 📈 已处理603165 荣晟环保 
2025-08-24 14:31:39,097 - INFO - 📈 已处理603166 福达股份 
2025-08-24 14:31:40,236 - INFO - 📈 已处理603167 渤海轮渡 
2025-08-24 14:31:42,951 - INFO - 📈 已处理603168 莎普爱思 
2025-08-24 14:31:44,751 - INFO - 📈 已处理603169 兰石重装 
2025-08-24 14:31:45,919 - INFO - 📈 已处理603170 宝立食品 
2025-08-24 14:31:46,987 - INFO - 📈 已处理603171 税友股份 
2025-08-24 14:31:47,781 - INFO - 📈 已处理603172 万丰股份 
2025-08-24 14:31:49,157 - INFO - 📈 已处理603173 福斯达 
2025-08-24 14:31:50,323 - INFO - 📈 已处理603176 汇通集团 
2025-08-24 14:31:51,221 - INFO - 📈 已处理603177 德创环保 
2025-08-24 14:31:52,030 - INFO - 📈 已处理603178 圣龙股份 
2025-08-24 14:32:01,456 - INFO - 📈 已处理603179 新泉股份 
2025-08-24 14:32:02,527 - INFO - 📈 已处理603180 金牌家居 
2025-08-24 14:32:03,760 - INFO - 📈 已处理603181 皇马科技 
2025-08-24 14:32:06,230 - INFO - 📈 已处理603182 嘉华股份 
2025-08-24 14:32:09,696 - INFO - 📈 已处理603183 建研院 
2025-08-24 14:32:10,920 - INFO - 📈 已处理603185 弘元绿能 
2025-08-24 14:32:20,086 - INFO - 📈 已处理603186 华正新材 
2025-08-24 14:32:21,598 - INFO - 📈 已处理603187 海容冷链 
2025-08-24 14:32:22,760 - INFO - 📈 已处理603188 亚邦股份 
2025-08-24 14:32:25,410 - INFO - 📈 已处理603189 网达软件 
2025-08-24 14:32:26,780 - INFO - 📈 已处理603190 亚通精工 
2025-08-24 14:32:28,574 - INFO - 📈 已处理603191 望变电气 
2025-08-24 14:32:57,222 - INFO - 📈 已处理603192 汇得科技 
2025-08-24 14:32:57,223 - INFO - 📈 已处理 3300/4713 只股票，成功 3060 只
2025-08-24 14:32:59,376 - INFO - 📈 已处理603193 润本股份 
2025-08-24 14:33:04,307 - INFO - 📈 已处理603194 中力股份 
2025-08-24 14:33:13,945 - INFO - 📈 已处理603195 公牛集团 
2025-08-24 14:33:16,229 - INFO - 📈 已处理603196 日播时尚 
2025-08-24 14:33:18,134 - INFO - 📈 已处理603197 保隆科技 
2025-08-24 14:33:19,519 - INFO - 📈 已处理603198 迎驾贡酒 
2025-08-24 14:33:30,882 - INFO - 📈 已处理603199 九华旅游 
2025-08-24 14:33:37,918 - INFO - 📈 已处理603200 上海洗霸 
2025-08-24 14:33:45,627 - INFO - 📈 已处理603201 常润股份 
2025-08-24 14:33:54,007 - INFO - 📈 已处理603202 天有为 
2025-08-24 14:34:54,881 - WARNING - ⚠️ 603203 快克智能 K线更新失败: HTTPSConnectionPool(host='push2his.eastmoney.com', port=443): Max retries exceeded with url: /api/qt/stock/kline/get?fields1=f1%2Cf2%2Cf3%2Cf4%2Cf5%2Cf6&fields2=f51%2Cf52%2Cf53%2Cf54%2Cf55%2Cf56%2Cf57%2Cf58%2Cf59%2Cf60%2Cf61%2Cf116&ut=7eea3edcaed734bea9cbfc24409ed989&klt=101&fqt=1&secid=1.603203&beg=20250817&end=20250824 (Caused by SSLError(SSLEOFError(8, '[SSL: UNEXPECTED_EOF_WHILE_READING] EOF occurred in violation of protocol (_ssl.c:1007)')))
2025-08-24 14:35:16,479 - INFO - 📈 已处理603205 健尔康 
2025-08-24 14:35:32,761 - INFO - 📈 已处理603206 嘉环科技 
2025-08-24 14:35:37,965 - INFO - 📈 已处理603207 小方制药 
2025-08-24 14:36:54,238 - WARNING - ⚠️ 603208 江山欧派 K线更新失败: HTTPSConnectionPool(host='push2his.eastmoney.com', port=443): Max retries exceeded with url: /api/qt/stock/kline/get?fields1=f1%2Cf2%2Cf3%2Cf4%2Cf5%2Cf6&fields2=f51%2Cf52%2Cf53%2Cf54%2Cf55%2Cf56%2Cf57%2Cf58%2Cf59%2Cf60%2Cf61%2Cf116&ut=7eea3edcaed734bea9cbfc24409ed989&klt=101&fqt=1&secid=1.603208&beg=20250817&end=20250824 (Caused by SSLError(SSLEOFError(8, '[SSL: UNEXPECTED_EOF_WHILE_READING] EOF occurred in violation of protocol (_ssl.c:1007)')))
2025-08-24 14:37:07,363 - INFO - 📈 已处理603209 兴通股份 
2025-08-24 14:37:13,236 - INFO - 📈 已处理603210 泰鸿万立 
2025-08-24 14:37:44,343 - INFO - 📈 已处理603211 晋拓股份 
2025-08-24 14:37:55,778 - INFO - 📈 已处理603212 赛伍技术 
2025-08-24 14:38:04,412 - INFO - 📈 已处理603213 镇洋发展 
2025-08-24 14:38:07,357 - INFO - 📈 已处理603214 爱婴室 
2025-08-24 14:38:44,856 - INFO - 📈 已处理603215 比依股份 
2025-08-24 14:38:51,646 - INFO - 📈 已处理603216 梦天家居 
2025-08-24 14:39:00,823 - INFO - 📈 已处理603217 元利科技 
2025-08-24 14:39:05,495 - INFO - 📈 已处理603218 日月股份 
2025-08-24 14:39:06,933 - INFO - 📈 已处理603219 富佳股份 
2025-08-24 14:39:08,988 - INFO - 📈 已处理603220 中贝通信 
2025-08-24 14:39:11,354 - INFO - 📈 已处理603221 爱丽家居 
2025-08-24 14:39:12,864 - INFO - 📈 已处理603222 济民健康 
2025-08-24 14:39:14,047 - INFO - 📈 已处理603223 恒通股份 
2025-08-24 14:39:15,376 - INFO - 📈 已处理603225 新凤鸣 
2025-08-24 14:39:16,250 - INFO - 📈 已处理603226 菲林格尔 
2025-08-24 14:39:18,278 - INFO - 📈 已处理603227 雪峰科技 
2025-08-24 14:39:19,422 - INFO - 📈 已处理603228 景旺电子 
2025-08-24 14:39:30,519 - INFO - 📈 已处理603229 奥翔药业 
2025-08-24 14:39:33,974 - INFO - 📈 已处理603230 内蒙新华 
2025-08-24 14:39:35,489 - INFO - 📈 已处理603231 索宝蛋白 
2025-08-24 14:39:37,942 - INFO - 📈 已处理603232 格尔软件 
2025-08-24 14:39:41,419 - INFO - 📈 已处理603233 大参林 
2025-08-24 14:39:42,457 - INFO - 📈 已处理603235 天新药业 
2025-08-24 14:39:43,269 - INFO - 📈 已处理603236 移远通信 
2025-08-24 14:39:44,108 - INFO - 📈 已处理603237 五芳斋 
2025-08-24 14:39:46,252 - INFO - 📈 已处理603238 诺邦股份 
2025-08-24 14:39:48,764 - INFO - 📈 已处理603239 浙江仙通 
2025-08-24 14:39:50,258 - INFO - 📈 已处理603255 鼎际得 
2025-08-24 14:39:52,449 - INFO - 📈 已处理603256 宏和科技 
2025-08-24 14:39:53,230 - INFO - 📈 已处理603257 中国瑞林 
2025-08-24 14:39:54,069 - INFO - 📈 已处理603258 电魂网络 
2025-08-24 14:39:56,504 - INFO - 📈 已处理603259 药明康德 
2025-08-24 14:39:57,736 - INFO - 📈 已处理603260 合盛硅业 
2025-08-24 14:39:57,736 - INFO - 📈 已处理 3350/4713 只股票，成功 3108 只
2025-08-24 14:39:59,994 - INFO - 📈 已处理603261 *ST立航 
2025-08-24 14:40:00,802 - INFO - 📈 已处理603262 技源集团 
2025-08-24 14:40:01,799 - INFO - 📈 已处理603266 天龙股份 
2025-08-24 14:40:04,250 - INFO - 📈 已处理603267 鸿远电子 
2025-08-24 14:40:05,351 - INFO - 📈 已处理603268 *ST松发 
2025-08-24 14:40:08,830 - INFO - 📈 已处理603269 海鸥股份 
2025-08-24 14:40:10,075 - INFO - 📈 已处理603270 金帝股份 
2025-08-24 14:40:10,971 - INFO - 📈 已处理603271 永杰新材 
2025-08-24 14:40:11,798 - INFO - 📈 已处理603272 联翔股份 
2025-08-24 14:40:12,593 - INFO - 📈 已处理603273 天元智能 
2025-08-24 14:40:18,484 - INFO - 📈 已处理603275 众辰科技 
2025-08-24 14:40:19,958 - INFO - 📈 已处理603276 恒兴新材 
2025-08-24 14:40:20,757 - INFO - 📈 已处理603277 银都股份 
2025-08-24 14:40:24,974 - INFO - 📈 已处理603278 大业股份 
2025-08-24 14:40:28,098 - INFO - 📈 已处理603279 景津装备 
2025-08-24 14:40:28,898 - INFO - 📈 已处理603280 南方路机 
2025-08-24 14:40:29,807 - INFO - 📈 已处理603281 江瀚新材 
2025-08-24 14:40:31,304 - INFO - 📈 已处理603282 亚光股份 
2025-08-24 14:40:32,103 - INFO - 📈 已处理603283 赛腾股份 
2025-08-24 14:40:33,268 - INFO - 📈 已处理603285 键邦股份 
2025-08-24 14:40:34,678 - INFO - 📈 已处理603286 日盈电子 
2025-08-24 14:40:37,555 - INFO - 📈 已处理603288 海天味业 
2025-08-24 14:40:39,498 - INFO - 📈 已处理603289 泰瑞机器 
2025-08-24 14:40:41,023 - INFO - 📈 已处理603290 斯达半导 
2025-08-24 14:40:41,909 - INFO - 📈 已处理603291 联合水务 
2025-08-24 14:40:43,124 - INFO - 📈 已处理603296 华勤技术 
2025-08-24 14:40:45,290 - INFO - 📈 已处理603297 永新光学 
2025-08-24 14:40:46,158 - INFO - 📈 已处理603298 杭叉集团 
2025-08-24 14:40:47,061 - INFO - 📈 已处理603299 苏盐井神 
2025-08-24 14:40:47,858 - INFO - 📈 已处理603300 海南华铁 
2025-08-24 14:40:48,868 - INFO - 📈 已处理603301 振德医疗 
2025-08-24 14:40:52,063 - INFO - 📈 已处理603303 得邦照明 
2025-08-24 14:40:53,878 - INFO - 📈 已处理603305 旭升集团 
2025-08-24 14:40:54,748 - INFO - 📈 已处理603306 华懋科技 
2025-08-24 14:40:55,624 - INFO - 📈 已处理603307 扬州金泉 
2025-08-24 14:40:56,648 - INFO - 📈 已处理603308 应流股份 
2025-08-24 14:40:57,697 - INFO - 📈 已处理603309 维力医疗 
2025-08-24 14:40:58,637 - INFO - 📈 已处理603310 巍华新材 
2025-08-24 14:41:01,228 - INFO - 📈 已处理603311 金海高科 
2025-08-24 14:41:02,047 - INFO - 📈 已处理603312 西典新能 
2025-08-24 14:41:03,205 - INFO - 📈 已处理603313 梦百合 
2025-08-24 14:41:04,778 - INFO - 📈 已处理603315 福鞍股份 
2025-08-24 14:41:07,316 - INFO - 📈 已处理603316 诚邦股份 
2025-08-24 14:41:08,197 - INFO - 📈 已处理603317 天味食品 
2025-08-24 14:41:09,067 - INFO - 📈 已处理603318 水发燃气 
2025-08-24 14:41:10,887 - INFO - 📈 已处理603319 美湖股份 
2025-08-24 14:41:12,927 - INFO - 📈 已处理603320 迪贝电气 
2025-08-24 14:41:13,739 - INFO - 📈 已处理603321 梅轮电梯 
2025-08-24 14:41:14,589 - INFO - 📈 已处理603322 超讯通信 
2025-08-24 14:41:15,427 - INFO - 📈 已处理603323 苏农银行 
2025-08-24 14:41:15,427 - INFO - 📈 已处理 3400/4713 只股票，成功 3158 只
2025-08-24 14:41:21,124 - INFO - 📈 已处理603324 盛剑科技 
2025-08-24 14:41:23,627 - INFO - 📈 已处理603325 博隆技术 
2025-08-24 14:41:25,107 - INFO - 📈 已处理603326 我乐家居 
2025-08-24 14:41:26,623 - INFO - 📈 已处理603327 福蓉科技 
2025-08-24 14:41:28,047 - INFO - 📈 已处理603328 依顿电子 
2025-08-24 14:41:28,907 - INFO - 📈 已处理603329 上海雅仕 
2025-08-24 14:41:29,747 - INFO - 📈 已处理603330 天洋新材 
2025-08-24 14:41:38,046 - INFO - 📈 已处理603331 百达精工 
2025-08-24 14:41:38,849 - INFO - 📈 已处理603332 苏州龙杰 
2025-08-24 14:41:41,383 - INFO - 📈 已处理603333 尚纬股份 
2025-08-24 14:41:42,346 - INFO - 📈 已处理603335 迪生力 
2025-08-24 14:41:43,233 - INFO - 📈 已处理603336 宏辉果蔬 
2025-08-24 14:41:44,657 - INFO - 📈 已处理603337 杰克股份 
2025-08-24 14:41:45,507 - INFO - 📈 已处理603338 浙江鼎力 
2025-08-24 14:41:46,323 - INFO - 📈 已处理603339 四方科技 
2025-08-24 14:41:47,140 - INFO - 📈 已处理603341 龙旗科技 
2025-08-24 14:41:48,776 - INFO - 📈 已处理603344 星德胜 
2025-08-24 14:41:49,626 - INFO - 📈 已处理603345 安井食品 
2025-08-24 14:41:50,539 - INFO - 📈 已处理603348 文灿股份 
2025-08-24 14:41:51,585 - INFO - 📈 已处理603350 安乃达 
2025-08-24 14:41:54,226 - INFO - 📈 已处理603351 威尔药业 
2025-08-24 14:41:55,737 - INFO - 📈 已处理603353 和顺石油 
2025-08-24 14:41:57,486 - INFO - 📈 已处理603355 莱克电气 
2025-08-24 14:42:00,438 - INFO - 📈 已处理603356 华菱精工 
2025-08-24 14:42:01,322 - INFO - 📈 已处理603357 设计总院 
2025-08-24 14:42:03,179 - INFO - 📈 已处理603358 华达科技 
2025-08-24 14:42:11,788 - INFO - 📈 已处理603359 东珠生态 
2025-08-24 14:42:14,095 - INFO - 📈 已处理603360 百傲化学 
2025-08-24 14:42:15,759 - INFO - 📈 已处理603363 傲农生物 
2025-08-24 14:42:16,566 - INFO - 📈 已处理603365 水星家纺 
2025-08-24 14:42:17,995 - INFO - 📈 已处理603366 日出东方 
2025-08-24 14:42:20,106 - INFO - 📈 已处理603367 辰欣药业 
2025-08-24 14:42:30,824 - INFO - 📈 已处理603368 柳药集团 
2025-08-24 14:42:34,026 - INFO - 📈 已处理603369 今世缘 
2025-08-24 14:42:35,715 - INFO - 📈 已处理603373 安邦护卫 
2025-08-24 14:42:39,856 - INFO - 📈 已处理603375 盛景微 
2025-08-24 14:42:41,937 - INFO - 📈 已处理603377 ST东时 
2025-08-24 14:42:42,729 - INFO - 📈 已处理603378 亚士创能 
2025-08-24 14:42:43,795 - INFO - 📈 已处理603379 三美股份 
2025-08-24 14:42:46,238 - INFO - 📈 已处理603380 易德龙 
2025-08-24 14:42:48,665 - INFO - 📈 已处理603381 永臻股份 
2025-08-24 14:42:49,745 - INFO - 📈 已处理603382 海阳科技 
2025-08-24 14:42:52,634 - INFO - 📈 已处理603383 顶点软件 
2025-08-24 14:42:54,039 - INFO - 📈 已处理603385 惠达卫浴 
2025-08-24 14:42:55,052 - INFO - 📈 已处理603386 骏亚科技 
2025-08-24 14:42:55,920 - INFO - 📈 已处理603387 基蛋生物 
2025-08-24 14:43:00,994 - INFO - 📈 已处理603388 *ST元成 
2025-08-24 14:43:02,569 - INFO - 📈 已处理603389 *ST亚振 
2025-08-24 14:43:04,794 - INFO - 📈 已处理603390 通达电气 
2025-08-24 14:43:04,794 - INFO - 📈 已处理 3450/4713 只股票，成功 3207 只
2025-08-24 14:43:06,311 - INFO - 📈 已处理603391 力聚热能 
2025-08-24 14:43:09,905 - INFO - 📈 已处理603392 万泰生物 
2025-08-24 14:43:11,375 - INFO - 📈 已处理603393 新天然气 
2025-08-24 14:43:15,204 - INFO - 📈 已处理603395 红四方 
2025-08-24 14:43:16,453 - INFO - 📈 已处理603396 金辰股份 
2025-08-24 14:43:23,420 - INFO - 📈 已处理603398 *ST沐邦 
2025-08-24 14:44:45,260 - WARNING - ⚠️ 603399 永杉锂业 K线更新失败: HTTPSConnectionPool(host='push2his.eastmoney.com', port=443): Max retries exceeded with url: /api/qt/stock/kline/get?fields1=f1%2Cf2%2Cf3%2Cf4%2Cf5%2Cf6&fields2=f51%2Cf52%2Cf53%2Cf54%2Cf55%2Cf56%2Cf57%2Cf58%2Cf59%2Cf60%2Cf61%2Cf116&ut=7eea3edcaed734bea9cbfc24409ed989&klt=101&fqt=1&secid=1.603399&beg=20250817&end=20250824 (Caused by SSLError(SSLError(5, '[SYS] unknown error (_ssl.c:2426)')))
2025-08-24 14:44:48,522 - INFO - 📈 已处理603400 华之杰 
2025-08-24 14:44:49,792 - INFO - 📈 已处理603406 天富龙 
2025-08-24 14:44:51,164 - INFO - 📈 已处理603408 建霖家居 
2025-08-24 14:44:52,024 - INFO - 📈 已处理603409 汇通控股 
2025-08-24 14:44:55,852 - INFO - 📈 已处理603416 信捷电气 
2025-08-24 14:44:58,563 - INFO - 📈 已处理603421 鼎信通讯 
2025-08-24 14:45:00,070 - INFO - 📈 已处理603429 集友股份 
2025-08-24 14:45:03,560 - INFO - 📈 已处理603439 贵州三力 
2025-08-24 14:45:05,268 - INFO - 📈 已处理603444 吉比特 
2025-08-24 14:45:06,726 - INFO - 📈 已处理603456 九洲药业 
2025-08-24 14:45:07,899 - INFO - 📈 已处理603458 勘设股份 
2025-08-24 14:45:08,702 - INFO - 📈 已处理603466 风语筑 
2025-08-24 14:45:09,866 - INFO - 📈 已处理603477 巨星农牧 
2025-08-24 14:45:11,680 - INFO - 📈 已处理603486 科沃斯 
2025-08-24 14:45:13,749 - INFO - 📈 已处理603488 展鹏科技 
2025-08-24 14:45:15,204 - INFO - 📈 已处理603489 八方股份 
2025-08-24 14:45:17,393 - INFO - 📈 已处理603496 恒为科技 
2025-08-24 14:45:18,408 - INFO - 📈 已处理603499 翔港科技 
2025-08-24 14:45:19,219 - INFO - 📈 已处理603500 祥和实业 
2025-08-24 14:45:26,001 - INFO - 📈 已处理603501 豪威集团 
2025-08-24 14:45:27,140 - INFO - 📈 已处理603505 金石资源 
2025-08-24 14:45:29,331 - INFO - 📈 已处理603506 南都物业 
2025-08-24 14:45:30,143 - INFO - 📈 已处理603507 振江股份 
2025-08-24 14:45:32,351 - INFO - 📈 已处理603508 思维列控 
2025-08-24 14:45:33,589 - INFO - 📈 已处理603511 爱慕股份 
2025-08-24 14:45:35,724 - INFO - 📈 已处理603515 欧普照明 
2025-08-24 14:45:39,024 - INFO - 📈 已处理603516 淳中科技 
2025-08-24 14:45:40,299 - INFO - 📈 已处理603517 绝味食品 
2025-08-24 14:45:42,270 - INFO - 📈 已处理603518 锦泓集团 
2025-08-24 14:45:43,356 - INFO - 📈 已处理603519 立霸股份 
2025-08-24 14:45:44,310 - INFO - 📈 已处理603520 司太立 
2025-08-24 14:45:46,911 - INFO - 📈 已处理603527 众源新材 
2025-08-24 14:47:43,220 - WARNING - ⚠️ 603528 多伦科技 K线更新失败: HTTPSConnectionPool(host='push2his.eastmoney.com', port=443): Max retries exceeded with url: /api/qt/stock/kline/get?fields1=f1%2Cf2%2Cf3%2Cf4%2Cf5%2Cf6&fields2=f51%2Cf52%2Cf53%2Cf54%2Cf55%2Cf56%2Cf57%2Cf58%2Cf59%2Cf60%2Cf61%2Cf116&ut=7eea3edcaed734bea9cbfc24409ed989&klt=101&fqt=1&secid=1.603528&beg=20250817&end=20250824 (Caused by ProxyError('Unable to connect to proxy', RemoteDisconnected('Remote end closed connection without response')))
2025-08-24 14:47:45,255 - INFO - 📈 已处理603529 爱玛科技 
2025-08-24 14:47:46,280 - INFO - 📈 已处理603530 神马电力 
2025-08-24 14:47:48,936 - INFO - 📈 已处理603533 掌阅科技 
2025-08-24 14:47:52,188 - INFO - 📈 已处理603535 嘉诚国际 
2025-08-24 14:47:55,578 - INFO - 📈 已处理603536 惠发食品 
2025-08-24 14:47:56,804 - INFO - 📈 已处理603538 美诺华 
2025-08-24 14:48:03,616 - INFO - 📈 已处理603551 奥普科技 
2025-08-24 14:48:06,043 - INFO - 📈 已处理603556 海兴电力 
2025-08-24 14:48:07,374 - INFO - 📈 已处理603557 ST起步 
2025-08-24 14:48:07,374 - INFO - 📈 已处理 3500/4713 只股票，成功 3254 只
2025-08-24 14:48:08,407 - INFO - 📈 已处理603558 健盛集团 
2025-08-24 14:48:09,512 - INFO - 📈 已处理603559 ST通脉 
2025-08-24 14:48:10,812 - INFO - 📈 已处理603565 中谷物流 
2025-08-24 14:48:12,839 - INFO - 📈 已处理603566 普莱柯 
2025-08-24 14:48:14,029 - INFO - 📈 已处理603567 珍宝岛 
2025-08-24 14:48:18,723 - INFO - 📈 已处理603568 伟明环保 
2025-08-24 14:48:21,335 - INFO - 📈 已处理603569 长久物流 
2025-08-24 14:48:22,449 - INFO - 📈 已处理603577 汇金通 
2025-08-24 14:48:23,467 - INFO - 📈 已处理603578 三星新材 
2025-08-24 14:48:35,774 - INFO - 📈 已处理603579 荣泰健康 
2025-08-24 14:48:37,258 - INFO - 📈 已处理603580 *ST艾艾 
2025-08-24 14:48:38,262 - INFO - 📈 已处理603583 捷昌驱动 
2025-08-24 14:48:40,635 - INFO - 📈 已处理603585 苏利股份 
2025-08-24 14:48:42,154 - INFO - 📈 已处理603586 金麒麟 
2025-08-24 14:48:43,194 - INFO - 📈 已处理603587 地素时尚 
2025-08-24 14:48:45,495 - INFO - 📈 已处理603588 高能环境 
2025-08-24 14:50:15,155 - WARNING - ⚠️ 603589 口子窖 K线更新失败: HTTPSConnectionPool(host='push2his.eastmoney.com', port=443): Max retries exceeded with url: /api/qt/stock/kline/get?fields1=f1%2Cf2%2Cf3%2Cf4%2Cf5%2Cf6&fields2=f51%2Cf52%2Cf53%2Cf54%2Cf55%2Cf56%2Cf57%2Cf58%2Cf59%2Cf60%2Cf61%2Cf116&ut=7eea3edcaed734bea9cbfc24409ed989&klt=101&fqt=1&secid=1.603589&beg=20250817&end=20250824 (Caused by SSLError(SSLError(5, '[SYS] unknown error (_ssl.c:2426)')))
2025-08-24 14:50:34,237 - INFO - 📈 已处理603590 康辰药业 
2025-08-24 14:50:38,798 - INFO - 📈 已处理603595 东尼电子 
2025-08-24 14:50:41,481 - INFO - 📈 已处理603596 伯特利 
2025-08-24 14:50:46,455 - INFO - 📈 已处理603598 引力传媒 
2025-08-24 14:50:53,468 - INFO - 📈 已处理603599 广信股份 
2025-08-24 14:50:55,076 - INFO - 📈 已处理603600 永艺股份 
2025-08-24 14:52:00,905 - WARNING - ⚠️ 603601 再升科技 K线更新失败: HTTPSConnectionPool(host='push2his.eastmoney.com', port=443): Max retries exceeded with url: /api/qt/stock/kline/get?fields1=f1%2Cf2%2Cf3%2Cf4%2Cf5%2Cf6&fields2=f51%2Cf52%2Cf53%2Cf54%2Cf55%2Cf56%2Cf57%2Cf58%2Cf59%2Cf60%2Cf61%2Cf116&ut=7eea3edcaed734bea9cbfc24409ed989&klt=101&fqt=1&secid=1.603601&beg=20250817&end=20250824 (Caused by SSLError(SSLError(5, '[SYS] unknown error (_ssl.c:2426)')))
2025-08-24 14:52:02,321 - INFO - 📈 已处理603602 纵横通信 
2025-08-24 14:52:04,366 - INFO - 📈 已处理603605 珀莱雅 
2025-08-24 14:52:06,185 - INFO - 📈 已处理603606 东方电缆 
2025-08-24 14:52:07,261 - INFO - 📈 已处理603607 京华激光 
2025-08-24 14:52:09,902 - INFO - 📈 已处理603608 天创时尚 
2025-08-24 14:52:10,756 - INFO - 📈 已处理603609 禾丰股份 
2025-08-24 14:52:19,858 - INFO - 📈 已处理603610 麒盛科技 
2025-08-24 14:52:20,706 - INFO - 📈 已处理603611 诺力股份 
2025-08-24 14:52:22,762 - INFO - 📈 已处理603612 索通发展 
2025-08-24 14:52:23,557 - INFO - 📈 已处理603613 国联股份 
2025-08-24 14:52:25,350 - INFO - 📈 已处理603615 茶花股份 
2025-08-24 14:52:26,206 - INFO - 📈 已处理603616 韩建河山 
2025-08-24 14:52:27,074 - INFO - 📈 已处理603617 君禾股份 
2025-08-24 14:52:27,989 - INFO - 📈 已处理603618 杭电股份 
2025-08-24 14:52:28,789 - INFO - 📈 已处理603619 中曼石油 
2025-08-24 14:52:30,523 - INFO - 📈 已处理603626 科森科技 
2025-08-24 14:52:31,640 - INFO - 📈 已处理603628 清源股份 
2025-08-24 14:52:33,228 - INFO - 📈 已处理603629 利通电子 
2025-08-24 14:52:34,455 - INFO - 📈 已处理603630 拉芳家化 
2025-08-24 14:52:35,903 - INFO - 📈 已处理603633 徕木股份 
2025-08-24 14:52:36,711 - INFO - 📈 已处理603636 南威软件 
2025-08-24 14:52:41,451 - INFO - 📈 已处理603637 镇海股份 
2025-08-24 14:52:43,294 - INFO - 📈 已处理603638 艾迪精密 
2025-08-24 14:52:44,322 - INFO - 📈 已处理603639 海利尔 
2025-08-24 14:52:45,769 - INFO - 📈 已处理603648 XD畅联股 
2025-08-24 14:52:45,769 - INFO - 📈 已处理 3550/4713 只股票，成功 3301 只
2025-08-24 14:52:47,176 - INFO - 📈 已处理603650 彤程新材 
2025-08-24 14:52:48,929 - INFO - 📈 已处理603655 朗博科技 
2025-08-24 14:52:55,844 - INFO - 📈 已处理603656 泰禾智能 
2025-08-24 14:52:59,212 - INFO - 📈 已处理603657 春光科技 
2025-08-24 14:53:02,540 - INFO - 📈 已处理603658 安图生物 
2025-08-24 14:53:03,739 - INFO - 📈 已处理603659 璞泰来 
2025-08-24 14:53:05,269 - INFO - 📈 已处理603660 苏州科达 
2025-08-24 14:53:06,739 - INFO - 📈 已处理603661 恒林股份 
2025-08-24 14:53:07,738 - INFO - 📈 已处理603662 柯力传感 
2025-08-24 14:53:10,988 - INFO - 📈 已处理603663 三祥新材 
2025-08-24 14:53:12,616 - INFO - 📈 已处理603665 康隆达 
2025-08-24 14:53:15,225 - INFO - 📈 已处理603666 亿嘉和 
2025-08-24 14:53:16,058 - INFO - 📈 已处理603667 五洲新春 
2025-08-24 14:53:16,927 - INFO - 📈 已处理603668 天马科技 
2025-08-24 14:53:17,759 - INFO - 📈 已处理603669 灵康药业 
2025-08-24 14:53:19,421 - INFO - 📈 已处理603676 卫信康 
2025-08-24 14:53:22,818 - INFO - 📈 已处理603677 奇精机械 
2025-08-24 14:53:24,950 - INFO - 📈 已处理603678 火炬电子 
2025-08-24 14:53:32,904 - INFO - 📈 已处理603679 华体科技 
2025-08-24 14:53:34,876 - INFO - 📈 已处理603680 今创集团 
2025-08-24 14:53:45,281 - INFO - 📈 已处理603681 永冠新材 
2025-08-24 14:53:46,758 - INFO - 📈 已处理603682 锦和商管 
2025-08-24 14:53:47,604 - INFO - 📈 已处理603683 晶华新材 
2025-08-24 14:53:49,377 - INFO - 📈 已处理603685 晨丰科技 
2025-08-24 14:53:50,226 - INFO - 📈 已处理603686 福龙马 
2025-08-24 14:53:51,100 - INFO - 📈 已处理603687 大胜达 
2025-08-24 14:53:52,446 - INFO - 📈 已处理603688 石英股份 
2025-08-24 14:53:53,287 - INFO - 📈 已处理603689 皖天然气 
2025-08-24 14:53:54,163 - INFO - 📈 已处理603690 至纯科技 
2025-08-24 14:53:56,125 - INFO - 📈 已处理603693 江苏新能 
2025-08-24 14:53:56,972 - INFO - 📈 已处理603696 安记食品 
2025-08-24 14:54:00,182 - INFO - 📈 已处理603697 有友食品 
2025-08-24 14:54:04,207 - INFO - 📈 已处理603698 航天工程 
2025-08-24 14:54:06,689 - INFO - 📈 已处理603699 纽威股份 
2025-08-24 14:54:07,670 - INFO - 📈 已处理603700 宁水集团 
2025-08-24 14:54:08,456 - INFO - 📈 已处理603701 德宏股份 
2025-08-24 14:54:09,253 - INFO - 📈 已处理603703 盛洋科技 
2025-08-24 14:54:10,122 - INFO - 📈 已处理603706 东方环宇 
2025-08-24 14:54:13,722 - INFO - 📈 已处理603707 健友股份 
2025-08-24 14:54:14,627 - INFO - 📈 已处理603708 家家悦 
2025-08-24 14:54:15,804 - INFO - 📈 已处理603709 中源家居 
2025-08-24 14:54:16,807 - INFO - 📈 已处理603711 香飘飘 
2025-08-24 14:54:17,605 - INFO - 📈 已处理603712 七一二 
2025-08-24 14:54:18,678 - INFO - 📈 已处理603713 密尔克卫 
2025-08-24 14:54:20,397 - INFO - 📈 已处理603716 塞力医疗 
2025-08-24 14:54:26,807 - INFO - 📈 已处理603717 天域生物 
2025-08-24 14:54:29,275 - INFO - 📈 已处理603718 海利生物 
2025-08-24 14:54:31,277 - INFO - 📈 已处理603719 良品铺子 
2025-08-24 14:54:32,136 - INFO - 📈 已处理603721 *ST天择 
2025-08-24 14:54:43,562 - INFO - 📈 已处理603722 阿科力 
2025-08-24 14:54:43,562 - INFO - 📈 已处理 3600/4713 只股票，成功 3351 只
2025-08-24 14:54:44,427 - INFO - 📈 已处理603725 天安新材 
2025-08-24 14:54:45,472 - INFO - 📈 已处理603726 朗迪集团 
2025-08-24 14:54:46,286 - INFO - 📈 已处理603727 博迈科 
2025-08-24 14:54:47,106 - INFO - 📈 已处理603728 鸣志电器 
2025-08-24 14:54:50,598 - INFO - 📈 已处理603729 龙韵股份 
2025-08-24 14:54:52,667 - INFO - 📈 已处理603730 岱美股份 
2025-08-24 14:54:53,904 - INFO - 📈 已处理603733 仙鹤股份 
2025-08-24 14:54:58,437 - INFO - 📈 已处理603737 三棵树 
2025-08-24 14:54:59,459 - INFO - 📈 已处理603738 泰晶科技 
2025-08-24 14:55:00,236 - INFO - 📈 已处理603739 蔚蓝生物 
2025-08-24 14:55:01,319 - INFO - 📈 已处理603755 日辰股份 
2025-08-24 14:55:05,114 - INFO - 📈 已处理603757 大元泵业 
2025-08-24 14:55:08,376 - INFO - 📈 已处理603758 秦安股份 
2025-08-24 14:55:09,169 - INFO - 📈 已处理603759 海天股份 
2025-08-24 14:55:10,741 - INFO - 📈 已处理603766 隆鑫通用 
2025-08-24 14:55:17,501 - INFO - 📈 已处理603767 中马传动 
2025-08-24 14:55:21,172 - INFO - 📈 已处理603768 常青股份 
2025-08-24 14:55:22,035 - INFO - 📈 已处理603773 沃格光电 
2025-08-24 14:55:23,759 - INFO - 📈 已处理603776 永安行 
2025-08-24 14:55:24,541 - INFO - 📈 已处理603777 来伊份 
2025-08-24 14:55:27,501 - INFO - 📈 已处理603778 国晟科技 
2025-08-24 14:55:28,980 - INFO - 📈 已处理603779 威龙股份 
2025-08-24 14:55:31,223 - INFO - 📈 已处理603786 科博达 
2025-08-24 14:55:34,675 - INFO - 📈 已处理603787 新日股份 
2025-08-24 14:55:35,501 - INFO - 📈 已处理603788 宁波高发 
2025-08-24 14:55:40,012 - INFO - 📈 已处理603789 *ST星农 
2025-08-24 14:55:41,400 - INFO - 📈 已处理603790 雅运股份 
2025-08-24 14:55:43,263 - INFO - 📈 已处理603797 联泰环保 
2025-08-24 14:55:44,201 - INFO - 📈 已处理603798 康普顿 
2025-08-24 14:55:45,439 - INFO - 📈 已处理603799 华友钴业 
2025-08-24 14:55:46,551 - INFO - 📈 已处理603800 洪田股份 
2025-08-24 14:55:47,619 - INFO - 📈 已处理603801 志邦家居 
2025-08-24 14:55:48,952 - INFO - 📈 已处理603803 瑞斯康达 
2025-08-24 14:55:52,596 - INFO - 📈 已处理603806 福斯特 
2025-08-24 14:55:54,519 - INFO - 📈 已处理603808 歌力思 
2025-08-24 14:55:55,934 - INFO - 📈 已处理603809 豪能股份 
2025-08-24 14:55:56,991 - INFO - 📈 已处理603810 丰山集团 
2025-08-24 14:55:59,342 - INFO - 📈 已处理603811 诚意药业 
2025-08-24 14:56:01,398 - INFO - 📈 已处理603813 *ST原尚 
2025-08-24 14:56:02,212 - INFO - 📈 已处理603815 交建股份 
2025-08-24 14:56:05,831 - INFO - 📈 已处理603816 顾家家居 
2025-08-24 14:56:06,888 - INFO - 📈 已处理603817 海峡环保 
2025-08-24 14:56:16,516 - INFO - 📈 已处理603818 曲美家居 
2025-08-24 14:56:24,959 - INFO - 📈 已处理603819 神力股份 
2025-08-24 14:57:30,168 - WARNING - ⚠️ 603822 嘉澳环保 K线更新失败: HTTPSConnectionPool(host='push2his.eastmoney.com', port=443): Max retries exceeded with url: /api/qt/stock/kline/get?fields1=f1%2Cf2%2Cf3%2Cf4%2Cf5%2Cf6&fields2=f51%2Cf52%2Cf53%2Cf54%2Cf55%2Cf56%2Cf57%2Cf58%2Cf59%2Cf60%2Cf61%2Cf116&ut=7eea3edcaed734bea9cbfc24409ed989&klt=101&fqt=1&secid=1.603822&beg=20250817&end=20250824 (Caused by SSLError(SSLError(5, '[SYS] unknown error (_ssl.c:2426)')))
2025-08-24 14:57:38,277 - INFO - 📈 已处理603823 百合花 
2025-08-24 14:57:42,172 - INFO - 📈 已处理603825 华扬联众 
2025-08-24 14:57:55,279 - WARNING - ⚠️ 603826 坤彩科技 K线更新失败: HTTPSConnectionPool(host='push2his.eastmoney.com', port=443): Max retries exceeded with url: /api/qt/stock/kline/get?fields1=f1%2Cf2%2Cf3%2Cf4%2Cf5%2Cf6&fields2=f51%2Cf52%2Cf53%2Cf54%2Cf55%2Cf56%2Cf57%2Cf58%2Cf59%2Cf60%2Cf61%2Cf116&ut=7eea3edcaed734bea9cbfc24409ed989&klt=101&fqt=1&secid=1.603826&beg=20250817&end=20250824 (Caused by SSLError(SSLEOFError(8, '[SSL: UNEXPECTED_EOF_WHILE_READING] EOF occurred in violation of protocol (_ssl.c:1007)')))
2025-08-24 14:58:19,601 - INFO - 📈 已处理603828 ST柯利达 
2025-08-24 14:58:31,411 - INFO - 📈 已处理603829 洛凯股份 
2025-08-24 14:58:31,411 - INFO - 📈 已处理 3650/4713 只股票，成功 3399 只
2025-08-24 14:58:36,244 - INFO - 📈 已处理603833 欧派家居 
2025-08-24 14:58:40,162 - INFO - 📈 已处理603836 海程邦达 
2025-08-24 14:58:41,316 - INFO - 📈 已处理603838 *ST四通 
2025-08-24 14:58:44,440 - INFO - 📈 已处理603839 安正时尚 
2025-08-24 14:58:47,646 - INFO - 📈 已处理603843 *ST正平 
2025-08-24 14:58:49,554 - INFO - 📈 已处理603848 好太太 
2025-08-24 14:58:50,448 - INFO - 📈 已处理603855 华荣股份 
2025-08-24 14:58:52,889 - INFO - 📈 已处理603856 东宏股份 
2025-08-24 14:58:53,908 - INFO - 📈 已处理603858 步长制药 
2025-08-24 14:58:54,965 - INFO - 📈 已处理603859 能科科技 
2025-08-24 14:58:56,260 - INFO - 📈 已处理603860 中公高科 
2025-08-24 14:58:57,060 - INFO - 📈 已处理603861 白云电器 
2025-08-24 14:58:58,212 - INFO - 📈 已处理603863 松炀资源 
2025-08-24 14:58:59,089 - INFO - 📈 已处理603866 桃李面包 
2025-08-24 14:59:00,321 - INFO - 📈 已处理603867 新化股份 
2025-08-24 14:59:01,125 - INFO - 📈 已处理603868 飞科电器 
2025-08-24 14:59:01,984 - INFO - 📈 已处理603869 ST智知 
2025-08-24 14:59:02,909 - INFO - 📈 已处理603871 嘉友国际 
2025-08-24 14:59:04,054 - INFO - 📈 已处理603876 鼎胜新材 
2025-08-24 14:59:05,681 - INFO - 📈 已处理603877 太平鸟 
2025-08-24 14:59:06,578 - INFO - 📈 已处理603878 武进不锈 
2025-08-24 14:59:07,515 - INFO - 📈 已处理603879 永悦科技 
2025-08-24 14:59:08,743 - INFO - 📈 已处理603880 南卫股份 
2025-08-24 14:59:09,646 - INFO - 📈 已处理603881 数据港 
2025-08-24 14:59:11,380 - INFO - 📈 已处理603882 金域医学 
2025-08-24 14:59:12,187 - INFO - 📈 已处理603883 老百姓 
2025-08-24 14:59:12,971 - INFO - 📈 已处理603885 吉祥航空 
2025-08-24 14:59:15,117 - INFO - 📈 已处理603886 元祖股份 
2025-08-24 14:59:18,725 - INFO - 📈 已处理603887 城地香江 
2025-08-24 14:59:20,153 - INFO - 📈 已处理603888 新华网 
2025-08-24 14:59:20,960 - INFO - 📈 已处理603889 新澳股份 
2025-08-24 14:59:21,792 - INFO - 📈 已处理603890 春秋电子 
2025-08-24 14:59:22,920 - INFO - 📈 已处理603893 瑞芯微 
2025-08-24 14:59:23,742 - INFO - 📈 已处理603895 天永智能 
2025-08-24 14:59:25,105 - INFO - 📈 已处理603896 寿仙谷 
2025-08-24 14:59:25,914 - INFO - 📈 已处理603897 长城科技 
2025-08-24 14:59:26,959 - INFO - 📈 已处理603898 好莱客 
2025-08-24 14:59:27,774 - INFO - 📈 已处理603899 晨光股份 
2025-08-24 14:59:29,372 - INFO - 📈 已处理603900 莱绅通灵 
2025-08-24 14:59:31,254 - INFO - 📈 已处理603901 永创智能 
2025-08-24 14:59:32,956 - INFO - 📈 已处理603903 中持股份 
2025-08-24 14:59:35,170 - INFO - 📈 已处理603906 龙蟠科技 
2025-08-24 14:59:37,818 - INFO - 📈 已处理603908 牧高笛 
2025-08-24 14:59:39,729 - INFO - 📈 已处理603909 建发合诚 
2025-08-24 14:59:41,012 - INFO - 📈 已处理603912 佳力图 
2025-08-24 14:59:41,806 - INFO - 📈 已处理603915 国茂股份 
2025-08-24 14:59:43,564 - INFO - 📈 已处理603916 苏博特 
2025-08-24 14:59:44,431 - INFO - 📈 已处理603917 合力科技 
2025-08-24 14:59:45,487 - INFO - 📈 已处理603918 金桥信息 
2025-08-24 14:59:46,678 - INFO - 📈 已处理603919 金徽酒 
2025-08-24 14:59:46,678 - INFO - 📈 已处理 3700/4713 只股票，成功 3449 只
2025-08-24 14:59:47,503 - INFO - 📈 已处理603920 世运电路 
2025-08-24 14:59:48,353 - INFO - 📈 已处理603922 金鸿顺 
2025-08-24 14:59:49,258 - INFO - 📈 已处理603926 铁流股份 
2025-08-24 14:59:50,060 - INFO - 📈 已处理603927 中科软 
2025-08-24 14:59:50,863 - INFO - 📈 已处理603928 兴业股份 
2025-08-24 14:59:51,670 - INFO - 📈 已处理603929 亚翔集成 
2025-08-24 14:59:54,567 - INFO - 📈 已处理603931 格林达 
2025-08-24 14:59:55,699 - INFO - 📈 已处理603933 睿能科技 
2025-08-24 14:59:57,538 - INFO - 📈 已处理603936 博敏电子 
2025-08-24 14:59:59,600 - INFO - 📈 已处理603937 丽岛新材 
2025-08-24 15:00:00,743 - INFO - 📈 已处理603938 三孚股份 
2025-08-24 15:00:02,811 - INFO - 📈 已处理603939 益丰药房 
2025-08-24 15:00:07,405 - INFO - 📈 已处理603948 建业股份 
2025-08-24 15:00:12,936 - WARNING - ⚠️ 603949 雪龙集团 K线更新失败: ('Connection aborted.', ConnectionResetError(10054, '远程主机强迫关闭了一个现有的连接。', None, 10054, None))
2025-08-24 15:00:14,774 - INFO - 📈 已处理603950 长源东谷 
2025-08-24 15:00:16,606 - INFO - 📈 已处理603955 大千生态 
2025-08-24 15:00:17,478 - INFO - 📈 已处理603956 威派格 
2025-08-24 15:00:19,499 - INFO - 📈 已处理603958 哈森股份 
2025-08-24 15:00:20,306 - INFO - 📈 已处理603959 百利科技 
2025-08-24 15:00:21,106 - INFO - 📈 已处理603960 克来机电 
2025-08-24 15:00:24,194 - INFO - 📈 已处理603966 法兰泰克 
2025-08-24 15:00:26,124 - INFO - 📈 已处理603967 中创物流 
2025-08-24 15:00:27,452 - INFO - 📈 已处理603968 醋化股份 
2025-08-24 15:00:28,992 - INFO - 📈 已处理603969 银龙股份 
2025-08-24 15:00:30,422 - INFO - 📈 已处理603970 中农立华 
2025-08-24 15:00:33,679 - INFO - 📈 已处理603976 正川股份 
2025-08-24 15:00:36,493 - INFO - 📈 已处理603977 国泰集团 
2025-08-24 15:00:38,942 - INFO - 📈 已处理603978 深圳新星 
2025-08-24 15:00:40,533 - INFO - 📈 已处理603979 金诚信 
2025-08-24 15:00:41,871 - INFO - 📈 已处理603980 吉华集团 
2025-08-24 15:00:46,883 - INFO - 📈 已处理603982 泉峰汽车 
2025-08-24 15:00:47,965 - INFO - 📈 已处理603983 丸美生物 
2025-08-24 15:00:48,774 - INFO - 📈 已处理603985 恒润股份 
2025-08-24 15:00:50,384 - INFO - 📈 已处理603986 兆易创新 
2025-08-24 15:00:52,210 - INFO - 📈 已处理603987 康德莱 
2025-08-24 15:00:53,110 - INFO - 📈 已处理603988 中电电机 
2025-08-24 15:00:55,059 - INFO - 📈 已处理603989 艾华集团 
2025-08-24 15:00:56,368 - INFO - 📈 已处理603990 麦迪科技 
2025-08-24 15:00:57,247 - INFO - 📈 已处理603991 至正股份 
2025-08-24 15:00:58,596 - INFO - 📈 已处理603992 松霖科技 
2025-08-24 15:01:00,573 - INFO - 📈 已处理603993 洛阳钼业 
2025-08-24 15:01:01,743 - INFO - 📈 已处理603995 甬金股份 
2025-08-24 15:01:08,230 - INFO - 📈 已处理603997 继峰股份 
2025-08-24 15:01:10,320 - INFO - 📈 已处理603998 方盛制药 
2025-08-24 15:01:11,134 - INFO - 📈 已处理603999 读者传媒 
2025-08-24 15:01:13,161 - INFO - 📈 已处理605001 威奥股份 
2025-08-24 15:01:14,512 - INFO - 📈 已处理605003 众望布艺 
2025-08-24 15:01:17,616 - INFO - 📈 已处理605005 合兴股份 
2025-08-24 15:01:17,616 - INFO - 📈 已处理 3750/4713 只股票，成功 3496 只
2025-08-24 15:01:18,429 - INFO - 📈 已处理605006 山东玻纤 
2025-08-24 15:01:19,250 - INFO - 📈 已处理605007 五洲特纸 
2025-08-24 15:01:20,261 - INFO - 📈 已处理605008 长鸿高科 
2025-08-24 15:01:21,272 - INFO - 📈 已处理605009 豪悦护理 
2025-08-24 15:01:22,816 - INFO - 📈 已处理605011 杭州热电 
2025-08-24 15:01:23,905 - INFO - 📈 已处理605016 百龙创园 
2025-08-24 15:01:28,655 - INFO - 📈 已处理605018 长华集团 
2025-08-24 15:01:29,523 - INFO - 📈 已处理605020 永和股份 
2025-08-24 15:01:31,107 - INFO - 📈 已处理605028 世茂能源 
2025-08-24 15:01:32,187 - INFO - 📈 已处理605033 美邦股份 
2025-08-24 15:01:32,983 - INFO - 📈 已处理605050 福然德 
2025-08-24 15:01:33,893 - INFO - 📈 已处理605055 迎丰股份 
2025-08-24 15:01:35,003 - INFO - 📈 已处理605056 咸亨国际 
2025-08-24 15:01:37,276 - INFO - 📈 已处理605058 澳弘电子 
2025-08-24 15:02:04,757 - INFO - 📈 已处理605060 联德股份 
2025-08-24 15:02:09,302 - INFO - 📈 已处理605066 天正电气 
2025-08-24 15:02:14,597 - INFO - 📈 已处理605068 明新旭腾 
2025-08-24 15:02:30,475 - INFO - 📈 已处理605069 正和生态 
2025-08-24 15:02:41,389 - INFO - 📈 已处理605077 华康股份 
2025-08-24 15:02:43,675 - INFO - 📈 已处理605080 浙江自然 
2025-08-24 15:02:45,789 - INFO - 📈 已处理605081 *ST太和 
2025-08-24 15:03:02,152 - INFO - 📈 已处理605086 龙高股份 
2025-08-24 15:03:05,183 - INFO - 📈 已处理605088 冠盛股份 
2025-08-24 15:03:08,741 - INFO - 📈 已处理605089 味知香 
2025-08-24 15:03:17,269 - INFO - 📈 已处理605090 九丰能源 
2025-08-24 15:03:45,316 - INFO - 📈 已处理605098 行动教育 
2025-08-24 15:04:30,771 - INFO - 📈 已处理605099 共创草坪 
2025-08-24 15:04:33,428 - INFO - 📈 已处理605100 华丰股份 
2025-08-24 15:06:06,084 - WARNING - ⚠️ 605108 同庆楼 K线更新失败: HTTPSConnectionPool(host='push2his.eastmoney.com', port=443): Max retries exceeded with url: /api/qt/stock/kline/get?fields1=f1%2Cf2%2Cf3%2Cf4%2Cf5%2Cf6&fields2=f51%2Cf52%2Cf53%2Cf54%2Cf55%2Cf56%2Cf57%2Cf58%2Cf59%2Cf60%2Cf61%2Cf116&ut=7eea3edcaed734bea9cbfc24409ed989&klt=101&fqt=1&secid=1.605108&beg=20250817&end=20250824 (Caused by ProxyError('Unable to connect to proxy', RemoteDisconnected('Remote end closed connection without response')))
2025-08-24 15:06:08,355 - INFO - 📈 已处理605111 新洁能 
2025-08-24 15:06:09,173 - INFO - 📈 已处理605116 奥锐特 
2025-08-24 15:06:10,933 - INFO - 📈 已处理605117 德业股份 
2025-08-24 15:06:22,411 - INFO - 📈 已处理605118 力鼎光电 
2025-08-24 15:06:35,902 - INFO - 📈 已处理605122 四方新材 
2025-08-24 15:06:38,005 - INFO - 📈 已处理605123 派克新材 
2025-08-24 15:06:39,210 - INFO - 📈 已处理605128 上海沿浦 
2025-08-24 15:06:39,996 - INFO - 📈 已处理605133 嵘泰股份 
2025-08-24 15:06:42,710 - INFO - 📈 已处理605136 丽人丽妆 
2025-08-24 15:06:44,071 - INFO - 📈 已处理605138 盛泰集团 
2025-08-24 15:06:48,549 - INFO - 📈 已处理605151 西上海 
2025-08-24 15:06:49,425 - INFO - 📈 已处理605155 西大门 
2025-08-24 15:06:50,706 - INFO - 📈 已处理605158 华达新材 
2025-08-24 15:06:51,518 - INFO - 📈 已处理605162 新中港 
2025-08-24 15:06:53,831 - INFO - 📈 已处理605166 聚合顺 
2025-08-24 15:06:54,621 - INFO - 📈 已处理605167 利柏特 
2025-08-24 15:06:55,983 - INFO - 📈 已处理605168 三人行 
2025-08-24 15:06:56,956 - INFO - 📈 已处理605169 洪通燃气 
2025-08-24 15:06:58,780 - INFO - 📈 已处理605177 东亚药业 
2025-08-24 15:06:59,894 - INFO - 📈 已处理605178 时空科技 
2025-08-24 15:07:01,040 - INFO - 📈 已处理605179 一鸣食品 
2025-08-24 15:07:01,040 - INFO - 📈 已处理 3800/4713 只股票，成功 3545 只
2025-08-24 15:07:02,175 - INFO - 📈 已处理605180 华生科技 
2025-08-24 15:07:02,972 - INFO - 📈 已处理605183 确成股份 
2025-08-24 15:07:14,147 - INFO - 📈 已处理605186 健麾信息 
2025-08-24 15:07:17,628 - INFO - 📈 已处理605188 国光连锁 
2025-08-24 15:07:31,069 - INFO - 📈 已处理605189 富春染织 
2025-08-24 15:07:37,039 - INFO - 📈 已处理605196 华通线缆 
2025-08-24 15:07:38,520 - INFO - 📈 已处理605198 安德利 
2025-08-24 15:08:44,773 - WARNING - ⚠️ 605199 ST葫芦娃 K线更新失败: HTTPSConnectionPool(host='push2his.eastmoney.com', port=443): Max retries exceeded with url: /api/qt/stock/kline/get?fields1=f1%2Cf2%2Cf3%2Cf4%2Cf5%2Cf6&fields2=f51%2Cf52%2Cf53%2Cf54%2Cf55%2Cf56%2Cf57%2Cf58%2Cf59%2Cf60%2Cf61%2Cf116&ut=7eea3edcaed734bea9cbfc24409ed989&klt=101&fqt=1&secid=1.605199&beg=20250817&end=20250824 (Caused by SSLError(SSLEOFError(8, '[SSL: UNEXPECTED_EOF_WHILE_READING] EOF occurred in violation of protocol (_ssl.c:1007)')))
2025-08-24 15:08:46,699 - INFO - 📈 已处理605208 永茂泰 
2025-08-24 15:08:48,247 - INFO - 📈 已处理605218 伟时电子 
2025-08-24 15:08:51,054 - INFO - 📈 已处理605222 起帆电缆 
2025-08-24 15:08:52,235 - INFO - 📈 已处理605228 神通科技 
2025-08-24 15:08:56,369 - INFO - 📈 已处理605255 天普股份 
2025-08-24 15:08:58,278 - INFO - 📈 已处理605258 协和电子 
2025-08-24 15:09:00,422 - INFO - 📈 已处理605259 绿田机械 
2025-08-24 15:09:03,807 - INFO - 📈 已处理605266 健之佳 
2025-08-24 15:09:04,932 - INFO - 📈 已处理605268 王力安防 
2025-08-24 15:09:08,699 - INFO - 📈 已处理605277 新亚电子 
2025-08-24 15:09:10,582 - INFO - 📈 已处理605286 同力日升 
2025-08-24 15:09:11,617 - INFO - 📈 已处理605287 德才股份 
2025-08-24 15:09:13,398 - INFO - 📈 已处理605288 凯迪股份 
2025-08-24 15:09:14,924 - INFO - 📈 已处理605289 罗曼股份 
2025-08-24 15:09:17,248 - INFO - 📈 已处理605296 神农集团 
2025-08-24 15:09:18,398 - INFO - 📈 已处理605298 必得科技 
2025-08-24 15:09:20,949 - INFO - 📈 已处理605299 舒华体育 
2025-08-24 15:09:23,483 - INFO - 📈 已处理605300 佳禾食品 
2025-08-24 15:09:25,068 - INFO - 📈 已处理605303 园林股份 
2025-08-24 15:09:32,322 - INFO - 📈 已处理605305 中际联合 
2025-08-24 15:09:35,274 - INFO - 📈 已处理605318 法狮龙 
2025-08-24 15:09:36,602 - INFO - 📈 已处理605319 无锡振华 
2025-08-24 15:09:39,297 - INFO - 📈 已处理605333 沪光股份 
2025-08-24 15:09:41,870 - INFO - 📈 已处理605336 帅丰电器 
2025-08-24 15:09:44,100 - INFO - 📈 已处理605337 李子园 
2025-08-24 15:09:47,823 - INFO - 📈 已处理605338 巴比食品 
2025-08-24 15:10:13,320 - WARNING - ⚠️ 605339 南侨食品 K线更新失败: HTTPSConnectionPool(host='push2his.eastmoney.com', port=443): Max retries exceeded with url: /api/qt/stock/kline/get?fields1=f1%2Cf2%2Cf3%2Cf4%2Cf5%2Cf6&fields2=f51%2Cf52%2Cf53%2Cf54%2Cf55%2Cf56%2Cf57%2Cf58%2Cf59%2Cf60%2Cf61%2Cf116&ut=7eea3edcaed734bea9cbfc24409ed989&klt=101&fqt=1&secid=1.605339&beg=20250817&end=20250824 (Caused by SSLError(SSLEOFError(8, '[SSL: UNEXPECTED_EOF_WHILE_READING] EOF occurred in violation of protocol (_ssl.c:1007)')))
2025-08-24 15:10:17,359 - INFO - 📈 已处理605358 立昂微 
2025-08-24 15:10:45,082 - INFO - 📈 已处理605365 立达信 
2025-08-24 15:10:52,025 - INFO - 📈 已处理605366 宏柏新材 
2025-08-24 15:10:53,313 - INFO - 📈 已处理605368 蓝天燃气 
2025-08-24 15:10:55,324 - INFO - 📈 已处理605369 拱东医疗 
2025-08-24 15:10:56,515 - INFO - 📈 已处理605376 博迁新材 
2025-08-24 15:11:06,706 - INFO - 📈 已处理605377 华旺科技 
2025-08-24 15:11:08,782 - INFO - 📈 已处理605378 野马电池 
2025-08-24 15:11:09,833 - INFO - 📈 已处理605388 均瑶健康 
2025-08-24 15:11:11,932 - INFO - 📈 已处理605389 长龄液压 
2025-08-24 15:11:14,497 - INFO - 📈 已处理605398 新炬网络 
2025-08-24 15:11:16,044 - INFO - 📈 已处理605399 晨光新材 
2025-08-24 15:11:17,971 - INFO - 📈 已处理605488 福莱新材 
2025-08-24 15:11:19,381 - INFO - 📈 已处理605499 东鹏饮料 
2025-08-24 15:11:21,753 - INFO - 📈 已处理605500 森林包装 
2025-08-24 15:11:21,753 - INFO - 📈 已处理 3850/4713 只股票，成功 3593 只
2025-08-24 15:11:23,079 - INFO - 📈 已处理605507 国邦医药 
2025-08-24 15:11:24,094 - INFO - 📈 已处理605555 德昌股份 
2025-08-24 15:11:26,741 - INFO - 📈 已处理605566 福莱蒽特 
2025-08-24 15:11:29,966 - INFO - 📈 已处理605567 春雪食品 
2025-08-24 15:11:34,219 - INFO - 📈 已处理605577 龙版传媒 
2025-08-24 15:11:36,828 - INFO - 📈 已处理605580 恒盛能源 
2025-08-24 15:11:37,842 - INFO - 📈 已处理605588 冠石科技 
2025-08-24 15:11:39,510 - INFO - 📈 已处理605589 圣泉集团 
2025-08-24 15:11:41,811 - INFO - 📈 已处理605598 上海港湾 
2025-08-24 15:11:43,075 - INFO - 📈 已处理605599 菜百股份 
2025-08-24 15:11:44,383 - INFO - 📈 已处理688001 华兴源创 
2025-08-24 15:11:47,640 - INFO - 📈 已处理688002 睿创微纳 
2025-08-24 15:11:49,827 - INFO - 📈 已处理688003 天准科技 
2025-08-24 15:11:50,900 - INFO - 📈 已处理688004 博汇科技 
2025-08-24 15:11:53,165 - INFO - 📈 已处理688005 容百科技 
2025-08-24 15:11:56,804 - INFO - 📈 已处理688006 杭可科技 
2025-08-24 15:11:57,870 - INFO - 📈 已处理688007 光峰科技 
2025-08-24 15:11:58,653 - INFO - 📈 已处理688008 澜起科技 
2025-08-24 15:12:00,322 - INFO - 📈 已处理688009 中国通号 
2025-08-24 15:12:01,759 - INFO - 📈 已处理688010 福光股份 
2025-08-24 15:12:04,133 - INFO - 📈 已处理688011 新光光电 
2025-08-24 15:12:06,920 - INFO - 📈 已处理688012 中微公司 
2025-08-24 15:12:08,991 - INFO - 📈 已处理688013 天臣医疗 
2025-08-24 15:12:11,305 - INFO - 📈 已处理688015 交控科技 
2025-08-24 15:12:12,148 - INFO - 📈 已处理688016 心脉医疗 
2025-08-24 15:12:13,227 - INFO - 📈 已处理688017 绿的谐波 
2025-08-24 15:12:19,629 - INFO - 📈 已处理688018 乐鑫科技 
2025-08-24 15:12:21,460 - INFO - 📈 已处理688019 安集科技 
2025-08-24 15:12:33,117 - INFO - 📈 已处理688020 方邦股份 
2025-08-24 15:12:37,112 - INFO - 📈 已处理688021 奥福科技 
2025-08-24 15:12:37,929 - INFO - 📈 已处理688022 瀚川智能 
2025-08-24 15:12:38,870 - INFO - 📈 已处理688023 安恒信息 
2025-08-24 15:12:40,893 - INFO - 📈 已处理688025 杰普特 
2025-08-24 15:12:42,679 - INFO - 📈 已处理688026 洁特生物 
2025-08-24 15:12:44,286 - INFO - 📈 已处理688027 国盾量子 
2025-08-24 15:12:45,320 - INFO - 📈 已处理688028 沃尔德 
2025-08-24 15:12:46,909 - INFO - 📈 已处理688029 南微医学 
2025-08-24 15:12:48,220 - INFO - 📈 已处理688030 山石网科 
2025-08-24 15:12:49,017 - INFO - 📈 已处理688031 星环科技 
2025-08-24 15:13:00,586 - INFO - 📈 已处理688032 禾迈股份 
2025-08-24 15:13:32,760 - INFO - 📈 已处理688033 天宜新材 
2025-08-24 15:14:38,696 - WARNING - ⚠️ 688035 德邦科技 K线更新失败: HTTPSConnectionPool(host='push2his.eastmoney.com', port=443): Max retries exceeded with url: /api/qt/stock/kline/get?fields1=f1%2Cf2%2Cf3%2Cf4%2Cf5%2Cf6&fields2=f51%2Cf52%2Cf53%2Cf54%2Cf55%2Cf56%2Cf57%2Cf58%2Cf59%2Cf60%2Cf61%2Cf116&ut=7eea3edcaed734bea9cbfc24409ed989&klt=101&fqt=1&secid=1.688035&beg=20250817&end=20250824 (Caused by SSLError(SSLError(5, '[SYS] unknown error (_ssl.c:2426)')))
2025-08-24 15:14:41,675 - INFO - 📈 已处理688036 传音控股 
2025-08-24 15:14:42,689 - INFO - 📈 已处理688037 芯源微 
2025-08-24 15:14:45,329 - INFO - 📈 已处理688038 中科通达 
2025-08-24 15:14:46,471 - INFO - 📈 已处理688039 当虹科技 
2025-08-24 15:14:47,613 - INFO - 📈 已处理688041 海光信息 
2025-08-24 15:14:50,592 - INFO - 📈 已处理688045 必易微 
2025-08-24 15:14:52,035 - INFO - 📈 已处理688046 药康生物 
2025-08-24 15:14:53,129 - INFO - 📈 已处理688047 龙芯中科 
2025-08-24 15:14:53,129 - INFO - 📈 已处理 3900/4713 只股票，成功 3642 只
2025-08-24 15:14:54,162 - INFO - 📈 已处理688048 长光华芯 
2025-08-24 15:14:55,334 - INFO - 📈 已处理688049 炬芯科技 
2025-08-24 15:14:56,668 - INFO - 📈 已处理688050 爱博医疗 
2025-08-24 15:14:58,031 - INFO - 📈 已处理688051 佳华科技 
2025-08-24 15:14:59,413 - INFO - 📈 已处理688052 纳芯微 
2025-08-24 15:15:00,512 - INFO - 📈 已处理688053 思科瑞 
2025-08-24 15:15:02,141 - INFO - 📈 已处理688055 龙腾光电 
2025-08-24 15:15:03,581 - INFO - 📈 已处理688056 莱伯泰科 
2025-08-24 15:15:06,239 - INFO - 📈 已处理688057 金达莱 
2025-08-24 15:15:08,377 - INFO - 📈 已处理688058 宝兰德 
2025-08-24 15:15:10,631 - INFO - 📈 已处理688059 华锐精密 
2025-08-24 15:15:12,207 - INFO - 📈 已处理688060 云涌科技 
2025-08-24 15:15:15,804 - INFO - 📈 已处理688061 灿瑞科技 
2025-08-24 15:15:19,110 - INFO - 📈 已处理688062 迈威生物 
2025-08-24 15:15:20,990 - INFO - 📈 已处理688063 派能科技 
2025-08-24 15:15:23,741 - INFO - 📈 已处理688065 凯赛生物 
2025-08-24 15:15:25,226 - INFO - 📈 已处理688066 航天宏图 
2025-08-24 15:15:27,332 - INFO - 📈 已处理688067 爱威科技 
2025-08-24 15:15:29,169 - INFO - 📈 已处理688068 热景生物 
2025-08-24 15:15:30,923 - INFO - 📈 已处理688069 德林海 
2025-08-24 15:15:32,251 - INFO - 📈 已处理688070 纵横股份 
2025-08-24 15:15:34,987 - INFO - 📈 已处理688071 华依科技 
2025-08-24 15:15:37,790 - INFO - 📈 已处理688072 拓荆科技 
2025-08-24 15:15:38,812 - INFO - 📈 已处理688073 毕得医药 
2025-08-24 15:15:39,814 - INFO - 📈 已处理688075 安旭生物 
2025-08-24 15:15:43,393 - INFO - 📈 已处理688076 ST诺泰 
2025-08-24 15:15:44,675 - INFO - 📈 已处理688077 大地熊 
2025-08-24 15:15:46,473 - INFO - 📈 已处理688078 龙软科技 
2025-08-24 15:15:50,970 - INFO - 📈 已处理688079 美迪凯 
2025-08-24 15:15:52,233 - INFO - 📈 已处理688080 映翰通 
2025-08-24 15:15:53,056 - INFO - 📈 已处理688081 兴图新科 
2025-08-24 15:15:54,490 - INFO - 📈 已处理688082 盛美上海 
2025-08-24 15:15:56,867 - INFO - 📈 已处理688083 中望软件 
2025-08-24 15:15:57,871 - INFO - 📈 已处理688084 晶品特装 
2025-08-24 15:15:59,115 - INFO - 📈 已处理688085 三友医疗 
2025-08-24 15:16:02,005 - INFO - 📈 已处理688087 英科再生 
2025-08-24 15:16:03,448 - INFO - 📈 已处理688088 虹软科技 
2025-08-24 15:16:05,555 - INFO - 📈 已处理688089 嘉必优 
2025-08-24 15:16:11,413 - INFO - 📈 已处理688090 瑞松科技 
2025-08-24 15:16:14,123 - INFO - 📈 已处理688091 上海谊众 
2025-08-24 15:16:16,938 - INFO - 📈 已处理688092 爱科科技 
2025-08-24 15:16:18,592 - INFO - 📈 已处理688093 世华科技 
2025-08-24 15:16:20,392 - INFO - 📈 已处理688095 福昕软件 
2025-08-24 15:16:21,289 - INFO - 📈 已处理688096 京源环保 
2025-08-24 15:16:30,175 - INFO - 📈 已处理688097 博众精工 
2025-08-24 15:16:32,235 - INFO - 📈 已处理688098 申联生物 
2025-08-24 15:16:33,254 - INFO - 📈 已处理688099 晶晨股份 
2025-08-24 15:16:37,056 - INFO - 📈 已处理688100 威胜信息 
2025-08-24 15:17:03,972 - INFO - 📈 已处理688101 三达膜 
2025-08-24 15:17:03,972 - INFO - 📈 已处理 3950/4713 只股票，成功 3691 只
2025-08-24 15:17:12,329 - INFO - 📈 已处理688102 斯瑞新材 
2025-08-24 15:17:36,456 - INFO - 📈 已处理688103 国力股份 
2025-08-24 15:17:38,545 - INFO - 📈 已处理688105 诺唯赞 
2025-08-24 15:17:52,317 - INFO - 📈 已处理688106 金宏气体 
2025-08-24 15:17:55,366 - INFO - 📈 已处理688107 安路科技 
2025-08-24 15:17:59,749 - INFO - 📈 已处理688108 赛诺医疗 
2025-08-24 15:18:26,617 - INFO - 📈 已处理688109 品茗科技 
2025-08-24 15:18:33,191 - INFO - 📈 已处理688110 东芯股份 
2025-08-24 15:18:37,958 - INFO - 📈 已处理688111 金山办公 
2025-08-24 15:18:51,861 - INFO - 📈 已处理688112 鼎阳科技 
2025-08-24 15:18:58,751 - INFO - 📈 已处理688113 联测科技 
2025-08-24 15:20:03,337 - WARNING - ⚠️ 688114 华大智造 K线更新失败: HTTPSConnectionPool(host='push2his.eastmoney.com', port=443): Max retries exceeded with url: /api/qt/stock/kline/get?fields1=f1%2Cf2%2Cf3%2Cf4%2Cf5%2Cf6&fields2=f51%2Cf52%2Cf53%2Cf54%2Cf55%2Cf56%2Cf57%2Cf58%2Cf59%2Cf60%2Cf61%2Cf116&ut=7eea3edcaed734bea9cbfc24409ed989&klt=101&fqt=1&secid=1.688114&beg=20250817&end=20250824 (Caused by SSLError(SSLEOFError(8, '[SSL: UNEXPECTED_EOF_WHILE_READING] EOF occurred in violation of protocol (_ssl.c:1007)')))
2025-08-24 15:20:19,520 - INFO - 📈 已处理688115 思林杰 
2025-08-24 15:21:23,486 - WARNING - ⚠️ 688116 天奈科技 K线更新失败: HTTPSConnectionPool(host='push2his.eastmoney.com', port=443): Max retries exceeded with url: /api/qt/stock/kline/get?fields1=f1%2Cf2%2Cf3%2Cf4%2Cf5%2Cf6&fields2=f51%2Cf52%2Cf53%2Cf54%2Cf55%2Cf56%2Cf57%2Cf58%2Cf59%2Cf60%2Cf61%2Cf116&ut=7eea3edcaed734bea9cbfc24409ed989&klt=101&fqt=1&secid=1.688116&beg=20250817&end=20250824 (Caused by SSLError(SSLError(5, '[SYS] unknown error (_ssl.c:2426)')))
2025-08-24 15:21:27,116 - INFO - 📈 已处理688117 圣诺生物 
2025-08-24 15:21:32,066 - INFO - 📈 已处理688118 普元信息 
2025-08-24 15:21:34,107 - INFO - 📈 已处理688119 中钢洛耐 
2025-08-24 15:21:38,657 - INFO - 📈 已处理688120 华海清科 
2025-08-24 15:21:40,893 - INFO - 📈 已处理688121 卓然股份 
2025-08-24 15:21:43,161 - INFO - 📈 已处理688122 西部超导 
2025-08-24 15:21:45,001 - INFO - 📈 已处理688123 聚辰股份 
2025-08-24 15:21:46,420 - INFO - 📈 已处理688125 安达智能 
2025-08-24 15:21:48,686 - INFO - 📈 已处理688126 沪硅产业 
2025-08-24 15:21:50,820 - INFO - 📈 已处理688127 蓝特光学 
2025-08-24 15:21:51,881 - INFO - 📈 已处理688128 中国电研 
2025-08-24 15:21:57,603 - INFO - 📈 已处理688129 东来技术 
2025-08-24 15:21:58,389 - INFO - 📈 已处理688130 晶华微 
2025-08-24 15:21:59,927 - INFO - 📈 已处理688131 皓元医药 
2025-08-24 15:22:02,048 - INFO - 📈 已处理688132 邦彦技术 
2025-08-24 15:22:03,579 - INFO - 📈 已处理688133 泰坦科技 
2025-08-24 15:22:06,324 - INFO - 📈 已处理688135 利扬芯片 
2025-08-24 15:22:07,662 - INFO - 📈 已处理688136 科兴制药 
2025-08-24 15:22:09,354 - INFO - 📈 已处理688137 近岸蛋白 
2025-08-24 15:22:10,540 - INFO - 📈 已处理688138 清溢光电 
2025-08-24 15:22:11,329 - INFO - 📈 已处理688139 海尔生物 
2025-08-24 15:22:12,126 - INFO - 📈 已处理688141 杰华特 
2025-08-24 15:22:13,606 - INFO - 📈 已处理688143 长盈通 
2025-08-24 15:22:14,555 - INFO - 📈 已处理688146 中船特气 
2025-08-24 15:22:17,001 - INFO - 📈 已处理688147 微导纳米 
2025-08-24 15:22:19,134 - INFO - 📈 已处理688148 芳源股份 
2025-08-24 15:22:21,328 - INFO - 📈 已处理688150 莱特光电 
2025-08-24 15:22:22,415 - INFO - 📈 已处理688151 华强科技 
2025-08-24 15:22:24,668 - INFO - 📈 已处理688152 麒麟信安 
2025-08-24 15:22:26,319 - INFO - 📈 已处理688153 唯捷创芯 
2025-08-24 15:22:27,228 - INFO - 📈 已处理688155 先惠技术 
2025-08-24 15:22:29,312 - INFO - 📈 已处理688156 路德环境 
2025-08-24 15:23:18,389 - INFO - 📈 已处理688157 松井股份 
2025-08-24 15:23:19,578 - INFO - 📈 已处理688158 优刻得-W 
2025-08-24 15:23:21,196 - INFO - 📈 已处理688159 有方科技 
2025-08-24 15:23:23,741 - INFO - 📈 已处理688160 步科股份 
2025-08-24 15:23:23,741 - INFO - 📈 已处理 4000/4713 只股票，成功 3739 只
2025-08-24 15:23:26,150 - INFO - 📈 已处理688161 威高骨科 
2025-08-24 15:23:59,755 - INFO - 📈 已处理688162 巨一科技 
2025-08-24 15:24:05,383 - INFO - 📈 已处理688163 赛伦生物 
2025-08-24 15:25:33,657 - WARNING - ⚠️ 688165 埃夫特-U K线更新失败: HTTPSConnectionPool(host='push2his.eastmoney.com', port=443): Max retries exceeded with url: /api/qt/stock/kline/get?fields1=f1%2Cf2%2Cf3%2Cf4%2Cf5%2Cf6&fields2=f51%2Cf52%2Cf53%2Cf54%2Cf55%2Cf56%2Cf57%2Cf58%2Cf59%2Cf60%2Cf61%2Cf116&ut=7eea3edcaed734bea9cbfc24409ed989&klt=101&fqt=1&secid=1.688165&beg=20250817&end=20250824 (Caused by SSLError(SSLError(5, '[SYS] unknown error (_ssl.c:2426)')))
2025-08-24 15:25:35,359 - INFO - 📈 已处理688166 博瑞医药 
2025-08-24 15:25:36,516 - INFO - 📈 已处理688167 炬光科技 
2025-08-24 15:25:38,222 - INFO - 📈 已处理688168 安博通 
2025-08-24 15:25:39,323 - INFO - 📈 已处理688169 石头科技 
2025-08-24 15:25:40,462 - INFO - 📈 已处理688170 德龙激光 
2025-08-24 15:25:41,280 - INFO - 📈 已处理688171 纬德信息 
2025-08-24 15:25:42,336 - INFO - 📈 已处理688172 燕东微 
2025-08-24 15:25:43,213 - INFO - 📈 已处理688173 希荻微 
2025-08-24 15:25:44,686 - INFO - 📈 已处理688175 高凌信息 
2025-08-24 15:25:45,823 - INFO - 📈 已处理688176 亚虹医药 
2025-08-24 15:25:46,623 - INFO - 📈 已处理688177 百奥泰 
2025-08-24 15:25:49,933 - INFO - 📈 已处理688178 万德斯 
2025-08-24 15:25:52,177 - INFO - 📈 已处理688179 阿拉丁 
2025-08-24 15:25:53,052 - INFO - 📈 已处理688180 君实生物-U 
2025-08-24 15:25:55,097 - INFO - 📈 已处理688181 八亿时空 
2025-08-24 15:25:57,443 - INFO - 📈 已处理688182 灿勤科技 
2025-08-24 15:25:58,729 - INFO - 📈 已处理688183 生益电子 
2025-08-24 15:25:59,919 - INFO - 📈 已处理688184 ST帕瓦 
2025-08-24 15:26:01,144 - INFO - 📈 已处理688185 康希诺 
2025-08-24 15:26:01,944 - INFO - 📈 已处理688186 广大特材 
2025-08-24 15:26:05,425 - INFO - 📈 已处理688187 时代电气 
2025-08-24 15:26:06,474 - INFO - 📈 已处理688188 柏楚电子 
2025-08-24 15:26:08,449 - INFO - 📈 已处理688189 南新制药 
2025-08-24 15:26:09,577 - INFO - 📈 已处理688190 云路股份 
2025-08-24 15:26:10,488 - INFO - 📈 已处理688191 智洋创新 
2025-08-24 15:26:13,781 - INFO - 📈 已处理688192 迪哲医药 
2025-08-24 15:26:14,760 - INFO - 📈 已处理688193 仁度生物 
2025-08-24 15:26:16,840 - INFO - 📈 已处理688195 腾景科技 
2025-08-24 15:26:18,908 - INFO - 📈 已处理688196 卓越新能 
2025-08-24 15:26:21,055 - INFO - 📈 已处理688197 首药控股 
2025-08-24 15:26:22,585 - INFO - 📈 已处理688198 佰仁医疗 
2025-08-24 15:26:23,644 - INFO - 📈 已处理688199 久日新材 
2025-08-24 15:26:26,490 - INFO - 📈 已处理688200 华峰测控 
2025-08-24 15:26:30,480 - INFO - 📈 已处理688201 信安世纪 
2025-08-24 15:26:31,853 - INFO - 📈 已处理688202 美迪西 
2025-08-24 15:26:33,663 - INFO - 📈 已处理688203 海正生材 
2025-08-24 15:26:35,005 - INFO - 📈 已处理688205 德科立 
2025-08-24 15:26:47,038 - INFO - 📈 已处理688206 概伦电子 
2025-08-24 15:27:46,477 - INFO - 📈 已处理688207 格灵深瞳 
2025-08-24 15:27:49,384 - INFO - 📈 已处理688208 道通科技 
2025-08-24 15:28:07,442 - INFO - 📈 已处理688209 英集芯 
2025-08-24 15:34:08,578 - WARNING - ⚠️ 688210 统联精密 K线更新失败: HTTPSConnectionPool(host='push2his.eastmoney.com', port=443): Max retries exceeded with url: /api/qt/stock/kline/get?fields1=f1%2Cf2%2Cf3%2Cf4%2Cf5%2Cf6&fields2=f51%2Cf52%2Cf53%2Cf54%2Cf55%2Cf56%2Cf57%2Cf58%2Cf59%2Cf60%2Cf61%2Cf116&ut=7eea3edcaed734bea9cbfc24409ed989&klt=101&fqt=1&secid=1.688210&beg=20250817&end=20250824 (Caused by SSLError(SSLEOFError(8, '[SSL: UNEXPECTED_EOF_WHILE_READING] EOF occurred in violation of protocol (_ssl.c:1007)')))
2025-08-24 15:34:10,649 - INFO - 📈 已处理688211 中科微至 
2025-08-24 15:34:11,620 - INFO - 📈 已处理688212 澳华内镜 
2025-08-24 15:34:13,814 - INFO - 📈 已处理688213 思特威 
2025-08-24 15:34:15,009 - INFO - 📈 已处理688215 瑞晟智能 
2025-08-24 15:34:15,010 - INFO - 📈 已处理 4050/4713 只股票，成功 3787 只
2025-08-24 15:34:16,585 - INFO - 📈 已处理688216 气派科技 
2025-08-24 15:34:17,489 - INFO - 📈 已处理688217 睿昂基因 
2025-08-24 15:34:18,374 - INFO - 📈 已处理688218 江苏北人 
2025-08-24 15:34:19,194 - INFO - 📈 已处理688219 会通股份 
2025-08-24 15:34:20,361 - INFO - 📈 已处理688220 翱捷科技 
2025-08-24 15:34:22,601 - INFO - 📈 已处理688221 前沿生物-U 
2025-08-24 15:34:23,625 - INFO - 📈 已处理688222 成都先导 
2025-08-24 15:34:25,473 - INFO - 📈 已处理688223 晶科能源 
2025-08-24 15:34:27,516 - INFO - 📈 已处理688225 亚信安全 
2025-08-24 15:34:28,904 - INFO - 📈 已处理688226 威腾电气 
2025-08-24 15:34:30,285 - INFO - 📈 已处理688227 品高股份 
2025-08-24 15:34:32,100 - INFO - 📈 已处理688229 博睿数据 
2025-08-24 15:34:33,887 - INFO - 📈 已处理688230 芯导科技 
2025-08-24 15:34:34,949 - INFO - 📈 已处理688231 隆达股份 
2025-08-24 15:34:35,749 - INFO - 📈 已处理688232 新点软件 
2025-08-24 15:34:37,084 - INFO - 📈 已处理688233 神工股份 
2025-08-24 15:34:38,692 - INFO - 📈 已处理688234 天岳先进 
2025-08-24 15:34:40,541 - INFO - 📈 已处理688235 百济神州 
2025-08-24 15:34:41,408 - INFO - 📈 已处理688236 春立医疗 
2025-08-24 15:34:42,734 - INFO - 📈 已处理688237 超卓航科 
2025-08-24 15:34:44,128 - INFO - 📈 已处理688238 和元生物 
2025-08-24 15:34:45,626 - INFO - 📈 已处理688239 航宇科技 
2025-08-24 15:34:47,488 - INFO - 📈 已处理688244 永信至诚 
2025-08-24 15:34:48,656 - INFO - 📈 已处理688246 嘉和美康 
2025-08-24 15:34:51,892 - INFO - 📈 已处理688247 宣泰医药 
2025-08-24 15:34:52,691 - INFO - 📈 已处理688248 南网科技 
2025-08-24 15:34:53,483 - INFO - 📈 已处理688249 晶合集成 
2025-08-24 15:34:54,276 - INFO - 📈 已处理688251 井松智能 
2025-08-24 15:34:55,173 - INFO - 📈 已处理688252 天德钰 
2025-08-24 15:34:57,415 - INFO - 📈 已处理688253 英诺特 
2025-08-24 15:34:58,483 - INFO - 📈 已处理688255 凯尔达 
2025-08-24 15:34:59,291 - INFO - 📈 已处理688256 寒武纪-U 
2025-08-24 15:35:03,986 - INFO - 📈 已处理688257 新锐股份 
2025-08-24 15:35:05,990 - INFO - 📈 已处理688258 卓易信息 
2025-08-24 15:35:07,939 - INFO - 📈 已处理688259 创耀科技 
2025-08-24 15:35:13,106 - INFO - 📈 已处理688260 昀冢科技 
2025-08-24 15:35:16,439 - INFO - 📈 已处理688261 东微半导 
2025-08-24 15:35:17,755 - INFO - 📈 已处理688262 国芯科技 
2025-08-24 15:35:19,184 - INFO - 📈 已处理688265 南模生物 
2025-08-24 15:35:21,268 - INFO - 📈 已处理688266 泽璟制药-U 
2025-08-24 15:35:23,908 - INFO - 📈 已处理688267 中触媒 
2025-08-24 15:35:24,973 - INFO - 📈 已处理688268 华特气体 
2025-08-24 15:35:26,039 - INFO - 📈 已处理688269 凯立新材 
2025-08-24 15:35:27,082 - INFO - 📈 已处理688270 臻镭科技 
2025-08-24 15:35:29,645 - INFO - 📈 已处理688271 联影医疗 
2025-08-24 15:35:30,700 - INFO - 📈 已处理688272 富吉瑞 
2025-08-24 15:35:33,160 - INFO - 📈 已处理688273 麦澜德 
2025-08-24 15:35:39,109 - INFO - 📈 已处理688275 万润新能 
2025-08-24 15:35:40,365 - INFO - 📈 已处理688276 百克生物 
2025-08-24 15:35:40,365 - INFO - 📈 已处理 4100/4713 只股票，成功 3836 只
2025-08-24 15:35:42,519 - INFO - 📈 已处理688277 天智航-U 
2025-08-24 15:35:43,556 - INFO - 📈 已处理688278 特宝生物 
2025-08-24 15:35:44,827 - INFO - 📈 已处理688279 峰岹科技 
2025-08-24 15:35:46,894 - INFO - 📈 已处理688280 精进电动 
2025-08-24 15:35:47,954 - INFO - 📈 已处理688281 华秦科技 
2025-08-24 15:35:49,272 - INFO - 📈 已处理688282 理工导航 
2025-08-24 15:35:50,311 - INFO - 📈 已处理688283 坤恒顺维 
2025-08-24 15:35:54,087 - INFO - 📈 已处理688285 高铁电气 
2025-08-24 15:35:56,527 - INFO - 📈 已处理688286 敏芯股份 
2025-08-24 15:35:58,277 - INFO - 📈 已处理688287 *ST观典 
2025-08-24 15:35:59,671 - INFO - 📈 已处理688288 鸿泉物联 
2025-08-24 15:36:03,872 - INFO - 📈 已处理688289 圣湘生物 
2025-08-24 15:36:06,638 - INFO - 📈 已处理688290 景业智能 
2025-08-24 15:36:07,917 - INFO - 📈 已处理688291 金橙子 
2025-08-24 15:36:08,945 - INFO - 📈 已处理688292 浩瀚深度 
2025-08-24 15:36:10,202 - INFO - 📈 已处理688293 奥浦迈 
2025-08-24 15:36:13,827 - INFO - 📈 已处理688295 中复神鹰 
2025-08-24 15:36:45,334 - INFO - 📈 已处理688296 和达科技 
2025-08-24 15:36:51,846 - INFO - 📈 已处理688297 中无人机 
2025-08-24 15:36:54,687 - INFO - 📈 已处理688298 东方生物 
2025-08-24 15:36:58,417 - INFO - 📈 已处理688299 长阳科技 
2025-08-24 15:37:02,717 - INFO - 📈 已处理688300 联瑞新材 
2025-08-24 15:37:07,082 - INFO - 📈 已处理688301 奕瑞科技 
2025-08-24 15:37:19,377 - INFO - 📈 已处理688302 海创药业 
2025-08-24 15:37:21,670 - INFO - 📈 已处理688303 大全能源 
2025-08-24 15:37:25,025 - INFO - 📈 已处理688305 科德数控 
2025-08-24 15:37:28,427 - INFO - 📈 已处理688306 均普智能 
2025-08-24 15:37:30,526 - INFO - 📈 已处理688307 中润光学 
2025-08-24 15:37:34,080 - INFO - 📈 已处理688308 欧科亿 
2025-08-24 15:37:35,935 - INFO - 📈 已处理688309 恒誉环保 
2025-08-24 15:37:37,734 - INFO - 📈 已处理688310 迈得医疗 
2025-08-24 15:37:38,824 - INFO - 📈 已处理688311 盟升电子 
2025-08-24 15:37:39,956 - INFO - 📈 已处理688312 燕麦科技 
2025-08-24 15:37:41,827 - INFO - 📈 已处理688313 仕佳光子 
2025-08-24 15:37:42,725 - INFO - 📈 已处理688314 康拓医疗 
2025-08-24 15:37:43,526 - INFO - 📈 已处理688315 诺禾致源 
2025-08-24 15:37:44,575 - INFO - 📈 已处理688316 青云科技-U 
2025-08-24 15:37:45,915 - INFO - 📈 已处理688317 之江生物 
2025-08-24 15:37:47,792 - INFO - 📈 已处理688318 财富趋势 
2025-08-24 15:37:48,607 - INFO - 📈 已处理688319 欧林生物 
2025-08-24 15:37:49,483 - INFO - 📈 已处理688320 禾川科技 
2025-08-24 15:37:52,530 - INFO - 📈 已处理688321 微芯生物 
2025-08-24 15:37:55,587 - INFO - 📈 已处理688322 奥比中光 
2025-08-24 15:38:00,346 - INFO - 📈 已处理688323 瑞华泰 
2025-08-24 15:38:01,608 - INFO - 📈 已处理688325 赛微微电 
2025-08-24 15:38:02,760 - INFO - 📈 已处理688326 经纬恒润 
2025-08-24 15:38:03,912 - INFO - 📈 已处理688327 云从科技 
2025-08-24 15:38:06,151 - INFO - 📈 已处理688328 深科达 
2025-08-24 15:38:08,484 - INFO - 📈 已处理688329 艾隆科技 
2025-08-24 15:38:14,008 - INFO - 📈 已处理688330 宏力达 
2025-08-24 15:38:14,008 - INFO - 📈 已处理 4150/4713 只股票，成功 3886 只
2025-08-24 15:38:15,835 - INFO - 📈 已处理688331 荣昌生物 
2025-08-24 15:38:17,657 - INFO - 📈 已处理688332 中科蓝讯 
2025-08-24 15:38:19,353 - INFO - 📈 已处理688333 铂力特 
2025-08-24 15:38:22,001 - INFO - 📈 已处理688334 西高院 
2025-08-24 15:38:23,078 - INFO - 📈 已处理688335 复洁环保 
2025-08-24 15:38:26,887 - INFO - 📈 已处理688336 三生国健 
2025-08-24 15:38:28,008 - INFO - 📈 已处理688337 普源精电 
2025-08-24 15:38:30,042 - INFO - 📈 已处理688338 赛科希德 
2025-08-24 15:38:31,991 - INFO - 📈 已处理688339 亿华通-U 
2025-08-24 15:38:39,229 - INFO - 📈 已处理688343 云天励飞 
2025-08-24 15:38:51,504 - INFO - 📈 已处理688345 博力威 
2025-08-24 15:38:54,691 - INFO - 📈 已处理688348 昱能科技 
2025-08-24 15:38:57,571 - INFO - 📈 已处理688349 三一重能 
2025-08-24 15:38:59,627 - INFO - 📈 已处理688350 富淼科技 
2025-08-24 15:39:07,796 - INFO - 📈 已处理688351 微电生理 
2025-08-24 15:39:08,843 - INFO - 📈 已处理688352 颀中科技 
2025-08-24 15:39:13,347 - INFO - 📈 已处理688353 华盛锂电 
2025-08-24 15:39:14,220 - INFO - 📈 已处理688355 明志科技 
2025-08-24 15:39:15,643 - INFO - 📈 已处理688356 键凯科技 
2025-08-24 15:39:18,992 - INFO - 📈 已处理688357 建龙微纳 
2025-08-24 15:39:20,548 - INFO - 📈 已处理688358 祥生医疗 
2025-08-24 15:39:22,302 - INFO - 📈 已处理688359 三孚新科 
2025-08-24 15:39:23,832 - INFO - 📈 已处理688360 德马科技 
2025-08-24 15:39:24,619 - INFO - 📈 已处理688361 中科飞测 
2025-08-24 15:39:25,441 - INFO - 📈 已处理688362 甬矽电子 
2025-08-24 15:39:28,373 - INFO - 📈 已处理688363 华熙生物 
2025-08-24 15:39:29,679 - INFO - 📈 已处理688365 光云科技 
2025-08-24 15:39:30,762 - INFO - 📈 已处理688366 昊海生科 
2025-08-24 15:39:31,556 - INFO - 📈 已处理688367 工大高科 
2025-08-24 15:39:32,354 - INFO - 📈 已处理688368 晶丰明源 
2025-08-24 15:39:34,189 - INFO - 📈 已处理688369 致远互联 
2025-08-24 15:39:35,573 - INFO - 📈 已处理688370 丛麟科技 
2025-08-24 15:39:37,460 - INFO - 📈 已处理688371 菲沃泰 
2025-08-24 15:39:40,807 - INFO - 📈 已处理688372 伟测科技 
2025-08-24 15:39:42,178 - INFO - 📈 已处理688373 盟科药业 
2025-08-24 15:39:42,983 - INFO - 📈 已处理688375 国博电子 
2025-08-24 15:39:44,089 - INFO - 📈 已处理688376 美埃科技 
2025-08-24 15:39:54,773 - INFO - 📈 已处理688377 迪威尔 
2025-08-24 15:39:55,590 - INFO - 📈 已处理688378 奥来德 
2025-08-24 15:39:56,995 - INFO - 📈 已处理688379 华光新材 
2025-08-24 15:39:57,790 - INFO - 📈 已处理688380 中微半导 
2025-08-24 15:39:59,605 - INFO - 📈 已处理688381 帝奥微 
2025-08-24 15:40:00,721 - INFO - 📈 已处理688382 益方生物 
2025-08-24 15:40:04,488 - INFO - 📈 已处理688383 新益昌 
2025-08-24 15:40:05,639 - INFO - 📈 已处理688385 复旦微电 
2025-08-24 15:40:14,842 - INFO - 📈 已处理688386 泛亚微透 
2025-08-24 15:40:16,022 - INFO - 📈 已处理688387 信科移动 
2025-08-24 15:40:16,871 - INFO - 📈 已处理688388 嘉元科技 
2025-08-24 15:40:17,705 - INFO - 📈 已处理688389 普门科技 
2025-08-24 15:40:17,705 - INFO - 📈 已处理 4200/4713 只股票，成功 3935 只
2025-08-24 15:40:18,548 - INFO - 📈 已处理688390 固德威 
2025-08-24 15:40:19,971 - INFO - 📈 已处理688391 钜泉科技 
2025-08-24 15:40:20,789 - INFO - 📈 已处理688392 骄成超声 
2025-08-24 15:40:21,978 - INFO - 📈 已处理688393 安必平 
2025-08-24 15:40:29,267 - INFO - 📈 已处理688395 正弦电气 
2025-08-24 15:40:31,413 - INFO - 📈 已处理688396 华润微 
2025-08-24 15:40:32,854 - INFO - 📈 已处理688398 赛特新材 
2025-08-24 15:40:34,102 - INFO - 📈 已处理688399 硕世生物 
2025-08-24 15:40:38,410 - INFO - 📈 已处理688400 凌云光 
2025-08-24 15:40:39,235 - INFO - 📈 已处理688401 路维光电 
2025-08-24 15:40:40,437 - INFO - 📈 已处理688403 汇成股份 
2025-08-24 15:40:41,497 - INFO - 📈 已处理688408 中信博 
2025-08-24 15:40:43,614 - INFO - 📈 已处理688409 富创精密 
2025-08-24 15:40:44,415 - INFO - 📈 已处理688410 山外山 
2025-08-24 15:40:45,221 - INFO - 📈 已处理688411 海博思创 
2025-08-24 15:40:46,239 - INFO - 📈 已处理688416 恒烁股份 
2025-08-24 15:40:47,810 - INFO - 📈 已处理688418 震有科技 
2025-08-24 15:40:56,437 - INFO - 📈 已处理688419 耐科装备 
2025-08-24 15:40:57,525 - INFO - 📈 已处理688420 美腾科技 
2025-08-24 15:40:58,336 - INFO - 📈 已处理688425 铁建重工 
2025-08-24 15:41:01,107 - INFO - 📈 已处理688426 康为世纪 
2025-08-24 15:41:04,075 - INFO - 📈 已处理688428 诺诚健华 
2025-08-24 15:41:04,905 - INFO - 📈 已处理688429 时创能源 
2025-08-24 15:41:06,221 - INFO - 📈 已处理688432 有研硅 
2025-08-24 15:41:07,298 - INFO - 📈 已处理688433 华曙高科 
2025-08-24 15:41:08,341 - INFO - 📈 已处理688435 英方软件 
2025-08-24 15:41:23,569 - INFO - 📈 已处理688439 振华风光 
2025-08-24 15:41:24,585 - INFO - 📈 已处理688443 智翔金泰 
2025-08-24 15:41:25,396 - INFO - 📈 已处理688448 磁谷科技 
2025-08-24 15:41:26,201 - INFO - 📈 已处理688449 联芸科技 
2025-08-24 15:41:27,323 - INFO - 📈 已处理688450 光格科技 
2025-08-24 15:41:28,548 - INFO - 📈 已处理688455 科捷智能 
2025-08-24 15:41:30,978 - INFO - 📈 已处理688456 有研粉材 
2025-08-24 15:41:32,369 - INFO - 📈 已处理688458 美芯晟 
2025-08-24 15:41:33,698 - INFO - 📈 已处理688459 哈铁科技 
2025-08-24 15:41:43,339 - INFO - 📈 已处理688466 金科环境 
2025-08-24 15:41:46,403 - INFO - 📈 已处理688468 科美诊断 
2025-08-24 15:41:49,377 - INFO - 📈 已处理688469 芯联集成 
2025-08-24 15:41:52,254 - INFO - 📈 已处理688472 阿特斯 
2025-08-24 15:41:53,902 - INFO - 📈 已处理688475 萤石网络 
2025-08-24 15:41:58,632 - INFO - 📈 已处理688478 晶升股份 
2025-08-24 15:42:00,754 - INFO - 📈 已处理688479 友车科技 
2025-08-24 15:42:02,300 - INFO - 📈 已处理688480 赛恩斯 
2025-08-24 15:42:03,999 - INFO - 📈 已处理688484 南芯科技 
2025-08-24 15:42:06,810 - INFO - 📈 已处理688485 九州一轨 
2025-08-24 15:42:09,179 - INFO - 📈 已处理688486 龙迅股份 
2025-08-24 15:42:11,917 - INFO - 📈 已处理688488 艾迪药业 
2025-08-24 15:42:12,943 - INFO - 📈 已处理688489 三未信安 
2025-08-24 15:42:14,242 - INFO - 📈 已处理688496 清越科技 
2025-08-24 15:42:15,782 - INFO - 📈 已处理688498 源杰科技 
2025-08-24 15:42:15,782 - INFO - 📈 已处理 4250/4713 只股票，成功 3985 只
2025-08-24 15:42:17,250 - INFO - 📈 已处理688499 利元亨 
2025-08-24 15:42:19,323 - INFO - 📈 已处理688500 慧辰股份 
2025-08-24 15:42:21,874 - INFO - 📈 已处理688501 青达环保 
2025-08-24 15:42:24,206 - INFO - 📈 已处理688502 茂莱光学 
2025-08-24 15:42:25,496 - INFO - 📈 已处理688503 聚和材料 
2025-08-24 15:42:26,555 - INFO - 📈 已处理688505 复旦张江 
2025-08-24 15:42:27,602 - INFO - 📈 已处理688506 百利天恒 
2025-08-24 15:42:29,287 - INFO - 📈 已处理688507 索辰科技 
2025-08-24 15:42:30,326 - INFO - 📈 已处理688508 芯朋微 
2025-08-24 15:42:31,813 - INFO - 📈 已处理688509 正元地信 
2025-08-24 15:42:33,100 - INFO - 📈 已处理688510 航亚科技 
2025-08-24 15:42:34,604 - INFO - 📈 已处理688511 *ST天微 
2025-08-24 15:42:35,942 - INFO - 📈 已处理688512 慧智微 
2025-08-24 15:42:37,755 - INFO - 📈 已处理688513 苑东生物 
2025-08-24 15:42:38,568 - INFO - 📈 已处理688515 裕太微 
2025-08-24 15:42:42,250 - INFO - 📈 已处理688516 奥特维 
2025-08-24 15:42:44,114 - INFO - 📈 已处理688517 金冠电气 
2025-08-24 15:42:45,839 - INFO - 📈 已处理688518 联赢激光 
2025-08-24 15:42:48,668 - INFO - 📈 已处理688519 南亚新材 
2025-08-24 15:42:49,785 - INFO - 📈 已处理688520 神州细胞 
2025-08-24 15:42:51,173 - INFO - 📈 已处理688521 芯原股份 
2025-08-24 15:42:52,198 - INFO - 📈 已处理688522 纳睿雷达 
2025-08-24 15:42:54,311 - INFO - 📈 已处理688523 航天环宇 
2025-08-24 15:42:56,114 - INFO - 📈 已处理688525 佰维存储 
2025-08-24 15:42:56,911 - INFO - 📈 已处理688526 科前生物 
2025-08-24 15:42:57,724 - INFO - 📈 已处理688528 秦川物联 
2025-08-24 15:42:59,611 - INFO - 📈 已处理688529 豪森智能 
2025-08-24 15:43:01,605 - INFO - 📈 已处理688530 欧莱新材 
2025-08-24 15:43:06,019 - INFO - 📈 已处理688531 日联科技 
2025-08-24 15:43:16,901 - INFO - 📈 已处理688533 上声电子 
2025-08-24 15:43:17,529 - WARNING - ⚠️ 688535 华海诚科 K线更新失败: HTTPSConnectionPool(host='push2his.eastmoney.com', port=443): Max retries exceeded with url: /api/qt/stock/kline/get?fields1=f1%2Cf2%2Cf3%2Cf4%2Cf5%2Cf6&fields2=f51%2Cf52%2Cf53%2Cf54%2Cf55%2Cf56%2Cf57%2Cf58%2Cf59%2Cf60%2Cf61%2Cf116&ut=7eea3edcaed734bea9cbfc24409ed989&klt=101&fqt=1&secid=1.688535&beg=20250817&end=20250824 (Caused by ProxyError('Unable to connect to proxy', RemoteDisconnected('Remote end closed connection without response')))
2025-08-24 15:43:18,157 - WARNING - ⚠️ 688536 思瑞浦 K线更新失败: HTTPSConnectionPool(host='push2his.eastmoney.com', port=443): Max retries exceeded with url: /api/qt/stock/kline/get?fields1=f1%2Cf2%2Cf3%2Cf4%2Cf5%2Cf6&fields2=f51%2Cf52%2Cf53%2Cf54%2Cf55%2Cf56%2Cf57%2Cf58%2Cf59%2Cf60%2Cf61%2Cf116&ut=7eea3edcaed734bea9cbfc24409ed989&klt=101&fqt=1&secid=1.688536&beg=20250817&end=20250824 (Caused by ProxyError('Unable to connect to proxy', RemoteDisconnected('Remote end closed connection without response')))
2025-08-24 15:43:18,787 - WARNING - ⚠️ 688538 和辉光电-U K线更新失败: HTTPSConnectionPool(host='push2his.eastmoney.com', port=443): Max retries exceeded with url: /api/qt/stock/kline/get?fields1=f1%2Cf2%2Cf3%2Cf4%2Cf5%2Cf6&fields2=f51%2Cf52%2Cf53%2Cf54%2Cf55%2Cf56%2Cf57%2Cf58%2Cf59%2Cf60%2Cf61%2Cf116&ut=7eea3edcaed734bea9cbfc24409ed989&klt=101&fqt=1&secid=1.688538&beg=20250817&end=20250824 (Caused by ProxyError('Unable to connect to proxy', RemoteDisconnected('Remote end closed connection without response')))
2025-08-24 15:43:19,400 - WARNING - ⚠️ 688539 高华科技 K线更新失败: HTTPSConnectionPool(host='push2his.eastmoney.com', port=443): Max retries exceeded with url: /api/qt/stock/kline/get?fields1=f1%2Cf2%2Cf3%2Cf4%2Cf5%2Cf6&fields2=f51%2Cf52%2Cf53%2Cf54%2Cf55%2Cf56%2Cf57%2Cf58%2Cf59%2Cf60%2Cf61%2Cf116&ut=7eea3edcaed734bea9cbfc24409ed989&klt=101&fqt=1&secid=1.688539&beg=20250817&end=20250824 (Caused by ProxyError('Unable to connect to proxy', RemoteDisconnected('Remote end closed connection without response')))
2025-08-24 15:43:20,024 - WARNING - ⚠️ 688543 国科军工 K线更新失败: HTTPSConnectionPool(host='push2his.eastmoney.com', port=443): Max retries exceeded with url: /api/qt/stock/kline/get?fields1=f1%2Cf2%2Cf3%2Cf4%2Cf5%2Cf6&fields2=f51%2Cf52%2Cf53%2Cf54%2Cf55%2Cf56%2Cf57%2Cf58%2Cf59%2Cf60%2Cf61%2Cf116&ut=7eea3edcaed734bea9cbfc24409ed989&klt=101&fqt=1&secid=1.688543&beg=20250817&end=20250824 (Caused by ProxyError('Unable to connect to proxy', RemoteDisconnected('Remote end closed connection without response')))
2025-08-24 15:43:20,632 - WARNING - ⚠️ 688545 兴福电子 K线更新失败: HTTPSConnectionPool(host='push2his.eastmoney.com', port=443): Max retries exceeded with url: /api/qt/stock/kline/get?fields1=f1%2Cf2%2Cf3%2Cf4%2Cf5%2Cf6&fields2=f51%2Cf52%2Cf53%2Cf54%2Cf55%2Cf56%2Cf57%2Cf58%2Cf59%2Cf60%2Cf61%2Cf116&ut=7eea3edcaed734bea9cbfc24409ed989&klt=101&fqt=1&secid=1.688545&beg=20250817&end=20250824 (Caused by ProxyError('Unable to connect to proxy', RemoteDisconnected('Remote end closed connection without response')))
2025-08-24 15:43:21,243 - WARNING - ⚠️ 688548 广钢气体 K线更新失败: HTTPSConnectionPool(host='push2his.eastmoney.com', port=443): Max retries exceeded with url: /api/qt/stock/kline/get?fields1=f1%2Cf2%2Cf3%2Cf4%2Cf5%2Cf6&fields2=f51%2Cf52%2Cf53%2Cf54%2Cf55%2Cf56%2Cf57%2Cf58%2Cf59%2Cf60%2Cf61%2Cf116&ut=7eea3edcaed734bea9cbfc24409ed989&klt=101&fqt=1&secid=1.688548&beg=20250817&end=20250824 (Caused by ProxyError('Unable to connect to proxy', RemoteDisconnected('Remote end closed connection without response')))
2025-08-24 15:43:21,856 - WARNING - ⚠️ 688549 中巨芯 K线更新失败: HTTPSConnectionPool(host='push2his.eastmoney.com', port=443): Max retries exceeded with url: /api/qt/stock/kline/get?fields1=f1%2Cf2%2Cf3%2Cf4%2Cf5%2Cf6&fields2=f51%2Cf52%2Cf53%2Cf54%2Cf55%2Cf56%2Cf57%2Cf58%2Cf59%2Cf60%2Cf61%2Cf116&ut=7eea3edcaed734bea9cbfc24409ed989&klt=101&fqt=1&secid=1.688549&beg=20250817&end=20250824 (Caused by ProxyError('Unable to connect to proxy', RemoteDisconnected('Remote end closed connection without response')))
2025-08-24 15:43:22,463 - WARNING - ⚠️ 688550 瑞联新材 K线更新失败: HTTPSConnectionPool(host='push2his.eastmoney.com', port=443): Max retries exceeded with url: /api/qt/stock/kline/get?fields1=f1%2Cf2%2Cf3%2Cf4%2Cf5%2Cf6&fields2=f51%2Cf52%2Cf53%2Cf54%2Cf55%2Cf56%2Cf57%2Cf58%2Cf59%2Cf60%2Cf61%2Cf116&ut=7eea3edcaed734bea9cbfc24409ed989&klt=101&fqt=1&secid=1.688550&beg=20250817&end=20250824 (Caused by ProxyError('Unable to connect to proxy', RemoteDisconnected('Remote end closed connection without response')))
2025-08-24 15:43:23,079 - WARNING - ⚠️ 688551 科威尔 K线更新失败: HTTPSConnectionPool(host='push2his.eastmoney.com', port=443): Max retries exceeded with url: /api/qt/stock/kline/get?fields1=f1%2Cf2%2Cf3%2Cf4%2Cf5%2Cf6&fields2=f51%2Cf52%2Cf53%2Cf54%2Cf55%2Cf56%2Cf57%2Cf58%2Cf59%2Cf60%2Cf61%2Cf116&ut=7eea3edcaed734bea9cbfc24409ed989&klt=101&fqt=1&secid=1.688551&beg=20250817&end=20250824 (Caused by ProxyError('Unable to connect to proxy', RemoteDisconnected('Remote end closed connection without response')))
2025-08-24 15:43:26,702 - WARNING - ⚠️ 688552 航天南湖 K线更新失败: HTTPSConnectionPool(host='push2his.eastmoney.com', port=443): Max retries exceeded with url: /api/qt/stock/kline/get?fields1=f1%2Cf2%2Cf3%2Cf4%2Cf5%2Cf6&fields2=f51%2Cf52%2Cf53%2Cf54%2Cf55%2Cf56%2Cf57%2Cf58%2Cf59%2Cf60%2Cf61%2Cf116&ut=7eea3edcaed734bea9cbfc24409ed989&klt=101&fqt=1&secid=1.688552&beg=20250817&end=20250824 (Caused by ProxyError('Unable to connect to proxy', RemoteDisconnected('Remote end closed connection without response')))
2025-08-24 15:43:27,501 - INFO - 📈 已处理688553 汇宇制药-W 
2025-08-24 15:43:30,376 - INFO - 📈 已处理688556 高测股份 
2025-08-24 15:43:31,202 - INFO - 📈 已处理688557 兰剑智能 
2025-08-24 15:43:32,303 - INFO - 📈 已处理688558 国盛智科 
2025-08-24 15:43:34,954 - INFO - 📈 已处理688559 海目星 
2025-08-24 15:43:45,684 - INFO - 📈 已处理688560 明冠新材 
2025-08-24 15:44:47,737 - WARNING - ⚠️ 688561 奇安信-U K线更新失败: HTTPSConnectionPool(host='push2his.eastmoney.com', port=443): Max retries exceeded with url: /api/qt/stock/kline/get?fields1=f1%2Cf2%2Cf3%2Cf4%2Cf5%2Cf6&fields2=f51%2Cf52%2Cf53%2Cf54%2Cf55%2Cf56%2Cf57%2Cf58%2Cf59%2Cf60%2Cf61%2Cf116&ut=7eea3edcaed734bea9cbfc24409ed989&klt=101&fqt=1&secid=1.688561&beg=20250817&end=20250824 (Caused by SSLError(SSLEOFError(8, '[SSL: UNEXPECTED_EOF_WHILE_READING] EOF occurred in violation of protocol (_ssl.c:1007)')))
2025-08-24 15:44:49,179 - INFO - 📈 已处理688562 航天软件 
2025-08-24 15:44:49,179 - INFO - 📈 已处理 4300/4713 只股票，成功 4022 只
2025-08-24 15:44:51,996 - INFO - 📈 已处理688563 航材股份 
2025-08-24 15:44:53,018 - INFO - 📈 已处理688565 力源科技 
2025-08-24 15:44:54,360 - INFO - 📈 已处理688566 吉贝尔 
2025-08-24 15:44:55,473 - INFO - 📈 已处理688567 孚能科技 
2025-08-24 15:44:57,646 - INFO - 📈 已处理688568 中科星图 
2025-08-24 15:44:58,523 - INFO - 📈 已处理688569 铁科轨道 
2025-08-24 15:45:00,189 - INFO - 📈 已处理688570 天玛智控 
2025-08-24 15:45:02,812 - INFO - 📈 已处理688571 杭华股份 
2025-08-24 15:45:04,927 - INFO - 📈 已处理688573 信宇人 
2025-08-24 15:45:10,099 - INFO - 📈 已处理688575 亚辉龙 
2025-08-24 15:45:10,896 - INFO - 📈 已处理688576 西山科技 
2025-08-24 15:45:20,893 - INFO - 📈 已处理688577 浙海德曼 
2025-08-24 15:45:22,166 - INFO - 📈 已处理688578 艾力斯 
2025-08-24 15:45:23,374 - INFO - 📈 已处理688579 山大地纬 
2025-08-24 15:45:28,739 - INFO - 📈 已处理688580 伟思医疗 
2025-08-24 15:45:30,005 - INFO - 📈 已处理688581 安杰思 
2025-08-24 15:45:31,364 - INFO - 📈 已处理688582 芯动联科 
2025-08-24 15:45:34,078 - INFO - 📈 已处理688583 思看科技 
2025-08-24 15:45:35,346 - INFO - 📈 已处理688584 上海合晶 
2025-08-24 15:45:37,035 - INFO - 📈 已处理688585 上纬新材 
2025-08-24 15:45:38,366 - INFO - 📈 已处理688586 江航装备 
2025-08-24 15:45:39,163 - INFO - 📈 已处理688588 凌志软件 
2025-08-24 15:45:40,032 - INFO - 📈 已处理688589 力合微 
2025-08-24 15:45:42,669 - INFO - 📈 已处理688590 新致软件 
2025-08-24 15:45:44,876 - INFO - 📈 已处理688591 泰凌微 
2025-08-24 15:45:49,647 - INFO - 📈 已处理688592 司南导航 
2025-08-24 15:45:57,451 - INFO - 📈 已处理688593 新相微 
2025-08-24 15:46:27,814 - INFO - 📈 已处理688595 芯海科技 
2025-08-24 15:46:48,610 - INFO - 📈 已处理688596 正帆科技 
2025-08-24 15:46:51,606 - INFO - 📈 已处理688597 煜邦电力 
2025-08-24 15:46:56,376 - INFO - 📈 已处理688598 金博股份 
2025-08-24 15:47:02,875 - INFO - 📈 已处理688599 天合光能 
2025-08-24 15:47:05,897 - INFO - 📈 已处理688600 皖仪科技 
2025-08-24 15:47:08,370 - INFO - 📈 已处理688601 力芯微 
2025-08-24 15:47:11,406 - INFO - 📈 已处理688602 康鹏科技 
2025-08-24 15:47:22,554 - INFO - 📈 已处理688603 天承科技 
2025-08-24 15:47:28,400 - INFO - 📈 已处理688605 先锋精科 
2025-08-24 15:49:39,061 - WARNING - ⚠️ 688606 奥泰生物 K线更新失败: HTTPSConnectionPool(host='push2his.eastmoney.com', port=443): Max retries exceeded with url: /api/qt/stock/kline/get?fields1=f1%2Cf2%2Cf3%2Cf4%2Cf5%2Cf6&fields2=f51%2Cf52%2Cf53%2Cf54%2Cf55%2Cf56%2Cf57%2Cf58%2Cf59%2Cf60%2Cf61%2Cf116&ut=7eea3edcaed734bea9cbfc24409ed989&klt=101&fqt=1&secid=1.688606&beg=20250817&end=20250824 (Caused by SSLError(SSLEOFError(8, '[SSL: UNEXPECTED_EOF_WHILE_READING] EOF occurred in violation of protocol (_ssl.c:1007)')))
2025-08-24 15:49:40,788 - INFO - 📈 已处理688607 康众医疗 
2025-08-24 15:49:42,238 - INFO - 📈 已处理688608 恒玄科技 
2025-08-24 15:49:47,023 - INFO - 📈 已处理688609 九联科技 
2025-08-24 15:49:48,066 - INFO - 📈 已处理688610 埃科光电 
2025-08-24 15:49:49,071 - INFO - 📈 已处理688611 杭州柯林 
2025-08-24 15:49:51,223 - INFO - 📈 已处理688612 威迈斯 
2025-08-24 15:49:52,639 - INFO - 📈 已处理688613 奥精医疗 
2025-08-24 15:49:54,989 - INFO - 📈 已处理688615 合合信息 
2025-08-24 15:49:59,549 - INFO - 📈 已处理688616 西力科技 
2025-08-24 15:50:00,643 - INFO - 📈 已处理688617 惠泰医疗 
2025-08-24 15:50:01,678 - INFO - 📈 已处理688618 三旺通信 
2025-08-24 15:50:02,707 - INFO - 📈 已处理688619 罗普特 
2025-08-24 15:50:02,707 - INFO - 📈 已处理 4350/4713 只股票，成功 4071 只
2025-08-24 15:50:03,957 - INFO - 📈 已处理688620 安凯微 
2025-08-24 15:50:05,621 - INFO - 📈 已处理688621 阳光诺和 
2025-08-24 15:50:09,118 - INFO - 📈 已处理688622 禾信仪器 
2025-08-24 15:50:10,557 - INFO - 📈 已处理688623 双元科技 
2025-08-24 15:50:16,097 - INFO - 📈 已处理688625 呈和科技 
2025-08-24 15:50:17,281 - INFO - 📈 已处理688626 翔宇医疗 
2025-08-24 15:50:19,121 - INFO - 📈 已处理688627 精智达 
2025-08-24 15:50:20,486 - INFO - 📈 已处理688628 优利德 
2025-08-24 15:50:21,757 - INFO - 📈 已处理688629 华丰科技 
2025-08-24 15:50:23,666 - INFO - 📈 已处理688630 芯碁微装 
2025-08-24 15:50:25,439 - INFO - 📈 已处理688631 莱斯信息 
2025-08-24 15:50:26,732 - INFO - 📈 已处理688633 星球石墨 
2025-08-24 15:50:28,010 - INFO - 📈 已处理688636 智明达 
2025-08-24 15:50:30,857 - INFO - 📈 已处理688638 誉辰智能 
2025-08-24 15:50:32,811 - INFO - 📈 已处理688639 华恒生物 
2025-08-24 15:50:35,095 - INFO - 📈 已处理688646 ST逸飞 
2025-08-24 15:50:36,353 - INFO - 📈 已处理688648 中邮科技 
2025-08-24 15:50:37,348 - INFO - 📈 已处理688651 盛邦安全 
2025-08-24 15:50:38,504 - INFO - 📈 已处理688652 京仪装备 
2025-08-24 15:50:39,794 - INFO - 📈 已处理688653 康希通信 
2025-08-24 15:50:41,402 - INFO - 📈 已处理688655 迅捷兴 
2025-08-24 15:50:42,199 - INFO - 📈 已处理688656 浩欧博 
2025-08-24 15:50:44,258 - INFO - 📈 已处理688657 浩辰软件 
2025-08-24 15:50:45,875 - INFO - 📈 已处理688658 悦康药业 
2025-08-24 15:50:47,042 - INFO - 📈 已处理688659 元琛科技 
2025-08-24 15:50:48,850 - INFO - 📈 已处理688660 电气风电 
2025-08-24 15:50:49,657 - INFO - 📈 已处理688661 和林微纳 
2025-08-24 15:50:50,451 - INFO - 📈 已处理688662 富信科技 
2025-08-24 15:50:52,848 - INFO - 📈 已处理688663 新风光 
2025-08-24 15:50:53,655 - INFO - 📈 已处理688665 四方光电 
2025-08-24 15:50:55,707 - INFO - 📈 已处理688667 菱电电控 
2025-08-24 15:50:57,562 - INFO - 📈 已处理688668 鼎通科技 
2025-08-24 15:50:58,683 - INFO - 📈 已处理688669 聚石化学 
2025-08-24 15:50:59,832 - INFO - 📈 已处理688670 金迪克 
2025-08-24 15:51:02,888 - INFO - 📈 已处理688671 碧兴物联 
2025-08-24 15:51:05,105 - INFO - 📈 已处理688676 金盘科技 
2025-08-24 15:51:06,913 - INFO - 📈 已处理688677 海泰新光 
2025-08-24 15:51:07,718 - INFO - 📈 已处理688678 福立旺 
2025-08-24 15:51:09,677 - INFO - 📈 已处理688679 通源环境 
2025-08-24 15:51:11,894 - INFO - 📈 已处理688680 海优新材 
2025-08-24 15:51:14,106 - INFO - 📈 已处理688681 科汇股份 
2025-08-24 15:51:15,472 - INFO - 📈 已处理688682 霍莱沃 
2025-08-24 15:51:18,110 - INFO - 📈 已处理688683 莱尔科技 
2025-08-24 15:51:19,328 - INFO - 📈 已处理688685 迈信林 
2025-08-24 15:51:20,757 - INFO - 📈 已处理688686 奥普特 
2025-08-24 15:51:21,612 - INFO - 📈 已处理688687 凯因科技 
2025-08-24 15:51:24,864 - INFO - 📈 已处理688689 银河微电 
2025-08-24 15:51:27,744 - INFO - 📈 已处理688690 纳微科技 
2025-08-24 15:51:28,562 - INFO - 📈 已处理688691 灿芯股份 
2025-08-24 15:51:29,347 - INFO - 📈 已处理688692 达梦数据 
2025-08-24 15:51:29,347 - INFO - 📈 已处理 4400/4713 只股票，成功 4121 只
2025-08-24 15:51:30,697 - INFO - 📈 已处理688693 锴威特 
2025-08-24 15:51:31,830 - INFO - 📈 已处理688695 中创股份 
2025-08-24 15:51:34,055 - INFO - 📈 已处理688696 极米科技 
2025-08-24 15:51:36,712 - INFO - 📈 已处理688697 纽威数控 
2025-08-24 15:51:38,029 - INFO - 📈 已处理688698 伟创电气 
2025-08-24 15:51:39,405 - INFO - 📈 已处理688699 明微电子 
2025-08-24 15:51:44,049 - INFO - 📈 已处理688700 东威科技 
2025-08-24 15:51:46,269 - INFO - 📈 已处理688701 卓锦股份 
2025-08-24 15:51:53,623 - INFO - 📈 已处理688702 盛科通信 
2025-08-24 15:51:56,221 - INFO - 📈 已处理688707 振华新材 
2025-08-24 15:52:00,403 - INFO - 📈 已处理688708 佳驰科技 
2025-08-24 15:52:19,483 - INFO - 📈 已处理688709 成都华微 
2025-08-24 15:53:02,364 - INFO - 📈 已处理688710 益诺思 
2025-08-24 15:53:05,977 - INFO - 📈 已处理688711 宏微科技 
2025-08-24 15:53:08,005 - INFO - 📈 已处理688716 中研股份 
2025-08-24 15:53:09,625 - INFO - 📈 已处理688717 艾罗能源 
2025-08-24 15:53:11,435 - INFO - 📈 已处理688718 唯赛勃 
2025-08-24 15:53:14,535 - INFO - 📈 已处理688719 爱科赛博 
2025-08-24 15:53:15,331 - INFO - 📈 已处理688720 艾森股份 
2025-08-24 15:53:16,352 - INFO - 📈 已处理688721 龙图光罩 
2025-08-24 15:53:17,514 - INFO - 📈 已处理688722 同益中 
2025-08-24 15:53:18,484 - INFO - 📈 已处理688726 拉普拉斯 
2025-08-24 15:53:22,333 - INFO - 📈 已处理688728 格科微 
2025-08-24 15:53:23,116 - INFO - 📈 已处理688729 屹唐股份 
2025-08-24 15:53:26,541 - INFO - 📈 已处理688733 壹石通 
2025-08-24 15:53:29,649 - INFO - 📈 已处理688737 中自科技 
2025-08-24 15:53:33,362 - INFO - 📈 已处理688739 成大生物 
2025-08-24 15:53:35,828 - INFO - 📈 已处理688750 金天钛业 
2025-08-24 15:53:39,973 - INFO - 📈 已处理688755 汉邦科技 
2025-08-24 15:53:44,202 - INFO - 📈 已处理688757 胜科纳米 
2025-08-24 15:53:46,697 - INFO - 📈 已处理688758 赛分科技 
2025-08-24 15:53:47,483 - INFO - 📈 已处理688766 普冉股份 
2025-08-24 15:53:48,709 - INFO - 📈 已处理688767 博拓生物 
2025-08-24 15:53:49,865 - INFO - 📈 已处理688768 容知日新 
2025-08-24 15:53:55,664 - INFO - 📈 已处理688772 珠海冠宇 
2025-08-24 15:53:56,740 - INFO - 📈 已处理688775 影石创新 
2025-08-24 15:53:58,423 - INFO - 📈 已处理688776 国光电气 
2025-08-24 15:54:00,674 - INFO - 📈 已处理688777 中控技术 
2025-08-24 15:54:02,135 - INFO - 📈 已处理688778 厦钨新能 
2025-08-24 15:54:03,325 - INFO - 📈 已处理688779 五矿新能 
2025-08-24 15:54:04,761 - INFO - 📈 已处理688786 悦安新材 
2025-08-24 15:54:35,139 - INFO - 📈 已处理688787 海天瑞声 
2025-08-24 15:54:53,830 - INFO - 📈 已处理688788 科思科技 
2025-08-24 15:54:55,738 - INFO - 📈 已处理688789 宏华数科 
2025-08-24 15:55:02,209 - INFO - 📈 已处理688793 倍轻松 
2025-08-24 15:55:11,343 - INFO - 📈 已处理688798 艾为电子 
2025-08-24 15:55:15,045 - INFO - 📈 已处理688799 华纳药厂 
2025-08-24 15:55:17,693 - INFO - 📈 已处理688800 瑞可达 
2025-08-24 15:55:21,302 - INFO - 📈 已处理688819 天能股份 
2025-08-24 15:55:23,477 - INFO - 📈 已处理688981 中芯国际 
2025-08-24 15:55:23,477 - INFO - 📈 已处理 4450/4713 只股票，成功 4171 只
2025-08-24 15:55:24,982 - INFO - 📈 已处理689009 九号公司-WD 
2025-08-24 15:55:27,960 - INFO - 📈 已处理830779 武汉蓝电 
2025-08-24 15:55:29,472 - INFO - 📈 已处理830809 安达科技 
2025-08-24 15:55:32,568 - INFO - 📈 已处理830832 齐鲁华信 
2025-08-24 15:55:34,662 - INFO - 📈 已处理830839 万通液压 
2025-08-24 15:55:37,255 - INFO - 📈 已处理830879 基康技术 
2025-08-24 15:55:39,767 - INFO - 📈 已处理830896 旺成科技 
2025-08-24 15:55:40,998 - INFO - 📈 已处理830946 森萱医药 
2025-08-24 15:55:42,270 - INFO - 📈 已处理830964 润农节水 
2025-08-24 15:55:43,933 - INFO - 📈 已处理830974 凯大催化 
2025-08-24 15:55:45,497 - INFO - 📈 已处理831010 凯添燃气 
2025-08-24 15:55:46,627 - INFO - 📈 已处理831039 国义招标 
2025-08-24 15:55:47,910 - INFO - 📈 已处理831087 秋乐种业 
2025-08-24 15:55:50,198 - INFO - 📈 已处理831152 昆工科技 
2025-08-24 15:55:51,626 - INFO - 📈 已处理831167 鑫汇科 
2025-08-24 15:55:53,179 - INFO - 📈 已处理831175 派诺科技 
2025-08-24 15:55:55,126 - INFO - 📈 已处理831195 三祥科技 
2025-08-24 15:55:57,183 - INFO - 📈 已处理831278 泰德股份 
2025-08-24 15:55:58,633 - INFO - 📈 已处理831304 迪尔化工 
2025-08-24 15:55:59,842 - INFO - 📈 已处理831305 海希通讯 
2025-08-24 15:56:01,174 - INFO - 📈 已处理831370 新安洁 
2025-08-24 15:56:06,444 - INFO - 📈 已处理831396 许昌智能 
2025-08-24 15:56:08,000 - INFO - 📈 已处理831526 凯华材料 
2025-08-24 15:56:09,016 - INFO - 📈 已处理831627 力王股份 
2025-08-24 15:56:10,551 - INFO - 📈 已处理831641 格利尔 
2025-08-24 15:56:11,681 - INFO - 📈 已处理831689 克莱特 
2025-08-24 15:56:12,983 - INFO - 📈 已处理831726 朱老六 
2025-08-24 15:56:14,783 - INFO - 📈 已处理831768 拾比佰 
2025-08-24 15:56:17,123 - INFO - 📈 已处理831832 科达自控 
2025-08-24 15:56:17,992 - INFO - 📈 已处理831834 三维装备 
2025-08-24 15:56:18,811 - INFO - 📈 已处理831855 浙江大农 
2025-08-24 15:56:20,005 - INFO - 📈 已处理831856 浩淼科技 
2025-08-24 15:56:21,951 - INFO - 📈 已处理831906 舜宇精工 
2025-08-24 15:56:23,026 - INFO - 📈 已处理831961 创远信科 
2025-08-24 15:56:24,095 - INFO - 📈 已处理832000 安徽凤凰 
2025-08-24 15:56:25,213 - INFO - 📈 已处理832023 田野股份 
2025-08-24 15:56:28,459 - INFO - 📈 已处理832089 禾昌聚合 
2025-08-24 15:56:29,822 - INFO - 📈 已处理832110 雷特科技 
2025-08-24 15:56:32,865 - INFO - 📈 已处理832145 恒合股份 
2025-08-24 15:56:34,024 - INFO - 📈 已处理832149 利尔达 
2025-08-24 15:56:35,110 - INFO - 📈 已处理832171 志晟信息 
2025-08-24 15:56:35,907 - INFO - 📈 已处理832175 东方碳素 
2025-08-24 15:56:37,617 - INFO - 📈 已处理832225 利通科技 
2025-08-24 15:56:38,464 - INFO - 📈 已处理832278 鹿得医疗 
2025-08-24 15:56:41,564 - INFO - 📈 已处理832419 路斯股份 
2025-08-24 15:56:42,430 - INFO - 📈 已处理832469 富恒新材 
2025-08-24 15:56:43,482 - INFO - 📈 已处理832471 美邦科技 
2025-08-24 15:56:47,288 - INFO - 📈 已处理832491 奥迪威 
2025-08-24 15:56:49,441 - INFO - 📈 已处理832522 纳科诺尔 
2025-08-24 15:56:49,441 - INFO - 📈 已处理 4500/4713 只股票，成功 4220 只
2025-08-24 15:56:50,222 - INFO - 📈 已处理832566 梓橦宫 
2025-08-24 15:56:51,885 - INFO - 📈 已处理832651 天罡股份 
2025-08-24 15:56:52,670 - INFO - 📈 已处理832662 方盛股份 
2025-08-24 15:56:53,460 - INFO - 📈 已处理832735 德源药业 
2025-08-24 15:56:58,611 - INFO - 📈 已处理832786 骑士乳业 
2025-08-24 15:57:00,806 - INFO - 📈 已处理832802 保丽洁 
2025-08-24 15:57:01,935 - INFO - 📈 已处理832876 慧为智能 
2025-08-24 15:57:04,415 - INFO - 📈 已处理832885 星辰科技 
2025-08-24 15:57:06,123 - INFO - 📈 已处理832978 开特股份 
2025-08-24 15:57:06,931 - INFO - 📈 已处理832982 锦波生物 
2025-08-24 15:57:09,497 - INFO - 📈 已处理833030 立方控股 
2025-08-24 15:57:11,389 - INFO - 📈 已处理833075 柏星龙 
2025-08-24 15:57:12,973 - INFO - 📈 已处理833171 国航远洋 
2025-08-24 15:57:13,771 - INFO - 📈 已处理833230 欧康医药 
2025-08-24 15:57:14,844 - INFO - 📈 已处理833266 生物谷 
2025-08-24 15:58:23,680 - WARNING - ⚠️ 833284 灵鸽科技 K线更新失败: HTTPSConnectionPool(host='push2his.eastmoney.com', port=443): Max retries exceeded with url: /api/qt/stock/kline/get?fields1=f1%2Cf2%2Cf3%2Cf4%2Cf5%2Cf6&fields2=f51%2Cf52%2Cf53%2Cf54%2Cf55%2Cf56%2Cf57%2Cf58%2Cf59%2Cf60%2Cf61%2Cf116&ut=7eea3edcaed734bea9cbfc24409ed989&klt=101&fqt=1&secid=0.833284&beg=20250817&end=20250824 (Caused by ProxyError('Unable to connect to proxy', RemoteDisconnected('Remote end closed connection without response')))
2025-08-24 15:58:25,194 - INFO - 📈 已处理833346 威贸电子 
2025-08-24 15:58:27,855 - INFO - 📈 已处理833394 民士达 
2025-08-24 15:58:29,168 - INFO - 📈 已处理833427 华维设计 
2025-08-24 15:58:30,182 - INFO - 📈 已处理833429 康比特 
2025-08-24 15:58:32,578 - INFO - 📈 已处理833454 同心传动 
2025-08-24 15:58:34,440 - INFO - 📈 已处理833455 汇隆活塞 
2025-08-24 15:58:35,483 - INFO - 📈 已处理833509 同惠电子 
2025-08-24 15:58:36,836 - INFO - 📈 已处理833523 德瑞锂电 
2025-08-24 15:58:37,962 - INFO - 📈 已处理833533 骏创科技 
2025-08-24 15:58:39,011 - INFO - 📈 已处理833575 康乐卫士 
2025-08-24 15:58:40,895 - INFO - 📈 已处理833580 科创新材 
2025-08-24 15:58:41,928 - INFO - 📈 已处理833751 惠同新材 
2025-08-24 15:58:45,178 - INFO - 📈 已处理833781 瑞奇智造 
2025-08-24 15:58:46,517 - INFO - 📈 已处理833873 中设咨询 
2025-08-24 15:58:50,010 - INFO - 📈 已处理833914 远航精密 
2025-08-24 15:58:51,233 - INFO - 📈 已处理833943 优机股份 
2025-08-24 15:58:55,554 - INFO - 📈 已处理834014 特瑞斯 
2025-08-24 15:58:56,847 - INFO - 📈 已处理834021 流金科技 
2025-08-24 15:58:58,194 - INFO - 📈 已处理834033 康普化学 
2025-08-24 15:59:00,219 - INFO - 📈 已处理834058 华洋赛车 
2025-08-24 15:59:01,562 - INFO - 📈 已处理834062 科润智控 
2025-08-24 15:59:05,854 - INFO - 📈 已处理834261 一诺威 
2025-08-24 15:59:10,591 - INFO - 📈 已处理834407 驰诚股份 
2025-08-24 15:59:13,286 - INFO - 📈 已处理834415 恒拓开源 
2025-08-24 15:59:14,484 - INFO - 📈 已处理834475 三友科技 
2025-08-24 15:59:16,061 - INFO - 📈 已处理834599 同力股份 
2025-08-24 15:59:17,403 - INFO - 📈 已处理834639 晨光电缆 
2025-08-24 15:59:18,407 - INFO - 📈 已处理834765 美之高 
2025-08-24 15:59:19,409 - INFO - 📈 已处理834770 艾能聚 
2025-08-24 15:59:21,433 - INFO - 📈 已处理834950 迅安科技 
2025-08-24 15:59:23,358 - INFO - 📈 已处理835174 五新隧装 
2025-08-24 15:59:24,708 - INFO - 📈 已处理835179 凯德石英 
2025-08-24 15:59:24,708 - INFO - 📈 已处理 4550/4713 只股票，成功 4267 只
2025-08-24 15:59:30,641 - INFO - 📈 已处理835184 国源科技 
2025-08-24 15:59:32,869 - INFO - 📈 已处理835185 贝特瑞 
2025-08-24 16:00:11,555 - INFO - 📈 已处理835207 众诚科技 
2025-08-24 16:00:16,942 - INFO - 📈 已处理835237 力佳科技 
2025-08-24 16:00:22,643 - INFO - 📈 已处理835305 *ST云创 
2025-08-24 16:01:29,743 - WARNING - ⚠️ 835368 连城数控 K线更新失败: HTTPSConnectionPool(host='push2his.eastmoney.com', port=443): Max retries exceeded with url: /api/qt/stock/kline/get?fields1=f1%2Cf2%2Cf3%2Cf4%2Cf5%2Cf6&fields2=f51%2Cf52%2Cf53%2Cf54%2Cf55%2Cf56%2Cf57%2Cf58%2Cf59%2Cf60%2Cf61%2Cf116&ut=7eea3edcaed734bea9cbfc24409ed989&klt=101&fqt=1&secid=0.835368&beg=20250817&end=20250824 (Caused by ProxyError('Unable to connect to proxy', RemoteDisconnected('Remote end closed connection without response')))
2025-08-24 16:01:33,464 - INFO - 📈 已处理835438 戈碧迦 
2025-08-24 16:01:39,236 - INFO - 📈 已处理835508 殷图网联 
2025-08-24 16:01:45,313 - INFO - 📈 已处理835579 机科股份 
2025-08-24 16:01:54,683 - INFO - 📈 已处理835640 富士达 
2025-08-24 16:01:56,487 - INFO - 📈 已处理835670 数字人 
2025-08-24 16:02:30,068 - INFO - 📈 已处理835857 百甲科技 
2025-08-24 16:02:34,556 - INFO - 📈 已处理835892 中科美菱 
2025-08-24 16:02:52,299 - INFO - 📈 已处理835985 海泰新能 
2025-08-24 16:03:06,653 - INFO - 📈 已处理836077 吉林碳谷 
2025-08-24 16:03:08,891 - INFO - 📈 已处理836149 旭杰科技 
2025-08-24 16:03:10,959 - INFO - 📈 已处理836208 青矩技术 
2025-08-24 16:03:13,237 - INFO - 📈 已处理836221 易实精密 
2025-08-24 16:03:21,485 - INFO - 📈 已处理836239 长虹能源 
2025-08-24 16:03:26,866 - INFO - 📈 已处理836247 华密新材 
2025-08-24 16:05:14,526 - WARNING - ⚠️ 836260 中寰股份 K线更新失败: HTTPSConnectionPool(host='push2his.eastmoney.com', port=443): Max retries exceeded with url: /api/qt/stock/kline/get?fields1=f1%2Cf2%2Cf3%2Cf4%2Cf5%2Cf6&fields2=f51%2Cf52%2Cf53%2Cf54%2Cf55%2Cf56%2Cf57%2Cf58%2Cf59%2Cf60%2Cf61%2Cf116&ut=7eea3edcaed734bea9cbfc24409ed989&klt=101&fqt=1&secid=0.836260&beg=20250817&end=20250824 (Caused by SSLError(SSLError(5, '[SYS] unknown error (_ssl.c:2426)')))
2025-08-24 16:05:20,049 - INFO - 📈 已处理836263 中航泰达 
2025-08-24 16:05:21,975 - INFO - 📈 已处理836270 天铭科技 
2025-08-24 16:06:01,304 - INFO - 📈 已处理836395 朗鸿科技 
2025-08-24 16:07:12,849 - WARNING - ⚠️ 836414 欧普泰 K线更新失败: HTTPSConnectionPool(host='push2his.eastmoney.com', port=443): Max retries exceeded with url: /api/qt/stock/kline/get?fields1=f1%2Cf2%2Cf3%2Cf4%2Cf5%2Cf6&fields2=f51%2Cf52%2Cf53%2Cf54%2Cf55%2Cf56%2Cf57%2Cf58%2Cf59%2Cf60%2Cf61%2Cf116&ut=7eea3edcaed734bea9cbfc24409ed989&klt=101&fqt=1&secid=0.836414&beg=20250817&end=20250824 (Caused by SSLError(SSLEOFError(8, '[SSL: UNEXPECTED_EOF_WHILE_READING] EOF occurred in violation of protocol (_ssl.c:1007)')))
2025-08-24 16:07:20,208 - INFO - 📈 已处理836419 万德股份 
2025-08-24 16:07:24,722 - INFO - 📈 已处理836422 润普食品 
2025-08-24 16:07:26,814 - INFO - 📈 已处理836433 大唐药业 
2025-08-24 16:07:36,394 - INFO - 📈 已处理836504 博迅生物 
2025-08-24 16:07:43,460 - INFO - 📈 已处理836547 无锡晶海 
2025-08-24 16:07:54,402 - INFO - 📈 已处理836675 秉扬科技 
2025-08-24 16:08:57,276 - WARNING - ⚠️ 836699 海达尔 K线更新失败: HTTPSConnectionPool(host='push2his.eastmoney.com', port=443): Max retries exceeded with url: /api/qt/stock/kline/get?fields1=f1%2Cf2%2Cf3%2Cf4%2Cf5%2Cf6&fields2=f51%2Cf52%2Cf53%2Cf54%2Cf55%2Cf56%2Cf57%2Cf58%2Cf59%2Cf60%2Cf61%2Cf116&ut=7eea3edcaed734bea9cbfc24409ed989&klt=101&fqt=1&secid=0.836699&beg=20250817&end=20250824 (Caused by SSLError(SSLEOFError(8, '[SSL: UNEXPECTED_EOF_WHILE_READING] EOF occurred in violation of protocol (_ssl.c:1007)')))
2025-08-24 16:08:58,741 - INFO - 📈 已处理836717 瑞星股份 
2025-08-24 16:09:01,007 - INFO - 📈 已处理836720 吉冈精密 
2025-08-24 16:09:01,822 - INFO - 📈 已处理836807 奔朗新材 
2025-08-24 16:09:02,742 - INFO - 📈 已处理836826 盖世食品 
2025-08-24 16:09:05,793 - INFO - 📈 已处理836871 派特尔 
2025-08-24 16:09:06,792 - INFO - 📈 已处理836892 广咨国际 
2025-08-24 16:09:07,985 - INFO - 📈 已处理836942 恒立钻具 
2025-08-24 16:09:11,086 - INFO - 📈 已处理836957 汉维科技 
2025-08-24 16:09:14,927 - INFO - 📈 已处理836961 西磁科技 
2025-08-24 16:09:16,122 - INFO - 📈 已处理837006 晟楠科技 
2025-08-24 16:09:17,649 - INFO - 📈 已处理837023 芭薇股份 
2025-08-24 16:09:19,688 - INFO - 📈 已处理837046 亿能电力 
2025-08-24 16:09:20,657 - INFO - 📈 已处理837092 汉鑫科技 
2025-08-24 16:09:22,044 - INFO - 📈 已处理837174 宏裕包材 
2025-08-24 16:09:25,664 - INFO - 📈 已处理837212 智新电子 
2025-08-24 16:09:27,319 - INFO - 📈 已处理837242 建邦科技 
2025-08-24 16:09:28,196 - INFO - 📈 已处理837344 三元基因 
2025-08-24 16:09:29,493 - INFO - 📈 已处理837403 康农种业 
2025-08-24 16:09:29,493 - INFO - 📈 已处理 4600/4713 只股票，成功 4313 只
2025-08-24 16:09:30,679 - INFO - 📈 已处理837592 华信永道 
2025-08-24 16:09:32,512 - INFO - 📈 已处理837663 明阳科技 
2025-08-24 16:09:33,323 - INFO - 📈 已处理837748 路桥信息 
2025-08-24 16:09:34,371 - INFO - 📈 已处理837821 则成电子 
2025-08-24 16:09:36,106 - INFO - 📈 已处理838030 德众汽车 
2025-08-24 16:09:37,275 - INFO - 📈 已处理838163 方大新材 
2025-08-24 16:09:44,601 - INFO - 📈 已处理838171 邦德股份 
2025-08-24 16:09:45,710 - INFO - 📈 已处理838227 美登科技 
2025-08-24 16:09:47,543 - INFO - 📈 已处理838262 太湖雪 
2025-08-24 16:09:49,747 - INFO - 📈 已处理838275 驱动力 
2025-08-24 16:09:50,859 - INFO - 📈 已处理838402 硅烷科技 
2025-08-24 16:09:51,694 - INFO - 📈 已处理838670 恒进感应 
2025-08-24 16:09:52,976 - INFO - 📈 已处理838701 豪声电子 
2025-08-24 16:09:53,990 - INFO - 📈 已处理838810 春光智能 
2025-08-24 16:09:57,248 - INFO - 📈 已处理838837 华原股份 
2025-08-24 16:09:59,511 - INFO - 📈 已处理838924 广脉科技 
2025-08-24 16:10:22,989 - INFO - 📈 已处理838971 天马新材 
2025-08-24 16:10:26,025 - INFO - 📈 已处理839273 一致魔芋 
2025-08-24 16:10:29,700 - INFO - 📈 已处理839371 欧福蛋业 
2025-08-24 16:10:46,948 - INFO - 📈 已处理839493 并行科技 
2025-08-24 16:10:50,225 - INFO - 📈 已处理839680 *ST广道 
2025-08-24 16:10:55,634 - INFO - 📈 已处理839719 宁新新材 
2025-08-24 16:11:01,706 - INFO - 📈 已处理839725 惠丰钻石 
2025-08-24 16:11:13,497 - INFO - 📈 已处理839729 永顺生物 
2025-08-24 16:11:20,473 - INFO - 📈 已处理839790 联迪信息 
2025-08-24 16:12:24,528 - WARNING - ⚠️ 839792 东和新材 K线更新失败: HTTPSConnectionPool(host='push2his.eastmoney.com', port=443): Max retries exceeded with url: /api/qt/stock/kline/get?fields1=f1%2Cf2%2Cf3%2Cf4%2Cf5%2Cf6&fields2=f51%2Cf52%2Cf53%2Cf54%2Cf55%2Cf56%2Cf57%2Cf58%2Cf59%2Cf60%2Cf61%2Cf116&ut=7eea3edcaed734bea9cbfc24409ed989&klt=101&fqt=1&secid=0.839792&beg=20250817&end=20250824 (Caused by SSLError(SSLError(5, '[SYS] unknown error (_ssl.c:2426)')))
2025-08-24 16:12:27,122 - INFO - 📈 已处理839946 华阳变速 
2025-08-24 16:12:29,483 - INFO - 📈 已处理870199 倍益康 
2025-08-24 16:12:31,055 - INFO - 📈 已处理870204 沪江材料 
2025-08-24 16:12:32,831 - INFO - 📈 已处理870299 灿能电力 
2025-08-24 16:12:35,338 - INFO - 📈 已处理870357 雅葆轩 
2025-08-24 16:12:57,125 - INFO - 📈 已处理870436 大地电气 
2025-08-24 16:13:05,357 - INFO - 📈 已处理870508 丰安股份 
2025-08-24 16:13:06,994 - INFO - 📈 已处理870656 海昇药业 
2025-08-24 16:13:10,284 - INFO - 📈 已处理870726 鸿智科技 
2025-08-24 16:14:19,910 - WARNING - ⚠️ 870866 绿亨科技 K线更新失败: HTTPSConnectionPool(host='push2his.eastmoney.com', port=443): Max retries exceeded with url: /api/qt/stock/kline/get?fields1=f1%2Cf2%2Cf3%2Cf4%2Cf5%2Cf6&fields2=f51%2Cf52%2Cf53%2Cf54%2Cf55%2Cf56%2Cf57%2Cf58%2Cf59%2Cf60%2Cf61%2Cf116&ut=7eea3edcaed734bea9cbfc24409ed989&klt=101&fqt=1&secid=0.870866&beg=20250817&end=20250824 (Caused by ProxyError('Unable to connect to proxy', RemoteDisconnected('Remote end closed connection without response')))
2025-08-24 16:14:21,381 - INFO - 📈 已处理870976 视声智能 
2025-08-24 16:14:22,584 - INFO - 📈 已处理871245 威博液压 
2025-08-24 16:14:24,400 - INFO - 📈 已处理871263 莱赛激光 
2025-08-24 16:14:27,089 - INFO - 📈 已处理871396 常辅股份 
2025-08-24 16:14:27,941 - INFO - 📈 已处理871478 巨能股份 
2025-08-24 16:14:30,163 - INFO - 📈 已处理871553 凯腾精工 
2025-08-24 16:14:31,421 - INFO - 📈 已处理871634 新威凌 
2025-08-24 16:14:32,248 - INFO - 📈 已处理871642 通易航天 
2025-08-24 16:14:33,055 - INFO - 📈 已处理871694 中裕科技 
2025-08-24 16:14:35,137 - INFO - 📈 已处理871753 天纺标 
2025-08-24 16:14:38,778 - INFO - 📈 已处理871857 泓禧科技 
2025-08-24 16:14:39,585 - INFO - 📈 已处理871970 大禹生物 
2025-08-24 16:14:40,634 - INFO - 📈 已处理871981 晶赛科技 
2025-08-24 16:14:41,767 - INFO - 📈 已处理872190 雷神科技 
2025-08-24 16:14:41,767 - INFO - 📈 已处理 4650/4713 只股票，成功 4361 只
2025-08-24 16:14:43,802 - INFO - 📈 已处理872351 华光源海 
2025-08-24 16:14:46,801 - INFO - 📈 已处理872374 云里物里 
2025-08-24 16:14:48,656 - INFO - 📈 已处理872392 佳合科技 
2025-08-24 16:14:53,441 - INFO - 📈 已处理872541 铁大科技 
2025-08-24 16:14:54,579 - INFO - 📈 已处理872808 曙光数创 
2025-08-24 16:14:55,384 - INFO - 📈 已处理872895 花溪科技 
2025-08-24 16:14:57,825 - INFO - 📈 已处理872925 锦好医疗 
2025-08-24 16:14:59,426 - INFO - 📈 已处理872931 无锡鼎邦 
2025-08-24 16:15:01,228 - INFO - 📈 已处理872953 国子软件 
2025-08-24 16:15:02,325 - INFO - 📈 已处理873001 纬达光电 
2025-08-24 16:15:04,024 - INFO - 📈 已处理873122 中纺标 
2025-08-24 16:15:07,928 - INFO - 📈 已处理873132 泰鹏智能 
2025-08-24 16:15:10,155 - INFO - 📈 已处理873152 天宏锂电 
2025-08-24 16:15:11,911 - INFO - 📈 已处理873167 新赣江 
2025-08-24 16:15:13,198 - INFO - 📈 已处理873169 七丰精工 
2025-08-24 16:15:14,384 - INFO - 📈 已处理873223 荣亿精密 
2025-08-24 16:15:15,630 - INFO - 📈 已处理873305 九菱科技 
2025-08-24 16:15:16,938 - INFO - 📈 已处理873339 恒太照明 
2025-08-24 16:15:17,737 - INFO - 📈 已处理873527 夜光明 
2025-08-24 16:15:18,520 - INFO - 📈 已处理873570 坤博精工 
2025-08-24 16:15:19,358 - INFO - 📈 已处理873576 天力复合 
2025-08-24 16:15:21,610 - INFO - 📈 已处理873593 鼎智科技 
2025-08-24 16:16:27,143 - WARNING - ⚠️ 873665 科强股份 K线更新失败: HTTPSConnectionPool(host='push2his.eastmoney.com', port=443): Max retries exceeded with url: /api/qt/stock/kline/get?fields1=f1%2Cf2%2Cf3%2Cf4%2Cf5%2Cf6&fields2=f51%2Cf52%2Cf53%2Cf54%2Cf55%2Cf56%2Cf57%2Cf58%2Cf59%2Cf60%2Cf61%2Cf116&ut=7eea3edcaed734bea9cbfc24409ed989&klt=101&fqt=1&secid=0.873665&beg=20250817&end=20250824 (Caused by SSLError(SSLEOFError(8, '[SSL: UNEXPECTED_EOF_WHILE_READING] EOF occurred in violation of protocol (_ssl.c:1007)')))
2025-08-24 16:16:32,844 - INFO - 📈 已处理873679 前进科技 
2025-08-24 16:16:44,486 - INFO - 📈 已处理873690 捷众科技 
2025-08-24 16:16:47,395 - INFO - 📈 已处理873693 阿为特 
2025-08-24 16:16:52,816 - INFO - 📈 已处理873703 广厦环能 
2025-08-24 16:17:03,915 - INFO - 📈 已处理873706 铁拓机械 
2025-08-24 16:18:03,176 - WARNING - ⚠️ 873726 卓兆点胶 K线更新失败: HTTPSConnectionPool(host='push2his.eastmoney.com', port=443): Max retries exceeded with url: /api/qt/stock/kline/get?fields1=f1%2Cf2%2Cf3%2Cf4%2Cf5%2Cf6&fields2=f51%2Cf52%2Cf53%2Cf54%2Cf55%2Cf56%2Cf57%2Cf58%2Cf59%2Cf60%2Cf61%2Cf116&ut=7eea3edcaed734bea9cbfc24409ed989&klt=101&fqt=1&secid=0.873726&beg=20250817&end=20250824 (Caused by SSLError(SSLEOFError(8, '[SSL: UNEXPECTED_EOF_WHILE_READING] EOF occurred in violation of protocol (_ssl.c:1007)')))
2025-08-24 16:18:14,102 - INFO - 📈 已处理873806 云星宇 
2025-08-24 16:18:19,101 - INFO - 📈 已处理873833 美心翼申 
2025-08-24 16:18:24,471 - INFO - 📈 已处理920002 万达轴承 
2025-08-24 16:18:49,141 - INFO - 📈 已处理920005 鼎佳精密 
2025-08-24 16:18:56,239 - INFO - 📈 已处理920007 酉立智能 
2025-08-24 16:19:00,166 - INFO - 📈 已处理920008 成电光信 
2025-08-24 16:19:28,531 - INFO - 📈 已处理920016 中草香料 
2025-08-24 16:19:31,029 - INFO - 📈 已处理920018 宏远股份 
2025-08-24 16:19:31,992 - INFO - 📈 已处理920019 铜冠矿建 
2025-08-24 16:19:32,794 - INFO - 📈 已处理920027 交大铁发 
2025-08-24 16:19:35,218 - INFO - 📈 已处理920029 开发科技 
2025-08-24 16:19:37,917 - INFO - 📈 已处理920037 广信科技 
2025-08-24 16:19:39,741 - INFO - 📈 已处理920056 能之光 
2025-08-24 16:19:40,578 - INFO - 📈 已处理920060 万源通 
2025-08-24 16:19:41,637 - INFO - 📈 已处理920066 科拜尔 
2025-08-24 16:19:42,707 - INFO - 📈 已处理920068 天工股份 
2025-08-24 16:19:43,565 - INFO - 📈 已处理920082 方正阀门 
2025-08-24 16:19:44,628 - INFO - 📈 已处理920088 科力股份 
2025-08-24 16:19:45,931 - INFO - 📈 已处理920098 科隆新材 
2025-08-24 16:19:47,114 - INFO - 📈 已处理920099 瑞华技术 
2025-08-24 16:19:47,920 - INFO - 📈 已处理920101 志高机械 
2025-08-24 16:19:47,920 - INFO - 📈 已处理 4700/4713 只股票，成功 4409 只
2025-08-24 16:19:57,139 - INFO - 📈 已处理920106 林泰新材 
2025-08-24 16:20:01,333 - INFO - 📈 已处理920108 宏海科技 
2025-08-24 16:20:04,682 - INFO - 📈 已处理920111 聚星科技 
2025-08-24 16:20:08,023 - INFO - 📈 已处理920116 星图测控 
2025-08-24 16:20:10,646 - INFO - 📈 已处理920118 太湖远大 
2025-08-24 16:20:13,600 - INFO - 📈 已处理920128 胜业电气 
2025-08-24 16:20:16,383 - INFO - 📈 已处理920167 同享科技 
2025-08-24 16:20:18,595 - INFO - 📈 已处理920445 龙竹科技 
2025-08-24 16:20:19,402 - INFO - 📈 已处理920489 佳先股份 
2025-08-24 16:20:20,278 - INFO - 📈 已处理920682 球冠电缆 
2025-08-24 16:20:21,357 - INFO - 📈 已处理920799 艾融软件 
2025-08-24 16:20:22,998 - INFO - 📈 已处理920819 颖泰生物 
2025-08-24 16:20:22,998 - INFO - ✅ 本周K线更新完成: 4421 条记录
2025-08-24 16:20:23,000 - INFO - ============================================================
2025-08-24 16:20:23,000 - INFO - 📊 本周数据更新统计
2025-08-24 16:20:23,001 - INFO - ============================================================
2025-08-24 16:20:23,001 - INFO - ⏱️  更新耗时: 7:46:18.408666
2025-08-24 16:20:23,001 - INFO - 📈 实时行情: 0 条
2025-08-24 16:20:23,001 - INFO - 📊 本周K线: 4,421 条
2025-08-24 16:20:23,001 - INFO - 📅 交易日历: 0 条
2025-08-24 16:20:23,002 - INFO - ✅ 无错误
2025-08-24 16:20:23,002 - INFO - ============================================================
2025-08-24 16:20:23,018 - INFO - 🎉 本周数据更新完成！
2025-08-24 16:20:23,019 - INFO - 数据库连接已关闭
2025-08-24 16:20:23,019 - INFO - ✅ 每周数据更新成功完成
2025-08-24 16:26:20,299 - INFO - 🌟 每周数据更新程序启动
2025-08-24 16:26:20,299 - INFO - 🚀 开始每周数据更新...
2025-08-24 16:26:20,299 - INFO - ============================================================
2025-08-24 16:26:20,327 - INFO - ✅ 成功连接到MySQL数据库
2025-08-24 16:26:20,327 - INFO - 📊 开始更新近7个自然日K线数据）...
2025-08-24 16:26:20,861 - INFO - 📊 准备更新 373 只股票的近7个自然日K线数据
2025-08-24 16:31:16,795 - WARNING - ⚠️ 000861 海印股份 K线更新失败: HTTPSConnectionPool(host='push2his.eastmoney.com', port=443): Max retries exceeded with url: /api/qt/stock/kline/get?fields1=f1%2Cf2%2Cf3%2Cf4%2Cf5%2Cf6&fields2=f51%2Cf52%2Cf53%2Cf54%2Cf55%2Cf56%2Cf57%2Cf58%2Cf59%2Cf60%2Cf61%2Cf116&ut=7eea3edcaed734bea9cbfc24409ed989&klt=101&fqt=1&secid=0.000861&beg=20250817&end=20250824 (Caused by SSLError(SSLError(5, '[SYS] unknown error (_ssl.c:2426)')))
2025-08-24 16:32:27,541 - INFO - 数据库连接已关闭
2025-08-24 16:32:53,013 - INFO - 🌟 每周数据更新程序启动
2025-08-24 16:32:53,013 - INFO - 🚀 开始每周数据更新...
2025-08-24 16:32:53,014 - INFO - ============================================================
2025-08-24 16:32:53,015 - INFO - ✅ 成功连接到MySQL数据库
2025-08-24 16:32:53,015 - INFO - 📊 开始更新近7个自然日K线数据）...
2025-08-24 16:32:53,052 - INFO - 📊 准备更新 373 只股票的近7个自然日K线数据
2025-08-24 16:32:53,663 - WARNING - ⚠️ 000003 PT金田A K线更新失败: HTTPSConnectionPool(host='push2his.eastmoney.com', port=443): Max retries exceeded with url: /api/qt/stock/kline/get?fields1=f1%2Cf2%2Cf3%2Cf4%2Cf5%2Cf6&fields2=f51%2Cf52%2Cf53%2Cf54%2Cf55%2Cf56%2Cf57%2Cf58%2Cf59%2Cf60%2Cf61%2Cf116&ut=7eea3edcaed734bea9cbfc24409ed989&klt=101&fqt=1&secid=0.000003&beg=20250817&end=20250824 (Caused by ProxyError('Unable to connect to proxy', RemoteDisconnected('Remote end closed connection without response')))
2025-08-24 16:32:54,284 - WARNING - ⚠️ 000005 ST星源 K线更新失败: HTTPSConnectionPool(host='push2his.eastmoney.com', port=443): Max retries exceeded with url: /api/qt/stock/kline/get?fields1=f1%2Cf2%2Cf3%2Cf4%2Cf5%2Cf6&fields2=f51%2Cf52%2Cf53%2Cf54%2Cf55%2Cf56%2Cf57%2Cf58%2Cf59%2Cf60%2Cf61%2Cf116&ut=7eea3edcaed734bea9cbfc24409ed989&klt=101&fqt=1&secid=0.000005&beg=20250817&end=20250824 (Caused by ProxyError('Unable to connect to proxy', RemoteDisconnected('Remote end closed connection without response')))
2025-08-24 16:32:54,875 - WARNING - ⚠️ 000013 *ST石化A K线更新失败: HTTPSConnectionPool(host='push2his.eastmoney.com', port=443): Max retries exceeded with url: /api/qt/stock/kline/get?fields1=f1%2Cf2%2Cf3%2Cf4%2Cf5%2Cf6&fields2=f51%2Cf52%2Cf53%2Cf54%2Cf55%2Cf56%2Cf57%2Cf58%2Cf59%2Cf60%2Cf61%2Cf116&ut=7eea3edcaed734bea9cbfc24409ed989&klt=101&fqt=1&secid=0.000013&beg=20250817&end=20250824 (Caused by ProxyError('Unable to connect to proxy', RemoteDisconnected('Remote end closed connection without response')))
2025-08-24 16:32:55,481 - WARNING - ⚠️ 000015 PT中浩A K线更新失败: HTTPSConnectionPool(host='push2his.eastmoney.com', port=443): Max retries exceeded with url: /api/qt/stock/kline/get?fields1=f1%2Cf2%2Cf3%2Cf4%2Cf5%2Cf6&fields2=f51%2Cf52%2Cf53%2Cf54%2Cf55%2Cf56%2Cf57%2Cf58%2Cf59%2Cf60%2Cf61%2Cf116&ut=7eea3edcaed734bea9cbfc24409ed989&klt=101&fqt=1&secid=0.000015&beg=20250817&end=20250824 (Caused by ProxyError('Unable to connect to proxy', RemoteDisconnected('Remote end closed connection without response')))
2025-08-24 16:32:56,082 - WARNING - ⚠️ 000018 神城A退 K线更新失败: HTTPSConnectionPool(host='push2his.eastmoney.com', port=443): Max retries exceeded with url: /api/qt/stock/kline/get?fields1=f1%2Cf2%2Cf3%2Cf4%2Cf5%2Cf6&fields2=f51%2Cf52%2Cf53%2Cf54%2Cf55%2Cf56%2Cf57%2Cf58%2Cf59%2Cf60%2Cf61%2Cf116&ut=7eea3edcaed734bea9cbfc24409ed989&klt=101&fqt=1&secid=0.000018&beg=20250817&end=20250824 (Caused by ProxyError('Unable to connect to proxy', RemoteDisconnected('Remote end closed connection without response')))
2025-08-24 16:32:56,431 - INFO - 数据库连接已关闭
2025-08-24 16:33:12,763 - INFO - 🌟 每周数据更新程序启动
2025-08-24 16:33:12,763 - INFO - 🚀 开始每周数据更新...
2025-08-24 16:33:12,763 - INFO - ============================================================
2025-08-24 16:33:12,780 - INFO - ✅ 成功连接到MySQL数据库
2025-08-24 16:33:12,780 - INFO - 📊 开始更新近7个自然日K线数据）...
2025-08-24 16:33:12,813 - INFO - 📊 准备更新 373 只股票的近7个自然日K线数据
2025-08-24 16:39:01,804 - INFO - 🌟 每周数据更新程序启动
2025-08-24 16:39:01,804 - INFO - 🚀 开始每周数据更新...
2025-08-24 16:39:01,804 - INFO - ============================================================
2025-08-24 16:39:01,804 - INFO - ✅ 成功连接到MySQL数据库
2025-08-24 16:39:01,804 - INFO - 📊 开始更新近7个自然日K线数据）...
2025-08-24 16:39:13,345 - INFO - 📊 准备更新 58 只股票的近7个自然日K线数据
2025-08-24 16:39:13,345 - ERROR - ❌ 更新本周K线失败: not enough values to unpack (expected 2, got 1)
2025-08-24 16:39:13,345 - INFO - ============================================================
2025-08-24 16:39:13,345 - INFO - 📊 本周数据更新统计
2025-08-24 16:39:13,345 - INFO - ============================================================
2025-08-24 16:39:13,345 - INFO - ⏱️  更新耗时: 0:00:11.541531
2025-08-24 16:39:13,345 - INFO - 📈 实时行情: 0 条
2025-08-24 16:39:13,345 - INFO - 📊 本周K线: 0 条
2025-08-24 16:39:13,345 - INFO - 📅 交易日历: 0 条
2025-08-24 16:39:13,345 - INFO - ❌ 错误数量: 1
2025-08-24 16:39:13,345 - INFO -    • 更新本周K线失败: not enough values to unpack (expected 2, got 1)
2025-08-24 16:39:13,345 - INFO - ============================================================
2025-08-24 16:39:13,361 - INFO - 🎉 本周数据更新完成！
2025-08-24 16:39:13,361 - INFO - 数据库连接已关闭
2025-08-24 16:39:13,361 - INFO - ✅ 每周数据更新成功完成
2025-08-24 16:40:31,447 - INFO - 🌟 每周数据更新程序启动
2025-08-24 16:40:31,447 - INFO - 🚀 开始每周数据更新...
2025-08-24 16:40:31,447 - INFO - ============================================================
2025-08-24 16:40:31,447 - INFO - ✅ 成功连接到MySQL数据库
2025-08-24 16:40:31,447 - INFO - 📊 开始更新近7个自然日K线数据）...
2025-08-24 16:40:42,581 - INFO - 📊 准备更新 58 只股票的近7个自然日K线数据
2025-08-24 16:40:43,188 - WARNING - ⚠️ 000627 *ST天茂 K线更新失败: HTTPSConnectionPool(host='push2his.eastmoney.com', port=443): Max retries exceeded with url: /api/qt/stock/kline/get?fields1=f1%2Cf2%2Cf3%2Cf4%2Cf5%2Cf6&fields2=f51%2Cf52%2Cf53%2Cf54%2Cf55%2Cf56%2Cf57%2Cf58%2Cf59%2Cf60%2Cf61%2Cf116&ut=7eea3edcaed734bea9cbfc24409ed989&klt=101&fqt=1&secid=0.000627&beg=20250817&end=20250824 (Caused by ProxyError('Unable to connect to proxy', RemoteDisconnected('Remote end closed connection without response')))
2025-08-24 16:40:43,809 - WARNING - ⚠️ 002135 东南网架 K线更新失败: HTTPSConnectionPool(host='push2his.eastmoney.com', port=443): Max retries exceeded with url: /api/qt/stock/kline/get?fields1=f1%2Cf2%2Cf3%2Cf4%2Cf5%2Cf6&fields2=f51%2Cf52%2Cf53%2Cf54%2Cf55%2Cf56%2Cf57%2Cf58%2Cf59%2Cf60%2Cf61%2Cf116&ut=7eea3edcaed734bea9cbfc24409ed989&klt=101&fqt=1&secid=0.002135&beg=20250817&end=20250824 (Caused by ProxyError('Unable to connect to proxy', RemoteDisconnected('Remote end closed connection without response')))
2025-08-24 16:40:44,429 - WARNING - ⚠️ 002465 海格通信 K线更新失败: HTTPSConnectionPool(host='push2his.eastmoney.com', port=443): Max retries exceeded with url: /api/qt/stock/kline/get?fields1=f1%2Cf2%2Cf3%2Cf4%2Cf5%2Cf6&fields2=f51%2Cf52%2Cf53%2Cf54%2Cf55%2Cf56%2Cf57%2Cf58%2Cf59%2Cf60%2Cf61%2Cf116&ut=7eea3edcaed734bea9cbfc24409ed989&klt=101&fqt=1&secid=0.002465&beg=20250817&end=20250824 (Caused by ProxyError('Unable to connect to proxy', RemoteDisconnected('Remote end closed connection without response')))
2025-08-24 16:40:45,050 - WARNING - ⚠️ 300486 东杰智能 K线更新失败: HTTPSConnectionPool(host='push2his.eastmoney.com', port=443): Max retries exceeded with url: /api/qt/stock/kline/get?fields1=f1%2Cf2%2Cf3%2Cf4%2Cf5%2Cf6&fields2=f51%2Cf52%2Cf53%2Cf54%2Cf55%2Cf56%2Cf57%2Cf58%2Cf59%2Cf60%2Cf61%2Cf116&ut=7eea3edcaed734bea9cbfc24409ed989&klt=101&fqt=1&secid=0.300486&beg=20250817&end=20250824 (Caused by ProxyError('Unable to connect to proxy', RemoteDisconnected('Remote end closed connection without response')))
2025-08-24 16:40:45,301 - INFO - 数据库连接已关闭
2025-08-24 16:40:55,055 - INFO - 🌟 每周数据更新程序启动
2025-08-24 16:40:55,056 - INFO - 🚀 开始每周数据更新...
2025-08-24 16:40:55,056 - INFO - ============================================================
2025-08-24 16:40:55,060 - INFO - ✅ 成功连接到MySQL数据库
2025-08-24 16:40:55,060 - INFO - 📊 开始更新近7个自然日K线数据）...
2025-08-24 16:41:06,056 - INFO - 📊 准备更新 58 只股票的近7个自然日K线数据
2025-08-24 16:41:11,358 - INFO - 📈 已处理002135 东南网架 
2025-08-24 16:41:19,904 - INFO - 📈 已处理002465 海格通信 
2025-08-24 16:41:22,161 - INFO - 📈 已处理300486 东杰智能 
2025-08-24 16:41:23,358 - INFO - 📈 已处理300665 飞鹿股份 
2025-08-24 16:41:24,403 - INFO - 📈 已处理300840 酷特智能 
2025-08-24 16:41:29,483 - INFO - 📈 已处理301356 天振股份 
2025-08-24 16:41:30,550 - INFO - 📈 已处理301509 金凯生科 
2025-08-24 16:41:33,252 - INFO - 📈 已处理600620 天宸股份 
2025-08-24 16:41:34,800 - INFO - 📈 已处理600621 华鑫股份 
2025-08-24 16:41:40,098 - INFO - 📈 已处理603109 神驰机电 
2025-08-24 16:41:47,010 - INFO - 📈 已处理603125 常青科技 
2025-08-24 16:41:52,005 - INFO - 📈 已处理603203 快克智能 
2025-08-24 16:41:58,440 - INFO - 📈 已处理603208 江山欧派 
2025-08-24 16:41:59,800 - INFO - 📈 已处理603213 镇洋发展 
2025-08-24 16:42:01,828 - INFO - 📈 已处理603399 永杉锂业 
2025-08-24 16:42:03,754 - INFO - 📈 已处理603528 多伦科技 
2025-08-24 16:42:05,552 - INFO - 📈 已处理603589 口子窖 
2025-08-24 16:42:06,410 - INFO - 📈 已处理603601 再升科技 
2025-08-24 16:42:07,763 - INFO - 📈 已处理603822 嘉澳环保 
2025-08-24 16:42:08,569 - INFO - 📈 已处理603826 坤彩科技 
2025-08-24 16:42:32,992 - INFO - 📈 已处理603949 雪龙集团 
2025-08-24 16:42:38,652 - INFO - 📈 已处理605108 同庆楼 
2025-08-24 16:43:25,269 - INFO - 📈 已处理605199 ST葫芦娃 
2025-08-24 16:43:27,176 - INFO - 📈 已处理605339 南侨食品 
2025-08-24 16:43:32,999 - INFO - 📈 已处理688035 德邦科技 
2025-08-24 16:43:34,386 - INFO - 📈 已处理688114 华大智造 
2025-08-24 16:45:45,917 - WARNING - ⚠️ 688116 天奈科技 K线更新失败: HTTPSConnectionPool(host='push2his.eastmoney.com', port=443): Max retries exceeded with url: /api/qt/stock/kline/get?fields1=f1%2Cf2%2Cf3%2Cf4%2Cf5%2Cf6&fields2=f51%2Cf52%2Cf53%2Cf54%2Cf55%2Cf56%2Cf57%2Cf58%2Cf59%2Cf60%2Cf61%2Cf116&ut=7eea3edcaed734bea9cbfc24409ed989&klt=101&fqt=1&secid=1.688116&beg=20250817&end=20250824 (Caused by SSLError(SSLEOFError(8, '[SSL: UNEXPECTED_EOF_WHILE_READING] EOF occurred in violation of protocol (_ssl.c:1007)')))
2025-08-24 16:45:55,546 - INFO - 📈 已处理688165 埃夫特-U 
2025-08-24 16:46:15,775 - INFO - 📈 已处理688210 统联精密 
2025-08-24 16:46:57,892 - INFO - 📈 已处理688535 华海诚科 
2025-08-24 16:46:58,959 - INFO - 📈 已处理688536 思瑞浦 
2025-08-24 16:47:00,056 - INFO - 📈 已处理688538 和辉光电-U 
2025-08-24 16:47:01,114 - INFO - 📈 已处理688539 高华科技 
2025-08-24 16:47:02,486 - INFO - 📈 已处理688543 国科军工 
2025-08-24 16:47:04,102 - INFO - 📈 已处理688545 兴福电子 
2025-08-24 16:47:05,606 - INFO - 📈 已处理688548 广钢气体 
2025-08-24 16:47:07,530 - INFO - 📈 已处理688549 中巨芯 
2025-08-24 16:47:08,585 - INFO - 📈 已处理688550 瑞联新材 
2025-08-24 16:47:09,480 - INFO - 📈 已处理688551 科威尔 
2025-08-24 16:47:10,561 - INFO - 📈 已处理688552 航天南湖 
2025-08-24 16:47:11,683 - INFO - 📈 已处理688561 奇安信-U 
2025-08-24 16:47:12,552 - INFO - 📈 已处理688606 奥泰生物 
2025-08-24 16:47:13,650 - INFO - 📈 已处理833284 灵鸽科技 
2025-08-24 16:47:13,650 - INFO - 📈 已处理 50/58 只股票，成功 42 只
2025-08-24 16:47:15,085 - INFO - 📈 已处理835368 连城数控 
2025-08-24 16:47:16,887 - INFO - 📈 已处理836260 中寰股份 
2025-08-24 16:47:19,347 - INFO - 📈 已处理836414 欧普泰 
2025-08-24 16:47:22,800 - INFO - 📈 已处理836699 海达尔 
2025-08-24 16:47:23,858 - INFO - 📈 已处理839792 东和新材 
2025-08-24 16:47:24,941 - INFO - 📈 已处理870866 绿亨科技 
2025-08-24 16:47:27,292 - INFO - 📈 已处理873665 科强股份 
2025-08-24 16:47:28,750 - INFO - 📈 已处理873726 卓兆点胶 
2025-08-24 16:47:28,750 - INFO - ✅ 本周K线更新完成: 50 条记录
2025-08-24 16:47:28,750 - INFO - ============================================================
2025-08-24 16:47:28,750 - INFO - 📊 本周数据更新统计
2025-08-24 16:47:28,750 - INFO - ============================================================
2025-08-24 16:47:28,750 - INFO - ⏱️  更新耗时: 0:06:33.694421
2025-08-24 16:47:28,750 - INFO - 📈 实时行情: 0 条
2025-08-24 16:47:28,750 - INFO - 📊 本周K线: 50 条
2025-08-24 16:47:28,750 - INFO - 📅 交易日历: 0 条
2025-08-24 16:47:28,750 - INFO - ✅ 无错误
2025-08-24 16:47:28,750 - INFO - ============================================================
2025-08-24 16:47:28,750 - INFO - 🎉 本周数据更新完成！
2025-08-24 16:47:28,750 - INFO - 数据库连接已关闭
2025-08-24 16:47:28,750 - INFO - ✅ 每周数据更新成功完成
2025-08-24 18:58:02,533 - INFO - 🌟 每周数据更新程序启动
2025-08-24 18:58:02,534 - INFO - 🚀 开始每周数据更新...
2025-08-24 18:58:02,534 - INFO - ============================================================
2025-08-24 18:58:02,539 - INFO - ✅ 成功连接到MySQL数据库
2025-08-24 18:58:02,539 - INFO - 📊 开始更新近7个自然日K线数据）...
2025-08-24 18:58:14,884 - INFO - 数据库连接已关闭
