2025-08-31 10:07:18,554 - INFO - 🌟 每周数据更新程序启动
2025-08-31 10:07:18,555 - INFO - 🚀 开始每周数据更新...
2025-08-31 10:07:18,555 - INFO - ============================================================
2025-08-31 10:07:18,563 - INFO - ✅ 成功连接到MySQL数据库
2025-08-31 10:07:18,563 - INFO - 📊 开始更新近7个自然日K线数据）...
2025-08-31 10:07:19,363 - INFO - 📊 准备更新 2183 只股票的近7个自然日K线数据
2025-08-31 10:07:23,257 - INFO - 📈 已处理002633 申科股份 
2025-08-31 10:07:54,479 - INFO - 📈 已处理002860 星帅尔 
2025-08-31 10:07:56,607 - INFO - 📈 已处理300239 东宝生物 
2025-08-31 10:07:58,067 - INFO - 📈 已处理300343 ST联创 
2025-08-31 10:07:59,577 - INFO - 📈 已处理300423 昇辉科技 
2025-08-31 10:08:01,130 - INFO - 📈 已处理300512 中亚股份 
2025-08-31 10:08:02,626 - INFO - 📈 已处理300562 乐心医疗 
2025-08-31 10:08:04,118 - INFO - 📈 已处理300623 捷捷微电 
2025-08-31 10:08:05,655 - INFO - 📈 已处理300663 科蓝软件 
2025-08-31 10:08:07,148 - INFO - 📈 已处理300732 设研院 
2025-08-31 10:08:08,606 - INFO - 📈 已处理300733 西菱动力 
2025-08-31 10:08:10,087 - INFO - 📈 已处理300753 爱朋医疗 
2025-08-31 10:08:12,334 - INFO - 📈 已处理300774 倍杰特 
2025-08-31 10:08:13,891 - INFO - 📈 已处理300789 唐源电气 
2025-08-31 10:08:15,383 - INFO - 📈 已处理300795 米奥会展 
2025-08-31 10:08:16,884 - INFO - 📈 已处理300796 贝斯美 
2025-08-31 10:08:18,352 - INFO - 📈 已处理300797 钢研纳克 
2025-08-31 10:08:19,795 - INFO - 📈 已处理300798 锦鸡股份 
2025-08-31 10:08:21,273 - INFO - 📈 已处理300800 力合科技 
2025-08-31 10:08:23,144 - INFO - 📈 已处理300801 泰和科技 
2025-08-31 10:08:24,611 - INFO - 📈 已处理300802 矩子科技 
2025-08-31 10:08:26,079 - INFO - 📈 已处理300803 指南针 
2025-08-31 10:08:27,530 - INFO - 📈 已处理300804 广康生化 
2025-08-31 10:08:30,057 - INFO - 📈 已处理300805 电声股份 
2025-08-31 10:08:31,519 - INFO - 📈 已处理300806 斯迪克 
2025-08-31 10:08:33,849 - INFO - 📈 已处理300807 天迈科技 
2025-08-31 10:08:35,330 - INFO - 📈 已处理300808 久量股份 
2025-08-31 10:08:36,833 - INFO - 📈 已处理300809 华辰装备 
2025-08-31 10:08:38,330 - INFO - 📈 已处理300810 中科海讯 
2025-08-31 10:08:39,706 - INFO - 📈 已处理300811 铂科新材 
2025-08-31 10:08:41,118 - INFO - 📈 已处理300812 易天股份 
2025-08-31 10:08:42,725 - INFO - 📈 已处理300813 泰林生物 
2025-08-31 10:08:44,100 - INFO - 📈 已处理300814 中富电路 
2025-08-31 10:08:45,548 - INFO - 📈 已处理300815 玉禾田 
2025-08-31 10:08:47,034 - INFO - 📈 已处理300816 艾可蓝 
2025-08-31 10:08:48,541 - INFO - 📈 已处理300817 双飞集团 
2025-08-31 10:08:50,052 - INFO - 📈 已处理300818 耐普矿机 
2025-08-31 10:08:51,591 - INFO - 📈 已处理300819 聚杰微纤 
2025-08-31 10:08:54,031 - INFO - 📈 已处理300820 英杰电气 
2025-08-31 10:08:55,978 - INFO - 📈 已处理300821 东岳硅材 
2025-08-31 10:08:57,850 - INFO - 📈 已处理300822 贝仕达克 
2025-08-31 10:08:59,361 - INFO - 📈 已处理300823 建科智能 
2025-08-31 10:09:00,836 - INFO - 📈 已处理300824 北鼎股份 
2025-08-31 10:09:02,323 - INFO - 📈 已处理300825 阿尔特 
2025-08-31 10:09:04,198 - INFO - 📈 已处理300826 测绘股份 
2025-08-31 10:09:06,394 - INFO - 📈 已处理300827 上能电气 
2025-08-31 10:09:07,887 - INFO - 📈 已处理300828 锐新科技 
2025-08-31 10:09:13,908 - WARNING - ⚠️ 300829 金丹科技 K线更新失败: ('Connection aborted.', ConnectionResetError(10054, '远程主机强迫关闭了一个现有的连接。', None, 10054, None))
2025-08-31 10:09:15,411 - INFO - 📈 已处理300830 金现代 
2025-08-31 10:09:17,078 - INFO - 📈 已处理300831 派瑞股份 
2025-08-31 10:09:17,078 - INFO - 📈 已处理 50/2183 只股票，成功 49 只
2025-08-31 10:09:19,355 - INFO - 📈 已处理300832 新产业 
2025-08-31 10:09:22,079 - INFO - 📈 已处理300833 浩洋股份 
2025-08-31 10:09:30,131 - INFO - 📈 已处理300834 星辉环材 
2025-08-31 10:09:31,974 - INFO - 📈 已处理300835 龙磁科技 
2025-08-31 10:09:33,498 - INFO - 📈 已处理300836 佰奥智能 
2025-08-31 10:09:36,409 - INFO - 📈 已处理300837 浙矿股份 
2025-08-31 10:09:37,901 - INFO - 📈 已处理300838 浙江力诺 
2025-08-31 10:09:39,380 - INFO - 📈 已处理300839 博汇股份 
2025-08-31 10:09:40,888 - INFO - 📈 已处理300840 酷特智能 
2025-08-31 10:09:42,337 - INFO - 📈 已处理300841 康华生物 
2025-08-31 10:09:44,126 - INFO - 📈 已处理300842 帝科股份 
2025-08-31 10:09:45,638 - INFO - 📈 已处理300843 胜蓝股份 
2025-08-31 10:09:48,142 - INFO - 📈 已处理300844 山水比德 
2025-08-31 10:09:50,373 - INFO - 📈 已处理300845 捷安高科 
2025-08-31 10:09:51,898 - INFO - 📈 已处理300846 首都在线 
2025-08-31 10:09:53,370 - INFO - 📈 已处理300847 中船汉光 
2025-08-31 10:09:55,171 - INFO - 📈 已处理300848 美瑞新材 
2025-08-31 10:09:56,652 - INFO - 📈 已处理300849 锦盛新材 
2025-08-31 10:09:58,234 - INFO - 📈 已处理300850 新强联 
2025-08-31 10:10:01,058 - INFO - 📈 已处理300851 交大思诺 
2025-08-31 10:10:02,545 - INFO - 📈 已处理300852 四会富仕 
2025-08-31 10:10:04,067 - INFO - 📈 已处理300853 申昊科技 
2025-08-31 10:10:05,991 - INFO - 📈 已处理300854 中兰环保 
2025-08-31 10:10:07,483 - INFO - 📈 已处理300855 图南股份 
2025-08-31 10:10:08,942 - INFO - 📈 已处理300856 科思股份 
2025-08-31 10:10:10,572 - INFO - 📈 已处理300857 协创数据 
2025-08-31 10:10:12,054 - INFO - 📈 已处理300858 科拓生物 
2025-08-31 10:10:13,508 - INFO - 📈 已处理300859 西域旅游 
2025-08-31 10:10:14,998 - INFO - 📈 已处理300860 锋尚文化 
2025-08-31 10:10:17,029 - INFO - 📈 已处理300861 美畅股份 
2025-08-31 10:10:18,471 - INFO - 📈 已处理300862 蓝盾光电 
2025-08-31 10:10:19,953 - INFO - 📈 已处理300863 卡倍亿 
2025-08-31 10:10:21,416 - INFO - 📈 已处理300864 南大环境 
2025-08-31 10:10:23,422 - INFO - 📈 已处理300865 大宏立 
2025-08-31 10:10:24,879 - INFO - 📈 已处理300866 安克创新 
2025-08-31 10:10:26,476 - INFO - 📈 已处理300867 圣元环保 
2025-08-31 10:10:28,007 - INFO - 📈 已处理300868 杰美特 
2025-08-31 10:10:29,502 - INFO - 📈 已处理300869 康泰医学 
2025-08-31 10:10:31,224 - INFO - 📈 已处理300870 欧陆通 
2025-08-31 10:10:32,945 - INFO - 📈 已处理300871 回盛生物 
2025-08-31 10:10:34,395 - INFO - 📈 已处理300872 天阳科技 
2025-08-31 10:10:35,776 - INFO - 📈 已处理300873 海晨股份 
2025-08-31 10:10:37,287 - INFO - 📈 已处理300875 捷强装备 
2025-08-31 10:10:38,796 - INFO - 📈 已处理300876 蒙泰高新 
2025-08-31 10:10:40,298 - INFO - 📈 已处理300877 金春股份 
2025-08-31 10:10:41,853 - INFO - 📈 已处理300878 维康药业 
2025-08-31 10:10:43,363 - INFO - 📈 已处理300879 大叶股份 
2025-08-31 10:10:45,148 - INFO - 📈 已处理300880 迦南智能 
2025-08-31 10:10:46,634 - INFO - 📈 已处理300881 盛德鑫泰 
2025-08-31 10:10:48,137 - INFO - 📈 已处理300882 万胜智能 
2025-08-31 10:10:48,137 - INFO - 📈 已处理 100/2183 只股票，成功 99 只
2025-08-31 10:10:49,756 - INFO - 📈 已处理300883 龙利得 
2025-08-31 10:10:52,338 - INFO - 📈 已处理300884 狄耐克 
2025-08-31 10:10:53,848 - INFO - 📈 已处理300885 海昌新材 
2025-08-31 10:10:55,351 - INFO - 📈 已处理300886 华业香料 
2025-08-31 10:10:56,857 - INFO - 📈 已处理300887 谱尼测试 
2025-08-31 10:11:06,016 - INFO - 📈 已处理300888 稳健医疗 
2025-08-31 10:11:12,028 - WARNING - ⚠️ 300889 爱克股份 K线更新失败: ('Connection aborted.', ConnectionResetError(10054, '远程主机强迫关闭了一个现有的连接。', None, 10054, None))
2025-08-31 10:11:13,471 - INFO - 📈 已处理300890 翔丰华 
2025-08-31 10:11:14,949 - INFO - 📈 已处理300891 惠云钛业 
2025-08-31 10:11:16,389 - INFO - 📈 已处理300892 品渥食品 
2025-08-31 10:11:17,789 - INFO - 📈 已处理300893 松原安全 
2025-08-31 10:11:19,274 - INFO - 📈 已处理300894 火星人 
2025-08-31 10:11:20,785 - INFO - 📈 已处理300895 铜牛信息 
2025-08-31 10:11:22,295 - INFO - 📈 已处理300896 爱美客 
2025-08-31 10:11:23,815 - INFO - 📈 已处理300897 山科智能 
2025-08-31 10:11:25,540 - INFO - 📈 已处理300898 熊猫乳品 
2025-08-31 10:11:27,058 - INFO - 📈 已处理300899 *ST凯鑫 
2025-08-31 10:11:29,497 - INFO - 📈 已处理300900 广联航空 
2025-08-31 10:11:32,022 - INFO - 📈 已处理300901 中胤时尚 
2025-08-31 10:11:33,517 - INFO - 📈 已处理300902 国安达 
2025-08-31 10:11:35,005 - INFO - 📈 已处理300903 科翔股份 
2025-08-31 10:11:36,394 - INFO - 📈 已处理300904 威力传动 
2025-08-31 10:11:37,886 - INFO - 📈 已处理300905 宝丽迪 
2025-08-31 10:11:39,457 - INFO - 📈 已处理300906 日月明 
2025-08-31 10:11:40,895 - INFO - 📈 已处理300907 康平科技 
2025-08-31 10:11:42,345 - INFO - 📈 已处理300908 仲景食品 
2025-08-31 10:11:43,833 - INFO - 📈 已处理300909 汇创达 
2025-08-31 10:11:45,350 - INFO - 📈 已处理300910 瑞丰新材 
2025-08-31 10:11:46,854 - INFO - 📈 已处理300911 亿田智能 
2025-08-31 10:11:48,295 - INFO - 📈 已处理300912 凯龙高科 
2025-08-31 10:11:49,732 - INFO - 📈 已处理300913 兆龙互连 
2025-08-31 10:11:55,759 - WARNING - ⚠️ 300915 海融科技 K线更新失败: ('Connection aborted.', ConnectionResetError(10054, '远程主机强迫关闭了一个现有的连接。', None, 10054, None))
2025-08-31 10:11:57,552 - INFO - 📈 已处理300916 朗特智能 
2025-08-31 10:11:59,838 - INFO - 📈 已处理300917 特发服务 
2025-08-31 10:12:01,389 - INFO - 📈 已处理300918 南山智尚 
2025-08-31 10:12:02,895 - INFO - 📈 已处理300919 中伟股份 
2025-08-31 10:12:04,807 - INFO - 📈 已处理300920 润阳科技 
2025-08-31 10:12:06,510 - INFO - 📈 已处理300921 南凌科技 
2025-08-31 10:12:08,030 - INFO - 📈 已处理300922 天秦装备 
2025-08-31 10:12:09,802 - INFO - 📈 已处理300923 研奥股份 
2025-08-31 10:12:11,244 - INFO - 📈 已处理300925 法本信息 
2025-08-31 10:12:12,773 - INFO - 📈 已处理300926 博俊科技 
2025-08-31 10:12:14,291 - INFO - 📈 已处理300927 江天化学 
2025-08-31 10:12:16,111 - INFO - 📈 已处理300928 华安鑫创 
2025-08-31 10:12:18,833 - INFO - 📈 已处理300929 华骐环保 
2025-08-31 10:12:20,346 - INFO - 📈 已处理300930 屹通新材 
2025-08-31 10:12:21,799 - INFO - 📈 已处理300931 通用电梯 
2025-08-31 10:12:23,299 - INFO - 📈 已处理300932 三友联众 
2025-08-31 10:12:24,765 - INFO - 📈 已处理300933 中辰股份 
2025-08-31 10:12:26,211 - INFO - 📈 已处理300935 盈建科 
2025-08-31 10:12:26,211 - INFO - 📈 已处理 150/2183 只股票，成功 147 只
2025-08-31 10:12:28,031 - INFO - 📈 已处理300936 中英科技 
2025-08-31 10:12:29,543 - INFO - 📈 已处理300937 药易购 
2025-08-31 10:12:31,045 - INFO - 📈 已处理300938 信测标准 
2025-08-31 10:12:32,546 - INFO - 📈 已处理300939 秋田微 
2025-08-31 10:12:33,988 - INFO - 📈 已处理300940 南极光 
2025-08-31 10:12:35,513 - INFO - 📈 已处理300941 创识科技 
2025-08-31 10:12:37,402 - INFO - 📈 已处理300942 易瑞生物 
2025-08-31 10:12:41,691 - INFO - 📈 已处理300943 春晖智控 
2025-08-31 10:12:43,189 - INFO - 📈 已处理300945 曼卡龙 
2025-08-31 10:12:44,612 - INFO - 📈 已处理300946 恒而达 
2025-08-31 10:12:46,497 - INFO - 📈 已处理300947 德必集团 
2025-08-31 10:12:47,984 - INFO - 📈 已处理300948 冠中生态 
2025-08-31 10:12:49,496 - INFO - 📈 已处理300949 奥雅股份 
2025-08-31 10:12:51,022 - INFO - 📈 已处理300950 德固特 
2025-08-31 10:12:52,536 - INFO - 📈 已处理300951 博硕科技 
2025-08-31 10:12:53,962 - INFO - 📈 已处理300952 恒辉安防 
2025-08-31 10:12:55,412 - INFO - 📈 已处理300953 震裕科技 
2025-08-31 10:12:56,919 - INFO - 📈 已处理300955 嘉亨家化 
2025-08-31 10:12:58,380 - INFO - 📈 已处理300956 英力股份 
2025-08-31 10:12:59,994 - INFO - 📈 已处理300957 贝泰妮 
2025-08-31 10:13:01,954 - INFO - 📈 已处理300958 建工修复 
2025-08-31 10:13:04,548 - INFO - 📈 已处理300959 线上线下 
2025-08-31 10:13:06,038 - INFO - 📈 已处理300960 通业科技 
2025-08-31 10:13:07,609 - INFO - 📈 已处理300961 深水海纳 
2025-08-31 10:13:09,203 - INFO - 📈 已处理300962 中金辐照 
2025-08-31 10:13:10,700 - INFO - 📈 已处理300963 中洲特材 
2025-08-31 10:13:13,207 - INFO - 📈 已处理300964 本川智能 
2025-08-31 10:13:14,691 - INFO - 📈 已处理300965 恒宇信通 
2025-08-31 10:13:16,193 - INFO - 📈 已处理300966 共同药业 
2025-08-31 10:13:18,071 - INFO - 📈 已处理300967 晓鸣股份 
2025-08-31 10:13:20,236 - INFO - 📈 已处理300968 格林精密 
2025-08-31 10:13:21,665 - INFO - 📈 已处理300969 恒帅股份 
2025-08-31 10:13:23,279 - INFO - 📈 已处理300970 华绿生物 
2025-08-31 10:13:24,773 - INFO - 📈 已处理300971 博亚精工 
2025-08-31 10:13:26,946 - INFO - 📈 已处理300972 万辰集团 
2025-08-31 10:13:28,660 - INFO - 📈 已处理300973 立高食品 
2025-08-31 10:13:30,872 - INFO - 📈 已处理300975 商络电子 
2025-08-31 10:13:32,318 - INFO - 📈 已处理300976 达瑞电子 
2025-08-31 10:13:33,768 - INFO - 📈 已处理300977 深圳瑞捷 
2025-08-31 10:13:35,224 - INFO - 📈 已处理300978 东箭科技 
2025-08-31 10:13:36,655 - INFO - 📈 已处理300979 华利集团 
2025-08-31 10:13:38,142 - INFO - 📈 已处理300980 祥源新材 
2025-08-31 10:13:39,913 - INFO - 📈 已处理300981 中红医疗 
2025-08-31 10:13:41,431 - INFO - 📈 已处理300982 苏文电能 
2025-08-31 10:13:43,054 - INFO - 📈 已处理300983 尤安设计 
2025-08-31 10:13:44,539 - INFO - 📈 已处理300984 金沃股份 
2025-08-31 10:13:45,968 - INFO - 📈 已处理300985 致远新能 
2025-08-31 10:13:47,754 - INFO - 📈 已处理300986 志特新材 
2025-08-31 10:13:49,201 - INFO - 📈 已处理300987 川网传媒 
2025-08-31 10:13:50,968 - INFO - 📈 已处理300988 津荣天宇 
2025-08-31 10:13:50,968 - INFO - 📈 已处理 200/2183 只股票，成功 197 只
2025-08-31 10:13:52,951 - INFO - 📈 已处理300989 蕾奥规划 
2025-08-31 10:13:54,454 - INFO - 📈 已处理300990 同飞股份 
2025-08-31 10:13:55,922 - INFO - 📈 已处理300991 创益通 
2025-08-31 10:13:57,407 - INFO - 📈 已处理300992 泰福泵业 
2025-08-31 10:13:58,849 - INFO - 📈 已处理300993 玉马科技 
2025-08-31 10:14:00,356 - INFO - 📈 已处理300994 久祺股份 
2025-08-31 10:14:01,853 - INFO - 📈 已处理300995 奇德新材 
2025-08-31 10:14:03,695 - INFO - 📈 已处理300996 普联软件 
2025-08-31 10:14:05,131 - INFO - 📈 已处理300997 欢乐家 
2025-08-31 10:14:06,576 - INFO - 📈 已处理300998 宁波方正 
2025-08-31 10:14:08,233 - INFO - 📈 已处理300999 金龙鱼 
2025-08-31 10:14:09,727 - INFO - 📈 已处理301000 肇民科技 
2025-08-31 10:14:11,267 - INFO - 📈 已处理301001 凯淳股份 
2025-08-31 10:14:12,819 - INFO - 📈 已处理301002 崧盛股份 
2025-08-31 10:14:14,322 - INFO - 📈 已处理301003 江苏博云 
2025-08-31 10:14:15,833 - INFO - 📈 已处理301004 嘉益股份 
2025-08-31 10:14:17,347 - INFO - 📈 已处理301005 超捷股份 
2025-08-31 10:14:18,851 - INFO - 📈 已处理301006 迈拓股份 
2025-08-31 10:14:20,357 - INFO - 📈 已处理301007 德迈仕 
2025-08-31 10:14:22,908 - INFO - 📈 已处理301008 宏昌科技 
2025-08-31 10:14:24,440 - INFO - 📈 已处理301009 可靠股份 
2025-08-31 10:14:25,923 - INFO - 📈 已处理301010 晶雪节能 
2025-08-31 10:14:27,428 - INFO - 📈 已处理301011 华立科技 
2025-08-31 10:14:28,904 - INFO - 📈 已处理301012 扬电科技 
2025-08-31 10:14:30,429 - INFO - 📈 已处理301013 利和兴 
2025-08-31 10:14:33,356 - INFO - 📈 已处理301015 百洋医药 
2025-08-31 10:14:34,883 - INFO - 📈 已处理301016 雷尔伟 
2025-08-31 10:14:36,368 - INFO - 📈 已处理301017 漱玉平民 
2025-08-31 10:14:37,857 - INFO - 📈 已处理301018 申菱环境 
2025-08-31 10:14:39,383 - INFO - 📈 已处理301019 宁波色母 
2025-08-31 10:14:40,882 - INFO - 📈 已处理301020 密封科技 
2025-08-31 10:14:42,386 - INFO - 📈 已处理301021 英诺激光 
2025-08-31 10:14:43,895 - INFO - 📈 已处理301022 海泰科 
2025-08-31 10:14:45,398 - INFO - 📈 已处理301023 江南奕帆 
2025-08-31 10:14:47,803 - INFO - 📈 已处理301024 霍普股份 
2025-08-31 10:14:49,339 - INFO - 📈 已处理301025 读客文化 
2025-08-31 10:14:50,855 - INFO - 📈 已处理301026 浩通科技 
2025-08-31 10:14:52,346 - INFO - 📈 已处理301027 华蓝集团 
2025-08-31 10:15:00,423 - INFO - 📈 已处理301028 东亚机械 
2025-08-31 10:15:01,920 - INFO - 📈 已处理301029 怡合达 
2025-08-31 10:15:03,411 - INFO - 📈 已处理301030 仕净科技 
2025-08-31 10:15:04,905 - INFO - 📈 已处理301031 中熔电气 
2025-08-31 10:15:06,388 - INFO - 📈 已处理301032 新柴股份 
2025-08-31 10:15:08,176 - INFO - 📈 已处理301033 迈普医学 
2025-08-31 10:15:09,806 - INFO - 📈 已处理301035 润丰股份 
2025-08-31 10:15:11,386 - INFO - 📈 已处理301036 双乐股份 
2025-08-31 10:15:13,249 - INFO - 📈 已处理301037 保立佳 
2025-08-31 10:15:14,742 - INFO - 📈 已处理301038 深水规院 
2025-08-31 10:15:17,277 - INFO - 📈 已处理301039 中集车辆 
2025-08-31 10:15:18,784 - INFO - 📈 已处理301040 中环海陆 
2025-08-31 10:15:18,785 - INFO - 📈 已处理 250/2183 只股票，成功 247 只
2025-08-31 10:15:20,581 - INFO - 📈 已处理301041 金百泽 
2025-08-31 10:15:22,210 - INFO - 📈 已处理301042 安联锐视 
2025-08-31 10:15:23,738 - INFO - 📈 已处理301043 绿岛风 
2025-08-31 10:15:25,768 - INFO - 📈 已处理301045 天禄科技 
2025-08-31 10:15:27,290 - INFO - 📈 已处理301046 能辉科技 
2025-08-31 10:15:30,073 - INFO - 📈 已处理301047 义翘神州 
2025-08-31 10:15:32,207 - INFO - 📈 已处理301048 金鹰重工 
2025-08-31 10:15:38,901 - INFO - 📈 已处理301049 超越科技 
2025-08-31 10:15:41,686 - INFO - 📈 已处理301050 雷电微力 
2025-08-31 10:15:43,231 - INFO - 📈 已处理301051 信濠光电 
2025-08-31 10:15:49,582 - INFO - 📈 已处理301052 果麦文化 
2025-08-31 10:15:51,111 - INFO - 📈 已处理301053 远信工业 
2025-08-31 10:15:53,633 - INFO - 📈 已处理301055 张小泉 
2025-08-31 10:15:55,127 - INFO - 📈 已处理301056 森赫股份 
2025-08-31 10:15:56,966 - INFO - 📈 已处理301057 汇隆新材 
2025-08-31 10:15:58,483 - INFO - 📈 已处理301058 中粮科工 
2025-08-31 10:15:59,944 - INFO - 📈 已处理301059 金三江 
2025-08-31 10:16:02,076 - INFO - 📈 已处理301060 兰卫医学 
2025-08-31 10:16:03,572 - INFO - 📈 已处理301061 匠心家居 
2025-08-31 10:16:05,082 - INFO - 📈 已处理301062 上海艾录 
2025-08-31 10:16:06,993 - INFO - 📈 已处理301063 海锅股份 
2025-08-31 10:16:08,506 - INFO - 📈 已处理301065 本立科技 
2025-08-31 10:16:10,006 - INFO - 📈 已处理301066 万事利 
2025-08-31 10:16:11,570 - INFO - 📈 已处理301067 显盈科技 
2025-08-31 10:16:12,969 - INFO - 📈 已处理301068 大地海洋 
2025-08-31 10:16:14,376 - INFO - 📈 已处理301069 凯盛新材 
2025-08-31 10:16:15,866 - INFO - 📈 已处理301070 开勒股份 
2025-08-31 10:16:17,275 - INFO - 📈 已处理301071 力量钻石 
2025-08-31 10:16:18,668 - INFO - 📈 已处理301072 中捷精工 
2025-08-31 10:16:20,211 - INFO - 📈 已处理301073 君亭酒店 
2025-08-31 10:16:21,980 - INFO - 📈 已处理301075 多瑞医药 
2025-08-31 10:16:23,479 - INFO - 📈 已处理301076 新瀚新材 
2025-08-31 10:16:24,882 - INFO - 📈 已处理301077 星华新材 
2025-08-31 10:16:26,285 - INFO - 📈 已处理301078 孩子王 
2025-08-31 10:16:27,689 - INFO - 📈 已处理301079 邵阳液压 
2025-08-31 10:16:30,405 - INFO - 📈 已处理301080 百普赛斯 
2025-08-31 10:16:32,015 - INFO - 📈 已处理301081 严牌股份 
2025-08-31 10:16:33,916 - INFO - 📈 已处理301082 久盛电气 
2025-08-31 10:16:35,390 - INFO - 📈 已处理301083 百胜智能 
2025-08-31 10:16:36,931 - INFO - 📈 已处理301085 亚康股份 
2025-08-31 10:16:38,421 - INFO - 📈 已处理301086 鸿富瀚 
2025-08-31 10:16:39,919 - INFO - 📈 已处理301087 可孚医疗 
2025-08-31 10:16:41,596 - INFO - 📈 已处理301088 戎美股份 
2025-08-31 10:16:43,061 - INFO - 📈 已处理301089 拓新药业 
2025-08-31 10:16:44,469 - INFO - 📈 已处理301090 华润材料 
2025-08-31 10:16:46,160 - INFO - 📈 已处理301091 深城交 
2025-08-31 10:16:48,018 - INFO - 📈 已处理301092 争光股份 
2025-08-31 10:16:49,527 - INFO - 📈 已处理301093 华兰股份 
2025-08-31 10:16:51,413 - INFO - 📈 已处理301095 广立微 
2025-08-31 10:16:52,885 - INFO - 📈 已处理301096 百诚医药 
2025-08-31 10:16:52,885 - INFO - 📈 已处理 300/2183 只股票，成功 297 只
2025-08-31 10:16:54,532 - INFO - 📈 已处理301097 天益医疗 
2025-08-31 10:16:56,014 - INFO - 📈 已处理301098 金埔园林 
2025-08-31 10:16:57,823 - INFO - 📈 已处理301099 雅创电子 
2025-08-31 10:17:00,687 - INFO - 📈 已处理301100 风光股份 
2025-08-31 10:17:02,094 - INFO - 📈 已处理301101 明月镜片 
2025-08-31 10:17:03,595 - INFO - 📈 已处理301102 兆讯传媒 
2025-08-31 10:17:05,011 - INFO - 📈 已处理301103 何氏眼科 
2025-08-31 10:17:06,712 - INFO - 📈 已处理301105 鸿铭股份 
2025-08-31 10:17:08,502 - INFO - 📈 已处理301106 骏成科技 
2025-08-31 10:17:09,939 - INFO - 📈 已处理301107 瑜欣电子 
2025-08-31 10:17:11,430 - INFO - 📈 已处理301108 洁雅股份 
2025-08-31 10:17:13,195 - INFO - 📈 已处理301109 军信股份 
2025-08-31 10:17:14,673 - INFO - 📈 已处理301110 青木科技 
2025-08-31 10:17:16,121 - INFO - 📈 已处理301111 粤万年青 
2025-08-31 10:17:17,599 - INFO - 📈 已处理301112 信邦智能 
2025-08-31 10:17:19,392 - INFO - 📈 已处理301113 雅艺科技 
2025-08-31 10:17:20,909 - INFO - 📈 已处理301115 联检科技 
2025-08-31 10:17:22,569 - INFO - 📈 已处理301116 益客食品 
2025-08-31 10:17:24,072 - INFO - 📈 已处理301117 佳缘科技 
2025-08-31 10:17:25,596 - INFO - 📈 已处理301118 恒光股份 
2025-08-31 10:17:27,171 - INFO - 📈 已处理301119 正强股份 
2025-08-31 10:17:28,625 - INFO - 📈 已处理301120 新特电气 
2025-08-31 10:17:30,028 - INFO - 📈 已处理301121 紫建电子 
2025-08-31 10:17:31,533 - INFO - 📈 已处理301122 采纳股份 
2025-08-31 10:17:34,071 - INFO - 📈 已处理301123 奕东电子 
2025-08-31 10:17:35,549 - INFO - 📈 已处理301125 腾亚精工 
2025-08-31 10:17:37,016 - INFO - 📈 已处理301126 达嘉维康 
2025-08-31 10:17:38,554 - INFO - 📈 已处理301127 武汉天源 
2025-08-31 10:17:40,414 - INFO - 📈 已处理301128 强瑞技术 
2025-08-31 10:17:41,902 - INFO - 📈 已处理301129 瑞纳智能 
2025-08-31 10:17:43,374 - INFO - 📈 已处理301130 西点药业 
2025-08-31 10:17:44,767 - INFO - 📈 已处理301131 聚赛龙 
2025-08-31 10:17:46,216 - INFO - 📈 已处理301132 满坤科技 
2025-08-31 10:17:48,193 - INFO - 📈 已处理301133 金钟股份 
2025-08-31 10:17:50,182 - INFO - 📈 已处理301135 瑞德智能 
2025-08-31 10:17:51,629 - INFO - 📈 已处理301136 招标股份 
2025-08-31 10:17:53,089 - INFO - 📈 已处理301137 哈焊华通 
2025-08-31 10:17:54,514 - INFO - 📈 已处理301138 华研精机 
2025-08-31 10:17:56,216 - INFO - 📈 已处理301139 元道通信 
2025-08-31 10:17:57,856 - INFO - 📈 已处理301141 中科磁业 
2025-08-31 10:17:59,746 - INFO - 📈 已处理301148 嘉戎技术 
2025-08-31 10:18:01,209 - INFO - 📈 已处理301149 隆华新材 
2025-08-31 10:18:03,074 - INFO - 📈 已处理301150 中一科技 
2025-08-31 10:18:05,656 - INFO - 📈 已处理301151 冠龙节能 
2025-08-31 10:18:07,137 - INFO - 📈 已处理301152 天力锂能 
2025-08-31 10:18:08,613 - INFO - 📈 已处理301153 中科江南 
2025-08-31 10:18:10,069 - INFO - 📈 已处理301155 海力风电 
2025-08-31 10:18:12,586 - INFO - 📈 已处理301156 美农生物 
2025-08-31 10:18:14,888 - INFO - 📈 已处理301157 华塑科技 
2025-08-31 10:18:17,461 - INFO - 📈 已处理301158 德石股份 
2025-08-31 10:18:17,461 - INFO - 📈 已处理 350/2183 只股票，成功 347 只
2025-08-31 10:18:20,304 - INFO - 📈 已处理301159 三维天地 
2025-08-31 10:18:21,831 - INFO - 📈 已处理301160 翔楼新材 
2025-08-31 10:18:23,870 - INFO - 📈 已处理301161 唯万密封 
2025-08-31 10:18:25,790 - INFO - 📈 已处理301162 国能日新 
2025-08-31 10:18:27,769 - INFO - 📈 已处理301163 宏德股份 
2025-08-31 10:18:29,292 - INFO - 📈 已处理301165 锐捷网络 
2025-08-31 10:18:32,227 - INFO - 📈 已处理301166 优宁维 
2025-08-31 10:18:34,215 - INFO - 📈 已处理301167 建研设计 
2025-08-31 10:18:36,843 - INFO - 📈 已处理301168 通灵股份 
2025-08-31 10:18:40,005 - INFO - 📈 已处理301169 零点有数 
2025-08-31 10:18:41,525 - INFO - 📈 已处理301170 锡南科技 
2025-08-31 10:18:45,673 - INFO - 📈 已处理301171 易点天下 
2025-08-31 10:18:48,018 - INFO - 📈 已处理301172 君逸数码 
2025-08-31 10:18:52,685 - INFO - 📈 已处理301173 毓恬冠佳 
2025-08-31 10:18:55,783 - INFO - 📈 已处理301175 中科环保 
2025-08-31 10:18:58,495 - INFO - 📈 已处理301176 逸豪新材 
2025-08-31 10:19:00,462 - INFO - 📈 已处理301177 迪阿股份 
2025-08-31 10:19:01,984 - INFO - 📈 已处理301178 天亿马 
2025-08-31 10:19:03,817 - INFO - 📈 已处理301179 泽宇智能 
2025-08-31 10:19:06,422 - INFO - 📈 已处理301180 万祥科技 
2025-08-31 10:19:08,040 - INFO - 📈 已处理301181 标榜股份 
2025-08-31 10:19:11,794 - INFO - 📈 已处理301182 凯旺科技 
2025-08-31 10:19:13,669 - INFO - 📈 已处理301183 东田微 
2025-08-31 10:19:16,537 - INFO - 📈 已处理301185 鸥玛软件 
2025-08-31 10:19:18,356 - INFO - 📈 已处理301186 超达装备 
2025-08-31 10:19:21,502 - INFO - 📈 已处理301187 欧圣电气 
2025-08-31 10:19:23,432 - INFO - 📈 已处理301188 力诺药包 
2025-08-31 10:19:25,961 - INFO - 📈 已处理301189 奥尼电子 
2025-08-31 10:19:28,883 - INFO - 📈 已处理301190 善水科技 
2025-08-31 10:19:30,957 - INFO - 📈 已处理301191 菲菱科思 
2025-08-31 10:19:33,249 - INFO - 📈 已处理301192 泰祥股份 
2025-08-31 10:19:34,702 - INFO - 📈 已处理301193 家联科技 
2025-08-31 10:19:38,271 - INFO - 📈 已处理301195 北路智控 
2025-08-31 10:19:41,698 - INFO - 📈 已处理301196 唯科科技 
2025-08-31 10:19:43,402 - INFO - 📈 已处理301197 工大科雅 
2025-08-31 10:19:45,196 - INFO - 📈 已处理301198 喜悦智行 
2025-08-31 10:19:49,932 - INFO - 📈 已处理301199 迈赫股份 
2025-08-31 10:19:51,943 - INFO - 📈 已处理301200 大族数控 
2025-08-31 10:19:54,493 - INFO - 📈 已处理301201 诚达药业 
2025-08-31 10:19:57,329 - INFO - 📈 已处理301202 朗威股份 
2025-08-31 10:19:58,942 - INFO - 📈 已处理301203 国泰环保 
2025-08-31 10:20:00,742 - INFO - 📈 已处理301205 联特科技 
2025-08-31 10:20:02,749 - INFO - 📈 已处理301206 三元生物 
2025-08-31 10:20:04,831 - INFO - 📈 已处理301207 华兰疫苗 
2025-08-31 10:20:07,828 - INFO - 📈 已处理301208 中亦科技 
2025-08-31 10:20:10,359 - INFO - 📈 已处理301209 联合化学 
2025-08-31 10:20:14,149 - INFO - 📈 已处理301210 金杨股份 
2025-08-31 10:20:16,718 - INFO - 📈 已处理301211 亨迪药业 
2025-08-31 10:20:18,558 - INFO - 📈 已处理301212 联盛化学 
2025-08-31 10:20:20,061 - INFO - 📈 已处理301213 观想科技 
2025-08-31 10:20:20,061 - INFO - 📈 已处理 400/2183 只股票，成功 397 只
2025-08-31 10:20:22,132 - INFO - 📈 已处理301215 中汽股份 
2025-08-31 10:20:24,415 - INFO - 📈 已处理301216 万凯新材 
2025-08-31 10:20:26,584 - INFO - 📈 已处理301217 铜冠铜箔 
2025-08-31 10:20:32,098 - INFO - 📈 已处理301218 华是科技 
2025-08-31 10:20:34,671 - INFO - 📈 已处理301219 腾远钴业 
2025-08-31 10:20:36,540 - INFO - 📈 已处理301220 亚香股份 
2025-08-31 10:20:38,292 - INFO - 📈 已处理301221 光庭信息 
2025-08-31 10:20:39,904 - INFO - 📈 已处理301222 浙江恒威 
2025-08-31 10:20:42,413 - INFO - 📈 已处理301223 中荣股份 
2025-08-31 10:20:44,977 - INFO - 📈 已处理301225 恒勃股份 
2025-08-31 10:20:46,708 - INFO - 📈 已处理301226 祥明智能 
2025-08-31 10:20:50,786 - INFO - 📈 已处理301227 森鹰窗业 
2025-08-31 10:20:52,352 - INFO - 📈 已处理301228 实朴检测 
2025-08-31 10:20:54,926 - INFO - 📈 已处理301229 纽泰格 
2025-08-31 10:20:57,354 - INFO - 📈 已处理301230 泓博医药 
2025-08-31 10:20:58,825 - INFO - 📈 已处理301231 荣信文化 
2025-08-31 10:21:00,324 - INFO - 📈 已处理301232 飞沃科技 
2025-08-31 10:21:02,086 - INFO - 📈 已处理301233 盛帮股份 
2025-08-31 10:21:03,581 - INFO - 📈 已处理301234 五洲医疗 
2025-08-31 10:21:07,002 - INFO - 📈 已处理301235 华康洁净 
2025-08-31 10:21:08,564 - INFO - 📈 已处理301236 软通动力 
2025-08-31 10:21:10,104 - INFO - 📈 已处理301237 和顺科技 
2025-08-31 10:21:12,006 - INFO - 📈 已处理301238 瑞泰新材 
2025-08-31 10:21:13,496 - INFO - 📈 已处理301239 普瑞眼科 
2025-08-31 10:21:15,059 - INFO - 📈 已处理301246 宏源药业 
2025-08-31 10:21:17,620 - INFO - 📈 已处理301248 杰创智能 
2025-08-31 10:21:20,738 - INFO - 📈 已处理301251 威尔高 
2025-08-31 10:21:22,309 - INFO - 📈 已处理301252 同星科技 
2025-08-31 10:21:28,521 - INFO - 📈 已处理301255 通力科技 
2025-08-31 10:21:30,200 - INFO - 📈 已处理301256 华融化学 
2025-08-31 10:21:31,815 - INFO - 📈 已处理301257 普蕊斯 
2025-08-31 10:21:34,250 - INFO - 📈 已处理301258 富士莱 
2025-08-31 10:21:35,781 - INFO - 📈 已处理301259 艾布鲁 
2025-08-31 10:21:37,574 - INFO - 📈 已处理301260 格力博 
2025-08-31 10:21:39,331 - INFO - 📈 已处理301261 恒工精密 
2025-08-31 10:21:40,884 - INFO - 📈 已处理301262 海看股份 
2025-08-31 10:21:42,425 - INFO - 📈 已处理301263 泰恩康 
2025-08-31 10:21:43,971 - INFO - 📈 已处理301265 华新环保 
2025-08-31 10:21:45,430 - INFO - 📈 已处理301266 宇邦新材 
2025-08-31 10:21:46,891 - INFO - 📈 已处理301267 华厦眼科 
2025-08-31 10:21:49,348 - INFO - 📈 已处理301268 铭利达 
2025-08-31 10:21:51,878 - INFO - 📈 已处理301269 华大九天 
2025-08-31 10:21:53,315 - INFO - 📈 已处理301270 汉仪股份 
2025-08-31 10:21:54,766 - INFO - 📈 已处理301272 英华特 
2025-08-31 10:21:56,241 - INFO - 📈 已处理301273 瑞晨环保 
2025-08-31 10:21:58,167 - INFO - 📈 已处理301275 汉朔科技 
2025-08-31 10:22:00,715 - INFO - 📈 已处理301276 嘉曼服饰 
2025-08-31 10:22:02,593 - INFO - 📈 已处理301277 新天地 
2025-08-31 10:22:04,066 - INFO - 📈 已处理301278 快可电子 
2025-08-31 10:22:05,837 - INFO - 📈 已处理301279 金道科技 
2025-08-31 10:22:05,837 - INFO - 📈 已处理 450/2183 只股票，成功 447 只
2025-08-31 10:22:07,615 - INFO - 📈 已处理301280 珠城科技 
2025-08-31 10:22:09,155 - INFO - 📈 已处理301281 科源制药 
2025-08-31 10:22:11,090 - INFO - 📈 已处理301282 金禄电子 
2025-08-31 10:22:12,542 - INFO - 📈 已处理301283 聚胶股份 
2025-08-31 10:22:15,893 - INFO - 📈 已处理301285 鸿日达 
2025-08-31 10:22:18,158 - INFO - 📈 已处理301286 侨源股份 
2025-08-31 10:22:19,625 - INFO - 📈 已处理301287 康力源 
2025-08-31 10:22:21,822 - INFO - 📈 已处理301288 *ST清研 
2025-08-31 10:22:23,311 - INFO - 📈 已处理301289 国缆检测 
2025-08-31 10:22:24,835 - INFO - 📈 已处理301290 东星医疗 
2025-08-31 10:22:26,405 - INFO - 📈 已处理301291 明阳电气 
2025-08-31 10:22:27,936 - INFO - 📈 已处理301292 海科新源 
2025-08-31 10:22:29,513 - INFO - 📈 已处理301293 三博脑科 
2025-08-31 10:22:30,978 - INFO - 📈 已处理301295 美硕科技 
2025-08-31 10:22:33,479 - INFO - 📈 已处理301296 新巨丰 
2025-08-31 10:22:34,941 - INFO - 📈 已处理301297 富乐德 
2025-08-31 10:22:37,046 - INFO - 📈 已处理301298 东利机械 
2025-08-31 10:22:38,512 - INFO - 📈 已处理301299 卓创资讯 
2025-08-31 10:22:40,030 - INFO - 📈 已处理301300 远翔新材 
2025-08-31 10:22:41,489 - INFO - 📈 已处理301301 川宁生物 
2025-08-31 10:22:43,145 - INFO - 📈 已处理301302 华如科技 
2025-08-31 10:22:44,877 - INFO - 📈 已处理301303 真兰仪表 
2025-08-31 10:22:46,382 - INFO - 📈 已处理301305 朗坤科技 
2025-08-31 10:22:47,875 - INFO - 📈 已处理301306 西测测试 
2025-08-31 10:22:53,897 - WARNING - ⚠️ 301307 美利信 K线更新失败: ('Connection aborted.', ConnectionResetError(10054, '远程主机强迫关闭了一个现有的连接。', None, 10054, None))
2025-08-31 10:22:55,712 - INFO - 📈 已处理301308 江波龙 
2025-08-31 10:22:57,215 - INFO - 📈 已处理301309 万得凯 
2025-08-31 10:23:03,234 - WARNING - ⚠️ 301310 鑫宏业 K线更新失败: ('Connection aborted.', ConnectionResetError(10054, '远程主机强迫关闭了一个现有的连接。', None, 10054, None))
2025-08-31 10:23:09,252 - WARNING - ⚠️ 301311 昆船智能 K线更新失败: ('Connection aborted.', ConnectionResetError(10054, '远程主机强迫关闭了一个现有的连接。', None, 10054, None))
2025-08-31 10:23:10,714 - INFO - 📈 已处理301312 智立方 
2025-08-31 10:23:12,140 - INFO - 📈 已处理301313 凡拓数创 
2025-08-31 10:23:13,614 - INFO - 📈 已处理301314 科瑞思 
2025-08-31 10:23:15,142 - INFO - 📈 已处理301315 威士顿 
2025-08-31 10:23:16,653 - INFO - 📈 已处理301316 慧博云通 
2025-08-31 10:23:18,162 - INFO - 📈 已处理301317 鑫磊股份 
2025-08-31 10:23:20,225 - INFO - 📈 已处理301318 维海德 
2025-08-31 10:23:21,604 - INFO - 📈 已处理301319 唯特偶 
2025-08-31 10:23:23,163 - INFO - 📈 已处理301320 豪江智能 
2025-08-31 10:23:24,683 - INFO - 📈 已处理301321 翰博高新 
2025-08-31 10:23:26,841 - INFO - 📈 已处理301322 绿通科技 
2025-08-31 10:23:28,284 - INFO - 📈 已处理301323 新莱福 
2025-08-31 10:23:29,806 - INFO - 📈 已处理301325 曼恩斯特 
2025-08-31 10:23:32,079 - INFO - 📈 已处理301326 捷邦科技 
2025-08-31 10:23:33,526 - INFO - 📈 已处理301327 华宝新能 
2025-08-31 10:23:35,691 - INFO - 📈 已处理301328 维峰电子 
2025-08-31 10:23:37,173 - INFO - 📈 已处理301329 信音电子 
2025-08-31 10:23:38,619 - INFO - 📈 已处理301330 熵基科技 
2025-08-31 10:23:40,463 - INFO - 📈 已处理301331 恩威医药 
2025-08-31 10:23:41,934 - INFO - 📈 已处理301332 德尔玛 
2025-08-31 10:23:43,393 - INFO - 📈 已处理301333 诺思格 
2025-08-31 10:23:43,394 - INFO - 📈 已处理 500/2183 只股票，成功 494 只
2025-08-31 10:23:44,910 - INFO - 📈 已处理301335 天元宠物 
2025-08-31 10:23:46,391 - INFO - 📈 已处理301336 趣睡科技 
2025-08-31 10:23:49,542 - INFO - 📈 已处理301337 亚华电子 
2025-08-31 10:23:51,021 - INFO - 📈 已处理301338 凯格精机 
2025-08-31 10:23:52,563 - INFO - 📈 已处理301339 通行宝 
2025-08-31 10:23:54,144 - INFO - 📈 已处理301345 涛涛车业 
2025-08-31 10:23:55,641 - INFO - 📈 已处理301348 蓝箭电子 
2025-08-31 10:23:57,076 - INFO - 📈 已处理301349 信德新材 
2025-08-31 10:23:58,528 - INFO - 📈 已处理301353 普莱得 
2025-08-31 10:24:00,033 - INFO - 📈 已处理301355 南王科技 
2025-08-31 10:24:01,696 - INFO - 📈 已处理301356 天振股份 
2025-08-31 10:24:03,155 - INFO - 📈 已处理301357 北方长龙 
2025-08-31 10:24:04,660 - INFO - 📈 已处理301358 湖南裕能 
2025-08-31 10:24:06,160 - INFO - 📈 已处理301359 东南电子 
2025-08-31 10:24:08,682 - INFO - 📈 已处理301360 荣旗科技 
2025-08-31 10:24:10,204 - INFO - 📈 已处理301361 众智科技 
2025-08-31 10:24:11,652 - INFO - 📈 已处理301362 民爆光电 
2025-08-31 10:24:13,093 - INFO - 📈 已处理301363 美好医疗 
2025-08-31 10:24:14,554 - INFO - 📈 已处理301365 矩阵股份 
2025-08-31 10:24:16,227 - INFO - 📈 已处理301366 一博科技 
2025-08-31 10:24:18,721 - INFO - 📈 已处理301367 瑞迈特 
2025-08-31 10:24:20,245 - INFO - 📈 已处理301368 丰立智能 
2025-08-31 10:24:21,712 - INFO - 📈 已处理301369 联动科技 
2025-08-31 10:24:23,303 - INFO - 📈 已处理301370 国科恒泰 
2025-08-31 10:24:25,385 - INFO - 📈 已处理301371 敷尔佳 
2025-08-31 10:24:26,961 - INFO - 📈 已处理301372 科净源 
2025-08-31 10:24:28,470 - INFO - 📈 已处理301373 凌玮科技 
2025-08-31 10:24:30,007 - INFO - 📈 已处理301376 致欧科技 
2025-08-31 10:24:31,856 - INFO - 📈 已处理301377 鼎泰高科 
2025-08-31 10:24:33,344 - INFO - 📈 已处理301378 通达海 
2025-08-31 10:24:34,810 - INFO - 📈 已处理301379 天山电子 
2025-08-31 10:24:36,293 - INFO - 📈 已处理301380 挖金客 
2025-08-31 10:24:37,782 - INFO - 📈 已处理301381 赛维时代 
2025-08-31 10:24:39,287 - INFO - 📈 已处理301382 蜂助手 
2025-08-31 10:24:40,676 - INFO - 📈 已处理301383 天键股份 
2025-08-31 10:24:42,124 - INFO - 📈 已处理301386 未来电器 
2025-08-31 10:24:43,626 - INFO - 📈 已处理301387 光大同创 
2025-08-31 10:24:45,596 - INFO - 📈 已处理301388 欣灵电气 
2025-08-31 10:24:47,532 - INFO - 📈 已处理301389 隆扬电子 
2025-08-31 10:24:48,929 - INFO - 📈 已处理301390 经纬股份 
2025-08-31 10:24:50,387 - INFO - 📈 已处理301391 卡莱特 
2025-08-31 10:24:51,826 - INFO - 📈 已处理301392 汇成真空 
2025-08-31 10:24:53,347 - INFO - 📈 已处理301393 昊帆生物 
2025-08-31 10:24:54,855 - INFO - 📈 已处理301395 仁信新材 
2025-08-31 10:24:57,385 - INFO - 📈 已处理301396 宏景科技 
2025-08-31 10:24:59,169 - INFO - 📈 已处理301397 溯联股份 
2025-08-31 10:25:00,619 - INFO - 📈 已处理301398 星源卓镁 
2025-08-31 10:25:02,292 - INFO - 📈 已处理301399 英特科技 
2025-08-31 10:25:09,138 - INFO - 📈 已处理301408 华人健康 
2025-08-31 10:25:10,649 - INFO - 📈 已处理301413 安培龙 
2025-08-31 10:25:10,649 - INFO - 📈 已处理 550/2183 只股票，成功 544 只
2025-08-31 10:25:12,219 - INFO - 📈 已处理301418 协昌科技 
2025-08-31 10:25:14,138 - INFO - 📈 已处理301419 阿莱德 
2025-08-31 10:25:15,641 - INFO - 📈 已处理301421 波长光电 
2025-08-31 10:25:17,148 - INFO - 📈 已处理301428 世纪恒通 
2025-08-31 10:25:18,852 - INFO - 📈 已处理301429 森泰股份 
2025-08-31 10:25:20,695 - INFO - 📈 已处理301439 泓淋电力 
2025-08-31 10:25:22,154 - INFO - 📈 已处理301446 福事特 
2025-08-31 10:25:23,693 - INFO - 📈 已处理301448 开创电气 
2025-08-31 10:25:25,253 - INFO - 📈 已处理301456 盘古智能 
2025-08-31 10:25:26,746 - INFO - 📈 已处理301458 钧崴电子 
2025-08-31 10:25:28,209 - INFO - 📈 已处理301459 丰茂股份 
2025-08-31 10:25:29,609 - INFO - 📈 已处理301468 博盈特焊 
2025-08-31 10:25:31,164 - INFO - 📈 已处理301469 恒达新材 
2025-08-31 10:25:34,814 - INFO - 📈 已处理301479 弘景光电 
2025-08-31 10:25:37,619 - INFO - 📈 已处理301486 致尚科技 
2025-08-31 10:25:39,200 - INFO - 📈 已处理301487 盟固利 
2025-08-31 10:25:40,594 - INFO - 📈 已处理301488 豪恩汽电 
2025-08-31 10:25:42,020 - INFO - 📈 已处理301489 思泉新材 
2025-08-31 10:25:43,408 - INFO - 📈 已处理301491 汉桑科技 
2025-08-31 10:25:44,822 - INFO - 📈 已处理301498 乖宝宠物 
2025-08-31 10:25:46,224 - INFO - 📈 已处理301499 维科精密 
2025-08-31 10:25:47,712 - INFO - 📈 已处理301500 飞南资源 
2025-08-31 10:25:49,193 - INFO - 📈 已处理301501 恒鑫生活 
2025-08-31 10:25:51,109 - INFO - 📈 已处理301502 华阳智能 
2025-08-31 10:25:52,684 - INFO - 📈 已处理301503 智迪科技 
2025-08-31 10:25:54,970 - INFO - 📈 已处理301505 苏州规划 
2025-08-31 10:25:56,368 - INFO - 📈 已处理301507 民生健康 
2025-08-31 10:25:57,790 - INFO - 📈 已处理301508 中机认检 
2025-08-31 10:25:59,628 - INFO - 📈 已处理301509 金凯生科 
2025-08-31 10:26:02,256 - INFO - 📈 已处理301510 固高科技 
2025-08-31 10:26:03,747 - INFO - 📈 已处理301511 德福科技 
2025-08-31 10:26:05,235 - INFO - 📈 已处理301512 智信精密 
2025-08-31 10:26:08,166 - INFO - 📈 已处理301515 港通医疗 
2025-08-31 10:26:09,662 - INFO - 📈 已处理301516 中远通 
2025-08-31 10:26:12,191 - INFO - 📈 已处理301518 长华化学 
2025-08-31 10:26:13,679 - INFO - 📈 已处理301519 舜禹股份 
2025-08-31 10:26:15,079 - INFO - 📈 已处理301520 万邦医药 
2025-08-31 10:26:16,585 - INFO - 📈 已处理301522 上大股份 
2025-08-31 10:26:18,000 - INFO - 📈 已处理301525 儒竞科技 
2025-08-31 10:26:21,821 - INFO - 📈 已处理301526 国际复材 
2025-08-31 10:26:23,420 - INFO - 📈 已处理301528 多浦乐 
2025-08-31 10:26:24,820 - INFO - 📈 已处理301529 福赛科技 
2025-08-31 10:26:26,404 - INFO - 📈 已处理301533 威马农机 
2025-08-31 10:26:27,997 - INFO - 📈 已处理301535 浙江华远 
2025-08-31 10:26:30,854 - INFO - 📈 已处理301536 星宸科技 
2025-08-31 10:26:32,350 - INFO - 📈 已处理301538 骏鼎达 
2025-08-31 10:26:34,061 - INFO - 📈 已处理301539 宏鑫科技 
2025-08-31 10:26:38,583 - INFO - 📈 已处理301548 崇德科技 
2025-08-31 10:26:40,090 - INFO - 📈 已处理301550 斯菱股份 
2025-08-31 10:26:46,106 - WARNING - ⚠️ 301551 无线传媒 K线更新失败: ('Connection aborted.', ConnectionResetError(10054, '远程主机强迫关闭了一个现有的连接。', None, 10054, None))
2025-08-31 10:26:47,915 - INFO - 📈 已处理301552 科力装备 
2025-08-31 10:26:49,635 - INFO - 📈 已处理301555 惠柏新材 
2025-08-31 10:26:51,129 - INFO - 📈 已处理301556 托普云农 
2025-08-31 10:26:52,885 - INFO - 📈 已处理301557 常友科技 
2025-08-31 10:26:54,908 - INFO - 📈 已处理301558 三态股份 
2025-08-31 10:26:58,190 - INFO - 📈 已处理301559 中集环科 
2025-08-31 10:26:59,784 - INFO - 📈 已处理301560 众捷汽车 
2025-08-31 10:27:02,195 - INFO - 📈 已处理301565 中仑新材 
2025-08-31 10:27:03,678 - INFO - 📈 已处理301566 达利凯普 
2025-08-31 10:27:05,072 - INFO - 📈 已处理301567 贝隆精密 
2025-08-31 10:27:06,555 - INFO - 📈 已处理301568 思泰克 
2025-08-31 10:27:09,064 - INFO - 📈 已处理301571 国科天成 
2025-08-31 10:27:10,544 - INFO - 📈 已处理301577 美信科技 
2025-08-31 10:27:12,081 - INFO - 📈 已处理301578 辰奕智能 
2025-08-31 10:27:13,577 - INFO - 📈 已处理301580 爱迪特 
2025-08-31 10:27:14,989 - INFO - 📈 已处理301581 黄山谷捷 
2025-08-31 10:27:16,572 - INFO - 📈 已处理301585 蓝宇股份 
2025-08-31 10:27:18,081 - INFO - 📈 已处理301586 佳力奇 
2025-08-31 10:27:19,894 - INFO - 📈 已处理301587 中瑞股份 
2025-08-31 10:27:21,669 - INFO - 📈 已处理301588 美新科技 
2025-08-31 10:27:23,072 - INFO - 📈 已处理301589 诺瓦星云 
2025-08-31 10:27:24,649 - INFO - 📈 已处理301590 优优绿能 
2025-08-31 10:27:26,075 - INFO - 📈 已处理301591 肯特股份 
2025-08-31 10:27:27,781 - INFO - 📈 已处理301592 六九一二 
2025-08-31 10:27:29,340 - INFO - 📈 已处理301595 太力科技 
2025-08-31 10:27:30,867 - INFO - 📈 已处理301596 瑞迪智驱 
2025-08-31 10:27:32,398 - INFO - 📈 已处理301598 博科测试 
2025-08-31 10:27:33,872 - INFO - 📈 已处理301600 慧翰股份 
2025-08-31 10:27:35,370 - INFO - 📈 已处理301601 惠通科技 
2025-08-31 10:27:36,971 - INFO - 📈 已处理301602 超研股份 
2025-08-31 10:27:38,401 - INFO - 📈 已处理301603 乔锋智能 
2025-08-31 10:27:40,211 - INFO - 📈 已处理301606 绿联科技 
2025-08-31 10:27:41,601 - INFO - 📈 已处理301607 富特科技 
2025-08-31 10:27:43,005 - INFO - 📈 已处理301608 博实结 
2025-08-31 10:27:45,652 - INFO - 📈 已处理301609 山大电力 
2025-08-31 10:27:47,091 - INFO - 📈 已处理301611 珂玛科技 
2025-08-31 10:27:48,550 - INFO - 📈 已处理301613 新铝时代 
2025-08-31 10:27:50,173 - INFO - 📈 已处理301616 浙江华业 
2025-08-31 10:27:51,668 - INFO - 📈 已处理301617 博苑股份 
2025-08-31 10:27:56,718 - INFO - 📈 已处理301618 长联科技 
2025-08-31 10:27:59,105 - INFO - 📈 已处理301622 英思特 
2025-08-31 10:28:00,570 - INFO - 📈 已处理301626 苏州天脉 
2025-08-31 10:28:02,124 - INFO - 📈 已处理301628 强达电路 
2025-08-31 10:28:03,855 - INFO - 📈 已处理301629 矽电股份 
2025-08-31 10:28:06,278 - INFO - 📈 已处理301630 同宇新材 
2025-08-31 10:28:09,853 - INFO - 📈 已处理301631 壹连科技 
2025-08-31 10:28:11,291 - INFO - 📈 已处理301632 广东建科 
2025-08-31 10:28:13,029 - INFO - 📈 已处理301633 港迪技术 
2025-08-31 10:28:15,564 - INFO - 📈 已处理301636 泽润新能 
2025-08-31 10:28:17,065 - INFO - 📈 已处理301658 首航新能 
2025-08-31 10:28:17,065 - INFO - 📈 已处理 650/2183 只股票，成功 643 只
2025-08-31 10:28:19,538 - INFO - 📈 已处理301662 宏工科技 
2025-08-31 10:28:21,994 - INFO - 📈 已处理301665 泰禾股份 
2025-08-31 10:28:23,784 - INFO - 📈 已处理301678 新恒汇 
2025-08-31 10:28:25,283 - INFO - 📈 已处理302132 中航成飞 
2025-08-31 10:28:26,731 - INFO - 📈 已处理430017 星昊医药 
2025-08-31 10:28:28,381 - INFO - 📈 已处理430047 诺思兰德 
2025-08-31 10:28:29,989 - INFO - 📈 已处理430090 同辉信息 
2025-08-31 10:28:32,057 - INFO - 📈 已处理430139 华岭股份 
2025-08-31 10:28:33,453 - INFO - 📈 已处理430198 微创光电 
2025-08-31 10:28:35,901 - INFO - 📈 已处理430300 辰光医疗 
2025-08-31 10:28:37,299 - INFO - 📈 已处理430418 苏轴股份 
2025-08-31 10:28:38,793 - INFO - 📈 已处理430425 乐创技术 
2025-08-31 10:28:40,359 - INFO - 📈 已处理430476 海能技术 
2025-08-31 10:28:42,785 - INFO - 📈 已处理430478 峆一药业 
2025-08-31 10:28:44,203 - INFO - 📈 已处理430510 丰光精密 
2025-08-31 10:28:45,761 - INFO - 📈 已处理430556 雅达股份 
2025-08-31 10:28:47,319 - INFO - 📈 已处理430564 天润科技 
2025-08-31 10:28:48,815 - INFO - 📈 已处理430685 新芝生物 
2025-08-31 10:28:50,215 - INFO - 📈 已处理430718 合肥高科 
2025-08-31 10:28:51,777 - INFO - 📈 已处理600000 浦发银行 
2025-08-31 10:28:53,192 - INFO - 📈 已处理600004 白云机场 
2025-08-31 10:28:54,736 - INFO - 📈 已处理600006 东风股份 
2025-08-31 10:28:56,152 - INFO - 📈 已处理600007 中国国贸 
2025-08-31 10:28:57,632 - INFO - 📈 已处理600008 首创环保 
2025-08-31 10:28:59,307 - INFO - 📈 已处理600009 上海机场 
2025-08-31 10:29:00,804 - INFO - 📈 已处理600010 包钢股份 
2025-08-31 10:29:02,299 - INFO - 📈 已处理600011 华能国际 
2025-08-31 10:29:03,730 - INFO - 📈 已处理600012 皖通高速 
2025-08-31 10:29:05,126 - INFO - 📈 已处理600015 华夏银行 
2025-08-31 10:29:06,756 - INFO - 📈 已处理600016 民生银行 
2025-08-31 10:29:08,207 - INFO - 📈 已处理600017 日照港 
2025-08-31 10:29:09,688 - INFO - 📈 已处理600018 上港集团 
2025-08-31 10:29:12,147 - INFO - 📈 已处理600019 宝钢股份 
2025-08-31 10:29:13,688 - INFO - 📈 已处理600020 中原高速 
2025-08-31 10:29:15,186 - INFO - 📈 已处理600021 上海电力 
2025-08-31 10:29:17,689 - INFO - 📈 已处理600022 山东钢铁 
2025-08-31 10:29:19,345 - INFO - 📈 已处理600023 浙能电力 
2025-08-31 10:29:20,844 - INFO - 📈 已处理600025 华能水电 
2025-08-31 10:29:22,330 - INFO - 📈 已处理600026 中远海能 
2025-08-31 10:29:23,804 - INFO - 📈 已处理600027 华电国际 
2025-08-31 10:29:25,191 - INFO - 📈 已处理600028 中国石化 
2025-08-31 10:29:26,648 - INFO - 📈 已处理600029 南方航空 
2025-08-31 10:29:28,216 - INFO - 📈 已处理600030 中信证券 
2025-08-31 10:29:29,881 - INFO - 📈 已处理600031 三一重工 
2025-08-31 10:29:31,810 - INFO - 📈 已处理600032 浙江新能 
2025-08-31 10:29:33,544 - INFO - 📈 已处理600033 福建高速 
2025-08-31 10:29:35,143 - INFO - 📈 已处理600035 楚天高速 
2025-08-31 10:29:36,635 - INFO - 📈 已处理600036 招商银行 
2025-08-31 10:29:38,133 - INFO - 📈 已处理600037 歌华有线 
2025-08-31 10:29:39,550 - INFO - 📈 已处理600038 中直股份 
2025-08-31 10:29:39,550 - INFO - 📈 已处理 700/2183 只股票，成功 693 只
2025-08-31 10:29:41,225 - INFO - 📈 已处理600039 四川路桥 
2025-08-31 10:29:42,634 - INFO - 📈 已处理600048 保利发展 
2025-08-31 10:29:44,037 - INFO - 📈 已处理600050 中国联通 
2025-08-31 10:29:45,900 - INFO - 📈 已处理600051 宁波联合 
2025-08-31 10:29:47,293 - INFO - 📈 已处理600052 东望时代 
2025-08-31 10:29:48,775 - INFO - 📈 已处理600053 九鼎投资 
2025-08-31 10:29:50,252 - INFO - 📈 已处理600054 黄山旅游 
2025-08-31 10:29:52,170 - INFO - 📈 已处理600055 万东医疗 
2025-08-31 10:29:58,188 - WARNING - ⚠️ 600056 中国医药 K线更新失败: ('Connection aborted.', ConnectionResetError(10054, '远程主机强迫关闭了一个现有的连接。', None, 10054, None))
2025-08-31 10:30:00,564 - INFO - 📈 已处理600057 厦门象屿 
2025-08-31 10:30:02,043 - INFO - 📈 已处理600058 五矿发展 
2025-08-31 10:30:04,430 - INFO - 📈 已处理600059 古越龙山 
2025-08-31 10:30:05,846 - INFO - 📈 已处理600060 海信视像 
2025-08-31 10:30:08,390 - INFO - 📈 已处理600061 国投资本 
2025-08-31 10:30:10,169 - INFO - 📈 已处理600062 华润双鹤 
2025-08-31 10:30:11,986 - INFO - 📈 已处理600063 皖维高新 
2025-08-31 10:30:16,643 - INFO - 📈 已处理600064 南京高科 
2025-08-31 10:30:20,332 - INFO - 📈 已处理600066 宇通客车 
2025-08-31 10:30:21,782 - INFO - 📈 已处理600067 冠城新材 
2025-08-31 10:30:25,794 - INFO - 📈 已处理600071 凤凰光学 
2025-08-31 10:30:28,081 - INFO - 📈 已处理600072 中船科技 
2025-08-31 10:30:29,633 - INFO - 📈 已处理600073 光明肉业 
2025-08-31 10:30:32,624 - INFO - 📈 已处理600075 新疆天业 
2025-08-31 10:30:42,216 - INFO - 📈 已处理600076 康欣新材 
2025-08-31 10:30:44,766 - INFO - 📈 已处理600078 澄星股份 
2025-08-31 10:30:46,283 - INFO - 📈 已处理600079 人福医药 
2025-08-31 10:30:47,729 - INFO - 📈 已处理600080 金花股份 
2025-08-31 10:30:50,216 - INFO - 📈 已处理600081 东风科技 
2025-08-31 10:30:51,720 - INFO - 📈 已处理600082 海泰发展 
2025-08-31 10:30:53,350 - INFO - 📈 已处理600084 中信尼雅 
2025-08-31 10:30:54,954 - INFO - 📈 已处理600085 同仁堂 
2025-08-31 10:30:56,446 - INFO - 📈 已处理600088 中视传媒 
2025-08-31 10:30:58,027 - INFO - 📈 已处理600089 特变电工 
2025-08-31 10:31:01,633 - INFO - 📈 已处理600094 大名城 
2025-08-31 10:31:03,471 - INFO - 📈 已处理600095 湘财股份 
2025-08-31 10:31:05,436 - INFO - 📈 已处理600096 云天化 
2025-08-31 10:31:08,322 - INFO - 📈 已处理600097 开创国际 
2025-08-31 10:31:09,753 - INFO - 📈 已处理600098 广州发展 
2025-08-31 10:31:11,438 - INFO - 📈 已处理600099 林海股份 
2025-08-31 10:31:12,883 - INFO - 📈 已处理600100 同方股份 
2025-08-31 10:31:15,372 - INFO - 📈 已处理600101 明星电力 
2025-08-31 10:31:16,821 - INFO - 📈 已处理600103 青山纸业 
2025-08-31 10:31:19,602 - INFO - 📈 已处理600104 上汽集团 
2025-08-31 10:31:21,403 - INFO - 📈 已处理600105 永鼎股份 
2025-08-31 10:31:23,213 - INFO - 📈 已处理600106 重庆路桥 
2025-08-31 10:31:25,029 - INFO - 📈 已处理600107 ST尔雅 
2025-08-31 10:31:28,385 - INFO - 📈 已处理600108 亚盛集团 
2025-08-31 10:31:29,769 - INFO - 📈 已处理600109 国金证券 
2025-08-31 10:31:31,191 - INFO - 📈 已处理600110 诺德股份 
2025-08-31 10:31:34,316 - INFO - 📈 已处理600111 北方稀土 
2025-08-31 10:31:34,316 - INFO - 📈 已处理 750/2183 只股票，成功 742 只
2025-08-31 10:31:36,902 - INFO - 📈 已处理600113 浙江东日 
2025-08-31 10:31:39,463 - INFO - 📈 已处理600114 东睦股份 
2025-08-31 10:31:42,024 - INFO - 📈 已处理600115 中国东航 
2025-08-31 10:31:44,145 - INFO - 📈 已处理600116 三峡水利 
2025-08-31 10:31:46,486 - INFO - 📈 已处理600117 西宁特钢 
2025-08-31 10:31:48,687 - INFO - 📈 已处理600118 中国卫星 
2025-08-31 10:31:50,586 - INFO - 📈 已处理600119 长江投资 
2025-08-31 10:31:52,148 - INFO - 📈 已处理600120 浙江东方 
2025-08-31 10:31:54,008 - INFO - 📈 已处理600121 郑州煤电 
2025-08-31 10:31:55,979 - INFO - 📈 已处理600123 兰花科创 
2025-08-31 10:31:59,490 - INFO - 📈 已处理600125 铁龙物流 
2025-08-31 10:32:02,310 - INFO - 📈 已处理600126 杭钢股份 
2025-08-31 10:32:04,067 - INFO - 📈 已处理600127 金健米业 
2025-08-31 10:32:06,093 - INFO - 📈 已处理600128 苏豪弘业 
2025-08-31 10:32:07,734 - INFO - 📈 已处理600129 太极集团 
2025-08-31 10:32:09,920 - INFO - 📈 已处理600130 *ST波导 
2025-08-31 10:32:11,559 - INFO - 📈 已处理600131 国网信通 
2025-08-31 10:32:13,191 - INFO - 📈 已处理600132 重庆啤酒 
2025-08-31 10:32:15,042 - INFO - 📈 已处理600133 东湖高新 
2025-08-31 10:32:21,063 - WARNING - ⚠️ 600135 乐凯胶片 K线更新失败: ('Connection aborted.', ConnectionResetError(10054, '远程主机强迫关闭了一个现有的连接。', None, 10054, None))
2025-08-31 10:32:22,837 - INFO - 📈 已处理600136 ST明诚 
2025-08-31 10:32:25,815 - INFO - 📈 已处理600137 浪莎股份 
2025-08-31 10:32:28,364 - INFO - 📈 已处理600138 中青旅 
2025-08-31 10:32:30,379 - INFO - 📈 已处理600141 兴发集团 
2025-08-31 10:32:32,184 - INFO - 📈 已处理600143 金发科技 
2025-08-31 10:32:33,705 - INFO - 📈 已处理600148 长春一东 
2025-08-31 10:32:35,841 - INFO - 📈 已处理600149 廊坊发展 
2025-08-31 10:32:37,312 - INFO - 📈 已处理600150 中国船舶 
2025-08-31 10:32:39,131 - INFO - 📈 已处理600151 航天机电 
2025-08-31 10:32:40,979 - INFO - 📈 已处理600152 维科技术 
2025-08-31 10:32:42,495 - INFO - 📈 已处理600153 建发股份 
2025-08-31 10:32:44,105 - INFO - 📈 已处理600155 华创云信 
2025-08-31 10:32:46,104 - INFO - 📈 已处理600156 华升股份 
2025-08-31 10:32:49,073 - INFO - 📈 已处理600157 永泰能源 
2025-08-31 10:32:51,301 - INFO - 📈 已处理600158 中体产业 
2025-08-31 10:32:52,864 - INFO - 📈 已处理600159 大龙地产 
2025-08-31 10:32:55,199 - INFO - 📈 已处理600160 巨化股份 
2025-08-31 10:32:57,673 - INFO - 📈 已处理600161 天坛生物 
2025-08-31 10:32:59,152 - INFO - 📈 已处理600162 香江控股 
2025-08-31 10:33:00,718 - INFO - 📈 已处理600163 中闽能源 
2025-08-31 10:33:02,214 - INFO - 📈 已处理600165 ST宁科 
2025-08-31 10:33:05,380 - INFO - 📈 已处理600166 福田汽车 
2025-08-31 10:33:06,789 - INFO - 📈 已处理600167 联美控股 
2025-08-31 10:33:08,197 - INFO - 📈 已处理600168 武汉控股 
2025-08-31 10:33:09,754 - INFO - 📈 已处理600169 太原重工 
2025-08-31 10:33:12,426 - INFO - 📈 已处理600170 上海建工 
2025-08-31 10:33:13,906 - INFO - 📈 已处理600171 上海贝岭 
2025-08-31 10:33:15,475 - INFO - 📈 已处理600172 黄河旋风 
2025-08-31 10:33:17,017 - INFO - 📈 已处理600173 卧龙新能 
2025-08-31 10:33:18,600 - INFO - 📈 已处理600176 中国巨石 
2025-08-31 10:33:18,600 - INFO - 📈 已处理 800/2183 只股票，成功 791 只
2025-08-31 10:33:20,016 - INFO - 📈 已处理600177 雅戈尔 
2025-08-31 10:33:23,109 - INFO - 📈 已处理600178 东安动力 
2025-08-31 10:33:24,582 - INFO - 📈 已处理600179 安通控股 
2025-08-31 10:33:26,211 - INFO - 📈 已处理600180 瑞茂通 
2025-08-31 10:33:28,443 - INFO - 📈 已处理600182 S佳通 
2025-08-31 10:33:29,967 - INFO - 📈 已处理600183 生益科技 
2025-08-31 10:33:32,430 - INFO - 📈 已处理600184 光电股份 
2025-08-31 10:33:33,938 - INFO - 📈 已处理600185 珠免集团 
2025-08-31 10:33:35,645 - INFO - 📈 已处理600186 莲花控股 
2025-08-31 10:33:37,348 - INFO - 📈 已处理600187 国中水务 
2025-08-31 10:33:39,300 - INFO - 📈 已处理600188 兖矿能源 
2025-08-31 10:33:41,356 - INFO - 📈 已处理600189 泉阳泉 
2025-08-31 10:33:42,832 - INFO - 📈 已处理600191 华资实业 
2025-08-31 10:33:44,321 - INFO - 📈 已处理600192 长城电工 
2025-08-31 10:33:46,163 - INFO - 📈 已处理600193 *ST创兴 
2025-08-31 10:33:47,903 - INFO - 📈 已处理600195 中牧股份 
2025-08-31 10:33:49,450 - INFO - 📈 已处理600196 复星医药 
2025-08-31 10:33:52,079 - INFO - 📈 已处理600197 伊力特 
2025-08-31 10:33:56,944 - INFO - 📈 已处理600198 大唐电信 
2025-08-31 10:33:58,748 - INFO - 📈 已处理600199 金种子酒 
2025-08-31 10:34:00,445 - INFO - 📈 已处理600200 *ST苏吴 
2025-08-31 10:34:01,966 - INFO - 📈 已处理600201 生物股份 
2025-08-31 10:34:04,454 - INFO - 📈 已处理600202 哈空调 
2025-08-31 10:34:06,518 - INFO - 📈 已处理600203 福日电子 
2025-08-31 10:34:08,432 - INFO - 📈 已处理600206 有研新材 
2025-08-31 10:34:09,886 - INFO - 📈 已处理600207 安彩高科 
2025-08-31 10:34:11,821 - INFO - 📈 已处理600208 衢州发展 
2025-08-31 10:34:14,416 - INFO - 📈 已处理600210 紫江企业 
2025-08-31 10:34:15,928 - INFO - 📈 已处理600211 西藏药业 
2025-08-31 10:34:17,411 - INFO - 📈 已处理600212 绿能慧充 
2025-08-31 10:34:19,322 - INFO - 📈 已处理600215 派斯林 
2025-08-31 10:34:21,643 - INFO - 📈 已处理600216 浙江医药 
2025-08-31 10:34:23,062 - INFO - 📈 已处理600217 中再资环 
2025-08-31 10:34:24,560 - INFO - 📈 已处理600218 全柴动力 
2025-08-31 10:34:26,106 - INFO - 📈 已处理600219 南山铝业 
2025-08-31 10:34:27,602 - INFO - 📈 已处理600221 海航控股 
2025-08-31 10:34:29,106 - INFO - 📈 已处理600222 太龙药业 
2025-08-31 10:34:30,612 - INFO - 📈 已处理600223 福瑞达 
2025-08-31 10:34:32,082 - INFO - 📈 已处理600226 亨通股份 
2025-08-31 10:34:33,514 - INFO - 📈 已处理600227 赤天化 
2025-08-31 10:34:36,037 - INFO - 📈 已处理600228 *ST返利 
2025-08-31 10:34:37,981 - INFO - 📈 已处理600229 城市传媒 
2025-08-31 10:34:39,770 - INFO - 📈 已处理600230 沧州大化 
2025-08-31 10:34:41,291 - INFO - 📈 已处理600231 凌钢股份 
2025-08-31 10:34:45,445 - INFO - 📈 已处理600232 金鹰股份 
2025-08-31 10:34:46,981 - INFO - 📈 已处理600233 圆通速递 
2025-08-31 10:34:50,044 - INFO - 📈 已处理600234 科新发展 
2025-08-31 10:34:51,533 - INFO - 📈 已处理600235 民丰特纸 
2025-08-31 10:34:54,094 - INFO - 📈 已处理600236 桂冠电力 
2025-08-31 10:34:56,642 - INFO - 📈 已处理600237 铜峰电子 
2025-08-31 10:34:56,642 - INFO - 📈 已处理 850/2183 只股票，成功 841 只
2025-08-31 10:35:06,896 - INFO - 📈 已处理600238 *ST椰岛 
2025-08-31 10:35:08,669 - INFO - 📈 已处理600239 云南城投 
2025-08-31 10:35:10,186 - INFO - 📈 已处理600241 时代万恒 
2025-08-31 10:35:11,772 - INFO - 📈 已处理600243 *ST海华 
2025-08-31 10:35:13,514 - INFO - 📈 已处理600246 万通发展 
2025-08-31 10:35:16,468 - INFO - 📈 已处理600248 陕建股份 
2025-08-31 10:35:17,998 - INFO - 📈 已处理600249 两面针 
2025-08-31 10:35:19,565 - INFO - 📈 已处理600250 南京商旅 
2025-08-31 10:35:21,212 - INFO - 📈 已处理600251 冠农股份 
2025-08-31 10:35:23,410 - INFO - 📈 已处理600252 中恒集团 
2025-08-31 10:35:24,943 - INFO - 📈 已处理600255 鑫科材料 
2025-08-31 10:35:26,475 - INFO - 📈 已处理600256 广汇能源 
2025-08-31 10:35:29,037 - INFO - 📈 已处理600257 大湖股份 
2025-08-31 10:35:30,541 - INFO - 📈 已处理600258 首旅酒店 
2025-08-31 10:35:32,081 - INFO - 📈 已处理600259 广晟有色 
2025-08-31 10:35:34,101 - INFO - 📈 已处理600261 阳光照明 
2025-08-31 10:35:36,766 - INFO - 📈 已处理600262 北方股份 
2025-08-31 10:35:39,658 - INFO - 📈 已处理600265 ST景谷 
2025-08-31 10:35:41,564 - INFO - 📈 已处理600266 城建发展 
2025-08-31 10:35:43,044 - INFO - 📈 已处理600267 海正药业 
2025-08-31 10:35:45,790 - INFO - 📈 已处理600268 国电南自 
2025-08-31 10:35:48,307 - INFO - 📈 已处理600269 赣粤高速 
2025-08-31 10:35:51,339 - INFO - 📈 已处理600271 航天信息 
2025-08-31 10:35:53,105 - INFO - 📈 已处理600272 开开实业 
2025-08-31 10:35:54,581 - INFO - 📈 已处理600273 嘉化能源 
2025-08-31 10:35:56,665 - INFO - 📈 已处理600276 恒瑞医药 
2025-08-31 10:35:59,221 - INFO - 📈 已处理600278 东方创业 
2025-08-31 10:36:00,758 - INFO - 📈 已处理600279 重庆港 
2025-08-31 10:36:02,848 - INFO - 📈 已处理600280 中央商场 
2025-08-31 10:36:05,322 - INFO - 📈 已处理600281 华阳新材 
2025-08-31 10:36:06,825 - INFO - 📈 已处理600282 南钢股份 
2025-08-31 10:36:08,298 - INFO - 📈 已处理600283 钱江水利 
2025-08-31 10:36:09,743 - INFO - 📈 已处理600284 浦东建设 
2025-08-31 10:36:11,169 - INFO - 📈 已处理600285 羚锐制药 
2025-08-31 10:36:12,612 - INFO - 📈 已处理600287 江苏舜天 
2025-08-31 10:36:14,107 - INFO - 📈 已处理600288 大恒科技 
2025-08-31 10:36:15,559 - INFO - 📈 已处理600289 ST信通 
2025-08-31 10:36:18,930 - INFO - 📈 已处理600292 远达环保 
2025-08-31 10:36:28,778 - INFO - 📈 已处理600293 三峡新材 
2025-08-31 10:36:38,751 - INFO - 📈 已处理600295 鄂尔多斯 
2025-08-31 10:36:40,183 - INFO - 📈 已处理600298 安琪酵母 
2025-08-31 10:36:41,988 - INFO - 📈 已处理600299 安迪苏 
2025-08-31 10:36:43,571 - INFO - 📈 已处理600300 维维股份 
2025-08-31 10:36:45,089 - INFO - 📈 已处理600301 华锡有色 
2025-08-31 10:36:47,059 - INFO - 📈 已处理600302 标准股份 
2025-08-31 10:36:48,576 - INFO - 📈 已处理600303 曙光股份 
2025-08-31 10:36:51,327 - INFO - 📈 已处理600305 恒顺醋业 
2025-08-31 10:36:57,348 - WARNING - ⚠️ 600307 酒钢宏兴 K线更新失败: ('Connection aborted.', ConnectionResetError(10054, '远程主机强迫关闭了一个现有的连接。', None, 10054, None))
2025-08-31 10:36:58,975 - INFO - 📈 已处理600308 华泰股份 
2025-08-31 10:37:00,467 - INFO - 📈 已处理600309 万华化学 
2025-08-31 10:37:00,467 - INFO - 📈 已处理 900/2183 只股票，成功 890 只
2025-08-31 10:37:05,340 - INFO - 📈 已处理600310 广西能源 
2025-08-31 10:37:06,923 - INFO - 📈 已处理600312 平高电气 
2025-08-31 10:37:08,433 - INFO - 📈 已处理600313 农发种业 
2025-08-31 10:37:09,939 - INFO - 📈 已处理600315 上海家化 
2025-08-31 10:37:11,423 - INFO - 📈 已处理600316 洪都航空 
2025-08-31 10:37:12,931 - INFO - 📈 已处理600318 新力金融 
2025-08-31 10:37:14,422 - INFO - 📈 已处理600319 亚星化学 
2025-08-31 10:37:17,268 - INFO - 📈 已处理600320 振华重工 
2025-08-31 10:37:20,032 - INFO - 📈 已处理600322 津投城开 
2025-08-31 10:37:22,544 - INFO - 📈 已处理600323 瀚蓝环境 
2025-08-31 10:37:24,050 - INFO - 📈 已处理600325 华发股份 
2025-08-31 10:37:25,588 - INFO - 📈 已处理600326 西藏天路 
2025-08-31 10:37:27,077 - INFO - 📈 已处理600327 大东方 
2025-08-31 10:37:28,951 - INFO - 📈 已处理600328 中盐化工 
2025-08-31 10:37:30,439 - INFO - 📈 已处理600329 达仁堂 
2025-08-31 10:37:32,533 - INFO - 📈 已处理600330 天通股份 
2025-08-31 10:37:34,131 - INFO - 📈 已处理600331 宏达股份 
2025-08-31 10:37:35,700 - INFO - 📈 已处理600332 白云山 
2025-08-31 10:37:37,587 - INFO - 📈 已处理600333 长春燃气 
2025-08-31 10:37:39,448 - INFO - 📈 已处理600335 国机汽车 
2025-08-31 10:37:41,276 - INFO - 📈 已处理600336 澳柯玛 
2025-08-31 10:37:48,612 - INFO - 📈 已处理600337 美克家居 
2025-08-31 10:37:50,120 - INFO - 📈 已处理600338 西藏珠峰 
2025-08-31 10:37:53,013 - INFO - 📈 已处理600339 中油工程 
2025-08-31 10:37:54,500 - INFO - 📈 已处理600340 华夏幸福 
2025-08-31 10:37:56,008 - INFO - 📈 已处理600343 航天动力 
2025-08-31 10:37:57,809 - INFO - 📈 已处理600345 长江通信 
2025-08-31 10:37:59,905 - INFO - 📈 已处理600346 恒力石化 
2025-08-31 10:38:02,487 - INFO - 📈 已处理600348 华阳股份 
2025-08-31 10:38:05,238 - INFO - 📈 已处理600350 山东高速 
2025-08-31 10:38:06,823 - INFO - 📈 已处理600351 亚宝药业 
2025-08-31 10:38:09,883 - INFO - 📈 已处理600352 浙江龙盛 
2025-08-31 10:38:11,368 - INFO - 📈 已处理600353 旭光电子 
2025-08-31 10:38:13,154 - INFO - 📈 已处理600354 敦煌种业 
2025-08-31 10:38:14,641 - INFO - 📈 已处理600355 *ST精伦 
2025-08-31 10:38:16,219 - INFO - 📈 已处理600356 恒丰纸业 
2025-08-31 10:38:17,834 - INFO - 📈 已处理600358 ST联合 
2025-08-31 10:38:23,839 - WARNING - ⚠️ 600359 新农开发 K线更新失败: ('Connection aborted.', ConnectionResetError(10054, '远程主机强迫关闭了一个现有的连接。', None, 10054, None))
2025-08-31 10:38:25,389 - INFO - 📈 已处理600360 *ST华微 
2025-08-31 10:38:26,932 - INFO - 📈 已处理600361 创新新材 
2025-08-31 10:38:28,467 - INFO - 📈 已处理600362 江西铜业 
2025-08-31 10:38:30,205 - INFO - 📈 已处理600363 联创光电 
2025-08-31 10:38:32,055 - INFO - 📈 已处理600365 ST通葡 
2025-08-31 10:38:34,391 - INFO - 📈 已处理600366 宁波韵升 
2025-08-31 10:38:36,794 - INFO - 📈 已处理600367 红星发展 
2025-08-31 10:38:39,033 - INFO - 📈 已处理600368 五洲交通 
2025-08-31 10:38:40,523 - INFO - 📈 已处理600369 西南证券 
2025-08-31 10:38:42,011 - INFO - 📈 已处理600370 三房巷 
2025-08-31 10:38:43,570 - INFO - 📈 已处理600371 万向德农 
2025-08-31 10:38:45,085 - INFO - 📈 已处理600372 中航机载 
2025-08-31 10:38:45,085 - INFO - 📈 已处理 950/2183 只股票，成功 939 只
2025-08-31 10:38:47,107 - INFO - 📈 已处理600373 中文传媒 
2025-08-31 10:38:48,993 - INFO - 📈 已处理600375 汉马科技 
2025-08-31 10:38:50,604 - INFO - 📈 已处理600376 首开股份 
2025-08-31 10:38:52,094 - INFO - 📈 已处理600377 宁沪高速 
2025-08-31 10:38:53,781 - INFO - 📈 已处理600378 昊华科技 
2025-08-31 10:38:55,324 - INFO - 📈 已处理600379 宝光股份 
2025-08-31 10:38:56,783 - INFO - 📈 已处理600380 健康元 
2025-08-31 10:38:58,171 - INFO - 📈 已处理600381 *ST春天 
2025-08-31 10:39:00,281 - INFO - 📈 已处理600382 广东明珠 
2025-08-31 10:39:03,116 - INFO - 📈 已处理600383 金地集团 
2025-08-31 10:39:04,942 - INFO - 📈 已处理600386 北巴传媒 
2025-08-31 10:39:06,586 - INFO - 📈 已处理600388 龙净环保 
2025-08-31 10:39:09,179 - INFO - 📈 已处理600389 江山股份 
2025-08-31 10:39:10,678 - INFO - 📈 已处理600390 五矿资本 
2025-08-31 10:39:12,166 - INFO - 📈 已处理600391 航发科技 
2025-08-31 10:39:14,752 - INFO - 📈 已处理600392 盛和资源 
2025-08-31 10:39:16,339 - INFO - 📈 已处理600395 盘江股份 
2025-08-31 10:39:17,747 - INFO - 📈 已处理600396 华电辽能 
2025-08-31 10:39:19,168 - INFO - 📈 已处理600397 安源煤业 
2025-08-31 10:39:20,918 - INFO - 📈 已处理600398 海澜之家 
2025-08-31 10:39:22,732 - INFO - 📈 已处理600399 抚顺特钢 
2025-08-31 10:39:24,975 - INFO - 📈 已处理600400 红豆股份 
2025-08-31 10:39:26,370 - INFO - 📈 已处理600403 大有能源 
2025-08-31 10:39:27,992 - INFO - 📈 已处理600405 动力源 
2025-08-31 10:39:29,438 - INFO - 📈 已处理600406 国电南瑞 
2025-08-31 10:39:30,823 - INFO - 📈 已处理600408 安泰集团 
2025-08-31 10:39:32,589 - INFO - 📈 已处理600409 三友化工 
2025-08-31 10:39:36,045 - INFO - 📈 已处理600410 华胜天成 
2025-08-31 10:39:38,664 - INFO - 📈 已处理600415 小商品城 
2025-08-31 10:39:40,461 - INFO - 📈 已处理600416 湘电股份 
2025-08-31 10:39:42,175 - INFO - 📈 已处理600418 江淮汽车 
2025-08-31 10:39:43,681 - INFO - 📈 已处理600419 天润乳业 
2025-08-31 10:39:45,203 - INFO - 📈 已处理600420 国药现代 
2025-08-31 10:39:46,879 - INFO - 📈 已处理600421 *ST华嵘 
2025-08-31 10:39:48,440 - INFO - 📈 已处理600422 昆药集团 
2025-08-31 10:39:50,639 - INFO - 📈 已处理600423 柳化股份 
2025-08-31 10:39:53,489 - INFO - 📈 已处理600425 青松建化 
2025-08-31 10:39:56,146 - INFO - 📈 已处理600426 华鲁恒升 
2025-08-31 10:39:58,013 - INFO - 📈 已处理600428 中远海特 
2025-08-31 10:40:01,291 - INFO - 📈 已处理600429 三元股份 
2025-08-31 10:40:03,840 - INFO - 📈 已处理600433 冠豪高新 
2025-08-31 10:40:06,858 - INFO - 📈 已处理600435 北方导航 
2025-08-31 10:40:08,679 - INFO - 📈 已处理600436 片仔癀 
2025-08-31 10:40:11,042 - INFO - 📈 已处理600438 通威股份 
2025-08-31 10:40:17,054 - WARNING - ⚠️ 600439 瑞贝卡 K线更新失败: ('Connection aborted.', ConnectionResetError(10054, '远程主机强迫关闭了一个现有的连接。', None, 10054, None))
2025-08-31 10:40:18,560 - INFO - 📈 已处理600444 国机通用 
2025-08-31 10:40:24,371 - INFO - 📈 已处理600446 金证股份 
2025-08-31 10:40:26,933 - INFO - 📈 已处理600448 华纺股份 
2025-08-31 10:40:29,239 - INFO - 📈 已处理600449 宁夏建材 
2025-08-31 10:40:31,775 - INFO - 📈 已处理600452 涪陵电力 
2025-08-31 10:40:31,775 - INFO - 📈 已处理 1000/2183 只股票，成功 988 只
2025-08-31 10:40:35,133 - INFO - 📈 已处理600455 博通股份 
2025-08-31 10:40:39,005 - INFO - 📈 已处理600456 宝钛股份 
2025-08-31 10:40:42,097 - INFO - 📈 已处理600458 时代新材 
2025-08-31 10:40:43,596 - INFO - 📈 已处理600459 贵研铂业 
2025-08-31 10:40:45,509 - INFO - 📈 已处理600460 士兰微 
2025-08-31 10:40:47,719 - INFO - 📈 已处理600461 洪城环境 
2025-08-31 10:40:49,217 - INFO - 📈 已处理600463 空港股份 
2025-08-31 10:40:52,153 - INFO - 📈 已处理600467 好当家 
2025-08-31 10:40:56,657 - INFO - 📈 已处理600468 百利电气 
2025-08-31 10:40:58,321 - INFO - 📈 已处理600469 风神股份 
2025-08-31 10:41:00,906 - INFO - 📈 已处理600470 六国化工 
2025-08-31 10:41:02,483 - INFO - 📈 已处理600475 华光环能 
2025-08-31 10:41:03,948 - INFO - 📈 已处理600476 湘邮科技 
2025-08-31 10:41:06,315 - INFO - 📈 已处理600477 杭萧钢构 
2025-08-31 10:41:07,978 - INFO - 📈 已处理600478 科力远 
2025-08-31 10:41:09,860 - INFO - 📈 已处理600479 千金药业 
2025-08-31 10:41:11,349 - INFO - 📈 已处理600480 凌云股份 
2025-08-31 10:41:12,979 - INFO - 📈 已处理600481 双良节能 
2025-08-31 10:41:14,959 - INFO - 📈 已处理600482 中国动力 
2025-08-31 10:41:16,502 - INFO - 📈 已处理600483 福能股份 
2025-08-31 10:41:18,923 - INFO - 📈 已处理600486 扬农化工 
2025-08-31 10:41:22,420 - INFO - 📈 已处理600487 亨通光电 
2025-08-31 10:41:24,270 - INFO - 📈 已处理600488 津药药业 
2025-08-31 10:41:26,040 - INFO - 📈 已处理600489 中金黄金 
2025-08-31 10:41:27,859 - INFO - 📈 已处理600490 鹏欣资源 
2025-08-31 10:41:29,319 - INFO - 📈 已处理600491 龙元建设 
2025-08-31 10:41:34,733 - INFO - 📈 已处理600493 凤竹纺织 
2025-08-31 10:41:38,287 - INFO - 📈 已处理600495 晋西车轴 
2025-08-31 10:41:42,098 - INFO - 📈 已处理600496 精工钢构 
2025-08-31 10:41:44,895 - INFO - 📈 已处理600497 驰宏锌锗 
2025-08-31 10:41:46,473 - INFO - 📈 已处理600498 烽火通信 
2025-08-31 10:41:49,074 - INFO - 📈 已处理600499 科达制造 
2025-08-31 10:41:50,628 - INFO - 📈 已处理600500 中化国际 
2025-08-31 10:41:53,749 - INFO - 📈 已处理600501 航天晨光 
2025-08-31 10:41:56,730 - INFO - 📈 已处理600502 安徽建工 
2025-08-31 10:41:58,282 - INFO - 📈 已处理600503 华丽家族 
2025-08-31 10:42:01,448 - INFO - 📈 已处理600505 西昌电力 
2025-08-31 10:42:03,704 - INFO - 📈 已处理600506 统一股份 
2025-08-31 10:42:05,963 - INFO - 📈 已处理600507 方大特钢 
2025-08-31 10:42:07,943 - INFO - 📈 已处理600508 上海能源 
2025-08-31 10:42:09,601 - INFO - 📈 已处理600509 天富能源 
2025-08-31 10:42:12,235 - INFO - 📈 已处理600510 黑牡丹 
2025-08-31 10:42:13,725 - INFO - 📈 已处理600511 国药股份 
2025-08-31 10:42:16,247 - INFO - 📈 已处理600512 腾达建设 
2025-08-31 10:42:18,773 - INFO - 📈 已处理600513 联环药业 
2025-08-31 10:42:30,383 - INFO - 📈 已处理600515 海南机场 
2025-08-31 10:42:33,920 - INFO - 📈 已处理600516 方大炭素 
2025-08-31 10:42:36,225 - INFO - 📈 已处理600517 国网英大 
2025-08-31 10:42:38,829 - INFO - 📈 已处理600518 康美药业 
2025-08-31 10:42:40,324 - INFO - 📈 已处理600519 贵州茅台 
2025-08-31 10:42:40,324 - INFO - 📈 已处理 1050/2183 只股票，成功 1038 只
2025-08-31 10:42:42,121 - INFO - 📈 已处理600520 三佳科技 
2025-08-31 10:42:43,632 - INFO - 📈 已处理600521 华海药业 
2025-08-31 10:42:45,571 - INFO - 📈 已处理600522 中天科技 
2025-08-31 10:42:48,101 - INFO - 📈 已处理600523 贵航股份 
2025-08-31 10:42:50,291 - INFO - 📈 已处理600525 ST长园 
2025-08-31 10:42:51,806 - INFO - 📈 已处理600526 菲达环保 
2025-08-31 10:42:53,316 - INFO - 📈 已处理600527 江南高纤 
2025-08-31 10:42:55,417 - INFO - 📈 已处理600528 中铁工业 
2025-08-31 10:42:58,314 - INFO - 📈 已处理600529 山东药玻 
2025-08-31 10:42:59,828 - INFO - 📈 已处理600530 交大昂立 
2025-08-31 10:43:01,377 - INFO - 📈 已处理600531 豫光金铅 
2025-08-31 10:43:02,956 - INFO - 📈 已处理600533 栖霞建设 
2025-08-31 10:43:04,718 - INFO - 📈 已处理600535 天士力 
2025-08-31 10:43:07,272 - INFO - 📈 已处理600536 中国软件 
2025-08-31 10:43:09,672 - INFO - 📈 已处理600537 亿晶光电 
2025-08-31 10:43:11,130 - INFO - 📈 已处理600538 国发股份 
2025-08-31 10:43:12,729 - INFO - 📈 已处理600539 狮头股份 
2025-08-31 10:43:15,246 - INFO - 📈 已处理600540 新赛股份 
2025-08-31 10:43:16,743 - INFO - 📈 已处理600543 莫高股份 
2025-08-31 10:43:18,192 - INFO - 📈 已处理600545 卓郎智能 
2025-08-31 10:43:19,628 - INFO - 📈 已处理600546 山煤国际 
2025-08-31 10:43:21,097 - INFO - 📈 已处理600547 山东黄金 
2025-08-31 10:43:22,545 - INFO - 📈 已处理600548 深高速 
2025-08-31 10:43:23,977 - INFO - 📈 已处理600549 厦门钨业 
2025-08-31 10:43:26,469 - INFO - 📈 已处理600550 保变电气 
2025-08-31 10:43:28,284 - INFO - 📈 已处理600551 时代出版 
2025-08-31 10:43:30,809 - INFO - 📈 已处理600552 凯盛科技 
2025-08-31 10:43:32,673 - INFO - 📈 已处理600556 天下秀 
2025-08-31 10:43:34,100 - INFO - 📈 已处理600557 康缘药业 
2025-08-31 10:43:35,559 - INFO - 📈 已处理600558 大西洋 
2025-08-31 10:43:37,307 - INFO - 📈 已处理600559 老白干酒 
2025-08-31 10:43:38,695 - INFO - 📈 已处理600560 金自天正 
2025-08-31 10:43:40,139 - INFO - 📈 已处理600561 江西长运 
2025-08-31 10:43:41,925 - INFO - 📈 已处理600562 国睿科技 
2025-08-31 10:43:44,450 - INFO - 📈 已处理600563 法拉电子 
2025-08-31 10:43:46,222 - INFO - 📈 已处理600566 济川药业 
2025-08-31 10:43:48,778 - INFO - 📈 已处理600567 山鹰国际 
2025-08-31 10:43:51,218 - INFO - 📈 已处理600568 ST中珠 
2025-08-31 10:43:53,791 - INFO - 📈 已处理600569 安阳钢铁 
2025-08-31 10:43:57,439 - INFO - 📈 已处理600570 恒生电子 
2025-08-31 10:43:58,934 - INFO - 📈 已处理600571 信雅达 
2025-08-31 10:44:00,834 - INFO - 📈 已处理600572 康恩贝 
2025-08-31 10:44:02,849 - INFO - 📈 已处理600573 惠泉啤酒 
2025-08-31 10:44:04,562 - INFO - 📈 已处理600575 淮河能源 
2025-08-31 10:44:06,418 - INFO - 📈 已处理600576 祥源文旅 
2025-08-31 10:44:09,530 - INFO - 📈 已处理600577 精达股份 
2025-08-31 10:44:11,348 - INFO - 📈 已处理600578 京能电力 
2025-08-31 10:44:12,973 - INFO - 📈 已处理600579 中化装备 
2025-08-31 10:44:14,594 - INFO - 📈 已处理600580 卧龙电驱 
2025-08-31 10:44:16,364 - INFO - 📈 已处理600581 八一钢铁 
2025-08-31 10:44:16,364 - INFO - 📈 已处理 1100/2183 只股票，成功 1088 只
2025-08-31 10:44:17,972 - INFO - 📈 已处理600582 天地科技 
2025-08-31 10:44:19,591 - INFO - 📈 已处理600583 海油工程 
2025-08-31 10:44:21,222 - INFO - 📈 已处理600584 长电科技 
2025-08-31 10:44:22,885 - INFO - 📈 已处理600585 海螺水泥 
2025-08-31 10:44:24,486 - INFO - 📈 已处理600586 金晶科技 
2025-08-31 10:44:27,248 - INFO - 📈 已处理600587 新华医疗 
2025-08-31 10:44:30,202 - INFO - 📈 已处理600588 用友网络 
2025-08-31 10:44:32,985 - INFO - 📈 已处理600589 大位科技 
2025-08-31 10:44:34,684 - INFO - 📈 已处理600590 泰豪科技 
2025-08-31 10:44:36,969 - INFO - 📈 已处理600592 龙溪股份 
2025-08-31 10:44:38,549 - INFO - 📈 已处理600593 大连圣亚 
2025-08-31 10:44:40,157 - INFO - 📈 已处理600594 益佰制药 
2025-08-31 10:44:41,761 - INFO - 📈 已处理600595 中孚实业 
2025-08-31 10:44:43,687 - INFO - 📈 已处理600596 新安股份 
2025-08-31 10:44:45,601 - INFO - 📈 已处理600597 光明乳业 
2025-08-31 10:44:47,198 - INFO - 📈 已处理600598 北大荒 
2025-08-31 10:44:48,895 - INFO - 📈 已处理600599 *ST熊猫 
2025-08-31 10:44:50,493 - INFO - 📈 已处理600600 青岛啤酒 
2025-08-31 10:44:52,097 - INFO - 📈 已处理600601 方正科技 
2025-08-31 10:44:54,021 - INFO - 📈 已处理600602 云赛智联 
2025-08-31 10:44:55,936 - INFO - 📈 已处理600603 ST广物 
2025-08-31 10:44:57,545 - INFO - 📈 已处理600604 市北高新 
2025-08-31 10:45:00,569 - INFO - 📈 已处理600605 汇通能源 
2025-08-31 10:45:02,179 - INFO - 📈 已处理600606 绿地控股 
2025-08-31 10:45:04,788 - INFO - 📈 已处理600608 *ST沪科 
2025-08-31 10:45:06,494 - INFO - 📈 已处理600609 金杯汽车 
2025-08-31 10:45:12,510 - WARNING - ⚠️ 600610 中毅达 K线更新失败: ('Connection aborted.', ConnectionResetError(10054, '远程主机强迫关闭了一个现有的连接。', None, 10054, None))
2025-08-31 10:45:13,993 - INFO - 📈 已处理600611 大众交通 
2025-08-31 10:45:15,681 - INFO - 📈 已处理600612 老凤祥 
2025-08-31 10:45:17,193 - INFO - 📈 已处理600613 神奇制药 
2025-08-31 10:45:19,141 - INFO - 📈 已处理600615 鑫源智造 
2025-08-31 10:45:20,999 - INFO - 📈 已处理600616 金枫酒业 
2025-08-31 10:45:22,509 - INFO - 📈 已处理600617 国新能源 
2025-08-31 10:45:25,370 - INFO - 📈 已处理600618 氯碱化工 
2025-08-31 10:45:27,875 - INFO - 📈 已处理600619 海立股份 
2025-08-31 10:45:31,389 - INFO - 📈 已处理600620 天宸股份 
2025-08-31 10:45:32,837 - INFO - 📈 已处理600621 华鑫股份 
2025-08-31 10:45:34,776 - INFO - 📈 已处理600622 光大嘉宝 
2025-08-31 10:45:36,611 - INFO - 📈 已处理600623 华谊集团 
2025-08-31 10:45:40,607 - INFO - 📈 已处理600624 复旦复华 
2025-08-31 10:45:42,195 - INFO - 📈 已处理600626 申达股份 
2025-08-31 10:45:43,616 - INFO - 📈 已处理600628 新世界 
2025-08-31 10:45:46,136 - INFO - 📈 已处理600629 华建集团 
2025-08-31 10:45:47,618 - INFO - 📈 已处理600630 龙头股份 
2025-08-31 10:45:49,516 - INFO - 📈 已处理600633 浙数文化 
2025-08-31 10:45:52,018 - INFO - 📈 已处理600635 大众公用 
2025-08-31 10:45:53,405 - INFO - 📈 已处理600636 *ST国化 
2025-08-31 10:45:54,867 - INFO - 📈 已处理600637 东方明珠 
2025-08-31 10:45:59,719 - INFO - 📈 已处理600638 新黄浦 
2025-08-31 10:46:03,300 - INFO - 📈 已处理600639 浦东金桥 
2025-08-31 10:46:03,300 - INFO - 📈 已处理 1150/2183 只股票，成功 1137 只
2025-08-31 10:46:04,874 - INFO - 📈 已处理600640 国脉文化 
2025-08-31 10:46:10,903 - WARNING - ⚠️ 600641 万业企业 K线更新失败: ('Connection aborted.', ConnectionResetError(10054, '远程主机强迫关闭了一个现有的连接。', None, 10054, None))
2025-08-31 10:46:12,512 - INFO - 📈 已处理600642 申能股份 
2025-08-31 10:46:14,411 - INFO - 📈 已处理600643 爱建集团 
2025-08-31 10:46:15,901 - INFO - 📈 已处理600644 乐山电力 
2025-08-31 10:46:17,345 - INFO - 📈 已处理600645 中源协和 
2025-08-31 10:46:18,861 - INFO - 📈 已处理600648 外高桥 
2025-08-31 10:46:20,419 - INFO - 📈 已处理600649 城投控股 
2025-08-31 10:46:21,930 - INFO - 📈 已处理600650 锦江在线 
2025-08-31 10:46:23,495 - INFO - 📈 已处理600651 飞乐音响 
2025-08-31 10:46:24,968 - INFO - 📈 已处理600653 申华控股 
2025-08-31 10:46:27,475 - INFO - 📈 已处理600654 中安科 
2025-08-31 10:46:28,967 - INFO - 📈 已处理600655 豫园股份 
2025-08-31 10:46:30,461 - INFO - 📈 已处理600657 信达地产 
2025-08-31 10:46:31,993 - INFO - 📈 已处理600658 电子城 
2025-08-31 10:46:33,507 - INFO - 📈 已处理600660 福耀玻璃 
2025-08-31 10:46:35,497 - INFO - 📈 已处理600661 昂立教育 
2025-08-31 10:46:37,360 - INFO - 📈 已处理600662 外服控股 
2025-08-31 10:46:38,762 - INFO - 📈 已处理600663 陆家嘴 
2025-08-31 10:46:40,956 - INFO - 📈 已处理600664 哈药股份 
2025-08-31 10:46:42,365 - INFO - 📈 已处理600665 天地源 
2025-08-31 10:46:43,806 - INFO - 📈 已处理600666 奥瑞德 
2025-08-31 10:46:45,803 - INFO - 📈 已处理600667 太极实业 
2025-08-31 10:46:48,616 - INFO - 📈 已处理600668 尖峰集团 
2025-08-31 10:46:50,226 - INFO - 📈 已处理600671 天目药业 
2025-08-31 10:46:53,234 - INFO - 📈 已处理600673 东阳光 
2025-08-31 10:46:54,670 - INFO - 📈 已处理600674 川投能源 
2025-08-31 10:46:56,118 - INFO - 📈 已处理600675 中华企业 
2025-08-31 10:46:57,577 - INFO - 📈 已处理600676 交运股份 
2025-08-31 10:46:59,508 - INFO - 📈 已处理600678 四川金顶 
2025-08-31 10:47:04,828 - INFO - 📈 已处理600679 上海凤凰 
2025-08-31 10:47:06,313 - INFO - 📈 已处理600681 百川能源 
2025-08-31 10:47:18,831 - INFO - 📈 已处理600682 南京新百 
2025-08-31 10:47:24,853 - WARNING - ⚠️ 600683 京投发展 K线更新失败: ('Connection aborted.', ConnectionResetError(10054, '远程主机强迫关闭了一个现有的连接。', None, 10054, None))
2025-08-31 10:47:26,304 - INFO - 📈 已处理600684 珠江股份 
2025-08-31 10:47:28,756 - INFO - 📈 已处理600685 中船防务 
2025-08-31 10:47:30,434 - INFO - 📈 已处理600686 金龙汽车 
2025-08-31 10:47:32,202 - INFO - 📈 已处理600688 上海石化 
2025-08-31 10:47:33,707 - INFO - 📈 已处理600689 上海三毛 
2025-08-31 10:47:35,239 - INFO - 📈 已处理600690 海尔智家 
2025-08-31 10:47:36,647 - INFO - 📈 已处理600691 阳煤化工 
2025-08-31 10:47:38,097 - INFO - 📈 已处理600692 亚通股份 
2025-08-31 10:47:39,828 - INFO - 📈 已处理600693 东百集团 
2025-08-31 10:47:41,230 - INFO - 📈 已处理600694 大商股份 
2025-08-31 10:47:42,702 - INFO - 📈 已处理600696 *ST岩石 
2025-08-31 10:47:45,276 - INFO - 📈 已处理600697 欧亚集团 
2025-08-31 10:47:50,651 - INFO - 📈 已处理600698 湖南天雁 
2025-08-31 10:47:54,879 - INFO - 📈 已处理600699 均胜电子 
2025-08-31 10:47:57,976 - INFO - 📈 已处理600702 舍得酒业 
2025-08-31 10:47:59,472 - INFO - 📈 已处理600703 三安光电 
2025-08-31 10:47:59,472 - INFO - 📈 已处理 1200/2183 只股票，成功 1185 只
2025-08-31 10:48:01,701 - INFO - 📈 已处理600704 物产中大 
2025-08-31 10:48:03,196 - INFO - 📈 已处理600706 曲江文旅 
2025-08-31 10:48:05,021 - INFO - 📈 已处理600707 彩虹股份 
2025-08-31 10:48:06,521 - INFO - 📈 已处理600708 光明地产 
2025-08-31 10:48:08,031 - INFO - 📈 已处理600710 苏美达 
2025-08-31 10:48:09,566 - INFO - 📈 已处理600711 盛屯矿业 
2025-08-31 10:48:11,023 - INFO - 📈 已处理600712 南宁百货 
2025-08-31 10:48:12,513 - INFO - 📈 已处理600713 南京医药 
2025-08-31 10:48:14,106 - INFO - 📈 已处理600714 金瑞矿业 
2025-08-31 10:48:15,872 - INFO - 📈 已处理600715 文投控股 
2025-08-31 10:48:17,481 - INFO - 📈 已处理600716 凤凰股份 
2025-08-31 10:48:19,011 - INFO - 📈 已处理600717 天津港 
2025-08-31 10:48:20,939 - INFO - 📈 已处理600718 东软集团 
2025-08-31 10:48:22,512 - INFO - 📈 已处理600719 大连热电 
2025-08-31 10:48:24,043 - INFO - 📈 已处理600720 中交设计 
2025-08-31 10:48:25,883 - INFO - 📈 已处理600721 百花医药 
2025-08-31 10:48:27,434 - INFO - 📈 已处理600722 金牛化工 
2025-08-31 10:48:30,471 - INFO - 📈 已处理600724 宁波富达 
2025-08-31 10:48:31,971 - INFO - 📈 已处理600725 云维股份 
2025-08-31 10:48:34,678 - INFO - 📈 已处理600726 华电能源 
2025-08-31 10:48:36,213 - INFO - 📈 已处理600727 鲁北化工 
2025-08-31 10:48:42,230 - WARNING - ⚠️ 600728 佳都科技 K线更新失败: ('Connection aborted.', ConnectionResetError(10054, '远程主机强迫关闭了一个现有的连接。', None, 10054, None))
2025-08-31 10:48:46,121 - INFO - 📈 已处理600729 重庆百货 
2025-08-31 10:48:47,969 - INFO - 📈 已处理600730 中国高科 
2025-08-31 10:48:50,427 - INFO - 📈 已处理600731 湖南海利 
2025-08-31 10:48:52,897 - INFO - 📈 已处理600732 爱旭股份 
2025-08-31 10:48:55,911 - INFO - 📈 已处理600733 北汽蓝谷 
2025-08-31 10:48:58,106 - INFO - 📈 已处理600734 实达集团 
2025-08-31 10:49:00,603 - INFO - 📈 已处理600735 新华锦 
2025-08-31 10:49:02,120 - INFO - 📈 已处理600736 苏州高新 
2025-08-31 10:49:08,139 - WARNING - ⚠️ 600737 中粮糖业 K线更新失败: ('Connection aborted.', ConnectionResetError(10054, '远程主机强迫关闭了一个现有的连接。', None, 10054, None))
2025-08-31 10:49:09,733 - INFO - 📈 已处理600738 丽尚国潮 
2025-08-31 10:49:11,235 - INFO - 📈 已处理600739 辽宁成大 
2025-08-31 10:49:14,870 - INFO - 📈 已处理600740 山西焦化 
2025-08-31 10:49:16,776 - INFO - 📈 已处理600741 华域汽车 
2025-08-31 10:49:18,464 - INFO - 📈 已处理600742 富维股份 
2025-08-31 10:49:19,880 - INFO - 📈 已处理600743 华远控股 
2025-08-31 10:49:21,622 - INFO - 📈 已处理600744 华银电力 
2025-08-31 10:49:23,117 - INFO - 📈 已处理600745 闻泰科技 
2025-08-31 10:49:24,986 - INFO - 📈 已处理600746 江苏索普 
2025-08-31 10:49:26,624 - INFO - 📈 已处理600748 上实发展 
2025-08-31 10:49:29,520 - INFO - 📈 已处理600749 西藏旅游 
2025-08-31 10:49:31,219 - INFO - 📈 已处理600750 江中药业 
2025-08-31 10:49:32,719 - INFO - 📈 已处理600751 海航科技 
2025-08-31 10:49:35,997 - INFO - 📈 已处理600753 *ST海钦 
2025-08-31 10:49:37,481 - INFO - 📈 已处理600754 锦江酒店 
2025-08-31 10:49:38,892 - INFO - 📈 已处理600755 厦门国贸 
2025-08-31 10:49:40,291 - INFO - 📈 已处理600756 浪潮软件 
2025-08-31 10:49:42,229 - INFO - 📈 已处理600757 长江传媒 
2025-08-31 10:49:44,495 - INFO - 📈 已处理600758 辽宁能源 
2025-08-31 10:49:44,495 - INFO - 📈 已处理 1250/2183 只股票，成功 1233 只
2025-08-31 10:49:46,262 - INFO - 📈 已处理600759 洲际油气 
2025-08-31 10:49:52,288 - WARNING - ⚠️ 600760 中航沈飞 K线更新失败: ('Connection aborted.', ConnectionResetError(10054, '远程主机强迫关闭了一个现有的连接。', None, 10054, None))
2025-08-31 10:49:53,683 - INFO - 📈 已处理600761 安徽合力 
2025-08-31 10:49:55,548 - INFO - 📈 已处理600763 通策医疗 
2025-08-31 10:49:57,249 - INFO - 📈 已处理600764 中国海防 
2025-08-31 10:50:03,261 - WARNING - ⚠️ 600765 中航重机 K线更新失败: ('Connection aborted.', ConnectionResetError(10054, '远程主机强迫关闭了一个现有的连接。', None, 10054, None))
2025-08-31 10:50:04,746 - INFO - 📈 已处理600768 宁波富邦 
2025-08-31 10:50:06,814 - INFO - 📈 已处理600769 祥龙电业 
2025-08-31 10:50:08,297 - INFO - 📈 已处理600770 综艺股份 
2025-08-31 10:50:09,708 - INFO - 📈 已处理600771 广誉远 
2025-08-31 10:50:12,275 - INFO - 📈 已处理600773 西藏城投 
2025-08-31 10:50:14,171 - INFO - 📈 已处理600774 汉商集团 
2025-08-31 10:50:15,661 - INFO - 📈 已处理600775 南京熊猫 
2025-08-31 10:50:17,148 - INFO - 📈 已处理600776 东方通信 
2025-08-31 10:50:18,638 - INFO - 📈 已处理600777 *ST新潮 
2025-08-31 10:50:20,558 - INFO - 📈 已处理600778 友好集团 
2025-08-31 10:50:26,976 - INFO - 📈 已处理600779 水井坊 
2025-08-31 10:50:28,596 - INFO - 📈 已处理600780 通宝能源 
2025-08-31 10:50:30,130 - INFO - 📈 已处理600782 新钢股份 
2025-08-31 10:50:32,672 - INFO - 📈 已处理600783 鲁信创投 
2025-08-31 10:50:34,648 - INFO - 📈 已处理600784 鲁银投资 
2025-08-31 10:50:36,170 - INFO - 📈 已处理600785 新华百货 
2025-08-31 10:50:38,809 - INFO - 📈 已处理600787 中储股份 
2025-08-31 10:50:40,291 - INFO - 📈 已处理600789 鲁抗医药 
2025-08-31 10:50:42,166 - INFO - 📈 已处理600790 轻纺城 
2025-08-31 10:50:43,652 - INFO - 📈 已处理600791 京能置业 
2025-08-31 10:50:46,696 - INFO - 📈 已处理600792 云煤能源 
2025-08-31 10:50:48,428 - INFO - 📈 已处理600793 宜宾纸业 
2025-08-31 10:50:51,158 - INFO - 📈 已处理600794 保税科技 
2025-08-31 10:50:52,647 - INFO - 📈 已处理600795 国电电力 
2025-08-31 10:50:54,160 - INFO - 📈 已处理600796 钱江生化 
2025-08-31 10:50:59,497 - INFO - 📈 已处理600797 浙大网新 
2025-08-31 10:51:01,628 - INFO - 📈 已处理600798 宁波海运 
2025-08-31 10:51:04,257 - INFO - 📈 已处理600800 渤海化学 
2025-08-31 10:51:06,194 - INFO - 📈 已处理600801 华新水泥 
2025-08-31 10:51:07,984 - INFO - 📈 已处理600802 福建水泥 
2025-08-31 10:51:09,488 - INFO - 📈 已处理600803 新奥股份 
2025-08-31 10:51:11,297 - INFO - 📈 已处理600805 悦达投资 
2025-08-31 10:51:13,754 - INFO - 📈 已处理600807 济高发展 
2025-08-31 10:51:16,291 - INFO - 📈 已处理600808 马钢股份 
2025-08-31 10:51:18,354 - INFO - 📈 已处理600809 山西汾酒 
2025-08-31 10:51:24,188 - INFO - 📈 已处理600810 神马股份 
2025-08-31 10:51:25,957 - INFO - 📈 已处理600812 华北制药 
2025-08-31 10:51:28,832 - INFO - 📈 已处理600814 杭州解百 
2025-08-31 10:51:31,676 - INFO - 📈 已处理600815 厦工股份 
2025-08-31 10:51:33,168 - INFO - 📈 已处理600816 建元信托 
2025-08-31 10:51:34,896 - INFO - 📈 已处理600817 宇通重工 
2025-08-31 10:51:36,800 - INFO - 📈 已处理600818 中路股份 
2025-08-31 10:51:38,901 - INFO - 📈 已处理600819 耀皮玻璃 
2025-08-31 10:51:41,104 - INFO - 📈 已处理600820 隧道股份 
2025-08-31 10:51:41,104 - INFO - 📈 已处理 1300/2183 只股票，成功 1281 只
2025-08-31 10:51:42,934 - INFO - 📈 已处理600821 金开新能 
2025-08-31 10:51:44,894 - INFO - 📈 已处理600822 上海物贸 
2025-08-31 10:51:46,581 - INFO - 📈 已处理600824 益民集团 
2025-08-31 10:51:49,081 - INFO - 📈 已处理600825 新华传媒 
2025-08-31 10:51:51,543 - INFO - 📈 已处理600826 兰生股份 
2025-08-31 10:51:54,055 - INFO - 📈 已处理600827 百联股份 
2025-08-31 10:51:55,462 - INFO - 📈 已处理600828 茂业商业 
2025-08-31 10:51:58,040 - INFO - 📈 已处理600829 人民同泰 
2025-08-31 10:51:59,626 - INFO - 📈 已处理600830 香溢融通 
2025-08-31 10:52:03,121 - INFO - 📈 已处理600831 ST广网 
2025-08-31 10:52:04,830 - INFO - 📈 已处理600833 第一医药 
2025-08-31 10:52:06,382 - INFO - 📈 已处理600834 申通地铁 
2025-08-31 10:52:08,653 - INFO - 📈 已处理600835 上海机电 
2025-08-31 10:52:10,810 - INFO - 📈 已处理600838 上海九百 
2025-08-31 10:52:12,304 - INFO - 📈 已处理600839 四川长虹 
2025-08-31 10:52:15,190 - INFO - 📈 已处理600841 动力新科 
2025-08-31 10:52:18,391 - INFO - 📈 已处理600843 上工申贝 
2025-08-31 10:52:20,192 - INFO - 📈 已处理600844 金煤科技 
2025-08-31 10:52:22,087 - INFO - 📈 已处理600845 宝信软件 
2025-08-31 10:52:23,621 - INFO - 📈 已处理600846 同济科技 
2025-08-31 10:52:25,048 - INFO - 📈 已处理600847 万里股份 
2025-08-31 10:52:26,591 - INFO - 📈 已处理600848 上海临港 
2025-08-31 10:52:28,403 - INFO - 📈 已处理600850 电科数字 
2025-08-31 10:52:30,573 - INFO - 📈 已处理600851 海欣股份 
2025-08-31 10:52:33,235 - INFO - 📈 已处理600853 龙建股份 
2025-08-31 10:52:35,699 - INFO - 📈 已处理600854 春兰股份 
2025-08-31 10:52:37,680 - INFO - 📈 已处理600855 航天长峰 
2025-08-31 10:52:40,508 - INFO - 📈 已处理600857 宁波中百 
2025-08-31 10:52:41,999 - INFO - 📈 已处理600858 银座股份 
2025-08-31 10:52:45,833 - INFO - 📈 已处理600859 王府井 
2025-08-31 10:52:48,433 - INFO - 📈 已处理600860 京城股份 
2025-08-31 10:52:50,237 - INFO - 📈 已处理600861 北京人力 
2025-08-31 10:52:52,798 - INFO - 📈 已处理600862 中航高科 
2025-08-31 10:52:54,250 - INFO - 📈 已处理600863 内蒙华电 
2025-08-31 10:52:57,966 - INFO - 📈 已处理600864 哈投股份 
2025-08-31 10:52:59,753 - INFO - 📈 已处理600865 百大集团 
2025-08-31 10:53:01,238 - INFO - 📈 已处理600866 星湖科技 
2025-08-31 10:53:03,294 - INFO - 📈 已处理600867 通化东宝 
2025-08-31 10:53:05,832 - INFO - 📈 已处理600868 梅雁吉祥 
2025-08-31 10:53:07,393 - INFO - 📈 已处理600869 远东股份 
2025-08-31 10:53:09,281 - INFO - 📈 已处理600871 石化油服 
2025-08-31 10:53:10,947 - INFO - 📈 已处理600872 中炬高新 
2025-08-31 10:53:13,433 - INFO - 📈 已处理600873 梅花生物 
2025-08-31 10:53:16,653 - INFO - 📈 已处理600874 创业环保 
2025-08-31 10:53:18,416 - INFO - 📈 已处理600875 东方电气 
2025-08-31 10:53:20,028 - INFO - 📈 已处理600876 凯盛新能 
2025-08-31 10:53:23,584 - INFO - 📈 已处理600877 电科芯片 
2025-08-31 10:53:25,096 - INFO - 📈 已处理600879 航天电子 
2025-08-31 10:53:27,806 - INFO - 📈 已处理600880 博瑞传播 
2025-08-31 10:53:29,763 - INFO - 📈 已处理600881 亚泰集团 
2025-08-31 10:53:29,763 - INFO - 📈 已处理 1350/2183 只股票，成功 1331 只
2025-08-31 10:53:32,725 - INFO - 📈 已处理600882 妙可蓝多 
2025-08-31 10:53:35,099 - INFO - 📈 已处理600883 博闻科技 
2025-08-31 10:53:36,950 - INFO - 📈 已处理600884 杉杉股份 
2025-08-31 10:53:39,628 - INFO - 📈 已处理600885 宏发股份 
2025-08-31 10:53:41,466 - INFO - 📈 已处理600886 国投电力 
2025-08-31 10:53:42,911 - INFO - 📈 已处理600887 伊利股份 
2025-08-31 10:53:44,418 - INFO - 📈 已处理600888 新疆众和 
2025-08-31 10:53:46,887 - INFO - 📈 已处理600889 南京化纤 
2025-08-31 10:53:49,201 - INFO - 📈 已处理600892 *ST大晟 
2025-08-31 10:53:54,625 - INFO - 📈 已处理600893 航发动力 
2025-08-31 10:53:56,684 - INFO - 📈 已处理600894 广日股份 
2025-08-31 10:54:00,331 - INFO - 📈 已处理600895 张江高科 
2025-08-31 10:54:02,109 - INFO - 📈 已处理600897 厦门空港 
2025-08-31 10:54:03,969 - INFO - 📈 已处理600900 长江电力 
2025-08-31 10:54:07,065 - INFO - 📈 已处理600901 江苏金租 
2025-08-31 10:54:09,723 - INFO - 📈 已处理600903 贵州燃气 
2025-08-31 10:54:11,272 - INFO - 📈 已处理600905 三峡能源 
2025-08-31 10:54:13,119 - INFO - 📈 已处理600906 财达证券 
2025-08-31 10:54:14,550 - INFO - 📈 已处理600908 无锡银行 
2025-08-31 10:54:16,518 - INFO - 📈 已处理600909 华安证券 
2025-08-31 10:54:18,324 - INFO - 📈 已处理600916 中国黄金 
2025-08-31 10:54:20,002 - INFO - 📈 已处理600917 重庆燃气 
2025-08-31 10:54:22,126 - INFO - 📈 已处理600918 中泰证券 
2025-08-31 10:54:23,746 - INFO - 📈 已处理600919 江苏银行 
2025-08-31 10:54:26,667 - INFO - 📈 已处理600925 苏能股份 
2025-08-31 10:54:28,601 - INFO - 📈 已处理600926 杭州银行 
2025-08-31 10:54:30,380 - INFO - 📈 已处理600927 永安期货 
2025-08-31 10:54:31,880 - INFO - 📈 已处理600928 西安银行 
2025-08-31 10:54:34,039 - INFO - 📈 已处理600929 雪天盐业 
2025-08-31 10:54:36,636 - INFO - 📈 已处理600930 华电新能 
2025-08-31 10:54:39,109 - INFO - 📈 已处理600933 爱柯迪 
2025-08-31 10:54:41,639 - INFO - 📈 已处理600935 华塑股份 
2025-08-31 10:54:43,614 - INFO - 📈 已处理600936 广西广电 
2025-08-31 10:54:45,312 - INFO - 📈 已处理600938 中国海油 
2025-08-31 10:54:48,965 - INFO - 📈 已处理600939 重庆建工 
2025-08-31 10:54:50,885 - INFO - 📈 已处理600941 中国移动 
2025-08-31 10:54:52,895 - INFO - 📈 已处理600955 维远股份 
2025-08-31 10:54:54,372 - INFO - 📈 已处理600956 新天绿能 
2025-08-31 10:54:57,064 - INFO - 📈 已处理600958 东方证券 
2025-08-31 10:54:58,572 - INFO - 📈 已处理600959 江苏有线 
2025-08-31 10:55:00,063 - INFO - 📈 已处理600960 渤海汽车 
2025-08-31 10:55:02,169 - INFO - 📈 已处理600961 株冶集团 
2025-08-31 10:55:04,995 - INFO - 📈 已处理600962 国投中鲁 
2025-08-31 10:55:06,496 - INFO - 📈 已处理600963 岳阳林纸 
2025-08-31 10:55:09,078 - INFO - 📈 已处理600965 福成股份 
2025-08-31 10:55:11,841 - INFO - 📈 已处理600966 博汇纸业 
2025-08-31 10:55:14,673 - INFO - 📈 已处理600967 内蒙一机 
2025-08-31 10:55:16,698 - INFO - 📈 已处理600968 海油发展 
2025-08-31 10:55:18,271 - INFO - 📈 已处理600969 郴电国际 
2025-08-31 10:55:19,748 - INFO - 📈 已处理600970 中材国际 
2025-08-31 10:55:19,748 - INFO - 📈 已处理 1400/2183 只股票，成功 1381 只
2025-08-31 10:55:21,417 - INFO - 📈 已处理600971 恒源煤电 
2025-08-31 10:55:23,587 - INFO - 📈 已处理600973 宝胜股份 
2025-08-31 10:55:26,880 - INFO - 📈 已处理600975 新五丰 
2025-08-31 10:55:28,696 - INFO - 📈 已处理600976 健民集团 
2025-08-31 10:55:30,364 - INFO - 📈 已处理600977 中国电影 
2025-08-31 10:55:32,446 - INFO - 📈 已处理600979 广安爱众 
2025-08-31 10:55:35,900 - INFO - 📈 已处理600980 北矿科技 
2025-08-31 10:55:37,531 - INFO - 📈 已处理600981 汇鸿集团 
2025-08-31 10:55:39,209 - INFO - 📈 已处理600982 宁波能源 
2025-08-31 10:55:40,731 - INFO - 📈 已处理600983 惠而浦 
2025-08-31 10:55:43,039 - INFO - 📈 已处理600984 建设机械 
2025-08-31 10:55:44,722 - INFO - 📈 已处理600985 淮北矿业 
2025-08-31 10:55:47,684 - INFO - 📈 已处理600986 浙文互联 
2025-08-31 10:55:50,008 - INFO - 📈 已处理600987 航民股份 
2025-08-31 10:55:51,527 - INFO - 📈 已处理600988 赤峰黄金 
2025-08-31 10:55:53,459 - INFO - 📈 已处理600989 宝丰能源 
2025-08-31 10:55:55,015 - INFO - 📈 已处理600990 四创电子 
2025-08-31 10:55:57,030 - INFO - 📈 已处理600992 贵绳股份 
2025-08-31 10:56:00,111 - INFO - 📈 已处理600993 马应龙 
2025-08-31 10:56:02,272 - INFO - 📈 已处理600995 南网储能 
2025-08-31 10:56:04,992 - INFO - 📈 已处理600996 贵广网络 
2025-08-31 10:56:07,250 - INFO - 📈 已处理600997 开滦股份 
2025-08-31 10:56:09,676 - INFO - 📈 已处理600998 九州通 
2025-08-31 10:56:11,178 - INFO - 📈 已处理600999 招商证券 
2025-08-31 10:56:13,090 - INFO - 📈 已处理601000 唐山港 
2025-08-31 10:56:14,583 - INFO - 📈 已处理601001 晋控煤业 
2025-08-31 10:56:16,851 - INFO - 📈 已处理601002 晋亿实业 
2025-08-31 10:56:18,606 - INFO - 📈 已处理601003 柳钢股份 
2025-08-31 10:56:21,481 - INFO - 📈 已处理601005 重庆钢铁 
2025-08-31 10:56:23,423 - INFO - 📈 已处理601006 大秦铁路 
2025-08-31 10:56:24,910 - INFO - 📈 已处理601007 金陵饭店 
2025-08-31 10:56:27,745 - INFO - 📈 已处理601008 连云港 
2025-08-31 10:56:29,265 - INFO - 📈 已处理601009 南京银行 
2025-08-31 10:56:30,798 - INFO - 📈 已处理601010 文峰股份 
2025-08-31 10:56:33,445 - INFO - 📈 已处理601011 宝泰隆 
2025-08-31 10:56:34,852 - INFO - 📈 已处理601012 隆基绿能 
2025-08-31 10:56:36,346 - INFO - 📈 已处理601015 陕西黑猫 
2025-08-31 10:56:37,839 - INFO - 📈 已处理601016 节能风电 
2025-08-31 10:56:39,825 - INFO - 📈 已处理601018 宁波港 
2025-08-31 10:56:41,305 - INFO - 📈 已处理601019 山东出版 
2025-08-31 10:56:42,813 - INFO - 📈 已处理601020 华钰矿业 
2025-08-31 10:56:46,642 - INFO - 📈 已处理601021 春秋航空 
2025-08-31 10:56:48,699 - INFO - 📈 已处理601022 宁波远洋 
2025-08-31 10:56:50,093 - INFO - 📈 已处理601033 永兴股份 
2025-08-31 10:56:52,538 - INFO - 📈 已处理601038 一拖股份 
2025-08-31 10:56:53,975 - INFO - 📈 已处理601058 赛轮轮胎 
2025-08-31 10:56:56,490 - INFO - 📈 已处理601059 信达证券 
2025-08-31 10:56:58,743 - INFO - 📈 已处理601061 中信金属 
2025-08-31 10:57:00,254 - INFO - 📈 已处理601065 江盐集团 
2025-08-31 10:57:02,388 - INFO - 📈 已处理601066 中信建投 
2025-08-31 10:57:02,388 - INFO - 📈 已处理 1450/2183 只股票，成功 1431 只
2025-08-31 10:57:03,802 - INFO - 📈 已处理601068 中铝国际 
2025-08-31 10:57:06,735 - INFO - 📈 已处理601069 西部黄金 
2025-08-31 10:57:08,422 - INFO - 📈 已处理601077 渝农商行 
2025-08-31 10:57:12,060 - INFO - 📈 已处理601083 锦江航运 
2025-08-31 10:57:13,563 - INFO - 📈 已处理601086 国芳集团 
2025-08-31 10:57:15,519 - INFO - 📈 已处理601088 中国神华 
2025-08-31 10:57:18,015 - INFO - 📈 已处理601089 福元医药 
2025-08-31 10:57:19,824 - INFO - 📈 已处理601096 宏盛华源 
2025-08-31 10:57:21,319 - INFO - 📈 已处理601098 中南传媒 
2025-08-31 10:57:22,715 - INFO - 📈 已处理601099 太平洋 
2025-08-31 10:57:25,232 - INFO - 📈 已处理601100 恒立液压 
2025-08-31 10:57:27,324 - INFO - 📈 已处理601101 昊华能源 
2025-08-31 10:57:30,164 - INFO - 📈 已处理601106 中国一重 
2025-08-31 10:57:32,714 - INFO - 📈 已处理601107 四川成渝 
2025-08-31 10:57:34,689 - INFO - 📈 已处理601108 财通证券 
2025-08-31 10:57:37,536 - INFO - 📈 已处理601111 中国国航 
2025-08-31 10:57:39,147 - INFO - 📈 已处理601113 华鼎股份 
2025-08-31 10:57:40,716 - INFO - 📈 已处理601116 三江购物 
2025-08-31 10:57:42,242 - INFO - 📈 已处理601117 中国化学 
2025-08-31 10:57:48,263 - WARNING - ⚠️ 601118 海南橡胶 K线更新失败: ('Connection aborted.', ConnectionResetError(10054, '远程主机强迫关闭了一个现有的连接。', None, 10054, None))
2025-08-31 10:57:50,761 - INFO - 📈 已处理601121 宝地矿业 
2025-08-31 10:57:53,056 - INFO - 📈 已处理601126 四方股份 
2025-08-31 10:57:54,546 - INFO - 📈 已处理601127 赛力斯 
2025-08-31 10:57:56,076 - INFO - 📈 已处理601128 常熟银行 
2025-08-31 10:57:57,596 - INFO - 📈 已处理601133 柏诚股份 
2025-08-31 10:58:00,174 - INFO - 📈 已处理601136 首创证券 
2025-08-31 10:58:02,292 - INFO - 📈 已处理601137 博威合金 
2025-08-31 10:58:03,894 - INFO - 📈 已处理601138 工业富联 
2025-08-31 10:58:06,336 - INFO - 📈 已处理601139 深圳燃气 
2025-08-31 10:58:07,900 - INFO - 📈 已处理601155 新城控股 
2025-08-31 10:58:09,653 - INFO - 📈 已处理601156 东航物流 
2025-08-31 10:58:11,566 - INFO - 📈 已处理601158 重庆水务 
2025-08-31 10:58:13,805 - INFO - 📈 已处理601162 天风证券 
2025-08-31 10:58:15,230 - INFO - 📈 已处理601163 三角轮胎 
2025-08-31 10:58:18,082 - INFO - 📈 已处理601166 兴业银行 
2025-08-31 10:58:20,275 - INFO - 📈 已处理601168 西部矿业 
2025-08-31 10:58:22,754 - INFO - 📈 已处理601169 北京银行 
2025-08-31 10:58:25,382 - INFO - 📈 已处理601177 杭齿前进 
2025-08-31 10:58:26,935 - INFO - 📈 已处理601179 中国西电 
2025-08-31 10:58:29,705 - INFO - 📈 已处理601186 中国铁建 
2025-08-31 10:58:32,654 - INFO - 📈 已处理601187 厦门银行 
2025-08-31 10:58:34,102 - INFO - 📈 已处理601188 龙江交通 
2025-08-31 10:58:35,753 - INFO - 📈 已处理601198 东兴证券 
2025-08-31 10:58:37,706 - INFO - 📈 已处理601199 江南水务 
2025-08-31 10:58:39,529 - INFO - 📈 已处理601200 上海环境 
2025-08-31 10:58:41,038 - INFO - 📈 已处理601208 东材科技 
2025-08-31 10:58:42,627 - INFO - 📈 已处理601211 国泰海通 
2025-08-31 10:58:44,199 - INFO - 📈 已处理601212 白银有色 
2025-08-31 10:58:46,324 - INFO - 📈 已处理601216 君正集团 
2025-08-31 10:58:47,796 - INFO - 📈 已处理601218 吉鑫科技 
2025-08-31 10:58:47,796 - INFO - 📈 已处理 1500/2183 只股票，成功 1480 只
2025-08-31 10:58:49,260 - INFO - 📈 已处理601222 林洋能源 
2025-08-31 10:58:50,735 - INFO - 📈 已处理601225 陕西煤业 
2025-08-31 10:58:52,127 - INFO - 📈 已处理601226 华电科工 
2025-08-31 10:58:53,835 - INFO - 📈 已处理601228 广州港 
2025-08-31 10:58:55,310 - INFO - 📈 已处理601229 上海银行 
2025-08-31 10:58:57,097 - INFO - 📈 已处理601231 环旭电子 
2025-08-31 10:58:59,188 - INFO - 📈 已处理601233 桐昆股份 
2025-08-31 10:59:00,984 - INFO - 📈 已处理601236 红塔证券 
2025-08-31 10:59:02,491 - INFO - 📈 已处理601238 广汽集团 
2025-08-31 10:59:04,363 - INFO - 📈 已处理601279 英利汽车 
2025-08-31 10:59:05,863 - INFO - 📈 已处理601288 农业银行 
2025-08-31 10:59:07,297 - INFO - 📈 已处理601298 青岛港 
2025-08-31 10:59:08,768 - INFO - 📈 已处理601311 骆驼股份 
2025-08-31 10:59:10,288 - INFO - 📈 已处理601318 中国平安 
2025-08-31 10:59:11,842 - INFO - 📈 已处理601319 中国人保 
2025-08-31 10:59:13,630 - INFO - 📈 已处理601326 秦港股份 
2025-08-31 10:59:15,360 - INFO - 📈 已处理601328 交通银行 
2025-08-31 10:59:16,950 - INFO - 📈 已处理601330 绿色动力 
2025-08-31 10:59:18,469 - INFO - 📈 已处理601333 广深铁路 
2025-08-31 10:59:20,055 - INFO - 📈 已处理601336 新华保险 
2025-08-31 10:59:21,734 - INFO - 📈 已处理601339 百隆东方 
2025-08-31 10:59:23,264 - INFO - 📈 已处理601360 三六零 
2025-08-31 10:59:24,703 - INFO - 📈 已处理601366 利群股份 
2025-08-31 10:59:26,439 - INFO - 📈 已处理601368 绿城水务 
2025-08-31 10:59:28,287 - INFO - 📈 已处理601369 陕鼓动力 
2025-08-31 10:59:29,801 - INFO - 📈 已处理601375 中原证券 
2025-08-31 10:59:33,545 - INFO - 📈 已处理601377 兴业证券 
2025-08-31 10:59:35,551 - INFO - 📈 已处理601388 怡球资源 
2025-08-31 10:59:38,209 - INFO - 📈 已处理601390 中国中铁 
2025-08-31 10:59:47,542 - INFO - 📈 已处理601398 工商银行 
2025-08-31 10:59:49,083 - INFO - 📈 已处理601399 国机重装 
2025-08-31 10:59:50,626 - INFO - 📈 已处理601456 国联民生 
2025-08-31 10:59:52,398 - INFO - 📈 已处理601500 通用股份 
2025-08-31 10:59:54,911 - INFO - 📈 已处理601512 中新集团 
2025-08-31 10:59:56,408 - INFO - 📈 已处理601515 东峰集团 
2025-08-31 11:00:00,964 - INFO - 📈 已处理601518 吉林高速 
2025-08-31 11:00:02,536 - INFO - 📈 已处理601519 大智慧 
2025-08-31 11:00:04,174 - INFO - 📈 已处理601528 瑞丰银行 
2025-08-31 11:00:05,716 - INFO - 📈 已处理601555 东吴证券 
2025-08-31 11:00:07,207 - INFO - 📈 已处理601566 九牧王 
2025-08-31 11:00:08,788 - INFO - 📈 已处理601567 三星医疗 
2025-08-31 11:00:11,411 - INFO - 📈 已处理601568 北元集团 
2025-08-31 11:00:12,928 - INFO - 📈 已处理601577 长沙银行 
2025-08-31 11:00:14,577 - INFO - 📈 已处理601579 会稽山 
2025-08-31 11:00:16,425 - INFO - 📈 已处理601588 北辰实业 
2025-08-31 11:00:19,508 - INFO - 📈 已处理601595 上海电影 
2025-08-31 11:00:21,823 - INFO - 📈 已处理601598 中国外运 
2025-08-31 11:00:23,360 - INFO - 📈 已处理601599 浙文影业 
2025-08-31 11:00:24,911 - INFO - 📈 已处理601600 中国铝业 
2025-08-31 11:00:27,487 - INFO - 📈 已处理601601 中国太保 
2025-08-31 11:00:27,488 - INFO - 📈 已处理 1550/2183 只股票，成功 1530 只
2025-08-31 11:00:28,994 - INFO - 📈 已处理601606 长城军工 
2025-08-31 11:00:31,478 - INFO - 📈 已处理601607 上海医药 
2025-08-31 11:00:33,017 - INFO - 📈 已处理601608 中信重工 
2025-08-31 11:00:34,532 - INFO - 📈 已处理601609 金田股份 
2025-08-31 11:00:36,036 - INFO - 📈 已处理601611 中国核建 
2025-08-31 11:00:39,398 - INFO - 📈 已处理601615 明阳智能 
2025-08-31 11:00:40,980 - INFO - 📈 已处理601616 广电电气 
2025-08-31 11:00:43,542 - INFO - 📈 已处理601618 中国中冶 
2025-08-31 11:00:45,609 - INFO - 📈 已处理601619 嘉泽新能 
2025-08-31 11:00:47,377 - INFO - 📈 已处理601628 中国人寿 
2025-08-31 11:00:49,096 - INFO - 📈 已处理601633 长城汽车 
2025-08-31 11:00:50,534 - INFO - 📈 已处理601636 旗滨集团 
2025-08-31 11:00:52,059 - INFO - 📈 已处理601658 邮储银行 
2025-08-31 11:00:53,744 - INFO - 📈 已处理601665 齐鲁银行 
2025-08-31 11:00:55,161 - INFO - 📈 已处理601666 平煤股份 
2025-08-31 11:00:59,129 - INFO - 📈 已处理601668 中国建筑 
2025-08-31 11:01:00,590 - INFO - 📈 已处理601669 中国电建 
2025-08-31 11:01:02,845 - INFO - 📈 已处理601677 明泰铝业 
2025-08-31 11:01:06,759 - INFO - 📈 已处理601678 滨化股份 
2025-08-31 11:01:08,257 - INFO - 📈 已处理601686 友发集团 
2025-08-31 11:01:09,934 - INFO - 📈 已处理601688 华泰证券 
2025-08-31 11:01:12,027 - INFO - 📈 已处理601689 拓普集团 
2025-08-31 11:01:14,613 - INFO - 📈 已处理601696 中银证券 
2025-08-31 11:01:16,125 - INFO - 📈 已处理601698 中国卫通 
2025-08-31 11:01:17,619 - INFO - 📈 已处理601699 潞安环能 
2025-08-31 11:01:19,165 - INFO - 📈 已处理601700 风范股份 
2025-08-31 11:01:20,868 - INFO - 📈 已处理601702 华峰铝业 
2025-08-31 11:01:22,571 - INFO - 📈 已处理601717 中创智领 
2025-08-31 11:01:24,070 - INFO - 📈 已处理601718 际华集团 
2025-08-31 11:01:25,628 - INFO - 📈 已处理601727 上海电气 
2025-08-31 11:01:27,683 - INFO - 📈 已处理601728 中国电信 
2025-08-31 11:01:29,494 - INFO - 📈 已处理601766 中国中车 
2025-08-31 11:01:31,755 - INFO - 📈 已处理601777 千里科技 
2025-08-31 11:01:33,284 - INFO - 📈 已处理601778 晶科科技 
2025-08-31 11:01:34,720 - INFO - 📈 已处理601788 光大证券 
2025-08-31 11:01:38,295 - INFO - 📈 已处理601789 宁波建工 
2025-08-31 11:01:42,809 - INFO - 📈 已处理601798 蓝科高新 
2025-08-31 11:01:44,339 - INFO - 📈 已处理601799 星宇股份 
2025-08-31 11:01:46,194 - INFO - 📈 已处理601800 中国交建 
2025-08-31 11:01:49,522 - INFO - 📈 已处理601801 皖新传媒 
2025-08-31 11:01:54,173 - INFO - 📈 已处理601808 中海油服 
2025-08-31 11:01:57,462 - INFO - 📈 已处理601811 新华文轩 
2025-08-31 11:02:00,003 - INFO - 📈 已处理601816 京沪高铁 
2025-08-31 11:02:03,172 - INFO - 📈 已处理601818 光大银行 
2025-08-31 11:02:05,065 - INFO - 📈 已处理601825 沪农商行 
2025-08-31 11:02:07,638 - INFO - 📈 已处理601827 三峰环境 
2025-08-31 11:02:09,474 - INFO - 📈 已处理601828 美凯龙 
2025-08-31 11:02:10,994 - INFO - 📈 已处理601838 成都银行 
2025-08-31 11:02:12,491 - INFO - 📈 已处理601857 中国石油 
2025-08-31 11:02:14,112 - INFO - 📈 已处理601858 中国科传 
2025-08-31 11:02:14,113 - INFO - 📈 已处理 1600/2183 只股票，成功 1580 只
2025-08-31 11:02:16,794 - INFO - 📈 已处理601860 紫金银行 
2025-08-31 11:02:18,316 - INFO - 📈 已处理601865 福莱特 
2025-08-31 11:02:19,856 - INFO - 📈 已处理601866 中远海发 
2025-08-31 11:02:21,891 - INFO - 📈 已处理601868 中国能建 
2025-08-31 11:02:28,352 - INFO - 📈 已处理601869 长飞光纤 
2025-08-31 11:02:29,834 - INFO - 📈 已处理601872 招商轮船 
2025-08-31 11:02:31,368 - INFO - 📈 已处理601877 正泰电器 
2025-08-31 11:02:34,608 - INFO - 📈 已处理601878 浙商证券 
2025-08-31 11:02:44,649 - INFO - 📈 已处理601880 辽港股份 
2025-08-31 11:02:46,052 - INFO - 📈 已处理601881 中国银河 
2025-08-31 11:02:48,520 - INFO - 📈 已处理601882 海天精工 
2025-08-31 11:02:49,977 - INFO - 📈 已处理601886 江河集团 
2025-08-31 11:02:51,726 - INFO - 📈 已处理601888 中国中免 
2025-08-31 11:02:53,231 - INFO - 📈 已处理601890 亚星锚链 
2025-08-31 11:02:54,701 - INFO - 📈 已处理601898 中煤能源 
2025-08-31 11:02:56,189 - INFO - 📈 已处理601899 紫金矿业 
2025-08-31 11:02:58,681 - INFO - 📈 已处理601900 南方传媒 
2025-08-31 11:03:00,082 - INFO - 📈 已处理601901 方正证券 
2025-08-31 11:03:22,419 - INFO - 📈 已处理601908 京运通 
2025-08-31 11:03:24,322 - INFO - 📈 已处理601916 浙商银行 
2025-08-31 11:03:26,960 - INFO - 📈 已处理601918 新集能源 
2025-08-31 11:03:28,446 - INFO - 📈 已处理601919 中远海控 
2025-08-31 11:03:30,902 - INFO - 📈 已处理601921 浙版传媒 
2025-08-31 11:03:32,663 - INFO - 📈 已处理601928 凤凰传媒 
2025-08-31 11:03:34,523 - INFO - 📈 已处理601929 吉视传媒 
2025-08-31 11:03:36,306 - INFO - 📈 已处理601933 永辉超市 
2025-08-31 11:03:39,063 - INFO - 📈 已处理601939 建设银行 
2025-08-31 11:03:40,567 - INFO - 📈 已处理601949 中国出版 
2025-08-31 11:03:47,367 - INFO - 📈 已处理601952 苏垦农发 
2025-08-31 11:03:48,850 - INFO - 📈 已处理601956 东贝集团 
2025-08-31 11:03:52,575 - INFO - 📈 已处理601958 金钼股份 
2025-08-31 11:03:56,247 - INFO - 📈 已处理601963 重庆银行 
2025-08-31 11:03:57,645 - INFO - 📈 已处理601965 中国汽研 
2025-08-31 11:03:59,065 - INFO - 📈 已处理601966 玲珑轮胎 
2025-08-31 11:04:01,673 - INFO - 📈 已处理601968 宝钢包装 
2025-08-31 11:04:03,177 - INFO - 📈 已处理601969 海南矿业 
2025-08-31 11:04:06,772 - INFO - 📈 已处理601975 招商南油 
2025-08-31 11:04:08,221 - INFO - 📈 已处理601985 中国核电 
2025-08-31 11:04:09,688 - INFO - 📈 已处理601988 中国银行 
2025-08-31 11:04:11,237 - INFO - 📈 已处理601990 南京证券 
2025-08-31 11:04:14,783 - INFO - 📈 已处理601991 大唐发电 
2025-08-31 11:04:16,257 - INFO - 📈 已处理601992 金隅集团 
2025-08-31 11:04:17,807 - INFO - 📈 已处理601995 中金公司 
2025-08-31 11:04:20,608 - INFO - 📈 已处理601996 丰林集团 
2025-08-31 11:04:22,087 - INFO - 📈 已处理601997 贵阳银行 
2025-08-31 11:04:23,603 - INFO - 📈 已处理601998 中信银行 
2025-08-31 11:04:25,085 - INFO - 📈 已处理601999 出版传媒 
2025-08-31 11:04:26,905 - INFO - 📈 已处理603000 人民网 
2025-08-31 11:04:28,707 - INFO - 📈 已处理603001 奥康国际 
2025-08-31 11:04:30,900 - INFO - 📈 已处理603002 宏昌电子 
2025-08-31 11:04:30,900 - INFO - 📈 已处理 1650/2183 只股票，成功 1630 只
2025-08-31 11:04:33,731 - INFO - 📈 已处理603004 鼎龙科技 
2025-08-31 11:04:35,199 - INFO - 📈 已处理603005 晶方科技 
2025-08-31 11:04:39,805 - INFO - 📈 已处理603006 联明股份 
2025-08-31 11:04:41,327 - INFO - 📈 已处理603007 *ST花王 
2025-08-31 11:04:43,421 - INFO - 📈 已处理603008 喜临门 
2025-08-31 11:04:45,161 - INFO - 📈 已处理603009 北特科技 
2025-08-31 11:04:46,709 - INFO - 📈 已处理603010 万盛股份 
2025-08-31 11:04:48,252 - INFO - 📈 已处理603011 合锻智能 
2025-08-31 11:04:49,792 - INFO - 📈 已处理603012 创力集团 
2025-08-31 11:04:51,710 - INFO - 📈 已处理603013 亚普股份 
2025-08-31 11:04:53,102 - INFO - 📈 已处理603014 威高血净 
2025-08-31 11:04:56,074 - INFO - 📈 已处理603015 弘讯科技 
2025-08-31 11:04:58,612 - INFO - 📈 已处理603016 新宏泰 
2025-08-31 11:05:01,033 - INFO - 📈 已处理603017 中衡设计 
2025-08-31 11:05:03,327 - INFO - 📈 已处理603018 华设集团 
2025-08-31 11:05:05,712 - INFO - 📈 已处理603019 中科曙光 
2025-08-31 11:05:07,586 - INFO - 📈 已处理603020 爱普股份 
2025-08-31 11:05:09,703 - INFO - 📈 已处理603021 ST华鹏 
2025-08-31 11:05:12,185 - INFO - 📈 已处理603022 新通联 
2025-08-31 11:05:16,388 - INFO - 📈 已处理603023 威帝股份 
2025-08-31 11:05:17,843 - INFO - 📈 已处理603025 大豪科技 
2025-08-31 11:05:19,478 - INFO - 📈 已处理603026 石大胜华 
2025-08-31 11:05:21,587 - INFO - 📈 已处理603027 千禾味业 
2025-08-31 11:05:24,724 - INFO - 📈 已处理603028 赛福天 
2025-08-31 11:05:26,249 - INFO - 📈 已处理603029 天鹅股份 
2025-08-31 11:05:28,341 - INFO - 📈 已处理603030 全筑股份 
2025-08-31 11:05:29,841 - INFO - 📈 已处理603031 安孚科技 
2025-08-31 11:05:31,668 - INFO - 📈 已处理603032 德新科技 
2025-08-31 11:05:33,150 - INFO - 📈 已处理603033 三维股份 
2025-08-31 11:05:34,558 - INFO - 📈 已处理603035 常熟汽饰 
2025-08-31 11:05:36,153 - INFO - 📈 已处理603036 如通股份 
2025-08-31 11:05:37,658 - INFO - 📈 已处理603037 凯众股份 
2025-08-31 11:05:39,507 - INFO - 📈 已处理603038 华立股份 
2025-08-31 11:05:40,988 - INFO - 📈 已处理603039 泛微网络 
2025-08-31 11:05:43,607 - INFO - 📈 已处理603040 新坐标 
2025-08-31 11:05:47,668 - INFO - 📈 已处理603041 美思德 
2025-08-31 11:05:49,607 - INFO - 📈 已处理603042 华脉科技 
2025-08-31 11:05:51,118 - INFO - 📈 已处理603043 广州酒家 
2025-08-31 11:05:53,579 - INFO - 📈 已处理603045 福达合金 
2025-08-31 11:05:55,924 - INFO - 📈 已处理603048 浙江黎明 
2025-08-31 11:05:57,820 - INFO - 📈 已处理603049 中策橡胶 
2025-08-31 11:06:00,345 - INFO - 📈 已处理603050 科林电气 
2025-08-31 11:06:01,971 - INFO - 📈 已处理603051 鹿山新材 
2025-08-31 11:06:03,517 - INFO - 📈 已处理603052 可川科技 
2025-08-31 11:06:05,019 - INFO - 📈 已处理603053 成都燃气 
2025-08-31 11:06:06,981 - INFO - 📈 已处理603055 台华新材 
2025-08-31 11:06:08,828 - INFO - 📈 已处理603056 德邦股份 
2025-08-31 11:06:10,326 - INFO - 📈 已处理603057 紫燕食品 
2025-08-31 11:06:11,873 - INFO - 📈 已处理603059 倍加洁 
2025-08-31 11:06:13,480 - INFO - 📈 已处理603060 国检集团 
2025-08-31 11:06:13,480 - INFO - 📈 已处理 1700/2183 只股票，成功 1680 只
2025-08-31 11:06:15,013 - INFO - 📈 已处理603061 金海通 
2025-08-31 11:06:16,840 - INFO - 📈 已处理603062 麦加芯彩 
2025-08-31 11:06:18,665 - INFO - 📈 已处理603063 禾望电气 
2025-08-31 11:06:21,311 - INFO - 📈 已处理603065 宿迁联盛 
2025-08-31 11:06:22,722 - INFO - 📈 已处理603066 音飞储存 
2025-08-31 11:06:24,865 - INFO - 📈 已处理603067 振华股份 
2025-08-31 11:06:26,363 - INFO - 📈 已处理603068 博通集成 
2025-08-31 11:06:28,311 - INFO - 📈 已处理603069 海汽集团 
2025-08-31 11:06:30,513 - INFO - 📈 已处理603070 万控智造 
2025-08-31 11:06:32,339 - INFO - 📈 已处理603071 物产环能 
2025-08-31 11:06:33,781 - INFO - 📈 已处理603072 天和磁材 
2025-08-31 11:06:35,180 - INFO - 📈 已处理603073 彩蝶实业 
2025-08-31 11:06:36,596 - INFO - 📈 已处理603075 热威股份 
2025-08-31 11:06:38,115 - INFO - 📈 已处理603076 乐惠国际 
2025-08-31 11:06:39,638 - INFO - 📈 已处理603077 和邦生物 
2025-08-31 11:06:43,582 - INFO - 📈 已处理603078 江化微 
2025-08-31 11:06:45,005 - INFO - 📈 已处理603079 圣达生物 
2025-08-31 11:06:47,034 - INFO - 📈 已处理603080 新疆火炬 
2025-08-31 11:06:48,443 - INFO - 📈 已处理603081 大丰实业 
2025-08-31 11:06:51,247 - INFO - 📈 已处理603082 北自科技 
2025-08-31 11:06:53,771 - INFO - 📈 已处理603083 剑桥科技 
2025-08-31 11:06:55,292 - INFO - 📈 已处理603085 天成自控 
2025-08-31 11:06:56,809 - INFO - 📈 已处理603086 先达股份 
2025-08-31 11:06:58,377 - INFO - 📈 已处理603087 甘李药业 
2025-08-31 11:07:00,564 - INFO - 📈 已处理603088 宁波精达 
2025-08-31 11:07:03,531 - INFO - 📈 已处理603089 正裕工业 
2025-08-31 11:07:05,034 - INFO - 📈 已处理603090 宏盛股份 
2025-08-31 11:07:07,545 - INFO - 📈 已处理603091 众鑫股份 
2025-08-31 11:07:10,142 - INFO - 📈 已处理603093 南华期货 
2025-08-31 11:07:11,613 - INFO - 📈 已处理603095 越剑智能 
2025-08-31 11:07:13,548 - INFO - 📈 已处理603096 新经典 
2025-08-31 11:07:16,194 - INFO - 📈 已处理603097 江苏华辰 
2025-08-31 11:07:19,115 - INFO - 📈 已处理603098 森特股份 
2025-08-31 11:07:21,130 - INFO - 📈 已处理603099 长白山 
2025-08-31 11:07:22,749 - INFO - 📈 已处理603100 川仪股份 
2025-08-31 11:07:24,232 - INFO - 📈 已处理603101 汇嘉时代 
2025-08-31 11:07:26,696 - INFO - 📈 已处理603102 百合股份 
2025-08-31 11:07:28,367 - INFO - 📈 已处理603103 横店影视 
2025-08-31 11:07:29,864 - INFO - 📈 已处理603105 芯能科技 
2025-08-31 11:07:31,396 - INFO - 📈 已处理603106 恒银科技 
2025-08-31 11:07:33,378 - INFO - 📈 已处理603107 上海汽配 
2025-08-31 11:07:35,302 - INFO - 📈 已处理603108 润达医疗 
2025-08-31 11:07:37,444 - INFO - 📈 已处理603109 神驰机电 
2025-08-31 11:07:39,878 - INFO - 📈 已处理603110 东方材料 
2025-08-31 11:07:42,403 - INFO - 📈 已处理603111 康尼机电 
2025-08-31 11:07:43,863 - INFO - 📈 已处理603112 华翔股份 
2025-08-31 11:07:45,375 - INFO - 📈 已处理603113 金能科技 
2025-08-31 11:07:48,270 - INFO - 📈 已处理603115 海星股份 
2025-08-31 11:07:50,017 - INFO - 📈 已处理603116 红蜻蜓 
2025-08-31 11:07:53,095 - INFO - 📈 已处理603117 万林物流 
2025-08-31 11:07:53,096 - INFO - 📈 已处理 1750/2183 只股票，成功 1730 只
2025-08-31 11:07:54,580 - INFO - 📈 已处理603118 共进股份 
2025-08-31 11:07:56,013 - INFO - 📈 已处理603119 浙江荣泰 
2025-08-31 11:07:58,514 - INFO - 📈 已处理603120 肯特催化 
2025-08-31 11:08:00,029 - INFO - 📈 已处理603121 华培动力 
2025-08-31 11:08:02,619 - INFO - 📈 已处理603122 合富中国 
2025-08-31 11:08:04,214 - INFO - 📈 已处理603123 翠微股份 
2025-08-31 11:08:06,156 - INFO - 📈 已处理603124 江南新材 
2025-08-31 11:08:07,705 - INFO - 📈 已处理603125 常青科技 
2025-08-31 11:08:09,189 - INFO - 📈 已处理603126 中材节能 
2025-08-31 11:08:11,834 - INFO - 📈 已处理603127 昭衍新药 
2025-08-31 11:08:13,332 - INFO - 📈 已处理603128 华贸物流 
2025-08-31 11:08:14,902 - INFO - 📈 已处理603129 春风动力 
2025-08-31 11:08:20,921 - WARNING - ⚠️ 603130 云中马 K线更新失败: ('Connection aborted.', ConnectionResetError(10054, '远程主机强迫关闭了一个现有的连接。', None, 10054, None))
2025-08-31 11:08:22,373 - INFO - 📈 已处理603131 上海沪工 
2025-08-31 11:08:24,017 - INFO - 📈 已处理603132 金徽股份 
2025-08-31 11:08:25,553 - INFO - 📈 已处理603135 中重科技 
2025-08-31 11:08:27,016 - INFO - 📈 已处理603136 天目湖 
2025-08-31 11:08:29,267 - INFO - 📈 已处理603137 恒尚节能 
2025-08-31 11:08:30,735 - INFO - 📈 已处理603138 海量数据 
2025-08-31 11:08:32,645 - INFO - 📈 已处理603139 康惠制药 
2025-08-31 11:08:34,677 - INFO - 📈 已处理603150 万朗磁塑 
2025-08-31 11:08:36,192 - INFO - 📈 已处理603151 邦基科技 
2025-08-31 11:08:37,710 - INFO - 📈 已处理603153 上海建科 
2025-08-31 11:08:39,411 - INFO - 📈 已处理603155 新亚强 
2025-08-31 11:08:41,238 - INFO - 📈 已处理603156 养元饮品 
2025-08-31 11:08:43,122 - INFO - 📈 已处理603158 腾龙股份 
2025-08-31 11:08:45,580 - INFO - 📈 已处理603159 上海亚虹 
2025-08-31 11:08:47,018 - INFO - 📈 已处理603160 汇顶科技 
2025-08-31 11:08:48,415 - INFO - 📈 已处理603162 海通发展 
2025-08-31 11:08:50,096 - INFO - 📈 已处理603163 圣晖集成 
2025-08-31 11:08:51,545 - INFO - 📈 已处理603165 荣晟环保 
2025-08-31 11:08:54,113 - INFO - 📈 已处理603166 福达股份 
2025-08-31 11:08:57,012 - INFO - 📈 已处理603167 渤海轮渡 
2025-08-31 11:08:58,521 - INFO - 📈 已处理603168 莎普爱思 
2025-08-31 11:09:03,037 - INFO - 📈 已处理603169 兰石重装 
2025-08-31 11:09:04,934 - INFO - 📈 已处理603170 宝立食品 
2025-08-31 11:09:06,494 - INFO - 📈 已处理603171 税友股份 
2025-08-31 11:09:08,096 - INFO - 📈 已处理603172 万丰股份 
2025-08-31 11:09:10,579 - INFO - 📈 已处理603173 福斯达 
2025-08-31 11:09:12,061 - INFO - 📈 已处理603176 汇通集团 
2025-08-31 11:09:13,591 - INFO - 📈 已处理603177 德创环保 
2025-08-31 11:09:14,996 - INFO - 📈 已处理603178 圣龙股份 
2025-08-31 11:09:16,438 - INFO - 📈 已处理603179 新泉股份 
2025-08-31 11:09:17,916 - INFO - 📈 已处理603180 金牌家居 
2025-08-31 11:09:21,438 - INFO - 📈 已处理603181 皇马科技 
2025-08-31 11:09:22,836 - INFO - 📈 已处理603182 嘉华股份 
2025-08-31 11:09:24,433 - INFO - 📈 已处理603183 建研院 
2025-08-31 11:09:26,951 - INFO - 📈 已处理603185 弘元绿能 
2025-08-31 11:09:29,890 - INFO - 📈 已处理603186 华正新材 
2025-08-31 11:09:31,366 - INFO - 📈 已处理603187 海容冷链 
2025-08-31 11:09:31,367 - INFO - 📈 已处理 1800/2183 只股票，成功 1779 只
2025-08-31 11:09:33,052 - INFO - 📈 已处理603188 亚邦股份 
2025-08-31 11:09:34,456 - INFO - 📈 已处理603189 网达软件 
2025-08-31 11:09:36,028 - INFO - 📈 已处理603190 亚通精工 
2025-08-31 11:09:37,975 - INFO - 📈 已处理603191 望变电气 
2025-08-31 11:09:39,915 - INFO - 📈 已处理603192 汇得科技 
2025-08-31 11:09:41,520 - INFO - 📈 已处理603193 润本股份 
2025-08-31 11:09:43,568 - INFO - 📈 已处理603194 中力股份 
2025-08-31 11:09:45,143 - INFO - 📈 已处理603195 公牛集团 
2025-08-31 11:09:46,543 - INFO - 📈 已处理603196 日播时尚 
2025-08-31 11:09:47,999 - INFO - 📈 已处理603197 保隆科技 
2025-08-31 11:09:49,818 - INFO - 📈 已处理603198 迎驾贡酒 
2025-08-31 11:09:51,580 - INFO - 📈 已处理603199 九华旅游 
2025-08-31 11:09:53,163 - INFO - 📈 已处理603200 上海洗霸 
2025-08-31 11:09:57,328 - INFO - 📈 已处理603201 常润股份 
2025-08-31 11:09:59,198 - INFO - 📈 已处理603202 天有为 
2025-08-31 11:10:03,054 - INFO - 📈 已处理603203 快克智能 
2025-08-31 11:10:04,611 - INFO - 📈 已处理603205 健尔康 
2025-08-31 11:10:06,435 - INFO - 📈 已处理603206 嘉环科技 
2025-08-31 11:10:09,325 - INFO - 📈 已处理603207 小方制药 
2025-08-31 11:10:11,228 - INFO - 📈 已处理603208 江山欧派 
2025-08-31 11:10:13,192 - INFO - 📈 已处理603209 兴通股份 
2025-08-31 11:10:15,236 - INFO - 📈 已处理603210 泰鸿万立 
2025-08-31 11:10:18,160 - INFO - 📈 已处理603211 晋拓股份 
2025-08-31 11:10:20,111 - INFO - 📈 已处理603212 赛伍技术 
2025-08-31 11:10:23,633 - INFO - 📈 已处理603214 爱婴室 
2025-08-31 11:10:25,636 - INFO - 📈 已处理603215 比依股份 
2025-08-31 11:10:27,115 - INFO - 📈 已处理603216 梦天家居 
2025-08-31 11:10:29,675 - INFO - 📈 已处理603217 元利科技 
2025-08-31 11:10:31,203 - INFO - 📈 已处理603218 日月股份 
2025-08-31 11:10:36,718 - INFO - 📈 已处理603219 富佳股份 
2025-08-31 11:10:38,660 - INFO - 📈 已处理603220 中贝通信 
2025-08-31 11:10:40,197 - INFO - 📈 已处理603221 爱丽家居 
2025-08-31 11:10:41,712 - INFO - 📈 已处理603222 济民健康 
2025-08-31 11:10:43,764 - INFO - 📈 已处理603223 恒通股份 
2025-08-31 11:10:45,384 - INFO - 📈 已处理603225 新凤鸣 
2025-08-31 11:10:47,877 - INFO - 📈 已处理603226 菲林格尔 
2025-08-31 11:10:49,436 - INFO - 📈 已处理603227 雪峰科技 
2025-08-31 11:10:50,966 - INFO - 📈 已处理603228 景旺电子 
2025-08-31 11:10:52,607 - INFO - 📈 已处理603229 奥翔药业 
2025-08-31 11:10:54,759 - INFO - 📈 已处理603230 内蒙新华 
2025-08-31 11:10:59,761 - INFO - 📈 已处理603231 索宝蛋白 
2025-08-31 11:11:01,579 - INFO - 📈 已处理603232 格尔软件 
2025-08-31 11:11:04,127 - INFO - 📈 已处理603233 大参林 
2025-08-31 11:11:05,665 - INFO - 📈 已处理603235 天新药业 
2025-08-31 11:11:07,173 - INFO - 📈 已处理603236 移远通信 
2025-08-31 11:11:08,650 - INFO - 📈 已处理603237 五芳斋 
2025-08-31 11:11:10,059 - INFO - 📈 已处理603238 诺邦股份 
2025-08-31 11:11:11,963 - INFO - 📈 已处理603239 浙江仙通 
2025-08-31 11:11:13,520 - INFO - 📈 已处理603255 鼎际得 
2025-08-31 11:11:17,022 - INFO - 📈 已处理603256 宏和科技 
2025-08-31 11:11:17,023 - INFO - 📈 已处理 1850/2183 只股票，成功 1829 只
2025-08-31 11:11:18,468 - INFO - 📈 已处理603257 中国瑞林 
2025-08-31 11:11:20,950 - INFO - 📈 已处理603258 电魂网络 
2025-08-31 11:11:22,737 - INFO - 📈 已处理603259 药明康德 
2025-08-31 11:11:24,505 - INFO - 📈 已处理603260 合盛硅业 
2025-08-31 11:11:25,977 - INFO - 📈 已处理603261 *ST立航 
2025-08-31 11:11:27,751 - INFO - 📈 已处理603262 技源集团 
2025-08-31 11:11:29,237 - INFO - 📈 已处理603266 天龙股份 
2025-08-31 11:11:30,839 - INFO - 📈 已处理603267 鸿远电子 
2025-08-31 11:11:32,660 - INFO - 📈 已处理603268 *ST松发 
2025-08-31 11:11:34,158 - INFO - 📈 已处理603269 海鸥股份 
2025-08-31 11:11:35,555 - INFO - 📈 已处理603270 金帝股份 
2025-08-31 11:11:36,996 - INFO - 📈 已处理603271 永杰新材 
2025-08-31 11:11:38,502 - INFO - 📈 已处理603272 联翔股份 
2025-08-31 11:11:39,935 - INFO - 📈 已处理603273 天元智能 
2025-08-31 11:11:41,426 - INFO - 📈 已处理603275 众辰科技 
2025-08-31 11:11:42,909 - INFO - 📈 已处理603276 恒兴新材 
2025-08-31 11:11:44,350 - INFO - 📈 已处理603277 银都股份 
2025-08-31 11:11:46,186 - INFO - 📈 已处理603278 大业股份 
2025-08-31 11:11:47,824 - INFO - 📈 已处理603279 景津装备 
2025-08-31 11:11:49,320 - INFO - 📈 已处理603280 南方路机 
2025-08-31 11:11:51,828 - INFO - 📈 已处理603281 江瀚新材 
2025-08-31 11:11:57,854 - WARNING - ⚠️ 603282 亚光股份 K线更新失败: ('Connection aborted.', ConnectionResetError(10054, '远程主机强迫关闭了一个现有的连接。', None, 10054, None))
2025-08-31 11:11:59,356 - INFO - 📈 已处理603283 赛腾股份 
2025-08-31 11:12:01,070 - INFO - 📈 已处理603285 键邦股份 
2025-08-31 11:12:02,555 - INFO - 📈 已处理603286 日盈电子 
2025-08-31 11:12:03,991 - INFO - 📈 已处理603288 海天味业 
2025-08-31 11:12:05,457 - INFO - 📈 已处理603289 泰瑞机器 
2025-08-31 11:12:13,376 - INFO - 📈 已处理603290 斯达半导 
2025-08-31 11:12:14,818 - INFO - 📈 已处理603291 联合水务 
2025-08-31 11:12:16,254 - INFO - 📈 已处理603296 华勤技术 
2025-08-31 11:12:18,791 - INFO - 📈 已处理603297 永新光学 
2025-08-31 11:12:21,683 - INFO - 📈 已处理603298 杭叉集团 
2025-08-31 11:12:23,176 - INFO - 📈 已处理603299 苏盐井神 
2025-08-31 11:12:24,704 - INFO - 📈 已处理603300 海南华铁 
2025-08-31 11:12:26,274 - INFO - 📈 已处理603301 振德医疗 
2025-08-31 11:12:27,745 - INFO - 📈 已处理603303 得邦照明 
2025-08-31 11:12:29,215 - INFO - 📈 已处理603305 旭升集团 
2025-08-31 11:12:30,690 - INFO - 📈 已处理603306 华懋科技 
2025-08-31 11:12:32,528 - INFO - 📈 已处理603307 扬州金泉 
2025-08-31 11:12:34,013 - INFO - 📈 已处理603308 应流股份 
2025-08-31 11:12:35,442 - INFO - 📈 已处理603309 维力医疗 
2025-08-31 11:12:36,875 - INFO - 📈 已处理603310 巍华新材 
2025-08-31 11:12:38,365 - INFO - 📈 已处理603311 金海高科 
2025-08-31 11:12:40,913 - INFO - 📈 已处理603312 西典新能 
2025-08-31 11:12:42,823 - INFO - 📈 已处理603313 梦百合 
2025-08-31 11:12:44,345 - INFO - 📈 已处理603315 福鞍股份 
2025-08-31 11:12:45,800 - INFO - 📈 已处理603316 诚邦股份 
2025-08-31 11:12:47,357 - INFO - 📈 已处理603317 天味食品 
2025-08-31 11:12:49,132 - INFO - 📈 已处理603318 水发燃气 
2025-08-31 11:12:50,517 - INFO - 📈 已处理603319 美湖股份 
2025-08-31 11:12:50,517 - INFO - 📈 已处理 1900/2183 只股票，成功 1878 只
2025-08-31 11:12:52,013 - INFO - 📈 已处理603320 迪贝电气 
2025-08-31 11:12:53,509 - INFO - 📈 已处理603321 梅轮电梯 
2025-08-31 11:12:55,038 - INFO - 📈 已处理603322 超讯通信 
2025-08-31 11:12:56,423 - INFO - 📈 已处理603323 苏农银行 
2025-08-31 11:12:57,844 - INFO - 📈 已处理603324 盛剑科技 
2025-08-31 11:12:59,625 - INFO - 📈 已处理603325 博隆技术 
2025-08-31 11:13:01,191 - INFO - 📈 已处理603326 我乐家居 
2025-08-31 11:13:02,915 - INFO - 📈 已处理603327 福蓉科技 
2025-08-31 11:13:04,392 - INFO - 📈 已处理603328 依顿电子 
2025-08-31 11:13:05,846 - INFO - 📈 已处理603329 上海雅仕 
2025-08-31 11:13:07,345 - INFO - 📈 已处理603330 天洋新材 
2025-08-31 11:13:08,831 - INFO - 📈 已处理603331 百达精工 
2025-08-31 11:13:10,548 - INFO - 📈 已处理603332 苏州龙杰 
2025-08-31 11:13:12,251 - INFO - 📈 已处理603333 尚纬股份 
2025-08-31 11:13:17,296 - INFO - 📈 已处理603335 迪生力 
2025-08-31 11:13:18,808 - INFO - 📈 已处理603336 宏辉果蔬 
2025-08-31 11:13:20,317 - INFO - 📈 已处理603337 杰克股份 
2025-08-31 11:13:21,722 - INFO - 📈 已处理603338 浙江鼎力 
2025-08-31 11:13:24,183 - INFO - 📈 已处理603339 四方科技 
2025-08-31 11:13:25,670 - INFO - 📈 已处理603341 龙旗科技 
2025-08-31 11:13:27,148 - INFO - 📈 已处理603344 星德胜 
2025-08-31 11:13:28,549 - INFO - 📈 已处理603345 安井食品 
2025-08-31 11:13:30,035 - INFO - 📈 已处理603348 文灿股份 
2025-08-31 11:13:31,424 - INFO - 📈 已处理603350 安乃达 
2025-08-31 11:13:32,903 - INFO - 📈 已处理603351 威尔药业 
2025-08-31 11:13:34,301 - INFO - 📈 已处理603353 和顺石油 
2025-08-31 11:13:35,841 - INFO - 📈 已处理603355 莱克电气 
2025-08-31 11:13:37,333 - INFO - 📈 已处理603356 华菱精工 
2025-08-31 11:13:38,835 - INFO - 📈 已处理603357 设计总院 
2025-08-31 11:13:40,310 - INFO - 📈 已处理603358 华达科技 
2025-08-31 11:13:41,746 - INFO - 📈 已处理603359 东珠生态 
2025-08-31 11:13:43,522 - INFO - 📈 已处理603360 百傲化学 
2025-08-31 11:13:45,220 - INFO - 📈 已处理603363 傲农生物 
2025-08-31 11:13:46,638 - INFO - 📈 已处理603365 水星家纺 
2025-08-31 11:13:48,034 - INFO - 📈 已处理603366 日出东方 
2025-08-31 11:13:49,428 - INFO - 📈 已处理603367 辰欣药业 
2025-08-31 11:13:50,845 - INFO - 📈 已处理603368 柳药集团 
2025-08-31 11:13:52,499 - INFO - 📈 已处理603369 今世缘 
2025-08-31 11:13:58,520 - WARNING - ⚠️ 603373 安邦护卫 K线更新失败: ('Connection aborted.', ConnectionResetError(10054, '远程主机强迫关闭了一个现有的连接。', None, 10054, None))
2025-08-31 11:14:00,092 - INFO - 📈 已处理603375 盛景微 
2025-08-31 11:14:01,579 - INFO - 📈 已处理603377 ST东时 
2025-08-31 11:14:03,131 - INFO - 📈 已处理603378 亚士创能 
2025-08-31 11:14:04,623 - INFO - 📈 已处理603379 三美股份 
2025-08-31 11:14:06,098 - INFO - 📈 已处理603380 易德龙 
2025-08-31 11:14:07,587 - INFO - 📈 已处理603381 永臻股份 
2025-08-31 11:14:09,160 - INFO - 📈 已处理603382 海阳科技 
2025-08-31 11:14:10,738 - INFO - 📈 已处理603383 顶点软件 
2025-08-31 11:14:13,160 - INFO - 📈 已处理603385 惠达卫浴 
2025-08-31 11:14:14,721 - INFO - 📈 已处理603386 骏亚科技 
2025-08-31 11:14:16,579 - INFO - 📈 已处理603387 基蛋生物 
2025-08-31 11:14:16,579 - INFO - 📈 已处理 1950/2183 只股票，成功 1927 只
2025-08-31 11:14:18,014 - INFO - 📈 已处理603388 *ST元成 
2025-08-31 11:14:19,605 - INFO - 📈 已处理603389 *ST亚振 
2025-08-31 11:14:21,020 - INFO - 📈 已处理603390 通达电气 
2025-08-31 11:14:22,437 - INFO - 📈 已处理603391 力聚热能 
2025-08-31 11:14:23,996 - INFO - 📈 已处理603392 万泰生物 
2025-08-31 11:14:25,504 - INFO - 📈 已处理603393 新天然气 
2025-08-31 11:14:27,019 - INFO - 📈 已处理603395 红四方 
2025-08-31 11:14:28,924 - INFO - 📈 已处理603396 金辰股份 
2025-08-31 11:14:30,346 - INFO - 📈 已处理603398 *ST沐邦 
2025-08-31 11:14:31,765 - INFO - 📈 已处理603399 永杉锂业 
2025-08-31 11:14:33,266 - INFO - 📈 已处理603400 华之杰 
2025-08-31 11:14:35,066 - INFO - 📈 已处理603406 天富龙 
2025-08-31 11:14:36,570 - INFO - 📈 已处理603408 建霖家居 
2025-08-31 11:14:38,068 - INFO - 📈 已处理603409 汇通控股 
2025-08-31 11:14:39,521 - INFO - 📈 已处理603416 信捷电气 
2025-08-31 11:14:40,920 - INFO - 📈 已处理603421 鼎信通讯 
2025-08-31 11:14:42,886 - INFO - 📈 已处理603429 集友股份 
2025-08-31 11:14:44,390 - INFO - 📈 已处理603439 贵州三力 
2025-08-31 11:14:45,891 - INFO - 📈 已处理603444 吉比特 
2025-08-31 11:14:47,396 - INFO - 📈 已处理603456 九洲药业 
2025-08-31 11:14:48,887 - INFO - 📈 已处理603458 勘设股份 
2025-08-31 11:14:50,397 - INFO - 📈 已处理603466 风语筑 
2025-08-31 11:14:51,848 - INFO - 📈 已处理603477 巨星农牧 
2025-08-31 11:14:54,569 - INFO - 📈 已处理603486 科沃斯 
2025-08-31 11:14:56,079 - INFO - 📈 已处理603488 展鹏科技 
2025-08-31 11:14:58,604 - INFO - 📈 已处理603489 八方股份 
2025-08-31 11:15:00,101 - INFO - 📈 已处理603496 恒为科技 
2025-08-31 11:15:01,566 - INFO - 📈 已处理603499 翔港科技 
2025-08-31 11:15:03,233 - INFO - 📈 已处理603500 祥和实业 
2025-08-31 11:15:05,621 - INFO - 📈 已处理603501 豪威集团 
2025-08-31 11:15:07,108 - INFO - 📈 已处理603505 金石资源 
2025-08-31 11:15:09,948 - INFO - 📈 已处理603506 南都物业 
2025-08-31 11:15:11,439 - INFO - 📈 已处理603507 振江股份 
2025-08-31 11:15:13,022 - INFO - 📈 已处理603508 思维列控 
2025-08-31 11:15:14,821 - INFO - 📈 已处理603511 爱慕股份 
2025-08-31 11:15:16,338 - INFO - 📈 已处理603515 欧普照明 
2025-08-31 11:15:18,228 - INFO - 📈 已处理603516 淳中科技 
2025-08-31 11:15:19,880 - INFO - 📈 已处理603517 绝味食品 
2025-08-31 11:15:21,694 - INFO - 📈 已处理603518 锦泓集团 
2025-08-31 11:15:23,215 - INFO - 📈 已处理603519 立霸股份 
2025-08-31 11:15:24,958 - INFO - 📈 已处理603520 司太立 
2025-08-31 11:15:27,998 - INFO - 📈 已处理603527 众源新材 
2025-08-31 11:15:29,564 - INFO - 📈 已处理603528 多伦科技 
2025-08-31 11:15:31,084 - INFO - 📈 已处理603529 爱玛科技 
2025-08-31 11:15:32,591 - INFO - 📈 已处理603530 神马电力 
2025-08-31 11:15:35,137 - INFO - 📈 已处理603533 掌阅科技 
2025-08-31 11:15:37,749 - INFO - 📈 已处理603535 嘉诚国际 
2025-08-31 11:15:39,244 - INFO - 📈 已处理603536 惠发食品 
2025-08-31 11:15:40,747 - INFO - 📈 已处理603538 美诺华 
2025-08-31 11:15:43,368 - INFO - 📈 已处理603551 奥普科技 
2025-08-31 11:15:43,368 - INFO - 📈 已处理 2000/2183 只股票，成功 1977 只
2025-08-31 11:15:44,877 - INFO - 📈 已处理603556 海兴电力 
2025-08-31 11:15:47,636 - INFO - 📈 已处理603557 ST起步 
2025-08-31 11:15:49,543 - INFO - 📈 已处理603558 健盛集团 
2025-08-31 11:15:51,048 - INFO - 📈 已处理603559 ST通脉 
2025-08-31 11:15:52,569 - INFO - 📈 已处理603565 中谷物流 
2025-08-31 11:15:54,063 - INFO - 📈 已处理603566 普莱柯 
2025-08-31 11:15:56,002 - INFO - 📈 已处理603567 珍宝岛 
2025-08-31 11:15:58,553 - INFO - 📈 已处理603568 伟明环保 
2025-08-31 11:16:00,483 - INFO - 📈 已处理603569 长久物流 
2025-08-31 11:16:02,379 - INFO - 📈 已处理603577 汇金通 
2025-08-31 11:16:04,163 - INFO - 📈 已处理603578 三星新材 
2025-08-31 11:16:06,501 - INFO - 📈 已处理603579 荣泰健康 
2025-08-31 11:16:08,133 - INFO - 📈 已处理603580 *ST艾艾 
2025-08-31 11:16:09,639 - INFO - 📈 已处理603583 捷昌驱动 
2025-08-31 11:16:11,318 - INFO - 📈 已处理603585 苏利股份 
2025-08-31 11:16:12,803 - INFO - 📈 已处理603586 金麒麟 
2025-08-31 11:16:14,240 - INFO - 📈 已处理603587 地素时尚 
2025-08-31 11:16:16,086 - INFO - 📈 已处理603588 高能环境 
2025-08-31 11:16:17,536 - INFO - 📈 已处理603589 口子窖 
2025-08-31 11:16:18,936 - INFO - 📈 已处理603590 康辰药业 
2025-08-31 11:16:20,374 - INFO - 📈 已处理603595 东尼电子 
2025-08-31 11:16:21,951 - INFO - 📈 已处理603596 伯特利 
2025-08-31 11:16:23,460 - INFO - 📈 已处理603598 引力传媒 
2025-08-31 11:16:25,640 - INFO - 📈 已处理603599 广信股份 
2025-08-31 11:16:27,130 - INFO - 📈 已处理603600 永艺股份 
2025-08-31 11:16:28,564 - INFO - 📈 已处理603601 再升科技 
2025-08-31 11:16:29,967 - INFO - 📈 已处理603602 纵横通信 
2025-08-31 11:16:31,458 - INFO - 📈 已处理603605 珀莱雅 
2025-08-31 11:16:32,906 - INFO - 📈 已处理603606 东方电缆 
2025-08-31 11:16:34,605 - INFO - 📈 已处理603607 京华激光 
2025-08-31 11:16:36,452 - INFO - 📈 已处理603608 天创时尚 
2025-08-31 11:16:37,896 - INFO - 📈 已处理603609 禾丰股份 
2025-08-31 11:16:39,360 - INFO - 📈 已处理603610 麒盛科技 
2025-08-31 11:16:41,200 - INFO - 📈 已处理603611 诺力股份 
2025-08-31 11:16:42,605 - INFO - 📈 已处理603612 索通发展 
2025-08-31 11:16:44,111 - INFO - 📈 已处理603613 国联股份 
2025-08-31 11:16:45,624 - INFO - 📈 已处理603615 茶花股份 
2025-08-31 11:16:47,079 - INFO - 📈 已处理603616 韩建河山 
2025-08-31 11:16:48,607 - INFO - 📈 已处理603617 君禾股份 
2025-08-31 11:16:50,101 - INFO - 📈 已处理603618 杭电股份 
2025-08-31 11:16:52,357 - INFO - 📈 已处理603619 中曼石油 
2025-08-31 11:16:53,912 - INFO - 📈 已处理603626 科森科技 
2025-08-31 11:16:55,363 - INFO - 📈 已处理603628 清源股份 
2025-08-31 11:16:56,788 - INFO - 📈 已处理603629 利通电子 
2025-08-31 11:16:58,246 - INFO - 📈 已处理603630 拉芳家化 
2025-08-31 11:17:00,128 - INFO - 📈 已处理603633 徕木股份 
2025-08-31 11:17:02,101 - INFO - 📈 已处理603636 南威软件 
2025-08-31 11:17:03,681 - INFO - 📈 已处理603637 镇海股份 
2025-08-31 11:17:05,741 - INFO - 📈 已处理603638 艾迪精密 
2025-08-31 11:17:07,282 - INFO - 📈 已处理603639 海利尔 
2025-08-31 11:17:07,283 - INFO - 📈 已处理 2050/2183 只股票，成功 2027 只
2025-08-31 11:17:08,914 - INFO - 📈 已处理603648 畅联股份 
2025-08-31 11:17:10,574 - INFO - 📈 已处理603650 彤程新材 
2025-08-31 11:17:12,101 - INFO - 📈 已处理603655 朗博科技 
2025-08-31 11:17:13,684 - INFO - 📈 已处理603656 泰禾智能 
2025-08-31 11:17:15,194 - INFO - 📈 已处理603657 春光科技 
2025-08-31 11:17:16,699 - INFO - 📈 已处理603658 安图生物 
2025-08-31 11:17:18,097 - INFO - 📈 已处理603659 璞泰来 
2025-08-31 11:17:19,552 - INFO - 📈 已处理603660 苏州科达 
2025-08-31 11:17:21,083 - INFO - 📈 已处理603661 恒林股份 
2025-08-31 11:17:22,824 - INFO - 📈 已处理603662 柯力传感 
2025-08-31 11:17:24,260 - INFO - 📈 已处理603663 三祥新材 
2025-08-31 11:17:25,759 - INFO - 📈 已处理603665 康隆达 
2025-08-31 11:17:27,177 - INFO - 📈 已处理603666 亿嘉和 
2025-08-31 11:17:28,912 - INFO - 📈 已处理603667 五洲新春 
2025-08-31 11:17:30,323 - INFO - 📈 已处理603668 天马科技 
2025-08-31 11:17:32,166 - INFO - 📈 已处理603669 灵康药业 
2025-08-31 11:17:33,956 - INFO - 📈 已处理603676 卫信康 
2025-08-31 11:17:35,633 - INFO - 📈 已处理603677 奇精机械 
2025-08-31 11:17:37,052 - INFO - 📈 已处理603678 火炬电子 
2025-08-31 11:17:38,631 - INFO - 📈 已处理603679 华体科技 
2025-08-31 11:17:40,218 - INFO - 📈 已处理603680 今创集团 
2025-08-31 11:17:42,130 - INFO - 📈 已处理603681 永冠新材 
2025-08-31 11:17:43,733 - INFO - 📈 已处理603682 锦和商管 
2025-08-31 11:17:45,616 - INFO - 📈 已处理603683 晶华新材 
2025-08-31 11:17:47,016 - INFO - 📈 已处理603685 晨丰科技 
2025-08-31 11:17:48,517 - INFO - 📈 已处理603686 福龙马 
2025-08-31 11:17:49,936 - INFO - 📈 已处理603687 大胜达 
2025-08-31 11:17:51,426 - INFO - 📈 已处理603688 石英股份 
2025-08-31 11:17:53,008 - INFO - 📈 已处理603689 皖天然气 
2025-08-31 11:17:54,938 - INFO - 📈 已处理603690 至纯科技 
2025-08-31 11:17:56,800 - INFO - 📈 已处理603693 江苏新能 
2025-08-31 11:17:58,296 - INFO - 📈 已处理603696 安记食品 
2025-08-31 11:17:59,817 - INFO - 📈 已处理603697 有友食品 
2025-08-31 11:18:01,286 - INFO - 📈 已处理603698 航天工程 
2025-08-31 11:18:02,809 - INFO - 📈 已处理603699 纽威股份 
2025-08-31 11:18:04,423 - INFO - 📈 已处理603700 宁水集团 
2025-08-31 11:18:06,791 - INFO - 📈 已处理603701 德宏股份 
2025-08-31 11:18:08,541 - INFO - 📈 已处理603703 盛洋科技 
2025-08-31 11:18:10,075 - INFO - 📈 已处理603706 东方环宇 
2025-08-31 11:18:12,173 - INFO - 📈 已处理603707 健友股份 
2025-08-31 11:18:16,152 - INFO - 📈 已处理603708 家家悦 
2025-08-31 11:18:17,719 - INFO - 📈 已处理603709 中源家居 
2025-08-31 11:18:19,318 - INFO - 📈 已处理603711 香飘飘 
2025-08-31 11:18:20,901 - INFO - 📈 已处理603712 七一二 
2025-08-31 11:18:24,487 - INFO - 📈 已处理603713 密尔克卫 
2025-08-31 11:18:28,622 - INFO - 📈 已处理603716 塞力医疗 
2025-08-31 11:18:30,099 - INFO - 📈 已处理603717 天域生物 
2025-08-31 11:18:36,115 - INFO - 数据库连接已关闭
2025-08-31 13:38:51,157 - INFO - 🌟 每周数据更新程序启动
2025-08-31 13:38:51,157 - INFO - 🚀 开始每周数据更新...
2025-08-31 13:38:51,157 - INFO - ============================================================
2025-08-31 13:38:51,211 - INFO - ✅ 成功连接到MySQL数据库
2025-08-31 13:38:51,211 - INFO - 📊 开始更新近7个自然日K线数据）...
2025-08-31 13:38:51,894 - INFO - 📊 准备更新 112 只股票的近7个自然日K线数据
2025-08-31 13:38:54,656 - INFO - 📈 已处理002633 申科股份 
2025-08-31 13:38:57,810 - INFO - 📈 已处理300829 金丹科技 
2025-08-31 13:39:01,498 - INFO - 📈 已处理300889 爱克股份 
2025-08-31 13:39:04,858 - INFO - 📈 已处理300915 海融科技 
2025-08-31 13:39:16,753 - INFO - 📈 已处理301040 中环海陆 
2025-08-31 13:40:21,144 - WARNING - ⚠️ 301307 美利信 K线更新失败: HTTPSConnectionPool(host='push2his.eastmoney.com', port=443): Max retries exceeded with url: /api/qt/stock/kline/get?fields1=f1%2Cf2%2Cf3%2Cf4%2Cf5%2Cf6&fields2=f51%2Cf52%2Cf53%2Cf54%2Cf55%2Cf56%2Cf57%2Cf58%2Cf59%2Cf60%2Cf61%2Cf116&ut=7eea3edcaed734bea9cbfc24409ed989&klt=101&fqt=1&secid=0.301307&beg=20250824&end=20250831 (Caused by ProxyError('Unable to connect to proxy', RemoteDisconnected('Remote end closed connection without response')))
2025-08-31 13:40:24,877 - INFO - 📈 已处理301310 鑫宏业 
2025-08-31 13:40:26,439 - INFO - 📈 已处理301311 昆船智能 
2025-08-31 13:40:29,055 - INFO - 📈 已处理301551 无线传媒 
2025-08-31 13:40:34,613 - INFO - 📈 已处理600056 中国医药 
2025-08-31 13:40:36,792 - INFO - 📈 已处理600135 乐凯胶片 
2025-08-31 13:40:38,946 - INFO - 📈 已处理600307 酒钢宏兴 
2025-08-31 13:40:46,815 - INFO - 📈 已处理600359 新农开发 
2025-08-31 13:40:49,868 - INFO - 📈 已处理600439 瑞贝卡 
2025-08-31 13:40:53,895 - INFO - 📈 已处理600610 中毅达 
2025-08-31 13:41:00,951 - INFO - 📈 已处理600641 万业企业 
2025-08-31 13:41:14,241 - INFO - 📈 已处理600683 京投发展 
2025-08-31 13:41:40,657 - INFO - 📈 已处理600728 佳都科技 
2025-08-31 13:41:44,690 - INFO - 📈 已处理600737 中粮糖业 
2025-08-31 13:42:13,116 - INFO - 📈 已处理600760 中航沈飞 
2025-08-31 13:42:32,705 - INFO - 📈 已处理600765 中航重机 
2025-08-31 13:42:41,642 - INFO - 📈 已处理601118 海南橡胶 
2025-08-31 13:42:56,455 - INFO - 📈 已处理603130 云中马 
2025-08-31 13:43:01,819 - INFO - 📈 已处理603282 亚光股份 
2025-08-31 13:43:04,736 - INFO - 📈 已处理603359 东珠生态 
2025-08-31 13:43:14,927 - INFO - 📈 已处理603373 安邦护卫 
2025-08-31 13:43:21,171 - INFO - 📈 已处理603718 海利生物 
2025-08-31 13:43:26,671 - INFO - 📈 已处理603719 良品铺子 
2025-08-31 13:43:34,218 - INFO - 📈 已处理603721 *ST天择 
2025-08-31 13:43:36,484 - INFO - 📈 已处理603722 阿科力 
2025-08-31 13:43:52,248 - INFO - 📈 已处理603725 天安新材 
2025-08-31 13:43:53,992 - INFO - 📈 已处理603726 朗迪集团 
2025-08-31 13:43:55,497 - INFO - 📈 已处理603727 博迈科 
2025-08-31 13:43:56,919 - INFO - 📈 已处理603728 鸣志电器 
2025-08-31 13:43:58,267 - INFO - 📈 已处理603729 龙韵股份 
2025-08-31 13:43:59,988 - INFO - 📈 已处理603730 岱美股份 
2025-08-31 13:44:01,996 - INFO - 📈 已处理603733 仙鹤股份 
2025-08-31 13:44:03,815 - INFO - 📈 已处理603737 三棵树 
2025-08-31 13:44:05,666 - INFO - 📈 已处理603738 泰晶科技 
2025-08-31 13:44:07,079 - INFO - 📈 已处理603739 蔚蓝生物 
2025-08-31 13:44:08,414 - INFO - 📈 已处理603755 日辰股份 
2025-08-31 13:44:09,916 - INFO - 📈 已处理603757 大元泵业 
2025-08-31 13:44:12,177 - INFO - 📈 已处理603758 秦安股份 
2025-08-31 13:44:13,517 - INFO - 📈 已处理603759 海天股份 
2025-08-31 13:44:14,888 - INFO - 📈 已处理603766 隆鑫通用 
2025-08-31 13:44:16,353 - INFO - 📈 已处理603767 中马传动 
2025-08-31 13:44:20,689 - INFO - 📈 已处理603768 常青股份 
2025-08-31 13:44:22,078 - INFO - 📈 已处理603773 沃格光电 
2025-08-31 13:44:23,737 - INFO - 📈 已处理603776 永安行 
2025-08-31 13:44:25,131 - INFO - 📈 已处理603777 来伊份 
2025-08-31 13:44:25,131 - INFO - 📈 已处理 50/112 只股票，成功 49 只
2025-08-31 13:44:26,495 - INFO - 📈 已处理603778 国晟科技 
2025-08-31 13:44:29,257 - INFO - 📈 已处理603779 威龙股份 
2025-08-31 13:44:30,612 - INFO - 📈 已处理603786 科博达 
2025-08-31 13:44:32,007 - INFO - 📈 已处理603787 新日股份 
2025-08-31 13:44:33,330 - INFO - 📈 已处理603788 宁波高发 
2025-08-31 13:44:35,383 - INFO - 📈 已处理603789 *ST星农 
2025-08-31 13:44:37,520 - INFO - 📈 已处理603790 雅运股份 
2025-08-31 13:44:39,011 - INFO - 📈 已处理603797 联泰环保 
2025-08-31 13:44:40,405 - INFO - 📈 已处理603798 康普顿 
2025-08-31 13:44:42,777 - INFO - 📈 已处理603799 华友钴业 
2025-08-31 13:44:44,603 - INFO - 📈 已处理603800 洪田股份 
2025-08-31 13:44:46,200 - INFO - 📈 已处理603801 志邦家居 
2025-08-31 13:44:47,609 - INFO - 📈 已处理603803 瑞斯康达 
2025-08-31 13:44:48,976 - INFO - 📈 已处理603806 福斯特 
2025-08-31 13:44:50,357 - INFO - 📈 已处理603808 歌力思 
2025-08-31 13:44:51,730 - INFO - 📈 已处理603809 豪能股份 
2025-08-31 13:44:53,065 - INFO - 📈 已处理603810 丰山集团 
2025-08-31 13:44:54,842 - INFO - 📈 已处理603811 诚意药业 
2025-08-31 13:44:59,090 - INFO - 📈 已处理603813 *ST原尚 
2025-08-31 13:45:09,286 - INFO - 📈 已处理603815 交建股份 
2025-08-31 13:45:13,487 - INFO - 📈 已处理603816 顾家家居 
2025-08-31 13:45:18,778 - INFO - 📈 已处理603817 海峡环保 
2025-08-31 13:46:26,260 - WARNING - ⚠️ 603818 曲美家居 K线更新失败: HTTPSConnectionPool(host='push2his.eastmoney.com', port=443): Max retries exceeded with url: /api/qt/stock/kline/get?fields1=f1%2Cf2%2Cf3%2Cf4%2Cf5%2Cf6&fields2=f51%2Cf52%2Cf53%2Cf54%2Cf55%2Cf56%2Cf57%2Cf58%2Cf59%2Cf60%2Cf61%2Cf116&ut=7eea3edcaed734bea9cbfc24409ed989&klt=101&fqt=1&secid=1.603818&beg=20250824&end=20250831 (Caused by SSLError(SSLEOFError(8, '[SSL: UNEXPECTED_EOF_WHILE_READING] EOF occurred in violation of protocol (_ssl.c:1007)')))
2025-08-31 13:46:28,256 - INFO - 📈 已处理603819 神力股份 
2025-08-31 13:46:29,558 - INFO - 📈 已处理603822 嘉澳环保 
2025-08-31 13:46:30,933 - INFO - 📈 已处理603823 百合花 
2025-08-31 13:46:33,620 - INFO - 📈 已处理603825 ST华扬 
2025-08-31 13:46:34,946 - INFO - 📈 已处理603826 坤彩科技 
2025-08-31 13:46:36,830 - INFO - 📈 已处理603828 ST柯利达 
2025-08-31 13:46:38,189 - INFO - 📈 已处理603829 洛凯股份 
2025-08-31 13:46:41,605 - INFO - 📈 已处理603833 欧派家居 
2025-08-31 13:46:42,920 - INFO - 📈 已处理603836 海程邦达 
2025-08-31 13:46:44,697 - INFO - 📈 已处理603838 *ST四通 
2025-08-31 13:46:46,060 - INFO - 📈 已处理603839 安正时尚 
2025-08-31 13:46:47,422 - INFO - 📈 已处理603843 *ST正平 
2025-08-31 13:46:51,947 - INFO - 📈 已处理603848 好太太 
2025-08-31 13:46:53,305 - INFO - 📈 已处理603855 华荣股份 
2025-08-31 13:46:55,933 - INFO - 📈 已处理603856 东宏股份 
2025-08-31 13:46:57,295 - INFO - 📈 已处理603858 步长制药 
2025-08-31 13:46:58,609 - INFO - 📈 已处理603859 能科科技 
2025-08-31 13:46:59,948 - INFO - 📈 已处理603860 中公高科 
2025-08-31 13:47:01,311 - INFO - 📈 已处理603861 白云电器 
2025-08-31 13:47:03,668 - INFO - 📈 已处理603863 松炀资源 
2025-08-31 13:47:05,289 - INFO - 📈 已处理603866 桃李面包 
2025-08-31 13:47:07,650 - INFO - 📈 已处理603867 新化股份 
2025-08-31 13:47:08,983 - INFO - 📈 已处理603868 飞科电器 
2025-08-31 13:47:10,310 - INFO - 📈 已处理603869 ST智知 
2025-08-31 13:47:11,831 - INFO - 📈 已处理603871 嘉友国际 
2025-08-31 13:47:13,625 - INFO - 📈 已处理603876 鼎胜新材 
2025-08-31 13:47:15,231 - INFO - 📈 已处理603877 太平鸟 
2025-08-31 13:47:15,232 - INFO - 📈 已处理 100/112 只股票，成功 98 只
2025-08-31 13:47:16,567 - INFO - 📈 已处理603878 武进不锈 
2025-08-31 13:47:19,163 - INFO - 📈 已处理603879 永悦科技 
2025-08-31 13:47:20,544 - INFO - 📈 已处理603880 南卫股份 
2025-08-31 13:47:22,438 - INFO - 📈 已处理603881 数据港 
2025-08-31 13:47:24,794 - INFO - 📈 已处理603882 金域医学 
2025-08-31 13:47:26,115 - INFO - 📈 已处理603883 老百姓 
2025-08-31 13:47:27,460 - INFO - 📈 已处理603885 吉祥航空 
2025-08-31 13:47:30,690 - INFO - 📈 已处理688110 东芯股份 
2025-08-31 13:47:32,870 - INFO - 📈 已处理688478 晶升股份 
2025-08-31 13:47:38,028 - INFO - 📈 已处理688521 芯原股份 
2025-08-31 13:47:46,864 - INFO - 📈 已处理839680 *ST广道 
2025-08-31 13:47:46,864 - INFO - ✅ 本周K线更新完成: 109 条记录
2025-08-31 13:47:46,864 - INFO - ============================================================
2025-08-31 13:47:46,864 - INFO - 📊 本周数据更新统计
2025-08-31 13:47:46,864 - INFO - ============================================================
2025-08-31 13:47:46,864 - INFO - ⏱️  更新耗时: 0:08:55.706949
2025-08-31 13:47:46,864 - INFO - 📈 实时行情: 0 条
2025-08-31 13:47:46,864 - INFO - 📊 本周K线: 109 条
2025-08-31 13:47:46,864 - INFO - 📅 交易日历: 0 条
2025-08-31 13:47:46,864 - INFO - ✅ 无错误
2025-08-31 13:47:46,864 - INFO - ============================================================
2025-08-31 13:47:46,880 - INFO - 🎉 本周数据更新完成！
2025-08-31 13:47:46,880 - INFO - 数据库连接已关闭
2025-08-31 13:47:46,880 - INFO - ✅ 每周数据更新成功完成
2025-08-31 13:48:55,558 - INFO - 🌟 每周数据更新程序启动
2025-08-31 13:48:55,558 - INFO - 🚀 开始每周数据更新...
2025-08-31 13:48:55,558 - INFO - ============================================================
2025-08-31 13:48:55,574 - INFO - ✅ 成功连接到MySQL数据库
2025-08-31 13:48:55,575 - INFO - 📊 开始更新近7个自然日K线数据）...
2025-08-31 13:48:55,961 - INFO - 📊 准备更新 10 只股票的近7个自然日K线数据
2025-08-31 13:48:58,371 - INFO - 📈 已处理002633 申科股份 
2025-08-31 13:48:59,714 - INFO - 📈 已处理301040 中环海陆 
2025-08-31 13:49:01,580 - INFO - 📈 已处理301307 美利信 
2025-08-31 13:49:03,155 - INFO - 📈 已处理603359 东珠生态 
2025-08-31 13:49:04,936 - INFO - 📈 已处理603818 曲美家居 
2025-08-31 13:49:06,692 - INFO - 📈 已处理688110 东芯股份 
2025-08-31 13:49:08,934 - INFO - 📈 已处理688478 晶升股份 
2025-08-31 13:49:10,477 - INFO - 📈 已处理688521 芯原股份 
2025-08-31 13:49:17,081 - INFO - 📈 已处理839680 *ST广道 
2025-08-31 13:49:17,081 - INFO - ✅ 本周K线更新完成: 9 条记录
2025-08-31 13:49:17,081 - INFO - ============================================================
2025-08-31 13:49:17,081 - INFO - 📊 本周数据更新统计
2025-08-31 13:49:17,081 - INFO - ============================================================
2025-08-31 13:49:17,081 - INFO - ⏱️  更新耗时: 0:00:21.522875
2025-08-31 13:49:17,082 - INFO - 📈 实时行情: 0 条
2025-08-31 13:49:17,082 - INFO - 📊 本周K线: 9 条
2025-08-31 13:49:17,082 - INFO - 📅 交易日历: 0 条
2025-08-31 13:49:17,082 - INFO - ✅ 无错误
2025-08-31 13:49:17,082 - INFO - ============================================================
2025-08-31 13:49:17,090 - INFO - 🎉 本周数据更新完成！
2025-08-31 13:49:17,090 - INFO - 数据库连接已关闭
2025-08-31 13:49:17,090 - INFO - ✅ 每周数据更新成功完成
2025-08-31 13:49:20,594 - INFO - 🌟 每周数据更新程序启动
2025-08-31 13:49:20,594 - INFO - 🚀 开始每周数据更新...
2025-08-31 13:49:20,594 - INFO - ============================================================
2025-08-31 13:49:20,609 - INFO - ✅ 成功连接到MySQL数据库
2025-08-31 13:49:20,609 - INFO - 📊 开始更新近7个自然日K线数据）...
2025-08-31 13:49:20,856 - INFO - 📊 准备更新 8 只股票的近7个自然日K线数据
2025-08-31 13:49:22,473 - INFO - 📈 已处理002633 申科股份 
2025-08-31 13:49:23,808 - INFO - 📈 已处理301040 中环海陆 
2025-08-31 13:49:25,478 - INFO - 📈 已处理603359 东珠生态 
2025-08-31 13:49:28,699 - INFO - 📈 已处理688110 东芯股份 
2025-08-31 13:49:29,995 - INFO - 📈 已处理688478 晶升股份 
2025-08-31 13:49:31,614 - INFO - 📈 已处理688521 芯原股份 
2025-08-31 13:49:34,327 - INFO - 📈 已处理839680 *ST广道 
2025-08-31 13:49:34,327 - INFO - ✅ 本周K线更新完成: 7 条记录
2025-08-31 13:49:34,327 - INFO - ============================================================
2025-08-31 13:49:34,327 - INFO - 📊 本周数据更新统计
2025-08-31 13:49:34,327 - INFO - ============================================================
2025-08-31 13:49:34,327 - INFO - ⏱️  更新耗时: 0:00:13.732898
2025-08-31 13:49:34,327 - INFO - 📈 实时行情: 0 条
2025-08-31 13:49:34,327 - INFO - 📊 本周K线: 7 条
2025-08-31 13:49:34,327 - INFO - 📅 交易日历: 0 条
2025-08-31 13:49:34,327 - INFO - ✅ 无错误
2025-08-31 13:49:34,327 - INFO - ============================================================
2025-08-31 13:49:34,327 - INFO - 🎉 本周数据更新完成！
2025-08-31 13:49:34,327 - INFO - 数据库连接已关闭
2025-08-31 13:49:34,327 - INFO - ✅ 每周数据更新成功完成
2025-08-31 13:55:27,595 - INFO - 🌟 每周数据更新程序启动
2025-08-31 13:55:27,595 - INFO - 🚀 开始每周数据更新...
2025-08-31 13:55:27,595 - INFO - ============================================================
2025-08-31 13:55:27,595 - INFO - ✅ 成功连接到MySQL数据库
2025-08-31 13:55:27,595 - INFO - 📊 开始更新近7个自然日K线数据）...
2025-08-31 13:55:27,637 - INFO - 📊 准备更新 5743 只股票的近7个自然日K线数据
2025-08-31 13:55:36,715 - INFO - 📈 已处理000001 平安银行 
2025-08-31 13:55:44,513 - INFO - 📈 已处理000002 万科Ａ 
2025-08-31 13:55:49,456 - INFO - 📈 已处理000003 PT金田A 
2025-08-31 13:55:55,934 - INFO - 📈 已处理000004 *ST国华 
2025-08-31 13:56:00,808 - INFO - 📈 已处理000005 ST星源 
2025-08-31 13:56:07,067 - INFO - 📈 已处理000006 深振业Ａ 
2025-08-31 13:56:10,579 - INFO - 📈 已处理000007 全新好 
2025-08-31 13:56:14,784 - INFO - 📈 已处理000008 神州高铁 
2025-08-31 13:56:21,542 - INFO - 📈 已处理000009 中国宝安 
2025-08-31 13:56:25,055 - INFO - 📈 已处理000010 美丽生态 
2025-08-31 13:56:31,659 - INFO - 📈 已处理000011 深物业A 
2025-08-31 13:57:31,481 - INFO - 📈 已处理000012 南玻Ａ 
2025-08-31 13:57:38,714 - INFO - 📈 已处理000013 *ST石化A 
2025-08-31 13:59:48,632 - INFO - 📈 已处理000014 沙河股份 
2025-08-31 14:00:04,927 - INFO - 📈 已处理000015 PT中浩A 
2025-08-31 14:00:24,223 - INFO - 📈 已处理000016 深康佳Ａ 
2025-08-31 14:00:41,454 - INFO - 📈 已处理000017 深中华A 
2025-08-31 14:02:33,079 - WARNING - ⚠️ 000018 神城A退 K线更新失败: ('Connection broken: IncompleteRead(77544 bytes read, 88492 more expected)', IncompleteRead(77544 bytes read, 88492 more expected))
2025-08-31 14:18:49,649 - INFO - 数据库连接已关闭
2025-08-31 14:19:20,151 - INFO - 🌟 每周数据更新程序启动
2025-08-31 14:19:20,152 - INFO - 🚀 开始每周数据更新...
2025-08-31 14:19:20,152 - INFO - ============================================================
2025-08-31 14:19:20,153 - INFO - ✅ 成功连接到MySQL数据库
2025-08-31 14:19:20,153 - INFO - 📊 开始更新近7个自然日K线数据）...
2025-08-31 14:19:20,197 - INFO - 📊 准备更新 5730 只股票的近7个自然日K线数据
2025-08-31 14:19:20,197 - ERROR - ❌ 更新本周K线失败: too many values to unpack (expected 2)
2025-08-31 14:19:20,197 - INFO - ============================================================
2025-08-31 14:19:20,197 - INFO - 📊 本周数据更新统计
2025-08-31 14:19:20,197 - INFO - ============================================================
2025-08-31 14:19:20,197 - INFO - ⏱️  更新耗时: 0:00:00.045499
2025-08-31 14:19:20,197 - INFO - 📈 实时行情: 0 条
2025-08-31 14:19:20,198 - INFO - 📊 本周K线: 0 条
2025-08-31 14:19:20,198 - INFO - 📅 交易日历: 0 条
2025-08-31 14:19:20,198 - INFO - ❌ 错误数量: 1
2025-08-31 14:19:20,198 - INFO -    • 更新本周K线失败: too many values to unpack (expected 2)
2025-08-31 14:19:20,198 - INFO - ============================================================
2025-08-31 14:19:20,208 - INFO - 🎉 本周数据更新完成！
2025-08-31 14:19:20,208 - INFO - 数据库连接已关闭
2025-08-31 14:19:20,209 - INFO - ✅ 每周数据更新成功完成
2025-08-31 14:19:41,539 - INFO - 🌟 每周数据更新程序启动
2025-08-31 14:19:41,539 - INFO - 🚀 开始每周数据更新...
2025-08-31 14:19:41,539 - INFO - ============================================================
2025-08-31 14:19:41,539 - INFO - ✅ 成功连接到MySQL数据库
2025-08-31 14:19:41,539 - INFO - 📊 开始更新近7个自然日K线数据）...
2025-08-31 14:19:41,584 - INFO - 📊 准备更新 5730 只股票的近7个自然日K线数据
2025-08-31 14:21:05,385 - INFO - 数据库连接已关闭
2025-08-31 14:21:27,226 - INFO - 🌟 每周数据更新程序启动
2025-08-31 14:21:27,227 - INFO - 🚀 开始每周数据更新...
2025-08-31 14:21:27,227 - INFO - ============================================================
2025-08-31 14:21:27,231 - INFO - ✅ 成功连接到MySQL数据库
2025-08-31 14:21:27,231 - INFO - 📊 开始更新近7个自然日K线数据）...
2025-08-31 14:21:27,250 - INFO - 📊 准备更新 5730 只股票的近7个自然日K线数据
2025-08-31 14:21:31,180 - WARNING - ⚠️ 000003 PT金田A K线更新失败: (1062, "Duplicate entry '000003-1991-07-03' for key 'stock_market_daily_ex.uk_stock_date'")
2025-08-31 14:21:37,304 - WARNING - ⚠️ 000005 ST星源 K线更新失败: (1062, "Duplicate entry '000005-1991-01-02' for key 'stock_market_daily_ex.uk_stock_date'")
2025-08-31 14:21:39,123 - WARNING - ⚠️ 000013 *ST石化A K线更新失败: (1062, "Duplicate entry '000013-1992-05-06' for key 'stock_market_daily_ex.uk_stock_date'")
2025-08-31 14:21:40,868 - INFO - 数据库连接已关闭
2025-08-31 14:23:17,897 - INFO - 🌟 每周数据更新程序启动
2025-08-31 14:23:17,897 - INFO - 🚀 开始每周数据更新...
2025-08-31 14:23:17,897 - INFO - ============================================================
2025-08-31 14:23:17,897 - INFO - ✅ 成功连接到MySQL数据库
2025-08-31 14:23:17,897 - INFO - 📊 开始更新近7个自然日K线数据）...
2025-08-31 14:23:17,981 - INFO - 📊 准备更新 5726 只股票的近7个自然日K线数据
2025-08-31 14:23:28,097 - INFO - 📈 已处理000018 神城A退 
2025-08-31 14:23:34,113 - INFO - 📈 已处理000019 深粮控股 
2025-08-31 14:23:39,518 - INFO - 📈 已处理000020 深华发Ａ 
2025-08-31 14:23:46,899 - INFO - 📈 已处理000021 深科技 
2025-08-31 14:23:53,288 - INFO - 📈 已处理000023 *ST深天 
2025-08-31 14:23:57,349 - INFO - 📈 已处理000024 招商地产 
2025-08-31 14:24:12,135 - INFO - 📈 已处理000025 特力Ａ 
2025-08-31 14:24:20,484 - INFO - 📈 已处理000026 飞亚达 
2025-08-31 14:24:30,218 - INFO - 📈 已处理000027 深圳能源 
2025-08-31 14:26:57,895 - WARNING - ⚠️ 000028 国药一致 K线更新失败: ('Connection broken: IncompleteRead(49440 bytes read, 155946 more expected)', IncompleteRead(49440 bytes read, 155946 more expected))
2025-08-31 14:27:07,926 - INFO - 📈 已处理000029 深深房Ａ 
2025-08-31 14:27:16,988 - INFO - 📈 已处理000030 富奥股份 
2025-08-31 14:27:32,880 - INFO - 📈 已处理000031 大悦城 
2025-08-31 14:27:41,706 - INFO - 📈 已处理000032 深桑达Ａ 
2025-08-31 14:27:47,178 - INFO - 📈 已处理000033 新都退 
2025-08-31 14:27:52,833 - INFO - 📈 已处理000034 神州数码 
2025-08-31 14:28:02,081 - INFO - 📈 已处理000035 中国天楹 
2025-08-31 14:28:16,287 - INFO - 📈 已处理000036 华联控股 
2025-08-31 14:28:27,103 - INFO - 📈 已处理000037 深南电A 
2025-08-31 14:28:37,952 - INFO - 📈 已处理000038 大通退 
2025-08-31 14:28:44,832 - INFO - 📈 已处理000039 中集集团 
2025-08-31 14:28:54,182 - INFO - 📈 已处理000040 *ST旭蓝 
2025-08-31 14:29:08,607 - INFO - 📈 已处理000042 中洲控股 
2025-08-31 14:58:53,913 - INFO - 数据库连接已关闭
2025-08-31 14:59:12,941 - INFO - 🌟 每周数据更新程序启动
2025-08-31 14:59:12,942 - INFO - 🚀 开始每周数据更新...
2025-08-31 14:59:12,942 - INFO - ============================================================
2025-08-31 14:59:12,948 - INFO - ✅ 成功连接到MySQL数据库
2025-08-31 14:59:12,948 - INFO - 📊 开始更新近7个自然日K线数据）...
2025-08-31 14:59:13,066 - INFO - 📊 准备更新 5704 只股票的近7个自然日K线数据
2025-08-31 15:03:35,802 - INFO - 数据库连接已关闭
2025-08-31 15:03:56,812 - INFO - 🌟 每周数据更新程序启动
2025-08-31 15:03:56,812 - INFO - 🚀 开始每周数据更新...
2025-08-31 15:03:56,813 - INFO - ============================================================
2025-08-31 15:03:56,818 - INFO - ✅ 成功连接到MySQL数据库
2025-08-31 15:03:56,818 - INFO - 📊 开始更新近7个自然日K线数据）...
2025-08-31 15:03:56,937 - INFO - 📊 准备更新 5704 只股票的近7个自然日K线数据
2025-08-31 15:10:27,149 - WARNING - ⚠️ 000028 国药一致 K线更新失败: HTTPSConnectionPool(host='push2his.eastmoney.com', port=443): Max retries exceeded with url: /api/qt/stock/kline/get?fields1=f1%2Cf2%2Cf3%2Cf4%2Cf5%2Cf6&fields2=f51%2Cf52%2Cf53%2Cf54%2Cf55%2Cf56%2Cf57%2Cf58%2Cf59%2Cf60%2Cf61%2Cf116&ut=7eea3edcaed734bea9cbfc24409ed989&klt=101&fqt=0&secid=0.000028&beg=19900101&end=20250831 (Caused by ProxyError('Unable to connect to proxy', RemoteDisconnected('Remote end closed connection without response')))
2025-08-31 15:24:15,687 - WARNING - ⚠️ 000045 深纺织Ａ K线更新失败: ('Connection broken: IncompleteRead(86304 bytes read, 105797 more expected)', IncompleteRead(86304 bytes read, 105797 more expected))
2025-08-31 15:27:49,109 - INFO - 📈 已处理000046 *ST泛海 
2025-08-31 15:27:52,117 - INFO - 📈 已处理000047 ST中侨 
2025-08-31 15:28:02,178 - INFO - 📈 已处理000048 京基智农 
2025-08-31 15:28:14,428 - INFO - 📈 已处理000049 德赛电池 
2025-08-31 15:28:24,065 - INFO - 📈 已处理000050 深天马Ａ 
2025-08-31 15:28:33,236 - INFO - 📈 已处理000055 方大集团 
2025-08-31 15:28:39,285 - INFO - 📈 已处理000056 皇庭国际 
2025-08-31 15:28:50,186 - INFO - 📈 已处理000058 深赛格 
2025-08-31 15:28:56,384 - INFO - 📈 已处理000059 华锦股份 
2025-08-31 15:29:08,048 - INFO - 📈 已处理000060 中金岭南 
2025-08-31 15:29:14,088 - WARNING - ⚠️ 000061 农产品 K线更新失败: ('Connection aborted.', ConnectionResetError(10054, '远程主机强迫关闭了一个现有的连接。', None, 10054, None))
2025-08-31 15:29:23,539 - INFO - 📈 已处理000062 深圳华强 
2025-08-31 15:29:30,183 - INFO - 📈 已处理000063 中兴通讯 
2025-08-31 15:29:37,538 - INFO - 📈 已处理000065 北方国际 
2025-08-31 15:29:58,912 - INFO - 📈 已处理000066 中国长城 
2025-08-31 15:37:09,309 - WARNING - ⚠️ 000068 华控赛格 K线更新失败: ('Connection broken: IncompleteRead(108204 bytes read, 53057 more expected)', IncompleteRead(108204 bytes read, 53057 more expected))
2025-08-31 15:37:18,608 - INFO - 📈 已处理000069 华侨城Ａ 
2025-08-31 15:37:25,448 - INFO - 📈 已处理000070 特发信息 
2025-08-31 15:37:34,558 - INFO - 📈 已处理000078 海王生物 
2025-08-31 15:37:43,974 - INFO - 📈 已处理000088 盐田港 
2025-08-31 15:37:54,538 - INFO - 📈 已处理000089 深圳机场 
2025-08-31 15:38:01,773 - INFO - 📈 已处理000090 天健集团 
2025-08-31 15:38:06,687 - INFO - 📈 已处理000096 广聚能源 
2025-08-31 15:38:16,424 - INFO - 📈 已处理000099 中信海直 
2025-08-31 15:38:27,973 - INFO - 📈 已处理000100 TCL科技 
2025-08-31 15:38:34,338 - INFO - 📈 已处理000150 *ST宜康 
2025-08-31 15:38:38,604 - INFO - 📈 已处理000151 中成股份 
2025-08-31 15:38:44,516 - INFO - 📈 已处理000153 丰原药业 
2025-08-31 15:38:50,379 - INFO - 📈 已处理000155 川能动力 
2025-08-31 15:38:53,531 - INFO - 📈 已处理000156 华数传媒 
2025-08-31 15:38:58,609 - INFO - 📈 已处理000157 中联重科 
2025-08-31 15:39:09,147 - INFO - 📈 已处理000158 常山北明 
2025-08-31 15:39:15,248 - INFO - 📈 已处理000159 国际实业 
2025-08-31 15:39:21,065 - INFO - 📈 已处理000166 申万宏源 
2025-08-31 15:39:29,972 - INFO - 📈 已处理000301 东方盛虹 
2025-08-31 15:39:37,293 - INFO - 📈 已处理000333 美的集团 
2025-08-31 15:39:40,790 - INFO - 📈 已处理000338 潍柴动力 
2025-08-31 15:39:55,765 - INFO - 📈 已处理000400 许继电气 
2025-08-31 15:40:01,769 - INFO - 📈 已处理000401 冀东水泥 
2025-08-31 15:40:07,807 - INFO - 📈 已处理000402 金融街 
2025-08-31 15:40:12,920 - INFO - 📈 已处理000403 派林生物 
2025-08-31 15:40:21,483 - INFO - 📈 已处理000404 长虹华意 
2025-08-31 15:40:27,996 - INFO - 📈 已处理000405 ST鑫光 
2025-08-31 15:40:31,720 - INFO - 📈 已处理000406 石油大明 
2025-08-31 15:40:43,352 - INFO - 📈 已处理000407 胜利股份 
2025-08-31 15:40:50,648 - INFO - 📈 已处理000408 藏格矿业 
2025-08-31 15:40:55,836 - INFO - 📈 已处理000409 云鼎科技 
2025-08-31 15:41:04,750 - INFO - 📈 已处理000410 沈阳机床 
2025-08-31 15:41:04,750 - INFO - 📈 已处理 50/5704 只股票，成功 46 只
2025-08-31 15:41:09,429 - INFO - 📈 已处理000411 英特集团 
2025-08-31 15:41:12,334 - INFO - 📈 已处理000412 ST五环 
2025-08-31 15:41:21,506 - INFO - 📈 已处理000413 ST旭电 
2025-08-31 15:41:27,431 - INFO - 📈 已处理000415 渤海租赁 
2025-08-31 15:41:33,072 - INFO - 📈 已处理000416 *ST民控 
2025-08-31 15:41:37,923 - INFO - 📈 已处理000417 合百集团 
2025-08-31 15:41:42,663 - INFO - 📈 已处理000418 小天鹅A 
2025-08-31 15:41:51,825 - INFO - 📈 已处理000419 通程控股 
2025-08-31 15:42:00,093 - INFO - 📈 已处理000420 吉林化纤 
2025-08-31 15:42:05,078 - INFO - 📈 已处理000421 南京公用 
2025-08-31 15:42:21,585 - INFO - 📈 已处理000422 湖北宜化 
2025-08-31 15:42:26,321 - INFO - 📈 已处理000423 东阿阿胶 
2025-08-31 15:48:33,279 - WARNING - ⚠️ 000425 徐工机械 K线更新失败: ('Connection broken: IncompleteRead(32488 bytes read, 150418 more expected)', IncompleteRead(32488 bytes read, 150418 more expected))
2025-08-31 15:52:11,333 - WARNING - ⚠️ 000426 兴业银锡 K线更新失败: ('Connection broken: IncompleteRead(84844 bytes read, 92110 more expected)', IncompleteRead(84844 bytes read, 92110 more expected))
2025-08-31 15:53:04,599 - INFO - 📈 已处理000428 华天酒店 
2025-08-31 15:53:24,199 - INFO - 📈 已处理000429 粤高速Ａ 
2025-08-31 16:01:48,642 - WARNING - ⚠️ 000430 ST张家界 K线更新失败: ('Connection broken: IncompleteRead(105852 bytes read, 68523 more expected)', IncompleteRead(105852 bytes read, 68523 more expected))
2025-08-31 16:12:34,984 - WARNING - ⚠️ 000488 ST晨鸣 K线更新失败: ('Connection broken: IncompleteRead(129008 bytes read, 26467 more expected)', IncompleteRead(129008 bytes read, 26467 more expected))
2025-08-31 16:12:39,156 - INFO - 📈 已处理000498 山东路桥 
2025-08-31 16:12:44,255 - INFO - 📈 已处理000501 武商集团 
2025-08-31 16:12:49,589 - INFO - 📈 已处理000502 绿景退 
2025-08-31 16:12:54,645 - INFO - 📈 已处理000503 国新健康 
2025-08-31 16:12:58,752 - INFO - 📈 已处理000504 *ST生物 
2025-08-31 16:13:05,301 - INFO - 📈 已处理000505 京粮控股 
2025-08-31 16:13:09,066 - INFO - 📈 已处理000506 招金黄金 
2025-08-31 16:13:12,923 - INFO - 📈 已处理000507 珠海港 
2025-08-31 16:13:20,872 - INFO - 📈 已处理000509 华塑控股 
2025-08-31 16:13:25,107 - INFO - 📈 已处理000510 新金路 
2025-08-31 16:13:28,915 - INFO - 📈 已处理000511 烯碳退 
2025-08-31 16:13:34,022 - INFO - 📈 已处理000513 丽珠集团 
2025-08-31 16:13:38,084 - INFO - 📈 已处理000514 渝开发 
2025-08-31 16:13:46,375 - INFO - 📈 已处理000515 攀渝钛业 
2025-08-31 16:35:48,519 - INFO - 数据库连接已关闭
2025-08-31 16:36:01,956 - INFO - 🌟 每周数据更新程序启动
2025-08-31 16:36:01,956 - INFO - 🚀 开始每周数据更新...
2025-08-31 16:36:01,956 - INFO - ============================================================
2025-08-31 16:36:01,956 - INFO - ✅ 成功连接到MySQL数据库
2025-08-31 16:36:01,956 - INFO - 📊 开始更新近7个自然日K线数据）...
2025-08-31 16:36:02,255 - INFO - 📊 准备更新 5630 只股票的近7个自然日K线数据
2025-08-31 16:36:07,722 - INFO - 📈 已处理000028 国药一致 
2025-08-31 16:36:12,526 - INFO - 📈 已处理000045 深纺织Ａ 
2025-08-31 16:36:16,898 - INFO - 📈 已处理000061 农产品 
2025-08-31 16:36:20,726 - INFO - 📈 已处理000068 华控赛格 
2025-08-31 16:36:30,778 - INFO - 📈 已处理000425 徐工机械 
2025-08-31 16:36:54,834 - INFO - 📈 已处理000426 兴业银锡 
2025-08-31 16:47:23,281 - WARNING - ⚠️ 000430 ST张家界 K线更新失败: ('Connection broken: IncompleteRead(77544 bytes read, 96832 more expected)', IncompleteRead(77544 bytes read, 96832 more expected))
2025-08-31 16:47:26,323 - INFO - 数据库连接已关闭
