2025-09-02 19:45:50,070 - INFO - 🌟 每周数据更新程序启动
2025-09-02 19:45:50,070 - INFO - 🚀 开始每周数据更新...
2025-09-02 19:45:50,070 - INFO - ============================================================
2025-09-02 19:45:50,097 - INFO - ✅ 成功连接到MySQL数据库
2025-09-02 19:45:50,097 - INFO - 📊 开始更新近7个自然日K线数据）...
2025-09-02 19:45:52,845 - INFO - 📊 准备更新 2701 只股票的近7个自然日K线数据
2025-09-02 19:45:57,541 - INFO - 📈 已处理301678 新恒汇 
2025-09-02 19:46:00,396 - INFO - 📈 已处理302132 中航成飞 
2025-09-02 19:46:02,029 - INFO - 📈 已处理430017 星昊医药 
2025-09-02 19:46:04,323 - INFO - 📈 已处理430047 诺思兰德 
2025-09-02 19:46:06,055 - INFO - 📈 已处理430090 同辉信息 
2025-09-02 19:46:07,795 - WARNING - ⚠️ 430139 华岭股份 K线更新失败: (1264, "Out of range value for column 'change_pct' at row 1")
2025-09-02 19:46:09,603 - INFO - 📈 已处理430198 微创光电 
2025-09-02 19:46:11,448 - INFO - 📈 已处理430300 辰光医疗 
2025-09-02 19:46:13,430 - INFO - 📈 已处理430418 苏轴股份 
2025-09-02 19:46:15,005 - INFO - 📈 已处理430425 乐创技术 
2025-09-02 19:46:16,967 - INFO - 📈 已处理430476 海能技术 
2025-09-02 19:46:18,562 - INFO - 📈 已处理430478 峆一药业 
2025-09-02 19:46:20,587 - INFO - 📈 已处理430510 丰光精密 
2025-09-02 19:46:21,902 - WARNING - ⚠️ 430556 雅达股份 K线更新失败: (1264, "Out of range value for column 'change_pct' at row 1")
2025-09-02 19:46:23,472 - INFO - 📈 已处理430564 天润科技 
2025-09-02 19:46:25,033 - INFO - 📈 已处理430685 新芝生物 
2025-09-02 19:46:26,624 - INFO - 📈 已处理430718 合肥高科 
2025-09-02 19:46:30,677 - INFO - 📈 已处理600000 浦发银行 
2025-09-02 19:46:32,794 - INFO - 📈 已处理600001 邯郸钢铁 
2025-09-02 19:46:34,607 - INFO - 📈 已处理600002 齐鲁石化 
2025-09-02 19:46:36,580 - INFO - 📈 已处理600003 ST东北高 
2025-09-02 19:46:39,616 - INFO - 📈 已处理600004 白云机场 
2025-09-02 19:46:42,142 - INFO - 📈 已处理600005 武钢股份 
2025-09-02 19:46:45,570 - INFO - 📈 已处理600006 东风股份 
2025-09-02 19:46:48,869 - INFO - 📈 已处理600007 中国国贸 
2025-09-02 19:46:52,473 - INFO - 📈 已处理600008 首创环保 
2025-09-02 19:46:57,087 - INFO - 📈 已处理600009 上海机场 
2025-09-02 19:47:00,523 - INFO - 📈 已处理600010 包钢股份 
2025-09-02 19:47:04,871 - INFO - 📈 已处理600011 华能国际 
2025-09-02 19:47:08,206 - INFO - 📈 已处理600012 皖通高速 
2025-09-02 19:47:11,265 - INFO - 📈 已处理600015 华夏银行 
2025-09-02 19:47:14,402 - INFO - 📈 已处理600016 民生银行 
2025-09-02 19:47:17,397 - INFO - 📈 已处理600017 日照港 
2025-09-02 19:47:19,992 - INFO - 📈 已处理600018 上港集团 
2025-09-02 19:47:23,335 - INFO - 📈 已处理600019 宝钢股份 
2025-09-02 19:47:26,158 - INFO - 📈 已处理600020 中原高速 
2025-09-02 19:47:29,292 - INFO - 📈 已处理600021 上海电力 
2025-09-02 19:47:32,328 - INFO - 📈 已处理600022 山东钢铁 
2025-09-02 19:47:34,670 - INFO - 📈 已处理600023 浙能电力 
2025-09-02 19:47:36,448 - INFO - 📈 已处理600025 华能水电 
2025-09-02 19:47:40,709 - INFO - 📈 已处理600026 中远海能 
2025-09-02 19:47:43,612 - INFO - 📈 已处理600027 华电国际 
2025-09-02 19:47:47,230 - INFO - 📈 已处理600028 中国石化 
2025-09-02 19:47:51,019 - INFO - 📈 已处理600029 南方航空 
2025-09-02 19:47:54,162 - INFO - 📈 已处理600030 中信证券 
2025-09-02 19:47:57,585 - INFO - 📈 已处理600031 三一重工 
2025-09-02 19:47:59,017 - INFO - 📈 已处理600032 浙江新能 
2025-09-02 19:47:59,017 - INFO - 📈 已处理 50/2701 只股票，成功 45 只
2025-09-02 19:48:02,047 - INFO - 📈 已处理600033 福建高速 
2025-09-02 19:48:04,647 - INFO - 📈 已处理600035 楚天高速 
2025-09-02 19:48:07,510 - INFO - 📈 已处理600036 招商银行 
2025-09-02 19:48:10,589 - INFO - 📈 已处理600037 歌华有线 
2025-09-02 19:48:13,534 - INFO - 📈 已处理600038 中直股份 
2025-09-02 19:48:16,758 - INFO - 📈 已处理600039 四川路桥 
2025-09-02 19:48:19,383 - INFO - 📈 已处理600048 保利发展 
2025-09-02 19:48:22,250 - INFO - 📈 已处理600050 中国联通 
2025-09-02 19:48:25,345 - INFO - 📈 已处理600051 宁波联合 
2025-09-02 19:48:28,499 - INFO - 📈 已处理600052 东望时代 
2025-09-02 19:48:31,502 - INFO - 📈 已处理600053 九鼎投资 
2025-09-02 19:48:34,809 - INFO - 📈 已处理600054 黄山旅游 
2025-09-02 19:48:37,991 - INFO - 📈 已处理600055 万东医疗 
2025-09-02 19:48:41,256 - INFO - 📈 已处理600056 中国医药 
2025-09-02 19:48:44,243 - INFO - 📈 已处理600057 厦门象屿 
2025-09-02 19:48:47,309 - INFO - 📈 已处理600058 五矿发展 
2025-09-02 19:48:50,520 - INFO - 📈 已处理600059 古越龙山 
2025-09-02 19:48:53,667 - INFO - 📈 已处理600060 海信视像 
2025-09-02 19:48:56,926 - INFO - 📈 已处理600061 国投资本 
2025-09-02 19:49:00,057 - INFO - 📈 已处理600062 华润双鹤 
2025-09-02 19:49:03,104 - INFO - 📈 已处理600063 皖维高新 
2025-09-02 19:49:06,229 - INFO - 📈 已处理600064 南京高科 
2025-09-02 19:49:07,993 - INFO - 📈 已处理600065 *ST联谊 
2025-09-02 19:49:11,362 - INFO - 📈 已处理600066 宇通客车 
2025-09-02 19:49:14,458 - INFO - 📈 已处理600067 冠城新材 
2025-09-02 19:49:17,434 - INFO - 📈 已处理600068 葛洲坝 
2025-09-02 19:49:20,279 - INFO - 📈 已处理600069 退市银鸽 
2025-09-02 19:49:23,320 - INFO - 📈 已处理600070 *ST富润 
2025-09-02 19:49:26,514 - INFO - 📈 已处理600071 凤凰光学 
2025-09-02 19:49:29,611 - INFO - 📈 已处理600072 中船科技 
2025-09-02 19:49:32,687 - INFO - 📈 已处理600073 光明肉业 
2025-09-02 19:49:35,227 - INFO - 📈 已处理600074 退市保千 
2025-09-02 19:49:38,313 - INFO - 📈 已处理600075 新疆天业 
2025-09-02 19:49:41,421 - INFO - 📈 已处理600076 康欣新材 
2025-09-02 19:49:44,395 - INFO - 📈 已处理600077 *ST宋都 
2025-09-02 19:49:47,868 - INFO - 📈 已处理600078 澄星股份 
2025-09-02 19:49:50,954 - INFO - 📈 已处理600079 人福医药 
2025-09-02 19:49:54,059 - INFO - 📈 已处理600080 金花股份 
2025-09-02 19:49:57,138 - INFO - 📈 已处理600081 东风科技 
2025-09-02 19:50:00,226 - INFO - 📈 已处理600082 海泰发展 
2025-09-02 19:50:03,124 - INFO - 📈 已处理600083 *ST博信 
2025-09-02 19:50:06,071 - INFO - 📈 已处理600084 中信尼雅 
2025-09-02 19:50:09,201 - INFO - 📈 已处理600085 同仁堂 
2025-09-02 19:50:12,534 - INFO - 📈 已处理600086 退市金钰 
2025-09-02 19:50:14,799 - INFO - 📈 已处理600087 退市长油 
2025-09-02 19:50:17,940 - INFO - 📈 已处理600088 中视传媒 
2025-09-02 19:50:21,001 - INFO - 📈 已处理600089 特变电工 
2025-09-02 19:50:23,857 - INFO - 📈 已处理600090 退市济堂 
2025-09-02 19:50:26,667 - INFO - 📈 已处理600091 退市明科 
2025-09-02 19:50:28,458 - INFO - 📈 已处理600092 S*ST精密 
2025-09-02 19:50:28,458 - INFO - 📈 已处理 100/2701 只股票，成功 95 只
2025-09-02 19:50:31,290 - INFO - 📈 已处理600093 退市易见 
2025-09-02 19:50:34,114 - INFO - 📈 已处理600094 大名城 
2025-09-02 19:50:37,200 - INFO - 📈 已处理600095 湘财股份 
2025-09-02 19:50:40,222 - INFO - 📈 已处理600096 云天化 
2025-09-02 19:50:43,289 - INFO - 📈 已处理600097 开创国际 
2025-09-02 19:50:46,407 - INFO - 📈 已处理600098 广州发展 
2025-09-02 19:50:49,465 - INFO - 📈 已处理600099 林海股份 
2025-09-02 19:50:52,496 - INFO - 📈 已处理600100 同方股份 
2025-09-02 19:50:55,588 - INFO - 📈 已处理600101 明星电力 
2025-09-02 19:50:57,647 - INFO - 📈 已处理600102 莱钢股份 
2025-09-02 19:51:00,698 - INFO - 📈 已处理600103 青山纸业 
2025-09-02 19:51:03,738 - INFO - 📈 已处理600104 上汽集团 
2025-09-02 19:51:06,766 - INFO - 📈 已处理600105 永鼎股份 
2025-09-02 19:51:09,877 - INFO - 📈 已处理600106 重庆路桥 
2025-09-02 19:51:12,905 - INFO - 📈 已处理600107 ST尔雅 
2025-09-02 19:51:16,149 - INFO - 📈 已处理600108 亚盛集团 
2025-09-02 19:51:19,238 - INFO - 📈 已处理600109 国金证券 
2025-09-02 19:51:22,286 - INFO - 📈 已处理600110 诺德股份 
2025-09-02 19:51:25,409 - INFO - 📈 已处理600111 北方稀土 
2025-09-02 19:51:28,412 - INFO - 📈 已处理600112 *ST天成 
2025-09-02 19:51:31,456 - INFO - 📈 已处理600113 浙江东日 
2025-09-02 19:51:34,092 - INFO - 📈 已处理600114 东睦股份 
2025-09-02 19:51:37,351 - INFO - 📈 已处理600115 中国东航 
2025-09-02 19:51:40,548 - INFO - 📈 已处理600116 三峡水利 
2025-09-02 19:51:43,654 - INFO - 📈 已处理600117 西宁特钢 
2025-09-02 19:51:47,060 - INFO - 📈 已处理600118 中国卫星 
2025-09-02 19:51:50,085 - INFO - 📈 已处理600119 长江投资 
2025-09-02 19:51:53,256 - INFO - 📈 已处理600120 浙江东方 
2025-09-02 19:51:56,282 - INFO - 📈 已处理600121 郑州煤电 
2025-09-02 19:51:59,062 - INFO - 📈 已处理600122 *ST宏图 
2025-09-02 19:52:02,029 - INFO - 📈 已处理600123 兰花科创 
2025-09-02 19:52:05,110 - INFO - 📈 已处理600125 铁龙物流 
2025-09-02 19:52:08,141 - INFO - 📈 已处理600126 杭钢股份 
2025-09-02 19:52:11,280 - INFO - 📈 已处理600127 金健米业 
2025-09-02 19:52:14,406 - INFO - 📈 已处理600128 苏豪弘业 
2025-09-02 19:52:17,493 - INFO - 📈 已处理600129 太极集团 
2025-09-02 19:52:20,552 - INFO - 📈 已处理600130 *ST波导 
2025-09-02 19:52:23,601 - INFO - 📈 已处理600131 国网信通 
2025-09-02 19:52:26,739 - INFO - 📈 已处理600132 重庆啤酒 
2025-09-02 19:52:29,779 - INFO - 📈 已处理600133 东湖高新 
2025-09-02 19:52:32,873 - INFO - 📈 已处理600135 乐凯胶片 
2025-09-02 19:52:35,815 - INFO - 📈 已处理600136 ST明诚 
2025-09-02 19:52:38,873 - INFO - 📈 已处理600137 浪莎股份 
2025-09-02 19:52:41,995 - INFO - 📈 已处理600138 中青旅 
2025-09-02 19:52:44,788 - INFO - 📈 已处理600139 *ST西源 
2025-09-02 19:52:47,796 - INFO - 📈 已处理600141 兴发集团 
2025-09-02 19:52:50,483 - INFO - 📈 已处理600143 金发科技 
2025-09-02 19:52:52,846 - INFO - 📈 已处理600145 退市新亿 
2025-09-02 19:52:55,320 - INFO - 📈 已处理600146 退市环球 
2025-09-02 19:52:58,339 - INFO - 📈 已处理600148 长春一东 
2025-09-02 19:52:58,339 - INFO - 📈 已处理 150/2701 只股票，成功 145 只
2025-09-02 19:53:01,260 - INFO - 📈 已处理600149 廊坊发展 
2025-09-02 19:53:04,326 - INFO - 📈 已处理600150 中国船舶 
2025-09-02 19:53:07,333 - INFO - 📈 已处理600151 航天机电 
2025-09-02 19:53:10,390 - INFO - 📈 已处理600152 维科技术 
2025-09-02 19:53:13,386 - INFO - 📈 已处理600153 建发股份 
2025-09-02 19:53:16,262 - INFO - 📈 已处理600155 华创云信 
2025-09-02 19:53:19,270 - INFO - 📈 已处理600156 华升股份 
2025-09-02 19:53:22,213 - INFO - 📈 已处理600157 永泰能源 
2025-09-02 19:53:25,182 - INFO - 📈 已处理600158 中体产业 
2025-09-02 19:53:28,224 - INFO - 📈 已处理600159 大龙地产 
2025-09-02 19:53:31,240 - INFO - 📈 已处理600160 巨化股份 
2025-09-02 19:53:34,509 - INFO - 📈 已处理600161 天坛生物 
2025-09-02 19:53:37,821 - INFO - 📈 已处理600162 香江控股 
2025-09-02 19:53:40,936 - INFO - 📈 已处理600163 中闽能源 
2025-09-02 19:53:43,945 - INFO - 📈 已处理600165 ST宁科 
2025-09-02 19:53:46,946 - INFO - 📈 已处理600166 福田汽车 
2025-09-02 19:53:50,319 - INFO - 📈 已处理600167 联美控股 
2025-09-02 19:53:53,272 - INFO - 📈 已处理600168 武汉控股 
2025-09-02 19:53:56,289 - INFO - 📈 已处理600169 太原重工 
2025-09-02 19:53:59,528 - INFO - 📈 已处理600170 上海建工 
2025-09-02 19:54:02,522 - INFO - 📈 已处理600171 上海贝岭 
2025-09-02 19:54:05,529 - INFO - 📈 已处理600172 黄河旋风 
2025-09-02 19:54:09,731 - INFO - 📈 已处理600173 卧龙新能 
2025-09-02 19:54:12,311 - INFO - 📈 已处理600175 退市美都 
2025-09-02 19:54:15,296 - INFO - 📈 已处理600176 中国巨石 
2025-09-02 19:54:18,374 - INFO - 📈 已处理600177 雅戈尔 
2025-09-02 19:54:21,341 - INFO - 📈 已处理600178 东安动力 
2025-09-02 19:54:24,423 - INFO - 📈 已处理600179 安通控股 
2025-09-02 19:54:27,466 - INFO - 📈 已处理600180 瑞茂通 
2025-09-02 19:54:29,145 - INFO - 📈 已处理600181 S*ST云大 
2025-09-02 19:54:32,008 - INFO - 📈 已处理600182 S佳通 
2025-09-02 19:54:35,214 - INFO - 📈 已处理600183 生益科技 
2025-09-02 19:54:38,035 - INFO - 📈 已处理600184 光电股份 
2025-09-02 19:54:41,013 - INFO - 📈 已处理600185 珠免集团 
2025-09-02 19:54:44,372 - INFO - 📈 已处理600186 莲花控股 
2025-09-02 19:54:47,119 - INFO - 📈 已处理600187 国中水务 
2025-09-02 19:54:50,106 - INFO - 📈 已处理600188 兖矿能源 
2025-09-02 19:54:52,989 - INFO - 📈 已处理600189 泉阳泉 
2025-09-02 19:54:55,911 - INFO - 📈 已处理600190 退市锦港 
2025-09-02 19:54:58,858 - INFO - 📈 已处理600191 华资实业 
2025-09-02 19:55:01,890 - INFO - 📈 已处理600192 长城电工 
2025-09-02 19:55:04,833 - INFO - 📈 已处理600193 *ST创兴 
2025-09-02 19:55:07,948 - INFO - 📈 已处理600195 中牧股份 
2025-09-02 19:55:10,953 - INFO - 📈 已处理600196 复星医药 
2025-09-02 19:55:13,955 - INFO - 📈 已处理600197 伊力特 
2025-09-02 19:55:16,963 - INFO - 📈 已处理600198 大唐电信 
2025-09-02 19:55:19,999 - INFO - 📈 已处理600199 金种子酒 
2025-09-02 19:55:23,034 - INFO - 📈 已处理600200 *ST苏吴 
2025-09-02 19:55:26,072 - INFO - 📈 已处理600201 生物股份 
2025-09-02 19:55:29,007 - INFO - 📈 已处理600202 哈空调 
2025-09-02 19:55:29,007 - INFO - 📈 已处理 200/2701 只股票，成功 195 只
2025-09-02 19:55:31,897 - INFO - 📈 已处理600203 福日电子 
2025-09-02 19:55:33,565 - INFO - 📈 已处理600205 S山东铝 
2025-09-02 19:55:36,544 - INFO - 📈 已处理600206 有研新材 
2025-09-02 19:55:39,487 - INFO - 📈 已处理600207 安彩高科 
2025-09-02 19:55:42,359 - INFO - 📈 已处理600208 衢州发展 
2025-09-02 19:55:44,961 - INFO - 📈 已处理600209 退市罗顿 
2025-09-02 19:55:47,930 - INFO - 📈 已处理600210 紫江企业 
2025-09-02 19:55:50,849 - INFO - 📈 已处理600211 西藏药业 
2025-09-02 19:55:53,675 - INFO - 📈 已处理600212 绿能慧充 
2025-09-02 19:55:56,507 - INFO - 📈 已处理600213 *ST亚星 
2025-09-02 19:55:59,588 - INFO - 📈 已处理600215 派斯林 
2025-09-02 19:56:02,586 - INFO - 📈 已处理600216 浙江医药 
2025-09-02 19:56:05,396 - INFO - 📈 已处理600217 中再资环 
2025-09-02 19:56:08,376 - INFO - 📈 已处理600218 全柴动力 
2025-09-02 19:56:11,314 - INFO - 📈 已处理600219 南山铝业 
2025-09-02 19:56:14,259 - INFO - 📈 已处理600220 ST阳光 
2025-09-02 19:56:17,192 - INFO - 📈 已处理600221 海航控股 
2025-09-02 19:56:20,194 - INFO - 📈 已处理600222 太龙药业 
2025-09-02 19:56:23,094 - INFO - 📈 已处理600223 福瑞达 
2025-09-02 19:56:25,719 - INFO - 📈 已处理600225 退市卓朗 
2025-09-02 19:56:28,506 - INFO - 📈 已处理600226 亨通股份 
2025-09-02 19:56:31,304 - INFO - 📈 已处理600227 赤天化 
2025-09-02 19:56:34,197 - INFO - 📈 已处理600228 *ST返利 
2025-09-02 19:56:37,065 - INFO - 📈 已处理600229 城市传媒 
2025-09-02 19:56:39,923 - INFO - 📈 已处理600230 沧州大化 
2025-09-02 19:56:42,799 - INFO - 📈 已处理600231 凌钢股份 
2025-09-02 19:56:45,609 - INFO - 📈 已处理600232 金鹰股份 
2025-09-02 19:56:48,575 - INFO - 📈 已处理600233 圆通速递 
2025-09-02 19:56:51,423 - INFO - 📈 已处理600234 科新发展 
2025-09-02 19:56:54,373 - INFO - 📈 已处理600235 民丰特纸 
2025-09-02 19:56:57,224 - INFO - 📈 已处理600236 桂冠电力 
2025-09-02 19:57:00,166 - INFO - 📈 已处理600237 铜峰电子 
2025-09-02 19:57:03,047 - INFO - 📈 已处理600238 *ST椰岛 
2025-09-02 19:57:05,867 - INFO - 📈 已处理600239 云南城投 
2025-09-02 19:57:08,326 - INFO - 📈 已处理600240 退市华业 
2025-09-02 19:57:11,087 - INFO - 📈 已处理600241 时代万恒 
2025-09-02 19:57:13,691 - INFO - 📈 已处理600242 退市中昌 
2025-09-02 19:57:16,607 - INFO - 📈 已处理600243 *ST海华 
2025-09-02 19:57:19,557 - INFO - 📈 已处理600246 万通发展 
2025-09-02 19:57:22,022 - INFO - 📈 已处理600247 *ST成城 
2025-09-02 19:57:24,754 - INFO - 📈 已处理600248 陕建股份 
2025-09-02 19:57:27,388 - INFO - 📈 已处理600249 两面针 
2025-09-02 19:57:30,150 - INFO - 📈 已处理600250 南京商旅 
2025-09-02 19:57:32,835 - INFO - 📈 已处理600251 冠农股份 
2025-09-02 19:57:35,635 - INFO - 📈 已处理600252 中恒集团 
2025-09-02 19:57:37,569 - INFO - 📈 已处理600253 天方药业 
2025-09-02 19:57:40,319 - INFO - 📈 已处理600255 鑫科材料 
2025-09-02 19:57:43,142 - INFO - 📈 已处理600256 广汇能源 
2025-09-02 19:57:46,011 - INFO - 📈 已处理600257 大湖股份 
2025-09-02 19:57:48,777 - INFO - 📈 已处理600258 首旅酒店 
2025-09-02 19:57:48,777 - INFO - 📈 已处理 250/2701 只股票，成功 245 只
2025-09-02 19:57:51,509 - INFO - 📈 已处理600259 广晟有色 
2025-09-02 19:57:54,171 - INFO - 📈 已处理600260 *ST凯乐 
2025-09-02 19:57:57,013 - INFO - 📈 已处理600261 阳光照明 
2025-09-02 19:58:00,007 - INFO - 📈 已处理600262 北方股份 
2025-09-02 19:58:01,936 - INFO - 📈 已处理600263 路桥建设 
2025-09-02 19:58:04,859 - INFO - 📈 已处理600265 ST景谷 
2025-09-02 19:58:07,851 - INFO - 📈 已处理600266 城建发展 
2025-09-02 19:58:10,727 - INFO - 📈 已处理600267 海正药业 
2025-09-02 19:58:13,612 - INFO - 📈 已处理600268 国电南自 
2025-09-02 19:58:16,462 - INFO - 📈 已处理600269 赣粤高速 
2025-09-02 19:58:18,999 - INFO - 📈 已处理600270 外运发展 
2025-09-02 19:58:21,682 - INFO - 📈 已处理600271 航天信息 
2025-09-02 19:58:24,541 - INFO - 📈 已处理600272 开开实业 
2025-09-02 19:58:27,255 - INFO - 📈 已处理600273 嘉化能源 
2025-09-02 19:58:29,800 - INFO - 📈 已处理600275 退市昌鱼 
2025-09-02 19:58:32,689 - INFO - 📈 已处理600276 恒瑞医药 
2025-09-02 19:58:35,431 - INFO - 📈 已处理600277 ST亿利 
2025-09-02 19:58:38,327 - INFO - 📈 已处理600278 东方创业 
2025-09-02 19:58:41,265 - INFO - 📈 已处理600279 重庆港 
2025-09-02 19:58:44,122 - INFO - 📈 已处理600280 中央商场 
2025-09-02 19:58:46,932 - INFO - 📈 已处理600281 华阳新材 
2025-09-02 19:58:49,779 - INFO - 📈 已处理600282 南钢股份 
2025-09-02 19:58:52,608 - INFO - 📈 已处理600283 钱江水利 
2025-09-02 19:58:55,237 - INFO - 📈 已处理600284 浦东建设 
2025-09-02 19:58:58,103 - INFO - 📈 已处理600285 羚锐制药 
2025-09-02 19:58:59,706 - INFO - 📈 已处理600286 S*ST国瓷 
2025-09-02 19:59:02,597 - INFO - 📈 已处理600287 江苏舜天 
2025-09-02 19:59:05,460 - INFO - 📈 已处理600288 大恒科技 
2025-09-02 19:59:08,298 - INFO - 📈 已处理600289 ST信通 
2025-09-02 19:59:11,042 - INFO - 📈 已处理600290 *ST华仪 
2025-09-02 19:59:13,642 - INFO - 📈 已处理600291 退市西水 
2025-09-02 19:59:16,452 - INFO - 📈 已处理600292 远达环保 
2025-09-02 19:59:19,243 - INFO - 📈 已处理600293 三峡新材 
2025-09-02 19:59:22,023 - INFO - 📈 已处理600295 鄂尔多斯 
2025-09-02 19:59:23,624 - INFO - 📈 已处理600296 S兰铝 
2025-09-02 19:59:26,367 - INFO - 📈 已处理600297 广汇汽车 
2025-09-02 19:59:29,240 - INFO - 📈 已处理600298 安琪酵母 
2025-09-02 19:59:32,237 - INFO - 📈 已处理600299 安迪苏 
2025-09-02 19:59:35,217 - INFO - 📈 已处理600300 维维股份 
2025-09-02 19:59:38,099 - INFO - 📈 已处理600301 华锡有色 
2025-09-02 19:59:41,033 - INFO - 📈 已处理600302 标准股份 
2025-09-02 19:59:43,867 - INFO - 📈 已处理600303 曙光股份 
2025-09-02 19:59:46,782 - INFO - 📈 已处理600305 恒顺醋业 
2025-09-02 19:59:49,572 - INFO - 📈 已处理600306 退市商城 
2025-09-02 19:59:52,532 - INFO - 📈 已处理600307 酒钢宏兴 
2025-09-02 19:59:55,975 - INFO - 📈 已处理600308 华泰股份 
2025-09-02 19:59:58,945 - INFO - 📈 已处理600309 万华化学 
2025-09-02 20:00:02,017 - INFO - 📈 已处理600310 广西能源 
2025-09-02 20:00:04,676 - INFO - 📈 已处理600311 *ST荣华 
2025-09-02 20:00:07,489 - INFO - 📈 已处理600312 平高电气 
2025-09-02 20:00:07,489 - INFO - 📈 已处理 300/2701 只股票，成功 295 只
2025-09-02 20:00:10,177 - INFO - 📈 已处理600313 农发种业 
2025-09-02 20:00:13,051 - INFO - 📈 已处理600315 上海家化 
2025-09-02 20:00:15,925 - INFO - 📈 已处理600316 洪都航空 
2025-09-02 20:00:18,402 - INFO - 📈 已处理600317 营口港 
2025-09-02 20:00:21,260 - INFO - 📈 已处理600318 新力金融 
2025-09-02 20:00:24,002 - INFO - 📈 已处理600319 亚星化学 
2025-09-02 20:00:26,900 - INFO - 📈 已处理600320 振华重工 
2025-09-02 20:00:29,747 - INFO - 📈 已处理600321 正源股份 
2025-09-02 20:00:32,625 - INFO - 📈 已处理600322 津投城开 
2025-09-02 20:00:35,509 - INFO - 📈 已处理600323 瀚蓝环境 
2025-09-02 20:00:38,259 - INFO - 📈 已处理600325 华发股份 
2025-09-02 20:00:41,060 - INFO - 📈 已处理600326 西藏天路 
2025-09-02 20:00:43,791 - INFO - 📈 已处理600327 大东方 
2025-09-02 20:00:46,571 - INFO - 📈 已处理600328 中盐化工 
2025-09-02 20:00:49,548 - INFO - 📈 已处理600329 达仁堂 
2025-09-02 20:00:52,548 - INFO - 📈 已处理600330 天通股份 
2025-09-02 20:00:55,371 - INFO - 📈 已处理600331 宏达股份 
2025-09-02 20:00:58,159 - INFO - 📈 已处理600332 白云山 
2025-09-02 20:01:01,026 - INFO - 📈 已处理600333 长春燃气 
2025-09-02 20:01:03,807 - INFO - 📈 已处理600335 国机汽车 
2025-09-02 20:01:06,711 - INFO - 📈 已处理600336 澳柯玛 
2025-09-02 20:01:09,632 - INFO - 📈 已处理600337 美克家居 
2025-09-02 20:01:12,520 - INFO - 📈 已处理600338 西藏珠峰 
2025-09-02 20:01:15,361 - INFO - 📈 已处理600339 中油工程 
2025-09-02 20:01:17,995 - INFO - 📈 已处理600340 华夏幸福 
2025-09-02 20:01:20,837 - INFO - 📈 已处理600343 航天动力 
2025-09-02 20:01:23,730 - INFO - 📈 已处理600345 长江通信 
2025-09-02 20:01:26,488 - INFO - 📈 已处理600346 恒力石化 
2025-09-02 20:01:29,166 - INFO - 📈 已处理600348 华阳股份 
2025-09-02 20:01:31,971 - INFO - 📈 已处理600350 山东高速 
2025-09-02 20:01:34,708 - INFO - 📈 已处理600351 亚宝药业 
2025-09-02 20:01:37,431 - INFO - 📈 已处理600352 浙江龙盛 
2025-09-02 20:01:40,211 - INFO - 📈 已处理600353 旭光电子 
2025-09-02 20:01:42,933 - INFO - 📈 已处理600354 敦煌种业 
2025-09-02 20:01:45,814 - INFO - 📈 已处理600355 *ST精伦 
2025-09-02 20:01:48,789 - INFO - 📈 已处理600356 恒丰纸业 
2025-09-02 20:01:50,460 - INFO - 📈 已处理600357 承德钒钛 
2025-09-02 20:01:53,329 - INFO - 📈 已处理600358 ST联合 
2025-09-02 20:01:56,303 - INFO - 📈 已处理600359 新农开发 
2025-09-02 20:01:59,165 - INFO - 📈 已处理600360 *ST华微 
2025-09-02 20:02:01,931 - INFO - 📈 已处理600361 创新新材 
2025-09-02 20:02:04,765 - INFO - 📈 已处理600362 江西铜业 
2025-09-02 20:02:07,605 - INFO - 📈 已处理600363 联创光电 
2025-09-02 20:02:10,399 - INFO - 📈 已处理600365 ST通葡 
2025-09-02 20:02:13,357 - INFO - 📈 已处理600366 宁波韵升 
2025-09-02 20:02:16,318 - INFO - 📈 已处理600367 红星发展 
2025-09-02 20:02:19,266 - INFO - 📈 已处理600368 五洲交通 
2025-09-02 20:02:21,964 - INFO - 📈 已处理600369 西南证券 
2025-09-02 20:02:24,642 - INFO - 📈 已处理600370 三房巷 
2025-09-02 20:02:27,603 - INFO - 📈 已处理600371 万向德农 
2025-09-02 20:02:27,603 - INFO - 📈 已处理 350/2701 只股票，成功 345 只
2025-09-02 20:02:30,287 - INFO - 📈 已处理600372 中航机载 
2025-09-02 20:02:33,012 - INFO - 📈 已处理600373 中文传媒 
2025-09-02 20:02:35,721 - INFO - 📈 已处理600375 汉马科技 
2025-09-02 20:02:38,576 - INFO - 📈 已处理600376 首开股份 
2025-09-02 20:02:41,445 - INFO - 📈 已处理600377 宁沪高速 
2025-09-02 20:02:44,422 - INFO - 📈 已处理600378 昊华科技 
2025-09-02 20:02:47,195 - INFO - 📈 已处理600379 宝光股份 
2025-09-02 20:02:50,294 - INFO - 📈 已处理600380 健康元 
2025-09-02 20:02:53,520 - INFO - 📈 已处理600381 *ST春天 
2025-09-02 20:02:56,762 - INFO - 📈 已处理600382 广东明珠 
2025-09-02 20:03:00,861 - INFO - 📈 已处理600383 金地集团 
2025-09-02 20:03:03,743 - INFO - 📈 已处理600385 退市金泰 
2025-09-02 20:03:07,179 - INFO - 📈 已处理600386 北巴传媒 
2025-09-02 20:03:10,192 - INFO - 📈 已处理600387 退市海越 
2025-09-02 20:03:15,578 - INFO - 📈 已处理600388 龙净环保 
2025-09-02 20:03:19,064 - INFO - 📈 已处理600389 江山股份 
2025-09-02 20:03:23,055 - INFO - 📈 已处理600390 五矿资本 
2025-09-02 20:03:26,068 - INFO - 📈 已处理600391 航发科技 
2025-09-02 20:03:28,897 - INFO - 📈 已处理600392 盛和资源 
2025-09-02 20:03:31,520 - INFO - 📈 已处理600393 ST粤泰 
2025-09-02 20:03:34,235 - INFO - 📈 已处理600395 盘江股份 
2025-09-02 20:03:36,932 - INFO - 📈 已处理600396 华电辽能 
2025-09-02 20:03:39,672 - INFO - 📈 已处理600397 安源煤业 
2025-09-02 20:03:42,473 - INFO - 📈 已处理600398 海澜之家 
2025-09-02 20:03:45,152 - INFO - 📈 已处理600399 抚顺特钢 
2025-09-02 20:03:47,976 - INFO - 📈 已处理600400 红豆股份 
2025-09-02 20:03:49,892 - INFO - 📈 已处理600401 退市海润 
2025-09-02 20:03:52,515 - INFO - 📈 已处理600403 大有能源 
2025-09-02 20:03:55,111 - INFO - 📈 已处理600405 动力源 
2025-09-02 20:03:57,783 - INFO - 📈 已处理600406 国电南瑞 
2025-09-02 20:04:00,375 - INFO - 📈 已处理600408 安泰集团 
2025-09-02 20:04:03,080 - INFO - 📈 已处理600409 三友化工 
2025-09-02 20:04:05,659 - INFO - 📈 已处理600410 华胜天成 
2025-09-02 20:04:08,315 - INFO - 📈 已处理600415 小商品城 
2025-09-02 20:04:10,948 - INFO - 📈 已处理600416 湘电股份 
2025-09-02 20:04:13,600 - INFO - 📈 已处理600418 江淮汽车 
2025-09-02 20:04:16,286 - INFO - 📈 已处理600419 天润乳业 
2025-09-02 20:04:19,004 - INFO - 📈 已处理600420 国药现代 
2025-09-02 20:04:21,546 - INFO - 📈 已处理600421 *ST华嵘 
2025-09-02 20:04:24,349 - INFO - 📈 已处理600422 昆药集团 
2025-09-02 20:04:27,014 - INFO - 📈 已处理600423 柳化股份 
2025-09-02 20:04:29,624 - INFO - 📈 已处理600425 青松建化 
2025-09-02 20:04:32,326 - INFO - 📈 已处理600426 华鲁恒升 
2025-09-02 20:04:35,050 - INFO - 📈 已处理600428 中远海特 
2025-09-02 20:04:37,653 - INFO - 📈 已处理600429 三元股份 
2025-09-02 20:04:39,666 - INFO - 📈 已处理600432 退市吉恩 
2025-09-02 20:04:42,210 - INFO - 📈 已处理600433 冠豪高新 
2025-09-02 20:04:44,782 - INFO - 📈 已处理600435 北方导航 
2025-09-02 20:04:47,958 - INFO - 📈 已处理600436 片仔癀 
2025-09-02 20:04:50,526 - INFO - 📈 已处理600438 通威股份 
2025-09-02 20:04:50,526 - INFO - 📈 已处理 400/2701 只股票，成功 395 只
2025-09-02 20:04:53,245 - INFO - 📈 已处理600439 瑞贝卡 
2025-09-02 20:04:55,814 - INFO - 📈 已处理600444 国机通用 
2025-09-02 20:04:58,389 - INFO - 📈 已处理600446 金证股份 
2025-09-02 20:05:01,133 - INFO - 📈 已处理600448 华纺股份 
2025-09-02 20:05:03,980 - INFO - 📈 已处理600449 宁夏建材 
2025-09-02 20:05:06,608 - INFO - 📈 已处理600452 涪陵电力 
2025-09-02 20:05:09,011 - INFO - 📈 已处理600455 博通股份 
2025-09-02 20:05:11,795 - INFO - 📈 已处理600456 宝钛股份 
2025-09-02 20:05:14,430 - INFO - 📈 已处理600458 时代新材 
2025-09-02 20:05:17,070 - INFO - 📈 已处理600459 贵研铂业 
2025-09-02 20:05:19,725 - INFO - 📈 已处理600460 士兰微 
2025-09-02 20:05:22,277 - INFO - 📈 已处理600461 洪城环境 
2025-09-02 20:05:24,738 - INFO - 📈 已处理600462 退市九有 
2025-09-02 20:05:27,347 - INFO - 📈 已处理600463 空港股份 
2025-09-02 20:05:29,926 - INFO - 📈 已处理600466 *ST蓝光 
2025-09-02 20:05:32,497 - INFO - 📈 已处理600467 好当家 
2025-09-02 20:05:35,196 - INFO - 📈 已处理600468 百利电气 
2025-09-02 20:05:37,961 - INFO - 📈 已处理600469 风神股份 
2025-09-02 20:05:40,557 - INFO - 📈 已处理600470 六国化工 
2025-09-02 20:05:41,896 - INFO - 📈 已处理600472 包头铝业 
2025-09-02 20:05:44,484 - INFO - 📈 已处理600475 华光环能 
2025-09-02 20:05:47,226 - INFO - 📈 已处理600476 湘邮科技 
2025-09-02 20:05:49,860 - INFO - 📈 已处理600477 杭萧钢构 
2025-09-02 20:05:52,446 - INFO - 📈 已处理600478 科力远 
2025-09-02 20:05:55,034 - INFO - 📈 已处理600479 千金药业 
2025-09-02 20:05:57,650 - INFO - 📈 已处理600480 凌云股份 
2025-09-02 20:06:00,287 - INFO - 📈 已处理600481 双良节能 
2025-09-02 20:06:02,795 - INFO - 📈 已处理600482 中国动力 
2025-09-02 20:06:05,413 - INFO - 📈 已处理600483 福能股份 
2025-09-02 20:06:07,651 - INFO - 📈 已处理600485 *ST信威 
2025-09-02 20:06:10,410 - INFO - 📈 已处理600486 扬农化工 
2025-09-02 20:06:13,109 - INFO - 📈 已处理600487 亨通光电 
2025-09-02 20:06:15,879 - INFO - 📈 已处理600488 津药药业 
2025-09-02 20:06:18,483 - INFO - 📈 已处理600489 中金黄金 
2025-09-02 20:06:21,105 - INFO - 📈 已处理600490 鹏欣资源 
2025-09-02 20:06:23,678 - INFO - 📈 已处理600491 龙元建设 
2025-09-02 20:06:26,487 - INFO - 📈 已处理600493 凤竹纺织 
2025-09-02 20:06:29,064 - INFO - 📈 已处理600495 晋西车轴 
2025-09-02 20:06:31,781 - INFO - 📈 已处理600496 精工钢构 
2025-09-02 20:06:34,292 - INFO - 📈 已处理600497 驰宏锌锗 
2025-09-02 20:06:37,056 - INFO - 📈 已处理600498 烽火通信 
2025-09-02 20:06:39,690 - INFO - 📈 已处理600499 科达制造 
2025-09-02 20:06:42,579 - INFO - 📈 已处理600500 中化国际 
2025-09-02 20:06:45,666 - INFO - 📈 已处理600501 航天晨光 
2025-09-02 20:06:48,322 - INFO - 📈 已处理600502 安徽建工 
2025-09-02 20:06:51,186 - INFO - 📈 已处理600503 华丽家族 
2025-09-02 20:06:53,894 - INFO - 📈 已处理600505 西昌电力 
2025-09-02 20:06:56,821 - INFO - 📈 已处理600506 统一股份 
2025-09-02 20:06:59,476 - INFO - 📈 已处理600507 方大特钢 
2025-09-02 20:07:02,254 - INFO - 📈 已处理600508 上海能源 
2025-09-02 20:07:02,255 - INFO - 📈 已处理 450/2701 只股票，成功 445 只
2025-09-02 20:07:04,978 - INFO - 📈 已处理600509 天富能源 
2025-09-02 20:07:07,910 - INFO - 📈 已处理600510 黑牡丹 
2025-09-02 20:07:10,603 - INFO - 📈 已处理600511 国药股份 
2025-09-02 20:07:13,271 - INFO - 📈 已处理600512 腾达建设 
2025-09-02 20:07:16,096 - INFO - 📈 已处理600513 联环药业 
2025-09-02 20:07:18,711 - INFO - 📈 已处理600515 海南机场 
2025-09-02 20:07:21,398 - INFO - 📈 已处理600516 方大炭素 
2025-09-02 20:07:23,978 - INFO - 📈 已处理600517 国网英大 
2025-09-02 20:07:26,727 - INFO - 📈 已处理600518 康美药业 
2025-09-02 20:07:29,613 - INFO - 📈 已处理600519 贵州茅台 
2025-09-02 20:07:32,300 - INFO - 📈 已处理600520 三佳科技 
2025-09-02 20:07:34,971 - INFO - 📈 已处理600521 华海药业 
2025-09-02 20:07:37,663 - INFO - 📈 已处理600522 中天科技 
2025-09-02 20:07:40,385 - INFO - 📈 已处理600523 贵航股份 
2025-09-02 20:07:43,018 - INFO - 📈 已处理600525 ST长园 
2025-09-02 20:07:45,897 - INFO - 📈 已处理600526 菲达环保 
2025-09-02 20:07:48,488 - INFO - 📈 已处理600527 江南高纤 
2025-09-02 20:07:51,268 - INFO - 📈 已处理600528 中铁工业 
2025-09-02 20:07:53,949 - INFO - 📈 已处理600529 山东药玻 
2025-09-02 20:07:57,605 - INFO - 📈 已处理600530 交大昂立 
2025-09-02 20:08:00,415 - INFO - 📈 已处理600531 豫光金铅 
2025-09-02 20:08:03,277 - INFO - 📈 已处理600532 退市未来 
2025-09-02 20:08:06,135 - INFO - 📈 已处理600533 栖霞建设 
2025-09-02 20:08:10,013 - INFO - 📈 已处理600535 天士力 
2025-09-02 20:08:13,083 - INFO - 📈 已处理600536 中国软件 
2025-09-02 20:08:15,934 - INFO - 📈 已处理600537 亿晶光电 
2025-09-02 20:08:18,765 - INFO - 📈 已处理600538 国发股份 
2025-09-02 20:08:22,097 - INFO - 📈 已处理600539 狮头股份 
2025-09-02 20:08:25,085 - INFO - 📈 已处理600540 新赛股份 
2025-09-02 20:08:28,438 - INFO - 📈 已处理600543 莫高股份 
2025-09-02 20:08:31,185 - INFO - 📈 已处理600545 卓郎智能 
2025-09-02 20:08:34,353 - INFO - 📈 已处理600546 山煤国际 
2025-09-02 20:08:37,653 - INFO - 📈 已处理600547 山东黄金 
2025-09-02 20:08:40,432 - INFO - 📈 已处理600548 深高速 
2025-09-02 20:08:43,151 - INFO - 📈 已处理600549 厦门钨业 
2025-09-02 20:08:47,040 - INFO - 📈 已处理600550 保变电气 
2025-09-02 20:08:49,859 - INFO - 📈 已处理600551 时代出版 
2025-09-02 20:08:53,834 - INFO - 📈 已处理600552 凯盛科技 
2025-09-02 20:08:55,653 - INFO - 📈 已处理600553 太行水泥 
2025-09-02 20:08:58,867 - INFO - 📈 已处理600555 退市海创 
2025-09-02 20:09:02,260 - INFO - 📈 已处理600556 天下秀 
2025-09-02 20:09:05,498 - INFO - 📈 已处理600557 康缘药业 
2025-09-02 20:09:08,615 - INFO - 📈 已处理600558 大西洋 
2025-09-02 20:09:11,751 - INFO - 📈 已处理600559 老白干酒 
2025-09-02 20:09:15,537 - INFO - 📈 已处理600560 金自天正 
2025-09-02 20:09:19,950 - INFO - 📈 已处理600561 江西长运 
2025-09-02 20:09:23,867 - INFO - 📈 已处理600562 国睿科技 
2025-09-02 20:09:27,000 - INFO - 📈 已处理600563 法拉电子 
2025-09-02 20:09:29,983 - INFO - 📈 已处理600565 ST迪马 
2025-09-02 20:09:34,584 - INFO - 📈 已处理600566 济川药业 
2025-09-02 20:09:34,584 - INFO - 📈 已处理 500/2701 只股票，成功 495 只
2025-09-02 20:09:37,760 - INFO - 📈 已处理600567 山鹰国际 
2025-09-02 20:09:40,853 - INFO - 📈 已处理600568 ST中珠 
2025-09-02 20:09:43,737 - INFO - 📈 已处理600569 安阳钢铁 
2025-09-02 20:09:47,183 - INFO - 📈 已处理600570 恒生电子 
2025-09-02 20:09:50,380 - INFO - 📈 已处理600571 信雅达 
2025-09-02 20:09:53,867 - INFO - 📈 已处理600572 康恩贝 
2025-09-02 20:09:56,549 - INFO - 📈 已处理600573 惠泉啤酒 
2025-09-02 20:09:59,350 - INFO - 📈 已处理600575 淮河能源 
2025-09-02 20:10:02,170 - INFO - 📈 已处理600576 祥源文旅 
2025-09-02 20:10:04,984 - INFO - 📈 已处理600577 精达股份 
2025-09-02 20:10:08,265 - INFO - 📈 已处理600578 京能电力 
2025-09-02 20:10:10,883 - INFO - 📈 已处理600579 中化装备 
2025-09-02 20:10:14,604 - INFO - 📈 已处理600580 卧龙电驱 
2025-09-02 20:10:17,619 - INFO - 📈 已处理600581 八一钢铁 
2025-09-02 20:10:20,933 - INFO - 📈 已处理600582 天地科技 
2025-09-02 20:10:24,616 - INFO - 📈 已处理600583 海油工程 
2025-09-02 20:10:27,682 - INFO - 📈 已处理600584 长电科技 
2025-09-02 20:10:30,693 - INFO - 📈 已处理600585 海螺水泥 
2025-09-02 20:10:34,065 - INFO - 📈 已处理600586 金晶科技 
2025-09-02 20:10:36,966 - INFO - 📈 已处理600587 新华医疗 
2025-09-02 20:10:40,298 - INFO - 📈 已处理600588 用友网络 
2025-09-02 20:10:43,621 - INFO - 📈 已处理600589 大位科技 
2025-09-02 20:10:46,365 - INFO - 📈 已处理600590 泰豪科技 
2025-09-02 20:10:48,312 - INFO - 📈 已处理600591 *ST上航 
2025-09-02 20:10:51,463 - INFO - 📈 已处理600592 龙溪股份 
2025-09-02 20:10:54,215 - INFO - 📈 已处理600593 大连圣亚 
2025-09-02 20:10:56,981 - INFO - 📈 已处理600594 益佰制药 
2025-09-02 20:10:59,919 - INFO - 📈 已处理600595 中孚实业 
2025-09-02 20:11:03,566 - INFO - 📈 已处理600596 新安股份 
2025-09-02 20:11:06,517 - INFO - 📈 已处理600597 光明乳业 
2025-09-02 20:11:09,497 - INFO - 📈 已处理600598 北大荒 
2025-09-02 20:11:13,247 - INFO - 📈 已处理600599 *ST熊猫 
2025-09-02 20:11:17,598 - INFO - 📈 已处理600600 青岛啤酒 
2025-09-02 20:11:21,249 - INFO - 📈 已处理600601 方正科技 
2025-09-02 20:11:25,806 - INFO - 📈 已处理600602 云赛智联 
2025-09-02 20:11:30,113 - INFO - 📈 已处理600603 ST广物 
2025-09-02 20:11:33,865 - INFO - 📈 已处理600604 市北高新 
2025-09-02 20:11:38,298 - INFO - 📈 已处理600605 汇通能源 
2025-09-02 20:11:42,430 - INFO - 📈 已处理600606 绿地控股 
2025-09-02 20:11:45,030 - INFO - 📈 已处理600607 上实医药 
2025-09-02 20:11:49,730 - INFO - 📈 已处理600608 *ST沪科 
2025-09-02 20:11:53,679 - INFO - 📈 已处理600609 金杯汽车 
2025-09-02 20:11:57,689 - INFO - 📈 已处理600610 中毅达 
2025-09-02 20:12:01,213 - INFO - 📈 已处理600611 大众交通 
2025-09-02 20:12:06,262 - INFO - 📈 已处理600612 老凤祥 
2025-09-02 20:12:10,580 - INFO - 📈 已处理600613 神奇制药 
2025-09-02 20:12:14,673 - INFO - 📈 已处理600614 退市鹏起 
2025-09-02 20:12:18,729 - INFO - 📈 已处理600615 鑫源智造 
2025-09-02 20:12:22,529 - INFO - 📈 已处理600616 金枫酒业 
2025-09-02 20:12:26,140 - INFO - 📈 已处理600617 国新能源 
2025-09-02 20:12:26,141 - INFO - 📈 已处理 550/2701 只股票，成功 545 只
2025-09-02 20:12:30,228 - INFO - 📈 已处理600618 氯碱化工 
2025-09-02 20:12:34,596 - INFO - 📈 已处理600619 海立股份 
2025-09-02 20:12:38,160 - INFO - 📈 已处理600620 天宸股份 
2025-09-02 20:12:42,294 - INFO - 📈 已处理600621 华鑫股份 
2025-09-02 20:12:46,119 - INFO - 📈 已处理600622 光大嘉宝 
2025-09-02 20:12:50,204 - INFO - 📈 已处理600623 华谊集团 
2025-09-02 20:12:54,095 - INFO - 📈 已处理600624 复旦复华 
2025-09-02 20:12:56,229 - INFO - 📈 已处理600625 PT水仙 
2025-09-02 20:13:00,191 - INFO - 📈 已处理600626 申达股份 
2025-09-02 20:13:03,177 - INFO - 📈 已处理600627 上电股份 
2025-09-02 20:13:07,309 - INFO - 📈 已处理600628 新世界 
2025-09-02 20:13:11,827 - INFO - 📈 已处理600629 华建集团 
2025-09-02 20:13:15,615 - INFO - 📈 已处理600630 龙头股份 
2025-09-02 20:13:18,428 - INFO - 📈 已处理600631 百联股份 
2025-09-02 20:13:20,769 - INFO - 📈 已处理600632 华联商厦 
2025-09-02 20:13:24,594 - INFO - 📈 已处理600633 浙数文化 
2025-09-02 20:13:27,710 - INFO - 📈 已处理600634 退市富控 
2025-09-02 20:13:31,746 - INFO - 📈 已处理600635 大众公用 
2025-09-02 20:13:34,961 - INFO - 📈 已处理600636 *ST国化 
2025-09-02 20:13:40,127 - INFO - 📈 已处理600637 东方明珠 
2025-09-02 20:13:45,291 - INFO - 📈 已处理600638 新黄浦 
2025-09-02 20:13:49,598 - INFO - 📈 已处理600639 浦东金桥 
2025-09-02 20:13:53,527 - INFO - 📈 已处理600640 国脉文化 
2025-09-02 20:13:57,394 - INFO - 📈 已处理600641 万业企业 
2025-09-02 20:14:01,161 - INFO - 📈 已处理600642 申能股份 
2025-09-02 20:14:05,994 - INFO - 📈 已处理600643 爱建集团 
2025-09-02 20:14:09,675 - INFO - 📈 已处理600644 乐山电力 
2025-09-02 20:14:13,860 - INFO - 📈 已处理600645 中源协和 
2025-09-02 20:14:16,119 - INFO - 📈 已处理600646 ST国嘉 
2025-09-02 20:14:20,543 - INFO - 📈 已处理600647 退市同达 
2025-09-02 20:14:25,057 - INFO - 📈 已处理600648 外高桥 
2025-09-02 20:14:30,382 - INFO - 📈 已处理600649 城投控股 
2025-09-02 20:14:34,504 - INFO - 📈 已处理600650 锦江在线 
2025-09-02 20:14:39,568 - INFO - 📈 已处理600651 飞乐音响 
2025-09-02 20:14:44,659 - INFO - 📈 已处理600652 退市游久 
2025-09-02 20:14:48,580 - INFO - 📈 已处理600653 申华控股 
2025-09-02 20:14:50,878 - WARNING - ⚠️ 600654 中安科 K线更新失败: (1264, "Out of range value for column 'change_pct' at row 1")
2025-09-02 20:14:55,528 - INFO - 📈 已处理600655 豫园股份 
2025-09-02 20:14:57,198 - WARNING - ⚠️ 600656 退市博元 K线更新失败: (1264, "Out of range value for column 'change_pct' at row 1")
2025-09-02 20:15:01,079 - INFO - 📈 已处理600657 信达地产 
2025-09-02 20:15:04,745 - INFO - 📈 已处理600658 电子城 
2025-09-02 20:15:06,875 - INFO - 📈 已处理600659 *ST花雕 
2025-09-02 20:15:10,944 - INFO - 📈 已处理600660 福耀玻璃 
2025-09-02 20:15:15,308 - INFO - 📈 已处理600661 昂立教育 
2025-09-02 20:15:19,325 - INFO - 📈 已处理600662 外服控股 
2025-09-02 20:15:23,209 - INFO - 📈 已处理600663 陆家嘴 
2025-09-02 20:15:29,308 - INFO - 📈 已处理600664 哈药股份 
2025-09-02 20:15:33,707 - INFO - 📈 已处理600665 天地源 
2025-09-02 20:15:38,091 - INFO - 📈 已处理600666 奥瑞德 
2025-09-02 20:15:42,964 - INFO - 📈 已处理600667 太极实业 
2025-09-02 20:15:42,964 - INFO - 📈 已处理 600/2701 只股票，成功 593 只
2025-09-02 20:15:46,974 - INFO - 📈 已处理600668 尖峰集团 
2025-09-02 20:15:48,984 - INFO - 📈 已处理600669 *ST鞍成 
2025-09-02 20:15:51,163 - INFO - 📈 已处理600670 *ST斯达 
2025-09-02 20:15:56,058 - INFO - 📈 已处理600671 天目药业 
2025-09-02 20:15:58,335 - INFO - 📈 已处理600672 *ST华圣 
2025-09-02 20:16:02,508 - INFO - 📈 已处理600673 东阳光 
2025-09-02 20:16:06,289 - INFO - 📈 已处理600674 川投能源 
2025-09-02 20:16:10,483 - INFO - 📈 已处理600675 中华企业 
2025-09-02 20:16:14,438 - INFO - 📈 已处理600676 交运股份 
2025-09-02 20:16:17,823 - INFO - 📈 已处理600677 *ST航通 
2025-09-02 20:16:21,888 - INFO - 📈 已处理600678 四川金顶 
2025-09-02 20:16:25,918 - INFO - 📈 已处理600679 上海凤凰 
2025-09-02 20:16:29,407 - INFO - 📈 已处理600680 *ST上普 
2025-09-02 20:16:33,611 - INFO - 📈 已处理600681 百川能源 
2025-09-02 20:16:37,484 - INFO - 📈 已处理600682 南京新百 
2025-09-02 20:16:41,507 - INFO - 📈 已处理600683 京投发展 
2025-09-02 20:16:44,972 - INFO - 📈 已处理600684 珠江股份 
2025-09-02 20:16:48,857 - INFO - 📈 已处理600685 中船防务 
2025-09-02 20:16:53,854 - INFO - 📈 已处理600686 金龙汽车 
2025-09-02 20:16:57,235 - INFO - 📈 已处理600687 退市刚泰 
2025-09-02 20:17:01,460 - INFO - 📈 已处理600688 上海石化 
2025-09-02 20:17:06,336 - INFO - 📈 已处理600689 上海三毛 
2025-09-02 20:17:11,188 - INFO - 📈 已处理600690 海尔智家 
2025-09-02 20:17:15,255 - INFO - 📈 已处理600691 阳煤化工 
2025-09-02 20:17:18,973 - INFO - 📈 已处理600692 亚通股份 
2025-09-02 20:17:23,629 - INFO - 📈 已处理600693 东百集团 
2025-09-02 20:17:27,321 - INFO - 📈 已处理600694 大商股份 
2025-09-02 20:17:30,961 - INFO - 📈 已处理600695 退市绿庭 
2025-09-02 20:17:34,788 - INFO - 📈 已处理600696 *ST岩石 
2025-09-02 20:17:40,056 - INFO - 📈 已处理600697 欧亚集团 
2025-09-02 20:17:44,337 - INFO - 📈 已处理600698 湖南天雁 
2025-09-02 20:17:48,387 - INFO - 📈 已处理600699 均胜电子 
2025-09-02 20:17:50,387 - INFO - 📈 已处理600700 *ST数码 
2025-09-02 20:17:53,257 - INFO - 📈 已处理600701 退市工新 
2025-09-02 20:17:58,055 - INFO - 📈 已处理600702 舍得酒业 
2025-09-02 20:18:02,537 - INFO - 📈 已处理600703 三安光电 
2025-09-02 20:18:05,659 - INFO - 📈 已处理600704 物产中大 
2025-09-02 20:18:08,361 - INFO - 📈 已处理600705 中航产融 
2025-09-02 20:18:11,500 - INFO - 📈 已处理600706 曲江文旅 
2025-09-02 20:18:14,619 - INFO - 📈 已处理600707 彩虹股份 
2025-09-02 20:18:17,770 - INFO - 📈 已处理600708 光明地产 
2025-09-02 20:18:19,333 - INFO - 📈 已处理600709 ST生态 
2025-09-02 20:18:22,324 - INFO - 📈 已处理600710 苏美达 
2025-09-02 20:18:25,374 - INFO - 📈 已处理600711 盛屯矿业 
2025-09-02 20:18:28,555 - INFO - 📈 已处理600712 南宁百货 
2025-09-02 20:18:31,731 - INFO - 📈 已处理600713 南京医药 
2025-09-02 20:18:34,800 - INFO - 📈 已处理600714 金瑞矿业 
2025-09-02 20:18:37,816 - INFO - 📈 已处理600715 文投控股 
2025-09-02 20:18:40,786 - INFO - 📈 已处理600716 凤凰股份 
2025-09-02 20:18:43,828 - INFO - 📈 已处理600717 天津港 
2025-09-02 20:18:43,828 - INFO - 📈 已处理 650/2701 只股票，成功 643 只
2025-09-02 20:18:46,887 - INFO - 📈 已处理600718 东软集团 
2025-09-02 20:18:49,864 - INFO - 📈 已处理600719 大连热电 
2025-09-02 20:18:52,974 - INFO - 📈 已处理600720 中交设计 
2025-09-02 20:18:55,988 - INFO - 📈 已处理600721 百花医药 
2025-09-02 20:18:59,062 - INFO - 📈 已处理600722 金牛化工 
2025-09-02 20:19:01,914 - INFO - 📈 已处理600723 首商股份 
2025-09-02 20:19:05,056 - INFO - 📈 已处理600724 宁波富达 
2025-09-02 20:19:08,047 - INFO - 📈 已处理600725 云维股份 
2025-09-02 20:19:11,124 - INFO - 📈 已处理600726 华电能源 
2025-09-02 20:19:14,098 - INFO - 📈 已处理600727 鲁北化工 
2025-09-02 20:19:17,121 - INFO - 📈 已处理600728 佳都科技 
2025-09-02 20:19:20,136 - INFO - 📈 已处理600729 重庆百货 
2025-09-02 20:19:23,233 - INFO - 📈 已处理600730 中国高科 
2025-09-02 20:19:26,352 - INFO - 📈 已处理600731 湖南海利 
2025-09-02 20:19:29,319 - INFO - 📈 已处理600732 爱旭股份 
2025-09-02 20:19:32,202 - INFO - 📈 已处理600733 北汽蓝谷 
2025-09-02 20:19:35,019 - INFO - 📈 已处理600734 实达集团 
2025-09-02 20:19:38,085 - INFO - 📈 已处理600735 新华锦 
2025-09-02 20:19:41,127 - INFO - 📈 已处理600736 苏州高新 
2025-09-02 20:19:44,170 - INFO - 📈 已处理600737 中粮糖业 
2025-09-02 20:19:47,301 - INFO - 📈 已处理600738 丽尚国潮 
2025-09-02 20:19:50,784 - INFO - 📈 已处理600739 辽宁成大 
2025-09-02 20:19:53,886 - INFO - 📈 已处理600740 山西焦化 
2025-09-02 20:19:57,034 - INFO - 📈 已处理600741 华域汽车 
2025-09-02 20:20:00,201 - INFO - 📈 已处理600742 富维股份 
2025-09-02 20:20:03,191 - INFO - 📈 已处理600743 华远控股 
2025-09-02 20:20:06,255 - INFO - 📈 已处理600744 华银电力 
2025-09-02 20:20:09,205 - INFO - 📈 已处理600745 闻泰科技 
2025-09-02 20:20:13,447 - INFO - 📈 已处理600746 江苏索普 
2025-09-02 20:20:16,169 - INFO - 📈 已处理600747 退市大控 
2025-09-02 20:20:19,281 - INFO - 📈 已处理600748 上实发展 
2025-09-02 20:20:22,287 - INFO - 📈 已处理600749 西藏旅游 
2025-09-02 20:20:25,334 - INFO - 📈 已处理600750 江中药业 
2025-09-02 20:20:28,256 - INFO - 📈 已处理600751 海航科技 
2025-09-02 20:20:30,002 - INFO - 📈 已处理600752 *ST哈慈 
2025-09-02 20:20:33,022 - INFO - 📈 已处理600753 *ST海钦 
2025-09-02 20:20:36,367 - INFO - 📈 已处理600754 锦江酒店 
2025-09-02 20:20:39,517 - INFO - 📈 已处理600755 厦门国贸 
2025-09-02 20:20:42,519 - INFO - 📈 已处理600756 浪潮软件 
2025-09-02 20:20:45,917 - INFO - 📈 已处理600757 长江传媒 
2025-09-02 20:20:49,017 - INFO - 📈 已处理600758 辽宁能源 
2025-09-02 20:20:51,951 - INFO - 📈 已处理600759 洲际油气 
2025-09-02 20:20:54,984 - INFO - 📈 已处理600760 中航沈飞 
2025-09-02 20:20:58,084 - INFO - 📈 已处理600761 安徽合力 
2025-09-02 20:20:59,900 - INFO - 📈 已处理600762 S*ST金荔 
2025-09-02 20:21:02,967 - INFO - 📈 已处理600763 通策医疗 
2025-09-02 20:21:06,034 - INFO - 📈 已处理600764 中国海防 
2025-09-02 20:21:09,149 - INFO - 📈 已处理600765 中航重机 
2025-09-02 20:21:12,170 - INFO - 📈 已处理600766 退市园城 
2025-09-02 20:21:15,133 - INFO - 📈 已处理600767 退市运盛 
2025-09-02 20:21:15,133 - INFO - 📈 已处理 700/2701 只股票，成功 693 只
2025-09-02 20:21:18,132 - INFO - 📈 已处理600768 宁波富邦 
2025-09-02 20:21:21,148 - INFO - 📈 已处理600769 祥龙电业 
2025-09-02 20:21:24,216 - INFO - 📈 已处理600770 综艺股份 
2025-09-02 20:21:27,249 - INFO - 📈 已处理600771 广誉远 
2025-09-02 20:21:29,066 - INFO - 📈 已处理600772 S*ST龙昌 
2025-09-02 20:21:32,117 - INFO - 📈 已处理600773 西藏城投 
2025-09-02 20:21:35,200 - INFO - 📈 已处理600774 汉商集团 
2025-09-02 20:21:38,332 - INFO - 📈 已处理600775 南京熊猫 
2025-09-02 20:21:41,398 - INFO - 📈 已处理600776 东方通信 
2025-09-02 20:21:44,349 - INFO - 📈 已处理600777 *ST新潮 
2025-09-02 20:21:47,404 - INFO - 📈 已处理600778 友好集团 
2025-09-02 20:21:50,600 - INFO - 📈 已处理600779 水井坊 
2025-09-02 20:21:53,520 - INFO - 📈 已处理600780 通宝能源 
2025-09-02 20:21:56,624 - INFO - 📈 已处理600781 退市辅仁 
2025-09-02 20:21:59,701 - INFO - 📈 已处理600782 新钢股份 
2025-09-02 20:22:03,049 - INFO - 📈 已处理600783 鲁信创投 
2025-09-02 20:22:06,182 - INFO - 📈 已处理600784 鲁银投资 
2025-09-02 20:22:09,296 - INFO - 📈 已处理600785 新华百货 
2025-09-02 20:22:11,181 - INFO - 📈 已处理600786 东方锅炉 
2025-09-02 20:22:14,224 - INFO - 📈 已处理600787 中储股份 
2025-09-02 20:22:15,940 - INFO - 📈 已处理600788 *ST达曼 
2025-09-02 20:22:19,371 - INFO - 📈 已处理600789 鲁抗医药 
2025-09-02 20:22:22,561 - INFO - 📈 已处理600790 轻纺城 
2025-09-02 20:22:25,549 - INFO - 📈 已处理600791 京能置业 
2025-09-02 20:22:28,948 - INFO - 📈 已处理600792 云煤能源 
2025-09-02 20:22:32,124 - INFO - 📈 已处理600793 宜宾纸业 
2025-09-02 20:22:35,496 - INFO - 📈 已处理600794 保税科技 
2025-09-02 20:22:38,465 - INFO - 📈 已处理600795 国电电力 
2025-09-02 20:22:41,550 - INFO - 📈 已处理600796 钱江生化 
2025-09-02 20:22:44,614 - INFO - 📈 已处理600797 浙大网新 
2025-09-02 20:22:47,570 - INFO - 📈 已处理600798 宁波海运 
2025-09-02 20:22:49,231 - INFO - 📈 已处理600799 *ST龙科 
2025-09-02 20:22:52,498 - INFO - 📈 已处理600800 渤海化学 
2025-09-02 20:22:56,081 - INFO - 📈 已处理600801 华新水泥 
2025-09-02 20:22:59,505 - INFO - 📈 已处理600802 福建水泥 
2025-09-02 20:23:02,797 - INFO - 📈 已处理600803 新奥股份 
2025-09-02 20:23:06,167 - INFO - 📈 已处理600804 退市鹏博 
2025-09-02 20:23:09,780 - INFO - 📈 已处理600805 悦达投资 
2025-09-02 20:23:12,654 - INFO - 📈 已处理600806 退市昆机 
2025-09-02 20:23:15,786 - INFO - 📈 已处理600807 济高发展 
2025-09-02 20:23:19,096 - INFO - 📈 已处理600808 马钢股份 
2025-09-02 20:23:22,407 - INFO - 📈 已处理600809 山西汾酒 
2025-09-02 20:23:25,729 - INFO - 📈 已处理600810 神马股份 
2025-09-02 20:23:28,929 - INFO - 📈 已处理600811 *ST东方 
2025-09-02 20:23:32,280 - INFO - 📈 已处理600812 华北制药 
2025-09-02 20:23:34,065 - INFO - 📈 已处理600813 ST鞍一工 
2025-09-02 20:23:37,433 - INFO - 📈 已处理600814 杭州解百 
2025-09-02 20:23:40,768 - INFO - 📈 已处理600815 厦工股份 
2025-09-02 20:23:43,849 - INFO - 📈 已处理600816 建元信托 
2025-09-02 20:23:46,746 - INFO - 📈 已处理600817 宇通重工 
2025-09-02 20:23:46,746 - INFO - 📈 已处理 750/2701 只股票，成功 743 只
2025-09-02 20:23:49,880 - INFO - 📈 已处理600818 中路股份 
2025-09-02 20:23:53,145 - INFO - 📈 已处理600819 耀皮玻璃 
2025-09-02 20:23:56,459 - INFO - 📈 已处理600820 隧道股份 
2025-09-02 20:23:59,729 - INFO - 📈 已处理600821 金开新能 
2025-09-02 20:24:03,379 - INFO - 📈 已处理600822 上海物贸 
2025-09-02 20:24:06,546 - INFO - 📈 已处理600823 *ST世茂 
2025-09-02 20:24:09,835 - INFO - 📈 已处理600824 益民集团 
2025-09-02 20:24:13,245 - INFO - 📈 已处理600825 新华传媒 
2025-09-02 20:24:16,561 - INFO - 📈 已处理600826 兰生股份 
2025-09-02 20:24:19,843 - INFO - 📈 已处理600827 百联股份 
2025-09-02 20:24:22,994 - INFO - 📈 已处理600828 茂业商业 
2025-09-02 20:24:26,311 - INFO - 📈 已处理600829 人民同泰 
2025-09-02 20:24:29,578 - INFO - 📈 已处理600830 香溢融通 
2025-09-02 20:24:32,812 - INFO - 📈 已处理600831 ST广网 
2025-09-02 20:24:35,514 - INFO - 📈 已处理600832 东方明珠 
2025-09-02 20:24:38,662 - INFO - 📈 已处理600833 第一医药 
2025-09-02 20:24:41,944 - INFO - 📈 已处理600834 申通地铁 
2025-09-02 20:24:45,462 - INFO - 📈 已处理600835 上海机电 
2025-09-02 20:24:48,757 - INFO - 📈 已处理600836 *ST易连 
2025-09-02 20:24:51,762 - INFO - 📈 已处理600837 海通证券 
2025-09-02 20:24:55,078 - INFO - 📈 已处理600838 上海九百 
2025-09-02 20:24:58,323 - INFO - 📈 已处理600839 四川长虹 
2025-09-02 20:25:00,661 - INFO - 📈 已处理600840 新湖创业 
2025-09-02 20:25:03,945 - INFO - 📈 已处理600841 动力新科 
2025-09-02 20:25:06,080 - INFO - 📈 已处理600842 中西药业 
2025-09-02 20:25:09,316 - INFO - 📈 已处理600843 上工申贝 
2025-09-02 20:25:12,694 - INFO - 📈 已处理600844 金煤科技 
2025-09-02 20:25:15,908 - INFO - 📈 已处理600845 宝信软件 
2025-09-02 20:25:19,249 - INFO - 📈 已处理600846 同济科技 
2025-09-02 20:25:22,582 - INFO - 📈 已处理600847 万里股份 
2025-09-02 20:25:25,993 - INFO - 📈 已处理600848 上海临港 
2025-09-02 20:25:28,377 - INFO - 📈 已处理600849 上药转换 
2025-09-02 20:25:31,592 - INFO - 📈 已处理600850 电科数字 
2025-09-02 20:25:35,016 - INFO - 📈 已处理600851 海欣股份 
2025-09-02 20:25:36,894 - INFO - 📈 已处理600852 *ST中川 
2025-09-02 20:25:40,526 - INFO - 📈 已处理600853 龙建股份 
2025-09-02 20:25:43,743 - INFO - 📈 已处理600854 春兰股份 
2025-09-02 20:25:46,945 - INFO - 📈 已处理600855 航天长峰 
2025-09-02 20:25:49,809 - INFO - 📈 已处理600856 退市中天 
2025-09-02 20:25:53,204 - INFO - 📈 已处理600857 宁波中百 
2025-09-02 20:25:56,469 - INFO - 📈 已处理600858 银座股份 
2025-09-02 20:25:59,775 - INFO - 📈 已处理600859 王府井 
2025-09-02 20:26:03,089 - INFO - 📈 已处理600860 京城股份 
2025-09-02 20:26:06,771 - INFO - 📈 已处理600861 北京人力 
2025-09-02 20:26:09,930 - INFO - 📈 已处理600862 中航高科 
2025-09-02 20:26:13,367 - INFO - 📈 已处理600863 内蒙华电 
2025-09-02 20:26:16,786 - INFO - 📈 已处理600864 哈投股份 
2025-09-02 20:26:20,104 - INFO - 📈 已处理600865 百大集团 
2025-09-02 20:26:23,476 - INFO - 📈 已处理600866 星湖科技 
2025-09-02 20:26:26,725 - INFO - 📈 已处理600867 通化东宝 
2025-09-02 20:26:26,725 - INFO - 📈 已处理 800/2701 只股票，成功 793 只
2025-09-02 20:26:30,078 - INFO - 📈 已处理600868 梅雁吉祥 
2025-09-02 20:26:33,391 - INFO - 📈 已处理600869 远东股份 
2025-09-02 20:26:36,350 - INFO - 📈 已处理600870 退市厦华 
2025-09-02 20:26:39,642 - INFO - 📈 已处理600871 石化油服 
2025-09-02 20:26:42,873 - INFO - 📈 已处理600872 中炬高新 
2025-09-02 20:26:46,059 - INFO - 📈 已处理600873 梅花生物 
2025-09-02 20:26:49,416 - INFO - 📈 已处理600874 创业环保 
2025-09-02 20:26:52,883 - INFO - 📈 已处理600875 东方电气 
2025-09-02 20:26:56,076 - INFO - 📈 已处理600876 凯盛新能 
2025-09-02 20:26:59,609 - INFO - 📈 已处理600877 电科芯片 
2025-09-02 20:27:01,408 - INFO - 📈 已处理600878 *ST北科 
2025-09-02 20:27:04,591 - INFO - 📈 已处理600879 航天电子 
2025-09-02 20:27:07,792 - INFO - 📈 已处理600880 博瑞传播 
2025-09-02 20:27:10,924 - INFO - 📈 已处理600881 亚泰集团 
2025-09-02 20:27:14,032 - INFO - 📈 已处理600882 妙可蓝多 
2025-09-02 20:27:17,141 - INFO - 📈 已处理600883 博闻科技 
2025-09-02 20:27:20,222 - INFO - 📈 已处理600884 杉杉股份 
2025-09-02 20:27:23,275 - INFO - 📈 已处理600885 宏发股份 
2025-09-02 20:27:26,784 - INFO - 📈 已处理600886 国投电力 
2025-09-02 20:27:29,930 - INFO - 📈 已处理600887 伊利股份 
2025-09-02 20:27:33,157 - INFO - 📈 已处理600888 新疆众和 
2025-09-02 20:27:36,207 - INFO - 📈 已处理600889 南京化纤 
2025-09-02 20:27:38,889 - INFO - 📈 已处理600890 退市中房 
2025-09-02 20:27:41,693 - INFO - 📈 已处理600891 退市秋林 
2025-09-02 20:27:44,702 - INFO - 📈 已处理600892 *ST大晟 
2025-09-02 20:27:47,683 - INFO - 📈 已处理600893 航发动力 
2025-09-02 20:27:50,811 - INFO - 📈 已处理600894 广日股份 
2025-09-02 20:27:54,023 - INFO - 📈 已处理600895 张江高科 
2025-09-02 20:27:56,961 - INFO - 📈 已处理600896 退市海医 
2025-09-02 20:28:00,222 - INFO - 📈 已处理600897 厦门空港 
2025-09-02 20:28:03,088 - INFO - 📈 已处理600898 *ST美讯 
2025-09-02 20:28:04,924 - INFO - 📈 已处理600899 *ST信联 
2025-09-02 20:28:07,441 - INFO - 📈 已处理600900 长江电力 
2025-09-02 20:28:09,109 - INFO - 📈 已处理600901 江苏金租 
2025-09-02 20:28:10,822 - INFO - 📈 已处理600903 贵州燃气 
2025-09-02 20:28:12,291 - INFO - 📈 已处理600905 三峡能源 
2025-09-02 20:28:13,772 - INFO - 📈 已处理600906 财达证券 
2025-09-02 20:28:15,559 - INFO - 📈 已处理600908 无锡银行 
2025-09-02 20:28:17,350 - INFO - 📈 已处理600909 华安证券 
2025-09-02 20:28:18,839 - INFO - 📈 已处理600916 中国黄金 
2025-09-02 20:28:20,795 - INFO - 📈 已处理600917 重庆燃气 
2025-09-02 20:28:22,257 - INFO - 📈 已处理600918 中泰证券 
2025-09-02 20:28:24,003 - INFO - 📈 已处理600919 江苏银行 
2025-09-02 20:28:25,298 - INFO - 📈 已处理600925 苏能股份 
2025-09-02 20:28:27,074 - INFO - 📈 已处理600926 杭州银行 
2025-09-02 20:28:28,475 - INFO - 📈 已处理600927 永安期货 
2025-09-02 20:28:30,035 - INFO - 📈 已处理600928 西安银行 
2025-09-02 20:28:31,706 - INFO - 📈 已处理600929 雪天盐业 
2025-09-02 20:28:32,858 - INFO - 📈 已处理600930 华电新能 
2025-09-02 20:28:34,740 - INFO - 📈 已处理600933 爱柯迪 
2025-09-02 20:28:34,740 - INFO - 📈 已处理 850/2701 只股票，成功 843 只
2025-09-02 20:28:36,139 - INFO - 📈 已处理600935 华塑股份 
2025-09-02 20:28:37,939 - INFO - 📈 已处理600936 广西广电 
2025-09-02 20:28:39,323 - INFO - 📈 已处理600938 中国海油 
2025-09-02 20:28:41,057 - INFO - 📈 已处理600939 重庆建工 
2025-09-02 20:28:42,439 - INFO - 📈 已处理600941 中国移动 
2025-09-02 20:28:43,864 - INFO - 📈 已处理600955 维远股份 
2025-09-02 20:28:45,489 - INFO - 📈 已处理600956 新天绿能 
2025-09-02 20:28:47,316 - INFO - 📈 已处理600958 东方证券 
2025-09-02 20:28:50,088 - INFO - 📈 已处理600959 江苏有线 
2025-09-02 20:28:54,373 - INFO - 📈 已处理600960 渤海汽车 
2025-09-02 20:28:57,909 - INFO - 📈 已处理600961 株冶集团 
2025-09-02 20:29:00,522 - INFO - 📈 已处理600962 国投中鲁 
2025-09-02 20:29:03,580 - INFO - 📈 已处理600963 岳阳林纸 
2025-09-02 20:29:06,566 - INFO - 📈 已处理600965 福成股份 
2025-09-02 20:29:09,922 - INFO - 📈 已处理600966 博汇纸业 
2025-09-02 20:29:12,866 - INFO - 📈 已处理600967 内蒙一机 
2025-09-02 20:29:14,574 - INFO - 📈 已处理600968 海油发展 
2025-09-02 20:29:17,342 - INFO - 📈 已处理600969 郴电国际 
2025-09-02 20:29:20,809 - INFO - 📈 已处理600970 中材国际 
2025-09-02 20:29:24,122 - INFO - 📈 已处理600971 恒源煤电 
2025-09-02 20:29:27,288 - INFO - 📈 已处理600973 宝胜股份 
2025-09-02 20:29:30,498 - INFO - 📈 已处理600975 新五丰 
2025-09-02 20:29:33,721 - INFO - 📈 已处理600976 健民集团 
2025-09-02 20:29:35,761 - INFO - 📈 已处理600977 中国电影 
2025-09-02 20:29:38,076 - INFO - 📈 已处理600978 *ST宜生 
2025-09-02 20:29:40,780 - INFO - 📈 已处理600979 广安爱众 
2025-09-02 20:29:43,782 - INFO - 📈 已处理600980 北矿科技 
2025-09-02 20:29:47,632 - INFO - 📈 已处理600981 汇鸿集团 
2025-09-02 20:29:52,334 - INFO - 📈 已处理600982 宁波能源 
2025-09-02 20:29:55,578 - INFO - 📈 已处理600983 惠而浦 
2025-09-02 20:29:58,820 - INFO - 📈 已处理600984 建设机械 
2025-09-02 20:30:02,403 - INFO - 📈 已处理600985 淮北矿业 
2025-09-02 20:30:05,770 - INFO - 📈 已处理600986 浙文互联 
2025-09-02 20:30:08,574 - INFO - 📈 已处理600987 航民股份 
2025-09-02 20:30:11,863 - INFO - 📈 已处理600988 赤峰黄金 
2025-09-02 20:30:14,019 - INFO - 📈 已处理600989 宝丰能源 
2025-09-02 20:30:18,254 - INFO - 📈 已处理600990 四创电子 
2025-09-02 20:30:20,085 - INFO - 📈 已处理600991 广汽长丰 
2025-09-02 20:30:23,437 - INFO - 📈 已处理600992 贵绳股份 
2025-09-02 20:30:26,901 - INFO - 📈 已处理600993 马应龙 
2025-09-02 20:30:30,220 - INFO - 📈 已处理600995 南网储能 
2025-09-02 20:30:32,391 - INFO - 📈 已处理600996 贵广网络 
2025-09-02 20:30:35,762 - INFO - 📈 已处理600997 开滦股份 
2025-09-02 20:30:38,137 - INFO - 📈 已处理600998 九州通 
2025-09-02 20:30:41,952 - INFO - 📈 已处理600999 招商证券 
2025-09-02 20:30:44,338 - INFO - 📈 已处理601000 唐山港 
2025-09-02 20:30:46,866 - INFO - 📈 已处理601001 晋控煤业 
2025-09-02 20:30:50,137 - INFO - 📈 已处理601002 晋亿实业 
2025-09-02 20:30:53,819 - INFO - 📈 已处理601003 柳钢股份 
2025-09-02 20:30:56,807 - INFO - 📈 已处理601005 重庆钢铁 
2025-09-02 20:30:56,807 - INFO - 📈 已处理 900/2701 只股票，成功 893 只
2025-09-02 20:30:59,936 - INFO - 📈 已处理601006 大秦铁路 
2025-09-02 20:31:05,463 - INFO - 📈 已处理601007 金陵饭店 
2025-09-02 20:31:08,186 - INFO - 📈 已处理601008 连云港 
2025-09-02 20:31:11,418 - INFO - 📈 已处理601009 南京银行 
2025-09-02 20:31:14,369 - INFO - 📈 已处理601010 文峰股份 
2025-09-02 20:31:17,353 - INFO - 📈 已处理601011 宝泰隆 
2025-09-02 20:31:20,336 - INFO - 📈 已处理601012 隆基绿能 
2025-09-02 20:31:23,369 - INFO - 📈 已处理601015 陕西黑猫 
2025-09-02 20:31:25,964 - INFO - 📈 已处理601016 节能风电 
2025-09-02 20:31:28,616 - INFO - 📈 已处理601018 宁波港 
2025-09-02 20:31:30,512 - INFO - 📈 已处理601019 山东出版 
2025-09-02 20:31:33,471 - INFO - 📈 已处理601020 华钰矿业 
2025-09-02 20:31:35,617 - INFO - 📈 已处理601021 春秋航空 
2025-09-02 20:31:37,792 - INFO - 📈 已处理601022 宁波远洋 
2025-09-02 20:31:40,437 - INFO - 📈 已处理601028 玉龙股份 
2025-09-02 20:31:41,751 - INFO - 📈 已处理601033 永兴股份 
2025-09-02 20:31:44,552 - INFO - 📈 已处理601038 一拖股份 
2025-09-02 20:31:47,074 - INFO - 📈 已处理601058 赛轮轮胎 
2025-09-02 20:31:48,463 - INFO - 📈 已处理601059 信达证券 
2025-09-02 20:31:50,101 - INFO - 📈 已处理601061 中信金属 
2025-09-02 20:31:51,485 - INFO - 📈 已处理601065 江盐集团 
2025-09-02 20:31:53,451 - INFO - 📈 已处理601066 中信建投 
2025-09-02 20:31:55,345 - INFO - 📈 已处理601068 中铝国际 
2025-09-02 20:31:57,535 - INFO - 📈 已处理601069 西部黄金 
2025-09-02 20:31:59,345 - INFO - 📈 已处理601077 渝农商行 
2025-09-02 20:32:00,667 - INFO - 📈 已处理601083 锦江航运 
2025-09-02 20:32:03,417 - INFO - 📈 已处理601086 国芳集团 
2025-09-02 20:32:06,001 - INFO - 📈 已处理601088 中国神华 
2025-09-02 20:32:07,416 - INFO - 📈 已处理601089 福元医药 
2025-09-02 20:32:10,018 - INFO - 📈 已处理601096 宏盛华源 
2025-09-02 20:32:12,868 - INFO - 📈 已处理601098 中南传媒 
2025-09-02 20:32:15,434 - INFO - 📈 已处理601099 太平洋 
2025-09-02 20:32:18,433 - INFO - 📈 已处理601100 恒立液压 
2025-09-02 20:32:20,882 - INFO - 📈 已处理601101 昊华能源 
2025-09-02 20:32:23,681 - INFO - 📈 已处理601106 中国一重 
2025-09-02 20:32:26,871 - INFO - 📈 已处理601107 四川成渝 
2025-09-02 20:32:28,654 - INFO - 📈 已处理601108 财通证券 
2025-09-02 20:32:31,382 - INFO - 📈 已处理601111 中国国航 
2025-09-02 20:32:34,077 - INFO - 📈 已处理601113 华鼎股份 
2025-09-02 20:32:37,141 - INFO - 📈 已处理601116 三江购物 
2025-09-02 20:32:40,221 - INFO - 📈 已处理601117 中国化学 
2025-09-02 20:32:42,967 - INFO - 📈 已处理601118 海南橡胶 
2025-09-02 20:32:44,380 - INFO - 📈 已处理601121 宝地矿业 
2025-09-02 20:32:47,703 - INFO - 📈 已处理601126 四方股份 
2025-09-02 20:32:50,055 - INFO - 📈 已处理601127 赛力斯 
2025-09-02 20:32:52,392 - INFO - 📈 已处理601128 常熟银行 
2025-09-02 20:32:53,776 - INFO - 📈 已处理601133 柏诚股份 
2025-09-02 20:32:55,346 - INFO - 📈 已处理601136 首创证券 
2025-09-02 20:32:57,736 - INFO - 📈 已处理601137 博威合金 
2025-09-02 20:32:59,646 - INFO - 📈 已处理601138 工业富联 
2025-09-02 20:32:59,647 - INFO - 📈 已处理 950/2701 只股票，成功 943 只
2025-09-02 20:33:02,667 - INFO - 📈 已处理601139 深圳燃气 
2025-09-02 20:33:04,873 - INFO - 📈 已处理601155 新城控股 
2025-09-02 20:33:06,551 - INFO - 📈 已处理601156 东航物流 
2025-09-02 20:33:09,290 - INFO - 📈 已处理601158 重庆水务 
2025-09-02 20:33:11,721 - INFO - 📈 已处理601162 天风证券 
2025-09-02 20:33:13,935 - INFO - 📈 已处理601163 三角轮胎 
2025-09-02 20:33:17,269 - INFO - 📈 已处理601166 兴业银行 
2025-09-02 20:33:20,267 - INFO - 📈 已处理601168 西部矿业 
2025-09-02 20:33:24,034 - INFO - 📈 已处理601169 北京银行 
2025-09-02 20:33:26,671 - INFO - 📈 已处理601177 杭齿前进 
2025-09-02 20:33:29,152 - INFO - 📈 已处理601179 中国西电 
2025-09-02 20:33:32,013 - INFO - 📈 已处理601186 中国铁建 
2025-09-02 20:33:34,030 - INFO - 📈 已处理601187 厦门银行 
2025-09-02 20:33:36,516 - INFO - 📈 已处理601188 龙江交通 
2025-09-02 20:33:38,958 - INFO - 📈 已处理601198 东兴证券 
2025-09-02 20:33:42,004 - INFO - 📈 已处理601199 江南水务 
2025-09-02 20:33:43,857 - INFO - 📈 已处理601200 上海环境 
2025-09-02 20:33:47,103 - INFO - 📈 已处理601208 东材科技 
2025-09-02 20:33:49,147 - INFO - 📈 已处理601211 国泰海通 
2025-09-02 20:33:51,066 - INFO - 📈 已处理601212 白银有色 
2025-09-02 20:33:53,512 - INFO - 📈 已处理601216 君正集团 
2025-09-02 20:33:56,132 - INFO - 📈 已处理601218 吉鑫科技 
2025-09-02 20:33:58,464 - INFO - 📈 已处理601222 林洋能源 
2025-09-02 20:34:00,649 - INFO - 📈 已处理601225 陕西煤业 
2025-09-02 20:34:03,049 - INFO - 📈 已处理601226 华电科工 
2025-09-02 20:34:04,931 - INFO - 📈 已处理601228 广州港 
2025-09-02 20:34:06,933 - INFO - 📈 已处理601229 上海银行 
2025-09-02 20:34:09,697 - INFO - 📈 已处理601231 环旭电子 
2025-09-02 20:34:12,229 - INFO - 📈 已处理601233 桐昆股份 
2025-09-02 20:34:13,899 - INFO - 📈 已处理601236 红塔证券 
2025-09-02 20:34:16,482 - INFO - 📈 已处理601238 广汽集团 
2025-09-02 20:34:18,792 - INFO - 📈 已处理601258 *ST庞大 
2025-09-02 20:34:20,308 - INFO - 📈 已处理601268 *ST二重 
2025-09-02 20:34:21,861 - INFO - 📈 已处理601279 英利汽车 
2025-09-02 20:34:24,165 - INFO - 📈 已处理601288 农业银行 
2025-09-02 20:34:25,847 - INFO - 📈 已处理601298 青岛港 
2025-09-02 20:34:27,448 - INFO - 📈 已处理601299 中国北车 
2025-09-02 20:34:30,114 - INFO - 📈 已处理601311 骆驼股份 
2025-09-02 20:34:32,954 - INFO - 📈 已处理601318 中国平安 
2025-09-02 20:34:34,679 - INFO - 📈 已处理601319 中国人保 
2025-09-02 20:34:36,483 - INFO - 📈 已处理601326 秦港股份 
2025-09-02 20:34:39,979 - INFO - 📈 已处理601328 交通银行 
2025-09-02 20:34:42,099 - INFO - 📈 已处理601330 绿色动力 
2025-09-02 20:34:44,828 - INFO - 📈 已处理601333 广深铁路 
2025-09-02 20:34:47,425 - INFO - 📈 已处理601336 新华保险 
2025-09-02 20:34:49,495 - INFO - 📈 已处理601339 百隆东方 
2025-09-02 20:34:52,364 - INFO - 📈 已处理601360 三六零 
2025-09-02 20:34:54,447 - INFO - 📈 已处理601366 利群股份 
2025-09-02 20:34:56,530 - INFO - 📈 已处理601368 绿城水务 
2025-09-02 20:34:58,980 - INFO - 📈 已处理601369 陕鼓动力 
2025-09-02 20:34:58,980 - INFO - 📈 已处理 1000/2701 只股票，成功 993 只
2025-09-02 20:35:01,098 - INFO - 📈 已处理601375 中原证券 
2025-09-02 20:35:03,613 - INFO - 📈 已处理601377 兴业证券 
2025-09-02 20:35:05,913 - INFO - 📈 已处理601388 怡球资源 
2025-09-02 20:35:08,813 - INFO - 📈 已处理601390 中国中铁 
2025-09-02 20:35:11,796 - INFO - 📈 已处理601398 工商银行 
2025-09-02 20:35:13,713 - INFO - 📈 已处理601399 国机重装 
2025-09-02 20:35:15,280 - INFO - 📈 已处理601456 国联民生 
2025-09-02 20:35:17,175 - INFO - 📈 已处理601500 通用股份 
2025-09-02 20:35:18,714 - INFO - 📈 已处理601512 中新集团 
2025-09-02 20:35:21,230 - INFO - 📈 已处理601515 东峰集团 
2025-09-02 20:35:23,612 - INFO - 📈 已处理601518 吉林高速 
2025-09-02 20:35:26,397 - INFO - 📈 已处理601519 大智慧 
2025-09-02 20:35:27,913 - INFO - 📈 已处理601528 瑞丰银行 
2025-09-02 20:35:30,139 - INFO - 📈 已处理601555 东吴证券 
2025-09-02 20:35:32,816 - INFO - 📈 已处理601558 退市锐电 
2025-09-02 20:35:35,864 - INFO - 📈 已处理601566 九牧王 
2025-09-02 20:35:39,499 - INFO - 📈 已处理601567 三星医疗 
2025-09-02 20:35:41,063 - INFO - 📈 已处理601568 北元集团 
2025-09-02 20:35:43,128 - INFO - 📈 已处理601577 长沙银行 
2025-09-02 20:35:45,596 - INFO - 📈 已处理601579 会稽山 
2025-09-02 20:35:48,262 - INFO - 📈 已处理601588 北辰实业 
2025-09-02 20:35:50,345 - INFO - 📈 已处理601595 上海电影 
2025-09-02 20:35:52,178 - INFO - 📈 已处理601598 中国外运 
2025-09-02 20:35:54,879 - INFO - 📈 已处理601599 浙文影业 
2025-09-02 20:35:58,095 - INFO - 📈 已处理601600 中国铝业 
2025-09-02 20:36:02,677 - INFO - 📈 已处理601601 中国太保 
2025-09-02 20:36:04,554 - INFO - 📈 已处理601606 长城军工 
2025-09-02 20:36:09,228 - INFO - 📈 已处理601607 上海医药 
2025-09-02 20:36:11,507 - INFO - 📈 已处理601608 中信重工 
2025-09-02 20:36:13,243 - INFO - 📈 已处理601609 金田股份 
2025-09-02 20:36:15,193 - INFO - 📈 已处理601611 中国核建 
2025-09-02 20:36:16,908 - INFO - 📈 已处理601615 明阳智能 
2025-09-02 20:36:19,179 - INFO - 📈 已处理601616 广电电气 
2025-09-02 20:36:21,746 - INFO - 📈 已处理601618 中国中冶 
2025-09-02 20:36:23,528 - INFO - 📈 已处理601619 嘉泽新能 
2025-09-02 20:36:27,108 - INFO - 📈 已处理601628 中国人寿 
2025-09-02 20:36:30,006 - INFO - 📈 已处理601633 长城汽车 
2025-09-02 20:36:32,345 - INFO - 📈 已处理601636 旗滨集团 
2025-09-02 20:36:34,287 - INFO - 📈 已处理601658 邮储银行 
2025-09-02 20:36:35,805 - INFO - 📈 已处理601665 齐鲁银行 
2025-09-02 20:36:38,810 - INFO - 📈 已处理601666 平煤股份 
2025-09-02 20:36:41,310 - INFO - 📈 已处理601668 中国建筑 
2025-09-02 20:36:43,844 - INFO - 📈 已处理601669 中国电建 
2025-09-02 20:36:46,260 - INFO - 📈 已处理601677 明泰铝业 
2025-09-02 20:36:48,752 - INFO - 📈 已处理601678 滨化股份 
2025-09-02 20:36:50,490 - INFO - 📈 已处理601686 友发集团 
2025-09-02 20:36:53,472 - INFO - 📈 已处理601688 华泰证券 
2025-09-02 20:36:55,654 - INFO - 📈 已处理601689 拓普集团 
2025-09-02 20:36:57,598 - INFO - 📈 已处理601696 中银证券 
2025-09-02 20:36:59,302 - INFO - 📈 已处理601698 中国卫通 
2025-09-02 20:36:59,303 - INFO - 📈 已处理 1050/2701 只股票，成功 1043 只
2025-09-02 20:37:02,810 - INFO - 📈 已处理601699 潞安环能 
2025-09-02 20:37:05,572 - INFO - 📈 已处理601700 风范股份 
2025-09-02 20:37:07,161 - INFO - 📈 已处理601702 华峰铝业 
2025-09-02 20:37:09,699 - INFO - 📈 已处理601717 中创智领 
2025-09-02 20:37:12,837 - INFO - 📈 已处理601718 际华集团 
2025-09-02 20:37:15,820 - INFO - 📈 已处理601727 上海电气 
2025-09-02 20:37:17,326 - INFO - 📈 已处理601728 中国电信 
2025-09-02 20:37:20,490 - INFO - 📈 已处理601766 中国中车 
2025-09-02 20:37:23,486 - INFO - 📈 已处理601777 千里科技 
2025-09-02 20:37:25,090 - INFO - 📈 已处理601778 晶科科技 
2025-09-02 20:37:28,503 - INFO - 📈 已处理601788 光大证券 
2025-09-02 20:37:31,927 - INFO - 📈 已处理601789 宁波建工 
2025-09-02 20:37:34,531 - INFO - 📈 已处理601798 蓝科高新 
2025-09-02 20:37:37,470 - INFO - 📈 已处理601799 星宇股份 
2025-09-02 20:37:39,732 - INFO - 📈 已处理601800 中国交建 
2025-09-02 20:37:42,420 - INFO - 📈 已处理601801 皖新传媒 
2025-09-02 20:37:45,044 - INFO - 📈 已处理601808 中海油服 
2025-09-02 20:37:47,250 - INFO - 📈 已处理601811 新华文轩 
2025-09-02 20:37:49,071 - INFO - 📈 已处理601816 京沪高铁 
2025-09-02 20:37:53,156 - INFO - 📈 已处理601818 光大银行 
2025-09-02 20:37:54,637 - INFO - 📈 已处理601825 沪农商行 
2025-09-02 20:37:56,641 - INFO - 📈 已处理601827 三峰环境 
2025-09-02 20:37:58,454 - INFO - 📈 已处理601828 美凯龙 
2025-09-02 20:38:00,439 - INFO - 📈 已处理601838 成都银行 
2025-09-02 20:38:03,460 - INFO - 📈 已处理601857 中国石油 
2025-09-02 20:38:05,494 - INFO - 📈 已处理601858 中国科传 
2025-09-02 20:38:07,334 - INFO - 📈 已处理601860 紫金银行 
2025-09-02 20:38:09,102 - INFO - 📈 已处理601865 福莱特 
2025-09-02 20:38:11,576 - INFO - 📈 已处理601866 中远海发 
2025-09-02 20:38:13,125 - INFO - 📈 已处理601868 中国能建 
2025-09-02 20:38:14,940 - INFO - 📈 已处理601869 长飞光纤 
2025-09-02 20:38:17,509 - INFO - 📈 已处理601872 招商轮船 
2025-09-02 20:38:19,839 - INFO - 📈 已处理601877 正泰电器 
2025-09-02 20:38:21,715 - INFO - 📈 已处理601878 浙商证券 
2025-09-02 20:38:24,006 - INFO - 📈 已处理601880 辽港股份 
2025-09-02 20:38:25,898 - INFO - 📈 已处理601881 中国银河 
2025-09-02 20:38:27,811 - INFO - 📈 已处理601882 海天精工 
2025-09-02 20:38:30,110 - INFO - 📈 已处理601886 江河集团 
2025-09-02 20:38:32,488 - INFO - 📈 已处理601888 中国中免 
2025-09-02 20:38:34,838 - INFO - 📈 已处理601890 亚星锚链 
2025-09-02 20:38:37,326 - INFO - 📈 已处理601898 中煤能源 
2025-09-02 20:38:39,809 - INFO - 📈 已处理601899 紫金矿业 
2025-09-02 20:38:41,815 - INFO - 📈 已处理601900 南方传媒 
2025-09-02 20:38:44,068 - INFO - 📈 已处理601901 方正证券 
2025-09-02 20:38:46,335 - INFO - 📈 已处理601908 京运通 
2025-09-02 20:38:48,003 - INFO - 📈 已处理601916 浙商银行 
2025-09-02 20:38:50,479 - INFO - 📈 已处理601918 新集能源 
2025-09-02 20:38:52,961 - INFO - 📈 已处理601919 中远海控 
2025-09-02 20:38:54,541 - INFO - 📈 已处理601921 浙版传媒 
2025-09-02 20:38:56,637 - INFO - 📈 已处理601928 凤凰传媒 
2025-09-02 20:38:56,637 - INFO - 📈 已处理 1100/2701 只股票，成功 1093 只
2025-09-02 20:38:58,821 - INFO - 📈 已处理601929 吉视传媒 
2025-09-02 20:39:01,020 - INFO - 📈 已处理601933 永辉超市 
2025-09-02 20:39:03,812 - INFO - 📈 已处理601939 建设银行 
2025-09-02 20:39:05,608 - INFO - 📈 已处理601949 中国出版 
2025-09-02 20:39:07,377 - INFO - 📈 已处理601952 苏垦农发 
2025-09-02 20:39:08,877 - INFO - 📈 已处理601956 东贝集团 
2025-09-02 20:39:11,206 - INFO - 📈 已处理601958 金钼股份 
2025-09-02 20:39:12,665 - INFO - 📈 已处理601963 重庆银行 
2025-09-02 20:39:14,713 - INFO - 📈 已处理601965 中国汽研 
2025-09-02 20:39:16,569 - INFO - 📈 已处理601966 玲珑轮胎 
2025-09-02 20:39:18,459 - INFO - 📈 已处理601968 宝钢包装 
2025-09-02 20:39:20,402 - INFO - 📈 已处理601969 海南矿业 
2025-09-02 20:39:22,080 - INFO - 📈 已处理601975 招商南油 
2025-09-02 20:39:23,968 - INFO - 📈 已处理601985 中国核电 
2025-09-02 20:39:26,457 - INFO - 📈 已处理601988 中国银行 
2025-09-02 20:39:28,625 - INFO - 📈 已处理601989 中国重工 
2025-09-02 20:39:30,308 - INFO - 📈 已处理601990 南京证券 
2025-09-02 20:39:32,856 - INFO - 📈 已处理601991 大唐发电 
2025-09-02 20:39:34,974 - INFO - 📈 已处理601992 金隅集团 
2025-09-02 20:39:36,475 - INFO - 📈 已处理601995 中金公司 
2025-09-02 20:39:38,562 - INFO - 📈 已处理601996 丰林集团 
2025-09-02 20:39:40,354 - INFO - 📈 已处理601997 贵阳银行 
2025-09-02 20:39:42,757 - INFO - 📈 已处理601998 中信银行 
2025-09-02 20:39:45,159 - INFO - 📈 已处理601999 出版传媒 
2025-09-02 20:39:47,228 - INFO - 📈 已处理603000 人民网 
2025-09-02 20:39:49,383 - INFO - 📈 已处理603001 奥康国际 
2025-09-02 20:39:51,472 - INFO - 📈 已处理603002 宏昌电子 
2025-09-02 20:39:53,528 - INFO - 📈 已处理603003 退市龙宇 
2025-09-02 20:39:54,808 - INFO - 📈 已处理603004 鼎龙科技 
2025-09-02 20:39:56,781 - INFO - 📈 已处理603005 晶方科技 
2025-09-02 20:39:58,850 - INFO - 📈 已处理603006 联明股份 
2025-09-02 20:40:00,646 - INFO - 📈 已处理603007 *ST花王 
2025-09-02 20:40:02,698 - INFO - 📈 已处理603008 喜临门 
2025-09-02 20:40:04,651 - INFO - 📈 已处理603009 北特科技 
2025-09-02 20:40:06,505 - INFO - 📈 已处理603010 万盛股份 
2025-09-02 20:40:08,405 - INFO - 📈 已处理603011 合锻智能 
2025-09-02 20:40:10,316 - INFO - 📈 已处理603012 创力集团 
2025-09-02 20:40:12,041 - INFO - 📈 已处理603013 亚普股份 
2025-09-02 20:40:13,250 - INFO - 📈 已处理603014 威高血净 
2025-09-02 20:40:15,155 - INFO - 📈 已处理603015 弘讯科技 
2025-09-02 20:40:16,961 - INFO - 📈 已处理603016 新宏泰 
2025-09-02 20:40:18,901 - INFO - 📈 已处理603017 中衡设计 
2025-09-02 20:40:20,834 - INFO - 📈 已处理603018 华设集团 
2025-09-02 20:40:22,772 - INFO - 📈 已处理603019 中科曙光 
2025-09-02 20:40:24,681 - INFO - 📈 已处理603020 爱普股份 
2025-09-02 20:40:26,527 - INFO - 📈 已处理603021 ST华鹏 
2025-09-02 20:40:28,408 - INFO - 📈 已处理603022 新通联 
2025-09-02 20:40:30,309 - INFO - 📈 已处理603023 威帝股份 
2025-09-02 20:40:32,196 - INFO - 📈 已处理603025 大豪科技 
2025-09-02 20:40:34,107 - INFO - 📈 已处理603026 石大胜华 
2025-09-02 20:40:34,107 - INFO - 📈 已处理 1150/2701 只股票，成功 1143 只
2025-09-02 20:40:35,971 - INFO - 📈 已处理603027 千禾味业 
2025-09-02 20:40:37,797 - INFO - 📈 已处理603028 赛福天 
2025-09-02 20:40:39,607 - INFO - 📈 已处理603029 天鹅股份 
2025-09-02 20:40:41,486 - INFO - 📈 已处理603030 全筑股份 
2025-09-02 20:40:43,282 - INFO - 📈 已处理603031 安孚科技 
2025-09-02 20:40:45,030 - INFO - 📈 已处理603032 德新科技 
2025-09-02 20:40:46,845 - INFO - 📈 已处理603033 三维股份 
2025-09-02 20:40:48,654 - INFO - 📈 已处理603035 常熟汽饰 
2025-09-02 20:40:50,400 - INFO - 📈 已处理603036 如通股份 
2025-09-02 20:40:52,186 - INFO - 📈 已处理603037 凯众股份 
2025-09-02 20:40:53,958 - INFO - 📈 已处理603038 华立股份 
2025-09-02 20:40:55,716 - INFO - 📈 已处理603039 泛微网络 
2025-09-02 20:40:57,485 - INFO - 📈 已处理603040 新坐标 
2025-09-02 20:40:59,276 - INFO - 📈 已处理603041 美思德 
2025-09-02 20:41:01,080 - INFO - 📈 已处理603042 华脉科技 
2025-09-02 20:41:02,845 - INFO - 📈 已处理603043 广州酒家 
2025-09-02 20:41:04,506 - INFO - 📈 已处理603045 福达合金 
2025-09-02 20:41:05,957 - INFO - 📈 已处理603048 浙江黎明 
2025-09-02 20:41:07,146 - INFO - 📈 已处理603049 中策橡胶 
2025-09-02 20:41:08,904 - INFO - 📈 已处理603050 科林电气 
2025-09-02 20:41:10,330 - INFO - 📈 已处理603051 鹿山新材 
2025-09-02 20:41:11,687 - INFO - 📈 已处理603052 可川科技 
2025-09-02 20:41:13,225 - INFO - 📈 已处理603053 成都燃气 
2025-09-02 20:41:14,973 - INFO - 📈 已处理603055 台华新材 
2025-09-02 20:41:16,641 - INFO - 📈 已处理603056 德邦股份 
2025-09-02 20:41:18,004 - INFO - 📈 已处理603057 紫燕食品 
2025-09-02 20:41:19,778 - INFO - 📈 已处理603058 永吉股份 
2025-09-02 20:41:21,451 - INFO - 📈 已处理603059 倍加洁 
2025-09-02 20:41:23,226 - INFO - 📈 已处理603060 国检集团 
2025-09-02 20:41:24,575 - INFO - 📈 已处理603061 金海通 
2025-09-02 20:41:25,876 - INFO - 📈 已处理603062 麦加芯彩 
2025-09-02 20:41:27,617 - INFO - 📈 已处理603063 禾望电气 
2025-09-02 20:41:28,969 - INFO - 📈 已处理603065 宿迁联盛 
2025-09-02 20:41:30,820 - INFO - 📈 已处理603066 音飞储存 
2025-09-02 20:41:32,609 - INFO - 📈 已处理603067 振华股份 
2025-09-02 20:41:34,235 - INFO - 📈 已处理603068 博通集成 
2025-09-02 20:41:36,109 - INFO - 📈 已处理603069 海汽集团 
2025-09-02 20:41:37,523 - INFO - 📈 已处理603070 万控智造 
2025-09-02 20:41:38,957 - INFO - 📈 已处理603071 物产环能 
2025-09-02 20:41:40,150 - INFO - 📈 已处理603072 天和磁材 
2025-09-02 20:41:41,518 - INFO - 📈 已处理603073 彩蝶实业 
2025-09-02 20:41:42,819 - INFO - 📈 已处理603075 热威股份 
2025-09-02 20:41:44,561 - INFO - 📈 已处理603076 乐惠国际 
2025-09-02 20:41:47,124 - INFO - 📈 已处理603077 和邦生物 
2025-09-02 20:41:48,890 - INFO - 📈 已处理603078 江化微 
2025-09-02 20:41:50,618 - INFO - 📈 已处理603079 圣达生物 
2025-09-02 20:41:52,353 - INFO - 📈 已处理603080 新疆火炬 
2025-09-02 20:41:54,107 - INFO - 📈 已处理603081 大丰实业 
2025-09-02 20:41:55,386 - INFO - 📈 已处理603082 北自科技 
2025-09-02 20:41:57,084 - INFO - 📈 已处理603083 剑桥科技 
2025-09-02 20:41:57,084 - INFO - 📈 已处理 1200/2701 只股票，成功 1193 只
2025-09-02 20:41:58,958 - INFO - 📈 已处理603085 天成自控 
2025-09-02 20:42:00,766 - INFO - 📈 已处理603086 先达股份 
2025-09-02 20:42:02,275 - INFO - 📈 已处理603087 甘李药业 
2025-09-02 20:42:04,183 - INFO - 📈 已处理603088 宁波精达 
2025-09-02 20:42:06,029 - INFO - 📈 已处理603089 正裕工业 
2025-09-02 20:42:07,829 - INFO - 📈 已处理603090 宏盛股份 
2025-09-02 20:42:09,051 - INFO - 📈 已处理603091 众鑫股份 
2025-09-02 20:42:10,673 - INFO - 📈 已处理603093 南华期货 
2025-09-02 20:42:12,239 - INFO - 📈 已处理603095 越剑智能 
2025-09-02 20:42:14,013 - INFO - 📈 已处理603096 新经典 
2025-09-02 20:42:15,423 - INFO - 📈 已处理603097 江苏华辰 
2025-09-02 20:42:17,302 - INFO - 📈 已处理603098 森特股份 
2025-09-02 20:42:19,298 - INFO - 📈 已处理603099 长白山 
2025-09-02 20:42:21,325 - INFO - 📈 已处理603100 川仪股份 
2025-09-02 20:42:23,191 - INFO - 📈 已处理603101 汇嘉时代 
2025-09-02 20:42:24,628 - INFO - 📈 已处理603102 百合股份 
2025-09-02 20:42:26,383 - INFO - 📈 已处理603103 横店影视 
2025-09-02 20:42:28,055 - INFO - 📈 已处理603105 芯能科技 
2025-09-02 20:42:29,858 - INFO - 📈 已处理603106 恒银科技 
2025-09-02 20:42:31,138 - INFO - 📈 已处理603107 上海汽配 
2025-09-02 20:42:33,018 - INFO - 📈 已处理603108 润达医疗 
2025-09-02 20:42:34,579 - INFO - 📈 已处理603109 神驰机电 
2025-09-02 20:42:36,302 - INFO - 📈 已处理603110 东方材料 
2025-09-02 20:42:38,162 - INFO - 📈 已处理603111 康尼机电 
2025-09-02 20:42:39,689 - INFO - 📈 已处理603112 华翔股份 
2025-09-02 20:42:41,443 - INFO - 📈 已处理603113 金能科技 
2025-09-02 20:42:43,038 - INFO - 📈 已处理603115 海星股份 
2025-09-02 20:42:44,911 - INFO - 📈 已处理603116 红蜻蜓 
2025-09-02 20:42:46,772 - INFO - 📈 已处理603117 万林物流 
2025-09-02 20:42:48,697 - INFO - 📈 已处理603118 共进股份 
2025-09-02 20:42:49,993 - INFO - 📈 已处理603119 浙江荣泰 
2025-09-02 20:42:51,160 - INFO - 📈 已处理603120 肯特催化 
2025-09-02 20:42:52,800 - INFO - 📈 已处理603121 华培动力 
2025-09-02 20:42:54,206 - INFO - 📈 已处理603122 合富中国 
2025-09-02 20:42:56,314 - INFO - 📈 已处理603123 翠微股份 
2025-09-02 20:42:57,510 - INFO - 📈 已处理603124 江南新材 
2025-09-02 20:42:58,854 - INFO - 📈 已处理603125 常青科技 
2025-09-02 20:43:00,743 - INFO - 📈 已处理603126 中材节能 
2025-09-02 20:43:02,443 - INFO - 📈 已处理603127 昭衍新药 
2025-09-02 20:43:04,451 - INFO - 📈 已处理603128 华贸物流 
2025-09-02 20:43:06,222 - INFO - 📈 已处理603129 春风动力 
2025-09-02 20:43:07,579 - INFO - 📈 已处理603130 云中马 
2025-09-02 20:43:09,403 - INFO - 📈 已处理603131 上海沪工 
2025-09-02 20:43:10,821 - INFO - 📈 已处理603132 金徽股份 
2025-09-02 20:43:12,455 - INFO - 📈 已处理603133 退市碳元 
2025-09-02 20:43:13,772 - INFO - 📈 已处理603135 中重科技 
2025-09-02 20:43:15,482 - INFO - 📈 已处理603136 天目湖 
2025-09-02 20:43:16,800 - INFO - 📈 已处理603137 恒尚节能 
2025-09-02 20:43:18,602 - INFO - 📈 已处理603138 海量数据 
2025-09-02 20:43:20,404 - INFO - 📈 已处理603139 康惠制药 
2025-09-02 20:43:20,404 - INFO - 📈 已处理 1250/2701 只股票，成功 1243 只
2025-09-02 20:43:21,818 - INFO - 📈 已处理603150 万朗磁塑 
2025-09-02 20:43:23,166 - INFO - 📈 已处理603151 邦基科技 
2025-09-02 20:43:24,482 - INFO - 📈 已处理603153 上海建科 
2025-09-02 20:43:25,941 - INFO - 📈 已处理603155 新亚强 
2025-09-02 20:43:27,586 - INFO - 📈 已处理603156 养元饮品 
2025-09-02 20:43:29,059 - INFO - 📈 已处理603157 退市拉夏 
2025-09-02 20:43:30,896 - INFO - 📈 已处理603158 腾龙股份 
2025-09-02 20:43:32,719 - INFO - 📈 已处理603159 上海亚虹 
2025-09-02 20:43:34,504 - INFO - 📈 已处理603160 汇顶科技 
2025-09-02 20:43:36,212 - INFO - 📈 已处理603161 科华控股 
2025-09-02 20:43:37,528 - INFO - 📈 已处理603162 海通发展 
2025-09-02 20:43:38,885 - INFO - 📈 已处理603163 圣晖集成 
2025-09-02 20:43:40,695 - INFO - 📈 已处理603165 荣晟环保 
2025-09-02 20:43:42,577 - INFO - 📈 已处理603166 福达股份 
2025-09-02 20:43:44,622 - INFO - 📈 已处理603167 渤海轮渡 
2025-09-02 20:43:46,488 - INFO - 📈 已处理603168 莎普爱思 
2025-09-02 20:43:48,379 - INFO - 📈 已处理603169 兰石重装 
2025-09-02 20:43:49,756 - INFO - 📈 已处理603170 宝立食品 
2025-09-02 20:43:51,169 - INFO - 📈 已处理603171 税友股份 
2025-09-02 20:43:52,471 - INFO - 📈 已处理603172 万丰股份 
2025-09-02 20:43:53,836 - INFO - 📈 已处理603173 福斯达 
2025-09-02 20:43:55,251 - INFO - 📈 已处理603176 汇通集团 
2025-09-02 20:43:57,003 - INFO - 📈 已处理603177 德创环保 
2025-09-02 20:43:58,758 - INFO - 📈 已处理603178 圣龙股份 
2025-09-02 20:44:00,515 - INFO - 📈 已处理603179 新泉股份 
2025-09-02 20:44:02,209 - INFO - 📈 已处理603180 金牌家居 
2025-09-02 20:44:03,919 - INFO - 📈 已处理603181 皇马科技 
2025-09-02 20:44:05,283 - INFO - 📈 已处理603182 嘉华股份 
2025-09-02 20:44:06,960 - INFO - 📈 已处理603183 建研院 
2025-09-02 20:44:08,606 - INFO - 📈 已处理603185 弘元绿能 
2025-09-02 20:44:10,319 - INFO - 📈 已处理603186 华正新材 
2025-09-02 20:44:11,945 - INFO - 📈 已处理603187 海容冷链 
2025-09-02 20:44:13,798 - INFO - 📈 已处理603188 亚邦股份 
2025-09-02 20:44:15,523 - INFO - 📈 已处理603189 网达软件 
2025-09-02 20:44:16,839 - INFO - 📈 已处理603190 亚通精工 
2025-09-02 20:44:18,234 - INFO - 📈 已处理603191 望变电气 
2025-09-02 20:44:19,864 - INFO - 📈 已处理603192 汇得科技 
2025-09-02 20:44:21,170 - INFO - 📈 已处理603193 润本股份 
2025-09-02 20:44:22,342 - INFO - 📈 已处理603194 中力股份 
2025-09-02 20:44:23,863 - INFO - 📈 已处理603195 公牛集团 
2025-09-02 20:44:25,603 - INFO - 📈 已处理603196 日播时尚 
2025-09-02 20:44:27,298 - INFO - 📈 已处理603197 保隆科技 
2025-09-02 20:44:29,131 - INFO - 📈 已处理603198 迎驾贡酒 
2025-09-02 20:44:30,966 - INFO - 📈 已处理603199 九华旅游 
2025-09-02 20:44:32,743 - INFO - 📈 已处理603200 上海洗霸 
2025-09-02 20:44:34,118 - INFO - 📈 已处理603201 常润股份 
2025-09-02 20:44:35,301 - INFO - 📈 已处理603202 天有为 
2025-09-02 20:44:37,033 - INFO - 📈 已处理603203 快克智能 
2025-09-02 20:44:38,236 - INFO - 📈 已处理603205 健尔康 
2025-09-02 20:44:39,630 - INFO - 📈 已处理603206 嘉环科技 
2025-09-02 20:44:39,631 - INFO - 📈 已处理 1300/2701 只股票，成功 1293 只
2025-09-02 20:44:40,844 - INFO - 📈 已处理603207 小方制药 
2025-09-02 20:44:42,608 - INFO - 📈 已处理603208 江山欧派 
2025-09-02 20:44:43,999 - INFO - 📈 已处理603209 兴通股份 
2025-09-02 20:44:45,173 - INFO - 📈 已处理603210 泰鸿万立 
2025-09-02 20:44:46,521 - INFO - 📈 已处理603211 晋拓股份 
2025-09-02 20:44:48,009 - INFO - 📈 已处理603212 赛伍技术 
2025-09-02 20:44:49,427 - INFO - 📈 已处理603213 镇洋发展 
2025-09-02 20:44:51,111 - INFO - 📈 已处理603214 爱婴室 
2025-09-02 20:44:52,511 - INFO - 📈 已处理603215 比依股份 
2025-09-02 20:44:53,920 - INFO - 📈 已处理603216 梦天家居 
2025-09-02 20:44:55,505 - INFO - 📈 已处理603217 元利科技 
2025-09-02 20:44:57,246 - INFO - 📈 已处理603218 日月股份 
2025-09-02 20:44:58,688 - INFO - 📈 已处理603219 富佳股份 
2025-09-02 20:45:00,287 - INFO - 📈 已处理603220 中贝通信 
2025-09-02 20:45:01,793 - INFO - 📈 已处理603221 爱丽家居 
2025-09-02 20:45:03,614 - INFO - 📈 已处理603222 济民健康 
2025-09-02 20:45:05,461 - INFO - 📈 已处理603223 恒通股份 
2025-09-02 20:45:07,219 - INFO - 📈 已处理603225 新凤鸣 
2025-09-02 20:45:08,912 - INFO - 📈 已处理603226 菲林格尔 
2025-09-02 20:45:10,762 - INFO - 📈 已处理603227 雪峰科技 
2025-09-02 20:45:12,527 - INFO - 📈 已处理603228 景旺电子 
2025-09-02 20:45:14,229 - INFO - 📈 已处理603229 奥翔药业 
2025-09-02 20:45:15,631 - INFO - 📈 已处理603230 内蒙新华 
2025-09-02 20:45:16,925 - INFO - 📈 已处理603231 索宝蛋白 
2025-09-02 20:45:18,649 - INFO - 📈 已处理603232 格尔软件 
2025-09-02 20:45:20,385 - INFO - 📈 已处理603233 大参林 
2025-09-02 20:45:21,776 - INFO - 📈 已处理603235 天新药业 
2025-09-02 20:45:23,354 - INFO - 📈 已处理603236 移远通信 
2025-09-02 20:45:24,733 - INFO - 📈 已处理603237 五芳斋 
2025-09-02 20:45:26,411 - INFO - 📈 已处理603238 诺邦股份 
2025-09-02 20:45:28,152 - INFO - 📈 已处理603239 浙江仙通 
2025-09-02 20:45:29,524 - INFO - 📈 已处理603255 鼎际得 
2025-09-02 20:45:31,097 - INFO - 📈 已处理603256 宏和科技 
2025-09-02 20:45:32,286 - INFO - 📈 已处理603257 中国瑞林 
2025-09-02 20:45:34,066 - INFO - 📈 已处理603258 电魂网络 
2025-09-02 20:45:35,810 - INFO - 📈 已处理603259 药明康德 
2025-09-02 20:45:37,575 - INFO - 📈 已处理603260 合盛硅业 
2025-09-02 20:45:38,956 - INFO - 📈 已处理603261 *ST立航 
2025-09-02 20:45:40,083 - INFO - 📈 已处理603262 技源集团 
2025-09-02 20:45:41,937 - INFO - 📈 已处理603266 天龙股份 
2025-09-02 20:45:43,596 - INFO - 📈 已处理603267 鸿远电子 
2025-09-02 20:45:45,463 - INFO - 📈 已处理603268 *ST松发 
2025-09-02 20:45:47,188 - INFO - 📈 已处理603269 海鸥股份 
2025-09-02 20:45:48,496 - INFO - 📈 已处理603270 金帝股份 
2025-09-02 20:45:49,676 - INFO - 📈 已处理603271 永杰新材 
2025-09-02 20:45:51,060 - INFO - 📈 已处理603272 联翔股份 
2025-09-02 20:45:52,347 - INFO - 📈 已处理603273 天元智能 
2025-09-02 20:45:53,631 - INFO - 📈 已处理603275 众辰科技 
2025-09-02 20:45:54,919 - INFO - 📈 已处理603276 恒兴新材 
2025-09-02 20:45:56,738 - INFO - 📈 已处理603277 银都股份 
2025-09-02 20:45:56,738 - INFO - 📈 已处理 1350/2701 只股票，成功 1343 只
2025-09-02 20:45:58,414 - INFO - 📈 已处理603278 大业股份 
2025-09-02 20:46:00,059 - INFO - 📈 已处理603279 景津装备 
2025-09-02 20:46:01,414 - INFO - 📈 已处理603280 南方路机 
2025-09-02 20:46:02,743 - INFO - 📈 已处理603281 江瀚新材 
2025-09-02 20:46:04,132 - INFO - 📈 已处理603282 亚光股份 
2025-09-02 20:46:05,840 - INFO - 📈 已处理603283 赛腾股份 
2025-09-02 20:46:07,053 - INFO - 📈 已处理603285 键邦股份 
2025-09-02 20:46:08,820 - INFO - 📈 已处理603286 日盈电子 
2025-09-02 20:46:10,853 - INFO - 📈 已处理603288 海天味业 
2025-09-02 20:46:12,551 - INFO - 📈 已处理603289 泰瑞机器 
2025-09-02 20:46:14,158 - INFO - 📈 已处理603290 斯达半导 
2025-09-02 20:46:15,563 - INFO - 📈 已处理603291 联合水务 
2025-09-02 20:46:16,994 - INFO - 📈 已处理603296 华勤技术 
2025-09-02 20:46:18,601 - INFO - 📈 已处理603297 永新光学 
2025-09-02 20:46:20,468 - INFO - 📈 已处理603298 杭叉集团 
2025-09-02 20:46:22,241 - INFO - 📈 已处理603299 苏盐井神 
2025-09-02 20:46:24,191 - INFO - 📈 已处理603300 海南华铁 
2025-09-02 20:46:25,825 - INFO - 📈 已处理603301 振德医疗 
2025-09-02 20:46:27,550 - INFO - 📈 已处理603303 得邦照明 
2025-09-02 20:46:29,270 - INFO - 📈 已处理603305 旭升集团 
2025-09-02 20:46:31,125 - INFO - 📈 已处理603306 华懋科技 
2025-09-02 20:46:32,536 - INFO - 📈 已处理603307 扬州金泉 
2025-09-02 20:46:34,433 - INFO - 📈 已处理603308 应流股份 
2025-09-02 20:46:36,267 - INFO - 📈 已处理603309 维力医疗 
2025-09-02 20:46:37,492 - INFO - 📈 已处理603310 巍华新材 
2025-09-02 20:46:39,325 - INFO - 📈 已处理603311 金海高科 
2025-09-02 20:46:40,597 - INFO - 📈 已处理603312 西典新能 
2025-09-02 20:46:42,336 - INFO - 📈 已处理603313 梦百合 
2025-09-02 20:46:44,329 - INFO - 📈 已处理603315 福鞍股份 
2025-09-02 20:46:46,063 - INFO - 📈 已处理603316 诚邦股份 
2025-09-02 20:46:47,751 - INFO - 📈 已处理603317 天味食品 
2025-09-02 20:46:49,561 - INFO - 📈 已处理603318 水发燃气 
2025-09-02 20:46:51,297 - INFO - 📈 已处理603319 美湖股份 
2025-09-02 20:46:53,083 - INFO - 📈 已处理603320 迪贝电气 
2025-09-02 20:46:54,829 - INFO - 📈 已处理603321 梅轮电梯 
2025-09-02 20:46:56,752 - INFO - 📈 已处理603322 超讯通信 
2025-09-02 20:46:58,505 - INFO - 📈 已处理603323 苏农银行 
2025-09-02 20:47:00,133 - INFO - 📈 已处理603324 盛剑科技 
2025-09-02 20:47:01,464 - INFO - 📈 已处理603325 博隆技术 
2025-09-02 20:47:03,463 - INFO - 📈 已处理603326 我乐家居 
2025-09-02 20:47:05,134 - INFO - 📈 已处理603327 福蓉科技 
2025-09-02 20:47:07,195 - INFO - 📈 已处理603328 依顿电子 
2025-09-02 20:47:08,876 - INFO - 📈 已处理603329 上海雅仕 
2025-09-02 20:47:10,629 - INFO - 📈 已处理603330 天洋新材 
2025-09-02 20:47:12,343 - INFO - 📈 已处理603331 百达精工 
2025-09-02 20:47:13,953 - INFO - 📈 已处理603332 苏州龙杰 
2025-09-02 20:47:15,976 - INFO - 📈 已处理603333 尚纬股份 
2025-09-02 20:47:17,705 - INFO - 📈 已处理603335 迪生力 
2025-09-02 20:47:19,429 - INFO - 📈 已处理603336 宏辉果蔬 
2025-09-02 20:47:21,171 - INFO - 📈 已处理603337 杰克股份 
2025-09-02 20:47:21,173 - INFO - 📈 已处理 1400/2701 只股票，成功 1393 只
2025-09-02 20:47:23,037 - INFO - 📈 已处理603338 浙江鼎力 
2025-09-02 20:47:24,848 - INFO - 📈 已处理603339 四方科技 
2025-09-02 20:47:26,125 - INFO - 📈 已处理603341 龙旗科技 
2025-09-02 20:47:27,348 - INFO - 📈 已处理603344 星德胜 
2025-09-02 20:47:29,086 - INFO - 📈 已处理603345 安井食品 
2025-09-02 20:47:30,745 - INFO - 📈 已处理603348 文灿股份 
2025-09-02 20:47:31,972 - INFO - 📈 已处理603350 安乃达 
2025-09-02 20:47:33,564 - INFO - 📈 已处理603351 威尔药业 
2025-09-02 20:47:35,177 - INFO - 📈 已处理603353 和顺石油 
2025-09-02 20:47:37,012 - INFO - 📈 已处理603355 莱克电气 
2025-09-02 20:47:38,670 - INFO - 📈 已处理603356 华菱精工 
2025-09-02 20:47:40,374 - INFO - 📈 已处理603357 设计总院 
2025-09-02 20:47:42,426 - INFO - 📈 已处理603358 华达科技 
2025-09-02 20:47:44,111 - INFO - 📈 已处理603359 东珠生态 
2025-09-02 20:47:45,901 - INFO - 📈 已处理603360 百傲化学 
2025-09-02 20:47:47,629 - INFO - 📈 已处理603363 傲农生物 
2025-09-02 20:47:49,289 - INFO - 📈 已处理603365 水星家纺 
2025-09-02 20:47:51,411 - INFO - 📈 已处理603366 日出东方 
2025-09-02 20:47:53,128 - INFO - 📈 已处理603367 辰欣药业 
2025-09-02 20:47:55,035 - INFO - 📈 已处理603368 柳药集团 
2025-09-02 20:47:57,008 - INFO - 📈 已处理603369 今世缘 
2025-09-02 20:47:59,479 - INFO - 📈 已处理603373 安邦护卫 
2025-09-02 20:48:00,776 - INFO - 📈 已处理603375 盛景微 
2025-09-02 20:48:02,578 - INFO - 📈 已处理603377 ST东时 
2025-09-02 20:48:04,322 - INFO - 📈 已处理603378 亚士创能 
2025-09-02 20:48:06,195 - INFO - 📈 已处理603379 三美股份 
2025-09-02 20:48:07,971 - INFO - 📈 已处理603380 易德龙 
2025-09-02 20:48:09,195 - INFO - 📈 已处理603381 永臻股份 
2025-09-02 20:48:10,481 - INFO - 📈 已处理603382 海阳科技 
2025-09-02 20:48:12,716 - INFO - 📈 已处理603383 顶点软件 
2025-09-02 20:48:14,545 - INFO - 📈 已处理603385 惠达卫浴 
2025-09-02 20:48:16,673 - INFO - 📈 已处理603386 骏亚科技 
2025-09-02 20:48:18,442 - INFO - 📈 已处理603387 基蛋生物 
2025-09-02 20:48:20,695 - INFO - 📈 已处理603388 *ST元成 
2025-09-02 20:48:22,711 - INFO - 📈 已处理603389 *ST亚振 
2025-09-02 20:48:25,281 - INFO - 📈 已处理603390 通达电气 
2025-09-02 20:48:26,553 - INFO - 📈 已处理603391 力聚热能 
2025-09-02 20:48:28,342 - INFO - 📈 已处理603392 万泰生物 
2025-09-02 20:48:30,195 - INFO - 📈 已处理603393 新天然气 
2025-09-02 20:48:31,771 - INFO - 📈 已处理603395 红四方 
2025-09-02 20:48:33,678 - INFO - 📈 已处理603396 金辰股份 
2025-09-02 20:48:36,033 - INFO - 📈 已处理603398 *ST沐邦 
2025-09-02 20:48:38,499 - INFO - 📈 已处理603399 永杉锂业 
2025-09-02 20:48:39,697 - INFO - 📈 已处理603400 华之杰 
2025-09-02 20:48:41,283 - INFO - 📈 已处理603406 天富龙 
2025-09-02 20:48:43,092 - INFO - 📈 已处理603408 建霖家居 
2025-09-02 20:48:44,277 - INFO - 📈 已处理603409 汇通控股 
2025-09-02 20:48:46,217 - INFO - 📈 已处理603416 信捷电气 
2025-09-02 20:48:48,045 - INFO - 📈 已处理603421 鼎信通讯 
2025-09-02 20:48:48,045 - INFO - 📈 已处理 1450/2701 只股票，成功 1442 只
2025-09-02 20:48:49,872 - INFO - 📈 已处理603429 集友股份 
2025-09-02 20:48:51,410 - INFO - 📈 已处理603439 贵州三力 
2025-09-02 20:48:54,227 - INFO - 📈 已处理603444 吉比特 
2025-09-02 20:48:56,911 - INFO - 📈 已处理603456 九洲药业 
2025-09-02 20:48:59,176 - INFO - 📈 已处理603458 勘设股份 
2025-09-02 20:49:01,391 - INFO - 📈 已处理603466 风语筑 
2025-09-02 20:49:03,149 - INFO - 📈 已处理603477 巨星农牧 
2025-09-02 20:49:04,864 - INFO - 📈 已处理603486 科沃斯 
2025-09-02 20:49:07,812 - INFO - 📈 已处理603488 展鹏科技 
2025-09-02 20:49:09,598 - INFO - 📈 已处理603489 八方股份 
2025-09-02 20:49:11,862 - INFO - 📈 已处理603496 恒为科技 
2025-09-02 20:49:13,809 - INFO - 📈 已处理603499 翔港科技 
2025-09-02 20:49:16,027 - INFO - 📈 已处理603500 祥和实业 
2025-09-02 20:49:18,055 - INFO - 📈 已处理603501 豪威集团 
2025-09-02 20:49:20,137 - INFO - 📈 已处理603505 金石资源 
2025-09-02 20:49:22,277 - INFO - 📈 已处理603506 南都物业 
2025-09-02 20:49:24,349 - INFO - 📈 已处理603507 振江股份 
2025-09-02 20:49:26,405 - INFO - 📈 已处理603508 思维列控 
2025-09-02 20:49:27,976 - INFO - 📈 已处理603511 爱慕股份 
2025-09-02 20:49:29,846 - INFO - 📈 已处理603515 欧普照明 
2025-09-02 20:49:31,575 - INFO - 📈 已处理603516 淳中科技 
2025-09-02 20:49:33,375 - INFO - 📈 已处理603517 绝味食品 
2025-09-02 20:49:35,636 - INFO - 📈 已处理603518 锦泓集团 
2025-09-02 20:49:37,960 - INFO - 📈 已处理603519 立霸股份 
2025-09-02 20:49:40,019 - INFO - 📈 已处理603520 司太立 
2025-09-02 20:49:42,060 - INFO - 📈 已处理603527 众源新材 
2025-09-02 20:49:45,661 - INFO - 📈 已处理603528 多伦科技 
2025-09-02 20:49:47,355 - INFO - 📈 已处理603529 爱玛科技 
2025-09-02 20:49:49,009 - INFO - 📈 已处理603530 神马电力 
2025-09-02 20:49:50,882 - INFO - 📈 已处理603533 掌阅科技 
2025-09-02 20:49:53,187 - INFO - 📈 已处理603535 嘉诚国际 
2025-09-02 20:49:55,076 - INFO - 📈 已处理603536 惠发食品 
2025-09-02 20:49:57,046 - INFO - 📈 已处理603538 美诺华 
2025-09-02 20:49:58,658 - INFO - 📈 已处理603551 奥普科技 
2025-09-02 20:50:00,758 - INFO - 📈 已处理603555 ST贵人 
2025-09-02 20:50:02,641 - INFO - 📈 已处理603556 海兴电力 
2025-09-02 20:50:04,539 - INFO - 📈 已处理603557 ST起步 
2025-09-02 20:50:07,332 - INFO - 📈 已处理603558 健盛集团 
2025-09-02 20:50:09,231 - INFO - 📈 已处理603559 ST通脉 
2025-09-02 20:50:10,793 - INFO - 📈 已处理603565 中谷物流 
2025-09-02 20:50:13,121 - INFO - 📈 已处理603566 普莱柯 
2025-09-02 20:50:15,242 - INFO - 📈 已处理603567 珍宝岛 
2025-09-02 20:50:17,225 - INFO - 📈 已处理603568 伟明环保 
2025-09-02 20:50:19,526 - INFO - 📈 已处理603569 长久物流 
2025-09-02 20:50:21,685 - INFO - 📈 已处理603577 汇金通 
2025-09-02 20:50:23,576 - INFO - 📈 已处理603578 三星新材 
2025-09-02 20:50:25,400 - INFO - 📈 已处理603579 荣泰健康 
2025-09-02 20:50:28,270 - INFO - 📈 已处理603580 *ST艾艾 
2025-09-02 20:50:29,960 - INFO - 📈 已处理603583 捷昌驱动 
2025-09-02 20:50:32,091 - INFO - 📈 已处理603585 苏利股份 
2025-09-02 20:50:32,091 - INFO - 📈 已处理 1500/2701 只股票，成功 1492 只
2025-09-02 20:50:34,478 - INFO - 📈 已处理603586 金麒麟 
2025-09-02 20:50:36,207 - INFO - 📈 已处理603587 地素时尚 
2025-09-02 20:50:38,558 - INFO - 📈 已处理603588 高能环境 
2025-09-02 20:50:40,594 - INFO - 📈 已处理603589 口子窖 
2025-09-02 20:50:42,632 - INFO - 📈 已处理603590 康辰药业 
2025-09-02 20:50:44,557 - INFO - 📈 已处理603595 东尼电子 
2025-09-02 20:50:46,328 - INFO - 📈 已处理603596 伯特利 
2025-09-02 20:50:48,541 - INFO - 📈 已处理603598 引力传媒 
2025-09-02 20:50:50,458 - INFO - 📈 已处理603599 广信股份 
2025-09-02 20:50:52,839 - INFO - 📈 已处理603600 永艺股份 
2025-09-02 20:50:55,285 - INFO - 📈 已处理603601 再升科技 
2025-09-02 20:50:57,178 - INFO - 📈 已处理603602 纵横通信 
2025-09-02 20:50:59,021 - INFO - 📈 已处理603603 退市博天 
2025-09-02 20:51:03,290 - INFO - 📈 已处理603605 珀莱雅 
2025-09-02 20:51:06,143 - INFO - 📈 已处理603606 东方电缆 
2025-09-02 20:51:08,309 - INFO - 📈 已处理603607 京华激光 
2025-09-02 20:51:10,216 - INFO - 📈 已处理603608 天创时尚 
2025-09-02 20:51:12,207 - INFO - 📈 已处理603609 禾丰股份 
2025-09-02 20:51:14,154 - INFO - 📈 已处理603610 麒盛科技 
2025-09-02 20:51:16,072 - INFO - 📈 已处理603611 诺力股份 
2025-09-02 20:51:18,557 - INFO - 📈 已处理603612 索通发展 
2025-09-02 20:51:20,174 - INFO - 📈 已处理603613 国联股份 
2025-09-02 20:51:22,211 - INFO - 📈 已处理603615 茶花股份 
2025-09-02 20:51:24,241 - INFO - 📈 已处理603616 韩建河山 
2025-09-02 20:51:26,117 - INFO - 📈 已处理603617 君禾股份 
2025-09-02 20:51:28,039 - INFO - 📈 已处理603618 杭电股份 
2025-09-02 20:51:30,422 - INFO - 📈 已处理603619 中曼石油 
2025-09-02 20:51:32,437 - INFO - 📈 已处理603626 科森科技 
2025-09-02 20:51:35,075 - INFO - 📈 已处理603628 清源股份 
2025-09-02 20:51:37,021 - INFO - 📈 已处理603629 利通电子 
2025-09-02 20:51:40,240 - INFO - 📈 已处理603630 拉芳家化 
2025-09-02 20:51:43,222 - INFO - 📈 已处理603633 徕木股份 
2025-09-02 20:51:46,598 - INFO - 📈 已处理603636 南威软件 
2025-09-02 20:51:48,540 - INFO - 📈 已处理603637 镇海股份 
2025-09-02 20:51:50,451 - INFO - 📈 已处理603638 艾迪精密 
2025-09-02 20:51:52,590 - INFO - 📈 已处理603639 海利尔 
2025-09-02 20:51:54,364 - INFO - 📈 已处理603648 畅联股份 
2025-09-02 20:51:56,741 - INFO - 📈 已处理603650 彤程新材 
2025-09-02 20:51:59,723 - INFO - 📈 已处理603655 朗博科技 
2025-09-02 20:52:02,221 - INFO - 📈 已处理603656 泰禾智能 
2025-09-02 20:52:05,070 - INFO - 📈 已处理603657 春光科技 
2025-09-02 20:52:06,988 - INFO - 📈 已处理603658 安图生物 
2025-09-02 20:52:08,831 - INFO - 📈 已处理603659 璞泰来 
2025-09-02 20:52:10,908 - INFO - 📈 已处理603660 苏州科达 
2025-09-02 20:52:12,632 - INFO - 📈 已处理603661 恒林股份 
2025-09-02 20:52:14,801 - INFO - 📈 已处理603662 柯力传感 
2025-09-02 20:52:17,172 - INFO - 📈 已处理603663 三祥新材 
2025-09-02 20:52:19,234 - INFO - 📈 已处理603665 康隆达 
2025-09-02 20:52:21,179 - INFO - 📈 已处理603666 亿嘉和 
2025-09-02 20:52:24,189 - INFO - 📈 已处理603667 五洲新春 
2025-09-02 20:52:24,189 - INFO - 📈 已处理 1550/2701 只股票，成功 1542 只
2025-09-02 20:52:26,073 - INFO - 📈 已处理603668 天马科技 
2025-09-02 20:52:28,454 - INFO - 📈 已处理603669 灵康药业 
2025-09-02 20:52:30,178 - INFO - 📈 已处理603676 卫信康 
2025-09-02 20:52:32,013 - INFO - 📈 已处理603677 奇精机械 
2025-09-02 20:52:35,040 - INFO - 📈 已处理603678 火炬电子 
2025-09-02 20:52:37,377 - INFO - 📈 已处理603679 华体科技 
2025-09-02 20:52:41,469 - INFO - 📈 已处理603680 今创集团 
2025-09-02 20:52:43,238 - INFO - 📈 已处理603681 永冠新材 
2025-09-02 20:52:44,791 - INFO - 📈 已处理603682 锦和商管 
2025-09-02 20:52:47,408 - INFO - 📈 已处理603683 晶华新材 
2025-09-02 20:52:49,484 - INFO - 📈 已处理603685 晨丰科技 
2025-09-02 20:52:51,422 - INFO - 📈 已处理603686 福龙马 
2025-09-02 20:52:53,391 - INFO - 📈 已处理603687 大胜达 
2025-09-02 20:52:55,591 - INFO - 📈 已处理603688 石英股份 
2025-09-02 20:52:58,094 - INFO - 📈 已处理603689 皖天然气 
2025-09-02 20:53:00,386 - INFO - 📈 已处理603690 至纯科技 
2025-09-02 20:53:02,550 - INFO - 📈 已处理603693 江苏新能 
2025-09-02 20:53:04,644 - INFO - 📈 已处理603696 安记食品 
2025-09-02 20:53:06,884 - INFO - 📈 已处理603697 有友食品 
2025-09-02 20:53:09,264 - INFO - 📈 已处理603698 航天工程 
2025-09-02 20:53:11,688 - INFO - 📈 已处理603699 纽威股份 
2025-09-02 20:53:13,420 - INFO - 📈 已处理603700 宁水集团 
2025-09-02 20:53:15,774 - INFO - 📈 已处理603701 德宏股份 
2025-09-02 20:53:17,824 - INFO - 📈 已处理603703 盛洋科技 
2025-09-02 20:53:19,772 - INFO - 📈 已处理603706 东方环宇 
2025-09-02 20:53:21,742 - INFO - 📈 已处理603707 健友股份 
2025-09-02 20:53:24,759 - INFO - 📈 已处理603708 家家悦 
2025-09-02 20:53:26,883 - INFO - 📈 已处理603709 中源家居 
2025-09-02 20:53:28,923 - INFO - 📈 已处理603711 香飘飘 
2025-09-02 20:53:31,914 - INFO - 📈 已处理603712 七一二 
2025-09-02 20:53:33,773 - INFO - 📈 已处理603713 密尔克卫 
2025-09-02 20:53:35,995 - INFO - 📈 已处理603716 塞力医疗 
2025-09-02 20:53:38,058 - INFO - 📈 已处理603717 天域生物 
2025-09-02 20:53:40,221 - INFO - 📈 已处理603718 海利生物 
2025-09-02 20:53:41,893 - INFO - 📈 已处理603719 良品铺子 
2025-09-02 20:53:43,745 - INFO - 📈 已处理603721 *ST天择 
2025-09-02 20:53:45,556 - INFO - 📈 已处理603722 阿科力 
2025-09-02 20:53:47,343 - INFO - 📈 已处理603725 天安新材 
2025-09-02 20:53:49,753 - INFO - 📈 已处理603726 朗迪集团 
2025-09-02 20:53:51,686 - INFO - 📈 已处理603727 博迈科 
2025-09-02 20:53:53,653 - INFO - 📈 已处理603728 鸣志电器 
2025-09-02 20:53:55,723 - INFO - 📈 已处理603729 龙韵股份 
2025-09-02 20:53:57,541 - INFO - 📈 已处理603730 岱美股份 
2025-09-02 20:53:59,453 - INFO - 📈 已处理603733 仙鹤股份 
2025-09-02 20:54:01,552 - INFO - 📈 已处理603737 三棵树 
2025-09-02 20:54:04,187 - INFO - 📈 已处理603738 泰晶科技 
2025-09-02 20:54:05,943 - INFO - 📈 已处理603739 蔚蓝生物 
2025-09-02 20:54:08,395 - INFO - 📈 已处理603755 日辰股份 
2025-09-02 20:54:10,448 - INFO - 📈 已处理603757 大元泵业 
2025-09-02 20:54:12,264 - INFO - 📈 已处理603758 秦安股份 
2025-09-02 20:54:12,264 - INFO - 📈 已处理 1600/2701 只股票，成功 1592 只
2025-09-02 20:54:13,868 - INFO - 📈 已处理603759 海天股份 
2025-09-02 20:54:15,931 - INFO - 📈 已处理603766 隆鑫通用 
2025-09-02 20:54:18,187 - INFO - 📈 已处理603767 中马传动 
2025-09-02 20:54:20,087 - INFO - 📈 已处理603768 常青股份 
2025-09-02 20:54:21,948 - INFO - 📈 已处理603773 沃格光电 
2025-09-02 20:54:23,747 - INFO - 📈 已处理603776 永安行 
2025-09-02 20:54:25,608 - INFO - 📈 已处理603777 来伊份 
2025-09-02 20:54:28,514 - INFO - 📈 已处理603778 国晟科技 
2025-09-02 20:54:31,032 - INFO - 📈 已处理603779 威龙股份 
2025-09-02 20:54:32,768 - INFO - 📈 已处理603786 科博达 
2025-09-02 20:54:34,615 - INFO - 📈 已处理603787 新日股份 
2025-09-02 20:54:36,939 - INFO - 📈 已处理603788 宁波高发 
2025-09-02 20:54:39,950 - INFO - 📈 已处理603789 *ST星农 
2025-09-02 20:54:41,768 - INFO - 📈 已处理603790 雅运股份 
2025-09-02 20:54:43,922 - INFO - 📈 已处理603797 联泰环保 
2025-09-02 20:54:46,269 - INFO - 📈 已处理603798 康普顿 
2025-09-02 20:54:48,416 - INFO - 📈 已处理603799 华友钴业 
2025-09-02 20:54:50,900 - INFO - 📈 已处理603800 洪田股份 
2025-09-02 20:54:52,715 - INFO - 📈 已处理603801 志邦家居 
2025-09-02 20:54:54,735 - INFO - 📈 已处理603803 瑞斯康达 
2025-09-02 20:54:57,452 - INFO - 📈 已处理603806 福斯特 
2025-09-02 20:54:59,461 - INFO - 📈 已处理603808 歌力思 
2025-09-02 20:55:01,556 - INFO - 📈 已处理603809 豪能股份 
2025-09-02 20:55:04,136 - INFO - 📈 已处理603810 丰山集团 
2025-09-02 20:55:06,450 - INFO - 📈 已处理603811 诚意药业 
2025-09-02 20:55:08,155 - INFO - 📈 已处理603813 *ST原尚 
2025-09-02 20:55:09,864 - INFO - 📈 已处理603815 交建股份 
2025-09-02 20:55:11,695 - INFO - 📈 已处理603816 顾家家居 
2025-09-02 20:55:13,796 - INFO - 📈 已处理603817 海峡环保 
2025-09-02 20:55:15,962 - INFO - 📈 已处理603818 曲美家居 
2025-09-02 20:55:19,061 - INFO - 📈 已处理603819 神力股份 
2025-09-02 20:55:21,013 - INFO - 📈 已处理603822 嘉澳环保 
2025-09-02 20:55:22,918 - INFO - 📈 已处理603823 百合花 
2025-09-02 20:55:24,912 - INFO - 📈 已处理603825 ST华扬 
2025-09-02 20:55:26,650 - INFO - 📈 已处理603826 坤彩科技 
2025-09-02 20:55:28,493 - INFO - 📈 已处理603828 ST柯利达 
2025-09-02 20:55:30,180 - INFO - 📈 已处理603829 洛凯股份 
2025-09-02 20:55:31,893 - INFO - 📈 已处理603833 欧派家居 
2025-09-02 20:55:33,377 - INFO - 📈 已处理603836 海程邦达 
2025-09-02 20:55:35,108 - INFO - 📈 已处理603838 *ST四通 
2025-09-02 20:55:37,412 - INFO - 📈 已处理603839 安正时尚 
2025-09-02 20:55:39,182 - INFO - 📈 已处理603843 *ST正平 
2025-09-02 20:55:40,859 - INFO - 📈 已处理603848 好太太 
2025-09-02 20:55:42,546 - INFO - 📈 已处理603855 华荣股份 
2025-09-02 20:55:44,208 - INFO - 📈 已处理603856 东宏股份 
2025-09-02 20:55:45,972 - INFO - 📈 已处理603858 步长制药 
2025-09-02 20:55:47,696 - INFO - 📈 已处理603859 能科科技 
2025-09-02 20:55:49,408 - INFO - 📈 已处理603860 中公高科 
2025-09-02 20:55:51,234 - INFO - 📈 已处理603861 白云电器 
2025-09-02 20:55:52,833 - INFO - 📈 已处理603863 松炀资源 
2025-09-02 20:55:52,833 - INFO - 📈 已处理 1650/2701 只股票，成功 1642 只
2025-09-02 20:55:54,688 - INFO - 📈 已处理603866 桃李面包 
2025-09-02 20:55:56,286 - INFO - 📈 已处理603867 新化股份 
2025-09-02 20:55:58,093 - INFO - 📈 已处理603868 飞科电器 
2025-09-02 20:55:59,892 - INFO - 📈 已处理603869 ST智知 
2025-09-02 20:56:01,566 - INFO - 📈 已处理603871 嘉友国际 
2025-09-02 20:56:03,239 - INFO - 📈 已处理603876 鼎胜新材 
2025-09-02 20:56:04,990 - INFO - 📈 已处理603877 太平鸟 
2025-09-02 20:56:06,732 - INFO - 📈 已处理603878 武进不锈 
2025-09-02 20:56:08,436 - INFO - 📈 已处理603879 永悦科技 
2025-09-02 20:56:10,114 - INFO - 📈 已处理603880 南卫股份 
2025-09-02 20:56:11,850 - INFO - 📈 已处理603881 数据港 
2025-09-02 20:56:13,528 - INFO - 📈 已处理603882 金域医学 
2025-09-02 20:56:15,358 - INFO - 📈 已处理603883 老百姓 
2025-09-02 20:56:17,182 - INFO - 📈 已处理603885 吉祥航空 
2025-09-02 20:56:18,901 - INFO - 📈 已处理603886 元祖股份 
2025-09-02 20:56:20,620 - INFO - 📈 已处理603887 城地香江 
2025-09-02 20:56:22,385 - INFO - 📈 已处理603888 新华网 
2025-09-02 20:56:24,199 - INFO - 📈 已处理603889 新澳股份 
2025-09-02 20:56:25,899 - INFO - 📈 已处理603890 春秋电子 
2025-09-02 20:56:27,410 - INFO - 📈 已处理603893 瑞芯微 
2025-09-02 20:56:29,101 - INFO - 📈 已处理603895 天永智能 
2025-09-02 20:56:30,770 - INFO - 📈 已处理603896 寿仙谷 
2025-09-02 20:56:32,491 - INFO - 📈 已处理603897 长城科技 
2025-09-02 20:56:34,436 - INFO - 📈 已处理603898 好莱客 
2025-09-02 20:56:36,363 - INFO - 📈 已处理603899 晨光股份 
2025-09-02 20:56:38,125 - INFO - 📈 已处理603900 莱绅通灵 
2025-09-02 20:56:39,995 - INFO - 📈 已处理603901 永创智能 
2025-09-02 20:56:41,714 - INFO - 📈 已处理603903 中持股份 
2025-09-02 20:56:43,479 - INFO - 📈 已处理603906 龙蟠科技 
2025-09-02 20:56:45,269 - INFO - 📈 已处理603908 牧高笛 
2025-09-02 20:56:47,099 - INFO - 📈 已处理603909 建发合诚 
2025-09-02 20:56:48,800 - INFO - 📈 已处理603912 佳力图 
2025-09-02 20:56:50,444 - INFO - 📈 已处理603915 国茂股份 
2025-09-02 20:56:52,173 - INFO - 📈 已处理603916 苏博特 
2025-09-02 20:56:53,886 - INFO - 📈 已处理603917 合力科技 
2025-09-02 20:56:55,750 - INFO - 📈 已处理603918 金桥信息 
2025-09-02 20:56:57,595 - INFO - 📈 已处理603919 金徽酒 
2025-09-02 20:56:59,432 - INFO - 📈 已处理603920 世运电路 
2025-09-02 20:57:01,135 - INFO - 📈 已处理603922 金鸿顺 
2025-09-02 20:57:02,911 - INFO - 📈 已处理603926 铁流股份 
2025-09-02 20:57:04,516 - INFO - 📈 已处理603927 中科软 
2025-09-02 20:57:06,441 - INFO - 📈 已处理603928 兴业股份 
2025-09-02 20:57:08,192 - INFO - 📈 已处理603929 亚翔集成 
2025-09-02 20:57:09,682 - INFO - 📈 已处理603931 格林达 
2025-09-02 20:57:11,382 - INFO - 📈 已处理603933 睿能科技 
2025-09-02 20:57:13,198 - INFO - 📈 已处理603936 博敏电子 
2025-09-02 20:57:14,874 - INFO - 📈 已处理603937 丽岛新材 
2025-09-02 20:57:16,632 - INFO - 📈 已处理603938 三孚股份 
2025-09-02 20:57:18,518 - INFO - 📈 已处理603939 益丰药房 
2025-09-02 20:57:20,146 - INFO - 📈 已处理603948 建业股份 
2025-09-02 20:57:20,147 - INFO - 📈 已处理 1700/2701 只股票，成功 1692 只
2025-09-02 20:57:21,719 - INFO - 📈 已处理603949 雪龙集团 
2025-09-02 20:57:23,263 - INFO - 📈 已处理603950 长源东谷 
2025-09-02 20:57:25,036 - INFO - 📈 已处理603955 大千生态 
2025-09-02 20:57:26,676 - INFO - 📈 已处理603956 威派格 
2025-09-02 20:57:28,525 - INFO - 📈 已处理603958 哈森股份 
2025-09-02 20:57:30,355 - INFO - 📈 已处理603959 百利科技 
2025-09-02 20:57:32,113 - INFO - 📈 已处理603960 克来机电 
2025-09-02 20:57:33,783 - INFO - 📈 已处理603963 *ST大药 
2025-09-02 20:57:35,574 - INFO - 📈 已处理603966 法兰泰克 
2025-09-02 20:57:37,200 - INFO - 📈 已处理603967 中创物流 
2025-09-02 20:57:39,195 - INFO - 📈 已处理603968 醋化股份 
2025-09-02 20:57:41,145 - INFO - 📈 已处理603969 银龙股份 
2025-09-02 20:57:42,880 - INFO - 📈 已处理603970 中农立华 
2025-09-02 20:57:44,632 - INFO - 📈 已处理603976 正川股份 
2025-09-02 20:57:46,494 - INFO - 📈 已处理603977 国泰集团 
2025-09-02 20:57:48,249 - INFO - 📈 已处理603978 深圳新星 
2025-09-02 20:57:50,767 - INFO - 📈 已处理603979 金诚信 
2025-09-02 20:57:52,539 - INFO - 📈 已处理603980 吉华集团 
2025-09-02 20:57:54,165 - INFO - 📈 已处理603982 泉峰汽车 
2025-09-02 20:57:55,809 - INFO - 📈 已处理603983 丸美生物 
2025-09-02 20:57:57,656 - INFO - 📈 已处理603985 恒润股份 
2025-09-02 20:57:59,402 - INFO - 📈 已处理603986 兆易创新 
2025-09-02 20:58:01,174 - INFO - 📈 已处理603987 康德莱 
2025-09-02 20:58:03,084 - INFO - 📈 已处理603988 中电电机 
2025-09-02 20:58:04,975 - INFO - 📈 已处理603989 艾华集团 
2025-09-02 20:58:06,764 - INFO - 📈 已处理603990 麦迪科技 
2025-09-02 20:58:08,548 - INFO - 📈 已处理603991 至正股份 
2025-09-02 20:58:10,148 - INFO - 📈 已处理603992 松霖科技 
2025-09-02 20:58:12,212 - INFO - 📈 已处理603993 洛阳钼业 
2025-09-02 20:58:13,780 - INFO - 📈 已处理603995 甬金股份 
2025-09-02 20:58:15,429 - INFO - 📈 已处理603996 退市中新 
2025-09-02 20:58:17,308 - INFO - 📈 已处理603997 继峰股份 
2025-09-02 20:58:19,200 - INFO - 📈 已处理603998 方盛制药 
2025-09-02 20:58:21,080 - INFO - 📈 已处理603999 读者传媒 
2025-09-02 20:58:22,630 - INFO - 📈 已处理605001 威奥股份 
2025-09-02 20:58:24,153 - INFO - 📈 已处理605003 众望布艺 
2025-09-02 20:58:25,665 - INFO - 📈 已处理605005 合兴股份 
2025-09-02 20:58:27,193 - INFO - 📈 已处理605006 山东玻纤 
2025-09-02 20:58:28,687 - INFO - 📈 已处理605007 五洲特纸 
2025-09-02 20:58:30,214 - INFO - 📈 已处理605008 长鸿高科 
2025-09-02 20:58:31,698 - INFO - 📈 已处理605009 豪悦护理 
2025-09-02 20:58:33,164 - INFO - 📈 已处理605011 杭州热电 
2025-09-02 20:58:34,633 - INFO - 📈 已处理605016 百龙创园 
2025-09-02 20:58:36,130 - INFO - 📈 已处理605018 长华集团 
2025-09-02 20:58:37,583 - INFO - 📈 已处理605020 永和股份 
2025-09-02 20:58:39,053 - INFO - 📈 已处理605028 世茂能源 
2025-09-02 20:58:40,488 - INFO - 📈 已处理605033 美邦股份 
2025-09-02 20:58:41,985 - INFO - 📈 已处理605050 福然德 
2025-09-02 20:58:43,463 - INFO - 📈 已处理605055 迎丰股份 
2025-09-02 20:58:44,914 - INFO - 📈 已处理605056 咸亨国际 
2025-09-02 20:58:44,914 - INFO - 📈 已处理 1750/2701 只股票，成功 1742 只
2025-09-02 20:58:46,410 - INFO - 📈 已处理605058 澳弘电子 
2025-09-02 20:58:47,916 - INFO - 📈 已处理605060 联德股份 
2025-09-02 20:58:49,409 - INFO - 📈 已处理605066 天正电气 
2025-09-02 20:58:50,899 - INFO - 📈 已处理605068 明新旭腾 
2025-09-02 20:58:52,333 - INFO - 📈 已处理605069 正和生态 
2025-09-02 20:58:53,814 - INFO - 📈 已处理605077 华康股份 
2025-09-02 20:58:55,277 - INFO - 📈 已处理605080 浙江自然 
2025-09-02 20:58:56,773 - INFO - 📈 已处理605081 *ST太和 
2025-09-02 20:58:58,741 - INFO - 📈 已处理605086 龙高股份 
2025-09-02 20:59:00,302 - INFO - 📈 已处理605088 冠盛股份 
2025-09-02 20:59:01,795 - INFO - 📈 已处理605089 味知香 
2025-09-02 20:59:03,282 - INFO - 📈 已处理605090 九丰能源 
2025-09-02 20:59:04,795 - INFO - 📈 已处理605098 行动教育 
2025-09-02 20:59:06,293 - INFO - 📈 已处理605099 共创草坪 
2025-09-02 20:59:07,796 - INFO - 📈 已处理605100 华丰股份 
2025-09-02 20:59:09,293 - INFO - 📈 已处理605108 同庆楼 
2025-09-02 20:59:10,796 - INFO - 📈 已处理605111 新洁能 
2025-09-02 20:59:12,313 - INFO - 📈 已处理605116 奥锐特 
2025-09-02 20:59:13,763 - INFO - 📈 已处理605117 德业股份 
2025-09-02 20:59:15,258 - INFO - 📈 已处理605118 力鼎光电 
2025-09-02 20:59:16,783 - INFO - 📈 已处理605122 四方新材 
2025-09-02 20:59:18,279 - INFO - 📈 已处理605123 派克新材 
2025-09-02 20:59:19,799 - INFO - 📈 已处理605128 上海沿浦 
2025-09-02 20:59:21,326 - INFO - 📈 已处理605133 嵘泰股份 
2025-09-02 20:59:22,880 - INFO - 📈 已处理605136 丽人丽妆 
2025-09-02 20:59:24,306 - INFO - 📈 已处理605138 盛泰集团 
2025-09-02 20:59:25,777 - INFO - 📈 已处理605151 西上海 
2025-09-02 20:59:27,270 - INFO - 📈 已处理605155 西大门 
2025-09-02 20:59:28,781 - INFO - 📈 已处理605158 华达新材 
2025-09-02 20:59:30,252 - INFO - 📈 已处理605162 新中港 
2025-09-02 20:59:31,763 - INFO - 📈 已处理605166 聚合顺 
2025-09-02 20:59:33,182 - INFO - 📈 已处理605167 利柏特 
2025-09-02 20:59:34,729 - INFO - 📈 已处理605168 三人行 
2025-09-02 20:59:36,213 - INFO - 📈 已处理605169 洪通燃气 
2025-09-02 20:59:37,700 - INFO - 📈 已处理605177 东亚药业 
2025-09-02 20:59:39,188 - INFO - 📈 已处理605178 时空科技 
2025-09-02 20:59:40,663 - INFO - 📈 已处理605179 一鸣食品 
2025-09-02 20:59:42,146 - INFO - 📈 已处理605180 华生科技 
2025-09-02 20:59:43,658 - INFO - 📈 已处理605183 确成股份 
2025-09-02 20:59:45,144 - INFO - 📈 已处理605186 健麾信息 
2025-09-02 20:59:46,664 - INFO - 📈 已处理605188 国光连锁 
2025-09-02 20:59:48,117 - INFO - 📈 已处理605189 富春染织 
2025-09-02 20:59:49,572 - INFO - 📈 已处理605196 华通线缆 
2025-09-02 20:59:51,075 - INFO - 📈 已处理605198 安德利 
2025-09-02 20:59:52,571 - INFO - 📈 已处理605199 ST葫芦娃 
2025-09-02 20:59:54,046 - INFO - 📈 已处理605208 永茂泰 
2025-09-02 20:59:55,551 - INFO - 📈 已处理605218 伟时电子 
2025-09-02 20:59:57,071 - INFO - 📈 已处理605222 起帆电缆 
2025-09-02 20:59:58,558 - INFO - 📈 已处理605228 神通科技 
2025-09-02 21:00:00,062 - INFO - 📈 已处理605255 天普股份 
2025-09-02 21:00:00,062 - INFO - 📈 已处理 1800/2701 只股票，成功 1792 只
2025-09-02 21:00:01,545 - INFO - 📈 已处理605258 协和电子 
2025-09-02 21:00:02,984 - INFO - 📈 已处理605259 绿田机械 
2025-09-02 21:00:04,458 - INFO - 📈 已处理605266 健之佳 
2025-09-02 21:00:05,981 - INFO - 📈 已处理605268 王力安防 
2025-09-02 21:00:07,471 - INFO - 📈 已处理605277 新亚电子 
2025-09-02 21:00:08,951 - INFO - 📈 已处理605286 同力日升 
2025-09-02 21:00:10,421 - INFO - 📈 已处理605287 德才股份 
2025-09-02 21:00:12,056 - INFO - 📈 已处理605288 凯迪股份 
2025-09-02 21:00:13,544 - INFO - 📈 已处理605289 罗曼股份 
2025-09-02 21:00:15,004 - INFO - 📈 已处理605296 神农集团 
2025-09-02 21:00:16,499 - INFO - 📈 已处理605298 必得科技 
2025-09-02 21:00:17,991 - INFO - 📈 已处理605299 舒华体育 
2025-09-02 21:00:19,455 - INFO - 📈 已处理605300 佳禾食品 
2025-09-02 21:00:20,942 - INFO - 📈 已处理605303 园林股份 
2025-09-02 21:00:22,421 - INFO - 📈 已处理605305 中际联合 
2025-09-02 21:00:23,931 - INFO - 📈 已处理605318 法狮龙 
2025-09-02 21:00:25,378 - INFO - 📈 已处理605319 无锡振华 
2025-09-02 21:00:26,888 - INFO - 📈 已处理605333 沪光股份 
2025-09-02 21:00:28,391 - INFO - 📈 已处理605336 帅丰电器 
2025-09-02 21:00:29,861 - INFO - 📈 已处理605337 李子园 
2025-09-02 21:00:31,343 - INFO - 📈 已处理605338 巴比食品 
2025-09-02 21:00:32,821 - INFO - 📈 已处理605339 南侨食品 
2025-09-02 21:00:34,346 - INFO - 📈 已处理605358 立昂微 
2025-09-02 21:00:35,795 - INFO - 📈 已处理605365 立达信 
2025-09-02 21:00:37,326 - INFO - 📈 已处理605366 宏柏新材 
2025-09-02 21:00:38,816 - INFO - 📈 已处理605368 蓝天燃气 
2025-09-02 21:00:40,330 - INFO - 📈 已处理605369 拱东医疗 
2025-09-02 21:00:41,819 - INFO - 📈 已处理605376 博迁新材 
2025-09-02 21:00:43,286 - INFO - 📈 已处理605377 华旺科技 
2025-09-02 21:00:44,750 - INFO - 📈 已处理605378 野马电池 
2025-09-02 21:00:46,254 - INFO - 📈 已处理605388 均瑶健康 
2025-09-02 21:00:47,730 - INFO - 📈 已处理605389 长龄液压 
2025-09-02 21:00:49,222 - INFO - 📈 已处理605398 新炬网络 
2025-09-02 21:00:50,767 - INFO - 📈 已处理605399 晨光新材 
2025-09-02 21:00:52,213 - INFO - 📈 已处理605488 福莱新材 
2025-09-02 21:00:53,692 - INFO - 📈 已处理605499 东鹏饮料 
2025-09-02 21:00:55,170 - INFO - 📈 已处理605500 森林包装 
2025-09-02 21:00:56,606 - INFO - 📈 已处理605507 国邦医药 
2025-09-02 21:00:58,061 - INFO - 📈 已处理605555 德昌股份 
2025-09-02 21:00:59,520 - INFO - 📈 已处理605566 福莱蒽特 
2025-09-02 21:01:00,952 - INFO - 📈 已处理605567 春雪食品 
2025-09-02 21:01:02,428 - INFO - 📈 已处理605577 龙版传媒 
2025-09-02 21:01:03,870 - INFO - 📈 已处理605580 恒盛能源 
2025-09-02 21:01:05,318 - INFO - 📈 已处理605588 冠石科技 
2025-09-02 21:01:06,777 - INFO - 📈 已处理605589 圣泉集团 
2025-09-02 21:01:08,240 - INFO - 📈 已处理605598 上海港湾 
2025-09-02 21:01:09,682 - INFO - 📈 已处理605599 菜百股份 
2025-09-02 21:01:11,335 - INFO - 📈 已处理688001 华兴源创 
2025-09-02 21:01:12,945 - INFO - 📈 已处理688002 睿创微纳 
2025-09-02 21:01:14,549 - INFO - 📈 已处理688003 天准科技 
2025-09-02 21:01:14,549 - INFO - 📈 已处理 1850/2701 只股票，成功 1842 只
2025-09-02 21:01:16,055 - INFO - 📈 已处理688004 博汇科技 
2025-09-02 21:01:17,679 - INFO - 📈 已处理688005 容百科技 
2025-09-02 21:01:19,289 - INFO - 📈 已处理688006 杭可科技 
2025-09-02 21:01:20,877 - INFO - 📈 已处理688007 光峰科技 
2025-09-02 21:01:22,469 - INFO - 📈 已处理688008 澜起科技 
2025-09-02 21:01:24,039 - INFO - 📈 已处理688009 中国通号 
2025-09-02 21:01:25,625 - INFO - 📈 已处理688010 福光股份 
2025-09-02 21:01:27,231 - INFO - 📈 已处理688011 新光光电 
2025-09-02 21:01:28,834 - INFO - 📈 已处理688012 中微公司 
2025-09-02 21:01:30,337 - INFO - 📈 已处理688013 天臣医疗 
2025-09-02 21:01:31,926 - INFO - 📈 已处理688015 交控科技 
2025-09-02 21:01:33,545 - INFO - 📈 已处理688016 心脉医疗 
2025-09-02 21:01:35,310 - INFO - 📈 已处理688017 绿的谐波 
2025-09-02 21:01:36,909 - INFO - 📈 已处理688018 乐鑫科技 
2025-09-02 21:01:38,527 - INFO - 📈 已处理688019 安集科技 
2025-09-02 21:01:40,123 - INFO - 📈 已处理688020 方邦股份 
2025-09-02 21:01:41,708 - INFO - 📈 已处理688021 奥福科技 
2025-09-02 21:01:43,306 - INFO - 📈 已处理688022 瀚川智能 
2025-09-02 21:01:44,892 - INFO - 📈 已处理688023 安恒信息 
2025-09-02 21:01:46,469 - INFO - 📈 已处理688025 杰普特 
2025-09-02 21:01:48,005 - INFO - 📈 已处理688026 洁特生物 
2025-09-02 21:01:49,526 - INFO - 📈 已处理688027 国盾量子 
2025-09-02 21:01:51,125 - INFO - 📈 已处理688028 沃尔德 
2025-09-02 21:01:52,691 - INFO - 📈 已处理688029 南微医学 
2025-09-02 21:01:54,259 - INFO - 📈 已处理688030 山石网科 
2025-09-02 21:01:55,613 - INFO - 📈 已处理688031 星环科技 
2025-09-02 21:01:57,042 - INFO - 📈 已处理688032 禾迈股份 
2025-09-02 21:01:58,650 - INFO - 📈 已处理688033 天宜新材 
2025-09-02 21:02:00,028 - INFO - 📈 已处理688035 德邦科技 
2025-09-02 21:02:01,640 - INFO - 📈 已处理688036 传音控股 
2025-09-02 21:02:03,209 - INFO - 📈 已处理688037 芯源微 
2025-09-02 21:02:04,668 - INFO - 📈 已处理688038 中科通达 
2025-09-02 21:02:06,266 - INFO - 📈 已处理688039 当虹科技 
2025-09-02 21:02:07,628 - INFO - 📈 已处理688041 海光信息 
2025-09-02 21:02:09,018 - INFO - 📈 已处理688045 必易微 
2025-09-02 21:02:10,451 - INFO - 📈 已处理688046 药康生物 
2025-09-02 21:02:11,828 - INFO - 📈 已处理688047 龙芯中科 
2025-09-02 21:02:13,215 - INFO - 📈 已处理688048 长光华芯 
2025-09-02 21:02:14,638 - INFO - 📈 已处理688049 炬芯科技 
2025-09-02 21:02:16,159 - INFO - 📈 已处理688050 爱博医疗 
2025-09-02 21:02:17,693 - INFO - 📈 已处理688051 佳华科技 
2025-09-02 21:02:19,074 - INFO - 📈 已处理688052 纳芯微 
2025-09-02 21:02:20,457 - INFO - 📈 已处理688053 思科瑞 
2025-09-02 21:02:21,967 - INFO - 📈 已处理688055 龙腾光电 
2025-09-02 21:02:23,507 - INFO - 📈 已处理688056 莱伯泰科 
2025-09-02 21:02:25,008 - INFO - 📈 已处理688057 金达莱 
2025-09-02 21:02:26,614 - INFO - 📈 已处理688058 宝兰德 
2025-09-02 21:02:28,091 - INFO - 📈 已处理688059 华锐精密 
2025-09-02 21:02:29,606 - INFO - 📈 已处理688060 云涌科技 
2025-09-02 21:02:30,964 - INFO - 📈 已处理688061 灿瑞科技 
2025-09-02 21:02:30,964 - INFO - 📈 已处理 1900/2701 只股票，成功 1892 只
2025-09-02 21:02:32,379 - INFO - 📈 已处理688062 迈威生物 
2025-09-02 21:02:33,895 - INFO - 📈 已处理688063 派能科技 
2025-09-02 21:02:35,397 - INFO - 📈 已处理688065 凯赛生物 
2025-09-02 21:02:36,991 - INFO - 📈 已处理688066 航天宏图 
2025-09-02 21:02:38,478 - INFO - 📈 已处理688067 爱威科技 
2025-09-02 21:02:40,080 - INFO - 📈 已处理688068 热景生物 
2025-09-02 21:02:41,623 - INFO - 📈 已处理688069 德林海 
2025-09-02 21:02:43,098 - INFO - 📈 已处理688070 纵横股份 
2025-09-02 21:02:44,558 - INFO - 📈 已处理688071 华依科技 
2025-09-02 21:02:45,948 - INFO - 📈 已处理688072 拓荆科技 
2025-09-02 21:02:47,297 - INFO - 📈 已处理688073 毕得医药 
2025-09-02 21:02:48,726 - INFO - 📈 已处理688075 安旭生物 
2025-09-02 21:02:50,167 - INFO - 📈 已处理688076 ST诺泰 
2025-09-02 21:02:51,681 - INFO - 📈 已处理688077 大地熊 
2025-09-02 21:02:53,258 - INFO - 📈 已处理688078 龙软科技 
2025-09-02 21:02:54,772 - INFO - 📈 已处理688079 美迪凯 
2025-09-02 21:02:56,297 - INFO - 📈 已处理688080 映翰通 
2025-09-02 21:02:57,858 - INFO - 📈 已处理688081 兴图新科 
2025-09-02 21:02:59,327 - INFO - 📈 已处理688082 盛美上海 
2025-09-02 21:03:00,823 - INFO - 📈 已处理688083 中望软件 
2025-09-02 21:03:02,168 - INFO - 📈 已处理688084 晶品特装 
2025-09-02 21:03:03,694 - INFO - 📈 已处理688085 三友医疗 
2025-09-02 21:03:05,097 - INFO - 📈 已处理688086 退市紫晶 
2025-09-02 21:03:06,677 - INFO - 📈 已处理688087 英科再生 
2025-09-02 21:03:08,277 - INFO - 📈 已处理688088 虹软科技 
2025-09-02 21:03:09,867 - INFO - 📈 已处理688089 嘉必优 
2025-09-02 21:03:11,433 - INFO - 📈 已处理688090 瑞松科技 
2025-09-02 21:03:12,891 - INFO - 📈 已处理688091 上海谊众 
2025-09-02 21:03:14,371 - INFO - 📈 已处理688092 爱科科技 
2025-09-02 21:03:15,867 - INFO - 📈 已处理688093 世华科技 
2025-09-02 21:03:17,369 - INFO - 📈 已处理688095 福昕软件 
2025-09-02 21:03:18,917 - INFO - 📈 已处理688096 京源环保 
2025-09-02 21:03:20,440 - INFO - 📈 已处理688097 博众精工 
2025-09-02 21:03:21,991 - INFO - 📈 已处理688098 申联生物 
2025-09-02 21:03:23,604 - INFO - 📈 已处理688099 晶晨股份 
2025-09-02 21:03:25,176 - INFO - 📈 已处理688100 威胜信息 
2025-09-02 21:03:26,735 - INFO - 📈 已处理688101 三达膜 
2025-09-02 21:03:28,125 - INFO - 📈 已处理688102 斯瑞新材 
2025-09-02 21:03:29,546 - INFO - 📈 已处理688103 国力股份 
2025-09-02 21:03:30,973 - INFO - 📈 已处理688105 诺唯赞 
2025-09-02 21:03:32,510 - INFO - 📈 已处理688106 金宏气体 
2025-09-02 21:03:34,008 - INFO - 📈 已处理688107 安路科技 
2025-09-02 21:03:35,576 - INFO - 📈 已处理688108 赛诺医疗 
2025-09-02 21:03:37,055 - INFO - 📈 已处理688109 品茗科技 
2025-09-02 21:03:38,476 - INFO - 📈 已处理688110 东芯股份 
2025-09-02 21:03:40,066 - INFO - 📈 已处理688111 金山办公 
2025-09-02 21:03:41,518 - INFO - 📈 已处理688112 鼎阳科技 
2025-09-02 21:03:42,990 - INFO - 📈 已处理688113 联测科技 
2025-09-02 21:03:44,390 - INFO - 📈 已处理688114 华大智造 
2025-09-02 21:03:45,807 - INFO - 📈 已处理688115 思林杰 
2025-09-02 21:03:45,807 - INFO - 📈 已处理 1950/2701 只股票，成功 1942 只
2025-09-02 21:03:47,446 - INFO - 📈 已处理688116 天奈科技 
2025-09-02 21:03:48,923 - INFO - 📈 已处理688117 圣诺生物 
2025-09-02 21:03:50,525 - INFO - 📈 已处理688118 普元信息 
2025-09-02 21:03:51,948 - INFO - 📈 已处理688119 中钢洛耐 
2025-09-02 21:03:53,336 - INFO - 📈 已处理688120 华海清科 
2025-09-02 21:03:54,771 - INFO - 📈 已处理688121 卓然股份 
2025-09-02 21:03:56,346 - INFO - 📈 已处理688122 西部超导 
2025-09-02 21:03:57,994 - INFO - 📈 已处理688123 聚辰股份 
2025-09-02 21:03:59,395 - INFO - 📈 已处理688125 安达智能 
2025-09-02 21:04:00,959 - INFO - 📈 已处理688126 沪硅产业 
2025-09-02 21:04:02,495 - INFO - 📈 已处理688127 蓝特光学 
2025-09-02 21:04:04,135 - INFO - 📈 已处理688128 中国电研 
2025-09-02 21:04:05,605 - INFO - 📈 已处理688129 东来技术 
2025-09-02 21:04:06,988 - INFO - 📈 已处理688130 晶华微 
2025-09-02 21:04:08,425 - INFO - 📈 已处理688131 皓元医药 
2025-09-02 21:04:09,805 - INFO - 📈 已处理688132 邦彦技术 
2025-09-02 21:04:11,295 - INFO - 📈 已处理688133 泰坦科技 
2025-09-02 21:04:12,776 - INFO - 📈 已处理688135 利扬芯片 
2025-09-02 21:04:14,291 - INFO - 📈 已处理688136 科兴制药 
2025-09-02 21:04:15,665 - INFO - 📈 已处理688137 近岸蛋白 
2025-09-02 21:04:17,245 - INFO - 📈 已处理688138 清溢光电 
2025-09-02 21:04:18,805 - INFO - 📈 已处理688139 海尔生物 
2025-09-02 21:04:20,147 - INFO - 📈 已处理688141 杰华特 
2025-09-02 21:04:21,490 - INFO - 📈 已处理688143 长盈通 
2025-09-02 21:04:22,828 - INFO - 📈 已处理688146 中船特气 
2025-09-02 21:04:24,195 - INFO - 📈 已处理688147 微导纳米 
2025-09-02 21:04:25,631 - INFO - 📈 已处理688148 芳源股份 
2025-09-02 21:04:27,045 - INFO - 📈 已处理688150 莱特光电 
2025-09-02 21:04:28,475 - INFO - 📈 已处理688151 华强科技 
2025-09-02 21:04:29,845 - INFO - 📈 已处理688152 麒麟信安 
2025-09-02 21:04:31,240 - INFO - 📈 已处理688153 唯捷创芯 
2025-09-02 21:04:32,766 - INFO - 📈 已处理688155 先惠技术 
2025-09-02 21:04:34,244 - INFO - 📈 已处理688156 路德环境 
2025-09-02 21:04:35,790 - INFO - 📈 已处理688157 松井股份 
2025-09-02 21:04:37,306 - INFO - 📈 已处理688158 优刻得-W 
2025-09-02 21:04:38,876 - INFO - 📈 已处理688159 有方科技 
2025-09-02 21:04:40,346 - INFO - 📈 已处理688160 步科股份 
2025-09-02 21:04:41,754 - INFO - 📈 已处理688161 威高骨科 
2025-09-02 21:04:43,528 - INFO - 📈 已处理688162 巨一科技 
2025-09-02 21:04:44,919 - INFO - 📈 已处理688163 赛伦生物 
2025-09-02 21:04:46,406 - INFO - 📈 已处理688165 埃夫特-U 
2025-09-02 21:04:47,938 - INFO - 📈 已处理688166 博瑞医药 
2025-09-02 21:04:49,346 - INFO - 📈 已处理688167 炬光科技 
2025-09-02 21:04:50,902 - INFO - 📈 已处理688168 安博通 
2025-09-02 21:04:52,434 - INFO - 📈 已处理688169 石头科技 
2025-09-02 21:04:53,810 - INFO - 📈 已处理688170 德龙激光 
2025-09-02 21:04:55,201 - INFO - 📈 已处理688171 纬德信息 
2025-09-02 21:04:56,547 - INFO - 📈 已处理688172 燕东微 
2025-09-02 21:04:57,924 - INFO - 📈 已处理688173 希荻微 
2025-09-02 21:04:59,316 - INFO - 📈 已处理688175 高凌信息 
2025-09-02 21:04:59,316 - INFO - 📈 已处理 2000/2701 只股票，成功 1992 只
2025-09-02 21:05:00,740 - INFO - 📈 已处理688176 亚虹医药 
2025-09-02 21:05:02,256 - INFO - 📈 已处理688177 百奥泰 
2025-09-02 21:05:03,825 - INFO - 📈 已处理688178 万德斯 
2025-09-02 21:05:05,336 - INFO - 📈 已处理688179 阿拉丁 
2025-09-02 21:05:06,905 - INFO - 📈 已处理688180 君实生物-U 
2025-09-02 21:05:08,472 - INFO - 📈 已处理688181 八亿时空 
2025-09-02 21:05:09,917 - INFO - 📈 已处理688182 灿勤科技 
2025-09-02 21:05:11,382 - INFO - 📈 已处理688183 生益电子 
2025-09-02 21:05:12,758 - INFO - 📈 已处理688184 ST帕瓦 
2025-09-02 21:05:14,324 - INFO - 📈 已处理688185 康希诺 
2025-09-02 21:05:15,883 - INFO - 📈 已处理688186 广大特材 
2025-09-02 21:05:17,318 - INFO - 📈 已处理688187 时代电气 
2025-09-02 21:05:18,916 - INFO - 📈 已处理688188 柏楚电子 
2025-09-02 21:05:20,464 - INFO - 📈 已处理688189 南新制药 
2025-09-02 21:05:21,902 - INFO - 📈 已处理688190 云路股份 
2025-09-02 21:05:23,417 - INFO - 📈 已处理688191 智洋创新 
2025-09-02 21:05:24,864 - INFO - 📈 已处理688192 迪哲医药 
2025-09-02 21:05:26,287 - INFO - 📈 已处理688193 仁度生物 
2025-09-02 21:05:27,794 - INFO - 📈 已处理688195 腾景科技 
2025-09-02 21:05:29,473 - INFO - 📈 已处理688196 卓越新能 
2025-09-02 21:05:30,874 - INFO - 📈 已处理688197 首药控股 
2025-09-02 21:05:32,426 - INFO - 📈 已处理688198 佰仁医疗 
2025-09-02 21:05:33,974 - INFO - 📈 已处理688199 久日新材 
2025-09-02 21:05:35,553 - INFO - 📈 已处理688200 华峰测控 
2025-09-02 21:05:37,007 - INFO - 📈 已处理688201 信安世纪 
2025-09-02 21:05:38,553 - INFO - 📈 已处理688202 美迪西 
2025-09-02 21:05:39,949 - INFO - 📈 已处理688203 海正生材 
2025-09-02 21:05:41,334 - INFO - 📈 已处理688205 德科立 
2025-09-02 21:05:42,755 - INFO - 📈 已处理688206 概伦电子 
2025-09-02 21:05:44,173 - INFO - 📈 已处理688207 格灵深瞳 
2025-09-02 21:05:45,747 - INFO - 📈 已处理688208 道通科技 
2025-09-02 21:05:47,134 - INFO - 📈 已处理688209 英集芯 
2025-09-02 21:05:48,563 - INFO - 📈 已处理688210 统联精密 
2025-09-02 21:05:49,973 - INFO - 📈 已处理688211 中科微至 
2025-09-02 21:05:51,414 - INFO - 📈 已处理688212 澳华内镜 
2025-09-02 21:05:52,791 - INFO - 📈 已处理688213 思特威 
2025-09-02 21:05:54,296 - INFO - 📈 已处理688215 瑞晟智能 
2025-09-02 21:05:55,719 - INFO - 📈 已处理688216 气派科技 
2025-09-02 21:05:57,158 - INFO - 📈 已处理688217 睿昂基因 
2025-09-02 21:05:58,709 - INFO - 📈 已处理688218 江苏北人 
2025-09-02 21:06:00,204 - INFO - 📈 已处理688219 会通股份 
2025-09-02 21:06:01,622 - INFO - 📈 已处理688220 翱捷科技 
2025-09-02 21:06:03,126 - INFO - 📈 已处理688221 前沿生物-U 
2025-09-02 21:06:04,701 - INFO - 📈 已处理688222 成都先导 
2025-09-02 21:06:06,181 - INFO - 📈 已处理688223 晶科能源 
2025-09-02 21:06:07,574 - INFO - 📈 已处理688225 亚信安全 
2025-09-02 21:06:09,015 - INFO - 📈 已处理688226 威腾电气 
2025-09-02 21:06:10,413 - INFO - 📈 已处理688227 品高股份 
2025-09-02 21:06:11,952 - INFO - 📈 已处理688228 开普云 
2025-09-02 21:06:13,487 - INFO - 📈 已处理688229 博睿数据 
2025-09-02 21:06:13,487 - INFO - 📈 已处理 2050/2701 只股票，成功 2042 只
2025-09-02 21:06:14,964 - INFO - 📈 已处理688230 芯导科技 
2025-09-02 21:06:16,321 - INFO - 📈 已处理688231 隆达股份 
2025-09-02 21:06:17,731 - INFO - 📈 已处理688232 新点软件 
2025-09-02 21:06:19,268 - INFO - 📈 已处理688233 神工股份 
2025-09-02 21:06:20,694 - INFO - 📈 已处理688234 天岳先进 
2025-09-02 21:06:22,121 - INFO - 📈 已处理688235 百济神州 
2025-09-02 21:06:23,517 - INFO - 📈 已处理688236 春立医疗 
2025-09-02 21:06:24,908 - INFO - 📈 已处理688237 超卓航科 
2025-09-02 21:06:26,324 - INFO - 📈 已处理688238 和元生物 
2025-09-02 21:06:27,766 - INFO - 📈 已处理688239 航宇科技 
2025-09-02 21:06:29,134 - INFO - 📈 已处理688244 永信至诚 
2025-09-02 21:06:30,557 - INFO - 📈 已处理688246 嘉和美康 
2025-09-02 21:06:31,906 - INFO - 📈 已处理688247 宣泰医药 
2025-09-02 21:06:33,300 - INFO - 📈 已处理688248 南网科技 
2025-09-02 21:06:34,634 - INFO - 📈 已处理688249 晶合集成 
2025-09-02 21:06:35,997 - INFO - 📈 已处理688251 井松智能 
2025-09-02 21:06:37,832 - INFO - 📈 已处理688252 天德钰 
2025-09-02 21:06:39,232 - INFO - 📈 已处理688253 英诺特 
2025-09-02 21:06:40,637 - INFO - 📈 已处理688255 凯尔达 
2025-09-02 21:06:42,163 - INFO - 📈 已处理688256 寒武纪-U 
2025-09-02 21:06:43,626 - INFO - 📈 已处理688257 新锐股份 
2025-09-02 21:06:45,288 - INFO - 📈 已处理688258 卓易信息 
2025-09-02 21:06:46,739 - INFO - 📈 已处理688259 创耀科技 
2025-09-02 21:06:48,293 - INFO - 📈 已处理688260 昀冢科技 
2025-09-02 21:06:49,685 - INFO - 📈 已处理688261 东微半导 
2025-09-02 21:06:51,142 - INFO - 📈 已处理688262 国芯科技 
2025-09-02 21:06:52,574 - INFO - 📈 已处理688265 南模生物 
2025-09-02 21:06:54,151 - INFO - 📈 已处理688266 泽璟制药-U 
2025-09-02 21:06:55,582 - INFO - 📈 已处理688267 中触媒 
2025-09-02 21:06:57,141 - INFO - 📈 已处理688268 华特气体 
2025-09-02 21:06:58,621 - INFO - 📈 已处理688269 凯立新材 
2025-09-02 21:07:00,057 - INFO - 📈 已处理688270 臻镭科技 
2025-09-02 21:07:01,456 - INFO - 📈 已处理688271 联影医疗 
2025-09-02 21:07:02,885 - INFO - 📈 已处理688272 富吉瑞 
2025-09-02 21:07:04,261 - INFO - 📈 已处理688273 麦澜德 
2025-09-02 21:07:05,620 - INFO - 📈 已处理688275 万润新能 
2025-09-02 21:07:07,066 - INFO - 📈 已处理688276 百克生物 
2025-09-02 21:07:08,595 - INFO - 📈 已处理688277 天智航-U 
2025-09-02 21:07:10,188 - INFO - 📈 已处理688278 特宝生物 
2025-09-02 21:07:11,619 - INFO - 📈 已处理688279 峰岹科技 
2025-09-02 21:07:13,018 - INFO - 📈 已处理688280 精进电动 
2025-09-02 21:07:14,853 - INFO - 📈 已处理688281 华秦科技 
2025-09-02 21:07:17,252 - INFO - 📈 已处理688282 理工导航 
2025-09-02 21:07:18,670 - INFO - 📈 已处理688283 坤恒顺维 
2025-09-02 21:07:20,136 - INFO - 📈 已处理688285 高铁电气 
2025-09-02 21:07:21,681 - INFO - 📈 已处理688286 敏芯股份 
2025-09-02 21:07:23,103 - INFO - 📈 已处理688287 *ST观典 
2025-09-02 21:07:24,723 - INFO - 📈 已处理688288 鸿泉物联 
2025-09-02 21:07:26,233 - INFO - 📈 已处理688289 圣湘生物 
2025-09-02 21:07:27,618 - INFO - 📈 已处理688290 景业智能 
2025-09-02 21:07:27,618 - INFO - 📈 已处理 2100/2701 只股票，成功 2092 只
2025-09-02 21:07:29,002 - INFO - 📈 已处理688291 金橙子 
2025-09-02 21:07:30,419 - INFO - 📈 已处理688292 浩瀚深度 
2025-09-02 21:07:31,775 - INFO - 📈 已处理688293 奥浦迈 
2025-09-02 21:07:33,185 - INFO - 📈 已处理688295 中复神鹰 
2025-09-02 21:07:34,651 - INFO - 📈 已处理688296 和达科技 
2025-09-02 21:07:36,045 - INFO - 📈 已处理688297 中无人机 
2025-09-02 21:07:37,613 - INFO - 📈 已处理688298 东方生物 
2025-09-02 21:07:40,402 - INFO - 📈 已处理688299 长阳科技 
2025-09-02 21:07:41,969 - INFO - 📈 已处理688300 联瑞新材 
2025-09-02 21:07:43,901 - INFO - 📈 已处理688301 奕瑞科技 
2025-09-02 21:07:45,302 - INFO - 📈 已处理688302 海创药业 
2025-09-02 21:07:46,760 - INFO - 📈 已处理688303 大全能源 
2025-09-02 21:07:48,204 - INFO - 📈 已处理688305 科德数控 
2025-09-02 21:07:49,622 - INFO - 📈 已处理688306 均普智能 
2025-09-02 21:07:50,996 - INFO - 📈 已处理688307 中润光学 
2025-09-02 21:07:52,506 - INFO - 📈 已处理688308 欧科亿 
2025-09-02 21:07:54,042 - INFO - 📈 已处理688309 恒誉环保 
2025-09-02 21:07:55,602 - INFO - 📈 已处理688310 迈得医疗 
2025-09-02 21:07:57,122 - INFO - 📈 已处理688311 盟升电子 
2025-09-02 21:07:58,642 - INFO - 📈 已处理688312 燕麦科技 
2025-09-02 21:08:00,168 - INFO - 📈 已处理688313 仕佳光子 
2025-09-02 21:08:01,633 - INFO - 📈 已处理688314 康拓医疗 
2025-09-02 21:08:03,124 - INFO - 📈 已处理688315 诺禾致源 
2025-09-02 21:08:04,602 - INFO - 📈 已处理688316 青云科技-U 
2025-09-02 21:08:06,122 - INFO - 📈 已处理688317 之江生物 
2025-09-02 21:08:07,707 - INFO - 📈 已处理688318 财富趋势 
2025-09-02 21:08:09,172 - INFO - 📈 已处理688319 欧林生物 
2025-09-02 21:08:10,590 - INFO - 📈 已处理688320 禾川科技 
2025-09-02 21:08:12,192 - INFO - 📈 已处理688321 微芯生物 
2025-09-02 21:08:13,618 - INFO - 📈 已处理688322 奥比中光 
2025-09-02 21:08:15,097 - INFO - 📈 已处理688323 瑞华泰 
2025-09-02 21:08:16,872 - INFO - 📈 已处理688325 赛微微电 
2025-09-02 21:08:18,801 - INFO - 📈 已处理688326 经纬恒润 
2025-09-02 21:08:20,360 - INFO - 📈 已处理688327 云从科技 
2025-09-02 21:08:22,402 - INFO - 📈 已处理688328 深科达 
2025-09-02 21:08:24,318 - INFO - 📈 已处理688329 艾隆科技 
2025-09-02 21:08:26,090 - INFO - 📈 已处理688330 宏力达 
2025-09-02 21:08:27,969 - INFO - 📈 已处理688331 荣昌生物 
2025-09-02 21:08:29,558 - INFO - 📈 已处理688332 中科蓝讯 
2025-09-02 21:08:31,206 - INFO - 📈 已处理688333 铂力特 
2025-09-02 21:08:32,563 - INFO - 📈 已处理688334 西高院 
2025-09-02 21:08:34,199 - INFO - 📈 已处理688335 复洁环保 
2025-09-02 21:08:35,767 - INFO - 📈 已处理688336 三生国健 
2025-09-02 21:08:38,241 - INFO - 📈 已处理688337 普源精电 
2025-09-02 21:08:39,790 - INFO - 📈 已处理688338 赛科希德 
2025-09-02 21:08:41,340 - INFO - 📈 已处理688339 亿华通-U 
2025-09-02 21:08:42,732 - INFO - 📈 已处理688343 云天励飞 
2025-09-02 21:08:44,217 - INFO - 📈 已处理688345 博力威 
2025-09-02 21:08:45,578 - INFO - 📈 已处理688347 华虹公司 
2025-09-02 21:08:47,866 - INFO - 📈 已处理688348 昱能科技 
2025-09-02 21:08:47,867 - INFO - 📈 已处理 2150/2701 只股票，成功 2142 只
2025-09-02 21:08:49,327 - INFO - 📈 已处理688349 三一重能 
2025-09-02 21:08:52,058 - INFO - 📈 已处理688350 富淼科技 
2025-09-02 21:08:53,491 - INFO - 📈 已处理688351 微电生理 
2025-09-02 21:08:54,876 - INFO - 📈 已处理688352 颀中科技 
2025-09-02 21:08:56,303 - INFO - 📈 已处理688353 华盛锂电 
2025-09-02 21:08:58,264 - INFO - 📈 已处理688355 明志科技 
2025-09-02 21:09:00,114 - INFO - 📈 已处理688356 键凯科技 
2025-09-02 21:09:01,698 - INFO - 📈 已处理688357 建龙微纳 
2025-09-02 21:09:03,303 - INFO - 📈 已处理688358 祥生医疗 
2025-09-02 21:09:04,766 - INFO - 📈 已处理688359 三孚新科 
2025-09-02 21:09:06,278 - INFO - 📈 已处理688360 德马科技 
2025-09-02 21:09:07,601 - INFO - 📈 已处理688361 中科飞测 
2025-09-02 21:09:08,990 - INFO - 📈 已处理688362 甬矽电子 
2025-09-02 21:09:10,604 - INFO - 📈 已处理688363 华熙生物 
2025-09-02 21:09:12,130 - INFO - 📈 已处理688365 光云科技 
2025-09-02 21:09:13,707 - INFO - 📈 已处理688366 昊海生科 
2025-09-02 21:09:15,167 - INFO - 📈 已处理688367 工大高科 
2025-09-02 21:09:16,771 - INFO - 📈 已处理688368 晶丰明源 
2025-09-02 21:09:18,363 - INFO - 📈 已处理688369 致远互联 
2025-09-02 21:09:19,753 - INFO - 📈 已处理688370 丛麟科技 
2025-09-02 21:09:21,131 - INFO - 📈 已处理688371 菲沃泰 
2025-09-02 21:09:22,495 - INFO - 📈 已处理688372 伟测科技 
2025-09-02 21:09:23,870 - INFO - 📈 已处理688373 盟科药业 
2025-09-02 21:09:25,268 - INFO - 📈 已处理688375 国博电子 
2025-09-02 21:09:26,640 - INFO - 📈 已处理688376 美埃科技 
2025-09-02 21:09:28,148 - INFO - 📈 已处理688377 迪威尔 
2025-09-02 21:09:29,664 - INFO - 📈 已处理688378 奥来德 
2025-09-02 21:09:31,160 - INFO - 📈 已处理688379 华光新材 
2025-09-02 21:09:32,532 - INFO - 📈 已处理688380 中微半导 
2025-09-02 21:09:33,896 - INFO - 📈 已处理688381 帝奥微 
2025-09-02 21:09:35,303 - INFO - 📈 已处理688382 益方生物 
2025-09-02 21:09:36,744 - INFO - 📈 已处理688383 新益昌 
2025-09-02 21:09:38,162 - INFO - 📈 已处理688385 复旦微电 
2025-09-02 21:09:39,659 - INFO - 📈 已处理688386 泛亚微透 
2025-09-02 21:09:41,023 - INFO - 📈 已处理688387 信科移动 
2025-09-02 21:09:42,663 - INFO - 📈 已处理688388 嘉元科技 
2025-09-02 21:09:44,225 - INFO - 📈 已处理688389 普门科技 
2025-09-02 21:09:45,780 - INFO - 📈 已处理688390 固德威 
2025-09-02 21:09:47,154 - INFO - 📈 已处理688391 钜泉科技 
2025-09-02 21:09:48,526 - INFO - 📈 已处理688392 骄成超声 
2025-09-02 21:09:50,026 - INFO - 📈 已处理688393 安必平 
2025-09-02 21:09:51,470 - INFO - 📈 已处理688395 正弦电气 
2025-09-02 21:09:53,064 - INFO - 📈 已处理688396 华润微 
2025-09-02 21:09:54,606 - INFO - 📈 已处理688398 赛特新材 
2025-09-02 21:09:56,189 - INFO - 📈 已处理688399 硕世生物 
2025-09-02 21:09:57,588 - INFO - 📈 已处理688400 凌云光 
2025-09-02 21:09:58,980 - INFO - 📈 已处理688401 路维光电 
2025-09-02 21:10:00,354 - INFO - 📈 已处理688403 汇成股份 
2025-09-02 21:10:01,843 - INFO - 📈 已处理688408 中信博 
2025-09-02 21:10:03,194 - INFO - 📈 已处理688409 富创精密 
2025-09-02 21:10:03,194 - INFO - 📈 已处理 2200/2701 只股票，成功 2192 只
2025-09-02 21:10:04,549 - INFO - 📈 已处理688410 山外山 
2025-09-02 21:10:05,739 - INFO - 📈 已处理688411 海博思创 
2025-09-02 21:10:07,143 - INFO - 📈 已处理688416 恒烁股份 
2025-09-02 21:10:08,637 - INFO - 📈 已处理688418 震有科技 
2025-09-02 21:10:09,998 - INFO - 📈 已处理688419 耐科装备 
2025-09-02 21:10:11,353 - INFO - 📈 已处理688420 美腾科技 
2025-09-02 21:10:12,794 - INFO - 📈 已处理688425 铁建重工 
2025-09-02 21:10:14,163 - INFO - 📈 已处理688426 康为世纪 
2025-09-02 21:10:15,535 - INFO - 📈 已处理688428 诺诚健华 
2025-09-02 21:10:16,877 - INFO - 📈 已处理688429 时创能源 
2025-09-02 21:10:18,259 - INFO - 📈 已处理688432 有研硅 
2025-09-02 21:10:19,601 - INFO - 📈 已处理688433 华曙高科 
2025-09-02 21:10:21,032 - INFO - 📈 已处理688435 英方软件 
2025-09-02 21:10:22,417 - INFO - 📈 已处理688439 振华风光 
2025-09-02 21:10:23,755 - INFO - 📈 已处理688443 智翔金泰 
2025-09-02 21:10:25,150 - INFO - 📈 已处理688448 磁谷科技 
2025-09-02 21:10:26,358 - INFO - 📈 已处理688449 联芸科技 
2025-09-02 21:10:27,687 - INFO - 📈 已处理688450 光格科技 
2025-09-02 21:10:29,065 - INFO - 📈 已处理688455 科捷智能 
2025-09-02 21:10:30,528 - INFO - 📈 已处理688456 有研粉材 
2025-09-02 21:10:31,851 - INFO - 📈 已处理688458 美芯晟 
2025-09-02 21:10:33,287 - INFO - 📈 已处理688459 哈铁科技 
2025-09-02 21:10:34,842 - INFO - 📈 已处理688466 金科环境 
2025-09-02 21:10:36,310 - INFO - 📈 已处理688468 科美诊断 
2025-09-02 21:10:37,638 - INFO - 📈 已处理688469 芯联集成 
2025-09-02 21:10:38,966 - INFO - 📈 已处理688472 阿特斯 
2025-09-02 21:10:40,339 - INFO - 📈 已处理688475 萤石网络 
2025-09-02 21:10:41,659 - INFO - 📈 已处理688478 晶升股份 
2025-09-02 21:10:42,991 - INFO - 📈 已处理688479 友车科技 
2025-09-02 21:10:44,351 - INFO - 📈 已处理688480 赛恩斯 
2025-09-02 21:10:45,728 - INFO - 📈 已处理688484 南芯科技 
2025-09-02 21:10:47,086 - INFO - 📈 已处理688485 九州一轨 
2025-09-02 21:10:48,431 - INFO - 📈 已处理688486 龙迅股份 
2025-09-02 21:10:49,935 - INFO - 📈 已处理688488 艾迪药业 
2025-09-02 21:10:51,313 - INFO - 📈 已处理688489 三未信安 
2025-09-02 21:10:52,678 - INFO - 📈 已处理688496 清越科技 
2025-09-02 21:10:54,019 - INFO - 📈 已处理688498 源杰科技 
2025-09-02 21:10:55,472 - INFO - 📈 已处理688499 利元亨 
2025-09-02 21:10:56,957 - INFO - 📈 已处理688500 慧辰股份 
2025-09-02 21:10:58,411 - INFO - 📈 已处理688501 青达环保 
2025-09-02 21:10:59,764 - INFO - 📈 已处理688502 茂莱光学 
2025-09-02 21:11:01,156 - INFO - 📈 已处理688503 聚和材料 
2025-09-02 21:11:02,663 - INFO - 📈 已处理688505 复旦张江 
2025-09-02 21:11:04,012 - INFO - 📈 已处理688506 百利天恒 
2025-09-02 21:11:05,362 - INFO - 📈 已处理688507 索辰科技 
2025-09-02 21:11:06,921 - INFO - 📈 已处理688508 芯朋微 
2025-09-02 21:11:08,410 - INFO - 📈 已处理688509 正元地信 
2025-09-02 21:11:09,914 - INFO - 📈 已处理688510 航亚科技 
2025-09-02 21:11:11,424 - INFO - 📈 已处理688511 *ST天微 
2025-09-02 21:11:12,790 - INFO - 📈 已处理688512 慧智微 
2025-09-02 21:11:12,790 - INFO - 📈 已处理 2250/2701 只股票，成功 2242 只
2025-09-02 21:11:14,339 - INFO - 📈 已处理688513 苑东生物 
2025-09-02 21:11:15,700 - INFO - 📈 已处理688515 裕太微 
2025-09-02 21:11:17,339 - INFO - 📈 已处理688516 奥特维 
2025-09-02 21:11:18,816 - INFO - 📈 已处理688517 金冠电气 
2025-09-02 21:11:20,379 - INFO - 📈 已处理688518 联赢激光 
2025-09-02 21:11:21,891 - INFO - 📈 已处理688519 南亚新材 
2025-09-02 21:11:23,445 - INFO - 📈 已处理688520 神州细胞 
2025-09-02 21:11:24,950 - INFO - 📈 已处理688521 芯原股份 
2025-09-02 21:11:26,298 - INFO - 📈 已处理688522 纳睿雷达 
2025-09-02 21:11:27,619 - INFO - 📈 已处理688523 航天环宇 
2025-09-02 21:11:28,987 - INFO - 📈 已处理688525 佰维存储 
2025-09-02 21:11:30,466 - INFO - 📈 已处理688526 科前生物 
2025-09-02 21:11:31,975 - INFO - 📈 已处理688528 秦川物联 
2025-09-02 21:11:33,448 - INFO - 📈 已处理688529 豪森智能 
2025-09-02 21:11:34,687 - INFO - 📈 已处理688530 欧莱新材 
2025-09-02 21:11:36,022 - INFO - 📈 已处理688531 日联科技 
2025-09-02 21:11:37,501 - INFO - 📈 已处理688533 上声电子 
2025-09-02 21:11:38,867 - INFO - 📈 已处理688535 华海诚科 
2025-09-02 21:11:40,361 - INFO - 📈 已处理688536 思瑞浦 
2025-09-02 21:11:41,813 - INFO - 📈 已处理688538 和辉光电-U 
2025-09-02 21:11:43,190 - INFO - 📈 已处理688539 高华科技 
2025-09-02 21:11:44,505 - INFO - 📈 已处理688543 国科军工 
2025-09-02 21:11:45,705 - INFO - 📈 已处理688545 兴福电子 
2025-09-02 21:11:47,021 - INFO - 📈 已处理688548 广钢气体 
2025-09-02 21:11:48,318 - INFO - 📈 已处理688549 中巨芯 
2025-09-02 21:11:49,829 - INFO - 📈 已处理688550 瑞联新材 
2025-09-02 21:11:51,326 - INFO - 📈 已处理688551 科威尔 
2025-09-02 21:11:52,661 - INFO - 📈 已处理688552 航天南湖 
2025-09-02 21:11:54,077 - INFO - 📈 已处理688553 汇宇制药-W 
2025-09-02 21:11:55,465 - INFO - 📈 已处理688555 退市泽达 
2025-09-02 21:11:56,992 - INFO - 📈 已处理688556 高测股份 
2025-09-02 21:11:58,475 - INFO - 📈 已处理688557 兰剑智能 
2025-09-02 21:11:59,996 - INFO - 📈 已处理688558 国盛智科 
2025-09-02 21:12:01,510 - INFO - 📈 已处理688559 海目星 
2025-09-02 21:12:03,032 - INFO - 📈 已处理688560 明冠新材 
2025-09-02 21:12:04,575 - INFO - 📈 已处理688561 奇安信-U 
2025-09-02 21:12:05,917 - INFO - 📈 已处理688562 航天软件 
2025-09-02 21:12:07,275 - INFO - 📈 已处理688563 航材股份 
2025-09-02 21:12:08,815 - INFO - 📈 已处理688565 力源科技 
2025-09-02 21:12:10,477 - INFO - 📈 已处理688566 吉贝尔 
2025-09-02 21:12:12,006 - INFO - 📈 已处理688567 孚能科技 
2025-09-02 21:12:13,521 - INFO - 📈 已处理688568 中科星图 
2025-09-02 21:12:15,067 - INFO - 📈 已处理688569 铁科轨道 
2025-09-02 21:12:16,385 - INFO - 📈 已处理688570 天玛智控 
2025-09-02 21:12:17,876 - INFO - 📈 已处理688571 杭华股份 
2025-09-02 21:12:19,182 - INFO - 📈 已处理688573 信宇人 
2025-09-02 21:12:20,703 - INFO - 📈 已处理688575 亚辉龙 
2025-09-02 21:12:22,044 - INFO - 📈 已处理688576 西山科技 
2025-09-02 21:12:23,582 - INFO - 📈 已处理688577 浙海德曼 
2025-09-02 21:12:25,080 - INFO - 📈 已处理688578 艾力斯 
2025-09-02 21:12:25,080 - INFO - 📈 已处理 2300/2701 只股票，成功 2292 只
2025-09-02 21:12:26,652 - INFO - 📈 已处理688579 山大地纬 
2025-09-02 21:12:28,161 - INFO - 📈 已处理688580 伟思医疗 
2025-09-02 21:12:29,557 - INFO - 📈 已处理688581 安杰思 
2025-09-02 21:12:30,873 - INFO - 📈 已处理688582 芯动联科 
2025-09-02 21:12:32,055 - INFO - 📈 已处理688583 思看科技 
2025-09-02 21:12:33,343 - INFO - 📈 已处理688584 上海合晶 
2025-09-02 21:12:34,838 - INFO - 📈 已处理688585 上纬新材 
2025-09-02 21:12:36,409 - INFO - 📈 已处理688586 江航装备 
2025-09-02 21:12:38,067 - INFO - 📈 已处理688588 凌志软件 
2025-09-02 21:12:39,583 - INFO - 📈 已处理688589 力合微 
2025-09-02 21:12:41,079 - INFO - 📈 已处理688590 新致软件 
2025-09-02 21:12:42,401 - INFO - 📈 已处理688591 泰凌微 
2025-09-02 21:12:43,732 - INFO - 📈 已处理688592 司南导航 
2025-09-02 21:12:45,051 - INFO - 📈 已处理688593 新相微 
2025-09-02 21:12:46,615 - INFO - 📈 已处理688595 芯海科技 
2025-09-02 21:12:48,124 - INFO - 📈 已处理688596 正帆科技 
2025-09-02 21:12:49,625 - INFO - 📈 已处理688597 煜邦电力 
2025-09-02 21:12:51,223 - INFO - 📈 已处理688598 金博股份 
2025-09-02 21:12:52,735 - INFO - 📈 已处理688599 天合光能 
2025-09-02 21:12:54,277 - INFO - 📈 已处理688600 皖仪科技 
2025-09-02 21:12:55,718 - INFO - 📈 已处理688601 力芯微 
2025-09-02 21:12:57,038 - INFO - 📈 已处理688602 康鹏科技 
2025-09-02 21:12:58,409 - INFO - 📈 已处理688603 天承科技 
2025-09-02 21:12:59,609 - INFO - 📈 已处理688605 先锋精科 
2025-09-02 21:13:01,107 - INFO - 📈 已处理688606 奥泰生物 
2025-09-02 21:13:02,667 - INFO - 📈 已处理688607 康众医疗 
2025-09-02 21:13:04,180 - INFO - 📈 已处理688608 恒玄科技 
2025-09-02 21:13:05,660 - INFO - 📈 已处理688609 九联科技 
2025-09-02 21:13:06,982 - INFO - 📈 已处理688610 埃科光电 
2025-09-02 21:13:08,400 - INFO - 📈 已处理688611 杭州柯林 
2025-09-02 21:13:09,751 - INFO - 📈 已处理688612 威迈斯 
2025-09-02 21:13:11,278 - INFO - 📈 已处理688613 奥精医疗 
2025-09-02 21:13:12,509 - INFO - 📈 已处理688615 合合信息 
2025-09-02 21:13:14,234 - INFO - 📈 已处理688616 西力科技 
2025-09-02 21:13:15,903 - INFO - 📈 已处理688617 惠泰医疗 
2025-09-02 21:13:17,510 - INFO - 📈 已处理688618 三旺通信 
2025-09-02 21:13:19,088 - INFO - 📈 已处理688619 罗普特 
2025-09-02 21:13:20,515 - INFO - 📈 已处理688620 安凯微 
2025-09-02 21:13:21,980 - INFO - 📈 已处理688621 阳光诺和 
2025-09-02 21:13:23,428 - INFO - 📈 已处理688622 禾信仪器 
2025-09-02 21:13:24,791 - INFO - 📈 已处理688623 双元科技 
2025-09-02 21:13:26,276 - INFO - 📈 已处理688625 呈和科技 
2025-09-02 21:13:27,816 - INFO - 📈 已处理688626 翔宇医疗 
2025-09-02 21:13:29,136 - INFO - 📈 已处理688627 精智达 
2025-09-02 21:13:30,585 - INFO - 📈 已处理688628 优利德 
2025-09-02 21:13:31,910 - INFO - 📈 已处理688629 华丰科技 
2025-09-02 21:13:33,378 - INFO - 📈 已处理688630 芯碁微装 
2025-09-02 21:13:34,728 - INFO - 📈 已处理688631 莱斯信息 
2025-09-02 21:13:36,280 - INFO - 📈 已处理688633 星球石墨 
2025-09-02 21:13:37,759 - INFO - 📈 已处理688636 智明达 
2025-09-02 21:13:37,759 - INFO - 📈 已处理 2350/2701 只股票，成功 2342 只
2025-09-02 21:13:39,076 - INFO - 📈 已处理688638 誉辰智能 
2025-09-02 21:13:40,523 - INFO - 📈 已处理688639 华恒生物 
2025-09-02 21:13:41,843 - INFO - 📈 已处理688646 ST逸飞 
2025-09-02 21:13:43,130 - INFO - 📈 已处理688648 中邮科技 
2025-09-02 21:13:44,455 - INFO - 📈 已处理688651 盛邦安全 
2025-09-02 21:13:45,764 - INFO - 📈 已处理688652 京仪装备 
2025-09-02 21:13:47,062 - INFO - 📈 已处理688653 康希通信 
2025-09-02 21:13:48,835 - INFO - 📈 已处理688655 迅捷兴 
2025-09-02 21:13:50,293 - INFO - 📈 已处理688656 浩欧博 
2025-09-02 21:13:51,602 - INFO - 📈 已处理688657 浩辰软件 
2025-09-02 21:13:53,109 - INFO - 📈 已处理688658 悦康药业 
2025-09-02 21:13:54,670 - INFO - 📈 已处理688659 元琛科技 
2025-09-02 21:13:56,157 - INFO - 📈 已处理688660 电气风电 
2025-09-02 21:13:57,639 - INFO - 📈 已处理688661 和林微纳 
2025-09-02 21:13:59,142 - INFO - 📈 已处理688662 富信科技 
2025-09-02 21:14:00,606 - INFO - 📈 已处理688663 新风光 
2025-09-02 21:14:02,057 - INFO - 📈 已处理688665 四方光电 
2025-09-02 21:14:03,507 - INFO - 📈 已处理688667 菱电电控 
2025-09-02 21:14:05,015 - INFO - 📈 已处理688668 XD鼎通科 
2025-09-02 21:14:06,514 - INFO - 📈 已处理688669 聚石化学 
2025-09-02 21:14:07,954 - INFO - 📈 已处理688670 金迪克 
2025-09-02 21:14:09,272 - INFO - 📈 已处理688671 碧兴物联 
2025-09-02 21:14:10,716 - INFO - 📈 已处理688676 金盘科技 
2025-09-02 21:14:12,190 - INFO - 📈 已处理688677 海泰新光 
2025-09-02 21:14:13,681 - INFO - 📈 已处理688678 福立旺 
2025-09-02 21:14:15,210 - INFO - 📈 已处理688679 通源环境 
2025-09-02 21:14:16,719 - INFO - 📈 已处理688680 海优新材 
2025-09-02 21:14:18,220 - INFO - 📈 已处理688681 科汇股份 
2025-09-02 21:14:19,704 - INFO - 📈 已处理688682 霍莱沃 
2025-09-02 21:14:21,158 - INFO - 📈 已处理688683 莱尔科技 
2025-09-02 21:14:22,723 - INFO - 📈 已处理688685 迈信林 
2025-09-02 21:14:24,236 - INFO - 📈 已处理688686 奥普特 
2025-09-02 21:14:25,692 - INFO - 📈 已处理688687 凯因科技 
2025-09-02 21:14:27,201 - INFO - 📈 已处理688689 银河微电 
2025-09-02 21:14:28,657 - INFO - 📈 已处理688690 纳微科技 
2025-09-02 21:14:29,896 - INFO - 📈 已处理688691 灿芯股份 
2025-09-02 21:14:31,124 - INFO - 📈 已处理688692 达梦数据 
2025-09-02 21:14:32,441 - INFO - 📈 已处理688693 锴威特 
2025-09-02 21:14:33,709 - INFO - 📈 已处理688695 中创股份 
2025-09-02 21:14:35,186 - INFO - 📈 已处理688696 极米科技 
2025-09-02 21:14:36,643 - INFO - 📈 已处理688697 纽威数控 
2025-09-02 21:14:38,204 - INFO - 📈 已处理688698 伟创电气 
2025-09-02 21:14:39,695 - INFO - 📈 已处理688699 明微电子 
2025-09-02 21:14:41,168 - INFO - 📈 已处理688700 东威科技 
2025-09-02 21:14:42,613 - INFO - 📈 已处理688701 卓锦股份 
2025-09-02 21:14:43,951 - INFO - 📈 已处理688702 盛科通信 
2025-09-02 21:14:45,409 - INFO - 📈 已处理688707 振华新材 
2025-09-02 21:14:46,630 - INFO - 📈 已处理688708 佳驰科技 
2025-09-02 21:14:47,916 - INFO - 📈 已处理688709 成都华微 
2025-09-02 21:14:49,136 - INFO - 📈 已处理688710 益诺思 
2025-09-02 21:14:49,136 - INFO - 📈 已处理 2400/2701 只股票，成功 2392 只
2025-09-02 21:14:50,594 - INFO - 📈 已处理688711 宏微科技 
2025-09-02 21:14:51,923 - INFO - 📈 已处理688716 中研股份 
2025-09-02 21:14:53,207 - INFO - 📈 已处理688717 艾罗能源 
2025-09-02 21:14:54,728 - INFO - 📈 已处理688718 唯赛勃 
2025-09-02 21:14:56,042 - INFO - 📈 已处理688719 爱科赛博 
2025-09-02 21:14:57,346 - INFO - 📈 已处理688720 艾森股份 
2025-09-02 21:14:58,586 - INFO - 📈 已处理688721 龙图光罩 
2025-09-02 21:15:00,041 - INFO - 📈 已处理688722 同益中 
2025-09-02 21:15:01,242 - INFO - 📈 已处理688726 拉普拉斯 
2025-09-02 21:15:02,709 - INFO - 📈 已处理688728 格科微 
2025-09-02 21:15:03,879 - INFO - 📈 已处理688729 屹唐股份 
2025-09-02 21:15:05,322 - INFO - 📈 已处理688733 壹石通 
2025-09-02 21:15:06,745 - INFO - 📈 已处理688737 中自科技 
2025-09-02 21:15:08,183 - INFO - 📈 已处理688739 成大生物 
2025-09-02 21:15:09,400 - INFO - 📈 已处理688750 金天钛业 
2025-09-02 21:15:10,576 - INFO - 📈 已处理688755 汉邦科技 
2025-09-02 21:15:11,771 - INFO - 📈 已处理688757 胜科纳米 
2025-09-02 21:15:12,946 - INFO - 📈 已处理688758 赛分科技 
2025-09-02 21:15:14,391 - INFO - 📈 已处理688766 普冉股份 
2025-09-02 21:15:15,841 - INFO - 📈 已处理688767 博拓生物 
2025-09-02 21:15:17,275 - INFO - 📈 已处理688768 容知日新 
2025-09-02 21:15:18,726 - INFO - 📈 已处理688772 珠海冠宇 
2025-09-02 21:15:19,895 - INFO - 📈 已处理688775 影石创新 
2025-09-02 21:15:21,325 - INFO - 📈 已处理688776 国光电气 
2025-09-02 21:15:22,907 - INFO - 📈 已处理688777 中控技术 
2025-09-02 21:15:24,345 - INFO - 📈 已处理688778 厦钨新能 
2025-09-02 21:15:25,815 - INFO - 📈 已处理688779 五矿新能 
2025-09-02 21:15:27,245 - INFO - 📈 已处理688786 悦安新材 
2025-09-02 21:15:28,715 - INFO - 📈 已处理688787 海天瑞声 
2025-09-02 21:15:30,226 - INFO - 📈 已处理688788 科思科技 
2025-09-02 21:15:31,646 - INFO - 📈 已处理688789 宏华数科 
2025-09-02 21:15:33,108 - INFO - 📈 已处理688793 倍轻松 
2025-09-02 21:15:34,545 - INFO - 📈 已处理688798 艾为电子 
2025-09-02 21:15:36,007 - INFO - 📈 已处理688799 华纳药厂 
2025-09-02 21:15:37,476 - INFO - 📈 已处理688800 瑞可达 
2025-09-02 21:15:38,985 - INFO - 📈 已处理688819 天能股份 
2025-09-02 21:15:40,637 - INFO - 📈 已处理688981 中芯国际 
2025-09-02 21:15:42,139 - INFO - 📈 已处理689009 九号公司-WD 
2025-09-02 21:15:43,675 - INFO - 📈 已处理830779 武汉蓝电 
2025-09-02 21:15:45,403 - INFO - 📈 已处理830809 安达科技 
2025-09-02 21:15:46,995 - INFO - 📈 已处理830832 齐鲁华信 
2025-09-02 21:15:48,551 - INFO - 📈 已处理830839 万通液压 
2025-09-02 21:15:50,218 - INFO - 📈 已处理830879 基康技术 
2025-09-02 21:15:51,558 - INFO - 📈 已处理830896 旺成科技 
2025-09-02 21:15:53,081 - INFO - 📈 已处理830946 森萱医药 
2025-09-02 21:15:54,831 - INFO - 📈 已处理830964 润农节水 
2025-09-02 21:15:56,461 - INFO - 📈 已处理830974 凯大催化 
2025-09-02 21:15:58,050 - INFO - 📈 已处理831010 凯添燃气 
2025-09-02 21:15:59,656 - INFO - 📈 已处理831039 国义招标 
2025-09-02 21:16:00,921 - WARNING - ⚠️ 831087 秋乐种业 K线更新失败: (1264, "Out of range value for column 'change_pct' at row 1")
2025-09-02 21:16:02,479 - INFO - 📈 已处理831152 昆工科技 
2025-09-02 21:16:03,908 - INFO - 📈 已处理831167 鑫汇科 
2025-09-02 21:16:05,383 - INFO - 📈 已处理831175 派诺科技 
2025-09-02 21:16:06,939 - INFO - 📈 已处理831195 三祥科技 
2025-09-02 21:16:08,501 - INFO - 📈 已处理831278 泰德股份 
2025-09-02 21:16:09,879 - INFO - 📈 已处理831304 迪尔化工 
2025-09-02 21:16:11,480 - INFO - 📈 已处理831305 海希通讯 
2025-09-02 21:16:13,154 - INFO - 📈 已处理831370 新安洁 
2025-09-02 21:16:14,600 - INFO - 📈 已处理831396 许昌智能 
2025-09-02 21:16:16,062 - INFO - 📈 已处理831526 凯华材料 
2025-09-02 21:16:17,491 - INFO - 📈 已处理831627 力王股份 
2025-09-02 21:16:18,908 - INFO - 📈 已处理831641 格利尔 
2025-09-02 21:16:20,742 - INFO - 📈 已处理831689 克莱特 
2025-09-02 21:16:22,223 - INFO - 📈 已处理831726 朱老六 
2025-09-02 21:16:23,767 - INFO - 📈 已处理831768 拾比佰 
2025-09-02 21:16:25,253 - INFO - 📈 已处理831832 科达自控 
2025-09-02 21:16:26,612 - INFO - 📈 已处理831834 三维装备 
2025-09-02 21:16:28,032 - INFO - 📈 已处理831855 浙江大农 
2025-09-02 21:16:29,595 - INFO - 📈 已处理831856 浩淼科技 
2025-09-02 21:16:30,947 - INFO - 📈 已处理831906 舜宇精工 
2025-09-02 21:16:32,799 - INFO - 📈 已处理831961 创远信科 
2025-09-02 21:16:34,272 - INFO - 📈 已处理832000 安徽凤凰 
2025-09-02 21:16:36,048 - INFO - 📈 已处理832023 田野股份 
2025-09-02 21:16:37,504 - INFO - 📈 已处理832089 禾昌聚合 
2025-09-02 21:16:38,965 - INFO - 📈 已处理832110 雷特科技 
2025-09-02 21:16:40,446 - INFO - 📈 已处理832145 恒合股份 
2025-09-02 21:16:42,467 - INFO - 📈 已处理832149 利尔达 
2025-09-02 21:16:44,010 - INFO - 📈 已处理832171 志晟信息 
2025-09-02 21:16:45,350 - WARNING - ⚠️ 832175 东方碳素 K线更新失败: (1264, "Out of range value for column 'change_pct' at row 1")
2025-09-02 21:16:46,904 - INFO - 📈 已处理832225 利通科技 
2025-09-02 21:16:48,537 - INFO - 📈 已处理832278 鹿得医疗 
2025-09-02 21:16:50,097 - INFO - 📈 已处理832317 观典防务 
2025-09-02 21:16:51,299 - WARNING - ⚠️ 832419 路斯股份 K线更新失败: (1264, "Out of range value for column 'change_pct' at row 1")
2025-09-02 21:16:52,700 - INFO - 📈 已处理832469 富恒新材 
2025-09-02 21:16:54,136 - INFO - 📈 已处理832471 美邦科技 
2025-09-02 21:16:55,752 - INFO - 📈 已处理832491 奥迪威 
2025-09-02 21:16:57,416 - INFO - 📈 已处理832522 纳科诺尔 
2025-09-02 21:16:59,069 - INFO - 📈 已处理832566 梓橦宫 
2025-09-02 21:17:00,437 - INFO - 📈 已处理832651 天罡股份 
2025-09-02 21:17:01,821 - INFO - 📈 已处理832662 方盛股份 
2025-09-02 21:17:03,503 - INFO - 📈 已处理832735 德源药业 
2025-09-02 21:17:05,205 - INFO - 📈 已处理832786 骑士乳业 
2025-09-02 21:17:06,681 - INFO - 📈 已处理832802 保丽洁 
2025-09-02 21:17:08,167 - INFO - 📈 已处理832876 慧为智能 
2025-09-02 21:17:09,621 - INFO - 📈 已处理832885 星辰科技 
2025-09-02 21:17:11,118 - INFO - 📈 已处理832978 开特股份 
2025-09-02 21:17:12,653 - INFO - 📈 已处理832982 锦波生物 
2025-09-02 21:17:14,009 - INFO - 📈 已处理833030 立方控股 
2025-09-02 21:17:15,430 - INFO - 📈 已处理833075 柏星龙 
2025-09-02 21:17:16,889 - INFO - 📈 已处理833171 国航远洋 
2025-09-02 21:17:16,889 - INFO - 📈 已处理 2500/2701 只股票，成功 2489 只
2025-09-02 21:17:18,287 - INFO - 📈 已处理833230 欧康医药 
2025-09-02 21:17:19,999 - INFO - 📈 已处理833266 生物谷 
2025-09-02 21:17:21,436 - INFO - 📈 已处理833284 灵鸽科技 
2025-09-02 21:17:22,926 - INFO - 📈 已处理833346 威贸电子 
2025-09-02 21:17:24,267 - INFO - 📈 已处理833394 民士达 
2025-09-02 21:17:25,759 - INFO - 📈 已处理833427 华维设计 
2025-09-02 21:17:27,150 - INFO - 📈 已处理833429 康比特 
2025-09-02 21:17:28,599 - INFO - 📈 已处理833454 同心传动 
2025-09-02 21:17:29,928 - INFO - 📈 已处理833455 汇隆活塞 
2025-09-02 21:17:31,419 - INFO - 📈 已处理833509 同惠电子 
2025-09-02 21:17:32,926 - INFO - 📈 已处理833523 德瑞锂电 
2025-09-02 21:17:34,357 - INFO - 📈 已处理833533 骏创科技 
2025-09-02 21:17:35,916 - INFO - 📈 已处理833575 康乐卫士 
2025-09-02 21:17:37,320 - INFO - 📈 已处理833580 科创新材 
2025-09-02 21:17:38,730 - INFO - 📈 已处理833751 惠同新材 
2025-09-02 21:17:40,098 - INFO - 📈 已处理833781 瑞奇智造 
2025-09-02 21:17:41,554 - INFO - 📈 已处理833873 中设咨询 
2025-09-02 21:17:42,957 - INFO - 📈 已处理833874 泰祥股份 
2025-09-02 21:17:44,175 - WARNING - ⚠️ 833914 远航精密 K线更新失败: (1264, "Out of range value for column 'change_pct' at row 1")
2025-09-02 21:17:45,583 - INFO - 📈 已处理833943 优机股份 
2025-09-02 21:17:47,010 - INFO - 📈 已处理833994 翰博高新 
2025-09-02 21:17:48,452 - INFO - 📈 已处理834014 特瑞斯 
2025-09-02 21:17:50,091 - INFO - 📈 已处理834021 流金科技 
2025-09-02 21:17:51,493 - INFO - 📈 已处理834033 康普化学 
2025-09-02 21:17:52,821 - INFO - 📈 已处理834058 华洋赛车 
2025-09-02 21:17:54,315 - INFO - 📈 已处理834062 科润智控 
2025-09-02 21:17:55,881 - INFO - 📈 已处理834261 一诺威 
2025-09-02 21:17:57,304 - INFO - 📈 已处理834407 驰诚股份 
2025-09-02 21:17:59,018 - INFO - 📈 已处理834415 恒拓开源 
2025-09-02 21:18:00,556 - INFO - 📈 已处理834475 三友科技 
2025-09-02 21:18:02,055 - INFO - 📈 已处理834599 同力股份 
2025-09-02 21:18:03,552 - INFO - 📈 已处理834639 晨光电缆 
2025-09-02 21:18:05,036 - INFO - 📈 已处理834765 美之高 
2025-09-02 21:18:06,483 - INFO - 📈 已处理834770 艾能聚 
2025-09-02 21:18:07,819 - INFO - 📈 已处理834950 迅安科技 
2025-09-02 21:18:09,304 - INFO - 📈 已处理835174 五新隧装 
2025-09-02 21:18:10,771 - INFO - 📈 已处理835179 凯德石英 
2025-09-02 21:18:12,452 - INFO - 📈 已处理835184 国源科技 
2025-09-02 21:18:14,285 - INFO - 📈 已处理835185 贝特瑞 
2025-09-02 21:18:15,691 - INFO - 📈 已处理835207 众诚科技 
2025-09-02 21:18:17,095 - INFO - 📈 已处理835237 力佳科技 
2025-09-02 21:18:18,556 - INFO - 📈 已处理835305 *ST云创 
2025-09-02 21:18:20,282 - INFO - 📈 已处理835368 连城数控 
2025-09-02 21:18:21,739 - INFO - 📈 已处理835438 戈碧迦 
2025-09-02 21:18:23,318 - INFO - 📈 已处理835508 殷图网联 
2025-09-02 21:18:24,734 - INFO - 📈 已处理835579 机科股份 
2025-09-02 21:18:26,235 - INFO - 📈 已处理835640 富士达 
2025-09-02 21:18:27,735 - INFO - 📈 已处理835670 数字人 
2025-09-02 21:18:29,134 - INFO - 📈 已处理835857 百甲科技 
2025-09-02 21:18:30,484 - INFO - 📈 已处理835892 中科美菱 
2025-09-02 21:18:30,485 - INFO - 📈 已处理 2550/2701 只股票，成功 2538 只
2025-09-02 21:18:32,007 - INFO - 📈 已处理835985 海泰新能 
2025-09-02 21:18:33,484 - INFO - 📈 已处理836077 吉林碳谷 
2025-09-02 21:18:35,030 - INFO - 📈 已处理836149 旭杰科技 
2025-09-02 21:18:36,349 - INFO - 📈 已处理836208 青矩技术 
2025-09-02 21:18:37,733 - INFO - 📈 已处理836221 易实精密 
2025-09-02 21:18:39,225 - INFO - 📈 已处理836239 长虹能源 
2025-09-02 21:18:40,585 - INFO - 📈 已处理836247 华密新材 
2025-09-02 21:18:42,034 - INFO - 📈 已处理836260 中寰股份 
2025-09-02 21:18:44,047 - INFO - 📈 已处理836263 中航泰达 
2025-09-02 21:18:45,417 - INFO - 📈 已处理836270 天铭科技 
2025-09-02 21:18:46,836 - INFO - 📈 已处理836395 朗鸿科技 
2025-09-02 21:18:48,278 - INFO - 📈 已处理836414 欧普泰 
2025-09-02 21:18:49,602 - INFO - 📈 已处理836419 万德股份 
2025-09-02 21:18:50,967 - INFO - 📈 已处理836422 润普食品 
2025-09-02 21:18:52,529 - INFO - 📈 已处理836433 大唐药业 
2025-09-02 21:18:53,903 - INFO - 📈 已处理836504 博迅生物 
2025-09-02 21:18:55,190 - INFO - 📈 已处理836547 无锡晶海 
2025-09-02 21:18:56,686 - INFO - 📈 已处理836675 秉扬科技 
2025-09-02 21:18:58,029 - INFO - 📈 已处理836699 海达尔 
2025-09-02 21:18:59,333 - INFO - 📈 已处理836717 瑞星股份 
2025-09-02 21:19:00,750 - INFO - 📈 已处理836720 吉冈精密 
2025-09-02 21:19:02,106 - INFO - 📈 已处理836807 奔朗新材 
2025-09-02 21:19:03,567 - INFO - 📈 已处理836826 盖世食品 
2025-09-02 21:19:04,951 - INFO - 📈 已处理836871 派特尔 
2025-09-02 21:19:06,363 - INFO - 📈 已处理836892 广咨国际 
2025-09-02 21:19:13,319 - INFO - 📈 已处理836942 恒立钻具 
2025-09-02 21:19:15,218 - INFO - 📈 已处理836957 汉维科技 
2025-09-02 21:19:16,468 - INFO - 📈 已处理836961 西磁科技 
2025-09-02 21:19:17,800 - INFO - 📈 已处理837006 晟楠科技 
2025-09-02 21:19:19,248 - INFO - 📈 已处理837023 芭薇股份 
2025-09-02 21:19:20,603 - INFO - 📈 已处理837046 亿能电力 
2025-09-02 21:19:22,051 - INFO - 📈 已处理837092 汉鑫科技 
2025-09-02 21:19:23,351 - INFO - 📈 已处理837174 宏裕包材 
2025-09-02 21:19:24,799 - INFO - 📈 已处理837212 智新电子 
2025-09-02 21:19:26,299 - INFO - 📈 已处理837242 建邦科技 
2025-09-02 21:19:27,819 - INFO - 📈 已处理837344 三元基因 
2025-09-02 21:19:29,137 - INFO - 📈 已处理837403 康农种业 
2025-09-02 21:19:30,566 - INFO - 📈 已处理837592 华信永道 
2025-09-02 21:19:31,892 - INFO - 📈 已处理837663 明阳科技 
2025-09-02 21:19:33,208 - INFO - 📈 已处理837748 路桥信息 
2025-09-02 21:19:34,614 - INFO - 📈 已处理837821 则成电子 
2025-09-02 21:19:36,089 - INFO - 📈 已处理838030 德众汽车 
2025-09-02 21:19:37,601 - INFO - 📈 已处理838163 方大新材 
2025-09-02 21:19:38,978 - INFO - 📈 已处理838171 邦德股份 
2025-09-02 21:19:40,311 - INFO - 📈 已处理838227 美登科技 
2025-09-02 21:19:41,674 - INFO - 📈 已处理838262 太湖雪 
2025-09-02 21:19:43,141 - INFO - 📈 已处理838275 驱动力 
2025-09-02 21:19:44,518 - INFO - 📈 已处理838402 硅烷科技 
2025-09-02 21:19:45,920 - INFO - 📈 已处理838670 恒进感应 
2025-09-02 21:19:47,217 - INFO - 📈 已处理838701 豪声电子 
2025-09-02 21:19:47,217 - INFO - 📈 已处理 2600/2701 只股票，成功 2588 只
2025-09-02 21:19:48,678 - INFO - 📈 已处理838810 春光智能 
2025-09-02 21:19:49,998 - INFO - 📈 已处理838837 华原股份 
2025-09-02 21:19:51,499 - INFO - 📈 已处理838924 广脉科技 
2025-09-02 21:19:52,939 - INFO - 📈 已处理838971 天马新材 
2025-09-02 21:19:54,252 - INFO - 📈 已处理839273 一致魔芋 
2025-09-02 21:19:55,632 - INFO - 📈 已处理839371 欧福蛋业 
2025-09-02 21:19:57,000 - INFO - 📈 已处理839493 并行科技 
2025-09-02 21:19:58,426 - INFO - 📈 已处理839680 *ST广道 
2025-09-02 21:19:59,874 - INFO - 📈 已处理839719 宁新新材 
2025-09-02 21:20:01,310 - INFO - 📈 已处理839725 惠丰钻石 
2025-09-02 21:20:02,866 - INFO - 📈 已处理839729 永顺生物 
2025-09-02 21:20:04,268 - INFO - 📈 已处理839790 联迪信息 
2025-09-02 21:20:05,687 - INFO - 📈 已处理839792 东和新材 
2025-09-02 21:20:07,158 - INFO - 📈 已处理839946 华阳变速 
2025-09-02 21:20:08,562 - INFO - 📈 已处理870199 倍益康 
2025-09-02 21:20:09,955 - INFO - 📈 已处理870204 沪江材料 
2025-09-02 21:20:11,348 - INFO - 📈 已处理870299 灿能电力 
2025-09-02 21:20:12,679 - INFO - 📈 已处理870357 雅葆轩 
2025-09-02 21:20:14,093 - INFO - 📈 已处理870436 大地电气 
2025-09-02 21:20:15,446 - INFO - 📈 已处理870508 丰安股份 
2025-09-02 21:20:16,744 - INFO - 📈 已处理870656 海昇药业 
2025-09-02 21:20:18,021 - INFO - 📈 已处理870726 鸿智科技 
2025-09-02 21:20:19,436 - INFO - 📈 已处理870866 绿亨科技 
2025-09-02 21:20:20,712 - INFO - 📈 已处理870976 视声智能 
2025-09-02 21:20:22,100 - INFO - 📈 已处理871245 威博液压 
2025-09-02 21:20:23,368 - INFO - 📈 已处理871263 莱赛激光 
2025-09-02 21:20:24,913 - INFO - 📈 已处理871396 常辅股份 
2025-09-02 21:20:26,235 - INFO - 📈 已处理871478 巨能股份 
2025-09-02 21:20:27,773 - INFO - 📈 已处理871553 凯腾精工 
2025-09-02 21:20:29,181 - INFO - 📈 已处理871634 新威凌 
2025-09-02 21:20:30,712 - INFO - 📈 已处理871642 通易航天 
2025-09-02 21:20:32,065 - INFO - 📈 已处理871694 中裕科技 
2025-09-02 21:20:33,437 - INFO - 📈 已处理871753 天纺标 
2025-09-02 21:20:34,905 - INFO - 📈 已处理871857 泓禧科技 
2025-09-02 21:20:36,575 - INFO - 📈 已处理871970 大禹生物 
2025-09-02 21:20:37,985 - INFO - 📈 已处理871981 晶赛科技 
2025-09-02 21:20:39,659 - INFO - 📈 已处理872190 雷神科技 
2025-09-02 21:20:41,128 - INFO - 📈 已处理872351 华光源海 
2025-09-02 21:20:42,534 - INFO - 📈 已处理872374 云里物里 
2025-09-02 21:20:43,895 - INFO - 📈 已处理872392 佳合科技 
2025-09-02 21:20:45,227 - INFO - 📈 已处理872541 铁大科技 
2025-09-02 21:20:46,712 - INFO - 📈 已处理872808 曙光数创 
2025-09-02 21:20:48,066 - INFO - 📈 已处理872895 花溪科技 
2025-09-02 21:20:49,515 - INFO - 📈 已处理872925 锦好医疗 
2025-09-02 21:20:50,769 - INFO - 📈 已处理872931 无锡鼎邦 
2025-09-02 21:20:52,066 - INFO - 📈 已处理872953 国子软件 
2025-09-02 21:20:53,395 - INFO - 📈 已处理873001 纬达光电 
2025-09-02 21:20:54,787 - INFO - 📈 已处理873122 中纺标 
2025-09-02 21:20:56,058 - INFO - 📈 已处理873132 泰鹏智能 
2025-09-02 21:20:57,452 - INFO - 📈 已处理873152 天宏锂电 
2025-09-02 21:20:57,452 - INFO - 📈 已处理 2650/2701 只股票，成功 2638 只
2025-09-02 21:20:59,830 - INFO - 📈 已处理873167 新赣江 
2025-09-02 21:21:01,196 - INFO - 📈 已处理873169 七丰精工 
2025-09-02 21:21:02,575 - INFO - 📈 已处理873223 荣亿精密 
2025-09-02 21:21:03,893 - INFO - 📈 已处理873305 九菱科技 
2025-09-02 21:21:05,264 - INFO - 📈 已处理873339 恒太照明 
2025-09-02 21:21:06,684 - INFO - 📈 已处理873527 夜光明 
2025-09-02 21:21:07,961 - INFO - 📈 已处理873570 坤博精工 
2025-09-02 21:21:09,273 - INFO - 📈 已处理873576 天力复合 
2025-09-02 21:21:10,590 - INFO - 📈 已处理873593 鼎智科技 
2025-09-02 21:21:11,883 - INFO - 📈 已处理873665 科强股份 
2025-09-02 21:21:13,153 - INFO - 📈 已处理873679 前进科技 
2025-09-02 21:21:14,419 - INFO - 📈 已处理873690 捷众科技 
2025-09-02 21:21:15,718 - INFO - 📈 已处理873693 阿为特 
2025-09-02 21:21:16,971 - INFO - 📈 已处理873703 广厦环能 
2025-09-02 21:21:18,231 - INFO - 📈 已处理873706 铁拓机械 
2025-09-02 21:21:19,515 - INFO - 📈 已处理873726 卓兆点胶 
2025-09-02 21:21:20,767 - INFO - 📈 已处理873806 云星宇 
2025-09-02 21:21:22,051 - INFO - 📈 已处理873833 美心翼申 
2025-09-02 21:21:23,258 - INFO - 📈 已处理920002 万达轴承 
2025-09-02 21:21:24,391 - INFO - 📈 已处理920005 鼎佳精密 
2025-09-02 21:21:25,524 - INFO - 📈 已处理920007 酉立智能 
2025-09-02 21:21:26,715 - INFO - 📈 已处理920008 成电光信 
2025-09-02 21:21:27,904 - INFO - 📈 已处理920016 中草香料 
2025-09-02 21:21:29,035 - INFO - 📈 已处理920018 宏远股份 
2025-09-02 21:21:30,240 - INFO - 📈 已处理920019 铜冠矿建 
2025-09-02 21:21:31,397 - INFO - 📈 已处理920027 交大铁发 
2025-09-02 21:21:32,538 - INFO - 📈 已处理920029 开发科技 
2025-09-02 21:21:33,692 - INFO - 📈 已处理920037 广信科技 
2025-09-02 21:21:34,813 - INFO - 📈 已处理920056 能之光 
2025-09-02 21:21:35,984 - INFO - 📈 已处理920060 万源通 
2025-09-02 21:21:37,170 - INFO - 📈 已处理920066 科拜尔 
2025-09-02 21:21:38,345 - INFO - 📈 已处理920068 天工股份 
2025-09-02 21:21:39,548 - INFO - 📈 已处理920082 方正阀门 
2025-09-02 21:21:40,727 - INFO - 📈 已处理920088 科力股份 
2025-09-02 21:21:41,925 - INFO - 📈 已处理920098 科隆新材 
2025-09-02 21:21:43,104 - INFO - 📈 已处理920099 瑞华技术 
2025-09-02 21:21:45,381 - INFO - 📈 已处理920101 志高机械 
2025-09-02 21:21:46,555 - INFO - 📈 已处理920106 林泰新材 
2025-09-02 21:21:47,735 - INFO - 📈 已处理920108 宏海科技 
2025-09-02 21:21:48,928 - INFO - 📈 已处理920111 聚星科技 
2025-09-02 21:21:50,064 - INFO - 📈 已处理920112 巴兰仕 
2025-09-02 21:21:51,237 - INFO - 📈 已处理920116 星图测控 
2025-09-02 21:21:52,445 - INFO - 📈 已处理920118 太湖远大 
2025-09-02 21:21:53,651 - INFO - 📈 已处理920128 胜业电气 
2025-09-02 21:21:55,128 - INFO - 📈 已处理920167 同享科技 
2025-09-02 21:21:56,646 - INFO - 📈 已处理920445 龙竹科技 
2025-09-02 21:21:58,143 - INFO - 📈 已处理920489 佳先股份 
2025-09-02 21:21:59,624 - INFO - 📈 已处理920682 球冠电缆 
2025-09-02 21:22:01,105 - INFO - 📈 已处理920799 艾融软件 
2025-09-02 21:22:01,105 - INFO - 📈 已处理 2700/2701 只股票，成功 2687 只
2025-09-02 21:22:02,612 - INFO - 📈 已处理920819 颖泰生物 
2025-09-02 21:22:02,612 - INFO - ✅ 本周K线更新完成: 2688 条记录
2025-09-02 21:22:02,612 - INFO - ============================================================
2025-09-02 21:22:02,612 - INFO - 📊 本周数据更新统计
2025-09-02 21:22:02,612 - INFO - ============================================================
2025-09-02 21:22:02,612 - INFO - ⏱️  更新耗时: 1:36:12.542378
2025-09-02 21:22:02,612 - INFO - 📈 实时行情: 0 条
2025-09-02 21:22:02,612 - INFO - 📊 本周K线: 2,688 条
2025-09-02 21:22:02,612 - INFO - 📅 交易日历: 0 条
2025-09-02 21:22:02,612 - INFO - ✅ 无错误
2025-09-02 21:22:02,612 - INFO - ============================================================
2025-09-02 21:22:02,612 - INFO - 🎉 本周数据更新完成！
2025-09-02 21:22:02,612 - INFO - 数据库连接已关闭
2025-09-02 21:22:02,612 - INFO - ✅ 每周数据更新成功完成
