2025-09-07 08:22:28,436 - INFO - 🌟 每周数据更新程序启动
2025-09-07 08:22:28,437 - INFO - 🚀 开始每周数据更新...
2025-09-07 08:22:28,437 - INFO - ============================================================
2025-09-07 08:22:28,446 - INFO - ✅ 成功连接到MySQL数据库
2025-09-07 08:22:28,446 - INFO - 📊 开始更新近7个自然日K线数据）...
2025-09-07 08:22:31,426 - INFO - 📊 准备更新 5416 只股票的近7个自然日K线数据
2025-09-07 08:22:32,654 - INFO - 📈 已处理000001 平安银行 
2025-09-07 08:22:33,836 - INFO - 📈 已处理000002 万科Ａ 
2025-09-07 08:22:34,999 - INFO - 📈 已处理000004 *ST国华 
2025-09-07 08:22:36,155 - INFO - 📈 已处理000006 深振业Ａ 
2025-09-07 08:22:37,302 - INFO - 📈 已处理000007 全新好 
2025-09-07 08:22:38,453 - INFO - 📈 已处理000008 神州高铁 
2025-09-07 08:22:39,619 - INFO - 📈 已处理000009 中国宝安 
2025-09-07 08:22:40,786 - INFO - 📈 已处理000010 美丽生态 
2025-09-07 08:22:41,953 - INFO - 📈 已处理000011 深物业A 
2025-09-07 08:22:43,127 - INFO - 📈 已处理000012 南玻Ａ 
2025-09-07 08:22:44,318 - INFO - 📈 已处理000014 沙河股份 
2025-09-07 08:22:45,477 - INFO - 📈 已处理000016 深康佳Ａ 
2025-09-07 08:22:46,634 - INFO - 📈 已处理000017 深中华A 
2025-09-07 08:22:47,810 - INFO - 📈 已处理000019 深粮控股 
2025-09-07 08:22:48,954 - INFO - 📈 已处理000020 深华发Ａ 
2025-09-07 08:22:50,123 - INFO - 📈 已处理000021 深科技 
2025-09-07 08:22:51,272 - INFO - 📈 已处理000025 特力Ａ 
2025-09-07 08:22:52,431 - INFO - 📈 已处理000026 飞亚达 
2025-09-07 08:22:53,586 - INFO - 📈 已处理000027 深圳能源 
2025-09-07 08:22:54,758 - INFO - 📈 已处理000028 国药一致 
2025-09-07 08:22:55,904 - INFO - 📈 已处理000029 深深房Ａ 
2025-09-07 08:22:57,067 - INFO - 📈 已处理000030 富奥股份 
2025-09-07 08:22:58,221 - INFO - 📈 已处理000031 大悦城 
2025-09-07 08:22:59,361 - INFO - 📈 已处理000032 深桑达Ａ 
2025-09-07 08:23:00,518 - INFO - 📈 已处理000034 神州数码 
2025-09-07 08:23:01,668 - INFO - 📈 已处理000035 中国天楹 
2025-09-07 08:23:02,821 - INFO - 📈 已处理000036 华联控股 
2025-09-07 08:23:03,991 - INFO - 📈 已处理000037 深南电A 
2025-09-07 08:23:05,162 - INFO - 📈 已处理000039 中集集团 
2025-09-07 08:23:06,356 - INFO - 📈 已处理000042 中洲控股 
2025-09-07 08:23:07,536 - INFO - 📈 已处理000045 深纺织Ａ 
2025-09-07 08:23:08,686 - INFO - 📈 已处理000048 京基智农 
2025-09-07 08:23:09,854 - INFO - 📈 已处理000049 德赛电池 
2025-09-07 08:23:11,016 - INFO - 📈 已处理000050 深天马Ａ 
2025-09-07 08:23:12,180 - INFO - 📈 已处理000055 方大集团 
2025-09-07 08:23:13,336 - INFO - 📈 已处理000056 皇庭国际 
2025-09-07 08:23:14,489 - INFO - 📈 已处理000058 深赛格 
2025-09-07 08:23:15,647 - INFO - 📈 已处理000059 华锦股份 
2025-09-07 08:23:16,815 - INFO - 📈 已处理000060 中金岭南 
2025-09-07 08:23:17,976 - INFO - 📈 已处理000061 农产品 
2025-09-07 08:23:19,133 - INFO - 📈 已处理000062 深圳华强 
2025-09-07 08:23:20,301 - INFO - 📈 已处理000063 中兴通讯 
2025-09-07 08:23:21,459 - INFO - 📈 已处理000065 北方国际 
2025-09-07 08:23:22,631 - INFO - 📈 已处理000066 中国长城 
2025-09-07 08:23:23,762 - INFO - 📈 已处理000068 华控赛格 
2025-09-07 08:23:24,925 - INFO - 📈 已处理000069 华侨城Ａ 
2025-09-07 08:23:26,081 - INFO - 📈 已处理000070 特发信息 
2025-09-07 08:23:27,258 - INFO - 📈 已处理000078 海王生物 
2025-09-07 08:23:28,407 - INFO - 📈 已处理000088 盐田港 
2025-09-07 08:23:29,556 - INFO - 📈 已处理000089 深圳机场 
2025-09-07 08:23:29,556 - INFO - 📈 已处理 50/5416 只股票，成功 50 只
2025-09-07 08:23:30,714 - INFO - 📈 已处理000090 天健集团 
2025-09-07 08:23:31,872 - INFO - 📈 已处理000096 广聚能源 
2025-09-07 08:23:33,037 - INFO - 📈 已处理000099 中信海直 
2025-09-07 08:23:34,185 - INFO - 📈 已处理000100 TCL科技 
2025-09-07 08:23:35,331 - INFO - 📈 已处理000151 中成股份 
2025-09-07 08:23:36,484 - INFO - 📈 已处理000153 丰原药业 
2025-09-07 08:23:37,660 - INFO - 📈 已处理000155 川能动力 
2025-09-07 08:23:38,820 - INFO - 📈 已处理000156 华数传媒 
2025-09-07 08:23:39,961 - INFO - 📈 已处理000157 中联重科 
2025-09-07 08:23:41,121 - INFO - 📈 已处理000158 常山北明 
2025-09-07 08:23:42,286 - INFO - 📈 已处理000159 国际实业 
2025-09-07 08:23:43,452 - INFO - 📈 已处理000166 申万宏源 
2025-09-07 08:23:44,605 - INFO - 📈 已处理000301 东方盛虹 
2025-09-07 08:23:45,775 - INFO - 📈 已处理000333 美的集团 
2025-09-07 08:23:46,926 - INFO - 📈 已处理000338 潍柴动力 
2025-09-07 08:23:48,073 - INFO - 📈 已处理000400 许继电气 
2025-09-07 08:23:49,232 - INFO - 📈 已处理000401 冀东水泥 
2025-09-07 08:23:50,395 - INFO - 📈 已处理000402 金融街 
2025-09-07 08:23:51,552 - INFO - 📈 已处理000403 派林生物 
2025-09-07 08:23:52,717 - INFO - 📈 已处理000404 长虹华意 
2025-09-07 08:23:53,852 - INFO - 📈 已处理000407 胜利股份 
2025-09-07 08:23:55,017 - INFO - 📈 已处理000408 藏格矿业 
2025-09-07 08:23:56,167 - INFO - 📈 已处理000409 云鼎科技 
2025-09-07 08:23:57,335 - INFO - 📈 已处理000410 沈阳机床 
2025-09-07 08:23:58,500 - INFO - 📈 已处理000411 英特集团 
2025-09-07 08:23:59,650 - INFO - 📈 已处理000415 渤海租赁 
2025-09-07 08:24:00,800 - INFO - 📈 已处理000417 合百集团 
2025-09-07 08:24:01,950 - INFO - 📈 已处理000419 通程控股 
2025-09-07 08:24:03,134 - INFO - 📈 已处理000420 吉林化纤 
2025-09-07 08:24:04,316 - INFO - 📈 已处理000421 南京公用 
2025-09-07 08:24:05,467 - INFO - 📈 已处理000422 湖北宜化 
2025-09-07 08:24:06,617 - INFO - 📈 已处理000423 东阿阿胶 
2025-09-07 08:24:07,784 - INFO - 📈 已处理000425 徐工机械 
2025-09-07 08:24:08,920 - INFO - 📈 已处理000426 兴业银锡 
2025-09-07 08:24:10,067 - INFO - 📈 已处理000428 华天酒店 
2025-09-07 08:24:11,217 - INFO - 📈 已处理000429 粤高速Ａ 
2025-09-07 08:24:12,400 - INFO - 📈 已处理000430 ST张家界 
2025-09-07 08:24:13,570 - INFO - 📈 已处理000488 ST晨鸣 
2025-09-07 08:24:14,750 - INFO - 📈 已处理000498 山东路桥 
2025-09-07 08:24:15,906 - INFO - 📈 已处理000501 武商集团 
2025-09-07 08:24:17,067 - INFO - 📈 已处理000503 国新健康 
2025-09-07 08:24:18,217 - INFO - 📈 已处理000504 *ST生物 
2025-09-07 08:24:19,366 - INFO - 📈 已处理000505 京粮控股 
2025-09-07 08:24:20,533 - INFO - 📈 已处理000506 招金黄金 
2025-09-07 08:24:21,700 - INFO - 📈 已处理000507 珠海港 
2025-09-07 08:24:22,850 - INFO - 📈 已处理000509 华塑控股 
2025-09-07 08:24:24,025 - INFO - 📈 已处理000510 新金路 
2025-09-07 08:24:25,183 - INFO - 📈 已处理000513 丽珠集团 
2025-09-07 08:24:26,333 - INFO - 📈 已处理000514 渝开发 
2025-09-07 08:24:27,500 - INFO - 📈 已处理000516 国际医学 
2025-09-07 08:24:27,500 - INFO - 📈 已处理 100/5416 只股票，成功 100 只
2025-09-07 08:24:28,683 - INFO - 📈 已处理000517 荣安地产 
2025-09-07 08:24:29,834 - INFO - 📈 已处理000518 *ST四环 
2025-09-07 08:24:31,000 - INFO - 📈 已处理000519 中兵红箭 
2025-09-07 08:24:32,156 - INFO - 📈 已处理000520 凤凰航运 
2025-09-07 08:24:33,334 - INFO - 📈 已处理000521 长虹美菱 
2025-09-07 08:24:34,500 - INFO - 📈 已处理000523 红棉股份 
2025-09-07 08:24:35,652 - INFO - 📈 已处理000524 岭南控股 
2025-09-07 08:24:36,833 - INFO - 📈 已处理000525 红太阳 
2025-09-07 08:24:37,983 - INFO - 📈 已处理000526 学大教育 
2025-09-07 08:24:39,116 - INFO - 📈 已处理000528 柳工 
2025-09-07 08:24:40,250 - INFO - 📈 已处理000529 广弘控股 
2025-09-07 08:24:41,416 - INFO - 📈 已处理000530 冰山冷热 
2025-09-07 08:24:42,587 - INFO - 📈 已处理000531 穗恒运Ａ 
2025-09-07 08:24:43,749 - INFO - 📈 已处理000532 华金资本 
2025-09-07 08:24:44,902 - INFO - 📈 已处理000533 顺钠股份 
2025-09-07 08:24:46,067 - INFO - 📈 已处理000534 万泽股份 
2025-09-07 08:24:47,216 - INFO - 📈 已处理000536 华映科技 
2025-09-07 08:24:48,366 - INFO - 📈 已处理000537 中绿电 
2025-09-07 08:24:49,516 - INFO - 📈 已处理000538 云南白药 
2025-09-07 08:24:50,666 - INFO - 📈 已处理000539 粤电力Ａ 
2025-09-07 08:24:51,830 - INFO - 📈 已处理000541 佛山照明 
2025-09-07 08:24:52,966 - INFO - 📈 已处理000543 皖能电力 
2025-09-07 08:24:54,103 - INFO - 📈 已处理000544 中原环保 
2025-09-07 08:24:55,266 - INFO - 📈 已处理000545 金浦钛业 
2025-09-07 08:24:56,433 - INFO - 📈 已处理000546 金圆股份 
2025-09-07 08:24:57,599 - INFO - 📈 已处理000547 航天发展 
2025-09-07 08:24:58,777 - INFO - 📈 已处理000548 湖南投资 
2025-09-07 08:24:59,932 - INFO - 📈 已处理000550 江铃汽车 
2025-09-07 08:25:01,066 - INFO - 📈 已处理000551 创元科技 
2025-09-07 08:25:02,232 - INFO - 📈 已处理000552 甘肃能化 
2025-09-07 08:25:03,391 - INFO - 📈 已处理000553 安道麦A 
2025-09-07 08:25:04,549 - INFO - 📈 已处理000554 泰山石油 
2025-09-07 08:25:05,699 - INFO - 📈 已处理000555 神州信息 
2025-09-07 08:25:06,868 - INFO - 📈 已处理000557 西部创业 
2025-09-07 08:25:08,032 - INFO - 📈 已处理000558 天府文旅 
2025-09-07 08:25:09,249 - INFO - 📈 已处理000559 万向钱潮 
2025-09-07 08:25:10,399 - INFO - 📈 已处理000560 我爱我家 
2025-09-07 08:25:11,584 - INFO - 📈 已处理000561 烽火电子 
2025-09-07 08:25:12,749 - INFO - 📈 已处理000563 陕国投Ａ 
2025-09-07 08:25:13,898 - INFO - 📈 已处理000564 供销大集 
2025-09-07 08:25:15,053 - INFO - 📈 已处理000565 渝三峡Ａ 
2025-09-07 08:25:16,198 - INFO - 📈 已处理000566 海南海药 
2025-09-07 08:25:17,365 - INFO - 📈 已处理000567 海德股份 
2025-09-07 08:25:18,499 - INFO - 📈 已处理000568 泸州老窖 
2025-09-07 08:25:19,648 - INFO - 📈 已处理000570 苏常柴Ａ 
2025-09-07 08:25:20,800 - INFO - 📈 已处理000571 新大洲A 
2025-09-07 08:25:21,965 - INFO - 📈 已处理000572 海马汽车 
2025-09-07 08:25:23,132 - INFO - 📈 已处理000573 粤宏远Ａ 
2025-09-07 08:25:24,282 - INFO - 📈 已处理000576 甘化科工 
2025-09-07 08:25:25,432 - INFO - 📈 已处理000581 威孚高科 
2025-09-07 08:25:25,441 - INFO - 📈 已处理 150/5416 只股票，成功 150 只
2025-09-07 08:25:26,615 - INFO - 📈 已处理000582 北部湾港 
2025-09-07 08:25:27,766 - INFO - 📈 已处理000586 汇源通信 
2025-09-07 08:25:28,932 - INFO - 📈 已处理000589 贵州轮胎 
2025-09-07 08:25:30,082 - INFO - 📈 已处理000590 启迪药业 
2025-09-07 08:25:31,215 - INFO - 📈 已处理000591 太阳能 
2025-09-07 08:25:32,365 - INFO - 📈 已处理000592 平潭发展 
2025-09-07 08:25:33,532 - INFO - 📈 已处理000593 德龙汇能 
2025-09-07 08:25:34,716 - INFO - 📈 已处理000595 *ST宝实 
2025-09-07 08:25:35,881 - INFO - 📈 已处理000596 古井贡酒 
2025-09-07 08:25:37,031 - INFO - 📈 已处理000597 东北制药 
2025-09-07 08:25:38,198 - INFO - 📈 已处理000598 兴蓉环境 
2025-09-07 08:25:39,356 - INFO - 📈 已处理000599 青岛双星 
2025-09-07 08:25:40,531 - INFO - 📈 已处理000600 建投能源 
2025-09-07 08:25:41,683 - INFO - 📈 已处理000601 韶能股份 
2025-09-07 08:25:42,858 - INFO - 📈 已处理000603 盛达资源 
2025-09-07 08:25:44,022 - INFO - 📈 已处理000605 渤海股份 
2025-09-07 08:25:45,181 - INFO - 📈 已处理000607 华媒控股 
2025-09-07 08:25:46,349 - INFO - 📈 已处理000608 *ST阳光 
2025-09-07 08:25:47,533 - INFO - 📈 已处理000609 ST中迪 
2025-09-07 08:25:48,680 - INFO - 📈 已处理000610 西安旅游 
2025-09-07 08:25:49,850 - INFO - 📈 已处理000612 焦作万方 
2025-09-07 08:25:51,014 - INFO - 📈 已处理000615 *ST美谷 
2025-09-07 08:25:52,164 - INFO - 📈 已处理000617 中油资本 
2025-09-07 08:25:53,331 - INFO - 📈 已处理000619 海螺新材 
2025-09-07 08:25:54,481 - INFO - 📈 已处理000620 盈新发展 
2025-09-07 08:25:55,664 - INFO - 📈 已处理000623 吉林敖东 
2025-09-07 08:25:56,798 - INFO - 📈 已处理000625 长安汽车 
2025-09-07 08:25:57,978 - INFO - 📈 已处理000626 远大控股 
2025-09-07 08:25:59,130 - INFO - 📈 已处理000628 高新发展 
2025-09-07 08:26:00,281 - INFO - 📈 已处理000629 钒钛股份 
2025-09-07 08:26:01,431 - INFO - 📈 已处理000630 铜陵有色 
2025-09-07 08:26:02,585 - INFO - 📈 已处理000631 顺发恒业 
2025-09-07 08:26:03,747 - INFO - 📈 已处理000632 三木集团 
2025-09-07 08:26:04,899 - INFO - 📈 已处理000633 合金投资 
2025-09-07 08:26:06,076 - INFO - 📈 已处理000635 英力特 
2025-09-07 08:26:07,233 - INFO - 📈 已处理000636 风华高科 
2025-09-07 08:26:08,398 - INFO - 📈 已处理000637 茂化实华 
2025-09-07 08:26:09,567 - INFO - 📈 已处理000638 *ST万方 
2025-09-07 08:26:10,714 - INFO - 📈 已处理000639 西王食品 
2025-09-07 08:26:11,864 - INFO - 📈 已处理000650 仁和药业 
2025-09-07 08:26:13,019 - INFO - 📈 已处理000651 格力电器 
2025-09-07 08:26:14,180 - INFO - 📈 已处理000652 泰达股份 
2025-09-07 08:26:15,330 - INFO - 📈 已处理000655 金岭矿业 
2025-09-07 08:26:16,481 - INFO - 📈 已处理000656 *ST金科 
2025-09-07 08:26:17,630 - INFO - 📈 已处理000657 中钨高新 
2025-09-07 08:26:18,797 - INFO - 📈 已处理000659 珠海中富 
2025-09-07 08:26:19,964 - INFO - 📈 已处理000661 长春高新 
2025-09-07 08:26:21,114 - INFO - 📈 已处理000663 永安林业 
2025-09-07 08:26:22,263 - INFO - 📈 已处理000665 湖北广电 
2025-09-07 08:26:23,397 - INFO - 📈 已处理000668 *ST荣控 
2025-09-07 08:26:23,397 - INFO - 📈 已处理 200/5416 只股票，成功 200 只
2025-09-07 08:26:24,564 - INFO - 📈 已处理000669 ST金鸿 
2025-09-07 08:26:25,730 - INFO - 📈 已处理000670 盈方微 
2025-09-07 08:26:26,864 - INFO - 📈 已处理000672 上峰水泥 
2025-09-07 08:26:28,041 - INFO - 📈 已处理000676 智度股份 
2025-09-07 08:26:29,198 - INFO - 📈 已处理000677 恒天海龙 
2025-09-07 08:26:30,364 - INFO - 📈 已处理000678 襄阳轴承 
2025-09-07 08:26:31,525 - INFO - 📈 已处理000679 大连友谊 
2025-09-07 08:26:32,697 - INFO - 📈 已处理000680 山推股份 
2025-09-07 08:26:33,865 - INFO - 📈 已处理000681 视觉中国 
2025-09-07 08:26:35,031 - INFO - 📈 已处理000682 东方电子 
2025-09-07 08:26:36,180 - INFO - 📈 已处理000683 博源化工 
2025-09-07 08:26:37,334 - INFO - 📈 已处理000685 中山公用 
2025-09-07 08:26:38,480 - INFO - 📈 已处理000686 东北证券 
2025-09-07 08:26:39,630 - INFO - 📈 已处理000688 国城矿业 
2025-09-07 08:26:40,796 - INFO - 📈 已处理000690 宝新能源 
2025-09-07 08:26:41,946 - INFO - 📈 已处理000691 *ST亚太 
2025-09-07 08:26:43,097 - INFO - 📈 已处理000692 惠天热电 
2025-09-07 08:26:44,247 - INFO - 📈 已处理000695 滨海能源 
2025-09-07 08:26:45,413 - INFO - 📈 已处理000697 ST炼石 
2025-09-07 08:26:46,580 - INFO - 📈 已处理000698 沈阳化工 
2025-09-07 08:26:47,763 - INFO - 📈 已处理000700 模塑科技 
2025-09-07 08:26:48,915 - INFO - 📈 已处理000701 厦门信达 
2025-09-07 08:26:50,060 - INFO - 📈 已处理000702 正虹科技 
2025-09-07 08:26:51,196 - INFO - 📈 已处理000703 恒逸石化 
2025-09-07 08:26:52,313 - INFO - 📈 已处理000705 浙江震元 
2025-09-07 08:26:53,463 - INFO - 📈 已处理000707 双环科技 
2025-09-07 08:26:54,596 - INFO - 📈 已处理000708 中信特钢 
2025-09-07 08:26:55,756 - INFO - 📈 已处理000709 河钢股份 
2025-09-07 08:26:56,913 - INFO - 📈 已处理000710 贝瑞基因 
2025-09-07 08:26:58,054 - INFO - 📈 已处理000711 *ST京蓝 
2025-09-07 08:26:59,196 - INFO - 📈 已处理000712 锦龙股份 
2025-09-07 08:27:00,346 - INFO - 📈 已处理000713 国投丰乐 
2025-09-07 08:27:01,495 - INFO - 📈 已处理000715 中兴商业 
2025-09-07 08:27:02,613 - INFO - 📈 已处理000716 黑芝麻 
2025-09-07 08:27:03,763 - INFO - 📈 已处理000717 中南股份 
2025-09-07 08:27:04,911 - INFO - 📈 已处理000718 苏宁环球 
2025-09-07 08:27:06,063 - INFO - 📈 已处理000719 中原传媒 
2025-09-07 08:27:07,213 - INFO - 📈 已处理000720 新能泰山 
2025-09-07 08:27:08,363 - INFO - 📈 已处理000721 西安饮食 
2025-09-07 08:27:09,514 - INFO - 📈 已处理000722 湖南发展 
2025-09-07 08:27:10,696 - INFO - 📈 已处理000723 美锦能源 
2025-09-07 08:27:11,846 - INFO - 📈 已处理000725 京东方Ａ 
2025-09-07 08:27:13,002 - INFO - 📈 已处理000726 鲁泰Ａ 
2025-09-07 08:27:14,147 - INFO - 📈 已处理000727 冠捷科技 
2025-09-07 08:27:15,312 - INFO - 📈 已处理000728 国元证券 
2025-09-07 08:27:16,473 - INFO - 📈 已处理000729 燕京啤酒 
2025-09-07 08:27:17,629 - INFO - 📈 已处理000731 四川美丰 
2025-09-07 08:27:18,796 - INFO - 📈 已处理000733 振华科技 
2025-09-07 08:27:19,946 - INFO - 📈 已处理000735 罗牛山 
2025-09-07 08:27:21,112 - INFO - 📈 已处理000736 *ST中地 
2025-09-07 08:27:21,112 - INFO - 📈 已处理 250/5416 只股票，成功 250 只
2025-09-07 08:27:22,263 - INFO - 📈 已处理000737 北方铜业 
2025-09-07 08:27:23,462 - INFO - 📈 已处理000738 航发控制 
2025-09-07 08:27:24,646 - INFO - 📈 已处理000739 普洛药业 
2025-09-07 08:27:25,795 - INFO - 📈 已处理000750 国海证券 
2025-09-07 08:27:26,929 - INFO - 📈 已处理000751 锌业股份 
2025-09-07 08:27:28,095 - INFO - 📈 已处理000752 ST西发 
2025-09-07 08:27:29,245 - INFO - 📈 已处理000753 漳州发展 
2025-09-07 08:27:30,429 - INFO - 📈 已处理000755 山西高速 
2025-09-07 08:27:31,580 - INFO - 📈 已处理000756 新华制药 
2025-09-07 08:27:32,746 - INFO - 📈 已处理000757 浩物股份 
2025-09-07 08:27:33,912 - INFO - 📈 已处理000758 中色股份 
2025-09-07 08:27:35,059 - INFO - 📈 已处理000759 中百集团 
2025-09-07 08:27:36,229 - INFO - 📈 已处理000761 本钢板材 
2025-09-07 08:27:37,378 - INFO - 📈 已处理000762 西藏矿业 
2025-09-07 08:27:38,512 - INFO - 📈 已处理000766 通化金马 
2025-09-07 08:27:39,662 - INFO - 📈 已处理000767 晋控电力 
2025-09-07 08:27:40,812 - INFO - 📈 已处理000768 中航西飞 
2025-09-07 08:27:41,962 - INFO - 📈 已处理000776 广发证券 
2025-09-07 08:27:43,095 - INFO - 📈 已处理000777 中核科技 
2025-09-07 08:27:44,345 - INFO - 📈 已处理000778 新兴铸管 
2025-09-07 08:27:45,529 - INFO - 📈 已处理000779 甘咨询 
2025-09-07 08:27:46,678 - INFO - 📈 已处理000782 恒申新材 
2025-09-07 08:27:47,828 - INFO - 📈 已处理000783 长江证券 
2025-09-07 08:27:48,978 - INFO - 📈 已处理000785 居然智家 
2025-09-07 08:27:50,118 - INFO - 📈 已处理000786 北新建材 
2025-09-07 08:27:51,295 - INFO - 📈 已处理000788 北大医药 
2025-09-07 08:27:52,445 - INFO - 📈 已处理000789 万年青 
2025-09-07 08:27:53,597 - INFO - 📈 已处理000790 华神科技 
2025-09-07 08:27:54,745 - INFO - 📈 已处理000791 甘肃能源 
2025-09-07 08:27:55,897 - INFO - 📈 已处理000792 盐湖股份 
2025-09-07 08:27:57,055 - INFO - 📈 已处理000793 ST华闻 
2025-09-07 08:27:58,194 - INFO - 📈 已处理000795 英洛华 
2025-09-07 08:27:59,344 - INFO - 📈 已处理000796 凯撒旅业 
2025-09-07 08:28:00,495 - INFO - 📈 已处理000797 中国武夷 
2025-09-07 08:28:01,661 - INFO - 📈 已处理000798 中水渔业 
2025-09-07 08:28:02,795 - INFO - 📈 已处理000799 酒鬼酒 
2025-09-07 08:28:03,945 - INFO - 📈 已处理000800 一汽解放 
2025-09-07 08:28:05,094 - INFO - 📈 已处理000801 四川九洲 
2025-09-07 08:28:06,245 - INFO - 📈 已处理000802 北京文化 
2025-09-07 08:28:07,411 - INFO - 📈 已处理000803 山高环能 
2025-09-07 08:28:08,562 - INFO - 📈 已处理000807 云铝股份 
2025-09-07 08:28:09,728 - INFO - 📈 已处理000809 和展能源 
2025-09-07 08:28:10,895 - INFO - 📈 已处理000810 创维数字 
2025-09-07 08:28:12,028 - INFO - 📈 已处理000811 冰轮环境 
2025-09-07 08:28:13,162 - INFO - 📈 已处理000812 陕西金叶 
2025-09-07 08:28:14,312 - INFO - 📈 已处理000813 德展健康 
2025-09-07 08:28:15,461 - INFO - 📈 已处理000815 美利云 
2025-09-07 08:28:16,611 - INFO - 📈 已处理000816 智慧农业 
2025-09-07 08:28:17,780 - INFO - 📈 已处理000818 航锦科技 
2025-09-07 08:28:18,944 - INFO - 📈 已处理000819 岳阳兴长 
2025-09-07 08:28:18,944 - INFO - 📈 已处理 300/5416 只股票，成功 300 只
2025-09-07 08:28:20,077 - INFO - 📈 已处理000820 *ST节能 
2025-09-07 08:28:21,227 - INFO - 📈 已处理000821 京山轻机 
2025-09-07 08:28:22,379 - INFO - 📈 已处理000822 山东海化 
2025-09-07 08:28:23,545 - INFO - 📈 已处理000823 超声电子 
2025-09-07 08:28:24,711 - INFO - 📈 已处理000825 太钢不锈 
2025-09-07 08:28:25,864 - INFO - 📈 已处理000826 启迪环境 
2025-09-07 08:28:27,001 - INFO - 📈 已处理000828 东莞控股 
2025-09-07 08:28:28,144 - INFO - 📈 已处理000829 天音控股 
2025-09-07 08:28:29,294 - INFO - 📈 已处理000830 鲁西化工 
2025-09-07 08:28:30,444 - INFO - 📈 已处理000831 中国稀土 
2025-09-07 08:28:31,577 - INFO - 📈 已处理000833 粤桂股份 
2025-09-07 08:28:32,727 - INFO - 📈 已处理000837 秦川机床 
2025-09-07 08:28:33,877 - INFO - 📈 已处理000838 财信发展 
2025-09-07 08:28:35,027 - INFO - 📈 已处理000839 国安股份 
2025-09-07 08:28:36,194 - INFO - 📈 已处理000848 承德露露 
2025-09-07 08:28:37,344 - INFO - 📈 已处理000850 华茂股份 
2025-09-07 08:28:38,477 - INFO - 📈 已处理000851 *ST高鸿 
2025-09-07 08:28:39,610 - INFO - 📈 已处理000852 石化机械 
2025-09-07 08:28:40,760 - INFO - 📈 已处理000856 冀东装备 
2025-09-07 08:28:41,910 - INFO - 📈 已处理000858 五粮液 
2025-09-07 08:28:43,056 - INFO - 📈 已处理000859 国风新材 
2025-09-07 08:28:44,193 - INFO - 📈 已处理000860 顺鑫农业 
2025-09-07 08:28:45,343 - INFO - 📈 已处理000862 银星能源 
2025-09-07 08:28:46,479 - INFO - 📈 已处理000863 三湘印象 
2025-09-07 08:28:47,643 - INFO - 📈 已处理000868 安凯客车 
2025-09-07 08:28:48,794 - INFO - 📈 已处理000869 张裕Ａ 
2025-09-07 08:28:49,927 - INFO - 📈 已处理000875 吉电股份 
2025-09-07 08:28:51,093 - INFO - 📈 已处理000876 新希望 
2025-09-07 08:28:52,227 - INFO - 📈 已处理000877 天山股份 
2025-09-07 08:28:53,343 - INFO - 📈 已处理000878 云南铜业 
2025-09-07 08:28:54,493 - INFO - 📈 已处理000880 潍柴重机 
2025-09-07 08:28:55,660 - INFO - 📈 已处理000881 中广核技 
2025-09-07 08:28:56,810 - INFO - 📈 已处理000882 华联股份 
2025-09-07 08:28:57,960 - INFO - 📈 已处理000883 湖北能源 
2025-09-07 08:28:59,093 - INFO - 📈 已处理000885 城发环境 
2025-09-07 08:29:00,243 - INFO - 📈 已处理000886 海南高速 
2025-09-07 08:29:01,377 - INFO - 📈 已处理000887 中鼎股份 
2025-09-07 08:29:02,527 - INFO - 📈 已处理000888 峨眉山Ａ 
2025-09-07 08:29:03,676 - INFO - 📈 已处理000889 中嘉博创 
2025-09-07 08:29:04,859 - INFO - 📈 已处理000890 法尔胜 
2025-09-07 08:29:06,022 - INFO - 📈 已处理000892 欢瑞世纪 
2025-09-07 08:29:07,160 - INFO - 📈 已处理000893 亚钾国际 
2025-09-07 08:29:08,310 - INFO - 📈 已处理000895 双汇发展 
2025-09-07 08:29:09,460 - INFO - 📈 已处理000897 津滨发展 
2025-09-07 08:29:10,593 - INFO - 📈 已处理000898 鞍钢股份 
2025-09-07 08:29:11,743 - INFO - 📈 已处理000899 赣能股份 
2025-09-07 08:29:12,876 - INFO - 📈 已处理000900 现代投资 
2025-09-07 08:29:14,028 - INFO - 📈 已处理000901 航天科技 
2025-09-07 08:29:15,193 - INFO - 📈 已处理000902 新洋丰 
2025-09-07 08:29:16,377 - INFO - 📈 已处理000903 ST云动 
2025-09-07 08:29:16,377 - INFO - 📈 已处理 350/5416 只股票，成功 350 只
2025-09-07 08:29:17,543 - INFO - 📈 已处理000905 厦门港务 
2025-09-07 08:29:18,693 - INFO - 📈 已处理000906 浙商中拓 
2025-09-07 08:29:19,861 - INFO - 📈 已处理000908 ST景峰 
2025-09-07 08:29:21,029 - INFO - 📈 已处理000909 ST数源 
2025-09-07 08:29:22,210 - INFO - 📈 已处理000910 大亚圣象 
2025-09-07 08:29:23,359 - INFO - 📈 已处理000911 广农糖业 
2025-09-07 08:29:24,519 - INFO - 📈 已处理000912 泸天化 
2025-09-07 08:29:25,676 - INFO - 📈 已处理000913 钱江摩托 
2025-09-07 08:29:26,826 - INFO - 📈 已处理000915 华特达因 
2025-09-07 08:29:27,976 - INFO - 📈 已处理000917 电广传媒 
2025-09-07 08:29:29,126 - INFO - 📈 已处理000919 金陵药业 
2025-09-07 08:29:30,276 - INFO - 📈 已处理000920 沃顿科技 
2025-09-07 08:29:31,426 - INFO - 📈 已处理000921 海信家电 
2025-09-07 08:29:32,576 - INFO - 📈 已处理000922 佳电股份 
2025-09-07 08:29:33,742 - INFO - 📈 已处理000923 河钢资源 
2025-09-07 08:29:34,893 - INFO - 📈 已处理000925 众合科技 
2025-09-07 08:29:36,059 - INFO - 📈 已处理000926 福星股份 
2025-09-07 08:29:37,232 - INFO - 📈 已处理000927 中国铁物 
2025-09-07 08:29:38,376 - INFO - 📈 已处理000928 中钢国际 
2025-09-07 08:29:39,526 - INFO - 📈 已处理000929 *ST兰黄 
2025-09-07 08:29:40,660 - INFO - 📈 已处理000930 中粮科技 
2025-09-07 08:29:41,825 - INFO - 📈 已处理000931 中关村 
2025-09-07 08:29:42,976 - INFO - 📈 已处理000932 华菱钢铁 
2025-09-07 08:29:44,109 - INFO - 📈 已处理000933 神火股份 
2025-09-07 08:29:45,259 - INFO - 📈 已处理000935 四川双马 
2025-09-07 08:29:46,426 - INFO - 📈 已处理000936 华西股份 
2025-09-07 08:29:47,575 - INFO - 📈 已处理000937 冀中能源 
2025-09-07 08:29:48,745 - INFO - 📈 已处理000938 紫光股份 
2025-09-07 08:29:49,905 - INFO - 📈 已处理000948 南天信息 
2025-09-07 08:29:51,060 - INFO - 📈 已处理000949 新乡化纤 
2025-09-07 08:29:52,242 - INFO - 📈 已处理000950 重药控股 
2025-09-07 08:29:53,409 - INFO - 📈 已处理000951 中国重汽 
2025-09-07 08:29:54,558 - INFO - 📈 已处理000952 广济药业 
2025-09-07 08:29:55,692 - INFO - 📈 已处理000953 河化股份 
2025-09-07 08:29:56,856 - INFO - 📈 已处理000955 欣龙控股 
2025-09-07 08:29:58,002 - INFO - 📈 已处理000957 中通客车 
2025-09-07 08:29:59,158 - INFO - 📈 已处理000958 电投产融 
2025-09-07 08:30:00,292 - INFO - 📈 已处理000959 首钢股份 
2025-09-07 08:30:01,425 - INFO - 📈 已处理000960 锡业股份 
2025-09-07 08:30:02,575 - INFO - 📈 已处理000962 东方钽业 
2025-09-07 08:30:03,692 - INFO - 📈 已处理000963 华东医药 
2025-09-07 08:30:04,842 - INFO - 📈 已处理000965 天保基建 
2025-09-07 08:30:05,975 - INFO - 📈 已处理000966 长源电力 
2025-09-07 08:30:07,108 - INFO - 📈 已处理000967 盈峰环境 
2025-09-07 08:30:08,265 - INFO - 📈 已处理000968 蓝焰控股 
2025-09-07 08:30:09,425 - INFO - 📈 已处理000969 安泰科技 
2025-09-07 08:30:10,575 - INFO - 📈 已处理000970 中科三环 
2025-09-07 08:30:11,691 - INFO - 📈 已处理000972 *ST中基 
2025-09-07 08:30:12,841 - INFO - 📈 已处理000973 佛塑科技 
2025-09-07 08:30:13,989 - INFO - 📈 已处理000975 山金国际 
2025-09-07 08:30:13,989 - INFO - 📈 已处理 400/5416 只股票，成功 400 只
2025-09-07 08:30:15,125 - INFO - 📈 已处理000977 浪潮信息 
2025-09-07 08:30:16,275 - INFO - 📈 已处理000978 桂林旅游 
2025-09-07 08:30:17,425 - INFO - 📈 已处理000980 众泰汽车 
2025-09-07 08:30:18,574 - INFO - 📈 已处理000981 山子高科 
2025-09-07 08:30:19,725 - INFO - 📈 已处理000983 山西焦煤 
2025-09-07 08:30:20,858 - INFO - 📈 已处理000985 大庆华科 
2025-09-07 08:30:22,008 - INFO - 📈 已处理000987 越秀资本 
2025-09-07 08:30:23,158 - INFO - 📈 已处理000988 华工科技 
2025-09-07 08:30:24,308 - INFO - 📈 已处理000989 九芝堂 
2025-09-07 08:30:25,441 - INFO - 📈 已处理000990 诚志股份 
2025-09-07 08:30:26,574 - INFO - 📈 已处理000993 闽东电力 
2025-09-07 08:30:27,724 - INFO - 📈 已处理000995 皇台酒业 
2025-09-07 08:30:28,900 - INFO - 📈 已处理000997 新大陆 
2025-09-07 08:30:30,046 - INFO - 📈 已处理000998 隆平高科 
2025-09-07 08:30:31,191 - INFO - 📈 已处理000999 华润三九 
2025-09-07 08:30:32,341 - INFO - 📈 已处理001201 东瑞股份 
2025-09-07 08:30:34,008 - INFO - 📈 已处理001202 炬申股份 
2025-09-07 08:30:35,149 - INFO - 📈 已处理001203 大中矿业 
2025-09-07 08:30:36,291 - INFO - 📈 已处理001205 盛航股份 
2025-09-07 08:30:37,456 - INFO - 📈 已处理001206 依依股份 
2025-09-07 08:30:38,591 - INFO - 📈 已处理001207 联科科技 
2025-09-07 08:30:39,741 - INFO - 📈 已处理001208 华菱线缆 
2025-09-07 08:30:40,880 - INFO - 📈 已处理001209 洪兴股份 
2025-09-07 08:30:42,024 - INFO - 📈 已处理001210 金房能源 
2025-09-07 08:30:43,181 - INFO - 📈 已处理001211 双枪科技 
2025-09-07 08:30:44,308 - INFO - 📈 已处理001212 中旗新材 
2025-09-07 08:30:45,441 - INFO - 📈 已处理001213 中铁特货 
2025-09-07 08:30:46,591 - INFO - 📈 已处理001215 千味央厨 
2025-09-07 08:30:47,756 - INFO - 📈 已处理001216 华瓷股份 
2025-09-07 08:30:49,188 - INFO - 📈 已处理001217 华尔泰 
2025-09-07 08:30:50,324 - INFO - 📈 已处理001218 丽臣实业 
2025-09-07 08:30:51,457 - INFO - 📈 已处理001219 青岛食品 
2025-09-07 08:30:52,590 - INFO - 📈 已处理001221 悍高集团 
2025-09-07 08:30:53,724 - INFO - 📈 已处理001222 源飞宠物 
2025-09-07 08:30:54,857 - INFO - 📈 已处理001223 欧克科技 
2025-09-07 08:30:56,018 - INFO - 📈 已处理001225 和泰机电 
2025-09-07 08:30:57,157 - INFO - 📈 已处理001226 拓山重工 
2025-09-07 08:30:58,294 - INFO - 📈 已处理001227 兰州银行 
2025-09-07 08:30:59,456 - INFO - 📈 已处理001228 永泰运 
2025-09-07 08:31:00,607 - INFO - 📈 已处理001229 魅视科技 
2025-09-07 08:31:01,757 - INFO - 📈 已处理001230 劲旅环境 
2025-09-07 08:31:02,900 - INFO - 📈 已处理001231 农心科技 
2025-09-07 08:31:04,044 - INFO - 📈 已处理001234 泰慕士 
2025-09-07 08:31:05,187 - INFO - 📈 已处理001236 弘业期货 
2025-09-07 08:31:06,340 - INFO - 📈 已处理001238 浙江正特 
2025-09-07 08:31:07,458 - INFO - 📈 已处理001239 永达股份 
2025-09-07 08:31:08,630 - INFO - 📈 已处理001255 博菲电气 
2025-09-07 08:31:09,790 - INFO - 📈 已处理001256 炜冈科技 
2025-09-07 08:31:10,927 - INFO - 📈 已处理001258 立新能源 
2025-09-07 08:31:12,092 - INFO - 📈 已处理001259 利仁科技 
2025-09-07 08:31:12,092 - INFO - 📈 已处理 450/5416 只股票，成功 450 只
2025-09-07 08:31:13,273 - INFO - 📈 已处理001260 坤泰股份 
2025-09-07 08:31:14,407 - INFO - 📈 已处理001266 宏英智能 
2025-09-07 08:31:15,557 - INFO - 📈 已处理001267 汇绿生态 
2025-09-07 08:31:16,840 - INFO - 📈 已处理001268 联合精密 
2025-09-07 08:31:18,108 - INFO - 📈 已处理001269 欧晶科技 
2025-09-07 08:31:19,494 - INFO - 📈 已处理001270 *ST铖昌 
2025-09-07 08:31:20,650 - INFO - 📈 已处理001277 速达股份 
2025-09-07 08:31:21,832 - INFO - 📈 已处理001278 一彬科技 
2025-09-07 08:31:23,023 - INFO - 📈 已处理001279 强邦新材 
2025-09-07 08:31:24,240 - INFO - 📈 已处理001282 三联锻造 
2025-09-07 08:31:25,375 - INFO - 📈 已处理001283 豪鹏科技 
2025-09-07 08:31:26,544 - INFO - 📈 已处理001286 陕西能源 
2025-09-07 08:31:27,690 - INFO - 📈 已处理001287 中电港 
2025-09-07 08:31:28,856 - INFO - 📈 已处理001288 运机集团 
2025-09-07 08:31:30,021 - INFO - 📈 已处理001289 龙源电力 
2025-09-07 08:31:31,174 - INFO - 📈 已处理001296 长江材料 
2025-09-07 08:31:32,492 - INFO - 📈 已处理001298 好上好 
2025-09-07 08:31:33,638 - INFO - 📈 已处理001299 美能能源 
2025-09-07 08:31:34,810 - INFO - 📈 已处理001300 三柏硕 
2025-09-07 08:31:35,960 - INFO - 📈 已处理001301 尚太科技 
2025-09-07 08:31:37,131 - INFO - 📈 已处理001306 夏厦精密 
2025-09-07 08:31:38,277 - INFO - 📈 已处理001308 康冠科技 
2025-09-07 08:31:39,506 - INFO - 📈 已处理001309 德明利 
2025-09-07 08:31:40,721 - INFO - 📈 已处理001311 多利科技 
2025-09-07 08:31:41,872 - INFO - 📈 已处理001313 粤海饲料 
2025-09-07 08:31:43,048 - INFO - 📈 已处理001314 亿道信息 
2025-09-07 08:31:44,244 - INFO - 📈 已处理001316 润贝航科 
2025-09-07 08:31:45,399 - INFO - 📈 已处理001317 三羊马 
2025-09-07 08:31:46,556 - INFO - 📈 已处理001318 阳光乳业 
2025-09-07 08:31:47,704 - INFO - 📈 已处理001319 铭科精技 
2025-09-07 08:31:48,990 - INFO - 📈 已处理001322 箭牌家居 
2025-09-07 08:31:50,141 - INFO - 📈 已处理001323 慕思股份 
2025-09-07 08:31:51,372 - INFO - 📈 已处理001324 长青科技 
2025-09-07 08:31:52,522 - INFO - 📈 已处理001326 联域股份 
2025-09-07 08:31:53,737 - INFO - 📈 已处理001328 登康口腔 
2025-09-07 08:31:54,872 - INFO - 📈 已处理001330 博纳影业 
2025-09-07 08:31:56,056 - INFO - 📈 已处理001331 胜通能源 
2025-09-07 08:31:57,202 - INFO - 📈 已处理001332 锡装股份 
2025-09-07 08:31:58,359 - INFO - 📈 已处理001333 光华股份 
2025-09-07 08:31:59,534 - INFO - 📈 已处理001335 信凯科技 
2025-09-07 08:32:00,689 - INFO - 📈 已处理001336 楚环科技 
2025-09-07 08:32:01,836 - INFO - 📈 已处理001337 四川黄金 
2025-09-07 08:32:03,062 - INFO - 📈 已处理001338 永顺泰 
2025-09-07 08:32:04,190 - INFO - 📈 已处理001339 智微智能 
2025-09-07 08:32:05,338 - INFO - 📈 已处理001356 富岭股份 
2025-09-07 08:32:06,477 - INFO - 📈 已处理001358 兴欣新材 
2025-09-07 08:32:07,632 - INFO - 📈 已处理001359 平安电工 
2025-09-07 08:32:08,873 - INFO - 📈 已处理001360 南矿集团 
2025-09-07 08:32:10,020 - INFO - 📈 已处理001366 播恩集团 
2025-09-07 08:32:11,174 - INFO - 📈 已处理001367 海森药业 
2025-09-07 08:32:11,174 - INFO - 📈 已处理 500/5416 只股票，成功 500 只
2025-09-07 08:32:12,312 - INFO - 📈 已处理001368 通达创智 
2025-09-07 08:32:13,455 - INFO - 📈 已处理001373 翔腾新材 
2025-09-07 08:32:14,606 - INFO - 📈 已处理001376 百通能源 
2025-09-07 08:32:15,750 - INFO - 📈 已处理001378 德冠新材 
2025-09-07 08:32:16,912 - INFO - 📈 已处理001379 腾达科技 
2025-09-07 08:32:18,158 - INFO - 📈 已处理001380 华纬科技 
2025-09-07 08:32:19,315 - INFO - 📈 已处理001382 新亚电缆 
2025-09-07 08:32:20,530 - INFO - 📈 已处理001387 雪祺电气 
2025-09-07 08:32:21,675 - INFO - 📈 已处理001388 信通电子 
2025-09-07 08:32:22,846 - INFO - 📈 已处理001389 广合科技 
2025-09-07 08:32:24,063 - INFO - 📈 已处理001390 古麒绒材 
2025-09-07 08:32:25,204 - INFO - 📈 已处理001391 国货航 
2025-09-07 08:32:26,359 - INFO - 📈 已处理001395 亚联机械 
2025-09-07 08:32:27,511 - INFO - 📈 已处理001400 江顺科技 
2025-09-07 08:32:28,728 - INFO - 📈 已处理001696 宗申动力 
2025-09-07 08:32:29,888 - INFO - 📈 已处理001872 招商港口 
2025-09-07 08:32:31,118 - INFO - 📈 已处理001896 豫能控股 
2025-09-07 08:32:32,278 - INFO - 📈 已处理001914 招商积余 
2025-09-07 08:32:33,432 - INFO - 📈 已处理001965 招商公路 
2025-09-07 08:32:34,698 - INFO - 📈 已处理001979 招商蛇口 
2025-09-07 08:32:35,907 - INFO - 📈 已处理002001 新和成 
2025-09-07 08:32:37,049 - INFO - 📈 已处理002003 伟星股份 
2025-09-07 08:32:38,255 - INFO - 📈 已处理002004 华邦健康 
2025-09-07 08:32:39,423 - INFO - 📈 已处理002005 ST德豪 
2025-09-07 08:32:40,573 - INFO - 📈 已处理002006 精工科技 
2025-09-07 08:32:41,747 - INFO - 📈 已处理002007 华兰生物 
2025-09-07 08:32:42,938 - INFO - 📈 已处理002008 大族激光 
2025-09-07 08:32:44,268 - INFO - 📈 已处理002009 天奇股份 
2025-09-07 08:32:45,443 - INFO - 📈 已处理002010 传化智联 
2025-09-07 08:32:46,622 - INFO - 📈 已处理002011 盾安环境 
2025-09-07 08:32:47,797 - INFO - 📈 已处理002012 凯恩股份 
2025-09-07 08:32:49,008 - INFO - 📈 已处理002014 永新股份 
2025-09-07 08:32:50,159 - INFO - 📈 已处理002015 协鑫能科 
2025-09-07 08:32:51,340 - INFO - 📈 已处理002016 世荣兆业 
2025-09-07 08:32:52,525 - INFO - 📈 已处理002017 东信和平 
2025-09-07 08:32:53,755 - INFO - 📈 已处理002019 亿帆医药 
2025-09-07 08:32:54,924 - INFO - 📈 已处理002020 京新药业 
2025-09-07 08:32:56,071 - INFO - 📈 已处理002021 中捷资源 
2025-09-07 08:32:57,366 - INFO - 📈 已处理002022 科华生物 
2025-09-07 08:32:58,522 - INFO - 📈 已处理002023 海特高新 
2025-09-07 08:32:59,805 - INFO - 📈 已处理002024 ST易购 
2025-09-07 08:33:01,120 - INFO - 📈 已处理002025 航天电器 
2025-09-07 08:33:02,848 - INFO - 📈 已处理002026 山东威达 
2025-09-07 08:33:04,056 - INFO - 📈 已处理002027 分众传媒 
2025-09-07 08:33:05,219 - INFO - 📈 已处理002028 思源电气 
2025-09-07 08:33:06,411 - INFO - 📈 已处理002029 七匹狼 
2025-09-07 08:33:07,596 - INFO - 📈 已处理002030 达安基因 
2025-09-07 08:33:08,755 - INFO - 📈 已处理002031 巨轮智能 
2025-09-07 08:33:09,922 - INFO - 📈 已处理002032 苏泊尔 
2025-09-07 08:33:11,189 - INFO - 📈 已处理002033 丽江股份 
2025-09-07 08:33:11,189 - INFO - 📈 已处理 550/5416 只股票，成功 550 只
2025-09-07 08:33:12,322 - INFO - 📈 已处理002034 旺能环境 
2025-09-07 08:33:13,639 - INFO - 📈 已处理002035 华帝股份 
2025-09-07 08:33:14,788 - INFO - 📈 已处理002036 联创电子 
2025-09-07 08:33:15,937 - INFO - 📈 已处理002037 保利联合 
2025-09-07 08:33:17,107 - INFO - 📈 已处理002038 双鹭药业 
2025-09-07 08:33:18,272 - INFO - 📈 已处理002039 黔源电力 
2025-09-07 08:33:19,604 - INFO - 📈 已处理002040 南京港 
2025-09-07 08:33:21,489 - INFO - 📈 已处理002041 登海种业 
2025-09-07 08:33:22,637 - INFO - 📈 已处理002042 华孚时尚 
2025-09-07 08:33:23,788 - INFO - 📈 已处理002043 兔宝宝 
2025-09-07 08:33:24,922 - INFO - 📈 已处理002044 美年健康 
2025-09-07 08:33:26,088 - INFO - 📈 已处理002045 国光电器 
2025-09-07 08:33:27,239 - INFO - 📈 已处理002046 国机精工 
2025-09-07 08:33:28,390 - INFO - 📈 已处理002047 *ST宝鹰 
2025-09-07 08:33:29,539 - INFO - 📈 已处理002048 宁波华翔 
2025-09-07 08:33:30,687 - INFO - 📈 已处理002049 紫光国微 
2025-09-07 08:33:31,854 - INFO - 📈 已处理002050 三花智控 
2025-09-07 08:33:33,023 - INFO - 📈 已处理002051 中工国际 
2025-09-07 08:33:34,154 - INFO - 📈 已处理002052 同洲电子 
2025-09-07 08:33:35,321 - INFO - 📈 已处理002053 云南能投 
2025-09-07 08:33:36,470 - INFO - 📈 已处理002054 德美化工 
2025-09-07 08:33:37,620 - INFO - 📈 已处理002055 得润电子 
2025-09-07 08:33:38,771 - INFO - 📈 已处理002056 横店东磁 
2025-09-07 08:33:39,937 - INFO - 📈 已处理002057 中钢天源 
2025-09-07 08:33:41,070 - INFO - 📈 已处理002058 *ST威尔 
2025-09-07 08:33:42,249 - INFO - 📈 已处理002059 云南旅游 
2025-09-07 08:33:43,403 - INFO - 📈 已处理002060 广东建工 
2025-09-07 08:33:44,536 - INFO - 📈 已处理002061 浙江交科 
2025-09-07 08:33:45,670 - INFO - 📈 已处理002062 宏润建设 
2025-09-07 08:33:46,833 - INFO - 📈 已处理002063 远光软件 
2025-09-07 08:33:48,003 - INFO - 📈 已处理002064 华峰化学 
2025-09-07 08:33:49,136 - INFO - 📈 已处理002065 东华软件 
2025-09-07 08:33:50,287 - INFO - 📈 已处理002066 瑞泰科技 
2025-09-07 08:33:51,438 - INFO - 📈 已处理002067 景兴纸业 
2025-09-07 08:33:52,603 - INFO - 📈 已处理002068 黑猫股份 
2025-09-07 08:33:53,770 - INFO - 📈 已处理002069 獐子岛 
2025-09-07 08:33:54,970 - INFO - 📈 已处理002072 凯瑞德 
2025-09-07 08:33:56,102 - INFO - 📈 已处理002073 软控股份 
2025-09-07 08:33:57,272 - INFO - 📈 已处理002074 国轩高科 
2025-09-07 08:33:58,436 - INFO - 📈 已处理002075 沙钢股份 
2025-09-07 08:33:59,588 - INFO - 📈 已处理002076 *ST星光 
2025-09-07 08:34:00,753 - INFO - 📈 已处理002077 大港股份 
2025-09-07 08:34:01,903 - INFO - 📈 已处理002078 太阳纸业 
2025-09-07 08:34:03,053 - INFO - 📈 已处理002079 苏州固锝 
2025-09-07 08:34:04,187 - INFO - 📈 已处理002080 中材科技 
2025-09-07 08:34:05,337 - INFO - 📈 已处理002081 金螳螂 
2025-09-07 08:34:06,473 - INFO - 📈 已处理002082 万邦德 
2025-09-07 08:34:07,621 - INFO - 📈 已处理002083 孚日股份 
2025-09-07 08:34:08,788 - INFO - 📈 已处理002084 海鸥住工 
2025-09-07 08:34:09,936 - INFO - 📈 已处理002085 万丰奥威 
2025-09-07 08:34:09,936 - INFO - 📈 已处理 600/5416 只股票，成功 600 只
2025-09-07 08:34:11,070 - INFO - 📈 已处理002086 东方海洋 
2025-09-07 08:34:12,220 - INFO - 📈 已处理002088 鲁阳节能 
2025-09-07 08:34:13,402 - INFO - 📈 已处理002090 金智科技 
2025-09-07 08:34:14,570 - INFO - 📈 已处理002091 江苏国泰 
2025-09-07 08:34:15,736 - INFO - 📈 已处理002092 中泰化学 
2025-09-07 08:34:16,940 - INFO - 📈 已处理002093 国脉科技 
2025-09-07 08:34:18,103 - INFO - 📈 已处理002094 青岛金王 
2025-09-07 08:34:19,252 - INFO - 📈 已处理002095 生意宝 
2025-09-07 08:34:20,405 - INFO - 📈 已处理002096 易普力 
2025-09-07 08:34:21,570 - INFO - 📈 已处理002097 山河智能 
2025-09-07 08:34:22,719 - INFO - 📈 已处理002098 浔兴股份 
2025-09-07 08:34:23,886 - INFO - 📈 已处理002099 海翔药业 
2025-09-07 08:34:25,042 - INFO - 📈 已处理002100 天康生物 
2025-09-07 08:34:26,202 - INFO - 📈 已处理002101 广东鸿图 
2025-09-07 08:34:27,336 - INFO - 📈 已处理002102 能特科技 
2025-09-07 08:34:28,486 - INFO - 📈 已处理002103 广博股份 
2025-09-07 08:34:29,619 - INFO - 📈 已处理002104 恒宝股份 
2025-09-07 08:34:30,772 - INFO - 📈 已处理002105 信隆健康 
2025-09-07 08:34:31,940 - INFO - 📈 已处理002106 莱宝高科 
2025-09-07 08:34:33,092 - INFO - 📈 已处理002107 沃华医药 
2025-09-07 08:34:34,252 - INFO - 📈 已处理002108 沧州明珠 
2025-09-07 08:34:35,403 - INFO - 📈 已处理002109 兴化股份 
2025-09-07 08:34:36,552 - INFO - 📈 已处理002110 三钢闽光 
2025-09-07 08:34:37,691 - INFO - 📈 已处理002111 威海广泰 
2025-09-07 08:34:38,854 - INFO - 📈 已处理002112 三变科技 
2025-09-07 08:34:40,023 - INFO - 📈 已处理002114 罗平锌电 
2025-09-07 08:34:41,185 - INFO - 📈 已处理002115 三维通信 
2025-09-07 08:34:42,338 - INFO - 📈 已处理002116 中国海诚 
2025-09-07 08:34:43,485 - INFO - 📈 已处理002117 东港股份 
2025-09-07 08:34:44,652 - INFO - 📈 已处理002119 康强电子 
2025-09-07 08:34:45,802 - INFO - 📈 已处理002120 韵达股份 
2025-09-07 08:34:46,961 - INFO - 📈 已处理002121 科陆电子 
2025-09-07 08:34:48,102 - INFO - 📈 已处理002122 汇洲智能 
2025-09-07 08:34:49,236 - INFO - 📈 已处理002123 梦网科技 
2025-09-07 08:34:50,385 - INFO - 📈 已处理002124 天邦食品 
2025-09-07 08:34:51,518 - INFO - 📈 已处理002125 湘潭电化 
2025-09-07 08:34:52,651 - INFO - 📈 已处理002126 银轮股份 
2025-09-07 08:34:53,802 - INFO - 📈 已处理002127 南极电商 
2025-09-07 08:34:54,969 - INFO - 📈 已处理002128 电投能源 
2025-09-07 08:34:56,118 - INFO - 📈 已处理002129 TCL中环 
2025-09-07 08:34:57,268 - INFO - 📈 已处理002130 沃尔核材 
2025-09-07 08:34:58,435 - INFO - 📈 已处理002131 利欧股份 
2025-09-07 08:34:59,585 - INFO - 📈 已处理002132 恒星科技 
2025-09-07 08:35:00,751 - INFO - 📈 已处理002133 广宇集团 
2025-09-07 08:35:01,918 - INFO - 📈 已处理002134 天津普林 
2025-09-07 08:35:03,075 - INFO - 📈 已处理002135 东南网架 
2025-09-07 08:35:04,239 - INFO - 📈 已处理002136 安纳达 
2025-09-07 08:35:05,397 - INFO - 📈 已处理002137 实益达 
2025-09-07 08:35:06,543 - INFO - 📈 已处理002138 顺络电子 
2025-09-07 08:35:07,685 - INFO - 📈 已处理002139 拓邦股份 
2025-09-07 08:35:07,685 - INFO - 📈 已处理 650/5416 只股票，成功 650 只
2025-09-07 08:35:08,868 - INFO - 📈 已处理002140 东华科技 
2025-09-07 08:35:10,044 - INFO - 📈 已处理002141 贤丰控股 
2025-09-07 08:35:11,192 - INFO - 📈 已处理002142 宁波银行 
2025-09-07 08:35:12,352 - INFO - 📈 已处理002144 宏达高科 
2025-09-07 08:35:13,502 - INFO - 📈 已处理002145 中核钛白 
2025-09-07 08:35:14,656 - INFO - 📈 已处理002146 荣盛发展 
2025-09-07 08:35:15,803 - INFO - 📈 已处理002148 北纬科技 
2025-09-07 08:35:16,968 - INFO - 📈 已处理002149 西部材料 
2025-09-07 08:35:18,118 - INFO - 📈 已处理002150 通润装备 
2025-09-07 08:35:19,262 - INFO - 📈 已处理002151 北斗星通 
2025-09-07 08:35:20,401 - INFO - 📈 已处理002152 广电运通 
2025-09-07 08:35:21,584 - INFO - 📈 已处理002153 石基信息 
2025-09-07 08:35:22,751 - INFO - 📈 已处理002154 报喜鸟 
2025-09-07 08:35:23,919 - INFO - 📈 已处理002155 湖南黄金 
2025-09-07 08:35:25,091 - INFO - 📈 已处理002156 通富微电 
2025-09-07 08:35:26,235 - INFO - 📈 已处理002157 正邦科技 
2025-09-07 08:35:27,371 - INFO - 📈 已处理002158 汉钟精机 
2025-09-07 08:35:28,501 - INFO - 📈 已处理002159 三特索道 
2025-09-07 08:35:29,635 - INFO - 📈 已处理002160 常铝股份 
2025-09-07 08:35:30,772 - INFO - 📈 已处理002161 远望谷 
2025-09-07 08:35:31,932 - INFO - 📈 已处理002162 悦心健康 
2025-09-07 08:35:33,067 - INFO - 📈 已处理002163 海南发展 
2025-09-07 08:35:34,218 - INFO - 📈 已处理002164 宁波东力 
2025-09-07 08:35:35,383 - INFO - 📈 已处理002165 红宝丽 
2025-09-07 08:35:36,534 - INFO - 📈 已处理002166 莱茵生物 
2025-09-07 08:35:37,679 - INFO - 📈 已处理002167 东方锆业 
2025-09-07 08:35:38,810 - INFO - 📈 已处理002168 *ST惠程 
2025-09-07 08:35:39,962 - INFO - 📈 已处理002169 智光电气 
2025-09-07 08:35:41,099 - INFO - 📈 已处理002170 芭田股份 
2025-09-07 08:35:42,227 - INFO - 📈 已处理002171 楚江新材 
2025-09-07 08:35:43,368 - INFO - 📈 已处理002172 澳洋健康 
2025-09-07 08:35:44,501 - INFO - 📈 已处理002173 创新医疗 
2025-09-07 08:35:45,640 - INFO - 📈 已处理002174 游族网络 
2025-09-07 08:35:46,767 - INFO - 📈 已处理002175 东方智造 
2025-09-07 08:35:47,921 - INFO - 📈 已处理002176 江特电机 
2025-09-07 08:35:49,049 - INFO - 📈 已处理002177 御银股份 
2025-09-07 08:35:50,200 - INFO - 📈 已处理002178 延华智能 
2025-09-07 08:35:51,334 - INFO - 📈 已处理002179 中航光电 
2025-09-07 08:35:52,467 - INFO - 📈 已处理002180 纳思达 
2025-09-07 08:35:53,600 - INFO - 📈 已处理002181 粤传媒 
2025-09-07 08:35:54,717 - INFO - 📈 已处理002182 宝武镁业 
2025-09-07 08:35:55,848 - INFO - 📈 已处理002183 怡亚通 
2025-09-07 08:35:56,973 - INFO - 📈 已处理002184 海得控制 
2025-09-07 08:35:58,100 - INFO - 📈 已处理002185 华天科技 
2025-09-07 08:35:59,251 - INFO - 📈 已处理002186 全聚德 
2025-09-07 08:36:00,400 - INFO - 📈 已处理002187 广百股份 
2025-09-07 08:36:01,534 - INFO - 📈 已处理002188 中天服务 
2025-09-07 08:36:02,666 - INFO - 📈 已处理002189 中光学 
2025-09-07 08:36:03,783 - INFO - 📈 已处理002190 成飞集成 
2025-09-07 08:36:04,884 - INFO - 📈 已处理002191 劲嘉股份 
2025-09-07 08:36:04,884 - INFO - 📈 已处理 700/5416 只股票，成功 700 只
2025-09-07 08:36:06,004 - INFO - 📈 已处理002192 融捷股份 
2025-09-07 08:36:07,347 - INFO - 📈 已处理002193 如意集团 
2025-09-07 08:36:08,483 - INFO - 📈 已处理002194 武汉凡谷 
2025-09-07 08:36:09,600 - INFO - 📈 已处理002195 岩山科技 
2025-09-07 08:36:10,718 - INFO - 📈 已处理002196 方正电机 
2025-09-07 08:36:11,834 - INFO - 📈 已处理002197 ST证通 
2025-09-07 08:36:12,967 - INFO - 📈 已处理002198 嘉应制药 
2025-09-07 08:36:14,090 - INFO - 📈 已处理002199 *ST东晶 
2025-09-07 08:36:15,246 - INFO - 📈 已处理002200 *ST交投 
2025-09-07 08:36:16,369 - INFO - 📈 已处理002201 九鼎新材 
2025-09-07 08:36:17,512 - INFO - 📈 已处理002202 金风科技 
2025-09-07 08:36:18,632 - INFO - 📈 已处理002203 海亮股份 
2025-09-07 08:36:19,766 - INFO - 📈 已处理002204 大连重工 
2025-09-07 08:36:20,883 - INFO - 📈 已处理002205 国统股份 
2025-09-07 08:36:22,024 - INFO - 📈 已处理002206 海利得 
2025-09-07 08:36:23,166 - INFO - 📈 已处理002207 准油股份 
2025-09-07 08:36:24,306 - INFO - 📈 已处理002208 合肥城建 
2025-09-07 08:36:25,435 - INFO - 📈 已处理002209 达意隆 
2025-09-07 08:36:26,562 - INFO - 📈 已处理002210 飞马国际 
2025-09-07 08:36:27,686 - INFO - 📈 已处理002211 ST宏达 
2025-09-07 08:36:28,820 - INFO - 📈 已处理002212 天融信 
2025-09-07 08:36:29,933 - INFO - 📈 已处理002213 大为股份 
2025-09-07 08:36:31,057 - INFO - 📈 已处理002214 *ST大立 
2025-09-07 08:36:32,166 - INFO - 📈 已处理002215 诺普信 
2025-09-07 08:36:33,299 - INFO - 📈 已处理002216 三全食品 
2025-09-07 08:36:34,478 - INFO - 📈 已处理002217 合力泰 
2025-09-07 08:36:35,615 - INFO - 📈 已处理002218 拓日新能 
2025-09-07 08:36:36,784 - INFO - 📈 已处理002219 新里程 
2025-09-07 08:36:37,949 - INFO - 📈 已处理002221 东华能源 
2025-09-07 08:36:39,099 - INFO - 📈 已处理002222 福晶科技 
2025-09-07 08:36:40,249 - INFO - 📈 已处理002223 鱼跃医疗 
2025-09-07 08:36:41,399 - INFO - 📈 已处理002224 三力士 
2025-09-07 08:36:42,565 - INFO - 📈 已处理002225 濮耐股份 
2025-09-07 08:36:43,716 - INFO - 📈 已处理002226 江南化工 
2025-09-07 08:36:44,866 - INFO - 📈 已处理002227 奥特迅 
2025-09-07 08:36:46,023 - INFO - 📈 已处理002228 合兴包装 
2025-09-07 08:36:47,199 - INFO - 📈 已处理002229 鸿博股份 
2025-09-07 08:36:48,367 - INFO - 📈 已处理002230 科大讯飞 
2025-09-07 08:36:49,532 - INFO - 📈 已处理002231 *ST奥维 
2025-09-07 08:36:50,666 - INFO - 📈 已处理002232 启明信息 
2025-09-07 08:36:51,818 - INFO - 📈 已处理002233 塔牌集团 
2025-09-07 08:36:53,002 - INFO - 📈 已处理002234 民和股份 
2025-09-07 08:36:54,152 - INFO - 📈 已处理002235 安妮股份 
2025-09-07 08:36:55,291 - INFO - 📈 已处理002236 大华股份 
2025-09-07 08:36:56,468 - INFO - 📈 已处理002237 恒邦股份 
2025-09-07 08:36:57,639 - INFO - 📈 已处理002238 天威视讯 
2025-09-07 08:36:58,800 - INFO - 📈 已处理002239 奥特佳 
2025-09-07 08:36:59,944 - INFO - 📈 已处理002240 盛新锂能 
2025-09-07 08:37:01,111 - INFO - 📈 已处理002241 歌尔股份 
2025-09-07 08:37:02,273 - INFO - 📈 已处理002242 九阳股份 
2025-09-07 08:37:02,274 - INFO - 📈 已处理 750/5416 只股票，成功 750 只
2025-09-07 08:37:03,418 - INFO - 📈 已处理002243 力合科创 
2025-09-07 08:37:04,583 - INFO - 📈 已处理002244 滨江集团 
2025-09-07 08:37:05,748 - INFO - 📈 已处理002245 蔚蓝锂芯 
2025-09-07 08:37:06,867 - INFO - 📈 已处理002246 北化股份 
2025-09-07 08:37:08,028 - INFO - 📈 已处理002247 聚力文化 
2025-09-07 08:37:09,175 - INFO - 📈 已处理002248 华东数控 
2025-09-07 08:37:10,315 - INFO - 📈 已处理002249 大洋电机 
2025-09-07 08:37:11,466 - INFO - 📈 已处理002250 联化科技 
2025-09-07 08:37:12,817 - INFO - 📈 已处理002251 步步高 
2025-09-07 08:37:13,984 - INFO - 📈 已处理002252 上海莱士 
2025-09-07 08:37:15,148 - INFO - 📈 已处理002253 *ST智胜 
2025-09-07 08:37:16,316 - INFO - 📈 已处理002254 泰和新材 
2025-09-07 08:37:17,449 - INFO - 📈 已处理002255 海陆重工 
2025-09-07 08:37:18,604 - INFO - 📈 已处理002256 兆新股份 
2025-09-07 08:37:19,778 - INFO - 📈 已处理002258 利尔化学 
2025-09-07 08:37:20,915 - INFO - 📈 已处理002259 升达林业 
2025-09-07 08:37:22,045 - INFO - 📈 已处理002261 拓维信息 
2025-09-07 08:37:23,199 - INFO - 📈 已处理002262 恩华药业 
2025-09-07 08:37:24,373 - INFO - 📈 已处理002263 大东南 
2025-09-07 08:37:25,538 - INFO - 📈 已处理002264 新华都 
2025-09-07 08:37:26,687 - INFO - 📈 已处理002265 建设工业 
2025-09-07 08:37:27,831 - INFO - 📈 已处理002266 浙富控股 
2025-09-07 08:37:29,006 - INFO - 📈 已处理002267 陕天然气 
2025-09-07 08:37:30,155 - INFO - 📈 已处理002268 电科网安 
2025-09-07 08:37:31,315 - INFO - 📈 已处理002269 美邦服饰 
2025-09-07 08:37:32,510 - INFO - 📈 已处理002270 华明装备 
2025-09-07 08:37:33,670 - INFO - 📈 已处理002271 东方雨虹 
2025-09-07 08:37:34,831 - INFO - 📈 已处理002272 川润股份 
2025-09-07 08:37:36,002 - INFO - 📈 已处理002273 水晶光电 
2025-09-07 08:37:37,154 - INFO - 📈 已处理002274 华昌化工 
2025-09-07 08:37:38,304 - INFO - 📈 已处理002275 桂林三金 
2025-09-07 08:37:39,464 - INFO - 📈 已处理002276 万马股份 
2025-09-07 08:37:40,637 - INFO - 📈 已处理002277 友阿股份 
2025-09-07 08:37:41,830 - INFO - 📈 已处理002278 神开股份 
2025-09-07 08:37:42,981 - INFO - 📈 已处理002279 久其软件 
2025-09-07 08:37:44,121 - INFO - 📈 已处理002281 光迅科技 
2025-09-07 08:37:45,281 - INFO - 📈 已处理002282 博深股份 
2025-09-07 08:37:46,447 - INFO - 📈 已处理002283 天润工业 
2025-09-07 08:37:47,614 - INFO - 📈 已处理002284 亚太股份 
2025-09-07 08:37:48,787 - INFO - 📈 已处理002285 世联行 
2025-09-07 08:37:49,932 - INFO - 📈 已处理002286 保龄宝 
2025-09-07 08:37:51,094 - INFO - 📈 已处理002287 奇正藏药 
2025-09-07 08:37:52,247 - INFO - 📈 已处理002289 *ST宇顺 
2025-09-07 08:37:53,385 - INFO - 📈 已处理002290 禾盛新材 
2025-09-07 08:37:54,531 - INFO - 📈 已处理002291 遥望科技 
2025-09-07 08:37:55,685 - INFO - 📈 已处理002292 奥飞娱乐 
2025-09-07 08:37:56,877 - INFO - 📈 已处理002293 罗莱生活 
2025-09-07 08:37:58,033 - INFO - 📈 已处理002294 信立泰 
2025-09-07 08:37:59,168 - INFO - 📈 已处理002295 精艺股份 
2025-09-07 08:38:00,328 - INFO - 📈 已处理002296 辉煌科技 
2025-09-07 08:38:00,328 - INFO - 📈 已处理 800/5416 只股票，成功 800 只
2025-09-07 08:38:01,503 - INFO - 📈 已处理002297 博云新材 
2025-09-07 08:38:02,683 - INFO - 📈 已处理002298 中电鑫龙 
2025-09-07 08:38:03,847 - INFO - 📈 已处理002299 圣农发展 
2025-09-07 08:38:05,012 - INFO - 📈 已处理002300 太阳电缆 
2025-09-07 08:38:06,169 - INFO - 📈 已处理002301 齐心集团 
2025-09-07 08:38:07,320 - INFO - 📈 已处理002302 西部建设 
2025-09-07 08:38:08,480 - INFO - 📈 已处理002303 美盈森 
2025-09-07 08:38:09,644 - INFO - 📈 已处理002304 洋河股份 
2025-09-07 08:38:10,828 - INFO - 📈 已处理002305 *ST南置 
2025-09-07 08:38:11,968 - INFO - 📈 已处理002306 *ST云网 
2025-09-07 08:38:13,127 - INFO - 📈 已处理002307 北新路桥 
2025-09-07 08:38:14,311 - INFO - 📈 已处理002309 中利集团 
2025-09-07 08:38:15,464 - INFO - 📈 已处理002310 东方园林 
2025-09-07 08:38:16,631 - INFO - 📈 已处理002311 海大集团 
2025-09-07 08:38:17,775 - INFO - 📈 已处理002312 川发龙蟒 
2025-09-07 08:38:18,944 - INFO - 📈 已处理002313 日海智能 
2025-09-07 08:38:20,095 - INFO - 📈 已处理002314 南山控股 
2025-09-07 08:38:21,247 - INFO - 📈 已处理002315 焦点科技 
2025-09-07 08:38:22,426 - INFO - 📈 已处理002316 亚联发展 
2025-09-07 08:38:23,577 - INFO - 📈 已处理002317 众生药业 
2025-09-07 08:38:24,732 - INFO - 📈 已处理002318 久立特材 
2025-09-07 08:38:25,889 - INFO - 📈 已处理002319 乐通股份 
2025-09-07 08:38:27,056 - INFO - 📈 已处理002320 海峡股份 
2025-09-07 08:38:28,212 - INFO - 📈 已处理002321 华英农业 
2025-09-07 08:38:29,382 - INFO - 📈 已处理002322 理工能科 
2025-09-07 08:38:30,563 - INFO - 📈 已处理002323 雅博股份 
2025-09-07 08:38:31,744 - INFO - 📈 已处理002324 普利特 
2025-09-07 08:38:32,916 - INFO - 📈 已处理002326 永太科技 
2025-09-07 08:38:34,069 - INFO - 📈 已处理002327 富安娜 
2025-09-07 08:38:35,199 - INFO - 📈 已处理002328 新朋股份 
2025-09-07 08:38:36,373 - INFO - 📈 已处理002329 皇氏集团 
2025-09-07 08:38:37,537 - INFO - 📈 已处理002330 得利斯 
2025-09-07 08:38:38,695 - INFO - 📈 已处理002331 皖通科技 
2025-09-07 08:38:39,864 - INFO - 📈 已处理002332 仙琚制药 
2025-09-07 08:38:41,039 - INFO - 📈 已处理002333 罗普斯金 
2025-09-07 08:38:42,205 - INFO - 📈 已处理002334 英威腾 
2025-09-07 08:38:43,369 - INFO - 📈 已处理002335 科华数据 
2025-09-07 08:38:44,525 - INFO - 📈 已处理002337 赛象科技 
2025-09-07 08:38:45,670 - INFO - 📈 已处理002338 奥普光电 
2025-09-07 08:38:46,846 - INFO - 📈 已处理002339 积成电子 
2025-09-07 08:38:48,017 - INFO - 📈 已处理002340 格林美 
2025-09-07 08:38:49,175 - INFO - 📈 已处理002342 巨力索具 
2025-09-07 08:38:50,320 - INFO - 📈 已处理002343 慈文传媒 
2025-09-07 08:38:51,490 - INFO - 📈 已处理002344 海宁皮城 
2025-09-07 08:38:52,668 - INFO - 📈 已处理002345 潮宏基 
2025-09-07 08:38:53,845 - INFO - 📈 已处理002346 柘中股份 
2025-09-07 08:38:55,016 - INFO - 📈 已处理002347 泰尔股份 
2025-09-07 08:38:56,185 - INFO - 📈 已处理002348 高乐股份 
2025-09-07 08:38:57,355 - INFO - 📈 已处理002349 精华制药 
2025-09-07 08:38:58,493 - INFO - 📈 已处理002350 北京科锐 
2025-09-07 08:38:58,493 - INFO - 📈 已处理 850/5416 只股票，成功 850 只
2025-09-07 08:38:59,643 - INFO - 📈 已处理002351 漫步者 
2025-09-07 08:39:00,796 - INFO - 📈 已处理002352 顺丰控股 
2025-09-07 08:39:01,959 - INFO - 📈 已处理002353 杰瑞股份 
2025-09-07 08:39:03,123 - INFO - 📈 已处理002354 天娱数科 
2025-09-07 08:39:04,288 - INFO - 📈 已处理002355 兴民智通 
2025-09-07 08:39:05,449 - INFO - 📈 已处理002356 赫美集团 
2025-09-07 08:39:06,625 - INFO - 📈 已处理002357 富临运业 
2025-09-07 08:39:07,782 - INFO - 📈 已处理002358 森源电气 
2025-09-07 08:39:08,934 - INFO - 📈 已处理002360 同德化工 
2025-09-07 08:39:10,089 - INFO - 📈 已处理002361 神剑股份 
2025-09-07 08:39:11,257 - INFO - 📈 已处理002362 汉王科技 
2025-09-07 08:39:12,432 - INFO - 📈 已处理002363 隆基机械 
2025-09-07 08:39:13,593 - INFO - 📈 已处理002364 中恒电气 
2025-09-07 08:39:14,747 - INFO - 📈 已处理002365 永安药业 
2025-09-07 08:39:15,923 - INFO - 📈 已处理002366 融发核电 
2025-09-07 08:39:17,075 - INFO - 📈 已处理002367 康力电梯 
2025-09-07 08:39:18,217 - INFO - 📈 已处理002368 太极股份 
2025-09-07 08:39:19,367 - INFO - 📈 已处理002369 卓翼科技 
2025-09-07 08:39:20,502 - INFO - 📈 已处理002370 亚太药业 
2025-09-07 08:39:21,647 - INFO - 📈 已处理002371 北方华创 
2025-09-07 08:39:22,820 - INFO - 📈 已处理002372 伟星新材 
2025-09-07 08:39:23,969 - INFO - 📈 已处理002373 千方科技 
2025-09-07 08:39:25,118 - INFO - 📈 已处理002374 中锐股份 
2025-09-07 08:39:26,279 - INFO - 📈 已处理002375 亚厦股份 
2025-09-07 08:39:27,446 - INFO - 📈 已处理002376 新北洋 
2025-09-07 08:39:28,607 - INFO - 📈 已处理002377 国创高新 
2025-09-07 08:39:29,774 - INFO - 📈 已处理002378 章源钨业 
2025-09-07 08:39:30,943 - INFO - 📈 已处理002379 宏创控股 
2025-09-07 08:39:32,116 - INFO - 📈 已处理002380 科远智慧 
2025-09-07 08:39:33,257 - INFO - 📈 已处理002381 双箭股份 
2025-09-07 08:39:34,442 - INFO - 📈 已处理002382 蓝帆医疗 
2025-09-07 08:39:35,600 - INFO - 📈 已处理002383 合众思壮 
2025-09-07 08:39:36,774 - INFO - 📈 已处理002384 东山精密 
2025-09-07 08:39:37,938 - INFO - 📈 已处理002385 大北农 
2025-09-07 08:39:39,093 - INFO - 📈 已处理002386 天原股份 
2025-09-07 08:39:40,230 - INFO - 📈 已处理002387 维信诺 
2025-09-07 08:39:41,389 - INFO - 📈 已处理002388 ST新亚 
2025-09-07 08:39:42,543 - INFO - 📈 已处理002389 航天彩虹 
2025-09-07 08:39:43,689 - INFO - 📈 已处理002390 信邦制药 
2025-09-07 08:39:44,869 - INFO - 📈 已处理002391 长青股份 
2025-09-07 08:39:46,049 - INFO - 📈 已处理002392 北京利尔 
2025-09-07 08:39:47,192 - INFO - 📈 已处理002393 力生制药 
2025-09-07 08:39:48,312 - INFO - 📈 已处理002394 联发股份 
2025-09-07 08:39:49,459 - INFO - 📈 已处理002395 双象股份 
2025-09-07 08:39:50,607 - INFO - 📈 已处理002396 星网锐捷 
2025-09-07 08:39:51,745 - INFO - 📈 已处理002397 梦洁股份 
2025-09-07 08:39:52,912 - INFO - 📈 已处理002398 垒知集团 
2025-09-07 08:39:54,087 - INFO - 📈 已处理002399 海普瑞 
2025-09-07 08:39:55,226 - INFO - 📈 已处理002400 省广集团 
2025-09-07 08:39:56,375 - INFO - 📈 已处理002401 中远海科 
2025-09-07 08:39:56,375 - INFO - 📈 已处理 900/5416 只股票，成功 900 只
2025-09-07 08:39:57,548 - INFO - 📈 已处理002402 和而泰 
2025-09-07 08:39:58,706 - INFO - 📈 已处理002403 爱仕达 
2025-09-07 08:39:59,862 - INFO - 📈 已处理002404 嘉欣丝绸 
2025-09-07 08:40:01,011 - INFO - 📈 已处理002405 四维图新 
2025-09-07 08:40:02,159 - INFO - 📈 已处理002406 远东传动 
2025-09-07 08:40:03,311 - INFO - 📈 已处理002407 多氟多 
2025-09-07 08:40:04,463 - INFO - 📈 已处理002408 齐翔腾达 
2025-09-07 08:40:05,610 - INFO - 📈 已处理002409 雅克科技 
2025-09-07 08:40:06,762 - INFO - 📈 已处理002410 广联达 
2025-09-07 08:40:07,913 - INFO - 📈 已处理002412 汉森制药 
2025-09-07 08:40:09,092 - INFO - 📈 已处理002413 雷科防务 
2025-09-07 08:40:10,227 - INFO - 📈 已处理002414 高德红外 
2025-09-07 08:40:11,362 - INFO - 📈 已处理002415 海康威视 
2025-09-07 08:40:12,529 - INFO - 📈 已处理002416 爱施德 
2025-09-07 08:40:13,664 - INFO - 📈 已处理002418 康盛股份 
2025-09-07 08:40:14,816 - INFO - 📈 已处理002419 天虹股份 
2025-09-07 08:40:15,961 - INFO - 📈 已处理002420 毅昌科技 
2025-09-07 08:40:17,109 - INFO - 📈 已处理002421 达实智能 
2025-09-07 08:40:18,242 - INFO - 📈 已处理002422 科伦药业 
2025-09-07 08:40:19,397 - INFO - 📈 已处理002423 中粮资本 
2025-09-07 08:40:20,563 - INFO - 📈 已处理002424 贵州百灵 
2025-09-07 08:40:21,719 - INFO - 📈 已处理002425 ST凯文 
2025-09-07 08:40:22,862 - INFO - 📈 已处理002426 胜利精密 
2025-09-07 08:40:23,994 - INFO - 📈 已处理002427 尤夫股份 
2025-09-07 08:40:25,138 - INFO - 📈 已处理002428 云南锗业 
2025-09-07 08:40:26,277 - INFO - 📈 已处理002429 兆驰股份 
2025-09-07 08:40:27,439 - INFO - 📈 已处理002430 杭氧股份 
2025-09-07 08:40:28,597 - INFO - 📈 已处理002431 棕榈股份 
2025-09-07 08:40:29,727 - INFO - 📈 已处理002432 九安医疗 
2025-09-07 08:40:30,894 - INFO - 📈 已处理002434 万里扬 
2025-09-07 08:40:32,066 - INFO - 📈 已处理002436 兴森科技 
2025-09-07 08:40:33,231 - INFO - 📈 已处理002437 誉衡药业 
2025-09-07 08:40:34,394 - INFO - 📈 已处理002438 江苏神通 
2025-09-07 08:40:35,543 - INFO - 📈 已处理002439 启明星辰 
2025-09-07 08:40:36,687 - INFO - 📈 已处理002440 闰土股份 
2025-09-07 08:40:37,849 - INFO - 📈 已处理002441 众业达 
2025-09-07 08:40:39,017 - INFO - 📈 已处理002442 龙星科技 
2025-09-07 08:40:40,175 - INFO - 📈 已处理002443 金洲管道 
2025-09-07 08:40:41,357 - INFO - 📈 已处理002444 巨星科技 
2025-09-07 08:40:42,534 - INFO - 📈 已处理002445 中南文化 
2025-09-07 08:40:43,681 - INFO - 📈 已处理002446 盛路通信 
2025-09-07 08:40:44,833 - INFO - 📈 已处理002448 中原内配 
2025-09-07 08:40:45,986 - INFO - 📈 已处理002449 国星光电 
2025-09-07 08:40:47,161 - INFO - 📈 已处理002451 摩恩电气 
2025-09-07 08:40:48,324 - INFO - 📈 已处理002452 长高电新 
2025-09-07 08:40:49,471 - INFO - 📈 已处理002453 华软科技 
2025-09-07 08:40:50,658 - INFO - 📈 已处理002454 松芝股份 
2025-09-07 08:40:51,803 - INFO - 📈 已处理002455 百川股份 
2025-09-07 08:40:52,970 - INFO - 📈 已处理002456 欧菲光 
2025-09-07 08:40:54,140 - INFO - 📈 已处理002457 青龙管业 
2025-09-07 08:40:54,140 - INFO - 📈 已处理 950/5416 只股票，成功 950 只
2025-09-07 08:40:55,300 - INFO - 📈 已处理002458 益生股份 
2025-09-07 08:40:56,459 - INFO - 📈 已处理002459 晶澳科技 
2025-09-07 08:40:57,617 - INFO - 📈 已处理002460 赣锋锂业 
2025-09-07 08:40:58,805 - INFO - 📈 已处理002461 珠江啤酒 
2025-09-07 08:40:59,957 - INFO - 📈 已处理002462 嘉事堂 
2025-09-07 08:41:01,102 - INFO - 📈 已处理002463 沪电股份 
2025-09-07 08:41:02,262 - INFO - 📈 已处理002465 海格通信 
2025-09-07 08:41:03,422 - INFO - 📈 已处理002466 天齐锂业 
2025-09-07 08:41:04,579 - INFO - 📈 已处理002467 二六三 
2025-09-07 08:41:05,736 - INFO - 📈 已处理002468 申通快递 
2025-09-07 08:41:06,890 - INFO - 📈 已处理002469 三维化学 
2025-09-07 08:41:08,043 - INFO - 📈 已处理002470 金正大 
2025-09-07 08:41:09,210 - INFO - 📈 已处理002471 中超控股 
2025-09-07 08:41:10,376 - INFO - 📈 已处理002472 双环传动 
2025-09-07 08:41:11,520 - INFO - 📈 已处理002474 榕基软件 
2025-09-07 08:41:12,690 - INFO - 📈 已处理002475 立讯精密 
2025-09-07 08:41:13,841 - INFO - 📈 已处理002476 宝莫股份 
2025-09-07 08:41:15,002 - INFO - 📈 已处理002478 常宝股份 
2025-09-07 08:41:16,164 - INFO - 📈 已处理002479 富春环保 
2025-09-07 08:41:17,330 - INFO - 📈 已处理002480 新筑股份 
2025-09-07 08:41:18,489 - INFO - 📈 已处理002481 双塔食品 
2025-09-07 08:41:19,636 - INFO - 📈 已处理002482 广田集团 
2025-09-07 08:41:20,785 - INFO - 📈 已处理002483 润邦股份 
2025-09-07 08:41:21,954 - INFO - 📈 已处理002484 江海股份 
2025-09-07 08:41:23,111 - INFO - 📈 已处理002485 ST雪发 
2025-09-07 08:41:24,275 - INFO - 📈 已处理002486 嘉麟杰 
2025-09-07 08:41:25,437 - INFO - 📈 已处理002487 大金重工 
2025-09-07 08:41:26,598 - INFO - 📈 已处理002488 金固股份 
2025-09-07 08:41:27,741 - INFO - 📈 已处理002489 浙江永强 
2025-09-07 08:41:28,894 - INFO - 📈 已处理002490 山东墨龙 
2025-09-07 08:41:30,057 - INFO - 📈 已处理002491 通鼎互联 
2025-09-07 08:41:31,192 - INFO - 📈 已处理002492 恒基达鑫 
2025-09-07 08:41:32,375 - INFO - 📈 已处理002493 荣盛石化 
2025-09-07 08:41:33,516 - INFO - 📈 已处理002494 华斯股份 
2025-09-07 08:41:34,680 - INFO - 📈 已处理002495 佳隆股份 
2025-09-07 08:41:35,842 - INFO - 📈 已处理002496 *ST辉丰 
2025-09-07 08:41:37,001 - INFO - 📈 已处理002497 雅化集团 
2025-09-07 08:41:38,142 - INFO - 📈 已处理002498 汉缆股份 
2025-09-07 08:41:39,304 - INFO - 📈 已处理002500 山西证券 
2025-09-07 08:41:40,467 - INFO - 📈 已处理002501 利源股份 
2025-09-07 08:41:41,626 - INFO - 📈 已处理002506 协鑫集成 
2025-09-07 08:41:42,792 - INFO - 📈 已处理002507 涪陵榨菜 
2025-09-07 08:41:43,939 - INFO - 📈 已处理002508 老板电器 
2025-09-07 08:41:45,076 - INFO - 📈 已处理002510 天汽模 
2025-09-07 08:41:46,239 - INFO - 📈 已处理002511 中顺洁柔 
2025-09-07 08:41:47,393 - INFO - 📈 已处理002512 达华智能 
2025-09-07 08:41:48,547 - INFO - 📈 已处理002513 蓝丰生化 
2025-09-07 08:41:49,676 - INFO - 📈 已处理002514 宝馨科技 
2025-09-07 08:41:50,830 - INFO - 📈 已处理002515 金字火腿 
2025-09-07 08:41:53,140 - INFO - 📈 已处理002517 恺英网络 
2025-09-07 08:41:54,297 - INFO - 📈 已处理002518 科士达 
2025-09-07 08:41:55,454 - INFO - 📈 已处理002519 银河电子 
2025-09-07 08:41:56,597 - INFO - 📈 已处理002520 日发精机 
2025-09-07 08:41:57,760 - INFO - 📈 已处理002521 齐峰新材 
2025-09-07 08:41:58,901 - INFO - 📈 已处理002522 浙江众成 
2025-09-07 08:42:00,058 - INFO - 📈 已处理002523 天桥起重 
2025-09-07 08:42:01,210 - INFO - 📈 已处理002524 光正眼科 
2025-09-07 08:42:02,379 - INFO - 📈 已处理002526 山东矿机 
2025-09-07 08:42:03,555 - INFO - 📈 已处理002527 新时达 
2025-09-07 08:42:04,714 - INFO - 📈 已处理002528 ST英飞拓 
2025-09-07 08:42:05,862 - INFO - 📈 已处理002529 *ST海源 
2025-09-07 08:42:07,010 - INFO - 📈 已处理002530 金财互联 
2025-09-07 08:42:08,157 - INFO - 📈 已处理002531 天顺风能 
2025-09-07 08:42:09,308 - INFO - 📈 已处理002532 天山铝业 
2025-09-07 08:42:10,475 - INFO - 📈 已处理002533 金杯电工 
2025-09-07 08:42:11,631 - INFO - 📈 已处理002534 西子洁能 
2025-09-07 08:42:12,802 - INFO - 📈 已处理002535 林州重机 
2025-09-07 08:42:13,928 - INFO - 📈 已处理002536 飞龙股份 
2025-09-07 08:42:15,079 - INFO - 📈 已处理002537 海联金汇 
2025-09-07 08:42:16,256 - INFO - 📈 已处理002538 司尔特 
2025-09-07 08:42:17,415 - INFO - 📈 已处理002539 云图控股 
2025-09-07 08:42:18,577 - INFO - 📈 已处理002540 亚太科技 
2025-09-07 08:42:19,726 - INFO - 📈 已处理002541 鸿路钢构 
2025-09-07 08:42:20,876 - INFO - 📈 已处理002542 中化岩土 
2025-09-07 08:42:22,036 - INFO - 📈 已处理002543 万和电气 
2025-09-07 08:42:23,183 - INFO - 📈 已处理002544 普天科技 
2025-09-07 08:42:24,324 - INFO - 📈 已处理002545 东方铁塔 
2025-09-07 08:42:25,487 - INFO - 📈 已处理002546 新联电子 
2025-09-07 08:42:26,629 - INFO - 📈 已处理002547 春兴精工 
2025-09-07 08:42:27,804 - INFO - 📈 已处理002548 金新农 
2025-09-07 08:42:28,971 - INFO - 📈 已处理002549 凯美特气 
2025-09-07 08:42:30,124 - INFO - 📈 已处理002550 千红制药 
2025-09-07 08:42:31,261 - INFO - 📈 已处理002551 尚荣医疗 
2025-09-07 08:42:32,424 - INFO - 📈 已处理002552 宝鼎科技 
2025-09-07 08:42:33,576 - INFO - 📈 已处理002553 南方精工 
2025-09-07 08:42:34,707 - INFO - 📈 已处理002554 惠博普 
2025-09-07 08:42:35,866 - INFO - 📈 已处理002555 三七互娱 
2025-09-07 08:42:37,279 - INFO - 📈 已处理002556 辉隆股份 
2025-09-07 08:42:38,425 - INFO - 📈 已处理002557 洽洽食品 
2025-09-07 08:42:39,571 - INFO - 📈 已处理002558 巨人网络 
2025-09-07 08:42:40,740 - INFO - 📈 已处理002559 亚威股份 
2025-09-07 08:42:41,907 - INFO - 📈 已处理002560 通达股份 
2025-09-07 08:42:43,057 - INFO - 📈 已处理002561 徐家汇 
2025-09-07 08:42:44,199 - INFO - 📈 已处理002562 兄弟科技 
2025-09-07 08:42:45,359 - INFO - 📈 已处理002563 森马服饰 
2025-09-07 08:42:46,507 - INFO - 📈 已处理002564 天沃科技 
2025-09-07 08:42:47,657 - INFO - 📈 已处理002565 顺灏股份 
2025-09-07 08:42:48,825 - INFO - 📈 已处理002566 益盛药业 
2025-09-07 08:42:49,978 - INFO - 📈 已处理002567 唐人神 
2025-09-07 08:42:49,978 - INFO - 📈 已处理 1050/5416 只股票，成功 1049 只
2025-09-07 08:42:51,141 - INFO - 📈 已处理002568 百润股份 
2025-09-07 08:42:52,291 - INFO - 📈 已处理002569 *ST步森 
2025-09-07 08:42:53,448 - INFO - 📈 已处理002570 贝因美 
2025-09-07 08:42:54,593 - INFO - 📈 已处理002571 德力股份 
2025-09-07 08:42:55,743 - INFO - 📈 已处理002572 索菲亚 
2025-09-07 08:42:56,895 - INFO - 📈 已处理002573 清新环境 
2025-09-07 08:42:58,042 - INFO - 📈 已处理002574 明牌珠宝 
2025-09-07 08:42:59,203 - INFO - 📈 已处理002575 群兴玩具 
2025-09-07 08:43:00,355 - INFO - 📈 已处理002576 通达动力 
2025-09-07 08:43:01,516 - INFO - 📈 已处理002577 雷柏科技 
2025-09-07 08:43:02,670 - INFO - 📈 已处理002578 闽发铝业 
2025-09-07 08:43:03,838 - INFO - 📈 已处理002579 中京电子 
2025-09-07 08:43:04,972 - INFO - 📈 已处理002580 圣阳股份 
2025-09-07 08:43:06,127 - INFO - 📈 已处理002581 ST未名 
2025-09-07 08:43:07,300 - INFO - 📈 已处理002582 好想你 
2025-09-07 08:43:08,460 - INFO - 📈 已处理002583 海能达 
2025-09-07 08:43:09,602 - INFO - 📈 已处理002584 西陇科学 
2025-09-07 08:43:10,775 - INFO - 📈 已处理002585 双星新材 
2025-09-07 08:43:11,951 - INFO - 📈 已处理002586 *ST围海 
2025-09-07 08:43:13,102 - INFO - 📈 已处理002587 奥拓电子 
2025-09-07 08:43:14,262 - INFO - 📈 已处理002588 史丹利 
2025-09-07 08:43:15,422 - INFO - 📈 已处理002589 瑞康医药 
2025-09-07 08:43:16,587 - INFO - 📈 已处理002590 万安科技 
2025-09-07 08:43:17,729 - INFO - 📈 已处理002591 恒大高新 
2025-09-07 08:43:18,890 - INFO - 📈 已处理002592 ST八菱 
2025-09-07 08:43:20,307 - INFO - 📈 已处理002593 日上集团 
2025-09-07 08:43:21,498 - INFO - 📈 已处理002594 比亚迪 
2025-09-07 08:43:22,651 - INFO - 📈 已处理002595 豪迈科技 
2025-09-07 08:43:23,798 - INFO - 📈 已处理002596 海南瑞泽 
2025-09-07 08:43:24,956 - INFO - 📈 已处理002597 金禾实业 
2025-09-07 08:43:26,103 - INFO - 📈 已处理002598 山东章鼓 
2025-09-07 08:43:27,273 - INFO - 📈 已处理002599 盛通股份 
2025-09-07 08:43:28,422 - INFO - 📈 已处理002600 领益智造 
2025-09-07 08:43:29,587 - INFO - 📈 已处理002601 龙佰集团 
2025-09-07 08:43:30,757 - INFO - 📈 已处理002602 ST华通 
2025-09-07 08:43:31,898 - INFO - 📈 已处理002603 以岭药业 
2025-09-07 08:43:33,067 - INFO - 📈 已处理002605 姚记科技 
2025-09-07 08:43:34,221 - INFO - 📈 已处理002606 大连电瓷 
2025-09-07 08:43:35,368 - INFO - 📈 已处理002607 中公教育 
2025-09-07 08:43:36,539 - INFO - 📈 已处理002608 江苏国信 
2025-09-07 08:43:37,712 - INFO - 📈 已处理002609 捷顺科技 
2025-09-07 08:43:38,869 - INFO - 📈 已处理002611 东方精工 
2025-09-07 08:43:40,034 - INFO - 📈 已处理002612 朗姿股份 
2025-09-07 08:43:41,187 - INFO - 📈 已处理002613 北玻股份 
2025-09-07 08:43:42,362 - INFO - 📈 已处理002614 奥佳华 
2025-09-07 08:43:43,499 - INFO - 📈 已处理002615 哈尔斯 
2025-09-07 08:43:44,688 - INFO - 📈 已处理002616 长青集团 
2025-09-07 08:43:45,839 - INFO - 📈 已处理002617 露笑科技 
2025-09-07 08:43:46,992 - INFO - 📈 已处理002620 ST瑞和 
2025-09-07 08:43:48,134 - INFO - 📈 已处理002622 皓宸医疗 
2025-09-07 08:43:48,134 - INFO - 📈 已处理 1100/5416 只股票，成功 1099 只
2025-09-07 08:43:49,282 - INFO - 📈 已处理002623 亚玛顿 
2025-09-07 08:43:50,435 - INFO - 📈 已处理002624 完美世界 
2025-09-07 08:43:51,606 - INFO - 📈 已处理002625 光启技术 
2025-09-07 08:43:53,256 - INFO - 📈 已处理002626 金达威 
2025-09-07 08:43:54,385 - INFO - 📈 已处理002627 三峡旅游 
2025-09-07 08:43:55,541 - INFO - 📈 已处理002628 成都路桥 
2025-09-07 08:43:56,703 - INFO - 📈 已处理002629 仁智股份 
2025-09-07 08:43:57,852 - INFO - 📈 已处理002630 ST华西 
2025-09-07 08:43:59,011 - INFO - 📈 已处理002631 德尔未来 
2025-09-07 08:44:00,161 - INFO - 📈 已处理002632 道明光学 
2025-09-07 08:44:01,311 - INFO - 📈 已处理002633 申科股份 
2025-09-07 08:44:02,459 - INFO - 📈 已处理002634 棒杰股份 
2025-09-07 08:44:03,613 - INFO - 📈 已处理002635 安洁科技 
2025-09-07 08:44:04,768 - INFO - 📈 已处理002636 金安国纪 
2025-09-07 08:44:05,937 - INFO - 📈 已处理002637 赞宇科技 
2025-09-07 08:44:07,095 - INFO - 📈 已处理002638 勤上股份 
2025-09-07 08:44:08,239 - INFO - 📈 已处理002639 雪人集团 
2025-09-07 08:44:09,405 - INFO - 📈 已处理002640 跨境通 
2025-09-07 08:44:10,540 - INFO - 📈 已处理002641 公元股份 
2025-09-07 08:44:11,690 - INFO - 📈 已处理002642 荣联科技 
2025-09-07 08:44:12,855 - INFO - 📈 已处理002643 万润股份 
2025-09-07 08:44:14,005 - INFO - 📈 已处理002644 佛慈制药 
2025-09-07 08:44:15,165 - INFO - 📈 已处理002645 华宏科技 
2025-09-07 08:44:16,327 - INFO - 📈 已处理002646 天佑德酒 
2025-09-07 08:44:17,477 - INFO - 📈 已处理002647 *ST仁东 
2025-09-07 08:44:18,650 - INFO - 📈 已处理002648 卫星化学 
2025-09-07 08:44:19,790 - INFO - 📈 已处理002649 博彦科技 
2025-09-07 08:44:20,956 - INFO - 📈 已处理002650 ST加加 
2025-09-07 08:44:22,106 - INFO - 📈 已处理002651 利君股份 
2025-09-07 08:44:23,275 - INFO - 📈 已处理002652 扬子新材 
2025-09-07 08:44:24,421 - INFO - 📈 已处理002653 海思科 
2025-09-07 08:44:25,564 - INFO - 📈 已处理002654 万润科技 
2025-09-07 08:44:26,717 - INFO - 📈 已处理002655 共达电声 
2025-09-07 08:44:27,859 - INFO - 📈 已处理002656 *ST摩登 
2025-09-07 08:44:29,018 - INFO - 📈 已处理002657 中科金财 
2025-09-07 08:44:30,172 - INFO - 📈 已处理002658 雪迪龙 
2025-09-07 08:44:31,319 - INFO - 📈 已处理002659 凯文教育 
2025-09-07 08:44:32,474 - INFO - 📈 已处理002660 茂硕电源 
2025-09-07 08:44:33,660 - INFO - 📈 已处理002661 克明食品 
2025-09-07 08:44:34,805 - INFO - 📈 已处理002662 峰璟股份 
2025-09-07 08:44:35,958 - INFO - 📈 已处理002663 普邦股份 
2025-09-07 08:44:37,141 - INFO - 📈 已处理002664 信质集团 
2025-09-07 08:44:38,290 - INFO - 📈 已处理002666 德联集团 
2025-09-07 08:44:39,454 - INFO - 📈 已处理002667 威领股份 
2025-09-07 08:44:40,589 - INFO - 📈 已处理002668 TCL智家 
2025-09-07 08:44:41,740 - INFO - 📈 已处理002669 康达新材 
2025-09-07 08:44:42,871 - INFO - 📈 已处理002670 国盛金控 
2025-09-07 08:44:44,026 - INFO - 📈 已处理002671 龙泉股份 
2025-09-07 08:44:45,173 - INFO - 📈 已处理002672 东江环保 
2025-09-07 08:44:46,322 - INFO - 📈 已处理002673 西部证券 
2025-09-07 08:44:46,322 - INFO - 📈 已处理 1150/5416 只股票，成功 1149 只
2025-09-07 08:44:47,456 - INFO - 📈 已处理002674 兴业科技 
2025-09-07 08:44:48,621 - INFO - 📈 已处理002675 东诚药业 
2025-09-07 08:44:49,754 - INFO - 📈 已处理002676 顺威股份 
2025-09-07 08:44:50,919 - INFO - 📈 已处理002677 浙江美大 
2025-09-07 08:44:52,062 - INFO - 📈 已处理002678 珠江钢琴 
2025-09-07 08:44:53,204 - INFO - 📈 已处理002679 福建金森 
2025-09-07 08:44:54,341 - INFO - 📈 已处理002681 奋达科技 
2025-09-07 08:44:55,488 - INFO - 📈 已处理002682 龙洲股份 
2025-09-07 08:44:56,638 - INFO - 📈 已处理002683 广东宏大 
2025-09-07 08:44:57,789 - INFO - 📈 已处理002685 华东重机 
2025-09-07 08:44:58,954 - INFO - 📈 已处理002686 亿利达 
2025-09-07 08:45:00,106 - INFO - 📈 已处理002687 乔治白 
2025-09-07 08:45:01,270 - INFO - 📈 已处理002688 金河生物 
2025-09-07 08:45:02,439 - INFO - 📈 已处理002689 远大智能 
2025-09-07 08:45:03,612 - INFO - 📈 已处理002690 美亚光电 
2025-09-07 08:45:04,769 - INFO - 📈 已处理002691 冀凯股份 
2025-09-07 08:45:05,936 - INFO - 📈 已处理002692 远程股份 
2025-09-07 08:45:07,122 - INFO - 📈 已处理002693 *ST双成 
2025-09-07 08:45:08,272 - INFO - 📈 已处理002694 顾地科技 
2025-09-07 08:45:09,422 - INFO - 📈 已处理002695 煌上煌 
2025-09-07 08:45:10,555 - INFO - 📈 已处理002696 百洋股份 
2025-09-07 08:45:11,687 - INFO - 📈 已处理002697 红旗连锁 
2025-09-07 08:45:12,833 - INFO - 📈 已处理002698 博实股份 
2025-09-07 08:45:13,997 - INFO - 📈 已处理002700 万憬能源 
2025-09-07 08:45:15,152 - INFO - 📈 已处理002701 奥瑞金 
2025-09-07 08:45:16,324 - INFO - 📈 已处理002702 海欣食品 
2025-09-07 08:45:17,486 - INFO - 📈 已处理002703 浙江世宝 
2025-09-07 08:45:18,622 - INFO - 📈 已处理002705 新宝股份 
2025-09-07 08:45:19,787 - INFO - 📈 已处理002706 良信股份 
2025-09-07 08:45:20,950 - INFO - 📈 已处理002707 众信旅游 
2025-09-07 08:45:22,095 - INFO - 📈 已处理002708 光洋股份 
2025-09-07 08:45:23,257 - INFO - 📈 已处理002709 天赐材料 
2025-09-07 08:45:24,436 - INFO - 📈 已处理002712 思美传媒 
2025-09-07 08:45:25,623 - INFO - 📈 已处理002713 *ST东易 
2025-09-07 08:45:27,599 - INFO - 📈 已处理002714 牧原股份 
2025-09-07 08:45:28,769 - INFO - 📈 已处理002715 登云股份 
2025-09-07 08:45:29,904 - INFO - 📈 已处理002716 湖南白银 
2025-09-07 08:45:31,069 - INFO - 📈 已处理002717 ST岭南 
2025-09-07 08:45:32,246 - INFO - 📈 已处理002718 友邦吊顶 
2025-09-07 08:45:33,396 - INFO - 📈 已处理002719 麦趣尔 
2025-09-07 08:45:34,562 - INFO - 📈 已处理002721 金一文化 
2025-09-07 08:45:35,719 - INFO - 📈 已处理002722 物产金轮 
2025-09-07 08:45:36,870 - INFO - 📈 已处理002723 小崧股份 
2025-09-07 08:45:38,004 - INFO - 📈 已处理002724 海洋王 
2025-09-07 08:45:39,168 - INFO - 📈 已处理002725 跃岭股份 
2025-09-07 08:45:40,328 - INFO - 📈 已处理002726 龙大美食 
2025-09-07 08:45:41,468 - INFO - 📈 已处理002727 一心堂 
2025-09-07 08:45:42,620 - INFO - 📈 已处理002728 特一药业 
2025-09-07 08:45:43,788 - INFO - 📈 已处理002729 好利科技 
2025-09-07 08:45:44,947 - INFO - 📈 已处理002730 电光科技 
2025-09-07 08:45:44,948 - INFO - 📈 已处理 1200/5416 只股票，成功 1199 只
2025-09-07 08:45:46,116 - INFO - 📈 已处理002731 萃华珠宝 
2025-09-07 08:45:47,287 - INFO - 📈 已处理002732 燕塘乳业 
2025-09-07 08:45:48,436 - INFO - 📈 已处理002733 雄韬股份 
2025-09-07 08:45:49,600 - INFO - 📈 已处理002734 利民股份 
2025-09-07 08:45:50,759 - INFO - 📈 已处理002735 王子新材 
2025-09-07 08:45:51,904 - INFO - 📈 已处理002736 国信证券 
2025-09-07 08:45:53,053 - INFO - 📈 已处理002737 葵花药业 
2025-09-07 08:45:54,224 - INFO - 📈 已处理002738 中矿资源 
2025-09-07 08:45:55,384 - INFO - 📈 已处理002739 万达电影 
2025-09-07 08:45:56,539 - INFO - 📈 已处理002741 光华科技 
2025-09-07 08:45:57,709 - INFO - 📈 已处理002742 *ST三圣 
2025-09-07 08:45:58,868 - INFO - 📈 已处理002743 富煌钢构 
2025-09-07 08:46:00,028 - INFO - 📈 已处理002745 木林森 
2025-09-07 08:46:01,185 - INFO - 📈 已处理002746 仙坛股份 
2025-09-07 08:46:02,347 - INFO - 📈 已处理002747 埃斯顿 
2025-09-07 08:46:03,532 - INFO - 📈 已处理002748 世龙实业 
2025-09-07 08:46:04,693 - INFO - 📈 已处理002749 国光股份 
2025-09-07 08:46:05,852 - INFO - 📈 已处理002752 昇兴股份 
2025-09-07 08:46:07,010 - INFO - 📈 已处理002753 永东股份 
2025-09-07 08:46:08,175 - INFO - 📈 已处理002755 奥赛康 
2025-09-07 08:46:09,336 - INFO - 📈 已处理002756 永兴材料 
2025-09-07 08:46:10,494 - INFO - 📈 已处理002757 南兴股份 
2025-09-07 08:46:11,652 - INFO - 📈 已处理002758 浙农股份 
2025-09-07 08:46:12,816 - INFO - 📈 已处理002759 天际股份 
2025-09-07 08:46:13,981 - INFO - 📈 已处理002760 凤形股份 
2025-09-07 08:46:15,137 - INFO - 📈 已处理002761 浙江建投 
2025-09-07 08:46:16,286 - INFO - 📈 已处理002762 *ST金比 
2025-09-07 08:46:17,453 - INFO - 📈 已处理002763 汇洁股份 
2025-09-07 08:46:18,638 - INFO - 📈 已处理002765 蓝黛科技 
2025-09-07 08:46:19,798 - INFO - 📈 已处理002766 索菱股份 
2025-09-07 08:46:20,953 - INFO - 📈 已处理002767 先锋电子 
2025-09-07 08:46:22,109 - INFO - 📈 已处理002768 国恩股份 
2025-09-07 08:46:23,265 - INFO - 📈 已处理002769 普路通 
2025-09-07 08:46:24,427 - INFO - 📈 已处理002771 真视通 
2025-09-07 08:46:25,578 - INFO - 📈 已处理002772 众兴菌业 
2025-09-07 08:46:26,712 - INFO - 📈 已处理002773 康弘药业 
2025-09-07 08:46:27,873 - INFO - 📈 已处理002774 快意电梯 
2025-09-07 08:46:29,029 - INFO - 📈 已处理002775 文科股份 
2025-09-07 08:46:30,188 - INFO - 📈 已处理002777 久远银海 
2025-09-07 08:46:31,368 - INFO - 📈 已处理002778 中晟高科 
2025-09-07 08:46:32,530 - INFO - 📈 已处理002779 中坚科技 
2025-09-07 08:46:33,684 - INFO - 📈 已处理002780 三夫户外 
2025-09-07 08:46:34,833 - INFO - 📈 已处理002782 可立克 
2025-09-07 08:46:36,002 - INFO - 📈 已处理002783 凯龙股份 
2025-09-07 08:46:37,170 - INFO - 📈 已处理002785 万里石 
2025-09-07 08:46:38,347 - INFO - 📈 已处理002786 银宝山新 
2025-09-07 08:46:39,470 - INFO - 📈 已处理002787 华源控股 
2025-09-07 08:46:40,585 - INFO - 📈 已处理002788 鹭燕医药 
2025-09-07 08:46:41,735 - INFO - 📈 已处理002789 *ST建艺 
2025-09-07 08:46:42,868 - INFO - 📈 已处理002790 瑞尔特 
2025-09-07 08:46:42,868 - INFO - 📈 已处理 1250/5416 只股票，成功 1249 只
2025-09-07 08:46:44,024 - INFO - 📈 已处理002791 坚朗五金 
2025-09-07 08:46:45,702 - INFO - 📈 已处理002792 通宇通讯 
2025-09-07 08:46:46,852 - INFO - 📈 已处理002793 罗欣药业 
2025-09-07 08:46:48,006 - INFO - 📈 已处理002795 永和智控 
2025-09-07 08:46:49,150 - INFO - 📈 已处理002796 世嘉科技 
2025-09-07 08:46:50,268 - INFO - 📈 已处理002797 第一创业 
2025-09-07 08:46:51,401 - INFO - 📈 已处理002798 帝欧家居 
2025-09-07 08:46:52,536 - INFO - 📈 已处理002799 环球印务 
2025-09-07 08:46:53,669 - INFO - 📈 已处理002800 天顺股份 
2025-09-07 08:46:54,819 - INFO - 📈 已处理002801 微光股份 
2025-09-07 08:46:55,969 - INFO - 📈 已处理002802 洪汇新材 
2025-09-07 08:46:57,084 - INFO - 📈 已处理002803 吉宏股份 
2025-09-07 08:46:58,236 - INFO - 📈 已处理002805 丰元股份 
2025-09-07 08:46:59,389 - INFO - 📈 已处理002806 华锋股份 
2025-09-07 08:47:00,536 - INFO - 📈 已处理002807 江阴银行 
2025-09-07 08:47:01,669 - INFO - 📈 已处理002808 *ST恒久 
2025-09-07 08:47:02,851 - INFO - 📈 已处理002809 红墙股份 
2025-09-07 08:47:03,984 - INFO - 📈 已处理002810 山东赫达 
2025-09-07 08:47:05,158 - INFO - 📈 已处理002811 郑中设计 
2025-09-07 08:47:06,317 - INFO - 📈 已处理002812 恩捷股份 
2025-09-07 08:47:07,468 - INFO - 📈 已处理002813 路畅科技 
2025-09-07 08:47:08,602 - INFO - 📈 已处理002815 崇达技术 
2025-09-07 08:47:09,736 - INFO - 📈 已处理002816 *ST和科 
2025-09-07 08:47:10,886 - INFO - 📈 已处理002817 黄山胶囊 
2025-09-07 08:47:12,036 - INFO - 📈 已处理002818 富森美 
2025-09-07 08:47:13,184 - INFO - 📈 已处理002819 东方中科 
2025-09-07 08:47:14,303 - INFO - 📈 已处理002820 桂发祥 
2025-09-07 08:47:15,454 - INFO - 📈 已处理002821 凯莱英 
2025-09-07 08:47:16,602 - INFO - 📈 已处理002822 *ST中装 
2025-09-07 08:47:17,752 - INFO - 📈 已处理002823 凯中精密 
2025-09-07 08:47:18,901 - INFO - 📈 已处理002824 和胜股份 
2025-09-07 08:47:20,049 - INFO - 📈 已处理002825 纳尔股份 
2025-09-07 08:47:21,186 - INFO - 📈 已处理002826 易明医药 
2025-09-07 08:47:22,334 - INFO - 📈 已处理002827 高争民爆 
2025-09-07 08:47:23,486 - INFO - 📈 已处理002828 贝肯能源 
2025-09-07 08:47:24,639 - INFO - 📈 已处理002829 星网宇达 
2025-09-07 08:47:25,787 - INFO - 📈 已处理002830 名雕股份 
2025-09-07 08:47:26,918 - INFO - 📈 已处理002831 裕同科技 
2025-09-07 08:47:28,201 - INFO - 📈 已处理002832 比音勒芬 
2025-09-07 08:47:29,353 - INFO - 📈 已处理002833 弘亚数控 
2025-09-07 08:47:30,507 - INFO - 📈 已处理002835 同为股份 
2025-09-07 08:47:31,657 - INFO - 📈 已处理002836 新宏泽 
2025-09-07 08:47:32,797 - INFO - 📈 已处理002837 英维克 
2025-09-07 08:47:33,945 - INFO - 📈 已处理002838 道恩股份 
2025-09-07 08:47:35,101 - INFO - 📈 已处理002839 张家港行 
2025-09-07 08:47:36,235 - INFO - 📈 已处理002840 华统股份 
2025-09-07 08:47:37,366 - INFO - 📈 已处理002841 视源股份 
2025-09-07 08:47:38,508 - INFO - 📈 已处理002842 翔鹭钨业 
2025-09-07 08:47:39,647 - INFO - 📈 已处理002843 泰嘉股份 
2025-09-07 08:47:40,808 - INFO - 📈 已处理002845 同兴达 
2025-09-07 08:47:40,809 - INFO - 📈 已处理 1300/5416 只股票，成功 1299 只
2025-09-07 08:47:41,963 - INFO - 📈 已处理002846 英联股份 
2025-09-07 08:47:43,119 - INFO - 📈 已处理002847 盐津铺子 
2025-09-07 08:47:44,259 - INFO - 📈 已处理002848 *ST高斯 
2025-09-07 08:47:45,416 - INFO - 📈 已处理002849 威星智能 
2025-09-07 08:47:47,066 - INFO - 📈 已处理002850 科达利 
2025-09-07 08:47:48,201 - INFO - 📈 已处理002851 麦格米特 
2025-09-07 08:47:49,345 - INFO - 📈 已处理002852 道道全 
2025-09-07 08:47:50,477 - INFO - 📈 已处理002853 皮阿诺 
2025-09-07 08:47:51,630 - INFO - 📈 已处理002855 捷荣技术 
2025-09-07 08:47:52,781 - INFO - 📈 已处理002856 美芝股份 
2025-09-07 08:47:53,916 - INFO - 📈 已处理002857 三晖电气 
2025-09-07 08:47:55,036 - INFO - 📈 已处理002858 力盛体育 
2025-09-07 08:47:56,198 - INFO - 📈 已处理002859 洁美科技 
2025-09-07 08:47:57,351 - INFO - 📈 已处理002860 星帅尔 
2025-09-07 08:47:58,501 - INFO - 📈 已处理002861 瀛通通讯 
2025-09-07 08:47:59,667 - INFO - 📈 已处理002862 实丰文化 
2025-09-07 08:48:00,800 - INFO - 📈 已处理002863 今飞凯达 
2025-09-07 08:48:01,933 - INFO - 📈 已处理002864 盘龙药业 
2025-09-07 08:48:03,069 - INFO - 📈 已处理002865 钧达股份 
2025-09-07 08:48:04,217 - INFO - 📈 已处理002866 传艺科技 
2025-09-07 08:48:05,350 - INFO - 📈 已处理002867 周大生 
2025-09-07 08:48:06,518 - INFO - 📈 已处理002868 *ST绿康 
2025-09-07 08:48:07,680 - INFO - 📈 已处理002869 金溢科技 
2025-09-07 08:48:08,818 - INFO - 📈 已处理002870 香山股份 
2025-09-07 08:48:09,966 - INFO - 📈 已处理002871 伟隆股份 
2025-09-07 08:48:11,116 - INFO - 📈 已处理002872 ST天圣 
2025-09-07 08:48:12,272 - INFO - 📈 已处理002873 新天药业 
2025-09-07 08:48:13,402 - INFO - 📈 已处理002875 安奈儿 
2025-09-07 08:48:14,546 - INFO - 📈 已处理002876 三利谱 
2025-09-07 08:48:15,699 - INFO - 📈 已处理002877 智能自控 
2025-09-07 08:48:16,827 - INFO - 📈 已处理002878 元隆雅图 
2025-09-07 08:48:17,967 - INFO - 📈 已处理002879 长缆科技 
2025-09-07 08:48:19,099 - INFO - 📈 已处理002880 卫光生物 
2025-09-07 08:48:20,219 - INFO - 📈 已处理002881 美格智能 
2025-09-07 08:48:21,351 - INFO - 📈 已处理002882 金龙羽 
2025-09-07 08:48:22,497 - INFO - 📈 已处理002883 中设股份 
2025-09-07 08:48:23,633 - INFO - 📈 已处理002884 凌霄泵业 
2025-09-07 08:48:24,785 - INFO - 📈 已处理002885 京泉华 
2025-09-07 08:48:25,934 - INFO - 📈 已处理002886 沃特股份 
2025-09-07 08:48:27,067 - INFO - 📈 已处理002887 绿茵生态 
2025-09-07 08:48:28,226 - INFO - 📈 已处理002888 惠威科技 
2025-09-07 08:48:29,367 - INFO - 📈 已处理002889 东方嘉盛 
2025-09-07 08:48:30,502 - INFO - 📈 已处理002890 弘宇股份 
2025-09-07 08:48:31,640 - INFO - 📈 已处理002891 中宠股份 
2025-09-07 08:48:32,797 - INFO - 📈 已处理002892 科力尔 
2025-09-07 08:48:33,915 - INFO - 📈 已处理002893 京能热力 
2025-09-07 08:48:35,065 - INFO - 📈 已处理002895 川恒股份 
2025-09-07 08:48:36,215 - INFO - 📈 已处理002896 中大力德 
2025-09-07 08:48:37,332 - INFO - 📈 已处理002897 意华股份 
2025-09-07 08:48:38,469 - INFO - 📈 已处理002898 *ST赛隆 
2025-09-07 08:48:38,469 - INFO - 📈 已处理 1350/5416 只股票，成功 1349 只
2025-09-07 08:48:39,600 - INFO - 📈 已处理002899 英派斯 
2025-09-07 08:48:40,732 - INFO - 📈 已处理002900 哈三联 
2025-09-07 08:48:41,893 - INFO - 📈 已处理002901 大博医疗 
2025-09-07 08:48:43,032 - INFO - 📈 已处理002902 铭普光磁 
2025-09-07 08:48:44,183 - INFO - 📈 已处理002903 宇环数控 
2025-09-07 08:48:45,356 - INFO - 📈 已处理002905 金逸影视 
2025-09-07 08:48:46,500 - INFO - 📈 已处理002906 华阳集团 
2025-09-07 08:48:47,649 - INFO - 📈 已处理002907 华森制药 
2025-09-07 08:48:48,801 - INFO - 📈 已处理002908 德生科技 
2025-09-07 08:48:49,949 - INFO - 📈 已处理002909 集泰股份 
2025-09-07 08:48:51,066 - INFO - 📈 已处理002910 庄园牧场 
2025-09-07 08:48:52,219 - INFO - 📈 已处理002911 佛燃能源 
2025-09-07 08:48:53,366 - INFO - 📈 已处理002912 中新赛克 
2025-09-07 08:48:54,515 - INFO - 📈 已处理002913 奥士康 
2025-09-07 08:48:55,665 - INFO - 📈 已处理002915 中欣氟材 
2025-09-07 08:48:56,796 - INFO - 📈 已处理002916 深南电路 
2025-09-07 08:48:57,928 - INFO - 📈 已处理002917 金奥博 
2025-09-07 08:48:59,085 - INFO - 📈 已处理002918 蒙娜丽莎 
2025-09-07 08:49:00,227 - INFO - 📈 已处理002919 名臣健康 
2025-09-07 08:49:01,383 - INFO - 📈 已处理002920 德赛西威 
2025-09-07 08:49:02,539 - INFO - 📈 已处理002921 联诚精密 
2025-09-07 08:49:03,696 - INFO - 📈 已处理002922 伊戈尔 
2025-09-07 08:49:04,848 - INFO - 📈 已处理002923 润都股份 
2025-09-07 08:49:05,988 - INFO - 📈 已处理002925 盈趣科技 
2025-09-07 08:49:07,145 - INFO - 📈 已处理002926 华西证券 
2025-09-07 08:49:08,298 - INFO - 📈 已处理002927 泰永长征 
2025-09-07 08:49:09,483 - INFO - 📈 已处理002928 华夏航空 
2025-09-07 08:49:10,649 - INFO - 📈 已处理002929 润建股份 
2025-09-07 08:49:11,812 - INFO - 📈 已处理002930 宏川智慧 
2025-09-07 08:49:12,963 - INFO - 📈 已处理002931 锋龙股份 
2025-09-07 08:49:14,106 - INFO - 📈 已处理002932 明德生物 
2025-09-07 08:49:15,259 - INFO - 📈 已处理002933 新兴装备 
2025-09-07 08:49:16,420 - INFO - 📈 已处理002935 天奥电子 
2025-09-07 08:49:17,565 - INFO - 📈 已处理002936 郑州银行 
2025-09-07 08:49:18,728 - INFO - 📈 已处理002937 兴瑞科技 
2025-09-07 08:49:19,899 - INFO - 📈 已处理002938 鹏鼎控股 
2025-09-07 08:49:21,062 - INFO - 📈 已处理002939 长城证券 
2025-09-07 08:49:22,211 - INFO - 📈 已处理002940 昂利康 
2025-09-07 08:49:23,366 - INFO - 📈 已处理002941 新疆交建 
2025-09-07 08:49:24,525 - INFO - 📈 已处理002942 新农股份 
2025-09-07 08:49:25,673 - INFO - 📈 已处理002943 宇晶股份 
2025-09-07 08:49:26,830 - INFO - 📈 已处理002945 华林证券 
2025-09-07 08:49:27,975 - INFO - 📈 已处理002946 新乳业 
2025-09-07 08:49:29,123 - INFO - 📈 已处理002947 恒铭达 
2025-09-07 08:49:30,259 - INFO - 📈 已处理002948 青岛银行 
2025-09-07 08:49:31,398 - INFO - 📈 已处理002949 华阳国际 
2025-09-07 08:49:32,531 - INFO - 📈 已处理002950 奥美医疗 
2025-09-07 08:49:33,679 - INFO - 📈 已处理002951 金时科技 
2025-09-07 08:49:34,846 - INFO - 📈 已处理002952 亚世光电 
2025-09-07 08:49:35,982 - INFO - 📈 已处理002953 日丰股份 
2025-09-07 08:49:35,982 - INFO - 📈 已处理 1400/5416 只股票，成功 1399 只
2025-09-07 08:49:37,116 - INFO - 📈 已处理002955 鸿合科技 
2025-09-07 08:49:38,283 - INFO - 📈 已处理002956 西麦食品 
2025-09-07 08:49:39,437 - INFO - 📈 已处理002957 科瑞技术 
2025-09-07 08:49:40,600 - INFO - 📈 已处理002958 青农商行 
2025-09-07 08:49:41,754 - INFO - 📈 已处理002959 小熊电器 
2025-09-07 08:49:42,909 - INFO - 📈 已处理002960 青鸟消防 
2025-09-07 08:49:44,074 - INFO - 📈 已处理002961 瑞达期货 
2025-09-07 08:49:45,215 - INFO - 📈 已处理002962 五方光电 
2025-09-07 08:49:46,374 - INFO - 📈 已处理002963 豪尔赛 
2025-09-07 08:49:47,524 - INFO - 📈 已处理002965 祥鑫科技 
2025-09-07 08:49:48,714 - INFO - 📈 已处理002966 苏州银行 
2025-09-07 08:49:49,883 - INFO - 📈 已处理002967 广电计量 
2025-09-07 08:49:51,036 - INFO - 📈 已处理002968 新大正 
2025-09-07 08:49:52,176 - INFO - 📈 已处理002969 嘉美包装 
2025-09-07 08:49:53,332 - INFO - 📈 已处理002970 锐明技术 
2025-09-07 08:49:54,504 - INFO - 📈 已处理002971 和远气体 
2025-09-07 08:49:55,652 - INFO - 📈 已处理002972 科安达 
2025-09-07 08:49:56,836 - INFO - 📈 已处理002973 侨银股份 
2025-09-07 08:49:58,006 - INFO - 📈 已处理002975 博杰股份 
2025-09-07 08:49:59,164 - INFO - 📈 已处理002976 瑞玛精密 
2025-09-07 08:50:00,307 - INFO - 📈 已处理002977 天箭科技 
2025-09-07 08:50:01,482 - INFO - 📈 已处理002978 安宁股份 
2025-09-07 08:50:02,621 - INFO - 📈 已处理002979 雷赛智能 
2025-09-07 08:50:03,799 - INFO - 📈 已处理002980 华盛昌 
2025-09-07 08:50:04,955 - INFO - 📈 已处理002981 朝阳科技 
2025-09-07 08:50:06,115 - INFO - 📈 已处理002982 湘佳股份 
2025-09-07 08:50:07,284 - INFO - 📈 已处理002983 芯瑞达 
2025-09-07 08:50:08,438 - INFO - 📈 已处理002984 森麒麟 
2025-09-07 08:50:09,587 - INFO - 📈 已处理002985 北摩高科 
2025-09-07 08:50:10,725 - INFO - 📈 已处理002986 宇新股份 
2025-09-07 08:50:11,870 - INFO - 📈 已处理002987 京北方 
2025-09-07 08:50:13,022 - INFO - 📈 已处理002988 豪美新材 
2025-09-07 08:50:14,199 - INFO - 📈 已处理002989 中天精装 
2025-09-07 08:50:15,354 - INFO - 📈 已处理002990 盛视科技 
2025-09-07 08:50:16,510 - INFO - 📈 已处理002991 甘源食品 
2025-09-07 08:50:17,679 - INFO - 📈 已处理002992 宝明科技 
2025-09-07 08:50:18,847 - INFO - 📈 已处理002993 奥海科技 
2025-09-07 08:50:19,988 - INFO - 📈 已处理002995 天地在线 
2025-09-07 08:50:21,129 - INFO - 📈 已处理002996 顺博合金 
2025-09-07 08:50:22,269 - INFO - 📈 已处理002997 瑞鹄模具 
2025-09-07 08:50:23,408 - INFO - 📈 已处理002998 优彩资源 
2025-09-07 08:50:24,553 - INFO - 📈 已处理002999 天禾股份 
2025-09-07 08:50:25,696 - INFO - 📈 已处理003000 劲仔食品 
2025-09-07 08:50:26,863 - INFO - 📈 已处理003001 中岩大地 
2025-09-07 08:50:28,009 - INFO - 📈 已处理003002 壶化股份 
2025-09-07 08:50:29,163 - INFO - 📈 已处理003003 天元股份 
2025-09-07 08:50:30,294 - INFO - 📈 已处理003004 *ST声迅 
2025-09-07 08:50:31,456 - INFO - 📈 已处理003005 竞业达 
2025-09-07 08:50:32,604 - INFO - 📈 已处理003006 百亚股份 
2025-09-07 08:50:33,754 - INFO - 📈 已处理003007 直真科技 
2025-09-07 08:50:33,754 - INFO - 📈 已处理 1450/5416 只股票，成功 1449 只
2025-09-07 08:50:34,914 - INFO - 📈 已处理003008 开普检测 
2025-09-07 08:50:36,050 - INFO - 📈 已处理003009 中天火箭 
2025-09-07 08:50:37,195 - INFO - 📈 已处理003010 若羽臣 
2025-09-07 08:50:38,334 - INFO - 📈 已处理003011 海象新材 
2025-09-07 08:50:39,473 - INFO - 📈 已处理003012 东鹏控股 
2025-09-07 08:50:40,615 - INFO - 📈 已处理003013 地铁设计 
2025-09-07 08:50:41,763 - INFO - 📈 已处理003015 日久光电 
2025-09-07 08:50:42,897 - INFO - 📈 已处理003016 欣贺股份 
2025-09-07 08:50:44,041 - INFO - 📈 已处理003017 大洋生物 
2025-09-07 08:50:45,196 - INFO - 📈 已处理003018 金富科技 
2025-09-07 08:50:46,354 - INFO - 📈 已处理003019 宸展光电 
2025-09-07 08:50:47,497 - INFO - 📈 已处理003020 立方制药 
2025-09-07 08:50:48,658 - INFO - 📈 已处理003021 兆威机电 
2025-09-07 08:50:49,805 - INFO - 📈 已处理003022 联泓新科 
2025-09-07 08:50:50,957 - INFO - 📈 已处理003023 彩虹集团 
2025-09-07 08:50:52,114 - INFO - 📈 已处理003025 思进智能 
2025-09-07 08:50:53,283 - INFO - 📈 已处理003026 中晶科技 
2025-09-07 08:50:54,437 - INFO - 📈 已处理003027 同兴科技 
2025-09-07 08:50:55,592 - INFO - 📈 已处理003028 振邦智能 
2025-09-07 08:50:56,744 - INFO - 📈 已处理003029 吉大正元 
2025-09-07 08:50:57,896 - INFO - 📈 已处理003030 祖名股份 
2025-09-07 08:50:59,049 - INFO - 📈 已处理003031 中瓷电子 
2025-09-07 08:51:00,199 - INFO - 📈 已处理003032 *ST传智 
2025-09-07 08:51:01,362 - INFO - 📈 已处理003033 征和工业 
2025-09-07 08:51:02,494 - INFO - 📈 已处理003035 南网能源 
2025-09-07 08:51:03,646 - INFO - 📈 已处理003036 泰坦股份 
2025-09-07 08:51:04,811 - INFO - 📈 已处理003037 三和管桩 
2025-09-07 08:51:05,960 - INFO - 📈 已处理003038 鑫铂股份 
2025-09-07 08:51:07,119 - INFO - 📈 已处理003039 顺控发展 
2025-09-07 08:51:08,267 - INFO - 📈 已处理003040 楚天龙 
2025-09-07 08:51:09,408 - INFO - 📈 已处理003041 真爱美家 
2025-09-07 08:51:10,548 - INFO - 📈 已处理003042 中农联合 
2025-09-07 08:51:11,690 - INFO - 📈 已处理003043 华亚智能 
2025-09-07 08:51:12,831 - INFO - 📈 已处理003816 中国广核 
2025-09-07 08:51:13,994 - INFO - 📈 已处理300001 特锐德 
2025-09-07 08:51:15,135 - INFO - 📈 已处理300002 神州泰岳 
2025-09-07 08:51:16,312 - INFO - 📈 已处理300003 乐普医疗 
2025-09-07 08:51:17,472 - INFO - 📈 已处理300004 南风股份 
2025-09-07 08:51:18,585 - INFO - 📈 已处理300005 探路者 
2025-09-07 08:51:19,750 - INFO - 📈 已处理300006 莱美药业 
2025-09-07 08:51:20,914 - INFO - 📈 已处理300007 汉威科技 
2025-09-07 08:51:22,057 - INFO - 📈 已处理300008 天海防务 
2025-09-07 08:51:23,190 - INFO - 📈 已处理300009 安科生物 
2025-09-07 08:51:24,331 - INFO - 📈 已处理300010 豆神教育 
2025-09-07 08:51:25,502 - INFO - 📈 已处理300011 鼎汉技术 
2025-09-07 08:51:26,680 - INFO - 📈 已处理300012 华测检测 
2025-09-07 08:51:27,824 - INFO - 📈 已处理300013 新宁物流 
2025-09-07 08:51:28,983 - INFO - 📈 已处理300014 亿纬锂能 
2025-09-07 08:51:30,135 - INFO - 📈 已处理300015 爱尔眼科 
2025-09-07 08:51:31,283 - INFO - 📈 已处理300016 北陆药业 
2025-09-07 08:51:31,283 - INFO - 📈 已处理 1500/5416 只股票，成功 1499 只
2025-09-07 08:51:32,433 - INFO - 📈 已处理300017 网宿科技 
2025-09-07 08:51:33,591 - INFO - 📈 已处理300018 中元股份 
2025-09-07 08:51:34,730 - INFO - 📈 已处理300019 硅宝科技 
2025-09-07 08:51:35,865 - INFO - 📈 已处理300020 ST银江 
2025-09-07 08:51:37,026 - INFO - 📈 已处理300021 大禹节水 
2025-09-07 08:51:38,146 - INFO - 📈 已处理300022 吉峰科技 
2025-09-07 08:51:39,296 - INFO - 📈 已处理300024 机器人 
2025-09-07 08:51:40,435 - INFO - 📈 已处理300025 华星创业 
2025-09-07 08:51:41,578 - INFO - 📈 已处理300026 红日药业 
2025-09-07 08:51:42,714 - INFO - 📈 已处理300027 华谊兄弟 
2025-09-07 08:51:43,856 - INFO - 📈 已处理300029 *ST天龙 
2025-09-07 08:51:45,002 - INFO - 📈 已处理300030 阳普医疗 
2025-09-07 08:51:46,147 - INFO - 📈 已处理300031 宝通科技 
2025-09-07 08:51:47,308 - INFO - 📈 已处理300032 金龙机电 
2025-09-07 08:51:48,451 - INFO - 📈 已处理300033 同花顺 
2025-09-07 08:51:49,612 - INFO - 📈 已处理300034 钢研高纳 
2025-09-07 08:51:50,770 - INFO - 📈 已处理300035 中科电气 
2025-09-07 08:51:51,905 - INFO - 📈 已处理300036 超图软件 
2025-09-07 08:51:53,070 - INFO - 📈 已处理300037 新宙邦 
2025-09-07 08:51:54,221 - INFO - 📈 已处理300039 上海凯宝 
2025-09-07 08:51:55,364 - INFO - 📈 已处理300040 九洲集团 
2025-09-07 08:51:56,513 - INFO - 📈 已处理300041 回天新材 
2025-09-07 08:51:57,655 - INFO - 📈 已处理300042 朗科科技 
2025-09-07 08:51:58,794 - INFO - 📈 已处理300043 星辉娱乐 
2025-09-07 08:51:59,959 - INFO - 📈 已处理300044 ST赛为 
2025-09-07 08:52:01,096 - INFO - 📈 已处理300045 华力创通 
2025-09-07 08:52:02,255 - INFO - 📈 已处理300046 台基股份 
2025-09-07 08:52:03,406 - INFO - 📈 已处理300047 天源迪科 
2025-09-07 08:52:04,544 - INFO - 📈 已处理300048 合康新能 
2025-09-07 08:52:05,678 - INFO - 📈 已处理300049 福瑞股份 
2025-09-07 08:52:06,837 - INFO - 📈 已处理300050 世纪鼎利 
2025-09-07 08:52:07,978 - INFO - 📈 已处理300051 琏升科技 
2025-09-07 08:52:09,150 - INFO - 📈 已处理300052 ST中青宝 
2025-09-07 08:52:10,326 - INFO - 📈 已处理300053 航宇微 
2025-09-07 08:52:11,477 - INFO - 📈 已处理300054 鼎龙股份 
2025-09-07 08:52:12,644 - INFO - 📈 已处理300055 万邦达 
2025-09-07 08:52:13,792 - INFO - 📈 已处理300056 中创环保 
2025-09-07 08:52:14,928 - INFO - 📈 已处理300057 万顺新材 
2025-09-07 08:52:16,077 - INFO - 📈 已处理300058 蓝色光标 
2025-09-07 08:52:17,233 - INFO - 📈 已处理300059 东方财富 
2025-09-07 08:52:18,381 - INFO - 📈 已处理300061 旗天科技 
2025-09-07 08:52:19,529 - INFO - 📈 已处理300062 中能电气 
2025-09-07 08:52:20,681 - INFO - 📈 已处理300063 天龙集团 
2025-09-07 08:52:21,810 - INFO - 📈 已处理300065 海兰信 
2025-09-07 08:52:22,941 - INFO - 📈 已处理300066 三川智慧 
2025-09-07 08:52:24,100 - INFO - 📈 已处理300067 安诺其 
2025-09-07 08:52:25,244 - INFO - 📈 已处理300068 南都电源 
2025-09-07 08:52:26,394 - INFO - 📈 已处理300069 金利华电 
2025-09-07 08:52:27,572 - INFO - 📈 已处理300070 碧水源 
2025-09-07 08:52:28,708 - INFO - 📈 已处理300071 福石控股 
2025-09-07 08:52:28,709 - INFO - 📈 已处理 1550/5416 只股票，成功 1549 只
2025-09-07 08:52:29,846 - INFO - 📈 已处理300072 海新能科 
2025-09-07 08:52:30,979 - INFO - 📈 已处理300073 当升科技 
2025-09-07 08:52:32,135 - INFO - 📈 已处理300074 华平股份 
2025-09-07 08:52:33,278 - INFO - 📈 已处理300075 数字政通 
2025-09-07 08:52:34,448 - INFO - 📈 已处理300076 GQY视讯 
2025-09-07 08:52:35,610 - INFO - 📈 已处理300077 国民技术 
2025-09-07 08:52:36,758 - INFO - 📈 已处理300078 思创医惠 
2025-09-07 08:52:37,924 - INFO - 📈 已处理300079 数码视讯 
2025-09-07 08:52:39,073 - INFO - 📈 已处理300080 易成新能 
2025-09-07 08:52:40,212 - INFO - 📈 已处理300081 恒信东方 
2025-09-07 08:52:41,344 - INFO - 📈 已处理300082 奥克股份 
2025-09-07 08:52:42,505 - INFO - 📈 已处理300083 创世纪 
2025-09-07 08:52:43,656 - INFO - 📈 已处理300084 海默科技 
2025-09-07 08:52:44,788 - INFO - 📈 已处理300085 银之杰 
2025-09-07 08:52:45,944 - INFO - 📈 已处理300086 康芝药业 
2025-09-07 08:52:47,079 - INFO - 📈 已处理300087 荃银高科 
2025-09-07 08:52:48,231 - INFO - 📈 已处理300088 长信科技 
2025-09-07 08:52:49,388 - INFO - 📈 已处理300091 金通灵 
2025-09-07 08:52:50,543 - INFO - 📈 已处理300092 科新机电 
2025-09-07 08:52:51,710 - INFO - 📈 已处理300093 *ST金刚 
2025-09-07 08:52:52,868 - INFO - 📈 已处理300094 国联水产 
2025-09-07 08:52:54,016 - INFO - 📈 已处理300095 华伍股份 
2025-09-07 08:52:55,152 - INFO - 📈 已处理300096 ST易联众 
2025-09-07 08:52:56,290 - INFO - 📈 已处理300097 ST智云 
2025-09-07 08:52:57,442 - INFO - 📈 已处理300098 高新兴 
2025-09-07 08:52:58,572 - INFO - 📈 已处理300099 尤洛卡 
2025-09-07 08:52:59,709 - INFO - 📈 已处理300100 双林股份 
2025-09-07 08:53:00,855 - INFO - 📈 已处理300101 振芯科技 
2025-09-07 08:53:02,005 - INFO - 📈 已处理300102 乾照光电 
2025-09-07 08:53:03,141 - INFO - 📈 已处理300103 达刚控股 
2025-09-07 08:53:04,292 - INFO - 📈 已处理300105 龙源技术 
2025-09-07 08:53:05,461 - INFO - 📈 已处理300106 西部牧业 
2025-09-07 08:53:06,602 - INFO - 📈 已处理300107 建新股份 
2025-09-07 08:53:07,745 - INFO - 📈 已处理300109 新开源 
2025-09-07 08:53:08,908 - INFO - 📈 已处理300110 华仁药业 
2025-09-07 08:53:10,057 - INFO - 📈 已处理300111 向日葵 
2025-09-07 08:53:11,194 - INFO - 📈 已处理300112 万讯自控 
2025-09-07 08:53:12,354 - INFO - 📈 已处理300113 顺网科技 
2025-09-07 08:53:13,504 - INFO - 📈 已处理300115 长盈精密 
2025-09-07 08:53:14,660 - INFO - 📈 已处理300118 东方日升 
2025-09-07 08:53:15,827 - INFO - 📈 已处理300119 瑞普生物 
2025-09-07 08:53:16,974 - INFO - 📈 已处理300120 经纬辉开 
2025-09-07 08:53:18,120 - INFO - 📈 已处理300121 阳谷华泰 
2025-09-07 08:53:19,262 - INFO - 📈 已处理300122 智飞生物 
2025-09-07 08:53:20,427 - INFO - 📈 已处理300123 亚光科技 
2025-09-07 08:53:21,584 - INFO - 📈 已处理300124 汇川技术 
2025-09-07 08:53:22,751 - INFO - 📈 已处理300125 *ST聆达 
2025-09-07 08:53:23,906 - INFO - 📈 已处理300126 锐奇股份 
2025-09-07 08:53:25,053 - INFO - 📈 已处理300127 银河磁体 
2025-09-07 08:53:26,191 - INFO - 📈 已处理300128 锦富技术 
2025-09-07 08:53:26,191 - INFO - 📈 已处理 1600/5416 只股票，成功 1599 只
2025-09-07 08:53:27,350 - INFO - 📈 已处理300129 泰胜风能 
2025-09-07 08:53:28,502 - INFO - 📈 已处理300130 新国都 
2025-09-07 08:53:29,645 - INFO - 📈 已处理300131 英唐智控 
2025-09-07 08:53:30,805 - INFO - 📈 已处理300132 青松股份 
2025-09-07 08:53:31,970 - INFO - 📈 已处理300133 华策影视 
2025-09-07 08:53:33,125 - INFO - 📈 已处理300134 大富科技 
2025-09-07 08:53:34,273 - INFO - 📈 已处理300135 宝利国际 
2025-09-07 08:53:35,439 - INFO - 📈 已处理300136 信维通信 
2025-09-07 08:53:36,577 - INFO - 📈 已处理300137 ST先河 
2025-09-07 08:53:37,753 - INFO - 📈 已处理300138 晨光生物 
2025-09-07 08:53:38,913 - INFO - 📈 已处理300139 晓程科技 
2025-09-07 08:53:40,056 - INFO - 📈 已处理300140 节能环境 
2025-09-07 08:53:41,189 - INFO - 📈 已处理300141 和顺电气 
2025-09-07 08:53:42,359 - INFO - 📈 已处理300142 沃森生物 
2025-09-07 08:53:43,507 - INFO - 📈 已处理300143 盈康生命 
2025-09-07 08:53:44,675 - INFO - 📈 已处理300144 宋城演艺 
2025-09-07 08:53:45,840 - INFO - 📈 已处理300145 南方泵业 
2025-09-07 08:53:46,992 - INFO - 📈 已处理300146 汤臣倍健 
2025-09-07 08:53:48,145 - INFO - 📈 已处理300147 ST香雪 
2025-09-07 08:53:49,307 - INFO - 📈 已处理300148 天舟文化 
2025-09-07 08:53:50,510 - INFO - 📈 已处理300149 睿智医药 
2025-09-07 08:53:51,637 - INFO - 📈 已处理300150 世纪瑞尔 
2025-09-07 08:53:52,796 - INFO - 📈 已处理300151 昌红科技 
2025-09-07 08:53:53,939 - INFO - 📈 已处理300152 ST新动力 
2025-09-07 08:53:55,092 - INFO - 📈 已处理300153 科泰电源 
2025-09-07 08:53:56,253 - INFO - 📈 已处理300154 瑞凌股份 
2025-09-07 08:53:57,407 - INFO - 📈 已处理300155 安居宝 
2025-09-07 08:53:58,551 - INFO - 📈 已处理300157 新锦动力 
2025-09-07 08:53:59,709 - INFO - 📈 已处理300158 振东制药 
2025-09-07 08:54:00,858 - INFO - 📈 已处理300159 *ST新研 
2025-09-07 08:54:01,999 - INFO - 📈 已处理300160 秀强股份 
2025-09-07 08:54:03,159 - INFO - 📈 已处理300161 华中数控 
2025-09-07 08:54:04,297 - INFO - 📈 已处理300162 雷曼光电 
2025-09-07 08:54:05,427 - INFO - 📈 已处理300163 先锋新材 
2025-09-07 08:54:06,575 - INFO - 📈 已处理300164 通源石油 
2025-09-07 08:54:07,749 - INFO - 📈 已处理300165 ST天瑞 
2025-09-07 08:54:08,891 - INFO - 📈 已处理300166 东方国信 
2025-09-07 08:54:10,046 - INFO - 📈 已处理300167 ST迪威迅 
2025-09-07 08:54:11,190 - INFO - 📈 已处理300168 万达信息 
2025-09-07 08:54:12,348 - INFO - 📈 已处理300169 天晟新材 
2025-09-07 08:54:13,501 - INFO - 📈 已处理300170 汉得信息 
2025-09-07 08:54:14,660 - INFO - 📈 已处理300171 东富龙 
2025-09-07 08:54:15,825 - INFO - 📈 已处理300172 中电环保 
2025-09-07 08:54:17,008 - INFO - 📈 已处理300173 福能东方 
2025-09-07 08:54:18,152 - INFO - 📈 已处理300174 元力股份 
2025-09-07 08:54:19,292 - INFO - 📈 已处理300175 ST朗源 
2025-09-07 08:54:20,431 - INFO - 📈 已处理300176 鸿特科技 
2025-09-07 08:54:21,578 - INFO - 📈 已处理300177 中海达 
2025-09-07 08:54:22,737 - INFO - 📈 已处理300179 四方达 
2025-09-07 08:54:23,876 - INFO - 📈 已处理300180 华峰超纤 
2025-09-07 08:54:23,876 - INFO - 📈 已处理 1650/5416 只股票，成功 1649 只
2025-09-07 08:54:25,031 - INFO - 📈 已处理300181 佐力药业 
2025-09-07 08:54:26,181 - INFO - 📈 已处理300182 捷成股份 
2025-09-07 08:54:27,323 - INFO - 📈 已处理300183 东软载波 
2025-09-07 08:54:28,488 - INFO - 📈 已处理300184 力源信息 
2025-09-07 08:54:29,635 - INFO - 📈 已处理300185 通裕重工 
2025-09-07 08:54:30,776 - INFO - 📈 已处理300187 永清环保 
2025-09-07 08:54:31,923 - INFO - 📈 已处理300188 国投智能 
2025-09-07 08:54:33,064 - INFO - 📈 已处理300189 神农种业 
2025-09-07 08:54:34,214 - INFO - 📈 已处理300190 维尔利 
2025-09-07 08:54:35,374 - INFO - 📈 已处理300191 潜能恒信 
2025-09-07 08:54:36,492 - INFO - 📈 已处理300192 科德教育 
2025-09-07 08:54:37,654 - INFO - 📈 已处理300193 佳士科技 
2025-09-07 08:54:38,789 - INFO - 📈 已处理300194 福安药业 
2025-09-07 08:54:39,930 - INFO - 📈 已处理300195 长荣股份 
2025-09-07 08:54:41,066 - INFO - 📈 已处理300196 长海股份 
2025-09-07 08:54:42,214 - INFO - 📈 已处理300197 节能铁汉 
2025-09-07 08:54:43,362 - INFO - 📈 已处理300198 ST纳川 
2025-09-07 08:54:44,507 - INFO - 📈 已处理300199 翰宇药业 
2025-09-07 08:54:45,640 - INFO - 📈 已处理300200 高盟新材 
2025-09-07 08:54:46,784 - INFO - 📈 已处理300201 海伦哲 
2025-09-07 08:54:47,942 - INFO - 📈 已处理300203 聚光科技 
2025-09-07 08:54:49,107 - INFO - 📈 已处理300204 舒泰神 
2025-09-07 08:54:50,229 - INFO - 📈 已处理300205 *ST天喻 
2025-09-07 08:54:51,371 - INFO - 📈 已处理300206 理邦仪器 
2025-09-07 08:54:52,492 - INFO - 📈 已处理300207 欣旺达 
2025-09-07 08:54:53,642 - INFO - 📈 已处理300209 有棵树 
2025-09-07 08:54:54,784 - INFO - 📈 已处理300210 森远股份 
2025-09-07 08:54:55,942 - INFO - 📈 已处理300211 *ST亿通 
2025-09-07 08:54:57,093 - INFO - 📈 已处理300212 易华录 
2025-09-07 08:54:58,257 - INFO - 📈 已处理300213 佳讯飞鸿 
2025-09-07 08:54:59,409 - INFO - 📈 已处理300214 日科化学 
2025-09-07 08:55:00,573 - INFO - 📈 已处理300215 电科院 
2025-09-07 08:55:01,724 - INFO - 📈 已处理300217 东方电热 
2025-09-07 08:55:02,888 - INFO - 📈 已处理300218 安利股份 
2025-09-07 08:55:04,024 - INFO - 📈 已处理300219 鸿利智汇 
2025-09-07 08:55:05,167 - INFO - 📈 已处理300220 金运激光 
2025-09-07 08:55:06,304 - INFO - 📈 已处理300221 银禧科技 
2025-09-07 08:55:07,479 - INFO - 📈 已处理300222 科大智能 
2025-09-07 08:55:08,623 - INFO - 📈 已处理300223 北京君正 
2025-09-07 08:55:09,760 - INFO - 📈 已处理300224 正海磁材 
2025-09-07 08:55:10,905 - INFO - 📈 已处理300225 *ST金泰 
2025-09-07 08:55:12,058 - INFO - 📈 已处理300226 上海钢联 
2025-09-07 08:55:13,222 - INFO - 📈 已处理300227 光韵达 
2025-09-07 08:55:14,353 - INFO - 📈 已处理300228 富瑞特装 
2025-09-07 08:55:15,500 - INFO - 📈 已处理300229 拓尔思 
2025-09-07 08:55:16,639 - INFO - 📈 已处理300230 永利股份 
2025-09-07 08:55:17,773 - INFO - 📈 已处理300231 银信科技 
2025-09-07 08:55:18,907 - INFO - 📈 已处理300232 洲明科技 
2025-09-07 08:55:20,071 - INFO - 📈 已处理300233 金城医药 
2025-09-07 08:55:21,243 - INFO - 📈 已处理300234 开尔新材 
2025-09-07 08:55:21,243 - INFO - 📈 已处理 1700/5416 只股票，成功 1699 只
2025-09-07 08:55:22,403 - INFO - 📈 已处理300235 方直科技 
2025-09-07 08:55:23,552 - INFO - 📈 已处理300236 上海新阳 
2025-09-07 08:55:24,705 - INFO - 📈 已处理300237 美晨科技 
2025-09-07 08:55:25,839 - INFO - 📈 已处理300238 冠昊生物 
2025-09-07 08:55:26,972 - INFO - 📈 已处理300239 东宝生物 
2025-09-07 08:55:28,119 - INFO - 📈 已处理300240 飞力达 
2025-09-07 08:55:29,257 - INFO - 📈 已处理300241 瑞丰光电 
2025-09-07 08:55:30,406 - INFO - 📈 已处理300242 佳云科技 
2025-09-07 08:55:31,542 - INFO - 📈 已处理300243 瑞丰高材 
2025-09-07 08:55:32,694 - INFO - 📈 已处理300244 迪安诊断 
2025-09-07 08:55:33,850 - INFO - 📈 已处理300245 天玑科技 
2025-09-07 08:55:35,009 - INFO - 📈 已处理300246 宝莱特 
2025-09-07 08:55:36,172 - INFO - 📈 已处理300247 融捷健康 
2025-09-07 08:55:37,335 - INFO - 📈 已处理300248 新开普 
2025-09-07 08:55:38,466 - INFO - 📈 已处理300249 依米康 
2025-09-07 08:55:39,618 - INFO - 📈 已处理300250 初灵信息 
2025-09-07 08:55:40,764 - INFO - 📈 已处理300251 光线传媒 
2025-09-07 08:55:41,890 - INFO - 📈 已处理300252 金信诺 
2025-09-07 08:55:43,048 - INFO - 📈 已处理300253 卫宁健康 
2025-09-07 08:55:44,206 - INFO - 📈 已处理300254 仟源医药 
2025-09-07 08:55:45,345 - INFO - 📈 已处理300255 常山药业 
2025-09-07 08:55:46,491 - INFO - 📈 已处理300256 星星科技 
2025-09-07 08:55:47,661 - INFO - 📈 已处理300257 开山股份 
2025-09-07 08:55:48,824 - INFO - 📈 已处理300258 精锻科技 
2025-09-07 08:55:49,988 - INFO - 📈 已处理300259 新天科技 
2025-09-07 08:55:51,114 - INFO - 📈 已处理300260 新莱应材 
2025-09-07 08:55:52,282 - INFO - 📈 已处理300261 雅本化学 
2025-09-07 08:55:53,439 - INFO - 📈 已处理300263 隆华科技 
2025-09-07 08:55:54,598 - INFO - 📈 已处理300264 佳创视讯 
2025-09-07 08:55:55,765 - INFO - 📈 已处理300265 通光线缆 
2025-09-07 08:55:56,911 - INFO - 📈 已处理300266 兴源环境 
2025-09-07 08:55:58,079 - INFO - 📈 已处理300267 尔康制药 
2025-09-07 08:55:59,234 - INFO - 📈 已处理300268 *ST佳沃 
2025-09-07 08:56:00,381 - INFO - 📈 已处理300269 联建光电 
2025-09-07 08:56:01,532 - INFO - 📈 已处理300270 中威电子 
2025-09-07 08:56:02,665 - INFO - 📈 已处理300271 华宇软件 
2025-09-07 08:56:03,796 - INFO - 📈 已处理300272 开能健康 
2025-09-07 08:56:04,942 - INFO - 📈 已处理300274 阳光电源 
2025-09-07 08:56:06,087 - INFO - 📈 已处理300275 梅安森 
2025-09-07 08:56:07,234 - INFO - 📈 已处理300276 三丰智能 
2025-09-07 08:56:08,370 - INFO - 📈 已处理300277 海联讯 
2025-09-07 08:56:09,513 - INFO - 📈 已处理300278 华昌达 
2025-09-07 08:56:10,643 - INFO - 📈 已处理300279 和晶科技 
2025-09-07 08:56:11,800 - INFO - 📈 已处理300281 金明精机 
2025-09-07 08:56:12,955 - INFO - 📈 已处理300283 温州宏丰 
2025-09-07 08:56:14,105 - INFO - 📈 已处理300284 苏交科 
2025-09-07 08:56:15,257 - INFO - 📈 已处理300285 国瓷材料 
2025-09-07 08:56:16,417 - INFO - 📈 已处理300286 安科瑞 
2025-09-07 08:56:17,580 - INFO - 📈 已处理300287 飞利信 
2025-09-07 08:56:18,732 - INFO - 📈 已处理300288 朗玛信息 
2025-09-07 08:56:18,732 - INFO - 📈 已处理 1750/5416 只股票，成功 1749 只
2025-09-07 08:56:19,887 - INFO - 📈 已处理300289 利德曼 
2025-09-07 08:56:21,052 - INFO - 📈 已处理300290 荣科科技 
2025-09-07 08:56:22,187 - INFO - 📈 已处理300291 百纳千成 
2025-09-07 08:56:23,324 - INFO - 📈 已处理300292 吴通控股 
2025-09-07 08:56:24,481 - INFO - 📈 已处理300293 蓝英装备 
2025-09-07 08:56:25,633 - INFO - 📈 已处理300294 博雅生物 
2025-09-07 08:56:26,781 - INFO - 📈 已处理300295 三六五网 
2025-09-07 08:56:27,926 - INFO - 📈 已处理300296 利亚德 
2025-09-07 08:56:29,070 - INFO - 📈 已处理300298 三诺生物 
2025-09-07 08:56:30,213 - INFO - 📈 已处理300299 富春股份 
2025-09-07 08:56:31,366 - INFO - 📈 已处理300300 海峡创新 
2025-09-07 08:56:32,491 - WARNING - ⚠️ 300301 ST长方 K线更新失败: ('Connection aborted.', RemoteDisconnected('Remote end closed connection without response'))
2025-09-07 08:56:33,618 - WARNING - ⚠️ 300302 同有科技 K线更新失败: ('Connection aborted.', RemoteDisconnected('Remote end closed connection without response'))
2025-09-07 08:56:34,735 - WARNING - ⚠️ 300303 聚飞光电 K线更新失败: ('Connection aborted.', RemoteDisconnected('Remote end closed connection without response'))
2025-09-07 08:56:35,867 - WARNING - ⚠️ 300304 云意电气 K线更新失败: ('Connection aborted.', RemoteDisconnected('Remote end closed connection without response'))
2025-09-07 08:56:37,026 - WARNING - ⚠️ 300305 裕兴股份 K线更新失败: ('Connection aborted.', RemoteDisconnected('Remote end closed connection without response'))
2025-09-07 08:56:38,187 - INFO - 📈 已处理300306 远方信息 
2025-09-07 08:56:39,328 - INFO - 📈 已处理300307 慈星股份 
2025-09-07 08:56:40,485 - INFO - 📈 已处理300308 中际旭创 
2025-09-07 08:56:41,626 - INFO - 📈 已处理300310 宜通世纪 
2025-09-07 08:56:42,764 - WARNING - ⚠️ 300311 ST任子行 K线更新失败: ('Connection aborted.', RemoteDisconnected('Remote end closed connection without response'))
2025-09-07 08:56:43,885 - WARNING - ⚠️ 300313 *ST天山 K线更新失败: ('Connection aborted.', RemoteDisconnected('Remote end closed connection without response'))
2025-09-07 08:56:45,027 - WARNING - ⚠️ 300314 戴维医疗 K线更新失败: ('Connection aborted.', RemoteDisconnected('Remote end closed connection without response'))
2025-09-07 08:56:46,151 - WARNING - ⚠️ 300315 掌趣科技 K线更新失败: ('Connection aborted.', RemoteDisconnected('Remote end closed connection without response'))
2025-09-07 08:56:47,315 - WARNING - ⚠️ 300316 晶盛机电 K线更新失败: ('Connection aborted.', RemoteDisconnected('Remote end closed connection without response'))
2025-09-07 08:56:48,453 - WARNING - ⚠️ 300317 珈伟新能 K线更新失败: ('Connection aborted.', RemoteDisconnected('Remote end closed connection without response'))
2025-09-07 08:56:49,569 - WARNING - ⚠️ 300318 博晖创新 K线更新失败: ('Connection aborted.', RemoteDisconnected('Remote end closed connection without response'))
2025-09-07 08:56:50,700 - WARNING - ⚠️ 300319 麦捷科技 K线更新失败: ('Connection aborted.', RemoteDisconnected('Remote end closed connection without response'))
2025-09-07 08:56:51,840 - WARNING - ⚠️ 300320 海达股份 K线更新失败: ('Connection aborted.', RemoteDisconnected('Remote end closed connection without response'))
2025-09-07 08:56:52,967 - WARNING - ⚠️ 300321 同大股份 K线更新失败: ('Connection aborted.', RemoteDisconnected('Remote end closed connection without response'))
2025-09-07 08:56:54,098 - WARNING - ⚠️ 300322 硕贝德 K线更新失败: ('Connection aborted.', RemoteDisconnected('Remote end closed connection without response'))
2025-09-07 08:56:55,236 - WARNING - ⚠️ 300323 华灿光电 K线更新失败: ('Connection aborted.', RemoteDisconnected('Remote end closed connection without response'))
2025-09-07 08:56:56,373 - WARNING - ⚠️ 300324 旋极信息 K线更新失败: ('Connection aborted.', RemoteDisconnected('Remote end closed connection without response'))
2025-09-07 08:56:57,504 - WARNING - ⚠️ 300326 ST凯利 K线更新失败: ('Connection aborted.', RemoteDisconnected('Remote end closed connection without response'))
2025-09-07 08:56:58,620 - WARNING - ⚠️ 300327 中颖电子 K线更新失败: ('Connection aborted.', RemoteDisconnected('Remote end closed connection without response'))
2025-09-07 08:56:59,755 - WARNING - ⚠️ 300328 宜安科技 K线更新失败: ('Connection aborted.', RemoteDisconnected('Remote end closed connection without response'))
2025-09-07 08:57:00,872 - WARNING - ⚠️ 300329 海伦钢琴 K线更新失败: ('Connection aborted.', RemoteDisconnected('Remote end closed connection without response'))
2025-09-07 08:57:02,002 - WARNING - ⚠️ 300331 苏大维格 K线更新失败: ('Connection aborted.', RemoteDisconnected('Remote end closed connection without response'))
2025-09-07 08:57:03,137 - WARNING - ⚠️ 300332 天壕能源 K线更新失败: ('Connection aborted.', RemoteDisconnected('Remote end closed connection without response'))
2025-09-07 08:57:04,271 - WARNING - ⚠️ 300333 兆日科技 K线更新失败: ('Connection aborted.', RemoteDisconnected('Remote end closed connection without response'))
2025-09-07 08:57:05,405 - WARNING - ⚠️ 300334 津膜科技 K线更新失败: ('Connection aborted.', RemoteDisconnected('Remote end closed connection without response'))
2025-09-07 08:57:06,532 - WARNING - ⚠️ 300335 迪森股份 K线更新失败: ('Connection aborted.', RemoteDisconnected('Remote end closed connection without response'))
2025-09-07 08:57:07,654 - WARNING - ⚠️ 300337 银邦股份 K线更新失败: ('Connection aborted.', RemoteDisconnected('Remote end closed connection without response'))
2025-09-07 08:57:08,800 - WARNING - ⚠️ 300338 ST开元 K线更新失败: ('Connection aborted.', RemoteDisconnected('Remote end closed connection without response'))
2025-09-07 08:57:09,952 - WARNING - ⚠️ 300339 润和软件 K线更新失败: ('Connection aborted.', RemoteDisconnected('Remote end closed connection without response'))
2025-09-07 08:57:11,092 - WARNING - ⚠️ 300340 科恒股份 K线更新失败: ('Connection aborted.', RemoteDisconnected('Remote end closed connection without response'))
2025-09-07 08:57:12,221 - WARNING - ⚠️ 300341 麦克奥迪 K线更新失败: ('Connection aborted.', RemoteDisconnected('Remote end closed connection without response'))
2025-09-07 08:57:13,350 - WARNING - ⚠️ 300342 天银机电 K线更新失败: ('Connection aborted.', RemoteDisconnected('Remote end closed connection without response'))
2025-09-07 08:57:14,471 - WARNING - ⚠️ 300343 ST联创 K线更新失败: ('Connection aborted.', RemoteDisconnected('Remote end closed connection without response'))
2025-09-07 08:57:15,617 - WARNING - ⚠️ 300344 ST立方 K线更新失败: ('Connection aborted.', RemoteDisconnected('Remote end closed connection without response'))
2025-09-07 08:57:16,749 - WARNING - ⚠️ 300345 华民股份 K线更新失败: ('Connection aborted.', RemoteDisconnected('Remote end closed connection without response'))
2025-09-07 08:57:17,876 - WARNING - ⚠️ 300346 南大光电 K线更新失败: ('Connection aborted.', RemoteDisconnected('Remote end closed connection without response'))
2025-09-07 08:57:19,026 - WARNING - ⚠️ 300347 泰格医药 K线更新失败: ('Connection aborted.', RemoteDisconnected('Remote end closed connection without response'))
2025-09-07 08:57:20,184 - WARNING - ⚠️ 300348 长亮科技 K线更新失败: ('Connection aborted.', RemoteDisconnected('Remote end closed connection without response'))
2025-09-07 08:57:21,309 - WARNING - ⚠️ 300349 金卡智能 K线更新失败: ('Connection aborted.', RemoteDisconnected('Remote end closed connection without response'))
2025-09-07 08:57:22,459 - WARNING - ⚠️ 300350 华鹏飞 K线更新失败: ('Connection aborted.', RemoteDisconnected('Remote end closed connection without response'))
2025-09-07 08:57:23,603 - WARNING - ⚠️ 300351 永贵电器 K线更新失败: ('Connection aborted.', RemoteDisconnected('Remote end closed connection without response'))
2025-09-07 08:57:24,721 - WARNING - ⚠️ 300352 北信源 K线更新失败: ('Connection aborted.', RemoteDisconnected('Remote end closed connection without response'))
2025-09-07 08:57:25,864 - WARNING - ⚠️ 300353 东土科技 K线更新失败: ('Connection aborted.', RemoteDisconnected('Remote end closed connection without response'))
2025-09-07 08:57:27,009 - WARNING - ⚠️ 300354 东华测试 K线更新失败: ('Connection aborted.', RemoteDisconnected('Remote end closed connection without response'))
2025-09-07 08:57:28,155 - WARNING - ⚠️ 300355 蒙草生态 K线更新失败: ('Connection aborted.', RemoteDisconnected('Remote end closed connection without response'))
2025-09-07 08:57:29,297 - WARNING - ⚠️ 300357 我武生物 K线更新失败: ('Connection aborted.', RemoteDisconnected('Remote end closed connection without response'))
2025-09-07 08:57:30,426 - WARNING - ⚠️ 300358 楚天科技 K线更新失败: ('Connection aborted.', RemoteDisconnected('Remote end closed connection without response'))
2025-09-07 08:57:31,570 - WARNING - ⚠️ 300359 全通教育 K线更新失败: ('Connection aborted.', RemoteDisconnected('Remote end closed connection without response'))
2025-09-07 08:57:32,700 - WARNING - ⚠️ 300360 炬华科技 K线更新失败: ('Connection aborted.', RemoteDisconnected('Remote end closed connection without response'))
2025-09-07 08:57:33,828 - WARNING - ⚠️ 300363 博腾股份 K线更新失败: ('Connection aborted.', RemoteDisconnected('Remote end closed connection without response'))
2025-09-07 08:57:34,957 - WARNING - ⚠️ 300364 中文在线 K线更新失败: ('Connection aborted.', RemoteDisconnected('Remote end closed connection without response'))
2025-09-07 08:57:36,087 - WARNING - ⚠️ 300365 恒华科技 K线更新失败: ('Connection aborted.', RemoteDisconnected('Remote end closed connection without response'))
2025-09-07 08:57:37,216 - WARNING - ⚠️ 300366 创意信息 K线更新失败: ('Connection aborted.', RemoteDisconnected('Remote end closed connection without response'))
2025-09-07 08:57:38,341 - WARNING - ⚠️ 300368 汇金股份 K线更新失败: ('Connection aborted.', RemoteDisconnected('Remote end closed connection without response'))
2025-09-07 08:57:39,475 - WARNING - ⚠️ 300369 绿盟科技 K线更新失败: ('Connection aborted.', RemoteDisconnected('Remote end closed connection without response'))
2025-09-07 08:57:40,619 - WARNING - ⚠️ 300370 安控科技 K线更新失败: ('Connection aborted.', RemoteDisconnected('Remote end closed connection without response'))
2025-09-07 08:57:41,774 - WARNING - ⚠️ 300371 汇中股份 K线更新失败: ('Connection aborted.', RemoteDisconnected('Remote end closed connection without response'))
2025-09-07 08:57:42,906 - WARNING - ⚠️ 300373 扬杰科技 K线更新失败: ('Connection aborted.', RemoteDisconnected('Remote end closed connection without response'))
2025-09-07 08:57:44,060 - WARNING - ⚠️ 300374 中铁装配 K线更新失败: ('Connection aborted.', RemoteDisconnected('Remote end closed connection without response'))
2025-09-07 08:57:45,196 - WARNING - ⚠️ 300375 鹏翎股份 K线更新失败: ('Connection aborted.', RemoteDisconnected('Remote end closed connection without response'))
2025-09-07 08:57:46,337 - WARNING - ⚠️ 300376 ST易事特 K线更新失败: ('Connection aborted.', RemoteDisconnected('Remote end closed connection without response'))
2025-09-07 08:57:47,472 - WARNING - ⚠️ 300377 赢时胜 K线更新失败: ('Connection aborted.', RemoteDisconnected('Remote end closed connection without response'))
2025-09-07 08:57:48,615 - WARNING - ⚠️ 300378 鼎捷数智 K线更新失败: ('Connection aborted.', RemoteDisconnected('Remote end closed connection without response'))
2025-09-07 08:57:49,754 - WARNING - ⚠️ 300379 *ST东通 K线更新失败: ('Connection aborted.', RemoteDisconnected('Remote end closed connection without response'))
2025-09-07 08:57:50,888 - WARNING - ⚠️ 300380 安硕信息 K线更新失败: ('Connection aborted.', RemoteDisconnected('Remote end closed connection without response'))
2025-09-07 08:57:52,026 - WARNING - ⚠️ 300381 溢多利 K线更新失败: ('Connection aborted.', RemoteDisconnected('Remote end closed connection without response'))
2025-09-07 08:57:53,164 - WARNING - ⚠️ 300382 斯莱克 K线更新失败: ('Connection aborted.', RemoteDisconnected('Remote end closed connection without response'))
2025-09-07 08:57:54,292 - WARNING - ⚠️ 300383 光环新网 K线更新失败: ('Connection aborted.', RemoteDisconnected('Remote end closed connection without response'))
2025-09-07 08:57:55,432 - WARNING - ⚠️ 300384 三联虹普 K线更新失败: ('Connection aborted.', RemoteDisconnected('Remote end closed connection without response'))
2025-09-07 08:57:56,563 - WARNING - ⚠️ 300385 雪浪环境 K线更新失败: ('Connection aborted.', RemoteDisconnected('Remote end closed connection without response'))
2025-09-07 08:57:57,686 - WARNING - ⚠️ 300386 飞天诚信 K线更新失败: ('Connection aborted.', RemoteDisconnected('Remote end closed connection without response'))
2025-09-07 08:57:58,824 - WARNING - ⚠️ 300387 富邦科技 K线更新失败: ('Connection aborted.', RemoteDisconnected('Remote end closed connection without response'))
2025-09-07 08:57:59,942 - WARNING - ⚠️ 300388 节能国祯 K线更新失败: ('Connection aborted.', RemoteDisconnected('Remote end closed connection without response'))
2025-09-07 08:58:01,070 - WARNING - ⚠️ 300389 艾比森 K线更新失败: ('Connection aborted.', RemoteDisconnected('Remote end closed connection without response'))
2025-09-07 08:58:02,201 - WARNING - ⚠️ 300390 天华新能 K线更新失败: ('Connection aborted.', RemoteDisconnected('Remote end closed connection without response'))
2025-09-07 08:58:03,330 - WARNING - ⚠️ 300391 *ST长药 K线更新失败: ('Connection aborted.', RemoteDisconnected('Remote end closed connection without response'))
2025-09-07 08:58:04,468 - WARNING - ⚠️ 300393 中来股份 K线更新失败: ('Connection aborted.', RemoteDisconnected('Remote end closed connection without response'))
2025-09-07 08:58:05,604 - WARNING - ⚠️ 300394 天孚通信 K线更新失败: ('Connection aborted.', RemoteDisconnected('Remote end closed connection without response'))
2025-09-07 08:58:06,732 - WARNING - ⚠️ 300395 菲利华 K线更新失败: ('Connection aborted.', RemoteDisconnected('Remote end closed connection without response'))
2025-09-07 08:58:07,848 - WARNING - ⚠️ 300396 迪瑞医疗 K线更新失败: ('Connection aborted.', RemoteDisconnected('Remote end closed connection without response'))
2025-09-07 08:58:08,985 - WARNING - ⚠️ 300397 天和防务 K线更新失败: ('Connection aborted.', RemoteDisconnected('Remote end closed connection without response'))
2025-09-07 08:58:10,108 - WARNING - ⚠️ 300398 飞凯材料 K线更新失败: ('Connection aborted.', RemoteDisconnected('Remote end closed connection without response'))
2025-09-07 08:58:11,239 - WARNING - ⚠️ 300399 天利科技 K线更新失败: ('Connection aborted.', RemoteDisconnected('Remote end closed connection without response'))
2025-09-07 08:58:12,386 - WARNING - ⚠️ 300400 劲拓股份 K线更新失败: ('Connection aborted.', RemoteDisconnected('Remote end closed connection without response'))
2025-09-07 08:58:13,532 - WARNING - ⚠️ 300401 花园生物 K线更新失败: ('Connection aborted.', RemoteDisconnected('Remote end closed connection without response'))
2025-09-07 08:58:14,669 - WARNING - ⚠️ 300402 宝色股份 K线更新失败: ('Connection aborted.', RemoteDisconnected('Remote end closed connection without response'))
2025-09-07 08:58:15,810 - WARNING - ⚠️ 300403 汉宇集团 K线更新失败: ('Connection aborted.', RemoteDisconnected('Remote end closed connection without response'))
2025-09-07 08:58:16,953 - WARNING - ⚠️ 300404 博济医药 K线更新失败: ('Connection aborted.', RemoteDisconnected('Remote end closed connection without response'))
2025-09-07 08:58:18,087 - WARNING - ⚠️ 300405 科隆股份 K线更新失败: ('Connection aborted.', RemoteDisconnected('Remote end closed connection without response'))
2025-09-07 08:58:19,218 - WARNING - ⚠️ 300406 九强生物 K线更新失败: ('Connection aborted.', RemoteDisconnected('Remote end closed connection without response'))
2025-09-07 08:58:20,351 - WARNING - ⚠️ 300407 凯发电气 K线更新失败: ('Connection aborted.', RemoteDisconnected('Remote end closed connection without response'))
2025-09-07 08:58:21,487 - WARNING - ⚠️ 300408 三环集团 K线更新失败: ('Connection aborted.', RemoteDisconnected('Remote end closed connection without response'))
2025-09-07 08:58:22,603 - WARNING - ⚠️ 300409 道氏技术 K线更新失败: ('Connection aborted.', RemoteDisconnected('Remote end closed connection without response'))
2025-09-07 08:58:23,743 - WARNING - ⚠️ 300410 正业科技 K线更新失败: ('Connection aborted.', RemoteDisconnected('Remote end closed connection without response'))
2025-09-07 08:58:24,865 - WARNING - ⚠️ 300411 金盾股份 K线更新失败: ('Connection aborted.', RemoteDisconnected('Remote end closed connection without response'))
2025-09-07 08:58:25,995 - WARNING - ⚠️ 300412 迦南科技 K线更新失败: ('Connection aborted.', RemoteDisconnected('Remote end closed connection without response'))
2025-09-07 08:58:27,105 - WARNING - ⚠️ 300413 芒果超媒 K线更新失败: ('Connection aborted.', RemoteDisconnected('Remote end closed connection without response'))
2025-09-07 08:58:28,218 - WARNING - ⚠️ 300414 中光防雷 K线更新失败: ('Connection aborted.', RemoteDisconnected('Remote end closed connection without response'))
2025-09-07 08:58:29,356 - WARNING - ⚠️ 300415 伊之密 K线更新失败: ('Connection aborted.', RemoteDisconnected('Remote end closed connection without response'))
2025-09-07 08:58:30,484 - WARNING - ⚠️ 300416 苏试试验 K线更新失败: ('Connection aborted.', RemoteDisconnected('Remote end closed connection without response'))
2025-09-07 08:58:31,635 - WARNING - ⚠️ 300417 南华仪器 K线更新失败: ('Connection aborted.', RemoteDisconnected('Remote end closed connection without response'))
2025-09-07 08:58:32,781 - WARNING - ⚠️ 300418 昆仑万维 K线更新失败: ('Connection aborted.', RemoteDisconnected('Remote end closed connection without response'))
2025-09-07 08:58:33,932 - WARNING - ⚠️ 300419 ST浩丰 K线更新失败: ('Connection aborted.', RemoteDisconnected('Remote end closed connection without response'))
2025-09-07 08:58:35,067 - WARNING - ⚠️ 300420 五洋自控 K线更新失败: ('Connection aborted.', RemoteDisconnected('Remote end closed connection without response'))
2025-09-07 08:58:36,177 - WARNING - ⚠️ 300421 力星股份 K线更新失败: ('Connection aborted.', RemoteDisconnected('Remote end closed connection without response'))
2025-09-07 08:58:37,309 - WARNING - ⚠️ 300422 博世科 K线更新失败: ('Connection aborted.', RemoteDisconnected('Remote end closed connection without response'))
2025-09-07 08:58:38,449 - WARNING - ⚠️ 300423 昇辉科技 K线更新失败: ('Connection aborted.', RemoteDisconnected('Remote end closed connection without response'))
2025-09-07 08:58:39,576 - WARNING - ⚠️ 300424 航新科技 K线更新失败: ('Connection aborted.', RemoteDisconnected('Remote end closed connection without response'))
2025-09-07 08:58:40,710 - WARNING - ⚠️ 300425 中建环能 K线更新失败: ('Connection aborted.', RemoteDisconnected('Remote end closed connection without response'))
2025-09-07 08:58:41,847 - WARNING - ⚠️ 300426 华智数媒 K线更新失败: ('Connection aborted.', RemoteDisconnected('Remote end closed connection without response'))
2025-09-07 08:58:42,982 - WARNING - ⚠️ 300427 红相股份 K线更新失败: ('Connection aborted.', RemoteDisconnected('Remote end closed connection without response'))
2025-09-07 08:58:44,126 - WARNING - ⚠️ 300428 立中集团 K线更新失败: ('Connection aborted.', RemoteDisconnected('Remote end closed connection without response'))
2025-09-07 08:58:45,278 - WARNING - ⚠️ 300429 强力新材 K线更新失败: ('Connection aborted.', RemoteDisconnected('Remote end closed connection without response'))
2025-09-07 08:58:46,417 - WARNING - ⚠️ 300430 诚益通 K线更新失败: ('Connection aborted.', RemoteDisconnected('Remote end closed connection without response'))
2025-09-07 08:58:47,569 - WARNING - ⚠️ 300432 富临精工 K线更新失败: ('Connection aborted.', RemoteDisconnected('Remote end closed connection without response'))
2025-09-07 08:58:48,696 - WARNING - ⚠️ 300433 蓝思科技 K线更新失败: ('Connection aborted.', RemoteDisconnected('Remote end closed connection without response'))
2025-09-07 08:58:49,825 - WARNING - ⚠️ 300434 金石亚药 K线更新失败: ('Connection aborted.', RemoteDisconnected('Remote end closed connection without response'))
2025-09-07 08:58:50,938 - WARNING - ⚠️ 300435 中泰股份 K线更新失败: ('Connection aborted.', RemoteDisconnected('Remote end closed connection without response'))
2025-09-07 08:58:52,083 - WARNING - ⚠️ 300436 广生堂 K线更新失败: ('Connection aborted.', RemoteDisconnected('Remote end closed connection without response'))
2025-09-07 08:58:53,221 - WARNING - ⚠️ 300437 清水源 K线更新失败: ('Connection aborted.', RemoteDisconnected('Remote end closed connection without response'))
2025-09-07 08:58:54,361 - WARNING - ⚠️ 300438 鹏辉能源 K线更新失败: ('Connection aborted.', RemoteDisconnected('Remote end closed connection without response'))
2025-09-07 08:58:55,503 - WARNING - ⚠️ 300439 美康生物 K线更新失败: ('Connection aborted.', RemoteDisconnected('Remote end closed connection without response'))
2025-09-07 08:58:56,629 - WARNING - ⚠️ 300440 运达科技 K线更新失败: ('Connection aborted.', RemoteDisconnected('Remote end closed connection without response'))
2025-09-07 08:58:57,782 - WARNING - ⚠️ 300441 鲍斯股份 K线更新失败: ('Connection aborted.', RemoteDisconnected('Remote end closed connection without response'))
2025-09-07 08:58:58,929 - WARNING - ⚠️ 300442 润泽科技 K线更新失败: ('Connection aborted.', RemoteDisconnected('Remote end closed connection without response'))
2025-09-07 08:59:00,049 - WARNING - ⚠️ 300443 金雷股份 K线更新失败: ('Connection aborted.', RemoteDisconnected('Remote end closed connection without response'))
2025-09-07 08:59:01,191 - WARNING - ⚠️ 300444 双杰电气 K线更新失败: ('Connection aborted.', RemoteDisconnected('Remote end closed connection without response'))
2025-09-07 08:59:02,331 - WARNING - ⚠️ 300445 康斯特 K线更新失败: ('Connection aborted.', RemoteDisconnected('Remote end closed connection without response'))
2025-09-07 08:59:03,463 - WARNING - ⚠️ 300446 航天智造 K线更新失败: ('Connection aborted.', RemoteDisconnected('Remote end closed connection without response'))
2025-09-07 08:59:04,593 - WARNING - ⚠️ 300447 全信股份 K线更新失败: ('Connection aborted.', RemoteDisconnected('Remote end closed connection without response'))
2025-09-07 08:59:05,734 - WARNING - ⚠️ 300448 浩云科技 K线更新失败: ('Connection aborted.', RemoteDisconnected('Remote end closed connection without response'))
2025-09-07 08:59:06,887 - WARNING - ⚠️ 300449 汉邦高科 K线更新失败: ('Connection aborted.', RemoteDisconnected('Remote end closed connection without response'))
2025-09-07 08:59:08,014 - WARNING - ⚠️ 300450 先导智能 K线更新失败: ('Connection aborted.', RemoteDisconnected('Remote end closed connection without response'))
2025-09-07 08:59:09,134 - WARNING - ⚠️ 300451 创业慧康 K线更新失败: ('Connection aborted.', RemoteDisconnected('Remote end closed connection without response'))
2025-09-07 08:59:10,261 - WARNING - ⚠️ 300452 山河药辅 K线更新失败: ('Connection aborted.', RemoteDisconnected('Remote end closed connection without response'))
2025-09-07 08:59:11,396 - WARNING - ⚠️ 300453 三鑫医疗 K线更新失败: ('Connection aborted.', RemoteDisconnected('Remote end closed connection without response'))
2025-09-07 08:59:12,521 - WARNING - ⚠️ 300454 深信服 K线更新失败: ('Connection aborted.', RemoteDisconnected('Remote end closed connection without response'))
2025-09-07 08:59:13,670 - WARNING - ⚠️ 300455 航天智装 K线更新失败: ('Connection aborted.', RemoteDisconnected('Remote end closed connection without response'))
2025-09-07 08:59:14,793 - WARNING - ⚠️ 300456 赛微电子 K线更新失败: ('Connection aborted.', RemoteDisconnected('Remote end closed connection without response'))
2025-09-07 08:59:15,929 - WARNING - ⚠️ 300457 赢合科技 K线更新失败: ('Connection aborted.', RemoteDisconnected('Remote end closed connection without response'))
2025-09-07 08:59:17,069 - WARNING - ⚠️ 300458 全志科技 K线更新失败: ('Connection aborted.', RemoteDisconnected('Remote end closed connection without response'))
2025-09-07 08:59:18,215 - WARNING - ⚠️ 300459 汤姆猫 K线更新失败: ('Connection aborted.', RemoteDisconnected('Remote end closed connection without response'))
2025-09-07 08:59:19,369 - WARNING - ⚠️ 300460 惠伦晶体 K线更新失败: ('Connection aborted.', RemoteDisconnected('Remote end closed connection without response'))
2025-09-07 08:59:20,495 - WARNING - ⚠️ 300461 田中精机 K线更新失败: ('Connection aborted.', RemoteDisconnected('Remote end closed connection without response'))
2025-09-07 08:59:21,658 - WARNING - ⚠️ 300462 ST华铭 K线更新失败: ('Connection aborted.', RemoteDisconnected('Remote end closed connection without response'))
2025-09-07 08:59:22,785 - WARNING - ⚠️ 300463 迈克生物 K线更新失败: ('Connection aborted.', RemoteDisconnected('Remote end closed connection without response'))
2025-09-07 08:59:23,910 - WARNING - ⚠️ 300464 星徽股份 K线更新失败: ('Connection aborted.', RemoteDisconnected('Remote end closed connection without response'))
2025-09-07 08:59:25,048 - WARNING - ⚠️ 300465 高伟达 K线更新失败: ('Connection aborted.', RemoteDisconnected('Remote end closed connection without response'))
2025-09-07 08:59:26,180 - WARNING - ⚠️ 300466 赛摩智能 K线更新失败: ('Connection aborted.', RemoteDisconnected('Remote end closed connection without response'))
2025-09-07 08:59:27,332 - WARNING - ⚠️ 300467 迅游科技 K线更新失败: ('Connection aborted.', RemoteDisconnected('Remote end closed connection without response'))
2025-09-07 08:59:28,467 - WARNING - ⚠️ 300468 四方精创 K线更新失败: ('Connection aborted.', RemoteDisconnected('Remote end closed connection without response'))
2025-09-07 08:59:29,605 - WARNING - ⚠️ 300469 信息发展 K线更新失败: ('Connection aborted.', RemoteDisconnected('Remote end closed connection without response'))
2025-09-07 08:59:30,743 - WARNING - ⚠️ 300470 中密控股 K线更新失败: ('Connection aborted.', RemoteDisconnected('Remote end closed connection without response'))
2025-09-07 08:59:31,872 - WARNING - ⚠️ 300471 厚普股份 K线更新失败: ('Connection aborted.', RemoteDisconnected('Remote end closed connection without response'))
2025-09-07 08:59:33,026 - WARNING - ⚠️ 300472 *ST新元 K线更新失败: ('Connection aborted.', RemoteDisconnected('Remote end closed connection without response'))
2025-09-07 08:59:34,154 - WARNING - ⚠️ 300473 德尔股份 K线更新失败: ('Connection aborted.', RemoteDisconnected('Remote end closed connection without response'))
2025-09-07 08:59:35,282 - WARNING - ⚠️ 300474 景嘉微 K线更新失败: ('Connection aborted.', RemoteDisconnected('Remote end closed connection without response'))
2025-09-07 08:59:36,428 - WARNING - ⚠️ 300475 香农芯创 K线更新失败: ('Connection aborted.', RemoteDisconnected('Remote end closed connection without response'))
2025-09-07 08:59:37,573 - WARNING - ⚠️ 300476 胜宏科技 K线更新失败: ('Connection aborted.', RemoteDisconnected('Remote end closed connection without response'))
2025-09-07 08:59:38,695 - WARNING - ⚠️ 300477 ST合纵 K线更新失败: ('Connection aborted.', RemoteDisconnected('Remote end closed connection without response'))
2025-09-07 08:59:39,829 - WARNING - ⚠️ 300478 杭州高新 K线更新失败: ('Connection aborted.', RemoteDisconnected('Remote end closed connection without response'))
2025-09-07 08:59:40,966 - WARNING - ⚠️ 300479 神思电子 K线更新失败: ('Connection aborted.', RemoteDisconnected('Remote end closed connection without response'))
2025-09-07 08:59:42,106 - WARNING - ⚠️ 300480 光力科技 K线更新失败: ('Connection aborted.', RemoteDisconnected('Remote end closed connection without response'))
2025-09-07 08:59:43,231 - WARNING - ⚠️ 300481 濮阳惠成 K线更新失败: ('Connection aborted.', RemoteDisconnected('Remote end closed connection without response'))
2025-09-07 08:59:44,362 - WARNING - ⚠️ 300482 万孚生物 K线更新失败: ('Connection aborted.', RemoteDisconnected('Remote end closed connection without response'))
2025-09-07 08:59:45,490 - WARNING - ⚠️ 300483 首华燃气 K线更新失败: ('Connection aborted.', RemoteDisconnected('Remote end closed connection without response'))
2025-09-07 08:59:46,619 - WARNING - ⚠️ 300484 蓝海华腾 K线更新失败: ('Connection aborted.', RemoteDisconnected('Remote end closed connection without response'))
2025-09-07 08:59:47,750 - WARNING - ⚠️ 300485 赛升药业 K线更新失败: ('Connection aborted.', RemoteDisconnected('Remote end closed connection without response'))
2025-09-07 08:59:48,861 - WARNING - ⚠️ 300486 东杰智能 K线更新失败: ('Connection aborted.', RemoteDisconnected('Remote end closed connection without response'))
2025-09-07 08:59:49,994 - WARNING - ⚠️ 300487 蓝晓科技 K线更新失败: ('Connection aborted.', RemoteDisconnected('Remote end closed connection without response'))
2025-09-07 08:59:51,135 - WARNING - ⚠️ 300488 恒锋工具 K线更新失败: ('Connection aborted.', RemoteDisconnected('Remote end closed connection without response'))
2025-09-07 08:59:52,266 - WARNING - ⚠️ 300489 光智科技 K线更新失败: ('Connection aborted.', RemoteDisconnected('Remote end closed connection without response'))
2025-09-07 08:59:53,393 - WARNING - ⚠️ 300490 华自科技 K线更新失败: ('Connection aborted.', RemoteDisconnected('Remote end closed connection without response'))
2025-09-07 08:59:54,524 - WARNING - ⚠️ 300491 通合科技 K线更新失败: ('Connection aborted.', RemoteDisconnected('Remote end closed connection without response'))
2025-09-07 08:59:55,663 - WARNING - ⚠️ 300492 华图山鼎 K线更新失败: ('Connection aborted.', RemoteDisconnected('Remote end closed connection without response'))
2025-09-07 08:59:56,802 - WARNING - ⚠️ 300493 润欣科技 K线更新失败: ('Connection aborted.', RemoteDisconnected('Remote end closed connection without response'))
2025-09-07 08:59:57,928 - WARNING - ⚠️ 300494 盛天网络 K线更新失败: ('Connection aborted.', RemoteDisconnected('Remote end closed connection without response'))
2025-09-07 08:59:59,064 - WARNING - ⚠️ 300496 中科创达 K线更新失败: ('Connection aborted.', RemoteDisconnected('Remote end closed connection without response'))
2025-09-07 09:00:00,198 - WARNING - ⚠️ 300497 富祥药业 K线更新失败: ('Connection aborted.', RemoteDisconnected('Remote end closed connection without response'))
2025-09-07 09:00:01,329 - WARNING - ⚠️ 300498 温氏股份 K线更新失败: ('Connection aborted.', RemoteDisconnected('Remote end closed connection without response'))
2025-09-07 09:00:02,451 - WARNING - ⚠️ 300499 高澜股份 K线更新失败: ('Connection aborted.', RemoteDisconnected('Remote end closed connection without response'))
2025-09-07 09:00:03,602 - WARNING - ⚠️ 300500 启迪设计 K线更新失败: ('Connection aborted.', RemoteDisconnected('Remote end closed connection without response'))
2025-09-07 09:00:04,736 - WARNING - ⚠️ 300501 海顺新材 K线更新失败: ('Connection aborted.', RemoteDisconnected('Remote end closed connection without response'))
2025-09-07 09:00:05,868 - WARNING - ⚠️ 300502 新易盛 K线更新失败: ('Connection aborted.', RemoteDisconnected('Remote end closed connection without response'))
2025-09-07 09:00:07,004 - WARNING - ⚠️ 300503 昊志机电 K线更新失败: ('Connection aborted.', RemoteDisconnected('Remote end closed connection without response'))
2025-09-07 09:00:08,133 - WARNING - ⚠️ 300504 天邑股份 K线更新失败: ('Connection aborted.', RemoteDisconnected('Remote end closed connection without response'))
2025-09-07 09:00:09,265 - WARNING - ⚠️ 300505 川金诺 K线更新失败: ('Connection aborted.', RemoteDisconnected('Remote end closed connection without response'))
2025-09-07 09:00:10,389 - WARNING - ⚠️ 300506 ST名家汇 K线更新失败: ('Connection aborted.', RemoteDisconnected('Remote end closed connection without response'))
2025-09-07 09:00:11,519 - WARNING - ⚠️ 300507 苏奥传感 K线更新失败: ('Connection aborted.', RemoteDisconnected('Remote end closed connection without response'))
2025-09-07 09:00:12,645 - WARNING - ⚠️ 300508 维宏股份 K线更新失败: ('Connection aborted.', RemoteDisconnected('Remote end closed connection without response'))
2025-09-07 09:00:13,772 - WARNING - ⚠️ 300509 新美星 K线更新失败: ('Connection aborted.', RemoteDisconnected('Remote end closed connection without response'))
2025-09-07 09:00:14,914 - WARNING - ⚠️ 300510 金冠股份 K线更新失败: ('Connection aborted.', RemoteDisconnected('Remote end closed connection without response'))
2025-09-07 09:00:16,047 - WARNING - ⚠️ 300511 雪榕生物 K线更新失败: ('Connection aborted.', RemoteDisconnected('Remote end closed connection without response'))
2025-09-07 09:00:17,185 - WARNING - ⚠️ 300512 中亚股份 K线更新失败: ('Connection aborted.', RemoteDisconnected('Remote end closed connection without response'))
2025-09-07 09:00:18,310 - WARNING - ⚠️ 300513 恒实科技 K线更新失败: ('Connection aborted.', RemoteDisconnected('Remote end closed connection without response'))
2025-09-07 09:00:19,438 - WARNING - ⚠️ 300514 友讯达 K线更新失败: ('Connection aborted.', RemoteDisconnected('Remote end closed connection without response'))
2025-09-07 09:00:20,583 - WARNING - ⚠️ 300515 三德科技 K线更新失败: ('Connection aborted.', RemoteDisconnected('Remote end closed connection without response'))
2025-09-07 09:00:21,722 - WARNING - ⚠️ 300516 久之洋 K线更新失败: ('Connection aborted.', RemoteDisconnected('Remote end closed connection without response'))
2025-09-07 09:00:22,849 - WARNING - ⚠️ 300517 海波重科 K线更新失败: ('Connection aborted.', RemoteDisconnected('Remote end closed connection without response'))
2025-09-07 09:00:23,967 - WARNING - ⚠️ 300518 新迅达 K线更新失败: ('Connection aborted.', RemoteDisconnected('Remote end closed connection without response'))
2025-09-07 09:00:25,100 - WARNING - ⚠️ 300519 新光药业 K线更新失败: ('Connection aborted.', RemoteDisconnected('Remote end closed connection without response'))
2025-09-07 09:00:26,236 - WARNING - ⚠️ 300520 科大国创 K线更新失败: ('Connection aborted.', RemoteDisconnected('Remote end closed connection without response'))
2025-09-07 09:00:27,371 - WARNING - ⚠️ 300521 爱司凯 K线更新失败: ('Connection aborted.', RemoteDisconnected('Remote end closed connection without response'))
2025-09-07 09:00:28,498 - WARNING - ⚠️ 300522 世名科技 K线更新失败: ('Connection aborted.', RemoteDisconnected('Remote end closed connection without response'))
2025-09-07 09:00:29,648 - WARNING - ⚠️ 300523 辰安科技 K线更新失败: ('Connection aborted.', RemoteDisconnected('Remote end closed connection without response'))
2025-09-07 09:00:30,768 - WARNING - ⚠️ 300525 博思软件 K线更新失败: ('Connection aborted.', RemoteDisconnected('Remote end closed connection without response'))
2025-09-07 09:00:31,909 - WARNING - ⚠️ 300527 ST应急 K线更新失败: ('Connection aborted.', RemoteDisconnected('Remote end closed connection without response'))
2025-09-07 09:00:33,046 - WARNING - ⚠️ 300528 幸福蓝海 K线更新失败: ('Connection aborted.', RemoteDisconnected('Remote end closed connection without response'))
2025-09-07 09:00:34,193 - WARNING - ⚠️ 300529 健帆生物 K线更新失败: ('Connection aborted.', RemoteDisconnected('Remote end closed connection without response'))
2025-09-07 09:00:35,340 - WARNING - ⚠️ 300530 领湃科技 K线更新失败: ('Connection aborted.', RemoteDisconnected('Remote end closed connection without response'))
2025-09-07 09:00:36,483 - WARNING - ⚠️ 300531 优博讯 K线更新失败: ('Connection aborted.', RemoteDisconnected('Remote end closed connection without response'))
2025-09-07 09:00:37,598 - WARNING - ⚠️ 300532 今天国际 K线更新失败: ('Connection aborted.', RemoteDisconnected('Remote end closed connection without response'))
2025-09-07 09:00:38,694 - WARNING - ⚠️ 300533 冰川网络 K线更新失败: ('Connection aborted.', RemoteDisconnected('Remote end closed connection without response'))
2025-09-07 09:00:39,821 - WARNING - ⚠️ 300534 陇神戎发 K线更新失败: ('Connection aborted.', RemoteDisconnected('Remote end closed connection without response'))
2025-09-07 09:00:40,961 - WARNING - ⚠️ 300535 达威股份 K线更新失败: ('Connection aborted.', RemoteDisconnected('Remote end closed connection without response'))
2025-09-07 09:00:42,105 - WARNING - ⚠️ 300536 农尚环境 K线更新失败: ('Connection aborted.', RemoteDisconnected('Remote end closed connection without response'))
2025-09-07 09:00:43,245 - WARNING - ⚠️ 300537 广信材料 K线更新失败: ('Connection aborted.', RemoteDisconnected('Remote end closed connection without response'))
2025-09-07 09:00:44,390 - WARNING - ⚠️ 300538 同益股份 K线更新失败: ('Connection aborted.', RemoteDisconnected('Remote end closed connection without response'))
2025-09-07 09:00:45,531 - WARNING - ⚠️ 300539 横河精密 K线更新失败: ('Connection aborted.', RemoteDisconnected('Remote end closed connection without response'))
2025-09-07 09:00:46,647 - WARNING - ⚠️ 300540 蜀道装备 K线更新失败: ('Connection aborted.', RemoteDisconnected('Remote end closed connection without response'))
2025-09-07 09:00:47,787 - WARNING - ⚠️ 300541 先进数通 K线更新失败: ('Connection aborted.', RemoteDisconnected('Remote end closed connection without response'))
2025-09-07 09:00:48,912 - WARNING - ⚠️ 300542 新晨科技 K线更新失败: ('Connection aborted.', RemoteDisconnected('Remote end closed connection without response'))
2025-09-07 09:00:50,056 - WARNING - ⚠️ 300543 朗科智能 K线更新失败: ('Connection aborted.', RemoteDisconnected('Remote end closed connection without response'))
2025-09-07 09:00:51,177 - WARNING - ⚠️ 300545 联得装备 K线更新失败: ('Connection aborted.', RemoteDisconnected('Remote end closed connection without response'))
2025-09-07 09:00:52,306 - WARNING - ⚠️ 300546 雄帝科技 K线更新失败: ('Connection aborted.', RemoteDisconnected('Remote end closed connection without response'))
2025-09-07 09:00:53,445 - WARNING - ⚠️ 300547 川环科技 K线更新失败: ('Connection aborted.', RemoteDisconnected('Remote end closed connection without response'))
2025-09-07 09:00:54,585 - WARNING - ⚠️ 300548 长芯博创 K线更新失败: ('Connection aborted.', RemoteDisconnected('Remote end closed connection without response'))
2025-09-07 09:00:55,721 - WARNING - ⚠️ 300549 优德精密 K线更新失败: ('Connection aborted.', RemoteDisconnected('Remote end closed connection without response'))
2025-09-07 09:00:56,864 - WARNING - ⚠️ 300550 和仁科技 K线更新失败: ('Connection aborted.', RemoteDisconnected('Remote end closed connection without response'))
2025-09-07 09:00:58,014 - WARNING - ⚠️ 300551 古鳌科技 K线更新失败: ('Connection aborted.', RemoteDisconnected('Remote end closed connection without response'))
2025-09-07 09:00:59,152 - WARNING - ⚠️ 300552 万集科技 K线更新失败: ('Connection aborted.', RemoteDisconnected('Remote end closed connection without response'))
2025-09-07 09:01:00,299 - WARNING - ⚠️ 300553 集智股份 K线更新失败: ('Connection aborted.', RemoteDisconnected('Remote end closed connection without response'))
2025-09-07 09:01:01,429 - WARNING - ⚠️ 300554 三超新材 K线更新失败: ('Connection aborted.', RemoteDisconnected('Remote end closed connection without response'))
2025-09-07 09:01:02,571 - WARNING - ⚠️ 300555 ST路通 K线更新失败: ('Connection aborted.', RemoteDisconnected('Remote end closed connection without response'))
2025-09-07 09:01:03,707 - WARNING - ⚠️ 300556 丝路视觉 K线更新失败: ('Connection aborted.', RemoteDisconnected('Remote end closed connection without response'))
2025-09-07 09:01:04,849 - WARNING - ⚠️ 300557 理工光科 K线更新失败: ('Connection aborted.', RemoteDisconnected('Remote end closed connection without response'))
2025-09-07 09:01:05,997 - WARNING - ⚠️ 300558 贝达药业 K线更新失败: ('Connection aborted.', RemoteDisconnected('Remote end closed connection without response'))
2025-09-07 09:01:07,126 - WARNING - ⚠️ 300559 佳发教育 K线更新失败: ('Connection aborted.', RemoteDisconnected('Remote end closed connection without response'))
2025-09-07 09:01:08,259 - WARNING - ⚠️ 300560 中富通 K线更新失败: ('Connection aborted.', RemoteDisconnected('Remote end closed connection without response'))
2025-09-07 09:01:09,409 - WARNING - ⚠️ 300561 *ST汇科 K线更新失败: ('Connection aborted.', RemoteDisconnected('Remote end closed connection without response'))
2025-09-07 09:01:10,528 - WARNING - ⚠️ 300562 乐心医疗 K线更新失败: ('Connection aborted.', RemoteDisconnected('Remote end closed connection without response'))
2025-09-07 09:01:11,660 - WARNING - ⚠️ 300563 神宇股份 K线更新失败: ('Connection aborted.', RemoteDisconnected('Remote end closed connection without response'))
2025-09-07 09:01:12,781 - WARNING - ⚠️ 300564 筑博设计 K线更新失败: ('Connection aborted.', RemoteDisconnected('Remote end closed connection without response'))
2025-09-07 09:01:13,923 - WARNING - ⚠️ 300565 科信技术 K线更新失败: ('Connection aborted.', RemoteDisconnected('Remote end closed connection without response'))
2025-09-07 09:01:15,049 - WARNING - ⚠️ 300566 激智科技 K线更新失败: ('Connection aborted.', RemoteDisconnected('Remote end closed connection without response'))
2025-09-07 09:01:16,165 - WARNING - ⚠️ 300567 精测电子 K线更新失败: ('Connection aborted.', RemoteDisconnected('Remote end closed connection without response'))
2025-09-07 09:01:17,298 - WARNING - ⚠️ 300568 星源材质 K线更新失败: ('Connection aborted.', RemoteDisconnected('Remote end closed connection without response'))
2025-09-07 09:01:18,422 - WARNING - ⚠️ 300569 天能重工 K线更新失败: ('Connection aborted.', RemoteDisconnected('Remote end closed connection without response'))
2025-09-07 09:01:19,565 - WARNING - ⚠️ 300570 太辰光 K线更新失败: ('Connection aborted.', RemoteDisconnected('Remote end closed connection without response'))
2025-09-07 09:01:20,704 - WARNING - ⚠️ 300571 平治信息 K线更新失败: ('Connection aborted.', RemoteDisconnected('Remote end closed connection without response'))
2025-09-07 09:01:21,848 - WARNING - ⚠️ 300572 安车检测 K线更新失败: ('Connection aborted.', RemoteDisconnected('Remote end closed connection without response'))
2025-09-07 09:01:22,977 - WARNING - ⚠️ 300573 兴齐眼药 K线更新失败: ('Connection aborted.', RemoteDisconnected('Remote end closed connection without response'))
2025-09-07 09:01:24,103 - WARNING - ⚠️ 300575 中旗股份 K线更新失败: ('Connection aborted.', RemoteDisconnected('Remote end closed connection without response'))
2025-09-07 09:01:25,233 - WARNING - ⚠️ 300576 容大感光 K线更新失败: ('Connection aborted.', RemoteDisconnected('Remote end closed connection without response'))
2025-09-07 09:01:26,345 - WARNING - ⚠️ 300577 开润股份 K线更新失败: ('Connection aborted.', RemoteDisconnected('Remote end closed connection without response'))
2025-09-07 09:01:27,490 - WARNING - ⚠️ 300578 会畅通讯 K线更新失败: ('Connection aborted.', RemoteDisconnected('Remote end closed connection without response'))
2025-09-07 09:01:29,064 - WARNING - ⚠️ 300579 数字认证 K线更新失败: ('Connection aborted.', RemoteDisconnected('Remote end closed connection without response'))
2025-09-07 09:01:30,183 - WARNING - ⚠️ 300580 贝斯特 K线更新失败: ('Connection aborted.', RemoteDisconnected('Remote end closed connection without response'))
2025-09-07 09:01:31,314 - WARNING - ⚠️ 300581 晨曦航空 K线更新失败: ('Connection aborted.', RemoteDisconnected('Remote end closed connection without response'))
2025-09-07 09:01:32,441 - WARNING - ⚠️ 300582 英飞特 K线更新失败: ('Connection aborted.', RemoteDisconnected('Remote end closed connection without response'))
2025-09-07 09:01:33,559 - WARNING - ⚠️ 300583 赛托生物 K线更新失败: ('Connection aborted.', RemoteDisconnected('Remote end closed connection without response'))
2025-09-07 09:01:34,697 - WARNING - ⚠️ 300584 海辰药业 K线更新失败: ('Connection aborted.', RemoteDisconnected('Remote end closed connection without response'))
2025-09-07 09:01:35,843 - WARNING - ⚠️ 300585 奥联电子 K线更新失败: ('Connection aborted.', RemoteDisconnected('Remote end closed connection without response'))
2025-09-07 09:01:36,993 - WARNING - ⚠️ 300586 美联新材 K线更新失败: ('Connection aborted.', RemoteDisconnected('Remote end closed connection without response'))
2025-09-07 09:01:38,133 - WARNING - ⚠️ 300587 天铁科技 K线更新失败: ('Connection aborted.', RemoteDisconnected('Remote end closed connection without response'))
2025-09-07 09:01:39,261 - WARNING - ⚠️ 300588 熙菱信息 K线更新失败: ('Connection aborted.', RemoteDisconnected('Remote end closed connection without response'))
2025-09-07 09:01:40,376 - WARNING - ⚠️ 300589 江龙船艇 K线更新失败: ('Connection aborted.', RemoteDisconnected('Remote end closed connection without response'))
2025-09-07 09:01:41,498 - WARNING - ⚠️ 300590 移为通信 K线更新失败: ('Connection aborted.', RemoteDisconnected('Remote end closed connection without response'))
2025-09-07 09:01:42,634 - WARNING - ⚠️ 300591 万里马 K线更新失败: ('Connection aborted.', RemoteDisconnected('Remote end closed connection without response'))
2025-09-07 09:01:43,777 - WARNING - ⚠️ 300592 华凯易佰 K线更新失败: ('Connection aborted.', RemoteDisconnected('Remote end closed connection without response'))
2025-09-07 09:01:44,925 - WARNING - ⚠️ 300593 新雷能 K线更新失败: ('Connection aborted.', RemoteDisconnected('Remote end closed connection without response'))
2025-09-07 09:01:46,080 - WARNING - ⚠️ 300594 朗进科技 K线更新失败: ('Connection aborted.', RemoteDisconnected('Remote end closed connection without response'))
2025-09-07 09:01:47,198 - WARNING - ⚠️ 300595 欧普康视 K线更新失败: ('Connection aborted.', RemoteDisconnected('Remote end closed connection without response'))
2025-09-07 09:01:48,345 - WARNING - ⚠️ 300596 利安隆 K线更新失败: ('Connection aborted.', RemoteDisconnected('Remote end closed connection without response'))
2025-09-07 09:01:49,476 - WARNING - ⚠️ 300597 吉大通信 K线更新失败: ('Connection aborted.', RemoteDisconnected('Remote end closed connection without response'))
2025-09-07 09:01:50,630 - WARNING - ⚠️ 300598 诚迈科技 K线更新失败: ('Connection aborted.', RemoteDisconnected('Remote end closed connection without response'))
2025-09-07 09:01:51,762 - WARNING - ⚠️ 300599 雄塑科技 K线更新失败: ('Connection aborted.', RemoteDisconnected('Remote end closed connection without response'))
2025-09-07 09:01:52,905 - WARNING - ⚠️ 300600 国瑞科技 K线更新失败: ('Connection aborted.', RemoteDisconnected('Remote end closed connection without response'))
2025-09-07 09:01:54,036 - WARNING - ⚠️ 300601 康泰生物 K线更新失败: ('Connection aborted.', RemoteDisconnected('Remote end closed connection without response'))
2025-09-07 09:01:55,177 - WARNING - ⚠️ 300602 飞荣达 K线更新失败: ('Connection aborted.', RemoteDisconnected('Remote end closed connection without response'))
2025-09-07 09:01:56,311 - WARNING - ⚠️ 300603 立昂技术 K线更新失败: ('Connection aborted.', RemoteDisconnected('Remote end closed connection without response'))
2025-09-07 09:01:57,445 - WARNING - ⚠️ 300604 长川科技 K线更新失败: ('Connection aborted.', RemoteDisconnected('Remote end closed connection without response'))
2025-09-07 09:01:58,586 - WARNING - ⚠️ 300605 恒锋信息 K线更新失败: ('Connection aborted.', RemoteDisconnected('Remote end closed connection without response'))
2025-09-07 09:01:59,754 - WARNING - ⚠️ 300606 金太阳 K线更新失败: ('Connection aborted.', RemoteDisconnected('Remote end closed connection without response'))
2025-09-07 09:02:00,896 - WARNING - ⚠️ 300607 拓斯达 K线更新失败: ('Connection aborted.', RemoteDisconnected('Remote end closed connection without response'))
2025-09-07 09:02:02,021 - WARNING - ⚠️ 300608 思特奇 K线更新失败: ('Connection aborted.', RemoteDisconnected('Remote end closed connection without response'))
2025-09-07 09:02:03,160 - WARNING - ⚠️ 300609 汇纳科技 K线更新失败: ('Connection aborted.', RemoteDisconnected('Remote end closed connection without response'))
2025-09-07 09:02:04,296 - WARNING - ⚠️ 300610 晨化股份 K线更新失败: ('Connection aborted.', RemoteDisconnected('Remote end closed connection without response'))
2025-09-07 09:02:05,413 - WARNING - ⚠️ 300611 美力科技 K线更新失败: ('Connection aborted.', RemoteDisconnected('Remote end closed connection without response'))
2025-09-07 09:02:06,525 - WARNING - ⚠️ 300612 宣亚国际 K线更新失败: ('Connection aborted.', RemoteDisconnected('Remote end closed connection without response'))
2025-09-07 09:02:07,653 - WARNING - ⚠️ 300613 富瀚微 K线更新失败: ('Connection aborted.', RemoteDisconnected('Remote end closed connection without response'))
2025-09-07 09:02:08,797 - WARNING - ⚠️ 300614 百川畅银 K线更新失败: ('Connection aborted.', RemoteDisconnected('Remote end closed connection without response'))
2025-09-07 09:02:08,924 - INFO - 数据库连接已关闭
2025-09-07 12:32:26,531 - INFO - 🌟 每周数据更新程序启动
2025-09-07 12:32:26,531 - INFO - 🚀 开始每周数据更新...
2025-09-07 12:32:26,531 - INFO - ============================================================
2025-09-07 12:32:26,536 - INFO - ✅ 成功连接到MySQL数据库
2025-09-07 12:32:26,536 - INFO - 📊 开始更新近7个自然日K线数据）...
2025-09-07 12:32:29,904 - INFO - 📊 准备更新 3653 只股票的近7个自然日K线数据
2025-09-07 12:32:31,854 - INFO - 📈 已处理000711 *ST京蓝 
2025-09-07 12:32:37,197 - INFO - 📈 已处理300301 ST长方 
2025-09-07 12:32:39,571 - INFO - 📈 已处理300302 同有科技 
2025-09-07 12:32:45,010 - INFO - 📈 已处理300303 聚飞光电 
2025-09-07 12:32:46,675 - INFO - 📈 已处理300304 云意电气 
2025-09-07 12:32:50,615 - INFO - 📈 已处理300305 裕兴股份 
2025-09-07 12:32:52,728 - INFO - 📈 已处理300311 ST任子行 
2025-09-07 12:32:56,370 - INFO - 📈 已处理300313 *ST天山 
2025-09-07 12:32:59,139 - INFO - 📈 已处理300314 戴维医疗 
2025-09-07 12:33:01,367 - INFO - 📈 已处理300315 掌趣科技 
2025-09-07 12:33:04,185 - INFO - 📈 已处理300316 晶盛机电 
2025-09-07 12:33:09,330 - INFO - 📈 已处理300317 珈伟新能 
2025-09-07 12:33:11,976 - INFO - 📈 已处理300318 博晖创新 
2025-09-07 12:33:14,911 - INFO - 📈 已处理300319 麦捷科技 
2025-09-07 12:33:16,421 - INFO - 📈 已处理300320 海达股份 
2025-09-07 12:33:22,450 - WARNING - ⚠️ 300321 同大股份 K线更新失败: ('Connection aborted.', ConnectionResetError(10054, '远程主机强迫关闭了一个现有的连接。', None, 10054, None))
2025-09-07 12:33:23,951 - INFO - 📈 已处理300322 硕贝德 
2025-09-07 12:33:26,027 - INFO - 📈 已处理300323 华灿光电 
2025-09-07 12:33:28,164 - INFO - 📈 已处理300324 旋极信息 
2025-09-07 12:33:30,738 - INFO - 📈 已处理300326 ST凯利 
2025-09-07 12:33:32,198 - INFO - 📈 已处理300327 中颖电子 
2025-09-07 12:33:34,261 - INFO - 📈 已处理300328 宜安科技 
2025-09-07 12:33:36,309 - INFO - 📈 已处理300329 海伦钢琴 
2025-09-07 12:33:39,183 - INFO - 📈 已处理300331 苏大维格 
2025-09-07 12:33:40,797 - INFO - 📈 已处理300332 天壕能源 
2025-09-07 12:33:42,908 - INFO - 📈 已处理300333 兆日科技 
2025-09-07 12:33:45,407 - INFO - 📈 已处理300334 津膜科技 
2025-09-07 12:33:47,525 - INFO - 📈 已处理300335 迪森股份 
2025-09-07 12:33:49,598 - INFO - 📈 已处理300337 银邦股份 
2025-09-07 12:33:54,687 - INFO - 📈 已处理300338 ST开元 
2025-09-07 12:33:58,463 - INFO - 📈 已处理300339 润和软件 
2025-09-07 12:34:01,865 - INFO - 📈 已处理300340 科恒股份 
2025-09-07 12:34:03,408 - INFO - 📈 已处理300341 麦克奥迪 
2025-09-07 12:34:07,010 - INFO - 📈 已处理300342 天银机电 
2025-09-07 12:34:08,824 - INFO - 📈 已处理300343 ST联创 
2025-09-07 12:34:10,498 - INFO - 📈 已处理300344 ST立方 
2025-09-07 12:34:13,375 - INFO - 📈 已处理300345 华民股份 
2025-09-07 12:34:15,131 - INFO - 📈 已处理300346 南大光电 
2025-09-07 12:34:17,051 - INFO - 📈 已处理300347 泰格医药 
2025-09-07 12:34:20,259 - INFO - 📈 已处理300348 长亮科技 
2025-09-07 12:34:24,529 - INFO - 📈 已处理300349 金卡智能 
2025-09-07 12:34:30,670 - INFO - 📈 已处理300350 华鹏飞 
2025-09-07 12:34:32,810 - INFO - 📈 已处理300351 永贵电器 
2025-09-07 12:34:34,425 - INFO - 📈 已处理300352 北信源 
2025-09-07 12:34:36,822 - INFO - 📈 已处理300353 东土科技 
2025-09-07 12:34:38,703 - INFO - 📈 已处理300354 东华测试 
2025-09-07 12:34:41,737 - INFO - 📈 已处理300355 蒙草生态 
2025-09-07 12:34:43,594 - INFO - 📈 已处理300357 我武生物 
2025-09-07 12:34:46,425 - INFO - 📈 已处理300358 楚天科技 
2025-09-07 12:34:46,425 - INFO - 📈 已处理 50/3653 只股票，成功 48 只
2025-09-07 12:34:49,775 - INFO - 📈 已处理300359 全通教育 
2025-09-07 12:34:51,701 - INFO - 📈 已处理300360 炬华科技 
2025-09-07 12:34:55,728 - INFO - 📈 已处理300363 博腾股份 
2025-09-07 12:34:57,402 - INFO - 📈 已处理300364 中文在线 
2025-09-07 12:34:58,940 - INFO - 📈 已处理300365 恒华科技 
2025-09-07 12:35:00,756 - INFO - 📈 已处理300366 创意信息 
2025-09-07 12:35:02,266 - INFO - 📈 已处理300368 汇金股份 
2025-09-07 12:35:04,833 - INFO - 📈 已处理300369 绿盟科技 
2025-09-07 12:35:07,360 - INFO - 📈 已处理300370 安控科技 
2025-09-07 12:35:10,468 - INFO - 📈 已处理300371 汇中股份 
2025-09-07 12:35:14,545 - INFO - 📈 已处理300373 扬杰科技 
2025-09-07 12:35:16,182 - INFO - 📈 已处理300374 中铁装配 
2025-09-07 12:35:18,891 - INFO - 📈 已处理300375 鹏翎股份 
2025-09-07 12:35:20,473 - INFO - 📈 已处理300376 ST易事特 
2025-09-07 12:35:22,091 - INFO - 📈 已处理300377 赢时胜 
2025-09-07 12:35:24,029 - INFO - 📈 已处理300378 鼎捷数智 
2025-09-07 12:35:25,537 - INFO - 📈 已处理300379 *ST东通 
2025-09-07 12:35:27,108 - INFO - 📈 已处理300380 安硕信息 
2025-09-07 12:35:28,627 - INFO - 📈 已处理300381 溢多利 
2025-09-07 12:35:30,475 - INFO - 📈 已处理300382 斯莱克 
2025-09-07 12:35:33,696 - INFO - 📈 已处理300383 光环新网 
2025-09-07 12:35:35,248 - INFO - 📈 已处理300384 三联虹普 
2025-09-07 12:35:37,759 - INFO - 📈 已处理300385 雪浪环境 
2025-09-07 12:35:39,587 - INFO - 📈 已处理300386 飞天诚信 
2025-09-07 12:35:41,721 - INFO - 📈 已处理300387 富邦科技 
2025-09-07 12:35:45,482 - INFO - 📈 已处理300388 节能国祯 
2025-09-07 12:35:53,138 - INFO - 📈 已处理300389 艾比森 
2025-09-07 12:35:56,059 - INFO - 📈 已处理300390 天华新能 
2025-09-07 12:35:57,624 - INFO - 📈 已处理300391 *ST长药 
2025-09-07 12:36:03,901 - INFO - 📈 已处理300393 中来股份 
2025-09-07 12:36:06,549 - INFO - 📈 已处理300394 天孚通信 
2025-09-07 12:36:08,111 - INFO - 📈 已处理300395 菲利华 
2025-09-07 12:36:10,154 - INFO - 📈 已处理300396 迪瑞医疗 
2025-09-07 12:36:14,328 - INFO - 📈 已处理300397 天和防务 
2025-09-07 12:36:15,867 - INFO - 📈 已处理300398 飞凯材料 
2025-09-07 12:36:18,475 - INFO - 📈 已处理300399 天利科技 
2025-09-07 12:36:23,437 - INFO - 📈 已处理300400 劲拓股份 
2025-09-07 12:36:25,660 - INFO - 📈 已处理300401 花园生物 
2025-09-07 12:36:28,164 - INFO - 📈 已处理300402 宝色股份 
2025-09-07 12:36:31,099 - INFO - 📈 已处理300403 汉宇集团 
2025-09-07 12:36:32,703 - INFO - 📈 已处理300404 博济医药 
2025-09-07 12:36:34,227 - INFO - 📈 已处理300405 科隆股份 
2025-09-07 12:36:35,850 - INFO - 📈 已处理300406 九强生物 
2025-09-07 12:36:37,896 - INFO - 📈 已处理300407 凯发电气 
2025-09-07 12:36:39,906 - INFO - 📈 已处理300408 三环集团 
2025-09-07 12:36:42,326 - INFO - 📈 已处理300409 道氏技术 
2025-09-07 12:36:43,900 - INFO - 📈 已处理300410 正业科技 
2025-09-07 12:36:45,540 - INFO - 📈 已处理300411 金盾股份 
2025-09-07 12:36:47,069 - INFO - 📈 已处理300412 迦南科技 
2025-09-07 12:36:49,860 - INFO - 📈 已处理300413 芒果超媒 
2025-09-07 12:36:49,860 - INFO - 📈 已处理 100/3653 只股票，成功 98 只
2025-09-07 12:36:56,745 - INFO - 📈 已处理300414 中光防雷 
2025-09-07 12:36:58,365 - INFO - 📈 已处理300415 伊之密 
2025-09-07 12:37:00,969 - INFO - 📈 已处理300416 苏试试验 
2025-09-07 12:37:02,524 - INFO - 📈 已处理300417 南华仪器 
2025-09-07 12:37:05,825 - INFO - 📈 已处理300418 昆仑万维 
2025-09-07 12:37:07,377 - INFO - 📈 已处理300419 ST浩丰 
2025-09-07 12:37:09,859 - INFO - 📈 已处理300420 五洋自控 
2025-09-07 12:37:11,388 - INFO - 📈 已处理300421 力星股份 
2025-09-07 12:37:13,994 - INFO - 📈 已处理300422 博世科 
2025-09-07 12:37:15,559 - INFO - 📈 已处理300423 昇辉科技 
2025-09-07 12:37:18,791 - INFO - 📈 已处理300424 航新科技 
2025-09-07 12:37:20,451 - INFO - 📈 已处理300425 中建环能 
2025-09-07 12:37:22,691 - INFO - 📈 已处理300426 华智数媒 
2025-09-07 12:37:24,638 - INFO - 📈 已处理300427 红相股份 
2025-09-07 12:37:26,574 - INFO - 📈 已处理300428 立中集团 
2025-09-07 12:37:29,218 - INFO - 📈 已处理300429 强力新材 
2025-09-07 12:37:31,517 - INFO - 📈 已处理300430 诚益通 
2025-09-07 12:37:33,436 - INFO - 📈 已处理300432 富临精工 
2025-09-07 12:37:35,028 - INFO - 📈 已处理300433 蓝思科技 
2025-09-07 12:37:36,875 - INFO - 📈 已处理300434 金石亚药 
2025-09-07 12:37:39,817 - INFO - 📈 已处理300435 中泰股份 
2025-09-07 12:37:41,907 - INFO - 📈 已处理300436 广生堂 
2025-09-07 12:37:43,834 - INFO - 📈 已处理300437 清水源 
2025-09-07 12:37:45,870 - INFO - 📈 已处理300438 鹏辉能源 
2025-09-07 12:37:47,722 - INFO - 📈 已处理300439 美康生物 
2025-09-07 12:37:49,246 - INFO - 📈 已处理300440 运达科技 
2025-09-07 12:37:52,382 - INFO - 📈 已处理300441 鲍斯股份 
2025-09-07 12:37:54,467 - INFO - 📈 已处理300442 润泽科技 
2025-09-07 12:37:56,767 - INFO - 📈 已处理300443 金雷股份 
2025-09-07 12:37:58,353 - INFO - 📈 已处理300444 双杰电气 
2025-09-07 12:38:02,708 - INFO - 📈 已处理300445 康斯特 
2025-09-07 12:38:06,141 - INFO - 📈 已处理300446 航天智造 
2025-09-07 12:38:07,812 - INFO - 📈 已处理300447 全信股份 
2025-09-07 12:38:09,488 - INFO - 📈 已处理300448 浩云科技 
2025-09-07 12:38:11,533 - INFO - 📈 已处理300449 汉邦高科 
2025-09-07 12:38:13,173 - INFO - 📈 已处理300450 先导智能 
2025-09-07 12:38:15,011 - INFO - 📈 已处理300451 创业慧康 
2025-09-07 12:38:16,575 - INFO - 📈 已处理300452 山河药辅 
2025-09-07 12:38:19,389 - INFO - 📈 已处理300453 三鑫医疗 
2025-09-07 12:38:22,807 - INFO - 📈 已处理300454 深信服 
2025-09-07 12:38:25,161 - INFO - 📈 已处理300455 航天智装 
2025-09-07 12:38:28,702 - INFO - 📈 已处理300456 赛微电子 
2025-09-07 12:38:31,891 - INFO - 📈 已处理300457 赢合科技 
2025-09-07 12:38:34,241 - INFO - 📈 已处理300458 全志科技 
2025-09-07 12:38:36,996 - INFO - 📈 已处理300459 汤姆猫 
2025-09-07 12:38:42,265 - INFO - 📈 已处理300460 惠伦晶体 
2025-09-07 12:38:44,808 - INFO - 📈 已处理300461 田中精机 
2025-09-07 12:38:48,190 - INFO - 📈 已处理300462 ST华铭 
2025-09-07 12:38:50,389 - INFO - 📈 已处理300463 迈克生物 
2025-09-07 12:38:52,031 - INFO - 📈 已处理300464 星徽股份 
2025-09-07 12:38:52,031 - INFO - 📈 已处理 150/3653 只股票，成功 148 只
2025-09-07 12:38:54,832 - INFO - 📈 已处理300465 高伟达 
2025-09-07 12:38:57,366 - INFO - 📈 已处理300466 赛摩智能 
2025-09-07 12:38:59,645 - INFO - 📈 已处理300467 迅游科技 
2025-09-07 12:39:01,641 - INFO - 📈 已处理300468 四方精创 
2025-09-07 12:39:09,127 - INFO - 📈 已处理300469 信息发展 
2025-09-07 12:39:11,799 - INFO - 📈 已处理300470 中密控股 
2025-09-07 12:39:14,373 - INFO - 📈 已处理300471 厚普股份 
2025-09-07 12:39:17,061 - INFO - 📈 已处理300472 *ST新元 
2025-09-07 12:39:20,345 - INFO - 📈 已处理300473 德尔股份 
2025-09-07 12:39:23,368 - INFO - 📈 已处理300474 景嘉微 
2025-09-07 12:39:25,127 - INFO - 📈 已处理300475 香农芯创 
2025-09-07 12:39:27,945 - INFO - 📈 已处理300476 胜宏科技 
2025-09-07 12:39:29,638 - INFO - 📈 已处理300477 ST合纵 
2025-09-07 12:39:32,829 - INFO - 📈 已处理300478 杭州高新 
2025-09-07 12:39:34,836 - INFO - 📈 已处理300479 神思电子 
2025-09-07 12:39:36,542 - INFO - 📈 已处理300480 光力科技 
2025-09-07 12:39:38,331 - INFO - 📈 已处理300481 濮阳惠成 
2025-09-07 12:39:40,312 - INFO - 📈 已处理300482 万孚生物 
2025-09-07 12:39:43,931 - INFO - 📈 已处理300483 首华燃气 
2025-09-07 12:39:47,189 - INFO - 📈 已处理300484 蓝海华腾 
2025-09-07 12:39:48,857 - INFO - 📈 已处理300485 赛升药业 
2025-09-07 12:39:50,646 - INFO - 📈 已处理300486 东杰智能 
2025-09-07 12:39:52,201 - INFO - 📈 已处理300487 蓝晓科技 
2025-09-07 12:39:54,279 - INFO - 📈 已处理300488 恒锋工具 
2025-09-07 12:39:57,867 - INFO - 📈 已处理300489 光智科技 
2025-09-07 12:39:59,346 - INFO - 📈 已处理300490 华自科技 
2025-09-07 12:40:00,850 - INFO - 📈 已处理300491 通合科技 
2025-09-07 12:40:02,547 - INFO - 📈 已处理300492 华图山鼎 
2025-09-07 12:40:05,441 - INFO - 📈 已处理300493 润欣科技 
2025-09-07 12:40:07,568 - INFO - 📈 已处理300494 盛天网络 
2025-09-07 12:40:10,528 - INFO - 📈 已处理300496 中科创达 
2025-09-07 12:40:12,581 - INFO - 📈 已处理300497 富祥药业 
2025-09-07 12:40:15,569 - INFO - 📈 已处理300498 温氏股份 
2025-09-07 12:40:17,188 - INFO - 📈 已处理300499 高澜股份 
2025-09-07 12:40:18,726 - INFO - 📈 已处理300500 启迪设计 
2025-09-07 12:40:20,700 - INFO - 📈 已处理300501 海顺新材 
2025-09-07 12:40:23,362 - INFO - 📈 已处理300502 新易盛 
2025-09-07 12:40:25,162 - INFO - 📈 已处理300503 昊志机电 
2025-09-07 12:40:27,678 - INFO - 📈 已处理300504 天邑股份 
2025-09-07 12:40:30,721 - INFO - 📈 已处理300505 川金诺 
2025-09-07 12:40:32,371 - INFO - 📈 已处理300506 ST名家汇 
2025-09-07 12:40:34,002 - INFO - 📈 已处理300507 苏奥传感 
2025-09-07 12:40:35,526 - INFO - 📈 已处理300508 维宏股份 
2025-09-07 12:40:37,154 - INFO - 📈 已处理300509 新美星 
2025-09-07 12:40:38,983 - INFO - 📈 已处理300510 金冠股份 
2025-09-07 12:40:42,844 - INFO - 📈 已处理300511 雪榕生物 
2025-09-07 12:40:46,173 - INFO - 📈 已处理300512 中亚股份 
2025-09-07 12:40:49,355 - INFO - 📈 已处理300513 恒实科技 
2025-09-07 12:40:55,385 - WARNING - ⚠️ 300514 友讯达 K线更新失败: ('Connection aborted.', ConnectionResetError(10054, '远程主机强迫关闭了一个现有的连接。', None, 10054, None))
2025-09-07 12:40:58,848 - INFO - 📈 已处理300515 三德科技 
2025-09-07 12:40:58,848 - INFO - 📈 已处理 200/3653 只股票，成功 197 只
2025-09-07 12:41:02,394 - INFO - 📈 已处理300516 久之洋 
2025-09-07 12:41:04,623 - INFO - 📈 已处理300517 海波重科 
2025-09-07 12:41:06,249 - INFO - 📈 已处理300518 新迅达 
2025-09-07 12:41:10,153 - INFO - 📈 已处理300519 新光药业 
2025-09-07 12:41:14,888 - INFO - 📈 已处理300520 科大国创 
2025-09-07 12:41:16,660 - INFO - 📈 已处理300521 爱司凯 
2025-09-07 12:41:22,710 - INFO - 📈 已处理300522 世名科技 
2025-09-07 12:41:25,979 - INFO - 📈 已处理300523 辰安科技 
2025-09-07 12:41:29,627 - INFO - 📈 已处理300525 博思软件 
2025-09-07 12:41:36,876 - INFO - 📈 已处理300527 ST应急 
2025-09-07 12:41:38,652 - INFO - 📈 已处理300528 幸福蓝海 
2025-09-07 12:41:44,658 - WARNING - ⚠️ 300529 健帆生物 K线更新失败: ('Connection aborted.', ConnectionResetError(10054, '远程主机强迫关闭了一个现有的连接。', None, 10054, None))
2025-09-07 12:41:46,203 - INFO - 📈 已处理300530 领湃科技 
2025-09-07 12:41:47,830 - INFO - 📈 已处理300531 优博讯 
2025-09-07 12:41:49,348 - INFO - 📈 已处理300532 今天国际 
2025-09-07 12:41:51,282 - INFO - 📈 已处理300533 冰川网络 
2025-09-07 12:41:52,904 - INFO - 📈 已处理300534 陇神戎发 
2025-09-07 12:41:58,910 - WARNING - ⚠️ 300535 达威股份 K线更新失败: ('Connection aborted.', ConnectionResetError(10054, '远程主机强迫关闭了一个现有的连接。', None, 10054, None))
2025-09-07 12:42:00,496 - INFO - 📈 已处理300536 农尚环境 
2025-09-07 12:42:02,276 - INFO - 📈 已处理300537 广信材料 
2025-09-07 12:42:05,028 - INFO - 📈 已处理300538 同益股份 
2025-09-07 12:42:06,680 - INFO - 📈 已处理300539 横河精密 
2025-09-07 12:42:08,342 - INFO - 📈 已处理300540 蜀道装备 
2025-09-07 12:42:12,583 - INFO - 📈 已处理300541 先进数通 
2025-09-07 12:42:15,405 - INFO - 📈 已处理300542 新晨科技 
2025-09-07 12:42:17,041 - INFO - 📈 已处理300543 朗科智能 
2025-09-07 12:42:19,686 - INFO - 📈 已处理300545 联得装备 
2025-09-07 12:42:21,579 - INFO - 📈 已处理300546 雄帝科技 
2025-09-07 12:42:23,150 - INFO - 📈 已处理300547 川环科技 
2025-09-07 12:42:24,894 - INFO - 📈 已处理300548 长芯博创 
2025-09-07 12:42:27,988 - INFO - 📈 已处理300549 优德精密 
2025-09-07 12:42:30,051 - INFO - 📈 已处理300550 和仁科技 
2025-09-07 12:42:33,267 - INFO - 📈 已处理300551 古鳌科技 
2025-09-07 12:42:38,724 - INFO - 📈 已处理300552 万集科技 
2025-09-07 12:42:41,010 - INFO - 📈 已处理300553 集智股份 
2025-09-07 12:42:45,853 - INFO - 📈 已处理300554 三超新材 
2025-09-07 12:42:49,023 - INFO - 📈 已处理300555 ST路通 
2025-09-07 12:42:51,152 - INFO - 📈 已处理300556 丝路视觉 
2025-09-07 12:42:52,875 - INFO - 📈 已处理300557 理工光科 
2025-09-07 12:42:56,285 - INFO - 📈 已处理300558 贝达药业 
2025-09-07 12:42:59,230 - INFO - 📈 已处理300559 佳发教育 
2025-09-07 12:43:01,972 - INFO - 📈 已处理300560 中富通 
2025-09-07 12:43:04,124 - INFO - 📈 已处理300561 *ST汇科 
2025-09-07 12:43:06,445 - INFO - 📈 已处理300562 乐心医疗 
2025-09-07 12:43:09,045 - INFO - 📈 已处理300563 神宇股份 
2025-09-07 12:43:11,270 - INFO - 📈 已处理300564 筑博设计 
2025-09-07 12:43:13,515 - INFO - 📈 已处理300565 科信技术 
2025-09-07 12:43:16,277 - INFO - 📈 已处理300566 激智科技 
2025-09-07 12:43:19,118 - INFO - 📈 已处理300567 精测电子 
2025-09-07 12:43:21,677 - INFO - 📈 已处理300568 星源材质 
2025-09-07 12:43:21,677 - INFO - 📈 已处理 250/3653 只股票，成功 245 只
2025-09-07 12:43:23,539 - INFO - 📈 已处理300569 天能重工 
2025-09-07 12:43:26,122 - INFO - 📈 已处理300570 太辰光 
2025-09-07 12:43:27,767 - INFO - 📈 已处理300571 平治信息 
2025-09-07 12:43:30,329 - INFO - 📈 已处理300572 安车检测 
2025-09-07 12:43:32,395 - INFO - 📈 已处理300573 兴齐眼药 
2025-09-07 12:43:34,103 - INFO - 📈 已处理300575 中旗股份 
2025-09-07 12:43:36,658 - INFO - 📈 已处理300576 容大感光 
2025-09-07 12:43:38,532 - INFO - 📈 已处理300577 开润股份 
2025-09-07 12:43:41,916 - INFO - 📈 已处理300578 会畅通讯 
2025-09-07 12:43:44,507 - INFO - 📈 已处理300579 数字认证 
2025-09-07 12:43:47,177 - INFO - 📈 已处理300580 贝斯特 
2025-09-07 12:43:48,936 - INFO - 📈 已处理300581 晨曦航空 
2025-09-07 12:43:50,565 - INFO - 📈 已处理300582 英飞特 
2025-09-07 12:43:52,185 - INFO - 📈 已处理300583 赛托生物 
2025-09-07 12:43:55,372 - INFO - 📈 已处理300584 海辰药业 
2025-09-07 12:43:57,329 - INFO - 📈 已处理300585 奥联电子 
2025-09-07 12:43:59,453 - INFO - 📈 已处理300586 美联新材 
2025-09-07 12:44:02,354 - INFO - 📈 已处理300587 天铁科技 
2025-09-07 12:44:05,628 - INFO - 📈 已处理300588 熙菱信息 
2025-09-07 12:44:08,487 - INFO - 📈 已处理300589 江龙船艇 
2025-09-07 12:44:10,634 - INFO - 📈 已处理300590 移为通信 
2025-09-07 12:44:12,245 - INFO - 📈 已处理300591 万里马 
2025-09-07 12:44:13,862 - INFO - 📈 已处理300592 华凯易佰 
2025-09-07 12:44:16,645 - INFO - 📈 已处理300593 新雷能 
2025-09-07 12:44:18,356 - INFO - 📈 已处理300594 朗进科技 
2025-09-07 12:44:21,655 - INFO - 📈 已处理300595 欧普康视 
2025-09-07 12:44:23,725 - INFO - 📈 已处理300596 利安隆 
2025-09-07 12:44:26,571 - INFO - 📈 已处理300597 吉大通信 
2025-09-07 12:44:28,606 - INFO - 📈 已处理300598 诚迈科技 
2025-09-07 12:44:30,658 - INFO - 📈 已处理300599 雄塑科技 
2025-09-07 12:44:35,090 - INFO - 📈 已处理300600 国瑞科技 
2025-09-07 12:44:41,110 - WARNING - ⚠️ 300601 康泰生物 K线更新失败: ('Connection aborted.', ConnectionResetError(10054, '远程主机强迫关闭了一个现有的连接。', None, 10054, None))
2025-09-07 12:44:43,950 - INFO - 📈 已处理300602 飞荣达 
2025-09-07 12:44:45,983 - INFO - 📈 已处理300603 立昂技术 
2025-09-07 12:44:51,028 - INFO - 📈 已处理300604 长川科技 
2025-09-07 12:44:53,086 - INFO - 📈 已处理300605 恒锋信息 
2025-09-07 12:44:54,890 - INFO - 📈 已处理300606 金太阳 
2025-09-07 12:44:58,691 - INFO - 📈 已处理300607 拓斯达 
2025-09-07 12:45:00,600 - INFO - 📈 已处理300608 思特奇 
2025-09-07 12:45:03,774 - INFO - 📈 已处理300609 汇纳科技 
2025-09-07 12:45:05,402 - INFO - 📈 已处理300610 晨化股份 
2025-09-07 12:45:07,614 - INFO - 📈 已处理300611 美力科技 
2025-09-07 12:45:12,497 - INFO - 📈 已处理300612 宣亚国际 
2025-09-07 12:45:16,765 - INFO - 📈 已处理300613 富瀚微 
2025-09-07 12:45:18,602 - INFO - 📈 已处理300614 百川畅银 
2025-09-07 12:45:20,207 - INFO - 📈 已处理300615 欣天科技 
2025-09-07 12:45:29,389 - INFO - 📈 已处理300616 尚品宅配 
2025-09-07 12:45:30,915 - INFO - 📈 已处理300617 安靠智电 
2025-09-07 12:45:32,438 - INFO - 📈 已处理300618 寒锐钴业 
2025-09-07 12:45:34,346 - INFO - 📈 已处理300619 金银河 
2025-09-07 12:45:34,346 - INFO - 📈 已处理 300/3653 只股票，成功 294 只
2025-09-07 12:45:36,033 - INFO - 📈 已处理300620 光库科技 
2025-09-07 12:45:37,831 - INFO - 📈 已处理300621 维业股份 
2025-09-07 12:45:39,698 - INFO - 📈 已处理300622 博士眼镜 
2025-09-07 12:45:41,383 - INFO - 📈 已处理300623 捷捷微电 
2025-09-07 12:45:43,185 - INFO - 📈 已处理300624 万兴科技 
2025-09-07 12:45:47,879 - INFO - 📈 已处理300625 三雄极光 
2025-09-07 12:45:50,494 - INFO - 📈 已处理300626 华瑞股份 
2025-09-07 12:45:53,954 - INFO - 📈 已处理300627 华测导航 
2025-09-07 12:48:06,691 - WARNING - ⚠️ 300628 亿联网络 K线更新失败: HTTPSConnectionPool(host='push2his.eastmoney.com', port=443): Max retries exceeded with url: /api/qt/stock/kline/get?fields1=f1%2Cf2%2Cf3%2Cf4%2Cf5%2Cf6&fields2=f51%2Cf52%2Cf53%2Cf54%2Cf55%2Cf56%2Cf57%2Cf58%2Cf59%2Cf60%2Cf61%2Cf116&ut=7eea3edcaed734bea9cbfc24409ed989&klt=101&fqt=0&secid=0.300628&beg=20250831&end=20250907 (Caused by SSLError(SSLEOFError(8, '[SSL: UNEXPECTED_EOF_WHILE_READING] EOF occurred in violation of protocol (_ssl.c:1007)')))
2025-09-07 12:48:08,598 - INFO - 📈 已处理300629 新劲刚 
2025-09-07 12:48:11,117 - INFO - 📈 已处理300631 久吾高科 
2025-09-07 12:48:13,095 - INFO - 📈 已处理300632 光莆股份 
2025-09-07 12:48:15,281 - INFO - 📈 已处理300633 开立医疗 
2025-09-07 12:48:16,908 - INFO - 📈 已处理300634 彩讯股份 
2025-09-07 12:48:19,382 - INFO - 📈 已处理300635 中达安 
2025-09-07 12:48:24,217 - INFO - 📈 已处理300636 同和药业 
2025-09-07 12:48:25,736 - INFO - 📈 已处理300637 扬帆新材 
2025-09-07 12:48:28,610 - INFO - 📈 已处理300638 广和通 
2025-09-07 12:48:30,187 - INFO - 📈 已处理300639 凯普生物 
2025-09-07 12:48:33,097 - INFO - 📈 已处理300640 德艺文创 
2025-09-07 12:48:34,605 - INFO - 📈 已处理300641 正丹股份 
2025-09-07 12:48:37,522 - INFO - 📈 已处理300642 透景生命 
2025-09-07 12:48:39,166 - INFO - 📈 已处理300643 万通智控 
2025-09-07 12:48:40,772 - INFO - 📈 已处理300644 南京聚隆 
2025-09-07 12:48:42,734 - INFO - 📈 已处理300645 正元智慧 
2025-09-07 12:48:44,645 - INFO - 📈 已处理300647 超频三 
2025-09-07 12:48:46,592 - INFO - 📈 已处理300648 星云股份 
2025-09-07 12:48:52,623 - WARNING - ⚠️ 300649 杭州园林 K线更新失败: ('Connection aborted.', ConnectionResetError(10054, '远程主机强迫关闭了一个现有的连接。', None, 10054, None))
2025-09-07 12:48:54,686 - INFO - 📈 已处理300650 太龙股份 
2025-09-07 12:48:56,528 - INFO - 📈 已处理300651 金陵体育 
2025-09-07 12:48:59,113 - INFO - 📈 已处理300652 雷迪克 
2025-09-07 12:49:02,299 - INFO - 📈 已处理300653 正海生物 
2025-09-07 12:49:04,369 - INFO - 📈 已处理300654 世纪天鸿 
2025-09-07 12:49:06,089 - INFO - 📈 已处理300655 晶瑞电材 
2025-09-07 12:49:08,132 - INFO - 📈 已处理300656 民德电子 
2025-09-07 12:49:16,796 - INFO - 📈 已处理300657 弘信电子 
2025-09-07 12:49:18,334 - INFO - 📈 已处理300658 延江股份 
2025-09-07 12:49:19,912 - INFO - 📈 已处理300659 中孚信息 
2025-09-07 12:49:25,104 - INFO - 📈 已处理300660 江苏雷利 
2025-09-07 12:49:26,615 - INFO - 📈 已处理300661 圣邦股份 
2025-09-07 12:49:29,586 - INFO - 📈 已处理300662 科锐国际 
2025-09-07 12:49:32,367 - INFO - 📈 已处理300663 科蓝软件 
2025-09-07 12:49:35,532 - INFO - 📈 已处理300664 鹏鹞环保 
2025-09-07 12:49:37,419 - INFO - 📈 已处理300665 飞鹿股份 
2025-09-07 12:49:41,064 - INFO - 📈 已处理300666 江丰电子 
2025-09-07 12:49:42,759 - INFO - 📈 已处理300667 必创科技 
2025-09-07 12:49:46,438 - INFO - 📈 已处理300668 杰恩设计 
2025-09-07 12:49:52,463 - WARNING - ⚠️ 300669 沪宁股份 K线更新失败: ('Connection aborted.', ConnectionResetError(10054, '远程主机强迫关闭了一个现有的连接。', None, 10054, None))
2025-09-07 12:49:55,250 - INFO - 📈 已处理300670 大烨智能 
2025-09-07 12:50:00,458 - INFO - 📈 已处理300671 富满微 
2025-09-07 12:50:00,458 - INFO - 📈 已处理 350/3653 只股票，成功 341 只
2025-09-07 12:50:04,016 - INFO - 📈 已处理300672 国科微 
2025-09-07 12:50:07,783 - INFO - 📈 已处理300673 佩蒂股份 
2025-09-07 12:50:09,658 - INFO - 📈 已处理300674 宇信科技 
2025-09-07 12:50:11,807 - INFO - 📈 已处理300675 建科院 
2025-09-07 12:50:14,306 - INFO - 📈 已处理300676 华大基因 
2025-09-07 12:50:15,884 - INFO - 📈 已处理300677 英科医疗 
2025-09-07 12:50:17,512 - INFO - 📈 已处理300678 中科信息 
2025-09-07 12:50:19,076 - INFO - 📈 已处理300679 电连技术 
2025-09-07 12:50:21,635 - INFO - 📈 已处理300680 隆盛科技 
2025-09-07 12:50:23,694 - INFO - 📈 已处理300681 英搏尔 
2025-09-07 12:50:25,911 - INFO - 📈 已处理300682 朗新集团 
2025-09-07 12:50:28,524 - INFO - 📈 已处理300683 海特生物 
2025-09-07 12:50:31,230 - INFO - 📈 已处理300684 中石科技 
2025-09-07 12:50:33,601 - INFO - 📈 已处理300685 艾德生物 
2025-09-07 12:50:35,428 - INFO - 📈 已处理300686 智动力 
2025-09-07 12:50:38,031 - INFO - 📈 已处理300687 赛意信息 
2025-09-07 12:50:39,860 - INFO - 📈 已处理300688 创业黑马 
2025-09-07 12:50:41,879 - INFO - 📈 已处理300689 澄天伟业 
2025-09-07 12:50:44,909 - INFO - 📈 已处理300690 双一科技 
2025-09-07 12:50:48,084 - INFO - 📈 已处理300691 联合光电 
2025-09-07 12:50:51,493 - INFO - 📈 已处理300692 中环环保 
2025-09-07 12:50:55,049 - INFO - 📈 已处理300693 盛弘股份 
2025-09-07 12:50:56,678 - INFO - 📈 已处理300694 蠡湖股份 
2025-09-07 12:50:59,498 - INFO - 📈 已处理300695 兆丰股份 
2025-09-07 12:51:01,264 - INFO - 📈 已处理300696 爱乐达 
2025-09-07 12:51:05,874 - INFO - 📈 已处理300697 电工合金 
2025-09-07 12:51:07,417 - INFO - 📈 已处理300698 万马科技 
2025-09-07 12:51:09,342 - INFO - 📈 已处理300699 光威复材 
2025-09-07 12:51:11,174 - INFO - 📈 已处理300700 岱勒新材 
2025-09-07 12:51:13,159 - INFO - 📈 已处理300701 森霸传感 
2025-09-07 12:51:16,473 - INFO - 📈 已处理300702 天宇股份 
2025-09-07 12:51:18,933 - INFO - 📈 已处理300703 创源股份 
2025-09-07 12:51:20,535 - INFO - 📈 已处理300705 九典制药 
2025-09-07 12:51:22,114 - INFO - 📈 已处理300706 阿石创 
2025-09-07 12:51:23,796 - INFO - 📈 已处理300707 威唐工业 
2025-09-07 12:51:25,711 - INFO - 📈 已处理300708 聚灿光电 
2025-09-07 12:51:30,626 - INFO - 📈 已处理300709 精研科技 
2025-09-07 12:51:32,135 - INFO - 📈 已处理300710 万隆光电 
2025-09-07 12:51:34,835 - INFO - 📈 已处理300711 广哈通信 
2025-09-07 12:51:38,033 - INFO - 📈 已处理300712 永福股份 
2025-09-07 12:51:40,506 - INFO - 📈 已处理300713 英可瑞 
2025-09-07 12:51:42,593 - INFO - 📈 已处理300715 凯伦股份 
2025-09-07 12:51:45,304 - INFO - 📈 已处理300716 ST泉为 
2025-09-07 12:51:46,927 - INFO - 📈 已处理300717 华信新材 
2025-09-07 12:51:48,446 - INFO - 📈 已处理300718 长盛轴承 
2025-09-07 12:51:50,002 - INFO - 📈 已处理300719 安达维尔 
2025-09-07 12:51:51,897 - INFO - 📈 已处理300720 海川智能 
2025-09-07 12:51:55,200 - INFO - 📈 已处理300721 怡达股份 
2025-09-07 12:51:57,076 - INFO - 📈 已处理300722 新余国科 
2025-09-07 12:51:58,639 - INFO - 📈 已处理300723 一品红 
2025-09-07 12:51:58,639 - INFO - 📈 已处理 400/3653 只股票，成功 391 只
2025-09-07 12:52:00,723 - INFO - 📈 已处理300724 捷佳伟创 
2025-09-07 12:52:02,508 - INFO - 📈 已处理300725 药石科技 
2025-09-07 12:52:08,527 - WARNING - ⚠️ 300726 宏达电子 K线更新失败: ('Connection aborted.', ConnectionResetError(10054, '远程主机强迫关闭了一个现有的连接。', None, 10054, None))
2025-09-07 12:52:10,548 - INFO - 📈 已处理300727 润禾材料 
2025-09-07 12:52:12,348 - INFO - 📈 已处理300729 乐歌股份 
2025-09-07 12:52:13,983 - INFO - 📈 已处理300730 科创信息 
2025-09-07 12:52:15,749 - INFO - 📈 已处理300731 科创新源 
2025-09-07 12:52:20,687 - INFO - 📈 已处理300732 设研院 
2025-09-07 12:52:22,272 - INFO - 📈 已处理300733 西菱动力 
2025-09-07 12:52:25,663 - INFO - 📈 已处理300735 光弘科技 
2025-09-07 12:52:27,340 - INFO - 📈 已处理300736 百邦科技 
2025-09-07 12:52:29,263 - INFO - 📈 已处理300737 科顺股份 
2025-09-07 12:52:31,969 - INFO - 📈 已处理300738 奥飞数据 
2025-09-07 12:52:33,554 - INFO - 📈 已处理300739 明阳电路 
2025-09-07 12:52:35,835 - INFO - 📈 已处理300740 水羊股份 
2025-09-07 12:52:38,151 - INFO - 📈 已处理300741 华宝股份 
2025-09-07 12:52:41,625 - INFO - 📈 已处理300743 天地数码 
2025-09-07 12:52:47,638 - WARNING - ⚠️ 300745 欣锐科技 K线更新失败: ('Connection aborted.', ConnectionResetError(10054, '远程主机强迫关闭了一个现有的连接。', None, 10054, None))
2025-09-07 12:52:54,472 - INFO - 📈 已处理300746 汉嘉设计 
2025-09-07 12:52:57,169 - INFO - 📈 已处理300747 锐科激光 
2025-09-07 12:52:59,784 - INFO - 📈 已处理300748 金力永磁 
2025-09-07 12:53:02,925 - INFO - 📈 已处理300749 顶固集创 
2025-09-07 12:53:05,872 - INFO - 📈 已处理300750 宁德时代 
2025-09-07 12:53:07,479 - INFO - 📈 已处理300751 迈为股份 
2025-09-07 12:53:09,560 - INFO - 📈 已处理300752 隆利科技 
2025-09-07 12:53:11,187 - INFO - 📈 已处理300753 爱朋医疗 
2025-09-07 12:53:13,665 - INFO - 📈 已处理300755 华致酒行 
2025-09-07 12:53:15,378 - INFO - 📈 已处理300756 金马游乐 
2025-09-07 12:53:18,142 - INFO - 📈 已处理300757 罗博特科 
2025-09-07 12:53:21,709 - INFO - 📈 已处理300758 七彩化学 
2025-09-07 12:53:24,610 - INFO - 📈 已处理300759 康龙化成 
2025-09-07 12:53:26,165 - INFO - 📈 已处理300760 迈瑞医疗 
2025-09-07 12:53:30,732 - INFO - 📈 已处理300761 立华股份 
2025-09-07 12:53:35,629 - INFO - 📈 已处理300762 上海瀚讯 
2025-09-07 12:53:39,331 - INFO - 📈 已处理300763 锦浪科技 
2025-09-07 12:53:41,736 - INFO - 📈 已处理300765 新诺威 
2025-09-07 12:53:45,187 - INFO - 📈 已处理300766 每日互动 
2025-09-07 12:53:46,764 - INFO - 📈 已处理300767 震安科技 
2025-09-07 12:53:49,149 - INFO - 📈 已处理300768 迪普科技 
2025-09-07 12:53:54,949 - INFO - 📈 已处理300769 德方纳米 
2025-09-07 12:53:57,762 - INFO - 📈 已处理300770 新媒股份 
2025-09-07 12:54:01,149 - INFO - 📈 已处理300771 智莱科技 
2025-09-07 12:54:02,744 - INFO - 📈 已处理300772 运达股份 
2025-09-07 12:54:08,765 - WARNING - ⚠️ 300773 拉卡拉 K线更新失败: ('Connection aborted.', ConnectionResetError(10054, '远程主机强迫关闭了一个现有的连接。', None, 10054, None))
2025-09-07 12:54:10,815 - INFO - 📈 已处理300774 倍杰特 
2025-09-07 12:54:13,991 - INFO - 📈 已处理300775 三角防务 
2025-09-07 12:54:15,568 - INFO - 📈 已处理300776 帝尔激光 
2025-09-07 12:54:18,246 - INFO - 📈 已处理300777 中简科技 
2025-09-07 12:54:20,267 - INFO - 📈 已处理300778 新城市 
2025-09-07 12:54:22,787 - INFO - 📈 已处理300779 惠城环保 
2025-09-07 12:54:22,787 - INFO - 📈 已处理 450/3653 只股票，成功 438 只
2025-09-07 12:54:24,393 - INFO - 📈 已处理300780 德恩精工 
2025-09-07 12:54:26,932 - INFO - 📈 已处理300781 因赛集团 
2025-09-07 12:54:28,487 - INFO - 📈 已处理300782 卓胜微 
2025-09-07 12:54:32,201 - INFO - 📈 已处理300783 三只松鼠 
2025-09-07 12:54:35,377 - INFO - 📈 已处理300784 利安科技 
2025-09-07 12:54:37,982 - INFO - 📈 已处理300785 值得买 
2025-09-07 12:54:42,222 - INFO - 📈 已处理300786 国林科技 
2025-09-07 12:54:43,749 - INFO - 📈 已处理300787 海能实业 
2025-09-07 12:54:45,297 - INFO - 📈 已处理300788 中信出版 
2025-09-07 12:54:47,082 - INFO - 📈 已处理300789 唐源电气 
2025-09-07 12:54:49,540 - INFO - 📈 已处理300790 宇瞳光学 
2025-09-07 12:54:52,924 - INFO - 📈 已处理300791 仙乐健康 
2025-09-07 12:54:55,833 - INFO - 📈 已处理300792 壹网壹创 
2025-09-07 12:55:01,451 - INFO - 📈 已处理300793 佳禾智能 
2025-09-07 12:55:03,726 - INFO - 📈 已处理300795 米奥会展 
2025-09-07 12:55:05,623 - INFO - 📈 已处理300796 贝斯美 
2025-09-07 12:55:16,568 - INFO - 📈 已处理300797 钢研纳克 
2025-09-07 12:55:18,069 - INFO - 📈 已处理300798 锦鸡股份 
2025-09-07 12:55:21,190 - INFO - 📈 已处理300800 力合科技 
2025-09-07 12:55:23,031 - INFO - 📈 已处理300801 泰和科技 
2025-09-07 12:55:26,445 - INFO - 📈 已处理300802 矩子科技 
2025-09-07 12:55:29,056 - INFO - 📈 已处理300803 指南针 
2025-09-07 12:55:30,974 - INFO - 📈 已处理300804 广康生化 
2025-09-07 12:55:32,796 - INFO - 📈 已处理300805 电声股份 
2025-09-07 12:55:36,794 - INFO - 📈 已处理300806 斯迪克 
2025-09-07 12:55:39,704 - INFO - 📈 已处理300807 天迈科技 
2025-09-07 12:55:42,437 - INFO - 📈 已处理300808 久量股份 
2025-09-07 12:55:44,700 - INFO - 📈 已处理300809 华辰装备 
2025-09-07 12:55:47,053 - INFO - 📈 已处理300810 中科海讯 
2025-09-07 12:55:48,563 - INFO - 📈 已处理300811 铂科新材 
2025-09-07 12:55:51,771 - INFO - 📈 已处理300812 易天股份 
2025-09-07 12:55:54,395 - INFO - 📈 已处理300813 泰林生物 
2025-09-07 12:55:57,318 - INFO - 📈 已处理300814 中富电路 
2025-09-07 12:55:59,137 - INFO - 📈 已处理300815 玉禾田 
2025-09-07 12:56:01,389 - INFO - 📈 已处理300816 艾可蓝 
2025-09-07 12:56:04,653 - INFO - 📈 已处理300817 双飞集团 
2025-09-07 12:56:06,170 - INFO - 📈 已处理300818 耐普矿机 
2025-09-07 12:56:09,138 - INFO - 📈 已处理300819 聚杰微纤 
2025-09-07 12:56:13,842 - INFO - 📈 已处理300820 英杰电气 
2025-09-07 12:56:15,750 - INFO - 📈 已处理300821 东岳硅材 
2025-09-07 12:56:17,279 - INFO - 📈 已处理300822 贝仕达克 
2025-09-07 12:56:19,323 - INFO - 📈 已处理300823 建科智能 
2025-09-07 12:56:21,142 - INFO - 📈 已处理300824 北鼎股份 
2025-09-07 12:56:22,797 - INFO - 📈 已处理300825 阿尔特 
2025-09-07 12:56:24,772 - INFO - 📈 已处理300826 测绘股份 
2025-09-07 12:56:26,324 - INFO - 📈 已处理300827 上能电气 
2025-09-07 12:56:28,368 - INFO - 📈 已处理300828 锐新科技 
2025-09-07 12:56:29,972 - INFO - 📈 已处理300829 金丹科技 
2025-09-07 12:56:31,593 - INFO - 📈 已处理300830 金现代 
2025-09-07 12:56:35,976 - INFO - 📈 已处理300831 派瑞股份 
2025-09-07 12:56:35,976 - INFO - 📈 已处理 500/3653 只股票，成功 488 只
2025-09-07 12:56:37,549 - INFO - 📈 已处理300832 新产业 
2025-09-07 12:56:39,119 - INFO - 📈 已处理300833 浩洋股份 
2025-09-07 12:56:42,295 - INFO - 📈 已处理300834 星辉环材 
2025-09-07 12:56:43,803 - INFO - 📈 已处理300835 龙磁科技 
2025-09-07 12:56:45,527 - INFO - 📈 已处理300836 佰奥智能 
2025-09-07 12:56:48,010 - INFO - 📈 已处理300837 浙矿股份 
2025-09-07 12:56:50,395 - INFO - 📈 已处理300838 浙江力诺 
2025-09-07 12:56:51,902 - INFO - 📈 已处理300839 博汇股份 
2025-09-07 12:56:53,434 - INFO - 📈 已处理300840 酷特智能 
2025-09-07 12:56:54,939 - INFO - 📈 已处理300841 康华生物 
2025-09-07 12:56:56,921 - INFO - 📈 已处理300842 帝科股份 
2025-09-07 12:56:59,112 - INFO - 📈 已处理300843 胜蓝股份 
2025-09-07 12:57:01,167 - INFO - 📈 已处理300844 山水比德 
2025-09-07 12:57:04,385 - INFO - 📈 已处理300845 捷安高科 
2025-09-07 12:57:06,067 - INFO - 📈 已处理300846 首都在线 
2025-09-07 12:57:08,082 - INFO - 📈 已处理300847 中船汉光 
2025-09-07 12:57:10,042 - INFO - 📈 已处理300848 美瑞新材 
2025-09-07 12:57:16,884 - INFO - 📈 已处理300849 锦盛新材 
2025-09-07 12:57:19,092 - INFO - 📈 已处理300850 新强联 
2025-09-07 12:57:20,693 - INFO - 📈 已处理300851 交大思诺 
2025-09-07 12:57:26,707 - WARNING - ⚠️ 300852 四会富仕 K线更新失败: ('Connection aborted.', ConnectionResetError(10054, '远程主机强迫关闭了一个现有的连接。', None, 10054, None))
2025-09-07 12:57:28,820 - INFO - 📈 已处理300853 申昊科技 
2025-09-07 12:57:31,769 - INFO - 📈 已处理300854 中兰环保 
2025-09-07 12:57:33,461 - INFO - 📈 已处理300855 图南股份 
2025-09-07 12:57:39,476 - WARNING - ⚠️ 300856 科思股份 K线更新失败: ('Connection aborted.', ConnectionResetError(10054, '远程主机强迫关闭了一个现有的连接。', None, 10054, None))
2025-09-07 12:57:45,491 - WARNING - ⚠️ 300857 协创数据 K线更新失败: ('Connection aborted.', ConnectionResetError(10054, '远程主机强迫关闭了一个现有的连接。', None, 10054, None))
2025-09-07 12:57:48,222 - INFO - 📈 已处理300858 科拓生物 
2025-09-07 12:57:49,868 - INFO - 📈 已处理300859 西域旅游 
2025-09-07 12:57:52,954 - INFO - 📈 已处理300860 锋尚文化 
2025-09-07 12:57:54,494 - INFO - 📈 已处理300861 美畅股份 
2025-09-07 12:57:58,712 - INFO - 📈 已处理300862 蓝盾光电 
2025-09-07 12:58:00,215 - INFO - 📈 已处理300863 卡倍亿 
2025-09-07 12:58:01,696 - INFO - 📈 已处理300864 南大环境 
2025-09-07 12:58:04,864 - INFO - 📈 已处理300865 大宏立 
2025-09-07 12:58:06,663 - INFO - 📈 已处理300866 安克创新 
2025-09-07 12:58:08,460 - INFO - 📈 已处理300867 圣元环保 
2025-09-07 12:58:13,458 - INFO - 📈 已处理300868 杰美特 
2025-09-07 12:58:16,172 - INFO - 📈 已处理300869 康泰医学 
2025-09-07 12:58:18,311 - INFO - 📈 已处理300870 欧陆通 
2025-09-07 12:58:20,087 - INFO - 📈 已处理300871 回盛生物 
2025-09-07 12:58:22,384 - INFO - 📈 已处理300872 天阳科技 
2025-09-07 12:58:24,027 - INFO - 📈 已处理300873 海晨股份 
2025-09-07 12:58:26,545 - INFO - 📈 已处理300875 捷强装备 
2025-09-07 12:58:28,021 - INFO - 📈 已处理300876 蒙泰高新 
2025-09-07 12:58:30,734 - INFO - 📈 已处理300877 金春股份 
2025-09-07 12:58:32,851 - INFO - 📈 已处理300878 维康药业 
2025-09-07 12:58:36,003 - INFO - 📈 已处理300879 大叶股份 
2025-09-07 12:58:41,436 - INFO - 📈 已处理300880 迦南智能 
2025-09-07 12:58:43,119 - INFO - 📈 已处理300881 盛德鑫泰 
2025-09-07 12:58:46,577 - INFO - 📈 已处理300882 万胜智能 
2025-09-07 12:58:46,577 - INFO - 📈 已处理 550/3653 只股票，成功 535 只
2025-09-07 12:58:49,538 - INFO - 📈 已处理300883 龙利得 
2025-09-07 12:58:52,198 - INFO - 📈 已处理300884 狄耐克 
2025-09-07 12:58:54,921 - INFO - 📈 已处理300885 海昌新材 
2025-09-07 12:58:58,655 - INFO - 📈 已处理300886 华业香料 
2025-09-07 12:59:02,424 - INFO - 📈 已处理300887 谱尼测试 
2025-09-07 12:59:05,932 - INFO - 📈 已处理300888 稳健医疗 
2025-09-07 12:59:07,465 - INFO - 📈 已处理300889 爱克股份 
2025-09-07 12:59:09,041 - INFO - 📈 已处理300890 翔丰华 
2025-09-07 12:59:11,596 - INFO - 📈 已处理300891 惠云钛业 
2025-09-07 12:59:13,715 - INFO - 📈 已处理300892 品渥食品 
2025-09-07 12:59:16,548 - INFO - 📈 已处理300893 松原安全 
2025-09-07 12:59:18,150 - INFO - 📈 已处理300894 火星人 
2025-09-07 12:59:19,733 - INFO - 📈 已处理300895 铜牛信息 
2025-09-07 12:59:23,878 - INFO - 📈 已处理300896 爱美客 
2025-09-07 12:59:28,351 - INFO - 📈 已处理300897 山科智能 
2025-09-07 12:59:30,050 - INFO - 📈 已处理300898 熊猫乳品 
2025-09-07 12:59:35,570 - INFO - 📈 已处理300899 *ST凯鑫 
2025-09-07 12:59:38,370 - INFO - 📈 已处理300900 广联航空 
2025-09-07 12:59:44,987 - INFO - 📈 已处理300901 中胤时尚 
2025-09-07 12:59:47,538 - INFO - 📈 已处理300902 国安达 
2025-09-07 12:59:50,415 - INFO - 📈 已处理300903 科翔股份 
2025-09-07 12:59:54,904 - INFO - 📈 已处理300904 威力传动 
2025-09-07 12:59:57,685 - INFO - 📈 已处理300905 宝丽迪 
2025-09-07 12:59:59,721 - INFO - 📈 已处理300906 日月明 
2025-09-07 13:00:01,674 - INFO - 📈 已处理300907 康平科技 
2025-09-07 13:00:03,853 - INFO - 📈 已处理300908 仲景食品 
2025-09-07 13:00:06,366 - INFO - 📈 已处理300909 汇创达 
2025-09-07 13:00:10,024 - INFO - 📈 已处理300910 瑞丰新材 
2025-09-07 13:00:12,530 - INFO - 📈 已处理300911 亿田智能 
2025-09-07 13:00:15,765 - INFO - 📈 已处理300912 凯龙高科 
2025-09-07 13:00:18,845 - INFO - 📈 已处理300913 兆龙互连 
2025-09-07 13:00:20,930 - INFO - 📈 已处理300915 海融科技 
2025-09-07 13:00:23,190 - INFO - 📈 已处理300916 朗特智能 
2025-09-07 13:00:25,146 - INFO - 📈 已处理300917 特发服务 
2025-09-07 13:00:26,712 - INFO - 📈 已处理300918 南山智尚 
2025-09-07 13:00:29,920 - INFO - 📈 已处理300919 中伟股份 
2025-09-07 13:00:34,066 - INFO - 📈 已处理300920 润阳科技 
2025-09-07 13:00:36,007 - INFO - 📈 已处理300921 南凌科技 
2025-09-07 13:00:37,685 - INFO - 📈 已处理300922 天秦装备 
2025-09-07 13:00:39,997 - INFO - 📈 已处理300923 研奥股份 
2025-09-07 13:00:43,982 - INFO - 📈 已处理300925 法本信息 
2025-09-07 13:00:47,235 - INFO - 📈 已处理300926 博俊科技 
2025-09-07 13:00:50,285 - INFO - 📈 已处理300927 江天化学 
2025-09-07 13:00:53,352 - INFO - 📈 已处理300928 华安鑫创 
2025-09-07 13:00:55,094 - INFO - 📈 已处理300929 华骐环保 
2025-09-07 13:00:57,984 - INFO - 📈 已处理300930 屹通新材 
2025-09-07 13:00:59,600 - INFO - 📈 已处理300931 通用电梯 
2025-09-07 13:01:01,658 - INFO - 📈 已处理300932 三友联众 
2025-09-07 13:01:03,431 - INFO - 📈 已处理300933 中辰股份 
2025-09-07 13:01:06,806 - INFO - 📈 已处理300935 盈建科 
2025-09-07 13:01:06,807 - INFO - 📈 已处理 600/3653 只股票，成功 585 只
2025-09-07 13:01:08,786 - INFO - 📈 已处理300936 中英科技 
2025-09-07 13:01:11,489 - INFO - 📈 已处理300937 药易购 
2025-09-07 13:01:13,751 - INFO - 📈 已处理300938 信测标准 
2025-09-07 13:01:15,794 - INFO - 📈 已处理300939 秋田微 
2025-09-07 13:01:17,781 - INFO - 📈 已处理300940 南极光 
2025-09-07 13:01:23,183 - INFO - 📈 已处理300941 创识科技 
2025-09-07 13:01:25,603 - INFO - 📈 已处理300942 易瑞生物 
2025-09-07 13:01:27,344 - INFO - 📈 已处理300943 春晖智控 
2025-09-07 13:01:29,915 - INFO - 📈 已处理300945 曼卡龙 
2025-09-07 13:01:31,841 - INFO - 📈 已处理300946 恒而达 
2025-09-07 13:01:35,475 - INFO - 📈 已处理300947 德必集团 
2025-09-07 13:01:37,176 - INFO - 📈 已处理300948 冠中生态 
2025-09-07 13:01:41,008 - INFO - 📈 已处理300949 奥雅股份 
2025-09-07 13:01:42,960 - INFO - 📈 已处理300950 德固特 
2025-09-07 13:01:45,811 - INFO - 📈 已处理300951 博硕科技 
2025-09-07 13:01:50,003 - INFO - 📈 已处理300952 恒辉安防 
2025-09-07 13:01:51,489 - INFO - 📈 已处理300953 震裕科技 
2025-09-07 13:01:53,667 - INFO - 📈 已处理300955 嘉亨家化 
2025-09-07 13:01:55,886 - INFO - 📈 已处理300956 英力股份 
2025-09-07 13:01:58,461 - INFO - 📈 已处理300957 贝泰妮 
2025-09-07 13:02:00,035 - INFO - 📈 已处理300958 建工修复 
2025-09-07 13:02:07,381 - INFO - 📈 已处理300959 线上线下 
2025-09-07 13:02:12,659 - INFO - 📈 已处理300960 通业科技 
2025-09-07 13:02:14,919 - INFO - 📈 已处理300961 深水海纳 
2025-09-07 13:02:16,678 - INFO - 📈 已处理300962 中金辐照 
2025-09-07 13:02:19,323 - INFO - 📈 已处理300963 中洲特材 
2025-09-07 13:02:21,008 - INFO - 📈 已处理300964 本川智能 
2025-09-07 13:02:23,457 - INFO - 📈 已处理300965 恒宇信通 
2025-09-07 13:02:26,483 - INFO - 📈 已处理300966 共同药业 
2025-09-07 13:02:28,522 - INFO - 📈 已处理300967 晓鸣股份 
2025-09-07 13:02:32,530 - INFO - 📈 已处理300968 格林精密 
2025-09-07 13:02:35,608 - INFO - 📈 已处理300969 恒帅股份 
2025-09-07 13:02:39,978 - INFO - 📈 已处理300970 华绿生物 
2025-09-07 13:02:42,785 - INFO - 📈 已处理300971 博亚精工 
2025-09-07 13:02:45,707 - INFO - 📈 已处理300972 万辰集团 
2025-09-07 13:02:51,727 - WARNING - ⚠️ 300973 立高食品 K线更新失败: ('Connection aborted.', ConnectionResetError(10054, '远程主机强迫关闭了一个现有的连接。', None, 10054, None))
2025-09-07 13:02:53,783 - INFO - 📈 已处理300975 商络电子 
2025-09-07 13:02:58,790 - INFO - 📈 已处理300976 达瑞电子 
2025-09-07 13:03:01,979 - INFO - 📈 已处理300977 深圳瑞捷 
2025-09-07 13:03:06,095 - INFO - 📈 已处理300978 东箭科技 
2025-09-07 13:03:08,833 - INFO - 📈 已处理300979 华利集团 
2025-09-07 13:03:11,125 - INFO - 📈 已处理300980 祥源新材 
2025-09-07 13:03:12,764 - INFO - 📈 已处理300981 中红医疗 
2025-09-07 13:03:16,786 - INFO - 📈 已处理300982 苏文电能 
2025-09-07 13:03:18,968 - INFO - 📈 已处理300983 尤安设计 
2025-09-07 13:03:20,630 - INFO - 📈 已处理300984 金沃股份 
2025-09-07 13:03:22,559 - INFO - 📈 已处理300985 致远新能 
2025-09-07 13:03:24,165 - INFO - 📈 已处理300986 志特新材 
2025-09-07 13:03:27,781 - INFO - 📈 已处理300987 川网传媒 
2025-09-07 13:03:31,129 - INFO - 📈 已处理300988 津荣天宇 
2025-09-07 13:03:31,129 - INFO - 📈 已处理 650/3653 只股票，成功 634 只
2025-09-07 13:03:32,817 - INFO - 📈 已处理300989 蕾奥规划 
2025-09-07 13:03:34,392 - INFO - 📈 已处理300990 同飞股份 
2025-09-07 13:03:37,593 - INFO - 📈 已处理300991 创益通 
2025-09-07 13:03:40,154 - INFO - 📈 已处理300992 泰福泵业 
2025-09-07 13:03:41,907 - INFO - 📈 已处理300993 玉马科技 
2025-09-07 13:03:44,412 - INFO - 📈 已处理300994 久祺股份 
2025-09-07 13:03:50,436 - WARNING - ⚠️ 300995 奇德新材 K线更新失败: ('Connection aborted.', ConnectionResetError(10054, '远程主机强迫关闭了一个现有的连接。', None, 10054, None))
2025-09-07 13:03:53,585 - INFO - 📈 已处理300996 普联软件 
2025-09-07 13:03:56,305 - INFO - 📈 已处理300997 欢乐家 
2025-09-07 13:03:59,209 - INFO - 📈 已处理300998 宁波方正 
2025-09-07 13:04:01,196 - INFO - 📈 已处理300999 金龙鱼 
2025-09-07 13:04:03,073 - INFO - 📈 已处理301000 肇民科技 
2025-09-07 13:04:04,667 - INFO - 📈 已处理301001 凯淳股份 
2025-09-07 13:04:07,689 - INFO - 📈 已处理301002 崧盛股份 
2025-09-07 13:04:10,024 - INFO - 📈 已处理301003 江苏博云 
2025-09-07 13:04:12,957 - INFO - 📈 已处理301004 嘉益股份 
2025-09-07 13:04:15,601 - INFO - 📈 已处理301005 超捷股份 
2025-09-07 13:04:17,582 - INFO - 📈 已处理301006 迈拓股份 
2025-09-07 13:04:19,210 - INFO - 📈 已处理301007 德迈仕 
2025-09-07 13:04:21,802 - INFO - 📈 已处理301008 宏昌科技 
2025-09-07 13:04:23,958 - INFO - 📈 已处理301009 可靠股份 
2025-09-07 13:04:26,632 - INFO - 📈 已处理301010 晶雪节能 
2025-09-07 13:04:29,306 - INFO - 📈 已处理301011 华立科技 
2025-09-07 13:04:31,487 - INFO - 📈 已处理301012 扬电科技 
2025-09-07 13:04:35,544 - INFO - 📈 已处理301013 利和兴 
2025-09-07 13:04:37,483 - INFO - 📈 已处理301015 百洋医药 
2025-09-07 13:04:38,988 - INFO - 📈 已处理301016 雷尔伟 
2025-09-07 13:04:40,801 - INFO - 📈 已处理301017 漱玉平民 
2025-09-07 13:04:42,699 - INFO - 📈 已处理301018 申菱环境 
2025-09-07 13:04:45,554 - INFO - 📈 已处理301019 宁波色母 
2025-09-07 13:04:51,676 - INFO - 📈 已处理301020 密封科技 
2025-09-07 13:04:53,837 - INFO - 📈 已处理301021 英诺激光 
2025-09-07 13:04:56,602 - INFO - 📈 已处理301022 海泰科 
2025-09-07 13:04:58,529 - INFO - 📈 已处理301023 江南奕帆 
2025-09-07 13:05:00,072 - INFO - 📈 已处理301024 霍普股份 
2025-09-07 13:05:02,030 - INFO - 📈 已处理301025 读客文化 
2025-09-07 13:05:04,726 - INFO - 📈 已处理301026 浩通科技 
2025-09-07 13:05:07,396 - INFO - 📈 已处理301027 华蓝集团 
2025-09-07 13:05:10,182 - INFO - 📈 已处理301028 东亚机械 
2025-09-07 13:05:11,981 - INFO - 📈 已处理301029 怡合达 
2025-09-07 13:05:15,402 - INFO - 📈 已处理301030 仕净科技 
2025-09-07 13:05:20,224 - INFO - 📈 已处理301031 中熔电气 
2025-09-07 13:05:22,468 - INFO - 📈 已处理301032 新柴股份 
2025-09-07 13:05:24,537 - INFO - 📈 已处理301033 迈普医学 
2025-09-07 13:05:27,483 - INFO - 📈 已处理301035 润丰股份 
2025-09-07 13:05:30,736 - INFO - 📈 已处理301036 双乐股份 
2025-09-07 13:05:33,474 - INFO - 📈 已处理301037 保立佳 
2025-09-07 13:05:35,251 - INFO - 📈 已处理301038 深水规院 
2025-09-07 13:05:36,875 - INFO - 📈 已处理301039 中集车辆 
2025-09-07 13:05:38,489 - INFO - 📈 已处理301040 中环海陆 
2025-09-07 13:05:38,489 - INFO - 📈 已处理 700/3653 只股票，成功 683 只
2025-09-07 13:05:44,514 - WARNING - ⚠️ 301041 金百泽 K线更新失败: ('Connection aborted.', ConnectionResetError(10054, '远程主机强迫关闭了一个现有的连接。', None, 10054, None))
2025-09-07 13:05:46,407 - INFO - 📈 已处理301042 安联锐视 
2025-09-07 13:05:48,768 - INFO - 📈 已处理301043 绿岛风 
2025-09-07 13:05:50,330 - INFO - 📈 已处理301045 天禄科技 
2025-09-07 13:05:52,295 - INFO - 📈 已处理301046 能辉科技 
2025-09-07 13:05:54,274 - INFO - 📈 已处理301047 义翘神州 
2025-09-07 13:05:56,869 - INFO - 📈 已处理301048 金鹰重工 
2025-09-07 13:05:58,811 - INFO - 📈 已处理301049 超越科技 
2025-09-07 13:06:01,728 - INFO - 📈 已处理301050 雷电微力 
2025-09-07 13:06:03,690 - INFO - 📈 已处理301051 信濠光电 
2025-09-07 13:06:05,230 - INFO - 📈 已处理301052 果麦文化 
2025-09-07 13:06:09,315 - INFO - 📈 已处理301053 远信工业 
2025-09-07 13:06:11,254 - INFO - 📈 已处理301055 张小泉 
2025-09-07 13:06:12,786 - INFO - 📈 已处理301056 森赫股份 
2025-09-07 13:06:15,071 - INFO - 📈 已处理301057 汇隆新材 
2025-09-07 13:06:16,586 - INFO - 📈 已处理301058 中粮科工 
2025-09-07 13:06:18,720 - INFO - 📈 已处理301059 金三江 
2025-09-07 13:06:20,233 - INFO - 📈 已处理301060 兰卫医学 
2025-09-07 13:06:21,900 - INFO - 📈 已处理301061 匠心家居 
2025-09-07 13:06:24,810 - INFO - 📈 已处理301062 上海艾录 
2025-09-07 13:06:27,338 - INFO - 📈 已处理301063 海锅股份 
2025-09-07 13:06:29,495 - INFO - 📈 已处理301065 本立科技 
2025-09-07 13:06:31,322 - INFO - 📈 已处理301066 万事利 
2025-09-07 13:06:33,443 - INFO - 📈 已处理301067 显盈科技 
2025-09-07 13:06:37,580 - INFO - 📈 已处理301068 大地海洋 
2025-09-07 13:06:42,260 - INFO - 📈 已处理301069 凯盛新材 
2025-09-07 13:06:45,225 - INFO - 📈 已处理301070 开勒股份 
2025-09-07 13:06:47,632 - INFO - 📈 已处理301071 力量钻石 
2025-09-07 13:06:49,559 - INFO - 📈 已处理301072 中捷精工 
2025-09-07 13:06:51,111 - INFO - 📈 已处理301073 君亭酒店 
2025-09-07 13:06:52,752 - INFO - 📈 已处理301075 多瑞医药 
2025-09-07 13:06:54,279 - INFO - 📈 已处理301076 新瀚新材 
2025-09-07 13:07:01,057 - INFO - 📈 已处理301077 星华新材 
2025-09-07 13:07:03,537 - INFO - 📈 已处理301078 孩子王 
2025-09-07 13:07:07,769 - INFO - 📈 已处理301079 邵阳液压 
2025-09-07 13:07:11,406 - INFO - 📈 已处理301080 百普赛斯 
2025-09-07 13:07:15,524 - INFO - 📈 已处理301081 严牌股份 
2025-09-07 13:07:17,929 - INFO - 📈 已处理301082 久盛电气 
2025-09-07 13:07:21,678 - INFO - 📈 已处理301083 百胜智能 
2025-09-07 13:07:23,234 - INFO - 📈 已处理301085 亚康股份 
2025-09-07 13:07:25,070 - INFO - 📈 已处理301086 鸿富瀚 
2025-09-07 13:07:26,706 - INFO - 📈 已处理301087 可孚医疗 
2025-09-07 13:07:28,521 - INFO - 📈 已处理301088 戎美股份 
2025-09-07 13:07:32,563 - INFO - 📈 已处理301089 拓新药业 
2025-09-07 13:07:34,503 - INFO - 📈 已处理301090 华润材料 
2025-09-07 13:07:36,130 - INFO - 📈 已处理301091 深城交 
2025-09-07 13:07:38,463 - INFO - 📈 已处理301092 争光股份 
2025-09-07 13:07:40,652 - INFO - 📈 已处理301093 华兰股份 
2025-09-07 13:07:42,845 - INFO - 📈 已处理301095 广立微 
2025-09-07 13:07:44,872 - INFO - 📈 已处理301096 百诚医药 
2025-09-07 13:07:44,872 - INFO - 📈 已处理 750/3653 只股票，成功 732 只
2025-09-07 13:07:46,690 - INFO - 📈 已处理301097 天益医疗 
2025-09-07 13:07:48,313 - INFO - 📈 已处理301098 金埔园林 
2025-09-07 13:07:51,289 - INFO - 📈 已处理301099 雅创电子 
2025-09-07 13:07:53,333 - INFO - 📈 已处理301100 风光股份 
2025-09-07 13:07:56,805 - INFO - 📈 已处理301101 明月镜片 
2025-09-07 13:07:58,399 - INFO - 📈 已处理301102 兆讯传媒 
2025-09-07 13:08:04,314 - INFO - 📈 已处理301103 何氏眼科 
2025-09-07 13:08:06,526 - INFO - 📈 已处理301105 鸿铭股份 
2025-09-07 13:08:08,446 - INFO - 📈 已处理301106 骏成科技 
2025-09-07 13:08:11,249 - INFO - 📈 已处理301107 瑜欣电子 
2025-09-07 13:08:13,245 - INFO - 📈 已处理301108 洁雅股份 
2025-09-07 13:08:14,897 - INFO - 📈 已处理301109 军信股份 
2025-09-07 13:08:18,296 - INFO - 📈 已处理301110 青木科技 
2025-09-07 13:08:20,059 - INFO - 📈 已处理301111 粤万年青 
2025-09-07 13:08:21,998 - INFO - 📈 已处理301112 信邦智能 
2025-09-07 13:08:24,568 - INFO - 📈 已处理301113 雅艺科技 
2025-09-07 13:08:26,295 - INFO - 📈 已处理301115 联检科技 
2025-09-07 13:08:29,926 - INFO - 📈 已处理301116 益客食品 
2025-09-07 13:08:32,000 - INFO - 📈 已处理301117 佳缘科技 
2025-09-07 13:08:34,962 - INFO - 📈 已处理301118 恒光股份 
2025-09-07 13:08:38,946 - INFO - 📈 已处理301119 正强股份 
2025-09-07 13:08:41,893 - INFO - 📈 已处理301120 新特电气 
2025-09-07 13:08:44,186 - INFO - 📈 已处理301121 紫建电子 
2025-09-07 13:08:46,041 - INFO - 📈 已处理301122 采纳股份 
2025-09-07 13:08:52,200 - INFO - 📈 已处理301123 奕东电子 
2025-09-07 13:08:57,652 - INFO - 📈 已处理301125 腾亚精工 
2025-09-07 13:09:02,727 - INFO - 📈 已处理301126 达嘉维康 
2025-09-07 13:09:05,314 - INFO - 📈 已处理301127 武汉天源 
2025-09-07 13:09:07,425 - INFO - 📈 已处理301128 强瑞技术 
2025-09-07 13:09:09,938 - INFO - 📈 已处理301129 瑞纳智能 
2025-09-07 13:09:12,465 - INFO - 📈 已处理301130 西点药业 
2025-09-07 13:09:13,957 - INFO - 📈 已处理301131 聚赛龙 
2025-09-07 13:09:17,777 - INFO - 📈 已处理301132 满坤科技 
2025-09-07 13:09:19,268 - INFO - 📈 已处理301133 金钟股份 
2025-09-07 13:09:22,124 - INFO - 📈 已处理301135 瑞德智能 
2025-09-07 13:09:23,645 - INFO - 📈 已处理301136 招标股份 
2025-09-07 13:09:25,826 - INFO - 📈 已处理301137 哈焊华通 
2025-09-07 13:09:27,359 - INFO - 📈 已处理301138 华研精机 
2025-09-07 13:09:31,580 - INFO - 📈 已处理301139 元道通信 
2025-09-07 13:09:33,198 - INFO - 📈 已处理301141 中科磁业 
2025-09-07 13:09:36,926 - INFO - 📈 已处理301148 嘉戎技术 
2025-09-07 13:09:39,566 - INFO - 📈 已处理301149 隆华新材 
2025-09-07 13:09:41,971 - INFO - 📈 已处理301150 中一科技 
2025-09-07 13:09:43,920 - INFO - 📈 已处理301151 冠龙节能 
2025-09-07 13:09:45,757 - INFO - 📈 已处理301152 天力锂能 
2025-09-07 13:09:57,994 - INFO - 📈 已处理301153 中科江南 
2025-09-07 13:10:03,265 - INFO - 📈 已处理301155 海力风电 
2025-09-07 13:10:05,903 - INFO - 📈 已处理301156 美农生物 
2025-09-07 13:10:07,826 - INFO - 📈 已处理301157 华塑科技 
2025-09-07 13:10:11,531 - INFO - 📈 已处理301158 德石股份 
2025-09-07 13:10:11,532 - INFO - 📈 已处理 800/3653 只股票，成功 782 只
2025-09-07 13:10:13,815 - INFO - 📈 已处理301159 三维天地 
2025-09-07 13:10:16,534 - INFO - 📈 已处理301160 翔楼新材 
2025-09-07 13:10:19,382 - INFO - 📈 已处理301161 唯万密封 
2025-09-07 13:10:22,876 - INFO - 📈 已处理301162 国能日新 
2025-09-07 13:10:25,875 - INFO - 📈 已处理301163 宏德股份 
2025-09-07 13:10:29,469 - INFO - 📈 已处理301165 锐捷网络 
2025-09-07 13:10:32,089 - INFO - 📈 已处理301166 优宁维 
2025-09-07 13:10:34,050 - INFO - 📈 已处理301167 建研设计 
2025-09-07 13:10:37,167 - INFO - 📈 已处理301168 通灵股份 
2025-09-07 13:10:38,778 - INFO - 📈 已处理301169 零点有数 
2025-09-07 13:10:44,790 - WARNING - ⚠️ 301170 锡南科技 K线更新失败: ('Connection aborted.', ConnectionResetError(10054, '远程主机强迫关闭了一个现有的连接。', None, 10054, None))
2025-09-07 13:10:46,355 - INFO - 📈 已处理301171 易点天下 
2025-09-07 13:10:48,420 - INFO - 📈 已处理301172 君逸数码 
2025-09-07 13:10:51,835 - INFO - 📈 已处理301173 毓恬冠佳 
2025-09-07 13:10:56,172 - INFO - 📈 已处理301175 中科环保 
2025-09-07 13:10:59,967 - INFO - 📈 已处理301176 逸豪新材 
2025-09-07 13:11:02,381 - INFO - 📈 已处理301177 迪阿股份 
2025-09-07 13:11:04,918 - INFO - 📈 已处理301178 天亿马 
2025-09-07 13:11:08,211 - INFO - 📈 已处理301179 泽宇智能 
2025-09-07 13:11:10,245 - INFO - 📈 已处理301180 万祥科技 
2025-09-07 13:11:13,102 - INFO - 📈 已处理301181 标榜股份 
2025-09-07 13:11:14,860 - INFO - 📈 已处理301182 凯旺科技 
2025-09-07 13:11:20,257 - INFO - 📈 已处理301183 东田微 
2025-09-07 13:11:23,589 - INFO - 📈 已处理301185 鸥玛软件 
2025-09-07 13:11:25,883 - INFO - 📈 已处理301186 超达装备 
2025-09-07 13:11:27,483 - INFO - 📈 已处理301187 欧圣电气 
2025-09-07 13:11:29,503 - INFO - 📈 已处理301188 力诺药包 
2025-09-07 13:11:31,758 - INFO - 📈 已处理301189 奥尼电子 
2025-09-07 13:11:36,311 - INFO - 📈 已处理301190 善水科技 
2025-09-07 13:11:38,242 - INFO - 📈 已处理301191 菲菱科思 
2025-09-07 13:11:40,276 - INFO - 📈 已处理301192 泰祥股份 
2025-09-07 13:11:42,241 - INFO - 📈 已处理301193 家联科技 
2025-09-07 13:11:44,190 - INFO - 📈 已处理301195 北路智控 
2025-09-07 13:11:47,751 - INFO - 📈 已处理301196 唯科科技 
2025-09-07 13:11:50,663 - INFO - 📈 已处理301197 工大科雅 
2025-09-07 13:11:53,498 - INFO - 📈 已处理301198 喜悦智行 
2025-09-07 13:11:56,732 - INFO - 📈 已处理301199 迈赫股份 
2025-09-07 13:11:59,494 - INFO - 📈 已处理301200 大族数控 
2025-09-07 13:12:02,515 - INFO - 📈 已处理301201 诚达药业 
2025-09-07 13:12:05,028 - INFO - 📈 已处理301202 朗威股份 
2025-09-07 13:12:07,222 - INFO - 📈 已处理301203 国泰环保 
2025-09-07 13:12:13,248 - WARNING - ⚠️ 301205 联特科技 K线更新失败: ('Connection aborted.', ConnectionResetError(10054, '远程主机强迫关闭了一个现有的连接。', None, 10054, None))
2025-09-07 13:12:15,367 - INFO - 📈 已处理301206 三元生物 
2025-09-07 13:12:17,372 - INFO - 📈 已处理301207 华兰疫苗 
2025-09-07 13:12:19,261 - INFO - 📈 已处理301208 中亦科技 
2025-09-07 13:12:22,076 - INFO - 📈 已处理301209 联合化学 
2025-09-07 13:12:23,743 - INFO - 📈 已处理301210 金杨股份 
2025-09-07 13:12:25,822 - INFO - 📈 已处理301211 亨迪药业 
2025-09-07 13:12:28,220 - INFO - 📈 已处理301212 联盛化学 
2025-09-07 13:12:31,515 - INFO - 📈 已处理301213 观想科技 
2025-09-07 13:12:31,515 - INFO - 📈 已处理 850/3653 只股票，成功 830 只
2025-09-07 13:12:34,045 - INFO - 📈 已处理301215 中汽股份 
2025-09-07 13:12:37,281 - INFO - 📈 已处理301216 万凯新材 
2025-09-07 13:12:38,930 - INFO - 📈 已处理301217 铜冠铜箔 
2025-09-07 13:12:41,423 - INFO - 📈 已处理301218 华是科技 
2025-09-07 13:12:43,439 - INFO - 📈 已处理301219 腾远钴业 
2025-09-07 13:12:45,055 - INFO - 📈 已处理301220 亚香股份 
2025-09-07 13:12:47,009 - INFO - 📈 已处理301221 光庭信息 
2025-09-07 13:12:48,580 - INFO - 📈 已处理301222 浙江恒威 
2025-09-07 13:12:51,540 - INFO - 📈 已处理301223 中荣股份 
2025-09-07 13:12:53,472 - INFO - 📈 已处理301225 恒勃股份 
2025-09-07 13:12:56,065 - INFO - 📈 已处理301226 祥明智能 
2025-09-07 13:13:01,116 - INFO - 📈 已处理301227 森鹰窗业 
2025-09-07 13:13:03,491 - INFO - 📈 已处理301228 实朴检测 
2025-09-07 13:13:05,927 - INFO - 📈 已处理301229 纽泰格 
2025-09-07 13:13:07,599 - INFO - 📈 已处理301230 泓博医药 
2025-09-07 13:13:09,705 - INFO - 📈 已处理301231 荣信文化 
2025-09-07 13:13:12,253 - INFO - 📈 已处理301232 飞沃科技 
2025-09-07 13:13:14,957 - INFO - 📈 已处理301233 盛帮股份 
2025-09-07 13:13:17,046 - INFO - 📈 已处理301234 五洲医疗 
2025-09-07 13:13:18,577 - INFO - 📈 已处理301235 华康洁净 
2025-09-07 13:13:21,263 - INFO - 📈 已处理301236 软通动力 
2025-09-07 13:13:23,048 - INFO - 📈 已处理301237 和顺科技 
2025-09-07 13:13:24,639 - INFO - 📈 已处理301238 瑞泰新材 
2025-09-07 13:13:26,561 - INFO - 📈 已处理301239 普瑞眼科 
2025-09-07 13:13:28,700 - INFO - 📈 已处理301246 宏源药业 
2025-09-07 13:13:30,275 - INFO - 📈 已处理301248 杰创智能 
2025-09-07 13:13:32,138 - INFO - 📈 已处理301251 威尔高 
2025-09-07 13:13:35,023 - INFO - 📈 已处理301252 同星科技 
2025-09-07 13:13:36,724 - INFO - 📈 已处理301255 通力科技 
2025-09-07 13:13:38,605 - INFO - 📈 已处理301256 华融化学 
2025-09-07 13:13:40,462 - INFO - 📈 已处理301257 普蕊斯 
2025-09-07 13:13:44,870 - INFO - 📈 已处理301258 富士莱 
2025-09-07 13:13:46,426 - INFO - 📈 已处理301259 艾布鲁 
2025-09-07 13:13:48,990 - INFO - 📈 已处理301260 格力博 
2025-09-07 13:13:51,517 - INFO - 📈 已处理301261 恒工精密 
2025-09-07 13:13:54,288 - INFO - 📈 已处理301262 海看股份 
2025-09-07 13:13:56,870 - INFO - 📈 已处理301263 泰恩康 
2025-09-07 13:13:58,778 - INFO - 📈 已处理301265 华新环保 
2025-09-07 13:14:00,695 - INFO - 📈 已处理301266 宇邦新材 
2025-09-07 13:14:02,793 - INFO - 📈 已处理301267 华厦眼科 
2025-09-07 13:14:04,381 - INFO - 📈 已处理301268 铭利达 
2025-09-07 13:14:07,271 - INFO - 📈 已处理301269 华大九天 
2025-09-07 13:14:09,662 - INFO - 📈 已处理301270 汉仪股份 
2025-09-07 13:14:11,517 - INFO - 📈 已处理301272 英华特 
2025-09-07 13:14:13,802 - INFO - 📈 已处理301273 瑞晨环保 
2025-09-07 13:14:15,353 - INFO - 📈 已处理301275 汉朔科技 
2025-09-07 13:14:17,999 - INFO - 📈 已处理301276 嘉曼服饰 
2025-09-07 13:14:21,096 - INFO - 📈 已处理301277 新天地 
2025-09-07 13:14:23,075 - INFO - 📈 已处理301278 快可电子 
2025-09-07 13:14:24,615 - INFO - 📈 已处理301279 金道科技 
2025-09-07 13:14:24,615 - INFO - 📈 已处理 900/3653 只股票，成功 880 只
2025-09-07 13:14:26,451 - INFO - 📈 已处理301280 珠城科技 
2025-09-07 13:14:28,284 - INFO - 📈 已处理301281 科源制药 
2025-09-07 13:14:30,680 - INFO - 📈 已处理301282 金禄电子 
2025-09-07 13:14:32,556 - INFO - 📈 已处理301283 聚胶股份 
2025-09-07 13:14:34,222 - INFO - 📈 已处理301285 鸿日达 
2025-09-07 13:14:36,024 - INFO - 📈 已处理301286 侨源股份 
2025-09-07 13:14:37,606 - INFO - 📈 已处理301287 康力源 
2025-09-07 13:14:41,973 - INFO - 📈 已处理301288 *ST清研 
2025-09-07 13:14:45,143 - INFO - 📈 已处理301289 国缆检测 
2025-09-07 13:14:47,412 - INFO - 📈 已处理301290 东星医疗 
2025-09-07 13:14:50,363 - INFO - 📈 已处理301291 明阳电气 
2025-09-07 13:14:52,111 - INFO - 📈 已处理301292 海科新源 
2025-09-07 13:14:54,818 - INFO - 📈 已处理301293 三博脑科 
2025-09-07 13:14:57,377 - INFO - 📈 已处理301295 美硕科技 
2025-09-07 13:14:59,579 - INFO - 📈 已处理301296 新巨丰 
2025-09-07 13:15:01,528 - INFO - 📈 已处理301297 富乐德 
2025-09-07 13:15:03,180 - INFO - 📈 已处理301298 东利机械 
2025-09-07 13:15:06,062 - INFO - 📈 已处理301299 卓创资讯 
2025-09-07 13:15:08,286 - INFO - 📈 已处理301300 远翔新材 
2025-09-07 13:15:10,460 - INFO - 📈 已处理301301 川宁生物 
2025-09-07 13:15:12,739 - INFO - 📈 已处理301302 华如科技 
2025-09-07 13:15:16,040 - INFO - 📈 已处理301303 真兰仪表 
2025-09-07 13:15:17,635 - INFO - 📈 已处理301305 朗坤科技 
2025-09-07 13:15:20,248 - INFO - 📈 已处理301306 西测测试 
2025-09-07 13:15:22,121 - INFO - 📈 已处理301307 美利信 
2025-09-07 13:15:24,668 - INFO - 📈 已处理301308 江波龙 
2025-09-07 13:15:29,072 - INFO - 📈 已处理301309 万得凯 
2025-09-07 13:15:32,164 - INFO - 📈 已处理301310 鑫宏业 
2025-09-07 13:15:35,378 - INFO - 📈 已处理301311 昆船智能 
2025-09-07 13:15:37,500 - INFO - 📈 已处理301312 智立方 
2025-09-07 13:15:40,565 - INFO - 📈 已处理301313 凡拓数创 
2025-09-07 13:15:43,161 - INFO - 📈 已处理301314 科瑞思 
2025-09-07 13:15:45,446 - INFO - 📈 已处理301315 威士顿 
2025-09-07 13:15:47,425 - INFO - 📈 已处理301316 慧博云通 
2025-09-07 13:15:49,066 - INFO - 📈 已处理301317 鑫磊股份 
2025-09-07 13:15:51,542 - INFO - 📈 已处理301318 维海德 
2025-09-07 13:15:54,174 - INFO - 📈 已处理301319 唯特偶 
2025-09-07 13:15:56,263 - INFO - 📈 已处理301320 豪江智能 
2025-09-07 13:15:58,505 - INFO - 📈 已处理301321 翰博高新 
2025-09-07 13:16:00,162 - INFO - 📈 已处理301322 绿通科技 
2025-09-07 13:16:01,811 - INFO - 📈 已处理301323 新莱福 
2025-09-07 13:16:03,477 - INFO - 📈 已处理301325 曼恩斯特 
2025-09-07 13:16:05,162 - INFO - 📈 已处理301326 捷邦科技 
2025-09-07 13:16:07,335 - INFO - 📈 已处理301327 华宝新能 
2025-09-07 13:16:09,553 - INFO - 📈 已处理301328 维峰电子 
2025-09-07 13:16:11,239 - INFO - 📈 已处理301329 信音电子 
2025-09-07 13:16:13,252 - INFO - 📈 已处理301330 熵基科技 
2025-09-07 13:16:15,265 - INFO - 📈 已处理301331 恩威医药 
2025-09-07 13:16:18,377 - INFO - 📈 已处理301332 德尔玛 
2025-09-07 13:16:19,862 - INFO - 📈 已处理301333 诺思格 
2025-09-07 13:16:19,862 - INFO - 📈 已处理 950/3653 只股票，成功 930 只
2025-09-07 13:16:22,232 - INFO - 📈 已处理301335 天元宠物 
2025-09-07 13:16:24,047 - INFO - 📈 已处理301336 趣睡科技 
2025-09-07 13:16:26,637 - INFO - 📈 已处理301337 亚华电子 
2025-09-07 13:16:31,529 - INFO - 📈 已处理301338 凯格精机 
2025-09-07 13:16:33,367 - INFO - 📈 已处理301339 通行宝 
2025-09-07 13:16:35,046 - INFO - 📈 已处理301345 涛涛车业 
2025-09-07 13:16:36,540 - INFO - 📈 已处理301348 蓝箭电子 
2025-09-07 13:16:38,179 - INFO - 📈 已处理301349 信德新材 
2025-09-07 13:16:40,273 - INFO - 📈 已处理301353 普莱得 
2025-09-07 13:16:42,357 - INFO - 📈 已处理301355 南王科技 
2025-09-07 13:16:44,901 - INFO - 📈 已处理301356 天振股份 
2025-09-07 13:16:46,496 - INFO - 📈 已处理301357 北方长龙 
2025-09-07 13:16:48,357 - INFO - 📈 已处理301358 湖南裕能 
2025-09-07 13:16:54,239 - INFO - 📈 已处理301359 东南电子 
2025-09-07 13:16:56,723 - INFO - 📈 已处理301360 荣旗科技 
2025-09-07 13:16:58,944 - INFO - 📈 已处理301361 众智科技 
2025-09-07 13:17:00,424 - INFO - 📈 已处理301362 民爆光电 
2025-09-07 13:17:01,940 - INFO - 📈 已处理301363 美好医疗 
2025-09-07 13:17:03,802 - INFO - 📈 已处理301365 矩阵股份 
2025-09-07 13:17:06,012 - INFO - 📈 已处理301366 一博科技 
2025-09-07 13:17:07,961 - INFO - 📈 已处理301367 瑞迈特 
2025-09-07 13:17:10,333 - INFO - 📈 已处理301368 丰立智能 
2025-09-07 13:17:13,875 - INFO - 📈 已处理301369 联动科技 
2025-09-07 13:17:15,945 - INFO - 📈 已处理301370 国科恒泰 
2025-09-07 13:17:17,591 - INFO - 📈 已处理301371 敷尔佳 
2025-09-07 13:17:20,924 - INFO - 📈 已处理301372 科净源 
2025-09-07 13:17:22,574 - INFO - 📈 已处理301373 凌玮科技 
2025-09-07 13:17:24,338 - INFO - 📈 已处理301376 致欧科技 
2025-09-07 13:17:25,964 - INFO - 📈 已处理301377 鼎泰高科 
2025-09-07 13:17:27,746 - INFO - 📈 已处理301378 通达海 
2025-09-07 13:17:29,802 - INFO - 📈 已处理301379 天山电子 
2025-09-07 13:17:31,952 - INFO - 📈 已处理301380 挖金客 
2025-09-07 13:17:33,529 - INFO - 📈 已处理301381 赛维时代 
2025-09-07 13:17:35,709 - INFO - 📈 已处理301382 蜂助手 
2025-09-07 13:17:37,441 - INFO - 📈 已处理301383 天键股份 
2025-09-07 13:17:39,672 - INFO - 📈 已处理301386 未来电器 
2025-09-07 13:17:41,672 - INFO - 📈 已处理301387 光大同创 
2025-09-07 13:17:43,775 - INFO - 📈 已处理301388 欣灵电气 
2025-09-07 13:17:46,404 - INFO - 📈 已处理301389 隆扬电子 
2025-09-07 13:17:48,467 - INFO - 📈 已处理301390 经纬股份 
2025-09-07 13:17:50,543 - INFO - 📈 已处理301391 卡莱特 
2025-09-07 13:17:52,469 - INFO - 📈 已处理301392 汇成真空 
2025-09-07 13:17:55,319 - INFO - 📈 已处理301393 昊帆生物 
2025-09-07 13:18:01,023 - INFO - 📈 已处理301395 仁信新材 
2025-09-07 13:18:04,053 - INFO - 📈 已处理301396 宏景科技 
2025-09-07 13:18:06,144 - INFO - 📈 已处理301397 溯联股份 
2025-09-07 13:18:08,036 - INFO - 📈 已处理301398 星源卓镁 
2025-09-07 13:18:10,383 - INFO - 📈 已处理301399 英特科技 
2025-09-07 13:18:12,088 - INFO - 📈 已处理301408 华人健康 
2025-09-07 13:18:14,619 - INFO - 📈 已处理301413 安培龙 
2025-09-07 13:18:14,619 - INFO - 📈 已处理 1000/3653 只股票，成功 980 只
2025-09-07 13:18:17,462 - INFO - 📈 已处理301418 协昌科技 
2025-09-07 13:18:19,937 - INFO - 📈 已处理301419 阿莱德 
2025-09-07 13:18:21,858 - INFO - 📈 已处理301421 波长光电 
2025-09-07 13:18:23,310 - INFO - 📈 已处理301428 世纪恒通 
2025-09-07 13:18:26,838 - INFO - 📈 已处理301429 森泰股份 
2025-09-07 13:18:28,956 - INFO - 📈 已处理301439 泓淋电力 
2025-09-07 13:18:33,983 - INFO - 📈 已处理301446 福事特 
2025-09-07 13:18:36,048 - INFO - 📈 已处理301448 开创电气 
2025-09-07 13:18:37,603 - INFO - 📈 已处理301456 盘古智能 
2025-09-07 13:18:39,777 - INFO - 📈 已处理301458 钧崴电子 
2025-09-07 13:18:42,271 - INFO - 📈 已处理301459 丰茂股份 
2025-09-07 13:18:44,746 - INFO - 📈 已处理301468 博盈特焊 
2025-09-07 13:18:47,763 - INFO - 📈 已处理301469 恒达新材 
2025-09-07 13:18:51,705 - INFO - 📈 已处理301479 弘景光电 
2025-09-07 13:18:53,627 - INFO - 📈 已处理301486 致尚科技 
2025-09-07 13:18:56,436 - INFO - 📈 已处理301487 盟固利 
2025-09-07 13:18:58,081 - INFO - 📈 已处理301488 豪恩汽电 
2025-09-07 13:19:00,660 - INFO - 📈 已处理301489 思泉新材 
2025-09-07 13:19:06,354 - INFO - 📈 已处理301491 汉桑科技 
2025-09-07 13:19:08,008 - INFO - 📈 已处理301498 乖宝宠物 
2025-09-07 13:19:09,556 - INFO - 📈 已处理301499 维科精密 
2025-09-07 13:19:11,276 - INFO - 📈 已处理301500 飞南资源 
2025-09-07 13:19:12,982 - INFO - 📈 已处理301501 恒鑫生活 
2025-09-07 13:19:15,227 - INFO - 📈 已处理301502 华阳智能 
2025-09-07 13:19:18,056 - INFO - 📈 已处理301503 智迪科技 
2025-09-07 13:19:20,169 - INFO - 📈 已处理301505 苏州规划 
2025-09-07 13:19:23,747 - INFO - 📈 已处理301507 民生健康 
2025-09-07 13:19:25,990 - INFO - 📈 已处理301508 中机认检 
2025-09-07 13:19:28,691 - INFO - 📈 已处理301509 金凯生科 
2025-09-07 13:19:33,563 - INFO - 📈 已处理301510 固高科技 
2025-09-07 13:19:36,202 - INFO - 📈 已处理301511 德福科技 
2025-09-07 13:19:37,992 - INFO - 📈 已处理301512 智信精密 
2025-09-07 13:19:39,577 - INFO - 📈 已处理301515 港通医疗 
2025-09-07 13:19:41,258 - INFO - 📈 已处理301516 中远通 
2025-09-07 13:19:45,090 - INFO - 📈 已处理301517 陕西华达 
2025-09-07 13:19:47,835 - INFO - 📈 已处理301518 长华化学 
2025-09-07 13:19:49,716 - INFO - 📈 已处理301519 舜禹股份 
2025-09-07 13:19:52,717 - INFO - 📈 已处理301520 万邦医药 
2025-09-07 13:19:55,325 - INFO - 📈 已处理301522 上大股份 
2025-09-07 13:19:56,906 - INFO - 📈 已处理301525 儒竞科技 
2025-09-07 13:20:00,566 - INFO - 📈 已处理301526 国际复材 
2025-09-07 13:34:15,093 - WARNING - ⚠️ 301528 多浦乐 K线更新失败: HTTPSConnectionPool(host='push2his.eastmoney.com', port=443): Max retries exceeded with url: /api/qt/stock/kline/get?fields1=f1%2Cf2%2Cf3%2Cf4%2Cf5%2Cf6&fields2=f51%2Cf52%2Cf53%2Cf54%2Cf55%2Cf56%2Cf57%2Cf58%2Cf59%2Cf60%2Cf61%2Cf116&ut=7eea3edcaed734bea9cbfc24409ed989&klt=101&fqt=0&secid=0.301528&beg=20250831&end=20250907 (Caused by SSLError(SSLEOFError(8, '[SSL: UNEXPECTED_EOF_WHILE_READING] EOF occurred in violation of protocol (_ssl.c:1007)')))
2025-09-07 13:34:17,156 - INFO - 📈 已处理301529 福赛科技 
2025-09-07 13:34:18,903 - INFO - 📈 已处理301533 威马农机 
2025-09-07 13:34:20,465 - INFO - 📈 已处理301535 浙江华远 
2025-09-07 13:34:21,986 - INFO - 📈 已处理301536 星宸科技 
2025-09-07 13:34:25,078 - INFO - 📈 已处理301538 骏鼎达 
2025-09-07 13:34:26,586 - INFO - 📈 已处理301539 宏鑫科技 
2025-09-07 13:34:28,609 - INFO - 📈 已处理301548 崇德科技 
2025-09-07 13:34:30,488 - INFO - 📈 已处理301550 斯菱股份 
2025-09-07 13:34:30,488 - INFO - 📈 已处理 1050/3653 只股票，成功 1029 只
2025-09-07 13:34:34,039 - INFO - 📈 已处理301551 无线传媒 
2025-09-07 13:34:36,119 - INFO - 📈 已处理301552 科力装备 
2025-09-07 13:34:39,813 - INFO - 📈 已处理301555 惠柏新材 
2025-09-07 13:34:41,762 - INFO - 📈 已处理301556 托普云农 
2025-09-07 13:34:44,397 - INFO - 📈 已处理301557 常友科技 
2025-09-07 13:34:50,215 - INFO - 📈 已处理301558 三态股份 
2025-09-07 13:34:52,937 - INFO - 📈 已处理301559 中集环科 
2025-09-07 13:34:55,578 - INFO - 📈 已处理301560 众捷汽车 
2025-09-07 13:34:57,108 - INFO - 📈 已处理301565 中仑新材 
2025-09-07 13:34:59,646 - INFO - 📈 已处理301566 达利凯普 
2025-09-07 13:35:01,278 - INFO - 📈 已处理301567 贝隆精密 
2025-09-07 13:35:04,391 - INFO - 📈 已处理301568 思泰克 
2025-09-07 13:35:08,763 - INFO - 📈 已处理301571 国科天成 
2025-09-07 13:35:10,756 - INFO - 📈 已处理301577 美信科技 
2025-09-07 13:35:12,748 - INFO - 📈 已处理301578 辰奕智能 
2025-09-07 13:35:14,398 - INFO - 📈 已处理301580 爱迪特 
2025-09-07 13:35:16,605 - INFO - 📈 已处理301581 黄山谷捷 
2025-09-07 13:35:19,160 - INFO - 📈 已处理301585 蓝宇股份 
2025-09-07 13:35:21,089 - INFO - 📈 已处理301586 佳力奇 
2025-09-07 13:35:23,753 - INFO - 📈 已处理301587 中瑞股份 
2025-09-07 13:35:25,284 - INFO - 📈 已处理301588 美新科技 
2025-09-07 13:35:27,095 - INFO - 📈 已处理301589 诺瓦星云 
2025-09-07 13:35:29,934 - INFO - 📈 已处理301590 优优绿能 
2025-09-07 13:35:33,351 - INFO - 📈 已处理301591 肯特股份 
2025-09-07 13:35:35,287 - INFO - 📈 已处理301592 六九一二 
2025-09-07 13:35:39,020 - INFO - 📈 已处理301595 太力科技 
2025-09-07 13:35:41,308 - INFO - 📈 已处理301596 瑞迪智驱 
2025-09-07 13:35:43,232 - INFO - 📈 已处理301598 博科测试 
2025-09-07 13:35:44,785 - INFO - 📈 已处理301600 慧翰股份 
2025-09-07 13:35:46,289 - INFO - 📈 已处理301601 惠通科技 
2025-09-07 13:35:48,090 - INFO - 📈 已处理301602 超研股份 
2025-09-07 13:35:49,893 - INFO - 📈 已处理301603 乔锋智能 
2025-09-07 13:35:55,916 - WARNING - ⚠️ 301606 绿联科技 K线更新失败: ('Connection aborted.', ConnectionResetError(10054, '远程主机强迫关闭了一个现有的连接。', None, 10054, None))
2025-09-07 13:35:58,925 - INFO - 📈 已处理301607 富特科技 
2025-09-07 13:36:02,128 - INFO - 📈 已处理301608 博实结 
2025-09-07 13:36:04,785 - INFO - 📈 已处理301609 山大电力 
2025-09-07 13:36:06,812 - INFO - 📈 已处理301611 珂玛科技 
2025-09-07 13:36:09,040 - INFO - 📈 已处理301613 新铝时代 
2025-09-07 13:36:12,969 - INFO - 📈 已处理301616 浙江华业 
2025-09-07 13:36:14,872 - INFO - 📈 已处理301617 博苑股份 
2025-09-07 13:36:17,932 - INFO - 📈 已处理301618 长联科技 
2025-09-07 13:36:22,073 - INFO - 📈 已处理301622 英思特 
2025-09-07 13:36:24,082 - INFO - 📈 已处理301626 苏州天脉 
2025-09-07 13:36:27,870 - INFO - 📈 已处理301628 强达电路 
2025-09-07 13:36:31,915 - INFO - 📈 已处理301629 矽电股份 
2025-09-07 13:36:34,212 - INFO - 📈 已处理301630 同宇新材 
2025-09-07 13:36:36,651 - INFO - 📈 已处理301631 壹连科技 
2025-09-07 13:36:38,223 - INFO - 📈 已处理301632 广东建科 
2025-09-07 13:36:42,375 - INFO - 📈 已处理301633 港迪技术 
2025-09-07 13:36:46,625 - INFO - 📈 已处理301636 泽润新能 
2025-09-07 13:36:46,625 - INFO - 📈 已处理 1100/3653 只股票，成功 1078 只
2025-09-07 13:36:48,348 - INFO - 📈 已处理301658 首航新能 
2025-09-07 13:36:51,391 - INFO - 📈 已处理301662 宏工科技 
2025-09-07 13:36:53,254 - INFO - 📈 已处理301665 泰禾股份 
2025-09-07 13:36:54,935 - INFO - 📈 已处理301678 新恒汇 
2025-09-07 13:36:58,934 - INFO - 📈 已处理302132 中航成飞 
2025-09-07 13:37:01,332 - INFO - 📈 已处理430017 星昊医药 
2025-09-07 13:37:06,209 - INFO - 📈 已处理430047 诺思兰德 
2025-09-07 13:37:08,796 - INFO - 📈 已处理430090 同辉信息 
2025-09-07 13:37:10,992 - INFO - 📈 已处理430198 微创光电 
2025-09-07 13:37:12,607 - INFO - 📈 已处理430300 辰光医疗 
2025-09-07 13:37:15,031 - INFO - 📈 已处理430418 苏轴股份 
2025-09-07 13:37:17,032 - INFO - 📈 已处理430425 乐创技术 
2025-09-07 13:37:19,036 - INFO - 📈 已处理430476 海能技术 
2025-09-07 13:37:21,035 - INFO - 📈 已处理430478 峆一药业 
2025-09-07 13:37:23,095 - INFO - 📈 已处理430510 丰光精密 
2025-09-07 13:37:25,146 - INFO - 📈 已处理430564 天润科技 
2025-09-07 13:37:27,175 - INFO - 📈 已处理430685 新芝生物 
2025-09-07 13:37:29,478 - INFO - 📈 已处理430718 合肥高科 
2025-09-07 13:37:31,108 - INFO - 📈 已处理600000 浦发银行 
2025-09-07 13:37:34,002 - INFO - 📈 已处理600004 白云机场 
2025-09-07 13:37:40,031 - WARNING - ⚠️ 600006 东风股份 K线更新失败: ('Connection aborted.', ConnectionResetError(10054, '远程主机强迫关闭了一个现有的连接。', None, 10054, None))
2025-09-07 13:37:41,723 - INFO - 📈 已处理600007 中国国贸 
2025-09-07 13:37:43,402 - INFO - 📈 已处理600008 首创环保 
2025-09-07 13:37:46,098 - INFO - 📈 已处理600009 上海机场 
2025-09-07 13:37:49,418 - INFO - 📈 已处理600010 包钢股份 
2025-09-07 13:37:51,289 - INFO - 📈 已处理600011 华能国际 
2025-09-07 13:37:52,952 - INFO - 📈 已处理600012 皖通高速 
2025-09-07 13:37:55,211 - INFO - 📈 已处理600015 华夏银行 
2025-09-07 13:37:57,308 - INFO - 📈 已处理600016 民生银行 
2025-09-07 13:37:59,287 - INFO - 📈 已处理600017 日照港 
2025-09-07 13:38:01,561 - INFO - 📈 已处理600018 上港集团 
2025-09-07 13:38:03,583 - INFO - 📈 已处理600019 宝钢股份 
2025-09-07 13:38:05,325 - INFO - 📈 已处理600020 中原高速 
2025-09-07 13:38:08,412 - INFO - 📈 已处理600021 上海电力 
2025-09-07 13:38:11,485 - INFO - 📈 已处理600022 山东钢铁 
2025-09-07 13:38:15,485 - INFO - 📈 已处理600023 浙能电力 
2025-09-07 13:38:18,070 - INFO - 📈 已处理600025 华能水电 
2025-09-07 13:38:19,984 - INFO - 📈 已处理600026 中远海能 
2025-09-07 13:38:24,699 - INFO - 📈 已处理600027 华电国际 
2025-09-07 13:38:28,603 - INFO - 📈 已处理600028 中国石化 
2025-09-07 13:38:31,161 - INFO - 📈 已处理600029 南方航空 
2025-09-07 13:38:32,946 - INFO - 📈 已处理600030 中信证券 
2025-09-07 13:38:35,982 - INFO - 📈 已处理600031 三一重工 
2025-09-07 13:38:38,414 - INFO - 📈 已处理600032 浙江新能 
2025-09-07 13:38:40,055 - INFO - 📈 已处理600033 福建高速 
2025-09-07 13:38:42,025 - INFO - 📈 已处理600035 楚天高速 
2025-09-07 13:38:45,453 - INFO - 📈 已处理600036 招商银行 
2025-09-07 13:38:49,879 - INFO - 📈 已处理600037 歌华有线 
2025-09-07 13:38:53,841 - INFO - 📈 已处理600038 中直股份 
2025-09-07 13:38:55,478 - INFO - 📈 已处理600039 四川路桥 
2025-09-07 13:38:55,478 - INFO - 📈 已处理 1150/3653 只股票，成功 1127 只
2025-09-07 13:39:04,088 - INFO - 📈 已处理600048 保利发展 
2025-09-07 13:39:06,753 - INFO - 📈 已处理600050 中国联通 
2025-09-07 13:39:09,598 - INFO - 📈 已处理600051 宁波联合 
2025-09-07 13:39:12,696 - INFO - 📈 已处理600052 东望时代 
2025-09-07 13:39:15,270 - INFO - 📈 已处理600053 九鼎投资 
2025-09-07 13:39:17,134 - INFO - 📈 已处理600054 黄山旅游 
2025-09-07 13:39:22,044 - INFO - 📈 已处理600055 万东医疗 
2025-09-07 13:39:24,992 - INFO - 📈 已处理600056 中国医药 
2025-09-07 13:39:27,672 - INFO - 📈 已处理600057 厦门象屿 
2025-09-07 13:39:30,097 - INFO - 📈 已处理600058 五矿发展 
2025-09-07 13:39:31,599 - INFO - 📈 已处理600059 古越龙山 
2025-09-07 13:39:33,210 - INFO - 📈 已处理600060 海信视像 
2025-09-07 13:39:34,874 - INFO - 📈 已处理600061 国投资本 
2025-09-07 13:39:39,263 - INFO - 📈 已处理600062 华润双鹤 
2025-09-07 13:39:41,812 - INFO - 📈 已处理600063 皖维高新 
2025-09-07 13:39:44,434 - INFO - 📈 已处理600064 南京高科 
2025-09-07 13:39:45,984 - INFO - 📈 已处理600066 宇通客车 
2025-09-07 13:39:47,975 - INFO - 📈 已处理600067 冠城新材 
2025-09-07 13:39:49,456 - INFO - 📈 已处理600071 凤凰光学 
2025-09-07 13:39:51,753 - INFO - 📈 已处理600072 中船科技 
2025-09-07 13:39:55,880 - INFO - 📈 已处理600073 光明肉业 
2025-09-07 13:39:58,452 - INFO - 📈 已处理600075 新疆天业 
2025-09-07 13:40:01,119 - INFO - 📈 已处理600076 康欣新材 
2025-09-07 13:40:03,750 - INFO - 📈 已处理600078 澄星股份 
2025-09-07 13:40:05,316 - INFO - 📈 已处理600079 人福医药 
2025-09-07 13:40:06,846 - INFO - 📈 已处理600080 金花股份 
2025-09-07 13:40:09,405 - INFO - 📈 已处理600081 东风科技 
2025-09-07 13:40:11,960 - INFO - 📈 已处理600082 海泰发展 
2025-09-07 13:40:13,604 - INFO - 📈 已处理600084 中信尼雅 
2025-09-07 13:40:15,426 - INFO - 📈 已处理600085 同仁堂 
2025-09-07 13:40:17,389 - INFO - 📈 已处理600088 中视传媒 
2025-09-07 13:40:19,241 - INFO - 📈 已处理600089 特变电工 
2025-09-07 13:40:23,277 - INFO - 📈 已处理600094 大名城 
2025-09-07 13:40:25,085 - INFO - 📈 已处理600095 湘财股份 
2025-09-07 13:40:27,698 - INFO - 📈 已处理600096 云天化 
2025-09-07 13:40:30,360 - INFO - 📈 已处理600097 开创国际 
2025-09-07 13:40:32,288 - INFO - 📈 已处理600098 广州发展 
2025-09-07 13:40:34,401 - INFO - 📈 已处理600099 林海股份 
2025-09-07 13:40:36,653 - INFO - 📈 已处理600100 同方股份 
2025-09-07 13:40:39,648 - INFO - 📈 已处理600101 明星电力 
2025-09-07 13:40:41,484 - INFO - 📈 已处理600103 青山纸业 
2025-09-07 13:40:42,988 - INFO - 📈 已处理600104 上汽集团 
2025-09-07 13:40:44,984 - INFO - 📈 已处理600105 永鼎股份 
2025-09-07 13:40:46,787 - INFO - 📈 已处理600106 重庆路桥 
2025-09-07 13:40:48,881 - INFO - 📈 已处理600107 ST尔雅 
2025-09-07 13:40:52,398 - INFO - 📈 已处理600108 亚盛集团 
2025-09-07 13:40:55,375 - INFO - 📈 已处理600109 国金证券 
2025-09-07 13:41:03,041 - INFO - 📈 已处理600110 诺德股份 
2025-09-07 13:41:05,943 - INFO - 📈 已处理600111 北方稀土 
2025-09-07 13:41:07,550 - INFO - 📈 已处理600113 浙江东日 
2025-09-07 13:41:07,550 - INFO - 📈 已处理 1200/3653 只股票，成功 1177 只
2025-09-07 13:41:10,446 - INFO - 📈 已处理600114 东睦股份 
2025-09-07 13:41:11,950 - INFO - 📈 已处理600115 中国东航 
2025-09-07 13:41:14,921 - INFO - 📈 已处理600116 三峡水利 
2025-09-07 13:41:21,477 - INFO - 📈 已处理600117 西宁特钢 
2025-09-07 13:41:24,031 - INFO - 📈 已处理600118 中国卫星 
2025-09-07 13:41:26,194 - INFO - 📈 已处理600119 长江投资 
2025-09-07 13:41:27,785 - INFO - 📈 已处理600120 浙江东方 
2025-09-07 13:41:29,527 - INFO - 📈 已处理600121 郑州煤电 
2025-09-07 13:41:31,418 - INFO - 📈 已处理600123 兰花科创 
2025-09-07 13:41:33,910 - INFO - 📈 已处理600125 铁龙物流 
2025-09-07 13:41:35,784 - INFO - 📈 已处理600126 杭钢股份 
2025-09-07 13:41:39,906 - INFO - 📈 已处理600127 金健米业 
2025-09-07 13:41:42,267 - INFO - 📈 已处理600128 苏豪弘业 
2025-09-07 13:41:44,493 - INFO - 📈 已处理600129 太极集团 
2025-09-07 13:41:50,528 - WARNING - ⚠️ 600130 *ST波导 K线更新失败: ('Connection aborted.', ConnectionResetError(10054, '远程主机强迫关闭了一个现有的连接。', None, 10054, None))
2025-09-07 13:41:52,349 - INFO - 📈 已处理600131 国网信通 
2025-09-07 13:41:56,226 - INFO - 📈 已处理600132 重庆啤酒 
2025-09-07 13:41:57,940 - INFO - 📈 已处理600133 东湖高新 
2025-09-07 13:42:01,562 - INFO - 📈 已处理600135 乐凯胶片 
2025-09-07 13:42:03,109 - INFO - 📈 已处理600136 ST明诚 
2025-09-07 13:42:04,731 - INFO - 📈 已处理600137 浪莎股份 
2025-09-07 13:42:07,179 - INFO - 📈 已处理600138 中青旅 
2025-09-07 13:42:11,840 - INFO - 📈 已处理600141 兴发集团 
2025-09-07 13:42:15,932 - INFO - 📈 已处理600143 金发科技 
2025-09-07 13:42:17,577 - INFO - 📈 已处理600148 长春一东 
2025-09-07 13:42:20,503 - INFO - 📈 已处理600149 廊坊发展 
2025-09-07 13:42:24,755 - INFO - 📈 已处理600150 中国船舶 
2025-09-07 13:42:31,578 - INFO - 📈 已处理600151 航天机电 
2025-09-07 13:42:33,955 - INFO - 📈 已处理600152 维科技术 
2025-09-07 13:42:40,109 - INFO - 📈 已处理600153 建发股份 
2025-09-07 13:42:45,193 - INFO - 📈 已处理600155 华创云信 
2025-09-07 13:42:48,011 - INFO - 📈 已处理600156 华升股份 
2025-09-07 13:42:51,324 - INFO - 📈 已处理600157 永泰能源 
2025-09-07 13:42:53,959 - INFO - 📈 已处理600158 中体产业 
2025-09-07 13:42:55,786 - INFO - 📈 已处理600159 大龙地产 
2025-09-07 13:43:01,172 - INFO - 📈 已处理600160 巨化股份 
2025-09-07 13:43:08,779 - INFO - 📈 已处理600161 天坛生物 
2025-09-07 13:43:11,052 - INFO - 📈 已处理600162 香江控股 
2025-09-07 13:43:13,127 - INFO - 📈 已处理600163 中闽能源 
2025-09-07 13:43:17,080 - INFO - 📈 已处理600165 ST宁科 
2025-09-07 13:43:20,159 - INFO - 📈 已处理600166 福田汽车 
2025-09-07 13:43:22,866 - INFO - 📈 已处理600167 联美控股 
2025-09-07 13:43:25,559 - INFO - 📈 已处理600168 武汉控股 
2025-09-07 13:43:28,610 - INFO - 📈 已处理600169 太原重工 
2025-09-07 13:43:33,578 - INFO - 📈 已处理600170 上海建工 
2025-09-07 13:43:36,440 - INFO - 📈 已处理600171 上海贝岭 
2025-09-07 13:43:38,082 - INFO - 📈 已处理600172 黄河旋风 
2025-09-07 13:43:42,543 - INFO - 📈 已处理600173 卧龙新能 
2025-09-07 13:43:45,068 - INFO - 📈 已处理600176 中国巨石 
2025-09-07 13:43:46,753 - INFO - 📈 已处理600177 雅戈尔 
2025-09-07 13:43:46,753 - INFO - 📈 已处理 1250/3653 只股票，成功 1226 只
2025-09-07 13:43:48,819 - INFO - 📈 已处理600178 东安动力 
2025-09-07 13:43:51,056 - INFO - 📈 已处理600179 安通控股 
2025-09-07 13:43:53,407 - INFO - 📈 已处理600180 瑞茂通 
2025-09-07 13:43:56,364 - INFO - 📈 已处理600182 S佳通 
2025-09-07 13:44:00,157 - INFO - 📈 已处理600183 生益科技 
2025-09-07 13:44:01,807 - INFO - 📈 已处理600184 光电股份 
2025-09-07 13:44:04,057 - INFO - 📈 已处理600185 珠免集团 
2025-09-07 13:44:05,705 - INFO - 📈 已处理600186 莲花控股 
2025-09-07 13:44:09,241 - INFO - 📈 已处理600187 国中水务 
2025-09-07 13:44:12,435 - INFO - 📈 已处理600188 兖矿能源 
2025-09-07 13:44:14,430 - INFO - 📈 已处理600189 泉阳泉 
2025-09-07 13:44:16,390 - INFO - 📈 已处理600191 华资实业 
2025-09-07 13:44:20,053 - INFO - 📈 已处理600192 长城电工 
2025-09-07 13:44:22,486 - INFO - 📈 已处理600193 *ST创兴 
2025-09-07 13:44:24,606 - INFO - 📈 已处理600195 中牧股份 
2025-09-07 13:44:26,568 - INFO - 📈 已处理600196 复星医药 
2025-09-07 13:44:28,541 - INFO - 📈 已处理600197 伊力特 
2025-09-07 13:44:30,578 - INFO - 📈 已处理600198 大唐电信 
2025-09-07 13:44:35,377 - INFO - 📈 已处理600199 金种子酒 
2025-09-07 13:44:38,986 - INFO - 📈 已处理600200 *ST苏吴 
2025-09-07 13:44:41,940 - INFO - 📈 已处理600201 生物股份 
2025-09-07 13:44:45,449 - INFO - 📈 已处理600202 哈空调 
2025-09-07 13:44:48,341 - INFO - 📈 已处理600203 福日电子 
2025-09-07 13:44:50,171 - INFO - 📈 已处理600206 有研新材 
2025-09-07 13:44:53,275 - INFO - 📈 已处理600207 安彩高科 
2025-09-07 13:44:55,328 - INFO - 📈 已处理600208 衢州发展 
2025-09-07 13:44:56,884 - INFO - 📈 已处理600210 紫江企业 
2025-09-07 13:44:58,939 - INFO - 📈 已处理600211 西藏药业 
2025-09-07 13:45:00,439 - INFO - 📈 已处理600212 绿能慧充 
2025-09-07 13:45:02,592 - INFO - 📈 已处理600215 派斯林 
2025-09-07 13:45:05,922 - INFO - 📈 已处理600216 浙江医药 
2025-09-07 13:45:11,937 - WARNING - ⚠️ 600217 中再资环 K线更新失败: ('Connection aborted.', ConnectionResetError(10054, '远程主机强迫关闭了一个现有的连接。', None, 10054, None))
2025-09-07 13:45:13,767 - INFO - 📈 已处理600218 全柴动力 
2025-09-07 13:45:15,768 - INFO - 📈 已处理600219 南山铝业 
2025-09-07 13:45:18,549 - INFO - 📈 已处理600221 海航控股 
2025-09-07 13:45:20,327 - INFO - 📈 已处理600222 太龙药业 
2025-09-07 13:45:22,890 - INFO - 📈 已处理600223 福瑞达 
2025-09-07 13:45:24,647 - INFO - 📈 已处理600226 亨通股份 
2025-09-07 13:45:28,080 - INFO - 📈 已处理600227 赤天化 
2025-09-07 13:45:31,233 - INFO - 📈 已处理600228 *ST返利 
2025-09-07 13:45:34,297 - INFO - 📈 已处理600229 城市传媒 
2025-09-07 13:45:36,716 - INFO - 📈 已处理600230 沧州大化 
2025-09-07 13:45:40,503 - INFO - 📈 已处理600231 凌钢股份 
2025-09-07 13:45:42,438 - INFO - 📈 已处理600232 金鹰股份 
2025-09-07 13:45:44,212 - INFO - 📈 已处理600233 圆通速递 
2025-09-07 13:45:46,859 - INFO - 📈 已处理600234 科新发展 
2025-09-07 13:45:49,167 - INFO - 📈 已处理600235 民丰特纸 
2025-09-07 13:45:52,091 - INFO - 📈 已处理600236 桂冠电力 
2025-09-07 13:45:54,030 - INFO - 📈 已处理600237 铜峰电子 
2025-09-07 13:45:57,637 - INFO - 📈 已处理600238 *ST椰岛 
2025-09-07 13:45:57,637 - INFO - 📈 已处理 1300/3653 只股票，成功 1275 只
2025-09-07 13:46:00,381 - INFO - 📈 已处理600239 云南城投 
2025-09-07 13:46:03,361 - INFO - 📈 已处理600241 时代万恒 
2025-09-07 13:46:05,981 - INFO - 📈 已处理600243 *ST海华 
2025-09-07 13:46:08,741 - INFO - 📈 已处理600246 万通发展 
2025-09-07 13:46:11,041 - INFO - 📈 已处理600248 陕建股份 
2025-09-07 13:46:12,531 - INFO - 📈 已处理600249 两面针 
2025-09-07 13:46:14,705 - INFO - 📈 已处理600250 南京商旅 
2025-09-07 13:46:17,450 - INFO - 📈 已处理600251 冠农股份 
2025-09-07 13:46:21,715 - INFO - 📈 已处理600252 中恒集团 
2025-09-07 13:46:23,165 - INFO - 📈 已处理600255 鑫科材料 
2025-09-07 13:46:26,562 - INFO - 📈 已处理600256 广汇能源 
2025-09-07 13:46:28,927 - INFO - 📈 已处理600257 大湖股份 
2025-09-07 13:46:32,147 - INFO - 📈 已处理600258 首旅酒店 
2025-09-07 13:46:37,982 - INFO - 📈 已处理600259 广晟有色 
2025-09-07 13:46:40,926 - INFO - 📈 已处理600261 阳光照明 
2025-09-07 13:46:43,024 - INFO - 📈 已处理600262 北方股份 
2025-09-07 13:46:45,122 - INFO - 📈 已处理600265 ST景谷 
2025-09-07 13:46:49,935 - INFO - 📈 已处理600266 城建发展 
2025-09-07 13:46:52,025 - INFO - 📈 已处理600267 海正药业 
2025-09-07 13:46:54,688 - INFO - 📈 已处理600268 国电南自 
2025-09-07 13:46:57,824 - INFO - 📈 已处理600269 赣粤高速 
2025-09-07 13:47:01,824 - INFO - 📈 已处理600271 航天信息 
2025-09-07 13:47:04,142 - INFO - 📈 已处理600272 开开实业 
2025-09-07 13:47:06,119 - INFO - 📈 已处理600273 嘉化能源 
2025-09-07 13:47:08,354 - INFO - 📈 已处理600276 恒瑞医药 
2025-09-07 13:47:10,485 - INFO - 📈 已处理600278 东方创业 
2025-09-07 13:47:12,623 - INFO - 📈 已处理600279 重庆港 
2025-09-07 13:47:14,257 - INFO - 📈 已处理600280 中央商场 
2025-09-07 13:47:16,271 - INFO - 📈 已处理600281 华阳新材 
2025-09-07 13:47:18,603 - INFO - 📈 已处理600282 南钢股份 
2025-09-07 13:47:23,282 - INFO - 📈 已处理600283 钱江水利 
2025-09-07 13:47:27,004 - INFO - 📈 已处理600284 浦东建设 
2025-09-07 13:47:28,759 - INFO - 📈 已处理600285 羚锐制药 
2025-09-07 13:47:30,344 - INFO - 📈 已处理600287 江苏舜天 
2025-09-07 13:47:32,735 - INFO - 📈 已处理600288 大恒科技 
2025-09-07 13:47:35,309 - INFO - 📈 已处理600289 ST信通 
2025-09-07 13:47:38,338 - INFO - 📈 已处理600292 远达环保 
2025-09-07 13:47:39,959 - INFO - 📈 已处理600293 三峡新材 
2025-09-07 13:47:42,166 - INFO - 📈 已处理600295 鄂尔多斯 
2025-09-07 13:47:45,201 - INFO - 📈 已处理600298 安琪酵母 
2025-09-07 13:47:48,332 - INFO - 📈 已处理600299 安迪苏 
2025-09-07 13:47:50,537 - INFO - 📈 已处理600300 维维股份 
2025-09-07 13:47:52,707 - INFO - 📈 已处理600301 华锡有色 
2025-09-07 13:47:56,677 - INFO - 📈 已处理600302 标准股份 
2025-09-07 13:48:02,399 - INFO - 📈 已处理600303 曙光股份 
2025-09-07 13:48:04,008 - INFO - 📈 已处理600305 恒顺醋业 
2025-09-07 13:48:06,428 - INFO - 📈 已处理600307 酒钢宏兴 
2025-09-07 13:48:08,108 - INFO - 📈 已处理600308 华泰股份 
2025-09-07 13:48:10,216 - INFO - 📈 已处理600309 万华化学 
2025-09-07 13:48:12,629 - INFO - 📈 已处理600310 广西能源 
2025-09-07 13:48:12,629 - INFO - 📈 已处理 1350/3653 只股票，成功 1325 只
2025-09-07 13:48:16,448 - INFO - 📈 已处理600312 平高电气 
2025-09-07 13:48:20,630 - INFO - 📈 已处理600313 农发种业 
2025-09-07 13:48:22,262 - INFO - 📈 已处理600315 上海家化 
2025-09-07 13:48:27,913 - INFO - 📈 已处理600316 洪都航空 
2025-09-07 13:48:32,127 - INFO - 📈 已处理600318 新力金融 
2025-09-07 13:48:34,394 - INFO - 📈 已处理600319 亚星化学 
2025-09-07 13:48:36,116 - INFO - 📈 已处理600320 振华重工 
2025-09-07 13:48:38,627 - INFO - 📈 已处理600322 津投城开 
2025-09-07 13:48:40,879 - INFO - 📈 已处理600323 瀚蓝环境 
2025-09-07 13:48:43,070 - INFO - 📈 已处理600325 华发股份 
2025-09-07 13:48:45,713 - INFO - 📈 已处理600326 西藏天路 
2025-09-07 13:48:47,472 - INFO - 📈 已处理600327 大东方 
2025-09-07 13:48:50,017 - INFO - 📈 已处理600328 中盐化工 
2025-09-07 13:48:51,894 - INFO - 📈 已处理600329 达仁堂 
2025-09-07 13:48:58,146 - INFO - 📈 已处理600330 天通股份 
2025-09-07 13:49:01,187 - INFO - 📈 已处理600331 宏达股份 
2025-09-07 13:49:03,667 - INFO - 📈 已处理600332 白云山 
2025-09-07 13:49:05,982 - INFO - 📈 已处理600333 长春燃气 
2025-09-07 13:49:07,638 - INFO - 📈 已处理600335 国机汽车 
2025-09-07 13:49:09,319 - INFO - 📈 已处理600336 澳柯玛 
2025-09-07 13:49:10,985 - INFO - 📈 已处理600337 美克家居 
2025-09-07 13:49:13,797 - INFO - 📈 已处理600338 西藏珠峰 
2025-09-07 13:49:18,695 - INFO - 📈 已处理600339 中油工程 
2025-09-07 13:49:21,587 - INFO - 📈 已处理600340 华夏幸福 
2025-09-07 13:49:23,862 - INFO - 📈 已处理600343 航天动力 
2025-09-07 13:49:27,626 - INFO - 📈 已处理600345 长江通信 
2025-09-07 13:49:29,660 - INFO - 📈 已处理600346 恒力石化 
2025-09-07 13:49:33,274 - INFO - 📈 已处理600348 华阳股份 
2025-09-07 13:49:34,928 - INFO - 📈 已处理600350 山东高速 
2025-09-07 13:49:36,561 - INFO - 📈 已处理600351 亚宝药业 
2025-09-07 13:49:39,594 - INFO - 📈 已处理600352 浙江龙盛 
2025-09-07 13:49:42,261 - INFO - 📈 已处理600353 旭光电子 
2025-09-07 13:49:44,160 - INFO - 📈 已处理600354 敦煌种业 
2025-09-07 13:49:46,142 - INFO - 📈 已处理600355 *ST精伦 
2025-09-07 13:49:50,299 - INFO - 📈 已处理600356 恒丰纸业 
2025-09-07 13:49:52,306 - INFO - 📈 已处理600358 ST联合 
2025-09-07 13:49:54,127 - INFO - 📈 已处理600359 新农开发 
2025-09-07 13:49:56,939 - INFO - 📈 已处理600360 *ST华微 
2025-09-07 13:49:58,743 - INFO - 📈 已处理600361 创新新材 
2025-09-07 13:50:01,940 - INFO - 📈 已处理600362 江西铜业 
2025-09-07 13:50:05,029 - INFO - 📈 已处理600363 联创光电 
2025-09-07 13:50:06,551 - INFO - 📈 已处理600365 ST通葡 
2025-09-07 13:50:08,799 - INFO - 📈 已处理600366 宁波韵升 
2025-09-07 13:50:11,792 - INFO - 📈 已处理600367 红星发展 
2025-09-07 13:50:14,602 - INFO - 📈 已处理600368 五洲交通 
2025-09-07 13:50:16,262 - INFO - 📈 已处理600369 西南证券 
2025-09-07 13:50:19,065 - INFO - 📈 已处理600370 三房巷 
2025-09-07 13:50:20,849 - INFO - 📈 已处理600371 万向德农 
2025-09-07 13:50:25,015 - INFO - 📈 已处理600372 中航机载 
2025-09-07 13:50:27,107 - INFO - 📈 已处理600373 中文传媒 
2025-09-07 13:50:27,107 - INFO - 📈 已处理 1400/3653 只股票，成功 1375 只
2025-09-07 13:50:28,755 - INFO - 📈 已处理600375 汉马科技 
2025-09-07 13:50:31,173 - INFO - 📈 已处理600376 首开股份 
2025-09-07 13:50:33,040 - INFO - 📈 已处理600377 宁沪高速 
2025-09-07 13:50:34,617 - INFO - 📈 已处理600378 昊华科技 
2025-09-07 13:50:36,240 - INFO - 📈 已处理600379 宝光股份 
2025-09-07 13:50:38,831 - INFO - 📈 已处理600380 健康元 
2025-09-07 13:50:40,826 - INFO - 📈 已处理600381 *ST春天 
2025-09-07 13:50:42,664 - INFO - 📈 已处理600382 广东明珠 
2025-09-07 13:50:44,348 - INFO - 📈 已处理600383 金地集团 
2025-09-07 13:50:46,366 - INFO - 📈 已处理600386 北巴传媒 
2025-09-07 13:50:48,553 - INFO - 📈 已处理600388 龙净环保 
2025-09-07 13:50:51,659 - INFO - 📈 已处理600389 江山股份 
2025-09-07 13:50:55,090 - INFO - 📈 已处理600390 五矿资本 
2025-09-07 13:50:57,212 - INFO - 📈 已处理600391 航发科技 
2025-09-07 13:51:02,664 - INFO - 📈 已处理600392 盛和资源 
2025-09-07 13:51:04,699 - INFO - 📈 已处理600395 盘江股份 
2025-09-07 13:51:07,252 - INFO - 📈 已处理600396 华电辽能 
2025-09-07 13:51:08,951 - INFO - 📈 已处理600397 安源煤业 
2025-09-07 13:51:10,629 - INFO - 📈 已处理600398 海澜之家 
2025-09-07 13:51:13,071 - INFO - 📈 已处理600399 抚顺特钢 
2025-09-07 13:51:14,810 - INFO - 📈 已处理600400 红豆股份 
2025-09-07 13:51:16,483 - INFO - 📈 已处理600403 大有能源 
2025-09-07 13:51:18,118 - INFO - 📈 已处理600405 动力源 
2025-09-07 13:51:25,349 - INFO - 📈 已处理600406 国电南瑞 
2025-09-07 13:51:28,209 - INFO - 📈 已处理600408 安泰集团 
2025-09-07 13:51:30,743 - INFO - 📈 已处理600409 三友化工 
2025-09-07 13:51:32,967 - INFO - 📈 已处理600410 华胜天成 
2025-09-07 13:51:35,940 - INFO - 📈 已处理600415 小商品城 
2025-09-07 13:51:38,598 - INFO - 📈 已处理600416 湘电股份 
2025-09-07 13:51:41,343 - INFO - 📈 已处理600418 江淮汽车 
2025-09-07 13:51:44,743 - INFO - 📈 已处理600419 天润乳业 
2025-09-07 13:51:46,749 - INFO - 📈 已处理600420 国药现代 
2025-09-07 13:51:48,679 - INFO - 📈 已处理600421 *ST华嵘 
2025-09-07 13:51:50,610 - INFO - 📈 已处理600422 昆药集团 
2025-09-07 13:51:52,812 - INFO - 📈 已处理600423 柳化股份 
2025-09-07 13:51:55,758 - INFO - 📈 已处理600425 青松建化 
2025-09-07 13:51:57,818 - INFO - 📈 已处理600426 华鲁恒升 
2025-09-07 13:51:59,614 - INFO - 📈 已处理600428 中远海特 
2025-09-07 13:52:01,503 - INFO - 📈 已处理600429 三元股份 
2025-09-07 13:52:03,100 - INFO - 📈 已处理600433 冠豪高新 
2025-09-07 13:52:05,679 - INFO - 📈 已处理600435 北方导航 
2025-09-07 13:52:07,667 - INFO - 📈 已处理600436 片仔癀 
2025-09-07 13:52:10,231 - INFO - 📈 已处理600438 通威股份 
2025-09-07 13:52:11,793 - INFO - 📈 已处理600439 瑞贝卡 
2025-09-07 13:52:13,341 - INFO - 📈 已处理600444 国机通用 
2025-09-07 13:52:15,597 - INFO - 📈 已处理600446 金证股份 
2025-09-07 13:52:18,167 - INFO - 📈 已处理600448 华纺股份 
2025-09-07 13:52:20,074 - INFO - 📈 已处理600449 宁夏建材 
2025-09-07 13:52:21,614 - INFO - 📈 已处理600452 涪陵电力 
2025-09-07 13:52:23,152 - INFO - 📈 已处理600455 博通股份 
2025-09-07 13:52:23,152 - INFO - 📈 已处理 1450/3653 只股票，成功 1425 只
2025-09-07 13:52:24,713 - INFO - 📈 已处理600456 宝钛股份 
2025-09-07 13:52:26,503 - INFO - 📈 已处理600458 时代新材 
2025-09-07 13:52:28,879 - INFO - 📈 已处理600459 贵研铂业 
2025-09-07 13:52:33,139 - INFO - 📈 已处理600460 士兰微 
2025-09-07 13:52:34,861 - INFO - 📈 已处理600461 洪城环境 
2025-09-07 13:52:36,396 - INFO - 📈 已处理600463 空港股份 
2025-09-07 13:52:38,396 - INFO - 📈 已处理600467 好当家 
2025-09-07 13:52:39,929 - INFO - 📈 已处理600468 百利电气 
2025-09-07 13:52:41,393 - INFO - 📈 已处理600469 风神股份 
2025-09-07 13:52:43,672 - INFO - 📈 已处理600470 六国化工 
2025-09-07 13:52:46,343 - INFO - 📈 已处理600475 华光环能 
2025-09-07 13:52:55,291 - INFO - 📈 已处理600476 湘邮科技 
2025-09-07 13:52:57,814 - INFO - 📈 已处理600477 杭萧钢构 
2025-09-07 13:53:01,179 - INFO - 📈 已处理600478 科力远 
2025-09-07 13:53:03,789 - INFO - 📈 已处理600479 千金药业 
2025-09-07 13:53:05,586 - INFO - 📈 已处理600480 凌云股份 
2025-09-07 13:53:08,227 - INFO - 📈 已处理600481 双良节能 
2025-09-07 13:53:11,608 - INFO - 📈 已处理600482 中国动力 
2025-09-07 13:53:16,368 - INFO - 📈 已处理600483 福能股份 
2025-09-07 13:53:21,889 - INFO - 📈 已处理600486 扬农化工 
2025-09-07 13:53:23,452 - INFO - 📈 已处理600487 亨通光电 
2025-09-07 13:53:41,071 - INFO - 📈 已处理600488 津药药业 
2025-09-07 13:53:42,629 - INFO - 📈 已处理600489 中金黄金 
2025-09-07 13:53:44,172 - INFO - 📈 已处理600490 鹏欣资源 
2025-09-07 13:53:46,428 - INFO - 📈 已处理600491 龙元建设 
2025-09-07 13:53:51,411 - INFO - 📈 已处理600493 凤竹纺织 
2025-09-07 13:53:53,083 - INFO - 📈 已处理600495 晋西车轴 
2025-09-07 13:53:55,589 - INFO - 📈 已处理600496 精工钢构 
2025-09-07 13:53:57,445 - INFO - 📈 已处理600497 驰宏锌锗 
2025-09-07 13:53:59,613 - INFO - 📈 已处理600498 烽火通信 
2025-09-07 13:54:02,152 - INFO - 📈 已处理600499 科达制造 
2025-09-07 13:54:04,750 - INFO - 📈 已处理600500 中化国际 
2025-09-07 13:54:06,323 - INFO - 📈 已处理600501 航天晨光 
2025-09-07 13:54:08,416 - INFO - 📈 已处理600502 安徽建工 
2025-09-07 13:54:10,519 - INFO - 📈 已处理600503 华丽家族 
2025-09-07 13:54:12,358 - INFO - 📈 已处理600505 西昌电力 
2025-09-07 13:54:14,085 - INFO - 📈 已处理600506 统一股份 
2025-09-07 13:54:16,988 - INFO - 📈 已处理600507 方大特钢 
2025-09-07 13:54:19,573 - INFO - 📈 已处理600508 上海能源 
2025-09-07 13:54:22,294 - INFO - 📈 已处理600509 天富能源 
2025-09-07 13:54:24,610 - INFO - 📈 已处理600510 黑牡丹 
2025-09-07 13:54:26,300 - INFO - 📈 已处理600511 国药股份 
2025-09-07 13:54:28,618 - INFO - 📈 已处理600512 腾达建设 
2025-09-07 13:54:31,498 - INFO - 📈 已处理600513 联环药业 
2025-09-07 13:54:33,521 - INFO - 📈 已处理600515 海南机场 
2025-09-07 13:54:36,088 - INFO - 📈 已处理600516 方大炭素 
2025-09-07 13:54:41,013 - INFO - 📈 已处理600517 国网英大 
2025-09-07 13:54:44,057 - INFO - 📈 已处理600518 康美药业 
2025-09-07 13:54:46,767 - INFO - 📈 已处理600519 贵州茅台 
2025-09-07 13:54:49,998 - INFO - 📈 已处理600520 三佳科技 
2025-09-07 13:54:49,998 - INFO - 📈 已处理 1500/3653 只股票，成功 1475 只
2025-09-07 13:54:51,667 - INFO - 📈 已处理600521 华海药业 
2025-09-07 13:54:54,452 - INFO - 📈 已处理600522 中天科技 
2025-09-07 13:54:57,527 - INFO - 📈 已处理600523 贵航股份 
2025-09-07 13:54:59,551 - INFO - 📈 已处理600525 ST长园 
2025-09-07 13:55:01,599 - INFO - 📈 已处理600526 菲达环保 
2025-09-07 13:55:03,531 - INFO - 📈 已处理600527 江南高纤 
2025-09-07 13:55:05,085 - INFO - 📈 已处理600528 中铁工业 
2025-09-07 13:55:06,939 - INFO - 📈 已处理600529 山东药玻 
2025-09-07 13:55:09,937 - INFO - 📈 已处理600530 交大昂立 
2025-09-07 13:55:11,939 - INFO - 📈 已处理600531 豫光金铅 
2025-09-07 13:55:14,784 - INFO - 📈 已处理600533 栖霞建设 
2025-09-07 13:55:17,015 - INFO - 📈 已处理600535 天士力 
2025-09-07 13:55:19,157 - INFO - 📈 已处理600536 中国软件 
2025-09-07 13:55:22,012 - INFO - 📈 已处理600537 亿晶光电 
2025-09-07 13:55:25,178 - INFO - 📈 已处理600538 国发股份 
2025-09-07 13:55:27,077 - INFO - 📈 已处理600539 狮头股份 
2025-09-07 13:55:31,367 - INFO - 📈 已处理600540 新赛股份 
2025-09-07 13:55:34,290 - INFO - 📈 已处理600543 莫高股份 
2025-09-07 13:55:35,927 - INFO - 📈 已处理600545 卓郎智能 
2025-09-07 13:55:37,931 - INFO - 📈 已处理600546 山煤国际 
2025-09-07 13:55:42,574 - INFO - 📈 已处理600547 山东黄金 
2025-09-07 13:55:44,383 - INFO - 📈 已处理600548 深高速 
2025-09-07 13:55:47,067 - INFO - 📈 已处理600549 厦门钨业 
2025-09-07 13:55:48,645 - INFO - 📈 已处理600550 保变电气 
2025-09-07 13:55:53,566 - INFO - 📈 已处理600551 时代出版 
2025-09-07 13:55:56,078 - INFO - 📈 已处理600552 凯盛科技 
2025-09-07 13:55:57,663 - INFO - 📈 已处理600556 天下秀 
2025-09-07 13:55:59,465 - INFO - 📈 已处理600557 康缘药业 
2025-09-07 13:56:02,256 - INFO - 📈 已处理600558 大西洋 
2025-09-07 13:56:04,107 - INFO - 📈 已处理600559 老白干酒 
2025-09-07 13:56:05,730 - INFO - 📈 已处理600560 金自天正 
2025-09-07 13:56:08,692 - INFO - 📈 已处理600561 江西长运 
2025-09-07 13:56:11,057 - INFO - 📈 已处理600562 国睿科技 
2025-09-07 13:56:13,103 - INFO - 📈 已处理600563 法拉电子 
2025-09-07 13:56:14,683 - INFO - 📈 已处理600566 济川药业 
2025-09-07 13:56:16,602 - INFO - 📈 已处理600567 山鹰国际 
2025-09-07 13:56:19,251 - INFO - 📈 已处理600568 ST中珠 
2025-09-07 13:58:30,081 - WARNING - ⚠️ 600569 安阳钢铁 K线更新失败: HTTPSConnectionPool(host='push2his.eastmoney.com', port=443): Max retries exceeded with url: /api/qt/stock/kline/get?fields1=f1%2Cf2%2Cf3%2Cf4%2Cf5%2Cf6&fields2=f51%2Cf52%2Cf53%2Cf54%2Cf55%2Cf56%2Cf57%2Cf58%2Cf59%2Cf60%2Cf61%2Cf116&ut=7eea3edcaed734bea9cbfc24409ed989&klt=101&fqt=0&secid=1.600569&beg=20250831&end=20250907 (Caused by SSLError(SSLEOFError(8, '[SSL: UNEXPECTED_EOF_WHILE_READING] EOF occurred in violation of protocol (_ssl.c:1007)')))
2025-09-07 13:58:35,772 - INFO - 📈 已处理600570 恒生电子 
2025-09-07 13:58:37,297 - INFO - 📈 已处理600571 信雅达 
2025-09-07 13:58:39,964 - INFO - 📈 已处理600572 康恩贝 
2025-09-07 13:58:42,630 - INFO - 📈 已处理600573 惠泉啤酒 
2025-09-07 13:58:44,300 - INFO - 📈 已处理600575 淮河能源 
2025-09-07 13:58:46,451 - INFO - 📈 已处理600576 祥源文旅 
2025-09-07 13:58:47,918 - INFO - 📈 已处理600577 精达股份 
2025-09-07 13:58:49,435 - INFO - 📈 已处理600578 京能电力 
2025-09-07 13:58:51,232 - INFO - 📈 已处理600579 中化装备 
2025-09-07 13:58:53,047 - INFO - 📈 已处理600580 卧龙电驱 
2025-09-07 13:58:55,536 - INFO - 📈 已处理600581 八一钢铁 
2025-09-07 13:59:06,881 - INFO - 📈 已处理600582 天地科技 
2025-09-07 13:59:06,882 - INFO - 📈 已处理 1550/3653 只股票，成功 1524 只
2025-09-07 13:59:08,768 - INFO - 📈 已处理600583 海油工程 
2025-09-07 13:59:10,282 - INFO - 📈 已处理600584 长电科技 
2025-09-07 13:59:11,820 - INFO - 📈 已处理600585 海螺水泥 
2025-09-07 13:59:13,428 - INFO - 📈 已处理600586 金晶科技 
2025-09-07 13:59:16,153 - INFO - 📈 已处理600587 新华医疗 
2025-09-07 13:59:17,956 - INFO - 📈 已处理600588 用友网络 
2025-09-07 13:59:20,549 - INFO - 📈 已处理600589 大位科技 
2025-09-07 13:59:22,565 - INFO - 📈 已处理600590 泰豪科技 
2025-09-07 13:59:24,330 - INFO - 📈 已处理600592 龙溪股份 
2025-09-07 13:59:25,841 - INFO - 📈 已处理600593 大连圣亚 
2025-09-07 13:59:27,905 - INFO - 📈 已处理600594 益佰制药 
2025-09-07 13:59:29,558 - INFO - 📈 已处理600595 中孚实业 
2025-09-07 13:59:33,362 - INFO - 📈 已处理600596 新安股份 
2025-09-07 13:59:35,192 - INFO - 📈 已处理600597 光明乳业 
2025-09-07 13:59:38,043 - INFO - 📈 已处理600598 北大荒 
2025-09-07 13:59:39,955 - INFO - 📈 已处理600599 *ST熊猫 
2025-09-07 13:59:41,758 - INFO - 📈 已处理600600 青岛啤酒 
2025-09-07 13:59:43,629 - INFO - 📈 已处理600601 方正科技 
2025-09-07 13:59:45,815 - INFO - 📈 已处理600602 云赛智联 
2025-09-07 13:59:47,886 - INFO - 📈 已处理600603 ST广物 
2025-09-07 13:59:49,430 - INFO - 📈 已处理600604 市北高新 
2025-09-07 13:59:51,035 - INFO - 📈 已处理600605 汇通能源 
2025-09-07 13:59:54,464 - INFO - 📈 已处理600606 绿地控股 
2025-09-07 13:59:56,033 - INFO - 📈 已处理600608 *ST沪科 
2025-09-07 13:59:57,521 - INFO - 📈 已处理600609 金杯汽车 
2025-09-07 13:59:59,369 - INFO - 📈 已处理600610 中毅达 
2025-09-07 14:00:01,327 - INFO - 📈 已处理600611 大众交通 
2025-09-07 14:00:02,935 - INFO - 📈 已处理600612 老凤祥 
2025-09-07 14:00:04,795 - INFO - 📈 已处理600613 神奇制药 
2025-09-07 14:00:06,320 - INFO - 📈 已处理600615 鑫源智造 
2025-09-07 14:00:08,079 - INFO - 📈 已处理600616 金枫酒业 
2025-09-07 14:00:09,693 - INFO - 📈 已处理600617 国新能源 
2025-09-07 14:00:12,450 - INFO - 📈 已处理600618 氯碱化工 
2025-09-07 14:00:14,168 - INFO - 📈 已处理600619 海立股份 
2025-09-07 14:00:15,786 - INFO - 📈 已处理600620 天宸股份 
2025-09-07 14:00:17,860 - INFO - 📈 已处理600621 华鑫股份 
2025-09-07 14:00:19,447 - INFO - 📈 已处理600622 光大嘉宝 
2025-09-07 14:00:22,080 - INFO - 📈 已处理600623 华谊集团 
2025-09-07 14:00:23,786 - INFO - 📈 已处理600624 复旦复华 
2025-09-07 14:00:25,801 - INFO - 📈 已处理600626 申达股份 
2025-09-07 14:00:27,690 - INFO - 📈 已处理600628 新世界 
2025-09-07 14:00:29,275 - INFO - 📈 已处理600629 华建集团 
2025-09-07 14:00:30,875 - INFO - 📈 已处理600630 龙头股份 
2025-09-07 14:00:32,951 - INFO - 📈 已处理600633 浙数文化 
2025-09-07 14:00:34,960 - INFO - 📈 已处理600635 大众公用 
2025-09-07 14:00:37,673 - INFO - 📈 已处理600636 *ST国化 
2025-09-07 14:00:40,513 - INFO - 📈 已处理600637 东方明珠 
2025-09-07 14:00:42,227 - INFO - 📈 已处理600638 新黄浦 
2025-09-07 14:00:43,898 - INFO - 📈 已处理600639 浦东金桥 
2025-09-07 14:00:45,799 - INFO - 📈 已处理600640 国脉文化 
2025-09-07 14:00:45,799 - INFO - 📈 已处理 1600/3653 只股票，成功 1574 只
2025-09-07 14:00:48,437 - INFO - 📈 已处理600641 万业企业 
2025-09-07 14:00:51,232 - INFO - 📈 已处理600642 申能股份 
2025-09-07 14:00:52,937 - INFO - 📈 已处理600643 爱建集团 
2025-09-07 14:00:54,930 - INFO - 📈 已处理600644 乐山电力 
2025-09-07 14:00:57,205 - INFO - 📈 已处理600645 中源协和 
2025-09-07 14:00:58,863 - INFO - 📈 已处理600648 外高桥 
2025-09-07 14:01:02,416 - INFO - 📈 已处理600649 城投控股 
2025-09-07 14:01:04,085 - INFO - 📈 已处理600650 锦江在线 
2025-09-07 14:01:06,287 - INFO - 📈 已处理600651 飞乐音响 
2025-09-07 14:01:08,142 - INFO - 📈 已处理600653 申华控股 
2025-09-07 14:01:10,209 - INFO - 📈 已处理600655 豫园股份 
2025-09-07 14:01:11,859 - INFO - 📈 已处理600657 信达地产 
2025-09-07 14:01:14,227 - INFO - 📈 已处理600658 电子城 
2025-09-07 14:01:16,330 - INFO - 📈 已处理600660 福耀玻璃 
2025-09-07 14:01:18,371 - INFO - 📈 已处理600661 昂立教育 
2025-09-07 14:01:20,141 - INFO - 📈 已处理600662 外服控股 
2025-09-07 14:01:22,470 - INFO - 📈 已处理600663 陆家嘴 
2025-09-07 14:01:24,313 - INFO - 📈 已处理600664 哈药股份 
2025-09-07 14:01:26,112 - INFO - 📈 已处理600665 天地源 
2025-09-07 14:01:29,409 - INFO - 📈 已处理600666 奥瑞德 
2025-09-07 14:01:31,763 - INFO - 📈 已处理600667 太极实业 
2025-09-07 14:01:34,125 - INFO - 📈 已处理600668 尖峰集团 
2025-09-07 14:01:36,067 - INFO - 📈 已处理600671 天目药业 
2025-09-07 14:01:41,077 - INFO - 📈 已处理600673 东阳光 
2025-09-07 14:01:42,745 - INFO - 📈 已处理600674 川投能源 
2025-09-07 14:01:44,817 - INFO - 📈 已处理600675 中华企业 
2025-09-07 14:01:55,130 - INFO - 📈 已处理600676 交运股份 
2025-09-07 14:01:57,897 - INFO - 📈 已处理600678 四川金顶 
2025-09-07 14:02:00,412 - INFO - 📈 已处理600679 上海凤凰 
2025-09-07 14:02:03,163 - INFO - 📈 已处理600681 百川能源 
2025-09-07 14:02:04,768 - INFO - 📈 已处理600682 南京新百 
2025-09-07 14:02:07,210 - INFO - 📈 已处理600683 京投发展 
2025-09-07 14:02:09,872 - INFO - 📈 已处理600684 珠江股份 
2025-09-07 14:02:13,308 - INFO - 📈 已处理600685 中船防务 
2025-09-07 14:02:16,117 - INFO - 📈 已处理600686 金龙汽车 
2025-09-07 14:02:18,988 - INFO - 📈 已处理600688 上海石化 
2025-09-07 14:02:25,010 - WARNING - ⚠️ 600689 上海三毛 K线更新失败: ('Connection aborted.', ConnectionResetError(10054, '远程主机强迫关闭了一个现有的连接。', None, 10054, None))
2025-09-07 14:02:28,131 - INFO - 📈 已处理600690 海尔智家 
2025-09-07 14:02:29,792 - INFO - 📈 已处理600691 阳煤化工 
2025-09-07 14:02:31,715 - INFO - 📈 已处理600692 亚通股份 
2025-09-07 14:02:33,459 - INFO - 📈 已处理600693 东百集团 
2025-09-07 14:02:35,347 - INFO - 📈 已处理600694 大商股份 
2025-09-07 14:02:38,146 - INFO - 📈 已处理600696 *ST岩石 
2025-09-07 14:02:40,918 - INFO - 📈 已处理600697 欧亚集团 
2025-09-07 14:02:43,277 - INFO - 📈 已处理600698 湖南天雁 
2025-09-07 14:02:45,216 - INFO - 📈 已处理600699 均胜电子 
2025-09-07 14:02:46,745 - INFO - 📈 已处理600702 舍得酒业 
2025-09-07 14:02:48,994 - INFO - 📈 已处理600703 三安光电 
2025-09-07 14:02:50,880 - INFO - 📈 已处理600704 物产中大 
2025-09-07 14:02:53,394 - INFO - 📈 已处理600706 曲江文旅 
2025-09-07 14:02:53,394 - INFO - 📈 已处理 1650/3653 只股票，成功 1623 只
2025-09-07 14:02:58,097 - INFO - 📈 已处理600707 彩虹股份 
2025-09-07 14:03:02,029 - INFO - 📈 已处理600708 光明地产 
2025-09-07 14:03:04,711 - INFO - 📈 已处理600710 苏美达 
2025-09-07 14:03:06,297 - INFO - 📈 已处理600711 盛屯矿业 
2025-09-07 14:03:08,916 - INFO - 📈 已处理600712 南宁百货 
2025-09-07 14:03:10,604 - INFO - 📈 已处理600713 南京医药 
2025-09-07 14:03:13,457 - INFO - 📈 已处理600714 金瑞矿业 
2025-09-07 14:03:15,794 - INFO - 📈 已处理600715 文投控股 
2025-09-07 14:03:17,845 - INFO - 📈 已处理600716 凤凰股份 
2025-09-07 14:03:19,822 - INFO - 📈 已处理600717 天津港 
2025-09-07 14:03:21,503 - INFO - 📈 已处理600718 东软集团 
2025-09-07 14:03:23,346 - INFO - 📈 已处理600719 大连热电 
2025-09-07 14:03:25,267 - INFO - 📈 已处理600720 中交设计 
2025-09-07 14:03:26,929 - INFO - 📈 已处理600721 百花医药 
2025-09-07 14:03:28,573 - INFO - 📈 已处理600722 金牛化工 
2025-09-07 14:03:30,344 - INFO - 📈 已处理600724 宁波富达 
2025-09-07 14:03:31,843 - INFO - 📈 已处理600725 云维股份 
2025-09-07 14:03:33,439 - INFO - 📈 已处理600726 华电能源 
2025-09-07 14:03:35,368 - INFO - 📈 已处理600727 鲁北化工 
2025-09-07 14:03:36,865 - INFO - 📈 已处理600728 佳都科技 
2025-09-07 14:03:39,164 - INFO - 📈 已处理600729 重庆百货 
2025-09-07 14:03:40,760 - INFO - 📈 已处理600730 中国高科 
2025-09-07 14:03:43,567 - INFO - 📈 已处理600731 湖南海利 
2025-09-07 14:03:46,206 - INFO - 📈 已处理600732 爱旭股份 
2025-09-07 14:03:48,710 - INFO - 📈 已处理600733 北汽蓝谷 
2025-09-07 14:03:52,892 - INFO - 📈 已处理600734 实达集团 
2025-09-07 14:03:57,371 - INFO - 📈 已处理600735 新华锦 
2025-09-07 14:03:59,771 - INFO - 📈 已处理600736 苏州高新 
2025-09-07 14:04:02,124 - INFO - 📈 已处理600737 中粮糖业 
2025-09-07 14:04:04,061 - INFO - 📈 已处理600738 丽尚国潮 
2025-09-07 14:04:05,811 - INFO - 📈 已处理600739 辽宁成大 
2025-09-07 14:04:08,419 - INFO - 📈 已处理600740 山西焦化 
2025-09-07 14:04:10,328 - INFO - 📈 已处理600741 华域汽车 
2025-09-07 14:04:12,861 - INFO - 📈 已处理600742 富维股份 
2025-09-07 14:04:14,464 - INFO - 📈 已处理600743 华远控股 
2025-09-07 14:04:17,184 - INFO - 📈 已处理600744 华银电力 
2025-09-07 14:04:20,211 - INFO - 📈 已处理600745 闻泰科技 
2025-09-07 14:04:23,430 - INFO - 📈 已处理600746 江苏索普 
2025-09-07 14:04:26,076 - INFO - 📈 已处理600748 上实发展 
2025-09-07 14:04:28,408 - INFO - 📈 已处理600749 西藏旅游 
2025-09-07 14:04:30,929 - INFO - 📈 已处理600750 江中药业 
2025-09-07 14:04:33,542 - INFO - 📈 已处理600751 海航科技 
2025-09-07 14:04:35,427 - INFO - 📈 已处理600753 *ST海钦 
2025-09-07 14:04:38,977 - INFO - 📈 已处理600754 锦江酒店 
2025-09-07 14:04:40,882 - INFO - 📈 已处理600755 厦门国贸 
2025-09-07 14:04:43,057 - INFO - 📈 已处理600756 浪潮软件 
2025-09-07 14:04:45,072 - INFO - 📈 已处理600757 长江传媒 
2025-09-07 14:04:47,526 - INFO - 📈 已处理600758 辽宁能源 
2025-09-07 14:04:49,317 - INFO - 📈 已处理600759 洲际油气 
2025-09-07 14:04:56,373 - INFO - 📈 已处理600760 中航沈飞 
2025-09-07 14:04:56,373 - INFO - 📈 已处理 1700/3653 只股票，成功 1673 只
2025-09-07 14:04:59,212 - INFO - 📈 已处理600761 安徽合力 
2025-09-07 14:05:00,732 - INFO - 📈 已处理600763 通策医疗 
2025-09-07 14:05:02,260 - INFO - 📈 已处理600764 中国海防 
2025-09-07 14:05:03,791 - INFO - 📈 已处理600765 中航重机 
2025-09-07 14:05:09,011 - INFO - 📈 已处理600768 宁波富邦 
2025-09-07 14:05:10,702 - INFO - 📈 已处理600769 祥龙电业 
2025-09-07 14:05:12,752 - INFO - 📈 已处理600770 综艺股份 
2025-09-07 14:05:14,557 - INFO - 📈 已处理600771 广誉远 
2025-09-07 14:05:16,639 - INFO - 📈 已处理600773 西藏城投 
2025-09-07 14:05:18,648 - INFO - 📈 已处理600774 汉商集团 
2025-09-07 14:05:21,227 - INFO - 📈 已处理600775 南京熊猫 
2025-09-07 14:05:23,209 - INFO - 📈 已处理600776 东方通信 
2025-09-07 14:05:25,909 - INFO - 📈 已处理600777 *ST新潮 
2025-09-07 14:05:29,195 - INFO - 📈 已处理600778 友好集团 
2025-09-07 14:05:31,208 - INFO - 📈 已处理600779 水井坊 
2025-09-07 14:05:32,805 - INFO - 📈 已处理600780 通宝能源 
2025-09-07 14:05:34,774 - INFO - 📈 已处理600782 新钢股份 
2025-09-07 14:05:36,266 - INFO - 📈 已处理600783 鲁信创投 
2025-09-07 14:05:37,859 - INFO - 📈 已处理600784 鲁银投资 
2025-09-07 14:05:39,591 - INFO - 📈 已处理600785 新华百货 
2025-09-07 14:05:41,420 - INFO - 📈 已处理600787 中储股份 
2025-09-07 14:05:42,906 - INFO - 📈 已处理600789 鲁抗医药 
2025-09-07 14:05:45,390 - INFO - 📈 已处理600790 轻纺城 
2025-09-07 14:05:46,924 - INFO - 📈 已处理600791 京能置业 
2025-09-07 14:05:48,471 - INFO - 📈 已处理600792 云煤能源 
2025-09-07 14:05:50,359 - INFO - 📈 已处理600793 宜宾纸业 
2025-09-07 14:05:52,321 - INFO - 📈 已处理600794 保税科技 
2025-09-07 14:05:53,842 - INFO - 📈 已处理600795 国电电力 
2025-09-07 14:05:55,363 - INFO - 📈 已处理600796 钱江生化 
2025-09-07 14:05:57,456 - INFO - 📈 已处理600797 浙大网新 
2025-09-07 14:05:59,027 - INFO - 📈 已处理600798 宁波海运 
2025-09-07 14:06:00,626 - INFO - 📈 已处理600800 渤海化学 
2025-09-07 14:06:06,635 - WARNING - ⚠️ 600801 华新水泥 K线更新失败: ('Connection aborted.', ConnectionResetError(10054, '远程主机强迫关闭了一个现有的连接。', None, 10054, None))
2025-09-07 14:06:09,089 - INFO - 📈 已处理600802 福建水泥 
2025-09-07 14:06:12,193 - INFO - 📈 已处理600803 新奥股份 
2025-09-07 14:06:13,937 - INFO - 📈 已处理600805 悦达投资 
2025-09-07 14:06:16,261 - INFO - 📈 已处理600807 济高发展 
2025-09-07 14:06:18,800 - INFO - 📈 已处理600808 马钢股份 
2025-09-07 14:06:21,340 - INFO - 📈 已处理600809 山西汾酒 
2025-09-07 14:06:23,775 - INFO - 📈 已处理600810 神马股份 
2025-09-07 14:06:26,275 - INFO - 📈 已处理600812 华北制药 
2025-09-07 14:06:27,974 - INFO - 📈 已处理600814 杭州解百 
2025-09-07 14:06:29,789 - INFO - 📈 已处理600815 厦工股份 
2025-09-07 14:06:31,291 - INFO - 📈 已处理600816 建元信托 
2025-09-07 14:06:32,768 - INFO - 📈 已处理600817 宇通重工 
2025-09-07 14:06:34,623 - INFO - 📈 已处理600818 中路股份 
2025-09-07 14:06:36,491 - INFO - 📈 已处理600819 耀皮玻璃 
2025-09-07 14:06:38,921 - INFO - 📈 已处理600820 隧道股份 
2025-09-07 14:06:41,271 - INFO - 📈 已处理600821 金开新能 
2025-09-07 14:06:42,933 - INFO - 📈 已处理600822 上海物贸 
2025-09-07 14:06:42,933 - INFO - 📈 已处理 1750/3653 只股票，成功 1722 只
2025-09-07 14:06:44,865 - INFO - 📈 已处理600824 益民集团 
2025-09-07 14:06:46,366 - INFO - 📈 已处理600825 新华传媒 
2025-09-07 14:06:48,985 - INFO - 📈 已处理600826 兰生股份 
2025-09-07 14:06:50,873 - INFO - 📈 已处理600827 百联股份 
2025-09-07 14:06:52,789 - INFO - 📈 已处理600828 茂业商业 
2025-09-07 14:06:55,802 - INFO - 📈 已处理600829 人民同泰 
2025-09-07 14:06:58,803 - INFO - 📈 已处理600830 香溢融通 
2025-09-07 14:07:02,191 - INFO - 📈 已处理600831 ST广网 
2025-09-07 14:07:08,566 - INFO - 📈 已处理600833 第一医药 
2025-09-07 14:07:11,172 - INFO - 📈 已处理600834 申通地铁 
2025-09-07 14:07:12,667 - INFO - 📈 已处理600835 上海机电 
2025-09-07 14:07:14,374 - INFO - 📈 已处理600838 上海九百 
2025-09-07 14:07:16,002 - INFO - 📈 已处理600839 四川长虹 
2025-09-07 14:07:22,451 - INFO - 📈 已处理600841 动力新科 
2025-09-07 14:07:25,196 - INFO - 📈 已处理600843 上工申贝 
2025-09-07 14:07:28,547 - INFO - 📈 已处理600844 金煤科技 
2025-09-07 14:07:30,107 - INFO - 📈 已处理600845 宝信软件 
2025-09-07 14:07:31,536 - INFO - 📈 已处理600846 同济科技 
2025-09-07 14:07:38,032 - INFO - 📈 已处理600847 万里股份 
2025-09-07 14:07:40,047 - INFO - 📈 已处理600848 上海临港 
2025-09-07 14:07:41,655 - INFO - 📈 已处理600850 电科数字 
2025-09-07 14:07:44,166 - INFO - 📈 已处理600851 海欣股份 
2025-09-07 14:07:46,169 - INFO - 📈 已处理600853 龙建股份 
2025-09-07 14:07:48,760 - INFO - 📈 已处理600854 春兰股份 
2025-09-07 14:07:50,315 - INFO - 📈 已处理600855 航天长峰 
2025-09-07 14:07:52,395 - INFO - 📈 已处理600857 宁波中百 
2025-09-07 14:07:54,183 - INFO - 📈 已处理600858 银座股份 
2025-09-07 14:07:56,525 - INFO - 📈 已处理600859 王府井 
2025-09-07 14:07:58,327 - INFO - 📈 已处理600860 京城股份 
2025-09-07 14:08:00,333 - INFO - 📈 已处理600861 北京人力 
2025-09-07 14:08:01,983 - INFO - 📈 已处理600862 中航高科 
2025-09-07 14:08:04,279 - INFO - 📈 已处理600863 内蒙华电 
2025-09-07 14:08:05,967 - INFO - 📈 已处理600864 哈投股份 
2025-09-07 14:08:07,607 - INFO - 📈 已处理600865 百大集团 
2025-09-07 14:08:09,246 - INFO - 📈 已处理600866 星湖科技 
2025-09-07 14:08:11,090 - INFO - 📈 已处理600867 通化东宝 
2025-09-07 14:08:12,811 - INFO - 📈 已处理600868 梅雁吉祥 
2025-09-07 14:08:17,719 - INFO - 📈 已处理600869 远东股份 
2025-09-07 14:08:19,622 - INFO - 📈 已处理600871 石化油服 
2025-09-07 14:08:21,670 - INFO - 📈 已处理600872 中炬高新 
2025-09-07 14:08:23,527 - INFO - 📈 已处理600873 梅花生物 
2025-09-07 14:08:25,749 - INFO - 📈 已处理600874 创业环保 
2025-09-07 14:08:27,329 - INFO - 📈 已处理600875 东方电气 
2025-09-07 14:08:28,949 - INFO - 📈 已处理600876 凯盛新能 
2025-09-07 14:08:31,463 - INFO - 📈 已处理600877 电科芯片 
2025-09-07 14:08:33,003 - INFO - 📈 已处理600879 航天电子 
2025-09-07 14:08:34,998 - INFO - 📈 已处理600880 博瑞传播 
2025-09-07 14:08:36,975 - INFO - 📈 已处理600881 亚泰集团 
2025-09-07 14:08:38,611 - INFO - 📈 已处理600882 妙可蓝多 
2025-09-07 14:08:40,208 - INFO - 📈 已处理600883 博闻科技 
2025-09-07 14:08:40,208 - INFO - 📈 已处理 1800/3653 只股票，成功 1772 只
2025-09-07 14:08:42,487 - INFO - 📈 已处理600884 杉杉股份 
2025-09-07 14:08:44,310 - INFO - 📈 已处理600885 宏发股份 
2025-09-07 14:08:46,686 - INFO - 📈 已处理600886 国投电力 
2025-09-07 14:08:49,488 - INFO - 📈 已处理600887 伊利股份 
2025-09-07 14:08:51,254 - INFO - 📈 已处理600888 新疆众和 
2025-09-07 14:08:53,170 - INFO - 📈 已处理600889 南京化纤 
2025-09-07 14:08:56,951 - INFO - 📈 已处理600892 *ST大晟 
2025-09-07 14:08:58,981 - INFO - 📈 已处理600893 航发动力 
2025-09-07 14:09:01,084 - INFO - 📈 已处理600894 广日股份 
2025-09-07 14:09:04,274 - INFO - 📈 已处理600895 张江高科 
2025-09-07 14:09:06,719 - INFO - 📈 已处理600897 厦门空港 
2025-09-07 14:09:08,837 - INFO - 📈 已处理600900 长江电力 
2025-09-07 14:09:11,866 - INFO - 📈 已处理600901 江苏金租 
2025-09-07 14:09:15,265 - INFO - 📈 已处理600903 贵州燃气 
2025-09-07 14:09:17,307 - INFO - 📈 已处理600905 三峡能源 
2025-09-07 14:09:19,228 - INFO - 📈 已处理600906 财达证券 
2025-09-07 14:09:20,906 - INFO - 📈 已处理600908 无锡银行 
2025-09-07 14:09:22,660 - INFO - 📈 已处理600909 华安证券 
2025-09-07 14:09:26,025 - INFO - 📈 已处理600916 中国黄金 
2025-09-07 14:09:27,651 - INFO - 📈 已处理600917 重庆燃气 
2025-09-07 14:09:29,324 - INFO - 📈 已处理600918 中泰证券 
2025-09-07 14:09:33,682 - INFO - 📈 已处理600919 江苏银行 
2025-09-07 14:09:36,068 - INFO - 📈 已处理600925 苏能股份 
2025-09-07 14:09:37,835 - INFO - 📈 已处理600926 杭州银行 
2025-09-07 14:09:39,938 - INFO - 📈 已处理600927 永安期货 
2025-09-07 14:09:41,670 - INFO - 📈 已处理600928 西安银行 
2025-09-07 14:09:43,602 - INFO - 📈 已处理600929 雪天盐业 
2025-09-07 14:09:45,684 - INFO - 📈 已处理600930 华电新能 
2025-09-07 14:09:47,805 - INFO - 📈 已处理600933 爱柯迪 
2025-09-07 14:09:49,991 - INFO - 📈 已处理600935 华塑股份 
2025-09-07 14:09:52,005 - INFO - 📈 已处理600936 广西广电 
2025-09-07 14:09:56,834 - INFO - 📈 已处理600938 中国海油 
2025-09-07 14:09:58,999 - INFO - 📈 已处理600939 重庆建工 
2025-09-07 14:10:01,481 - INFO - 📈 已处理600941 中国移动 
2025-09-07 14:10:04,624 - INFO - 📈 已处理600955 维远股份 
2025-09-07 14:10:06,302 - INFO - 📈 已处理600956 新天绿能 
2025-09-07 14:10:08,291 - INFO - 📈 已处理600958 东方证券 
2025-09-07 14:10:12,369 - INFO - 📈 已处理600959 江苏有线 
2025-09-07 14:10:14,104 - INFO - 📈 已处理600960 渤海汽车 
2025-09-07 14:10:16,205 - INFO - 📈 已处理600961 株冶集团 
2025-09-07 14:10:18,553 - INFO - 📈 已处理600962 国投中鲁 
2025-09-07 14:10:23,208 - INFO - 📈 已处理600963 岳阳林纸 
2025-09-07 14:10:25,423 - INFO - 📈 已处理600965 福成股份 
2025-09-07 14:10:31,451 - WARNING - ⚠️ 600966 博汇纸业 K线更新失败: ('Connection aborted.', ConnectionResetError(10054, '远程主机强迫关闭了一个现有的连接。', None, 10054, None))
2025-09-07 14:10:33,803 - INFO - 📈 已处理600967 内蒙一机 
2025-09-07 14:10:35,370 - INFO - 📈 已处理600968 海油发展 
2025-09-07 14:10:39,003 - INFO - 📈 已处理600969 郴电国际 
2025-09-07 14:10:40,981 - INFO - 📈 已处理600970 中材国际 
2025-09-07 14:10:42,587 - INFO - 📈 已处理600971 恒源煤电 
2025-09-07 14:10:44,858 - INFO - 📈 已处理600973 宝胜股份 
2025-09-07 14:10:44,858 - INFO - 📈 已处理 1850/3653 只股票，成功 1821 只
2025-09-07 14:10:47,358 - INFO - 📈 已处理600975 新五丰 
2025-09-07 14:10:49,092 - INFO - 📈 已处理600976 健民集团 
2025-09-07 14:10:52,219 - INFO - 📈 已处理600977 中国电影 
2025-09-07 14:10:54,053 - INFO - 📈 已处理600979 广安爱众 
2025-09-07 14:10:56,214 - INFO - 📈 已处理600980 北矿科技 
2025-09-07 14:10:57,688 - INFO - 📈 已处理600981 汇鸿集团 
2025-09-07 14:10:59,825 - INFO - 📈 已处理600982 宁波能源 
2025-09-07 14:11:01,478 - INFO - 📈 已处理600983 惠而浦 
2025-09-07 14:11:03,459 - INFO - 📈 已处理600984 建设机械 
2025-09-07 14:11:05,870 - INFO - 📈 已处理600985 淮北矿业 
2025-09-07 14:11:11,522 - INFO - 📈 已处理600986 浙文互联 
2025-09-07 14:11:13,387 - INFO - 📈 已处理600987 航民股份 
2025-09-07 14:11:14,952 - INFO - 📈 已处理600988 赤峰黄金 
2025-09-07 14:11:18,602 - INFO - 📈 已处理600989 宝丰能源 
2025-09-07 14:11:23,021 - INFO - 📈 已处理600990 四创电子 
2025-09-07 14:11:25,758 - INFO - 📈 已处理600992 贵绳股份 
2025-09-07 14:11:28,869 - INFO - 📈 已处理600993 马应龙 
2025-09-07 14:11:30,919 - INFO - 📈 已处理600995 南网储能 
2025-09-07 14:11:32,819 - INFO - 📈 已处理600996 贵广网络 
2025-09-07 14:11:35,672 - INFO - 📈 已处理600997 开滦股份 
2025-09-07 14:11:37,404 - INFO - 📈 已处理600998 九州通 
2025-09-07 14:11:39,022 - INFO - 📈 已处理600999 招商证券 
2025-09-07 14:11:41,269 - INFO - 📈 已处理601000 唐山港 
2025-09-07 14:11:47,497 - INFO - 📈 已处理601001 晋控煤业 
2025-09-07 14:11:50,478 - INFO - 📈 已处理601002 晋亿实业 
2025-09-07 14:11:52,836 - INFO - 📈 已处理601003 柳钢股份 
2025-09-07 14:11:54,604 - INFO - 📈 已处理601005 重庆钢铁 
2025-09-07 14:11:56,496 - INFO - 📈 已处理601006 大秦铁路 
2025-09-07 14:11:58,896 - INFO - 📈 已处理601007 金陵饭店 
2025-09-07 14:12:08,745 - INFO - 📈 已处理601008 连云港 
2025-09-07 14:12:11,746 - INFO - 📈 已处理601009 南京银行 
2025-09-07 14:12:16,431 - INFO - 📈 已处理601010 文峰股份 
2025-09-07 14:12:18,163 - INFO - 📈 已处理601011 宝泰隆 
2025-09-07 14:12:19,862 - INFO - 📈 已处理601012 隆基绿能 
2025-09-07 14:12:21,817 - INFO - 📈 已处理601015 陕西黑猫 
2025-09-07 14:12:24,502 - INFO - 📈 已处理601016 节能风电 
2025-09-07 14:12:26,120 - INFO - 📈 已处理601018 宁波港 
2025-09-07 14:12:28,400 - INFO - 📈 已处理601019 山东出版 
2025-09-07 14:14:40,810 - WARNING - ⚠️ 601020 华钰矿业 K线更新失败: HTTPSConnectionPool(host='push2his.eastmoney.com', port=443): Max retries exceeded with url: /api/qt/stock/kline/get?fields1=f1%2Cf2%2Cf3%2Cf4%2Cf5%2Cf6&fields2=f51%2Cf52%2Cf53%2Cf54%2Cf55%2Cf56%2Cf57%2Cf58%2Cf59%2Cf60%2Cf61%2Cf116&ut=7eea3edcaed734bea9cbfc24409ed989&klt=101&fqt=0&secid=1.601020&beg=20250831&end=20250907 (Caused by SSLError(SSLEOFError(8, '[SSL: UNEXPECTED_EOF_WHILE_READING] EOF occurred in violation of protocol (_ssl.c:1007)')))
2025-09-07 14:14:42,933 - INFO - 📈 已处理601021 春秋航空 
2025-09-07 14:14:45,479 - INFO - 📈 已处理601022 宁波远洋 
2025-09-07 14:14:47,259 - INFO - 📈 已处理601033 永兴股份 
2025-09-07 14:14:48,734 - INFO - 📈 已处理601038 一拖股份 
2025-09-07 14:14:50,642 - INFO - 📈 已处理601058 赛轮轮胎 
2025-09-07 14:14:52,581 - INFO - 📈 已处理601059 信达证券 
2025-09-07 14:14:55,007 - INFO - 📈 已处理601061 中信金属 
2025-09-07 14:14:56,575 - INFO - 📈 已处理601065 江盐集团 
2025-09-07 14:14:58,349 - INFO - 📈 已处理601066 中信建投 
2025-09-07 14:14:59,936 - INFO - 📈 已处理601068 中铝国际 
2025-09-07 14:15:03,723 - INFO - 📈 已处理601069 西部黄金 
2025-09-07 14:15:03,723 - INFO - 📈 已处理 1900/3653 只股票，成功 1870 只
2025-09-07 14:15:05,668 - INFO - 📈 已处理601077 渝农商行 
2025-09-07 14:15:08,766 - INFO - 📈 已处理601083 锦江航运 
2025-09-07 14:15:10,633 - INFO - 📈 已处理601086 国芳集团 
2025-09-07 14:15:12,624 - INFO - 📈 已处理601088 中国神华 
2025-09-07 14:15:20,281 - INFO - 📈 已处理601089 福元医药 
2025-09-07 14:15:25,183 - INFO - 📈 已处理601096 宏盛华源 
2025-09-07 14:15:26,986 - INFO - 📈 已处理601098 中南传媒 
2025-09-07 14:15:28,470 - INFO - 📈 已处理601099 太平洋 
2025-09-07 14:15:30,310 - INFO - 📈 已处理601100 恒立液压 
2025-09-07 14:15:32,002 - INFO - 📈 已处理601101 昊华能源 
2025-09-07 14:15:34,496 - INFO - 📈 已处理601106 中国一重 
2025-09-07 14:15:36,054 - INFO - 📈 已处理601107 四川成渝 
2025-09-07 14:15:39,063 - INFO - 📈 已处理601108 财通证券 
2025-09-07 14:15:40,601 - INFO - 📈 已处理601111 中国国航 
2025-09-07 14:15:46,679 - INFO - 📈 已处理601113 华鼎股份 
2025-09-07 14:15:48,499 - INFO - 📈 已处理601116 三江购物 
2025-09-07 14:15:51,210 - INFO - 📈 已处理601117 中国化学 
2025-09-07 14:15:54,419 - INFO - 📈 已处理601118 海南橡胶 
2025-09-07 14:15:56,462 - INFO - 📈 已处理601121 宝地矿业 
2025-09-07 14:15:58,549 - INFO - 📈 已处理601126 四方股份 
2025-09-07 14:16:00,180 - INFO - 📈 已处理601127 赛力斯 
2025-09-07 14:16:02,040 - INFO - 📈 已处理601128 常熟银行 
2025-09-07 14:16:03,762 - INFO - 📈 已处理601133 柏诚股份 
2025-09-07 14:16:05,497 - INFO - 📈 已处理601136 首创证券 
2025-09-07 14:16:07,111 - INFO - 📈 已处理601137 博威合金 
2025-09-07 14:16:08,928 - INFO - 📈 已处理601138 工业富联 
2025-09-07 14:16:11,661 - INFO - 📈 已处理601139 深圳燃气 
2025-09-07 14:16:14,208 - INFO - 📈 已处理601155 新城控股 
2025-09-07 14:16:15,838 - INFO - 📈 已处理601156 东航物流 
2025-09-07 14:16:17,498 - INFO - 📈 已处理601158 重庆水务 
2025-09-07 14:16:19,143 - INFO - 📈 已处理601162 天风证券 
2025-09-07 14:16:20,898 - INFO - 📈 已处理601163 三角轮胎 
2025-09-07 14:16:23,261 - INFO - 📈 已处理601166 兴业银行 
2025-09-07 14:16:25,185 - INFO - 📈 已处理601168 西部矿业 
2025-09-07 14:16:27,362 - INFO - 📈 已处理601169 北京银行 
2025-09-07 14:16:28,981 - INFO - 📈 已处理601177 杭齿前进 
2025-09-07 14:16:30,544 - INFO - 📈 已处理601179 中国西电 
2025-09-07 14:16:33,374 - INFO - 📈 已处理601186 中国铁建 
2025-09-07 14:16:36,008 - INFO - 📈 已处理601187 厦门银行 
2025-09-07 14:16:38,816 - INFO - 📈 已处理601188 龙江交通 
2025-09-07 14:16:41,324 - INFO - 📈 已处理601198 东兴证券 
2025-09-07 14:16:44,545 - INFO - 📈 已处理601199 江南水务 
2025-09-07 14:16:46,179 - INFO - 📈 已处理601200 上海环境 
2025-09-07 14:16:48,509 - INFO - 📈 已处理601208 东材科技 
2025-09-07 14:16:50,605 - INFO - 📈 已处理601211 国泰海通 
2025-09-07 14:16:54,143 - INFO - 📈 已处理601212 白银有色 
2025-09-07 14:16:57,574 - INFO - 📈 已处理601216 君正集团 
2025-09-07 14:16:59,146 - INFO - 📈 已处理601218 吉鑫科技 
2025-09-07 14:17:00,701 - INFO - 📈 已处理601222 林洋能源 
2025-09-07 14:17:03,752 - INFO - 📈 已处理601225 陕西煤业 
2025-09-07 14:17:03,752 - INFO - 📈 已处理 1950/3653 只股票，成功 1920 只
2025-09-07 14:17:05,333 - INFO - 📈 已处理601226 华电科工 
2025-09-07 14:17:07,869 - INFO - 📈 已处理601228 广州港 
2025-09-07 14:17:10,842 - INFO - 📈 已处理601229 上海银行 
2025-09-07 14:17:14,205 - INFO - 📈 已处理601231 环旭电子 
2025-09-07 14:17:17,690 - INFO - 📈 已处理601233 桐昆股份 
2025-09-07 14:17:20,431 - INFO - 📈 已处理601236 红塔证券 
2025-09-07 14:17:22,850 - INFO - 📈 已处理601238 广汽集团 
2025-09-07 14:17:25,663 - INFO - 📈 已处理601279 英利汽车 
2025-09-07 14:17:27,742 - INFO - 📈 已处理601288 农业银行 
2025-09-07 14:17:32,072 - INFO - 📈 已处理601298 青岛港 
2025-09-07 14:17:35,544 - INFO - 📈 已处理601311 骆驼股份 
2025-09-07 14:17:38,227 - INFO - 📈 已处理601318 中国平安 
2025-09-07 14:17:41,041 - INFO - 📈 已处理601319 中国人保 
2025-09-07 14:17:43,648 - INFO - 📈 已处理601326 秦港股份 
2025-09-07 14:17:46,133 - INFO - 📈 已处理601328 交通银行 
2025-09-07 14:19:58,241 - WARNING - ⚠️ 601330 绿色动力 K线更新失败: HTTPSConnectionPool(host='push2his.eastmoney.com', port=443): Max retries exceeded with url: /api/qt/stock/kline/get?fields1=f1%2Cf2%2Cf3%2Cf4%2Cf5%2Cf6&fields2=f51%2Cf52%2Cf53%2Cf54%2Cf55%2Cf56%2Cf57%2Cf58%2Cf59%2Cf60%2Cf61%2Cf116&ut=7eea3edcaed734bea9cbfc24409ed989&klt=101&fqt=0&secid=1.601330&beg=20250831&end=20250907 (Caused by SSLError(SSLEOFError(8, '[SSL: UNEXPECTED_EOF_WHILE_READING] EOF occurred in violation of protocol (_ssl.c:1007)')))
2025-09-07 14:20:00,490 - INFO - 📈 已处理601333 广深铁路 
2025-09-07 14:20:05,435 - INFO - 📈 已处理601336 新华保险 
2025-09-07 14:20:07,155 - INFO - 📈 已处理601339 百隆东方 
2025-09-07 14:20:08,974 - INFO - 📈 已处理601360 三六零 
2025-09-07 14:20:11,036 - INFO - 📈 已处理601366 利群股份 
2025-09-07 14:20:13,688 - INFO - 📈 已处理601368 绿城水务 
2025-09-07 14:20:15,972 - INFO - 📈 已处理601369 陕鼓动力 
2025-09-07 14:20:18,139 - INFO - 📈 已处理601375 中原证券 
2025-09-07 14:20:19,781 - INFO - 📈 已处理601377 兴业证券 
2025-09-07 14:20:22,104 - INFO - 📈 已处理601388 怡球资源 
2025-09-07 14:20:24,057 - INFO - 📈 已处理601390 中国中铁 
2025-09-07 14:20:26,437 - INFO - 📈 已处理601398 工商银行 
2025-09-07 14:20:28,555 - INFO - 📈 已处理601399 国机重装 
2025-09-07 14:20:30,470 - INFO - 📈 已处理601456 国联民生 
2025-09-07 14:20:32,604 - INFO - 📈 已处理601500 通用股份 
2025-09-07 14:20:34,361 - INFO - 📈 已处理601512 中新集团 
2025-09-07 14:20:36,160 - INFO - 📈 已处理601515 东峰集团 
2025-09-07 14:20:37,860 - INFO - 📈 已处理601518 吉林高速 
2025-09-07 14:20:40,878 - INFO - 📈 已处理601519 大智慧 
2025-09-07 14:20:43,562 - INFO - 📈 已处理601528 瑞丰银行 
2025-09-07 14:20:45,753 - INFO - 📈 已处理601555 东吴证券 
2025-09-07 14:20:49,023 - INFO - 📈 已处理601566 九牧王 
2025-09-07 14:20:51,355 - INFO - 📈 已处理601567 三星医疗 
2025-09-07 14:20:54,063 - INFO - 📈 已处理601568 北元集团 
2025-09-07 14:20:59,045 - INFO - 📈 已处理601577 长沙银行 
2025-09-07 14:21:00,684 - INFO - 📈 已处理601579 会稽山 
2025-09-07 14:21:02,710 - INFO - 📈 已处理601588 北辰实业 
2025-09-07 14:21:04,751 - INFO - 📈 已处理601595 上海电影 
2025-09-07 14:21:07,821 - INFO - 📈 已处理601598 中国外运 
2025-09-07 14:21:09,656 - INFO - 📈 已处理601599 浙文影业 
2025-09-07 14:21:11,470 - INFO - 📈 已处理601600 中国铝业 
2025-09-07 14:21:13,171 - INFO - 📈 已处理601601 中国太保 
2025-09-07 14:21:14,913 - INFO - 📈 已处理601606 长城军工 
2025-09-07 14:21:19,609 - INFO - 📈 已处理601607 上海医药 
2025-09-07 14:21:19,609 - INFO - 📈 已处理 2000/3653 只股票，成功 1969 只
2025-09-07 14:21:22,344 - INFO - 📈 已处理601608 中信重工 
2025-09-07 14:21:25,156 - INFO - 📈 已处理601609 金田股份 
2025-09-07 14:21:33,244 - INFO - 📈 已处理601611 中国核建 
2025-09-07 14:21:36,116 - INFO - 📈 已处理601615 明阳智能 
2025-09-07 14:21:38,320 - INFO - 📈 已处理601616 广电电气 
2025-09-07 14:21:42,495 - INFO - 📈 已处理601618 中国中冶 
2025-09-07 14:21:44,636 - INFO - 📈 已处理601619 嘉泽新能 
2025-09-07 14:21:47,161 - INFO - 📈 已处理601628 中国人寿 
2025-09-07 14:21:48,934 - INFO - 📈 已处理601633 长城汽车 
2025-09-07 14:21:52,058 - INFO - 📈 已处理601636 旗滨集团 
2025-09-07 14:21:54,598 - INFO - 📈 已处理601658 邮储银行 
2025-09-07 14:21:58,134 - INFO - 📈 已处理601665 齐鲁银行 
2025-09-07 14:22:00,286 - INFO - 📈 已处理601666 平煤股份 
2025-09-07 14:22:02,601 - INFO - 📈 已处理601668 中国建筑 
2025-09-07 14:22:05,573 - INFO - 📈 已处理601669 中国电建 
2025-09-07 14:22:07,197 - INFO - 📈 已处理601677 明泰铝业 
2025-09-07 14:22:08,744 - INFO - 📈 已处理601678 滨化股份 
2025-09-07 14:22:11,098 - INFO - 📈 已处理601686 友发集团 
2025-09-07 14:22:12,727 - INFO - 📈 已处理601688 华泰证券 
2025-09-07 14:22:16,071 - INFO - 📈 已处理601689 拓普集团 
2025-09-07 14:22:18,286 - INFO - 📈 已处理601696 中银证券 
2025-09-07 14:22:19,753 - INFO - 📈 已处理601698 中国卫通 
2025-09-07 14:22:21,709 - INFO - 📈 已处理601699 潞安环能 
2025-09-07 14:22:24,935 - INFO - 📈 已处理601700 风范股份 
2025-09-07 14:22:26,791 - INFO - 📈 已处理601702 华峰铝业 
2025-09-07 14:22:28,392 - INFO - 📈 已处理601717 中创智领 
2025-09-07 14:22:30,658 - INFO - 📈 已处理601718 际华集团 
2025-09-07 14:22:32,205 - INFO - 📈 已处理601727 上海电气 
2025-09-07 14:22:33,770 - INFO - 📈 已处理601728 中国电信 
2025-09-07 14:22:35,213 - INFO - 📈 已处理601766 中国中车 
2025-09-07 14:22:37,802 - INFO - 📈 已处理601777 千里科技 
2025-09-07 14:22:52,415 - INFO - 📈 已处理601778 晶科科技 
2025-09-07 14:22:54,217 - INFO - 📈 已处理601788 光大证券 
2025-09-07 14:22:55,736 - INFO - 📈 已处理601789 宁波建工 
2025-09-07 14:22:57,215 - INFO - 📈 已处理601798 蓝科高新 
2025-09-07 14:22:58,723 - INFO - 📈 已处理601799 星宇股份 
2025-09-07 14:23:02,058 - INFO - 📈 已处理601800 中国交建 
2025-09-07 14:23:03,610 - INFO - 📈 已处理601801 皖新传媒 
2025-09-07 14:23:05,931 - INFO - 📈 已处理601808 中海油服 
2025-09-07 14:23:07,482 - INFO - 📈 已处理601811 新华文轩 
2025-09-07 14:23:09,431 - INFO - 📈 已处理601816 京沪高铁 
2025-09-07 14:23:11,247 - INFO - 📈 已处理601818 光大银行 
2025-09-07 14:23:13,261 - INFO - 📈 已处理601825 沪农商行 
2025-09-07 14:23:14,817 - INFO - 📈 已处理601827 三峰环境 
2025-09-07 14:23:16,268 - INFO - 📈 已处理601828 美凯龙 
2025-09-07 14:23:18,742 - INFO - 📈 已处理601838 成都银行 
2025-09-07 14:23:20,325 - INFO - 📈 已处理601857 中国石油 
2025-09-07 14:23:22,579 - INFO - 📈 已处理601858 中国科传 
2025-09-07 14:23:28,532 - INFO - 📈 已处理601860 紫金银行 
2025-09-07 14:23:30,079 - INFO - 📈 已处理601865 福莱特 
2025-09-07 14:23:30,079 - INFO - 📈 已处理 2050/3653 只股票，成功 2019 只
2025-09-07 14:23:31,930 - INFO - 📈 已处理601866 中远海发 
2025-09-07 14:23:35,127 - INFO - 📈 已处理601868 中国能建 
2025-09-07 14:23:37,593 - INFO - 📈 已处理601869 长飞光纤 
2025-09-07 14:23:39,815 - INFO - 📈 已处理601872 招商轮船 
2025-09-07 14:23:41,325 - INFO - 📈 已处理601877 正泰电器 
2025-09-07 14:23:43,027 - INFO - 📈 已处理601878 浙商证券 
2025-09-07 14:23:45,061 - INFO - 📈 已处理601880 辽港股份 
2025-09-07 14:23:46,952 - INFO - 📈 已处理601881 中国银河 
2025-09-07 14:23:50,747 - INFO - 📈 已处理601882 海天精工 
2025-09-07 14:23:52,385 - INFO - 📈 已处理601886 江河集团 
2025-09-07 14:23:53,983 - INFO - 📈 已处理601888 中国中免 
2025-09-07 14:23:55,485 - INFO - 📈 已处理601890 亚星锚链 
2025-09-07 14:23:57,316 - INFO - 📈 已处理601898 中煤能源 
2025-09-07 14:23:58,819 - INFO - 📈 已处理601899 紫金矿业 
2025-09-07 14:24:00,365 - INFO - 📈 已处理601900 南方传媒 
2025-09-07 14:24:01,837 - INFO - 📈 已处理601901 方正证券 
2025-09-07 14:24:03,416 - INFO - 📈 已处理601908 京运通 
2025-09-07 14:24:05,154 - INFO - 📈 已处理601916 浙商银行 
2025-09-07 14:24:08,136 - INFO - 📈 已处理601918 新集能源 
2025-09-07 14:24:09,986 - INFO - 📈 已处理601919 中远海控 
2025-09-07 14:24:12,291 - INFO - 📈 已处理601921 浙版传媒 
2025-09-07 14:24:14,907 - INFO - 📈 已处理601928 凤凰传媒 
2025-09-07 14:24:17,111 - INFO - 📈 已处理601929 吉视传媒 
2025-09-07 14:24:20,218 - INFO - 📈 已处理601933 永辉超市 
2025-09-07 14:24:21,802 - INFO - 📈 已处理601939 建设银行 
2025-09-07 14:24:24,133 - INFO - 📈 已处理601949 中国出版 
2025-09-07 14:24:26,484 - INFO - 📈 已处理601952 苏垦农发 
2025-09-07 14:24:28,184 - INFO - 📈 已处理601956 东贝集团 
2025-09-07 14:24:30,786 - INFO - 📈 已处理601958 金钼股份 
2025-09-07 14:24:33,237 - INFO - 📈 已处理601963 重庆银行 
2025-09-07 14:24:34,818 - INFO - 📈 已处理601965 中国汽研 
2025-09-07 14:24:38,352 - INFO - 📈 已处理601966 玲珑轮胎 
2025-09-07 14:24:40,390 - INFO - 📈 已处理601968 宝钢包装 
2025-09-07 14:24:42,334 - INFO - 📈 已处理601969 海南矿业 
2025-09-07 14:24:44,117 - INFO - 📈 已处理601975 招商南油 
2025-09-07 14:24:46,483 - INFO - 📈 已处理601985 中国核电 
2025-09-07 14:24:49,519 - INFO - 📈 已处理601988 中国银行 
2025-09-07 14:24:51,079 - INFO - 📈 已处理601990 南京证券 
2025-09-07 14:24:53,654 - INFO - 📈 已处理601991 大唐发电 
2025-09-07 14:24:56,085 - INFO - 📈 已处理601992 金隅集团 
2025-09-07 14:24:58,183 - INFO - 📈 已处理601995 中金公司 
2025-09-07 14:25:03,833 - INFO - 📈 已处理601996 丰林集团 
2025-09-07 14:25:06,227 - INFO - 📈 已处理601997 贵阳银行 
2025-09-07 14:25:08,152 - INFO - 📈 已处理601998 中信银行 
2025-09-07 14:25:09,969 - INFO - 📈 已处理601999 出版传媒 
2025-09-07 14:25:13,083 - INFO - 📈 已处理603000 人民网 
2025-09-07 14:25:15,088 - INFO - 📈 已处理603001 奥康国际 
2025-09-07 14:25:17,108 - INFO - 📈 已处理603002 宏昌电子 
2025-09-07 14:25:18,737 - INFO - 📈 已处理603004 鼎龙科技 
2025-09-07 14:25:21,217 - INFO - 📈 已处理603005 晶方科技 
2025-09-07 14:25:21,217 - INFO - 📈 已处理 2100/3653 只股票，成功 2069 只
2025-09-07 14:25:22,731 - INFO - 📈 已处理603006 联明股份 
2025-09-07 14:25:24,267 - INFO - 📈 已处理603007 *ST花王 
2025-09-07 14:25:25,833 - INFO - 📈 已处理603008 喜临门 
2025-09-07 14:25:27,864 - INFO - 📈 已处理603009 北特科技 
2025-09-07 14:25:29,809 - INFO - 📈 已处理603010 万盛股份 
2025-09-07 14:25:31,681 - INFO - 📈 已处理603011 合锻智能 
2025-09-07 14:25:33,566 - INFO - 📈 已处理603012 创力集团 
2025-09-07 14:25:35,200 - INFO - 📈 已处理603013 亚普股份 
2025-09-07 14:25:42,364 - INFO - 📈 已处理603014 威高血净 
2025-09-07 14:25:44,475 - INFO - 📈 已处理603015 弘讯科技 
2025-09-07 14:25:46,511 - INFO - 📈 已处理603016 新宏泰 
2025-09-07 14:25:48,599 - INFO - 📈 已处理603017 中衡设计 
2025-09-07 14:25:50,164 - INFO - 📈 已处理603018 华设集团 
2025-09-07 14:25:51,979 - INFO - 📈 已处理603019 中科曙光 
2025-09-07 14:25:53,569 - INFO - 📈 已处理603020 爱普股份 
2025-09-07 14:25:56,169 - INFO - 📈 已处理603021 ST华鹏 
2025-09-07 14:25:57,736 - INFO - 📈 已处理603022 新通联 
2025-09-07 14:25:59,376 - INFO - 📈 已处理603023 威帝股份 
2025-09-07 14:26:00,927 - INFO - 📈 已处理603025 大豪科技 
2025-09-07 14:26:04,119 - INFO - 📈 已处理603026 石大胜华 
2025-09-07 14:26:06,548 - INFO - 📈 已处理603027 千禾味业 
2025-09-07 14:26:09,978 - INFO - 📈 已处理603028 赛福天 
2025-09-07 14:26:11,660 - INFO - 📈 已处理603029 天鹅股份 
2025-09-07 14:26:14,506 - INFO - 📈 已处理603030 全筑股份 
2025-09-07 14:26:17,060 - INFO - 📈 已处理603031 安孚科技 
2025-09-07 14:26:19,064 - INFO - 📈 已处理603032 德新科技 
2025-09-07 14:26:21,444 - INFO - 📈 已处理603033 三维股份 
2025-09-07 14:26:23,359 - INFO - 📈 已处理603035 常熟汽饰 
2025-09-07 14:26:26,327 - INFO - 📈 已处理603036 如通股份 
2025-09-07 14:26:28,799 - INFO - 📈 已处理603037 凯众股份 
2025-09-07 14:26:30,298 - INFO - 📈 已处理603038 华立股份 
2025-09-07 14:26:32,289 - INFO - 📈 已处理603039 泛微网络 
2025-09-07 14:26:33,849 - INFO - 📈 已处理603040 新坐标 
2025-09-07 14:26:36,427 - INFO - 📈 已处理603041 美思德 
2025-09-07 14:26:37,946 - INFO - 📈 已处理603042 华脉科技 
2025-09-07 14:26:41,365 - INFO - 📈 已处理603043 广州酒家 
2025-09-07 14:26:44,512 - INFO - 📈 已处理603045 福达合金 
2025-09-07 14:26:46,023 - INFO - 📈 已处理603048 浙江黎明 
2025-09-07 14:26:48,115 - INFO - 📈 已处理603049 中策橡胶 
2025-09-07 14:26:49,983 - INFO - 📈 已处理603050 科林电气 
2025-09-07 14:26:51,957 - INFO - 📈 已处理603051 鹿山新材 
2025-09-07 14:26:53,442 - INFO - 📈 已处理603052 可川科技 
2025-09-07 14:26:55,962 - INFO - 📈 已处理603053 成都燃气 
2025-09-07 14:27:01,137 - INFO - 📈 已处理603055 台华新材 
2025-09-07 14:27:03,256 - INFO - 📈 已处理603056 德邦股份 
2025-09-07 14:27:04,728 - INFO - 📈 已处理603057 紫燕食品 
2025-09-07 14:27:06,212 - INFO - 📈 已处理603058 永吉股份 
2025-09-07 14:27:08,479 - INFO - 📈 已处理603059 倍加洁 
2025-09-07 14:27:11,046 - INFO - 📈 已处理603060 国检集团 
2025-09-07 14:27:15,220 - INFO - 📈 已处理603061 金海通 
2025-09-07 14:27:15,221 - INFO - 📈 已处理 2150/3653 只股票，成功 2119 只
2025-09-07 14:27:18,053 - INFO - 📈 已处理603062 麦加芯彩 
2025-09-07 14:27:20,896 - INFO - 📈 已处理603063 禾望电气 
2025-09-07 14:27:24,262 - INFO - 📈 已处理603065 宿迁联盛 
2025-09-07 14:27:26,870 - INFO - 📈 已处理603066 音飞储存 
2025-09-07 14:27:28,911 - INFO - 📈 已处理603067 振华股份 
2025-09-07 14:27:33,813 - INFO - 📈 已处理603068 博通集成 
2025-09-07 14:27:35,928 - INFO - 📈 已处理603069 海汽集团 
2025-09-07 14:27:42,888 - INFO - 📈 已处理603070 万控智造 
2025-09-07 14:27:44,845 - INFO - 📈 已处理603071 物产环能 
2025-09-07 14:27:47,613 - INFO - 📈 已处理603072 天和磁材 
2025-09-07 14:27:49,294 - INFO - 📈 已处理603073 彩蝶实业 
2025-09-07 14:27:51,947 - INFO - 📈 已处理603075 热威股份 
2025-09-07 14:27:55,859 - INFO - 📈 已处理603076 乐惠国际 
2025-09-07 14:27:57,627 - INFO - 📈 已处理603077 和邦生物 
2025-09-07 14:27:59,942 - INFO - 📈 已处理603078 江化微 
2025-09-07 14:28:01,517 - INFO - 📈 已处理603079 圣达生物 
2025-09-07 14:28:04,415 - INFO - 📈 已处理603080 新疆火炬 
2025-09-07 14:28:06,085 - INFO - 📈 已处理603081 大丰实业 
2025-09-07 14:28:08,409 - INFO - 📈 已处理603082 北自科技 
2025-09-07 14:28:10,042 - INFO - 📈 已处理603083 剑桥科技 
2025-09-07 14:28:13,323 - INFO - 📈 已处理603085 天成自控 
2025-09-07 14:28:16,682 - INFO - 📈 已处理603086 先达股份 
2025-09-07 14:28:18,389 - INFO - 📈 已处理603087 甘李药业 
2025-09-07 14:28:20,036 - INFO - 📈 已处理603088 宁波精达 
2025-09-07 14:28:22,941 - INFO - 📈 已处理603089 正裕工业 
2025-09-07 14:28:24,739 - INFO - 📈 已处理603090 宏盛股份 
2025-09-07 14:28:26,701 - INFO - 📈 已处理603091 众鑫股份 
2025-09-07 14:28:29,909 - INFO - 📈 已处理603093 南华期货 
2025-09-07 14:28:32,094 - INFO - 📈 已处理603095 越剑智能 
2025-09-07 14:28:35,794 - INFO - 📈 已处理603096 新经典 
2025-09-07 14:28:41,066 - INFO - 📈 已处理603097 江苏华辰 
2025-09-07 14:28:43,336 - INFO - 📈 已处理603098 森特股份 
2025-09-07 14:28:45,093 - INFO - 📈 已处理603099 长白山 
2025-09-07 14:28:46,700 - INFO - 📈 已处理603100 川仪股份 
2025-09-07 14:28:50,441 - INFO - 📈 已处理603101 汇嘉时代 
2025-09-07 14:28:53,683 - INFO - 📈 已处理603102 百合股份 
2025-09-07 14:28:55,878 - INFO - 📈 已处理603103 横店影视 
2025-09-07 14:28:58,404 - INFO - 📈 已处理603105 芯能科技 
2025-09-07 14:29:00,059 - INFO - 📈 已处理603106 恒银科技 
2025-09-07 14:29:03,530 - INFO - 📈 已处理603107 上海汽配 
2025-09-07 14:29:05,129 - INFO - 📈 已处理603108 润达医疗 
2025-09-07 14:29:07,755 - INFO - 📈 已处理603109 神驰机电 
2025-09-07 14:29:10,532 - INFO - 📈 已处理603110 东方材料 
2025-09-07 14:29:12,456 - INFO - 📈 已处理603111 康尼机电 
2025-09-07 14:29:14,715 - INFO - 📈 已处理603112 华翔股份 
2025-09-07 14:29:16,543 - INFO - 📈 已处理603113 金能科技 
2025-09-07 14:29:18,652 - INFO - 📈 已处理603115 海星股份 
2025-09-07 14:29:20,326 - INFO - 📈 已处理603116 红蜻蜓 
2025-09-07 14:29:22,340 - INFO - 📈 已处理603117 万林物流 
2025-09-07 14:29:24,898 - INFO - 📈 已处理603118 共进股份 
2025-09-07 14:29:24,899 - INFO - 📈 已处理 2200/3653 只股票，成功 2169 只
2025-09-07 14:29:26,502 - INFO - 📈 已处理603119 浙江荣泰 
2025-09-07 14:29:28,199 - INFO - 📈 已处理603120 肯特催化 
2025-09-07 14:29:29,873 - INFO - 📈 已处理603121 华培动力 
2025-09-07 14:29:32,923 - INFO - 📈 已处理603122 合富中国 
2025-09-07 14:29:34,440 - INFO - 📈 已处理603123 翠微股份 
2025-09-07 14:29:35,992 - INFO - 📈 已处理603124 江南新材 
2025-09-07 14:29:37,502 - INFO - 📈 已处理603125 常青科技 
2025-09-07 14:29:39,233 - INFO - 📈 已处理603126 中材节能 
2025-09-07 14:29:41,209 - INFO - 📈 已处理603127 昭衍新药 
2025-09-07 14:29:44,522 - INFO - 📈 已处理603128 华贸物流 
2025-09-07 14:29:46,842 - INFO - 📈 已处理603129 春风动力 
2025-09-07 14:29:49,083 - INFO - 📈 已处理603130 云中马 
2025-09-07 14:29:50,653 - INFO - 📈 已处理603131 上海沪工 
2025-09-07 14:29:54,257 - INFO - 📈 已处理603132 金徽股份 
2025-09-07 14:29:56,837 - INFO - 📈 已处理603135 中重科技 
2025-09-07 14:29:59,309 - INFO - 📈 已处理603136 天目湖 
2025-09-07 14:30:02,048 - INFO - 📈 已处理603137 恒尚节能 
2025-09-07 14:30:03,954 - INFO - 📈 已处理603138 海量数据 
2025-09-07 14:30:05,707 - INFO - 📈 已处理603139 康惠制药 
2025-09-07 14:30:07,919 - INFO - 📈 已处理603150 万朗磁塑 
2025-09-07 14:30:09,420 - INFO - 📈 已处理603151 邦基科技 
2025-09-07 14:30:11,079 - INFO - 📈 已处理603153 上海建科 
2025-09-07 14:30:12,822 - INFO - 📈 已处理603155 新亚强 
2025-09-07 14:30:15,931 - INFO - 📈 已处理603156 养元饮品 
2025-09-07 14:30:18,678 - INFO - 📈 已处理603158 腾龙股份 
2025-09-07 14:30:20,778 - INFO - 📈 已处理603159 上海亚虹 
2025-09-07 14:30:23,398 - INFO - 📈 已处理603160 汇顶科技 
2025-09-07 14:30:26,340 - INFO - 📈 已处理603161 科华控股 
2025-09-07 14:30:28,023 - INFO - 📈 已处理603162 海通发展 
2025-09-07 14:30:30,991 - INFO - 📈 已处理603163 圣晖集成 
2025-09-07 14:30:34,637 - INFO - 📈 已处理603165 荣晟环保 
2025-09-07 14:30:36,292 - INFO - 📈 已处理603166 福达股份 
2025-09-07 14:30:38,192 - INFO - 📈 已处理603167 渤海轮渡 
2025-09-07 14:30:40,964 - INFO - 📈 已处理603168 莎普爱思 
2025-09-07 14:30:42,670 - INFO - 📈 已处理603169 兰石重装 
2025-09-07 14:30:44,949 - INFO - 📈 已处理603170 宝立食品 
2025-09-07 14:30:47,565 - INFO - 📈 已处理603171 税友股份 
2025-09-07 14:30:51,531 - INFO - 📈 已处理603172 万丰股份 
2025-09-07 14:30:53,268 - INFO - 📈 已处理603173 福斯达 
2025-09-07 14:30:56,367 - INFO - 📈 已处理603176 汇通集团 
2025-09-07 14:30:59,495 - INFO - 📈 已处理603177 德创环保 
2025-09-07 14:31:01,151 - INFO - 📈 已处理603178 圣龙股份 
2025-09-07 14:31:03,543 - INFO - 📈 已处理603179 新泉股份 
2025-09-07 14:31:05,401 - INFO - 📈 已处理603180 金牌家居 
2025-09-07 14:31:07,811 - INFO - 📈 已处理603181 皇马科技 
2025-09-07 14:31:09,825 - INFO - 📈 已处理603182 嘉华股份 
2025-09-07 14:31:11,489 - INFO - 📈 已处理603183 建研院 
2025-09-07 14:31:13,860 - INFO - 📈 已处理603185 弘元绿能 
2025-09-07 14:31:17,825 - INFO - 📈 已处理603186 华正新材 
2025-09-07 14:31:19,616 - INFO - 📈 已处理603187 海容冷链 
2025-09-07 14:31:19,616 - INFO - 📈 已处理 2250/3653 只股票，成功 2219 只
2025-09-07 14:31:21,544 - INFO - 📈 已处理603188 亚邦股份 
2025-09-07 14:31:24,081 - INFO - 📈 已处理603189 网达软件 
2025-09-07 14:31:26,273 - INFO - 📈 已处理603190 亚通精工 
2025-09-07 14:31:28,003 - INFO - 📈 已处理603191 望变电气 
2025-09-07 14:31:30,958 - INFO - 📈 已处理603192 汇得科技 
2025-09-07 14:31:33,873 - INFO - 📈 已处理603193 润本股份 
2025-09-07 14:31:35,946 - INFO - 📈 已处理603194 中力股份 
2025-09-07 14:31:37,982 - INFO - 📈 已处理603195 公牛集团 
2025-09-07 14:31:40,053 - INFO - 📈 已处理603196 日播时尚 
2025-09-07 14:31:42,662 - INFO - 📈 已处理603197 保隆科技 
2025-09-07 14:31:45,285 - INFO - 📈 已处理603198 迎驾贡酒 
2025-09-07 14:31:51,346 - INFO - 📈 已处理603199 九华旅游 
2025-09-07 14:31:54,202 - INFO - 📈 已处理603200 上海洗霸 
2025-09-07 14:31:56,221 - INFO - 📈 已处理603201 常润股份 
2025-09-07 14:31:58,422 - INFO - 📈 已处理603202 天有为 
2025-09-07 14:32:00,372 - INFO - 📈 已处理603203 快克智能 
2025-09-07 14:32:02,918 - INFO - 📈 已处理603205 健尔康 
2025-09-07 14:32:05,099 - INFO - 📈 已处理603206 嘉环科技 
2025-09-07 14:32:08,393 - INFO - 📈 已处理603207 小方制药 
2025-09-07 14:32:10,560 - INFO - 📈 已处理603208 江山欧派 
2025-09-07 14:32:12,333 - INFO - 📈 已处理603209 兴通股份 
2025-09-07 14:32:14,017 - INFO - 📈 已处理603210 泰鸿万立 
2025-09-07 14:32:16,158 - INFO - 📈 已处理603211 晋拓股份 
2025-09-07 14:32:19,137 - INFO - 📈 已处理603212 赛伍技术 
2025-09-07 14:32:20,969 - INFO - 📈 已处理603214 爱婴室 
2025-09-07 14:32:23,936 - INFO - 📈 已处理603215 比依股份 
2025-09-07 14:32:25,465 - INFO - 📈 已处理603216 梦天家居 
2025-09-07 14:32:27,202 - INFO - 📈 已处理603217 元利科技 
2025-09-07 14:32:30,124 - INFO - 📈 已处理603218 日月股份 
2025-09-07 14:32:37,449 - INFO - 📈 已处理603219 富佳股份 
2025-09-07 14:32:39,779 - INFO - 📈 已处理603220 中贝通信 
2025-09-07 14:32:41,268 - INFO - 📈 已处理603221 爱丽家居 
2025-09-07 14:32:47,283 - WARNING - ⚠️ 603222 济民健康 K线更新失败: ('Connection aborted.', ConnectionResetError(10054, '远程主机强迫关闭了一个现有的连接。', None, 10054, None))
2025-09-07 14:32:49,684 - INFO - 📈 已处理603223 恒通股份 
2025-09-07 14:32:54,218 - INFO - 📈 已处理603225 新凤鸣 
2025-09-07 14:32:57,180 - INFO - 📈 已处理603226 菲林格尔 
2025-09-07 14:33:00,053 - INFO - 📈 已处理603227 雪峰科技 
2025-09-07 14:33:03,123 - INFO - 📈 已处理603228 景旺电子 
2025-09-07 14:33:05,212 - INFO - 📈 已处理603229 奥翔药业 
2025-09-07 14:33:06,714 - INFO - 📈 已处理603230 内蒙新华 
2025-09-07 14:33:09,022 - INFO - 📈 已处理603231 索宝蛋白 
2025-09-07 14:33:10,942 - INFO - 📈 已处理603232 格尔软件 
2025-09-07 14:33:23,970 - INFO - 📈 已处理603233 大参林 
2025-09-07 14:33:26,312 - INFO - 📈 已处理603235 天新药业 
2025-09-07 14:33:27,832 - INFO - 📈 已处理603236 移远通信 
2025-09-07 14:33:29,464 - INFO - 📈 已处理603237 五芳斋 
2025-09-07 14:33:31,030 - INFO - 📈 已处理603238 诺邦股份 
2025-09-07 14:33:33,856 - INFO - 📈 已处理603239 浙江仙通 
2025-09-07 14:33:36,666 - INFO - 📈 已处理603255 鼎际得 
2025-09-07 14:33:38,151 - INFO - 📈 已处理603256 宏和科技 
2025-09-07 14:33:38,151 - INFO - 📈 已处理 2300/3653 只股票，成功 2268 只
2025-09-07 14:33:41,355 - INFO - 📈 已处理603257 中国瑞林 
2025-09-07 14:33:43,826 - INFO - 📈 已处理603258 电魂网络 
2025-09-07 14:33:49,074 - INFO - 📈 已处理603259 药明康德 
2025-09-07 14:33:50,520 - INFO - 📈 已处理603260 合盛硅业 
2025-09-07 14:33:52,292 - INFO - 📈 已处理603261 *ST立航 
2025-09-07 14:33:54,207 - INFO - 📈 已处理603262 技源集团 
2025-09-07 14:33:56,713 - INFO - 📈 已处理603266 天龙股份 
2025-09-07 14:33:58,596 - INFO - 📈 已处理603267 鸿远电子 
2025-09-07 14:34:00,448 - INFO - 📈 已处理603268 *ST松发 
2025-09-07 14:34:02,501 - INFO - 📈 已处理603269 海鸥股份 
2025-09-07 14:34:04,155 - INFO - 📈 已处理603270 金帝股份 
2025-09-07 14:34:07,570 - INFO - 📈 已处理603271 永杰新材 
2025-09-07 14:34:09,743 - INFO - 📈 已处理603272 联翔股份 
2025-09-07 14:34:13,516 - INFO - 📈 已处理603273 天元智能 
2025-09-07 14:34:14,984 - INFO - 📈 已处理603275 众辰科技 
2025-09-07 14:34:16,826 - INFO - 📈 已处理603276 恒兴新材 
2025-09-07 14:34:19,373 - INFO - 📈 已处理603277 银都股份 
2025-09-07 14:34:20,815 - INFO - 📈 已处理603278 大业股份 
2025-09-07 14:34:27,384 - INFO - 📈 已处理603279 景津装备 
2025-09-07 14:34:29,117 - INFO - 📈 已处理603280 南方路机 
2025-09-07 14:34:30,793 - INFO - 📈 已处理603281 江瀚新材 
2025-09-07 14:34:32,398 - INFO - 📈 已处理603282 亚光股份 
2025-09-07 14:34:34,682 - INFO - 📈 已处理603283 赛腾股份 
2025-09-07 14:34:36,612 - INFO - 📈 已处理603285 键邦股份 
2025-09-07 14:34:41,548 - INFO - 📈 已处理603286 日盈电子 
2025-09-07 14:34:44,386 - INFO - 📈 已处理603288 海天味业 
2025-09-07 14:34:50,369 - INFO - 📈 已处理603289 泰瑞机器 
2025-09-07 14:34:51,900 - INFO - 📈 已处理603290 斯达半导 
2025-09-07 14:34:53,804 - INFO - 📈 已处理603291 联合水务 
2025-09-07 14:34:55,736 - INFO - 📈 已处理603296 华勤技术 
2025-09-07 14:35:00,760 - INFO - 📈 已处理603297 永新光学 
2025-09-07 14:35:02,515 - INFO - 📈 已处理603298 杭叉集团 
2025-09-07 14:35:04,948 - INFO - 📈 已处理603299 苏盐井神 
2025-09-07 14:35:06,899 - INFO - 📈 已处理603300 海南华铁 
2025-09-07 14:35:08,546 - INFO - 📈 已处理603301 振德医疗 
2025-09-07 14:35:11,950 - INFO - 📈 已处理603303 得邦照明 
2025-09-07 14:35:13,828 - INFO - 📈 已处理603305 旭升集团 
2025-09-07 14:35:16,337 - INFO - 📈 已处理603306 华懋科技 
2025-09-07 14:35:17,962 - INFO - 📈 已处理603307 扬州金泉 
2025-09-07 14:35:21,324 - INFO - 📈 已处理603308 应流股份 
2025-09-07 14:35:24,929 - INFO - 📈 已处理603309 维力医疗 
2025-09-07 14:35:27,415 - INFO - 📈 已处理603310 巍华新材 
2025-09-07 14:35:28,977 - INFO - 📈 已处理603311 金海高科 
2025-09-07 14:35:30,873 - INFO - 📈 已处理603312 西典新能 
2025-09-07 14:35:32,394 - INFO - 📈 已处理603313 梦百合 
2025-09-07 14:35:34,290 - INFO - 📈 已处理603315 福鞍股份 
2025-09-07 14:35:35,757 - INFO - 📈 已处理603316 诚邦股份 
2025-09-07 14:35:37,225 - INFO - 📈 已处理603317 天味食品 
2025-09-07 14:35:38,870 - INFO - 📈 已处理603318 水发燃气 
2025-09-07 14:35:40,990 - INFO - 📈 已处理603319 美湖股份 
2025-09-07 14:35:40,990 - INFO - 📈 已处理 2350/3653 只股票，成功 2318 只
2025-09-07 14:35:42,876 - INFO - 📈 已处理603320 迪贝电气 
2025-09-07 14:35:45,040 - INFO - 📈 已处理603321 梅轮电梯 
2025-09-07 14:35:46,774 - INFO - 📈 已处理603322 超讯通信 
2025-09-07 14:35:48,601 - INFO - 📈 已处理603323 苏农银行 
2025-09-07 14:35:54,713 - INFO - 📈 已处理603324 盛剑科技 
2025-09-07 14:35:56,602 - INFO - 📈 已处理603325 博隆技术 
2025-09-07 14:35:59,850 - INFO - 📈 已处理603326 我乐家居 
2025-09-07 14:36:01,317 - INFO - 📈 已处理603327 福蓉科技 
2025-09-07 14:36:03,179 - INFO - 📈 已处理603328 依顿电子 
2025-09-07 14:36:05,020 - INFO - 📈 已处理603329 上海雅仕 
2025-09-07 14:36:06,498 - INFO - 📈 已处理603330 天洋新材 
2025-09-07 14:36:08,467 - INFO - 📈 已处理603331 百达精工 
2025-09-07 14:36:10,497 - INFO - 📈 已处理603332 苏州龙杰 
2025-09-07 14:36:16,515 - WARNING - ⚠️ 603333 尚纬股份 K线更新失败: ('Connection aborted.', ConnectionResetError(10054, '远程主机强迫关闭了一个现有的连接。', None, 10054, None))
2025-09-07 14:36:19,014 - INFO - 📈 已处理603335 迪生力 
2025-09-07 14:36:21,459 - INFO - 📈 已处理603336 宏辉果蔬 
2025-09-07 14:36:23,044 - INFO - 📈 已处理603337 杰克股份 
2025-09-07 14:36:25,372 - INFO - 📈 已处理603338 浙江鼎力 
2025-09-07 14:36:27,421 - INFO - 📈 已处理603339 四方科技 
2025-09-07 14:36:28,946 - INFO - 📈 已处理603341 龙旗科技 
2025-09-07 14:36:30,696 - INFO - 📈 已处理603344 星德胜 
2025-09-07 14:36:35,078 - INFO - 📈 已处理603345 安井食品 
2025-09-07 14:36:36,694 - INFO - 📈 已处理603348 文灿股份 
2025-09-07 14:36:38,564 - INFO - 📈 已处理603350 安乃达 
2025-09-07 14:36:40,475 - INFO - 📈 已处理603351 威尔药业 
2025-09-07 14:36:42,096 - INFO - 📈 已处理603353 和顺石油 
2025-09-07 14:36:43,825 - INFO - 📈 已处理603355 莱克电气 
2025-09-07 14:36:47,194 - INFO - 📈 已处理603356 华菱精工 
2025-09-07 14:36:48,924 - INFO - 📈 已处理603357 设计总院 
2025-09-07 14:36:51,360 - INFO - 📈 已处理603358 华达科技 
2025-09-07 14:36:56,114 - INFO - 📈 已处理603360 百傲化学 
2025-09-07 14:36:57,821 - INFO - 📈 已处理603363 傲农生物 
2025-09-07 14:37:00,131 - INFO - 📈 已处理603365 水星家纺 
2025-09-07 14:37:02,834 - INFO - 📈 已处理603366 日出东方 
2025-09-07 14:37:04,518 - INFO - 📈 已处理603367 辰欣药业 
2025-09-07 14:37:08,027 - INFO - 📈 已处理603368 柳药集团 
2025-09-07 14:37:09,661 - INFO - 📈 已处理603369 今世缘 
2025-09-07 14:37:12,821 - INFO - 📈 已处理603373 安邦护卫 
2025-09-07 14:37:15,820 - INFO - 📈 已处理603375 盛景微 
2025-09-07 14:37:17,645 - INFO - 📈 已处理603377 ST东时 
2025-09-07 14:37:20,108 - INFO - 📈 已处理603378 亚士创能 
2025-09-07 14:37:21,981 - INFO - 📈 已处理603379 三美股份 
2025-09-07 14:37:23,603 - INFO - 📈 已处理603380 易德龙 
2025-09-07 14:37:27,725 - INFO - 📈 已处理603381 永臻股份 
2025-09-07 14:37:30,485 - INFO - 📈 已处理603382 海阳科技 
2025-09-07 14:37:32,572 - INFO - 📈 已处理603383 顶点软件 
2025-09-07 14:37:34,371 - INFO - 📈 已处理603385 惠达卫浴 
2025-09-07 14:37:36,059 - INFO - 📈 已处理603386 骏亚科技 
2025-09-07 14:37:39,029 - INFO - 📈 已处理603387 基蛋生物 
2025-09-07 14:37:39,029 - INFO - 📈 已处理 2400/3653 只股票，成功 2366 只
2025-09-07 14:37:41,690 - INFO - 📈 已处理603388 *ST元成 
2025-09-07 14:37:43,325 - INFO - 📈 已处理603389 *ST亚振 
2025-09-07 14:37:46,027 - INFO - 📈 已处理603390 通达电气 
2025-09-07 14:37:48,799 - INFO - 📈 已处理603391 力聚热能 
2025-09-07 14:37:50,574 - INFO - 📈 已处理603392 万泰生物 
2025-09-07 14:37:53,131 - INFO - 📈 已处理603393 新天然气 
2025-09-07 14:37:55,165 - INFO - 📈 已处理603395 红四方 
2025-09-07 14:37:57,847 - INFO - 📈 已处理603396 金辰股份 
2025-09-07 14:38:02,146 - INFO - 📈 已处理603398 *ST沐邦 
2025-09-07 14:38:04,113 - INFO - 📈 已处理603399 永杉锂业 
2025-09-07 14:38:06,077 - INFO - 📈 已处理603400 华之杰 
2025-09-07 14:38:07,822 - INFO - 📈 已处理603406 天富龙 
2025-09-07 14:38:12,240 - INFO - 📈 已处理603408 建霖家居 
2025-09-07 14:38:14,363 - INFO - 📈 已处理603409 汇通控股 
2025-09-07 14:38:16,821 - INFO - 📈 已处理603416 信捷电气 
2025-09-07 14:38:20,511 - INFO - 📈 已处理603421 鼎信通讯 
2025-09-07 14:38:23,512 - INFO - 📈 已处理603429 集友股份 
2025-09-07 14:38:26,881 - INFO - 📈 已处理603439 贵州三力 
2025-09-07 14:38:29,982 - INFO - 📈 已处理603444 吉比特 
2025-09-07 14:38:32,575 - INFO - 📈 已处理603456 九洲药业 
2025-09-07 14:38:34,177 - INFO - 📈 已处理603458 勘设股份 
2025-09-07 14:38:35,979 - INFO - 📈 已处理603466 风语筑 
2025-09-07 14:38:38,828 - INFO - 📈 已处理603477 巨星农牧 
2025-09-07 14:38:41,721 - INFO - 📈 已处理603486 科沃斯 
2025-09-07 14:38:44,050 - INFO - 📈 已处理603488 展鹏科技 
2025-09-07 14:38:46,063 - INFO - 📈 已处理603489 八方股份 
2025-09-07 14:38:48,222 - INFO - 📈 已处理603496 恒为科技 
2025-09-07 14:38:49,930 - INFO - 📈 已处理603499 翔港科技 
2025-09-07 14:38:52,629 - INFO - 📈 已处理603500 祥和实业 
2025-09-07 14:38:55,405 - INFO - 📈 已处理603501 豪威集团 
2025-09-07 14:38:58,441 - INFO - 📈 已处理603505 金石资源 
2025-09-07 14:39:00,111 - INFO - 📈 已处理603506 南都物业 
2025-09-07 14:39:02,211 - INFO - 📈 已处理603507 振江股份 
2025-09-07 14:39:03,826 - INFO - 📈 已处理603508 思维列控 
2025-09-07 14:39:06,573 - INFO - 📈 已处理603511 爱慕股份 
2025-09-07 14:39:09,477 - INFO - 📈 已处理603515 欧普照明 
2025-09-07 14:39:12,175 - INFO - 📈 已处理603516 淳中科技 
2025-09-07 14:39:13,907 - INFO - 📈 已处理603517 绝味食品 
2025-09-07 14:39:15,644 - INFO - 📈 已处理603518 锦泓集团 
2025-09-07 14:39:17,462 - INFO - 📈 已处理603519 立霸股份 
2025-09-07 14:39:19,285 - INFO - 📈 已处理603520 司太立 
2025-09-07 14:39:21,888 - INFO - 📈 已处理603527 众源新材 
2025-09-07 14:39:25,085 - INFO - 📈 已处理603528 多伦科技 
2025-09-07 14:39:32,540 - INFO - 📈 已处理603529 爱玛科技 
2025-09-07 14:39:35,511 - INFO - 📈 已处理603530 神马电力 
2025-09-07 14:39:37,455 - INFO - 📈 已处理603533 掌阅科技 
2025-09-07 14:39:40,614 - INFO - 📈 已处理603535 嘉诚国际 
2025-09-07 14:39:42,476 - INFO - 📈 已处理603536 惠发食品 
2025-09-07 14:39:44,692 - INFO - 📈 已处理603538 美诺华 
2025-09-07 14:39:46,724 - INFO - 📈 已处理603551 奥普科技 
2025-09-07 14:39:46,724 - INFO - 📈 已处理 2450/3653 只股票，成功 2416 只
2025-09-07 14:39:49,737 - INFO - 📈 已处理603556 海兴电力 
2025-09-07 14:39:52,728 - INFO - 📈 已处理603557 ST起步 
2025-09-07 14:39:55,455 - INFO - 📈 已处理603558 健盛集团 
2025-09-07 14:39:57,137 - INFO - 📈 已处理603559 ST通脉 
2025-09-07 14:39:58,767 - INFO - 📈 已处理603565 中谷物流 
2025-09-07 14:40:01,705 - INFO - 📈 已处理603566 普莱柯 
2025-09-07 14:40:03,555 - INFO - 📈 已处理603567 珍宝岛 
2025-09-07 14:40:09,561 - WARNING - ⚠️ 603568 伟明环保 K线更新失败: ('Connection aborted.', ConnectionResetError(10054, '远程主机强迫关闭了一个现有的连接。', None, 10054, None))
2025-09-07 14:40:11,643 - INFO - 📈 已处理603569 长久物流 
2025-09-07 14:40:14,660 - INFO - 📈 已处理603577 汇金通 
2025-09-07 14:40:16,627 - INFO - 📈 已处理603578 三星新材 
2025-09-07 14:40:18,419 - INFO - 📈 已处理603579 荣泰健康 
2025-09-07 14:40:20,845 - INFO - 📈 已处理603580 *ST艾艾 
2025-09-07 14:40:22,641 - INFO - 📈 已处理603583 捷昌驱动 
2025-09-07 14:40:24,824 - INFO - 📈 已处理603585 苏利股份 
2025-09-07 14:40:26,610 - INFO - 📈 已处理603586 金麒麟 
2025-09-07 14:40:28,666 - INFO - 📈 已处理603587 地素时尚 
2025-09-07 14:40:30,648 - INFO - 📈 已处理603588 高能环境 
2025-09-07 14:40:32,974 - INFO - 📈 已处理603589 口子窖 
2025-09-07 14:40:34,918 - INFO - 📈 已处理603590 康辰药业 
2025-09-07 14:40:41,192 - INFO - 📈 已处理603595 东尼电子 
2025-09-07 14:40:44,024 - INFO - 📈 已处理603596 伯特利 
2025-09-07 14:40:50,040 - WARNING - ⚠️ 603598 引力传媒 K线更新失败: ('Connection aborted.', ConnectionResetError(10054, '远程主机强迫关闭了一个现有的连接。', None, 10054, None))
2025-09-07 14:40:51,981 - INFO - 📈 已处理603599 广信股份 
2025-09-07 14:40:53,799 - INFO - 📈 已处理603600 永艺股份 
2025-09-07 14:40:55,298 - INFO - 📈 已处理603601 再升科技 
2025-09-07 14:40:56,938 - INFO - 📈 已处理603602 纵横通信 
2025-09-07 14:41:00,090 - INFO - 📈 已处理603605 珀莱雅 
2025-09-07 14:41:01,538 - INFO - 📈 已处理603606 东方电缆 
2025-09-07 14:41:03,660 - INFO - 📈 已处理603607 京华激光 
2025-09-07 14:41:09,688 - WARNING - ⚠️ 603608 天创时尚 K线更新失败: ('Connection aborted.', ConnectionResetError(10054, '远程主机强迫关闭了一个现有的连接。', None, 10054, None))
2025-09-07 14:41:11,719 - INFO - 📈 已处理603609 禾丰股份 
2025-09-07 14:41:13,523 - INFO - 📈 已处理603610 麒盛科技 
2025-09-07 14:41:15,087 - INFO - 📈 已处理603611 诺力股份 
2025-09-07 14:41:16,608 - INFO - 📈 已处理603612 索通发展 
2025-09-07 14:41:18,156 - INFO - 📈 已处理603613 国联股份 
2025-09-07 14:41:20,671 - INFO - 📈 已处理603615 茶花股份 
2025-09-07 14:41:22,797 - INFO - 📈 已处理603616 韩建河山 
2025-09-07 14:41:26,297 - INFO - 📈 已处理603617 君禾股份 
2025-09-07 14:41:29,195 - INFO - 📈 已处理603618 杭电股份 
2025-09-07 14:41:30,829 - INFO - 📈 已处理603619 中曼石油 
2025-09-07 14:41:32,355 - INFO - 📈 已处理603626 科森科技 
2025-09-07 14:41:33,869 - INFO - 📈 已处理603628 清源股份 
2025-09-07 14:41:36,766 - INFO - 📈 已处理603629 利通电子 
2025-09-07 14:41:39,581 - INFO - 📈 已处理603630 拉芳家化 
2025-09-07 14:41:41,588 - INFO - 📈 已处理603633 徕木股份 
2025-09-07 14:41:44,686 - INFO - 📈 已处理603636 南威软件 
2025-09-07 14:41:46,185 - INFO - 📈 已处理603637 镇海股份 
2025-09-07 14:41:47,672 - INFO - 📈 已处理603638 艾迪精密 
2025-09-07 14:44:00,006 - WARNING - ⚠️ 603639 海利尔 K线更新失败: HTTPSConnectionPool(host='push2his.eastmoney.com', port=443): Max retries exceeded with url: /api/qt/stock/kline/get?fields1=f1%2Cf2%2Cf3%2Cf4%2Cf5%2Cf6&fields2=f51%2Cf52%2Cf53%2Cf54%2Cf55%2Cf56%2Cf57%2Cf58%2Cf59%2Cf60%2Cf61%2Cf116&ut=7eea3edcaed734bea9cbfc24409ed989&klt=101&fqt=0&secid=1.603639&beg=20250831&end=20250907 (Caused by SSLError(SSLEOFError(8, '[SSL: UNEXPECTED_EOF_WHILE_READING] EOF occurred in violation of protocol (_ssl.c:1007)')))
2025-09-07 14:44:02,814 - INFO - 📈 已处理603648 畅联股份 
2025-09-07 14:44:04,468 - INFO - 📈 已处理603650 彤程新材 
2025-09-07 14:44:06,793 - INFO - 📈 已处理603655 朗博科技 
2025-09-07 14:44:08,683 - INFO - 📈 已处理603656 泰禾智能 
2025-09-07 14:44:11,652 - INFO - 📈 已处理603657 春光科技 
2025-09-07 14:44:13,326 - INFO - 📈 已处理603658 安图生物 
2025-09-07 14:44:16,441 - INFO - 📈 已处理603659 璞泰来 
2025-09-07 14:44:18,092 - INFO - 📈 已处理603660 苏州科达 
2025-09-07 14:44:20,003 - INFO - 📈 已处理603661 恒林股份 
2025-09-07 14:44:21,635 - INFO - 📈 已处理603662 柯力传感 
2025-09-07 14:44:24,230 - INFO - 📈 已处理603663 三祥新材 
2025-09-07 14:44:26,229 - INFO - 📈 已处理603665 康隆达 
2025-09-07 14:44:28,589 - INFO - 📈 已处理603666 亿嘉和 
2025-09-07 14:44:31,160 - INFO - 📈 已处理603667 五洲新春 
2025-09-07 14:44:33,565 - INFO - 📈 已处理603668 天马科技 
2025-09-07 14:44:35,554 - INFO - 📈 已处理603669 灵康药业 
2025-09-07 14:44:40,486 - INFO - 📈 已处理603676 卫信康 
2025-09-07 14:44:46,186 - INFO - 📈 已处理603677 奇精机械 
2025-09-07 14:44:47,987 - INFO - 📈 已处理603678 火炬电子 
2025-09-07 14:44:49,682 - INFO - 📈 已处理603679 华体科技 
2025-09-07 14:44:52,388 - INFO - 📈 已处理603680 今创集团 
2025-09-07 14:44:54,120 - INFO - 📈 已处理603681 永冠新材 
2025-09-07 14:44:59,062 - INFO - 📈 已处理603682 锦和商管 
2025-09-07 14:45:01,604 - INFO - 📈 已处理603683 晶华新材 
2025-09-07 14:45:06,103 - INFO - 📈 已处理603685 晨丰科技 
2025-09-07 14:45:08,876 - INFO - 📈 已处理603686 福龙马 
2025-09-07 14:45:10,503 - INFO - 📈 已处理603687 大胜达 
2025-09-07 14:45:12,501 - INFO - 📈 已处理603688 石英股份 
2025-09-07 14:45:14,485 - INFO - 📈 已处理603689 皖天然气 
2025-09-07 14:45:17,501 - INFO - 📈 已处理603690 至纯科技 
2025-09-07 14:45:19,869 - INFO - 📈 已处理603693 江苏新能 
2025-09-07 14:45:21,593 - INFO - 📈 已处理603696 安记食品 
2025-09-07 14:45:25,248 - INFO - 📈 已处理603697 有友食品 
2025-09-07 14:45:29,059 - INFO - 📈 已处理603698 航天工程 
2025-09-07 14:45:30,749 - INFO - 📈 已处理603699 纽威股份 
2025-09-07 14:45:32,517 - INFO - 📈 已处理603700 宁水集团 
2025-09-07 14:45:34,563 - INFO - 📈 已处理603701 德宏股份 
2025-09-07 14:45:37,340 - INFO - 📈 已处理603703 盛洋科技 
2025-09-07 14:45:40,563 - INFO - 📈 已处理603706 东方环宇 
2025-09-07 14:45:43,165 - INFO - 📈 已处理603707 健友股份 
2025-09-07 14:45:45,224 - INFO - 📈 已处理603708 家家悦 
2025-09-07 14:45:47,168 - INFO - 📈 已处理603709 中源家居 
2025-09-07 14:45:49,131 - INFO - 📈 已处理603711 香飘飘 
2025-09-07 14:45:51,619 - INFO - 📈 已处理603712 七一二 
2025-09-07 14:45:54,369 - INFO - 📈 已处理603713 密尔克卫 
2025-09-07 14:45:56,920 - INFO - 📈 已处理603716 塞力医疗 
2025-09-07 14:46:00,383 - INFO - 📈 已处理603717 天域生物 
2025-09-07 14:46:02,500 - INFO - 📈 已处理603718 海利生物 
2025-09-07 14:46:04,809 - INFO - 📈 已处理603719 良品铺子 
2025-09-07 14:46:07,049 - INFO - 📈 已处理603721 *ST天择 
2025-09-07 14:46:07,050 - INFO - 📈 已处理 2550/3653 只股票，成功 2512 只
2025-09-07 14:46:11,165 - INFO - 📈 已处理603722 阿科力 
2025-09-07 14:46:14,532 - INFO - 📈 已处理603725 天安新材 
2025-09-07 14:46:17,073 - INFO - 📈 已处理603726 朗迪集团 
2025-09-07 14:46:18,821 - INFO - 📈 已处理603727 博迈科 
2025-09-07 14:46:21,460 - INFO - 📈 已处理603728 鸣志电器 
2025-09-07 14:46:23,826 - INFO - 📈 已处理603729 龙韵股份 
2025-09-07 14:46:26,484 - INFO - 📈 已处理603730 岱美股份 
2025-09-07 14:46:28,562 - INFO - 📈 已处理603733 仙鹤股份 
2025-09-07 14:46:31,822 - INFO - 📈 已处理603737 三棵树 
2025-09-07 14:46:35,352 - INFO - 📈 已处理603738 泰晶科技 
2025-09-07 14:46:37,340 - INFO - 📈 已处理603739 蔚蓝生物 
2025-09-07 14:46:39,066 - INFO - 📈 已处理603755 日辰股份 
2025-09-07 14:46:40,949 - INFO - 📈 已处理603757 大元泵业 
2025-09-07 14:46:42,946 - INFO - 📈 已处理603758 秦安股份 
2025-09-07 14:46:48,291 - INFO - 📈 已处理603759 海天股份 
2025-09-07 14:46:51,194 - INFO - 📈 已处理603766 隆鑫通用 
2025-09-07 14:46:53,868 - INFO - 📈 已处理603767 中马传动 
2025-09-07 14:46:55,517 - INFO - 📈 已处理603768 常青股份 
2025-09-07 14:46:57,109 - INFO - 📈 已处理603773 沃格光电 
2025-09-07 14:46:59,616 - INFO - 📈 已处理603776 永安行 
2025-09-07 14:47:02,285 - INFO - 📈 已处理603777 来伊份 
2025-09-07 14:47:06,625 - INFO - 📈 已处理603778 国晟科技 
2025-09-07 14:47:08,736 - INFO - 📈 已处理603779 威龙股份 
2025-09-07 14:47:11,452 - INFO - 📈 已处理603786 科博达 
2025-09-07 14:47:13,772 - INFO - 📈 已处理603787 新日股份 
2025-09-07 14:47:15,790 - INFO - 📈 已处理603788 宁波高发 
2025-09-07 14:47:18,582 - INFO - 📈 已处理603789 *ST星农 
2025-09-07 14:47:21,679 - INFO - 📈 已处理603790 雅运股份 
2025-09-07 14:47:24,728 - INFO - 📈 已处理603797 联泰环保 
2025-09-07 14:47:26,410 - INFO - 📈 已处理603798 康普顿 
2025-09-07 14:47:28,942 - INFO - 📈 已处理603799 华友钴业 
2025-09-07 14:47:31,100 - INFO - 📈 已处理603800 洪田股份 
2025-09-07 14:47:34,197 - INFO - 📈 已处理603801 志邦家居 
2025-09-07 14:47:36,984 - INFO - 📈 已处理603803 瑞斯康达 
2025-09-07 14:47:38,776 - INFO - 📈 已处理603806 福斯特 
2025-09-07 14:47:41,382 - INFO - 📈 已处理603808 歌力思 
2025-09-07 14:47:42,970 - INFO - 📈 已处理603809 豪能股份 
2025-09-07 14:47:45,366 - INFO - 📈 已处理603810 丰山集团 
2025-09-07 14:47:47,210 - INFO - 📈 已处理603811 诚意药业 
2025-09-07 14:47:50,083 - INFO - 📈 已处理603813 *ST原尚 
2025-09-07 14:47:51,822 - INFO - 📈 已处理603815 交建股份 
2025-09-07 14:47:53,782 - INFO - 📈 已处理603816 顾家家居 
2025-09-07 14:47:56,805 - INFO - 📈 已处理603817 海峡环保 
2025-09-07 14:47:58,733 - INFO - 📈 已处理603818 曲美家居 
2025-09-07 14:48:01,262 - INFO - 📈 已处理603819 神力股份 
2025-09-07 14:48:03,454 - INFO - 📈 已处理603822 嘉澳环保 
2025-09-07 14:48:05,062 - INFO - 📈 已处理603823 百合花 
2025-09-07 14:48:07,002 - INFO - 📈 已处理603825 ST华扬 
2025-09-07 14:48:11,244 - INFO - 📈 已处理603826 坤彩科技 
2025-09-07 14:48:13,336 - INFO - 📈 已处理603828 ST柯利达 
2025-09-07 14:48:13,336 - INFO - 📈 已处理 2600/3653 只股票，成功 2562 只
2025-09-07 14:48:17,647 - INFO - 📈 已处理603829 洛凯股份 
2025-09-07 14:48:20,091 - INFO - 📈 已处理603833 欧派家居 
2025-09-07 14:48:22,376 - INFO - 📈 已处理603836 海程邦达 
2025-09-07 14:48:25,961 - INFO - 📈 已处理603838 *ST四通 
2025-09-07 14:48:27,840 - INFO - 📈 已处理603839 安正时尚 
2025-09-07 14:48:30,195 - INFO - 📈 已处理603843 *ST正平 
2025-09-07 14:48:32,382 - INFO - 📈 已处理603848 好太太 
2025-09-07 14:48:35,305 - INFO - 📈 已处理603855 华荣股份 
2025-09-07 14:48:37,328 - INFO - 📈 已处理603856 东宏股份 
2025-09-07 14:48:39,007 - INFO - 📈 已处理603858 步长制药 
2025-09-07 14:48:40,958 - INFO - 📈 已处理603859 能科科技 
2025-09-07 14:48:42,524 - INFO - 📈 已处理603860 中公高科 
2025-09-07 14:48:45,262 - INFO - 📈 已处理603861 白云电器 
2025-09-07 14:48:47,275 - INFO - 📈 已处理603863 松炀资源 
2025-09-07 14:48:48,817 - INFO - 📈 已处理603866 桃李面包 
2025-09-07 14:48:50,749 - INFO - 📈 已处理603867 新化股份 
2025-09-07 14:48:53,713 - INFO - 📈 已处理603868 飞科电器 
2025-09-07 14:48:55,355 - INFO - 📈 已处理603869 ST智知 
2025-09-07 14:48:57,225 - INFO - 📈 已处理603871 嘉友国际 
2025-09-07 14:48:59,066 - INFO - 📈 已处理603876 鼎胜新材 
2025-09-07 14:49:01,588 - INFO - 📈 已处理603877 太平鸟 
2025-09-07 14:49:03,185 - INFO - 📈 已处理603878 武进不锈 
2025-09-07 14:49:07,834 - INFO - 📈 已处理603879 永悦科技 
2025-09-07 14:49:09,791 - INFO - 📈 已处理603880 南卫股份 
2025-09-07 14:49:13,160 - INFO - 📈 已处理603881 数据港 
2025-09-07 14:49:15,147 - INFO - 📈 已处理603882 金域医学 
2025-09-07 14:49:16,724 - INFO - 📈 已处理603883 老百姓 
2025-09-07 14:49:19,614 - INFO - 📈 已处理603885 吉祥航空 
2025-09-07 14:49:22,257 - INFO - 📈 已处理603886 元祖股份 
2025-09-07 14:49:25,028 - INFO - 📈 已处理603887 城地香江 
2025-09-07 14:49:26,704 - INFO - 📈 已处理603888 新华网 
2025-09-07 14:49:28,819 - INFO - 📈 已处理603889 新澳股份 
2025-09-07 14:49:30,859 - INFO - 📈 已处理603890 春秋电子 
2025-09-07 14:49:33,498 - INFO - 📈 已处理603893 瑞芯微 
2025-09-07 14:49:36,372 - INFO - 📈 已处理603895 天永智能 
2025-09-07 14:49:38,512 - INFO - 📈 已处理603896 寿仙谷 
2025-09-07 14:49:42,437 - INFO - 📈 已处理603897 长城科技 
2025-09-07 14:49:45,069 - INFO - 📈 已处理603898 好莱客 
2025-09-07 14:49:46,965 - INFO - 📈 已处理603899 晨光股份 
2025-09-07 14:49:48,715 - INFO - 📈 已处理603900 莱绅通灵 
2025-09-07 14:49:52,759 - INFO - 📈 已处理603901 永创智能 
2025-09-07 14:49:54,842 - INFO - 📈 已处理603903 中持股份 
2025-09-07 14:50:00,727 - INFO - 📈 已处理603906 龙蟠科技 
2025-09-07 14:50:02,791 - INFO - 📈 已处理603908 牧高笛 
2025-09-07 14:50:05,130 - INFO - 📈 已处理603909 建发合诚 
2025-09-07 14:50:06,652 - INFO - 📈 已处理603912 佳力图 
2025-09-07 14:50:08,228 - INFO - 📈 已处理603915 国茂股份 
2025-09-07 14:50:11,163 - INFO - 📈 已处理603916 苏博特 
2025-09-07 14:50:12,878 - INFO - 📈 已处理603917 合力科技 
2025-09-07 14:50:15,007 - INFO - 📈 已处理603918 金桥信息 
2025-09-07 14:50:15,007 - INFO - 📈 已处理 2650/3653 只股票，成功 2612 只
2025-09-07 14:50:17,325 - INFO - 📈 已处理603919 金徽酒 
2025-09-07 14:50:19,274 - INFO - 📈 已处理603920 世运电路 
2025-09-07 14:50:21,154 - INFO - 📈 已处理603922 金鸿顺 
2025-09-07 14:50:22,694 - INFO - 📈 已处理603926 铁流股份 
2025-09-07 14:50:24,339 - INFO - 📈 已处理603927 中科软 
2025-09-07 14:50:26,103 - INFO - 📈 已处理603928 兴业股份 
2025-09-07 14:50:27,759 - INFO - 📈 已处理603929 亚翔集成 
2025-09-07 14:50:29,876 - INFO - 📈 已处理603931 格林达 
2025-09-07 14:50:31,517 - INFO - 📈 已处理603933 睿能科技 
2025-09-07 14:50:34,066 - INFO - 📈 已处理603936 博敏电子 
2025-09-07 14:50:36,805 - INFO - 📈 已处理603937 丽岛新材 
2025-09-07 14:50:40,424 - INFO - 📈 已处理603938 三孚股份 
2025-09-07 14:50:42,346 - INFO - 📈 已处理603939 益丰药房 
2025-09-07 14:50:43,927 - INFO - 📈 已处理603948 建业股份 
2025-09-07 14:50:47,727 - INFO - 📈 已处理603949 雪龙集团 
2025-09-07 14:50:49,309 - INFO - 📈 已处理603950 长源东谷 
2025-09-07 14:50:51,394 - INFO - 📈 已处理603955 大千生态 
2025-09-07 14:50:52,907 - INFO - 📈 已处理603956 威派格 
2025-09-07 14:50:54,609 - INFO - 📈 已处理603958 哈森股份 
2025-09-07 14:50:57,553 - INFO - 📈 已处理603959 百利科技 
2025-09-07 14:50:59,686 - INFO - 📈 已处理603960 克来机电 
2025-09-07 14:51:01,634 - INFO - 📈 已处理603966 法兰泰克 
2025-09-07 14:51:05,274 - INFO - 📈 已处理603967 中创物流 
2025-09-07 14:51:06,767 - INFO - 📈 已处理603968 醋化股份 
2025-09-07 14:51:09,442 - INFO - 📈 已处理603969 银龙股份 
2025-09-07 14:51:11,246 - INFO - 📈 已处理603970 中农立华 
2025-09-07 14:51:15,061 - INFO - 📈 已处理603976 正川股份 
2025-09-07 14:51:18,306 - INFO - 📈 已处理603977 国泰集团 
2025-09-07 14:51:24,321 - WARNING - ⚠️ 603978 深圳新星 K线更新失败: ('Connection aborted.', ConnectionResetError(10054, '远程主机强迫关闭了一个现有的连接。', None, 10054, None))
2025-09-07 14:51:25,828 - INFO - 📈 已处理603979 金诚信 
2025-09-07 14:51:27,726 - INFO - 📈 已处理603980 吉华集团 
2025-09-07 14:51:29,677 - INFO - 📈 已处理603982 泉峰汽车 
2025-09-07 14:51:31,860 - INFO - 📈 已处理603983 丸美生物 
2025-09-07 14:51:34,517 - INFO - 📈 已处理603985 恒润股份 
2025-09-07 14:51:36,067 - INFO - 📈 已处理603986 兆易创新 
2025-09-07 14:51:38,078 - INFO - 📈 已处理603987 康德莱 
2025-09-07 14:51:40,396 - INFO - 📈 已处理603988 中电电机 
2025-09-07 14:51:41,937 - INFO - 📈 已处理603989 艾华集团 
2025-09-07 14:51:44,628 - INFO - 📈 已处理603990 麦迪科技 
2025-09-07 14:51:46,589 - INFO - 📈 已处理603991 至正股份 
2025-09-07 14:51:48,275 - INFO - 📈 已处理603992 松霖科技 
2025-09-07 14:51:50,900 - INFO - 📈 已处理603993 洛阳钼业 
2025-09-07 14:51:53,612 - INFO - 📈 已处理603995 甬金股份 
2025-09-07 14:51:56,225 - INFO - 📈 已处理603997 继峰股份 
2025-09-07 14:51:58,119 - INFO - 📈 已处理603998 方盛制药 
2025-09-07 14:52:00,772 - INFO - 📈 已处理603999 读者传媒 
2025-09-07 14:52:03,342 - INFO - 📈 已处理605001 威奥股份 
2025-09-07 14:52:05,138 - INFO - 📈 已处理605003 众望布艺 
2025-09-07 14:52:06,731 - INFO - 📈 已处理605005 合兴股份 
2025-09-07 14:52:09,002 - INFO - 📈 已处理605006 山东玻纤 
2025-09-07 14:52:09,002 - INFO - 📈 已处理 2700/3653 只股票，成功 2661 只
2025-09-07 14:52:10,995 - INFO - 📈 已处理605007 五洲特纸 
2025-09-07 14:52:13,605 - INFO - 📈 已处理605008 长鸿高科 
2025-09-07 14:52:17,141 - INFO - 📈 已处理605009 豪悦护理 
2025-09-07 14:52:18,741 - INFO - 📈 已处理605011 杭州热电 
2025-09-07 14:52:21,896 - INFO - 📈 已处理605016 百龙创园 
2025-09-07 14:52:24,453 - INFO - 📈 已处理605018 长华集团 
2025-09-07 14:52:26,200 - INFO - 📈 已处理605020 永和股份 
2025-09-07 14:52:27,755 - INFO - 📈 已处理605028 世茂能源 
2025-09-07 14:52:30,574 - INFO - 📈 已处理605033 美邦股份 
2025-09-07 14:52:36,598 - WARNING - ⚠️ 605050 福然德 K线更新失败: ('Connection aborted.', ConnectionResetError(10054, '远程主机强迫关闭了一个现有的连接。', None, 10054, None))
2025-09-07 14:52:39,167 - INFO - 📈 已处理605055 迎丰股份 
2025-09-07 14:52:40,969 - INFO - 📈 已处理605056 咸亨国际 
2025-09-07 14:52:43,271 - INFO - 📈 已处理605058 澳弘电子 
2025-09-07 14:52:44,789 - INFO - 📈 已处理605060 联德股份 
2025-09-07 14:52:47,992 - INFO - 📈 已处理605066 天正电气 
2025-09-07 14:52:49,682 - INFO - 📈 已处理605068 明新旭腾 
2025-09-07 14:52:51,225 - INFO - 📈 已处理605069 正和生态 
2025-09-07 14:52:52,874 - INFO - 📈 已处理605077 华康股份 
2025-09-07 14:52:54,656 - INFO - 📈 已处理605080 浙江自然 
2025-09-07 14:52:56,787 - INFO - 📈 已处理605081 *ST太和 
2025-09-07 14:52:59,723 - INFO - 📈 已处理605086 龙高股份 
2025-09-07 14:53:01,342 - INFO - 📈 已处理605088 冠盛股份 
2025-09-07 14:53:03,271 - INFO - 📈 已处理605089 味知香 
2025-09-07 14:53:04,803 - INFO - 📈 已处理605090 九丰能源 
2025-09-07 14:53:10,811 - WARNING - ⚠️ 605098 行动教育 K线更新失败: ('Connection aborted.', ConnectionResetError(10054, '远程主机强迫关闭了一个现有的连接。', None, 10054, None))
2025-09-07 14:53:13,302 - INFO - 📈 已处理605099 共创草坪 
2025-09-07 14:53:14,799 - INFO - 📈 已处理605100 华丰股份 
2025-09-07 14:53:16,608 - INFO - 📈 已处理605108 同庆楼 
2025-09-07 14:53:19,322 - INFO - 📈 已处理605111 新洁能 
2025-09-07 14:53:21,126 - INFO - 📈 已处理605116 奥锐特 
2025-09-07 14:53:22,974 - INFO - 📈 已处理605117 德业股份 
2025-09-07 14:53:25,872 - INFO - 📈 已处理605118 力鼎光电 
2025-09-07 14:53:27,405 - INFO - 📈 已处理605122 四方新材 
2025-09-07 14:53:28,908 - INFO - 📈 已处理605123 派克新材 
2025-09-07 14:53:31,692 - INFO - 📈 已处理605128 上海沿浦 
2025-09-07 14:53:35,117 - INFO - 📈 已处理605133 嵘泰股份 
2025-09-07 14:53:38,274 - INFO - 📈 已处理605136 丽人丽妆 
2025-09-07 14:53:40,474 - INFO - 📈 已处理605138 盛泰集团 
2025-09-07 14:53:42,222 - INFO - 📈 已处理605151 西上海 
2025-09-07 14:53:44,062 - INFO - 📈 已处理605155 西大门 
2025-09-07 14:53:47,808 - INFO - 📈 已处理605158 华达新材 
2025-09-07 14:53:49,458 - INFO - 📈 已处理605162 新中港 
2025-09-07 14:53:51,355 - INFO - 📈 已处理605166 聚合顺 
2025-09-07 14:53:53,002 - INFO - 📈 已处理605167 利柏特 
2025-09-07 14:53:54,903 - INFO - 📈 已处理605168 三人行 
2025-09-07 14:53:56,405 - INFO - 📈 已处理605169 洪通燃气 
2025-09-07 14:53:59,300 - INFO - 📈 已处理605177 东亚药业 
2025-09-07 14:54:00,856 - INFO - 📈 已处理605178 时空科技 
2025-09-07 14:54:02,356 - INFO - 📈 已处理605179 一鸣食品 
2025-09-07 14:54:04,521 - INFO - 📈 已处理605180 华生科技 
2025-09-07 14:54:04,521 - INFO - 📈 已处理 2750/3653 只股票，成功 2709 只
2025-09-07 14:54:06,981 - INFO - 📈 已处理605183 确成股份 
2025-09-07 14:54:09,542 - INFO - 📈 已处理605186 健麾信息 
2025-09-07 14:54:11,010 - INFO - 📈 已处理605188 国光连锁 
2025-09-07 14:54:18,136 - INFO - 📈 已处理605189 富春染织 
2025-09-07 14:54:20,316 - INFO - 📈 已处理605196 华通线缆 
2025-09-07 14:54:22,025 - INFO - 📈 已处理605198 安德利 
2025-09-07 14:54:26,681 - INFO - 📈 已处理605199 ST葫芦娃 
2025-09-07 14:54:28,318 - INFO - 📈 已处理605208 永茂泰 
2025-09-07 14:54:30,697 - INFO - 📈 已处理605218 伟时电子 
2025-09-07 14:54:34,222 - INFO - 📈 已处理605222 起帆电缆 
2025-09-07 14:54:37,855 - INFO - 📈 已处理605228 神通科技 
2025-09-07 14:54:39,545 - INFO - 📈 已处理605255 天普股份 
2025-09-07 14:54:41,924 - INFO - 📈 已处理605258 协和电子 
2025-09-07 14:54:44,149 - INFO - 📈 已处理605259 绿田机械 
2025-09-07 14:54:46,858 - INFO - 📈 已处理605266 健之佳 
2025-09-07 14:54:48,870 - INFO - 📈 已处理605268 王力安防 
2025-09-07 14:54:51,252 - INFO - 📈 已处理605277 新亚电子 
2025-09-07 14:54:53,220 - INFO - 📈 已处理605286 同力日升 
2025-09-07 14:54:54,895 - INFO - 📈 已处理605287 德才股份 
2025-09-07 14:54:56,804 - INFO - 📈 已处理605288 凯迪股份 
2025-09-07 14:54:58,405 - INFO - 📈 已处理605289 罗曼股份 
2025-09-07 14:55:00,567 - INFO - 📈 已处理605296 神农集团 
2025-09-07 14:55:02,251 - INFO - 📈 已处理605298 必得科技 
2025-09-07 14:55:08,264 - WARNING - ⚠️ 605299 舒华体育 K线更新失败: ('Connection aborted.', ConnectionResetError(10054, '远程主机强迫关闭了一个现有的连接。', None, 10054, None))
2025-09-07 14:55:14,288 - WARNING - ⚠️ 605300 佳禾食品 K线更新失败: ('Connection aborted.', ConnectionResetError(10054, '远程主机强迫关闭了一个现有的连接。', None, 10054, None))
2025-09-07 14:55:16,658 - INFO - 📈 已处理605303 园林股份 
2025-09-07 14:55:18,312 - INFO - 📈 已处理605305 中际联合 
2025-09-07 14:55:19,909 - INFO - 📈 已处理605318 法狮龙 
2025-09-07 14:55:23,667 - INFO - 📈 已处理605319 无锡振华 
2025-09-07 14:55:27,053 - INFO - 📈 已处理605333 沪光股份 
2025-09-07 14:55:30,222 - INFO - 📈 已处理605336 帅丰电器 
2025-09-07 14:55:32,972 - INFO - 📈 已处理605337 李子园 
2025-09-07 14:55:34,614 - INFO - 📈 已处理605338 巴比食品 
2025-09-07 14:55:36,659 - INFO - 📈 已处理605339 南侨食品 
2025-09-07 14:55:38,864 - INFO - 📈 已处理605358 立昂微 
2025-09-07 14:55:40,890 - INFO - 📈 已处理605365 立达信 
2025-09-07 14:55:46,910 - WARNING - ⚠️ 605366 宏柏新材 K线更新失败: ('Connection aborted.', ConnectionResetError(10054, '远程主机强迫关闭了一个现有的连接。', None, 10054, None))
2025-09-07 14:55:48,654 - INFO - 📈 已处理605368 蓝天燃气 
2025-09-07 14:55:51,747 - INFO - 📈 已处理605369 拱东医疗 
2025-09-07 14:55:54,123 - INFO - 📈 已处理605376 博迁新材 
2025-09-07 14:55:56,585 - INFO - 📈 已处理605377 华旺科技 
2025-09-07 14:56:00,127 - INFO - 📈 已处理605378 野马电池 
2025-09-07 14:56:03,919 - INFO - 📈 已处理605388 均瑶健康 
2025-09-07 14:56:05,862 - INFO - 📈 已处理605389 长龄液压 
2025-09-07 14:56:07,469 - INFO - 📈 已处理605398 新炬网络 
2025-09-07 14:56:10,512 - INFO - 📈 已处理605399 晨光新材 
2025-09-07 14:56:13,284 - INFO - 📈 已处理605488 福莱新材 
2025-09-07 14:56:15,023 - INFO - 📈 已处理605499 东鹏饮料 
2025-09-07 14:56:16,671 - INFO - 📈 已处理605500 森林包装 
2025-09-07 14:56:18,721 - INFO - 📈 已处理605507 国邦医药 
2025-09-07 14:56:18,721 - INFO - 📈 已处理 2800/3653 只股票，成功 2756 只
2025-09-07 14:56:20,412 - INFO - 📈 已处理605555 德昌股份 
2025-09-07 14:56:22,192 - INFO - 📈 已处理605566 福莱蒽特 
2025-09-07 14:56:25,583 - INFO - 📈 已处理605567 春雪食品 
2025-09-07 14:56:39,378 - INFO - 📈 已处理605577 龙版传媒 
2025-09-07 14:56:41,339 - INFO - 📈 已处理605580 恒盛能源 
2025-09-07 14:56:45,289 - INFO - 📈 已处理605588 冠石科技 
2025-09-07 14:56:47,885 - INFO - 📈 已处理605589 圣泉集团 
2025-09-07 14:56:50,630 - INFO - 📈 已处理605598 上海港湾 
2025-09-07 14:56:56,097 - INFO - 📈 已处理605599 菜百股份 
2025-09-07 14:56:57,551 - INFO - 📈 已处理688001 华兴源创 
2025-09-07 14:56:59,745 - INFO - 📈 已处理688002 睿创微纳 
2025-09-07 14:57:01,870 - INFO - 📈 已处理688003 天准科技 
2025-09-07 14:57:04,173 - INFO - 📈 已处理688004 博汇科技 
2025-09-07 14:57:08,636 - INFO - 📈 已处理688005 容百科技 
2025-09-07 14:57:13,090 - INFO - 📈 已处理688006 杭可科技 
2025-09-07 14:57:18,089 - INFO - 📈 已处理688007 光峰科技 
2025-09-07 14:57:19,579 - INFO - 📈 已处理688008 澜起科技 
2025-09-07 14:57:22,424 - INFO - 📈 已处理688009 中国通号 
2025-09-07 14:57:24,223 - INFO - 📈 已处理688010 福光股份 
2025-09-07 14:57:26,387 - INFO - 📈 已处理688011 新光光电 
2025-09-07 14:57:30,028 - INFO - 📈 已处理688012 中微公司 
2025-09-07 14:57:31,521 - INFO - 📈 已处理688013 天臣医疗 
2025-09-07 14:57:33,108 - INFO - 📈 已处理688015 交控科技 
2025-09-07 14:57:34,606 - INFO - 📈 已处理688016 心脉医疗 
2025-09-07 14:57:36,125 - INFO - 📈 已处理688017 绿的谐波 
2025-09-07 14:57:39,429 - INFO - 📈 已处理688018 乐鑫科技 
2025-09-07 14:57:41,005 - INFO - 📈 已处理688019 安集科技 
2025-09-07 14:57:42,514 - INFO - 📈 已处理688020 方邦股份 
2025-09-07 14:57:44,020 - INFO - 📈 已处理688021 奥福科技 
2025-09-07 14:57:47,232 - INFO - 📈 已处理688022 瀚川智能 
2025-09-07 14:57:49,089 - INFO - 📈 已处理688023 安恒信息 
2025-09-07 14:57:50,722 - INFO - 📈 已处理688025 杰普特 
2025-09-07 14:57:52,641 - INFO - 📈 已处理688026 洁特生物 
2025-09-07 14:57:54,162 - INFO - 📈 已处理688027 国盾量子 
2025-09-07 14:57:55,718 - INFO - 📈 已处理688028 沃尔德 
2025-09-07 14:57:58,203 - INFO - 📈 已处理688029 南微医学 
2025-09-07 14:57:59,699 - INFO - 📈 已处理688030 山石网科 
2025-09-07 14:58:01,641 - INFO - 📈 已处理688031 星环科技 
2025-09-07 14:58:03,781 - INFO - 📈 已处理688032 禾迈股份 
2025-09-07 14:58:16,264 - INFO - 📈 已处理688033 天宜新材 
2025-09-07 14:58:18,167 - INFO - 📈 已处理688035 德邦科技 
2025-09-07 14:58:19,705 - INFO - 📈 已处理688036 传音控股 
2025-09-07 14:58:21,234 - INFO - 📈 已处理688037 芯源微 
2025-09-07 14:58:23,726 - INFO - 📈 已处理688038 中科通达 
2025-09-07 14:58:25,197 - INFO - 📈 已处理688039 当虹科技 
2025-09-07 14:58:28,171 - INFO - 📈 已处理688041 海光信息 
2025-09-07 14:58:30,770 - INFO - 📈 已处理688045 必易微 
2025-09-07 14:58:32,645 - INFO - 📈 已处理688046 药康生物 
2025-09-07 14:58:35,245 - INFO - 📈 已处理688047 龙芯中科 
2025-09-07 14:58:37,678 - INFO - 📈 已处理688048 长光华芯 
2025-09-07 14:58:37,679 - INFO - 📈 已处理 2850/3653 只股票，成功 2806 只
2025-09-07 14:58:39,406 - INFO - 📈 已处理688049 炬芯科技 
2025-09-07 14:58:41,026 - INFO - 📈 已处理688050 爱博医疗 
2025-09-07 14:58:43,139 - INFO - 📈 已处理688051 佳华科技 
2025-09-07 14:58:45,869 - INFO - 📈 已处理688052 纳芯微 
2025-09-07 14:58:48,178 - INFO - 📈 已处理688053 思科瑞 
2025-09-07 14:58:50,830 - INFO - 📈 已处理688055 龙腾光电 
2025-09-07 14:58:53,840 - INFO - 📈 已处理688056 莱伯泰科 
2025-09-07 14:58:55,518 - INFO - 📈 已处理688057 金达莱 
2025-09-07 14:58:58,816 - INFO - 📈 已处理688058 宝兰德 
2025-09-07 14:59:01,407 - INFO - 📈 已处理688059 华锐精密 
2025-09-07 14:59:03,313 - INFO - 📈 已处理688060 云涌科技 
2025-09-07 14:59:05,213 - INFO - 📈 已处理688061 灿瑞科技 
2025-09-07 14:59:08,565 - INFO - 📈 已处理688062 迈威生物 
2025-09-07 14:59:10,672 - INFO - 📈 已处理688063 派能科技 
2025-09-07 14:59:12,723 - INFO - 📈 已处理688065 凯赛生物 
2025-09-07 14:59:15,653 - INFO - 📈 已处理688066 航天宏图 
2025-09-07 14:59:17,615 - INFO - 📈 已处理688067 爱威科技 
2025-09-07 14:59:22,803 - INFO - 📈 已处理688068 热景生物 
2025-09-07 14:59:24,489 - INFO - 📈 已处理688069 德林海 
2025-09-07 14:59:26,133 - INFO - 📈 已处理688070 纵横股份 
2025-09-07 14:59:28,924 - INFO - 📈 已处理688071 华依科技 
2025-09-07 14:59:30,736 - INFO - 📈 已处理688072 拓荆科技 
2025-09-07 14:59:33,375 - INFO - 📈 已处理688073 毕得医药 
2025-09-07 14:59:35,227 - INFO - 📈 已处理688075 安旭生物 
2025-09-07 14:59:37,474 - INFO - 📈 已处理688076 ST诺泰 
2025-09-07 14:59:40,717 - INFO - 📈 已处理688077 大地熊 
2025-09-07 14:59:42,221 - INFO - 📈 已处理688078 龙软科技 
2025-09-07 14:59:44,016 - INFO - 📈 已处理688079 美迪凯 
2025-09-07 14:59:45,461 - INFO - 📈 已处理688080 映翰通 
2025-09-07 14:59:47,031 - INFO - 📈 已处理688081 兴图新科 
2025-09-07 14:59:49,698 - INFO - 📈 已处理688082 盛美上海 
2025-09-07 14:59:51,204 - INFO - 📈 已处理688083 中望软件 
2025-09-07 14:59:52,672 - INFO - 📈 已处理688084 晶品特装 
2025-09-07 14:59:55,180 - INFO - 📈 已处理688085 三友医疗 
2025-09-07 14:59:56,611 - INFO - 📈 已处理688087 英科再生 
2025-09-07 14:59:58,750 - INFO - 📈 已处理688088 虹软科技 
2025-09-07 15:00:00,337 - INFO - 📈 已处理688089 嘉必优 
2025-09-07 15:00:01,930 - INFO - 📈 已处理688090 瑞松科技 
2025-09-07 15:00:03,544 - INFO - 📈 已处理688091 上海谊众 
2025-09-07 15:00:07,039 - INFO - 📈 已处理688092 爱科科技 
2025-09-07 15:00:08,961 - INFO - 📈 已处理688093 世华科技 
2025-09-07 15:00:10,950 - INFO - 📈 已处理688095 福昕软件 
2025-09-07 15:00:13,387 - INFO - 📈 已处理688096 京源环保 
2025-09-07 15:00:14,677 - WARNING - ⚠️ 688097 博众精工 K线更新失败: HTTPSConnectionPool(host='push2his.eastmoney.com', port=443): Max retries exceeded with url: /api/qt/stock/kline/get?fields1=f1%2Cf2%2Cf3%2Cf4%2Cf5%2Cf6&fields2=f51%2Cf52%2Cf53%2Cf54%2Cf55%2Cf56%2Cf57%2Cf58%2Cf59%2Cf60%2Cf61%2Cf116&ut=7eea3edcaed734bea9cbfc24409ed989&klt=101&fqt=0&secid=1.688097&beg=20250831&end=20250907 (Caused by SSLError(SSLError(1, '[SSL: WRONG_VERSION_NUMBER] wrong version number (_ssl.c:1007)')))
2025-09-07 15:00:16,235 - WARNING - ⚠️ 688098 申联生物 K线更新失败: HTTPSConnectionPool(host='push2his.eastmoney.com', port=443): Max retries exceeded with url: /api/qt/stock/kline/get?fields1=f1%2Cf2%2Cf3%2Cf4%2Cf5%2Cf6&fields2=f51%2Cf52%2Cf53%2Cf54%2Cf55%2Cf56%2Cf57%2Cf58%2Cf59%2Cf60%2Cf61%2Cf116&ut=7eea3edcaed734bea9cbfc24409ed989&klt=101&fqt=0&secid=1.688098&beg=20250831&end=20250907 (Caused by SSLError(SSLError(1, '[SSL: WRONG_VERSION_NUMBER] wrong version number (_ssl.c:1007)')))
2025-09-07 15:00:18,488 - WARNING - ⚠️ 688099 晶晨股份 K线更新失败: HTTPSConnectionPool(host='push2his.eastmoney.com', port=443): Max retries exceeded with url: /api/qt/stock/kline/get?fields1=f1%2Cf2%2Cf3%2Cf4%2Cf5%2Cf6&fields2=f51%2Cf52%2Cf53%2Cf54%2Cf55%2Cf56%2Cf57%2Cf58%2Cf59%2Cf60%2Cf61%2Cf116&ut=7eea3edcaed734bea9cbfc24409ed989&klt=101&fqt=0&secid=1.688099&beg=20250831&end=20250907 (Caused by SSLError(SSLError(1, '[SSL: WRONG_VERSION_NUMBER] wrong version number (_ssl.c:1007)')))
2025-09-07 15:00:20,169 - WARNING - ⚠️ 688100 威胜信息 K线更新失败: HTTPSConnectionPool(host='push2his.eastmoney.com', port=443): Max retries exceeded with url: /api/qt/stock/kline/get?fields1=f1%2Cf2%2Cf3%2Cf4%2Cf5%2Cf6&fields2=f51%2Cf52%2Cf53%2Cf54%2Cf55%2Cf56%2Cf57%2Cf58%2Cf59%2Cf60%2Cf61%2Cf116&ut=7eea3edcaed734bea9cbfc24409ed989&klt=101&fqt=0&secid=1.688100&beg=20250831&end=20250907 (Caused by SSLError(SSLError(1, '[SSL: WRONG_VERSION_NUMBER] wrong version number (_ssl.c:1007)')))
2025-09-07 15:00:21,720 - INFO - 📈 已处理688101 三达膜 
2025-09-07 15:00:23,620 - INFO - 📈 已处理688102 斯瑞新材 
2025-09-07 15:00:25,166 - INFO - 📈 已处理688103 国力股份 
2025-09-07 15:00:25,166 - INFO - 📈 已处理 2900/3653 只股票，成功 2852 只
2025-09-07 15:00:26,874 - INFO - 📈 已处理688105 诺唯赞 
2025-09-07 15:00:28,338 - INFO - 📈 已处理688106 金宏气体 
2025-09-07 15:00:29,883 - INFO - 📈 已处理688107 安路科技 
2025-09-07 15:00:31,582 - INFO - 📈 已处理688108 赛诺医疗 
2025-09-07 15:00:33,243 - INFO - 📈 已处理688109 品茗科技 
2025-09-07 15:00:40,381 - INFO - 📈 已处理688110 东芯股份 
2025-09-07 15:00:42,431 - INFO - 📈 已处理688111 金山办公 
2025-09-07 15:00:45,551 - INFO - 📈 已处理688112 鼎阳科技 
2025-09-07 15:00:47,195 - INFO - 📈 已处理688113 联测科技 
2025-09-07 15:00:49,848 - INFO - 📈 已处理688114 华大智造 
2025-09-07 15:00:51,729 - INFO - 📈 已处理688115 思林杰 
2025-09-07 15:00:54,221 - INFO - 📈 已处理688116 天奈科技 
2025-09-07 15:00:56,324 - INFO - 📈 已处理688117 圣诺生物 
2025-09-07 15:00:57,975 - INFO - 📈 已处理688118 普元信息 
2025-09-07 15:00:59,815 - INFO - 📈 已处理688119 中钢洛耐 
2025-09-07 15:01:02,921 - INFO - 📈 已处理688120 华海清科 
2025-09-07 15:01:06,962 - INFO - 📈 已处理688121 卓然股份 
2025-09-07 15:01:08,549 - INFO - 📈 已处理688122 西部超导 
2025-09-07 15:01:10,054 - INFO - 📈 已处理688123 聚辰股份 
2025-09-07 15:01:11,731 - INFO - 📈 已处理688125 安达智能 
2025-09-07 15:01:13,291 - INFO - 📈 已处理688126 沪硅产业 
2025-09-07 15:01:15,230 - INFO - 📈 已处理688127 蓝特光学 
2025-09-07 15:01:17,149 - INFO - 📈 已处理688128 中国电研 
2025-09-07 15:01:18,798 - INFO - 📈 已处理688129 东来技术 
2025-09-07 15:01:20,479 - INFO - 📈 已处理688130 晶华微 
2025-09-07 15:01:22,033 - INFO - 📈 已处理688131 皓元医药 
2025-09-07 15:01:24,157 - INFO - 📈 已处理688132 邦彦技术 
2025-09-07 15:01:26,062 - INFO - 📈 已处理688133 泰坦科技 
2025-09-07 15:01:28,297 - INFO - 📈 已处理688135 利扬芯片 
2025-09-07 15:01:29,839 - INFO - 📈 已处理688136 科兴制药 
2025-09-07 15:01:32,495 - INFO - 📈 已处理688137 近岸蛋白 
2025-09-07 15:01:34,830 - INFO - 📈 已处理688138 清溢光电 
2025-09-07 15:01:36,420 - INFO - 📈 已处理688139 海尔生物 
2025-09-07 15:01:38,707 - INFO - 📈 已处理688141 杰华特 
2025-09-07 15:01:41,604 - INFO - 📈 已处理688143 长盈通 
2025-09-07 15:01:44,166 - INFO - 📈 已处理688146 中船特气 
2025-09-07 15:01:50,189 - WARNING - ⚠️ 688147 微导纳米 K线更新失败: ('Connection aborted.', ConnectionResetError(10054, '远程主机强迫关闭了一个现有的连接。', None, 10054, None))
2025-09-07 15:01:51,781 - INFO - 📈 已处理688148 芳源股份 
2025-09-07 15:01:54,380 - INFO - 📈 已处理688150 莱特光电 
2025-09-07 15:01:57,246 - INFO - 📈 已处理688151 华强科技 
2025-09-07 15:02:06,814 - INFO - 📈 已处理688152 麒麟信安 
2025-09-07 15:02:10,378 - INFO - 📈 已处理688153 唯捷创芯 
2025-09-07 15:02:12,209 - INFO - 📈 已处理688155 先惠技术 
2025-09-07 15:02:14,046 - INFO - 📈 已处理688156 路德环境 
2025-09-07 15:02:17,136 - INFO - 📈 已处理688157 松井股份 
2025-09-07 15:02:18,742 - INFO - 📈 已处理688158 优刻得-W 
2025-09-07 15:02:21,769 - INFO - 📈 已处理688159 有方科技 
2025-09-07 15:02:23,384 - INFO - 📈 已处理688160 步科股份 
2025-09-07 15:02:25,425 - INFO - 📈 已处理688161 威高骨科 
2025-09-07 15:02:28,005 - INFO - 📈 已处理688162 巨一科技 
2025-09-07 15:02:28,005 - INFO - 📈 已处理 2950/3653 只股票，成功 2901 只
2025-09-07 15:02:29,890 - INFO - 📈 已处理688163 赛伦生物 
2025-09-07 15:02:32,518 - INFO - 📈 已处理688165 埃夫特-U 
2025-09-07 15:02:36,271 - INFO - 📈 已处理688166 博瑞医药 
2025-09-07 15:02:39,453 - INFO - 📈 已处理688167 炬光科技 
2025-09-07 15:02:43,619 - INFO - 📈 已处理688168 安博通 
2025-09-07 15:02:47,073 - INFO - 📈 已处理688169 石头科技 
2025-09-07 15:02:50,259 - INFO - 📈 已处理688170 德龙激光 
2025-09-07 15:02:51,797 - INFO - 📈 已处理688171 纬德信息 
2025-09-07 15:02:55,341 - INFO - 📈 已处理688172 燕东微 
2025-09-07 15:02:59,180 - INFO - 📈 已处理688173 希荻微 
2025-09-07 15:03:01,272 - INFO - 📈 已处理688175 高凌信息 
2025-09-07 15:03:03,500 - INFO - 📈 已处理688176 亚虹医药 
2025-09-07 15:03:06,857 - INFO - 📈 已处理688177 百奥泰 
2025-09-07 15:03:08,788 - INFO - 📈 已处理688178 万德斯 
2025-09-07 15:03:15,679 - INFO - 📈 已处理688179 阿拉丁 
2025-09-07 15:03:17,886 - INFO - 📈 已处理688180 君实生物-U 
2025-09-07 15:03:22,841 - INFO - 📈 已处理688181 八亿时空 
2025-09-07 15:03:24,312 - INFO - 📈 已处理688182 灿勤科技 
2025-09-07 15:03:25,842 - INFO - 📈 已处理688183 生益电子 
2025-09-07 15:03:27,427 - INFO - 📈 已处理688184 ST帕瓦 
2025-09-07 15:03:29,214 - INFO - 📈 已处理688185 康希诺 
2025-09-07 15:03:32,442 - INFO - 📈 已处理688186 广大特材 
2025-09-07 15:03:33,994 - INFO - 📈 已处理688187 时代电气 
2025-09-07 15:03:36,367 - INFO - 📈 已处理688188 柏楚电子 
2025-09-07 15:03:39,113 - INFO - 📈 已处理688189 南新制药 
2025-09-07 15:03:42,098 - INFO - 📈 已处理688190 云路股份 
2025-09-07 15:03:43,827 - INFO - 📈 已处理688191 智洋创新 
2025-09-07 15:03:46,483 - INFO - 📈 已处理688192 迪哲医药 
2025-09-07 15:03:48,859 - INFO - 📈 已处理688193 仁度生物 
2025-09-07 15:03:50,815 - INFO - 📈 已处理688195 腾景科技 
2025-09-07 15:03:53,250 - INFO - 📈 已处理688196 卓越新能 
2025-09-07 15:03:56,877 - INFO - 📈 已处理688197 首药控股 
2025-09-07 15:03:58,574 - INFO - 📈 已处理688198 佰仁医疗 
2025-09-07 15:04:00,280 - INFO - 📈 已处理688199 久日新材 
2025-09-07 15:04:02,408 - INFO - 📈 已处理688200 华峰测控 
2025-09-07 15:04:04,418 - INFO - 📈 已处理688201 信安世纪 
2025-09-07 15:04:06,087 - INFO - 📈 已处理688202 美迪西 
2025-09-07 15:04:09,144 - INFO - 📈 已处理688203 海正生材 
2025-09-07 15:04:11,696 - INFO - 📈 已处理688205 德科立 
2025-09-07 15:04:14,026 - INFO - 📈 已处理688206 概伦电子 
2025-09-07 15:04:16,183 - INFO - 📈 已处理688207 格灵深瞳 
2025-09-07 15:04:18,132 - INFO - 📈 已处理688208 道通科技 
2025-09-07 15:04:28,656 - INFO - 📈 已处理688209 英集芯 
2025-09-07 15:04:32,079 - INFO - 📈 已处理688210 统联精密 
2025-09-07 15:04:38,093 - WARNING - ⚠️ 688211 中科微至 K线更新失败: ('Connection aborted.', ConnectionResetError(10054, '远程主机强迫关闭了一个现有的连接。', None, 10054, None))
2025-09-07 15:04:43,626 - INFO - 📈 已处理688212 澳华内镜 
2025-09-07 15:04:46,196 - INFO - 📈 已处理688213 思特威 
2025-09-07 15:04:48,161 - INFO - 📈 已处理688215 瑞晟智能 
2025-09-07 15:04:51,210 - INFO - 📈 已处理688216 气派科技 
2025-09-07 15:04:53,431 - INFO - 📈 已处理688217 睿昂基因 
2025-09-07 15:04:53,433 - INFO - 📈 已处理 3000/3653 只股票，成功 2950 只
2025-09-07 15:04:56,402 - INFO - 📈 已处理688218 江苏北人 
2025-09-07 15:04:58,495 - INFO - 📈 已处理688219 会通股份 
2025-09-07 15:05:00,512 - INFO - 📈 已处理688220 翱捷科技 
2025-09-07 15:05:04,040 - INFO - 📈 已处理688221 前沿生物-U 
2025-09-07 15:05:08,035 - INFO - 📈 已处理688222 成都先导 
2025-09-07 15:05:10,106 - INFO - 📈 已处理688223 晶科能源 
2025-09-07 15:05:11,893 - INFO - 📈 已处理688225 亚信安全 
2025-09-07 15:05:15,084 - INFO - 📈 已处理688226 威腾电气 
2025-09-07 15:05:20,427 - INFO - 📈 已处理688227 品高股份 
2025-09-07 15:05:22,859 - INFO - 📈 已处理688228 开普云 
2025-09-07 15:05:26,252 - INFO - 📈 已处理688229 博睿数据 
2025-09-07 15:05:28,674 - INFO - 📈 已处理688230 芯导科技 
2025-09-07 15:05:31,459 - INFO - 📈 已处理688231 隆达股份 
2025-09-07 15:05:33,174 - INFO - 📈 已处理688232 新点软件 
2025-09-07 15:05:36,156 - INFO - 📈 已处理688233 神工股份 
2025-09-07 15:05:45,058 - INFO - 📈 已处理688234 天岳先进 
2025-09-07 15:05:47,991 - INFO - 📈 已处理688235 百济神州 
2025-09-07 15:05:51,758 - INFO - 📈 已处理688236 春立医疗 
2025-09-07 15:05:54,730 - INFO - 📈 已处理688237 超卓航科 
2025-09-07 15:05:56,423 - INFO - 📈 已处理688238 和元生物 
2025-09-07 15:05:59,852 - INFO - 📈 已处理688239 航宇科技 
2025-09-07 15:06:01,823 - INFO - 📈 已处理688244 永信至诚 
2025-09-07 15:06:04,219 - INFO - 📈 已处理688246 嘉和美康 
2025-09-07 15:06:08,503 - INFO - 📈 已处理688247 宣泰医药 
2025-09-07 15:06:10,702 - INFO - 📈 已处理688248 南网科技 
2025-09-07 15:06:12,373 - INFO - 📈 已处理688249 晶合集成 
2025-09-07 15:06:15,062 - INFO - 📈 已处理688251 井松智能 
2025-09-07 15:06:17,274 - INFO - 📈 已处理688252 天德钰 
2025-09-07 15:06:19,366 - INFO - 📈 已处理688253 英诺特 
2025-09-07 15:06:21,775 - INFO - 📈 已处理688255 凯尔达 
2025-09-07 15:06:24,523 - INFO - 📈 已处理688256 寒武纪-U 
2025-09-07 15:06:26,270 - INFO - 📈 已处理688257 新锐股份 
2025-09-07 15:06:29,064 - INFO - 📈 已处理688258 卓易信息 
2025-09-07 15:06:33,692 - INFO - 📈 已处理688259 创耀科技 
2025-09-07 15:06:36,873 - INFO - 📈 已处理688260 昀冢科技 
2025-09-07 15:06:39,491 - INFO - 📈 已处理688261 东微半导 
2025-09-07 15:06:41,206 - INFO - 📈 已处理688262 国芯科技 
2025-09-07 15:06:44,341 - INFO - 📈 已处理688265 南模生物 
2025-09-07 15:06:47,454 - INFO - 📈 已处理688266 泽璟制药-U 
2025-09-07 15:06:49,120 - INFO - 📈 已处理688267 中触媒 
2025-09-07 15:06:51,213 - INFO - 📈 已处理688268 华特气体 
2025-09-07 15:06:53,074 - INFO - 📈 已处理688269 凯立新材 
2025-09-07 15:06:54,593 - INFO - 📈 已处理688270 臻镭科技 
2025-09-07 15:06:56,476 - INFO - 📈 已处理688271 联影医疗 
2025-09-07 15:06:58,157 - INFO - 📈 已处理688272 富吉瑞 
2025-09-07 15:06:59,676 - INFO - 📈 已处理688273 麦澜德 
2025-09-07 15:07:02,383 - INFO - 📈 已处理688275 万润新能 
2025-09-07 15:07:08,402 - WARNING - ⚠️ 688276 百克生物 K线更新失败: ('Connection aborted.', ConnectionResetError(10054, '远程主机强迫关闭了一个现有的连接。', None, 10054, None))
2025-09-07 15:07:11,123 - INFO - 📈 已处理688277 天智航-U 
2025-09-07 15:07:12,636 - INFO - 📈 已处理688278 特宝生物 
2025-09-07 15:07:12,636 - INFO - 📈 已处理 3050/3653 只股票，成功 2999 只
2025-09-07 15:07:15,743 - INFO - 📈 已处理688279 峰岹科技 
2025-09-07 15:07:18,049 - INFO - 📈 已处理688280 精进电动 
2025-09-07 15:07:19,572 - INFO - 📈 已处理688281 华秦科技 
2025-09-07 15:07:21,591 - INFO - 📈 已处理688282 理工导航 
2025-09-07 15:07:23,066 - INFO - 📈 已处理688283 坤恒顺维 
2025-09-07 15:07:29,092 - WARNING - ⚠️ 688285 高铁电气 K线更新失败: ('Connection aborted.', ConnectionResetError(10054, '远程主机强迫关闭了一个现有的连接。', None, 10054, None))
2025-09-07 15:07:30,735 - INFO - 📈 已处理688286 敏芯股份 
2025-09-07 15:07:32,410 - INFO - 📈 已处理688287 *ST观典 
2025-09-07 15:07:34,027 - INFO - 📈 已处理688288 鸿泉物联 
2025-09-07 15:07:35,601 - INFO - 📈 已处理688289 圣湘生物 
2025-09-07 15:07:37,162 - INFO - 📈 已处理688290 景业智能 
2025-09-07 15:07:39,005 - INFO - 📈 已处理688291 金橙子 
2025-09-07 15:07:41,046 - INFO - 📈 已处理688292 浩瀚深度 
2025-09-07 15:07:43,392 - INFO - 📈 已处理688293 奥浦迈 
2025-09-07 15:07:46,636 - INFO - 📈 已处理688295 中复神鹰 
2025-09-07 15:07:48,588 - INFO - 📈 已处理688296 和达科技 
2025-09-07 15:07:50,897 - INFO - 📈 已处理688297 中无人机 
2025-09-07 15:07:53,402 - INFO - 📈 已处理688298 东方生物 
2025-09-07 15:07:55,097 - INFO - 📈 已处理688299 长阳科技 
2025-09-07 15:07:57,168 - INFO - 📈 已处理688300 联瑞新材 
2025-09-07 15:07:58,908 - INFO - 📈 已处理688301 奕瑞科技 
2025-09-07 15:08:01,770 - INFO - 📈 已处理688302 海创药业 
2025-09-07 15:08:03,746 - INFO - 📈 已处理688303 大全能源 
2025-09-07 15:08:06,953 - INFO - 📈 已处理688305 科德数控 
2025-09-07 15:08:11,940 - INFO - 📈 已处理688306 均普智能 
2025-09-07 15:08:14,040 - INFO - 📈 已处理688307 中润光学 
2025-09-07 15:08:16,154 - INFO - 📈 已处理688308 欧科亿 
2025-09-07 15:08:18,116 - INFO - 📈 已处理688309 恒誉环保 
2025-09-07 15:08:20,319 - INFO - 📈 已处理688310 迈得医疗 
2025-09-07 15:08:24,462 - INFO - 📈 已处理688311 盟升电子 
2025-09-07 15:08:26,156 - INFO - 📈 已处理688312 燕麦科技 
2025-09-07 15:08:28,864 - INFO - 📈 已处理688313 仕佳光子 
2025-09-07 15:08:31,617 - INFO - 📈 已处理688314 康拓医疗 
2025-09-07 15:08:34,085 - INFO - 📈 已处理688315 诺禾致源 
2025-09-07 15:08:39,227 - INFO - 📈 已处理688316 青云科技-U 
2025-09-07 15:08:41,355 - INFO - 📈 已处理688317 之江生物 
2025-09-07 15:08:44,456 - INFO - 📈 已处理688318 财富趋势 
2025-09-07 15:08:46,253 - INFO - 📈 已处理688319 欧林生物 
2025-09-07 15:08:47,885 - INFO - 📈 已处理688320 禾川科技 
2025-09-07 15:08:51,046 - INFO - 📈 已处理688321 微芯生物 
2025-09-07 15:08:52,620 - INFO - 📈 已处理688322 奥比中光 
2025-09-07 15:08:54,563 - INFO - 📈 已处理688323 瑞华泰 
2025-09-07 15:08:57,027 - INFO - 📈 已处理688325 赛微微电 
2025-09-07 15:08:59,355 - INFO - 📈 已处理688326 经纬恒润 
2025-09-07 15:09:00,876 - INFO - 📈 已处理688327 云从科技 
2025-09-07 15:09:02,690 - INFO - 📈 已处理688328 深科达 
2025-09-07 15:09:05,901 - INFO - 📈 已处理688329 艾隆科技 
2025-09-07 15:09:07,636 - INFO - 📈 已处理688330 宏力达 
2025-09-07 15:09:10,558 - INFO - 📈 已处理688331 荣昌生物 
2025-09-07 15:09:12,698 - INFO - 📈 已处理688332 中科蓝讯 
2025-09-07 15:09:12,698 - INFO - 📈 已处理 3100/3653 只股票，成功 3048 只
2025-09-07 15:09:14,151 - INFO - 📈 已处理688333 铂力特 
2025-09-07 15:09:17,987 - INFO - 📈 已处理688334 西高院 
2025-09-07 15:09:19,813 - INFO - 📈 已处理688335 复洁环保 
2025-09-07 15:09:21,828 - INFO - 📈 已处理688336 三生国健 
2025-09-07 15:09:23,540 - INFO - 📈 已处理688337 普源精电 
2025-09-07 15:09:25,070 - INFO - 📈 已处理688338 赛科希德 
2025-09-07 15:09:26,874 - INFO - 📈 已处理688339 亿华通-U 
2025-09-07 15:09:30,337 - INFO - 📈 已处理688343 云天励飞 
2025-09-07 15:09:32,267 - INFO - 📈 已处理688345 博力威 
2025-09-07 15:09:34,401 - INFO - 📈 已处理688347 华虹公司 
2025-09-07 15:09:36,910 - INFO - 📈 已处理688348 昱能科技 
2025-09-07 15:09:38,432 - INFO - 📈 已处理688349 三一重能 
2025-09-07 15:09:40,702 - INFO - 📈 已处理688350 富淼科技 
2025-09-07 15:09:43,678 - INFO - 📈 已处理688351 微电生理 
2025-09-07 15:09:45,826 - INFO - 📈 已处理688352 颀中科技 
2025-09-07 15:09:48,341 - INFO - 📈 已处理688353 华盛锂电 
2025-09-07 15:09:50,024 - INFO - 📈 已处理688355 明志科技 
2025-09-07 15:09:51,868 - INFO - 📈 已处理688356 键凯科技 
2025-09-07 15:09:53,962 - INFO - 📈 已处理688357 建龙微纳 
2025-09-07 15:09:55,800 - INFO - 📈 已处理688358 祥生医疗 
2025-09-07 15:09:57,939 - INFO - 📈 已处理688359 三孚新科 
2025-09-07 15:09:59,995 - INFO - 📈 已处理688360 德马科技 
2025-09-07 15:10:01,899 - INFO - 📈 已处理688361 中科飞测 
2025-09-07 15:10:03,484 - INFO - 📈 已处理688362 甬矽电子 
2025-09-07 15:10:05,281 - INFO - 📈 已处理688363 华熙生物 
2025-09-07 15:10:08,163 - INFO - 📈 已处理688365 光云科技 
2025-09-07 15:10:10,169 - INFO - 📈 已处理688366 昊海生科 
2025-09-07 15:10:12,253 - INFO - 📈 已处理688367 工大高科 
2025-09-07 15:10:14,405 - INFO - 📈 已处理688368 晶丰明源 
2025-09-07 15:10:16,386 - INFO - 📈 已处理688369 致远互联 
2025-09-07 15:10:18,779 - INFO - 📈 已处理688370 丛麟科技 
2025-09-07 15:10:20,917 - INFO - 📈 已处理688371 菲沃泰 
2025-09-07 15:10:23,241 - INFO - 📈 已处理688372 伟测科技 
2025-09-07 15:10:24,907 - INFO - 📈 已处理688373 盟科药业 
2025-09-07 15:10:26,783 - INFO - 📈 已处理688375 国博电子 
2025-09-07 15:10:33,742 - INFO - 📈 已处理688376 美埃科技 
2025-09-07 15:10:36,934 - INFO - 📈 已处理688377 迪威尔 
2025-09-07 15:10:38,899 - INFO - 📈 已处理688378 奥来德 
2025-09-07 15:10:41,410 - INFO - 📈 已处理688379 华光新材 
2025-09-07 15:10:43,449 - INFO - 📈 已处理688380 中微半导 
2025-09-07 15:10:46,234 - INFO - 📈 已处理688381 帝奥微 
2025-09-07 15:10:48,899 - INFO - 📈 已处理688382 益方生物 
2025-09-07 15:10:51,032 - INFO - 📈 已处理688383 新益昌 
2025-09-07 15:10:53,406 - INFO - 📈 已处理688385 复旦微电 
2025-09-07 15:10:55,187 - INFO - 📈 已处理688386 泛亚微透 
2025-09-07 15:11:01,314 - INFO - 📈 已处理688387 信科移动 
2025-09-07 15:11:03,502 - INFO - 📈 已处理688388 嘉元科技 
2025-09-07 15:11:05,268 - INFO - 📈 已处理688389 普门科技 
2025-09-07 15:11:10,400 - INFO - 📈 已处理688390 固德威 
2025-09-07 15:11:13,588 - INFO - 📈 已处理688391 钜泉科技 
2025-09-07 15:11:13,589 - INFO - 📈 已处理 3150/3653 只股票，成功 3098 只
2025-09-07 15:11:15,450 - INFO - 📈 已处理688392 骄成超声 
2025-09-07 15:11:17,503 - INFO - 📈 已处理688393 安必平 
2025-09-07 15:11:22,966 - INFO - 📈 已处理688395 正弦电气 
2025-09-07 15:11:24,630 - INFO - 📈 已处理688396 华润微 
2025-09-07 15:11:26,747 - INFO - 📈 已处理688398 赛特新材 
2025-09-07 15:11:30,700 - INFO - 📈 已处理688399 硕世生物 
2025-09-07 15:11:32,578 - INFO - 📈 已处理688400 凌云光 
2025-09-07 15:11:36,067 - INFO - 📈 已处理688401 路维光电 
2025-09-07 15:11:37,920 - INFO - 📈 已处理688403 汇成股份 
2025-09-07 15:11:41,205 - INFO - 📈 已处理688408 中信博 
2025-09-07 15:11:44,425 - INFO - 📈 已处理688409 富创精密 
2025-09-07 15:11:48,917 - INFO - 📈 已处理688410 山外山 
2025-09-07 15:11:50,987 - INFO - 📈 已处理688411 海博思创 
2025-09-07 15:11:52,655 - INFO - 📈 已处理688416 恒烁股份 
2025-09-07 15:11:57,405 - INFO - 📈 已处理688418 震有科技 
2025-09-07 15:12:00,815 - INFO - 📈 已处理688419 耐科装备 
2025-09-07 15:12:02,420 - INFO - 📈 已处理688420 美腾科技 
2025-09-07 15:12:04,525 - INFO - 📈 已处理688425 铁建重工 
2025-09-07 15:12:06,131 - INFO - 📈 已处理688426 康为世纪 
2025-09-07 15:12:07,721 - INFO - 📈 已处理688428 诺诚健华 
2025-09-07 15:12:09,643 - INFO - 📈 已处理688429 时创能源 
2025-09-07 15:12:11,289 - INFO - 📈 已处理688432 有研硅 
2025-09-07 15:12:14,309 - INFO - 📈 已处理688433 华曙高科 
2025-09-07 15:12:16,247 - INFO - 📈 已处理688435 英方软件 
2025-09-07 15:12:22,284 - WARNING - ⚠️ 688439 振华风光 K线更新失败: ('Connection aborted.', ConnectionResetError(10054, '远程主机强迫关闭了一个现有的连接。', None, 10054, None))
2025-09-07 15:12:23,951 - INFO - 📈 已处理688443 智翔金泰 
2025-09-07 15:12:25,658 - INFO - 📈 已处理688448 磁谷科技 
2025-09-07 15:12:28,798 - INFO - 📈 已处理688449 联芸科技 
2025-09-07 15:12:31,164 - INFO - 📈 已处理688450 光格科技 
2025-09-07 15:12:33,729 - INFO - 📈 已处理688455 科捷智能 
2025-09-07 15:12:36,230 - INFO - 📈 已处理688456 有研粉材 
2025-09-07 15:12:37,941 - INFO - 📈 已处理688458 美芯晟 
2025-09-07 15:12:40,743 - INFO - 📈 已处理688459 哈铁科技 
2025-09-07 15:12:43,767 - INFO - 📈 已处理688466 金科环境 
2025-09-07 15:12:45,663 - INFO - 📈 已处理688468 科美诊断 
2025-09-07 15:12:47,639 - INFO - 📈 已处理688469 芯联集成 
2025-09-07 15:12:50,487 - INFO - 📈 已处理688472 阿特斯 
2025-09-07 15:12:53,825 - INFO - 📈 已处理688475 萤石网络 
2025-09-07 15:12:58,218 - INFO - 📈 已处理688479 友车科技 
2025-09-07 15:13:00,121 - INFO - 📈 已处理688480 赛恩斯 
2025-09-07 15:13:03,304 - INFO - 📈 已处理688484 南芯科技 
2025-09-07 15:13:04,991 - INFO - 📈 已处理688485 九州一轨 
2025-09-07 15:13:07,179 - INFO - 📈 已处理688486 龙迅股份 
2025-09-07 15:13:09,788 - INFO - 📈 已处理688488 艾迪药业 
2025-09-07 15:13:15,461 - INFO - 📈 已处理688489 三未信安 
2025-09-07 15:13:22,787 - INFO - 📈 已处理688496 清越科技 
2025-09-07 15:13:24,569 - INFO - 📈 已处理688498 源杰科技 
2025-09-07 15:13:26,143 - INFO - 📈 已处理688499 利元亨 
2025-09-07 15:13:27,959 - INFO - 📈 已处理688500 慧辰股份 
2025-09-07 15:13:27,959 - INFO - 📈 已处理 3200/3653 只股票，成功 3146 只
2025-09-07 15:13:30,534 - INFO - 📈 已处理688501 青达环保 
2025-09-07 15:13:32,432 - INFO - 📈 已处理688502 茂莱光学 
2025-09-07 15:13:34,195 - INFO - 📈 已处理688503 聚和材料 
2025-09-07 15:13:36,659 - INFO - 📈 已处理688505 复旦张江 
2025-09-07 15:13:42,682 - WARNING - ⚠️ 688506 百利天恒 K线更新失败: ('Connection aborted.', ConnectionResetError(10054, '远程主机强迫关闭了一个现有的连接。', None, 10054, None))
2025-09-07 15:13:44,281 - INFO - 📈 已处理688507 索辰科技 
2025-09-07 15:13:46,268 - INFO - 📈 已处理688508 芯朋微 
2025-09-07 15:13:49,313 - INFO - 📈 已处理688509 正元地信 
2025-09-07 15:13:51,136 - INFO - 📈 已处理688510 航亚科技 
2025-09-07 15:13:52,679 - INFO - 📈 已处理688511 *ST天微 
2025-09-07 15:13:54,181 - INFO - 📈 已处理688512 慧智微 
2025-09-07 15:13:55,818 - INFO - 📈 已处理688513 苑东生物 
2025-09-07 15:13:58,029 - INFO - 📈 已处理688515 裕太微 
2025-09-07 15:14:00,129 - INFO - 📈 已处理688516 奥特维 
2025-09-07 15:14:02,079 - INFO - 📈 已处理688517 金冠电气 
2025-09-07 15:14:05,100 - INFO - 📈 已处理688518 联赢激光 
2025-09-07 15:14:07,448 - INFO - 📈 已处理688519 南亚新材 
2025-09-07 15:14:09,030 - INFO - 📈 已处理688520 神州细胞 
2025-09-07 15:14:13,267 - INFO - 📈 已处理688522 纳睿雷达 
2025-09-07 15:14:15,530 - INFO - 📈 已处理688523 航天环宇 
2025-09-07 15:14:17,320 - INFO - 📈 已处理688525 佰维存储 
2025-09-07 15:14:21,129 - INFO - 📈 已处理688526 科前生物 
2025-09-07 15:14:24,429 - INFO - 📈 已处理688528 秦川物联 
2025-09-07 15:14:26,554 - INFO - 📈 已处理688529 豪森智能 
2025-09-07 15:14:38,188 - INFO - 📈 已处理688530 欧莱新材 
2025-09-07 15:14:41,014 - INFO - 📈 已处理688531 日联科技 
2025-09-07 15:14:42,710 - INFO - 📈 已处理688533 上声电子 
2025-09-07 15:14:44,344 - INFO - 📈 已处理688535 华海诚科 
2025-09-07 15:14:46,000 - INFO - 📈 已处理688536 思瑞浦 
2025-09-07 15:14:48,110 - INFO - 📈 已处理688538 和辉光电-U 
2025-09-07 15:14:49,759 - INFO - 📈 已处理688539 高华科技 
2025-09-07 15:14:51,777 - INFO - 📈 已处理688543 国科军工 
2025-09-07 15:14:53,927 - INFO - 📈 已处理688545 兴福电子 
2025-09-07 15:14:55,594 - INFO - 📈 已处理688548 广钢气体 
2025-09-07 15:14:57,160 - INFO - 📈 已处理688549 中巨芯 
2025-09-07 15:14:59,001 - INFO - 📈 已处理688550 瑞联新材 
2025-09-07 15:15:00,848 - INFO - 📈 已处理688551 科威尔 
2025-09-07 15:15:06,878 - WARNING - ⚠️ 688552 航天南湖 K线更新失败: ('Connection aborted.', ConnectionResetError(10054, '远程主机强迫关闭了一个现有的连接。', None, 10054, None))
2025-09-07 15:15:09,891 - INFO - 📈 已处理688553 汇宇制药-W 
2025-09-07 15:15:14,538 - INFO - 📈 已处理688556 高测股份 
2025-09-07 15:15:17,156 - INFO - 📈 已处理688557 兰剑智能 
2025-09-07 15:15:19,142 - INFO - 📈 已处理688558 国盛智科 
2025-09-07 15:15:21,002 - INFO - 📈 已处理688559 海目星 
2025-09-07 15:15:23,046 - INFO - 📈 已处理688560 明冠新材 
2025-09-07 15:15:24,945 - INFO - 📈 已处理688561 奇安信-U 
2025-09-07 15:15:26,486 - INFO - 📈 已处理688562 航天软件 
2025-09-07 15:15:27,977 - INFO - 📈 已处理688563 航材股份 
2025-09-07 15:15:29,479 - INFO - 📈 已处理688565 力源科技 
2025-09-07 15:15:32,029 - INFO - 📈 已处理688566 吉贝尔 
2025-09-07 15:15:32,029 - INFO - 📈 已处理 3250/3653 只股票，成功 3193 只
2025-09-07 15:15:33,901 - INFO - 📈 已处理688567 孚能科技 
2025-09-07 15:15:36,067 - INFO - 📈 已处理688568 中科星图 
2025-09-07 15:15:41,463 - INFO - 📈 已处理688569 铁科轨道 
2025-09-07 15:15:43,116 - INFO - 📈 已处理688570 天玛智控 
2025-09-07 15:15:45,286 - INFO - 📈 已处理688571 杭华股份 
2025-09-07 15:15:48,223 - INFO - 📈 已处理688573 信宇人 
2025-09-07 15:15:51,893 - INFO - 📈 已处理688575 亚辉龙 
2025-09-07 15:15:53,785 - INFO - 📈 已处理688576 西山科技 
2025-09-07 15:15:55,246 - INFO - 📈 已处理688577 浙海德曼 
2025-09-07 15:15:56,796 - INFO - 📈 已处理688578 艾力斯 
2025-09-07 15:15:58,347 - INFO - 📈 已处理688579 山大地纬 
2025-09-07 15:16:00,105 - INFO - 📈 已处理688580 伟思医疗 
2025-09-07 15:16:01,706 - INFO - 📈 已处理688581 安杰思 
2025-09-07 15:16:07,413 - INFO - 📈 已处理688582 芯动联科 
2025-09-07 15:16:09,151 - INFO - 📈 已处理688583 思看科技 
2025-09-07 15:16:11,292 - INFO - 📈 已处理688584 上海合晶 
2025-09-07 15:16:14,433 - INFO - 📈 已处理688585 上纬新材 
2025-09-07 15:16:16,297 - INFO - 📈 已处理688586 江航装备 
2025-09-07 15:16:17,909 - INFO - 📈 已处理688588 凌志软件 
2025-09-07 15:16:25,273 - INFO - 📈 已处理688589 力合微 
2025-09-07 15:16:28,430 - INFO - 📈 已处理688590 新致软件 
2025-09-07 15:16:30,041 - INFO - 📈 已处理688591 泰凌微 
2025-09-07 15:16:31,650 - INFO - 📈 已处理688592 司南导航 
2025-09-07 15:16:33,494 - INFO - 📈 已处理688593 新相微 
2025-09-07 15:16:35,036 - INFO - 📈 已处理688595 芯海科技 
2025-09-07 15:16:36,851 - INFO - 📈 已处理688596 正帆科技 
2025-09-07 15:16:38,308 - INFO - 📈 已处理688597 煜邦电力 
2025-09-07 15:16:44,313 - WARNING - ⚠️ 688598 金博股份 K线更新失败: ('Connection aborted.', ConnectionResetError(10054, '远程主机强迫关闭了一个现有的连接。', None, 10054, None))
2025-09-07 15:16:47,130 - INFO - 📈 已处理688599 天合光能 
2025-09-07 15:16:49,667 - INFO - 📈 已处理688600 皖仪科技 
2025-09-07 15:16:51,756 - INFO - 📈 已处理688601 力芯微 
2025-09-07 15:16:53,605 - INFO - 📈 已处理688602 康鹏科技 
2025-09-07 15:16:56,498 - INFO - 📈 已处理688603 天承科技 
2025-09-07 15:16:58,081 - INFO - 📈 已处理688605 先锋精科 
2025-09-07 15:17:02,242 - INFO - 📈 已处理688606 奥泰生物 
2025-09-07 15:17:04,326 - INFO - 📈 已处理688607 康众医疗 
2025-09-07 15:17:06,615 - INFO - 📈 已处理688608 恒玄科技 
2025-09-07 15:17:08,309 - INFO - 📈 已处理688609 九联科技 
2025-09-07 15:17:10,019 - INFO - 📈 已处理688610 埃科光电 
2025-09-07 15:17:12,166 - INFO - 📈 已处理688611 杭州柯林 
2025-09-07 15:17:14,314 - INFO - 📈 已处理688612 威迈斯 
2025-09-07 15:17:17,906 - INFO - 📈 已处理688613 奥精医疗 
2025-09-07 15:17:19,864 - INFO - 📈 已处理688615 合合信息 
2025-09-07 15:17:21,825 - INFO - 📈 已处理688616 西力科技 
2025-09-07 15:17:24,240 - INFO - 📈 已处理688617 惠泰医疗 
2025-09-07 15:17:27,002 - INFO - 📈 已处理688618 三旺通信 
2025-09-07 15:17:28,741 - INFO - 📈 已处理688619 罗普特 
2025-09-07 15:17:30,839 - INFO - 📈 已处理688620 安凯微 
2025-09-07 15:17:32,550 - INFO - 📈 已处理688621 阳光诺和 
2025-09-07 15:17:34,424 - INFO - 📈 已处理688622 禾信仪器 
2025-09-07 15:17:34,424 - INFO - 📈 已处理 3300/3653 只股票，成功 3242 只
2025-09-07 15:17:36,063 - INFO - 📈 已处理688623 双元科技 
2025-09-07 15:17:38,673 - INFO - 📈 已处理688625 呈和科技 
2025-09-07 15:17:41,634 - INFO - 📈 已处理688626 翔宇医疗 
2025-09-07 15:17:43,856 - INFO - 📈 已处理688627 精智达 
2025-09-07 15:17:45,519 - INFO - 📈 已处理688628 优利德 
2025-09-07 15:17:47,462 - INFO - 📈 已处理688629 华丰科技 
2025-09-07 15:17:49,281 - INFO - 📈 已处理688630 芯碁微装 
2025-09-07 15:17:51,164 - INFO - 📈 已处理688631 莱斯信息 
2025-09-07 15:17:53,813 - INFO - 📈 已处理688633 星球石墨 
2025-09-07 15:18:00,932 - INFO - 📈 已处理688636 智明达 
2025-09-07 15:18:04,581 - INFO - 📈 已处理688638 誉辰智能 
2025-09-07 15:18:07,596 - INFO - 📈 已处理688639 华恒生物 
2025-09-07 15:18:11,373 - INFO - 📈 已处理688646 ST逸飞 
2025-09-07 15:18:12,992 - INFO - 📈 已处理688648 中邮科技 
2025-09-07 15:18:16,119 - INFO - 📈 已处理688651 盛邦安全 
2025-09-07 15:18:17,973 - INFO - 📈 已处理688652 京仪装备 
2025-09-07 15:18:19,614 - INFO - 📈 已处理688653 康希通信 
2025-09-07 15:18:22,251 - INFO - 📈 已处理688655 迅捷兴 
2025-09-07 15:18:24,493 - INFO - 📈 已处理688656 浩欧博 
2025-09-07 15:18:27,588 - INFO - 📈 已处理688657 浩辰软件 
2025-09-07 15:18:30,465 - INFO - 📈 已处理688658 悦康药业 
2025-09-07 15:18:32,832 - INFO - 📈 已处理688659 元琛科技 
2025-09-07 15:18:37,992 - INFO - 📈 已处理688660 电气风电 
2025-09-07 15:18:48,561 - INFO - 📈 已处理688661 和林微纳 
2025-09-07 15:18:50,674 - INFO - 📈 已处理688662 富信科技 
2025-09-07 15:18:53,611 - INFO - 📈 已处理688663 新风光 
2025-09-07 15:18:56,164 - INFO - 📈 已处理688665 四方光电 
2025-09-07 15:18:58,109 - INFO - 📈 已处理688667 菱电电控 
2025-09-07 15:19:00,792 - INFO - 📈 已处理688668 XD鼎通科 
2025-09-07 15:19:02,646 - INFO - 📈 已处理688669 聚石化学 
2025-09-07 15:19:05,103 - INFO - 📈 已处理688670 金迪克 
2025-09-07 15:19:06,902 - INFO - 📈 已处理688671 碧兴物联 
2025-09-07 15:19:12,171 - INFO - 📈 已处理688676 金盘科技 
2025-09-07 15:19:15,082 - INFO - 📈 已处理688677 海泰新光 
2025-09-07 15:19:17,161 - INFO - 📈 已处理688678 福立旺 
2025-09-07 15:19:19,811 - INFO - 📈 已处理688679 通源环境 
2025-09-07 15:19:21,472 - INFO - 📈 已处理688680 海优新材 
2025-09-07 15:19:23,606 - INFO - 📈 已处理688681 科汇股份 
2025-09-07 15:19:25,502 - INFO - 📈 已处理688682 霍莱沃 
2025-09-07 15:19:27,004 - INFO - 📈 已处理688683 莱尔科技 
2025-09-07 15:19:28,530 - INFO - 📈 已处理688685 迈信林 
2025-09-07 15:19:31,288 - INFO - 📈 已处理688686 奥普特 
2025-09-07 15:19:32,810 - INFO - 📈 已处理688687 凯因科技 
2025-09-07 15:19:34,361 - INFO - 📈 已处理688689 银河微电 
2025-09-07 15:19:35,852 - INFO - 📈 已处理688690 纳微科技 
2025-09-07 15:19:38,109 - INFO - 📈 已处理688691 灿芯股份 
2025-09-07 15:19:39,679 - INFO - 📈 已处理688692 达梦数据 
2025-09-07 15:19:41,167 - INFO - 📈 已处理688693 锴威特 
2025-09-07 15:19:43,835 - INFO - 📈 已处理688695 中创股份 
2025-09-07 15:19:45,297 - INFO - 📈 已处理688696 极米科技 
2025-09-07 15:19:45,297 - INFO - 📈 已处理 3350/3653 只股票，成功 3292 只
2025-09-07 15:19:46,794 - INFO - 📈 已处理688697 纽威数控 
2025-09-07 15:19:48,699 - INFO - 📈 已处理688698 伟创电气 
2025-09-07 15:19:50,183 - INFO - 📈 已处理688699 明微电子 
2025-09-07 15:19:52,205 - INFO - 📈 已处理688700 东威科技 
2025-09-07 15:19:54,025 - INFO - 📈 已处理688701 卓锦股份 
2025-09-07 15:19:55,585 - INFO - 📈 已处理688702 盛科通信 
2025-09-07 15:19:57,083 - INFO - 📈 已处理688707 振华新材 
2025-09-07 15:19:58,970 - INFO - 📈 已处理688708 佳驰科技 
2025-09-07 15:20:02,351 - INFO - 📈 已处理688709 成都华微 
2025-09-07 15:20:04,892 - INFO - 📈 已处理688710 益诺思 
2025-09-07 15:20:07,448 - INFO - 📈 已处理688711 宏微科技 
2025-09-07 15:20:09,002 - INFO - 📈 已处理688716 中研股份 
2025-09-07 15:20:10,599 - INFO - 📈 已处理688717 艾罗能源 
2025-09-07 15:20:12,668 - INFO - 📈 已处理688718 唯赛勃 
2025-09-07 15:20:15,060 - INFO - 📈 已处理688719 爱科赛博 
2025-09-07 15:20:17,281 - INFO - 📈 已处理688720 艾森股份 
2025-09-07 15:20:20,053 - INFO - 📈 已处理688721 龙图光罩 
2025-09-07 15:20:22,205 - INFO - 📈 已处理688722 同益中 
2025-09-07 15:20:24,806 - INFO - 📈 已处理688726 拉普拉斯 
2025-09-07 15:20:27,694 - INFO - 📈 已处理688728 格科微 
2025-09-07 15:20:29,908 - INFO - 📈 已处理688729 屹唐股份 
2025-09-07 15:20:31,911 - INFO - 📈 已处理688733 壹石通 
2025-09-07 15:20:33,574 - INFO - 📈 已处理688737 中自科技 
2025-09-07 15:20:35,856 - INFO - 📈 已处理688739 成大生物 
2025-09-07 15:20:41,398 - INFO - 📈 已处理688750 金天钛业 
2025-09-07 15:20:43,137 - INFO - 📈 已处理688755 汉邦科技 
2025-09-07 15:20:46,151 - INFO - 📈 已处理688757 胜科纳米 
2025-09-07 15:20:47,936 - INFO - 📈 已处理688758 赛分科技 
2025-09-07 15:20:49,836 - INFO - 📈 已处理688766 普冉股份 
2025-09-07 15:20:52,478 - INFO - 📈 已处理688767 博拓生物 
2025-09-07 15:20:55,808 - INFO - 📈 已处理688768 容知日新 
2025-09-07 15:20:57,681 - INFO - 📈 已处理688772 珠海冠宇 
2025-09-07 15:20:59,682 - INFO - 📈 已处理688775 影石创新 
2025-09-07 15:21:01,436 - INFO - 📈 已处理688776 国光电气 
2025-09-07 15:21:04,051 - INFO - 📈 已处理688777 中控技术 
2025-09-07 15:21:06,897 - INFO - 📈 已处理688778 厦钨新能 
2025-09-07 15:21:09,650 - INFO - 📈 已处理688779 五矿新能 
2025-09-07 15:21:12,716 - INFO - 📈 已处理688786 悦安新材 
2025-09-07 15:21:14,364 - INFO - 📈 已处理688787 海天瑞声 
2025-09-07 15:21:18,567 - INFO - 📈 已处理688788 科思科技 
2025-09-07 15:21:22,211 - INFO - 📈 已处理688789 宏华数科 
2025-09-07 15:21:24,667 - INFO - 📈 已处理688793 倍轻松 
2025-09-07 15:21:26,755 - INFO - 📈 已处理688798 艾为电子 
2025-09-07 15:21:30,388 - INFO - 📈 已处理688799 华纳药厂 
2025-09-07 15:21:33,593 - INFO - 📈 已处理688800 瑞可达 
2025-09-07 15:21:35,310 - INFO - 📈 已处理688819 天能股份 
2025-09-07 15:21:41,183 - INFO - 📈 已处理689009 九号公司-WD 
2025-09-07 15:21:42,893 - INFO - 📈 已处理830779 武汉蓝电 
2025-09-07 15:21:45,054 - INFO - 📈 已处理830809 安达科技 
2025-09-07 15:21:45,055 - INFO - 📈 已处理 3400/3653 只股票，成功 3341 只
2025-09-07 15:21:49,174 - INFO - 📈 已处理830832 齐鲁华信 
2025-09-07 15:21:50,954 - INFO - 📈 已处理830839 万通液压 
2025-09-07 15:21:52,665 - INFO - 📈 已处理830879 基康技术 
2025-09-07 15:21:54,829 - INFO - 📈 已处理830896 旺成科技 
2025-09-07 15:21:56,942 - INFO - 📈 已处理830946 森萱医药 
2025-09-07 15:22:00,150 - INFO - 📈 已处理830964 润农节水 
2025-09-07 15:22:01,959 - INFO - 📈 已处理830974 凯大催化 
2025-09-07 15:22:04,036 - INFO - 📈 已处理831010 凯添燃气 
2025-09-07 15:22:06,873 - INFO - 📈 已处理831039 国义招标 
2025-09-07 15:22:09,980 - INFO - 📈 已处理831152 昆工科技 
2025-09-07 15:22:12,655 - INFO - 📈 已处理831167 鑫汇科 
2025-09-07 15:22:14,410 - INFO - 📈 已处理831175 派诺科技 
2025-09-07 15:22:18,387 - INFO - 📈 已处理831195 三祥科技 
2025-09-07 15:22:20,245 - INFO - 📈 已处理831278 泰德股份 
2025-09-07 15:22:23,383 - INFO - 📈 已处理831304 迪尔化工 
2025-09-07 15:22:25,036 - INFO - 📈 已处理831305 海希通讯 
2025-09-07 15:22:27,189 - INFO - 📈 已处理831370 新安洁 
2025-09-07 15:22:31,165 - INFO - 📈 已处理831396 许昌智能 
2025-09-07 15:22:32,800 - INFO - 📈 已处理831526 凯华材料 
2025-09-07 15:22:35,553 - INFO - 📈 已处理831627 力王股份 
2025-09-07 15:22:38,697 - INFO - 📈 已处理831641 格利尔 
2025-09-07 15:22:41,427 - INFO - 📈 已处理831689 克莱特 
2025-09-07 15:22:43,151 - INFO - 📈 已处理831726 朱老六 
2025-09-07 15:22:45,120 - INFO - 📈 已处理831768 拾比佰 
2025-09-07 15:22:46,965 - INFO - 📈 已处理831832 科达自控 
2025-09-07 15:22:49,766 - INFO - 📈 已处理831834 三维装备 
2025-09-07 15:22:51,525 - INFO - 📈 已处理831855 浙江大农 
2025-09-07 15:22:53,254 - INFO - 📈 已处理831856 浩淼科技 
2025-09-07 15:22:57,589 - INFO - 📈 已处理831906 舜宇精工 
2025-09-07 15:23:00,509 - INFO - 📈 已处理831961 创远信科 
2025-09-07 15:23:02,703 - INFO - 📈 已处理832000 安徽凤凰 
2025-09-07 15:23:04,962 - INFO - 📈 已处理832023 田野股份 
2025-09-07 15:23:07,614 - INFO - 📈 已处理832089 禾昌聚合 
2025-09-07 15:23:18,848 - INFO - 📈 已处理832110 雷特科技 
2025-09-07 15:23:20,957 - INFO - 📈 已处理832145 恒合股份 
2025-09-07 15:23:22,932 - INFO - 📈 已处理832149 利尔达 
2025-09-07 15:23:24,905 - INFO - 📈 已处理832171 志晟信息 
2025-09-07 15:23:28,826 - INFO - 📈 已处理832225 利通科技 
2025-09-07 15:23:30,487 - INFO - 📈 已处理832278 鹿得医疗 
2025-09-07 15:23:32,594 - INFO - 📈 已处理832469 富恒新材 
2025-09-07 15:23:34,982 - INFO - 📈 已处理832471 美邦科技 
2025-09-07 15:23:37,108 - INFO - 📈 已处理832491 奥迪威 
2025-09-07 15:23:38,686 - INFO - 📈 已处理832522 纳科诺尔 
2025-09-07 15:23:40,364 - INFO - 📈 已处理832566 梓橦宫 
2025-09-07 15:23:42,258 - INFO - 📈 已处理832651 天罡股份 
2025-09-07 15:23:43,977 - INFO - 📈 已处理832662 方盛股份 
2025-09-07 15:23:45,551 - INFO - 📈 已处理832735 德源药业 
2025-09-07 15:23:47,148 - INFO - 📈 已处理832786 骑士乳业 
2025-09-07 15:23:48,727 - INFO - 📈 已处理832802 保丽洁 
2025-09-07 15:23:51,268 - INFO - 📈 已处理832876 慧为智能 
2025-09-07 15:23:51,268 - INFO - 📈 已处理 3450/3653 只股票，成功 3391 只
2025-09-07 15:23:52,887 - INFO - 📈 已处理832885 星辰科技 
2025-09-07 15:23:54,932 - INFO - 📈 已处理832978 开特股份 
2025-09-07 15:23:56,557 - INFO - 📈 已处理832982 锦波生物 
2025-09-07 15:23:58,237 - INFO - 📈 已处理833030 立方控股 
2025-09-07 15:23:59,922 - INFO - 📈 已处理833075 柏星龙 
2025-09-07 15:24:01,474 - INFO - 📈 已处理833171 国航远洋 
2025-09-07 15:24:03,389 - INFO - 📈 已处理833230 欧康医药 
2025-09-07 15:24:04,957 - INFO - 📈 已处理833266 生物谷 
2025-09-07 15:24:06,711 - INFO - 📈 已处理833284 灵鸽科技 
2025-09-07 15:24:08,320 - INFO - 📈 已处理833346 威贸电子 
2025-09-07 15:24:11,003 - INFO - 📈 已处理833394 民士达 
2025-09-07 15:24:13,872 - INFO - 📈 已处理833427 华维设计 
2025-09-07 15:24:16,993 - INFO - 📈 已处理833429 康比特 
2025-09-07 15:24:18,668 - INFO - 📈 已处理833454 同心传动 
2025-09-07 15:24:21,191 - INFO - 📈 已处理833455 汇隆活塞 
2025-09-07 15:24:24,060 - INFO - 📈 已处理833509 同惠电子 
2025-09-07 15:24:25,743 - INFO - 📈 已处理833523 德瑞锂电 
2025-09-07 15:24:27,275 - INFO - 📈 已处理833533 骏创科技 
2025-09-07 15:24:29,315 - INFO - 📈 已处理833575 康乐卫士 
2025-09-07 15:24:32,464 - INFO - 📈 已处理833580 科创新材 
2025-09-07 15:24:35,464 - INFO - 📈 已处理833751 惠同新材 
2025-09-07 15:24:37,115 - INFO - 📈 已处理833781 瑞奇智造 
2025-09-07 15:24:39,635 - INFO - 📈 已处理833873 中设咨询 
2025-09-07 15:24:41,424 - INFO - 📈 已处理833943 优机股份 
2025-09-07 15:24:45,072 - INFO - 📈 已处理834014 特瑞斯 
2025-09-07 15:24:46,574 - INFO - 📈 已处理834021 流金科技 
2025-09-07 15:24:49,169 - INFO - 📈 已处理834033 康普化学 
2025-09-07 15:24:51,455 - INFO - 📈 已处理834058 华洋赛车 
2025-09-07 15:24:54,119 - INFO - 📈 已处理834062 科润智控 
2025-09-07 15:24:55,780 - INFO - 📈 已处理834261 一诺威 
2025-09-07 15:24:58,901 - INFO - 📈 已处理834407 驰诚股份 
2025-09-07 15:25:00,763 - INFO - 📈 已处理834415 恒拓开源 
2025-09-07 15:25:02,415 - INFO - 📈 已处理834475 三友科技 
2025-09-07 15:25:04,740 - INFO - 📈 已处理834599 同力股份 
2025-09-07 15:25:06,616 - INFO - 📈 已处理834639 晨光电缆 
2025-09-07 15:25:08,585 - INFO - 📈 已处理834765 美之高 
2025-09-07 15:25:10,522 - INFO - 📈 已处理834770 艾能聚 
2025-09-07 15:25:13,599 - INFO - 📈 已处理834950 迅安科技 
2025-09-07 15:25:15,102 - INFO - 📈 已处理835174 五新隧装 
2025-09-07 15:25:17,508 - INFO - 📈 已处理835179 凯德石英 
2025-09-07 15:25:19,127 - INFO - 📈 已处理835184 国源科技 
2025-09-07 15:25:21,786 - INFO - 📈 已处理835185 贝特瑞 
2025-09-07 15:25:24,036 - INFO - 📈 已处理835207 众诚科技 
2025-09-07 15:25:26,052 - INFO - 📈 已处理835237 力佳科技 
2025-09-07 15:25:29,088 - INFO - 📈 已处理835305 *ST云创 
2025-09-07 15:25:31,225 - INFO - 📈 已处理835368 连城数控 
2025-09-07 15:25:32,752 - INFO - 📈 已处理835438 戈碧迦 
2025-09-07 15:25:34,374 - INFO - 📈 已处理835508 殷图网联 
2025-09-07 15:25:36,607 - INFO - 📈 已处理835579 机科股份 
2025-09-07 15:25:39,035 - INFO - 📈 已处理835640 富士达 
2025-09-07 15:25:39,035 - INFO - 📈 已处理 3500/3653 只股票，成功 3441 只
2025-09-07 15:25:41,560 - INFO - 📈 已处理835670 数字人 
2025-09-07 15:25:43,157 - INFO - 📈 已处理835857 百甲科技 
2025-09-07 15:25:45,779 - INFO - 📈 已处理835892 中科美菱 
2025-09-07 15:25:47,713 - INFO - 📈 已处理835985 海泰新能 
2025-09-07 15:25:49,593 - INFO - 📈 已处理836077 吉林碳谷 
2025-09-07 15:25:51,502 - INFO - 📈 已处理836149 旭杰科技 
2025-09-07 15:25:52,999 - INFO - 📈 已处理836208 青矩技术 
2025-09-07 15:25:55,952 - INFO - 📈 已处理836221 易实精密 
2025-09-07 15:25:57,939 - INFO - 📈 已处理836239 长虹能源 
2025-09-07 15:25:59,608 - INFO - 📈 已处理836247 华密新材 
2025-09-07 15:26:02,476 - INFO - 📈 已处理836260 中寰股份 
2025-09-07 15:26:04,273 - INFO - 📈 已处理836263 中航泰达 
2025-09-07 15:26:07,051 - INFO - 📈 已处理836270 天铭科技 
2025-09-07 15:26:09,059 - INFO - 📈 已处理836395 朗鸿科技 
2025-09-07 15:26:11,302 - INFO - 📈 已处理836414 欧普泰 
2025-09-07 15:26:12,808 - INFO - 📈 已处理836419 万德股份 
2025-09-07 15:26:16,303 - INFO - 📈 已处理836422 润普食品 
2025-09-07 15:26:18,891 - INFO - 📈 已处理836433 大唐药业 
2025-09-07 15:26:20,959 - INFO - 📈 已处理836504 博迅生物 
2025-09-07 15:26:23,211 - INFO - 📈 已处理836547 无锡晶海 
2025-09-07 15:26:25,120 - INFO - 📈 已处理836675 秉扬科技 
2025-09-07 15:26:27,763 - INFO - 📈 已处理836699 海达尔 
2025-09-07 15:26:30,056 - INFO - 📈 已处理836717 瑞星股份 
2025-09-07 15:26:31,996 - INFO - 📈 已处理836720 吉冈精密 
2025-09-07 15:26:34,908 - INFO - 📈 已处理836807 奔朗新材 
2025-09-07 15:26:36,536 - INFO - 📈 已处理836826 盖世食品 
2025-09-07 15:26:38,223 - INFO - 📈 已处理836871 派特尔 
2025-09-07 15:26:40,937 - INFO - 📈 已处理836892 广咨国际 
2025-09-07 15:26:44,991 - INFO - 📈 已处理836942 恒立钻具 
2025-09-07 15:26:46,731 - INFO - 📈 已处理836957 汉维科技 
2025-09-07 15:26:48,853 - INFO - 📈 已处理836961 西磁科技 
2025-09-07 15:26:51,254 - INFO - 📈 已处理837006 晟楠科技 
2025-09-07 15:26:53,500 - INFO - 📈 已处理837023 芭薇股份 
2025-09-07 15:26:55,724 - INFO - 📈 已处理837046 亿能电力 
2025-09-07 15:26:58,984 - INFO - 📈 已处理837092 汉鑫科技 
2025-09-07 15:27:01,270 - INFO - 📈 已处理837174 宏裕包材 
2025-09-07 15:27:03,335 - INFO - 📈 已处理837212 智新电子 
2025-09-07 15:27:06,137 - INFO - 📈 已处理837242 建邦科技 
2025-09-07 15:27:07,856 - INFO - 📈 已处理837344 三元基因 
2025-09-07 15:27:10,384 - INFO - 📈 已处理837403 康农种业 
2025-09-07 15:27:12,078 - INFO - 📈 已处理837592 华信永道 
2025-09-07 15:27:14,703 - INFO - 📈 已处理837663 明阳科技 
2025-09-07 15:27:17,613 - INFO - 📈 已处理837748 路桥信息 
2025-09-07 15:27:19,227 - INFO - 📈 已处理837821 则成电子 
2025-09-07 15:27:22,181 - INFO - 📈 已处理838030 德众汽车 
2025-09-07 15:27:24,373 - INFO - 📈 已处理838163 方大新材 
2025-09-07 15:27:28,266 - INFO - 📈 已处理838171 邦德股份 
2025-09-07 15:27:30,485 - INFO - 📈 已处理838227 美登科技 
2025-09-07 15:27:33,769 - INFO - 📈 已处理838262 太湖雪 
2025-09-07 15:27:36,774 - INFO - 📈 已处理838275 驱动力 
2025-09-07 15:27:36,774 - INFO - 📈 已处理 3550/3653 只股票，成功 3491 只
2025-09-07 15:27:40,780 - INFO - 📈 已处理838402 硅烷科技 
2025-09-07 15:27:42,393 - INFO - 📈 已处理838670 恒进感应 
2025-09-07 15:27:44,509 - INFO - 📈 已处理838701 豪声电子 
2025-09-07 15:27:46,166 - INFO - 📈 已处理838810 春光智能 
2025-09-07 15:27:48,137 - INFO - 📈 已处理838837 华原股份 
2025-09-07 15:27:50,832 - INFO - 📈 已处理838924 广脉科技 
2025-09-07 15:27:55,987 - INFO - 📈 已处理838971 天马新材 
2025-09-07 15:27:58,204 - INFO - 📈 已处理839273 一致魔芋 
2025-09-07 15:28:00,751 - INFO - 📈 已处理839371 欧福蛋业 
2025-09-07 15:28:03,567 - INFO - 📈 已处理839493 并行科技 
2025-09-07 15:28:09,410 - INFO - 📈 已处理839719 宁新新材 
2025-09-07 15:28:12,037 - INFO - 📈 已处理839725 惠丰钻石 
2025-09-07 15:28:15,151 - INFO - 📈 已处理839729 永顺生物 
2025-09-07 15:28:17,872 - INFO - 📈 已处理839790 联迪信息 
2025-09-07 15:28:19,938 - INFO - 📈 已处理839792 东和新材 
2025-09-07 15:28:22,517 - INFO - 📈 已处理839946 华阳变速 
2025-09-07 15:28:25,094 - INFO - 📈 已处理870199 倍益康 
2025-09-07 15:28:26,679 - INFO - 📈 已处理870204 沪江材料 
2025-09-07 15:28:31,688 - INFO - 📈 已处理870299 灿能电力 
2025-09-07 15:28:33,432 - INFO - 📈 已处理870357 雅葆轩 
2025-09-07 15:28:35,585 - INFO - 📈 已处理870436 大地电气 
2025-09-07 15:28:38,277 - INFO - 📈 已处理870508 丰安股份 
2025-09-07 15:28:39,968 - INFO - 📈 已处理870656 海昇药业 
2025-09-07 15:28:41,552 - INFO - 📈 已处理870726 鸿智科技 
2025-09-07 15:28:43,517 - INFO - 📈 已处理870866 绿亨科技 
2025-09-07 15:28:46,957 - INFO - 📈 已处理870976 视声智能 
2025-09-07 15:28:48,490 - INFO - 📈 已处理871245 威博液压 
2025-09-07 15:28:50,138 - INFO - 📈 已处理871263 莱赛激光 
2025-09-07 15:28:52,439 - INFO - 📈 已处理871396 常辅股份 
2025-09-07 15:28:54,498 - INFO - 📈 已处理871478 巨能股份 
2025-09-07 15:28:57,241 - INFO - 📈 已处理871553 凯腾精工 
2025-09-07 15:28:58,821 - INFO - 📈 已处理871634 新威凌 
2025-09-07 15:29:00,587 - INFO - 📈 已处理871642 通易航天 
2025-09-07 15:29:02,168 - INFO - 📈 已处理871694 中裕科技 
2025-09-07 15:29:04,759 - INFO - 📈 已处理871753 天纺标 
2025-09-07 15:29:06,313 - INFO - 📈 已处理871857 泓禧科技 
2025-09-07 15:29:09,684 - INFO - 📈 已处理871970 大禹生物 
2025-09-07 15:29:12,237 - INFO - 📈 已处理871981 晶赛科技 
2025-09-07 15:29:13,926 - INFO - 📈 已处理872190 雷神科技 
2025-09-07 15:29:15,720 - INFO - 📈 已处理872351 华光源海 
2025-09-07 15:29:17,681 - INFO - 📈 已处理872374 云里物里 
2025-09-07 15:29:19,851 - INFO - 📈 已处理872392 佳合科技 
2025-09-07 15:29:22,955 - INFO - 📈 已处理872541 铁大科技 
2025-09-07 15:29:25,967 - INFO - 📈 已处理872808 曙光数创 
2025-09-07 15:29:29,329 - INFO - 📈 已处理872895 花溪科技 
2025-09-07 15:29:30,922 - INFO - 📈 已处理872925 锦好医疗 
2025-09-07 15:29:32,503 - INFO - 📈 已处理872931 无锡鼎邦 
2025-09-07 15:29:35,794 - INFO - 📈 已处理872953 国子软件 
2025-09-07 15:29:38,537 - INFO - 📈 已处理873001 纬达光电 
2025-09-07 15:29:38,537 - INFO - 📈 已处理 3600/3653 只股票，成功 3540 只
2025-09-07 15:29:40,153 - INFO - 📈 已处理873122 中纺标 
2025-09-07 15:29:46,551 - INFO - 📈 已处理873132 泰鹏智能 
2025-09-07 15:29:49,034 - INFO - 📈 已处理873152 天宏锂电 
2025-09-07 15:29:50,824 - INFO - 📈 已处理873167 新赣江 
2025-09-07 15:29:53,438 - INFO - 📈 已处理873169 七丰精工 
2025-09-07 15:29:56,887 - INFO - 📈 已处理873223 荣亿精密 
2025-09-07 15:29:58,802 - INFO - 📈 已处理873305 九菱科技 
2025-09-07 15:30:00,798 - INFO - 📈 已处理873339 恒太照明 
2025-09-07 15:30:02,844 - INFO - 📈 已处理873527 夜光明 
2025-09-07 15:30:04,672 - INFO - 📈 已处理873570 坤博精工 
2025-09-07 15:30:07,744 - INFO - 📈 已处理873576 天力复合 
2025-09-07 15:30:13,773 - WARNING - ⚠️ 873593 鼎智科技 K线更新失败: ('Connection aborted.', ConnectionResetError(10054, '远程主机强迫关闭了一个现有的连接。', None, 10054, None))
2025-09-07 15:30:15,399 - INFO - 📈 已处理873665 科强股份 
2025-09-07 15:30:18,469 - INFO - 📈 已处理873679 前进科技 
2025-09-07 15:30:20,868 - INFO - 📈 已处理873690 捷众科技 
2025-09-07 15:30:22,521 - INFO - 📈 已处理873693 阿为特 
2025-09-07 15:30:24,548 - INFO - 📈 已处理873703 广厦环能 
2025-09-07 15:30:26,421 - INFO - 📈 已处理873706 铁拓机械 
2025-09-07 15:30:28,323 - INFO - 📈 已处理873726 卓兆点胶 
2025-09-07 15:30:30,177 - INFO - 📈 已处理873806 云星宇 
2025-09-07 15:30:33,305 - INFO - 📈 已处理873833 美心翼申 
2025-09-07 15:30:37,447 - INFO - 📈 已处理920002 万达轴承 
2025-09-07 15:30:42,394 - INFO - 📈 已处理920005 鼎佳精密 
2025-09-07 15:30:45,482 - INFO - 📈 已处理920007 酉立智能 
2025-09-07 15:30:47,455 - INFO - 📈 已处理920008 成电光信 
2025-09-07 15:30:50,695 - INFO - 📈 已处理920016 中草香料 
2025-09-07 15:30:53,943 - INFO - 📈 已处理920018 宏远股份 
2025-09-07 15:30:55,759 - INFO - 📈 已处理920019 铜冠矿建 
2025-09-07 15:30:58,315 - INFO - 📈 已处理920027 交大铁发 
2025-09-07 15:31:00,075 - INFO - 📈 已处理920029 开发科技 
2025-09-07 15:31:02,506 - INFO - 📈 已处理920037 广信科技 
2025-09-07 15:31:04,206 - INFO - 📈 已处理920056 能之光 
2025-09-07 15:31:06,435 - INFO - 📈 已处理920060 万源通 
2025-09-07 15:31:08,154 - INFO - 📈 已处理920066 科拜尔 
2025-09-07 15:31:10,421 - INFO - 📈 已处理920068 天工股份 
2025-09-07 15:31:12,645 - INFO - 📈 已处理920082 方正阀门 
2025-09-07 15:31:14,792 - INFO - 📈 已处理920088 科力股份 
2025-09-07 15:31:17,729 - INFO - 📈 已处理920098 科隆新材 
2025-09-07 15:31:20,591 - INFO - 📈 已处理920099 瑞华技术 
2025-09-07 15:31:22,395 - INFO - 📈 已处理920101 志高机械 
2025-09-07 15:31:25,411 - INFO - 📈 已处理920106 林泰新材 
2025-09-07 15:31:27,198 - INFO - 📈 已处理920108 宏海科技 
2025-09-07 15:31:28,847 - INFO - 📈 已处理920111 聚星科技 
2025-09-07 15:31:30,979 - INFO - 📈 已处理920112 巴兰仕 
2025-09-07 15:31:32,641 - INFO - 📈 已处理920116 星图测控 
2025-09-07 15:31:34,329 - INFO - 📈 已处理920118 太湖远大 
2025-09-07 15:31:36,025 - INFO - 📈 已处理920128 胜业电气 
2025-09-07 15:31:38,426 - INFO - 📈 已处理920167 同享科技 
2025-09-07 15:31:41,922 - INFO - 📈 已处理920445 龙竹科技 
2025-09-07 15:31:43,880 - INFO - 📈 已处理920489 佳先股份 
2025-09-07 15:31:43,880 - INFO - 📈 已处理 3650/3653 只股票，成功 3589 只
2025-09-07 15:31:45,612 - INFO - 📈 已处理920682 球冠电缆 
2025-09-07 15:31:47,739 - INFO - 📈 已处理920799 艾融软件 
2025-09-07 15:31:50,545 - INFO - 📈 已处理920819 颖泰生物 
2025-09-07 15:31:50,546 - INFO - ✅ 本周K线更新完成: 3592 条记录
2025-09-07 15:31:50,547 - INFO - ============================================================
2025-09-07 15:31:50,547 - INFO - 📊 本周数据更新统计
2025-09-07 15:31:50,547 - INFO - ============================================================
2025-09-07 15:31:50,548 - INFO - ⏱️  更新耗时: 2:59:24.015247
2025-09-07 15:31:50,548 - INFO - 📈 实时行情: 0 条
2025-09-07 15:31:50,548 - INFO - 📊 本周K线: 3,592 条
2025-09-07 15:31:50,548 - INFO - 📅 交易日历: 0 条
2025-09-07 15:31:50,548 - INFO - ✅ 无错误
2025-09-07 15:31:50,548 - INFO - ============================================================
2025-09-07 15:31:50,553 - INFO - 🎉 本周数据更新完成！
2025-09-07 15:31:50,554 - INFO - 数据库连接已关闭
2025-09-07 15:31:50,554 - INFO - ✅ 每周数据更新成功完成
2025-09-07 15:37:29,904 - INFO - 🌟 每周数据更新程序启动
2025-09-07 15:37:29,905 - INFO - 🚀 开始每周数据更新...
2025-09-07 15:37:29,906 - INFO - ============================================================
2025-09-07 15:37:29,911 - INFO - ✅ 成功连接到MySQL数据库
2025-09-07 15:37:29,911 - INFO - 📊 开始更新近7个自然日K线数据）...
2025-09-07 15:37:32,052 - INFO - 📊 准备更新 63 只股票的近7个自然日K线数据
2025-09-07 15:37:34,422 - INFO - 📈 已处理000711 *ST京蓝 
2025-09-07 15:37:37,670 - INFO - 📈 已处理300321 同大股份 
2025-09-07 15:37:40,343 - INFO - 📈 已处理300514 友讯达 
2025-09-07 15:37:42,559 - INFO - 📈 已处理300529 健帆生物 
2025-09-07 15:37:45,446 - INFO - 📈 已处理300535 达威股份 
2025-09-07 15:37:47,595 - INFO - 📈 已处理300601 康泰生物 
2025-09-07 15:37:59,157 - INFO - 📈 已处理300628 亿联网络 
2025-09-07 15:38:09,274 - INFO - 📈 已处理300649 杭州园林 
2025-09-07 15:38:10,760 - INFO - 📈 已处理300669 沪宁股份 
2025-09-07 15:38:15,460 - INFO - 📈 已处理300726 宏达电子 
2025-09-07 15:38:18,240 - INFO - 📈 已处理300745 欣锐科技 
2025-09-07 15:38:20,196 - INFO - 📈 已处理300773 拉卡拉 
2025-09-07 15:38:21,750 - INFO - 📈 已处理300852 四会富仕 
2025-09-07 15:38:23,608 - INFO - 📈 已处理300856 科思股份 
2025-09-07 15:38:25,867 - INFO - 📈 已处理300857 协创数据 
2025-09-07 15:38:27,420 - INFO - 📈 已处理300973 立高食品 
2025-09-07 15:38:31,318 - INFO - 📈 已处理300995 奇德新材 
2025-09-07 15:38:32,826 - INFO - 📈 已处理301041 金百泽 
2025-09-07 15:38:39,997 - INFO - 📈 已处理301170 锡南科技 
2025-09-07 15:38:43,278 - INFO - 📈 已处理301205 联特科技 
2025-09-07 15:38:45,974 - INFO - 📈 已处理301528 多浦乐 
2025-09-07 15:38:47,592 - INFO - 📈 已处理301606 绿联科技 
2025-09-07 15:38:50,955 - INFO - 📈 已处理600006 东风股份 
2025-09-07 15:38:52,765 - INFO - 📈 已处理600130 *ST波导 
2025-09-07 15:38:54,895 - INFO - 📈 已处理600217 中再资环 
2025-09-07 15:38:58,836 - INFO - 📈 已处理600569 安阳钢铁 
2025-09-07 15:39:00,820 - INFO - 📈 已处理600689 上海三毛 
2025-09-07 15:39:02,628 - INFO - 📈 已处理600801 华新水泥 
2025-09-07 15:39:05,751 - INFO - 📈 已处理600966 博汇纸业 
2025-09-07 15:39:07,811 - INFO - 📈 已处理601020 华钰矿业 
2025-09-07 15:39:10,016 - INFO - 📈 已处理601330 绿色动力 
2025-09-07 15:39:16,033 - WARNING - ⚠️ 603222 济民健康 K线更新失败: ('Connection aborted.', ConnectionResetError(10054, '远程主机强迫关闭了一个现有的连接。', None, 10054, None))
2025-09-07 15:39:18,509 - INFO - 📈 已处理603333 尚纬股份 
2025-09-07 15:39:22,583 - INFO - 📈 已处理603568 伟明环保 
2025-09-07 15:39:26,234 - INFO - 📈 已处理603598 引力传媒 
2025-09-07 15:39:28,427 - INFO - 📈 已处理603608 天创时尚 
2025-09-07 15:39:31,196 - INFO - 📈 已处理603639 海利尔 
2025-09-07 15:39:33,706 - INFO - 📈 已处理603978 深圳新星 
2025-09-07 15:39:36,617 - INFO - 📈 已处理605050 福然德 
2025-09-07 15:39:38,230 - INFO - 📈 已处理605098 行动教育 
2025-09-07 15:39:39,804 - INFO - 📈 已处理605255 天普股份 
2025-09-07 15:39:41,552 - INFO - 📈 已处理605299 舒华体育 
2025-09-07 15:39:43,321 - INFO - 📈 已处理605300 佳禾食品 
2025-09-07 15:39:45,900 - INFO - 📈 已处理605366 宏柏新材 
2025-09-07 15:39:49,446 - INFO - 📈 已处理688097 博众精工 
2025-09-07 15:39:52,055 - INFO - 📈 已处理688098 申联生物 
2025-09-07 15:39:54,262 - INFO - 📈 已处理688099 晶晨股份 
2025-09-07 15:39:56,103 - INFO - 📈 已处理688100 威胜信息 
2025-09-07 15:39:56,104 - INFO - 📈 已处理 50/63 只股票，成功 47 只
2025-09-07 15:39:58,766 - INFO - 📈 已处理688147 微导纳米 
2025-09-07 15:40:01,302 - INFO - 📈 已处理688211 中科微至 
2025-09-07 15:40:03,884 - INFO - 📈 已处理688276 百克生物 
2025-09-07 15:40:05,876 - INFO - 📈 已处理688285 高铁电气 
2025-09-07 15:40:07,853 - INFO - 📈 已处理688439 振华风光 
2025-09-07 15:40:12,403 - INFO - 📈 已处理688506 百利天恒 
2025-09-07 15:40:17,430 - INFO - 📈 已处理688552 航天南湖 
2025-09-07 15:40:21,757 - INFO - 📈 已处理688598 金博股份 
2025-09-07 15:40:31,464 - INFO - 📈 已处理873593 鼎智科技 
2025-09-07 15:40:31,465 - INFO - ✅ 本周K线更新完成: 56 条记录
2025-09-07 15:40:31,465 - INFO - ============================================================
2025-09-07 15:40:31,465 - INFO - 📊 本周数据更新统计
2025-09-07 15:40:31,465 - INFO - ============================================================
2025-09-07 15:40:31,465 - INFO - ⏱️  更新耗时: 0:03:01.559996
2025-09-07 15:40:31,465 - INFO - 📈 实时行情: 0 条
2025-09-07 15:40:31,465 - INFO - 📊 本周K线: 56 条
2025-09-07 15:40:31,465 - INFO - 📅 交易日历: 0 条
2025-09-07 15:40:31,465 - INFO - ✅ 无错误
2025-09-07 15:40:31,466 - INFO - ============================================================
2025-09-07 15:40:31,472 - INFO - 🎉 本周数据更新完成！
2025-09-07 15:40:31,473 - INFO - 数据库连接已关闭
2025-09-07 15:40:31,473 - INFO - ✅ 每周数据更新成功完成
2025-09-07 15:49:14,783 - INFO - 🌟 每周数据更新程序启动
2025-09-07 15:49:14,784 - INFO - 🚀 开始每周数据更新...
2025-09-07 15:49:14,784 - INFO - ============================================================
2025-09-07 15:49:14,797 - INFO - ✅ 成功连接到MySQL数据库
2025-09-07 15:49:14,797 - INFO - 📊 开始更新近7个自然日现货期货价格数据）...
2025-09-07 15:49:14,798 - INFO - 📊 准备更新2025-01-02 00:00:00日现货期货价格数据
2025-09-07 15:49:15,694 - INFO - 📈 已处理2025-01-02 00:00:00日现货期货价格数据
2025-09-07 15:49:15,694 - INFO - 📊 准备更新2025-01-03 00:00:00日现货期货价格数据
2025-09-07 15:49:16,715 - INFO - 📈 已处理2025-01-03 00:00:00日现货期货价格数据
2025-09-07 15:49:16,715 - INFO - 📊 准备更新2025-01-04 00:00:00日现货期货价格数据
2025-09-07 15:49:16,715 - INFO - 📊 准备更新2025-01-05 00:00:00日现货期货价格数据
2025-09-07 15:49:16,715 - INFO - 📊 准备更新2025-01-06 00:00:00日现货期货价格数据
2025-09-07 15:49:19,413 - INFO - 📈 已处理2025-01-06 00:00:00日现货期货价格数据
2025-09-07 15:49:19,413 - INFO - 📊 准备更新2025-01-07 00:00:00日现货期货价格数据
2025-09-07 15:49:20,062 - INFO - 📈 已处理2025-01-07 00:00:00日现货期货价格数据
2025-09-07 15:49:20,063 - INFO - 📊 准备更新2025-01-08 00:00:00日现货期货价格数据
2025-09-07 15:49:21,588 - INFO - 📈 已处理2025-01-08 00:00:00日现货期货价格数据
2025-09-07 15:49:21,588 - INFO - 📊 准备更新2025-01-09 00:00:00日现货期货价格数据
2025-09-07 15:49:22,231 - INFO - 📈 已处理2025-01-09 00:00:00日现货期货价格数据
2025-09-07 15:49:22,231 - INFO - 📊 准备更新2025-01-10 00:00:00日现货期货价格数据
2025-09-07 15:49:22,939 - INFO - 📈 已处理2025-01-10 00:00:00日现货期货价格数据
2025-09-07 15:49:22,940 - INFO - 📊 准备更新2025-01-11 00:00:00日现货期货价格数据
2025-09-07 15:49:22,940 - INFO - 📊 准备更新2025-01-12 00:00:00日现货期货价格数据
2025-09-07 15:49:22,941 - INFO - 📊 准备更新2025-01-13 00:00:00日现货期货价格数据
2025-09-07 15:49:23,578 - INFO - 📈 已处理2025-01-13 00:00:00日现货期货价格数据
2025-09-07 15:49:23,578 - INFO - 📊 准备更新2025-01-14 00:00:00日现货期货价格数据
2025-09-07 15:49:24,612 - INFO - 📈 已处理2025-01-14 00:00:00日现货期货价格数据
2025-09-07 15:49:24,612 - INFO - 📊 准备更新2025-01-15 00:00:00日现货期货价格数据
2025-09-07 15:49:25,694 - INFO - 📈 已处理2025-01-15 00:00:00日现货期货价格数据
2025-09-07 15:49:25,694 - INFO - 📊 准备更新2025-01-16 00:00:00日现货期货价格数据
2025-09-07 15:49:26,296 - INFO - 📈 已处理2025-01-16 00:00:00日现货期货价格数据
2025-09-07 15:49:26,296 - INFO - 📊 准备更新2025-01-17 00:00:00日现货期货价格数据
2025-09-07 15:49:27,010 - INFO - 📈 已处理2025-01-17 00:00:00日现货期货价格数据
2025-09-07 15:49:27,011 - INFO - 📊 准备更新2025-01-18 00:00:00日现货期货价格数据
2025-09-07 15:49:27,011 - INFO - 📊 准备更新2025-01-19 00:00:00日现货期货价格数据
2025-09-07 15:49:27,012 - INFO - 📊 准备更新2025-01-20 00:00:00日现货期货价格数据
2025-09-07 15:49:27,568 - INFO - 📈 已处理2025-01-20 00:00:00日现货期货价格数据
2025-09-07 15:49:27,568 - INFO - 📊 准备更新2025-01-21 00:00:00日现货期货价格数据
2025-09-07 15:49:28,695 - INFO - 📈 已处理2025-01-21 00:00:00日现货期货价格数据
2025-09-07 15:49:28,695 - INFO - 📊 准备更新2025-01-22 00:00:00日现货期货价格数据
2025-09-07 15:49:29,762 - INFO - 📈 已处理2025-01-22 00:00:00日现货期货价格数据
2025-09-07 15:49:29,762 - INFO - 📊 准备更新2025-01-23 00:00:00日现货期货价格数据
2025-09-07 15:49:32,349 - INFO - 📈 已处理2025-01-23 00:00:00日现货期货价格数据
2025-09-07 15:49:32,349 - INFO - 📊 准备更新2025-01-24 00:00:00日现货期货价格数据
2025-09-07 15:49:33,712 - INFO - 📈 已处理2025-01-24 00:00:00日现货期货价格数据
2025-09-07 15:49:33,712 - INFO - 📊 准备更新2025-01-25 00:00:00日现货期货价格数据
2025-09-07 15:49:33,712 - INFO - 📊 准备更新2025-01-26 00:00:00日现货期货价格数据
2025-09-07 15:49:33,712 - INFO - 📊 准备更新2025-01-27 00:00:00日现货期货价格数据
2025-09-07 15:49:34,272 - INFO - 📊 准备更新2025-01-28 00:00:00日现货期货价格数据
2025-09-07 15:49:34,272 - INFO - 📊 准备更新2025-01-29 00:00:00日现货期货价格数据
2025-09-07 15:49:34,272 - INFO - 📊 准备更新2025-01-30 00:00:00日现货期货价格数据
2025-09-07 15:49:34,272 - INFO - 📊 准备更新2025-01-31 00:00:00日现货期货价格数据
2025-09-07 15:49:34,272 - INFO - 📊 准备更新2025-02-01 00:00:00日现货期货价格数据
2025-09-07 15:49:34,272 - INFO - 📊 准备更新2025-02-02 00:00:00日现货期货价格数据
2025-09-07 15:49:34,272 - INFO - 📊 准备更新2025-02-03 00:00:00日现货期货价格数据
2025-09-07 15:49:34,277 - INFO - 📊 准备更新2025-02-04 00:00:00日现货期货价格数据
2025-09-07 15:49:34,277 - INFO - 📊 准备更新2025-02-05 00:00:00日现货期货价格数据
2025-09-07 15:49:35,878 - INFO - 📈 已处理2025-02-05 00:00:00日现货期货价格数据
2025-09-07 15:49:35,878 - INFO - 📊 准备更新2025-02-06 00:00:00日现货期货价格数据
2025-09-07 15:49:36,671 - INFO - 📈 已处理2025-02-06 00:00:00日现货期货价格数据
2025-09-07 15:49:36,671 - INFO - 📊 准备更新2025-02-07 00:00:00日现货期货价格数据
2025-09-07 15:49:38,408 - INFO - 📈 已处理2025-02-07 00:00:00日现货期货价格数据
2025-09-07 15:49:38,408 - INFO - 📊 准备更新2025-02-08 00:00:00日现货期货价格数据
2025-09-07 15:49:38,408 - INFO - 📊 准备更新2025-02-09 00:00:00日现货期货价格数据
2025-09-07 15:49:38,408 - INFO - 📊 准备更新2025-02-10 00:00:00日现货期货价格数据
2025-09-07 15:49:39,027 - INFO - 📈 已处理2025-02-10 00:00:00日现货期货价格数据
2025-09-07 15:49:39,027 - INFO - 📊 准备更新2025-02-11 00:00:00日现货期货价格数据
2025-09-07 15:49:41,020 - INFO - 📈 已处理2025-02-11 00:00:00日现货期货价格数据
2025-09-07 15:49:41,020 - INFO - 📊 准备更新2025-02-12 00:00:00日现货期货价格数据
2025-09-07 15:49:41,892 - INFO - 📈 已处理2025-02-12 00:00:00日现货期货价格数据
2025-09-07 15:49:41,892 - INFO - 📊 准备更新2025-02-13 00:00:00日现货期货价格数据
2025-09-07 15:49:42,454 - INFO - 📈 已处理2025-02-13 00:00:00日现货期货价格数据
2025-09-07 15:49:42,454 - INFO - 📊 准备更新2025-02-14 00:00:00日现货期货价格数据
2025-09-07 15:49:44,259 - INFO - 📈 已处理2025-02-14 00:00:00日现货期货价格数据
2025-09-07 15:49:44,259 - INFO - 📊 准备更新2025-02-15 00:00:00日现货期货价格数据
2025-09-07 15:49:44,259 - INFO - 📊 准备更新2025-02-16 00:00:00日现货期货价格数据
2025-09-07 15:49:44,259 - INFO - 📊 准备更新2025-02-17 00:00:00日现货期货价格数据
2025-09-07 15:49:46,367 - INFO - 📈 已处理2025-02-17 00:00:00日现货期货价格数据
2025-09-07 15:49:46,367 - INFO - 📊 准备更新2025-02-18 00:00:00日现货期货价格数据
2025-09-07 15:49:47,444 - INFO - 📈 已处理2025-02-18 00:00:00日现货期货价格数据
2025-09-07 15:49:47,444 - INFO - 📊 准备更新2025-02-19 00:00:00日现货期货价格数据
2025-09-07 15:49:48,277 - INFO - 📈 已处理2025-02-19 00:00:00日现货期货价格数据
2025-09-07 15:49:48,277 - INFO - 📊 准备更新2025-02-20 00:00:00日现货期货价格数据
2025-09-07 15:49:48,856 - INFO - 📈 已处理2025-02-20 00:00:00日现货期货价格数据
2025-09-07 15:49:48,856 - INFO - 📊 准备更新2025-02-21 00:00:00日现货期货价格数据
2025-09-07 15:49:50,204 - INFO - 📈 已处理2025-02-21 00:00:00日现货期货价格数据
2025-09-07 15:49:50,204 - INFO - 📊 准备更新2025-02-22 00:00:00日现货期货价格数据
2025-09-07 15:49:50,204 - INFO - 📊 准备更新2025-02-23 00:00:00日现货期货价格数据
2025-09-07 15:49:50,204 - INFO - 📊 准备更新2025-02-24 00:00:00日现货期货价格数据
2025-09-07 15:49:52,277 - INFO - 📈 已处理2025-02-24 00:00:00日现货期货价格数据
2025-09-07 15:49:52,277 - INFO - 📊 准备更新2025-02-25 00:00:00日现货期货价格数据
2025-09-07 15:49:52,969 - INFO - 📈 已处理2025-02-25 00:00:00日现货期货价格数据
2025-09-07 15:49:52,969 - INFO - 📊 准备更新2025-02-26 00:00:00日现货期货价格数据
2025-09-07 15:49:54,285 - INFO - 📈 已处理2025-02-26 00:00:00日现货期货价格数据
2025-09-07 15:49:54,285 - INFO - 📊 准备更新2025-02-27 00:00:00日现货期货价格数据
2025-09-07 15:49:55,319 - INFO - 📈 已处理2025-02-27 00:00:00日现货期货价格数据
2025-09-07 15:49:55,319 - INFO - 📊 准备更新2025-02-28 00:00:00日现货期货价格数据
2025-09-07 15:49:56,929 - INFO - 📈 已处理2025-02-28 00:00:00日现货期货价格数据
2025-09-07 15:49:56,929 - INFO - 📊 准备更新2025-03-01 00:00:00日现货期货价格数据
2025-09-07 15:49:56,929 - INFO - 📊 准备更新2025-03-02 00:00:00日现货期货价格数据
2025-09-07 15:49:56,929 - INFO - 📊 准备更新2025-03-03 00:00:00日现货期货价格数据
2025-09-07 15:49:57,758 - INFO - 📈 已处理2025-03-03 00:00:00日现货期货价格数据
2025-09-07 15:49:57,758 - INFO - 📊 准备更新2025-03-04 00:00:00日现货期货价格数据
2025-09-07 15:49:58,403 - INFO - 📈 已处理2025-03-04 00:00:00日现货期货价格数据
2025-09-07 15:49:58,403 - INFO - 📊 准备更新2025-03-05 00:00:00日现货期货价格数据
2025-09-07 15:50:00,527 - INFO - 📈 已处理2025-03-05 00:00:00日现货期货价格数据
2025-09-07 15:50:00,527 - INFO - 📊 准备更新2025-03-06 00:00:00日现货期货价格数据
2025-09-07 15:50:02,081 - INFO - 📈 已处理2025-03-06 00:00:00日现货期货价格数据
2025-09-07 15:50:02,081 - INFO - 📊 准备更新2025-03-07 00:00:00日现货期货价格数据
2025-09-07 15:50:03,657 - INFO - 📈 已处理2025-03-07 00:00:00日现货期货价格数据
2025-09-07 15:50:03,657 - INFO - 📊 准备更新2025-03-08 00:00:00日现货期货价格数据
2025-09-07 15:50:03,657 - INFO - 📊 准备更新2025-03-09 00:00:00日现货期货价格数据
2025-09-07 15:50:03,657 - INFO - 📊 准备更新2025-03-10 00:00:00日现货期货价格数据
2025-09-07 15:50:04,481 - INFO - 📈 已处理2025-03-10 00:00:00日现货期货价格数据
2025-09-07 15:50:04,481 - INFO - 📊 准备更新2025-03-11 00:00:00日现货期货价格数据
2025-09-07 15:50:05,965 - INFO - 📈 已处理2025-03-11 00:00:00日现货期货价格数据
2025-09-07 15:50:05,965 - INFO - 📊 准备更新2025-03-12 00:00:00日现货期货价格数据
2025-09-07 15:50:06,924 - INFO - 📈 已处理2025-03-12 00:00:00日现货期货价格数据
2025-09-07 15:50:06,925 - INFO - 📊 准备更新2025-03-13 00:00:00日现货期货价格数据
2025-09-07 15:50:07,572 - INFO - 📈 已处理2025-03-13 00:00:00日现货期货价格数据
2025-09-07 15:50:07,572 - INFO - 📊 准备更新2025-03-14 00:00:00日现货期货价格数据
2025-09-07 15:50:08,271 - INFO - 📈 已处理2025-03-14 00:00:00日现货期货价格数据
2025-09-07 15:50:08,271 - INFO - 📊 准备更新2025-03-15 00:00:00日现货期货价格数据
2025-09-07 15:50:08,271 - INFO - 📊 准备更新2025-03-16 00:00:00日现货期货价格数据
2025-09-07 15:50:08,271 - INFO - 📊 准备更新2025-03-17 00:00:00日现货期货价格数据
2025-09-07 15:50:09,116 - INFO - 📈 已处理2025-03-17 00:00:00日现货期货价格数据
2025-09-07 15:50:09,116 - INFO - 📊 准备更新2025-03-18 00:00:00日现货期货价格数据
2025-09-07 15:50:09,955 - INFO - 📈 已处理2025-03-18 00:00:00日现货期货价格数据
2025-09-07 15:50:09,955 - INFO - 📊 准备更新2025-03-19 00:00:00日现货期货价格数据
2025-09-07 15:50:11,852 - INFO - 📈 已处理2025-03-19 00:00:00日现货期货价格数据
2025-09-07 15:50:11,852 - INFO - 📊 准备更新2025-03-20 00:00:00日现货期货价格数据
2025-09-07 15:50:12,506 - INFO - 📈 已处理2025-03-20 00:00:00日现货期货价格数据
2025-09-07 15:50:12,506 - INFO - 📊 准备更新2025-03-21 00:00:00日现货期货价格数据
2025-09-07 15:50:13,493 - INFO - 📈 已处理2025-03-21 00:00:00日现货期货价格数据
2025-09-07 15:50:13,493 - INFO - 📊 准备更新2025-03-22 00:00:00日现货期货价格数据
2025-09-07 15:50:13,493 - INFO - 📊 准备更新2025-03-23 00:00:00日现货期货价格数据
2025-09-07 15:50:13,493 - INFO - 📊 准备更新2025-03-24 00:00:00日现货期货价格数据
2025-09-07 15:50:15,305 - INFO - 📈 已处理2025-03-24 00:00:00日现货期货价格数据
2025-09-07 15:50:15,305 - INFO - 📊 准备更新2025-03-25 00:00:00日现货期货价格数据
2025-09-07 15:50:17,221 - INFO - 📈 已处理2025-03-25 00:00:00日现货期货价格数据
2025-09-07 15:50:17,221 - INFO - 📊 准备更新2025-03-26 00:00:00日现货期货价格数据
2025-09-07 15:50:20,078 - INFO - 📈 已处理2025-03-26 00:00:00日现货期货价格数据
2025-09-07 15:50:20,078 - INFO - 📊 准备更新2025-03-27 00:00:00日现货期货价格数据
2025-09-07 15:50:21,144 - INFO - 📈 已处理2025-03-27 00:00:00日现货期货价格数据
2025-09-07 15:50:21,144 - INFO - 📊 准备更新2025-03-28 00:00:00日现货期货价格数据
2025-09-07 15:50:23,002 - INFO - 📈 已处理2025-03-28 00:00:00日现货期货价格数据
2025-09-07 15:50:23,002 - INFO - 📊 准备更新2025-03-29 00:00:00日现货期货价格数据
2025-09-07 15:50:23,003 - INFO - 📊 准备更新2025-03-30 00:00:00日现货期货价格数据
2025-09-07 15:50:23,003 - INFO - 📊 准备更新2025-03-31 00:00:00日现货期货价格数据
2025-09-07 15:50:23,669 - INFO - 📈 已处理2025-03-31 00:00:00日现货期货价格数据
2025-09-07 15:50:23,669 - INFO - 📊 准备更新2025-04-01 00:00:00日现货期货价格数据
2025-09-07 15:50:25,613 - INFO - 📈 已处理2025-04-01 00:00:00日现货期货价格数据
2025-09-07 15:50:25,613 - INFO - 📊 准备更新2025-04-02 00:00:00日现货期货价格数据
2025-09-07 15:50:26,612 - INFO - 📈 已处理2025-04-02 00:00:00日现货期货价格数据
2025-09-07 15:50:26,612 - INFO - 📊 准备更新2025-04-03 00:00:00日现货期货价格数据
2025-09-07 15:50:27,241 - INFO - 📈 已处理2025-04-03 00:00:00日现货期货价格数据
2025-09-07 15:50:27,241 - INFO - 📊 准备更新2025-04-04 00:00:00日现货期货价格数据
2025-09-07 15:50:27,241 - INFO - 📊 准备更新2025-04-05 00:00:00日现货期货价格数据
2025-09-07 15:50:27,241 - INFO - 📊 准备更新2025-04-06 00:00:00日现货期货价格数据
2025-09-07 15:50:27,241 - INFO - 📊 准备更新2025-04-07 00:00:00日现货期货价格数据
2025-09-07 15:50:29,459 - INFO - 📈 已处理2025-04-07 00:00:00日现货期货价格数据
2025-09-07 15:50:29,459 - INFO - 📊 准备更新2025-04-08 00:00:00日现货期货价格数据
2025-09-07 15:50:30,340 - INFO - 📈 已处理2025-04-08 00:00:00日现货期货价格数据
2025-09-07 15:50:30,340 - INFO - 📊 准备更新2025-04-09 00:00:00日现货期货价格数据
2025-09-07 15:50:30,957 - INFO - 📈 已处理2025-04-09 00:00:00日现货期货价格数据
2025-09-07 15:50:30,957 - INFO - 📊 准备更新2025-04-10 00:00:00日现货期货价格数据
2025-09-07 15:50:32,860 - INFO - 📈 已处理2025-04-10 00:00:00日现货期货价格数据
2025-09-07 15:50:32,860 - INFO - 📊 准备更新2025-04-11 00:00:00日现货期货价格数据
2025-09-07 15:50:34,321 - INFO - 📈 已处理2025-04-11 00:00:00日现货期货价格数据
2025-09-07 15:50:34,321 - INFO - 📊 准备更新2025-04-12 00:00:00日现货期货价格数据
2025-09-07 15:50:34,321 - INFO - 📊 准备更新2025-04-13 00:00:00日现货期货价格数据
2025-09-07 15:50:34,321 - INFO - 📊 准备更新2025-04-14 00:00:00日现货期货价格数据
2025-09-07 15:50:36,324 - INFO - 📈 已处理2025-04-14 00:00:00日现货期货价格数据
2025-09-07 15:50:36,324 - INFO - 📊 准备更新2025-04-15 00:00:00日现货期货价格数据
2025-09-07 15:50:37,299 - INFO - 📈 已处理2025-04-15 00:00:00日现货期货价格数据
2025-09-07 15:50:37,299 - INFO - 📊 准备更新2025-04-16 00:00:00日现货期货价格数据
2025-09-07 15:50:38,010 - INFO - 📈 已处理2025-04-16 00:00:00日现货期货价格数据
2025-09-07 15:50:38,010 - INFO - 📊 准备更新2025-04-17 00:00:00日现货期货价格数据
2025-09-07 15:50:38,771 - INFO - 📈 已处理2025-04-17 00:00:00日现货期货价格数据
2025-09-07 15:50:38,771 - INFO - 📊 准备更新2025-04-18 00:00:00日现货期货价格数据
2025-09-07 15:50:39,729 - INFO - 📈 已处理2025-04-18 00:00:00日现货期货价格数据
2025-09-07 15:50:39,729 - INFO - 📊 准备更新2025-04-19 00:00:00日现货期货价格数据
2025-09-07 15:50:39,729 - INFO - 📊 准备更新2025-04-20 00:00:00日现货期货价格数据
2025-09-07 15:50:39,729 - INFO - 📊 准备更新2025-04-21 00:00:00日现货期货价格数据
2025-09-07 15:50:41,627 - INFO - 📈 已处理2025-04-21 00:00:00日现货期货价格数据
2025-09-07 15:50:41,627 - INFO - 📊 准备更新2025-04-22 00:00:00日现货期货价格数据
2025-09-07 15:50:42,171 - INFO - 📈 已处理2025-04-22 00:00:00日现货期货价格数据
2025-09-07 15:50:42,171 - INFO - 📊 准备更新2025-04-23 00:00:00日现货期货价格数据
2025-09-07 15:50:43,336 - INFO - 📈 已处理2025-04-23 00:00:00日现货期货价格数据
2025-09-07 15:50:43,336 - INFO - 📊 准备更新2025-04-24 00:00:00日现货期货价格数据
2025-09-07 15:50:44,083 - INFO - 📈 已处理2025-04-24 00:00:00日现货期货价格数据
2025-09-07 15:50:44,083 - INFO - 📊 准备更新2025-04-25 00:00:00日现货期货价格数据
2025-09-07 15:50:44,884 - INFO - 📈 已处理2025-04-25 00:00:00日现货期货价格数据
2025-09-07 15:50:44,884 - INFO - 📊 准备更新2025-04-26 00:00:00日现货期货价格数据
2025-09-07 15:50:44,884 - INFO - 📊 准备更新2025-04-27 00:00:00日现货期货价格数据
2025-09-07 15:50:44,884 - INFO - 📊 准备更新2025-04-28 00:00:00日现货期货价格数据
2025-09-07 15:50:46,050 - INFO - 📈 已处理2025-04-28 00:00:00日现货期货价格数据
2025-09-07 15:50:46,050 - INFO - 📊 准备更新2025-04-29 00:00:00日现货期货价格数据
2025-09-07 15:50:47,822 - INFO - 📈 已处理2025-04-29 00:00:00日现货期货价格数据
2025-09-07 15:50:47,822 - INFO - 📊 准备更新2025-04-30 00:00:00日现货期货价格数据
2025-09-07 15:50:49,113 - INFO - 📈 已处理2025-04-30 00:00:00日现货期货价格数据
2025-09-07 15:50:49,113 - INFO - 📊 准备更新2025-05-01 00:00:00日现货期货价格数据
2025-09-07 15:50:49,113 - INFO - 📊 准备更新2025-05-02 00:00:00日现货期货价格数据
2025-09-07 15:50:49,113 - INFO - 📊 准备更新2025-05-03 00:00:00日现货期货价格数据
2025-09-07 15:50:49,113 - INFO - 📊 准备更新2025-05-04 00:00:00日现货期货价格数据
2025-09-07 15:50:49,113 - INFO - 📊 准备更新2025-05-05 00:00:00日现货期货价格数据
2025-09-07 15:50:49,128 - INFO - 📊 准备更新2025-05-06 00:00:00日现货期货价格数据
2025-09-07 15:50:50,163 - INFO - 📈 已处理2025-05-06 00:00:00日现货期货价格数据
2025-09-07 15:50:50,163 - INFO - 📊 准备更新2025-05-07 00:00:00日现货期货价格数据
2025-09-07 15:50:50,857 - INFO - 📈 已处理2025-05-07 00:00:00日现货期货价格数据
2025-09-07 15:50:50,858 - INFO - 📊 准备更新2025-05-08 00:00:00日现货期货价格数据
2025-09-07 15:50:51,619 - INFO - 📈 已处理2025-05-08 00:00:00日现货期货价格数据
2025-09-07 15:50:51,619 - INFO - 📊 准备更新2025-05-09 00:00:00日现货期货价格数据
2025-09-07 15:50:52,701 - INFO - 📈 已处理2025-05-09 00:00:00日现货期货价格数据
2025-09-07 15:50:52,701 - INFO - 📊 准备更新2025-05-10 00:00:00日现货期货价格数据
2025-09-07 15:50:52,701 - INFO - 📊 准备更新2025-05-11 00:00:00日现货期货价格数据
2025-09-07 15:50:52,701 - INFO - 📊 准备更新2025-05-12 00:00:00日现货期货价格数据
2025-09-07 15:50:54,715 - INFO - 📈 已处理2025-05-12 00:00:00日现货期货价格数据
2025-09-07 15:50:54,716 - INFO - 📊 准备更新2025-05-13 00:00:00日现货期货价格数据
2025-09-07 15:50:55,325 - INFO - 📈 已处理2025-05-13 00:00:00日现货期货价格数据
2025-09-07 15:50:55,325 - INFO - 📊 准备更新2025-05-14 00:00:00日现货期货价格数据
2025-09-07 15:50:56,185 - INFO - 📈 已处理2025-05-14 00:00:00日现货期货价格数据
2025-09-07 15:50:56,185 - INFO - 📊 准备更新2025-05-15 00:00:00日现货期货价格数据
2025-09-07 15:50:57,094 - INFO - 📈 已处理2025-05-15 00:00:00日现货期货价格数据
2025-09-07 15:50:57,094 - INFO - 📊 准备更新2025-05-16 00:00:00日现货期货价格数据
2025-09-07 15:50:59,443 - INFO - 📈 已处理2025-05-16 00:00:00日现货期货价格数据
2025-09-07 15:50:59,443 - INFO - 📊 准备更新2025-05-17 00:00:00日现货期货价格数据
2025-09-07 15:50:59,443 - INFO - 📊 准备更新2025-05-18 00:00:00日现货期货价格数据
2025-09-07 15:50:59,443 - INFO - 📊 准备更新2025-05-19 00:00:00日现货期货价格数据
2025-09-07 15:51:01,812 - INFO - 📈 已处理2025-05-19 00:00:00日现货期货价格数据
2025-09-07 15:51:01,812 - INFO - 📊 准备更新2025-05-20 00:00:00日现货期货价格数据
2025-09-07 15:51:02,605 - INFO - 📈 已处理2025-05-20 00:00:00日现货期货价格数据
2025-09-07 15:51:02,605 - INFO - 📊 准备更新2025-05-21 00:00:00日现货期货价格数据
2025-09-07 15:51:04,041 - INFO - 📈 已处理2025-05-21 00:00:00日现货期货价格数据
2025-09-07 15:51:04,041 - INFO - 📊 准备更新2025-05-22 00:00:00日现货期货价格数据
2025-09-07 15:51:05,784 - INFO - 📈 已处理2025-05-22 00:00:00日现货期货价格数据
2025-09-07 15:51:05,784 - INFO - 📊 准备更新2025-05-23 00:00:00日现货期货价格数据
2025-09-07 15:51:06,839 - INFO - 📈 已处理2025-05-23 00:00:00日现货期货价格数据
2025-09-07 15:51:06,839 - INFO - 📊 准备更新2025-05-24 00:00:00日现货期货价格数据
2025-09-07 15:51:06,840 - INFO - 📊 准备更新2025-05-25 00:00:00日现货期货价格数据
2025-09-07 15:51:06,841 - INFO - 📊 准备更新2025-05-26 00:00:00日现货期货价格数据
2025-09-07 15:51:11,843 - ERROR - ❌ 更新本周现货期货数据失败: ('Connection aborted.', ConnectionResetError(10054, '远程主机强迫关闭了一个现有的连接。', None, 10054, None))
2025-09-07 15:51:11,843 - INFO - ============================================================
2025-09-07 15:51:11,844 - INFO - 📊 本周数据更新统计
2025-09-07 15:51:11,844 - INFO - ============================================================
2025-09-07 15:51:11,844 - INFO - ⏱️  更新耗时: 0:01:57.059447
2025-09-07 15:51:11,844 - INFO - 📈 实时行情: 0 条
2025-09-07 15:51:11,844 - INFO - 📊 本周K线: 0 条
2025-09-07 15:51:11,844 - INFO - 📅 交易日历: 0 条
2025-09-07 15:51:11,844 - INFO - ✅ 无错误
2025-09-07 15:51:11,844 - INFO - ============================================================
2025-09-07 15:51:11,846 - INFO - 🎉 本周数据更新完成！
2025-09-07 15:51:11,846 - INFO - 数据库连接已关闭
2025-09-07 15:51:11,846 - INFO - ✅ 每周数据更新成功完成
2025-09-07 15:56:23,570 - INFO - 🌟 每周数据更新程序启动
2025-09-07 15:56:23,570 - INFO - 🚀 开始每周数据更新...
2025-09-07 15:56:23,570 - INFO - ============================================================
2025-09-07 15:56:23,570 - INFO - ✅ 成功连接到MySQL数据库
2025-09-07 15:56:23,570 - INFO - 📊 开始更新近7个自然日现货期货价格数据）...
2025-09-07 15:56:23,570 - INFO - 📊 准备更新2025-05-27 00:00:00日现货期货价格数据
2025-09-07 15:56:25,502 - INFO - 📈 已处理2025-05-27 00:00:00日现货期货价格数据
2025-09-07 15:56:25,502 - INFO - 📊 准备更新2025-05-28 00:00:00日现货期货价格数据
2025-09-07 15:56:27,205 - INFO - 📈 已处理2025-05-28 00:00:00日现货期货价格数据
2025-09-07 15:56:27,205 - INFO - 📊 准备更新2025-05-29 00:00:00日现货期货价格数据
2025-09-07 15:56:29,373 - INFO - 📈 已处理2025-05-29 00:00:00日现货期货价格数据
2025-09-07 15:56:29,373 - INFO - 📊 准备更新2025-05-30 00:00:00日现货期货价格数据
2025-09-07 15:56:30,167 - INFO - 📈 已处理2025-05-30 00:00:00日现货期货价格数据
2025-09-07 15:56:30,167 - INFO - 📊 准备更新2025-05-31 00:00:00日现货期货价格数据
2025-09-07 15:56:30,167 - INFO - 📊 准备更新2025-06-01 00:00:00日现货期货价格数据
2025-09-07 15:56:30,167 - INFO - 📊 准备更新2025-06-02 00:00:00日现货期货价格数据
2025-09-07 15:56:30,167 - INFO - 📊 准备更新2025-06-03 00:00:00日现货期货价格数据
2025-09-07 15:56:31,213 - INFO - 📈 已处理2025-06-03 00:00:00日现货期货价格数据
2025-09-07 15:56:31,213 - INFO - 📊 准备更新2025-06-04 00:00:00日现货期货价格数据
2025-09-07 15:56:31,798 - INFO - 📈 已处理2025-06-04 00:00:00日现货期货价格数据
2025-09-07 15:56:31,798 - INFO - 📊 准备更新2025-06-05 00:00:00日现货期货价格数据
2025-09-07 15:56:32,834 - INFO - 📈 已处理2025-06-05 00:00:00日现货期货价格数据
2025-09-07 15:56:32,834 - INFO - 📊 准备更新2025-06-06 00:00:00日现货期货价格数据
2025-09-07 15:56:34,140 - INFO - 📈 已处理2025-06-06 00:00:00日现货期货价格数据
2025-09-07 15:56:34,140 - INFO - 📊 准备更新2025-06-07 00:00:00日现货期货价格数据
2025-09-07 15:56:34,140 - INFO - 📊 准备更新2025-06-08 00:00:00日现货期货价格数据
2025-09-07 15:56:34,140 - INFO - 📊 准备更新2025-06-09 00:00:00日现货期货价格数据
2025-09-07 15:56:35,888 - INFO - 📈 已处理2025-06-09 00:00:00日现货期货价格数据
2025-09-07 15:56:35,888 - INFO - 📊 准备更新2025-06-10 00:00:00日现货期货价格数据
2025-09-07 15:56:36,807 - INFO - 📈 已处理2025-06-10 00:00:00日现货期货价格数据
2025-09-07 15:56:36,807 - INFO - 📊 准备更新2025-06-11 00:00:00日现货期货价格数据
2025-09-07 15:56:38,023 - INFO - 📈 已处理2025-06-11 00:00:00日现货期货价格数据
2025-09-07 15:56:38,023 - INFO - 📊 准备更新2025-06-12 00:00:00日现货期货价格数据
2025-09-07 15:56:39,345 - INFO - 📈 已处理2025-06-12 00:00:00日现货期货价格数据
2025-09-07 15:56:39,345 - INFO - 📊 准备更新2025-06-13 00:00:00日现货期货价格数据
2025-09-07 15:56:40,495 - INFO - 📈 已处理2025-06-13 00:00:00日现货期货价格数据
2025-09-07 15:56:40,495 - INFO - 📊 准备更新2025-06-14 00:00:00日现货期货价格数据
2025-09-07 15:56:40,498 - INFO - 📊 准备更新2025-06-15 00:00:00日现货期货价格数据
2025-09-07 15:56:40,498 - INFO - 📊 准备更新2025-06-16 00:00:00日现货期货价格数据
2025-09-07 15:56:41,978 - INFO - 📈 已处理2025-06-16 00:00:00日现货期货价格数据
2025-09-07 15:56:41,978 - INFO - 📊 准备更新2025-06-17 00:00:00日现货期货价格数据
2025-09-07 15:56:42,642 - INFO - 📈 已处理2025-06-17 00:00:00日现货期货价格数据
2025-09-07 15:56:42,642 - INFO - 📊 准备更新2025-06-18 00:00:00日现货期货价格数据
2025-09-07 15:56:43,273 - INFO - 📈 已处理2025-06-18 00:00:00日现货期货价格数据
2025-09-07 15:56:43,273 - INFO - 📊 准备更新2025-06-19 00:00:00日现货期货价格数据
2025-09-07 15:56:44,105 - INFO - 📈 已处理2025-06-19 00:00:00日现货期货价格数据
2025-09-07 15:56:44,105 - INFO - 📊 准备更新2025-06-20 00:00:00日现货期货价格数据
2025-09-07 15:56:45,101 - INFO - 📈 已处理2025-06-20 00:00:00日现货期货价格数据
2025-09-07 15:56:45,101 - INFO - 📊 准备更新2025-06-21 00:00:00日现货期货价格数据
2025-09-07 15:56:45,101 - INFO - 📊 准备更新2025-06-22 00:00:00日现货期货价格数据
2025-09-07 15:56:45,101 - INFO - 📊 准备更新2025-06-23 00:00:00日现货期货价格数据
2025-09-07 15:56:47,101 - INFO - 📈 已处理2025-06-23 00:00:00日现货期货价格数据
2025-09-07 15:56:47,101 - INFO - 📊 准备更新2025-06-24 00:00:00日现货期货价格数据
2025-09-07 15:56:47,730 - INFO - 📈 已处理2025-06-24 00:00:00日现货期货价格数据
2025-09-07 15:56:47,730 - INFO - 📊 准备更新2025-06-25 00:00:00日现货期货价格数据
2025-09-07 15:56:48,985 - INFO - 📈 已处理2025-06-25 00:00:00日现货期货价格数据
2025-09-07 15:56:48,985 - INFO - 📊 准备更新2025-06-26 00:00:00日现货期货价格数据
2025-09-07 15:56:49,782 - INFO - 📈 已处理2025-06-26 00:00:00日现货期货价格数据
2025-09-07 15:56:49,782 - INFO - 📊 准备更新2025-06-27 00:00:00日现货期货价格数据
2025-09-07 15:56:50,521 - INFO - 📈 已处理2025-06-27 00:00:00日现货期货价格数据
2025-09-07 15:56:50,521 - INFO - 📊 准备更新2025-06-28 00:00:00日现货期货价格数据
2025-09-07 15:56:50,521 - INFO - 📊 准备更新2025-06-29 00:00:00日现货期货价格数据
2025-09-07 15:56:50,521 - INFO - 📊 准备更新2025-06-30 00:00:00日现货期货价格数据
2025-09-07 15:56:51,650 - INFO - 📈 已处理2025-06-30 00:00:00日现货期货价格数据
2025-09-07 15:56:51,650 - INFO - 📊 准备更新2025-07-01 00:00:00日现货期货价格数据
2025-09-07 15:56:52,481 - INFO - 📈 已处理2025-07-01 00:00:00日现货期货价格数据
2025-09-07 15:56:52,481 - INFO - 📊 准备更新2025-07-02 00:00:00日现货期货价格数据
2025-09-07 15:56:54,615 - INFO - 📈 已处理2025-07-02 00:00:00日现货期货价格数据
2025-09-07 15:56:54,615 - INFO - 📊 准备更新2025-07-03 00:00:00日现货期货价格数据
2025-09-07 15:56:56,102 - INFO - 📈 已处理2025-07-03 00:00:00日现货期货价格数据
2025-09-07 15:56:56,102 - INFO - 📊 准备更新2025-07-04 00:00:00日现货期货价格数据
2025-09-07 15:56:56,887 - INFO - 📈 已处理2025-07-04 00:00:00日现货期货价格数据
2025-09-07 15:56:56,887 - INFO - 📊 准备更新2025-07-05 00:00:00日现货期货价格数据
2025-09-07 15:56:56,887 - INFO - 📊 准备更新2025-07-06 00:00:00日现货期货价格数据
2025-09-07 15:56:56,887 - INFO - 📊 准备更新2025-07-07 00:00:00日现货期货价格数据
2025-09-07 15:56:58,501 - INFO - 📈 已处理2025-07-07 00:00:00日现货期货价格数据
2025-09-07 15:56:58,501 - INFO - 📊 准备更新2025-07-08 00:00:00日现货期货价格数据
2025-09-07 15:56:59,160 - INFO - 📈 已处理2025-07-08 00:00:00日现货期货价格数据
2025-09-07 15:56:59,160 - INFO - 📊 准备更新2025-07-09 00:00:00日现货期货价格数据
2025-09-07 15:57:00,948 - INFO - 📈 已处理2025-07-09 00:00:00日现货期货价格数据
2025-09-07 15:57:00,948 - INFO - 📊 准备更新2025-07-10 00:00:00日现货期货价格数据
2025-09-07 15:57:01,548 - INFO - 📈 已处理2025-07-10 00:00:00日现货期货价格数据
2025-09-07 15:57:01,548 - INFO - 📊 准备更新2025-07-11 00:00:00日现货期货价格数据
2025-09-07 15:57:02,681 - INFO - 📈 已处理2025-07-11 00:00:00日现货期货价格数据
2025-09-07 15:57:02,681 - INFO - 📊 准备更新2025-07-12 00:00:00日现货期货价格数据
2025-09-07 15:57:02,682 - INFO - 📊 准备更新2025-07-13 00:00:00日现货期货价格数据
2025-09-07 15:57:02,682 - INFO - 📊 准备更新2025-07-14 00:00:00日现货期货价格数据
2025-09-07 15:57:04,236 - INFO - 📈 已处理2025-07-14 00:00:00日现货期货价格数据
2025-09-07 15:57:04,236 - INFO - 📊 准备更新2025-07-15 00:00:00日现货期货价格数据
2025-09-07 15:57:05,133 - INFO - 📈 已处理2025-07-15 00:00:00日现货期货价格数据
2025-09-07 15:57:05,134 - INFO - 📊 准备更新2025-07-16 00:00:00日现货期货价格数据
2025-09-07 15:57:05,983 - INFO - 📈 已处理2025-07-16 00:00:00日现货期货价格数据
2025-09-07 15:57:05,983 - INFO - 📊 准备更新2025-07-17 00:00:00日现货期货价格数据
2025-09-07 15:57:10,997 - ERROR - ❌ 更新本周现货期货数据失败: ('Connection aborted.', ConnectionResetError(10054, '远程主机强迫关闭了一个现有的连接。', None, 10054, None))
2025-09-07 15:57:10,997 - INFO - ============================================================
2025-09-07 15:57:10,997 - INFO - 📊 本周数据更新统计
2025-09-07 15:57:10,997 - INFO - ============================================================
2025-09-07 15:57:10,998 - INFO - ⏱️  更新耗时: 0:00:47.426538
2025-09-07 15:57:10,998 - INFO - 📈 实时行情: 0 条
2025-09-07 15:57:10,998 - INFO - 📊 本周K线: 0 条
2025-09-07 15:57:10,998 - INFO - 📅 交易日历: 0 条
2025-09-07 15:57:10,998 - INFO - ✅ 无错误
2025-09-07 15:57:10,998 - INFO - ============================================================
2025-09-07 15:57:11,005 - INFO - 🎉 本周数据更新完成！
2025-09-07 15:57:11,006 - INFO - 数据库连接已关闭
2025-09-07 15:57:11,006 - INFO - ✅ 每周数据更新成功完成
2025-09-07 16:22:32,368 - INFO - 🌟 每周数据更新程序启动
2025-09-07 16:22:32,368 - INFO - 🚀 开始每周数据更新...
2025-09-07 16:22:32,369 - INFO - ============================================================
2025-09-07 16:22:32,384 - INFO - ✅ 成功连接到MySQL数据库
2025-09-07 16:22:32,384 - INFO - 📊 开始更新近7个自然日现货期货价格数据）...
2025-09-07 16:22:32,384 - INFO - 📊 准备更新2025-07-18 00:00:00日现货期货价格数据
2025-09-07 16:22:35,307 - INFO - 📈 已处理2025-07-18 00:00:00日现货期货价格数据
2025-09-07 16:22:35,307 - INFO - 📊 准备更新2025-07-19 00:00:00日现货期货价格数据
2025-09-07 16:22:35,308 - INFO - 📊 准备更新2025-07-20 00:00:00日现货期货价格数据
2025-09-07 16:22:35,309 - INFO - 📊 准备更新2025-07-21 00:00:00日现货期货价格数据
2025-09-07 16:22:37,548 - INFO - 📈 已处理2025-07-21 00:00:00日现货期货价格数据
2025-09-07 16:22:37,548 - INFO - 📊 准备更新2025-07-22 00:00:00日现货期货价格数据
2025-09-07 16:22:38,876 - INFO - 📈 已处理2025-07-22 00:00:00日现货期货价格数据
2025-09-07 16:22:38,876 - INFO - 📊 准备更新2025-07-23 00:00:00日现货期货价格数据
2025-09-07 16:22:40,545 - INFO - 📈 已处理2025-07-23 00:00:00日现货期货价格数据
2025-09-07 16:22:40,545 - INFO - 📊 准备更新2025-07-24 00:00:00日现货期货价格数据
2025-09-07 16:22:42,490 - INFO - 📈 已处理2025-07-24 00:00:00日现货期货价格数据
2025-09-07 16:22:42,490 - INFO - 📊 准备更新2025-07-25 00:00:00日现货期货价格数据
2025-09-07 16:22:44,119 - INFO - 📈 已处理2025-07-25 00:00:00日现货期货价格数据
2025-09-07 16:22:44,119 - INFO - 📊 准备更新2025-07-26 00:00:00日现货期货价格数据
2025-09-07 16:22:44,124 - INFO - 📊 准备更新2025-07-27 00:00:00日现货期货价格数据
2025-09-07 16:22:44,124 - INFO - 📊 准备更新2025-07-28 00:00:00日现货期货价格数据
2025-09-07 16:22:45,356 - INFO - 📈 已处理2025-07-28 00:00:00日现货期货价格数据
2025-09-07 16:22:45,356 - INFO - 📊 准备更新2025-07-29 00:00:00日现货期货价格数据
2025-09-07 16:22:45,991 - INFO - 📈 已处理2025-07-29 00:00:00日现货期货价格数据
2025-09-07 16:22:45,991 - INFO - 📊 准备更新2025-07-30 00:00:00日现货期货价格数据
2025-09-07 16:22:47,712 - INFO - 📈 已处理2025-07-30 00:00:00日现货期货价格数据
2025-09-07 16:22:47,712 - INFO - 📊 准备更新2025-07-31 00:00:00日现货期货价格数据
2025-09-07 16:22:48,811 - INFO - 📈 已处理2025-07-31 00:00:00日现货期货价格数据
2025-09-07 16:22:48,811 - INFO - 📊 准备更新2025-08-01 00:00:00日现货期货价格数据
2025-09-07 16:22:50,505 - INFO - 📈 已处理2025-08-01 00:00:00日现货期货价格数据
2025-09-07 16:22:50,505 - INFO - 📊 准备更新2025-08-02 00:00:00日现货期货价格数据
2025-09-07 16:22:50,505 - INFO - 📊 准备更新2025-08-03 00:00:00日现货期货价格数据
2025-09-07 16:22:50,505 - INFO - 📊 准备更新2025-08-04 00:00:00日现货期货价格数据
2025-09-07 16:22:51,444 - INFO - 📈 已处理2025-08-04 00:00:00日现货期货价格数据
2025-09-07 16:22:51,444 - INFO - 📊 准备更新2025-08-05 00:00:00日现货期货价格数据
2025-09-07 16:22:52,196 - INFO - 📈 已处理2025-08-05 00:00:00日现货期货价格数据
2025-09-07 16:22:52,196 - INFO - 📊 准备更新2025-08-06 00:00:00日现货期货价格数据
2025-09-07 16:22:52,848 - INFO - 📈 已处理2025-08-06 00:00:00日现货期货价格数据
2025-09-07 16:22:52,848 - INFO - 📊 准备更新2025-08-07 00:00:00日现货期货价格数据
2025-09-07 16:22:53,388 - INFO - 📈 已处理2025-08-07 00:00:00日现货期货价格数据
2025-09-07 16:22:53,388 - INFO - 📊 准备更新2025-08-08 00:00:00日现货期货价格数据
2025-09-07 16:22:53,993 - INFO - 📈 已处理2025-08-08 00:00:00日现货期货价格数据
2025-09-07 16:22:53,998 - INFO - 📊 准备更新2025-08-09 00:00:00日现货期货价格数据
2025-09-07 16:22:53,998 - INFO - 📊 准备更新2025-08-10 00:00:00日现货期货价格数据
2025-09-07 16:22:53,998 - INFO - 📊 准备更新2025-08-11 00:00:00日现货期货价格数据
2025-09-07 16:22:54,748 - INFO - 📈 已处理2025-08-11 00:00:00日现货期货价格数据
2025-09-07 16:22:54,748 - INFO - 📊 准备更新2025-08-12 00:00:00日现货期货价格数据
2025-09-07 16:22:59,760 - ERROR - ❌ 更新本周现货期货数据失败: ('Connection aborted.', ConnectionResetError(10054, '远程主机强迫关闭了一个现有的连接。', None, 10054, None))
2025-09-07 16:22:59,760 - INFO - ============================================================
2025-09-07 16:22:59,760 - INFO - 📊 本周数据更新统计
2025-09-07 16:22:59,760 - INFO - ============================================================
2025-09-07 16:22:59,760 - INFO - ⏱️  更新耗时: 0:00:27.391397
2025-09-07 16:22:59,760 - INFO - 📈 实时行情: 0 条
2025-09-07 16:22:59,760 - INFO - 📊 本周K线: 0 条
2025-09-07 16:22:59,764 - INFO - 📅 交易日历: 0 条
2025-09-07 16:22:59,764 - INFO - ✅ 无错误
2025-09-07 16:22:59,764 - INFO - ============================================================
2025-09-07 16:22:59,769 - INFO - 🎉 本周数据更新完成！
2025-09-07 16:22:59,769 - INFO - 数据库连接已关闭
2025-09-07 16:22:59,769 - INFO - ✅ 每周数据更新成功完成
2025-09-07 18:22:26,150 - INFO - 🌟 每周数据更新程序启动
2025-09-07 18:22:26,151 - INFO - 🚀 开始每周数据更新...
2025-09-07 18:22:26,151 - INFO - ============================================================
2025-09-07 18:22:26,154 - INFO - ✅ 成功连接到MySQL数据库
2025-09-07 18:22:26,154 - INFO - 📊 开始更新近7个自然日现货期货价格数据）...
2025-09-07 18:22:26,154 - INFO - 📊 准备更新2025-08-13 00:00:00日现货期货价格数据
2025-09-07 18:22:26,447 - INFO - 📈 已处理2025-08-13 00:00:00日现货期货价格数据
2025-09-07 18:22:26,447 - INFO - 📊 准备更新2025-08-14 00:00:00日现货期货价格数据
2025-09-07 18:22:27,133 - INFO - 📈 已处理2025-08-14 00:00:00日现货期货价格数据
2025-09-07 18:22:27,134 - INFO - 📊 准备更新2025-08-15 00:00:00日现货期货价格数据
2025-09-07 18:22:27,368 - INFO - 📈 已处理2025-08-15 00:00:00日现货期货价格数据
2025-09-07 18:22:27,368 - INFO - 📊 准备更新2025-08-16 00:00:00日现货期货价格数据
2025-09-07 18:22:27,368 - INFO - 📊 准备更新2025-08-17 00:00:00日现货期货价格数据
2025-09-07 18:22:27,373 - INFO - 📊 准备更新2025-08-18 00:00:00日现货期货价格数据
2025-09-07 18:22:27,657 - INFO - 📈 已处理2025-08-18 00:00:00日现货期货价格数据
2025-09-07 18:22:27,657 - INFO - 📊 准备更新2025-08-19 00:00:00日现货期货价格数据
2025-09-07 18:22:28,005 - INFO - 📈 已处理2025-08-19 00:00:00日现货期货价格数据
2025-09-07 18:22:28,005 - INFO - 📊 准备更新2025-08-20 00:00:00日现货期货价格数据
2025-09-07 18:22:28,251 - INFO - 📈 已处理2025-08-20 00:00:00日现货期货价格数据
2025-09-07 18:22:28,251 - INFO - 📊 准备更新2025-08-21 00:00:00日现货期货价格数据
2025-09-07 18:22:28,476 - INFO - 📈 已处理2025-08-21 00:00:00日现货期货价格数据
2025-09-07 18:22:28,476 - INFO - 📊 准备更新2025-08-22 00:00:00日现货期货价格数据
2025-09-07 18:22:28,741 - INFO - 📈 已处理2025-08-22 00:00:00日现货期货价格数据
2025-09-07 18:22:28,741 - INFO - 📊 准备更新2025-08-23 00:00:00日现货期货价格数据
2025-09-07 18:22:28,741 - INFO - 📊 准备更新2025-08-24 00:00:00日现货期货价格数据
2025-09-07 18:22:28,744 - INFO - 📊 准备更新2025-08-25 00:00:00日现货期货价格数据
2025-09-07 18:22:29,076 - INFO - 📈 已处理2025-08-25 00:00:00日现货期货价格数据
2025-09-07 18:22:29,076 - INFO - 📊 准备更新2025-08-26 00:00:00日现货期货价格数据
2025-09-07 18:22:29,315 - INFO - 📈 已处理2025-08-26 00:00:00日现货期货价格数据
2025-09-07 18:22:29,315 - INFO - 📊 准备更新2025-08-27 00:00:00日现货期货价格数据
2025-09-07 18:22:29,528 - INFO - 📈 已处理2025-08-27 00:00:00日现货期货价格数据
2025-09-07 18:22:29,528 - INFO - 📊 准备更新2025-08-28 00:00:00日现货期货价格数据
2025-09-07 18:22:29,750 - INFO - 📈 已处理2025-08-28 00:00:00日现货期货价格数据
2025-09-07 18:22:29,754 - INFO - 📊 准备更新2025-08-29 00:00:00日现货期货价格数据
2025-09-07 18:22:29,934 - INFO - 📈 已处理2025-08-29 00:00:00日现货期货价格数据
2025-09-07 18:22:29,934 - INFO - 📊 准备更新2025-08-30 00:00:00日现货期货价格数据
2025-09-07 18:22:29,934 - INFO - 📊 准备更新2025-08-31 00:00:00日现货期货价格数据
2025-09-07 18:22:29,934 - INFO - 📊 准备更新2025-09-01 00:00:00日现货期货价格数据
2025-09-07 18:22:30,114 - INFO - 📈 已处理2025-09-01 00:00:00日现货期货价格数据
2025-09-07 18:22:30,114 - INFO - 📊 准备更新2025-09-02 00:00:00日现货期货价格数据
2025-09-07 18:22:30,316 - INFO - 📈 已处理2025-09-02 00:00:00日现货期货价格数据
2025-09-07 18:22:30,316 - INFO - 📊 准备更新2025-09-03 00:00:00日现货期货价格数据
2025-09-07 18:22:30,501 - INFO - 📈 已处理2025-09-03 00:00:00日现货期货价格数据
2025-09-07 18:22:30,501 - INFO - 📊 准备更新2025-09-04 00:00:00日现货期货价格数据
2025-09-07 18:22:30,696 - INFO - 📈 已处理2025-09-04 00:00:00日现货期货价格数据
2025-09-07 18:22:30,696 - INFO - 📊 准备更新2025-09-05 00:00:00日现货期货价格数据
2025-09-07 18:22:30,868 - INFO - 📈 已处理2025-09-05 00:00:00日现货期货价格数据
2025-09-07 18:22:30,868 - INFO - 📊 准备更新2025-09-06 00:00:00日现货期货价格数据
2025-09-07 18:22:30,868 - INFO - ============================================================
2025-09-07 18:22:30,868 - INFO - 📊 本周数据更新统计
2025-09-07 18:22:30,868 - INFO - ============================================================
2025-09-07 18:22:30,868 - INFO - ⏱️  更新耗时: 0:00:04.716934
2025-09-07 18:22:30,868 - INFO - 📈 实时行情: 0 条
2025-09-07 18:22:30,868 - INFO - 📊 本周K线: 0 条
2025-09-07 18:22:30,868 - INFO - 📅 交易日历: 0 条
2025-09-07 18:22:30,868 - INFO - ✅ 无错误
2025-09-07 18:22:30,868 - INFO - ============================================================
2025-09-07 18:22:30,879 - INFO - 🎉 本周数据更新完成！
2025-09-07 18:22:30,879 - INFO - 数据库连接已关闭
2025-09-07 18:22:30,879 - INFO - ✅ 每周数据更新成功完成
2025-09-07 18:22:52,665 - INFO - 🌟 每周数据更新程序启动
2025-09-07 18:22:52,666 - INFO - 🚀 开始每周数据更新...
2025-09-07 18:22:52,666 - INFO - ============================================================
2025-09-07 18:22:52,669 - INFO - ✅ 成功连接到MySQL数据库
2025-09-07 18:22:52,669 - INFO - 📊 开始更新近7个自然日现货期货价格数据）...
2025-09-07 18:22:52,670 - INFO - 📊 准备更新2024-01-02 00:00:00日现货期货价格数据
2025-09-07 18:22:53,294 - INFO - 📈 已处理2024-01-02 00:00:00日现货期货价格数据
2025-09-07 18:22:53,294 - INFO - 📊 准备更新2024-01-03 00:00:00日现货期货价格数据
2025-09-07 18:22:53,549 - INFO - 📈 已处理2024-01-03 00:00:00日现货期货价格数据
2025-09-07 18:22:53,549 - INFO - 📊 准备更新2024-01-04 00:00:00日现货期货价格数据
2025-09-07 18:22:53,806 - INFO - 📈 已处理2024-01-04 00:00:00日现货期货价格数据
2025-09-07 18:22:53,807 - INFO - 📊 准备更新2024-01-05 00:00:00日现货期货价格数据
2025-09-07 18:22:54,061 - INFO - 📈 已处理2024-01-05 00:00:00日现货期货价格数据
2025-09-07 18:22:54,061 - INFO - 📊 准备更新2024-01-06 00:00:00日现货期货价格数据
2025-09-07 18:22:54,062 - INFO - 📊 准备更新2024-01-07 00:00:00日现货期货价格数据
2025-09-07 18:22:54,062 - INFO - 📊 准备更新2024-01-08 00:00:00日现货期货价格数据
2025-09-07 18:22:54,385 - INFO - 📈 已处理2024-01-08 00:00:00日现货期货价格数据
2025-09-07 18:22:54,385 - INFO - 📊 准备更新2024-01-09 00:00:00日现货期货价格数据
2025-09-07 18:22:54,828 - INFO - 📈 已处理2024-01-09 00:00:00日现货期货价格数据
2025-09-07 18:22:54,828 - INFO - 📊 准备更新2024-01-10 00:00:00日现货期货价格数据
2025-09-07 18:22:55,107 - INFO - 📈 已处理2024-01-10 00:00:00日现货期货价格数据
2025-09-07 18:22:55,107 - INFO - 📊 准备更新2024-01-11 00:00:00日现货期货价格数据
2025-09-07 18:22:55,365 - INFO - 📈 已处理2024-01-11 00:00:00日现货期货价格数据
2025-09-07 18:22:55,365 - INFO - 📊 准备更新2024-01-12 00:00:00日现货期货价格数据
2025-09-07 18:22:55,609 - INFO - 📈 已处理2024-01-12 00:00:00日现货期货价格数据
2025-09-07 18:22:55,609 - INFO - 📊 准备更新2024-01-13 00:00:00日现货期货价格数据
2025-09-07 18:22:55,609 - INFO - 📊 准备更新2024-01-14 00:00:00日现货期货价格数据
2025-09-07 18:22:55,609 - INFO - 📊 准备更新2024-01-15 00:00:00日现货期货价格数据
2025-09-07 18:22:55,787 - INFO - 📈 已处理2024-01-15 00:00:00日现货期货价格数据
2025-09-07 18:22:55,787 - INFO - 📊 准备更新2024-01-16 00:00:00日现货期货价格数据
2025-09-07 18:22:56,036 - INFO - 📈 已处理2024-01-16 00:00:00日现货期货价格数据
2025-09-07 18:22:56,036 - INFO - 📊 准备更新2024-01-17 00:00:00日现货期货价格数据
2025-09-07 18:22:56,291 - INFO - 📈 已处理2024-01-17 00:00:00日现货期货价格数据
2025-09-07 18:22:56,291 - INFO - 📊 准备更新2024-01-18 00:00:00日现货期货价格数据
2025-09-07 18:22:56,508 - INFO - 📈 已处理2024-01-18 00:00:00日现货期货价格数据
2025-09-07 18:22:56,508 - INFO - 📊 准备更新2024-01-19 00:00:00日现货期货价格数据
2025-09-07 18:22:56,774 - INFO - 📈 已处理2024-01-19 00:00:00日现货期货价格数据
2025-09-07 18:22:56,774 - INFO - 📊 准备更新2024-01-20 00:00:00日现货期货价格数据
2025-09-07 18:22:56,774 - INFO - 📊 准备更新2024-01-21 00:00:00日现货期货价格数据
2025-09-07 18:22:56,774 - INFO - 📊 准备更新2024-01-22 00:00:00日现货期货价格数据
2025-09-07 18:22:57,002 - INFO - 📈 已处理2024-01-22 00:00:00日现货期货价格数据
2025-09-07 18:22:57,002 - INFO - 📊 准备更新2024-01-23 00:00:00日现货期货价格数据
2025-09-07 18:22:57,232 - INFO - 📈 已处理2024-01-23 00:00:00日现货期货价格数据
2025-09-07 18:22:57,232 - INFO - 📊 准备更新2024-01-24 00:00:00日现货期货价格数据
2025-09-07 18:22:57,483 - INFO - 📈 已处理2024-01-24 00:00:00日现货期货价格数据
2025-09-07 18:22:57,483 - INFO - 📊 准备更新2024-01-25 00:00:00日现货期货价格数据
2025-09-07 18:22:57,712 - INFO - 📈 已处理2024-01-25 00:00:00日现货期货价格数据
2025-09-07 18:22:57,713 - INFO - 📊 准备更新2024-01-26 00:00:00日现货期货价格数据
2025-09-07 18:22:57,964 - INFO - 📈 已处理2024-01-26 00:00:00日现货期货价格数据
2025-09-07 18:22:57,964 - INFO - 📊 准备更新2024-01-27 00:00:00日现货期货价格数据
2025-09-07 18:22:57,965 - INFO - 📊 准备更新2024-01-28 00:00:00日现货期货价格数据
2025-09-07 18:22:57,966 - INFO - 📊 准备更新2024-01-29 00:00:00日现货期货价格数据
2025-09-07 18:22:58,198 - INFO - 📈 已处理2024-01-29 00:00:00日现货期货价格数据
2025-09-07 18:22:58,198 - INFO - 📊 准备更新2024-01-30 00:00:00日现货期货价格数据
2025-09-07 18:22:58,465 - INFO - 📈 已处理2024-01-30 00:00:00日现货期货价格数据
2025-09-07 18:22:58,465 - INFO - 📊 准备更新2024-01-31 00:00:00日现货期货价格数据
2025-09-07 18:22:58,726 - INFO - 📈 已处理2024-01-31 00:00:00日现货期货价格数据
2025-09-07 18:22:58,726 - INFO - 📊 准备更新2024-02-01 00:00:00日现货期货价格数据
2025-09-07 18:22:58,916 - INFO - 📈 已处理2024-02-01 00:00:00日现货期货价格数据
2025-09-07 18:22:58,916 - INFO - 📊 准备更新2024-02-02 00:00:00日现货期货价格数据
2025-09-07 18:22:59,169 - INFO - 📈 已处理2024-02-02 00:00:00日现货期货价格数据
2025-09-07 18:22:59,169 - INFO - 📊 准备更新2024-02-03 00:00:00日现货期货价格数据
2025-09-07 18:22:59,169 - INFO - 📊 准备更新2024-02-04 00:00:00日现货期货价格数据
2025-09-07 18:22:59,169 - INFO - 📊 准备更新2024-02-05 00:00:00日现货期货价格数据
2025-09-07 18:22:59,438 - INFO - 📈 已处理2024-02-05 00:00:00日现货期货价格数据
2025-09-07 18:22:59,438 - INFO - 📊 准备更新2024-02-06 00:00:00日现货期货价格数据
2025-09-07 18:23:00,006 - INFO - 📈 已处理2024-02-06 00:00:00日现货期货价格数据
2025-09-07 18:23:00,006 - INFO - 📊 准备更新2024-02-07 00:00:00日现货期货价格数据
2025-09-07 18:23:00,240 - INFO - 📈 已处理2024-02-07 00:00:00日现货期货价格数据
2025-09-07 18:23:00,240 - INFO - 📊 准备更新2024-02-08 00:00:00日现货期货价格数据
2025-09-07 18:23:00,487 - INFO - 📈 已处理2024-02-08 00:00:00日现货期货价格数据
2025-09-07 18:23:00,492 - INFO - 📊 准备更新2024-02-09 00:00:00日现货期货价格数据
2025-09-07 18:23:00,492 - INFO - 📊 准备更新2024-02-10 00:00:00日现货期货价格数据
2025-09-07 18:23:00,493 - INFO - 📊 准备更新2024-02-11 00:00:00日现货期货价格数据
2025-09-07 18:23:00,493 - INFO - 📊 准备更新2024-02-12 00:00:00日现货期货价格数据
2025-09-07 18:23:00,493 - INFO - 📊 准备更新2024-02-13 00:00:00日现货期货价格数据
2025-09-07 18:23:00,493 - INFO - 📊 准备更新2024-02-14 00:00:00日现货期货价格数据
2025-09-07 18:23:00,493 - INFO - 📊 准备更新2024-02-15 00:00:00日现货期货价格数据
2025-09-07 18:23:00,493 - INFO - 📊 准备更新2024-02-16 00:00:00日现货期货价格数据
2025-09-07 18:23:00,498 - INFO - 📊 准备更新2024-02-17 00:00:00日现货期货价格数据
2025-09-07 18:23:00,498 - INFO - 📊 准备更新2024-02-18 00:00:00日现货期货价格数据
2025-09-07 18:23:00,499 - INFO - 📊 准备更新2024-02-19 00:00:00日现货期货价格数据
2025-09-07 18:23:00,762 - INFO - 📈 已处理2024-02-19 00:00:00日现货期货价格数据
2025-09-07 18:23:00,762 - INFO - 📊 准备更新2024-02-20 00:00:00日现货期货价格数据
2025-09-07 18:23:01,016 - INFO - 📈 已处理2024-02-20 00:00:00日现货期货价格数据
2025-09-07 18:23:01,016 - INFO - 📊 准备更新2024-02-21 00:00:00日现货期货价格数据
2025-09-07 18:23:01,386 - INFO - 📈 已处理2024-02-21 00:00:00日现货期货价格数据
2025-09-07 18:23:01,386 - INFO - 📊 准备更新2024-02-22 00:00:00日现货期货价格数据
2025-09-07 18:23:01,655 - INFO - 📈 已处理2024-02-22 00:00:00日现货期货价格数据
2025-09-07 18:23:01,655 - INFO - 📊 准备更新2024-02-23 00:00:00日现货期货价格数据
2025-09-07 18:23:02,033 - INFO - 📈 已处理2024-02-23 00:00:00日现货期货价格数据
2025-09-07 18:23:02,033 - INFO - 📊 准备更新2024-02-24 00:00:00日现货期货价格数据
2025-09-07 18:23:02,033 - INFO - 📊 准备更新2024-02-25 00:00:00日现货期货价格数据
2025-09-07 18:23:02,038 - INFO - 📊 准备更新2024-02-26 00:00:00日现货期货价格数据
2025-09-07 18:23:02,325 - INFO - 📈 已处理2024-02-26 00:00:00日现货期货价格数据
2025-09-07 18:23:02,325 - INFO - 📊 准备更新2024-02-27 00:00:00日现货期货价格数据
2025-09-07 18:23:02,573 - INFO - 📈 已处理2024-02-27 00:00:00日现货期货价格数据
2025-09-07 18:23:02,573 - INFO - 📊 准备更新2024-02-28 00:00:00日现货期货价格数据
2025-09-07 18:23:02,844 - INFO - 📈 已处理2024-02-28 00:00:00日现货期货价格数据
2025-09-07 18:23:02,844 - INFO - 📊 准备更新2024-02-29 00:00:00日现货期货价格数据
2025-09-07 18:23:03,426 - INFO - 📈 已处理2024-02-29 00:00:00日现货期货价格数据
2025-09-07 18:23:03,426 - INFO - 📊 准备更新2024-03-01 00:00:00日现货期货价格数据
2025-09-07 18:23:03,766 - INFO - 📈 已处理2024-03-01 00:00:00日现货期货价格数据
2025-09-07 18:23:03,766 - INFO - 📊 准备更新2024-03-02 00:00:00日现货期货价格数据
2025-09-07 18:23:03,766 - INFO - 📊 准备更新2024-03-03 00:00:00日现货期货价格数据
2025-09-07 18:23:03,766 - INFO - 📊 准备更新2024-03-04 00:00:00日现货期货价格数据
2025-09-07 18:23:04,044 - INFO - 📈 已处理2024-03-04 00:00:00日现货期货价格数据
2025-09-07 18:23:04,044 - INFO - 📊 准备更新2024-03-05 00:00:00日现货期货价格数据
2025-09-07 18:23:04,326 - INFO - 📈 已处理2024-03-05 00:00:00日现货期货价格数据
2025-09-07 18:23:04,326 - INFO - 📊 准备更新2024-03-06 00:00:00日现货期货价格数据
2025-09-07 18:23:04,555 - INFO - 📈 已处理2024-03-06 00:00:00日现货期货价格数据
2025-09-07 18:23:04,555 - INFO - 📊 准备更新2024-03-07 00:00:00日现货期货价格数据
2025-09-07 18:23:04,797 - INFO - 📈 已处理2024-03-07 00:00:00日现货期货价格数据
2025-09-07 18:23:04,797 - INFO - 📊 准备更新2024-03-08 00:00:00日现货期货价格数据
2025-09-07 18:23:05,030 - INFO - 📈 已处理2024-03-08 00:00:00日现货期货价格数据
2025-09-07 18:23:05,033 - INFO - 📊 准备更新2024-03-09 00:00:00日现货期货价格数据
2025-09-07 18:23:05,033 - INFO - 📊 准备更新2024-03-10 00:00:00日现货期货价格数据
2025-09-07 18:23:05,033 - INFO - 📊 准备更新2024-03-11 00:00:00日现货期货价格数据
2025-09-07 18:23:05,250 - INFO - 📈 已处理2024-03-11 00:00:00日现货期货价格数据
2025-09-07 18:23:05,250 - INFO - 📊 准备更新2024-03-12 00:00:00日现货期货价格数据
2025-09-07 18:23:05,474 - INFO - 📈 已处理2024-03-12 00:00:00日现货期货价格数据
2025-09-07 18:23:05,474 - INFO - 📊 准备更新2024-03-13 00:00:00日现货期货价格数据
2025-09-07 18:23:05,690 - INFO - 📈 已处理2024-03-13 00:00:00日现货期货价格数据
2025-09-07 18:23:05,690 - INFO - 📊 准备更新2024-03-14 00:00:00日现货期货价格数据
2025-09-07 18:23:05,963 - INFO - 📈 已处理2024-03-14 00:00:00日现货期货价格数据
2025-09-07 18:23:05,963 - INFO - 📊 准备更新2024-03-15 00:00:00日现货期货价格数据
2025-09-07 18:23:07,224 - INFO - 📈 已处理2024-03-15 00:00:00日现货期货价格数据
2025-09-07 18:23:07,224 - INFO - 📊 准备更新2024-03-16 00:00:00日现货期货价格数据
2025-09-07 18:23:07,225 - INFO - 📊 准备更新2024-03-17 00:00:00日现货期货价格数据
2025-09-07 18:23:07,225 - INFO - 📊 准备更新2024-03-18 00:00:00日现货期货价格数据
2025-09-07 18:23:07,493 - INFO - 📈 已处理2024-03-18 00:00:00日现货期货价格数据
2025-09-07 18:23:07,493 - INFO - 📊 准备更新2024-03-19 00:00:00日现货期货价格数据
2025-09-07 18:23:07,770 - INFO - 📈 已处理2024-03-19 00:00:00日现货期货价格数据
2025-09-07 18:23:07,770 - INFO - 📊 准备更新2024-03-20 00:00:00日现货期货价格数据
2025-09-07 18:23:08,013 - INFO - 📈 已处理2024-03-20 00:00:00日现货期货价格数据
2025-09-07 18:23:08,013 - INFO - 📊 准备更新2024-03-21 00:00:00日现货期货价格数据
2025-09-07 18:23:08,238 - INFO - 📈 已处理2024-03-21 00:00:00日现货期货价格数据
2025-09-07 18:23:08,238 - INFO - 📊 准备更新2024-03-22 00:00:00日现货期货价格数据
2025-09-07 18:23:08,494 - INFO - 📈 已处理2024-03-22 00:00:00日现货期货价格数据
2025-09-07 18:23:08,494 - INFO - 📊 准备更新2024-03-23 00:00:00日现货期货价格数据
2025-09-07 18:23:08,494 - INFO - 📊 准备更新2024-03-24 00:00:00日现货期货价格数据
2025-09-07 18:23:08,495 - INFO - 📊 准备更新2024-03-25 00:00:00日现货期货价格数据
2025-09-07 18:23:08,744 - INFO - 📈 已处理2024-03-25 00:00:00日现货期货价格数据
2025-09-07 18:23:08,746 - INFO - 📊 准备更新2024-03-26 00:00:00日现货期货价格数据
2025-09-07 18:23:08,993 - INFO - 📈 已处理2024-03-26 00:00:00日现货期货价格数据
2025-09-07 18:23:08,993 - INFO - 📊 准备更新2024-03-27 00:00:00日现货期货价格数据
2025-09-07 18:23:09,223 - INFO - 📈 已处理2024-03-27 00:00:00日现货期货价格数据
2025-09-07 18:23:09,223 - INFO - 📊 准备更新2024-03-28 00:00:00日现货期货价格数据
2025-09-07 18:23:09,466 - INFO - 📈 已处理2024-03-28 00:00:00日现货期货价格数据
2025-09-07 18:23:09,466 - INFO - 📊 准备更新2024-03-29 00:00:00日现货期货价格数据
2025-09-07 18:23:09,736 - INFO - 📈 已处理2024-03-29 00:00:00日现货期货价格数据
2025-09-07 18:23:09,736 - INFO - 📊 准备更新2024-03-30 00:00:00日现货期货价格数据
2025-09-07 18:23:09,736 - INFO - 📊 准备更新2024-03-31 00:00:00日现货期货价格数据
2025-09-07 18:23:09,736 - INFO - 📊 准备更新2024-04-01 00:00:00日现货期货价格数据
2025-09-07 18:23:09,977 - INFO - 📈 已处理2024-04-01 00:00:00日现货期货价格数据
2025-09-07 18:23:09,977 - INFO - 📊 准备更新2024-04-02 00:00:00日现货期货价格数据
2025-09-07 18:23:10,237 - INFO - 📈 已处理2024-04-02 00:00:00日现货期货价格数据
2025-09-07 18:23:10,237 - INFO - 📊 准备更新2024-04-03 00:00:00日现货期货价格数据
2025-09-07 18:23:10,497 - INFO - 📈 已处理2024-04-03 00:00:00日现货期货价格数据
2025-09-07 18:23:10,497 - INFO - 📊 准备更新2024-04-04 00:00:00日现货期货价格数据
2025-09-07 18:23:10,502 - INFO - 📊 准备更新2024-04-05 00:00:00日现货期货价格数据
2025-09-07 18:23:10,503 - INFO - 📊 准备更新2024-04-06 00:00:00日现货期货价格数据
2025-09-07 18:23:10,503 - INFO - 📊 准备更新2024-04-07 00:00:00日现货期货价格数据
2025-09-07 18:23:10,504 - INFO - 📊 准备更新2024-04-08 00:00:00日现货期货价格数据
2025-09-07 18:23:10,745 - INFO - 📈 已处理2024-04-08 00:00:00日现货期货价格数据
2025-09-07 18:23:10,745 - INFO - 📊 准备更新2024-04-09 00:00:00日现货期货价格数据
2025-09-07 18:23:11,004 - INFO - 📈 已处理2024-04-09 00:00:00日现货期货价格数据
2025-09-07 18:23:11,004 - INFO - 📊 准备更新2024-04-10 00:00:00日现货期货价格数据
2025-09-07 18:23:11,265 - INFO - 📈 已处理2024-04-10 00:00:00日现货期货价格数据
2025-09-07 18:23:11,266 - INFO - 📊 准备更新2024-04-11 00:00:00日现货期货价格数据
2025-09-07 18:23:11,538 - INFO - 📈 已处理2024-04-11 00:00:00日现货期货价格数据
2025-09-07 18:23:11,539 - INFO - 📊 准备更新2024-04-12 00:00:00日现货期货价格数据
2025-09-07 18:23:11,800 - INFO - 📈 已处理2024-04-12 00:00:00日现货期货价格数据
2025-09-07 18:23:11,801 - INFO - 📊 准备更新2024-04-13 00:00:00日现货期货价格数据
2025-09-07 18:23:11,802 - INFO - 📊 准备更新2024-04-14 00:00:00日现货期货价格数据
2025-09-07 18:23:11,802 - INFO - 📊 准备更新2024-04-15 00:00:00日现货期货价格数据
2025-09-07 18:23:12,030 - INFO - 📈 已处理2024-04-15 00:00:00日现货期货价格数据
2025-09-07 18:23:12,030 - INFO - 📊 准备更新2024-04-16 00:00:00日现货期货价格数据
2025-09-07 18:23:12,254 - INFO - 📈 已处理2024-04-16 00:00:00日现货期货价格数据
2025-09-07 18:23:12,254 - INFO - 📊 准备更新2024-04-17 00:00:00日现货期货价格数据
2025-09-07 18:23:12,493 - INFO - 📈 已处理2024-04-17 00:00:00日现货期货价格数据
2025-09-07 18:23:12,493 - INFO - 📊 准备更新2024-04-18 00:00:00日现货期货价格数据
2025-09-07 18:23:12,744 - INFO - 📈 已处理2024-04-18 00:00:00日现货期货价格数据
2025-09-07 18:23:12,744 - INFO - 📊 准备更新2024-04-19 00:00:00日现货期货价格数据
2025-09-07 18:23:12,962 - INFO - 📈 已处理2024-04-19 00:00:00日现货期货价格数据
2025-09-07 18:23:12,962 - INFO - 📊 准备更新2024-04-20 00:00:00日现货期货价格数据
2025-09-07 18:23:12,963 - INFO - 📊 准备更新2024-04-21 00:00:00日现货期货价格数据
2025-09-07 18:23:12,963 - INFO - 📊 准备更新2024-04-22 00:00:00日现货期货价格数据
2025-09-07 18:23:13,255 - INFO - 📈 已处理2024-04-22 00:00:00日现货期货价格数据
2025-09-07 18:23:13,255 - INFO - 📊 准备更新2024-04-23 00:00:00日现货期货价格数据
2025-09-07 18:23:13,487 - INFO - 📈 已处理2024-04-23 00:00:00日现货期货价格数据
2025-09-07 18:23:13,487 - INFO - 📊 准备更新2024-04-24 00:00:00日现货期货价格数据
2025-09-07 18:23:13,742 - INFO - 📈 已处理2024-04-24 00:00:00日现货期货价格数据
2025-09-07 18:23:13,743 - INFO - 📊 准备更新2024-04-25 00:00:00日现货期货价格数据
2025-09-07 18:23:13,987 - INFO - 📈 已处理2024-04-25 00:00:00日现货期货价格数据
2025-09-07 18:23:13,987 - INFO - 📊 准备更新2024-04-26 00:00:00日现货期货价格数据
2025-09-07 18:23:14,212 - INFO - 📈 已处理2024-04-26 00:00:00日现货期货价格数据
2025-09-07 18:23:14,212 - INFO - 📊 准备更新2024-04-27 00:00:00日现货期货价格数据
2025-09-07 18:23:14,212 - INFO - 📊 准备更新2024-04-28 00:00:00日现货期货价格数据
2025-09-07 18:23:14,212 - INFO - 📊 准备更新2024-04-29 00:00:00日现货期货价格数据
2025-09-07 18:23:14,474 - INFO - 📈 已处理2024-04-29 00:00:00日现货期货价格数据
2025-09-07 18:23:14,474 - INFO - 📊 准备更新2024-04-30 00:00:00日现货期货价格数据
2025-09-07 18:23:14,690 - INFO - 📈 已处理2024-04-30 00:00:00日现货期货价格数据
2025-09-07 18:23:14,690 - INFO - 📊 准备更新2024-05-01 00:00:00日现货期货价格数据
2025-09-07 18:23:14,690 - INFO - 📊 准备更新2024-05-02 00:00:00日现货期货价格数据
2025-09-07 18:23:14,690 - INFO - 📊 准备更新2024-05-03 00:00:00日现货期货价格数据
2025-09-07 18:23:14,690 - INFO - 📊 准备更新2024-05-04 00:00:00日现货期货价格数据
2025-09-07 18:23:14,690 - INFO - 📊 准备更新2024-05-05 00:00:00日现货期货价格数据
2025-09-07 18:23:14,690 - INFO - 📊 准备更新2024-05-06 00:00:00日现货期货价格数据
2025-09-07 18:23:14,935 - INFO - 📈 已处理2024-05-06 00:00:00日现货期货价格数据
2025-09-07 18:23:14,935 - INFO - 📊 准备更新2024-05-07 00:00:00日现货期货价格数据
2025-09-07 18:23:15,185 - INFO - 📈 已处理2024-05-07 00:00:00日现货期货价格数据
2025-09-07 18:23:15,185 - INFO - 📊 准备更新2024-05-08 00:00:00日现货期货价格数据
2025-09-07 18:23:15,436 - INFO - 📈 已处理2024-05-08 00:00:00日现货期货价格数据
2025-09-07 18:23:15,436 - INFO - 📊 准备更新2024-05-09 00:00:00日现货期货价格数据
2025-09-07 18:23:15,717 - INFO - 📈 已处理2024-05-09 00:00:00日现货期货价格数据
2025-09-07 18:23:15,717 - INFO - 📊 准备更新2024-05-10 00:00:00日现货期货价格数据
2025-09-07 18:23:15,942 - INFO - 📈 已处理2024-05-10 00:00:00日现货期货价格数据
2025-09-07 18:23:15,942 - INFO - 📊 准备更新2024-05-11 00:00:00日现货期货价格数据
2025-09-07 18:23:15,942 - INFO - 📊 准备更新2024-05-12 00:00:00日现货期货价格数据
2025-09-07 18:23:15,942 - INFO - 📊 准备更新2024-05-13 00:00:00日现货期货价格数据
2025-09-07 18:23:16,261 - INFO - 📈 已处理2024-05-13 00:00:00日现货期货价格数据
2025-09-07 18:23:16,261 - INFO - 📊 准备更新2024-05-14 00:00:00日现货期货价格数据
2025-09-07 18:23:16,622 - INFO - 📈 已处理2024-05-14 00:00:00日现货期货价格数据
2025-09-07 18:23:16,622 - INFO - 📊 准备更新2024-05-15 00:00:00日现货期货价格数据
2025-09-07 18:23:16,872 - INFO - 📈 已处理2024-05-15 00:00:00日现货期货价格数据
2025-09-07 18:23:16,872 - INFO - 📊 准备更新2024-05-16 00:00:00日现货期货价格数据
2025-09-07 18:23:17,119 - INFO - 📈 已处理2024-05-16 00:00:00日现货期货价格数据
2025-09-07 18:23:17,119 - INFO - 📊 准备更新2024-05-17 00:00:00日现货期货价格数据
2025-09-07 18:23:17,379 - INFO - 📈 已处理2024-05-17 00:00:00日现货期货价格数据
2025-09-07 18:23:17,379 - INFO - 📊 准备更新2024-05-18 00:00:00日现货期货价格数据
2025-09-07 18:23:17,379 - INFO - 📊 准备更新2024-05-19 00:00:00日现货期货价格数据
2025-09-07 18:23:17,382 - INFO - 📊 准备更新2024-05-20 00:00:00日现货期货价格数据
2025-09-07 18:23:17,619 - INFO - 📈 已处理2024-05-20 00:00:00日现货期货价格数据
2025-09-07 18:23:17,619 - INFO - 📊 准备更新2024-05-21 00:00:00日现货期货价格数据
2025-09-07 18:23:17,858 - INFO - 📈 已处理2024-05-21 00:00:00日现货期货价格数据
2025-09-07 18:23:17,863 - INFO - 📊 准备更新2024-05-22 00:00:00日现货期货价格数据
2025-09-07 18:23:18,927 - INFO - 📈 已处理2024-05-22 00:00:00日现货期货价格数据
2025-09-07 18:23:18,927 - INFO - 📊 准备更新2024-05-23 00:00:00日现货期货价格数据
2025-09-07 18:23:19,183 - INFO - 📈 已处理2024-05-23 00:00:00日现货期货价格数据
2025-09-07 18:23:19,183 - INFO - 📊 准备更新2024-05-24 00:00:00日现货期货价格数据
2025-09-07 18:23:19,440 - INFO - 📈 已处理2024-05-24 00:00:00日现货期货价格数据
2025-09-07 18:23:19,440 - INFO - 📊 准备更新2024-05-25 00:00:00日现货期货价格数据
2025-09-07 18:23:19,440 - INFO - 📊 准备更新2024-05-26 00:00:00日现货期货价格数据
2025-09-07 18:23:19,441 - INFO - 📊 准备更新2024-05-27 00:00:00日现货期货价格数据
2025-09-07 18:23:19,767 - INFO - 📈 已处理2024-05-27 00:00:00日现货期货价格数据
2025-09-07 18:23:19,769 - INFO - 📊 准备更新2024-05-28 00:00:00日现货期货价格数据
2025-09-07 18:23:20,487 - INFO - 📈 已处理2024-05-28 00:00:00日现货期货价格数据
2025-09-07 18:23:20,487 - INFO - 📊 准备更新2024-05-29 00:00:00日现货期货价格数据
2025-09-07 18:23:20,931 - INFO - 📈 已处理2024-05-29 00:00:00日现货期货价格数据
2025-09-07 18:23:20,931 - INFO - 📊 准备更新2024-05-30 00:00:00日现货期货价格数据
2025-09-07 18:23:21,148 - INFO - 📈 已处理2024-05-30 00:00:00日现货期货价格数据
2025-09-07 18:23:21,148 - INFO - 📊 准备更新2024-05-31 00:00:00日现货期货价格数据
2025-09-07 18:23:21,401 - INFO - 📈 已处理2024-05-31 00:00:00日现货期货价格数据
2025-09-07 18:23:21,401 - INFO - 📊 准备更新2024-06-01 00:00:00日现货期货价格数据
2025-09-07 18:23:21,401 - INFO - 📊 准备更新2024-06-02 00:00:00日现货期货价格数据
2025-09-07 18:23:21,401 - INFO - 📊 准备更新2024-06-03 00:00:00日现货期货价格数据
2025-09-07 18:23:22,096 - INFO - 📈 已处理2024-06-03 00:00:00日现货期货价格数据
2025-09-07 18:23:22,097 - INFO - 📊 准备更新2024-06-04 00:00:00日现货期货价格数据
2025-09-07 18:23:22,724 - INFO - 📈 已处理2024-06-04 00:00:00日现货期货价格数据
2025-09-07 18:23:22,724 - INFO - 📊 准备更新2024-06-05 00:00:00日现货期货价格数据
2025-09-07 18:23:22,979 - INFO - 📈 已处理2024-06-05 00:00:00日现货期货价格数据
2025-09-07 18:23:22,979 - INFO - 📊 准备更新2024-06-06 00:00:00日现货期货价格数据
2025-09-07 18:23:23,280 - INFO - 📈 已处理2024-06-06 00:00:00日现货期货价格数据
2025-09-07 18:23:23,280 - INFO - 📊 准备更新2024-06-07 00:00:00日现货期货价格数据
2025-09-07 18:23:23,518 - INFO - 📈 已处理2024-06-07 00:00:00日现货期货价格数据
2025-09-07 18:23:23,518 - INFO - 📊 准备更新2024-06-08 00:00:00日现货期货价格数据
2025-09-07 18:23:23,518 - INFO - 📊 准备更新2024-06-09 00:00:00日现货期货价格数据
2025-09-07 18:23:23,518 - INFO - 📊 准备更新2024-06-10 00:00:00日现货期货价格数据
2025-09-07 18:23:23,523 - INFO - 📊 准备更新2024-06-11 00:00:00日现货期货价格数据
2025-09-07 18:23:23,781 - INFO - 📈 已处理2024-06-11 00:00:00日现货期货价格数据
2025-09-07 18:23:23,781 - INFO - 📊 准备更新2024-06-12 00:00:00日现货期货价格数据
2025-09-07 18:23:24,004 - INFO - 📈 已处理2024-06-12 00:00:00日现货期货价格数据
2025-09-07 18:23:24,006 - INFO - 📊 准备更新2024-06-13 00:00:00日现货期货价格数据
2025-09-07 18:23:24,399 - INFO - 📈 已处理2024-06-13 00:00:00日现货期货价格数据
2025-09-07 18:23:24,399 - INFO - 📊 准备更新2024-06-14 00:00:00日现货期货价格数据
2025-09-07 18:23:24,642 - INFO - 📈 已处理2024-06-14 00:00:00日现货期货价格数据
2025-09-07 18:23:24,642 - INFO - 📊 准备更新2024-06-15 00:00:00日现货期货价格数据
2025-09-07 18:23:24,642 - INFO - 📊 准备更新2024-06-16 00:00:00日现货期货价格数据
2025-09-07 18:23:24,647 - INFO - 📊 准备更新2024-06-17 00:00:00日现货期货价格数据
2025-09-07 18:23:24,879 - INFO - 📈 已处理2024-06-17 00:00:00日现货期货价格数据
2025-09-07 18:23:24,879 - INFO - 📊 准备更新2024-06-18 00:00:00日现货期货价格数据
2025-09-07 18:23:25,130 - INFO - 📈 已处理2024-06-18 00:00:00日现货期货价格数据
2025-09-07 18:23:25,130 - INFO - 📊 准备更新2024-06-19 00:00:00日现货期货价格数据
2025-09-07 18:23:25,369 - INFO - 📈 已处理2024-06-19 00:00:00日现货期货价格数据
2025-09-07 18:23:25,369 - INFO - 📊 准备更新2024-06-20 00:00:00日现货期货价格数据
2025-09-07 18:23:25,587 - INFO - 📈 已处理2024-06-20 00:00:00日现货期货价格数据
2025-09-07 18:23:25,587 - INFO - 📊 准备更新2024-06-21 00:00:00日现货期货价格数据
2025-09-07 18:23:25,814 - INFO - 📈 已处理2024-06-21 00:00:00日现货期货价格数据
2025-09-07 18:23:25,814 - INFO - 📊 准备更新2024-06-22 00:00:00日现货期货价格数据
2025-09-07 18:23:25,814 - INFO - 📊 准备更新2024-06-23 00:00:00日现货期货价格数据
2025-09-07 18:23:25,815 - INFO - 📊 准备更新2024-06-24 00:00:00日现货期货价格数据
2025-09-07 18:23:26,033 - INFO - 📈 已处理2024-06-24 00:00:00日现货期货价格数据
2025-09-07 18:23:26,033 - INFO - 📊 准备更新2024-06-25 00:00:00日现货期货价格数据
2025-09-07 18:23:26,255 - INFO - 📈 已处理2024-06-25 00:00:00日现货期货价格数据
2025-09-07 18:23:26,255 - INFO - 📊 准备更新2024-06-26 00:00:00日现货期货价格数据
2025-09-07 18:23:26,472 - INFO - 📈 已处理2024-06-26 00:00:00日现货期货价格数据
2025-09-07 18:23:26,472 - INFO - 📊 准备更新2024-06-27 00:00:00日现货期货价格数据
2025-09-07 18:23:26,734 - INFO - 📈 已处理2024-06-27 00:00:00日现货期货价格数据
2025-09-07 18:23:26,734 - INFO - 📊 准备更新2024-06-28 00:00:00日现货期货价格数据
2025-09-07 18:23:26,959 - INFO - 📈 已处理2024-06-28 00:00:00日现货期货价格数据
2025-09-07 18:23:26,959 - INFO - 📊 准备更新2024-06-29 00:00:00日现货期货价格数据
2025-09-07 18:23:26,959 - INFO - 📊 准备更新2024-06-30 00:00:00日现货期货价格数据
2025-09-07 18:23:26,960 - INFO - 📊 准备更新2024-07-01 00:00:00日现货期货价格数据
2025-09-07 18:23:27,172 - INFO - 📈 已处理2024-07-01 00:00:00日现货期货价格数据
2025-09-07 18:23:27,172 - INFO - 📊 准备更新2024-07-02 00:00:00日现货期货价格数据
2025-09-07 18:23:27,431 - INFO - 📈 已处理2024-07-02 00:00:00日现货期货价格数据
2025-09-07 18:23:27,431 - INFO - 📊 准备更新2024-07-03 00:00:00日现货期货价格数据
2025-09-07 18:23:28,014 - INFO - 📈 已处理2024-07-03 00:00:00日现货期货价格数据
2025-09-07 18:23:28,014 - INFO - 📊 准备更新2024-07-04 00:00:00日现货期货价格数据
2025-09-07 18:23:28,265 - INFO - 📈 已处理2024-07-04 00:00:00日现货期货价格数据
2025-09-07 18:23:28,266 - INFO - 📊 准备更新2024-07-05 00:00:00日现货期货价格数据
2025-09-07 18:23:28,516 - INFO - 📈 已处理2024-07-05 00:00:00日现货期货价格数据
2025-09-07 18:23:28,516 - INFO - 📊 准备更新2024-07-06 00:00:00日现货期货价格数据
2025-09-07 18:23:28,516 - INFO - 📊 准备更新2024-07-07 00:00:00日现货期货价格数据
2025-09-07 18:23:28,518 - INFO - 📊 准备更新2024-07-08 00:00:00日现货期货价格数据
2025-09-07 18:23:28,771 - INFO - 📈 已处理2024-07-08 00:00:00日现货期货价格数据
2025-09-07 18:23:28,772 - INFO - 📊 准备更新2024-07-09 00:00:00日现货期货价格数据
2025-09-07 18:23:29,022 - INFO - 📈 已处理2024-07-09 00:00:00日现货期货价格数据
2025-09-07 18:23:29,022 - INFO - 📊 准备更新2024-07-10 00:00:00日现货期货价格数据
2025-09-07 18:23:29,251 - INFO - 📈 已处理2024-07-10 00:00:00日现货期货价格数据
2025-09-07 18:23:29,251 - INFO - 📊 准备更新2024-07-11 00:00:00日现货期货价格数据
2025-09-07 18:23:29,496 - INFO - 📈 已处理2024-07-11 00:00:00日现货期货价格数据
2025-09-07 18:23:29,496 - INFO - 📊 准备更新2024-07-12 00:00:00日现货期货价格数据
2025-09-07 18:23:29,755 - INFO - 📈 已处理2024-07-12 00:00:00日现货期货价格数据
2025-09-07 18:23:29,755 - INFO - 📊 准备更新2024-07-13 00:00:00日现货期货价格数据
2025-09-07 18:23:29,756 - INFO - 📊 准备更新2024-07-14 00:00:00日现货期货价格数据
2025-09-07 18:23:29,757 - INFO - 📊 准备更新2024-07-15 00:00:00日现货期货价格数据
2025-09-07 18:23:30,004 - INFO - 📈 已处理2024-07-15 00:00:00日现货期货价格数据
2025-09-07 18:23:30,004 - INFO - 📊 准备更新2024-07-16 00:00:00日现货期货价格数据
2025-09-07 18:23:30,213 - INFO - 📈 已处理2024-07-16 00:00:00日现货期货价格数据
2025-09-07 18:23:30,213 - INFO - 📊 准备更新2024-07-17 00:00:00日现货期货价格数据
2025-09-07 18:23:30,438 - INFO - 📈 已处理2024-07-17 00:00:00日现货期货价格数据
2025-09-07 18:23:30,438 - INFO - 📊 准备更新2024-07-18 00:00:00日现货期货价格数据
2025-09-07 18:23:30,719 - INFO - 📈 已处理2024-07-18 00:00:00日现货期货价格数据
2025-09-07 18:23:30,720 - INFO - 📊 准备更新2024-07-19 00:00:00日现货期货价格数据
2025-09-07 18:23:30,971 - INFO - 📈 已处理2024-07-19 00:00:00日现货期货价格数据
2025-09-07 18:23:30,972 - INFO - 📊 准备更新2024-07-20 00:00:00日现货期货价格数据
2025-09-07 18:23:30,972 - INFO - 📊 准备更新2024-07-21 00:00:00日现货期货价格数据
2025-09-07 18:23:30,973 - INFO - 📊 准备更新2024-07-22 00:00:00日现货期货价格数据
2025-09-07 18:23:31,219 - INFO - 📈 已处理2024-07-22 00:00:00日现货期货价格数据
2025-09-07 18:23:31,219 - INFO - 📊 准备更新2024-07-23 00:00:00日现货期货价格数据
2025-09-07 18:23:31,463 - INFO - 📈 已处理2024-07-23 00:00:00日现货期货价格数据
2025-09-07 18:23:31,463 - INFO - 📊 准备更新2024-07-24 00:00:00日现货期货价格数据
2025-09-07 18:23:31,721 - INFO - 📈 已处理2024-07-24 00:00:00日现货期货价格数据
2025-09-07 18:23:31,722 - INFO - 📊 准备更新2024-07-25 00:00:00日现货期货价格数据
2025-09-07 18:23:31,971 - INFO - 📈 已处理2024-07-25 00:00:00日现货期货价格数据
2025-09-07 18:23:31,971 - INFO - 📊 准备更新2024-07-26 00:00:00日现货期货价格数据
2025-09-07 18:23:32,231 - INFO - 📈 已处理2024-07-26 00:00:00日现货期货价格数据
2025-09-07 18:23:32,231 - INFO - 📊 准备更新2024-07-27 00:00:00日现货期货价格数据
2025-09-07 18:23:32,232 - INFO - 📊 准备更新2024-07-28 00:00:00日现货期货价格数据
2025-09-07 18:23:32,233 - INFO - 📊 准备更新2024-07-29 00:00:00日现货期货价格数据
2025-09-07 18:23:32,500 - INFO - 📈 已处理2024-07-29 00:00:00日现货期货价格数据
2025-09-07 18:23:32,500 - INFO - 📊 准备更新2024-07-30 00:00:00日现货期货价格数据
2025-09-07 18:23:32,744 - INFO - 📈 已处理2024-07-30 00:00:00日现货期货价格数据
2025-09-07 18:23:32,744 - INFO - 📊 准备更新2024-07-31 00:00:00日现货期货价格数据
2025-09-07 18:23:32,995 - INFO - 📈 已处理2024-07-31 00:00:00日现货期货价格数据
2025-09-07 18:23:32,995 - INFO - 📊 准备更新2024-08-01 00:00:00日现货期货价格数据
2025-09-07 18:23:34,019 - INFO - 📈 已处理2024-08-01 00:00:00日现货期货价格数据
2025-09-07 18:23:34,019 - INFO - 📊 准备更新2024-08-02 00:00:00日现货期货价格数据
2025-09-07 18:23:34,481 - INFO - 📈 已处理2024-08-02 00:00:00日现货期货价格数据
2025-09-07 18:23:34,481 - INFO - 📊 准备更新2024-08-03 00:00:00日现货期货价格数据
2025-09-07 18:23:34,481 - INFO - 📊 准备更新2024-08-04 00:00:00日现货期货价格数据
2025-09-07 18:23:34,481 - INFO - 📊 准备更新2024-08-05 00:00:00日现货期货价格数据
2025-09-07 18:23:34,718 - INFO - 📈 已处理2024-08-05 00:00:00日现货期货价格数据
2025-09-07 18:23:34,718 - INFO - 📊 准备更新2024-08-06 00:00:00日现货期货价格数据
2025-09-07 18:23:36,178 - INFO - 📈 已处理2024-08-06 00:00:00日现货期货价格数据
2025-09-07 18:23:36,179 - INFO - 📊 准备更新2024-08-07 00:00:00日现货期货价格数据
2025-09-07 18:23:36,411 - INFO - 📈 已处理2024-08-07 00:00:00日现货期货价格数据
2025-09-07 18:23:36,411 - INFO - 📊 准备更新2024-08-08 00:00:00日现货期货价格数据
2025-09-07 18:23:36,643 - INFO - 📈 已处理2024-08-08 00:00:00日现货期货价格数据
2025-09-07 18:23:36,643 - INFO - 📊 准备更新2024-08-09 00:00:00日现货期货价格数据
2025-09-07 18:23:36,857 - INFO - 📈 已处理2024-08-09 00:00:00日现货期货价格数据
2025-09-07 18:23:36,857 - INFO - 📊 准备更新2024-08-10 00:00:00日现货期货价格数据
2025-09-07 18:23:36,857 - INFO - 📊 准备更新2024-08-11 00:00:00日现货期货价格数据
2025-09-07 18:23:36,857 - INFO - 📊 准备更新2024-08-12 00:00:00日现货期货价格数据
2025-09-07 18:23:37,074 - INFO - 📈 已处理2024-08-12 00:00:00日现货期货价格数据
2025-09-07 18:23:37,074 - INFO - 📊 准备更新2024-08-13 00:00:00日现货期货价格数据
2025-09-07 18:23:37,327 - INFO - 📈 已处理2024-08-13 00:00:00日现货期货价格数据
2025-09-07 18:23:37,327 - INFO - 📊 准备更新2024-08-14 00:00:00日现货期货价格数据
2025-09-07 18:23:37,577 - INFO - 📈 已处理2024-08-14 00:00:00日现货期货价格数据
2025-09-07 18:23:37,577 - INFO - 📊 准备更新2024-08-15 00:00:00日现货期货价格数据
2025-09-07 18:23:37,788 - INFO - 📈 已处理2024-08-15 00:00:00日现货期货价格数据
2025-09-07 18:23:37,789 - INFO - 📊 准备更新2024-08-16 00:00:00日现货期货价格数据
2025-09-07 18:23:38,038 - INFO - 📈 已处理2024-08-16 00:00:00日现货期货价格数据
2025-09-07 18:23:38,039 - INFO - 📊 准备更新2024-08-17 00:00:00日现货期货价格数据
2025-09-07 18:23:38,039 - INFO - 📊 准备更新2024-08-18 00:00:00日现货期货价格数据
2025-09-07 18:23:38,040 - INFO - 📊 准备更新2024-08-19 00:00:00日现货期货价格数据
2025-09-07 18:23:38,293 - INFO - 📈 已处理2024-08-19 00:00:00日现货期货价格数据
2025-09-07 18:23:38,294 - INFO - 📊 准备更新2024-08-20 00:00:00日现货期货价格数据
2025-09-07 18:23:38,571 - INFO - 📈 已处理2024-08-20 00:00:00日现货期货价格数据
2025-09-07 18:23:38,571 - INFO - 📊 准备更新2024-08-21 00:00:00日现货期货价格数据
2025-09-07 18:23:38,815 - INFO - 📈 已处理2024-08-21 00:00:00日现货期货价格数据
2025-09-07 18:23:38,815 - INFO - 📊 准备更新2024-08-22 00:00:00日现货期货价格数据
2025-09-07 18:23:39,048 - INFO - 📈 已处理2024-08-22 00:00:00日现货期货价格数据
2025-09-07 18:23:39,050 - INFO - 📊 准备更新2024-08-23 00:00:00日现货期货价格数据
2025-09-07 18:23:39,283 - INFO - 📈 已处理2024-08-23 00:00:00日现货期货价格数据
2025-09-07 18:23:39,283 - INFO - 📊 准备更新2024-08-24 00:00:00日现货期货价格数据
2025-09-07 18:23:39,284 - INFO - 📊 准备更新2024-08-25 00:00:00日现货期货价格数据
2025-09-07 18:23:39,284 - INFO - 📊 准备更新2024-08-26 00:00:00日现货期货价格数据
2025-09-07 18:23:39,532 - INFO - 📈 已处理2024-08-26 00:00:00日现货期货价格数据
2025-09-07 18:23:39,532 - INFO - 📊 准备更新2024-08-27 00:00:00日现货期货价格数据
2025-09-07 18:23:39,750 - INFO - 📈 已处理2024-08-27 00:00:00日现货期货价格数据
2025-09-07 18:23:39,751 - INFO - 📊 准备更新2024-08-28 00:00:00日现货期货价格数据
2025-09-07 18:23:40,126 - INFO - 📈 已处理2024-08-28 00:00:00日现货期货价格数据
2025-09-07 18:23:40,127 - INFO - 📊 准备更新2024-08-29 00:00:00日现货期货价格数据
2025-09-07 18:23:40,407 - INFO - 📈 已处理2024-08-29 00:00:00日现货期货价格数据
2025-09-07 18:23:40,407 - INFO - 📊 准备更新2024-08-30 00:00:00日现货期货价格数据
2025-09-07 18:23:40,684 - INFO - 📈 已处理2024-08-30 00:00:00日现货期货价格数据
2025-09-07 18:23:40,684 - INFO - 📊 准备更新2024-08-31 00:00:00日现货期货价格数据
2025-09-07 18:23:40,684 - INFO - 📊 准备更新2024-09-01 00:00:00日现货期货价格数据
2025-09-07 18:23:40,689 - INFO - 📊 准备更新2024-09-02 00:00:00日现货期货价格数据
2025-09-07 18:23:40,931 - INFO - 📈 已处理2024-09-02 00:00:00日现货期货价格数据
2025-09-07 18:23:40,931 - INFO - 📊 准备更新2024-09-03 00:00:00日现货期货价格数据
2025-09-07 18:23:41,178 - INFO - 📈 已处理2024-09-03 00:00:00日现货期货价格数据
2025-09-07 18:23:41,178 - INFO - 📊 准备更新2024-09-04 00:00:00日现货期货价格数据
2025-09-07 18:23:41,430 - INFO - 📈 已处理2024-09-04 00:00:00日现货期货价格数据
2025-09-07 18:23:41,430 - INFO - 📊 准备更新2024-09-05 00:00:00日现货期货价格数据
2025-09-07 18:23:41,639 - INFO - 📈 已处理2024-09-05 00:00:00日现货期货价格数据
2025-09-07 18:23:41,639 - INFO - 📊 准备更新2024-09-06 00:00:00日现货期货价格数据
2025-09-07 18:23:41,878 - INFO - 📈 已处理2024-09-06 00:00:00日现货期货价格数据
2025-09-07 18:23:41,878 - INFO - 📊 准备更新2024-09-07 00:00:00日现货期货价格数据
2025-09-07 18:23:41,878 - INFO - 📊 准备更新2024-09-08 00:00:00日现货期货价格数据
2025-09-07 18:23:41,878 - INFO - 📊 准备更新2024-09-09 00:00:00日现货期货价格数据
2025-09-07 18:23:42,109 - INFO - 📈 已处理2024-09-09 00:00:00日现货期货价格数据
2025-09-07 18:23:42,109 - INFO - 📊 准备更新2024-09-10 00:00:00日现货期货价格数据
2025-09-07 18:23:42,649 - INFO - 📈 已处理2024-09-10 00:00:00日现货期货价格数据
2025-09-07 18:23:42,649 - INFO - 📊 准备更新2024-09-11 00:00:00日现货期货价格数据
2025-09-07 18:23:42,889 - INFO - 📈 已处理2024-09-11 00:00:00日现货期货价格数据
2025-09-07 18:23:42,889 - INFO - 📊 准备更新2024-09-12 00:00:00日现货期货价格数据
2025-09-07 18:23:43,107 - INFO - 📈 已处理2024-09-12 00:00:00日现货期货价格数据
2025-09-07 18:23:43,107 - INFO - 📊 准备更新2024-09-13 00:00:00日现货期货价格数据
2025-09-07 18:23:43,328 - INFO - 📈 已处理2024-09-13 00:00:00日现货期货价格数据
2025-09-07 18:23:43,328 - INFO - 📊 准备更新2024-09-14 00:00:00日现货期货价格数据
2025-09-07 18:23:43,329 - INFO - 📊 准备更新2024-09-15 00:00:00日现货期货价格数据
2025-09-07 18:23:43,330 - INFO - 📊 准备更新2024-09-16 00:00:00日现货期货价格数据
2025-09-07 18:23:43,330 - INFO - 📊 准备更新2024-09-17 00:00:00日现货期货价格数据
2025-09-07 18:23:43,331 - INFO - 📊 准备更新2024-09-18 00:00:00日现货期货价格数据
2025-09-07 18:23:43,578 - INFO - 📈 已处理2024-09-18 00:00:00日现货期货价格数据
2025-09-07 18:23:43,578 - INFO - 📊 准备更新2024-09-19 00:00:00日现货期货价格数据
2025-09-07 18:23:43,860 - INFO - 📈 已处理2024-09-19 00:00:00日现货期货价格数据
2025-09-07 18:23:43,860 - INFO - 📊 准备更新2024-09-20 00:00:00日现货期货价格数据
2025-09-07 18:23:44,080 - INFO - 📈 已处理2024-09-20 00:00:00日现货期货价格数据
2025-09-07 18:23:44,080 - INFO - 📊 准备更新2024-09-21 00:00:00日现货期货价格数据
2025-09-07 18:23:44,080 - INFO - 📊 准备更新2024-09-22 00:00:00日现货期货价格数据
2025-09-07 18:23:44,080 - INFO - 📊 准备更新2024-09-23 00:00:00日现货期货价格数据
2025-09-07 18:23:44,311 - INFO - 📈 已处理2024-09-23 00:00:00日现货期货价格数据
2025-09-07 18:23:44,311 - INFO - 📊 准备更新2024-09-24 00:00:00日现货期货价格数据
2025-09-07 18:23:44,569 - INFO - 📈 已处理2024-09-24 00:00:00日现货期货价格数据
2025-09-07 18:23:44,569 - INFO - 📊 准备更新2024-09-25 00:00:00日现货期货价格数据
2025-09-07 18:23:44,838 - INFO - 📈 已处理2024-09-25 00:00:00日现货期货价格数据
2025-09-07 18:23:44,838 - INFO - 📊 准备更新2024-09-26 00:00:00日现货期货价格数据
2025-09-07 18:23:45,120 - INFO - 📈 已处理2024-09-26 00:00:00日现货期货价格数据
2025-09-07 18:23:45,121 - INFO - 📊 准备更新2024-09-27 00:00:00日现货期货价格数据
2025-09-07 18:23:45,373 - INFO - 📈 已处理2024-09-27 00:00:00日现货期货价格数据
2025-09-07 18:23:45,373 - INFO - 📊 准备更新2024-09-28 00:00:00日现货期货价格数据
2025-09-07 18:23:45,374 - INFO - 📊 准备更新2024-09-29 00:00:00日现货期货价格数据
2025-09-07 18:23:45,375 - INFO - 📊 准备更新2024-09-30 00:00:00日现货期货价格数据
2025-09-07 18:23:45,615 - INFO - 📈 已处理2024-09-30 00:00:00日现货期货价格数据
2025-09-07 18:23:45,615 - INFO - 📊 准备更新2024-10-01 00:00:00日现货期货价格数据
2025-09-07 18:23:45,615 - INFO - 📊 准备更新2024-10-02 00:00:00日现货期货价格数据
2025-09-07 18:23:45,615 - INFO - 📊 准备更新2024-10-03 00:00:00日现货期货价格数据
2025-09-07 18:23:45,615 - INFO - 📊 准备更新2024-10-04 00:00:00日现货期货价格数据
2025-09-07 18:23:45,617 - INFO - 📊 准备更新2024-10-05 00:00:00日现货期货价格数据
2025-09-07 18:23:45,617 - INFO - 📊 准备更新2024-10-06 00:00:00日现货期货价格数据
2025-09-07 18:23:45,617 - INFO - 📊 准备更新2024-10-07 00:00:00日现货期货价格数据
2025-09-07 18:23:45,618 - INFO - 📊 准备更新2024-10-08 00:00:00日现货期货价格数据
2025-09-07 18:23:45,835 - INFO - 📈 已处理2024-10-08 00:00:00日现货期货价格数据
2025-09-07 18:23:45,835 - INFO - 📊 准备更新2024-10-09 00:00:00日现货期货价格数据
2025-09-07 18:23:46,087 - INFO - 📈 已处理2024-10-09 00:00:00日现货期货价格数据
2025-09-07 18:23:46,088 - INFO - 📊 准备更新2024-10-10 00:00:00日现货期货价格数据
2025-09-07 18:23:46,305 - INFO - 📈 已处理2024-10-10 00:00:00日现货期货价格数据
2025-09-07 18:23:46,305 - INFO - 📊 准备更新2024-10-11 00:00:00日现货期货价格数据
2025-09-07 18:23:46,566 - INFO - 📈 已处理2024-10-11 00:00:00日现货期货价格数据
2025-09-07 18:23:46,566 - INFO - 📊 准备更新2024-10-12 00:00:00日现货期货价格数据
2025-09-07 18:23:46,566 - INFO - 📊 准备更新2024-10-13 00:00:00日现货期货价格数据
2025-09-07 18:23:46,566 - INFO - 📊 准备更新2024-10-14 00:00:00日现货期货价格数据
2025-09-07 18:23:46,858 - INFO - 📈 已处理2024-10-14 00:00:00日现货期货价格数据
2025-09-07 18:23:46,859 - INFO - 📊 准备更新2024-10-15 00:00:00日现货期货价格数据
2025-09-07 18:23:47,082 - INFO - 📈 已处理2024-10-15 00:00:00日现货期货价格数据
2025-09-07 18:23:47,082 - INFO - 📊 准备更新2024-10-16 00:00:00日现货期货价格数据
2025-09-07 18:23:47,342 - INFO - 📈 已处理2024-10-16 00:00:00日现货期货价格数据
2025-09-07 18:23:47,342 - INFO - 📊 准备更新2024-10-17 00:00:00日现货期货价格数据
2025-09-07 18:23:47,581 - INFO - 📈 已处理2024-10-17 00:00:00日现货期货价格数据
2025-09-07 18:23:47,581 - INFO - 📊 准备更新2024-10-18 00:00:00日现货期货价格数据
2025-09-07 18:23:47,846 - INFO - 📈 已处理2024-10-18 00:00:00日现货期货价格数据
2025-09-07 18:23:47,846 - INFO - 📊 准备更新2024-10-19 00:00:00日现货期货价格数据
2025-09-07 18:23:47,846 - INFO - 📊 准备更新2024-10-20 00:00:00日现货期货价格数据
2025-09-07 18:23:47,847 - INFO - 📊 准备更新2024-10-21 00:00:00日现货期货价格数据
2025-09-07 18:23:48,062 - INFO - 📈 已处理2024-10-21 00:00:00日现货期货价格数据
2025-09-07 18:23:48,062 - INFO - 📊 准备更新2024-10-22 00:00:00日现货期货价格数据
2025-09-07 18:23:48,283 - INFO - 📈 已处理2024-10-22 00:00:00日现货期货价格数据
2025-09-07 18:23:48,283 - INFO - 📊 准备更新2024-10-23 00:00:00日现货期货价格数据
2025-09-07 18:23:48,973 - INFO - 📈 已处理2024-10-23 00:00:00日现货期货价格数据
2025-09-07 18:23:48,974 - INFO - 📊 准备更新2024-10-24 00:00:00日现货期货价格数据
2025-09-07 18:23:49,216 - INFO - 📈 已处理2024-10-24 00:00:00日现货期货价格数据
2025-09-07 18:23:49,216 - INFO - 📊 准备更新2024-10-25 00:00:00日现货期货价格数据
2025-09-07 18:23:49,456 - INFO - 📈 已处理2024-10-25 00:00:00日现货期货价格数据
2025-09-07 18:23:49,456 - INFO - 📊 准备更新2024-10-26 00:00:00日现货期货价格数据
2025-09-07 18:23:49,456 - INFO - 📊 准备更新2024-10-27 00:00:00日现货期货价格数据
2025-09-07 18:23:49,456 - INFO - 📊 准备更新2024-10-28 00:00:00日现货期货价格数据
2025-09-07 18:23:49,688 - INFO - 📈 已处理2024-10-28 00:00:00日现货期货价格数据
2025-09-07 18:23:49,688 - INFO - 📊 准备更新2024-10-29 00:00:00日现货期货价格数据
2025-09-07 18:23:49,930 - INFO - 📈 已处理2024-10-29 00:00:00日现货期货价格数据
2025-09-07 18:23:49,930 - INFO - 📊 准备更新2024-10-30 00:00:00日现货期货价格数据
2025-09-07 18:23:50,164 - INFO - 📈 已处理2024-10-30 00:00:00日现货期货价格数据
2025-09-07 18:23:50,164 - INFO - 📊 准备更新2024-10-31 00:00:00日现货期货价格数据
2025-09-07 18:23:50,384 - INFO - 📈 已处理2024-10-31 00:00:00日现货期货价格数据
2025-09-07 18:23:50,384 - INFO - 📊 准备更新2024-11-01 00:00:00日现货期货价格数据
2025-09-07 18:23:50,619 - INFO - 📈 已处理2024-11-01 00:00:00日现货期货价格数据
2025-09-07 18:23:50,619 - INFO - 📊 准备更新2024-11-02 00:00:00日现货期货价格数据
2025-09-07 18:23:50,619 - INFO - 📊 准备更新2024-11-03 00:00:00日现货期货价格数据
2025-09-07 18:23:50,620 - INFO - 📊 准备更新2024-11-04 00:00:00日现货期货价格数据
2025-09-07 18:23:50,868 - INFO - 📈 已处理2024-11-04 00:00:00日现货期货价格数据
2025-09-07 18:23:50,868 - INFO - 📊 准备更新2024-11-05 00:00:00日现货期货价格数据
2025-09-07 18:23:51,086 - INFO - 📈 已处理2024-11-05 00:00:00日现货期货价格数据
2025-09-07 18:23:51,086 - INFO - 📊 准备更新2024-11-06 00:00:00日现货期货价格数据
2025-09-07 18:23:51,357 - INFO - 📈 已处理2024-11-06 00:00:00日现货期货价格数据
2025-09-07 18:23:51,357 - INFO - 📊 准备更新2024-11-07 00:00:00日现货期货价格数据
2025-09-07 18:23:51,587 - INFO - 📈 已处理2024-11-07 00:00:00日现货期货价格数据
2025-09-07 18:23:51,587 - INFO - 📊 准备更新2024-11-08 00:00:00日现货期货价格数据
2025-09-07 18:23:51,842 - INFO - 📈 已处理2024-11-08 00:00:00日现货期货价格数据
2025-09-07 18:23:51,842 - INFO - 📊 准备更新2024-11-09 00:00:00日现货期货价格数据
2025-09-07 18:23:51,843 - INFO - 📊 准备更新2024-11-10 00:00:00日现货期货价格数据
2025-09-07 18:23:51,843 - INFO - 📊 准备更新2024-11-11 00:00:00日现货期货价格数据
2025-09-07 18:23:52,057 - INFO - 📈 已处理2024-11-11 00:00:00日现货期货价格数据
2025-09-07 18:23:52,058 - INFO - 📊 准备更新2024-11-12 00:00:00日现货期货价格数据
2025-09-07 18:23:52,277 - INFO - 📈 已处理2024-11-12 00:00:00日现货期货价格数据
2025-09-07 18:23:52,277 - INFO - 📊 准备更新2024-11-13 00:00:00日现货期货价格数据
2025-09-07 18:23:52,523 - INFO - 📈 已处理2024-11-13 00:00:00日现货期货价格数据
2025-09-07 18:23:52,523 - INFO - 📊 准备更新2024-11-14 00:00:00日现货期货价格数据
2025-09-07 18:23:52,779 - INFO - 📈 已处理2024-11-14 00:00:00日现货期货价格数据
2025-09-07 18:23:52,779 - INFO - 📊 准备更新2024-11-15 00:00:00日现货期货价格数据
2025-09-07 18:23:53,049 - INFO - 📈 已处理2024-11-15 00:00:00日现货期货价格数据
2025-09-07 18:23:53,049 - INFO - 📊 准备更新2024-11-16 00:00:00日现货期货价格数据
2025-09-07 18:23:53,050 - INFO - 📊 准备更新2024-11-17 00:00:00日现货期货价格数据
2025-09-07 18:23:53,051 - INFO - 📊 准备更新2024-11-18 00:00:00日现货期货价格数据
2025-09-07 18:23:53,269 - INFO - 📈 已处理2024-11-18 00:00:00日现货期货价格数据
2025-09-07 18:23:53,269 - INFO - 📊 准备更新2024-11-19 00:00:00日现货期货价格数据
2025-09-07 18:23:53,522 - INFO - 📈 已处理2024-11-19 00:00:00日现货期货价格数据
2025-09-07 18:23:53,522 - INFO - 📊 准备更新2024-11-20 00:00:00日现货期货价格数据
2025-09-07 18:23:53,751 - INFO - 📈 已处理2024-11-20 00:00:00日现货期货价格数据
2025-09-07 18:23:53,751 - INFO - 📊 准备更新2024-11-21 00:00:00日现货期货价格数据
2025-09-07 18:23:53,991 - INFO - 📈 已处理2024-11-21 00:00:00日现货期货价格数据
2025-09-07 18:23:53,991 - INFO - 📊 准备更新2024-11-22 00:00:00日现货期货价格数据
2025-09-07 18:23:54,223 - INFO - 📈 已处理2024-11-22 00:00:00日现货期货价格数据
2025-09-07 18:23:54,223 - INFO - 📊 准备更新2024-11-23 00:00:00日现货期货价格数据
2025-09-07 18:23:54,224 - INFO - 📊 准备更新2024-11-24 00:00:00日现货期货价格数据
2025-09-07 18:23:54,224 - INFO - 📊 准备更新2024-11-25 00:00:00日现货期货价格数据
2025-09-07 18:23:54,449 - INFO - 📈 已处理2024-11-25 00:00:00日现货期货价格数据
2025-09-07 18:23:54,449 - INFO - 📊 准备更新2024-11-26 00:00:00日现货期货价格数据
2025-09-07 18:23:54,719 - INFO - 📈 已处理2024-11-26 00:00:00日现货期货价格数据
2025-09-07 18:23:54,719 - INFO - 📊 准备更新2024-11-27 00:00:00日现货期货价格数据
2025-09-07 18:23:54,991 - INFO - 📈 已处理2024-11-27 00:00:00日现货期货价格数据
2025-09-07 18:23:54,991 - INFO - 📊 准备更新2024-11-28 00:00:00日现货期货价格数据
2025-09-07 18:23:55,236 - INFO - 📈 已处理2024-11-28 00:00:00日现货期货价格数据
2025-09-07 18:23:55,237 - INFO - 📊 准备更新2024-11-29 00:00:00日现货期货价格数据
2025-09-07 18:23:55,496 - INFO - 📈 已处理2024-11-29 00:00:00日现货期货价格数据
2025-09-07 18:23:55,496 - INFO - 📊 准备更新2024-11-30 00:00:00日现货期货价格数据
2025-09-07 18:23:55,496 - INFO - 📊 准备更新2024-12-01 00:00:00日现货期货价格数据
2025-09-07 18:23:55,496 - INFO - 📊 准备更新2024-12-02 00:00:00日现货期货价格数据
2025-09-07 18:23:55,800 - INFO - 📈 已处理2024-12-02 00:00:00日现货期货价格数据
2025-09-07 18:23:55,800 - INFO - 📊 准备更新2024-12-03 00:00:00日现货期货价格数据
2025-09-07 18:23:56,078 - INFO - 📈 已处理2024-12-03 00:00:00日现货期货价格数据
2025-09-07 18:23:56,079 - INFO - 📊 准备更新2024-12-04 00:00:00日现货期货价格数据
2025-09-07 18:23:56,329 - INFO - 📈 已处理2024-12-04 00:00:00日现货期货价格数据
2025-09-07 18:23:56,330 - INFO - 📊 准备更新2024-12-05 00:00:00日现货期货价格数据
2025-09-07 18:23:56,579 - INFO - 📈 已处理2024-12-05 00:00:00日现货期货价格数据
2025-09-07 18:23:56,579 - INFO - 📊 准备更新2024-12-06 00:00:00日现货期货价格数据
2025-09-07 18:23:57,201 - INFO - 📈 已处理2024-12-06 00:00:00日现货期货价格数据
2025-09-07 18:23:57,201 - INFO - 📊 准备更新2024-12-07 00:00:00日现货期货价格数据
2025-09-07 18:23:57,202 - INFO - 📊 准备更新2024-12-08 00:00:00日现货期货价格数据
2025-09-07 18:23:57,202 - INFO - 📊 准备更新2024-12-09 00:00:00日现货期货价格数据
2025-09-07 18:23:57,431 - INFO - 📈 已处理2024-12-09 00:00:00日现货期货价格数据
2025-09-07 18:23:57,431 - INFO - 📊 准备更新2024-12-10 00:00:00日现货期货价格数据
2025-09-07 18:23:57,711 - INFO - 📈 已处理2024-12-10 00:00:00日现货期货价格数据
2025-09-07 18:23:57,711 - INFO - 📊 准备更新2024-12-11 00:00:00日现货期货价格数据
2025-09-07 18:23:57,963 - INFO - 📈 已处理2024-12-11 00:00:00日现货期货价格数据
2025-09-07 18:23:57,963 - INFO - 📊 准备更新2024-12-12 00:00:00日现货期货价格数据
2025-09-07 18:23:58,220 - INFO - 📈 已处理2024-12-12 00:00:00日现货期货价格数据
2025-09-07 18:23:58,220 - INFO - 📊 准备更新2024-12-13 00:00:00日现货期货价格数据
2025-09-07 18:23:58,464 - INFO - 📈 已处理2024-12-13 00:00:00日现货期货价格数据
2025-09-07 18:23:58,464 - INFO - 📊 准备更新2024-12-14 00:00:00日现货期货价格数据
2025-09-07 18:23:58,464 - INFO - 📊 准备更新2024-12-15 00:00:00日现货期货价格数据
2025-09-07 18:23:58,464 - INFO - 📊 准备更新2024-12-16 00:00:00日现货期货价格数据
2025-09-07 18:23:58,704 - INFO - 📈 已处理2024-12-16 00:00:00日现货期货价格数据
2025-09-07 18:23:58,704 - INFO - 📊 准备更新2024-12-17 00:00:00日现货期货价格数据
2025-09-07 18:23:59,126 - INFO - 📈 已处理2024-12-17 00:00:00日现货期货价格数据
2025-09-07 18:23:59,126 - INFO - 📊 准备更新2024-12-18 00:00:00日现货期货价格数据
2025-09-07 18:23:59,395 - INFO - 📈 已处理2024-12-18 00:00:00日现货期货价格数据
2025-09-07 18:23:59,395 - INFO - 📊 准备更新2024-12-19 00:00:00日现货期货价格数据
2025-09-07 18:23:59,653 - INFO - 📈 已处理2024-12-19 00:00:00日现货期货价格数据
2025-09-07 18:23:59,653 - INFO - 📊 准备更新2024-12-20 00:00:00日现货期货价格数据
2025-09-07 18:23:59,922 - INFO - 📈 已处理2024-12-20 00:00:00日现货期货价格数据
2025-09-07 18:23:59,922 - INFO - 📊 准备更新2024-12-21 00:00:00日现货期货价格数据
2025-09-07 18:23:59,922 - INFO - 📊 准备更新2024-12-22 00:00:00日现货期货价格数据
2025-09-07 18:23:59,923 - INFO - 📊 准备更新2024-12-23 00:00:00日现货期货价格数据
2025-09-07 18:24:00,151 - INFO - 📈 已处理2024-12-23 00:00:00日现货期货价格数据
2025-09-07 18:24:00,152 - INFO - 📊 准备更新2024-12-24 00:00:00日现货期货价格数据
2025-09-07 18:24:00,415 - INFO - 📈 已处理2024-12-24 00:00:00日现货期货价格数据
2025-09-07 18:24:00,415 - INFO - 📊 准备更新2024-12-25 00:00:00日现货期货价格数据
2025-09-07 18:24:00,618 - INFO - 📈 已处理2024-12-25 00:00:00日现货期货价格数据
2025-09-07 18:24:00,618 - INFO - 📊 准备更新2024-12-26 00:00:00日现货期货价格数据
2025-09-07 18:24:00,860 - INFO - 📈 已处理2024-12-26 00:00:00日现货期货价格数据
2025-09-07 18:24:00,860 - INFO - 📊 准备更新2024-12-27 00:00:00日现货期货价格数据
2025-09-07 18:24:01,073 - INFO - 📈 已处理2024-12-27 00:00:00日现货期货价格数据
2025-09-07 18:24:01,073 - INFO - 📊 准备更新2024-12-28 00:00:00日现货期货价格数据
2025-09-07 18:24:01,073 - INFO - 📊 准备更新2024-12-29 00:00:00日现货期货价格数据
2025-09-07 18:24:01,073 - INFO - 📊 准备更新2024-12-30 00:00:00日现货期货价格数据
2025-09-07 18:24:01,281 - INFO - 📈 已处理2024-12-30 00:00:00日现货期货价格数据
2025-09-07 18:24:01,281 - INFO - 📊 准备更新2024-12-31 00:00:00日现货期货价格数据
2025-09-07 18:24:01,514 - INFO - 📈 已处理2024-12-31 00:00:00日现货期货价格数据
2025-09-07 18:24:01,515 - INFO - 📊 准备更新2025-01-01 00:00:00日现货期货价格数据
2025-09-07 18:24:01,515 - INFO - 📊 准备更新2025-01-02 00:00:00日现货期货价格数据
2025-09-07 18:24:01,797 - INFO - 📈 已处理2025-01-02 00:00:00日现货期货价格数据
2025-09-07 18:24:01,797 - INFO - ============================================================
2025-09-07 18:24:01,797 - INFO - 📊 本周数据更新统计
2025-09-07 18:24:01,797 - INFO - ============================================================
2025-09-07 18:24:01,797 - INFO - ⏱️  更新耗时: 0:01:09.131055
2025-09-07 18:24:01,797 - INFO - 📈 实时行情: 0 条
2025-09-07 18:24:01,797 - INFO - 📊 本周K线: 0 条
2025-09-07 18:24:01,798 - INFO - 📅 交易日历: 0 条
2025-09-07 18:24:01,798 - INFO - ✅ 无错误
2025-09-07 18:24:01,798 - INFO - ============================================================
2025-09-07 18:24:01,806 - INFO - 🎉 本周数据更新完成！
2025-09-07 18:24:01,806 - INFO - 数据库连接已关闭
2025-09-07 18:24:01,806 - INFO - ✅ 每周数据更新成功完成
2025-09-07 18:42:08,382 - INFO - 🌟 每周数据更新程序启动
2025-09-07 18:42:08,382 - INFO - 🚀 开始每周数据更新...
2025-09-07 18:42:08,382 - INFO - ============================================================
2025-09-07 18:42:08,390 - INFO - ✅ 成功连接到MySQL数据库
2025-09-07 18:42:08,390 - INFO - 📊 开始更新截止到最新日期K线指数行情数据）...
2025-09-07 18:42:08,390 - INFO - 📊 准备更新 13 关键指数的近7个自然日K线数据
2025-09-07 18:42:14,309 - INFO - 📈 已处理000001 上证指数 
2025-09-07 18:42:16,883 - INFO - 📈 已处理399001 深证成指 
2025-09-07 18:42:18,212 - INFO - 📈 已处理399006 创业板 
2025-09-07 18:42:18,695 - INFO - 📈 已处理899050 北证50 
2025-09-07 18:42:19,364 - INFO - 📈 已处理000688 科创50 
2025-09-07 18:42:21,006 - INFO - 📈 已处理000300 沪深300 
2025-09-07 18:42:22,663 - INFO - 📈 已处理000852 中证1000 
2025-09-07 18:42:24,376 - INFO - 📈 已处理000016 上证50 
2025-09-07 18:42:26,039 - INFO - 📈 已处理000905 中证500 
2025-09-07 18:42:27,621 - INFO - 📈 已处理399330 深证100 
2025-09-07 18:42:28,274 - INFO - 📈 已处理000698 科创100 
2025-09-07 18:42:29,338 - INFO - 📈 已处理399673 创业板50 
2025-09-07 18:42:29,890 - INFO - 📈 已处理931775 中证全指房地产指数 
2025-09-07 18:42:29,890 - INFO - ✅ 本周指数K线更新完成: 13 条记录
2025-09-07 18:42:29,890 - INFO - ============================================================
2025-09-07 18:42:29,890 - INFO - 📊 本周数据更新统计
2025-09-07 18:42:29,890 - INFO - ============================================================
2025-09-07 18:42:29,890 - INFO - ⏱️  更新耗时: 0:00:21.507839
2025-09-07 18:42:29,890 - INFO - 📈 实时行情: 0 条
2025-09-07 18:42:29,890 - INFO - 📊 本周K线: 13 条
2025-09-07 18:42:29,890 - INFO - 📅 交易日历: 0 条
2025-09-07 18:42:29,890 - INFO - ✅ 无错误
2025-09-07 18:42:29,890 - INFO - ============================================================
2025-09-07 18:42:29,895 - INFO - 🎉 本周数据更新完成！
2025-09-07 18:42:29,895 - INFO - 数据库连接已关闭
2025-09-07 18:42:29,895 - INFO - ✅ 每周数据更新成功完成
