2025-08-20 07:16:05,592 - INFO - 🌟 每周数据更新程序启动
2025-08-20 07:16:05,595 - INFO - 🚀 开始每周数据更新...
2025-08-20 07:16:05,595 - INFO - ============================================================
2025-08-20 07:16:05,607 - INFO - ✅ 成功连接到MySQL数据库
2025-08-20 07:16:05,607 - INFO - 📊 开始更新近7个自然日K线数据）...
2025-08-20 07:16:05,646 - INFO - 📊 准备更新 5740 只股票的近7个自然日K线数据
2025-08-20 07:16:06,063 - INFO - 📈 已处理000001 平安银行 
2025-08-20 07:16:06,315 - INFO - 📈 已处理000002 万科Ａ 
2025-08-20 07:16:06,807 - INFO - 📈 已处理000004 *ST国华 
2025-08-20 07:16:07,299 - INFO - 📈 已处理000006 深振业Ａ 
2025-08-20 07:16:07,555 - INFO - 📈 已处理000007 全新好 
2025-08-20 07:16:07,796 - INFO - 📈 已处理000008 神州高铁 
2025-08-20 07:16:08,045 - INFO - 📈 已处理000009 中国宝安 
2025-08-20 07:16:08,286 - INFO - 📈 已处理000010 美丽生态 
2025-08-20 07:16:08,538 - INFO - 📈 已处理000011 深物业A 
2025-08-20 07:16:08,774 - INFO - 📈 已处理000012 南玻Ａ 
2025-08-20 07:16:09,247 - INFO - 📈 已处理000014 沙河股份 
2025-08-20 07:16:09,830 - INFO - 📈 已处理000016 深康佳Ａ 
2025-08-20 07:16:10,069 - INFO - 📈 已处理000017 深中华A 
2025-08-20 07:16:10,552 - INFO - 📈 已处理000019 深粮控股 
2025-08-20 07:16:10,786 - INFO - 📈 已处理000020 深华发Ａ 
2025-08-20 07:16:11,025 - INFO - 📈 已处理000021 深科技 
2025-08-20 07:16:11,768 - INFO - 📈 已处理000025 特力Ａ 
2025-08-20 07:16:12,066 - INFO - 📈 已处理000026 飞亚达 
2025-08-20 07:16:12,304 - INFO - 📈 已处理000027 深圳能源 
2025-08-20 07:16:12,599 - INFO - 📈 已处理000028 国药一致 
2025-08-20 07:16:12,838 - INFO - 📈 已处理000029 深深房Ａ 
2025-08-20 07:16:13,089 - INFO - 📈 已处理000030 富奥股份 
2025-08-20 07:16:13,347 - INFO - 📈 已处理000031 大悦城 
2025-08-20 07:16:13,603 - INFO - 📈 已处理000032 深桑达Ａ 
2025-08-20 07:16:14,126 - INFO - 📈 已处理000034 神州数码 
2025-08-20 07:16:14,370 - INFO - 📈 已处理000035 中国天楹 
2025-08-20 07:16:14,681 - INFO - 📈 已处理000036 华联控股 
2025-08-20 07:16:14,945 - INFO - 📈 已处理000037 深南电A 
2025-08-20 07:16:15,426 - INFO - 📈 已处理000039 中集集团 
2025-08-20 07:16:15,924 - INFO - 📈 已处理000042 中洲控股 
2025-08-20 07:16:16,189 - INFO - 📈 已处理000045 深纺织Ａ 
2025-08-20 07:16:16,916 - INFO - 📈 已处理000048 京基智农 
2025-08-20 07:16:17,220 - INFO - 📈 已处理000049 德赛电池 
2025-08-20 07:16:17,484 - INFO - 📈 已处理000050 深天马Ａ 
2025-08-20 07:16:17,750 - INFO - 📈 已处理000055 方大集团 
2025-08-20 07:16:18,041 - INFO - 📈 已处理000056 皇庭国际 
2025-08-20 07:16:18,342 - INFO - 📈 已处理000058 深赛格 
2025-08-20 07:16:18,609 - INFO - 📈 已处理000059 华锦股份 
2025-08-20 07:16:18,609 - INFO - 📈 已处理 50/5740 只股票，成功 38 只
2025-08-20 07:16:18,884 - INFO - 📈 已处理000060 中金岭南 
2025-08-20 07:16:19,198 - INFO - 📈 已处理000061 农产品 
2025-08-20 07:16:19,496 - INFO - 📈 已处理000062 深圳华强 
2025-08-20 07:16:19,795 - INFO - 📈 已处理000063 中兴通讯 
2025-08-20 07:16:20,141 - INFO - 📈 已处理000065 北方国际 
2025-08-20 07:16:20,395 - INFO - 📈 已处理000066 中国长城 
2025-08-20 07:16:20,642 - INFO - 📈 已处理000068 华控赛格 
2025-08-20 07:16:20,888 - INFO - 📈 已处理000069 华侨城Ａ 
2025-08-20 07:16:21,142 - INFO - 📈 已处理000070 特发信息 
2025-08-20 07:16:21,385 - INFO - 📈 已处理000078 海王生物 
2025-08-20 07:16:21,683 - INFO - 📈 已处理000088 盐田港 
2025-08-20 07:16:21,928 - INFO - 📈 已处理000089 深圳机场 
2025-08-20 07:16:22,176 - INFO - 📈 已处理000090 天健集团 
2025-08-20 07:16:22,524 - INFO - 📈 已处理000096 广聚能源 
2025-08-20 07:16:22,805 - INFO - 📈 已处理000099 中信海直 
2025-08-20 07:16:23,054 - INFO - 📈 已处理000100 TCL科技 
2025-08-20 07:16:23,560 - INFO - 📈 已处理000151 中成股份 
2025-08-20 07:16:23,813 - INFO - 📈 已处理000153 丰原药业 
2025-08-20 07:16:24,045 - INFO - 📈 已处理000155 川能动力 
2025-08-20 07:16:24,294 - INFO - 📈 已处理000156 华数传媒 
2025-08-20 07:16:24,586 - INFO - 📈 已处理000157 中联重科 
2025-08-20 07:16:24,850 - INFO - 📈 已处理000158 常山北明 
2025-08-20 07:16:25,116 - INFO - 📈 已处理000159 国际实业 
2025-08-20 07:16:25,371 - INFO - 📈 已处理000166 申万宏源 
2025-08-20 07:16:25,660 - INFO - 📈 已处理000301 东方盛虹 
2025-08-20 07:16:25,967 - INFO - 📈 已处理000333 美的集团 
2025-08-20 07:16:26,203 - INFO - 📈 已处理000338 潍柴动力 
2025-08-20 07:16:26,464 - INFO - 📈 已处理000400 许继电气 
2025-08-20 07:16:26,757 - INFO - 📈 已处理000401 冀东水泥 
2025-08-20 07:16:27,086 - INFO - 📈 已处理000402 金融街 
2025-08-20 07:16:27,322 - INFO - 📈 已处理000403 派林生物 
2025-08-20 07:16:27,657 - INFO - 📈 已处理000404 长虹华意 
2025-08-20 07:16:28,352 - INFO - 📈 已处理000407 胜利股份 
2025-08-20 07:16:28,595 - INFO - 📈 已处理000408 藏格矿业 
2025-08-20 07:16:28,866 - INFO - 📈 已处理000409 云鼎科技 
2025-08-20 07:16:29,101 - INFO - 📈 已处理000410 沈阳机床 
2025-08-20 07:16:29,344 - INFO - 📈 已处理000411 英特集团 
2025-08-20 07:16:30,113 - INFO - 📈 已处理000415 渤海租赁 
2025-08-20 07:16:30,650 - INFO - 📈 已处理000417 合百集团 
2025-08-20 07:16:31,199 - INFO - 📈 已处理000419 通程控股 
2025-08-20 07:16:31,607 - INFO - 📈 已处理000420 吉林化纤 
2025-08-20 07:16:31,910 - INFO - 📈 已处理000421 南京公用 
2025-08-20 07:16:32,286 - INFO - 📈 已处理000422 湖北宜化 
2025-08-20 07:16:32,286 - INFO - 📈 已处理 100/5740 只股票，成功 81 只
2025-08-20 07:16:32,527 - INFO - 📈 已处理000423 东阿阿胶 
2025-08-20 07:16:32,793 - INFO - 📈 已处理000425 徐工机械 
2025-08-20 07:16:33,034 - INFO - 📈 已处理000426 兴业银锡 
2025-08-20 07:16:33,317 - INFO - 📈 已处理000428 华天酒店 
2025-08-20 07:16:33,574 - INFO - 📈 已处理000429 粤高速Ａ 
2025-08-20 07:16:33,821 - INFO - 📈 已处理000430 ST张家界 
2025-08-20 07:16:34,059 - INFO - 📈 已处理000488 ST晨鸣 
2025-08-20 07:16:34,302 - INFO - 📈 已处理000498 山东路桥 
2025-08-20 07:16:34,640 - INFO - 📈 已处理000501 武商集团 
2025-08-20 07:16:35,185 - INFO - 📈 已处理000503 国新健康 
2025-08-20 07:16:35,423 - INFO - 📈 已处理000504 *ST生物 
2025-08-20 07:16:35,666 - INFO - 📈 已处理000505 京粮控股 
2025-08-20 07:16:35,907 - INFO - 📈 已处理000506 招金黄金 
2025-08-20 07:16:36,198 - INFO - 📈 已处理000507 珠海港 
2025-08-20 07:16:36,701 - INFO - 📈 已处理000509 华塑控股 
2025-08-20 07:16:36,956 - INFO - 📈 已处理000510 新金路 
2025-08-20 07:16:37,435 - INFO - 📈 已处理000513 丽珠集团 
2025-08-20 07:16:37,676 - INFO - 📈 已处理000514 渝开发 
2025-08-20 07:16:38,258 - INFO - 📈 已处理000516 国际医学 
2025-08-20 07:16:38,488 - INFO - 📈 已处理000517 荣安地产 
2025-08-20 07:16:38,728 - INFO - 📈 已处理000518 *ST四环 
2025-08-20 07:16:38,988 - INFO - 📈 已处理000519 中兵红箭 
2025-08-20 07:16:39,238 - INFO - 📈 已处理000520 凤凰航运 
2025-08-20 07:16:39,503 - INFO - 📈 已处理000521 长虹美菱 
2025-08-20 07:16:40,020 - INFO - 📈 已处理000523 红棉股份 
2025-08-20 07:16:40,255 - INFO - 📈 已处理000524 岭南控股 
2025-08-20 07:16:40,497 - INFO - 📈 已处理000525 红太阳 
2025-08-20 07:16:40,736 - INFO - 📈 已处理000526 学大教育 
2025-08-20 07:16:41,209 - INFO - 📈 已处理000528 柳工 
2025-08-20 07:16:41,457 - INFO - 📈 已处理000529 广弘控股 
2025-08-20 07:16:41,701 - INFO - 📈 已处理000530 冰山冷热 
2025-08-20 07:16:41,951 - INFO - 📈 已处理000531 穗恒运Ａ 
2025-08-20 07:16:42,200 - INFO - 📈 已处理000532 华金资本 
2025-08-20 07:16:42,441 - INFO - 📈 已处理000533 顺钠股份 
2025-08-20 07:16:42,700 - INFO - 📈 已处理000534 万泽股份 
2025-08-20 07:16:43,180 - INFO - 📈 已处理000536 华映科技 
2025-08-20 07:16:43,426 - INFO - 📈 已处理000537 中绿电 
2025-08-20 07:16:43,673 - INFO - 📈 已处理000538 云南白药 
2025-08-20 07:16:43,918 - INFO - 📈 已处理000539 粤电力Ａ 
2025-08-20 07:16:44,404 - INFO - 📈 已处理000541 佛山照明 
2025-08-20 07:16:44,884 - INFO - 📈 已处理000543 皖能电力 
2025-08-20 07:16:44,884 - INFO - 📈 已处理 150/5740 只股票，成功 122 只
2025-08-20 07:16:45,128 - INFO - 📈 已处理000544 中原环保 
2025-08-20 07:16:45,374 - INFO - 📈 已处理000545 金浦钛业 
2025-08-20 07:16:45,607 - INFO - 📈 已处理000546 金圆股份 
2025-08-20 07:16:45,854 - INFO - 📈 已处理000547 航天发展 
2025-08-20 07:16:46,102 - INFO - 📈 已处理000548 湖南投资 
2025-08-20 07:16:46,599 - INFO - 📈 已处理000550 江铃汽车 
2025-08-20 07:16:46,851 - INFO - 📈 已处理000551 创元科技 
2025-08-20 07:16:47,108 - INFO - 📈 已处理000552 甘肃能化 
2025-08-20 07:16:47,340 - INFO - 📈 已处理000553 安道麦A 
2025-08-20 07:16:47,574 - INFO - 📈 已处理000554 泰山石油 
2025-08-20 07:16:47,800 - INFO - 📈 已处理000555 神州信息 
2025-08-20 07:16:48,272 - INFO - 📈 已处理000557 西部创业 
2025-08-20 07:16:48,534 - INFO - 📈 已处理000558 天府文旅 
2025-08-20 07:16:48,786 - INFO - 📈 已处理000559 万向钱潮 
2025-08-20 07:16:49,030 - INFO - 📈 已处理000560 我爱我家 
2025-08-20 07:16:49,262 - INFO - 📈 已处理000561 烽火电子 
2025-08-20 07:16:49,747 - INFO - 📈 已处理000563 陕国投Ａ 
2025-08-20 07:16:49,983 - INFO - 📈 已处理000564 供销大集 
2025-08-20 07:16:50,224 - INFO - 📈 已处理000565 渝三峡Ａ 
2025-08-20 07:16:50,467 - INFO - 📈 已处理000566 海南海药 
2025-08-20 07:16:50,767 - INFO - 📈 已处理000567 海德股份 
2025-08-20 07:16:51,024 - INFO - 📈 已处理000568 泸州老窖 
2025-08-20 07:16:51,527 - INFO - 📈 已处理000570 苏常柴Ａ 
2025-08-20 07:16:51,781 - INFO - 📈 已处理000571 新大洲A 
2025-08-20 07:16:52,038 - INFO - 📈 已处理000572 海马汽车 
2025-08-20 07:16:52,292 - INFO - 📈 已处理000573 粤宏远Ａ 
2025-08-20 07:16:52,571 - INFO - 📈 已处理000576 甘化科工 
2025-08-20 07:16:53,050 - INFO - 📈 已处理000581 威孚高科 
2025-08-20 07:16:53,301 - INFO - 📈 已处理000582 北部湾港 
2025-08-20 07:16:54,247 - INFO - 📈 已处理000586 汇源通信 
2025-08-20 07:16:54,970 - INFO - 📈 已处理000589 贵州轮胎 
2025-08-20 07:16:55,202 - INFO - 📈 已处理000590 启迪药业 
2025-08-20 07:16:55,452 - INFO - 📈 已处理000591 太阳能 
2025-08-20 07:16:55,686 - INFO - 📈 已处理000592 平潭发展 
2025-08-20 07:16:55,950 - INFO - 📈 已处理000593 德龙汇能 
2025-08-20 07:16:56,448 - INFO - 📈 已处理000595 *ST宝实 
2025-08-20 07:16:56,689 - INFO - 📈 已处理000596 古井贡酒 
2025-08-20 07:16:56,935 - INFO - 📈 已处理000597 东北制药 
2025-08-20 07:16:57,186 - INFO - 📈 已处理000598 兴蓉环境 
2025-08-20 07:16:57,186 - INFO - 📈 已处理 200/5740 只股票，成功 161 只
2025-08-20 07:16:57,440 - INFO - 📈 已处理000599 青岛双星 
2025-08-20 07:16:57,681 - INFO - 📈 已处理000600 建投能源 
2025-08-20 07:16:57,925 - INFO - 📈 已处理000601 韶能股份 
2025-08-20 07:16:58,407 - INFO - 📈 已处理000603 盛达资源 
2025-08-20 07:16:58,652 - INFO - 📈 已处理000605 渤海股份 
2025-08-20 07:16:59,153 - INFO - 📈 已处理000607 华媒控股 
2025-08-20 07:16:59,404 - INFO - 📈 已处理000608 *ST阳光 
2025-08-20 07:16:59,651 - INFO - 📈 已处理000609 ST中迪 
2025-08-20 07:16:59,904 - INFO - 📈 已处理000610 西安旅游 
2025-08-20 07:17:00,390 - INFO - 📈 已处理000612 焦作万方 
2025-08-20 07:17:00,857 - INFO - 📈 已处理000615 *ST美谷 
2025-08-20 07:17:01,417 - INFO - 📈 已处理000617 中油资本 
2025-08-20 07:17:01,871 - INFO - 📈 已处理000619 海螺新材 
2025-08-20 07:17:02,117 - INFO - 📈 已处理000620 盈新发展 
2025-08-20 07:17:02,836 - INFO - 📈 已处理000623 吉林敖东 
2025-08-20 07:17:03,084 - INFO - 📈 已处理000625 长安汽车 
2025-08-20 07:17:03,350 - INFO - 📈 已处理000626 远大控股 
2025-08-20 07:17:03,591 - INFO - 📈 已处理000627 *ST天茂 
2025-08-20 07:17:03,846 - INFO - 📈 已处理000628 高新发展 
2025-08-20 07:17:04,094 - INFO - 📈 已处理000629 钒钛股份 
2025-08-20 07:17:04,330 - INFO - 📈 已处理000630 铜陵有色 
2025-08-20 07:17:04,597 - INFO - 📈 已处理000631 顺发恒业 
2025-08-20 07:17:04,843 - INFO - 📈 已处理000632 三木集团 
2025-08-20 07:17:05,082 - INFO - 📈 已处理000633 合金投资 
2025-08-20 07:17:05,343 - INFO - 📈 已处理000635 英力特 
2025-08-20 07:17:05,591 - INFO - 📈 已处理000636 风华高科 
2025-08-20 07:17:05,845 - INFO - 📈 已处理000637 茂化实华 
2025-08-20 07:17:06,087 - INFO - 📈 已处理000638 *ST万方 
2025-08-20 07:17:06,322 - INFO - 📈 已处理000639 西王食品 
2025-08-20 07:17:06,572 - INFO - 📈 已处理000650 仁和药业 
2025-08-20 07:17:06,827 - INFO - 📈 已处理000651 格力电器 
2025-08-20 07:17:07,069 - INFO - 📈 已处理000652 泰达股份 
2025-08-20 07:17:07,539 - INFO - 📈 已处理000655 金岭矿业 
2025-08-20 07:17:07,892 - INFO - 📈 已处理000656 *ST金科 
2025-08-20 07:17:08,173 - INFO - 📈 已处理000657 中钨高新 
2025-08-20 07:17:08,651 - INFO - 📈 已处理000659 珠海中富 
2025-08-20 07:17:09,117 - INFO - 📈 已处理000661 长春高新 
2025-08-20 07:17:09,607 - INFO - 📈 已处理000663 永安林业 
2025-08-20 07:17:09,607 - INFO - 📈 已处理 250/5740 只股票，成功 199 只
2025-08-20 07:17:09,852 - INFO - 📈 已处理000665 湖北广电 
2025-08-20 07:17:10,560 - INFO - 📈 已处理000668 *ST荣控 
2025-08-20 07:17:10,798 - INFO - 📈 已处理000669 ST金鸿 
2025-08-20 07:17:11,051 - INFO - 📈 已处理000670 盈方微 
2025-08-20 07:17:11,554 - INFO - 📈 已处理000672 上峰水泥 
2025-08-20 07:17:12,269 - INFO - 📈 已处理000676 智度股份 
2025-08-20 07:17:12,526 - INFO - 📈 已处理000677 恒天海龙 
2025-08-20 07:17:12,786 - INFO - 📈 已处理000678 襄阳轴承 
2025-08-20 07:17:13,048 - INFO - 📈 已处理000679 大连友谊 
2025-08-20 07:17:13,300 - INFO - 📈 已处理000680 山推股份 
2025-08-20 07:17:13,531 - INFO - 📈 已处理000681 视觉中国 
2025-08-20 07:17:13,767 - INFO - 📈 已处理000682 东方电子 
2025-08-20 07:17:14,010 - INFO - 📈 已处理000683 博源化工 
2025-08-20 07:17:14,251 - INFO - 📈 已处理000685 中山公用 
2025-08-20 07:17:14,492 - INFO - 📈 已处理000686 东北证券 
2025-08-20 07:17:14,987 - INFO - 📈 已处理000688 国城矿业 
2025-08-20 07:17:15,479 - INFO - 📈 已处理000690 宝新能源 
2025-08-20 07:17:15,715 - INFO - 📈 已处理000691 *ST亚太 
2025-08-20 07:17:15,963 - INFO - 📈 已处理000692 惠天热电 
2025-08-20 07:17:16,452 - INFO - 📈 已处理000695 滨海能源 
2025-08-20 07:17:16,701 - INFO - 📈 已处理000697 ST炼石 
2025-08-20 07:17:16,948 - INFO - 📈 已处理000698 沈阳化工 
2025-08-20 07:17:17,435 - INFO - 📈 已处理000700 模塑科技 
2025-08-20 07:17:17,680 - INFO - 📈 已处理000701 厦门信达 
2025-08-20 07:17:17,931 - INFO - 📈 已处理000702 正虹科技 
2025-08-20 07:17:18,175 - INFO - 📈 已处理000703 恒逸石化 
2025-08-20 07:17:18,422 - INFO - 📈 已处理000705 浙江震元 
2025-08-20 07:17:18,676 - INFO - 📈 已处理000707 双环科技 
2025-08-20 07:17:18,910 - INFO - 📈 已处理000708 中信特钢 
2025-08-20 07:17:19,157 - INFO - 📈 已处理000709 河钢股份 
2025-08-20 07:17:19,403 - INFO - 📈 已处理000710 贝瑞基因 
2025-08-20 07:17:19,658 - INFO - 📈 已处理000711 *ST京蓝 
2025-08-20 07:17:19,912 - INFO - 📈 已处理000712 锦龙股份 
2025-08-20 07:17:20,150 - INFO - 📈 已处理000713 丰乐种业 
2025-08-20 07:17:20,391 - INFO - 📈 已处理000715 中兴商业 
2025-08-20 07:17:20,627 - INFO - 📈 已处理000716 黑芝麻 
2025-08-20 07:17:20,867 - INFO - 📈 已处理000717 中南股份 
2025-08-20 07:17:21,112 - INFO - 📈 已处理000718 苏宁环球 
2025-08-20 07:17:21,354 - INFO - 📈 已处理000719 中原传媒 
2025-08-20 07:17:21,600 - INFO - 📈 已处理000720 新能泰山 
2025-08-20 07:17:21,849 - INFO - 📈 已处理000721 西安饮食 
2025-08-20 07:17:21,849 - INFO - 📈 已处理 300/5740 只股票，成功 240 只
2025-08-20 07:17:22,100 - INFO - 📈 已处理000722 湖南发展 
2025-08-20 07:17:22,341 - INFO - 📈 已处理000723 美锦能源 
2025-08-20 07:17:22,577 - INFO - 📈 已处理000725 京东方Ａ 
2025-08-20 07:17:22,830 - INFO - 📈 已处理000726 鲁泰Ａ 
2025-08-20 07:17:23,086 - INFO - 📈 已处理000727 冠捷科技 
2025-08-20 07:17:23,352 - INFO - 📈 已处理000728 国元证券 
2025-08-20 07:17:23,607 - INFO - 📈 已处理000729 燕京啤酒 
2025-08-20 07:17:24,097 - INFO - 📈 已处理000731 四川美丰 
2025-08-20 07:17:24,579 - INFO - 📈 已处理000733 振华科技 
2025-08-20 07:17:24,841 - INFO - 📈 已处理000735 罗牛山 
2025-08-20 07:17:25,088 - INFO - 📈 已处理000736 *ST中地 
2025-08-20 07:17:25,343 - INFO - 📈 已处理000737 北方铜业 
2025-08-20 07:17:25,612 - INFO - 📈 已处理000738 航发控制 
2025-08-20 07:17:25,854 - INFO - 📈 已处理000739 普洛药业 
2025-08-20 07:17:26,337 - INFO - 📈 已处理000750 国海证券 
2025-08-20 07:17:26,573 - INFO - 📈 已处理000751 锌业股份 
2025-08-20 07:17:26,822 - INFO - 📈 已处理000752 ST西发 
2025-08-20 07:17:27,070 - INFO - 📈 已处理000753 漳州发展 
2025-08-20 07:17:27,301 - INFO - 📈 已处理000755 山西高速 
2025-08-20 07:17:27,543 - INFO - 📈 已处理000756 新华制药 
2025-08-20 07:17:27,795 - INFO - 📈 已处理000757 浩物股份 
2025-08-20 07:17:28,042 - INFO - 📈 已处理000758 中色股份 
2025-08-20 07:17:28,282 - INFO - 📈 已处理000759 中百集团 
2025-08-20 07:17:28,775 - INFO - 📈 已处理000761 本钢板材 
2025-08-20 07:17:29,055 - INFO - 📈 已处理000762 西藏矿业 
2025-08-20 07:17:29,766 - INFO - 📈 已处理000766 通化金马 
2025-08-20 07:17:30,010 - INFO - 📈 已处理000767 晋控电力 
2025-08-20 07:17:30,255 - INFO - 📈 已处理000768 中航西飞 
2025-08-20 07:17:30,736 - INFO - 📈 已处理000776 广发证券 
2025-08-20 07:17:30,981 - INFO - 📈 已处理000777 中核科技 
2025-08-20 07:17:31,228 - INFO - 📈 已处理000778 新兴铸管 
2025-08-20 07:17:31,473 - INFO - 📈 已处理000779 甘咨询 
2025-08-20 07:17:32,042 - INFO - 📈 已处理000782 恒申新材 
2025-08-20 07:17:32,278 - INFO - 📈 已处理000783 长江证券 
2025-08-20 07:17:32,522 - INFO - 📈 已处理000785 居然智家 
2025-08-20 07:17:32,768 - INFO - 📈 已处理000786 北新建材 
2025-08-20 07:17:33,305 - INFO - 📈 已处理000788 北大医药 
2025-08-20 07:17:33,562 - INFO - 📈 已处理000789 万年青 
2025-08-20 07:17:33,807 - INFO - 📈 已处理000790 华神科技 
2025-08-20 07:17:34,053 - INFO - 📈 已处理000791 甘肃能源 
2025-08-20 07:17:34,314 - INFO - 📈 已处理000792 盐湖股份 
2025-08-20 07:17:34,314 - INFO - 📈 已处理 350/5740 只股票，成功 281 只
2025-08-20 07:17:34,554 - INFO - 📈 已处理000793 ST华闻 
2025-08-20 07:17:34,808 - INFO - 📈 已处理000795 英洛华 
2025-08-20 07:17:35,043 - INFO - 📈 已处理000796 凯撒旅业 
2025-08-20 07:17:35,294 - INFO - 📈 已处理000797 中国武夷 
2025-08-20 07:17:35,548 - INFO - 📈 已处理000798 中水渔业 
2025-08-20 07:17:35,801 - INFO - 📈 已处理000799 酒鬼酒 
2025-08-20 07:17:36,040 - INFO - 📈 已处理000800 一汽解放 
2025-08-20 07:17:36,283 - INFO - 📈 已处理000801 四川九洲 
2025-08-20 07:17:36,530 - INFO - 📈 已处理000802 北京文化 
2025-08-20 07:17:36,770 - INFO - 📈 已处理000803 山高环能 
2025-08-20 07:17:37,502 - INFO - 📈 已处理000807 云铝股份 
2025-08-20 07:17:37,745 - INFO - 📈 已处理000809 和展能源 
2025-08-20 07:17:37,998 - INFO - 📈 已处理000810 创维数字 
2025-08-20 07:17:38,245 - INFO - 📈 已处理000811 冰轮环境 
2025-08-20 07:17:38,480 - INFO - 📈 已处理000812 陕西金叶 
2025-08-20 07:17:38,722 - INFO - 📈 已处理000813 德展健康 
2025-08-20 07:17:38,969 - INFO - 📈 已处理000815 美利云 
2025-08-20 07:17:39,221 - INFO - 📈 已处理000816 智慧农业 
2025-08-20 07:17:39,752 - INFO - 📈 已处理000818 航锦科技 
2025-08-20 07:17:39,996 - INFO - 📈 已处理000819 岳阳兴长 
2025-08-20 07:17:40,248 - INFO - 📈 已处理000820 *ST节能 
2025-08-20 07:17:40,485 - INFO - 📈 已处理000821 京山轻机 
2025-08-20 07:17:40,726 - INFO - 📈 已处理000822 山东海化 
2025-08-20 07:17:40,969 - INFO - 📈 已处理000823 超声电子 
2025-08-20 07:17:41,220 - INFO - 📈 已处理000825 太钢不锈 
2025-08-20 07:17:41,464 - INFO - 📈 已处理000826 启迪环境 
2025-08-20 07:17:41,945 - INFO - 📈 已处理000828 东莞控股 
2025-08-20 07:17:42,175 - INFO - 📈 已处理000829 天音控股 
2025-08-20 07:17:42,429 - INFO - 📈 已处理000830 鲁西化工 
2025-08-20 07:17:42,689 - INFO - 📈 已处理000831 中国稀土 
2025-08-20 07:17:43,173 - INFO - 📈 已处理000833 粤桂股份 
2025-08-20 07:17:43,875 - INFO - 📈 已处理000837 秦川机床 
2025-08-20 07:17:44,114 - INFO - 📈 已处理000838 财信发展 
2025-08-20 07:17:44,405 - INFO - 📈 已处理000839 国安股份 
2025-08-20 07:17:44,649 - INFO - 📈 已处理000848 承德露露 
2025-08-20 07:17:44,892 - INFO - 📈 已处理000850 华茂股份 
2025-08-20 07:17:45,150 - INFO - 📈 已处理000851 *ST高鸿 
2025-08-20 07:17:45,407 - INFO - 📈 已处理000852 石化机械 
2025-08-20 07:17:45,652 - INFO - 📈 已处理000856 冀东装备 
2025-08-20 07:17:45,898 - INFO - 📈 已处理000858 五粮液 
2025-08-20 07:17:46,147 - INFO - 📈 已处理000859 国风新材 
2025-08-20 07:17:46,392 - INFO - 📈 已处理000860 顺鑫农业 
2025-08-20 07:17:46,869 - INFO - 📈 已处理000862 银星能源 
2025-08-20 07:17:47,113 - INFO - 📈 已处理000863 三湘印象 
2025-08-20 07:17:47,586 - INFO - 📈 已处理000868 安凯客车 
2025-08-20 07:17:47,827 - INFO - 📈 已处理000869 张裕Ａ 
2025-08-20 07:17:48,092 - INFO - 📈 已处理000875 吉电股份 
2025-08-20 07:17:48,366 - INFO - 📈 已处理000876 新希望 
2025-08-20 07:17:48,610 - INFO - 📈 已处理000877 天山股份 
2025-08-20 07:17:48,844 - INFO - 📈 已处理000878 云南铜业 
2025-08-20 07:17:49,098 - INFO - 📈 已处理000880 潍柴重机 
2025-08-20 07:17:49,340 - INFO - 📈 已处理000881 中广核技 
2025-08-20 07:17:49,589 - INFO - 📈 已处理000882 华联股份 
2025-08-20 07:17:49,922 - INFO - 📈 已处理000883 湖北能源 
2025-08-20 07:17:50,179 - INFO - 📈 已处理000885 城发环境 
2025-08-20 07:17:50,429 - INFO - 📈 已处理000886 海南高速 
2025-08-20 07:17:50,669 - INFO - 📈 已处理000887 中鼎股份 
2025-08-20 07:17:50,912 - INFO - 📈 已处理000888 峨眉山Ａ 
2025-08-20 07:17:51,159 - INFO - 📈 已处理000889 中嘉博创 
2025-08-20 07:17:51,405 - INFO - 📈 已处理000890 法尔胜 
2025-08-20 07:17:51,657 - INFO - 📈 已处理000892 欢瑞世纪 
2025-08-20 07:17:51,899 - INFO - 📈 已处理000893 亚钾国际 
2025-08-20 07:17:52,141 - INFO - 📈 已处理000895 双汇发展 
2025-08-20 07:17:52,424 - INFO - 📈 已处理000897 津滨发展 
2025-08-20 07:17:52,662 - INFO - 📈 已处理000898 鞍钢股份 
2025-08-20 07:17:52,898 - INFO - 📈 已处理000899 赣能股份 
2025-08-20 07:17:53,150 - INFO - 📈 已处理000900 现代投资 
2025-08-20 07:17:53,415 - INFO - 📈 已处理000901 航天科技 
2025-08-20 07:17:53,655 - INFO - 📈 已处理000902 新洋丰 
2025-08-20 07:17:53,910 - INFO - 📈 已处理000903 ST云动 
2025-08-20 07:17:54,142 - INFO - 📈 已处理000905 厦门港务 
2025-08-20 07:17:54,391 - INFO - 📈 已处理000906 浙商中拓 
2025-08-20 07:17:54,639 - INFO - 📈 已处理000908 ST景峰 
2025-08-20 07:17:54,879 - INFO - 📈 已处理000909 ST数源 
2025-08-20 07:17:55,136 - INFO - 📈 已处理000910 大亚圣象 
2025-08-20 07:17:55,389 - INFO - 📈 已处理000911 广农糖业 
2025-08-20 07:17:55,620 - INFO - 📈 已处理000912 泸天化 
2025-08-20 07:17:55,863 - INFO - 📈 已处理000913 钱江摩托 
2025-08-20 07:17:56,101 - INFO - 📈 已处理000915 华特达因 
2025-08-20 07:17:56,595 - INFO - 📈 已处理000917 电广传媒 
2025-08-20 07:17:57,071 - INFO - 📈 已处理000919 金陵药业 
2025-08-20 07:17:57,321 - INFO - 📈 已处理000920 沃顿科技 
2025-08-20 07:17:57,580 - INFO - 📈 已处理000921 海信家电 
2025-08-20 07:17:57,823 - INFO - 📈 已处理000922 佳电股份 
2025-08-20 07:17:58,055 - INFO - 📈 已处理000923 河钢资源 
2025-08-20 07:17:58,301 - INFO - 📈 已处理000925 众合科技 
2025-08-20 07:17:58,539 - INFO - 📈 已处理000926 福星股份 
2025-08-20 07:17:58,781 - INFO - 📈 已处理000927 中国铁物 
2025-08-20 07:17:59,026 - INFO - 📈 已处理000928 中钢国际 
2025-08-20 07:17:59,027 - INFO - 📈 已处理 450/5740 只股票，成功 370 只
2025-08-20 07:17:59,269 - INFO - 📈 已处理000929 *ST兰黄 
2025-08-20 07:17:59,523 - INFO - 📈 已处理000930 中粮科技 
2025-08-20 07:17:59,781 - INFO - 📈 已处理000931 中关村 
2025-08-20 07:18:00,036 - INFO - 📈 已处理000932 华菱钢铁 
2025-08-20 07:18:00,284 - INFO - 📈 已处理000933 神火股份 
2025-08-20 07:18:00,540 - INFO - 📈 已处理000935 四川双马 
2025-08-20 07:18:00,785 - INFO - 📈 已处理000936 华西股份 
2025-08-20 07:18:01,026 - INFO - 📈 已处理000937 冀中能源 
2025-08-20 07:18:01,260 - INFO - 📈 已处理000938 紫光股份 
2025-08-20 07:18:01,762 - INFO - 📈 已处理000948 南天信息 
2025-08-20 07:18:02,020 - INFO - 📈 已处理000949 新乡化纤 
2025-08-20 07:18:02,281 - INFO - 📈 已处理000950 重药控股 
2025-08-20 07:18:02,528 - INFO - 📈 已处理000951 中国重汽 
2025-08-20 07:18:02,787 - INFO - 📈 已处理000952 广济药业 
2025-08-20 07:18:03,035 - INFO - 📈 已处理000953 河化股份 
2025-08-20 07:18:03,289 - INFO - 📈 已处理000955 欣龙控股 
2025-08-20 07:18:03,782 - INFO - 📈 已处理000957 中通客车 
2025-08-20 07:18:04,018 - INFO - 📈 已处理000958 电投产融 
2025-08-20 07:18:04,266 - INFO - 📈 已处理000959 首钢股份 
2025-08-20 07:18:04,501 - INFO - 📈 已处理000960 锡业股份 
2025-08-20 07:18:04,973 - INFO - 📈 已处理000962 东方钽业 
2025-08-20 07:18:05,227 - INFO - 📈 已处理000963 华东医药 
2025-08-20 07:18:05,471 - INFO - 📈 已处理000965 天保基建 
2025-08-20 07:18:05,728 - INFO - 📈 已处理000966 长源电力 
2025-08-20 07:18:05,964 - INFO - 📈 已处理000967 盈峰环境 
2025-08-20 07:18:06,207 - INFO - 📈 已处理000968 蓝焰控股 
2025-08-20 07:18:06,453 - INFO - 📈 已处理000969 安泰科技 
2025-08-20 07:18:06,697 - INFO - 📈 已处理000970 中科三环 
2025-08-20 07:18:07,190 - INFO - 📈 已处理000972 *ST中基 
2025-08-20 07:18:07,455 - INFO - 📈 已处理000973 佛塑科技 
2025-08-20 07:18:07,691 - INFO - 📈 已处理000975 山金国际 
2025-08-20 07:18:08,193 - INFO - 📈 已处理000977 浪潮信息 
2025-08-20 07:18:08,443 - INFO - 📈 已处理000978 桂林旅游 
2025-08-20 07:18:08,925 - INFO - 📈 已处理000980 众泰汽车 
2025-08-20 07:18:09,190 - INFO - 📈 已处理000981 山子高科 
2025-08-20 07:18:09,673 - INFO - 📈 已处理000983 山西焦煤 
2025-08-20 07:18:09,920 - INFO - 📈 已处理000985 大庆华科 
2025-08-20 07:18:10,172 - INFO - 📈 已处理000987 越秀资本 
2025-08-20 07:18:10,413 - INFO - 📈 已处理000988 华工科技 
2025-08-20 07:18:11,549 - INFO - 📈 已处理000989 九芝堂 
2025-08-20 07:18:11,805 - INFO - 📈 已处理000990 诚志股份 
2025-08-20 07:18:12,074 - INFO - 📈 已处理000993 闽东电力 
2025-08-20 07:18:12,311 - INFO - 📈 已处理000995 皇台酒业 
2025-08-20 07:18:12,311 - INFO - 📈 已处理 500/5740 只股票，成功 413 只
2025-08-20 07:18:12,815 - INFO - 📈 已处理000997 新大陆 
2025-08-20 07:18:13,052 - INFO - 📈 已处理000998 隆平高科 
2025-08-20 07:18:13,322 - INFO - 📈 已处理000999 华润三九 
2025-08-20 07:18:13,567 - INFO - 📈 已处理001201 东瑞股份 
2025-08-20 07:18:13,818 - INFO - 📈 已处理001202 炬申股份 
2025-08-20 07:18:14,055 - INFO - 📈 已处理001203 大中矿业 
2025-08-20 07:18:14,316 - INFO - 📈 已处理001205 盛航股份 
2025-08-20 07:18:14,565 - INFO - 📈 已处理001206 依依股份 
2025-08-20 07:18:14,821 - INFO - 📈 已处理001207 联科科技 
2025-08-20 07:18:15,074 - INFO - 📈 已处理001208 华菱线缆 
2025-08-20 07:18:15,321 - INFO - 📈 已处理001209 洪兴股份 
2025-08-20 07:18:15,564 - INFO - 📈 已处理001210 金房能源 
2025-08-20 07:18:15,810 - INFO - 📈 已处理001211 双枪科技 
2025-08-20 07:18:16,069 - INFO - 📈 已处理001212 中旗新材 
2025-08-20 07:18:16,311 - WARNING - ⚠️ 001213 中铁特货 K线更新失败: ('Connection aborted.', RemoteDisconnected('Remote end closed connection without response'))
2025-08-20 07:18:16,542 - WARNING - ⚠️ 001215 千味央厨 K线更新失败: ('Connection aborted.', RemoteDisconnected('Remote end closed connection without response'))
2025-08-20 07:18:16,793 - WARNING - ⚠️ 001216 华瓷股份 K线更新失败: ('Connection aborted.', RemoteDisconnected('Remote end closed connection without response'))
2025-08-20 07:18:17,036 - WARNING - ⚠️ 001217 华尔泰 K线更新失败: ('Connection aborted.', RemoteDisconnected('Remote end closed connection without response'))
2025-08-20 07:18:17,272 - WARNING - ⚠️ 001218 丽臣实业 K线更新失败: ('Connection aborted.', RemoteDisconnected('Remote end closed connection without response'))
2025-08-20 07:18:17,493 - WARNING - ⚠️ 001219 青岛食品 K线更新失败: ('Connection aborted.', RemoteDisconnected('Remote end closed connection without response'))
2025-08-20 07:18:17,733 - WARNING - ⚠️ 001221 悍高集团 K线更新失败: ('Connection aborted.', RemoteDisconnected('Remote end closed connection without response'))
2025-08-20 07:18:17,962 - WARNING - ⚠️ 001222 源飞宠物 K线更新失败: ('Connection aborted.', RemoteDisconnected('Remote end closed connection without response'))
2025-08-20 07:18:18,196 - WARNING - ⚠️ 001223 欧克科技 K线更新失败: ('Connection aborted.', RemoteDisconnected('Remote end closed connection without response'))
2025-08-20 07:18:18,423 - WARNING - ⚠️ 001225 和泰机电 K线更新失败: ('Connection aborted.', RemoteDisconnected('Remote end closed connection without response'))
2025-08-20 07:18:18,651 - WARNING - ⚠️ 001226 拓山重工 K线更新失败: ('Connection aborted.', RemoteDisconnected('Remote end closed connection without response'))
2025-08-20 07:18:18,892 - WARNING - ⚠️ 001227 兰州银行 K线更新失败: ('Connection aborted.', RemoteDisconnected('Remote end closed connection without response'))
2025-08-20 07:18:19,128 - WARNING - ⚠️ 001228 永泰运 K线更新失败: ('Connection aborted.', RemoteDisconnected('Remote end closed connection without response'))
2025-08-20 07:18:19,356 - WARNING - ⚠️ 001229 魅视科技 K线更新失败: ('Connection aborted.', RemoteDisconnected('Remote end closed connection without response'))
2025-08-20 07:18:19,586 - WARNING - ⚠️ 001230 劲旅环境 K线更新失败: ('Connection aborted.', RemoteDisconnected('Remote end closed connection without response'))
2025-08-20 07:18:19,825 - WARNING - ⚠️ 001231 农心科技 K线更新失败: ('Connection aborted.', RemoteDisconnected('Remote end closed connection without response'))
2025-08-20 07:18:20,068 - WARNING - ⚠️ 001234 泰慕士 K线更新失败: ('Connection aborted.', RemoteDisconnected('Remote end closed connection without response'))
2025-08-20 07:18:20,298 - WARNING - ⚠️ 001236 弘业期货 K线更新失败: ('Connection aborted.', RemoteDisconnected('Remote end closed connection without response'))
2025-08-20 07:18:20,516 - WARNING - ⚠️ 001238 浙江正特 K线更新失败: ('Connection aborted.', RemoteDisconnected('Remote end closed connection without response'))
2025-08-20 07:18:20,745 - WARNING - ⚠️ 001239 永达股份 K线更新失败: ('Connection aborted.', RemoteDisconnected('Remote end closed connection without response'))
2025-08-20 07:18:20,987 - WARNING - ⚠️ 001255 博菲电气 K线更新失败: ('Connection aborted.', RemoteDisconnected('Remote end closed connection without response'))
2025-08-20 07:18:21,219 - WARNING - ⚠️ 001256 炜冈科技 K线更新失败: ('Connection aborted.', RemoteDisconnected('Remote end closed connection without response'))
2025-08-20 07:18:21,447 - WARNING - ⚠️ 001258 立新能源 K线更新失败: ('Connection aborted.', RemoteDisconnected('Remote end closed connection without response'))
2025-08-20 07:18:21,684 - WARNING - ⚠️ 001259 利仁科技 K线更新失败: ('Connection aborted.', RemoteDisconnected('Remote end closed connection without response'))
2025-08-20 07:18:21,920 - WARNING - ⚠️ 001260 坤泰股份 K线更新失败: ('Connection aborted.', RemoteDisconnected('Remote end closed connection without response'))
2025-08-20 07:18:22,157 - WARNING - ⚠️ 001266 宏英智能 K线更新失败: ('Connection aborted.', RemoteDisconnected('Remote end closed connection without response'))
2025-08-20 07:18:22,382 - WARNING - ⚠️ 001267 汇绿生态 K线更新失败: ('Connection aborted.', RemoteDisconnected('Remote end closed connection without response'))
2025-08-20 07:18:22,615 - WARNING - ⚠️ 001268 联合精密 K线更新失败: ('Connection aborted.', RemoteDisconnected('Remote end closed connection without response'))
2025-08-20 07:18:22,852 - WARNING - ⚠️ 001269 欧晶科技 K线更新失败: ('Connection aborted.', RemoteDisconnected('Remote end closed connection without response'))
2025-08-20 07:18:23,082 - WARNING - ⚠️ 001270 *ST铖昌 K线更新失败: ('Connection aborted.', RemoteDisconnected('Remote end closed connection without response'))
2025-08-20 07:18:23,322 - WARNING - ⚠️ 001277 速达股份 K线更新失败: ('Connection aborted.', RemoteDisconnected('Remote end closed connection without response'))
2025-08-20 07:18:23,541 - WARNING - ⚠️ 001278 一彬科技 K线更新失败: ('Connection aborted.', RemoteDisconnected('Remote end closed connection without response'))
2025-08-20 07:18:23,774 - WARNING - ⚠️ 001279 强邦新材 K线更新失败: ('Connection aborted.', RemoteDisconnected('Remote end closed connection without response'))
2025-08-20 07:18:24,002 - WARNING - ⚠️ 001282 三联锻造 K线更新失败: ('Connection aborted.', RemoteDisconnected('Remote end closed connection without response'))
2025-08-20 07:18:24,223 - WARNING - ⚠️ 001283 豪鹏科技 K线更新失败: ('Connection aborted.', RemoteDisconnected('Remote end closed connection without response'))
2025-08-20 07:18:24,460 - WARNING - ⚠️ 001286 陕西能源 K线更新失败: ('Connection aborted.', RemoteDisconnected('Remote end closed connection without response'))
2025-08-20 07:18:24,696 - WARNING - ⚠️ 001287 中电港 K线更新失败: ('Connection aborted.', RemoteDisconnected('Remote end closed connection without response'))
2025-08-20 07:18:24,933 - WARNING - ⚠️ 001288 运机集团 K线更新失败: ('Connection aborted.', RemoteDisconnected('Remote end closed connection without response'))
2025-08-20 07:18:25,152 - WARNING - ⚠️ 001289 龙源电力 K线更新失败: ('Connection aborted.', RemoteDisconnected('Remote end closed connection without response'))
2025-08-20 07:18:25,374 - WARNING - ⚠️ 001296 长江材料 K线更新失败: ('Connection aborted.', RemoteDisconnected('Remote end closed connection without response'))
2025-08-20 07:18:25,604 - WARNING - ⚠️ 001298 好上好 K线更新失败: ('Connection aborted.', RemoteDisconnected('Remote end closed connection without response'))
2025-08-20 07:18:25,824 - WARNING - ⚠️ 001299 美能能源 K线更新失败: ('Connection aborted.', RemoteDisconnected('Remote end closed connection without response'))
2025-08-20 07:18:26,055 - WARNING - ⚠️ 001300 三柏硕 K线更新失败: ('Connection aborted.', RemoteDisconnected('Remote end closed connection without response'))
2025-08-20 07:18:26,296 - WARNING - ⚠️ 001301 尚太科技 K线更新失败: ('Connection aborted.', RemoteDisconnected('Remote end closed connection without response'))
2025-08-20 07:18:26,529 - WARNING - ⚠️ 001306 夏厦精密 K线更新失败: ('Connection aborted.', RemoteDisconnected('Remote end closed connection without response'))
2025-08-20 07:18:26,760 - WARNING - ⚠️ 001308 康冠科技 K线更新失败: ('Connection aborted.', RemoteDisconnected('Remote end closed connection without response'))
2025-08-20 07:18:26,990 - WARNING - ⚠️ 001309 德明利 K线更新失败: ('Connection aborted.', RemoteDisconnected('Remote end closed connection without response'))
2025-08-20 07:18:27,224 - WARNING - ⚠️ 001311 多利科技 K线更新失败: ('Connection aborted.', RemoteDisconnected('Remote end closed connection without response'))
2025-08-20 07:18:27,457 - WARNING - ⚠️ 001313 粤海饲料 K线更新失败: ('Connection aborted.', RemoteDisconnected('Remote end closed connection without response'))
2025-08-20 07:18:27,690 - WARNING - ⚠️ 001314 亿道信息 K线更新失败: ('Connection aborted.', RemoteDisconnected('Remote end closed connection without response'))
2025-08-20 07:18:27,921 - WARNING - ⚠️ 001316 润贝航科 K线更新失败: ('Connection aborted.', RemoteDisconnected('Remote end closed connection without response'))
2025-08-20 07:18:28,158 - WARNING - ⚠️ 001317 三羊马 K线更新失败: ('Connection aborted.', RemoteDisconnected('Remote end closed connection without response'))
2025-08-20 07:18:28,405 - WARNING - ⚠️ 001318 阳光乳业 K线更新失败: ('Connection aborted.', RemoteDisconnected('Remote end closed connection without response'))
2025-08-20 07:18:28,642 - WARNING - ⚠️ 001319 铭科精技 K线更新失败: ('Connection aborted.', RemoteDisconnected('Remote end closed connection without response'))
2025-08-20 07:18:28,870 - WARNING - ⚠️ 001322 箭牌家居 K线更新失败: ('Connection aborted.', RemoteDisconnected('Remote end closed connection without response'))
2025-08-20 07:18:29,096 - WARNING - ⚠️ 001323 慕思股份 K线更新失败: ('Connection aborted.', RemoteDisconnected('Remote end closed connection without response'))
2025-08-20 07:18:29,333 - WARNING - ⚠️ 001324 长青科技 K线更新失败: ('Connection aborted.', RemoteDisconnected('Remote end closed connection without response'))
2025-08-20 07:18:29,585 - WARNING - ⚠️ 001326 联域股份 K线更新失败: ('Connection aborted.', RemoteDisconnected('Remote end closed connection without response'))
2025-08-20 07:18:29,834 - WARNING - ⚠️ 001328 登康口腔 K线更新失败: ('Connection aborted.', RemoteDisconnected('Remote end closed connection without response'))
2025-08-20 07:18:30,070 - WARNING - ⚠️ 001330 博纳影业 K线更新失败: ('Connection aborted.', RemoteDisconnected('Remote end closed connection without response'))
2025-08-20 07:18:30,294 - WARNING - ⚠️ 001331 胜通能源 K线更新失败: ('Connection aborted.', RemoteDisconnected('Remote end closed connection without response'))
2025-08-20 07:18:30,519 - WARNING - ⚠️ 001332 锡装股份 K线更新失败: ('Connection aborted.', RemoteDisconnected('Remote end closed connection without response'))
2025-08-20 07:18:30,750 - WARNING - ⚠️ 001333 光华股份 K线更新失败: ('Connection aborted.', RemoteDisconnected('Remote end closed connection without response'))
2025-08-20 07:18:30,981 - WARNING - ⚠️ 001335 信凯科技 K线更新失败: ('Connection aborted.', RemoteDisconnected('Remote end closed connection without response'))
2025-08-20 07:18:31,200 - WARNING - ⚠️ 001336 楚环科技 K线更新失败: ('Connection aborted.', RemoteDisconnected('Remote end closed connection without response'))
2025-08-20 07:18:31,431 - WARNING - ⚠️ 001337 四川黄金 K线更新失败: ('Connection aborted.', RemoteDisconnected('Remote end closed connection without response'))
2025-08-20 07:18:31,663 - WARNING - ⚠️ 001338 永顺泰 K线更新失败: ('Connection aborted.', RemoteDisconnected('Remote end closed connection without response'))
2025-08-20 07:18:31,913 - WARNING - ⚠️ 001339 智微智能 K线更新失败: ('Connection aborted.', RemoteDisconnected('Remote end closed connection without response'))
2025-08-20 07:18:32,141 - WARNING - ⚠️ 001356 富岭股份 K线更新失败: ('Connection aborted.', RemoteDisconnected('Remote end closed connection without response'))
2025-08-20 07:18:32,365 - WARNING - ⚠️ 001358 兴欣新材 K线更新失败: ('Connection aborted.', RemoteDisconnected('Remote end closed connection without response'))
2025-08-20 07:18:32,605 - WARNING - ⚠️ 001359 平安电工 K线更新失败: ('Connection aborted.', RemoteDisconnected('Remote end closed connection without response'))
2025-08-20 07:18:32,828 - WARNING - ⚠️ 001360 南矿集团 K线更新失败: ('Connection aborted.', RemoteDisconnected('Remote end closed connection without response'))
2025-08-20 07:18:33,046 - WARNING - ⚠️ 001366 播恩集团 K线更新失败: ('Connection aborted.', RemoteDisconnected('Remote end closed connection without response'))
2025-08-20 07:18:33,284 - WARNING - ⚠️ 001367 海森药业 K线更新失败: ('Connection aborted.', RemoteDisconnected('Remote end closed connection without response'))
2025-08-20 07:18:33,512 - WARNING - ⚠️ 001368 通达创智 K线更新失败: ('Connection aborted.', RemoteDisconnected('Remote end closed connection without response'))
2025-08-20 07:18:33,739 - WARNING - ⚠️ 001373 翔腾新材 K线更新失败: ('Connection aborted.', RemoteDisconnected('Remote end closed connection without response'))
2025-08-20 07:18:33,966 - WARNING - ⚠️ 001376 百通能源 K线更新失败: ('Connection aborted.', RemoteDisconnected('Remote end closed connection without response'))
2025-08-20 07:18:34,197 - WARNING - ⚠️ 001378 德冠新材 K线更新失败: ('Connection aborted.', RemoteDisconnected('Remote end closed connection without response'))
2025-08-20 07:18:34,424 - WARNING - ⚠️ 001379 腾达科技 K线更新失败: ('Connection aborted.', RemoteDisconnected('Remote end closed connection without response'))
2025-08-20 07:18:34,654 - WARNING - ⚠️ 001380 华纬科技 K线更新失败: ('Connection aborted.', RemoteDisconnected('Remote end closed connection without response'))
2025-08-20 07:18:34,891 - WARNING - ⚠️ 001382 新亚电缆 K线更新失败: ('Connection aborted.', RemoteDisconnected('Remote end closed connection without response'))
2025-08-20 07:18:35,137 - WARNING - ⚠️ 001387 雪祺电气 K线更新失败: ('Connection aborted.', RemoteDisconnected('Remote end closed connection without response'))
2025-08-20 07:18:35,369 - WARNING - ⚠️ 001388 信通电子 K线更新失败: ('Connection aborted.', RemoteDisconnected('Remote end closed connection without response'))
2025-08-20 07:18:35,592 - WARNING - ⚠️ 001389 广合科技 K线更新失败: ('Connection aborted.', RemoteDisconnected('Remote end closed connection without response'))
2025-08-20 07:18:35,833 - WARNING - ⚠️ 001390 古麒绒材 K线更新失败: ('Connection aborted.', RemoteDisconnected('Remote end closed connection without response'))
2025-08-20 07:18:36,061 - WARNING - ⚠️ 001391 国货航 K线更新失败: ('Connection aborted.', RemoteDisconnected('Remote end closed connection without response'))
2025-08-20 07:18:36,291 - WARNING - ⚠️ 001395 亚联机械 K线更新失败: ('Connection aborted.', RemoteDisconnected('Remote end closed connection without response'))
2025-08-20 07:18:36,533 - WARNING - ⚠️ 001400 江顺科技 K线更新失败: ('Connection aborted.', RemoteDisconnected('Remote end closed connection without response'))
2025-08-20 07:18:36,765 - WARNING - ⚠️ 001696 宗申动力 K线更新失败: ('Connection aborted.', RemoteDisconnected('Remote end closed connection without response'))
2025-08-20 07:18:36,997 - WARNING - ⚠️ 001872 招商港口 K线更新失败: ('Connection aborted.', RemoteDisconnected('Remote end closed connection without response'))
2025-08-20 07:18:37,240 - WARNING - ⚠️ 001896 豫能控股 K线更新失败: ('Connection aborted.', RemoteDisconnected('Remote end closed connection without response'))
2025-08-20 07:18:37,470 - WARNING - ⚠️ 001914 招商积余 K线更新失败: ('Connection aborted.', RemoteDisconnected('Remote end closed connection without response'))
2025-08-20 07:18:37,717 - WARNING - ⚠️ 001965 招商公路 K线更新失败: ('Connection aborted.', RemoteDisconnected('Remote end closed connection without response'))
2025-08-20 07:18:37,944 - WARNING - ⚠️ 001979 招商蛇口 K线更新失败: ('Connection aborted.', RemoteDisconnected('Remote end closed connection without response'))
2025-08-20 07:18:38,166 - WARNING - ⚠️ 002001 新和成 K线更新失败: ('Connection aborted.', RemoteDisconnected('Remote end closed connection without response'))
2025-08-20 07:18:38,412 - WARNING - ⚠️ 002002 ST鸿达 K线更新失败: ('Connection aborted.', RemoteDisconnected('Remote end closed connection without response'))
2025-08-20 07:18:38,647 - WARNING - ⚠️ 002003 伟星股份 K线更新失败: ('Connection aborted.', RemoteDisconnected('Remote end closed connection without response'))
2025-08-20 07:18:38,867 - WARNING - ⚠️ 002004 华邦健康 K线更新失败: ('Connection aborted.', RemoteDisconnected('Remote end closed connection without response'))
2025-08-20 07:18:39,106 - WARNING - ⚠️ 002005 ST德豪 K线更新失败: ('Connection aborted.', RemoteDisconnected('Remote end closed connection without response'))
2025-08-20 07:18:39,343 - WARNING - ⚠️ 002006 精工科技 K线更新失败: ('Connection aborted.', RemoteDisconnected('Remote end closed connection without response'))
2025-08-20 07:18:39,570 - WARNING - ⚠️ 002007 华兰生物 K线更新失败: ('Connection aborted.', RemoteDisconnected('Remote end closed connection without response'))
2025-08-20 07:18:39,795 - WARNING - ⚠️ 002008 大族激光 K线更新失败: ('Connection aborted.', RemoteDisconnected('Remote end closed connection without response'))
2025-08-20 07:18:40,028 - WARNING - ⚠️ 002009 天奇股份 K线更新失败: ('Connection aborted.', RemoteDisconnected('Remote end closed connection without response'))
2025-08-20 07:18:40,264 - WARNING - ⚠️ 002010 传化智联 K线更新失败: ('Connection aborted.', RemoteDisconnected('Remote end closed connection without response'))
2025-08-20 07:18:40,493 - WARNING - ⚠️ 002011 盾安环境 K线更新失败: ('Connection aborted.', RemoteDisconnected('Remote end closed connection without response'))
2025-08-20 07:18:40,728 - WARNING - ⚠️ 002012 凯恩股份 K线更新失败: ('Connection aborted.', RemoteDisconnected('Remote end closed connection without response'))
2025-08-20 07:18:40,966 - WARNING - ⚠️ 002013 中航机电 K线更新失败: ('Connection aborted.', RemoteDisconnected('Remote end closed connection without response'))
2025-08-20 07:18:41,196 - WARNING - ⚠️ 002014 永新股份 K线更新失败: ('Connection aborted.', RemoteDisconnected('Remote end closed connection without response'))
2025-08-20 07:18:41,423 - WARNING - ⚠️ 002015 协鑫能科 K线更新失败: ('Connection aborted.', RemoteDisconnected('Remote end closed connection without response'))
2025-08-20 07:18:41,659 - WARNING - ⚠️ 002016 世荣兆业 K线更新失败: ('Connection aborted.', RemoteDisconnected('Remote end closed connection without response'))
2025-08-20 07:18:41,890 - WARNING - ⚠️ 002017 东信和平 K线更新失败: ('Connection aborted.', RemoteDisconnected('Remote end closed connection without response'))
2025-08-20 07:18:42,116 - WARNING - ⚠️ 002018 华信退 K线更新失败: ('Connection aborted.', RemoteDisconnected('Remote end closed connection without response'))
2025-08-20 07:18:42,355 - WARNING - ⚠️ 002019 亿帆医药 K线更新失败: ('Connection aborted.', RemoteDisconnected('Remote end closed connection without response'))
2025-08-20 07:18:42,590 - WARNING - ⚠️ 002020 京新药业 K线更新失败: ('Connection aborted.', RemoteDisconnected('Remote end closed connection without response'))
2025-08-20 07:18:42,836 - WARNING - ⚠️ 002021 中捷资源 K线更新失败: ('Connection aborted.', RemoteDisconnected('Remote end closed connection without response'))
2025-08-20 07:18:43,079 - WARNING - ⚠️ 002022 科华生物 K线更新失败: ('Connection aborted.', RemoteDisconnected('Remote end closed connection without response'))
2025-08-20 07:18:43,311 - WARNING - ⚠️ 002023 海特高新 K线更新失败: ('Connection aborted.', RemoteDisconnected('Remote end closed connection without response'))
2025-08-20 07:18:43,546 - WARNING - ⚠️ 002024 ST易购 K线更新失败: ('Connection aborted.', RemoteDisconnected('Remote end closed connection without response'))
2025-08-20 07:18:43,797 - WARNING - ⚠️ 002025 航天电器 K线更新失败: ('Connection aborted.', RemoteDisconnected('Remote end closed connection without response'))
2025-08-20 07:18:44,023 - WARNING - ⚠️ 002026 山东威达 K线更新失败: ('Connection aborted.', RemoteDisconnected('Remote end closed connection without response'))
2025-08-20 07:18:44,269 - WARNING - ⚠️ 002027 分众传媒 K线更新失败: ('Connection aborted.', RemoteDisconnected('Remote end closed connection without response'))
2025-08-20 07:18:44,514 - WARNING - ⚠️ 002028 思源电气 K线更新失败: ('Connection aborted.', RemoteDisconnected('Remote end closed connection without response'))
2025-08-20 07:18:44,758 - WARNING - ⚠️ 002029 七匹狼 K线更新失败: ('Connection aborted.', RemoteDisconnected('Remote end closed connection without response'))
2025-08-20 07:18:44,991 - WARNING - ⚠️ 002030 达安基因 K线更新失败: ('Connection aborted.', RemoteDisconnected('Remote end closed connection without response'))
2025-08-20 07:18:45,227 - WARNING - ⚠️ 002031 巨轮智能 K线更新失败: ('Connection aborted.', RemoteDisconnected('Remote end closed connection without response'))
2025-08-20 07:18:45,472 - WARNING - ⚠️ 002032 苏泊尔 K线更新失败: ('Connection aborted.', RemoteDisconnected('Remote end closed connection without response'))
2025-08-20 07:18:45,711 - WARNING - ⚠️ 002033 丽江股份 K线更新失败: ('Connection aborted.', RemoteDisconnected('Remote end closed connection without response'))
2025-08-20 07:18:45,957 - WARNING - ⚠️ 002034 旺能环境 K线更新失败: ('Connection aborted.', RemoteDisconnected('Remote end closed connection without response'))
2025-08-20 07:18:46,177 - WARNING - ⚠️ 002035 华帝股份 K线更新失败: ('Connection aborted.', RemoteDisconnected('Remote end closed connection without response'))
2025-08-20 07:18:46,397 - WARNING - ⚠️ 002036 联创电子 K线更新失败: ('Connection aborted.', RemoteDisconnected('Remote end closed connection without response'))
2025-08-20 07:18:46,635 - WARNING - ⚠️ 002037 保利联合 K线更新失败: ('Connection aborted.', RemoteDisconnected('Remote end closed connection without response'))
2025-08-20 07:18:46,855 - WARNING - ⚠️ 002038 双鹭药业 K线更新失败: ('Connection aborted.', RemoteDisconnected('Remote end closed connection without response'))
2025-08-20 07:18:47,100 - WARNING - ⚠️ 002039 黔源电力 K线更新失败: ('Connection aborted.', RemoteDisconnected('Remote end closed connection without response'))
2025-08-20 07:18:47,339 - WARNING - ⚠️ 002040 南京港 K线更新失败: ('Connection aborted.', RemoteDisconnected('Remote end closed connection without response'))
2025-08-20 07:18:47,566 - WARNING - ⚠️ 002041 登海种业 K线更新失败: ('Connection aborted.', RemoteDisconnected('Remote end closed connection without response'))
2025-08-20 07:18:47,799 - WARNING - ⚠️ 002042 华孚时尚 K线更新失败: ('Connection aborted.', RemoteDisconnected('Remote end closed connection without response'))
2025-08-20 07:18:48,036 - WARNING - ⚠️ 002043 兔宝宝 K线更新失败: ('Connection aborted.', RemoteDisconnected('Remote end closed connection without response'))
2025-08-20 07:18:48,269 - WARNING - ⚠️ 002044 美年健康 K线更新失败: ('Connection aborted.', RemoteDisconnected('Remote end closed connection without response'))
2025-08-20 07:18:48,494 - WARNING - ⚠️ 002045 国光电器 K线更新失败: ('Connection aborted.', RemoteDisconnected('Remote end closed connection without response'))
2025-08-20 07:18:48,728 - WARNING - ⚠️ 002046 国机精工 K线更新失败: ('Connection aborted.', RemoteDisconnected('Remote end closed connection without response'))
2025-08-20 07:18:48,960 - WARNING - ⚠️ 002047 *ST宝鹰 K线更新失败: ('Connection aborted.', RemoteDisconnected('Remote end closed connection without response'))
2025-08-20 07:18:49,198 - WARNING - ⚠️ 002048 宁波华翔 K线更新失败: ('Connection aborted.', RemoteDisconnected('Remote end closed connection without response'))
2025-08-20 07:18:49,443 - WARNING - ⚠️ 002049 紫光国微 K线更新失败: ('Connection aborted.', RemoteDisconnected('Remote end closed connection without response'))
2025-08-20 07:18:49,669 - WARNING - ⚠️ 002050 三花智控 K线更新失败: ('Connection aborted.', RemoteDisconnected('Remote end closed connection without response'))
2025-08-20 07:18:49,898 - WARNING - ⚠️ 002051 中工国际 K线更新失败: ('Connection aborted.', RemoteDisconnected('Remote end closed connection without response'))
2025-08-20 07:18:50,131 - WARNING - ⚠️ 002052 同洲电子 K线更新失败: ('Connection aborted.', RemoteDisconnected('Remote end closed connection without response'))
2025-08-20 07:18:50,369 - WARNING - ⚠️ 002053 云南能投 K线更新失败: ('Connection aborted.', RemoteDisconnected('Remote end closed connection without response'))
2025-08-20 07:18:50,615 - WARNING - ⚠️ 002054 德美化工 K线更新失败: ('Connection aborted.', RemoteDisconnected('Remote end closed connection without response'))
2025-08-20 07:18:50,855 - WARNING - ⚠️ 002055 得润电子 K线更新失败: ('Connection aborted.', RemoteDisconnected('Remote end closed connection without response'))
2025-08-20 07:18:51,096 - WARNING - ⚠️ 002056 横店东磁 K线更新失败: ('Connection aborted.', RemoteDisconnected('Remote end closed connection without response'))
2025-08-20 07:18:51,350 - WARNING - ⚠️ 002057 中钢天源 K线更新失败: ('Connection aborted.', RemoteDisconnected('Remote end closed connection without response'))
2025-08-20 07:18:51,582 - WARNING - ⚠️ 002058 *ST威尔 K线更新失败: ('Connection aborted.', RemoteDisconnected('Remote end closed connection without response'))
2025-08-20 07:18:51,834 - WARNING - ⚠️ 002059 云南旅游 K线更新失败: ('Connection aborted.', RemoteDisconnected('Remote end closed connection without response'))
2025-08-20 07:18:52,068 - WARNING - ⚠️ 002060 广东建工 K线更新失败: ('Connection aborted.', RemoteDisconnected('Remote end closed connection without response'))
2025-08-20 07:18:52,300 - WARNING - ⚠️ 002061 浙江交科 K线更新失败: ('Connection aborted.', RemoteDisconnected('Remote end closed connection without response'))
2025-08-20 07:18:52,525 - WARNING - ⚠️ 002062 宏润建设 K线更新失败: ('Connection aborted.', RemoteDisconnected('Remote end closed connection without response'))
2025-08-20 07:18:52,766 - WARNING - ⚠️ 002063 远光软件 K线更新失败: ('Connection aborted.', RemoteDisconnected('Remote end closed connection without response'))
2025-08-20 07:18:53,010 - WARNING - ⚠️ 002064 华峰化学 K线更新失败: ('Connection aborted.', RemoteDisconnected('Remote end closed connection without response'))
2025-08-20 07:18:53,240 - WARNING - ⚠️ 002065 东华软件 K线更新失败: ('Connection aborted.', RemoteDisconnected('Remote end closed connection without response'))
2025-08-20 07:18:53,468 - WARNING - ⚠️ 002066 瑞泰科技 K线更新失败: ('Connection aborted.', RemoteDisconnected('Remote end closed connection without response'))
2025-08-20 07:18:53,717 - WARNING - ⚠️ 002067 景兴纸业 K线更新失败: ('Connection aborted.', RemoteDisconnected('Remote end closed connection without response'))
2025-08-20 07:18:53,940 - WARNING - ⚠️ 002068 黑猫股份 K线更新失败: ('Connection aborted.', RemoteDisconnected('Remote end closed connection without response'))
2025-08-20 07:18:54,174 - WARNING - ⚠️ 002069 獐子岛 K线更新失败: ('Connection aborted.', RemoteDisconnected('Remote end closed connection without response'))
2025-08-20 07:18:54,404 - WARNING - ⚠️ 002070 众和退 K线更新失败: ('Connection aborted.', RemoteDisconnected('Remote end closed connection without response'))
2025-08-20 07:18:54,643 - WARNING - ⚠️ 002071 长城退 K线更新失败: ('Connection aborted.', RemoteDisconnected('Remote end closed connection without response'))
2025-08-20 07:18:54,877 - WARNING - ⚠️ 002072 凯瑞德 K线更新失败: ('Connection aborted.', RemoteDisconnected('Remote end closed connection without response'))
2025-08-20 07:18:55,118 - WARNING - ⚠️ 002073 软控股份 K线更新失败: ('Connection aborted.', RemoteDisconnected('Remote end closed connection without response'))
2025-08-20 07:18:55,351 - WARNING - ⚠️ 002074 国轩高科 K线更新失败: ('Connection aborted.', RemoteDisconnected('Remote end closed connection without response'))
2025-08-20 07:18:55,592 - WARNING - ⚠️ 002075 沙钢股份 K线更新失败: ('Connection aborted.', RemoteDisconnected('Remote end closed connection without response'))
2025-08-20 07:18:55,826 - WARNING - ⚠️ 002076 *ST星光 K线更新失败: ('Connection aborted.', RemoteDisconnected('Remote end closed connection without response'))
2025-08-20 07:18:56,066 - WARNING - ⚠️ 002077 大港股份 K线更新失败: ('Connection aborted.', RemoteDisconnected('Remote end closed connection without response'))
2025-08-20 07:18:56,311 - WARNING - ⚠️ 002078 太阳纸业 K线更新失败: ('Connection aborted.', RemoteDisconnected('Remote end closed connection without response'))
2025-08-20 07:18:56,545 - WARNING - ⚠️ 002079 苏州固锝 K线更新失败: ('Connection aborted.', RemoteDisconnected('Remote end closed connection without response'))
2025-08-20 07:18:56,784 - WARNING - ⚠️ 002080 中材科技 K线更新失败: ('Connection aborted.', RemoteDisconnected('Remote end closed connection without response'))
2025-08-20 07:18:57,023 - WARNING - ⚠️ 002081 金螳螂 K线更新失败: ('Connection aborted.', RemoteDisconnected('Remote end closed connection without response'))
2025-08-20 07:18:57,257 - WARNING - ⚠️ 002082 万邦德 K线更新失败: ('Connection aborted.', RemoteDisconnected('Remote end closed connection without response'))
2025-08-20 07:18:57,494 - WARNING - ⚠️ 002083 孚日股份 K线更新失败: ('Connection aborted.', RemoteDisconnected('Remote end closed connection without response'))
2025-08-20 07:18:57,724 - WARNING - ⚠️ 002084 海鸥住工 K线更新失败: ('Connection aborted.', RemoteDisconnected('Remote end closed connection without response'))
2025-08-20 07:18:57,953 - WARNING - ⚠️ 002085 万丰奥威 K线更新失败: ('Connection aborted.', RemoteDisconnected('Remote end closed connection without response'))
2025-08-20 07:18:58,208 - WARNING - ⚠️ 002086 东方海洋 K线更新失败: ('Connection aborted.', RemoteDisconnected('Remote end closed connection without response'))
2025-08-20 07:18:58,435 - WARNING - ⚠️ 002087 新纺退 K线更新失败: ('Connection aborted.', RemoteDisconnected('Remote end closed connection without response'))
2025-08-20 07:18:58,669 - WARNING - ⚠️ 002088 鲁阳节能 K线更新失败: ('Connection aborted.', RemoteDisconnected('Remote end closed connection without response'))
2025-08-20 07:18:58,896 - WARNING - ⚠️ 002089 新海退 K线更新失败: ('Connection aborted.', RemoteDisconnected('Remote end closed connection without response'))
2025-08-20 07:18:59,129 - WARNING - ⚠️ 002090 金智科技 K线更新失败: ('Connection aborted.', RemoteDisconnected('Remote end closed connection without response'))
2025-08-20 07:18:59,358 - WARNING - ⚠️ 002091 江苏国泰 K线更新失败: ('Connection aborted.', RemoteDisconnected('Remote end closed connection without response'))
2025-08-20 07:18:59,579 - WARNING - ⚠️ 002092 中泰化学 K线更新失败: ('Connection aborted.', RemoteDisconnected('Remote end closed connection without response'))
2025-08-20 07:18:59,818 - WARNING - ⚠️ 002093 国脉科技 K线更新失败: ('Connection aborted.', RemoteDisconnected('Remote end closed connection without response'))
2025-08-20 07:19:00,048 - WARNING - ⚠️ 002094 青岛金王 K线更新失败: ('Connection aborted.', RemoteDisconnected('Remote end closed connection without response'))
2025-08-20 07:19:00,273 - WARNING - ⚠️ 002095 生意宝 K线更新失败: ('Connection aborted.', RemoteDisconnected('Remote end closed connection without response'))
2025-08-20 07:19:00,512 - WARNING - ⚠️ 002096 易普力 K线更新失败: ('Connection aborted.', RemoteDisconnected('Remote end closed connection without response'))
2025-08-20 07:19:00,748 - WARNING - ⚠️ 002097 山河智能 K线更新失败: ('Connection aborted.', RemoteDisconnected('Remote end closed connection without response'))
2025-08-20 07:19:00,979 - WARNING - ⚠️ 002098 浔兴股份 K线更新失败: ('Connection aborted.', RemoteDisconnected('Remote end closed connection without response'))
2025-08-20 07:19:01,200 - WARNING - ⚠️ 002099 海翔药业 K线更新失败: ('Connection aborted.', RemoteDisconnected('Remote end closed connection without response'))
2025-08-20 07:19:01,436 - WARNING - ⚠️ 002100 天康生物 K线更新失败: ('Connection aborted.', RemoteDisconnected('Remote end closed connection without response'))
2025-08-20 07:19:01,662 - WARNING - ⚠️ 002101 广东鸿图 K线更新失败: ('Connection aborted.', RemoteDisconnected('Remote end closed connection without response'))
2025-08-20 07:19:01,901 - WARNING - ⚠️ 002102 能特科技 K线更新失败: ('Connection aborted.', RemoteDisconnected('Remote end closed connection without response'))
2025-08-20 07:19:02,128 - WARNING - ⚠️ 002103 广博股份 K线更新失败: ('Connection aborted.', RemoteDisconnected('Remote end closed connection without response'))
2025-08-20 07:19:02,492 - WARNING - ⚠️ 002104 恒宝股份 K线更新失败: ('Connection aborted.', RemoteDisconnected('Remote end closed connection without response'))
2025-08-20 07:19:02,731 - WARNING - ⚠️ 002105 信隆健康 K线更新失败: ('Connection aborted.', RemoteDisconnected('Remote end closed connection without response'))
2025-08-20 07:19:02,959 - WARNING - ⚠️ 002106 莱宝高科 K线更新失败: ('Connection aborted.', RemoteDisconnected('Remote end closed connection without response'))
2025-08-20 07:19:03,187 - WARNING - ⚠️ 002107 沃华医药 K线更新失败: ('Connection aborted.', RemoteDisconnected('Remote end closed connection without response'))
2025-08-20 07:19:03,422 - WARNING - ⚠️ 002108 沧州明珠 K线更新失败: ('Connection aborted.', RemoteDisconnected('Remote end closed connection without response'))
2025-08-20 07:19:03,651 - WARNING - ⚠️ 002109 兴化股份 K线更新失败: ('Connection aborted.', RemoteDisconnected('Remote end closed connection without response'))
2025-08-20 07:19:03,877 - WARNING - ⚠️ 002110 三钢闽光 K线更新失败: ('Connection aborted.', RemoteDisconnected('Remote end closed connection without response'))
2025-08-20 07:19:04,115 - WARNING - ⚠️ 002111 威海广泰 K线更新失败: ('Connection aborted.', RemoteDisconnected('Remote end closed connection without response'))
2025-08-20 07:19:04,347 - WARNING - ⚠️ 002112 三变科技 K线更新失败: ('Connection aborted.', RemoteDisconnected('Remote end closed connection without response'))
2025-08-20 07:19:04,584 - WARNING - ⚠️ 002113 *ST天润 K线更新失败: ('Connection aborted.', RemoteDisconnected('Remote end closed connection without response'))
2025-08-20 07:19:04,817 - WARNING - ⚠️ 002114 罗平锌电 K线更新失败: ('Connection aborted.', RemoteDisconnected('Remote end closed connection without response'))
2025-08-20 07:19:05,049 - WARNING - ⚠️ 002115 三维通信 K线更新失败: ('Connection aborted.', RemoteDisconnected('Remote end closed connection without response'))
2025-08-20 07:19:05,280 - WARNING - ⚠️ 002116 中国海诚 K线更新失败: ('Connection aborted.', RemoteDisconnected('Remote end closed connection without response'))
2025-08-20 07:19:05,515 - WARNING - ⚠️ 002117 东港股份 K线更新失败: ('Connection aborted.', RemoteDisconnected('Remote end closed connection without response'))
2025-08-20 07:19:05,745 - WARNING - ⚠️ 002118 *ST紫鑫 K线更新失败: ('Connection aborted.', RemoteDisconnected('Remote end closed connection without response'))
2025-08-20 07:19:05,967 - WARNING - ⚠️ 002119 康强电子 K线更新失败: ('Connection aborted.', RemoteDisconnected('Remote end closed connection without response'))
2025-08-20 07:19:06,207 - WARNING - ⚠️ 002120 韵达股份 K线更新失败: ('Connection aborted.', RemoteDisconnected('Remote end closed connection without response'))
2025-08-20 07:19:06,439 - WARNING - ⚠️ 002121 科陆电子 K线更新失败: ('Connection aborted.', RemoteDisconnected('Remote end closed connection without response'))
2025-08-20 07:19:06,681 - WARNING - ⚠️ 002122 汇洲智能 K线更新失败: ('Connection aborted.', RemoteDisconnected('Remote end closed connection without response'))
2025-08-20 07:19:06,923 - WARNING - ⚠️ 002123 梦网科技 K线更新失败: ('Connection aborted.', RemoteDisconnected('Remote end closed connection without response'))
2025-08-20 07:19:07,150 - WARNING - ⚠️ 002124 天邦食品 K线更新失败: ('Connection aborted.', RemoteDisconnected('Remote end closed connection without response'))
2025-08-20 07:19:07,389 - WARNING - ⚠️ 002125 湘潭电化 K线更新失败: ('Connection aborted.', RemoteDisconnected('Remote end closed connection without response'))
2025-08-20 07:19:07,612 - WARNING - ⚠️ 002126 银轮股份 K线更新失败: ('Connection aborted.', RemoteDisconnected('Remote end closed connection without response'))
2025-08-20 07:19:07,865 - WARNING - ⚠️ 002127 南极电商 K线更新失败: ('Connection aborted.', RemoteDisconnected('Remote end closed connection without response'))
2025-08-20 07:19:08,106 - WARNING - ⚠️ 002128 电投能源 K线更新失败: ('Connection aborted.', RemoteDisconnected('Remote end closed connection without response'))
2025-08-20 07:19:08,347 - WARNING - ⚠️ 002129 TCL中环 K线更新失败: ('Connection aborted.', RemoteDisconnected('Remote end closed connection without response'))
2025-08-20 07:19:08,582 - WARNING - ⚠️ 002130 沃尔核材 K线更新失败: ('Connection aborted.', RemoteDisconnected('Remote end closed connection without response'))
2025-08-20 07:19:08,804 - WARNING - ⚠️ 002131 利欧股份 K线更新失败: ('Connection aborted.', RemoteDisconnected('Remote end closed connection without response'))
2025-08-20 07:19:09,028 - WARNING - ⚠️ 002132 恒星科技 K线更新失败: ('Connection aborted.', RemoteDisconnected('Remote end closed connection without response'))
2025-08-20 07:19:09,281 - WARNING - ⚠️ 002133 广宇集团 K线更新失败: ('Connection aborted.', RemoteDisconnected('Remote end closed connection without response'))
2025-08-20 07:19:09,520 - WARNING - ⚠️ 002134 天津普林 K线更新失败: ('Connection aborted.', RemoteDisconnected('Remote end closed connection without response'))
2025-08-20 07:19:09,756 - WARNING - ⚠️ 002135 东南网架 K线更新失败: ('Connection aborted.', RemoteDisconnected('Remote end closed connection without response'))
2025-08-20 07:19:10,016 - WARNING - ⚠️ 002136 安纳达 K线更新失败: ('Connection aborted.', RemoteDisconnected('Remote end closed connection without response'))
2025-08-20 07:19:10,244 - WARNING - ⚠️ 002137 实益达 K线更新失败: ('Connection aborted.', RemoteDisconnected('Remote end closed connection without response'))
2025-08-20 07:19:10,468 - WARNING - ⚠️ 002138 顺络电子 K线更新失败: ('Connection aborted.', RemoteDisconnected('Remote end closed connection without response'))
2025-08-20 07:19:10,710 - WARNING - ⚠️ 002139 拓邦股份 K线更新失败: ('Connection aborted.', RemoteDisconnected('Remote end closed connection without response'))
2025-08-20 07:19:10,945 - WARNING - ⚠️ 002140 东华科技 K线更新失败: ('Connection aborted.', RemoteDisconnected('Remote end closed connection without response'))
2025-08-20 07:19:11,176 - WARNING - ⚠️ 002141 贤丰控股 K线更新失败: ('Connection aborted.', RemoteDisconnected('Remote end closed connection without response'))
2025-08-20 07:19:11,410 - WARNING - ⚠️ 002142 宁波银行 K线更新失败: ('Connection aborted.', RemoteDisconnected('Remote end closed connection without response'))
2025-08-20 07:19:11,646 - WARNING - ⚠️ 002143 印纪退 K线更新失败: ('Connection aborted.', RemoteDisconnected('Remote end closed connection without response'))
2025-08-20 07:19:11,882 - WARNING - ⚠️ 002144 宏达高科 K线更新失败: ('Connection aborted.', RemoteDisconnected('Remote end closed connection without response'))
2025-08-20 07:19:12,101 - WARNING - ⚠️ 002145 中核钛白 K线更新失败: ('Connection aborted.', RemoteDisconnected('Remote end closed connection without response'))
2025-08-20 07:19:12,330 - WARNING - ⚠️ 002146 荣盛发展 K线更新失败: ('Connection aborted.', RemoteDisconnected('Remote end closed connection without response'))
2025-08-20 07:19:12,558 - WARNING - ⚠️ 002147 新光退 K线更新失败: ('Connection aborted.', RemoteDisconnected('Remote end closed connection without response'))
2025-08-20 07:19:12,804 - WARNING - ⚠️ 002148 北纬科技 K线更新失败: ('Connection aborted.', RemoteDisconnected('Remote end closed connection without response'))
2025-08-20 07:19:13,031 - WARNING - ⚠️ 002149 西部材料 K线更新失败: ('Connection aborted.', RemoteDisconnected('Remote end closed connection without response'))
2025-08-20 07:19:13,260 - WARNING - ⚠️ 002150 通润装备 K线更新失败: ('Connection aborted.', RemoteDisconnected('Remote end closed connection without response'))
2025-08-20 07:19:13,500 - WARNING - ⚠️ 002151 北斗星通 K线更新失败: ('Connection aborted.', RemoteDisconnected('Remote end closed connection without response'))
2025-08-20 07:19:13,723 - WARNING - ⚠️ 002152 广电运通 K线更新失败: ('Connection aborted.', RemoteDisconnected('Remote end closed connection without response'))
2025-08-20 07:19:13,964 - WARNING - ⚠️ 002153 石基信息 K线更新失败: ('Connection aborted.', RemoteDisconnected('Remote end closed connection without response'))
2025-08-20 07:19:14,194 - WARNING - ⚠️ 002154 报喜鸟 K线更新失败: ('Connection aborted.', RemoteDisconnected('Remote end closed connection without response'))
2025-08-20 07:19:14,419 - WARNING - ⚠️ 002155 湖南黄金 K线更新失败: ('Connection aborted.', RemoteDisconnected('Remote end closed connection without response'))
2025-08-20 07:19:14,706 - WARNING - ⚠️ 002156 通富微电 K线更新失败: ('Connection aborted.', RemoteDisconnected('Remote end closed connection without response'))
2025-08-20 07:19:14,954 - WARNING - ⚠️ 002157 正邦科技 K线更新失败: ('Connection aborted.', RemoteDisconnected('Remote end closed connection without response'))
2025-08-20 07:19:15,183 - WARNING - ⚠️ 002158 汉钟精机 K线更新失败: ('Connection aborted.', RemoteDisconnected('Remote end closed connection without response'))
2025-08-20 07:19:15,412 - WARNING - ⚠️ 002159 三特索道 K线更新失败: ('Connection aborted.', RemoteDisconnected('Remote end closed connection without response'))
2025-08-20 07:19:15,642 - WARNING - ⚠️ 002160 常铝股份 K线更新失败: ('Connection aborted.', RemoteDisconnected('Remote end closed connection without response'))
2025-08-20 07:19:15,880 - WARNING - ⚠️ 002161 远望谷 K线更新失败: ('Connection aborted.', RemoteDisconnected('Remote end closed connection without response'))
2025-08-20 07:19:16,101 - WARNING - ⚠️ 002162 悦心健康 K线更新失败: ('Connection aborted.', RemoteDisconnected('Remote end closed connection without response'))
2025-08-20 07:19:16,334 - WARNING - ⚠️ 002163 海南发展 K线更新失败: ('Connection aborted.', RemoteDisconnected('Remote end closed connection without response'))
2025-08-20 07:19:16,568 - WARNING - ⚠️ 002164 宁波东力 K线更新失败: ('Connection aborted.', RemoteDisconnected('Remote end closed connection without response'))
2025-08-20 07:19:16,807 - WARNING - ⚠️ 002165 红宝丽 K线更新失败: ('Connection aborted.', RemoteDisconnected('Remote end closed connection without response'))
2025-08-20 07:19:17,045 - WARNING - ⚠️ 002166 莱茵生物 K线更新失败: ('Connection aborted.', RemoteDisconnected('Remote end closed connection without response'))
2025-08-20 07:19:17,274 - WARNING - ⚠️ 002167 东方锆业 K线更新失败: ('Connection aborted.', RemoteDisconnected('Remote end closed connection without response'))
2025-08-20 07:19:17,498 - WARNING - ⚠️ 002168 *ST惠程 K线更新失败: ('Connection aborted.', RemoteDisconnected('Remote end closed connection without response'))
2025-08-20 07:19:17,718 - WARNING - ⚠️ 002169 智光电气 K线更新失败: ('Connection aborted.', RemoteDisconnected('Remote end closed connection without response'))
2025-08-20 07:19:17,961 - WARNING - ⚠️ 002170 芭田股份 K线更新失败: ('Connection aborted.', RemoteDisconnected('Remote end closed connection without response'))
2025-08-20 07:19:18,193 - WARNING - ⚠️ 002171 楚江新材 K线更新失败: ('Connection aborted.', RemoteDisconnected('Remote end closed connection without response'))
2025-08-20 07:19:18,436 - WARNING - ⚠️ 002172 澳洋健康 K线更新失败: ('Connection aborted.', RemoteDisconnected('Remote end closed connection without response'))
2025-08-20 07:19:18,681 - WARNING - ⚠️ 002173 创新医疗 K线更新失败: ('Connection aborted.', RemoteDisconnected('Remote end closed connection without response'))
2025-08-20 07:19:18,924 - WARNING - ⚠️ 002174 游族网络 K线更新失败: ('Connection aborted.', RemoteDisconnected('Remote end closed connection without response'))
2025-08-20 07:19:19,170 - WARNING - ⚠️ 002175 东方智造 K线更新失败: ('Connection aborted.', RemoteDisconnected('Remote end closed connection without response'))
2025-08-20 07:19:19,440 - WARNING - ⚠️ 002176 江特电机 K线更新失败: ('Connection aborted.', RemoteDisconnected('Remote end closed connection without response'))
2025-08-20 07:19:19,673 - WARNING - ⚠️ 002177 御银股份 K线更新失败: ('Connection aborted.', RemoteDisconnected('Remote end closed connection without response'))
2025-08-20 07:19:19,897 - WARNING - ⚠️ 002178 延华智能 K线更新失败: ('Connection aborted.', RemoteDisconnected('Remote end closed connection without response'))
2025-08-20 07:19:20,141 - WARNING - ⚠️ 002179 中航光电 K线更新失败: ('Connection aborted.', RemoteDisconnected('Remote end closed connection without response'))
2025-08-20 07:19:20,377 - WARNING - ⚠️ 002180 纳思达 K线更新失败: ('Connection aborted.', RemoteDisconnected('Remote end closed connection without response'))
2025-08-20 07:19:20,620 - WARNING - ⚠️ 002181 粤传媒 K线更新失败: ('Connection aborted.', RemoteDisconnected('Remote end closed connection without response'))
2025-08-20 07:19:20,858 - WARNING - ⚠️ 002182 宝武镁业 K线更新失败: ('Connection aborted.', RemoteDisconnected('Remote end closed connection without response'))
2025-08-20 07:19:21,079 - WARNING - ⚠️ 002183 怡亚通 K线更新失败: ('Connection aborted.', RemoteDisconnected('Remote end closed connection without response'))
2025-08-20 07:19:21,324 - WARNING - ⚠️ 002184 海得控制 K线更新失败: ('Connection aborted.', RemoteDisconnected('Remote end closed connection without response'))
2025-08-20 07:19:21,552 - WARNING - ⚠️ 002185 华天科技 K线更新失败: ('Connection aborted.', RemoteDisconnected('Remote end closed connection without response'))
2025-08-20 07:19:21,770 - WARNING - ⚠️ 002186 全聚德 K线更新失败: ('Connection aborted.', RemoteDisconnected('Remote end closed connection without response'))
2025-08-20 07:19:22,009 - WARNING - ⚠️ 002187 广百股份 K线更新失败: ('Connection aborted.', RemoteDisconnected('Remote end closed connection without response'))
2025-08-20 07:19:22,228 - WARNING - ⚠️ 002188 中天服务 K线更新失败: ('Connection aborted.', RemoteDisconnected('Remote end closed connection without response'))
2025-08-20 07:19:22,468 - WARNING - ⚠️ 002189 中光学 K线更新失败: ('Connection aborted.', RemoteDisconnected('Remote end closed connection without response'))
2025-08-20 07:19:22,699 - WARNING - ⚠️ 002190 成飞集成 K线更新失败: ('Connection aborted.', RemoteDisconnected('Remote end closed connection without response'))
2025-08-20 07:19:22,939 - WARNING - ⚠️ 002191 劲嘉股份 K线更新失败: ('Connection aborted.', RemoteDisconnected('Remote end closed connection without response'))
2025-08-20 07:19:23,163 - WARNING - ⚠️ 002192 融捷股份 K线更新失败: ('Connection aborted.', RemoteDisconnected('Remote end closed connection without response'))
2025-08-20 07:19:23,393 - WARNING - ⚠️ 002193 如意集团 K线更新失败: ('Connection aborted.', RemoteDisconnected('Remote end closed connection without response'))
2025-08-20 07:19:23,619 - WARNING - ⚠️ 002194 武汉凡谷 K线更新失败: ('Connection aborted.', RemoteDisconnected('Remote end closed connection without response'))
2025-08-20 07:19:23,849 - WARNING - ⚠️ 002195 岩山科技 K线更新失败: ('Connection aborted.', RemoteDisconnected('Remote end closed connection without response'))
2025-08-20 07:19:24,076 - WARNING - ⚠️ 002196 方正电机 K线更新失败: ('Connection aborted.', RemoteDisconnected('Remote end closed connection without response'))
2025-08-20 07:19:24,299 - WARNING - ⚠️ 002197 ST证通 K线更新失败: ('Connection aborted.', RemoteDisconnected('Remote end closed connection without response'))
2025-08-20 07:19:24,522 - WARNING - ⚠️ 002198 嘉应制药 K线更新失败: ('Connection aborted.', RemoteDisconnected('Remote end closed connection without response'))
2025-08-20 07:19:24,753 - WARNING - ⚠️ 002199 *ST东晶 K线更新失败: ('Connection aborted.', RemoteDisconnected('Remote end closed connection without response'))
2025-08-20 07:19:24,983 - WARNING - ⚠️ 002200 *ST交投 K线更新失败: ('Connection aborted.', RemoteDisconnected('Remote end closed connection without response'))
2025-08-20 07:19:25,235 - WARNING - ⚠️ 002201 九鼎新材 K线更新失败: ('Connection aborted.', RemoteDisconnected('Remote end closed connection without response'))
2025-08-20 07:19:25,462 - WARNING - ⚠️ 002202 金风科技 K线更新失败: ('Connection aborted.', RemoteDisconnected('Remote end closed connection without response'))
2025-08-20 07:19:25,709 - WARNING - ⚠️ 002203 海亮股份 K线更新失败: ('Connection aborted.', RemoteDisconnected('Remote end closed connection without response'))
2025-08-20 07:19:25,944 - WARNING - ⚠️ 002204 大连重工 K线更新失败: ('Connection aborted.', RemoteDisconnected('Remote end closed connection without response'))
2025-08-20 07:19:26,168 - WARNING - ⚠️ 002205 国统股份 K线更新失败: ('Connection aborted.', RemoteDisconnected('Remote end closed connection without response'))
2025-08-20 07:19:26,396 - WARNING - ⚠️ 002206 海利得 K线更新失败: ('Connection aborted.', RemoteDisconnected('Remote end closed connection without response'))
2025-08-20 07:19:26,634 - WARNING - ⚠️ 002207 准油股份 K线更新失败: ('Connection aborted.', RemoteDisconnected('Remote end closed connection without response'))
2025-08-20 07:19:26,878 - WARNING - ⚠️ 002208 合肥城建 K线更新失败: ('Connection aborted.', RemoteDisconnected('Remote end closed connection without response'))
2025-08-20 07:19:27,117 - WARNING - ⚠️ 002209 达意隆 K线更新失败: ('Connection aborted.', RemoteDisconnected('Remote end closed connection without response'))
2025-08-20 07:19:27,346 - WARNING - ⚠️ 002210 飞马国际 K线更新失败: ('Connection aborted.', RemoteDisconnected('Remote end closed connection without response'))
2025-08-20 07:19:27,579 - WARNING - ⚠️ 002211 ST宏达 K线更新失败: ('Connection aborted.', RemoteDisconnected('Remote end closed connection without response'))
2025-08-20 07:19:27,804 - WARNING - ⚠️ 002212 天融信 K线更新失败: ('Connection aborted.', RemoteDisconnected('Remote end closed connection without response'))
2025-08-20 07:19:28,037 - WARNING - ⚠️ 002213 大为股份 K线更新失败: ('Connection aborted.', RemoteDisconnected('Remote end closed connection without response'))
2025-08-20 07:19:28,283 - WARNING - ⚠️ 002214 *ST大立 K线更新失败: ('Connection aborted.', RemoteDisconnected('Remote end closed connection without response'))
2025-08-20 07:19:28,517 - WARNING - ⚠️ 002215 诺普信 K线更新失败: ('Connection aborted.', RemoteDisconnected('Remote end closed connection without response'))
2025-08-20 07:19:28,760 - WARNING - ⚠️ 002216 三全食品 K线更新失败: ('Connection aborted.', RemoteDisconnected('Remote end closed connection without response'))
2025-08-20 07:19:29,004 - WARNING - ⚠️ 002217 合力泰 K线更新失败: ('Connection aborted.', RemoteDisconnected('Remote end closed connection without response'))
2025-08-20 07:19:29,239 - WARNING - ⚠️ 002218 拓日新能 K线更新失败: ('Connection aborted.', RemoteDisconnected('Remote end closed connection without response'))
2025-08-20 07:19:29,478 - WARNING - ⚠️ 002219 新里程 K线更新失败: ('Connection aborted.', RemoteDisconnected('Remote end closed connection without response'))
2025-08-20 07:19:29,701 - WARNING - ⚠️ 002220 天宝退 K线更新失败: ('Connection aborted.', RemoteDisconnected('Remote end closed connection without response'))
2025-08-20 07:19:29,935 - WARNING - ⚠️ 002221 东华能源 K线更新失败: ('Connection aborted.', RemoteDisconnected('Remote end closed connection without response'))
2025-08-20 07:19:30,161 - WARNING - ⚠️ 002222 福晶科技 K线更新失败: ('Connection aborted.', RemoteDisconnected('Remote end closed connection without response'))
2025-08-20 07:19:30,403 - WARNING - ⚠️ 002223 鱼跃医疗 K线更新失败: ('Connection aborted.', RemoteDisconnected('Remote end closed connection without response'))
2025-08-20 07:19:30,629 - WARNING - ⚠️ 002224 三力士 K线更新失败: ('Connection aborted.', RemoteDisconnected('Remote end closed connection without response'))
2025-08-20 07:19:30,873 - WARNING - ⚠️ 002225 濮耐股份 K线更新失败: ('Connection aborted.', RemoteDisconnected('Remote end closed connection without response'))
2025-08-20 07:19:31,111 - WARNING - ⚠️ 002226 江南化工 K线更新失败: ('Connection aborted.', RemoteDisconnected('Remote end closed connection without response'))
2025-08-20 07:19:31,351 - WARNING - ⚠️ 002227 奥特迅 K线更新失败: ('Connection aborted.', RemoteDisconnected('Remote end closed connection without response'))
2025-08-20 07:19:31,584 - WARNING - ⚠️ 002228 合兴包装 K线更新失败: ('Connection aborted.', RemoteDisconnected('Remote end closed connection without response'))
2025-08-20 07:19:31,810 - WARNING - ⚠️ 002229 鸿博股份 K线更新失败: ('Connection aborted.', RemoteDisconnected('Remote end closed connection without response'))
2025-08-20 07:19:32,043 - WARNING - ⚠️ 002230 科大讯飞 K线更新失败: ('Connection aborted.', RemoteDisconnected('Remote end closed connection without response'))
2025-08-20 07:19:32,282 - WARNING - ⚠️ 002231 *ST奥维 K线更新失败: ('Connection aborted.', RemoteDisconnected('Remote end closed connection without response'))
2025-08-20 07:19:32,521 - WARNING - ⚠️ 002232 启明信息 K线更新失败: ('Connection aborted.', RemoteDisconnected('Remote end closed connection without response'))
2025-08-20 07:19:32,748 - WARNING - ⚠️ 002233 塔牌集团 K线更新失败: ('Connection aborted.', RemoteDisconnected('Remote end closed connection without response'))
2025-08-20 07:19:32,970 - WARNING - ⚠️ 002234 民和股份 K线更新失败: ('Connection aborted.', RemoteDisconnected('Remote end closed connection without response'))
2025-08-20 07:19:33,208 - WARNING - ⚠️ 002235 安妮股份 K线更新失败: ('Connection aborted.', RemoteDisconnected('Remote end closed connection without response'))
2025-08-20 07:19:33,428 - WARNING - ⚠️ 002236 大华股份 K线更新失败: ('Connection aborted.', RemoteDisconnected('Remote end closed connection without response'))
2025-08-20 07:19:33,666 - WARNING - ⚠️ 002237 恒邦股份 K线更新失败: ('Connection aborted.', RemoteDisconnected('Remote end closed connection without response'))
2025-08-20 07:19:33,902 - WARNING - ⚠️ 002238 天威视讯 K线更新失败: ('Connection aborted.', RemoteDisconnected('Remote end closed connection without response'))
2025-08-20 07:19:34,135 - WARNING - ⚠️ 002239 奥特佳 K线更新失败: ('Connection aborted.', RemoteDisconnected('Remote end closed connection without response'))
2025-08-20 07:19:34,363 - WARNING - ⚠️ 002240 盛新锂能 K线更新失败: ('Connection aborted.', RemoteDisconnected('Remote end closed connection without response'))
2025-08-20 07:19:34,593 - WARNING - ⚠️ 002241 歌尔股份 K线更新失败: ('Connection aborted.', RemoteDisconnected('Remote end closed connection without response'))
2025-08-20 07:19:34,815 - WARNING - ⚠️ 002242 九阳股份 K线更新失败: ('Connection aborted.', RemoteDisconnected('Remote end closed connection without response'))
2025-08-20 07:19:35,046 - WARNING - ⚠️ 002243 力合科创 K线更新失败: ('Connection aborted.', RemoteDisconnected('Remote end closed connection without response'))
2025-08-20 07:19:35,282 - WARNING - ⚠️ 002244 滨江集团 K线更新失败: ('Connection aborted.', RemoteDisconnected('Remote end closed connection without response'))
2025-08-20 07:19:35,519 - WARNING - ⚠️ 002245 蔚蓝锂芯 K线更新失败: ('Connection aborted.', RemoteDisconnected('Remote end closed connection without response'))
2025-08-20 07:19:35,756 - WARNING - ⚠️ 002246 北化股份 K线更新失败: ('Connection aborted.', RemoteDisconnected('Remote end closed connection without response'))
2025-08-20 07:19:36,002 - WARNING - ⚠️ 002247 聚力文化 K线更新失败: ('Connection aborted.', RemoteDisconnected('Remote end closed connection without response'))
2025-08-20 07:19:36,225 - WARNING - ⚠️ 002248 华东数控 K线更新失败: ('Connection aborted.', RemoteDisconnected('Remote end closed connection without response'))
2025-08-20 07:19:36,464 - WARNING - ⚠️ 002249 大洋电机 K线更新失败: ('Connection aborted.', RemoteDisconnected('Remote end closed connection without response'))
2025-08-20 07:19:36,702 - WARNING - ⚠️ 002250 联化科技 K线更新失败: ('Connection aborted.', RemoteDisconnected('Remote end closed connection without response'))
2025-08-20 07:19:36,932 - WARNING - ⚠️ 002251 步步高 K线更新失败: ('Connection aborted.', RemoteDisconnected('Remote end closed connection without response'))
2025-08-20 07:19:37,155 - WARNING - ⚠️ 002252 上海莱士 K线更新失败: ('Connection aborted.', RemoteDisconnected('Remote end closed connection without response'))
2025-08-20 07:19:37,390 - WARNING - ⚠️ 002253 *ST智胜 K线更新失败: ('Connection aborted.', RemoteDisconnected('Remote end closed connection without response'))
2025-08-20 07:19:37,610 - WARNING - ⚠️ 002254 泰和新材 K线更新失败: ('Connection aborted.', RemoteDisconnected('Remote end closed connection without response'))
2025-08-20 07:19:37,841 - WARNING - ⚠️ 002255 海陆重工 K线更新失败: ('Connection aborted.', RemoteDisconnected('Remote end closed connection without response'))
2025-08-20 07:19:38,068 - WARNING - ⚠️ 002256 兆新股份 K线更新失败: ('Connection aborted.', RemoteDisconnected('Remote end closed connection without response'))
2025-08-20 07:19:38,301 - WARNING - ⚠️ 002258 利尔化学 K线更新失败: ('Connection aborted.', RemoteDisconnected('Remote end closed connection without response'))
2025-08-20 07:19:38,531 - WARNING - ⚠️ 002259 升达林业 K线更新失败: ('Connection aborted.', RemoteDisconnected('Remote end closed connection without response'))
2025-08-20 07:19:38,763 - WARNING - ⚠️ 002260 德奥退 K线更新失败: ('Connection aborted.', RemoteDisconnected('Remote end closed connection without response'))
2025-08-20 07:19:39,010 - WARNING - ⚠️ 002261 拓维信息 K线更新失败: ('Connection aborted.', RemoteDisconnected('Remote end closed connection without response'))
2025-08-20 07:19:39,245 - WARNING - ⚠️ 002262 恩华药业 K线更新失败: ('Connection aborted.', RemoteDisconnected('Remote end closed connection without response'))
2025-08-20 07:19:39,476 - WARNING - ⚠️ 002263 大东南 K线更新失败: ('Connection aborted.', RemoteDisconnected('Remote end closed connection without response'))
2025-08-20 07:19:39,706 - WARNING - ⚠️ 002264 新华都 K线更新失败: ('Connection aborted.', RemoteDisconnected('Remote end closed connection without response'))
2025-08-20 07:19:39,937 - WARNING - ⚠️ 002265 建设工业 K线更新失败: ('Connection aborted.', RemoteDisconnected('Remote end closed connection without response'))
2025-08-20 07:19:40,169 - WARNING - ⚠️ 002266 浙富控股 K线更新失败: ('Connection aborted.', RemoteDisconnected('Remote end closed connection without response'))
2025-08-20 07:19:40,405 - WARNING - ⚠️ 002267 陕天然气 K线更新失败: ('Connection aborted.', RemoteDisconnected('Remote end closed connection without response'))
2025-08-20 07:19:40,627 - WARNING - ⚠️ 002268 电科网安 K线更新失败: ('Connection aborted.', RemoteDisconnected('Remote end closed connection without response'))
2025-08-20 07:19:40,866 - WARNING - ⚠️ 002269 美邦服饰 K线更新失败: ('Connection aborted.', RemoteDisconnected('Remote end closed connection without response'))
2025-08-20 07:19:41,105 - WARNING - ⚠️ 002270 华明装备 K线更新失败: ('Connection aborted.', RemoteDisconnected('Remote end closed connection without response'))
2025-08-20 07:19:41,321 - WARNING - ⚠️ 002271 东方雨虹 K线更新失败: ('Connection aborted.', RemoteDisconnected('Remote end closed connection without response'))
2025-08-20 07:19:41,560 - WARNING - ⚠️ 002272 川润股份 K线更新失败: ('Connection aborted.', RemoteDisconnected('Remote end closed connection without response'))
2025-08-20 07:19:41,788 - WARNING - ⚠️ 002273 水晶光电 K线更新失败: ('Connection aborted.', RemoteDisconnected('Remote end closed connection without response'))
2025-08-20 07:19:42,018 - WARNING - ⚠️ 002274 华昌化工 K线更新失败: ('Connection aborted.', RemoteDisconnected('Remote end closed connection without response'))
2025-08-20 07:19:42,250 - WARNING - ⚠️ 002275 桂林三金 K线更新失败: ('Connection aborted.', RemoteDisconnected('Remote end closed connection without response'))
2025-08-20 07:19:42,475 - WARNING - ⚠️ 002276 万马股份 K线更新失败: ('Connection aborted.', RemoteDisconnected('Remote end closed connection without response'))
2025-08-20 07:19:42,701 - WARNING - ⚠️ 002277 友阿股份 K线更新失败: ('Connection aborted.', RemoteDisconnected('Remote end closed connection without response'))
2025-08-20 07:19:42,932 - WARNING - ⚠️ 002278 神开股份 K线更新失败: ('Connection aborted.', RemoteDisconnected('Remote end closed connection without response'))
2025-08-20 07:19:43,163 - WARNING - ⚠️ 002279 久其软件 K线更新失败: ('Connection aborted.', RemoteDisconnected('Remote end closed connection without response'))
2025-08-20 07:19:43,412 - WARNING - ⚠️ 002280 ST联络 K线更新失败: ('Connection aborted.', RemoteDisconnected('Remote end closed connection without response'))
2025-08-20 07:19:43,639 - WARNING - ⚠️ 002281 光迅科技 K线更新失败: ('Connection aborted.', RemoteDisconnected('Remote end closed connection without response'))
2025-08-20 07:19:43,873 - WARNING - ⚠️ 002282 博深股份 K线更新失败: ('Connection aborted.', RemoteDisconnected('Remote end closed connection without response'))
2025-08-20 07:19:44,107 - WARNING - ⚠️ 002283 天润工业 K线更新失败: ('Connection aborted.', RemoteDisconnected('Remote end closed connection without response'))
2025-08-20 07:19:44,333 - WARNING - ⚠️ 002284 亚太股份 K线更新失败: ('Connection aborted.', RemoteDisconnected('Remote end closed connection without response'))
2025-08-20 07:19:44,557 - WARNING - ⚠️ 002285 世联行 K线更新失败: ('Connection aborted.', RemoteDisconnected('Remote end closed connection without response'))
2025-08-20 07:19:44,788 - WARNING - ⚠️ 002286 保龄宝 K线更新失败: ('Connection aborted.', RemoteDisconnected('Remote end closed connection without response'))
2025-08-20 07:19:45,026 - WARNING - ⚠️ 002287 奇正藏药 K线更新失败: ('Connection aborted.', RemoteDisconnected('Remote end closed connection without response'))
2025-08-20 07:19:45,245 - WARNING - ⚠️ 002288 *ST超华 K线更新失败: ('Connection aborted.', RemoteDisconnected('Remote end closed connection without response'))
2025-08-20 07:19:45,488 - WARNING - ⚠️ 002289 *ST宇顺 K线更新失败: ('Connection aborted.', RemoteDisconnected('Remote end closed connection without response'))
2025-08-20 07:19:45,738 - WARNING - ⚠️ 002290 禾盛新材 K线更新失败: ('Connection aborted.', RemoteDisconnected('Remote end closed connection without response'))
2025-08-20 07:19:45,975 - WARNING - ⚠️ 002291 遥望科技 K线更新失败: ('Connection aborted.', RemoteDisconnected('Remote end closed connection without response'))
2025-08-20 07:19:46,207 - WARNING - ⚠️ 002292 奥飞娱乐 K线更新失败: ('Connection aborted.', RemoteDisconnected('Remote end closed connection without response'))
2025-08-20 07:19:46,426 - WARNING - ⚠️ 002293 罗莱生活 K线更新失败: ('Connection aborted.', RemoteDisconnected('Remote end closed connection without response'))
2025-08-20 07:19:46,658 - WARNING - ⚠️ 002294 信立泰 K线更新失败: ('Connection aborted.', RemoteDisconnected('Remote end closed connection without response'))
2025-08-20 07:19:46,894 - WARNING - ⚠️ 002295 精艺股份 K线更新失败: ('Connection aborted.', RemoteDisconnected('Remote end closed connection without response'))
2025-08-20 07:19:47,135 - WARNING - ⚠️ 002296 辉煌科技 K线更新失败: ('Connection aborted.', RemoteDisconnected('Remote end closed connection without response'))
2025-08-20 07:19:47,370 - WARNING - ⚠️ 002297 博云新材 K线更新失败: ('Connection aborted.', RemoteDisconnected('Remote end closed connection without response'))
2025-08-20 07:19:47,602 - WARNING - ⚠️ 002298 中电鑫龙 K线更新失败: ('Connection aborted.', RemoteDisconnected('Remote end closed connection without response'))
2025-08-20 07:19:47,829 - WARNING - ⚠️ 002299 圣农发展 K线更新失败: ('Connection aborted.', RemoteDisconnected('Remote end closed connection without response'))
2025-08-20 07:19:48,048 - WARNING - ⚠️ 002300 太阳电缆 K线更新失败: ('Connection aborted.', RemoteDisconnected('Remote end closed connection without response'))
2025-08-20 07:19:48,288 - WARNING - ⚠️ 002301 齐心集团 K线更新失败: ('Connection aborted.', RemoteDisconnected('Remote end closed connection without response'))
2025-08-20 07:19:48,531 - WARNING - ⚠️ 002302 西部建设 K线更新失败: ('Connection aborted.', RemoteDisconnected('Remote end closed connection without response'))
2025-08-20 07:19:48,766 - WARNING - ⚠️ 002303 美盈森 K线更新失败: ('Connection aborted.', RemoteDisconnected('Remote end closed connection without response'))
2025-08-20 07:19:49,009 - WARNING - ⚠️ 002304 洋河股份 K线更新失败: ('Connection aborted.', RemoteDisconnected('Remote end closed connection without response'))
2025-08-20 07:19:49,240 - WARNING - ⚠️ 002305 *ST南置 K线更新失败: ('Connection aborted.', RemoteDisconnected('Remote end closed connection without response'))
2025-08-20 07:19:49,481 - WARNING - ⚠️ 002306 *ST云网 K线更新失败: ('Connection aborted.', RemoteDisconnected('Remote end closed connection without response'))
2025-08-20 07:19:49,709 - WARNING - ⚠️ 002307 北新路桥 K线更新失败: ('Connection aborted.', RemoteDisconnected('Remote end closed connection without response'))
2025-08-20 07:19:49,947 - WARNING - ⚠️ 002308 *ST威创 K线更新失败: ('Connection aborted.', RemoteDisconnected('Remote end closed connection without response'))
2025-08-20 07:19:50,169 - WARNING - ⚠️ 002309 中利集团 K线更新失败: ('Connection aborted.', RemoteDisconnected('Remote end closed connection without response'))
2025-08-20 07:19:50,407 - WARNING - ⚠️ 002310 东方园林 K线更新失败: ('Connection aborted.', RemoteDisconnected('Remote end closed connection without response'))
2025-08-20 07:19:50,638 - WARNING - ⚠️ 002311 海大集团 K线更新失败: ('Connection aborted.', RemoteDisconnected('Remote end closed connection without response'))
2025-08-20 07:19:50,870 - WARNING - ⚠️ 002312 川发龙蟒 K线更新失败: ('Connection aborted.', RemoteDisconnected('Remote end closed connection without response'))
2025-08-20 07:19:51,098 - WARNING - ⚠️ 002313 日海智能 K线更新失败: ('Connection aborted.', RemoteDisconnected('Remote end closed connection without response'))
2025-08-20 07:19:51,332 - WARNING - ⚠️ 002314 南山控股 K线更新失败: ('Connection aborted.', RemoteDisconnected('Remote end closed connection without response'))
2025-08-20 07:19:51,563 - WARNING - ⚠️ 002315 焦点科技 K线更新失败: ('Connection aborted.', RemoteDisconnected('Remote end closed connection without response'))
2025-08-20 07:19:51,793 - WARNING - ⚠️ 002316 ST亚联 K线更新失败: ('Connection aborted.', RemoteDisconnected('Remote end closed connection without response'))
2025-08-20 07:19:52,043 - WARNING - ⚠️ 002317 众生药业 K线更新失败: ('Connection aborted.', RemoteDisconnected('Remote end closed connection without response'))
2025-08-20 07:19:52,287 - WARNING - ⚠️ 002318 久立特材 K线更新失败: ('Connection aborted.', RemoteDisconnected('Remote end closed connection without response'))
2025-08-20 07:19:52,518 - WARNING - ⚠️ 002319 乐通股份 K线更新失败: ('Connection aborted.', RemoteDisconnected('Remote end closed connection without response'))
2025-08-20 07:19:52,756 - WARNING - ⚠️ 002320 海峡股份 K线更新失败: ('Connection aborted.', RemoteDisconnected('Remote end closed connection without response'))
2025-08-20 07:19:53,007 - WARNING - ⚠️ 002321 华英农业 K线更新失败: ('Connection aborted.', RemoteDisconnected('Remote end closed connection without response'))
2025-08-20 07:19:53,231 - WARNING - ⚠️ 002322 理工能科 K线更新失败: ('Connection aborted.', RemoteDisconnected('Remote end closed connection without response'))
2025-08-20 07:19:53,452 - WARNING - ⚠️ 002323 雅博股份 K线更新失败: ('Connection aborted.', RemoteDisconnected('Remote end closed connection without response'))
2025-08-20 07:19:53,698 - WARNING - ⚠️ 002324 普利特 K线更新失败: ('Connection aborted.', RemoteDisconnected('Remote end closed connection without response'))
2025-08-20 07:19:53,943 - WARNING - ⚠️ 002325 *ST洪涛 K线更新失败: ('Connection aborted.', RemoteDisconnected('Remote end closed connection without response'))
2025-08-20 07:19:54,172 - WARNING - ⚠️ 002326 永太科技 K线更新失败: ('Connection aborted.', RemoteDisconnected('Remote end closed connection without response'))
2025-08-20 07:19:54,399 - WARNING - ⚠️ 002327 富安娜 K线更新失败: ('Connection aborted.', RemoteDisconnected('Remote end closed connection without response'))
2025-08-20 07:19:54,638 - WARNING - ⚠️ 002328 新朋股份 K线更新失败: ('Connection aborted.', RemoteDisconnected('Remote end closed connection without response'))
2025-08-20 07:19:54,869 - WARNING - ⚠️ 002329 皇氏集团 K线更新失败: ('Connection aborted.', RemoteDisconnected('Remote end closed connection without response'))
2025-08-20 07:19:55,109 - WARNING - ⚠️ 002330 得利斯 K线更新失败: ('Connection aborted.', RemoteDisconnected('Remote end closed connection without response'))
2025-08-20 07:19:55,333 - WARNING - ⚠️ 002331 皖通科技 K线更新失败: ('Connection aborted.', RemoteDisconnected('Remote end closed connection without response'))
2025-08-20 07:19:55,566 - WARNING - ⚠️ 002332 仙琚制药 K线更新失败: ('Connection aborted.', RemoteDisconnected('Remote end closed connection without response'))
2025-08-20 07:19:55,806 - WARNING - ⚠️ 002333 罗普斯金 K线更新失败: ('Connection aborted.', RemoteDisconnected('Remote end closed connection without response'))
2025-08-20 07:19:56,046 - WARNING - ⚠️ 002334 英威腾 K线更新失败: ('Connection aborted.', RemoteDisconnected('Remote end closed connection without response'))
2025-08-20 07:19:56,291 - WARNING - ⚠️ 002335 科华数据 K线更新失败: ('Connection aborted.', RemoteDisconnected('Remote end closed connection without response'))
2025-08-20 07:19:56,519 - WARNING - ⚠️ 002336 人乐退 K线更新失败: ('Connection aborted.', RemoteDisconnected('Remote end closed connection without response'))
2025-08-20 07:19:56,757 - WARNING - ⚠️ 002337 赛象科技 K线更新失败: ('Connection aborted.', RemoteDisconnected('Remote end closed connection without response'))
2025-08-20 07:19:56,977 - WARNING - ⚠️ 002338 奥普光电 K线更新失败: ('Connection aborted.', RemoteDisconnected('Remote end closed connection without response'))
2025-08-20 07:19:57,212 - WARNING - ⚠️ 002339 积成电子 K线更新失败: ('Connection aborted.', RemoteDisconnected('Remote end closed connection without response'))
2025-08-20 07:19:57,443 - WARNING - ⚠️ 002340 格林美 K线更新失败: ('Connection aborted.', RemoteDisconnected('Remote end closed connection without response'))
2025-08-20 07:19:57,680 - WARNING - ⚠️ 002341 ST新纶 K线更新失败: ('Connection aborted.', RemoteDisconnected('Remote end closed connection without response'))
2025-08-20 07:19:57,919 - WARNING - ⚠️ 002342 巨力索具 K线更新失败: ('Connection aborted.', RemoteDisconnected('Remote end closed connection without response'))
2025-08-20 07:19:58,151 - WARNING - ⚠️ 002343 慈文传媒 K线更新失败: ('Connection aborted.', RemoteDisconnected('Remote end closed connection without response'))
2025-08-20 07:19:58,389 - WARNING - ⚠️ 002344 海宁皮城 K线更新失败: ('Connection aborted.', RemoteDisconnected('Remote end closed connection without response'))
2025-08-20 07:19:58,617 - WARNING - ⚠️ 002345 潮宏基 K线更新失败: ('Connection aborted.', RemoteDisconnected('Remote end closed connection without response'))
2025-08-20 07:19:58,845 - WARNING - ⚠️ 002346 柘中股份 K线更新失败: ('Connection aborted.', RemoteDisconnected('Remote end closed connection without response'))
2025-08-20 07:19:59,173 - WARNING - ⚠️ 002347 泰尔股份 K线更新失败: ('Connection aborted.', RemoteDisconnected('Remote end closed connection without response'))
2025-08-20 07:19:59,397 - WARNING - ⚠️ 002348 高乐股份 K线更新失败: ('Connection aborted.', RemoteDisconnected('Remote end closed connection without response'))
2025-08-20 07:19:59,626 - WARNING - ⚠️ 002349 精华制药 K线更新失败: ('Connection aborted.', RemoteDisconnected('Remote end closed connection without response'))
2025-08-20 07:19:59,864 - WARNING - ⚠️ 002350 北京科锐 K线更新失败: ('Connection aborted.', RemoteDisconnected('Remote end closed connection without response'))
2025-08-20 07:20:00,099 - WARNING - ⚠️ 002351 漫步者 K线更新失败: ('Connection aborted.', RemoteDisconnected('Remote end closed connection without response'))
2025-08-20 07:20:00,346 - WARNING - ⚠️ 002352 顺丰控股 K线更新失败: ('Connection aborted.', RemoteDisconnected('Remote end closed connection without response'))
2025-08-20 07:20:00,575 - WARNING - ⚠️ 002353 杰瑞股份 K线更新失败: ('Connection aborted.', RemoteDisconnected('Remote end closed connection without response'))
2025-08-20 07:20:00,811 - WARNING - ⚠️ 002354 天娱数科 K线更新失败: ('Connection aborted.', RemoteDisconnected('Remote end closed connection without response'))
2025-08-20 07:20:01,045 - WARNING - ⚠️ 002355 兴民智通 K线更新失败: ('Connection aborted.', RemoteDisconnected('Remote end closed connection without response'))
2025-08-20 07:20:01,284 - WARNING - ⚠️ 002356 赫美集团 K线更新失败: ('Connection aborted.', RemoteDisconnected('Remote end closed connection without response'))
2025-08-20 07:20:01,517 - WARNING - ⚠️ 002357 富临运业 K线更新失败: ('Connection aborted.', RemoteDisconnected('Remote end closed connection without response'))
2025-08-20 07:20:01,767 - WARNING - ⚠️ 002358 森源电气 K线更新失败: ('Connection aborted.', RemoteDisconnected('Remote end closed connection without response'))
2025-08-20 07:20:02,002 - WARNING - ⚠️ 002359 北讯退 K线更新失败: ('Connection aborted.', RemoteDisconnected('Remote end closed connection without response'))
2025-08-20 07:20:02,240 - WARNING - ⚠️ 002360 同德化工 K线更新失败: ('Connection aborted.', RemoteDisconnected('Remote end closed connection without response'))
2025-08-20 07:20:02,463 - WARNING - ⚠️ 002361 神剑股份 K线更新失败: ('Connection aborted.', RemoteDisconnected('Remote end closed connection without response'))
2025-08-20 07:20:02,703 - WARNING - ⚠️ 002362 汉王科技 K线更新失败: ('Connection aborted.', RemoteDisconnected('Remote end closed connection without response'))
2025-08-20 07:20:02,944 - WARNING - ⚠️ 002363 隆基机械 K线更新失败: ('Connection aborted.', RemoteDisconnected('Remote end closed connection without response'))
2025-08-20 07:20:03,168 - WARNING - ⚠️ 002364 中恒电气 K线更新失败: ('Connection aborted.', RemoteDisconnected('Remote end closed connection without response'))
2025-08-20 07:20:03,393 - WARNING - ⚠️ 002365 永安药业 K线更新失败: ('Connection aborted.', RemoteDisconnected('Remote end closed connection without response'))
2025-08-20 07:20:03,633 - WARNING - ⚠️ 002366 融发核电 K线更新失败: ('Connection aborted.', RemoteDisconnected('Remote end closed connection without response'))
2025-08-20 07:20:03,903 - WARNING - ⚠️ 002367 康力电梯 K线更新失败: ('Connection aborted.', RemoteDisconnected('Remote end closed connection without response'))
2025-08-20 07:20:04,157 - WARNING - ⚠️ 002368 太极股份 K线更新失败: ('Connection aborted.', RemoteDisconnected('Remote end closed connection without response'))
2025-08-20 07:20:04,397 - WARNING - ⚠️ 002369 卓翼科技 K线更新失败: ('Connection aborted.', RemoteDisconnected('Remote end closed connection without response'))
2025-08-20 07:20:04,638 - WARNING - ⚠️ 002370 亚太药业 K线更新失败: ('Connection aborted.', RemoteDisconnected('Remote end closed connection without response'))
2025-08-20 07:20:04,875 - WARNING - ⚠️ 002371 北方华创 K线更新失败: ('Connection aborted.', RemoteDisconnected('Remote end closed connection without response'))
2025-08-20 07:20:05,126 - WARNING - ⚠️ 002372 伟星新材 K线更新失败: ('Connection aborted.', RemoteDisconnected('Remote end closed connection without response'))
2025-08-20 07:20:05,351 - WARNING - ⚠️ 002373 千方科技 K线更新失败: ('Connection aborted.', RemoteDisconnected('Remote end closed connection without response'))
2025-08-20 07:20:05,580 - WARNING - ⚠️ 002374 中锐股份 K线更新失败: ('Connection aborted.', RemoteDisconnected('Remote end closed connection without response'))
2025-08-20 07:20:05,809 - WARNING - ⚠️ 002375 亚厦股份 K线更新失败: ('Connection aborted.', RemoteDisconnected('Remote end closed connection without response'))
2025-08-20 07:20:06,068 - WARNING - ⚠️ 002376 新北洋 K线更新失败: ('Connection aborted.', RemoteDisconnected('Remote end closed connection without response'))
2025-08-20 07:20:06,299 - WARNING - ⚠️ 002377 国创高新 K线更新失败: ('Connection aborted.', RemoteDisconnected('Remote end closed connection without response'))
2025-08-20 07:20:06,533 - WARNING - ⚠️ 002378 章源钨业 K线更新失败: ('Connection aborted.', RemoteDisconnected('Remote end closed connection without response'))
2025-08-20 07:20:06,769 - WARNING - ⚠️ 002379 宏创控股 K线更新失败: ('Connection aborted.', RemoteDisconnected('Remote end closed connection without response'))
2025-08-20 07:20:07,015 - WARNING - ⚠️ 002380 科远智慧 K线更新失败: ('Connection aborted.', RemoteDisconnected('Remote end closed connection without response'))
2025-08-20 07:20:07,249 - WARNING - ⚠️ 002381 双箭股份 K线更新失败: ('Connection aborted.', RemoteDisconnected('Remote end closed connection without response'))
2025-08-20 07:20:07,475 - WARNING - ⚠️ 002382 蓝帆医疗 K线更新失败: ('Connection aborted.', RemoteDisconnected('Remote end closed connection without response'))
2025-08-20 07:20:07,725 - WARNING - ⚠️ 002383 合众思壮 K线更新失败: ('Connection aborted.', RemoteDisconnected('Remote end closed connection without response'))
2025-08-20 07:20:07,964 - WARNING - ⚠️ 002384 东山精密 K线更新失败: ('Connection aborted.', RemoteDisconnected('Remote end closed connection without response'))
2025-08-20 07:20:08,185 - WARNING - ⚠️ 002385 大北农 K线更新失败: ('Connection aborted.', RemoteDisconnected('Remote end closed connection without response'))
2025-08-20 07:20:08,433 - WARNING - ⚠️ 002386 天原股份 K线更新失败: ('Connection aborted.', RemoteDisconnected('Remote end closed connection without response'))
2025-08-20 07:20:08,664 - WARNING - ⚠️ 002387 维信诺 K线更新失败: ('Connection aborted.', RemoteDisconnected('Remote end closed connection without response'))
2025-08-20 07:20:08,903 - WARNING - ⚠️ 002388 ST新亚 K线更新失败: ('Connection aborted.', RemoteDisconnected('Remote end closed connection without response'))
2025-08-20 07:20:09,128 - WARNING - ⚠️ 002389 航天彩虹 K线更新失败: ('Connection aborted.', RemoteDisconnected('Remote end closed connection without response'))
2025-08-20 07:20:09,362 - WARNING - ⚠️ 002390 信邦制药 K线更新失败: ('Connection aborted.', RemoteDisconnected('Remote end closed connection without response'))
2025-08-20 07:20:09,584 - WARNING - ⚠️ 002391 长青股份 K线更新失败: ('Connection aborted.', RemoteDisconnected('Remote end closed connection without response'))
2025-08-20 07:20:09,820 - WARNING - ⚠️ 002392 北京利尔 K线更新失败: ('Connection aborted.', RemoteDisconnected('Remote end closed connection without response'))
2025-08-20 07:20:10,046 - WARNING - ⚠️ 002393 力生制药 K线更新失败: ('Connection aborted.', RemoteDisconnected('Remote end closed connection without response'))
2025-08-20 07:20:10,283 - WARNING - ⚠️ 002394 联发股份 K线更新失败: ('Connection aborted.', RemoteDisconnected('Remote end closed connection without response'))
2025-08-20 07:20:10,510 - WARNING - ⚠️ 002395 双象股份 K线更新失败: ('Connection aborted.', RemoteDisconnected('Remote end closed connection without response'))
2025-08-20 07:20:10,737 - WARNING - ⚠️ 002396 星网锐捷 K线更新失败: ('Connection aborted.', RemoteDisconnected('Remote end closed connection without response'))
2025-08-20 07:20:10,964 - WARNING - ⚠️ 002397 梦洁股份 K线更新失败: ('Connection aborted.', RemoteDisconnected('Remote end closed connection without response'))
2025-08-20 07:20:11,196 - WARNING - ⚠️ 002398 垒知集团 K线更新失败: ('Connection aborted.', RemoteDisconnected('Remote end closed connection without response'))
2025-08-20 07:20:11,426 - WARNING - ⚠️ 002399 海普瑞 K线更新失败: ('Connection aborted.', RemoteDisconnected('Remote end closed connection without response'))
2025-08-20 07:20:11,661 - WARNING - ⚠️ 002400 省广集团 K线更新失败: ('Connection aborted.', RemoteDisconnected('Remote end closed connection without response'))
2025-08-20 07:20:11,894 - WARNING - ⚠️ 002401 中远海科 K线更新失败: ('Connection aborted.', RemoteDisconnected('Remote end closed connection without response'))
2025-08-20 07:20:12,133 - WARNING - ⚠️ 002402 和而泰 K线更新失败: ('Connection aborted.', RemoteDisconnected('Remote end closed connection without response'))
2025-08-20 07:20:12,359 - WARNING - ⚠️ 002403 爱仕达 K线更新失败: ('Connection aborted.', RemoteDisconnected('Remote end closed connection without response'))
2025-08-20 07:20:12,596 - WARNING - ⚠️ 002404 嘉欣丝绸 K线更新失败: ('Connection aborted.', RemoteDisconnected('Remote end closed connection without response'))
2025-08-20 07:20:12,822 - WARNING - ⚠️ 002405 四维图新 K线更新失败: ('Connection aborted.', RemoteDisconnected('Remote end closed connection without response'))
2025-08-20 07:20:13,053 - WARNING - ⚠️ 002406 远东传动 K线更新失败: ('Connection aborted.', RemoteDisconnected('Remote end closed connection without response'))
2025-08-20 07:20:13,285 - WARNING - ⚠️ 002407 多氟多 K线更新失败: ('Connection aborted.', RemoteDisconnected('Remote end closed connection without response'))
2025-08-20 07:20:13,503 - WARNING - ⚠️ 002408 齐翔腾达 K线更新失败: ('Connection aborted.', RemoteDisconnected('Remote end closed connection without response'))
2025-08-20 07:20:13,744 - WARNING - ⚠️ 002409 雅克科技 K线更新失败: ('Connection aborted.', RemoteDisconnected('Remote end closed connection without response'))
2025-08-20 07:20:13,975 - WARNING - ⚠️ 002410 广联达 K线更新失败: ('Connection aborted.', RemoteDisconnected('Remote end closed connection without response'))
2025-08-20 07:20:14,208 - WARNING - ⚠️ 002411 必康退 K线更新失败: ('Connection aborted.', RemoteDisconnected('Remote end closed connection without response'))
2025-08-20 07:20:14,450 - WARNING - ⚠️ 002412 汉森制药 K线更新失败: ('Connection aborted.', RemoteDisconnected('Remote end closed connection without response'))
2025-08-20 07:20:14,680 - WARNING - ⚠️ 002413 雷科防务 K线更新失败: ('Connection aborted.', RemoteDisconnected('Remote end closed connection without response'))
2025-08-20 07:20:14,903 - WARNING - ⚠️ 002414 高德红外 K线更新失败: ('Connection aborted.', RemoteDisconnected('Remote end closed connection without response'))
2025-08-20 07:20:15,147 - WARNING - ⚠️ 002415 海康威视 K线更新失败: ('Connection aborted.', RemoteDisconnected('Remote end closed connection without response'))
2025-08-20 07:20:15,382 - WARNING - ⚠️ 002416 爱施德 K线更新失败: ('Connection aborted.', RemoteDisconnected('Remote end closed connection without response'))
2025-08-20 07:20:15,613 - WARNING - ⚠️ 002417 深南退 K线更新失败: ('Connection aborted.', RemoteDisconnected('Remote end closed connection without response'))
2025-08-20 07:20:15,843 - WARNING - ⚠️ 002418 康盛股份 K线更新失败: ('Connection aborted.', RemoteDisconnected('Remote end closed connection without response'))
2025-08-20 07:20:16,075 - WARNING - ⚠️ 002419 天虹股份 K线更新失败: ('Connection aborted.', RemoteDisconnected('Remote end closed connection without response'))
2025-08-20 07:20:16,301 - WARNING - ⚠️ 002420 毅昌科技 K线更新失败: ('Connection aborted.', RemoteDisconnected('Remote end closed connection without response'))
2025-08-20 07:20:16,535 - WARNING - ⚠️ 002421 达实智能 K线更新失败: ('Connection aborted.', RemoteDisconnected('Remote end closed connection without response'))
2025-08-20 07:20:16,760 - WARNING - ⚠️ 002422 科伦药业 K线更新失败: ('Connection aborted.', RemoteDisconnected('Remote end closed connection without response'))
2025-08-20 07:20:16,985 - WARNING - ⚠️ 002423 中粮资本 K线更新失败: ('Connection aborted.', RemoteDisconnected('Remote end closed connection without response'))
2025-08-20 07:20:17,224 - WARNING - ⚠️ 002424 贵州百灵 K线更新失败: ('Connection aborted.', RemoteDisconnected('Remote end closed connection without response'))
2025-08-20 07:20:17,451 - WARNING - ⚠️ 002425 ST凯文 K线更新失败: ('Connection aborted.', RemoteDisconnected('Remote end closed connection without response'))
2025-08-20 07:20:17,692 - WARNING - ⚠️ 002426 胜利精密 K线更新失败: ('Connection aborted.', RemoteDisconnected('Remote end closed connection without response'))
2025-08-20 07:20:17,935 - WARNING - ⚠️ 002427 尤夫股份 K线更新失败: ('Connection aborted.', RemoteDisconnected('Remote end closed connection without response'))
2025-08-20 07:20:18,177 - WARNING - ⚠️ 002428 云南锗业 K线更新失败: ('Connection aborted.', RemoteDisconnected('Remote end closed connection without response'))
2025-08-20 07:20:18,421 - WARNING - ⚠️ 002429 兆驰股份 K线更新失败: ('Connection aborted.', RemoteDisconnected('Remote end closed connection without response'))
2025-08-20 07:20:18,670 - WARNING - ⚠️ 002430 杭氧股份 K线更新失败: ('Connection aborted.', RemoteDisconnected('Remote end closed connection without response'))
2025-08-20 07:20:18,900 - WARNING - ⚠️ 002431 棕榈股份 K线更新失败: ('Connection aborted.', RemoteDisconnected('Remote end closed connection without response'))
2025-08-20 07:20:19,130 - WARNING - ⚠️ 002432 九安医疗 K线更新失败: ('Connection aborted.', RemoteDisconnected('Remote end closed connection without response'))
2025-08-20 07:20:19,368 - WARNING - ⚠️ 002433 太安退 K线更新失败: ('Connection aborted.', RemoteDisconnected('Remote end closed connection without response'))
2025-08-20 07:20:19,604 - WARNING - ⚠️ 002434 万里扬 K线更新失败: ('Connection aborted.', RemoteDisconnected('Remote end closed connection without response'))
2025-08-20 07:20:19,835 - WARNING - ⚠️ 002435 ST长康 K线更新失败: ('Connection aborted.', RemoteDisconnected('Remote end closed connection without response'))
2025-08-20 07:20:20,066 - WARNING - ⚠️ 002436 兴森科技 K线更新失败: ('Connection aborted.', RemoteDisconnected('Remote end closed connection without response'))
2025-08-20 07:20:20,301 - WARNING - ⚠️ 002437 誉衡药业 K线更新失败: ('Connection aborted.', RemoteDisconnected('Remote end closed connection without response'))
2025-08-20 07:20:20,534 - WARNING - ⚠️ 002438 江苏神通 K线更新失败: ('Connection aborted.', RemoteDisconnected('Remote end closed connection without response'))
2025-08-20 07:20:20,776 - WARNING - ⚠️ 002439 启明星辰 K线更新失败: ('Connection aborted.', RemoteDisconnected('Remote end closed connection without response'))
2025-08-20 07:20:21,000 - WARNING - ⚠️ 002440 闰土股份 K线更新失败: ('Connection aborted.', RemoteDisconnected('Remote end closed connection without response'))
2025-08-20 07:20:21,235 - WARNING - ⚠️ 002441 众业达 K线更新失败: ('Connection aborted.', RemoteDisconnected('Remote end closed connection without response'))
2025-08-20 07:20:21,462 - WARNING - ⚠️ 002442 龙星科技 K线更新失败: ('Connection aborted.', RemoteDisconnected('Remote end closed connection without response'))
2025-08-20 07:20:21,687 - WARNING - ⚠️ 002443 金洲管道 K线更新失败: ('Connection aborted.', RemoteDisconnected('Remote end closed connection without response'))
2025-08-20 07:20:21,919 - WARNING - ⚠️ 002444 巨星科技 K线更新失败: ('Connection aborted.', RemoteDisconnected('Remote end closed connection without response'))
2025-08-20 07:20:22,148 - WARNING - ⚠️ 002445 中南文化 K线更新失败: ('Connection aborted.', RemoteDisconnected('Remote end closed connection without response'))
2025-08-20 07:20:22,374 - WARNING - ⚠️ 002446 盛路通信 K线更新失败: ('Connection aborted.', RemoteDisconnected('Remote end closed connection without response'))
2025-08-20 07:20:22,628 - WARNING - ⚠️ 002447 晨鑫退 K线更新失败: ('Connection aborted.', RemoteDisconnected('Remote end closed connection without response'))
2025-08-20 07:20:22,871 - WARNING - ⚠️ 002448 中原内配 K线更新失败: ('Connection aborted.', RemoteDisconnected('Remote end closed connection without response'))
2025-08-20 07:20:23,120 - WARNING - ⚠️ 002449 国星光电 K线更新失败: ('Connection aborted.', RemoteDisconnected('Remote end closed connection without response'))
2025-08-20 07:20:23,352 - WARNING - ⚠️ 002450 康得退 K线更新失败: ('Connection aborted.', RemoteDisconnected('Remote end closed connection without response'))
2025-08-20 07:20:23,581 - WARNING - ⚠️ 002451 摩恩电气 K线更新失败: ('Connection aborted.', RemoteDisconnected('Remote end closed connection without response'))
2025-08-20 07:20:23,803 - WARNING - ⚠️ 002452 长高电新 K线更新失败: ('Connection aborted.', RemoteDisconnected('Remote end closed connection without response'))
2025-08-20 07:20:24,039 - WARNING - ⚠️ 002453 华软科技 K线更新失败: ('Connection aborted.', RemoteDisconnected('Remote end closed connection without response'))
2025-08-20 07:20:24,277 - WARNING - ⚠️ 002454 松芝股份 K线更新失败: ('Connection aborted.', RemoteDisconnected('Remote end closed connection without response'))
2025-08-20 07:20:24,517 - WARNING - ⚠️ 002455 百川股份 K线更新失败: ('Connection aborted.', RemoteDisconnected('Remote end closed connection without response'))
2025-08-20 07:20:24,743 - WARNING - ⚠️ 002456 欧菲光 K线更新失败: ('Connection aborted.', RemoteDisconnected('Remote end closed connection without response'))
2025-08-20 07:20:24,971 - WARNING - ⚠️ 002457 青龙管业 K线更新失败: ('Connection aborted.', RemoteDisconnected('Remote end closed connection without response'))
2025-08-20 07:20:25,201 - WARNING - ⚠️ 002458 益生股份 K线更新失败: ('Connection aborted.', RemoteDisconnected('Remote end closed connection without response'))
2025-08-20 07:20:25,442 - WARNING - ⚠️ 002459 晶澳科技 K线更新失败: ('Connection aborted.', RemoteDisconnected('Remote end closed connection without response'))
2025-08-20 07:20:25,676 - WARNING - ⚠️ 002460 赣锋锂业 K线更新失败: ('Connection aborted.', RemoteDisconnected('Remote end closed connection without response'))
2025-08-20 07:20:25,920 - WARNING - ⚠️ 002461 珠江啤酒 K线更新失败: ('Connection aborted.', RemoteDisconnected('Remote end closed connection without response'))
2025-08-20 07:20:26,144 - WARNING - ⚠️ 002462 嘉事堂 K线更新失败: ('Connection aborted.', RemoteDisconnected('Remote end closed connection without response'))
2025-08-20 07:20:26,379 - WARNING - ⚠️ 002463 沪电股份 K线更新失败: ('Connection aborted.', RemoteDisconnected('Remote end closed connection without response'))
2025-08-20 07:20:26,599 - WARNING - ⚠️ 002464 众应退 K线更新失败: ('Connection aborted.', RemoteDisconnected('Remote end closed connection without response'))
2025-08-20 07:20:26,831 - WARNING - ⚠️ 002465 海格通信 K线更新失败: ('Connection aborted.', RemoteDisconnected('Remote end closed connection without response'))
2025-08-20 07:20:27,064 - WARNING - ⚠️ 002466 天齐锂业 K线更新失败: ('Connection aborted.', RemoteDisconnected('Remote end closed connection without response'))
2025-08-20 07:20:27,294 - WARNING - ⚠️ 002467 二六三 K线更新失败: ('Connection aborted.', RemoteDisconnected('Remote end closed connection without response'))
2025-08-20 07:20:27,535 - WARNING - ⚠️ 002468 申通快递 K线更新失败: ('Connection aborted.', RemoteDisconnected('Remote end closed connection without response'))
2025-08-20 07:20:27,762 - WARNING - ⚠️ 002469 三维化学 K线更新失败: ('Connection aborted.', RemoteDisconnected('Remote end closed connection without response'))
2025-08-20 07:20:28,007 - WARNING - ⚠️ 002470 金正大 K线更新失败: ('Connection aborted.', RemoteDisconnected('Remote end closed connection without response'))
2025-08-20 07:20:28,241 - WARNING - ⚠️ 002471 中超控股 K线更新失败: ('Connection aborted.', RemoteDisconnected('Remote end closed connection without response'))
2025-08-20 07:20:28,487 - WARNING - ⚠️ 002472 双环传动 K线更新失败: ('Connection aborted.', RemoteDisconnected('Remote end closed connection without response'))
2025-08-20 07:20:28,726 - WARNING - ⚠️ 002473 圣莱退 K线更新失败: ('Connection aborted.', RemoteDisconnected('Remote end closed connection without response'))
2025-08-20 07:20:28,961 - WARNING - ⚠️ 002474 榕基软件 K线更新失败: ('Connection aborted.', RemoteDisconnected('Remote end closed connection without response'))
2025-08-20 07:20:29,200 - WARNING - ⚠️ 002475 立讯精密 K线更新失败: ('Connection aborted.', RemoteDisconnected('Remote end closed connection without response'))
2025-08-20 07:20:29,446 - WARNING - ⚠️ 002476 宝莫股份 K线更新失败: ('Connection aborted.', RemoteDisconnected('Remote end closed connection without response'))
2025-08-20 07:20:29,669 - WARNING - ⚠️ 002477 雏鹰退 K线更新失败: ('Connection aborted.', RemoteDisconnected('Remote end closed connection without response'))
2025-08-20 07:20:29,912 - WARNING - ⚠️ 002478 常宝股份 K线更新失败: ('Connection aborted.', RemoteDisconnected('Remote end closed connection without response'))
2025-08-20 07:20:30,133 - WARNING - ⚠️ 002479 富春环保 K线更新失败: ('Connection aborted.', RemoteDisconnected('Remote end closed connection without response'))
2025-08-20 07:20:30,361 - WARNING - ⚠️ 002480 新筑股份 K线更新失败: ('Connection aborted.', RemoteDisconnected('Remote end closed connection without response'))
2025-08-20 07:20:30,578 - WARNING - ⚠️ 002481 双塔食品 K线更新失败: ('Connection aborted.', RemoteDisconnected('Remote end closed connection without response'))
2025-08-20 07:20:30,810 - WARNING - ⚠️ 002482 广田集团 K线更新失败: ('Connection aborted.', RemoteDisconnected('Remote end closed connection without response'))
2025-08-20 07:20:31,043 - WARNING - ⚠️ 002483 润邦股份 K线更新失败: ('Connection aborted.', RemoteDisconnected('Remote end closed connection without response'))
2025-08-20 07:20:31,265 - WARNING - ⚠️ 002484 江海股份 K线更新失败: ('Connection aborted.', RemoteDisconnected('Remote end closed connection without response'))
2025-08-20 07:20:31,503 - WARNING - ⚠️ 002485 ST雪发 K线更新失败: ('Connection aborted.', RemoteDisconnected('Remote end closed connection without response'))
2025-08-20 07:20:31,745 - WARNING - ⚠️ 002486 嘉麟杰 K线更新失败: ('Connection aborted.', RemoteDisconnected('Remote end closed connection without response'))
2025-08-20 07:20:31,980 - WARNING - ⚠️ 002487 大金重工 K线更新失败: ('Connection aborted.', RemoteDisconnected('Remote end closed connection without response'))
2025-08-20 07:20:32,215 - WARNING - ⚠️ 002488 金固股份 K线更新失败: ('Connection aborted.', RemoteDisconnected('Remote end closed connection without response'))
2025-08-20 07:20:32,443 - WARNING - ⚠️ 002489 浙江永强 K线更新失败: ('Connection aborted.', RemoteDisconnected('Remote end closed connection without response'))
2025-08-20 07:20:32,676 - WARNING - ⚠️ 002490 山东墨龙 K线更新失败: ('Connection aborted.', RemoteDisconnected('Remote end closed connection without response'))
2025-08-20 07:20:32,931 - WARNING - ⚠️ 002491 通鼎互联 K线更新失败: ('Connection aborted.', RemoteDisconnected('Remote end closed connection without response'))
2025-08-20 07:20:33,148 - WARNING - ⚠️ 002492 恒基达鑫 K线更新失败: ('Connection aborted.', RemoteDisconnected('Remote end closed connection without response'))
2025-08-20 07:20:33,367 - WARNING - ⚠️ 002493 荣盛石化 K线更新失败: ('Connection aborted.', RemoteDisconnected('Remote end closed connection without response'))
2025-08-20 07:20:33,601 - WARNING - ⚠️ 002494 华斯股份 K线更新失败: ('Connection aborted.', RemoteDisconnected('Remote end closed connection without response'))
2025-08-20 07:20:33,846 - WARNING - ⚠️ 002495 佳隆股份 K线更新失败: ('Connection aborted.', RemoteDisconnected('Remote end closed connection without response'))
2025-08-20 07:20:34,077 - WARNING - ⚠️ 002496 *ST辉丰 K线更新失败: ('Connection aborted.', RemoteDisconnected('Remote end closed connection without response'))
2025-08-20 07:20:34,311 - WARNING - ⚠️ 002497 雅化集团 K线更新失败: ('Connection aborted.', RemoteDisconnected('Remote end closed connection without response'))
2025-08-20 07:20:34,568 - WARNING - ⚠️ 002498 汉缆股份 K线更新失败: ('Connection aborted.', RemoteDisconnected('Remote end closed connection without response'))
2025-08-20 07:20:34,789 - WARNING - ⚠️ 002499 科林退 K线更新失败: ('Connection aborted.', RemoteDisconnected('Remote end closed connection without response'))
2025-08-20 07:20:35,015 - WARNING - ⚠️ 002500 山西证券 K线更新失败: ('Connection aborted.', RemoteDisconnected('Remote end closed connection without response'))
2025-08-20 07:20:35,247 - WARNING - ⚠️ 002501 利源股份 K线更新失败: ('Connection aborted.', RemoteDisconnected('Remote end closed connection without response'))
2025-08-20 07:20:35,479 - WARNING - ⚠️ 002502 ST鼎龙 K线更新失败: ('Connection aborted.', RemoteDisconnected('Remote end closed connection without response'))
2025-08-20 07:20:35,712 - WARNING - ⚠️ 002503 *ST搜特 K线更新失败: ('Connection aborted.', RemoteDisconnected('Remote end closed connection without response'))
2025-08-20 07:20:35,942 - WARNING - ⚠️ 002504 *ST弘高 K线更新失败: ('Connection aborted.', RemoteDisconnected('Remote end closed connection without response'))
2025-08-20 07:20:36,190 - WARNING - ⚠️ 002505 鹏都农牧 K线更新失败: ('Connection aborted.', RemoteDisconnected('Remote end closed connection without response'))
2025-08-20 07:20:36,427 - WARNING - ⚠️ 002506 协鑫集成 K线更新失败: ('Connection aborted.', RemoteDisconnected('Remote end closed connection without response'))
2025-08-20 07:20:36,666 - WARNING - ⚠️ 002507 涪陵榨菜 K线更新失败: ('Connection aborted.', RemoteDisconnected('Remote end closed connection without response'))
2025-08-20 07:20:36,892 - WARNING - ⚠️ 002508 老板电器 K线更新失败: ('Connection aborted.', RemoteDisconnected('Remote end closed connection without response'))
2025-08-20 07:20:37,144 - WARNING - ⚠️ 002509 天茂退 K线更新失败: ('Connection aborted.', RemoteDisconnected('Remote end closed connection without response'))
2025-08-20 07:20:37,382 - WARNING - ⚠️ 002510 天汽模 K线更新失败: ('Connection aborted.', RemoteDisconnected('Remote end closed connection without response'))
2025-08-20 07:20:37,607 - WARNING - ⚠️ 002511 中顺洁柔 K线更新失败: ('Connection aborted.', RemoteDisconnected('Remote end closed connection without response'))
2025-08-20 07:20:37,842 - WARNING - ⚠️ 002512 达华智能 K线更新失败: ('Connection aborted.', RemoteDisconnected('Remote end closed connection without response'))
2025-08-20 07:20:38,082 - WARNING - ⚠️ 002513 蓝丰生化 K线更新失败: ('Connection aborted.', RemoteDisconnected('Remote end closed connection without response'))
2025-08-20 07:20:38,312 - WARNING - ⚠️ 002514 宝馨科技 K线更新失败: ('Connection aborted.', RemoteDisconnected('Remote end closed connection without response'))
2025-08-20 07:20:38,542 - WARNING - ⚠️ 002515 金字火腿 K线更新失败: ('Connection aborted.', RemoteDisconnected('Remote end closed connection without response'))
2025-08-20 07:20:38,776 - WARNING - ⚠️ 002516 旷达科技 K线更新失败: ('Connection aborted.', RemoteDisconnected('Remote end closed connection without response'))
2025-08-20 07:20:38,998 - WARNING - ⚠️ 002517 恺英网络 K线更新失败: ('Connection aborted.', RemoteDisconnected('Remote end closed connection without response'))
2025-08-20 07:20:39,229 - WARNING - ⚠️ 002518 科士达 K线更新失败: ('Connection aborted.', RemoteDisconnected('Remote end closed connection without response'))
2025-08-20 07:20:39,457 - WARNING - ⚠️ 002519 银河电子 K线更新失败: ('Connection aborted.', RemoteDisconnected('Remote end closed connection without response'))
2025-08-20 07:20:39,699 - WARNING - ⚠️ 002520 日发精机 K线更新失败: ('Connection aborted.', RemoteDisconnected('Remote end closed connection without response'))
2025-08-20 07:20:39,934 - WARNING - ⚠️ 002521 齐峰新材 K线更新失败: ('Connection aborted.', RemoteDisconnected('Remote end closed connection without response'))
2025-08-20 07:20:40,163 - WARNING - ⚠️ 002522 浙江众成 K线更新失败: ('Connection aborted.', RemoteDisconnected('Remote end closed connection without response'))
2025-08-20 07:20:40,398 - WARNING - ⚠️ 002523 天桥起重 K线更新失败: ('Connection aborted.', RemoteDisconnected('Remote end closed connection without response'))
2025-08-20 07:20:40,626 - WARNING - ⚠️ 002524 光正眼科 K线更新失败: ('Connection aborted.', RemoteDisconnected('Remote end closed connection without response'))
2025-08-20 07:20:40,843 - WARNING - ⚠️ 002526 山东矿机 K线更新失败: ('Connection aborted.', RemoteDisconnected('Remote end closed connection without response'))
2025-08-20 07:20:41,068 - WARNING - ⚠️ 002527 新时达 K线更新失败: ('Connection aborted.', RemoteDisconnected('Remote end closed connection without response'))
2025-08-20 07:20:41,308 - WARNING - ⚠️ 002528 ST英飞拓 K线更新失败: ('Connection aborted.', RemoteDisconnected('Remote end closed connection without response'))
2025-08-20 07:20:41,540 - WARNING - ⚠️ 002529 *ST海源 K线更新失败: ('Connection aborted.', RemoteDisconnected('Remote end closed connection without response'))
2025-08-20 07:20:41,767 - WARNING - ⚠️ 002530 金财互联 K线更新失败: ('Connection aborted.', RemoteDisconnected('Remote end closed connection without response'))
2025-08-20 07:20:41,987 - WARNING - ⚠️ 002531 天顺风能 K线更新失败: ('Connection aborted.', RemoteDisconnected('Remote end closed connection without response'))
2025-08-20 07:20:42,218 - WARNING - ⚠️ 002532 天山铝业 K线更新失败: ('Connection aborted.', RemoteDisconnected('Remote end closed connection without response'))
2025-08-20 07:20:42,441 - WARNING - ⚠️ 002533 金杯电工 K线更新失败: ('Connection aborted.', RemoteDisconnected('Remote end closed connection without response'))
2025-08-20 07:20:42,677 - WARNING - ⚠️ 002534 西子洁能 K线更新失败: ('Connection aborted.', RemoteDisconnected('Remote end closed connection without response'))
2025-08-20 07:20:42,920 - WARNING - ⚠️ 002535 林州重机 K线更新失败: ('Connection aborted.', RemoteDisconnected('Remote end closed connection without response'))
2025-08-20 07:20:43,155 - WARNING - ⚠️ 002536 飞龙股份 K线更新失败: ('Connection aborted.', RemoteDisconnected('Remote end closed connection without response'))
2025-08-20 07:20:43,377 - WARNING - ⚠️ 002537 海联金汇 K线更新失败: ('Connection aborted.', RemoteDisconnected('Remote end closed connection without response'))
2025-08-20 07:20:43,626 - WARNING - ⚠️ 002538 司尔特 K线更新失败: ('Connection aborted.', RemoteDisconnected('Remote end closed connection without response'))
2025-08-20 07:20:43,855 - WARNING - ⚠️ 002539 云图控股 K线更新失败: ('Connection aborted.', RemoteDisconnected('Remote end closed connection without response'))
2025-08-20 07:20:44,088 - WARNING - ⚠️ 002540 亚太科技 K线更新失败: ('Connection aborted.', RemoteDisconnected('Remote end closed connection without response'))
2025-08-20 07:20:44,319 - WARNING - ⚠️ 002541 鸿路钢构 K线更新失败: ('Connection aborted.', RemoteDisconnected('Remote end closed connection without response'))
2025-08-20 07:20:44,559 - WARNING - ⚠️ 002542 中化岩土 K线更新失败: ('Connection aborted.', RemoteDisconnected('Remote end closed connection without response'))
2025-08-20 07:20:44,795 - WARNING - ⚠️ 002543 万和电气 K线更新失败: ('Connection aborted.', RemoteDisconnected('Remote end closed connection without response'))
2025-08-20 07:20:45,030 - WARNING - ⚠️ 002544 普天科技 K线更新失败: ('Connection aborted.', RemoteDisconnected('Remote end closed connection without response'))
2025-08-20 07:20:45,254 - WARNING - ⚠️ 002545 东方铁塔 K线更新失败: ('Connection aborted.', RemoteDisconnected('Remote end closed connection without response'))
2025-08-20 07:20:45,493 - WARNING - ⚠️ 002546 新联电子 K线更新失败: ('Connection aborted.', RemoteDisconnected('Remote end closed connection without response'))
2025-08-20 07:20:45,720 - WARNING - ⚠️ 002547 春兴精工 K线更新失败: ('Connection aborted.', RemoteDisconnected('Remote end closed connection without response'))
2025-08-20 07:20:45,960 - WARNING - ⚠️ 002548 金新农 K线更新失败: ('Connection aborted.', RemoteDisconnected('Remote end closed connection without response'))
2025-08-20 07:20:46,185 - WARNING - ⚠️ 002549 凯美特气 K线更新失败: ('Connection aborted.', RemoteDisconnected('Remote end closed connection without response'))
2025-08-20 07:20:46,402 - WARNING - ⚠️ 002550 千红制药 K线更新失败: ('Connection aborted.', RemoteDisconnected('Remote end closed connection without response'))
2025-08-20 07:20:46,630 - WARNING - ⚠️ 002551 尚荣医疗 K线更新失败: ('Connection aborted.', RemoteDisconnected('Remote end closed connection without response'))
2025-08-20 07:20:46,860 - WARNING - ⚠️ 002552 宝鼎科技 K线更新失败: ('Connection aborted.', RemoteDisconnected('Remote end closed connection without response'))
2025-08-20 07:20:47,085 - WARNING - ⚠️ 002553 南方精工 K线更新失败: ('Connection aborted.', RemoteDisconnected('Remote end closed connection without response'))
2025-08-20 07:20:47,327 - WARNING - ⚠️ 002554 惠博普 K线更新失败: ('Connection aborted.', RemoteDisconnected('Remote end closed connection without response'))
2025-08-20 07:20:47,567 - WARNING - ⚠️ 002555 三七互娱 K线更新失败: ('Connection aborted.', RemoteDisconnected('Remote end closed connection without response'))
2025-08-20 07:20:47,800 - WARNING - ⚠️ 002556 辉隆股份 K线更新失败: ('Connection aborted.', RemoteDisconnected('Remote end closed connection without response'))
2025-08-20 07:20:48,026 - WARNING - ⚠️ 002557 洽洽食品 K线更新失败: ('Connection aborted.', RemoteDisconnected('Remote end closed connection without response'))
2025-08-20 07:20:48,265 - WARNING - ⚠️ 002558 巨人网络 K线更新失败: ('Connection aborted.', RemoteDisconnected('Remote end closed connection without response'))
2025-08-20 07:20:48,499 - WARNING - ⚠️ 002559 亚威股份 K线更新失败: ('Connection aborted.', RemoteDisconnected('Remote end closed connection without response'))
2025-08-20 07:20:48,723 - WARNING - ⚠️ 002560 通达股份 K线更新失败: ('Connection aborted.', RemoteDisconnected('Remote end closed connection without response'))
2025-08-20 07:20:48,959 - WARNING - ⚠️ 002561 徐家汇 K线更新失败: ('Connection aborted.', RemoteDisconnected('Remote end closed connection without response'))
2025-08-20 07:20:49,184 - WARNING - ⚠️ 002562 兄弟科技 K线更新失败: ('Connection aborted.', RemoteDisconnected('Remote end closed connection without response'))
2025-08-20 07:20:49,417 - WARNING - ⚠️ 002563 森马服饰 K线更新失败: ('Connection aborted.', RemoteDisconnected('Remote end closed connection without response'))
2025-08-20 07:20:49,644 - WARNING - ⚠️ 002564 天沃科技 K线更新失败: ('Connection aborted.', RemoteDisconnected('Remote end closed connection without response'))
2025-08-20 07:20:49,875 - WARNING - ⚠️ 002565 顺灏股份 K线更新失败: ('Connection aborted.', RemoteDisconnected('Remote end closed connection without response'))
2025-08-20 07:20:50,105 - WARNING - ⚠️ 002566 益盛药业 K线更新失败: ('Connection aborted.', RemoteDisconnected('Remote end closed connection without response'))
2025-08-20 07:20:50,344 - WARNING - ⚠️ 002567 唐人神 K线更新失败: ('Connection aborted.', RemoteDisconnected('Remote end closed connection without response'))
2025-08-20 07:20:50,580 - WARNING - ⚠️ 002568 百润股份 K线更新失败: ('Connection aborted.', RemoteDisconnected('Remote end closed connection without response'))
2025-08-20 07:20:50,805 - WARNING - ⚠️ 002569 *ST步森 K线更新失败: ('Connection aborted.', RemoteDisconnected('Remote end closed connection without response'))
2025-08-20 07:20:51,055 - WARNING - ⚠️ 002570 贝因美 K线更新失败: ('Connection aborted.', RemoteDisconnected('Remote end closed connection without response'))
2025-08-20 07:20:51,305 - WARNING - ⚠️ 002571 德力股份 K线更新失败: ('Connection aborted.', RemoteDisconnected('Remote end closed connection without response'))
2025-08-20 07:20:51,535 - WARNING - ⚠️ 002572 索菲亚 K线更新失败: ('Connection aborted.', RemoteDisconnected('Remote end closed connection without response'))
2025-08-20 07:20:51,779 - WARNING - ⚠️ 002573 清新环境 K线更新失败: ('Connection aborted.', RemoteDisconnected('Remote end closed connection without response'))
2025-08-20 07:20:52,020 - WARNING - ⚠️ 002574 明牌珠宝 K线更新失败: ('Connection aborted.', RemoteDisconnected('Remote end closed connection without response'))
2025-08-20 07:20:52,244 - WARNING - ⚠️ 002575 群兴玩具 K线更新失败: ('Connection aborted.', RemoteDisconnected('Remote end closed connection without response'))
2025-08-20 07:20:52,485 - WARNING - ⚠️ 002576 通达动力 K线更新失败: ('Connection aborted.', RemoteDisconnected('Remote end closed connection without response'))
2025-08-20 07:20:52,713 - WARNING - ⚠️ 002577 雷柏科技 K线更新失败: ('Connection aborted.', RemoteDisconnected('Remote end closed connection without response'))
2025-08-20 07:20:52,938 - WARNING - ⚠️ 002578 闽发铝业 K线更新失败: ('Connection aborted.', RemoteDisconnected('Remote end closed connection without response'))
2025-08-20 07:20:53,175 - WARNING - ⚠️ 002579 中京电子 K线更新失败: ('Connection aborted.', RemoteDisconnected('Remote end closed connection without response'))
2025-08-20 07:20:53,408 - WARNING - ⚠️ 002580 圣阳股份 K线更新失败: ('Connection aborted.', RemoteDisconnected('Remote end closed connection without response'))
2025-08-20 07:20:53,640 - WARNING - ⚠️ 002581 ST未名 K线更新失败: ('Connection aborted.', RemoteDisconnected('Remote end closed connection without response'))
2025-08-20 07:20:53,874 - WARNING - ⚠️ 002582 好想你 K线更新失败: ('Connection aborted.', RemoteDisconnected('Remote end closed connection without response'))
2025-08-20 07:20:54,107 - WARNING - ⚠️ 002583 海能达 K线更新失败: ('Connection aborted.', RemoteDisconnected('Remote end closed connection without response'))
2025-08-20 07:20:54,327 - WARNING - ⚠️ 002584 西陇科学 K线更新失败: ('Connection aborted.', RemoteDisconnected('Remote end closed connection without response'))
2025-08-20 07:20:54,560 - WARNING - ⚠️ 002585 双星新材 K线更新失败: ('Connection aborted.', RemoteDisconnected('Remote end closed connection without response'))
2025-08-20 07:20:54,795 - WARNING - ⚠️ 002586 *ST围海 K线更新失败: ('Connection aborted.', RemoteDisconnected('Remote end closed connection without response'))
2025-08-20 07:20:55,021 - WARNING - ⚠️ 002587 奥拓电子 K线更新失败: ('Connection aborted.', RemoteDisconnected('Remote end closed connection without response'))
2025-08-20 07:20:55,253 - WARNING - ⚠️ 002588 史丹利 K线更新失败: ('Connection aborted.', RemoteDisconnected('Remote end closed connection without response'))
2025-08-20 07:20:55,479 - WARNING - ⚠️ 002589 瑞康医药 K线更新失败: ('Connection aborted.', RemoteDisconnected('Remote end closed connection without response'))
2025-08-20 07:20:55,710 - WARNING - ⚠️ 002590 万安科技 K线更新失败: ('Connection aborted.', RemoteDisconnected('Remote end closed connection without response'))
2025-08-20 07:20:55,950 - WARNING - ⚠️ 002591 恒大高新 K线更新失败: ('Connection aborted.', RemoteDisconnected('Remote end closed connection without response'))
2025-08-20 07:20:56,174 - WARNING - ⚠️ 002592 ST八菱 K线更新失败: ('Connection aborted.', RemoteDisconnected('Remote end closed connection without response'))
2025-08-20 07:20:56,420 - WARNING - ⚠️ 002593 日上集团 K线更新失败: ('Connection aborted.', RemoteDisconnected('Remote end closed connection without response'))
2025-08-20 07:20:56,642 - WARNING - ⚠️ 002594 比亚迪 K线更新失败: ('Connection aborted.', RemoteDisconnected('Remote end closed connection without response'))
2025-08-20 07:20:56,881 - WARNING - ⚠️ 002595 豪迈科技 K线更新失败: ('Connection aborted.', RemoteDisconnected('Remote end closed connection without response'))
2025-08-20 07:20:57,113 - WARNING - ⚠️ 002596 海南瑞泽 K线更新失败: ('Connection aborted.', RemoteDisconnected('Remote end closed connection without response'))
2025-08-20 07:20:57,344 - WARNING - ⚠️ 002597 金禾实业 K线更新失败: ('Connection aborted.', RemoteDisconnected('Remote end closed connection without response'))
2025-08-20 07:20:57,562 - WARNING - ⚠️ 002598 山东章鼓 K线更新失败: ('Connection aborted.', RemoteDisconnected('Remote end closed connection without response'))
2025-08-20 07:20:57,799 - WARNING - ⚠️ 002599 盛通股份 K线更新失败: ('Connection aborted.', RemoteDisconnected('Remote end closed connection without response'))
2025-08-20 07:20:58,035 - WARNING - ⚠️ 002600 领益智造 K线更新失败: ('Connection aborted.', RemoteDisconnected('Remote end closed connection without response'))
2025-08-20 07:20:58,266 - WARNING - ⚠️ 002601 龙佰集团 K线更新失败: ('Connection aborted.', RemoteDisconnected('Remote end closed connection without response'))
2025-08-20 07:20:58,495 - WARNING - ⚠️ 002602 ST华通 K线更新失败: ('Connection aborted.', RemoteDisconnected('Remote end closed connection without response'))
2025-08-20 07:20:58,742 - WARNING - ⚠️ 002603 以岭药业 K线更新失败: ('Connection aborted.', RemoteDisconnected('Remote end closed connection without response'))
2025-08-20 07:20:58,982 - WARNING - ⚠️ 002604 龙力退 K线更新失败: ('Connection aborted.', RemoteDisconnected('Remote end closed connection without response'))
2025-08-20 07:20:59,220 - WARNING - ⚠️ 002605 姚记科技 K线更新失败: ('Connection aborted.', RemoteDisconnected('Remote end closed connection without response'))
2025-08-20 07:20:59,451 - WARNING - ⚠️ 002606 大连电瓷 K线更新失败: ('Connection aborted.', RemoteDisconnected('Remote end closed connection without response'))
2025-08-20 07:20:59,679 - WARNING - ⚠️ 002607 中公教育 K线更新失败: ('Connection aborted.', RemoteDisconnected('Remote end closed connection without response'))
2025-08-20 07:20:59,908 - WARNING - ⚠️ 002608 江苏国信 K线更新失败: ('Connection aborted.', RemoteDisconnected('Remote end closed connection without response'))
2025-08-20 07:21:00,133 - WARNING - ⚠️ 002609 捷顺科技 K线更新失败: ('Connection aborted.', RemoteDisconnected('Remote end closed connection without response'))
2025-08-20 07:21:00,365 - WARNING - ⚠️ 002610 ST爱康 K线更新失败: ('Connection aborted.', RemoteDisconnected('Remote end closed connection without response'))
2025-08-20 07:21:00,605 - WARNING - ⚠️ 002611 东方精工 K线更新失败: ('Connection aborted.', RemoteDisconnected('Remote end closed connection without response'))
2025-08-20 07:21:00,832 - WARNING - ⚠️ 002612 朗姿股份 K线更新失败: ('Connection aborted.', RemoteDisconnected('Remote end closed connection without response'))
2025-08-20 07:21:01,059 - WARNING - ⚠️ 002613 北玻股份 K线更新失败: ('Connection aborted.', RemoteDisconnected('Remote end closed connection without response'))
2025-08-20 07:21:01,294 - WARNING - ⚠️ 002614 奥佳华 K线更新失败: ('Connection aborted.', RemoteDisconnected('Remote end closed connection without response'))
2025-08-20 07:21:01,519 - WARNING - ⚠️ 002615 哈尔斯 K线更新失败: ('Connection aborted.', RemoteDisconnected('Remote end closed connection without response'))
2025-08-20 07:21:01,758 - WARNING - ⚠️ 002616 长青集团 K线更新失败: ('Connection aborted.', RemoteDisconnected('Remote end closed connection without response'))
2025-08-20 07:21:02,017 - WARNING - ⚠️ 002617 露笑科技 K线更新失败: ('Connection aborted.', RemoteDisconnected('Remote end closed connection without response'))
2025-08-20 07:21:03,273 - WARNING - ⚠️ 002618 丹邦退 K线更新失败: ('Connection aborted.', RemoteDisconnected('Remote end closed connection without response'))
2025-08-20 07:21:03,527 - WARNING - ⚠️ 002619 *ST艾格 K线更新失败: ('Connection aborted.', RemoteDisconnected('Remote end closed connection without response'))
2025-08-20 07:21:03,769 - WARNING - ⚠️ 002620 ST瑞和 K线更新失败: ('Connection aborted.', RemoteDisconnected('Remote end closed connection without response'))
2025-08-20 07:21:04,011 - WARNING - ⚠️ 002621 *ST美吉 K线更新失败: ('Connection aborted.', RemoteDisconnected('Remote end closed connection without response'))
2025-08-20 07:21:04,261 - WARNING - ⚠️ 002622 皓宸医疗 K线更新失败: ('Connection aborted.', RemoteDisconnected('Remote end closed connection without response'))
2025-08-20 07:21:04,485 - WARNING - ⚠️ 002623 亚玛顿 K线更新失败: ('Connection aborted.', RemoteDisconnected('Remote end closed connection without response'))
2025-08-20 07:21:04,731 - WARNING - ⚠️ 002624 完美世界 K线更新失败: ('Connection aborted.', RemoteDisconnected('Remote end closed connection without response'))
2025-08-20 07:21:04,974 - WARNING - ⚠️ 002625 光启技术 K线更新失败: ('Connection aborted.', RemoteDisconnected('Remote end closed connection without response'))
2025-08-20 07:21:05,203 - WARNING - ⚠️ 002626 金达威 K线更新失败: ('Connection aborted.', RemoteDisconnected('Remote end closed connection without response'))
2025-08-20 07:21:05,443 - WARNING - ⚠️ 002627 三峡旅游 K线更新失败: ('Connection aborted.', RemoteDisconnected('Remote end closed connection without response'))
2025-08-20 07:21:05,697 - WARNING - ⚠️ 002628 成都路桥 K线更新失败: ('Connection aborted.', RemoteDisconnected('Remote end closed connection without response'))
2025-08-20 07:21:05,942 - WARNING - ⚠️ 002629 仁智股份 K线更新失败: ('Connection aborted.', RemoteDisconnected('Remote end closed connection without response'))
2025-08-20 07:21:06,201 - WARNING - ⚠️ 002630 ST华西 K线更新失败: ('Connection aborted.', RemoteDisconnected('Remote end closed connection without response'))
2025-08-20 07:21:06,439 - WARNING - ⚠️ 002631 德尔未来 K线更新失败: ('Connection aborted.', RemoteDisconnected('Remote end closed connection without response'))
2025-08-20 07:21:06,666 - WARNING - ⚠️ 002632 道明光学 K线更新失败: ('Connection aborted.', RemoteDisconnected('Remote end closed connection without response'))
2025-08-20 07:21:06,886 - WARNING - ⚠️ 002633 申科股份 K线更新失败: ('Connection aborted.', RemoteDisconnected('Remote end closed connection without response'))
2025-08-20 07:21:07,150 - WARNING - ⚠️ 002634 棒杰股份 K线更新失败: ('Connection aborted.', RemoteDisconnected('Remote end closed connection without response'))
2025-08-20 07:21:07,374 - WARNING - ⚠️ 002635 安洁科技 K线更新失败: ('Connection aborted.', RemoteDisconnected('Remote end closed connection without response'))
2025-08-20 07:21:07,610 - WARNING - ⚠️ 002636 金安国纪 K线更新失败: ('Connection aborted.', RemoteDisconnected('Remote end closed connection without response'))
2025-08-20 07:21:07,830 - WARNING - ⚠️ 002637 赞宇科技 K线更新失败: ('Connection aborted.', RemoteDisconnected('Remote end closed connection without response'))
2025-08-20 07:21:08,056 - WARNING - ⚠️ 002638 勤上股份 K线更新失败: ('Connection aborted.', RemoteDisconnected('Remote end closed connection without response'))
2025-08-20 07:21:08,287 - WARNING - ⚠️ 002639 雪人集团 K线更新失败: ('Connection aborted.', RemoteDisconnected('Remote end closed connection without response'))
2025-08-20 07:21:08,527 - WARNING - ⚠️ 002640 跨境通 K线更新失败: ('Connection aborted.', RemoteDisconnected('Remote end closed connection without response'))
2025-08-20 07:21:08,756 - WARNING - ⚠️ 002641 公元股份 K线更新失败: ('Connection aborted.', RemoteDisconnected('Remote end closed connection without response'))
2025-08-20 07:21:08,988 - WARNING - ⚠️ 002642 荣联科技 K线更新失败: ('Connection aborted.', RemoteDisconnected('Remote end closed connection without response'))
2025-08-20 07:21:09,233 - WARNING - ⚠️ 002643 万润股份 K线更新失败: ('Connection aborted.', RemoteDisconnected('Remote end closed connection without response'))
2025-08-20 07:21:09,467 - WARNING - ⚠️ 002644 佛慈制药 K线更新失败: ('Connection aborted.', RemoteDisconnected('Remote end closed connection without response'))
2025-08-20 07:21:09,696 - WARNING - ⚠️ 002645 华宏科技 K线更新失败: ('Connection aborted.', RemoteDisconnected('Remote end closed connection without response'))
2025-08-20 07:21:09,921 - WARNING - ⚠️ 002646 天佑德酒 K线更新失败: ('Connection aborted.', RemoteDisconnected('Remote end closed connection without response'))
2025-08-20 07:21:10,162 - WARNING - ⚠️ 002647 *ST仁东 K线更新失败: ('Connection aborted.', RemoteDisconnected('Remote end closed connection without response'))
2025-08-20 07:21:10,399 - WARNING - ⚠️ 002648 卫星化学 K线更新失败: ('Connection aborted.', RemoteDisconnected('Remote end closed connection without response'))
2025-08-20 07:21:10,639 - WARNING - ⚠️ 002649 博彦科技 K线更新失败: ('Connection aborted.', RemoteDisconnected('Remote end closed connection without response'))
2025-08-20 07:21:10,870 - WARNING - ⚠️ 002650 ST加加 K线更新失败: ('Connection aborted.', RemoteDisconnected('Remote end closed connection without response'))
2025-08-20 07:21:11,103 - WARNING - ⚠️ 002651 利君股份 K线更新失败: ('Connection aborted.', RemoteDisconnected('Remote end closed connection without response'))
2025-08-20 07:21:11,334 - WARNING - ⚠️ 002652 扬子新材 K线更新失败: ('Connection aborted.', RemoteDisconnected('Remote end closed connection without response'))
2025-08-20 07:21:11,562 - WARNING - ⚠️ 002653 海思科 K线更新失败: ('Connection aborted.', RemoteDisconnected('Remote end closed connection without response'))
2025-08-20 07:21:11,790 - WARNING - ⚠️ 002654 万润科技 K线更新失败: ('Connection aborted.', RemoteDisconnected('Remote end closed connection without response'))
2025-08-20 07:21:12,029 - WARNING - ⚠️ 002655 共达电声 K线更新失败: ('Connection aborted.', RemoteDisconnected('Remote end closed connection without response'))
2025-08-20 07:21:12,266 - WARNING - ⚠️ 002656 *ST摩登 K线更新失败: ('Connection aborted.', RemoteDisconnected('Remote end closed connection without response'))
2025-08-20 07:21:12,495 - WARNING - ⚠️ 002657 中科金财 K线更新失败: ('Connection aborted.', RemoteDisconnected('Remote end closed connection without response'))
2025-08-20 07:21:12,736 - WARNING - ⚠️ 002658 雪迪龙 K线更新失败: ('Connection aborted.', RemoteDisconnected('Remote end closed connection without response'))
2025-08-20 07:21:12,949 - WARNING - ⚠️ 002659 凯文教育 K线更新失败: ('Connection aborted.', RemoteDisconnected('Remote end closed connection without response'))
2025-08-20 07:21:13,182 - WARNING - ⚠️ 002660 茂硕电源 K线更新失败: ('Connection aborted.', RemoteDisconnected('Remote end closed connection without response'))
2025-08-20 07:21:13,412 - WARNING - ⚠️ 002661 克明食品 K线更新失败: ('Connection aborted.', RemoteDisconnected('Remote end closed connection without response'))
2025-08-20 07:21:13,633 - WARNING - ⚠️ 002662 峰璟股份 K线更新失败: ('Connection aborted.', RemoteDisconnected('Remote end closed connection without response'))
2025-08-20 07:21:13,867 - WARNING - ⚠️ 002663 普邦股份 K线更新失败: ('Connection aborted.', RemoteDisconnected('Remote end closed connection without response'))
2025-08-20 07:21:14,105 - WARNING - ⚠️ 002664 信质集团 K线更新失败: ('Connection aborted.', RemoteDisconnected('Remote end closed connection without response'))
2025-08-20 07:21:14,345 - WARNING - ⚠️ 002665 ST航高 K线更新失败: ('Connection aborted.', RemoteDisconnected('Remote end closed connection without response'))
2025-08-20 07:21:14,584 - WARNING - ⚠️ 002666 德联集团 K线更新失败: ('Connection aborted.', RemoteDisconnected('Remote end closed connection without response'))
2025-08-20 07:21:14,820 - WARNING - ⚠️ 002667 威领股份 K线更新失败: ('Connection aborted.', RemoteDisconnected('Remote end closed connection without response'))
2025-08-20 07:21:15,059 - WARNING - ⚠️ 002668 TCL智家 K线更新失败: ('Connection aborted.', RemoteDisconnected('Remote end closed connection without response'))
2025-08-20 07:21:15,286 - WARNING - ⚠️ 002669 康达新材 K线更新失败: ('Connection aborted.', RemoteDisconnected('Remote end closed connection without response'))
2025-08-20 07:21:15,510 - WARNING - ⚠️ 002670 国盛金控 K线更新失败: ('Connection aborted.', RemoteDisconnected('Remote end closed connection without response'))
2025-08-20 07:21:15,749 - WARNING - ⚠️ 002671 龙泉股份 K线更新失败: ('Connection aborted.', RemoteDisconnected('Remote end closed connection without response'))
2025-08-20 07:21:15,974 - WARNING - ⚠️ 002672 东江环保 K线更新失败: ('Connection aborted.', RemoteDisconnected('Remote end closed connection without response'))
2025-08-20 07:21:16,209 - WARNING - ⚠️ 002673 西部证券 K线更新失败: ('Connection aborted.', RemoteDisconnected('Remote end closed connection without response'))
2025-08-20 07:21:16,439 - WARNING - ⚠️ 002674 兴业科技 K线更新失败: ('Connection aborted.', RemoteDisconnected('Remote end closed connection without response'))
2025-08-20 07:21:16,663 - WARNING - ⚠️ 002675 东诚药业 K线更新失败: ('Connection aborted.', RemoteDisconnected('Remote end closed connection without response'))
2025-08-20 07:21:17,024 - WARNING - ⚠️ 002676 顺威股份 K线更新失败: ('Connection aborted.', RemoteDisconnected('Remote end closed connection without response'))
2025-08-20 07:21:17,256 - WARNING - ⚠️ 002677 浙江美大 K线更新失败: ('Connection aborted.', RemoteDisconnected('Remote end closed connection without response'))
2025-08-20 07:21:17,498 - WARNING - ⚠️ 002678 珠江钢琴 K线更新失败: ('Connection aborted.', RemoteDisconnected('Remote end closed connection without response'))
2025-08-20 07:21:17,742 - WARNING - ⚠️ 002679 福建金森 K线更新失败: ('Connection aborted.', RemoteDisconnected('Remote end closed connection without response'))
2025-08-20 07:21:17,972 - WARNING - ⚠️ 002680 长生退 K线更新失败: ('Connection aborted.', RemoteDisconnected('Remote end closed connection without response'))
2025-08-20 07:21:18,224 - WARNING - ⚠️ 002681 奋达科技 K线更新失败: ('Connection aborted.', RemoteDisconnected('Remote end closed connection without response'))
2025-08-20 07:21:18,453 - WARNING - ⚠️ 002682 龙洲股份 K线更新失败: ('Connection aborted.', RemoteDisconnected('Remote end closed connection without response'))
2025-08-20 07:21:18,678 - WARNING - ⚠️ 002683 广东宏大 K线更新失败: ('Connection aborted.', RemoteDisconnected('Remote end closed connection without response'))
2025-08-20 07:21:18,909 - WARNING - ⚠️ 002684 猛狮退 K线更新失败: ('Connection aborted.', RemoteDisconnected('Remote end closed connection without response'))
2025-08-20 07:21:19,133 - WARNING - ⚠️ 002685 华东重机 K线更新失败: ('Connection aborted.', RemoteDisconnected('Remote end closed connection without response'))
2025-08-20 07:21:19,358 - WARNING - ⚠️ 002686 亿利达 K线更新失败: ('Connection aborted.', RemoteDisconnected('Remote end closed connection without response'))
2025-08-20 07:21:19,669 - WARNING - ⚠️ 002687 乔治白 K线更新失败: ('Connection aborted.', RemoteDisconnected('Remote end closed connection without response'))
2025-08-20 07:21:19,909 - WARNING - ⚠️ 002688 金河生物 K线更新失败: ('Connection aborted.', RemoteDisconnected('Remote end closed connection without response'))
2025-08-20 07:21:20,141 - WARNING - ⚠️ 002689 远大智能 K线更新失败: ('Connection aborted.', RemoteDisconnected('Remote end closed connection without response'))
2025-08-20 07:21:20,367 - WARNING - ⚠️ 002690 美亚光电 K线更新失败: ('Connection aborted.', RemoteDisconnected('Remote end closed connection without response'))
2025-08-20 07:21:20,602 - WARNING - ⚠️ 002691 冀凯股份 K线更新失败: ('Connection aborted.', RemoteDisconnected('Remote end closed connection without response'))
2025-08-20 07:21:20,840 - WARNING - ⚠️ 002692 远程股份 K线更新失败: ('Connection aborted.', RemoteDisconnected('Remote end closed connection without response'))
2025-08-20 07:21:21,080 - WARNING - ⚠️ 002693 *ST双成 K线更新失败: ('Connection aborted.', RemoteDisconnected('Remote end closed connection without response'))
2025-08-20 07:21:21,302 - WARNING - ⚠️ 002694 顾地科技 K线更新失败: ('Connection aborted.', RemoteDisconnected('Remote end closed connection without response'))
2025-08-20 07:21:21,534 - WARNING - ⚠️ 002695 煌上煌 K线更新失败: ('Connection aborted.', RemoteDisconnected('Remote end closed connection without response'))
2025-08-20 07:21:21,766 - WARNING - ⚠️ 002696 百洋股份 K线更新失败: ('Connection aborted.', RemoteDisconnected('Remote end closed connection without response'))
2025-08-20 07:21:21,995 - WARNING - ⚠️ 002697 红旗连锁 K线更新失败: ('Connection aborted.', RemoteDisconnected('Remote end closed connection without response'))
2025-08-20 07:21:22,233 - WARNING - ⚠️ 002698 博实股份 K线更新失败: ('Connection aborted.', RemoteDisconnected('Remote end closed connection without response'))
2025-08-20 07:21:22,465 - WARNING - ⚠️ 002699 *ST美盛 K线更新失败: ('Connection aborted.', RemoteDisconnected('Remote end closed connection without response'))
2025-08-20 07:21:22,710 - WARNING - ⚠️ 002700 万憬能源 K线更新失败: ('Connection aborted.', RemoteDisconnected('Remote end closed connection without response'))
2025-08-20 07:21:22,940 - WARNING - ⚠️ 002701 奥瑞金 K线更新失败: ('Connection aborted.', RemoteDisconnected('Remote end closed connection without response'))
2025-08-20 07:21:23,175 - WARNING - ⚠️ 002702 海欣食品 K线更新失败: ('Connection aborted.', RemoteDisconnected('Remote end closed connection without response'))
2025-08-20 07:21:23,405 - WARNING - ⚠️ 002703 浙江世宝 K线更新失败: ('Connection aborted.', RemoteDisconnected('Remote end closed connection without response'))
2025-08-20 07:21:23,641 - WARNING - ⚠️ 002705 新宝股份 K线更新失败: ('Connection aborted.', RemoteDisconnected('Remote end closed connection without response'))
2025-08-20 07:21:23,877 - WARNING - ⚠️ 002706 良信股份 K线更新失败: ('Connection aborted.', RemoteDisconnected('Remote end closed connection without response'))
2025-08-20 07:21:24,117 - WARNING - ⚠️ 002707 众信旅游 K线更新失败: ('Connection aborted.', RemoteDisconnected('Remote end closed connection without response'))
2025-08-20 07:21:24,336 - WARNING - ⚠️ 002708 光洋股份 K线更新失败: ('Connection aborted.', RemoteDisconnected('Remote end closed connection without response'))
2025-08-20 07:21:24,567 - WARNING - ⚠️ 002709 天赐材料 K线更新失败: ('Connection aborted.', RemoteDisconnected('Remote end closed connection without response'))
2025-08-20 07:21:24,795 - WARNING - ⚠️ 002711 欧浦退 K线更新失败: ('Connection aborted.', RemoteDisconnected('Remote end closed connection without response'))
2025-08-20 07:21:25,050 - WARNING - ⚠️ 002712 思美传媒 K线更新失败: ('Connection aborted.', RemoteDisconnected('Remote end closed connection without response'))
2025-08-20 07:21:25,269 - WARNING - ⚠️ 002713 *ST东易 K线更新失败: ('Connection aborted.', RemoteDisconnected('Remote end closed connection without response'))
2025-08-20 07:21:25,506 - WARNING - ⚠️ 002714 牧原股份 K线更新失败: ('Connection aborted.', RemoteDisconnected('Remote end closed connection without response'))
2025-08-20 07:21:25,739 - WARNING - ⚠️ 002715 登云股份 K线更新失败: ('Connection aborted.', RemoteDisconnected('Remote end closed connection without response'))
2025-08-20 07:21:25,971 - WARNING - ⚠️ 002716 湖南白银 K线更新失败: ('Connection aborted.', RemoteDisconnected('Remote end closed connection without response'))
2025-08-20 07:21:26,199 - WARNING - ⚠️ 002717 ST岭南 K线更新失败: ('Connection aborted.', RemoteDisconnected('Remote end closed connection without response'))
2025-08-20 07:21:26,450 - WARNING - ⚠️ 002718 友邦吊顶 K线更新失败: ('Connection aborted.', RemoteDisconnected('Remote end closed connection without response'))
2025-08-20 07:21:26,668 - WARNING - ⚠️ 002719 麦趣尔 K线更新失败: ('Connection aborted.', RemoteDisconnected('Remote end closed connection without response'))
2025-08-20 07:21:26,902 - WARNING - ⚠️ 002721 金一文化 K线更新失败: ('Connection aborted.', RemoteDisconnected('Remote end closed connection without response'))
2025-08-20 07:21:27,141 - WARNING - ⚠️ 002722 物产金轮 K线更新失败: ('Connection aborted.', RemoteDisconnected('Remote end closed connection without response'))
2025-08-20 07:21:27,371 - WARNING - ⚠️ 002723 小崧股份 K线更新失败: ('Connection aborted.', RemoteDisconnected('Remote end closed connection without response'))
2025-08-20 07:21:27,593 - WARNING - ⚠️ 002724 海洋王 K线更新失败: ('Connection aborted.', RemoteDisconnected('Remote end closed connection without response'))
2025-08-20 07:21:27,825 - WARNING - ⚠️ 002725 跃岭股份 K线更新失败: ('Connection aborted.', RemoteDisconnected('Remote end closed connection without response'))
2025-08-20 07:21:28,055 - WARNING - ⚠️ 002726 龙大美食 K线更新失败: ('Connection aborted.', RemoteDisconnected('Remote end closed connection without response'))
2025-08-20 07:21:28,274 - WARNING - ⚠️ 002727 一心堂 K线更新失败: ('Connection aborted.', RemoteDisconnected('Remote end closed connection without response'))
2025-08-20 07:21:28,505 - WARNING - ⚠️ 002728 特一药业 K线更新失败: ('Connection aborted.', RemoteDisconnected('Remote end closed connection without response'))
2025-08-20 07:21:28,739 - WARNING - ⚠️ 002729 好利科技 K线更新失败: ('Connection aborted.', RemoteDisconnected('Remote end closed connection without response'))
2025-08-20 07:21:28,965 - WARNING - ⚠️ 002730 电光科技 K线更新失败: ('Connection aborted.', RemoteDisconnected('Remote end closed connection without response'))
2025-08-20 07:21:29,194 - WARNING - ⚠️ 002731 萃华珠宝 K线更新失败: ('Connection aborted.', RemoteDisconnected('Remote end closed connection without response'))
2025-08-20 07:21:29,413 - WARNING - ⚠️ 002732 燕塘乳业 K线更新失败: ('Connection aborted.', RemoteDisconnected('Remote end closed connection without response'))
2025-08-20 07:21:29,639 - WARNING - ⚠️ 002733 雄韬股份 K线更新失败: ('Connection aborted.', RemoteDisconnected('Remote end closed connection without response'))
2025-08-20 07:21:29,872 - WARNING - ⚠️ 002734 利民股份 K线更新失败: ('Connection aborted.', RemoteDisconnected('Remote end closed connection without response'))
2025-08-20 07:21:30,095 - WARNING - ⚠️ 002735 王子新材 K线更新失败: ('Connection aborted.', RemoteDisconnected('Remote end closed connection without response'))
2025-08-20 07:21:30,333 - WARNING - ⚠️ 002736 国信证券 K线更新失败: ('Connection aborted.', RemoteDisconnected('Remote end closed connection without response'))
2025-08-20 07:21:30,560 - WARNING - ⚠️ 002737 葵花药业 K线更新失败: ('Connection aborted.', RemoteDisconnected('Remote end closed connection without response'))
2025-08-20 07:21:30,794 - WARNING - ⚠️ 002738 中矿资源 K线更新失败: ('Connection aborted.', RemoteDisconnected('Remote end closed connection without response'))
2025-08-20 07:21:31,015 - WARNING - ⚠️ 002739 万达电影 K线更新失败: ('Connection aborted.', RemoteDisconnected('Remote end closed connection without response'))
2025-08-20 07:21:31,253 - WARNING - ⚠️ 002740 *ST爱迪 K线更新失败: ('Connection aborted.', RemoteDisconnected('Remote end closed connection without response'))
2025-08-20 07:21:31,473 - WARNING - ⚠️ 002741 光华科技 K线更新失败: ('Connection aborted.', RemoteDisconnected('Remote end closed connection without response'))
2025-08-20 07:21:31,704 - WARNING - ⚠️ 002742 *ST三圣 K线更新失败: ('Connection aborted.', RemoteDisconnected('Remote end closed connection without response'))
2025-08-20 07:21:31,934 - WARNING - ⚠️ 002743 富煌钢构 K线更新失败: ('Connection aborted.', RemoteDisconnected('Remote end closed connection without response'))
2025-08-20 07:21:32,160 - WARNING - ⚠️ 002745 木林森 K线更新失败: ('Connection aborted.', RemoteDisconnected('Remote end closed connection without response'))
2025-08-20 07:21:32,385 - WARNING - ⚠️ 002746 仙坛股份 K线更新失败: ('Connection aborted.', RemoteDisconnected('Remote end closed connection without response'))
2025-08-20 07:21:32,611 - WARNING - ⚠️ 002747 埃斯顿 K线更新失败: ('Connection aborted.', RemoteDisconnected('Remote end closed connection without response'))
2025-08-20 07:21:32,845 - WARNING - ⚠️ 002748 世龙实业 K线更新失败: ('Connection aborted.', RemoteDisconnected('Remote end closed connection without response'))
2025-08-20 07:21:33,069 - WARNING - ⚠️ 002749 国光股份 K线更新失败: ('Connection aborted.', RemoteDisconnected('Remote end closed connection without response'))
2025-08-20 07:21:33,305 - WARNING - ⚠️ 002750 龙津退 K线更新失败: ('Connection aborted.', RemoteDisconnected('Remote end closed connection without response'))
2025-08-20 07:21:33,545 - WARNING - ⚠️ 002751 易尚退 K线更新失败: ('Connection aborted.', RemoteDisconnected('Remote end closed connection without response'))
2025-08-20 07:21:33,779 - WARNING - ⚠️ 002752 昇兴股份 K线更新失败: ('Connection aborted.', RemoteDisconnected('Remote end closed connection without response'))
2025-08-20 07:21:34,005 - WARNING - ⚠️ 002753 永东股份 K线更新失败: ('Connection aborted.', RemoteDisconnected('Remote end closed connection without response'))
2025-08-20 07:21:34,234 - WARNING - ⚠️ 002755 奥赛康 K线更新失败: ('Connection aborted.', RemoteDisconnected('Remote end closed connection without response'))
2025-08-20 07:21:34,469 - WARNING - ⚠️ 002756 永兴材料 K线更新失败: ('Connection aborted.', RemoteDisconnected('Remote end closed connection without response'))
2025-08-20 07:21:34,694 - WARNING - ⚠️ 002757 南兴股份 K线更新失败: ('Connection aborted.', RemoteDisconnected('Remote end closed connection without response'))
2025-08-20 07:21:34,928 - WARNING - ⚠️ 002758 浙农股份 K线更新失败: ('Connection aborted.', RemoteDisconnected('Remote end closed connection without response'))
2025-08-20 07:21:35,157 - WARNING - ⚠️ 002759 天际股份 K线更新失败: ('Connection aborted.', RemoteDisconnected('Remote end closed connection without response'))
2025-08-20 07:21:35,386 - WARNING - ⚠️ 002760 凤形股份 K线更新失败: ('Connection aborted.', RemoteDisconnected('Remote end closed connection without response'))
2025-08-20 07:21:35,626 - WARNING - ⚠️ 002761 浙江建投 K线更新失败: ('Connection aborted.', RemoteDisconnected('Remote end closed connection without response'))
2025-08-20 07:21:35,857 - WARNING - ⚠️ 002762 *ST金比 K线更新失败: ('Connection aborted.', RemoteDisconnected('Remote end closed connection without response'))
2025-08-20 07:21:36,095 - WARNING - ⚠️ 002763 汇洁股份 K线更新失败: ('Connection aborted.', RemoteDisconnected('Remote end closed connection without response'))
2025-08-20 07:21:36,328 - WARNING - ⚠️ 002765 蓝黛科技 K线更新失败: ('Connection aborted.', RemoteDisconnected('Remote end closed connection without response'))
2025-08-20 07:21:36,552 - WARNING - ⚠️ 002766 索菱股份 K线更新失败: ('Connection aborted.', RemoteDisconnected('Remote end closed connection without response'))
2025-08-20 07:21:36,783 - WARNING - ⚠️ 002767 先锋电子 K线更新失败: ('Connection aborted.', RemoteDisconnected('Remote end closed connection without response'))
2025-08-20 07:21:37,010 - WARNING - ⚠️ 002768 国恩股份 K线更新失败: ('Connection aborted.', RemoteDisconnected('Remote end closed connection without response'))
2025-08-20 07:21:37,248 - WARNING - ⚠️ 002769 普路通 K线更新失败: ('Connection aborted.', RemoteDisconnected('Remote end closed connection without response'))
2025-08-20 07:21:37,479 - WARNING - ⚠️ 002770 科迪退 K线更新失败: ('Connection aborted.', RemoteDisconnected('Remote end closed connection without response'))
2025-08-20 07:21:37,726 - WARNING - ⚠️ 002771 真视通 K线更新失败: ('Connection aborted.', RemoteDisconnected('Remote end closed connection without response'))
2025-08-20 07:21:37,945 - WARNING - ⚠️ 002772 众兴菌业 K线更新失败: ('Connection aborted.', RemoteDisconnected('Remote end closed connection without response'))
2025-08-20 07:21:38,185 - WARNING - ⚠️ 002773 康弘药业 K线更新失败: ('Connection aborted.', RemoteDisconnected('Remote end closed connection without response'))
2025-08-20 07:21:38,406 - WARNING - ⚠️ 002774 快意电梯 K线更新失败: ('Connection aborted.', RemoteDisconnected('Remote end closed connection without response'))
2025-08-20 07:21:38,629 - WARNING - ⚠️ 002775 文科股份 K线更新失败: ('Connection aborted.', RemoteDisconnected('Remote end closed connection without response'))
2025-08-20 07:21:38,867 - WARNING - ⚠️ 002776 *ST柏龙 K线更新失败: ('Connection aborted.', RemoteDisconnected('Remote end closed connection without response'))
2025-08-20 07:21:39,087 - WARNING - ⚠️ 002777 久远银海 K线更新失败: ('Connection aborted.', RemoteDisconnected('Remote end closed connection without response'))
2025-08-20 07:21:39,339 - WARNING - ⚠️ 002778 中晟高科 K线更新失败: ('Connection aborted.', RemoteDisconnected('Remote end closed connection without response'))
2025-08-20 07:21:39,574 - WARNING - ⚠️ 002779 中坚科技 K线更新失败: ('Connection aborted.', RemoteDisconnected('Remote end closed connection without response'))
2025-08-20 07:21:39,809 - WARNING - ⚠️ 002780 三夫户外 K线更新失败: ('Connection aborted.', RemoteDisconnected('Remote end closed connection without response'))
2025-08-20 07:21:40,036 - WARNING - ⚠️ 002781 奇信退 K线更新失败: ('Connection aborted.', RemoteDisconnected('Remote end closed connection without response'))
2025-08-20 07:21:40,272 - WARNING - ⚠️ 002782 可立克 K线更新失败: ('Connection aborted.', RemoteDisconnected('Remote end closed connection without response'))
2025-08-20 07:21:40,495 - WARNING - ⚠️ 002783 凯龙股份 K线更新失败: ('Connection aborted.', RemoteDisconnected('Remote end closed connection without response'))
2025-08-20 07:21:40,712 - WARNING - ⚠️ 002785 万里石 K线更新失败: ('Connection aborted.', RemoteDisconnected('Remote end closed connection without response'))
2025-08-20 07:21:40,952 - WARNING - ⚠️ 002786 银宝山新 K线更新失败: ('Connection aborted.', RemoteDisconnected('Remote end closed connection without response'))
2025-08-20 07:21:41,171 - WARNING - ⚠️ 002787 华源控股 K线更新失败: ('Connection aborted.', RemoteDisconnected('Remote end closed connection without response'))
2025-08-20 07:21:41,401 - WARNING - ⚠️ 002788 鹭燕医药 K线更新失败: ('Connection aborted.', RemoteDisconnected('Remote end closed connection without response'))
2025-08-20 07:21:41,619 - WARNING - ⚠️ 002789 *ST建艺 K线更新失败: ('Connection aborted.', RemoteDisconnected('Remote end closed connection without response'))
2025-08-20 07:21:41,856 - WARNING - ⚠️ 002790 瑞尔特 K线更新失败: ('Connection aborted.', RemoteDisconnected('Remote end closed connection without response'))
2025-08-20 07:21:42,085 - WARNING - ⚠️ 002791 坚朗五金 K线更新失败: ('Connection aborted.', RemoteDisconnected('Remote end closed connection without response'))
2025-08-20 07:21:42,327 - WARNING - ⚠️ 002792 通宇通讯 K线更新失败: ('Connection aborted.', RemoteDisconnected('Remote end closed connection without response'))
2025-08-20 07:21:42,560 - WARNING - ⚠️ 002793 罗欣药业 K线更新失败: ('Connection aborted.', RemoteDisconnected('Remote end closed connection without response'))
2025-08-20 07:21:42,801 - WARNING - ⚠️ 002795 永和智控 K线更新失败: ('Connection aborted.', RemoteDisconnected('Remote end closed connection without response'))
2025-08-20 07:21:43,029 - WARNING - ⚠️ 002796 世嘉科技 K线更新失败: ('Connection aborted.', RemoteDisconnected('Remote end closed connection without response'))
2025-08-20 07:21:43,264 - WARNING - ⚠️ 002797 第一创业 K线更新失败: ('Connection aborted.', RemoteDisconnected('Remote end closed connection without response'))
2025-08-20 07:21:43,499 - WARNING - ⚠️ 002798 帝欧家居 K线更新失败: ('Connection aborted.', RemoteDisconnected('Remote end closed connection without response'))
2025-08-20 07:21:43,862 - WARNING - ⚠️ 002799 环球印务 K线更新失败: ('Connection aborted.', RemoteDisconnected('Remote end closed connection without response'))
2025-08-20 07:21:44,096 - WARNING - ⚠️ 002800 天顺股份 K线更新失败: ('Connection aborted.', RemoteDisconnected('Remote end closed connection without response'))
2025-08-20 07:21:44,323 - WARNING - ⚠️ 002801 微光股份 K线更新失败: ('Connection aborted.', RemoteDisconnected('Remote end closed connection without response'))
2025-08-20 07:21:44,544 - WARNING - ⚠️ 002802 洪汇新材 K线更新失败: ('Connection aborted.', RemoteDisconnected('Remote end closed connection without response'))
2025-08-20 07:21:44,774 - WARNING - ⚠️ 002803 吉宏股份 K线更新失败: ('Connection aborted.', RemoteDisconnected('Remote end closed connection without response'))
2025-08-20 07:21:45,013 - WARNING - ⚠️ 002805 丰元股份 K线更新失败: ('Connection aborted.', RemoteDisconnected('Remote end closed connection without response'))
2025-08-20 07:21:45,228 - WARNING - ⚠️ 002806 华锋股份 K线更新失败: ('Connection aborted.', RemoteDisconnected('Remote end closed connection without response'))
2025-08-20 07:21:45,475 - WARNING - ⚠️ 002807 江阴银行 K线更新失败: ('Connection aborted.', RemoteDisconnected('Remote end closed connection without response'))
2025-08-20 07:21:45,699 - WARNING - ⚠️ 002808 *ST恒久 K线更新失败: ('Connection aborted.', RemoteDisconnected('Remote end closed connection without response'))
2025-08-20 07:21:45,934 - WARNING - ⚠️ 002809 红墙股份 K线更新失败: ('Connection aborted.', RemoteDisconnected('Remote end closed connection without response'))
2025-08-20 07:21:46,166 - WARNING - ⚠️ 002810 山东赫达 K线更新失败: ('Connection aborted.', RemoteDisconnected('Remote end closed connection without response'))
2025-08-20 07:21:46,385 - WARNING - ⚠️ 002811 郑中设计 K线更新失败: ('Connection aborted.', RemoteDisconnected('Remote end closed connection without response'))
2025-08-20 07:21:46,624 - WARNING - ⚠️ 002812 恩捷股份 K线更新失败: ('Connection aborted.', RemoteDisconnected('Remote end closed connection without response'))
2025-08-20 07:21:46,852 - WARNING - ⚠️ 002813 路畅科技 K线更新失败: ('Connection aborted.', RemoteDisconnected('Remote end closed connection without response'))
2025-08-20 07:21:47,091 - WARNING - ⚠️ 002815 崇达技术 K线更新失败: ('Connection aborted.', RemoteDisconnected('Remote end closed connection without response'))
2025-08-20 07:21:47,313 - WARNING - ⚠️ 002816 *ST和科 K线更新失败: ('Connection aborted.', RemoteDisconnected('Remote end closed connection without response'))
2025-08-20 07:21:47,540 - WARNING - ⚠️ 002817 黄山胶囊 K线更新失败: ('Connection aborted.', RemoteDisconnected('Remote end closed connection without response'))
2025-08-20 07:21:47,771 - WARNING - ⚠️ 002818 富森美 K线更新失败: ('Connection aborted.', RemoteDisconnected('Remote end closed connection without response'))
2025-08-20 07:21:48,000 - WARNING - ⚠️ 002819 东方中科 K线更新失败: ('Connection aborted.', RemoteDisconnected('Remote end closed connection without response'))
2025-08-20 07:21:48,225 - WARNING - ⚠️ 002820 桂发祥 K线更新失败: ('Connection aborted.', RemoteDisconnected('Remote end closed connection without response'))
2025-08-20 07:21:48,457 - WARNING - ⚠️ 002821 凯莱英 K线更新失败: ('Connection aborted.', RemoteDisconnected('Remote end closed connection without response'))
2025-08-20 07:21:48,683 - WARNING - ⚠️ 002822 ST中装 K线更新失败: ('Connection aborted.', RemoteDisconnected('Remote end closed connection without response'))
2025-08-20 07:21:48,925 - WARNING - ⚠️ 002823 凯中精密 K线更新失败: ('Connection aborted.', RemoteDisconnected('Remote end closed connection without response'))
2025-08-20 07:21:49,176 - WARNING - ⚠️ 002824 和胜股份 K线更新失败: ('Connection aborted.', RemoteDisconnected('Remote end closed connection without response'))
2025-08-20 07:21:49,407 - WARNING - ⚠️ 002825 纳尔股份 K线更新失败: ('Connection aborted.', RemoteDisconnected('Remote end closed connection without response'))
2025-08-20 07:21:49,642 - WARNING - ⚠️ 002826 易明医药 K线更新失败: ('Connection aborted.', RemoteDisconnected('Remote end closed connection without response'))
2025-08-20 07:21:49,867 - WARNING - ⚠️ 002827 高争民爆 K线更新失败: ('Connection aborted.', RemoteDisconnected('Remote end closed connection without response'))
2025-08-20 07:21:50,100 - WARNING - ⚠️ 002828 贝肯能源 K线更新失败: ('Connection aborted.', RemoteDisconnected('Remote end closed connection without response'))
2025-08-20 07:21:50,323 - WARNING - ⚠️ 002829 星网宇达 K线更新失败: ('Connection aborted.', RemoteDisconnected('Remote end closed connection without response'))
2025-08-20 07:21:50,579 - WARNING - ⚠️ 002830 名雕股份 K线更新失败: ('Connection aborted.', RemoteDisconnected('Remote end closed connection without response'))
2025-08-20 07:21:50,807 - WARNING - ⚠️ 002831 裕同科技 K线更新失败: ('Connection aborted.', RemoteDisconnected('Remote end closed connection without response'))
2025-08-20 07:21:51,047 - WARNING - ⚠️ 002832 比音勒芬 K线更新失败: ('Connection aborted.', RemoteDisconnected('Remote end closed connection without response'))
2025-08-20 07:21:51,282 - WARNING - ⚠️ 002833 弘亚数控 K线更新失败: ('Connection aborted.', RemoteDisconnected('Remote end closed connection without response'))
2025-08-20 07:21:51,512 - WARNING - ⚠️ 002835 同为股份 K线更新失败: ('Connection aborted.', RemoteDisconnected('Remote end closed connection without response'))
2025-08-20 07:21:51,744 - WARNING - ⚠️ 002836 新宏泽 K线更新失败: ('Connection aborted.', RemoteDisconnected('Remote end closed connection without response'))
2025-08-20 07:21:51,973 - WARNING - ⚠️ 002837 英维克 K线更新失败: ('Connection aborted.', RemoteDisconnected('Remote end closed connection without response'))
2025-08-20 07:21:52,197 - WARNING - ⚠️ 002838 道恩股份 K线更新失败: ('Connection aborted.', RemoteDisconnected('Remote end closed connection without response'))
2025-08-20 07:21:52,423 - WARNING - ⚠️ 002839 张家港行 K线更新失败: ('Connection aborted.', RemoteDisconnected('Remote end closed connection without response'))
2025-08-20 07:21:52,660 - WARNING - ⚠️ 002840 华统股份 K线更新失败: ('Connection aborted.', RemoteDisconnected('Remote end closed connection without response'))
2025-08-20 07:21:52,892 - WARNING - ⚠️ 002841 视源股份 K线更新失败: ('Connection aborted.', RemoteDisconnected('Remote end closed connection without response'))
2025-08-20 07:21:53,119 - WARNING - ⚠️ 002842 翔鹭钨业 K线更新失败: ('Connection aborted.', RemoteDisconnected('Remote end closed connection without response'))
2025-08-20 07:21:53,342 - WARNING - ⚠️ 002843 泰嘉股份 K线更新失败: ('Connection aborted.', RemoteDisconnected('Remote end closed connection without response'))
2025-08-20 07:21:53,558 - WARNING - ⚠️ 002845 同兴达 K线更新失败: ('Connection aborted.', RemoteDisconnected('Remote end closed connection without response'))
2025-08-20 07:21:53,795 - WARNING - ⚠️ 002846 英联股份 K线更新失败: ('Connection aborted.', RemoteDisconnected('Remote end closed connection without response'))
2025-08-20 07:21:54,048 - WARNING - ⚠️ 002847 盐津铺子 K线更新失败: ('Connection aborted.', RemoteDisconnected('Remote end closed connection without response'))
2025-08-20 07:21:54,292 - WARNING - ⚠️ 002848 *ST高斯 K线更新失败: ('Connection aborted.', RemoteDisconnected('Remote end closed connection without response'))
2025-08-20 07:21:54,537 - WARNING - ⚠️ 002849 威星智能 K线更新失败: ('Connection aborted.', RemoteDisconnected('Remote end closed connection without response'))
2025-08-20 07:21:54,764 - WARNING - ⚠️ 002850 科达利 K线更新失败: ('Connection aborted.', RemoteDisconnected('Remote end closed connection without response'))
2025-08-20 07:21:54,994 - WARNING - ⚠️ 002851 麦格米特 K线更新失败: ('Connection aborted.', RemoteDisconnected('Remote end closed connection without response'))
2025-08-20 07:21:55,228 - WARNING - ⚠️ 002852 道道全 K线更新失败: ('Connection aborted.', RemoteDisconnected('Remote end closed connection without response'))
2025-08-20 07:21:55,475 - WARNING - ⚠️ 002853 皮阿诺 K线更新失败: ('Connection aborted.', RemoteDisconnected('Remote end closed connection without response'))
2025-08-20 07:21:55,709 - WARNING - ⚠️ 002855 捷荣技术 K线更新失败: ('Connection aborted.', RemoteDisconnected('Remote end closed connection without response'))
2025-08-20 07:21:55,927 - WARNING - ⚠️ 002856 美芝股份 K线更新失败: ('Connection aborted.', RemoteDisconnected('Remote end closed connection without response'))
2025-08-20 07:21:56,143 - WARNING - ⚠️ 002857 三晖电气 K线更新失败: ('Connection aborted.', RemoteDisconnected('Remote end closed connection without response'))
2025-08-20 07:21:56,388 - WARNING - ⚠️ 002858 力盛体育 K线更新失败: ('Connection aborted.', RemoteDisconnected('Remote end closed connection without response'))
2025-08-20 07:21:56,624 - WARNING - ⚠️ 002859 洁美科技 K线更新失败: ('Connection aborted.', RemoteDisconnected('Remote end closed connection without response'))
2025-08-20 07:21:56,858 - WARNING - ⚠️ 002860 星帅尔 K线更新失败: ('Connection aborted.', RemoteDisconnected('Remote end closed connection without response'))
2025-08-20 07:21:57,089 - WARNING - ⚠️ 002861 瀛通通讯 K线更新失败: ('Connection aborted.', RemoteDisconnected('Remote end closed connection without response'))
2025-08-20 07:21:57,311 - WARNING - ⚠️ 002862 实丰文化 K线更新失败: ('Connection aborted.', RemoteDisconnected('Remote end closed connection without response'))
2025-08-20 07:21:57,556 - WARNING - ⚠️ 002863 今飞凯达 K线更新失败: ('Connection aborted.', RemoteDisconnected('Remote end closed connection without response'))
2025-08-20 07:21:57,792 - WARNING - ⚠️ 002864 盘龙药业 K线更新失败: ('Connection aborted.', RemoteDisconnected('Remote end closed connection without response'))
2025-08-20 07:21:58,021 - WARNING - ⚠️ 002865 钧达股份 K线更新失败: ('Connection aborted.', RemoteDisconnected('Remote end closed connection without response'))
2025-08-20 07:21:58,257 - WARNING - ⚠️ 002866 传艺科技 K线更新失败: ('Connection aborted.', RemoteDisconnected('Remote end closed connection without response'))
2025-08-20 07:21:58,480 - WARNING - ⚠️ 002867 周大生 K线更新失败: ('Connection aborted.', RemoteDisconnected('Remote end closed connection without response'))
2025-08-20 07:21:58,708 - WARNING - ⚠️ 002868 *ST绿康 K线更新失败: ('Connection aborted.', RemoteDisconnected('Remote end closed connection without response'))
2025-08-20 07:21:58,950 - WARNING - ⚠️ 002869 金溢科技 K线更新失败: ('Connection aborted.', RemoteDisconnected('Remote end closed connection without response'))
2025-08-20 07:21:59,171 - WARNING - ⚠️ 002870 香山股份 K线更新失败: ('Connection aborted.', RemoteDisconnected('Remote end closed connection without response'))
2025-08-20 07:21:59,407 - WARNING - ⚠️ 002871 伟隆股份 K线更新失败: ('Connection aborted.', RemoteDisconnected('Remote end closed connection without response'))
2025-08-20 07:21:59,635 - WARNING - ⚠️ 002872 ST天圣 K线更新失败: ('Connection aborted.', RemoteDisconnected('Remote end closed connection without response'))
2025-08-20 07:21:59,873 - WARNING - ⚠️ 002873 新天药业 K线更新失败: ('Connection aborted.', RemoteDisconnected('Remote end closed connection without response'))
2025-08-20 07:22:00,130 - WARNING - ⚠️ 002875 安奈儿 K线更新失败: ('Connection aborted.', RemoteDisconnected('Remote end closed connection without response'))
2025-08-20 07:22:00,355 - WARNING - ⚠️ 002876 三利谱 K线更新失败: ('Connection aborted.', RemoteDisconnected('Remote end closed connection without response'))
2025-08-20 07:22:00,580 - WARNING - ⚠️ 002877 智能自控 K线更新失败: ('Connection aborted.', RemoteDisconnected('Remote end closed connection without response'))
2025-08-20 07:22:00,823 - WARNING - ⚠️ 002878 元隆雅图 K线更新失败: ('Connection aborted.', RemoteDisconnected('Remote end closed connection without response'))
2025-08-20 07:22:01,051 - WARNING - ⚠️ 002879 长缆科技 K线更新失败: ('Connection aborted.', RemoteDisconnected('Remote end closed connection without response'))
2025-08-20 07:22:01,292 - WARNING - ⚠️ 002880 卫光生物 K线更新失败: ('Connection aborted.', RemoteDisconnected('Remote end closed connection without response'))
2025-08-20 07:22:01,523 - WARNING - ⚠️ 002881 美格智能 K线更新失败: ('Connection aborted.', RemoteDisconnected('Remote end closed connection without response'))
2025-08-20 07:22:01,762 - WARNING - ⚠️ 002882 金龙羽 K线更新失败: ('Connection aborted.', RemoteDisconnected('Remote end closed connection without response'))
2025-08-20 07:22:02,003 - WARNING - ⚠️ 002883 中设股份 K线更新失败: ('Connection aborted.', RemoteDisconnected('Remote end closed connection without response'))
2025-08-20 07:22:02,228 - WARNING - ⚠️ 002884 凌霄泵业 K线更新失败: ('Connection aborted.', RemoteDisconnected('Remote end closed connection without response'))
2025-08-20 07:22:02,463 - WARNING - ⚠️ 002885 京泉华 K线更新失败: ('Connection aborted.', RemoteDisconnected('Remote end closed connection without response'))
2025-08-20 07:22:02,690 - WARNING - ⚠️ 002886 沃特股份 K线更新失败: ('Connection aborted.', RemoteDisconnected('Remote end closed connection without response'))
2025-08-20 07:22:02,914 - WARNING - ⚠️ 002887 绿茵生态 K线更新失败: ('Connection aborted.', RemoteDisconnected('Remote end closed connection without response'))
2025-08-20 07:22:03,148 - WARNING - ⚠️ 002888 惠威科技 K线更新失败: ('Connection aborted.', RemoteDisconnected('Remote end closed connection without response'))
2025-08-20 07:22:03,388 - WARNING - ⚠️ 002889 东方嘉盛 K线更新失败: ('Connection aborted.', RemoteDisconnected('Remote end closed connection without response'))
2025-08-20 07:22:03,615 - WARNING - ⚠️ 002890 弘宇股份 K线更新失败: ('Connection aborted.', RemoteDisconnected('Remote end closed connection without response'))
2025-08-20 07:22:03,852 - WARNING - ⚠️ 002891 中宠股份 K线更新失败: ('Connection aborted.', RemoteDisconnected('Remote end closed connection without response'))
2025-08-20 07:22:04,096 - WARNING - ⚠️ 002892 科力尔 K线更新失败: ('Connection aborted.', RemoteDisconnected('Remote end closed connection without response'))
2025-08-20 07:22:04,319 - WARNING - ⚠️ 002893 京能热力 K线更新失败: ('Connection aborted.', RemoteDisconnected('Remote end closed connection without response'))
2025-08-20 07:22:04,558 - WARNING - ⚠️ 002895 川恒股份 K线更新失败: ('Connection aborted.', RemoteDisconnected('Remote end closed connection without response'))
2025-08-20 07:22:04,781 - WARNING - ⚠️ 002896 中大力德 K线更新失败: ('Connection aborted.', RemoteDisconnected('Remote end closed connection without response'))
2025-08-20 07:22:05,013 - WARNING - ⚠️ 002897 意华股份 K线更新失败: ('Connection aborted.', RemoteDisconnected('Remote end closed connection without response'))
2025-08-20 07:22:05,245 - WARNING - ⚠️ 002898 *ST赛隆 K线更新失败: ('Connection aborted.', RemoteDisconnected('Remote end closed connection without response'))
2025-08-20 07:22:05,471 - WARNING - ⚠️ 002899 英派斯 K线更新失败: ('Connection aborted.', RemoteDisconnected('Remote end closed connection without response'))
2025-08-20 07:22:05,710 - WARNING - ⚠️ 002900 哈三联 K线更新失败: ('Connection aborted.', RemoteDisconnected('Remote end closed connection without response'))
2025-08-20 07:22:05,944 - WARNING - ⚠️ 002901 大博医疗 K线更新失败: ('Connection aborted.', RemoteDisconnected('Remote end closed connection without response'))
2025-08-20 07:22:06,176 - WARNING - ⚠️ 002902 铭普光磁 K线更新失败: ('Connection aborted.', RemoteDisconnected('Remote end closed connection without response'))
2025-08-20 07:22:06,405 - WARNING - ⚠️ 002903 宇环数控 K线更新失败: ('Connection aborted.', RemoteDisconnected('Remote end closed connection without response'))
2025-08-20 07:22:06,647 - WARNING - ⚠️ 002905 金逸影视 K线更新失败: ('Connection aborted.', RemoteDisconnected('Remote end closed connection without response'))
2025-08-20 07:22:06,880 - WARNING - ⚠️ 002906 华阳集团 K线更新失败: ('Connection aborted.', RemoteDisconnected('Remote end closed connection without response'))
2025-08-20 07:22:07,117 - WARNING - ⚠️ 002907 华森制药 K线更新失败: ('Connection aborted.', RemoteDisconnected('Remote end closed connection without response'))
2025-08-20 07:22:07,349 - WARNING - ⚠️ 002908 德生科技 K线更新失败: ('Connection aborted.', RemoteDisconnected('Remote end closed connection without response'))
2025-08-20 07:22:07,587 - WARNING - ⚠️ 002909 集泰股份 K线更新失败: ('Connection aborted.', RemoteDisconnected('Remote end closed connection without response'))
2025-08-20 07:22:07,830 - WARNING - ⚠️ 002910 庄园牧场 K线更新失败: ('Connection aborted.', RemoteDisconnected('Remote end closed connection without response'))
2025-08-20 07:22:08,068 - WARNING - ⚠️ 002911 佛燃能源 K线更新失败: ('Connection aborted.', RemoteDisconnected('Remote end closed connection without response'))
2025-08-20 07:22:09,316 - WARNING - ⚠️ 002912 中新赛克 K线更新失败: ('Connection aborted.', RemoteDisconnected('Remote end closed connection without response'))
2025-08-20 07:22:09,547 - WARNING - ⚠️ 002913 奥士康 K线更新失败: ('Connection aborted.', RemoteDisconnected('Remote end closed connection without response'))
2025-08-20 07:22:09,776 - WARNING - ⚠️ 002915 中欣氟材 K线更新失败: ('Connection aborted.', RemoteDisconnected('Remote end closed connection without response'))
2025-08-20 07:22:10,026 - WARNING - ⚠️ 002916 深南电路 K线更新失败: ('Connection aborted.', RemoteDisconnected('Remote end closed connection without response'))
2025-08-20 07:22:10,259 - WARNING - ⚠️ 002917 金奥博 K线更新失败: ('Connection aborted.', RemoteDisconnected('Remote end closed connection without response'))
2025-08-20 07:22:10,486 - WARNING - ⚠️ 002918 蒙娜丽莎 K线更新失败: ('Connection aborted.', RemoteDisconnected('Remote end closed connection without response'))
2025-08-20 07:22:10,722 - WARNING - ⚠️ 002919 名臣健康 K线更新失败: ('Connection aborted.', RemoteDisconnected('Remote end closed connection without response'))
2025-08-20 07:22:10,966 - WARNING - ⚠️ 002920 德赛西威 K线更新失败: ('Connection aborted.', RemoteDisconnected('Remote end closed connection without response'))
2025-08-20 07:22:11,201 - WARNING - ⚠️ 002921 联诚精密 K线更新失败: ('Connection aborted.', RemoteDisconnected('Remote end closed connection without response'))
2025-08-20 07:22:11,439 - WARNING - ⚠️ 002922 伊戈尔 K线更新失败: ('Connection aborted.', RemoteDisconnected('Remote end closed connection without response'))
2025-08-20 07:22:11,676 - WARNING - ⚠️ 002923 润都股份 K线更新失败: ('Connection aborted.', RemoteDisconnected('Remote end closed connection without response'))
2025-08-20 07:22:11,914 - WARNING - ⚠️ 002925 盈趣科技 K线更新失败: ('Connection aborted.', RemoteDisconnected('Remote end closed connection without response'))
2025-08-20 07:22:12,181 - WARNING - ⚠️ 002926 华西证券 K线更新失败: ('Connection aborted.', RemoteDisconnected('Remote end closed connection without response'))
2025-08-20 07:22:12,417 - WARNING - ⚠️ 002927 泰永长征 K线更新失败: ('Connection aborted.', RemoteDisconnected('Remote end closed connection without response'))
2025-08-20 07:22:12,661 - WARNING - ⚠️ 002928 华夏航空 K线更新失败: ('Connection aborted.', RemoteDisconnected('Remote end closed connection without response'))
2025-08-20 07:22:12,910 - WARNING - ⚠️ 002929 润建股份 K线更新失败: ('Connection aborted.', RemoteDisconnected('Remote end closed connection without response'))
2025-08-20 07:22:13,157 - WARNING - ⚠️ 002930 宏川智慧 K线更新失败: ('Connection aborted.', RemoteDisconnected('Remote end closed connection without response'))
2025-08-20 07:22:13,381 - WARNING - ⚠️ 002931 锋龙股份 K线更新失败: ('Connection aborted.', RemoteDisconnected('Remote end closed connection without response'))
2025-08-20 07:22:13,626 - WARNING - ⚠️ 002932 明德生物 K线更新失败: ('Connection aborted.', RemoteDisconnected('Remote end closed connection without response'))
2025-08-20 07:22:13,861 - WARNING - ⚠️ 002933 新兴装备 K线更新失败: ('Connection aborted.', RemoteDisconnected('Remote end closed connection without response'))
2025-08-20 07:22:14,088 - WARNING - ⚠️ 002935 天奥电子 K线更新失败: ('Connection aborted.', RemoteDisconnected('Remote end closed connection without response'))
2025-08-20 07:22:14,318 - WARNING - ⚠️ 002936 郑州银行 K线更新失败: ('Connection aborted.', RemoteDisconnected('Remote end closed connection without response'))
2025-08-20 07:22:14,566 - WARNING - ⚠️ 002937 兴瑞科技 K线更新失败: ('Connection aborted.', RemoteDisconnected('Remote end closed connection without response'))
2025-08-20 07:22:14,796 - WARNING - ⚠️ 002938 鹏鼎控股 K线更新失败: ('Connection aborted.', RemoteDisconnected('Remote end closed connection without response'))
2025-08-20 07:22:15,028 - WARNING - ⚠️ 002939 长城证券 K线更新失败: ('Connection aborted.', RemoteDisconnected('Remote end closed connection without response'))
2025-08-20 07:22:15,251 - WARNING - ⚠️ 002940 昂利康 K线更新失败: ('Connection aborted.', RemoteDisconnected('Remote end closed connection without response'))
2025-08-20 07:22:15,475 - WARNING - ⚠️ 002941 新疆交建 K线更新失败: ('Connection aborted.', RemoteDisconnected('Remote end closed connection without response'))
2025-08-20 07:22:15,706 - WARNING - ⚠️ 002942 新农股份 K线更新失败: ('Connection aborted.', RemoteDisconnected('Remote end closed connection without response'))
2025-08-20 07:22:15,942 - WARNING - ⚠️ 002943 宇晶股份 K线更新失败: ('Connection aborted.', RemoteDisconnected('Remote end closed connection without response'))
2025-08-20 07:22:16,192 - WARNING - ⚠️ 002945 华林证券 K线更新失败: ('Connection aborted.', RemoteDisconnected('Remote end closed connection without response'))
2025-08-20 07:22:16,421 - WARNING - ⚠️ 002946 新乳业 K线更新失败: ('Connection aborted.', RemoteDisconnected('Remote end closed connection without response'))
2025-08-20 07:22:16,653 - WARNING - ⚠️ 002947 恒铭达 K线更新失败: ('Connection aborted.', RemoteDisconnected('Remote end closed connection without response'))
2025-08-20 07:22:16,885 - WARNING - ⚠️ 002948 青岛银行 K线更新失败: ('Connection aborted.', RemoteDisconnected('Remote end closed connection without response'))
2025-08-20 07:22:17,128 - WARNING - ⚠️ 002949 华阳国际 K线更新失败: ('Connection aborted.', RemoteDisconnected('Remote end closed connection without response'))
2025-08-20 07:22:17,357 - WARNING - ⚠️ 002950 奥美医疗 K线更新失败: ('Connection aborted.', RemoteDisconnected('Remote end closed connection without response'))
2025-08-20 07:22:17,603 - WARNING - ⚠️ 002951 金时科技 K线更新失败: ('Connection aborted.', RemoteDisconnected('Remote end closed connection without response'))
2025-08-20 07:22:17,838 - WARNING - ⚠️ 002952 亚世光电 K线更新失败: ('Connection aborted.', RemoteDisconnected('Remote end closed connection without response'))
2025-08-20 07:22:18,067 - WARNING - ⚠️ 002953 日丰股份 K线更新失败: ('Connection aborted.', RemoteDisconnected('Remote end closed connection without response'))
2025-08-20 07:22:18,308 - WARNING - ⚠️ 002955 鸿合科技 K线更新失败: ('Connection aborted.', RemoteDisconnected('Remote end closed connection without response'))
2025-08-20 07:22:18,541 - WARNING - ⚠️ 002956 西麦食品 K线更新失败: ('Connection aborted.', RemoteDisconnected('Remote end closed connection without response'))
2025-08-20 07:22:18,766 - WARNING - ⚠️ 002957 科瑞技术 K线更新失败: ('Connection aborted.', RemoteDisconnected('Remote end closed connection without response'))
2025-08-20 07:22:18,997 - WARNING - ⚠️ 002958 青农商行 K线更新失败: ('Connection aborted.', RemoteDisconnected('Remote end closed connection without response'))
2025-08-20 07:22:19,222 - WARNING - ⚠️ 002959 小熊电器 K线更新失败: ('Connection aborted.', RemoteDisconnected('Remote end closed connection without response'))
2025-08-20 07:22:19,452 - WARNING - ⚠️ 002960 青鸟消防 K线更新失败: ('Connection aborted.', RemoteDisconnected('Remote end closed connection without response'))
2025-08-20 07:22:19,678 - WARNING - ⚠️ 002961 瑞达期货 K线更新失败: ('Connection aborted.', RemoteDisconnected('Remote end closed connection without response'))
2025-08-20 07:22:19,909 - WARNING - ⚠️ 002962 五方光电 K线更新失败: ('Connection aborted.', RemoteDisconnected('Remote end closed connection without response'))
2025-08-20 07:22:20,129 - WARNING - ⚠️ 002963 豪尔赛 K线更新失败: ('Connection aborted.', RemoteDisconnected('Remote end closed connection without response'))
2025-08-20 07:22:20,363 - WARNING - ⚠️ 002965 祥鑫科技 K线更新失败: ('Connection aborted.', RemoteDisconnected('Remote end closed connection without response'))
2025-08-20 07:22:20,596 - WARNING - ⚠️ 002966 苏州银行 K线更新失败: ('Connection aborted.', RemoteDisconnected('Remote end closed connection without response'))
2025-08-20 07:22:20,816 - WARNING - ⚠️ 002967 广电计量 K线更新失败: ('Connection aborted.', RemoteDisconnected('Remote end closed connection without response'))
2025-08-20 07:22:21,118 - WARNING - ⚠️ 002968 新大正 K线更新失败: ('Connection aborted.', RemoteDisconnected('Remote end closed connection without response'))
2025-08-20 07:22:21,365 - WARNING - ⚠️ 002969 嘉美包装 K线更新失败: ('Connection aborted.', RemoteDisconnected('Remote end closed connection without response'))
2025-08-20 07:22:21,603 - WARNING - ⚠️ 002970 锐明技术 K线更新失败: ('Connection aborted.', RemoteDisconnected('Remote end closed connection without response'))
2025-08-20 07:22:21,838 - WARNING - ⚠️ 002971 和远气体 K线更新失败: ('Connection aborted.', RemoteDisconnected('Remote end closed connection without response'))
2025-08-20 07:22:22,069 - WARNING - ⚠️ 002972 科安达 K线更新失败: ('Connection aborted.', RemoteDisconnected('Remote end closed connection without response'))
2025-08-20 07:22:22,311 - WARNING - ⚠️ 002973 侨银股份 K线更新失败: ('Connection aborted.', RemoteDisconnected('Remote end closed connection without response'))
2025-08-20 07:22:22,539 - WARNING - ⚠️ 002975 博杰股份 K线更新失败: ('Connection aborted.', RemoteDisconnected('Remote end closed connection without response'))
2025-08-20 07:22:22,770 - WARNING - ⚠️ 002976 瑞玛精密 K线更新失败: ('Connection aborted.', RemoteDisconnected('Remote end closed connection without response'))
2025-08-20 07:22:23,007 - WARNING - ⚠️ 002977 天箭科技 K线更新失败: ('Connection aborted.', RemoteDisconnected('Remote end closed connection without response'))
2025-08-20 07:22:23,241 - WARNING - ⚠️ 002978 安宁股份 K线更新失败: ('Connection aborted.', RemoteDisconnected('Remote end closed connection without response'))
2025-08-20 07:22:23,463 - WARNING - ⚠️ 002979 雷赛智能 K线更新失败: ('Connection aborted.', RemoteDisconnected('Remote end closed connection without response'))
2025-08-20 07:22:23,697 - WARNING - ⚠️ 002980 华盛昌 K线更新失败: ('Connection aborted.', RemoteDisconnected('Remote end closed connection without response'))
2025-08-20 07:22:23,928 - WARNING - ⚠️ 002981 朝阳科技 K线更新失败: ('Connection aborted.', RemoteDisconnected('Remote end closed connection without response'))
2025-08-20 07:22:24,158 - WARNING - ⚠️ 002982 湘佳股份 K线更新失败: ('Connection aborted.', RemoteDisconnected('Remote end closed connection without response'))
2025-08-20 07:22:24,405 - WARNING - ⚠️ 002983 芯瑞达 K线更新失败: ('Connection aborted.', RemoteDisconnected('Remote end closed connection without response'))
2025-08-20 07:22:24,637 - WARNING - ⚠️ 002984 森麒麟 K线更新失败: ('Connection aborted.', RemoteDisconnected('Remote end closed connection without response'))
2025-08-20 07:22:24,861 - WARNING - ⚠️ 002985 北摩高科 K线更新失败: ('Connection aborted.', RemoteDisconnected('Remote end closed connection without response'))
2025-08-20 07:22:25,098 - WARNING - ⚠️ 002986 宇新股份 K线更新失败: ('Connection aborted.', RemoteDisconnected('Remote end closed connection without response'))
2025-08-20 07:22:25,319 - WARNING - ⚠️ 002987 京北方 K线更新失败: ('Connection aborted.', RemoteDisconnected('Remote end closed connection without response'))
2025-08-20 07:22:25,548 - WARNING - ⚠️ 002988 豪美新材 K线更新失败: ('Connection aborted.', RemoteDisconnected('Remote end closed connection without response'))
2025-08-20 07:22:25,785 - WARNING - ⚠️ 002989 中天精装 K线更新失败: ('Connection aborted.', RemoteDisconnected('Remote end closed connection without response'))
2025-08-20 07:22:26,007 - WARNING - ⚠️ 002990 盛视科技 K线更新失败: ('Connection aborted.', RemoteDisconnected('Remote end closed connection without response'))
2025-08-20 07:22:26,238 - WARNING - ⚠️ 002991 甘源食品 K线更新失败: ('Connection aborted.', RemoteDisconnected('Remote end closed connection without response'))
2025-08-20 07:22:26,464 - WARNING - ⚠️ 002992 宝明科技 K线更新失败: ('Connection aborted.', RemoteDisconnected('Remote end closed connection without response'))
2025-08-20 07:22:26,683 - WARNING - ⚠️ 002993 奥海科技 K线更新失败: ('Connection aborted.', RemoteDisconnected('Remote end closed connection without response'))
2025-08-20 07:22:26,922 - WARNING - ⚠️ 002995 天地在线 K线更新失败: ('Connection aborted.', RemoteDisconnected('Remote end closed connection without response'))
2025-08-20 07:22:27,145 - WARNING - ⚠️ 002996 顺博合金 K线更新失败: ('Connection aborted.', RemoteDisconnected('Remote end closed connection without response'))
2025-08-20 07:22:27,372 - WARNING - ⚠️ 002997 瑞鹄模具 K线更新失败: ('Connection aborted.', RemoteDisconnected('Remote end closed connection without response'))
2025-08-20 07:22:27,602 - WARNING - ⚠️ 002998 优彩资源 K线更新失败: ('Connection aborted.', RemoteDisconnected('Remote end closed connection without response'))
2025-08-20 07:22:27,824 - WARNING - ⚠️ 002999 天禾股份 K线更新失败: ('Connection aborted.', RemoteDisconnected('Remote end closed connection without response'))
2025-08-20 07:22:28,071 - WARNING - ⚠️ 003000 劲仔食品 K线更新失败: ('Connection aborted.', RemoteDisconnected('Remote end closed connection without response'))
2025-08-20 07:22:28,309 - WARNING - ⚠️ 003001 中岩大地 K线更新失败: ('Connection aborted.', RemoteDisconnected('Remote end closed connection without response'))
2025-08-20 07:22:28,535 - WARNING - ⚠️ 003002 壶化股份 K线更新失败: ('Connection aborted.', RemoteDisconnected('Remote end closed connection without response'))
2025-08-20 07:22:28,772 - WARNING - ⚠️ 003003 天元股份 K线更新失败: ('Connection aborted.', RemoteDisconnected('Remote end closed connection without response'))
2025-08-20 07:22:28,997 - WARNING - ⚠️ 003004 *ST声迅 K线更新失败: ('Connection aborted.', RemoteDisconnected('Remote end closed connection without response'))
2025-08-20 07:22:29,223 - WARNING - ⚠️ 003005 竞业达 K线更新失败: ('Connection aborted.', RemoteDisconnected('Remote end closed connection without response'))
2025-08-20 07:22:29,451 - WARNING - ⚠️ 003006 百亚股份 K线更新失败: ('Connection aborted.', RemoteDisconnected('Remote end closed connection without response'))
2025-08-20 07:22:29,678 - WARNING - ⚠️ 003007 直真科技 K线更新失败: ('Connection aborted.', RemoteDisconnected('Remote end closed connection without response'))
2025-08-20 07:22:29,918 - WARNING - ⚠️ 003008 开普检测 K线更新失败: ('Connection aborted.', RemoteDisconnected('Remote end closed connection without response'))
2025-08-20 07:22:30,166 - WARNING - ⚠️ 003009 中天火箭 K线更新失败: ('Connection aborted.', RemoteDisconnected('Remote end closed connection without response'))
2025-08-20 07:22:30,410 - WARNING - ⚠️ 003010 若羽臣 K线更新失败: ('Connection aborted.', RemoteDisconnected('Remote end closed connection without response'))
2025-08-20 07:22:30,646 - WARNING - ⚠️ 003011 海象新材 K线更新失败: ('Connection aborted.', RemoteDisconnected('Remote end closed connection without response'))
2025-08-20 07:22:30,877 - WARNING - ⚠️ 003012 东鹏控股 K线更新失败: ('Connection aborted.', RemoteDisconnected('Remote end closed connection without response'))
2025-08-20 07:22:31,110 - WARNING - ⚠️ 003013 地铁设计 K线更新失败: ('Connection aborted.', RemoteDisconnected('Remote end closed connection without response'))
2025-08-20 07:22:31,407 - WARNING - ⚠️ 003015 日久光电 K线更新失败: ('Connection aborted.', RemoteDisconnected('Remote end closed connection without response'))
2025-08-20 07:22:31,636 - WARNING - ⚠️ 003016 欣贺股份 K线更新失败: ('Connection aborted.', RemoteDisconnected('Remote end closed connection without response'))
2025-08-20 07:22:31,854 - WARNING - ⚠️ 003017 大洋生物 K线更新失败: ('Connection aborted.', RemoteDisconnected('Remote end closed connection without response'))
2025-08-20 07:22:32,099 - WARNING - ⚠️ 003018 金富科技 K线更新失败: ('Connection aborted.', RemoteDisconnected('Remote end closed connection without response'))
2025-08-20 07:22:32,333 - WARNING - ⚠️ 003019 宸展光电 K线更新失败: ('Connection aborted.', RemoteDisconnected('Remote end closed connection without response'))
2025-08-20 07:22:32,563 - WARNING - ⚠️ 003020 立方制药 K线更新失败: ('Connection aborted.', RemoteDisconnected('Remote end closed connection without response'))
2025-08-20 07:22:32,790 - WARNING - ⚠️ 003021 兆威机电 K线更新失败: ('Connection aborted.', RemoteDisconnected('Remote end closed connection without response'))
2025-08-20 07:22:33,028 - WARNING - ⚠️ 003022 联泓新科 K线更新失败: ('Connection aborted.', RemoteDisconnected('Remote end closed connection without response'))
2025-08-20 07:22:33,255 - WARNING - ⚠️ 003023 彩虹集团 K线更新失败: ('Connection aborted.', RemoteDisconnected('Remote end closed connection without response'))
2025-08-20 07:22:33,486 - WARNING - ⚠️ 003025 思进智能 K线更新失败: ('Connection aborted.', RemoteDisconnected('Remote end closed connection without response'))
2025-08-20 07:22:33,699 - WARNING - ⚠️ 003026 中晶科技 K线更新失败: ('Connection aborted.', RemoteDisconnected('Remote end closed connection without response'))
2025-08-20 07:22:33,946 - WARNING - ⚠️ 003027 同兴科技 K线更新失败: ('Connection aborted.', RemoteDisconnected('Remote end closed connection without response'))
2025-08-20 07:22:34,188 - WARNING - ⚠️ 003028 振邦智能 K线更新失败: ('Connection aborted.', RemoteDisconnected('Remote end closed connection without response'))
2025-08-20 07:22:34,432 - WARNING - ⚠️ 003029 吉大正元 K线更新失败: ('Connection aborted.', RemoteDisconnected('Remote end closed connection without response'))
2025-08-20 07:22:34,667 - WARNING - ⚠️ 003030 祖名股份 K线更新失败: ('Connection aborted.', RemoteDisconnected('Remote end closed connection without response'))
2025-08-20 07:22:34,905 - WARNING - ⚠️ 003031 中瓷电子 K线更新失败: ('Connection aborted.', RemoteDisconnected('Remote end closed connection without response'))
2025-08-20 07:22:35,122 - WARNING - ⚠️ 003032 *ST传智 K线更新失败: ('Connection aborted.', RemoteDisconnected('Remote end closed connection without response'))
2025-08-20 07:22:35,353 - WARNING - ⚠️ 003033 征和工业 K线更新失败: ('Connection aborted.', RemoteDisconnected('Remote end closed connection without response'))
2025-08-20 07:22:35,585 - WARNING - ⚠️ 003035 南网能源 K线更新失败: ('Connection aborted.', RemoteDisconnected('Remote end closed connection without response'))
2025-08-20 07:22:35,828 - WARNING - ⚠️ 003036 泰坦股份 K线更新失败: ('Connection aborted.', RemoteDisconnected('Remote end closed connection without response'))
2025-08-20 07:22:36,072 - WARNING - ⚠️ 003037 三和管桩 K线更新失败: ('Connection aborted.', RemoteDisconnected('Remote end closed connection without response'))
2025-08-20 07:22:36,302 - WARNING - ⚠️ 003038 鑫铂股份 K线更新失败: ('Connection aborted.', RemoteDisconnected('Remote end closed connection without response'))
2025-08-20 07:22:36,535 - WARNING - ⚠️ 003039 顺控发展 K线更新失败: ('Connection aborted.', RemoteDisconnected('Remote end closed connection without response'))
2025-08-20 07:22:36,770 - WARNING - ⚠️ 003040 楚天龙 K线更新失败: ('Connection aborted.', RemoteDisconnected('Remote end closed connection without response'))
2025-08-20 07:22:37,000 - WARNING - ⚠️ 003041 真爱美家 K线更新失败: ('Connection aborted.', RemoteDisconnected('Remote end closed connection without response'))
2025-08-20 07:22:37,242 - WARNING - ⚠️ 003042 中农联合 K线更新失败: ('Connection aborted.', RemoteDisconnected('Remote end closed connection without response'))
2025-08-20 07:22:37,481 - WARNING - ⚠️ 003043 华亚智能 K线更新失败: ('Connection aborted.', RemoteDisconnected('Remote end closed connection without response'))
2025-08-20 07:22:37,707 - WARNING - ⚠️ 003816 中国广核 K线更新失败: ('Connection aborted.', RemoteDisconnected('Remote end closed connection without response'))
2025-08-20 07:22:37,930 - WARNING - ⚠️ 300001 特锐德 K线更新失败: ('Connection aborted.', RemoteDisconnected('Remote end closed connection without response'))
2025-08-20 07:22:38,174 - WARNING - ⚠️ 300002 神州泰岳 K线更新失败: ('Connection aborted.', RemoteDisconnected('Remote end closed connection without response'))
2025-08-20 07:22:38,393 - WARNING - ⚠️ 300003 乐普医疗 K线更新失败: ('Connection aborted.', RemoteDisconnected('Remote end closed connection without response'))
2025-08-20 07:22:38,647 - WARNING - ⚠️ 300004 南风股份 K线更新失败: ('Connection aborted.', RemoteDisconnected('Remote end closed connection without response'))
2025-08-20 07:22:38,867 - WARNING - ⚠️ 300005 探路者 K线更新失败: ('Connection aborted.', RemoteDisconnected('Remote end closed connection without response'))
2025-08-20 07:22:39,110 - WARNING - ⚠️ 300006 莱美药业 K线更新失败: ('Connection aborted.', RemoteDisconnected('Remote end closed connection without response'))
2025-08-20 07:22:39,329 - WARNING - ⚠️ 300007 汉威科技 K线更新失败: ('Connection aborted.', RemoteDisconnected('Remote end closed connection without response'))
2025-08-20 07:22:39,568 - WARNING - ⚠️ 300008 天海防务 K线更新失败: ('Connection aborted.', RemoteDisconnected('Remote end closed connection without response'))
2025-08-20 07:22:39,796 - WARNING - ⚠️ 300009 安科生物 K线更新失败: ('Connection aborted.', RemoteDisconnected('Remote end closed connection without response'))
2025-08-20 07:22:40,037 - WARNING - ⚠️ 300010 豆神教育 K线更新失败: ('Connection aborted.', RemoteDisconnected('Remote end closed connection without response'))
2025-08-20 07:22:40,268 - WARNING - ⚠️ 300011 鼎汉技术 K线更新失败: ('Connection aborted.', RemoteDisconnected('Remote end closed connection without response'))
2025-08-20 07:22:40,493 - WARNING - ⚠️ 300012 华测检测 K线更新失败: ('Connection aborted.', RemoteDisconnected('Remote end closed connection without response'))
2025-08-20 07:22:40,720 - WARNING - ⚠️ 300013 新宁物流 K线更新失败: ('Connection aborted.', RemoteDisconnected('Remote end closed connection without response'))
2025-08-20 07:22:40,956 - WARNING - ⚠️ 300014 亿纬锂能 K线更新失败: ('Connection aborted.', RemoteDisconnected('Remote end closed connection without response'))
2025-08-20 07:22:41,185 - WARNING - ⚠️ 300015 爱尔眼科 K线更新失败: ('Connection aborted.', RemoteDisconnected('Remote end closed connection without response'))
2025-08-20 07:22:41,416 - WARNING - ⚠️ 300016 北陆药业 K线更新失败: ('Connection aborted.', RemoteDisconnected('Remote end closed connection without response'))
2025-08-20 07:22:41,645 - WARNING - ⚠️ 300017 网宿科技 K线更新失败: ('Connection aborted.', RemoteDisconnected('Remote end closed connection without response'))
2025-08-20 07:22:41,882 - WARNING - ⚠️ 300018 中元股份 K线更新失败: ('Connection aborted.', RemoteDisconnected('Remote end closed connection without response'))
2025-08-20 07:22:42,118 - WARNING - ⚠️ 300019 硅宝科技 K线更新失败: ('Connection aborted.', RemoteDisconnected('Remote end closed connection without response'))
2025-08-20 07:22:42,338 - WARNING - ⚠️ 300020 ST银江 K线更新失败: ('Connection aborted.', RemoteDisconnected('Remote end closed connection without response'))
2025-08-20 07:22:42,577 - WARNING - ⚠️ 300021 大禹节水 K线更新失败: ('Connection aborted.', RemoteDisconnected('Remote end closed connection without response'))
2025-08-20 07:22:42,799 - WARNING - ⚠️ 300022 吉峰科技 K线更新失败: ('Connection aborted.', RemoteDisconnected('Remote end closed connection without response'))
2025-08-20 07:22:43,027 - WARNING - ⚠️ 300023 宝德退 K线更新失败: ('Connection aborted.', RemoteDisconnected('Remote end closed connection without response'))
2025-08-20 07:22:43,267 - WARNING - ⚠️ 300024 机器人 K线更新失败: ('Connection aborted.', RemoteDisconnected('Remote end closed connection without response'))
2025-08-20 07:22:43,485 - WARNING - ⚠️ 300025 华星创业 K线更新失败: ('Connection aborted.', RemoteDisconnected('Remote end closed connection without response'))
2025-08-20 07:22:43,712 - WARNING - ⚠️ 300026 红日药业 K线更新失败: ('Connection aborted.', RemoteDisconnected('Remote end closed connection without response'))
2025-08-20 07:22:43,949 - WARNING - ⚠️ 300027 华谊兄弟 K线更新失败: ('Connection aborted.', RemoteDisconnected('Remote end closed connection without response'))
2025-08-20 07:22:44,172 - WARNING - ⚠️ 300028 金亚退 K线更新失败: ('Connection aborted.', RemoteDisconnected('Remote end closed connection without response'))
2025-08-20 07:22:44,404 - WARNING - ⚠️ 300029 *ST天龙 K线更新失败: ('Connection aborted.', RemoteDisconnected('Remote end closed connection without response'))
2025-08-20 07:22:44,646 - WARNING - ⚠️ 300030 阳普医疗 K线更新失败: ('Connection aborted.', RemoteDisconnected('Remote end closed connection without response'))
2025-08-20 07:22:44,885 - WARNING - ⚠️ 300031 宝通科技 K线更新失败: ('Connection aborted.', RemoteDisconnected('Remote end closed connection without response'))
2025-08-20 07:22:45,127 - WARNING - ⚠️ 300032 金龙机电 K线更新失败: ('Connection aborted.', RemoteDisconnected('Remote end closed connection without response'))
2025-08-20 07:22:45,453 - WARNING - ⚠️ 300033 同花顺 K线更新失败: ('Connection aborted.', RemoteDisconnected('Remote end closed connection without response'))
2025-08-20 07:22:45,678 - WARNING - ⚠️ 300034 钢研高纳 K线更新失败: ('Connection aborted.', RemoteDisconnected('Remote end closed connection without response'))
2025-08-20 07:22:45,908 - WARNING - ⚠️ 300035 中科电气 K线更新失败: ('Connection aborted.', RemoteDisconnected('Remote end closed connection without response'))
2025-08-20 07:22:46,143 - WARNING - ⚠️ 300036 超图软件 K线更新失败: ('Connection aborted.', RemoteDisconnected('Remote end closed connection without response'))
2025-08-20 07:22:46,364 - WARNING - ⚠️ 300037 新宙邦 K线更新失败: ('Connection aborted.', RemoteDisconnected('Remote end closed connection without response'))
2025-08-20 07:22:46,607 - WARNING - ⚠️ 300038 数知退 K线更新失败: ('Connection aborted.', RemoteDisconnected('Remote end closed connection without response'))
2025-08-20 07:22:46,839 - WARNING - ⚠️ 300039 上海凯宝 K线更新失败: ('Connection aborted.', RemoteDisconnected('Remote end closed connection without response'))
2025-08-20 07:22:47,091 - WARNING - ⚠️ 300040 九洲集团 K线更新失败: ('Connection aborted.', RemoteDisconnected('Remote end closed connection without response'))
2025-08-20 07:22:47,320 - WARNING - ⚠️ 300041 回天新材 K线更新失败: ('Connection aborted.', RemoteDisconnected('Remote end closed connection without response'))
2025-08-20 07:22:47,554 - WARNING - ⚠️ 300042 朗科科技 K线更新失败: ('Connection aborted.', RemoteDisconnected('Remote end closed connection without response'))
2025-08-20 07:22:47,787 - WARNING - ⚠️ 300043 星辉娱乐 K线更新失败: ('Connection aborted.', RemoteDisconnected('Remote end closed connection without response'))
2025-08-20 07:22:48,010 - WARNING - ⚠️ 300044 ST赛为 K线更新失败: ('Connection aborted.', RemoteDisconnected('Remote end closed connection without response'))
2025-08-20 07:22:48,251 - WARNING - ⚠️ 300045 华力创通 K线更新失败: ('Connection aborted.', RemoteDisconnected('Remote end closed connection without response'))
2025-08-20 07:22:48,476 - WARNING - ⚠️ 300046 台基股份 K线更新失败: ('Connection aborted.', RemoteDisconnected('Remote end closed connection without response'))
2025-08-20 07:22:48,853 - WARNING - ⚠️ 300047 天源迪科 K线更新失败: ('Connection aborted.', RemoteDisconnected('Remote end closed connection without response'))
2025-08-20 07:22:49,072 - WARNING - ⚠️ 300048 合康新能 K线更新失败: ('Connection aborted.', RemoteDisconnected('Remote end closed connection without response'))
2025-08-20 07:22:49,297 - WARNING - ⚠️ 300049 福瑞股份 K线更新失败: ('Connection aborted.', RemoteDisconnected('Remote end closed connection without response'))
2025-08-20 07:22:49,527 - WARNING - ⚠️ 300050 世纪鼎利 K线更新失败: ('Connection aborted.', RemoteDisconnected('Remote end closed connection without response'))
2025-08-20 07:22:49,766 - WARNING - ⚠️ 300051 琏升科技 K线更新失败: ('Connection aborted.', RemoteDisconnected('Remote end closed connection without response'))
2025-08-20 07:22:49,999 - WARNING - ⚠️ 300052 ST中青宝 K线更新失败: ('Connection aborted.', RemoteDisconnected('Remote end closed connection without response'))
2025-08-20 07:22:50,228 - WARNING - ⚠️ 300053 航宇微 K线更新失败: ('Connection aborted.', RemoteDisconnected('Remote end closed connection without response'))
2025-08-20 07:22:50,452 - WARNING - ⚠️ 300054 鼎龙股份 K线更新失败: ('Connection aborted.', RemoteDisconnected('Remote end closed connection without response'))
2025-08-20 07:22:50,682 - WARNING - ⚠️ 300055 万邦达 K线更新失败: ('Connection aborted.', RemoteDisconnected('Remote end closed connection without response'))
2025-08-20 07:22:50,927 - WARNING - ⚠️ 300056 中创环保 K线更新失败: ('Connection aborted.', RemoteDisconnected('Remote end closed connection without response'))
2025-08-20 07:22:51,146 - WARNING - ⚠️ 300057 万顺新材 K线更新失败: ('Connection aborted.', RemoteDisconnected('Remote end closed connection without response'))
2025-08-20 07:22:51,385 - WARNING - ⚠️ 300058 蓝色光标 K线更新失败: ('Connection aborted.', RemoteDisconnected('Remote end closed connection without response'))
2025-08-20 07:22:51,621 - WARNING - ⚠️ 300059 东方财富 K线更新失败: ('Connection aborted.', RemoteDisconnected('Remote end closed connection without response'))
2025-08-20 07:22:51,854 - WARNING - ⚠️ 300061 旗天科技 K线更新失败: ('Connection aborted.', RemoteDisconnected('Remote end closed connection without response'))
2025-08-20 07:22:52,082 - WARNING - ⚠️ 300062 中能电气 K线更新失败: ('Connection aborted.', RemoteDisconnected('Remote end closed connection without response'))
2025-08-20 07:22:52,316 - WARNING - ⚠️ 300063 天龙集团 K线更新失败: ('Connection aborted.', RemoteDisconnected('Remote end closed connection without response'))
2025-08-20 07:22:52,545 - WARNING - ⚠️ 300064 金刚退 K线更新失败: ('Connection aborted.', RemoteDisconnected('Remote end closed connection without response'))
2025-08-20 07:22:52,783 - WARNING - ⚠️ 300065 海兰信 K线更新失败: ('Connection aborted.', RemoteDisconnected('Remote end closed connection without response'))
2025-08-20 07:22:53,011 - WARNING - ⚠️ 300066 三川智慧 K线更新失败: ('Connection aborted.', RemoteDisconnected('Remote end closed connection without response'))
2025-08-20 07:22:53,250 - WARNING - ⚠️ 300067 安诺其 K线更新失败: ('Connection aborted.', RemoteDisconnected('Remote end closed connection without response'))
2025-08-20 07:22:53,476 - WARNING - ⚠️ 300068 南都电源 K线更新失败: ('Connection aborted.', RemoteDisconnected('Remote end closed connection without response'))
2025-08-20 07:22:53,706 - WARNING - ⚠️ 300069 金利华电 K线更新失败: ('Connection aborted.', RemoteDisconnected('Remote end closed connection without response'))
2025-08-20 07:22:53,931 - WARNING - ⚠️ 300070 碧水源 K线更新失败: ('Connection aborted.', RemoteDisconnected('Remote end closed connection without response'))
2025-08-20 07:22:54,168 - WARNING - ⚠️ 300071 福石控股 K线更新失败: ('Connection aborted.', RemoteDisconnected('Remote end closed connection without response'))
2025-08-20 07:22:54,402 - WARNING - ⚠️ 300072 海新能科 K线更新失败: ('Connection aborted.', RemoteDisconnected('Remote end closed connection without response'))
2025-08-20 07:22:54,631 - WARNING - ⚠️ 300073 当升科技 K线更新失败: ('Connection aborted.', RemoteDisconnected('Remote end closed connection without response'))
2025-08-20 07:22:54,855 - WARNING - ⚠️ 300074 华平股份 K线更新失败: ('Connection aborted.', RemoteDisconnected('Remote end closed connection without response'))
2025-08-20 07:22:55,088 - WARNING - ⚠️ 300075 数字政通 K线更新失败: ('Connection aborted.', RemoteDisconnected('Remote end closed connection without response'))
2025-08-20 07:22:55,334 - WARNING - ⚠️ 300076 GQY视讯 K线更新失败: ('Connection aborted.', RemoteDisconnected('Remote end closed connection without response'))
2025-08-20 07:22:55,556 - WARNING - ⚠️ 300077 国民技术 K线更新失败: ('Connection aborted.', RemoteDisconnected('Remote end closed connection without response'))
2025-08-20 07:22:55,785 - WARNING - ⚠️ 300078 思创医惠 K线更新失败: ('Connection aborted.', RemoteDisconnected('Remote end closed connection without response'))
2025-08-20 07:22:56,021 - WARNING - ⚠️ 300079 数码视讯 K线更新失败: ('Connection aborted.', RemoteDisconnected('Remote end closed connection without response'))
2025-08-20 07:22:56,260 - WARNING - ⚠️ 300080 易成新能 K线更新失败: ('Connection aborted.', RemoteDisconnected('Remote end closed connection without response'))
2025-08-20 07:22:56,495 - WARNING - ⚠️ 300081 恒信东方 K线更新失败: ('Connection aborted.', RemoteDisconnected('Remote end closed connection without response'))
2025-08-20 07:22:56,729 - WARNING - ⚠️ 300082 奥克股份 K线更新失败: ('Connection aborted.', RemoteDisconnected('Remote end closed connection without response'))
2025-08-20 07:22:56,965 - WARNING - ⚠️ 300083 创世纪 K线更新失败: ('Connection aborted.', RemoteDisconnected('Remote end closed connection without response'))
2025-08-20 07:22:57,210 - WARNING - ⚠️ 300084 海默科技 K线更新失败: ('Connection aborted.', RemoteDisconnected('Remote end closed connection without response'))
2025-08-20 07:22:57,432 - WARNING - ⚠️ 300085 银之杰 K线更新失败: ('Connection aborted.', RemoteDisconnected('Remote end closed connection without response'))
2025-08-20 07:22:57,664 - WARNING - ⚠️ 300086 康芝药业 K线更新失败: ('Connection aborted.', RemoteDisconnected('Remote end closed connection without response'))
2025-08-20 07:22:57,895 - WARNING - ⚠️ 300087 荃银高科 K线更新失败: ('Connection aborted.', RemoteDisconnected('Remote end closed connection without response'))
2025-08-20 07:22:58,135 - WARNING - ⚠️ 300088 长信科技 K线更新失败: ('Connection aborted.', RemoteDisconnected('Remote end closed connection without response'))
2025-08-20 07:22:58,370 - WARNING - ⚠️ 300089 文化退 K线更新失败: ('Connection aborted.', RemoteDisconnected('Remote end closed connection without response'))
2025-08-20 07:22:58,596 - WARNING - ⚠️ 300090 盛运退 K线更新失败: ('Connection aborted.', RemoteDisconnected('Remote end closed connection without response'))
2025-08-20 07:22:58,826 - WARNING - ⚠️ 300091 金通灵 K线更新失败: ('Connection aborted.', RemoteDisconnected('Remote end closed connection without response'))
2025-08-20 07:22:59,055 - WARNING - ⚠️ 300092 科新机电 K线更新失败: ('Connection aborted.', RemoteDisconnected('Remote end closed connection without response'))
2025-08-20 07:22:59,279 - WARNING - ⚠️ 300093 *ST金刚 K线更新失败: ('Connection aborted.', RemoteDisconnected('Remote end closed connection without response'))
2025-08-20 07:22:59,522 - WARNING - ⚠️ 300094 国联水产 K线更新失败: ('Connection aborted.', RemoteDisconnected('Remote end closed connection without response'))
2025-08-20 07:22:59,763 - WARNING - ⚠️ 300095 华伍股份 K线更新失败: ('Connection aborted.', RemoteDisconnected('Remote end closed connection without response'))
2025-08-20 07:22:59,994 - WARNING - ⚠️ 300096 ST易联众 K线更新失败: ('Connection aborted.', RemoteDisconnected('Remote end closed connection without response'))
2025-08-20 07:23:00,218 - WARNING - ⚠️ 300097 ST智云 K线更新失败: ('Connection aborted.', RemoteDisconnected('Remote end closed connection without response'))
2025-08-20 07:23:00,457 - WARNING - ⚠️ 300098 高新兴 K线更新失败: ('Connection aborted.', RemoteDisconnected('Remote end closed connection without response'))
2025-08-20 07:23:00,680 - WARNING - ⚠️ 300099 尤洛卡 K线更新失败: ('Connection aborted.', RemoteDisconnected('Remote end closed connection without response'))
2025-08-20 07:23:00,904 - WARNING - ⚠️ 300100 双林股份 K线更新失败: ('Connection aborted.', RemoteDisconnected('Remote end closed connection without response'))
2025-08-20 07:23:01,139 - WARNING - ⚠️ 300101 振芯科技 K线更新失败: ('Connection aborted.', RemoteDisconnected('Remote end closed connection without response'))
2025-08-20 07:23:01,368 - WARNING - ⚠️ 300102 乾照光电 K线更新失败: ('Connection aborted.', RemoteDisconnected('Remote end closed connection without response'))
2025-08-20 07:23:01,594 - WARNING - ⚠️ 300103 达刚控股 K线更新失败: ('Connection aborted.', RemoteDisconnected('Remote end closed connection without response'))
2025-08-20 07:23:01,820 - WARNING - ⚠️ 300104 乐视退 K线更新失败: ('Connection aborted.', RemoteDisconnected('Remote end closed connection without response'))
2025-08-20 07:23:02,058 - WARNING - ⚠️ 300105 龙源技术 K线更新失败: ('Connection aborted.', RemoteDisconnected('Remote end closed connection without response'))
2025-08-20 07:23:02,284 - WARNING - ⚠️ 300106 西部牧业 K线更新失败: ('Connection aborted.', RemoteDisconnected('Remote end closed connection without response'))
2025-08-20 07:23:02,521 - WARNING - ⚠️ 300107 建新股份 K线更新失败: ('Connection aborted.', RemoteDisconnected('Remote end closed connection without response'))
2025-08-20 07:23:02,755 - WARNING - ⚠️ 300108 *ST吉药 K线更新失败: ('Connection aborted.', RemoteDisconnected('Remote end closed connection without response'))
2025-08-20 07:23:02,994 - WARNING - ⚠️ 300109 新开源 K线更新失败: ('Connection aborted.', RemoteDisconnected('Remote end closed connection without response'))
2025-08-20 07:23:03,226 - WARNING - ⚠️ 300110 华仁药业 K线更新失败: ('Connection aborted.', RemoteDisconnected('Remote end closed connection without response'))
2025-08-20 07:23:03,464 - WARNING - ⚠️ 300111 向日葵 K线更新失败: ('Connection aborted.', RemoteDisconnected('Remote end closed connection without response'))
2025-08-20 07:23:03,687 - WARNING - ⚠️ 300112 万讯自控 K线更新失败: ('Connection aborted.', RemoteDisconnected('Remote end closed connection without response'))
2025-08-20 07:23:03,925 - WARNING - ⚠️ 300113 顺网科技 K线更新失败: ('Connection aborted.', RemoteDisconnected('Remote end closed connection without response'))
2025-08-20 07:23:04,165 - WARNING - ⚠️ 300115 长盈精密 K线更新失败: ('Connection aborted.', RemoteDisconnected('Remote end closed connection without response'))
2025-08-20 07:23:04,419 - WARNING - ⚠️ 300116 *ST保力 K线更新失败: ('Connection aborted.', RemoteDisconnected('Remote end closed connection without response'))
2025-08-20 07:23:04,657 - WARNING - ⚠️ 300117 *ST嘉寓 K线更新失败: ('Connection aborted.', RemoteDisconnected('Remote end closed connection without response'))
2025-08-20 07:23:04,895 - WARNING - ⚠️ 300118 东方日升 K线更新失败: ('Connection aborted.', RemoteDisconnected('Remote end closed connection without response'))
2025-08-20 07:23:05,127 - WARNING - ⚠️ 300119 瑞普生物 K线更新失败: ('Connection aborted.', RemoteDisconnected('Remote end closed connection without response'))
2025-08-20 07:23:05,374 - WARNING - ⚠️ 300120 经纬辉开 K线更新失败: ('Connection aborted.', RemoteDisconnected('Remote end closed connection without response'))
2025-08-20 07:23:05,597 - WARNING - ⚠️ 300121 阳谷华泰 K线更新失败: ('Connection aborted.', RemoteDisconnected('Remote end closed connection without response'))
2025-08-20 07:23:05,825 - WARNING - ⚠️ 300122 智飞生物 K线更新失败: ('Connection aborted.', RemoteDisconnected('Remote end closed connection without response'))
2025-08-20 07:23:06,054 - WARNING - ⚠️ 300123 亚光科技 K线更新失败: ('Connection aborted.', RemoteDisconnected('Remote end closed connection without response'))
2025-08-20 07:23:06,303 - WARNING - ⚠️ 300124 汇川技术 K线更新失败: ('Connection aborted.', RemoteDisconnected('Remote end closed connection without response'))
2025-08-20 07:23:06,528 - WARNING - ⚠️ 300125 *ST聆达 K线更新失败: ('Connection aborted.', RemoteDisconnected('Remote end closed connection without response'))
2025-08-20 07:23:06,761 - WARNING - ⚠️ 300126 锐奇股份 K线更新失败: ('Connection aborted.', RemoteDisconnected('Remote end closed connection without response'))
2025-08-20 07:23:06,992 - WARNING - ⚠️ 300127 银河磁体 K线更新失败: ('Connection aborted.', RemoteDisconnected('Remote end closed connection without response'))
2025-08-20 07:23:07,223 - WARNING - ⚠️ 300128 锦富技术 K线更新失败: ('Connection aborted.', RemoteDisconnected('Remote end closed connection without response'))
2025-08-20 07:23:07,455 - WARNING - ⚠️ 300129 泰胜风能 K线更新失败: ('Connection aborted.', RemoteDisconnected('Remote end closed connection without response'))
2025-08-20 07:23:07,695 - WARNING - ⚠️ 300130 新国都 K线更新失败: ('Connection aborted.', RemoteDisconnected('Remote end closed connection without response'))
2025-08-20 07:23:07,918 - WARNING - ⚠️ 300131 英唐智控 K线更新失败: ('Connection aborted.', RemoteDisconnected('Remote end closed connection without response'))
2025-08-20 07:23:08,155 - WARNING - ⚠️ 300132 青松股份 K线更新失败: ('Connection aborted.', RemoteDisconnected('Remote end closed connection without response'))
2025-08-20 07:23:08,395 - WARNING - ⚠️ 300133 华策影视 K线更新失败: ('Connection aborted.', RemoteDisconnected('Remote end closed connection without response'))
2025-08-20 07:23:08,639 - WARNING - ⚠️ 300134 大富科技 K线更新失败: ('Connection aborted.', RemoteDisconnected('Remote end closed connection without response'))
2025-08-20 07:23:08,864 - WARNING - ⚠️ 300135 宝利国际 K线更新失败: ('Connection aborted.', RemoteDisconnected('Remote end closed connection without response'))
2025-08-20 07:23:09,100 - WARNING - ⚠️ 300136 信维通信 K线更新失败: ('Connection aborted.', RemoteDisconnected('Remote end closed connection without response'))
2025-08-20 07:23:09,329 - WARNING - ⚠️ 300137 ST先河 K线更新失败: ('Connection aborted.', RemoteDisconnected('Remote end closed connection without response'))
2025-08-20 07:23:09,551 - WARNING - ⚠️ 300138 晨光生物 K线更新失败: ('Connection aborted.', RemoteDisconnected('Remote end closed connection without response'))
2025-08-20 07:23:09,796 - WARNING - ⚠️ 300139 晓程科技 K线更新失败: ('Connection aborted.', RemoteDisconnected('Remote end closed connection without response'))
2025-08-20 07:23:10,030 - WARNING - ⚠️ 300140 节能环境 K线更新失败: ('Connection aborted.', RemoteDisconnected('Remote end closed connection without response'))
2025-08-20 07:23:10,250 - WARNING - ⚠️ 300141 和顺电气 K线更新失败: ('Connection aborted.', RemoteDisconnected('Remote end closed connection without response'))
2025-08-20 07:23:10,492 - WARNING - ⚠️ 300142 沃森生物 K线更新失败: ('Connection aborted.', RemoteDisconnected('Remote end closed connection without response'))
2025-08-20 07:23:10,722 - WARNING - ⚠️ 300143 盈康生命 K线更新失败: ('Connection aborted.', RemoteDisconnected('Remote end closed connection without response'))
2025-08-20 07:23:10,960 - WARNING - ⚠️ 300144 宋城演艺 K线更新失败: ('Connection aborted.', RemoteDisconnected('Remote end closed connection without response'))
2025-08-20 07:23:11,201 - WARNING - ⚠️ 300145 南方泵业 K线更新失败: ('Connection aborted.', RemoteDisconnected('Remote end closed connection without response'))
2025-08-20 07:23:11,423 - WARNING - ⚠️ 300146 汤臣倍健 K线更新失败: ('Connection aborted.', RemoteDisconnected('Remote end closed connection without response'))
2025-08-20 07:23:11,660 - WARNING - ⚠️ 300147 ST香雪 K线更新失败: ('Connection aborted.', RemoteDisconnected('Remote end closed connection without response'))
2025-08-20 07:23:11,882 - WARNING - ⚠️ 300148 天舟文化 K线更新失败: ('Connection aborted.', RemoteDisconnected('Remote end closed connection without response'))
2025-08-20 07:23:12,128 - WARNING - ⚠️ 300149 睿智医药 K线更新失败: ('Connection aborted.', RemoteDisconnected('Remote end closed connection without response'))
2025-08-20 07:23:12,371 - WARNING - ⚠️ 300150 世纪瑞尔 K线更新失败: ('Connection aborted.', RemoteDisconnected('Remote end closed connection without response'))
2025-08-20 07:23:12,617 - WARNING - ⚠️ 300151 昌红科技 K线更新失败: ('Connection aborted.', RemoteDisconnected('Remote end closed connection without response'))
2025-08-20 07:23:12,843 - WARNING - ⚠️ 300152 ST新动力 K线更新失败: ('Connection aborted.', RemoteDisconnected('Remote end closed connection without response'))
2025-08-20 07:23:13,081 - WARNING - ⚠️ 300153 科泰电源 K线更新失败: ('Connection aborted.', RemoteDisconnected('Remote end closed connection without response'))
2025-08-20 07:23:13,312 - WARNING - ⚠️ 300154 瑞凌股份 K线更新失败: ('Connection aborted.', RemoteDisconnected('Remote end closed connection without response'))
2025-08-20 07:23:13,556 - WARNING - ⚠️ 300155 安居宝 K线更新失败: ('Connection aborted.', RemoteDisconnected('Remote end closed connection without response'))
2025-08-20 07:23:13,786 - WARNING - ⚠️ 300156 神雾退 K线更新失败: ('Connection aborted.', RemoteDisconnected('Remote end closed connection without response'))
2025-08-20 07:23:14,014 - WARNING - ⚠️ 300157 新锦动力 K线更新失败: ('Connection aborted.', RemoteDisconnected('Remote end closed connection without response'))
2025-08-20 07:23:14,248 - WARNING - ⚠️ 300158 振东制药 K线更新失败: ('Connection aborted.', RemoteDisconnected('Remote end closed connection without response'))
2025-08-20 07:23:14,484 - WARNING - ⚠️ 300159 *ST新研 K线更新失败: ('Connection aborted.', RemoteDisconnected('Remote end closed connection without response'))
2025-08-20 07:23:14,712 - WARNING - ⚠️ 300160 秀强股份 K线更新失败: ('Connection aborted.', RemoteDisconnected('Remote end closed connection without response'))
2025-08-20 07:23:14,940 - WARNING - ⚠️ 300161 华中数控 K线更新失败: ('Connection aborted.', RemoteDisconnected('Remote end closed connection without response'))
2025-08-20 07:23:15,169 - WARNING - ⚠️ 300162 雷曼光电 K线更新失败: ('Connection aborted.', RemoteDisconnected('Remote end closed connection without response'))
2025-08-20 07:23:15,392 - WARNING - ⚠️ 300163 先锋新材 K线更新失败: ('Connection aborted.', RemoteDisconnected('Remote end closed connection without response'))
2025-08-20 07:23:15,634 - WARNING - ⚠️ 300164 通源石油 K线更新失败: ('Connection aborted.', RemoteDisconnected('Remote end closed connection without response'))
2025-08-20 07:23:15,863 - WARNING - ⚠️ 300165 ST天瑞 K线更新失败: ('Connection aborted.', RemoteDisconnected('Remote end closed connection without response'))
2025-08-20 07:23:16,091 - WARNING - ⚠️ 300166 东方国信 K线更新失败: ('Connection aborted.', RemoteDisconnected('Remote end closed connection without response'))
2025-08-20 07:23:16,330 - WARNING - ⚠️ 300167 ST迪威迅 K线更新失败: ('Connection aborted.', RemoteDisconnected('Remote end closed connection without response'))
2025-08-20 07:23:16,569 - WARNING - ⚠️ 300168 万达信息 K线更新失败: ('Connection aborted.', RemoteDisconnected('Remote end closed connection without response'))
2025-08-20 07:23:16,887 - WARNING - ⚠️ 300169 天晟新材 K线更新失败: ('Connection aborted.', RemoteDisconnected('Remote end closed connection without response'))
2025-08-20 07:23:17,115 - WARNING - ⚠️ 300170 汉得信息 K线更新失败: ('Connection aborted.', RemoteDisconnected('Remote end closed connection without response'))
2025-08-20 07:23:17,341 - WARNING - ⚠️ 300171 东富龙 K线更新失败: ('Connection aborted.', RemoteDisconnected('Remote end closed connection without response'))
2025-08-20 07:23:17,570 - WARNING - ⚠️ 300172 中电环保 K线更新失败: ('Connection aborted.', RemoteDisconnected('Remote end closed connection without response'))
2025-08-20 07:23:17,800 - WARNING - ⚠️ 300173 福能东方 K线更新失败: ('Connection aborted.', RemoteDisconnected('Remote end closed connection without response'))
2025-08-20 07:23:18,036 - WARNING - ⚠️ 300174 元力股份 K线更新失败: ('Connection aborted.', RemoteDisconnected('Remote end closed connection without response'))
2025-08-20 07:23:18,265 - WARNING - ⚠️ 300175 ST朗源 K线更新失败: ('Connection aborted.', RemoteDisconnected('Remote end closed connection without response'))
2025-08-20 07:23:18,508 - WARNING - ⚠️ 300176 鸿特科技 K线更新失败: ('Connection aborted.', RemoteDisconnected('Remote end closed connection without response'))
2025-08-20 07:23:18,736 - WARNING - ⚠️ 300177 中海达 K线更新失败: ('Connection aborted.', RemoteDisconnected('Remote end closed connection without response'))
2025-08-20 07:23:18,962 - WARNING - ⚠️ 300178 腾邦退 K线更新失败: ('Connection aborted.', RemoteDisconnected('Remote end closed connection without response'))
2025-08-20 07:23:19,182 - WARNING - ⚠️ 300179 四方达 K线更新失败: ('Connection aborted.', RemoteDisconnected('Remote end closed connection without response'))
2025-08-20 07:23:19,420 - WARNING - ⚠️ 300180 华峰超纤 K线更新失败: ('Connection aborted.', RemoteDisconnected('Remote end closed connection without response'))
2025-08-20 07:23:19,641 - WARNING - ⚠️ 300181 佐力药业 K线更新失败: ('Connection aborted.', RemoteDisconnected('Remote end closed connection without response'))
2025-08-20 07:23:19,879 - WARNING - ⚠️ 300182 捷成股份 K线更新失败: ('Connection aborted.', RemoteDisconnected('Remote end closed connection without response'))
2025-08-20 07:23:20,110 - WARNING - ⚠️ 300183 东软载波 K线更新失败: ('Connection aborted.', RemoteDisconnected('Remote end closed connection without response'))
2025-08-20 07:23:20,343 - WARNING - ⚠️ 300184 力源信息 K线更新失败: ('Connection aborted.', RemoteDisconnected('Remote end closed connection without response'))
2025-08-20 07:23:20,573 - WARNING - ⚠️ 300185 通裕重工 K线更新失败: ('Connection aborted.', RemoteDisconnected('Remote end closed connection without response'))
2025-08-20 07:23:20,802 - WARNING - ⚠️ 300186 大华农 K线更新失败: ('Connection aborted.', RemoteDisconnected('Remote end closed connection without response'))
2025-08-20 07:23:21,035 - WARNING - ⚠️ 300187 永清环保 K线更新失败: ('Connection aborted.', RemoteDisconnected('Remote end closed connection without response'))
2025-08-20 07:23:21,270 - WARNING - ⚠️ 300188 国投智能 K线更新失败: ('Connection aborted.', RemoteDisconnected('Remote end closed connection without response'))
2025-08-20 07:23:21,511 - WARNING - ⚠️ 300189 神农种业 K线更新失败: ('Connection aborted.', RemoteDisconnected('Remote end closed connection without response'))
2025-08-20 07:23:21,736 - WARNING - ⚠️ 300190 维尔利 K线更新失败: ('Connection aborted.', RemoteDisconnected('Remote end closed connection without response'))
2025-08-20 07:23:21,973 - WARNING - ⚠️ 300191 潜能恒信 K线更新失败: ('Connection aborted.', RemoteDisconnected('Remote end closed connection without response'))
2025-08-20 07:23:22,210 - WARNING - ⚠️ 300192 科德教育 K线更新失败: ('Connection aborted.', RemoteDisconnected('Remote end closed connection without response'))
2025-08-20 07:23:22,441 - WARNING - ⚠️ 300193 佳士科技 K线更新失败: ('Connection aborted.', RemoteDisconnected('Remote end closed connection without response'))
2025-08-20 07:23:22,665 - WARNING - ⚠️ 300194 福安药业 K线更新失败: ('Connection aborted.', RemoteDisconnected('Remote end closed connection without response'))
2025-08-20 07:23:22,908 - WARNING - ⚠️ 300195 长荣股份 K线更新失败: ('Connection aborted.', RemoteDisconnected('Remote end closed connection without response'))
2025-08-20 07:23:23,155 - WARNING - ⚠️ 300196 长海股份 K线更新失败: ('Connection aborted.', RemoteDisconnected('Remote end closed connection without response'))
2025-08-20 07:23:23,393 - WARNING - ⚠️ 300197 节能铁汉 K线更新失败: ('Connection aborted.', RemoteDisconnected('Remote end closed connection without response'))
2025-08-20 07:23:23,629 - WARNING - ⚠️ 300198 ST纳川 K线更新失败: ('Connection aborted.', RemoteDisconnected('Remote end closed connection without response'))
2025-08-20 07:23:23,868 - WARNING - ⚠️ 300199 翰宇药业 K线更新失败: ('Connection aborted.', RemoteDisconnected('Remote end closed connection without response'))
2025-08-20 07:23:24,103 - WARNING - ⚠️ 300200 高盟新材 K线更新失败: ('Connection aborted.', RemoteDisconnected('Remote end closed connection without response'))
2025-08-20 07:23:24,331 - WARNING - ⚠️ 300201 海伦哲 K线更新失败: ('Connection aborted.', RemoteDisconnected('Remote end closed connection without response'))
2025-08-20 07:23:24,580 - WARNING - ⚠️ 300202 聚龙退 K线更新失败: ('Connection aborted.', RemoteDisconnected('Remote end closed connection without response'))
2025-08-20 07:23:24,810 - WARNING - ⚠️ 300203 聚光科技 K线更新失败: ('Connection aborted.', RemoteDisconnected('Remote end closed connection without response'))
2025-08-20 07:23:25,051 - WARNING - ⚠️ 300204 舒泰神 K线更新失败: ('Connection aborted.', RemoteDisconnected('Remote end closed connection without response'))
2025-08-20 07:23:25,282 - WARNING - ⚠️ 300205 *ST天喻 K线更新失败: ('Connection aborted.', RemoteDisconnected('Remote end closed connection without response'))
2025-08-20 07:23:25,519 - WARNING - ⚠️ 300206 理邦仪器 K线更新失败: ('Connection aborted.', RemoteDisconnected('Remote end closed connection without response'))
2025-08-20 07:23:25,752 - WARNING - ⚠️ 300207 欣旺达 K线更新失败: ('Connection aborted.', RemoteDisconnected('Remote end closed connection without response'))
2025-08-20 07:23:25,984 - WARNING - ⚠️ 300208 中程退 K线更新失败: ('Connection aborted.', RemoteDisconnected('Remote end closed connection without response'))
2025-08-20 07:23:26,223 - WARNING - ⚠️ 300209 有棵树 K线更新失败: ('Connection aborted.', RemoteDisconnected('Remote end closed connection without response'))
2025-08-20 07:23:26,468 - WARNING - ⚠️ 300210 森远股份 K线更新失败: ('Connection aborted.', RemoteDisconnected('Remote end closed connection without response'))
2025-08-20 07:23:26,697 - WARNING - ⚠️ 300211 *ST亿通 K线更新失败: ('Connection aborted.', RemoteDisconnected('Remote end closed connection without response'))
2025-08-20 07:23:26,936 - WARNING - ⚠️ 300212 易华录 K线更新失败: ('Connection aborted.', RemoteDisconnected('Remote end closed connection without response'))
2025-08-20 07:23:27,178 - WARNING - ⚠️ 300213 佳讯飞鸿 K线更新失败: ('Connection aborted.', RemoteDisconnected('Remote end closed connection without response'))
2025-08-20 07:23:27,424 - WARNING - ⚠️ 300214 日科化学 K线更新失败: ('Connection aborted.', RemoteDisconnected('Remote end closed connection without response'))
2025-08-20 07:23:27,658 - WARNING - ⚠️ 300215 电科院 K线更新失败: ('Connection aborted.', RemoteDisconnected('Remote end closed connection without response'))
2025-08-20 07:23:27,886 - WARNING - ⚠️ 300216 千山退 K线更新失败: ('Connection aborted.', RemoteDisconnected('Remote end closed connection without response'))
2025-08-20 07:23:28,120 - WARNING - ⚠️ 300217 东方电热 K线更新失败: ('Connection aborted.', RemoteDisconnected('Remote end closed connection without response'))
2025-08-20 07:23:28,363 - WARNING - ⚠️ 300218 安利股份 K线更新失败: ('Connection aborted.', RemoteDisconnected('Remote end closed connection without response'))
2025-08-20 07:23:28,616 - WARNING - ⚠️ 300219 鸿利智汇 K线更新失败: ('Connection aborted.', RemoteDisconnected('Remote end closed connection without response'))
2025-08-20 07:23:28,856 - WARNING - ⚠️ 300220 金运激光 K线更新失败: ('Connection aborted.', RemoteDisconnected('Remote end closed connection without response'))
2025-08-20 07:23:29,104 - WARNING - ⚠️ 300221 银禧科技 K线更新失败: ('Connection aborted.', RemoteDisconnected('Remote end closed connection without response'))
2025-08-20 07:23:29,341 - WARNING - ⚠️ 300222 科大智能 K线更新失败: ('Connection aborted.', RemoteDisconnected('Remote end closed connection without response'))
2025-08-20 07:23:29,560 - WARNING - ⚠️ 300223 北京君正 K线更新失败: ('Connection aborted.', RemoteDisconnected('Remote end closed connection without response'))
2025-08-20 07:23:29,799 - WARNING - ⚠️ 300224 正海磁材 K线更新失败: ('Connection aborted.', RemoteDisconnected('Remote end closed connection without response'))
2025-08-20 07:23:30,044 - WARNING - ⚠️ 300225 *ST金泰 K线更新失败: ('Connection aborted.', RemoteDisconnected('Remote end closed connection without response'))
2025-08-20 07:23:30,277 - WARNING - ⚠️ 300226 上海钢联 K线更新失败: ('Connection aborted.', RemoteDisconnected('Remote end closed connection without response'))
2025-08-20 07:23:30,514 - WARNING - ⚠️ 300227 光韵达 K线更新失败: ('Connection aborted.', RemoteDisconnected('Remote end closed connection without response'))
2025-08-20 07:23:30,775 - WARNING - ⚠️ 300228 富瑞特装 K线更新失败: ('Connection aborted.', RemoteDisconnected('Remote end closed connection without response'))
2025-08-20 07:23:31,004 - WARNING - ⚠️ 300229 拓尔思 K线更新失败: ('Connection aborted.', RemoteDisconnected('Remote end closed connection without response'))
2025-08-20 07:23:31,235 - WARNING - ⚠️ 300230 永利股份 K线更新失败: ('Connection aborted.', RemoteDisconnected('Remote end closed connection without response'))
2025-08-20 07:23:31,470 - WARNING - ⚠️ 300231 银信科技 K线更新失败: ('Connection aborted.', RemoteDisconnected('Remote end closed connection without response'))
2025-08-20 07:23:31,712 - WARNING - ⚠️ 300232 洲明科技 K线更新失败: ('Connection aborted.', RemoteDisconnected('Remote end closed connection without response'))
2025-08-20 07:23:31,943 - WARNING - ⚠️ 300233 金城医药 K线更新失败: ('Connection aborted.', RemoteDisconnected('Remote end closed connection without response'))
2025-08-20 07:23:32,156 - WARNING - ⚠️ 300234 开尔新材 K线更新失败: ('Connection aborted.', RemoteDisconnected('Remote end closed connection without response'))
2025-08-20 07:23:32,391 - WARNING - ⚠️ 300235 方直科技 K线更新失败: ('Connection aborted.', RemoteDisconnected('Remote end closed connection without response'))
2025-08-20 07:23:32,628 - WARNING - ⚠️ 300236 上海新阳 K线更新失败: ('Connection aborted.', RemoteDisconnected('Remote end closed connection without response'))
2025-08-20 07:23:32,852 - WARNING - ⚠️ 300237 美晨科技 K线更新失败: ('Connection aborted.', RemoteDisconnected('Remote end closed connection without response'))
2025-08-20 07:23:33,088 - WARNING - ⚠️ 300238 冠昊生物 K线更新失败: ('Connection aborted.', RemoteDisconnected('Remote end closed connection without response'))
2025-08-20 07:23:33,309 - WARNING - ⚠️ 300239 东宝生物 K线更新失败: ('Connection aborted.', RemoteDisconnected('Remote end closed connection without response'))
2025-08-20 07:23:33,535 - WARNING - ⚠️ 300240 飞力达 K线更新失败: ('Connection aborted.', RemoteDisconnected('Remote end closed connection without response'))
2025-08-20 07:23:33,778 - WARNING - ⚠️ 300241 瑞丰光电 K线更新失败: ('Connection aborted.', RemoteDisconnected('Remote end closed connection without response'))
2025-08-20 07:23:34,005 - WARNING - ⚠️ 300242 佳云科技 K线更新失败: ('Connection aborted.', RemoteDisconnected('Remote end closed connection without response'))
2025-08-20 07:23:34,252 - WARNING - ⚠️ 300243 瑞丰高材 K线更新失败: ('Connection aborted.', RemoteDisconnected('Remote end closed connection without response'))
2025-08-20 07:23:34,470 - WARNING - ⚠️ 300244 迪安诊断 K线更新失败: ('Connection aborted.', RemoteDisconnected('Remote end closed connection without response'))
2025-08-20 07:23:34,688 - WARNING - ⚠️ 300245 天玑科技 K线更新失败: ('Connection aborted.', RemoteDisconnected('Remote end closed connection without response'))
2025-08-20 07:23:34,917 - WARNING - ⚠️ 300246 宝莱特 K线更新失败: ('Connection aborted.', RemoteDisconnected('Remote end closed connection without response'))
2025-08-20 07:23:35,138 - WARNING - ⚠️ 300247 融捷健康 K线更新失败: ('Connection aborted.', RemoteDisconnected('Remote end closed connection without response'))
2025-08-20 07:23:35,377 - WARNING - ⚠️ 300248 新开普 K线更新失败: ('Connection aborted.', RemoteDisconnected('Remote end closed connection without response'))
2025-08-20 07:23:35,603 - WARNING - ⚠️ 300249 依米康 K线更新失败: ('Connection aborted.', RemoteDisconnected('Remote end closed connection without response'))
2025-08-20 07:23:35,847 - WARNING - ⚠️ 300250 初灵信息 K线更新失败: ('Connection aborted.', RemoteDisconnected('Remote end closed connection without response'))
2025-08-20 07:23:36,083 - WARNING - ⚠️ 300251 光线传媒 K线更新失败: ('Connection aborted.', RemoteDisconnected('Remote end closed connection without response'))
2025-08-20 07:23:36,312 - WARNING - ⚠️ 300252 金信诺 K线更新失败: ('Connection aborted.', RemoteDisconnected('Remote end closed connection without response'))
2025-08-20 07:23:36,546 - WARNING - ⚠️ 300253 卫宁健康 K线更新失败: ('Connection aborted.', RemoteDisconnected('Remote end closed connection without response'))
2025-08-20 07:23:36,786 - WARNING - ⚠️ 300254 仟源医药 K线更新失败: ('Connection aborted.', RemoteDisconnected('Remote end closed connection without response'))
2025-08-20 07:23:37,020 - WARNING - ⚠️ 300255 常山药业 K线更新失败: ('Connection aborted.', RemoteDisconnected('Remote end closed connection without response'))
2025-08-20 07:23:37,243 - WARNING - ⚠️ 300256 星星科技 K线更新失败: ('Connection aborted.', RemoteDisconnected('Remote end closed connection without response'))
2025-08-20 07:23:37,469 - WARNING - ⚠️ 300257 开山股份 K线更新失败: ('Connection aborted.', RemoteDisconnected('Remote end closed connection without response'))
2025-08-20 07:23:37,705 - WARNING - ⚠️ 300258 精锻科技 K线更新失败: ('Connection aborted.', RemoteDisconnected('Remote end closed connection without response'))
2025-08-20 07:23:37,938 - WARNING - ⚠️ 300259 新天科技 K线更新失败: ('Connection aborted.', RemoteDisconnected('Remote end closed connection without response'))
2025-08-20 07:23:38,243 - WARNING - ⚠️ 300260 新莱应材 K线更新失败: ('Connection aborted.', RemoteDisconnected('Remote end closed connection without response'))
2025-08-20 07:23:38,477 - WARNING - ⚠️ 300261 雅本化学 K线更新失败: ('Connection aborted.', RemoteDisconnected('Remote end closed connection without response'))
2025-08-20 07:23:38,710 - WARNING - ⚠️ 300262 *ST巴安 K线更新失败: ('Connection aborted.', RemoteDisconnected('Remote end closed connection without response'))
2025-08-20 07:23:38,957 - WARNING - ⚠️ 300263 隆华科技 K线更新失败: ('Connection aborted.', RemoteDisconnected('Remote end closed connection without response'))
2025-08-20 07:23:39,198 - WARNING - ⚠️ 300264 佳创视讯 K线更新失败: ('Connection aborted.', RemoteDisconnected('Remote end closed connection without response'))
2025-08-20 07:23:39,442 - WARNING - ⚠️ 300265 通光线缆 K线更新失败: ('Connection aborted.', RemoteDisconnected('Remote end closed connection without response'))
2025-08-20 07:23:39,669 - WARNING - ⚠️ 300266 兴源环境 K线更新失败: ('Connection aborted.', RemoteDisconnected('Remote end closed connection without response'))
2025-08-20 07:23:39,908 - WARNING - ⚠️ 300267 尔康制药 K线更新失败: ('Connection aborted.', RemoteDisconnected('Remote end closed connection without response'))
2025-08-20 07:23:40,132 - WARNING - ⚠️ 300268 *ST佳沃 K线更新失败: ('Connection aborted.', RemoteDisconnected('Remote end closed connection without response'))
2025-08-20 07:23:40,370 - WARNING - ⚠️ 300269 联建光电 K线更新失败: ('Connection aborted.', RemoteDisconnected('Remote end closed connection without response'))
2025-08-20 07:23:40,596 - WARNING - ⚠️ 300270 中威电子 K线更新失败: ('Connection aborted.', RemoteDisconnected('Remote end closed connection without response'))
2025-08-20 07:23:40,832 - WARNING - ⚠️ 300271 华宇软件 K线更新失败: ('Connection aborted.', RemoteDisconnected('Remote end closed connection without response'))
2025-08-20 07:23:41,088 - WARNING - ⚠️ 300272 开能健康 K线更新失败: ('Connection aborted.', RemoteDisconnected('Remote end closed connection without response'))
2025-08-20 07:23:41,332 - WARNING - ⚠️ 300273 和佳退 K线更新失败: ('Connection aborted.', RemoteDisconnected('Remote end closed connection without response'))
2025-08-20 07:23:41,563 - WARNING - ⚠️ 300274 阳光电源 K线更新失败: ('Connection aborted.', RemoteDisconnected('Remote end closed connection without response'))
2025-08-20 07:23:41,795 - WARNING - ⚠️ 300275 梅安森 K线更新失败: ('Connection aborted.', RemoteDisconnected('Remote end closed connection without response'))
2025-08-20 07:23:42,037 - WARNING - ⚠️ 300276 三丰智能 K线更新失败: ('Connection aborted.', RemoteDisconnected('Remote end closed connection without response'))
2025-08-20 07:23:42,286 - WARNING - ⚠️ 300277 海联讯 K线更新失败: ('Connection aborted.', RemoteDisconnected('Remote end closed connection without response'))
2025-08-20 07:23:42,507 - WARNING - ⚠️ 300278 华昌达 K线更新失败: ('Connection aborted.', RemoteDisconnected('Remote end closed connection without response'))
2025-08-20 07:23:42,745 - WARNING - ⚠️ 300279 和晶科技 K线更新失败: ('Connection aborted.', RemoteDisconnected('Remote end closed connection without response'))
2025-08-20 07:23:42,967 - WARNING - ⚠️ 300280 *ST紫天 K线更新失败: ('Connection aborted.', RemoteDisconnected('Remote end closed connection without response'))
2025-08-20 07:23:43,193 - WARNING - ⚠️ 300281 金明精机 K线更新失败: ('Connection aborted.', RemoteDisconnected('Remote end closed connection without response'))
2025-08-20 07:23:43,434 - WARNING - ⚠️ 300282 三盛退 K线更新失败: ('Connection aborted.', RemoteDisconnected('Remote end closed connection without response'))
2025-08-20 07:23:43,673 - WARNING - ⚠️ 300283 温州宏丰 K线更新失败: ('Connection aborted.', RemoteDisconnected('Remote end closed connection without response'))
2025-08-20 07:23:43,914 - WARNING - ⚠️ 300284 苏交科 K线更新失败: ('Connection aborted.', RemoteDisconnected('Remote end closed connection without response'))
2025-08-20 07:23:44,136 - WARNING - ⚠️ 300285 国瓷材料 K线更新失败: ('Connection aborted.', RemoteDisconnected('Remote end closed connection without response'))
2025-08-20 07:23:44,374 - WARNING - ⚠️ 300286 安科瑞 K线更新失败: ('Connection aborted.', RemoteDisconnected('Remote end closed connection without response'))
2025-08-20 07:23:44,611 - WARNING - ⚠️ 300287 飞利信 K线更新失败: ('Connection aborted.', RemoteDisconnected('Remote end closed connection without response'))
2025-08-20 07:23:44,847 - WARNING - ⚠️ 300288 朗玛信息 K线更新失败: ('Connection aborted.', RemoteDisconnected('Remote end closed connection without response'))
2025-08-20 07:23:45,077 - WARNING - ⚠️ 300289 利德曼 K线更新失败: ('Connection aborted.', RemoteDisconnected('Remote end closed connection without response'))
2025-08-20 07:23:45,305 - WARNING - ⚠️ 300290 荣科科技 K线更新失败: ('Connection aborted.', RemoteDisconnected('Remote end closed connection without response'))
2025-08-20 07:23:45,532 - WARNING - ⚠️ 300291 百纳千成 K线更新失败: ('Connection aborted.', RemoteDisconnected('Remote end closed connection without response'))
2025-08-20 07:23:45,767 - WARNING - ⚠️ 300292 吴通控股 K线更新失败: ('Connection aborted.', RemoteDisconnected('Remote end closed connection without response'))
2025-08-20 07:23:45,989 - WARNING - ⚠️ 300293 蓝英装备 K线更新失败: ('Connection aborted.', RemoteDisconnected('Remote end closed connection without response'))
2025-08-20 07:23:46,222 - WARNING - ⚠️ 300294 博雅生物 K线更新失败: ('Connection aborted.', RemoteDisconnected('Remote end closed connection without response'))
2025-08-20 07:23:46,466 - WARNING - ⚠️ 300295 三六五网 K线更新失败: ('Connection aborted.', RemoteDisconnected('Remote end closed connection without response'))
2025-08-20 07:23:46,699 - WARNING - ⚠️ 300296 利亚德 K线更新失败: ('Connection aborted.', RemoteDisconnected('Remote end closed connection without response'))
2025-08-20 07:23:46,942 - WARNING - ⚠️ 300297 蓝盾退 K线更新失败: ('Connection aborted.', RemoteDisconnected('Remote end closed connection without response'))
2025-08-20 07:23:47,183 - WARNING - ⚠️ 300298 三诺生物 K线更新失败: ('Connection aborted.', RemoteDisconnected('Remote end closed connection without response'))
2025-08-20 07:23:47,404 - WARNING - ⚠️ 300299 富春股份 K线更新失败: ('Connection aborted.', RemoteDisconnected('Remote end closed connection without response'))
2025-08-20 07:23:47,645 - WARNING - ⚠️ 300300 海峡创新 K线更新失败: ('Connection aborted.', RemoteDisconnected('Remote end closed connection without response'))
2025-08-20 07:23:47,867 - WARNING - ⚠️ 300301 ST长方 K线更新失败: ('Connection aborted.', RemoteDisconnected('Remote end closed connection without response'))
2025-08-20 07:23:48,112 - WARNING - ⚠️ 300302 同有科技 K线更新失败: ('Connection aborted.', RemoteDisconnected('Remote end closed connection without response'))
2025-08-20 07:23:48,359 - WARNING - ⚠️ 300303 聚飞光电 K线更新失败: ('Connection aborted.', RemoteDisconnected('Remote end closed connection without response'))
2025-08-20 07:23:48,586 - WARNING - ⚠️ 300304 云意电气 K线更新失败: ('Connection aborted.', RemoteDisconnected('Remote end closed connection without response'))
2025-08-20 07:23:48,811 - WARNING - ⚠️ 300305 裕兴股份 K线更新失败: ('Connection aborted.', RemoteDisconnected('Remote end closed connection without response'))
2025-08-20 07:23:49,030 - WARNING - ⚠️ 300306 远方信息 K线更新失败: ('Connection aborted.', RemoteDisconnected('Remote end closed connection without response'))
2025-08-20 07:23:49,262 - WARNING - ⚠️ 300307 慈星股份 K线更新失败: ('Connection aborted.', RemoteDisconnected('Remote end closed connection without response'))
2025-08-20 07:23:49,488 - WARNING - ⚠️ 300308 中际旭创 K线更新失败: ('Connection aborted.', RemoteDisconnected('Remote end closed connection without response'))
2025-08-20 07:23:49,727 - WARNING - ⚠️ 300309 吉艾退 K线更新失败: ('Connection aborted.', RemoteDisconnected('Remote end closed connection without response'))
2025-08-20 07:23:49,949 - WARNING - ⚠️ 300310 宜通世纪 K线更新失败: ('Connection aborted.', RemoteDisconnected('Remote end closed connection without response'))
2025-08-20 07:23:50,192 - WARNING - ⚠️ 300311 ST任子行 K线更新失败: ('Connection aborted.', RemoteDisconnected('Remote end closed connection without response'))
2025-08-20 07:23:50,425 - WARNING - ⚠️ 300312 邦讯退 K线更新失败: ('Connection aborted.', RemoteDisconnected('Remote end closed connection without response'))
2025-08-20 07:23:50,650 - WARNING - ⚠️ 300313 *ST天山 K线更新失败: ('Connection aborted.', RemoteDisconnected('Remote end closed connection without response'))
2025-08-20 07:23:50,887 - WARNING - ⚠️ 300314 戴维医疗 K线更新失败: ('Connection aborted.', RemoteDisconnected('Remote end closed connection without response'))
2025-08-20 07:23:51,113 - WARNING - ⚠️ 300315 掌趣科技 K线更新失败: ('Connection aborted.', RemoteDisconnected('Remote end closed connection without response'))
2025-08-20 07:23:51,350 - WARNING - ⚠️ 300316 晶盛机电 K线更新失败: ('Connection aborted.', RemoteDisconnected('Remote end closed connection without response'))
2025-08-20 07:23:51,573 - WARNING - ⚠️ 300317 珈伟新能 K线更新失败: ('Connection aborted.', RemoteDisconnected('Remote end closed connection without response'))
2025-08-20 07:23:51,808 - WARNING - ⚠️ 300318 博晖创新 K线更新失败: ('Connection aborted.', RemoteDisconnected('Remote end closed connection without response'))
2025-08-20 07:23:51,958 - INFO - 数据库连接已关闭
2025-08-20 19:54:22,007 - INFO - 🌟 每周数据更新程序启动
2025-08-20 19:54:22,013 - INFO - 🚀 开始每周数据更新...
2025-08-20 19:54:22,013 - INFO - ============================================================
2025-08-20 19:54:22,025 - INFO - ✅ 成功连接到MySQL数据库
2025-08-20 19:54:22,025 - INFO - 📊 开始更新近7个自然日K线数据）...
2025-08-20 19:54:22,073 - INFO - 📊 准备更新 5740 只股票的近7个自然日K线数据
2025-08-20 19:54:22,325 - INFO - 📈 已处理000001 平安银行 
2025-08-20 19:54:22,542 - INFO - 📈 已处理000002 万科Ａ 
2025-08-20 19:54:22,951 - INFO - 📈 已处理000004 *ST国华 
2025-08-20 19:54:23,381 - INFO - 📈 已处理000006 深振业Ａ 
2025-08-20 19:54:23,597 - INFO - 📈 已处理000007 全新好 
2025-08-20 19:54:23,820 - INFO - 📈 已处理000008 神州高铁 
2025-08-20 19:54:24,051 - INFO - 📈 已处理000009 中国宝安 
2025-08-20 19:54:24,269 - INFO - 📈 已处理000010 美丽生态 
2025-08-20 19:54:24,326 - INFO - 数据库连接已关闭
2025-08-20 19:55:18,140 - INFO - 🌟 每周数据更新程序启动
2025-08-20 19:55:18,140 - INFO - 🚀 开始每周数据更新...
2025-08-20 19:55:18,140 - INFO - ============================================================
2025-08-20 19:55:18,147 - INFO - ✅ 成功连接到MySQL数据库
2025-08-20 19:55:18,147 - INFO - 📊 开始更新近7个自然日K线数据）...
2025-08-20 19:55:18,184 - INFO - 📊 准备更新 5740 只股票的近7个自然日K线数据
2025-08-20 19:55:18,805 - INFO - 📈 已处理000001 平安银行 
2025-08-20 19:55:19,447 - INFO - 📈 已处理000002 万科Ａ 
2025-08-20 19:55:20,668 - INFO - 📈 已处理000004 *ST国华 
2025-08-20 19:55:21,891 - INFO - 📈 已处理000006 深振业Ａ 
2025-08-20 19:55:22,505 - INFO - 📈 已处理000007 全新好 
2025-08-20 19:55:23,111 - INFO - 📈 已处理000008 神州高铁 
2025-08-20 19:55:23,724 - INFO - 📈 已处理000009 中国宝安 
2025-08-20 19:55:24,348 - INFO - 📈 已处理000010 美丽生态 
2025-08-20 19:55:24,967 - INFO - 📈 已处理000011 深物业A 
2025-08-20 19:55:25,590 - INFO - 📈 已处理000012 南玻Ａ 
2025-08-20 19:55:26,811 - INFO - 📈 已处理000014 沙河股份 
2025-08-20 19:55:28,032 - INFO - 📈 已处理000016 深康佳Ａ 
2025-08-20 19:55:28,654 - INFO - 📈 已处理000017 深中华A 
2025-08-20 19:55:29,886 - INFO - 📈 已处理000019 深粮控股 
2025-08-20 19:55:30,509 - INFO - 📈 已处理000020 深华发Ａ 
2025-08-20 19:55:31,126 - INFO - 📈 已处理000021 深科技 
2025-08-20 19:55:32,958 - INFO - 📈 已处理000025 特力Ａ 
2025-08-20 19:55:33,584 - INFO - 📈 已处理000026 飞亚达 
2025-08-20 19:55:34,195 - INFO - 📈 已处理000027 深圳能源 
2025-08-20 19:55:34,808 - INFO - 📈 已处理000028 国药一致 
2025-08-20 19:55:35,417 - INFO - 📈 已处理000029 深深房Ａ 
2025-08-20 19:55:36,041 - INFO - 📈 已处理000030 富奥股份 
2025-08-20 19:55:36,656 - INFO - 📈 已处理000031 大悦城 
2025-08-20 19:55:37,280 - INFO - 📈 已处理000032 深桑达Ａ 
2025-08-20 19:55:38,507 - INFO - 📈 已处理000034 神州数码 
2025-08-20 19:55:39,131 - INFO - 📈 已处理000035 中国天楹 
2025-08-20 19:55:39,752 - INFO - 📈 已处理000036 华联控股 
2025-08-20 19:55:40,386 - INFO - 📈 已处理000037 深南电A 
2025-08-20 19:55:41,636 - INFO - 📈 已处理000039 中集集团 
2025-08-20 19:55:42,852 - INFO - 📈 已处理000042 中洲控股 
2025-08-20 19:55:43,484 - INFO - 📈 已处理000045 深纺织Ａ 
2025-08-20 19:55:45,326 - INFO - 📈 已处理000048 京基智农 
2025-08-20 19:55:45,955 - INFO - 📈 已处理000049 德赛电池 
2025-08-20 19:55:46,573 - INFO - 📈 已处理000050 深天马Ａ 
2025-08-20 19:55:47,186 - INFO - 📈 已处理000055 方大集团 
2025-08-20 19:55:47,809 - INFO - 📈 已处理000056 皇庭国际 
2025-08-20 19:55:48,425 - INFO - 📈 已处理000058 深赛格 
2025-08-20 19:55:49,041 - INFO - 📈 已处理000059 华锦股份 
2025-08-20 19:55:49,041 - INFO - 📈 已处理 50/5740 只股票，成功 38 只
2025-08-20 19:55:49,668 - INFO - 📈 已处理000060 中金岭南 
2025-08-20 19:55:50,281 - INFO - 📈 已处理000061 农产品 
2025-08-20 19:55:50,911 - INFO - 📈 已处理000062 深圳华强 
2025-08-20 19:55:51,527 - INFO - 📈 已处理000063 中兴通讯 
2025-08-20 19:55:52,158 - INFO - 📈 已处理000065 北方国际 
2025-08-20 19:55:52,779 - INFO - 📈 已处理000066 中国长城 
2025-08-20 19:55:53,402 - INFO - 📈 已处理000068 华控赛格 
2025-08-20 19:55:54,024 - INFO - 📈 已处理000069 华侨城Ａ 
2025-08-20 19:55:54,986 - INFO - 📈 已处理000070 特发信息 
2025-08-20 19:55:55,618 - INFO - 📈 已处理000078 海王生物 
2025-08-20 19:55:56,240 - INFO - 📈 已处理000088 盐田港 
2025-08-20 19:55:56,871 - INFO - 📈 已处理000089 深圳机场 
2025-08-20 19:55:57,489 - INFO - 📈 已处理000090 天健集团 
2025-08-20 19:55:58,114 - INFO - 📈 已处理000096 广聚能源 
2025-08-20 19:55:58,733 - INFO - 📈 已处理000099 中信海直 
2025-08-20 19:55:59,347 - INFO - 📈 已处理000100 TCL科技 
2025-08-20 19:56:00,560 - INFO - 📈 已处理000151 中成股份 
2025-08-20 19:56:01,175 - INFO - 📈 已处理000153 丰原药业 
2025-08-20 19:56:01,803 - INFO - 📈 已处理000155 川能动力 
2025-08-20 19:56:02,433 - INFO - 📈 已处理000156 华数传媒 
2025-08-20 19:56:03,057 - INFO - 📈 已处理000157 中联重科 
2025-08-20 19:56:03,688 - INFO - 📈 已处理000158 常山北明 
2025-08-20 19:56:04,301 - INFO - 📈 已处理000159 国际实业 
2025-08-20 19:56:04,935 - INFO - 📈 已处理000166 申万宏源 
2025-08-20 19:56:05,560 - INFO - 📈 已处理000301 东方盛虹 
2025-08-20 19:56:06,157 - INFO - 📈 已处理000333 美的集团 
2025-08-20 19:56:06,770 - INFO - 📈 已处理000338 潍柴动力 
2025-08-20 19:56:07,392 - INFO - 📈 已处理000400 许继电气 
2025-08-20 19:56:08,013 - INFO - 📈 已处理000401 冀东水泥 
2025-08-20 19:56:08,639 - INFO - 📈 已处理000402 金融街 
2025-08-20 19:56:09,252 - INFO - 📈 已处理000403 派林生物 
2025-08-20 19:56:09,883 - INFO - 📈 已处理000404 长虹华意 
2025-08-20 19:56:11,710 - INFO - 📈 已处理000407 胜利股份 
2025-08-20 19:56:12,335 - INFO - 📈 已处理000408 藏格矿业 
2025-08-20 19:56:12,959 - INFO - 📈 已处理000409 云鼎科技 
2025-08-20 19:56:13,565 - INFO - 📈 已处理000410 沈阳机床 
2025-08-20 19:56:14,172 - INFO - 📈 已处理000411 英特集团 
2025-08-20 19:56:15,996 - INFO - 📈 已处理000415 渤海租赁 
2025-08-20 19:56:17,211 - INFO - 📈 已处理000417 合百集团 
2025-08-20 19:56:18,425 - INFO - 📈 已处理000419 通程控股 
2025-08-20 19:56:19,039 - INFO - 📈 已处理000420 吉林化纤 
2025-08-20 19:56:19,657 - INFO - 📈 已处理000421 南京公用 
2025-08-20 19:56:20,274 - INFO - 📈 已处理000422 湖北宜化 
2025-08-20 19:56:20,275 - INFO - 📈 已处理 100/5740 只股票，成功 81 只
2025-08-20 19:56:20,903 - INFO - 📈 已处理000423 东阿阿胶 
2025-08-20 19:56:21,519 - INFO - 📈 已处理000425 徐工机械 
2025-08-20 19:56:22,154 - INFO - 📈 已处理000426 兴业银锡 
2025-08-20 19:56:22,778 - INFO - 📈 已处理000428 华天酒店 
2025-08-20 19:56:23,391 - INFO - 📈 已处理000429 粤高速Ａ 
2025-08-20 19:56:24,013 - INFO - 📈 已处理000430 ST张家界 
2025-08-20 19:56:24,640 - INFO - 📈 已处理000488 ST晨鸣 
2025-08-20 19:56:25,256 - INFO - 📈 已处理000498 山东路桥 
2025-08-20 19:56:25,878 - INFO - 📈 已处理000501 武商集团 
2025-08-20 19:56:27,096 - INFO - 📈 已处理000503 国新健康 
2025-08-20 19:56:27,723 - INFO - 📈 已处理000504 *ST生物 
2025-08-20 19:56:28,331 - INFO - 📈 已处理000505 京粮控股 
2025-08-20 19:56:28,943 - INFO - 📈 已处理000506 招金黄金 
2025-08-20 19:56:29,554 - INFO - 📈 已处理000507 珠海港 
2025-08-20 19:56:30,791 - INFO - 📈 已处理000509 华塑控股 
2025-08-20 19:56:31,396 - INFO - 📈 已处理000510 新金路 
2025-08-20 19:56:32,606 - INFO - 📈 已处理000513 丽珠集团 
2025-08-20 19:56:33,224 - INFO - 📈 已处理000514 渝开发 
2025-08-20 19:56:34,448 - INFO - 📈 已处理000516 国际医学 
2025-08-20 19:56:35,073 - INFO - 📈 已处理000517 荣安地产 
2025-08-20 19:56:35,706 - INFO - 📈 已处理000518 *ST四环 
2025-08-20 19:56:36,337 - INFO - 📈 已处理000519 中兵红箭 
2025-08-20 19:56:36,951 - INFO - 📈 已处理000520 凤凰航运 
2025-08-20 19:56:37,569 - INFO - 📈 已处理000521 长虹美菱 
2025-08-20 19:56:38,782 - INFO - 📈 已处理000523 红棉股份 
2025-08-20 19:56:39,398 - INFO - 📈 已处理000524 岭南控股 
2025-08-20 19:56:40,018 - INFO - 📈 已处理000525 红太阳 
2025-08-20 19:56:40,642 - INFO - 📈 已处理000526 学大教育 
2025-08-20 19:56:41,874 - INFO - 📈 已处理000528 柳工 
2025-08-20 19:56:42,487 - INFO - 📈 已处理000529 广弘控股 
2025-08-20 19:56:43,103 - INFO - 📈 已处理000530 冰山冷热 
2025-08-20 19:56:43,712 - INFO - 📈 已处理000531 穗恒运Ａ 
2025-08-20 19:56:44,351 - INFO - 📈 已处理000532 华金资本 
2025-08-20 19:56:44,976 - INFO - 📈 已处理000533 顺钠股份 
2025-08-20 19:56:45,607 - INFO - 📈 已处理000534 万泽股份 
2025-08-20 19:56:46,835 - INFO - 📈 已处理000536 华映科技 
2025-08-20 19:56:47,447 - INFO - 📈 已处理000537 中绿电 
2025-08-20 19:56:48,060 - INFO - 📈 已处理000538 云南白药 
2025-08-20 19:56:48,682 - INFO - 📈 已处理000539 粤电力Ａ 
2025-08-20 19:56:49,920 - INFO - 📈 已处理000541 佛山照明 
2025-08-20 19:56:51,136 - INFO - 📈 已处理000543 皖能电力 
2025-08-20 19:56:51,136 - INFO - 📈 已处理 150/5740 只股票，成功 122 只
2025-08-20 19:56:51,769 - INFO - 📈 已处理000544 中原环保 
2025-08-20 19:56:52,385 - INFO - 📈 已处理000545 金浦钛业 
2025-08-20 19:56:52,993 - INFO - 📈 已处理000546 金圆股份 
2025-08-20 19:56:53,612 - INFO - 📈 已处理000547 航天发展 
2025-08-20 19:56:54,233 - INFO - 📈 已处理000548 湖南投资 
2025-08-20 19:56:55,444 - INFO - 📈 已处理000550 江铃汽车 
2025-08-20 19:56:56,060 - INFO - 📈 已处理000551 创元科技 
2025-08-20 19:56:56,681 - INFO - 📈 已处理000552 甘肃能化 
2025-08-20 19:56:57,295 - INFO - 📈 已处理000553 安道麦A 
2025-08-20 19:56:57,923 - INFO - 📈 已处理000554 泰山石油 
2025-08-20 19:56:58,538 - INFO - 📈 已处理000555 神州信息 
2025-08-20 19:56:59,747 - INFO - 📈 已处理000557 西部创业 
2025-08-20 19:57:00,366 - INFO - 📈 已处理000558 天府文旅 
2025-08-20 19:57:00,978 - INFO - 📈 已处理000559 万向钱潮 
2025-08-20 19:57:01,590 - INFO - 📈 已处理000560 我爱我家 
2025-08-20 19:57:02,205 - INFO - 📈 已处理000561 烽火电子 
2025-08-20 19:57:03,433 - INFO - 📈 已处理000563 陕国投Ａ 
2025-08-20 19:57:04,041 - INFO - 📈 已处理000564 供销大集 
2025-08-20 19:57:04,654 - INFO - 📈 已处理000565 渝三峡Ａ 
2025-08-20 19:57:05,264 - INFO - 📈 已处理000566 海南海药 
2025-08-20 19:57:05,895 - INFO - 📈 已处理000567 海德股份 
2025-08-20 19:57:06,511 - INFO - 📈 已处理000568 泸州老窖 
2025-08-20 19:57:07,744 - INFO - 📈 已处理000570 苏常柴Ａ 
2025-08-20 19:57:08,353 - INFO - 📈 已处理000571 新大洲A 
2025-08-20 19:57:08,975 - INFO - 📈 已处理000572 海马汽车 
2025-08-20 19:57:09,600 - INFO - 📈 已处理000573 粤宏远Ａ 
2025-08-20 19:57:10,226 - INFO - 📈 已处理000576 甘化科工 
2025-08-20 19:57:11,446 - INFO - 📈 已处理000581 威孚高科 
2025-08-20 19:57:12,066 - INFO - 📈 已处理000582 北部湾港 
2025-08-20 19:57:14,500 - INFO - 📈 已处理000586 汇源通信 
2025-08-20 19:57:16,329 - INFO - 📈 已处理000589 贵州轮胎 
2025-08-20 19:57:16,970 - INFO - 📈 已处理000590 启迪药业 
2025-08-20 19:57:17,572 - INFO - 📈 已处理000591 太阳能 
2025-08-20 19:57:18,197 - INFO - 📈 已处理000592 平潭发展 
2025-08-20 19:57:18,810 - INFO - 📈 已处理000593 德龙汇能 
2025-08-20 19:57:20,040 - INFO - 📈 已处理000595 *ST宝实 
2025-08-20 19:57:20,658 - INFO - 📈 已处理000596 古井贡酒 
2025-08-20 19:57:21,284 - INFO - 📈 已处理000597 东北制药 
2025-08-20 19:57:21,901 - INFO - 📈 已处理000598 兴蓉环境 
2025-08-20 19:57:21,901 - INFO - 📈 已处理 200/5740 只股票，成功 161 只
2025-08-20 19:57:22,527 - INFO - 📈 已处理000599 青岛双星 
2025-08-20 19:57:23,183 - INFO - 📈 已处理000600 建投能源 
2025-08-20 19:57:23,790 - INFO - 📈 已处理000601 韶能股份 
2025-08-20 19:57:25,013 - INFO - 📈 已处理000603 盛达资源 
2025-08-20 19:57:25,634 - INFO - 📈 已处理000605 渤海股份 
2025-08-20 19:57:26,851 - INFO - 📈 已处理000607 华媒控股 
2025-08-20 19:57:27,477 - INFO - 📈 已处理000608 *ST阳光 
2025-08-20 19:57:28,101 - INFO - 📈 已处理000609 ST中迪 
2025-08-20 19:57:28,721 - INFO - 📈 已处理000610 西安旅游 
2025-08-20 19:57:29,939 - INFO - 📈 已处理000612 焦作万方 
2025-08-20 19:57:31,152 - INFO - 📈 已处理000615 *ST美谷 
2025-08-20 19:57:32,374 - INFO - 📈 已处理000617 中油资本 
2025-08-20 19:57:33,588 - INFO - 📈 已处理000619 海螺新材 
2025-08-20 19:57:34,210 - INFO - 📈 已处理000620 盈新发展 
2025-08-20 19:57:36,022 - INFO - 📈 已处理000623 吉林敖东 
2025-08-20 19:57:36,639 - INFO - 📈 已处理000625 长安汽车 
2025-08-20 19:57:37,282 - INFO - 📈 已处理000626 远大控股 
2025-08-20 19:57:37,887 - INFO - 📈 已处理000627 *ST天茂 
2025-08-20 19:57:38,498 - INFO - 📈 已处理000628 高新发展 
2025-08-20 19:57:39,122 - INFO - 📈 已处理000629 钒钛股份 
2025-08-20 19:57:39,725 - INFO - 📈 已处理000630 铜陵有色 
2025-08-20 19:57:40,367 - INFO - 📈 已处理000631 顺发恒业 
2025-08-20 19:57:40,992 - INFO - 📈 已处理000632 三木集团 
2025-08-20 19:57:41,616 - INFO - 📈 已处理000633 合金投资 
2025-08-20 19:57:42,228 - INFO - 📈 已处理000635 英力特 
2025-08-20 19:57:42,838 - INFO - 📈 已处理000636 风华高科 
2025-08-20 19:57:43,442 - INFO - 📈 已处理000637 茂化实华 
2025-08-20 19:57:44,054 - INFO - 📈 已处理000638 *ST万方 
2025-08-20 19:57:44,677 - INFO - 📈 已处理000639 西王食品 
2025-08-20 19:57:45,310 - INFO - 📈 已处理000650 仁和药业 
2025-08-20 19:57:45,938 - INFO - 📈 已处理000651 格力电器 
2025-08-20 19:57:46,547 - INFO - 📈 已处理000652 泰达股份 
2025-08-20 19:57:47,773 - INFO - 📈 已处理000655 金岭矿业 
2025-08-20 19:57:48,394 - INFO - 📈 已处理000656 *ST金科 
2025-08-20 19:57:49,002 - INFO - 📈 已处理000657 中钨高新 
2025-08-20 19:57:50,227 - INFO - 📈 已处理000659 珠海中富 
2025-08-20 19:57:51,470 - INFO - 📈 已处理000661 长春高新 
2025-08-20 19:57:52,716 - INFO - 📈 已处理000663 永安林业 
2025-08-20 19:57:52,716 - INFO - 📈 已处理 250/5740 只股票，成功 199 只
2025-08-20 19:57:53,356 - INFO - 📈 已处理000665 湖北广电 
2025-08-20 19:57:55,206 - INFO - 📈 已处理000668 *ST荣控 
2025-08-20 19:57:55,827 - INFO - 📈 已处理000669 ST金鸿 
2025-08-20 19:57:56,454 - INFO - 📈 已处理000670 盈方微 
2025-08-20 19:57:57,690 - INFO - 📈 已处理000672 上峰水泥 
2025-08-20 19:57:59,509 - INFO - 📈 已处理000676 智度股份 
2025-08-20 19:58:00,133 - INFO - 📈 已处理000677 恒天海龙 
2025-08-20 19:58:00,766 - INFO - 📈 已处理000678 襄阳轴承 
2025-08-20 19:58:01,390 - INFO - 📈 已处理000679 大连友谊 
2025-08-20 19:58:02,004 - INFO - 📈 已处理000680 山推股份 
2025-08-20 19:58:02,615 - INFO - 📈 已处理000681 视觉中国 
2025-08-20 19:58:03,246 - INFO - 📈 已处理000682 东方电子 
2025-08-20 19:58:03,863 - INFO - 📈 已处理000683 博源化工 
2025-08-20 19:58:04,490 - INFO - 📈 已处理000685 中山公用 
2025-08-20 19:58:05,116 - INFO - 📈 已处理000686 东北证券 
2025-08-20 19:58:06,343 - INFO - 📈 已处理000688 国城矿业 
2025-08-20 19:58:07,554 - INFO - 📈 已处理000690 宝新能源 
2025-08-20 19:58:08,156 - INFO - 📈 已处理000691 *ST亚太 
2025-08-20 19:58:08,762 - INFO - 📈 已处理000692 惠天热电 
2025-08-20 19:58:10,038 - INFO - 📈 已处理000695 滨海能源 
2025-08-20 19:58:10,639 - INFO - 📈 已处理000697 ST炼石 
2025-08-20 19:58:11,242 - INFO - 📈 已处理000698 沈阳化工 
2025-08-20 19:58:12,487 - INFO - 📈 已处理000700 模塑科技 
2025-08-20 19:58:13,100 - INFO - 📈 已处理000701 厦门信达 
2025-08-20 19:58:13,705 - INFO - 📈 已处理000702 正虹科技 
2025-08-20 19:58:14,326 - INFO - 📈 已处理000703 恒逸石化 
2025-08-20 19:58:15,026 - INFO - 📈 已处理000705 浙江震元 
2025-08-20 19:58:15,638 - INFO - 📈 已处理000707 双环科技 
2025-08-20 19:58:16,259 - INFO - 📈 已处理000708 中信特钢 
2025-08-20 19:58:16,879 - INFO - 📈 已处理000709 河钢股份 
2025-08-20 19:58:17,496 - INFO - 📈 已处理000710 贝瑞基因 
2025-08-20 19:58:18,118 - INFO - 📈 已处理000711 *ST京蓝 
2025-08-20 19:58:18,736 - INFO - 📈 已处理000712 锦龙股份 
2025-08-20 19:58:19,358 - INFO - 📈 已处理000713 丰乐种业 
2025-08-20 19:58:19,974 - INFO - 📈 已处理000715 中兴商业 
2025-08-20 19:58:20,577 - INFO - 📈 已处理000716 黑芝麻 
2025-08-20 19:58:21,211 - INFO - 📈 已处理000717 中南股份 
2025-08-20 19:58:21,825 - INFO - 📈 已处理000718 苏宁环球 
2025-08-20 19:58:22,436 - INFO - 📈 已处理000719 中原传媒 
2025-08-20 19:58:23,061 - INFO - 📈 已处理000720 新能泰山 
2025-08-20 19:58:23,695 - INFO - 📈 已处理000721 西安饮食 
2025-08-20 19:58:23,696 - INFO - 📈 已处理 300/5740 只股票，成功 240 只
2025-08-20 19:58:24,323 - INFO - 📈 已处理000722 湖南发展 
2025-08-20 19:58:24,946 - INFO - 📈 已处理000723 美锦能源 
2025-08-20 19:58:25,559 - INFO - 📈 已处理000725 京东方Ａ 
2025-08-20 19:58:26,179 - INFO - 📈 已处理000726 鲁泰Ａ 
2025-08-20 19:58:26,793 - INFO - 📈 已处理000727 冠捷科技 
2025-08-20 19:58:27,395 - INFO - 📈 已处理000728 国元证券 
2025-08-20 19:58:28,026 - INFO - 📈 已处理000729 燕京啤酒 
2025-08-20 19:58:29,307 - INFO - 📈 已处理000731 四川美丰 
2025-08-20 19:58:30,528 - INFO - 📈 已处理000733 振华科技 
2025-08-20 19:58:31,143 - INFO - 📈 已处理000735 罗牛山 
2025-08-20 19:58:31,757 - INFO - 📈 已处理000736 *ST中地 
2025-08-20 19:58:32,370 - INFO - 📈 已处理000737 北方铜业 
2025-08-20 19:58:32,973 - INFO - 📈 已处理000738 航发控制 
2025-08-20 19:58:33,577 - INFO - 📈 已处理000739 普洛药业 
2025-08-20 19:58:34,796 - INFO - 📈 已处理000750 国海证券 
2025-08-20 19:58:35,416 - INFO - 📈 已处理000751 锌业股份 
2025-08-20 19:58:36,043 - INFO - 📈 已处理000752 ST西发 
2025-08-20 19:58:36,659 - INFO - 📈 已处理000753 漳州发展 
2025-08-20 19:58:37,285 - INFO - 📈 已处理000755 山西高速 
2025-08-20 19:58:37,896 - INFO - 📈 已处理000756 新华制药 
2025-08-20 19:58:38,520 - INFO - 📈 已处理000757 浩物股份 
2025-08-20 19:58:39,125 - INFO - 📈 已处理000758 中色股份 
2025-08-20 19:58:39,751 - INFO - 📈 已处理000759 中百集团 
2025-08-20 19:58:40,995 - INFO - 📈 已处理000761 本钢板材 
2025-08-20 19:58:41,615 - INFO - 📈 已处理000762 西藏矿业 
2025-08-20 19:58:43,428 - INFO - 📈 已处理000766 通化金马 
2025-08-20 19:58:44,031 - INFO - 📈 已处理000767 晋控电力 
2025-08-20 19:58:44,650 - INFO - 📈 已处理000768 中航西飞 
2025-08-20 19:58:45,885 - INFO - 📈 已处理000776 广发证券 
2025-08-20 19:58:46,484 - INFO - 📈 已处理000777 中核科技 
2025-08-20 19:58:47,085 - INFO - 📈 已处理000778 新兴铸管 
2025-08-20 19:58:47,702 - INFO - 📈 已处理000779 甘咨询 
2025-08-20 19:58:48,925 - INFO - 📈 已处理000782 恒申新材 
2025-08-20 19:58:49,545 - INFO - 📈 已处理000783 长江证券 
2025-08-20 19:58:50,174 - INFO - 📈 已处理000785 居然智家 
2025-08-20 19:58:50,795 - INFO - 📈 已处理000786 北新建材 
2025-08-20 19:58:51,985 - INFO - 📈 已处理000788 北大医药 
2025-08-20 19:58:52,597 - INFO - 📈 已处理000789 万年青 
2025-08-20 19:58:53,209 - INFO - 📈 已处理000790 华神科技 
2025-08-20 19:58:53,858 - INFO - 📈 已处理000791 甘肃能源 
2025-08-20 19:58:54,469 - INFO - 📈 已处理000792 盐湖股份 
2025-08-20 19:58:54,469 - INFO - 📈 已处理 350/5740 只股票，成功 281 只
2025-08-20 19:58:55,075 - INFO - 📈 已处理000793 ST华闻 
2025-08-20 19:58:55,685 - INFO - 📈 已处理000795 英洛华 
2025-08-20 19:58:56,288 - INFO - 📈 已处理000796 凯撒旅业 
2025-08-20 19:58:56,914 - INFO - 📈 已处理000797 中国武夷 
2025-08-20 19:58:57,536 - INFO - 📈 已处理000798 中水渔业 
2025-08-20 19:58:58,147 - INFO - 📈 已处理000799 酒鬼酒 
2025-08-20 19:58:58,755 - INFO - 📈 已处理000800 一汽解放 
2025-08-20 19:58:59,380 - INFO - 📈 已处理000801 四川九洲 
2025-08-20 19:58:59,995 - INFO - 📈 已处理000802 北京文化 
2025-08-20 19:59:00,615 - INFO - 📈 已处理000803 山高环能 
2025-08-20 19:59:02,447 - INFO - 📈 已处理000807 云铝股份 
2025-08-20 19:59:03,065 - INFO - 📈 已处理000809 和展能源 
2025-08-20 19:59:03,694 - INFO - 📈 已处理000810 创维数字 
2025-08-20 19:59:04,315 - INFO - 📈 已处理000811 冰轮环境 
2025-08-20 19:59:04,918 - INFO - 📈 已处理000812 陕西金叶 
2025-08-20 19:59:05,515 - INFO - 📈 已处理000813 德展健康 
2025-08-20 19:59:06,130 - INFO - 📈 已处理000815 美利云 
2025-08-20 19:59:07,314 - INFO - 📈 已处理000816 智慧农业 
2025-08-20 19:59:08,535 - INFO - 📈 已处理000818 航锦科技 
2025-08-20 19:59:09,145 - INFO - 📈 已处理000819 岳阳兴长 
2025-08-20 19:59:09,765 - INFO - 📈 已处理000820 *ST节能 
2025-08-20 19:59:10,378 - INFO - 📈 已处理000821 京山轻机 
2025-08-20 19:59:11,005 - INFO - 📈 已处理000822 山东海化 
2025-08-20 19:59:11,629 - INFO - 📈 已处理000823 超声电子 
2025-08-20 19:59:12,235 - INFO - 📈 已处理000825 太钢不锈 
2025-08-20 19:59:12,860 - INFO - 📈 已处理000826 启迪环境 
2025-08-20 19:59:14,070 - INFO - 📈 已处理000828 东莞控股 
2025-08-20 19:59:14,680 - INFO - 📈 已处理000829 天音控股 
2025-08-20 19:59:15,290 - INFO - 📈 已处理000830 鲁西化工 
2025-08-20 19:59:15,912 - INFO - 📈 已处理000831 中国稀土 
2025-08-20 19:59:17,129 - INFO - 📈 已处理000833 粤桂股份 
2025-08-20 19:59:18,935 - INFO - 📈 已处理000837 秦川机床 
2025-08-20 19:59:20,216 - INFO - 📈 已处理000838 财信发展 
2025-08-20 19:59:20,854 - INFO - 📈 已处理000839 国安股份 
2025-08-20 19:59:21,458 - INFO - 📈 已处理000848 承德露露 
2025-08-20 19:59:22,092 - INFO - 📈 已处理000850 华茂股份 
2025-08-20 19:59:22,708 - INFO - 📈 已处理000851 *ST高鸿 
2025-08-20 19:59:23,320 - INFO - 📈 已处理000852 石化机械 
2025-08-20 19:59:23,948 - INFO - 📈 已处理000856 冀东装备 
2025-08-20 19:59:24,566 - INFO - 📈 已处理000858 五粮液 
2025-08-20 19:59:25,189 - INFO - 📈 已处理000859 国风新材 
2025-08-20 19:59:25,789 - INFO - 📈 已处理000860 顺鑫农业 
2025-08-20 19:59:27,005 - INFO - 📈 已处理000862 银星能源 
2025-08-20 19:59:27,629 - INFO - 📈 已处理000863 三湘印象 
2025-08-20 19:59:28,834 - INFO - 📈 已处理000868 安凯客车 
2025-08-20 19:59:29,470 - INFO - 📈 已处理000869 张裕Ａ 
2025-08-20 19:59:30,084 - INFO - 📈 已处理000875 吉电股份 
2025-08-20 19:59:30,709 - INFO - 📈 已处理000876 新希望 
2025-08-20 19:59:31,339 - INFO - 📈 已处理000877 天山股份 
2025-08-20 19:59:31,964 - INFO - 📈 已处理000878 云南铜业 
2025-08-20 19:59:32,573 - INFO - 📈 已处理000880 潍柴重机 
2025-08-20 19:59:33,179 - INFO - 📈 已处理000881 中广核技 
2025-08-20 19:59:33,792 - INFO - 📈 已处理000882 华联股份 
2025-08-20 19:59:34,400 - INFO - 📈 已处理000883 湖北能源 
2025-08-20 19:59:35,007 - INFO - 📈 已处理000885 城发环境 
2025-08-20 19:59:35,624 - INFO - 📈 已处理000886 海南高速 
2025-08-20 19:59:36,228 - INFO - 📈 已处理000887 中鼎股份 
2025-08-20 19:59:36,844 - INFO - 📈 已处理000888 峨眉山Ａ 
2025-08-20 19:59:37,454 - INFO - 📈 已处理000889 中嘉博创 
2025-08-20 19:59:38,057 - INFO - 📈 已处理000890 法尔胜 
2025-08-20 19:59:38,678 - INFO - 📈 已处理000892 欢瑞世纪 
2025-08-20 19:59:39,284 - INFO - 📈 已处理000893 亚钾国际 
2025-08-20 19:59:39,890 - INFO - 📈 已处理000895 双汇发展 
2025-08-20 19:59:40,511 - INFO - 📈 已处理000897 津滨发展 
2025-08-20 19:59:41,114 - INFO - 📈 已处理000898 鞍钢股份 
2025-08-20 19:59:41,723 - INFO - 📈 已处理000899 赣能股份 
2025-08-20 19:59:42,342 - INFO - 📈 已处理000900 现代投资 
2025-08-20 19:59:42,954 - INFO - 📈 已处理000901 航天科技 
2025-08-20 19:59:43,568 - INFO - 📈 已处理000902 新洋丰 
2025-08-20 19:59:44,186 - INFO - 📈 已处理000903 ST云动 
2025-08-20 19:59:44,790 - INFO - 📈 已处理000905 厦门港务 
2025-08-20 19:59:45,417 - INFO - 📈 已处理000906 浙商中拓 
2025-08-20 19:59:46,031 - INFO - 📈 已处理000908 ST景峰 
2025-08-20 19:59:46,645 - INFO - 📈 已处理000909 ST数源 
2025-08-20 19:59:47,275 - INFO - 📈 已处理000910 大亚圣象 
2025-08-20 19:59:47,894 - INFO - 📈 已处理000911 广农糖业 
2025-08-20 19:59:48,516 - INFO - 📈 已处理000912 泸天化 
2025-08-20 19:59:49,123 - INFO - 📈 已处理000913 钱江摩托 
2025-08-20 19:59:49,734 - INFO - 📈 已处理000915 华特达因 
2025-08-20 19:59:50,944 - INFO - 📈 已处理000917 电广传媒 
2025-08-20 19:59:52,157 - INFO - 📈 已处理000919 金陵药业 
2025-08-20 19:59:52,783 - INFO - 📈 已处理000920 沃顿科技 
2025-08-20 19:59:53,443 - INFO - 📈 已处理000921 海信家电 
2025-08-20 19:59:54,067 - INFO - 📈 已处理000922 佳电股份 
2025-08-20 19:59:54,676 - INFO - 📈 已处理000923 河钢资源 
2025-08-20 19:59:55,300 - INFO - 📈 已处理000925 众合科技 
2025-08-20 19:59:55,922 - INFO - 📈 已处理000926 福星股份 
2025-08-20 19:59:56,528 - INFO - 📈 已处理000927 中国铁物 
2025-08-20 19:59:57,142 - INFO - 📈 已处理000928 中钢国际 
2025-08-20 19:59:57,144 - INFO - 📈 已处理 450/5740 只股票，成功 370 只
2025-08-20 19:59:57,768 - INFO - 📈 已处理000929 *ST兰黄 
2025-08-20 19:59:58,375 - INFO - 📈 已处理000930 中粮科技 
2025-08-20 19:59:59,004 - INFO - 📈 已处理000931 中关村 
2025-08-20 19:59:59,606 - INFO - 📈 已处理000932 华菱钢铁 
2025-08-20 20:00:00,207 - INFO - 📈 已处理000933 神火股份 
2025-08-20 20:00:00,833 - INFO - 📈 已处理000935 四川双马 
2025-08-20 20:00:01,445 - INFO - 📈 已处理000936 华西股份 
2025-08-20 20:00:02,072 - INFO - 📈 已处理000937 冀中能源 
2025-08-20 20:00:02,686 - INFO - 📈 已处理000938 紫光股份 
2025-08-20 20:00:03,917 - INFO - 📈 已处理000948 南天信息 
2025-08-20 20:00:04,533 - INFO - 📈 已处理000949 新乡化纤 
2025-08-20 20:00:05,149 - INFO - 📈 已处理000950 重药控股 
2025-08-20 20:00:05,766 - INFO - 📈 已处理000951 中国重汽 
2025-08-20 20:00:06,377 - INFO - 📈 已处理000952 广济药业 
2025-08-20 20:00:06,987 - INFO - 📈 已处理000953 河化股份 
2025-08-20 20:00:07,591 - INFO - 📈 已处理000955 欣龙控股 
2025-08-20 20:00:08,844 - INFO - 📈 已处理000957 中通客车 
2025-08-20 20:00:09,468 - INFO - 📈 已处理000958 电投产融 
2025-08-20 20:00:10,080 - INFO - 📈 已处理000959 首钢股份 
2025-08-20 20:00:10,692 - INFO - 📈 已处理000960 锡业股份 
2025-08-20 20:00:11,903 - INFO - 📈 已处理000962 东方钽业 
2025-08-20 20:00:12,513 - INFO - 📈 已处理000963 华东医药 
2025-08-20 20:00:13,133 - INFO - 📈 已处理000965 天保基建 
2025-08-20 20:00:13,753 - INFO - 📈 已处理000966 长源电力 
2025-08-20 20:00:14,376 - INFO - 📈 已处理000967 盈峰环境 
2025-08-20 20:00:14,976 - INFO - 📈 已处理000968 蓝焰控股 
2025-08-20 20:00:15,589 - INFO - 📈 已处理000969 安泰科技 
2025-08-20 20:00:16,186 - INFO - 📈 已处理000970 中科三环 
2025-08-20 20:00:17,412 - INFO - 📈 已处理000972 *ST中基 
2025-08-20 20:00:18,028 - INFO - 📈 已处理000973 佛塑科技 
2025-08-20 20:00:18,633 - INFO - 📈 已处理000975 山金国际 
2025-08-20 20:00:19,865 - INFO - 📈 已处理000977 浪潮信息 
2025-08-20 20:00:20,469 - INFO - 📈 已处理000978 桂林旅游 
2025-08-20 20:00:21,693 - INFO - 📈 已处理000980 众泰汽车 
2025-08-20 20:00:22,303 - INFO - 📈 已处理000981 山子高科 
2025-08-20 20:00:23,530 - INFO - 📈 已处理000983 山西焦煤 
2025-08-20 20:00:24,153 - INFO - 📈 已处理000985 大庆华科 
2025-08-20 20:00:24,770 - INFO - 📈 已处理000987 越秀资本 
2025-08-20 20:00:25,393 - INFO - 📈 已处理000988 华工科技 
2025-08-20 20:00:25,993 - INFO - 📈 已处理000989 九芝堂 
2025-08-20 20:00:26,595 - INFO - 📈 已处理000990 诚志股份 
2025-08-20 20:00:27,225 - INFO - 📈 已处理000993 闽东电力 
2025-08-20 20:00:27,843 - INFO - 📈 已处理000995 皇台酒业 
2025-08-20 20:00:27,843 - INFO - 📈 已处理 500/5740 只股票，成功 413 只
2025-08-20 20:00:29,071 - INFO - 📈 已处理000997 新大陆 
2025-08-20 20:00:29,683 - INFO - 📈 已处理000998 隆平高科 
2025-08-20 20:00:30,304 - INFO - 📈 已处理000999 华润三九 
2025-08-20 20:00:30,916 - INFO - 📈 已处理001201 东瑞股份 
2025-08-20 20:00:31,530 - INFO - 📈 已处理001202 炬申股份 
2025-08-20 20:00:32,163 - INFO - 📈 已处理001203 大中矿业 
2025-08-20 20:00:32,783 - INFO - 📈 已处理001205 盛航股份 
2025-08-20 20:00:33,402 - INFO - 📈 已处理001206 依依股份 
2025-08-20 20:00:34,015 - INFO - 📈 已处理001207 联科科技 
2025-08-20 20:00:34,640 - INFO - 📈 已处理001208 华菱线缆 
2025-08-20 20:00:35,242 - INFO - 📈 已处理001209 洪兴股份 
2025-08-20 20:00:35,833 - INFO - 📈 已处理001210 金房能源 
2025-08-20 20:00:36,443 - INFO - 📈 已处理001211 双枪科技 
2025-08-20 20:00:37,043 - INFO - 📈 已处理001212 中旗新材 
2025-08-20 20:00:37,642 - WARNING - ⚠️ 001213 中铁特货 K线更新失败: ('Connection aborted.', RemoteDisconnected('Remote end closed connection without response'))
2025-08-20 20:00:38,231 - WARNING - ⚠️ 001215 千味央厨 K线更新失败: ('Connection aborted.', RemoteDisconnected('Remote end closed connection without response'))
2025-08-20 20:00:38,822 - WARNING - ⚠️ 001216 华瓷股份 K线更新失败: ('Connection aborted.', RemoteDisconnected('Remote end closed connection without response'))
2025-08-20 20:00:39,413 - WARNING - ⚠️ 001217 华尔泰 K线更新失败: ('Connection aborted.', RemoteDisconnected('Remote end closed connection without response'))
2025-08-20 20:00:40,014 - WARNING - ⚠️ 001218 丽臣实业 K线更新失败: ('Connection aborted.', RemoteDisconnected('Remote end closed connection without response'))
2025-08-20 20:00:40,606 - WARNING - ⚠️ 001219 青岛食品 K线更新失败: ('Connection aborted.', RemoteDisconnected('Remote end closed connection without response'))
2025-08-20 20:00:41,202 - WARNING - ⚠️ 001221 悍高集团 K线更新失败: ('Connection aborted.', RemoteDisconnected('Remote end closed connection without response'))
2025-08-20 20:00:41,798 - WARNING - ⚠️ 001222 源飞宠物 K线更新失败: ('Connection aborted.', RemoteDisconnected('Remote end closed connection without response'))
2025-08-20 20:00:42,385 - WARNING - ⚠️ 001223 欧克科技 K线更新失败: ('Connection aborted.', RemoteDisconnected('Remote end closed connection without response'))
2025-08-20 20:00:42,974 - WARNING - ⚠️ 001225 和泰机电 K线更新失败: ('Connection aborted.', RemoteDisconnected('Remote end closed connection without response'))
2025-08-20 20:00:43,582 - WARNING - ⚠️ 001226 拓山重工 K线更新失败: ('Connection aborted.', RemoteDisconnected('Remote end closed connection without response'))
2025-08-20 20:00:44,180 - WARNING - ⚠️ 001227 兰州银行 K线更新失败: ('Connection aborted.', RemoteDisconnected('Remote end closed connection without response'))
2025-08-20 20:00:44,774 - WARNING - ⚠️ 001228 永泰运 K线更新失败: ('Connection aborted.', RemoteDisconnected('Remote end closed connection without response'))
2025-08-20 20:00:45,362 - WARNING - ⚠️ 001229 魅视科技 K线更新失败: ('Connection aborted.', RemoteDisconnected('Remote end closed connection without response'))
2025-08-20 20:00:45,963 - WARNING - ⚠️ 001230 劲旅环境 K线更新失败: ('Connection aborted.', RemoteDisconnected('Remote end closed connection without response'))
2025-08-20 20:00:46,556 - WARNING - ⚠️ 001231 农心科技 K线更新失败: ('Connection aborted.', RemoteDisconnected('Remote end closed connection without response'))
2025-08-20 20:00:47,159 - WARNING - ⚠️ 001234 泰慕士 K线更新失败: ('Connection aborted.', RemoteDisconnected('Remote end closed connection without response'))
2025-08-20 20:00:47,762 - WARNING - ⚠️ 001236 弘业期货 K线更新失败: ('Connection aborted.', RemoteDisconnected('Remote end closed connection without response'))
2025-08-20 20:00:48,357 - WARNING - ⚠️ 001238 浙江正特 K线更新失败: ('Connection aborted.', RemoteDisconnected('Remote end closed connection without response'))
2025-08-20 20:00:48,951 - WARNING - ⚠️ 001239 永达股份 K线更新失败: ('Connection aborted.', RemoteDisconnected('Remote end closed connection without response'))
2025-08-20 20:00:49,548 - WARNING - ⚠️ 001255 博菲电气 K线更新失败: ('Connection aborted.', RemoteDisconnected('Remote end closed connection without response'))
2025-08-20 20:00:50,146 - WARNING - ⚠️ 001256 炜冈科技 K线更新失败: ('Connection aborted.', RemoteDisconnected('Remote end closed connection without response'))
2025-08-20 20:00:50,747 - WARNING - ⚠️ 001258 立新能源 K线更新失败: ('Connection aborted.', RemoteDisconnected('Remote end closed connection without response'))
2025-08-20 20:00:51,352 - WARNING - ⚠️ 001259 利仁科技 K线更新失败: ('Connection aborted.', RemoteDisconnected('Remote end closed connection without response'))
2025-08-20 20:00:51,945 - WARNING - ⚠️ 001260 坤泰股份 K线更新失败: ('Connection aborted.', RemoteDisconnected('Remote end closed connection without response'))
2025-08-20 20:00:52,541 - WARNING - ⚠️ 001266 宏英智能 K线更新失败: ('Connection aborted.', RemoteDisconnected('Remote end closed connection without response'))
2025-08-20 20:00:53,125 - WARNING - ⚠️ 001267 汇绿生态 K线更新失败: ('Connection aborted.', RemoteDisconnected('Remote end closed connection without response'))
2025-08-20 20:00:53,730 - WARNING - ⚠️ 001268 联合精密 K线更新失败: ('Connection aborted.', RemoteDisconnected('Remote end closed connection without response'))
2025-08-20 20:00:54,321 - WARNING - ⚠️ 001269 欧晶科技 K线更新失败: ('Connection aborted.', RemoteDisconnected('Remote end closed connection without response'))
2025-08-20 20:00:54,922 - WARNING - ⚠️ 001270 *ST铖昌 K线更新失败: ('Connection aborted.', RemoteDisconnected('Remote end closed connection without response'))
2025-08-20 20:00:55,524 - WARNING - ⚠️ 001277 速达股份 K线更新失败: ('Connection aborted.', RemoteDisconnected('Remote end closed connection without response'))
2025-08-20 20:00:56,121 - WARNING - ⚠️ 001278 一彬科技 K线更新失败: ('Connection aborted.', RemoteDisconnected('Remote end closed connection without response'))
2025-08-20 20:00:56,702 - WARNING - ⚠️ 001279 强邦新材 K线更新失败: ('Connection aborted.', RemoteDisconnected('Remote end closed connection without response'))
2025-08-20 20:00:57,286 - WARNING - ⚠️ 001282 三联锻造 K线更新失败: ('Connection aborted.', RemoteDisconnected('Remote end closed connection without response'))
2025-08-20 20:00:57,886 - WARNING - ⚠️ 001283 豪鹏科技 K线更新失败: ('Connection aborted.', RemoteDisconnected('Remote end closed connection without response'))
2025-08-20 20:00:58,483 - WARNING - ⚠️ 001286 陕西能源 K线更新失败: ('Connection aborted.', RemoteDisconnected('Remote end closed connection without response'))
2025-08-20 20:00:59,082 - WARNING - ⚠️ 001287 中电港 K线更新失败: ('Connection aborted.', RemoteDisconnected('Remote end closed connection without response'))
2025-08-20 20:00:59,672 - WARNING - ⚠️ 001288 运机集团 K线更新失败: ('Connection aborted.', RemoteDisconnected('Remote end closed connection without response'))
2025-08-20 20:01:00,275 - WARNING - ⚠️ 001289 龙源电力 K线更新失败: ('Connection aborted.', RemoteDisconnected('Remote end closed connection without response'))
2025-08-20 20:01:00,873 - WARNING - ⚠️ 001296 长江材料 K线更新失败: ('Connection aborted.', RemoteDisconnected('Remote end closed connection without response'))
2025-08-20 20:01:01,462 - WARNING - ⚠️ 001298 好上好 K线更新失败: ('Connection aborted.', RemoteDisconnected('Remote end closed connection without response'))
2025-08-20 20:01:02,071 - WARNING - ⚠️ 001299 美能能源 K线更新失败: ('Connection aborted.', RemoteDisconnected('Remote end closed connection without response'))
2025-08-20 20:01:02,659 - WARNING - ⚠️ 001300 三柏硕 K线更新失败: ('Connection aborted.', RemoteDisconnected('Remote end closed connection without response'))
2025-08-20 20:01:03,262 - WARNING - ⚠️ 001301 尚太科技 K线更新失败: ('Connection aborted.', RemoteDisconnected('Remote end closed connection without response'))
2025-08-20 20:01:03,854 - WARNING - ⚠️ 001306 夏厦精密 K线更新失败: ('Connection aborted.', RemoteDisconnected('Remote end closed connection without response'))
2025-08-20 20:01:04,466 - WARNING - ⚠️ 001308 康冠科技 K线更新失败: ('Connection aborted.', RemoteDisconnected('Remote end closed connection without response'))
2025-08-20 20:01:05,083 - WARNING - ⚠️ 001309 德明利 K线更新失败: ('Connection aborted.', RemoteDisconnected('Remote end closed connection without response'))
2025-08-20 20:01:05,678 - WARNING - ⚠️ 001311 多利科技 K线更新失败: ('Connection aborted.', RemoteDisconnected('Remote end closed connection without response'))
2025-08-20 20:01:06,267 - WARNING - ⚠️ 001313 粤海饲料 K线更新失败: ('Connection aborted.', RemoteDisconnected('Remote end closed connection without response'))
2025-08-20 20:01:06,862 - WARNING - ⚠️ 001314 亿道信息 K线更新失败: ('Connection aborted.', RemoteDisconnected('Remote end closed connection without response'))
2025-08-20 20:01:07,459 - WARNING - ⚠️ 001316 润贝航科 K线更新失败: ('Connection aborted.', RemoteDisconnected('Remote end closed connection without response'))
2025-08-20 20:01:08,065 - WARNING - ⚠️ 001317 三羊马 K线更新失败: ('Connection aborted.', RemoteDisconnected('Remote end closed connection without response'))
2025-08-20 20:01:08,657 - WARNING - ⚠️ 001318 阳光乳业 K线更新失败: ('Connection aborted.', RemoteDisconnected('Remote end closed connection without response'))
2025-08-20 20:01:09,258 - WARNING - ⚠️ 001319 铭科精技 K线更新失败: ('Connection aborted.', RemoteDisconnected('Remote end closed connection without response'))
2025-08-20 20:01:09,852 - WARNING - ⚠️ 001322 箭牌家居 K线更新失败: ('Connection aborted.', RemoteDisconnected('Remote end closed connection without response'))
2025-08-20 20:01:10,442 - WARNING - ⚠️ 001323 慕思股份 K线更新失败: ('Connection aborted.', RemoteDisconnected('Remote end closed connection without response'))
2025-08-20 20:01:11,051 - WARNING - ⚠️ 001324 长青科技 K线更新失败: ('Connection aborted.', RemoteDisconnected('Remote end closed connection without response'))
2025-08-20 20:01:11,646 - WARNING - ⚠️ 001326 联域股份 K线更新失败: ('Connection aborted.', RemoteDisconnected('Remote end closed connection without response'))
2025-08-20 20:01:12,240 - WARNING - ⚠️ 001328 登康口腔 K线更新失败: ('Connection aborted.', RemoteDisconnected('Remote end closed connection without response'))
2025-08-20 20:01:12,840 - WARNING - ⚠️ 001330 博纳影业 K线更新失败: ('Connection aborted.', RemoteDisconnected('Remote end closed connection without response'))
2025-08-20 20:01:13,450 - WARNING - ⚠️ 001331 胜通能源 K线更新失败: ('Connection aborted.', RemoteDisconnected('Remote end closed connection without response'))
2025-08-20 20:01:14,043 - WARNING - ⚠️ 001332 锡装股份 K线更新失败: ('Connection aborted.', RemoteDisconnected('Remote end closed connection without response'))
2025-08-20 20:01:14,645 - WARNING - ⚠️ 001333 光华股份 K线更新失败: ('Connection aborted.', RemoteDisconnected('Remote end closed connection without response'))
2025-08-20 20:01:15,243 - WARNING - ⚠️ 001335 信凯科技 K线更新失败: ('Connection aborted.', RemoteDisconnected('Remote end closed connection without response'))
2025-08-20 20:01:15,840 - WARNING - ⚠️ 001336 楚环科技 K线更新失败: ('Connection aborted.', RemoteDisconnected('Remote end closed connection without response'))
2025-08-20 20:01:16,447 - WARNING - ⚠️ 001337 四川黄金 K线更新失败: ('Connection aborted.', RemoteDisconnected('Remote end closed connection without response'))
2025-08-20 20:01:17,039 - WARNING - ⚠️ 001338 永顺泰 K线更新失败: ('Connection aborted.', RemoteDisconnected('Remote end closed connection without response'))
2025-08-20 20:01:17,636 - WARNING - ⚠️ 001339 智微智能 K线更新失败: ('Connection aborted.', RemoteDisconnected('Remote end closed connection without response'))
2025-08-20 20:01:18,239 - WARNING - ⚠️ 001356 富岭股份 K线更新失败: ('Connection aborted.', RemoteDisconnected('Remote end closed connection without response'))
2025-08-20 20:01:18,845 - WARNING - ⚠️ 001358 兴欣新材 K线更新失败: ('Connection aborted.', RemoteDisconnected('Remote end closed connection without response'))
2025-08-20 20:01:19,451 - WARNING - ⚠️ 001359 平安电工 K线更新失败: ('Connection aborted.', RemoteDisconnected('Remote end closed connection without response'))
2025-08-20 20:01:20,053 - WARNING - ⚠️ 001360 南矿集团 K线更新失败: ('Connection aborted.', RemoteDisconnected('Remote end closed connection without response'))
2025-08-20 20:01:20,645 - WARNING - ⚠️ 001366 播恩集团 K线更新失败: ('Connection aborted.', RemoteDisconnected('Remote end closed connection without response'))
2025-08-20 20:01:21,240 - WARNING - ⚠️ 001367 海森药业 K线更新失败: ('Connection aborted.', RemoteDisconnected('Remote end closed connection without response'))
2025-08-20 20:01:21,842 - WARNING - ⚠️ 001368 通达创智 K线更新失败: ('Connection aborted.', RemoteDisconnected('Remote end closed connection without response'))
2025-08-20 20:01:22,435 - WARNING - ⚠️ 001373 翔腾新材 K线更新失败: ('Connection aborted.', RemoteDisconnected('Remote end closed connection without response'))
2025-08-20 20:01:23,024 - WARNING - ⚠️ 001376 百通能源 K线更新失败: ('Connection aborted.', RemoteDisconnected('Remote end closed connection without response'))
2025-08-20 20:01:23,627 - WARNING - ⚠️ 001378 德冠新材 K线更新失败: ('Connection aborted.', RemoteDisconnected('Remote end closed connection without response'))
2025-08-20 20:01:24,232 - WARNING - ⚠️ 001379 腾达科技 K线更新失败: ('Connection aborted.', RemoteDisconnected('Remote end closed connection without response'))
2025-08-20 20:01:24,858 - WARNING - ⚠️ 001380 华纬科技 K线更新失败: ('Connection aborted.', RemoteDisconnected('Remote end closed connection without response'))
2025-08-20 20:01:25,443 - WARNING - ⚠️ 001382 新亚电缆 K线更新失败: ('Connection aborted.', RemoteDisconnected('Remote end closed connection without response'))
2025-08-20 20:01:26,044 - WARNING - ⚠️ 001387 雪祺电气 K线更新失败: ('Connection aborted.', RemoteDisconnected('Remote end closed connection without response'))
2025-08-20 20:01:26,636 - WARNING - ⚠️ 001388 信通电子 K线更新失败: ('Connection aborted.', RemoteDisconnected('Remote end closed connection without response'))
2025-08-20 20:01:27,232 - WARNING - ⚠️ 001389 广合科技 K线更新失败: ('Connection aborted.', RemoteDisconnected('Remote end closed connection without response'))
2025-08-20 20:01:27,835 - WARNING - ⚠️ 001390 古麒绒材 K线更新失败: ('Connection aborted.', RemoteDisconnected('Remote end closed connection without response'))
2025-08-20 20:01:28,442 - WARNING - ⚠️ 001391 国货航 K线更新失败: ('Connection aborted.', RemoteDisconnected('Remote end closed connection without response'))
2025-08-20 20:01:29,025 - WARNING - ⚠️ 001395 亚联机械 K线更新失败: ('Connection aborted.', RemoteDisconnected('Remote end closed connection without response'))
2025-08-20 20:01:29,620 - WARNING - ⚠️ 001400 江顺科技 K线更新失败: ('Connection aborted.', RemoteDisconnected('Remote end closed connection without response'))
2025-08-20 20:01:30,215 - WARNING - ⚠️ 001696 宗申动力 K线更新失败: ('Connection aborted.', RemoteDisconnected('Remote end closed connection without response'))
2025-08-20 20:01:30,823 - WARNING - ⚠️ 001872 招商港口 K线更新失败: ('Connection aborted.', RemoteDisconnected('Remote end closed connection without response'))
2025-08-20 20:01:31,417 - WARNING - ⚠️ 001896 豫能控股 K线更新失败: ('Connection aborted.', RemoteDisconnected('Remote end closed connection without response'))
2025-08-20 20:01:32,013 - WARNING - ⚠️ 001914 招商积余 K线更新失败: ('Connection aborted.', RemoteDisconnected('Remote end closed connection without response'))
2025-08-20 20:01:32,609 - WARNING - ⚠️ 001965 招商公路 K线更新失败: ('Connection aborted.', RemoteDisconnected('Remote end closed connection without response'))
2025-08-20 20:01:33,210 - WARNING - ⚠️ 001979 招商蛇口 K线更新失败: ('Connection aborted.', RemoteDisconnected('Remote end closed connection without response'))
2025-08-20 20:01:33,812 - WARNING - ⚠️ 002001 新和成 K线更新失败: ('Connection aborted.', RemoteDisconnected('Remote end closed connection without response'))
2025-08-20 20:01:34,417 - WARNING - ⚠️ 002002 ST鸿达 K线更新失败: ('Connection aborted.', RemoteDisconnected('Remote end closed connection without response'))
2025-08-20 20:01:35,011 - WARNING - ⚠️ 002003 伟星股份 K线更新失败: ('Connection aborted.', RemoteDisconnected('Remote end closed connection without response'))
2025-08-20 20:01:35,592 - WARNING - ⚠️ 002004 华邦健康 K线更新失败: ('Connection aborted.', RemoteDisconnected('Remote end closed connection without response'))
2025-08-20 20:01:36,174 - WARNING - ⚠️ 002005 ST德豪 K线更新失败: ('Connection aborted.', RemoteDisconnected('Remote end closed connection without response'))
2025-08-20 20:01:36,776 - WARNING - ⚠️ 002006 精工科技 K线更新失败: ('Connection aborted.', RemoteDisconnected('Remote end closed connection without response'))
2025-08-20 20:01:37,386 - WARNING - ⚠️ 002007 华兰生物 K线更新失败: ('Connection aborted.', RemoteDisconnected('Remote end closed connection without response'))
2025-08-20 20:01:37,985 - WARNING - ⚠️ 002008 大族激光 K线更新失败: ('Connection aborted.', RemoteDisconnected('Remote end closed connection without response'))
2025-08-20 20:01:38,577 - WARNING - ⚠️ 002009 天奇股份 K线更新失败: ('Connection aborted.', RemoteDisconnected('Remote end closed connection without response'))
2025-08-20 20:01:39,176 - WARNING - ⚠️ 002010 传化智联 K线更新失败: ('Connection aborted.', RemoteDisconnected('Remote end closed connection without response'))
2025-08-20 20:01:39,781 - WARNING - ⚠️ 002011 盾安环境 K线更新失败: ('Connection aborted.', RemoteDisconnected('Remote end closed connection without response'))
2025-08-20 20:01:40,371 - WARNING - ⚠️ 002012 凯恩股份 K线更新失败: ('Connection aborted.', RemoteDisconnected('Remote end closed connection without response'))
2025-08-20 20:01:40,960 - WARNING - ⚠️ 002013 中航机电 K线更新失败: ('Connection aborted.', RemoteDisconnected('Remote end closed connection without response'))
2025-08-20 20:01:41,546 - WARNING - ⚠️ 002014 永新股份 K线更新失败: ('Connection aborted.', RemoteDisconnected('Remote end closed connection without response'))
2025-08-20 20:01:42,147 - WARNING - ⚠️ 002015 协鑫能科 K线更新失败: ('Connection aborted.', RemoteDisconnected('Remote end closed connection without response'))
2025-08-20 20:01:42,751 - WARNING - ⚠️ 002016 世荣兆业 K线更新失败: ('Connection aborted.', RemoteDisconnected('Remote end closed connection without response'))
2025-08-20 20:01:43,341 - WARNING - ⚠️ 002017 东信和平 K线更新失败: ('Connection aborted.', RemoteDisconnected('Remote end closed connection without response'))
2025-08-20 20:01:43,943 - WARNING - ⚠️ 002018 华信退 K线更新失败: ('Connection aborted.', RemoteDisconnected('Remote end closed connection without response'))
2025-08-20 20:01:44,542 - WARNING - ⚠️ 002019 亿帆医药 K线更新失败: ('Connection aborted.', RemoteDisconnected('Remote end closed connection without response'))
2025-08-20 20:01:45,146 - WARNING - ⚠️ 002020 京新药业 K线更新失败: ('Connection aborted.', RemoteDisconnected('Remote end closed connection without response'))
2025-08-20 20:01:45,741 - WARNING - ⚠️ 002021 中捷资源 K线更新失败: ('Connection aborted.', RemoteDisconnected('Remote end closed connection without response'))
2025-08-20 20:01:46,333 - WARNING - ⚠️ 002022 科华生物 K线更新失败: ('Connection aborted.', RemoteDisconnected('Remote end closed connection without response'))
2025-08-20 20:01:46,919 - WARNING - ⚠️ 002023 海特高新 K线更新失败: ('Connection aborted.', RemoteDisconnected('Remote end closed connection without response'))
2025-08-20 20:01:47,509 - WARNING - ⚠️ 002024 ST易购 K线更新失败: ('Connection aborted.', RemoteDisconnected('Remote end closed connection without response'))
2025-08-20 20:01:48,111 - WARNING - ⚠️ 002025 航天电器 K线更新失败: ('Connection aborted.', RemoteDisconnected('Remote end closed connection without response'))
2025-08-20 20:01:48,698 - WARNING - ⚠️ 002026 山东威达 K线更新失败: ('Connection aborted.', RemoteDisconnected('Remote end closed connection without response'))
2025-08-20 20:01:49,296 - WARNING - ⚠️ 002027 分众传媒 K线更新失败: ('Connection aborted.', RemoteDisconnected('Remote end closed connection without response'))
2025-08-20 20:01:49,898 - WARNING - ⚠️ 002028 思源电气 K线更新失败: ('Connection aborted.', RemoteDisconnected('Remote end closed connection without response'))
2025-08-20 20:01:50,490 - WARNING - ⚠️ 002029 七匹狼 K线更新失败: ('Connection aborted.', RemoteDisconnected('Remote end closed connection without response'))
2025-08-20 20:01:51,094 - WARNING - ⚠️ 002030 达安基因 K线更新失败: ('Connection aborted.', RemoteDisconnected('Remote end closed connection without response'))
2025-08-20 20:01:51,686 - WARNING - ⚠️ 002031 巨轮智能 K线更新失败: ('Connection aborted.', RemoteDisconnected('Remote end closed connection without response'))
2025-08-20 20:01:52,271 - WARNING - ⚠️ 002032 苏泊尔 K线更新失败: ('Connection aborted.', RemoteDisconnected('Remote end closed connection without response'))
2025-08-20 20:01:52,879 - WARNING - ⚠️ 002033 丽江股份 K线更新失败: ('Connection aborted.', RemoteDisconnected('Remote end closed connection without response'))
2025-08-20 20:01:53,470 - WARNING - ⚠️ 002034 旺能环境 K线更新失败: ('Connection aborted.', RemoteDisconnected('Remote end closed connection without response'))
2025-08-20 20:01:54,075 - WARNING - ⚠️ 002035 华帝股份 K线更新失败: ('Connection aborted.', RemoteDisconnected('Remote end closed connection without response'))
2025-08-20 20:01:54,674 - WARNING - ⚠️ 002036 联创电子 K线更新失败: ('Connection aborted.', RemoteDisconnected('Remote end closed connection without response'))
2025-08-20 20:01:55,277 - WARNING - ⚠️ 002037 保利联合 K线更新失败: ('Connection aborted.', RemoteDisconnected('Remote end closed connection without response'))
2025-08-20 20:01:55,871 - WARNING - ⚠️ 002038 双鹭药业 K线更新失败: ('Connection aborted.', RemoteDisconnected('Remote end closed connection without response'))
2025-08-20 20:01:56,461 - WARNING - ⚠️ 002039 黔源电力 K线更新失败: ('Connection aborted.', RemoteDisconnected('Remote end closed connection without response'))
2025-08-20 20:01:57,061 - WARNING - ⚠️ 002040 南京港 K线更新失败: ('Connection aborted.', RemoteDisconnected('Remote end closed connection without response'))
2025-08-20 20:01:57,655 - WARNING - ⚠️ 002041 登海种业 K线更新失败: ('Connection aborted.', RemoteDisconnected('Remote end closed connection without response'))
2025-08-20 20:01:58,253 - WARNING - ⚠️ 002042 华孚时尚 K线更新失败: ('Connection aborted.', RemoteDisconnected('Remote end closed connection without response'))
2025-08-20 20:01:58,851 - WARNING - ⚠️ 002043 兔宝宝 K线更新失败: ('Connection aborted.', RemoteDisconnected('Remote end closed connection without response'))
2025-08-20 20:01:59,450 - WARNING - ⚠️ 002044 美年健康 K线更新失败: ('Connection aborted.', RemoteDisconnected('Remote end closed connection without response'))
2025-08-20 20:02:00,052 - WARNING - ⚠️ 002045 国光电器 K线更新失败: ('Connection aborted.', RemoteDisconnected('Remote end closed connection without response'))
2025-08-20 20:02:00,650 - WARNING - ⚠️ 002046 国机精工 K线更新失败: ('Connection aborted.', RemoteDisconnected('Remote end closed connection without response'))
2025-08-20 20:02:01,243 - WARNING - ⚠️ 002047 *ST宝鹰 K线更新失败: ('Connection aborted.', RemoteDisconnected('Remote end closed connection without response'))
2025-08-20 20:02:01,845 - WARNING - ⚠️ 002048 宁波华翔 K线更新失败: ('Connection aborted.', RemoteDisconnected('Remote end closed connection without response'))
2025-08-20 20:02:02,442 - WARNING - ⚠️ 002049 紫光国微 K线更新失败: ('Connection aborted.', RemoteDisconnected('Remote end closed connection without response'))
2025-08-20 20:02:03,037 - WARNING - ⚠️ 002050 三花智控 K线更新失败: ('Connection aborted.', RemoteDisconnected('Remote end closed connection without response'))
2025-08-20 20:02:03,652 - WARNING - ⚠️ 002051 中工国际 K线更新失败: ('Connection aborted.', RemoteDisconnected('Remote end closed connection without response'))
2025-08-20 20:02:04,247 - WARNING - ⚠️ 002052 同洲电子 K线更新失败: ('Connection aborted.', RemoteDisconnected('Remote end closed connection without response'))
2025-08-20 20:02:04,840 - WARNING - ⚠️ 002053 云南能投 K线更新失败: ('Connection aborted.', RemoteDisconnected('Remote end closed connection without response'))
2025-08-20 20:02:05,430 - WARNING - ⚠️ 002054 德美化工 K线更新失败: ('Connection aborted.', RemoteDisconnected('Remote end closed connection without response'))
2025-08-20 20:02:06,016 - WARNING - ⚠️ 002055 得润电子 K线更新失败: ('Connection aborted.', RemoteDisconnected('Remote end closed connection without response'))
2025-08-20 20:02:06,634 - WARNING - ⚠️ 002056 横店东磁 K线更新失败: ('Connection aborted.', RemoteDisconnected('Remote end closed connection without response'))
2025-08-20 20:02:07,240 - WARNING - ⚠️ 002057 中钢天源 K线更新失败: ('Connection aborted.', RemoteDisconnected('Remote end closed connection without response'))
2025-08-20 20:02:07,840 - WARNING - ⚠️ 002058 *ST威尔 K线更新失败: ('Connection aborted.', RemoteDisconnected('Remote end closed connection without response'))
2025-08-20 20:02:08,485 - INFO - 📈 已处理002059 云南旅游 
2025-08-20 20:02:09,080 - WARNING - ⚠️ 002060 广东建工 K线更新失败: ('Connection aborted.', RemoteDisconnected('Remote end closed connection without response'))
2025-08-20 20:02:09,677 - WARNING - ⚠️ 002061 浙江交科 K线更新失败: ('Connection aborted.', RemoteDisconnected('Remote end closed connection without response'))
2025-08-20 20:02:10,272 - WARNING - ⚠️ 002062 宏润建设 K线更新失败: ('Connection aborted.', RemoteDisconnected('Remote end closed connection without response'))
2025-08-20 20:02:10,860 - WARNING - ⚠️ 002063 远光软件 K线更新失败: ('Connection aborted.', RemoteDisconnected('Remote end closed connection without response'))
2025-08-20 20:02:11,460 - WARNING - ⚠️ 002064 华峰化学 K线更新失败: ('Connection aborted.', RemoteDisconnected('Remote end closed connection without response'))
2025-08-20 20:02:12,066 - WARNING - ⚠️ 002065 东华软件 K线更新失败: ('Connection aborted.', RemoteDisconnected('Remote end closed connection without response'))
2025-08-20 20:02:12,650 - WARNING - ⚠️ 002066 瑞泰科技 K线更新失败: ('Connection aborted.', RemoteDisconnected('Remote end closed connection without response'))
2025-08-20 20:02:13,247 - WARNING - ⚠️ 002067 景兴纸业 K线更新失败: ('Connection aborted.', RemoteDisconnected('Remote end closed connection without response'))
2025-08-20 20:02:13,836 - WARNING - ⚠️ 002068 黑猫股份 K线更新失败: ('Connection aborted.', RemoteDisconnected('Remote end closed connection without response'))
2025-08-20 20:02:14,434 - WARNING - ⚠️ 002069 獐子岛 K线更新失败: ('Connection aborted.', RemoteDisconnected('Remote end closed connection without response'))
2025-08-20 20:02:15,030 - WARNING - ⚠️ 002070 众和退 K线更新失败: ('Connection aborted.', RemoteDisconnected('Remote end closed connection without response'))
2025-08-20 20:02:15,633 - WARNING - ⚠️ 002071 长城退 K线更新失败: ('Connection aborted.', RemoteDisconnected('Remote end closed connection without response'))
2025-08-20 20:02:16,220 - WARNING - ⚠️ 002072 凯瑞德 K线更新失败: ('Connection aborted.', RemoteDisconnected('Remote end closed connection without response'))
2025-08-20 20:02:16,820 - WARNING - ⚠️ 002073 软控股份 K线更新失败: ('Connection aborted.', RemoteDisconnected('Remote end closed connection without response'))
2025-08-20 20:02:17,420 - WARNING - ⚠️ 002074 国轩高科 K线更新失败: ('Connection aborted.', RemoteDisconnected('Remote end closed connection without response'))
2025-08-20 20:02:18,023 - WARNING - ⚠️ 002075 沙钢股份 K线更新失败: ('Connection aborted.', RemoteDisconnected('Remote end closed connection without response'))
2025-08-20 20:02:18,617 - WARNING - ⚠️ 002076 *ST星光 K线更新失败: ('Connection aborted.', RemoteDisconnected('Remote end closed connection without response'))
2025-08-20 20:02:19,220 - WARNING - ⚠️ 002077 大港股份 K线更新失败: ('Connection aborted.', RemoteDisconnected('Remote end closed connection without response'))
2025-08-20 20:02:19,820 - WARNING - ⚠️ 002078 太阳纸业 K线更新失败: ('Connection aborted.', RemoteDisconnected('Remote end closed connection without response'))
2025-08-20 20:02:20,420 - WARNING - ⚠️ 002079 苏州固锝 K线更新失败: ('Connection aborted.', RemoteDisconnected('Remote end closed connection without response'))
2025-08-20 20:02:21,006 - WARNING - ⚠️ 002080 中材科技 K线更新失败: ('Connection aborted.', RemoteDisconnected('Remote end closed connection without response'))
2025-08-20 20:02:21,600 - WARNING - ⚠️ 002081 金螳螂 K线更新失败: ('Connection aborted.', RemoteDisconnected('Remote end closed connection without response'))
2025-08-20 20:02:22,203 - WARNING - ⚠️ 002082 万邦德 K线更新失败: ('Connection aborted.', RemoteDisconnected('Remote end closed connection without response'))
2025-08-20 20:02:22,793 - WARNING - ⚠️ 002083 孚日股份 K线更新失败: ('Connection aborted.', RemoteDisconnected('Remote end closed connection without response'))
2025-08-20 20:02:23,382 - WARNING - ⚠️ 002084 海鸥住工 K线更新失败: ('Connection aborted.', RemoteDisconnected('Remote end closed connection without response'))
2025-08-20 20:02:23,970 - WARNING - ⚠️ 002085 万丰奥威 K线更新失败: ('Connection aborted.', RemoteDisconnected('Remote end closed connection without response'))
2025-08-20 20:02:24,560 - WARNING - ⚠️ 002086 东方海洋 K线更新失败: ('Connection aborted.', RemoteDisconnected('Remote end closed connection without response'))
2025-08-20 20:02:25,150 - WARNING - ⚠️ 002087 新纺退 K线更新失败: ('Connection aborted.', RemoteDisconnected('Remote end closed connection without response'))
2025-08-20 20:02:25,740 - WARNING - ⚠️ 002088 鲁阳节能 K线更新失败: ('Connection aborted.', RemoteDisconnected('Remote end closed connection without response'))
2025-08-20 20:02:26,330 - WARNING - ⚠️ 002089 新海退 K线更新失败: ('Connection aborted.', RemoteDisconnected('Remote end closed connection without response'))
2025-08-20 20:02:26,920 - WARNING - ⚠️ 002090 金智科技 K线更新失败: ('Connection aborted.', RemoteDisconnected('Remote end closed connection without response'))
2025-08-20 20:02:27,520 - WARNING - ⚠️ 002091 江苏国泰 K线更新失败: ('Connection aborted.', RemoteDisconnected('Remote end closed connection without response'))
2025-08-20 20:02:28,112 - WARNING - ⚠️ 002092 中泰化学 K线更新失败: ('Connection aborted.', RemoteDisconnected('Remote end closed connection without response'))
2025-08-20 20:02:28,711 - WARNING - ⚠️ 002093 国脉科技 K线更新失败: ('Connection aborted.', RemoteDisconnected('Remote end closed connection without response'))
2025-08-20 20:02:29,301 - WARNING - ⚠️ 002094 青岛金王 K线更新失败: ('Connection aborted.', RemoteDisconnected('Remote end closed connection without response'))
2025-08-20 20:02:29,900 - WARNING - ⚠️ 002095 生意宝 K线更新失败: ('Connection aborted.', RemoteDisconnected('Remote end closed connection without response'))
2025-08-20 20:02:30,503 - WARNING - ⚠️ 002096 易普力 K线更新失败: ('Connection aborted.', RemoteDisconnected('Remote end closed connection without response'))
2025-08-20 20:02:31,107 - WARNING - ⚠️ 002097 山河智能 K线更新失败: ('Connection aborted.', RemoteDisconnected('Remote end closed connection without response'))
2025-08-20 20:02:31,702 - WARNING - ⚠️ 002098 浔兴股份 K线更新失败: ('Connection aborted.', RemoteDisconnected('Remote end closed connection without response'))
2025-08-20 20:02:32,293 - WARNING - ⚠️ 002099 海翔药业 K线更新失败: ('Connection aborted.', RemoteDisconnected('Remote end closed connection without response'))
2025-08-20 20:02:32,894 - WARNING - ⚠️ 002100 天康生物 K线更新失败: ('Connection aborted.', RemoteDisconnected('Remote end closed connection without response'))
2025-08-20 20:02:33,482 - WARNING - ⚠️ 002101 广东鸿图 K线更新失败: ('Connection aborted.', RemoteDisconnected('Remote end closed connection without response'))
2025-08-20 20:02:34,091 - WARNING - ⚠️ 002102 能特科技 K线更新失败: ('Connection aborted.', RemoteDisconnected('Remote end closed connection without response'))
2025-08-20 20:02:34,703 - WARNING - ⚠️ 002103 广博股份 K线更新失败: ('Connection aborted.', RemoteDisconnected('Remote end closed connection without response'))
2025-08-20 20:02:35,290 - WARNING - ⚠️ 002104 恒宝股份 K线更新失败: ('Connection aborted.', RemoteDisconnected('Remote end closed connection without response'))
2025-08-20 20:02:35,876 - WARNING - ⚠️ 002105 信隆健康 K线更新失败: ('Connection aborted.', RemoteDisconnected('Remote end closed connection without response'))
2025-08-20 20:02:36,477 - WARNING - ⚠️ 002106 莱宝高科 K线更新失败: ('Connection aborted.', RemoteDisconnected('Remote end closed connection without response'))
2025-08-20 20:02:37,069 - WARNING - ⚠️ 002107 沃华医药 K线更新失败: ('Connection aborted.', RemoteDisconnected('Remote end closed connection without response'))
2025-08-20 20:02:37,677 - WARNING - ⚠️ 002108 沧州明珠 K线更新失败: ('Connection aborted.', RemoteDisconnected('Remote end closed connection without response'))
2025-08-20 20:02:38,271 - WARNING - ⚠️ 002109 兴化股份 K线更新失败: ('Connection aborted.', RemoteDisconnected('Remote end closed connection without response'))
2025-08-20 20:02:38,873 - WARNING - ⚠️ 002110 三钢闽光 K线更新失败: ('Connection aborted.', RemoteDisconnected('Remote end closed connection without response'))
2025-08-20 20:02:39,469 - WARNING - ⚠️ 002111 威海广泰 K线更新失败: ('Connection aborted.', RemoteDisconnected('Remote end closed connection without response'))
2025-08-20 20:02:40,111 - WARNING - ⚠️ 002112 三变科技 K线更新失败: ('Connection aborted.', RemoteDisconnected('Remote end closed connection without response'))
2025-08-20 20:02:40,744 - WARNING - ⚠️ 002113 *ST天润 K线更新失败: ('Connection aborted.', RemoteDisconnected('Remote end closed connection without response'))
2025-08-20 20:02:41,442 - WARNING - ⚠️ 002114 罗平锌电 K线更新失败: ('Connection aborted.', RemoteDisconnected('Remote end closed connection without response'))
2025-08-20 20:02:42,111 - WARNING - ⚠️ 002115 三维通信 K线更新失败: ('Connection aborted.', RemoteDisconnected('Remote end closed connection without response'))
2025-08-20 20:02:42,777 - WARNING - ⚠️ 002116 中国海诚 K线更新失败: ('Connection aborted.', RemoteDisconnected('Remote end closed connection without response'))
2025-08-20 20:02:43,439 - WARNING - ⚠️ 002117 东港股份 K线更新失败: ('Connection aborted.', RemoteDisconnected('Remote end closed connection without response'))
2025-08-20 20:02:45,899 - WARNING - ⚠️ 002118 *ST紫鑫 K线更新失败: ('Connection aborted.', RemoteDisconnected('Remote end closed connection without response'))
2025-08-20 20:02:46,862 - WARNING - ⚠️ 002119 康强电子 K线更新失败: ('Connection aborted.', RemoteDisconnected('Remote end closed connection without response'))
2025-08-20 20:02:47,528 - WARNING - ⚠️ 002120 韵达股份 K线更新失败: ('Connection aborted.', RemoteDisconnected('Remote end closed connection without response'))
2025-08-20 20:02:48,491 - WARNING - ⚠️ 002121 科陆电子 K线更新失败: ('Connection aborted.', RemoteDisconnected('Remote end closed connection without response'))
2025-08-20 20:02:49,192 - WARNING - ⚠️ 002122 汇洲智能 K线更新失败: ('Connection aborted.', RemoteDisconnected('Remote end closed connection without response'))
2025-08-20 20:02:49,839 - WARNING - ⚠️ 002123 梦网科技 K线更新失败: ('Connection aborted.', RemoteDisconnected('Remote end closed connection without response'))
2025-08-20 20:02:51,514 - WARNING - ⚠️ 002124 天邦食品 K线更新失败: ('Connection aborted.', RemoteDisconnected('Remote end closed connection without response'))
2025-08-20 20:02:53,186 - WARNING - ⚠️ 002125 湘潭电化 K线更新失败: ('Connection aborted.', RemoteDisconnected('Remote end closed connection without response'))
2025-08-20 20:02:54,095 - WARNING - ⚠️ 002126 银轮股份 K线更新失败: ('Connection aborted.', RemoteDisconnected('Remote end closed connection without response'))
2025-08-20 20:02:54,819 - WARNING - ⚠️ 002127 南极电商 K线更新失败: ('Connection aborted.', RemoteDisconnected('Remote end closed connection without response'))
2025-08-20 20:02:55,795 - WARNING - ⚠️ 002128 电投能源 K线更新失败: ('Connection aborted.', RemoteDisconnected('Remote end closed connection without response'))
2025-08-20 20:02:56,709 - WARNING - ⚠️ 002129 TCL中环 K线更新失败: ('Connection aborted.', RemoteDisconnected('Remote end closed connection without response'))
2025-08-20 20:02:57,609 - WARNING - ⚠️ 002130 沃尔核材 K线更新失败: ('Connection aborted.', RemoteDisconnected('Remote end closed connection without response'))
2025-08-20 20:02:58,274 - WARNING - ⚠️ 002131 利欧股份 K线更新失败: ('Connection aborted.', RemoteDisconnected('Remote end closed connection without response'))
2025-08-20 20:02:58,935 - WARNING - ⚠️ 002132 恒星科技 K线更新失败: ('Connection aborted.', RemoteDisconnected('Remote end closed connection without response'))
2025-08-20 20:02:59,585 - WARNING - ⚠️ 002133 广宇集团 K线更新失败: ('Connection aborted.', RemoteDisconnected('Remote end closed connection without response'))
2025-08-20 20:03:00,545 - WARNING - ⚠️ 002134 天津普林 K线更新失败: ('Connection aborted.', RemoteDisconnected('Remote end closed connection without response'))
2025-08-20 20:03:01,199 - WARNING - ⚠️ 002135 东南网架 K线更新失败: ('Connection aborted.', RemoteDisconnected('Remote end closed connection without response'))
2025-08-20 20:03:02,150 - WARNING - ⚠️ 002136 安纳达 K线更新失败: ('Connection aborted.', RemoteDisconnected('Remote end closed connection without response'))
2025-08-20 20:03:03,559 - WARNING - ⚠️ 002137 实益达 K线更新失败: ('Connection aborted.', RemoteDisconnected('Remote end closed connection without response'))
2025-08-20 20:03:04,213 - WARNING - ⚠️ 002138 顺络电子 K线更新失败: ('Connection aborted.', RemoteDisconnected('Remote end closed connection without response'))
2025-08-20 20:03:04,889 - WARNING - ⚠️ 002139 拓邦股份 K线更新失败: ('Connection aborted.', RemoteDisconnected('Remote end closed connection without response'))
2025-08-20 20:03:05,541 - WARNING - ⚠️ 002140 东华科技 K线更新失败: ('Connection aborted.', RemoteDisconnected('Remote end closed connection without response'))
2025-08-20 20:03:06,194 - WARNING - ⚠️ 002141 贤丰控股 K线更新失败: ('Connection aborted.', RemoteDisconnected('Remote end closed connection without response'))
2025-08-20 20:03:06,859 - WARNING - ⚠️ 002142 宁波银行 K线更新失败: ('Connection aborted.', RemoteDisconnected('Remote end closed connection without response'))
2025-08-20 20:03:07,862 - WARNING - ⚠️ 002143 印纪退 K线更新失败: ('Connection aborted.', RemoteDisconnected('Remote end closed connection without response'))
2025-08-20 20:03:08,939 - INFO - 📈 已处理002144 宏达高科 
2025-08-20 20:03:09,589 - WARNING - ⚠️ 002145 中核钛白 K线更新失败: ('Connection aborted.', RemoteDisconnected('Remote end closed connection without response'))
2025-08-20 20:03:10,261 - WARNING - ⚠️ 002146 荣盛发展 K线更新失败: ('Connection aborted.', RemoteDisconnected('Remote end closed connection without response'))
2025-08-20 20:03:10,931 - WARNING - ⚠️ 002147 新光退 K线更新失败: ('Connection aborted.', RemoteDisconnected('Remote end closed connection without response'))
2025-08-20 20:03:11,583 - WARNING - ⚠️ 002148 北纬科技 K线更新失败: ('Connection aborted.', RemoteDisconnected('Remote end closed connection without response'))
2025-08-20 20:03:12,549 - WARNING - ⚠️ 002149 西部材料 K线更新失败: ('Connection aborted.', RemoteDisconnected('Remote end closed connection without response'))
2025-08-20 20:03:13,473 - WARNING - ⚠️ 002150 通润装备 K线更新失败: ('Connection aborted.', RemoteDisconnected('Remote end closed connection without response'))
2025-08-20 20:03:14,132 - WARNING - ⚠️ 002151 北斗星通 K线更新失败: ('Connection aborted.', RemoteDisconnected('Remote end closed connection without response'))
2025-08-20 20:03:14,795 - WARNING - ⚠️ 002152 广电运通 K线更新失败: ('Connection aborted.', RemoteDisconnected('Remote end closed connection without response'))
2025-08-20 20:03:15,453 - WARNING - ⚠️ 002153 石基信息 K线更新失败: ('Connection aborted.', RemoteDisconnected('Remote end closed connection without response'))
2025-08-20 20:03:16,117 - WARNING - ⚠️ 002154 报喜鸟 K线更新失败: ('Connection aborted.', RemoteDisconnected('Remote end closed connection without response'))
2025-08-20 20:03:16,769 - WARNING - ⚠️ 002155 湖南黄金 K线更新失败: ('Connection aborted.', RemoteDisconnected('Remote end closed connection without response'))
2025-08-20 20:03:17,427 - WARNING - ⚠️ 002156 通富微电 K线更新失败: ('Connection aborted.', RemoteDisconnected('Remote end closed connection without response'))
2025-08-20 20:03:18,084 - WARNING - ⚠️ 002157 正邦科技 K线更新失败: ('Connection aborted.', RemoteDisconnected('Remote end closed connection without response'))
2025-08-20 20:03:19,340 - WARNING - ⚠️ 002158 汉钟精机 K线更新失败: ('Connection aborted.', RemoteDisconnected('Remote end closed connection without response'))
2025-08-20 20:03:19,998 - WARNING - ⚠️ 002159 三特索道 K线更新失败: ('Connection aborted.', RemoteDisconnected('Remote end closed connection without response'))
2025-08-20 20:03:20,663 - WARNING - ⚠️ 002160 常铝股份 K线更新失败: ('Connection aborted.', RemoteDisconnected('Remote end closed connection without response'))
2025-08-20 20:03:21,612 - WARNING - ⚠️ 002161 远望谷 K线更新失败: ('Connection aborted.', RemoteDisconnected('Remote end closed connection without response'))
2025-08-20 20:03:22,272 - WARNING - ⚠️ 002162 悦心健康 K线更新失败: ('Connection aborted.', RemoteDisconnected('Remote end closed connection without response'))
2025-08-20 20:03:23,198 - WARNING - ⚠️ 002163 海南发展 K线更新失败: ('Connection aborted.', RemoteDisconnected('Remote end closed connection without response'))
2025-08-20 20:03:24,876 - WARNING - ⚠️ 002164 宁波东力 K线更新失败: ('Connection aborted.', RemoteDisconnected('Remote end closed connection without response'))
2025-08-20 20:03:25,547 - WARNING - ⚠️ 002165 红宝丽 K线更新失败: ('Connection aborted.', RemoteDisconnected('Remote end closed connection without response'))
2025-08-20 20:03:26,218 - WARNING - ⚠️ 002166 莱茵生物 K线更新失败: ('Connection aborted.', RemoteDisconnected('Remote end closed connection without response'))
2025-08-20 20:03:27,226 - WARNING - ⚠️ 002167 东方锆业 K线更新失败: ('Connection aborted.', RemoteDisconnected('Remote end closed connection without response'))
2025-08-20 20:03:27,882 - WARNING - ⚠️ 002168 *ST惠程 K线更新失败: ('Connection aborted.', RemoteDisconnected('Remote end closed connection without response'))
2025-08-20 20:03:28,539 - WARNING - ⚠️ 002169 智光电气 K线更新失败: ('Connection aborted.', RemoteDisconnected('Remote end closed connection without response'))
2025-08-20 20:03:29,190 - WARNING - ⚠️ 002170 芭田股份 K线更新失败: ('Connection aborted.', RemoteDisconnected('Remote end closed connection without response'))
2025-08-20 20:03:29,844 - WARNING - ⚠️ 002171 楚江新材 K线更新失败: ('Connection aborted.', RemoteDisconnected('Remote end closed connection without response'))
2025-08-20 20:03:30,505 - WARNING - ⚠️ 002172 澳洋健康 K线更新失败: ('Connection aborted.', RemoteDisconnected('Remote end closed connection without response'))
2025-08-20 20:03:31,173 - WARNING - ⚠️ 002173 创新医疗 K线更新失败: ('Connection aborted.', RemoteDisconnected('Remote end closed connection without response'))
2025-08-20 20:03:31,828 - WARNING - ⚠️ 002174 游族网络 K线更新失败: ('Connection aborted.', RemoteDisconnected('Remote end closed connection without response'))
2025-08-20 20:03:32,775 - WARNING - ⚠️ 002175 东方智造 K线更新失败: ('Connection aborted.', RemoteDisconnected('Remote end closed connection without response'))
2025-08-20 20:03:33,431 - WARNING - ⚠️ 002176 江特电机 K线更新失败: ('Connection aborted.', RemoteDisconnected('Remote end closed connection without response'))
2025-08-20 20:03:34,381 - WARNING - ⚠️ 002177 御银股份 K线更新失败: ('Connection aborted.', RemoteDisconnected('Remote end closed connection without response'))
2025-08-20 20:03:35,038 - WARNING - ⚠️ 002178 延华智能 K线更新失败: ('Connection aborted.', RemoteDisconnected('Remote end closed connection without response'))
2025-08-20 20:03:35,695 - WARNING - ⚠️ 002179 中航光电 K线更新失败: ('Connection aborted.', RemoteDisconnected('Remote end closed connection without response'))
2025-08-20 20:03:36,351 - WARNING - ⚠️ 002180 纳思达 K线更新失败: ('Connection aborted.', RemoteDisconnected('Remote end closed connection without response'))
2025-08-20 20:03:37,004 - WARNING - ⚠️ 002181 粤传媒 K线更新失败: ('Connection aborted.', RemoteDisconnected('Remote end closed connection without response'))
2025-08-20 20:03:37,670 - WARNING - ⚠️ 002182 宝武镁业 K线更新失败: ('Connection aborted.', RemoteDisconnected('Remote end closed connection without response'))
2025-08-20 20:03:38,335 - WARNING - ⚠️ 002183 怡亚通 K线更新失败: ('Connection aborted.', RemoteDisconnected('Remote end closed connection without response'))
2025-08-20 20:03:38,988 - WARNING - ⚠️ 002184 海得控制 K线更新失败: ('Connection aborted.', RemoteDisconnected('Remote end closed connection without response'))
2025-08-20 20:03:39,648 - WARNING - ⚠️ 002185 华天科技 K线更新失败: ('Connection aborted.', RemoteDisconnected('Remote end closed connection without response'))
2025-08-20 20:03:40,310 - WARNING - ⚠️ 002186 全聚德 K线更新失败: ('Connection aborted.', RemoteDisconnected('Remote end closed connection without response'))
2025-08-20 20:03:41,218 - WARNING - ⚠️ 002187 广百股份 K线更新失败: ('Connection aborted.', RemoteDisconnected('Remote end closed connection without response'))
2025-08-20 20:03:41,881 - WARNING - ⚠️ 002188 中天服务 K线更新失败: ('Connection aborted.', RemoteDisconnected('Remote end closed connection without response'))
2025-08-20 20:03:42,586 - INFO - 📈 已处理002189 中光学 
2025-08-20 20:03:43,238 - INFO - 📈 已处理002190 成飞集成 
2025-08-20 20:03:43,878 - INFO - 📈 已处理002191 劲嘉股份 
2025-08-20 20:03:43,878 - INFO - 📈 已处理 800/5740 只股票，成功 432 只
2025-08-20 20:03:44,528 - INFO - 📈 已处理002192 融捷股份 
2025-08-20 20:03:45,188 - INFO - 📈 已处理002193 如意集团 
2025-08-20 20:03:45,838 - INFO - 📈 已处理002194 武汉凡谷 
2025-08-20 20:03:46,493 - INFO - 📈 已处理002195 岩山科技 
2025-08-20 20:03:47,138 - INFO - 📈 已处理002196 方正电机 
2025-08-20 20:03:47,778 - INFO - 📈 已处理002197 ST证通 
2025-08-20 20:03:48,428 - INFO - 📈 已处理002198 嘉应制药 
2025-08-20 20:03:49,068 - INFO - 📈 已处理002199 *ST东晶 
2025-08-20 20:03:49,725 - INFO - 📈 已处理002200 *ST交投 
2025-08-20 20:03:50,384 - INFO - 📈 已处理002201 九鼎新材 
2025-08-20 20:03:51,038 - INFO - 📈 已处理002202 金风科技 
2025-08-20 20:03:51,712 - INFO - 📈 已处理002203 海亮股份 
2025-08-20 20:03:52,358 - INFO - 📈 已处理002204 大连重工 
2025-08-20 20:03:53,023 - INFO - 📈 已处理002205 国统股份 
2025-08-20 20:03:53,694 - INFO - 📈 已处理002206 海利得 
2025-08-20 20:03:54,350 - INFO - 📈 已处理002207 准油股份 
2025-08-20 20:03:55,008 - INFO - 📈 已处理002208 合肥城建 
2025-08-20 20:03:55,655 - INFO - 📈 已处理002209 达意隆 
2025-08-20 20:03:56,316 - INFO - 📈 已处理002210 飞马国际 
2025-08-20 20:03:56,938 - INFO - 📈 已处理002211 ST宏达 
2025-08-20 20:03:57,598 - INFO - 📈 已处理002212 天融信 
2025-08-20 20:03:58,250 - INFO - 📈 已处理002213 大为股份 
2025-08-20 20:03:58,896 - INFO - 📈 已处理002214 *ST大立 
2025-08-20 20:03:59,546 - INFO - 📈 已处理002215 诺普信 
2025-08-20 20:04:00,196 - INFO - 📈 已处理002216 三全食品 
2025-08-20 20:04:00,859 - INFO - 📈 已处理002217 合力泰 
2025-08-20 20:04:01,522 - INFO - 📈 已处理002218 拓日新能 
2025-08-20 20:04:02,176 - INFO - 📈 已处理002219 新里程 
2025-08-20 20:04:03,481 - INFO - 📈 已处理002221 东华能源 
2025-08-20 20:04:04,126 - INFO - 📈 已处理002222 福晶科技 
2025-08-20 20:04:04,777 - INFO - 📈 已处理002223 鱼跃医疗 
2025-08-20 20:04:05,478 - INFO - 📈 已处理002224 三力士 
2025-08-20 20:04:06,133 - INFO - 📈 已处理002225 濮耐股份 
2025-08-20 20:04:06,797 - INFO - 📈 已处理002226 江南化工 
2025-08-20 20:04:07,474 - INFO - 📈 已处理002227 奥特迅 
2025-08-20 20:04:08,135 - INFO - 📈 已处理002228 合兴包装 
2025-08-20 20:04:08,777 - INFO - 📈 已处理002229 鸿博股份 
2025-08-20 20:04:09,438 - INFO - 📈 已处理002230 科大讯飞 
2025-08-20 20:04:10,120 - INFO - 📈 已处理002231 *ST奥维 
2025-08-20 20:04:10,774 - INFO - 📈 已处理002232 启明信息 
2025-08-20 20:04:11,459 - INFO - 📈 已处理002233 塔牌集团 
2025-08-20 20:04:12,116 - INFO - 📈 已处理002234 民和股份 
2025-08-20 20:04:12,775 - INFO - 📈 已处理002235 安妮股份 
2025-08-20 20:04:13,447 - INFO - 📈 已处理002236 大华股份 
2025-08-20 20:04:14,091 - INFO - 📈 已处理002237 恒邦股份 
2025-08-20 20:04:14,737 - INFO - 📈 已处理002238 天威视讯 
2025-08-20 20:04:15,387 - INFO - 📈 已处理002239 奥特佳 
2025-08-20 20:04:16,068 - INFO - 📈 已处理002240 盛新锂能 
2025-08-20 20:04:16,725 - INFO - 📈 已处理002241 歌尔股份 
2025-08-20 20:04:16,725 - INFO - 📈 已处理 850/5740 只股票，成功 481 只
2025-08-20 20:04:17,367 - INFO - 📈 已处理002242 九阳股份 
2025-08-20 20:04:18,019 - INFO - 📈 已处理002243 力合科创 
2025-08-20 20:04:18,677 - INFO - 📈 已处理002244 滨江集团 
2025-08-20 20:04:19,347 - INFO - 📈 已处理002245 蔚蓝锂芯 
2025-08-20 20:04:19,987 - INFO - 📈 已处理002246 北化股份 
2025-08-20 20:04:20,631 - INFO - 📈 已处理002247 聚力文化 
2025-08-20 20:04:21,270 - INFO - 📈 已处理002248 华东数控 
2025-08-20 20:04:21,907 - INFO - 📈 已处理002249 大洋电机 
2025-08-20 20:04:22,561 - INFO - 📈 已处理002250 联化科技 
2025-08-20 20:04:23,207 - INFO - 📈 已处理002251 步步高 
2025-08-20 20:04:23,886 - INFO - 📈 已处理002252 上海莱士 
2025-08-20 20:04:25,037 - INFO - 📈 已处理002253 *ST智胜 
2025-08-20 20:04:25,675 - INFO - 📈 已处理002254 泰和新材 
2025-08-20 20:04:26,360 - INFO - 📈 已处理002255 海陆重工 
2025-08-20 20:04:27,007 - INFO - 📈 已处理002256 兆新股份 
2025-08-20 20:04:27,667 - INFO - 📈 已处理002258 利尔化学 
2025-08-20 20:04:28,312 - INFO - 📈 已处理002259 升达林业 
2025-08-20 20:04:29,629 - INFO - 📈 已处理002261 拓维信息 
2025-08-20 20:04:30,276 - INFO - 📈 已处理002262 恩华药业 
2025-08-20 20:04:30,947 - INFO - 📈 已处理002263 大东南 
2025-08-20 20:04:31,597 - INFO - 📈 已处理002264 新华都 
2025-08-20 20:04:32,257 - INFO - 📈 已处理002265 建设工业 
2025-08-20 20:04:32,892 - INFO - 📈 已处理002266 浙富控股 
2025-08-20 20:04:33,557 - INFO - 📈 已处理002267 陕天然气 
2025-08-20 20:04:34,207 - INFO - 📈 已处理002268 电科网安 
2025-08-20 20:04:34,847 - INFO - 📈 已处理002269 美邦服饰 
2025-08-20 20:04:35,510 - INFO - 📈 已处理002270 华明装备 
2025-08-20 20:04:36,167 - INFO - 📈 已处理002271 东方雨虹 
2025-08-20 20:04:36,817 - INFO - 📈 已处理002272 川润股份 
2025-08-20 20:04:37,483 - INFO - 📈 已处理002273 水晶光电 
2025-08-20 20:04:38,128 - INFO - 📈 已处理002274 华昌化工 
2025-08-20 20:04:38,797 - INFO - 📈 已处理002275 桂林三金 
2025-08-20 20:04:39,447 - INFO - 📈 已处理002276 万马股份 
2025-08-20 20:04:40,117 - INFO - 📈 已处理002277 友阿股份 
2025-08-20 20:04:40,747 - INFO - 📈 已处理002278 神开股份 
2025-08-20 20:04:41,397 - INFO - 📈 已处理002279 久其软件 
2025-08-20 20:04:42,709 - INFO - 📈 已处理002281 光迅科技 
2025-08-20 20:04:43,357 - INFO - 📈 已处理002282 博深股份 
2025-08-20 20:04:43,997 - INFO - 📈 已处理002283 天润工业 
2025-08-20 20:04:44,627 - INFO - 📈 已处理002284 亚太股份 
2025-08-20 20:04:45,287 - INFO - 📈 已处理002285 世联行 
2025-08-20 20:04:45,936 - INFO - 📈 已处理002286 保龄宝 
2025-08-20 20:04:46,576 - INFO - 📈 已处理002287 奇正藏药 
2025-08-20 20:04:47,860 - INFO - 📈 已处理002289 *ST宇顺 
2025-08-20 20:04:48,528 - INFO - 📈 已处理002290 禾盛新材 
2025-08-20 20:04:49,160 - INFO - 📈 已处理002291 遥望科技 
2025-08-20 20:04:49,833 - INFO - 📈 已处理002292 奥飞娱乐 
2025-08-20 20:04:49,834 - INFO - 📈 已处理 900/5740 只股票，成功 528 只
2025-08-20 20:04:50,475 - INFO - 📈 已处理002293 罗莱生活 
2025-08-20 20:04:51,109 - INFO - 📈 已处理002294 信立泰 
2025-08-20 20:04:51,769 - INFO - 📈 已处理002295 精艺股份 
2025-08-20 20:04:52,439 - INFO - 📈 已处理002296 辉煌科技 
2025-08-20 20:04:53,078 - INFO - 📈 已处理002297 博云新材 
2025-08-20 20:04:53,726 - INFO - 📈 已处理002298 中电鑫龙 
2025-08-20 20:04:54,373 - INFO - 📈 已处理002299 圣农发展 
2025-08-20 20:04:55,038 - INFO - 📈 已处理002300 太阳电缆 
2025-08-20 20:04:55,689 - INFO - 📈 已处理002301 齐心集团 
2025-08-20 20:04:56,348 - INFO - 📈 已处理002302 西部建设 
2025-08-20 20:04:56,986 - INFO - 📈 已处理002303 美盈森 
2025-08-20 20:04:57,626 - INFO - 📈 已处理002304 洋河股份 
2025-08-20 20:04:58,276 - INFO - 📈 已处理002305 *ST南置 
2025-08-20 20:04:58,956 - INFO - 📈 已处理002306 *ST云网 
2025-08-20 20:04:59,606 - INFO - 📈 已处理002307 北新路桥 
2025-08-20 20:05:00,936 - INFO - 📈 已处理002309 中利集团 
2025-08-20 20:05:01,606 - INFO - 📈 已处理002310 东方园林 
2025-08-20 20:05:02,256 - INFO - 📈 已处理002311 海大集团 
2025-08-20 20:05:02,896 - INFO - 📈 已处理002312 川发龙蟒 
2025-08-20 20:05:03,557 - INFO - 📈 已处理002313 日海智能 
2025-08-20 20:05:04,208 - INFO - 📈 已处理002314 南山控股 
2025-08-20 20:05:04,859 - INFO - 📈 已处理002315 焦点科技 
2025-08-20 20:05:05,518 - INFO - 📈 已处理002316 ST亚联 
2025-08-20 20:05:06,185 - INFO - 📈 已处理002317 众生药业 
2025-08-20 20:05:07,216 - INFO - 📈 已处理002318 久立特材 
2025-08-20 20:05:07,914 - INFO - 📈 已处理002319 乐通股份 
2025-08-20 20:05:08,596 - INFO - 📈 已处理002320 海峡股份 
2025-08-20 20:05:09,258 - INFO - 📈 已处理002321 华英农业 
2025-08-20 20:05:09,916 - INFO - 📈 已处理002322 理工能科 
2025-08-20 20:05:10,565 - INFO - 📈 已处理002323 雅博股份 
2025-08-20 20:05:11,236 - INFO - 📈 已处理002324 普利特 
2025-08-20 20:05:12,526 - INFO - 📈 已处理002326 永太科技 
2025-08-20 20:05:13,166 - INFO - 📈 已处理002327 富安娜 
2025-08-20 20:05:13,817 - INFO - 📈 已处理002328 新朋股份 
2025-08-20 20:05:14,520 - INFO - 📈 已处理002329 皇氏集团 
2025-08-20 20:05:15,167 - INFO - 📈 已处理002330 得利斯 
2025-08-20 20:05:15,826 - INFO - 📈 已处理002331 皖通科技 
2025-08-20 20:05:16,491 - INFO - 📈 已处理002332 仙琚制药 
2025-08-20 20:05:17,186 - INFO - 📈 已处理002333 罗普斯金 
2025-08-20 20:05:17,863 - INFO - 📈 已处理002334 英威腾 
2025-08-20 20:05:18,542 - INFO - 📈 已处理002335 科华数据 
2025-08-20 20:05:19,832 - INFO - 📈 已处理002337 赛象科技 
2025-08-20 20:05:20,488 - INFO - 📈 已处理002338 奥普光电 
2025-08-20 20:05:21,151 - INFO - 📈 已处理002339 积成电子 
2025-08-20 20:05:21,814 - INFO - 📈 已处理002340 格林美 
2025-08-20 20:05:23,117 - INFO - 📈 已处理002342 巨力索具 
2025-08-20 20:05:23,117 - INFO - 📈 已处理 950/5740 只股票，成功 574 只
2025-08-20 20:05:23,786 - INFO - 📈 已处理002343 慈文传媒 
2025-08-20 20:05:24,446 - INFO - 📈 已处理002344 海宁皮城 
2025-08-20 20:05:25,106 - INFO - 📈 已处理002345 潮宏基 
2025-08-20 20:05:25,746 - INFO - 📈 已处理002346 柘中股份 
2025-08-20 20:05:26,409 - INFO - 📈 已处理002347 泰尔股份 
2025-08-20 20:05:27,056 - INFO - 📈 已处理002348 高乐股份 
2025-08-20 20:05:27,712 - INFO - 📈 已处理002349 精华制药 
2025-08-20 20:05:28,411 - INFO - 📈 已处理002350 北京科锐 
2025-08-20 20:05:29,059 - INFO - 📈 已处理002351 漫步者 
2025-08-20 20:05:29,716 - INFO - 📈 已处理002352 顺丰控股 
2025-08-20 20:05:30,357 - INFO - 📈 已处理002353 杰瑞股份 
2025-08-20 20:05:31,141 - INFO - 📈 已处理002354 天娱数科 
2025-08-20 20:05:31,779 - INFO - 📈 已处理002355 兴民智通 
2025-08-20 20:05:32,422 - INFO - 📈 已处理002356 赫美集团 
2025-08-20 20:05:33,066 - INFO - 📈 已处理002357 富临运业 
2025-08-20 20:05:33,719 - INFO - 📈 已处理002358 森源电气 
2025-08-20 20:05:35,031 - INFO - 📈 已处理002360 同德化工 
2025-08-20 20:05:35,686 - INFO - 📈 已处理002361 神剑股份 
2025-08-20 20:05:36,326 - INFO - 📈 已处理002362 汉王科技 
2025-08-20 20:05:37,135 - INFO - 📈 已处理002363 隆基机械 
2025-08-20 20:05:37,796 - INFO - 📈 已处理002364 中恒电气 
2025-08-20 20:05:38,444 - INFO - 📈 已处理002365 永安药业 
2025-08-20 20:05:39,105 - INFO - 📈 已处理002366 融发核电 
2025-08-20 20:05:39,774 - INFO - 📈 已处理002367 康力电梯 
2025-08-20 20:05:40,435 - INFO - 📈 已处理002368 太极股份 
2025-08-20 20:05:41,075 - INFO - 📈 已处理002369 卓翼科技 
2025-08-20 20:05:41,735 - INFO - 📈 已处理002370 亚太药业 
2025-08-20 20:05:42,383 - INFO - 📈 已处理002371 北方华创 
2025-08-20 20:05:43,025 - INFO - 📈 已处理002372 伟星新材 
2025-08-20 20:05:43,675 - INFO - 📈 已处理002373 千方科技 
2025-08-20 20:05:44,327 - INFO - 📈 已处理002374 中锐股份 
2025-08-20 20:05:44,990 - INFO - 📈 已处理002375 亚厦股份 
2025-08-20 20:05:45,665 - INFO - 📈 已处理002376 新北洋 
2025-08-20 20:05:46,319 - INFO - 📈 已处理002377 国创高新 
2025-08-20 20:05:46,974 - INFO - 📈 已处理002378 章源钨业 
2025-08-20 20:05:47,615 - INFO - 📈 已处理002379 宏创控股 
2025-08-20 20:05:48,265 - INFO - 📈 已处理002380 科远智慧 
2025-08-20 20:05:48,925 - INFO - 📈 已处理002381 双箭股份 
2025-08-20 20:05:49,567 - INFO - 📈 已处理002382 蓝帆医疗 
2025-08-20 20:05:50,226 - INFO - 📈 已处理002383 合众思壮 
2025-08-20 20:05:50,901 - INFO - 📈 已处理002384 东山精密 
2025-08-20 20:05:51,535 - INFO - 📈 已处理002385 大北农 
2025-08-20 20:05:52,208 - INFO - 📈 已处理002386 天原股份 
2025-08-20 20:05:52,860 - INFO - 📈 已处理002387 维信诺 
2025-08-20 20:05:53,515 - INFO - 📈 已处理002388 ST新亚 
2025-08-20 20:05:54,173 - INFO - 📈 已处理002389 航天彩虹 
2025-08-20 20:05:54,847 - INFO - 📈 已处理002390 信邦制药 
2025-08-20 20:05:55,481 - INFO - 📈 已处理002391 长青股份 
2025-08-20 20:05:56,141 - INFO - 📈 已处理002392 北京利尔 
2025-08-20 20:05:56,141 - INFO - 📈 已处理 1000/5740 只股票，成功 623 只
2025-08-20 20:05:56,829 - INFO - 📈 已处理002393 力生制药 
2025-08-20 20:05:57,495 - INFO - 📈 已处理002394 联发股份 
2025-08-20 20:05:58,152 - INFO - 📈 已处理002395 双象股份 
2025-08-20 20:05:58,815 - INFO - 📈 已处理002396 星网锐捷 
2025-08-20 20:05:59,485 - INFO - 📈 已处理002397 梦洁股份 
2025-08-20 20:06:00,135 - INFO - 📈 已处理002398 垒知集团 
2025-08-20 20:06:00,813 - INFO - 📈 已处理002399 海普瑞 
2025-08-20 20:06:01,483 - INFO - 📈 已处理002400 省广集团 
2025-08-20 20:06:02,143 - INFO - 📈 已处理002401 中远海科 
2025-08-20 20:06:02,785 - INFO - 📈 已处理002402 和而泰 
2025-08-20 20:06:03,445 - INFO - 📈 已处理002403 爱仕达 
2025-08-20 20:06:04,155 - INFO - 📈 已处理002404 嘉欣丝绸 
2025-08-20 20:06:04,810 - INFO - 📈 已处理002405 四维图新 
2025-08-20 20:06:05,455 - INFO - 📈 已处理002406 远东传动 
2025-08-20 20:06:06,117 - INFO - 📈 已处理002407 多氟多 
2025-08-20 20:06:06,769 - INFO - 📈 已处理002408 齐翔腾达 
2025-08-20 20:06:07,417 - INFO - 📈 已处理002409 雅克科技 
2025-08-20 20:06:08,066 - INFO - 📈 已处理002410 广联达 
2025-08-20 20:06:09,345 - INFO - 📈 已处理002412 汉森制药 
2025-08-20 20:06:09,994 - INFO - 📈 已处理002413 雷科防务 
2025-08-20 20:06:10,642 - INFO - 📈 已处理002414 高德红外 
2025-08-20 20:06:11,285 - INFO - 📈 已处理002415 海康威视 
2025-08-20 20:06:11,915 - INFO - 📈 已处理002416 爱施德 
2025-08-20 20:06:13,216 - INFO - 📈 已处理002418 康盛股份 
2025-08-20 20:06:13,854 - INFO - 📈 已处理002419 天虹股份 
2025-08-20 20:06:14,524 - INFO - 📈 已处理002420 毅昌科技 
2025-08-20 20:06:15,185 - INFO - 📈 已处理002421 达实智能 
2025-08-20 20:06:15,842 - INFO - 📈 已处理002422 科伦药业 
2025-08-20 20:06:16,485 - INFO - 📈 已处理002423 中粮资本 
2025-08-20 20:06:17,130 - INFO - 📈 已处理002424 贵州百灵 
2025-08-20 20:06:17,784 - INFO - 📈 已处理002425 ST凯文 
2025-08-20 20:06:18,468 - INFO - 📈 已处理002426 胜利精密 
2025-08-20 20:06:19,121 - INFO - 📈 已处理002427 尤夫股份 
2025-08-20 20:06:19,770 - INFO - 📈 已处理002428 云南锗业 
2025-08-20 20:06:20,414 - INFO - 📈 已处理002429 兆驰股份 
2025-08-20 20:06:21,064 - INFO - 📈 已处理002430 杭氧股份 
2025-08-20 20:06:21,732 - INFO - 📈 已处理002431 棕榈股份 
2025-08-20 20:06:22,427 - INFO - 📈 已处理002432 九安医疗 
2025-08-20 20:06:23,744 - INFO - 📈 已处理002434 万里扬 
2025-08-20 20:06:25,034 - INFO - 📈 已处理002436 兴森科技 
2025-08-20 20:06:25,687 - INFO - 📈 已处理002437 誉衡药业 
2025-08-20 20:06:26,348 - INFO - 📈 已处理002438 江苏神通 
2025-08-20 20:06:26,994 - INFO - 📈 已处理002439 启明星辰 
2025-08-20 20:06:27,644 - INFO - 📈 已处理002440 闰土股份 
2025-08-20 20:06:28,294 - INFO - 📈 已处理002441 众业达 
2025-08-20 20:06:28,934 - INFO - 📈 已处理002442 龙星科技 
2025-08-20 20:06:28,944 - INFO - 📈 已处理 1050/5740 只股票，成功 669 只
2025-08-20 20:06:29,594 - INFO - 📈 已处理002443 金洲管道 
2025-08-20 20:06:30,243 - INFO - 📈 已处理002444 巨星科技 
2025-08-20 20:06:30,904 - INFO - 📈 已处理002445 中南文化 
2025-08-20 20:06:31,576 - INFO - 📈 已处理002446 盛路通信 
2025-08-20 20:06:32,885 - INFO - 📈 已处理002448 中原内配 
2025-08-20 20:06:33,554 - INFO - 📈 已处理002449 国星光电 
2025-08-20 20:06:34,874 - INFO - 📈 已处理002451 摩恩电气 
2025-08-20 20:06:35,524 - INFO - 📈 已处理002452 长高电新 
2025-08-20 20:06:36,194 - INFO - 📈 已处理002453 华软科技 
2025-08-20 20:06:36,904 - INFO - 📈 已处理002454 松芝股份 
2025-08-20 20:06:37,574 - INFO - 📈 已处理002455 百川股份 
2025-08-20 20:06:38,236 - INFO - 📈 已处理002456 欧菲光 
2025-08-20 20:06:38,924 - INFO - 📈 已处理002457 青龙管业 
2025-08-20 20:06:39,686 - INFO - 📈 已处理002458 益生股份 
2025-08-20 20:06:40,402 - INFO - 📈 已处理002459 晶澳科技 
2025-08-20 20:06:41,088 - INFO - 📈 已处理002460 赣锋锂业 
2025-08-20 20:06:41,813 - INFO - 📈 已处理002461 珠江啤酒 
2025-08-20 20:06:42,473 - INFO - 📈 已处理002462 嘉事堂 
2025-08-20 20:06:43,128 - INFO - 📈 已处理002463 沪电股份 
2025-08-20 20:06:44,407 - INFO - 📈 已处理002465 海格通信 
2025-08-20 20:06:45,056 - INFO - 📈 已处理002466 天齐锂业 
2025-08-20 20:06:45,700 - INFO - 📈 已处理002467 二六三 
2025-08-20 20:06:46,346 - INFO - 📈 已处理002468 申通快递 
2025-08-20 20:06:46,998 - INFO - 📈 已处理002469 三维化学 
2025-08-20 20:06:47,653 - INFO - 📈 已处理002470 金正大 
2025-08-20 20:06:48,318 - INFO - 📈 已处理002471 中超控股 
2025-08-20 20:06:49,008 - INFO - 📈 已处理002472 双环传动 
2025-08-20 20:06:50,379 - INFO - 📈 已处理002474 榕基软件 
2025-08-20 20:06:51,038 - INFO - 📈 已处理002475 立讯精密 
2025-08-20 20:06:51,681 - INFO - 📈 已处理002476 宝莫股份 
2025-08-20 20:06:52,988 - INFO - 📈 已处理002478 常宝股份 
2025-08-20 20:06:53,649 - INFO - 📈 已处理002479 富春环保 
2025-08-20 20:06:54,298 - INFO - 📈 已处理002480 新筑股份 
2025-08-20 20:06:54,945 - INFO - 📈 已处理002481 双塔食品 
2025-08-20 20:06:55,588 - INFO - 📈 已处理002482 广田集团 
2025-08-20 20:06:56,229 - INFO - 📈 已处理002483 润邦股份 
2025-08-20 20:06:56,863 - INFO - 📈 已处理002484 江海股份 
2025-08-20 20:06:57,527 - INFO - 📈 已处理002485 ST雪发 
2025-08-20 20:06:58,202 - INFO - 📈 已处理002486 嘉麟杰 
2025-08-20 20:06:58,857 - INFO - 📈 已处理002487 大金重工 
2025-08-20 20:06:59,514 - INFO - 📈 已处理002488 金固股份 
2025-08-20 20:07:00,160 - INFO - 📈 已处理002489 浙江永强 
2025-08-20 20:07:00,807 - INFO - 📈 已处理002490 山东墨龙 
2025-08-20 20:07:01,490 - INFO - 📈 已处理002491 通鼎互联 
2025-08-20 20:07:02,135 - INFO - 📈 已处理002492 恒基达鑫 
2025-08-20 20:07:02,135 - INFO - 📈 已处理 1100/5740 只股票，成功 714 只
2025-08-20 20:07:02,787 - INFO - 📈 已处理002493 荣盛石化 
2025-08-20 20:07:03,428 - INFO - 📈 已处理002494 华斯股份 
2025-08-20 20:07:04,068 - INFO - 📈 已处理002495 佳隆股份 
2025-08-20 20:07:04,737 - INFO - 📈 已处理002496 *ST辉丰 
2025-08-20 20:07:05,386 - INFO - 📈 已处理002497 雅化集团 
2025-08-20 20:07:06,034 - INFO - 📈 已处理002498 汉缆股份 
2025-08-20 20:07:07,319 - INFO - 📈 已处理002500 山西证券 
2025-08-20 20:07:07,979 - INFO - 📈 已处理002501 利源股份 
2025-08-20 20:07:11,196 - INFO - 📈 已处理002506 协鑫集成 
2025-08-20 20:07:11,848 - INFO - 📈 已处理002507 涪陵榨菜 
2025-08-20 20:07:12,519 - INFO - 📈 已处理002508 老板电器 
2025-08-20 20:07:14,327 - INFO - 📈 已处理002510 天汽模 
2025-08-20 20:07:14,972 - INFO - 📈 已处理002511 中顺洁柔 
2025-08-20 20:07:15,655 - INFO - 📈 已处理002512 达华智能 
2025-08-20 20:07:16,307 - INFO - 📈 已处理002513 蓝丰生化 
2025-08-20 20:07:16,957 - INFO - 📈 已处理002514 宝馨科技 
2025-08-20 20:07:17,598 - INFO - 📈 已处理002515 金字火腿 
2025-08-20 20:07:18,242 - INFO - 📈 已处理002516 旷达科技 
2025-08-20 20:07:18,911 - INFO - 📈 已处理002517 恺英网络 
2025-08-20 20:07:19,577 - INFO - 📈 已处理002518 科士达 
2025-08-20 20:07:20,255 - INFO - 📈 已处理002519 银河电子 
2025-08-20 20:07:20,903 - INFO - 📈 已处理002520 日发精机 
2025-08-20 20:07:21,569 - INFO - 📈 已处理002521 齐峰新材 
2025-08-20 20:07:22,233 - INFO - 📈 已处理002522 浙江众成 
2025-08-20 20:07:22,927 - INFO - 📈 已处理002523 天桥起重 
2025-08-20 20:07:23,587 - INFO - 📈 已处理002524 光正眼科 
2025-08-20 20:07:24,226 - INFO - 📈 已处理002526 山东矿机 
2025-08-20 20:07:24,888 - INFO - 📈 已处理002527 新时达 
2025-08-20 20:07:25,537 - INFO - 📈 已处理002528 ST英飞拓 
2025-08-20 20:07:26,193 - INFO - 📈 已处理002529 *ST海源 
2025-08-20 20:07:26,859 - INFO - 📈 已处理002530 金财互联 
2025-08-20 20:07:27,527 - INFO - 📈 已处理002531 天顺风能 
2025-08-20 20:07:28,177 - INFO - 📈 已处理002532 天山铝业 
2025-08-20 20:07:28,838 - INFO - 📈 已处理002533 金杯电工 
2025-08-20 20:07:29,507 - INFO - 📈 已处理002534 西子洁能 
2025-08-20 20:07:30,151 - INFO - 📈 已处理002535 林州重机 
2025-08-20 20:07:30,797 - INFO - 📈 已处理002536 飞龙股份 
2025-08-20 20:07:31,445 - INFO - 📈 已处理002537 海联金汇 
2025-08-20 20:07:32,077 - INFO - 📈 已处理002538 司尔特 
2025-08-20 20:07:33,240 - INFO - 📈 已处理002539 云图控股 
2025-08-20 20:07:33,888 - INFO - 📈 已处理002540 亚太科技 
2025-08-20 20:07:34,542 - INFO - 📈 已处理002541 鸿路钢构 
2025-08-20 20:07:35,201 - INFO - 📈 已处理002542 中化岩土 
2025-08-20 20:07:35,887 - INFO - 📈 已处理002543 万和电气 
2025-08-20 20:07:35,888 - INFO - 📈 已处理 1150/5740 只股票，成功 758 只
2025-08-20 20:07:36,542 - INFO - 📈 已处理002544 普天科技 
2025-08-20 20:07:37,197 - INFO - 📈 已处理002545 东方铁塔 
2025-08-20 20:07:37,852 - INFO - 📈 已处理002546 新联电子 
2025-08-20 20:07:38,504 - INFO - 📈 已处理002547 春兴精工 
2025-08-20 20:07:39,167 - INFO - 📈 已处理002548 金新农 
2025-08-20 20:07:39,822 - INFO - 📈 已处理002549 凯美特气 
2025-08-20 20:07:40,481 - INFO - 📈 已处理002550 千红制药 
2025-08-20 20:07:41,150 - INFO - 📈 已处理002551 尚荣医疗 
2025-08-20 20:07:41,806 - INFO - 📈 已处理002552 宝鼎科技 
2025-08-20 20:07:42,461 - INFO - 📈 已处理002553 南方精工 
2025-08-20 20:07:43,130 - INFO - 📈 已处理002554 惠博普 
2025-08-20 20:07:43,803 - INFO - 📈 已处理002555 三七互娱 
2025-08-20 20:07:44,461 - INFO - 📈 已处理002556 辉隆股份 
2025-08-20 20:07:45,121 - INFO - 📈 已处理002557 洽洽食品 
2025-08-20 20:07:45,930 - INFO - 📈 已处理002558 巨人网络 
2025-08-20 20:07:46,586 - INFO - 📈 已处理002559 亚威股份 
2025-08-20 20:07:47,277 - INFO - 📈 已处理002560 通达股份 
2025-08-20 20:07:47,929 - INFO - 📈 已处理002561 徐家汇 
2025-08-20 20:07:48,597 - INFO - 📈 已处理002562 兄弟科技 
2025-08-20 20:07:49,268 - INFO - 📈 已处理002563 森马服饰 
2025-08-20 20:07:49,946 - INFO - 📈 已处理002564 天沃科技 
2025-08-20 20:07:50,623 - INFO - 📈 已处理002565 顺灏股份 
2025-08-20 20:07:51,267 - INFO - 📈 已处理002566 益盛药业 
2025-08-20 20:07:51,937 - INFO - 📈 已处理002567 唐人神 
2025-08-20 20:07:52,583 - INFO - 📈 已处理002568 百润股份 
2025-08-20 20:07:53,233 - INFO - 📈 已处理002569 *ST步森 
2025-08-20 20:07:53,887 - INFO - 📈 已处理002570 贝因美 
2025-08-20 20:07:54,534 - INFO - 📈 已处理002571 德力股份 
2025-08-20 20:07:55,191 - INFO - 📈 已处理002572 索菲亚 
2025-08-20 20:07:55,826 - INFO - 📈 已处理002573 清新环境 
2025-08-20 20:07:56,486 - INFO - 📈 已处理002574 明牌珠宝 
2025-08-20 20:07:57,143 - INFO - 📈 已处理002575 群兴玩具 
2025-08-20 20:07:57,807 - INFO - 📈 已处理002576 通达动力 
2025-08-20 20:07:58,455 - INFO - 📈 已处理002577 雷柏科技 
2025-08-20 20:07:59,131 - INFO - 📈 已处理002578 闽发铝业 
2025-08-20 20:07:59,784 - INFO - 📈 已处理002579 中京电子 
2025-08-20 20:08:00,439 - INFO - 📈 已处理002580 圣阳股份 
2025-08-20 20:08:01,078 - INFO - 📈 已处理002581 ST未名 
2025-08-20 20:08:01,738 - INFO - 📈 已处理002582 好想你 
2025-08-20 20:08:02,402 - INFO - 📈 已处理002583 海能达 
2025-08-20 20:08:03,069 - INFO - 📈 已处理002584 西陇科学 
2025-08-20 20:08:03,720 - INFO - 📈 已处理002585 双星新材 
2025-08-20 20:08:04,386 - INFO - 📈 已处理002586 *ST围海 
2025-08-20 20:08:05,036 - INFO - 📈 已处理002587 奥拓电子 
2025-08-20 20:08:05,686 - INFO - 📈 已处理002588 史丹利 
2025-08-20 20:08:06,337 - INFO - 📈 已处理002589 瑞康医药 
2025-08-20 20:08:07,016 - INFO - 📈 已处理002590 万安科技 
2025-08-20 20:08:07,675 - INFO - 📈 已处理002591 恒大高新 
2025-08-20 20:08:08,316 - INFO - 📈 已处理002592 ST八菱 
2025-08-20 20:08:09,013 - INFO - 📈 已处理002593 日上集团 
2025-08-20 20:08:09,013 - INFO - 📈 已处理 1200/5740 只股票，成功 808 只
2025-08-20 20:08:09,646 - INFO - 📈 已处理002594 比亚迪 
2025-08-20 20:08:10,284 - INFO - 📈 已处理002595 豪迈科技 
2025-08-20 20:08:10,926 - INFO - 📈 已处理002596 海南瑞泽 
2025-08-20 20:08:11,591 - INFO - 📈 已处理002597 金禾实业 
2025-08-20 20:08:12,226 - INFO - 📈 已处理002598 山东章鼓 
2025-08-20 20:08:12,885 - INFO - 📈 已处理002599 盛通股份 
2025-08-20 20:08:13,541 - INFO - 📈 已处理002600 领益智造 
2025-08-20 20:08:14,198 - INFO - 📈 已处理002601 龙佰集团 
2025-08-20 20:08:15,077 - INFO - 📈 已处理002602 ST华通 
2025-08-20 20:08:15,728 - INFO - 📈 已处理002603 以岭药业 
2025-08-20 20:08:17,036 - INFO - 📈 已处理002605 姚记科技 
2025-08-20 20:08:17,679 - INFO - 📈 已处理002606 大连电瓷 
2025-08-20 20:08:18,330 - INFO - 📈 已处理002607 中公教育 
2025-08-20 20:08:18,975 - INFO - 📈 已处理002608 江苏国信 
2025-08-20 20:08:19,615 - INFO - 📈 已处理002609 捷顺科技 
2025-08-20 20:08:20,907 - INFO - 📈 已处理002611 东方精工 
2025-08-20 20:08:21,554 - INFO - 📈 已处理002612 朗姿股份 
2025-08-20 20:08:22,216 - INFO - 📈 已处理002613 北玻股份 
2025-08-20 20:08:22,876 - INFO - 📈 已处理002614 奥佳华 
2025-08-20 20:08:23,529 - INFO - 📈 已处理002615 哈尔斯 
2025-08-20 20:08:24,166 - INFO - 📈 已处理002616 长青集团 
2025-08-20 20:08:24,822 - INFO - 📈 已处理002617 露笑科技 
2025-08-20 20:08:26,772 - INFO - 📈 已处理002620 ST瑞和 
2025-08-20 20:08:28,047 - INFO - 📈 已处理002622 皓宸医疗 
2025-08-20 20:08:28,675 - INFO - 📈 已处理002623 亚玛顿 
2025-08-20 20:08:29,325 - INFO - 📈 已处理002624 完美世界 
2025-08-20 20:08:29,987 - INFO - 📈 已处理002625 光启技术 
2025-08-20 20:08:30,655 - INFO - 📈 已处理002626 金达威 
2025-08-20 20:08:31,320 - INFO - 📈 已处理002627 三峡旅游 
2025-08-20 20:08:31,965 - INFO - 📈 已处理002628 成都路桥 
2025-08-20 20:08:32,619 - INFO - 📈 已处理002629 仁智股份 
2025-08-20 20:08:33,288 - INFO - 📈 已处理002630 ST华西 
2025-08-20 20:08:33,945 - INFO - 📈 已处理002631 德尔未来 
2025-08-20 20:08:34,601 - INFO - 📈 已处理002632 道明光学 
2025-08-20 20:08:35,245 - INFO - 📈 已处理002633 申科股份 
2025-08-20 20:08:35,895 - INFO - 📈 已处理002634 棒杰股份 
2025-08-20 20:08:36,545 - INFO - 📈 已处理002635 安洁科技 
2025-08-20 20:08:37,185 - INFO - 📈 已处理002636 金安国纪 
2025-08-20 20:08:37,845 - INFO - 📈 已处理002637 赞宇科技 
2025-08-20 20:08:38,490 - INFO - 📈 已处理002638 勤上股份 
2025-08-20 20:08:39,141 - INFO - 📈 已处理002639 雪人集团 
2025-08-20 20:08:39,809 - INFO - 📈 已处理002640 跨境通 
2025-08-20 20:08:40,445 - INFO - 📈 已处理002641 公元股份 
2025-08-20 20:08:41,105 - INFO - 📈 已处理002642 荣联科技 
2025-08-20 20:08:41,801 - INFO - 📈 已处理002643 万润股份 
2025-08-20 20:08:41,801 - INFO - 📈 已处理 1250/5740 只股票，成功 853 只
2025-08-20 20:08:42,454 - INFO - 📈 已处理002644 佛慈制药 
2025-08-20 20:08:43,106 - INFO - 📈 已处理002645 华宏科技 
2025-08-20 20:08:43,745 - INFO - 📈 已处理002646 天佑德酒 
2025-08-20 20:08:44,455 - INFO - 📈 已处理002647 *ST仁东 
2025-08-20 20:08:45,108 - INFO - 📈 已处理002648 卫星化学 
2025-08-20 20:08:45,761 - INFO - 📈 已处理002649 博彦科技 
2025-08-20 20:08:46,402 - INFO - 📈 已处理002650 ST加加 
2025-08-20 20:08:47,096 - INFO - 📈 已处理002651 利君股份 
2025-08-20 20:08:47,745 - INFO - 📈 已处理002652 扬子新材 
2025-08-20 20:08:48,400 - INFO - 📈 已处理002653 海思科 
2025-08-20 20:08:49,035 - INFO - 📈 已处理002654 万润科技 
2025-08-20 20:08:49,693 - INFO - 📈 已处理002655 共达电声 
2025-08-20 20:08:50,324 - INFO - 📈 已处理002656 *ST摩登 
2025-08-20 20:08:50,983 - INFO - 📈 已处理002657 中科金财 
2025-08-20 20:08:51,660 - INFO - 📈 已处理002658 雪迪龙 
2025-08-20 20:08:52,305 - INFO - 📈 已处理002659 凯文教育 
2025-08-20 20:08:52,959 - INFO - 📈 已处理002660 茂硕电源 
2025-08-20 20:08:53,620 - INFO - 📈 已处理002661 克明食品 
2025-08-20 20:08:54,278 - INFO - 📈 已处理002662 峰璟股份 
2025-08-20 20:08:54,952 - INFO - 📈 已处理002663 普邦股份 
2025-08-20 20:08:55,621 - INFO - 📈 已处理002664 信质集团 
2025-08-20 20:08:56,916 - INFO - 📈 已处理002666 德联集团 
2025-08-20 20:08:57,585 - INFO - 📈 已处理002667 威领股份 
2025-08-20 20:08:58,253 - INFO - 📈 已处理002668 TCL智家 
2025-08-20 20:08:58,939 - INFO - 📈 已处理002669 康达新材 
2025-08-20 20:08:59,648 - INFO - 📈 已处理002670 国盛金控 
2025-08-20 20:09:00,302 - INFO - 📈 已处理002671 龙泉股份 
2025-08-20 20:09:00,955 - INFO - 📈 已处理002672 东江环保 
2025-08-20 20:09:01,615 - INFO - 📈 已处理002673 西部证券 
2025-08-20 20:09:02,276 - INFO - 📈 已处理002674 兴业科技 
2025-08-20 20:09:02,982 - INFO - 📈 已处理002675 东诚药业 
2025-08-20 20:09:03,645 - INFO - 📈 已处理002676 顺威股份 
2025-08-20 20:09:04,317 - INFO - 📈 已处理002677 浙江美大 
2025-08-20 20:09:04,975 - INFO - 📈 已处理002678 珠江钢琴 
2025-08-20 20:09:05,642 - INFO - 📈 已处理002679 福建金森 
2025-08-20 20:09:06,928 - INFO - 📈 已处理002681 奋达科技 
2025-08-20 20:09:07,595 - INFO - 📈 已处理002682 龙洲股份 
2025-08-20 20:09:08,270 - INFO - 📈 已处理002683 广东宏大 
2025-08-20 20:09:09,554 - INFO - 📈 已处理002685 华东重机 
2025-08-20 20:09:10,221 - INFO - 📈 已处理002686 亿利达 
2025-08-20 20:09:10,876 - INFO - 📈 已处理002687 乔治白 
2025-08-20 20:09:11,705 - INFO - 📈 已处理002688 金河生物 
2025-08-20 20:09:12,338 - INFO - 📈 已处理002689 远大智能 
2025-08-20 20:09:13,021 - INFO - 📈 已处理002690 美亚光电 
2025-08-20 20:09:13,661 - INFO - 📈 已处理002691 冀凯股份 
2025-08-20 20:09:14,349 - INFO - 📈 已处理002692 远程股份 
2025-08-20 20:09:15,011 - INFO - 📈 已处理002693 *ST双成 
2025-08-20 20:09:15,012 - INFO - 📈 已处理 1300/5740 只股票，成功 900 只
2025-08-20 20:09:15,667 - INFO - 📈 已处理002694 顾地科技 
2025-08-20 20:09:16,316 - INFO - 📈 已处理002695 煌上煌 
2025-08-20 20:09:16,973 - INFO - 📈 已处理002696 百洋股份 
2025-08-20 20:09:17,625 - INFO - 📈 已处理002697 红旗连锁 
2025-08-20 20:09:18,279 - INFO - 📈 已处理002698 博实股份 
2025-08-20 20:09:19,564 - INFO - 📈 已处理002700 万憬能源 
2025-08-20 20:09:20,209 - INFO - 📈 已处理002701 奥瑞金 
2025-08-20 20:09:20,877 - INFO - 📈 已处理002702 海欣食品 
2025-08-20 20:09:21,544 - INFO - 📈 已处理002703 浙江世宝 
2025-08-20 20:09:22,193 - INFO - 📈 已处理002705 新宝股份 
2025-08-20 20:09:22,862 - INFO - 📈 已处理002706 良信股份 
2025-08-20 20:09:23,522 - INFO - 📈 已处理002707 众信旅游 
2025-08-20 20:09:24,161 - INFO - 📈 已处理002708 光洋股份 
2025-08-20 20:09:24,825 - INFO - 📈 已处理002709 天赐材料 
2025-08-20 20:09:26,108 - INFO - 📈 已处理002712 思美传媒 
2025-08-20 20:09:26,736 - WARNING - ⚠️ 002713 *ST东易 K线更新失败: ('Connection aborted.', RemoteDisconnected('Remote end closed connection without response'))
2025-08-20 20:09:27,364 - WARNING - ⚠️ 002714 牧原股份 K线更新失败: ('Connection aborted.', RemoteDisconnected('Remote end closed connection without response'))
2025-08-20 20:09:28,015 - WARNING - ⚠️ 002715 登云股份 K线更新失败: ('Connection aborted.', RemoteDisconnected('Remote end closed connection without response'))
2025-08-20 20:09:28,644 - WARNING - ⚠️ 002716 湖南白银 K线更新失败: ('Connection aborted.', RemoteDisconnected('Remote end closed connection without response'))
2025-08-20 20:09:29,275 - WARNING - ⚠️ 002717 ST岭南 K线更新失败: ('Connection aborted.', RemoteDisconnected('Remote end closed connection without response'))
2025-08-20 20:09:29,914 - WARNING - ⚠️ 002718 友邦吊顶 K线更新失败: ('Connection aborted.', RemoteDisconnected('Remote end closed connection without response'))
2025-08-20 20:09:30,551 - WARNING - ⚠️ 002719 麦趣尔 K线更新失败: ('Connection aborted.', RemoteDisconnected('Remote end closed connection without response'))
2025-08-20 20:09:31,184 - WARNING - ⚠️ 002721 金一文化 K线更新失败: ('Connection aborted.', RemoteDisconnected('Remote end closed connection without response'))
2025-08-20 20:09:31,824 - WARNING - ⚠️ 002722 物产金轮 K线更新失败: ('Connection aborted.', RemoteDisconnected('Remote end closed connection without response'))
2025-08-20 20:09:32,462 - WARNING - ⚠️ 002723 小崧股份 K线更新失败: ('Connection aborted.', RemoteDisconnected('Remote end closed connection without response'))
2025-08-20 20:09:33,088 - WARNING - ⚠️ 002724 海洋王 K线更新失败: ('Connection aborted.', RemoteDisconnected('Remote end closed connection without response'))
2025-08-20 20:09:33,725 - WARNING - ⚠️ 002725 跃岭股份 K线更新失败: ('Connection aborted.', RemoteDisconnected('Remote end closed connection without response'))
2025-08-20 20:09:34,373 - WARNING - ⚠️ 002726 龙大美食 K线更新失败: ('Connection aborted.', RemoteDisconnected('Remote end closed connection without response'))
2025-08-20 20:09:35,020 - WARNING - ⚠️ 002727 一心堂 K线更新失败: ('Connection aborted.', RemoteDisconnected('Remote end closed connection without response'))
2025-08-20 20:09:35,650 - WARNING - ⚠️ 002728 特一药业 K线更新失败: ('Connection aborted.', RemoteDisconnected('Remote end closed connection without response'))
2025-08-20 20:09:36,284 - WARNING - ⚠️ 002729 好利科技 K线更新失败: ('Connection aborted.', RemoteDisconnected('Remote end closed connection without response'))
2025-08-20 20:09:36,915 - WARNING - ⚠️ 002730 电光科技 K线更新失败: ('Connection aborted.', RemoteDisconnected('Remote end closed connection without response'))
2025-08-20 20:09:37,544 - WARNING - ⚠️ 002731 萃华珠宝 K线更新失败: ('Connection aborted.', RemoteDisconnected('Remote end closed connection without response'))
2025-08-20 20:09:38,177 - WARNING - ⚠️ 002732 燕塘乳业 K线更新失败: ('Connection aborted.', RemoteDisconnected('Remote end closed connection without response'))
2025-08-20 20:09:38,824 - WARNING - ⚠️ 002733 雄韬股份 K线更新失败: ('Connection aborted.', RemoteDisconnected('Remote end closed connection without response'))
2025-08-20 20:09:39,454 - WARNING - ⚠️ 002734 利民股份 K线更新失败: ('Connection aborted.', RemoteDisconnected('Remote end closed connection without response'))
2025-08-20 20:09:40,094 - WARNING - ⚠️ 002735 王子新材 K线更新失败: ('Connection aborted.', RemoteDisconnected('Remote end closed connection without response'))
2025-08-20 20:09:40,724 - WARNING - ⚠️ 002736 国信证券 K线更新失败: ('Connection aborted.', RemoteDisconnected('Remote end closed connection without response'))
2025-08-20 20:09:41,359 - WARNING - ⚠️ 002737 葵花药业 K线更新失败: ('Connection aborted.', RemoteDisconnected('Remote end closed connection without response'))
2025-08-20 20:09:42,004 - WARNING - ⚠️ 002738 中矿资源 K线更新失败: ('Connection aborted.', RemoteDisconnected('Remote end closed connection without response'))
2025-08-20 20:09:42,644 - WARNING - ⚠️ 002739 万达电影 K线更新失败: ('Connection aborted.', RemoteDisconnected('Remote end closed connection without response'))
2025-08-20 20:09:43,284 - WARNING - ⚠️ 002740 *ST爱迪 K线更新失败: ('Connection aborted.', RemoteDisconnected('Remote end closed connection without response'))
2025-08-20 20:09:43,932 - WARNING - ⚠️ 002741 光华科技 K线更新失败: ('Connection aborted.', RemoteDisconnected('Remote end closed connection without response'))
2025-08-20 20:09:44,579 - WARNING - ⚠️ 002742 *ST三圣 K线更新失败: ('Connection aborted.', RemoteDisconnected('Remote end closed connection without response'))
2025-08-20 20:09:45,224 - WARNING - ⚠️ 002743 富煌钢构 K线更新失败: ('Connection aborted.', RemoteDisconnected('Remote end closed connection without response'))
2025-08-20 20:09:45,856 - WARNING - ⚠️ 002745 木林森 K线更新失败: ('Connection aborted.', RemoteDisconnected('Remote end closed connection without response'))
2025-08-20 20:09:46,505 - WARNING - ⚠️ 002746 仙坛股份 K线更新失败: ('Connection aborted.', RemoteDisconnected('Remote end closed connection without response'))
2025-08-20 20:09:47,142 - WARNING - ⚠️ 002747 埃斯顿 K线更新失败: ('Connection aborted.', RemoteDisconnected('Remote end closed connection without response'))
2025-08-20 20:09:47,792 - WARNING - ⚠️ 002748 世龙实业 K线更新失败: ('Connection aborted.', RemoteDisconnected('Remote end closed connection without response'))
2025-08-20 20:09:48,408 - WARNING - ⚠️ 002749 国光股份 K线更新失败: ('Connection aborted.', RemoteDisconnected('Remote end closed connection without response'))
2025-08-20 20:09:49,047 - WARNING - ⚠️ 002750 龙津退 K线更新失败: ('Connection aborted.', RemoteDisconnected('Remote end closed connection without response'))
2025-08-20 20:09:49,681 - WARNING - ⚠️ 002751 易尚退 K线更新失败: ('Connection aborted.', RemoteDisconnected('Remote end closed connection without response'))
2025-08-20 20:09:50,319 - WARNING - ⚠️ 002752 昇兴股份 K线更新失败: ('Connection aborted.', RemoteDisconnected('Remote end closed connection without response'))
2025-08-20 20:09:50,956 - WARNING - ⚠️ 002753 永东股份 K线更新失败: ('Connection aborted.', RemoteDisconnected('Remote end closed connection without response'))
2025-08-20 20:09:51,585 - WARNING - ⚠️ 002755 奥赛康 K线更新失败: ('Connection aborted.', RemoteDisconnected('Remote end closed connection without response'))
2025-08-20 20:09:52,220 - WARNING - ⚠️ 002756 永兴材料 K线更新失败: ('Connection aborted.', RemoteDisconnected('Remote end closed connection without response'))
2025-08-20 20:09:52,860 - WARNING - ⚠️ 002757 南兴股份 K线更新失败: ('Connection aborted.', RemoteDisconnected('Remote end closed connection without response'))
2025-08-20 20:09:53,514 - WARNING - ⚠️ 002758 浙农股份 K线更新失败: ('Connection aborted.', RemoteDisconnected('Remote end closed connection without response'))
2025-08-20 20:09:54,163 - WARNING - ⚠️ 002759 天际股份 K线更新失败: ('Connection aborted.', RemoteDisconnected('Remote end closed connection without response'))
2025-08-20 20:09:54,795 - WARNING - ⚠️ 002760 凤形股份 K线更新失败: ('Connection aborted.', RemoteDisconnected('Remote end closed connection without response'))
2025-08-20 20:09:55,447 - WARNING - ⚠️ 002761 浙江建投 K线更新失败: ('Connection aborted.', RemoteDisconnected('Remote end closed connection without response'))
2025-08-20 20:09:56,086 - WARNING - ⚠️ 002762 *ST金比 K线更新失败: ('Connection aborted.', RemoteDisconnected('Remote end closed connection without response'))
2025-08-20 20:09:56,727 - WARNING - ⚠️ 002763 汇洁股份 K线更新失败: ('Connection aborted.', RemoteDisconnected('Remote end closed connection without response'))
2025-08-20 20:09:57,365 - WARNING - ⚠️ 002765 蓝黛科技 K线更新失败: ('Connection aborted.', RemoteDisconnected('Remote end closed connection without response'))
2025-08-20 20:09:58,016 - WARNING - ⚠️ 002766 索菱股份 K线更新失败: ('Connection aborted.', RemoteDisconnected('Remote end closed connection without response'))
2025-08-20 20:09:58,659 - WARNING - ⚠️ 002767 先锋电子 K线更新失败: ('Connection aborted.', RemoteDisconnected('Remote end closed connection without response'))
2025-08-20 20:09:59,295 - WARNING - ⚠️ 002768 国恩股份 K线更新失败: ('Connection aborted.', RemoteDisconnected('Remote end closed connection without response'))
2025-08-20 20:09:59,935 - WARNING - ⚠️ 002769 普路通 K线更新失败: ('Connection aborted.', RemoteDisconnected('Remote end closed connection without response'))
2025-08-20 20:10:00,584 - WARNING - ⚠️ 002770 科迪退 K线更新失败: ('Connection aborted.', RemoteDisconnected('Remote end closed connection without response'))
2025-08-20 20:10:01,226 - WARNING - ⚠️ 002771 真视通 K线更新失败: ('Connection aborted.', RemoteDisconnected('Remote end closed connection without response'))
2025-08-20 20:10:01,851 - WARNING - ⚠️ 002772 众兴菌业 K线更新失败: ('Connection aborted.', RemoteDisconnected('Remote end closed connection without response'))
2025-08-20 20:10:02,492 - WARNING - ⚠️ 002773 康弘药业 K线更新失败: ('Connection aborted.', RemoteDisconnected('Remote end closed connection without response'))
2025-08-20 20:10:03,128 - WARNING - ⚠️ 002774 快意电梯 K线更新失败: ('Connection aborted.', RemoteDisconnected('Remote end closed connection without response'))
2025-08-20 20:10:03,808 - WARNING - ⚠️ 002775 文科股份 K线更新失败: ('Connection aborted.', RemoteDisconnected('Remote end closed connection without response'))
2025-08-20 20:10:04,435 - WARNING - ⚠️ 002776 *ST柏龙 K线更新失败: ('Connection aborted.', RemoteDisconnected('Remote end closed connection without response'))
2025-08-20 20:10:05,085 - WARNING - ⚠️ 002777 久远银海 K线更新失败: ('Connection aborted.', RemoteDisconnected('Remote end closed connection without response'))
2025-08-20 20:10:05,715 - WARNING - ⚠️ 002778 中晟高科 K线更新失败: ('Connection aborted.', RemoteDisconnected('Remote end closed connection without response'))
2025-08-20 20:10:06,371 - WARNING - ⚠️ 002779 中坚科技 K线更新失败: ('Connection aborted.', RemoteDisconnected('Remote end closed connection without response'))
2025-08-20 20:10:06,985 - WARNING - ⚠️ 002780 三夫户外 K线更新失败: ('Connection aborted.', RemoteDisconnected('Remote end closed connection without response'))
2025-08-20 20:10:07,615 - WARNING - ⚠️ 002781 奇信退 K线更新失败: ('Connection aborted.', RemoteDisconnected('Remote end closed connection without response'))
2025-08-20 20:10:08,245 - WARNING - ⚠️ 002782 可立克 K线更新失败: ('Connection aborted.', RemoteDisconnected('Remote end closed connection without response'))
2025-08-20 20:10:08,855 - WARNING - ⚠️ 002783 凯龙股份 K线更新失败: ('Connection aborted.', RemoteDisconnected('Remote end closed connection without response'))
2025-08-20 20:10:09,495 - WARNING - ⚠️ 002785 万里石 K线更新失败: ('Connection aborted.', RemoteDisconnected('Remote end closed connection without response'))
2025-08-20 20:10:10,130 - WARNING - ⚠️ 002786 银宝山新 K线更新失败: ('Connection aborted.', RemoteDisconnected('Remote end closed connection without response'))
2025-08-20 20:10:10,795 - WARNING - ⚠️ 002787 华源控股 K线更新失败: ('Connection aborted.', RemoteDisconnected('Remote end closed connection without response'))
2025-08-20 20:10:11,445 - WARNING - ⚠️ 002788 鹭燕医药 K线更新失败: ('Connection aborted.', RemoteDisconnected('Remote end closed connection without response'))
2025-08-20 20:10:12,075 - WARNING - ⚠️ 002789 *ST建艺 K线更新失败: ('Connection aborted.', RemoteDisconnected('Remote end closed connection without response'))
2025-08-20 20:10:12,697 - WARNING - ⚠️ 002790 瑞尔特 K线更新失败: ('Connection aborted.', RemoteDisconnected('Remote end closed connection without response'))
2025-08-20 20:10:13,347 - WARNING - ⚠️ 002791 坚朗五金 K线更新失败: ('Connection aborted.', RemoteDisconnected('Remote end closed connection without response'))
2025-08-20 20:10:13,976 - WARNING - ⚠️ 002792 通宇通讯 K线更新失败: ('Connection aborted.', RemoteDisconnected('Remote end closed connection without response'))
2025-08-20 20:10:14,615 - WARNING - ⚠️ 002793 罗欣药业 K线更新失败: ('Connection aborted.', RemoteDisconnected('Remote end closed connection without response'))
2025-08-20 20:10:15,245 - WARNING - ⚠️ 002795 永和智控 K线更新失败: ('Connection aborted.', RemoteDisconnected('Remote end closed connection without response'))
2025-08-20 20:10:15,884 - WARNING - ⚠️ 002796 世嘉科技 K线更新失败: ('Connection aborted.', RemoteDisconnected('Remote end closed connection without response'))
2025-08-20 20:10:16,516 - WARNING - ⚠️ 002797 第一创业 K线更新失败: ('Connection aborted.', RemoteDisconnected('Remote end closed connection without response'))
2025-08-20 20:10:17,162 - WARNING - ⚠️ 002798 帝欧家居 K线更新失败: ('Connection aborted.', RemoteDisconnected('Remote end closed connection without response'))
2025-08-20 20:10:17,807 - WARNING - ⚠️ 002799 环球印务 K线更新失败: ('Connection aborted.', RemoteDisconnected('Remote end closed connection without response'))
2025-08-20 20:10:18,445 - WARNING - ⚠️ 002800 天顺股份 K线更新失败: ('Connection aborted.', RemoteDisconnected('Remote end closed connection without response'))
2025-08-20 20:10:19,093 - WARNING - ⚠️ 002801 微光股份 K线更新失败: ('Connection aborted.', RemoteDisconnected('Remote end closed connection without response'))
2025-08-20 20:10:19,728 - WARNING - ⚠️ 002802 洪汇新材 K线更新失败: ('Connection aborted.', RemoteDisconnected('Remote end closed connection without response'))
2025-08-20 20:10:20,376 - WARNING - ⚠️ 002803 吉宏股份 K线更新失败: ('Connection aborted.', RemoteDisconnected('Remote end closed connection without response'))
2025-08-20 20:10:21,015 - WARNING - ⚠️ 002805 丰元股份 K线更新失败: ('Connection aborted.', RemoteDisconnected('Remote end closed connection without response'))
2025-08-20 20:10:21,645 - WARNING - ⚠️ 002806 华锋股份 K线更新失败: ('Connection aborted.', RemoteDisconnected('Remote end closed connection without response'))
2025-08-20 20:10:22,276 - WARNING - ⚠️ 002807 江阴银行 K线更新失败: ('Connection aborted.', RemoteDisconnected('Remote end closed connection without response'))
2025-08-20 20:10:22,905 - WARNING - ⚠️ 002808 *ST恒久 K线更新失败: ('Connection aborted.', RemoteDisconnected('Remote end closed connection without response'))
2025-08-20 20:10:23,564 - WARNING - ⚠️ 002809 红墙股份 K线更新失败: ('Connection aborted.', RemoteDisconnected('Remote end closed connection without response'))
2025-08-20 20:10:24,191 - WARNING - ⚠️ 002810 山东赫达 K线更新失败: ('Connection aborted.', RemoteDisconnected('Remote end closed connection without response'))
2025-08-20 20:10:24,835 - WARNING - ⚠️ 002811 郑中设计 K线更新失败: ('Connection aborted.', RemoteDisconnected('Remote end closed connection without response'))
2025-08-20 20:10:25,466 - WARNING - ⚠️ 002812 恩捷股份 K线更新失败: ('Connection aborted.', RemoteDisconnected('Remote end closed connection without response'))
2025-08-20 20:10:26,096 - WARNING - ⚠️ 002813 路畅科技 K线更新失败: ('Connection aborted.', RemoteDisconnected('Remote end closed connection without response'))
2025-08-20 20:10:26,740 - WARNING - ⚠️ 002815 崇达技术 K线更新失败: ('Connection aborted.', RemoteDisconnected('Remote end closed connection without response'))
2025-08-20 20:10:27,378 - WARNING - ⚠️ 002816 *ST和科 K线更新失败: ('Connection aborted.', RemoteDisconnected('Remote end closed connection without response'))
2025-08-20 20:10:28,007 - WARNING - ⚠️ 002817 黄山胶囊 K线更新失败: ('Connection aborted.', RemoteDisconnected('Remote end closed connection without response'))
2025-08-20 20:10:28,658 - WARNING - ⚠️ 002818 富森美 K线更新失败: ('Connection aborted.', RemoteDisconnected('Remote end closed connection without response'))
2025-08-20 20:10:29,295 - WARNING - ⚠️ 002819 东方中科 K线更新失败: ('Connection aborted.', RemoteDisconnected('Remote end closed connection without response'))
2025-08-20 20:10:29,925 - WARNING - ⚠️ 002820 桂发祥 K线更新失败: ('Connection aborted.', RemoteDisconnected('Remote end closed connection without response'))
2025-08-20 20:10:30,552 - WARNING - ⚠️ 002821 凯莱英 K线更新失败: ('Connection aborted.', RemoteDisconnected('Remote end closed connection without response'))
2025-08-20 20:10:31,184 - WARNING - ⚠️ 002822 ST中装 K线更新失败: ('Connection aborted.', RemoteDisconnected('Remote end closed connection without response'))
2025-08-20 20:10:31,814 - WARNING - ⚠️ 002823 凯中精密 K线更新失败: ('Connection aborted.', RemoteDisconnected('Remote end closed connection without response'))
2025-08-20 20:10:32,445 - WARNING - ⚠️ 002824 和胜股份 K线更新失败: ('Connection aborted.', RemoteDisconnected('Remote end closed connection without response'))
2025-08-20 20:10:33,084 - WARNING - ⚠️ 002825 纳尔股份 K线更新失败: ('Connection aborted.', RemoteDisconnected('Remote end closed connection without response'))
2025-08-20 20:10:33,715 - WARNING - ⚠️ 002826 易明医药 K线更新失败: ('Connection aborted.', RemoteDisconnected('Remote end closed connection without response'))
2025-08-20 20:10:34,353 - WARNING - ⚠️ 002827 高争民爆 K线更新失败: ('Connection aborted.', RemoteDisconnected('Remote end closed connection without response'))
2025-08-20 20:10:34,988 - WARNING - ⚠️ 002828 贝肯能源 K线更新失败: ('Connection aborted.', RemoteDisconnected('Remote end closed connection without response'))
2025-08-20 20:10:35,614 - WARNING - ⚠️ 002829 星网宇达 K线更新失败: ('Connection aborted.', RemoteDisconnected('Remote end closed connection without response'))
2025-08-20 20:10:36,251 - WARNING - ⚠️ 002830 名雕股份 K线更新失败: ('Connection aborted.', RemoteDisconnected('Remote end closed connection without response'))
2025-08-20 20:10:36,891 - WARNING - ⚠️ 002831 裕同科技 K线更新失败: ('Connection aborted.', RemoteDisconnected('Remote end closed connection without response'))
2025-08-20 20:10:37,531 - WARNING - ⚠️ 002832 比音勒芬 K线更新失败: ('Connection aborted.', RemoteDisconnected('Remote end closed connection without response'))
2025-08-20 20:10:38,159 - WARNING - ⚠️ 002833 弘亚数控 K线更新失败: ('Connection aborted.', RemoteDisconnected('Remote end closed connection without response'))
2025-08-20 20:10:38,785 - WARNING - ⚠️ 002835 同为股份 K线更新失败: ('Connection aborted.', RemoteDisconnected('Remote end closed connection without response'))
2025-08-20 20:10:39,409 - WARNING - ⚠️ 002836 新宏泽 K线更新失败: ('Connection aborted.', RemoteDisconnected('Remote end closed connection without response'))
2025-08-20 20:10:40,061 - WARNING - ⚠️ 002837 英维克 K线更新失败: ('Connection aborted.', RemoteDisconnected('Remote end closed connection without response'))
2025-08-20 20:10:40,698 - WARNING - ⚠️ 002838 道恩股份 K线更新失败: ('Connection aborted.', RemoteDisconnected('Remote end closed connection without response'))
2025-08-20 20:10:41,335 - WARNING - ⚠️ 002839 张家港行 K线更新失败: ('Connection aborted.', RemoteDisconnected('Remote end closed connection without response'))
2025-08-20 20:10:41,971 - WARNING - ⚠️ 002840 华统股份 K线更新失败: ('Connection aborted.', RemoteDisconnected('Remote end closed connection without response'))
2025-08-20 20:10:42,599 - WARNING - ⚠️ 002841 视源股份 K线更新失败: ('Connection aborted.', RemoteDisconnected('Remote end closed connection without response'))
2025-08-20 20:10:43,260 - WARNING - ⚠️ 002842 翔鹭钨业 K线更新失败: ('Connection aborted.', RemoteDisconnected('Remote end closed connection without response'))
2025-08-20 20:10:43,934 - WARNING - ⚠️ 002843 泰嘉股份 K线更新失败: ('Connection aborted.', RemoteDisconnected('Remote end closed connection without response'))
2025-08-20 20:10:44,595 - WARNING - ⚠️ 002845 同兴达 K线更新失败: ('Connection aborted.', RemoteDisconnected('Remote end closed connection without response'))
2025-08-20 20:10:45,234 - WARNING - ⚠️ 002846 英联股份 K线更新失败: ('Connection aborted.', RemoteDisconnected('Remote end closed connection without response'))
2025-08-20 20:10:45,881 - WARNING - ⚠️ 002847 盐津铺子 K线更新失败: ('Connection aborted.', RemoteDisconnected('Remote end closed connection without response'))
2025-08-20 20:10:46,506 - WARNING - ⚠️ 002848 *ST高斯 K线更新失败: ('Connection aborted.', RemoteDisconnected('Remote end closed connection without response'))
2025-08-20 20:10:47,159 - WARNING - ⚠️ 002849 威星智能 K线更新失败: ('Connection aborted.', RemoteDisconnected('Remote end closed connection without response'))
2025-08-20 20:10:47,794 - WARNING - ⚠️ 002850 科达利 K线更新失败: ('Connection aborted.', RemoteDisconnected('Remote end closed connection without response'))
2025-08-20 20:10:48,424 - WARNING - ⚠️ 002851 麦格米特 K线更新失败: ('Connection aborted.', RemoteDisconnected('Remote end closed connection without response'))
2025-08-20 20:10:49,054 - WARNING - ⚠️ 002852 道道全 K线更新失败: ('Connection aborted.', RemoteDisconnected('Remote end closed connection without response'))
2025-08-20 20:10:49,678 - WARNING - ⚠️ 002853 皮阿诺 K线更新失败: ('Connection aborted.', RemoteDisconnected('Remote end closed connection without response'))
2025-08-20 20:10:50,316 - WARNING - ⚠️ 002855 捷荣技术 K线更新失败: ('Connection aborted.', RemoteDisconnected('Remote end closed connection without response'))
2025-08-20 20:10:50,964 - WARNING - ⚠️ 002856 美芝股份 K线更新失败: ('Connection aborted.', RemoteDisconnected('Remote end closed connection without response'))
2025-08-20 20:10:51,614 - WARNING - ⚠️ 002857 三晖电气 K线更新失败: ('Connection aborted.', RemoteDisconnected('Remote end closed connection without response'))
2025-08-20 20:10:52,234 - WARNING - ⚠️ 002858 力盛体育 K线更新失败: ('Connection aborted.', RemoteDisconnected('Remote end closed connection without response'))
2025-08-20 20:10:52,874 - WARNING - ⚠️ 002859 洁美科技 K线更新失败: ('Connection aborted.', RemoteDisconnected('Remote end closed connection without response'))
2025-08-20 20:10:53,504 - WARNING - ⚠️ 002860 星帅尔 K线更新失败: ('Connection aborted.', RemoteDisconnected('Remote end closed connection without response'))
2025-08-20 20:10:54,144 - WARNING - ⚠️ 002861 瀛通通讯 K线更新失败: ('Connection aborted.', RemoteDisconnected('Remote end closed connection without response'))
2025-08-20 20:10:54,774 - WARNING - ⚠️ 002862 实丰文化 K线更新失败: ('Connection aborted.', RemoteDisconnected('Remote end closed connection without response'))
2025-08-20 20:10:55,414 - WARNING - ⚠️ 002863 今飞凯达 K线更新失败: ('Connection aborted.', RemoteDisconnected('Remote end closed connection without response'))
2025-08-20 20:10:56,064 - WARNING - ⚠️ 002864 盘龙药业 K线更新失败: ('Connection aborted.', RemoteDisconnected('Remote end closed connection without response'))
2025-08-20 20:10:56,684 - WARNING - ⚠️ 002865 钧达股份 K线更新失败: ('Connection aborted.', RemoteDisconnected('Remote end closed connection without response'))
2025-08-20 20:10:57,332 - WARNING - ⚠️ 002866 传艺科技 K线更新失败: ('Connection aborted.', RemoteDisconnected('Remote end closed connection without response'))
2025-08-20 20:10:57,964 - WARNING - ⚠️ 002867 周大生 K线更新失败: ('Connection aborted.', RemoteDisconnected('Remote end closed connection without response'))
2025-08-20 20:10:58,624 - WARNING - ⚠️ 002868 *ST绿康 K线更新失败: ('Connection aborted.', RemoteDisconnected('Remote end closed connection without response'))
2025-08-20 20:10:59,254 - WARNING - ⚠️ 002869 金溢科技 K线更新失败: ('Connection aborted.', RemoteDisconnected('Remote end closed connection without response'))
2025-08-20 20:10:59,882 - WARNING - ⚠️ 002870 香山股份 K线更新失败: ('Connection aborted.', RemoteDisconnected('Remote end closed connection without response'))
2025-08-20 20:11:00,524 - WARNING - ⚠️ 002871 伟隆股份 K线更新失败: ('Connection aborted.', RemoteDisconnected('Remote end closed connection without response'))
2025-08-20 20:11:01,154 - WARNING - ⚠️ 002872 ST天圣 K线更新失败: ('Connection aborted.', RemoteDisconnected('Remote end closed connection without response'))
2025-08-20 20:11:01,794 - WARNING - ⚠️ 002873 新天药业 K线更新失败: ('Connection aborted.', RemoteDisconnected('Remote end closed connection without response'))
2025-08-20 20:11:02,420 - WARNING - ⚠️ 002875 安奈儿 K线更新失败: ('Connection aborted.', RemoteDisconnected('Remote end closed connection without response'))
2025-08-20 20:11:03,058 - WARNING - ⚠️ 002876 三利谱 K线更新失败: ('Connection aborted.', RemoteDisconnected('Remote end closed connection without response'))
2025-08-20 20:11:03,704 - WARNING - ⚠️ 002877 智能自控 K线更新失败: ('Connection aborted.', RemoteDisconnected('Remote end closed connection without response'))
2025-08-20 20:11:04,344 - WARNING - ⚠️ 002878 元隆雅图 K线更新失败: ('Connection aborted.', RemoteDisconnected('Remote end closed connection without response'))
2025-08-20 20:11:04,971 - WARNING - ⚠️ 002879 长缆科技 K线更新失败: ('Connection aborted.', RemoteDisconnected('Remote end closed connection without response'))
2025-08-20 20:11:05,610 - WARNING - ⚠️ 002880 卫光生物 K线更新失败: ('Connection aborted.', RemoteDisconnected('Remote end closed connection without response'))
2025-08-20 20:11:06,237 - WARNING - ⚠️ 002881 美格智能 K线更新失败: ('Connection aborted.', RemoteDisconnected('Remote end closed connection without response'))
2025-08-20 20:11:06,868 - WARNING - ⚠️ 002882 金龙羽 K线更新失败: ('Connection aborted.', RemoteDisconnected('Remote end closed connection without response'))
2025-08-20 20:11:07,494 - WARNING - ⚠️ 002883 中设股份 K线更新失败: ('Connection aborted.', RemoteDisconnected('Remote end closed connection without response'))
2025-08-20 20:11:08,129 - WARNING - ⚠️ 002884 凌霄泵业 K线更新失败: ('Connection aborted.', RemoteDisconnected('Remote end closed connection without response'))
2025-08-20 20:11:08,760 - WARNING - ⚠️ 002885 京泉华 K线更新失败: ('Connection aborted.', RemoteDisconnected('Remote end closed connection without response'))
2025-08-20 20:11:09,396 - WARNING - ⚠️ 002886 沃特股份 K线更新失败: ('Connection aborted.', RemoteDisconnected('Remote end closed connection without response'))
2025-08-20 20:11:10,042 - WARNING - ⚠️ 002887 绿茵生态 K线更新失败: ('Connection aborted.', RemoteDisconnected('Remote end closed connection without response'))
2025-08-20 20:11:10,670 - WARNING - ⚠️ 002888 惠威科技 K线更新失败: ('Connection aborted.', RemoteDisconnected('Remote end closed connection without response'))
2025-08-20 20:11:11,308 - WARNING - ⚠️ 002889 东方嘉盛 K线更新失败: ('Connection aborted.', RemoteDisconnected('Remote end closed connection without response'))
2025-08-20 20:11:11,944 - WARNING - ⚠️ 002890 弘宇股份 K线更新失败: ('Connection aborted.', RemoteDisconnected('Remote end closed connection without response'))
2025-08-20 20:11:12,590 - WARNING - ⚠️ 002891 中宠股份 K线更新失败: ('Connection aborted.', RemoteDisconnected('Remote end closed connection without response'))
2025-08-20 20:11:13,218 - WARNING - ⚠️ 002892 科力尔 K线更新失败: ('Connection aborted.', RemoteDisconnected('Remote end closed connection without response'))
2025-08-20 20:11:13,849 - WARNING - ⚠️ 002893 京能热力 K线更新失败: ('Connection aborted.', RemoteDisconnected('Remote end closed connection without response'))
2025-08-20 20:11:14,489 - WARNING - ⚠️ 002895 川恒股份 K线更新失败: ('Connection aborted.', RemoteDisconnected('Remote end closed connection without response'))
2025-08-20 20:11:15,116 - WARNING - ⚠️ 002896 中大力德 K线更新失败: ('Connection aborted.', RemoteDisconnected('Remote end closed connection without response'))
2025-08-20 20:11:15,753 - WARNING - ⚠️ 002897 意华股份 K线更新失败: ('Connection aborted.', RemoteDisconnected('Remote end closed connection without response'))
2025-08-20 20:11:16,379 - WARNING - ⚠️ 002898 *ST赛隆 K线更新失败: ('Connection aborted.', RemoteDisconnected('Remote end closed connection without response'))
2025-08-20 20:11:17,035 - WARNING - ⚠️ 002899 英派斯 K线更新失败: ('Connection aborted.', RemoteDisconnected('Remote end closed connection without response'))
2025-08-20 20:11:17,686 - WARNING - ⚠️ 002900 哈三联 K线更新失败: ('Connection aborted.', RemoteDisconnected('Remote end closed connection without response'))
2025-08-20 20:11:18,315 - WARNING - ⚠️ 002901 大博医疗 K线更新失败: ('Connection aborted.', RemoteDisconnected('Remote end closed connection without response'))
2025-08-20 20:11:18,954 - WARNING - ⚠️ 002902 铭普光磁 K线更新失败: ('Connection aborted.', RemoteDisconnected('Remote end closed connection without response'))
2025-08-20 20:11:19,592 - WARNING - ⚠️ 002903 宇环数控 K线更新失败: ('Connection aborted.', RemoteDisconnected('Remote end closed connection without response'))
2025-08-20 20:11:20,232 - WARNING - ⚠️ 002905 金逸影视 K线更新失败: ('Connection aborted.', RemoteDisconnected('Remote end closed connection without response'))
2025-08-20 20:11:20,860 - WARNING - ⚠️ 002906 华阳集团 K线更新失败: ('Connection aborted.', RemoteDisconnected('Remote end closed connection without response'))
2025-08-20 20:11:21,500 - WARNING - ⚠️ 002907 华森制药 K线更新失败: ('Connection aborted.', RemoteDisconnected('Remote end closed connection without response'))
2025-08-20 20:11:22,123 - WARNING - ⚠️ 002908 德生科技 K线更新失败: ('Connection aborted.', RemoteDisconnected('Remote end closed connection without response'))
2025-08-20 20:11:22,746 - WARNING - ⚠️ 002909 集泰股份 K线更新失败: ('Connection aborted.', RemoteDisconnected('Remote end closed connection without response'))
2025-08-20 20:11:23,396 - WARNING - ⚠️ 002910 庄园牧场 K线更新失败: ('Connection aborted.', RemoteDisconnected('Remote end closed connection without response'))
2025-08-20 20:11:24,039 - WARNING - ⚠️ 002911 佛燃能源 K线更新失败: ('Connection aborted.', RemoteDisconnected('Remote end closed connection without response'))
2025-08-20 20:11:24,674 - WARNING - ⚠️ 002912 中新赛克 K线更新失败: ('Connection aborted.', RemoteDisconnected('Remote end closed connection without response'))
2025-08-20 20:11:25,354 - WARNING - ⚠️ 002913 奥士康 K线更新失败: ('Connection aborted.', RemoteDisconnected('Remote end closed connection without response'))
2025-08-20 20:11:25,981 - WARNING - ⚠️ 002915 中欣氟材 K线更新失败: ('Connection aborted.', RemoteDisconnected('Remote end closed connection without response'))
2025-08-20 20:11:26,615 - WARNING - ⚠️ 002916 深南电路 K线更新失败: ('Connection aborted.', RemoteDisconnected('Remote end closed connection without response'))
2025-08-20 20:11:27,333 - WARNING - ⚠️ 002917 金奥博 K线更新失败: ('Connection aborted.', RemoteDisconnected('Remote end closed connection without response'))
2025-08-20 20:11:27,973 - WARNING - ⚠️ 002918 蒙娜丽莎 K线更新失败: ('Connection aborted.', RemoteDisconnected('Remote end closed connection without response'))
2025-08-20 20:11:28,606 - WARNING - ⚠️ 002919 名臣健康 K线更新失败: ('Connection aborted.', RemoteDisconnected('Remote end closed connection without response'))
2025-08-20 20:11:29,254 - WARNING - ⚠️ 002920 德赛西威 K线更新失败: ('Connection aborted.', RemoteDisconnected('Remote end closed connection without response'))
2025-08-20 20:11:29,891 - WARNING - ⚠️ 002921 联诚精密 K线更新失败: ('Connection aborted.', RemoteDisconnected('Remote end closed connection without response'))
2025-08-20 20:11:30,525 - WARNING - ⚠️ 002922 伊戈尔 K线更新失败: ('Connection aborted.', RemoteDisconnected('Remote end closed connection without response'))
2025-08-20 20:11:31,160 - WARNING - ⚠️ 002923 润都股份 K线更新失败: ('Connection aborted.', RemoteDisconnected('Remote end closed connection without response'))
2025-08-20 20:11:31,803 - WARNING - ⚠️ 002925 盈趣科技 K线更新失败: ('Connection aborted.', RemoteDisconnected('Remote end closed connection without response'))
2025-08-20 20:11:32,439 - WARNING - ⚠️ 002926 华西证券 K线更新失败: ('Connection aborted.', RemoteDisconnected('Remote end closed connection without response'))
2025-08-20 20:11:33,074 - WARNING - ⚠️ 002927 泰永长征 K线更新失败: ('Connection aborted.', RemoteDisconnected('Remote end closed connection without response'))
2025-08-20 20:11:33,711 - WARNING - ⚠️ 002928 华夏航空 K线更新失败: ('Connection aborted.', RemoteDisconnected('Remote end closed connection without response'))
2025-08-20 20:11:34,356 - WARNING - ⚠️ 002929 润建股份 K线更新失败: ('Connection aborted.', RemoteDisconnected('Remote end closed connection without response'))
2025-08-20 20:11:34,980 - WARNING - ⚠️ 002930 宏川智慧 K线更新失败: ('Connection aborted.', RemoteDisconnected('Remote end closed connection without response'))
2025-08-20 20:11:35,621 - WARNING - ⚠️ 002931 锋龙股份 K线更新失败: ('Connection aborted.', RemoteDisconnected('Remote end closed connection without response'))
2025-08-20 20:11:36,256 - WARNING - ⚠️ 002932 明德生物 K线更新失败: ('Connection aborted.', RemoteDisconnected('Remote end closed connection without response'))
2025-08-20 20:11:36,883 - WARNING - ⚠️ 002933 新兴装备 K线更新失败: ('Connection aborted.', RemoteDisconnected('Remote end closed connection without response'))
2025-08-20 20:11:37,521 - WARNING - ⚠️ 002935 天奥电子 K线更新失败: ('Connection aborted.', RemoteDisconnected('Remote end closed connection without response'))
2025-08-20 20:11:38,176 - WARNING - ⚠️ 002936 郑州银行 K线更新失败: ('Connection aborted.', RemoteDisconnected('Remote end closed connection without response'))
2025-08-20 20:11:38,803 - WARNING - ⚠️ 002937 兴瑞科技 K线更新失败: ('Connection aborted.', RemoteDisconnected('Remote end closed connection without response'))
2025-08-20 20:11:39,473 - WARNING - ⚠️ 002938 鹏鼎控股 K线更新失败: ('Connection aborted.', RemoteDisconnected('Remote end closed connection without response'))
2025-08-20 20:11:40,113 - WARNING - ⚠️ 002939 长城证券 K线更新失败: ('Connection aborted.', RemoteDisconnected('Remote end closed connection without response'))
2025-08-20 20:11:40,741 - WARNING - ⚠️ 002940 昂利康 K线更新失败: ('Connection aborted.', RemoteDisconnected('Remote end closed connection without response'))
2025-08-20 20:11:41,375 - WARNING - ⚠️ 002941 新疆交建 K线更新失败: ('Connection aborted.', RemoteDisconnected('Remote end closed connection without response'))
2025-08-20 20:11:42,024 - WARNING - ⚠️ 002942 新农股份 K线更新失败: ('Connection aborted.', RemoteDisconnected('Remote end closed connection without response'))
2025-08-20 20:11:42,647 - WARNING - ⚠️ 002943 宇晶股份 K线更新失败: ('Connection aborted.', RemoteDisconnected('Remote end closed connection without response'))
2025-08-20 20:11:43,269 - WARNING - ⚠️ 002945 华林证券 K线更新失败: ('Connection aborted.', RemoteDisconnected('Remote end closed connection without response'))
2025-08-20 20:11:43,903 - WARNING - ⚠️ 002946 新乳业 K线更新失败: ('Connection aborted.', RemoteDisconnected('Remote end closed connection without response'))
2025-08-20 20:11:44,533 - WARNING - ⚠️ 002947 恒铭达 K线更新失败: ('Connection aborted.', RemoteDisconnected('Remote end closed connection without response'))
2025-08-20 20:11:45,160 - WARNING - ⚠️ 002948 青岛银行 K线更新失败: ('Connection aborted.', RemoteDisconnected('Remote end closed connection without response'))
2025-08-20 20:11:45,793 - WARNING - ⚠️ 002949 华阳国际 K线更新失败: ('Connection aborted.', RemoteDisconnected('Remote end closed connection without response'))
2025-08-20 20:11:46,427 - WARNING - ⚠️ 002950 奥美医疗 K线更新失败: ('Connection aborted.', RemoteDisconnected('Remote end closed connection without response'))
2025-08-20 20:11:47,063 - WARNING - ⚠️ 002951 金时科技 K线更新失败: ('Connection aborted.', RemoteDisconnected('Remote end closed connection without response'))
2025-08-20 20:11:47,697 - WARNING - ⚠️ 002952 亚世光电 K线更新失败: ('Connection aborted.', RemoteDisconnected('Remote end closed connection without response'))
2025-08-20 20:11:48,337 - WARNING - ⚠️ 002953 日丰股份 K线更新失败: ('Connection aborted.', RemoteDisconnected('Remote end closed connection without response'))
2025-08-20 20:11:48,973 - WARNING - ⚠️ 002955 鸿合科技 K线更新失败: ('Connection aborted.', RemoteDisconnected('Remote end closed connection without response'))
2025-08-20 20:11:49,604 - WARNING - ⚠️ 002956 西麦食品 K线更新失败: ('Connection aborted.', RemoteDisconnected('Remote end closed connection without response'))
2025-08-20 20:11:50,229 - WARNING - ⚠️ 002957 科瑞技术 K线更新失败: ('Connection aborted.', RemoteDisconnected('Remote end closed connection without response'))
2025-08-20 20:11:50,860 - WARNING - ⚠️ 002958 青农商行 K线更新失败: ('Connection aborted.', RemoteDisconnected('Remote end closed connection without response'))
2025-08-20 20:11:51,496 - WARNING - ⚠️ 002959 小熊电器 K线更新失败: ('Connection aborted.', RemoteDisconnected('Remote end closed connection without response'))
2025-08-20 20:11:52,126 - WARNING - ⚠️ 002960 青鸟消防 K线更新失败: ('Connection aborted.', RemoteDisconnected('Remote end closed connection without response'))
2025-08-20 20:11:52,763 - WARNING - ⚠️ 002961 瑞达期货 K线更新失败: ('Connection aborted.', RemoteDisconnected('Remote end closed connection without response'))
2025-08-20 20:11:53,402 - WARNING - ⚠️ 002962 五方光电 K线更新失败: ('Connection aborted.', RemoteDisconnected('Remote end closed connection without response'))
2025-08-20 20:11:54,038 - WARNING - ⚠️ 002963 豪尔赛 K线更新失败: ('Connection aborted.', RemoteDisconnected('Remote end closed connection without response'))
2025-08-20 20:11:54,675 - WARNING - ⚠️ 002965 祥鑫科技 K线更新失败: ('Connection aborted.', RemoteDisconnected('Remote end closed connection without response'))
2025-08-20 20:11:55,325 - WARNING - ⚠️ 002966 苏州银行 K线更新失败: ('Connection aborted.', RemoteDisconnected('Remote end closed connection without response'))
2025-08-20 20:11:55,955 - WARNING - ⚠️ 002967 广电计量 K线更新失败: ('Connection aborted.', RemoteDisconnected('Remote end closed connection without response'))
2025-08-20 20:11:56,585 - WARNING - ⚠️ 002968 新大正 K线更新失败: ('Connection aborted.', RemoteDisconnected('Remote end closed connection without response'))
2025-08-20 20:11:57,216 - WARNING - ⚠️ 002969 嘉美包装 K线更新失败: ('Connection aborted.', RemoteDisconnected('Remote end closed connection without response'))
2025-08-20 20:11:57,833 - WARNING - ⚠️ 002970 锐明技术 K线更新失败: ('Connection aborted.', RemoteDisconnected('Remote end closed connection without response'))
2025-08-20 20:11:58,461 - WARNING - ⚠️ 002971 和远气体 K线更新失败: ('Connection aborted.', RemoteDisconnected('Remote end closed connection without response'))
2025-08-20 20:11:59,093 - WARNING - ⚠️ 002972 科安达 K线更新失败: ('Connection aborted.', RemoteDisconnected('Remote end closed connection without response'))
2025-08-20 20:11:59,727 - WARNING - ⚠️ 002973 侨银股份 K线更新失败: ('Connection aborted.', RemoteDisconnected('Remote end closed connection without response'))
2025-08-20 20:12:00,370 - WARNING - ⚠️ 002975 博杰股份 K线更新失败: ('Connection aborted.', RemoteDisconnected('Remote end closed connection without response'))
2025-08-20 20:12:01,008 - WARNING - ⚠️ 002976 瑞玛精密 K线更新失败: ('Connection aborted.', RemoteDisconnected('Remote end closed connection without response'))
2025-08-20 20:12:01,653 - WARNING - ⚠️ 002977 天箭科技 K线更新失败: ('Connection aborted.', RemoteDisconnected('Remote end closed connection without response'))
2025-08-20 20:12:02,283 - WARNING - ⚠️ 002978 安宁股份 K线更新失败: ('Connection aborted.', RemoteDisconnected('Remote end closed connection without response'))
2025-08-20 20:12:02,909 - WARNING - ⚠️ 002979 雷赛智能 K线更新失败: ('Connection aborted.', RemoteDisconnected('Remote end closed connection without response'))
2025-08-20 20:12:03,551 - WARNING - ⚠️ 002980 华盛昌 K线更新失败: ('Connection aborted.', RemoteDisconnected('Remote end closed connection without response'))
2025-08-20 20:12:04,201 - WARNING - ⚠️ 002981 朝阳科技 K线更新失败: ('Connection aborted.', RemoteDisconnected('Remote end closed connection without response'))
2025-08-20 20:12:04,831 - WARNING - ⚠️ 002982 湘佳股份 K线更新失败: ('Connection aborted.', RemoteDisconnected('Remote end closed connection without response'))
2025-08-20 20:12:05,454 - WARNING - ⚠️ 002983 芯瑞达 K线更新失败: ('Connection aborted.', RemoteDisconnected('Remote end closed connection without response'))
2025-08-20 20:12:06,075 - WARNING - ⚠️ 002984 森麒麟 K线更新失败: ('Connection aborted.', RemoteDisconnected('Remote end closed connection without response'))
2025-08-20 20:12:06,720 - WARNING - ⚠️ 002985 北摩高科 K线更新失败: ('Connection aborted.', RemoteDisconnected('Remote end closed connection without response'))
2025-08-20 20:12:07,359 - WARNING - ⚠️ 002986 宇新股份 K线更新失败: ('Connection aborted.', RemoteDisconnected('Remote end closed connection without response'))
2025-08-20 20:12:07,994 - WARNING - ⚠️ 002987 京北方 K线更新失败: ('Connection aborted.', RemoteDisconnected('Remote end closed connection without response'))
2025-08-20 20:12:08,631 - WARNING - ⚠️ 002988 豪美新材 K线更新失败: ('Connection aborted.', RemoteDisconnected('Remote end closed connection without response'))
2025-08-20 20:12:09,272 - WARNING - ⚠️ 002989 中天精装 K线更新失败: ('Connection aborted.', RemoteDisconnected('Remote end closed connection without response'))
2025-08-20 20:12:09,915 - WARNING - ⚠️ 002990 盛视科技 K线更新失败: ('Connection aborted.', RemoteDisconnected('Remote end closed connection without response'))
2025-08-20 20:12:10,551 - WARNING - ⚠️ 002991 甘源食品 K线更新失败: ('Connection aborted.', RemoteDisconnected('Remote end closed connection without response'))
2025-08-20 20:12:11,182 - WARNING - ⚠️ 002992 宝明科技 K线更新失败: ('Connection aborted.', RemoteDisconnected('Remote end closed connection without response'))
2025-08-20 20:12:11,812 - WARNING - ⚠️ 002993 奥海科技 K线更新失败: ('Connection aborted.', RemoteDisconnected('Remote end closed connection without response'))
2025-08-20 20:12:12,422 - WARNING - ⚠️ 002995 天地在线 K线更新失败: ('Connection aborted.', RemoteDisconnected('Remote end closed connection without response'))
2025-08-20 20:12:13,056 - WARNING - ⚠️ 002996 顺博合金 K线更新失败: ('Connection aborted.', RemoteDisconnected('Remote end closed connection without response'))
2025-08-20 20:12:13,683 - WARNING - ⚠️ 002997 瑞鹄模具 K线更新失败: ('Connection aborted.', RemoteDisconnected('Remote end closed connection without response'))
2025-08-20 20:12:14,309 - WARNING - ⚠️ 002998 优彩资源 K线更新失败: ('Connection aborted.', RemoteDisconnected('Remote end closed connection without response'))
2025-08-20 20:12:14,932 - WARNING - ⚠️ 002999 天禾股份 K线更新失败: ('Connection aborted.', RemoteDisconnected('Remote end closed connection without response'))
2025-08-20 20:12:15,579 - WARNING - ⚠️ 003000 劲仔食品 K线更新失败: ('Connection aborted.', RemoteDisconnected('Remote end closed connection without response'))
2025-08-20 20:12:16,212 - WARNING - ⚠️ 003001 中岩大地 K线更新失败: ('Connection aborted.', RemoteDisconnected('Remote end closed connection without response'))
2025-08-20 20:12:16,833 - WARNING - ⚠️ 003002 壶化股份 K线更新失败: ('Connection aborted.', RemoteDisconnected('Remote end closed connection without response'))
2025-08-20 20:12:17,488 - WARNING - ⚠️ 003003 天元股份 K线更新失败: ('Connection aborted.', RemoteDisconnected('Remote end closed connection without response'))
2025-08-20 20:12:18,127 - WARNING - ⚠️ 003004 *ST声迅 K线更新失败: ('Connection aborted.', RemoteDisconnected('Remote end closed connection without response'))
2025-08-20 20:12:18,822 - WARNING - ⚠️ 003005 竞业达 K线更新失败: ('Connection aborted.', RemoteDisconnected('Remote end closed connection without response'))
2025-08-20 20:12:19,451 - WARNING - ⚠️ 003006 百亚股份 K线更新失败: ('Connection aborted.', RemoteDisconnected('Remote end closed connection without response'))
2025-08-20 20:12:20,079 - WARNING - ⚠️ 003007 直真科技 K线更新失败: ('Connection aborted.', RemoteDisconnected('Remote end closed connection without response'))
2025-08-20 20:12:20,714 - WARNING - ⚠️ 003008 开普检测 K线更新失败: ('Connection aborted.', RemoteDisconnected('Remote end closed connection without response'))
2025-08-20 20:12:21,342 - WARNING - ⚠️ 003009 中天火箭 K线更新失败: ('Connection aborted.', RemoteDisconnected('Remote end closed connection without response'))
2025-08-20 20:12:21,973 - WARNING - ⚠️ 003010 若羽臣 K线更新失败: ('Connection aborted.', RemoteDisconnected('Remote end closed connection without response'))
2025-08-20 20:12:22,619 - WARNING - ⚠️ 003011 海象新材 K线更新失败: ('Connection aborted.', RemoteDisconnected('Remote end closed connection without response'))
2025-08-20 20:12:23,249 - WARNING - ⚠️ 003012 东鹏控股 K线更新失败: ('Connection aborted.', RemoteDisconnected('Remote end closed connection without response'))
2025-08-20 20:12:23,904 - WARNING - ⚠️ 003013 地铁设计 K线更新失败: ('Connection aborted.', RemoteDisconnected('Remote end closed connection without response'))
2025-08-20 20:12:24,528 - WARNING - ⚠️ 003015 日久光电 K线更新失败: ('Connection aborted.', RemoteDisconnected('Remote end closed connection without response'))
2025-08-20 20:12:25,156 - WARNING - ⚠️ 003016 欣贺股份 K线更新失败: ('Connection aborted.', RemoteDisconnected('Remote end closed connection without response'))
2025-08-20 20:12:25,782 - WARNING - ⚠️ 003017 大洋生物 K线更新失败: ('Connection aborted.', RemoteDisconnected('Remote end closed connection without response'))
2025-08-20 20:12:26,412 - WARNING - ⚠️ 003018 金富科技 K线更新失败: ('Connection aborted.', RemoteDisconnected('Remote end closed connection without response'))
2025-08-20 20:12:27,053 - WARNING - ⚠️ 003019 宸展光电 K线更新失败: ('Connection aborted.', RemoteDisconnected('Remote end closed connection without response'))
2025-08-20 20:12:27,694 - WARNING - ⚠️ 003020 立方制药 K线更新失败: ('Connection aborted.', RemoteDisconnected('Remote end closed connection without response'))
2025-08-20 20:12:28,312 - WARNING - ⚠️ 003021 兆威机电 K线更新失败: ('Connection aborted.', RemoteDisconnected('Remote end closed connection without response'))
2025-08-20 20:12:28,943 - WARNING - ⚠️ 003022 联泓新科 K线更新失败: ('Connection aborted.', RemoteDisconnected('Remote end closed connection without response'))
2025-08-20 20:12:29,572 - WARNING - ⚠️ 003023 彩虹集团 K线更新失败: ('Connection aborted.', RemoteDisconnected('Remote end closed connection without response'))
2025-08-20 20:12:30,207 - WARNING - ⚠️ 003025 思进智能 K线更新失败: ('Connection aborted.', RemoteDisconnected('Remote end closed connection without response'))
2025-08-20 20:12:30,832 - WARNING - ⚠️ 003026 中晶科技 K线更新失败: ('Connection aborted.', RemoteDisconnected('Remote end closed connection without response'))
2025-08-20 20:12:31,462 - WARNING - ⚠️ 003027 同兴科技 K线更新失败: ('Connection aborted.', RemoteDisconnected('Remote end closed connection without response'))
2025-08-20 20:12:32,119 - WARNING - ⚠️ 003028 振邦智能 K线更新失败: ('Connection aborted.', RemoteDisconnected('Remote end closed connection without response'))
2025-08-20 20:12:34,556 - WARNING - ⚠️ 003029 吉大正元 K线更新失败: ('Connection aborted.', RemoteDisconnected('Remote end closed connection without response'))
2025-08-20 20:12:35,304 - WARNING - ⚠️ 003030 祖名股份 K线更新失败: ('Connection aborted.', RemoteDisconnected('Remote end closed connection without response'))
2025-08-20 20:12:36,201 - WARNING - ⚠️ 003031 中瓷电子 K线更新失败: ('Connection aborted.', RemoteDisconnected('Remote end closed connection without response'))
2025-08-20 20:12:36,866 - WARNING - ⚠️ 003032 *ST传智 K线更新失败: ('Connection aborted.', RemoteDisconnected('Remote end closed connection without response'))
2025-08-20 20:12:37,831 - WARNING - ⚠️ 003033 征和工业 K线更新失败: ('Connection aborted.', RemoteDisconnected('Remote end closed connection without response'))
2025-08-20 20:12:38,500 - WARNING - ⚠️ 003035 南网能源 K线更新失败: ('Connection aborted.', RemoteDisconnected('Remote end closed connection without response'))
2025-08-20 20:12:39,235 - WARNING - ⚠️ 003036 泰坦股份 K线更新失败: ('Connection aborted.', RemoteDisconnected('Remote end closed connection without response'))
2025-08-20 20:12:39,902 - WARNING - ⚠️ 003037 三和管桩 K线更新失败: ('Connection aborted.', RemoteDisconnected('Remote end closed connection without response'))
2025-08-20 20:12:40,571 - WARNING - ⚠️ 003038 鑫铂股份 K线更新失败: ('Connection aborted.', RemoteDisconnected('Remote end closed connection without response'))
2025-08-20 20:12:41,233 - WARNING - ⚠️ 003039 顺控发展 K线更新失败: ('Connection aborted.', RemoteDisconnected('Remote end closed connection without response'))
2025-08-20 20:12:41,893 - WARNING - ⚠️ 003040 楚天龙 K线更新失败: ('Connection aborted.', RemoteDisconnected('Remote end closed connection without response'))
2025-08-20 20:12:42,569 - WARNING - ⚠️ 003041 真爱美家 K线更新失败: ('Connection aborted.', RemoteDisconnected('Remote end closed connection without response'))
2025-08-20 20:12:43,241 - WARNING - ⚠️ 003042 中农联合 K线更新失败: ('Connection aborted.', RemoteDisconnected('Remote end closed connection without response'))
2025-08-20 20:12:43,912 - WARNING - ⚠️ 003043 华亚智能 K线更新失败: ('Connection aborted.', RemoteDisconnected('Remote end closed connection without response'))
2025-08-20 20:12:44,864 - WARNING - ⚠️ 003816 中国广核 K线更新失败: ('Connection aborted.', RemoteDisconnected('Remote end closed connection without response'))
2025-08-20 20:12:45,533 - WARNING - ⚠️ 300001 特锐德 K线更新失败: ('Connection aborted.', RemoteDisconnected('Remote end closed connection without response'))
2025-08-20 20:12:46,541 - WARNING - ⚠️ 300002 神州泰岳 K线更新失败: ('Connection aborted.', RemoteDisconnected('Remote end closed connection without response'))
2025-08-20 20:12:47,217 - WARNING - ⚠️ 300003 乐普医疗 K线更新失败: ('Connection aborted.', RemoteDisconnected('Remote end closed connection without response'))
2025-08-20 20:12:47,873 - WARNING - ⚠️ 300004 南风股份 K线更新失败: ('Connection aborted.', RemoteDisconnected('Remote end closed connection without response'))
2025-08-20 20:12:48,541 - WARNING - ⚠️ 300005 探路者 K线更新失败: ('Connection aborted.', RemoteDisconnected('Remote end closed connection without response'))
2025-08-20 20:12:49,201 - WARNING - ⚠️ 300006 莱美药业 K线更新失败: ('Connection aborted.', RemoteDisconnected('Remote end closed connection without response'))
2025-08-20 20:12:50,160 - WARNING - ⚠️ 300007 汉威科技 K线更新失败: ('Connection aborted.', RemoteDisconnected('Remote end closed connection without response'))
2025-08-20 20:12:51,129 - WARNING - ⚠️ 300008 天海防务 K线更新失败: ('Connection aborted.', RemoteDisconnected('Remote end closed connection without response'))
2025-08-20 20:12:51,795 - WARNING - ⚠️ 300009 安科生物 K线更新失败: ('Connection aborted.', RemoteDisconnected('Remote end closed connection without response'))
2025-08-20 20:12:52,466 - WARNING - ⚠️ 300010 豆神教育 K线更新失败: ('Connection aborted.', RemoteDisconnected('Remote end closed connection without response'))
2025-08-20 20:12:53,194 - WARNING - ⚠️ 300011 鼎汉技术 K线更新失败: ('Connection aborted.', RemoteDisconnected('Remote end closed connection without response'))
2025-08-20 20:12:54,156 - WARNING - ⚠️ 300012 华测检测 K线更新失败: ('Connection aborted.', RemoteDisconnected('Remote end closed connection without response'))
2025-08-20 20:12:54,821 - WARNING - ⚠️ 300013 新宁物流 K线更新失败: ('Connection aborted.', RemoteDisconnected('Remote end closed connection without response'))
2025-08-20 20:12:55,491 - WARNING - ⚠️ 300014 亿纬锂能 K线更新失败: ('Connection aborted.', RemoteDisconnected('Remote end closed connection without response'))
2025-08-20 20:12:56,154 - WARNING - ⚠️ 300015 爱尔眼科 K线更新失败: ('Connection aborted.', RemoteDisconnected('Remote end closed connection without response'))
2025-08-20 20:12:57,081 - WARNING - ⚠️ 300016 北陆药业 K线更新失败: ('Connection aborted.', RemoteDisconnected('Remote end closed connection without response'))
2025-08-20 20:12:57,738 - WARNING - ⚠️ 300017 网宿科技 K线更新失败: ('Connection aborted.', RemoteDisconnected('Remote end closed connection without response'))
2025-08-20 20:12:58,391 - WARNING - ⚠️ 300018 中元股份 K线更新失败: ('Connection aborted.', RemoteDisconnected('Remote end closed connection without response'))
2025-08-20 20:12:59,061 - WARNING - ⚠️ 300019 硅宝科技 K线更新失败: ('Connection aborted.', RemoteDisconnected('Remote end closed connection without response'))
2025-08-20 20:13:00,021 - WARNING - ⚠️ 300020 ST银江 K线更新失败: ('Connection aborted.', RemoteDisconnected('Remote end closed connection without response'))
2025-08-20 20:13:00,982 - WARNING - ⚠️ 300021 大禹节水 K线更新失败: ('Connection aborted.', RemoteDisconnected('Remote end closed connection without response'))
2025-08-20 20:13:01,721 - WARNING - ⚠️ 300022 吉峰科技 K线更新失败: ('Connection aborted.', RemoteDisconnected('Remote end closed connection without response'))
2025-08-20 20:13:02,635 - INFO - 数据库连接已关闭
