2025-08-16 06:54:37,350 - INFO - 🌟 每周数据更新程序启动
2025-08-16 06:54:37,350 - INFO - 🚀 开始每周数据更新...
2025-08-16 06:54:37,350 - INFO - ============================================================
2025-08-16 06:54:37,374 - INFO - ✅ 成功连接到MySQL数据库
2025-08-16 06:54:37,374 - INFO - 清空股票基本信息...
2025-08-16 06:54:37,533 - INFO - 🚀 开始获取ADATA所有股票基本信息...
2025-08-16 06:55:19,949 - INFO - 📊 获取到 5739 只股票信息
2025-08-16 06:55:19,972 - INFO - 📈 已插入 100 只股票信息
2025-08-16 06:55:19,986 - INFO - 📈 已插入 200 只股票信息
2025-08-16 06:55:20,021 - INFO - 📈 已插入 300 只股票信息
2025-08-16 06:55:20,037 - INFO - 📈 已插入 400 只股票信息
2025-08-16 06:55:20,050 - INFO - 📈 已插入 500 只股票信息
2025-08-16 06:55:20,066 - INFO - 📈 已插入 600 只股票信息
2025-08-16 06:55:20,082 - INFO - 📈 已插入 700 只股票信息
2025-08-16 06:55:20,088 - INFO - 📈 已插入 800 只股票信息
2025-08-16 06:55:20,104 - INFO - 📈 已插入 900 只股票信息
2025-08-16 06:55:20,137 - INFO - 📈 已插入 1000 只股票信息
2025-08-16 06:55:20,149 - INFO - 📈 已插入 1100 只股票信息
2025-08-16 06:55:20,172 - INFO - 📈 已插入 1200 只股票信息
2025-08-16 06:55:20,199 - INFO - 📈 已插入 1300 只股票信息
2025-08-16 06:55:20,206 - INFO - 📈 已插入 1400 只股票信息
2025-08-16 06:55:20,217 - INFO - 📈 已插入 1500 只股票信息
2025-08-16 06:55:20,234 - INFO - 📈 已插入 1600 只股票信息
2025-08-16 06:55:20,249 - INFO - 📈 已插入 1700 只股票信息
2025-08-16 06:55:20,266 - INFO - 📈 已插入 1800 只股票信息
2025-08-16 06:55:20,282 - INFO - 📈 已插入 1900 只股票信息
2025-08-16 06:55:20,306 - INFO - 📈 已插入 2000 只股票信息
2025-08-16 06:55:20,322 - INFO - 📈 已插入 2100 只股票信息
2025-08-16 06:55:20,332 - INFO - 📈 已插入 2200 只股票信息
2025-08-16 06:55:20,348 - INFO - 📈 已插入 2300 只股票信息
2025-08-16 06:55:20,364 - INFO - 📈 已插入 2400 只股票信息
2025-08-16 06:55:20,381 - INFO - 📈 已插入 2500 只股票信息
2025-08-16 06:55:20,400 - INFO - 📈 已插入 2600 只股票信息
2025-08-16 06:55:20,415 - INFO - 📈 已插入 2700 只股票信息
2025-08-16 06:55:20,421 - INFO - 📈 已插入 2800 只股票信息
2025-08-16 06:55:20,449 - INFO - 📈 已插入 2900 只股票信息
2025-08-16 06:55:20,457 - INFO - 📈 已插入 3000 只股票信息
2025-08-16 06:55:20,469 - INFO - 📈 已插入 3100 只股票信息
2025-08-16 06:55:20,488 - INFO - 📈 已插入 3200 只股票信息
2025-08-16 06:55:20,517 - INFO - 📈 已插入 3300 只股票信息
2025-08-16 06:55:20,538 - INFO - 📈 已插入 3400 只股票信息
2025-08-16 06:55:20,570 - INFO - 📈 已插入 3500 只股票信息
2025-08-16 06:55:20,599 - INFO - 📈 已插入 3600 只股票信息
2025-08-16 06:55:20,621 - INFO - 📈 已插入 3700 只股票信息
2025-08-16 06:55:20,650 - INFO - 📈 已插入 3800 只股票信息
2025-08-16 06:55:20,667 - INFO - 📈 已插入 3900 只股票信息
2025-08-16 06:55:20,682 - INFO - 📈 已插入 4000 只股票信息
2025-08-16 06:55:20,688 - INFO - 📈 已插入 4100 只股票信息
2025-08-16 06:55:20,715 - INFO - 📈 已插入 4200 只股票信息
2025-08-16 06:55:20,715 - INFO - 📈 已插入 4300 只股票信息
2025-08-16 06:55:20,736 - INFO - 📈 已插入 4400 只股票信息
2025-08-16 06:55:20,749 - INFO - 📈 已插入 4500 只股票信息
2025-08-16 06:55:20,766 - INFO - 📈 已插入 4600 只股票信息
2025-08-16 06:55:20,782 - INFO - 📈 已插入 4700 只股票信息
2025-08-16 06:55:20,798 - INFO - 📈 已插入 4800 只股票信息
2025-08-16 06:55:20,799 - INFO - 📈 已插入 4900 只股票信息
2025-08-16 06:55:20,819 - INFO - 📈 已插入 5000 只股票信息
2025-08-16 06:55:20,834 - INFO - 📈 已插入 5100 只股票信息
2025-08-16 06:55:20,850 - INFO - 📈 已插入 5200 只股票信息
2025-08-16 06:55:20,869 - INFO - 📈 已插入 5300 只股票信息
2025-08-16 06:55:20,882 - INFO - 📈 已插入 5400 只股票信息
2025-08-16 06:55:20,921 - INFO - 📈 已插入 5500 只股票信息
2025-08-16 06:55:20,934 - INFO - 📈 已插入 5600 只股票信息
2025-08-16 06:55:20,949 - INFO - 📈 已插入 5700 只股票信息
2025-08-16 06:55:20,958 - INFO - ✅ 成功插入 5739 只股票基本信息
2025-08-16 06:55:20,960 - INFO - 📊 开始更新近7个自然日K线数据）...
2025-08-16 06:55:20,988 - INFO - 📊 准备更新 5739 只股票的近7个自然日K线数据
2025-08-16 06:56:45,232 - WARNING - ⚠️ 000001.SZ 平安银行 K线更新失败: HTTPConnectionPool(host='api.waditu.com', port=80): Max retries exceeded with url: /dataapi/daily (Caused by ConnectTimeoutError(<urllib3.connection.HTTPConnection object at 0x000001C46741A200>, 'Connection to api.waditu.com timed out. (connect timeout=30)'))
2025-08-16 06:57:27,363 - INFO - 数据库连接已关闭
2025-08-16 06:57:46,844 - INFO - 🌟 每周数据更新程序启动
2025-08-16 06:57:46,844 - INFO - 🚀 开始每周数据更新...
2025-08-16 06:57:46,844 - INFO - ============================================================
2025-08-16 06:57:46,860 - INFO - ✅ 成功连接到MySQL数据库
2025-08-16 06:57:46,860 - INFO - 📊 开始更新近7个自然日K线数据）...
2025-08-16 06:57:46,896 - INFO - 📊 准备更新 5739 只股票的近7个自然日K线数据
2025-08-16 06:59:11,064 - WARNING - ⚠️ 000001.SZ 平安银行 K线更新失败: HTTPConnectionPool(host='api.waditu.com', port=80): Max retries exceeded with url: /dataapi/daily (Caused by ConnectTimeoutError(<urllib3.connection.HTTPConnection object at 0x000002277C11A0E0>, 'Connection to api.waditu.com timed out. (connect timeout=30)'))
2025-08-16 06:59:53,164 - INFO - 数据库连接已关闭
2025-08-16 06:59:58,141 - INFO - 🌟 每周数据更新程序启动
2025-08-16 06:59:58,141 - INFO - 🚀 开始每周数据更新...
2025-08-16 06:59:58,141 - INFO - ============================================================
2025-08-16 06:59:58,141 - INFO - ✅ 成功连接到MySQL数据库
2025-08-16 06:59:58,141 - INFO - 📊 开始更新近7个自然日K线数据）...
2025-08-16 06:59:58,181 - INFO - 📊 准备更新 5739 只股票的近7个自然日K线数据
2025-08-16 07:01:22,398 - WARNING - ⚠️ 000001.SZ 平安银行 K线更新失败: HTTPConnectionPool(host='api.waditu.com', port=80): Max retries exceeded with url: /dataapi/daily (Caused by ConnectTimeoutError(<urllib3.connection.HTTPConnection object at 0x000001EF4E62A050>, 'Connection to api.waditu.com timed out. (connect timeout=30)'))
2025-08-16 07:01:43,455 - INFO - 数据库连接已关闭
2025-08-16 07:01:48,873 - INFO - 🌟 每周数据更新程序启动
2025-08-16 07:01:48,873 - INFO - 🚀 开始每周数据更新...
2025-08-16 07:01:48,873 - INFO - ============================================================
2025-08-16 07:01:48,873 - INFO - ✅ 成功连接到MySQL数据库
2025-08-16 07:01:48,873 - INFO - 清空股票股本信息...
2025-08-16 07:01:48,956 - INFO - 🚀 开始获取ADATA所有股票股本信息...
2025-08-16 07:02:02,286 - INFO - 📈 已处理 50/5739 只股票，成功 50 只
2025-08-16 07:02:14,971 - INFO - 📈 已处理 100/5739 只股票，成功 100 只
2025-08-16 07:02:27,560 - INFO - 📈 已处理 150/5739 只股票，成功 150 只
2025-08-16 07:02:40,013 - INFO - 📈 已处理 200/5739 只股票，成功 200 只
2025-08-16 07:02:52,682 - INFO - 📈 已处理 250/5739 只股票，成功 250 只
2025-08-16 07:03:05,320 - INFO - 📈 已处理 300/5739 只股票，成功 300 只
2025-08-16 07:03:17,331 - INFO - 📈 已处理 350/5739 只股票，成功 350 只
2025-08-16 07:03:29,520 - INFO - 📈 已处理 400/5739 只股票，成功 400 只
2025-08-16 07:03:40,969 - INFO - 📈 已处理 450/5739 只股票，成功 450 只
2025-08-16 07:03:52,655 - INFO - 📈 已处理 500/5739 只股票，成功 500 只
2025-08-16 07:04:04,486 - INFO - 📈 已处理 550/5739 只股票，成功 550 只
2025-08-16 07:04:16,175 - INFO - 📈 已处理 600/5739 只股票，成功 600 只
2025-08-16 07:04:28,613 - INFO - 📈 已处理 650/5739 只股票，成功 650 只
2025-08-16 07:04:41,028 - INFO - 📈 已处理 700/5739 只股票，成功 700 只
2025-08-16 07:04:53,570 - INFO - 📈 已处理 750/5739 只股票，成功 750 只
2025-08-16 07:05:06,565 - INFO - 📈 已处理 800/5739 只股票，成功 800 只
2025-08-16 07:05:19,205 - INFO - 📈 已处理 850/5739 只股票，成功 850 只
2025-08-16 07:05:32,058 - INFO - 📈 已处理 900/5739 只股票，成功 900 只
2025-08-16 07:05:44,958 - INFO - 📈 已处理 950/5739 只股票，成功 950 只
2025-08-16 07:05:57,351 - INFO - 📈 已处理 1000/5739 只股票，成功 1000 只
2025-08-16 07:06:10,181 - INFO - 📈 已处理 1050/5739 只股票，成功 1050 只
2025-08-16 07:06:22,044 - INFO - 📈 已处理 1100/5739 只股票，成功 1100 只
2025-08-16 07:06:34,359 - INFO - 📈 已处理 1150/5739 只股票，成功 1150 只
2025-08-16 07:06:46,305 - INFO - 📈 已处理 1200/5739 只股票，成功 1200 只
2025-08-16 07:06:59,114 - INFO - 📈 已处理 1250/5739 只股票，成功 1250 只
2025-08-16 07:07:11,659 - INFO - 📈 已处理 1300/5739 只股票，成功 1300 只
2025-08-16 07:07:23,499 - INFO - 📈 已处理 1350/5739 只股票，成功 1350 只
2025-08-16 07:07:36,242 - INFO - 📈 已处理 1400/5739 只股票，成功 1400 只
2025-08-16 07:07:48,816 - INFO - 📈 已处理 1450/5739 只股票，成功 1450 只
2025-08-16 07:08:01,041 - INFO - 📈 已处理 1500/5739 只股票，成功 1500 只
2025-08-16 07:08:13,044 - INFO - 📈 已处理 1550/5739 只股票，成功 1550 只
2025-08-16 07:08:25,280 - INFO - 📈 已处理 1600/5739 只股票，成功 1600 只
2025-08-16 07:08:37,983 - INFO - 📈 已处理 1650/5739 只股票，成功 1650 只
2025-08-16 07:08:50,990 - INFO - 📈 已处理 1700/5739 只股票，成功 1700 只
2025-08-16 07:09:04,843 - INFO - 📈 已处理 1750/5739 只股票，成功 1750 只
2025-08-16 07:09:16,707 - INFO - 📈 已处理 1800/5739 只股票，成功 1800 只
2025-08-16 07:09:29,346 - INFO - 📈 已处理 1850/5739 只股票，成功 1850 只
2025-08-16 07:09:41,833 - INFO - 📈 已处理 1900/5739 只股票，成功 1900 只
2025-08-16 07:09:54,438 - INFO - 📈 已处理 1950/5739 只股票，成功 1950 只
2025-08-16 07:10:08,022 - INFO - 📈 已处理 2000/5739 只股票，成功 2000 只
2025-08-16 07:10:20,755 - INFO - 📈 已处理 2050/5739 只股票，成功 2050 只
2025-08-16 07:10:33,311 - INFO - 📈 已处理 2100/5739 只股票，成功 2100 只
2025-08-16 07:10:45,454 - INFO - 📈 已处理 2150/5739 只股票，成功 2150 只
2025-08-16 07:10:57,392 - INFO - 📈 已处理 2200/5739 只股票，成功 2200 只
2025-08-16 07:11:10,301 - INFO - 📈 已处理 2250/5739 只股票，成功 2250 只
2025-08-16 07:11:22,431 - INFO - 📈 已处理 2300/5739 只股票，成功 2300 只
2025-08-16 07:11:34,934 - INFO - 📈 已处理 2350/5739 只股票，成功 2350 只
2025-08-16 07:11:46,823 - INFO - 📈 已处理 2400/5739 只股票，成功 2400 只
2025-08-16 07:11:58,816 - INFO - 📈 已处理 2450/5739 只股票，成功 2450 只
2025-08-16 07:12:12,523 - INFO - 📈 已处理 2500/5739 只股票，成功 2500 只
2025-08-16 07:12:23,819 - INFO - 📈 已处理 2550/5739 只股票，成功 2550 只
2025-08-16 07:12:35,479 - INFO - 📈 已处理 2600/5739 只股票，成功 2600 只
2025-08-16 07:12:46,673 - INFO - 📈 已处理 2650/5739 只股票，成功 2650 只
2025-08-16 07:12:57,985 - INFO - 📈 已处理 2700/5739 只股票，成功 2700 只
2025-08-16 07:13:09,674 - INFO - 📈 已处理 2750/5739 只股票，成功 2750 只
2025-08-16 07:13:21,485 - INFO - 📈 已处理 2800/5739 只股票，成功 2800 只
2025-08-16 07:13:32,991 - INFO - 📈 已处理 2850/5739 只股票，成功 2850 只
2025-08-16 07:13:46,240 - INFO - 📈 已处理 2900/5739 只股票，成功 2900 只
2025-08-16 07:14:00,422 - INFO - 📈 已处理 2950/5739 只股票，成功 2950 只
2025-08-16 07:14:13,650 - INFO - 📈 已处理 3000/5739 只股票，成功 3000 只
2025-08-16 07:14:25,032 - INFO - 📈 已处理 3050/5739 只股票，成功 3050 只
2025-08-16 07:14:36,821 - INFO - 📈 已处理 3100/5739 只股票，成功 3100 只
2025-08-16 07:14:48,581 - INFO - 📈 已处理 3150/5739 只股票，成功 3150 只
2025-08-16 07:15:00,503 - INFO - 📈 已处理 3200/5739 只股票，成功 3200 只
2025-08-16 07:15:12,683 - INFO - 📈 已处理 3250/5739 只股票，成功 3250 只
2025-08-16 07:15:23,928 - INFO - 📈 已处理 3300/5739 只股票，成功 3300 只
2025-08-16 07:15:35,252 - INFO - 📈 已处理 3350/5739 只股票，成功 3350 只
2025-08-16 07:15:46,702 - INFO - 📈 已处理 3400/5739 只股票，成功 3400 只
2025-08-16 07:15:59,125 - INFO - 📈 已处理 3450/5739 只股票，成功 3450 只
2025-08-16 07:16:11,298 - INFO - 📈 已处理 3500/5739 只股票，成功 3500 只
2025-08-16 07:16:23,020 - INFO - 📈 已处理 3550/5739 只股票，成功 3550 只
2025-08-16 07:16:34,862 - INFO - 📈 已处理 3600/5739 只股票，成功 3600 只
2025-08-16 07:16:46,566 - INFO - 📈 已处理 3650/5739 只股票，成功 3650 只
2025-08-16 07:16:58,947 - INFO - 📈 已处理 3700/5739 只股票，成功 3700 只
2025-08-16 07:17:10,873 - INFO - 📈 已处理 3750/5739 只股票，成功 3750 只
2025-08-16 07:17:22,888 - INFO - 📈 已处理 3800/5739 只股票，成功 3800 只
2025-08-16 07:17:34,634 - INFO - 📈 已处理 3850/5739 只股票，成功 3850 只
2025-08-16 07:17:46,119 - INFO - 📈 已处理 3900/5739 只股票，成功 3900 只
2025-08-16 07:17:57,819 - INFO - 📈 已处理 3950/5739 只股票，成功 3950 只
2025-08-16 07:18:10,448 - INFO - 📈 已处理 4000/5739 只股票，成功 4000 只
2025-08-16 07:18:21,891 - INFO - 📈 已处理 4050/5739 只股票，成功 4050 只
2025-08-16 07:18:34,048 - INFO - 📈 已处理 4100/5739 只股票，成功 4100 只
2025-08-16 07:18:45,578 - INFO - 📈 已处理 4150/5739 只股票，成功 4150 只
2025-08-16 07:18:57,176 - INFO - 📈 已处理 4200/5739 只股票，成功 4200 只
2025-08-16 07:19:09,099 - INFO - 📈 已处理 4250/5739 只股票，成功 4250 只
2025-08-16 07:19:21,030 - INFO - 📈 已处理 4300/5739 只股票，成功 4300 只
2025-08-16 07:19:32,547 - INFO - 📈 已处理 4350/5739 只股票，成功 4350 只
2025-08-16 07:19:43,663 - INFO - 📈 已处理 4400/5739 只股票，成功 4400 只
2025-08-16 07:19:54,880 - INFO - 📈 已处理 4450/5739 只股票，成功 4450 只
2025-08-16 07:20:06,415 - INFO - 📈 已处理 4500/5739 只股票，成功 4500 只
2025-08-16 07:20:18,305 - INFO - 📈 已处理 4550/5739 只股票，成功 4550 只
2025-08-16 07:20:29,953 - INFO - 📈 已处理 4600/5739 只股票，成功 4600 只
2025-08-16 07:20:41,519 - INFO - 📈 已处理 4650/5739 只股票，成功 4650 只
2025-08-16 07:20:53,527 - INFO - 📈 已处理 4700/5739 只股票，成功 4700 只
2025-08-16 07:21:05,107 - INFO - 📈 已处理 4750/5739 只股票，成功 4750 只
2025-08-16 07:21:17,187 - INFO - 📈 已处理 4800/5739 只股票，成功 4800 只
2025-08-16 07:21:28,403 - INFO - 📈 已处理 4850/5739 只股票，成功 4850 只
2025-08-16 07:21:39,871 - INFO - 📈 已处理 4900/5739 只股票，成功 4900 只
2025-08-16 07:21:51,354 - INFO - 📈 已处理 4950/5739 只股票，成功 4950 只
2025-08-16 07:22:02,926 - INFO - 📈 已处理 5000/5739 只股票，成功 5000 只
2025-08-16 07:22:15,126 - INFO - 📈 已处理 5050/5739 只股票，成功 5050 只
2025-08-16 07:22:27,686 - INFO - 📈 已处理 5100/5739 只股票，成功 5100 只
2025-08-16 07:22:39,948 - INFO - 📈 已处理 5150/5739 只股票，成功 5150 只
2025-08-16 07:22:51,432 - INFO - 📈 已处理 5200/5739 只股票，成功 5200 只
2025-08-16 07:23:04,320 - INFO - 📈 已处理 5250/5739 只股票，成功 5250 只
2025-08-16 07:23:17,187 - INFO - 📈 已处理 5300/5739 只股票，成功 5300 只
2025-08-16 07:23:29,323 - INFO - 📈 已处理 5350/5739 只股票，成功 5350 只
2025-08-16 07:23:40,931 - INFO - 📈 已处理 5400/5739 只股票，成功 5400 只
2025-08-16 07:23:52,977 - INFO - 📈 已处理 5450/5739 只股票，成功 5450 只
2025-08-16 07:24:05,999 - INFO - 📈 已处理 5500/5739 只股票，成功 5500 只
2025-08-16 07:24:17,493 - INFO - 📈 已处理 5550/5739 只股票，成功 5550 只
2025-08-16 07:24:29,524 - INFO - 📈 已处理 5600/5739 只股票，成功 5600 只
2025-08-16 07:24:41,624 - INFO - 📈 已处理 5650/5739 只股票，成功 5650 只
2025-08-16 07:24:53,103 - INFO - 📈 已处理 5700/5739 只股票，成功 5700 只
2025-08-16 07:25:03,239 - INFO - ✅ 本周股本信息更新完成: 5739 条记录
2025-08-16 07:25:03,239 - INFO - 清空同花顺的概念代码信息...
2025-08-16 07:25:03,307 - INFO - 🚀 开始获取ADATA所有同花顺的概念代码信息...
2025-08-16 07:25:04,944 - INFO - 📊 获取到 390 只概念代码信息
2025-08-16 07:25:04,978 - INFO - 📈 已插入 100 只概念代码信息
2025-08-16 07:25:04,992 - INFO - 📈 已插入 200 只概念代码信息
2025-08-16 07:25:05,006 - INFO - 📈 已插入 300 只概念代码信息
2025-08-16 07:25:05,012 - INFO - ✅ 成功插入 390 只概念代码信息
2025-08-16 07:25:05,021 - INFO - 清空同花顺股票概念关系...
2025-08-16 07:25:05,090 - INFO - 🚀 开始获取ADATA同花顺股票概念关系...
2025-08-16 07:25:05,090 - INFO - 获取概念代码，开始处理
2025-08-16 07:25:05,738 - INFO - 获取ADATA概念相关股票，开始处理
2025-08-16 07:25:06,603 - INFO - 获取ADATA概念相关股票，开始处理
2025-08-16 07:25:07,365 - INFO - 获取ADATA概念相关股票，开始处理
2025-08-16 07:25:10,270 - INFO - 获取ADATA概念相关股票，开始处理
2025-08-16 07:25:11,775 - INFO - 获取ADATA概念相关股票，开始处理
2025-08-16 07:25:12,508 - INFO - 获取ADATA概念相关股票，开始处理
2025-08-16 07:25:13,194 - INFO - 获取ADATA概念相关股票，开始处理
2025-08-16 07:25:14,678 - INFO - 获取ADATA概念相关股票，开始处理
2025-08-16 07:25:15,386 - INFO - 获取ADATA概念相关股票，开始处理
2025-08-16 07:25:16,105 - INFO - 获取ADATA概念相关股票，开始处理
2025-08-16 07:25:16,920 - INFO - 获取ADATA概念相关股票，开始处理
2025-08-16 07:25:17,657 - INFO - 获取ADATA概念相关股票，开始处理
2025-08-16 07:25:18,334 - INFO - 获取ADATA概念相关股票，开始处理
2025-08-16 07:25:19,084 - INFO - 获取ADATA概念相关股票，开始处理
2025-08-16 07:25:19,803 - INFO - 获取ADATA概念相关股票，开始处理
2025-08-16 07:25:20,552 - INFO - 获取ADATA概念相关股票，开始处理
2025-08-16 07:25:21,320 - INFO - 获取ADATA概念相关股票，开始处理
2025-08-16 07:25:22,192 - INFO - 获取ADATA概念相关股票，开始处理
2025-08-16 07:25:22,992 - INFO - 获取ADATA概念相关股票，开始处理
2025-08-16 07:25:23,732 - INFO - 获取ADATA概念相关股票，开始处理
2025-08-16 07:25:24,448 - INFO - 获取ADATA概念相关股票，开始处理
2025-08-16 07:25:25,215 - INFO - 获取ADATA概念相关股票，开始处理
2025-08-16 07:25:26,015 - INFO - 获取ADATA概念相关股票，开始处理
2025-08-16 07:25:26,729 - INFO - 获取ADATA概念相关股票，开始处理
2025-08-16 07:25:28,288 - INFO - 获取ADATA概念相关股票，开始处理
2025-08-16 07:25:29,335 - INFO - 获取ADATA概念相关股票，开始处理
2025-08-16 07:25:30,170 - INFO - 获取ADATA概念相关股票，开始处理
2025-08-16 07:25:30,929 - INFO - 获取ADATA概念相关股票，开始处理
2025-08-16 07:25:31,710 - INFO - 获取ADATA概念相关股票，开始处理
2025-08-16 07:25:32,431 - INFO - 获取ADATA概念相关股票，开始处理
2025-08-16 07:25:33,154 - INFO - 获取ADATA概念相关股票，开始处理
2025-08-16 07:25:33,934 - INFO - 获取ADATA概念相关股票，开始处理
2025-08-16 07:25:34,639 - INFO - 获取ADATA概念相关股票，开始处理
2025-08-16 07:25:35,366 - INFO - 获取ADATA概念相关股票，开始处理
2025-08-16 07:25:36,082 - INFO - 获取ADATA概念相关股票，开始处理
2025-08-16 07:25:41,848 - INFO - 获取ADATA概念相关股票，开始处理
2025-08-16 07:25:42,609 - INFO - 获取ADATA概念相关股票，开始处理
2025-08-16 07:25:43,169 - INFO - 获取ADATA概念相关股票，开始处理
2025-08-16 07:25:43,819 - INFO - 获取ADATA概念相关股票，开始处理
2025-08-16 07:25:44,486 - INFO - 获取ADATA概念相关股票，开始处理
2025-08-16 07:25:45,444 - INFO - 获取ADATA概念相关股票，开始处理
2025-08-16 07:25:46,334 - INFO - 获取ADATA概念相关股票，开始处理
2025-08-16 07:25:47,105 - INFO - 获取ADATA概念相关股票，开始处理
2025-08-16 07:25:47,787 - INFO - 获取ADATA概念相关股票，开始处理
2025-08-16 07:25:48,428 - INFO - 获取ADATA概念相关股票，开始处理
2025-08-16 07:25:49,267 - INFO - 获取ADATA概念相关股票，开始处理
2025-08-16 07:25:52,288 - INFO - 获取ADATA概念相关股票，开始处理
2025-08-16 07:25:53,644 - INFO - 获取ADATA概念相关股票，开始处理
2025-08-16 07:25:54,663 - INFO - 获取ADATA概念相关股票，开始处理
2025-08-16 07:25:55,474 - INFO - 获取ADATA概念相关股票，开始处理
2025-08-16 07:25:55,521 - INFO - 📈 已处理 50/6 只概念，成功 50 只
2025-08-16 07:25:56,152 - INFO - 获取ADATA概念相关股票，开始处理
2025-08-16 07:25:56,803 - INFO - 获取ADATA概念相关股票，开始处理
2025-08-16 07:25:57,678 - INFO - 获取ADATA概念相关股票，开始处理
2025-08-16 07:25:58,428 - INFO - 获取ADATA概念相关股票，开始处理
2025-08-16 07:25:59,263 - INFO - 获取ADATA概念相关股票，开始处理
2025-08-16 07:26:00,041 - INFO - 获取ADATA概念相关股票，开始处理
2025-08-16 07:26:00,804 - INFO - 获取ADATA概念相关股票，开始处理
2025-08-16 07:26:01,625 - INFO - 获取ADATA概念相关股票，开始处理
2025-08-16 07:26:02,397 - INFO - 获取ADATA概念相关股票，开始处理
2025-08-16 07:26:03,177 - INFO - 获取ADATA概念相关股票，开始处理
2025-08-16 07:26:03,865 - INFO - 获取ADATA概念相关股票，开始处理
2025-08-16 07:26:04,714 - INFO - 获取ADATA概念相关股票，开始处理
2025-08-16 07:26:07,567 - INFO - 获取ADATA概念相关股票，开始处理
2025-08-16 07:26:08,462 - INFO - 获取ADATA概念相关股票，开始处理
2025-08-16 07:26:09,274 - INFO - 获取ADATA概念相关股票，开始处理
2025-08-16 07:26:09,965 - INFO - 获取ADATA概念相关股票，开始处理
2025-08-16 07:26:10,742 - INFO - 获取ADATA概念相关股票，开始处理
2025-08-16 07:26:11,551 - INFO - 获取ADATA概念相关股票，开始处理
2025-08-16 07:26:12,267 - INFO - 获取ADATA概念相关股票，开始处理
2025-08-16 07:26:13,005 - INFO - 获取ADATA概念相关股票，开始处理
2025-08-16 07:26:13,698 - INFO - 获取ADATA概念相关股票，开始处理
2025-08-16 07:26:14,364 - INFO - 获取ADATA概念相关股票，开始处理
2025-08-16 07:26:15,098 - INFO - 获取ADATA概念相关股票，开始处理
2025-08-16 07:26:15,768 - INFO - 获取ADATA概念相关股票，开始处理
2025-08-16 07:26:16,317 - INFO - 获取ADATA概念相关股票，开始处理
2025-08-16 07:26:17,069 - INFO - 获取ADATA概念相关股票，开始处理
2025-08-16 07:26:17,853 - INFO - 获取ADATA概念相关股票，开始处理
2025-08-16 07:26:18,574 - INFO - 获取ADATA概念相关股票，开始处理
2025-08-16 07:26:19,364 - INFO - 获取ADATA概念相关股票，开始处理
2025-08-16 07:26:20,127 - INFO - 获取ADATA概念相关股票，开始处理
2025-08-16 07:26:20,848 - INFO - 获取ADATA概念相关股票，开始处理
2025-08-16 07:26:21,536 - INFO - 获取ADATA概念相关股票，开始处理
2025-08-16 07:26:22,197 - INFO - 获取ADATA概念相关股票，开始处理
2025-08-16 07:26:22,848 - INFO - 获取ADATA概念相关股票，开始处理
2025-08-16 07:26:23,489 - INFO - 获取ADATA概念相关股票，开始处理
2025-08-16 07:26:24,114 - INFO - 获取ADATA概念相关股票，开始处理
2025-08-16 07:26:24,942 - INFO - 获取ADATA概念相关股票，开始处理
2025-08-16 07:26:25,811 - INFO - 获取ADATA概念相关股票，开始处理
2025-08-16 07:26:27,041 - INFO - 获取ADATA概念相关股票，开始处理
2025-08-16 07:26:27,593 - INFO - 获取ADATA概念相关股票，开始处理
2025-08-16 07:26:28,286 - INFO - 获取ADATA概念相关股票，开始处理
2025-08-16 07:26:29,112 - INFO - 获取ADATA概念相关股票，开始处理
2025-08-16 07:26:29,911 - INFO - 获取ADATA概念相关股票，开始处理
2025-08-16 07:26:30,664 - INFO - 获取ADATA概念相关股票，开始处理
2025-08-16 07:26:31,395 - INFO - 获取ADATA概念相关股票，开始处理
2025-08-16 07:26:32,632 - INFO - 获取ADATA概念相关股票，开始处理
2025-08-16 07:26:33,582 - INFO - 获取ADATA概念相关股票，开始处理
2025-08-16 07:26:34,319 - INFO - 获取ADATA概念相关股票，开始处理
2025-08-16 07:26:35,246 - INFO - 获取ADATA概念相关股票，开始处理
2025-08-16 07:26:36,167 - INFO - 获取ADATA概念相关股票，开始处理
2025-08-16 07:26:36,270 - INFO - 📈 已处理 100/6 只概念，成功 100 只
2025-08-16 07:26:36,919 - INFO - 获取ADATA概念相关股票，开始处理
2025-08-16 07:26:37,641 - INFO - 获取ADATA概念相关股票，开始处理
2025-08-16 07:26:38,536 - INFO - 获取ADATA概念相关股票，开始处理
2025-08-16 07:26:39,649 - INFO - 获取ADATA概念相关股票，开始处理
2025-08-16 07:26:40,552 - INFO - 获取ADATA概念相关股票，开始处理
2025-08-16 07:26:41,236 - INFO - 获取ADATA概念相关股票，开始处理
2025-08-16 07:26:41,895 - INFO - 获取ADATA概念相关股票，开始处理
2025-08-16 07:26:42,726 - INFO - 获取ADATA概念相关股票，开始处理
2025-08-16 07:26:43,443 - INFO - 获取ADATA概念相关股票，开始处理
2025-08-16 07:26:44,149 - INFO - 获取ADATA概念相关股票，开始处理
2025-08-16 07:26:44,995 - INFO - 获取ADATA概念相关股票，开始处理
2025-08-16 07:26:45,770 - INFO - 获取ADATA概念相关股票，开始处理
2025-08-16 07:26:46,532 - INFO - 获取ADATA概念相关股票，开始处理
2025-08-16 07:26:47,190 - INFO - 获取ADATA概念相关股票，开始处理
2025-08-16 07:26:47,973 - INFO - 获取ADATA概念相关股票，开始处理
2025-08-16 07:26:48,754 - INFO - 获取ADATA概念相关股票，开始处理
2025-08-16 07:26:49,316 - INFO - 获取ADATA概念相关股票，开始处理
2025-08-16 07:26:49,895 - INFO - 获取ADATA概念相关股票，开始处理
2025-08-16 07:26:50,550 - INFO - 获取ADATA概念相关股票，开始处理
2025-08-16 07:26:51,208 - INFO - 获取ADATA概念相关股票，开始处理
2025-08-16 07:26:51,849 - INFO - 获取ADATA概念相关股票，开始处理
2025-08-16 07:26:52,760 - INFO - 获取ADATA概念相关股票，开始处理
2025-08-16 07:26:53,619 - INFO - 获取ADATA概念相关股票，开始处理
2025-08-16 07:26:54,317 - INFO - 获取ADATA概念相关股票，开始处理
2025-08-16 07:26:55,046 - INFO - 获取ADATA概念相关股票，开始处理
2025-08-16 07:26:55,724 - INFO - 获取ADATA概念相关股票，开始处理
2025-08-16 07:26:56,394 - INFO - 获取ADATA概念相关股票，开始处理
2025-08-16 07:26:57,044 - INFO - 获取ADATA概念相关股票，开始处理
2025-08-16 07:26:57,680 - INFO - 获取ADATA概念相关股票，开始处理
2025-08-16 07:26:58,348 - INFO - 获取ADATA概念相关股票，开始处理
2025-08-16 07:26:58,973 - INFO - 获取ADATA概念相关股票，开始处理
2025-08-16 07:26:59,721 - INFO - 获取ADATA概念相关股票，开始处理
2025-08-16 07:27:00,409 - INFO - 获取ADATA概念相关股票，开始处理
2025-08-16 07:27:01,067 - INFO - 获取ADATA概念相关股票，开始处理
2025-08-16 07:27:01,729 - INFO - 获取ADATA概念相关股票，开始处理
2025-08-16 07:27:03,136 - INFO - 获取ADATA概念相关股票，开始处理
2025-08-16 07:27:03,909 - INFO - 获取ADATA概念相关股票，开始处理
2025-08-16 07:27:04,627 - INFO - 获取ADATA概念相关股票，开始处理
2025-08-16 07:27:05,267 - INFO - 获取ADATA概念相关股票，开始处理
2025-08-16 07:27:05,910 - INFO - 获取ADATA概念相关股票，开始处理
2025-08-16 07:27:06,748 - INFO - 获取ADATA概念相关股票，开始处理
2025-08-16 07:27:07,673 - INFO - 获取ADATA概念相关股票，开始处理
2025-08-16 07:27:08,427 - INFO - 获取ADATA概念相关股票，开始处理
2025-08-16 07:27:09,129 - INFO - 获取ADATA概念相关股票，开始处理
2025-08-16 07:27:09,897 - INFO - 获取ADATA概念相关股票，开始处理
2025-08-16 07:27:10,617 - INFO - 获取ADATA概念相关股票，开始处理
2025-08-16 07:27:11,152 - INFO - 获取ADATA概念相关股票，开始处理
2025-08-16 07:27:11,800 - INFO - 获取ADATA概念相关股票，开始处理
2025-08-16 07:27:12,514 - INFO - 获取ADATA概念相关股票，开始处理
2025-08-16 07:27:14,472 - INFO - 获取ADATA概念相关股票，开始处理
2025-08-16 07:27:14,585 - INFO - 📈 已处理 150/6 只概念，成功 150 只
2025-08-16 07:27:15,102 - INFO - 获取ADATA概念相关股票，开始处理
2025-08-16 07:27:16,113 - INFO - 获取ADATA概念相关股票，开始处理
2025-08-16 07:27:16,942 - INFO - 获取ADATA概念相关股票，开始处理
2025-08-16 07:27:17,630 - INFO - 获取ADATA概念相关股票，开始处理
2025-08-16 07:27:18,661 - INFO - 获取ADATA概念相关股票，开始处理
2025-08-16 07:27:19,301 - INFO - 获取ADATA概念相关股票，开始处理
2025-08-16 07:27:19,946 - INFO - 获取ADATA概念相关股票，开始处理
2025-08-16 07:27:20,620 - INFO - 获取ADATA概念相关股票，开始处理
2025-08-16 07:27:21,331 - INFO - 获取ADATA概念相关股票，开始处理
2025-08-16 07:27:21,941 - INFO - 获取ADATA概念相关股票，开始处理
2025-08-16 07:27:22,674 - INFO - 获取ADATA概念相关股票，开始处理
2025-08-16 07:27:23,472 - INFO - 获取ADATA概念相关股票，开始处理
2025-08-16 07:27:24,269 - INFO - 获取ADATA概念相关股票，开始处理
2025-08-16 07:27:24,910 - INFO - 获取ADATA概念相关股票，开始处理
2025-08-16 07:27:25,472 - INFO - 获取ADATA概念相关股票，开始处理
2025-08-16 07:27:26,213 - INFO - 获取ADATA概念相关股票，开始处理
2025-08-16 07:27:26,971 - INFO - 获取ADATA概念相关股票，开始处理
2025-08-16 07:27:27,708 - INFO - 获取ADATA概念相关股票，开始处理
2025-08-16 07:27:28,398 - INFO - 获取ADATA概念相关股票，开始处理
2025-08-16 07:27:29,040 - INFO - 获取ADATA概念相关股票，开始处理
2025-08-16 07:27:30,409 - INFO - 获取ADATA概念相关股票，开始处理
2025-08-16 07:27:31,204 - INFO - 获取ADATA概念相关股票，开始处理
2025-08-16 07:27:31,862 - INFO - 获取ADATA概念相关股票，开始处理
2025-08-16 07:27:32,988 - INFO - 获取ADATA概念相关股票，开始处理
2025-08-16 07:27:33,651 - INFO - 获取ADATA概念相关股票，开始处理
2025-08-16 07:27:34,395 - INFO - 获取ADATA概念相关股票，开始处理
2025-08-16 07:27:35,051 - INFO - 获取ADATA概念相关股票，开始处理
2025-08-16 07:27:35,690 - INFO - 获取ADATA概念相关股票，开始处理
2025-08-16 07:27:36,238 - INFO - 获取ADATA概念相关股票，开始处理
2025-08-16 07:27:36,867 - INFO - 获取ADATA概念相关股票，开始处理
2025-08-16 07:27:37,617 - INFO - 获取ADATA概念相关股票，开始处理
2025-08-16 07:27:38,862 - INFO - 获取ADATA概念相关股票，开始处理
2025-08-16 07:27:39,485 - INFO - 获取ADATA概念相关股票，开始处理
2025-08-16 07:27:40,143 - INFO - 获取ADATA概念相关股票，开始处理
2025-08-16 07:27:40,801 - INFO - 获取ADATA概念相关股票，开始处理
2025-08-16 07:27:41,472 - INFO - 获取ADATA概念相关股票，开始处理
2025-08-16 07:27:42,134 - INFO - 获取ADATA概念相关股票，开始处理
2025-08-16 07:27:42,831 - INFO - 获取ADATA概念相关股票，开始处理
2025-08-16 07:27:43,488 - INFO - 获取ADATA概念相关股票，开始处理
2025-08-16 07:27:44,161 - INFO - 获取ADATA概念相关股票，开始处理
2025-08-16 07:27:44,862 - INFO - 获取ADATA概念相关股票，开始处理
2025-08-16 07:27:46,037 - INFO - 获取ADATA概念相关股票，开始处理
2025-08-16 07:27:46,696 - INFO - 获取ADATA概念相关股票，开始处理
2025-08-16 07:27:47,433 - INFO - 获取ADATA概念相关股票，开始处理
2025-08-16 07:27:48,108 - INFO - 获取ADATA概念相关股票，开始处理
2025-08-16 07:27:48,784 - INFO - 获取ADATA概念相关股票，开始处理
2025-08-16 07:27:49,440 - INFO - 获取ADATA概念相关股票，开始处理
2025-08-16 07:27:50,101 - INFO - 获取ADATA概念相关股票，开始处理
2025-08-16 07:27:50,769 - INFO - 获取ADATA概念相关股票，开始处理
2025-08-16 07:27:51,596 - INFO - 获取ADATA概念相关股票，开始处理
2025-08-16 07:27:51,735 - INFO - 📈 已处理 200/6 只概念，成功 200 只
2025-08-16 07:27:52,395 - INFO - 获取ADATA概念相关股票，开始处理
2025-08-16 07:27:53,113 - INFO - 获取ADATA概念相关股票，开始处理
2025-08-16 07:27:53,786 - INFO - 获取ADATA概念相关股票，开始处理
2025-08-16 07:27:54,428 - INFO - 获取ADATA概念相关股票，开始处理
2025-08-16 07:27:55,084 - INFO - 获取ADATA概念相关股票，开始处理
2025-08-16 07:27:55,768 - INFO - 获取ADATA概念相关股票，开始处理
2025-08-16 07:27:56,418 - INFO - 获取ADATA概念相关股票，开始处理
2025-08-16 07:27:57,061 - INFO - 获取ADATA概念相关股票，开始处理
2025-08-16 07:27:57,703 - INFO - 获取ADATA概念相关股票，开始处理
2025-08-16 07:27:58,362 - INFO - 获取ADATA概念相关股票，开始处理
2025-08-16 07:27:59,002 - INFO - 获取ADATA概念相关股票，开始处理
2025-08-16 07:27:59,649 - INFO - 获取ADATA概念相关股票，开始处理
2025-08-16 07:28:01,286 - INFO - 获取ADATA概念相关股票，开始处理
2025-08-16 07:28:02,097 - INFO - 获取ADATA概念相关股票，开始处理
2025-08-16 07:28:02,817 - INFO - 获取ADATA概念相关股票，开始处理
2025-08-16 07:28:03,521 - INFO - 获取ADATA概念相关股票，开始处理
2025-08-16 07:28:04,162 - INFO - 获取ADATA概念相关股票，开始处理
2025-08-16 07:28:04,815 - INFO - 获取ADATA概念相关股票，开始处理
2025-08-16 07:28:05,513 - INFO - 获取ADATA概念相关股票，开始处理
2025-08-16 07:28:06,187 - INFO - 获取ADATA概念相关股票，开始处理
2025-08-16 07:28:06,924 - INFO - 获取ADATA概念相关股票，开始处理
2025-08-16 07:28:07,601 - INFO - 获取ADATA概念相关股票，开始处理
2025-08-16 07:28:08,346 - INFO - 获取ADATA概念相关股票，开始处理
2025-08-16 07:28:09,077 - INFO - 获取ADATA概念相关股票，开始处理
2025-08-16 07:28:09,847 - INFO - 获取ADATA概念相关股票，开始处理
2025-08-16 07:28:10,783 - INFO - 获取ADATA概念相关股票，开始处理
2025-08-16 07:28:11,565 - INFO - 获取ADATA概念相关股票，开始处理
2025-08-16 07:28:12,284 - INFO - 获取ADATA概念相关股票，开始处理
2025-08-16 07:28:13,101 - INFO - 获取ADATA概念相关股票，开始处理
2025-08-16 07:28:13,784 - INFO - 获取ADATA概念相关股票，开始处理
2025-08-16 07:28:14,880 - INFO - 获取ADATA概念相关股票，开始处理
2025-08-16 07:28:15,565 - INFO - 获取ADATA概念相关股票，开始处理
2025-08-16 07:28:16,299 - INFO - 获取ADATA概念相关股票，开始处理
2025-08-16 07:28:17,409 - INFO - 获取ADATA概念相关股票，开始处理
2025-08-16 07:28:18,243 - INFO - 获取ADATA概念相关股票，开始处理
2025-08-16 07:28:18,910 - INFO - 获取ADATA概念相关股票，开始处理
2025-08-16 07:28:19,581 - INFO - 获取ADATA概念相关股票，开始处理
2025-08-16 07:28:20,315 - INFO - 获取ADATA概念相关股票，开始处理
2025-08-16 07:28:21,004 - INFO - 获取ADATA概念相关股票，开始处理
2025-08-16 07:28:21,830 - INFO - 获取ADATA概念相关股票，开始处理
2025-08-16 07:28:22,510 - INFO - 获取ADATA概念相关股票，开始处理
2025-08-16 07:28:23,237 - INFO - 获取ADATA概念相关股票，开始处理
2025-08-16 07:28:23,908 - INFO - 获取ADATA概念相关股票，开始处理
2025-08-16 07:28:24,565 - INFO - 获取ADATA概念相关股票，开始处理
2025-08-16 07:28:25,314 - INFO - 获取ADATA概念相关股票，开始处理
2025-08-16 07:28:26,018 - INFO - 获取ADATA概念相关股票，开始处理
2025-08-16 07:28:26,696 - INFO - 获取ADATA概念相关股票，开始处理
2025-08-16 07:28:27,425 - INFO - 获取ADATA概念相关股票，开始处理
2025-08-16 07:28:28,190 - INFO - 获取ADATA概念相关股票，开始处理
2025-08-16 07:28:28,862 - INFO - 获取ADATA概念相关股票，开始处理
2025-08-16 07:28:28,862 - INFO - 📈 已处理 250/6 只概念，成功 250 只
2025-08-16 07:28:29,504 - INFO - 获取ADATA概念相关股票，开始处理
2025-08-16 07:28:30,283 - INFO - 获取ADATA概念相关股票，开始处理
2025-08-16 07:28:30,992 - INFO - 获取ADATA概念相关股票，开始处理
2025-08-16 07:28:31,698 - INFO - 获取ADATA概念相关股票，开始处理
2025-08-16 07:28:32,331 - INFO - 获取ADATA概念相关股票，开始处理
2025-08-16 07:28:32,957 - INFO - 获取ADATA概念相关股票，开始处理
2025-08-16 07:28:33,726 - INFO - 获取ADATA概念相关股票，开始处理
2025-08-16 07:28:34,517 - INFO - 获取ADATA概念相关股票，开始处理
2025-08-16 07:28:35,211 - INFO - 获取ADATA概念相关股票，开始处理
2025-08-16 07:28:35,954 - INFO - 获取ADATA概念相关股票，开始处理
2025-08-16 07:28:36,628 - INFO - 获取ADATA概念相关股票，开始处理
2025-08-16 07:28:37,268 - INFO - 获取ADATA概念相关股票，开始处理
2025-08-16 07:28:37,924 - INFO - 获取ADATA概念相关股票，开始处理
2025-08-16 07:28:38,646 - INFO - 获取ADATA概念相关股票，开始处理
2025-08-16 07:28:39,330 - INFO - 获取ADATA概念相关股票，开始处理
2025-08-16 07:28:40,072 - INFO - 获取ADATA概念相关股票，开始处理
2025-08-16 07:28:40,799 - INFO - 获取ADATA概念相关股票，开始处理
2025-08-16 07:28:41,484 - INFO - 获取ADATA概念相关股票，开始处理
2025-08-16 07:28:42,157 - INFO - 获取ADATA概念相关股票，开始处理
2025-08-16 07:28:42,830 - INFO - 获取ADATA概念相关股票，开始处理
2025-08-16 07:28:43,502 - INFO - 获取ADATA概念相关股票，开始处理
2025-08-16 07:28:44,196 - INFO - 获取ADATA概念相关股票，开始处理
2025-08-16 07:28:44,878 - INFO - 获取ADATA概念相关股票，开始处理
2025-08-16 07:28:47,598 - INFO - 获取ADATA概念相关股票，开始处理
2025-08-16 07:28:48,398 - INFO - 获取ADATA概念相关股票，开始处理
2025-08-16 07:28:49,088 - INFO - 获取ADATA概念相关股票，开始处理
2025-08-16 07:28:52,033 - INFO - 获取ADATA概念相关股票，开始处理
2025-08-16 07:28:52,767 - INFO - 获取ADATA概念相关股票，开始处理
2025-08-16 07:28:53,628 - INFO - 获取ADATA概念相关股票，开始处理
2025-08-16 07:28:54,347 - INFO - 获取ADATA概念相关股票，开始处理
2025-08-16 07:28:55,002 - INFO - 获取ADATA概念相关股票，开始处理
2025-08-16 07:28:55,672 - INFO - 获取ADATA概念相关股票，开始处理
2025-08-16 07:28:56,350 - INFO - 获取ADATA概念相关股票，开始处理
2025-08-16 07:28:57,556 - INFO - 获取ADATA概念相关股票，开始处理
2025-08-16 07:28:58,255 - INFO - 获取ADATA概念相关股票，开始处理
2025-08-16 07:28:58,983 - INFO - 获取ADATA概念相关股票，开始处理
2025-08-16 07:28:59,641 - INFO - 获取ADATA概念相关股票，开始处理
2025-08-16 07:29:00,424 - INFO - 获取ADATA概念相关股票，开始处理
2025-08-16 07:29:01,116 - INFO - 获取ADATA概念相关股票，开始处理
2025-08-16 07:29:01,765 - INFO - 获取ADATA概念相关股票，开始处理
2025-08-16 07:29:02,471 - INFO - 获取ADATA概念相关股票，开始处理
2025-08-16 07:29:03,392 - INFO - 获取ADATA概念相关股票，开始处理
2025-08-16 07:29:04,242 - INFO - 获取ADATA概念相关股票，开始处理
2025-08-16 07:29:04,957 - INFO - 获取ADATA概念相关股票，开始处理
2025-08-16 07:29:05,708 - INFO - 获取ADATA概念相关股票，开始处理
2025-08-16 07:29:06,415 - INFO - 获取ADATA概念相关股票，开始处理
2025-08-16 07:29:07,274 - INFO - 获取ADATA概念相关股票，开始处理
2025-08-16 07:29:07,972 - INFO - 获取ADATA概念相关股票，开始处理
2025-08-16 07:29:08,746 - INFO - 获取ADATA概念相关股票，开始处理
2025-08-16 07:29:09,533 - INFO - 获取ADATA概念相关股票，开始处理
2025-08-16 07:29:09,552 - INFO - 📈 已处理 300/6 只概念，成功 300 只
2025-08-16 07:29:10,208 - INFO - 获取ADATA概念相关股票，开始处理
2025-08-16 07:29:10,876 - INFO - 获取ADATA概念相关股票，开始处理
2025-08-16 07:29:11,596 - INFO - 获取ADATA概念相关股票，开始处理
2025-08-16 07:29:12,408 - INFO - 获取ADATA概念相关股票，开始处理
2025-08-16 07:29:13,203 - INFO - 获取ADATA概念相关股票，开始处理
2025-08-16 07:29:13,880 - INFO - 获取ADATA概念相关股票，开始处理
2025-08-16 07:29:14,648 - INFO - 获取ADATA概念相关股票，开始处理
2025-08-16 07:29:15,478 - INFO - 获取ADATA概念相关股票，开始处理
2025-08-16 07:29:16,284 - INFO - 获取ADATA概念相关股票，开始处理
2025-08-16 07:29:16,878 - INFO - 获取ADATA概念相关股票，开始处理
2025-08-16 07:29:17,673 - INFO - 获取ADATA概念相关股票，开始处理
2025-08-16 07:29:18,240 - INFO - 获取ADATA概念相关股票，开始处理
2025-08-16 07:29:18,986 - INFO - 获取ADATA概念相关股票，开始处理
2025-08-16 07:29:19,733 - INFO - 获取ADATA概念相关股票，开始处理
2025-08-16 07:29:21,844 - INFO - 获取ADATA概念相关股票，开始处理
2025-08-16 07:29:22,767 - INFO - 获取ADATA概念相关股票，开始处理
2025-08-16 07:29:23,460 - INFO - 获取ADATA概念相关股票，开始处理
2025-08-16 07:29:24,135 - INFO - 获取ADATA概念相关股票，开始处理
2025-08-16 07:29:24,893 - INFO - 获取ADATA概念相关股票，开始处理
2025-08-16 07:29:25,638 - INFO - 获取ADATA概念相关股票，开始处理
2025-08-16 07:29:26,423 - INFO - 获取ADATA概念相关股票，开始处理
2025-08-16 07:29:27,191 - INFO - 获取ADATA概念相关股票，开始处理
2025-08-16 07:29:27,891 - INFO - 获取ADATA概念相关股票，开始处理
2025-08-16 07:29:28,733 - INFO - 获取ADATA概念相关股票，开始处理
2025-08-16 07:29:29,437 - INFO - 获取ADATA概念相关股票，开始处理
2025-08-16 07:29:30,223 - INFO - 获取ADATA概念相关股票，开始处理
2025-08-16 07:29:30,893 - INFO - 获取ADATA概念相关股票，开始处理
2025-08-16 07:29:31,565 - INFO - 获取ADATA概念相关股票，开始处理
2025-08-16 07:29:32,262 - INFO - 获取ADATA概念相关股票，开始处理
2025-08-16 07:29:33,086 - INFO - 获取ADATA概念相关股票，开始处理
2025-08-16 07:29:33,862 - INFO - 获取ADATA概念相关股票，开始处理
2025-08-16 07:29:34,530 - INFO - 获取ADATA概念相关股票，开始处理
2025-08-16 07:29:35,313 - INFO - 获取ADATA概念相关股票，开始处理
2025-08-16 07:29:36,145 - INFO - 获取ADATA概念相关股票，开始处理
2025-08-16 07:29:36,829 - INFO - 获取ADATA概念相关股票，开始处理
2025-08-16 07:29:37,486 - INFO - 获取ADATA概念相关股票，开始处理
2025-08-16 07:29:38,199 - INFO - 获取ADATA概念相关股票，开始处理
2025-08-16 07:29:38,877 - INFO - 获取ADATA概念相关股票，开始处理
2025-08-16 07:29:39,689 - INFO - 获取ADATA概念相关股票，开始处理
2025-08-16 07:29:40,457 - INFO - 获取ADATA概念相关股票，开始处理
2025-08-16 07:29:41,192 - INFO - 获取ADATA概念相关股票，开始处理
2025-08-16 07:29:41,892 - INFO - 获取ADATA概念相关股票，开始处理
2025-08-16 07:29:42,730 - INFO - 获取ADATA概念相关股票，开始处理
2025-08-16 07:29:43,394 - INFO - 获取ADATA概念相关股票，开始处理
2025-08-16 07:29:44,078 - INFO - 获取ADATA概念相关股票，开始处理
2025-08-16 07:29:44,845 - INFO - 获取ADATA概念相关股票，开始处理
2025-08-16 07:29:45,617 - INFO - 获取ADATA概念相关股票，开始处理
2025-08-16 07:29:46,329 - INFO - 获取ADATA概念相关股票，开始处理
2025-08-16 07:29:47,142 - INFO - 获取ADATA概念相关股票，开始处理
2025-08-16 07:29:47,922 - INFO - 获取ADATA概念相关股票，开始处理
2025-08-16 07:29:48,032 - INFO - 📈 已处理 350/6 只概念，成功 350 只
2025-08-16 07:29:48,749 - INFO - 获取ADATA概念相关股票，开始处理
2025-08-16 07:29:49,457 - INFO - 获取ADATA概念相关股票，开始处理
2025-08-16 07:29:50,179 - INFO - 获取ADATA概念相关股票，开始处理
2025-08-16 07:29:50,875 - INFO - 获取ADATA概念相关股票，开始处理
2025-08-16 07:29:51,698 - INFO - 获取ADATA概念相关股票，开始处理
2025-08-16 07:29:53,692 - INFO - 获取ADATA概念相关股票，开始处理
2025-08-16 07:29:54,470 - INFO - 获取ADATA概念相关股票，开始处理
2025-08-16 07:29:55,282 - INFO - 获取ADATA概念相关股票，开始处理
2025-08-16 07:29:56,126 - INFO - 获取ADATA概念相关股票，开始处理
2025-08-16 07:29:56,828 - INFO - 获取ADATA概念相关股票，开始处理
2025-08-16 07:29:57,563 - INFO - 获取ADATA概念相关股票，开始处理
2025-08-16 07:29:58,248 - INFO - 获取ADATA概念相关股票，开始处理
2025-08-16 07:29:58,897 - INFO - 获取ADATA概念相关股票，开始处理
2025-08-16 07:29:59,569 - INFO - 获取ADATA概念相关股票，开始处理
2025-08-16 07:30:00,258 - INFO - 获取ADATA概念相关股票，开始处理
2025-08-16 07:30:01,169 - INFO - 获取ADATA概念相关股票，开始处理
2025-08-16 07:30:01,952 - INFO - 获取ADATA概念相关股票，开始处理
2025-08-16 07:30:02,644 - INFO - 获取ADATA概念相关股票，开始处理
2025-08-16 07:30:03,343 - INFO - 获取ADATA概念相关股票，开始处理
2025-08-16 07:30:04,015 - INFO - 获取ADATA概念相关股票，开始处理
2025-08-16 07:30:04,676 - INFO - 获取ADATA概念相关股票，开始处理
2025-08-16 07:30:06,424 - INFO - 获取ADATA概念相关股票，开始处理
2025-08-16 07:30:07,380 - INFO - 获取ADATA概念相关股票，开始处理
2025-08-16 07:30:08,193 - INFO - 获取ADATA概念相关股票，开始处理
2025-08-16 07:30:09,073 - INFO - 获取ADATA概念相关股票，开始处理
2025-08-16 07:30:09,876 - INFO - 获取ADATA概念相关股票，开始处理
2025-08-16 07:30:10,577 - INFO - 获取ADATA概念相关股票，开始处理
2025-08-16 07:30:11,221 - INFO - 获取ADATA概念相关股票，开始处理
2025-08-16 07:30:11,890 - INFO - 获取ADATA概念相关股票，开始处理
2025-08-16 07:30:12,756 - INFO - 获取ADATA概念相关股票，开始处理
2025-08-16 07:30:13,485 - INFO - 获取ADATA概念相关股票，开始处理
2025-08-16 07:30:14,141 - INFO - 获取ADATA概念相关股票，开始处理
2025-08-16 07:30:14,922 - INFO - 获取ADATA概念相关股票，开始处理
2025-08-16 07:30:15,924 - INFO - 获取ADATA概念相关股票，开始处理
2025-08-16 07:30:16,598 - INFO - 获取ADATA概念相关股票，开始处理
2025-08-16 07:30:17,265 - INFO - 获取ADATA概念相关股票，开始处理
2025-08-16 07:30:17,994 - INFO - 获取ADATA概念相关股票，开始处理
2025-08-16 07:30:18,859 - INFO - 获取ADATA概念相关股票，开始处理
2025-08-16 07:30:20,661 - INFO - 获取ADATA概念相关股票，开始处理
2025-08-16 07:30:20,969 - WARNING - ⚠️ nan WiFi 6同花顺股票概念关系: substring not found
2025-08-16 07:30:20,969 - INFO - ✅ 本周同花顺股票概念关系更新完成: 389 条记录
2025-08-16 07:30:20,969 - INFO - 📊 开始更新近7个自然日日度资金流）...
2025-08-16 07:30:21,003 - INFO - 📊 准备更新 5739 只股票的近7个自然日日度资金流
2025-08-16 07:30:43,875 - INFO - 📈 已处理 50/5739 只股票，成功 38 只
2025-08-16 07:31:13,858 - INFO - 📈 已处理 100/5739 只股票，成功 81 只
2025-08-16 07:31:46,462 - INFO - 📈 已处理 150/5739 只股票，成功 122 只
2025-08-16 07:32:10,485 - INFO - 📈 已处理 200/5739 只股票，成功 161 只
2025-08-16 07:32:37,871 - INFO - 📈 已处理 250/5739 只股票，成功 199 只
2025-08-16 07:32:59,386 - INFO - 📈 已处理 300/5739 只股票，成功 240 只
2025-08-16 07:33:20,966 - INFO - 📈 已处理 350/5739 只股票，成功 281 只
2025-08-16 07:34:13,120 - INFO - 📈 已处理 450/5739 只股票，成功 370 只
2025-08-16 07:34:32,686 - INFO - 📈 已处理 500/5739 只股票，成功 413 只
2025-08-16 07:35:03,107 - INFO - 📈 已处理 550/5739 只股票，成功 462 只
2025-08-16 07:35:28,431 - INFO - 📈 已处理 600/5739 只股票，成功 512 只
2025-08-16 07:35:53,899 - INFO - 📈 已处理 650/5739 只股票，成功 559 只
2025-08-16 07:36:13,743 - INFO - 📈 已处理 700/5739 只股票，成功 605 只
2025-08-16 07:37:05,207 - INFO - 📈 已处理 750/5739 只股票，成功 653 只
2025-08-16 07:37:25,651 - INFO - 📈 已处理 800/5739 只股票，成功 701 只
2025-08-16 07:37:51,684 - INFO - 📈 已处理 850/5739 只股票，成功 750 只
2025-08-16 07:38:15,786 - INFO - 📈 已处理 900/5739 只股票，成功 797 只
2025-08-16 07:38:39,210 - INFO - 📈 已处理 950/5739 只股票，成功 843 只
2025-08-16 07:39:04,410 - INFO - 📈 已处理 1000/5739 只股票，成功 892 只
2025-08-16 07:39:28,409 - INFO - 📈 已处理 1050/5739 只股票，成功 938 只
2025-08-16 07:39:57,955 - INFO - 📈 已处理 1100/5739 只股票，成功 983 只
2025-08-16 07:40:19,846 - INFO - 📈 已处理 1150/5739 只股票，成功 1027 只
2025-08-16 07:40:49,674 - INFO - 📈 已处理 1200/5739 只股票，成功 1077 只
2025-08-16 07:41:09,313 - INFO - 📈 已处理 1250/5739 只股票，成功 1122 只
2025-08-16 07:41:36,692 - INFO - 📈 已处理 1300/5739 只股票，成功 1169 只
2025-08-16 07:41:59,312 - INFO - 📈 已处理 1350/5739 只股票，成功 1216 只
2025-08-16 07:42:22,195 - INFO - 📈 已处理 1400/5739 只股票，成功 1261 只
2025-08-16 07:42:53,811 - INFO - 📈 已处理 1450/5739 只股票，成功 1311 只
2025-08-16 07:43:17,658 - INFO - 📈 已处理 1500/5739 只股票，成功 1361 只
2025-08-16 07:43:59,632 - INFO - 📈 已处理 1550/5739 只股票，成功 1411 只
2025-08-16 07:44:17,603 - INFO - 📈 已处理 1600/5739 只股票，成功 1461 只
2025-08-16 07:44:43,677 - INFO - 📈 已处理 1650/5739 只股票，成功 1510 只
2025-08-16 07:45:03,267 - INFO - 📈 已处理 1700/5739 只股票，成功 1557 只
2025-08-16 07:45:26,109 - INFO - 📈 已处理 1750/5739 只股票，成功 1601 只
2025-08-16 07:46:12,385 - INFO - 📈 已处理 1850/5739 只股票，成功 1695 只
2025-08-16 07:46:34,946 - INFO - 📈 已处理 1900/5739 只股票，成功 1743 只
2025-08-16 07:47:01,353 - INFO - 📈 已处理 1950/5739 只股票，成功 1787 只
2025-08-16 07:47:25,383 - INFO - 📈 已处理 2000/5739 只股票，成功 1831 只
2025-08-16 07:48:07,835 - INFO - 📈 已处理 2050/5739 只股票，成功 1880 只
2025-08-16 07:48:33,001 - INFO - 📈 已处理 2100/5739 只股票，成功 1929 只
2025-08-16 07:48:57,693 - INFO - 📈 已处理 2150/5739 只股票，成功 1977 只
2025-08-16 07:49:22,592 - INFO - 📈 已处理 2200/5739 只股票，成功 2027 只
2025-08-16 07:49:48,539 - INFO - 📈 已处理 2250/5739 只股票，成功 2076 只
2025-08-16 07:50:20,086 - INFO - 📈 已处理 2300/5739 只股票，成功 2126 只
2025-08-16 07:50:32,302 - INFO - 📈 已处理 2350/5739 只股票，成功 2176 只
2025-08-16 07:50:44,368 - INFO - 📈 已处理 2400/5739 只股票，成功 2225 只
2025-08-16 07:50:56,322 - INFO - 📈 已处理 2450/5739 只股票，成功 2274 只
2025-08-16 07:51:08,154 - INFO - 📈 已处理 2500/5739 只股票，成功 2324 只
2025-08-16 07:51:20,797 - INFO - 📈 已处理 2550/5739 只股票，成功 2374 只
2025-08-16 07:51:32,779 - INFO - 📈 已处理 2600/5739 只股票，成功 2424 只
2025-08-16 07:51:44,775 - INFO - 📈 已处理 2650/5739 只股票，成功 2474 只
2025-08-16 07:51:56,765 - INFO - 📈 已处理 2700/5739 只股票，成功 2524 只
2025-08-16 07:52:08,900 - INFO - 📈 已处理 2750/5739 只股票，成功 2574 只
2025-08-16 07:52:20,914 - INFO - 📈 已处理 2800/5739 只股票，成功 2624 只
2025-08-16 07:52:32,842 - INFO - 📈 已处理 2850/5739 只股票，成功 2674 只
2025-08-16 07:52:44,804 - INFO - 📈 已处理 2900/5739 只股票，成功 2724 只
2025-08-16 07:52:56,639 - INFO - 📈 已处理 2950/5739 只股票，成功 2774 只
2025-08-16 07:53:08,493 - INFO - 📈 已处理 3000/5739 只股票，成功 2824 只
2025-08-16 07:53:20,373 - INFO - 📈 已处理 3050/5739 只股票，成功 2874 只
2025-08-16 07:53:32,691 - INFO - 📈 已处理 3100/5739 只股票，成功 2920 只
2025-08-16 07:53:54,114 - INFO - 📈 已处理 3200/5739 只股票，成功 3001 只
2025-08-16 07:54:16,557 - INFO - 📈 已处理 3300/5739 只股票，成功 3087 只
2025-08-16 07:54:27,321 - INFO - 📈 已处理 3350/5739 只股票，成功 3125 只
2025-08-16 07:54:39,124 - INFO - 📈 已处理 3400/5739 只股票，成功 3174 只
2025-08-16 07:54:51,111 - INFO - 📈 已处理 3450/5739 只股票，成功 3219 只
2025-08-16 07:55:02,577 - INFO - 📈 已处理 3500/5739 只股票，成功 3265 只
2025-08-16 07:55:13,980 - INFO - 📈 已处理 3550/5739 只股票，成功 3311 只
2025-08-16 07:55:47,149 - INFO - 📈 已处理 3700/5739 只股票，成功 3436 只
2025-08-16 07:55:58,339 - INFO - 📈 已处理 3750/5739 只股票，成功 3480 只
2025-08-16 07:56:09,269 - INFO - 📈 已处理 3800/5739 只股票，成功 3521 只
2025-08-16 07:56:20,110 - INFO - 📈 已处理 3850/5739 只股票，成功 3562 只
2025-08-16 07:56:31,603 - INFO - 📈 已处理 3900/5739 只股票，成功 3606 只
2025-08-16 07:56:43,352 - INFO - 📈 已处理 3950/5739 只股票，成功 3654 只
2025-08-16 07:56:55,076 - INFO - 📈 已处理 4000/5739 只股票，成功 3702 只
2025-08-16 07:57:06,944 - INFO - 📈 已处理 4050/5739 只股票，成功 3749 只
2025-08-16 07:57:18,861 - INFO - 📈 已处理 4100/5739 只股票，成功 3798 只
2025-08-16 07:57:30,742 - INFO - 📈 已处理 4150/5739 只股票，成功 3848 只
2025-08-16 07:57:42,719 - INFO - 📈 已处理 4200/5739 只股票，成功 3897 只
2025-08-16 07:57:54,758 - INFO - 📈 已处理 4250/5739 只股票，成功 3947 只
2025-08-16 07:58:06,506 - INFO - 📈 已处理 4300/5739 只股票，成功 3995 只
2025-08-16 07:58:18,508 - INFO - 📈 已处理 4350/5739 只股票，成功 4045 只
2025-08-16 07:58:30,632 - INFO - 📈 已处理 4400/5739 只股票，成功 4095 只
2025-08-16 07:58:42,524 - INFO - 📈 已处理 4450/5739 只股票，成功 4145 只
2025-08-16 07:58:54,206 - INFO - 📈 已处理 4500/5739 只股票，成功 4192 只
2025-08-16 07:59:06,052 - INFO - 📈 已处理 4550/5739 只股票，成功 4241 只
2025-08-16 07:59:17,999 - INFO - 📈 已处理 4600/5739 只股票，成功 4290 只
2025-08-16 07:59:30,000 - INFO - 📈 已处理 4650/5739 只股票，成功 4340 只
2025-08-16 07:59:41,950 - INFO - 📈 已处理 4700/5739 只股票，成功 4390 只
2025-08-16 07:59:53,762 - INFO - 📈 已处理 4750/5739 只股票，成功 4439 只
2025-08-16 08:00:05,632 - INFO - 📈 已处理 4800/5739 只股票，成功 4488 只
2025-08-16 08:00:17,555 - INFO - 📈 已处理 4850/5739 只股票，成功 4538 只
2025-08-16 08:00:29,453 - INFO - 📈 已处理 4900/5739 只股票，成功 4588 只
2025-08-16 08:00:42,209 - INFO - 📈 已处理 4950/5739 只股票，成功 4638 只
2025-08-16 08:00:54,995 - INFO - 📈 已处理 5000/5739 只股票，成功 4687 只
2025-08-16 08:01:08,013 - INFO - 📈 已处理 5050/5739 只股票，成功 4737 只
2025-08-16 08:01:20,862 - INFO - 📈 已处理 5100/5739 只股票，成功 4786 只
2025-08-16 08:01:33,815 - INFO - 📈 已处理 5150/5739 只股票，成功 4836 只
2025-08-16 08:01:52,794 - INFO - 📈 已处理 5200/5739 只股票，成功 4886 只
2025-08-16 08:02:06,257 - INFO - 📈 已处理 5250/5739 只股票，成功 4936 只
2025-08-16 08:02:19,006 - INFO - 📈 已处理 5300/5739 只股票，成功 4986 只
2025-08-16 08:02:31,465 - INFO - 📈 已处理 5350/5739 只股票，成功 5035 只
2025-08-16 08:02:44,175 - INFO - 📈 已处理 5400/5739 只股票，成功 5085 只
2025-08-16 08:02:56,777 - INFO - 📈 已处理 5450/5739 只股票，成功 5135 只
2025-08-16 08:03:09,631 - INFO - 📈 已处理 5500/5739 只股票，成功 5185 只
2025-08-16 08:03:22,084 - INFO - 📈 已处理 5550/5739 只股票，成功 5234 只
2025-08-16 08:03:34,621 - INFO - 📈 已处理 5600/5739 只股票，成功 5282 只
2025-08-16 08:03:47,263 - INFO - 📈 已处理 5650/5739 只股票，成功 5332 只
2025-08-16 08:03:59,973 - INFO - 📈 已处理 5700/5739 只股票，成功 5382 只
2025-08-16 08:04:09,646 - INFO - ✅ 本周日度资金更新完成: 5419 条记录
2025-08-16 08:04:09,646 - INFO - 📊 开始初始化概念行情数据...
2025-08-16 08:04:09,733 - INFO - 📊 准备初始化 390 只概念行情数据
2025-08-16 08:04:37,022 - WARNING - ⚠️ 885480 在线教育 概念行情更新失败: 7 columns passed, passed data had 1 columns
2025-08-16 08:04:37,102 - WARNING - ⚠️ 885487 天津自贸区 概念行情更新失败: 7 columns passed, passed data had 1 columns
2025-08-16 08:04:44,244 - WARNING - ⚠️ 885520 沪股通 概念行情更新失败: 7 columns passed, passed data had 1 columns
2025-08-16 08:04:45,813 - INFO - 📈 已处理 50/6 只概念，成功 47 只
2025-08-16 08:04:46,002 - WARNING - ⚠️ 885525 白酒概念 概念行情更新失败: 7 columns passed, passed data had 1 columns
2025-08-16 08:04:50,698 - WARNING - ⚠️ 885545 汽车电子 概念行情更新失败: 7 columns passed, passed data had 1 columns
2025-08-16 08:04:52,233 - WARNING - ⚠️ 885555 PM2.5 概念行情更新失败: 7 columns passed, passed data had 1 columns
2025-08-16 08:04:59,245 - WARNING - ⚠️ 885578 基因测序 概念行情更新失败: 7 columns passed, passed data had 1 columns
2025-08-16 08:04:59,330 - WARNING - ⚠️ 885580 足球概念 概念行情更新失败: 7 columns passed, passed data had 1 columns
2025-08-16 08:04:59,417 - WARNING - ⚠️ 885586 职业教育 概念行情更新失败: 7 columns passed, passed data had 1 columns
2025-08-16 08:05:02,401 - WARNING - ⚠️ 885603 网络游戏 概念行情更新失败: 7 columns passed, passed data had 1 columns
2025-08-16 08:05:02,491 - WARNING - ⚠️ 885611 阿里巴巴概念 概念行情更新失败: 7 columns passed, passed data had 1 columns
2025-08-16 08:05:05,541 - WARNING - ⚠️ 885629 农村电商 概念行情更新失败: 7 columns passed, passed data had 1 columns
2025-08-16 08:05:05,626 - WARNING - ⚠️ 885633 染料 概念行情更新失败: 7 columns passed, passed data had 1 columns
2025-08-16 08:05:14,451 - WARNING - ⚠️ 885699 ST板块 概念行情更新失败: 7 columns passed, passed data had 1 columns
2025-08-16 08:05:15,801 - INFO - 📈 已处理 100/6 只概念，成功 86 只
2025-08-16 08:05:16,001 - WARNING - ⚠️ 885706 农机 概念行情更新失败: 7 columns passed, passed data had 1 columns
2025-08-16 08:05:19,697 - WARNING - ⚠️ 885734 广东自贸区 概念行情更新失败: 7 columns passed, passed data had 1 columns
2025-08-16 08:05:19,782 - WARNING - ⚠️ 885736 无人驾驶 概念行情更新失败: 7 columns passed, passed data had 1 columns
2025-08-16 08:05:23,553 - WARNING - ⚠️ 885742 摘帽 概念行情更新失败: 7 columns passed, passed data had 1 columns
2025-08-16 08:05:23,634 - WARNING - ⚠️ 885743 军民融合 概念行情更新失败: 7 columns passed, passed data had 1 columns
2025-08-16 08:05:34,825 - WARNING - ⚠️ 885769 细胞免疫治疗 概念行情更新失败: 7 columns passed, passed data had 1 columns
2025-08-16 08:05:34,919 - WARNING - ⚠️ 885770 智能物流 概念行情更新失败: 7 columns passed, passed data had 1 columns
2025-08-16 08:05:45,223 - WARNING - ⚠️ 885791 知识产权保护 概念行情更新失败: 7 columns passed, passed data had 1 columns
2025-08-16 08:05:46,060 - WARNING - ⚠️ 885795 国产航母 概念行情更新失败: 7 columns passed, passed data had 1 columns
2025-08-16 08:05:46,152 - WARNING - ⚠️ 885797 百度概念 概念行情更新失败: 7 columns passed, passed data had 1 columns
2025-08-16 08:05:46,766 - INFO - 📈 已处理 150/6 只概念，成功 126 只
2025-08-16 08:05:50,393 - WARNING - ⚠️ 885811 玉米 概念行情更新失败: 7 columns passed, passed data had 1 columns
2025-08-16 08:05:55,200 - WARNING - ⚠️ 885827 横琴新区 概念行情更新失败: 7 columns passed, passed data had 1 columns
2025-08-16 08:06:02,963 - WARNING - ⚠️ 885846 动物疫苗 概念行情更新失败: 7 columns passed, passed data had 1 columns
2025-08-16 08:06:04,920 - WARNING - ⚠️ 885854 垃圾分类 概念行情更新失败: 7 columns passed, passed data had 1 columns
2025-08-16 08:06:05,014 - WARNING - ⚠️ 885856 仿制药一致性评价 概念行情更新失败: 7 columns passed, passed data had 1 columns
2025-08-16 08:06:10,766 - WARNING - ⚠️ 885876 网红经济 概念行情更新失败: 7 columns passed, passed data had 1 columns
2025-08-16 08:06:12,230 - WARNING - ⚠️ 885878 HJT电池 概念行情更新失败: 7 columns passed, passed data had 1 columns
2025-08-16 08:06:12,315 - WARNING - ⚠️ 885879 流感 概念行情更新失败: 7 columns passed, passed data had 1 columns
2025-08-16 08:06:12,968 - WARNING - ⚠️ 885882 消毒剂 概念行情更新失败: 7 columns passed, passed data had 1 columns
2025-08-16 08:06:15,307 - INFO - 📈 已处理 200/6 只概念，成功 167 只
2025-08-16 08:06:17,797 - WARNING - ⚠️ 885897 中芯国际概念 概念行情更新失败: 7 columns passed, passed data had 1 columns
2025-08-16 08:06:17,882 - WARNING - ⚠️ 885898 免税店 概念行情更新失败: 7 columns passed, passed data had 1 columns
2025-08-16 08:06:17,966 - WARNING - ⚠️ 885899 新型烟草(电子烟) 概念行情更新失败: 7 columns passed, passed data had 1 columns
2025-08-16 08:06:18,051 - WARNING - ⚠️ 885900 NMN概念 概念行情更新失败: 7 columns passed, passed data had 1 columns
2025-08-16 08:06:20,301 - WARNING - ⚠️ 885905 注册制次新股 概念行情更新失败: 7 columns passed, passed data had 1 columns
2025-08-16 08:06:20,389 - WARNING - ⚠️ 885907 科创次新股 概念行情更新失败: 7 columns passed, passed data had 1 columns
2025-08-16 08:06:26,740 - WARNING - ⚠️ 885922 盐湖提锂 概念行情更新失败: 7 columns passed, passed data had 1 columns
2025-08-16 08:06:32,816 - WARNING - ⚠️ 885936 绿色电力 概念行情更新失败: 7 columns passed, passed data had 1 columns
2025-08-16 08:06:35,419 - WARNING - ⚠️ 885943 EDR概念 概念行情更新失败: 7 columns passed, passed data had 1 columns
2025-08-16 08:06:35,529 - WARNING - ⚠️ 885944 动力电池回收 概念行情更新失败: 7 columns passed, passed data had 1 columns
2025-08-16 08:06:36,919 - INFO - 📈 已处理 250/6 只概念，成功 207 只
2025-08-16 08:06:39,580 - WARNING - ⚠️ 885955 重组蛋白 概念行情更新失败: 7 columns passed, passed data had 1 columns
2025-08-16 08:06:40,164 - WARNING - ⚠️ 885957 东数西算(算力) 概念行情更新失败: 7 columns passed, passed data had 1 columns
2025-08-16 08:06:52,175 - WARNING - ⚠️ 885987 MicroLED概念 概念行情更新失败: 7 columns passed, passed data had 1 columns
2025-08-16 08:06:54,075 - WARNING - ⚠️ 885994 猴痘概念 概念行情更新失败: 7 columns passed, passed data had 1 columns
2025-08-16 08:06:58,749 - INFO - 📈 已处理 300/6 只概念，成功 253 只
2025-08-16 08:07:01,489 - WARNING - ⚠️ 886012 宠物经济 概念行情更新失败: 7 columns passed, passed data had 1 columns
2025-08-16 08:07:02,028 - WARNING - ⚠️ 886015 创新药 概念行情更新失败: 7 columns passed, passed data had 1 columns
2025-08-16 08:07:02,127 - WARNING - ⚠️ 886016 供销社 概念行情更新失败: 7 columns passed, passed data had 1 columns
2025-08-16 08:07:05,049 - WARNING - ⚠️ 886028 血氧仪 概念行情更新失败: 7 columns passed, passed data had 1 columns
2025-08-16 08:07:05,509 - WARNING - ⚠️ 886031 ChatGPT概念 概念行情更新失败: 7 columns passed, passed data had 1 columns
2025-08-16 08:07:06,739 - WARNING - ⚠️ 886035 毫米波雷达 概念行情更新失败: 7 columns passed, passed data had 1 columns
2025-08-16 08:07:06,823 - WARNING - ⚠️ 886036 时空大数据 概念行情更新失败: 7 columns passed, passed data had 1 columns
2025-08-16 08:07:07,281 - WARNING - ⚠️ 886038 超导概念 概念行情更新失败: 7 columns passed, passed data had 1 columns
2025-08-16 08:07:08,950 - WARNING - ⚠️ 886043 太赫兹 概念行情更新失败: 7 columns passed, passed data had 1 columns
2025-08-16 08:07:09,398 - WARNING - ⚠️ 886045 同花顺中特估100 概念行情更新失败: 7 columns passed, passed data had 1 columns
2025-08-16 08:07:10,976 - WARNING - ⚠️ 886050 算力租赁 概念行情更新失败: 7 columns passed, passed data had 1 columns
2025-08-16 08:07:11,749 - WARNING - ⚠️ 886053 BC电池 概念行情更新失败: 7 columns passed, passed data had 1 columns
2025-08-16 08:07:11,818 - WARNING - ⚠️ 886054 光刻机 概念行情更新失败: 7 columns passed, passed data had 1 columns
2025-08-16 08:07:13,888 - INFO - 📈 已处理 350/6 只概念，成功 290 只
2025-08-16 08:07:15,579 - WARNING - ⚠️ 886067 低空经济 概念行情更新失败: 7 columns passed, passed data had 1 columns
2025-08-16 08:07:15,948 - WARNING - ⚠️ 886069 人形机器人 概念行情更新失败: 7 columns passed, passed data had 1 columns
2025-08-16 08:07:18,448 - WARNING - ⚠️ 886078 商业航天 概念行情更新失败: 7 columns passed, passed data had 1 columns
2025-08-16 08:07:19,224 - WARNING - ⚠️ 886080 财税数字化 概念行情更新失败: 7 columns passed, passed data had 1 columns
2025-08-16 08:07:19,868 - WARNING - ⚠️ 886084 光纤概念 概念行情更新失败: 7 columns passed, passed data had 1 columns
2025-08-16 08:07:19,952 - WARNING - ⚠️ 886085 AI眼镜 概念行情更新失败: 7 columns passed, passed data had 1 columns
2025-08-16 08:07:20,548 - WARNING - ⚠️ 886089 回购增持再贷款概念 概念行情更新失败: 7 columns passed, passed data had 1 columns
2025-08-16 08:07:21,389 - WARNING - ⚠️ 886094 华为盘古 概念行情更新失败: 7 columns passed, passed data had 1 columns
2025-08-16 08:07:23,979 - WARNING - ⚠️ 886104 2025中报预增 概念行情更新失败: 7 columns passed, passed data had 1 columns
2025-08-16 08:07:24,190 - WARNING - ⚠️ nan WiFi 6 概念行情更新失败: index_code错误，是8开头的指数代码,
2025-08-16 08:07:24,190 - INFO - ✅ 本周概念行情更新完成: 320 条记录
2025-08-16 08:07:24,190 - INFO - 清空股票财务指标信息...
2025-08-16 08:07:24,266 - INFO - 🚀 开始获取ADATA所有股票财务指标信息...
2025-08-16 08:07:37,498 - INFO - 📈 已处理 50/5739 只股票财务指标信息，成功 50 只
2025-08-16 08:07:51,089 - INFO - 📈 已处理 100/5739 只股票财务指标信息，成功 100 只
2025-08-16 08:08:04,987 - INFO - 📈 已处理 150/5739 只股票财务指标信息，成功 150 只
2025-08-16 08:08:17,928 - INFO - 📈 已处理 200/5739 只股票财务指标信息，成功 200 只
2025-08-16 08:08:30,747 - INFO - 📈 已处理 250/5739 只股票财务指标信息，成功 250 只
2025-08-16 08:08:43,476 - INFO - 📈 已处理 300/5739 只股票财务指标信息，成功 300 只
2025-08-16 08:08:55,909 - INFO - 📈 已处理 350/5739 只股票财务指标信息，成功 350 只
2025-08-16 08:09:09,825 - INFO - 📈 已处理 400/5739 只股票财务指标信息，成功 400 只
2025-08-16 08:09:22,473 - INFO - 📈 已处理 450/5739 只股票财务指标信息，成功 450 只
2025-08-16 08:09:35,225 - INFO - 📈 已处理 500/5739 只股票财务指标信息，成功 500 只
2025-08-16 08:09:46,903 - INFO - 📈 已处理 550/5739 只股票财务指标信息，成功 550 只
2025-08-16 08:09:58,521 - INFO - 📈 已处理 600/5739 只股票财务指标信息，成功 600 只
2025-08-16 08:10:12,434 - INFO - 📈 已处理 650/5739 只股票财务指标信息，成功 650 只
2025-08-16 08:10:25,593 - INFO - 📈 已处理 700/5739 只股票财务指标信息，成功 700 只
2025-08-16 08:10:38,774 - INFO - 📈 已处理 750/5739 只股票财务指标信息，成功 750 只
2025-08-16 08:10:52,206 - INFO - 📈 已处理 800/5739 只股票财务指标信息，成功 800 只
2025-08-16 08:11:06,593 - INFO - 📈 已处理 850/5739 只股票财务指标信息，成功 850 只
2025-08-16 08:11:19,893 - INFO - 📈 已处理 900/5739 只股票财务指标信息，成功 900 只
2025-08-16 08:11:33,425 - INFO - 📈 已处理 950/5739 只股票财务指标信息，成功 950 只
2025-08-16 08:11:46,592 - INFO - 📈 已处理 1000/5739 只股票财务指标信息，成功 1000 只
2025-08-16 08:11:59,446 - INFO - 📈 已处理 1050/5739 只股票财务指标信息，成功 1050 只
2025-08-16 08:12:13,561 - INFO - 📈 已处理 1100/5739 只股票财务指标信息，成功 1100 只
2025-08-16 08:12:26,622 - INFO - 📈 已处理 1150/5739 只股票财务指标信息，成功 1150 只
2025-08-16 08:12:39,791 - INFO - 📈 已处理 1200/5739 只股票财务指标信息，成功 1200 只
2025-08-16 08:12:52,480 - INFO - 📈 已处理 1250/5739 只股票财务指标信息，成功 1250 只
2025-08-16 08:13:05,450 - INFO - 📈 已处理 1300/5739 只股票财务指标信息，成功 1300 只
2025-08-16 08:13:18,186 - INFO - 📈 已处理 1350/5739 只股票财务指标信息，成功 1350 只
2025-08-16 08:13:30,801 - INFO - 📈 已处理 1400/5739 只股票财务指标信息，成功 1400 只
2025-08-16 08:13:44,403 - INFO - 📈 已处理 1450/5739 只股票财务指标信息，成功 1450 只
2025-08-16 08:13:57,188 - INFO - 📈 已处理 1500/5739 只股票财务指标信息，成功 1500 只
2025-08-16 08:14:10,369 - INFO - 📈 已处理 1550/5739 只股票财务指标信息，成功 1550 只
2025-08-16 08:14:23,608 - INFO - 📈 已处理 1600/5739 只股票财务指标信息，成功 1600 只
2025-08-16 08:14:36,638 - INFO - 📈 已处理 1650/5739 只股票财务指标信息，成功 1650 只
2025-08-16 08:14:50,700 - INFO - 📈 已处理 1700/5739 只股票财务指标信息，成功 1700 只
2025-08-16 08:15:04,537 - INFO - 📈 已处理 1750/5739 只股票财务指标信息，成功 1750 只
2025-08-16 08:15:17,549 - INFO - 📈 已处理 1800/5739 只股票财务指标信息，成功 1800 只
2025-08-16 08:15:30,537 - INFO - 📈 已处理 1850/5739 只股票财务指标信息，成功 1850 只
2025-08-16 08:15:44,736 - INFO - 📈 已处理 1900/5739 只股票财务指标信息，成功 1900 只
2025-08-16 08:15:58,343 - INFO - 📈 已处理 1950/5739 只股票财务指标信息，成功 1950 只
2025-08-16 08:16:12,486 - INFO - 📈 已处理 2000/5739 只股票财务指标信息，成功 2000 只
2025-08-16 08:16:26,576 - INFO - 📈 已处理 2050/5739 只股票财务指标信息，成功 2050 只
2025-08-16 08:16:39,026 - INFO - 📈 已处理 2100/5739 只股票财务指标信息，成功 2100 只
2025-08-16 08:16:51,348 - INFO - 📈 已处理 2150/5739 只股票财务指标信息，成功 2150 只
2025-08-16 08:17:04,334 - INFO - 📈 已处理 2200/5739 只股票财务指标信息，成功 2200 只
2025-08-16 08:17:17,111 - INFO - 📈 已处理 2250/5739 只股票财务指标信息，成功 2250 只
2025-08-16 08:17:30,731 - INFO - 📈 已处理 2300/5739 只股票财务指标信息，成功 2300 只
2025-08-16 08:17:43,160 - INFO - 📈 已处理 2350/5739 只股票财务指标信息，成功 2350 只
2025-08-16 08:17:54,914 - INFO - 📈 已处理 2400/5739 只股票财务指标信息，成功 2400 只
2025-08-16 08:18:08,193 - INFO - 📈 已处理 2450/5739 只股票财务指标信息，成功 2450 只
2025-08-16 08:18:20,108 - INFO - 📈 已处理 2500/5739 只股票财务指标信息，成功 2500 只
2025-08-16 08:18:31,719 - INFO - 📈 已处理 2550/5739 只股票财务指标信息，成功 2550 只
2025-08-16 08:18:44,012 - INFO - 📈 已处理 2600/5739 只股票财务指标信息，成功 2600 只
2025-08-16 08:18:55,595 - INFO - 📈 已处理 2650/5739 只股票财务指标信息，成功 2650 只
2025-08-16 08:19:07,872 - INFO - 📈 已处理 2700/5739 只股票财务指标信息，成功 2700 只
2025-08-16 08:19:20,173 - INFO - 📈 已处理 2750/5739 只股票财务指标信息，成功 2750 只
2025-08-16 08:19:32,031 - INFO - 📈 已处理 2800/5739 只股票财务指标信息，成功 2800 只
2025-08-16 08:19:44,111 - INFO - 📈 已处理 2850/5739 只股票财务指标信息，成功 2850 只
2025-08-16 08:19:56,264 - INFO - 📈 已处理 2900/5739 只股票财务指标信息，成功 2900 只
2025-08-16 08:20:09,390 - INFO - 📈 已处理 2950/5739 只股票财务指标信息，成功 2950 只
2025-08-16 08:20:19,250 - INFO - 数据库连接已关闭
2025-08-16 08:21:01,199 - INFO - 🌟 每周数据更新程序启动
2025-08-16 08:21:01,207 - INFO - 🚀 开始每周数据更新...
2025-08-16 08:21:01,207 - INFO - ============================================================
2025-08-16 08:21:01,225 - INFO - ✅ 成功连接到MySQL数据库
2025-08-16 08:21:01,225 - INFO - ============================================================
2025-08-16 08:21:01,225 - INFO - 📊 本周数据更新统计
2025-08-16 08:21:01,225 - INFO - ============================================================
2025-08-16 08:21:01,225 - INFO - ⏱️  更新耗时: 0:00:00.026566
2025-08-16 08:21:01,226 - INFO - 📈 实时行情: 0 条
2025-08-16 08:21:01,226 - INFO - 📊 本周K线: 0 条
2025-08-16 08:21:01,227 - INFO - 📅 交易日历: 0 条
2025-08-16 08:21:01,227 - INFO - ✅ 无错误
2025-08-16 08:21:01,227 - INFO - ============================================================
2025-08-16 08:21:01,230 - INFO - 🎉 本周数据更新完成！
2025-08-16 08:21:01,230 - INFO - 数据库连接已关闭
2025-08-16 08:21:01,230 - INFO - ✅ 每周数据更新成功完成
2025-08-16 08:22:03,705 - INFO - 🌟 每周数据更新程序启动
2025-08-16 08:22:03,705 - INFO - 🚀 开始每周数据更新...
2025-08-16 08:22:03,705 - INFO - ============================================================
2025-08-16 08:22:03,707 - INFO - ✅ 成功连接到MySQL数据库
2025-08-16 08:22:03,707 - INFO - ============================================================
2025-08-16 08:22:03,707 - INFO - 📊 本周数据更新统计
2025-08-16 08:22:03,707 - INFO - ============================================================
2025-08-16 08:22:03,707 - INFO - ⏱️  更新耗时: 0:00:00.002006
2025-08-16 08:22:03,707 - INFO - 📈 实时行情: 0 条
2025-08-16 08:22:03,707 - INFO - 📊 本周K线: 0 条
2025-08-16 08:22:03,707 - INFO - 📅 交易日历: 0 条
2025-08-16 08:22:03,707 - INFO - ✅ 无错误
2025-08-16 08:22:03,707 - INFO - ============================================================
2025-08-16 08:22:03,717 - INFO - 🎉 本周数据更新完成！
2025-08-16 08:22:03,717 - INFO - 数据库连接已关闭
2025-08-16 08:22:03,717 - INFO - ✅ 每周数据更新成功完成
2025-08-16 08:22:07,227 - INFO - 🌟 每周数据更新程序启动
2025-08-16 08:22:07,227 - INFO - 🚀 开始每周数据更新...
2025-08-16 08:22:07,227 - INFO - ============================================================
2025-08-16 08:22:07,227 - INFO - ✅ 成功连接到MySQL数据库
2025-08-16 08:22:07,227 - INFO - ============================================================
2025-08-16 08:22:07,227 - INFO - 📊 本周数据更新统计
2025-08-16 08:22:07,227 - INFO - ============================================================
2025-08-16 08:22:07,227 - INFO - ⏱️  更新耗时: 0:00:00
2025-08-16 08:22:07,227 - INFO - 📈 实时行情: 0 条
2025-08-16 08:22:07,227 - INFO - 📊 本周K线: 0 条
2025-08-16 08:22:07,227 - INFO - 📅 交易日历: 0 条
2025-08-16 08:22:07,227 - INFO - ✅ 无错误
2025-08-16 08:22:07,227 - INFO - ============================================================
2025-08-16 08:22:07,242 - INFO - 🎉 本周数据更新完成！
2025-08-16 08:22:07,243 - INFO - 数据库连接已关闭
2025-08-16 08:22:07,243 - INFO - ✅ 每周数据更新成功完成
2025-08-16 08:22:18,027 - INFO - 🌟 每周数据更新程序启动
2025-08-16 08:22:18,027 - INFO - 🚀 开始每周数据更新...
2025-08-16 08:22:18,027 - INFO - ============================================================
2025-08-16 08:22:18,027 - INFO - ✅ 成功连接到MySQL数据库
2025-08-16 08:22:18,027 - INFO - 清空股票历史分红数据信息...
2025-08-16 08:22:18,112 - INFO - 🚀 开始获取ADATA所有股票历史分红数据信息...
2025-08-16 08:22:18,981 - ERROR - ❌ 更新本周股票历史分红数据信息更新失败: not all arguments converted during string formatting
2025-08-16 08:22:18,987 - INFO - ============================================================
2025-08-16 08:22:18,987 - INFO - 📊 本周数据更新统计
2025-08-16 08:22:18,987 - INFO - ============================================================
2025-08-16 08:22:18,987 - INFO - ⏱️  更新耗时: 0:00:00.960069
2025-08-16 08:22:18,987 - INFO - 📈 实时行情: 0 条
2025-08-16 08:22:18,987 - INFO - 📊 本周K线: 0 条
2025-08-16 08:22:18,987 - INFO - 📅 交易日历: 0 条
2025-08-16 08:22:18,987 - INFO - ❌ 错误数量: 1
2025-08-16 08:22:18,987 - INFO -    • 更新本周股票历史分红数据信息更新失败: not all arguments converted during string formatting
2025-08-16 08:22:18,987 - INFO - ============================================================
2025-08-16 08:22:18,987 - INFO - 🎉 本周数据更新完成！
2025-08-16 08:22:18,987 - INFO - 数据库连接已关闭
2025-08-16 08:22:18,987 - INFO - ✅ 每周数据更新成功完成
2025-08-16 08:22:56,985 - INFO - 🌟 每周数据更新程序启动
2025-08-16 08:22:56,985 - INFO - 🚀 开始每周数据更新...
2025-08-16 08:22:56,986 - INFO - ============================================================
2025-08-16 08:22:56,989 - INFO - ✅ 成功连接到MySQL数据库
2025-08-16 08:22:56,989 - INFO - 清空股票历史分红数据信息...
2025-08-16 08:22:57,057 - INFO - 🚀 开始获取ADATA所有股票历史分红数据信息...
2025-08-16 08:22:59,334 - INFO - ✅ 本周股票历史分红数据信息更新完成
2025-08-16 08:22:59,334 - INFO - ============================================================
2025-08-16 08:22:59,334 - INFO - 📊 本周数据更新统计
2025-08-16 08:22:59,334 - INFO - ============================================================
2025-08-16 08:22:59,334 - INFO - ⏱️  更新耗时: 0:00:02.348871
2025-08-16 08:22:59,334 - INFO - 📈 实时行情: 0 条
2025-08-16 08:22:59,334 - INFO - 📊 本周K线: 0 条
2025-08-16 08:22:59,336 - INFO - 📅 交易日历: 0 条
2025-08-16 08:22:59,336 - INFO - ✅ 无错误
2025-08-16 08:22:59,336 - INFO - ============================================================
2025-08-16 08:22:59,336 - INFO - 🎉 本周数据更新完成！
2025-08-16 08:22:59,336 - INFO - 数据库连接已关闭
2025-08-16 08:22:59,336 - INFO - ✅ 每周数据更新成功完成
2025-08-16 08:24:38,237 - INFO - 🌟 每周数据更新程序启动
2025-08-16 08:24:38,237 - INFO - 🚀 开始每周数据更新...
2025-08-16 08:24:38,237 - INFO - ============================================================
2025-08-16 08:24:38,237 - INFO - ✅ 成功连接到MySQL数据库
2025-08-16 08:24:38,237 - INFO - 📊 开始更新近7个自然日K线数据）...
2025-08-16 08:24:38,277 - INFO - 📊 准备更新 5739 只股票的近7个自然日K线数据
2025-08-16 08:24:59,334 - INFO - 数据库连接已关闭
2025-08-16 08:25:15,828 - INFO - 🌟 每周数据更新程序启动
2025-08-16 08:25:15,828 - INFO - 🚀 开始每周数据更新...
2025-08-16 08:25:15,828 - INFO - ============================================================
2025-08-16 08:25:15,833 - INFO - ✅ 成功连接到MySQL数据库
2025-08-16 08:25:15,833 - INFO - 清空股票财务指标信息...
2025-08-16 08:25:15,923 - INFO - 🚀 开始获取ADATA所有股票财务指标信息...
2025-08-16 08:25:28,572 - INFO - 📈 已处理 50/5739 只股票财务指标信息，成功 50 只
2025-08-16 08:25:42,368 - INFO - 📈 已处理 100/5739 只股票财务指标信息，成功 100 只
2025-08-16 08:25:55,526 - INFO - 📈 已处理 150/5739 只股票财务指标信息，成功 150 只
2025-08-16 08:26:09,132 - INFO - 📈 已处理 200/5739 只股票财务指标信息，成功 200 只
2025-08-16 08:26:22,864 - INFO - 📈 已处理 250/5739 只股票财务指标信息，成功 250 只
2025-08-16 08:26:36,132 - INFO - 📈 已处理 300/5739 只股票财务指标信息，成功 300 只
2025-08-16 08:26:48,867 - INFO - 📈 已处理 350/5739 只股票财务指标信息，成功 350 只
2025-08-16 08:27:02,245 - INFO - 📈 已处理 400/5739 只股票财务指标信息，成功 400 只
2025-08-16 08:27:15,750 - INFO - 📈 已处理 450/5739 只股票财务指标信息，成功 450 只
2025-08-16 08:27:28,612 - INFO - 📈 已处理 500/5739 只股票财务指标信息，成功 500 只
2025-08-16 08:27:40,442 - INFO - 📈 已处理 550/5739 只股票财务指标信息，成功 550 只
2025-08-16 08:27:53,346 - INFO - 📈 已处理 600/5739 只股票财务指标信息，成功 600 只
2025-08-16 08:28:06,600 - INFO - 📈 已处理 650/5739 只股票财务指标信息，成功 650 只
2025-08-16 08:28:20,698 - INFO - 📈 已处理 700/5739 只股票财务指标信息，成功 700 只
2025-08-16 08:28:34,704 - INFO - 📈 已处理 750/5739 只股票财务指标信息，成功 750 只
2025-08-16 08:28:48,552 - INFO - 📈 已处理 800/5739 只股票财务指标信息，成功 800 只
2025-08-16 08:29:01,920 - INFO - 📈 已处理 850/5739 只股票财务指标信息，成功 850 只
2025-08-16 08:29:15,647 - INFO - 📈 已处理 900/5739 只股票财务指标信息，成功 900 只
2025-08-16 08:29:28,688 - INFO - 📈 已处理 950/5739 只股票财务指标信息，成功 950 只
2025-08-16 08:29:42,151 - INFO - 📈 已处理 1000/5739 只股票财务指标信息，成功 1000 只
2025-08-16 08:29:55,965 - INFO - 📈 已处理 1050/5739 只股票财务指标信息，成功 1050 只
2025-08-16 08:30:11,879 - INFO - 📈 已处理 1100/5739 只股票财务指标信息，成功 1100 只
2025-08-16 08:30:24,623 - INFO - 📈 已处理 1150/5739 只股票财务指标信息，成功 1150 只
2025-08-16 08:30:37,376 - INFO - 📈 已处理 1200/5739 只股票财务指标信息，成功 1200 只
2025-08-16 08:30:51,062 - INFO - 📈 已处理 1250/5739 只股票财务指标信息，成功 1250 只
2025-08-16 08:31:04,613 - INFO - 📈 已处理 1300/5739 只股票财务指标信息，成功 1300 只
2025-08-16 08:31:17,522 - INFO - 📈 已处理 1350/5739 只股票财务指标信息，成功 1350 只
2025-08-16 08:31:29,870 - INFO - 📈 已处理 1400/5739 只股票财务指标信息，成功 1400 只
2025-08-16 08:31:43,413 - INFO - 📈 已处理 1450/5739 只股票财务指标信息，成功 1450 只
2025-08-16 08:31:55,491 - INFO - 📈 已处理 1500/5739 只股票财务指标信息，成功 1500 只
2025-08-16 08:32:07,877 - INFO - 📈 已处理 1550/5739 只股票财务指标信息，成功 1550 只
2025-08-16 08:32:19,629 - INFO - 📈 已处理 1600/5739 只股票财务指标信息，成功 1600 只
2025-08-16 08:32:33,008 - INFO - 📈 已处理 1650/5739 只股票财务指标信息，成功 1650 只
2025-08-16 08:32:47,091 - INFO - 📈 已处理 1700/5739 只股票财务指标信息，成功 1700 只
2025-08-16 08:33:00,790 - INFO - 📈 已处理 1750/5739 只股票财务指标信息，成功 1750 只
2025-08-16 08:33:14,547 - INFO - 📈 已处理 1800/5739 只股票财务指标信息，成功 1800 只
2025-08-16 08:33:27,541 - INFO - 📈 已处理 1850/5739 只股票财务指标信息，成功 1850 只
2025-08-16 08:33:40,761 - INFO - 📈 已处理 1900/5739 只股票财务指标信息，成功 1900 只
2025-08-16 08:33:54,108 - INFO - 📈 已处理 1950/5739 只股票财务指标信息，成功 1950 只
2025-08-16 08:34:07,896 - INFO - 📈 已处理 2000/5739 只股票财务指标信息，成功 2000 只
2025-08-16 08:34:21,531 - INFO - 📈 已处理 2050/5739 只股票财务指标信息，成功 2050 只
2025-08-16 08:34:34,265 - INFO - 📈 已处理 2100/5739 只股票财务指标信息，成功 2100 只
2025-08-16 08:34:48,179 - INFO - 📈 已处理 2150/5739 只股票财务指标信息，成功 2150 只
2025-08-16 08:35:00,785 - INFO - 📈 已处理 2200/5739 只股票财务指标信息，成功 2200 只
2025-08-16 08:35:15,505 - INFO - 📈 已处理 2250/5739 只股票财务指标信息，成功 2250 只
2025-08-16 08:35:30,419 - INFO - 📈 已处理 2300/5739 只股票财务指标信息，成功 2300 只
2025-08-16 08:35:43,424 - INFO - 📈 已处理 2350/5739 只股票财务指标信息，成功 2350 只
2025-08-16 08:35:55,904 - INFO - 📈 已处理 2400/5739 只股票财务指标信息，成功 2400 只
2025-08-16 08:36:08,773 - INFO - 📈 已处理 2450/5739 只股票财务指标信息，成功 2450 只
2025-08-16 08:36:20,706 - INFO - 📈 已处理 2500/5739 只股票财务指标信息，成功 2500 只
2025-08-16 08:36:32,784 - INFO - 📈 已处理 2550/5739 只股票财务指标信息，成功 2550 只
2025-08-16 08:36:45,254 - INFO - 📈 已处理 2600/5739 只股票财务指标信息，成功 2600 只
2025-08-16 08:36:56,922 - INFO - 📈 已处理 2650/5739 只股票财务指标信息，成功 2650 只
2025-08-16 08:37:09,119 - INFO - 📈 已处理 2700/5739 只股票财务指标信息，成功 2700 只
2025-08-16 08:37:22,072 - INFO - 📈 已处理 2750/5739 只股票财务指标信息，成功 2750 只
2025-08-16 08:37:34,241 - INFO - 📈 已处理 2800/5739 只股票财务指标信息，成功 2800 只
2025-08-16 08:37:45,911 - INFO - 📈 已处理 2850/5739 只股票财务指标信息，成功 2850 只
2025-08-16 08:37:58,110 - INFO - 📈 已处理 2900/5739 只股票财务指标信息，成功 2900 只
2025-08-16 08:38:10,486 - INFO - 📈 已处理 2950/5739 只股票财务指标信息，成功 2950 只
2025-08-16 08:38:22,194 - INFO - 📈 已处理 3000/5739 只股票财务指标信息，成功 3000 只
2025-08-16 08:38:34,000 - INFO - 📈 已处理 3050/5739 只股票财务指标信息，成功 3050 只
2025-08-16 08:38:46,733 - INFO - 📈 已处理 3100/5739 只股票财务指标信息，成功 3100 只
2025-08-16 08:38:58,769 - INFO - 📈 已处理 3150/5739 只股票财务指标信息，成功 3150 只
2025-08-16 08:39:12,071 - INFO - 📈 已处理 3200/5739 只股票财务指标信息，成功 3200 只
2025-08-16 08:39:24,722 - INFO - 📈 已处理 3250/5739 只股票财务指标信息，成功 3250 只
2025-08-16 08:39:37,173 - INFO - 📈 已处理 3300/5739 只股票财务指标信息，成功 3300 只
2025-08-16 08:39:49,471 - INFO - 📈 已处理 3350/5739 只股票财务指标信息，成功 3350 只
2025-08-16 08:40:02,294 - INFO - 📈 已处理 3400/5739 只股票财务指标信息，成功 3400 只
2025-08-16 08:40:15,376 - INFO - 📈 已处理 3450/5739 只股票财务指标信息，成功 3450 只
2025-08-16 08:40:27,782 - INFO - 📈 已处理 3500/5739 只股票财务指标信息，成功 3500 只
2025-08-16 08:40:40,487 - INFO - 📈 已处理 3550/5739 只股票财务指标信息，成功 3550 只
2025-08-16 08:40:52,553 - INFO - 📈 已处理 3600/5739 只股票财务指标信息，成功 3600 只
2025-08-16 08:41:06,510 - INFO - 📈 已处理 3650/5739 只股票财务指标信息，成功 3650 只
2025-08-16 08:41:18,820 - INFO - 📈 已处理 3700/5739 只股票财务指标信息，成功 3700 只
2025-08-16 08:41:31,146 - INFO - 📈 已处理 3750/5739 只股票财务指标信息，成功 3750 只
2025-08-16 08:41:43,546 - INFO - 📈 已处理 3800/5739 只股票财务指标信息，成功 3800 只
2025-08-16 08:41:56,268 - INFO - 📈 已处理 3850/5739 只股票财务指标信息，成功 3850 只
2025-08-16 08:42:08,440 - INFO - 📈 已处理 3900/5739 只股票财务指标信息，成功 3900 只
2025-08-16 08:42:20,305 - INFO - 📈 已处理 3950/5739 只股票财务指标信息，成功 3950 只
2025-08-16 08:42:32,398 - INFO - 📈 已处理 4000/5739 只股票财务指标信息，成功 4000 只
2025-08-16 08:42:45,004 - INFO - 📈 已处理 4050/5739 只股票财务指标信息，成功 4050 只
2025-08-16 08:42:58,025 - INFO - 📈 已处理 4100/5739 只股票财务指标信息，成功 4100 只
2025-08-16 08:43:11,264 - INFO - 📈 已处理 4150/5739 只股票财务指标信息，成功 4150 只
2025-08-16 08:43:23,438 - INFO - 📈 已处理 4200/5739 只股票财务指标信息，成功 4200 只
2025-08-16 08:43:36,067 - INFO - 📈 已处理 4250/5739 只股票财务指标信息，成功 4250 只
2025-08-16 08:43:47,623 - INFO - 📈 已处理 4300/5739 只股票财务指标信息，成功 4300 只
2025-08-16 08:43:59,837 - INFO - 📈 已处理 4350/5739 只股票财务指标信息，成功 4350 只
2025-08-16 08:44:12,282 - INFO - 📈 已处理 4400/5739 只股票财务指标信息，成功 4400 只
2025-08-16 08:44:24,796 - INFO - 📈 已处理 4450/5739 只股票财务指标信息，成功 4450 只
2025-08-16 08:44:36,332 - INFO - 📈 已处理 4500/5739 只股票财务指标信息，成功 4500 只
2025-08-16 08:44:48,465 - INFO - 📈 已处理 4550/5739 只股票财务指标信息，成功 4550 只
2025-08-16 08:45:00,804 - INFO - 📈 已处理 4600/5739 只股票财务指标信息，成功 4600 只
2025-08-16 08:45:13,177 - INFO - 📈 已处理 4650/5739 只股票财务指标信息，成功 4650 只
2025-08-16 08:45:25,006 - INFO - 📈 已处理 4700/5739 只股票财务指标信息，成功 4700 只
2025-08-16 08:45:37,707 - INFO - 📈 已处理 4750/5739 只股票财务指标信息，成功 4750 只
2025-08-16 08:45:49,598 - INFO - 📈 已处理 4800/5739 只股票财务指标信息，成功 4800 只
2025-08-16 08:46:02,074 - INFO - 📈 已处理 4850/5739 只股票财务指标信息，成功 4850 只
2025-08-16 08:46:14,668 - INFO - 📈 已处理 4900/5739 只股票财务指标信息，成功 4900 只
2025-08-16 08:46:27,371 - INFO - 📈 已处理 4950/5739 只股票财务指标信息，成功 4950 只
2025-08-16 08:46:39,389 - INFO - 📈 已处理 5000/5739 只股票财务指标信息，成功 5000 只
2025-08-16 08:46:52,032 - INFO - 📈 已处理 5050/5739 只股票财务指标信息，成功 5050 只
2025-08-16 08:47:05,667 - INFO - 📈 已处理 5100/5739 只股票财务指标信息，成功 5100 只
2025-08-16 08:47:17,925 - INFO - 📈 已处理 5150/5739 只股票财务指标信息，成功 5150 只
2025-08-16 08:47:29,726 - INFO - 📈 已处理 5200/5739 只股票财务指标信息，成功 5200 只
2025-08-16 08:47:41,738 - INFO - 📈 已处理 5250/5739 只股票财务指标信息，成功 5250 只
2025-08-16 08:47:53,497 - INFO - 📈 已处理 5300/5739 只股票财务指标信息，成功 5300 只
2025-08-16 08:48:05,995 - INFO - 📈 已处理 5350/5739 只股票财务指标信息，成功 5350 只
2025-08-16 08:48:18,486 - INFO - 📈 已处理 5400/5739 只股票财务指标信息，成功 5400 只
2025-08-16 08:48:30,077 - INFO - 📈 已处理 5450/5739 只股票财务指标信息，成功 5450 只
2025-08-16 08:48:42,581 - INFO - 📈 已处理 5500/5739 只股票财务指标信息，成功 5500 只
2025-08-16 08:48:56,374 - INFO - 📈 已处理 5550/5739 只股票财务指标信息，成功 5550 只
2025-08-16 08:49:08,654 - INFO - 📈 已处理 5600/5739 只股票财务指标信息，成功 5600 只
2025-08-16 08:49:20,884 - INFO - 📈 已处理 5650/5739 只股票财务指标信息，成功 5650 只
2025-08-16 08:49:32,648 - INFO - 📈 已处理 5700/5739 只股票财务指标信息，成功 5700 只
2025-08-16 08:49:42,117 - INFO - ✅ 本周股票财务指标信息更新完成: 5739 条记录
2025-08-16 08:49:42,117 - INFO - 📊 开始更新近7个自然日融资融券余额数据...
2025-08-16 08:49:42,520 - INFO - ✅ 本周融资融券余额数据更新完成
2025-08-16 08:49:42,520 - INFO - 清空股票申万一二级行业...
2025-08-16 08:49:42,595 - INFO - 🚀 开始获取ADATA所有股票股本信息...
2025-08-16 08:50:00,885 - INFO - 📈 已处理 50/5739 只股票，成功 43 只
2025-08-16 08:50:19,798 - INFO - 📈 已处理 100/5739 只股票，成功 89 只
2025-08-16 08:50:38,094 - INFO - 📈 已处理 150/5739 只股票，成功 131 只
2025-08-16 08:51:01,866 - INFO - 📈 已处理 200/5739 只股票，成功 172 只
2025-08-16 08:51:19,990 - INFO - 📈 已处理 250/5739 只股票，成功 213 只
2025-08-16 08:51:45,508 - INFO - 📈 已处理 300/5739 只股票，成功 257 只
2025-08-16 08:52:05,731 - INFO - 📈 已处理 350/5739 只股票，成功 299 只
2025-08-16 08:52:23,949 - INFO - 📈 已处理 400/5739 只股票，成功 344 只
2025-08-16 08:52:42,427 - INFO - 📈 已处理 450/5739 只股票，成功 392 只
2025-08-16 08:53:02,317 - INFO - 📈 已处理 500/5739 只股票，成功 439 只
2025-08-16 08:53:22,690 - INFO - 📈 已处理 550/5739 只股票，成功 489 只
2025-08-16 08:53:41,801 - INFO - 📈 已处理 600/5739 只股票，成功 539 只
2025-08-16 08:54:01,310 - INFO - 📈 已处理 650/5739 只股票，成功 588 只
2025-08-16 08:54:20,343 - INFO - 📈 已处理 700/5739 只股票，成功 636 只
2025-08-16 08:54:46,017 - INFO - 📈 已处理 750/5739 只股票，成功 686 只
2025-08-16 08:55:07,862 - INFO - 📈 已处理 800/5739 只股票，成功 734 只
2025-08-16 08:55:29,853 - INFO - 📈 已处理 850/5739 只股票，成功 783 只
2025-08-16 08:55:48,703 - INFO - 📈 已处理 900/5739 只股票，成功 832 只
2025-08-16 08:56:08,798 - INFO - 📈 已处理 950/5739 只股票，成功 882 只
2025-08-16 08:56:27,492 - INFO - 📈 已处理 1000/5739 只股票，成功 931 只
2025-08-16 08:56:47,218 - INFO - 📈 已处理 1050/5739 只股票，成功 981 只
2025-08-16 08:57:06,644 - INFO - 📈 已处理 1100/5739 只股票，成功 1026 只
2025-08-16 08:57:26,071 - INFO - 📈 已处理 1150/5739 只股票，成功 1075 只
2025-08-16 08:57:45,092 - INFO - 📈 已处理 1200/5739 只股票，成功 1125 只
2025-08-16 08:58:04,373 - INFO - 📈 已处理 1250/5739 只股票，成功 1172 只
2025-08-16 08:58:31,856 - INFO - 📈 已处理 1300/5739 只股票，成功 1220 只
2025-08-16 08:58:50,621 - INFO - 📈 已处理 1350/5739 只股票，成功 1269 只
2025-08-16 08:59:10,061 - INFO - 📈 已处理 1400/5739 只股票，成功 1318 只
2025-08-16 08:59:32,026 - INFO - 📈 已处理 1450/5739 只股票，成功 1368 只
2025-08-16 08:59:51,712 - INFO - 📈 已处理 1500/5739 只股票，成功 1418 只
2025-08-16 09:00:21,695 - INFO - 📈 已处理 1550/5739 只股票，成功 1468 只
2025-08-16 09:01:11,162 - INFO - 📈 已处理 1600/5739 只股票，成功 1518 只
2025-08-16 09:01:33,615 - INFO - 📈 已处理 1650/5739 只股票，成功 1567 只
2025-08-16 09:01:52,974 - INFO - 📈 已处理 1700/5739 只股票，成功 1614 只
2025-08-16 09:02:12,984 - INFO - 📈 已处理 1750/5739 只股票，成功 1662 只
2025-08-16 09:02:50,799 - INFO - 📈 已处理 1850/5739 只股票，成功 1757 只
2025-08-16 09:03:19,838 - INFO - 📈 已处理 1900/5739 只股票，成功 1807 只
2025-08-16 09:03:42,038 - INFO - 📈 已处理 1950/5739 只股票，成功 1855 只
2025-08-16 09:04:01,061 - INFO - 📈 已处理 2000/5739 只股票，成功 1902 只
2025-08-16 09:04:21,212 - INFO - 📈 已处理 2050/5739 只股票，成功 1952 只
2025-08-16 09:04:40,210 - INFO - 📈 已处理 2100/5739 只股票，成功 2001 只
2025-08-16 09:05:02,978 - INFO - 📈 已处理 2150/5739 只股票，成功 2051 只
2025-08-16 09:05:22,564 - INFO - 📈 已处理 2200/5739 只股票，成功 2101 只
2025-08-16 09:05:41,801 - INFO - 📈 已处理 2250/5739 只股票，成功 2151 只
2025-08-16 09:06:00,857 - INFO - 📈 已处理 2300/5739 只股票，成功 2201 只
2025-08-16 09:06:19,607 - INFO - 📈 已处理 2350/5739 只股票，成功 2251 只
2025-08-16 09:06:39,800 - INFO - 📈 已处理 2400/5739 只股票，成功 2301 只
2025-08-16 09:07:01,692 - INFO - 📈 已处理 2450/5739 只股票，成功 2351 只
2025-08-16 09:07:24,117 - INFO - 📈 已处理 2500/5739 只股票，成功 2401 只
2025-08-16 09:07:43,459 - INFO - 📈 已处理 2550/5739 只股票，成功 2451 只
2025-08-16 09:08:02,460 - INFO - 📈 已处理 2600/5739 只股票，成功 2501 只
2025-08-16 09:08:21,601 - INFO - 📈 已处理 2650/5739 只股票，成功 2551 只
2025-08-16 09:08:42,076 - INFO - 📈 已处理 2700/5739 只股票，成功 2601 只
2025-08-16 09:09:07,438 - INFO - 📈 已处理 2750/5739 只股票，成功 2651 只
2025-08-16 09:09:32,822 - INFO - 📈 已处理 2800/5739 只股票，成功 2701 只
2025-08-16 09:09:51,704 - INFO - 📈 已处理 2850/5739 只股票，成功 2751 只
2025-08-16 09:10:11,065 - INFO - 📈 已处理 2900/5739 只股票，成功 2801 只
2025-08-16 09:10:33,013 - INFO - 📈 已处理 2950/5739 只股票，成功 2851 只
2025-08-16 09:10:51,740 - INFO - 📈 已处理 3000/5739 只股票，成功 2901 只
2025-08-16 09:11:11,091 - INFO - 📈 已处理 3050/5739 只股票，成功 2951 只
2025-08-16 09:11:29,600 - INFO - 📈 已处理 3100/5739 只股票，成功 2997 只
2025-08-16 09:12:07,145 - INFO - 📈 已处理 3200/5739 只股票，成功 3084 只
2025-08-16 09:12:25,566 - INFO - 📈 已处理 3250/5739 只股票，成功 3130 只
2025-08-16 09:12:44,152 - INFO - 📈 已处理 3300/5739 只股票，成功 3176 只
2025-08-16 09:13:02,425 - INFO - 📈 已处理 3350/5739 只股票，成功 3220 只
2025-08-16 09:13:21,797 - INFO - 📈 已处理 3400/5739 只股票，成功 3269 只
2025-08-16 09:13:42,092 - INFO - 📈 已处理 3450/5739 只股票，成功 3316 只
2025-08-16 09:14:01,176 - INFO - 📈 已处理 3500/5739 只股票，成功 3364 只
2025-08-16 09:22:23,438 - INFO - 📈 已处理 5550/5739 只股票，成功 3406 只
2025-08-16 09:23:05,286 - INFO - ✅ 本周申万一二级行业信息更新完成: 3406 条记录
2025-08-16 09:23:05,287 - INFO - 📅 开始更新交易日历...
2025-08-16 09:23:06,251 - INFO - ✅ 2005 年交易日历: 365 条记录
2025-08-16 09:23:06,350 - INFO - ✅ 2006 年交易日历: 365 条记录
2025-08-16 09:23:06,434 - INFO - ✅ 2007 年交易日历: 365 条记录
2025-08-16 09:23:06,523 - INFO - ✅ 2008 年交易日历: 366 条记录
2025-08-16 09:23:06,618 - INFO - ✅ 2009 年交易日历: 365 条记录
2025-08-16 09:23:06,705 - INFO - ✅ 2010 年交易日历: 365 条记录
2025-08-16 09:23:06,786 - INFO - ✅ 2011 年交易日历: 365 条记录
2025-08-16 09:23:06,869 - INFO - ✅ 2012 年交易日历: 366 条记录
2025-08-16 09:23:06,964 - INFO - ✅ 2013 年交易日历: 365 条记录
2025-08-16 09:23:07,056 - INFO - ✅ 2014 年交易日历: 365 条记录
2025-08-16 09:23:07,146 - INFO - ✅ 2015 年交易日历: 365 条记录
2025-08-16 09:23:07,235 - INFO - ✅ 2016 年交易日历: 366 条记录
2025-08-16 09:23:07,320 - INFO - ✅ 2017 年交易日历: 364 条记录
2025-08-16 09:23:07,406 - INFO - ✅ 2018 年交易日历: 365 条记录
2025-08-16 09:23:07,490 - INFO - ✅ 2019 年交易日历: 365 条记录
2025-08-16 09:23:07,575 - INFO - ✅ 2020 年交易日历: 366 条记录
2025-08-16 09:23:07,663 - INFO - ✅ 2021 年交易日历: 365 条记录
2025-08-16 09:23:07,748 - INFO - ✅ 2022 年交易日历: 365 条记录
2025-08-16 09:23:07,831 - INFO - ✅ 2023 年交易日历: 365 条记录
2025-08-16 09:23:07,920 - INFO - ✅ 2024 年交易日历: 366 条记录
2025-08-16 09:23:08,006 - INFO - ✅ 2025 年交易日历: 365 条记录
2025-08-16 09:23:08,006 - INFO - ✅ 交易日历更新完成: 7669 条记录
2025-08-16 09:23:08,006 - INFO - ============================================================
2025-08-16 09:23:08,007 - INFO - 📊 本周数据更新统计
2025-08-16 09:23:08,007 - INFO - ============================================================
2025-08-16 09:23:08,007 - INFO - ⏱️  更新耗时: 0:57:52.178248
2025-08-16 09:23:08,007 - INFO - 📈 实时行情: 0 条
2025-08-16 09:23:08,007 - INFO - 📊 本周K线: 3,406 条
2025-08-16 09:23:08,007 - INFO - 📅 交易日历: 7,669 条
2025-08-16 09:23:08,007 - INFO - ✅ 无错误
2025-08-16 09:23:08,008 - INFO - ============================================================
2025-08-16 09:23:08,015 - INFO - 🎉 本周数据更新完成！
2025-08-16 09:23:08,016 - INFO - 数据库连接已关闭
2025-08-16 09:23:08,016 - INFO - ✅ 每周数据更新成功完成
2025-08-16 12:36:26,735 - INFO - 🌟 每周数据更新程序启动
2025-08-16 12:36:26,735 - INFO - 🚀 开始每周数据更新...
2025-08-16 12:36:26,735 - INFO - ============================================================
2025-08-16 12:36:26,744 - INFO - ✅ 成功连接到MySQL数据库
2025-08-16 12:36:26,745 - INFO - 📊 开始获取所有股票的分红派息数据...
2025-08-16 12:36:26,855 - INFO - 获取股票代码，开始处理
2025-08-16 12:36:27,161 - WARNING - ⚠️ 获取所有股票的分红派息数据: could not convert string to float: '47.17%'
2025-08-16 12:36:27,414 - WARNING - ⚠️ 获取所有股票的分红派息数据: could not convert string to float: '--'
2025-08-16 12:36:27,639 - WARNING - ⚠️ 获取所有股票的分红派息数据: could not convert string to float: '16.13%'
2025-08-16 12:36:27,888 - WARNING - ⚠️ 获取所有股票的分红派息数据: could not convert string to float: '--'
2025-08-16 12:36:28,124 - WARNING - ⚠️ 获取所有股票的分红派息数据: could not convert string to float: '--'
2025-08-16 12:36:28,378 - WARNING - ⚠️ 获取所有股票的分红派息数据: could not convert string to float: '--'
2025-08-16 12:36:28,614 - WARNING - ⚠️ 获取所有股票的分红派息数据: could not convert string to float: '--'
2025-08-16 12:36:28,854 - WARNING - ⚠️ 获取所有股票的分红派息数据: could not convert string to float: '8.06%'
2025-08-16 12:36:29,114 - WARNING - ⚠️ 获取所有股票的分红派息数据: could not convert string to float: '10.17%'
2025-08-16 12:36:29,357 - WARNING - ⚠️ 获取所有股票的分红派息数据: could not convert string to float: '--'
2025-08-16 12:36:29,574 - WARNING - ⚠️ 获取所有股票的分红派息数据: could not convert string to float: '25.86%'
2025-08-16 12:36:29,796 - WARNING - ⚠️ 获取所有股票的分红派息数据: could not convert string to float: '11.11%'
2025-08-16 12:36:29,994 - WARNING - ⚠️ 获取所有股票的分红派息数据: could not convert string to float: '17.48%'
2025-08-16 12:36:30,264 - WARNING - ⚠️ 获取所有股票的分红派息数据: could not convert string to float: '9.71%'
2025-08-16 12:36:30,469 - WARNING - ⚠️ 获取所有股票的分红派息数据: could not convert string to float: '--'
2025-08-16 12:36:30,684 - WARNING - ⚠️ 获取所有股票的分红派息数据: could not convert string to float: '--'
2025-08-16 12:36:30,914 - WARNING - ⚠️ 获取所有股票的分红派息数据: could not convert string to float: '7.72%'
2025-08-16 12:36:31,134 - WARNING - ⚠️ 获取所有股票的分红派息数据: could not convert string to float: '--'
2025-08-16 12:36:31,364 - WARNING - ⚠️ 获取所有股票的分红派息数据: could not convert string to float: '--'
2025-08-16 12:36:31,604 - WARNING - ⚠️ 获取所有股票的分红派息数据: could not convert string to float: '--'
2025-08-16 12:36:31,836 - WARNING - ⚠️ 获取所有股票的分红派息数据: could not convert string to float: '11.17%'
2025-08-16 12:36:31,935 - INFO - 数据库连接已关闭
2025-08-16 12:37:10,403 - INFO - 🌟 每周数据更新程序启动
2025-08-16 12:37:10,405 - INFO - 🚀 开始每周数据更新...
2025-08-16 12:37:10,405 - INFO - ============================================================
2025-08-16 12:37:10,405 - INFO - ✅ 成功连接到MySQL数据库
2025-08-16 12:37:10,405 - INFO - 📊 开始获取所有股票的分红派息数据...
2025-08-16 12:37:10,515 - INFO - 获取股票代码，开始处理
2025-08-16 12:37:10,766 - WARNING - ⚠️ 获取所有股票的分红派息数据: (1292, "Incorrect date value: 'NaT' for column 'implementation_dat' at row 1")
2025-08-16 12:37:11,005 - WARNING - ⚠️ 获取所有股票的分红派息数据: (1292, "Incorrect date value: 'NaT' for column 'shareholders_meeting_date' at row 1")
2025-08-16 12:37:11,145 - WARNING - ⚠️ 获取所有股票的分红派息数据: (1292, "Incorrect date value: 'NaT' for column 'implementation_dat' at row 1")
2025-08-16 12:37:11,315 - WARNING - ⚠️ 获取所有股票的分红派息数据: (1292, "Incorrect date value: 'NaT' for column 'shareholders_meeting_date' at row 1")
2025-08-16 12:37:11,455 - WARNING - ⚠️ 获取所有股票的分红派息数据: (1292, "Incorrect date value: 'NaT' for column 'shareholders_meeting_date' at row 1")
2025-08-16 12:37:11,628 - WARNING - ⚠️ 获取所有股票的分红派息数据: (1292, "Incorrect date value: 'NaT' for column 'shareholders_meeting_date' at row 1")
2025-08-16 12:37:11,780 - WARNING - ⚠️ 获取所有股票的分红派息数据: (1292, "Incorrect date value: 'NaT' for column 'shareholders_meeting_date' at row 1")
2025-08-16 12:37:11,935 - WARNING - ⚠️ 获取所有股票的分红派息数据: (1292, "Incorrect date value: 'NaT' for column 'implementation_dat' at row 1")
2025-08-16 12:37:12,095 - WARNING - ⚠️ 获取所有股票的分红派息数据: (1292, "Incorrect date value: 'NaT' for column 'implementation_dat' at row 1")
2025-08-16 12:37:12,266 - WARNING - ⚠️ 获取所有股票的分红派息数据: (1292, "Incorrect date value: 'NaT' for column 'shareholders_meeting_date' at row 1")
2025-08-16 12:37:12,415 - WARNING - ⚠️ 获取所有股票的分红派息数据: (1292, "Incorrect date value: 'NaT' for column 'implementation_dat' at row 1")
2025-08-16 12:37:12,575 - WARNING - ⚠️ 获取所有股票的分红派息数据: (1292, "Incorrect date value: 'NaT' for column 'implementation_dat' at row 1")
2025-08-16 12:37:12,720 - WARNING - ⚠️ 获取所有股票的分红派息数据: (1292, "Incorrect date value: 'NaT' for column 'implementation_dat' at row 1")
2025-08-16 12:37:12,878 - WARNING - ⚠️ 获取所有股票的分红派息数据: (1292, "Incorrect date value: 'NaT' for column 'implementation_dat' at row 1")
2025-08-16 12:37:13,020 - WARNING - ⚠️ 获取所有股票的分红派息数据: (1292, "Incorrect date value: 'NaT' for column 'implementation_dat' at row 1")
2025-08-16 12:37:13,185 - WARNING - ⚠️ 获取所有股票的分红派息数据: (1292, "Incorrect date value: 'NaT' for column 'shareholders_meeting_date' at row 1")
2025-08-16 12:37:13,336 - WARNING - ⚠️ 获取所有股票的分红派息数据: (1292, "Incorrect date value: 'NaT' for column 'implementation_dat' at row 1")
2025-08-16 12:37:13,475 - WARNING - ⚠️ 获取所有股票的分红派息数据: (1292, "Incorrect date value: 'NaT' for column 'implementation_dat' at row 1")
2025-08-16 12:37:13,643 - WARNING - ⚠️ 获取所有股票的分红派息数据: (1292, "Incorrect date value: 'NaT' for column 'implementation_dat' at row 1")
2025-08-16 12:37:13,797 - WARNING - ⚠️ 获取所有股票的分红派息数据: (1292, "Incorrect date value: 'NaT' for column 'implementation_dat' at row 1")
2025-08-16 12:37:13,962 - WARNING - ⚠️ 获取所有股票的分红派息数据: (1292, "Incorrect date value: 'NaT' for column 'shareholders_meeting_date' at row 1")
2025-08-16 12:37:14,165 - INFO - 数据库连接已关闭
2025-08-16 12:39:42,411 - INFO - 🌟 每周数据更新程序启动
2025-08-16 12:39:42,411 - INFO - 🚀 开始每周数据更新...
2025-08-16 12:39:42,411 - INFO - ============================================================
2025-08-16 12:39:42,421 - INFO - ✅ 成功连接到MySQL数据库
2025-08-16 12:39:42,421 - INFO - 📊 开始获取所有股票的分红派息数据...
2025-08-16 12:39:42,531 - INFO - 获取股票代码，开始处理
2025-08-16 12:39:42,711 - WARNING - ⚠️ 获取所有股票的分红派息数据: (1292, "Incorrect date value: 'NaT' for column 'implementation_date' at row 1")
2025-08-16 12:39:42,861 - WARNING - ⚠️ 获取所有股票的分红派息数据: (1292, "Incorrect date value: 'NaT' for column 'shareholders_meeting_date' at row 1")
2025-08-16 12:39:43,017 - WARNING - ⚠️ 获取所有股票的分红派息数据: (1292, "Incorrect date value: 'NaT' for column 'implementation_date' at row 1")
2025-08-16 12:39:43,177 - WARNING - ⚠️ 获取所有股票的分红派息数据: (1292, "Incorrect date value: 'NaT' for column 'shareholders_meeting_date' at row 1")
2025-08-16 12:39:43,324 - WARNING - ⚠️ 获取所有股票的分红派息数据: (1292, "Incorrect date value: 'NaT' for column 'shareholders_meeting_date' at row 1")
2025-08-16 12:39:43,490 - WARNING - ⚠️ 获取所有股票的分红派息数据: (1292, "Incorrect date value: 'NaT' for column 'shareholders_meeting_date' at row 1")
2025-08-16 12:39:43,651 - WARNING - ⚠️ 获取所有股票的分红派息数据: (1292, "Incorrect date value: 'NaT' for column 'shareholders_meeting_date' at row 1")
2025-08-16 12:39:43,807 - WARNING - ⚠️ 获取所有股票的分红派息数据: (1292, "Incorrect date value: 'NaT' for column 'implementation_date' at row 1")
2025-08-16 12:39:43,971 - WARNING - ⚠️ 获取所有股票的分红派息数据: (1292, "Incorrect date value: 'NaT' for column 'implementation_date' at row 1")
2025-08-16 12:39:44,132 - WARNING - ⚠️ 获取所有股票的分红派息数据: (1292, "Incorrect date value: 'NaT' for column 'shareholders_meeting_date' at row 1")
2025-08-16 12:39:44,302 - WARNING - ⚠️ 获取所有股票的分红派息数据: (1292, "Incorrect date value: 'NaT' for column 'implementation_date' at row 1")
2025-08-16 12:39:44,411 - INFO - 数据库连接已关闭
2025-08-16 12:43:05,007 - INFO - 🌟 每周数据更新程序启动
2025-08-16 12:43:05,007 - INFO - 🚀 开始每周数据更新...
2025-08-16 12:43:05,007 - INFO - ============================================================
2025-08-16 12:43:05,007 - INFO - ✅ 成功连接到MySQL数据库
2025-08-16 12:43:05,016 - INFO - 📊 开始获取所有股票的分红派息数据...
2025-08-16 12:43:05,118 - INFO - 获取股票代码，开始处理
2025-08-16 12:43:05,368 - WARNING - ⚠️ 获取所有股票的分红派息数据: (1292, "Incorrect date value: 'NaT' for column 'ashare_record_date' at row 1")
2025-08-16 12:43:05,726 - WARNING - ⚠️ 获取所有股票的分红派息数据: (1292, "Incorrect date value: 'NaT' for column 'ashare_record_date' at row 1")
2025-08-16 12:43:05,950 - WARNING - ⚠️ 获取所有股票的分红派息数据: (1292, "Incorrect date value: 'NaT' for column 'ashare_record_date' at row 1")
2025-08-16 12:43:06,237 - WARNING - ⚠️ 获取所有股票的分红派息数据: (1292, "Incorrect date value: 'NaT' for column 'ashare_record_date' at row 1")
2025-08-16 12:43:06,512 - WARNING - ⚠️ 获取所有股票的分红派息数据: (1292, "Incorrect date value: 'NaT' for column 'ashare_record_date' at row 1")
2025-08-16 12:43:06,737 - WARNING - ⚠️ 获取所有股票的分红派息数据: (1292, "Incorrect date value: 'NaT' for column 'ashare_record_date' at row 1")
2025-08-16 12:43:06,982 - WARNING - ⚠️ 获取所有股票的分红派息数据: (1292, "Incorrect date value: 'NaT' for column 'ashare_ex_date' at row 1")
2025-08-16 12:43:07,239 - WARNING - ⚠️ 获取所有股票的分红派息数据: (1292, "Incorrect date value: 'NaT' for column 'ashare_record_date' at row 1")
2025-08-16 12:43:07,468 - WARNING - ⚠️ 获取所有股票的分红派息数据: (1292, "Incorrect date value: 'NaT' for column 'ashare_record_date' at row 1")
2025-08-16 12:43:07,706 - WARNING - ⚠️ 获取所有股票的分红派息数据: (1292, "Incorrect date value: 'NaT' for column 'ashare_record_date' at row 1")
2025-08-16 12:43:07,936 - WARNING - ⚠️ 获取所有股票的分红派息数据: (1292, "Incorrect date value: 'NaT' for column 'ashare_record_date' at row 1")
2025-08-16 12:43:08,186 - WARNING - ⚠️ 获取所有股票的分红派息数据: (1292, "Incorrect date value: 'NaT' for column 'ashare_record_date' at row 1")
2025-08-16 12:43:08,381 - WARNING - ⚠️ 获取所有股票的分红派息数据: (1292, "Incorrect date value: 'NaT' for column 'ashare_record_date' at row 1")
2025-08-16 12:43:08,606 - WARNING - ⚠️ 获取所有股票的分红派息数据: (1292, "Incorrect date value: 'NaT' for column 'ashare_record_date' at row 1")
2025-08-16 12:43:08,829 - WARNING - ⚠️ 获取所有股票的分红派息数据: (1292, "Incorrect date value: 'NaT' for column 'ashare_record_date' at row 1")
2025-08-16 12:43:09,046 - INFO - 数据库连接已关闭
2025-08-16 12:44:01,030 - INFO - 🌟 每周数据更新程序启动
2025-08-16 12:44:01,030 - INFO - 🚀 开始每周数据更新...
2025-08-16 12:44:01,030 - INFO - ============================================================
2025-08-16 12:44:01,035 - INFO - ✅ 成功连接到MySQL数据库
2025-08-16 12:44:01,035 - INFO - 📊 开始获取所有股票的分红派息数据...
2025-08-16 12:44:01,160 - INFO - 获取股票代码，开始处理
2025-08-16 12:44:19,941 - INFO - 📈 已处理 50/6 只概念，成功 50 只
2025-08-16 12:44:38,644 - INFO - 📈 已处理 100/6 只概念，成功 100 只
2025-08-16 12:44:46,059 - WARNING - ⚠️ 获取所有股票的分红派息数据: (1406, "Data too long for column 'dividend_plan_desc' at row 1")
2025-08-16 12:44:51,866 - INFO - 数据库连接已关闭
2025-08-16 12:46:19,442 - INFO - 🌟 每周数据更新程序启动
2025-08-16 12:46:19,442 - INFO - 🚀 开始每周数据更新...
2025-08-16 12:46:19,442 - INFO - ============================================================
2025-08-16 12:46:19,446 - INFO - ✅ 成功连接到MySQL数据库
2025-08-16 12:46:19,446 - INFO - 📊 开始获取所有股票的分红派息数据...
2025-08-16 12:46:19,557 - INFO - 获取股票代码，开始处理
2025-08-16 12:46:34,299 - INFO - 📈 已处理 50/5739 只概念，成功 50 只
2025-08-16 12:46:48,761 - INFO - 📈 已处理 100/5739 只概念，成功 100 只
2025-08-16 12:47:05,505 - INFO - 📈 已处理 150/5739 只概念，成功 150 只
2025-08-16 12:47:24,993 - INFO - 📈 已处理 200/5739 只概念，成功 200 只
2025-08-16 12:47:44,314 - INFO - 📈 已处理 250/5739 只概念，成功 250 只
2025-08-16 12:48:03,849 - INFO - 📈 已处理 300/5739 只概念，成功 300 只
2025-08-16 12:48:22,585 - INFO - 📈 已处理 350/5739 只概念，成功 350 只
2025-08-16 12:48:41,172 - INFO - 📈 已处理 400/5739 只概念，成功 400 只
2025-08-16 12:48:59,703 - INFO - 📈 已处理 450/5739 只概念，成功 450 只
2025-08-16 12:49:18,332 - INFO - 📈 已处理 500/5739 只概念，成功 500 只
2025-08-16 12:49:26,117 - WARNING - ⚠️ 获取所有股票的分红派息数据: No tables found
2025-08-16 12:49:35,279 - INFO - 📈 已处理 550/5739 只概念，成功 549 只
2025-08-16 12:49:51,992 - INFO - 📈 已处理 600/5739 只概念，成功 599 只
2025-08-16 12:49:53,005 - WARNING - ⚠️ 获取所有股票的分红派息数据: No tables found
2025-08-16 12:50:09,949 - INFO - 📈 已处理 650/5739 只概念，成功 648 只
2025-08-16 12:50:27,968 - INFO - 📈 已处理 700/5739 只概念，成功 698 只
2025-08-16 12:50:46,266 - INFO - 📈 已处理 750/5739 只概念，成功 748 只
2025-08-16 12:51:04,831 - INFO - 📈 已处理 800/5739 只概念，成功 798 只
2025-08-16 12:51:22,643 - INFO - 📈 已处理 850/5739 只概念，成功 848 只
2025-08-16 12:51:40,976 - INFO - 📈 已处理 900/5739 只概念，成功 898 只
2025-08-16 12:51:59,225 - INFO - 📈 已处理 950/5739 只概念，成功 948 只
2025-08-16 12:52:21,493 - INFO - 📈 已处理 1000/5739 只概念，成功 998 只
2025-08-16 12:52:42,996 - INFO - 📈 已处理 1050/5739 只概念，成功 1048 只
2025-08-16 12:53:19,684 - INFO - 📈 已处理 1100/5739 只概念，成功 1098 只
2025-08-16 12:53:42,091 - INFO - 📈 已处理 1150/5739 只概念，成功 1148 只
2025-08-16 12:54:04,371 - INFO - 📈 已处理 1200/5739 只概念，成功 1198 只
2025-08-16 12:54:23,980 - INFO - 📈 已处理 1250/5739 只概念，成功 1248 只
2025-08-16 12:55:03,531 - INFO - 📈 已处理 1300/5739 只概念，成功 1298 只
2025-08-16 12:55:21,869 - INFO - 📈 已处理 1350/5739 只概念，成功 1348 只
2025-08-16 12:55:41,868 - INFO - 📈 已处理 1400/5739 只概念，成功 1398 只
2025-08-16 12:56:00,921 - INFO - 📈 已处理 1450/5739 只概念，成功 1448 只
2025-08-16 12:56:18,178 - INFO - 📈 已处理 1500/5739 只概念，成功 1498 只
2025-08-16 12:56:35,577 - INFO - 📈 已处理 1550/5739 只概念，成功 1548 只
2025-08-16 12:56:52,891 - INFO - 📈 已处理 1600/5739 只概念，成功 1598 只
2025-08-16 12:57:10,369 - INFO - 📈 已处理 1650/5739 只概念，成功 1648 只
2025-08-16 12:57:28,187 - INFO - 📈 已处理 1700/5739 只概念，成功 1698 只
2025-08-16 12:57:45,915 - INFO - 📈 已处理 1750/5739 只概念，成功 1748 只
2025-08-16 12:58:03,698 - INFO - 📈 已处理 1800/5739 只概念，成功 1798 只
2025-08-16 12:58:21,583 - INFO - 📈 已处理 1850/5739 只概念，成功 1848 只
2025-08-16 12:58:39,262 - INFO - 📈 已处理 1900/5739 只概念，成功 1898 只
2025-08-16 12:58:56,992 - INFO - 📈 已处理 1950/5739 只概念，成功 1948 只
2025-08-16 12:59:15,664 - INFO - 📈 已处理 2000/5739 只概念，成功 1998 只
2025-08-16 12:59:33,802 - INFO - 📈 已处理 2050/5739 只概念，成功 2048 只
2025-08-16 12:59:51,702 - INFO - 📈 已处理 2100/5739 只概念，成功 2098 只
2025-08-16 13:00:09,309 - INFO - 📈 已处理 2150/5739 只概念，成功 2148 只
2025-08-16 13:00:27,851 - INFO - 📈 已处理 2200/5739 只概念，成功 2198 只
2025-08-16 13:00:45,777 - INFO - 📈 已处理 2250/5739 只概念，成功 2248 只
2025-08-16 13:01:03,531 - INFO - 📈 已处理 2300/5739 只概念，成功 2298 只
2025-08-16 13:01:21,242 - INFO - 📈 已处理 2350/5739 只概念，成功 2348 只
2025-08-16 13:01:38,805 - INFO - 📈 已处理 2400/5739 只概念，成功 2398 只
2025-08-16 13:01:55,925 - INFO - 📈 已处理 2450/5739 只概念，成功 2448 只
2025-08-16 13:02:13,297 - INFO - 📈 已处理 2500/5739 只概念，成功 2498 只
2025-08-16 13:02:31,336 - INFO - 📈 已处理 2550/5739 只概念，成功 2548 只
2025-08-16 13:02:48,644 - INFO - 📈 已处理 2600/5739 只概念，成功 2598 只
2025-08-16 13:03:05,654 - INFO - 📈 已处理 2650/5739 只概念，成功 2648 只
2025-08-16 13:03:22,842 - INFO - 📈 已处理 2700/5739 只概念，成功 2698 只
2025-08-16 13:03:39,989 - INFO - 📈 已处理 2750/5739 只概念，成功 2748 只
2025-08-16 13:03:57,217 - INFO - 📈 已处理 2800/5739 只概念，成功 2798 只
2025-08-16 13:04:13,931 - INFO - 📈 已处理 2850/5739 只概念，成功 2848 只
2025-08-16 13:04:31,636 - INFO - 📈 已处理 2900/5739 只概念，成功 2898 只
2025-08-16 13:04:48,294 - INFO - 📈 已处理 2950/5739 只概念，成功 2948 只
2025-08-16 13:04:51,418 - WARNING - ⚠️ 获取所有股票的分红派息数据: No tables found
2025-08-16 13:05:04,575 - WARNING - ⚠️ 获取所有股票的分红派息数据: No tables found
2025-08-16 13:05:05,123 - INFO - 📈 已处理 3000/5739 只概念，成功 2996 只
2025-08-16 13:05:17,051 - WARNING - ⚠️ 获取所有股票的分红派息数据: No tables found
2025-08-16 13:05:17,581 - WARNING - ⚠️ 获取所有股票的分红派息数据: No tables found
2025-08-16 13:05:19,466 - WARNING - ⚠️ 获取所有股票的分红派息数据: No tables found
2025-08-16 13:05:22,722 - INFO - 📈 已处理 3050/5739 只概念，成功 3043 只
2025-08-16 13:05:41,011 - INFO - 📈 已处理 3100/5739 只概念，成功 3093 只
2025-08-16 13:05:59,940 - INFO - 📈 已处理 3150/5739 只概念，成功 3143 只
2025-08-16 13:06:19,010 - INFO - 📈 已处理 3200/5739 只概念，成功 3193 只
2025-08-16 13:06:37,834 - INFO - 📈 已处理 3250/5739 只概念，成功 3243 只
2025-08-16 13:06:56,634 - INFO - 📈 已处理 3300/5739 只概念，成功 3293 只
2025-08-16 13:07:14,561 - INFO - 📈 已处理 3350/5739 只概念，成功 3343 只
2025-08-16 13:07:33,160 - INFO - 📈 已处理 3400/5739 只概念，成功 3393 只
2025-08-16 13:07:51,642 - INFO - 📈 已处理 3450/5739 只概念，成功 3443 只
2025-08-16 13:08:09,516 - INFO - 📈 已处理 3500/5739 只概念，成功 3493 只
2025-08-16 13:08:28,239 - INFO - 📈 已处理 3550/5739 只概念，成功 3543 只
2025-08-16 13:08:46,846 - INFO - 📈 已处理 3600/5739 只概念，成功 3593 只
2025-08-16 13:09:05,112 - INFO - 📈 已处理 3650/5739 只概念，成功 3643 只
2025-08-16 13:09:23,915 - INFO - 📈 已处理 3700/5739 只概念，成功 3693 只
2025-08-16 13:09:42,298 - INFO - 📈 已处理 3750/5739 只概念，成功 3743 只
2025-08-16 13:10:00,844 - INFO - 📈 已处理 3800/5739 只概念，成功 3793 只
2025-08-16 13:10:16,636 - WARNING - ⚠️ 获取所有股票的分红派息数据: '董事会日期'
2025-08-16 13:10:19,154 - INFO - 📈 已处理 3850/5739 只概念，成功 3842 只
2025-08-16 13:10:33,019 - WARNING - ⚠️ 获取所有股票的分红派息数据: No tables found
2025-08-16 13:10:36,703 - INFO - 📈 已处理 3900/5739 只概念，成功 3891 只
2025-08-16 13:10:54,573 - INFO - 📈 已处理 3950/5739 只概念，成功 3941 只
2025-08-16 13:11:11,909 - INFO - 📈 已处理 4000/5739 只概念，成功 3991 只
2025-08-16 13:11:29,362 - INFO - 📈 已处理 4050/5739 只概念，成功 4041 只
2025-08-16 13:11:47,022 - INFO - 📈 已处理 4100/5739 只概念，成功 4091 只
2025-08-16 13:12:04,777 - INFO - 📈 已处理 4150/5739 只概念，成功 4141 只
2025-08-16 13:12:15,161 - WARNING - ⚠️ 获取所有股票的分红派息数据: No tables found
2025-08-16 13:12:22,531 - INFO - 📈 已处理 4200/5739 只概念，成功 4190 只
2025-08-16 13:12:39,463 - INFO - 📈 已处理 4250/5739 只概念，成功 4240 只
2025-08-16 13:12:56,532 - INFO - 📈 已处理 4300/5739 只概念，成功 4290 只
2025-08-16 13:13:11,662 - WARNING - ⚠️ 获取所有股票的分红派息数据: No tables found
2025-08-16 13:13:13,623 - INFO - 📈 已处理 4350/5739 只概念，成功 4339 只
2025-08-16 13:13:23,661 - WARNING - ⚠️ 获取所有股票的分红派息数据: No tables found
2025-08-16 13:13:30,721 - INFO - 📈 已处理 4400/5739 只概念，成功 4388 只
2025-08-16 13:13:47,871 - INFO - 📈 已处理 4450/5739 只概念，成功 4438 只
2025-08-16 13:13:54,751 - WARNING - ⚠️ 获取所有股票的分红派息数据: No tables found
2025-08-16 13:14:00,111 - WARNING - ⚠️ 获取所有股票的分红派息数据: No tables found
2025-08-16 13:14:04,800 - INFO - 📈 已处理 4500/5739 只概念，成功 4486 只
2025-08-16 13:14:22,190 - INFO - 📈 已处理 4550/5739 只概念，成功 4536 只
2025-08-16 13:14:39,570 - INFO - 📈 已处理 4600/5739 只概念，成功 4586 只
2025-08-16 13:14:56,641 - INFO - 📈 已处理 4650/5739 只概念，成功 4636 只
2025-08-16 13:15:13,997 - INFO - 📈 已处理 4700/5739 只概念，成功 4686 只
2025-08-16 13:15:31,138 - INFO - 📈 已处理 4750/5739 只概念，成功 4736 只
2025-08-16 13:15:48,758 - INFO - 📈 已处理 4800/5739 只概念，成功 4786 只
2025-08-16 13:16:05,718 - INFO - 📈 已处理 4850/5739 只概念，成功 4836 只
2025-08-16 13:16:22,817 - INFO - 📈 已处理 4900/5739 只概念，成功 4886 只
2025-08-16 13:16:39,807 - INFO - 📈 已处理 4950/5739 只概念，成功 4936 只
2025-08-16 13:16:56,903 - INFO - 📈 已处理 5000/5739 只概念，成功 4986 只
2025-08-16 13:17:13,747 - INFO - 📈 已处理 5050/5739 只概念，成功 5036 只
2025-08-16 13:17:31,647 - INFO - 📈 已处理 5100/5739 只概念，成功 5086 只
2025-08-16 13:17:49,809 - WARNING - ⚠️ 获取所有股票的分红派息数据: No tables found
2025-08-16 13:18:03,528 - INFO - 📈 已处理 5150/5739 只概念，成功 5135 只
2025-08-16 13:18:21,016 - INFO - 📈 已处理 5200/5739 只概念，成功 5185 只
2025-08-16 13:18:38,256 - INFO - 📈 已处理 5250/5739 只概念，成功 5235 只
2025-08-16 13:18:59,967 - INFO - 📈 已处理 5300/5739 只概念，成功 5285 只
2025-08-16 13:19:17,108 - INFO - 📈 已处理 5350/5739 只概念，成功 5335 只
2025-08-16 13:19:34,336 - INFO - 📈 已处理 5400/5739 只概念，成功 5385 只
2025-08-16 13:19:50,967 - INFO - 📈 已处理 5450/5739 只概念，成功 5435 只
2025-08-16 13:19:51,298 - WARNING - ⚠️ 获取所有股票的分红派息数据: No tables found
2025-08-16 13:19:52,848 - WARNING - ⚠️ 获取所有股票的分红派息数据: No tables found
2025-08-16 13:19:55,055 - WARNING - ⚠️ 获取所有股票的分红派息数据: No tables found
2025-08-16 13:20:12,642 - INFO - 📈 已处理 5500/5739 只概念，成功 5482 只
2025-08-16 13:20:30,578 - INFO - 📈 已处理 5550/5739 只概念，成功 5532 只
2025-08-16 13:20:48,263 - INFO - 📈 已处理 5600/5739 只概念，成功 5582 只
2025-08-16 13:21:06,110 - INFO - 📈 已处理 5650/5739 只概念，成功 5632 只
2025-08-16 13:21:24,999 - INFO - 📈 已处理 5700/5739 只概念，成功 5682 只
2025-08-16 13:21:39,484 - INFO - ✅ 本周获取所有股票的分红派息数据: 5721 条记录
2025-08-16 13:21:39,485 - INFO - ============================================================
2025-08-16 13:21:39,485 - INFO - 📊 本周数据更新统计
2025-08-16 13:21:39,485 - INFO - ============================================================
2025-08-16 13:21:39,485 - INFO - ⏱️  更新耗时: 0:35:20.043296
2025-08-16 13:21:39,485 - INFO - 📈 实时行情: 0 条
2025-08-16 13:21:39,485 - INFO - 📊 本周K线: 5,721 条
2025-08-16 13:21:39,486 - INFO - 📅 交易日历: 0 条
2025-08-16 13:21:39,486 - INFO - ✅ 无错误
2025-08-16 13:21:39,486 - INFO - ============================================================
2025-08-16 13:21:39,495 - INFO - 🎉 本周数据更新完成！
2025-08-16 13:21:39,496 - INFO - 数据库连接已关闭
2025-08-16 13:21:39,496 - INFO - ✅ 每周数据更新成功完成
2025-08-16 13:21:48,564 - INFO - 🌟 每周数据更新程序启动
2025-08-16 13:21:48,564 - INFO - 🚀 开始每周数据更新...
2025-08-16 13:21:48,564 - INFO - ============================================================
2025-08-16 13:21:48,573 - INFO - ✅ 成功连接到MySQL数据库
2025-08-16 13:21:48,573 - INFO - 📊 开始更新近7个自然日K线数据）...
2025-08-16 13:21:48,603 - INFO - 📊 准备更新 5739 只股票的近7个自然日K线数据
2025-08-16 13:23:24,824 - WARNING - ⚠️ 001213 中铁特货 K线更新失败: ('Connection aborted.', RemoteDisconnected('Remote end closed connection without response'))
2025-08-16 13:23:24,949 - WARNING - ⚠️ 001215 千味央厨 K线更新失败: ('Connection aborted.', RemoteDisconnected('Remote end closed connection without response'))
2025-08-16 13:23:25,074 - WARNING - ⚠️ 001216 华瓷股份 K线更新失败: ('Connection aborted.', RemoteDisconnected('Remote end closed connection without response'))
2025-08-16 13:23:25,198 - WARNING - ⚠️ 001217 华尔泰 K线更新失败: ('Connection aborted.', RemoteDisconnected('Remote end closed connection without response'))
2025-08-16 13:23:25,329 - WARNING - ⚠️ 001218 丽臣实业 K线更新失败: ('Connection aborted.', RemoteDisconnected('Remote end closed connection without response'))
2025-08-16 13:23:25,467 - WARNING - ⚠️ 001219 青岛食品 K线更新失败: ('Connection aborted.', RemoteDisconnected('Remote end closed connection without response'))
2025-08-16 13:23:25,586 - WARNING - ⚠️ 001221 悍高集团 K线更新失败: ('Connection aborted.', RemoteDisconnected('Remote end closed connection without response'))
2025-08-16 13:23:25,703 - WARNING - ⚠️ 001222 源飞宠物 K线更新失败: ('Connection aborted.', RemoteDisconnected('Remote end closed connection without response'))
2025-08-16 13:23:25,845 - WARNING - ⚠️ 001223 欧克科技 K线更新失败: ('Connection aborted.', RemoteDisconnected('Remote end closed connection without response'))
2025-08-16 13:23:25,972 - WARNING - ⚠️ 001225 和泰机电 K线更新失败: ('Connection aborted.', RemoteDisconnected('Remote end closed connection without response'))
2025-08-16 13:23:26,100 - WARNING - ⚠️ 001226 拓山重工 K线更新失败: ('Connection aborted.', RemoteDisconnected('Remote end closed connection without response'))
2025-08-16 13:23:26,229 - WARNING - ⚠️ 001227 兰州银行 K线更新失败: ('Connection aborted.', RemoteDisconnected('Remote end closed connection without response'))
2025-08-16 13:23:26,354 - WARNING - ⚠️ 001228 永泰运 K线更新失败: ('Connection aborted.', RemoteDisconnected('Remote end closed connection without response'))
2025-08-16 13:23:26,483 - WARNING - ⚠️ 001229 魅视科技 K线更新失败: ('Connection aborted.', RemoteDisconnected('Remote end closed connection without response'))
2025-08-16 13:23:26,620 - WARNING - ⚠️ 001230 劲旅环境 K线更新失败: ('Connection aborted.', RemoteDisconnected('Remote end closed connection without response'))
2025-08-16 13:23:26,752 - WARNING - ⚠️ 001231 农心科技 K线更新失败: ('Connection aborted.', RemoteDisconnected('Remote end closed connection without response'))
2025-08-16 13:23:26,866 - WARNING - ⚠️ 001234 泰慕士 K线更新失败: ('Connection aborted.', RemoteDisconnected('Remote end closed connection without response'))
2025-08-16 13:23:26,982 - WARNING - ⚠️ 001236 弘业期货 K线更新失败: ('Connection aborted.', RemoteDisconnected('Remote end closed connection without response'))
2025-08-16 13:23:27,094 - WARNING - ⚠️ 001238 浙江正特 K线更新失败: ('Connection aborted.', RemoteDisconnected('Remote end closed connection without response'))
2025-08-16 13:23:27,210 - WARNING - ⚠️ 001239 永达股份 K线更新失败: ('Connection aborted.', RemoteDisconnected('Remote end closed connection without response'))
2025-08-16 13:23:27,347 - WARNING - ⚠️ 001255 博菲电气 K线更新失败: ('Connection aborted.', RemoteDisconnected('Remote end closed connection without response'))
2025-08-16 13:23:27,464 - WARNING - ⚠️ 001256 炜冈科技 K线更新失败: ('Connection aborted.', RemoteDisconnected('Remote end closed connection without response'))
2025-08-16 13:23:27,641 - WARNING - ⚠️ 001258 立新能源 K线更新失败: ('Connection aborted.', RemoteDisconnected('Remote end closed connection without response'))
2025-08-16 13:23:27,779 - WARNING - ⚠️ 001259 利仁科技 K线更新失败: ('Connection aborted.', RemoteDisconnected('Remote end closed connection without response'))
2025-08-16 13:23:27,915 - WARNING - ⚠️ 001260 坤泰股份 K线更新失败: ('Connection aborted.', RemoteDisconnected('Remote end closed connection without response'))
2025-08-16 13:23:28,036 - WARNING - ⚠️ 001266 宏英智能 K线更新失败: ('Connection aborted.', RemoteDisconnected('Remote end closed connection without response'))
2025-08-16 13:23:28,169 - WARNING - ⚠️ 001267 汇绿生态 K线更新失败: ('Connection aborted.', RemoteDisconnected('Remote end closed connection without response'))
2025-08-16 13:23:28,293 - WARNING - ⚠️ 001268 联合精密 K线更新失败: ('Connection aborted.', RemoteDisconnected('Remote end closed connection without response'))
2025-08-16 13:23:28,412 - WARNING - ⚠️ 001269 欧晶科技 K线更新失败: ('Connection aborted.', RemoteDisconnected('Remote end closed connection without response'))
2025-08-16 13:23:28,540 - WARNING - ⚠️ 001270 *ST铖昌 K线更新失败: ('Connection aborted.', RemoteDisconnected('Remote end closed connection without response'))
2025-08-16 13:23:28,658 - WARNING - ⚠️ 001277 速达股份 K线更新失败: ('Connection aborted.', RemoteDisconnected('Remote end closed connection without response'))
2025-08-16 13:23:28,779 - WARNING - ⚠️ 001278 一彬科技 K线更新失败: ('Connection aborted.', RemoteDisconnected('Remote end closed connection without response'))
2025-08-16 13:23:28,909 - WARNING - ⚠️ 001279 强邦新材 K线更新失败: ('Connection aborted.', RemoteDisconnected('Remote end closed connection without response'))
2025-08-16 13:23:29,030 - WARNING - ⚠️ 001282 三联锻造 K线更新失败: ('Connection aborted.', RemoteDisconnected('Remote end closed connection without response'))
2025-08-16 13:23:29,168 - WARNING - ⚠️ 001283 豪鹏科技 K线更新失败: ('Connection aborted.', RemoteDisconnected('Remote end closed connection without response'))
2025-08-16 13:23:29,290 - WARNING - ⚠️ 001286 陕西能源 K线更新失败: ('Connection aborted.', RemoteDisconnected('Remote end closed connection without response'))
2025-08-16 13:23:29,422 - WARNING - ⚠️ 001287 中电港 K线更新失败: ('Connection aborted.', RemoteDisconnected('Remote end closed connection without response'))
2025-08-16 13:23:29,547 - WARNING - ⚠️ 001288 运机集团 K线更新失败: ('Connection aborted.', RemoteDisconnected('Remote end closed connection without response'))
2025-08-16 13:23:29,669 - WARNING - ⚠️ 001289 龙源电力 K线更新失败: ('Connection aborted.', RemoteDisconnected('Remote end closed connection without response'))
2025-08-16 13:23:29,803 - WARNING - ⚠️ 001296 长江材料 K线更新失败: ('Connection aborted.', RemoteDisconnected('Remote end closed connection without response'))
2025-08-16 13:23:29,938 - WARNING - ⚠️ 001298 好上好 K线更新失败: ('Connection aborted.', RemoteDisconnected('Remote end closed connection without response'))
2025-08-16 13:23:30,079 - WARNING - ⚠️ 001299 美能能源 K线更新失败: ('Connection aborted.', RemoteDisconnected('Remote end closed connection without response'))
2025-08-16 13:23:30,200 - WARNING - ⚠️ 001300 三柏硕 K线更新失败: ('Connection aborted.', RemoteDisconnected('Remote end closed connection without response'))
2025-08-16 13:23:30,600 - WARNING - ⚠️ 001301 尚太科技 K线更新失败: ('Connection aborted.', RemoteDisconnected('Remote end closed connection without response'))
2025-08-16 13:23:30,731 - WARNING - ⚠️ 001306 夏厦精密 K线更新失败: ('Connection aborted.', RemoteDisconnected('Remote end closed connection without response'))
2025-08-16 13:23:30,862 - WARNING - ⚠️ 001308 康冠科技 K线更新失败: ('Connection aborted.', RemoteDisconnected('Remote end closed connection without response'))
2025-08-16 13:23:30,990 - WARNING - ⚠️ 001309 德明利 K线更新失败: ('Connection aborted.', RemoteDisconnected('Remote end closed connection without response'))
2025-08-16 13:23:31,123 - WARNING - ⚠️ 001311 多利科技 K线更新失败: ('Connection aborted.', RemoteDisconnected('Remote end closed connection without response'))
2025-08-16 13:23:31,253 - WARNING - ⚠️ 001313 粤海饲料 K线更新失败: ('Connection aborted.', RemoteDisconnected('Remote end closed connection without response'))
2025-08-16 13:23:31,383 - WARNING - ⚠️ 001314 亿道信息 K线更新失败: ('Connection aborted.', RemoteDisconnected('Remote end closed connection without response'))
2025-08-16 13:23:31,510 - WARNING - ⚠️ 001316 润贝航科 K线更新失败: ('Connection aborted.', RemoteDisconnected('Remote end closed connection without response'))
2025-08-16 13:23:31,623 - WARNING - ⚠️ 001317 三羊马 K线更新失败: ('Connection aborted.', RemoteDisconnected('Remote end closed connection without response'))
2025-08-16 13:23:31,751 - WARNING - ⚠️ 001318 阳光乳业 K线更新失败: ('Connection aborted.', RemoteDisconnected('Remote end closed connection without response'))
2025-08-16 13:23:32,179 - WARNING - ⚠️ 001319 铭科精技 K线更新失败: ('Connection aborted.', RemoteDisconnected('Remote end closed connection without response'))
2025-08-16 13:23:32,319 - WARNING - ⚠️ 001322 箭牌家居 K线更新失败: ('Connection aborted.', RemoteDisconnected('Remote end closed connection without response'))
2025-08-16 13:23:32,434 - WARNING - ⚠️ 001323 慕思股份 K线更新失败: ('Connection aborted.', RemoteDisconnected('Remote end closed connection without response'))
2025-08-16 13:23:32,553 - WARNING - ⚠️ 001324 长青科技 K线更新失败: ('Connection aborted.', RemoteDisconnected('Remote end closed connection without response'))
2025-08-16 13:23:32,675 - WARNING - ⚠️ 001326 联域股份 K线更新失败: ('Connection aborted.', RemoteDisconnected('Remote end closed connection without response'))
2025-08-16 13:23:32,807 - WARNING - ⚠️ 001328 登康口腔 K线更新失败: ('Connection aborted.', RemoteDisconnected('Remote end closed connection without response'))
2025-08-16 13:23:32,966 - WARNING - ⚠️ 001330 博纳影业 K线更新失败: ('Connection aborted.', RemoteDisconnected('Remote end closed connection without response'))
2025-08-16 13:23:33,080 - WARNING - ⚠️ 001331 胜通能源 K线更新失败: ('Connection aborted.', RemoteDisconnected('Remote end closed connection without response'))
2025-08-16 13:23:33,501 - WARNING - ⚠️ 001332 锡装股份 K线更新失败: ('Connection aborted.', RemoteDisconnected('Remote end closed connection without response'))
2025-08-16 13:23:33,616 - WARNING - ⚠️ 001333 光华股份 K线更新失败: ('Connection aborted.', RemoteDisconnected('Remote end closed connection without response'))
2025-08-16 13:23:33,738 - WARNING - ⚠️ 001335 信凯科技 K线更新失败: ('Connection aborted.', RemoteDisconnected('Remote end closed connection without response'))
2025-08-16 13:23:33,866 - WARNING - ⚠️ 001336 楚环科技 K线更新失败: ('Connection aborted.', RemoteDisconnected('Remote end closed connection without response'))
2025-08-16 13:23:34,242 - WARNING - ⚠️ 001337 四川黄金 K线更新失败: ('Connection aborted.', RemoteDisconnected('Remote end closed connection without response'))
2025-08-16 13:23:34,358 - WARNING - ⚠️ 001338 永顺泰 K线更新失败: ('Connection aborted.', RemoteDisconnected('Remote end closed connection without response'))
2025-08-16 13:23:34,484 - WARNING - ⚠️ 001339 智微智能 K线更新失败: ('Connection aborted.', RemoteDisconnected('Remote end closed connection without response'))
2025-08-16 13:23:34,616 - WARNING - ⚠️ 001356 富岭股份 K线更新失败: ('Connection aborted.', RemoteDisconnected('Remote end closed connection without response'))
2025-08-16 13:23:34,740 - WARNING - ⚠️ 001358 兴欣新材 K线更新失败: ('Connection aborted.', RemoteDisconnected('Remote end closed connection without response'))
2025-08-16 13:23:34,881 - WARNING - ⚠️ 001359 平安电工 K线更新失败: ('Connection aborted.', RemoteDisconnected('Remote end closed connection without response'))
2025-08-16 13:23:35,014 - WARNING - ⚠️ 001360 南矿集团 K线更新失败: ('Connection aborted.', RemoteDisconnected('Remote end closed connection without response'))
2025-08-16 13:23:35,150 - WARNING - ⚠️ 001366 播恩集团 K线更新失败: ('Connection aborted.', RemoteDisconnected('Remote end closed connection without response'))
2025-08-16 13:23:35,290 - WARNING - ⚠️ 001367 海森药业 K线更新失败: ('Connection aborted.', RemoteDisconnected('Remote end closed connection without response'))
2025-08-16 13:23:35,411 - WARNING - ⚠️ 001368 通达创智 K线更新失败: ('Connection aborted.', RemoteDisconnected('Remote end closed connection without response'))
2025-08-16 13:23:35,520 - WARNING - ⚠️ 001373 翔腾新材 K线更新失败: ('Connection aborted.', RemoteDisconnected('Remote end closed connection without response'))
2025-08-16 13:23:35,651 - WARNING - ⚠️ 001376 百通能源 K线更新失败: ('Connection aborted.', RemoteDisconnected('Remote end closed connection without response'))
2025-08-16 13:23:35,770 - WARNING - ⚠️ 001378 德冠新材 K线更新失败: ('Connection aborted.', RemoteDisconnected('Remote end closed connection without response'))
2025-08-16 13:23:35,900 - WARNING - ⚠️ 001379 腾达科技 K线更新失败: ('Connection aborted.', RemoteDisconnected('Remote end closed connection without response'))
2025-08-16 13:23:36,685 - WARNING - ⚠️ 001380 华纬科技 K线更新失败: ('Connection aborted.', RemoteDisconnected('Remote end closed connection without response'))
2025-08-16 13:23:36,806 - WARNING - ⚠️ 001382 新亚电缆 K线更新失败: ('Connection aborted.', RemoteDisconnected('Remote end closed connection without response'))
2025-08-16 13:23:37,252 - WARNING - ⚠️ 001387 雪祺电气 K线更新失败: ('Connection aborted.', RemoteDisconnected('Remote end closed connection without response'))
2025-08-16 13:23:37,385 - WARNING - ⚠️ 001388 信通电子 K线更新失败: ('Connection aborted.', RemoteDisconnected('Remote end closed connection without response'))
2025-08-16 13:23:37,501 - WARNING - ⚠️ 001389 广合科技 K线更新失败: ('Connection aborted.', RemoteDisconnected('Remote end closed connection without response'))
2025-08-16 13:23:37,627 - WARNING - ⚠️ 001390 古麒绒材 K线更新失败: ('Connection aborted.', RemoteDisconnected('Remote end closed connection without response'))
2025-08-16 13:23:37,750 - WARNING - ⚠️ 001391 国货航 K线更新失败: ('Connection aborted.', RemoteDisconnected('Remote end closed connection without response'))
2025-08-16 13:23:37,878 - WARNING - ⚠️ 001395 亚联机械 K线更新失败: ('Connection aborted.', RemoteDisconnected('Remote end closed connection without response'))
2025-08-16 13:23:38,005 - WARNING - ⚠️ 001400 江顺科技 K线更新失败: ('Connection aborted.', RemoteDisconnected('Remote end closed connection without response'))
2025-08-16 13:23:38,132 - WARNING - ⚠️ 001696 宗申动力 K线更新失败: ('Connection aborted.', RemoteDisconnected('Remote end closed connection without response'))
2025-08-16 13:23:38,252 - WARNING - ⚠️ 001872 招商港口 K线更新失败: ('Connection aborted.', RemoteDisconnected('Remote end closed connection without response'))
2025-08-16 13:23:38,677 - WARNING - ⚠️ 001896 豫能控股 K线更新失败: ('Connection aborted.', RemoteDisconnected('Remote end closed connection without response'))
2025-08-16 13:23:38,794 - WARNING - ⚠️ 001914 招商积余 K线更新失败: ('Connection aborted.', RemoteDisconnected('Remote end closed connection without response'))
2025-08-16 13:23:38,935 - WARNING - ⚠️ 001965 招商公路 K线更新失败: ('Connection aborted.', RemoteDisconnected('Remote end closed connection without response'))
2025-08-16 13:23:39,063 - WARNING - ⚠️ 001979 招商蛇口 K线更新失败: ('Connection aborted.', RemoteDisconnected('Remote end closed connection without response'))
2025-08-16 13:23:39,178 - WARNING - ⚠️ 002001 新和成 K线更新失败: ('Connection aborted.', RemoteDisconnected('Remote end closed connection without response'))
2025-08-16 13:23:39,301 - WARNING - ⚠️ 002002 ST鸿达 K线更新失败: ('Connection aborted.', RemoteDisconnected('Remote end closed connection without response'))
2025-08-16 13:23:39,428 - WARNING - ⚠️ 002003 伟星股份 K线更新失败: ('Connection aborted.', RemoteDisconnected('Remote end closed connection without response'))
2025-08-16 13:23:39,547 - WARNING - ⚠️ 002004 华邦健康 K线更新失败: ('Connection aborted.', RemoteDisconnected('Remote end closed connection without response'))
2025-08-16 13:23:39,662 - WARNING - ⚠️ 002005 ST德豪 K线更新失败: ('Connection aborted.', RemoteDisconnected('Remote end closed connection without response'))
2025-08-16 13:23:39,781 - WARNING - ⚠️ 002006 精工科技 K线更新失败: ('Connection aborted.', RemoteDisconnected('Remote end closed connection without response'))
2025-08-16 13:23:39,898 - WARNING - ⚠️ 002007 华兰生物 K线更新失败: ('Connection aborted.', RemoteDisconnected('Remote end closed connection without response'))
2025-08-16 13:23:40,017 - WARNING - ⚠️ 002008 大族激光 K线更新失败: ('Connection aborted.', RemoteDisconnected('Remote end closed connection without response'))
2025-08-16 13:23:40,150 - WARNING - ⚠️ 002009 天奇股份 K线更新失败: ('Connection aborted.', RemoteDisconnected('Remote end closed connection without response'))
2025-08-16 13:23:40,289 - WARNING - ⚠️ 002010 传化智联 K线更新失败: ('Connection aborted.', RemoteDisconnected('Remote end closed connection without response'))
2025-08-16 13:23:40,423 - WARNING - ⚠️ 002011 盾安环境 K线更新失败: ('Connection aborted.', RemoteDisconnected('Remote end closed connection without response'))
2025-08-16 13:23:40,556 - WARNING - ⚠️ 002012 凯恩股份 K线更新失败: ('Connection aborted.', RemoteDisconnected('Remote end closed connection without response'))
2025-08-16 13:23:40,673 - WARNING - ⚠️ 002013 中航机电 K线更新失败: ('Connection aborted.', RemoteDisconnected('Remote end closed connection without response'))
2025-08-16 13:23:40,788 - WARNING - ⚠️ 002014 永新股份 K线更新失败: ('Connection aborted.', RemoteDisconnected('Remote end closed connection without response'))
2025-08-16 13:23:40,912 - WARNING - ⚠️ 002015 协鑫能科 K线更新失败: ('Connection aborted.', RemoteDisconnected('Remote end closed connection without response'))
2025-08-16 13:23:41,038 - WARNING - ⚠️ 002016 世荣兆业 K线更新失败: ('Connection aborted.', RemoteDisconnected('Remote end closed connection without response'))
2025-08-16 13:23:41,167 - WARNING - ⚠️ 002017 东信和平 K线更新失败: ('Connection aborted.', RemoteDisconnected('Remote end closed connection without response'))
2025-08-16 13:23:41,307 - WARNING - ⚠️ 002018 华信退 K线更新失败: ('Connection aborted.', RemoteDisconnected('Remote end closed connection without response'))
2025-08-16 13:23:41,432 - WARNING - ⚠️ 002019 亿帆医药 K线更新失败: ('Connection aborted.', RemoteDisconnected('Remote end closed connection without response'))
2025-08-16 13:23:41,554 - WARNING - ⚠️ 002020 京新药业 K线更新失败: ('Connection aborted.', RemoteDisconnected('Remote end closed connection without response'))
2025-08-16 13:23:41,673 - WARNING - ⚠️ 002021 中捷资源 K线更新失败: ('Connection aborted.', RemoteDisconnected('Remote end closed connection without response'))
2025-08-16 13:23:41,801 - WARNING - ⚠️ 002022 科华生物 K线更新失败: ('Connection aborted.', RemoteDisconnected('Remote end closed connection without response'))
2025-08-16 13:23:41,931 - WARNING - ⚠️ 002023 海特高新 K线更新失败: ('Connection aborted.', RemoteDisconnected('Remote end closed connection without response'))
2025-08-16 13:23:42,059 - WARNING - ⚠️ 002024 ST易购 K线更新失败: ('Connection aborted.', RemoteDisconnected('Remote end closed connection without response'))
2025-08-16 13:23:42,198 - WARNING - ⚠️ 002025 航天电器 K线更新失败: ('Connection aborted.', RemoteDisconnected('Remote end closed connection without response'))
2025-08-16 13:23:42,311 - WARNING - ⚠️ 002026 山东威达 K线更新失败: ('Connection aborted.', RemoteDisconnected('Remote end closed connection without response'))
2025-08-16 13:23:42,443 - WARNING - ⚠️ 002027 分众传媒 K线更新失败: ('Connection aborted.', RemoteDisconnected('Remote end closed connection without response'))
2025-08-16 13:23:42,571 - WARNING - ⚠️ 002028 思源电气 K线更新失败: ('Connection aborted.', RemoteDisconnected('Remote end closed connection without response'))
2025-08-16 13:23:42,712 - WARNING - ⚠️ 002029 七匹狼 K线更新失败: ('Connection aborted.', RemoteDisconnected('Remote end closed connection without response'))
2025-08-16 13:23:42,855 - WARNING - ⚠️ 002030 达安基因 K线更新失败: ('Connection aborted.', RemoteDisconnected('Remote end closed connection without response'))
2025-08-16 13:23:42,984 - WARNING - ⚠️ 002031 巨轮智能 K线更新失败: ('Connection aborted.', RemoteDisconnected('Remote end closed connection without response'))
2025-08-16 13:23:43,102 - WARNING - ⚠️ 002032 苏泊尔 K线更新失败: ('Connection aborted.', RemoteDisconnected('Remote end closed connection without response'))
2025-08-16 13:23:43,237 - WARNING - ⚠️ 002033 丽江股份 K线更新失败: ('Connection aborted.', RemoteDisconnected('Remote end closed connection without response'))
2025-08-16 13:23:43,365 - WARNING - ⚠️ 002034 旺能环境 K线更新失败: ('Connection aborted.', RemoteDisconnected('Remote end closed connection without response'))
2025-08-16 13:23:43,480 - WARNING - ⚠️ 002035 华帝股份 K线更新失败: ('Connection aborted.', RemoteDisconnected('Remote end closed connection without response'))
2025-08-16 13:23:43,611 - WARNING - ⚠️ 002036 联创电子 K线更新失败: ('Connection aborted.', RemoteDisconnected('Remote end closed connection without response'))
2025-08-16 13:23:43,741 - WARNING - ⚠️ 002037 保利联合 K线更新失败: ('Connection aborted.', RemoteDisconnected('Remote end closed connection without response'))
2025-08-16 13:23:43,868 - WARNING - ⚠️ 002038 双鹭药业 K线更新失败: ('Connection aborted.', RemoteDisconnected('Remote end closed connection without response'))
2025-08-16 13:23:44,001 - WARNING - ⚠️ 002039 黔源电力 K线更新失败: ('Connection aborted.', RemoteDisconnected('Remote end closed connection without response'))
2025-08-16 13:23:44,122 - WARNING - ⚠️ 002040 南京港 K线更新失败: ('Connection aborted.', RemoteDisconnected('Remote end closed connection without response'))
2025-08-16 13:23:44,240 - WARNING - ⚠️ 002041 登海种业 K线更新失败: ('Connection aborted.', RemoteDisconnected('Remote end closed connection without response'))
2025-08-16 13:23:44,380 - WARNING - ⚠️ 002042 华孚时尚 K线更新失败: ('Connection aborted.', RemoteDisconnected('Remote end closed connection without response'))
2025-08-16 13:23:44,502 - WARNING - ⚠️ 002043 兔宝宝 K线更新失败: ('Connection aborted.', RemoteDisconnected('Remote end closed connection without response'))
2025-08-16 13:23:44,631 - WARNING - ⚠️ 002044 美年健康 K线更新失败: ('Connection aborted.', RemoteDisconnected('Remote end closed connection without response'))
2025-08-16 13:23:44,747 - WARNING - ⚠️ 002045 国光电器 K线更新失败: ('Connection aborted.', RemoteDisconnected('Remote end closed connection without response'))
2025-08-16 13:23:44,875 - WARNING - ⚠️ 002046 国机精工 K线更新失败: ('Connection aborted.', RemoteDisconnected('Remote end closed connection without response'))
2025-08-16 13:23:44,998 - WARNING - ⚠️ 002047 *ST宝鹰 K线更新失败: ('Connection aborted.', RemoteDisconnected('Remote end closed connection without response'))
2025-08-16 13:23:45,143 - WARNING - ⚠️ 002048 宁波华翔 K线更新失败: ('Connection aborted.', RemoteDisconnected('Remote end closed connection without response'))
2025-08-16 13:23:45,272 - WARNING - ⚠️ 002049 紫光国微 K线更新失败: ('Connection aborted.', RemoteDisconnected('Remote end closed connection without response'))
2025-08-16 13:23:45,413 - WARNING - ⚠️ 002050 三花智控 K线更新失败: ('Connection aborted.', RemoteDisconnected('Remote end closed connection without response'))
2025-08-16 13:23:45,546 - WARNING - ⚠️ 002051 中工国际 K线更新失败: ('Connection aborted.', RemoteDisconnected('Remote end closed connection without response'))
2025-08-16 13:23:45,671 - WARNING - ⚠️ 002052 同洲电子 K线更新失败: ('Connection aborted.', RemoteDisconnected('Remote end closed connection without response'))
2025-08-16 13:23:45,785 - WARNING - ⚠️ 002053 云南能投 K线更新失败: ('Connection aborted.', RemoteDisconnected('Remote end closed connection without response'))
2025-08-16 13:23:45,919 - WARNING - ⚠️ 002054 德美化工 K线更新失败: ('Connection aborted.', RemoteDisconnected('Remote end closed connection without response'))
2025-08-16 13:23:46,329 - WARNING - ⚠️ 002055 得润电子 K线更新失败: ('Connection aborted.', RemoteDisconnected('Remote end closed connection without response'))
2025-08-16 13:23:46,455 - WARNING - ⚠️ 002056 横店东磁 K线更新失败: ('Connection aborted.', RemoteDisconnected('Remote end closed connection without response'))
2025-08-16 13:23:46,573 - WARNING - ⚠️ 002057 中钢天源 K线更新失败: ('Connection aborted.', RemoteDisconnected('Remote end closed connection without response'))
2025-08-16 13:23:46,708 - WARNING - ⚠️ 002058 *ST威尔 K线更新失败: ('Connection aborted.', RemoteDisconnected('Remote end closed connection without response'))
2025-08-16 13:23:46,835 - WARNING - ⚠️ 002059 云南旅游 K线更新失败: ('Connection aborted.', RemoteDisconnected('Remote end closed connection without response'))
2025-08-16 13:23:46,968 - WARNING - ⚠️ 002060 广东建工 K线更新失败: ('Connection aborted.', RemoteDisconnected('Remote end closed connection without response'))
2025-08-16 13:23:47,080 - WARNING - ⚠️ 002061 浙江交科 K线更新失败: ('Connection aborted.', RemoteDisconnected('Remote end closed connection without response'))
2025-08-16 13:23:47,463 - WARNING - ⚠️ 002062 宏润建设 K线更新失败: ('Connection aborted.', RemoteDisconnected('Remote end closed connection without response'))
2025-08-16 13:23:47,578 - WARNING - ⚠️ 002063 远光软件 K线更新失败: ('Connection aborted.', RemoteDisconnected('Remote end closed connection without response'))
2025-08-16 13:23:48,722 - WARNING - ⚠️ 002064 华峰化学 K线更新失败: ('Connection aborted.', RemoteDisconnected('Remote end closed connection without response'))
2025-08-16 13:23:48,846 - WARNING - ⚠️ 002065 东华软件 K线更新失败: ('Connection aborted.', RemoteDisconnected('Remote end closed connection without response'))
2025-08-16 13:23:48,968 - WARNING - ⚠️ 002066 瑞泰科技 K线更新失败: ('Connection aborted.', RemoteDisconnected('Remote end closed connection without response'))
2025-08-16 13:23:49,098 - WARNING - ⚠️ 002067 景兴纸业 K线更新失败: ('Connection aborted.', RemoteDisconnected('Remote end closed connection without response'))
2025-08-16 13:23:49,228 - WARNING - ⚠️ 002068 黑猫股份 K线更新失败: ('Connection aborted.', RemoteDisconnected('Remote end closed connection without response'))
2025-08-16 13:23:49,343 - WARNING - ⚠️ 002069 獐子岛 K线更新失败: ('Connection aborted.', RemoteDisconnected('Remote end closed connection without response'))
2025-08-16 13:23:49,466 - WARNING - ⚠️ 002070 众和退 K线更新失败: ('Connection aborted.', RemoteDisconnected('Remote end closed connection without response'))
2025-08-16 13:23:49,594 - WARNING - ⚠️ 002071 长城退 K线更新失败: ('Connection aborted.', RemoteDisconnected('Remote end closed connection without response'))
2025-08-16 13:23:49,724 - WARNING - ⚠️ 002072 凯瑞德 K线更新失败: ('Connection aborted.', RemoteDisconnected('Remote end closed connection without response'))
2025-08-16 13:23:49,845 - WARNING - ⚠️ 002073 软控股份 K线更新失败: ('Connection aborted.', RemoteDisconnected('Remote end closed connection without response'))
2025-08-16 13:23:49,966 - WARNING - ⚠️ 002074 国轩高科 K线更新失败: ('Connection aborted.', RemoteDisconnected('Remote end closed connection without response'))
2025-08-16 13:23:50,085 - WARNING - ⚠️ 002075 沙钢股份 K线更新失败: ('Connection aborted.', RemoteDisconnected('Remote end closed connection without response'))
2025-08-16 13:23:50,207 - WARNING - ⚠️ 002076 *ST星光 K线更新失败: ('Connection aborted.', RemoteDisconnected('Remote end closed connection without response'))
2025-08-16 13:23:50,334 - WARNING - ⚠️ 002077 大港股份 K线更新失败: ('Connection aborted.', RemoteDisconnected('Remote end closed connection without response'))
2025-08-16 13:23:50,464 - WARNING - ⚠️ 002078 太阳纸业 K线更新失败: ('Connection aborted.', RemoteDisconnected('Remote end closed connection without response'))
2025-08-16 13:23:50,601 - WARNING - ⚠️ 002079 苏州固锝 K线更新失败: ('Connection aborted.', RemoteDisconnected('Remote end closed connection without response'))
2025-08-16 13:23:50,718 - WARNING - ⚠️ 002080 中材科技 K线更新失败: ('Connection aborted.', RemoteDisconnected('Remote end closed connection without response'))
2025-08-16 13:23:50,833 - WARNING - ⚠️ 002081 金螳螂 K线更新失败: ('Connection aborted.', RemoteDisconnected('Remote end closed connection without response'))
2025-08-16 13:23:50,952 - WARNING - ⚠️ 002082 万邦德 K线更新失败: ('Connection aborted.', RemoteDisconnected('Remote end closed connection without response'))
2025-08-16 13:23:51,074 - WARNING - ⚠️ 002083 孚日股份 K线更新失败: ('Connection aborted.', RemoteDisconnected('Remote end closed connection without response'))
2025-08-16 13:23:51,204 - WARNING - ⚠️ 002084 海鸥住工 K线更新失败: ('Connection aborted.', RemoteDisconnected('Remote end closed connection without response'))
2025-08-16 13:23:51,604 - WARNING - ⚠️ 002085 万丰奥威 K线更新失败: ('Connection aborted.', RemoteDisconnected('Remote end closed connection without response'))
2025-08-16 13:23:51,730 - WARNING - ⚠️ 002086 东方海洋 K线更新失败: ('Connection aborted.', RemoteDisconnected('Remote end closed connection without response'))
2025-08-16 13:23:51,847 - WARNING - ⚠️ 002087 新纺退 K线更新失败: ('Connection aborted.', RemoteDisconnected('Remote end closed connection without response'))
2025-08-16 13:23:51,968 - WARNING - ⚠️ 002088 鲁阳节能 K线更新失败: ('Connection aborted.', RemoteDisconnected('Remote end closed connection without response'))
2025-08-16 13:23:52,082 - WARNING - ⚠️ 002089 新海退 K线更新失败: ('Connection aborted.', RemoteDisconnected('Remote end closed connection without response'))
2025-08-16 13:23:52,205 - WARNING - ⚠️ 002090 金智科技 K线更新失败: ('Connection aborted.', RemoteDisconnected('Remote end closed connection without response'))
2025-08-16 13:23:52,338 - WARNING - ⚠️ 002091 江苏国泰 K线更新失败: ('Connection aborted.', RemoteDisconnected('Remote end closed connection without response'))
2025-08-16 13:23:52,421 - INFO - 数据库连接已关闭
2025-08-16 13:25:35,898 - INFO - 🌟 每周数据更新程序启动
2025-08-16 13:25:35,898 - INFO - 🚀 开始每周数据更新...
2025-08-16 13:25:35,898 - INFO - ============================================================
2025-08-16 13:25:35,898 - INFO - ✅ 成功连接到MySQL数据库
2025-08-16 13:25:35,898 - INFO - 📊 开始获取所有股票的分红派息数据...
2025-08-16 13:25:36,022 - INFO - 获取股票代码，开始处理
2025-08-16 13:25:54,939 - INFO - 📈 已处理 50/5739 只概念，成功 50 只
2025-08-16 13:26:13,377 - INFO - 📈 已处理 100/5739 只概念，成功 100 只
2025-08-16 13:26:31,890 - INFO - 📈 已处理 150/5739 只概念，成功 150 只
2025-08-16 13:26:50,278 - INFO - 📈 已处理 200/5739 只概念，成功 200 只
2025-08-16 13:27:09,306 - INFO - 📈 已处理 250/5739 只概念，成功 250 只
2025-08-16 13:27:27,670 - INFO - 📈 已处理 300/5739 只概念，成功 300 只
2025-08-16 13:27:46,330 - INFO - 📈 已处理 350/5739 只概念，成功 350 只
2025-08-16 13:28:05,587 - INFO - 📈 已处理 400/5739 只概念，成功 400 只
2025-08-16 13:28:25,134 - INFO - 📈 已处理 450/5739 只概念，成功 450 只
2025-08-16 13:28:43,748 - INFO - 📈 已处理 500/5739 只概念，成功 500 只
2025-08-16 13:28:51,369 - WARNING - ⚠️ 获取所有股票的分红派息数据: No tables found
2025-08-16 13:29:01,264 - INFO - 📈 已处理 550/5739 只概念，成功 549 只
2025-08-16 13:29:18,186 - INFO - 📈 已处理 600/5739 只概念，成功 599 只
2025-08-16 13:29:19,153 - WARNING - ⚠️ 获取所有股票的分红派息数据: No tables found
2025-08-16 13:29:35,936 - INFO - 📈 已处理 650/5739 只概念，成功 648 只
2025-08-16 13:29:53,920 - INFO - 📈 已处理 700/5739 只概念，成功 698 只
2025-08-16 13:30:12,456 - INFO - 📈 已处理 750/5739 只概念，成功 748 只
2025-08-16 13:30:31,248 - INFO - 📈 已处理 800/5739 只概念，成功 798 只
2025-08-16 13:30:50,300 - INFO - 📈 已处理 850/5739 只概念，成功 848 只
2025-08-16 13:31:08,525 - INFO - 📈 已处理 900/5739 只概念，成功 898 只
2025-08-16 13:31:26,530 - INFO - 📈 已处理 950/5739 只概念，成功 948 只
2025-08-16 13:31:44,393 - INFO - 📈 已处理 1000/5739 只概念，成功 998 只
2025-08-16 13:32:02,381 - INFO - 📈 已处理 1050/5739 只概念，成功 1048 只
2025-08-16 13:32:20,526 - INFO - 📈 已处理 1100/5739 只概念，成功 1098 只
2025-08-16 13:32:38,659 - INFO - 📈 已处理 1150/5739 只概念，成功 1148 只
2025-08-16 13:32:56,386 - INFO - 📈 已处理 1200/5739 只概念，成功 1198 只
2025-08-16 13:33:15,431 - INFO - 📈 已处理 1250/5739 只概念，成功 1248 只
2025-08-16 13:33:33,295 - INFO - 📈 已处理 1300/5739 只概念，成功 1298 只
2025-08-16 13:34:11,591 - INFO - 📈 已处理 1350/5739 只概念，成功 1348 只
2025-08-16 13:34:29,357 - INFO - 📈 已处理 1400/5739 只概念，成功 1398 只
2025-08-16 13:34:46,492 - INFO - 📈 已处理 1450/5739 只概念，成功 1448 只
2025-08-16 13:35:03,861 - INFO - 📈 已处理 1500/5739 只概念，成功 1498 只
2025-08-16 13:35:41,967 - INFO - 📈 已处理 1550/5739 只概念，成功 1548 只
2025-08-16 13:35:59,624 - INFO - 📈 已处理 1600/5739 只概念，成功 1598 只
2025-08-16 13:36:17,058 - INFO - 📈 已处理 1650/5739 只概念，成功 1648 只
2025-08-16 13:36:34,670 - INFO - 📈 已处理 1700/5739 只概念，成功 1698 只
2025-08-16 13:36:52,192 - INFO - 📈 已处理 1750/5739 只概念，成功 1748 只
2025-08-16 13:37:10,081 - INFO - 📈 已处理 1800/5739 只概念，成功 1798 只
2025-08-16 13:37:27,694 - INFO - 📈 已处理 1850/5739 只概念，成功 1848 只
2025-08-16 13:37:46,547 - INFO - 📈 已处理 1900/5739 只概念，成功 1898 只
2025-08-16 13:38:03,859 - INFO - 📈 已处理 1950/5739 只概念，成功 1948 只
2025-08-16 13:38:21,295 - INFO - 📈 已处理 2000/5739 只概念，成功 1998 只
2025-08-16 13:38:38,755 - INFO - 📈 已处理 2050/5739 只概念，成功 2048 只
2025-08-16 13:38:56,310 - INFO - 📈 已处理 2100/5739 只概念，成功 2098 只
2025-08-16 13:39:14,844 - INFO - 📈 已处理 2150/5739 只概念，成功 2148 只
2025-08-16 13:39:31,782 - INFO - 📈 已处理 2200/5739 只概念，成功 2198 只
2025-08-16 13:39:49,116 - INFO - 📈 已处理 2250/5739 只概念，成功 2248 只
2025-08-16 13:40:06,792 - INFO - 📈 已处理 2300/5739 只概念，成功 2298 只
2025-08-16 13:40:23,974 - INFO - 📈 已处理 2350/5739 只概念，成功 2348 只
2025-08-16 13:40:41,096 - INFO - 📈 已处理 2400/5739 只概念，成功 2398 只
2025-08-16 13:40:58,185 - INFO - 📈 已处理 2450/5739 只概念，成功 2448 只
2025-08-16 13:41:15,391 - INFO - 📈 已处理 2500/5739 只概念，成功 2498 只
2025-08-16 13:41:32,644 - INFO - 📈 已处理 2550/5739 只概念，成功 2548 只
2025-08-16 13:41:50,263 - INFO - 📈 已处理 2600/5739 只概念，成功 2598 只
2025-08-16 13:42:07,434 - INFO - 📈 已处理 2650/5739 只概念，成功 2648 只
2025-08-16 13:42:24,008 - INFO - 📈 已处理 2700/5739 只概念，成功 2698 只
2025-08-16 13:42:40,895 - INFO - 📈 已处理 2750/5739 只概念，成功 2748 只
2025-08-16 13:42:57,843 - INFO - 📈 已处理 2800/5739 只概念，成功 2798 只
2025-08-16 13:43:14,718 - INFO - 📈 已处理 2850/5739 只概念，成功 2848 只
2025-08-16 13:43:31,361 - INFO - 📈 已处理 2900/5739 只概念，成功 2898 只
2025-08-16 13:43:48,412 - INFO - 📈 已处理 2950/5739 只概念，成功 2948 只
2025-08-16 13:43:51,415 - WARNING - ⚠️ 获取所有股票的分红派息数据: No tables found
2025-08-16 13:44:04,711 - WARNING - ⚠️ 获取所有股票的分红派息数据: No tables found
2025-08-16 13:44:05,315 - INFO - 📈 已处理 3000/5739 只概念，成功 2996 只
2025-08-16 13:44:17,312 - WARNING - ⚠️ 获取所有股票的分红派息数据: No tables found
2025-08-16 13:44:17,831 - WARNING - ⚠️ 获取所有股票的分红派息数据: No tables found
2025-08-16 13:44:19,649 - WARNING - ⚠️ 获取所有股票的分红派息数据: No tables found
2025-08-16 13:44:21,602 - INFO - 📈 已处理 3050/5739 只概念，成功 3043 只
2025-08-16 13:44:39,578 - INFO - 📈 已处理 3100/5739 只概念，成功 3093 只
2025-08-16 13:44:58,455 - INFO - 📈 已处理 3150/5739 只概念，成功 3143 只
2025-08-16 13:45:16,723 - INFO - 📈 已处理 3200/5739 只概念，成功 3193 只
2025-08-16 13:45:35,264 - INFO - 📈 已处理 3250/5739 只概念，成功 3243 只
2025-08-16 13:45:53,513 - INFO - 📈 已处理 3300/5739 只概念，成功 3293 只
2025-08-16 13:46:11,864 - INFO - 📈 已处理 3350/5739 只概念，成功 3343 只
2025-08-16 13:46:29,776 - INFO - 📈 已处理 3400/5739 只概念，成功 3393 只
2025-08-16 13:46:47,856 - INFO - 📈 已处理 3450/5739 只概念，成功 3443 只
2025-08-16 13:47:06,216 - INFO - 📈 已处理 3500/5739 只概念，成功 3493 只
2025-08-16 13:47:24,222 - INFO - 📈 已处理 3550/5739 只概念，成功 3543 只
2025-08-16 13:47:42,045 - INFO - 📈 已处理 3600/5739 只概念，成功 3593 只
2025-08-16 13:48:00,674 - INFO - 📈 已处理 3650/5739 只概念，成功 3643 只
2025-08-16 13:48:19,536 - INFO - 📈 已处理 3700/5739 只概念，成功 3693 只
2025-08-16 13:48:37,947 - INFO - 📈 已处理 3750/5739 只概念，成功 3743 只
2025-08-16 13:48:56,057 - INFO - 📈 已处理 3800/5739 只概念，成功 3793 只
2025-08-16 13:49:12,270 - WARNING - ⚠️ 获取所有股票的分红派息数据: '董事会日期'
2025-08-16 13:49:14,716 - INFO - 📈 已处理 3850/5739 只概念，成功 3842 只
2025-08-16 13:49:28,449 - WARNING - ⚠️ 获取所有股票的分红派息数据: No tables found
2025-08-16 13:49:32,073 - INFO - 📈 已处理 3900/5739 只概念，成功 3891 只
2025-08-16 13:49:49,885 - INFO - 📈 已处理 3950/5739 只概念，成功 3941 只
2025-08-16 13:50:07,321 - INFO - 📈 已处理 4000/5739 只概念，成功 3991 只
2025-08-16 13:50:25,089 - INFO - 📈 已处理 4050/5739 只概念，成功 4041 只
2025-08-16 13:50:42,380 - INFO - 📈 已处理 4100/5739 只概念，成功 4091 只
2025-08-16 13:50:59,552 - INFO - 📈 已处理 4150/5739 只概念，成功 4141 只
2025-08-16 13:51:10,002 - WARNING - ⚠️ 获取所有股票的分红派息数据: No tables found
2025-08-16 13:51:16,976 - INFO - 📈 已处理 4200/5739 只概念，成功 4190 只
2025-08-16 13:51:34,452 - INFO - 📈 已处理 4250/5739 只概念，成功 4240 只
2025-08-16 13:51:51,565 - INFO - 📈 已处理 4300/5739 只概念，成功 4290 只
2025-08-16 13:52:06,712 - WARNING - ⚠️ 获取所有股票的分红派息数据: No tables found
2025-08-16 13:52:08,608 - INFO - 📈 已处理 4350/5739 只概念，成功 4339 只
2025-08-16 13:52:18,764 - WARNING - ⚠️ 获取所有股票的分红派息数据: No tables found
2025-08-16 13:52:25,650 - INFO - 📈 已处理 4400/5739 只概念，成功 4388 只
2025-08-16 13:52:42,934 - INFO - 📈 已处理 4450/5739 只概念，成功 4438 只
2025-08-16 13:52:49,701 - WARNING - ⚠️ 获取所有股票的分红派息数据: No tables found
2025-08-16 13:52:55,259 - WARNING - ⚠️ 获取所有股票的分红派息数据: No tables found
2025-08-16 13:53:00,353 - INFO - 📈 已处理 4500/5739 只概念，成功 4486 只
2025-08-16 13:53:18,112 - INFO - 📈 已处理 4550/5739 只概念，成功 4536 只
2025-08-16 13:53:36,448 - INFO - 📈 已处理 4600/5739 只概念，成功 4586 只
2025-08-16 13:53:54,449 - INFO - 📈 已处理 4650/5739 只概念，成功 4636 只
2025-08-16 13:54:11,572 - INFO - 📈 已处理 4700/5739 只概念，成功 4686 只
2025-08-16 13:54:30,399 - INFO - 📈 已处理 4750/5739 只概念，成功 4736 只
2025-08-16 13:54:47,447 - INFO - 📈 已处理 4800/5739 只概念，成功 4786 只
2025-08-16 13:55:04,430 - INFO - 📈 已处理 4850/5739 只概念，成功 4836 只
2025-08-16 13:55:22,901 - INFO - 📈 已处理 4900/5739 只概念，成功 4886 只
2025-08-16 13:55:39,826 - INFO - 📈 已处理 4950/5739 只概念，成功 4936 只
2025-08-16 13:55:56,692 - INFO - 📈 已处理 5000/5739 只概念，成功 4986 只
2025-08-16 13:56:13,763 - INFO - 📈 已处理 5050/5739 只概念，成功 5036 只
2025-08-16 13:56:30,896 - INFO - 📈 已处理 5100/5739 只概念，成功 5086 只
2025-08-16 13:56:48,603 - INFO - 📈 已处理 5150/5739 只概念，成功 5136 只
2025-08-16 13:57:05,574 - INFO - 📈 已处理 5200/5739 只概念，成功 5186 只
2025-08-16 13:57:23,594 - INFO - 📈 已处理 5250/5739 只概念，成功 5236 只
2025-08-16 13:57:40,795 - INFO - 📈 已处理 5300/5739 只概念，成功 5286 只
2025-08-16 13:57:57,757 - INFO - 📈 已处理 5350/5739 只概念，成功 5336 只
2025-08-16 13:58:14,823 - INFO - 📈 已处理 5400/5739 只概念，成功 5386 只
2025-08-16 13:58:31,643 - INFO - 📈 已处理 5450/5739 只概念，成功 5436 只
2025-08-16 13:58:31,940 - WARNING - ⚠️ 获取所有股票的分红派息数据: No tables found
2025-08-16 13:58:33,523 - WARNING - ⚠️ 获取所有股票的分红派息数据: No tables found
2025-08-16 13:58:35,752 - WARNING - ⚠️ 获取所有股票的分红派息数据: No tables found
2025-08-16 13:58:48,748 - INFO - 📈 已处理 5500/5739 只概念，成功 5483 只
2025-08-16 13:59:06,106 - INFO - 📈 已处理 5550/5739 只概念，成功 5533 只
2025-08-16 13:59:23,740 - INFO - 📈 已处理 5600/5739 只概念，成功 5583 只
2025-08-16 13:59:41,024 - INFO - 📈 已处理 5650/5739 只概念，成功 5633 只
2025-08-16 13:59:58,007 - INFO - 📈 已处理 5700/5739 只概念，成功 5683 只
2025-08-16 14:00:11,320 - INFO - ✅ 本周获取所有股票的分红派息数据: 5722 条记录
2025-08-16 14:00:11,320 - INFO - ============================================================
2025-08-16 14:00:11,320 - INFO - 📊 本周数据更新统计
2025-08-16 14:00:11,320 - INFO - ============================================================
2025-08-16 14:00:11,320 - INFO - ⏱️  更新耗时: 0:34:35.421995
2025-08-16 14:00:11,320 - INFO - 📈 实时行情: 0 条
2025-08-16 14:00:11,320 - INFO - 📊 本周K线: 5,722 条
2025-08-16 14:00:11,320 - INFO - 📅 交易日历: 0 条
2025-08-16 14:00:11,320 - INFO - ✅ 无错误
2025-08-16 14:00:11,320 - INFO - ============================================================
2025-08-16 14:00:11,320 - INFO - 🎉 本周数据更新完成！
2025-08-16 14:00:11,320 - INFO - 数据库连接已关闭
2025-08-16 14:00:11,320 - INFO - ✅ 每周数据更新成功完成
2025-08-16 14:12:00,442 - INFO - 🌟 每周数据更新程序启动
2025-08-16 14:12:00,442 - INFO - 🚀 开始每周数据更新...
2025-08-16 14:12:00,442 - INFO - ============================================================
2025-08-16 14:12:00,458 - INFO - ✅ 成功连接到MySQL数据库
2025-08-16 14:12:00,458 - INFO - 📊 开始更新近7个自然日K线数据）...
2025-08-16 14:12:00,493 - INFO - 📊 准备更新 5739 只股票的近7个自然日K线数据
2025-08-16 14:14:00,280 - WARNING - ⚠️ 000594 国恒退 K线更新失败: HTTPSConnectionPool(host='push2his.eastmoney.com', port=443): Max retries exceeded with url: /api/qt/stock/kline/get?fields1=f1%2Cf2%2Cf3%2Cf4%2Cf5%2Cf6&fields2=f51%2Cf52%2Cf53%2Cf54%2Cf55%2Cf56%2Cf57%2Cf58%2Cf59%2Cf60%2Cf61%2Cf116&ut=7eea3edcaed734bea9cbfc24409ed989&klt=101&fqt=1&secid=0.000594&beg=20250816&end=19900101 (Caused by ConnectTimeoutError(<urllib3.connection.HTTPSConnection object at 0x000001E8A1BCB7F0>, 'Connection to push2his.eastmoney.com timed out. (connect timeout=None)'))
2025-08-16 14:14:00,732 - WARNING - ⚠️ 000595 *ST宝实 K线更新失败: ('Connection aborted.', RemoteDisconnected('Remote end closed connection without response'))
2025-08-16 14:14:03,541 - WARNING - ⚠️ 000602 金马集团 K线更新失败: ('Connection aborted.', RemoteDisconnected('Remote end closed connection without response'))
2025-08-16 14:14:04,058 - WARNING - ⚠️ 000603 盛达资源 K线更新失败: ('Connection aborted.', RemoteDisconnected('Remote end closed connection without response'))
2025-08-16 14:14:04,169 - WARNING - ⚠️ 000605 渤海股份 K线更新失败: ('Connection aborted.', RemoteDisconnected('Remote end closed connection without response'))
2025-08-16 14:14:04,285 - WARNING - ⚠️ 000606 顺利退 K线更新失败: ('Connection aborted.', RemoteDisconnected('Remote end closed connection without response'))
2025-08-16 14:14:04,417 - WARNING - ⚠️ 000607 华媒控股 K线更新失败: ('Connection aborted.', RemoteDisconnected('Remote end closed connection without response'))
2025-08-16 14:14:09,994 - INFO - 数据库连接已关闭
2025-08-16 14:15:51,349 - INFO - 🌟 每周数据更新程序启动
2025-08-16 14:15:51,349 - INFO - 🚀 开始每周数据更新...
2025-08-16 14:15:51,349 - INFO - ============================================================
2025-08-16 14:15:51,349 - INFO - ✅ 成功连接到MySQL数据库
2025-08-16 14:15:51,364 - INFO - 📊 开始更新近7个自然日K线数据）...
2025-08-16 14:15:51,388 - INFO - 📊 准备更新 5739 只股票的近7个自然日K线数据
2025-08-16 14:17:25,782 - WARNING - ⚠️ 001213 中铁特货 K线更新失败: ('Connection aborted.', RemoteDisconnected('Remote end closed connection without response'))
2025-08-16 14:17:25,929 - WARNING - ⚠️ 001215 千味央厨 K线更新失败: ('Connection aborted.', RemoteDisconnected('Remote end closed connection without response'))
2025-08-16 14:17:26,079 - WARNING - ⚠️ 001216 华瓷股份 K线更新失败: ('Connection aborted.', RemoteDisconnected('Remote end closed connection without response'))
2025-08-16 14:17:26,237 - WARNING - ⚠️ 001217 华尔泰 K线更新失败: ('Connection aborted.', RemoteDisconnected('Remote end closed connection without response'))
2025-08-16 14:17:26,393 - WARNING - ⚠️ 001218 丽臣实业 K线更新失败: ('Connection aborted.', RemoteDisconnected('Remote end closed connection without response'))
2025-08-16 14:17:26,841 - WARNING - ⚠️ 001219 青岛食品 K线更新失败: ('Connection aborted.', RemoteDisconnected('Remote end closed connection without response'))
2025-08-16 14:17:26,963 - WARNING - ⚠️ 001221 悍高集团 K线更新失败: ('Connection aborted.', RemoteDisconnected('Remote end closed connection without response'))
2025-08-16 14:17:27,129 - WARNING - ⚠️ 001222 源飞宠物 K线更新失败: ('Connection aborted.', RemoteDisconnected('Remote end closed connection without response'))
2025-08-16 14:17:27,280 - WARNING - ⚠️ 001223 欧克科技 K线更新失败: ('Connection aborted.', RemoteDisconnected('Remote end closed connection without response'))
2025-08-16 14:17:27,429 - WARNING - ⚠️ 001225 和泰机电 K线更新失败: ('Connection aborted.', RemoteDisconnected('Remote end closed connection without response'))
2025-08-16 14:17:27,580 - WARNING - ⚠️ 001226 拓山重工 K线更新失败: ('Connection aborted.', RemoteDisconnected('Remote end closed connection without response'))
2025-08-16 14:17:27,749 - WARNING - ⚠️ 001227 兰州银行 K线更新失败: ('Connection aborted.', RemoteDisconnected('Remote end closed connection without response'))
2025-08-16 14:17:27,895 - WARNING - ⚠️ 001228 永泰运 K线更新失败: ('Connection aborted.', RemoteDisconnected('Remote end closed connection without response'))
2025-08-16 14:17:28,061 - WARNING - ⚠️ 001229 魅视科技 K线更新失败: ('Connection aborted.', RemoteDisconnected('Remote end closed connection without response'))
2025-08-16 14:17:29,218 - WARNING - ⚠️ 001230 劲旅环境 K线更新失败: ('Connection aborted.', RemoteDisconnected('Remote end closed connection without response'))
2025-08-16 14:17:29,366 - WARNING - ⚠️ 001231 农心科技 K线更新失败: ('Connection aborted.', RemoteDisconnected('Remote end closed connection without response'))
2025-08-16 14:17:29,513 - WARNING - ⚠️ 001234 泰慕士 K线更新失败: ('Connection aborted.', RemoteDisconnected('Remote end closed connection without response'))
2025-08-16 14:17:29,665 - WARNING - ⚠️ 001236 弘业期货 K线更新失败: ('Connection aborted.', RemoteDisconnected('Remote end closed connection without response'))
2025-08-16 14:17:29,797 - WARNING - ⚠️ 001238 浙江正特 K线更新失败: ('Connection aborted.', RemoteDisconnected('Remote end closed connection without response'))
2025-08-16 14:17:29,947 - WARNING - ⚠️ 001239 永达股份 K线更新失败: ('Connection aborted.', RemoteDisconnected('Remote end closed connection without response'))
2025-08-16 14:17:30,115 - WARNING - ⚠️ 001255 博菲电气 K线更新失败: ('Connection aborted.', RemoteDisconnected('Remote end closed connection without response'))
2025-08-16 14:17:30,246 - WARNING - ⚠️ 001256 炜冈科技 K线更新失败: ('Connection aborted.', RemoteDisconnected('Remote end closed connection without response'))
2025-08-16 14:17:30,362 - INFO - 数据库连接已关闭
2025-08-16 14:19:11,144 - INFO - 🌟 每周数据更新程序启动
2025-08-16 14:19:11,144 - INFO - 🚀 开始每周数据更新...
2025-08-16 14:19:11,144 - INFO - ============================================================
2025-08-16 14:19:11,144 - INFO - ✅ 成功连接到MySQL数据库
2025-08-16 14:19:11,144 - INFO - 📊 开始更新近7个自然日K线数据）...
2025-08-16 14:19:11,277 - INFO - 📊 准备更新 5739 只股票的近7个自然日K线数据
2025-08-16 14:19:11,428 - WARNING - ⚠️ 000001 平安银行 K线更新失败: ('Connection aborted.', RemoteDisconnected('Remote end closed connection without response'))
2025-08-16 14:19:11,592 - WARNING - ⚠️ 000002 万科Ａ K线更新失败: ('Connection aborted.', RemoteDisconnected('Remote end closed connection without response'))
2025-08-16 14:19:11,758 - WARNING - ⚠️ 000003 PT金田A K线更新失败: ('Connection aborted.', RemoteDisconnected('Remote end closed connection without response'))
2025-08-16 14:19:11,894 - WARNING - ⚠️ 000004 *ST国华 K线更新失败: ('Connection aborted.', RemoteDisconnected('Remote end closed connection without response'))
2025-08-16 14:19:12,043 - WARNING - ⚠️ 000005 ST星源 K线更新失败: ('Connection aborted.', RemoteDisconnected('Remote end closed connection without response'))
2025-08-16 14:19:12,193 - WARNING - ⚠️ 000006 深振业Ａ K线更新失败: ('Connection aborted.', RemoteDisconnected('Remote end closed connection without response'))
2025-08-16 14:19:12,349 - WARNING - ⚠️ 000007 全新好 K线更新失败: ('Connection aborted.', RemoteDisconnected('Remote end closed connection without response'))
2025-08-16 14:19:12,495 - WARNING - ⚠️ 000008 神州高铁 K线更新失败: ('Connection aborted.', RemoteDisconnected('Remote end closed connection without response'))
2025-08-16 14:19:12,644 - WARNING - ⚠️ 000009 中国宝安 K线更新失败: ('Connection aborted.', RemoteDisconnected('Remote end closed connection without response'))
2025-08-16 14:19:12,796 - WARNING - ⚠️ 000010 美丽生态 K线更新失败: ('Connection aborted.', RemoteDisconnected('Remote end closed connection without response'))
2025-08-16 14:19:12,945 - WARNING - ⚠️ 000011 深物业A K线更新失败: ('Connection aborted.', RemoteDisconnected('Remote end closed connection without response'))
2025-08-16 14:19:13,095 - INFO - 数据库连接已关闭
2025-08-16 14:19:34,877 - INFO - 🌟 每周数据更新程序启动
2025-08-16 14:19:34,877 - INFO - 🚀 开始每周数据更新...
2025-08-16 14:19:34,877 - INFO - ============================================================
2025-08-16 14:19:34,877 - INFO - ✅ 成功连接到MySQL数据库
2025-08-16 14:19:34,877 - INFO - 📊 开始更新近7个自然日K线数据）...
2025-08-16 14:19:34,927 - INFO - 📊 准备更新 5739 只股票的近7个自然日K线数据
2025-08-16 14:19:35,178 - WARNING - ⚠️ 000001 平安银行 K线更新失败: ('Connection aborted.', RemoteDisconnected('Remote end closed connection without response'))
2025-08-16 14:19:35,444 - WARNING - ⚠️ 000002 万科Ａ K线更新失败: ('Connection aborted.', RemoteDisconnected('Remote end closed connection without response'))
2025-08-16 14:19:35,717 - WARNING - ⚠️ 000003 PT金田A K线更新失败: ('Connection aborted.', RemoteDisconnected('Remote end closed connection without response'))
2025-08-16 14:19:35,976 - WARNING - ⚠️ 000004 *ST国华 K线更新失败: ('Connection aborted.', RemoteDisconnected('Remote end closed connection without response'))
2025-08-16 14:19:36,231 - WARNING - ⚠️ 000005 ST星源 K线更新失败: ('Connection aborted.', RemoteDisconnected('Remote end closed connection without response'))
2025-08-16 14:19:36,493 - WARNING - ⚠️ 000006 深振业Ａ K线更新失败: ('Connection aborted.', RemoteDisconnected('Remote end closed connection without response'))
2025-08-16 14:19:36,747 - WARNING - ⚠️ 000007 全新好 K线更新失败: ('Connection aborted.', RemoteDisconnected('Remote end closed connection without response'))
2025-08-16 14:19:37,007 - WARNING - ⚠️ 000008 神州高铁 K线更新失败: ('Connection aborted.', RemoteDisconnected('Remote end closed connection without response'))
2025-08-16 14:19:37,244 - WARNING - ⚠️ 000009 中国宝安 K线更新失败: ('Connection aborted.', RemoteDisconnected('Remote end closed connection without response'))
2025-08-16 14:19:37,518 - WARNING - ⚠️ 000010 美丽生态 K线更新失败: ('Connection aborted.', RemoteDisconnected('Remote end closed connection without response'))
2025-08-16 14:19:37,786 - WARNING - ⚠️ 000011 深物业A K线更新失败: ('Connection aborted.', RemoteDisconnected('Remote end closed connection without response'))
2025-08-16 14:19:38,042 - WARNING - ⚠️ 000012 南玻Ａ K线更新失败: ('Connection aborted.', RemoteDisconnected('Remote end closed connection without response'))
2025-08-16 14:19:39,193 - INFO - 数据库连接已关闭
2025-08-16 14:24:17,387 - INFO - 🌟 每周数据更新程序启动
2025-08-16 14:24:17,387 - INFO - 🚀 开始每周数据更新...
2025-08-16 14:24:17,387 - INFO - ============================================================
2025-08-16 14:24:17,387 - INFO - ✅ 成功连接到MySQL数据库
2025-08-16 14:24:17,387 - INFO - 📊 开始更新近7个自然日K线数据）...
2025-08-16 14:24:17,421 - INFO - 📊 准备更新 5739 只股票的近7个自然日K线数据
2025-08-16 14:26:56,984 - WARNING - ⚠️ 000520 凤凰航运 K线更新失败: ('Connection aborted.', ConnectionResetError(10054, '远程主机强迫关闭了一个现有的连接。', None, 10054, None))
2025-08-16 14:27:00,754 - INFO - 数据库连接已关闭
2025-08-16 14:39:44,216 - INFO - 🌟 每周数据更新程序启动
2025-08-16 14:39:44,216 - INFO - 🚀 开始每周数据更新...
2025-08-16 14:39:44,216 - INFO - ============================================================
2025-08-16 14:39:44,216 - INFO - ✅ 成功连接到MySQL数据库
2025-08-16 14:39:44,216 - INFO - 📊 开始更新近7个自然日K线数据）...
2025-08-16 14:39:44,248 - INFO - 📊 准备更新 5739 只股票的近7个自然日K线数据
2025-08-16 14:39:44,363 - WARNING - ⚠️ 000001 平安银行 K线更新失败: ('Connection aborted.', ConnectionAbortedError(10053, '你的主机中的软件中止了一个已建立的连接。', None, 10053, None))
2025-08-16 14:39:44,484 - WARNING - ⚠️ 000002 万科Ａ K线更新失败: ('Connection aborted.', ConnectionAbortedError(10053, '你的主机中的软件中止了一个已建立的连接。', None, 10053, None))
2025-08-16 14:39:44,607 - WARNING - ⚠️ 000003 PT金田A K线更新失败: ('Connection aborted.', ConnectionAbortedError(10053, '你的主机中的软件中止了一个已建立的连接。', None, 10053, None))
2025-08-16 14:39:44,717 - WARNING - ⚠️ 000004 *ST国华 K线更新失败: ('Connection aborted.', ConnectionAbortedError(10053, '你的主机中的软件中止了一个已建立的连接。', None, 10053, None))
2025-08-16 14:39:44,834 - WARNING - ⚠️ 000005 ST星源 K线更新失败: ('Connection aborted.', ConnectionAbortedError(10053, '你的主机中的软件中止了一个已建立的连接。', None, 10053, None))
2025-08-16 14:39:44,936 - WARNING - ⚠️ 000006 深振业Ａ K线更新失败: ('Connection aborted.', ConnectionAbortedError(10053, '你的主机中的软件中止了一个已建立的连接。', None, 10053, None))
2025-08-16 14:39:45,056 - WARNING - ⚠️ 000007 全新好 K线更新失败: ('Connection aborted.', ConnectionAbortedError(10053, '你的主机中的软件中止了一个已建立的连接。', None, 10053, None))
2025-08-16 14:39:45,175 - WARNING - ⚠️ 000008 神州高铁 K线更新失败: ('Connection aborted.', ConnectionAbortedError(10053, '你的主机中的软件中止了一个已建立的连接。', None, 10053, None))
2025-08-16 14:39:45,299 - WARNING - ⚠️ 000009 中国宝安 K线更新失败: ('Connection aborted.', ConnectionAbortedError(10053, '你的主机中的软件中止了一个已建立的连接。', None, 10053, None))
2025-08-16 14:39:45,428 - WARNING - ⚠️ 000010 美丽生态 K线更新失败: ('Connection aborted.', ConnectionAbortedError(10053, '你的主机中的软件中止了一个已建立的连接。', None, 10053, None))
2025-08-16 14:39:45,535 - WARNING - ⚠️ 000011 深物业A K线更新失败: ('Connection aborted.', ConnectionAbortedError(10053, '你的主机中的软件中止了一个已建立的连接。', None, 10053, None))
2025-08-16 14:39:45,651 - WARNING - ⚠️ 000012 南玻Ａ K线更新失败: ('Connection aborted.', ConnectionAbortedError(10053, '你的主机中的软件中止了一个已建立的连接。', None, 10053, None))
2025-08-16 14:39:45,765 - WARNING - ⚠️ 000013 *ST石化A K线更新失败: ('Connection aborted.', ConnectionAbortedError(10053, '你的主机中的软件中止了一个已建立的连接。', None, 10053, None))
2025-08-16 14:39:45,882 - WARNING - ⚠️ 000014 沙河股份 K线更新失败: ('Connection aborted.', ConnectionAbortedError(10053, '你的主机中的软件中止了一个已建立的连接。', None, 10053, None))
2025-08-16 14:39:46,001 - WARNING - ⚠️ 000015 PT中浩A K线更新失败: ('Connection aborted.', ConnectionAbortedError(10053, '你的主机中的软件中止了一个已建立的连接。', None, 10053, None))
2025-08-16 14:39:46,120 - WARNING - ⚠️ 000016 深康佳Ａ K线更新失败: ('Connection aborted.', ConnectionAbortedError(10053, '你的主机中的软件中止了一个已建立的连接。', None, 10053, None))
2025-08-16 14:39:46,235 - WARNING - ⚠️ 000017 深中华A K线更新失败: ('Connection aborted.', ConnectionAbortedError(10053, '你的主机中的软件中止了一个已建立的连接。', None, 10053, None))
2025-08-16 14:39:46,350 - WARNING - ⚠️ 000018 神城A退 K线更新失败: ('Connection aborted.', ConnectionAbortedError(10053, '你的主机中的软件中止了一个已建立的连接。', None, 10053, None))
2025-08-16 14:39:46,475 - WARNING - ⚠️ 000019 深粮控股 K线更新失败: ('Connection aborted.', ConnectionAbortedError(10053, '你的主机中的软件中止了一个已建立的连接。', None, 10053, None))
2025-08-16 14:39:46,583 - WARNING - ⚠️ 000020 深华发Ａ K线更新失败: ('Connection aborted.', ConnectionAbortedError(10053, '你的主机中的软件中止了一个已建立的连接。', None, 10053, None))
2025-08-16 14:39:46,706 - WARNING - ⚠️ 000021 深科技 K线更新失败: ('Connection aborted.', ConnectionAbortedError(10053, '你的主机中的软件中止了一个已建立的连接。', None, 10053, None))
2025-08-16 14:39:46,815 - WARNING - ⚠️ 000023 *ST深天 K线更新失败: ('Connection aborted.', ConnectionAbortedError(10053, '你的主机中的软件中止了一个已建立的连接。', None, 10053, None))
2025-08-16 14:39:46,938 - WARNING - ⚠️ 000024 招商地产 K线更新失败: ('Connection aborted.', ConnectionAbortedError(10053, '你的主机中的软件中止了一个已建立的连接。', None, 10053, None))
2025-08-16 14:39:47,055 - WARNING - ⚠️ 000025 特力Ａ K线更新失败: ('Connection aborted.', ConnectionAbortedError(10053, '你的主机中的软件中止了一个已建立的连接。', None, 10053, None))
2025-08-16 14:39:47,166 - WARNING - ⚠️ 000026 飞亚达 K线更新失败: ('Connection aborted.', ConnectionAbortedError(10053, '你的主机中的软件中止了一个已建立的连接。', None, 10053, None))
2025-08-16 14:39:47,283 - WARNING - ⚠️ 000027 深圳能源 K线更新失败: ('Connection aborted.', ConnectionAbortedError(10053, '你的主机中的软件中止了一个已建立的连接。', None, 10053, None))
2025-08-16 14:39:47,402 - WARNING - ⚠️ 000028 国药一致 K线更新失败: ('Connection aborted.', ConnectionAbortedError(10053, '你的主机中的软件中止了一个已建立的连接。', None, 10053, None))
2025-08-16 14:39:47,515 - WARNING - ⚠️ 000029 深深房Ａ K线更新失败: ('Connection aborted.', ConnectionAbortedError(10053, '你的主机中的软件中止了一个已建立的连接。', None, 10053, None))
2025-08-16 14:39:47,620 - WARNING - ⚠️ 000030 富奥股份 K线更新失败: ('Connection aborted.', ConnectionAbortedError(10053, '你的主机中的软件中止了一个已建立的连接。', None, 10053, None))
2025-08-16 14:39:47,736 - WARNING - ⚠️ 000031 大悦城 K线更新失败: ('Connection aborted.', ConnectionAbortedError(10053, '你的主机中的软件中止了一个已建立的连接。', None, 10053, None))
2025-08-16 14:39:47,850 - WARNING - ⚠️ 000032 深桑达Ａ K线更新失败: ('Connection aborted.', ConnectionAbortedError(10053, '你的主机中的软件中止了一个已建立的连接。', None, 10053, None))
2025-08-16 14:39:47,971 - WARNING - ⚠️ 000033 新都退 K线更新失败: ('Connection aborted.', ConnectionAbortedError(10053, '你的主机中的软件中止了一个已建立的连接。', None, 10053, None))
2025-08-16 14:39:48,083 - WARNING - ⚠️ 000034 神州数码 K线更新失败: ('Connection aborted.', ConnectionAbortedError(10053, '你的主机中的软件中止了一个已建立的连接。', None, 10053, None))
2025-08-16 14:39:48,204 - WARNING - ⚠️ 000035 中国天楹 K线更新失败: ('Connection aborted.', ConnectionAbortedError(10053, '你的主机中的软件中止了一个已建立的连接。', None, 10053, None))
2025-08-16 14:39:48,317 - WARNING - ⚠️ 000036 华联控股 K线更新失败: ('Connection aborted.', ConnectionAbortedError(10053, '你的主机中的软件中止了一个已建立的连接。', None, 10053, None))
2025-08-16 14:39:48,435 - WARNING - ⚠️ 000037 深南电A K线更新失败: ('Connection aborted.', ConnectionAbortedError(10053, '你的主机中的软件中止了一个已建立的连接。', None, 10053, None))
2025-08-16 14:39:48,549 - WARNING - ⚠️ 000038 大通退 K线更新失败: ('Connection aborted.', ConnectionAbortedError(10053, '你的主机中的软件中止了一个已建立的连接。', None, 10053, None))
2025-08-16 14:39:48,667 - WARNING - ⚠️ 000039 中集集团 K线更新失败: ('Connection aborted.', ConnectionAbortedError(10053, '你的主机中的软件中止了一个已建立的连接。', None, 10053, None))
2025-08-16 14:39:48,786 - WARNING - ⚠️ 000040 *ST旭蓝 K线更新失败: ('Connection aborted.', ConnectionAbortedError(10053, '你的主机中的软件中止了一个已建立的连接。', None, 10053, None))
2025-08-16 14:39:48,904 - WARNING - ⚠️ 000042 中洲控股 K线更新失败: ('Connection aborted.', ConnectionAbortedError(10053, '你的主机中的软件中止了一个已建立的连接。', None, 10053, None))
2025-08-16 14:39:48,989 - INFO - 数据库连接已关闭
2025-08-16 14:40:28,214 - INFO - 🌟 每周数据更新程序启动
2025-08-16 14:40:28,214 - INFO - 🚀 开始每周数据更新...
2025-08-16 14:40:28,214 - INFO - ============================================================
2025-08-16 14:40:28,214 - INFO - ✅ 成功连接到MySQL数据库
2025-08-16 14:40:28,214 - INFO - 📊 开始更新近7个自然日K线数据）...
2025-08-16 14:40:28,250 - INFO - 📊 准备更新 5739 只股票的近7个自然日K线数据
2025-08-16 14:44:47,322 - INFO - 数据库连接已关闭
2025-08-16 14:45:48,602 - INFO - 🌟 每周数据更新程序启动
2025-08-16 14:45:48,603 - INFO - 🚀 开始每周数据更新...
2025-08-16 14:45:48,603 - INFO - ============================================================
2025-08-16 14:45:48,606 - INFO - ✅ 成功连接到MySQL数据库
2025-08-16 14:45:48,606 - INFO - 📊 开始更新近7个自然日K线数据）...
2025-08-16 14:45:48,644 - INFO - 📊 准备更新 5739 只股票的近7个自然日K线数据
2025-08-16 14:45:50,110 - INFO - 📈 开始处理 000001 平安银行
2025-08-16 14:45:51,628 - INFO - 📈 开始处理 000002 万科Ａ
2025-08-16 14:45:52,290 - INFO - 📈 开始处理 000003 PT金田A
2025-08-16 14:45:52,790 - INFO - 📈 开始处理 000004 *ST国华
2025-08-16 14:45:53,267 - INFO - 📈 开始处理 000005 ST星源
2025-08-16 14:46:02,818 - INFO - 📈 开始处理 000006 深振业Ａ
2025-08-16 14:46:03,684 - INFO - 📈 开始处理 000007 全新好
2025-08-16 14:46:04,142 - INFO - 📈 开始处理 000008 神州高铁
2025-08-16 14:46:04,828 - INFO - 📈 开始处理 000009 中国宝安
2025-08-16 14:46:05,308 - INFO - 📈 开始处理 000010 美丽生态
2025-08-16 14:46:06,202 - INFO - 📈 开始处理 000011 深物业A
2025-08-16 14:46:06,614 - INFO - 📈 开始处理 000012 南玻Ａ
2025-08-16 14:46:07,010 - INFO - 📈 开始处理 000013 *ST石化A
2025-08-16 14:46:07,437 - INFO - 📈 开始处理 000014 沙河股份
2025-08-16 14:46:08,072 - INFO - 📈 开始处理 000015 PT中浩A
2025-08-16 14:46:08,870 - INFO - 📈 开始处理 000016 深康佳Ａ
2025-08-16 14:46:09,350 - INFO - 📈 开始处理 000017 深中华A
2025-08-16 14:46:11,079 - INFO - 📈 开始处理 000018 神城A退
2025-08-16 14:46:11,452 - INFO - 📈 开始处理 000019 深粮控股
2025-08-16 14:46:12,116 - INFO - 📈 开始处理 000020 深华发Ａ
2025-08-16 14:46:12,536 - INFO - 📈 开始处理 000021 深科技
2025-08-16 14:46:13,390 - INFO - 📈 开始处理 000023 *ST深天
2025-08-16 14:46:13,794 - INFO - 📈 开始处理 000024 招商地产
2025-08-16 14:46:14,216 - INFO - 📈 开始处理 000025 特力Ａ
2025-08-16 14:46:14,617 - INFO - 📈 开始处理 000026 飞亚达
2025-08-16 14:46:15,061 - INFO - 📈 开始处理 000027 深圳能源
2025-08-16 14:46:16,187 - INFO - 📈 开始处理 000028 国药一致
2025-08-16 14:46:16,561 - INFO - 📈 开始处理 000029 深深房Ａ
2025-08-16 14:46:17,034 - INFO - 📈 开始处理 000030 富奥股份
2025-08-16 14:46:17,424 - INFO - 📈 开始处理 000031 大悦城
2025-08-16 14:46:17,805 - INFO - 📈 开始处理 000032 深桑达Ａ
2025-08-16 14:46:18,763 - INFO - 📈 开始处理 000033 新都退
2025-08-16 14:46:19,252 - INFO - 📈 开始处理 000034 神州数码
2025-08-16 14:46:19,804 - INFO - 📈 开始处理 000035 中国天楹
2025-08-16 14:46:20,187 - INFO - 📈 开始处理 000036 华联控股
2025-08-16 14:46:21,002 - INFO - 📈 开始处理 000037 深南电A
2025-08-16 14:46:21,380 - INFO - 📈 开始处理 000038 大通退
2025-08-16 14:46:21,787 - INFO - 📈 开始处理 000039 中集集团
2025-08-16 14:46:22,159 - INFO - 📈 开始处理 000040 *ST旭蓝
2025-08-16 14:46:22,543 - INFO - 📈 开始处理 000042 中洲控股
2025-08-16 14:46:22,925 - INFO - 📈 开始处理 000045 深纺织Ａ
2025-08-16 14:46:24,114 - INFO - 📈 开始处理 000046 *ST泛海
2025-08-16 14:46:25,833 - INFO - 📈 开始处理 000047 ST中侨
2025-08-16 14:46:26,539 - INFO - 📈 开始处理 000048 京基智农
2025-08-16 14:46:27,200 - INFO - 📈 开始处理 000049 德赛电池
2025-08-16 14:46:28,826 - INFO - 📈 开始处理 000050 深天马Ａ
2025-08-16 14:46:29,913 - INFO - 📈 开始处理 000055 方大集团
2025-08-16 14:46:38,464 - INFO - 📈 开始处理 000056 皇庭国际
2025-08-16 14:46:40,639 - INFO - 📈 开始处理 000058 深赛格
2025-08-16 14:46:41,316 - INFO - 📈 开始处理 000059 华锦股份
2025-08-16 14:46:41,730 - INFO - 📈 开始处理 000060 中金岭南
2025-08-16 14:46:42,268 - INFO - 📈 开始处理 000061 农产品
2025-08-16 14:46:42,645 - INFO - 📈 开始处理 000062 深圳华强
2025-08-16 14:46:43,084 - INFO - 📈 开始处理 000063 中兴通讯
2025-08-16 14:46:43,512 - INFO - 📈 开始处理 000065 北方国际
2025-08-16 14:46:43,984 - INFO - 📈 开始处理 000066 中国长城
2025-08-16 14:46:45,555 - INFO - 📈 开始处理 000068 华控赛格
2025-08-16 14:46:46,348 - INFO - 📈 开始处理 000069 华侨城Ａ
2025-08-16 14:46:47,231 - INFO - 📈 开始处理 000070 特发信息
2025-08-16 14:46:47,607 - INFO - 📈 开始处理 000078 海王生物
2025-08-16 14:46:49,451 - INFO - 📈 开始处理 000088 盐田港
2025-08-16 14:46:50,717 - INFO - 📈 开始处理 000089 深圳机场
2025-08-16 14:46:56,968 - INFO - 📈 开始处理 000090 天健集团
2025-08-16 14:47:15,513 - WARNING - ⚠️ 000096 广聚能源 K线更新失败: HTTPSConnectionPool(host='push2his.eastmoney.com', port=443): Max retries exceeded with url: /api/qt/stock/kline/get?fields1=f1%2Cf2%2Cf3%2Cf4%2Cf5%2Cf6&fields2=f51%2Cf52%2Cf53%2Cf54%2Cf55%2Cf56%2Cf57%2Cf58%2Cf59%2Cf60%2Cf61%2Cf116&ut=7eea3edcaed734bea9cbfc24409ed989&klt=101&fqt=1&secid=0.000096&beg=20250816&end=19900101 (Caused by SSLError(SSLEOFError(8, '[SSL: UNEXPECTED_EOF_WHILE_READING] EOF occurred in violation of protocol (_ssl.c:1007)')))
2025-08-16 14:48:20,212 - WARNING - ⚠️ 000099 中信海直 K线更新失败: HTTPSConnectionPool(host='push2his.eastmoney.com', port=443): Max retries exceeded with url: /api/qt/stock/kline/get?fields1=f1%2Cf2%2Cf3%2Cf4%2Cf5%2Cf6&fields2=f51%2Cf52%2Cf53%2Cf54%2Cf55%2Cf56%2Cf57%2Cf58%2Cf59%2Cf60%2Cf61%2Cf116&ut=7eea3edcaed734bea9cbfc24409ed989&klt=101&fqt=1&secid=0.000099&beg=20250816&end=19900101 (Caused by SSLError(SSLEOFError(8, '[SSL: UNEXPECTED_EOF_WHILE_READING] EOF occurred in violation of protocol (_ssl.c:1007)')))
2025-08-16 14:48:21,617 - INFO - 📈 开始处理 000100 TCL科技
2025-08-16 14:48:22,651 - INFO - 📈 开始处理 000150 *ST宜康
2025-08-16 14:48:29,342 - INFO - 📈 开始处理 000151 中成股份
2025-08-16 14:48:30,356 - INFO - 📈 开始处理 000153 丰原药业
2025-08-16 14:48:32,512 - INFO - 📈 开始处理 000155 川能动力
2025-08-16 14:48:36,874 - INFO - 📈 开始处理 000156 华数传媒
2025-08-16 14:48:39,573 - INFO - 📈 开始处理 000157 中联重科
2025-08-16 14:48:40,684 - INFO - 📈 开始处理 000158 常山北明
2025-08-16 14:48:43,355 - INFO - 📈 开始处理 000159 国际实业
2025-08-16 14:48:50,307 - INFO - 📈 开始处理 000166 申万宏源
2025-08-16 14:48:51,631 - INFO - 📈 开始处理 000301 东方盛虹
2025-08-16 14:48:54,482 - INFO - 📈 开始处理 000333 美的集团
2025-08-16 14:48:56,290 - INFO - 📈 开始处理 000338 潍柴动力
2025-08-16 14:48:57,391 - INFO - 📈 开始处理 000400 许继电气
2025-08-16 14:48:58,711 - INFO - 📈 开始处理 000401 冀东水泥
2025-08-16 14:49:01,690 - INFO - 📈 开始处理 000402 金融街
2025-08-16 14:49:04,000 - INFO - 📈 开始处理 000403 派林生物
2025-08-16 14:49:05,502 - INFO - 📈 开始处理 000404 长虹华意
2025-08-16 14:49:06,894 - INFO - 📈 开始处理 000405 ST鑫光
2025-08-16 14:49:09,057 - INFO - 📈 开始处理 000406 石油大明
2025-08-16 14:49:11,389 - INFO - 📈 开始处理 000407 胜利股份
2025-08-16 14:49:13,575 - INFO - 📈 开始处理 000408 藏格矿业
2025-08-16 14:49:15,663 - INFO - 📈 开始处理 000409 云鼎科技
2025-08-16 14:49:16,987 - INFO - 📈 开始处理 000410 沈阳机床
2025-08-16 14:49:20,087 - INFO - 📈 开始处理 000411 英特集团
2025-08-16 14:49:22,745 - INFO - 📈 开始处理 000412 ST五环
2025-08-16 14:49:23,728 - INFO - 📈 开始处理 000413 ST旭电
2025-08-16 14:49:25,830 - INFO - 📈 开始处理 000415 渤海租赁
2025-08-16 14:49:26,861 - INFO - 📈 开始处理 000416 *ST民控
2025-08-16 14:49:28,188 - INFO - 📈 开始处理 000417 合百集团
2025-08-16 14:49:29,442 - INFO - 📈 开始处理 000418 小天鹅A
2025-08-16 14:49:31,235 - INFO - 📈 开始处理 000419 通程控股
2025-08-16 14:49:32,621 - INFO - 📈 开始处理 000420 吉林化纤
2025-08-16 14:49:33,750 - INFO - 📈 开始处理 000421 南京公用
2025-08-16 14:49:34,752 - INFO - 📈 开始处理 000422 湖北宜化
2025-08-16 14:49:35,408 - INFO - 📈 开始处理 000423 东阿阿胶
2025-08-16 14:49:36,427 - INFO - 📈 开始处理 000425 徐工机械
2025-08-16 14:49:40,999 - INFO - 📈 开始处理 000426 兴业银锡
2025-08-16 14:49:43,480 - INFO - 📈 开始处理 000428 华天酒店
2025-08-16 14:49:44,696 - INFO - 📈 开始处理 000429 粤高速Ａ
2025-08-16 14:49:45,888 - INFO - 📈 开始处理 000430 ST张家界
2025-08-16 14:49:47,243 - INFO - 📈 开始处理 000488 ST晨鸣
2025-08-16 14:49:50,406 - INFO - 📈 开始处理 000498 山东路桥
2025-08-16 14:49:52,405 - INFO - 📈 开始处理 000501 武商集团
2025-08-16 14:49:53,451 - INFO - 📈 开始处理 000502 绿景退
2025-08-16 14:49:55,076 - INFO - 📈 开始处理 000503 国新健康
2025-08-16 14:49:56,058 - INFO - 📈 开始处理 000504 *ST生物
2025-08-16 14:49:56,717 - INFO - 📈 开始处理 000505 京粮控股
2025-08-16 14:49:58,324 - INFO - 📈 开始处理 000506 招金黄金
2025-08-16 14:50:01,302 - INFO - 📈 开始处理 000507 珠海港
2025-08-16 14:50:03,125 - INFO - 📈 开始处理 000508 琼民源A
2025-08-16 14:50:03,767 - INFO - 📈 开始处理 000509 华塑控股
2025-08-16 14:50:04,401 - INFO - 📈 开始处理 000510 新金路
2025-08-16 14:50:05,469 - INFO - 📈 开始处理 000511 烯碳退
2025-08-16 14:50:09,507 - INFO - 📈 开始处理 000513 丽珠集团
2025-08-16 14:50:10,837 - INFO - 📈 开始处理 000514 渝开发
2025-08-16 14:50:11,629 - INFO - 📈 开始处理 000515 攀渝钛业
2025-08-16 14:50:13,101 - INFO - 📈 开始处理 000516 国际医学
2025-08-16 14:50:13,754 - INFO - 📈 开始处理 000517 荣安地产
2025-08-16 14:50:14,952 - INFO - 📈 开始处理 000518 *ST四环
2025-08-16 14:50:16,366 - INFO - 📈 开始处理 000519 中兵红箭
2025-08-16 14:50:17,432 - INFO - 📈 开始处理 000520 凤凰航运
2025-08-16 14:50:18,353 - INFO - 📈 开始处理 000521 长虹美菱
2025-08-16 14:50:19,481 - INFO - 📈 开始处理 000522 白云山A
2025-08-16 14:50:20,140 - INFO - 📈 开始处理 000523 红棉股份
2025-08-16 14:50:21,796 - INFO - 📈 开始处理 000524 岭南控股
2025-08-16 14:50:22,697 - INFO - 📈 开始处理 000525 红太阳
2025-08-16 14:50:23,346 - INFO - 📈 开始处理 000526 学大教育
2025-08-16 14:50:25,002 - INFO - 📈 开始处理 000527 美的电器
2025-08-16 14:51:02,549 - INFO - 📈 开始处理 000528 柳工
2025-08-16 14:51:09,110 - INFO - 📈 开始处理 000529 广弘控股
2025-08-16 14:51:44,421 - INFO - 📈 开始处理 000530 冰山冷热
2025-08-16 14:51:45,572 - INFO - 📈 开始处理 000531 穗恒运Ａ
2025-08-16 14:51:46,202 - INFO - 📈 开始处理 000532 华金资本
2025-08-16 14:51:48,926 - INFO - 📈 开始处理 000533 顺钠股份
2025-08-16 14:51:49,330 - INFO - 📈 开始处理 000534 万泽股份
2025-08-16 14:51:49,731 - INFO - 📈 开始处理 000535 *ST猴王
2025-08-16 14:51:50,352 - INFO - 📈 开始处理 000536 华映科技
2025-08-16 14:51:52,960 - INFO - 📈 开始处理 000537 中绿电
2025-08-16 14:51:54,170 - INFO - 📈 开始处理 000538 云南白药
2025-08-16 14:51:54,626 - INFO - 📈 开始处理 000539 粤电力Ａ
2025-08-16 14:51:55,593 - INFO - 📈 开始处理 000540 *ST中天
2025-08-16 14:51:58,389 - INFO - 📈 开始处理 000541 佛山照明
2025-08-16 14:51:59,090 - INFO - 📈 开始处理 000542 TCL通讯
2025-08-16 14:52:01,484 - INFO - 📈 开始处理 000543 皖能电力
2025-08-16 14:52:02,164 - INFO - 📈 开始处理 000544 中原环保
2025-08-16 14:52:03,741 - INFO - 📈 开始处理 000545 金浦钛业
2025-08-16 14:52:06,357 - INFO - 📈 开始处理 000546 金圆股份
2025-08-16 14:52:07,160 - INFO - 📈 开始处理 000547 航天发展
2025-08-16 14:52:07,532 - INFO - 📈 开始处理 000548 湖南投资
2025-08-16 14:52:09,527 - INFO - 📈 开始处理 000549 S湘火炬
2025-08-16 14:52:11,761 - INFO - 📈 开始处理 000550 江铃汽车
2025-08-16 14:52:12,225 - INFO - 📈 开始处理 000551 创元科技
2025-08-16 14:52:14,150 - INFO - 📈 开始处理 000552 甘肃能化
2025-08-16 14:52:17,579 - INFO - 📈 开始处理 000553 安道麦A
2025-08-16 14:52:18,995 - INFO - 📈 开始处理 000554 泰山石油
2025-08-16 14:52:23,291 - INFO - 📈 开始处理 000555 神州信息
2025-08-16 14:52:23,737 - INFO - 📈 开始处理 000556 PT南洋
2025-08-16 14:52:26,208 - INFO - 📈 开始处理 000557 西部创业
2025-08-16 14:52:26,669 - INFO - 📈 开始处理 000558 天府文旅
2025-08-16 14:52:27,492 - INFO - 📈 开始处理 000559 万向钱潮
2025-08-16 14:52:27,849 - INFO - 📈 开始处理 000560 我爱我家
2025-08-16 14:52:28,328 - INFO - 📈 开始处理 000561 烽火电子
2025-08-16 14:52:28,940 - INFO - 📈 开始处理 000562 宏源证券
2025-08-16 14:52:33,767 - INFO - 📈 开始处理 000563 陕国投Ａ
2025-08-16 14:52:34,132 - INFO - 📈 开始处理 000564 供销大集
2025-08-16 14:52:35,240 - INFO - 📈 开始处理 000565 渝三峡Ａ
2025-08-16 14:52:35,663 - INFO - 📈 开始处理 000566 海南海药
2025-08-16 14:52:36,562 - INFO - 📈 开始处理 000567 海德股份
2025-08-16 14:52:36,942 - INFO - 📈 开始处理 000568 泸州老窖
2025-08-16 14:52:37,558 - INFO - 📈 开始处理 000569 长城股份
2025-08-16 14:52:38,334 - INFO - 📈 开始处理 000570 苏常柴Ａ
2025-08-16 14:52:39,143 - INFO - 📈 开始处理 000571 新大洲A
2025-08-16 14:52:41,107 - INFO - 📈 开始处理 000572 海马汽车
2025-08-16 14:52:41,857 - INFO - 📈 开始处理 000573 粤宏远Ａ
2025-08-16 14:52:42,449 - INFO - 📈 开始处理 000576 甘化科工
2025-08-16 14:52:45,842 - INFO - 📈 开始处理 000578 盐湖集团
2025-08-16 14:53:11,232 - INFO - 📈 开始处理 000581 威孚高科
2025-08-16 14:53:13,768 - INFO - 📈 开始处理 000582 北部湾港
2025-08-16 14:53:19,358 - INFO - 📈 开始处理 000583 S*ST托普
2025-08-16 14:53:21,934 - INFO - 📈 开始处理 000584 工智退
2025-08-16 14:53:26,334 - INFO - 📈 开始处理 000585 东电退
2025-08-16 14:54:22,176 - INFO - 📈 开始处理 000586 汇源通信
2025-08-16 14:54:25,847 - INFO - 📈 开始处理 000587 *ST金洲
2025-08-16 14:54:27,814 - INFO - 📈 开始处理 000588 PT粤金曼
2025-08-16 14:54:29,774 - INFO - 📈 开始处理 000589 贵州轮胎
2025-08-16 14:54:32,648 - INFO - 📈 开始处理 000590 启迪药业
2025-08-16 14:54:33,673 - INFO - 📈 开始处理 000591 太阳能
2025-08-16 14:54:47,244 - INFO - 📈 开始处理 000592 平潭发展
2025-08-16 14:54:52,512 - INFO - 📈 开始处理 000593 德龙汇能
2025-08-16 14:54:55,239 - INFO - 📈 开始处理 000594 国恒退
2025-08-16 14:54:56,252 - INFO - 📈 开始处理 000595 *ST宝实
2025-08-16 14:55:03,846 - INFO - 📈 开始处理 000596 古井贡酒
2025-08-16 14:55:16,195 - INFO - 📈 开始处理 000597 东北制药
2025-08-16 14:55:25,243 - INFO - 📈 开始处理 000598 兴蓉环境
2025-08-16 14:55:26,831 - INFO - 📈 开始处理 000599 青岛双星
2025-08-16 14:55:36,978 - INFO - 📈 开始处理 000600 建投能源
2025-08-16 14:55:37,636 - INFO - 📈 开始处理 000601 韶能股份
2025-08-16 14:55:45,035 - INFO - 数据库连接已关闭
2025-08-16 14:57:25,591 - INFO - 🌟 每周数据更新程序启动
2025-08-16 14:57:25,591 - INFO - 🚀 开始每周数据更新...
2025-08-16 14:57:25,591 - INFO - ============================================================
2025-08-16 14:57:25,591 - INFO - ✅ 成功连接到MySQL数据库
2025-08-16 14:57:25,591 - INFO - 📊 开始更新近7个自然日K线数据）...
2025-08-16 14:57:25,630 - INFO - 📊 准备更新 5739 只股票的近7个自然日K线数据
2025-08-16 14:57:26,601 - INFO - 📈 开始处理 000001 平安银行
2025-08-16 14:57:26,605 - INFO - 📈 已处理 000001 平安银行
2025-08-16 14:57:27,540 - INFO - 📈 开始处理 000002 万科Ａ
2025-08-16 14:57:27,541 - INFO - 📈 已处理 000002 万科Ａ
2025-08-16 14:57:28,544 - INFO - 📈 开始处理 000003 PT金田A
2025-08-16 14:57:28,545 - INFO - 📈 已处理 000003 PT金田A
2025-08-16 14:57:29,301 - INFO - 📈 开始处理 000004 *ST国华
2025-08-16 14:57:29,301 - INFO - 📈 已处理 000004 *ST国华
2025-08-16 14:57:30,183 - INFO - 📈 开始处理 000005 ST星源
2025-08-16 14:57:30,183 - INFO - 📈 已处理 000005 ST星源
2025-08-16 14:57:30,586 - INFO - 📈 开始处理 000006 深振业Ａ
2025-08-16 14:57:30,586 - INFO - 📈 已处理 000006 深振业Ａ
2025-08-16 14:57:34,147 - INFO - 📈 开始处理 000007 全新好
2025-08-16 14:57:34,147 - INFO - 📈 已处理 000007 全新好
2025-08-16 14:57:35,033 - INFO - 📈 开始处理 000008 神州高铁
2025-08-16 14:57:35,033 - INFO - 📈 已处理 000008 神州高铁
2025-08-16 14:57:36,822 - INFO - 📈 开始处理 000009 中国宝安
2025-08-16 14:57:36,822 - INFO - 📈 已处理 000009 中国宝安
2025-08-16 14:57:37,119 - INFO - 数据库连接已关闭
2025-08-16 14:58:00,360 - INFO - 🌟 每周数据更新程序启动
2025-08-16 14:58:00,361 - INFO - 🚀 开始每周数据更新...
2025-08-16 14:58:00,361 - INFO - ============================================================
2025-08-16 14:58:00,364 - INFO - ✅ 成功连接到MySQL数据库
2025-08-16 14:58:00,364 - INFO - 📊 开始更新近7个自然日K线数据）...
2025-08-16 14:58:00,394 - INFO - 📊 准备更新 5739 只股票的近7个自然日K线数据
2025-08-16 14:58:00,858 - INFO - 📈 开始处理 000001 平安银行
2025-08-16 14:58:00,861 - INFO - 📈 已处理 000001 平安银行
2025-08-16 14:58:03,325 - INFO - 📈 开始处理 000002 万科Ａ
2025-08-16 14:58:03,326 - INFO - 📈 已处理 000002 万科Ａ
2025-08-16 14:58:06,086 - INFO - 数据库连接已关闭
2025-08-16 14:58:39,956 - INFO - 🌟 每周数据更新程序启动
2025-08-16 14:58:39,956 - INFO - 🚀 开始每周数据更新...
2025-08-16 14:58:39,956 - INFO - ============================================================
2025-08-16 14:58:39,956 - INFO - ✅ 成功连接到MySQL数据库
2025-08-16 14:58:39,956 - INFO - 📊 开始更新近7个自然日K线数据）...
2025-08-16 14:58:39,995 - INFO - 📊 准备更新 5739 只股票的近7个自然日K线数据
2025-08-16 14:58:44,093 - INFO - 📈 开始处理 000001 平安银行
2025-08-16 14:58:46,350 - INFO - 📈 已处理 000001 平安银行
2025-08-16 14:58:49,563 - INFO - 📈 开始处理 000002 万科Ａ
2025-08-16 14:58:51,512 - INFO - 📈 已处理 000002 万科Ａ
2025-08-16 14:58:53,989 - INFO - 📈 开始处理 000003 PT金田A
2025-08-16 14:58:54,540 - INFO - 📈 已处理 000003 PT金田A
2025-08-16 14:59:01,928 - INFO - 📈 开始处理 000004 *ST国华
2025-08-16 14:59:03,890 - INFO - 📈 已处理 000004 *ST国华
2025-08-16 14:59:08,304 - INFO - 📈 开始处理 000005 ST星源
2025-08-16 14:59:10,012 - INFO - 📈 已处理 000005 ST星源
2025-08-16 16:17:19,795 - INFO - 🌟 每周数据更新程序启动
2025-08-16 16:17:19,795 - INFO - 🚀 开始每周数据更新...
2025-08-16 16:17:19,795 - INFO - ============================================================
2025-08-16 16:17:19,795 - INFO - ✅ 成功连接到MySQL数据库
2025-08-16 16:17:19,795 - INFO - 清空该日期披露的基金重仓持仓股...
2025-08-16 16:17:19,805 - INFO - 🚀 开始获取{report_date}季度所有基金重仓持仓股信息...
2025-08-16 16:17:19,975 - INFO - 📊 获取到 2943 只股票信息
2025-08-16 16:17:19,995 - INFO - 📈 已插入 100 只基金重仓持仓股信息
2025-08-16 16:17:20,020 - INFO - 📈 已插入 200 只基金重仓持仓股信息
2025-08-16 16:17:20,035 - INFO - 📈 已插入 300 只基金重仓持仓股信息
2025-08-16 16:17:20,055 - INFO - 📈 已插入 400 只基金重仓持仓股信息
2025-08-16 16:17:20,065 - INFO - 📈 已插入 500 只基金重仓持仓股信息
2025-08-16 16:17:20,115 - INFO - 📈 已插入 600 只基金重仓持仓股信息
2025-08-16 16:17:20,134 - INFO - 📈 已插入 700 只基金重仓持仓股信息
2025-08-16 16:17:20,154 - INFO - 📈 已插入 800 只基金重仓持仓股信息
2025-08-16 16:17:20,176 - INFO - 📈 已插入 900 只基金重仓持仓股信息
2025-08-16 16:17:20,209 - INFO - 📈 已插入 1000 只基金重仓持仓股信息
2025-08-16 16:17:20,226 - INFO - 📈 已插入 1100 只基金重仓持仓股信息
2025-08-16 16:17:20,246 - INFO - 📈 已插入 1200 只基金重仓持仓股信息
2025-08-16 16:17:20,262 - INFO - 📈 已插入 1300 只基金重仓持仓股信息
2025-08-16 16:17:20,282 - INFO - 📈 已插入 1400 只基金重仓持仓股信息
2025-08-16 16:17:20,294 - INFO - 📈 已插入 1500 只基金重仓持仓股信息
2025-08-16 16:17:20,314 - INFO - 📈 已插入 1600 只基金重仓持仓股信息
2025-08-16 16:17:20,326 - INFO - 📈 已插入 1700 只基金重仓持仓股信息
2025-08-16 16:17:20,365 - INFO - 📈 已插入 1800 只基金重仓持仓股信息
2025-08-16 16:17:20,380 - INFO - 📈 已插入 1900 只基金重仓持仓股信息
2025-08-16 16:17:20,395 - INFO - 📈 已插入 2000 只基金重仓持仓股信息
2025-08-16 16:17:20,411 - INFO - 📈 已插入 2100 只基金重仓持仓股信息
2025-08-16 16:17:20,427 - INFO - 📈 已插入 2200 只基金重仓持仓股信息
2025-08-16 16:17:20,445 - INFO - 📈 已插入 2300 只基金重仓持仓股信息
2025-08-16 16:17:20,459 - INFO - 📈 已插入 2400 只基金重仓持仓股信息
2025-08-16 16:17:20,478 - INFO - 📈 已插入 2500 只基金重仓持仓股信息
2025-08-16 16:17:20,495 - INFO - 📈 已插入 2600 只基金重仓持仓股信息
2025-08-16 16:17:20,509 - INFO - 📈 已插入 2700 只基金重仓持仓股信息
2025-08-16 16:17:20,526 - INFO - 📈 已插入 2800 只基金重仓持仓股信息
2025-08-16 16:17:20,544 - INFO - 📈 已插入 2900 只基金重仓持仓股信息
2025-08-16 16:17:20,554 - INFO - ✅ 成功插入 2943 只基金重仓持仓股信息
2025-08-16 16:17:20,554 - INFO - ============================================================
2025-08-16 16:17:20,554 - INFO - 📊 本周数据更新统计
2025-08-16 16:17:20,555 - INFO - ============================================================
2025-08-16 16:17:20,555 - INFO - ⏱️  更新耗时: 0:00:00.758735
2025-08-16 16:17:20,555 - INFO - 📈 实时行情: 0 条
2025-08-16 16:17:20,555 - INFO - 📊 本周K线: 0 条
2025-08-16 16:17:20,555 - INFO - 📅 交易日历: 0 条
2025-08-16 16:17:20,555 - INFO - ✅ 无错误
2025-08-16 16:17:20,556 - INFO - ============================================================
2025-08-16 16:17:20,564 - INFO - 🎉 本周数据更新完成！
2025-08-16 16:17:20,564 - INFO - 数据库连接已关闭
2025-08-16 16:17:20,564 - INFO - ✅ 每周数据更新成功完成
2025-08-16 16:19:02,104 - INFO - 🌟 每周数据更新程序启动
2025-08-16 16:19:02,104 - INFO - 🚀 开始每周数据更新...
2025-08-16 16:19:02,104 - INFO - ============================================================
2025-08-16 16:19:02,104 - INFO - ✅ 成功连接到MySQL数据库
2025-08-16 16:19:02,104 - INFO - 清空该日期披露的基金重仓持仓股...
2025-08-16 16:19:02,112 - INFO - 🚀 开始获取{report_date}季度所有基金重仓持仓股信息...
2025-08-16 16:19:02,353 - INFO - 📊 获取到 2943 只股票信息
2025-08-16 16:19:02,371 - INFO - 📈 已插入 100 只基金重仓持仓股信息
2025-08-16 16:19:02,391 - INFO - 📈 已插入 200 只基金重仓持仓股信息
2025-08-16 16:19:02,402 - INFO - 📈 已插入 300 只基金重仓持仓股信息
2025-08-16 16:19:02,424 - INFO - 📈 已插入 400 只基金重仓持仓股信息
2025-08-16 16:19:02,432 - INFO - 📈 已插入 500 只基金重仓持仓股信息
2025-08-16 16:19:02,452 - INFO - 📈 已插入 600 只基金重仓持仓股信息
2025-08-16 16:19:02,477 - INFO - 📈 已插入 700 只基金重仓持仓股信息
2025-08-16 16:19:02,494 - INFO - 📈 已插入 800 只基金重仓持仓股信息
2025-08-16 16:19:02,512 - INFO - 📈 已插入 900 只基金重仓持仓股信息
2025-08-16 16:19:02,532 - INFO - 📈 已插入 1000 只基金重仓持仓股信息
2025-08-16 16:19:02,552 - INFO - 📈 已插入 1100 只基金重仓持仓股信息
2025-08-16 16:19:02,569 - INFO - 📈 已插入 1200 只基金重仓持仓股信息
2025-08-16 16:19:02,582 - INFO - 📈 已插入 1300 只基金重仓持仓股信息
2025-08-16 16:19:02,602 - INFO - 📈 已插入 1400 只基金重仓持仓股信息
2025-08-16 16:19:02,612 - INFO - 📈 已插入 1500 只基金重仓持仓股信息
2025-08-16 16:19:02,632 - INFO - 📈 已插入 1600 只基金重仓持仓股信息
2025-08-16 16:19:02,652 - INFO - 📈 已插入 1700 只基金重仓持仓股信息
2025-08-16 16:19:02,674 - INFO - 📈 已插入 1800 只基金重仓持仓股信息
2025-08-16 16:19:02,686 - INFO - 📈 已插入 1900 只基金重仓持仓股信息
2025-08-16 16:19:02,702 - INFO - 📈 已插入 2000 只基金重仓持仓股信息
2025-08-16 16:19:02,712 - INFO - 📈 已插入 2100 只基金重仓持仓股信息
2025-08-16 16:19:02,732 - INFO - 📈 已插入 2200 只基金重仓持仓股信息
2025-08-16 16:19:02,742 - INFO - 📈 已插入 2300 只基金重仓持仓股信息
2025-08-16 16:19:02,782 - INFO - 📈 已插入 2400 只基金重仓持仓股信息
2025-08-16 16:19:02,812 - INFO - 📈 已插入 2500 只基金重仓持仓股信息
2025-08-16 16:19:02,832 - INFO - 📈 已插入 2600 只基金重仓持仓股信息
2025-08-16 16:19:02,872 - INFO - 📈 已插入 2700 只基金重仓持仓股信息
2025-08-16 16:19:02,892 - INFO - 📈 已插入 2800 只基金重仓持仓股信息
2025-08-16 16:19:02,924 - INFO - 📈 已插入 2900 只基金重仓持仓股信息
2025-08-16 16:19:02,932 - INFO - ✅ 成功插入 2943 只基金重仓持仓股信息
2025-08-16 16:19:02,932 - INFO - ============================================================
2025-08-16 16:19:02,932 - INFO - 📊 本周数据更新统计
2025-08-16 16:19:02,935 - INFO - ============================================================
2025-08-16 16:19:02,935 - INFO - ⏱️  更新耗时: 0:00:00.827695
2025-08-16 16:19:02,935 - INFO - 📈 实时行情: 0 条
2025-08-16 16:19:02,935 - INFO - 📊 本周K线: 0 条
2025-08-16 16:19:02,935 - INFO - 📅 交易日历: 0 条
2025-08-16 16:19:02,935 - INFO - ✅ 无错误
2025-08-16 16:19:02,935 - INFO - ============================================================
2025-08-16 16:19:02,944 - INFO - 🎉 本周数据更新完成！
2025-08-16 16:19:02,945 - INFO - 数据库连接已关闭
2025-08-16 16:19:02,946 - INFO - ✅ 每周数据更新成功完成
2025-08-16 16:19:50,971 - INFO - 🌟 每周数据更新程序启动
2025-08-16 16:19:50,971 - INFO - 🚀 开始每周数据更新...
2025-08-16 16:19:50,971 - INFO - ============================================================
2025-08-16 16:19:50,971 - INFO - ✅ 成功连接到MySQL数据库
2025-08-16 16:19:50,971 - INFO - 清空该日期披露的基金重仓持仓股...
2025-08-16 16:19:51,091 - INFO - 🚀 开始获取{report_date}季度所有基金重仓持仓股信息...
2025-08-16 16:19:51,271 - INFO - 📊 获取到 2943 只股票信息
2025-08-16 16:19:51,288 - INFO - 📈 已插入 100 只基金重仓持仓股信息
2025-08-16 16:19:51,301 - INFO - 📈 已插入 200 只基金重仓持仓股信息
2025-08-16 16:19:51,325 - INFO - 📈 已插入 300 只基金重仓持仓股信息
2025-08-16 16:19:51,351 - INFO - 📈 已插入 400 只基金重仓持仓股信息
2025-08-16 16:19:51,428 - INFO - 📈 已插入 500 只基金重仓持仓股信息
2025-08-16 16:19:51,466 - INFO - 📈 已插入 600 只基金重仓持仓股信息
2025-08-16 16:19:51,481 - INFO - 📈 已插入 700 只基金重仓持仓股信息
2025-08-16 16:19:51,491 - INFO - 📈 已插入 800 只基金重仓持仓股信息
2025-08-16 16:19:51,511 - INFO - 📈 已插入 900 只基金重仓持仓股信息
2025-08-16 16:19:51,524 - INFO - 📈 已插入 1000 只基金重仓持仓股信息
2025-08-16 16:19:51,531 - INFO - 📈 已插入 1100 只基金重仓持仓股信息
2025-08-16 16:19:51,548 - INFO - 📈 已插入 1200 只基金重仓持仓股信息
2025-08-16 16:19:51,561 - INFO - 📈 已插入 1300 只基金重仓持仓股信息
2025-08-16 16:19:51,573 - INFO - 📈 已插入 1400 只基金重仓持仓股信息
2025-08-16 16:19:51,581 - INFO - 📈 已插入 1500 只基金重仓持仓股信息
2025-08-16 16:19:51,591 - INFO - 📈 已插入 1600 只基金重仓持仓股信息
2025-08-16 16:19:51,601 - INFO - 📈 已插入 1700 只基金重仓持仓股信息
2025-08-16 16:19:51,611 - INFO - 📈 已插入 1800 只基金重仓持仓股信息
2025-08-16 16:19:51,631 - INFO - 📈 已插入 1900 只基金重仓持仓股信息
2025-08-16 16:19:51,641 - INFO - 📈 已插入 2000 只基金重仓持仓股信息
2025-08-16 16:19:51,661 - INFO - 📈 已插入 2100 只基金重仓持仓股信息
2025-08-16 16:19:51,673 - INFO - 📈 已插入 2200 只基金重仓持仓股信息
2025-08-16 16:19:51,691 - INFO - 📈 已插入 2300 只基金重仓持仓股信息
2025-08-16 16:19:51,707 - INFO - 📈 已插入 2400 只基金重仓持仓股信息
2025-08-16 16:19:51,722 - INFO - 📈 已插入 2500 只基金重仓持仓股信息
2025-08-16 16:19:51,731 - INFO - 📈 已插入 2600 只基金重仓持仓股信息
2025-08-16 16:19:51,751 - INFO - 📈 已插入 2700 只基金重仓持仓股信息
2025-08-16 16:19:51,761 - INFO - 📈 已插入 2800 只基金重仓持仓股信息
2025-08-16 16:19:51,781 - INFO - 📈 已插入 2900 只基金重仓持仓股信息
2025-08-16 16:19:51,791 - INFO - ✅ 成功插入 2943 只基金重仓持仓股信息
2025-08-16 16:19:51,791 - INFO - ============================================================
2025-08-16 16:19:51,791 - INFO - 📊 本周数据更新统计
2025-08-16 16:19:51,794 - INFO - ============================================================
2025-08-16 16:19:51,794 - INFO - ⏱️  更新耗时: 0:00:00.819862
2025-08-16 16:19:51,794 - INFO - 📈 实时行情: 0 条
2025-08-16 16:19:51,794 - INFO - 📊 本周K线: 0 条
2025-08-16 16:19:51,794 - INFO - 📅 交易日历: 0 条
2025-08-16 16:19:51,794 - INFO - ✅ 无错误
2025-08-16 16:19:51,794 - INFO - ============================================================
2025-08-16 16:19:51,801 - INFO - 🎉 本周数据更新完成！
2025-08-16 16:19:51,801 - INFO - 数据库连接已关闭
2025-08-16 16:19:51,801 - INFO - ✅ 每周数据更新成功完成
2025-08-16 16:21:03,156 - INFO - 🌟 每周数据更新程序启动
2025-08-16 16:21:03,156 - INFO - 🚀 开始每周数据更新...
2025-08-16 16:21:03,156 - INFO - ============================================================
2025-08-16 16:21:03,160 - INFO - ✅ 成功连接到MySQL数据库
2025-08-16 16:21:03,160 - INFO - 清空该日期披露的基金重仓持仓股...
2025-08-16 16:21:03,166 - INFO - 🚀 开始获取{report_date}季度所有基金重仓持仓股信息...
2025-08-16 16:21:03,441 - INFO - 📊 获取到 2943 只股票信息
2025-08-16 16:21:03,464 - INFO - 📈 已插入 100 只基金重仓持仓股信息
2025-08-16 16:21:03,479 - INFO - 📈 已插入 200 只基金重仓持仓股信息
2025-08-16 16:21:03,496 - INFO - 📈 已插入 300 只基金重仓持仓股信息
2025-08-16 16:21:03,512 - INFO - 📈 已插入 400 只基金重仓持仓股信息
2025-08-16 16:21:03,525 - INFO - 📈 已插入 500 只基金重仓持仓股信息
2025-08-16 16:21:03,539 - INFO - 📈 已插入 600 只基金重仓持仓股信息
2025-08-16 16:21:03,554 - INFO - 📈 已插入 700 只基金重仓持仓股信息
2025-08-16 16:21:03,564 - INFO - 📈 已插入 800 只基金重仓持仓股信息
2025-08-16 16:21:03,585 - INFO - 📈 已插入 900 只基金重仓持仓股信息
2025-08-16 16:21:03,612 - INFO - 📈 已插入 1000 只基金重仓持仓股信息
2025-08-16 16:21:03,625 - INFO - 📈 已插入 1100 只基金重仓持仓股信息
2025-08-16 16:21:03,640 - INFO - 📈 已插入 1200 只基金重仓持仓股信息
2025-08-16 16:21:03,656 - INFO - 📈 已插入 1300 只基金重仓持仓股信息
2025-08-16 16:21:03,670 - INFO - 📈 已插入 1400 只基金重仓持仓股信息
2025-08-16 16:21:03,686 - INFO - 📈 已插入 1500 只基金重仓持仓股信息
2025-08-16 16:21:03,700 - INFO - 📈 已插入 1600 只基金重仓持仓股信息
2025-08-16 16:21:03,718 - INFO - 📈 已插入 1700 只基金重仓持仓股信息
2025-08-16 16:21:03,730 - INFO - 📈 已插入 1800 只基金重仓持仓股信息
2025-08-16 16:21:03,745 - INFO - 📈 已插入 1900 只基金重仓持仓股信息
2025-08-16 16:21:03,761 - INFO - 📈 已插入 2000 只基金重仓持仓股信息
2025-08-16 16:21:03,775 - INFO - 📈 已插入 2100 只基金重仓持仓股信息
2025-08-16 16:21:03,790 - INFO - 📈 已插入 2200 只基金重仓持仓股信息
2025-08-16 16:21:03,806 - INFO - 📈 已插入 2300 只基金重仓持仓股信息
2025-08-16 16:21:03,820 - INFO - 📈 已插入 2400 只基金重仓持仓股信息
2025-08-16 16:21:03,835 - INFO - 📈 已插入 2500 只基金重仓持仓股信息
2025-08-16 16:21:03,849 - INFO - 📈 已插入 2600 只基金重仓持仓股信息
2025-08-16 16:21:03,865 - INFO - 📈 已插入 2700 只基金重仓持仓股信息
2025-08-16 16:21:03,879 - INFO - 📈 已插入 2800 只基金重仓持仓股信息
2025-08-16 16:21:03,896 - INFO - 📈 已插入 2900 只基金重仓持仓股信息
2025-08-16 16:21:03,904 - INFO - ✅ 成功插入 2943 只基金重仓持仓股信息
2025-08-16 16:21:03,904 - INFO - ============================================================
2025-08-16 16:21:03,904 - INFO - 📊 本周数据更新统计
2025-08-16 16:21:03,904 - INFO - ============================================================
2025-08-16 16:21:03,904 - INFO - ⏱️  更新耗时: 0:00:00.748273
2025-08-16 16:21:03,904 - INFO - 📈 实时行情: 0 条
2025-08-16 16:21:03,904 - INFO - 📊 本周K线: 0 条
2025-08-16 16:21:03,904 - INFO - 📅 交易日历: 0 条
2025-08-16 16:21:03,904 - INFO - ✅ 无错误
2025-08-16 16:21:03,904 - INFO - ============================================================
2025-08-16 16:21:03,913 - INFO - 🎉 本周数据更新完成！
2025-08-16 16:21:03,913 - INFO - 数据库连接已关闭
2025-08-16 16:21:03,913 - INFO - ✅ 每周数据更新成功完成
2025-08-16 16:21:50,458 - INFO - 🌟 每周数据更新程序启动
2025-08-16 16:21:50,458 - INFO - 🚀 开始每周数据更新...
2025-08-16 16:21:50,458 - INFO - ============================================================
2025-08-16 16:21:50,468 - INFO - ✅ 成功连接到MySQL数据库
2025-08-16 16:21:50,468 - INFO - 清空该日期披露的基金重仓持仓股...
2025-08-16 16:21:50,509 - INFO - 🚀 开始获取{report_date}季度所有基金重仓持仓股信息...
2025-08-16 16:21:50,620 - ERROR - ✗ 插入基金重仓持仓股信息失败: 'records'
2025-08-16 16:21:50,722 - INFO - ============================================================
2025-08-16 16:21:50,722 - INFO - 📊 本周数据更新统计
2025-08-16 16:21:50,722 - INFO - ============================================================
2025-08-16 16:21:50,722 - INFO - ⏱️  更新耗时: 0:00:00.263650
2025-08-16 16:21:50,722 - INFO - 📈 实时行情: 0 条
2025-08-16 16:21:50,722 - INFO - 📊 本周K线: 0 条
2025-08-16 16:21:50,722 - INFO - 📅 交易日历: 0 条
2025-08-16 16:21:50,722 - INFO - ✅ 无错误
2025-08-16 16:21:50,722 - INFO - ============================================================
2025-08-16 16:21:50,728 - INFO - 🎉 本周数据更新完成！
2025-08-16 16:21:50,728 - INFO - 数据库连接已关闭
2025-08-16 16:21:50,728 - INFO - ✅ 每周数据更新成功完成
2025-08-16 16:22:12,724 - INFO - 🌟 每周数据更新程序启动
2025-08-16 16:22:12,725 - INFO - 🚀 开始每周数据更新...
2025-08-16 16:22:12,725 - INFO - ============================================================
2025-08-16 16:22:12,731 - INFO - ✅ 成功连接到MySQL数据库
2025-08-16 16:22:12,731 - INFO - 清空该日期披露的基金重仓持仓股...
2025-08-16 16:22:12,770 - INFO - 🚀 开始获取{report_date}季度所有基金重仓持仓股信息...
2025-08-16 16:22:12,875 - ERROR - ✗ 插入基金重仓持仓股信息失败: 'records'
2025-08-16 16:22:12,981 - INFO - ============================================================
2025-08-16 16:22:12,982 - INFO - 📊 本周数据更新统计
2025-08-16 16:22:12,982 - INFO - ============================================================
2025-08-16 16:22:12,982 - INFO - ⏱️  更新耗时: 0:00:00.256191
2025-08-16 16:22:12,982 - INFO - 📈 实时行情: 0 条
2025-08-16 16:22:12,982 - INFO - 📊 本周K线: 0 条
2025-08-16 16:22:12,983 - INFO - 📅 交易日历: 0 条
2025-08-16 16:22:12,983 - INFO - ✅ 无错误
2025-08-16 16:22:12,983 - INFO - ============================================================
2025-08-16 16:22:12,989 - INFO - 🎉 本周数据更新完成！
2025-08-16 16:22:12,990 - INFO - 数据库连接已关闭
2025-08-16 16:22:12,990 - INFO - ✅ 每周数据更新成功完成
2025-08-16 16:23:13,775 - INFO - 🌟 每周数据更新程序启动
2025-08-16 16:23:13,775 - INFO - 🚀 开始每周数据更新...
2025-08-16 16:23:13,775 - INFO - ============================================================
2025-08-16 16:23:13,778 - INFO - ✅ 成功连接到MySQL数据库
2025-08-16 16:23:13,778 - INFO - 清空该日期披露的基金重仓持仓股...
2025-08-16 16:23:13,785 - INFO - 🚀 开始获取{report_date}季度所有基金重仓持仓股信息...
2025-08-16 16:23:13,907 - ERROR - ✗ 插入基金重仓持仓股信息失败: 'records'
2025-08-16 16:23:13,908 - INFO - ============================================================
2025-08-16 16:23:13,908 - INFO - 📊 本周数据更新统计
2025-08-16 16:23:13,908 - INFO - ============================================================
2025-08-16 16:23:13,908 - INFO - ⏱️  更新耗时: 0:00:00.133410
2025-08-16 16:23:13,909 - INFO - 📈 实时行情: 0 条
2025-08-16 16:23:13,909 - INFO - 📊 本周K线: 0 条
2025-08-16 16:23:13,909 - INFO - 📅 交易日历: 0 条
2025-08-16 16:23:13,909 - INFO - ✅ 无错误
2025-08-16 16:23:13,909 - INFO - ============================================================
2025-08-16 16:23:13,917 - INFO - 🎉 本周数据更新完成！
2025-08-16 16:23:13,918 - INFO - 数据库连接已关闭
2025-08-16 16:23:13,918 - INFO - ✅ 每周数据更新成功完成
2025-08-16 16:29:07,245 - INFO - 🌟 每周数据更新程序启动
2025-08-16 16:29:07,245 - INFO - 🚀 开始每周数据更新...
2025-08-16 16:29:07,245 - INFO - ============================================================
2025-08-16 16:29:07,248 - INFO - ✅ 成功连接到MySQL数据库
2025-08-16 16:29:07,248 - INFO - 清空该日期披露的基金重仓持仓股...
2025-08-16 16:29:07,251 - INFO - 🚀 开始获取{report_date}季度所有基金重仓持仓股信息...
2025-08-16 16:29:07,388 - ERROR - ✗ 插入基金重仓持仓股信息失败: 'records'
2025-08-16 16:29:07,389 - INFO - ============================================================
2025-08-16 16:29:07,389 - INFO - 📊 本周数据更新统计
2025-08-16 16:29:07,389 - INFO - ============================================================
2025-08-16 16:29:07,389 - INFO - ⏱️  更新耗时: 0:00:00.144417
2025-08-16 16:29:07,389 - INFO - 📈 实时行情: 0 条
2025-08-16 16:29:07,389 - INFO - 📊 本周K线: 0 条
2025-08-16 16:29:07,389 - INFO - 📅 交易日历: 0 条
2025-08-16 16:29:07,389 - INFO - ✅ 无错误
2025-08-16 16:29:07,389 - INFO - ============================================================
2025-08-16 16:29:07,399 - INFO - 🎉 本周数据更新完成！
2025-08-16 16:29:07,400 - INFO - 数据库连接已关闭
2025-08-16 16:29:07,400 - INFO - ✅ 每周数据更新成功完成
2025-08-16 16:29:27,598 - INFO - 🌟 每周数据更新程序启动
2025-08-16 16:29:27,598 - INFO - 🚀 开始每周数据更新...
2025-08-16 16:29:27,598 - INFO - ============================================================
2025-08-16 16:29:27,602 - INFO - ✅ 成功连接到MySQL数据库
2025-08-16 16:29:27,602 - INFO - 清空该日期披露的基金重仓持仓股...
2025-08-16 16:29:27,603 - INFO - 🚀 开始获取{report_date}季度所有基金重仓持仓股信息...
2025-08-16 16:29:27,758 - INFO - 📊 获取到 2943 只股票信息
2025-08-16 16:29:27,779 - INFO - 📈 已插入 100 只基金重仓持仓股信息
2025-08-16 16:29:27,798 - INFO - 📈 已插入 200 只基金重仓持仓股信息
2025-08-16 16:29:27,817 - INFO - 📈 已插入 300 只基金重仓持仓股信息
2025-08-16 16:29:27,830 - INFO - 📈 已插入 400 只基金重仓持仓股信息
2025-08-16 16:29:27,848 - INFO - 📈 已插入 500 只基金重仓持仓股信息
2025-08-16 16:29:27,861 - INFO - 📈 已插入 600 只基金重仓持仓股信息
2025-08-16 16:29:27,877 - INFO - 📈 已插入 700 只基金重仓持仓股信息
2025-08-16 16:29:27,893 - INFO - 📈 已插入 800 只基金重仓持仓股信息
2025-08-16 16:29:27,910 - INFO - 📈 已插入 900 只基金重仓持仓股信息
2025-08-16 16:29:27,930 - INFO - 📈 已插入 1000 只基金重仓持仓股信息
2025-08-16 16:29:27,943 - INFO - 📈 已插入 1100 只基金重仓持仓股信息
2025-08-16 16:29:27,967 - INFO - 📈 已插入 1200 只基金重仓持仓股信息
2025-08-16 16:29:27,996 - INFO - 📈 已插入 1300 只基金重仓持仓股信息
2025-08-16 16:29:28,023 - INFO - 📈 已插入 1400 只基金重仓持仓股信息
2025-08-16 16:29:28,035 - INFO - 📈 已插入 1500 只基金重仓持仓股信息
2025-08-16 16:29:28,055 - INFO - 📈 已插入 1600 只基金重仓持仓股信息
2025-08-16 16:29:28,074 - INFO - 📈 已插入 1700 只基金重仓持仓股信息
2025-08-16 16:29:28,093 - INFO - 📈 已插入 1800 只基金重仓持仓股信息
2025-08-16 16:29:28,109 - INFO - 📈 已插入 1900 只基金重仓持仓股信息
2025-08-16 16:29:28,133 - INFO - 📈 已插入 2000 只基金重仓持仓股信息
2025-08-16 16:29:28,160 - INFO - 📈 已插入 2100 只基金重仓持仓股信息
2025-08-16 16:29:28,202 - INFO - 📈 已插入 2200 只基金重仓持仓股信息
2025-08-16 16:29:28,225 - INFO - 📈 已插入 2300 只基金重仓持仓股信息
2025-08-16 16:29:28,241 - INFO - 📈 已插入 2400 只基金重仓持仓股信息
2025-08-16 16:29:28,261 - INFO - 📈 已插入 2500 只基金重仓持仓股信息
2025-08-16 16:29:28,280 - INFO - 📈 已插入 2600 只基金重仓持仓股信息
2025-08-16 16:29:28,298 - INFO - 📈 已插入 2700 只基金重仓持仓股信息
2025-08-16 16:29:28,316 - INFO - 📈 已插入 2800 只基金重仓持仓股信息
2025-08-16 16:29:28,341 - INFO - 📈 已插入 2900 只基金重仓持仓股信息
2025-08-16 16:29:28,349 - INFO - ✅ 成功插入 2943 只基金重仓持仓股信息
2025-08-16 16:29:28,349 - INFO - ============================================================
2025-08-16 16:29:28,349 - INFO - 📊 本周数据更新统计
2025-08-16 16:29:28,352 - INFO - ============================================================
2025-08-16 16:29:28,353 - INFO - ⏱️  更新耗时: 0:00:00.751684
2025-08-16 16:29:28,353 - INFO - 📈 实时行情: 0 条
2025-08-16 16:29:28,353 - INFO - 📊 本周K线: 0 条
2025-08-16 16:29:28,353 - INFO - 📅 交易日历: 0 条
2025-08-16 16:29:28,353 - INFO - ✅ 无错误
2025-08-16 16:29:28,353 - INFO - ============================================================
2025-08-16 16:29:28,360 - INFO - 🎉 本周数据更新完成！
2025-08-16 16:29:28,360 - INFO - 数据库连接已关闭
2025-08-16 16:29:28,360 - INFO - ✅ 每周数据更新成功完成
2025-08-16 16:29:34,670 - INFO - 🌟 每周数据更新程序启动
2025-08-16 16:29:34,670 - INFO - 🚀 开始每周数据更新...
2025-08-16 16:29:34,670 - INFO - ============================================================
2025-08-16 16:29:34,674 - INFO - ✅ 成功连接到MySQL数据库
2025-08-16 16:29:34,674 - INFO - 清空该日期披露的基金重仓持仓股...
2025-08-16 16:29:34,692 - INFO - 🚀 开始获取{report_date}季度所有基金重仓持仓股信息...
2025-08-16 16:29:34,854 - INFO - 📊 获取到 2943 只股票信息
2025-08-16 16:29:34,872 - INFO - 📈 已插入 100 只基金重仓持仓股信息
2025-08-16 16:29:34,888 - INFO - 📈 已插入 200 只基金重仓持仓股信息
2025-08-16 16:29:34,905 - INFO - 📈 已插入 300 只基金重仓持仓股信息
2025-08-16 16:29:34,919 - INFO - 📈 已插入 400 只基金重仓持仓股信息
2025-08-16 16:29:34,937 - INFO - 📈 已插入 500 只基金重仓持仓股信息
2025-08-16 16:29:34,953 - INFO - 📈 已插入 600 只基金重仓持仓股信息
2025-08-16 16:29:34,973 - INFO - 📈 已插入 700 只基金重仓持仓股信息
2025-08-16 16:29:35,017 - INFO - 📈 已插入 800 只基金重仓持仓股信息
2025-08-16 16:29:35,053 - INFO - 📈 已插入 900 只基金重仓持仓股信息
2025-08-16 16:29:35,078 - INFO - 📈 已插入 1000 只基金重仓持仓股信息
2025-08-16 16:29:35,093 - INFO - 📈 已插入 1100 只基金重仓持仓股信息
2025-08-16 16:29:35,113 - INFO - 📈 已插入 1200 只基金重仓持仓股信息
2025-08-16 16:29:35,129 - INFO - 📈 已插入 1300 只基金重仓持仓股信息
2025-08-16 16:29:35,142 - INFO - 📈 已插入 1400 只基金重仓持仓股信息
2025-08-16 16:29:35,158 - INFO - 📈 已插入 1500 只基金重仓持仓股信息
2025-08-16 16:29:35,183 - INFO - 📈 已插入 1600 只基金重仓持仓股信息
2025-08-16 16:29:35,214 - INFO - 📈 已插入 1700 只基金重仓持仓股信息
2025-08-16 16:29:35,244 - INFO - 📈 已插入 1800 只基金重仓持仓股信息
2025-08-16 16:29:35,269 - INFO - 📈 已插入 1900 只基金重仓持仓股信息
2025-08-16 16:29:35,286 - INFO - 📈 已插入 2000 只基金重仓持仓股信息
2025-08-16 16:29:35,300 - INFO - 📈 已插入 2100 只基金重仓持仓股信息
2025-08-16 16:29:35,317 - INFO - 📈 已插入 2200 只基金重仓持仓股信息
2025-08-16 16:29:35,331 - INFO - 📈 已插入 2300 只基金重仓持仓股信息
2025-08-16 16:29:35,344 - INFO - 📈 已插入 2400 只基金重仓持仓股信息
2025-08-16 16:29:35,361 - INFO - 📈 已插入 2500 只基金重仓持仓股信息
2025-08-16 16:29:35,378 - INFO - 📈 已插入 2600 只基金重仓持仓股信息
2025-08-16 16:29:35,392 - INFO - 📈 已插入 2700 只基金重仓持仓股信息
2025-08-16 16:29:35,409 - INFO - 📈 已插入 2800 只基金重仓持仓股信息
2025-08-16 16:29:35,424 - INFO - 📈 已插入 2900 只基金重仓持仓股信息
2025-08-16 16:29:35,431 - INFO - ✅ 成功插入 2943 只基金重仓持仓股信息
2025-08-16 16:29:35,431 - INFO - ============================================================
2025-08-16 16:29:35,431 - INFO - 📊 本周数据更新统计
2025-08-16 16:29:35,431 - INFO - ============================================================
2025-08-16 16:29:35,435 - INFO - ⏱️  更新耗时: 0:00:00.761716
2025-08-16 16:29:35,435 - INFO - 📈 实时行情: 0 条
2025-08-16 16:29:35,435 - INFO - 📊 本周K线: 0 条
2025-08-16 16:29:35,435 - INFO - 📅 交易日历: 0 条
2025-08-16 16:29:35,435 - INFO - ✅ 无错误
2025-08-16 16:29:35,435 - INFO - ============================================================
2025-08-16 16:29:35,443 - INFO - 🎉 本周数据更新完成！
2025-08-16 16:29:35,443 - INFO - 数据库连接已关闭
2025-08-16 16:29:35,443 - INFO - ✅ 每周数据更新成功完成
2025-08-16 16:29:58,378 - INFO - 🌟 每周数据更新程序启动
2025-08-16 16:29:58,378 - INFO - 🚀 开始每周数据更新...
2025-08-16 16:29:58,378 - INFO - ============================================================
2025-08-16 16:29:58,381 - INFO - ✅ 成功连接到MySQL数据库
2025-08-16 16:29:58,381 - INFO - 清空该日期披露的基金重仓持仓股...
2025-08-16 16:29:58,381 - INFO - 🚀 开始获取{report_date}季度所有基金重仓持仓股信息...
2025-08-16 16:29:58,819 - INFO - 📊 获取到 2808 只股票信息
2025-08-16 16:29:58,847 - INFO - 📈 已插入 100 只基金重仓持仓股信息
2025-08-16 16:29:58,863 - INFO - 📈 已插入 200 只基金重仓持仓股信息
2025-08-16 16:29:58,878 - INFO - 📈 已插入 300 只基金重仓持仓股信息
2025-08-16 16:29:58,894 - INFO - 📈 已插入 400 只基金重仓持仓股信息
2025-08-16 16:29:58,908 - INFO - 📈 已插入 500 只基金重仓持仓股信息
2025-08-16 16:29:58,918 - INFO - 📈 已插入 600 只基金重仓持仓股信息
2025-08-16 16:29:58,937 - INFO - 📈 已插入 700 只基金重仓持仓股信息
2025-08-16 16:29:58,951 - INFO - 📈 已插入 800 只基金重仓持仓股信息
2025-08-16 16:29:58,968 - INFO - 📈 已插入 900 只基金重仓持仓股信息
2025-08-16 16:29:58,991 - INFO - 📈 已插入 1000 只基金重仓持仓股信息
2025-08-16 16:29:59,011 - INFO - 📈 已插入 1100 只基金重仓持仓股信息
2025-08-16 16:29:59,033 - INFO - 📈 已插入 1200 只基金重仓持仓股信息
2025-08-16 16:29:59,047 - INFO - 📈 已插入 1300 只基金重仓持仓股信息
2025-08-16 16:29:59,062 - INFO - 📈 已插入 1400 只基金重仓持仓股信息
2025-08-16 16:29:59,079 - INFO - 📈 已插入 1500 只基金重仓持仓股信息
2025-08-16 16:29:59,095 - INFO - 📈 已插入 1600 只基金重仓持仓股信息
2025-08-16 16:29:59,115 - INFO - 📈 已插入 1700 只基金重仓持仓股信息
2025-08-16 16:29:59,129 - INFO - 📈 已插入 1800 只基金重仓持仓股信息
2025-08-16 16:29:59,148 - INFO - 📈 已插入 1900 只基金重仓持仓股信息
2025-08-16 16:29:59,167 - INFO - 📈 已插入 2000 只基金重仓持仓股信息
2025-08-16 16:29:59,191 - INFO - 📈 已插入 2100 只基金重仓持仓股信息
2025-08-16 16:29:59,208 - INFO - 📈 已插入 2200 只基金重仓持仓股信息
2025-08-16 16:29:59,227 - INFO - 📈 已插入 2300 只基金重仓持仓股信息
2025-08-16 16:29:59,242 - INFO - 📈 已插入 2400 只基金重仓持仓股信息
2025-08-16 16:29:59,259 - INFO - 📈 已插入 2500 只基金重仓持仓股信息
2025-08-16 16:29:59,275 - INFO - 📈 已插入 2600 只基金重仓持仓股信息
2025-08-16 16:29:59,290 - INFO - 📈 已插入 2700 只基金重仓持仓股信息
2025-08-16 16:29:59,317 - INFO - 📈 已插入 2800 只基金重仓持仓股信息
2025-08-16 16:29:59,337 - INFO - ✅ 成功插入 2808 只基金重仓持仓股信息
2025-08-16 16:29:59,338 - INFO - ============================================================
2025-08-16 16:29:59,338 - INFO - 📊 本周数据更新统计
2025-08-16 16:29:59,338 - INFO - ============================================================
2025-08-16 16:29:59,339 - INFO - ⏱️  更新耗时: 0:00:00.960490
2025-08-16 16:29:59,339 - INFO - 📈 实时行情: 0 条
2025-08-16 16:29:59,339 - INFO - 📊 本周K线: 0 条
2025-08-16 16:29:59,339 - INFO - 📅 交易日历: 0 条
2025-08-16 16:29:59,339 - INFO - ✅ 无错误
2025-08-16 16:29:59,339 - INFO - ============================================================
2025-08-16 16:29:59,347 - INFO - 🎉 本周数据更新完成！
2025-08-16 16:29:59,347 - INFO - 数据库连接已关闭
2025-08-16 16:29:59,347 - INFO - ✅ 每周数据更新成功完成
2025-08-16 16:30:32,111 - INFO - 🌟 每周数据更新程序启动
2025-08-16 16:30:32,111 - INFO - 🚀 开始每周数据更新...
2025-08-16 16:30:32,111 - INFO - ============================================================
2025-08-16 16:30:32,116 - INFO - ✅ 成功连接到MySQL数据库
2025-08-16 16:30:32,116 - INFO - 清空该日期披露的基金重仓持仓股...
2025-08-16 16:30:32,123 - INFO - 🚀 开始获取{report_date}季度所有基金重仓持仓股信息...
2025-08-16 16:30:32,891 - INFO - 📊 获取到 5208 只股票信息
2025-08-16 16:30:32,916 - INFO - 📈 已插入 100 只基金重仓持仓股信息
2025-08-16 16:30:32,950 - INFO - 📈 已插入 200 只基金重仓持仓股信息
2025-08-16 16:30:32,967 - INFO - 📈 已插入 300 只基金重仓持仓股信息
2025-08-16 16:30:32,981 - INFO - 📈 已插入 400 只基金重仓持仓股信息
2025-08-16 16:30:32,997 - INFO - 📈 已插入 500 只基金重仓持仓股信息
2025-08-16 16:30:33,013 - INFO - 📈 已插入 600 只基金重仓持仓股信息
2025-08-16 16:30:33,027 - INFO - 📈 已插入 700 只基金重仓持仓股信息
2025-08-16 16:30:33,040 - INFO - 📈 已插入 800 只基金重仓持仓股信息
2025-08-16 16:30:33,056 - INFO - 📈 已插入 900 只基金重仓持仓股信息
2025-08-16 16:30:33,074 - INFO - 📈 已插入 1000 只基金重仓持仓股信息
2025-08-16 16:30:33,087 - INFO - 📈 已插入 1100 只基金重仓持仓股信息
2025-08-16 16:30:33,098 - INFO - 📈 已插入 1200 只基金重仓持仓股信息
2025-08-16 16:30:33,118 - INFO - 📈 已插入 1300 只基金重仓持仓股信息
2025-08-16 16:30:33,129 - INFO - 📈 已插入 1400 只基金重仓持仓股信息
2025-08-16 16:30:33,148 - INFO - 📈 已插入 1500 只基金重仓持仓股信息
2025-08-16 16:30:33,162 - INFO - 📈 已插入 1600 只基金重仓持仓股信息
2025-08-16 16:30:33,180 - INFO - 📈 已插入 1700 只基金重仓持仓股信息
2025-08-16 16:30:33,192 - INFO - 📈 已插入 1800 只基金重仓持仓股信息
2025-08-16 16:30:33,205 - INFO - 📈 已插入 1900 只基金重仓持仓股信息
2025-08-16 16:30:33,223 - INFO - 📈 已插入 2000 只基金重仓持仓股信息
2025-08-16 16:30:33,237 - INFO - 📈 已插入 2100 只基金重仓持仓股信息
2025-08-16 16:30:33,250 - INFO - 📈 已插入 2200 只基金重仓持仓股信息
2025-08-16 16:30:33,266 - INFO - 📈 已插入 2300 只基金重仓持仓股信息
2025-08-16 16:30:33,279 - INFO - 📈 已插入 2400 只基金重仓持仓股信息
2025-08-16 16:30:33,295 - INFO - 📈 已插入 2500 只基金重仓持仓股信息
2025-08-16 16:30:33,310 - INFO - 📈 已插入 2600 只基金重仓持仓股信息
2025-08-16 16:30:33,324 - INFO - 📈 已插入 2700 只基金重仓持仓股信息
2025-08-16 16:30:33,336 - INFO - 📈 已插入 2800 只基金重仓持仓股信息
2025-08-16 16:30:33,352 - INFO - 📈 已插入 2900 只基金重仓持仓股信息
2025-08-16 16:30:33,367 - INFO - 📈 已插入 3000 只基金重仓持仓股信息
2025-08-16 16:30:33,381 - INFO - 📈 已插入 3100 只基金重仓持仓股信息
2025-08-16 16:30:33,397 - INFO - 📈 已插入 3200 只基金重仓持仓股信息
2025-08-16 16:30:33,425 - INFO - 📈 已插入 3300 只基金重仓持仓股信息
2025-08-16 16:30:33,439 - INFO - 📈 已插入 3400 只基金重仓持仓股信息
2025-08-16 16:30:33,450 - INFO - 📈 已插入 3500 只基金重仓持仓股信息
2025-08-16 16:30:33,465 - INFO - 📈 已插入 3600 只基金重仓持仓股信息
2025-08-16 16:30:33,480 - INFO - 📈 已插入 3700 只基金重仓持仓股信息
2025-08-16 16:30:33,495 - INFO - 📈 已插入 3800 只基金重仓持仓股信息
2025-08-16 16:30:33,535 - INFO - 📈 已插入 3900 只基金重仓持仓股信息
2025-08-16 16:30:33,565 - INFO - 📈 已插入 4000 只基金重仓持仓股信息
2025-08-16 16:30:33,592 - INFO - 📈 已插入 4100 只基金重仓持仓股信息
2025-08-16 16:30:33,620 - INFO - 📈 已插入 4200 只基金重仓持仓股信息
2025-08-16 16:30:33,655 - INFO - 📈 已插入 4300 只基金重仓持仓股信息
2025-08-16 16:30:33,668 - INFO - 📈 已插入 4400 只基金重仓持仓股信息
2025-08-16 16:30:33,684 - INFO - 📈 已插入 4500 只基金重仓持仓股信息
2025-08-16 16:30:33,704 - INFO - 📈 已插入 4600 只基金重仓持仓股信息
2025-08-16 16:30:33,719 - INFO - 📈 已插入 4700 只基金重仓持仓股信息
2025-08-16 16:30:33,728 - INFO - 📈 已插入 4800 只基金重仓持仓股信息
2025-08-16 16:30:33,744 - INFO - 📈 已插入 4900 只基金重仓持仓股信息
2025-08-16 16:30:33,758 - INFO - 📈 已插入 5000 只基金重仓持仓股信息
2025-08-16 16:30:33,776 - INFO - 📈 已插入 5100 只基金重仓持仓股信息
2025-08-16 16:30:33,790 - INFO - 📈 已插入 5200 只基金重仓持仓股信息
2025-08-16 16:30:33,797 - INFO - ✅ 成功插入 5208 只基金重仓持仓股信息
2025-08-16 16:30:33,797 - INFO - ============================================================
2025-08-16 16:30:33,799 - INFO - 📊 本周数据更新统计
2025-08-16 16:30:33,799 - INFO - ============================================================
2025-08-16 16:30:33,799 - INFO - ⏱️  更新耗时: 0:00:01.685642
2025-08-16 16:30:33,799 - INFO - 📈 实时行情: 0 条
2025-08-16 16:30:33,799 - INFO - 📊 本周K线: 0 条
2025-08-16 16:30:33,799 - INFO - 📅 交易日历: 0 条
2025-08-16 16:30:33,799 - INFO - ✅ 无错误
2025-08-16 16:30:33,799 - INFO - ============================================================
2025-08-16 16:30:33,807 - INFO - 🎉 本周数据更新完成！
2025-08-16 16:30:33,807 - INFO - 数据库连接已关闭
2025-08-16 16:30:33,807 - INFO - ✅ 每周数据更新成功完成
2025-08-16 16:31:22,397 - INFO - 🌟 每周数据更新程序启动
2025-08-16 16:31:22,397 - INFO - 🚀 开始每周数据更新...
2025-08-16 16:31:22,397 - INFO - ============================================================
2025-08-16 16:31:22,401 - INFO - ✅ 成功连接到MySQL数据库
2025-08-16 16:31:22,401 - INFO - 清空该日期披露的基金重仓持仓股...
2025-08-16 16:31:22,408 - INFO - 🚀 开始获取{report_date}季度所有基金重仓持仓股信息...
2025-08-16 16:31:22,815 - INFO - 📊 获取到 2646 只股票信息
2025-08-16 16:31:22,829 - INFO - 📈 已插入 100 只基金重仓持仓股信息
2025-08-16 16:31:22,844 - INFO - 📈 已插入 200 只基金重仓持仓股信息
2025-08-16 16:31:22,857 - INFO - 📈 已插入 300 只基金重仓持仓股信息
2025-08-16 16:31:22,878 - INFO - 📈 已插入 400 只基金重仓持仓股信息
2025-08-16 16:31:22,890 - INFO - 📈 已插入 500 只基金重仓持仓股信息
2025-08-16 16:31:22,907 - INFO - 📈 已插入 600 只基金重仓持仓股信息
2025-08-16 16:31:22,923 - INFO - 📈 已插入 700 只基金重仓持仓股信息
2025-08-16 16:31:22,940 - INFO - 📈 已插入 800 只基金重仓持仓股信息
2025-08-16 16:31:22,951 - INFO - 📈 已插入 900 只基金重仓持仓股信息
2025-08-16 16:31:22,967 - INFO - 📈 已插入 1000 只基金重仓持仓股信息
2025-08-16 16:31:22,981 - INFO - 📈 已插入 1100 只基金重仓持仓股信息
2025-08-16 16:31:22,998 - INFO - 📈 已插入 1200 只基金重仓持仓股信息
2025-08-16 16:31:23,021 - INFO - 📈 已插入 1300 只基金重仓持仓股信息
2025-08-16 16:31:23,041 - INFO - 📈 已插入 1400 只基金重仓持仓股信息
2025-08-16 16:31:23,058 - INFO - 📈 已插入 1500 只基金重仓持仓股信息
2025-08-16 16:31:23,075 - INFO - 📈 已插入 1600 只基金重仓持仓股信息
2025-08-16 16:31:23,090 - INFO - 📈 已插入 1700 只基金重仓持仓股信息
2025-08-16 16:31:23,105 - INFO - 📈 已插入 1800 只基金重仓持仓股信息
2025-08-16 16:31:23,123 - INFO - 📈 已插入 1900 只基金重仓持仓股信息
2025-08-16 16:31:23,135 - INFO - 📈 已插入 2000 只基金重仓持仓股信息
2025-08-16 16:31:23,156 - INFO - 📈 已插入 2100 只基金重仓持仓股信息
2025-08-16 16:31:23,169 - INFO - 📈 已插入 2200 只基金重仓持仓股信息
2025-08-16 16:31:23,183 - INFO - 📈 已插入 2300 只基金重仓持仓股信息
2025-08-16 16:31:23,197 - INFO - 📈 已插入 2400 只基金重仓持仓股信息
2025-08-16 16:31:23,212 - INFO - 📈 已插入 2500 只基金重仓持仓股信息
2025-08-16 16:31:23,225 - INFO - 📈 已插入 2600 只基金重仓持仓股信息
2025-08-16 16:31:23,233 - INFO - ✅ 成功插入 2646 只基金重仓持仓股信息
2025-08-16 16:31:23,233 - INFO - ============================================================
2025-08-16 16:31:23,235 - INFO - 📊 本周数据更新统计
2025-08-16 16:31:23,235 - INFO - ============================================================
2025-08-16 16:31:23,235 - INFO - ⏱️  更新耗时: 0:00:00.836095
2025-08-16 16:31:23,235 - INFO - 📈 实时行情: 0 条
2025-08-16 16:31:23,235 - INFO - 📊 本周K线: 0 条
2025-08-16 16:31:23,235 - INFO - 📅 交易日历: 0 条
2025-08-16 16:31:23,235 - INFO - ✅ 无错误
2025-08-16 16:31:23,235 - INFO - ============================================================
2025-08-16 16:31:23,240 - INFO - 🎉 本周数据更新完成！
2025-08-16 16:31:23,240 - INFO - 数据库连接已关闭
2025-08-16 16:31:23,244 - INFO - ✅ 每周数据更新成功完成
2025-08-16 16:32:17,179 - INFO - 🌟 每周数据更新程序启动
2025-08-16 16:32:17,179 - INFO - 🚀 开始每周数据更新...
2025-08-16 16:32:17,179 - INFO - ============================================================
2025-08-16 16:32:17,184 - INFO - ✅ 成功连接到MySQL数据库
2025-08-16 16:32:17,184 - INFO - 清空该日期披露的基金重仓持仓股...
2025-08-16 16:32:17,194 - INFO - 🚀 开始获取{report_date}季度所有基金重仓持仓股信息...
2025-08-16 16:32:17,791 - INFO - 📊 获取到 5066 只股票信息
2025-08-16 16:32:17,805 - INFO - 📈 已插入 100 只基金重仓持仓股信息
2025-08-16 16:32:17,824 - INFO - 📈 已插入 200 只基金重仓持仓股信息
2025-08-16 16:32:17,839 - INFO - 📈 已插入 300 只基金重仓持仓股信息
2025-08-16 16:32:17,854 - INFO - 📈 已插入 400 只基金重仓持仓股信息
2025-08-16 16:32:17,869 - INFO - 📈 已插入 500 只基金重仓持仓股信息
2025-08-16 16:32:17,884 - INFO - 📈 已插入 600 只基金重仓持仓股信息
2025-08-16 16:32:17,895 - INFO - 📈 已插入 700 只基金重仓持仓股信息
2025-08-16 16:32:17,909 - INFO - 📈 已插入 800 只基金重仓持仓股信息
2025-08-16 16:32:17,924 - INFO - 📈 已插入 900 只基金重仓持仓股信息
2025-08-16 16:32:17,937 - INFO - 📈 已插入 1000 只基金重仓持仓股信息
2025-08-16 16:32:17,949 - INFO - 📈 已插入 1100 只基金重仓持仓股信息
2025-08-16 16:32:17,959 - INFO - 📈 已插入 1200 只基金重仓持仓股信息
2025-08-16 16:32:17,973 - INFO - 📈 已插入 1300 只基金重仓持仓股信息
2025-08-16 16:32:17,989 - INFO - 📈 已插入 1400 只基金重仓持仓股信息
2025-08-16 16:32:18,006 - INFO - 📈 已插入 1500 只基金重仓持仓股信息
2025-08-16 16:32:18,020 - INFO - 📈 已插入 1600 只基金重仓持仓股信息
2025-08-16 16:32:18,036 - INFO - 📈 已插入 1700 只基金重仓持仓股信息
2025-08-16 16:32:18,047 - INFO - 📈 已插入 1800 只基金重仓持仓股信息
2025-08-16 16:32:18,060 - INFO - 📈 已插入 1900 只基金重仓持仓股信息
2025-08-16 16:32:18,072 - INFO - 📈 已插入 2000 只基金重仓持仓股信息
2025-08-16 16:32:18,088 - INFO - 📈 已插入 2100 只基金重仓持仓股信息
2025-08-16 16:32:18,099 - INFO - 📈 已插入 2200 只基金重仓持仓股信息
2025-08-16 16:32:18,115 - INFO - 📈 已插入 2300 只基金重仓持仓股信息
2025-08-16 16:32:18,135 - INFO - 📈 已插入 2400 只基金重仓持仓股信息
2025-08-16 16:32:18,152 - INFO - 📈 已插入 2500 只基金重仓持仓股信息
2025-08-16 16:32:18,163 - INFO - 📈 已插入 2600 只基金重仓持仓股信息
2025-08-16 16:32:18,181 - INFO - 📈 已插入 2700 只基金重仓持仓股信息
2025-08-16 16:32:18,214 - INFO - 📈 已插入 2800 只基金重仓持仓股信息
2025-08-16 16:32:18,238 - INFO - 📈 已插入 2900 只基金重仓持仓股信息
2025-08-16 16:32:18,268 - INFO - 📈 已插入 3000 只基金重仓持仓股信息
2025-08-16 16:32:18,284 - INFO - 📈 已插入 3100 只基金重仓持仓股信息
2025-08-16 16:32:18,300 - INFO - 📈 已插入 3200 只基金重仓持仓股信息
2025-08-16 16:32:18,316 - INFO - 📈 已插入 3300 只基金重仓持仓股信息
2025-08-16 16:32:18,327 - INFO - 📈 已插入 3400 只基金重仓持仓股信息
2025-08-16 16:32:18,339 - INFO - 📈 已插入 3500 只基金重仓持仓股信息
2025-08-16 16:32:18,354 - INFO - 📈 已插入 3600 只基金重仓持仓股信息
2025-08-16 16:32:18,368 - INFO - 📈 已插入 3700 只基金重仓持仓股信息
2025-08-16 16:32:18,385 - INFO - 📈 已插入 3800 只基金重仓持仓股信息
2025-08-16 16:32:18,399 - INFO - 📈 已插入 3900 只基金重仓持仓股信息
2025-08-16 16:32:18,409 - INFO - 📈 已插入 4000 只基金重仓持仓股信息
2025-08-16 16:32:18,425 - INFO - 📈 已插入 4100 只基金重仓持仓股信息
2025-08-16 16:32:18,438 - INFO - 📈 已插入 4200 只基金重仓持仓股信息
2025-08-16 16:32:18,454 - INFO - 📈 已插入 4300 只基金重仓持仓股信息
2025-08-16 16:32:18,470 - INFO - 📈 已插入 4400 只基金重仓持仓股信息
2025-08-16 16:32:18,484 - INFO - 📈 已插入 4500 只基金重仓持仓股信息
2025-08-16 16:32:18,500 - INFO - 📈 已插入 4600 只基金重仓持仓股信息
2025-08-16 16:32:18,514 - INFO - 📈 已插入 4700 只基金重仓持仓股信息
2025-08-16 16:32:18,529 - INFO - 📈 已插入 4800 只基金重仓持仓股信息
2025-08-16 16:32:18,539 - INFO - 📈 已插入 4900 只基金重仓持仓股信息
2025-08-16 16:32:18,556 - INFO - 📈 已插入 5000 只基金重仓持仓股信息
2025-08-16 16:32:18,565 - INFO - ✅ 成功插入 5066 只基金重仓持仓股信息
2025-08-16 16:32:18,565 - INFO - ============================================================
2025-08-16 16:32:18,569 - INFO - 📊 本周数据更新统计
2025-08-16 16:32:18,569 - INFO - ============================================================
2025-08-16 16:32:18,569 - INFO - ⏱️  更新耗时: 0:00:01.386509
2025-08-16 16:32:18,569 - INFO - 📈 实时行情: 0 条
2025-08-16 16:32:18,569 - INFO - 📊 本周K线: 0 条
2025-08-16 16:32:18,569 - INFO - 📅 交易日历: 0 条
2025-08-16 16:32:18,569 - INFO - ✅ 无错误
2025-08-16 16:32:18,569 - INFO - ============================================================
2025-08-16 16:32:18,577 - INFO - 🎉 本周数据更新完成！
2025-08-16 16:32:18,577 - INFO - 数据库连接已关闭
2025-08-16 16:32:18,577 - INFO - ✅ 每周数据更新成功完成
2025-08-16 16:32:34,512 - INFO - 🌟 每周数据更新程序启动
2025-08-16 16:32:34,513 - INFO - 🚀 开始每周数据更新...
2025-08-16 16:32:34,513 - INFO - ============================================================
2025-08-16 16:32:34,516 - INFO - ✅ 成功连接到MySQL数据库
2025-08-16 16:32:34,516 - INFO - 清空该日期披露的基金重仓持仓股...
2025-08-16 16:32:34,526 - INFO - 🚀 开始获取{report_date}季度所有基金重仓持仓股信息...
2025-08-16 16:32:34,937 - INFO - 📊 获取到 2932 只股票信息
2025-08-16 16:32:34,966 - INFO - 📈 已插入 100 只基金重仓持仓股信息
2025-08-16 16:32:34,980 - INFO - 📈 已插入 200 只基金重仓持仓股信息
2025-08-16 16:32:34,992 - INFO - 📈 已插入 300 只基金重仓持仓股信息
2025-08-16 16:32:35,008 - INFO - 📈 已插入 400 只基金重仓持仓股信息
2025-08-16 16:32:35,023 - INFO - 📈 已插入 500 只基金重仓持仓股信息
2025-08-16 16:32:35,038 - INFO - 📈 已插入 600 只基金重仓持仓股信息
2025-08-16 16:32:35,055 - INFO - 📈 已插入 700 只基金重仓持仓股信息
2025-08-16 16:32:35,065 - INFO - 📈 已插入 800 只基金重仓持仓股信息
2025-08-16 16:32:35,084 - INFO - 📈 已插入 900 只基金重仓持仓股信息
2025-08-16 16:32:35,100 - INFO - 📈 已插入 1000 只基金重仓持仓股信息
2025-08-16 16:32:35,113 - INFO - 📈 已插入 1100 只基金重仓持仓股信息
2025-08-16 16:32:35,124 - INFO - 📈 已插入 1200 只基金重仓持仓股信息
2025-08-16 16:32:35,139 - INFO - 📈 已插入 1300 只基金重仓持仓股信息
2025-08-16 16:32:35,158 - INFO - 📈 已插入 1400 只基金重仓持仓股信息
2025-08-16 16:32:35,174 - INFO - 📈 已插入 1500 只基金重仓持仓股信息
2025-08-16 16:32:35,190 - INFO - 📈 已插入 1600 只基金重仓持仓股信息
2025-08-16 16:32:35,205 - INFO - 📈 已插入 1700 只基金重仓持仓股信息
2025-08-16 16:32:35,218 - INFO - 📈 已插入 1800 只基金重仓持仓股信息
2025-08-16 16:32:35,234 - INFO - 📈 已插入 1900 只基金重仓持仓股信息
2025-08-16 16:32:35,245 - INFO - 📈 已插入 2000 只基金重仓持仓股信息
2025-08-16 16:32:35,264 - INFO - 📈 已插入 2100 只基金重仓持仓股信息
2025-08-16 16:32:35,283 - INFO - 📈 已插入 2200 只基金重仓持仓股信息
2025-08-16 16:32:35,312 - INFO - 📈 已插入 2300 只基金重仓持仓股信息
2025-08-16 16:32:35,347 - INFO - 📈 已插入 2400 只基金重仓持仓股信息
2025-08-16 16:32:35,364 - INFO - 📈 已插入 2500 只基金重仓持仓股信息
2025-08-16 16:32:35,383 - INFO - 📈 已插入 2600 只基金重仓持仓股信息
2025-08-16 16:32:35,398 - INFO - 📈 已插入 2700 只基金重仓持仓股信息
2025-08-16 16:32:35,414 - INFO - 📈 已插入 2800 只基金重仓持仓股信息
2025-08-16 16:32:35,427 - INFO - 📈 已插入 2900 只基金重仓持仓股信息
2025-08-16 16:32:35,438 - INFO - ✅ 成功插入 2932 只基金重仓持仓股信息
2025-08-16 16:32:35,438 - INFO - ============================================================
2025-08-16 16:32:35,438 - INFO - 📊 本周数据更新统计
2025-08-16 16:32:35,439 - INFO - ============================================================
2025-08-16 16:32:35,439 - INFO - ⏱️  更新耗时: 0:00:00.924653
2025-08-16 16:32:35,439 - INFO - 📈 实时行情: 0 条
2025-08-16 16:32:35,439 - INFO - 📊 本周K线: 0 条
2025-08-16 16:32:35,439 - INFO - 📅 交易日历: 0 条
2025-08-16 16:32:35,439 - INFO - ✅ 无错误
2025-08-16 16:32:35,439 - INFO - ============================================================
2025-08-16 16:32:35,445 - INFO - 🎉 本周数据更新完成！
2025-08-16 16:32:35,445 - INFO - 数据库连接已关闭
2025-08-16 16:32:35,445 - INFO - ✅ 每周数据更新成功完成
2025-08-16 16:32:49,683 - INFO - 🌟 每周数据更新程序启动
2025-08-16 16:32:49,683 - INFO - 🚀 开始每周数据更新...
2025-08-16 16:32:49,683 - INFO - ============================================================
2025-08-16 16:32:49,685 - INFO - ✅ 成功连接到MySQL数据库
2025-08-16 16:32:49,685 - INFO - 清空该日期披露的基金重仓持仓股...
2025-08-16 16:32:49,703 - INFO - 🚀 开始获取{report_date}季度所有基金重仓持仓股信息...
2025-08-16 16:32:50,417 - INFO - 📊 获取到 5113 只股票信息
2025-08-16 16:32:50,435 - INFO - 📈 已插入 100 只基金重仓持仓股信息
2025-08-16 16:32:50,446 - INFO - 📈 已插入 200 只基金重仓持仓股信息
2025-08-16 16:32:50,465 - INFO - 📈 已插入 300 只基金重仓持仓股信息
2025-08-16 16:32:50,476 - INFO - 📈 已插入 400 只基金重仓持仓股信息
2025-08-16 16:32:50,493 - INFO - 📈 已插入 500 只基金重仓持仓股信息
2025-08-16 16:32:50,510 - INFO - 📈 已插入 600 只基金重仓持仓股信息
2025-08-16 16:32:50,526 - INFO - 📈 已插入 700 只基金重仓持仓股信息
2025-08-16 16:32:50,543 - INFO - 📈 已插入 800 只基金重仓持仓股信息
2025-08-16 16:32:50,555 - INFO - 📈 已插入 900 只基金重仓持仓股信息
2025-08-16 16:32:50,574 - INFO - 📈 已插入 1000 只基金重仓持仓股信息
2025-08-16 16:32:50,588 - INFO - 📈 已插入 1100 只基金重仓持仓股信息
2025-08-16 16:32:50,617 - INFO - 📈 已插入 1200 只基金重仓持仓股信息
2025-08-16 16:32:50,635 - INFO - 📈 已插入 1300 只基金重仓持仓股信息
2025-08-16 16:32:50,650 - INFO - 📈 已插入 1400 只基金重仓持仓股信息
2025-08-16 16:32:50,665 - INFO - 📈 已插入 1500 只基金重仓持仓股信息
2025-08-16 16:32:50,681 - INFO - 📈 已插入 1600 只基金重仓持仓股信息
2025-08-16 16:32:50,700 - INFO - 📈 已插入 1700 只基金重仓持仓股信息
2025-08-16 16:32:50,716 - INFO - 📈 已插入 1800 只基金重仓持仓股信息
2025-08-16 16:32:50,733 - INFO - 📈 已插入 1900 只基金重仓持仓股信息
2025-08-16 16:32:50,747 - INFO - 📈 已插入 2000 只基金重仓持仓股信息
2025-08-16 16:32:50,763 - INFO - 📈 已插入 2100 只基金重仓持仓股信息
2025-08-16 16:32:50,778 - INFO - 📈 已插入 2200 只基金重仓持仓股信息
2025-08-16 16:32:50,796 - INFO - 📈 已插入 2300 只基金重仓持仓股信息
2025-08-16 16:32:50,811 - INFO - 📈 已插入 2400 只基金重仓持仓股信息
2025-08-16 16:32:50,829 - INFO - 📈 已插入 2500 只基金重仓持仓股信息
2025-08-16 16:32:50,843 - INFO - 📈 已插入 2600 只基金重仓持仓股信息
2025-08-16 16:32:50,859 - INFO - 📈 已插入 2700 只基金重仓持仓股信息
2025-08-16 16:32:50,874 - INFO - 📈 已插入 2800 只基金重仓持仓股信息
2025-08-16 16:32:50,887 - INFO - 📈 已插入 2900 只基金重仓持仓股信息
2025-08-16 16:32:50,898 - INFO - 📈 已插入 3000 只基金重仓持仓股信息
2025-08-16 16:32:50,917 - INFO - 📈 已插入 3100 只基金重仓持仓股信息
2025-08-16 16:32:50,931 - INFO - 📈 已插入 3200 只基金重仓持仓股信息
2025-08-16 16:32:50,944 - INFO - 📈 已插入 3300 只基金重仓持仓股信息
2025-08-16 16:32:50,959 - INFO - 📈 已插入 3400 只基金重仓持仓股信息
2025-08-16 16:32:50,971 - INFO - 📈 已插入 3500 只基金重仓持仓股信息
2025-08-16 16:32:50,994 - INFO - 📈 已插入 3600 只基金重仓持仓股信息
2025-08-16 16:32:51,008 - INFO - 📈 已插入 3700 只基金重仓持仓股信息
2025-08-16 16:32:51,023 - INFO - 📈 已插入 3800 只基金重仓持仓股信息
2025-08-16 16:32:51,041 - INFO - 📈 已插入 3900 只基金重仓持仓股信息
2025-08-16 16:32:51,055 - INFO - 📈 已插入 4000 只基金重仓持仓股信息
2025-08-16 16:32:51,073 - INFO - 📈 已插入 4100 只基金重仓持仓股信息
2025-08-16 16:32:51,088 - INFO - 📈 已插入 4200 只基金重仓持仓股信息
2025-08-16 16:32:51,103 - INFO - 📈 已插入 4300 只基金重仓持仓股信息
2025-08-16 16:32:51,116 - INFO - 📈 已插入 4400 只基金重仓持仓股信息
2025-08-16 16:32:51,133 - INFO - 📈 已插入 4500 只基金重仓持仓股信息
2025-08-16 16:32:51,148 - INFO - 📈 已插入 4600 只基金重仓持仓股信息
2025-08-16 16:32:51,163 - INFO - 📈 已插入 4700 只基金重仓持仓股信息
2025-08-16 16:32:51,175 - INFO - 📈 已插入 4800 只基金重仓持仓股信息
2025-08-16 16:32:51,195 - INFO - 📈 已插入 4900 只基金重仓持仓股信息
2025-08-16 16:32:51,209 - INFO - 📈 已插入 5000 只基金重仓持仓股信息
2025-08-16 16:32:51,225 - INFO - 📈 已插入 5100 只基金重仓持仓股信息
2025-08-16 16:32:51,231 - INFO - ✅ 成功插入 5113 只基金重仓持仓股信息
2025-08-16 16:32:51,231 - INFO - ============================================================
2025-08-16 16:32:51,231 - INFO - 📊 本周数据更新统计
2025-08-16 16:32:51,231 - INFO - ============================================================
2025-08-16 16:32:51,231 - INFO - ⏱️  更新耗时: 0:00:01.548881
2025-08-16 16:32:51,231 - INFO - 📈 实时行情: 0 条
2025-08-16 16:32:51,231 - INFO - 📊 本周K线: 0 条
2025-08-16 16:32:51,231 - INFO - 📅 交易日历: 0 条
2025-08-16 16:32:51,231 - INFO - ✅ 无错误
2025-08-16 16:32:51,233 - INFO - ============================================================
2025-08-16 16:32:51,241 - INFO - 🎉 本周数据更新完成！
2025-08-16 16:32:51,241 - INFO - 数据库连接已关闭
2025-08-16 16:32:51,241 - INFO - ✅ 每周数据更新成功完成
2025-08-16 16:33:21,712 - INFO - 🌟 每周数据更新程序启动
2025-08-16 16:33:21,712 - INFO - 🚀 开始每周数据更新...
2025-08-16 16:33:21,712 - INFO - ============================================================
2025-08-16 16:33:21,714 - INFO - ✅ 成功连接到MySQL数据库
2025-08-16 16:33:21,714 - INFO - 清空该日期披露的基金重仓持仓股...
2025-08-16 16:33:21,733 - INFO - 🚀 开始获取{report_date}季度所有基金重仓持仓股信息...
2025-08-16 16:33:22,251 - INFO - 📊 获取到 2908 只股票信息
2025-08-16 16:33:22,265 - INFO - 📈 已插入 100 只基金重仓持仓股信息
2025-08-16 16:33:22,278 - INFO - 📈 已插入 200 只基金重仓持仓股信息
2025-08-16 16:33:22,295 - INFO - 📈 已插入 300 只基金重仓持仓股信息
2025-08-16 16:33:22,308 - INFO - 📈 已插入 400 只基金重仓持仓股信息
2025-08-16 16:33:22,322 - INFO - 📈 已插入 500 只基金重仓持仓股信息
2025-08-16 16:33:22,336 - INFO - 📈 已插入 600 只基金重仓持仓股信息
2025-08-16 16:33:22,349 - INFO - 📈 已插入 700 只基金重仓持仓股信息
2025-08-16 16:33:22,363 - INFO - 📈 已插入 800 只基金重仓持仓股信息
2025-08-16 16:33:22,380 - INFO - 📈 已插入 900 只基金重仓持仓股信息
2025-08-16 16:33:22,394 - INFO - 📈 已插入 1000 只基金重仓持仓股信息
2025-08-16 16:33:22,407 - INFO - 📈 已插入 1100 只基金重仓持仓股信息
2025-08-16 16:33:22,425 - INFO - 📈 已插入 1200 只基金重仓持仓股信息
2025-08-16 16:33:22,438 - INFO - 📈 已插入 1300 只基金重仓持仓股信息
2025-08-16 16:33:22,452 - INFO - 📈 已插入 1400 只基金重仓持仓股信息
2025-08-16 16:33:22,466 - INFO - 📈 已插入 1500 只基金重仓持仓股信息
2025-08-16 16:33:22,478 - INFO - 📈 已插入 1600 只基金重仓持仓股信息
2025-08-16 16:33:22,496 - INFO - 📈 已插入 1700 只基金重仓持仓股信息
2025-08-16 16:33:22,512 - INFO - 📈 已插入 1800 只基金重仓持仓股信息
2025-08-16 16:33:22,532 - INFO - 📈 已插入 1900 只基金重仓持仓股信息
2025-08-16 16:33:22,555 - INFO - 📈 已插入 2000 只基金重仓持仓股信息
2025-08-16 16:33:22,568 - INFO - 📈 已插入 2100 只基金重仓持仓股信息
2025-08-16 16:33:22,585 - INFO - 📈 已插入 2200 只基金重仓持仓股信息
2025-08-16 16:33:22,599 - INFO - 📈 已插入 2300 只基金重仓持仓股信息
2025-08-16 16:33:22,621 - INFO - 📈 已插入 2400 只基金重仓持仓股信息
2025-08-16 16:33:22,635 - INFO - 📈 已插入 2500 只基金重仓持仓股信息
2025-08-16 16:33:22,652 - INFO - 📈 已插入 2600 只基金重仓持仓股信息
2025-08-16 16:33:22,678 - INFO - 📈 已插入 2700 只基金重仓持仓股信息
2025-08-16 16:33:22,704 - INFO - 📈 已插入 2800 只基金重仓持仓股信息
2025-08-16 16:33:22,733 - INFO - 📈 已插入 2900 只基金重仓持仓股信息
2025-08-16 16:33:22,748 - INFO - ✅ 成功插入 2908 只基金重仓持仓股信息
2025-08-16 16:33:22,748 - INFO - ============================================================
2025-08-16 16:33:22,748 - INFO - 📊 本周数据更新统计
2025-08-16 16:33:22,750 - INFO - ============================================================
2025-08-16 16:33:22,750 - INFO - ⏱️  更新耗时: 0:00:01.036337
2025-08-16 16:33:22,750 - INFO - 📈 实时行情: 0 条
2025-08-16 16:33:22,750 - INFO - 📊 本周K线: 0 条
2025-08-16 16:33:22,750 - INFO - 📅 交易日历: 0 条
2025-08-16 16:33:22,750 - INFO - ✅ 无错误
2025-08-16 16:33:22,750 - INFO - ============================================================
2025-08-16 16:33:22,755 - INFO - 🎉 本周数据更新完成！
2025-08-16 16:33:22,755 - INFO - 数据库连接已关闭
2025-08-16 16:33:22,759 - INFO - ✅ 每周数据更新成功完成
2025-08-16 16:33:36,006 - INFO - 🌟 每周数据更新程序启动
2025-08-16 16:33:36,007 - INFO - 🚀 开始每周数据更新...
2025-08-16 16:33:36,007 - INFO - ============================================================
2025-08-16 16:33:36,011 - INFO - ✅ 成功连接到MySQL数据库
2025-08-16 16:33:36,011 - INFO - 清空该日期披露的基金重仓持仓股...
2025-08-16 16:33:36,027 - INFO - 🚀 开始获取{report_date}季度所有基金重仓持仓股信息...
2025-08-16 16:33:36,795 - INFO - 📊 获取到 4951 只股票信息
2025-08-16 16:33:36,813 - INFO - 📈 已插入 100 只基金重仓持仓股信息
2025-08-16 16:33:36,828 - INFO - 📈 已插入 200 只基金重仓持仓股信息
2025-08-16 16:33:36,847 - INFO - 📈 已插入 300 只基金重仓持仓股信息
2025-08-16 16:33:36,863 - INFO - 📈 已插入 400 只基金重仓持仓股信息
2025-08-16 16:33:36,880 - INFO - 📈 已插入 500 只基金重仓持仓股信息
2025-08-16 16:33:36,896 - INFO - 📈 已插入 600 只基金重仓持仓股信息
2025-08-16 16:33:36,916 - INFO - 📈 已插入 700 只基金重仓持仓股信息
2025-08-16 16:33:36,932 - INFO - 📈 已插入 800 只基金重仓持仓股信息
2025-08-16 16:33:36,950 - INFO - 📈 已插入 900 只基金重仓持仓股信息
2025-08-16 16:33:36,964 - INFO - 📈 已插入 1000 只基金重仓持仓股信息
2025-08-16 16:33:36,977 - INFO - 📈 已插入 1100 只基金重仓持仓股信息
2025-08-16 16:33:36,994 - INFO - 📈 已插入 1200 只基金重仓持仓股信息
2025-08-16 16:33:37,009 - INFO - 📈 已插入 1300 只基金重仓持仓股信息
2025-08-16 16:33:37,024 - INFO - 📈 已插入 1400 只基金重仓持仓股信息
2025-08-16 16:33:37,041 - INFO - 📈 已插入 1500 只基金重仓持仓股信息
2025-08-16 16:33:37,058 - INFO - 📈 已插入 1600 只基金重仓持仓股信息
2025-08-16 16:33:37,076 - INFO - 📈 已插入 1700 只基金重仓持仓股信息
2025-08-16 16:33:37,087 - INFO - 📈 已插入 1800 只基金重仓持仓股信息
2025-08-16 16:33:37,103 - INFO - 📈 已插入 1900 只基金重仓持仓股信息
2025-08-16 16:33:37,116 - INFO - 📈 已插入 2000 只基金重仓持仓股信息
2025-08-16 16:33:37,133 - INFO - 📈 已插入 2100 只基金重仓持仓股信息
2025-08-16 16:33:37,143 - INFO - 📈 已插入 2200 只基金重仓持仓股信息
2025-08-16 16:33:37,163 - INFO - 📈 已插入 2300 只基金重仓持仓股信息
2025-08-16 16:33:37,178 - INFO - 📈 已插入 2400 只基金重仓持仓股信息
2025-08-16 16:33:37,195 - INFO - 📈 已插入 2500 只基金重仓持仓股信息
2025-08-16 16:33:37,208 - INFO - 📈 已插入 2600 只基金重仓持仓股信息
2025-08-16 16:33:37,227 - INFO - 📈 已插入 2700 只基金重仓持仓股信息
2025-08-16 16:33:37,244 - INFO - 📈 已插入 2800 只基金重仓持仓股信息
2025-08-16 16:33:37,262 - INFO - 📈 已插入 2900 只基金重仓持仓股信息
2025-08-16 16:33:37,277 - INFO - 📈 已插入 3000 只基金重仓持仓股信息
2025-08-16 16:33:37,294 - INFO - 📈 已插入 3100 只基金重仓持仓股信息
2025-08-16 16:33:37,307 - INFO - 📈 已插入 3200 只基金重仓持仓股信息
2025-08-16 16:33:37,322 - INFO - 📈 已插入 3300 只基金重仓持仓股信息
2025-08-16 16:33:37,337 - INFO - 📈 已插入 3400 只基金重仓持仓股信息
2025-08-16 16:33:37,354 - INFO - 📈 已插入 3500 只基金重仓持仓股信息
2025-08-16 16:33:37,366 - INFO - 📈 已插入 3600 只基金重仓持仓股信息
2025-08-16 16:33:37,380 - INFO - 📈 已插入 3700 只基金重仓持仓股信息
2025-08-16 16:33:37,396 - INFO - 📈 已插入 3800 只基金重仓持仓股信息
2025-08-16 16:33:37,414 - INFO - 📈 已插入 3900 只基金重仓持仓股信息
2025-08-16 16:33:37,429 - INFO - 📈 已插入 4000 只基金重仓持仓股信息
2025-08-16 16:33:37,443 - INFO - 📈 已插入 4100 只基金重仓持仓股信息
2025-08-16 16:33:37,458 - INFO - 📈 已插入 4200 只基金重仓持仓股信息
2025-08-16 16:33:37,471 - INFO - 📈 已插入 4300 只基金重仓持仓股信息
2025-08-16 16:33:37,489 - INFO - 📈 已插入 4400 只基金重仓持仓股信息
2025-08-16 16:33:37,504 - INFO - 📈 已插入 4500 只基金重仓持仓股信息
2025-08-16 16:33:37,517 - INFO - 📈 已插入 4600 只基金重仓持仓股信息
2025-08-16 16:33:37,534 - INFO - 📈 已插入 4700 只基金重仓持仓股信息
2025-08-16 16:33:37,547 - INFO - 📈 已插入 4800 只基金重仓持仓股信息
2025-08-16 16:33:37,570 - INFO - 📈 已插入 4900 只基金重仓持仓股信息
2025-08-16 16:33:37,577 - INFO - ✅ 成功插入 4951 只基金重仓持仓股信息
2025-08-16 16:33:37,577 - INFO - ============================================================
2025-08-16 16:33:37,577 - INFO - 📊 本周数据更新统计
2025-08-16 16:33:37,581 - INFO - ============================================================
2025-08-16 16:33:37,581 - INFO - ⏱️  更新耗时: 0:00:01.569697
2025-08-16 16:33:37,581 - INFO - 📈 实时行情: 0 条
2025-08-16 16:33:37,581 - INFO - 📊 本周K线: 0 条
2025-08-16 16:33:37,581 - INFO - 📅 交易日历: 0 条
2025-08-16 16:33:37,581 - INFO - ✅ 无错误
2025-08-16 16:33:37,581 - INFO - ============================================================
2025-08-16 16:33:37,587 - INFO - 🎉 本周数据更新完成！
2025-08-16 16:33:37,587 - INFO - 数据库连接已关闭
2025-08-16 16:33:37,587 - INFO - ✅ 每周数据更新成功完成
2025-08-16 16:34:04,594 - INFO - 🌟 每周数据更新程序启动
2025-08-16 16:34:04,595 - INFO - 🚀 开始每周数据更新...
2025-08-16 16:34:04,595 - INFO - ============================================================
2025-08-16 16:34:04,598 - INFO - ✅ 成功连接到MySQL数据库
2025-08-16 16:34:04,598 - INFO - 清空该日期披露的基金重仓持仓股...
2025-08-16 16:34:04,623 - INFO - 🚀 开始获取{report_date}季度所有基金重仓持仓股信息...
2025-08-16 16:34:05,102 - INFO - 📊 获取到 2632 只股票信息
2025-08-16 16:34:05,132 - INFO - 📈 已插入 100 只基金重仓持仓股信息
2025-08-16 16:34:05,146 - INFO - 📈 已插入 200 只基金重仓持仓股信息
2025-08-16 16:34:05,164 - INFO - 📈 已插入 300 只基金重仓持仓股信息
2025-08-16 16:34:05,181 - INFO - 📈 已插入 400 只基金重仓持仓股信息
2025-08-16 16:34:05,195 - INFO - 📈 已插入 500 只基金重仓持仓股信息
2025-08-16 16:34:05,216 - INFO - 📈 已插入 600 只基金重仓持仓股信息
2025-08-16 16:34:05,232 - INFO - 📈 已插入 700 只基金重仓持仓股信息
2025-08-16 16:34:05,247 - INFO - 📈 已插入 800 只基金重仓持仓股信息
2025-08-16 16:34:05,264 - INFO - 📈 已插入 900 只基金重仓持仓股信息
2025-08-16 16:34:05,281 - INFO - 📈 已插入 1000 只基金重仓持仓股信息
2025-08-16 16:34:05,295 - INFO - 📈 已插入 1100 只基金重仓持仓股信息
2025-08-16 16:34:05,311 - INFO - 📈 已插入 1200 只基金重仓持仓股信息
2025-08-16 16:34:05,324 - INFO - 📈 已插入 1300 只基金重仓持仓股信息
2025-08-16 16:34:05,341 - INFO - 📈 已插入 1400 只基金重仓持仓股信息
2025-08-16 16:34:05,357 - INFO - 📈 已插入 1500 只基金重仓持仓股信息
2025-08-16 16:34:05,384 - INFO - 📈 已插入 1600 只基金重仓持仓股信息
2025-08-16 16:34:05,398 - INFO - 📈 已插入 1700 只基金重仓持仓股信息
2025-08-16 16:34:05,411 - INFO - 📈 已插入 1800 只基金重仓持仓股信息
2025-08-16 16:34:05,431 - INFO - 📈 已插入 1900 只基金重仓持仓股信息
2025-08-16 16:34:05,445 - INFO - 📈 已插入 2000 只基金重仓持仓股信息
2025-08-16 16:34:05,457 - INFO - 📈 已插入 2100 只基金重仓持仓股信息
2025-08-16 16:34:05,472 - INFO - 📈 已插入 2200 只基金重仓持仓股信息
2025-08-16 16:34:05,483 - INFO - 📈 已插入 2300 只基金重仓持仓股信息
2025-08-16 16:34:05,502 - INFO - 📈 已插入 2400 只基金重仓持仓股信息
2025-08-16 16:34:05,512 - INFO - 📈 已插入 2500 只基金重仓持仓股信息
2025-08-16 16:34:05,527 - INFO - 📈 已插入 2600 只基金重仓持仓股信息
2025-08-16 16:34:05,535 - INFO - ✅ 成功插入 2632 只基金重仓持仓股信息
2025-08-16 16:34:05,536 - INFO - ============================================================
2025-08-16 16:34:05,536 - INFO - 📊 本周数据更新统计
2025-08-16 16:34:05,536 - INFO - ============================================================
2025-08-16 16:34:05,536 - INFO - ⏱️  更新耗时: 0:00:00.941029
2025-08-16 16:34:05,536 - INFO - 📈 实时行情: 0 条
2025-08-16 16:34:05,536 - INFO - 📊 本周K线: 0 条
2025-08-16 16:34:05,536 - INFO - 📅 交易日历: 0 条
2025-08-16 16:34:05,536 - INFO - ✅ 无错误
2025-08-16 16:34:05,536 - INFO - ============================================================
2025-08-16 16:34:05,543 - INFO - 🎉 本周数据更新完成！
2025-08-16 16:34:05,543 - INFO - 数据库连接已关闭
2025-08-16 16:34:05,543 - INFO - ✅ 每周数据更新成功完成
2025-08-16 16:34:19,243 - INFO - 🌟 每周数据更新程序启动
2025-08-16 16:34:19,243 - INFO - 🚀 开始每周数据更新...
2025-08-16 16:34:19,243 - INFO - ============================================================
2025-08-16 16:34:19,247 - INFO - ✅ 成功连接到MySQL数据库
2025-08-16 16:34:19,247 - INFO - 清空该日期披露的基金重仓持仓股...
2025-08-16 16:34:19,273 - INFO - 🚀 开始获取{report_date}季度所有基金重仓持仓股信息...
2025-08-16 16:34:19,961 - INFO - 📊 获取到 4697 只股票信息
2025-08-16 16:34:19,977 - INFO - 📈 已插入 100 只基金重仓持仓股信息
2025-08-16 16:34:19,996 - INFO - 📈 已插入 200 只基金重仓持仓股信息
2025-08-16 16:34:20,012 - INFO - 📈 已插入 300 只基金重仓持仓股信息
2025-08-16 16:34:20,027 - INFO - 📈 已插入 400 只基金重仓持仓股信息
2025-08-16 16:34:20,049 - INFO - 📈 已插入 500 只基金重仓持仓股信息
2025-08-16 16:34:20,063 - INFO - 📈 已插入 600 只基金重仓持仓股信息
2025-08-16 16:34:20,082 - INFO - 📈 已插入 700 只基金重仓持仓股信息
2025-08-16 16:34:20,097 - INFO - 📈 已插入 800 只基金重仓持仓股信息
2025-08-16 16:34:20,111 - INFO - 📈 已插入 900 只基金重仓持仓股信息
2025-08-16 16:34:20,127 - INFO - 📈 已插入 1000 只基金重仓持仓股信息
2025-08-16 16:34:20,136 - INFO - 📈 已插入 1100 只基金重仓持仓股信息
2025-08-16 16:34:20,156 - INFO - 📈 已插入 1200 只基金重仓持仓股信息
2025-08-16 16:34:20,170 - INFO - 📈 已插入 1300 只基金重仓持仓股信息
2025-08-16 16:34:20,182 - INFO - 📈 已插入 1400 只基金重仓持仓股信息
2025-08-16 16:34:20,197 - INFO - 📈 已插入 1500 只基金重仓持仓股信息
2025-08-16 16:34:20,212 - INFO - 📈 已插入 1600 只基金重仓持仓股信息
2025-08-16 16:34:20,227 - INFO - 📈 已插入 1700 只基金重仓持仓股信息
2025-08-16 16:34:20,241 - INFO - 📈 已插入 1800 只基金重仓持仓股信息
2025-08-16 16:34:20,252 - INFO - 📈 已插入 1900 只基金重仓持仓股信息
2025-08-16 16:34:20,275 - INFO - 📈 已插入 2000 只基金重仓持仓股信息
2025-08-16 16:34:20,290 - INFO - 📈 已插入 2100 只基金重仓持仓股信息
2025-08-16 16:34:20,305 - INFO - 📈 已插入 2200 只基金重仓持仓股信息
2025-08-16 16:34:20,318 - INFO - 📈 已插入 2300 只基金重仓持仓股信息
2025-08-16 16:34:20,335 - INFO - 📈 已插入 2400 只基金重仓持仓股信息
2025-08-16 16:34:20,352 - INFO - 📈 已插入 2500 只基金重仓持仓股信息
2025-08-16 16:34:20,362 - INFO - 📈 已插入 2600 只基金重仓持仓股信息
2025-08-16 16:34:20,382 - INFO - 📈 已插入 2700 只基金重仓持仓股信息
2025-08-16 16:34:20,404 - INFO - 📈 已插入 2800 只基金重仓持仓股信息
2025-08-16 16:34:20,417 - INFO - 📈 已插入 2900 只基金重仓持仓股信息
2025-08-16 16:34:20,430 - INFO - 📈 已插入 3000 只基金重仓持仓股信息
2025-08-16 16:34:20,441 - INFO - 📈 已插入 3100 只基金重仓持仓股信息
2025-08-16 16:34:20,460 - INFO - 📈 已插入 3200 只基金重仓持仓股信息
2025-08-16 16:34:20,473 - INFO - 📈 已插入 3300 只基金重仓持仓股信息
2025-08-16 16:34:20,490 - INFO - 📈 已插入 3400 只基金重仓持仓股信息
2025-08-16 16:34:20,504 - INFO - 📈 已插入 3500 只基金重仓持仓股信息
2025-08-16 16:34:20,519 - INFO - 📈 已插入 3600 只基金重仓持仓股信息
2025-08-16 16:34:20,535 - INFO - 📈 已插入 3700 只基金重仓持仓股信息
2025-08-16 16:34:20,551 - INFO - 📈 已插入 3800 只基金重仓持仓股信息
2025-08-16 16:34:20,565 - INFO - 📈 已插入 3900 只基金重仓持仓股信息
2025-08-16 16:34:20,577 - INFO - 📈 已插入 4000 只基金重仓持仓股信息
2025-08-16 16:34:20,593 - INFO - 📈 已插入 4100 只基金重仓持仓股信息
2025-08-16 16:34:20,605 - INFO - 📈 已插入 4200 只基金重仓持仓股信息
2025-08-16 16:34:20,618 - INFO - 📈 已插入 4300 只基金重仓持仓股信息
2025-08-16 16:34:20,632 - INFO - 📈 已插入 4400 只基金重仓持仓股信息
2025-08-16 16:34:20,650 - INFO - 📈 已插入 4500 只基金重仓持仓股信息
2025-08-16 16:34:20,669 - INFO - 📈 已插入 4600 只基金重仓持仓股信息
2025-08-16 16:34:20,684 - INFO - ✅ 成功插入 4697 只基金重仓持仓股信息
2025-08-16 16:34:20,685 - INFO - ============================================================
2025-08-16 16:34:20,685 - INFO - 📊 本周数据更新统计
2025-08-16 16:34:20,685 - INFO - ============================================================
2025-08-16 16:34:20,685 - INFO - ⏱️  更新耗时: 0:00:01.441866
2025-08-16 16:34:20,685 - INFO - 📈 实时行情: 0 条
2025-08-16 16:34:20,686 - INFO - 📊 本周K线: 0 条
2025-08-16 16:34:20,686 - INFO - 📅 交易日历: 0 条
2025-08-16 16:34:20,686 - INFO - ✅ 无错误
2025-08-16 16:34:20,686 - INFO - ============================================================
2025-08-16 16:34:20,695 - INFO - 🎉 本周数据更新完成！
2025-08-16 16:34:20,695 - INFO - 数据库连接已关闭
2025-08-16 16:34:20,695 - INFO - ✅ 每周数据更新成功完成
2025-08-16 16:44:37,333 - INFO - 🌟 每周数据更新程序启动
2025-08-16 16:44:37,333 - INFO - 🚀 开始每周数据更新...
2025-08-16 16:44:37,333 - INFO - ============================================================
2025-08-16 16:44:37,339 - INFO - ✅ 成功连接到MySQL数据库
2025-08-16 16:44:37,339 - INFO - 清空该日期披露的基金重仓持仓股...
2025-08-16 16:44:37,345 - ERROR - ✗ 插入基金重仓持仓股信息失败: tuple.index(x): x not in tuple
2025-08-16 16:44:37,345 - INFO - ============================================================
2025-08-16 16:44:37,345 - INFO - 📊 本周数据更新统计
2025-08-16 16:44:37,345 - INFO - ============================================================
2025-08-16 16:44:37,345 - INFO - ⏱️  更新耗时: 0:00:00.011568
2025-08-16 16:44:37,346 - INFO - 📈 实时行情: 0 条
2025-08-16 16:44:37,346 - INFO - 📊 本周K线: 0 条
2025-08-16 16:44:37,346 - INFO - 📅 交易日历: 0 条
2025-08-16 16:44:37,346 - INFO - ✅ 无错误
2025-08-16 16:44:37,346 - INFO - ============================================================
2025-08-16 16:44:37,354 - INFO - 🎉 本周数据更新完成！
2025-08-16 16:44:37,355 - INFO - 数据库连接已关闭
2025-08-16 16:44:37,355 - INFO - ✅ 每周数据更新成功完成
2025-08-16 16:45:10,369 - INFO - 🌟 每周数据更新程序启动
2025-08-16 16:45:10,370 - INFO - 🚀 开始每周数据更新...
2025-08-16 16:45:10,370 - INFO - ============================================================
2025-08-16 16:45:10,375 - INFO - ✅ 成功连接到MySQL数据库
2025-08-16 16:45:10,375 - INFO - 清空该日期披露的基金重仓持仓股...
2025-08-16 16:45:10,381 - ERROR - ✗ 插入基金重仓持仓股信息失败: 'tuple' object has no attribute 'replace'
2025-08-16 16:45:10,382 - INFO - ============================================================
2025-08-16 16:45:10,382 - INFO - 📊 本周数据更新统计
2025-08-16 16:45:10,382 - INFO - ============================================================
2025-08-16 16:45:10,382 - INFO - ⏱️  更新耗时: 0:00:00.012033
2025-08-16 16:45:10,382 - INFO - 📈 实时行情: 0 条
2025-08-16 16:45:10,382 - INFO - 📊 本周K线: 0 条
2025-08-16 16:45:10,382 - INFO - 📅 交易日历: 0 条
2025-08-16 16:45:10,382 - INFO - ✅ 无错误
2025-08-16 16:45:10,382 - INFO - ============================================================
2025-08-16 16:45:10,389 - INFO - 🎉 本周数据更新完成！
2025-08-16 16:45:10,389 - INFO - 数据库连接已关闭
2025-08-16 16:45:10,389 - INFO - ✅ 每周数据更新成功完成
2025-08-16 16:47:10,005 - INFO - 🌟 每周数据更新程序启动
2025-08-16 16:47:10,005 - INFO - 🚀 开始每周数据更新...
2025-08-16 16:47:10,005 - INFO - ============================================================
2025-08-16 16:47:10,009 - INFO - ✅ 成功连接到MySQL数据库
2025-08-16 16:47:10,009 - INFO - 清空该日期披露的基金重仓持仓股...
2025-08-16 16:47:10,012 - ERROR - ✗ 插入基金重仓持仓股信息失败: 'tuple' object has no attribute 'replace'
2025-08-16 16:47:10,012 - INFO - ============================================================
2025-08-16 16:47:10,012 - INFO - 📊 本周数据更新统计
2025-08-16 16:47:10,015 - INFO - ============================================================
2025-08-16 16:47:10,015 - INFO - ⏱️  更新耗时: 0:00:00.007510
2025-08-16 16:47:10,015 - INFO - 📈 实时行情: 0 条
2025-08-16 16:47:10,015 - INFO - 📊 本周K线: 0 条
2025-08-16 16:47:10,015 - INFO - 📅 交易日历: 0 条
2025-08-16 16:47:10,015 - INFO - ✅ 无错误
2025-08-16 16:47:10,015 - INFO - ============================================================
2025-08-16 16:47:10,022 - INFO - 🎉 本周数据更新完成！
2025-08-16 16:47:10,022 - INFO - 数据库连接已关闭
2025-08-16 16:47:10,022 - INFO - ✅ 每周数据更新成功完成
2025-08-16 16:47:25,420 - INFO - 🌟 每周数据更新程序启动
2025-08-16 16:47:25,420 - INFO - 🚀 开始每周数据更新...
2025-08-16 16:47:25,420 - INFO - ============================================================
2025-08-16 16:47:25,424 - INFO - ✅ 成功连接到MySQL数据库
2025-08-16 16:47:25,424 - INFO - 清空该日期披露的基金重仓持仓股...
2025-08-16 16:47:25,427 - ERROR - ✗ 插入基金重仓持仓股信息失败: 'tuple' object has no attribute 'replace'
2025-08-16 16:47:25,427 - INFO - ============================================================
2025-08-16 16:47:25,427 - INFO - 📊 本周数据更新统计
2025-08-16 16:47:25,429 - INFO - ============================================================
2025-08-16 16:47:25,429 - INFO - ⏱️  更新耗时: 0:00:00.007143
2025-08-16 16:47:25,429 - INFO - 📈 实时行情: 0 条
2025-08-16 16:47:25,430 - INFO - 📊 本周K线: 0 条
2025-08-16 16:47:25,430 - INFO - 📅 交易日历: 0 条
2025-08-16 16:47:25,430 - INFO - ✅ 无错误
2025-08-16 16:47:25,430 - INFO - ============================================================
2025-08-16 16:47:25,435 - INFO - 🎉 本周数据更新完成！
2025-08-16 16:47:25,435 - INFO - 数据库连接已关闭
2025-08-16 16:47:25,435 - INFO - ✅ 每周数据更新成功完成
2025-08-16 16:47:46,806 - INFO - 🌟 每周数据更新程序启动
2025-08-16 16:47:46,806 - INFO - 🚀 开始每周数据更新...
2025-08-16 16:47:46,806 - INFO - ============================================================
2025-08-16 16:47:46,812 - INFO - ✅ 成功连接到MySQL数据库
2025-08-16 16:47:46,812 - INFO - 清空该日期披露的基金重仓持仓股...
2025-08-16 16:47:46,817 - ERROR - ✗ 插入基金重仓持仓股信息失败: 'tuple' object has no attribute 'replace'
2025-08-16 16:47:46,818 - INFO - ============================================================
2025-08-16 16:47:46,818 - INFO - 📊 本周数据更新统计
2025-08-16 16:47:46,818 - INFO - ============================================================
2025-08-16 16:47:46,818 - INFO - ⏱️  更新耗时: 0:00:00.011591
2025-08-16 16:47:46,818 - INFO - 📈 实时行情: 0 条
2025-08-16 16:47:46,818 - INFO - 📊 本周K线: 0 条
2025-08-16 16:47:46,818 - INFO - 📅 交易日历: 0 条
2025-08-16 16:47:46,818 - INFO - ✅ 无错误
2025-08-16 16:47:46,818 - INFO - ============================================================
2025-08-16 16:47:46,824 - INFO - 🎉 本周数据更新完成！
2025-08-16 16:47:46,825 - INFO - 数据库连接已关闭
2025-08-16 16:47:46,825 - INFO - ✅ 每周数据更新成功完成
2025-08-16 16:48:25,491 - INFO - 🌟 每周数据更新程序启动
2025-08-16 16:48:25,491 - INFO - 🚀 开始每周数据更新...
2025-08-16 16:48:25,491 - INFO - ============================================================
2025-08-16 16:48:25,495 - INFO - ✅ 成功连接到MySQL数据库
2025-08-16 16:48:25,495 - ERROR - ❌ 本周更新执行失败: DailyDataUpdater.insert_all_stock_hold_by_fund() missing 1 required positional argument: 'index'
2025-08-16 16:48:25,495 - ERROR - 详细错误: Traceback (most recent call last):
  File "d:\Project\ADATA\adata\monthly_update_stock_info.py", line 208, in run_daily_update
    self.insert_all_stock_hold_by_fund()
TypeError: DailyDataUpdater.insert_all_stock_hold_by_fund() missing 1 required positional argument: 'index'

2025-08-16 16:48:25,498 - INFO - 数据库连接已关闭
2025-08-16 16:48:25,498 - ERROR - ❌ 每周数据更新失败
2025-08-16 16:48:38,802 - INFO - 🌟 每周数据更新程序启动
2025-08-16 16:48:38,802 - INFO - 🚀 开始每周数据更新...
2025-08-16 16:48:38,802 - INFO - ============================================================
2025-08-16 16:48:38,806 - INFO - ✅ 成功连接到MySQL数据库
2025-08-16 16:48:38,806 - INFO - 清空该日期披露的基金重仓持仓股...
2025-08-16 16:48:38,839 - INFO - 🚀 开始获取{report_date}季度所有基金重仓持仓股信息...
2025-08-16 16:48:39,211 - INFO - 📊 获取到 1890 只股票信息
2025-08-16 16:48:39,225 - INFO - 📈 已插入 100 只基金重仓持仓股信息
2025-08-16 16:48:39,241 - INFO - 📈 已插入 200 只基金重仓持仓股信息
2025-08-16 16:48:39,256 - INFO - 📈 已插入 300 只基金重仓持仓股信息
2025-08-16 16:48:39,275 - INFO - 📈 已插入 400 只基金重仓持仓股信息
2025-08-16 16:48:39,286 - INFO - 📈 已插入 500 只基金重仓持仓股信息
2025-08-16 16:48:39,305 - INFO - 📈 已插入 600 只基金重仓持仓股信息
2025-08-16 16:48:39,316 - INFO - 📈 已插入 700 只基金重仓持仓股信息
2025-08-16 16:48:39,334 - INFO - 📈 已插入 800 只基金重仓持仓股信息
2025-08-16 16:48:39,350 - INFO - 📈 已插入 900 只基金重仓持仓股信息
2025-08-16 16:48:39,367 - INFO - 📈 已插入 1000 只基金重仓持仓股信息
2025-08-16 16:48:39,381 - INFO - 📈 已插入 1100 只基金重仓持仓股信息
2025-08-16 16:48:39,398 - INFO - 📈 已插入 1200 只基金重仓持仓股信息
2025-08-16 16:48:39,413 - INFO - 📈 已插入 1300 只基金重仓持仓股信息
2025-08-16 16:48:39,426 - INFO - 📈 已插入 1400 只基金重仓持仓股信息
2025-08-16 16:48:39,446 - INFO - 📈 已插入 1500 只基金重仓持仓股信息
2025-08-16 16:48:39,464 - INFO - 📈 已插入 1600 只基金重仓持仓股信息
2025-08-16 16:48:39,482 - INFO - 📈 已插入 1700 只基金重仓持仓股信息
2025-08-16 16:48:39,499 - INFO - 📈 已插入 1800 只基金重仓持仓股信息
2025-08-16 16:48:39,514 - INFO - ✅ 成功插入 1890 只基金重仓持仓股信息
2025-08-16 16:48:39,515 - INFO - ============================================================
2025-08-16 16:48:39,515 - INFO - 📊 本周数据更新统计
2025-08-16 16:48:39,516 - INFO - ============================================================
2025-08-16 16:48:39,516 - INFO - ⏱️  更新耗时: 0:00:00.712944
2025-08-16 16:48:39,516 - INFO - 📈 实时行情: 0 条
2025-08-16 16:48:39,516 - INFO - 📊 本周K线: 0 条
2025-08-16 16:48:39,516 - INFO - 📅 交易日历: 0 条
2025-08-16 16:48:39,516 - INFO - ✅ 无错误
2025-08-16 16:48:39,516 - INFO - ============================================================
2025-08-16 16:48:39,521 - INFO - 🎉 本周数据更新完成！
2025-08-16 16:48:39,525 - INFO - 数据库连接已关闭
2025-08-16 16:48:39,525 - INFO - ✅ 每周数据更新成功完成
2025-08-16 16:49:40,660 - INFO - 🌟 每周数据更新程序启动
2025-08-16 16:49:40,661 - INFO - 🚀 开始每周数据更新...
2025-08-16 16:49:40,661 - INFO - ============================================================
2025-08-16 16:49:40,664 - INFO - ✅ 成功连接到MySQL数据库
2025-08-16 16:49:40,665 - INFO - 清空该日期披露的基金重仓持仓股...
2025-08-16 16:49:40,709 - INFO - 🚀 开始获取{report_date}季度所有基金重仓持仓股信息...
2025-08-16 16:49:40,925 - INFO - 📊 获取到 1890 只股票信息
2025-08-16 16:49:40,941 - INFO - 📈 已插入 100 只基金重仓持仓股信息
2025-08-16 16:49:40,959 - INFO - 📈 已插入 200 只基金重仓持仓股信息
2025-08-16 16:49:40,977 - INFO - 📈 已插入 300 只基金重仓持仓股信息
2025-08-16 16:49:40,995 - INFO - 📈 已插入 400 只基金重仓持仓股信息
2025-08-16 16:49:41,014 - INFO - 📈 已插入 500 只基金重仓持仓股信息
2025-08-16 16:49:41,031 - INFO - 📈 已插入 600 只基金重仓持仓股信息
2025-08-16 16:49:41,049 - INFO - 📈 已插入 700 只基金重仓持仓股信息
2025-08-16 16:49:41,067 - INFO - 📈 已插入 800 只基金重仓持仓股信息
2025-08-16 16:49:41,083 - INFO - 📈 已插入 900 只基金重仓持仓股信息
2025-08-16 16:49:41,096 - INFO - 📈 已插入 1000 只基金重仓持仓股信息
2025-08-16 16:49:41,109 - INFO - 📈 已插入 1100 只基金重仓持仓股信息
2025-08-16 16:49:41,151 - INFO - 📈 已插入 1200 只基金重仓持仓股信息
2025-08-16 16:49:41,172 - INFO - 📈 已插入 1300 只基金重仓持仓股信息
2025-08-16 16:49:41,202 - INFO - 📈 已插入 1400 只基金重仓持仓股信息
2025-08-16 16:49:41,224 - INFO - 📈 已插入 1500 只基金重仓持仓股信息
2025-08-16 16:49:41,246 - INFO - 📈 已插入 1600 只基金重仓持仓股信息
2025-08-16 16:49:41,259 - INFO - 📈 已插入 1700 只基金重仓持仓股信息
2025-08-16 16:49:41,274 - INFO - 📈 已插入 1800 只基金重仓持仓股信息
2025-08-16 16:49:41,289 - INFO - ✅ 成功插入 1890 只基金重仓持仓股信息
2025-08-16 16:49:41,289 - INFO - 清空该日期披露的基金重仓持仓股...
2025-08-16 16:49:41,322 - INFO - 🚀 开始获取{report_date}季度所有基金重仓持仓股信息...
2025-08-16 16:49:41,709 - INFO - 📊 获取到 2842 只股票信息
2025-08-16 16:49:41,728 - INFO - 📈 已插入 100 只基金重仓持仓股信息
2025-08-16 16:49:41,744 - INFO - 📈 已插入 200 只基金重仓持仓股信息
2025-08-16 16:49:41,755 - INFO - 📈 已插入 300 只基金重仓持仓股信息
2025-08-16 16:49:41,771 - INFO - 📈 已插入 400 只基金重仓持仓股信息
2025-08-16 16:49:41,786 - INFO - 📈 已插入 500 只基金重仓持仓股信息
2025-08-16 16:49:41,801 - INFO - 📈 已插入 600 只基金重仓持仓股信息
2025-08-16 16:49:41,816 - INFO - 📈 已插入 700 只基金重仓持仓股信息
2025-08-16 16:49:41,829 - INFO - 📈 已插入 800 只基金重仓持仓股信息
2025-08-16 16:49:41,845 - INFO - 📈 已插入 900 只基金重仓持仓股信息
2025-08-16 16:49:41,860 - INFO - 📈 已插入 1000 只基金重仓持仓股信息
2025-08-16 16:49:41,873 - INFO - 📈 已插入 1100 只基金重仓持仓股信息
2025-08-16 16:49:41,888 - INFO - 📈 已插入 1200 只基金重仓持仓股信息
2025-08-16 16:49:41,901 - INFO - 📈 已插入 1300 只基金重仓持仓股信息
2025-08-16 16:49:41,919 - INFO - 📈 已插入 1400 只基金重仓持仓股信息
2025-08-16 16:49:41,932 - INFO - 📈 已插入 1500 只基金重仓持仓股信息
2025-08-16 16:49:41,947 - INFO - 📈 已插入 1600 只基金重仓持仓股信息
2025-08-16 16:49:41,964 - INFO - 📈 已插入 1700 只基金重仓持仓股信息
2025-08-16 16:49:41,985 - INFO - 📈 已插入 1800 只基金重仓持仓股信息
2025-08-16 16:49:41,997 - INFO - 📈 已插入 1900 只基金重仓持仓股信息
2025-08-16 16:49:42,009 - INFO - 📈 已插入 2000 只基金重仓持仓股信息
2025-08-16 16:49:42,025 - INFO - 📈 已插入 2100 只基金重仓持仓股信息
2025-08-16 16:49:42,041 - INFO - 📈 已插入 2200 只基金重仓持仓股信息
2025-08-16 16:49:42,056 - INFO - 📈 已插入 2300 只基金重仓持仓股信息
2025-08-16 16:49:42,072 - INFO - 📈 已插入 2400 只基金重仓持仓股信息
2025-08-16 16:49:42,093 - INFO - 📈 已插入 2500 只基金重仓持仓股信息
2025-08-16 16:49:42,120 - INFO - 📈 已插入 2600 只基金重仓持仓股信息
2025-08-16 16:49:42,139 - INFO - 📈 已插入 2700 只基金重仓持仓股信息
2025-08-16 16:49:42,154 - INFO - 📈 已插入 2800 只基金重仓持仓股信息
2025-08-16 16:49:42,163 - INFO - ✅ 成功插入 2842 只基金重仓持仓股信息
2025-08-16 16:49:42,163 - INFO - 清空该日期披露的基金重仓持仓股...
2025-08-16 16:49:42,197 - INFO - 🚀 开始获取{report_date}季度所有基金重仓持仓股信息...
2025-08-16 16:49:42,579 - INFO - 📊 获取到 2020 只股票信息
2025-08-16 16:49:42,606 - INFO - 📈 已插入 100 只基金重仓持仓股信息
2025-08-16 16:49:42,620 - INFO - 📈 已插入 200 只基金重仓持仓股信息
2025-08-16 16:49:42,635 - INFO - 📈 已插入 300 只基金重仓持仓股信息
2025-08-16 16:49:42,647 - INFO - 📈 已插入 400 只基金重仓持仓股信息
2025-08-16 16:49:42,664 - INFO - 📈 已插入 500 只基金重仓持仓股信息
2025-08-16 16:49:42,681 - INFO - 📈 已插入 600 只基金重仓持仓股信息
2025-08-16 16:49:42,694 - INFO - 📈 已插入 700 只基金重仓持仓股信息
2025-08-16 16:49:42,708 - INFO - 📈 已插入 800 只基金重仓持仓股信息
2025-08-16 16:49:42,719 - INFO - 📈 已插入 900 只基金重仓持仓股信息
2025-08-16 16:49:42,736 - INFO - 📈 已插入 1000 只基金重仓持仓股信息
2025-08-16 16:49:42,751 - INFO - 📈 已插入 1100 只基金重仓持仓股信息
2025-08-16 16:49:42,765 - INFO - 📈 已插入 1200 只基金重仓持仓股信息
2025-08-16 16:49:42,776 - INFO - 📈 已插入 1300 只基金重仓持仓股信息
2025-08-16 16:49:42,796 - INFO - 📈 已插入 1400 只基金重仓持仓股信息
2025-08-16 16:49:42,811 - INFO - 📈 已插入 1500 只基金重仓持仓股信息
2025-08-16 16:49:42,830 - INFO - 📈 已插入 1600 只基金重仓持仓股信息
2025-08-16 16:49:42,849 - INFO - 📈 已插入 1700 只基金重仓持仓股信息
2025-08-16 16:49:42,860 - INFO - 📈 已插入 1800 只基金重仓持仓股信息
2025-08-16 16:49:42,876 - INFO - 📈 已插入 1900 只基金重仓持仓股信息
2025-08-16 16:49:42,891 - INFO - 📈 已插入 2000 只基金重仓持仓股信息
2025-08-16 16:49:42,897 - INFO - ✅ 成功插入 2020 只基金重仓持仓股信息
2025-08-16 16:49:42,899 - INFO - 清空该日期披露的基金重仓持仓股...
2025-08-16 16:49:42,930 - INFO - 🚀 开始获取{report_date}季度所有基金重仓持仓股信息...
2025-08-16 16:49:43,390 - INFO - 📊 获取到 3009 只股票信息
2025-08-16 16:49:43,403 - INFO - 📈 已插入 100 只基金重仓持仓股信息
2025-08-16 16:49:43,413 - INFO - 📈 已插入 200 只基金重仓持仓股信息
2025-08-16 16:49:43,432 - INFO - 📈 已插入 300 只基金重仓持仓股信息
2025-08-16 16:49:43,446 - INFO - 📈 已插入 400 只基金重仓持仓股信息
2025-08-16 16:49:43,459 - INFO - 📈 已插入 500 只基金重仓持仓股信息
2025-08-16 16:49:43,474 - INFO - 📈 已插入 600 只基金重仓持仓股信息
2025-08-16 16:49:43,487 - INFO - 📈 已插入 700 只基金重仓持仓股信息
2025-08-16 16:49:43,501 - INFO - 📈 已插入 800 只基金重仓持仓股信息
2025-08-16 16:49:43,525 - INFO - 📈 已插入 900 只基金重仓持仓股信息
2025-08-16 16:49:43,547 - INFO - 📈 已插入 1000 只基金重仓持仓股信息
2025-08-16 16:49:43,560 - INFO - 📈 已插入 1100 只基金重仓持仓股信息
2025-08-16 16:49:43,575 - INFO - 📈 已插入 1200 只基金重仓持仓股信息
2025-08-16 16:49:43,591 - INFO - 📈 已插入 1300 只基金重仓持仓股信息
2025-08-16 16:49:43,605 - INFO - 📈 已插入 1400 只基金重仓持仓股信息
2025-08-16 16:49:43,619 - INFO - 📈 已插入 1500 只基金重仓持仓股信息
2025-08-16 16:49:43,639 - INFO - 📈 已插入 1600 只基金重仓持仓股信息
2025-08-16 16:49:43,660 - INFO - 📈 已插入 1700 只基金重仓持仓股信息
2025-08-16 16:49:43,675 - INFO - 📈 已插入 1800 只基金重仓持仓股信息
2025-08-16 16:49:43,695 - INFO - 📈 已插入 1900 只基金重仓持仓股信息
2025-08-16 16:49:43,707 - INFO - 📈 已插入 2000 只基金重仓持仓股信息
2025-08-16 16:49:43,723 - INFO - 📈 已插入 2100 只基金重仓持仓股信息
2025-08-16 16:49:43,734 - INFO - 📈 已插入 2200 只基金重仓持仓股信息
2025-08-16 16:49:43,751 - INFO - 📈 已插入 2300 只基金重仓持仓股信息
2025-08-16 16:49:43,767 - INFO - 📈 已插入 2400 只基金重仓持仓股信息
2025-08-16 16:49:43,784 - INFO - 📈 已插入 2500 只基金重仓持仓股信息
2025-08-16 16:49:43,799 - INFO - 📈 已插入 2600 只基金重仓持仓股信息
2025-08-16 16:49:43,816 - INFO - 📈 已插入 2700 只基金重仓持仓股信息
2025-08-16 16:49:43,831 - INFO - 📈 已插入 2800 只基金重仓持仓股信息
2025-08-16 16:49:43,850 - INFO - 📈 已插入 2900 只基金重仓持仓股信息
2025-08-16 16:49:43,863 - INFO - 📈 已插入 3000 只基金重仓持仓股信息
2025-08-16 16:49:43,870 - INFO - ✅ 成功插入 3009 只基金重仓持仓股信息
2025-08-16 16:49:43,870 - INFO - 清空该日期披露的基金重仓持仓股...
2025-08-16 16:49:43,905 - INFO - 🚀 开始获取{report_date}季度所有基金重仓持仓股信息...
2025-08-16 16:49:44,311 - INFO - 📊 获取到 2000 只股票信息
2025-08-16 16:49:44,330 - INFO - 📈 已插入 100 只基金重仓持仓股信息
2025-08-16 16:49:44,340 - INFO - 📈 已插入 200 只基金重仓持仓股信息
2025-08-16 16:49:44,356 - INFO - 📈 已插入 300 只基金重仓持仓股信息
2025-08-16 16:49:44,370 - INFO - 📈 已插入 400 只基金重仓持仓股信息
2025-08-16 16:49:44,383 - INFO - 📈 已插入 500 只基金重仓持仓股信息
2025-08-16 16:49:44,401 - INFO - 📈 已插入 600 只基金重仓持仓股信息
2025-08-16 16:49:44,416 - INFO - 📈 已插入 700 只基金重仓持仓股信息
2025-08-16 16:49:44,431 - INFO - 📈 已插入 800 只基金重仓持仓股信息
2025-08-16 16:49:44,446 - INFO - 📈 已插入 900 只基金重仓持仓股信息
2025-08-16 16:49:44,461 - INFO - 📈 已插入 1000 只基金重仓持仓股信息
2025-08-16 16:49:44,473 - INFO - 📈 已插入 1100 只基金重仓持仓股信息
2025-08-16 16:49:44,491 - INFO - 📈 已插入 1200 只基金重仓持仓股信息
2025-08-16 16:49:44,507 - INFO - 📈 已插入 1300 只基金重仓持仓股信息
2025-08-16 16:49:44,522 - INFO - 📈 已插入 1400 只基金重仓持仓股信息
2025-08-16 16:49:44,534 - INFO - 📈 已插入 1500 只基金重仓持仓股信息
2025-08-16 16:49:44,549 - INFO - 📈 已插入 1600 只基金重仓持仓股信息
2025-08-16 16:49:44,565 - INFO - 📈 已插入 1700 只基金重仓持仓股信息
2025-08-16 16:49:44,581 - INFO - 📈 已插入 1800 只基金重仓持仓股信息
2025-08-16 16:49:44,591 - INFO - 📈 已插入 1900 只基金重仓持仓股信息
2025-08-16 16:49:44,607 - INFO - 📈 已插入 2000 只基金重仓持仓股信息
2025-08-16 16:49:44,607 - INFO - ✅ 成功插入 2000 只基金重仓持仓股信息
2025-08-16 16:49:44,607 - INFO - 清空该日期披露的基金重仓持仓股...
2025-08-16 16:49:44,647 - INFO - 🚀 开始获取{report_date}季度所有基金重仓持仓股信息...
2025-08-16 16:49:45,187 - INFO - 📊 获取到 3189 只股票信息
2025-08-16 16:49:45,203 - INFO - 📈 已插入 100 只基金重仓持仓股信息
2025-08-16 16:49:45,217 - INFO - 📈 已插入 200 只基金重仓持仓股信息
2025-08-16 16:49:45,232 - INFO - 📈 已插入 300 只基金重仓持仓股信息
2025-08-16 16:49:45,246 - INFO - 📈 已插入 400 只基金重仓持仓股信息
2025-08-16 16:49:45,261 - INFO - 📈 已插入 500 只基金重仓持仓股信息
2025-08-16 16:49:45,280 - INFO - 📈 已插入 600 只基金重仓持仓股信息
2025-08-16 16:49:45,297 - INFO - 📈 已插入 700 只基金重仓持仓股信息
2025-08-16 16:49:45,314 - INFO - 📈 已插入 800 只基金重仓持仓股信息
2025-08-16 16:49:45,337 - INFO - 📈 已插入 900 只基金重仓持仓股信息
2025-08-16 16:49:45,355 - INFO - 📈 已插入 1000 只基金重仓持仓股信息
2025-08-16 16:49:45,376 - INFO - 📈 已插入 1100 只基金重仓持仓股信息
2025-08-16 16:49:45,391 - INFO - 📈 已插入 1200 只基金重仓持仓股信息
2025-08-16 16:49:45,407 - INFO - 📈 已插入 1300 只基金重仓持仓股信息
2025-08-16 16:49:45,423 - INFO - 📈 已插入 1400 只基金重仓持仓股信息
2025-08-16 16:49:45,444 - INFO - 📈 已插入 1500 只基金重仓持仓股信息
2025-08-16 16:49:45,460 - INFO - 📈 已插入 1600 只基金重仓持仓股信息
2025-08-16 16:49:45,475 - INFO - 📈 已插入 1700 只基金重仓持仓股信息
2025-08-16 16:49:45,490 - INFO - 📈 已插入 1800 只基金重仓持仓股信息
2025-08-16 16:49:45,509 - INFO - 📈 已插入 1900 只基金重仓持仓股信息
2025-08-16 16:49:45,527 - INFO - 📈 已插入 2000 只基金重仓持仓股信息
2025-08-16 16:49:45,543 - INFO - 📈 已插入 2100 只基金重仓持仓股信息
2025-08-16 16:49:45,564 - INFO - 📈 已插入 2200 只基金重仓持仓股信息
2025-08-16 16:49:45,580 - INFO - 📈 已插入 2300 只基金重仓持仓股信息
2025-08-16 16:49:45,593 - INFO - 📈 已插入 2400 只基金重仓持仓股信息
2025-08-16 16:49:45,610 - INFO - 📈 已插入 2500 只基金重仓持仓股信息
2025-08-16 16:49:45,620 - INFO - 📈 已插入 2600 只基金重仓持仓股信息
2025-08-16 16:49:45,640 - INFO - 📈 已插入 2700 只基金重仓持仓股信息
2025-08-16 16:49:45,655 - INFO - 📈 已插入 2800 只基金重仓持仓股信息
2025-08-16 16:49:45,671 - INFO - 📈 已插入 2900 只基金重仓持仓股信息
2025-08-16 16:49:45,684 - INFO - 📈 已插入 3000 只基金重仓持仓股信息
2025-08-16 16:49:45,699 - INFO - 📈 已插入 3100 只基金重仓持仓股信息
2025-08-16 16:49:45,712 - INFO - ✅ 成功插入 3189 只基金重仓持仓股信息
2025-08-16 16:49:45,712 - INFO - 清空该日期披露的基金重仓持仓股...
2025-08-16 16:49:45,752 - INFO - 🚀 开始获取{report_date}季度所有基金重仓持仓股信息...
2025-08-16 16:49:46,089 - INFO - 📊 获取到 1753 只股票信息
2025-08-16 16:49:46,110 - INFO - 📈 已插入 100 只基金重仓持仓股信息
2025-08-16 16:49:46,121 - INFO - 📈 已插入 200 只基金重仓持仓股信息
2025-08-16 16:49:46,136 - INFO - 📈 已插入 300 只基金重仓持仓股信息
2025-08-16 16:49:46,149 - INFO - 📈 已插入 400 只基金重仓持仓股信息
2025-08-16 16:49:46,168 - INFO - 📈 已插入 500 只基金重仓持仓股信息
2025-08-16 16:49:46,184 - INFO - 📈 已插入 600 只基金重仓持仓股信息
2025-08-16 16:49:46,200 - INFO - 📈 已插入 700 只基金重仓持仓股信息
2025-08-16 16:49:46,217 - INFO - 📈 已插入 800 只基金重仓持仓股信息
2025-08-16 16:49:46,230 - INFO - 📈 已插入 900 只基金重仓持仓股信息
2025-08-16 16:49:46,249 - INFO - 📈 已插入 1000 只基金重仓持仓股信息
2025-08-16 16:49:46,263 - INFO - 📈 已插入 1100 只基金重仓持仓股信息
2025-08-16 16:49:46,280 - INFO - 📈 已插入 1200 只基金重仓持仓股信息
2025-08-16 16:49:46,300 - INFO - 📈 已插入 1300 只基金重仓持仓股信息
2025-08-16 16:49:46,313 - INFO - 📈 已插入 1400 只基金重仓持仓股信息
2025-08-16 16:49:46,324 - INFO - 📈 已插入 1500 只基金重仓持仓股信息
2025-08-16 16:49:46,347 - INFO - 📈 已插入 1600 只基金重仓持仓股信息
2025-08-16 16:49:46,364 - INFO - 📈 已插入 1700 只基金重仓持仓股信息
2025-08-16 16:49:46,375 - INFO - ✅ 成功插入 1753 只基金重仓持仓股信息
2025-08-16 16:49:46,375 - INFO - 清空该日期披露的基金重仓持仓股...
2025-08-16 16:49:46,414 - INFO - 🚀 开始获取{report_date}季度所有基金重仓持仓股信息...
2025-08-16 16:49:46,879 - INFO - 📊 获取到 3353 只股票信息
2025-08-16 16:49:46,896 - INFO - 📈 已插入 100 只基金重仓持仓股信息
2025-08-16 16:49:46,911 - INFO - 📈 已插入 200 只基金重仓持仓股信息
2025-08-16 16:49:46,926 - INFO - 📈 已插入 300 只基金重仓持仓股信息
2025-08-16 16:49:46,939 - INFO - 📈 已插入 400 只基金重仓持仓股信息
2025-08-16 16:49:46,955 - INFO - 📈 已插入 500 只基金重仓持仓股信息
2025-08-16 16:49:46,972 - INFO - 📈 已插入 600 只基金重仓持仓股信息
2025-08-16 16:49:46,989 - INFO - 📈 已插入 700 只基金重仓持仓股信息
2025-08-16 16:49:47,001 - INFO - 📈 已插入 800 只基金重仓持仓股信息
2025-08-16 16:49:47,014 - INFO - 📈 已插入 900 只基金重仓持仓股信息
2025-08-16 16:49:47,028 - INFO - 📈 已插入 1000 只基金重仓持仓股信息
2025-08-16 16:49:47,044 - INFO - 📈 已插入 1100 只基金重仓持仓股信息
2025-08-16 16:49:47,070 - INFO - 📈 已插入 1200 只基金重仓持仓股信息
2025-08-16 16:49:47,085 - INFO - 📈 已插入 1300 只基金重仓持仓股信息
2025-08-16 16:49:47,099 - INFO - 📈 已插入 1400 只基金重仓持仓股信息
2025-08-16 16:49:47,114 - INFO - 📈 已插入 1500 只基金重仓持仓股信息
2025-08-16 16:49:47,129 - INFO - 📈 已插入 1600 只基金重仓持仓股信息
2025-08-16 16:49:47,143 - INFO - 📈 已插入 1700 只基金重仓持仓股信息
2025-08-16 16:49:47,157 - INFO - 📈 已插入 1800 只基金重仓持仓股信息
2025-08-16 16:49:47,175 - INFO - 📈 已插入 1900 只基金重仓持仓股信息
2025-08-16 16:49:47,189 - INFO - 📈 已插入 2000 只基金重仓持仓股信息
2025-08-16 16:49:47,204 - INFO - 📈 已插入 2100 只基金重仓持仓股信息
2025-08-16 16:49:47,220 - INFO - 📈 已插入 2200 只基金重仓持仓股信息
2025-08-16 16:49:47,237 - INFO - 📈 已插入 2300 只基金重仓持仓股信息
2025-08-16 16:49:47,259 - INFO - 📈 已插入 2400 只基金重仓持仓股信息
2025-08-16 16:49:47,277 - INFO - 📈 已插入 2500 只基金重仓持仓股信息
2025-08-16 16:49:47,295 - INFO - 📈 已插入 2600 只基金重仓持仓股信息
2025-08-16 16:49:47,309 - INFO - 📈 已插入 2700 只基金重仓持仓股信息
2025-08-16 16:49:47,322 - INFO - 📈 已插入 2800 只基金重仓持仓股信息
2025-08-16 16:49:47,334 - INFO - 📈 已插入 2900 只基金重仓持仓股信息
2025-08-16 16:49:47,350 - INFO - 📈 已插入 3000 只基金重仓持仓股信息
2025-08-16 16:49:47,363 - INFO - 📈 已插入 3100 只基金重仓持仓股信息
2025-08-16 16:49:47,380 - INFO - 📈 已插入 3200 只基金重仓持仓股信息
2025-08-16 16:49:47,394 - INFO - 📈 已插入 3300 只基金重仓持仓股信息
2025-08-16 16:49:47,405 - INFO - ✅ 成功插入 3353 只基金重仓持仓股信息
2025-08-16 16:49:47,405 - INFO - 清空该日期披露的基金重仓持仓股...
2025-08-16 16:49:47,449 - INFO - 🚀 开始获取{report_date}季度所有基金重仓持仓股信息...
2025-08-16 16:49:47,765 - INFO - 📊 获取到 1604 只股票信息
2025-08-16 16:49:47,793 - INFO - 📈 已插入 100 只基金重仓持仓股信息
2025-08-16 16:49:47,805 - INFO - 📈 已插入 200 只基金重仓持仓股信息
2025-08-16 16:49:47,820 - INFO - 📈 已插入 300 只基金重仓持仓股信息
2025-08-16 16:49:47,834 - INFO - 📈 已插入 400 只基金重仓持仓股信息
2025-08-16 16:49:47,854 - INFO - 📈 已插入 500 只基金重仓持仓股信息
2025-08-16 16:49:47,868 - INFO - 📈 已插入 600 只基金重仓持仓股信息
2025-08-16 16:49:47,882 - INFO - 📈 已插入 700 只基金重仓持仓股信息
2025-08-16 16:49:47,894 - INFO - 📈 已插入 800 只基金重仓持仓股信息
2025-08-16 16:49:47,912 - INFO - 📈 已插入 900 只基金重仓持仓股信息
2025-08-16 16:49:47,929 - INFO - 📈 已插入 1000 只基金重仓持仓股信息
2025-08-16 16:49:47,943 - INFO - 📈 已插入 1100 只基金重仓持仓股信息
2025-08-16 16:49:47,955 - INFO - 📈 已插入 1200 只基金重仓持仓股信息
2025-08-16 16:49:47,970 - INFO - 📈 已插入 1300 只基金重仓持仓股信息
2025-08-16 16:49:47,984 - INFO - 📈 已插入 1400 只基金重仓持仓股信息
2025-08-16 16:49:48,000 - INFO - 📈 已插入 1500 只基金重仓持仓股信息
2025-08-16 16:49:48,013 - INFO - 📈 已插入 1600 只基金重仓持仓股信息
2025-08-16 16:49:48,020 - INFO - ✅ 成功插入 1604 只基金重仓持仓股信息
2025-08-16 16:49:48,020 - INFO - 清空该日期披露的基金重仓持仓股...
2025-08-16 16:49:48,063 - INFO - 🚀 开始获取{report_date}季度所有基金重仓持仓股信息...
2025-08-16 16:49:48,575 - INFO - 📊 获取到 3386 只股票信息
2025-08-16 16:49:48,604 - INFO - 📈 已插入 100 只基金重仓持仓股信息
2025-08-16 16:49:48,617 - INFO - 📈 已插入 200 只基金重仓持仓股信息
2025-08-16 16:49:48,633 - INFO - 📈 已插入 300 只基金重仓持仓股信息
2025-08-16 16:49:48,646 - INFO - 📈 已插入 400 只基金重仓持仓股信息
2025-08-16 16:49:48,660 - INFO - 📈 已插入 500 只基金重仓持仓股信息
2025-08-16 16:49:48,677 - INFO - 📈 已插入 600 只基金重仓持仓股信息
2025-08-16 16:49:48,693 - INFO - 📈 已插入 700 只基金重仓持仓股信息
2025-08-16 16:49:48,705 - INFO - 📈 已插入 800 只基金重仓持仓股信息
2025-08-16 16:49:48,721 - INFO - 📈 已插入 900 只基金重仓持仓股信息
2025-08-16 16:49:48,736 - INFO - 📈 已插入 1000 只基金重仓持仓股信息
2025-08-16 16:49:48,751 - INFO - 📈 已插入 1100 只基金重仓持仓股信息
2025-08-16 16:49:48,764 - INFO - 📈 已插入 1200 只基金重仓持仓股信息
2025-08-16 16:49:48,778 - INFO - 📈 已插入 1300 只基金重仓持仓股信息
2025-08-16 16:49:48,794 - INFO - 📈 已插入 1400 只基金重仓持仓股信息
2025-08-16 16:49:48,807 - INFO - 📈 已插入 1500 只基金重仓持仓股信息
2025-08-16 16:49:48,823 - INFO - 📈 已插入 1600 只基金重仓持仓股信息
2025-08-16 16:49:48,840 - INFO - 📈 已插入 1700 只基金重仓持仓股信息
2025-08-16 16:49:48,854 - INFO - 📈 已插入 1800 只基金重仓持仓股信息
2025-08-16 16:49:48,870 - INFO - 📈 已插入 1900 只基金重仓持仓股信息
2025-08-16 16:49:48,885 - INFO - 📈 已插入 2000 只基金重仓持仓股信息
2025-08-16 16:49:48,900 - INFO - 📈 已插入 2100 只基金重仓持仓股信息
2025-08-16 16:49:48,920 - INFO - 📈 已插入 2200 只基金重仓持仓股信息
2025-08-16 16:49:48,934 - INFO - 📈 已插入 2300 只基金重仓持仓股信息
2025-08-16 16:49:48,951 - INFO - 📈 已插入 2400 只基金重仓持仓股信息
2025-08-16 16:49:48,964 - INFO - 📈 已插入 2500 只基金重仓持仓股信息
2025-08-16 16:49:48,980 - INFO - 📈 已插入 2600 只基金重仓持仓股信息
2025-08-16 16:49:48,997 - INFO - 📈 已插入 2700 只基金重仓持仓股信息
2025-08-16 16:49:49,016 - INFO - 📈 已插入 2800 只基金重仓持仓股信息
2025-08-16 16:49:49,029 - INFO - 📈 已插入 2900 只基金重仓持仓股信息
2025-08-16 16:49:49,046 - INFO - 📈 已插入 3000 只基金重仓持仓股信息
2025-08-16 16:49:49,061 - INFO - 📈 已插入 3100 只基金重仓持仓股信息
2025-08-16 16:49:49,074 - INFO - 📈 已插入 3200 只基金重仓持仓股信息
2025-08-16 16:49:49,087 - INFO - 📈 已插入 3300 只基金重仓持仓股信息
2025-08-16 16:49:49,099 - INFO - ✅ 成功插入 3386 只基金重仓持仓股信息
2025-08-16 16:49:49,099 - INFO - 清空该日期披露的基金重仓持仓股...
2025-08-16 16:49:49,142 - INFO - 🚀 开始获取{report_date}季度所有基金重仓持仓股信息...
2025-08-16 16:49:49,402 - INFO - 📊 获取到 1447 只股票信息
2025-08-16 16:49:49,424 - INFO - 📈 已插入 100 只基金重仓持仓股信息
2025-08-16 16:49:49,440 - INFO - 📈 已插入 200 只基金重仓持仓股信息
2025-08-16 16:49:49,455 - INFO - 📈 已插入 300 只基金重仓持仓股信息
2025-08-16 16:49:49,472 - INFO - 📈 已插入 400 只基金重仓持仓股信息
2025-08-16 16:49:49,489 - INFO - 📈 已插入 500 只基金重仓持仓股信息
2025-08-16 16:49:49,505 - INFO - 📈 已插入 600 只基金重仓持仓股信息
2025-08-16 16:49:49,525 - INFO - 📈 已插入 700 只基金重仓持仓股信息
2025-08-16 16:49:49,548 - INFO - 📈 已插入 800 只基金重仓持仓股信息
2025-08-16 16:49:49,561 - INFO - 📈 已插入 900 只基金重仓持仓股信息
2025-08-16 16:49:49,577 - INFO - 📈 已插入 1000 只基金重仓持仓股信息
2025-08-16 16:49:49,591 - INFO - 📈 已插入 1100 只基金重仓持仓股信息
2025-08-16 16:49:49,607 - INFO - 📈 已插入 1200 只基金重仓持仓股信息
2025-08-16 16:49:49,624 - INFO - 📈 已插入 1300 只基金重仓持仓股信息
2025-08-16 16:49:49,634 - INFO - 📈 已插入 1400 只基金重仓持仓股信息
2025-08-16 16:49:49,646 - INFO - ✅ 成功插入 1447 只基金重仓持仓股信息
2025-08-16 16:49:49,646 - INFO - 清空该日期披露的基金重仓持仓股...
2025-08-16 16:49:49,691 - INFO - 🚀 开始获取{report_date}季度所有基金重仓持仓股信息...
2025-08-16 16:49:50,429 - INFO - 📊 获取到 3447 只股票信息
2025-08-16 16:49:50,449 - INFO - 📈 已插入 100 只基金重仓持仓股信息
2025-08-16 16:49:50,464 - INFO - 📈 已插入 200 只基金重仓持仓股信息
2025-08-16 16:49:50,480 - INFO - 📈 已插入 300 只基金重仓持仓股信息
2025-08-16 16:49:50,495 - INFO - 📈 已插入 400 只基金重仓持仓股信息
2025-08-16 16:49:50,513 - INFO - 📈 已插入 500 只基金重仓持仓股信息
2025-08-16 16:49:50,529 - INFO - 📈 已插入 600 只基金重仓持仓股信息
2025-08-16 16:49:50,543 - INFO - 📈 已插入 700 只基金重仓持仓股信息
2025-08-16 16:49:50,556 - INFO - 📈 已插入 800 只基金重仓持仓股信息
2025-08-16 16:49:50,571 - INFO - 📈 已插入 900 只基金重仓持仓股信息
2025-08-16 16:49:50,584 - INFO - 📈 已插入 1000 只基金重仓持仓股信息
2025-08-16 16:49:50,597 - INFO - 📈 已插入 1100 只基金重仓持仓股信息
2025-08-16 16:49:50,613 - INFO - 📈 已插入 1200 只基金重仓持仓股信息
2025-08-16 16:49:50,626 - INFO - 📈 已插入 1300 只基金重仓持仓股信息
2025-08-16 16:49:50,640 - INFO - 📈 已插入 1400 只基金重仓持仓股信息
2025-08-16 16:49:50,651 - INFO - 📈 已插入 1500 只基金重仓持仓股信息
2025-08-16 16:49:50,669 - INFO - 📈 已插入 1600 只基金重仓持仓股信息
2025-08-16 16:49:50,685 - INFO - 📈 已插入 1700 只基金重仓持仓股信息
2025-08-16 16:49:50,702 - INFO - 📈 已插入 1800 只基金重仓持仓股信息
2025-08-16 16:49:50,721 - INFO - 📈 已插入 1900 只基金重仓持仓股信息
2025-08-16 16:49:50,739 - INFO - 📈 已插入 2000 只基金重仓持仓股信息
2025-08-16 16:49:50,759 - INFO - 📈 已插入 2100 只基金重仓持仓股信息
2025-08-16 16:49:50,773 - INFO - 📈 已插入 2200 只基金重仓持仓股信息
2025-08-16 16:49:50,789 - INFO - 📈 已插入 2300 只基金重仓持仓股信息
2025-08-16 16:49:50,801 - INFO - 📈 已插入 2400 只基金重仓持仓股信息
2025-08-16 16:49:50,816 - INFO - 📈 已插入 2500 只基金重仓持仓股信息
2025-08-16 16:49:50,831 - INFO - 📈 已插入 2600 只基金重仓持仓股信息
2025-08-16 16:49:50,845 - INFO - 📈 已插入 2700 只基金重仓持仓股信息
2025-08-16 16:49:50,859 - INFO - 📈 已插入 2800 只基金重仓持仓股信息
2025-08-16 16:49:50,869 - INFO - 📈 已插入 2900 只基金重仓持仓股信息
2025-08-16 16:49:50,884 - INFO - 📈 已插入 3000 只基金重仓持仓股信息
2025-08-16 16:49:50,900 - INFO - 📈 已插入 3100 只基金重仓持仓股信息
2025-08-16 16:49:50,914 - INFO - 📈 已插入 3200 只基金重仓持仓股信息
2025-08-16 16:49:50,933 - INFO - 📈 已插入 3300 只基金重仓持仓股信息
2025-08-16 16:49:50,947 - INFO - 📈 已插入 3400 只基金重仓持仓股信息
2025-08-16 16:49:50,955 - INFO - ✅ 成功插入 3447 只基金重仓持仓股信息
2025-08-16 16:49:50,955 - INFO - 清空该日期披露的基金重仓持仓股...
2025-08-16 16:49:51,004 - INFO - 🚀 开始获取{report_date}季度所有基金重仓持仓股信息...
2025-08-16 16:49:51,326 - INFO - 📊 获取到 1647 只股票信息
2025-08-16 16:49:51,344 - INFO - 📈 已插入 100 只基金重仓持仓股信息
2025-08-16 16:49:51,356 - INFO - 📈 已插入 200 只基金重仓持仓股信息
2025-08-16 16:49:51,372 - INFO - 📈 已插入 300 只基金重仓持仓股信息
2025-08-16 16:49:51,384 - INFO - 📈 已插入 400 只基金重仓持仓股信息
2025-08-16 16:49:51,402 - INFO - 📈 已插入 500 只基金重仓持仓股信息
2025-08-16 16:49:51,414 - INFO - 📈 已插入 600 只基金重仓持仓股信息
2025-08-16 16:49:51,434 - INFO - 📈 已插入 700 只基金重仓持仓股信息
2025-08-16 16:49:51,446 - INFO - 📈 已插入 800 只基金重仓持仓股信息
2025-08-16 16:49:51,461 - INFO - 📈 已插入 900 只基金重仓持仓股信息
2025-08-16 16:49:51,476 - INFO - 📈 已插入 1000 只基金重仓持仓股信息
2025-08-16 16:49:51,493 - INFO - 📈 已插入 1100 只基金重仓持仓股信息
2025-08-16 16:49:51,509 - INFO - 📈 已插入 1200 只基金重仓持仓股信息
2025-08-16 16:49:51,525 - INFO - 📈 已插入 1300 只基金重仓持仓股信息
2025-08-16 16:49:51,539 - INFO - 📈 已插入 1400 只基金重仓持仓股信息
2025-08-16 16:49:51,565 - INFO - 📈 已插入 1500 只基金重仓持仓股信息
2025-08-16 16:49:51,580 - INFO - 📈 已插入 1600 只基金重仓持仓股信息
2025-08-16 16:49:51,590 - INFO - ✅ 成功插入 1647 只基金重仓持仓股信息
2025-08-16 16:49:51,590 - INFO - 清空该日期披露的基金重仓持仓股...
2025-08-16 16:49:51,639 - INFO - 🚀 开始获取{report_date}季度所有基金重仓持仓股信息...
2025-08-16 16:49:52,136 - INFO - 📊 获取到 3424 只股票信息
2025-08-16 16:49:52,165 - INFO - 📈 已插入 100 只基金重仓持仓股信息
2025-08-16 16:49:52,175 - INFO - 📈 已插入 200 只基金重仓持仓股信息
2025-08-16 16:49:52,194 - INFO - 📈 已插入 300 只基金重仓持仓股信息
2025-08-16 16:49:52,210 - INFO - 📈 已插入 400 只基金重仓持仓股信息
2025-08-16 16:49:52,224 - INFO - 📈 已插入 500 只基金重仓持仓股信息
2025-08-16 16:49:52,242 - INFO - 📈 已插入 600 只基金重仓持仓股信息
2025-08-16 16:49:52,255 - INFO - 📈 已插入 700 只基金重仓持仓股信息
2025-08-16 16:49:52,269 - INFO - 📈 已插入 800 只基金重仓持仓股信息
2025-08-16 16:49:52,286 - INFO - 📈 已插入 900 只基金重仓持仓股信息
2025-08-16 16:49:52,297 - INFO - 📈 已插入 1000 只基金重仓持仓股信息
2025-08-16 16:49:52,313 - INFO - 📈 已插入 1100 只基金重仓持仓股信息
2025-08-16 16:49:52,327 - INFO - 📈 已插入 1200 只基金重仓持仓股信息
2025-08-16 16:49:52,344 - INFO - 📈 已插入 1300 只基金重仓持仓股信息
2025-08-16 16:49:52,355 - INFO - 📈 已插入 1400 只基金重仓持仓股信息
2025-08-16 16:49:52,370 - INFO - 📈 已插入 1500 只基金重仓持仓股信息
2025-08-16 16:49:52,385 - INFO - 📈 已插入 1600 只基金重仓持仓股信息
2025-08-16 16:49:52,402 - INFO - 📈 已插入 1700 只基金重仓持仓股信息
2025-08-16 16:49:52,414 - INFO - 📈 已插入 1800 只基金重仓持仓股信息
2025-08-16 16:49:52,430 - INFO - 📈 已插入 1900 只基金重仓持仓股信息
2025-08-16 16:49:52,444 - INFO - 📈 已插入 2000 只基金重仓持仓股信息
2025-08-16 16:49:52,461 - INFO - 📈 已插入 2100 只基金重仓持仓股信息
2025-08-16 16:49:52,479 - INFO - 📈 已插入 2200 只基金重仓持仓股信息
2025-08-16 16:49:52,494 - INFO - 📈 已插入 2300 只基金重仓持仓股信息
2025-08-16 16:49:52,510 - INFO - 📈 已插入 2400 只基金重仓持仓股信息
2025-08-16 16:49:52,525 - INFO - 📈 已插入 2500 只基金重仓持仓股信息
2025-08-16 16:49:52,537 - INFO - 📈 已插入 2600 只基金重仓持仓股信息
2025-08-16 16:49:52,553 - INFO - 📈 已插入 2700 只基金重仓持仓股信息
2025-08-16 16:49:52,567 - INFO - 📈 已插入 2800 只基金重仓持仓股信息
2025-08-16 16:49:52,583 - INFO - 📈 已插入 2900 只基金重仓持仓股信息
2025-08-16 16:49:52,597 - INFO - 📈 已插入 3000 只基金重仓持仓股信息
2025-08-16 16:49:52,613 - INFO - 📈 已插入 3100 只基金重仓持仓股信息
2025-08-16 16:49:52,629 - INFO - 📈 已插入 3200 只基金重仓持仓股信息
2025-08-16 16:49:52,647 - INFO - 📈 已插入 3300 只基金重仓持仓股信息
2025-08-16 16:49:52,663 - INFO - 📈 已插入 3400 只基金重仓持仓股信息
2025-08-16 16:49:52,672 - INFO - ✅ 成功插入 3424 只基金重仓持仓股信息
2025-08-16 16:49:52,672 - INFO - 清空该日期披露的基金重仓持仓股...
2025-08-16 16:49:52,725 - INFO - 🚀 开始获取{report_date}季度所有基金重仓持仓股信息...
2025-08-16 16:49:53,025 - INFO - 📊 获取到 1440 只股票信息
2025-08-16 16:49:53,042 - INFO - 📈 已插入 100 只基金重仓持仓股信息
2025-08-16 16:49:53,057 - INFO - 📈 已插入 200 只基金重仓持仓股信息
2025-08-16 16:49:53,073 - INFO - 📈 已插入 300 只基金重仓持仓股信息
2025-08-16 16:49:53,084 - INFO - 📈 已插入 400 只基金重仓持仓股信息
2025-08-16 16:49:53,100 - INFO - 📈 已插入 500 只基金重仓持仓股信息
2025-08-16 16:49:53,117 - INFO - 📈 已插入 600 只基金重仓持仓股信息
2025-08-16 16:49:53,132 - INFO - 📈 已插入 700 只基金重仓持仓股信息
2025-08-16 16:49:53,146 - INFO - 📈 已插入 800 只基金重仓持仓股信息
2025-08-16 16:49:53,161 - INFO - 📈 已插入 900 只基金重仓持仓股信息
2025-08-16 16:49:53,173 - INFO - 📈 已插入 1000 只基金重仓持仓股信息
2025-08-16 16:49:53,189 - INFO - 📈 已插入 1100 只基金重仓持仓股信息
2025-08-16 16:49:53,206 - INFO - 📈 已插入 1200 只基金重仓持仓股信息
2025-08-16 16:49:53,218 - INFO - 📈 已插入 1300 只基金重仓持仓股信息
2025-08-16 16:49:53,233 - INFO - 📈 已插入 1400 只基金重仓持仓股信息
2025-08-16 16:49:53,240 - INFO - ✅ 成功插入 1440 只基金重仓持仓股信息
2025-08-16 16:49:53,240 - INFO - 清空该日期披露的基金重仓持仓股...
2025-08-16 16:49:53,293 - INFO - 🚀 开始获取{report_date}季度所有基金重仓持仓股信息...
2025-08-16 16:49:53,806 - INFO - 📊 获取到 3544 只股票信息
2025-08-16 16:49:53,830 - INFO - 📈 已插入 100 只基金重仓持仓股信息
2025-08-16 16:49:53,845 - INFO - 📈 已插入 200 只基金重仓持仓股信息
2025-08-16 16:49:53,861 - INFO - 📈 已插入 300 只基金重仓持仓股信息
2025-08-16 16:49:53,877 - INFO - 📈 已插入 400 只基金重仓持仓股信息
2025-08-16 16:49:53,894 - INFO - 📈 已插入 500 只基金重仓持仓股信息
2025-08-16 16:49:53,910 - INFO - 📈 已插入 600 只基金重仓持仓股信息
2025-08-16 16:49:53,925 - INFO - 📈 已插入 700 只基金重仓持仓股信息
2025-08-16 16:49:53,945 - INFO - 📈 已插入 800 只基金重仓持仓股信息
2025-08-16 16:49:53,960 - INFO - 📈 已插入 900 只基金重仓持仓股信息
2025-08-16 16:49:53,974 - INFO - 📈 已插入 1000 只基金重仓持仓股信息
2025-08-16 16:49:53,989 - INFO - 📈 已插入 1100 只基金重仓持仓股信息
2025-08-16 16:49:54,001 - INFO - 📈 已插入 1200 只基金重仓持仓股信息
2025-08-16 16:49:54,017 - INFO - 📈 已插入 1300 只基金重仓持仓股信息
2025-08-16 16:49:54,031 - INFO - 📈 已插入 1400 只基金重仓持仓股信息
2025-08-16 16:49:54,046 - INFO - 📈 已插入 1500 只基金重仓持仓股信息
2025-08-16 16:49:54,061 - INFO - 📈 已插入 1600 只基金重仓持仓股信息
2025-08-16 16:49:54,075 - INFO - 📈 已插入 1700 只基金重仓持仓股信息
2025-08-16 16:49:54,091 - INFO - 📈 已插入 1800 只基金重仓持仓股信息
2025-08-16 16:49:54,104 - INFO - 📈 已插入 1900 只基金重仓持仓股信息
2025-08-16 16:49:54,113 - INFO - 📈 已插入 2000 只基金重仓持仓股信息
2025-08-16 16:49:54,129 - INFO - 📈 已插入 2100 只基金重仓持仓股信息
2025-08-16 16:49:54,142 - INFO - 📈 已插入 2200 只基金重仓持仓股信息
2025-08-16 16:49:54,159 - INFO - 📈 已插入 2300 只基金重仓持仓股信息
2025-08-16 16:49:54,169 - INFO - 📈 已插入 2400 只基金重仓持仓股信息
2025-08-16 16:49:54,189 - INFO - 📈 已插入 2500 只基金重仓持仓股信息
2025-08-16 16:49:54,200 - INFO - 📈 已插入 2600 只基金重仓持仓股信息
2025-08-16 16:49:54,223 - INFO - 📈 已插入 2700 只基金重仓持仓股信息
2025-08-16 16:49:54,239 - INFO - 📈 已插入 2800 只基金重仓持仓股信息
2025-08-16 16:49:54,268 - INFO - 📈 已插入 2900 只基金重仓持仓股信息
2025-08-16 16:49:54,289 - INFO - 📈 已插入 3000 只基金重仓持仓股信息
2025-08-16 16:49:54,300 - INFO - 📈 已插入 3100 只基金重仓持仓股信息
2025-08-16 16:49:54,321 - INFO - 📈 已插入 3200 只基金重仓持仓股信息
2025-08-16 16:49:54,334 - INFO - 📈 已插入 3300 只基金重仓持仓股信息
2025-08-16 16:49:54,350 - INFO - 📈 已插入 3400 只基金重仓持仓股信息
2025-08-16 16:49:54,363 - INFO - 📈 已插入 3500 只基金重仓持仓股信息
2025-08-16 16:49:54,372 - INFO - ✅ 成功插入 3544 只基金重仓持仓股信息
2025-08-16 16:49:54,372 - INFO - 清空该日期披露的基金重仓持仓股...
2025-08-16 16:49:54,429 - INFO - 🚀 开始获取{report_date}季度所有基金重仓持仓股信息...
2025-08-16 16:49:54,790 - INFO - 📊 获取到 1593 只股票信息
2025-08-16 16:49:54,813 - INFO - 📈 已插入 100 只基金重仓持仓股信息
2025-08-16 16:49:54,830 - INFO - 📈 已插入 200 只基金重仓持仓股信息
2025-08-16 16:49:54,841 - INFO - 📈 已插入 300 只基金重仓持仓股信息
2025-08-16 16:49:54,862 - INFO - 📈 已插入 400 只基金重仓持仓股信息
2025-08-16 16:49:54,878 - INFO - 📈 已插入 500 只基金重仓持仓股信息
2025-08-16 16:49:54,892 - INFO - 📈 已插入 600 只基金重仓持仓股信息
2025-08-16 16:49:54,909 - INFO - 📈 已插入 700 只基金重仓持仓股信息
2025-08-16 16:49:54,924 - INFO - 📈 已插入 800 只基金重仓持仓股信息
2025-08-16 16:49:54,938 - INFO - 📈 已插入 900 只基金重仓持仓股信息
2025-08-16 16:49:54,951 - INFO - 📈 已插入 1000 只基金重仓持仓股信息
2025-08-16 16:49:54,967 - INFO - 📈 已插入 1100 只基金重仓持仓股信息
2025-08-16 16:49:54,983 - INFO - 📈 已插入 1200 只基金重仓持仓股信息
2025-08-16 16:49:54,998 - INFO - 📈 已插入 1300 只基金重仓持仓股信息
2025-08-16 16:49:55,013 - INFO - 📈 已插入 1400 只基金重仓持仓股信息
2025-08-16 16:49:55,030 - INFO - 📈 已插入 1500 只基金重仓持仓股信息
2025-08-16 16:49:55,046 - INFO - ✅ 成功插入 1593 只基金重仓持仓股信息
2025-08-16 16:49:55,046 - INFO - 清空该日期披露的基金重仓持仓股...
2025-08-16 16:49:55,100 - INFO - 🚀 开始获取{report_date}季度所有基金重仓持仓股信息...
2025-08-16 16:49:55,644 - INFO - 📊 获取到 3560 只股票信息
2025-08-16 16:49:55,665 - INFO - 📈 已插入 100 只基金重仓持仓股信息
2025-08-16 16:49:55,681 - INFO - 📈 已插入 200 只基金重仓持仓股信息
2025-08-16 16:49:55,697 - INFO - 📈 已插入 300 只基金重仓持仓股信息
2025-08-16 16:49:55,710 - INFO - 📈 已插入 400 只基金重仓持仓股信息
2025-08-16 16:49:55,734 - INFO - 📈 已插入 500 只基金重仓持仓股信息
2025-08-16 16:49:55,752 - INFO - 📈 已插入 600 只基金重仓持仓股信息
2025-08-16 16:49:55,764 - INFO - 📈 已插入 700 只基金重仓持仓股信息
2025-08-16 16:49:55,782 - INFO - 📈 已插入 800 只基金重仓持仓股信息
2025-08-16 16:49:55,797 - INFO - 📈 已插入 900 只基金重仓持仓股信息
2025-08-16 16:49:55,816 - INFO - 📈 已插入 1000 只基金重仓持仓股信息
2025-08-16 16:49:55,831 - INFO - 📈 已插入 1100 只基金重仓持仓股信息
2025-08-16 16:49:55,848 - INFO - 📈 已插入 1200 只基金重仓持仓股信息
2025-08-16 16:49:55,864 - INFO - 📈 已插入 1300 只基金重仓持仓股信息
2025-08-16 16:49:55,880 - INFO - 📈 已插入 1400 只基金重仓持仓股信息
2025-08-16 16:49:55,896 - INFO - 📈 已插入 1500 只基金重仓持仓股信息
2025-08-16 16:49:55,912 - INFO - 📈 已插入 1600 只基金重仓持仓股信息
2025-08-16 16:49:55,927 - INFO - 📈 已插入 1700 只基金重仓持仓股信息
2025-08-16 16:49:55,949 - INFO - 📈 已插入 1800 只基金重仓持仓股信息
2025-08-16 16:49:55,963 - INFO - 📈 已插入 1900 只基金重仓持仓股信息
2025-08-16 16:49:55,974 - INFO - 📈 已插入 2000 只基金重仓持仓股信息
2025-08-16 16:49:55,989 - INFO - 📈 已插入 2100 只基金重仓持仓股信息
2025-08-16 16:49:56,008 - INFO - 📈 已插入 2200 只基金重仓持仓股信息
2025-08-16 16:49:56,021 - INFO - 📈 已插入 2300 只基金重仓持仓股信息
2025-08-16 16:49:56,038 - INFO - 📈 已插入 2400 只基金重仓持仓股信息
2025-08-16 16:49:56,054 - INFO - 📈 已插入 2500 只基金重仓持仓股信息
2025-08-16 16:49:56,071 - INFO - 📈 已插入 2600 只基金重仓持仓股信息
2025-08-16 16:49:56,090 - INFO - 📈 已插入 2700 只基金重仓持仓股信息
2025-08-16 16:49:56,107 - INFO - 📈 已插入 2800 只基金重仓持仓股信息
2025-08-16 16:49:56,134 - INFO - 📈 已插入 2900 只基金重仓持仓股信息
2025-08-16 16:49:56,147 - INFO - 📈 已插入 3000 只基金重仓持仓股信息
2025-08-16 16:49:56,163 - INFO - 📈 已插入 3100 只基金重仓持仓股信息
2025-08-16 16:49:56,175 - INFO - 📈 已插入 3200 只基金重仓持仓股信息
2025-08-16 16:49:56,189 - INFO - 📈 已插入 3300 只基金重仓持仓股信息
2025-08-16 16:49:56,203 - INFO - 📈 已插入 3400 只基金重仓持仓股信息
2025-08-16 16:49:56,218 - INFO - 📈 已插入 3500 只基金重仓持仓股信息
2025-08-16 16:49:56,230 - INFO - ✅ 成功插入 3560 只基金重仓持仓股信息
2025-08-16 16:49:56,230 - INFO - 清空该日期披露的基金重仓持仓股...
2025-08-16 16:49:56,291 - INFO - 🚀 开始获取{report_date}季度所有基金重仓持仓股信息...
2025-08-16 16:49:56,592 - INFO - 📊 获取到 1667 只股票信息
2025-08-16 16:49:56,619 - INFO - 📈 已插入 100 只基金重仓持仓股信息
2025-08-16 16:49:56,631 - INFO - 📈 已插入 200 只基金重仓持仓股信息
2025-08-16 16:49:56,642 - INFO - 📈 已插入 300 只基金重仓持仓股信息
2025-08-16 16:49:56,654 - INFO - 📈 已插入 400 只基金重仓持仓股信息
2025-08-16 16:49:56,674 - INFO - 📈 已插入 500 只基金重仓持仓股信息
2025-08-16 16:49:56,690 - INFO - 📈 已插入 600 只基金重仓持仓股信息
2025-08-16 16:49:56,709 - INFO - 📈 已插入 700 只基金重仓持仓股信息
2025-08-16 16:49:56,727 - INFO - 📈 已插入 800 只基金重仓持仓股信息
2025-08-16 16:49:56,744 - INFO - 📈 已插入 900 只基金重仓持仓股信息
2025-08-16 16:49:56,759 - INFO - 📈 已插入 1000 只基金重仓持仓股信息
2025-08-16 16:49:56,773 - INFO - 📈 已插入 1100 只基金重仓持仓股信息
2025-08-16 16:49:56,788 - INFO - 📈 已插入 1200 只基金重仓持仓股信息
2025-08-16 16:49:56,808 - INFO - 📈 已插入 1300 只基金重仓持仓股信息
2025-08-16 16:49:56,823 - INFO - 📈 已插入 1400 只基金重仓持仓股信息
2025-08-16 16:49:56,841 - INFO - 📈 已插入 1500 只基金重仓持仓股信息
2025-08-16 16:49:56,856 - INFO - 📈 已插入 1600 只基金重仓持仓股信息
2025-08-16 16:49:56,868 - INFO - ✅ 成功插入 1667 只基金重仓持仓股信息
2025-08-16 16:49:56,868 - INFO - 清空该日期披露的基金重仓持仓股...
2025-08-16 16:49:56,930 - INFO - 🚀 开始获取{report_date}季度所有基金重仓持仓股信息...
2025-08-16 16:49:57,533 - INFO - 📊 获取到 3722 只股票信息
2025-08-16 16:49:57,555 - INFO - 📈 已插入 100 只基金重仓持仓股信息
2025-08-16 16:49:57,569 - INFO - 📈 已插入 200 只基金重仓持仓股信息
2025-08-16 16:49:57,587 - INFO - 📈 已插入 300 只基金重仓持仓股信息
2025-08-16 16:49:57,600 - INFO - 📈 已插入 400 只基金重仓持仓股信息
2025-08-16 16:49:57,615 - INFO - 📈 已插入 500 只基金重仓持仓股信息
2025-08-16 16:49:57,628 - INFO - 📈 已插入 600 只基金重仓持仓股信息
2025-08-16 16:49:57,638 - INFO - 📈 已插入 700 只基金重仓持仓股信息
2025-08-16 16:49:57,651 - INFO - 📈 已插入 800 只基金重仓持仓股信息
2025-08-16 16:49:57,669 - INFO - 📈 已插入 900 只基金重仓持仓股信息
2025-08-16 16:49:57,684 - INFO - 📈 已插入 1000 只基金重仓持仓股信息
2025-08-16 16:49:57,698 - INFO - 📈 已插入 1100 只基金重仓持仓股信息
2025-08-16 16:49:57,713 - INFO - 📈 已插入 1200 只基金重仓持仓股信息
2025-08-16 16:49:57,725 - INFO - 📈 已插入 1300 只基金重仓持仓股信息
2025-08-16 16:49:57,746 - INFO - 📈 已插入 1400 只基金重仓持仓股信息
2025-08-16 16:49:57,763 - INFO - 📈 已插入 1500 只基金重仓持仓股信息
2025-08-16 16:49:57,779 - INFO - 📈 已插入 1600 只基金重仓持仓股信息
2025-08-16 16:49:57,793 - INFO - 📈 已插入 1700 只基金重仓持仓股信息
2025-08-16 16:49:57,803 - INFO - 📈 已插入 1800 只基金重仓持仓股信息
2025-08-16 16:49:57,819 - INFO - 📈 已插入 1900 只基金重仓持仓股信息
2025-08-16 16:49:57,830 - INFO - 📈 已插入 2000 只基金重仓持仓股信息
2025-08-16 16:49:57,849 - INFO - 📈 已插入 2100 只基金重仓持仓股信息
2025-08-16 16:49:57,863 - INFO - 📈 已插入 2200 只基金重仓持仓股信息
2025-08-16 16:49:57,880 - INFO - 📈 已插入 2300 只基金重仓持仓股信息
2025-08-16 16:49:57,899 - INFO - 📈 已插入 2400 只基金重仓持仓股信息
2025-08-16 16:49:57,909 - INFO - 📈 已插入 2500 只基金重仓持仓股信息
2025-08-16 16:49:57,928 - INFO - 📈 已插入 2600 只基金重仓持仓股信息
2025-08-16 16:49:57,943 - INFO - 📈 已插入 2700 只基金重仓持仓股信息
2025-08-16 16:49:57,958 - INFO - 📈 已插入 2800 只基金重仓持仓股信息
2025-08-16 16:49:57,974 - INFO - 📈 已插入 2900 只基金重仓持仓股信息
2025-08-16 16:49:57,989 - INFO - 📈 已插入 3000 只基金重仓持仓股信息
2025-08-16 16:49:58,004 - INFO - 📈 已插入 3100 只基金重仓持仓股信息
2025-08-16 16:49:58,019 - INFO - 📈 已插入 3200 只基金重仓持仓股信息
2025-08-16 16:49:58,034 - INFO - 📈 已插入 3300 只基金重仓持仓股信息
2025-08-16 16:49:58,049 - INFO - 📈 已插入 3400 只基金重仓持仓股信息
2025-08-16 16:49:58,063 - INFO - 📈 已插入 3500 只基金重仓持仓股信息
2025-08-16 16:49:58,078 - INFO - 📈 已插入 3600 只基金重仓持仓股信息
2025-08-16 16:49:58,091 - INFO - 📈 已插入 3700 只基金重仓持仓股信息
2025-08-16 16:49:58,097 - INFO - ✅ 成功插入 3722 只基金重仓持仓股信息
2025-08-16 16:49:58,097 - INFO - 清空该日期披露的基金重仓持仓股...
2025-08-16 16:49:58,158 - INFO - 🚀 开始获取{report_date}季度所有基金重仓持仓股信息...
2025-08-16 16:49:58,445 - INFO - 📊 获取到 1664 只股票信息
2025-08-16 16:49:58,463 - INFO - 📈 已插入 100 只基金重仓持仓股信息
2025-08-16 16:49:58,479 - INFO - 📈 已插入 200 只基金重仓持仓股信息
2025-08-16 16:49:58,496 - INFO - 📈 已插入 300 只基金重仓持仓股信息
2025-08-16 16:49:58,511 - INFO - 📈 已插入 400 只基金重仓持仓股信息
2025-08-16 16:49:58,525 - INFO - 📈 已插入 500 只基金重仓持仓股信息
2025-08-16 16:49:58,538 - INFO - 📈 已插入 600 只基金重仓持仓股信息
2025-08-16 16:49:58,551 - INFO - 📈 已插入 700 只基金重仓持仓股信息
2025-08-16 16:49:58,565 - INFO - 📈 已插入 800 只基金重仓持仓股信息
2025-08-16 16:49:58,578 - INFO - 📈 已插入 900 只基金重仓持仓股信息
2025-08-16 16:49:58,590 - INFO - 📈 已插入 1000 只基金重仓持仓股信息
2025-08-16 16:49:58,605 - INFO - 📈 已插入 1100 只基金重仓持仓股信息
2025-08-16 16:49:58,620 - INFO - 📈 已插入 1200 只基金重仓持仓股信息
2025-08-16 16:49:58,632 - INFO - 📈 已插入 1300 只基金重仓持仓股信息
2025-08-16 16:49:58,647 - INFO - 📈 已插入 1400 只基金重仓持仓股信息
2025-08-16 16:49:58,662 - INFO - 📈 已插入 1500 只基金重仓持仓股信息
2025-08-16 16:49:58,680 - INFO - 📈 已插入 1600 只基金重仓持仓股信息
2025-08-16 16:49:58,690 - INFO - ✅ 成功插入 1664 只基金重仓持仓股信息
2025-08-16 16:49:58,690 - INFO - 清空该日期披露的基金重仓持仓股...
2025-08-16 16:49:58,751 - INFO - 🚀 开始获取{report_date}季度所有基金重仓持仓股信息...
2025-08-16 16:49:59,345 - INFO - 📊 获取到 3956 只股票信息
2025-08-16 16:49:59,369 - INFO - 📈 已插入 100 只基金重仓持仓股信息
2025-08-16 16:49:59,388 - INFO - 📈 已插入 200 只基金重仓持仓股信息
2025-08-16 16:49:59,404 - INFO - 📈 已插入 300 只基金重仓持仓股信息
2025-08-16 16:49:59,422 - INFO - 📈 已插入 400 只基金重仓持仓股信息
2025-08-16 16:49:59,439 - INFO - 📈 已插入 500 只基金重仓持仓股信息
2025-08-16 16:49:59,454 - INFO - 📈 已插入 600 只基金重仓持仓股信息
2025-08-16 16:49:59,467 - INFO - 📈 已插入 700 只基金重仓持仓股信息
2025-08-16 16:49:59,480 - INFO - 📈 已插入 800 只基金重仓持仓股信息
2025-08-16 16:49:59,502 - INFO - 📈 已插入 900 只基金重仓持仓股信息
2025-08-16 16:49:59,519 - INFO - 📈 已插入 1000 只基金重仓持仓股信息
2025-08-16 16:49:59,534 - INFO - 📈 已插入 1100 只基金重仓持仓股信息
2025-08-16 16:49:59,550 - INFO - 📈 已插入 1200 只基金重仓持仓股信息
2025-08-16 16:49:59,571 - INFO - 📈 已插入 1300 只基金重仓持仓股信息
2025-08-16 16:49:59,589 - INFO - 📈 已插入 1400 只基金重仓持仓股信息
2025-08-16 16:49:59,608 - INFO - 📈 已插入 1500 只基金重仓持仓股信息
2025-08-16 16:49:59,629 - INFO - 📈 已插入 1600 只基金重仓持仓股信息
2025-08-16 16:49:59,646 - INFO - 📈 已插入 1700 只基金重仓持仓股信息
2025-08-16 16:49:59,658 - INFO - 📈 已插入 1800 只基金重仓持仓股信息
2025-08-16 16:49:59,676 - INFO - 📈 已插入 1900 只基金重仓持仓股信息
2025-08-16 16:49:59,691 - INFO - 📈 已插入 2000 只基金重仓持仓股信息
2025-08-16 16:49:59,700 - INFO - 📈 已插入 2100 只基金重仓持仓股信息
2025-08-16 16:49:59,717 - INFO - 📈 已插入 2200 只基金重仓持仓股信息
2025-08-16 16:49:59,732 - INFO - 📈 已插入 2300 只基金重仓持仓股信息
2025-08-16 16:49:59,747 - INFO - 📈 已插入 2400 只基金重仓持仓股信息
2025-08-16 16:49:59,762 - INFO - 📈 已插入 2500 只基金重仓持仓股信息
2025-08-16 16:49:59,775 - INFO - 📈 已插入 2600 只基金重仓持仓股信息
2025-08-16 16:49:59,792 - INFO - 📈 已插入 2700 只基金重仓持仓股信息
2025-08-16 16:49:59,808 - INFO - 📈 已插入 2800 只基金重仓持仓股信息
2025-08-16 16:49:59,823 - INFO - 📈 已插入 2900 只基金重仓持仓股信息
2025-08-16 16:49:59,834 - INFO - 📈 已插入 3000 只基金重仓持仓股信息
2025-08-16 16:49:59,849 - INFO - 📈 已插入 3100 只基金重仓持仓股信息
2025-08-16 16:49:59,863 - INFO - 📈 已插入 3200 只基金重仓持仓股信息
2025-08-16 16:49:59,880 - INFO - 📈 已插入 3300 只基金重仓持仓股信息
2025-08-16 16:49:59,893 - INFO - 📈 已插入 3400 只基金重仓持仓股信息
2025-08-16 16:49:59,903 - INFO - 📈 已插入 3500 只基金重仓持仓股信息
2025-08-16 16:49:59,921 - INFO - 📈 已插入 3600 只基金重仓持仓股信息
2025-08-16 16:49:59,937 - INFO - 📈 已插入 3700 只基金重仓持仓股信息
2025-08-16 16:49:59,949 - INFO - 📈 已插入 3800 只基金重仓持仓股信息
2025-08-16 16:49:59,961 - INFO - 📈 已插入 3900 只基金重仓持仓股信息
2025-08-16 16:49:59,972 - INFO - ✅ 成功插入 3956 只基金重仓持仓股信息
2025-08-16 16:49:59,972 - INFO - 清空该日期披露的基金重仓持仓股...
2025-08-16 16:50:00,043 - INFO - 🚀 开始获取{report_date}季度所有基金重仓持仓股信息...
2025-08-16 16:50:00,396 - INFO - 📊 获取到 1916 只股票信息
2025-08-16 16:50:00,412 - INFO - 📈 已插入 100 只基金重仓持仓股信息
2025-08-16 16:50:00,426 - INFO - 📈 已插入 200 只基金重仓持仓股信息
2025-08-16 16:50:00,441 - INFO - 📈 已插入 300 只基金重仓持仓股信息
2025-08-16 16:50:00,453 - INFO - 📈 已插入 400 只基金重仓持仓股信息
2025-08-16 16:50:00,467 - INFO - 📈 已插入 500 只基金重仓持仓股信息
2025-08-16 16:50:00,482 - INFO - 📈 已插入 600 只基金重仓持仓股信息
2025-08-16 16:50:00,496 - INFO - 📈 已插入 700 只基金重仓持仓股信息
2025-08-16 16:50:00,513 - INFO - 📈 已插入 800 只基金重仓持仓股信息
2025-08-16 16:50:00,529 - INFO - 📈 已插入 900 只基金重仓持仓股信息
2025-08-16 16:50:00,544 - INFO - 📈 已插入 1000 只基金重仓持仓股信息
2025-08-16 16:50:00,561 - INFO - 📈 已插入 1100 只基金重仓持仓股信息
2025-08-16 16:50:00,576 - INFO - 📈 已插入 1200 只基金重仓持仓股信息
2025-08-16 16:50:00,592 - INFO - 📈 已插入 1300 只基金重仓持仓股信息
2025-08-16 16:50:00,609 - INFO - 📈 已插入 1400 只基金重仓持仓股信息
2025-08-16 16:50:00,637 - INFO - 📈 已插入 1500 只基金重仓持仓股信息
2025-08-16 16:50:00,652 - INFO - 📈 已插入 1600 只基金重仓持仓股信息
2025-08-16 16:50:00,666 - INFO - 📈 已插入 1700 只基金重仓持仓股信息
2025-08-16 16:50:00,682 - INFO - 📈 已插入 1800 只基金重仓持仓股信息
2025-08-16 16:50:00,692 - INFO - 📈 已插入 1900 只基金重仓持仓股信息
2025-08-16 16:50:00,700 - INFO - ✅ 成功插入 1916 只基金重仓持仓股信息
2025-08-16 16:50:00,700 - INFO - 清空该日期披露的基金重仓持仓股...
2025-08-16 16:50:00,770 - INFO - 🚀 开始获取{report_date}季度所有基金重仓持仓股信息...
2025-08-16 16:50:01,520 - INFO - 📊 获取到 4292 只股票信息
2025-08-16 16:50:01,539 - INFO - 📈 已插入 100 只基金重仓持仓股信息
2025-08-16 16:50:01,554 - INFO - 📈 已插入 200 只基金重仓持仓股信息
2025-08-16 16:50:01,569 - INFO - 📈 已插入 300 只基金重仓持仓股信息
2025-08-16 16:50:01,590 - INFO - 📈 已插入 400 只基金重仓持仓股信息
2025-08-16 16:50:01,604 - INFO - 📈 已插入 500 只基金重仓持仓股信息
2025-08-16 16:50:01,624 - INFO - 📈 已插入 600 只基金重仓持仓股信息
2025-08-16 16:50:01,638 - INFO - 📈 已插入 700 只基金重仓持仓股信息
2025-08-16 16:50:01,658 - INFO - 📈 已插入 800 只基金重仓持仓股信息
2025-08-16 16:50:01,668 - INFO - 📈 已插入 900 只基金重仓持仓股信息
2025-08-16 16:50:01,683 - INFO - 📈 已插入 1000 只基金重仓持仓股信息
2025-08-16 16:50:01,699 - INFO - 📈 已插入 1100 只基金重仓持仓股信息
2025-08-16 16:50:01,708 - INFO - 📈 已插入 1200 只基金重仓持仓股信息
2025-08-16 16:50:01,730 - INFO - 📈 已插入 1300 只基金重仓持仓股信息
2025-08-16 16:50:01,746 - INFO - 📈 已插入 1400 只基金重仓持仓股信息
2025-08-16 16:50:01,761 - INFO - 📈 已插入 1500 只基金重仓持仓股信息
2025-08-16 16:50:01,776 - INFO - 📈 已插入 1600 只基金重仓持仓股信息
2025-08-16 16:50:01,793 - INFO - 📈 已插入 1700 只基金重仓持仓股信息
2025-08-16 16:50:01,804 - INFO - 📈 已插入 1800 只基金重仓持仓股信息
2025-08-16 16:50:01,822 - INFO - 📈 已插入 1900 只基金重仓持仓股信息
2025-08-16 16:50:01,836 - INFO - 📈 已插入 2000 只基金重仓持仓股信息
2025-08-16 16:50:01,848 - INFO - 📈 已插入 2100 只基金重仓持仓股信息
2025-08-16 16:50:01,861 - INFO - 📈 已插入 2200 只基金重仓持仓股信息
2025-08-16 16:50:01,877 - INFO - 📈 已插入 2300 只基金重仓持仓股信息
2025-08-16 16:50:01,893 - INFO - 📈 已插入 2400 只基金重仓持仓股信息
2025-08-16 16:50:01,913 - INFO - 📈 已插入 2500 只基金重仓持仓股信息
2025-08-16 16:50:01,931 - INFO - 📈 已插入 2600 只基金重仓持仓股信息
2025-08-16 16:50:01,946 - INFO - 📈 已插入 2700 只基金重仓持仓股信息
2025-08-16 16:50:01,963 - INFO - 📈 已插入 2800 只基金重仓持仓股信息
2025-08-16 16:50:01,979 - INFO - 📈 已插入 2900 只基金重仓持仓股信息
2025-08-16 16:50:01,994 - INFO - 📈 已插入 3000 只基金重仓持仓股信息
2025-08-16 16:50:02,016 - INFO - 📈 已插入 3100 只基金重仓持仓股信息
2025-08-16 16:50:02,034 - INFO - 📈 已插入 3200 只基金重仓持仓股信息
2025-08-16 16:50:02,051 - INFO - 📈 已插入 3300 只基金重仓持仓股信息
2025-08-16 16:50:02,069 - INFO - 📈 已插入 3400 只基金重仓持仓股信息
2025-08-16 16:50:02,088 - INFO - 📈 已插入 3500 只基金重仓持仓股信息
2025-08-16 16:50:02,103 - INFO - 📈 已插入 3600 只基金重仓持仓股信息
2025-08-16 16:50:02,119 - INFO - 📈 已插入 3700 只基金重仓持仓股信息
2025-08-16 16:50:02,131 - INFO - 📈 已插入 3800 只基金重仓持仓股信息
2025-08-16 16:50:02,145 - INFO - 📈 已插入 3900 只基金重仓持仓股信息
2025-08-16 16:50:02,154 - INFO - 📈 已插入 4000 只基金重仓持仓股信息
2025-08-16 16:50:02,169 - INFO - 📈 已插入 4100 只基金重仓持仓股信息
2025-08-16 16:50:02,188 - INFO - 📈 已插入 4200 只基金重仓持仓股信息
2025-08-16 16:50:02,199 - INFO - ✅ 成功插入 4292 只基金重仓持仓股信息
2025-08-16 16:50:02,201 - INFO - 清空该日期披露的基金重仓持仓股...
2025-08-16 16:50:02,269 - INFO - 🚀 开始获取{report_date}季度所有基金重仓持仓股信息...
2025-08-16 16:50:02,638 - INFO - 📊 获取到 2192 只股票信息
2025-08-16 16:50:02,664 - INFO - 📈 已插入 100 只基金重仓持仓股信息
2025-08-16 16:50:02,680 - INFO - 📈 已插入 200 只基金重仓持仓股信息
2025-08-16 16:50:02,695 - INFO - 📈 已插入 300 只基金重仓持仓股信息
2025-08-16 16:50:02,713 - INFO - 📈 已插入 400 只基金重仓持仓股信息
2025-08-16 16:50:02,730 - INFO - 📈 已插入 500 只基金重仓持仓股信息
2025-08-16 16:50:02,752 - INFO - 📈 已插入 600 只基金重仓持仓股信息
2025-08-16 16:50:02,767 - INFO - 📈 已插入 700 只基金重仓持仓股信息
2025-08-16 16:50:02,789 - INFO - 📈 已插入 800 只基金重仓持仓股信息
2025-08-16 16:50:02,804 - INFO - 📈 已插入 900 只基金重仓持仓股信息
2025-08-16 16:50:02,825 - INFO - 📈 已插入 1000 只基金重仓持仓股信息
2025-08-16 16:50:02,841 - INFO - 📈 已插入 1100 只基金重仓持仓股信息
2025-08-16 16:50:02,855 - INFO - 📈 已插入 1200 只基金重仓持仓股信息
2025-08-16 16:50:02,870 - INFO - 📈 已插入 1300 只基金重仓持仓股信息
2025-08-16 16:50:02,893 - INFO - 📈 已插入 1400 只基金重仓持仓股信息
2025-08-16 16:50:02,910 - INFO - 📈 已插入 1500 只基金重仓持仓股信息
2025-08-16 16:50:02,923 - INFO - 📈 已插入 1600 只基金重仓持仓股信息
2025-08-16 16:50:02,937 - INFO - 📈 已插入 1700 只基金重仓持仓股信息
2025-08-16 16:50:02,950 - INFO - 📈 已插入 1800 只基金重仓持仓股信息
2025-08-16 16:50:02,966 - INFO - 📈 已插入 1900 只基金重仓持仓股信息
2025-08-16 16:50:02,980 - INFO - 📈 已插入 2000 只基金重仓持仓股信息
2025-08-16 16:50:02,991 - INFO - 📈 已插入 2100 只基金重仓持仓股信息
2025-08-16 16:50:03,011 - INFO - ✅ 成功插入 2192 只基金重仓持仓股信息
2025-08-16 16:50:03,011 - INFO - 清空该日期披露的基金重仓持仓股...
2025-08-16 16:50:03,081 - INFO - 🚀 开始获取{report_date}季度所有基金重仓持仓股信息...
2025-08-16 16:50:03,715 - INFO - 📊 获取到 4454 只股票信息
2025-08-16 16:50:03,739 - INFO - 📈 已插入 100 只基金重仓持仓股信息
2025-08-16 16:50:03,755 - INFO - 📈 已插入 200 只基金重仓持仓股信息
2025-08-16 16:50:03,780 - INFO - 📈 已插入 300 只基金重仓持仓股信息
2025-08-16 16:50:03,793 - INFO - 📈 已插入 400 只基金重仓持仓股信息
2025-08-16 16:50:03,807 - INFO - 📈 已插入 500 只基金重仓持仓股信息
2025-08-16 16:50:03,823 - INFO - 📈 已插入 600 只基金重仓持仓股信息
2025-08-16 16:50:03,840 - INFO - 📈 已插入 700 只基金重仓持仓股信息
2025-08-16 16:50:03,857 - INFO - 📈 已插入 800 只基金重仓持仓股信息
2025-08-16 16:50:03,871 - INFO - 📈 已插入 900 只基金重仓持仓股信息
2025-08-16 16:50:03,884 - INFO - 📈 已插入 1000 只基金重仓持仓股信息
2025-08-16 16:50:03,897 - INFO - 📈 已插入 1100 只基金重仓持仓股信息
2025-08-16 16:50:03,913 - INFO - 📈 已插入 1200 只基金重仓持仓股信息
2025-08-16 16:50:03,928 - INFO - 📈 已插入 1300 只基金重仓持仓股信息
2025-08-16 16:50:03,943 - INFO - 📈 已插入 1400 只基金重仓持仓股信息
2025-08-16 16:50:03,955 - INFO - 📈 已插入 1500 只基金重仓持仓股信息
2025-08-16 16:50:03,974 - INFO - 📈 已插入 1600 只基金重仓持仓股信息
2025-08-16 16:50:03,989 - INFO - 📈 已插入 1700 只基金重仓持仓股信息
2025-08-16 16:50:04,004 - INFO - 📈 已插入 1800 只基金重仓持仓股信息
2025-08-16 16:50:04,018 - INFO - 📈 已插入 1900 只基金重仓持仓股信息
2025-08-16 16:50:04,033 - INFO - 📈 已插入 2000 只基金重仓持仓股信息
2025-08-16 16:50:04,047 - INFO - 📈 已插入 2100 只基金重仓持仓股信息
2025-08-16 16:50:04,062 - INFO - 📈 已插入 2200 只基金重仓持仓股信息
2025-08-16 16:50:04,075 - INFO - 📈 已插入 2300 只基金重仓持仓股信息
2025-08-16 16:50:04,094 - INFO - 📈 已插入 2400 只基金重仓持仓股信息
2025-08-16 16:50:04,112 - INFO - 📈 已插入 2500 只基金重仓持仓股信息
2025-08-16 16:50:04,122 - INFO - 📈 已插入 2600 只基金重仓持仓股信息
2025-08-16 16:50:04,142 - INFO - 📈 已插入 2700 只基金重仓持仓股信息
2025-08-16 16:50:04,156 - INFO - 📈 已插入 2800 只基金重仓持仓股信息
2025-08-16 16:50:04,173 - INFO - 📈 已插入 2900 只基金重仓持仓股信息
2025-08-16 16:50:04,184 - INFO - 📈 已插入 3000 只基金重仓持仓股信息
2025-08-16 16:50:04,202 - INFO - 📈 已插入 3100 只基金重仓持仓股信息
2025-08-16 16:50:04,213 - INFO - 📈 已插入 3200 只基金重仓持仓股信息
2025-08-16 16:50:04,232 - INFO - 📈 已插入 3300 只基金重仓持仓股信息
2025-08-16 16:50:04,245 - INFO - 📈 已插入 3400 只基金重仓持仓股信息
2025-08-16 16:50:04,262 - INFO - 📈 已插入 3500 只基金重仓持仓股信息
2025-08-16 16:50:04,276 - INFO - 📈 已插入 3600 只基金重仓持仓股信息
2025-08-16 16:50:04,289 - INFO - 📈 已插入 3700 只基金重仓持仓股信息
2025-08-16 16:50:04,305 - INFO - 📈 已插入 3800 只基金重仓持仓股信息
2025-08-16 16:50:04,321 - INFO - 📈 已插入 3900 只基金重仓持仓股信息
2025-08-16 16:50:04,338 - INFO - 📈 已插入 4000 只基金重仓持仓股信息
2025-08-16 16:50:04,352 - INFO - 📈 已插入 4100 只基金重仓持仓股信息
2025-08-16 16:50:04,367 - INFO - 📈 已插入 4200 只基金重仓持仓股信息
2025-08-16 16:50:04,380 - INFO - 📈 已插入 4300 只基金重仓持仓股信息
2025-08-16 16:50:04,395 - INFO - 📈 已插入 4400 只基金重仓持仓股信息
2025-08-16 16:50:04,405 - INFO - ✅ 成功插入 4454 只基金重仓持仓股信息
2025-08-16 16:50:04,405 - INFO - 清空该日期披露的基金重仓持仓股...
2025-08-16 16:50:04,479 - INFO - 🚀 开始获取{report_date}季度所有基金重仓持仓股信息...
2025-08-16 16:50:04,885 - INFO - 📊 获取到 2232 只股票信息
2025-08-16 16:50:04,913 - INFO - 📈 已插入 100 只基金重仓持仓股信息
2025-08-16 16:50:04,928 - INFO - 📈 已插入 200 只基金重仓持仓股信息
2025-08-16 16:50:04,944 - INFO - 📈 已插入 300 只基金重仓持仓股信息
2025-08-16 16:50:04,960 - INFO - 📈 已插入 400 只基金重仓持仓股信息
2025-08-16 16:50:04,972 - INFO - 📈 已插入 500 只基金重仓持仓股信息
2025-08-16 16:50:04,986 - INFO - 📈 已插入 600 只基金重仓持仓股信息
2025-08-16 16:50:05,002 - INFO - 📈 已插入 700 只基金重仓持仓股信息
2025-08-16 16:50:05,017 - INFO - 📈 已插入 800 只基金重仓持仓股信息
2025-08-16 16:50:05,029 - INFO - 📈 已插入 900 只基金重仓持仓股信息
2025-08-16 16:50:05,042 - INFO - 📈 已插入 1000 只基金重仓持仓股信息
2025-08-16 16:50:05,056 - INFO - 📈 已插入 1100 只基金重仓持仓股信息
2025-08-16 16:50:05,070 - INFO - 📈 已插入 1200 只基金重仓持仓股信息
2025-08-16 16:50:05,080 - INFO - 📈 已插入 1300 只基金重仓持仓股信息
2025-08-16 16:50:05,096 - INFO - 📈 已插入 1400 只基金重仓持仓股信息
2025-08-16 16:50:05,109 - INFO - 📈 已插入 1500 只基金重仓持仓股信息
2025-08-16 16:50:05,123 - INFO - 📈 已插入 1600 只基金重仓持仓股信息
2025-08-16 16:50:05,139 - INFO - 📈 已插入 1700 只基金重仓持仓股信息
2025-08-16 16:50:05,152 - INFO - 📈 已插入 1800 只基金重仓持仓股信息
2025-08-16 16:50:05,166 - INFO - 📈 已插入 1900 只基金重仓持仓股信息
2025-08-16 16:50:05,180 - INFO - 📈 已插入 2000 只基金重仓持仓股信息
2025-08-16 16:50:05,196 - INFO - 📈 已插入 2100 只基金重仓持仓股信息
2025-08-16 16:50:05,221 - INFO - 📈 已插入 2200 只基金重仓持仓股信息
2025-08-16 16:50:05,230 - INFO - ✅ 成功插入 2232 只基金重仓持仓股信息
2025-08-16 16:50:05,230 - INFO - 清空该日期披露的基金重仓持仓股...
2025-08-16 16:50:05,339 - INFO - 🚀 开始获取{report_date}季度所有基金重仓持仓股信息...
2025-08-16 16:50:05,638 - INFO - 📊 获取到 4697 只股票信息
2025-08-16 16:50:05,656 - INFO - 📈 已插入 100 只基金重仓持仓股信息
2025-08-16 16:50:05,675 - INFO - 📈 已插入 200 只基金重仓持仓股信息
2025-08-16 16:50:05,688 - INFO - 📈 已插入 300 只基金重仓持仓股信息
2025-08-16 16:50:05,702 - INFO - 📈 已插入 400 只基金重仓持仓股信息
2025-08-16 16:50:05,717 - INFO - 📈 已插入 500 只基金重仓持仓股信息
2025-08-16 16:50:05,759 - INFO - 📈 已插入 600 只基金重仓持仓股信息
2025-08-16 16:50:05,815 - INFO - 📈 已插入 700 只基金重仓持仓股信息
2025-08-16 16:50:05,859 - INFO - 📈 已插入 800 只基金重仓持仓股信息
2025-08-16 16:50:05,871 - INFO - 📈 已插入 900 只基金重仓持仓股信息
2025-08-16 16:50:05,888 - INFO - 📈 已插入 1000 只基金重仓持仓股信息
2025-08-16 16:50:05,901 - INFO - 📈 已插入 1100 只基金重仓持仓股信息
2025-08-16 16:50:05,918 - INFO - 📈 已插入 1200 只基金重仓持仓股信息
2025-08-16 16:50:05,934 - INFO - 📈 已插入 1300 只基金重仓持仓股信息
2025-08-16 16:50:05,951 - INFO - 📈 已插入 1400 只基金重仓持仓股信息
2025-08-16 16:50:05,964 - INFO - 📈 已插入 1500 只基金重仓持仓股信息
2025-08-16 16:50:05,979 - INFO - 📈 已插入 1600 只基金重仓持仓股信息
2025-08-16 16:50:05,993 - INFO - 📈 已插入 1700 只基金重仓持仓股信息
2025-08-16 16:50:06,008 - INFO - 📈 已插入 1800 只基金重仓持仓股信息
2025-08-16 16:50:06,022 - INFO - 📈 已插入 1900 只基金重仓持仓股信息
2025-08-16 16:50:06,043 - INFO - 📈 已插入 2000 只基金重仓持仓股信息
2025-08-16 16:50:06,062 - INFO - 📈 已插入 2100 只基金重仓持仓股信息
2025-08-16 16:50:06,079 - INFO - 📈 已插入 2200 只基金重仓持仓股信息
2025-08-16 16:50:06,094 - INFO - 📈 已插入 2300 只基金重仓持仓股信息
2025-08-16 16:50:06,110 - INFO - 📈 已插入 2400 只基金重仓持仓股信息
2025-08-16 16:50:06,124 - INFO - 📈 已插入 2500 只基金重仓持仓股信息
2025-08-16 16:50:06,143 - INFO - 📈 已插入 2600 只基金重仓持仓股信息
2025-08-16 16:50:06,159 - INFO - 📈 已插入 2700 只基金重仓持仓股信息
2025-08-16 16:50:06,177 - INFO - 📈 已插入 2800 只基金重仓持仓股信息
2025-08-16 16:50:06,192 - INFO - 📈 已插入 2900 只基金重仓持仓股信息
2025-08-16 16:50:06,206 - INFO - 📈 已插入 3000 只基金重仓持仓股信息
2025-08-16 16:50:06,221 - INFO - 📈 已插入 3100 只基金重仓持仓股信息
2025-08-16 16:50:06,239 - INFO - 📈 已插入 3200 只基金重仓持仓股信息
2025-08-16 16:50:06,254 - INFO - 📈 已插入 3300 只基金重仓持仓股信息
2025-08-16 16:50:06,272 - INFO - 📈 已插入 3400 只基金重仓持仓股信息
2025-08-16 16:50:06,289 - INFO - 📈 已插入 3500 只基金重仓持仓股信息
2025-08-16 16:50:06,310 - INFO - 📈 已插入 3600 只基金重仓持仓股信息
2025-08-16 16:50:06,337 - INFO - 📈 已插入 3700 只基金重仓持仓股信息
2025-08-16 16:50:06,359 - INFO - 📈 已插入 3800 只基金重仓持仓股信息
2025-08-16 16:50:06,380 - INFO - 📈 已插入 3900 只基金重仓持仓股信息
2025-08-16 16:50:06,396 - INFO - 📈 已插入 4000 只基金重仓持仓股信息
2025-08-16 16:50:06,412 - INFO - 📈 已插入 4100 只基金重仓持仓股信息
2025-08-16 16:50:06,429 - INFO - 📈 已插入 4200 只基金重仓持仓股信息
2025-08-16 16:50:06,439 - INFO - 📈 已插入 4300 只基金重仓持仓股信息
2025-08-16 16:50:06,455 - INFO - 📈 已插入 4400 只基金重仓持仓股信息
2025-08-16 16:50:06,472 - INFO - 📈 已插入 4500 只基金重仓持仓股信息
2025-08-16 16:50:06,488 - INFO - 📈 已插入 4600 只基金重仓持仓股信息
2025-08-16 16:50:06,503 - INFO - ✅ 成功插入 4697 只基金重仓持仓股信息
2025-08-16 16:50:06,503 - INFO - 清空该日期披露的基金重仓持仓股...
2025-08-16 16:50:06,594 - INFO - 🚀 开始获取{report_date}季度所有基金重仓持仓股信息...
2025-08-16 16:50:06,822 - INFO - 📊 获取到 2632 只股票信息
2025-08-16 16:50:06,850 - INFO - 📈 已插入 100 只基金重仓持仓股信息
2025-08-16 16:50:06,863 - INFO - 📈 已插入 200 只基金重仓持仓股信息
2025-08-16 16:50:06,884 - INFO - 📈 已插入 300 只基金重仓持仓股信息
2025-08-16 16:50:06,897 - INFO - 📈 已插入 400 只基金重仓持仓股信息
2025-08-16 16:50:06,930 - INFO - 📈 已插入 500 只基金重仓持仓股信息
2025-08-16 16:50:06,983 - INFO - 📈 已插入 600 只基金重仓持仓股信息
2025-08-16 16:50:07,008 - INFO - 📈 已插入 700 只基金重仓持仓股信息
2025-08-16 16:50:07,022 - INFO - 📈 已插入 800 只基金重仓持仓股信息
2025-08-16 16:50:07,038 - INFO - 📈 已插入 900 只基金重仓持仓股信息
2025-08-16 16:50:07,052 - INFO - 📈 已插入 1000 只基金重仓持仓股信息
2025-08-16 16:50:07,063 - INFO - 📈 已插入 1100 只基金重仓持仓股信息
2025-08-16 16:50:07,082 - INFO - 📈 已插入 1200 只基金重仓持仓股信息
2025-08-16 16:50:07,095 - INFO - 📈 已插入 1300 只基金重仓持仓股信息
2025-08-16 16:50:07,109 - INFO - 📈 已插入 1400 只基金重仓持仓股信息
2025-08-16 16:50:07,126 - INFO - 📈 已插入 1500 只基金重仓持仓股信息
2025-08-16 16:50:07,138 - INFO - 📈 已插入 1600 只基金重仓持仓股信息
2025-08-16 16:50:07,156 - INFO - 📈 已插入 1700 只基金重仓持仓股信息
2025-08-16 16:50:07,172 - INFO - 📈 已插入 1800 只基金重仓持仓股信息
2025-08-16 16:50:07,186 - INFO - 📈 已插入 1900 只基金重仓持仓股信息
2025-08-16 16:50:07,201 - INFO - 📈 已插入 2000 只基金重仓持仓股信息
2025-08-16 16:50:07,214 - INFO - 📈 已插入 2100 只基金重仓持仓股信息
2025-08-16 16:50:07,224 - INFO - 📈 已插入 2200 只基金重仓持仓股信息
2025-08-16 16:50:07,246 - INFO - 📈 已插入 2300 只基金重仓持仓股信息
2025-08-16 16:50:07,264 - INFO - 📈 已插入 2400 只基金重仓持仓股信息
2025-08-16 16:50:07,274 - INFO - 📈 已插入 2500 只基金重仓持仓股信息
2025-08-16 16:50:07,290 - INFO - 📈 已插入 2600 只基金重仓持仓股信息
2025-08-16 16:50:07,298 - INFO - ✅ 成功插入 2632 只基金重仓持仓股信息
2025-08-16 16:50:07,298 - INFO - 清空该日期披露的基金重仓持仓股...
2025-08-16 16:50:07,432 - INFO - 🚀 开始获取{report_date}季度所有基金重仓持仓股信息...
2025-08-16 16:50:07,697 - INFO - 📊 获取到 4951 只股票信息
2025-08-16 16:50:07,720 - INFO - 📈 已插入 100 只基金重仓持仓股信息
2025-08-16 16:50:07,737 - INFO - 📈 已插入 200 只基金重仓持仓股信息
2025-08-16 16:50:07,768 - INFO - 📈 已插入 300 只基金重仓持仓股信息
2025-08-16 16:50:07,821 - INFO - 📈 已插入 400 只基金重仓持仓股信息
2025-08-16 16:50:07,889 - INFO - 📈 已插入 500 只基金重仓持仓股信息
2025-08-16 16:50:07,910 - INFO - 📈 已插入 600 只基金重仓持仓股信息
2025-08-16 16:50:07,924 - INFO - 📈 已插入 700 只基金重仓持仓股信息
2025-08-16 16:50:07,940 - INFO - 📈 已插入 800 只基金重仓持仓股信息
2025-08-16 16:50:07,958 - INFO - 📈 已插入 900 只基金重仓持仓股信息
2025-08-16 16:50:07,976 - INFO - 📈 已插入 1000 只基金重仓持仓股信息
2025-08-16 16:50:07,992 - INFO - 📈 已插入 1100 只基金重仓持仓股信息
2025-08-16 16:50:08,004 - INFO - 📈 已插入 1200 只基金重仓持仓股信息
2025-08-16 16:50:08,018 - INFO - 📈 已插入 1300 只基金重仓持仓股信息
2025-08-16 16:50:08,034 - INFO - 📈 已插入 1400 只基金重仓持仓股信息
2025-08-16 16:50:08,051 - INFO - 📈 已插入 1500 只基金重仓持仓股信息
2025-08-16 16:50:08,063 - INFO - 📈 已插入 1600 只基金重仓持仓股信息
2025-08-16 16:50:08,078 - INFO - 📈 已插入 1700 只基金重仓持仓股信息
2025-08-16 16:50:08,094 - INFO - 📈 已插入 1800 只基金重仓持仓股信息
2025-08-16 16:50:08,108 - INFO - 📈 已插入 1900 只基金重仓持仓股信息
2025-08-16 16:50:08,124 - INFO - 📈 已插入 2000 只基金重仓持仓股信息
2025-08-16 16:50:08,139 - INFO - 📈 已插入 2100 只基金重仓持仓股信息
2025-08-16 16:50:08,154 - INFO - 📈 已插入 2200 只基金重仓持仓股信息
2025-08-16 16:50:08,169 - INFO - 📈 已插入 2300 只基金重仓持仓股信息
2025-08-16 16:50:08,188 - INFO - 📈 已插入 2400 只基金重仓持仓股信息
2025-08-16 16:50:08,204 - INFO - 📈 已插入 2500 只基金重仓持仓股信息
2025-08-16 16:50:08,221 - INFO - 📈 已插入 2600 只基金重仓持仓股信息
2025-08-16 16:50:08,233 - INFO - 📈 已插入 2700 只基金重仓持仓股信息
2025-08-16 16:50:08,250 - INFO - 📈 已插入 2800 只基金重仓持仓股信息
2025-08-16 16:50:08,263 - INFO - 📈 已插入 2900 只基金重仓持仓股信息
2025-08-16 16:50:08,278 - INFO - 📈 已插入 3000 只基金重仓持仓股信息
2025-08-16 16:50:08,297 - INFO - 📈 已插入 3100 只基金重仓持仓股信息
2025-08-16 16:50:08,312 - INFO - 📈 已插入 3200 只基金重仓持仓股信息
2025-08-16 16:50:08,333 - INFO - 📈 已插入 3300 只基金重仓持仓股信息
2025-08-16 16:50:08,357 - INFO - 📈 已插入 3400 只基金重仓持仓股信息
2025-08-16 16:50:08,386 - INFO - 📈 已插入 3500 只基金重仓持仓股信息
2025-08-16 16:50:08,409 - INFO - 📈 已插入 3600 只基金重仓持仓股信息
2025-08-16 16:50:08,439 - INFO - 📈 已插入 3700 只基金重仓持仓股信息
2025-08-16 16:50:08,467 - INFO - 📈 已插入 3800 只基金重仓持仓股信息
2025-08-16 16:50:08,488 - INFO - 📈 已插入 3900 只基金重仓持仓股信息
2025-08-16 16:50:08,504 - INFO - 📈 已插入 4000 只基金重仓持仓股信息
2025-08-16 16:50:08,521 - INFO - 📈 已插入 4100 只基金重仓持仓股信息
2025-08-16 16:50:08,538 - INFO - 📈 已插入 4200 只基金重仓持仓股信息
2025-08-16 16:50:08,554 - INFO - 📈 已插入 4300 只基金重仓持仓股信息
2025-08-16 16:50:08,571 - INFO - 📈 已插入 4400 只基金重仓持仓股信息
2025-08-16 16:50:08,589 - INFO - 📈 已插入 4500 只基金重仓持仓股信息
2025-08-16 16:50:08,605 - INFO - 📈 已插入 4600 只基金重仓持仓股信息
2025-08-16 16:50:08,623 - INFO - 📈 已插入 4700 只基金重仓持仓股信息
2025-08-16 16:50:08,641 - INFO - 📈 已插入 4800 只基金重仓持仓股信息
2025-08-16 16:50:08,658 - INFO - 📈 已插入 4900 只基金重仓持仓股信息
2025-08-16 16:50:08,669 - INFO - ✅ 成功插入 4951 只基金重仓持仓股信息
2025-08-16 16:50:08,669 - INFO - 清空该日期披露的基金重仓持仓股...
2025-08-16 16:50:08,763 - INFO - 🚀 开始获取{report_date}季度所有基金重仓持仓股信息...
2025-08-16 16:50:09,030 - INFO - 📊 获取到 2908 只股票信息
2025-08-16 16:50:09,060 - INFO - 📈 已插入 100 只基金重仓持仓股信息
2025-08-16 16:50:09,074 - INFO - 📈 已插入 200 只基金重仓持仓股信息
2025-08-16 16:50:09,087 - INFO - 📈 已插入 300 只基金重仓持仓股信息
2025-08-16 16:50:09,100 - INFO - 📈 已插入 400 只基金重仓持仓股信息
2025-08-16 16:50:09,113 - INFO - 📈 已插入 500 只基金重仓持仓股信息
2025-08-16 16:50:09,127 - INFO - 📈 已插入 600 只基金重仓持仓股信息
2025-08-16 16:50:09,151 - INFO - 📈 已插入 700 只基金重仓持仓股信息
2025-08-16 16:50:09,230 - INFO - 📈 已插入 800 只基金重仓持仓股信息
2025-08-16 16:50:09,249 - INFO - 📈 已插入 900 只基金重仓持仓股信息
2025-08-16 16:50:09,263 - INFO - 📈 已插入 1000 只基金重仓持仓股信息
2025-08-16 16:50:09,280 - INFO - 📈 已插入 1100 只基金重仓持仓股信息
2025-08-16 16:50:09,291 - INFO - 📈 已插入 1200 只基金重仓持仓股信息
2025-08-16 16:50:09,312 - INFO - 📈 已插入 1300 只基金重仓持仓股信息
2025-08-16 16:50:09,327 - INFO - 📈 已插入 1400 只基金重仓持仓股信息
2025-08-16 16:50:09,353 - INFO - 📈 已插入 1500 只基金重仓持仓股信息
2025-08-16 16:50:09,377 - INFO - 📈 已插入 1600 只基金重仓持仓股信息
2025-08-16 16:50:09,397 - INFO - 📈 已插入 1700 只基金重仓持仓股信息
2025-08-16 16:50:09,429 - INFO - 📈 已插入 1800 只基金重仓持仓股信息
2025-08-16 16:50:09,458 - INFO - 📈 已插入 1900 只基金重仓持仓股信息
2025-08-16 16:50:09,488 - INFO - 📈 已插入 2000 只基金重仓持仓股信息
2025-08-16 16:50:09,511 - INFO - 📈 已插入 2100 只基金重仓持仓股信息
2025-08-16 16:50:09,526 - INFO - 📈 已插入 2200 只基金重仓持仓股信息
2025-08-16 16:50:09,541 - INFO - 📈 已插入 2300 只基金重仓持仓股信息
2025-08-16 16:50:09,556 - INFO - 📈 已插入 2400 只基金重仓持仓股信息
2025-08-16 16:50:09,571 - INFO - 📈 已插入 2500 只基金重仓持仓股信息
2025-08-16 16:50:09,583 - INFO - 📈 已插入 2600 只基金重仓持仓股信息
2025-08-16 16:50:09,599 - INFO - 📈 已插入 2700 只基金重仓持仓股信息
2025-08-16 16:50:09,615 - INFO - 📈 已插入 2800 只基金重仓持仓股信息
2025-08-16 16:50:09,629 - INFO - 📈 已插入 2900 只基金重仓持仓股信息
2025-08-16 16:50:09,634 - INFO - ✅ 成功插入 2908 只基金重仓持仓股信息
2025-08-16 16:50:09,634 - INFO - 清空该日期披露的基金重仓持仓股...
2025-08-16 16:50:09,741 - INFO - 🚀 开始获取{report_date}季度所有基金重仓持仓股信息...
2025-08-16 16:50:10,071 - INFO - 📊 获取到 5113 只股票信息
2025-08-16 16:50:10,096 - INFO - 📈 已插入 100 只基金重仓持仓股信息
2025-08-16 16:50:10,113 - INFO - 📈 已插入 200 只基金重仓持仓股信息
2025-08-16 16:50:10,125 - INFO - 📈 已插入 300 只基金重仓持仓股信息
2025-08-16 16:50:10,140 - INFO - 📈 已插入 400 只基金重仓持仓股信息
2025-08-16 16:50:10,158 - INFO - 📈 已插入 500 只基金重仓持仓股信息
2025-08-16 16:50:10,173 - INFO - 📈 已插入 600 只基金重仓持仓股信息
2025-08-16 16:50:10,212 - INFO - 📈 已插入 700 只基金重仓持仓股信息
2025-08-16 16:50:10,318 - INFO - 📈 已插入 800 只基金重仓持仓股信息
2025-08-16 16:50:10,353 - INFO - 📈 已插入 900 只基金重仓持仓股信息
2025-08-16 16:50:10,371 - INFO - 📈 已插入 1000 只基金重仓持仓股信息
2025-08-16 16:50:10,410 - INFO - 📈 已插入 1100 只基金重仓持仓股信息
2025-08-16 16:50:10,435 - INFO - 📈 已插入 1200 只基金重仓持仓股信息
2025-08-16 16:50:10,465 - INFO - 📈 已插入 1300 只基金重仓持仓股信息
2025-08-16 16:50:10,496 - INFO - 📈 已插入 1400 只基金重仓持仓股信息
2025-08-16 16:50:10,527 - INFO - 📈 已插入 1500 只基金重仓持仓股信息
2025-08-16 16:50:10,552 - INFO - 📈 已插入 1600 只基金重仓持仓股信息
2025-08-16 16:50:10,568 - INFO - 📈 已插入 1700 只基金重仓持仓股信息
2025-08-16 16:50:10,583 - INFO - 📈 已插入 1800 只基金重仓持仓股信息
2025-08-16 16:50:10,599 - INFO - 📈 已插入 1900 只基金重仓持仓股信息
2025-08-16 16:50:10,613 - INFO - 📈 已插入 2000 只基金重仓持仓股信息
2025-08-16 16:50:10,628 - INFO - 📈 已插入 2100 只基金重仓持仓股信息
2025-08-16 16:50:10,643 - INFO - 📈 已插入 2200 只基金重仓持仓股信息
2025-08-16 16:50:10,658 - INFO - 📈 已插入 2300 只基金重仓持仓股信息
2025-08-16 16:50:10,675 - INFO - 📈 已插入 2400 只基金重仓持仓股信息
2025-08-16 16:50:10,689 - INFO - 📈 已插入 2500 只基金重仓持仓股信息
2025-08-16 16:50:10,701 - INFO - 📈 已插入 2600 只基金重仓持仓股信息
2025-08-16 16:50:10,716 - INFO - 📈 已插入 2700 只基金重仓持仓股信息
2025-08-16 16:50:10,731 - INFO - 📈 已插入 2800 只基金重仓持仓股信息
2025-08-16 16:50:10,744 - INFO - 📈 已插入 2900 只基金重仓持仓股信息
2025-08-16 16:50:10,761 - INFO - 📈 已插入 3000 只基金重仓持仓股信息
2025-08-16 16:50:10,776 - INFO - 📈 已插入 3100 只基金重仓持仓股信息
2025-08-16 16:50:10,791 - INFO - 📈 已插入 3200 只基金重仓持仓股信息
2025-08-16 16:50:10,806 - INFO - 📈 已插入 3300 只基金重仓持仓股信息
2025-08-16 16:50:10,821 - INFO - 📈 已插入 3400 只基金重仓持仓股信息
2025-08-16 16:50:10,839 - INFO - 📈 已插入 3500 只基金重仓持仓股信息
2025-08-16 16:50:10,855 - INFO - 📈 已插入 3600 只基金重仓持仓股信息
2025-08-16 16:50:10,876 - INFO - 📈 已插入 3700 只基金重仓持仓股信息
2025-08-16 16:50:10,889 - INFO - 📈 已插入 3800 只基金重仓持仓股信息
2025-08-16 16:50:10,907 - INFO - 📈 已插入 3900 只基金重仓持仓股信息
2025-08-16 16:50:10,922 - INFO - 📈 已插入 4000 只基金重仓持仓股信息
2025-08-16 16:50:10,938 - INFO - 📈 已插入 4100 只基金重仓持仓股信息
2025-08-16 16:50:10,954 - INFO - 📈 已插入 4200 只基金重仓持仓股信息
2025-08-16 16:50:10,969 - INFO - 📈 已插入 4300 只基金重仓持仓股信息
2025-08-16 16:50:10,983 - INFO - 📈 已插入 4400 只基金重仓持仓股信息
2025-08-16 16:50:10,998 - INFO - 📈 已插入 4500 只基金重仓持仓股信息
2025-08-16 16:50:11,013 - INFO - 📈 已插入 4600 只基金重仓持仓股信息
2025-08-16 16:50:11,030 - INFO - 📈 已插入 4700 只基金重仓持仓股信息
2025-08-16 16:50:11,046 - INFO - 📈 已插入 4800 只基金重仓持仓股信息
2025-08-16 16:50:11,061 - INFO - 📈 已插入 4900 只基金重仓持仓股信息
2025-08-16 16:50:11,076 - INFO - 📈 已插入 5000 只基金重仓持仓股信息
2025-08-16 16:50:11,092 - INFO - 📈 已插入 5100 只基金重仓持仓股信息
2025-08-16 16:50:11,100 - INFO - ✅ 成功插入 5113 只基金重仓持仓股信息
2025-08-16 16:50:11,100 - INFO - 清空该日期披露的基金重仓持仓股...
2025-08-16 16:50:11,196 - INFO - 🚀 开始获取{report_date}季度所有基金重仓持仓股信息...
2025-08-16 16:50:11,444 - INFO - 📊 获取到 2932 只股票信息
2025-08-16 16:50:11,463 - INFO - 📈 已插入 100 只基金重仓持仓股信息
2025-08-16 16:50:11,493 - INFO - 📈 已插入 200 只基金重仓持仓股信息
2025-08-16 16:50:11,510 - INFO - 📈 已插入 300 只基金重仓持仓股信息
2025-08-16 16:50:11,524 - INFO - 📈 已插入 400 只基金重仓持仓股信息
2025-08-16 16:50:11,546 - INFO - 📈 已插入 500 只基金重仓持仓股信息
2025-08-16 16:50:11,603 - INFO - 📈 已插入 600 只基金重仓持仓股信息
2025-08-16 16:50:11,652 - INFO - 📈 已插入 700 只基金重仓持仓股信息
2025-08-16 16:50:11,672 - INFO - 📈 已插入 800 只基金重仓持仓股信息
2025-08-16 16:50:11,688 - INFO - 📈 已插入 900 只基金重仓持仓股信息
2025-08-16 16:50:11,704 - INFO - 📈 已插入 1000 只基金重仓持仓股信息
2025-08-16 16:50:11,721 - INFO - 📈 已插入 1100 只基金重仓持仓股信息
2025-08-16 16:50:11,742 - INFO - 📈 已插入 1200 只基金重仓持仓股信息
2025-08-16 16:50:11,753 - INFO - 📈 已插入 1300 只基金重仓持仓股信息
2025-08-16 16:50:11,768 - INFO - 📈 已插入 1400 只基金重仓持仓股信息
2025-08-16 16:50:11,783 - INFO - 📈 已插入 1500 只基金重仓持仓股信息
2025-08-16 16:50:11,802 - INFO - 📈 已插入 1600 只基金重仓持仓股信息
2025-08-16 16:50:11,816 - INFO - 📈 已插入 1700 只基金重仓持仓股信息
2025-08-16 16:50:11,832 - INFO - 📈 已插入 1800 只基金重仓持仓股信息
2025-08-16 16:50:11,848 - INFO - 📈 已插入 1900 只基金重仓持仓股信息
2025-08-16 16:50:11,863 - INFO - 📈 已插入 2000 只基金重仓持仓股信息
2025-08-16 16:50:11,881 - INFO - 📈 已插入 2100 只基金重仓持仓股信息
2025-08-16 16:50:11,896 - INFO - 📈 已插入 2200 只基金重仓持仓股信息
2025-08-16 16:50:11,908 - INFO - 📈 已插入 2300 只基金重仓持仓股信息
2025-08-16 16:50:11,923 - INFO - 📈 已插入 2400 只基金重仓持仓股信息
2025-08-16 16:50:11,935 - INFO - 📈 已插入 2500 只基金重仓持仓股信息
2025-08-16 16:50:11,950 - INFO - 📈 已插入 2600 只基金重仓持仓股信息
2025-08-16 16:50:11,963 - INFO - 📈 已插入 2700 只基金重仓持仓股信息
2025-08-16 16:50:11,976 - INFO - 📈 已插入 2800 只基金重仓持仓股信息
2025-08-16 16:50:11,989 - INFO - 📈 已插入 2900 只基金重仓持仓股信息
2025-08-16 16:50:11,997 - INFO - ✅ 成功插入 2932 只基金重仓持仓股信息
2025-08-16 16:50:11,998 - INFO - ============================================================
2025-08-16 16:50:11,998 - INFO - 📊 本周数据更新统计
2025-08-16 16:50:11,998 - INFO - ============================================================
2025-08-16 16:50:11,998 - INFO - ⏱️  更新耗时: 0:00:31.336811
2025-08-16 16:50:11,998 - INFO - 📈 实时行情: 0 条
2025-08-16 16:50:11,998 - INFO - 📊 本周K线: 0 条
2025-08-16 16:50:11,998 - INFO - 📅 交易日历: 0 条
2025-08-16 16:50:11,998 - INFO - ✅ 无错误
2025-08-16 16:50:11,998 - INFO - ============================================================
2025-08-16 16:50:12,003 - INFO - 🎉 本周数据更新完成！
2025-08-16 16:50:12,003 - INFO - 数据库连接已关闭
2025-08-16 16:50:12,003 - INFO - ✅ 每周数据更新成功完成
2025-08-16 16:54:24,836 - INFO - 🌟 每周数据更新程序启动
2025-08-16 16:54:24,836 - INFO - 🚀 开始每周数据更新...
2025-08-16 16:54:24,836 - INFO - ============================================================
2025-08-16 16:54:24,842 - INFO - ✅ 成功连接到MySQL数据库
2025-08-16 16:54:24,842 - INFO - 清空该日期披露的基金重仓持仓股...
2025-08-16 16:54:25,007 - INFO - 🚀 开始获取{report_date}季度所有基金重仓持仓股信息...
2025-08-16 16:54:25,252 - INFO - 📊 获取到 2646 只股票信息
2025-08-16 16:54:25,272 - INFO - 📈 已插入 100 只基金重仓持仓股信息
2025-08-16 16:54:25,327 - INFO - 📈 已插入 200 只基金重仓持仓股信息
2025-08-16 16:54:25,394 - INFO - 📈 已插入 300 只基金重仓持仓股信息
2025-08-16 16:54:25,416 - INFO - 📈 已插入 400 只基金重仓持仓股信息
2025-08-16 16:54:25,432 - INFO - 📈 已插入 500 只基金重仓持仓股信息
2025-08-16 16:54:25,446 - INFO - 📈 已插入 600 只基金重仓持仓股信息
2025-08-16 16:54:25,464 - INFO - 📈 已插入 700 只基金重仓持仓股信息
2025-08-16 16:54:25,479 - INFO - 📈 已插入 800 只基金重仓持仓股信息
2025-08-16 16:54:25,492 - INFO - 📈 已插入 900 只基金重仓持仓股信息
2025-08-16 16:54:25,507 - INFO - 📈 已插入 1000 只基金重仓持仓股信息
2025-08-16 16:54:25,522 - INFO - 📈 已插入 1100 只基金重仓持仓股信息
2025-08-16 16:54:25,535 - INFO - 📈 已插入 1200 只基金重仓持仓股信息
2025-08-16 16:54:25,557 - INFO - 📈 已插入 1300 只基金重仓持仓股信息
2025-08-16 16:54:25,573 - INFO - 📈 已插入 1400 只基金重仓持仓股信息
2025-08-16 16:54:25,589 - INFO - 📈 已插入 1500 只基金重仓持仓股信息
2025-08-16 16:54:25,604 - INFO - 📈 已插入 1600 只基金重仓持仓股信息
2025-08-16 16:54:25,619 - INFO - 📈 已插入 1700 只基金重仓持仓股信息
2025-08-16 16:54:25,635 - INFO - 📈 已插入 1800 只基金重仓持仓股信息
2025-08-16 16:54:25,650 - INFO - 📈 已插入 1900 只基金重仓持仓股信息
2025-08-16 16:54:25,662 - INFO - 📈 已插入 2000 只基金重仓持仓股信息
2025-08-16 16:54:25,680 - INFO - 📈 已插入 2100 只基金重仓持仓股信息
2025-08-16 16:54:25,695 - INFO - 📈 已插入 2200 只基金重仓持仓股信息
2025-08-16 16:54:25,707 - INFO - 📈 已插入 2300 只基金重仓持仓股信息
2025-08-16 16:54:25,723 - INFO - 📈 已插入 2400 只基金重仓持仓股信息
2025-08-16 16:54:25,736 - INFO - 📈 已插入 2500 只基金重仓持仓股信息
2025-08-16 16:54:25,754 - INFO - 📈 已插入 2600 只基金重仓持仓股信息
2025-08-16 16:54:25,762 - INFO - ✅ 成功插入 2646 只基金重仓持仓股信息
2025-08-16 16:54:25,762 - INFO - 清空该日期披露的基金重仓持仓股...
2025-08-16 16:54:25,880 - INFO - 🚀 开始获取{report_date}季度所有基金重仓持仓股信息...
2025-08-16 16:54:26,198 - INFO - 📊 获取到 5208 只股票信息
2025-08-16 16:54:26,215 - INFO - 📈 已插入 100 只基金重仓持仓股信息
2025-08-16 16:54:26,230 - INFO - 📈 已插入 200 只基金重仓持仓股信息
2025-08-16 16:54:26,246 - INFO - 📈 已插入 300 只基金重仓持仓股信息
2025-08-16 16:54:26,303 - INFO - 📈 已插入 400 只基金重仓持仓股信息
2025-08-16 16:54:26,432 - INFO - 📈 已插入 500 只基金重仓持仓股信息
2025-08-16 16:54:26,448 - INFO - 📈 已插入 600 只基金重仓持仓股信息
2025-08-16 16:54:26,465 - INFO - 📈 已插入 700 只基金重仓持仓股信息
2025-08-16 16:54:26,482 - INFO - 📈 已插入 800 只基金重仓持仓股信息
2025-08-16 16:54:26,498 - INFO - 📈 已插入 900 只基金重仓持仓股信息
2025-08-16 16:54:26,512 - INFO - 📈 已插入 1000 只基金重仓持仓股信息
2025-08-16 16:54:26,533 - INFO - 📈 已插入 1100 只基金重仓持仓股信息
2025-08-16 16:54:26,548 - INFO - 📈 已插入 1200 只基金重仓持仓股信息
2025-08-16 16:54:26,565 - INFO - 📈 已插入 1300 只基金重仓持仓股信息
2025-08-16 16:54:26,579 - INFO - 📈 已插入 1400 只基金重仓持仓股信息
2025-08-16 16:54:26,596 - INFO - 📈 已插入 1500 只基金重仓持仓股信息
2025-08-16 16:54:26,608 - INFO - 📈 已插入 1600 只基金重仓持仓股信息
2025-08-16 16:54:26,624 - INFO - 📈 已插入 1700 只基金重仓持仓股信息
2025-08-16 16:54:26,639 - INFO - 📈 已插入 1800 只基金重仓持仓股信息
2025-08-16 16:54:26,658 - INFO - 📈 已插入 1900 只基金重仓持仓股信息
2025-08-16 16:54:26,674 - INFO - 📈 已插入 2000 只基金重仓持仓股信息
2025-08-16 16:54:26,686 - INFO - 📈 已插入 2100 只基金重仓持仓股信息
2025-08-16 16:54:26,702 - INFO - 📈 已插入 2200 只基金重仓持仓股信息
2025-08-16 16:54:26,720 - INFO - 📈 已插入 2300 只基金重仓持仓股信息
2025-08-16 16:54:26,735 - INFO - 📈 已插入 2400 只基金重仓持仓股信息
2025-08-16 16:54:26,750 - INFO - 📈 已插入 2500 只基金重仓持仓股信息
2025-08-16 16:54:26,765 - INFO - 📈 已插入 2600 只基金重仓持仓股信息
2025-08-16 16:54:26,779 - INFO - 📈 已插入 2700 只基金重仓持仓股信息
2025-08-16 16:54:26,792 - INFO - 📈 已插入 2800 只基金重仓持仓股信息
2025-08-16 16:54:26,812 - INFO - 📈 已插入 2900 只基金重仓持仓股信息
2025-08-16 16:54:26,828 - INFO - 📈 已插入 3000 只基金重仓持仓股信息
2025-08-16 16:54:26,842 - INFO - 📈 已插入 3100 只基金重仓持仓股信息
2025-08-16 16:54:26,859 - INFO - 📈 已插入 3200 只基金重仓持仓股信息
2025-08-16 16:54:26,875 - INFO - 📈 已插入 3300 只基金重仓持仓股信息
2025-08-16 16:54:26,894 - INFO - 📈 已插入 3400 只基金重仓持仓股信息
2025-08-16 16:54:26,911 - INFO - 📈 已插入 3500 只基金重仓持仓股信息
2025-08-16 16:54:26,925 - INFO - 📈 已插入 3600 只基金重仓持仓股信息
2025-08-16 16:54:26,952 - INFO - 📈 已插入 3700 只基金重仓持仓股信息
2025-08-16 16:54:26,968 - INFO - 📈 已插入 3800 只基金重仓持仓股信息
2025-08-16 16:54:26,982 - INFO - 📈 已插入 3900 只基金重仓持仓股信息
2025-08-16 16:54:27,003 - INFO - 📈 已插入 4000 只基金重仓持仓股信息
2025-08-16 16:54:27,018 - INFO - 📈 已插入 4100 只基金重仓持仓股信息
2025-08-16 16:54:27,037 - INFO - 📈 已插入 4200 只基金重仓持仓股信息
2025-08-16 16:54:27,048 - INFO - 📈 已插入 4300 只基金重仓持仓股信息
2025-08-16 16:54:27,064 - INFO - 📈 已插入 4400 只基金重仓持仓股信息
2025-08-16 16:54:27,080 - INFO - 📈 已插入 4500 只基金重仓持仓股信息
2025-08-16 16:54:27,097 - INFO - 📈 已插入 4600 只基金重仓持仓股信息
2025-08-16 16:54:27,112 - INFO - 📈 已插入 4700 只基金重仓持仓股信息
2025-08-16 16:54:27,124 - INFO - 📈 已插入 4800 只基金重仓持仓股信息
2025-08-16 16:54:27,141 - INFO - 📈 已插入 4900 只基金重仓持仓股信息
2025-08-16 16:54:27,158 - INFO - 📈 已插入 5000 只基金重仓持仓股信息
2025-08-16 16:54:27,169 - INFO - 📈 已插入 5100 只基金重仓持仓股信息
2025-08-16 16:54:27,186 - INFO - 📈 已插入 5200 只基金重仓持仓股信息
2025-08-16 16:54:27,193 - INFO - ✅ 成功插入 5208 只基金重仓持仓股信息
2025-08-16 16:54:27,193 - INFO - 清空该日期披露的基金重仓持仓股...
2025-08-16 16:54:27,287 - INFO - 🚀 开始获取{report_date}季度所有基金重仓持仓股信息...
2025-08-16 16:54:27,482 - INFO - 📊 获取到 2808 只股票信息
2025-08-16 16:54:27,496 - INFO - 📈 已插入 100 只基金重仓持仓股信息
2025-08-16 16:54:27,547 - INFO - 📈 已插入 200 只基金重仓持仓股信息
2025-08-16 16:54:27,578 - INFO - 📈 已插入 300 只基金重仓持仓股信息
2025-08-16 16:54:27,592 - INFO - 📈 已插入 400 只基金重仓持仓股信息
2025-08-16 16:54:27,606 - INFO - 📈 已插入 500 只基金重仓持仓股信息
2025-08-16 16:54:27,624 - INFO - 📈 已插入 600 只基金重仓持仓股信息
2025-08-16 16:54:27,640 - INFO - 📈 已插入 700 只基金重仓持仓股信息
2025-08-16 16:54:27,654 - INFO - 📈 已插入 800 只基金重仓持仓股信息
2025-08-16 16:54:27,672 - INFO - 📈 已插入 900 只基金重仓持仓股信息
2025-08-16 16:54:27,687 - INFO - 📈 已插入 1000 只基金重仓持仓股信息
2025-08-16 16:54:27,704 - INFO - 📈 已插入 1100 只基金重仓持仓股信息
2025-08-16 16:54:27,718 - INFO - 📈 已插入 1200 只基金重仓持仓股信息
2025-08-16 16:54:27,735 - INFO - 📈 已插入 1300 只基金重仓持仓股信息
2025-08-16 16:54:27,750 - INFO - 📈 已插入 1400 只基金重仓持仓股信息
2025-08-16 16:54:27,769 - INFO - 📈 已插入 1500 只基金重仓持仓股信息
2025-08-16 16:54:27,783 - INFO - 📈 已插入 1600 只基金重仓持仓股信息
2025-08-16 16:54:27,798 - INFO - 📈 已插入 1700 只基金重仓持仓股信息
2025-08-16 16:54:27,818 - INFO - 📈 已插入 1800 只基金重仓持仓股信息
2025-08-16 16:54:27,834 - INFO - 📈 已插入 1900 只基金重仓持仓股信息
2025-08-16 16:54:27,850 - INFO - 📈 已插入 2000 只基金重仓持仓股信息
2025-08-16 16:54:27,864 - INFO - 📈 已插入 2100 只基金重仓持仓股信息
2025-08-16 16:54:27,874 - INFO - 📈 已插入 2200 只基金重仓持仓股信息
2025-08-16 16:54:27,900 - INFO - 📈 已插入 2300 只基金重仓持仓股信息
2025-08-16 16:54:27,913 - INFO - 📈 已插入 2400 只基金重仓持仓股信息
2025-08-16 16:54:27,932 - INFO - 📈 已插入 2500 只基金重仓持仓股信息
2025-08-16 16:54:27,948 - INFO - 📈 已插入 2600 只基金重仓持仓股信息
2025-08-16 16:54:27,963 - INFO - 📈 已插入 2700 只基金重仓持仓股信息
2025-08-16 16:54:27,977 - INFO - 📈 已插入 2800 只基金重仓持仓股信息
2025-08-16 16:54:27,986 - INFO - ✅ 成功插入 2808 只基金重仓持仓股信息
2025-08-16 16:54:27,986 - INFO - ============================================================
2025-08-16 16:54:27,986 - INFO - 📊 本周数据更新统计
2025-08-16 16:54:27,986 - INFO - ============================================================
2025-08-16 16:54:27,986 - INFO - ⏱️  更新耗时: 0:00:03.149944
2025-08-16 16:54:27,988 - INFO - 📈 实时行情: 0 条
2025-08-16 16:54:27,988 - INFO - 📊 本周K线: 0 条
2025-08-16 16:54:27,988 - INFO - 📅 交易日历: 0 条
2025-08-16 16:54:27,988 - INFO - ✅ 无错误
2025-08-16 16:54:27,988 - INFO - ============================================================
2025-08-16 16:54:27,994 - INFO - 🎉 本周数据更新完成！
2025-08-16 16:54:27,994 - INFO - 数据库连接已关闭
2025-08-16 16:54:27,994 - INFO - ✅ 每周数据更新成功完成
2025-08-16 16:55:23,401 - INFO - 🌟 每周数据更新程序启动
2025-08-16 16:55:23,402 - INFO - 🚀 开始每周数据更新...
2025-08-16 16:55:23,402 - INFO - ============================================================
2025-08-16 16:55:23,406 - INFO - ✅ 成功连接到MySQL数据库
2025-08-16 16:55:23,406 - INFO - 清空该日期披露的基金重仓持仓股...
2025-08-16 16:55:23,496 - INFO - 🚀 开始获取20240930季度所有基金重仓持仓股信息...
2025-08-16 16:55:23,764 - INFO - 📊 获取到 2646 只股票信息
2025-08-16 16:55:23,783 - INFO - 📈 已插入 100 只基金重仓持仓股信息
2025-08-16 16:55:23,797 - INFO - 📈 已插入 200 只基金重仓持仓股信息
2025-08-16 16:55:23,813 - INFO - 📈 已插入 300 只基金重仓持仓股信息
2025-08-16 16:55:23,831 - INFO - 📈 已插入 400 只基金重仓持仓股信息
2025-08-16 16:55:23,857 - INFO - 📈 已插入 500 只基金重仓持仓股信息
2025-08-16 16:55:23,902 - INFO - 📈 已插入 600 只基金重仓持仓股信息
2025-08-16 16:55:23,924 - INFO - 📈 已插入 700 只基金重仓持仓股信息
2025-08-16 16:55:23,939 - INFO - 📈 已插入 800 只基金重仓持仓股信息
2025-08-16 16:55:23,961 - INFO - 📈 已插入 900 只基金重仓持仓股信息
2025-08-16 16:55:23,973 - INFO - 📈 已插入 1000 只基金重仓持仓股信息
2025-08-16 16:55:23,991 - INFO - 📈 已插入 1100 只基金重仓持仓股信息
2025-08-16 16:55:24,005 - INFO - 📈 已插入 1200 只基金重仓持仓股信息
2025-08-16 16:55:24,025 - INFO - 📈 已插入 1300 只基金重仓持仓股信息
2025-08-16 16:55:24,041 - INFO - 📈 已插入 1400 只基金重仓持仓股信息
2025-08-16 16:55:24,056 - INFO - 📈 已插入 1500 只基金重仓持仓股信息
2025-08-16 16:55:24,073 - INFO - 📈 已插入 1600 只基金重仓持仓股信息
2025-08-16 16:55:24,090 - INFO - 📈 已插入 1700 只基金重仓持仓股信息
2025-08-16 16:55:24,106 - INFO - 📈 已插入 1800 只基金重仓持仓股信息
2025-08-16 16:55:24,123 - INFO - 📈 已插入 1900 只基金重仓持仓股信息
2025-08-16 16:55:24,137 - INFO - 📈 已插入 2000 只基金重仓持仓股信息
2025-08-16 16:55:24,157 - INFO - 📈 已插入 2100 只基金重仓持仓股信息
2025-08-16 16:55:24,178 - INFO - 📈 已插入 2200 只基金重仓持仓股信息
2025-08-16 16:55:24,212 - INFO - 📈 已插入 2300 只基金重仓持仓股信息
2025-08-16 16:55:24,239 - INFO - 📈 已插入 2400 只基金重仓持仓股信息
2025-08-16 16:55:24,261 - INFO - 📈 已插入 2500 只基金重仓持仓股信息
2025-08-16 16:55:24,318 - INFO - 📈 已插入 2600 只基金重仓持仓股信息
2025-08-16 16:55:24,336 - INFO - ✅ 成功插入 2646 只基金重仓持仓股信息
2025-08-16 16:55:24,336 - INFO - 清空该日期披露的基金重仓持仓股...
2025-08-16 16:55:24,447 - INFO - 🚀 开始获取20241231季度所有基金重仓持仓股信息...
2025-08-16 16:55:24,819 - INFO - 📊 获取到 5208 只股票信息
2025-08-16 16:55:24,843 - INFO - 📈 已插入 100 只基金重仓持仓股信息
2025-08-16 16:55:24,859 - INFO - 📈 已插入 200 只基金重仓持仓股信息
2025-08-16 16:55:24,873 - INFO - 📈 已插入 300 只基金重仓持仓股信息
2025-08-16 16:55:24,891 - INFO - 📈 已插入 400 只基金重仓持仓股信息
2025-08-16 16:55:24,917 - INFO - 📈 已插入 500 只基金重仓持仓股信息
2025-08-16 16:55:24,991 - INFO - 📈 已插入 600 只基金重仓持仓股信息
2025-08-16 16:55:25,043 - INFO - 📈 已插入 700 只基金重仓持仓股信息
2025-08-16 16:55:25,059 - INFO - 📈 已插入 800 只基金重仓持仓股信息
2025-08-16 16:55:25,073 - INFO - 📈 已插入 900 只基金重仓持仓股信息
2025-08-16 16:55:25,090 - INFO - 📈 已插入 1000 只基金重仓持仓股信息
2025-08-16 16:55:25,105 - INFO - 📈 已插入 1100 只基金重仓持仓股信息
2025-08-16 16:55:25,121 - INFO - 📈 已插入 1200 只基金重仓持仓股信息
2025-08-16 16:55:25,132 - INFO - 📈 已插入 1300 只基金重仓持仓股信息
2025-08-16 16:55:25,151 - INFO - 📈 已插入 1400 只基金重仓持仓股信息
2025-08-16 16:55:25,166 - INFO - 📈 已插入 1500 只基金重仓持仓股信息
2025-08-16 16:55:25,181 - INFO - 📈 已插入 1600 只基金重仓持仓股信息
2025-08-16 16:55:25,194 - INFO - 📈 已插入 1700 只基金重仓持仓股信息
2025-08-16 16:55:25,213 - INFO - 📈 已插入 1800 只基金重仓持仓股信息
2025-08-16 16:55:25,233 - INFO - 📈 已插入 1900 只基金重仓持仓股信息
2025-08-16 16:55:25,249 - INFO - 📈 已插入 2000 只基金重仓持仓股信息
2025-08-16 16:55:25,264 - INFO - 📈 已插入 2100 只基金重仓持仓股信息
2025-08-16 16:55:25,282 - INFO - 📈 已插入 2200 只基金重仓持仓股信息
2025-08-16 16:55:25,294 - INFO - 📈 已插入 2300 只基金重仓持仓股信息
2025-08-16 16:55:25,305 - INFO - 📈 已插入 2400 只基金重仓持仓股信息
2025-08-16 16:55:25,322 - INFO - 📈 已插入 2500 只基金重仓持仓股信息
2025-08-16 16:55:25,339 - INFO - 📈 已插入 2600 只基金重仓持仓股信息
2025-08-16 16:55:25,356 - INFO - 📈 已插入 2700 只基金重仓持仓股信息
2025-08-16 16:55:25,370 - INFO - 📈 已插入 2800 只基金重仓持仓股信息
2025-08-16 16:55:25,388 - INFO - 📈 已插入 2900 只基金重仓持仓股信息
2025-08-16 16:55:25,409 - INFO - 📈 已插入 3000 只基金重仓持仓股信息
2025-08-16 16:55:25,424 - INFO - 📈 已插入 3100 只基金重仓持仓股信息
2025-08-16 16:55:25,439 - INFO - 📈 已插入 3200 只基金重仓持仓股信息
2025-08-16 16:55:25,453 - INFO - 📈 已插入 3300 只基金重仓持仓股信息
2025-08-16 16:55:25,469 - INFO - 📈 已插入 3400 只基金重仓持仓股信息
2025-08-16 16:55:25,486 - INFO - 📈 已插入 3500 只基金重仓持仓股信息
2025-08-16 16:55:25,501 - INFO - 📈 已插入 3600 只基金重仓持仓股信息
2025-08-16 16:55:25,513 - INFO - 📈 已插入 3700 只基金重仓持仓股信息
2025-08-16 16:55:25,532 - INFO - 📈 已插入 3800 只基金重仓持仓股信息
2025-08-16 16:55:25,545 - INFO - 📈 已插入 3900 只基金重仓持仓股信息
2025-08-16 16:55:25,561 - INFO - 📈 已插入 4000 只基金重仓持仓股信息
2025-08-16 16:55:25,572 - INFO - 📈 已插入 4100 只基金重仓持仓股信息
2025-08-16 16:55:25,588 - INFO - 📈 已插入 4200 只基金重仓持仓股信息
2025-08-16 16:55:25,606 - INFO - 📈 已插入 4300 只基金重仓持仓股信息
2025-08-16 16:55:25,617 - INFO - 📈 已插入 4400 只基金重仓持仓股信息
2025-08-16 16:55:25,634 - INFO - 📈 已插入 4500 只基金重仓持仓股信息
2025-08-16 16:55:25,652 - INFO - 📈 已插入 4600 只基金重仓持仓股信息
2025-08-16 16:55:25,662 - INFO - 📈 已插入 4700 只基金重仓持仓股信息
2025-08-16 16:55:25,681 - INFO - 📈 已插入 4800 只基金重仓持仓股信息
2025-08-16 16:55:25,707 - INFO - 📈 已插入 4900 只基金重仓持仓股信息
2025-08-16 16:55:25,723 - INFO - 📈 已插入 5000 只基金重仓持仓股信息
2025-08-16 16:55:25,736 - INFO - 📈 已插入 5100 只基金重仓持仓股信息
2025-08-16 16:55:25,749 - INFO - 📈 已插入 5200 只基金重仓持仓股信息
2025-08-16 16:55:25,756 - INFO - ✅ 成功插入 5208 只基金重仓持仓股信息
2025-08-16 16:55:25,758 - INFO - 清空该日期披露的基金重仓持仓股...
2025-08-16 16:55:25,846 - INFO - 🚀 开始获取20250331季度所有基金重仓持仓股信息...
2025-08-16 16:55:26,093 - INFO - 📊 获取到 2808 只股票信息
2025-08-16 16:55:26,116 - INFO - 📈 已插入 100 只基金重仓持仓股信息
2025-08-16 16:55:26,131 - INFO - 📈 已插入 200 只基金重仓持仓股信息
2025-08-16 16:55:26,144 - INFO - 📈 已插入 300 只基金重仓持仓股信息
2025-08-16 16:55:26,163 - INFO - 📈 已插入 400 只基金重仓持仓股信息
2025-08-16 16:55:26,196 - INFO - 📈 已插入 500 只基金重仓持仓股信息
2025-08-16 16:55:26,246 - INFO - 📈 已插入 600 只基金重仓持仓股信息
2025-08-16 16:55:26,285 - INFO - 📈 已插入 700 只基金重仓持仓股信息
2025-08-16 16:55:26,303 - INFO - 📈 已插入 800 只基金重仓持仓股信息
2025-08-16 16:55:26,317 - INFO - 📈 已插入 900 只基金重仓持仓股信息
2025-08-16 16:55:26,331 - INFO - 📈 已插入 1000 只基金重仓持仓股信息
2025-08-16 16:55:26,347 - INFO - 📈 已插入 1100 只基金重仓持仓股信息
2025-08-16 16:55:26,366 - INFO - 📈 已插入 1200 只基金重仓持仓股信息
2025-08-16 16:55:26,381 - INFO - 📈 已插入 1300 只基金重仓持仓股信息
2025-08-16 16:55:26,397 - INFO - 📈 已插入 1400 只基金重仓持仓股信息
2025-08-16 16:55:26,412 - INFO - 📈 已插入 1500 只基金重仓持仓股信息
2025-08-16 16:55:26,425 - INFO - 📈 已插入 1600 只基金重仓持仓股信息
2025-08-16 16:55:26,441 - INFO - 📈 已插入 1700 只基金重仓持仓股信息
2025-08-16 16:55:26,455 - INFO - 📈 已插入 1800 只基金重仓持仓股信息
2025-08-16 16:55:26,468 - INFO - 📈 已插入 1900 只基金重仓持仓股信息
2025-08-16 16:55:26,482 - INFO - 📈 已插入 2000 只基金重仓持仓股信息
2025-08-16 16:55:26,495 - INFO - 📈 已插入 2100 只基金重仓持仓股信息
2025-08-16 16:55:26,506 - INFO - 📈 已插入 2200 只基金重仓持仓股信息
2025-08-16 16:55:26,522 - INFO - 📈 已插入 2300 只基金重仓持仓股信息
2025-08-16 16:55:26,538 - INFO - 📈 已插入 2400 只基金重仓持仓股信息
2025-08-16 16:55:26,551 - INFO - 📈 已插入 2500 只基金重仓持仓股信息
2025-08-16 16:55:26,567 - INFO - 📈 已插入 2600 只基金重仓持仓股信息
2025-08-16 16:55:26,582 - INFO - 📈 已插入 2700 只基金重仓持仓股信息
2025-08-16 16:55:26,592 - INFO - 📈 已插入 2800 只基金重仓持仓股信息
2025-08-16 16:55:26,602 - INFO - ✅ 成功插入 2808 只基金重仓持仓股信息
2025-08-16 16:55:26,602 - INFO - ============================================================
2025-08-16 16:55:26,605 - INFO - 📊 本周数据更新统计
2025-08-16 16:55:26,605 - INFO - ============================================================
2025-08-16 16:55:26,605 - INFO - ⏱️  更新耗时: 0:00:03.199525
2025-08-16 16:55:26,605 - INFO - 📈 实时行情: 0 条
2025-08-16 16:55:26,605 - INFO - 📊 本周K线: 0 条
2025-08-16 16:55:26,605 - INFO - 📅 交易日历: 0 条
2025-08-16 16:55:26,605 - INFO - ✅ 无错误
2025-08-16 16:55:26,606 - INFO - ============================================================
2025-08-16 16:55:26,611 - INFO - 🎉 本周数据更新完成！
2025-08-16 16:55:26,611 - INFO - 数据库连接已关闭
2025-08-16 16:55:26,611 - INFO - ✅ 每周数据更新成功完成
2025-08-16 16:55:55,774 - INFO - 🌟 每周数据更新程序启动
2025-08-16 16:55:55,774 - INFO - 🚀 开始每周数据更新...
2025-08-16 16:55:55,774 - INFO - ============================================================
2025-08-16 16:55:55,778 - INFO - ✅ 成功连接到MySQL数据库
2025-08-16 16:55:55,778 - INFO - 清空该日期披露的基金重仓持仓股...
2025-08-16 16:55:55,868 - INFO - 🚀 开始获取20240930季度所有基金重仓持仓股信息...
2025-08-16 16:55:56,145 - INFO - 📊 获取到 2646 只股票信息
2025-08-16 16:55:56,165 - INFO - 📈 已插入 100 只基金重仓持仓股信息
2025-08-16 16:55:56,186 - INFO - 📈 已插入 200 只基金重仓持仓股信息
2025-08-16 16:55:56,201 - INFO - 📈 已插入 300 只基金重仓持仓股信息
2025-08-16 16:55:56,220 - INFO - 📈 已插入 400 只基金重仓持仓股信息
2025-08-16 16:55:56,243 - INFO - 📈 已插入 500 只基金重仓持仓股信息
2025-08-16 16:55:56,270 - INFO - 📈 已插入 600 只基金重仓持仓股信息
2025-08-16 16:55:56,286 - INFO - 📈 已插入 700 只基金重仓持仓股信息
2025-08-16 16:55:56,300 - INFO - 📈 已插入 800 只基金重仓持仓股信息
2025-08-16 16:55:56,316 - INFO - 📈 已插入 900 只基金重仓持仓股信息
2025-08-16 16:55:56,338 - INFO - 📈 已插入 1000 只基金重仓持仓股信息
2025-08-16 16:55:56,351 - INFO - 📈 已插入 1100 只基金重仓持仓股信息
2025-08-16 16:55:56,365 - INFO - 📈 已插入 1200 只基金重仓持仓股信息
2025-08-16 16:55:56,380 - INFO - 📈 已插入 1300 只基金重仓持仓股信息
2025-08-16 16:55:56,397 - INFO - 📈 已插入 1400 只基金重仓持仓股信息
2025-08-16 16:55:56,417 - INFO - 📈 已插入 1500 只基金重仓持仓股信息
2025-08-16 16:55:56,442 - INFO - 📈 已插入 1600 只基金重仓持仓股信息
2025-08-16 16:55:56,471 - INFO - 📈 已插入 1700 只基金重仓持仓股信息
2025-08-16 16:55:56,490 - INFO - 📈 已插入 1800 只基金重仓持仓股信息
2025-08-16 16:55:56,526 - INFO - 📈 已插入 1900 只基金重仓持仓股信息
2025-08-16 16:55:56,545 - INFO - 📈 已插入 2000 只基金重仓持仓股信息
2025-08-16 16:55:56,570 - INFO - 📈 已插入 2100 只基金重仓持仓股信息
2025-08-16 16:55:56,581 - INFO - 📈 已插入 2200 只基金重仓持仓股信息
2025-08-16 16:55:56,600 - INFO - 📈 已插入 2300 只基金重仓持仓股信息
2025-08-16 16:55:56,621 - INFO - 📈 已插入 2400 只基金重仓持仓股信息
2025-08-16 16:55:56,636 - INFO - 📈 已插入 2500 只基金重仓持仓股信息
2025-08-16 16:55:56,648 - INFO - 📈 已插入 2600 只基金重仓持仓股信息
2025-08-16 16:55:56,659 - INFO - ✅ 成功插入 2646 只基金重仓持仓股信息
2025-08-16 16:55:56,659 - INFO - 清空该日期披露的基金重仓持仓股...
2025-08-16 16:55:56,766 - INFO - 🚀 开始获取20241231季度所有基金重仓持仓股信息...
2025-08-16 16:55:57,079 - INFO - 📊 获取到 5208 只股票信息
2025-08-16 16:55:57,105 - INFO - 📈 已插入 100 只基金重仓持仓股信息
2025-08-16 16:55:57,126 - INFO - 📈 已插入 200 只基金重仓持仓股信息
2025-08-16 16:55:57,216 - INFO - 📈 已插入 300 只基金重仓持仓股信息
2025-08-16 16:55:57,257 - INFO - 📈 已插入 400 只基金重仓持仓股信息
2025-08-16 16:55:57,270 - INFO - 📈 已插入 500 只基金重仓持仓股信息
2025-08-16 16:55:57,283 - INFO - 📈 已插入 600 只基金重仓持仓股信息
2025-08-16 16:55:57,302 - INFO - 📈 已插入 700 只基金重仓持仓股信息
2025-08-16 16:55:57,320 - INFO - 📈 已插入 800 只基金重仓持仓股信息
2025-08-16 16:55:57,336 - INFO - 📈 已插入 900 只基金重仓持仓股信息
2025-08-16 16:55:57,351 - INFO - 📈 已插入 1000 只基金重仓持仓股信息
2025-08-16 16:55:57,366 - INFO - 📈 已插入 1100 只基金重仓持仓股信息
2025-08-16 16:55:57,381 - INFO - 📈 已插入 1200 只基金重仓持仓股信息
2025-08-16 16:55:57,393 - INFO - 📈 已插入 1300 只基金重仓持仓股信息
2025-08-16 16:55:57,414 - INFO - 📈 已插入 1400 只基金重仓持仓股信息
2025-08-16 16:55:57,433 - INFO - 📈 已插入 1500 只基金重仓持仓股信息
2025-08-16 16:55:57,448 - INFO - 📈 已插入 1600 只基金重仓持仓股信息
2025-08-16 16:55:57,463 - INFO - 📈 已插入 1700 只基金重仓持仓股信息
2025-08-16 16:55:57,476 - INFO - 📈 已插入 1800 只基金重仓持仓股信息
2025-08-16 16:55:57,491 - INFO - 📈 已插入 1900 只基金重仓持仓股信息
2025-08-16 16:55:57,508 - INFO - 📈 已插入 2000 只基金重仓持仓股信息
2025-08-16 16:55:57,527 - INFO - 📈 已插入 2100 只基金重仓持仓股信息
2025-08-16 16:55:57,540 - INFO - 📈 已插入 2200 只基金重仓持仓股信息
2025-08-16 16:55:57,559 - INFO - 📈 已插入 2300 只基金重仓持仓股信息
2025-08-16 16:55:57,572 - INFO - 📈 已插入 2400 只基金重仓持仓股信息
2025-08-16 16:55:57,587 - INFO - 📈 已插入 2500 只基金重仓持仓股信息
2025-08-16 16:55:57,600 - INFO - 📈 已插入 2600 只基金重仓持仓股信息
2025-08-16 16:55:57,617 - INFO - 📈 已插入 2700 只基金重仓持仓股信息
2025-08-16 16:55:57,634 - INFO - 📈 已插入 2800 只基金重仓持仓股信息
2025-08-16 16:55:57,651 - INFO - 📈 已插入 2900 只基金重仓持仓股信息
2025-08-16 16:55:57,666 - INFO - 📈 已插入 3000 只基金重仓持仓股信息
2025-08-16 16:55:57,689 - INFO - 📈 已插入 3100 只基金重仓持仓股信息
2025-08-16 16:55:57,704 - INFO - 📈 已插入 3200 只基金重仓持仓股信息
2025-08-16 16:55:57,715 - INFO - 📈 已插入 3300 只基金重仓持仓股信息
2025-08-16 16:55:57,732 - INFO - 📈 已插入 3400 只基金重仓持仓股信息
2025-08-16 16:55:57,747 - INFO - 📈 已插入 3500 只基金重仓持仓股信息
2025-08-16 16:55:57,763 - INFO - 📈 已插入 3600 只基金重仓持仓股信息
2025-08-16 16:55:57,775 - INFO - 📈 已插入 3700 只基金重仓持仓股信息
2025-08-16 16:55:57,790 - INFO - 📈 已插入 3800 只基金重仓持仓股信息
2025-08-16 16:55:57,803 - INFO - 📈 已插入 3900 只基金重仓持仓股信息
2025-08-16 16:55:57,822 - INFO - 📈 已插入 4000 只基金重仓持仓股信息
2025-08-16 16:55:57,838 - INFO - 📈 已插入 4100 只基金重仓持仓股信息
2025-08-16 16:55:57,855 - INFO - 📈 已插入 4200 只基金重仓持仓股信息
2025-08-16 16:55:57,872 - INFO - 📈 已插入 4300 只基金重仓持仓股信息
2025-08-16 16:55:57,888 - INFO - 📈 已插入 4400 只基金重仓持仓股信息
2025-08-16 16:55:57,905 - INFO - 📈 已插入 4500 只基金重仓持仓股信息
2025-08-16 16:55:57,923 - INFO - 📈 已插入 4600 只基金重仓持仓股信息
2025-08-16 16:55:57,938 - INFO - 📈 已插入 4700 只基金重仓持仓股信息
2025-08-16 16:55:57,953 - INFO - 📈 已插入 4800 只基金重仓持仓股信息
2025-08-16 16:55:57,963 - INFO - 📈 已插入 4900 只基金重仓持仓股信息
2025-08-16 16:55:57,979 - INFO - 📈 已插入 5000 只基金重仓持仓股信息
2025-08-16 16:55:57,994 - INFO - 📈 已插入 5100 只基金重仓持仓股信息
2025-08-16 16:55:58,010 - INFO - 📈 已插入 5200 只基金重仓持仓股信息
2025-08-16 16:55:58,015 - INFO - ✅ 成功插入 5208 只基金重仓持仓股信息
2025-08-16 16:55:58,019 - INFO - 清空该日期披露的基金重仓持仓股...
2025-08-16 16:55:58,108 - INFO - 🚀 开始获取20250331季度所有基金重仓持仓股信息...
2025-08-16 16:55:58,373 - INFO - 📊 获取到 2808 只股票信息
2025-08-16 16:55:58,387 - INFO - 📈 已插入 100 只基金重仓持仓股信息
2025-08-16 16:55:58,404 - INFO - 📈 已插入 200 只基金重仓持仓股信息
2025-08-16 16:55:58,422 - INFO - 📈 已插入 300 只基金重仓持仓股信息
2025-08-16 16:55:58,434 - INFO - 📈 已插入 400 只基金重仓持仓股信息
2025-08-16 16:55:58,450 - INFO - 📈 已插入 500 只基金重仓持仓股信息
2025-08-16 16:55:58,475 - INFO - 📈 已插入 600 只基金重仓持仓股信息
2025-08-16 16:55:58,541 - INFO - 📈 已插入 700 只基金重仓持仓股信息
2025-08-16 16:55:58,560 - INFO - 📈 已插入 800 只基金重仓持仓股信息
2025-08-16 16:55:58,576 - INFO - 📈 已插入 900 只基金重仓持仓股信息
2025-08-16 16:55:58,592 - INFO - 📈 已插入 1000 只基金重仓持仓股信息
2025-08-16 16:55:58,605 - INFO - 📈 已插入 1100 只基金重仓持仓股信息
2025-08-16 16:55:58,621 - INFO - 📈 已插入 1200 只基金重仓持仓股信息
2025-08-16 16:55:58,638 - INFO - 📈 已插入 1300 只基金重仓持仓股信息
2025-08-16 16:55:58,657 - INFO - 📈 已插入 1400 只基金重仓持仓股信息
2025-08-16 16:55:58,670 - INFO - 📈 已插入 1500 只基金重仓持仓股信息
2025-08-16 16:55:58,684 - INFO - 📈 已插入 1600 只基金重仓持仓股信息
2025-08-16 16:55:58,695 - INFO - 📈 已插入 1700 只基金重仓持仓股信息
2025-08-16 16:55:58,708 - INFO - 📈 已插入 1800 只基金重仓持仓股信息
2025-08-16 16:55:58,723 - INFO - 📈 已插入 1900 只基金重仓持仓股信息
2025-08-16 16:55:58,734 - INFO - 📈 已插入 2000 只基金重仓持仓股信息
2025-08-16 16:55:58,752 - INFO - 📈 已插入 2100 只基金重仓持仓股信息
2025-08-16 16:55:58,772 - INFO - 📈 已插入 2200 只基金重仓持仓股信息
2025-08-16 16:55:58,785 - INFO - 📈 已插入 2300 只基金重仓持仓股信息
2025-08-16 16:55:58,801 - INFO - 📈 已插入 2400 只基金重仓持仓股信息
2025-08-16 16:55:58,819 - INFO - 📈 已插入 2500 只基金重仓持仓股信息
2025-08-16 16:55:58,836 - INFO - 📈 已插入 2600 只基金重仓持仓股信息
2025-08-16 16:55:58,849 - INFO - 📈 已插入 2700 只基金重仓持仓股信息
2025-08-16 16:55:58,863 - INFO - 📈 已插入 2800 只基金重仓持仓股信息
2025-08-16 16:55:58,870 - INFO - ✅ 成功插入 2808 只基金重仓持仓股信息
2025-08-16 16:55:58,871 - INFO - 清空该日期披露的基金重仓持仓股...
2025-08-16 16:55:58,959 - INFO - 🚀 开始获取20250630季度所有基金重仓持仓股信息...
2025-08-16 16:55:59,409 - INFO - 📊 获取到 2943 只股票信息
2025-08-16 16:55:59,435 - INFO - 📈 已插入 100 只基金重仓持仓股信息
2025-08-16 16:55:59,446 - INFO - 📈 已插入 200 只基金重仓持仓股信息
2025-08-16 16:55:59,461 - INFO - 📈 已插入 300 只基金重仓持仓股信息
2025-08-16 16:55:59,475 - INFO - 📈 已插入 400 只基金重仓持仓股信息
2025-08-16 16:55:59,489 - INFO - 📈 已插入 500 只基金重仓持仓股信息
2025-08-16 16:55:59,505 - INFO - 📈 已插入 600 只基金重仓持仓股信息
2025-08-16 16:55:59,550 - INFO - 📈 已插入 700 只基金重仓持仓股信息
2025-08-16 16:55:59,581 - INFO - 📈 已插入 800 只基金重仓持仓股信息
2025-08-16 16:55:59,600 - INFO - 📈 已插入 900 只基金重仓持仓股信息
2025-08-16 16:55:59,616 - INFO - 📈 已插入 1000 只基金重仓持仓股信息
2025-08-16 16:55:59,632 - INFO - 📈 已插入 1100 只基金重仓持仓股信息
2025-08-16 16:55:59,650 - INFO - 📈 已插入 1200 只基金重仓持仓股信息
2025-08-16 16:55:59,667 - INFO - 📈 已插入 1300 只基金重仓持仓股信息
2025-08-16 16:55:59,683 - INFO - 📈 已插入 1400 只基金重仓持仓股信息
2025-08-16 16:55:59,698 - INFO - 📈 已插入 1500 只基金重仓持仓股信息
2025-08-16 16:55:59,713 - INFO - 📈 已插入 1600 只基金重仓持仓股信息
2025-08-16 16:55:59,735 - INFO - 📈 已插入 1700 只基金重仓持仓股信息
2025-08-16 16:55:59,752 - INFO - 📈 已插入 1800 只基金重仓持仓股信息
2025-08-16 16:55:59,764 - INFO - 📈 已插入 1900 只基金重仓持仓股信息
2025-08-16 16:55:59,778 - INFO - 📈 已插入 2000 只基金重仓持仓股信息
2025-08-16 16:55:59,790 - INFO - 📈 已插入 2100 只基金重仓持仓股信息
2025-08-16 16:55:59,806 - INFO - 📈 已插入 2200 只基金重仓持仓股信息
2025-08-16 16:55:59,823 - INFO - 📈 已插入 2300 只基金重仓持仓股信息
2025-08-16 16:55:59,841 - INFO - 📈 已插入 2400 只基金重仓持仓股信息
2025-08-16 16:55:59,856 - INFO - 📈 已插入 2500 只基金重仓持仓股信息
2025-08-16 16:55:59,872 - INFO - 📈 已插入 2600 只基金重仓持仓股信息
2025-08-16 16:55:59,888 - INFO - 📈 已插入 2700 只基金重仓持仓股信息
2025-08-16 16:55:59,900 - INFO - 📈 已插入 2800 只基金重仓持仓股信息
2025-08-16 16:55:59,914 - INFO - 📈 已插入 2900 只基金重仓持仓股信息
2025-08-16 16:55:59,922 - INFO - ✅ 成功插入 2943 只基金重仓持仓股信息
2025-08-16 16:55:59,922 - INFO - ============================================================
2025-08-16 16:55:59,922 - INFO - 📊 本周数据更新统计
2025-08-16 16:55:59,925 - INFO - ============================================================
2025-08-16 16:55:59,925 - INFO - ⏱️  更新耗时: 0:00:04.147728
2025-08-16 16:55:59,925 - INFO - 📈 实时行情: 0 条
2025-08-16 16:55:59,925 - INFO - 📊 本周K线: 0 条
2025-08-16 16:55:59,925 - INFO - 📅 交易日历: 0 条
2025-08-16 16:55:59,925 - INFO - ✅ 无错误
2025-08-16 16:55:59,925 - INFO - ============================================================
2025-08-16 16:55:59,930 - INFO - 🎉 本周数据更新完成！
2025-08-16 16:55:59,930 - INFO - 数据库连接已关闭
2025-08-16 16:55:59,930 - INFO - ✅ 每周数据更新成功完成
