2025-08-23 08:50:36,169 - INFO - 🌟 每周数据更新程序启动
2025-08-23 08:50:36,169 - INFO - 🚀 开始每周数据更新...
2025-08-23 08:50:36,169 - INFO - ============================================================
2025-08-23 08:50:36,255 - INFO - ✅ 成功连接到MySQL数据库
2025-08-23 08:50:36,255 - INFO - 📊 开始更新近7个自然日K线数据）...
2025-08-23 08:50:36,321 - INFO - 📊 准备更新 5740 只股票的近7个自然日K线数据
2025-08-23 08:50:37,048 - INFO - 📈 已处理000001 平安银行 
2025-08-23 08:50:37,676 - INFO - 📈 已处理000002 万科Ａ 
2025-08-23 08:50:38,898 - INFO - 📈 已处理000004 *ST国华 
2025-08-23 08:50:40,146 - INFO - 📈 已处理000006 深振业Ａ 
2025-08-23 08:50:40,763 - INFO - 📈 已处理000007 全新好 
2025-08-23 08:50:41,393 - INFO - 📈 已处理000008 神州高铁 
2025-08-23 08:50:42,019 - INFO - 📈 已处理000009 中国宝安 
2025-08-23 08:50:43,148 - INFO - 📈 已处理000010 美丽生态 
2025-08-23 08:50:43,775 - INFO - 📈 已处理000011 深物业A 
2025-08-23 08:50:44,409 - INFO - 📈 已处理000012 南玻Ａ 
2025-08-23 08:50:45,636 - INFO - 📈 已处理000014 沙河股份 
2025-08-23 08:50:46,869 - INFO - 📈 已处理000016 深康佳Ａ 
2025-08-23 08:50:47,507 - INFO - 📈 已处理000017 深中华A 
2025-08-23 08:50:48,751 - INFO - 📈 已处理000019 深粮控股 
2025-08-23 08:50:49,390 - INFO - 📈 已处理000020 深华发Ａ 
2025-08-23 08:50:50,025 - INFO - 📈 已处理000021 深科技 
2025-08-23 08:50:51,897 - INFO - 📈 已处理000025 特力Ａ 
2025-08-23 08:50:52,525 - INFO - 📈 已处理000026 飞亚达 
2025-08-23 08:50:53,148 - INFO - 📈 已处理000027 深圳能源 
2025-08-23 08:50:53,780 - INFO - 📈 已处理000028 国药一致 
2025-08-23 08:50:54,418 - INFO - 📈 已处理000029 深深房Ａ 
2025-08-23 08:50:55,049 - INFO - 📈 已处理000030 富奥股份 
2025-08-23 08:50:55,669 - INFO - 📈 已处理000031 大悦城 
2025-08-23 08:50:56,304 - INFO - 📈 已处理000032 深桑达Ａ 
2025-08-23 08:50:57,538 - INFO - 📈 已处理000034 神州数码 
2025-08-23 08:50:58,169 - INFO - 📈 已处理000035 中国天楹 
2025-08-23 08:50:58,779 - INFO - 📈 已处理000036 华联控股 
2025-08-23 08:50:59,422 - INFO - 📈 已处理000037 深南电A 
2025-08-23 08:51:00,668 - INFO - 📈 已处理000039 中集集团 
2025-08-23 08:51:01,915 - INFO - 📈 已处理000042 中洲控股 
2025-08-23 08:51:02,543 - INFO - 📈 已处理000045 深纺织Ａ 
2025-08-23 08:51:04,397 - INFO - 📈 已处理000048 京基智农 
2025-08-23 08:51:05,041 - INFO - 📈 已处理000049 德赛电池 
2025-08-23 08:51:05,652 - INFO - 📈 已处理000050 深天马Ａ 
2025-08-23 08:51:06,280 - INFO - 📈 已处理000055 方大集团 
2025-08-23 08:51:06,896 - INFO - 📈 已处理000056 皇庭国际 
2025-08-23 08:51:07,517 - INFO - 📈 已处理000058 深赛格 
2025-08-23 08:51:08,136 - INFO - 📈 已处理000059 华锦股份 
2025-08-23 08:51:08,137 - INFO - 📈 已处理 50/5740 只股票，成功 38 只
2025-08-23 08:51:08,752 - INFO - 📈 已处理000060 中金岭南 
2025-08-23 08:51:09,398 - INFO - 📈 已处理000061 农产品 
2025-08-23 08:51:10,038 - INFO - 📈 已处理000062 深圳华强 
2025-08-23 08:51:10,671 - INFO - 📈 已处理000063 中兴通讯 
2025-08-23 08:51:11,308 - INFO - 📈 已处理000065 北方国际 
2025-08-23 08:51:11,940 - INFO - 📈 已处理000066 中国长城 
2025-08-23 08:51:12,568 - INFO - 📈 已处理000068 华控赛格 
2025-08-23 08:51:13,205 - INFO - 📈 已处理000069 华侨城Ａ 
2025-08-23 08:51:13,838 - INFO - 📈 已处理000070 特发信息 
2025-08-23 08:51:14,491 - INFO - 📈 已处理000078 海王生物 
2025-08-23 08:51:15,117 - INFO - 📈 已处理000088 盐田港 
2025-08-23 08:51:15,745 - INFO - 📈 已处理000089 深圳机场 
2025-08-23 08:51:16,354 - INFO - 📈 已处理000090 天健集团 
2025-08-23 08:51:16,989 - INFO - 📈 已处理000096 广聚能源 
2025-08-23 08:51:17,618 - INFO - 📈 已处理000099 中信海直 
2025-08-23 08:51:18,253 - INFO - 📈 已处理000100 TCL科技 
2025-08-23 08:51:19,520 - INFO - 📈 已处理000151 中成股份 
2025-08-23 08:51:20,166 - INFO - 📈 已处理000153 丰原药业 
2025-08-23 08:51:20,792 - INFO - 📈 已处理000155 川能动力 
2025-08-23 08:51:21,428 - INFO - 📈 已处理000156 华数传媒 
2025-08-23 08:51:22,047 - INFO - 📈 已处理000157 中联重科 
2025-08-23 08:51:22,674 - INFO - 📈 已处理000158 常山北明 
2025-08-23 08:51:23,331 - INFO - 📈 已处理000159 国际实业 
2025-08-23 08:51:23,959 - INFO - 📈 已处理000166 申万宏源 
2025-08-23 08:51:24,593 - INFO - 📈 已处理000301 东方盛虹 
2025-08-23 08:51:25,230 - INFO - 📈 已处理000333 美的集团 
2025-08-23 08:51:25,858 - INFO - 📈 已处理000338 潍柴动力 
2025-08-23 08:51:26,496 - INFO - 📈 已处理000400 许继电气 
2025-08-23 08:51:27,120 - INFO - 📈 已处理000401 冀东水泥 
2025-08-23 08:51:27,749 - INFO - 📈 已处理000402 金融街 
2025-08-23 08:51:28,372 - INFO - 📈 已处理000403 派林生物 
2025-08-23 08:51:29,002 - INFO - 📈 已处理000404 长虹华意 
2025-08-23 08:51:30,864 - INFO - 📈 已处理000407 胜利股份 
2025-08-23 08:51:31,493 - INFO - 📈 已处理000408 藏格矿业 
2025-08-23 08:51:32,128 - INFO - 📈 已处理000409 云鼎科技 
2025-08-23 08:51:32,762 - INFO - 📈 已处理000410 沈阳机床 
2025-08-23 08:51:33,421 - INFO - 📈 已处理000411 英特集团 
2025-08-23 08:51:35,286 - INFO - 📈 已处理000415 渤海租赁 
2025-08-23 08:51:36,550 - INFO - 📈 已处理000417 合百集团 
2025-08-23 08:51:37,789 - INFO - 📈 已处理000419 通程控股 
2025-08-23 08:51:38,437 - INFO - 📈 已处理000420 吉林化纤 
2025-08-23 08:51:39,056 - INFO - 📈 已处理000421 南京公用 
2025-08-23 08:51:39,669 - INFO - 📈 已处理000422 湖北宜化 
2025-08-23 08:51:39,669 - INFO - 📈 已处理 100/5740 只股票，成功 81 只
2025-08-23 08:51:40,286 - INFO - 📈 已处理000423 东阿阿胶 
2025-08-23 08:51:40,932 - INFO - 📈 已处理000425 徐工机械 
2025-08-23 08:51:41,566 - INFO - 📈 已处理000426 兴业银锡 
2025-08-23 08:51:42,177 - INFO - 📈 已处理000428 华天酒店 
2025-08-23 08:51:42,821 - INFO - 📈 已处理000429 粤高速Ａ 
2025-08-23 08:51:43,437 - INFO - 📈 已处理000430 ST张家界 
2025-08-23 08:51:44,065 - INFO - 📈 已处理000488 ST晨鸣 
2025-08-23 08:51:44,708 - INFO - 📈 已处理000498 山东路桥 
2025-08-23 08:51:45,320 - INFO - 📈 已处理000501 武商集团 
2025-08-23 08:51:46,529 - INFO - 📈 已处理000503 国新健康 
2025-08-23 08:51:47,153 - INFO - 📈 已处理000504 *ST生物 
2025-08-23 08:51:47,791 - INFO - 📈 已处理000505 京粮控股 
2025-08-23 08:51:48,426 - INFO - 📈 已处理000506 招金黄金 
2025-08-23 08:51:49,062 - INFO - 📈 已处理000507 珠海港 
2025-08-23 08:51:50,300 - INFO - 📈 已处理000509 华塑控股 
2025-08-23 08:51:50,941 - INFO - 📈 已处理000510 新金路 
2025-08-23 08:51:52,186 - INFO - 📈 已处理000513 丽珠集团 
2025-08-23 08:51:52,817 - INFO - 📈 已处理000514 渝开发 
2025-08-23 08:51:54,056 - INFO - 📈 已处理000516 国际医学 
2025-08-23 08:51:54,703 - INFO - 📈 已处理000517 荣安地产 
2025-08-23 08:51:55,341 - INFO - 📈 已处理000518 *ST四环 
2025-08-23 08:51:55,969 - INFO - 📈 已处理000519 中兵红箭 
2025-08-23 08:51:56,594 - INFO - 📈 已处理000520 凤凰航运 
2025-08-23 08:51:57,230 - INFO - 📈 已处理000521 长虹美菱 
2025-08-23 08:51:58,497 - INFO - 📈 已处理000523 红棉股份 
2025-08-23 08:51:59,121 - INFO - 📈 已处理000524 岭南控股 
2025-08-23 08:51:59,749 - INFO - 📈 已处理000525 红太阳 
2025-08-23 08:52:00,376 - INFO - 📈 已处理000526 学大教育 
2025-08-23 08:52:01,619 - INFO - 📈 已处理000528 柳工 
2025-08-23 08:52:02,243 - INFO - 📈 已处理000529 广弘控股 
2025-08-23 08:52:02,862 - INFO - 📈 已处理000530 冰山冷热 
2025-08-23 08:52:03,480 - INFO - 📈 已处理000531 穗恒运Ａ 
2025-08-23 08:52:04,107 - INFO - 📈 已处理000532 华金资本 
2025-08-23 08:52:04,735 - INFO - 📈 已处理000533 顺钠股份 
2025-08-23 08:52:05,383 - INFO - 📈 已处理000534 万泽股份 
2025-08-23 08:52:06,619 - INFO - 📈 已处理000536 华映科技 
2025-08-23 08:52:07,248 - INFO - 📈 已处理000537 中绿电 
2025-08-23 08:52:07,862 - INFO - 📈 已处理000538 云南白药 
2025-08-23 08:52:08,477 - INFO - 📈 已处理000539 粤电力Ａ 
2025-08-23 08:52:09,710 - INFO - 📈 已处理000541 佛山照明 
2025-08-23 08:52:10,918 - INFO - 📈 已处理000543 皖能电力 
2025-08-23 08:52:10,918 - INFO - 📈 已处理 150/5740 只股票，成功 122 只
2025-08-23 08:52:11,561 - INFO - 📈 已处理000544 中原环保 
2025-08-23 08:52:12,186 - INFO - 📈 已处理000545 金浦钛业 
2025-08-23 08:52:12,814 - INFO - 📈 已处理000546 金圆股份 
2025-08-23 08:52:13,452 - INFO - 📈 已处理000547 航天发展 
2025-08-23 08:52:14,082 - INFO - 📈 已处理000548 湖南投资 
2025-08-23 08:52:15,320 - INFO - 📈 已处理000550 江铃汽车 
2025-08-23 08:52:15,959 - INFO - 📈 已处理000551 创元科技 
2025-08-23 08:52:16,591 - INFO - 📈 已处理000552 甘肃能化 
2025-08-23 08:52:17,224 - INFO - 📈 已处理000553 安道麦A 
2025-08-23 08:52:17,856 - INFO - 📈 已处理000554 泰山石油 
2025-08-23 08:52:18,490 - INFO - 📈 已处理000555 神州信息 
2025-08-23 08:52:19,738 - INFO - 📈 已处理000557 西部创业 
2025-08-23 08:52:20,370 - INFO - 📈 已处理000558 天府文旅 
2025-08-23 08:52:20,974 - INFO - 📈 已处理000559 万向钱潮 
2025-08-23 08:52:21,602 - INFO - 📈 已处理000560 我爱我家 
2025-08-23 08:52:22,229 - INFO - 📈 已处理000561 烽火电子 
2025-08-23 08:52:23,422 - INFO - 📈 已处理000563 陕国投Ａ 
2025-08-23 08:52:24,054 - INFO - 📈 已处理000564 供销大集 
2025-08-23 08:52:24,693 - INFO - 📈 已处理000565 渝三峡Ａ 
2025-08-23 08:52:25,305 - INFO - 📈 已处理000566 海南海药 
2025-08-23 08:52:25,927 - INFO - 📈 已处理000567 海德股份 
2025-08-23 08:52:26,551 - INFO - 📈 已处理000568 泸州老窖 
2025-08-23 08:52:27,791 - INFO - 📈 已处理000570 苏常柴Ａ 
2025-08-23 08:52:28,418 - INFO - 📈 已处理000571 新大洲A 
2025-08-23 08:52:29,057 - INFO - 📈 已处理000572 海马汽车 
2025-08-23 08:52:29,712 - INFO - 📈 已处理000573 粤宏远Ａ 
2025-08-23 08:52:30,340 - INFO - 📈 已处理000576 甘化科工 
2025-08-23 08:52:31,615 - INFO - 📈 已处理000581 威孚高科 
2025-08-23 08:52:32,247 - INFO - 📈 已处理000582 北部湾港 
2025-08-23 08:52:34,739 - INFO - 📈 已处理000586 汇源通信 
2025-08-23 08:52:36,608 - INFO - 📈 已处理000589 贵州轮胎 
2025-08-23 08:52:37,236 - INFO - 📈 已处理000590 启迪药业 
2025-08-23 08:52:37,868 - INFO - 📈 已处理000591 太阳能 
2025-08-23 08:52:38,506 - INFO - 📈 已处理000592 平潭发展 
2025-08-23 08:52:39,140 - INFO - 📈 已处理000593 德龙汇能 
2025-08-23 08:52:40,412 - INFO - 📈 已处理000595 *ST宝实 
2025-08-23 08:52:41,041 - INFO - 📈 已处理000596 古井贡酒 
2025-08-23 08:52:41,676 - INFO - 📈 已处理000597 东北制药 
2025-08-23 08:52:42,318 - INFO - 📈 已处理000598 兴蓉环境 
2025-08-23 08:52:42,318 - INFO - 📈 已处理 200/5740 只股票，成功 161 只
2025-08-23 08:52:42,941 - INFO - 📈 已处理000599 青岛双星 
2025-08-23 08:52:43,565 - INFO - 📈 已处理000600 建投能源 
2025-08-23 08:52:44,207 - INFO - 📈 已处理000601 韶能股份 
2025-08-23 08:52:45,454 - INFO - 📈 已处理000603 盛达资源 
2025-08-23 08:52:46,097 - INFO - 📈 已处理000605 渤海股份 
2025-08-23 08:52:47,334 - INFO - 📈 已处理000607 华媒控股 
2025-08-23 08:52:47,967 - INFO - 📈 已处理000608 *ST阳光 
2025-08-23 08:52:48,590 - INFO - 📈 已处理000609 ST中迪 
2025-08-23 08:52:49,222 - INFO - 📈 已处理000610 西安旅游 
2025-08-23 08:52:50,506 - INFO - 📈 已处理000612 焦作万方 
2025-08-23 08:52:51,779 - INFO - 📈 已处理000615 *ST美谷 
2025-08-23 08:52:53,017 - INFO - 📈 已处理000617 中油资本 
2025-08-23 08:52:54,256 - INFO - 📈 已处理000619 海螺新材 
2025-08-23 08:52:54,894 - INFO - 📈 已处理000620 盈新发展 
2025-08-23 08:52:56,836 - INFO - 📈 已处理000623 吉林敖东 
2025-08-23 08:52:57,466 - INFO - 📈 已处理000625 长安汽车 
2025-08-23 08:52:58,099 - INFO - 📈 已处理000626 远大控股 
2025-08-23 08:52:59,339 - INFO - 📈 已处理000628 高新发展 
2025-08-23 08:52:59,983 - INFO - 📈 已处理000629 钒钛股份 
2025-08-23 08:53:00,624 - INFO - 📈 已处理000630 铜陵有色 
2025-08-23 08:53:01,268 - INFO - 📈 已处理000631 顺发恒业 
2025-08-23 08:53:02,401 - INFO - 📈 已处理000632 三木集团 
2025-08-23 08:53:03,025 - INFO - 📈 已处理000633 合金投资 
2025-08-23 08:53:03,661 - INFO - 📈 已处理000635 英力特 
2025-08-23 08:53:04,288 - INFO - 📈 已处理000636 风华高科 
2025-08-23 08:53:04,915 - INFO - 📈 已处理000637 茂化实华 
2025-08-23 08:53:05,545 - INFO - 📈 已处理000638 *ST万方 
2025-08-23 08:53:06,191 - INFO - 📈 已处理000639 西王食品 
2025-08-23 08:53:06,825 - INFO - 📈 已处理000650 仁和药业 
2025-08-23 08:53:07,462 - INFO - 📈 已处理000651 格力电器 
2025-08-23 08:53:08,115 - INFO - 📈 已处理000652 泰达股份 
2025-08-23 08:53:09,363 - INFO - 📈 已处理000655 金岭矿业 
2025-08-23 08:53:09,991 - INFO - 📈 已处理000656 *ST金科 
2025-08-23 08:53:10,608 - INFO - 📈 已处理000657 中钨高新 
2025-08-23 08:53:11,867 - INFO - 📈 已处理000659 珠海中富 
2025-08-23 08:53:13,108 - INFO - 📈 已处理000661 长春高新 
2025-08-23 08:53:14,376 - INFO - 📈 已处理000663 永安林业 
2025-08-23 08:53:14,376 - INFO - 📈 已处理 250/5740 只股票，成功 198 只
2025-08-23 08:53:15,004 - INFO - 📈 已处理000665 湖北广电 
2025-08-23 08:53:16,907 - INFO - 📈 已处理000668 *ST荣控 
2025-08-23 08:53:17,544 - INFO - 📈 已处理000669 ST金鸿 
2025-08-23 08:53:18,177 - INFO - 📈 已处理000670 盈方微 
2025-08-23 08:53:19,449 - INFO - 📈 已处理000672 上峰水泥 
2025-08-23 08:53:21,339 - INFO - 📈 已处理000676 智度股份 
2025-08-23 08:53:21,965 - INFO - 📈 已处理000677 恒天海龙 
2025-08-23 08:53:22,600 - INFO - 📈 已处理000678 襄阳轴承 
2025-08-23 08:53:23,251 - INFO - 📈 已处理000679 大连友谊 
2025-08-23 08:53:23,897 - INFO - 📈 已处理000680 山推股份 
2025-08-23 08:53:24,539 - INFO - 📈 已处理000681 视觉中国 
2025-08-23 08:53:25,183 - INFO - 📈 已处理000682 东方电子 
2025-08-23 08:53:25,822 - INFO - 📈 已处理000683 博源化工 
2025-08-23 08:53:26,464 - INFO - 📈 已处理000685 中山公用 
2025-08-23 08:53:27,101 - INFO - 📈 已处理000686 东北证券 
2025-08-23 08:53:28,353 - INFO - 📈 已处理000688 国城矿业 
2025-08-23 08:53:29,598 - INFO - 📈 已处理000690 宝新能源 
2025-08-23 08:53:30,223 - INFO - 📈 已处理000691 *ST亚太 
2025-08-23 08:53:30,853 - INFO - 📈 已处理000692 惠天热电 
2025-08-23 08:53:32,119 - INFO - 📈 已处理000695 滨海能源 
2025-08-23 08:53:32,749 - INFO - 📈 已处理000697 ST炼石 
2025-08-23 08:53:33,409 - INFO - 📈 已处理000698 沈阳化工 
2025-08-23 08:53:34,657 - INFO - 📈 已处理000700 模塑科技 
2025-08-23 08:53:35,305 - INFO - 📈 已处理000701 厦门信达 
2025-08-23 08:53:35,952 - INFO - 📈 已处理000702 正虹科技 
2025-08-23 08:53:36,581 - INFO - 📈 已处理000703 恒逸石化 
2025-08-23 08:53:37,213 - INFO - 📈 已处理000705 浙江震元 
2025-08-23 08:53:37,857 - INFO - 📈 已处理000707 双环科技 
2025-08-23 08:53:38,492 - INFO - 📈 已处理000708 中信特钢 
2025-08-23 08:53:39,138 - INFO - 📈 已处理000709 河钢股份 
2025-08-23 08:53:39,764 - INFO - 📈 已处理000710 贝瑞基因 
2025-08-23 08:53:40,406 - INFO - 📈 已处理000711 *ST京蓝 
2025-08-23 08:53:41,040 - INFO - 📈 已处理000712 锦龙股份 
2025-08-23 08:53:41,669 - INFO - 📈 已处理000713 丰乐种业 
2025-08-23 08:53:42,293 - INFO - 📈 已处理000715 中兴商业 
2025-08-23 08:53:42,930 - INFO - 📈 已处理000716 黑芝麻 
2025-08-23 08:53:43,580 - INFO - 📈 已处理000717 中南股份 
2025-08-23 08:53:44,217 - INFO - 📈 已处理000718 苏宁环球 
2025-08-23 08:53:44,858 - INFO - 📈 已处理000719 中原传媒 
2025-08-23 08:53:45,494 - INFO - 📈 已处理000720 新能泰山 
2025-08-23 08:53:46,144 - INFO - 📈 已处理000721 西安饮食 
2025-08-23 08:53:46,144 - INFO - 📈 已处理 300/5740 只股票，成功 239 只
2025-08-23 08:53:46,767 - INFO - 📈 已处理000722 湖南发展 
2025-08-23 08:53:47,412 - INFO - 📈 已处理000723 美锦能源 
2025-08-23 08:53:48,033 - INFO - 📈 已处理000725 京东方Ａ 
2025-08-23 08:53:48,672 - INFO - 📈 已处理000726 鲁泰Ａ 
2025-08-23 08:53:49,301 - INFO - 📈 已处理000727 冠捷科技 
2025-08-23 08:53:49,927 - INFO - 📈 已处理000728 国元证券 
2025-08-23 08:53:50,543 - INFO - 📈 已处理000729 燕京啤酒 
2025-08-23 08:53:51,799 - INFO - 📈 已处理000731 四川美丰 
2025-08-23 08:53:53,066 - INFO - 📈 已处理000733 振华科技 
2025-08-23 08:53:53,704 - INFO - 📈 已处理000735 罗牛山 
2025-08-23 08:53:54,342 - INFO - 📈 已处理000736 *ST中地 
2025-08-23 08:53:54,977 - INFO - 📈 已处理000737 北方铜业 
2025-08-23 08:53:55,622 - INFO - 📈 已处理000738 航发控制 
2025-08-23 08:53:56,252 - INFO - 📈 已处理000739 普洛药业 
2025-08-23 08:53:57,510 - INFO - 📈 已处理000750 国海证券 
2025-08-23 08:53:58,159 - INFO - 📈 已处理000751 锌业股份 
2025-08-23 08:53:58,785 - INFO - 📈 已处理000752 ST西发 
2025-08-23 08:53:59,428 - INFO - 📈 已处理000753 漳州发展 
2025-08-23 08:54:00,059 - INFO - 📈 已处理000755 山西高速 
2025-08-23 08:54:00,691 - INFO - 📈 已处理000756 新华制药 
2025-08-23 08:54:01,320 - INFO - 📈 已处理000757 浩物股份 
2025-08-23 08:54:01,956 - INFO - 📈 已处理000758 中色股份 
2025-08-23 08:54:02,583 - INFO - 📈 已处理000759 中百集团 
2025-08-23 08:54:03,836 - INFO - 📈 已处理000761 本钢板材 
2025-08-23 08:54:04,462 - INFO - 📈 已处理000762 西藏矿业 
2025-08-23 08:54:06,335 - INFO - 📈 已处理000766 通化金马 
2025-08-23 08:54:06,965 - INFO - 📈 已处理000767 晋控电力 
2025-08-23 08:54:07,602 - INFO - 📈 已处理000768 中航西飞 
2025-08-23 08:54:08,843 - INFO - 📈 已处理000776 广发证券 
2025-08-23 08:54:09,486 - INFO - 📈 已处理000777 中核科技 
2025-08-23 08:54:10,134 - INFO - 📈 已处理000778 新兴铸管 
2025-08-23 08:54:10,768 - INFO - 📈 已处理000779 甘咨询 
2025-08-23 08:54:12,038 - INFO - 📈 已处理000782 恒申新材 
2025-08-23 08:54:12,667 - INFO - 📈 已处理000783 长江证券 
2025-08-23 08:54:13,443 - INFO - 📈 已处理000785 居然智家 
2025-08-23 08:54:14,069 - INFO - 📈 已处理000786 北新建材 
2025-08-23 08:54:15,319 - INFO - 📈 已处理000788 北大医药 
2025-08-23 08:54:15,955 - INFO - 📈 已处理000789 万年青 
2025-08-23 08:54:16,604 - INFO - 📈 已处理000790 华神科技 
2025-08-23 08:54:17,245 - INFO - 📈 已处理000791 甘肃能源 
2025-08-23 08:54:17,875 - INFO - 📈 已处理000792 盐湖股份 
2025-08-23 08:54:17,875 - INFO - 📈 已处理 350/5740 只股票，成功 280 只
2025-08-23 08:54:18,511 - INFO - 📈 已处理000793 ST华闻 
2025-08-23 08:54:19,158 - INFO - 📈 已处理000795 英洛华 
2025-08-23 08:54:19,797 - INFO - 📈 已处理000796 凯撒旅业 
2025-08-23 08:54:20,447 - INFO - 📈 已处理000797 中国武夷 
2025-08-23 08:54:21,073 - INFO - 📈 已处理000798 中水渔业 
2025-08-23 08:54:21,707 - INFO - 📈 已处理000799 酒鬼酒 
2025-08-23 08:54:22,329 - INFO - 📈 已处理000800 一汽解放 
2025-08-23 08:54:22,956 - INFO - 📈 已处理000801 四川九洲 
2025-08-23 08:54:23,591 - INFO - 📈 已处理000802 北京文化 
2025-08-23 08:54:24,240 - INFO - 📈 已处理000803 山高环能 
2025-08-23 08:54:26,105 - INFO - 📈 已处理000807 云铝股份 
2025-08-23 08:54:26,751 - INFO - 📈 已处理000809 和展能源 
2025-08-23 08:54:27,376 - INFO - 📈 已处理000810 创维数字 
2025-08-23 08:54:28,011 - INFO - 📈 已处理000811 冰轮环境 
2025-08-23 08:54:28,647 - INFO - 📈 已处理000812 陕西金叶 
2025-08-23 08:54:29,285 - INFO - 📈 已处理000813 德展健康 
2025-08-23 08:54:29,919 - INFO - 📈 已处理000815 美利云 
2025-08-23 08:54:30,549 - INFO - 📈 已处理000816 智慧农业 
2025-08-23 08:54:31,819 - INFO - 📈 已处理000818 航锦科技 
2025-08-23 08:54:32,459 - INFO - 📈 已处理000819 岳阳兴长 
2025-08-23 08:54:33,096 - INFO - 📈 已处理000820 *ST节能 
2025-08-23 08:54:33,720 - INFO - 📈 已处理000821 京山轻机 
2025-08-23 08:54:34,353 - INFO - 📈 已处理000822 山东海化 
2025-08-23 08:54:34,982 - INFO - 📈 已处理000823 超声电子 
2025-08-23 08:54:35,612 - INFO - 📈 已处理000825 太钢不锈 
2025-08-23 08:54:36,255 - INFO - 📈 已处理000826 启迪环境 
2025-08-23 08:54:37,509 - INFO - 📈 已处理000828 东莞控股 
2025-08-23 08:54:38,145 - INFO - 📈 已处理000829 天音控股 
2025-08-23 08:54:39,732 - INFO - 📈 已处理000830 鲁西化工 
2025-08-23 08:54:40,372 - INFO - 📈 已处理000831 中国稀土 
2025-08-23 08:54:41,639 - INFO - 📈 已处理000833 粤桂股份 
2025-08-23 08:54:43,520 - INFO - 📈 已处理000837 秦川机床 
2025-08-23 08:54:44,150 - INFO - 📈 已处理000838 财信发展 
2025-08-23 08:54:44,793 - INFO - 📈 已处理000839 国安股份 
2025-08-23 08:54:45,416 - INFO - 📈 已处理000848 承德露露 
2025-08-23 08:54:46,049 - INFO - 📈 已处理000850 华茂股份 
2025-08-23 08:54:46,681 - INFO - 📈 已处理000851 *ST高鸿 
2025-08-23 08:54:47,316 - INFO - 📈 已处理000852 石化机械 
2025-08-23 08:54:47,952 - INFO - 📈 已处理000856 冀东装备 
2025-08-23 08:54:48,585 - INFO - 📈 已处理000858 五粮液 
2025-08-23 08:54:49,221 - INFO - 📈 已处理000859 国风新材 
2025-08-23 08:54:49,856 - INFO - 📈 已处理000860 顺鑫农业 
2025-08-23 08:54:51,101 - INFO - 📈 已处理000862 银星能源 
2025-08-23 08:54:51,738 - INFO - 📈 已处理000863 三湘印象 
2025-08-23 08:54:53,009 - INFO - 📈 已处理000868 安凯客车 
2025-08-23 08:54:53,641 - INFO - 📈 已处理000869 张裕Ａ 
2025-08-23 08:54:54,283 - INFO - 📈 已处理000875 吉电股份 
2025-08-23 08:54:54,914 - INFO - 📈 已处理000876 新希望 
2025-08-23 08:54:55,560 - INFO - 📈 已处理000877 天山股份 
2025-08-23 08:54:56,182 - INFO - 📈 已处理000878 云南铜业 
2025-08-23 08:54:56,810 - INFO - 📈 已处理000880 潍柴重机 
2025-08-23 08:54:57,446 - INFO - 📈 已处理000881 中广核技 
2025-08-23 08:54:58,070 - INFO - 📈 已处理000882 华联股份 
2025-08-23 08:54:58,707 - INFO - 📈 已处理000883 湖北能源 
2025-08-23 08:54:59,434 - INFO - 📈 已处理000885 城发环境 
2025-08-23 08:55:00,059 - INFO - 📈 已处理000886 海南高速 
2025-08-23 08:55:00,707 - INFO - 📈 已处理000887 中鼎股份 
2025-08-23 08:55:01,324 - INFO - 📈 已处理000888 峨眉山Ａ 
2025-08-23 08:55:01,961 - INFO - 📈 已处理000889 中嘉博创 
2025-08-23 08:55:02,601 - INFO - 📈 已处理000890 法尔胜 
2025-08-23 08:55:03,251 - INFO - 📈 已处理000892 欢瑞世纪 
2025-08-23 08:55:03,899 - INFO - 📈 已处理000893 亚钾国际 
2025-08-23 08:55:04,535 - INFO - 📈 已处理000895 双汇发展 
2025-08-23 08:55:05,180 - INFO - 📈 已处理000897 津滨发展 
2025-08-23 08:55:05,815 - INFO - 📈 已处理000898 鞍钢股份 
2025-08-23 08:55:06,441 - INFO - 📈 已处理000899 赣能股份 
2025-08-23 08:55:07,076 - INFO - 📈 已处理000900 现代投资 
2025-08-23 08:55:07,722 - INFO - 📈 已处理000901 航天科技 
2025-08-23 08:55:08,360 - INFO - 📈 已处理000902 新洋丰 
2025-08-23 08:55:08,995 - INFO - 📈 已处理000903 ST云动 
2025-08-23 08:55:09,630 - INFO - 📈 已处理000905 厦门港务 
2025-08-23 08:55:10,287 - INFO - 📈 已处理000906 浙商中拓 
2025-08-23 08:55:10,921 - INFO - 📈 已处理000908 ST景峰 
2025-08-23 08:55:11,555 - INFO - 📈 已处理000909 ST数源 
2025-08-23 08:55:12,185 - INFO - 📈 已处理000910 大亚圣象 
2025-08-23 08:55:12,819 - INFO - 📈 已处理000911 广农糖业 
2025-08-23 08:55:13,450 - INFO - 📈 已处理000912 泸天化 
2025-08-23 08:55:14,082 - INFO - 📈 已处理000913 钱江摩托 
2025-08-23 08:55:14,706 - INFO - 📈 已处理000915 华特达因 
2025-08-23 08:55:15,970 - INFO - 📈 已处理000917 电广传媒 
2025-08-23 08:55:17,217 - INFO - 📈 已处理000919 金陵药业 
2025-08-23 08:55:17,850 - INFO - 📈 已处理000920 沃顿科技 
2025-08-23 08:55:18,486 - INFO - 📈 已处理000921 海信家电 
2025-08-23 08:55:19,123 - INFO - 📈 已处理000922 佳电股份 
2025-08-23 08:55:19,763 - INFO - 📈 已处理000923 河钢资源 
2025-08-23 08:55:20,407 - INFO - 📈 已处理000925 众合科技 
2025-08-23 08:55:21,047 - INFO - 📈 已处理000926 福星股份 
2025-08-23 08:55:21,692 - INFO - 📈 已处理000927 中国铁物 
2025-08-23 08:55:22,315 - INFO - 📈 已处理000928 中钢国际 
2025-08-23 08:55:22,319 - INFO - 📈 已处理 450/5740 只股票，成功 369 只
2025-08-23 08:55:22,937 - INFO - 📈 已处理000929 *ST兰黄 
2025-08-23 08:55:23,562 - INFO - 📈 已处理000930 中粮科技 
2025-08-23 08:55:24,195 - INFO - 📈 已处理000931 中关村 
2025-08-23 08:55:24,815 - INFO - 📈 已处理000932 华菱钢铁 
2025-08-23 08:55:25,441 - INFO - 📈 已处理000933 神火股份 
2025-08-23 08:55:26,080 - INFO - 📈 已处理000935 四川双马 
2025-08-23 08:55:26,713 - INFO - 📈 已处理000936 华西股份 
2025-08-23 08:55:27,343 - INFO - 📈 已处理000937 冀中能源 
2025-08-23 08:55:27,981 - INFO - 📈 已处理000938 紫光股份 
2025-08-23 08:55:29,225 - INFO - 📈 已处理000948 南天信息 
2025-08-23 08:55:29,854 - INFO - 📈 已处理000949 新乡化纤 
2025-08-23 08:55:30,486 - INFO - 📈 已处理000950 重药控股 
2025-08-23 08:55:31,132 - INFO - 📈 已处理000951 中国重汽 
2025-08-23 08:55:31,760 - INFO - 📈 已处理000952 广济药业 
2025-08-23 08:55:32,404 - INFO - 📈 已处理000953 河化股份 
2025-08-23 08:55:33,026 - INFO - 📈 已处理000955 欣龙控股 
2025-08-23 08:55:34,279 - INFO - 📈 已处理000957 中通客车 
2025-08-23 08:55:34,917 - INFO - 📈 已处理000958 电投产融 
2025-08-23 08:55:35,553 - INFO - 📈 已处理000959 首钢股份 
2025-08-23 08:55:36,187 - INFO - 📈 已处理000960 锡业股份 
2025-08-23 08:55:37,431 - INFO - 📈 已处理000962 东方钽业 
2025-08-23 08:55:38,073 - INFO - 📈 已处理000963 华东医药 
2025-08-23 08:55:38,715 - INFO - 📈 已处理000965 天保基建 
2025-08-23 08:55:39,350 - INFO - 📈 已处理000966 长源电力 
2025-08-23 08:55:39,999 - INFO - 📈 已处理000967 盈峰环境 
2025-08-23 08:55:40,639 - INFO - 📈 已处理000968 蓝焰控股 
2025-08-23 08:55:41,269 - INFO - 📈 已处理000969 安泰科技 
2025-08-23 08:55:41,901 - INFO - 📈 已处理000970 中科三环 
2025-08-23 08:55:43,151 - INFO - 📈 已处理000972 *ST中基 
2025-08-23 08:55:43,781 - INFO - 📈 已处理000973 佛塑科技 
2025-08-23 08:55:44,416 - INFO - 📈 已处理000975 山金国际 
2025-08-23 08:55:45,684 - INFO - 📈 已处理000977 浪潮信息 
2025-08-23 08:55:46,314 - INFO - 📈 已处理000978 桂林旅游 
2025-08-23 08:55:47,577 - INFO - 📈 已处理000980 众泰汽车 
2025-08-23 08:55:48,216 - INFO - 📈 已处理000981 山子高科 
2025-08-23 08:55:49,463 - INFO - 📈 已处理000983 山西焦煤 
2025-08-23 08:55:50,106 - INFO - 📈 已处理000985 大庆华科 
2025-08-23 08:55:50,735 - INFO - 📈 已处理000987 越秀资本 
2025-08-23 08:55:51,372 - INFO - 📈 已处理000988 华工科技 
2025-08-23 08:55:51,999 - INFO - 📈 已处理000989 九芝堂 
2025-08-23 08:55:52,640 - INFO - 📈 已处理000990 诚志股份 
2025-08-23 08:55:53,275 - INFO - 📈 已处理000993 闽东电力 
2025-08-23 08:55:53,909 - INFO - 📈 已处理000995 皇台酒业 
2025-08-23 08:55:53,909 - INFO - 📈 已处理 500/5740 只股票，成功 412 只
2025-08-23 08:55:55,179 - INFO - 📈 已处理000997 新大陆 
2025-08-23 08:55:55,823 - INFO - 📈 已处理000998 隆平高科 
2025-08-23 08:55:56,456 - INFO - 📈 已处理000999 华润三九 
2025-08-23 08:55:57,094 - INFO - 📈 已处理001201 东瑞股份 
2025-08-23 08:55:57,749 - INFO - 📈 已处理001202 炬申股份 
2025-08-23 08:55:58,395 - INFO - 📈 已处理001203 大中矿业 
2025-08-23 08:55:59,029 - INFO - 📈 已处理001205 盛航股份 
2025-08-23 08:55:59,654 - INFO - 📈 已处理001206 依依股份 
2025-08-23 08:56:00,292 - INFO - 📈 已处理001207 联科科技 
2025-08-23 08:56:00,931 - INFO - 📈 已处理001208 华菱线缆 
2025-08-23 08:56:01,565 - INFO - 📈 已处理001209 洪兴股份 
2025-08-23 08:56:02,208 - INFO - 📈 已处理001210 金房能源 
2025-08-23 08:56:02,842 - INFO - 📈 已处理001211 双枪科技 
2025-08-23 08:56:03,479 - INFO - 📈 已处理001212 中旗新材 
2025-08-23 08:56:04,115 - INFO - 📈 已处理001213 中铁特货 
2025-08-23 08:56:04,735 - WARNING - ⚠️ 001215 千味央厨 K线更新失败: ('Connection aborted.', RemoteDisconnected('Remote end closed connection without response'))
2025-08-23 08:56:05,350 - WARNING - ⚠️ 001216 华瓷股份 K线更新失败: ('Connection aborted.', RemoteDisconnected('Remote end closed connection without response'))
2025-08-23 08:56:05,968 - WARNING - ⚠️ 001217 华尔泰 K线更新失败: ('Connection aborted.', RemoteDisconnected('Remote end closed connection without response'))
2025-08-23 08:56:06,584 - WARNING - ⚠️ 001218 丽臣实业 K线更新失败: ('Connection aborted.', RemoteDisconnected('Remote end closed connection without response'))
2025-08-23 08:56:07,207 - WARNING - ⚠️ 001219 青岛食品 K线更新失败: ('Connection aborted.', RemoteDisconnected('Remote end closed connection without response'))
2025-08-23 08:56:07,819 - WARNING - ⚠️ 001221 悍高集团 K线更新失败: ('Connection aborted.', RemoteDisconnected('Remote end closed connection without response'))
2025-08-23 08:56:08,442 - WARNING - ⚠️ 001222 源飞宠物 K线更新失败: ('Connection aborted.', RemoteDisconnected('Remote end closed connection without response'))
2025-08-23 08:56:09,053 - WARNING - ⚠️ 001223 欧克科技 K线更新失败: ('Connection aborted.', RemoteDisconnected('Remote end closed connection without response'))
2025-08-23 08:56:09,673 - WARNING - ⚠️ 001225 和泰机电 K线更新失败: ('Connection aborted.', RemoteDisconnected('Remote end closed connection without response'))
2025-08-23 08:56:10,295 - WARNING - ⚠️ 001226 拓山重工 K线更新失败: ('Connection aborted.', RemoteDisconnected('Remote end closed connection without response'))
2025-08-23 08:56:10,906 - WARNING - ⚠️ 001227 兰州银行 K线更新失败: ('Connection aborted.', RemoteDisconnected('Remote end closed connection without response'))
2025-08-23 08:56:11,513 - WARNING - ⚠️ 001228 永泰运 K线更新失败: ('Connection aborted.', RemoteDisconnected('Remote end closed connection without response'))
2025-08-23 08:56:12,133 - WARNING - ⚠️ 001229 魅视科技 K线更新失败: ('Connection aborted.', RemoteDisconnected('Remote end closed connection without response'))
2025-08-23 08:56:12,764 - WARNING - ⚠️ 001230 劲旅环境 K线更新失败: ('Connection aborted.', RemoteDisconnected('Remote end closed connection without response'))
2025-08-23 08:56:13,418 - WARNING - ⚠️ 001231 农心科技 K线更新失败: ('Connection aborted.', RemoteDisconnected('Remote end closed connection without response'))
2025-08-23 08:56:14,036 - WARNING - ⚠️ 001234 泰慕士 K线更新失败: ('Connection aborted.', RemoteDisconnected('Remote end closed connection without response'))
2025-08-23 08:56:14,644 - WARNING - ⚠️ 001236 弘业期货 K线更新失败: ('Connection aborted.', RemoteDisconnected('Remote end closed connection without response'))
2025-08-23 08:56:15,277 - WARNING - ⚠️ 001238 浙江正特 K线更新失败: ('Connection aborted.', RemoteDisconnected('Remote end closed connection without response'))
2025-08-23 08:56:15,891 - WARNING - ⚠️ 001239 永达股份 K线更新失败: ('Connection aborted.', RemoteDisconnected('Remote end closed connection without response'))
2025-08-23 08:56:16,505 - WARNING - ⚠️ 001255 博菲电气 K线更新失败: ('Connection aborted.', RemoteDisconnected('Remote end closed connection without response'))
2025-08-23 08:56:17,125 - WARNING - ⚠️ 001256 炜冈科技 K线更新失败: ('Connection aborted.', RemoteDisconnected('Remote end closed connection without response'))
2025-08-23 08:56:17,753 - WARNING - ⚠️ 001258 立新能源 K线更新失败: ('Connection aborted.', RemoteDisconnected('Remote end closed connection without response'))
2025-08-23 08:56:18,369 - WARNING - ⚠️ 001259 利仁科技 K线更新失败: ('Connection aborted.', RemoteDisconnected('Remote end closed connection without response'))
2025-08-23 08:56:18,997 - WARNING - ⚠️ 001260 坤泰股份 K线更新失败: ('Connection aborted.', RemoteDisconnected('Remote end closed connection without response'))
2025-08-23 08:56:19,617 - WARNING - ⚠️ 001266 宏英智能 K线更新失败: ('Connection aborted.', RemoteDisconnected('Remote end closed connection without response'))
2025-08-23 08:56:20,249 - WARNING - ⚠️ 001267 汇绿生态 K线更新失败: ('Connection aborted.', RemoteDisconnected('Remote end closed connection without response'))
2025-08-23 08:56:20,857 - WARNING - ⚠️ 001268 联合精密 K线更新失败: ('Connection aborted.', RemoteDisconnected('Remote end closed connection without response'))
2025-08-23 08:56:21,474 - WARNING - ⚠️ 001269 欧晶科技 K线更新失败: ('Connection aborted.', RemoteDisconnected('Remote end closed connection without response'))
2025-08-23 08:56:22,088 - WARNING - ⚠️ 001270 *ST铖昌 K线更新失败: ('Connection aborted.', RemoteDisconnected('Remote end closed connection without response'))
2025-08-23 08:56:22,701 - WARNING - ⚠️ 001277 速达股份 K线更新失败: ('Connection aborted.', RemoteDisconnected('Remote end closed connection without response'))
2025-08-23 08:56:23,332 - WARNING - ⚠️ 001278 一彬科技 K线更新失败: ('Connection aborted.', RemoteDisconnected('Remote end closed connection without response'))
2025-08-23 08:56:23,946 - WARNING - ⚠️ 001279 强邦新材 K线更新失败: ('Connection aborted.', RemoteDisconnected('Remote end closed connection without response'))
2025-08-23 08:56:24,556 - WARNING - ⚠️ 001282 三联锻造 K线更新失败: ('Connection aborted.', RemoteDisconnected('Remote end closed connection without response'))
2025-08-23 08:56:25,186 - WARNING - ⚠️ 001283 豪鹏科技 K线更新失败: ('Connection aborted.', RemoteDisconnected('Remote end closed connection without response'))
2025-08-23 08:56:25,796 - WARNING - ⚠️ 001286 陕西能源 K线更新失败: ('Connection aborted.', RemoteDisconnected('Remote end closed connection without response'))
2025-08-23 08:56:26,421 - WARNING - ⚠️ 001287 中电港 K线更新失败: ('Connection aborted.', RemoteDisconnected('Remote end closed connection without response'))
2025-08-23 08:56:27,027 - WARNING - ⚠️ 001288 运机集团 K线更新失败: ('Connection aborted.', RemoteDisconnected('Remote end closed connection without response'))
2025-08-23 08:56:27,641 - WARNING - ⚠️ 001289 龙源电力 K线更新失败: ('Connection aborted.', RemoteDisconnected('Remote end closed connection without response'))
2025-08-23 08:56:28,254 - WARNING - ⚠️ 001296 长江材料 K线更新失败: ('Connection aborted.', RemoteDisconnected('Remote end closed connection without response'))
2025-08-23 08:56:28,865 - WARNING - ⚠️ 001298 好上好 K线更新失败: ('Connection aborted.', RemoteDisconnected('Remote end closed connection without response'))
2025-08-23 08:56:29,481 - WARNING - ⚠️ 001299 美能能源 K线更新失败: ('Connection aborted.', RemoteDisconnected('Remote end closed connection without response'))
2025-08-23 08:56:30,105 - WARNING - ⚠️ 001300 三柏硕 K线更新失败: ('Connection aborted.', RemoteDisconnected('Remote end closed connection without response'))
2025-08-23 08:56:30,725 - WARNING - ⚠️ 001301 尚太科技 K线更新失败: ('Connection aborted.', RemoteDisconnected('Remote end closed connection without response'))
2025-08-23 08:56:31,344 - WARNING - ⚠️ 001306 夏厦精密 K线更新失败: ('Connection aborted.', RemoteDisconnected('Remote end closed connection without response'))
2025-08-23 08:56:31,957 - WARNING - ⚠️ 001308 康冠科技 K线更新失败: ('Connection aborted.', RemoteDisconnected('Remote end closed connection without response'))
2025-08-23 08:56:32,570 - WARNING - ⚠️ 001309 德明利 K线更新失败: ('Connection aborted.', RemoteDisconnected('Remote end closed connection without response'))
2025-08-23 08:56:33,184 - WARNING - ⚠️ 001311 多利科技 K线更新失败: ('Connection aborted.', RemoteDisconnected('Remote end closed connection without response'))
2025-08-23 08:56:33,805 - WARNING - ⚠️ 001313 粤海饲料 K线更新失败: ('Connection aborted.', RemoteDisconnected('Remote end closed connection without response'))
2025-08-23 08:56:34,428 - WARNING - ⚠️ 001314 亿道信息 K线更新失败: ('Connection aborted.', RemoteDisconnected('Remote end closed connection without response'))
2025-08-23 08:56:35,050 - WARNING - ⚠️ 001316 润贝航科 K线更新失败: ('Connection aborted.', RemoteDisconnected('Remote end closed connection without response'))
2025-08-23 08:56:35,672 - WARNING - ⚠️ 001317 三羊马 K线更新失败: ('Connection aborted.', RemoteDisconnected('Remote end closed connection without response'))
2025-08-23 08:56:36,283 - WARNING - ⚠️ 001318 阳光乳业 K线更新失败: ('Connection aborted.', RemoteDisconnected('Remote end closed connection without response'))
2025-08-23 08:56:36,911 - WARNING - ⚠️ 001319 铭科精技 K线更新失败: ('Connection aborted.', RemoteDisconnected('Remote end closed connection without response'))
2025-08-23 08:56:37,526 - WARNING - ⚠️ 001322 箭牌家居 K线更新失败: ('Connection aborted.', RemoteDisconnected('Remote end closed connection without response'))
2025-08-23 08:56:38,148 - WARNING - ⚠️ 001323 慕思股份 K线更新失败: ('Connection aborted.', RemoteDisconnected('Remote end closed connection without response'))
2025-08-23 08:56:38,763 - WARNING - ⚠️ 001324 长青科技 K线更新失败: ('Connection aborted.', RemoteDisconnected('Remote end closed connection without response'))
2025-08-23 08:56:39,383 - WARNING - ⚠️ 001326 联域股份 K线更新失败: ('Connection aborted.', RemoteDisconnected('Remote end closed connection without response'))
2025-08-23 08:56:40,008 - WARNING - ⚠️ 001328 登康口腔 K线更新失败: ('Connection aborted.', RemoteDisconnected('Remote end closed connection without response'))
2025-08-23 08:56:40,622 - WARNING - ⚠️ 001330 博纳影业 K线更新失败: ('Connection aborted.', RemoteDisconnected('Remote end closed connection without response'))
2025-08-23 08:56:41,234 - WARNING - ⚠️ 001331 胜通能源 K线更新失败: ('Connection aborted.', RemoteDisconnected('Remote end closed connection without response'))
2025-08-23 08:56:41,866 - WARNING - ⚠️ 001332 锡装股份 K线更新失败: ('Connection aborted.', RemoteDisconnected('Remote end closed connection without response'))
2025-08-23 08:56:42,475 - WARNING - ⚠️ 001333 光华股份 K线更新失败: ('Connection aborted.', RemoteDisconnected('Remote end closed connection without response'))
2025-08-23 08:56:43,093 - WARNING - ⚠️ 001335 信凯科技 K线更新失败: ('Connection aborted.', RemoteDisconnected('Remote end closed connection without response'))
2025-08-23 08:56:43,719 - WARNING - ⚠️ 001336 楚环科技 K线更新失败: ('Connection aborted.', RemoteDisconnected('Remote end closed connection without response'))
2025-08-23 08:56:44,340 - WARNING - ⚠️ 001337 四川黄金 K线更新失败: ('Connection aborted.', RemoteDisconnected('Remote end closed connection without response'))
2025-08-23 08:56:44,958 - WARNING - ⚠️ 001338 永顺泰 K线更新失败: ('Connection aborted.', RemoteDisconnected('Remote end closed connection without response'))
2025-08-23 08:56:45,570 - WARNING - ⚠️ 001339 智微智能 K线更新失败: ('Connection aborted.', RemoteDisconnected('Remote end closed connection without response'))
2025-08-23 08:56:46,193 - WARNING - ⚠️ 001356 富岭股份 K线更新失败: ('Connection aborted.', RemoteDisconnected('Remote end closed connection without response'))
2025-08-23 08:56:46,816 - WARNING - ⚠️ 001358 兴欣新材 K线更新失败: ('Connection aborted.', RemoteDisconnected('Remote end closed connection without response'))
2025-08-23 08:56:47,426 - WARNING - ⚠️ 001359 平安电工 K线更新失败: ('Connection aborted.', RemoteDisconnected('Remote end closed connection without response'))
2025-08-23 08:56:48,048 - WARNING - ⚠️ 001360 南矿集团 K线更新失败: ('Connection aborted.', RemoteDisconnected('Remote end closed connection without response'))
2025-08-23 08:56:48,673 - WARNING - ⚠️ 001366 播恩集团 K线更新失败: ('Connection aborted.', RemoteDisconnected('Remote end closed connection without response'))
2025-08-23 08:56:49,286 - WARNING - ⚠️ 001367 海森药业 K线更新失败: ('Connection aborted.', RemoteDisconnected('Remote end closed connection without response'))
2025-08-23 08:56:49,900 - WARNING - ⚠️ 001368 通达创智 K线更新失败: ('Connection aborted.', RemoteDisconnected('Remote end closed connection without response'))
2025-08-23 08:56:50,532 - WARNING - ⚠️ 001373 翔腾新材 K线更新失败: ('Connection aborted.', RemoteDisconnected('Remote end closed connection without response'))
2025-08-23 08:56:51,158 - WARNING - ⚠️ 001376 百通能源 K线更新失败: ('Connection aborted.', RemoteDisconnected('Remote end closed connection without response'))
2025-08-23 08:56:51,773 - WARNING - ⚠️ 001378 德冠新材 K线更新失败: ('Connection aborted.', RemoteDisconnected('Remote end closed connection without response'))
2025-08-23 08:56:52,382 - WARNING - ⚠️ 001379 腾达科技 K线更新失败: ('Connection aborted.', RemoteDisconnected('Remote end closed connection without response'))
2025-08-23 08:56:52,995 - WARNING - ⚠️ 001380 华纬科技 K线更新失败: ('Connection aborted.', RemoteDisconnected('Remote end closed connection without response'))
2025-08-23 08:56:53,612 - WARNING - ⚠️ 001382 新亚电缆 K线更新失败: ('Connection aborted.', RemoteDisconnected('Remote end closed connection without response'))
2025-08-23 08:56:54,233 - WARNING - ⚠️ 001387 雪祺电气 K线更新失败: ('Connection aborted.', RemoteDisconnected('Remote end closed connection without response'))
2025-08-23 08:56:54,850 - WARNING - ⚠️ 001388 信通电子 K线更新失败: ('Connection aborted.', RemoteDisconnected('Remote end closed connection without response'))
2025-08-23 08:56:55,464 - WARNING - ⚠️ 001389 广合科技 K线更新失败: ('Connection aborted.', RemoteDisconnected('Remote end closed connection without response'))
2025-08-23 08:56:56,083 - WARNING - ⚠️ 001390 古麒绒材 K线更新失败: ('Connection aborted.', RemoteDisconnected('Remote end closed connection without response'))
2025-08-23 08:56:56,696 - WARNING - ⚠️ 001391 国货航 K线更新失败: ('Connection aborted.', RemoteDisconnected('Remote end closed connection without response'))
2025-08-23 08:56:57,323 - WARNING - ⚠️ 001395 亚联机械 K线更新失败: ('Connection aborted.', RemoteDisconnected('Remote end closed connection without response'))
2025-08-23 08:56:57,943 - WARNING - ⚠️ 001400 江顺科技 K线更新失败: ('Connection aborted.', RemoteDisconnected('Remote end closed connection without response'))
2025-08-23 08:56:58,581 - WARNING - ⚠️ 001696 宗申动力 K线更新失败: ('Connection aborted.', RemoteDisconnected('Remote end closed connection without response'))
2025-08-23 08:56:59,187 - WARNING - ⚠️ 001872 招商港口 K线更新失败: ('Connection aborted.', RemoteDisconnected('Remote end closed connection without response'))
2025-08-23 08:56:59,811 - WARNING - ⚠️ 001896 豫能控股 K线更新失败: ('Connection aborted.', RemoteDisconnected('Remote end closed connection without response'))
2025-08-23 08:57:00,438 - WARNING - ⚠️ 001914 招商积余 K线更新失败: ('Connection aborted.', RemoteDisconnected('Remote end closed connection without response'))
2025-08-23 08:57:01,064 - WARNING - ⚠️ 001965 招商公路 K线更新失败: ('Connection aborted.', RemoteDisconnected('Remote end closed connection without response'))
2025-08-23 08:57:01,690 - WARNING - ⚠️ 001979 招商蛇口 K线更新失败: ('Connection aborted.', RemoteDisconnected('Remote end closed connection without response'))
2025-08-23 08:57:02,307 - WARNING - ⚠️ 002001 新和成 K线更新失败: ('Connection aborted.', RemoteDisconnected('Remote end closed connection without response'))
2025-08-23 08:57:02,924 - WARNING - ⚠️ 002002 ST鸿达 K线更新失败: ('Connection aborted.', RemoteDisconnected('Remote end closed connection without response'))
2025-08-23 08:57:03,540 - WARNING - ⚠️ 002003 伟星股份 K线更新失败: ('Connection aborted.', RemoteDisconnected('Remote end closed connection without response'))
2025-08-23 08:57:04,150 - WARNING - ⚠️ 002004 华邦健康 K线更新失败: ('Connection aborted.', RemoteDisconnected('Remote end closed connection without response'))
2025-08-23 08:57:04,766 - WARNING - ⚠️ 002005 ST德豪 K线更新失败: ('Connection aborted.', RemoteDisconnected('Remote end closed connection without response'))
2025-08-23 08:57:05,391 - WARNING - ⚠️ 002006 精工科技 K线更新失败: ('Connection aborted.', RemoteDisconnected('Remote end closed connection without response'))
2025-08-23 08:57:06,000 - WARNING - ⚠️ 002007 华兰生物 K线更新失败: ('Connection aborted.', RemoteDisconnected('Remote end closed connection without response'))
2025-08-23 08:57:06,606 - WARNING - ⚠️ 002008 大族激光 K线更新失败: ('Connection aborted.', RemoteDisconnected('Remote end closed connection without response'))
2025-08-23 08:57:07,239 - WARNING - ⚠️ 002009 天奇股份 K线更新失败: ('Connection aborted.', RemoteDisconnected('Remote end closed connection without response'))
2025-08-23 08:57:07,849 - WARNING - ⚠️ 002010 传化智联 K线更新失败: ('Connection aborted.', RemoteDisconnected('Remote end closed connection without response'))
2025-08-23 08:57:08,471 - WARNING - ⚠️ 002011 盾安环境 K线更新失败: ('Connection aborted.', RemoteDisconnected('Remote end closed connection without response'))
2025-08-23 08:57:09,086 - WARNING - ⚠️ 002012 凯恩股份 K线更新失败: ('Connection aborted.', RemoteDisconnected('Remote end closed connection without response'))
2025-08-23 08:57:09,711 - WARNING - ⚠️ 002013 中航机电 K线更新失败: ('Connection aborted.', RemoteDisconnected('Remote end closed connection without response'))
2025-08-23 08:57:10,325 - WARNING - ⚠️ 002014 永新股份 K线更新失败: ('Connection aborted.', RemoteDisconnected('Remote end closed connection without response'))
2025-08-23 08:57:10,933 - WARNING - ⚠️ 002015 协鑫能科 K线更新失败: ('Connection aborted.', RemoteDisconnected('Remote end closed connection without response'))
2025-08-23 08:57:11,557 - WARNING - ⚠️ 002016 世荣兆业 K线更新失败: ('Connection aborted.', RemoteDisconnected('Remote end closed connection without response'))
2025-08-23 08:57:12,173 - WARNING - ⚠️ 002017 东信和平 K线更新失败: ('Connection aborted.', RemoteDisconnected('Remote end closed connection without response'))
2025-08-23 08:57:12,791 - WARNING - ⚠️ 002018 华信退 K线更新失败: ('Connection aborted.', RemoteDisconnected('Remote end closed connection without response'))
2025-08-23 08:57:13,398 - WARNING - ⚠️ 002019 亿帆医药 K线更新失败: ('Connection aborted.', RemoteDisconnected('Remote end closed connection without response'))
2025-08-23 08:57:14,014 - WARNING - ⚠️ 002020 京新药业 K线更新失败: ('Connection aborted.', RemoteDisconnected('Remote end closed connection without response'))
2025-08-23 08:57:14,639 - WARNING - ⚠️ 002021 中捷资源 K线更新失败: ('Connection aborted.', RemoteDisconnected('Remote end closed connection without response'))
2025-08-23 08:57:15,248 - WARNING - ⚠️ 002022 科华生物 K线更新失败: ('Connection aborted.', RemoteDisconnected('Remote end closed connection without response'))
2025-08-23 08:57:15,890 - WARNING - ⚠️ 002023 海特高新 K线更新失败: ('Connection aborted.', RemoteDisconnected('Remote end closed connection without response'))
2025-08-23 08:57:16,520 - WARNING - ⚠️ 002024 ST易购 K线更新失败: ('Connection aborted.', RemoteDisconnected('Remote end closed connection without response'))
2025-08-23 08:57:17,129 - WARNING - ⚠️ 002025 航天电器 K线更新失败: ('Connection aborted.', RemoteDisconnected('Remote end closed connection without response'))
2025-08-23 08:57:17,749 - WARNING - ⚠️ 002026 山东威达 K线更新失败: ('Connection aborted.', RemoteDisconnected('Remote end closed connection without response'))
2025-08-23 08:57:18,362 - WARNING - ⚠️ 002027 分众传媒 K线更新失败: ('Connection aborted.', RemoteDisconnected('Remote end closed connection without response'))
2025-08-23 08:57:18,977 - WARNING - ⚠️ 002028 思源电气 K线更新失败: ('Connection aborted.', RemoteDisconnected('Remote end closed connection without response'))
2025-08-23 08:57:19,600 - WARNING - ⚠️ 002029 七匹狼 K线更新失败: ('Connection aborted.', RemoteDisconnected('Remote end closed connection without response'))
2025-08-23 08:57:20,222 - WARNING - ⚠️ 002030 达安基因 K线更新失败: ('Connection aborted.', RemoteDisconnected('Remote end closed connection without response'))
2025-08-23 08:57:20,847 - WARNING - ⚠️ 002031 巨轮智能 K线更新失败: ('Connection aborted.', RemoteDisconnected('Remote end closed connection without response'))
2025-08-23 08:57:21,472 - WARNING - ⚠️ 002032 苏泊尔 K线更新失败: ('Connection aborted.', RemoteDisconnected('Remote end closed connection without response'))
2025-08-23 08:57:22,099 - WARNING - ⚠️ 002033 丽江股份 K线更新失败: ('Connection aborted.', RemoteDisconnected('Remote end closed connection without response'))
2025-08-23 08:57:22,721 - WARNING - ⚠️ 002034 旺能环境 K线更新失败: ('Connection aborted.', RemoteDisconnected('Remote end closed connection without response'))
2025-08-23 08:57:23,332 - WARNING - ⚠️ 002035 华帝股份 K线更新失败: ('Connection aborted.', RemoteDisconnected('Remote end closed connection without response'))
2025-08-23 08:57:23,950 - WARNING - ⚠️ 002036 联创电子 K线更新失败: ('Connection aborted.', RemoteDisconnected('Remote end closed connection without response'))
2025-08-23 08:57:24,564 - WARNING - ⚠️ 002037 保利联合 K线更新失败: ('Connection aborted.', RemoteDisconnected('Remote end closed connection without response'))
2025-08-23 08:57:25,190 - WARNING - ⚠️ 002038 双鹭药业 K线更新失败: ('Connection aborted.', RemoteDisconnected('Remote end closed connection without response'))
2025-08-23 08:57:25,806 - WARNING - ⚠️ 002039 黔源电力 K线更新失败: ('Connection aborted.', RemoteDisconnected('Remote end closed connection without response'))
2025-08-23 08:57:26,423 - WARNING - ⚠️ 002040 南京港 K线更新失败: ('Connection aborted.', RemoteDisconnected('Remote end closed connection without response'))
2025-08-23 08:57:27,033 - WARNING - ⚠️ 002041 登海种业 K线更新失败: ('Connection aborted.', RemoteDisconnected('Remote end closed connection without response'))
2025-08-23 08:57:27,652 - WARNING - ⚠️ 002042 华孚时尚 K线更新失败: ('Connection aborted.', RemoteDisconnected('Remote end closed connection without response'))
2025-08-23 08:57:28,276 - WARNING - ⚠️ 002043 兔宝宝 K线更新失败: ('Connection aborted.', RemoteDisconnected('Remote end closed connection without response'))
2025-08-23 08:57:28,898 - WARNING - ⚠️ 002044 美年健康 K线更新失败: ('Connection aborted.', RemoteDisconnected('Remote end closed connection without response'))
2025-08-23 08:57:29,508 - WARNING - ⚠️ 002045 国光电器 K线更新失败: ('Connection aborted.', RemoteDisconnected('Remote end closed connection without response'))
2025-08-23 08:57:30,131 - WARNING - ⚠️ 002046 国机精工 K线更新失败: ('Connection aborted.', RemoteDisconnected('Remote end closed connection without response'))
2025-08-23 08:57:30,749 - WARNING - ⚠️ 002047 *ST宝鹰 K线更新失败: ('Connection aborted.', RemoteDisconnected('Remote end closed connection without response'))
2025-08-23 08:57:31,364 - WARNING - ⚠️ 002048 宁波华翔 K线更新失败: ('Connection aborted.', RemoteDisconnected('Remote end closed connection without response'))
2025-08-23 08:57:31,980 - WARNING - ⚠️ 002049 紫光国微 K线更新失败: ('Connection aborted.', RemoteDisconnected('Remote end closed connection without response'))
2025-08-23 08:57:32,604 - WARNING - ⚠️ 002050 三花智控 K线更新失败: ('Connection aborted.', RemoteDisconnected('Remote end closed connection without response'))
2025-08-23 08:57:33,218 - WARNING - ⚠️ 002051 中工国际 K线更新失败: ('Connection aborted.', RemoteDisconnected('Remote end closed connection without response'))
2025-08-23 08:57:33,828 - WARNING - ⚠️ 002052 同洲电子 K线更新失败: ('Connection aborted.', RemoteDisconnected('Remote end closed connection without response'))
2025-08-23 08:57:34,445 - WARNING - ⚠️ 002053 云南能投 K线更新失败: ('Connection aborted.', RemoteDisconnected('Remote end closed connection without response'))
2025-08-23 08:57:35,058 - WARNING - ⚠️ 002054 德美化工 K线更新失败: ('Connection aborted.', RemoteDisconnected('Remote end closed connection without response'))
2025-08-23 08:57:35,671 - WARNING - ⚠️ 002055 得润电子 K线更新失败: ('Connection aborted.', RemoteDisconnected('Remote end closed connection without response'))
2025-08-23 08:57:36,299 - WARNING - ⚠️ 002056 横店东磁 K线更新失败: ('Connection aborted.', RemoteDisconnected('Remote end closed connection without response'))
2025-08-23 08:57:36,918 - WARNING - ⚠️ 002057 中钢天源 K线更新失败: ('Connection aborted.', RemoteDisconnected('Remote end closed connection without response'))
2025-08-23 08:57:37,533 - WARNING - ⚠️ 002058 *ST威尔 K线更新失败: ('Connection aborted.', RemoteDisconnected('Remote end closed connection without response'))
2025-08-23 08:57:38,135 - WARNING - ⚠️ 002059 云南旅游 K线更新失败: ('Connection aborted.', RemoteDisconnected('Remote end closed connection without response'))
2025-08-23 08:57:38,760 - WARNING - ⚠️ 002060 广东建工 K线更新失败: ('Connection aborted.', RemoteDisconnected('Remote end closed connection without response'))
2025-08-23 08:57:39,374 - WARNING - ⚠️ 002061 浙江交科 K线更新失败: ('Connection aborted.', RemoteDisconnected('Remote end closed connection without response'))
2025-08-23 08:57:39,990 - WARNING - ⚠️ 002062 宏润建设 K线更新失败: ('Connection aborted.', RemoteDisconnected('Remote end closed connection without response'))
2025-08-23 08:57:40,610 - WARNING - ⚠️ 002063 远光软件 K线更新失败: ('Connection aborted.', RemoteDisconnected('Remote end closed connection without response'))
2025-08-23 08:57:41,221 - WARNING - ⚠️ 002064 华峰化学 K线更新失败: ('Connection aborted.', RemoteDisconnected('Remote end closed connection without response'))
2025-08-23 08:57:41,833 - WARNING - ⚠️ 002065 东华软件 K线更新失败: ('Connection aborted.', RemoteDisconnected('Remote end closed connection without response'))
2025-08-23 08:57:42,450 - WARNING - ⚠️ 002066 瑞泰科技 K线更新失败: ('Connection aborted.', RemoteDisconnected('Remote end closed connection without response'))
2025-08-23 08:57:43,067 - WARNING - ⚠️ 002067 景兴纸业 K线更新失败: ('Connection aborted.', RemoteDisconnected('Remote end closed connection without response'))
2025-08-23 08:57:43,673 - WARNING - ⚠️ 002068 黑猫股份 K线更新失败: ('Connection aborted.', RemoteDisconnected('Remote end closed connection without response'))
2025-08-23 08:57:44,299 - WARNING - ⚠️ 002069 獐子岛 K线更新失败: ('Connection aborted.', RemoteDisconnected('Remote end closed connection without response'))
2025-08-23 08:57:44,906 - WARNING - ⚠️ 002070 众和退 K线更新失败: ('Connection aborted.', RemoteDisconnected('Remote end closed connection without response'))
2025-08-23 08:57:45,507 - WARNING - ⚠️ 002071 长城退 K线更新失败: ('Connection aborted.', RemoteDisconnected('Remote end closed connection without response'))
2025-08-23 08:57:46,104 - WARNING - ⚠️ 002072 凯瑞德 K线更新失败: ('Connection aborted.', RemoteDisconnected('Remote end closed connection without response'))
2025-08-23 08:57:46,727 - WARNING - ⚠️ 002073 软控股份 K线更新失败: ('Connection aborted.', RemoteDisconnected('Remote end closed connection without response'))
2025-08-23 08:57:47,341 - WARNING - ⚠️ 002074 国轩高科 K线更新失败: ('Connection aborted.', RemoteDisconnected('Remote end closed connection without response'))
2025-08-23 08:57:47,964 - WARNING - ⚠️ 002075 沙钢股份 K线更新失败: ('Connection aborted.', RemoteDisconnected('Remote end closed connection without response'))
2025-08-23 08:57:48,562 - WARNING - ⚠️ 002076 *ST星光 K线更新失败: ('Connection aborted.', RemoteDisconnected('Remote end closed connection without response'))
2025-08-23 08:57:49,196 - WARNING - ⚠️ 002077 大港股份 K线更新失败: ('Connection aborted.', RemoteDisconnected('Remote end closed connection without response'))
2025-08-23 08:57:49,811 - WARNING - ⚠️ 002078 太阳纸业 K线更新失败: ('Connection aborted.', RemoteDisconnected('Remote end closed connection without response'))
2025-08-23 08:57:50,443 - WARNING - ⚠️ 002079 苏州固锝 K线更新失败: ('Connection aborted.', RemoteDisconnected('Remote end closed connection without response'))
2025-08-23 08:57:51,064 - WARNING - ⚠️ 002080 中材科技 K线更新失败: ('Connection aborted.', RemoteDisconnected('Remote end closed connection without response'))
2025-08-23 08:57:51,680 - WARNING - ⚠️ 002081 金螳螂 K线更新失败: ('Connection aborted.', RemoteDisconnected('Remote end closed connection without response'))
2025-08-23 08:57:52,287 - WARNING - ⚠️ 002082 万邦德 K线更新失败: ('Connection aborted.', RemoteDisconnected('Remote end closed connection without response'))
2025-08-23 08:57:52,894 - WARNING - ⚠️ 002083 孚日股份 K线更新失败: ('Connection aborted.', RemoteDisconnected('Remote end closed connection without response'))
2025-08-23 08:57:53,500 - WARNING - ⚠️ 002084 海鸥住工 K线更新失败: ('Connection aborted.', RemoteDisconnected('Remote end closed connection without response'))
2025-08-23 08:57:54,160 - INFO - 📈 已处理002085 万丰奥威 
2025-08-23 08:57:54,810 - INFO - 📈 已处理002086 东方海洋 
2025-08-23 08:57:55,443 - WARNING - ⚠️ 002087 新纺退 K线更新失败: ('Connection aborted.', RemoteDisconnected('Remote end closed connection without response'))
2025-08-23 08:57:56,068 - WARNING - ⚠️ 002088 鲁阳节能 K线更新失败: ('Connection aborted.', RemoteDisconnected('Remote end closed connection without response'))
2025-08-23 08:57:56,689 - WARNING - ⚠️ 002089 新海退 K线更新失败: ('Connection aborted.', RemoteDisconnected('Remote end closed connection without response'))
2025-08-23 08:57:57,311 - WARNING - ⚠️ 002090 金智科技 K线更新失败: ('Connection aborted.', RemoteDisconnected('Remote end closed connection without response'))
2025-08-23 08:57:57,929 - WARNING - ⚠️ 002091 江苏国泰 K线更新失败: ('Connection aborted.', RemoteDisconnected('Remote end closed connection without response'))
2025-08-23 08:57:58,550 - WARNING - ⚠️ 002092 中泰化学 K线更新失败: ('Connection aborted.', RemoteDisconnected('Remote end closed connection without response'))
2025-08-23 08:57:59,177 - WARNING - ⚠️ 002093 国脉科技 K线更新失败: ('Connection aborted.', RemoteDisconnected('Remote end closed connection without response'))
2025-08-23 08:57:59,805 - WARNING - ⚠️ 002094 青岛金王 K线更新失败: ('Connection aborted.', RemoteDisconnected('Remote end closed connection without response'))
2025-08-23 08:58:00,426 - WARNING - ⚠️ 002095 生意宝 K线更新失败: ('Connection aborted.', RemoteDisconnected('Remote end closed connection without response'))
2025-08-23 08:58:01,042 - WARNING - ⚠️ 002096 易普力 K线更新失败: ('Connection aborted.', RemoteDisconnected('Remote end closed connection without response'))
2025-08-23 08:58:01,659 - WARNING - ⚠️ 002097 山河智能 K线更新失败: ('Connection aborted.', RemoteDisconnected('Remote end closed connection without response'))
2025-08-23 08:58:02,273 - WARNING - ⚠️ 002098 浔兴股份 K线更新失败: ('Connection aborted.', RemoteDisconnected('Remote end closed connection without response'))
2025-08-23 08:58:02,890 - WARNING - ⚠️ 002099 海翔药业 K线更新失败: ('Connection aborted.', RemoteDisconnected('Remote end closed connection without response'))
2025-08-23 08:58:03,505 - WARNING - ⚠️ 002100 天康生物 K线更新失败: ('Connection aborted.', RemoteDisconnected('Remote end closed connection without response'))
2025-08-23 08:58:04,122 - WARNING - ⚠️ 002101 广东鸿图 K线更新失败: ('Connection aborted.', RemoteDisconnected('Remote end closed connection without response'))
2025-08-23 08:58:04,736 - WARNING - ⚠️ 002102 能特科技 K线更新失败: ('Connection aborted.', RemoteDisconnected('Remote end closed connection without response'))
2025-08-23 08:58:05,339 - WARNING - ⚠️ 002103 广博股份 K线更新失败: ('Connection aborted.', RemoteDisconnected('Remote end closed connection without response'))
2025-08-23 08:58:05,970 - WARNING - ⚠️ 002104 恒宝股份 K线更新失败: ('Connection aborted.', RemoteDisconnected('Remote end closed connection without response'))
2025-08-23 08:58:06,588 - WARNING - ⚠️ 002105 信隆健康 K线更新失败: ('Connection aborted.', RemoteDisconnected('Remote end closed connection without response'))
2025-08-23 08:58:07,205 - WARNING - ⚠️ 002106 莱宝高科 K线更新失败: ('Connection aborted.', RemoteDisconnected('Remote end closed connection without response'))
2025-08-23 08:58:07,823 - WARNING - ⚠️ 002107 沃华医药 K线更新失败: ('Connection aborted.', RemoteDisconnected('Remote end closed connection without response'))
2025-08-23 08:58:08,440 - WARNING - ⚠️ 002108 沧州明珠 K线更新失败: ('Connection aborted.', RemoteDisconnected('Remote end closed connection without response'))
2025-08-23 08:58:09,042 - WARNING - ⚠️ 002109 兴化股份 K线更新失败: ('Connection aborted.', RemoteDisconnected('Remote end closed connection without response'))
2025-08-23 08:58:09,643 - WARNING - ⚠️ 002110 三钢闽光 K线更新失败: ('Connection aborted.', RemoteDisconnected('Remote end closed connection without response'))
2025-08-23 08:58:10,257 - WARNING - ⚠️ 002111 威海广泰 K线更新失败: ('Connection aborted.', RemoteDisconnected('Remote end closed connection without response'))
2025-08-23 08:58:10,891 - WARNING - ⚠️ 002112 三变科技 K线更新失败: ('Connection aborted.', RemoteDisconnected('Remote end closed connection without response'))
2025-08-23 08:58:11,523 - WARNING - ⚠️ 002113 *ST天润 K线更新失败: ('Connection aborted.', RemoteDisconnected('Remote end closed connection without response'))
2025-08-23 08:58:12,140 - WARNING - ⚠️ 002114 罗平锌电 K线更新失败: ('Connection aborted.', RemoteDisconnected('Remote end closed connection without response'))
2025-08-23 08:58:12,767 - WARNING - ⚠️ 002115 三维通信 K线更新失败: ('Connection aborted.', RemoteDisconnected('Remote end closed connection without response'))
2025-08-23 08:58:13,383 - WARNING - ⚠️ 002116 中国海诚 K线更新失败: ('Connection aborted.', RemoteDisconnected('Remote end closed connection without response'))
2025-08-23 08:58:14,009 - WARNING - ⚠️ 002117 东港股份 K线更新失败: ('Connection aborted.', RemoteDisconnected('Remote end closed connection without response'))
2025-08-23 08:58:14,624 - WARNING - ⚠️ 002118 *ST紫鑫 K线更新失败: ('Connection aborted.', RemoteDisconnected('Remote end closed connection without response'))
2025-08-23 08:58:15,236 - WARNING - ⚠️ 002119 康强电子 K线更新失败: ('Connection aborted.', RemoteDisconnected('Remote end closed connection without response'))
2025-08-23 08:58:15,832 - WARNING - ⚠️ 002120 韵达股份 K线更新失败: ('Connection aborted.', RemoteDisconnected('Remote end closed connection without response'))
2025-08-23 08:58:16,456 - WARNING - ⚠️ 002121 科陆电子 K线更新失败: ('Connection aborted.', RemoteDisconnected('Remote end closed connection without response'))
2025-08-23 08:58:17,082 - WARNING - ⚠️ 002122 汇洲智能 K线更新失败: ('Connection aborted.', RemoteDisconnected('Remote end closed connection without response'))
2025-08-23 08:58:17,698 - WARNING - ⚠️ 002123 梦网科技 K线更新失败: ('Connection aborted.', RemoteDisconnected('Remote end closed connection without response'))
2025-08-23 08:58:18,322 - WARNING - ⚠️ 002124 天邦食品 K线更新失败: ('Connection aborted.', RemoteDisconnected('Remote end closed connection without response'))
2025-08-23 08:58:18,934 - WARNING - ⚠️ 002125 湘潭电化 K线更新失败: ('Connection aborted.', RemoteDisconnected('Remote end closed connection without response'))
2025-08-23 08:58:19,552 - WARNING - ⚠️ 002126 银轮股份 K线更新失败: ('Connection aborted.', RemoteDisconnected('Remote end closed connection without response'))
2025-08-23 08:58:20,149 - WARNING - ⚠️ 002127 南极电商 K线更新失败: ('Connection aborted.', RemoteDisconnected('Remote end closed connection without response'))
2025-08-23 08:58:20,761 - WARNING - ⚠️ 002128 电投能源 K线更新失败: ('Connection aborted.', RemoteDisconnected('Remote end closed connection without response'))
2025-08-23 08:58:21,373 - WARNING - ⚠️ 002129 TCL中环 K线更新失败: ('Connection aborted.', RemoteDisconnected('Remote end closed connection without response'))
2025-08-23 08:58:21,998 - WARNING - ⚠️ 002130 沃尔核材 K线更新失败: ('Connection aborted.', RemoteDisconnected('Remote end closed connection without response'))
2025-08-23 08:58:22,634 - WARNING - ⚠️ 002131 利欧股份 K线更新失败: ('Connection aborted.', RemoteDisconnected('Remote end closed connection without response'))
2025-08-23 08:58:23,257 - WARNING - ⚠️ 002132 恒星科技 K线更新失败: ('Connection aborted.', RemoteDisconnected('Remote end closed connection without response'))
2025-08-23 08:58:23,879 - WARNING - ⚠️ 002133 广宇集团 K线更新失败: ('Connection aborted.', RemoteDisconnected('Remote end closed connection without response'))
2025-08-23 08:58:24,497 - WARNING - ⚠️ 002134 天津普林 K线更新失败: ('Connection aborted.', RemoteDisconnected('Remote end closed connection without response'))
2025-08-23 08:58:25,111 - WARNING - ⚠️ 002135 东南网架 K线更新失败: ('Connection aborted.', RemoteDisconnected('Remote end closed connection without response'))
2025-08-23 08:58:25,737 - WARNING - ⚠️ 002136 安纳达 K线更新失败: ('Connection aborted.', RemoteDisconnected('Remote end closed connection without response'))
2025-08-23 08:58:26,359 - WARNING - ⚠️ 002137 实益达 K线更新失败: ('Connection aborted.', RemoteDisconnected('Remote end closed connection without response'))
2025-08-23 08:58:26,981 - WARNING - ⚠️ 002138 顺络电子 K线更新失败: ('Connection aborted.', RemoteDisconnected('Remote end closed connection without response'))
2025-08-23 08:58:27,609 - WARNING - ⚠️ 002139 拓邦股份 K线更新失败: ('Connection aborted.', RemoteDisconnected('Remote end closed connection without response'))
2025-08-23 08:58:28,252 - WARNING - ⚠️ 002140 东华科技 K线更新失败: ('Connection aborted.', RemoteDisconnected('Remote end closed connection without response'))
2025-08-23 08:58:28,880 - WARNING - ⚠️ 002141 贤丰控股 K线更新失败: ('Connection aborted.', RemoteDisconnected('Remote end closed connection without response'))
2025-08-23 08:58:29,492 - WARNING - ⚠️ 002142 宁波银行 K线更新失败: ('Connection aborted.', RemoteDisconnected('Remote end closed connection without response'))
2025-08-23 08:58:30,116 - WARNING - ⚠️ 002143 印纪退 K线更新失败: ('Connection aborted.', RemoteDisconnected('Remote end closed connection without response'))
2025-08-23 08:58:30,720 - WARNING - ⚠️ 002144 宏达高科 K线更新失败: ('Connection aborted.', RemoteDisconnected('Remote end closed connection without response'))
2025-08-23 08:58:31,340 - WARNING - ⚠️ 002145 中核钛白 K线更新失败: ('Connection aborted.', RemoteDisconnected('Remote end closed connection without response'))
2025-08-23 08:58:31,954 - WARNING - ⚠️ 002146 荣盛发展 K线更新失败: ('Connection aborted.', RemoteDisconnected('Remote end closed connection without response'))
2025-08-23 08:58:32,571 - WARNING - ⚠️ 002147 新光退 K线更新失败: ('Connection aborted.', RemoteDisconnected('Remote end closed connection without response'))
2025-08-23 08:58:33,196 - WARNING - ⚠️ 002148 北纬科技 K线更新失败: ('Connection aborted.', RemoteDisconnected('Remote end closed connection without response'))
2025-08-23 08:58:33,808 - WARNING - ⚠️ 002149 西部材料 K线更新失败: ('Connection aborted.', RemoteDisconnected('Remote end closed connection without response'))
2025-08-23 08:58:34,440 - WARNING - ⚠️ 002150 通润装备 K线更新失败: ('Connection aborted.', RemoteDisconnected('Remote end closed connection without response'))
2025-08-23 08:58:35,051 - WARNING - ⚠️ 002151 北斗星通 K线更新失败: ('Connection aborted.', RemoteDisconnected('Remote end closed connection without response'))
2025-08-23 08:58:35,677 - WARNING - ⚠️ 002152 广电运通 K线更新失败: ('Connection aborted.', RemoteDisconnected('Remote end closed connection without response'))
2025-08-23 08:58:36,300 - WARNING - ⚠️ 002153 石基信息 K线更新失败: ('Connection aborted.', RemoteDisconnected('Remote end closed connection without response'))
2025-08-23 08:58:36,936 - WARNING - ⚠️ 002154 报喜鸟 K线更新失败: ('Connection aborted.', RemoteDisconnected('Remote end closed connection without response'))
2025-08-23 08:58:37,556 - WARNING - ⚠️ 002155 湖南黄金 K线更新失败: ('Connection aborted.', RemoteDisconnected('Remote end closed connection without response'))
2025-08-23 08:58:38,170 - WARNING - ⚠️ 002156 通富微电 K线更新失败: ('Connection aborted.', RemoteDisconnected('Remote end closed connection without response'))
2025-08-23 08:58:38,786 - WARNING - ⚠️ 002157 正邦科技 K线更新失败: ('Connection aborted.', RemoteDisconnected('Remote end closed connection without response'))
2025-08-23 08:58:39,410 - WARNING - ⚠️ 002158 汉钟精机 K线更新失败: ('Connection aborted.', RemoteDisconnected('Remote end closed connection without response'))
2025-08-23 08:58:40,032 - WARNING - ⚠️ 002159 三特索道 K线更新失败: ('Connection aborted.', RemoteDisconnected('Remote end closed connection without response'))
2025-08-23 08:58:40,645 - WARNING - ⚠️ 002160 常铝股份 K线更新失败: ('Connection aborted.', RemoteDisconnected('Remote end closed connection without response'))
2025-08-23 08:58:41,263 - WARNING - ⚠️ 002161 远望谷 K线更新失败: ('Connection aborted.', RemoteDisconnected('Remote end closed connection without response'))
2025-08-23 08:58:41,872 - WARNING - ⚠️ 002162 悦心健康 K线更新失败: ('Connection aborted.', RemoteDisconnected('Remote end closed connection without response'))
2025-08-23 08:58:42,511 - WARNING - ⚠️ 002163 海南发展 K线更新失败: ('Connection aborted.', RemoteDisconnected('Remote end closed connection without response'))
2025-08-23 08:58:43,129 - WARNING - ⚠️ 002164 宁波东力 K线更新失败: ('Connection aborted.', RemoteDisconnected('Remote end closed connection without response'))
2025-08-23 08:58:43,741 - WARNING - ⚠️ 002165 红宝丽 K线更新失败: ('Connection aborted.', RemoteDisconnected('Remote end closed connection without response'))
2025-08-23 08:58:44,353 - WARNING - ⚠️ 002166 莱茵生物 K线更新失败: ('Connection aborted.', RemoteDisconnected('Remote end closed connection without response'))
2025-08-23 08:58:44,964 - WARNING - ⚠️ 002167 东方锆业 K线更新失败: ('Connection aborted.', RemoteDisconnected('Remote end closed connection without response'))
2025-08-23 08:58:45,592 - WARNING - ⚠️ 002168 *ST惠程 K线更新失败: ('Connection aborted.', RemoteDisconnected('Remote end closed connection without response'))
2025-08-23 08:58:46,204 - WARNING - ⚠️ 002169 智光电气 K线更新失败: ('Connection aborted.', RemoteDisconnected('Remote end closed connection without response'))
2025-08-23 08:58:46,816 - WARNING - ⚠️ 002170 芭田股份 K线更新失败: ('Connection aborted.', RemoteDisconnected('Remote end closed connection without response'))
2025-08-23 08:58:47,449 - WARNING - ⚠️ 002171 楚江新材 K线更新失败: ('Connection aborted.', RemoteDisconnected('Remote end closed connection without response'))
2025-08-23 08:58:48,071 - WARNING - ⚠️ 002172 澳洋健康 K线更新失败: ('Connection aborted.', RemoteDisconnected('Remote end closed connection without response'))
2025-08-23 08:58:48,708 - WARNING - ⚠️ 002173 创新医疗 K线更新失败: ('Connection aborted.', RemoteDisconnected('Remote end closed connection without response'))
2025-08-23 08:58:49,335 - WARNING - ⚠️ 002174 游族网络 K线更新失败: ('Connection aborted.', RemoteDisconnected('Remote end closed connection without response'))
2025-08-23 08:58:49,960 - WARNING - ⚠️ 002175 东方智造 K线更新失败: ('Connection aborted.', RemoteDisconnected('Remote end closed connection without response'))
2025-08-23 08:58:50,577 - WARNING - ⚠️ 002176 江特电机 K线更新失败: ('Connection aborted.', RemoteDisconnected('Remote end closed connection without response'))
2025-08-23 08:58:51,196 - WARNING - ⚠️ 002177 御银股份 K线更新失败: ('Connection aborted.', RemoteDisconnected('Remote end closed connection without response'))
2025-08-23 08:58:51,808 - WARNING - ⚠️ 002178 延华智能 K线更新失败: ('Connection aborted.', RemoteDisconnected('Remote end closed connection without response'))
2025-08-23 08:58:52,432 - WARNING - ⚠️ 002179 中航光电 K线更新失败: ('Connection aborted.', RemoteDisconnected('Remote end closed connection without response'))
2025-08-23 08:58:53,047 - WARNING - ⚠️ 002180 纳思达 K线更新失败: ('Connection aborted.', RemoteDisconnected('Remote end closed connection without response'))
2025-08-23 08:58:53,675 - WARNING - ⚠️ 002181 粤传媒 K线更新失败: ('Connection aborted.', RemoteDisconnected('Remote end closed connection without response'))
2025-08-23 08:58:54,308 - WARNING - ⚠️ 002182 宝武镁业 K线更新失败: ('Connection aborted.', RemoteDisconnected('Remote end closed connection without response'))
2025-08-23 08:58:54,938 - WARNING - ⚠️ 002183 怡亚通 K线更新失败: ('Connection aborted.', RemoteDisconnected('Remote end closed connection without response'))
2025-08-23 08:58:55,571 - WARNING - ⚠️ 002184 海得控制 K线更新失败: ('Connection aborted.', RemoteDisconnected('Remote end closed connection without response'))
2025-08-23 08:58:56,259 - WARNING - ⚠️ 002185 华天科技 K线更新失败: ('Connection aborted.', RemoteDisconnected('Remote end closed connection without response'))
2025-08-23 08:58:56,888 - WARNING - ⚠️ 002186 全聚德 K线更新失败: ('Connection aborted.', RemoteDisconnected('Remote end closed connection without response'))
2025-08-23 08:58:57,516 - WARNING - ⚠️ 002187 广百股份 K线更新失败: ('Connection aborted.', RemoteDisconnected('Remote end closed connection without response'))
2025-08-23 08:58:58,146 - WARNING - ⚠️ 002188 中天服务 K线更新失败: ('Connection aborted.', RemoteDisconnected('Remote end closed connection without response'))
2025-08-23 08:58:58,760 - WARNING - ⚠️ 002189 中光学 K线更新失败: ('Connection aborted.', RemoteDisconnected('Remote end closed connection without response'))
2025-08-23 08:58:59,379 - WARNING - ⚠️ 002190 成飞集成 K线更新失败: ('Connection aborted.', RemoteDisconnected('Remote end closed connection without response'))
2025-08-23 08:58:59,997 - WARNING - ⚠️ 002191 劲嘉股份 K线更新失败: ('Connection aborted.', RemoteDisconnected('Remote end closed connection without response'))
2025-08-23 08:59:00,619 - WARNING - ⚠️ 002192 融捷股份 K线更新失败: ('Connection aborted.', RemoteDisconnected('Remote end closed connection without response'))
2025-08-23 08:59:01,234 - WARNING - ⚠️ 002193 如意集团 K线更新失败: ('Connection aborted.', RemoteDisconnected('Remote end closed connection without response'))
2025-08-23 08:59:01,859 - WARNING - ⚠️ 002194 武汉凡谷 K线更新失败: ('Connection aborted.', RemoteDisconnected('Remote end closed connection without response'))
2025-08-23 08:59:02,476 - WARNING - ⚠️ 002195 岩山科技 K线更新失败: ('Connection aborted.', RemoteDisconnected('Remote end closed connection without response'))
2025-08-23 08:59:03,107 - WARNING - ⚠️ 002196 方正电机 K线更新失败: ('Connection aborted.', RemoteDisconnected('Remote end closed connection without response'))
2025-08-23 08:59:03,732 - WARNING - ⚠️ 002197 ST证通 K线更新失败: ('Connection aborted.', RemoteDisconnected('Remote end closed connection without response'))
2025-08-23 08:59:04,354 - WARNING - ⚠️ 002198 嘉应制药 K线更新失败: ('Connection aborted.', RemoteDisconnected('Remote end closed connection without response'))
2025-08-23 08:59:04,976 - WARNING - ⚠️ 002199 *ST东晶 K线更新失败: ('Connection aborted.', RemoteDisconnected('Remote end closed connection without response'))
2025-08-23 08:59:05,607 - WARNING - ⚠️ 002200 *ST交投 K线更新失败: ('Connection aborted.', RemoteDisconnected('Remote end closed connection without response'))
2025-08-23 08:59:06,236 - WARNING - ⚠️ 002201 九鼎新材 K线更新失败: ('Connection aborted.', RemoteDisconnected('Remote end closed connection without response'))
2025-08-23 08:59:06,859 - WARNING - ⚠️ 002202 金风科技 K线更新失败: ('Connection aborted.', RemoteDisconnected('Remote end closed connection without response'))
2025-08-23 08:59:07,478 - WARNING - ⚠️ 002203 海亮股份 K线更新失败: ('Connection aborted.', RemoteDisconnected('Remote end closed connection without response'))
2025-08-23 08:59:08,102 - WARNING - ⚠️ 002204 大连重工 K线更新失败: ('Connection aborted.', RemoteDisconnected('Remote end closed connection without response'))
2025-08-23 08:59:08,732 - WARNING - ⚠️ 002205 国统股份 K线更新失败: ('Connection aborted.', RemoteDisconnected('Remote end closed connection without response'))
2025-08-23 08:59:09,360 - WARNING - ⚠️ 002206 海利得 K线更新失败: ('Connection aborted.', RemoteDisconnected('Remote end closed connection without response'))
2025-08-23 08:59:09,973 - WARNING - ⚠️ 002207 准油股份 K线更新失败: ('Connection aborted.', RemoteDisconnected('Remote end closed connection without response'))
2025-08-23 08:59:10,591 - WARNING - ⚠️ 002208 合肥城建 K线更新失败: ('Connection aborted.', RemoteDisconnected('Remote end closed connection without response'))
2025-08-23 08:59:11,209 - WARNING - ⚠️ 002209 达意隆 K线更新失败: ('Connection aborted.', RemoteDisconnected('Remote end closed connection without response'))
2025-08-23 08:59:11,820 - WARNING - ⚠️ 002210 飞马国际 K线更新失败: ('Connection aborted.', RemoteDisconnected('Remote end closed connection without response'))
2025-08-23 08:59:12,434 - WARNING - ⚠️ 002211 ST宏达 K线更新失败: ('Connection aborted.', RemoteDisconnected('Remote end closed connection without response'))
2025-08-23 08:59:13,059 - WARNING - ⚠️ 002212 天融信 K线更新失败: ('Connection aborted.', RemoteDisconnected('Remote end closed connection without response'))
2025-08-23 08:59:13,671 - WARNING - ⚠️ 002213 大为股份 K线更新失败: ('Connection aborted.', RemoteDisconnected('Remote end closed connection without response'))
2025-08-23 08:59:14,290 - WARNING - ⚠️ 002214 *ST大立 K线更新失败: ('Connection aborted.', RemoteDisconnected('Remote end closed connection without response'))
2025-08-23 08:59:14,914 - WARNING - ⚠️ 002215 诺普信 K线更新失败: ('Connection aborted.', RemoteDisconnected('Remote end closed connection without response'))
2025-08-23 08:59:15,524 - WARNING - ⚠️ 002216 三全食品 K线更新失败: ('Connection aborted.', RemoteDisconnected('Remote end closed connection without response'))
2025-08-23 08:59:16,138 - WARNING - ⚠️ 002217 合力泰 K线更新失败: ('Connection aborted.', RemoteDisconnected('Remote end closed connection without response'))
2025-08-23 08:59:16,781 - WARNING - ⚠️ 002218 拓日新能 K线更新失败: ('Connection aborted.', RemoteDisconnected('Remote end closed connection without response'))
2025-08-23 08:59:17,406 - WARNING - ⚠️ 002219 新里程 K线更新失败: ('Connection aborted.', RemoteDisconnected('Remote end closed connection without response'))
2025-08-23 08:59:18,031 - WARNING - ⚠️ 002220 天宝退 K线更新失败: ('Connection aborted.', RemoteDisconnected('Remote end closed connection without response'))
2025-08-23 08:59:18,648 - WARNING - ⚠️ 002221 东华能源 K线更新失败: ('Connection aborted.', RemoteDisconnected('Remote end closed connection without response'))
2025-08-23 08:59:19,276 - WARNING - ⚠️ 002222 福晶科技 K线更新失败: ('Connection aborted.', RemoteDisconnected('Remote end closed connection without response'))
2025-08-23 08:59:19,899 - WARNING - ⚠️ 002223 鱼跃医疗 K线更新失败: ('Connection aborted.', RemoteDisconnected('Remote end closed connection without response'))
2025-08-23 08:59:20,525 - WARNING - ⚠️ 002224 三力士 K线更新失败: ('Connection aborted.', RemoteDisconnected('Remote end closed connection without response'))
2025-08-23 08:59:21,144 - WARNING - ⚠️ 002225 濮耐股份 K线更新失败: ('Connection aborted.', RemoteDisconnected('Remote end closed connection without response'))
2025-08-23 08:59:21,755 - WARNING - ⚠️ 002226 江南化工 K线更新失败: ('Connection aborted.', RemoteDisconnected('Remote end closed connection without response'))
2025-08-23 08:59:22,366 - WARNING - ⚠️ 002227 奥特迅 K线更新失败: ('Connection aborted.', RemoteDisconnected('Remote end closed connection without response'))
2025-08-23 08:59:22,987 - WARNING - ⚠️ 002228 合兴包装 K线更新失败: ('Connection aborted.', RemoteDisconnected('Remote end closed connection without response'))
2025-08-23 08:59:23,598 - WARNING - ⚠️ 002229 鸿博股份 K线更新失败: ('Connection aborted.', RemoteDisconnected('Remote end closed connection without response'))
2025-08-23 08:59:24,209 - WARNING - ⚠️ 002230 科大讯飞 K线更新失败: ('Connection aborted.', RemoteDisconnected('Remote end closed connection without response'))
2025-08-23 08:59:24,820 - WARNING - ⚠️ 002231 *ST奥维 K线更新失败: ('Connection aborted.', RemoteDisconnected('Remote end closed connection without response'))
2025-08-23 08:59:25,432 - WARNING - ⚠️ 002232 启明信息 K线更新失败: ('Connection aborted.', RemoteDisconnected('Remote end closed connection without response'))
2025-08-23 08:59:26,051 - WARNING - ⚠️ 002233 塔牌集团 K线更新失败: ('Connection aborted.', RemoteDisconnected('Remote end closed connection without response'))
2025-08-23 08:59:26,670 - WARNING - ⚠️ 002234 民和股份 K线更新失败: ('Connection aborted.', RemoteDisconnected('Remote end closed connection without response'))
2025-08-23 08:59:27,283 - WARNING - ⚠️ 002235 安妮股份 K线更新失败: ('Connection aborted.', RemoteDisconnected('Remote end closed connection without response'))
2025-08-23 08:59:27,901 - WARNING - ⚠️ 002236 大华股份 K线更新失败: ('Connection aborted.', RemoteDisconnected('Remote end closed connection without response'))
2025-08-23 08:59:28,509 - WARNING - ⚠️ 002237 恒邦股份 K线更新失败: ('Connection aborted.', RemoteDisconnected('Remote end closed connection without response'))
2025-08-23 08:59:29,137 - WARNING - ⚠️ 002238 天威视讯 K线更新失败: ('Connection aborted.', RemoteDisconnected('Remote end closed connection without response'))
2025-08-23 08:59:29,753 - WARNING - ⚠️ 002239 奥特佳 K线更新失败: ('Connection aborted.', RemoteDisconnected('Remote end closed connection without response'))
2025-08-23 08:59:30,378 - WARNING - ⚠️ 002240 盛新锂能 K线更新失败: ('Connection aborted.', RemoteDisconnected('Remote end closed connection without response'))
2025-08-23 08:59:31,003 - WARNING - ⚠️ 002241 歌尔股份 K线更新失败: ('Connection aborted.', RemoteDisconnected('Remote end closed connection without response'))
2025-08-23 08:59:31,609 - WARNING - ⚠️ 002242 九阳股份 K线更新失败: ('Connection aborted.', RemoteDisconnected('Remote end closed connection without response'))
2025-08-23 08:59:32,221 - WARNING - ⚠️ 002243 力合科创 K线更新失败: ('Connection aborted.', RemoteDisconnected('Remote end closed connection without response'))
2025-08-23 08:59:32,833 - WARNING - ⚠️ 002244 滨江集团 K线更新失败: ('Connection aborted.', RemoteDisconnected('Remote end closed connection without response'))
2025-08-23 08:59:33,455 - WARNING - ⚠️ 002245 蔚蓝锂芯 K线更新失败: ('Connection aborted.', RemoteDisconnected('Remote end closed connection without response'))
2025-08-23 08:59:34,061 - WARNING - ⚠️ 002246 北化股份 K线更新失败: ('Connection aborted.', RemoteDisconnected('Remote end closed connection without response'))
2025-08-23 08:59:34,683 - WARNING - ⚠️ 002247 聚力文化 K线更新失败: ('Connection aborted.', RemoteDisconnected('Remote end closed connection without response'))
2025-08-23 08:59:35,295 - WARNING - ⚠️ 002248 华东数控 K线更新失败: ('Connection aborted.', RemoteDisconnected('Remote end closed connection without response'))
2025-08-23 08:59:35,907 - WARNING - ⚠️ 002249 大洋电机 K线更新失败: ('Connection aborted.', RemoteDisconnected('Remote end closed connection without response'))
2025-08-23 08:59:36,519 - WARNING - ⚠️ 002250 联化科技 K线更新失败: ('Connection aborted.', RemoteDisconnected('Remote end closed connection without response'))
2025-08-23 08:59:37,130 - WARNING - ⚠️ 002251 步步高 K线更新失败: ('Connection aborted.', RemoteDisconnected('Remote end closed connection without response'))
2025-08-23 08:59:37,747 - WARNING - ⚠️ 002252 上海莱士 K线更新失败: ('Connection aborted.', RemoteDisconnected('Remote end closed connection without response'))
2025-08-23 08:59:38,368 - WARNING - ⚠️ 002253 *ST智胜 K线更新失败: ('Connection aborted.', RemoteDisconnected('Remote end closed connection without response'))
2025-08-23 08:59:38,996 - WARNING - ⚠️ 002254 泰和新材 K线更新失败: ('Connection aborted.', RemoteDisconnected('Remote end closed connection without response'))
2025-08-23 08:59:39,591 - WARNING - ⚠️ 002255 海陆重工 K线更新失败: ('Connection aborted.', RemoteDisconnected('Remote end closed connection without response'))
2025-08-23 08:59:40,202 - WARNING - ⚠️ 002256 兆新股份 K线更新失败: ('Connection aborted.', RemoteDisconnected('Remote end closed connection without response'))
2025-08-23 08:59:40,829 - WARNING - ⚠️ 002258 利尔化学 K线更新失败: ('Connection aborted.', RemoteDisconnected('Remote end closed connection without response'))
2025-08-23 08:59:41,442 - WARNING - ⚠️ 002259 升达林业 K线更新失败: ('Connection aborted.', RemoteDisconnected('Remote end closed connection without response'))
2025-08-23 08:59:42,054 - WARNING - ⚠️ 002260 德奥退 K线更新失败: ('Connection aborted.', RemoteDisconnected('Remote end closed connection without response'))
2025-08-23 08:59:42,669 - WARNING - ⚠️ 002261 拓维信息 K线更新失败: ('Connection aborted.', RemoteDisconnected('Remote end closed connection without response'))
2025-08-23 08:59:43,285 - WARNING - ⚠️ 002262 恩华药业 K线更新失败: ('Connection aborted.', RemoteDisconnected('Remote end closed connection without response'))
2025-08-23 08:59:43,904 - WARNING - ⚠️ 002263 大东南 K线更新失败: ('Connection aborted.', RemoteDisconnected('Remote end closed connection without response'))
2025-08-23 08:59:44,515 - WARNING - ⚠️ 002264 新华都 K线更新失败: ('Connection aborted.', RemoteDisconnected('Remote end closed connection without response'))
2025-08-23 08:59:45,126 - WARNING - ⚠️ 002265 建设工业 K线更新失败: ('Connection aborted.', RemoteDisconnected('Remote end closed connection without response'))
2025-08-23 08:59:45,753 - WARNING - ⚠️ 002266 浙富控股 K线更新失败: ('Connection aborted.', RemoteDisconnected('Remote end closed connection without response'))
2025-08-23 08:59:46,365 - WARNING - ⚠️ 002267 陕天然气 K线更新失败: ('Connection aborted.', RemoteDisconnected('Remote end closed connection without response'))
2025-08-23 08:59:46,977 - WARNING - ⚠️ 002268 电科网安 K线更新失败: ('Connection aborted.', RemoteDisconnected('Remote end closed connection without response'))
2025-08-23 08:59:47,588 - WARNING - ⚠️ 002269 美邦服饰 K线更新失败: ('Connection aborted.', RemoteDisconnected('Remote end closed connection without response'))
2025-08-23 08:59:48,199 - WARNING - ⚠️ 002270 华明装备 K线更新失败: ('Connection aborted.', RemoteDisconnected('Remote end closed connection without response'))
2025-08-23 08:59:48,811 - WARNING - ⚠️ 002271 东方雨虹 K线更新失败: ('Connection aborted.', RemoteDisconnected('Remote end closed connection without response'))
2025-08-23 08:59:49,423 - WARNING - ⚠️ 002272 川润股份 K线更新失败: ('Connection aborted.', RemoteDisconnected('Remote end closed connection without response'))
2025-08-23 08:59:50,035 - WARNING - ⚠️ 002273 水晶光电 K线更新失败: ('Connection aborted.', RemoteDisconnected('Remote end closed connection without response'))
2025-08-23 08:59:50,645 - WARNING - ⚠️ 002274 华昌化工 K线更新失败: ('Connection aborted.', RemoteDisconnected('Remote end closed connection without response'))
2025-08-23 08:59:51,257 - WARNING - ⚠️ 002275 桂林三金 K线更新失败: ('Connection aborted.', RemoteDisconnected('Remote end closed connection without response'))
2025-08-23 08:59:51,869 - WARNING - ⚠️ 002276 万马股份 K线更新失败: ('Connection aborted.', RemoteDisconnected('Remote end closed connection without response'))
2025-08-23 08:59:52,484 - WARNING - ⚠️ 002277 友阿股份 K线更新失败: ('Connection aborted.', RemoteDisconnected('Remote end closed connection without response'))
2025-08-23 08:59:53,107 - WARNING - ⚠️ 002278 神开股份 K线更新失败: ('Connection aborted.', RemoteDisconnected('Remote end closed connection without response'))
2025-08-23 08:59:53,719 - WARNING - ⚠️ 002279 久其软件 K线更新失败: ('Connection aborted.', RemoteDisconnected('Remote end closed connection without response'))
2025-08-23 08:59:54,331 - WARNING - ⚠️ 002280 ST联络 K线更新失败: ('Connection aborted.', RemoteDisconnected('Remote end closed connection without response'))
2025-08-23 08:59:54,943 - WARNING - ⚠️ 002281 光迅科技 K线更新失败: ('Connection aborted.', RemoteDisconnected('Remote end closed connection without response'))
2025-08-23 08:59:55,553 - WARNING - ⚠️ 002282 博深股份 K线更新失败: ('Connection aborted.', RemoteDisconnected('Remote end closed connection without response'))
2025-08-23 08:59:56,164 - WARNING - ⚠️ 002283 天润工业 K线更新失败: ('Connection aborted.', RemoteDisconnected('Remote end closed connection without response'))
2025-08-23 08:59:56,790 - WARNING - ⚠️ 002284 亚太股份 K线更新失败: ('Connection aborted.', RemoteDisconnected('Remote end closed connection without response'))
2025-08-23 08:59:57,421 - WARNING - ⚠️ 002285 世联行 K线更新失败: ('Connection aborted.', RemoteDisconnected('Remote end closed connection without response'))
2025-08-23 08:59:58,033 - WARNING - ⚠️ 002286 保龄宝 K线更新失败: ('Connection aborted.', RemoteDisconnected('Remote end closed connection without response'))
2025-08-23 08:59:58,646 - WARNING - ⚠️ 002287 奇正藏药 K线更新失败: ('Connection aborted.', RemoteDisconnected('Remote end closed connection without response'))
2025-08-23 08:59:59,270 - WARNING - ⚠️ 002288 *ST超华 K线更新失败: ('Connection aborted.', RemoteDisconnected('Remote end closed connection without response'))
2025-08-23 08:59:59,898 - WARNING - ⚠️ 002289 *ST宇顺 K线更新失败: ('Connection aborted.', RemoteDisconnected('Remote end closed connection without response'))
2025-08-23 09:00:00,509 - WARNING - ⚠️ 002290 禾盛新材 K线更新失败: ('Connection aborted.', RemoteDisconnected('Remote end closed connection without response'))
2025-08-23 09:00:01,119 - WARNING - ⚠️ 002291 遥望科技 K线更新失败: ('Connection aborted.', RemoteDisconnected('Remote end closed connection without response'))
2025-08-23 09:00:01,731 - WARNING - ⚠️ 002292 奥飞娱乐 K线更新失败: ('Connection aborted.', RemoteDisconnected('Remote end closed connection without response'))
2025-08-23 09:00:02,343 - WARNING - ⚠️ 002293 罗莱生活 K线更新失败: ('Connection aborted.', RemoteDisconnected('Remote end closed connection without response'))
2025-08-23 09:00:02,955 - WARNING - ⚠️ 002294 信立泰 K线更新失败: ('Connection aborted.', RemoteDisconnected('Remote end closed connection without response'))
2025-08-23 09:00:03,550 - WARNING - ⚠️ 002295 精艺股份 K线更新失败: ('Connection aborted.', RemoteDisconnected('Remote end closed connection without response'))
2025-08-23 09:00:04,178 - WARNING - ⚠️ 002296 辉煌科技 K线更新失败: ('Connection aborted.', RemoteDisconnected('Remote end closed connection without response'))
2025-08-23 09:00:04,802 - WARNING - ⚠️ 002297 博云新材 K线更新失败: ('Connection aborted.', RemoteDisconnected('Remote end closed connection without response'))
2025-08-23 09:00:05,420 - WARNING - ⚠️ 002298 中电鑫龙 K线更新失败: ('Connection aborted.', RemoteDisconnected('Remote end closed connection without response'))
2025-08-23 09:00:06,060 - WARNING - ⚠️ 002299 圣农发展 K线更新失败: ('Connection aborted.', RemoteDisconnected('Remote end closed connection without response'))
2025-08-23 09:00:06,686 - WARNING - ⚠️ 002300 太阳电缆 K线更新失败: ('Connection aborted.', RemoteDisconnected('Remote end closed connection without response'))
2025-08-23 09:00:07,305 - WARNING - ⚠️ 002301 齐心集团 K线更新失败: ('Connection aborted.', RemoteDisconnected('Remote end closed connection without response'))
2025-08-23 09:00:07,926 - WARNING - ⚠️ 002302 西部建设 K线更新失败: ('Connection aborted.', RemoteDisconnected('Remote end closed connection without response'))
2025-08-23 09:00:08,522 - WARNING - ⚠️ 002303 美盈森 K线更新失败: ('Connection aborted.', RemoteDisconnected('Remote end closed connection without response'))
2025-08-23 09:00:09,132 - WARNING - ⚠️ 002304 洋河股份 K线更新失败: ('Connection aborted.', RemoteDisconnected('Remote end closed connection without response'))
2025-08-23 09:00:09,777 - WARNING - ⚠️ 002305 *ST南置 K线更新失败: ('Connection aborted.', RemoteDisconnected('Remote end closed connection without response'))
2025-08-23 09:00:10,387 - WARNING - ⚠️ 002306 *ST云网 K线更新失败: ('Connection aborted.', RemoteDisconnected('Remote end closed connection without response'))
2025-08-23 09:00:11,008 - WARNING - ⚠️ 002307 北新路桥 K线更新失败: ('Connection aborted.', RemoteDisconnected('Remote end closed connection without response'))
2025-08-23 09:00:11,622 - WARNING - ⚠️ 002308 *ST威创 K线更新失败: ('Connection aborted.', RemoteDisconnected('Remote end closed connection without response'))
2025-08-23 09:00:12,253 - WARNING - ⚠️ 002309 中利集团 K线更新失败: ('Connection aborted.', RemoteDisconnected('Remote end closed connection without response'))
2025-08-23 09:00:12,873 - WARNING - ⚠️ 002310 东方园林 K线更新失败: ('Connection aborted.', RemoteDisconnected('Remote end closed connection without response'))
2025-08-23 09:00:13,479 - WARNING - ⚠️ 002311 海大集团 K线更新失败: ('Connection aborted.', RemoteDisconnected('Remote end closed connection without response'))
2025-08-23 09:00:14,105 - WARNING - ⚠️ 002312 川发龙蟒 K线更新失败: ('Connection aborted.', RemoteDisconnected('Remote end closed connection without response'))
2025-08-23 09:00:14,718 - WARNING - ⚠️ 002313 日海智能 K线更新失败: ('Connection aborted.', RemoteDisconnected('Remote end closed connection without response'))
2025-08-23 09:00:15,338 - WARNING - ⚠️ 002314 南山控股 K线更新失败: ('Connection aborted.', RemoteDisconnected('Remote end closed connection without response'))
2025-08-23 09:00:15,955 - WARNING - ⚠️ 002315 焦点科技 K线更新失败: ('Connection aborted.', RemoteDisconnected('Remote end closed connection without response'))
2025-08-23 09:00:16,566 - WARNING - ⚠️ 002316 ST亚联 K线更新失败: ('Connection aborted.', RemoteDisconnected('Remote end closed connection without response'))
2025-08-23 09:00:17,181 - WARNING - ⚠️ 002317 众生药业 K线更新失败: ('Connection aborted.', RemoteDisconnected('Remote end closed connection without response'))
2025-08-23 09:00:17,800 - WARNING - ⚠️ 002318 久立特材 K线更新失败: ('Connection aborted.', RemoteDisconnected('Remote end closed connection without response'))
2025-08-23 09:00:18,417 - WARNING - ⚠️ 002319 乐通股份 K线更新失败: ('Connection aborted.', RemoteDisconnected('Remote end closed connection without response'))
2025-08-23 09:00:19,033 - WARNING - ⚠️ 002320 海峡股份 K线更新失败: ('Connection aborted.', RemoteDisconnected('Remote end closed connection without response'))
2025-08-23 09:00:19,645 - WARNING - ⚠️ 002321 华英农业 K线更新失败: ('Connection aborted.', RemoteDisconnected('Remote end closed connection without response'))
2025-08-23 09:00:20,257 - WARNING - ⚠️ 002322 理工能科 K线更新失败: ('Connection aborted.', RemoteDisconnected('Remote end closed connection without response'))
2025-08-23 09:00:20,870 - WARNING - ⚠️ 002323 雅博股份 K线更新失败: ('Connection aborted.', RemoteDisconnected('Remote end closed connection without response'))
2025-08-23 09:00:21,545 - WARNING - ⚠️ 002324 普利特 K线更新失败: ('Connection aborted.', RemoteDisconnected('Remote end closed connection without response'))
2025-08-23 09:00:22,173 - WARNING - ⚠️ 002325 *ST洪涛 K线更新失败: ('Connection aborted.', RemoteDisconnected('Remote end closed connection without response'))
2025-08-23 09:00:22,787 - WARNING - ⚠️ 002326 永太科技 K线更新失败: ('Connection aborted.', RemoteDisconnected('Remote end closed connection without response'))
2025-08-23 09:00:23,417 - WARNING - ⚠️ 002327 富安娜 K线更新失败: ('Connection aborted.', RemoteDisconnected('Remote end closed connection without response'))
2025-08-23 09:00:24,045 - WARNING - ⚠️ 002328 新朋股份 K线更新失败: ('Connection aborted.', RemoteDisconnected('Remote end closed connection without response'))
2025-08-23 09:00:24,682 - WARNING - ⚠️ 002329 皇氏集团 K线更新失败: ('Connection aborted.', RemoteDisconnected('Remote end closed connection without response'))
2025-08-23 09:00:25,304 - WARNING - ⚠️ 002330 得利斯 K线更新失败: ('Connection aborted.', RemoteDisconnected('Remote end closed connection without response'))
2025-08-23 09:00:25,930 - WARNING - ⚠️ 002331 皖通科技 K线更新失败: ('Connection aborted.', RemoteDisconnected('Remote end closed connection without response'))
2025-08-23 09:00:26,543 - WARNING - ⚠️ 002332 仙琚制药 K线更新失败: ('Connection aborted.', RemoteDisconnected('Remote end closed connection without response'))
2025-08-23 09:00:27,166 - WARNING - ⚠️ 002333 罗普斯金 K线更新失败: ('Connection aborted.', RemoteDisconnected('Remote end closed connection without response'))
2025-08-23 09:00:27,791 - WARNING - ⚠️ 002334 英威腾 K线更新失败: ('Connection aborted.', RemoteDisconnected('Remote end closed connection without response'))
2025-08-23 09:00:28,417 - WARNING - ⚠️ 002335 科华数据 K线更新失败: ('Connection aborted.', RemoteDisconnected('Remote end closed connection without response'))
2025-08-23 09:00:29,032 - WARNING - ⚠️ 002336 人乐退 K线更新失败: ('Connection aborted.', RemoteDisconnected('Remote end closed connection without response'))
2025-08-23 09:00:29,652 - WARNING - ⚠️ 002337 赛象科技 K线更新失败: ('Connection aborted.', RemoteDisconnected('Remote end closed connection without response'))
2025-08-23 09:00:30,276 - WARNING - ⚠️ 002338 奥普光电 K线更新失败: ('Connection aborted.', RemoteDisconnected('Remote end closed connection without response'))
2025-08-23 09:00:30,899 - WARNING - ⚠️ 002339 积成电子 K线更新失败: ('Connection aborted.', RemoteDisconnected('Remote end closed connection without response'))
2025-08-23 09:00:31,533 - WARNING - ⚠️ 002340 格林美 K线更新失败: ('Connection aborted.', RemoteDisconnected('Remote end closed connection without response'))
2025-08-23 09:00:32,158 - WARNING - ⚠️ 002341 ST新纶 K线更新失败: ('Connection aborted.', RemoteDisconnected('Remote end closed connection without response'))
2025-08-23 09:00:32,785 - WARNING - ⚠️ 002342 巨力索具 K线更新失败: ('Connection aborted.', RemoteDisconnected('Remote end closed connection without response'))
2025-08-23 09:00:33,403 - WARNING - ⚠️ 002343 慈文传媒 K线更新失败: ('Connection aborted.', RemoteDisconnected('Remote end closed connection without response'))
2025-08-23 09:00:34,034 - WARNING - ⚠️ 002344 海宁皮城 K线更新失败: ('Connection aborted.', RemoteDisconnected('Remote end closed connection without response'))
2025-08-23 09:00:34,653 - WARNING - ⚠️ 002345 潮宏基 K线更新失败: ('Connection aborted.', RemoteDisconnected('Remote end closed connection without response'))
2025-08-23 09:00:35,264 - WARNING - ⚠️ 002346 柘中股份 K线更新失败: ('Connection aborted.', RemoteDisconnected('Remote end closed connection without response'))
2025-08-23 09:00:35,875 - WARNING - ⚠️ 002347 泰尔股份 K线更新失败: ('Connection aborted.', RemoteDisconnected('Remote end closed connection without response'))
2025-08-23 09:00:36,503 - WARNING - ⚠️ 002348 高乐股份 K线更新失败: ('Connection aborted.', RemoteDisconnected('Remote end closed connection without response'))
2025-08-23 09:00:37,137 - WARNING - ⚠️ 002349 精华制药 K线更新失败: ('Connection aborted.', RemoteDisconnected('Remote end closed connection without response'))
2025-08-23 09:00:37,757 - WARNING - ⚠️ 002350 北京科锐 K线更新失败: ('Connection aborted.', RemoteDisconnected('Remote end closed connection without response'))
2025-08-23 09:00:38,385 - WARNING - ⚠️ 002351 漫步者 K线更新失败: ('Connection aborted.', RemoteDisconnected('Remote end closed connection without response'))
2025-08-23 09:00:39,019 - WARNING - ⚠️ 002352 顺丰控股 K线更新失败: ('Connection aborted.', RemoteDisconnected('Remote end closed connection without response'))
2025-08-23 09:00:39,647 - WARNING - ⚠️ 002353 杰瑞股份 K线更新失败: ('Connection aborted.', RemoteDisconnected('Remote end closed connection without response'))
2025-08-23 09:00:40,265 - WARNING - ⚠️ 002354 天娱数科 K线更新失败: ('Connection aborted.', RemoteDisconnected('Remote end closed connection without response'))
2025-08-23 09:00:40,879 - WARNING - ⚠️ 002355 兴民智通 K线更新失败: ('Connection aborted.', RemoteDisconnected('Remote end closed connection without response'))
2025-08-23 09:00:41,488 - WARNING - ⚠️ 002356 赫美集团 K线更新失败: ('Connection aborted.', RemoteDisconnected('Remote end closed connection without response'))
2025-08-23 09:00:42,103 - WARNING - ⚠️ 002357 富临运业 K线更新失败: ('Connection aborted.', RemoteDisconnected('Remote end closed connection without response'))
2025-08-23 09:00:42,719 - WARNING - ⚠️ 002358 森源电气 K线更新失败: ('Connection aborted.', RemoteDisconnected('Remote end closed connection without response'))
2025-08-23 09:00:43,318 - WARNING - ⚠️ 002359 北讯退 K线更新失败: ('Connection aborted.', RemoteDisconnected('Remote end closed connection without response'))
2025-08-23 09:00:43,940 - WARNING - ⚠️ 002360 同德化工 K线更新失败: ('Connection aborted.', RemoteDisconnected('Remote end closed connection without response'))
2025-08-23 09:00:44,552 - WARNING - ⚠️ 002361 神剑股份 K线更新失败: ('Connection aborted.', RemoteDisconnected('Remote end closed connection without response'))
2025-08-23 09:00:45,172 - WARNING - ⚠️ 002362 汉王科技 K线更新失败: ('Connection aborted.', RemoteDisconnected('Remote end closed connection without response'))
2025-08-23 09:00:45,783 - WARNING - ⚠️ 002363 隆基机械 K线更新失败: ('Connection aborted.', RemoteDisconnected('Remote end closed connection without response'))
2025-08-23 09:00:46,409 - WARNING - ⚠️ 002364 中恒电气 K线更新失败: ('Connection aborted.', RemoteDisconnected('Remote end closed connection without response'))
2025-08-23 09:00:47,007 - WARNING - ⚠️ 002365 永安药业 K线更新失败: ('Connection aborted.', RemoteDisconnected('Remote end closed connection without response'))
2025-08-23 09:00:47,618 - WARNING - ⚠️ 002366 融发核电 K线更新失败: ('Connection aborted.', RemoteDisconnected('Remote end closed connection without response'))
2025-08-23 09:00:48,230 - WARNING - ⚠️ 002367 康力电梯 K线更新失败: ('Connection aborted.', RemoteDisconnected('Remote end closed connection without response'))
2025-08-23 09:00:48,850 - WARNING - ⚠️ 002368 太极股份 K线更新失败: ('Connection aborted.', RemoteDisconnected('Remote end closed connection without response'))
2025-08-23 09:00:49,483 - WARNING - ⚠️ 002369 卓翼科技 K线更新失败: ('Connection aborted.', RemoteDisconnected('Remote end closed connection without response'))
2025-08-23 09:00:50,089 - WARNING - ⚠️ 002370 亚太药业 K线更新失败: ('Connection aborted.', RemoteDisconnected('Remote end closed connection without response'))
2025-08-23 09:00:50,707 - WARNING - ⚠️ 002371 北方华创 K线更新失败: ('Connection aborted.', RemoteDisconnected('Remote end closed connection without response'))
2025-08-23 09:00:51,303 - WARNING - ⚠️ 002372 伟星新材 K线更新失败: ('Connection aborted.', RemoteDisconnected('Remote end closed connection without response'))
2025-08-23 09:00:51,915 - WARNING - ⚠️ 002373 千方科技 K线更新失败: ('Connection aborted.', RemoteDisconnected('Remote end closed connection without response'))
2025-08-23 09:00:52,542 - WARNING - ⚠️ 002374 中锐股份 K线更新失败: ('Connection aborted.', RemoteDisconnected('Remote end closed connection without response'))
2025-08-23 09:00:53,145 - WARNING - ⚠️ 002375 亚厦股份 K线更新失败: ('Connection aborted.', RemoteDisconnected('Remote end closed connection without response'))
2025-08-23 09:00:53,766 - WARNING - ⚠️ 002376 新北洋 K线更新失败: ('Connection aborted.', RemoteDisconnected('Remote end closed connection without response'))
2025-08-23 09:00:54,373 - WARNING - ⚠️ 002377 国创高新 K线更新失败: ('Connection aborted.', RemoteDisconnected('Remote end closed connection without response'))
2025-08-23 09:00:54,984 - WARNING - ⚠️ 002378 章源钨业 K线更新失败: ('Connection aborted.', RemoteDisconnected('Remote end closed connection without response'))
2025-08-23 09:00:55,612 - WARNING - ⚠️ 002379 宏创控股 K线更新失败: ('Connection aborted.', RemoteDisconnected('Remote end closed connection without response'))
2025-08-23 09:00:56,223 - WARNING - ⚠️ 002380 科远智慧 K线更新失败: ('Connection aborted.', RemoteDisconnected('Remote end closed connection without response'))
2025-08-23 09:00:56,848 - WARNING - ⚠️ 002381 双箭股份 K线更新失败: ('Connection aborted.', RemoteDisconnected('Remote end closed connection without response'))
2025-08-23 09:00:57,473 - WARNING - ⚠️ 002382 蓝帆医疗 K线更新失败: ('Connection aborted.', RemoteDisconnected('Remote end closed connection without response'))
2025-08-23 09:00:58,089 - WARNING - ⚠️ 002383 合众思壮 K线更新失败: ('Connection aborted.', RemoteDisconnected('Remote end closed connection without response'))
2025-08-23 09:00:58,713 - WARNING - ⚠️ 002384 东山精密 K线更新失败: ('Connection aborted.', RemoteDisconnected('Remote end closed connection without response'))
2025-08-23 09:00:59,331 - WARNING - ⚠️ 002385 大北农 K线更新失败: ('Connection aborted.', RemoteDisconnected('Remote end closed connection without response'))
2025-08-23 09:00:59,939 - WARNING - ⚠️ 002386 天原股份 K线更新失败: ('Connection aborted.', RemoteDisconnected('Remote end closed connection without response'))
2025-08-23 09:01:00,561 - WARNING - ⚠️ 002387 维信诺 K线更新失败: ('Connection aborted.', RemoteDisconnected('Remote end closed connection without response'))
2025-08-23 09:01:01,180 - WARNING - ⚠️ 002388 ST新亚 K线更新失败: ('Connection aborted.', RemoteDisconnected('Remote end closed connection without response'))
2025-08-23 09:01:01,801 - WARNING - ⚠️ 002389 航天彩虹 K线更新失败: ('Connection aborted.', RemoteDisconnected('Remote end closed connection without response'))
2025-08-23 09:01:02,413 - WARNING - ⚠️ 002390 信邦制药 K线更新失败: ('Connection aborted.', RemoteDisconnected('Remote end closed connection without response'))
2025-08-23 09:01:03,028 - WARNING - ⚠️ 002391 长青股份 K线更新失败: ('Connection aborted.', RemoteDisconnected('Remote end closed connection without response'))
2025-08-23 09:01:03,654 - WARNING - ⚠️ 002392 北京利尔 K线更新失败: ('Connection aborted.', RemoteDisconnected('Remote end closed connection without response'))
2025-08-23 09:01:04,271 - WARNING - ⚠️ 002393 力生制药 K线更新失败: ('Connection aborted.', RemoteDisconnected('Remote end closed connection without response'))
2025-08-23 09:01:04,887 - WARNING - ⚠️ 002394 联发股份 K线更新失败: ('Connection aborted.', RemoteDisconnected('Remote end closed connection without response'))
2025-08-23 09:01:05,509 - WARNING - ⚠️ 002395 双象股份 K线更新失败: ('Connection aborted.', RemoteDisconnected('Remote end closed connection without response'))
2025-08-23 09:01:06,138 - WARNING - ⚠️ 002396 星网锐捷 K线更新失败: ('Connection aborted.', RemoteDisconnected('Remote end closed connection without response'))
2025-08-23 09:01:06,769 - WARNING - ⚠️ 002397 梦洁股份 K线更新失败: ('Connection aborted.', RemoteDisconnected('Remote end closed connection without response'))
2025-08-23 09:01:07,388 - WARNING - ⚠️ 002398 垒知集团 K线更新失败: ('Connection aborted.', RemoteDisconnected('Remote end closed connection without response'))
2025-08-23 09:01:08,005 - WARNING - ⚠️ 002399 海普瑞 K线更新失败: ('Connection aborted.', RemoteDisconnected('Remote end closed connection without response'))
2025-08-23 09:01:08,639 - WARNING - ⚠️ 002400 省广集团 K线更新失败: ('Connection aborted.', RemoteDisconnected('Remote end closed connection without response'))
2025-08-23 09:01:09,253 - WARNING - ⚠️ 002401 中远海科 K线更新失败: ('Connection aborted.', RemoteDisconnected('Remote end closed connection without response'))
2025-08-23 09:01:09,882 - WARNING - ⚠️ 002402 和而泰 K线更新失败: ('Connection aborted.', RemoteDisconnected('Remote end closed connection without response'))
2025-08-23 09:01:10,498 - WARNING - ⚠️ 002403 爱仕达 K线更新失败: ('Connection aborted.', RemoteDisconnected('Remote end closed connection without response'))
2025-08-23 09:01:11,121 - WARNING - ⚠️ 002404 嘉欣丝绸 K线更新失败: ('Connection aborted.', RemoteDisconnected('Remote end closed connection without response'))
2025-08-23 09:01:11,747 - WARNING - ⚠️ 002405 四维图新 K线更新失败: ('Connection aborted.', RemoteDisconnected('Remote end closed connection without response'))
2025-08-23 09:01:12,364 - WARNING - ⚠️ 002406 远东传动 K线更新失败: ('Connection aborted.', RemoteDisconnected('Remote end closed connection without response'))
2025-08-23 09:01:12,996 - WARNING - ⚠️ 002407 多氟多 K线更新失败: ('Connection aborted.', RemoteDisconnected('Remote end closed connection without response'))
2025-08-23 09:01:13,618 - WARNING - ⚠️ 002408 齐翔腾达 K线更新失败: ('Connection aborted.', RemoteDisconnected('Remote end closed connection without response'))
2025-08-23 09:01:14,254 - WARNING - ⚠️ 002409 雅克科技 K线更新失败: ('Connection aborted.', RemoteDisconnected('Remote end closed connection without response'))
2025-08-23 09:01:14,851 - WARNING - ⚠️ 002410 广联达 K线更新失败: ('Connection aborted.', RemoteDisconnected('Remote end closed connection without response'))
2025-08-23 09:01:15,475 - WARNING - ⚠️ 002411 必康退 K线更新失败: ('Connection aborted.', RemoteDisconnected('Remote end closed connection without response'))
2025-08-23 09:01:16,087 - WARNING - ⚠️ 002412 汉森制药 K线更新失败: ('Connection aborted.', RemoteDisconnected('Remote end closed connection without response'))
2025-08-23 09:01:17,027 - WARNING - ⚠️ 002413 雷科防务 K线更新失败: ('Connection aborted.', RemoteDisconnected('Remote end closed connection without response'))
2025-08-23 09:01:17,649 - WARNING - ⚠️ 002414 高德红外 K线更新失败: ('Connection aborted.', RemoteDisconnected('Remote end closed connection without response'))
2025-08-23 09:01:18,267 - WARNING - ⚠️ 002415 海康威视 K线更新失败: ('Connection aborted.', RemoteDisconnected('Remote end closed connection without response'))
2025-08-23 09:01:18,883 - WARNING - ⚠️ 002416 爱施德 K线更新失败: ('Connection aborted.', RemoteDisconnected('Remote end closed connection without response'))
2025-08-23 09:01:19,501 - WARNING - ⚠️ 002417 深南退 K线更新失败: ('Connection aborted.', RemoteDisconnected('Remote end closed connection without response'))
2025-08-23 09:01:20,123 - WARNING - ⚠️ 002418 康盛股份 K线更新失败: ('Connection aborted.', RemoteDisconnected('Remote end closed connection without response'))
2025-08-23 09:01:20,758 - WARNING - ⚠️ 002419 天虹股份 K线更新失败: ('Connection aborted.', RemoteDisconnected('Remote end closed connection without response'))
2025-08-23 09:01:21,385 - WARNING - ⚠️ 002420 毅昌科技 K线更新失败: ('Connection aborted.', RemoteDisconnected('Remote end closed connection without response'))
2025-08-23 09:01:22,007 - WARNING - ⚠️ 002421 达实智能 K线更新失败: ('Connection aborted.', RemoteDisconnected('Remote end closed connection without response'))
2025-08-23 09:01:22,635 - WARNING - ⚠️ 002422 科伦药业 K线更新失败: ('Connection aborted.', RemoteDisconnected('Remote end closed connection without response'))
2025-08-23 09:01:23,248 - WARNING - ⚠️ 002423 中粮资本 K线更新失败: ('Connection aborted.', RemoteDisconnected('Remote end closed connection without response'))
2025-08-23 09:01:23,859 - WARNING - ⚠️ 002424 贵州百灵 K线更新失败: ('Connection aborted.', RemoteDisconnected('Remote end closed connection without response'))
2025-08-23 09:01:24,475 - WARNING - ⚠️ 002425 ST凯文 K线更新失败: ('Connection aborted.', RemoteDisconnected('Remote end closed connection without response'))
2025-08-23 09:01:25,097 - WARNING - ⚠️ 002426 胜利精密 K线更新失败: ('Connection aborted.', RemoteDisconnected('Remote end closed connection without response'))
2025-08-23 09:01:25,711 - WARNING - ⚠️ 002427 尤夫股份 K线更新失败: ('Connection aborted.', RemoteDisconnected('Remote end closed connection without response'))
2025-08-23 09:01:26,321 - WARNING - ⚠️ 002428 云南锗业 K线更新失败: ('Connection aborted.', RemoteDisconnected('Remote end closed connection without response'))
2025-08-23 09:01:26,931 - WARNING - ⚠️ 002429 兆驰股份 K线更新失败: ('Connection aborted.', RemoteDisconnected('Remote end closed connection without response'))
2025-08-23 09:01:27,546 - WARNING - ⚠️ 002430 杭氧股份 K线更新失败: ('Connection aborted.', RemoteDisconnected('Remote end closed connection without response'))
2025-08-23 09:01:28,170 - WARNING - ⚠️ 002431 棕榈股份 K线更新失败: ('Connection aborted.', RemoteDisconnected('Remote end closed connection without response'))
2025-08-23 09:01:28,783 - WARNING - ⚠️ 002432 九安医疗 K线更新失败: ('Connection aborted.', RemoteDisconnected('Remote end closed connection without response'))
2025-08-23 09:01:29,395 - WARNING - ⚠️ 002433 太安退 K线更新失败: ('Connection aborted.', RemoteDisconnected('Remote end closed connection without response'))
2025-08-23 09:01:30,006 - WARNING - ⚠️ 002434 万里扬 K线更新失败: ('Connection aborted.', RemoteDisconnected('Remote end closed connection without response'))
2025-08-23 09:01:30,632 - WARNING - ⚠️ 002435 ST长康 K线更新失败: ('Connection aborted.', RemoteDisconnected('Remote end closed connection without response'))
2025-08-23 09:01:31,244 - WARNING - ⚠️ 002436 兴森科技 K线更新失败: ('Connection aborted.', RemoteDisconnected('Remote end closed connection without response'))
2025-08-23 09:01:31,840 - WARNING - ⚠️ 002437 誉衡药业 K线更新失败: ('Connection aborted.', RemoteDisconnected('Remote end closed connection without response'))
2025-08-23 09:01:32,482 - WARNING - ⚠️ 002438 江苏神通 K线更新失败: ('Connection aborted.', RemoteDisconnected('Remote end closed connection without response'))
2025-08-23 09:01:33,110 - WARNING - ⚠️ 002439 启明星辰 K线更新失败: ('Connection aborted.', RemoteDisconnected('Remote end closed connection without response'))
2025-08-23 09:01:33,722 - WARNING - ⚠️ 002440 闰土股份 K线更新失败: ('Connection aborted.', RemoteDisconnected('Remote end closed connection without response'))
2025-08-23 09:01:34,333 - WARNING - ⚠️ 002441 众业达 K线更新失败: ('Connection aborted.', RemoteDisconnected('Remote end closed connection without response'))
2025-08-23 09:01:34,947 - WARNING - ⚠️ 002442 龙星科技 K线更新失败: ('Connection aborted.', RemoteDisconnected('Remote end closed connection without response'))
2025-08-23 09:01:35,556 - WARNING - ⚠️ 002443 金洲管道 K线更新失败: ('Connection aborted.', RemoteDisconnected('Remote end closed connection without response'))
2025-08-23 09:01:36,183 - WARNING - ⚠️ 002444 巨星科技 K线更新失败: ('Connection aborted.', RemoteDisconnected('Remote end closed connection without response'))
2025-08-23 09:01:36,807 - WARNING - ⚠️ 002445 中南文化 K线更新失败: ('Connection aborted.', RemoteDisconnected('Remote end closed connection without response'))
2025-08-23 09:01:37,422 - WARNING - ⚠️ 002446 盛路通信 K线更新失败: ('Connection aborted.', RemoteDisconnected('Remote end closed connection without response'))
2025-08-23 09:01:38,033 - WARNING - ⚠️ 002447 晨鑫退 K线更新失败: ('Connection aborted.', RemoteDisconnected('Remote end closed connection without response'))
2025-08-23 09:01:38,646 - WARNING - ⚠️ 002448 中原内配 K线更新失败: ('Connection aborted.', RemoteDisconnected('Remote end closed connection without response'))
2025-08-23 09:01:39,303 - WARNING - ⚠️ 002449 国星光电 K线更新失败: ('Connection aborted.', RemoteDisconnected('Remote end closed connection without response'))
2025-08-23 09:01:39,931 - WARNING - ⚠️ 002450 康得退 K线更新失败: ('Connection aborted.', RemoteDisconnected('Remote end closed connection without response'))
2025-08-23 09:01:40,545 - WARNING - ⚠️ 002451 摩恩电气 K线更新失败: ('Connection aborted.', RemoteDisconnected('Remote end closed connection without response'))
2025-08-23 09:01:41,171 - WARNING - ⚠️ 002452 长高电新 K线更新失败: ('Connection aborted.', RemoteDisconnected('Remote end closed connection without response'))
2025-08-23 09:01:41,782 - WARNING - ⚠️ 002453 华软科技 K线更新失败: ('Connection aborted.', RemoteDisconnected('Remote end closed connection without response'))
2025-08-23 09:01:42,394 - WARNING - ⚠️ 002454 松芝股份 K线更新失败: ('Connection aborted.', RemoteDisconnected('Remote end closed connection without response'))
2025-08-23 09:01:43,015 - WARNING - ⚠️ 002455 百川股份 K线更新失败: ('Connection aborted.', RemoteDisconnected('Remote end closed connection without response'))
2025-08-23 09:01:43,630 - WARNING - ⚠️ 002456 欧菲光 K线更新失败: ('Connection aborted.', RemoteDisconnected('Remote end closed connection without response'))
2025-08-23 09:01:44,337 - WARNING - ⚠️ 002457 青龙管业 K线更新失败: ('Connection aborted.', RemoteDisconnected('Remote end closed connection without response'))
2025-08-23 09:01:44,936 - WARNING - ⚠️ 002458 益生股份 K线更新失败: ('Connection aborted.', RemoteDisconnected('Remote end closed connection without response'))
2025-08-23 09:01:45,548 - WARNING - ⚠️ 002459 晶澳科技 K线更新失败: ('Connection aborted.', RemoteDisconnected('Remote end closed connection without response'))
2025-08-23 09:01:46,160 - WARNING - ⚠️ 002460 赣锋锂业 K线更新失败: ('Connection aborted.', RemoteDisconnected('Remote end closed connection without response'))
2025-08-23 09:01:46,803 - WARNING - ⚠️ 002461 珠江啤酒 K线更新失败: ('Connection aborted.', RemoteDisconnected('Remote end closed connection without response'))
2025-08-23 09:01:47,420 - WARNING - ⚠️ 002462 嘉事堂 K线更新失败: ('Connection aborted.', RemoteDisconnected('Remote end closed connection without response'))
2025-08-23 09:01:48,043 - WARNING - ⚠️ 002463 沪电股份 K线更新失败: ('Connection aborted.', RemoteDisconnected('Remote end closed connection without response'))
2025-08-23 09:01:48,655 - WARNING - ⚠️ 002464 众应退 K线更新失败: ('Connection aborted.', RemoteDisconnected('Remote end closed connection without response'))
2025-08-23 09:01:49,267 - WARNING - ⚠️ 002465 海格通信 K线更新失败: ('Connection aborted.', RemoteDisconnected('Remote end closed connection without response'))
2025-08-23 09:01:49,878 - WARNING - ⚠️ 002466 天齐锂业 K线更新失败: ('Connection aborted.', RemoteDisconnected('Remote end closed connection without response'))
2025-08-23 09:01:50,484 - WARNING - ⚠️ 002467 二六三 K线更新失败: ('Connection aborted.', RemoteDisconnected('Remote end closed connection without response'))
2025-08-23 09:01:51,098 - WARNING - ⚠️ 002468 申通快递 K线更新失败: ('Connection aborted.', RemoteDisconnected('Remote end closed connection without response'))
2025-08-23 09:01:51,721 - WARNING - ⚠️ 002469 三维化学 K线更新失败: ('Connection aborted.', RemoteDisconnected('Remote end closed connection without response'))
2025-08-23 09:01:52,336 - WARNING - ⚠️ 002470 金正大 K线更新失败: ('Connection aborted.', RemoteDisconnected('Remote end closed connection without response'))
2025-08-23 09:01:52,948 - WARNING - ⚠️ 002471 中超控股 K线更新失败: ('Connection aborted.', RemoteDisconnected('Remote end closed connection without response'))
2025-08-23 09:01:53,582 - WARNING - ⚠️ 002472 双环传动 K线更新失败: ('Connection aborted.', RemoteDisconnected('Remote end closed connection without response'))
2025-08-23 09:01:54,197 - WARNING - ⚠️ 002473 圣莱退 K线更新失败: ('Connection aborted.', RemoteDisconnected('Remote end closed connection without response'))
2025-08-23 09:01:54,818 - WARNING - ⚠️ 002474 榕基软件 K线更新失败: ('Connection aborted.', RemoteDisconnected('Remote end closed connection without response'))
2025-08-23 09:01:55,441 - WARNING - ⚠️ 002475 立讯精密 K线更新失败: ('Connection aborted.', RemoteDisconnected('Remote end closed connection without response'))
2025-08-23 09:01:56,061 - WARNING - ⚠️ 002476 宝莫股份 K线更新失败: ('Connection aborted.', RemoteDisconnected('Remote end closed connection without response'))
2025-08-23 09:01:56,681 - WARNING - ⚠️ 002477 雏鹰退 K线更新失败: ('Connection aborted.', RemoteDisconnected('Remote end closed connection without response'))
2025-08-23 09:01:57,311 - WARNING - ⚠️ 002478 常宝股份 K线更新失败: ('Connection aborted.', RemoteDisconnected('Remote end closed connection without response'))
2025-08-23 09:01:57,932 - WARNING - ⚠️ 002479 富春环保 K线更新失败: ('Connection aborted.', RemoteDisconnected('Remote end closed connection without response'))
2025-08-23 09:01:58,549 - WARNING - ⚠️ 002480 新筑股份 K线更新失败: ('Connection aborted.', RemoteDisconnected('Remote end closed connection without response'))
2025-08-23 09:01:59,171 - WARNING - ⚠️ 002481 双塔食品 K线更新失败: ('Connection aborted.', RemoteDisconnected('Remote end closed connection without response'))
2025-08-23 09:01:59,797 - WARNING - ⚠️ 002482 广田集团 K线更新失败: ('Connection aborted.', RemoteDisconnected('Remote end closed connection without response'))
2025-08-23 09:02:00,421 - WARNING - ⚠️ 002483 润邦股份 K线更新失败: ('Connection aborted.', RemoteDisconnected('Remote end closed connection without response'))
2025-08-23 09:02:01,054 - WARNING - ⚠️ 002484 江海股份 K线更新失败: ('Connection aborted.', RemoteDisconnected('Remote end closed connection without response'))
2025-08-23 09:02:01,670 - WARNING - ⚠️ 002485 ST雪发 K线更新失败: ('Connection aborted.', RemoteDisconnected('Remote end closed connection without response'))
2025-08-23 09:02:02,283 - WARNING - ⚠️ 002486 嘉麟杰 K线更新失败: ('Connection aborted.', RemoteDisconnected('Remote end closed connection without response'))
2025-08-23 09:02:02,906 - WARNING - ⚠️ 002487 大金重工 K线更新失败: ('Connection aborted.', RemoteDisconnected('Remote end closed connection without response'))
2025-08-23 09:02:03,504 - WARNING - ⚠️ 002488 金固股份 K线更新失败: ('Connection aborted.', RemoteDisconnected('Remote end closed connection without response'))
2025-08-23 09:02:04,128 - WARNING - ⚠️ 002489 浙江永强 K线更新失败: ('Connection aborted.', RemoteDisconnected('Remote end closed connection without response'))
2025-08-23 09:02:04,738 - WARNING - ⚠️ 002490 山东墨龙 K线更新失败: ('Connection aborted.', RemoteDisconnected('Remote end closed connection without response'))
2025-08-23 09:02:05,352 - WARNING - ⚠️ 002491 通鼎互联 K线更新失败: ('Connection aborted.', RemoteDisconnected('Remote end closed connection without response'))
2025-08-23 09:02:05,964 - WARNING - ⚠️ 002492 恒基达鑫 K线更新失败: ('Connection aborted.', RemoteDisconnected('Remote end closed connection without response'))
2025-08-23 09:02:06,567 - WARNING - ⚠️ 002493 荣盛石化 K线更新失败: ('Connection aborted.', RemoteDisconnected('Remote end closed connection without response'))
2025-08-23 09:02:07,209 - WARNING - ⚠️ 002494 华斯股份 K线更新失败: ('Connection aborted.', RemoteDisconnected('Remote end closed connection without response'))
2025-08-23 09:02:07,818 - WARNING - ⚠️ 002495 佳隆股份 K线更新失败: ('Connection aborted.', RemoteDisconnected('Remote end closed connection without response'))
2025-08-23 09:02:08,450 - WARNING - ⚠️ 002496 *ST辉丰 K线更新失败: ('Connection aborted.', RemoteDisconnected('Remote end closed connection without response'))
2025-08-23 09:02:09,069 - WARNING - ⚠️ 002497 雅化集团 K线更新失败: ('Connection aborted.', RemoteDisconnected('Remote end closed connection without response'))
2025-08-23 09:02:09,699 - WARNING - ⚠️ 002498 汉缆股份 K线更新失败: ('Connection aborted.', RemoteDisconnected('Remote end closed connection without response'))
2025-08-23 09:02:10,319 - WARNING - ⚠️ 002499 科林退 K线更新失败: ('Connection aborted.', RemoteDisconnected('Remote end closed connection without response'))
2025-08-23 09:02:10,933 - WARNING - ⚠️ 002500 山西证券 K线更新失败: ('Connection aborted.', RemoteDisconnected('Remote end closed connection without response'))
2025-08-23 09:02:11,545 - WARNING - ⚠️ 002501 利源股份 K线更新失败: ('Connection aborted.', RemoteDisconnected('Remote end closed connection without response'))
2025-08-23 09:02:12,164 - WARNING - ⚠️ 002502 ST鼎龙 K线更新失败: ('Connection aborted.', RemoteDisconnected('Remote end closed connection without response'))
2025-08-23 09:02:12,787 - WARNING - ⚠️ 002503 *ST搜特 K线更新失败: ('Connection aborted.', RemoteDisconnected('Remote end closed connection without response'))
2025-08-23 09:02:13,412 - WARNING - ⚠️ 002504 *ST弘高 K线更新失败: ('Connection aborted.', RemoteDisconnected('Remote end closed connection without response'))
2025-08-23 09:02:14,033 - WARNING - ⚠️ 002505 鹏都农牧 K线更新失败: ('Connection aborted.', RemoteDisconnected('Remote end closed connection without response'))
2025-08-23 09:02:14,646 - WARNING - ⚠️ 002506 协鑫集成 K线更新失败: ('Connection aborted.', RemoteDisconnected('Remote end closed connection without response'))
2025-08-23 09:02:15,256 - WARNING - ⚠️ 002507 涪陵榨菜 K线更新失败: ('Connection aborted.', RemoteDisconnected('Remote end closed connection without response'))
2025-08-23 09:02:15,880 - WARNING - ⚠️ 002508 老板电器 K线更新失败: ('Connection aborted.', RemoteDisconnected('Remote end closed connection without response'))
2025-08-23 09:02:16,505 - WARNING - ⚠️ 002509 天茂退 K线更新失败: ('Connection aborted.', RemoteDisconnected('Remote end closed connection without response'))
2025-08-23 09:02:17,139 - WARNING - ⚠️ 002510 天汽模 K线更新失败: ('Connection aborted.', RemoteDisconnected('Remote end closed connection without response'))
2025-08-23 09:02:17,760 - WARNING - ⚠️ 002511 中顺洁柔 K线更新失败: ('Connection aborted.', RemoteDisconnected('Remote end closed connection without response'))
2025-08-23 09:02:18,368 - WARNING - ⚠️ 002512 达华智能 K线更新失败: ('Connection aborted.', RemoteDisconnected('Remote end closed connection without response'))
2025-08-23 09:02:18,970 - WARNING - ⚠️ 002513 蓝丰生化 K线更新失败: ('Connection aborted.', RemoteDisconnected('Remote end closed connection without response'))
2025-08-23 09:02:19,584 - WARNING - ⚠️ 002514 宝馨科技 K线更新失败: ('Connection aborted.', RemoteDisconnected('Remote end closed connection without response'))
2025-08-23 09:02:20,206 - WARNING - ⚠️ 002515 金字火腿 K线更新失败: ('Connection aborted.', RemoteDisconnected('Remote end closed connection without response'))
2025-08-23 09:02:20,816 - WARNING - ⚠️ 002516 旷达科技 K线更新失败: ('Connection aborted.', RemoteDisconnected('Remote end closed connection without response'))
2025-08-23 09:02:21,435 - WARNING - ⚠️ 002517 恺英网络 K线更新失败: ('Connection aborted.', RemoteDisconnected('Remote end closed connection without response'))
2025-08-23 09:02:22,065 - WARNING - ⚠️ 002518 科士达 K线更新失败: ('Connection aborted.', RemoteDisconnected('Remote end closed connection without response'))
2025-08-23 09:02:22,690 - WARNING - ⚠️ 002519 银河电子 K线更新失败: ('Connection aborted.', RemoteDisconnected('Remote end closed connection without response'))
2025-08-23 09:02:23,306 - WARNING - ⚠️ 002520 日发精机 K线更新失败: ('Connection aborted.', RemoteDisconnected('Remote end closed connection without response'))
2025-08-23 09:02:23,932 - WARNING - ⚠️ 002521 齐峰新材 K线更新失败: ('Connection aborted.', RemoteDisconnected('Remote end closed connection without response'))
2025-08-23 09:02:24,561 - WARNING - ⚠️ 002522 浙江众成 K线更新失败: ('Connection aborted.', RemoteDisconnected('Remote end closed connection without response'))
2025-08-23 09:02:25,168 - WARNING - ⚠️ 002523 天桥起重 K线更新失败: ('Connection aborted.', RemoteDisconnected('Remote end closed connection without response'))
2025-08-23 09:02:25,792 - WARNING - ⚠️ 002524 光正眼科 K线更新失败: ('Connection aborted.', RemoteDisconnected('Remote end closed connection without response'))
2025-08-23 09:02:26,415 - WARNING - ⚠️ 002526 山东矿机 K线更新失败: ('Connection aborted.', RemoteDisconnected('Remote end closed connection without response'))
2025-08-23 09:02:27,026 - WARNING - ⚠️ 002527 新时达 K线更新失败: ('Connection aborted.', RemoteDisconnected('Remote end closed connection without response'))
2025-08-23 09:02:27,635 - WARNING - ⚠️ 002528 ST英飞拓 K线更新失败: ('Connection aborted.', RemoteDisconnected('Remote end closed connection without response'))
2025-08-23 09:02:28,250 - WARNING - ⚠️ 002529 *ST海源 K线更新失败: ('Connection aborted.', RemoteDisconnected('Remote end closed connection without response'))
2025-08-23 09:02:28,874 - WARNING - ⚠️ 002530 金财互联 K线更新失败: ('Connection aborted.', RemoteDisconnected('Remote end closed connection without response'))
2025-08-23 09:02:29,489 - WARNING - ⚠️ 002531 天顺风能 K线更新失败: ('Connection aborted.', RemoteDisconnected('Remote end closed connection without response'))
2025-08-23 09:02:30,105 - WARNING - ⚠️ 002532 天山铝业 K线更新失败: ('Connection aborted.', RemoteDisconnected('Remote end closed connection without response'))
2025-08-23 09:02:30,718 - WARNING - ⚠️ 002533 金杯电工 K线更新失败: ('Connection aborted.', RemoteDisconnected('Remote end closed connection without response'))
2025-08-23 09:02:31,341 - WARNING - ⚠️ 002534 西子洁能 K线更新失败: ('Connection aborted.', RemoteDisconnected('Remote end closed connection without response'))
2025-08-23 09:02:31,973 - WARNING - ⚠️ 002535 林州重机 K线更新失败: ('Connection aborted.', RemoteDisconnected('Remote end closed connection without response'))
2025-08-23 09:02:32,602 - WARNING - ⚠️ 002536 飞龙股份 K线更新失败: ('Connection aborted.', RemoteDisconnected('Remote end closed connection without response'))
2025-08-23 09:02:33,224 - WARNING - ⚠️ 002537 海联金汇 K线更新失败: ('Connection aborted.', RemoteDisconnected('Remote end closed connection without response'))
2025-08-23 09:02:33,855 - WARNING - ⚠️ 002538 司尔特 K线更新失败: ('Connection aborted.', RemoteDisconnected('Remote end closed connection without response'))
2025-08-23 09:02:34,487 - WARNING - ⚠️ 002539 云图控股 K线更新失败: ('Connection aborted.', RemoteDisconnected('Remote end closed connection without response'))
2025-08-23 09:02:35,121 - WARNING - ⚠️ 002540 亚太科技 K线更新失败: ('Connection aborted.', RemoteDisconnected('Remote end closed connection without response'))
2025-08-23 09:02:35,754 - WARNING - ⚠️ 002541 鸿路钢构 K线更新失败: ('Connection aborted.', RemoteDisconnected('Remote end closed connection without response'))
2025-08-23 09:02:36,369 - WARNING - ⚠️ 002542 中化岩土 K线更新失败: ('Connection aborted.', RemoteDisconnected('Remote end closed connection without response'))
2025-08-23 09:02:36,981 - WARNING - ⚠️ 002543 万和电气 K线更新失败: ('Connection aborted.', RemoteDisconnected('Remote end closed connection without response'))
2025-08-23 09:02:37,592 - WARNING - ⚠️ 002544 普天科技 K线更新失败: ('Connection aborted.', RemoteDisconnected('Remote end closed connection without response'))
2025-08-23 09:02:38,205 - WARNING - ⚠️ 002545 东方铁塔 K线更新失败: ('Connection aborted.', RemoteDisconnected('Remote end closed connection without response'))
2025-08-23 09:02:38,816 - WARNING - ⚠️ 002546 新联电子 K线更新失败: ('Connection aborted.', RemoteDisconnected('Remote end closed connection without response'))
2025-08-23 09:02:39,427 - WARNING - ⚠️ 002547 春兴精工 K线更新失败: ('Connection aborted.', RemoteDisconnected('Remote end closed connection without response'))
2025-08-23 09:02:40,051 - WARNING - ⚠️ 002548 金新农 K线更新失败: ('Connection aborted.', RemoteDisconnected('Remote end closed connection without response'))
2025-08-23 09:02:40,665 - WARNING - ⚠️ 002549 凯美特气 K线更新失败: ('Connection aborted.', RemoteDisconnected('Remote end closed connection without response'))
2025-08-23 09:02:41,277 - WARNING - ⚠️ 002550 千红制药 K线更新失败: ('Connection aborted.', RemoteDisconnected('Remote end closed connection without response'))
2025-08-23 09:02:41,890 - WARNING - ⚠️ 002551 尚荣医疗 K线更新失败: ('Connection aborted.', RemoteDisconnected('Remote end closed connection without response'))
2025-08-23 09:02:42,502 - WARNING - ⚠️ 002552 宝鼎科技 K线更新失败: ('Connection aborted.', RemoteDisconnected('Remote end closed connection without response'))
2025-08-23 09:02:43,124 - WARNING - ⚠️ 002553 南方精工 K线更新失败: ('Connection aborted.', RemoteDisconnected('Remote end closed connection without response'))
2025-08-23 09:02:43,749 - WARNING - ⚠️ 002554 惠博普 K线更新失败: ('Connection aborted.', RemoteDisconnected('Remote end closed connection without response'))
2025-08-23 09:02:44,374 - WARNING - ⚠️ 002555 三七互娱 K线更新失败: ('Connection aborted.', RemoteDisconnected('Remote end closed connection without response'))
2025-08-23 09:02:44,994 - WARNING - ⚠️ 002556 辉隆股份 K线更新失败: ('Connection aborted.', RemoteDisconnected('Remote end closed connection without response'))
2025-08-23 09:02:45,605 - WARNING - ⚠️ 002557 洽洽食品 K线更新失败: ('Connection aborted.', RemoteDisconnected('Remote end closed connection without response'))
2025-08-23 09:02:46,228 - WARNING - ⚠️ 002558 巨人网络 K线更新失败: ('Connection aborted.', RemoteDisconnected('Remote end closed connection without response'))
2025-08-23 09:02:46,851 - WARNING - ⚠️ 002559 亚威股份 K线更新失败: ('Connection aborted.', RemoteDisconnected('Remote end closed connection without response'))
2025-08-23 09:02:47,463 - WARNING - ⚠️ 002560 通达股份 K线更新失败: ('Connection aborted.', RemoteDisconnected('Remote end closed connection without response'))
2025-08-23 09:02:48,088 - WARNING - ⚠️ 002561 徐家汇 K线更新失败: ('Connection aborted.', RemoteDisconnected('Remote end closed connection without response'))
2025-08-23 09:02:48,708 - WARNING - ⚠️ 002562 兄弟科技 K线更新失败: ('Connection aborted.', RemoteDisconnected('Remote end closed connection without response'))
2025-08-23 09:02:49,330 - WARNING - ⚠️ 002563 森马服饰 K线更新失败: ('Connection aborted.', RemoteDisconnected('Remote end closed connection without response'))
2025-08-23 09:02:49,958 - WARNING - ⚠️ 002564 天沃科技 K线更新失败: ('Connection aborted.', RemoteDisconnected('Remote end closed connection without response'))
2025-08-23 09:02:50,578 - WARNING - ⚠️ 002565 顺灏股份 K线更新失败: ('Connection aborted.', RemoteDisconnected('Remote end closed connection without response'))
2025-08-23 09:02:51,199 - WARNING - ⚠️ 002566 益盛药业 K线更新失败: ('Connection aborted.', RemoteDisconnected('Remote end closed connection without response'))
2025-08-23 09:02:51,801 - WARNING - ⚠️ 002567 唐人神 K线更新失败: ('Connection aborted.', RemoteDisconnected('Remote end closed connection without response'))
2025-08-23 09:02:52,421 - WARNING - ⚠️ 002568 百润股份 K线更新失败: ('Connection aborted.', RemoteDisconnected('Remote end closed connection without response'))
2025-08-23 09:02:53,037 - WARNING - ⚠️ 002569 *ST步森 K线更新失败: ('Connection aborted.', RemoteDisconnected('Remote end closed connection without response'))
2025-08-23 09:02:53,650 - WARNING - ⚠️ 002570 贝因美 K线更新失败: ('Connection aborted.', RemoteDisconnected('Remote end closed connection without response'))
2025-08-23 09:02:54,269 - WARNING - ⚠️ 002571 德力股份 K线更新失败: ('Connection aborted.', RemoteDisconnected('Remote end closed connection without response'))
2025-08-23 09:02:54,887 - WARNING - ⚠️ 002572 索菲亚 K线更新失败: ('Connection aborted.', RemoteDisconnected('Remote end closed connection without response'))
2025-08-23 09:02:55,499 - WARNING - ⚠️ 002573 清新环境 K线更新失败: ('Connection aborted.', RemoteDisconnected('Remote end closed connection without response'))
2025-08-23 09:02:56,111 - WARNING - ⚠️ 002574 明牌珠宝 K线更新失败: ('Connection aborted.', RemoteDisconnected('Remote end closed connection without response'))
2025-08-23 09:02:56,729 - WARNING - ⚠️ 002575 群兴玩具 K线更新失败: ('Connection aborted.', RemoteDisconnected('Remote end closed connection without response'))
2025-08-23 09:02:57,334 - WARNING - ⚠️ 002576 通达动力 K线更新失败: ('Connection aborted.', RemoteDisconnected('Remote end closed connection without response'))
2025-08-23 09:02:57,971 - WARNING - ⚠️ 002577 雷柏科技 K线更新失败: ('Connection aborted.', RemoteDisconnected('Remote end closed connection without response'))
2025-08-23 09:02:58,585 - WARNING - ⚠️ 002578 闽发铝业 K线更新失败: ('Connection aborted.', RemoteDisconnected('Remote end closed connection without response'))
2025-08-23 09:02:59,189 - WARNING - ⚠️ 002579 中京电子 K线更新失败: ('Connection aborted.', RemoteDisconnected('Remote end closed connection without response'))
2025-08-23 09:02:59,806 - WARNING - ⚠️ 002580 圣阳股份 K线更新失败: ('Connection aborted.', RemoteDisconnected('Remote end closed connection without response'))
2025-08-23 09:03:00,434 - WARNING - ⚠️ 002581 ST未名 K线更新失败: ('Connection aborted.', RemoteDisconnected('Remote end closed connection without response'))
2025-08-23 09:03:01,049 - WARNING - ⚠️ 002582 好想你 K线更新失败: ('Connection aborted.', RemoteDisconnected('Remote end closed connection without response'))
2025-08-23 09:03:01,670 - WARNING - ⚠️ 002583 海能达 K线更新失败: ('Connection aborted.', RemoteDisconnected('Remote end closed connection without response'))
2025-08-23 09:03:02,285 - WARNING - ⚠️ 002584 西陇科学 K线更新失败: ('Connection aborted.', RemoteDisconnected('Remote end closed connection without response'))
2025-08-23 09:03:02,909 - WARNING - ⚠️ 002585 双星新材 K线更新失败: ('Connection aborted.', RemoteDisconnected('Remote end closed connection without response'))
2025-08-23 09:03:03,522 - WARNING - ⚠️ 002586 *ST围海 K线更新失败: ('Connection aborted.', RemoteDisconnected('Remote end closed connection without response'))
2025-08-23 09:03:04,133 - WARNING - ⚠️ 002587 奥拓电子 K线更新失败: ('Connection aborted.', RemoteDisconnected('Remote end closed connection without response'))
2025-08-23 09:03:04,744 - WARNING - ⚠️ 002588 史丹利 K线更新失败: ('Connection aborted.', RemoteDisconnected('Remote end closed connection without response'))
2025-08-23 09:03:05,367 - WARNING - ⚠️ 002589 瑞康医药 K线更新失败: ('Connection aborted.', RemoteDisconnected('Remote end closed connection without response'))
2025-08-23 09:03:05,993 - WARNING - ⚠️ 002590 万安科技 K线更新失败: ('Connection aborted.', RemoteDisconnected('Remote end closed connection without response'))
2025-08-23 09:03:06,623 - WARNING - ⚠️ 002591 恒大高新 K线更新失败: ('Connection aborted.', RemoteDisconnected('Remote end closed connection without response'))
2025-08-23 09:03:07,243 - WARNING - ⚠️ 002592 ST八菱 K线更新失败: ('Connection aborted.', RemoteDisconnected('Remote end closed connection without response'))
2025-08-23 09:03:07,865 - WARNING - ⚠️ 002593 日上集团 K线更新失败: ('Connection aborted.', RemoteDisconnected('Remote end closed connection without response'))
2025-08-23 09:03:08,461 - WARNING - ⚠️ 002594 比亚迪 K线更新失败: ('Connection aborted.', RemoteDisconnected('Remote end closed connection without response'))
2025-08-23 09:03:09,104 - WARNING - ⚠️ 002595 豪迈科技 K线更新失败: ('Connection aborted.', RemoteDisconnected('Remote end closed connection without response'))
2025-08-23 09:03:09,738 - WARNING - ⚠️ 002596 海南瑞泽 K线更新失败: ('Connection aborted.', RemoteDisconnected('Remote end closed connection without response'))
2025-08-23 09:03:10,355 - WARNING - ⚠️ 002597 金禾实业 K线更新失败: ('Connection aborted.', RemoteDisconnected('Remote end closed connection without response'))
2025-08-23 09:03:10,983 - WARNING - ⚠️ 002598 山东章鼓 K线更新失败: ('Connection aborted.', RemoteDisconnected('Remote end closed connection without response'))
2025-08-23 09:03:11,600 - WARNING - ⚠️ 002599 盛通股份 K线更新失败: ('Connection aborted.', RemoteDisconnected('Remote end closed connection without response'))
2025-08-23 09:03:12,221 - WARNING - ⚠️ 002600 领益智造 K线更新失败: ('Connection aborted.', RemoteDisconnected('Remote end closed connection without response'))
2025-08-23 09:03:12,848 - WARNING - ⚠️ 002601 龙佰集团 K线更新失败: ('Connection aborted.', RemoteDisconnected('Remote end closed connection without response'))
2025-08-23 09:03:13,479 - WARNING - ⚠️ 002602 ST华通 K线更新失败: ('Connection aborted.', RemoteDisconnected('Remote end closed connection without response'))
2025-08-23 09:03:14,099 - WARNING - ⚠️ 002603 以岭药业 K线更新失败: ('Connection aborted.', RemoteDisconnected('Remote end closed connection without response'))
2025-08-23 09:03:14,718 - WARNING - ⚠️ 002604 龙力退 K线更新失败: ('Connection aborted.', RemoteDisconnected('Remote end closed connection without response'))
2025-08-23 09:03:15,349 - WARNING - ⚠️ 002605 姚记科技 K线更新失败: ('Connection aborted.', RemoteDisconnected('Remote end closed connection without response'))
2025-08-23 09:03:15,967 - WARNING - ⚠️ 002606 大连电瓷 K线更新失败: ('Connection aborted.', RemoteDisconnected('Remote end closed connection without response'))
2025-08-23 09:03:16,589 - WARNING - ⚠️ 002607 中公教育 K线更新失败: ('Connection aborted.', RemoteDisconnected('Remote end closed connection without response'))
2025-08-23 09:03:17,225 - WARNING - ⚠️ 002608 江苏国信 K线更新失败: ('Connection aborted.', RemoteDisconnected('Remote end closed connection without response'))
2025-08-23 09:03:17,845 - WARNING - ⚠️ 002609 捷顺科技 K线更新失败: ('Connection aborted.', RemoteDisconnected('Remote end closed connection without response'))
2025-08-23 09:03:18,464 - WARNING - ⚠️ 002610 ST爱康 K线更新失败: ('Connection aborted.', RemoteDisconnected('Remote end closed connection without response'))
2025-08-23 09:03:19,088 - WARNING - ⚠️ 002611 东方精工 K线更新失败: ('Connection aborted.', RemoteDisconnected('Remote end closed connection without response'))
2025-08-23 09:03:19,706 - WARNING - ⚠️ 002612 朗姿股份 K线更新失败: ('Connection aborted.', RemoteDisconnected('Remote end closed connection without response'))
2025-08-23 09:03:20,331 - WARNING - ⚠️ 002613 北玻股份 K线更新失败: ('Connection aborted.', RemoteDisconnected('Remote end closed connection without response'))
2025-08-23 09:03:20,949 - WARNING - ⚠️ 002614 奥佳华 K线更新失败: ('Connection aborted.', RemoteDisconnected('Remote end closed connection without response'))
2025-08-23 09:03:21,570 - WARNING - ⚠️ 002615 哈尔斯 K线更新失败: ('Connection aborted.', RemoteDisconnected('Remote end closed connection without response'))
2025-08-23 09:03:22,185 - WARNING - ⚠️ 002616 长青集团 K线更新失败: ('Connection aborted.', RemoteDisconnected('Remote end closed connection without response'))
2025-08-23 09:03:22,802 - WARNING - ⚠️ 002617 露笑科技 K线更新失败: ('Connection aborted.', RemoteDisconnected('Remote end closed connection without response'))
2025-08-23 09:03:23,422 - WARNING - ⚠️ 002618 丹邦退 K线更新失败: ('Connection aborted.', RemoteDisconnected('Remote end closed connection without response'))
2025-08-23 09:03:24,037 - WARNING - ⚠️ 002619 *ST艾格 K线更新失败: ('Connection aborted.', RemoteDisconnected('Remote end closed connection without response'))
2025-08-23 09:03:24,650 - WARNING - ⚠️ 002620 ST瑞和 K线更新失败: ('Connection aborted.', RemoteDisconnected('Remote end closed connection without response'))
2025-08-23 09:03:25,263 - WARNING - ⚠️ 002621 *ST美吉 K线更新失败: ('Connection aborted.', RemoteDisconnected('Remote end closed connection without response'))
2025-08-23 09:03:25,875 - WARNING - ⚠️ 002622 皓宸医疗 K线更新失败: ('Connection aborted.', RemoteDisconnected('Remote end closed connection without response'))
2025-08-23 09:03:26,488 - WARNING - ⚠️ 002623 亚玛顿 K线更新失败: ('Connection aborted.', RemoteDisconnected('Remote end closed connection without response'))
2025-08-23 09:03:27,100 - WARNING - ⚠️ 002624 完美世界 K线更新失败: ('Connection aborted.', RemoteDisconnected('Remote end closed connection without response'))
2025-08-23 09:03:27,712 - WARNING - ⚠️ 002625 光启技术 K线更新失败: ('Connection aborted.', RemoteDisconnected('Remote end closed connection without response'))
2025-08-23 09:03:28,319 - WARNING - ⚠️ 002626 金达威 K线更新失败: ('Connection aborted.', RemoteDisconnected('Remote end closed connection without response'))
2025-08-23 09:03:28,944 - WARNING - ⚠️ 002627 三峡旅游 K线更新失败: ('Connection aborted.', RemoteDisconnected('Remote end closed connection without response'))
2025-08-23 09:03:29,559 - WARNING - ⚠️ 002628 成都路桥 K线更新失败: ('Connection aborted.', RemoteDisconnected('Remote end closed connection without response'))
2025-08-23 09:03:30,179 - WARNING - ⚠️ 002629 仁智股份 K线更新失败: ('Connection aborted.', RemoteDisconnected('Remote end closed connection without response'))
2025-08-23 09:03:30,808 - WARNING - ⚠️ 002630 ST华西 K线更新失败: ('Connection aborted.', RemoteDisconnected('Remote end closed connection without response'))
2025-08-23 09:03:31,439 - WARNING - ⚠️ 002631 德尔未来 K线更新失败: ('Connection aborted.', RemoteDisconnected('Remote end closed connection without response'))
2025-08-23 09:03:32,063 - WARNING - ⚠️ 002632 道明光学 K线更新失败: ('Connection aborted.', RemoteDisconnected('Remote end closed connection without response'))
2025-08-23 09:03:32,690 - WARNING - ⚠️ 002633 申科股份 K线更新失败: ('Connection aborted.', RemoteDisconnected('Remote end closed connection without response'))
2025-08-23 09:03:33,319 - WARNING - ⚠️ 002634 棒杰股份 K线更新失败: ('Connection aborted.', RemoteDisconnected('Remote end closed connection without response'))
2025-08-23 09:03:33,942 - WARNING - ⚠️ 002635 安洁科技 K线更新失败: ('Connection aborted.', RemoteDisconnected('Remote end closed connection without response'))
2025-08-23 09:03:34,558 - WARNING - ⚠️ 002636 金安国纪 K线更新失败: ('Connection aborted.', RemoteDisconnected('Remote end closed connection without response'))
2025-08-23 09:03:35,180 - WARNING - ⚠️ 002637 赞宇科技 K线更新失败: ('Connection aborted.', RemoteDisconnected('Remote end closed connection without response'))
2025-08-23 09:03:35,815 - WARNING - ⚠️ 002638 勤上股份 K线更新失败: ('Connection aborted.', RemoteDisconnected('Remote end closed connection without response'))
2025-08-23 09:03:36,457 - WARNING - ⚠️ 002639 雪人集团 K线更新失败: ('Connection aborted.', RemoteDisconnected('Remote end closed connection without response'))
2025-08-23 09:03:37,081 - WARNING - ⚠️ 002640 跨境通 K线更新失败: ('Connection aborted.', RemoteDisconnected('Remote end closed connection without response'))
2025-08-23 09:03:37,712 - WARNING - ⚠️ 002641 公元股份 K线更新失败: ('Connection aborted.', RemoteDisconnected('Remote end closed connection without response'))
2025-08-23 09:03:38,338 - WARNING - ⚠️ 002642 荣联科技 K线更新失败: ('Connection aborted.', RemoteDisconnected('Remote end closed connection without response'))
2025-08-23 09:03:38,967 - WARNING - ⚠️ 002643 万润股份 K线更新失败: ('Connection aborted.', RemoteDisconnected('Remote end closed connection without response'))
2025-08-23 09:03:39,586 - WARNING - ⚠️ 002644 佛慈制药 K线更新失败: ('Connection aborted.', RemoteDisconnected('Remote end closed connection without response'))
2025-08-23 09:03:40,207 - WARNING - ⚠️ 002645 华宏科技 K线更新失败: ('Connection aborted.', RemoteDisconnected('Remote end closed connection without response'))
2025-08-23 09:03:40,829 - WARNING - ⚠️ 002646 天佑德酒 K线更新失败: ('Connection aborted.', RemoteDisconnected('Remote end closed connection without response'))
2025-08-23 09:03:41,456 - WARNING - ⚠️ 002647 *ST仁东 K线更新失败: ('Connection aborted.', RemoteDisconnected('Remote end closed connection without response'))
2025-08-23 09:03:42,083 - WARNING - ⚠️ 002648 卫星化学 K线更新失败: ('Connection aborted.', RemoteDisconnected('Remote end closed connection without response'))
2025-08-23 09:03:42,710 - WARNING - ⚠️ 002649 博彦科技 K线更新失败: ('Connection aborted.', RemoteDisconnected('Remote end closed connection without response'))
2025-08-23 09:03:43,327 - WARNING - ⚠️ 002650 ST加加 K线更新失败: ('Connection aborted.', RemoteDisconnected('Remote end closed connection without response'))
2025-08-23 09:03:43,945 - WARNING - ⚠️ 002651 利君股份 K线更新失败: ('Connection aborted.', RemoteDisconnected('Remote end closed connection without response'))
2025-08-23 09:03:44,570 - WARNING - ⚠️ 002652 扬子新材 K线更新失败: ('Connection aborted.', RemoteDisconnected('Remote end closed connection without response'))
2025-08-23 09:03:45,199 - WARNING - ⚠️ 002653 海思科 K线更新失败: ('Connection aborted.', RemoteDisconnected('Remote end closed connection without response'))
2025-08-23 09:03:45,816 - WARNING - ⚠️ 002654 万润科技 K线更新失败: ('Connection aborted.', RemoteDisconnected('Remote end closed connection without response'))
2025-08-23 09:03:46,441 - WARNING - ⚠️ 002655 共达电声 K线更新失败: ('Connection aborted.', RemoteDisconnected('Remote end closed connection without response'))
2025-08-23 09:03:47,063 - WARNING - ⚠️ 002656 *ST摩登 K线更新失败: ('Connection aborted.', RemoteDisconnected('Remote end closed connection without response'))
2025-08-23 09:03:47,689 - WARNING - ⚠️ 002657 中科金财 K线更新失败: ('Connection aborted.', RemoteDisconnected('Remote end closed connection without response'))
2025-08-23 09:03:48,321 - WARNING - ⚠️ 002658 雪迪龙 K线更新失败: ('Connection aborted.', RemoteDisconnected('Remote end closed connection without response'))
2025-08-23 09:03:48,945 - WARNING - ⚠️ 002659 凯文教育 K线更新失败: ('Connection aborted.', RemoteDisconnected('Remote end closed connection without response'))
2025-08-23 09:03:49,573 - WARNING - ⚠️ 002660 茂硕电源 K线更新失败: ('Connection aborted.', RemoteDisconnected('Remote end closed connection without response'))
2025-08-23 09:03:50,206 - WARNING - ⚠️ 002661 克明食品 K线更新失败: ('Connection aborted.', RemoteDisconnected('Remote end closed connection without response'))
2025-08-23 09:03:50,822 - WARNING - ⚠️ 002662 峰璟股份 K线更新失败: ('Connection aborted.', RemoteDisconnected('Remote end closed connection without response'))
2025-08-23 09:03:51,453 - WARNING - ⚠️ 002663 普邦股份 K线更新失败: ('Connection aborted.', RemoteDisconnected('Remote end closed connection without response'))
2025-08-23 09:03:52,092 - WARNING - ⚠️ 002664 信质集团 K线更新失败: ('Connection aborted.', RemoteDisconnected('Remote end closed connection without response'))
2025-08-23 09:03:52,716 - WARNING - ⚠️ 002665 ST航高 K线更新失败: ('Connection aborted.', RemoteDisconnected('Remote end closed connection without response'))
2025-08-23 09:03:53,344 - WARNING - ⚠️ 002666 德联集团 K线更新失败: ('Connection aborted.', RemoteDisconnected('Remote end closed connection without response'))
2025-08-23 09:03:53,963 - WARNING - ⚠️ 002667 威领股份 K线更新失败: ('Connection aborted.', RemoteDisconnected('Remote end closed connection without response'))
2025-08-23 09:03:54,583 - WARNING - ⚠️ 002668 TCL智家 K线更新失败: ('Connection aborted.', RemoteDisconnected('Remote end closed connection without response'))
2025-08-23 09:03:55,211 - WARNING - ⚠️ 002669 康达新材 K线更新失败: ('Connection aborted.', RemoteDisconnected('Remote end closed connection without response'))
2025-08-23 09:03:55,845 - WARNING - ⚠️ 002670 国盛金控 K线更新失败: ('Connection aborted.', RemoteDisconnected('Remote end closed connection without response'))
2025-08-23 09:03:56,454 - WARNING - ⚠️ 002671 龙泉股份 K线更新失败: ('Connection aborted.', RemoteDisconnected('Remote end closed connection without response'))
2025-08-23 09:03:57,078 - WARNING - ⚠️ 002672 东江环保 K线更新失败: ('Connection aborted.', RemoteDisconnected('Remote end closed connection without response'))
2025-08-23 09:03:57,706 - WARNING - ⚠️ 002673 西部证券 K线更新失败: ('Connection aborted.', RemoteDisconnected('Remote end closed connection without response'))
2025-08-23 09:03:58,332 - WARNING - ⚠️ 002674 兴业科技 K线更新失败: ('Connection aborted.', RemoteDisconnected('Remote end closed connection without response'))
2025-08-23 09:03:58,965 - WARNING - ⚠️ 002675 东诚药业 K线更新失败: ('Connection aborted.', RemoteDisconnected('Remote end closed connection without response'))
2025-08-23 09:03:59,608 - WARNING - ⚠️ 002676 顺威股份 K线更新失败: ('Connection aborted.', RemoteDisconnected('Remote end closed connection without response'))
2025-08-23 09:04:00,239 - WARNING - ⚠️ 002677 浙江美大 K线更新失败: ('Connection aborted.', RemoteDisconnected('Remote end closed connection without response'))
2025-08-23 09:04:00,857 - WARNING - ⚠️ 002678 珠江钢琴 K线更新失败: ('Connection aborted.', RemoteDisconnected('Remote end closed connection without response'))
2025-08-23 09:04:01,476 - WARNING - ⚠️ 002679 福建金森 K线更新失败: ('Connection aborted.', RemoteDisconnected('Remote end closed connection without response'))
2025-08-23 09:04:02,173 - WARNING - ⚠️ 002680 长生退 K线更新失败: ('Connection aborted.', RemoteDisconnected('Remote end closed connection without response'))
2025-08-23 09:04:02,796 - WARNING - ⚠️ 002681 奋达科技 K线更新失败: ('Connection aborted.', RemoteDisconnected('Remote end closed connection without response'))
2025-08-23 09:04:03,421 - WARNING - ⚠️ 002682 龙洲股份 K线更新失败: ('Connection aborted.', RemoteDisconnected('Remote end closed connection without response'))
2025-08-23 09:04:04,039 - WARNING - ⚠️ 002683 广东宏大 K线更新失败: ('Connection aborted.', RemoteDisconnected('Remote end closed connection without response'))
2025-08-23 09:04:04,667 - WARNING - ⚠️ 002684 猛狮退 K线更新失败: ('Connection aborted.', RemoteDisconnected('Remote end closed connection without response'))
2025-08-23 09:04:05,296 - WARNING - ⚠️ 002685 华东重机 K线更新失败: ('Connection aborted.', RemoteDisconnected('Remote end closed connection without response'))
2025-08-23 09:04:05,923 - WARNING - ⚠️ 002686 亿利达 K线更新失败: ('Connection aborted.', RemoteDisconnected('Remote end closed connection without response'))
2025-08-23 09:04:06,540 - WARNING - ⚠️ 002687 乔治白 K线更新失败: ('Connection aborted.', RemoteDisconnected('Remote end closed connection without response'))
2025-08-23 09:04:07,175 - WARNING - ⚠️ 002688 金河生物 K线更新失败: ('Connection aborted.', RemoteDisconnected('Remote end closed connection without response'))
2025-08-23 09:04:07,783 - WARNING - ⚠️ 002689 远大智能 K线更新失败: ('Connection aborted.', RemoteDisconnected('Remote end closed connection without response'))
2025-08-23 09:04:08,404 - WARNING - ⚠️ 002690 美亚光电 K线更新失败: ('Connection aborted.', RemoteDisconnected('Remote end closed connection without response'))
2025-08-23 09:04:09,022 - WARNING - ⚠️ 002691 冀凯股份 K线更新失败: ('Connection aborted.', RemoteDisconnected('Remote end closed connection without response'))
2025-08-23 09:04:09,647 - WARNING - ⚠️ 002692 远程股份 K线更新失败: ('Connection aborted.', RemoteDisconnected('Remote end closed connection without response'))
2025-08-23 09:04:10,259 - WARNING - ⚠️ 002693 *ST双成 K线更新失败: ('Connection aborted.', RemoteDisconnected('Remote end closed connection without response'))
2025-08-23 09:04:10,872 - WARNING - ⚠️ 002694 顾地科技 K线更新失败: ('Connection aborted.', RemoteDisconnected('Remote end closed connection without response'))
2025-08-23 09:04:11,485 - WARNING - ⚠️ 002695 煌上煌 K线更新失败: ('Connection aborted.', RemoteDisconnected('Remote end closed connection without response'))
2025-08-23 09:04:12,098 - WARNING - ⚠️ 002696 百洋股份 K线更新失败: ('Connection aborted.', RemoteDisconnected('Remote end closed connection without response'))
2025-08-23 09:04:12,710 - WARNING - ⚠️ 002697 红旗连锁 K线更新失败: ('Connection aborted.', RemoteDisconnected('Remote end closed connection without response'))
2025-08-23 09:04:13,321 - WARNING - ⚠️ 002698 博实股份 K线更新失败: ('Connection aborted.', RemoteDisconnected('Remote end closed connection without response'))
2025-08-23 09:04:13,934 - WARNING - ⚠️ 002699 *ST美盛 K线更新失败: ('Connection aborted.', RemoteDisconnected('Remote end closed connection without response'))
2025-08-23 09:04:14,545 - WARNING - ⚠️ 002700 万憬能源 K线更新失败: ('Connection aborted.', RemoteDisconnected('Remote end closed connection without response'))
2025-08-23 09:04:15,151 - WARNING - ⚠️ 002701 奥瑞金 K线更新失败: ('Connection aborted.', RemoteDisconnected('Remote end closed connection without response'))
2025-08-23 09:04:15,756 - WARNING - ⚠️ 002702 海欣食品 K线更新失败: ('Connection aborted.', RemoteDisconnected('Remote end closed connection without response'))
2025-08-23 09:04:16,381 - WARNING - ⚠️ 002703 浙江世宝 K线更新失败: ('Connection aborted.', RemoteDisconnected('Remote end closed connection without response'))
2025-08-23 09:04:16,998 - WARNING - ⚠️ 002705 新宝股份 K线更新失败: ('Connection aborted.', RemoteDisconnected('Remote end closed connection without response'))
2025-08-23 09:04:17,610 - WARNING - ⚠️ 002706 良信股份 K线更新失败: ('Connection aborted.', RemoteDisconnected('Remote end closed connection without response'))
2025-08-23 09:04:18,302 - WARNING - ⚠️ 002707 众信旅游 K线更新失败: ('Connection aborted.', RemoteDisconnected('Remote end closed connection without response'))
2025-08-23 09:04:18,914 - WARNING - ⚠️ 002708 光洋股份 K线更新失败: ('Connection aborted.', RemoteDisconnected('Remote end closed connection without response'))
2025-08-23 09:04:19,531 - WARNING - ⚠️ 002709 天赐材料 K线更新失败: ('Connection aborted.', RemoteDisconnected('Remote end closed connection without response'))
2025-08-23 09:04:20,145 - WARNING - ⚠️ 002711 欧浦退 K线更新失败: ('Connection aborted.', RemoteDisconnected('Remote end closed connection without response'))
2025-08-23 09:04:20,768 - WARNING - ⚠️ 002712 思美传媒 K线更新失败: ('Connection aborted.', RemoteDisconnected('Remote end closed connection without response'))
2025-08-23 09:04:21,383 - WARNING - ⚠️ 002713 *ST东易 K线更新失败: ('Connection aborted.', RemoteDisconnected('Remote end closed connection without response'))
2025-08-23 09:04:21,995 - WARNING - ⚠️ 002714 牧原股份 K线更新失败: ('Connection aborted.', RemoteDisconnected('Remote end closed connection without response'))
2025-08-23 09:04:22,627 - WARNING - ⚠️ 002715 登云股份 K线更新失败: ('Connection aborted.', RemoteDisconnected('Remote end closed connection without response'))
2025-08-23 09:04:23,240 - WARNING - ⚠️ 002716 湖南白银 K线更新失败: ('Connection aborted.', RemoteDisconnected('Remote end closed connection without response'))
2025-08-23 09:04:23,869 - WARNING - ⚠️ 002717 ST岭南 K线更新失败: ('Connection aborted.', RemoteDisconnected('Remote end closed connection without response'))
2025-08-23 09:04:24,466 - WARNING - ⚠️ 002718 友邦吊顶 K线更新失败: ('Connection aborted.', RemoteDisconnected('Remote end closed connection without response'))
2025-08-23 09:04:25,103 - WARNING - ⚠️ 002719 麦趣尔 K线更新失败: ('Connection aborted.', RemoteDisconnected('Remote end closed connection without response'))
2025-08-23 09:04:25,718 - WARNING - ⚠️ 002721 金一文化 K线更新失败: ('Connection aborted.', RemoteDisconnected('Remote end closed connection without response'))
2025-08-23 09:04:26,351 - WARNING - ⚠️ 002722 物产金轮 K线更新失败: ('Connection aborted.', RemoteDisconnected('Remote end closed connection without response'))
2025-08-23 09:04:26,966 - WARNING - ⚠️ 002723 小崧股份 K线更新失败: ('Connection aborted.', RemoteDisconnected('Remote end closed connection without response'))
2025-08-23 09:04:27,594 - WARNING - ⚠️ 002724 海洋王 K线更新失败: ('Connection aborted.', RemoteDisconnected('Remote end closed connection without response'))
2025-08-23 09:04:28,219 - WARNING - ⚠️ 002725 跃岭股份 K线更新失败: ('Connection aborted.', RemoteDisconnected('Remote end closed connection without response'))
2025-08-23 09:04:28,846 - WARNING - ⚠️ 002726 龙大美食 K线更新失败: ('Connection aborted.', RemoteDisconnected('Remote end closed connection without response'))
2025-08-23 09:04:29,462 - WARNING - ⚠️ 002727 一心堂 K线更新失败: ('Connection aborted.', RemoteDisconnected('Remote end closed connection without response'))
2025-08-23 09:04:30,104 - WARNING - ⚠️ 002728 特一药业 K线更新失败: ('Connection aborted.', RemoteDisconnected('Remote end closed connection without response'))
2025-08-23 09:04:30,717 - WARNING - ⚠️ 002729 好利科技 K线更新失败: ('Connection aborted.', RemoteDisconnected('Remote end closed connection without response'))
2025-08-23 09:04:31,349 - WARNING - ⚠️ 002730 电光科技 K线更新失败: ('Connection aborted.', RemoteDisconnected('Remote end closed connection without response'))
2025-08-23 09:04:31,971 - WARNING - ⚠️ 002731 萃华珠宝 K线更新失败: ('Connection aborted.', RemoteDisconnected('Remote end closed connection without response'))
2025-08-23 09:04:32,581 - WARNING - ⚠️ 002732 燕塘乳业 K线更新失败: ('Connection aborted.', RemoteDisconnected('Remote end closed connection without response'))
2025-08-23 09:04:33,202 - WARNING - ⚠️ 002733 雄韬股份 K线更新失败: ('Connection aborted.', RemoteDisconnected('Remote end closed connection without response'))
2025-08-23 09:04:33,822 - WARNING - ⚠️ 002734 利民股份 K线更新失败: ('Connection aborted.', RemoteDisconnected('Remote end closed connection without response'))
2025-08-23 09:04:34,450 - WARNING - ⚠️ 002735 王子新材 K线更新失败: ('Connection aborted.', RemoteDisconnected('Remote end closed connection without response'))
2025-08-23 09:04:35,067 - WARNING - ⚠️ 002736 国信证券 K线更新失败: ('Connection aborted.', RemoteDisconnected('Remote end closed connection without response'))
2025-08-23 09:04:35,684 - WARNING - ⚠️ 002737 葵花药业 K线更新失败: ('Connection aborted.', RemoteDisconnected('Remote end closed connection without response'))
2025-08-23 09:04:36,311 - WARNING - ⚠️ 002738 中矿资源 K线更新失败: ('Connection aborted.', RemoteDisconnected('Remote end closed connection without response'))
2025-08-23 09:04:36,935 - WARNING - ⚠️ 002739 万达电影 K线更新失败: ('Connection aborted.', RemoteDisconnected('Remote end closed connection without response'))
2025-08-23 09:04:37,554 - WARNING - ⚠️ 002740 *ST爱迪 K线更新失败: ('Connection aborted.', RemoteDisconnected('Remote end closed connection without response'))
2025-08-23 09:04:38,169 - WARNING - ⚠️ 002741 光华科技 K线更新失败: ('Connection aborted.', RemoteDisconnected('Remote end closed connection without response'))
2025-08-23 09:04:38,795 - WARNING - ⚠️ 002742 *ST三圣 K线更新失败: ('Connection aborted.', RemoteDisconnected('Remote end closed connection without response'))
2025-08-23 09:04:39,402 - WARNING - ⚠️ 002743 富煌钢构 K线更新失败: ('Connection aborted.', RemoteDisconnected('Remote end closed connection without response'))
2025-08-23 09:04:40,014 - WARNING - ⚠️ 002745 木林森 K线更新失败: ('Connection aborted.', RemoteDisconnected('Remote end closed connection without response'))
2025-08-23 09:04:40,648 - WARNING - ⚠️ 002746 仙坛股份 K线更新失败: ('Connection aborted.', RemoteDisconnected('Remote end closed connection without response'))
2025-08-23 09:04:41,281 - WARNING - ⚠️ 002747 埃斯顿 K线更新失败: ('Connection aborted.', RemoteDisconnected('Remote end closed connection without response'))
2025-08-23 09:04:41,883 - WARNING - ⚠️ 002748 世龙实业 K线更新失败: ('Connection aborted.', RemoteDisconnected('Remote end closed connection without response'))
2025-08-23 09:04:42,512 - WARNING - ⚠️ 002749 国光股份 K线更新失败: ('Connection aborted.', RemoteDisconnected('Remote end closed connection without response'))
2025-08-23 09:04:43,131 - WARNING - ⚠️ 002750 龙津退 K线更新失败: ('Connection aborted.', RemoteDisconnected('Remote end closed connection without response'))
2025-08-23 09:04:43,751 - WARNING - ⚠️ 002751 易尚退 K线更新失败: ('Connection aborted.', RemoteDisconnected('Remote end closed connection without response'))
2025-08-23 09:04:44,373 - WARNING - ⚠️ 002752 昇兴股份 K线更新失败: ('Connection aborted.', RemoteDisconnected('Remote end closed connection without response'))
2025-08-23 09:04:44,993 - WARNING - ⚠️ 002753 永东股份 K线更新失败: ('Connection aborted.', RemoteDisconnected('Remote end closed connection without response'))
2025-08-23 09:04:45,601 - WARNING - ⚠️ 002755 奥赛康 K线更新失败: ('Connection aborted.', RemoteDisconnected('Remote end closed connection without response'))
2025-08-23 09:04:46,228 - WARNING - ⚠️ 002756 永兴材料 K线更新失败: ('Connection aborted.', RemoteDisconnected('Remote end closed connection without response'))
2025-08-23 09:04:46,844 - WARNING - ⚠️ 002757 南兴股份 K线更新失败: ('Connection aborted.', RemoteDisconnected('Remote end closed connection without response'))
2025-08-23 09:04:47,485 - WARNING - ⚠️ 002758 浙农股份 K线更新失败: ('Connection aborted.', RemoteDisconnected('Remote end closed connection without response'))
2025-08-23 09:04:48,119 - WARNING - ⚠️ 002759 天际股份 K线更新失败: ('Connection aborted.', RemoteDisconnected('Remote end closed connection without response'))
2025-08-23 09:04:48,731 - WARNING - ⚠️ 002760 凤形股份 K线更新失败: ('Connection aborted.', RemoteDisconnected('Remote end closed connection without response'))
2025-08-23 09:04:49,349 - WARNING - ⚠️ 002761 浙江建投 K线更新失败: ('Connection aborted.', RemoteDisconnected('Remote end closed connection without response'))
2025-08-23 09:04:49,966 - WARNING - ⚠️ 002762 *ST金比 K线更新失败: ('Connection aborted.', RemoteDisconnected('Remote end closed connection without response'))
2025-08-23 09:04:50,577 - WARNING - ⚠️ 002763 汇洁股份 K线更新失败: ('Connection aborted.', RemoteDisconnected('Remote end closed connection without response'))
2025-08-23 09:04:51,190 - WARNING - ⚠️ 002765 蓝黛科技 K线更新失败: ('Connection aborted.', RemoteDisconnected('Remote end closed connection without response'))
2025-08-23 09:04:51,800 - WARNING - ⚠️ 002766 索菱股份 K线更新失败: ('Connection aborted.', RemoteDisconnected('Remote end closed connection without response'))
2025-08-23 09:04:52,426 - WARNING - ⚠️ 002767 先锋电子 K线更新失败: ('Connection aborted.', RemoteDisconnected('Remote end closed connection without response'))
2025-08-23 09:04:53,052 - WARNING - ⚠️ 002768 国恩股份 K线更新失败: ('Connection aborted.', RemoteDisconnected('Remote end closed connection without response'))
2025-08-23 09:04:53,678 - WARNING - ⚠️ 002769 普路通 K线更新失败: ('Connection aborted.', RemoteDisconnected('Remote end closed connection without response'))
2025-08-23 09:04:54,299 - WARNING - ⚠️ 002770 科迪退 K线更新失败: ('Connection aborted.', RemoteDisconnected('Remote end closed connection without response'))
2025-08-23 09:04:54,923 - WARNING - ⚠️ 002771 真视通 K线更新失败: ('Connection aborted.', RemoteDisconnected('Remote end closed connection without response'))
2025-08-23 09:04:55,532 - WARNING - ⚠️ 002772 众兴菌业 K线更新失败: ('Connection aborted.', RemoteDisconnected('Remote end closed connection without response'))
2025-08-23 09:04:56,132 - WARNING - ⚠️ 002773 康弘药业 K线更新失败: ('Connection aborted.', RemoteDisconnected('Remote end closed connection without response'))
2025-08-23 09:04:56,748 - WARNING - ⚠️ 002774 快意电梯 K线更新失败: ('Connection aborted.', RemoteDisconnected('Remote end closed connection without response'))
2025-08-23 09:04:57,364 - WARNING - ⚠️ 002775 文科股份 K线更新失败: ('Connection aborted.', RemoteDisconnected('Remote end closed connection without response'))
2025-08-23 09:04:57,981 - WARNING - ⚠️ 002776 *ST柏龙 K线更新失败: ('Connection aborted.', RemoteDisconnected('Remote end closed connection without response'))
2025-08-23 09:04:58,600 - WARNING - ⚠️ 002777 久远银海 K线更新失败: ('Connection aborted.', RemoteDisconnected('Remote end closed connection without response'))
2025-08-23 09:04:59,215 - WARNING - ⚠️ 002778 中晟高科 K线更新失败: ('Connection aborted.', RemoteDisconnected('Remote end closed connection without response'))
2025-08-23 09:04:59,842 - WARNING - ⚠️ 002779 中坚科技 K线更新失败: ('Connection aborted.', RemoteDisconnected('Remote end closed connection without response'))
2025-08-23 09:05:00,454 - WARNING - ⚠️ 002780 三夫户外 K线更新失败: ('Connection aborted.', RemoteDisconnected('Remote end closed connection without response'))
2025-08-23 09:05:01,065 - WARNING - ⚠️ 002781 奇信退 K线更新失败: ('Connection aborted.', RemoteDisconnected('Remote end closed connection without response'))
2025-08-23 09:05:01,683 - WARNING - ⚠️ 002782 可立克 K线更新失败: ('Connection aborted.', RemoteDisconnected('Remote end closed connection without response'))
2025-08-23 09:05:02,302 - WARNING - ⚠️ 002783 凯龙股份 K线更新失败: ('Connection aborted.', RemoteDisconnected('Remote end closed connection without response'))
2025-08-23 09:05:02,915 - WARNING - ⚠️ 002785 万里石 K线更新失败: ('Connection aborted.', RemoteDisconnected('Remote end closed connection without response'))
2025-08-23 09:05:03,544 - WARNING - ⚠️ 002786 银宝山新 K线更新失败: ('Connection aborted.', RemoteDisconnected('Remote end closed connection without response'))
2025-08-23 09:05:04,154 - WARNING - ⚠️ 002787 华源控股 K线更新失败: ('Connection aborted.', RemoteDisconnected('Remote end closed connection without response'))
2025-08-23 09:05:04,765 - WARNING - ⚠️ 002788 鹭燕医药 K线更新失败: ('Connection aborted.', RemoteDisconnected('Remote end closed connection without response'))
2025-08-23 09:05:05,377 - WARNING - ⚠️ 002789 *ST建艺 K线更新失败: ('Connection aborted.', RemoteDisconnected('Remote end closed connection without response'))
2025-08-23 09:05:05,990 - WARNING - ⚠️ 002790 瑞尔特 K线更新失败: ('Connection aborted.', RemoteDisconnected('Remote end closed connection without response'))
2025-08-23 09:05:06,615 - WARNING - ⚠️ 002791 坚朗五金 K线更新失败: ('Connection aborted.', RemoteDisconnected('Remote end closed connection without response'))
2025-08-23 09:05:07,233 - WARNING - ⚠️ 002792 通宇通讯 K线更新失败: ('Connection aborted.', RemoteDisconnected('Remote end closed connection without response'))
2025-08-23 09:05:07,853 - WARNING - ⚠️ 002793 罗欣药业 K线更新失败: ('Connection aborted.', RemoteDisconnected('Remote end closed connection without response'))
2025-08-23 09:05:08,447 - WARNING - ⚠️ 002795 永和智控 K线更新失败: ('Connection aborted.', RemoteDisconnected('Remote end closed connection without response'))
2025-08-23 09:05:09,061 - WARNING - ⚠️ 002796 世嘉科技 K线更新失败: ('Connection aborted.', RemoteDisconnected('Remote end closed connection without response'))
2025-08-23 09:05:09,696 - WARNING - ⚠️ 002797 第一创业 K线更新失败: ('Connection aborted.', RemoteDisconnected('Remote end closed connection without response'))
2025-08-23 09:05:10,311 - WARNING - ⚠️ 002798 帝欧家居 K线更新失败: ('Connection aborted.', RemoteDisconnected('Remote end closed connection without response'))
2025-08-23 09:05:10,912 - WARNING - ⚠️ 002799 环球印务 K线更新失败: ('Connection aborted.', RemoteDisconnected('Remote end closed connection without response'))
2025-08-23 09:05:11,544 - WARNING - ⚠️ 002800 天顺股份 K线更新失败: ('Connection aborted.', RemoteDisconnected('Remote end closed connection without response'))
2025-08-23 09:05:12,158 - WARNING - ⚠️ 002801 微光股份 K线更新失败: ('Connection aborted.', RemoteDisconnected('Remote end closed connection without response'))
2025-08-23 09:05:12,768 - WARNING - ⚠️ 002802 洪汇新材 K线更新失败: ('Connection aborted.', RemoteDisconnected('Remote end closed connection without response'))
2025-08-23 09:05:13,382 - WARNING - ⚠️ 002803 吉宏股份 K线更新失败: ('Connection aborted.', RemoteDisconnected('Remote end closed connection without response'))
2025-08-23 09:05:14,008 - WARNING - ⚠️ 002805 丰元股份 K线更新失败: ('Connection aborted.', RemoteDisconnected('Remote end closed connection without response'))
2025-08-23 09:05:14,628 - WARNING - ⚠️ 002806 华锋股份 K线更新失败: ('Connection aborted.', RemoteDisconnected('Remote end closed connection without response'))
2025-08-23 09:05:15,246 - WARNING - ⚠️ 002807 江阴银行 K线更新失败: ('Connection aborted.', RemoteDisconnected('Remote end closed connection without response'))
2025-08-23 09:05:15,857 - WARNING - ⚠️ 002808 *ST恒久 K线更新失败: ('Connection aborted.', RemoteDisconnected('Remote end closed connection without response'))
2025-08-23 09:05:16,470 - WARNING - ⚠️ 002809 红墙股份 K线更新失败: ('Connection aborted.', RemoteDisconnected('Remote end closed connection without response'))
2025-08-23 09:05:17,100 - WARNING - ⚠️ 002810 山东赫达 K线更新失败: ('Connection aborted.', RemoteDisconnected('Remote end closed connection without response'))
2025-08-23 09:05:17,723 - WARNING - ⚠️ 002811 郑中设计 K线更新失败: ('Connection aborted.', RemoteDisconnected('Remote end closed connection without response'))
2025-08-23 09:05:18,349 - WARNING - ⚠️ 002812 恩捷股份 K线更新失败: ('Connection aborted.', RemoteDisconnected('Remote end closed connection without response'))
2025-08-23 09:05:18,962 - WARNING - ⚠️ 002813 路畅科技 K线更新失败: ('Connection aborted.', RemoteDisconnected('Remote end closed connection without response'))
2025-08-23 09:05:19,577 - WARNING - ⚠️ 002815 崇达技术 K线更新失败: ('Connection aborted.', RemoteDisconnected('Remote end closed connection without response'))
2025-08-23 09:05:20,189 - WARNING - ⚠️ 002816 *ST和科 K线更新失败: ('Connection aborted.', RemoteDisconnected('Remote end closed connection without response'))
2025-08-23 09:05:20,811 - WARNING - ⚠️ 002817 黄山胶囊 K线更新失败: ('Connection aborted.', RemoteDisconnected('Remote end closed connection without response'))
2025-08-23 09:05:21,433 - WARNING - ⚠️ 002818 富森美 K线更新失败: ('Connection aborted.', RemoteDisconnected('Remote end closed connection without response'))
2025-08-23 09:05:22,056 - WARNING - ⚠️ 002819 东方中科 K线更新失败: ('Connection aborted.', RemoteDisconnected('Remote end closed connection without response'))
2025-08-23 09:05:22,668 - WARNING - ⚠️ 002820 桂发祥 K线更新失败: ('Connection aborted.', RemoteDisconnected('Remote end closed connection without response'))
2025-08-23 09:05:23,291 - WARNING - ⚠️ 002821 凯莱英 K线更新失败: ('Connection aborted.', RemoteDisconnected('Remote end closed connection without response'))
2025-08-23 09:05:23,917 - WARNING - ⚠️ 002822 ST中装 K线更新失败: ('Connection aborted.', RemoteDisconnected('Remote end closed connection without response'))
2025-08-23 09:05:24,543 - WARNING - ⚠️ 002823 凯中精密 K线更新失败: ('Connection aborted.', RemoteDisconnected('Remote end closed connection without response'))
2025-08-23 09:05:25,149 - WARNING - ⚠️ 002824 和胜股份 K线更新失败: ('Connection aborted.', RemoteDisconnected('Remote end closed connection without response'))
2025-08-23 09:05:25,767 - WARNING - ⚠️ 002825 纳尔股份 K线更新失败: ('Connection aborted.', RemoteDisconnected('Remote end closed connection without response'))
2025-08-23 09:05:26,382 - WARNING - ⚠️ 002826 易明医药 K线更新失败: ('Connection aborted.', RemoteDisconnected('Remote end closed connection without response'))
2025-08-23 09:05:27,011 - WARNING - ⚠️ 002827 高争民爆 K线更新失败: ('Connection aborted.', RemoteDisconnected('Remote end closed connection without response'))
2025-08-23 09:05:27,629 - WARNING - ⚠️ 002828 贝肯能源 K线更新失败: ('Connection aborted.', RemoteDisconnected('Remote end closed connection without response'))
2025-08-23 09:05:28,250 - WARNING - ⚠️ 002829 星网宇达 K线更新失败: ('Connection aborted.', RemoteDisconnected('Remote end closed connection without response'))
2025-08-23 09:05:28,880 - WARNING - ⚠️ 002830 名雕股份 K线更新失败: ('Connection aborted.', RemoteDisconnected('Remote end closed connection without response'))
2025-08-23 09:05:29,514 - WARNING - ⚠️ 002831 裕同科技 K线更新失败: ('Connection aborted.', RemoteDisconnected('Remote end closed connection without response'))
2025-08-23 09:05:30,114 - WARNING - ⚠️ 002832 比音勒芬 K线更新失败: ('Connection aborted.', RemoteDisconnected('Remote end closed connection without response'))
2025-08-23 09:05:30,735 - WARNING - ⚠️ 002833 弘亚数控 K线更新失败: ('Connection aborted.', RemoteDisconnected('Remote end closed connection without response'))
2025-08-23 09:05:31,357 - WARNING - ⚠️ 002835 同为股份 K线更新失败: ('Connection aborted.', RemoteDisconnected('Remote end closed connection without response'))
2025-08-23 09:05:31,969 - WARNING - ⚠️ 002836 新宏泽 K线更新失败: ('Connection aborted.', RemoteDisconnected('Remote end closed connection without response'))
2025-08-23 09:05:32,604 - WARNING - ⚠️ 002837 英维克 K线更新失败: ('Connection aborted.', RemoteDisconnected('Remote end closed connection without response'))
2025-08-23 09:05:33,234 - WARNING - ⚠️ 002838 道恩股份 K线更新失败: ('Connection aborted.', RemoteDisconnected('Remote end closed connection without response'))
2025-08-23 09:05:33,850 - WARNING - ⚠️ 002839 张家港行 K线更新失败: ('Connection aborted.', RemoteDisconnected('Remote end closed connection without response'))
2025-08-23 09:05:34,480 - WARNING - ⚠️ 002840 华统股份 K线更新失败: ('Connection aborted.', RemoteDisconnected('Remote end closed connection without response'))
2025-08-23 09:05:35,104 - WARNING - ⚠️ 002841 视源股份 K线更新失败: ('Connection aborted.', RemoteDisconnected('Remote end closed connection without response'))
2025-08-23 09:05:35,733 - WARNING - ⚠️ 002842 翔鹭钨业 K线更新失败: ('Connection aborted.', RemoteDisconnected('Remote end closed connection without response'))
2025-08-23 09:05:36,364 - WARNING - ⚠️ 002843 泰嘉股份 K线更新失败: ('Connection aborted.', RemoteDisconnected('Remote end closed connection without response'))
2025-08-23 09:05:36,977 - WARNING - ⚠️ 002845 同兴达 K线更新失败: ('Connection aborted.', RemoteDisconnected('Remote end closed connection without response'))
2025-08-23 09:05:37,595 - WARNING - ⚠️ 002846 英联股份 K线更新失败: ('Connection aborted.', RemoteDisconnected('Remote end closed connection without response'))
2025-08-23 09:05:38,199 - WARNING - ⚠️ 002847 盐津铺子 K线更新失败: ('Connection aborted.', RemoteDisconnected('Remote end closed connection without response'))
2025-08-23 09:05:38,829 - WARNING - ⚠️ 002848 *ST高斯 K线更新失败: ('Connection aborted.', RemoteDisconnected('Remote end closed connection without response'))
2025-08-23 09:05:39,461 - WARNING - ⚠️ 002849 威星智能 K线更新失败: ('Connection aborted.', RemoteDisconnected('Remote end closed connection without response'))
2025-08-23 09:05:40,063 - WARNING - ⚠️ 002850 科达利 K线更新失败: ('Connection aborted.', RemoteDisconnected('Remote end closed connection without response'))
2025-08-23 09:05:40,685 - WARNING - ⚠️ 002851 麦格米特 K线更新失败: ('Connection aborted.', RemoteDisconnected('Remote end closed connection without response'))
2025-08-23 09:05:41,303 - WARNING - ⚠️ 002852 道道全 K线更新失败: ('Connection aborted.', RemoteDisconnected('Remote end closed connection without response'))
2025-08-23 09:05:41,914 - WARNING - ⚠️ 002853 皮阿诺 K线更新失败: ('Connection aborted.', RemoteDisconnected('Remote end closed connection without response'))
2025-08-23 09:05:42,529 - WARNING - ⚠️ 002855 捷荣技术 K线更新失败: ('Connection aborted.', RemoteDisconnected('Remote end closed connection without response'))
2025-08-23 09:05:43,150 - WARNING - ⚠️ 002856 美芝股份 K线更新失败: ('Connection aborted.', RemoteDisconnected('Remote end closed connection without response'))
2025-08-23 09:05:43,763 - WARNING - ⚠️ 002857 三晖电气 K线更新失败: ('Connection aborted.', RemoteDisconnected('Remote end closed connection without response'))
2025-08-23 09:05:44,390 - WARNING - ⚠️ 002858 力盛体育 K线更新失败: ('Connection aborted.', RemoteDisconnected('Remote end closed connection without response'))
2025-08-23 09:05:45,014 - WARNING - ⚠️ 002859 洁美科技 K线更新失败: ('Connection aborted.', RemoteDisconnected('Remote end closed connection without response'))
2025-08-23 09:05:45,643 - WARNING - ⚠️ 002860 星帅尔 K线更新失败: ('Connection aborted.', RemoteDisconnected('Remote end closed connection without response'))
2025-08-23 09:05:46,249 - WARNING - ⚠️ 002861 瀛通通讯 K线更新失败: ('Connection aborted.', RemoteDisconnected('Remote end closed connection without response'))
2025-08-23 09:05:46,862 - WARNING - ⚠️ 002862 实丰文化 K线更新失败: ('Connection aborted.', RemoteDisconnected('Remote end closed connection without response'))
2025-08-23 09:05:47,481 - WARNING - ⚠️ 002863 今飞凯达 K线更新失败: ('Connection aborted.', RemoteDisconnected('Remote end closed connection without response'))
2025-08-23 09:05:48,096 - WARNING - ⚠️ 002864 盘龙药业 K线更新失败: ('Connection aborted.', RemoteDisconnected('Remote end closed connection without response'))
2025-08-23 09:05:48,709 - WARNING - ⚠️ 002865 钧达股份 K线更新失败: ('Connection aborted.', RemoteDisconnected('Remote end closed connection without response'))
2025-08-23 09:05:49,332 - WARNING - ⚠️ 002866 传艺科技 K线更新失败: ('Connection aborted.', RemoteDisconnected('Remote end closed connection without response'))
2025-08-23 09:05:49,959 - WARNING - ⚠️ 002867 周大生 K线更新失败: ('Connection aborted.', RemoteDisconnected('Remote end closed connection without response'))
2025-08-23 09:05:50,570 - WARNING - ⚠️ 002868 *ST绿康 K线更新失败: ('Connection aborted.', RemoteDisconnected('Remote end closed connection without response'))
2025-08-23 09:05:51,197 - WARNING - ⚠️ 002869 金溢科技 K线更新失败: ('Connection aborted.', RemoteDisconnected('Remote end closed connection without response'))
2025-08-23 09:05:51,809 - WARNING - ⚠️ 002870 香山股份 K线更新失败: ('Connection aborted.', RemoteDisconnected('Remote end closed connection without response'))
2025-08-23 09:05:52,420 - WARNING - ⚠️ 002871 伟隆股份 K线更新失败: ('Connection aborted.', RemoteDisconnected('Remote end closed connection without response'))
2025-08-23 09:05:53,037 - WARNING - ⚠️ 002872 ST天圣 K线更新失败: ('Connection aborted.', RemoteDisconnected('Remote end closed connection without response'))
2025-08-23 09:05:53,667 - WARNING - ⚠️ 002873 新天药业 K线更新失败: ('Connection aborted.', RemoteDisconnected('Remote end closed connection without response'))
2025-08-23 09:05:54,303 - WARNING - ⚠️ 002875 安奈儿 K线更新失败: ('Connection aborted.', RemoteDisconnected('Remote end closed connection without response'))
2025-08-23 09:05:54,913 - WARNING - ⚠️ 002876 三利谱 K线更新失败: ('Connection aborted.', RemoteDisconnected('Remote end closed connection without response'))
2025-08-23 09:05:55,525 - WARNING - ⚠️ 002877 智能自控 K线更新失败: ('Connection aborted.', RemoteDisconnected('Remote end closed connection without response'))
2025-08-23 09:05:56,160 - WARNING - ⚠️ 002878 元隆雅图 K线更新失败: ('Connection aborted.', RemoteDisconnected('Remote end closed connection without response'))
2025-08-23 09:05:56,779 - WARNING - ⚠️ 002879 长缆科技 K线更新失败: ('Connection aborted.', RemoteDisconnected('Remote end closed connection without response'))
2025-08-23 09:05:57,391 - WARNING - ⚠️ 002880 卫光生物 K线更新失败: ('Connection aborted.', RemoteDisconnected('Remote end closed connection without response'))
2025-08-23 09:05:58,003 - WARNING - ⚠️ 002881 美格智能 K线更新失败: ('Connection aborted.', RemoteDisconnected('Remote end closed connection without response'))
2025-08-23 09:05:58,615 - WARNING - ⚠️ 002882 金龙羽 K线更新失败: ('Connection aborted.', RemoteDisconnected('Remote end closed connection without response'))
2025-08-23 09:05:59,226 - WARNING - ⚠️ 002883 中设股份 K线更新失败: ('Connection aborted.', RemoteDisconnected('Remote end closed connection without response'))
2025-08-23 09:05:59,856 - WARNING - ⚠️ 002884 凌霄泵业 K线更新失败: ('Connection aborted.', RemoteDisconnected('Remote end closed connection without response'))
2025-08-23 09:06:00,480 - WARNING - ⚠️ 002885 京泉华 K线更新失败: ('Connection aborted.', RemoteDisconnected('Remote end closed connection without response'))
2025-08-23 09:06:01,092 - WARNING - ⚠️ 002886 沃特股份 K线更新失败: ('Connection aborted.', RemoteDisconnected('Remote end closed connection without response'))
2025-08-23 09:06:01,704 - WARNING - ⚠️ 002887 绿茵生态 K线更新失败: ('Connection aborted.', RemoteDisconnected('Remote end closed connection without response'))
2025-08-23 09:06:02,315 - WARNING - ⚠️ 002888 惠威科技 K线更新失败: ('Connection aborted.', RemoteDisconnected('Remote end closed connection without response'))
2025-08-23 09:06:02,927 - WARNING - ⚠️ 002889 东方嘉盛 K线更新失败: ('Connection aborted.', RemoteDisconnected('Remote end closed connection without response'))
2025-08-23 09:06:03,538 - WARNING - ⚠️ 002890 弘宇股份 K线更新失败: ('Connection aborted.', RemoteDisconnected('Remote end closed connection without response'))
2025-08-23 09:06:04,149 - WARNING - ⚠️ 002891 中宠股份 K线更新失败: ('Connection aborted.', RemoteDisconnected('Remote end closed connection without response'))
2025-08-23 09:06:04,776 - WARNING - ⚠️ 002892 科力尔 K线更新失败: ('Connection aborted.', RemoteDisconnected('Remote end closed connection without response'))
2025-08-23 09:06:05,388 - WARNING - ⚠️ 002893 京能热力 K线更新失败: ('Connection aborted.', RemoteDisconnected('Remote end closed connection without response'))
2025-08-23 09:06:06,000 - WARNING - ⚠️ 002895 川恒股份 K线更新失败: ('Connection aborted.', RemoteDisconnected('Remote end closed connection without response'))
2025-08-23 09:06:06,611 - WARNING - ⚠️ 002896 中大力德 K线更新失败: ('Connection aborted.', RemoteDisconnected('Remote end closed connection without response'))
2025-08-23 09:06:07,223 - WARNING - ⚠️ 002897 意华股份 K线更新失败: ('Connection aborted.', RemoteDisconnected('Remote end closed connection without response'))
2025-08-23 09:06:07,840 - WARNING - ⚠️ 002898 *ST赛隆 K线更新失败: ('Connection aborted.', RemoteDisconnected('Remote end closed connection without response'))
2025-08-23 09:06:08,461 - WARNING - ⚠️ 002899 英派斯 K线更新失败: ('Connection aborted.', RemoteDisconnected('Remote end closed connection without response'))
2025-08-23 09:06:09,088 - WARNING - ⚠️ 002900 哈三联 K线更新失败: ('Connection aborted.', RemoteDisconnected('Remote end closed connection without response'))
2025-08-23 09:06:09,688 - WARNING - ⚠️ 002901 大博医疗 K线更新失败: ('Connection aborted.', RemoteDisconnected('Remote end closed connection without response'))
2025-08-23 09:06:10,309 - WARNING - ⚠️ 002902 铭普光磁 K线更新失败: ('Connection aborted.', RemoteDisconnected('Remote end closed connection without response'))
2025-08-23 09:06:10,928 - WARNING - ⚠️ 002903 宇环数控 K线更新失败: ('Connection aborted.', RemoteDisconnected('Remote end closed connection without response'))
2025-08-23 09:06:11,541 - WARNING - ⚠️ 002905 金逸影视 K线更新失败: ('Connection aborted.', RemoteDisconnected('Remote end closed connection without response'))
2025-08-23 09:06:12,158 - WARNING - ⚠️ 002906 华阳集团 K线更新失败: ('Connection aborted.', RemoteDisconnected('Remote end closed connection without response'))
2025-08-23 09:06:12,778 - WARNING - ⚠️ 002907 华森制药 K线更新失败: ('Connection aborted.', RemoteDisconnected('Remote end closed connection without response'))
2025-08-23 09:06:13,402 - WARNING - ⚠️ 002908 德生科技 K线更新失败: ('Connection aborted.', RemoteDisconnected('Remote end closed connection without response'))
2025-08-23 09:06:14,030 - WARNING - ⚠️ 002909 集泰股份 K线更新失败: ('Connection aborted.', RemoteDisconnected('Remote end closed connection without response'))
2025-08-23 09:06:14,631 - WARNING - ⚠️ 002910 庄园牧场 K线更新失败: ('Connection aborted.', RemoteDisconnected('Remote end closed connection without response'))
2025-08-23 09:06:15,261 - WARNING - ⚠️ 002911 佛燃能源 K线更新失败: ('Connection aborted.', RemoteDisconnected('Remote end closed connection without response'))
2025-08-23 09:06:15,865 - WARNING - ⚠️ 002912 中新赛克 K线更新失败: ('Connection aborted.', RemoteDisconnected('Remote end closed connection without response'))
2025-08-23 09:06:16,504 - WARNING - ⚠️ 002913 奥士康 K线更新失败: ('Connection aborted.', RemoteDisconnected('Remote end closed connection without response'))
2025-08-23 09:06:17,118 - WARNING - ⚠️ 002915 中欣氟材 K线更新失败: ('Connection aborted.', RemoteDisconnected('Remote end closed connection without response'))
2025-08-23 09:06:17,744 - WARNING - ⚠️ 002916 深南电路 K线更新失败: ('Connection aborted.', RemoteDisconnected('Remote end closed connection without response'))
2025-08-23 09:06:18,357 - WARNING - ⚠️ 002917 金奥博 K线更新失败: ('Connection aborted.', RemoteDisconnected('Remote end closed connection without response'))
2025-08-23 09:06:18,981 - WARNING - ⚠️ 002918 蒙娜丽莎 K线更新失败: ('Connection aborted.', RemoteDisconnected('Remote end closed connection without response'))
2025-08-23 09:06:19,611 - WARNING - ⚠️ 002919 名臣健康 K线更新失败: ('Connection aborted.', RemoteDisconnected('Remote end closed connection without response'))
2025-08-23 09:06:20,229 - WARNING - ⚠️ 002920 德赛西威 K线更新失败: ('Connection aborted.', RemoteDisconnected('Remote end closed connection without response'))
2025-08-23 09:06:20,848 - WARNING - ⚠️ 002921 联诚精密 K线更新失败: ('Connection aborted.', RemoteDisconnected('Remote end closed connection without response'))
2025-08-23 09:06:21,461 - WARNING - ⚠️ 002922 伊戈尔 K线更新失败: ('Connection aborted.', RemoteDisconnected('Remote end closed connection without response'))
2025-08-23 09:06:22,079 - WARNING - ⚠️ 002923 润都股份 K线更新失败: ('Connection aborted.', RemoteDisconnected('Remote end closed connection without response'))
2025-08-23 09:06:22,695 - WARNING - ⚠️ 002925 盈趣科技 K线更新失败: ('Connection aborted.', RemoteDisconnected('Remote end closed connection without response'))
2025-08-23 09:06:23,307 - WARNING - ⚠️ 002926 华西证券 K线更新失败: ('Connection aborted.', RemoteDisconnected('Remote end closed connection without response'))
2025-08-23 09:06:23,926 - WARNING - ⚠️ 002927 泰永长征 K线更新失败: ('Connection aborted.', RemoteDisconnected('Remote end closed connection without response'))
2025-08-23 09:06:24,547 - WARNING - ⚠️ 002928 华夏航空 K线更新失败: ('Connection aborted.', RemoteDisconnected('Remote end closed connection without response'))
2025-08-23 09:06:25,159 - WARNING - ⚠️ 002929 润建股份 K线更新失败: ('Connection aborted.', RemoteDisconnected('Remote end closed connection without response'))
2025-08-23 09:06:25,782 - WARNING - ⚠️ 002930 宏川智慧 K线更新失败: ('Connection aborted.', RemoteDisconnected('Remote end closed connection without response'))
2025-08-23 09:06:26,413 - WARNING - ⚠️ 002931 锋龙股份 K线更新失败: ('Connection aborted.', RemoteDisconnected('Remote end closed connection without response'))
2025-08-23 09:06:27,024 - WARNING - ⚠️ 002932 明德生物 K线更新失败: ('Connection aborted.', RemoteDisconnected('Remote end closed connection without response'))
2025-08-23 09:06:27,645 - WARNING - ⚠️ 002933 新兴装备 K线更新失败: ('Connection aborted.', RemoteDisconnected('Remote end closed connection without response'))
2025-08-23 09:06:28,263 - WARNING - ⚠️ 002935 天奥电子 K线更新失败: ('Connection aborted.', RemoteDisconnected('Remote end closed connection without response'))
2025-08-23 09:06:28,893 - WARNING - ⚠️ 002936 郑州银行 K线更新失败: ('Connection aborted.', RemoteDisconnected('Remote end closed connection without response'))
2025-08-23 09:06:29,515 - WARNING - ⚠️ 002937 兴瑞科技 K线更新失败: ('Connection aborted.', RemoteDisconnected('Remote end closed connection without response'))
2025-08-23 09:06:30,149 - WARNING - ⚠️ 002938 鹏鼎控股 K线更新失败: ('Connection aborted.', RemoteDisconnected('Remote end closed connection without response'))
2025-08-23 09:06:30,763 - WARNING - ⚠️ 002939 长城证券 K线更新失败: ('Connection aborted.', RemoteDisconnected('Remote end closed connection without response'))
2025-08-23 09:06:31,385 - WARNING - ⚠️ 002940 昂利康 K线更新失败: ('Connection aborted.', RemoteDisconnected('Remote end closed connection without response'))
2025-08-23 09:06:32,005 - WARNING - ⚠️ 002941 新疆交建 K线更新失败: ('Connection aborted.', RemoteDisconnected('Remote end closed connection without response'))
2025-08-23 09:06:32,625 - WARNING - ⚠️ 002942 新农股份 K线更新失败: ('Connection aborted.', RemoteDisconnected('Remote end closed connection without response'))
2025-08-23 09:06:33,250 - WARNING - ⚠️ 002943 宇晶股份 K线更新失败: ('Connection aborted.', RemoteDisconnected('Remote end closed connection without response'))
2025-08-23 09:06:33,880 - WARNING - ⚠️ 002945 华林证券 K线更新失败: ('Connection aborted.', RemoteDisconnected('Remote end closed connection without response'))
2025-08-23 09:06:34,506 - WARNING - ⚠️ 002946 新乳业 K线更新失败: ('Connection aborted.', RemoteDisconnected('Remote end closed connection without response'))
2025-08-23 09:06:35,122 - WARNING - ⚠️ 002947 恒铭达 K线更新失败: ('Connection aborted.', RemoteDisconnected('Remote end closed connection without response'))
2025-08-23 09:06:35,740 - WARNING - ⚠️ 002948 青岛银行 K线更新失败: ('Connection aborted.', RemoteDisconnected('Remote end closed connection without response'))
2025-08-23 09:06:36,355 - WARNING - ⚠️ 002949 华阳国际 K线更新失败: ('Connection aborted.', RemoteDisconnected('Remote end closed connection without response'))
2025-08-23 09:06:36,975 - WARNING - ⚠️ 002950 奥美医疗 K线更新失败: ('Connection aborted.', RemoteDisconnected('Remote end closed connection without response'))
2025-08-23 09:06:37,584 - WARNING - ⚠️ 002951 金时科技 K线更新失败: ('Connection aborted.', RemoteDisconnected('Remote end closed connection without response'))
2025-08-23 09:06:38,202 - WARNING - ⚠️ 002952 亚世光电 K线更新失败: ('Connection aborted.', RemoteDisconnected('Remote end closed connection without response'))
2025-08-23 09:06:38,815 - WARNING - ⚠️ 002953 日丰股份 K线更新失败: ('Connection aborted.', RemoteDisconnected('Remote end closed connection without response'))
2025-08-23 09:06:39,449 - WARNING - ⚠️ 002955 鸿合科技 K线更新失败: ('Connection aborted.', RemoteDisconnected('Remote end closed connection without response'))
2025-08-23 09:06:40,089 - WARNING - ⚠️ 002956 西麦食品 K线更新失败: ('Connection aborted.', RemoteDisconnected('Remote end closed connection without response'))
2025-08-23 09:06:40,700 - WARNING - ⚠️ 002957 科瑞技术 K线更新失败: ('Connection aborted.', RemoteDisconnected('Remote end closed connection without response'))
2025-08-23 09:06:41,320 - WARNING - ⚠️ 002958 青农商行 K线更新失败: ('Connection aborted.', RemoteDisconnected('Remote end closed connection without response'))
2025-08-23 09:06:41,932 - WARNING - ⚠️ 002959 小熊电器 K线更新失败: ('Connection aborted.', RemoteDisconnected('Remote end closed connection without response'))
2025-08-23 09:06:42,544 - WARNING - ⚠️ 002960 青鸟消防 K线更新失败: ('Connection aborted.', RemoteDisconnected('Remote end closed connection without response'))
2025-08-23 09:06:43,156 - WARNING - ⚠️ 002961 瑞达期货 K线更新失败: ('Connection aborted.', RemoteDisconnected('Remote end closed connection without response'))
2025-08-23 09:06:43,766 - WARNING - ⚠️ 002962 五方光电 K线更新失败: ('Connection aborted.', RemoteDisconnected('Remote end closed connection without response'))
2025-08-23 09:06:44,378 - WARNING - ⚠️ 002963 豪尔赛 K线更新失败: ('Connection aborted.', RemoteDisconnected('Remote end closed connection without response'))
2025-08-23 09:06:44,992 - WARNING - ⚠️ 002965 祥鑫科技 K线更新失败: ('Connection aborted.', RemoteDisconnected('Remote end closed connection without response'))
2025-08-23 09:06:45,628 - WARNING - ⚠️ 002966 苏州银行 K线更新失败: ('Connection aborted.', RemoteDisconnected('Remote end closed connection without response'))
2025-08-23 09:06:46,244 - WARNING - ⚠️ 002967 广电计量 K线更新失败: ('Connection aborted.', RemoteDisconnected('Remote end closed connection without response'))
2025-08-23 09:06:46,855 - WARNING - ⚠️ 002968 新大正 K线更新失败: ('Connection aborted.', RemoteDisconnected('Remote end closed connection without response'))
2025-08-23 09:06:47,467 - WARNING - ⚠️ 002969 嘉美包装 K线更新失败: ('Connection aborted.', RemoteDisconnected('Remote end closed connection without response'))
2025-08-23 09:06:48,079 - WARNING - ⚠️ 002970 锐明技术 K线更新失败: ('Connection aborted.', RemoteDisconnected('Remote end closed connection without response'))
2025-08-23 09:06:48,696 - WARNING - ⚠️ 002971 和远气体 K线更新失败: ('Connection aborted.', RemoteDisconnected('Remote end closed connection without response'))
2025-08-23 09:06:49,326 - WARNING - ⚠️ 002972 科安达 K线更新失败: ('Connection aborted.', RemoteDisconnected('Remote end closed connection without response'))
2025-08-23 09:06:49,934 - WARNING - ⚠️ 002973 侨银股份 K线更新失败: ('Connection aborted.', RemoteDisconnected('Remote end closed connection without response'))
2025-08-23 09:06:50,568 - WARNING - ⚠️ 002975 博杰股份 K线更新失败: ('Connection aborted.', RemoteDisconnected('Remote end closed connection without response'))
2025-08-23 09:06:51,180 - WARNING - ⚠️ 002976 瑞玛精密 K线更新失败: ('Connection aborted.', RemoteDisconnected('Remote end closed connection without response'))
2025-08-23 09:06:51,797 - WARNING - ⚠️ 002977 天箭科技 K线更新失败: ('Connection aborted.', RemoteDisconnected('Remote end closed connection without response'))
2025-08-23 09:06:52,431 - WARNING - ⚠️ 002978 安宁股份 K线更新失败: ('Connection aborted.', RemoteDisconnected('Remote end closed connection without response'))
2025-08-23 09:06:53,054 - WARNING - ⚠️ 002979 雷赛智能 K线更新失败: ('Connection aborted.', RemoteDisconnected('Remote end closed connection without response'))
2025-08-23 09:06:53,662 - WARNING - ⚠️ 002980 华盛昌 K线更新失败: ('Connection aborted.', RemoteDisconnected('Remote end closed connection without response'))
2025-08-23 09:06:54,277 - WARNING - ⚠️ 002981 朝阳科技 K线更新失败: ('Connection aborted.', RemoteDisconnected('Remote end closed connection without response'))
2025-08-23 09:06:54,894 - WARNING - ⚠️ 002982 湘佳股份 K线更新失败: ('Connection aborted.', RemoteDisconnected('Remote end closed connection without response'))
2025-08-23 09:06:55,510 - WARNING - ⚠️ 002983 芯瑞达 K线更新失败: ('Connection aborted.', RemoteDisconnected('Remote end closed connection without response'))
2025-08-23 09:06:56,128 - WARNING - ⚠️ 002984 森麒麟 K线更新失败: ('Connection aborted.', RemoteDisconnected('Remote end closed connection without response'))
2025-08-23 09:06:56,747 - WARNING - ⚠️ 002985 北摩高科 K线更新失败: ('Connection aborted.', RemoteDisconnected('Remote end closed connection without response'))
2025-08-23 09:06:57,359 - WARNING - ⚠️ 002986 宇新股份 K线更新失败: ('Connection aborted.', RemoteDisconnected('Remote end closed connection without response'))
2025-08-23 09:06:57,982 - WARNING - ⚠️ 002987 京北方 K线更新失败: ('Connection aborted.', RemoteDisconnected('Remote end closed connection without response'))
2025-08-23 09:06:58,615 - WARNING - ⚠️ 002988 豪美新材 K线更新失败: ('Connection aborted.', RemoteDisconnected('Remote end closed connection without response'))
2025-08-23 09:06:59,235 - WARNING - ⚠️ 002989 中天精装 K线更新失败: ('Connection aborted.', RemoteDisconnected('Remote end closed connection without response'))
2025-08-23 09:06:59,852 - WARNING - ⚠️ 002990 盛视科技 K线更新失败: ('Connection aborted.', RemoteDisconnected('Remote end closed connection without response'))
2025-08-23 09:07:00,473 - WARNING - ⚠️ 002991 甘源食品 K线更新失败: ('Connection aborted.', RemoteDisconnected('Remote end closed connection without response'))
2025-08-23 09:07:01,070 - WARNING - ⚠️ 002992 宝明科技 K线更新失败: ('Connection aborted.', RemoteDisconnected('Remote end closed connection without response'))
2025-08-23 09:07:01,694 - WARNING - ⚠️ 002993 奥海科技 K线更新失败: ('Connection aborted.', RemoteDisconnected('Remote end closed connection without response'))
2025-08-23 09:07:02,308 - WARNING - ⚠️ 002995 天地在线 K线更新失败: ('Connection aborted.', RemoteDisconnected('Remote end closed connection without response'))
2025-08-23 09:07:02,951 - WARNING - ⚠️ 002996 顺博合金 K线更新失败: ('Connection aborted.', RemoteDisconnected('Remote end closed connection without response'))
2025-08-23 09:07:03,563 - WARNING - ⚠️ 002997 瑞鹄模具 K线更新失败: ('Connection aborted.', RemoteDisconnected('Remote end closed connection without response'))
2025-08-23 09:07:04,180 - WARNING - ⚠️ 002998 优彩资源 K线更新失败: ('Connection aborted.', RemoteDisconnected('Remote end closed connection without response'))
2025-08-23 09:07:04,804 - WARNING - ⚠️ 002999 天禾股份 K线更新失败: ('Connection aborted.', RemoteDisconnected('Remote end closed connection without response'))
2025-08-23 09:07:05,430 - WARNING - ⚠️ 003000 劲仔食品 K线更新失败: ('Connection aborted.', RemoteDisconnected('Remote end closed connection without response'))
2025-08-23 09:07:06,054 - WARNING - ⚠️ 003001 中岩大地 K线更新失败: ('Connection aborted.', RemoteDisconnected('Remote end closed connection without response'))
2025-08-23 09:07:06,675 - WARNING - ⚠️ 003002 壶化股份 K线更新失败: ('Connection aborted.', RemoteDisconnected('Remote end closed connection without response'))
2025-08-23 09:07:07,293 - WARNING - ⚠️ 003003 天元股份 K线更新失败: ('Connection aborted.', RemoteDisconnected('Remote end closed connection without response'))
2025-08-23 09:07:07,903 - WARNING - ⚠️ 003004 *ST声迅 K线更新失败: ('Connection aborted.', RemoteDisconnected('Remote end closed connection without response'))
2025-08-23 09:07:08,547 - WARNING - ⚠️ 003005 竞业达 K线更新失败: ('Connection aborted.', RemoteDisconnected('Remote end closed connection without response'))
2025-08-23 09:07:09,160 - WARNING - ⚠️ 003006 百亚股份 K线更新失败: ('Connection aborted.', RemoteDisconnected('Remote end closed connection without response'))
2025-08-23 09:07:09,764 - WARNING - ⚠️ 003007 直真科技 K线更新失败: ('Connection aborted.', RemoteDisconnected('Remote end closed connection without response'))
2025-08-23 09:07:10,397 - WARNING - ⚠️ 003008 开普检测 K线更新失败: ('Connection aborted.', RemoteDisconnected('Remote end closed connection without response'))
2025-08-23 09:07:11,027 - WARNING - ⚠️ 003009 中天火箭 K线更新失败: ('Connection aborted.', RemoteDisconnected('Remote end closed connection without response'))
2025-08-23 09:07:11,646 - WARNING - ⚠️ 003010 若羽臣 K线更新失败: ('Connection aborted.', RemoteDisconnected('Remote end closed connection without response'))
2025-08-23 09:07:12,265 - WARNING - ⚠️ 003011 海象新材 K线更新失败: ('Connection aborted.', RemoteDisconnected('Remote end closed connection without response'))
2025-08-23 09:07:12,890 - WARNING - ⚠️ 003012 东鹏控股 K线更新失败: ('Connection aborted.', RemoteDisconnected('Remote end closed connection without response'))
2025-08-23 09:07:13,505 - WARNING - ⚠️ 003013 地铁设计 K线更新失败: ('Connection aborted.', RemoteDisconnected('Remote end closed connection without response'))
2025-08-23 09:07:14,126 - WARNING - ⚠️ 003015 日久光电 K线更新失败: ('Connection aborted.', RemoteDisconnected('Remote end closed connection without response'))
2025-08-23 09:07:14,750 - WARNING - ⚠️ 003016 欣贺股份 K线更新失败: ('Connection aborted.', RemoteDisconnected('Remote end closed connection without response'))
2025-08-23 09:07:15,384 - WARNING - ⚠️ 003017 大洋生物 K线更新失败: ('Connection aborted.', RemoteDisconnected('Remote end closed connection without response'))
2025-08-23 09:07:16,013 - WARNING - ⚠️ 003018 金富科技 K线更新失败: ('Connection aborted.', RemoteDisconnected('Remote end closed connection without response'))
2025-08-23 09:07:16,626 - WARNING - ⚠️ 003019 宸展光电 K线更新失败: ('Connection aborted.', RemoteDisconnected('Remote end closed connection without response'))
2025-08-23 09:07:17,270 - WARNING - ⚠️ 003020 立方制药 K线更新失败: ('Connection aborted.', RemoteDisconnected('Remote end closed connection without response'))
2025-08-23 09:07:17,893 - WARNING - ⚠️ 003021 兆威机电 K线更新失败: ('Connection aborted.', RemoteDisconnected('Remote end closed connection without response'))
2025-08-23 09:07:18,513 - WARNING - ⚠️ 003022 联泓新科 K线更新失败: ('Connection aborted.', RemoteDisconnected('Remote end closed connection without response'))
2025-08-23 09:07:19,137 - WARNING - ⚠️ 003023 彩虹集团 K线更新失败: ('Connection aborted.', RemoteDisconnected('Remote end closed connection without response'))
2025-08-23 09:07:19,749 - WARNING - ⚠️ 003025 思进智能 K线更新失败: ('Connection aborted.', RemoteDisconnected('Remote end closed connection without response'))
2025-08-23 09:07:20,382 - WARNING - ⚠️ 003026 中晶科技 K线更新失败: ('Connection aborted.', RemoteDisconnected('Remote end closed connection without response'))
2025-08-23 09:07:20,982 - WARNING - ⚠️ 003027 同兴科技 K线更新失败: ('Connection aborted.', RemoteDisconnected('Remote end closed connection without response'))
2025-08-23 09:07:21,612 - WARNING - ⚠️ 003028 振邦智能 K线更新失败: ('Connection aborted.', RemoteDisconnected('Remote end closed connection without response'))
2025-08-23 09:07:22,235 - WARNING - ⚠️ 003029 吉大正元 K线更新失败: ('Connection aborted.', RemoteDisconnected('Remote end closed connection without response'))
2025-08-23 09:07:22,847 - WARNING - ⚠️ 003030 祖名股份 K线更新失败: ('Connection aborted.', RemoteDisconnected('Remote end closed connection without response'))
2025-08-23 09:07:23,471 - WARNING - ⚠️ 003031 中瓷电子 K线更新失败: ('Connection aborted.', RemoteDisconnected('Remote end closed connection without response'))
2025-08-23 09:07:24,088 - WARNING - ⚠️ 003032 *ST传智 K线更新失败: ('Connection aborted.', RemoteDisconnected('Remote end closed connection without response'))
2025-08-23 09:07:24,705 - WARNING - ⚠️ 003033 征和工业 K线更新失败: ('Connection aborted.', RemoteDisconnected('Remote end closed connection without response'))
2025-08-23 09:07:25,313 - WARNING - ⚠️ 003035 南网能源 K线更新失败: ('Connection aborted.', RemoteDisconnected('Remote end closed connection without response'))
2025-08-23 09:07:25,927 - WARNING - ⚠️ 003036 泰坦股份 K线更新失败: ('Connection aborted.', RemoteDisconnected('Remote end closed connection without response'))
2025-08-23 09:07:26,543 - WARNING - ⚠️ 003037 三和管桩 K线更新失败: ('Connection aborted.', RemoteDisconnected('Remote end closed connection without response'))
2025-08-23 09:07:27,204 - WARNING - ⚠️ 003038 鑫铂股份 K线更新失败: ('Connection aborted.', RemoteDisconnected('Remote end closed connection without response'))
2025-08-23 09:07:27,828 - WARNING - ⚠️ 003039 顺控发展 K线更新失败: ('Connection aborted.', RemoteDisconnected('Remote end closed connection without response'))
2025-08-23 09:07:28,441 - WARNING - ⚠️ 003040 楚天龙 K线更新失败: ('Connection aborted.', RemoteDisconnected('Remote end closed connection without response'))
2025-08-23 09:07:29,063 - WARNING - ⚠️ 003041 真爱美家 K线更新失败: ('Connection aborted.', RemoteDisconnected('Remote end closed connection without response'))
2025-08-23 09:07:29,686 - WARNING - ⚠️ 003042 中农联合 K线更新失败: ('Connection aborted.', RemoteDisconnected('Remote end closed connection without response'))
2025-08-23 09:07:30,316 - WARNING - ⚠️ 003043 华亚智能 K线更新失败: ('Connection aborted.', RemoteDisconnected('Remote end closed connection without response'))
2025-08-23 09:07:30,942 - WARNING - ⚠️ 003816 中国广核 K线更新失败: ('Connection aborted.', RemoteDisconnected('Remote end closed connection without response'))
2025-08-23 09:07:31,562 - WARNING - ⚠️ 300001 特锐德 K线更新失败: ('Connection aborted.', RemoteDisconnected('Remote end closed connection without response'))
2025-08-23 09:07:32,181 - WARNING - ⚠️ 300002 神州泰岳 K线更新失败: ('Connection aborted.', RemoteDisconnected('Remote end closed connection without response'))
2025-08-23 09:07:32,805 - WARNING - ⚠️ 300003 乐普医疗 K线更新失败: ('Connection aborted.', RemoteDisconnected('Remote end closed connection without response'))
2025-08-23 09:07:33,414 - WARNING - ⚠️ 300004 南风股份 K线更新失败: ('Connection aborted.', RemoteDisconnected('Remote end closed connection without response'))
2025-08-23 09:07:34,029 - WARNING - ⚠️ 300005 探路者 K线更新失败: ('Connection aborted.', RemoteDisconnected('Remote end closed connection without response'))
2025-08-23 09:07:34,646 - WARNING - ⚠️ 300006 莱美药业 K线更新失败: ('Connection aborted.', RemoteDisconnected('Remote end closed connection without response'))
2025-08-23 09:07:35,261 - WARNING - ⚠️ 300007 汉威科技 K线更新失败: ('Connection aborted.', RemoteDisconnected('Remote end closed connection without response'))
2025-08-23 09:07:35,869 - WARNING - ⚠️ 300008 天海防务 K线更新失败: ('Connection aborted.', RemoteDisconnected('Remote end closed connection without response'))
2025-08-23 09:07:36,492 - WARNING - ⚠️ 300009 安科生物 K线更新失败: ('Connection aborted.', RemoteDisconnected('Remote end closed connection without response'))
2025-08-23 09:07:37,114 - WARNING - ⚠️ 300010 豆神教育 K线更新失败: ('Connection aborted.', RemoteDisconnected('Remote end closed connection without response'))
2025-08-23 09:07:37,727 - WARNING - ⚠️ 300011 鼎汉技术 K线更新失败: ('Connection aborted.', RemoteDisconnected('Remote end closed connection without response'))
2025-08-23 09:07:38,344 - WARNING - ⚠️ 300012 华测检测 K线更新失败: ('Connection aborted.', RemoteDisconnected('Remote end closed connection without response'))
2025-08-23 09:07:38,962 - WARNING - ⚠️ 300013 新宁物流 K线更新失败: ('Connection aborted.', RemoteDisconnected('Remote end closed connection without response'))
2025-08-23 09:07:39,582 - WARNING - ⚠️ 300014 亿纬锂能 K线更新失败: ('Connection aborted.', RemoteDisconnected('Remote end closed connection without response'))
2025-08-23 09:07:40,204 - WARNING - ⚠️ 300015 爱尔眼科 K线更新失败: ('Connection aborted.', RemoteDisconnected('Remote end closed connection without response'))
2025-08-23 09:07:40,824 - WARNING - ⚠️ 300016 北陆药业 K线更新失败: ('Connection aborted.', RemoteDisconnected('Remote end closed connection without response'))
2025-08-23 09:07:41,452 - WARNING - ⚠️ 300017 网宿科技 K线更新失败: ('Connection aborted.', RemoteDisconnected('Remote end closed connection without response'))
2025-08-23 09:07:42,078 - WARNING - ⚠️ 300018 中元股份 K线更新失败: ('Connection aborted.', RemoteDisconnected('Remote end closed connection without response'))
2025-08-23 09:07:42,697 - WARNING - ⚠️ 300019 硅宝科技 K线更新失败: ('Connection aborted.', RemoteDisconnected('Remote end closed connection without response'))
2025-08-23 09:07:43,322 - WARNING - ⚠️ 300020 ST银江 K线更新失败: ('Connection aborted.', RemoteDisconnected('Remote end closed connection without response'))
2025-08-23 09:07:43,945 - WARNING - ⚠️ 300021 大禹节水 K线更新失败: ('Connection aborted.', RemoteDisconnected('Remote end closed connection without response'))
2025-08-23 09:07:44,565 - WARNING - ⚠️ 300022 吉峰科技 K线更新失败: ('Connection aborted.', RemoteDisconnected('Remote end closed connection without response'))
2025-08-23 09:07:45,177 - WARNING - ⚠️ 300023 宝德退 K线更新失败: ('Connection aborted.', RemoteDisconnected('Remote end closed connection without response'))
2025-08-23 09:07:45,788 - WARNING - ⚠️ 300024 机器人 K线更新失败: ('Connection aborted.', RemoteDisconnected('Remote end closed connection without response'))
2025-08-23 09:07:46,411 - WARNING - ⚠️ 300025 华星创业 K线更新失败: ('Connection aborted.', RemoteDisconnected('Remote end closed connection without response'))
2025-08-23 09:07:47,042 - WARNING - ⚠️ 300026 红日药业 K线更新失败: ('Connection aborted.', RemoteDisconnected('Remote end closed connection without response'))
2025-08-23 09:07:47,661 - WARNING - ⚠️ 300027 华谊兄弟 K线更新失败: ('Connection aborted.', RemoteDisconnected('Remote end closed connection without response'))
2025-08-23 09:07:48,272 - WARNING - ⚠️ 300028 金亚退 K线更新失败: ('Connection aborted.', RemoteDisconnected('Remote end closed connection without response'))
2025-08-23 09:07:48,911 - WARNING - ⚠️ 300029 *ST天龙 K线更新失败: ('Connection aborted.', RemoteDisconnected('Remote end closed connection without response'))
2025-08-23 09:07:49,530 - WARNING - ⚠️ 300030 阳普医疗 K线更新失败: ('Connection aborted.', RemoteDisconnected('Remote end closed connection without response'))
2025-08-23 09:07:50,153 - WARNING - ⚠️ 300031 宝通科技 K线更新失败: ('Connection aborted.', RemoteDisconnected('Remote end closed connection without response'))
2025-08-23 09:07:50,777 - WARNING - ⚠️ 300032 金龙机电 K线更新失败: ('Connection aborted.', RemoteDisconnected('Remote end closed connection without response'))
2025-08-23 09:07:51,393 - WARNING - ⚠️ 300033 同花顺 K线更新失败: ('Connection aborted.', RemoteDisconnected('Remote end closed connection without response'))
2025-08-23 09:07:52,010 - WARNING - ⚠️ 300034 钢研高纳 K线更新失败: ('Connection aborted.', RemoteDisconnected('Remote end closed connection without response'))
2025-08-23 09:07:52,634 - WARNING - ⚠️ 300035 中科电气 K线更新失败: ('Connection aborted.', RemoteDisconnected('Remote end closed connection without response'))
2025-08-23 09:07:53,261 - WARNING - ⚠️ 300036 超图软件 K线更新失败: ('Connection aborted.', RemoteDisconnected('Remote end closed connection without response'))
2025-08-23 09:07:53,901 - WARNING - ⚠️ 300037 新宙邦 K线更新失败: ('Connection aborted.', RemoteDisconnected('Remote end closed connection without response'))
2025-08-23 09:07:54,519 - WARNING - ⚠️ 300038 数知退 K线更新失败: ('Connection aborted.', RemoteDisconnected('Remote end closed connection without response'))
2025-08-23 09:07:55,143 - WARNING - ⚠️ 300039 上海凯宝 K线更新失败: ('Connection aborted.', RemoteDisconnected('Remote end closed connection without response'))
2025-08-23 09:07:55,754 - WARNING - ⚠️ 300040 九洲集团 K线更新失败: ('Connection aborted.', RemoteDisconnected('Remote end closed connection without response'))
2025-08-23 09:07:56,435 - INFO - 📈 已处理300041 回天新材 
2025-08-23 09:07:57,079 - INFO - 📈 已处理300042 朗科科技 
2025-08-23 09:07:57,735 - INFO - 📈 已处理300043 星辉娱乐 
2025-08-23 09:07:58,385 - INFO - 📈 已处理300044 ST赛为 
2025-08-23 09:07:59,036 - INFO - 📈 已处理300045 华力创通 
2025-08-23 09:07:59,705 - INFO - 📈 已处理300046 台基股份 
2025-08-23 09:08:00,359 - INFO - 📈 已处理300047 天源迪科 
2025-08-23 09:08:00,994 - INFO - 📈 已处理300048 合康新能 
2025-08-23 09:08:01,681 - INFO - 📈 已处理300049 福瑞股份 
2025-08-23 09:08:02,338 - INFO - 📈 已处理300050 世纪鼎利 
2025-08-23 09:08:03,209 - INFO - 📈 已处理300051 琏升科技 
2025-08-23 09:08:03,865 - INFO - 📈 已处理300052 ST中青宝 
2025-08-23 09:08:04,526 - INFO - 📈 已处理300053 航宇微 
2025-08-23 09:08:05,179 - INFO - 📈 已处理300054 鼎龙股份 
2025-08-23 09:08:05,851 - INFO - 📈 已处理300055 万邦达 
2025-08-23 09:08:06,494 - INFO - 📈 已处理300056 中创环保 
2025-08-23 09:08:07,148 - INFO - 📈 已处理300057 万顺新材 
2025-08-23 09:08:07,800 - INFO - 📈 已处理300058 蓝色光标 
2025-08-23 09:08:08,446 - INFO - 📈 已处理300059 东方财富 
2025-08-23 09:08:09,104 - INFO - 📈 已处理300061 旗天科技 
2025-08-23 09:08:09,759 - INFO - 📈 已处理300062 中能电气 
2025-08-23 09:08:10,403 - INFO - 📈 已处理300063 天龙集团 
2025-08-23 09:08:11,710 - INFO - 📈 已处理300065 海兰信 
2025-08-23 09:08:12,367 - INFO - 📈 已处理300066 三川智慧 
2025-08-23 09:08:13,032 - INFO - 📈 已处理300067 安诺其 
2025-08-23 09:08:13,667 - INFO - 📈 已处理300068 南都电源 
2025-08-23 09:08:14,304 - INFO - 📈 已处理300069 金利华电 
2025-08-23 09:08:15,043 - INFO - 📈 已处理300070 碧水源 
2025-08-23 09:08:15,695 - INFO - 📈 已处理300071 福石控股 
2025-08-23 09:08:16,347 - INFO - 📈 已处理300072 海新能科 
2025-08-23 09:08:17,002 - INFO - 📈 已处理300073 当升科技 
2025-08-23 09:08:17,657 - INFO - 📈 已处理300074 华平股份 
2025-08-23 09:08:18,322 - INFO - 📈 已处理300075 数字政通 
2025-08-23 09:08:18,967 - INFO - 📈 已处理300076 GQY视讯 
2025-08-23 09:08:19,610 - INFO - 📈 已处理300077 国民技术 
2025-08-23 09:08:19,610 - INFO - 📈 已处理 1700/5740 只股票，成功 464 只
2025-08-23 09:08:20,271 - INFO - 📈 已处理300078 思创医惠 
2025-08-23 09:08:20,943 - INFO - 📈 已处理300079 数码视讯 
2025-08-23 09:08:21,611 - INFO - 📈 已处理300080 易成新能 
2025-08-23 09:08:22,260 - INFO - 📈 已处理300081 恒信东方 
2025-08-23 09:08:22,906 - INFO - 📈 已处理300082 奥克股份 
2025-08-23 09:08:23,556 - INFO - 📈 已处理300083 创世纪 
2025-08-23 09:08:24,205 - INFO - 📈 已处理300084 海默科技 
2025-08-23 09:08:24,858 - INFO - 📈 已处理300085 银之杰 
2025-08-23 09:08:25,723 - INFO - 📈 已处理300086 康芝药业 
2025-08-23 09:08:26,359 - INFO - 📈 已处理300087 荃银高科 
2025-08-23 09:08:27,025 - INFO - 📈 已处理300088 长信科技 
2025-08-23 09:08:28,932 - INFO - 📈 已处理300091 金通灵 
2025-08-23 09:08:29,571 - INFO - 📈 已处理300092 科新机电 
2025-08-23 09:08:30,716 - INFO - 📈 已处理300093 *ST金刚 
2025-08-23 09:08:31,366 - INFO - 📈 已处理300094 国联水产 
2025-08-23 09:08:32,032 - INFO - 📈 已处理300095 华伍股份 
2025-08-23 09:08:32,687 - INFO - 📈 已处理300096 ST易联众 
2025-08-23 09:08:33,348 - INFO - 📈 已处理300097 ST智云 
2025-08-23 09:08:33,991 - INFO - 📈 已处理300098 高新兴 
2025-08-23 09:08:34,630 - INFO - 📈 已处理300099 尤洛卡 
2025-08-23 09:08:35,272 - INFO - 📈 已处理300100 双林股份 
2025-08-23 09:08:35,927 - INFO - 📈 已处理300101 振芯科技 
2025-08-23 09:08:36,574 - INFO - 📈 已处理300102 乾照光电 
2025-08-23 09:08:37,225 - INFO - 📈 已处理300103 达刚控股 
2025-08-23 09:08:38,504 - INFO - 📈 已处理300105 龙源技术 
2025-08-23 09:08:39,175 - INFO - 📈 已处理300106 西部牧业 
2025-08-23 09:08:39,811 - INFO - 📈 已处理300107 建新股份 
2025-08-23 09:08:41,115 - INFO - 📈 已处理300109 新开源 
2025-08-23 09:08:41,779 - INFO - 📈 已处理300110 华仁药业 
2025-08-23 09:08:42,440 - INFO - 📈 已处理300111 向日葵 
2025-08-23 09:08:43,097 - INFO - 📈 已处理300112 万讯自控 
2025-08-23 09:08:43,757 - INFO - 📈 已处理300113 顺网科技 
2025-08-23 09:08:44,428 - INFO - 📈 已处理300115 长盈精密 
2025-08-23 09:08:46,347 - INFO - 📈 已处理300118 东方日升 
2025-08-23 09:08:46,997 - INFO - 📈 已处理300119 瑞普生物 
2025-08-23 09:08:47,641 - INFO - 📈 已处理300120 经纬辉开 
2025-08-23 09:08:48,300 - INFO - 📈 已处理300121 阳谷华泰 
2025-08-23 09:08:48,963 - INFO - 📈 已处理300122 智飞生物 
2025-08-23 09:08:49,604 - INFO - 📈 已处理300123 亚光科技 
2025-08-23 09:08:50,256 - INFO - 📈 已处理300124 汇川技术 
2025-08-23 09:08:50,905 - INFO - 📈 已处理300125 *ST聆达 
2025-08-23 09:08:51,554 - INFO - 📈 已处理300126 锐奇股份 
2025-08-23 09:08:52,197 - INFO - 📈 已处理300127 银河磁体 
2025-08-23 09:08:52,862 - INFO - 📈 已处理300128 锦富技术 
2025-08-23 09:08:52,862 - INFO - 📈 已处理 1750/5740 只股票，成功 508 只
2025-08-23 09:08:53,529 - INFO - 📈 已处理300129 泰胜风能 
2025-08-23 09:08:54,194 - INFO - 📈 已处理300130 新国都 
2025-08-23 09:08:54,847 - INFO - 📈 已处理300131 英唐智控 
2025-08-23 09:08:55,535 - INFO - 📈 已处理300132 青松股份 
2025-08-23 09:08:56,195 - INFO - 📈 已处理300133 华策影视 
2025-08-23 09:08:56,863 - INFO - 📈 已处理300134 大富科技 
2025-08-23 09:08:57,519 - INFO - 📈 已处理300135 宝利国际 
2025-08-23 09:08:58,178 - INFO - 📈 已处理300136 信维通信 
2025-08-23 09:08:58,820 - INFO - 📈 已处理300137 ST先河 
2025-08-23 09:08:59,489 - INFO - 📈 已处理300138 晨光生物 
2025-08-23 09:09:00,146 - INFO - 📈 已处理300139 晓程科技 
2025-08-23 09:09:00,795 - INFO - 📈 已处理300140 节能环境 
2025-08-23 09:09:01,446 - INFO - 📈 已处理300141 和顺电气 
2025-08-23 09:09:02,126 - INFO - 📈 已处理300142 沃森生物 
2025-08-23 09:09:02,775 - INFO - 📈 已处理300143 盈康生命 
2025-08-23 09:09:03,436 - INFO - 📈 已处理300144 宋城演艺 
2025-08-23 09:09:04,106 - INFO - 📈 已处理300145 南方泵业 
2025-08-23 09:09:04,763 - INFO - 📈 已处理300146 汤臣倍健 
2025-08-23 09:09:05,414 - INFO - 📈 已处理300147 ST香雪 
2025-08-23 09:09:06,063 - INFO - 📈 已处理300148 天舟文化 
2025-08-23 09:09:06,701 - INFO - 📈 已处理300149 睿智医药 
2025-08-23 09:09:07,371 - INFO - 📈 已处理300150 世纪瑞尔 
2025-08-23 09:09:08,025 - INFO - 📈 已处理300151 昌红科技 
2025-08-23 09:09:08,677 - INFO - 📈 已处理300152 ST新动力 
2025-08-23 09:09:09,343 - INFO - 📈 已处理300153 科泰电源 
2025-08-23 09:09:09,994 - INFO - 📈 已处理300154 瑞凌股份 
2025-08-23 09:09:10,646 - INFO - 📈 已处理300155 安居宝 
2025-08-23 09:09:11,943 - INFO - 📈 已处理300157 新锦动力 
2025-08-23 09:09:12,600 - INFO - 📈 已处理300158 振东制药 
2025-08-23 09:09:13,251 - INFO - 📈 已处理300159 *ST新研 
2025-08-23 09:09:13,899 - INFO - 📈 已处理300160 秀强股份 
2025-08-23 09:09:14,550 - INFO - 📈 已处理300161 华中数控 
2025-08-23 09:09:15,208 - INFO - 📈 已处理300162 雷曼光电 
2025-08-23 09:09:15,855 - INFO - 📈 已处理300163 先锋新材 
2025-08-23 09:09:16,519 - INFO - 📈 已处理300164 通源石油 
2025-08-23 09:09:17,167 - INFO - 📈 已处理300165 ST天瑞 
2025-08-23 09:09:17,801 - INFO - 📈 已处理300166 东方国信 
2025-08-23 09:09:18,458 - INFO - 📈 已处理300167 ST迪威迅 
2025-08-23 09:09:19,104 - INFO - 📈 已处理300168 万达信息 
2025-08-23 09:09:19,770 - INFO - 📈 已处理300169 天晟新材 
2025-08-23 09:09:20,423 - INFO - 📈 已处理300170 汉得信息 
2025-08-23 09:09:21,068 - INFO - 📈 已处理300171 东富龙 
2025-08-23 09:09:21,732 - INFO - 📈 已处理300172 中电环保 
2025-08-23 09:09:22,396 - INFO - 📈 已处理300173 福能东方 
2025-08-23 09:09:23,054 - INFO - 📈 已处理300174 元力股份 
2025-08-23 09:09:23,703 - INFO - 📈 已处理300175 ST朗源 
2025-08-23 09:09:24,361 - INFO - 📈 已处理300176 鸿特科技 
2025-08-23 09:09:25,010 - INFO - 📈 已处理300177 中海达 
2025-08-23 09:09:26,300 - INFO - 📈 已处理300179 四方达 
2025-08-23 09:09:26,956 - INFO - 📈 已处理300180 华峰超纤 
2025-08-23 09:09:27,694 - INFO - 📈 已处理300181 佐力药业 
2025-08-23 09:09:28,345 - INFO - 📈 已处理300182 捷成股份 
2025-08-23 09:09:29,010 - INFO - 📈 已处理300183 东软载波 
2025-08-23 09:09:29,687 - INFO - 📈 已处理300184 力源信息 
2025-08-23 09:09:30,354 - INFO - 📈 已处理300185 通裕重工 
2025-08-23 09:09:31,646 - INFO - 📈 已处理300187 永清环保 
2025-08-23 09:09:32,284 - INFO - 📈 已处理300188 国投智能 
2025-08-23 09:09:32,926 - INFO - 📈 已处理300189 神农种业 
2025-08-23 09:09:33,575 - INFO - 📈 已处理300190 维尔利 
2025-08-23 09:09:34,237 - INFO - 📈 已处理300191 潜能恒信 
2025-08-23 09:09:34,886 - INFO - 📈 已处理300192 科德教育 
2025-08-23 09:09:35,535 - INFO - 📈 已处理300193 佳士科技 
2025-08-23 09:09:36,197 - INFO - 📈 已处理300194 福安药业 
2025-08-23 09:09:36,839 - INFO - 📈 已处理300195 长荣股份 
2025-08-23 09:09:37,481 - INFO - 📈 已处理300196 长海股份 
2025-08-23 09:09:38,113 - INFO - 📈 已处理300197 节能铁汉 
2025-08-23 09:09:38,777 - INFO - 📈 已处理300198 ST纳川 
2025-08-23 09:09:39,418 - INFO - 📈 已处理300199 翰宇药业 
2025-08-23 09:09:40,057 - INFO - 📈 已处理300200 高盟新材 
2025-08-23 09:09:40,707 - INFO - 📈 已处理300201 海伦哲 
2025-08-23 09:09:41,987 - INFO - 📈 已处理300203 聚光科技 
2025-08-23 09:09:42,621 - INFO - 📈 已处理300204 舒泰神 
2025-08-23 09:09:43,275 - INFO - 📈 已处理300205 *ST天喻 
2025-08-23 09:09:43,934 - INFO - 📈 已处理300206 理邦仪器 
2025-08-23 09:09:44,573 - INFO - 📈 已处理300207 欣旺达 
2025-08-23 09:09:45,859 - INFO - 📈 已处理300209 有棵树 
2025-08-23 09:09:46,504 - INFO - 📈 已处理300210 森远股份 
2025-08-23 09:09:47,149 - INFO - 📈 已处理300211 *ST亿通 
2025-08-23 09:09:47,791 - INFO - 📈 已处理300212 易华录 
2025-08-23 09:09:48,450 - INFO - 📈 已处理300213 佳讯飞鸿 
2025-08-23 09:09:49,100 - INFO - 📈 已处理300214 日科化学 
2025-08-23 09:09:49,745 - INFO - 📈 已处理300215 电科院 
2025-08-23 09:09:51,011 - INFO - 📈 已处理300217 东方电热 
2025-08-23 09:09:51,662 - INFO - 📈 已处理300218 安利股份 
2025-08-23 09:09:52,323 - INFO - 📈 已处理300219 鸿利智汇 
2025-08-23 09:09:52,977 - INFO - 📈 已处理300220 金运激光 
2025-08-23 09:09:53,632 - INFO - 📈 已处理300221 银禧科技 
2025-08-23 09:09:54,288 - INFO - 📈 已处理300222 科大智能 
2025-08-23 09:09:54,933 - INFO - 📈 已处理300223 北京君正 
2025-08-23 09:09:55,591 - INFO - 📈 已处理300224 正海磁材 
2025-08-23 09:09:56,272 - INFO - 📈 已处理300225 *ST金泰 
2025-08-23 09:09:56,910 - INFO - 📈 已处理300226 上海钢联 
2025-08-23 09:09:57,594 - INFO - 📈 已处理300227 光韵达 
2025-08-23 09:09:58,241 - INFO - 📈 已处理300228 富瑞特装 
2025-08-23 09:09:58,241 - INFO - 📈 已处理 1850/5740 只股票，成功 602 只
2025-08-23 09:09:58,887 - INFO - 📈 已处理300229 拓尔思 
2025-08-23 09:09:59,531 - INFO - 📈 已处理300230 永利股份 
2025-08-23 09:10:00,167 - INFO - 📈 已处理300231 银信科技 
2025-08-23 09:10:00,843 - INFO - 📈 已处理300232 洲明科技 
2025-08-23 09:10:01,512 - INFO - 📈 已处理300233 金城医药 
2025-08-23 09:10:02,144 - INFO - 📈 已处理300234 开尔新材 
2025-08-23 09:10:02,794 - INFO - 📈 已处理300235 方直科技 
2025-08-23 09:10:03,458 - INFO - 📈 已处理300236 上海新阳 
2025-08-23 09:10:04,123 - INFO - 📈 已处理300237 美晨科技 
2025-08-23 09:10:04,770 - INFO - 📈 已处理300238 冠昊生物 
2025-08-23 09:10:05,422 - INFO - 📈 已处理300239 东宝生物 
2025-08-23 09:10:06,054 - INFO - 📈 已处理300240 飞力达 
2025-08-23 09:10:06,695 - INFO - 📈 已处理300241 瑞丰光电 
2025-08-23 09:10:07,339 - INFO - 📈 已处理300242 佳云科技 
2025-08-23 09:10:07,998 - INFO - 📈 已处理300243 瑞丰高材 
2025-08-23 09:10:08,656 - INFO - 📈 已处理300244 迪安诊断 
2025-08-23 09:10:09,300 - INFO - 📈 已处理300245 天玑科技 
2025-08-23 09:10:09,941 - INFO - 📈 已处理300246 宝莱特 
2025-08-23 09:10:10,624 - INFO - 📈 已处理300247 融捷健康 
2025-08-23 09:10:11,291 - INFO - 📈 已处理300248 新开普 
2025-08-23 09:10:11,925 - INFO - 📈 已处理300249 依米康 
2025-08-23 09:10:12,576 - INFO - 📈 已处理300250 初灵信息 
2025-08-23 09:10:13,234 - INFO - 📈 已处理300251 光线传媒 
2025-08-23 09:10:13,877 - INFO - 📈 已处理300252 金信诺 
2025-08-23 09:10:14,528 - INFO - 📈 已处理300253 卫宁健康 
2025-08-23 09:10:15,189 - INFO - 📈 已处理300254 仟源医药 
2025-08-23 09:10:15,837 - INFO - 📈 已处理300255 常山药业 
2025-08-23 09:10:16,481 - INFO - 📈 已处理300256 星星科技 
2025-08-23 09:10:17,140 - INFO - 📈 已处理300257 开山股份 
2025-08-23 09:10:17,780 - INFO - 📈 已处理300258 精锻科技 
2025-08-23 09:10:18,433 - INFO - 📈 已处理300259 新天科技 
2025-08-23 09:10:19,084 - INFO - 📈 已处理300260 新莱应材 
2025-08-23 09:10:19,743 - INFO - 📈 已处理300261 雅本化学 
2025-08-23 09:10:21,026 - INFO - 📈 已处理300263 隆华科技 
2025-08-23 09:10:21,658 - INFO - 📈 已处理300264 佳创视讯 
2025-08-23 09:10:22,313 - INFO - 📈 已处理300265 通光线缆 
2025-08-23 09:10:22,957 - INFO - 📈 已处理300266 兴源环境 
2025-08-23 09:10:23,615 - INFO - 📈 已处理300267 尔康制药 
2025-08-23 09:10:24,258 - INFO - 📈 已处理300268 *ST佳沃 
2025-08-23 09:10:24,917 - INFO - 📈 已处理300269 联建光电 
2025-08-23 09:10:25,559 - INFO - 📈 已处理300270 中威电子 
2025-08-23 09:10:26,202 - INFO - 📈 已处理300271 华宇软件 
2025-08-23 09:10:26,846 - INFO - 📈 已处理300272 开能健康 
2025-08-23 09:10:28,115 - INFO - 📈 已处理300274 阳光电源 
2025-08-23 09:10:28,773 - INFO - 📈 已处理300275 梅安森 
2025-08-23 09:10:29,433 - INFO - 📈 已处理300276 三丰智能 
2025-08-23 09:10:30,091 - INFO - 📈 已处理300277 海联讯 
2025-08-23 09:10:30,739 - INFO - 📈 已处理300278 华昌达 
2025-08-23 09:10:30,739 - INFO - 📈 已处理 1900/5740 只股票，成功 650 只
2025-08-23 09:10:31,392 - INFO - 📈 已处理300279 和晶科技 
2025-08-23 09:10:32,681 - INFO - 📈 已处理300281 金明精机 
2025-08-23 09:10:33,963 - INFO - 📈 已处理300283 温州宏丰 
2025-08-23 09:10:34,607 - INFO - 📈 已处理300284 苏交科 
2025-08-23 09:10:35,250 - INFO - 📈 已处理300285 国瓷材料 
2025-08-23 09:10:35,892 - INFO - 📈 已处理300286 安科瑞 
2025-08-23 09:10:36,558 - INFO - 📈 已处理300287 飞利信 
2025-08-23 09:10:37,210 - INFO - 📈 已处理300288 朗玛信息 
2025-08-23 09:10:37,837 - INFO - 📈 已处理300289 利德曼 
2025-08-23 09:10:38,508 - INFO - 📈 已处理300290 荣科科技 
2025-08-23 09:10:39,153 - INFO - 📈 已处理300291 百纳千成 
2025-08-23 09:10:39,813 - INFO - 📈 已处理300292 吴通控股 
2025-08-23 09:10:40,471 - INFO - 📈 已处理300293 蓝英装备 
2025-08-23 09:10:41,114 - INFO - 📈 已处理300294 博雅生物 
2025-08-23 09:10:41,756 - INFO - 📈 已处理300295 三六五网 
2025-08-23 09:10:42,400 - INFO - 📈 已处理300296 利亚德 
2025-08-23 09:10:43,671 - INFO - 📈 已处理300298 三诺生物 
2025-08-23 09:10:44,313 - INFO - 📈 已处理300299 富春股份 
2025-08-23 09:10:44,954 - INFO - 📈 已处理300300 海峡创新 
2025-08-23 09:10:45,599 - INFO - 📈 已处理300301 ST长方 
2025-08-23 09:10:46,242 - INFO - 📈 已处理300302 同有科技 
2025-08-23 09:10:46,886 - INFO - 📈 已处理300303 聚飞光电 
2025-08-23 09:10:47,540 - INFO - 📈 已处理300304 云意电气 
2025-08-23 09:10:48,186 - INFO - 📈 已处理300305 裕兴股份 
2025-08-23 09:10:48,860 - INFO - 📈 已处理300306 远方信息 
2025-08-23 09:10:49,520 - INFO - 📈 已处理300307 慈星股份 
2025-08-23 09:10:50,173 - INFO - 📈 已处理300308 中际旭创 
2025-08-23 09:10:51,478 - INFO - 📈 已处理300310 宜通世纪 
2025-08-23 09:10:52,122 - INFO - 📈 已处理300311 ST任子行 
2025-08-23 09:10:53,406 - INFO - 📈 已处理300313 *ST天山 
2025-08-23 09:10:54,066 - INFO - 📈 已处理300314 戴维医疗 
2025-08-23 09:10:54,692 - INFO - 📈 已处理300315 掌趣科技 
2025-08-23 09:10:55,320 - INFO - 📈 已处理300316 晶盛机电 
2025-08-23 09:10:55,963 - INFO - 📈 已处理300317 珈伟新能 
2025-08-23 09:10:56,606 - INFO - 📈 已处理300318 博晖创新 
2025-08-23 09:10:57,248 - INFO - 📈 已处理300319 麦捷科技 
2025-08-23 09:10:57,892 - INFO - 📈 已处理300320 海达股份 
2025-08-23 09:10:58,519 - INFO - 📈 已处理300321 同大股份 
2025-08-23 09:10:59,164 - INFO - 📈 已处理300322 硕贝德 
2025-08-23 09:10:59,803 - INFO - 📈 已处理300323 华灿光电 
2025-08-23 09:11:00,463 - INFO - 📈 已处理300324 旋极信息 
2025-08-23 09:11:01,743 - INFO - 📈 已处理300326 ST凯利 
2025-08-23 09:11:02,408 - INFO - 📈 已处理300327 中颖电子 
2025-08-23 09:11:03,066 - INFO - 📈 已处理300328 宜安科技 
2025-08-23 09:11:03,066 - INFO - 📈 已处理 1950/5740 只股票，成功 694 只
2025-08-23 09:11:03,695 - INFO - 📈 已处理300329 海伦钢琴 
2025-08-23 09:11:04,949 - INFO - 📈 已处理300331 苏大维格 
2025-08-23 09:11:05,605 - INFO - 📈 已处理300332 天壕能源 
2025-08-23 09:11:06,265 - INFO - 📈 已处理300333 兆日科技 
2025-08-23 09:11:06,908 - INFO - 📈 已处理300334 津膜科技 
2025-08-23 09:11:07,583 - INFO - 📈 已处理300335 迪森股份 
2025-08-23 09:11:08,868 - INFO - 📈 已处理300337 银邦股份 
2025-08-23 09:11:09,511 - INFO - 📈 已处理300338 ST开元 
2025-08-23 09:11:10,155 - INFO - 📈 已处理300339 润和软件 
2025-08-23 09:11:10,796 - INFO - 📈 已处理300340 科恒股份 
2025-08-23 09:11:11,470 - INFO - 📈 已处理300341 麦克奥迪 
2025-08-23 09:11:12,113 - INFO - 📈 已处理300342 天银机电 
2025-08-23 09:11:12,808 - INFO - 📈 已处理300343 ST联创 
2025-08-23 09:11:13,481 - INFO - 📈 已处理300344 ST立方 
2025-08-23 09:11:14,136 - INFO - 📈 已处理300345 华民股份 
2025-08-23 09:11:14,788 - INFO - 📈 已处理300346 南大光电 
2025-08-23 09:11:15,427 - INFO - 📈 已处理300347 泰格医药 
2025-08-23 09:11:16,096 - INFO - 📈 已处理300348 长亮科技 
2025-08-23 09:11:16,739 - INFO - 📈 已处理300349 金卡智能 
2025-08-23 09:11:17,398 - INFO - 📈 已处理300350 华鹏飞 
2025-08-23 09:11:18,042 - INFO - 📈 已处理300351 永贵电器 
2025-08-23 09:11:18,691 - INFO - 📈 已处理300352 北信源 
2025-08-23 09:11:19,335 - INFO - 📈 已处理300353 东土科技 
2025-08-23 09:11:19,969 - INFO - 📈 已处理300354 东华测试 
2025-08-23 09:11:20,628 - INFO - 📈 已处理300355 蒙草生态 
2025-08-23 09:11:21,914 - INFO - 📈 已处理300357 我武生物 
2025-08-23 09:11:22,556 - INFO - 📈 已处理300358 楚天科技 
2025-08-23 09:11:23,201 - INFO - 📈 已处理300359 全通教育 
2025-08-23 09:11:23,842 - INFO - 📈 已处理300360 炬华科技 
2025-08-23 09:11:25,129 - INFO - 📈 已处理300363 博腾股份 
2025-08-23 09:11:25,772 - INFO - 📈 已处理300364 中文在线 
2025-08-23 09:11:26,399 - INFO - 📈 已处理300365 恒华科技 
2025-08-23 09:11:27,056 - INFO - 📈 已处理300366 创意信息 
2025-08-23 09:11:28,323 - INFO - 📈 已处理300368 汇金股份 
2025-08-23 09:11:28,970 - INFO - 📈 已处理300369 绿盟科技 
2025-08-23 09:11:29,630 - INFO - 📈 已处理300370 安控科技 
2025-08-23 09:11:30,271 - INFO - 📈 已处理300371 汇中股份 
2025-08-23 09:11:31,542 - INFO - 📈 已处理300373 扬杰科技 
2025-08-23 09:11:32,170 - INFO - 📈 已处理300374 中铁装配 
2025-08-23 09:11:32,828 - INFO - 📈 已处理300375 鹏翎股份 
2025-08-23 09:11:33,471 - INFO - 📈 已处理300376 ST易事特 
2025-08-23 09:11:34,113 - INFO - 📈 已处理300377 赢时胜 
2025-08-23 09:11:34,768 - INFO - 📈 已处理300378 鼎捷数智 
2025-08-23 09:11:35,414 - INFO - 📈 已处理300379 *ST东通 
2025-08-23 09:11:35,414 - INFO - 📈 已处理 2000/5740 只股票，成功 738 只
2025-08-23 09:11:36,058 - INFO - 📈 已处理300380 安硕信息 
2025-08-23 09:11:36,715 - INFO - 📈 已处理300381 溢多利 
2025-08-23 09:11:37,345 - INFO - 📈 已处理300382 斯莱克 
2025-08-23 09:11:38,017 - INFO - 📈 已处理300383 光环新网 
2025-08-23 09:11:38,664 - INFO - 📈 已处理300384 三联虹普 
2025-08-23 09:11:39,304 - INFO - 📈 已处理300385 雪浪环境 
2025-08-23 09:11:39,947 - INFO - 📈 已处理300386 飞天诚信 
2025-08-23 09:11:40,588 - INFO - 📈 已处理300387 富邦科技 
2025-08-23 09:11:41,249 - INFO - 📈 已处理300388 节能国祯 
2025-08-23 09:11:41,875 - INFO - 📈 已处理300389 艾比森 
2025-08-23 09:11:42,520 - INFO - 📈 已处理300390 天华新能 
2025-08-23 09:11:43,192 - INFO - 📈 已处理300391 *ST长药 
2025-08-23 09:11:44,462 - INFO - 📈 已处理300393 中来股份 
2025-08-23 09:11:45,105 - INFO - 📈 已处理300394 天孚通信 
2025-08-23 09:11:45,747 - INFO - 📈 已处理300395 菲利华 
2025-08-23 09:11:46,391 - INFO - 📈 已处理300396 迪瑞医疗 
2025-08-23 09:11:47,034 - INFO - 📈 已处理300397 天和防务 
2025-08-23 09:11:47,678 - INFO - 📈 已处理300398 飞凯材料 
2025-08-23 09:11:48,318 - INFO - 📈 已处理300399 天利科技 
2025-08-23 09:11:48,962 - INFO - 📈 已处理300400 劲拓股份 
2025-08-23 09:11:49,589 - INFO - 📈 已处理300401 花园生物 
2025-08-23 09:11:50,231 - INFO - 📈 已处理300402 宝色股份 
2025-08-23 09:11:50,875 - INFO - 📈 已处理300403 汉宇集团 
2025-08-23 09:11:51,506 - INFO - 📈 已处理300404 博济医药 
2025-08-23 09:11:52,170 - INFO - 📈 已处理300405 科隆股份 
2025-08-23 09:11:52,821 - INFO - 📈 已处理300406 九强生物 
2025-08-23 09:11:53,478 - INFO - 📈 已处理300407 凯发电气 
2025-08-23 09:11:54,137 - INFO - 📈 已处理300408 三环集团 
2025-08-23 09:11:54,786 - INFO - 📈 已处理300409 道氏技术 
2025-08-23 09:11:55,418 - INFO - 📈 已处理300410 正业科技 
2025-08-23 09:11:56,081 - INFO - 📈 已处理300411 金盾股份 
2025-08-23 09:11:56,750 - INFO - 📈 已处理300412 迦南科技 
2025-08-23 09:11:57,408 - INFO - 📈 已处理300413 芒果超媒 
2025-08-23 09:11:58,072 - INFO - 📈 已处理300414 中光防雷 
2025-08-23 09:11:58,699 - INFO - 📈 已处理300415 伊之密 
2025-08-23 09:11:59,362 - INFO - 📈 已处理300416 苏试试验 
2025-08-23 09:12:00,007 - INFO - 📈 已处理300417 南华仪器 
2025-08-23 09:12:00,673 - INFO - 📈 已处理300418 昆仑万维 
2025-08-23 09:12:01,302 - INFO - 📈 已处理300419 ST浩丰 
2025-08-23 09:12:01,965 - INFO - 📈 已处理300420 五洋自控 
2025-08-23 09:12:02,622 - INFO - 📈 已处理300421 力星股份 
2025-08-23 09:12:03,267 - INFO - 📈 已处理300422 博世科 
2025-08-23 09:12:03,924 - INFO - 📈 已处理300423 昇辉科技 
2025-08-23 09:12:04,579 - INFO - 📈 已处理300424 航新科技 
2025-08-23 09:12:05,237 - INFO - 📈 已处理300425 中建环能 
2025-08-23 09:12:05,881 - INFO - 📈 已处理300426 华智数媒 
2025-08-23 09:12:06,522 - INFO - 📈 已处理300427 红相股份 
2025-08-23 09:12:07,170 - INFO - 📈 已处理300428 立中集团 
2025-08-23 09:12:07,841 - INFO - 📈 已处理300429 强力新材 
2025-08-23 09:12:07,841 - INFO - 📈 已处理 2050/5740 只股票，成功 787 只
2025-08-23 09:12:08,484 - INFO - 📈 已处理300430 诚益通 
2025-08-23 09:12:09,738 - INFO - 📈 已处理300432 富临精工 
2025-08-23 09:12:10,381 - INFO - 📈 已处理300433 蓝思科技 
2025-08-23 09:12:11,038 - INFO - 📈 已处理300434 金石亚药 
2025-08-23 09:12:11,676 - INFO - 📈 已处理300435 中泰股份 
2025-08-23 09:12:12,327 - INFO - 📈 已处理300436 广生堂 
2025-08-23 09:12:12,977 - INFO - 📈 已处理300437 清水源 
2025-08-23 09:12:13,639 - INFO - 📈 已处理300438 鹏辉能源 
2025-08-23 09:12:14,285 - INFO - 📈 已处理300439 美康生物 
2025-08-23 09:12:14,952 - INFO - 📈 已处理300440 运达科技 
2025-08-23 09:12:15,617 - INFO - 📈 已处理300441 鲍斯股份 
2025-08-23 09:12:16,252 - INFO - 📈 已处理300442 润泽科技 
2025-08-23 09:12:16,903 - INFO - 📈 已处理300443 金雷股份 
2025-08-23 09:12:17,562 - INFO - 📈 已处理300444 双杰电气 
2025-08-23 09:12:18,222 - INFO - 📈 已处理300445 康斯特 
2025-08-23 09:12:18,863 - INFO - 📈 已处理300446 航天智造 
2025-08-23 09:12:19,491 - INFO - 📈 已处理300447 全信股份 
2025-08-23 09:12:20,158 - INFO - 📈 已处理300448 浩云科技 
2025-08-23 09:12:20,816 - INFO - 📈 已处理300449 汉邦高科 
2025-08-23 09:12:21,466 - INFO - 📈 已处理300450 先导智能 
2025-08-23 09:12:22,109 - INFO - 📈 已处理300451 创业慧康 
2025-08-23 09:12:22,757 - INFO - 📈 已处理300452 山河药辅 
2025-08-23 09:12:23,427 - INFO - 📈 已处理300453 三鑫医疗 
2025-08-23 09:12:24,084 - INFO - 📈 已处理300454 深信服 
2025-08-23 09:12:24,728 - INFO - 📈 已处理300455 航天智装 
2025-08-23 09:12:25,387 - INFO - 📈 已处理300456 赛微电子 
2025-08-23 09:12:26,046 - INFO - 📈 已处理300457 赢合科技 
2025-08-23 09:12:26,703 - INFO - 📈 已处理300458 全志科技 
2025-08-23 09:12:27,346 - INFO - 📈 已处理300459 汤姆猫 
2025-08-23 09:12:27,993 - INFO - 📈 已处理300460 惠伦晶体 
2025-08-23 09:12:28,649 - INFO - 📈 已处理300461 田中精机 
2025-08-23 09:12:29,306 - INFO - 📈 已处理300462 ST华铭 
2025-08-23 09:12:29,957 - INFO - 📈 已处理300463 迈克生物 
2025-08-23 09:12:30,615 - INFO - 📈 已处理300464 星徽股份 
2025-08-23 09:12:31,244 - INFO - 📈 已处理300465 高伟达 
2025-08-23 09:12:31,918 - INFO - 📈 已处理300466 赛摩智能 
2025-08-23 09:12:32,567 - INFO - 📈 已处理300467 迅游科技 
2025-08-23 09:12:33,227 - INFO - 📈 已处理300468 四方精创 
2025-08-23 09:12:33,871 - INFO - 📈 已处理300469 信息发展 
2025-08-23 09:12:34,545 - INFO - 📈 已处理300470 中密控股 
2025-08-23 09:12:35,186 - INFO - 📈 已处理300471 厚普股份 
2025-08-23 09:12:35,830 - INFO - 📈 已处理300472 *ST新元 
2025-08-23 09:12:36,458 - INFO - 📈 已处理300473 德尔股份 
2025-08-23 09:12:37,105 - INFO - 📈 已处理300474 景嘉微 
2025-08-23 09:12:37,761 - INFO - 📈 已处理300475 香农芯创 
2025-08-23 09:12:38,400 - INFO - 📈 已处理300476 胜宏科技 
2025-08-23 09:12:39,037 - INFO - 📈 已处理300477 ST合纵 
2025-08-23 09:12:39,688 - INFO - 📈 已处理300478 杭州高新 
2025-08-23 09:12:40,356 - INFO - 📈 已处理300479 神思电子 
2025-08-23 09:12:40,356 - INFO - 📈 已处理 2100/5740 只股票，成功 836 只
2025-08-23 09:12:41,009 - INFO - 📈 已处理300480 光力科技 
2025-08-23 09:12:41,664 - INFO - 📈 已处理300481 濮阳惠成 
2025-08-23 09:12:42,311 - INFO - 📈 已处理300482 万孚生物 
2025-08-23 09:12:42,954 - INFO - 📈 已处理300483 首华燃气 
2025-08-23 09:12:43,623 - INFO - 📈 已处理300484 蓝海华腾 
2025-08-23 09:12:44,282 - INFO - 📈 已处理300485 赛升药业 
2025-08-23 09:12:44,939 - INFO - 📈 已处理300486 东杰智能 
2025-08-23 09:12:45,599 - INFO - 📈 已处理300487 蓝晓科技 
2025-08-23 09:12:46,237 - INFO - 📈 已处理300488 恒锋工具 
2025-08-23 09:12:46,884 - INFO - 📈 已处理300489 光智科技 
2025-08-23 09:12:47,527 - INFO - 📈 已处理300490 华自科技 
2025-08-23 09:12:48,169 - INFO - 📈 已处理300491 通合科技 
2025-08-23 09:12:48,817 - INFO - 📈 已处理300492 华图山鼎 
2025-08-23 09:12:49,486 - INFO - 📈 已处理300493 润欣科技 
2025-08-23 09:12:50,120 - INFO - 📈 已处理300494 盛天网络 
2025-08-23 09:12:51,400 - INFO - 📈 已处理300496 中科创达 
2025-08-23 09:12:52,045 - INFO - 📈 已处理300497 富祥药业 
2025-08-23 09:12:52,701 - INFO - 📈 已处理300498 温氏股份 
2025-08-23 09:12:53,343 - INFO - 📈 已处理300499 高澜股份 
2025-08-23 09:12:54,002 - INFO - 📈 已处理300500 启迪设计 
2025-08-23 09:12:54,665 - INFO - 📈 已处理300501 海顺新材 
2025-08-23 09:12:55,303 - INFO - 📈 已处理300502 新易盛 
2025-08-23 09:12:55,951 - INFO - 📈 已处理300503 昊志机电 
2025-08-23 09:12:56,601 - INFO - 📈 已处理300504 天邑股份 
2025-08-23 09:12:57,242 - INFO - 📈 已处理300505 川金诺 
2025-08-23 09:12:57,904 - INFO - 📈 已处理300506 ST名家汇 
2025-08-23 09:12:58,564 - INFO - 📈 已处理300507 苏奥传感 
2025-08-23 09:12:59,206 - INFO - 📈 已处理300508 维宏股份 
2025-08-23 09:12:59,839 - INFO - 📈 已处理300509 新美星 
2025-08-23 09:13:00,475 - INFO - 📈 已处理300510 金冠股份 
2025-08-23 09:13:01,129 - INFO - 📈 已处理300511 雪榕生物 
2025-08-23 09:13:01,768 - INFO - 📈 已处理300512 中亚股份 
2025-08-23 09:13:02,405 - INFO - 📈 已处理300513 恒实科技 
2025-08-23 09:13:03,039 - INFO - 📈 已处理300514 友讯达 
2025-08-23 09:13:03,695 - INFO - 📈 已处理300515 三德科技 
2025-08-23 09:13:04,348 - INFO - 📈 已处理300516 久之洋 
2025-08-23 09:13:05,006 - INFO - 📈 已处理300517 海波重科 
2025-08-23 09:13:05,636 - INFO - 📈 已处理300518 新迅达 
2025-08-23 09:13:06,293 - INFO - 📈 已处理300519 新光药业 
2025-08-23 09:13:06,938 - INFO - 📈 已处理300520 科大国创 
2025-08-23 09:13:07,576 - INFO - 📈 已处理300521 爱司凯 
2025-08-23 09:13:08,222 - INFO - 📈 已处理300522 世名科技 
2025-08-23 09:13:08,886 - INFO - 📈 已处理300523 辰安科技 
2025-08-23 09:13:09,542 - INFO - 📈 已处理300525 博思软件 
2025-08-23 09:13:10,832 - INFO - 📈 已处理300527 ST应急 
2025-08-23 09:13:11,485 - INFO - 📈 已处理300528 幸福蓝海 
2025-08-23 09:13:12,125 - INFO - 📈 已处理300529 健帆生物 
2025-08-23 09:13:12,789 - INFO - 📈 已处理300530 领湃科技 
2025-08-23 09:13:12,789 - INFO - 📈 已处理 2150/5740 只股票，成功 884 只
2025-08-23 09:13:13,438 - INFO - 📈 已处理300531 优博讯 
2025-08-23 09:13:14,079 - INFO - 📈 已处理300532 今天国际 
2025-08-23 09:13:14,730 - INFO - 📈 已处理300533 冰川网络 
2025-08-23 09:13:15,386 - INFO - 📈 已处理300534 陇神戎发 
2025-08-23 09:13:16,030 - INFO - 📈 已处理300535 达威股份 
2025-08-23 09:13:16,704 - INFO - 📈 已处理300536 农尚环境 
2025-08-23 09:13:17,361 - INFO - 📈 已处理300537 广信材料 
2025-08-23 09:13:18,012 - INFO - 📈 已处理300538 同益股份 
2025-08-23 09:13:18,676 - INFO - 📈 已处理300539 横河精密 
2025-08-23 09:13:19,328 - INFO - 📈 已处理300540 蜀道装备 
2025-08-23 09:13:19,991 - INFO - 📈 已处理300541 先进数通 
2025-08-23 09:13:20,641 - INFO - 📈 已处理300542 新晨科技 
2025-08-23 09:13:21,302 - INFO - 📈 已处理300543 朗科智能 
2025-08-23 09:13:21,954 - INFO - 📈 已处理300545 联得装备 
2025-08-23 09:13:22,613 - INFO - 📈 已处理300546 雄帝科技 
2025-08-23 09:13:23,266 - INFO - 📈 已处理300547 川环科技 
2025-08-23 09:13:23,913 - INFO - 📈 已处理300548 长芯博创 
2025-08-23 09:13:24,576 - INFO - 📈 已处理300549 优德精密 
2025-08-23 09:13:25,221 - INFO - 📈 已处理300550 和仁科技 
2025-08-23 09:13:25,886 - INFO - 📈 已处理300551 古鳌科技 
2025-08-23 09:13:26,532 - INFO - 📈 已处理300552 万集科技 
2025-08-23 09:13:27,192 - INFO - 📈 已处理300553 集智股份 
2025-08-23 09:13:27,843 - INFO - 📈 已处理300554 三超新材 
2025-08-23 09:13:28,485 - INFO - 📈 已处理300555 ST路通 
2025-08-23 09:13:29,142 - INFO - 📈 已处理300556 丝路视觉 
2025-08-23 09:13:29,794 - INFO - 📈 已处理300557 理工光科 
2025-08-23 09:13:30,444 - INFO - 📈 已处理300558 贝达药业 
2025-08-23 09:13:31,098 - INFO - 📈 已处理300559 佳发教育 
2025-08-23 09:13:31,752 - INFO - 📈 已处理300560 中富通 
2025-08-23 09:13:32,386 - WARNING - ⚠️ 300561 *ST汇科 K线更新失败: ('Connection aborted.', RemoteDisconnected('Remote end closed connection without response'))
2025-08-23 09:13:33,037 - WARNING - ⚠️ 300562 乐心医疗 K线更新失败: ('Connection aborted.', RemoteDisconnected('Remote end closed connection without response'))
2025-08-23 09:13:33,686 - WARNING - ⚠️ 300563 神宇股份 K线更新失败: ('Connection aborted.', RemoteDisconnected('Remote end closed connection without response'))
2025-08-23 09:13:34,320 - WARNING - ⚠️ 300564 筑博设计 K线更新失败: ('Connection aborted.', RemoteDisconnected('Remote end closed connection without response'))
2025-08-23 09:13:34,953 - WARNING - ⚠️ 300565 科信技术 K线更新失败: ('Connection aborted.', RemoteDisconnected('Remote end closed connection without response'))
2025-08-23 09:13:35,586 - WARNING - ⚠️ 300566 激智科技 K线更新失败: ('Connection aborted.', RemoteDisconnected('Remote end closed connection without response'))
2025-08-23 09:13:36,221 - WARNING - ⚠️ 300567 精测电子 K线更新失败: ('Connection aborted.', RemoteDisconnected('Remote end closed connection without response'))
2025-08-23 09:13:36,844 - WARNING - ⚠️ 300568 星源材质 K线更新失败: ('Connection aborted.', RemoteDisconnected('Remote end closed connection without response'))
2025-08-23 09:13:37,466 - WARNING - ⚠️ 300569 天能重工 K线更新失败: ('Connection aborted.', RemoteDisconnected('Remote end closed connection without response'))
2025-08-23 09:13:38,092 - WARNING - ⚠️ 300570 太辰光 K线更新失败: ('Connection aborted.', RemoteDisconnected('Remote end closed connection without response'))
2025-08-23 09:13:38,728 - WARNING - ⚠️ 300571 平治信息 K线更新失败: ('Connection aborted.', RemoteDisconnected('Remote end closed connection without response'))
2025-08-23 09:13:39,339 - WARNING - ⚠️ 300572 安车检测 K线更新失败: ('Connection aborted.', RemoteDisconnected('Remote end closed connection without response'))
2025-08-23 09:13:39,968 - WARNING - ⚠️ 300573 兴齐眼药 K线更新失败: ('Connection aborted.', RemoteDisconnected('Remote end closed connection without response'))
2025-08-23 09:13:40,600 - WARNING - ⚠️ 300575 中旗股份 K线更新失败: ('Connection aborted.', RemoteDisconnected('Remote end closed connection without response'))
2025-08-23 09:13:41,256 - WARNING - ⚠️ 300576 容大感光 K线更新失败: ('Connection aborted.', RemoteDisconnected('Remote end closed connection without response'))
2025-08-23 09:13:41,898 - WARNING - ⚠️ 300577 开润股份 K线更新失败: ('Connection aborted.', RemoteDisconnected('Remote end closed connection without response'))
2025-08-23 09:13:42,526 - WARNING - ⚠️ 300578 会畅通讯 K线更新失败: ('Connection aborted.', RemoteDisconnected('Remote end closed connection without response'))
2025-08-23 09:13:43,139 - WARNING - ⚠️ 300579 数字认证 K线更新失败: ('Connection aborted.', RemoteDisconnected('Remote end closed connection without response'))
2025-08-23 09:13:43,767 - WARNING - ⚠️ 300580 贝斯特 K线更新失败: ('Connection aborted.', RemoteDisconnected('Remote end closed connection without response'))
2025-08-23 09:13:44,383 - WARNING - ⚠️ 300581 晨曦航空 K线更新失败: ('Connection aborted.', RemoteDisconnected('Remote end closed connection without response'))
2025-08-23 09:13:45,009 - WARNING - ⚠️ 300582 英飞特 K线更新失败: ('Connection aborted.', RemoteDisconnected('Remote end closed connection without response'))
2025-08-23 09:13:45,620 - WARNING - ⚠️ 300583 赛托生物 K线更新失败: ('Connection aborted.', RemoteDisconnected('Remote end closed connection without response'))
2025-08-23 09:13:46,232 - WARNING - ⚠️ 300584 海辰药业 K线更新失败: ('Connection aborted.', RemoteDisconnected('Remote end closed connection without response'))
2025-08-23 09:13:46,859 - WARNING - ⚠️ 300585 奥联电子 K线更新失败: ('Connection aborted.', RemoteDisconnected('Remote end closed connection without response'))
2025-08-23 09:13:47,486 - WARNING - ⚠️ 300586 美联新材 K线更新失败: ('Connection aborted.', RemoteDisconnected('Remote end closed connection without response'))
2025-08-23 09:13:48,098 - WARNING - ⚠️ 300587 天铁科技 K线更新失败: ('Connection aborted.', RemoteDisconnected('Remote end closed connection without response'))
2025-08-23 09:13:48,744 - WARNING - ⚠️ 300588 熙菱信息 K线更新失败: ('Connection aborted.', RemoteDisconnected('Remote end closed connection without response'))
2025-08-23 09:13:49,385 - WARNING - ⚠️ 300589 江龙船艇 K线更新失败: ('Connection aborted.', RemoteDisconnected('Remote end closed connection without response'))
2025-08-23 09:13:50,011 - WARNING - ⚠️ 300590 移为通信 K线更新失败: ('Connection aborted.', RemoteDisconnected('Remote end closed connection without response'))
2025-08-23 09:13:50,623 - WARNING - ⚠️ 300591 万里马 K线更新失败: ('Connection aborted.', RemoteDisconnected('Remote end closed connection without response'))
2025-08-23 09:13:51,234 - WARNING - ⚠️ 300592 华凯易佰 K线更新失败: ('Connection aborted.', RemoteDisconnected('Remote end closed connection without response'))
2025-08-23 09:13:51,863 - WARNING - ⚠️ 300593 新雷能 K线更新失败: ('Connection aborted.', RemoteDisconnected('Remote end closed connection without response'))
2025-08-23 09:13:52,504 - WARNING - ⚠️ 300594 朗进科技 K线更新失败: ('Connection aborted.', RemoteDisconnected('Remote end closed connection without response'))
2025-08-23 09:13:53,115 - WARNING - ⚠️ 300595 欧普康视 K线更新失败: ('Connection aborted.', RemoteDisconnected('Remote end closed connection without response'))
2025-08-23 09:13:53,728 - WARNING - ⚠️ 300596 利安隆 K线更新失败: ('Connection aborted.', RemoteDisconnected('Remote end closed connection without response'))
2025-08-23 09:13:54,361 - WARNING - ⚠️ 300597 吉大通信 K线更新失败: ('Connection aborted.', RemoteDisconnected('Remote end closed connection without response'))
2025-08-23 09:13:54,997 - WARNING - ⚠️ 300598 诚迈科技 K线更新失败: ('Connection aborted.', RemoteDisconnected('Remote end closed connection without response'))
2025-08-23 09:13:55,627 - WARNING - ⚠️ 300599 雄塑科技 K线更新失败: ('Connection aborted.', RemoteDisconnected('Remote end closed connection without response'))
2025-08-23 09:13:56,274 - WARNING - ⚠️ 300600 国瑞科技 K线更新失败: ('Connection aborted.', RemoteDisconnected('Remote end closed connection without response'))
2025-08-23 09:13:56,910 - WARNING - ⚠️ 300601 康泰生物 K线更新失败: ('Connection aborted.', RemoteDisconnected('Remote end closed connection without response'))
2025-08-23 09:13:57,524 - WARNING - ⚠️ 300602 飞荣达 K线更新失败: ('Connection aborted.', RemoteDisconnected('Remote end closed connection without response'))
2025-08-23 09:13:58,164 - WARNING - ⚠️ 300603 立昂技术 K线更新失败: ('Connection aborted.', RemoteDisconnected('Remote end closed connection without response'))
2025-08-23 09:13:58,792 - WARNING - ⚠️ 300604 长川科技 K线更新失败: ('Connection aborted.', RemoteDisconnected('Remote end closed connection without response'))
2025-08-23 09:13:59,435 - WARNING - ⚠️ 300605 恒锋信息 K线更新失败: ('Connection aborted.', RemoteDisconnected('Remote end closed connection without response'))
2025-08-23 09:14:00,052 - WARNING - ⚠️ 300606 金太阳 K线更新失败: ('Connection aborted.', RemoteDisconnected('Remote end closed connection without response'))
2025-08-23 09:14:00,689 - WARNING - ⚠️ 300607 拓斯达 K线更新失败: ('Connection aborted.', RemoteDisconnected('Remote end closed connection without response'))
2025-08-23 09:14:01,317 - WARNING - ⚠️ 300608 思特奇 K线更新失败: ('Connection aborted.', RemoteDisconnected('Remote end closed connection without response'))
2025-08-23 09:14:01,944 - WARNING - ⚠️ 300609 汇纳科技 K线更新失败: ('Connection aborted.', RemoteDisconnected('Remote end closed connection without response'))
2025-08-23 09:14:02,572 - WARNING - ⚠️ 300610 晨化股份 K线更新失败: ('Connection aborted.', RemoteDisconnected('Remote end closed connection without response'))
2025-08-23 09:14:03,198 - WARNING - ⚠️ 300611 美力科技 K线更新失败: ('Connection aborted.', RemoteDisconnected('Remote end closed connection without response'))
2025-08-23 09:14:03,825 - WARNING - ⚠️ 300612 宣亚国际 K线更新失败: ('Connection aborted.', RemoteDisconnected('Remote end closed connection without response'))
2025-08-23 09:14:04,462 - WARNING - ⚠️ 300613 富瀚微 K线更新失败: ('Connection aborted.', RemoteDisconnected('Remote end closed connection without response'))
2025-08-23 09:14:05,097 - WARNING - ⚠️ 300614 百川畅银 K线更新失败: ('Connection aborted.', RemoteDisconnected('Remote end closed connection without response'))
2025-08-23 09:14:05,738 - WARNING - ⚠️ 300615 欣天科技 K线更新失败: ('Connection aborted.', RemoteDisconnected('Remote end closed connection without response'))
2025-08-23 09:14:06,365 - WARNING - ⚠️ 300616 尚品宅配 K线更新失败: ('Connection aborted.', RemoteDisconnected('Remote end closed connection without response'))
2025-08-23 09:14:07,009 - WARNING - ⚠️ 300617 安靠智电 K线更新失败: ('Connection aborted.', RemoteDisconnected('Remote end closed connection without response'))
2025-08-23 09:14:07,643 - WARNING - ⚠️ 300618 寒锐钴业 K线更新失败: ('Connection aborted.', RemoteDisconnected('Remote end closed connection without response'))
2025-08-23 09:14:08,287 - WARNING - ⚠️ 300619 金银河 K线更新失败: ('Connection aborted.', RemoteDisconnected('Remote end closed connection without response'))
2025-08-23 09:14:08,916 - WARNING - ⚠️ 300620 光库科技 K线更新失败: ('Connection aborted.', RemoteDisconnected('Remote end closed connection without response'))
2025-08-23 09:14:09,535 - WARNING - ⚠️ 300621 维业股份 K线更新失败: ('Connection aborted.', RemoteDisconnected('Remote end closed connection without response'))
2025-08-23 09:14:10,154 - WARNING - ⚠️ 300622 博士眼镜 K线更新失败: ('Connection aborted.', RemoteDisconnected('Remote end closed connection without response'))
2025-08-23 09:14:10,782 - WARNING - ⚠️ 300623 捷捷微电 K线更新失败: ('Connection aborted.', RemoteDisconnected('Remote end closed connection without response'))
2025-08-23 09:14:11,408 - WARNING - ⚠️ 300624 万兴科技 K线更新失败: ('Connection aborted.', RemoteDisconnected('Remote end closed connection without response'))
2025-08-23 09:14:12,020 - WARNING - ⚠️ 300625 三雄极光 K线更新失败: ('Connection aborted.', RemoteDisconnected('Remote end closed connection without response'))
2025-08-23 09:14:12,642 - WARNING - ⚠️ 300626 华瑞股份 K线更新失败: ('Connection aborted.', RemoteDisconnected('Remote end closed connection without response'))
2025-08-23 09:14:13,297 - WARNING - ⚠️ 300627 华测导航 K线更新失败: ('Connection aborted.', RemoteDisconnected('Remote end closed connection without response'))
2025-08-23 09:14:13,935 - WARNING - ⚠️ 300628 亿联网络 K线更新失败: ('Connection aborted.', RemoteDisconnected('Remote end closed connection without response'))
2025-08-23 09:14:14,555 - WARNING - ⚠️ 300629 新劲刚 K线更新失败: ('Connection aborted.', RemoteDisconnected('Remote end closed connection without response'))
2025-08-23 09:14:15,201 - WARNING - ⚠️ 300630 普利退 K线更新失败: ('Connection aborted.', RemoteDisconnected('Remote end closed connection without response'))
2025-08-23 09:14:15,834 - WARNING - ⚠️ 300631 久吾高科 K线更新失败: ('Connection aborted.', RemoteDisconnected('Remote end closed connection without response'))
2025-08-23 09:14:16,559 - WARNING - ⚠️ 300632 光莆股份 K线更新失败: ('Connection aborted.', RemoteDisconnected('Remote end closed connection without response'))
2025-08-23 09:14:17,185 - WARNING - ⚠️ 300633 开立医疗 K线更新失败: ('Connection aborted.', RemoteDisconnected('Remote end closed connection without response'))
2025-08-23 09:14:17,811 - WARNING - ⚠️ 300634 彩讯股份 K线更新失败: ('Connection aborted.', RemoteDisconnected('Remote end closed connection without response'))
2025-08-23 09:14:18,438 - WARNING - ⚠️ 300635 中达安 K线更新失败: ('Connection aborted.', RemoteDisconnected('Remote end closed connection without response'))
2025-08-23 09:14:19,097 - WARNING - ⚠️ 300636 同和药业 K线更新失败: ('Connection aborted.', RemoteDisconnected('Remote end closed connection without response'))
2025-08-23 09:14:19,710 - WARNING - ⚠️ 300637 扬帆新材 K线更新失败: ('Connection aborted.', RemoteDisconnected('Remote end closed connection without response'))
2025-08-23 09:14:20,346 - WARNING - ⚠️ 300638 广和通 K线更新失败: ('Connection aborted.', RemoteDisconnected('Remote end closed connection without response'))
2025-08-23 09:14:20,968 - WARNING - ⚠️ 300639 凯普生物 K线更新失败: ('Connection aborted.', RemoteDisconnected('Remote end closed connection without response'))
2025-08-23 09:14:21,608 - WARNING - ⚠️ 300640 德艺文创 K线更新失败: ('Connection aborted.', RemoteDisconnected('Remote end closed connection without response'))
2025-08-23 09:14:22,220 - WARNING - ⚠️ 300641 正丹股份 K线更新失败: ('Connection aborted.', RemoteDisconnected('Remote end closed connection without response'))
2025-08-23 09:14:22,831 - WARNING - ⚠️ 300642 透景生命 K线更新失败: ('Connection aborted.', RemoteDisconnected('Remote end closed connection without response'))
2025-08-23 09:14:23,467 - WARNING - ⚠️ 300643 万通智控 K线更新失败: ('Connection aborted.', RemoteDisconnected('Remote end closed connection without response'))
2025-08-23 09:14:24,085 - WARNING - ⚠️ 300644 南京聚隆 K线更新失败: ('Connection aborted.', RemoteDisconnected('Remote end closed connection without response'))
2025-08-23 09:14:24,728 - WARNING - ⚠️ 300645 正元智慧 K线更新失败: ('Connection aborted.', RemoteDisconnected('Remote end closed connection without response'))
2025-08-23 09:14:25,373 - WARNING - ⚠️ 300647 超频三 K线更新失败: ('Connection aborted.', RemoteDisconnected('Remote end closed connection without response'))
2025-08-23 09:14:26,014 - WARNING - ⚠️ 300648 星云股份 K线更新失败: ('Connection aborted.', RemoteDisconnected('Remote end closed connection without response'))
2025-08-23 09:14:26,644 - WARNING - ⚠️ 300649 杭州园林 K线更新失败: ('Connection aborted.', RemoteDisconnected('Remote end closed connection without response'))
2025-08-23 09:14:27,268 - WARNING - ⚠️ 300650 太龙股份 K线更新失败: ('Connection aborted.', RemoteDisconnected('Remote end closed connection without response'))
2025-08-23 09:14:27,892 - WARNING - ⚠️ 300651 金陵体育 K线更新失败: ('Connection aborted.', RemoteDisconnected('Remote end closed connection without response'))
2025-08-23 09:14:28,517 - WARNING - ⚠️ 300652 雷迪克 K线更新失败: ('Connection aborted.', RemoteDisconnected('Remote end closed connection without response'))
2025-08-23 09:14:29,124 - WARNING - ⚠️ 300653 正海生物 K线更新失败: ('Connection aborted.', RemoteDisconnected('Remote end closed connection without response'))
2025-08-23 09:14:29,756 - WARNING - ⚠️ 300654 世纪天鸿 K线更新失败: ('Connection aborted.', RemoteDisconnected('Remote end closed connection without response'))
2025-08-23 09:14:30,385 - WARNING - ⚠️ 300655 晶瑞电材 K线更新失败: ('Connection aborted.', RemoteDisconnected('Remote end closed connection without response'))
2025-08-23 09:14:31,020 - WARNING - ⚠️ 300656 民德电子 K线更新失败: ('Connection aborted.', RemoteDisconnected('Remote end closed connection without response'))
2025-08-23 09:14:31,633 - WARNING - ⚠️ 300657 弘信电子 K线更新失败: ('Connection aborted.', RemoteDisconnected('Remote end closed connection without response'))
2025-08-23 09:14:32,267 - WARNING - ⚠️ 300658 延江股份 K线更新失败: ('Connection aborted.', RemoteDisconnected('Remote end closed connection without response'))
2025-08-23 09:14:32,892 - WARNING - ⚠️ 300659 中孚信息 K线更新失败: ('Connection aborted.', RemoteDisconnected('Remote end closed connection without response'))
2025-08-23 09:14:33,535 - WARNING - ⚠️ 300660 江苏雷利 K线更新失败: ('Connection aborted.', RemoteDisconnected('Remote end closed connection without response'))
2025-08-23 09:14:34,184 - WARNING - ⚠️ 300661 圣邦股份 K线更新失败: ('Connection aborted.', RemoteDisconnected('Remote end closed connection without response'))
2025-08-23 09:14:34,801 - WARNING - ⚠️ 300662 科锐国际 K线更新失败: ('Connection aborted.', RemoteDisconnected('Remote end closed connection without response'))
2025-08-23 09:14:35,434 - WARNING - ⚠️ 300663 科蓝软件 K线更新失败: ('Connection aborted.', RemoteDisconnected('Remote end closed connection without response'))
2025-08-23 09:14:36,072 - WARNING - ⚠️ 300664 鹏鹞环保 K线更新失败: ('Connection aborted.', RemoteDisconnected('Remote end closed connection without response'))
2025-08-23 09:14:36,707 - WARNING - ⚠️ 300665 飞鹿股份 K线更新失败: ('Connection aborted.', RemoteDisconnected('Remote end closed connection without response'))
2025-08-23 09:14:37,351 - WARNING - ⚠️ 300666 江丰电子 K线更新失败: ('Connection aborted.', RemoteDisconnected('Remote end closed connection without response'))
2025-08-23 09:14:37,984 - WARNING - ⚠️ 300667 必创科技 K线更新失败: ('Connection aborted.', RemoteDisconnected('Remote end closed connection without response'))
2025-08-23 09:14:38,599 - WARNING - ⚠️ 300668 杰恩设计 K线更新失败: ('Connection aborted.', RemoteDisconnected('Remote end closed connection without response'))
2025-08-23 09:14:39,236 - WARNING - ⚠️ 300669 沪宁股份 K线更新失败: ('Connection aborted.', RemoteDisconnected('Remote end closed connection without response'))
2025-08-23 09:14:39,867 - WARNING - ⚠️ 300670 大烨智能 K线更新失败: ('Connection aborted.', RemoteDisconnected('Remote end closed connection without response'))
2025-08-23 09:14:40,500 - WARNING - ⚠️ 300671 富满微 K线更新失败: ('Connection aborted.', RemoteDisconnected('Remote end closed connection without response'))
2025-08-23 09:14:41,136 - WARNING - ⚠️ 300672 国科微 K线更新失败: ('Connection aborted.', RemoteDisconnected('Remote end closed connection without response'))
2025-08-23 09:14:41,764 - WARNING - ⚠️ 300673 佩蒂股份 K线更新失败: ('Connection aborted.', RemoteDisconnected('Remote end closed connection without response'))
2025-08-23 09:14:42,377 - WARNING - ⚠️ 300674 宇信科技 K线更新失败: ('Connection aborted.', RemoteDisconnected('Remote end closed connection without response'))
2025-08-23 09:14:42,986 - WARNING - ⚠️ 300675 建科院 K线更新失败: ('Connection aborted.', RemoteDisconnected('Remote end closed connection without response'))
2025-08-23 09:14:43,618 - WARNING - ⚠️ 300676 华大基因 K线更新失败: ('Connection aborted.', RemoteDisconnected('Remote end closed connection without response'))
2025-08-23 09:14:44,242 - WARNING - ⚠️ 300677 英科医疗 K线更新失败: ('Connection aborted.', RemoteDisconnected('Remote end closed connection without response'))
2025-08-23 09:14:44,883 - WARNING - ⚠️ 300678 中科信息 K线更新失败: ('Connection aborted.', RemoteDisconnected('Remote end closed connection without response'))
2025-08-23 09:14:45,514 - WARNING - ⚠️ 300679 电连技术 K线更新失败: ('Connection aborted.', RemoteDisconnected('Remote end closed connection without response'))
2025-08-23 09:14:46,150 - WARNING - ⚠️ 300680 隆盛科技 K线更新失败: ('Connection aborted.', RemoteDisconnected('Remote end closed connection without response'))
2025-08-23 09:14:46,781 - WARNING - ⚠️ 300681 英搏尔 K线更新失败: ('Connection aborted.', RemoteDisconnected('Remote end closed connection without response'))
2025-08-23 09:14:47,413 - WARNING - ⚠️ 300682 朗新集团 K线更新失败: ('Connection aborted.', RemoteDisconnected('Remote end closed connection without response'))
2025-08-23 09:14:48,034 - WARNING - ⚠️ 300683 海特生物 K线更新失败: ('Connection aborted.', RemoteDisconnected('Remote end closed connection without response'))
2025-08-23 09:14:48,660 - WARNING - ⚠️ 300684 中石科技 K线更新失败: ('Connection aborted.', RemoteDisconnected('Remote end closed connection without response'))
2025-08-23 09:14:49,300 - WARNING - ⚠️ 300685 艾德生物 K线更新失败: ('Connection aborted.', RemoteDisconnected('Remote end closed connection without response'))
2025-08-23 09:14:49,933 - WARNING - ⚠️ 300686 智动力 K线更新失败: ('Connection aborted.', RemoteDisconnected('Remote end closed connection without response'))
2025-08-23 09:14:50,561 - WARNING - ⚠️ 300687 赛意信息 K线更新失败: ('Connection aborted.', RemoteDisconnected('Remote end closed connection without response'))
2025-08-23 09:14:51,173 - WARNING - ⚠️ 300688 创业黑马 K线更新失败: ('Connection aborted.', RemoteDisconnected('Remote end closed connection without response'))
2025-08-23 09:14:51,817 - WARNING - ⚠️ 300689 澄天伟业 K线更新失败: ('Connection aborted.', RemoteDisconnected('Remote end closed connection without response'))
2025-08-23 09:14:52,452 - WARNING - ⚠️ 300690 双一科技 K线更新失败: ('Connection aborted.', RemoteDisconnected('Remote end closed connection without response'))
2025-08-23 09:14:53,068 - WARNING - ⚠️ 300691 联合光电 K线更新失败: ('Connection aborted.', RemoteDisconnected('Remote end closed connection without response'))
2025-08-23 09:14:53,696 - WARNING - ⚠️ 300692 中环环保 K线更新失败: ('Connection aborted.', RemoteDisconnected('Remote end closed connection without response'))
2025-08-23 09:14:54,339 - WARNING - ⚠️ 300693 盛弘股份 K线更新失败: ('Connection aborted.', RemoteDisconnected('Remote end closed connection without response'))
2025-08-23 09:14:54,968 - WARNING - ⚠️ 300694 蠡湖股份 K线更新失败: ('Connection aborted.', RemoteDisconnected('Remote end closed connection without response'))
2025-08-23 09:14:55,598 - WARNING - ⚠️ 300695 兆丰股份 K线更新失败: ('Connection aborted.', RemoteDisconnected('Remote end closed connection without response'))
2025-08-23 09:14:56,217 - WARNING - ⚠️ 300696 爱乐达 K线更新失败: ('Connection aborted.', RemoteDisconnected('Remote end closed connection without response'))
2025-08-23 09:14:56,863 - WARNING - ⚠️ 300697 电工合金 K线更新失败: ('Connection aborted.', RemoteDisconnected('Remote end closed connection without response'))
2025-08-23 09:14:57,491 - WARNING - ⚠️ 300698 万马科技 K线更新失败: ('Connection aborted.', RemoteDisconnected('Remote end closed connection without response'))
2025-08-23 09:14:58,139 - WARNING - ⚠️ 300699 光威复材 K线更新失败: ('Connection aborted.', RemoteDisconnected('Remote end closed connection without response'))
2025-08-23 09:14:58,773 - WARNING - ⚠️ 300700 岱勒新材 K线更新失败: ('Connection aborted.', RemoteDisconnected('Remote end closed connection without response'))
2025-08-23 09:14:59,399 - WARNING - ⚠️ 300701 森霸传感 K线更新失败: ('Connection aborted.', RemoteDisconnected('Remote end closed connection without response'))
2025-08-23 09:15:00,028 - WARNING - ⚠️ 300702 天宇股份 K线更新失败: ('Connection aborted.', RemoteDisconnected('Remote end closed connection without response'))
2025-08-23 09:15:00,659 - WARNING - ⚠️ 300703 创源股份 K线更新失败: ('Connection aborted.', RemoteDisconnected('Remote end closed connection without response'))
2025-08-23 09:15:01,295 - WARNING - ⚠️ 300705 九典制药 K线更新失败: ('Connection aborted.', RemoteDisconnected('Remote end closed connection without response'))
2025-08-23 09:15:01,932 - WARNING - ⚠️ 300706 阿石创 K线更新失败: ('Connection aborted.', RemoteDisconnected('Remote end closed connection without response'))
2025-08-23 09:15:02,544 - WARNING - ⚠️ 300707 威唐工业 K线更新失败: ('Connection aborted.', RemoteDisconnected('Remote end closed connection without response'))
2025-08-23 09:15:03,171 - WARNING - ⚠️ 300708 聚灿光电 K线更新失败: ('Connection aborted.', RemoteDisconnected('Remote end closed connection without response'))
2025-08-23 09:15:03,799 - WARNING - ⚠️ 300709 精研科技 K线更新失败: ('Connection aborted.', RemoteDisconnected('Remote end closed connection without response'))
2025-08-23 09:15:04,439 - WARNING - ⚠️ 300710 万隆光电 K线更新失败: ('Connection aborted.', RemoteDisconnected('Remote end closed connection without response'))
2025-08-23 09:15:05,069 - WARNING - ⚠️ 300711 广哈通信 K线更新失败: ('Connection aborted.', RemoteDisconnected('Remote end closed connection without response'))
2025-08-23 09:15:05,710 - WARNING - ⚠️ 300712 永福股份 K线更新失败: ('Connection aborted.', RemoteDisconnected('Remote end closed connection without response'))
2025-08-23 09:15:06,339 - WARNING - ⚠️ 300713 英可瑞 K线更新失败: ('Connection aborted.', RemoteDisconnected('Remote end closed connection without response'))
2025-08-23 09:15:06,966 - WARNING - ⚠️ 300715 凯伦股份 K线更新失败: ('Connection aborted.', RemoteDisconnected('Remote end closed connection without response'))
2025-08-23 09:15:07,593 - WARNING - ⚠️ 300716 ST泉为 K线更新失败: ('Connection aborted.', RemoteDisconnected('Remote end closed connection without response'))
2025-08-23 09:15:08,219 - WARNING - ⚠️ 300717 华信新材 K线更新失败: ('Connection aborted.', RemoteDisconnected('Remote end closed connection without response'))
2025-08-23 09:15:08,850 - WARNING - ⚠️ 300718 长盛轴承 K线更新失败: ('Connection aborted.', RemoteDisconnected('Remote end closed connection without response'))
2025-08-23 09:15:09,505 - WARNING - ⚠️ 300719 安达维尔 K线更新失败: ('Connection aborted.', RemoteDisconnected('Remote end closed connection without response'))
2025-08-23 09:15:10,151 - WARNING - ⚠️ 300720 海川智能 K线更新失败: ('Connection aborted.', RemoteDisconnected('Remote end closed connection without response'))
2025-08-23 09:15:10,782 - WARNING - ⚠️ 300721 怡达股份 K线更新失败: ('Connection aborted.', RemoteDisconnected('Remote end closed connection without response'))
2025-08-23 09:15:11,404 - WARNING - ⚠️ 300722 新余国科 K线更新失败: ('Connection aborted.', RemoteDisconnected('Remote end closed connection without response'))
2025-08-23 09:15:12,035 - WARNING - ⚠️ 300723 一品红 K线更新失败: ('Connection aborted.', RemoteDisconnected('Remote end closed connection without response'))
2025-08-23 09:15:12,664 - WARNING - ⚠️ 300724 捷佳伟创 K线更新失败: ('Connection aborted.', RemoteDisconnected('Remote end closed connection without response'))
2025-08-23 09:15:13,297 - WARNING - ⚠️ 300725 药石科技 K线更新失败: ('Connection aborted.', RemoteDisconnected('Remote end closed connection without response'))
2025-08-23 09:15:13,945 - WARNING - ⚠️ 300726 宏达电子 K线更新失败: ('Connection aborted.', RemoteDisconnected('Remote end closed connection without response'))
2025-08-23 09:15:14,583 - WARNING - ⚠️ 300727 润禾材料 K线更新失败: ('Connection aborted.', RemoteDisconnected('Remote end closed connection without response'))
2025-08-23 09:15:15,205 - WARNING - ⚠️ 300729 乐歌股份 K线更新失败: ('Connection aborted.', RemoteDisconnected('Remote end closed connection without response'))
2025-08-23 09:15:15,831 - WARNING - ⚠️ 300730 科创信息 K线更新失败: ('Connection aborted.', RemoteDisconnected('Remote end closed connection without response'))
2025-08-23 09:15:16,455 - WARNING - ⚠️ 300731 科创新源 K线更新失败: ('Connection aborted.', RemoteDisconnected('Remote end closed connection without response'))
2025-08-23 09:15:17,094 - WARNING - ⚠️ 300732 设研院 K线更新失败: ('Connection aborted.', RemoteDisconnected('Remote end closed connection without response'))
2025-08-23 09:15:17,730 - WARNING - ⚠️ 300733 西菱动力 K线更新失败: ('Connection aborted.', RemoteDisconnected('Remote end closed connection without response'))
2025-08-23 09:15:18,380 - WARNING - ⚠️ 300735 光弘科技 K线更新失败: ('Connection aborted.', RemoteDisconnected('Remote end closed connection without response'))
2025-08-23 09:15:19,006 - WARNING - ⚠️ 300736 百邦科技 K线更新失败: ('Connection aborted.', RemoteDisconnected('Remote end closed connection without response'))
2025-08-23 09:15:19,642 - WARNING - ⚠️ 300737 科顺股份 K线更新失败: ('Connection aborted.', RemoteDisconnected('Remote end closed connection without response'))
2025-08-23 09:15:20,274 - WARNING - ⚠️ 300738 奥飞数据 K线更新失败: ('Connection aborted.', RemoteDisconnected('Remote end closed connection without response'))
2025-08-23 09:15:20,890 - WARNING - ⚠️ 300739 明阳电路 K线更新失败: ('Connection aborted.', RemoteDisconnected('Remote end closed connection without response'))
2025-08-23 09:15:21,517 - WARNING - ⚠️ 300740 水羊股份 K线更新失败: ('Connection aborted.', RemoteDisconnected('Remote end closed connection without response'))
2025-08-23 09:15:22,145 - WARNING - ⚠️ 300741 华宝股份 K线更新失败: ('Connection aborted.', RemoteDisconnected('Remote end closed connection without response'))
2025-08-23 09:15:22,773 - WARNING - ⚠️ 300742 越博退 K线更新失败: ('Connection aborted.', RemoteDisconnected('Remote end closed connection without response'))
2025-08-23 09:15:23,401 - WARNING - ⚠️ 300743 天地数码 K线更新失败: ('Connection aborted.', RemoteDisconnected('Remote end closed connection without response'))
2025-08-23 09:15:24,035 - WARNING - ⚠️ 300745 欣锐科技 K线更新失败: ('Connection aborted.', RemoteDisconnected('Remote end closed connection without response'))
2025-08-23 09:15:24,663 - WARNING - ⚠️ 300746 汉嘉设计 K线更新失败: ('Connection aborted.', RemoteDisconnected('Remote end closed connection without response'))
2025-08-23 09:15:25,290 - WARNING - ⚠️ 300747 锐科激光 K线更新失败: ('Connection aborted.', RemoteDisconnected('Remote end closed connection without response'))
2025-08-23 09:15:25,911 - WARNING - ⚠️ 300748 金力永磁 K线更新失败: ('Connection aborted.', RemoteDisconnected('Remote end closed connection without response'))
2025-08-23 09:15:26,538 - WARNING - ⚠️ 300749 顶固集创 K线更新失败: ('Connection aborted.', RemoteDisconnected('Remote end closed connection without response'))
2025-08-23 09:15:27,182 - WARNING - ⚠️ 300750 宁德时代 K线更新失败: ('Connection aborted.', RemoteDisconnected('Remote end closed connection without response'))
2025-08-23 09:15:27,816 - WARNING - ⚠️ 300751 迈为股份 K线更新失败: ('Connection aborted.', RemoteDisconnected('Remote end closed connection without response'))
2025-08-23 09:15:28,440 - WARNING - ⚠️ 300752 隆利科技 K线更新失败: ('Connection aborted.', RemoteDisconnected('Remote end closed connection without response'))
2025-08-23 09:15:29,082 - WARNING - ⚠️ 300753 爱朋医疗 K线更新失败: ('Connection aborted.', RemoteDisconnected('Remote end closed connection without response'))
2025-08-23 09:15:29,730 - WARNING - ⚠️ 300755 华致酒行 K线更新失败: ('Connection aborted.', RemoteDisconnected('Remote end closed connection without response'))
2025-08-23 09:15:30,383 - WARNING - ⚠️ 300756 金马游乐 K线更新失败: ('Connection aborted.', RemoteDisconnected('Remote end closed connection without response'))
2025-08-23 09:15:31,022 - WARNING - ⚠️ 300757 罗博特科 K线更新失败: ('Connection aborted.', RemoteDisconnected('Remote end closed connection without response'))
2025-08-23 09:15:31,666 - WARNING - ⚠️ 300758 七彩化学 K线更新失败: ('Connection aborted.', RemoteDisconnected('Remote end closed connection without response'))
2025-08-23 09:15:32,293 - WARNING - ⚠️ 300759 康龙化成 K线更新失败: ('Connection aborted.', RemoteDisconnected('Remote end closed connection without response'))
2025-08-23 09:15:32,927 - WARNING - ⚠️ 300760 迈瑞医疗 K线更新失败: ('Connection aborted.', RemoteDisconnected('Remote end closed connection without response'))
2025-08-23 09:15:33,571 - WARNING - ⚠️ 300761 立华股份 K线更新失败: ('Connection aborted.', RemoteDisconnected('Remote end closed connection without response'))
2025-08-23 09:15:34,203 - WARNING - ⚠️ 300762 上海瀚讯 K线更新失败: ('Connection aborted.', RemoteDisconnected('Remote end closed connection without response'))
2025-08-23 09:15:34,842 - WARNING - ⚠️ 300763 锦浪科技 K线更新失败: ('Connection aborted.', RemoteDisconnected('Remote end closed connection without response'))
2025-08-23 09:15:35,481 - WARNING - ⚠️ 300765 新诺威 K线更新失败: ('Connection aborted.', RemoteDisconnected('Remote end closed connection without response'))
2025-08-23 09:15:36,112 - WARNING - ⚠️ 300766 每日互动 K线更新失败: ('Connection aborted.', RemoteDisconnected('Remote end closed connection without response'))
2025-08-23 09:15:36,748 - WARNING - ⚠️ 300767 震安科技 K线更新失败: ('Connection aborted.', RemoteDisconnected('Remote end closed connection without response'))
2025-08-23 09:15:37,390 - WARNING - ⚠️ 300768 迪普科技 K线更新失败: ('Connection aborted.', RemoteDisconnected('Remote end closed connection without response'))
2025-08-23 09:15:38,018 - WARNING - ⚠️ 300769 德方纳米 K线更新失败: ('Connection aborted.', RemoteDisconnected('Remote end closed connection without response'))
2025-08-23 09:15:38,652 - WARNING - ⚠️ 300770 新媒股份 K线更新失败: ('Connection aborted.', RemoteDisconnected('Remote end closed connection without response'))
2025-08-23 09:15:39,277 - WARNING - ⚠️ 300771 智莱科技 K线更新失败: ('Connection aborted.', RemoteDisconnected('Remote end closed connection without response'))
2025-08-23 09:15:39,935 - WARNING - ⚠️ 300772 运达股份 K线更新失败: ('Connection aborted.', RemoteDisconnected('Remote end closed connection without response'))
2025-08-23 09:15:40,577 - WARNING - ⚠️ 300773 拉卡拉 K线更新失败: ('Connection aborted.', RemoteDisconnected('Remote end closed connection without response'))
2025-08-23 09:15:41,221 - WARNING - ⚠️ 300774 倍杰特 K线更新失败: ('Connection aborted.', RemoteDisconnected('Remote end closed connection without response'))
2025-08-23 09:15:41,878 - WARNING - ⚠️ 300775 三角防务 K线更新失败: ('Connection aborted.', RemoteDisconnected('Remote end closed connection without response'))
2025-08-23 09:15:42,511 - WARNING - ⚠️ 300776 帝尔激光 K线更新失败: ('Connection aborted.', RemoteDisconnected('Remote end closed connection without response'))
2025-08-23 09:15:43,144 - WARNING - ⚠️ 300777 中简科技 K线更新失败: ('Connection aborted.', RemoteDisconnected('Remote end closed connection without response'))
2025-08-23 09:15:43,776 - WARNING - ⚠️ 300778 新城市 K线更新失败: ('Connection aborted.', RemoteDisconnected('Remote end closed connection without response'))
2025-08-23 09:15:44,399 - WARNING - ⚠️ 300779 惠城环保 K线更新失败: ('Connection aborted.', RemoteDisconnected('Remote end closed connection without response'))
2025-08-23 09:15:45,019 - WARNING - ⚠️ 300780 德恩精工 K线更新失败: ('Connection aborted.', RemoteDisconnected('Remote end closed connection without response'))
2025-08-23 09:15:45,646 - WARNING - ⚠️ 300781 因赛集团 K线更新失败: ('Connection aborted.', RemoteDisconnected('Remote end closed connection without response'))
2025-08-23 09:15:46,284 - WARNING - ⚠️ 300782 卓胜微 K线更新失败: ('Connection aborted.', RemoteDisconnected('Remote end closed connection without response'))
2025-08-23 09:15:46,913 - WARNING - ⚠️ 300783 三只松鼠 K线更新失败: ('Connection aborted.', RemoteDisconnected('Remote end closed connection without response'))
2025-08-23 09:15:47,540 - WARNING - ⚠️ 300784 利安科技 K线更新失败: ('Connection aborted.', RemoteDisconnected('Remote end closed connection without response'))
2025-08-23 09:15:48,166 - WARNING - ⚠️ 300785 值得买 K线更新失败: ('Connection aborted.', RemoteDisconnected('Remote end closed connection without response'))
2025-08-23 09:15:48,805 - WARNING - ⚠️ 300786 国林科技 K线更新失败: ('Connection aborted.', RemoteDisconnected('Remote end closed connection without response'))
2025-08-23 09:15:49,444 - WARNING - ⚠️ 300787 海能实业 K线更新失败: ('Connection aborted.', RemoteDisconnected('Remote end closed connection without response'))
2025-08-23 09:15:50,076 - WARNING - ⚠️ 300788 中信出版 K线更新失败: ('Connection aborted.', RemoteDisconnected('Remote end closed connection without response'))
2025-08-23 09:15:50,706 - WARNING - ⚠️ 300789 唐源电气 K线更新失败: ('Connection aborted.', RemoteDisconnected('Remote end closed connection without response'))
2025-08-23 09:15:51,344 - WARNING - ⚠️ 300790 宇瞳光学 K线更新失败: ('Connection aborted.', RemoteDisconnected('Remote end closed connection without response'))
2025-08-23 09:15:51,986 - WARNING - ⚠️ 300791 仙乐健康 K线更新失败: ('Connection aborted.', RemoteDisconnected('Remote end closed connection without response'))
2025-08-23 09:15:52,618 - WARNING - ⚠️ 300792 壹网壹创 K线更新失败: ('Connection aborted.', RemoteDisconnected('Remote end closed connection without response'))
2025-08-23 09:15:53,259 - WARNING - ⚠️ 300793 佳禾智能 K线更新失败: ('Connection aborted.', RemoteDisconnected('Remote end closed connection without response'))
2025-08-23 09:15:53,918 - WARNING - ⚠️ 300795 米奥会展 K线更新失败: ('Connection aborted.', RemoteDisconnected('Remote end closed connection without response'))
2025-08-23 09:15:54,546 - WARNING - ⚠️ 300796 贝斯美 K线更新失败: ('Connection aborted.', RemoteDisconnected('Remote end closed connection without response'))
2025-08-23 09:15:55,169 - WARNING - ⚠️ 300797 钢研纳克 K线更新失败: ('Connection aborted.', RemoteDisconnected('Remote end closed connection without response'))
2025-08-23 09:15:55,814 - WARNING - ⚠️ 300798 锦鸡股份 K线更新失败: ('Connection aborted.', RemoteDisconnected('Remote end closed connection without response'))
2025-08-23 09:15:56,441 - WARNING - ⚠️ 300799 左江退 K线更新失败: ('Connection aborted.', RemoteDisconnected('Remote end closed connection without response'))
2025-08-23 09:15:57,069 - WARNING - ⚠️ 300800 力合科技 K线更新失败: ('Connection aborted.', RemoteDisconnected('Remote end closed connection without response'))
2025-08-23 09:15:57,711 - WARNING - ⚠️ 300801 泰和科技 K线更新失败: ('Connection aborted.', RemoteDisconnected('Remote end closed connection without response'))
2025-08-23 09:15:58,339 - WARNING - ⚠️ 300802 矩子科技 K线更新失败: ('Connection aborted.', RemoteDisconnected('Remote end closed connection without response'))
2025-08-23 09:15:58,967 - WARNING - ⚠️ 300803 指南针 K线更新失败: ('Connection aborted.', RemoteDisconnected('Remote end closed connection without response'))
2025-08-23 09:15:59,595 - WARNING - ⚠️ 300804 广康生化 K线更新失败: ('Connection aborted.', RemoteDisconnected('Remote end closed connection without response'))
2025-08-23 09:16:00,208 - WARNING - ⚠️ 300805 电声股份 K线更新失败: ('Connection aborted.', RemoteDisconnected('Remote end closed connection without response'))
2025-08-23 09:16:00,820 - WARNING - ⚠️ 300806 斯迪克 K线更新失败: ('Connection aborted.', RemoteDisconnected('Remote end closed connection without response'))
2025-08-23 09:16:01,456 - WARNING - ⚠️ 300807 天迈科技 K线更新失败: ('Connection aborted.', RemoteDisconnected('Remote end closed connection without response'))
2025-08-23 09:16:02,081 - WARNING - ⚠️ 300808 久量股份 K线更新失败: ('Connection aborted.', RemoteDisconnected('Remote end closed connection without response'))
2025-08-23 09:16:02,695 - WARNING - ⚠️ 300809 华辰装备 K线更新失败: ('Connection aborted.', RemoteDisconnected('Remote end closed connection without response'))
2025-08-23 09:16:03,305 - WARNING - ⚠️ 300810 中科海讯 K线更新失败: ('Connection aborted.', RemoteDisconnected('Remote end closed connection without response'))
2025-08-23 09:16:03,949 - WARNING - ⚠️ 300811 铂科新材 K线更新失败: ('Connection aborted.', RemoteDisconnected('Remote end closed connection without response'))
2025-08-23 09:16:04,564 - WARNING - ⚠️ 300812 易天股份 K线更新失败: ('Connection aborted.', RemoteDisconnected('Remote end closed connection without response'))
2025-08-23 09:16:05,207 - WARNING - ⚠️ 300813 泰林生物 K线更新失败: ('Connection aborted.', RemoteDisconnected('Remote end closed connection without response'))
2025-08-23 09:16:05,835 - WARNING - ⚠️ 300814 中富电路 K线更新失败: ('Connection aborted.', RemoteDisconnected('Remote end closed connection without response'))
2025-08-23 09:16:06,467 - WARNING - ⚠️ 300815 玉禾田 K线更新失败: ('Connection aborted.', RemoteDisconnected('Remote end closed connection without response'))
2025-08-23 09:16:07,107 - WARNING - ⚠️ 300816 艾可蓝 K线更新失败: ('Connection aborted.', RemoteDisconnected('Remote end closed connection without response'))
2025-08-23 09:16:07,735 - WARNING - ⚠️ 300817 双飞集团 K线更新失败: ('Connection aborted.', RemoteDisconnected('Remote end closed connection without response'))
2025-08-23 09:16:08,362 - WARNING - ⚠️ 300818 耐普矿机 K线更新失败: ('Connection aborted.', RemoteDisconnected('Remote end closed connection without response'))
2025-08-23 09:16:08,990 - WARNING - ⚠️ 300819 聚杰微纤 K线更新失败: ('Connection aborted.', RemoteDisconnected('Remote end closed connection without response'))
2025-08-23 09:16:09,606 - WARNING - ⚠️ 300820 英杰电气 K线更新失败: ('Connection aborted.', RemoteDisconnected('Remote end closed connection without response'))
2025-08-23 09:16:10,262 - WARNING - ⚠️ 300821 东岳硅材 K线更新失败: ('Connection aborted.', RemoteDisconnected('Remote end closed connection without response'))
2025-08-23 09:16:10,876 - WARNING - ⚠️ 300822 贝仕达克 K线更新失败: ('Connection aborted.', RemoteDisconnected('Remote end closed connection without response'))
2025-08-23 09:16:11,503 - WARNING - ⚠️ 300823 建科智能 K线更新失败: ('Connection aborted.', RemoteDisconnected('Remote end closed connection without response'))
2025-08-23 09:16:12,116 - WARNING - ⚠️ 300824 北鼎股份 K线更新失败: ('Connection aborted.', RemoteDisconnected('Remote end closed connection without response'))
2025-08-23 09:16:12,744 - WARNING - ⚠️ 300825 阿尔特 K线更新失败: ('Connection aborted.', RemoteDisconnected('Remote end closed connection without response'))
2025-08-23 09:16:13,387 - WARNING - ⚠️ 300826 测绘股份 K线更新失败: ('Connection aborted.', RemoteDisconnected('Remote end closed connection without response'))
2025-08-23 09:16:14,014 - WARNING - ⚠️ 300827 上能电气 K线更新失败: ('Connection aborted.', RemoteDisconnected('Remote end closed connection without response'))
2025-08-23 09:16:14,627 - WARNING - ⚠️ 300828 锐新科技 K线更新失败: ('Connection aborted.', RemoteDisconnected('Remote end closed connection without response'))
2025-08-23 09:16:15,239 - WARNING - ⚠️ 300829 金丹科技 K线更新失败: ('Connection aborted.', RemoteDisconnected('Remote end closed connection without response'))
2025-08-23 09:16:15,867 - WARNING - ⚠️ 300830 金现代 K线更新失败: ('Connection aborted.', RemoteDisconnected('Remote end closed connection without response'))
2025-08-23 09:16:16,494 - WARNING - ⚠️ 300831 派瑞股份 K线更新失败: ('Connection aborted.', RemoteDisconnected('Remote end closed connection without response'))
2025-08-23 09:16:17,122 - WARNING - ⚠️ 300832 新产业 K线更新失败: ('Connection aborted.', RemoteDisconnected('Remote end closed connection without response'))
2025-08-23 09:16:17,750 - WARNING - ⚠️ 300833 浩洋股份 K线更新失败: ('Connection aborted.', RemoteDisconnected('Remote end closed connection without response'))
2025-08-23 09:16:18,362 - WARNING - ⚠️ 300834 星辉环材 K线更新失败: ('Connection aborted.', RemoteDisconnected('Remote end closed connection without response'))
2025-08-23 09:16:18,998 - WARNING - ⚠️ 300835 龙磁科技 K线更新失败: ('Connection aborted.', RemoteDisconnected('Remote end closed connection without response'))
2025-08-23 09:16:19,626 - WARNING - ⚠️ 300836 佰奥智能 K线更新失败: ('Connection aborted.', RemoteDisconnected('Remote end closed connection without response'))
2025-08-23 09:16:20,238 - WARNING - ⚠️ 300837 浙矿股份 K线更新失败: ('Connection aborted.', RemoteDisconnected('Remote end closed connection without response'))
2025-08-23 09:16:20,881 - WARNING - ⚠️ 300838 浙江力诺 K线更新失败: ('Connection aborted.', RemoteDisconnected('Remote end closed connection without response'))
2025-08-23 09:16:21,509 - WARNING - ⚠️ 300839 博汇股份 K线更新失败: ('Connection aborted.', RemoteDisconnected('Remote end closed connection without response'))
2025-08-23 09:16:22,137 - WARNING - ⚠️ 300840 酷特智能 K线更新失败: ('Connection aborted.', RemoteDisconnected('Remote end closed connection without response'))
2025-08-23 09:16:22,749 - WARNING - ⚠️ 300841 康华生物 K线更新失败: ('Connection aborted.', RemoteDisconnected('Remote end closed connection without response'))
2025-08-23 09:16:23,362 - WARNING - ⚠️ 300842 帝科股份 K线更新失败: ('Connection aborted.', RemoteDisconnected('Remote end closed connection without response'))
2025-08-23 09:16:24,006 - WARNING - ⚠️ 300843 胜蓝股份 K线更新失败: ('Connection aborted.', RemoteDisconnected('Remote end closed connection without response'))
2025-08-23 09:16:24,634 - WARNING - ⚠️ 300844 山水比德 K线更新失败: ('Connection aborted.', RemoteDisconnected('Remote end closed connection without response'))
2025-08-23 09:16:25,262 - WARNING - ⚠️ 300845 捷安高科 K线更新失败: ('Connection aborted.', RemoteDisconnected('Remote end closed connection without response'))
2025-08-23 09:16:25,905 - WARNING - ⚠️ 300846 首都在线 K线更新失败: ('Connection aborted.', RemoteDisconnected('Remote end closed connection without response'))
2025-08-23 09:16:26,517 - WARNING - ⚠️ 300847 中船汉光 K线更新失败: ('Connection aborted.', RemoteDisconnected('Remote end closed connection without response'))
2025-08-23 09:16:27,145 - WARNING - ⚠️ 300848 美瑞新材 K线更新失败: ('Connection aborted.', RemoteDisconnected('Remote end closed connection without response'))
2025-08-23 09:16:27,758 - WARNING - ⚠️ 300849 锦盛新材 K线更新失败: ('Connection aborted.', RemoteDisconnected('Remote end closed connection without response'))
2025-08-23 09:16:28,371 - WARNING - ⚠️ 300850 新强联 K线更新失败: ('Connection aborted.', RemoteDisconnected('Remote end closed connection without response'))
2025-08-23 09:16:29,014 - WARNING - ⚠️ 300851 交大思诺 K线更新失败: ('Connection aborted.', RemoteDisconnected('Remote end closed connection without response'))
2025-08-23 09:16:29,642 - WARNING - ⚠️ 300852 四会富仕 K线更新失败: ('Connection aborted.', RemoteDisconnected('Remote end closed connection without response'))
2025-08-23 09:16:30,270 - WARNING - ⚠️ 300853 申昊科技 K线更新失败: ('Connection aborted.', RemoteDisconnected('Remote end closed connection without response'))
2025-08-23 09:16:30,890 - WARNING - ⚠️ 300854 中兰环保 K线更新失败: ('Connection aborted.', RemoteDisconnected('Remote end closed connection without response'))
2025-08-23 09:16:31,518 - WARNING - ⚠️ 300855 图南股份 K线更新失败: ('Connection aborted.', RemoteDisconnected('Remote end closed connection without response'))
2025-08-23 09:16:32,152 - WARNING - ⚠️ 300856 科思股份 K线更新失败: ('Connection aborted.', RemoteDisconnected('Remote end closed connection without response'))
2025-08-23 09:16:32,779 - WARNING - ⚠️ 300857 协创数据 K线更新失败: ('Connection aborted.', RemoteDisconnected('Remote end closed connection without response'))
2025-08-23 09:16:33,407 - WARNING - ⚠️ 300858 科拓生物 K线更新失败: ('Connection aborted.', RemoteDisconnected('Remote end closed connection without response'))
2025-08-23 09:16:34,046 - WARNING - ⚠️ 300859 西域旅游 K线更新失败: ('Connection aborted.', RemoteDisconnected('Remote end closed connection without response'))
2025-08-23 09:16:34,662 - WARNING - ⚠️ 300860 锋尚文化 K线更新失败: ('Connection aborted.', RemoteDisconnected('Remote end closed connection without response'))
2025-08-23 09:16:35,300 - WARNING - ⚠️ 300861 美畅股份 K线更新失败: ('Connection aborted.', RemoteDisconnected('Remote end closed connection without response'))
2025-08-23 09:16:35,913 - WARNING - ⚠️ 300862 蓝盾光电 K线更新失败: ('Connection aborted.', RemoteDisconnected('Remote end closed connection without response'))
2025-08-23 09:16:36,557 - WARNING - ⚠️ 300863 卡倍亿 K线更新失败: ('Connection aborted.', RemoteDisconnected('Remote end closed connection without response'))
2025-08-23 09:16:37,184 - WARNING - ⚠️ 300864 南大环境 K线更新失败: ('Connection aborted.', RemoteDisconnected('Remote end closed connection without response'))
2025-08-23 09:16:37,796 - WARNING - ⚠️ 300865 大宏立 K线更新失败: ('Connection aborted.', RemoteDisconnected('Remote end closed connection without response'))
2025-08-23 09:16:38,424 - WARNING - ⚠️ 300866 安克创新 K线更新失败: ('Connection aborted.', RemoteDisconnected('Remote end closed connection without response'))
2025-08-23 09:16:39,055 - WARNING - ⚠️ 300867 圣元环保 K线更新失败: ('Connection aborted.', RemoteDisconnected('Remote end closed connection without response'))
2025-08-23 09:16:39,696 - WARNING - ⚠️ 300868 杰美特 K线更新失败: ('Connection aborted.', RemoteDisconnected('Remote end closed connection without response'))
2025-08-23 09:16:40,324 - WARNING - ⚠️ 300869 康泰医学 K线更新失败: ('Connection aborted.', RemoteDisconnected('Remote end closed connection without response'))
2025-08-23 09:16:40,952 - WARNING - ⚠️ 300870 欧陆通 K线更新失败: ('Connection aborted.', RemoteDisconnected('Remote end closed connection without response'))
2025-08-23 09:16:41,563 - WARNING - ⚠️ 300871 回盛生物 K线更新失败: ('Connection aborted.', RemoteDisconnected('Remote end closed connection without response'))
2025-08-23 09:16:42,191 - WARNING - ⚠️ 300872 天阳科技 K线更新失败: ('Connection aborted.', RemoteDisconnected('Remote end closed connection without response'))
2025-08-23 09:16:42,819 - WARNING - ⚠️ 300873 海晨股份 K线更新失败: ('Connection aborted.', RemoteDisconnected('Remote end closed connection without response'))
2025-08-23 09:16:43,449 - WARNING - ⚠️ 300875 捷强装备 K线更新失败: ('Connection aborted.', RemoteDisconnected('Remote end closed connection without response'))
2025-08-23 09:16:44,078 - WARNING - ⚠️ 300876 蒙泰高新 K线更新失败: ('Connection aborted.', RemoteDisconnected('Remote end closed connection without response'))
2025-08-23 09:16:44,690 - WARNING - ⚠️ 300877 金春股份 K线更新失败: ('Connection aborted.', RemoteDisconnected('Remote end closed connection without response'))
2025-08-23 09:16:45,334 - WARNING - ⚠️ 300878 维康药业 K线更新失败: ('Connection aborted.', RemoteDisconnected('Remote end closed connection without response'))
2025-08-23 09:16:45,961 - WARNING - ⚠️ 300879 大叶股份 K线更新失败: ('Connection aborted.', RemoteDisconnected('Remote end closed connection without response'))
2025-08-23 09:16:46,590 - WARNING - ⚠️ 300880 迦南智能 K线更新失败: ('Connection aborted.', RemoteDisconnected('Remote end closed connection without response'))
2025-08-23 09:16:47,218 - WARNING - ⚠️ 300881 盛德鑫泰 K线更新失败: ('Connection aborted.', RemoteDisconnected('Remote end closed connection without response'))
2025-08-23 09:16:47,847 - WARNING - ⚠️ 300882 万胜智能 K线更新失败: ('Connection aborted.', RemoteDisconnected('Remote end closed connection without response'))
2025-08-23 09:16:48,459 - WARNING - ⚠️ 300883 龙利得 K线更新失败: ('Connection aborted.', RemoteDisconnected('Remote end closed connection without response'))
2025-08-23 09:16:49,087 - WARNING - ⚠️ 300884 狄耐克 K线更新失败: ('Connection aborted.', RemoteDisconnected('Remote end closed connection without response'))
2025-08-23 09:16:49,730 - WARNING - ⚠️ 300885 海昌新材 K线更新失败: ('Connection aborted.', RemoteDisconnected('Remote end closed connection without response'))
2025-08-23 09:16:50,349 - WARNING - ⚠️ 300886 华业香料 K线更新失败: ('Connection aborted.', RemoteDisconnected('Remote end closed connection without response'))
2025-08-23 09:16:50,978 - WARNING - ⚠️ 300887 谱尼测试 K线更新失败: ('Connection aborted.', RemoteDisconnected('Remote end closed connection without response'))
2025-08-23 09:16:51,621 - WARNING - ⚠️ 300888 稳健医疗 K线更新失败: ('Connection aborted.', RemoteDisconnected('Remote end closed connection without response'))
2025-08-23 09:16:52,232 - WARNING - ⚠️ 300889 爱克股份 K线更新失败: ('Connection aborted.', RemoteDisconnected('Remote end closed connection without response'))
2025-08-23 09:16:52,845 - WARNING - ⚠️ 300890 翔丰华 K线更新失败: ('Connection aborted.', RemoteDisconnected('Remote end closed connection without response'))
2025-08-23 09:16:53,491 - WARNING - ⚠️ 300891 惠云钛业 K线更新失败: ('Connection aborted.', RemoteDisconnected('Remote end closed connection without response'))
2025-08-23 09:16:54,133 - WARNING - ⚠️ 300892 品渥食品 K线更新失败: ('Connection aborted.', RemoteDisconnected('Remote end closed connection without response'))
2025-08-23 09:16:54,765 - WARNING - ⚠️ 300893 松原安全 K线更新失败: ('Connection aborted.', RemoteDisconnected('Remote end closed connection without response'))
2025-08-23 09:16:55,393 - WARNING - ⚠️ 300894 火星人 K线更新失败: ('Connection aborted.', RemoteDisconnected('Remote end closed connection without response'))
2025-08-23 09:16:56,037 - WARNING - ⚠️ 300895 铜牛信息 K线更新失败: ('Connection aborted.', RemoteDisconnected('Remote end closed connection without response'))
2025-08-23 09:16:56,665 - WARNING - ⚠️ 300896 爱美客 K线更新失败: ('Connection aborted.', RemoteDisconnected('Remote end closed connection without response'))
2025-08-23 09:16:57,285 - WARNING - ⚠️ 300897 山科智能 K线更新失败: ('Connection aborted.', RemoteDisconnected('Remote end closed connection without response'))
2025-08-23 09:16:57,905 - WARNING - ⚠️ 300898 熊猫乳品 K线更新失败: ('Connection aborted.', RemoteDisconnected('Remote end closed connection without response'))
2025-08-23 09:16:58,536 - WARNING - ⚠️ 300899 *ST凯鑫 K线更新失败: ('Connection aborted.', RemoteDisconnected('Remote end closed connection without response'))
2025-08-23 09:16:59,173 - WARNING - ⚠️ 300900 广联航空 K线更新失败: ('Connection aborted.', RemoteDisconnected('Remote end closed connection without response'))
2025-08-23 09:16:59,795 - WARNING - ⚠️ 300901 中胤时尚 K线更新失败: ('Connection aborted.', RemoteDisconnected('Remote end closed connection without response'))
2025-08-23 09:17:00,422 - WARNING - ⚠️ 300902 国安达 K线更新失败: ('Connection aborted.', RemoteDisconnected('Remote end closed connection without response'))
2025-08-23 09:17:01,050 - WARNING - ⚠️ 300903 科翔股份 K线更新失败: ('Connection aborted.', RemoteDisconnected('Remote end closed connection without response'))
2025-08-23 09:17:01,685 - WARNING - ⚠️ 300904 威力传动 K线更新失败: ('Connection aborted.', RemoteDisconnected('Remote end closed connection without response'))
2025-08-23 09:17:02,314 - WARNING - ⚠️ 300905 宝丽迪 K线更新失败: ('Connection aborted.', RemoteDisconnected('Remote end closed connection without response'))
2025-08-23 09:17:02,941 - WARNING - ⚠️ 300906 日月明 K线更新失败: ('Connection aborted.', RemoteDisconnected('Remote end closed connection without response'))
2025-08-23 09:17:03,569 - WARNING - ⚠️ 300907 康平科技 K线更新失败: ('Connection aborted.', RemoteDisconnected('Remote end closed connection without response'))
2025-08-23 09:17:04,197 - WARNING - ⚠️ 300908 仲景食品 K线更新失败: ('Connection aborted.', RemoteDisconnected('Remote end closed connection without response'))
2025-08-23 09:17:04,817 - WARNING - ⚠️ 300909 汇创达 K线更新失败: ('Connection aborted.', RemoteDisconnected('Remote end closed connection without response'))
2025-08-23 09:17:05,434 - WARNING - ⚠️ 300910 瑞丰新材 K线更新失败: ('Connection aborted.', RemoteDisconnected('Remote end closed connection without response'))
2025-08-23 09:17:06,051 - WARNING - ⚠️ 300911 亿田智能 K线更新失败: ('Connection aborted.', RemoteDisconnected('Remote end closed connection without response'))
2025-08-23 09:17:06,684 - WARNING - ⚠️ 300912 凯龙高科 K线更新失败: ('Connection aborted.', RemoteDisconnected('Remote end closed connection without response'))
2025-08-23 09:17:07,333 - WARNING - ⚠️ 300913 兆龙互连 K线更新失败: ('Connection aborted.', RemoteDisconnected('Remote end closed connection without response'))
2025-08-23 09:17:07,950 - WARNING - ⚠️ 300915 海融科技 K线更新失败: ('Connection aborted.', RemoteDisconnected('Remote end closed connection without response'))
2025-08-23 09:17:08,585 - WARNING - ⚠️ 300916 朗特智能 K线更新失败: ('Connection aborted.', RemoteDisconnected('Remote end closed connection without response'))
2025-08-23 09:17:09,221 - WARNING - ⚠️ 300917 特发服务 K线更新失败: ('Connection aborted.', RemoteDisconnected('Remote end closed connection without response'))
2025-08-23 09:17:09,854 - WARNING - ⚠️ 300918 南山智尚 K线更新失败: ('Connection aborted.', RemoteDisconnected('Remote end closed connection without response'))
2025-08-23 09:17:10,480 - WARNING - ⚠️ 300919 中伟股份 K线更新失败: ('Connection aborted.', RemoteDisconnected('Remote end closed connection without response'))
2025-08-23 09:17:11,101 - WARNING - ⚠️ 300920 润阳科技 K线更新失败: ('Connection aborted.', RemoteDisconnected('Remote end closed connection without response'))
2025-08-23 09:17:11,753 - WARNING - ⚠️ 300921 南凌科技 K线更新失败: ('Connection aborted.', RemoteDisconnected('Remote end closed connection without response'))
2025-08-23 09:17:12,378 - WARNING - ⚠️ 300922 天秦装备 K线更新失败: ('Connection aborted.', RemoteDisconnected('Remote end closed connection without response'))
2025-08-23 09:17:13,030 - WARNING - ⚠️ 300923 研奥股份 K线更新失败: ('Connection aborted.', RemoteDisconnected('Remote end closed connection without response'))
2025-08-23 09:17:13,658 - WARNING - ⚠️ 300925 法本信息 K线更新失败: ('Connection aborted.', RemoteDisconnected('Remote end closed connection without response'))
2025-08-23 09:17:14,307 - WARNING - ⚠️ 300926 博俊科技 K线更新失败: ('Connection aborted.', RemoteDisconnected('Remote end closed connection without response'))
2025-08-23 09:17:14,952 - WARNING - ⚠️ 300927 江天化学 K线更新失败: ('Connection aborted.', RemoteDisconnected('Remote end closed connection without response'))
2025-08-23 09:17:15,579 - WARNING - ⚠️ 300928 华安鑫创 K线更新失败: ('Connection aborted.', RemoteDisconnected('Remote end closed connection without response'))
2025-08-23 09:17:16,205 - WARNING - ⚠️ 300929 华骐环保 K线更新失败: ('Connection aborted.', RemoteDisconnected('Remote end closed connection without response'))
2025-08-23 09:17:16,848 - WARNING - ⚠️ 300930 屹通新材 K线更新失败: ('Connection aborted.', RemoteDisconnected('Remote end closed connection without response'))
2025-08-23 09:17:17,510 - WARNING - ⚠️ 300931 通用电梯 K线更新失败: ('Connection aborted.', RemoteDisconnected('Remote end closed connection without response'))
2025-08-23 09:17:18,140 - WARNING - ⚠️ 300932 三友联众 K线更新失败: ('Connection aborted.', RemoteDisconnected('Remote end closed connection without response'))
2025-08-23 09:17:18,758 - WARNING - ⚠️ 300933 中辰股份 K线更新失败: ('Connection aborted.', RemoteDisconnected('Remote end closed connection without response'))
2025-08-23 09:17:19,392 - WARNING - ⚠️ 300935 盈建科 K线更新失败: ('Connection aborted.', RemoteDisconnected('Remote end closed connection without response'))
2025-08-23 09:17:20,039 - WARNING - ⚠️ 300936 中英科技 K线更新失败: ('Connection aborted.', RemoteDisconnected('Remote end closed connection without response'))
2025-08-23 09:17:20,730 - WARNING - ⚠️ 300937 药易购 K线更新失败: ('Connection aborted.', RemoteDisconnected('Remote end closed connection without response'))
2025-08-23 09:17:21,374 - WARNING - ⚠️ 300938 信测标准 K线更新失败: ('Connection aborted.', RemoteDisconnected('Remote end closed connection without response'))
2025-08-23 09:17:22,009 - WARNING - ⚠️ 300939 秋田微 K线更新失败: ('Connection aborted.', RemoteDisconnected('Remote end closed connection without response'))
2025-08-23 09:17:22,627 - WARNING - ⚠️ 300940 南极光 K线更新失败: ('Connection aborted.', RemoteDisconnected('Remote end closed connection without response'))
2025-08-23 09:17:23,252 - WARNING - ⚠️ 300941 创识科技 K线更新失败: ('Connection aborted.', RemoteDisconnected('Remote end closed connection without response'))
2025-08-23 09:17:23,870 - WARNING - ⚠️ 300942 易瑞生物 K线更新失败: ('Connection aborted.', RemoteDisconnected('Remote end closed connection without response'))
2025-08-23 09:17:24,518 - WARNING - ⚠️ 300943 春晖智控 K线更新失败: ('Connection aborted.', RemoteDisconnected('Remote end closed connection without response'))
2025-08-23 09:17:25,166 - WARNING - ⚠️ 300945 曼卡龙 K线更新失败: ('Connection aborted.', RemoteDisconnected('Remote end closed connection without response'))
2025-08-23 09:17:25,817 - WARNING - ⚠️ 300946 恒而达 K线更新失败: ('Connection aborted.', RemoteDisconnected('Remote end closed connection without response'))
2025-08-23 09:17:26,447 - WARNING - ⚠️ 300947 德必集团 K线更新失败: ('Connection aborted.', RemoteDisconnected('Remote end closed connection without response'))
2025-08-23 09:17:27,080 - WARNING - ⚠️ 300948 冠中生态 K线更新失败: ('Connection aborted.', RemoteDisconnected('Remote end closed connection without response'))
2025-08-23 09:17:27,704 - WARNING - ⚠️ 300949 奥雅股份 K线更新失败: ('Connection aborted.', RemoteDisconnected('Remote end closed connection without response'))
2025-08-23 09:17:28,333 - WARNING - ⚠️ 300950 德固特 K线更新失败: ('Connection aborted.', RemoteDisconnected('Remote end closed connection without response'))
2025-08-23 09:17:28,961 - WARNING - ⚠️ 300951 博硕科技 K线更新失败: ('Connection aborted.', RemoteDisconnected('Remote end closed connection without response'))
2025-08-23 09:17:29,620 - WARNING - ⚠️ 300952 恒辉安防 K线更新失败: ('Connection aborted.', RemoteDisconnected('Remote end closed connection without response'))
2025-08-23 09:17:30,231 - WARNING - ⚠️ 300953 震裕科技 K线更新失败: ('Connection aborted.', RemoteDisconnected('Remote end closed connection without response'))
2025-08-23 09:17:30,874 - WARNING - ⚠️ 300955 嘉亨家化 K线更新失败: ('Connection aborted.', RemoteDisconnected('Remote end closed connection without response'))
2025-08-23 09:17:31,501 - WARNING - ⚠️ 300956 英力股份 K线更新失败: ('Connection aborted.', RemoteDisconnected('Remote end closed connection without response'))
2025-08-23 09:17:32,131 - WARNING - ⚠️ 300957 贝泰妮 K线更新失败: ('Connection aborted.', RemoteDisconnected('Remote end closed connection without response'))
2025-08-23 09:17:32,772 - WARNING - ⚠️ 300958 建工修复 K线更新失败: ('Connection aborted.', RemoteDisconnected('Remote end closed connection without response'))
2025-08-23 09:17:33,414 - WARNING - ⚠️ 300959 线上线下 K线更新失败: ('Connection aborted.', RemoteDisconnected('Remote end closed connection without response'))
2025-08-23 09:17:34,057 - WARNING - ⚠️ 300960 通业科技 K线更新失败: ('Connection aborted.', RemoteDisconnected('Remote end closed connection without response'))
2025-08-23 09:17:34,668 - WARNING - ⚠️ 300961 深水海纳 K线更新失败: ('Connection aborted.', RemoteDisconnected('Remote end closed connection without response'))
2025-08-23 09:17:35,280 - WARNING - ⚠️ 300962 中金辐照 K线更新失败: ('Connection aborted.', RemoteDisconnected('Remote end closed connection without response'))
2025-08-23 09:17:35,908 - WARNING - ⚠️ 300963 中洲特材 K线更新失败: ('Connection aborted.', RemoteDisconnected('Remote end closed connection without response'))
2025-08-23 09:17:36,541 - WARNING - ⚠️ 300964 本川智能 K线更新失败: ('Connection aborted.', RemoteDisconnected('Remote end closed connection without response'))
2025-08-23 09:17:37,161 - WARNING - ⚠️ 300965 恒宇信通 K线更新失败: ('Connection aborted.', RemoteDisconnected('Remote end closed connection without response'))
2025-08-23 09:17:37,773 - WARNING - ⚠️ 300966 共同药业 K线更新失败: ('Connection aborted.', RemoteDisconnected('Remote end closed connection without response'))
2025-08-23 09:17:38,405 - WARNING - ⚠️ 300967 晓鸣股份 K线更新失败: ('Connection aborted.', RemoteDisconnected('Remote end closed connection without response'))
2025-08-23 09:17:39,046 - WARNING - ⚠️ 300968 格林精密 K线更新失败: ('Connection aborted.', RemoteDisconnected('Remote end closed connection without response'))
2025-08-23 09:17:39,683 - WARNING - ⚠️ 300969 恒帅股份 K线更新失败: ('Connection aborted.', RemoteDisconnected('Remote end closed connection without response'))
2025-08-23 09:17:40,315 - WARNING - ⚠️ 300970 华绿生物 K线更新失败: ('Connection aborted.', RemoteDisconnected('Remote end closed connection without response'))
2025-08-23 09:17:40,963 - WARNING - ⚠️ 300971 博亚精工 K线更新失败: ('Connection aborted.', RemoteDisconnected('Remote end closed connection without response'))
2025-08-23 09:17:41,601 - WARNING - ⚠️ 300972 万辰集团 K线更新失败: ('Connection aborted.', RemoteDisconnected('Remote end closed connection without response'))
2025-08-23 09:17:42,227 - WARNING - ⚠️ 300973 立高食品 K线更新失败: ('Connection aborted.', RemoteDisconnected('Remote end closed connection without response'))
2025-08-23 09:17:42,839 - WARNING - ⚠️ 300975 商络电子 K线更新失败: ('Connection aborted.', RemoteDisconnected('Remote end closed connection without response'))
2025-08-23 09:17:43,486 - WARNING - ⚠️ 300976 达瑞电子 K线更新失败: ('Connection aborted.', RemoteDisconnected('Remote end closed connection without response'))
2025-08-23 09:17:44,126 - WARNING - ⚠️ 300977 深圳瑞捷 K线更新失败: ('Connection aborted.', RemoteDisconnected('Remote end closed connection without response'))
2025-08-23 09:17:44,782 - WARNING - ⚠️ 300978 东箭科技 K线更新失败: ('Connection aborted.', RemoteDisconnected('Remote end closed connection without response'))
2025-08-23 09:17:45,406 - WARNING - ⚠️ 300979 华利集团 K线更新失败: ('Connection aborted.', RemoteDisconnected('Remote end closed connection without response'))
2025-08-23 09:17:46,029 - WARNING - ⚠️ 300980 祥源新材 K线更新失败: ('Connection aborted.', RemoteDisconnected('Remote end closed connection without response'))
2025-08-23 09:17:46,649 - WARNING - ⚠️ 300981 中红医疗 K线更新失败: ('Connection aborted.', RemoteDisconnected('Remote end closed connection without response'))
2025-08-23 09:17:47,292 - WARNING - ⚠️ 300982 苏文电能 K线更新失败: ('Connection aborted.', RemoteDisconnected('Remote end closed connection without response'))
2025-08-23 09:17:47,904 - WARNING - ⚠️ 300983 尤安设计 K线更新失败: ('Connection aborted.', RemoteDisconnected('Remote end closed connection without response'))
2025-08-23 09:17:48,548 - WARNING - ⚠️ 300984 金沃股份 K线更新失败: ('Connection aborted.', RemoteDisconnected('Remote end closed connection without response'))
2025-08-23 09:17:49,185 - WARNING - ⚠️ 300985 致远新能 K线更新失败: ('Connection aborted.', RemoteDisconnected('Remote end closed connection without response'))
2025-08-23 09:17:49,814 - WARNING - ⚠️ 300986 志特新材 K线更新失败: ('Connection aborted.', RemoteDisconnected('Remote end closed connection without response'))
2025-08-23 09:17:50,432 - WARNING - ⚠️ 300987 川网传媒 K线更新失败: ('Connection aborted.', RemoteDisconnected('Remote end closed connection without response'))
2025-08-23 09:17:51,071 - WARNING - ⚠️ 300988 津荣天宇 K线更新失败: ('Connection aborted.', RemoteDisconnected('Remote end closed connection without response'))
2025-08-23 09:17:51,715 - WARNING - ⚠️ 300989 蕾奥规划 K线更新失败: ('Connection aborted.', RemoteDisconnected('Remote end closed connection without response'))
2025-08-23 09:17:52,349 - WARNING - ⚠️ 300990 同飞股份 K线更新失败: ('Connection aborted.', RemoteDisconnected('Remote end closed connection without response'))
2025-08-23 09:17:52,978 - WARNING - ⚠️ 300991 创益通 K线更新失败: ('Connection aborted.', RemoteDisconnected('Remote end closed connection without response'))
2025-08-23 09:17:53,612 - WARNING - ⚠️ 300992 泰福泵业 K线更新失败: ('Connection aborted.', RemoteDisconnected('Remote end closed connection without response'))
2025-08-23 09:17:54,262 - WARNING - ⚠️ 300993 玉马科技 K线更新失败: ('Connection aborted.', RemoteDisconnected('Remote end closed connection without response'))
2025-08-23 09:17:54,899 - WARNING - ⚠️ 300994 久祺股份 K线更新失败: ('Connection aborted.', RemoteDisconnected('Remote end closed connection without response'))
2025-08-23 09:17:55,518 - WARNING - ⚠️ 300995 奇德新材 K线更新失败: ('Connection aborted.', RemoteDisconnected('Remote end closed connection without response'))
2025-08-23 09:17:56,170 - WARNING - ⚠️ 300996 普联软件 K线更新失败: ('Connection aborted.', RemoteDisconnected('Remote end closed connection without response'))
2025-08-23 09:17:56,799 - WARNING - ⚠️ 300997 欢乐家 K线更新失败: ('Connection aborted.', RemoteDisconnected('Remote end closed connection without response'))
2025-08-23 09:17:57,425 - WARNING - ⚠️ 300998 宁波方正 K线更新失败: ('Connection aborted.', RemoteDisconnected('Remote end closed connection without response'))
2025-08-23 09:17:58,036 - WARNING - ⚠️ 300999 金龙鱼 K线更新失败: ('Connection aborted.', RemoteDisconnected('Remote end closed connection without response'))
2025-08-23 09:17:58,659 - WARNING - ⚠️ 301000 肇民科技 K线更新失败: ('Connection aborted.', RemoteDisconnected('Remote end closed connection without response'))
2025-08-23 09:17:59,271 - WARNING - ⚠️ 301001 凯淳股份 K线更新失败: ('Connection aborted.', RemoteDisconnected('Remote end closed connection without response'))
2025-08-23 09:17:59,893 - WARNING - ⚠️ 301002 崧盛股份 K线更新失败: ('Connection aborted.', RemoteDisconnected('Remote end closed connection without response'))
2025-08-23 09:18:00,517 - WARNING - ⚠️ 301003 江苏博云 K线更新失败: ('Connection aborted.', RemoteDisconnected('Remote end closed connection without response'))
2025-08-23 09:18:01,129 - WARNING - ⚠️ 301004 嘉益股份 K线更新失败: ('Connection aborted.', RemoteDisconnected('Remote end closed connection without response'))
2025-08-23 09:18:01,748 - WARNING - ⚠️ 301005 超捷股份 K线更新失败: ('Connection aborted.', RemoteDisconnected('Remote end closed connection without response'))
2025-08-23 09:18:02,360 - WARNING - ⚠️ 301006 迈拓股份 K线更新失败: ('Connection aborted.', RemoteDisconnected('Remote end closed connection without response'))
2025-08-23 09:18:02,972 - WARNING - ⚠️ 301007 德迈仕 K线更新失败: ('Connection aborted.', RemoteDisconnected('Remote end closed connection without response'))
2025-08-23 09:18:03,583 - WARNING - ⚠️ 301008 宏昌科技 K线更新失败: ('Connection aborted.', RemoteDisconnected('Remote end closed connection without response'))
2025-08-23 09:18:04,195 - WARNING - ⚠️ 301009 可靠股份 K线更新失败: ('Connection aborted.', RemoteDisconnected('Remote end closed connection without response'))
2025-08-23 09:18:04,811 - WARNING - ⚠️ 301010 晶雪节能 K线更新失败: ('Connection aborted.', RemoteDisconnected('Remote end closed connection without response'))
2025-08-23 09:18:05,424 - WARNING - ⚠️ 301011 华立科技 K线更新失败: ('Connection aborted.', RemoteDisconnected('Remote end closed connection without response'))
2025-08-23 09:18:06,036 - WARNING - ⚠️ 301012 扬电科技 K线更新失败: ('Connection aborted.', RemoteDisconnected('Remote end closed connection without response'))
2025-08-23 09:18:06,658 - WARNING - ⚠️ 301013 利和兴 K线更新失败: ('Connection aborted.', RemoteDisconnected('Remote end closed connection without response'))
2025-08-23 09:18:07,287 - WARNING - ⚠️ 301015 百洋医药 K线更新失败: ('Connection aborted.', RemoteDisconnected('Remote end closed connection without response'))
2025-08-23 09:18:07,907 - WARNING - ⚠️ 301016 雷尔伟 K线更新失败: ('Connection aborted.', RemoteDisconnected('Remote end closed connection without response'))
2025-08-23 09:18:08,514 - WARNING - ⚠️ 301017 漱玉平民 K线更新失败: ('Connection aborted.', RemoteDisconnected('Remote end closed connection without response'))
2025-08-23 09:18:09,148 - WARNING - ⚠️ 301018 申菱环境 K线更新失败: ('Connection aborted.', RemoteDisconnected('Remote end closed connection without response'))
2025-08-23 09:18:09,778 - WARNING - ⚠️ 301019 宁波色母 K线更新失败: ('Connection aborted.', RemoteDisconnected('Remote end closed connection without response'))
2025-08-23 09:18:10,406 - WARNING - ⚠️ 301020 密封科技 K线更新失败: ('Connection aborted.', RemoteDisconnected('Remote end closed connection without response'))
2025-08-23 09:18:11,035 - WARNING - ⚠️ 301021 英诺激光 K线更新失败: ('Connection aborted.', RemoteDisconnected('Remote end closed connection without response'))
2025-08-23 09:18:11,651 - WARNING - ⚠️ 301022 海泰科 K线更新失败: ('Connection aborted.', RemoteDisconnected('Remote end closed connection without response'))
2025-08-23 09:18:12,267 - WARNING - ⚠️ 301023 江南奕帆 K线更新失败: ('Connection aborted.', RemoteDisconnected('Remote end closed connection without response'))
2025-08-23 09:18:12,896 - WARNING - ⚠️ 301024 霍普股份 K线更新失败: ('Connection aborted.', RemoteDisconnected('Remote end closed connection without response'))
2025-08-23 09:18:13,521 - WARNING - ⚠️ 301025 读客文化 K线更新失败: ('Connection aborted.', RemoteDisconnected('Remote end closed connection without response'))
2025-08-23 09:18:14,144 - WARNING - ⚠️ 301026 浩通科技 K线更新失败: ('Connection aborted.', RemoteDisconnected('Remote end closed connection without response'))
2025-08-23 09:18:14,762 - WARNING - ⚠️ 301027 华蓝集团 K线更新失败: ('Connection aborted.', RemoteDisconnected('Remote end closed connection without response'))
2025-08-23 09:18:15,373 - WARNING - ⚠️ 301028 东亚机械 K线更新失败: ('Connection aborted.', RemoteDisconnected('Remote end closed connection without response'))
2025-08-23 09:18:15,993 - WARNING - ⚠️ 301029 怡合达 K线更新失败: ('Connection aborted.', RemoteDisconnected('Remote end closed connection without response'))
2025-08-23 09:18:16,627 - WARNING - ⚠️ 301030 仕净科技 K线更新失败: ('Connection aborted.', RemoteDisconnected('Remote end closed connection without response'))
2025-08-23 09:18:17,242 - WARNING - ⚠️ 301031 中熔电气 K线更新失败: ('Connection aborted.', RemoteDisconnected('Remote end closed connection without response'))
2025-08-23 09:18:17,859 - WARNING - ⚠️ 301032 新柴股份 K线更新失败: ('Connection aborted.', RemoteDisconnected('Remote end closed connection without response'))
2025-08-23 09:18:18,498 - WARNING - ⚠️ 301033 迈普医学 K线更新失败: ('Connection aborted.', RemoteDisconnected('Remote end closed connection without response'))
2025-08-23 09:18:19,099 - WARNING - ⚠️ 301035 润丰股份 K线更新失败: ('Connection aborted.', RemoteDisconnected('Remote end closed connection without response'))
2025-08-23 09:18:19,709 - WARNING - ⚠️ 301036 双乐股份 K线更新失败: ('Connection aborted.', RemoteDisconnected('Remote end closed connection without response'))
2025-08-23 09:18:20,331 - WARNING - ⚠️ 301037 保立佳 K线更新失败: ('Connection aborted.', RemoteDisconnected('Remote end closed connection without response'))
2025-08-23 09:18:20,958 - WARNING - ⚠️ 301038 深水规院 K线更新失败: ('Connection aborted.', RemoteDisconnected('Remote end closed connection without response'))
2025-08-23 09:18:21,581 - WARNING - ⚠️ 301039 中集车辆 K线更新失败: ('Connection aborted.', RemoteDisconnected('Remote end closed connection without response'))
2025-08-23 09:18:22,203 - WARNING - ⚠️ 301040 中环海陆 K线更新失败: ('Connection aborted.', RemoteDisconnected('Remote end closed connection without response'))
2025-08-23 09:18:22,828 - WARNING - ⚠️ 301041 金百泽 K线更新失败: ('Connection aborted.', RemoteDisconnected('Remote end closed connection without response'))
2025-08-23 09:18:23,451 - WARNING - ⚠️ 301042 安联锐视 K线更新失败: ('Connection aborted.', RemoteDisconnected('Remote end closed connection without response'))
2025-08-23 09:18:24,077 - WARNING - ⚠️ 301043 绿岛风 K线更新失败: ('Connection aborted.', RemoteDisconnected('Remote end closed connection without response'))
2025-08-23 09:18:24,692 - WARNING - ⚠️ 301045 天禄科技 K线更新失败: ('Connection aborted.', RemoteDisconnected('Remote end closed connection without response'))
2025-08-23 09:18:25,314 - WARNING - ⚠️ 301046 能辉科技 K线更新失败: ('Connection aborted.', RemoteDisconnected('Remote end closed connection without response'))
2025-08-23 09:18:25,923 - WARNING - ⚠️ 301047 义翘神州 K线更新失败: ('Connection aborted.', RemoteDisconnected('Remote end closed connection without response'))
2025-08-23 09:18:26,548 - WARNING - ⚠️ 301048 金鹰重工 K线更新失败: ('Connection aborted.', RemoteDisconnected('Remote end closed connection without response'))
2025-08-23 09:18:27,161 - WARNING - ⚠️ 301049 超越科技 K线更新失败: ('Connection aborted.', RemoteDisconnected('Remote end closed connection without response'))
2025-08-23 09:18:27,778 - WARNING - ⚠️ 301050 雷电微力 K线更新失败: ('Connection aborted.', RemoteDisconnected('Remote end closed connection without response'))
2025-08-23 09:18:28,390 - WARNING - ⚠️ 301051 信濠光电 K线更新失败: ('Connection aborted.', RemoteDisconnected('Remote end closed connection without response'))
2025-08-23 09:18:29,032 - WARNING - ⚠️ 301052 果麦文化 K线更新失败: ('Connection aborted.', RemoteDisconnected('Remote end closed connection without response'))
2025-08-23 09:18:29,656 - WARNING - ⚠️ 301053 远信工业 K线更新失败: ('Connection aborted.', RemoteDisconnected('Remote end closed connection without response'))
2025-08-23 09:18:30,287 - WARNING - ⚠️ 301055 张小泉 K线更新失败: ('Connection aborted.', RemoteDisconnected('Remote end closed connection without response'))
2025-08-23 09:18:30,903 - WARNING - ⚠️ 301056 森赫股份 K线更新失败: ('Connection aborted.', RemoteDisconnected('Remote end closed connection without response'))
2025-08-23 09:18:31,528 - WARNING - ⚠️ 301057 汇隆新材 K线更新失败: ('Connection aborted.', RemoteDisconnected('Remote end closed connection without response'))
2025-08-23 09:18:32,151 - WARNING - ⚠️ 301058 中粮科工 K线更新失败: ('Connection aborted.', RemoteDisconnected('Remote end closed connection without response'))
2025-08-23 09:18:32,775 - WARNING - ⚠️ 301059 金三江 K线更新失败: ('Connection aborted.', RemoteDisconnected('Remote end closed connection without response'))
2025-08-23 09:18:33,403 - WARNING - ⚠️ 301060 兰卫医学 K线更新失败: ('Connection aborted.', RemoteDisconnected('Remote end closed connection without response'))
2025-08-23 09:18:34,034 - WARNING - ⚠️ 301061 匠心家居 K线更新失败: ('Connection aborted.', RemoteDisconnected('Remote end closed connection without response'))
2025-08-23 09:18:34,642 - WARNING - ⚠️ 301062 上海艾录 K线更新失败: ('Connection aborted.', RemoteDisconnected('Remote end closed connection without response'))
2025-08-23 09:18:35,273 - WARNING - ⚠️ 301063 海锅股份 K线更新失败: ('Connection aborted.', RemoteDisconnected('Remote end closed connection without response'))
2025-08-23 09:18:35,891 - WARNING - ⚠️ 301065 本立科技 K线更新失败: ('Connection aborted.', RemoteDisconnected('Remote end closed connection without response'))
2025-08-23 09:18:36,511 - WARNING - ⚠️ 301066 万事利 K线更新失败: ('Connection aborted.', RemoteDisconnected('Remote end closed connection without response'))
2025-08-23 09:18:37,138 - WARNING - ⚠️ 301067 显盈科技 K线更新失败: ('Connection aborted.', RemoteDisconnected('Remote end closed connection without response'))
2025-08-23 09:18:37,765 - WARNING - ⚠️ 301068 大地海洋 K线更新失败: ('Connection aborted.', RemoteDisconnected('Remote end closed connection without response'))
2025-08-23 09:18:38,384 - WARNING - ⚠️ 301069 凯盛新材 K线更新失败: ('Connection aborted.', RemoteDisconnected('Remote end closed connection without response'))
2025-08-23 09:18:39,011 - WARNING - ⚠️ 301070 开勒股份 K线更新失败: ('Connection aborted.', RemoteDisconnected('Remote end closed connection without response'))
2025-08-23 09:18:39,633 - WARNING - ⚠️ 301071 力量钻石 K线更新失败: ('Connection aborted.', RemoteDisconnected('Remote end closed connection without response'))
2025-08-23 09:18:40,256 - WARNING - ⚠️ 301072 中捷精工 K线更新失败: ('Connection aborted.', RemoteDisconnected('Remote end closed connection without response'))
2025-08-23 09:18:40,876 - WARNING - ⚠️ 301073 君亭酒店 K线更新失败: ('Connection aborted.', RemoteDisconnected('Remote end closed connection without response'))
2025-08-23 09:18:41,495 - WARNING - ⚠️ 301075 多瑞医药 K线更新失败: ('Connection aborted.', RemoteDisconnected('Remote end closed connection without response'))
2025-08-23 09:18:42,118 - WARNING - ⚠️ 301076 新瀚新材 K线更新失败: ('Connection aborted.', RemoteDisconnected('Remote end closed connection without response'))
2025-08-23 09:18:42,743 - WARNING - ⚠️ 301077 星华新材 K线更新失败: ('Connection aborted.', RemoteDisconnected('Remote end closed connection without response'))
2025-08-23 09:18:43,369 - WARNING - ⚠️ 301078 孩子王 K线更新失败: ('Connection aborted.', RemoteDisconnected('Remote end closed connection without response'))
2025-08-23 09:18:44,003 - WARNING - ⚠️ 301079 邵阳液压 K线更新失败: ('Connection aborted.', RemoteDisconnected('Remote end closed connection without response'))
2025-08-23 09:18:44,622 - WARNING - ⚠️ 301080 百普赛斯 K线更新失败: ('Connection aborted.', RemoteDisconnected('Remote end closed connection without response'))
2025-08-23 09:18:45,253 - WARNING - ⚠️ 301081 严牌股份 K线更新失败: ('Connection aborted.', RemoteDisconnected('Remote end closed connection without response'))
2025-08-23 09:18:45,876 - WARNING - ⚠️ 301082 久盛电气 K线更新失败: ('Connection aborted.', RemoteDisconnected('Remote end closed connection without response'))
2025-08-23 09:18:46,499 - WARNING - ⚠️ 301083 百胜智能 K线更新失败: ('Connection aborted.', RemoteDisconnected('Remote end closed connection without response'))
2025-08-23 09:18:47,124 - WARNING - ⚠️ 301085 亚康股份 K线更新失败: ('Connection aborted.', RemoteDisconnected('Remote end closed connection without response'))
2025-08-23 09:18:47,745 - WARNING - ⚠️ 301086 鸿富瀚 K线更新失败: ('Connection aborted.', RemoteDisconnected('Remote end closed connection without response'))
2025-08-23 09:18:48,363 - WARNING - ⚠️ 301087 可孚医疗 K线更新失败: ('Connection aborted.', RemoteDisconnected('Remote end closed connection without response'))
2025-08-23 09:18:48,989 - WARNING - ⚠️ 301088 戎美股份 K线更新失败: ('Connection aborted.', RemoteDisconnected('Remote end closed connection without response'))
2025-08-23 09:18:49,604 - WARNING - ⚠️ 301089 拓新药业 K线更新失败: ('Connection aborted.', RemoteDisconnected('Remote end closed connection without response'))
2025-08-23 09:18:50,227 - WARNING - ⚠️ 301090 华润材料 K线更新失败: ('Connection aborted.', RemoteDisconnected('Remote end closed connection without response'))
2025-08-23 09:18:50,854 - WARNING - ⚠️ 301091 深城交 K线更新失败: ('Connection aborted.', RemoteDisconnected('Remote end closed connection without response'))
2025-08-23 09:18:51,467 - WARNING - ⚠️ 301092 争光股份 K线更新失败: ('Connection aborted.', RemoteDisconnected('Remote end closed connection without response'))
2025-08-23 09:18:52,092 - WARNING - ⚠️ 301093 华兰股份 K线更新失败: ('Connection aborted.', RemoteDisconnected('Remote end closed connection without response'))
2025-08-23 09:18:52,706 - WARNING - ⚠️ 301095 广立微 K线更新失败: ('Connection aborted.', RemoteDisconnected('Remote end closed connection without response'))
2025-08-23 09:18:53,336 - WARNING - ⚠️ 301096 百诚医药 K线更新失败: ('Connection aborted.', RemoteDisconnected('Remote end closed connection without response'))
2025-08-23 09:18:53,957 - WARNING - ⚠️ 301097 天益医疗 K线更新失败: ('Connection aborted.', RemoteDisconnected('Remote end closed connection without response'))
2025-08-23 09:18:54,583 - WARNING - ⚠️ 301098 金埔园林 K线更新失败: ('Connection aborted.', RemoteDisconnected('Remote end closed connection without response'))
2025-08-23 09:18:55,207 - WARNING - ⚠️ 301099 雅创电子 K线更新失败: ('Connection aborted.', RemoteDisconnected('Remote end closed connection without response'))
2025-08-23 09:18:55,835 - WARNING - ⚠️ 301100 风光股份 K线更新失败: ('Connection aborted.', RemoteDisconnected('Remote end closed connection without response'))
2025-08-23 09:18:56,466 - WARNING - ⚠️ 301101 明月镜片 K线更新失败: ('Connection aborted.', RemoteDisconnected('Remote end closed connection without response'))
2025-08-23 09:18:57,083 - WARNING - ⚠️ 301102 兆讯传媒 K线更新失败: ('Connection aborted.', RemoteDisconnected('Remote end closed connection without response'))
2025-08-23 09:18:57,709 - WARNING - ⚠️ 301103 何氏眼科 K线更新失败: ('Connection aborted.', RemoteDisconnected('Remote end closed connection without response'))
2025-08-23 09:18:58,332 - WARNING - ⚠️ 301105 鸿铭股份 K线更新失败: ('Connection aborted.', RemoteDisconnected('Remote end closed connection without response'))
2025-08-23 09:18:58,958 - WARNING - ⚠️ 301106 骏成科技 K线更新失败: ('Connection aborted.', RemoteDisconnected('Remote end closed connection without response'))
2025-08-23 09:18:59,577 - WARNING - ⚠️ 301107 瑜欣电子 K线更新失败: ('Connection aborted.', RemoteDisconnected('Remote end closed connection without response'))
2025-08-23 09:19:00,196 - WARNING - ⚠️ 301108 洁雅股份 K线更新失败: ('Connection aborted.', RemoteDisconnected('Remote end closed connection without response'))
2025-08-23 09:19:00,829 - WARNING - ⚠️ 301109 军信股份 K线更新失败: ('Connection aborted.', RemoteDisconnected('Remote end closed connection without response'))
2025-08-23 09:19:01,443 - WARNING - ⚠️ 301110 青木科技 K线更新失败: ('Connection aborted.', RemoteDisconnected('Remote end closed connection without response'))
2025-08-23 09:19:02,065 - WARNING - ⚠️ 301111 粤万年青 K线更新失败: ('Connection aborted.', RemoteDisconnected('Remote end closed connection without response'))
2025-08-23 09:19:02,686 - WARNING - ⚠️ 301112 信邦智能 K线更新失败: ('Connection aborted.', RemoteDisconnected('Remote end closed connection without response'))
2025-08-23 09:19:03,315 - WARNING - ⚠️ 301113 雅艺科技 K线更新失败: ('Connection aborted.', RemoteDisconnected('Remote end closed connection without response'))
2025-08-23 09:19:03,926 - WARNING - ⚠️ 301115 联检科技 K线更新失败: ('Connection aborted.', RemoteDisconnected('Remote end closed connection without response'))
2025-08-23 09:19:04,546 - WARNING - ⚠️ 301116 益客食品 K线更新失败: ('Connection aborted.', RemoteDisconnected('Remote end closed connection without response'))
2025-08-23 09:19:05,174 - WARNING - ⚠️ 301117 佳缘科技 K线更新失败: ('Connection aborted.', RemoteDisconnected('Remote end closed connection without response'))
2025-08-23 09:19:05,801 - WARNING - ⚠️ 301118 恒光股份 K线更新失败: ('Connection aborted.', RemoteDisconnected('Remote end closed connection without response'))
2025-08-23 09:19:06,435 - WARNING - ⚠️ 301119 正强股份 K线更新失败: ('Connection aborted.', RemoteDisconnected('Remote end closed connection without response'))
2025-08-23 09:19:07,057 - WARNING - ⚠️ 301120 新特电气 K线更新失败: ('Connection aborted.', RemoteDisconnected('Remote end closed connection without response'))
2025-08-23 09:19:07,680 - WARNING - ⚠️ 301121 紫建电子 K线更新失败: ('Connection aborted.', RemoteDisconnected('Remote end closed connection without response'))
2025-08-23 09:19:08,308 - WARNING - ⚠️ 301122 采纳股份 K线更新失败: ('Connection aborted.', RemoteDisconnected('Remote end closed connection without response'))
2025-08-23 09:19:08,923 - WARNING - ⚠️ 301123 奕东电子 K线更新失败: ('Connection aborted.', RemoteDisconnected('Remote end closed connection without response'))
2025-08-23 09:19:09,544 - WARNING - ⚠️ 301125 腾亚精工 K线更新失败: ('Connection aborted.', RemoteDisconnected('Remote end closed connection without response'))
2025-08-23 09:19:10,167 - WARNING - ⚠️ 301126 达嘉维康 K线更新失败: ('Connection aborted.', RemoteDisconnected('Remote end closed connection without response'))
2025-08-23 09:19:10,779 - WARNING - ⚠️ 301127 武汉天源 K线更新失败: ('Connection aborted.', RemoteDisconnected('Remote end closed connection without response'))
2025-08-23 09:19:11,429 - WARNING - ⚠️ 301128 强瑞技术 K线更新失败: ('Connection aborted.', RemoteDisconnected('Remote end closed connection without response'))
2025-08-23 09:19:12,050 - WARNING - ⚠️ 301129 瑞纳智能 K线更新失败: ('Connection aborted.', RemoteDisconnected('Remote end closed connection without response'))
2025-08-23 09:19:12,667 - WARNING - ⚠️ 301130 西点药业 K线更新失败: ('Connection aborted.', RemoteDisconnected('Remote end closed connection without response'))
2025-08-23 09:19:13,279 - WARNING - ⚠️ 301131 聚赛龙 K线更新失败: ('Connection aborted.', RemoteDisconnected('Remote end closed connection without response'))
2025-08-23 09:19:13,915 - WARNING - ⚠️ 301132 满坤科技 K线更新失败: ('Connection aborted.', RemoteDisconnected('Remote end closed connection without response'))
2025-08-23 09:19:14,531 - WARNING - ⚠️ 301133 金钟股份 K线更新失败: ('Connection aborted.', RemoteDisconnected('Remote end closed connection without response'))
2025-08-23 09:19:15,168 - WARNING - ⚠️ 301135 瑞德智能 K线更新失败: ('Connection aborted.', RemoteDisconnected('Remote end closed connection without response'))
2025-08-23 09:19:15,779 - WARNING - ⚠️ 301136 招标股份 K线更新失败: ('Connection aborted.', RemoteDisconnected('Remote end closed connection without response'))
2025-08-23 09:19:16,400 - WARNING - ⚠️ 301137 哈焊华通 K线更新失败: ('Connection aborted.', RemoteDisconnected('Remote end closed connection without response'))
2025-08-23 09:19:17,020 - WARNING - ⚠️ 301138 华研精机 K线更新失败: ('Connection aborted.', RemoteDisconnected('Remote end closed connection without response'))
2025-08-23 09:19:17,636 - WARNING - ⚠️ 301139 元道通信 K线更新失败: ('Connection aborted.', RemoteDisconnected('Remote end closed connection without response'))
2025-08-23 09:19:18,265 - WARNING - ⚠️ 301141 中科磁业 K线更新失败: ('Connection aborted.', RemoteDisconnected('Remote end closed connection without response'))
2025-08-23 09:19:18,883 - WARNING - ⚠️ 301148 嘉戎技术 K线更新失败: ('Connection aborted.', RemoteDisconnected('Remote end closed connection without response'))
2025-08-23 09:19:19,502 - WARNING - ⚠️ 301149 隆华新材 K线更新失败: ('Connection aborted.', RemoteDisconnected('Remote end closed connection without response'))
2025-08-23 09:19:20,135 - WARNING - ⚠️ 301150 中一科技 K线更新失败: ('Connection aborted.', RemoteDisconnected('Remote end closed connection without response'))
2025-08-23 09:19:20,765 - WARNING - ⚠️ 301151 冠龙节能 K线更新失败: ('Connection aborted.', RemoteDisconnected('Remote end closed connection without response'))
2025-08-23 09:19:21,399 - WARNING - ⚠️ 301152 天力锂能 K线更新失败: ('Connection aborted.', RemoteDisconnected('Remote end closed connection without response'))
2025-08-23 09:19:22,011 - WARNING - ⚠️ 301153 中科江南 K线更新失败: ('Connection aborted.', RemoteDisconnected('Remote end closed connection without response'))
2025-08-23 09:19:22,621 - WARNING - ⚠️ 301155 海力风电 K线更新失败: ('Connection aborted.', RemoteDisconnected('Remote end closed connection without response'))
2025-08-23 09:19:23,241 - WARNING - ⚠️ 301156 美农生物 K线更新失败: ('Connection aborted.', RemoteDisconnected('Remote end closed connection without response'))
2025-08-23 09:19:23,866 - WARNING - ⚠️ 301157 华塑科技 K线更新失败: ('Connection aborted.', RemoteDisconnected('Remote end closed connection without response'))
2025-08-23 09:19:24,494 - WARNING - ⚠️ 301158 德石股份 K线更新失败: ('Connection aborted.', RemoteDisconnected('Remote end closed connection without response'))
2025-08-23 09:19:25,118 - WARNING - ⚠️ 301159 三维天地 K线更新失败: ('Connection aborted.', RemoteDisconnected('Remote end closed connection without response'))
2025-08-23 09:19:25,746 - WARNING - ⚠️ 301160 翔楼新材 K线更新失败: ('Connection aborted.', RemoteDisconnected('Remote end closed connection without response'))
2025-08-23 09:19:26,384 - WARNING - ⚠️ 301161 唯万密封 K线更新失败: ('Connection aborted.', RemoteDisconnected('Remote end closed connection without response'))
2025-08-23 09:19:27,007 - WARNING - ⚠️ 301162 国能日新 K线更新失败: ('Connection aborted.', RemoteDisconnected('Remote end closed connection without response'))
2025-08-23 09:19:27,634 - WARNING - ⚠️ 301163 宏德股份 K线更新失败: ('Connection aborted.', RemoteDisconnected('Remote end closed connection without response'))
2025-08-23 09:19:28,264 - WARNING - ⚠️ 301165 锐捷网络 K线更新失败: ('Connection aborted.', RemoteDisconnected('Remote end closed connection without response'))
2025-08-23 09:19:28,895 - WARNING - ⚠️ 301166 优宁维 K线更新失败: ('Connection aborted.', RemoteDisconnected('Remote end closed connection without response'))
2025-08-23 09:19:29,515 - WARNING - ⚠️ 301167 建研设计 K线更新失败: ('Connection aborted.', RemoteDisconnected('Remote end closed connection without response'))
2025-08-23 09:19:30,142 - WARNING - ⚠️ 301168 通灵股份 K线更新失败: ('Connection aborted.', RemoteDisconnected('Remote end closed connection without response'))
2025-08-23 09:19:30,764 - WARNING - ⚠️ 301169 零点有数 K线更新失败: ('Connection aborted.', RemoteDisconnected('Remote end closed connection without response'))
2025-08-23 09:19:31,388 - WARNING - ⚠️ 301170 锡南科技 K线更新失败: ('Connection aborted.', RemoteDisconnected('Remote end closed connection without response'))
2025-08-23 09:19:32,015 - WARNING - ⚠️ 301171 易点天下 K线更新失败: ('Connection aborted.', RemoteDisconnected('Remote end closed connection without response'))
2025-08-23 09:19:32,636 - WARNING - ⚠️ 301172 君逸数码 K线更新失败: ('Connection aborted.', RemoteDisconnected('Remote end closed connection without response'))
2025-08-23 09:19:33,263 - WARNING - ⚠️ 301173 毓恬冠佳 K线更新失败: ('Connection aborted.', RemoteDisconnected('Remote end closed connection without response'))
2025-08-23 09:19:33,898 - WARNING - ⚠️ 301175 中科环保 K线更新失败: ('Connection aborted.', RemoteDisconnected('Remote end closed connection without response'))
2025-08-23 09:19:34,963 - WARNING - ⚠️ 301176 逸豪新材 K线更新失败: ('Connection aborted.', RemoteDisconnected('Remote end closed connection without response'))
2025-08-23 09:19:35,610 - WARNING - ⚠️ 301177 迪阿股份 K线更新失败: ('Connection aborted.', RemoteDisconnected('Remote end closed connection without response'))
2025-08-23 09:19:36,233 - WARNING - ⚠️ 301178 天亿马 K线更新失败: ('Connection aborted.', RemoteDisconnected('Remote end closed connection without response'))
2025-08-23 09:19:36,861 - WARNING - ⚠️ 301179 泽宇智能 K线更新失败: ('Connection aborted.', RemoteDisconnected('Remote end closed connection without response'))
2025-08-23 09:19:37,484 - WARNING - ⚠️ 301180 万祥科技 K线更新失败: ('Connection aborted.', RemoteDisconnected('Remote end closed connection without response'))
2025-08-23 09:19:38,104 - WARNING - ⚠️ 301181 标榜股份 K线更新失败: ('Connection aborted.', RemoteDisconnected('Remote end closed connection without response'))
2025-08-23 09:19:38,721 - WARNING - ⚠️ 301182 凯旺科技 K线更新失败: ('Connection aborted.', RemoteDisconnected('Remote end closed connection without response'))
2025-08-23 09:19:39,414 - INFO - 📈 已处理301183 东田微 
2025-08-23 09:19:40,042 - WARNING - ⚠️ 301185 鸥玛软件 K线更新失败: ('Connection aborted.', RemoteDisconnected('Remote end closed connection without response'))
2025-08-23 09:19:40,661 - WARNING - ⚠️ 301186 超达装备 K线更新失败: ('Connection aborted.', RemoteDisconnected('Remote end closed connection without response'))
2025-08-23 09:19:41,290 - WARNING - ⚠️ 301187 欧圣电气 K线更新失败: ('Connection aborted.', RemoteDisconnected('Remote end closed connection without response'))
2025-08-23 09:19:41,945 - WARNING - ⚠️ 301188 力诺药包 K线更新失败: ('Connection aborted.', RemoteDisconnected('Remote end closed connection without response'))
2025-08-23 09:19:42,564 - WARNING - ⚠️ 301189 奥尼电子 K线更新失败: ('Connection aborted.', RemoteDisconnected('Remote end closed connection without response'))
2025-08-23 09:19:43,190 - WARNING - ⚠️ 301190 善水科技 K线更新失败: ('Connection aborted.', RemoteDisconnected('Remote end closed connection without response'))
2025-08-23 09:19:43,818 - WARNING - ⚠️ 301191 菲菱科思 K线更新失败: ('Connection aborted.', RemoteDisconnected('Remote end closed connection without response'))
2025-08-23 09:19:44,439 - WARNING - ⚠️ 301192 泰祥股份 K线更新失败: ('Connection aborted.', RemoteDisconnected('Remote end closed connection without response'))
2025-08-23 09:19:45,064 - WARNING - ⚠️ 301193 家联科技 K线更新失败: ('Connection aborted.', RemoteDisconnected('Remote end closed connection without response'))
2025-08-23 09:19:45,684 - WARNING - ⚠️ 301195 北路智控 K线更新失败: ('Connection aborted.', RemoteDisconnected('Remote end closed connection without response'))
2025-08-23 09:19:46,307 - WARNING - ⚠️ 301196 唯科科技 K线更新失败: ('Connection aborted.', RemoteDisconnected('Remote end closed connection without response'))
2025-08-23 09:19:46,935 - WARNING - ⚠️ 301197 工大科雅 K线更新失败: ('Connection aborted.', RemoteDisconnected('Remote end closed connection without response'))
2025-08-23 09:19:47,563 - WARNING - ⚠️ 301198 喜悦智行 K线更新失败: ('Connection aborted.', RemoteDisconnected('Remote end closed connection without response'))
2025-08-23 09:19:48,186 - WARNING - ⚠️ 301199 迈赫股份 K线更新失败: ('Connection aborted.', RemoteDisconnected('Remote end closed connection without response'))
2025-08-23 09:19:48,813 - WARNING - ⚠️ 301200 大族数控 K线更新失败: ('Connection aborted.', RemoteDisconnected('Remote end closed connection without response'))
2025-08-23 09:19:49,442 - WARNING - ⚠️ 301201 诚达药业 K线更新失败: ('Connection aborted.', RemoteDisconnected('Remote end closed connection without response'))
2025-08-23 09:19:50,057 - WARNING - ⚠️ 301202 朗威股份 K线更新失败: ('Connection aborted.', RemoteDisconnected('Remote end closed connection without response'))
2025-08-23 09:19:50,674 - WARNING - ⚠️ 301203 国泰环保 K线更新失败: ('Connection aborted.', RemoteDisconnected('Remote end closed connection without response'))
2025-08-23 09:19:51,281 - WARNING - ⚠️ 301205 联特科技 K线更新失败: ('Connection aborted.', RemoteDisconnected('Remote end closed connection without response'))
2025-08-23 09:19:51,905 - WARNING - ⚠️ 301206 三元生物 K线更新失败: ('Connection aborted.', RemoteDisconnected('Remote end closed connection without response'))
2025-08-23 09:19:52,533 - WARNING - ⚠️ 301207 华兰疫苗 K线更新失败: ('Connection aborted.', RemoteDisconnected('Remote end closed connection without response'))
2025-08-23 09:19:53,147 - WARNING - ⚠️ 301208 中亦科技 K线更新失败: ('Connection aborted.', RemoteDisconnected('Remote end closed connection without response'))
2025-08-23 09:19:53,763 - WARNING - ⚠️ 301209 联合化学 K线更新失败: ('Connection aborted.', RemoteDisconnected('Remote end closed connection without response'))
2025-08-23 09:19:54,384 - WARNING - ⚠️ 301210 金杨股份 K线更新失败: ('Connection aborted.', RemoteDisconnected('Remote end closed connection without response'))
2025-08-23 09:19:55,007 - WARNING - ⚠️ 301211 亨迪药业 K线更新失败: ('Connection aborted.', RemoteDisconnected('Remote end closed connection without response'))
2025-08-23 09:19:55,624 - WARNING - ⚠️ 301212 联盛化学 K线更新失败: ('Connection aborted.', RemoteDisconnected('Remote end closed connection without response'))
2025-08-23 09:19:56,249 - WARNING - ⚠️ 301213 观想科技 K线更新失败: ('Connection aborted.', RemoteDisconnected('Remote end closed connection without response'))
2025-08-23 09:19:56,855 - WARNING - ⚠️ 301215 中汽股份 K线更新失败: ('Connection aborted.', RemoteDisconnected('Remote end closed connection without response'))
2025-08-23 09:19:57,493 - WARNING - ⚠️ 301216 万凯新材 K线更新失败: ('Connection aborted.', RemoteDisconnected('Remote end closed connection without response'))
2025-08-23 09:19:58,112 - WARNING - ⚠️ 301217 铜冠铜箔 K线更新失败: ('Connection aborted.', RemoteDisconnected('Remote end closed connection without response'))
2025-08-23 09:19:58,747 - WARNING - ⚠️ 301218 华是科技 K线更新失败: ('Connection aborted.', RemoteDisconnected('Remote end closed connection without response'))
2025-08-23 09:19:59,398 - WARNING - ⚠️ 301219 腾远钴业 K线更新失败: ('Connection aborted.', RemoteDisconnected('Remote end closed connection without response'))
2025-08-23 09:20:00,044 - WARNING - ⚠️ 301220 亚香股份 K线更新失败: ('Connection aborted.', RemoteDisconnected('Remote end closed connection without response'))
2025-08-23 09:20:00,674 - WARNING - ⚠️ 301221 光庭信息 K线更新失败: ('Connection aborted.', RemoteDisconnected('Remote end closed connection without response'))
2025-08-23 09:20:01,297 - WARNING - ⚠️ 301222 浙江恒威 K线更新失败: ('Connection aborted.', RemoteDisconnected('Remote end closed connection without response'))
2025-08-23 09:20:01,951 - WARNING - ⚠️ 301223 中荣股份 K线更新失败: ('Connection aborted.', RemoteDisconnected('Remote end closed connection without response'))
2025-08-23 09:20:02,574 - WARNING - ⚠️ 301225 恒勃股份 K线更新失败: ('Connection aborted.', RemoteDisconnected('Remote end closed connection without response'))
2025-08-23 09:20:03,184 - WARNING - ⚠️ 301226 祥明智能 K线更新失败: ('Connection aborted.', RemoteDisconnected('Remote end closed connection without response'))
2025-08-23 09:20:03,820 - WARNING - ⚠️ 301227 森鹰窗业 K线更新失败: ('Connection aborted.', RemoteDisconnected('Remote end closed connection without response'))
2025-08-23 09:20:04,453 - WARNING - ⚠️ 301228 实朴检测 K线更新失败: ('Connection aborted.', RemoteDisconnected('Remote end closed connection without response'))
2025-08-23 09:20:05,083 - WARNING - ⚠️ 301229 纽泰格 K线更新失败: ('Connection aborted.', RemoteDisconnected('Remote end closed connection without response'))
2025-08-23 09:20:05,710 - WARNING - ⚠️ 301230 泓博医药 K线更新失败: ('Connection aborted.', RemoteDisconnected('Remote end closed connection without response'))
2025-08-23 09:20:06,337 - WARNING - ⚠️ 301231 荣信文化 K线更新失败: ('Connection aborted.', RemoteDisconnected('Remote end closed connection without response'))
2025-08-23 09:20:07,018 - WARNING - ⚠️ 301232 飞沃科技 K线更新失败: ('Connection aborted.', RemoteDisconnected('Remote end closed connection without response'))
2025-08-23 09:20:07,643 - WARNING - ⚠️ 301233 盛帮股份 K线更新失败: ('Connection aborted.', RemoteDisconnected('Remote end closed connection without response'))
2025-08-23 09:20:08,261 - WARNING - ⚠️ 301234 五洲医疗 K线更新失败: ('Connection aborted.', RemoteDisconnected('Remote end closed connection without response'))
2025-08-23 09:20:08,875 - WARNING - ⚠️ 301235 华康洁净 K线更新失败: ('Connection aborted.', RemoteDisconnected('Remote end closed connection without response'))
2025-08-23 09:20:09,652 - WARNING - ⚠️ 301236 软通动力 K线更新失败: ('Connection aborted.', RemoteDisconnected('Remote end closed connection without response'))
2025-08-23 09:20:10,277 - WARNING - ⚠️ 301237 和顺科技 K线更新失败: ('Connection aborted.', RemoteDisconnected('Remote end closed connection without response'))
2025-08-23 09:20:10,904 - WARNING - ⚠️ 301238 瑞泰新材 K线更新失败: ('Connection aborted.', RemoteDisconnected('Remote end closed connection without response'))
2025-08-23 09:20:11,531 - WARNING - ⚠️ 301239 普瑞眼科 K线更新失败: ('Connection aborted.', RemoteDisconnected('Remote end closed connection without response'))
2025-08-23 09:20:12,164 - WARNING - ⚠️ 301246 宏源药业 K线更新失败: ('Connection aborted.', RemoteDisconnected('Remote end closed connection without response'))
2025-08-23 09:20:12,791 - WARNING - ⚠️ 301248 杰创智能 K线更新失败: ('Connection aborted.', RemoteDisconnected('Remote end closed connection without response'))
2025-08-23 09:20:13,423 - WARNING - ⚠️ 301251 威尔高 K线更新失败: ('Connection aborted.', RemoteDisconnected('Remote end closed connection without response'))
2025-08-23 09:20:14,048 - WARNING - ⚠️ 301252 同星科技 K线更新失败: ('Connection aborted.', RemoteDisconnected('Remote end closed connection without response'))
2025-08-23 09:20:14,677 - WARNING - ⚠️ 301255 通力科技 K线更新失败: ('Connection aborted.', RemoteDisconnected('Remote end closed connection without response'))
2025-08-23 09:20:15,302 - WARNING - ⚠️ 301256 华融化学 K线更新失败: ('Connection aborted.', RemoteDisconnected('Remote end closed connection without response'))
2025-08-23 09:20:15,923 - WARNING - ⚠️ 301257 普蕊斯 K线更新失败: ('Connection aborted.', RemoteDisconnected('Remote end closed connection without response'))
2025-08-23 09:20:16,555 - WARNING - ⚠️ 301258 富士莱 K线更新失败: ('Connection aborted.', RemoteDisconnected('Remote end closed connection without response'))
2025-08-23 09:20:17,175 - WARNING - ⚠️ 301259 艾布鲁 K线更新失败: ('Connection aborted.', RemoteDisconnected('Remote end closed connection without response'))
2025-08-23 09:20:17,790 - WARNING - ⚠️ 301260 格力博 K线更新失败: ('Connection aborted.', RemoteDisconnected('Remote end closed connection without response'))
2025-08-23 09:20:18,415 - WARNING - ⚠️ 301261 恒工精密 K线更新失败: ('Connection aborted.', RemoteDisconnected('Remote end closed connection without response'))
2025-08-23 09:20:19,043 - WARNING - ⚠️ 301262 海看股份 K线更新失败: ('Connection aborted.', RemoteDisconnected('Remote end closed connection without response'))
2025-08-23 09:20:19,667 - WARNING - ⚠️ 301263 泰恩康 K线更新失败: ('Connection aborted.', RemoteDisconnected('Remote end closed connection without response'))
2025-08-23 09:20:20,287 - WARNING - ⚠️ 301265 华新环保 K线更新失败: ('Connection aborted.', RemoteDisconnected('Remote end closed connection without response'))
2025-08-23 09:20:20,911 - WARNING - ⚠️ 301266 宇邦新材 K线更新失败: ('Connection aborted.', RemoteDisconnected('Remote end closed connection without response'))
2025-08-23 09:20:21,525 - WARNING - ⚠️ 301267 华厦眼科 K线更新失败: ('Connection aborted.', RemoteDisconnected('Remote end closed connection without response'))
2025-08-23 09:20:22,149 - WARNING - ⚠️ 301268 铭利达 K线更新失败: ('Connection aborted.', RemoteDisconnected('Remote end closed connection without response'))
2025-08-23 09:20:22,808 - WARNING - ⚠️ 301269 华大九天 K线更新失败: ('Connection aborted.', RemoteDisconnected('Remote end closed connection without response'))
2025-08-23 09:20:23,427 - WARNING - ⚠️ 301270 汉仪股份 K线更新失败: ('Connection aborted.', RemoteDisconnected('Remote end closed connection without response'))
2025-08-23 09:20:24,051 - WARNING - ⚠️ 301272 英华特 K线更新失败: ('Connection aborted.', RemoteDisconnected('Remote end closed connection without response'))
2025-08-23 09:20:24,671 - WARNING - ⚠️ 301273 瑞晨环保 K线更新失败: ('Connection aborted.', RemoteDisconnected('Remote end closed connection without response'))
2025-08-23 09:20:25,287 - WARNING - ⚠️ 301275 汉朔科技 K线更新失败: ('Connection aborted.', RemoteDisconnected('Remote end closed connection without response'))
2025-08-23 09:20:25,919 - WARNING - ⚠️ 301276 嘉曼服饰 K线更新失败: ('Connection aborted.', RemoteDisconnected('Remote end closed connection without response'))
2025-08-23 09:20:26,544 - WARNING - ⚠️ 301277 新天地 K线更新失败: ('Connection aborted.', RemoteDisconnected('Remote end closed connection without response'))
2025-08-23 09:20:27,175 - WARNING - ⚠️ 301278 快可电子 K线更新失败: ('Connection aborted.', RemoteDisconnected('Remote end closed connection without response'))
2025-08-23 09:20:27,801 - WARNING - ⚠️ 301279 金道科技 K线更新失败: ('Connection aborted.', RemoteDisconnected('Remote end closed connection without response'))
2025-08-23 09:20:28,420 - WARNING - ⚠️ 301280 珠城科技 K线更新失败: ('Connection aborted.', RemoteDisconnected('Remote end closed connection without response'))
2025-08-23 09:20:29,037 - WARNING - ⚠️ 301281 科源制药 K线更新失败: ('Connection aborted.', RemoteDisconnected('Remote end closed connection without response'))
2025-08-23 09:20:29,654 - WARNING - ⚠️ 301282 金禄电子 K线更新失败: ('Connection aborted.', RemoteDisconnected('Remote end closed connection without response'))
2025-08-23 09:20:30,273 - WARNING - ⚠️ 301283 聚胶股份 K线更新失败: ('Connection aborted.', RemoteDisconnected('Remote end closed connection without response'))
2025-08-23 09:20:30,884 - WARNING - ⚠️ 301285 鸿日达 K线更新失败: ('Connection aborted.', RemoteDisconnected('Remote end closed connection without response'))
2025-08-23 09:20:31,498 - WARNING - ⚠️ 301286 侨源股份 K线更新失败: ('Connection aborted.', RemoteDisconnected('Remote end closed connection without response'))
2025-08-23 09:20:32,119 - WARNING - ⚠️ 301287 康力源 K线更新失败: ('Connection aborted.', RemoteDisconnected('Remote end closed connection without response'))
2025-08-23 09:20:32,740 - WARNING - ⚠️ 301288 *ST清研 K线更新失败: ('Connection aborted.', RemoteDisconnected('Remote end closed connection without response'))
2025-08-23 09:20:33,370 - WARNING - ⚠️ 301289 国缆检测 K线更新失败: ('Connection aborted.', RemoteDisconnected('Remote end closed connection without response'))
2025-08-23 09:20:33,986 - WARNING - ⚠️ 301290 东星医疗 K线更新失败: ('Connection aborted.', RemoteDisconnected('Remote end closed connection without response'))
2025-08-23 09:20:34,616 - WARNING - ⚠️ 301291 明阳电气 K线更新失败: ('Connection aborted.', RemoteDisconnected('Remote end closed connection without response'))
2025-08-23 09:20:35,240 - WARNING - ⚠️ 301292 海科新源 K线更新失败: ('Connection aborted.', RemoteDisconnected('Remote end closed connection without response'))
2025-08-23 09:20:35,867 - WARNING - ⚠️ 301293 三博脑科 K线更新失败: ('Connection aborted.', RemoteDisconnected('Remote end closed connection without response'))
2025-08-23 09:20:36,486 - WARNING - ⚠️ 301295 美硕科技 K线更新失败: ('Connection aborted.', RemoteDisconnected('Remote end closed connection without response'))
2025-08-23 09:20:37,101 - WARNING - ⚠️ 301296 新巨丰 K线更新失败: ('Connection aborted.', RemoteDisconnected('Remote end closed connection without response'))
2025-08-23 09:20:37,721 - WARNING - ⚠️ 301297 富乐德 K线更新失败: ('Connection aborted.', RemoteDisconnected('Remote end closed connection without response'))
2025-08-23 09:20:38,343 - WARNING - ⚠️ 301298 东利机械 K线更新失败: ('Connection aborted.', RemoteDisconnected('Remote end closed connection without response'))
2025-08-23 09:20:38,965 - WARNING - ⚠️ 301299 卓创资讯 K线更新失败: ('Connection aborted.', RemoteDisconnected('Remote end closed connection without response'))
2025-08-23 09:20:39,587 - WARNING - ⚠️ 301300 远翔新材 K线更新失败: ('Connection aborted.', RemoteDisconnected('Remote end closed connection without response'))
2025-08-23 09:20:40,216 - WARNING - ⚠️ 301301 川宁生物 K线更新失败: ('Connection aborted.', RemoteDisconnected('Remote end closed connection without response'))
2025-08-23 09:20:40,836 - WARNING - ⚠️ 301302 华如科技 K线更新失败: ('Connection aborted.', RemoteDisconnected('Remote end closed connection without response'))
2025-08-23 09:20:41,458 - WARNING - ⚠️ 301303 真兰仪表 K线更新失败: ('Connection aborted.', RemoteDisconnected('Remote end closed connection without response'))
2025-08-23 09:20:42,087 - WARNING - ⚠️ 301305 朗坤科技 K线更新失败: ('Connection aborted.', RemoteDisconnected('Remote end closed connection without response'))
2025-08-23 09:20:42,717 - WARNING - ⚠️ 301306 西测测试 K线更新失败: ('Connection aborted.', RemoteDisconnected('Remote end closed connection without response'))
2025-08-23 09:20:43,336 - WARNING - ⚠️ 301307 美利信 K线更新失败: ('Connection aborted.', RemoteDisconnected('Remote end closed connection without response'))
2025-08-23 09:20:43,968 - WARNING - ⚠️ 301308 江波龙 K线更新失败: ('Connection aborted.', RemoteDisconnected('Remote end closed connection without response'))
2025-08-23 09:20:44,591 - WARNING - ⚠️ 301309 万得凯 K线更新失败: ('Connection aborted.', RemoteDisconnected('Remote end closed connection without response'))
2025-08-23 09:20:45,216 - WARNING - ⚠️ 301310 鑫宏业 K线更新失败: ('Connection aborted.', RemoteDisconnected('Remote end closed connection without response'))
2025-08-23 09:20:45,841 - WARNING - ⚠️ 301311 昆船智能 K线更新失败: ('Connection aborted.', RemoteDisconnected('Remote end closed connection without response'))
2025-08-23 09:20:46,474 - WARNING - ⚠️ 301312 智立方 K线更新失败: ('Connection aborted.', RemoteDisconnected('Remote end closed connection without response'))
2025-08-23 09:20:47,089 - WARNING - ⚠️ 301313 凡拓数创 K线更新失败: ('Connection aborted.', RemoteDisconnected('Remote end closed connection without response'))
2025-08-23 09:20:47,720 - WARNING - ⚠️ 301314 科瑞思 K线更新失败: ('Connection aborted.', RemoteDisconnected('Remote end closed connection without response'))
2025-08-23 09:20:48,341 - WARNING - ⚠️ 301315 威士顿 K线更新失败: ('Connection aborted.', RemoteDisconnected('Remote end closed connection without response'))
2025-08-23 09:20:48,959 - WARNING - ⚠️ 301316 慧博云通 K线更新失败: ('Connection aborted.', RemoteDisconnected('Remote end closed connection without response'))
2025-08-23 09:20:49,583 - WARNING - ⚠️ 301317 鑫磊股份 K线更新失败: ('Connection aborted.', RemoteDisconnected('Remote end closed connection without response'))
2025-08-23 09:20:50,209 - WARNING - ⚠️ 301318 维海德 K线更新失败: ('Connection aborted.', RemoteDisconnected('Remote end closed connection without response'))
2025-08-23 09:20:50,836 - WARNING - ⚠️ 301319 唯特偶 K线更新失败: ('Connection aborted.', RemoteDisconnected('Remote end closed connection without response'))
2025-08-23 09:20:51,458 - WARNING - ⚠️ 301320 豪江智能 K线更新失败: ('Connection aborted.', RemoteDisconnected('Remote end closed connection without response'))
2025-08-23 09:20:52,089 - WARNING - ⚠️ 301321 翰博高新 K线更新失败: ('Connection aborted.', RemoteDisconnected('Remote end closed connection without response'))
2025-08-23 09:20:52,711 - WARNING - ⚠️ 301322 绿通科技 K线更新失败: ('Connection aborted.', RemoteDisconnected('Remote end closed connection without response'))
2025-08-23 09:20:53,328 - WARNING - ⚠️ 301323 新莱福 K线更新失败: ('Connection aborted.', RemoteDisconnected('Remote end closed connection without response'))
2025-08-23 09:20:53,939 - WARNING - ⚠️ 301325 曼恩斯特 K线更新失败: ('Connection aborted.', RemoteDisconnected('Remote end closed connection without response'))
2025-08-23 09:20:54,559 - WARNING - ⚠️ 301326 捷邦科技 K线更新失败: ('Connection aborted.', RemoteDisconnected('Remote end closed connection without response'))
2025-08-23 09:20:55,176 - WARNING - ⚠️ 301327 华宝新能 K线更新失败: ('Connection aborted.', RemoteDisconnected('Remote end closed connection without response'))
2025-08-23 09:20:55,801 - WARNING - ⚠️ 301328 维峰电子 K线更新失败: ('Connection aborted.', RemoteDisconnected('Remote end closed connection without response'))
2025-08-23 09:20:56,425 - WARNING - ⚠️ 301329 信音电子 K线更新失败: ('Connection aborted.', RemoteDisconnected('Remote end closed connection without response'))
2025-08-23 09:20:57,059 - WARNING - ⚠️ 301330 熵基科技 K线更新失败: ('Connection aborted.', RemoteDisconnected('Remote end closed connection without response'))
2025-08-23 09:20:57,677 - WARNING - ⚠️ 301331 恩威医药 K线更新失败: ('Connection aborted.', RemoteDisconnected('Remote end closed connection without response'))
2025-08-23 09:20:58,297 - WARNING - ⚠️ 301332 德尔玛 K线更新失败: ('Connection aborted.', RemoteDisconnected('Remote end closed connection without response'))
2025-08-23 09:20:58,913 - WARNING - ⚠️ 301333 诺思格 K线更新失败: ('Connection aborted.', RemoteDisconnected('Remote end closed connection without response'))
2025-08-23 09:20:59,537 - WARNING - ⚠️ 301335 天元宠物 K线更新失败: ('Connection aborted.', RemoteDisconnected('Remote end closed connection without response'))
2025-08-23 09:21:00,168 - WARNING - ⚠️ 301336 趣睡科技 K线更新失败: ('Connection aborted.', RemoteDisconnected('Remote end closed connection without response'))
2025-08-23 09:21:00,792 - WARNING - ⚠️ 301337 亚华电子 K线更新失败: ('Connection aborted.', RemoteDisconnected('Remote end closed connection without response'))
2025-08-23 09:21:01,415 - WARNING - ⚠️ 301338 凯格精机 K线更新失败: ('Connection aborted.', RemoteDisconnected('Remote end closed connection without response'))
2025-08-23 09:21:02,044 - WARNING - ⚠️ 301339 通行宝 K线更新失败: ('Connection aborted.', RemoteDisconnected('Remote end closed connection without response'))
2025-08-23 09:21:02,673 - WARNING - ⚠️ 301345 涛涛车业 K线更新失败: ('Connection aborted.', RemoteDisconnected('Remote end closed connection without response'))
2025-08-23 09:21:03,376 - INFO - 📈 已处理301348 蓝箭电子 
2025-08-23 09:21:03,998 - WARNING - ⚠️ 301349 信德新材 K线更新失败: ('Connection aborted.', RemoteDisconnected('Remote end closed connection without response'))
2025-08-23 09:21:04,617 - WARNING - ⚠️ 301353 普莱得 K线更新失败: ('Connection aborted.', RemoteDisconnected('Remote end closed connection without response'))
2025-08-23 09:21:05,241 - WARNING - ⚠️ 301355 南王科技 K线更新失败: ('Connection aborted.', RemoteDisconnected('Remote end closed connection without response'))
2025-08-23 09:21:05,868 - WARNING - ⚠️ 301356 天振股份 K线更新失败: ('Connection aborted.', RemoteDisconnected('Remote end closed connection without response'))
2025-08-23 09:21:06,495 - WARNING - ⚠️ 301357 北方长龙 K线更新失败: ('Connection aborted.', RemoteDisconnected('Remote end closed connection without response'))
2025-08-23 09:21:07,115 - WARNING - ⚠️ 301358 湖南裕能 K线更新失败: ('Connection aborted.', RemoteDisconnected('Remote end closed connection without response'))
2025-08-23 09:21:07,739 - WARNING - ⚠️ 301359 东南电子 K线更新失败: ('Connection aborted.', RemoteDisconnected('Remote end closed connection without response'))
2025-08-23 09:21:08,377 - WARNING - ⚠️ 301360 荣旗科技 K线更新失败: ('Connection aborted.', RemoteDisconnected('Remote end closed connection without response'))
2025-08-23 09:21:09,004 - WARNING - ⚠️ 301361 众智科技 K线更新失败: ('Connection aborted.', RemoteDisconnected('Remote end closed connection without response'))
2025-08-23 09:21:09,637 - WARNING - ⚠️ 301362 民爆光电 K线更新失败: ('Connection aborted.', RemoteDisconnected('Remote end closed connection without response'))
2025-08-23 09:21:10,269 - WARNING - ⚠️ 301363 美好医疗 K线更新失败: ('Connection aborted.', RemoteDisconnected('Remote end closed connection without response'))
2025-08-23 09:21:10,898 - WARNING - ⚠️ 301365 矩阵股份 K线更新失败: ('Connection aborted.', RemoteDisconnected('Remote end closed connection without response'))
2025-08-23 09:21:11,523 - WARNING - ⚠️ 301366 一博科技 K线更新失败: ('Connection aborted.', RemoteDisconnected('Remote end closed connection without response'))
2025-08-23 09:21:12,157 - WARNING - ⚠️ 301367 瑞迈特 K线更新失败: ('Connection aborted.', RemoteDisconnected('Remote end closed connection without response'))
2025-08-23 09:21:12,782 - WARNING - ⚠️ 301368 丰立智能 K线更新失败: ('Connection aborted.', RemoteDisconnected('Remote end closed connection without response'))
2025-08-23 09:21:13,400 - WARNING - ⚠️ 301369 联动科技 K线更新失败: ('Connection aborted.', RemoteDisconnected('Remote end closed connection without response'))
2025-08-23 09:21:14,019 - WARNING - ⚠️ 301370 国科恒泰 K线更新失败: ('Connection aborted.', RemoteDisconnected('Remote end closed connection without response'))
2025-08-23 09:21:14,641 - WARNING - ⚠️ 301371 敷尔佳 K线更新失败: ('Connection aborted.', RemoteDisconnected('Remote end closed connection without response'))
2025-08-23 09:21:15,271 - WARNING - ⚠️ 301372 科净源 K线更新失败: ('Connection aborted.', RemoteDisconnected('Remote end closed connection without response'))
2025-08-23 09:21:15,902 - WARNING - ⚠️ 301373 凌玮科技 K线更新失败: ('Connection aborted.', RemoteDisconnected('Remote end closed connection without response'))
2025-08-23 09:21:16,524 - WARNING - ⚠️ 301376 致欧科技 K线更新失败: ('Connection aborted.', RemoteDisconnected('Remote end closed connection without response'))
2025-08-23 09:21:17,147 - WARNING - ⚠️ 301377 鼎泰高科 K线更新失败: ('Connection aborted.', RemoteDisconnected('Remote end closed connection without response'))
2025-08-23 09:21:17,771 - WARNING - ⚠️ 301378 通达海 K线更新失败: ('Connection aborted.', RemoteDisconnected('Remote end closed connection without response'))
2025-08-23 09:21:18,392 - WARNING - ⚠️ 301379 天山电子 K线更新失败: ('Connection aborted.', RemoteDisconnected('Remote end closed connection without response'))
2025-08-23 09:21:18,999 - WARNING - ⚠️ 301380 挖金客 K线更新失败: ('Connection aborted.', RemoteDisconnected('Remote end closed connection without response'))
2025-08-23 09:21:19,627 - WARNING - ⚠️ 301381 赛维时代 K线更新失败: ('Connection aborted.', RemoteDisconnected('Remote end closed connection without response'))
2025-08-23 09:21:20,250 - WARNING - ⚠️ 301382 蜂助手 K线更新失败: ('Connection aborted.', RemoteDisconnected('Remote end closed connection without response'))
2025-08-23 09:21:20,872 - WARNING - ⚠️ 301383 天键股份 K线更新失败: ('Connection aborted.', RemoteDisconnected('Remote end closed connection without response'))
2025-08-23 09:21:21,485 - WARNING - ⚠️ 301386 未来电器 K线更新失败: ('Connection aborted.', RemoteDisconnected('Remote end closed connection without response'))
2025-08-23 09:21:22,107 - WARNING - ⚠️ 301387 光大同创 K线更新失败: ('Connection aborted.', RemoteDisconnected('Remote end closed connection without response'))
2025-08-23 09:21:22,722 - WARNING - ⚠️ 301388 欣灵电气 K线更新失败: ('Connection aborted.', RemoteDisconnected('Remote end closed connection without response'))
2025-08-23 09:21:23,334 - WARNING - ⚠️ 301389 隆扬电子 K线更新失败: ('Connection aborted.', RemoteDisconnected('Remote end closed connection without response'))
2025-08-23 09:21:23,963 - WARNING - ⚠️ 301390 经纬股份 K线更新失败: ('Connection aborted.', RemoteDisconnected('Remote end closed connection without response'))
2025-08-23 09:21:24,583 - WARNING - ⚠️ 301391 卡莱特 K线更新失败: ('Connection aborted.', RemoteDisconnected('Remote end closed connection without response'))
2025-08-23 09:21:25,216 - WARNING - ⚠️ 301392 汇成真空 K线更新失败: ('Connection aborted.', RemoteDisconnected('Remote end closed connection without response'))
2025-08-23 09:21:25,832 - WARNING - ⚠️ 301393 昊帆生物 K线更新失败: ('Connection aborted.', RemoteDisconnected('Remote end closed connection without response'))
2025-08-23 09:21:26,452 - WARNING - ⚠️ 301395 仁信新材 K线更新失败: ('Connection aborted.', RemoteDisconnected('Remote end closed connection without response'))
2025-08-23 09:21:27,085 - WARNING - ⚠️ 301396 宏景科技 K线更新失败: ('Connection aborted.', RemoteDisconnected('Remote end closed connection without response'))
2025-08-23 09:21:27,709 - WARNING - ⚠️ 301397 溯联股份 K线更新失败: ('Connection aborted.', RemoteDisconnected('Remote end closed connection without response'))
2025-08-23 09:21:28,342 - WARNING - ⚠️ 301398 星源卓镁 K线更新失败: ('Connection aborted.', RemoteDisconnected('Remote end closed connection without response'))
2025-08-23 09:21:28,964 - WARNING - ⚠️ 301399 英特科技 K线更新失败: ('Connection aborted.', RemoteDisconnected('Remote end closed connection without response'))
2025-08-23 09:21:29,596 - WARNING - ⚠️ 301408 华人健康 K线更新失败: ('Connection aborted.', RemoteDisconnected('Remote end closed connection without response'))
2025-08-23 09:21:30,224 - WARNING - ⚠️ 301413 安培龙 K线更新失败: ('Connection aborted.', RemoteDisconnected('Remote end closed connection without response'))
2025-08-23 09:21:30,852 - WARNING - ⚠️ 301418 协昌科技 K线更新失败: ('Connection aborted.', RemoteDisconnected('Remote end closed connection without response'))
2025-08-23 09:21:31,478 - WARNING - ⚠️ 301419 阿莱德 K线更新失败: ('Connection aborted.', RemoteDisconnected('Remote end closed connection without response'))
2025-08-23 09:21:32,109 - WARNING - ⚠️ 301421 波长光电 K线更新失败: ('Connection aborted.', RemoteDisconnected('Remote end closed connection without response'))
2025-08-23 09:21:32,739 - WARNING - ⚠️ 301428 世纪恒通 K线更新失败: ('Connection aborted.', RemoteDisconnected('Remote end closed connection without response'))
2025-08-23 09:21:33,370 - WARNING - ⚠️ 301429 森泰股份 K线更新失败: ('Connection aborted.', RemoteDisconnected('Remote end closed connection without response'))
2025-08-23 09:21:34,014 - WARNING - ⚠️ 301439 泓淋电力 K线更新失败: ('Connection aborted.', RemoteDisconnected('Remote end closed connection without response'))
2025-08-23 09:21:34,641 - WARNING - ⚠️ 301446 福事特 K线更新失败: ('Connection aborted.', RemoteDisconnected('Remote end closed connection without response'))
2025-08-23 09:21:35,257 - WARNING - ⚠️ 301448 开创电气 K线更新失败: ('Connection aborted.', RemoteDisconnected('Remote end closed connection without response'))
2025-08-23 09:21:35,884 - WARNING - ⚠️ 301456 盘古智能 K线更新失败: ('Connection aborted.', RemoteDisconnected('Remote end closed connection without response'))
2025-08-23 09:21:36,501 - WARNING - ⚠️ 301458 钧崴电子 K线更新失败: ('Connection aborted.', RemoteDisconnected('Remote end closed connection without response'))
2025-08-23 09:21:37,132 - WARNING - ⚠️ 301459 丰茂股份 K线更新失败: ('Connection aborted.', RemoteDisconnected('Remote end closed connection without response'))
2025-08-23 09:21:37,756 - WARNING - ⚠️ 301468 博盈特焊 K线更新失败: ('Connection aborted.', RemoteDisconnected('Remote end closed connection without response'))
2025-08-23 09:21:38,387 - WARNING - ⚠️ 301469 恒达新材 K线更新失败: ('Connection aborted.', RemoteDisconnected('Remote end closed connection without response'))
2025-08-23 09:21:39,008 - WARNING - ⚠️ 301479 弘景光电 K线更新失败: ('Connection aborted.', RemoteDisconnected('Remote end closed connection without response'))
2025-08-23 09:21:39,623 - WARNING - ⚠️ 301486 致尚科技 K线更新失败: ('Connection aborted.', RemoteDisconnected('Remote end closed connection without response'))
2025-08-23 09:21:40,252 - WARNING - ⚠️ 301487 盟固利 K线更新失败: ('Connection aborted.', RemoteDisconnected('Remote end closed connection without response'))
2025-08-23 09:21:40,883 - WARNING - ⚠️ 301488 豪恩汽电 K线更新失败: ('Connection aborted.', RemoteDisconnected('Remote end closed connection without response'))
2025-08-23 09:21:41,506 - WARNING - ⚠️ 301489 思泉新材 K线更新失败: ('Connection aborted.', RemoteDisconnected('Remote end closed connection without response'))
2025-08-23 09:21:42,131 - WARNING - ⚠️ 301491 汉桑科技 K线更新失败: ('Connection aborted.', RemoteDisconnected('Remote end closed connection without response'))
2025-08-23 09:21:42,748 - WARNING - ⚠️ 301498 乖宝宠物 K线更新失败: ('Connection aborted.', RemoteDisconnected('Remote end closed connection without response'))
2025-08-23 09:21:43,367 - WARNING - ⚠️ 301499 维科精密 K线更新失败: ('Connection aborted.', RemoteDisconnected('Remote end closed connection without response'))
2025-08-23 09:21:43,985 - WARNING - ⚠️ 301500 飞南资源 K线更新失败: ('Connection aborted.', RemoteDisconnected('Remote end closed connection without response'))
2025-08-23 09:21:44,606 - WARNING - ⚠️ 301501 恒鑫生活 K线更新失败: ('Connection aborted.', RemoteDisconnected('Remote end closed connection without response'))
2025-08-23 09:21:45,230 - WARNING - ⚠️ 301502 华阳智能 K线更新失败: ('Connection aborted.', RemoteDisconnected('Remote end closed connection without response'))
2025-08-23 09:21:45,848 - WARNING - ⚠️ 301503 智迪科技 K线更新失败: ('Connection aborted.', RemoteDisconnected('Remote end closed connection without response'))
2025-08-23 09:21:46,462 - WARNING - ⚠️ 301505 苏州规划 K线更新失败: ('Connection aborted.', RemoteDisconnected('Remote end closed connection without response'))
2025-08-23 09:21:47,090 - WARNING - ⚠️ 301507 民生健康 K线更新失败: ('Connection aborted.', RemoteDisconnected('Remote end closed connection without response'))
2025-08-23 09:21:47,720 - WARNING - ⚠️ 301508 中机认检 K线更新失败: ('Connection aborted.', RemoteDisconnected('Remote end closed connection without response'))
2025-08-23 09:21:48,355 - WARNING - ⚠️ 301509 金凯生科 K线更新失败: ('Connection aborted.', RemoteDisconnected('Remote end closed connection without response'))
2025-08-23 09:21:48,988 - WARNING - ⚠️ 301510 固高科技 K线更新失败: ('Connection aborted.', RemoteDisconnected('Remote end closed connection without response'))
2025-08-23 09:21:49,608 - WARNING - ⚠️ 301511 德福科技 K线更新失败: ('Connection aborted.', RemoteDisconnected('Remote end closed connection without response'))
2025-08-23 09:21:50,236 - WARNING - ⚠️ 301512 智信精密 K线更新失败: ('Connection aborted.', RemoteDisconnected('Remote end closed connection without response'))
2025-08-23 09:21:50,858 - WARNING - ⚠️ 301515 港通医疗 K线更新失败: ('Connection aborted.', RemoteDisconnected('Remote end closed connection without response'))
2025-08-23 09:21:51,489 - WARNING - ⚠️ 301516 中远通 K线更新失败: ('Connection aborted.', RemoteDisconnected('Remote end closed connection without response'))
2025-08-23 09:21:52,113 - WARNING - ⚠️ 301517 陕西华达 K线更新失败: ('Connection aborted.', RemoteDisconnected('Remote end closed connection without response'))
2025-08-23 09:21:52,726 - WARNING - ⚠️ 301518 长华化学 K线更新失败: ('Connection aborted.', RemoteDisconnected('Remote end closed connection without response'))
2025-08-23 09:21:53,351 - WARNING - ⚠️ 301519 舜禹股份 K线更新失败: ('Connection aborted.', RemoteDisconnected('Remote end closed connection without response'))
2025-08-23 09:21:53,976 - WARNING - ⚠️ 301520 万邦医药 K线更新失败: ('Connection aborted.', RemoteDisconnected('Remote end closed connection without response'))
2025-08-23 09:21:54,604 - WARNING - ⚠️ 301522 上大股份 K线更新失败: ('Connection aborted.', RemoteDisconnected('Remote end closed connection without response'))
2025-08-23 09:21:55,230 - WARNING - ⚠️ 301525 儒竞科技 K线更新失败: ('Connection aborted.', RemoteDisconnected('Remote end closed connection without response'))
2025-08-23 09:21:55,926 - WARNING - ⚠️ 301526 国际复材 K线更新失败: ('Connection aborted.', RemoteDisconnected('Remote end closed connection without response'))
2025-08-23 09:21:56,563 - WARNING - ⚠️ 301528 多浦乐 K线更新失败: ('Connection aborted.', RemoteDisconnected('Remote end closed connection without response'))
2025-08-23 09:21:57,190 - WARNING - ⚠️ 301529 福赛科技 K线更新失败: ('Connection aborted.', RemoteDisconnected('Remote end closed connection without response'))
2025-08-23 09:21:57,812 - WARNING - ⚠️ 301533 威马农机 K线更新失败: ('Connection aborted.', RemoteDisconnected('Remote end closed connection without response'))
2025-08-23 09:21:58,433 - WARNING - ⚠️ 301535 浙江华远 K线更新失败: ('Connection aborted.', RemoteDisconnected('Remote end closed connection without response'))
2025-08-23 09:21:59,065 - WARNING - ⚠️ 301536 星宸科技 K线更新失败: ('Connection aborted.', RemoteDisconnected('Remote end closed connection without response'))
2025-08-23 09:21:59,685 - WARNING - ⚠️ 301538 骏鼎达 K线更新失败: ('Connection aborted.', RemoteDisconnected('Remote end closed connection without response'))
2025-08-23 09:22:00,312 - WARNING - ⚠️ 301539 宏鑫科技 K线更新失败: ('Connection aborted.', RemoteDisconnected('Remote end closed connection without response'))
2025-08-23 09:22:00,934 - WARNING - ⚠️ 301548 崇德科技 K线更新失败: ('Connection aborted.', RemoteDisconnected('Remote end closed connection without response'))
2025-08-23 09:22:01,564 - WARNING - ⚠️ 301550 斯菱股份 K线更新失败: ('Connection aborted.', RemoteDisconnected('Remote end closed connection without response'))
2025-08-23 09:22:02,191 - WARNING - ⚠️ 301551 无线传媒 K线更新失败: ('Connection aborted.', RemoteDisconnected('Remote end closed connection without response'))
2025-08-23 09:22:02,927 - WARNING - ⚠️ 301552 科力装备 K线更新失败: ('Connection aborted.', RemoteDisconnected('Remote end closed connection without response'))
2025-08-23 09:22:03,553 - WARNING - ⚠️ 301555 惠柏新材 K线更新失败: ('Connection aborted.', RemoteDisconnected('Remote end closed connection without response'))
2025-08-23 09:22:04,186 - WARNING - ⚠️ 301556 托普云农 K线更新失败: ('Connection aborted.', RemoteDisconnected('Remote end closed connection without response'))
2025-08-23 09:22:04,813 - WARNING - ⚠️ 301557 常友科技 K线更新失败: ('Connection aborted.', RemoteDisconnected('Remote end closed connection without response'))
2025-08-23 09:22:05,440 - WARNING - ⚠️ 301558 三态股份 K线更新失败: ('Connection aborted.', RemoteDisconnected('Remote end closed connection without response'))
2025-08-23 09:22:06,062 - WARNING - ⚠️ 301559 中集环科 K线更新失败: ('Connection aborted.', RemoteDisconnected('Remote end closed connection without response'))
2025-08-23 09:22:06,683 - WARNING - ⚠️ 301560 众捷汽车 K线更新失败: ('Connection aborted.', RemoteDisconnected('Remote end closed connection without response'))
2025-08-23 09:22:07,312 - WARNING - ⚠️ 301565 中仑新材 K线更新失败: ('Connection aborted.', RemoteDisconnected('Remote end closed connection without response'))
2025-08-23 09:22:07,947 - WARNING - ⚠️ 301566 达利凯普 K线更新失败: ('Connection aborted.', RemoteDisconnected('Remote end closed connection without response'))
2025-08-23 09:22:08,561 - WARNING - ⚠️ 301567 贝隆精密 K线更新失败: ('Connection aborted.', RemoteDisconnected('Remote end closed connection without response'))
2025-08-23 09:22:09,193 - WARNING - ⚠️ 301568 思泰克 K线更新失败: ('Connection aborted.', RemoteDisconnected('Remote end closed connection without response'))
2025-08-23 09:22:09,818 - WARNING - ⚠️ 301571 国科天成 K线更新失败: ('Connection aborted.', RemoteDisconnected('Remote end closed connection without response'))
2025-08-23 09:22:10,443 - WARNING - ⚠️ 301577 美信科技 K线更新失败: ('Connection aborted.', RemoteDisconnected('Remote end closed connection without response'))
2025-08-23 09:22:11,070 - WARNING - ⚠️ 301578 辰奕智能 K线更新失败: ('Connection aborted.', RemoteDisconnected('Remote end closed connection without response'))
2025-08-23 09:22:11,692 - WARNING - ⚠️ 301580 爱迪特 K线更新失败: ('Connection aborted.', RemoteDisconnected('Remote end closed connection without response'))
2025-08-23 09:22:12,324 - WARNING - ⚠️ 301581 黄山谷捷 K线更新失败: ('Connection aborted.', RemoteDisconnected('Remote end closed connection without response'))
2025-08-23 09:22:12,952 - WARNING - ⚠️ 301585 蓝宇股份 K线更新失败: ('Connection aborted.', RemoteDisconnected('Remote end closed connection without response'))
2025-08-23 09:22:13,569 - WARNING - ⚠️ 301586 佳力奇 K线更新失败: ('Connection aborted.', RemoteDisconnected('Remote end closed connection without response'))
2025-08-23 09:22:14,199 - WARNING - ⚠️ 301587 中瑞股份 K线更新失败: ('Connection aborted.', RemoteDisconnected('Remote end closed connection without response'))
2025-08-23 09:22:14,826 - WARNING - ⚠️ 301588 美新科技 K线更新失败: ('Connection aborted.', RemoteDisconnected('Remote end closed connection without response'))
2025-08-23 09:22:15,451 - WARNING - ⚠️ 301589 诺瓦星云 K线更新失败: ('Connection aborted.', RemoteDisconnected('Remote end closed connection without response'))
2025-08-23 09:22:16,082 - WARNING - ⚠️ 301590 优优绿能 K线更新失败: ('Connection aborted.', RemoteDisconnected('Remote end closed connection without response'))
2025-08-23 09:22:16,698 - WARNING - ⚠️ 301591 肯特股份 K线更新失败: ('Connection aborted.', RemoteDisconnected('Remote end closed connection without response'))
2025-08-23 09:22:17,322 - WARNING - ⚠️ 301592 六九一二 K线更新失败: ('Connection aborted.', RemoteDisconnected('Remote end closed connection without response'))
2025-08-23 09:22:17,941 - WARNING - ⚠️ 301595 太力科技 K线更新失败: ('Connection aborted.', RemoteDisconnected('Remote end closed connection without response'))
2025-08-23 09:22:18,563 - WARNING - ⚠️ 301596 瑞迪智驱 K线更新失败: ('Connection aborted.', RemoteDisconnected('Remote end closed connection without response'))
2025-08-23 09:22:19,188 - WARNING - ⚠️ 301598 博科测试 K线更新失败: ('Connection aborted.', RemoteDisconnected('Remote end closed connection without response'))
2025-08-23 09:22:19,807 - WARNING - ⚠️ 301600 慧翰股份 K线更新失败: ('Connection aborted.', RemoteDisconnected('Remote end closed connection without response'))
2025-08-23 09:22:20,443 - WARNING - ⚠️ 301601 惠通科技 K线更新失败: ('Connection aborted.', RemoteDisconnected('Remote end closed connection without response'))
2025-08-23 09:22:21,056 - WARNING - ⚠️ 301602 超研股份 K线更新失败: ('Connection aborted.', RemoteDisconnected('Remote end closed connection without response'))
2025-08-23 09:22:21,666 - WARNING - ⚠️ 301603 乔锋智能 K线更新失败: ('Connection aborted.', RemoteDisconnected('Remote end closed connection without response'))
2025-08-23 09:22:22,279 - WARNING - ⚠️ 301606 绿联科技 K线更新失败: ('Connection aborted.', RemoteDisconnected('Remote end closed connection without response'))
2025-08-23 09:22:22,903 - WARNING - ⚠️ 301607 富特科技 K线更新失败: ('Connection aborted.', RemoteDisconnected('Remote end closed connection without response'))
2025-08-23 09:22:23,520 - WARNING - ⚠️ 301608 博实结 K线更新失败: ('Connection aborted.', RemoteDisconnected('Remote end closed connection without response'))
2025-08-23 09:22:24,142 - WARNING - ⚠️ 301609 山大电力 K线更新失败: ('Connection aborted.', RemoteDisconnected('Remote end closed connection without response'))
2025-08-23 09:22:24,774 - WARNING - ⚠️ 301611 珂玛科技 K线更新失败: ('Connection aborted.', RemoteDisconnected('Remote end closed connection without response'))
2025-08-23 09:22:25,392 - WARNING - ⚠️ 301613 新铝时代 K线更新失败: ('Connection aborted.', RemoteDisconnected('Remote end closed connection without response'))
2025-08-23 09:22:26,026 - WARNING - ⚠️ 301616 浙江华业 K线更新失败: ('Connection aborted.', RemoteDisconnected('Remote end closed connection without response'))
2025-08-23 09:22:26,638 - WARNING - ⚠️ 301617 博苑股份 K线更新失败: ('Connection aborted.', RemoteDisconnected('Remote end closed connection without response'))
2025-08-23 09:22:27,256 - WARNING - ⚠️ 301618 长联科技 K线更新失败: ('Connection aborted.', RemoteDisconnected('Remote end closed connection without response'))
2025-08-23 09:22:27,874 - WARNING - ⚠️ 301622 英思特 K线更新失败: ('Connection aborted.', RemoteDisconnected('Remote end closed connection without response'))
2025-08-23 09:22:28,494 - WARNING - ⚠️ 301626 苏州天脉 K线更新失败: ('Connection aborted.', RemoteDisconnected('Remote end closed connection without response'))
2025-08-23 09:22:29,116 - WARNING - ⚠️ 301628 强达电路 K线更新失败: ('Connection aborted.', RemoteDisconnected('Remote end closed connection without response'))
2025-08-23 09:22:29,745 - WARNING - ⚠️ 301629 矽电股份 K线更新失败: ('Connection aborted.', RemoteDisconnected('Remote end closed connection without response'))
2025-08-23 09:22:30,363 - WARNING - ⚠️ 301630 同宇新材 K线更新失败: ('Connection aborted.', RemoteDisconnected('Remote end closed connection without response'))
2025-08-23 09:22:30,980 - WARNING - ⚠️ 301631 壹连科技 K线更新失败: ('Connection aborted.', RemoteDisconnected('Remote end closed connection without response'))
2025-08-23 09:22:31,592 - WARNING - ⚠️ 301632 广东建科 K线更新失败: ('Connection aborted.', RemoteDisconnected('Remote end closed connection without response'))
2025-08-23 09:22:32,209 - WARNING - ⚠️ 301633 港迪技术 K线更新失败: ('Connection aborted.', RemoteDisconnected('Remote end closed connection without response'))
2025-08-23 09:22:32,823 - WARNING - ⚠️ 301636 泽润新能 K线更新失败: ('Connection aborted.', RemoteDisconnected('Remote end closed connection without response'))
2025-08-23 09:22:33,436 - WARNING - ⚠️ 301658 首航新能 K线更新失败: ('Connection aborted.', RemoteDisconnected('Remote end closed connection without response'))
2025-08-23 09:22:34,064 - WARNING - ⚠️ 301662 宏工科技 K线更新失败: ('Connection aborted.', RemoteDisconnected('Remote end closed connection without response'))
2025-08-23 09:22:34,683 - WARNING - ⚠️ 301665 泰禾股份 K线更新失败: ('Connection aborted.', RemoteDisconnected('Remote end closed connection without response'))
2025-08-23 09:22:35,313 - WARNING - ⚠️ 301678 新恒汇 K线更新失败: ('Connection aborted.', RemoteDisconnected('Remote end closed connection without response'))
2025-08-23 09:22:35,950 - WARNING - ⚠️ 302132 中航成飞 K线更新失败: ('Connection aborted.', RemoteDisconnected('Remote end closed connection without response'))
2025-08-23 09:22:36,576 - WARNING - ⚠️ 430017 星昊医药 K线更新失败: ('Connection aborted.', RemoteDisconnected('Remote end closed connection without response'))
2025-08-23 09:22:37,192 - WARNING - ⚠️ 430047 诺思兰德 K线更新失败: ('Connection aborted.', RemoteDisconnected('Remote end closed connection without response'))
2025-08-23 09:22:37,825 - WARNING - ⚠️ 430090 同辉信息 K线更新失败: ('Connection aborted.', RemoteDisconnected('Remote end closed connection without response'))
2025-08-23 09:22:38,447 - WARNING - ⚠️ 430139 华岭股份 K线更新失败: ('Connection aborted.', RemoteDisconnected('Remote end closed connection without response'))
2025-08-23 09:22:39,063 - WARNING - ⚠️ 430198 微创光电 K线更新失败: ('Connection aborted.', RemoteDisconnected('Remote end closed connection without response'))
2025-08-23 09:22:39,683 - WARNING - ⚠️ 430300 辰光医疗 K线更新失败: ('Connection aborted.', RemoteDisconnected('Remote end closed connection without response'))
2025-08-23 09:22:40,319 - WARNING - ⚠️ 430418 苏轴股份 K线更新失败: ('Connection aborted.', RemoteDisconnected('Remote end closed connection without response'))
2025-08-23 09:22:40,935 - WARNING - ⚠️ 430425 乐创技术 K线更新失败: ('Connection aborted.', RemoteDisconnected('Remote end closed connection without response'))
2025-08-23 09:22:41,559 - WARNING - ⚠️ 430476 海能技术 K线更新失败: ('Connection aborted.', RemoteDisconnected('Remote end closed connection without response'))
2025-08-23 09:22:42,182 - WARNING - ⚠️ 430478 峆一药业 K线更新失败: ('Connection aborted.', RemoteDisconnected('Remote end closed connection without response'))
2025-08-23 09:22:42,796 - WARNING - ⚠️ 430510 丰光精密 K线更新失败: ('Connection aborted.', RemoteDisconnected('Remote end closed connection without response'))
2025-08-23 09:22:43,427 - WARNING - ⚠️ 430556 雅达股份 K线更新失败: ('Connection aborted.', RemoteDisconnected('Remote end closed connection without response'))
2025-08-23 09:22:44,115 - WARNING - ⚠️ 430564 天润科技 K线更新失败: ('Connection aborted.', RemoteDisconnected('Remote end closed connection without response'))
2025-08-23 09:22:44,725 - WARNING - ⚠️ 430685 新芝生物 K线更新失败: ('Connection aborted.', RemoteDisconnected('Remote end closed connection without response'))
2025-08-23 09:22:45,448 - WARNING - ⚠️ 430718 合肥高科 K线更新失败: ('Connection aborted.', RemoteDisconnected('Remote end closed connection without response'))
2025-08-23 09:22:46,063 - WARNING - ⚠️ 600000 浦发银行 K线更新失败: ('Connection aborted.', RemoteDisconnected('Remote end closed connection without response'))
2025-08-23 09:22:46,679 - WARNING - ⚠️ 600001 邯郸钢铁 K线更新失败: ('Connection aborted.', RemoteDisconnected('Remote end closed connection without response'))
2025-08-23 09:22:47,308 - WARNING - ⚠️ 600002 齐鲁石化 K线更新失败: ('Connection aborted.', RemoteDisconnected('Remote end closed connection without response'))
2025-08-23 09:22:47,931 - WARNING - ⚠️ 600003 ST东北高 K线更新失败: ('Connection aborted.', RemoteDisconnected('Remote end closed connection without response'))
2025-08-23 09:22:48,558 - WARNING - ⚠️ 600004 白云机场 K线更新失败: ('Connection aborted.', RemoteDisconnected('Remote end closed connection without response'))
2025-08-23 09:22:49,185 - WARNING - ⚠️ 600005 武钢股份 K线更新失败: ('Connection aborted.', RemoteDisconnected('Remote end closed connection without response'))
2025-08-23 09:22:49,816 - WARNING - ⚠️ 600006 东风股份 K线更新失败: ('Connection aborted.', RemoteDisconnected('Remote end closed connection without response'))
2025-08-23 09:22:50,447 - WARNING - ⚠️ 600007 中国国贸 K线更新失败: ('Connection aborted.', RemoteDisconnected('Remote end closed connection without response'))
2025-08-23 09:22:51,065 - WARNING - ⚠️ 600008 首创环保 K线更新失败: ('Connection aborted.', RemoteDisconnected('Remote end closed connection without response'))
2025-08-23 09:22:51,694 - WARNING - ⚠️ 600009 上海机场 K线更新失败: ('Connection aborted.', RemoteDisconnected('Remote end closed connection without response'))
2025-08-23 09:22:52,322 - WARNING - ⚠️ 600010 包钢股份 K线更新失败: ('Connection aborted.', RemoteDisconnected('Remote end closed connection without response'))
2025-08-23 09:22:52,946 - WARNING - ⚠️ 600011 华能国际 K线更新失败: ('Connection aborted.', RemoteDisconnected('Remote end closed connection without response'))
2025-08-23 09:22:53,555 - WARNING - ⚠️ 600012 皖通高速 K线更新失败: ('Connection aborted.', RemoteDisconnected('Remote end closed connection without response'))
2025-08-23 09:22:54,175 - WARNING - ⚠️ 600015 华夏银行 K线更新失败: ('Connection aborted.', RemoteDisconnected('Remote end closed connection without response'))
2025-08-23 09:22:54,799 - WARNING - ⚠️ 600016 民生银行 K线更新失败: ('Connection aborted.', RemoteDisconnected('Remote end closed connection without response'))
2025-08-23 09:22:55,416 - WARNING - ⚠️ 600017 日照港 K线更新失败: ('Connection aborted.', RemoteDisconnected('Remote end closed connection without response'))
2025-08-23 09:22:56,050 - WARNING - ⚠️ 600018 上港集团 K线更新失败: ('Connection aborted.', RemoteDisconnected('Remote end closed connection without response'))
2025-08-23 09:22:56,671 - WARNING - ⚠️ 600019 宝钢股份 K线更新失败: ('Connection aborted.', RemoteDisconnected('Remote end closed connection without response'))
2025-08-23 09:22:57,293 - WARNING - ⚠️ 600020 中原高速 K线更新失败: ('Connection aborted.', RemoteDisconnected('Remote end closed connection without response'))
2025-08-23 09:22:57,909 - WARNING - ⚠️ 600021 上海电力 K线更新失败: ('Connection aborted.', RemoteDisconnected('Remote end closed connection without response'))
2025-08-23 09:22:58,538 - WARNING - ⚠️ 600022 山东钢铁 K线更新失败: ('Connection aborted.', RemoteDisconnected('Remote end closed connection without response'))
2025-08-23 09:22:59,164 - WARNING - ⚠️ 600023 浙能电力 K线更新失败: ('Connection aborted.', RemoteDisconnected('Remote end closed connection without response'))
2025-08-23 09:22:59,797 - WARNING - ⚠️ 600025 华能水电 K线更新失败: ('Connection aborted.', RemoteDisconnected('Remote end closed connection without response'))
2025-08-23 09:23:00,423 - WARNING - ⚠️ 600026 中远海能 K线更新失败: ('Connection aborted.', RemoteDisconnected('Remote end closed connection without response'))
2025-08-23 09:23:01,059 - WARNING - ⚠️ 600027 华电国际 K线更新失败: ('Connection aborted.', RemoteDisconnected('Remote end closed connection without response'))
2025-08-23 09:23:01,678 - WARNING - ⚠️ 600028 中国石化 K线更新失败: ('Connection aborted.', RemoteDisconnected('Remote end closed connection without response'))
2025-08-23 09:23:02,311 - WARNING - ⚠️ 600029 南方航空 K线更新失败: ('Connection aborted.', RemoteDisconnected('Remote end closed connection without response'))
2025-08-23 09:23:02,932 - WARNING - ⚠️ 600030 中信证券 K线更新失败: ('Connection aborted.', RemoteDisconnected('Remote end closed connection without response'))
2025-08-23 09:23:03,559 - WARNING - ⚠️ 600031 三一重工 K线更新失败: ('Connection aborted.', RemoteDisconnected('Remote end closed connection without response'))
2025-08-23 09:23:04,182 - WARNING - ⚠️ 600032 浙江新能 K线更新失败: ('Connection aborted.', RemoteDisconnected('Remote end closed connection without response'))
2025-08-23 09:23:04,803 - WARNING - ⚠️ 600033 福建高速 K线更新失败: ('Connection aborted.', RemoteDisconnected('Remote end closed connection without response'))
2025-08-23 09:23:05,417 - WARNING - ⚠️ 600035 楚天高速 K线更新失败: ('Connection aborted.', RemoteDisconnected('Remote end closed connection without response'))
2025-08-23 09:23:06,052 - WARNING - ⚠️ 600036 招商银行 K线更新失败: ('Connection aborted.', RemoteDisconnected('Remote end closed connection without response'))
2025-08-23 09:23:06,672 - WARNING - ⚠️ 600037 歌华有线 K线更新失败: ('Connection aborted.', RemoteDisconnected('Remote end closed connection without response'))
2025-08-23 09:23:07,296 - WARNING - ⚠️ 600038 中直股份 K线更新失败: ('Connection aborted.', RemoteDisconnected('Remote end closed connection without response'))
2025-08-23 09:23:07,919 - WARNING - ⚠️ 600039 四川路桥 K线更新失败: ('Connection aborted.', RemoteDisconnected('Remote end closed connection without response'))
2025-08-23 09:23:08,544 - WARNING - ⚠️ 600048 保利发展 K线更新失败: ('Connection aborted.', RemoteDisconnected('Remote end closed connection without response'))
2025-08-23 09:23:09,174 - WARNING - ⚠️ 600050 中国联通 K线更新失败: ('Connection aborted.', RemoteDisconnected('Remote end closed connection without response'))
2025-08-23 09:23:09,799 - WARNING - ⚠️ 600051 宁波联合 K线更新失败: ('Connection aborted.', RemoteDisconnected('Remote end closed connection without response'))
2025-08-23 09:23:10,422 - WARNING - ⚠️ 600052 东望时代 K线更新失败: ('Connection aborted.', RemoteDisconnected('Remote end closed connection without response'))
2025-08-23 09:23:11,039 - WARNING - ⚠️ 600053 九鼎投资 K线更新失败: ('Connection aborted.', RemoteDisconnected('Remote end closed connection without response'))
2025-08-23 09:23:11,668 - WARNING - ⚠️ 600054 黄山旅游 K线更新失败: ('Connection aborted.', RemoteDisconnected('Remote end closed connection without response'))
2025-08-23 09:23:12,284 - WARNING - ⚠️ 600055 万东医疗 K线更新失败: ('Connection aborted.', RemoteDisconnected('Remote end closed connection without response'))
2025-08-23 09:23:12,905 - WARNING - ⚠️ 600056 中国医药 K线更新失败: ('Connection aborted.', RemoteDisconnected('Remote end closed connection without response'))
2025-08-23 09:23:13,534 - WARNING - ⚠️ 600057 厦门象屿 K线更新失败: ('Connection aborted.', RemoteDisconnected('Remote end closed connection without response'))
2025-08-23 09:23:14,161 - WARNING - ⚠️ 600058 五矿发展 K线更新失败: ('Connection aborted.', RemoteDisconnected('Remote end closed connection without response'))
2025-08-23 09:23:14,791 - WARNING - ⚠️ 600059 古越龙山 K线更新失败: ('Connection aborted.', RemoteDisconnected('Remote end closed connection without response'))
2025-08-23 09:23:15,412 - WARNING - ⚠️ 600060 海信视像 K线更新失败: ('Connection aborted.', RemoteDisconnected('Remote end closed connection without response'))
2025-08-23 09:23:16,031 - WARNING - ⚠️ 600061 国投资本 K线更新失败: ('Connection aborted.', RemoteDisconnected('Remote end closed connection without response'))
2025-08-23 09:23:16,646 - WARNING - ⚠️ 600062 华润双鹤 K线更新失败: ('Connection aborted.', RemoteDisconnected('Remote end closed connection without response'))
2025-08-23 09:23:17,263 - WARNING - ⚠️ 600063 皖维高新 K线更新失败: ('Connection aborted.', RemoteDisconnected('Remote end closed connection without response'))
2025-08-23 09:23:17,882 - WARNING - ⚠️ 600064 南京高科 K线更新失败: ('Connection aborted.', RemoteDisconnected('Remote end closed connection without response'))
2025-08-23 09:23:18,499 - WARNING - ⚠️ 600065 *ST联谊 K线更新失败: ('Connection aborted.', RemoteDisconnected('Remote end closed connection without response'))
2025-08-23 09:23:19,114 - WARNING - ⚠️ 600066 宇通客车 K线更新失败: ('Connection aborted.', RemoteDisconnected('Remote end closed connection without response'))
2025-08-23 09:23:19,734 - WARNING - ⚠️ 600067 冠城新材 K线更新失败: ('Connection aborted.', RemoteDisconnected('Remote end closed connection without response'))
2025-08-23 09:23:20,364 - WARNING - ⚠️ 600068 葛洲坝 K线更新失败: ('Connection aborted.', RemoteDisconnected('Remote end closed connection without response'))
2025-08-23 09:23:20,985 - WARNING - ⚠️ 600069 退市银鸽 K线更新失败: ('Connection aborted.', RemoteDisconnected('Remote end closed connection without response'))
2025-08-23 09:23:21,605 - WARNING - ⚠️ 600070 *ST富润 K线更新失败: ('Connection aborted.', RemoteDisconnected('Remote end closed connection without response'))
2025-08-23 09:23:22,221 - WARNING - ⚠️ 600071 凤凰光学 K线更新失败: ('Connection aborted.', RemoteDisconnected('Remote end closed connection without response'))
2025-08-23 09:23:22,838 - WARNING - ⚠️ 600072 中船科技 K线更新失败: ('Connection aborted.', RemoteDisconnected('Remote end closed connection without response'))
2025-08-23 09:23:23,472 - WARNING - ⚠️ 600073 光明肉业 K线更新失败: ('Connection aborted.', RemoteDisconnected('Remote end closed connection without response'))
2025-08-23 09:23:24,104 - WARNING - ⚠️ 600074 退市保千 K线更新失败: ('Connection aborted.', RemoteDisconnected('Remote end closed connection without response'))
2025-08-23 09:23:24,727 - WARNING - ⚠️ 600075 新疆天业 K线更新失败: ('Connection aborted.', RemoteDisconnected('Remote end closed connection without response'))
2025-08-23 09:23:25,348 - WARNING - ⚠️ 600076 康欣新材 K线更新失败: ('Connection aborted.', RemoteDisconnected('Remote end closed connection without response'))
2025-08-23 09:23:25,965 - WARNING - ⚠️ 600077 *ST宋都 K线更新失败: ('Connection aborted.', RemoteDisconnected('Remote end closed connection without response'))
2025-08-23 09:23:26,590 - WARNING - ⚠️ 600078 澄星股份 K线更新失败: ('Connection aborted.', RemoteDisconnected('Remote end closed connection without response'))
2025-08-23 09:23:27,211 - WARNING - ⚠️ 600079 人福医药 K线更新失败: ('Connection aborted.', RemoteDisconnected('Remote end closed connection without response'))
2025-08-23 09:23:27,828 - WARNING - ⚠️ 600080 金花股份 K线更新失败: ('Connection aborted.', RemoteDisconnected('Remote end closed connection without response'))
2025-08-23 09:23:28,443 - WARNING - ⚠️ 600081 东风科技 K线更新失败: ('Connection aborted.', RemoteDisconnected('Remote end closed connection without response'))
2025-08-23 09:23:29,068 - WARNING - ⚠️ 600082 海泰发展 K线更新失败: ('Connection aborted.', RemoteDisconnected('Remote end closed connection without response'))
2025-08-23 09:23:29,698 - WARNING - ⚠️ 600083 *ST博信 K线更新失败: ('Connection aborted.', RemoteDisconnected('Remote end closed connection without response'))
2025-08-23 09:23:30,327 - WARNING - ⚠️ 600084 中信尼雅 K线更新失败: ('Connection aborted.', RemoteDisconnected('Remote end closed connection without response'))
2025-08-23 09:23:30,942 - WARNING - ⚠️ 600085 同仁堂 K线更新失败: ('Connection aborted.', RemoteDisconnected('Remote end closed connection without response'))
2025-08-23 09:23:31,577 - WARNING - ⚠️ 600086 退市金钰 K线更新失败: ('Connection aborted.', RemoteDisconnected('Remote end closed connection without response'))
2025-08-23 09:23:32,205 - WARNING - ⚠️ 600087 退市长油 K线更新失败: ('Connection aborted.', RemoteDisconnected('Remote end closed connection without response'))
2025-08-23 09:23:32,826 - WARNING - ⚠️ 600088 中视传媒 K线更新失败: ('Connection aborted.', RemoteDisconnected('Remote end closed connection without response'))
2025-08-23 09:23:33,454 - WARNING - ⚠️ 600089 特变电工 K线更新失败: ('Connection aborted.', RemoteDisconnected('Remote end closed connection without response'))
2025-08-23 09:23:34,077 - WARNING - ⚠️ 600090 退市济堂 K线更新失败: ('Connection aborted.', RemoteDisconnected('Remote end closed connection without response'))
2025-08-23 09:23:34,703 - WARNING - ⚠️ 600091 退市明科 K线更新失败: ('Connection aborted.', RemoteDisconnected('Remote end closed connection without response'))
2025-08-23 09:23:35,335 - WARNING - ⚠️ 600092 S*ST精密 K线更新失败: ('Connection aborted.', RemoteDisconnected('Remote end closed connection without response'))
2025-08-23 09:23:35,963 - WARNING - ⚠️ 600093 退市易见 K线更新失败: ('Connection aborted.', RemoteDisconnected('Remote end closed connection without response'))
2025-08-23 09:23:36,592 - WARNING - ⚠️ 600094 大名城 K线更新失败: ('Connection aborted.', RemoteDisconnected('Remote end closed connection without response'))
2025-08-23 09:23:37,214 - WARNING - ⚠️ 600095 湘财股份 K线更新失败: ('Connection aborted.', RemoteDisconnected('Remote end closed connection without response'))
2025-08-23 09:23:37,827 - WARNING - ⚠️ 600096 云天化 K线更新失败: ('Connection aborted.', RemoteDisconnected('Remote end closed connection without response'))
2025-08-23 09:23:38,452 - WARNING - ⚠️ 600097 开创国际 K线更新失败: ('Connection aborted.', RemoteDisconnected('Remote end closed connection without response'))
2025-08-23 09:23:39,064 - WARNING - ⚠️ 600098 广州发展 K线更新失败: ('Connection aborted.', RemoteDisconnected('Remote end closed connection without response'))
2025-08-23 09:23:39,679 - WARNING - ⚠️ 600099 林海股份 K线更新失败: ('Connection aborted.', RemoteDisconnected('Remote end closed connection without response'))
2025-08-23 09:23:40,288 - WARNING - ⚠️ 600100 同方股份 K线更新失败: ('Connection aborted.', RemoteDisconnected('Remote end closed connection without response'))
2025-08-23 09:23:40,921 - WARNING - ⚠️ 600101 明星电力 K线更新失败: ('Connection aborted.', RemoteDisconnected('Remote end closed connection without response'))
2025-08-23 09:23:41,536 - WARNING - ⚠️ 600102 莱钢股份 K线更新失败: ('Connection aborted.', RemoteDisconnected('Remote end closed connection without response'))
2025-08-23 09:23:42,170 - WARNING - ⚠️ 600103 青山纸业 K线更新失败: ('Connection aborted.', RemoteDisconnected('Remote end closed connection without response'))
2025-08-23 09:23:42,784 - WARNING - ⚠️ 600104 上汽集团 K线更新失败: ('Connection aborted.', RemoteDisconnected('Remote end closed connection without response'))
2025-08-23 09:23:43,410 - WARNING - ⚠️ 600105 永鼎股份 K线更新失败: ('Connection aborted.', RemoteDisconnected('Remote end closed connection without response'))
2025-08-23 09:23:44,031 - WARNING - ⚠️ 600106 重庆路桥 K线更新失败: ('Connection aborted.', RemoteDisconnected('Remote end closed connection without response'))
2025-08-23 09:23:44,661 - WARNING - ⚠️ 600107 ST尔雅 K线更新失败: ('Connection aborted.', RemoteDisconnected('Remote end closed connection without response'))
2025-08-23 09:23:45,288 - WARNING - ⚠️ 600108 亚盛集团 K线更新失败: ('Connection aborted.', RemoteDisconnected('Remote end closed connection without response'))
2025-08-23 09:23:45,910 - WARNING - ⚠️ 600109 国金证券 K线更新失败: ('Connection aborted.', RemoteDisconnected('Remote end closed connection without response'))
2025-08-23 09:23:46,537 - WARNING - ⚠️ 600110 诺德股份 K线更新失败: ('Connection aborted.', RemoteDisconnected('Remote end closed connection without response'))
2025-08-23 09:23:47,158 - WARNING - ⚠️ 600111 北方稀土 K线更新失败: ('Connection aborted.', RemoteDisconnected('Remote end closed connection without response'))
2025-08-23 09:23:47,787 - WARNING - ⚠️ 600112 *ST天成 K线更新失败: ('Connection aborted.', RemoteDisconnected('Remote end closed connection without response'))
2025-08-23 09:23:48,412 - WARNING - ⚠️ 600113 浙江东日 K线更新失败: ('Connection aborted.', RemoteDisconnected('Remote end closed connection without response'))
2025-08-23 09:23:49,038 - WARNING - ⚠️ 600114 东睦股份 K线更新失败: ('Connection aborted.', RemoteDisconnected('Remote end closed connection without response'))
2025-08-23 09:23:49,664 - WARNING - ⚠️ 600115 中国东航 K线更新失败: ('Connection aborted.', RemoteDisconnected('Remote end closed connection without response'))
2025-08-23 09:23:50,285 - WARNING - ⚠️ 600116 三峡水利 K线更新失败: ('Connection aborted.', RemoteDisconnected('Remote end closed connection without response'))
2025-08-23 09:23:50,913 - WARNING - ⚠️ 600117 西宁特钢 K线更新失败: ('Connection aborted.', RemoteDisconnected('Remote end closed connection without response'))
2025-08-23 09:23:51,531 - WARNING - ⚠️ 600118 中国卫星 K线更新失败: ('Connection aborted.', RemoteDisconnected('Remote end closed connection without response'))
2025-08-23 09:23:52,164 - WARNING - ⚠️ 600119 长江投资 K线更新失败: ('Connection aborted.', RemoteDisconnected('Remote end closed connection without response'))
2025-08-23 09:23:52,785 - WARNING - ⚠️ 600120 浙江东方 K线更新失败: ('Connection aborted.', RemoteDisconnected('Remote end closed connection without response'))
2025-08-23 09:23:53,412 - WARNING - ⚠️ 600121 郑州煤电 K线更新失败: ('Connection aborted.', RemoteDisconnected('Remote end closed connection without response'))
2025-08-23 09:23:54,042 - WARNING - ⚠️ 600122 *ST宏图 K线更新失败: ('Connection aborted.', RemoteDisconnected('Remote end closed connection without response'))
2025-08-23 09:23:54,666 - WARNING - ⚠️ 600123 兰花科创 K线更新失败: ('Connection aborted.', RemoteDisconnected('Remote end closed connection without response'))
2025-08-23 09:23:55,281 - WARNING - ⚠️ 600125 铁龙物流 K线更新失败: ('Connection aborted.', RemoteDisconnected('Remote end closed connection without response'))
2025-08-23 09:23:55,899 - WARNING - ⚠️ 600126 杭钢股份 K线更新失败: ('Connection aborted.', RemoteDisconnected('Remote end closed connection without response'))
2025-08-23 09:23:56,519 - WARNING - ⚠️ 600127 金健米业 K线更新失败: ('Connection aborted.', RemoteDisconnected('Remote end closed connection without response'))
2025-08-23 09:23:57,141 - WARNING - ⚠️ 600128 苏豪弘业 K线更新失败: ('Connection aborted.', RemoteDisconnected('Remote end closed connection without response'))
2025-08-23 09:23:57,768 - WARNING - ⚠️ 600129 太极集团 K线更新失败: ('Connection aborted.', RemoteDisconnected('Remote end closed connection without response'))
2025-08-23 09:23:58,390 - WARNING - ⚠️ 600130 *ST波导 K线更新失败: ('Connection aborted.', RemoteDisconnected('Remote end closed connection without response'))
2025-08-23 09:23:59,007 - WARNING - ⚠️ 600131 国网信通 K线更新失败: ('Connection aborted.', RemoteDisconnected('Remote end closed connection without response'))
2025-08-23 09:23:59,635 - WARNING - ⚠️ 600132 重庆啤酒 K线更新失败: ('Connection aborted.', RemoteDisconnected('Remote end closed connection without response'))
2025-08-23 09:24:00,259 - WARNING - ⚠️ 600133 东湖高新 K线更新失败: ('Connection aborted.', RemoteDisconnected('Remote end closed connection without response'))
2025-08-23 09:24:00,876 - WARNING - ⚠️ 600135 乐凯胶片 K线更新失败: ('Connection aborted.', RemoteDisconnected('Remote end closed connection without response'))
2025-08-23 09:24:01,501 - WARNING - ⚠️ 600136 ST明诚 K线更新失败: ('Connection aborted.', RemoteDisconnected('Remote end closed connection without response'))
2025-08-23 09:24:02,113 - WARNING - ⚠️ 600137 浪莎股份 K线更新失败: ('Connection aborted.', RemoteDisconnected('Remote end closed connection without response'))
2025-08-23 09:24:02,725 - WARNING - ⚠️ 600138 中青旅 K线更新失败: ('Connection aborted.', RemoteDisconnected('Remote end closed connection without response'))
2025-08-23 09:24:03,343 - WARNING - ⚠️ 600139 *ST西源 K线更新失败: ('Connection aborted.', RemoteDisconnected('Remote end closed connection without response'))
2025-08-23 09:24:03,964 - WARNING - ⚠️ 600141 兴发集团 K线更新失败: ('Connection aborted.', RemoteDisconnected('Remote end closed connection without response'))
2025-08-23 09:24:04,576 - WARNING - ⚠️ 600143 金发科技 K线更新失败: ('Connection aborted.', RemoteDisconnected('Remote end closed connection without response'))
2025-08-23 09:24:05,199 - WARNING - ⚠️ 600145 退市新亿 K线更新失败: ('Connection aborted.', RemoteDisconnected('Remote end closed connection without response'))
2025-08-23 09:24:05,811 - WARNING - ⚠️ 600146 退市环球 K线更新失败: ('Connection aborted.', RemoteDisconnected('Remote end closed connection without response'))
2025-08-23 09:24:06,437 - WARNING - ⚠️ 600148 长春一东 K线更新失败: ('Connection aborted.', RemoteDisconnected('Remote end closed connection without response'))
2025-08-23 09:24:07,050 - WARNING - ⚠️ 600149 廊坊发展 K线更新失败: ('Connection aborted.', RemoteDisconnected('Remote end closed connection without response'))
2025-08-23 09:24:07,674 - WARNING - ⚠️ 600150 中国船舶 K线更新失败: ('Connection aborted.', RemoteDisconnected('Remote end closed connection without response'))
2025-08-23 09:24:08,287 - WARNING - ⚠️ 600151 航天机电 K线更新失败: ('Connection aborted.', RemoteDisconnected('Remote end closed connection without response'))
2025-08-23 09:24:08,914 - WARNING - ⚠️ 600152 维科技术 K线更新失败: ('Connection aborted.', RemoteDisconnected('Remote end closed connection without response'))
2025-08-23 09:24:09,545 - WARNING - ⚠️ 600153 建发股份 K线更新失败: ('Connection aborted.', RemoteDisconnected('Remote end closed connection without response'))
2025-08-23 09:24:10,163 - WARNING - ⚠️ 600155 华创云信 K线更新失败: ('Connection aborted.', RemoteDisconnected('Remote end closed connection without response'))
2025-08-23 09:24:10,786 - WARNING - ⚠️ 600156 华升股份 K线更新失败: ('Connection aborted.', RemoteDisconnected('Remote end closed connection without response'))
2025-08-23 09:24:11,415 - WARNING - ⚠️ 600157 永泰能源 K线更新失败: ('Connection aborted.', RemoteDisconnected('Remote end closed connection without response'))
2025-08-23 09:24:12,047 - WARNING - ⚠️ 600158 中体产业 K线更新失败: ('Connection aborted.', RemoteDisconnected('Remote end closed connection without response'))
2025-08-23 09:24:12,675 - WARNING - ⚠️ 600159 大龙地产 K线更新失败: ('Connection aborted.', RemoteDisconnected('Remote end closed connection without response'))
2025-08-23 09:24:13,288 - WARNING - ⚠️ 600160 巨化股份 K线更新失败: ('Connection aborted.', RemoteDisconnected('Remote end closed connection without response'))
2025-08-23 09:24:13,911 - WARNING - ⚠️ 600161 天坛生物 K线更新失败: ('Connection aborted.', RemoteDisconnected('Remote end closed connection without response'))
2025-08-23 09:24:14,539 - WARNING - ⚠️ 600162 香江控股 K线更新失败: ('Connection aborted.', RemoteDisconnected('Remote end closed connection without response'))
2025-08-23 09:24:15,154 - WARNING - ⚠️ 600163 中闽能源 K线更新失败: ('Connection aborted.', RemoteDisconnected('Remote end closed connection without response'))
2025-08-23 09:24:15,773 - WARNING - ⚠️ 600165 ST宁科 K线更新失败: ('Connection aborted.', RemoteDisconnected('Remote end closed connection without response'))
2025-08-23 09:24:16,403 - WARNING - ⚠️ 600166 福田汽车 K线更新失败: ('Connection aborted.', RemoteDisconnected('Remote end closed connection without response'))
2025-08-23 09:24:17,024 - WARNING - ⚠️ 600167 联美控股 K线更新失败: ('Connection aborted.', RemoteDisconnected('Remote end closed connection without response'))
2025-08-23 09:24:17,641 - WARNING - ⚠️ 600168 武汉控股 K线更新失败: ('Connection aborted.', RemoteDisconnected('Remote end closed connection without response'))
2025-08-23 09:24:18,262 - WARNING - ⚠️ 600169 太原重工 K线更新失败: ('Connection aborted.', RemoteDisconnected('Remote end closed connection without response'))
2025-08-23 09:24:18,883 - WARNING - ⚠️ 600170 上海建工 K线更新失败: ('Connection aborted.', RemoteDisconnected('Remote end closed connection without response'))
2025-08-23 09:24:19,504 - WARNING - ⚠️ 600171 上海贝岭 K线更新失败: ('Connection aborted.', RemoteDisconnected('Remote end closed connection without response'))
2025-08-23 09:24:20,126 - WARNING - ⚠️ 600172 黄河旋风 K线更新失败: ('Connection aborted.', RemoteDisconnected('Remote end closed connection without response'))
2025-08-23 09:24:20,756 - WARNING - ⚠️ 600173 卧龙新能 K线更新失败: ('Connection aborted.', RemoteDisconnected('Remote end closed connection without response'))
2025-08-23 09:24:21,373 - WARNING - ⚠️ 600175 退市美都 K线更新失败: ('Connection aborted.', RemoteDisconnected('Remote end closed connection without response'))
2025-08-23 09:24:22,005 - WARNING - ⚠️ 600176 中国巨石 K线更新失败: ('Connection aborted.', RemoteDisconnected('Remote end closed connection without response'))
2025-08-23 09:24:22,617 - WARNING - ⚠️ 600177 雅戈尔 K线更新失败: ('Connection aborted.', RemoteDisconnected('Remote end closed connection without response'))
2025-08-23 09:24:23,251 - WARNING - ⚠️ 600178 东安动力 K线更新失败: ('Connection aborted.', RemoteDisconnected('Remote end closed connection without response'))
2025-08-23 09:24:23,872 - WARNING - ⚠️ 600179 安通控股 K线更新失败: ('Connection aborted.', RemoteDisconnected('Remote end closed connection without response'))
2025-08-23 09:24:24,494 - WARNING - ⚠️ 600180 瑞茂通 K线更新失败: ('Connection aborted.', RemoteDisconnected('Remote end closed connection without response'))
2025-08-23 09:24:25,116 - WARNING - ⚠️ 600181 S*ST云大 K线更新失败: ('Connection aborted.', RemoteDisconnected('Remote end closed connection without response'))
2025-08-23 09:24:25,735 - WARNING - ⚠️ 600182 S佳通 K线更新失败: ('Connection aborted.', RemoteDisconnected('Remote end closed connection without response'))
2025-08-23 09:24:26,352 - WARNING - ⚠️ 600183 生益科技 K线更新失败: ('Connection aborted.', RemoteDisconnected('Remote end closed connection without response'))
2025-08-23 09:24:26,955 - WARNING - ⚠️ 600184 光电股份 K线更新失败: ('Connection aborted.', RemoteDisconnected('Remote end closed connection without response'))
2025-08-23 09:24:27,585 - WARNING - ⚠️ 600185 珠免集团 K线更新失败: ('Connection aborted.', RemoteDisconnected('Remote end closed connection without response'))
2025-08-23 09:24:28,216 - WARNING - ⚠️ 600186 莲花控股 K线更新失败: ('Connection aborted.', RemoteDisconnected('Remote end closed connection without response'))
2025-08-23 09:24:28,832 - WARNING - ⚠️ 600187 国中水务 K线更新失败: ('Connection aborted.', RemoteDisconnected('Remote end closed connection without response'))
2025-08-23 09:24:29,454 - WARNING - ⚠️ 600188 兖矿能源 K线更新失败: ('Connection aborted.', RemoteDisconnected('Remote end closed connection without response'))
2025-08-23 09:24:30,078 - WARNING - ⚠️ 600189 泉阳泉 K线更新失败: ('Connection aborted.', RemoteDisconnected('Remote end closed connection without response'))
2025-08-23 09:24:30,704 - WARNING - ⚠️ 600190 退市锦港 K线更新失败: ('Connection aborted.', RemoteDisconnected('Remote end closed connection without response'))
2025-08-23 09:24:31,330 - WARNING - ⚠️ 600191 华资实业 K线更新失败: ('Connection aborted.', RemoteDisconnected('Remote end closed connection without response'))
2025-08-23 09:24:31,943 - WARNING - ⚠️ 600192 长城电工 K线更新失败: ('Connection aborted.', RemoteDisconnected('Remote end closed connection without response'))
2025-08-23 09:24:32,576 - WARNING - ⚠️ 600193 *ST创兴 K线更新失败: ('Connection aborted.', RemoteDisconnected('Remote end closed connection without response'))
2025-08-23 09:24:33,203 - WARNING - ⚠️ 600195 中牧股份 K线更新失败: ('Connection aborted.', RemoteDisconnected('Remote end closed connection without response'))
2025-08-23 09:24:33,828 - WARNING - ⚠️ 600196 复星医药 K线更新失败: ('Connection aborted.', RemoteDisconnected('Remote end closed connection without response'))
2025-08-23 09:24:34,450 - WARNING - ⚠️ 600197 伊力特 K线更新失败: ('Connection aborted.', RemoteDisconnected('Remote end closed connection without response'))
2025-08-23 09:24:35,061 - WARNING - ⚠️ 600198 大唐电信 K线更新失败: ('Connection aborted.', RemoteDisconnected('Remote end closed connection without response'))
2025-08-23 09:24:35,681 - WARNING - ⚠️ 600199 金种子酒 K线更新失败: ('Connection aborted.', RemoteDisconnected('Remote end closed connection without response'))
2025-08-23 09:24:36,299 - WARNING - ⚠️ 600200 *ST苏吴 K线更新失败: ('Connection aborted.', RemoteDisconnected('Remote end closed connection without response'))
2025-08-23 09:24:36,925 - WARNING - ⚠️ 600201 生物股份 K线更新失败: ('Connection aborted.', RemoteDisconnected('Remote end closed connection without response'))
2025-08-23 09:24:37,540 - WARNING - ⚠️ 600202 哈空调 K线更新失败: ('Connection aborted.', RemoteDisconnected('Remote end closed connection without response'))
2025-08-23 09:24:38,165 - WARNING - ⚠️ 600203 福日电子 K线更新失败: ('Connection aborted.', RemoteDisconnected('Remote end closed connection without response'))
2025-08-23 09:24:38,783 - WARNING - ⚠️ 600205 S山东铝 K线更新失败: ('Connection aborted.', RemoteDisconnected('Remote end closed connection without response'))
2025-08-23 09:24:39,399 - WARNING - ⚠️ 600206 有研新材 K线更新失败: ('Connection aborted.', RemoteDisconnected('Remote end closed connection without response'))
2025-08-23 09:24:40,020 - WARNING - ⚠️ 600207 安彩高科 K线更新失败: ('Connection aborted.', RemoteDisconnected('Remote end closed connection without response'))
2025-08-23 09:24:40,648 - WARNING - ⚠️ 600208 衢州发展 K线更新失败: ('Connection aborted.', RemoteDisconnected('Remote end closed connection without response'))
2025-08-23 09:24:41,276 - WARNING - ⚠️ 600209 退市罗顿 K线更新失败: ('Connection aborted.', RemoteDisconnected('Remote end closed connection without response'))
2025-08-23 09:24:41,905 - WARNING - ⚠️ 600210 紫江企业 K线更新失败: ('Connection aborted.', RemoteDisconnected('Remote end closed connection without response'))
2025-08-23 09:24:42,522 - WARNING - ⚠️ 600211 西藏药业 K线更新失败: ('Connection aborted.', RemoteDisconnected('Remote end closed connection without response'))
2025-08-23 09:24:43,137 - WARNING - ⚠️ 600212 绿能慧充 K线更新失败: ('Connection aborted.', RemoteDisconnected('Remote end closed connection without response'))
2025-08-23 09:24:43,763 - WARNING - ⚠️ 600213 *ST亚星 K线更新失败: ('Connection aborted.', RemoteDisconnected('Remote end closed connection without response'))
2025-08-23 09:24:44,405 - WARNING - ⚠️ 600215 派斯林 K线更新失败: ('Connection aborted.', RemoteDisconnected('Remote end closed connection without response'))
2025-08-23 09:24:45,021 - WARNING - ⚠️ 600216 浙江医药 K线更新失败: ('Connection aborted.', RemoteDisconnected('Remote end closed connection without response'))
2025-08-23 09:24:45,643 - WARNING - ⚠️ 600217 中再资环 K线更新失败: ('Connection aborted.', RemoteDisconnected('Remote end closed connection without response'))
2025-08-23 09:24:46,261 - WARNING - ⚠️ 600218 全柴动力 K线更新失败: ('Connection aborted.', RemoteDisconnected('Remote end closed connection without response'))
2025-08-23 09:24:46,908 - WARNING - ⚠️ 600219 南山铝业 K线更新失败: ('Connection aborted.', RemoteDisconnected('Remote end closed connection without response'))
2025-08-23 09:24:47,534 - WARNING - ⚠️ 600220 ST阳光 K线更新失败: ('Connection aborted.', RemoteDisconnected('Remote end closed connection without response'))
2025-08-23 09:24:48,159 - WARNING - ⚠️ 600221 海航控股 K线更新失败: ('Connection aborted.', RemoteDisconnected('Remote end closed connection without response'))
2025-08-23 09:24:48,783 - WARNING - ⚠️ 600222 太龙药业 K线更新失败: ('Connection aborted.', RemoteDisconnected('Remote end closed connection without response'))
2025-08-23 09:24:49,392 - WARNING - ⚠️ 600223 福瑞达 K线更新失败: ('Connection aborted.', RemoteDisconnected('Remote end closed connection without response'))
2025-08-23 09:24:50,014 - WARNING - ⚠️ 600225 退市卓朗 K线更新失败: ('Connection aborted.', RemoteDisconnected('Remote end closed connection without response'))
2025-08-23 09:24:50,628 - WARNING - ⚠️ 600226 亨通股份 K线更新失败: ('Connection aborted.', RemoteDisconnected('Remote end closed connection without response'))
2025-08-23 09:24:51,250 - WARNING - ⚠️ 600227 赤天化 K线更新失败: ('Connection aborted.', RemoteDisconnected('Remote end closed connection without response'))
2025-08-23 09:24:51,858 - WARNING - ⚠️ 600228 *ST返利 K线更新失败: ('Connection aborted.', RemoteDisconnected('Remote end closed connection without response'))
2025-08-23 09:24:52,487 - WARNING - ⚠️ 600229 城市传媒 K线更新失败: ('Connection aborted.', RemoteDisconnected('Remote end closed connection without response'))
2025-08-23 09:24:53,109 - WARNING - ⚠️ 600230 沧州大化 K线更新失败: ('Connection aborted.', RemoteDisconnected('Remote end closed connection without response'))
2025-08-23 09:24:53,736 - WARNING - ⚠️ 600231 凌钢股份 K线更新失败: ('Connection aborted.', RemoteDisconnected('Remote end closed connection without response'))
2025-08-23 09:24:54,355 - WARNING - ⚠️ 600232 金鹰股份 K线更新失败: ('Connection aborted.', RemoteDisconnected('Remote end closed connection without response'))
2025-08-23 09:24:54,976 - WARNING - ⚠️ 600233 圆通速递 K线更新失败: ('Connection aborted.', RemoteDisconnected('Remote end closed connection without response'))
2025-08-23 09:24:55,613 - WARNING - ⚠️ 600234 科新发展 K线更新失败: ('Connection aborted.', RemoteDisconnected('Remote end closed connection without response'))
2025-08-23 09:24:56,239 - WARNING - ⚠️ 600235 民丰特纸 K线更新失败: ('Connection aborted.', RemoteDisconnected('Remote end closed connection without response'))
2025-08-23 09:24:56,856 - WARNING - ⚠️ 600236 桂冠电力 K线更新失败: ('Connection aborted.', RemoteDisconnected('Remote end closed connection without response'))
2025-08-23 09:24:57,471 - WARNING - ⚠️ 600237 铜峰电子 K线更新失败: ('Connection aborted.', RemoteDisconnected('Remote end closed connection without response'))
2025-08-23 09:24:58,093 - WARNING - ⚠️ 600238 *ST椰岛 K线更新失败: ('Connection aborted.', RemoteDisconnected('Remote end closed connection without response'))
2025-08-23 09:24:58,706 - WARNING - ⚠️ 600239 云南城投 K线更新失败: ('Connection aborted.', RemoteDisconnected('Remote end closed connection without response'))
2025-08-23 09:24:59,335 - WARNING - ⚠️ 600240 退市华业 K线更新失败: ('Connection aborted.', RemoteDisconnected('Remote end closed connection without response'))
2025-08-23 09:24:59,959 - WARNING - ⚠️ 600241 时代万恒 K线更新失败: ('Connection aborted.', RemoteDisconnected('Remote end closed connection without response'))
2025-08-23 09:25:00,585 - WARNING - ⚠️ 600242 退市中昌 K线更新失败: ('Connection aborted.', RemoteDisconnected('Remote end closed connection without response'))
2025-08-23 09:25:01,191 - WARNING - ⚠️ 600243 *ST海华 K线更新失败: ('Connection aborted.', RemoteDisconnected('Remote end closed connection without response'))
2025-08-23 09:25:01,801 - WARNING - ⚠️ 600246 万通发展 K线更新失败: ('Connection aborted.', RemoteDisconnected('Remote end closed connection without response'))
2025-08-23 09:25:02,425 - WARNING - ⚠️ 600247 *ST成城 K线更新失败: ('Connection aborted.', RemoteDisconnected('Remote end closed connection without response'))
2025-08-23 09:25:03,053 - WARNING - ⚠️ 600248 陕建股份 K线更新失败: ('Connection aborted.', RemoteDisconnected('Remote end closed connection without response'))
2025-08-23 09:25:03,701 - WARNING - ⚠️ 600249 XD两面针 K线更新失败: ('Connection aborted.', RemoteDisconnected('Remote end closed connection without response'))
2025-08-23 09:25:04,309 - WARNING - ⚠️ 600250 南京商旅 K线更新失败: ('Connection aborted.', RemoteDisconnected('Remote end closed connection without response'))
2025-08-23 09:25:04,927 - WARNING - ⚠️ 600251 冠农股份 K线更新失败: ('Connection aborted.', RemoteDisconnected('Remote end closed connection without response'))
2025-08-23 09:25:05,546 - WARNING - ⚠️ 600252 中恒集团 K线更新失败: ('Connection aborted.', RemoteDisconnected('Remote end closed connection without response'))
2025-08-23 09:25:06,174 - WARNING - ⚠️ 600253 天方药业 K线更新失败: ('Connection aborted.', RemoteDisconnected('Remote end closed connection without response'))
2025-08-23 09:25:06,796 - WARNING - ⚠️ 600255 鑫科材料 K线更新失败: ('Connection aborted.', RemoteDisconnected('Remote end closed connection without response'))
2025-08-23 09:25:07,416 - WARNING - ⚠️ 600256 广汇能源 K线更新失败: ('Connection aborted.', RemoteDisconnected('Remote end closed connection without response'))
2025-08-23 09:25:08,029 - WARNING - ⚠️ 600257 大湖股份 K线更新失败: ('Connection aborted.', RemoteDisconnected('Remote end closed connection without response'))
2025-08-23 09:25:08,648 - WARNING - ⚠️ 600258 首旅酒店 K线更新失败: ('Connection aborted.', RemoteDisconnected('Remote end closed connection without response'))
2025-08-23 09:25:09,278 - WARNING - ⚠️ 600259 广晟有色 K线更新失败: ('Connection aborted.', RemoteDisconnected('Remote end closed connection without response'))
2025-08-23 09:25:09,902 - WARNING - ⚠️ 600260 *ST凯乐 K线更新失败: ('Connection aborted.', RemoteDisconnected('Remote end closed connection without response'))
2025-08-23 09:25:10,525 - WARNING - ⚠️ 600261 阳光照明 K线更新失败: ('Connection aborted.', RemoteDisconnected('Remote end closed connection without response'))
2025-08-23 09:25:11,156 - WARNING - ⚠️ 600262 北方股份 K线更新失败: ('Connection aborted.', RemoteDisconnected('Remote end closed connection without response'))
2025-08-23 09:25:11,782 - WARNING - ⚠️ 600263 路桥建设 K线更新失败: ('Connection aborted.', RemoteDisconnected('Remote end closed connection without response'))
2025-08-23 09:25:12,400 - WARNING - ⚠️ 600265 ST景谷 K线更新失败: ('Connection aborted.', RemoteDisconnected('Remote end closed connection without response'))
2025-08-23 09:25:13,029 - WARNING - ⚠️ 600266 城建发展 K线更新失败: ('Connection aborted.', RemoteDisconnected('Remote end closed connection without response'))
2025-08-23 09:25:13,648 - WARNING - ⚠️ 600267 海正药业 K线更新失败: ('Connection aborted.', RemoteDisconnected('Remote end closed connection without response'))
2025-08-23 09:25:14,269 - WARNING - ⚠️ 600268 国电南自 K线更新失败: ('Connection aborted.', RemoteDisconnected('Remote end closed connection without response'))
2025-08-23 09:25:14,887 - WARNING - ⚠️ 600269 赣粤高速 K线更新失败: ('Connection aborted.', RemoteDisconnected('Remote end closed connection without response'))
2025-08-23 09:25:15,516 - WARNING - ⚠️ 600270 外运发展 K线更新失败: ('Connection aborted.', RemoteDisconnected('Remote end closed connection without response'))
2025-08-23 09:25:16,136 - WARNING - ⚠️ 600271 航天信息 K线更新失败: ('Connection aborted.', RemoteDisconnected('Remote end closed connection without response'))
2025-08-23 09:25:16,760 - WARNING - ⚠️ 600272 开开实业 K线更新失败: ('Connection aborted.', RemoteDisconnected('Remote end closed connection without response'))
2025-08-23 09:25:17,395 - WARNING - ⚠️ 600273 嘉化能源 K线更新失败: ('Connection aborted.', RemoteDisconnected('Remote end closed connection without response'))
2025-08-23 09:25:18,035 - WARNING - ⚠️ 600275 退市昌鱼 K线更新失败: ('Connection aborted.', RemoteDisconnected('Remote end closed connection without response'))
2025-08-23 09:25:18,662 - WARNING - ⚠️ 600276 恒瑞医药 K线更新失败: ('Connection aborted.', RemoteDisconnected('Remote end closed connection without response'))
2025-08-23 09:25:19,288 - WARNING - ⚠️ 600277 ST亿利 K线更新失败: ('Connection aborted.', RemoteDisconnected('Remote end closed connection without response'))
2025-08-23 09:25:19,911 - WARNING - ⚠️ 600278 东方创业 K线更新失败: ('Connection aborted.', RemoteDisconnected('Remote end closed connection without response'))
2025-08-23 09:25:20,544 - WARNING - ⚠️ 600279 重庆港 K线更新失败: ('Connection aborted.', RemoteDisconnected('Remote end closed connection without response'))
2025-08-23 09:25:21,171 - WARNING - ⚠️ 600280 中央商场 K线更新失败: ('Connection aborted.', RemoteDisconnected('Remote end closed connection without response'))
2025-08-23 09:25:21,789 - WARNING - ⚠️ 600281 华阳新材 K线更新失败: ('Connection aborted.', RemoteDisconnected('Remote end closed connection without response'))
2025-08-23 09:25:22,413 - WARNING - ⚠️ 600282 南钢股份 K线更新失败: ('Connection aborted.', RemoteDisconnected('Remote end closed connection without response'))
2025-08-23 09:25:23,030 - WARNING - ⚠️ 600283 钱江水利 K线更新失败: ('Connection aborted.', RemoteDisconnected('Remote end closed connection without response'))
2025-08-23 09:25:23,656 - WARNING - ⚠️ 600284 浦东建设 K线更新失败: ('Connection aborted.', RemoteDisconnected('Remote end closed connection without response'))
2025-08-23 09:25:24,282 - WARNING - ⚠️ 600285 羚锐制药 K线更新失败: ('Connection aborted.', RemoteDisconnected('Remote end closed connection without response'))
2025-08-23 09:25:24,905 - WARNING - ⚠️ 600286 S*ST国瓷 K线更新失败: ('Connection aborted.', RemoteDisconnected('Remote end closed connection without response'))
2025-08-23 09:25:25,541 - WARNING - ⚠️ 600287 江苏舜天 K线更新失败: ('Connection aborted.', RemoteDisconnected('Remote end closed connection without response'))
2025-08-23 09:25:26,171 - WARNING - ⚠️ 600288 大恒科技 K线更新失败: ('Connection aborted.', RemoteDisconnected('Remote end closed connection without response'))
2025-08-23 09:25:26,798 - WARNING - ⚠️ 600289 ST信通 K线更新失败: ('Connection aborted.', RemoteDisconnected('Remote end closed connection without response'))
2025-08-23 09:25:27,417 - WARNING - ⚠️ 600290 *ST华仪 K线更新失败: ('Connection aborted.', RemoteDisconnected('Remote end closed connection without response'))
2025-08-23 09:25:28,037 - WARNING - ⚠️ 600291 退市西水 K线更新失败: ('Connection aborted.', RemoteDisconnected('Remote end closed connection without response'))
2025-08-23 09:25:28,657 - WARNING - ⚠️ 600292 远达环保 K线更新失败: ('Connection aborted.', RemoteDisconnected('Remote end closed connection without response'))
2025-08-23 09:25:29,277 - WARNING - ⚠️ 600293 三峡新材 K线更新失败: ('Connection aborted.', RemoteDisconnected('Remote end closed connection without response'))
2025-08-23 09:25:29,893 - WARNING - ⚠️ 600295 鄂尔多斯 K线更新失败: ('Connection aborted.', RemoteDisconnected('Remote end closed connection without response'))
2025-08-23 09:25:30,521 - WARNING - ⚠️ 600296 S兰铝 K线更新失败: ('Connection aborted.', RemoteDisconnected('Remote end closed connection without response'))
2025-08-23 09:25:31,166 - WARNING - ⚠️ 600297 广汇汽车 K线更新失败: ('Connection aborted.', RemoteDisconnected('Remote end closed connection without response'))
2025-08-23 09:25:31,779 - WARNING - ⚠️ 600298 安琪酵母 K线更新失败: ('Connection aborted.', RemoteDisconnected('Remote end closed connection without response'))
2025-08-23 09:25:32,389 - WARNING - ⚠️ 600299 安迪苏 K线更新失败: ('Connection aborted.', RemoteDisconnected('Remote end closed connection without response'))
2025-08-23 09:25:33,010 - WARNING - ⚠️ 600300 维维股份 K线更新失败: ('Connection aborted.', RemoteDisconnected('Remote end closed connection without response'))
2025-08-23 09:25:33,641 - WARNING - ⚠️ 600301 华锡有色 K线更新失败: ('Connection aborted.', RemoteDisconnected('Remote end closed connection without response'))
2025-08-23 09:25:34,272 - WARNING - ⚠️ 600302 标准股份 K线更新失败: ('Connection aborted.', RemoteDisconnected('Remote end closed connection without response'))
2025-08-23 09:25:34,895 - WARNING - ⚠️ 600303 曙光股份 K线更新失败: ('Connection aborted.', RemoteDisconnected('Remote end closed connection without response'))
2025-08-23 09:25:35,518 - WARNING - ⚠️ 600305 恒顺醋业 K线更新失败: ('Connection aborted.', RemoteDisconnected('Remote end closed connection without response'))
2025-08-23 09:25:36,135 - WARNING - ⚠️ 600306 退市商城 K线更新失败: ('Connection aborted.', RemoteDisconnected('Remote end closed connection without response'))
2025-08-23 09:25:36,856 - WARNING - ⚠️ 600307 酒钢宏兴 K线更新失败: ('Connection aborted.', RemoteDisconnected('Remote end closed connection without response'))
2025-08-23 09:25:37,491 - WARNING - ⚠️ 600308 华泰股份 K线更新失败: ('Connection aborted.', RemoteDisconnected('Remote end closed connection without response'))
2025-08-23 09:25:38,123 - WARNING - ⚠️ 600309 万华化学 K线更新失败: ('Connection aborted.', RemoteDisconnected('Remote end closed connection without response'))
2025-08-23 09:25:38,747 - WARNING - ⚠️ 600310 广西能源 K线更新失败: ('Connection aborted.', RemoteDisconnected('Remote end closed connection without response'))
2025-08-23 09:25:39,366 - WARNING - ⚠️ 600311 *ST荣华 K线更新失败: ('Connection aborted.', RemoteDisconnected('Remote end closed connection without response'))
2025-08-23 09:25:39,982 - WARNING - ⚠️ 600312 平高电气 K线更新失败: ('Connection aborted.', RemoteDisconnected('Remote end closed connection without response'))
2025-08-23 09:25:40,601 - WARNING - ⚠️ 600313 农发种业 K线更新失败: ('Connection aborted.', RemoteDisconnected('Remote end closed connection without response'))
2025-08-23 09:25:41,220 - WARNING - ⚠️ 600315 上海家化 K线更新失败: ('Connection aborted.', RemoteDisconnected('Remote end closed connection without response'))
2025-08-23 09:25:41,846 - WARNING - ⚠️ 600316 洪都航空 K线更新失败: ('Connection aborted.', RemoteDisconnected('Remote end closed connection without response'))
2025-08-23 09:25:42,467 - WARNING - ⚠️ 600317 营口港 K线更新失败: ('Connection aborted.', RemoteDisconnected('Remote end closed connection without response'))
2025-08-23 09:25:43,092 - WARNING - ⚠️ 600318 新力金融 K线更新失败: ('Connection aborted.', RemoteDisconnected('Remote end closed connection without response'))
2025-08-23 09:25:43,718 - WARNING - ⚠️ 600319 亚星化学 K线更新失败: ('Connection aborted.', RemoteDisconnected('Remote end closed connection without response'))
2025-08-23 09:25:44,339 - WARNING - ⚠️ 600320 振华重工 K线更新失败: ('Connection aborted.', RemoteDisconnected('Remote end closed connection without response'))
2025-08-23 09:25:44,960 - WARNING - ⚠️ 600321 正源股份 K线更新失败: ('Connection aborted.', RemoteDisconnected('Remote end closed connection without response'))
2025-08-23 09:25:45,590 - WARNING - ⚠️ 600322 津投城开 K线更新失败: ('Connection aborted.', RemoteDisconnected('Remote end closed connection without response'))
2025-08-23 09:25:46,209 - WARNING - ⚠️ 600323 瀚蓝环境 K线更新失败: ('Connection aborted.', RemoteDisconnected('Remote end closed connection without response'))
2025-08-23 09:25:46,826 - WARNING - ⚠️ 600325 华发股份 K线更新失败: ('Connection aborted.', RemoteDisconnected('Remote end closed connection without response'))
2025-08-23 09:25:47,454 - WARNING - ⚠️ 600326 西藏天路 K线更新失败: ('Connection aborted.', RemoteDisconnected('Remote end closed connection without response'))
2025-08-23 09:25:48,068 - WARNING - ⚠️ 600327 大东方 K线更新失败: ('Connection aborted.', RemoteDisconnected('Remote end closed connection without response'))
2025-08-23 09:25:48,696 - WARNING - ⚠️ 600328 中盐化工 K线更新失败: ('Connection aborted.', RemoteDisconnected('Remote end closed connection without response'))
2025-08-23 09:25:49,321 - WARNING - ⚠️ 600329 达仁堂 K线更新失败: ('Connection aborted.', RemoteDisconnected('Remote end closed connection without response'))
2025-08-23 09:25:49,941 - WARNING - ⚠️ 600330 天通股份 K线更新失败: ('Connection aborted.', RemoteDisconnected('Remote end closed connection without response'))
2025-08-23 09:25:50,566 - WARNING - ⚠️ 600331 宏达股份 K线更新失败: ('Connection aborted.', RemoteDisconnected('Remote end closed connection without response'))
2025-08-23 09:25:51,180 - WARNING - ⚠️ 600332 白云山 K线更新失败: ('Connection aborted.', RemoteDisconnected('Remote end closed connection without response'))
2025-08-23 09:25:51,799 - WARNING - ⚠️ 600333 长春燃气 K线更新失败: ('Connection aborted.', RemoteDisconnected('Remote end closed connection without response'))
2025-08-23 09:25:52,425 - WARNING - ⚠️ 600335 国机汽车 K线更新失败: ('Connection aborted.', RemoteDisconnected('Remote end closed connection without response'))
2025-08-23 09:25:53,048 - WARNING - ⚠️ 600336 澳柯玛 K线更新失败: ('Connection aborted.', RemoteDisconnected('Remote end closed connection without response'))
2025-08-23 09:25:53,682 - WARNING - ⚠️ 600337 美克家居 K线更新失败: ('Connection aborted.', RemoteDisconnected('Remote end closed connection without response'))
2025-08-23 09:25:54,312 - WARNING - ⚠️ 600338 西藏珠峰 K线更新失败: ('Connection aborted.', RemoteDisconnected('Remote end closed connection without response'))
2025-08-23 09:25:54,941 - WARNING - ⚠️ 600339 中油工程 K线更新失败: ('Connection aborted.', RemoteDisconnected('Remote end closed connection without response'))
2025-08-23 09:25:55,572 - WARNING - ⚠️ 600340 华夏幸福 K线更新失败: ('Connection aborted.', RemoteDisconnected('Remote end closed connection without response'))
2025-08-23 09:25:56,194 - WARNING - ⚠️ 600343 航天动力 K线更新失败: ('Connection aborted.', RemoteDisconnected('Remote end closed connection without response'))
2025-08-23 09:25:56,822 - WARNING - ⚠️ 600345 长江通信 K线更新失败: ('Connection aborted.', RemoteDisconnected('Remote end closed connection without response'))
2025-08-23 09:25:57,436 - WARNING - ⚠️ 600346 恒力石化 K线更新失败: ('Connection aborted.', RemoteDisconnected('Remote end closed connection without response'))
2025-08-23 09:25:58,050 - WARNING - ⚠️ 600348 华阳股份 K线更新失败: ('Connection aborted.', RemoteDisconnected('Remote end closed connection without response'))
2025-08-23 09:25:58,669 - WARNING - ⚠️ 600350 山东高速 K线更新失败: ('Connection aborted.', RemoteDisconnected('Remote end closed connection without response'))
2025-08-23 09:25:59,303 - WARNING - ⚠️ 600351 亚宝药业 K线更新失败: ('Connection aborted.', RemoteDisconnected('Remote end closed connection without response'))
2025-08-23 09:25:59,922 - WARNING - ⚠️ 600352 浙江龙盛 K线更新失败: ('Connection aborted.', RemoteDisconnected('Remote end closed connection without response'))
2025-08-23 09:26:00,540 - WARNING - ⚠️ 600353 旭光电子 K线更新失败: ('Connection aborted.', RemoteDisconnected('Remote end closed connection without response'))
2025-08-23 09:26:01,163 - WARNING - ⚠️ 600354 敦煌种业 K线更新失败: ('Connection aborted.', RemoteDisconnected('Remote end closed connection without response'))
2025-08-23 09:26:01,791 - WARNING - ⚠️ 600355 *ST精伦 K线更新失败: ('Connection aborted.', RemoteDisconnected('Remote end closed connection without response'))
2025-08-23 09:26:02,410 - WARNING - ⚠️ 600356 恒丰纸业 K线更新失败: ('Connection aborted.', RemoteDisconnected('Remote end closed connection without response'))
2025-08-23 09:26:03,043 - WARNING - ⚠️ 600357 承德钒钛 K线更新失败: ('Connection aborted.', RemoteDisconnected('Remote end closed connection without response'))
2025-08-23 09:26:03,668 - WARNING - ⚠️ 600358 ST联合 K线更新失败: ('Connection aborted.', RemoteDisconnected('Remote end closed connection without response'))
2025-08-23 09:26:04,287 - WARNING - ⚠️ 600359 新农开发 K线更新失败: ('Connection aborted.', RemoteDisconnected('Remote end closed connection without response'))
2025-08-23 09:26:04,896 - WARNING - ⚠️ 600360 *ST华微 K线更新失败: ('Connection aborted.', RemoteDisconnected('Remote end closed connection without response'))
2025-08-23 09:26:05,520 - WARNING - ⚠️ 600361 创新新材 K线更新失败: ('Connection aborted.', RemoteDisconnected('Remote end closed connection without response'))
2025-08-23 09:26:06,141 - WARNING - ⚠️ 600362 江西铜业 K线更新失败: ('Connection aborted.', RemoteDisconnected('Remote end closed connection without response'))
2025-08-23 09:26:06,770 - WARNING - ⚠️ 600363 联创光电 K线更新失败: ('Connection aborted.', RemoteDisconnected('Remote end closed connection without response'))
2025-08-23 09:26:07,396 - WARNING - ⚠️ 600365 ST通葡 K线更新失败: ('Connection aborted.', RemoteDisconnected('Remote end closed connection without response'))
2025-08-23 09:26:08,017 - WARNING - ⚠️ 600366 宁波韵升 K线更新失败: ('Connection aborted.', RemoteDisconnected('Remote end closed connection without response'))
2025-08-23 09:26:08,657 - WARNING - ⚠️ 600367 红星发展 K线更新失败: ('Connection aborted.', RemoteDisconnected('Remote end closed connection without response'))
2025-08-23 09:26:09,288 - WARNING - ⚠️ 600368 五洲交通 K线更新失败: ('Connection aborted.', RemoteDisconnected('Remote end closed connection without response'))
2025-08-23 09:26:09,915 - WARNING - ⚠️ 600369 西南证券 K线更新失败: ('Connection aborted.', RemoteDisconnected('Remote end closed connection without response'))
2025-08-23 09:26:10,546 - WARNING - ⚠️ 600370 三房巷 K线更新失败: ('Connection aborted.', RemoteDisconnected('Remote end closed connection without response'))
2025-08-23 09:26:11,166 - WARNING - ⚠️ 600371 万向德农 K线更新失败: ('Connection aborted.', RemoteDisconnected('Remote end closed connection without response'))
2025-08-23 09:26:11,796 - WARNING - ⚠️ 600372 中航机载 K线更新失败: ('Connection aborted.', RemoteDisconnected('Remote end closed connection without response'))
2025-08-23 09:26:12,414 - WARNING - ⚠️ 600373 中文传媒 K线更新失败: ('Connection aborted.', RemoteDisconnected('Remote end closed connection without response'))
2025-08-23 09:26:13,077 - WARNING - ⚠️ 600375 汉马科技 K线更新失败: ('Connection aborted.', RemoteDisconnected('Remote end closed connection without response'))
2025-08-23 09:26:13,686 - WARNING - ⚠️ 600376 首开股份 K线更新失败: ('Connection aborted.', RemoteDisconnected('Remote end closed connection without response'))
2025-08-23 09:26:14,314 - WARNING - ⚠️ 600377 宁沪高速 K线更新失败: ('Connection aborted.', RemoteDisconnected('Remote end closed connection without response'))
2025-08-23 09:26:14,935 - WARNING - ⚠️ 600378 昊华科技 K线更新失败: ('Connection aborted.', RemoteDisconnected('Remote end closed connection without response'))
2025-08-23 09:26:15,557 - WARNING - ⚠️ 600379 宝光股份 K线更新失败: ('Connection aborted.', RemoteDisconnected('Remote end closed connection without response'))
2025-08-23 09:26:16,179 - WARNING - ⚠️ 600380 健康元 K线更新失败: ('Connection aborted.', RemoteDisconnected('Remote end closed connection without response'))
2025-08-23 09:26:16,809 - WARNING - ⚠️ 600381 *ST春天 K线更新失败: ('Connection aborted.', RemoteDisconnected('Remote end closed connection without response'))
2025-08-23 09:26:17,434 - WARNING - ⚠️ 600382 广东明珠 K线更新失败: ('Connection aborted.', RemoteDisconnected('Remote end closed connection without response'))
2025-08-23 09:26:18,057 - WARNING - ⚠️ 600383 金地集团 K线更新失败: ('Connection aborted.', RemoteDisconnected('Remote end closed connection without response'))
2025-08-23 09:26:18,674 - WARNING - ⚠️ 600385 退市金泰 K线更新失败: ('Connection aborted.', RemoteDisconnected('Remote end closed connection without response'))
2025-08-23 09:26:19,303 - WARNING - ⚠️ 600386 北巴传媒 K线更新失败: ('Connection aborted.', RemoteDisconnected('Remote end closed connection without response'))
2025-08-23 09:26:19,924 - WARNING - ⚠️ 600387 退市海越 K线更新失败: ('Connection aborted.', RemoteDisconnected('Remote end closed connection without response'))
2025-08-23 09:26:20,562 - WARNING - ⚠️ 600388 龙净环保 K线更新失败: ('Connection aborted.', RemoteDisconnected('Remote end closed connection without response'))
2025-08-23 09:26:21,184 - WARNING - ⚠️ 600389 江山股份 K线更新失败: ('Connection aborted.', RemoteDisconnected('Remote end closed connection without response'))
2025-08-23 09:26:21,810 - WARNING - ⚠️ 600390 五矿资本 K线更新失败: ('Connection aborted.', RemoteDisconnected('Remote end closed connection without response'))
2025-08-23 09:26:22,424 - WARNING - ⚠️ 600391 航发科技 K线更新失败: ('Connection aborted.', RemoteDisconnected('Remote end closed connection without response'))
2025-08-23 09:26:23,054 - WARNING - ⚠️ 600392 盛和资源 K线更新失败: ('Connection aborted.', RemoteDisconnected('Remote end closed connection without response'))
2025-08-23 09:26:23,691 - WARNING - ⚠️ 600393 ST粤泰 K线更新失败: ('Connection aborted.', RemoteDisconnected('Remote end closed connection without response'))
2025-08-23 09:26:24,337 - WARNING - ⚠️ 600395 盘江股份 K线更新失败: ('Connection aborted.', RemoteDisconnected('Remote end closed connection without response'))
2025-08-23 09:26:24,956 - WARNING - ⚠️ 600396 华电辽能 K线更新失败: ('Connection aborted.', RemoteDisconnected('Remote end closed connection without response'))
2025-08-23 09:26:25,567 - WARNING - ⚠️ 600397 安源煤业 K线更新失败: ('Connection aborted.', RemoteDisconnected('Remote end closed connection without response'))
2025-08-23 09:26:26,183 - WARNING - ⚠️ 600398 海澜之家 K线更新失败: ('Connection aborted.', RemoteDisconnected('Remote end closed connection without response'))
2025-08-23 09:26:26,808 - WARNING - ⚠️ 600399 抚顺特钢 K线更新失败: ('Connection aborted.', RemoteDisconnected('Remote end closed connection without response'))
2025-08-23 09:26:27,440 - WARNING - ⚠️ 600400 红豆股份 K线更新失败: ('Connection aborted.', RemoteDisconnected('Remote end closed connection without response'))
2025-08-23 09:26:28,061 - WARNING - ⚠️ 600401 退市海润 K线更新失败: ('Connection aborted.', RemoteDisconnected('Remote end closed connection without response'))
2025-08-23 09:26:28,684 - WARNING - ⚠️ 600403 大有能源 K线更新失败: ('Connection aborted.', RemoteDisconnected('Remote end closed connection without response'))
2025-08-23 09:26:29,309 - WARNING - ⚠️ 600405 动力源 K线更新失败: ('Connection aborted.', RemoteDisconnected('Remote end closed connection without response'))
2025-08-23 09:26:29,955 - WARNING - ⚠️ 600406 国电南瑞 K线更新失败: ('Connection aborted.', RemoteDisconnected('Remote end closed connection without response'))
2025-08-23 09:26:30,573 - WARNING - ⚠️ 600408 安泰集团 K线更新失败: ('Connection aborted.', RemoteDisconnected('Remote end closed connection without response'))
2025-08-23 09:26:31,184 - WARNING - ⚠️ 600409 三友化工 K线更新失败: ('Connection aborted.', RemoteDisconnected('Remote end closed connection without response'))
2025-08-23 09:26:31,802 - WARNING - ⚠️ 600410 华胜天成 K线更新失败: ('Connection aborted.', RemoteDisconnected('Remote end closed connection without response'))
2025-08-23 09:26:32,428 - WARNING - ⚠️ 600415 小商品城 K线更新失败: ('Connection aborted.', RemoteDisconnected('Remote end closed connection without response'))
2025-08-23 09:26:33,051 - WARNING - ⚠️ 600416 湘电股份 K线更新失败: ('Connection aborted.', RemoteDisconnected('Remote end closed connection without response'))
2025-08-23 09:26:33,681 - WARNING - ⚠️ 600418 江淮汽车 K线更新失败: ('Connection aborted.', RemoteDisconnected('Remote end closed connection without response'))
2025-08-23 09:26:34,295 - WARNING - ⚠️ 600419 天润乳业 K线更新失败: ('Connection aborted.', RemoteDisconnected('Remote end closed connection without response'))
2025-08-23 09:26:34,919 - WARNING - ⚠️ 600420 国药现代 K线更新失败: ('Connection aborted.', RemoteDisconnected('Remote end closed connection without response'))
2025-08-23 09:26:35,546 - WARNING - ⚠️ 600421 *ST华嵘 K线更新失败: ('Connection aborted.', RemoteDisconnected('Remote end closed connection without response'))
2025-08-23 09:26:36,173 - WARNING - ⚠️ 600422 昆药集团 K线更新失败: ('Connection aborted.', RemoteDisconnected('Remote end closed connection without response'))
2025-08-23 09:26:36,808 - WARNING - ⚠️ 600423 柳化股份 K线更新失败: ('Connection aborted.', RemoteDisconnected('Remote end closed connection without response'))
2025-08-23 09:26:37,429 - WARNING - ⚠️ 600425 青松建化 K线更新失败: ('Connection aborted.', RemoteDisconnected('Remote end closed connection without response'))
2025-08-23 09:26:38,057 - WARNING - ⚠️ 600426 华鲁恒升 K线更新失败: ('Connection aborted.', RemoteDisconnected('Remote end closed connection without response'))
2025-08-23 09:26:38,682 - WARNING - ⚠️ 600428 中远海特 K线更新失败: ('Connection aborted.', RemoteDisconnected('Remote end closed connection without response'))
2025-08-23 09:26:39,310 - WARNING - ⚠️ 600429 三元股份 K线更新失败: ('Connection aborted.', RemoteDisconnected('Remote end closed connection without response'))
2025-08-23 09:26:39,914 - WARNING - ⚠️ 600432 退市吉恩 K线更新失败: ('Connection aborted.', RemoteDisconnected('Remote end closed connection without response'))
2025-08-23 09:26:40,538 - WARNING - ⚠️ 600433 冠豪高新 K线更新失败: ('Connection aborted.', RemoteDisconnected('Remote end closed connection without response'))
2025-08-23 09:26:41,153 - WARNING - ⚠️ 600435 北方导航 K线更新失败: ('Connection aborted.', RemoteDisconnected('Remote end closed connection without response'))
2025-08-23 09:26:41,781 - WARNING - ⚠️ 600436 片仔癀 K线更新失败: ('Connection aborted.', RemoteDisconnected('Remote end closed connection without response'))
2025-08-23 09:26:42,407 - WARNING - ⚠️ 600438 通威股份 K线更新失败: ('Connection aborted.', RemoteDisconnected('Remote end closed connection without response'))
2025-08-23 09:26:43,027 - WARNING - ⚠️ 600439 瑞贝卡 K线更新失败: ('Connection aborted.', RemoteDisconnected('Remote end closed connection without response'))
2025-08-23 09:26:43,656 - WARNING - ⚠️ 600444 国机通用 K线更新失败: ('Connection aborted.', RemoteDisconnected('Remote end closed connection without response'))
2025-08-23 09:26:44,288 - WARNING - ⚠️ 600446 金证股份 K线更新失败: ('Connection aborted.', RemoteDisconnected('Remote end closed connection without response'))
2025-08-23 09:26:44,918 - WARNING - ⚠️ 600448 华纺股份 K线更新失败: ('Connection aborted.', RemoteDisconnected('Remote end closed connection without response'))
2025-08-23 09:26:45,536 - WARNING - ⚠️ 600449 宁夏建材 K线更新失败: ('Connection aborted.', RemoteDisconnected('Remote end closed connection without response'))
2025-08-23 09:26:46,158 - WARNING - ⚠️ 600452 涪陵电力 K线更新失败: ('Connection aborted.', RemoteDisconnected('Remote end closed connection without response'))
2025-08-23 09:26:46,786 - WARNING - ⚠️ 600455 博通股份 K线更新失败: ('Connection aborted.', RemoteDisconnected('Remote end closed connection without response'))
2025-08-23 09:26:47,413 - WARNING - ⚠️ 600456 宝钛股份 K线更新失败: ('Connection aborted.', RemoteDisconnected('Remote end closed connection without response'))
2025-08-23 09:26:48,039 - WARNING - ⚠️ 600458 时代新材 K线更新失败: ('Connection aborted.', RemoteDisconnected('Remote end closed connection without response'))
2025-08-23 09:26:48,660 - WARNING - ⚠️ 600459 贵研铂业 K线更新失败: ('Connection aborted.', RemoteDisconnected('Remote end closed connection without response'))
2025-08-23 09:26:49,279 - WARNING - ⚠️ 600460 士兰微 K线更新失败: ('Connection aborted.', RemoteDisconnected('Remote end closed connection without response'))
2025-08-23 09:26:49,912 - WARNING - ⚠️ 600461 洪城环境 K线更新失败: ('Connection aborted.', RemoteDisconnected('Remote end closed connection without response'))
2025-08-23 09:26:50,534 - WARNING - ⚠️ 600462 退市九有 K线更新失败: ('Connection aborted.', RemoteDisconnected('Remote end closed connection without response'))
2025-08-23 09:26:51,156 - WARNING - ⚠️ 600463 空港股份 K线更新失败: ('Connection aborted.', RemoteDisconnected('Remote end closed connection without response'))
2025-08-23 09:26:51,785 - WARNING - ⚠️ 600466 *ST蓝光 K线更新失败: ('Connection aborted.', RemoteDisconnected('Remote end closed connection without response'))
2025-08-23 09:26:52,406 - WARNING - ⚠️ 600467 好当家 K线更新失败: ('Connection aborted.', RemoteDisconnected('Remote end closed connection without response'))
2025-08-23 09:26:53,031 - WARNING - ⚠️ 600468 百利电气 K线更新失败: ('Connection aborted.', RemoteDisconnected('Remote end closed connection without response'))
2025-08-23 09:26:53,660 - WARNING - ⚠️ 600469 风神股份 K线更新失败: ('Connection aborted.', RemoteDisconnected('Remote end closed connection without response'))
2025-08-23 09:26:54,290 - WARNING - ⚠️ 600470 六国化工 K线更新失败: ('Connection aborted.', RemoteDisconnected('Remote end closed connection without response'))
2025-08-23 09:26:54,903 - WARNING - ⚠️ 600472 包头铝业 K线更新失败: ('Connection aborted.', RemoteDisconnected('Remote end closed connection without response'))
2025-08-23 09:26:55,526 - WARNING - ⚠️ 600475 华光环能 K线更新失败: ('Connection aborted.', RemoteDisconnected('Remote end closed connection without response'))
2025-08-23 09:26:56,139 - WARNING - ⚠️ 600476 湘邮科技 K线更新失败: ('Connection aborted.', RemoteDisconnected('Remote end closed connection without response'))
2025-08-23 09:26:56,758 - WARNING - ⚠️ 600477 杭萧钢构 K线更新失败: ('Connection aborted.', RemoteDisconnected('Remote end closed connection without response'))
2025-08-23 09:26:57,390 - WARNING - ⚠️ 600478 科力远 K线更新失败: ('Connection aborted.', RemoteDisconnected('Remote end closed connection without response'))
2025-08-23 09:26:58,002 - WARNING - ⚠️ 600479 千金药业 K线更新失败: ('Connection aborted.', RemoteDisconnected('Remote end closed connection without response'))
2025-08-23 09:26:58,621 - WARNING - ⚠️ 600480 凌云股份 K线更新失败: ('Connection aborted.', RemoteDisconnected('Remote end closed connection without response'))
2025-08-23 09:26:59,247 - WARNING - ⚠️ 600481 双良节能 K线更新失败: ('Connection aborted.', RemoteDisconnected('Remote end closed connection without response'))
2025-08-23 09:26:59,864 - WARNING - ⚠️ 600482 中国动力 K线更新失败: ('Connection aborted.', RemoteDisconnected('Remote end closed connection without response'))
2025-08-23 09:27:00,482 - WARNING - ⚠️ 600483 福能股份 K线更新失败: ('Connection aborted.', RemoteDisconnected('Remote end closed connection without response'))
2025-08-23 09:27:01,116 - WARNING - ⚠️ 600485 *ST信威 K线更新失败: ('Connection aborted.', RemoteDisconnected('Remote end closed connection without response'))
2025-08-23 09:27:01,739 - WARNING - ⚠️ 600486 扬农化工 K线更新失败: ('Connection aborted.', RemoteDisconnected('Remote end closed connection without response'))
2025-08-23 09:27:02,355 - WARNING - ⚠️ 600487 亨通光电 K线更新失败: ('Connection aborted.', RemoteDisconnected('Remote end closed connection without response'))
2025-08-23 09:27:03,015 - WARNING - ⚠️ 600488 津药药业 K线更新失败: ('Connection aborted.', RemoteDisconnected('Remote end closed connection without response'))
2025-08-23 09:27:03,634 - WARNING - ⚠️ 600489 中金黄金 K线更新失败: ('Connection aborted.', RemoteDisconnected('Remote end closed connection without response'))
2025-08-23 09:27:04,263 - WARNING - ⚠️ 600490 鹏欣资源 K线更新失败: ('Connection aborted.', RemoteDisconnected('Remote end closed connection without response'))
2025-08-23 09:27:04,893 - WARNING - ⚠️ 600491 龙元建设 K线更新失败: ('Connection aborted.', RemoteDisconnected('Remote end closed connection without response'))
2025-08-23 09:27:05,510 - WARNING - ⚠️ 600493 凤竹纺织 K线更新失败: ('Connection aborted.', RemoteDisconnected('Remote end closed connection without response'))
2025-08-23 09:27:06,129 - WARNING - ⚠️ 600495 晋西车轴 K线更新失败: ('Connection aborted.', RemoteDisconnected('Remote end closed connection without response'))
2025-08-23 09:27:06,740 - WARNING - ⚠️ 600496 精工钢构 K线更新失败: ('Connection aborted.', RemoteDisconnected('Remote end closed connection without response'))
2025-08-23 09:27:07,337 - WARNING - ⚠️ 600497 驰宏锌锗 K线更新失败: ('Connection aborted.', RemoteDisconnected('Remote end closed connection without response'))
2025-08-23 09:27:07,949 - WARNING - ⚠️ 600498 烽火通信 K线更新失败: ('Connection aborted.', RemoteDisconnected('Remote end closed connection without response'))
2025-08-23 09:27:08,584 - WARNING - ⚠️ 600499 科达制造 K线更新失败: ('Connection aborted.', RemoteDisconnected('Remote end closed connection without response'))
2025-08-23 09:27:09,201 - WARNING - ⚠️ 600500 中化国际 K线更新失败: ('Connection aborted.', RemoteDisconnected('Remote end closed connection without response'))
2025-08-23 09:27:09,830 - WARNING - ⚠️ 600501 航天晨光 K线更新失败: ('Connection aborted.', RemoteDisconnected('Remote end closed connection without response'))
2025-08-23 09:27:10,458 - WARNING - ⚠️ 600502 安徽建工 K线更新失败: ('Connection aborted.', RemoteDisconnected('Remote end closed connection without response'))
2025-08-23 09:27:11,068 - WARNING - ⚠️ 600503 华丽家族 K线更新失败: ('Connection aborted.', RemoteDisconnected('Remote end closed connection without response'))
2025-08-23 09:27:11,683 - WARNING - ⚠️ 600505 西昌电力 K线更新失败: ('Connection aborted.', RemoteDisconnected('Remote end closed connection without response'))
2025-08-23 09:27:12,371 - WARNING - ⚠️ 600506 统一股份 K线更新失败: ('Connection aborted.', RemoteDisconnected('Remote end closed connection without response'))
2025-08-23 09:27:12,994 - WARNING - ⚠️ 600507 方大特钢 K线更新失败: ('Connection aborted.', RemoteDisconnected('Remote end closed connection without response'))
2025-08-23 09:27:13,609 - WARNING - ⚠️ 600508 上海能源 K线更新失败: ('Connection aborted.', RemoteDisconnected('Remote end closed connection without response'))
2025-08-23 09:27:14,221 - WARNING - ⚠️ 600509 天富能源 K线更新失败: ('Connection aborted.', RemoteDisconnected('Remote end closed connection without response'))
2025-08-23 09:27:14,832 - WARNING - ⚠️ 600510 黑牡丹 K线更新失败: ('Connection aborted.', RemoteDisconnected('Remote end closed connection without response'))
2025-08-23 09:27:15,455 - WARNING - ⚠️ 600511 国药股份 K线更新失败: ('Connection aborted.', RemoteDisconnected('Remote end closed connection without response'))
2025-08-23 09:27:16,071 - WARNING - ⚠️ 600512 腾达建设 K线更新失败: ('Connection aborted.', RemoteDisconnected('Remote end closed connection without response'))
2025-08-23 09:27:16,708 - WARNING - ⚠️ 600513 联环药业 K线更新失败: ('Connection aborted.', RemoteDisconnected('Remote end closed connection without response'))
2025-08-23 09:27:17,325 - WARNING - ⚠️ 600515 海南机场 K线更新失败: ('Connection aborted.', RemoteDisconnected('Remote end closed connection without response'))
2025-08-23 09:27:17,943 - WARNING - ⚠️ 600516 方大炭素 K线更新失败: ('Connection aborted.', RemoteDisconnected('Remote end closed connection without response'))
2025-08-23 09:27:18,562 - WARNING - ⚠️ 600517 国网英大 K线更新失败: ('Connection aborted.', RemoteDisconnected('Remote end closed connection without response'))
2025-08-23 09:27:19,181 - WARNING - ⚠️ 600518 康美药业 K线更新失败: ('Connection aborted.', RemoteDisconnected('Remote end closed connection without response'))
2025-08-23 09:27:19,810 - WARNING - ⚠️ 600519 贵州茅台 K线更新失败: ('Connection aborted.', RemoteDisconnected('Remote end closed connection without response'))
2025-08-23 09:27:20,445 - WARNING - ⚠️ 600520 三佳科技 K线更新失败: ('Connection aborted.', RemoteDisconnected('Remote end closed connection without response'))
2025-08-23 09:27:21,066 - WARNING - ⚠️ 600521 华海药业 K线更新失败: ('Connection aborted.', RemoteDisconnected('Remote end closed connection without response'))
2025-08-23 09:27:21,688 - WARNING - ⚠️ 600522 中天科技 K线更新失败: ('Connection aborted.', RemoteDisconnected('Remote end closed connection without response'))
2025-08-23 09:27:22,305 - WARNING - ⚠️ 600523 贵航股份 K线更新失败: ('Connection aborted.', RemoteDisconnected('Remote end closed connection without response'))
2025-08-23 09:27:22,929 - WARNING - ⚠️ 600525 ST长园 K线更新失败: ('Connection aborted.', RemoteDisconnected('Remote end closed connection without response'))
2025-08-23 09:27:23,558 - WARNING - ⚠️ 600526 菲达环保 K线更新失败: ('Connection aborted.', RemoteDisconnected('Remote end closed connection without response'))
2025-08-23 09:27:24,181 - WARNING - ⚠️ 600527 江南高纤 K线更新失败: ('Connection aborted.', RemoteDisconnected('Remote end closed connection without response'))
2025-08-23 09:27:24,816 - WARNING - ⚠️ 600528 中铁工业 K线更新失败: ('Connection aborted.', RemoteDisconnected('Remote end closed connection without response'))
2025-08-23 09:27:25,430 - WARNING - ⚠️ 600529 山东药玻 K线更新失败: ('Connection aborted.', RemoteDisconnected('Remote end closed connection without response'))
2025-08-23 09:27:26,090 - WARNING - ⚠️ 600530 交大昂立 K线更新失败: ('Connection aborted.', RemoteDisconnected('Remote end closed connection without response'))
2025-08-23 09:27:26,718 - WARNING - ⚠️ 600531 豫光金铅 K线更新失败: ('Connection aborted.', RemoteDisconnected('Remote end closed connection without response'))
2025-08-23 09:27:27,349 - WARNING - ⚠️ 600532 退市未来 K线更新失败: ('Connection aborted.', RemoteDisconnected('Remote end closed connection without response'))
2025-08-23 09:27:27,970 - WARNING - ⚠️ 600533 栖霞建设 K线更新失败: ('Connection aborted.', RemoteDisconnected('Remote end closed connection without response'))
2025-08-23 09:27:28,578 - WARNING - ⚠️ 600535 天士力 K线更新失败: ('Connection aborted.', RemoteDisconnected('Remote end closed connection without response'))
2025-08-23 09:27:29,203 - WARNING - ⚠️ 600536 中国软件 K线更新失败: ('Connection aborted.', RemoteDisconnected('Remote end closed connection without response'))
2025-08-23 09:27:29,827 - WARNING - ⚠️ 600537 亿晶光电 K线更新失败: ('Connection aborted.', RemoteDisconnected('Remote end closed connection without response'))
2025-08-23 09:27:30,442 - WARNING - ⚠️ 600538 国发股份 K线更新失败: ('Connection aborted.', RemoteDisconnected('Remote end closed connection without response'))
2025-08-23 09:27:31,063 - WARNING - ⚠️ 600539 狮头股份 K线更新失败: ('Connection aborted.', RemoteDisconnected('Remote end closed connection without response'))
2025-08-23 09:27:31,689 - WARNING - ⚠️ 600540 新赛股份 K线更新失败: ('Connection aborted.', RemoteDisconnected('Remote end closed connection without response'))
2025-08-23 09:27:32,307 - WARNING - ⚠️ 600543 莫高股份 K线更新失败: ('Connection aborted.', RemoteDisconnected('Remote end closed connection without response'))
2025-08-23 09:27:32,927 - WARNING - ⚠️ 600545 卓郎智能 K线更新失败: ('Connection aborted.', RemoteDisconnected('Remote end closed connection without response'))
2025-08-23 09:27:33,545 - WARNING - ⚠️ 600546 山煤国际 K线更新失败: ('Connection aborted.', RemoteDisconnected('Remote end closed connection without response'))
2025-08-23 09:27:34,167 - WARNING - ⚠️ 600547 山东黄金 K线更新失败: ('Connection aborted.', RemoteDisconnected('Remote end closed connection without response'))
2025-08-23 09:27:34,788 - WARNING - ⚠️ 600548 深高速 K线更新失败: ('Connection aborted.', RemoteDisconnected('Remote end closed connection without response'))
2025-08-23 09:27:35,409 - WARNING - ⚠️ 600549 厦门钨业 K线更新失败: ('Connection aborted.', RemoteDisconnected('Remote end closed connection without response'))
2025-08-23 09:27:36,028 - WARNING - ⚠️ 600550 保变电气 K线更新失败: ('Connection aborted.', RemoteDisconnected('Remote end closed connection without response'))
2025-08-23 09:27:36,643 - WARNING - ⚠️ 600551 时代出版 K线更新失败: ('Connection aborted.', RemoteDisconnected('Remote end closed connection without response'))
2025-08-23 09:27:37,273 - WARNING - ⚠️ 600552 凯盛科技 K线更新失败: ('Connection aborted.', RemoteDisconnected('Remote end closed connection without response'))
2025-08-23 09:27:37,889 - WARNING - ⚠️ 600553 太行水泥 K线更新失败: ('Connection aborted.', RemoteDisconnected('Remote end closed connection without response'))
2025-08-23 09:27:38,507 - WARNING - ⚠️ 600555 退市海创 K线更新失败: ('Connection aborted.', RemoteDisconnected('Remote end closed connection without response'))
2025-08-23 09:27:39,129 - WARNING - ⚠️ 600556 天下秀 K线更新失败: ('Connection aborted.', RemoteDisconnected('Remote end closed connection without response'))
2025-08-23 09:27:39,748 - WARNING - ⚠️ 600557 康缘药业 K线更新失败: ('Connection aborted.', RemoteDisconnected('Remote end closed connection without response'))
2025-08-23 09:27:40,379 - WARNING - ⚠️ 600558 大西洋 K线更新失败: ('Connection aborted.', RemoteDisconnected('Remote end closed connection without response'))
2025-08-23 09:27:41,005 - WARNING - ⚠️ 600559 老白干酒 K线更新失败: ('Connection aborted.', RemoteDisconnected('Remote end closed connection without response'))
2025-08-23 09:27:41,631 - WARNING - ⚠️ 600560 金自天正 K线更新失败: ('Connection aborted.', RemoteDisconnected('Remote end closed connection without response'))
2025-08-23 09:27:42,241 - WARNING - ⚠️ 600561 江西长运 K线更新失败: ('Connection aborted.', RemoteDisconnected('Remote end closed connection without response'))
2025-08-23 09:27:42,882 - WARNING - ⚠️ 600562 国睿科技 K线更新失败: ('Connection aborted.', RemoteDisconnected('Remote end closed connection without response'))
2025-08-23 09:27:43,498 - WARNING - ⚠️ 600563 法拉电子 K线更新失败: ('Connection aborted.', RemoteDisconnected('Remote end closed connection without response'))
2025-08-23 09:27:44,123 - WARNING - ⚠️ 600565 ST迪马 K线更新失败: ('Connection aborted.', RemoteDisconnected('Remote end closed connection without response'))
2025-08-23 09:27:44,734 - WARNING - ⚠️ 600566 济川药业 K线更新失败: ('Connection aborted.', RemoteDisconnected('Remote end closed connection without response'))
2025-08-23 09:27:45,346 - WARNING - ⚠️ 600567 山鹰国际 K线更新失败: ('Connection aborted.', RemoteDisconnected('Remote end closed connection without response'))
2025-08-23 09:27:45,956 - WARNING - ⚠️ 600568 ST中珠 K线更新失败: ('Connection aborted.', RemoteDisconnected('Remote end closed connection without response'))
2025-08-23 09:27:46,568 - WARNING - ⚠️ 600569 安阳钢铁 K线更新失败: ('Connection aborted.', RemoteDisconnected('Remote end closed connection without response'))
2025-08-23 09:27:47,181 - WARNING - ⚠️ 600570 恒生电子 K线更新失败: ('Connection aborted.', RemoteDisconnected('Remote end closed connection without response'))
2025-08-23 09:27:47,791 - WARNING - ⚠️ 600571 信雅达 K线更新失败: ('Connection aborted.', RemoteDisconnected('Remote end closed connection without response'))
2025-08-23 09:27:48,418 - WARNING - ⚠️ 600572 康恩贝 K线更新失败: ('Connection aborted.', RemoteDisconnected('Remote end closed connection without response'))
2025-08-23 09:27:49,046 - WARNING - ⚠️ 600573 惠泉啤酒 K线更新失败: ('Connection aborted.', RemoteDisconnected('Remote end closed connection without response'))
2025-08-23 09:27:49,672 - WARNING - ⚠️ 600575 淮河能源 K线更新失败: ('Connection aborted.', RemoteDisconnected('Remote end closed connection without response'))
2025-08-23 09:27:50,285 - WARNING - ⚠️ 600576 祥源文旅 K线更新失败: ('Connection aborted.', RemoteDisconnected('Remote end closed connection without response'))
2025-08-23 09:27:50,897 - WARNING - ⚠️ 600577 精达股份 K线更新失败: ('Connection aborted.', RemoteDisconnected('Remote end closed connection without response'))
2025-08-23 09:27:51,523 - WARNING - ⚠️ 600578 京能电力 K线更新失败: ('Connection aborted.', RemoteDisconnected('Remote end closed connection without response'))
2025-08-23 09:27:52,134 - WARNING - ⚠️ 600579 中化装备 K线更新失败: ('Connection aborted.', RemoteDisconnected('Remote end closed connection without response'))
2025-08-23 09:27:52,746 - WARNING - ⚠️ 600580 卧龙电驱 K线更新失败: ('Connection aborted.', RemoteDisconnected('Remote end closed connection without response'))
2025-08-23 09:27:53,358 - WARNING - ⚠️ 600581 八一钢铁 K线更新失败: ('Connection aborted.', RemoteDisconnected('Remote end closed connection without response'))
2025-08-23 09:27:53,971 - WARNING - ⚠️ 600582 天地科技 K线更新失败: ('Connection aborted.', RemoteDisconnected('Remote end closed connection without response'))
2025-08-23 09:27:54,581 - WARNING - ⚠️ 600583 海油工程 K线更新失败: ('Connection aborted.', RemoteDisconnected('Remote end closed connection without response'))
2025-08-23 09:27:55,194 - WARNING - ⚠️ 600584 长电科技 K线更新失败: ('Connection aborted.', RemoteDisconnected('Remote end closed connection without response'))
2025-08-23 09:27:55,807 - WARNING - ⚠️ 600585 海螺水泥 K线更新失败: ('Connection aborted.', RemoteDisconnected('Remote end closed connection without response'))
2025-08-23 09:27:56,478 - WARNING - ⚠️ 600586 金晶科技 K线更新失败: ('Connection aborted.', RemoteDisconnected('Remote end closed connection without response'))
2025-08-23 09:27:57,091 - WARNING - ⚠️ 600587 新华医疗 K线更新失败: ('Connection aborted.', RemoteDisconnected('Remote end closed connection without response'))
2025-08-23 09:27:57,701 - WARNING - ⚠️ 600588 用友网络 K线更新失败: ('Connection aborted.', RemoteDisconnected('Remote end closed connection without response'))
2025-08-23 09:27:58,329 - WARNING - ⚠️ 600589 大位科技 K线更新失败: ('Connection aborted.', RemoteDisconnected('Remote end closed connection without response'))
2025-08-23 09:27:58,941 - WARNING - ⚠️ 600590 泰豪科技 K线更新失败: ('Connection aborted.', RemoteDisconnected('Remote end closed connection without response'))
2025-08-23 09:27:59,551 - WARNING - ⚠️ 600591 *ST上航 K线更新失败: ('Connection aborted.', RemoteDisconnected('Remote end closed connection without response'))
2025-08-23 09:28:00,166 - WARNING - ⚠️ 600592 龙溪股份 K线更新失败: ('Connection aborted.', RemoteDisconnected('Remote end closed connection without response'))
2025-08-23 09:28:00,791 - WARNING - ⚠️ 600593 大连圣亚 K线更新失败: ('Connection aborted.', RemoteDisconnected('Remote end closed connection without response'))
2025-08-23 09:28:01,402 - WARNING - ⚠️ 600594 益佰制药 K线更新失败: ('Connection aborted.', RemoteDisconnected('Remote end closed connection without response'))
2025-08-23 09:28:02,013 - WARNING - ⚠️ 600595 中孚实业 K线更新失败: ('Connection aborted.', RemoteDisconnected('Remote end closed connection without response'))
2025-08-23 09:28:02,625 - WARNING - ⚠️ 600596 新安股份 K线更新失败: ('Connection aborted.', RemoteDisconnected('Remote end closed connection without response'))
2025-08-23 09:28:03,243 - WARNING - ⚠️ 600597 光明乳业 K线更新失败: ('Connection aborted.', RemoteDisconnected('Remote end closed connection without response'))
2025-08-23 09:28:03,865 - WARNING - ⚠️ 600598 北大荒 K线更新失败: ('Connection aborted.', RemoteDisconnected('Remote end closed connection without response'))
2025-08-23 09:28:04,490 - WARNING - ⚠️ 600599 *ST熊猫 K线更新失败: ('Connection aborted.', RemoteDisconnected('Remote end closed connection without response'))
2025-08-23 09:28:05,103 - WARNING - ⚠️ 600600 青岛啤酒 K线更新失败: ('Connection aborted.', RemoteDisconnected('Remote end closed connection without response'))
2025-08-23 09:28:05,714 - WARNING - ⚠️ 600601 方正科技 K线更新失败: ('Connection aborted.', RemoteDisconnected('Remote end closed connection without response'))
2025-08-23 09:28:06,326 - WARNING - ⚠️ 600602 云赛智联 K线更新失败: ('Connection aborted.', RemoteDisconnected('Remote end closed connection without response'))
2025-08-23 09:28:06,938 - WARNING - ⚠️ 600603 ST广物 K线更新失败: ('Connection aborted.', RemoteDisconnected('Remote end closed connection without response'))
2025-08-23 09:28:07,563 - WARNING - ⚠️ 600604 市北高新 K线更新失败: ('Connection aborted.', RemoteDisconnected('Remote end closed connection without response'))
2025-08-23 09:28:08,179 - WARNING - ⚠️ 600605 汇通能源 K线更新失败: ('Connection aborted.', RemoteDisconnected('Remote end closed connection without response'))
2025-08-23 09:28:08,790 - WARNING - ⚠️ 600606 绿地控股 K线更新失败: ('Connection aborted.', RemoteDisconnected('Remote end closed connection without response'))
2025-08-23 09:28:09,403 - WARNING - ⚠️ 600607 上实医药 K线更新失败: ('Connection aborted.', RemoteDisconnected('Remote end closed connection without response'))
2025-08-23 09:28:10,015 - WARNING - ⚠️ 600608 *ST沪科 K线更新失败: ('Connection aborted.', RemoteDisconnected('Remote end closed connection without response'))
2025-08-23 09:28:10,611 - WARNING - ⚠️ 600609 金杯汽车 K线更新失败: ('Connection aborted.', RemoteDisconnected('Remote end closed connection without response'))
2025-08-23 09:28:11,223 - WARNING - ⚠️ 600610 中毅达 K线更新失败: ('Connection aborted.', RemoteDisconnected('Remote end closed connection without response'))
2025-08-23 09:28:11,836 - WARNING - ⚠️ 600611 大众交通 K线更新失败: ('Connection aborted.', RemoteDisconnected('Remote end closed connection without response'))
2025-08-23 09:28:12,448 - WARNING - ⚠️ 600612 老凤祥 K线更新失败: ('Connection aborted.', RemoteDisconnected('Remote end closed connection without response'))
2025-08-23 09:28:13,060 - WARNING - ⚠️ 600613 神奇制药 K线更新失败: ('Connection aborted.', RemoteDisconnected('Remote end closed connection without response'))
2025-08-23 09:28:13,657 - WARNING - ⚠️ 600614 退市鹏起 K线更新失败: ('Connection aborted.', RemoteDisconnected('Remote end closed connection without response'))
2025-08-23 09:28:14,287 - WARNING - ⚠️ 600615 丰华股份 K线更新失败: ('Connection aborted.', RemoteDisconnected('Remote end closed connection without response'))
2025-08-23 09:28:14,911 - WARNING - ⚠️ 600616 金枫酒业 K线更新失败: ('Connection aborted.', RemoteDisconnected('Remote end closed connection without response'))
2025-08-23 09:28:15,528 - WARNING - ⚠️ 600617 国新能源 K线更新失败: ('Connection aborted.', RemoteDisconnected('Remote end closed connection without response'))
2025-08-23 09:28:16,148 - WARNING - ⚠️ 600618 氯碱化工 K线更新失败: ('Connection aborted.', RemoteDisconnected('Remote end closed connection without response'))
2025-08-23 09:28:16,760 - WARNING - ⚠️ 600619 海立股份 K线更新失败: ('Connection aborted.', RemoteDisconnected('Remote end closed connection without response'))
2025-08-23 09:28:17,374 - WARNING - ⚠️ 600620 天宸股份 K线更新失败: ('Connection aborted.', RemoteDisconnected('Remote end closed connection without response'))
2025-08-23 09:28:18,002 - WARNING - ⚠️ 600621 华鑫股份 K线更新失败: ('Connection aborted.', RemoteDisconnected('Remote end closed connection without response'))
2025-08-23 09:28:18,630 - WARNING - ⚠️ 600622 光大嘉宝 K线更新失败: ('Connection aborted.', RemoteDisconnected('Remote end closed connection without response'))
2025-08-23 09:28:19,255 - WARNING - ⚠️ 600623 华谊集团 K线更新失败: ('Connection aborted.', RemoteDisconnected('Remote end closed connection without response'))
2025-08-23 09:28:19,872 - WARNING - ⚠️ 600624 复旦复华 K线更新失败: ('Connection aborted.', RemoteDisconnected('Remote end closed connection without response'))
2025-08-23 09:28:20,492 - WARNING - ⚠️ 600625 PT水仙 K线更新失败: ('Connection aborted.', RemoteDisconnected('Remote end closed connection without response'))
2025-08-23 09:28:21,116 - WARNING - ⚠️ 600626 申达股份 K线更新失败: ('Connection aborted.', RemoteDisconnected('Remote end closed connection without response'))
2025-08-23 09:28:21,747 - WARNING - ⚠️ 600627 上电股份 K线更新失败: ('Connection aborted.', RemoteDisconnected('Remote end closed connection without response'))
2025-08-23 09:28:22,357 - WARNING - ⚠️ 600628 新世界 K线更新失败: ('Connection aborted.', RemoteDisconnected('Remote end closed connection without response'))
2025-08-23 09:28:22,969 - WARNING - ⚠️ 600629 华建集团 K线更新失败: ('Connection aborted.', RemoteDisconnected('Remote end closed connection without response'))
2025-08-23 09:28:23,580 - WARNING - ⚠️ 600630 龙头股份 K线更新失败: ('Connection aborted.', RemoteDisconnected('Remote end closed connection without response'))
2025-08-23 09:28:24,192 - WARNING - ⚠️ 600631 百联股份 K线更新失败: ('Connection aborted.', RemoteDisconnected('Remote end closed connection without response'))
2025-08-23 09:28:24,807 - WARNING - ⚠️ 600632 华联商厦 K线更新失败: ('Connection aborted.', RemoteDisconnected('Remote end closed connection without response'))
2025-08-23 09:28:25,416 - WARNING - ⚠️ 600633 浙数文化 K线更新失败: ('Connection aborted.', RemoteDisconnected('Remote end closed connection without response'))
2025-08-23 09:28:26,041 - WARNING - ⚠️ 600634 退市富控 K线更新失败: ('Connection aborted.', RemoteDisconnected('Remote end closed connection without response'))
2025-08-23 09:28:26,653 - WARNING - ⚠️ 600635 大众公用 K线更新失败: ('Connection aborted.', RemoteDisconnected('Remote end closed connection without response'))
2025-08-23 09:28:27,281 - WARNING - ⚠️ 600636 *ST国化 K线更新失败: ('Connection aborted.', RemoteDisconnected('Remote end closed connection without response'))
2025-08-23 09:28:27,897 - WARNING - ⚠️ 600637 东方明珠 K线更新失败: ('Connection aborted.', RemoteDisconnected('Remote end closed connection without response'))
2025-08-23 09:28:28,519 - WARNING - ⚠️ 600638 新黄浦 K线更新失败: ('Connection aborted.', RemoteDisconnected('Remote end closed connection without response'))
2025-08-23 09:28:29,131 - WARNING - ⚠️ 600639 浦东金桥 K线更新失败: ('Connection aborted.', RemoteDisconnected('Remote end closed connection without response'))
2025-08-23 09:28:29,743 - WARNING - ⚠️ 600640 国脉文化 K线更新失败: ('Connection aborted.', RemoteDisconnected('Remote end closed connection without response'))
2025-08-23 09:28:30,356 - WARNING - ⚠️ 600641 万业企业 K线更新失败: ('Connection aborted.', RemoteDisconnected('Remote end closed connection without response'))
2025-08-23 09:28:30,968 - WARNING - ⚠️ 600642 申能股份 K线更新失败: ('Connection aborted.', RemoteDisconnected('Remote end closed connection without response'))
2025-08-23 09:28:31,579 - WARNING - ⚠️ 600643 爱建集团 K线更新失败: ('Connection aborted.', RemoteDisconnected('Remote end closed connection without response'))
2025-08-23 09:28:32,191 - WARNING - ⚠️ 600644 乐山电力 K线更新失败: ('Connection aborted.', RemoteDisconnected('Remote end closed connection without response'))
2025-08-23 09:28:32,810 - WARNING - ⚠️ 600645 中源协和 K线更新失败: ('Connection aborted.', RemoteDisconnected('Remote end closed connection without response'))
2025-08-23 09:28:33,446 - WARNING - ⚠️ 600646 ST国嘉 K线更新失败: ('Connection aborted.', RemoteDisconnected('Remote end closed connection without response'))
2025-08-23 09:28:34,070 - WARNING - ⚠️ 600647 退市同达 K线更新失败: ('Connection aborted.', RemoteDisconnected('Remote end closed connection without response'))
2025-08-23 09:28:34,683 - WARNING - ⚠️ 600648 外高桥 K线更新失败: ('Connection aborted.', RemoteDisconnected('Remote end closed connection without response'))
2025-08-23 09:28:35,307 - WARNING - ⚠️ 600649 城投控股 K线更新失败: ('Connection aborted.', RemoteDisconnected('Remote end closed connection without response'))
2025-08-23 09:28:35,918 - WARNING - ⚠️ 600650 锦江在线 K线更新失败: ('Connection aborted.', RemoteDisconnected('Remote end closed connection without response'))
2025-08-23 09:28:36,537 - WARNING - ⚠️ 600651 飞乐音响 K线更新失败: ('Connection aborted.', RemoteDisconnected('Remote end closed connection without response'))
2025-08-23 09:28:37,154 - WARNING - ⚠️ 600652 退市游久 K线更新失败: ('Connection aborted.', RemoteDisconnected('Remote end closed connection without response'))
2025-08-23 09:28:37,780 - WARNING - ⚠️ 600653 申华控股 K线更新失败: ('Connection aborted.', RemoteDisconnected('Remote end closed connection without response'))
2025-08-23 09:28:38,421 - WARNING - ⚠️ 600654 中安科 K线更新失败: ('Connection aborted.', RemoteDisconnected('Remote end closed connection without response'))
2025-08-23 09:28:39,041 - WARNING - ⚠️ 600655 豫园股份 K线更新失败: ('Connection aborted.', RemoteDisconnected('Remote end closed connection without response'))
2025-08-23 09:28:39,657 - WARNING - ⚠️ 600656 退市博元 K线更新失败: ('Connection aborted.', RemoteDisconnected('Remote end closed connection without response'))
2025-08-23 09:28:40,290 - WARNING - ⚠️ 600657 信达地产 K线更新失败: ('Connection aborted.', RemoteDisconnected('Remote end closed connection without response'))
2025-08-23 09:28:40,911 - WARNING - ⚠️ 600658 电子城 K线更新失败: ('Connection aborted.', RemoteDisconnected('Remote end closed connection without response'))
2025-08-23 09:28:41,530 - WARNING - ⚠️ 600659 *ST花雕 K线更新失败: ('Connection aborted.', RemoteDisconnected('Remote end closed connection without response'))
2025-08-23 09:28:42,158 - WARNING - ⚠️ 600660 福耀玻璃 K线更新失败: ('Connection aborted.', RemoteDisconnected('Remote end closed connection without response'))
2025-08-23 09:28:42,774 - WARNING - ⚠️ 600661 昂立教育 K线更新失败: ('Connection aborted.', RemoteDisconnected('Remote end closed connection without response'))
2025-08-23 09:28:43,406 - WARNING - ⚠️ 600662 外服控股 K线更新失败: ('Connection aborted.', RemoteDisconnected('Remote end closed connection without response'))
2025-08-23 09:28:44,039 - WARNING - ⚠️ 600663 陆家嘴 K线更新失败: ('Connection aborted.', RemoteDisconnected('Remote end closed connection without response'))
2025-08-23 09:28:44,670 - WARNING - ⚠️ 600664 哈药股份 K线更新失败: ('Connection aborted.', RemoteDisconnected('Remote end closed connection without response'))
2025-08-23 09:28:45,293 - WARNING - ⚠️ 600665 天地源 K线更新失败: ('Connection aborted.', RemoteDisconnected('Remote end closed connection without response'))
2025-08-23 09:28:45,926 - WARNING - ⚠️ 600666 奥瑞德 K线更新失败: ('Connection aborted.', RemoteDisconnected('Remote end closed connection without response'))
2025-08-23 09:28:46,544 - WARNING - ⚠️ 600667 太极实业 K线更新失败: ('Connection aborted.', RemoteDisconnected('Remote end closed connection without response'))
2025-08-23 09:28:47,170 - WARNING - ⚠️ 600668 尖峰集团 K线更新失败: ('Connection aborted.', RemoteDisconnected('Remote end closed connection without response'))
2025-08-23 09:28:47,779 - WARNING - ⚠️ 600669 *ST鞍成 K线更新失败: ('Connection aborted.', RemoteDisconnected('Remote end closed connection without response'))
2025-08-23 09:28:48,417 - WARNING - ⚠️ 600670 *ST斯达 K线更新失败: ('Connection aborted.', RemoteDisconnected('Remote end closed connection without response'))
2025-08-23 09:28:49,039 - WARNING - ⚠️ 600671 天目药业 K线更新失败: ('Connection aborted.', RemoteDisconnected('Remote end closed connection without response'))
2025-08-23 09:28:49,670 - WARNING - ⚠️ 600672 *ST华圣 K线更新失败: ('Connection aborted.', RemoteDisconnected('Remote end closed connection without response'))
2025-08-23 09:28:50,296 - WARNING - ⚠️ 600673 东阳光 K线更新失败: ('Connection aborted.', RemoteDisconnected('Remote end closed connection without response'))
2025-08-23 09:28:50,910 - WARNING - ⚠️ 600674 川投能源 K线更新失败: ('Connection aborted.', RemoteDisconnected('Remote end closed connection without response'))
2025-08-23 09:28:51,538 - WARNING - ⚠️ 600675 中华企业 K线更新失败: ('Connection aborted.', RemoteDisconnected('Remote end closed connection without response'))
2025-08-23 09:28:52,168 - WARNING - ⚠️ 600676 交运股份 K线更新失败: ('Connection aborted.', RemoteDisconnected('Remote end closed connection without response'))
2025-08-23 09:28:52,783 - WARNING - ⚠️ 600677 *ST航通 K线更新失败: ('Connection aborted.', RemoteDisconnected('Remote end closed connection without response'))
2025-08-23 09:28:53,408 - WARNING - ⚠️ 600678 四川金顶 K线更新失败: ('Connection aborted.', RemoteDisconnected('Remote end closed connection without response'))
2025-08-23 09:28:54,029 - WARNING - ⚠️ 600679 上海凤凰 K线更新失败: ('Connection aborted.', RemoteDisconnected('Remote end closed connection without response'))
2025-08-23 09:28:54,654 - WARNING - ⚠️ 600680 *ST上普 K线更新失败: ('Connection aborted.', RemoteDisconnected('Remote end closed connection without response'))
2025-08-23 09:28:55,281 - WARNING - ⚠️ 600681 百川能源 K线更新失败: ('Connection aborted.', RemoteDisconnected('Remote end closed connection without response'))
2025-08-23 09:28:55,914 - WARNING - ⚠️ 600682 南京新百 K线更新失败: ('Connection aborted.', RemoteDisconnected('Remote end closed connection without response'))
2025-08-23 09:28:56,542 - WARNING - ⚠️ 600683 京投发展 K线更新失败: ('Connection aborted.', RemoteDisconnected('Remote end closed connection without response'))
2025-08-23 09:28:57,172 - WARNING - ⚠️ 600684 珠江股份 K线更新失败: ('Connection aborted.', RemoteDisconnected('Remote end closed connection without response'))
2025-08-23 09:28:57,795 - WARNING - ⚠️ 600685 中船防务 K线更新失败: ('Connection aborted.', RemoteDisconnected('Remote end closed connection without response'))
2025-08-23 09:28:58,421 - WARNING - ⚠️ 600686 金龙汽车 K线更新失败: ('Connection aborted.', RemoteDisconnected('Remote end closed connection without response'))
2025-08-23 09:28:59,041 - WARNING - ⚠️ 600687 退市刚泰 K线更新失败: ('Connection aborted.', RemoteDisconnected('Remote end closed connection without response'))
2025-08-23 09:28:59,659 - WARNING - ⚠️ 600688 上海石化 K线更新失败: ('Connection aborted.', RemoteDisconnected('Remote end closed connection without response'))
2025-08-23 09:29:00,282 - WARNING - ⚠️ 600689 上海三毛 K线更新失败: ('Connection aborted.', RemoteDisconnected('Remote end closed connection without response'))
2025-08-23 09:29:00,906 - WARNING - ⚠️ 600690 海尔智家 K线更新失败: ('Connection aborted.', RemoteDisconnected('Remote end closed connection without response'))
2025-08-23 09:29:01,531 - WARNING - ⚠️ 600691 阳煤化工 K线更新失败: ('Connection aborted.', RemoteDisconnected('Remote end closed connection without response'))
2025-08-23 09:29:02,161 - WARNING - ⚠️ 600692 亚通股份 K线更新失败: ('Connection aborted.', RemoteDisconnected('Remote end closed connection without response'))
2025-08-23 09:29:02,776 - WARNING - ⚠️ 600693 东百集团 K线更新失败: ('Connection aborted.', RemoteDisconnected('Remote end closed connection without response'))
2025-08-23 09:29:03,413 - WARNING - ⚠️ 600694 大商股份 K线更新失败: ('Connection aborted.', RemoteDisconnected('Remote end closed connection without response'))
2025-08-23 09:29:04,042 - WARNING - ⚠️ 600695 退市绿庭 K线更新失败: ('Connection aborted.', RemoteDisconnected('Remote end closed connection without response'))
2025-08-23 09:29:04,673 - WARNING - ⚠️ 600696 *ST岩石 K线更新失败: ('Connection aborted.', RemoteDisconnected('Remote end closed connection without response'))
2025-08-23 09:29:05,305 - WARNING - ⚠️ 600697 欧亚集团 K线更新失败: ('Connection aborted.', RemoteDisconnected('Remote end closed connection without response'))
2025-08-23 09:29:05,940 - WARNING - ⚠️ 600698 湖南天雁 K线更新失败: ('Connection aborted.', RemoteDisconnected('Remote end closed connection without response'))
2025-08-23 09:29:06,556 - WARNING - ⚠️ 600699 均胜电子 K线更新失败: ('Connection aborted.', RemoteDisconnected('Remote end closed connection without response'))
2025-08-23 09:29:07,181 - WARNING - ⚠️ 600700 *ST数码 K线更新失败: ('Connection aborted.', RemoteDisconnected('Remote end closed connection without response'))
2025-08-23 09:29:07,822 - WARNING - ⚠️ 600701 退市工新 K线更新失败: ('Connection aborted.', RemoteDisconnected('Remote end closed connection without response'))
2025-08-23 09:29:08,459 - WARNING - ⚠️ 600702 舍得酒业 K线更新失败: ('Connection aborted.', RemoteDisconnected('Remote end closed connection without response'))
2025-08-23 09:29:09,107 - WARNING - ⚠️ 600703 三安光电 K线更新失败: ('Connection aborted.', RemoteDisconnected('Remote end closed connection without response'))
2025-08-23 09:29:09,749 - WARNING - ⚠️ 600704 物产中大 K线更新失败: ('Connection aborted.', RemoteDisconnected('Remote end closed connection without response'))
2025-08-23 09:29:10,369 - WARNING - ⚠️ 600705 中航产融 K线更新失败: ('Connection aborted.', RemoteDisconnected('Remote end closed connection without response'))
2025-08-23 09:29:10,998 - WARNING - ⚠️ 600706 曲江文旅 K线更新失败: ('Connection aborted.', RemoteDisconnected('Remote end closed connection without response'))
2025-08-23 09:29:11,622 - WARNING - ⚠️ 600707 彩虹股份 K线更新失败: ('Connection aborted.', RemoteDisconnected('Remote end closed connection without response'))
2025-08-23 09:29:12,247 - WARNING - ⚠️ 600708 光明地产 K线更新失败: ('Connection aborted.', RemoteDisconnected('Remote end closed connection without response'))
2025-08-23 09:29:12,868 - WARNING - ⚠️ 600709 ST生态 K线更新失败: ('Connection aborted.', RemoteDisconnected('Remote end closed connection without response'))
2025-08-23 09:29:13,495 - WARNING - ⚠️ 600710 苏美达 K线更新失败: ('Connection aborted.', RemoteDisconnected('Remote end closed connection without response'))
2025-08-23 09:29:14,139 - WARNING - ⚠️ 600711 盛屯矿业 K线更新失败: ('Connection aborted.', RemoteDisconnected('Remote end closed connection without response'))
2025-08-23 09:29:14,760 - WARNING - ⚠️ 600712 南宁百货 K线更新失败: ('Connection aborted.', RemoteDisconnected('Remote end closed connection without response'))
2025-08-23 09:29:15,386 - WARNING - ⚠️ 600713 南京医药 K线更新失败: ('Connection aborted.', RemoteDisconnected('Remote end closed connection without response'))
2025-08-23 09:29:16,019 - WARNING - ⚠️ 600714 金瑞矿业 K线更新失败: ('Connection aborted.', RemoteDisconnected('Remote end closed connection without response'))
2025-08-23 09:29:16,642 - WARNING - ⚠️ 600715 文投控股 K线更新失败: ('Connection aborted.', RemoteDisconnected('Remote end closed connection without response'))
2025-08-23 09:29:17,267 - WARNING - ⚠️ 600716 凤凰股份 K线更新失败: ('Connection aborted.', RemoteDisconnected('Remote end closed connection without response'))
2025-08-23 09:29:17,885 - WARNING - ⚠️ 600717 天津港 K线更新失败: ('Connection aborted.', RemoteDisconnected('Remote end closed connection without response'))
2025-08-23 09:29:18,512 - WARNING - ⚠️ 600718 东软集团 K线更新失败: ('Connection aborted.', RemoteDisconnected('Remote end closed connection without response'))
2025-08-23 09:29:19,136 - WARNING - ⚠️ 600719 大连热电 K线更新失败: ('Connection aborted.', RemoteDisconnected('Remote end closed connection without response'))
2025-08-23 09:29:19,770 - WARNING - ⚠️ 600720 XD中交设 K线更新失败: ('Connection aborted.', RemoteDisconnected('Remote end closed connection without response'))
2025-08-23 09:29:20,401 - WARNING - ⚠️ 600721 百花医药 K线更新失败: ('Connection aborted.', RemoteDisconnected('Remote end closed connection without response'))
2025-08-23 09:29:21,037 - WARNING - ⚠️ 600722 金牛化工 K线更新失败: ('Connection aborted.', RemoteDisconnected('Remote end closed connection without response'))
2025-08-23 09:29:21,670 - WARNING - ⚠️ 600723 首商股份 K线更新失败: ('Connection aborted.', RemoteDisconnected('Remote end closed connection without response'))
2025-08-23 09:29:22,296 - WARNING - ⚠️ 600724 宁波富达 K线更新失败: ('Connection aborted.', RemoteDisconnected('Remote end closed connection without response'))
2025-08-23 09:29:22,920 - WARNING - ⚠️ 600725 云维股份 K线更新失败: ('Connection aborted.', RemoteDisconnected('Remote end closed connection without response'))
2025-08-23 09:29:23,539 - WARNING - ⚠️ 600726 华电能源 K线更新失败: ('Connection aborted.', RemoteDisconnected('Remote end closed connection without response'))
2025-08-23 09:29:24,179 - WARNING - ⚠️ 600727 鲁北化工 K线更新失败: ('Connection aborted.', RemoteDisconnected('Remote end closed connection without response'))
2025-08-23 09:29:24,807 - WARNING - ⚠️ 600728 佳都科技 K线更新失败: ('Connection aborted.', RemoteDisconnected('Remote end closed connection without response'))
2025-08-23 09:29:25,434 - WARNING - ⚠️ 600729 重庆百货 K线更新失败: ('Connection aborted.', RemoteDisconnected('Remote end closed connection without response'))
2025-08-23 09:29:26,064 - WARNING - ⚠️ 600730 中国高科 K线更新失败: ('Connection aborted.', RemoteDisconnected('Remote end closed connection without response'))
2025-08-23 09:29:26,689 - WARNING - ⚠️ 600731 湖南海利 K线更新失败: ('Connection aborted.', RemoteDisconnected('Remote end closed connection without response'))
2025-08-23 09:29:27,311 - WARNING - ⚠️ 600732 爱旭股份 K线更新失败: ('Connection aborted.', RemoteDisconnected('Remote end closed connection without response'))
2025-08-23 09:29:27,940 - WARNING - ⚠️ 600733 北汽蓝谷 K线更新失败: ('Connection aborted.', RemoteDisconnected('Remote end closed connection without response'))
2025-08-23 09:29:28,568 - WARNING - ⚠️ 600734 实达集团 K线更新失败: ('Connection aborted.', RemoteDisconnected('Remote end closed connection without response'))
2025-08-23 09:29:29,192 - WARNING - ⚠️ 600735 新华锦 K线更新失败: ('Connection aborted.', RemoteDisconnected('Remote end closed connection without response'))
2025-08-23 09:29:29,818 - WARNING - ⚠️ 600736 苏州高新 K线更新失败: ('Connection aborted.', RemoteDisconnected('Remote end closed connection without response'))
2025-08-23 09:29:30,441 - WARNING - ⚠️ 600737 中粮糖业 K线更新失败: ('Connection aborted.', RemoteDisconnected('Remote end closed connection without response'))
2025-08-23 09:29:31,063 - WARNING - ⚠️ 600738 丽尚国潮 K线更新失败: ('Connection aborted.', RemoteDisconnected('Remote end closed connection without response'))
2025-08-23 09:29:31,689 - WARNING - ⚠️ 600739 辽宁成大 K线更新失败: ('Connection aborted.', RemoteDisconnected('Remote end closed connection without response'))
2025-08-23 09:29:32,322 - WARNING - ⚠️ 600740 山西焦化 K线更新失败: ('Connection aborted.', RemoteDisconnected('Remote end closed connection without response'))
2025-08-23 09:29:32,944 - WARNING - ⚠️ 600741 华域汽车 K线更新失败: ('Connection aborted.', RemoteDisconnected('Remote end closed connection without response'))
2025-08-23 09:29:33,576 - WARNING - ⚠️ 600742 富维股份 K线更新失败: ('Connection aborted.', RemoteDisconnected('Remote end closed connection without response'))
2025-08-23 09:29:34,205 - WARNING - ⚠️ 600743 华远控股 K线更新失败: ('Connection aborted.', RemoteDisconnected('Remote end closed connection without response'))
2025-08-23 09:29:34,827 - WARNING - ⚠️ 600744 华银电力 K线更新失败: ('Connection aborted.', RemoteDisconnected('Remote end closed connection without response'))
2025-08-23 09:29:35,463 - WARNING - ⚠️ 600745 闻泰科技 K线更新失败: ('Connection aborted.', RemoteDisconnected('Remote end closed connection without response'))
2025-08-23 09:29:36,093 - WARNING - ⚠️ 600746 江苏索普 K线更新失败: ('Connection aborted.', RemoteDisconnected('Remote end closed connection without response'))
2025-08-23 09:29:36,722 - WARNING - ⚠️ 600747 退市大控 K线更新失败: ('Connection aborted.', RemoteDisconnected('Remote end closed connection without response'))
2025-08-23 09:29:37,348 - WARNING - ⚠️ 600748 上实发展 K线更新失败: ('Connection aborted.', RemoteDisconnected('Remote end closed connection without response'))
2025-08-23 09:29:37,981 - WARNING - ⚠️ 600749 西藏旅游 K线更新失败: ('Connection aborted.', RemoteDisconnected('Remote end closed connection without response'))
2025-08-23 09:29:38,612 - WARNING - ⚠️ 600750 江中药业 K线更新失败: ('Connection aborted.', RemoteDisconnected('Remote end closed connection without response'))
2025-08-23 09:29:39,748 - INFO - 📈 已处理600751 海航科技 
2025-08-23 09:29:40,383 - WARNING - ⚠️ 600752 *ST哈慈 K线更新失败: ('Connection aborted.', RemoteDisconnected('Remote end closed connection without response'))
2025-08-23 09:29:41,005 - WARNING - ⚠️ 600753 *ST海钦 K线更新失败: ('Connection aborted.', RemoteDisconnected('Remote end closed connection without response'))
2025-08-23 09:29:41,634 - WARNING - ⚠️ 600754 锦江酒店 K线更新失败: ('Connection aborted.', RemoteDisconnected('Remote end closed connection without response'))
2025-08-23 09:29:42,266 - WARNING - ⚠️ 600755 厦门国贸 K线更新失败: ('Connection aborted.', RemoteDisconnected('Remote end closed connection without response'))
2025-08-23 09:29:42,905 - WARNING - ⚠️ 600756 浪潮软件 K线更新失败: ('Connection aborted.', RemoteDisconnected('Remote end closed connection without response'))
2025-08-23 09:29:43,532 - WARNING - ⚠️ 600757 长江传媒 K线更新失败: ('Connection aborted.', RemoteDisconnected('Remote end closed connection without response'))
2025-08-23 09:29:44,177 - WARNING - ⚠️ 600758 辽宁能源 K线更新失败: ('Connection aborted.', RemoteDisconnected('Remote end closed connection without response'))
2025-08-23 09:29:44,808 - WARNING - ⚠️ 600759 洲际油气 K线更新失败: ('Connection aborted.', RemoteDisconnected('Remote end closed connection without response'))
2025-08-23 09:29:45,429 - WARNING - ⚠️ 600760 中航沈飞 K线更新失败: ('Connection aborted.', RemoteDisconnected('Remote end closed connection without response'))
2025-08-23 09:29:46,066 - WARNING - ⚠️ 600761 安徽合力 K线更新失败: ('Connection aborted.', RemoteDisconnected('Remote end closed connection without response'))
2025-08-23 09:29:46,694 - WARNING - ⚠️ 600762 S*ST金荔 K线更新失败: ('Connection aborted.', RemoteDisconnected('Remote end closed connection without response'))
2025-08-23 09:29:47,316 - WARNING - ⚠️ 600763 通策医疗 K线更新失败: ('Connection aborted.', RemoteDisconnected('Remote end closed connection without response'))
2025-08-23 09:29:47,944 - WARNING - ⚠️ 600764 中国海防 K线更新失败: ('Connection aborted.', RemoteDisconnected('Remote end closed connection without response'))
2025-08-23 09:29:48,570 - WARNING - ⚠️ 600765 中航重机 K线更新失败: ('Connection aborted.', RemoteDisconnected('Remote end closed connection without response'))
2025-08-23 09:29:49,194 - WARNING - ⚠️ 600766 退市园城 K线更新失败: ('Connection aborted.', RemoteDisconnected('Remote end closed connection without response'))
2025-08-23 09:29:49,826 - WARNING - ⚠️ 600767 退市运盛 K线更新失败: ('Connection aborted.', RemoteDisconnected('Remote end closed connection without response'))
2025-08-23 09:29:50,463 - WARNING - ⚠️ 600768 宁波富邦 K线更新失败: ('Connection aborted.', RemoteDisconnected('Remote end closed connection without response'))
2025-08-23 09:29:51,100 - WARNING - ⚠️ 600769 祥龙电业 K线更新失败: ('Connection aborted.', RemoteDisconnected('Remote end closed connection without response'))
2025-08-23 09:29:51,726 - WARNING - ⚠️ 600770 综艺股份 K线更新失败: ('Connection aborted.', RemoteDisconnected('Remote end closed connection without response'))
2025-08-23 09:29:52,345 - WARNING - ⚠️ 600771 广誉远 K线更新失败: ('Connection aborted.', RemoteDisconnected('Remote end closed connection without response'))
2025-08-23 09:29:52,967 - WARNING - ⚠️ 600772 S*ST龙昌 K线更新失败: ('Connection aborted.', RemoteDisconnected('Remote end closed connection without response'))
2025-08-23 09:29:53,593 - WARNING - ⚠️ 600773 西藏城投 K线更新失败: ('Connection aborted.', RemoteDisconnected('Remote end closed connection without response'))
2025-08-23 09:29:54,228 - WARNING - ⚠️ 600774 汉商集团 K线更新失败: ('Connection aborted.', RemoteDisconnected('Remote end closed connection without response'))
2025-08-23 09:29:54,867 - WARNING - ⚠️ 600775 南京熊猫 K线更新失败: ('Connection aborted.', RemoteDisconnected('Remote end closed connection without response'))
2025-08-23 09:29:55,494 - WARNING - ⚠️ 600776 东方通信 K线更新失败: ('Connection aborted.', RemoteDisconnected('Remote end closed connection without response'))
2025-08-23 09:29:56,116 - WARNING - ⚠️ 600777 *ST新潮 K线更新失败: ('Connection aborted.', RemoteDisconnected('Remote end closed connection without response'))
2025-08-23 09:29:56,744 - WARNING - ⚠️ 600778 友好集团 K线更新失败: ('Connection aborted.', RemoteDisconnected('Remote end closed connection without response'))
2025-08-23 09:29:57,371 - WARNING - ⚠️ 600779 水井坊 K线更新失败: ('Connection aborted.', RemoteDisconnected('Remote end closed connection without response'))
2025-08-23 09:29:58,005 - WARNING - ⚠️ 600780 通宝能源 K线更新失败: ('Connection aborted.', RemoteDisconnected('Remote end closed connection without response'))
2025-08-23 09:29:58,623 - WARNING - ⚠️ 600781 退市辅仁 K线更新失败: ('Connection aborted.', RemoteDisconnected('Remote end closed connection without response'))
2025-08-23 09:29:59,247 - WARNING - ⚠️ 600782 新钢股份 K线更新失败: ('Connection aborted.', RemoteDisconnected('Remote end closed connection without response'))
2025-08-23 09:29:59,889 - WARNING - ⚠️ 600783 鲁信创投 K线更新失败: ('Connection aborted.', RemoteDisconnected('Remote end closed connection without response'))
2025-08-23 09:30:00,544 - WARNING - ⚠️ 600784 鲁银投资 K线更新失败: ('Connection aborted.', RemoteDisconnected('Remote end closed connection without response'))
2025-08-23 09:30:01,176 - WARNING - ⚠️ 600785 新华百货 K线更新失败: ('Connection aborted.', RemoteDisconnected('Remote end closed connection without response'))
2025-08-23 09:30:01,801 - WARNING - ⚠️ 600786 东方锅炉 K线更新失败: ('Connection aborted.', RemoteDisconnected('Remote end closed connection without response'))
2025-08-23 09:30:02,435 - WARNING - ⚠️ 600787 中储股份 K线更新失败: ('Connection aborted.', RemoteDisconnected('Remote end closed connection without response'))
2025-08-23 09:30:03,067 - WARNING - ⚠️ 600788 *ST达曼 K线更新失败: ('Connection aborted.', RemoteDisconnected('Remote end closed connection without response'))
2025-08-23 09:30:03,684 - WARNING - ⚠️ 600789 鲁抗医药 K线更新失败: ('Connection aborted.', RemoteDisconnected('Remote end closed connection without response'))
2025-08-23 09:30:04,317 - WARNING - ⚠️ 600790 轻纺城 K线更新失败: ('Connection aborted.', RemoteDisconnected('Remote end closed connection without response'))
2025-08-23 09:30:04,945 - WARNING - ⚠️ 600791 京能置业 K线更新失败: ('Connection aborted.', RemoteDisconnected('Remote end closed connection without response'))
2025-08-23 09:30:05,580 - WARNING - ⚠️ 600792 云煤能源 K线更新失败: ('Connection aborted.', RemoteDisconnected('Remote end closed connection without response'))
2025-08-23 09:30:06,212 - WARNING - ⚠️ 600793 宜宾纸业 K线更新失败: ('Connection aborted.', RemoteDisconnected('Remote end closed connection without response'))
2025-08-23 09:30:06,847 - WARNING - ⚠️ 600794 保税科技 K线更新失败: ('Connection aborted.', RemoteDisconnected('Remote end closed connection without response'))
2025-08-23 09:30:07,481 - WARNING - ⚠️ 600795 国电电力 K线更新失败: ('Connection aborted.', RemoteDisconnected('Remote end closed connection without response'))
2025-08-23 09:30:08,114 - WARNING - ⚠️ 600796 钱江生化 K线更新失败: ('Connection aborted.', RemoteDisconnected('Remote end closed connection without response'))
2025-08-23 09:30:08,735 - WARNING - ⚠️ 600797 浙大网新 K线更新失败: ('Connection aborted.', RemoteDisconnected('Remote end closed connection without response'))
2025-08-23 09:30:09,357 - WARNING - ⚠️ 600798 宁波海运 K线更新失败: ('Connection aborted.', RemoteDisconnected('Remote end closed connection without response'))
2025-08-23 09:30:09,993 - WARNING - ⚠️ 600799 *ST龙科 K线更新失败: ('Connection aborted.', RemoteDisconnected('Remote end closed connection without response'))
2025-08-23 09:30:10,628 - WARNING - ⚠️ 600800 渤海化学 K线更新失败: ('Connection aborted.', RemoteDisconnected('Remote end closed connection without response'))
2025-08-23 09:30:11,243 - WARNING - ⚠️ 600801 华新水泥 K线更新失败: ('Connection aborted.', RemoteDisconnected('Remote end closed connection without response'))
2025-08-23 09:30:11,878 - WARNING - ⚠️ 600802 福建水泥 K线更新失败: ('Connection aborted.', RemoteDisconnected('Remote end closed connection without response'))
2025-08-23 09:30:12,511 - WARNING - ⚠️ 600803 新奥股份 K线更新失败: ('Connection aborted.', RemoteDisconnected('Remote end closed connection without response'))
2025-08-23 09:30:13,148 - WARNING - ⚠️ 600804 退市鹏博 K线更新失败: ('Connection aborted.', RemoteDisconnected('Remote end closed connection without response'))
2025-08-23 09:30:13,783 - WARNING - ⚠️ 600805 悦达投资 K线更新失败: ('Connection aborted.', RemoteDisconnected('Remote end closed connection without response'))
2025-08-23 09:30:14,418 - WARNING - ⚠️ 600806 退市昆机 K线更新失败: ('Connection aborted.', RemoteDisconnected('Remote end closed connection without response'))
2025-08-23 09:30:15,042 - WARNING - ⚠️ 600807 济高发展 K线更新失败: ('Connection aborted.', RemoteDisconnected('Remote end closed connection without response'))
2025-08-23 09:30:15,668 - WARNING - ⚠️ 600808 马钢股份 K线更新失败: ('Connection aborted.', RemoteDisconnected('Remote end closed connection without response'))
2025-08-23 09:30:16,298 - WARNING - ⚠️ 600809 山西汾酒 K线更新失败: ('Connection aborted.', RemoteDisconnected('Remote end closed connection without response'))
2025-08-23 09:30:16,945 - WARNING - ⚠️ 600810 神马股份 K线更新失败: ('Connection aborted.', RemoteDisconnected('Remote end closed connection without response'))
2025-08-23 09:30:17,568 - WARNING - ⚠️ 600811 *ST东方 K线更新失败: ('Connection aborted.', RemoteDisconnected('Remote end closed connection without response'))
2025-08-23 09:30:18,203 - WARNING - ⚠️ 600812 华北制药 K线更新失败: ('Connection aborted.', RemoteDisconnected('Remote end closed connection without response'))
2025-08-23 09:30:18,824 - WARNING - ⚠️ 600813 ST鞍一工 K线更新失败: ('Connection aborted.', RemoteDisconnected('Remote end closed connection without response'))
2025-08-23 09:30:19,457 - WARNING - ⚠️ 600814 杭州解百 K线更新失败: ('Connection aborted.', RemoteDisconnected('Remote end closed connection without response'))
2025-08-23 09:30:20,092 - WARNING - ⚠️ 600815 厦工股份 K线更新失败: ('Connection aborted.', RemoteDisconnected('Remote end closed connection without response'))
2025-08-23 09:30:20,724 - WARNING - ⚠️ 600816 建元信托 K线更新失败: ('Connection aborted.', RemoteDisconnected('Remote end closed connection without response'))
2025-08-23 09:30:21,351 - WARNING - ⚠️ 600817 宇通重工 K线更新失败: ('Connection aborted.', RemoteDisconnected('Remote end closed connection without response'))
2025-08-23 09:30:21,990 - WARNING - ⚠️ 600818 中路股份 K线更新失败: ('Connection aborted.', RemoteDisconnected('Remote end closed connection without response'))
2025-08-23 09:30:22,623 - WARNING - ⚠️ 600819 耀皮玻璃 K线更新失败: ('Connection aborted.', RemoteDisconnected('Remote end closed connection without response'))
2025-08-23 09:30:23,259 - WARNING - ⚠️ 600820 隧道股份 K线更新失败: ('Connection aborted.', RemoteDisconnected('Remote end closed connection without response'))
2025-08-23 09:30:23,895 - WARNING - ⚠️ 600821 金开新能 K线更新失败: ('Connection aborted.', RemoteDisconnected('Remote end closed connection without response'))
2025-08-23 09:30:24,522 - WARNING - ⚠️ 600822 上海物贸 K线更新失败: ('Connection aborted.', RemoteDisconnected('Remote end closed connection without response'))
2025-08-23 09:30:25,154 - WARNING - ⚠️ 600823 *ST世茂 K线更新失败: ('Connection aborted.', RemoteDisconnected('Remote end closed connection without response'))
2025-08-23 09:30:25,791 - WARNING - ⚠️ 600824 益民集团 K线更新失败: ('Connection aborted.', RemoteDisconnected('Remote end closed connection without response'))
2025-08-23 09:30:26,442 - WARNING - ⚠️ 600825 新华传媒 K线更新失败: ('Connection aborted.', RemoteDisconnected('Remote end closed connection without response'))
2025-08-23 09:30:27,075 - WARNING - ⚠️ 600826 兰生股份 K线更新失败: ('Connection aborted.', RemoteDisconnected('Remote end closed connection without response'))
2025-08-23 09:30:27,701 - WARNING - ⚠️ 600827 百联股份 K线更新失败: ('Connection aborted.', RemoteDisconnected('Remote end closed connection without response'))
2025-08-23 09:30:28,323 - WARNING - ⚠️ 600828 茂业商业 K线更新失败: ('Connection aborted.', RemoteDisconnected('Remote end closed connection without response'))
2025-08-23 09:30:28,952 - WARNING - ⚠️ 600829 人民同泰 K线更新失败: ('Connection aborted.', RemoteDisconnected('Remote end closed connection without response'))
2025-08-23 09:30:29,567 - WARNING - ⚠️ 600830 香溢融通 K线更新失败: ('Connection aborted.', RemoteDisconnected('Remote end closed connection without response'))
2025-08-23 09:30:30,199 - WARNING - ⚠️ 600831 ST广网 K线更新失败: ('Connection aborted.', RemoteDisconnected('Remote end closed connection without response'))
2025-08-23 09:30:30,818 - WARNING - ⚠️ 600832 东方明珠 K线更新失败: ('Connection aborted.', RemoteDisconnected('Remote end closed connection without response'))
2025-08-23 09:30:31,443 - WARNING - ⚠️ 600833 第一医药 K线更新失败: ('Connection aborted.', RemoteDisconnected('Remote end closed connection without response'))
2025-08-23 09:30:32,058 - WARNING - ⚠️ 600834 申通地铁 K线更新失败: ('Connection aborted.', RemoteDisconnected('Remote end closed connection without response'))
2025-08-23 09:30:32,685 - WARNING - ⚠️ 600835 上海机电 K线更新失败: ('Connection aborted.', RemoteDisconnected('Remote end closed connection without response'))
2025-08-23 09:30:33,316 - WARNING - ⚠️ 600836 *ST易连 K线更新失败: ('Connection aborted.', RemoteDisconnected('Remote end closed connection without response'))
2025-08-23 09:30:33,948 - WARNING - ⚠️ 600837 海通证券 K线更新失败: ('Connection aborted.', RemoteDisconnected('Remote end closed connection without response'))
2025-08-23 09:30:34,583 - WARNING - ⚠️ 600838 上海九百 K线更新失败: ('Connection aborted.', RemoteDisconnected('Remote end closed connection without response'))
2025-08-23 09:30:35,215 - WARNING - ⚠️ 600839 四川长虹 K线更新失败: ('Connection aborted.', RemoteDisconnected('Remote end closed connection without response'))
2025-08-23 09:30:35,838 - WARNING - ⚠️ 600840 新湖创业 K线更新失败: ('Connection aborted.', RemoteDisconnected('Remote end closed connection without response'))
2025-08-23 09:30:36,472 - WARNING - ⚠️ 600841 动力新科 K线更新失败: ('Connection aborted.', RemoteDisconnected('Remote end closed connection without response'))
2025-08-23 09:30:37,099 - WARNING - ⚠️ 600842 中西药业 K线更新失败: ('Connection aborted.', RemoteDisconnected('Remote end closed connection without response'))
2025-08-23 09:30:37,741 - WARNING - ⚠️ 600843 上工申贝 K线更新失败: ('Connection aborted.', RemoteDisconnected('Remote end closed connection without response'))
2025-08-23 09:30:38,384 - WARNING - ⚠️ 600844 金煤科技 K线更新失败: ('Connection aborted.', RemoteDisconnected('Remote end closed connection without response'))
2025-08-23 09:30:39,006 - WARNING - ⚠️ 600845 宝信软件 K线更新失败: ('Connection aborted.', RemoteDisconnected('Remote end closed connection without response'))
2025-08-23 09:30:39,646 - WARNING - ⚠️ 600846 同济科技 K线更新失败: ('Connection aborted.', RemoteDisconnected('Remote end closed connection without response'))
2025-08-23 09:30:40,280 - WARNING - ⚠️ 600847 万里股份 K线更新失败: ('Connection aborted.', RemoteDisconnected('Remote end closed connection without response'))
2025-08-23 09:30:40,915 - WARNING - ⚠️ 600848 上海临港 K线更新失败: ('Connection aborted.', RemoteDisconnected('Remote end closed connection without response'))
2025-08-23 09:30:41,555 - WARNING - ⚠️ 600849 上药转换 K线更新失败: ('Connection aborted.', RemoteDisconnected('Remote end closed connection without response'))
2025-08-23 09:30:42,184 - WARNING - ⚠️ 600850 电科数字 K线更新失败: ('Connection aborted.', RemoteDisconnected('Remote end closed connection without response'))
2025-08-23 09:30:42,808 - WARNING - ⚠️ 600851 海欣股份 K线更新失败: ('Connection aborted.', RemoteDisconnected('Remote end closed connection without response'))
2025-08-23 09:30:43,434 - WARNING - ⚠️ 600852 *ST中川 K线更新失败: ('Connection aborted.', RemoteDisconnected('Remote end closed connection without response'))
2025-08-23 09:30:44,095 - WARNING - ⚠️ 600853 龙建股份 K线更新失败: ('Connection aborted.', RemoteDisconnected('Remote end closed connection without response'))
2025-08-23 09:30:44,717 - WARNING - ⚠️ 600854 春兰股份 K线更新失败: ('Connection aborted.', RemoteDisconnected('Remote end closed connection without response'))
2025-08-23 09:30:45,350 - WARNING - ⚠️ 600855 航天长峰 K线更新失败: ('Connection aborted.', RemoteDisconnected('Remote end closed connection without response'))
2025-08-23 09:30:45,980 - WARNING - ⚠️ 600856 退市中天 K线更新失败: ('Connection aborted.', RemoteDisconnected('Remote end closed connection without response'))
2025-08-23 09:30:46,612 - WARNING - ⚠️ 600857 宁波中百 K线更新失败: ('Connection aborted.', RemoteDisconnected('Remote end closed connection without response'))
2025-08-23 09:30:47,240 - WARNING - ⚠️ 600858 银座股份 K线更新失败: ('Connection aborted.', RemoteDisconnected('Remote end closed connection without response'))
2025-08-23 09:30:47,866 - WARNING - ⚠️ 600859 王府井 K线更新失败: ('Connection aborted.', RemoteDisconnected('Remote end closed connection without response'))
2025-08-23 09:30:48,489 - WARNING - ⚠️ 600860 京城股份 K线更新失败: ('Connection aborted.', RemoteDisconnected('Remote end closed connection without response'))
2025-08-23 09:30:49,116 - WARNING - ⚠️ 600861 北京人力 K线更新失败: ('Connection aborted.', RemoteDisconnected('Remote end closed connection without response'))
2025-08-23 09:30:49,745 - WARNING - ⚠️ 600862 中航高科 K线更新失败: ('Connection aborted.', RemoteDisconnected('Remote end closed connection without response'))
2025-08-23 09:30:50,375 - WARNING - ⚠️ 600863 内蒙华电 K线更新失败: ('Connection aborted.', RemoteDisconnected('Remote end closed connection without response'))
2025-08-23 09:30:51,008 - WARNING - ⚠️ 600864 哈投股份 K线更新失败: ('Connection aborted.', RemoteDisconnected('Remote end closed connection without response'))
2025-08-23 09:30:51,650 - WARNING - ⚠️ 600865 百大集团 K线更新失败: ('Connection aborted.', RemoteDisconnected('Remote end closed connection without response'))
2025-08-23 09:30:52,399 - WARNING - ⚠️ 600866 星湖科技 K线更新失败: ('Connection aborted.', RemoteDisconnected('Remote end closed connection without response'))
2025-08-23 09:30:53,018 - WARNING - ⚠️ 600867 通化东宝 K线更新失败: ('Connection aborted.', RemoteDisconnected('Remote end closed connection without response'))
2025-08-23 09:30:53,646 - WARNING - ⚠️ 600868 梅雁吉祥 K线更新失败: ('Connection aborted.', RemoteDisconnected('Remote end closed connection without response'))
2025-08-23 09:30:54,260 - WARNING - ⚠️ 600869 远东股份 K线更新失败: ('Connection aborted.', RemoteDisconnected('Remote end closed connection without response'))
2025-08-23 09:30:54,882 - WARNING - ⚠️ 600870 退市厦华 K线更新失败: ('Connection aborted.', RemoteDisconnected('Remote end closed connection without response'))
2025-08-23 09:30:55,511 - WARNING - ⚠️ 600871 石化油服 K线更新失败: ('Connection aborted.', RemoteDisconnected('Remote end closed connection without response'))
2025-08-23 09:30:56,140 - WARNING - ⚠️ 600872 中炬高新 K线更新失败: ('Connection aborted.', RemoteDisconnected('Remote end closed connection without response'))
2025-08-23 09:30:56,775 - WARNING - ⚠️ 600873 梅花生物 K线更新失败: ('Connection aborted.', RemoteDisconnected('Remote end closed connection without response'))
2025-08-23 09:30:57,407 - WARNING - ⚠️ 600874 创业环保 K线更新失败: ('Connection aborted.', RemoteDisconnected('Remote end closed connection without response'))
2025-08-23 09:30:58,026 - WARNING - ⚠️ 600875 东方电气 K线更新失败: ('Connection aborted.', RemoteDisconnected('Remote end closed connection without response'))
2025-08-23 09:30:58,666 - WARNING - ⚠️ 600876 凯盛新能 K线更新失败: ('Connection aborted.', RemoteDisconnected('Remote end closed connection without response'))
2025-08-23 09:30:59,296 - WARNING - ⚠️ 600877 电科芯片 K线更新失败: ('Connection aborted.', RemoteDisconnected('Remote end closed connection without response'))
2025-08-23 09:30:59,932 - WARNING - ⚠️ 600878 *ST北科 K线更新失败: ('Connection aborted.', RemoteDisconnected('Remote end closed connection without response'))
2025-08-23 09:31:00,566 - WARNING - ⚠️ 600879 航天电子 K线更新失败: ('Connection aborted.', RemoteDisconnected('Remote end closed connection without response'))
2025-08-23 09:31:01,192 - WARNING - ⚠️ 600880 博瑞传播 K线更新失败: ('Connection aborted.', RemoteDisconnected('Remote end closed connection without response'))
2025-08-23 09:31:01,819 - WARNING - ⚠️ 600881 亚泰集团 K线更新失败: ('Connection aborted.', RemoteDisconnected('Remote end closed connection without response'))
2025-08-23 09:31:02,440 - WARNING - ⚠️ 600882 妙可蓝多 K线更新失败: ('Connection aborted.', RemoteDisconnected('Remote end closed connection without response'))
2025-08-23 09:31:03,059 - WARNING - ⚠️ 600883 博闻科技 K线更新失败: ('Connection aborted.', RemoteDisconnected('Remote end closed connection without response'))
2025-08-23 09:31:03,700 - WARNING - ⚠️ 600884 杉杉股份 K线更新失败: ('Connection aborted.', RemoteDisconnected('Remote end closed connection without response'))
2025-08-23 09:31:04,327 - WARNING - ⚠️ 600885 宏发股份 K线更新失败: ('Connection aborted.', RemoteDisconnected('Remote end closed connection without response'))
2025-08-23 09:31:04,964 - WARNING - ⚠️ 600886 国投电力 K线更新失败: ('Connection aborted.', RemoteDisconnected('Remote end closed connection without response'))
2025-08-23 09:31:05,599 - WARNING - ⚠️ 600887 伊利股份 K线更新失败: ('Connection aborted.', RemoteDisconnected('Remote end closed connection without response'))
2025-08-23 09:31:06,240 - WARNING - ⚠️ 600888 新疆众和 K线更新失败: ('Connection aborted.', RemoteDisconnected('Remote end closed connection without response'))
2025-08-23 09:31:06,876 - WARNING - ⚠️ 600889 南京化纤 K线更新失败: ('Connection aborted.', RemoteDisconnected('Remote end closed connection without response'))
2025-08-23 09:31:07,494 - WARNING - ⚠️ 600890 退市中房 K线更新失败: ('Connection aborted.', RemoteDisconnected('Remote end closed connection without response'))
2025-08-23 09:31:08,131 - WARNING - ⚠️ 600891 退市秋林 K线更新失败: ('Connection aborted.', RemoteDisconnected('Remote end closed connection without response'))
2025-08-23 09:31:08,765 - WARNING - ⚠️ 600892 *ST大晟 K线更新失败: ('Connection aborted.', RemoteDisconnected('Remote end closed connection without response'))
2025-08-23 09:31:09,385 - WARNING - ⚠️ 600893 航发动力 K线更新失败: ('Connection aborted.', RemoteDisconnected('Remote end closed connection without response'))
2025-08-23 09:31:10,012 - WARNING - ⚠️ 600894 广日股份 K线更新失败: ('Connection aborted.', RemoteDisconnected('Remote end closed connection without response'))
2025-08-23 09:31:10,635 - WARNING - ⚠️ 600895 张江高科 K线更新失败: ('Connection aborted.', RemoteDisconnected('Remote end closed connection without response'))
2025-08-23 09:31:11,263 - WARNING - ⚠️ 600896 退市海医 K线更新失败: ('Connection aborted.', RemoteDisconnected('Remote end closed connection without response'))
2025-08-23 09:31:11,904 - WARNING - ⚠️ 600897 厦门空港 K线更新失败: ('Connection aborted.', RemoteDisconnected('Remote end closed connection without response'))
2025-08-23 09:31:12,535 - WARNING - ⚠️ 600898 *ST美讯 K线更新失败: ('Connection aborted.', RemoteDisconnected('Remote end closed connection without response'))
2025-08-23 09:31:13,157 - WARNING - ⚠️ 600899 *ST信联 K线更新失败: ('Connection aborted.', RemoteDisconnected('Remote end closed connection without response'))
2025-08-23 09:31:13,796 - WARNING - ⚠️ 600900 长江电力 K线更新失败: ('Connection aborted.', RemoteDisconnected('Remote end closed connection without response'))
2025-08-23 09:31:14,422 - WARNING - ⚠️ 600901 江苏金租 K线更新失败: ('Connection aborted.', RemoteDisconnected('Remote end closed connection without response'))
2025-08-23 09:31:15,043 - WARNING - ⚠️ 600903 贵州燃气 K线更新失败: ('Connection aborted.', RemoteDisconnected('Remote end closed connection without response'))
2025-08-23 09:31:15,671 - WARNING - ⚠️ 600905 三峡能源 K线更新失败: ('Connection aborted.', RemoteDisconnected('Remote end closed connection without response'))
2025-08-23 09:31:16,288 - WARNING - ⚠️ 600906 财达证券 K线更新失败: ('Connection aborted.', RemoteDisconnected('Remote end closed connection without response'))
2025-08-23 09:31:16,909 - WARNING - ⚠️ 600908 无锡银行 K线更新失败: ('Connection aborted.', RemoteDisconnected('Remote end closed connection without response'))
2025-08-23 09:31:17,544 - WARNING - ⚠️ 600909 华安证券 K线更新失败: ('Connection aborted.', RemoteDisconnected('Remote end closed connection without response'))
2025-08-23 09:31:18,166 - WARNING - ⚠️ 600916 中国黄金 K线更新失败: ('Connection aborted.', RemoteDisconnected('Remote end closed connection without response'))
2025-08-23 09:31:18,806 - WARNING - ⚠️ 600917 重庆燃气 K线更新失败: ('Connection aborted.', RemoteDisconnected('Remote end closed connection without response'))
2025-08-23 09:31:19,442 - WARNING - ⚠️ 600918 中泰证券 K线更新失败: ('Connection aborted.', RemoteDisconnected('Remote end closed connection without response'))
2025-08-23 09:31:20,059 - WARNING - ⚠️ 600919 江苏银行 K线更新失败: ('Connection aborted.', RemoteDisconnected('Remote end closed connection without response'))
2025-08-23 09:31:20,691 - WARNING - ⚠️ 600925 苏能股份 K线更新失败: ('Connection aborted.', RemoteDisconnected('Remote end closed connection without response'))
2025-08-23 09:31:21,337 - WARNING - ⚠️ 600926 杭州银行 K线更新失败: ('Connection aborted.', RemoteDisconnected('Remote end closed connection without response'))
2025-08-23 09:31:21,968 - WARNING - ⚠️ 600927 永安期货 K线更新失败: ('Connection aborted.', RemoteDisconnected('Remote end closed connection without response'))
2025-08-23 09:31:22,605 - WARNING - ⚠️ 600928 西安银行 K线更新失败: ('Connection aborted.', RemoteDisconnected('Remote end closed connection without response'))
2025-08-23 09:31:23,241 - WARNING - ⚠️ 600929 雪天盐业 K线更新失败: ('Connection aborted.', RemoteDisconnected('Remote end closed connection without response'))
2025-08-23 09:31:23,866 - WARNING - ⚠️ 600930 华电新能 K线更新失败: ('Connection aborted.', RemoteDisconnected('Remote end closed connection without response'))
2025-08-23 09:31:24,503 - WARNING - ⚠️ 600933 爱柯迪 K线更新失败: ('Connection aborted.', RemoteDisconnected('Remote end closed connection without response'))
2025-08-23 09:31:25,130 - WARNING - ⚠️ 600935 华塑股份 K线更新失败: ('Connection aborted.', RemoteDisconnected('Remote end closed connection without response'))
2025-08-23 09:31:25,763 - WARNING - ⚠️ 600936 广西广电 K线更新失败: ('Connection aborted.', RemoteDisconnected('Remote end closed connection without response'))
2025-08-23 09:31:26,381 - WARNING - ⚠️ 600938 中国海油 K线更新失败: ('Connection aborted.', RemoteDisconnected('Remote end closed connection without response'))
2025-08-23 09:31:27,009 - WARNING - ⚠️ 600939 重庆建工 K线更新失败: ('Connection aborted.', RemoteDisconnected('Remote end closed connection without response'))
2025-08-23 09:31:27,638 - WARNING - ⚠️ 600941 中国移动 K线更新失败: ('Connection aborted.', RemoteDisconnected('Remote end closed connection without response'))
2025-08-23 09:31:28,272 - WARNING - ⚠️ 600955 维远股份 K线更新失败: ('Connection aborted.', RemoteDisconnected('Remote end closed connection without response'))
2025-08-23 09:31:28,903 - WARNING - ⚠️ 600956 XD新天绿 K线更新失败: ('Connection aborted.', RemoteDisconnected('Remote end closed connection without response'))
2025-08-23 09:31:29,535 - WARNING - ⚠️ 600958 东方证券 K线更新失败: ('Connection aborted.', RemoteDisconnected('Remote end closed connection without response'))
2025-08-23 09:31:30,168 - WARNING - ⚠️ 600959 江苏有线 K线更新失败: ('Connection aborted.', RemoteDisconnected('Remote end closed connection without response'))
2025-08-23 09:31:30,801 - WARNING - ⚠️ 600960 渤海汽车 K线更新失败: ('Connection aborted.', RemoteDisconnected('Remote end closed connection without response'))
2025-08-23 09:31:31,434 - WARNING - ⚠️ 600961 株冶集团 K线更新失败: ('Connection aborted.', RemoteDisconnected('Remote end closed connection without response'))
2025-08-23 09:31:32,054 - WARNING - ⚠️ 600962 国投中鲁 K线更新失败: ('Connection aborted.', RemoteDisconnected('Remote end closed connection without response'))
2025-08-23 09:31:32,684 - WARNING - ⚠️ 600963 岳阳林纸 K线更新失败: ('Connection aborted.', RemoteDisconnected('Remote end closed connection without response'))
2025-08-23 09:31:33,311 - WARNING - ⚠️ 600965 福成股份 K线更新失败: ('Connection aborted.', RemoteDisconnected('Remote end closed connection without response'))
2025-08-23 09:31:34,039 - WARNING - ⚠️ 600966 博汇纸业 K线更新失败: ('Connection aborted.', RemoteDisconnected('Remote end closed connection without response'))
2025-08-23 09:31:34,665 - WARNING - ⚠️ 600967 内蒙一机 K线更新失败: ('Connection aborted.', RemoteDisconnected('Remote end closed connection without response'))
2025-08-23 09:31:35,294 - WARNING - ⚠️ 600968 海油发展 K线更新失败: ('Connection aborted.', RemoteDisconnected('Remote end closed connection without response'))
2025-08-23 09:31:35,914 - WARNING - ⚠️ 600969 郴电国际 K线更新失败: ('Connection aborted.', RemoteDisconnected('Remote end closed connection without response'))
2025-08-23 09:31:36,540 - WARNING - ⚠️ 600970 中材国际 K线更新失败: ('Connection aborted.', RemoteDisconnected('Remote end closed connection without response'))
2025-08-23 09:31:37,179 - WARNING - ⚠️ 600971 恒源煤电 K线更新失败: ('Connection aborted.', RemoteDisconnected('Remote end closed connection without response'))
2025-08-23 09:31:37,813 - WARNING - ⚠️ 600973 宝胜股份 K线更新失败: ('Connection aborted.', RemoteDisconnected('Remote end closed connection without response'))
2025-08-23 09:31:38,443 - WARNING - ⚠️ 600975 新五丰 K线更新失败: ('Connection aborted.', RemoteDisconnected('Remote end closed connection without response'))
2025-08-23 09:31:39,079 - WARNING - ⚠️ 600976 健民集团 K线更新失败: ('Connection aborted.', RemoteDisconnected('Remote end closed connection without response'))
2025-08-23 09:31:39,704 - WARNING - ⚠️ 600977 中国电影 K线更新失败: ('Connection aborted.', RemoteDisconnected('Remote end closed connection without response'))
2025-08-23 09:31:40,343 - WARNING - ⚠️ 600978 *ST宜生 K线更新失败: ('Connection aborted.', RemoteDisconnected('Remote end closed connection without response'))
2025-08-23 09:31:40,973 - WARNING - ⚠️ 600979 广安爱众 K线更新失败: ('Connection aborted.', RemoteDisconnected('Remote end closed connection without response'))
2025-08-23 09:31:41,601 - WARNING - ⚠️ 600980 北矿科技 K线更新失败: ('Connection aborted.', RemoteDisconnected('Remote end closed connection without response'))
2025-08-23 09:31:42,229 - WARNING - ⚠️ 600981 汇鸿集团 K线更新失败: ('Connection aborted.', RemoteDisconnected('Remote end closed connection without response'))
2025-08-23 09:31:42,873 - WARNING - ⚠️ 600982 宁波能源 K线更新失败: ('Connection aborted.', RemoteDisconnected('Remote end closed connection without response'))
2025-08-23 09:31:43,503 - WARNING - ⚠️ 600983 惠而浦 K线更新失败: ('Connection aborted.', RemoteDisconnected('Remote end closed connection without response'))
2025-08-23 09:31:44,136 - WARNING - ⚠️ 600984 建设机械 K线更新失败: ('Connection aborted.', RemoteDisconnected('Remote end closed connection without response'))
2025-08-23 09:31:44,769 - WARNING - ⚠️ 600985 淮北矿业 K线更新失败: ('Connection aborted.', RemoteDisconnected('Remote end closed connection without response'))
2025-08-23 09:31:45,402 - WARNING - ⚠️ 600986 浙文互联 K线更新失败: ('Connection aborted.', RemoteDisconnected('Remote end closed connection without response'))
2025-08-23 09:31:46,035 - WARNING - ⚠️ 600987 航民股份 K线更新失败: ('Connection aborted.', RemoteDisconnected('Remote end closed connection without response'))
2025-08-23 09:31:46,678 - WARNING - ⚠️ 600988 赤峰黄金 K线更新失败: ('Connection aborted.', RemoteDisconnected('Remote end closed connection without response'))
2025-08-23 09:31:47,312 - WARNING - ⚠️ 600989 宝丰能源 K线更新失败: ('Connection aborted.', RemoteDisconnected('Remote end closed connection without response'))
2025-08-23 09:31:47,933 - WARNING - ⚠️ 600990 四创电子 K线更新失败: ('Connection aborted.', RemoteDisconnected('Remote end closed connection without response'))
2025-08-23 09:31:48,558 - WARNING - ⚠️ 600991 广汽长丰 K线更新失败: ('Connection aborted.', RemoteDisconnected('Remote end closed connection without response'))
2025-08-23 09:31:49,184 - WARNING - ⚠️ 600992 贵绳股份 K线更新失败: ('Connection aborted.', RemoteDisconnected('Remote end closed connection without response'))
2025-08-23 09:31:49,811 - WARNING - ⚠️ 600993 马应龙 K线更新失败: ('Connection aborted.', RemoteDisconnected('Remote end closed connection without response'))
2025-08-23 09:31:50,436 - WARNING - ⚠️ 600995 南网储能 K线更新失败: ('Connection aborted.', RemoteDisconnected('Remote end closed connection without response'))
2025-08-23 09:31:51,061 - WARNING - ⚠️ 600996 贵广网络 K线更新失败: ('Connection aborted.', RemoteDisconnected('Remote end closed connection without response'))
2025-08-23 09:31:51,693 - WARNING - ⚠️ 600997 开滦股份 K线更新失败: ('Connection aborted.', RemoteDisconnected('Remote end closed connection without response'))
2025-08-23 09:31:52,320 - WARNING - ⚠️ 600998 九州通 K线更新失败: ('Connection aborted.', RemoteDisconnected('Remote end closed connection without response'))
2025-08-23 09:31:52,959 - WARNING - ⚠️ 600999 招商证券 K线更新失败: ('Connection aborted.', RemoteDisconnected('Remote end closed connection without response'))
2025-08-23 09:31:53,584 - WARNING - ⚠️ 601000 唐山港 K线更新失败: ('Connection aborted.', RemoteDisconnected('Remote end closed connection without response'))
2025-08-23 09:31:54,204 - WARNING - ⚠️ 601001 晋控煤业 K线更新失败: ('Connection aborted.', RemoteDisconnected('Remote end closed connection without response'))
2025-08-23 09:31:54,839 - WARNING - ⚠️ 601002 晋亿实业 K线更新失败: ('Connection aborted.', RemoteDisconnected('Remote end closed connection without response'))
2025-08-23 09:31:55,469 - WARNING - ⚠️ 601003 柳钢股份 K线更新失败: ('Connection aborted.', RemoteDisconnected('Remote end closed connection without response'))
2025-08-23 09:31:56,108 - WARNING - ⚠️ 601005 重庆钢铁 K线更新失败: ('Connection aborted.', RemoteDisconnected('Remote end closed connection without response'))
2025-08-23 09:31:56,724 - WARNING - ⚠️ 601006 大秦铁路 K线更新失败: ('Connection aborted.', RemoteDisconnected('Remote end closed connection without response'))
2025-08-23 09:31:57,348 - WARNING - ⚠️ 601007 金陵饭店 K线更新失败: ('Connection aborted.', RemoteDisconnected('Remote end closed connection without response'))
2025-08-23 09:31:57,980 - WARNING - ⚠️ 601008 连云港 K线更新失败: ('Connection aborted.', RemoteDisconnected('Remote end closed connection without response'))
2025-08-23 09:31:58,609 - WARNING - ⚠️ 601009 南京银行 K线更新失败: ('Connection aborted.', RemoteDisconnected('Remote end closed connection without response'))
2025-08-23 09:31:59,233 - WARNING - ⚠️ 601010 文峰股份 K线更新失败: ('Connection aborted.', RemoteDisconnected('Remote end closed connection without response'))
2025-08-23 09:31:59,839 - WARNING - ⚠️ 601011 宝泰隆 K线更新失败: ('Connection aborted.', RemoteDisconnected('Remote end closed connection without response'))
2025-08-23 09:32:00,475 - WARNING - ⚠️ 601012 隆基绿能 K线更新失败: ('Connection aborted.', RemoteDisconnected('Remote end closed connection without response'))
2025-08-23 09:32:01,111 - WARNING - ⚠️ 601015 陕西黑猫 K线更新失败: ('Connection aborted.', RemoteDisconnected('Remote end closed connection without response'))
2025-08-23 09:32:01,738 - WARNING - ⚠️ 601016 节能风电 K线更新失败: ('Connection aborted.', RemoteDisconnected('Remote end closed connection without response'))
2025-08-23 09:32:02,373 - WARNING - ⚠️ 601018 宁波港 K线更新失败: ('Connection aborted.', RemoteDisconnected('Remote end closed connection without response'))
2025-08-23 09:32:03,003 - WARNING - ⚠️ 601019 山东出版 K线更新失败: ('Connection aborted.', RemoteDisconnected('Remote end closed connection without response'))
2025-08-23 09:32:03,635 - WARNING - ⚠️ 601020 华钰矿业 K线更新失败: ('Connection aborted.', RemoteDisconnected('Remote end closed connection without response'))
2025-08-23 09:32:04,252 - WARNING - ⚠️ 601021 春秋航空 K线更新失败: ('Connection aborted.', RemoteDisconnected('Remote end closed connection without response'))
2025-08-23 09:32:04,874 - WARNING - ⚠️ 601022 宁波远洋 K线更新失败: ('Connection aborted.', RemoteDisconnected('Remote end closed connection without response'))
2025-08-23 09:32:05,495 - WARNING - ⚠️ 601028 玉龙股份 K线更新失败: ('Connection aborted.', RemoteDisconnected('Remote end closed connection without response'))
2025-08-23 09:32:06,128 - WARNING - ⚠️ 601033 永兴股份 K线更新失败: ('Connection aborted.', RemoteDisconnected('Remote end closed connection without response'))
2025-08-23 09:32:06,754 - WARNING - ⚠️ 601038 一拖股份 K线更新失败: ('Connection aborted.', RemoteDisconnected('Remote end closed connection without response'))
2025-08-23 09:32:07,387 - WARNING - ⚠️ 601058 赛轮轮胎 K线更新失败: ('Connection aborted.', RemoteDisconnected('Remote end closed connection without response'))
2025-08-23 09:32:08,026 - WARNING - ⚠️ 601059 信达证券 K线更新失败: ('Connection aborted.', RemoteDisconnected('Remote end closed connection without response'))
2025-08-23 09:32:08,655 - WARNING - ⚠️ 601061 中信金属 K线更新失败: ('Connection aborted.', RemoteDisconnected('Remote end closed connection without response'))
2025-08-23 09:32:09,282 - WARNING - ⚠️ 601065 江盐集团 K线更新失败: ('Connection aborted.', RemoteDisconnected('Remote end closed connection without response'))
2025-08-23 09:32:09,925 - WARNING - ⚠️ 601066 中信建投 K线更新失败: ('Connection aborted.', RemoteDisconnected('Remote end closed connection without response'))
2025-08-23 09:32:10,548 - WARNING - ⚠️ 601068 中铝国际 K线更新失败: ('Connection aborted.', RemoteDisconnected('Remote end closed connection without response'))
2025-08-23 09:32:11,173 - WARNING - ⚠️ 601069 西部黄金 K线更新失败: ('Connection aborted.', RemoteDisconnected('Remote end closed connection without response'))
2025-08-23 09:32:11,798 - WARNING - ⚠️ 601077 渝农商行 K线更新失败: ('Connection aborted.', RemoteDisconnected('Remote end closed connection without response'))
2025-08-23 09:32:12,415 - WARNING - ⚠️ 601083 锦江航运 K线更新失败: ('Connection aborted.', RemoteDisconnected('Remote end closed connection without response'))
2025-08-23 09:32:13,041 - WARNING - ⚠️ 601086 国芳集团 K线更新失败: ('Connection aborted.', RemoteDisconnected('Remote end closed connection without response'))
2025-08-23 09:32:13,676 - WARNING - ⚠️ 601088 中国神华 K线更新失败: ('Connection aborted.', RemoteDisconnected('Remote end closed connection without response'))
2025-08-23 09:32:14,305 - WARNING - ⚠️ 601089 福元医药 K线更新失败: ('Connection aborted.', RemoteDisconnected('Remote end closed connection without response'))
2025-08-23 09:32:14,945 - WARNING - ⚠️ 601096 宏盛华源 K线更新失败: ('Connection aborted.', RemoteDisconnected('Remote end closed connection without response'))
2025-08-23 09:32:15,577 - WARNING - ⚠️ 601098 中南传媒 K线更新失败: ('Connection aborted.', RemoteDisconnected('Remote end closed connection without response'))
2025-08-23 09:32:16,205 - WARNING - ⚠️ 601099 太平洋 K线更新失败: ('Connection aborted.', RemoteDisconnected('Remote end closed connection without response'))
2025-08-23 09:32:16,834 - WARNING - ⚠️ 601100 恒立液压 K线更新失败: ('Connection aborted.', RemoteDisconnected('Remote end closed connection without response'))
2025-08-23 09:32:17,465 - WARNING - ⚠️ 601101 昊华能源 K线更新失败: ('Connection aborted.', RemoteDisconnected('Remote end closed connection without response'))
2025-08-23 09:32:18,099 - WARNING - ⚠️ 601106 中国一重 K线更新失败: ('Connection aborted.', RemoteDisconnected('Remote end closed connection without response'))
2025-08-23 09:32:18,722 - WARNING - ⚠️ 601107 四川成渝 K线更新失败: ('Connection aborted.', RemoteDisconnected('Remote end closed connection without response'))
2025-08-23 09:32:19,391 - WARNING - ⚠️ 601108 财通证券 K线更新失败: ('Connection aborted.', RemoteDisconnected('Remote end closed connection without response'))
2025-08-23 09:32:20,021 - WARNING - ⚠️ 601111 中国国航 K线更新失败: ('Connection aborted.', RemoteDisconnected('Remote end closed connection without response'))
2025-08-23 09:32:20,643 - WARNING - ⚠️ 601113 华鼎股份 K线更新失败: ('Connection aborted.', RemoteDisconnected('Remote end closed connection without response'))
2025-08-23 09:32:21,273 - WARNING - ⚠️ 601116 三江购物 K线更新失败: ('Connection aborted.', RemoteDisconnected('Remote end closed connection without response'))
2025-08-23 09:32:21,896 - WARNING - ⚠️ 601117 中国化学 K线更新失败: ('Connection aborted.', RemoteDisconnected('Remote end closed connection without response'))
2025-08-23 09:32:22,511 - WARNING - ⚠️ 601118 海南橡胶 K线更新失败: ('Connection aborted.', RemoteDisconnected('Remote end closed connection without response'))
2025-08-23 09:32:23,141 - WARNING - ⚠️ 601121 宝地矿业 K线更新失败: ('Connection aborted.', RemoteDisconnected('Remote end closed connection without response'))
2025-08-23 09:32:23,769 - WARNING - ⚠️ 601126 四方股份 K线更新失败: ('Connection aborted.', RemoteDisconnected('Remote end closed connection without response'))
2025-08-23 09:32:24,401 - WARNING - ⚠️ 601127 赛力斯 K线更新失败: ('Connection aborted.', RemoteDisconnected('Remote end closed connection without response'))
2025-08-23 09:32:25,013 - WARNING - ⚠️ 601128 常熟银行 K线更新失败: ('Connection aborted.', RemoteDisconnected('Remote end closed connection without response'))
2025-08-23 09:32:25,645 - WARNING - ⚠️ 601133 柏诚股份 K线更新失败: ('Connection aborted.', RemoteDisconnected('Remote end closed connection without response'))
2025-08-23 09:32:26,266 - WARNING - ⚠️ 601136 首创证券 K线更新失败: ('Connection aborted.', RemoteDisconnected('Remote end closed connection without response'))
2025-08-23 09:32:26,904 - WARNING - ⚠️ 601137 博威合金 K线更新失败: ('Connection aborted.', RemoteDisconnected('Remote end closed connection without response'))
2025-08-23 09:32:27,529 - WARNING - ⚠️ 601138 工业富联 K线更新失败: ('Connection aborted.', RemoteDisconnected('Remote end closed connection without response'))
2025-08-23 09:32:28,168 - WARNING - ⚠️ 601139 深圳燃气 K线更新失败: ('Connection aborted.', RemoteDisconnected('Remote end closed connection without response'))
2025-08-23 09:32:28,802 - WARNING - ⚠️ 601155 新城控股 K线更新失败: ('Connection aborted.', RemoteDisconnected('Remote end closed connection without response'))
2025-08-23 09:32:29,437 - WARNING - ⚠️ 601156 东航物流 K线更新失败: ('Connection aborted.', RemoteDisconnected('Remote end closed connection without response'))
2025-08-23 09:32:30,075 - WARNING - ⚠️ 601158 重庆水务 K线更新失败: ('Connection aborted.', RemoteDisconnected('Remote end closed connection without response'))
2025-08-23 09:32:30,702 - WARNING - ⚠️ 601162 天风证券 K线更新失败: ('Connection aborted.', RemoteDisconnected('Remote end closed connection without response'))
2025-08-23 09:32:31,325 - WARNING - ⚠️ 601163 三角轮胎 K线更新失败: ('Connection aborted.', RemoteDisconnected('Remote end closed connection without response'))
2025-08-23 09:32:31,949 - WARNING - ⚠️ 601166 兴业银行 K线更新失败: ('Connection aborted.', RemoteDisconnected('Remote end closed connection without response'))
2025-08-23 09:32:32,580 - WARNING - ⚠️ 601168 西部矿业 K线更新失败: ('Connection aborted.', RemoteDisconnected('Remote end closed connection without response'))
2025-08-23 09:32:33,217 - WARNING - ⚠️ 601169 北京银行 K线更新失败: ('Connection aborted.', RemoteDisconnected('Remote end closed connection without response'))
2025-08-23 09:32:33,846 - WARNING - ⚠️ 601177 杭齿前进 K线更新失败: ('Connection aborted.', RemoteDisconnected('Remote end closed connection without response'))
2025-08-23 09:32:34,471 - WARNING - ⚠️ 601179 中国西电 K线更新失败: ('Connection aborted.', RemoteDisconnected('Remote end closed connection without response'))
2025-08-23 09:32:35,101 - WARNING - ⚠️ 601186 中国铁建 K线更新失败: ('Connection aborted.', RemoteDisconnected('Remote end closed connection without response'))
2025-08-23 09:32:35,731 - WARNING - ⚠️ 601187 厦门银行 K线更新失败: ('Connection aborted.', RemoteDisconnected('Remote end closed connection without response'))
2025-08-23 09:32:36,358 - WARNING - ⚠️ 601188 龙江交通 K线更新失败: ('Connection aborted.', RemoteDisconnected('Remote end closed connection without response'))
2025-08-23 09:32:36,990 - WARNING - ⚠️ 601198 东兴证券 K线更新失败: ('Connection aborted.', RemoteDisconnected('Remote end closed connection without response'))
2025-08-23 09:32:37,629 - WARNING - ⚠️ 601199 江南水务 K线更新失败: ('Connection aborted.', RemoteDisconnected('Remote end closed connection without response'))
2025-08-23 09:32:38,259 - WARNING - ⚠️ 601200 上海环境 K线更新失败: ('Connection aborted.', RemoteDisconnected('Remote end closed connection without response'))
2025-08-23 09:32:38,894 - WARNING - ⚠️ 601208 东材科技 K线更新失败: ('Connection aborted.', RemoteDisconnected('Remote end closed connection without response'))
2025-08-23 09:32:39,526 - WARNING - ⚠️ 601211 国泰海通 K线更新失败: ('Connection aborted.', RemoteDisconnected('Remote end closed connection without response'))
2025-08-23 09:32:40,158 - WARNING - ⚠️ 601212 白银有色 K线更新失败: ('Connection aborted.', RemoteDisconnected('Remote end closed connection without response'))
2025-08-23 09:32:40,784 - WARNING - ⚠️ 601216 君正集团 K线更新失败: ('Connection aborted.', RemoteDisconnected('Remote end closed connection without response'))
2025-08-23 09:32:41,406 - WARNING - ⚠️ 601218 吉鑫科技 K线更新失败: ('Connection aborted.', RemoteDisconnected('Remote end closed connection without response'))
2025-08-23 09:32:42,041 - WARNING - ⚠️ 601222 林洋能源 K线更新失败: ('Connection aborted.', RemoteDisconnected('Remote end closed connection without response'))
2025-08-23 09:32:42,663 - WARNING - ⚠️ 601225 陕西煤业 K线更新失败: ('Connection aborted.', RemoteDisconnected('Remote end closed connection without response'))
2025-08-23 09:32:43,293 - WARNING - ⚠️ 601226 华电科工 K线更新失败: ('Connection aborted.', RemoteDisconnected('Remote end closed connection without response'))
2025-08-23 09:32:43,928 - WARNING - ⚠️ 601228 广州港 K线更新失败: ('Connection aborted.', RemoteDisconnected('Remote end closed connection without response'))
2025-08-23 09:32:44,563 - WARNING - ⚠️ 601229 上海银行 K线更新失败: ('Connection aborted.', RemoteDisconnected('Remote end closed connection without response'))
2025-08-23 09:32:45,182 - WARNING - ⚠️ 601231 环旭电子 K线更新失败: ('Connection aborted.', RemoteDisconnected('Remote end closed connection without response'))
2025-08-23 09:32:45,817 - WARNING - ⚠️ 601233 桐昆股份 K线更新失败: ('Connection aborted.', RemoteDisconnected('Remote end closed connection without response'))
2025-08-23 09:32:46,448 - WARNING - ⚠️ 601236 红塔证券 K线更新失败: ('Connection aborted.', RemoteDisconnected('Remote end closed connection without response'))
2025-08-23 09:32:47,080 - WARNING - ⚠️ 601238 广汽集团 K线更新失败: ('Connection aborted.', RemoteDisconnected('Remote end closed connection without response'))
2025-08-23 09:32:47,696 - WARNING - ⚠️ 601258 *ST庞大 K线更新失败: ('Connection aborted.', RemoteDisconnected('Remote end closed connection without response'))
2025-08-23 09:32:48,323 - WARNING - ⚠️ 601268 *ST二重 K线更新失败: ('Connection aborted.', RemoteDisconnected('Remote end closed connection without response'))
2025-08-23 09:32:48,945 - WARNING - ⚠️ 601279 英利汽车 K线更新失败: ('Connection aborted.', RemoteDisconnected('Remote end closed connection without response'))
2025-08-23 09:32:49,584 - WARNING - ⚠️ 601288 农业银行 K线更新失败: ('Connection aborted.', RemoteDisconnected('Remote end closed connection without response'))
2025-08-23 09:32:50,206 - WARNING - ⚠️ 601298 青岛港 K线更新失败: ('Connection aborted.', RemoteDisconnected('Remote end closed connection without response'))
2025-08-23 09:32:50,821 - WARNING - ⚠️ 601299 中国北车 K线更新失败: ('Connection aborted.', RemoteDisconnected('Remote end closed connection without response'))
2025-08-23 09:32:51,440 - WARNING - ⚠️ 601311 骆驼股份 K线更新失败: ('Connection aborted.', RemoteDisconnected('Remote end closed connection without response'))
2025-08-23 09:32:52,068 - WARNING - ⚠️ 601318 中国平安 K线更新失败: ('Connection aborted.', RemoteDisconnected('Remote end closed connection without response'))
2025-08-23 09:32:52,704 - WARNING - ⚠️ 601319 中国人保 K线更新失败: ('Connection aborted.', RemoteDisconnected('Remote end closed connection without response'))
2025-08-23 09:32:53,331 - WARNING - ⚠️ 601326 秦港股份 K线更新失败: ('Connection aborted.', RemoteDisconnected('Remote end closed connection without response'))
2025-08-23 09:32:53,964 - WARNING - ⚠️ 601328 交通银行 K线更新失败: ('Connection aborted.', RemoteDisconnected('Remote end closed connection without response'))
2025-08-23 09:32:54,580 - WARNING - ⚠️ 601330 绿色动力 K线更新失败: ('Connection aborted.', RemoteDisconnected('Remote end closed connection without response'))
2025-08-23 09:32:55,205 - WARNING - ⚠️ 601333 广深铁路 K线更新失败: ('Connection aborted.', RemoteDisconnected('Remote end closed connection without response'))
2025-08-23 09:32:55,842 - WARNING - ⚠️ 601336 新华保险 K线更新失败: ('Connection aborted.', RemoteDisconnected('Remote end closed connection without response'))
2025-08-23 09:32:56,464 - WARNING - ⚠️ 601339 百隆东方 K线更新失败: ('Connection aborted.', RemoteDisconnected('Remote end closed connection without response'))
2025-08-23 09:32:57,097 - WARNING - ⚠️ 601360 三六零 K线更新失败: ('Connection aborted.', RemoteDisconnected('Remote end closed connection without response'))
2025-08-23 09:32:57,737 - WARNING - ⚠️ 601366 利群股份 K线更新失败: ('Connection aborted.', RemoteDisconnected('Remote end closed connection without response'))
2025-08-23 09:32:58,363 - WARNING - ⚠️ 601368 绿城水务 K线更新失败: ('Connection aborted.', RemoteDisconnected('Remote end closed connection without response'))
2025-08-23 09:32:58,988 - WARNING - ⚠️ 601369 陕鼓动力 K线更新失败: ('Connection aborted.', RemoteDisconnected('Remote end closed connection without response'))
2025-08-23 09:32:59,620 - WARNING - ⚠️ 601375 中原证券 K线更新失败: ('Connection aborted.', RemoteDisconnected('Remote end closed connection without response'))
2025-08-23 09:33:00,256 - WARNING - ⚠️ 601377 兴业证券 K线更新失败: ('Connection aborted.', RemoteDisconnected('Remote end closed connection without response'))
2025-08-23 09:33:00,894 - WARNING - ⚠️ 601388 怡球资源 K线更新失败: ('Connection aborted.', RemoteDisconnected('Remote end closed connection without response'))
2025-08-23 09:33:01,522 - WARNING - ⚠️ 601390 中国中铁 K线更新失败: ('Connection aborted.', RemoteDisconnected('Remote end closed connection without response'))
2025-08-23 09:33:02,186 - WARNING - ⚠️ 601398 工商银行 K线更新失败: ('Connection aborted.', RemoteDisconnected('Remote end closed connection without response'))
2025-08-23 09:33:02,819 - WARNING - ⚠️ 601399 国机重装 K线更新失败: ('Connection aborted.', RemoteDisconnected('Remote end closed connection without response'))
2025-08-23 09:33:03,454 - WARNING - ⚠️ 601456 国联民生 K线更新失败: ('Connection aborted.', RemoteDisconnected('Remote end closed connection without response'))
2025-08-23 09:33:04,083 - WARNING - ⚠️ 601500 通用股份 K线更新失败: ('Connection aborted.', RemoteDisconnected('Remote end closed connection without response'))
2025-08-23 09:33:04,715 - WARNING - ⚠️ 601512 中新集团 K线更新失败: ('Connection aborted.', RemoteDisconnected('Remote end closed connection without response'))
2025-08-23 09:33:05,337 - WARNING - ⚠️ 601515 东峰集团 K线更新失败: ('Connection aborted.', RemoteDisconnected('Remote end closed connection without response'))
2025-08-23 09:33:05,973 - WARNING - ⚠️ 601518 吉林高速 K线更新失败: ('Connection aborted.', RemoteDisconnected('Remote end closed connection without response'))
2025-08-23 09:33:06,610 - WARNING - ⚠️ 601519 大智慧 K线更新失败: ('Connection aborted.', RemoteDisconnected('Remote end closed connection without response'))
2025-08-23 09:33:07,242 - WARNING - ⚠️ 601528 瑞丰银行 K线更新失败: ('Connection aborted.', RemoteDisconnected('Remote end closed connection without response'))
2025-08-23 09:33:07,875 - WARNING - ⚠️ 601555 东吴证券 K线更新失败: ('Connection aborted.', RemoteDisconnected('Remote end closed connection without response'))
2025-08-23 09:33:08,494 - WARNING - ⚠️ 601558 退市锐电 K线更新失败: ('Connection aborted.', RemoteDisconnected('Remote end closed connection without response'))
2025-08-23 09:33:09,104 - WARNING - ⚠️ 601566 九牧王 K线更新失败: ('Connection aborted.', RemoteDisconnected('Remote end closed connection without response'))
2025-08-23 09:33:09,739 - WARNING - ⚠️ 601567 三星医疗 K线更新失败: ('Connection aborted.', RemoteDisconnected('Remote end closed connection without response'))
2025-08-23 09:33:10,374 - WARNING - ⚠️ 601568 北元集团 K线更新失败: ('Connection aborted.', RemoteDisconnected('Remote end closed connection without response'))
2025-08-23 09:33:10,995 - WARNING - ⚠️ 601577 长沙银行 K线更新失败: ('Connection aborted.', RemoteDisconnected('Remote end closed connection without response'))
2025-08-23 09:33:11,633 - WARNING - ⚠️ 601579 会稽山 K线更新失败: ('Connection aborted.', RemoteDisconnected('Remote end closed connection without response'))
2025-08-23 09:33:12,266 - WARNING - ⚠️ 601588 北辰实业 K线更新失败: ('Connection aborted.', RemoteDisconnected('Remote end closed connection without response'))
2025-08-23 09:33:12,897 - WARNING - ⚠️ 601595 上海电影 K线更新失败: ('Connection aborted.', RemoteDisconnected('Remote end closed connection without response'))
2025-08-23 09:33:13,532 - WARNING - ⚠️ 601598 中国外运 K线更新失败: ('Connection aborted.', RemoteDisconnected('Remote end closed connection without response'))
2025-08-23 09:33:14,156 - WARNING - ⚠️ 601599 浙文影业 K线更新失败: ('Connection aborted.', RemoteDisconnected('Remote end closed connection without response'))
2025-08-23 09:33:14,790 - WARNING - ⚠️ 601600 中国铝业 K线更新失败: ('Connection aborted.', RemoteDisconnected('Remote end closed connection without response'))
2025-08-23 09:33:15,411 - WARNING - ⚠️ 601601 中国太保 K线更新失败: ('Connection aborted.', RemoteDisconnected('Remote end closed connection without response'))
2025-08-23 09:33:16,044 - WARNING - ⚠️ 601606 长城军工 K线更新失败: ('Connection aborted.', RemoteDisconnected('Remote end closed connection without response'))
2025-08-23 09:33:16,679 - WARNING - ⚠️ 601607 上海医药 K线更新失败: ('Connection aborted.', RemoteDisconnected('Remote end closed connection without response'))
2025-08-23 09:33:17,310 - WARNING - ⚠️ 601608 中信重工 K线更新失败: ('Connection aborted.', RemoteDisconnected('Remote end closed connection without response'))
2025-08-23 09:33:17,939 - WARNING - ⚠️ 601609 金田股份 K线更新失败: ('Connection aborted.', RemoteDisconnected('Remote end closed connection without response'))
2025-08-23 09:33:18,576 - WARNING - ⚠️ 601611 中国核建 K线更新失败: ('Connection aborted.', RemoteDisconnected('Remote end closed connection without response'))
2025-08-23 09:33:19,205 - WARNING - ⚠️ 601615 明阳智能 K线更新失败: ('Connection aborted.', RemoteDisconnected('Remote end closed connection without response'))
2025-08-23 09:33:19,841 - WARNING - ⚠️ 601616 广电电气 K线更新失败: ('Connection aborted.', RemoteDisconnected('Remote end closed connection without response'))
2025-08-23 09:33:20,457 - WARNING - ⚠️ 601618 中国中冶 K线更新失败: ('Connection aborted.', RemoteDisconnected('Remote end closed connection without response'))
2025-08-23 09:33:21,080 - WARNING - ⚠️ 601619 嘉泽新能 K线更新失败: ('Connection aborted.', RemoteDisconnected('Remote end closed connection without response'))
2025-08-23 09:33:21,711 - WARNING - ⚠️ 601628 中国人寿 K线更新失败: ('Connection aborted.', RemoteDisconnected('Remote end closed connection without response'))
2025-08-23 09:33:22,350 - WARNING - ⚠️ 601633 长城汽车 K线更新失败: ('Connection aborted.', RemoteDisconnected('Remote end closed connection without response'))
2025-08-23 09:33:22,979 - WARNING - ⚠️ 601636 旗滨集团 K线更新失败: ('Connection aborted.', RemoteDisconnected('Remote end closed connection without response'))
2025-08-23 09:33:23,624 - WARNING - ⚠️ 601658 邮储银行 K线更新失败: ('Connection aborted.', RemoteDisconnected('Remote end closed connection without response'))
2025-08-23 09:33:24,252 - WARNING - ⚠️ 601665 齐鲁银行 K线更新失败: ('Connection aborted.', RemoteDisconnected('Remote end closed connection without response'))
2025-08-23 09:33:24,893 - WARNING - ⚠️ 601666 平煤股份 K线更新失败: ('Connection aborted.', RemoteDisconnected('Remote end closed connection without response'))
2025-08-23 09:33:25,520 - WARNING - ⚠️ 601668 中国建筑 K线更新失败: ('Connection aborted.', RemoteDisconnected('Remote end closed connection without response'))
2025-08-23 09:33:26,145 - WARNING - ⚠️ 601669 中国电建 K线更新失败: ('Connection aborted.', RemoteDisconnected('Remote end closed connection without response'))
2025-08-23 09:33:26,777 - WARNING - ⚠️ 601677 明泰铝业 K线更新失败: ('Connection aborted.', RemoteDisconnected('Remote end closed connection without response'))
2025-08-23 09:33:27,410 - WARNING - ⚠️ 601678 滨化股份 K线更新失败: ('Connection aborted.', RemoteDisconnected('Remote end closed connection without response'))
2025-08-23 09:33:28,042 - WARNING - ⚠️ 601686 友发集团 K线更新失败: ('Connection aborted.', RemoteDisconnected('Remote end closed connection without response'))
2025-08-23 09:33:28,667 - WARNING - ⚠️ 601688 华泰证券 K线更新失败: ('Connection aborted.', RemoteDisconnected('Remote end closed connection without response'))
2025-08-23 09:33:29,310 - WARNING - ⚠️ 601689 拓普集团 K线更新失败: ('Connection aborted.', RemoteDisconnected('Remote end closed connection without response'))
2025-08-23 09:33:29,939 - WARNING - ⚠️ 601696 中银证券 K线更新失败: ('Connection aborted.', RemoteDisconnected('Remote end closed connection without response'))
2025-08-23 09:33:30,566 - WARNING - ⚠️ 601698 中国卫通 K线更新失败: ('Connection aborted.', RemoteDisconnected('Remote end closed connection without response'))
2025-08-23 09:33:31,182 - WARNING - ⚠️ 601699 潞安环能 K线更新失败: ('Connection aborted.', RemoteDisconnected('Remote end closed connection without response'))
2025-08-23 09:33:31,822 - WARNING - ⚠️ 601700 风范股份 K线更新失败: ('Connection aborted.', RemoteDisconnected('Remote end closed connection without response'))
2025-08-23 09:33:32,446 - WARNING - ⚠️ 601702 华峰铝业 K线更新失败: ('Connection aborted.', RemoteDisconnected('Remote end closed connection without response'))
2025-08-23 09:33:33,080 - WARNING - ⚠️ 601717 中创智领 K线更新失败: ('Connection aborted.', RemoteDisconnected('Remote end closed connection without response'))
2025-08-23 09:33:33,704 - WARNING - ⚠️ 601718 际华集团 K线更新失败: ('Connection aborted.', RemoteDisconnected('Remote end closed connection without response'))
2025-08-23 09:33:34,329 - WARNING - ⚠️ 601727 上海电气 K线更新失败: ('Connection aborted.', RemoteDisconnected('Remote end closed connection without response'))
2025-08-23 09:33:34,954 - WARNING - ⚠️ 601728 中国电信 K线更新失败: ('Connection aborted.', RemoteDisconnected('Remote end closed connection without response'))
2025-08-23 09:33:35,591 - WARNING - ⚠️ 601766 中国中车 K线更新失败: ('Connection aborted.', RemoteDisconnected('Remote end closed connection without response'))
2025-08-23 09:33:36,222 - WARNING - ⚠️ 601777 千里科技 K线更新失败: ('Connection aborted.', RemoteDisconnected('Remote end closed connection without response'))
2025-08-23 09:33:36,851 - WARNING - ⚠️ 601778 晶科科技 K线更新失败: ('Connection aborted.', RemoteDisconnected('Remote end closed connection without response'))
2025-08-23 09:33:37,472 - WARNING - ⚠️ 601788 光大证券 K线更新失败: ('Connection aborted.', RemoteDisconnected('Remote end closed connection without response'))
2025-08-23 09:33:38,090 - WARNING - ⚠️ 601789 宁波建工 K线更新失败: ('Connection aborted.', RemoteDisconnected('Remote end closed connection without response'))
2025-08-23 09:33:38,713 - WARNING - ⚠️ 601798 蓝科高新 K线更新失败: ('Connection aborted.', RemoteDisconnected('Remote end closed connection without response'))
2025-08-23 09:33:39,355 - WARNING - ⚠️ 601799 星宇股份 K线更新失败: ('Connection aborted.', RemoteDisconnected('Remote end closed connection without response'))
2025-08-23 09:33:39,994 - WARNING - ⚠️ 601800 中国交建 K线更新失败: ('Connection aborted.', RemoteDisconnected('Remote end closed connection without response'))
2025-08-23 09:33:40,625 - WARNING - ⚠️ 601801 皖新传媒 K线更新失败: ('Connection aborted.', RemoteDisconnected('Remote end closed connection without response'))
2025-08-23 09:33:41,252 - WARNING - ⚠️ 601808 中海油服 K线更新失败: ('Connection aborted.', RemoteDisconnected('Remote end closed connection without response'))
2025-08-23 09:33:41,881 - WARNING - ⚠️ 601811 新华文轩 K线更新失败: ('Connection aborted.', RemoteDisconnected('Remote end closed connection without response'))
2025-08-23 09:33:42,496 - WARNING - ⚠️ 601816 京沪高铁 K线更新失败: ('Connection aborted.', RemoteDisconnected('Remote end closed connection without response'))
2025-08-23 09:33:43,127 - WARNING - ⚠️ 601818 光大银行 K线更新失败: ('Connection aborted.', RemoteDisconnected('Remote end closed connection without response'))
2025-08-23 09:33:43,752 - WARNING - ⚠️ 601825 沪农商行 K线更新失败: ('Connection aborted.', RemoteDisconnected('Remote end closed connection without response'))
2025-08-23 09:33:44,383 - WARNING - ⚠️ 601827 三峰环境 K线更新失败: ('Connection aborted.', RemoteDisconnected('Remote end closed connection without response'))
2025-08-23 09:33:45,012 - WARNING - ⚠️ 601828 美凯龙 K线更新失败: ('Connection aborted.', RemoteDisconnected('Remote end closed connection without response'))
2025-08-23 09:33:45,648 - WARNING - ⚠️ 601838 成都银行 K线更新失败: ('Connection aborted.', RemoteDisconnected('Remote end closed connection without response'))
2025-08-23 09:33:46,274 - WARNING - ⚠️ 601857 中国石油 K线更新失败: ('Connection aborted.', RemoteDisconnected('Remote end closed connection without response'))
2025-08-23 09:33:46,900 - WARNING - ⚠️ 601858 中国科传 K线更新失败: ('Connection aborted.', RemoteDisconnected('Remote end closed connection without response'))
2025-08-23 09:33:47,534 - WARNING - ⚠️ 601860 紫金银行 K线更新失败: ('Connection aborted.', RemoteDisconnected('Remote end closed connection without response'))
2025-08-23 09:33:48,144 - WARNING - ⚠️ 601865 福莱特 K线更新失败: ('Connection aborted.', RemoteDisconnected('Remote end closed connection without response'))
2025-08-23 09:33:48,783 - WARNING - ⚠️ 601866 中远海发 K线更新失败: ('Connection aborted.', RemoteDisconnected('Remote end closed connection without response'))
2025-08-23 09:33:49,403 - WARNING - ⚠️ 601868 中国能建 K线更新失败: ('Connection aborted.', RemoteDisconnected('Remote end closed connection without response'))
2025-08-23 09:33:50,035 - WARNING - ⚠️ 601869 长飞光纤 K线更新失败: ('Connection aborted.', RemoteDisconnected('Remote end closed connection without response'))
2025-08-23 09:33:50,666 - WARNING - ⚠️ 601872 招商轮船 K线更新失败: ('Connection aborted.', RemoteDisconnected('Remote end closed connection without response'))
2025-08-23 09:33:51,293 - WARNING - ⚠️ 601877 正泰电器 K线更新失败: ('Connection aborted.', RemoteDisconnected('Remote end closed connection without response'))
2025-08-23 09:33:51,928 - WARNING - ⚠️ 601878 浙商证券 K线更新失败: ('Connection aborted.', RemoteDisconnected('Remote end closed connection without response'))
2025-08-23 09:33:52,549 - WARNING - ⚠️ 601880 辽港股份 K线更新失败: ('Connection aborted.', RemoteDisconnected('Remote end closed connection without response'))
2025-08-23 09:33:53,162 - WARNING - ⚠️ 601881 中国银河 K线更新失败: ('Connection aborted.', RemoteDisconnected('Remote end closed connection without response'))
2025-08-23 09:33:53,798 - WARNING - ⚠️ 601882 海天精工 K线更新失败: ('Connection aborted.', RemoteDisconnected('Remote end closed connection without response'))
2025-08-23 09:33:54,430 - WARNING - ⚠️ 601886 江河集团 K线更新失败: ('Connection aborted.', RemoteDisconnected('Remote end closed connection without response'))
2025-08-23 09:33:55,061 - WARNING - ⚠️ 601888 中国中免 K线更新失败: ('Connection aborted.', RemoteDisconnected('Remote end closed connection without response'))
2025-08-23 09:33:55,696 - WARNING - ⚠️ 601890 亚星锚链 K线更新失败: ('Connection aborted.', RemoteDisconnected('Remote end closed connection without response'))
2025-08-23 09:33:56,342 - WARNING - ⚠️ 601898 中煤能源 K线更新失败: ('Connection aborted.', RemoteDisconnected('Remote end closed connection without response'))
2025-08-23 09:33:56,961 - WARNING - ⚠️ 601899 紫金矿业 K线更新失败: ('Connection aborted.', RemoteDisconnected('Remote end closed connection without response'))
2025-08-23 09:33:57,597 - WARNING - ⚠️ 601900 南方传媒 K线更新失败: ('Connection aborted.', RemoteDisconnected('Remote end closed connection without response'))
2025-08-23 09:33:58,239 - WARNING - ⚠️ 601901 方正证券 K线更新失败: ('Connection aborted.', RemoteDisconnected('Remote end closed connection without response'))
2025-08-23 09:33:58,875 - WARNING - ⚠️ 601908 京运通 K线更新失败: ('Connection aborted.', RemoteDisconnected('Remote end closed connection without response'))
2025-08-23 09:33:59,500 - WARNING - ⚠️ 601916 浙商银行 K线更新失败: ('Connection aborted.', RemoteDisconnected('Remote end closed connection without response'))
2025-08-23 09:34:00,130 - WARNING - ⚠️ 601918 新集能源 K线更新失败: ('Connection aborted.', RemoteDisconnected('Remote end closed connection without response'))
2025-08-23 09:34:00,761 - WARNING - ⚠️ 601919 中远海控 K线更新失败: ('Connection aborted.', RemoteDisconnected('Remote end closed connection without response'))
2025-08-23 09:34:01,398 - WARNING - ⚠️ 601921 浙版传媒 K线更新失败: ('Connection aborted.', RemoteDisconnected('Remote end closed connection without response'))
2025-08-23 09:34:02,030 - WARNING - ⚠️ 601928 凤凰传媒 K线更新失败: ('Connection aborted.', RemoteDisconnected('Remote end closed connection without response'))
2025-08-23 09:34:02,660 - WARNING - ⚠️ 601929 吉视传媒 K线更新失败: ('Connection aborted.', RemoteDisconnected('Remote end closed connection without response'))
2025-08-23 09:34:03,294 - WARNING - ⚠️ 601933 永辉超市 K线更新失败: ('Connection aborted.', RemoteDisconnected('Remote end closed connection without response'))
2025-08-23 09:34:03,906 - WARNING - ⚠️ 601939 建设银行 K线更新失败: ('Connection aborted.', RemoteDisconnected('Remote end closed connection without response'))
2025-08-23 09:34:04,535 - WARNING - ⚠️ 601949 中国出版 K线更新失败: ('Connection aborted.', RemoteDisconnected('Remote end closed connection without response'))
2025-08-23 09:34:05,175 - WARNING - ⚠️ 601952 苏垦农发 K线更新失败: ('Connection aborted.', RemoteDisconnected('Remote end closed connection without response'))
2025-08-23 09:34:05,808 - WARNING - ⚠️ 601956 东贝集团 K线更新失败: ('Connection aborted.', RemoteDisconnected('Remote end closed connection without response'))
2025-08-23 09:34:06,444 - WARNING - ⚠️ 601958 金钼股份 K线更新失败: ('Connection aborted.', RemoteDisconnected('Remote end closed connection without response'))
2025-08-23 09:34:07,077 - WARNING - ⚠️ 601963 重庆银行 K线更新失败: ('Connection aborted.', RemoteDisconnected('Remote end closed connection without response'))
2025-08-23 09:34:07,716 - WARNING - ⚠️ 601965 中国汽研 K线更新失败: ('Connection aborted.', RemoteDisconnected('Remote end closed connection without response'))
2025-08-23 09:34:08,360 - WARNING - ⚠️ 601966 玲珑轮胎 K线更新失败: ('Connection aborted.', RemoteDisconnected('Remote end closed connection without response'))
2025-08-23 09:34:08,986 - WARNING - ⚠️ 601968 宝钢包装 K线更新失败: ('Connection aborted.', RemoteDisconnected('Remote end closed connection without response'))
2025-08-23 09:34:09,619 - WARNING - ⚠️ 601969 海南矿业 K线更新失败: ('Connection aborted.', RemoteDisconnected('Remote end closed connection without response'))
2025-08-23 09:34:10,257 - WARNING - ⚠️ 601975 招商南油 K线更新失败: ('Connection aborted.', RemoteDisconnected('Remote end closed connection without response'))
2025-08-23 09:34:10,889 - WARNING - ⚠️ 601985 中国核电 K线更新失败: ('Connection aborted.', RemoteDisconnected('Remote end closed connection without response'))
2025-08-23 09:34:11,520 - WARNING - ⚠️ 601988 中国银行 K线更新失败: ('Connection aborted.', RemoteDisconnected('Remote end closed connection without response'))
2025-08-23 09:34:12,149 - WARNING - ⚠️ 601989 中国重工 K线更新失败: ('Connection aborted.', RemoteDisconnected('Remote end closed connection without response'))
2025-08-23 09:34:12,780 - WARNING - ⚠️ 601990 南京证券 K线更新失败: ('Connection aborted.', RemoteDisconnected('Remote end closed connection without response'))
2025-08-23 09:34:13,395 - WARNING - ⚠️ 601991 大唐发电 K线更新失败: ('Connection aborted.', RemoteDisconnected('Remote end closed connection without response'))
2025-08-23 09:34:14,035 - WARNING - ⚠️ 601992 金隅集团 K线更新失败: ('Connection aborted.', RemoteDisconnected('Remote end closed connection without response'))
2025-08-23 09:34:14,658 - WARNING - ⚠️ 601995 中金公司 K线更新失败: ('Connection aborted.', RemoteDisconnected('Remote end closed connection without response'))
2025-08-23 09:34:15,284 - WARNING - ⚠️ 601996 丰林集团 K线更新失败: ('Connection aborted.', RemoteDisconnected('Remote end closed connection without response'))
2025-08-23 09:34:15,908 - WARNING - ⚠️ 601997 贵阳银行 K线更新失败: ('Connection aborted.', RemoteDisconnected('Remote end closed connection without response'))
2025-08-23 09:34:16,544 - WARNING - ⚠️ 601998 中信银行 K线更新失败: ('Connection aborted.', RemoteDisconnected('Remote end closed connection without response'))
2025-08-23 09:34:17,173 - WARNING - ⚠️ 601999 出版传媒 K线更新失败: ('Connection aborted.', RemoteDisconnected('Remote end closed connection without response'))
2025-08-23 09:34:17,812 - WARNING - ⚠️ 603000 人民网 K线更新失败: ('Connection aborted.', RemoteDisconnected('Remote end closed connection without response'))
2025-08-23 09:34:18,434 - WARNING - ⚠️ 603001 奥康国际 K线更新失败: ('Connection aborted.', RemoteDisconnected('Remote end closed connection without response'))
2025-08-23 09:34:19,078 - WARNING - ⚠️ 603002 宏昌电子 K线更新失败: ('Connection aborted.', RemoteDisconnected('Remote end closed connection without response'))
2025-08-23 09:34:19,721 - WARNING - ⚠️ 603003 退市龙宇 K线更新失败: ('Connection aborted.', RemoteDisconnected('Remote end closed connection without response'))
2025-08-23 09:34:20,330 - WARNING - ⚠️ 603004 鼎龙科技 K线更新失败: ('Connection aborted.', RemoteDisconnected('Remote end closed connection without response'))
2025-08-23 09:34:20,958 - WARNING - ⚠️ 603005 晶方科技 K线更新失败: ('Connection aborted.', RemoteDisconnected('Remote end closed connection without response'))
2025-08-23 09:34:21,599 - WARNING - ⚠️ 603006 联明股份 K线更新失败: ('Connection aborted.', RemoteDisconnected('Remote end closed connection without response'))
2025-08-23 09:34:22,227 - WARNING - ⚠️ 603007 *ST花王 K线更新失败: ('Connection aborted.', RemoteDisconnected('Remote end closed connection without response'))
2025-08-23 09:34:22,851 - WARNING - ⚠️ 603008 喜临门 K线更新失败: ('Connection aborted.', RemoteDisconnected('Remote end closed connection without response'))
2025-08-23 09:34:23,486 - WARNING - ⚠️ 603009 北特科技 K线更新失败: ('Connection aborted.', RemoteDisconnected('Remote end closed connection without response'))
2025-08-23 09:34:24,144 - WARNING - ⚠️ 603010 万盛股份 K线更新失败: ('Connection aborted.', RemoteDisconnected('Remote end closed connection without response'))
2025-08-23 09:34:24,767 - WARNING - ⚠️ 603011 合锻智能 K线更新失败: ('Connection aborted.', RemoteDisconnected('Remote end closed connection without response'))
2025-08-23 09:34:25,378 - WARNING - ⚠️ 603012 创力集团 K线更新失败: ('Connection aborted.', RemoteDisconnected('Remote end closed connection without response'))
2025-08-23 09:34:26,011 - WARNING - ⚠️ 603013 亚普股份 K线更新失败: ('Connection aborted.', RemoteDisconnected('Remote end closed connection without response'))
2025-08-23 09:34:26,641 - WARNING - ⚠️ 603014 威高血净 K线更新失败: ('Connection aborted.', RemoteDisconnected('Remote end closed connection without response'))
2025-08-23 09:34:27,268 - WARNING - ⚠️ 603015 弘讯科技 K线更新失败: ('Connection aborted.', RemoteDisconnected('Remote end closed connection without response'))
2025-08-23 09:34:27,894 - WARNING - ⚠️ 603016 新宏泰 K线更新失败: ('Connection aborted.', RemoteDisconnected('Remote end closed connection without response'))
2025-08-23 09:34:28,527 - WARNING - ⚠️ 603017 中衡设计 K线更新失败: ('Connection aborted.', RemoteDisconnected('Remote end closed connection without response'))
2025-08-23 09:34:29,158 - WARNING - ⚠️ 603018 华设集团 K线更新失败: ('Connection aborted.', RemoteDisconnected('Remote end closed connection without response'))
2025-08-23 09:34:29,784 - WARNING - ⚠️ 603019 中科曙光 K线更新失败: ('Connection aborted.', RemoteDisconnected('Remote end closed connection without response'))
2025-08-23 09:34:30,417 - WARNING - ⚠️ 603020 爱普股份 K线更新失败: ('Connection aborted.', RemoteDisconnected('Remote end closed connection without response'))
2025-08-23 09:34:31,030 - WARNING - ⚠️ 603021 ST华鹏 K线更新失败: ('Connection aborted.', RemoteDisconnected('Remote end closed connection without response'))
2025-08-23 09:34:31,662 - WARNING - ⚠️ 603022 新通联 K线更新失败: ('Connection aborted.', RemoteDisconnected('Remote end closed connection without response'))
2025-08-23 09:34:32,288 - WARNING - ⚠️ 603023 威帝股份 K线更新失败: ('Connection aborted.', RemoteDisconnected('Remote end closed connection without response'))
2025-08-23 09:34:32,921 - WARNING - ⚠️ 603025 大豪科技 K线更新失败: ('Connection aborted.', RemoteDisconnected('Remote end closed connection without response'))
2025-08-23 09:34:33,545 - WARNING - ⚠️ 603026 石大胜华 K线更新失败: ('Connection aborted.', RemoteDisconnected('Remote end closed connection without response'))
2025-08-23 09:34:34,184 - WARNING - ⚠️ 603027 千禾味业 K线更新失败: ('Connection aborted.', RemoteDisconnected('Remote end closed connection without response'))
2025-08-23 09:34:34,818 - WARNING - ⚠️ 603028 赛福天 K线更新失败: ('Connection aborted.', RemoteDisconnected('Remote end closed connection without response'))
2025-08-23 09:34:35,435 - WARNING - ⚠️ 603029 天鹅股份 K线更新失败: ('Connection aborted.', RemoteDisconnected('Remote end closed connection without response'))
2025-08-23 09:34:36,072 - WARNING - ⚠️ 603030 全筑股份 K线更新失败: ('Connection aborted.', RemoteDisconnected('Remote end closed connection without response'))
2025-08-23 09:34:36,698 - WARNING - ⚠️ 603031 安孚科技 K线更新失败: ('Connection aborted.', RemoteDisconnected('Remote end closed connection without response'))
2025-08-23 09:34:37,327 - WARNING - ⚠️ 603032 德新科技 K线更新失败: ('Connection aborted.', RemoteDisconnected('Remote end closed connection without response'))
2025-08-23 09:34:37,968 - WARNING - ⚠️ 603033 三维股份 K线更新失败: ('Connection aborted.', RemoteDisconnected('Remote end closed connection without response'))
2025-08-23 09:34:38,599 - WARNING - ⚠️ 603035 常熟汽饰 K线更新失败: ('Connection aborted.', RemoteDisconnected('Remote end closed connection without response'))
2025-08-23 09:34:39,227 - WARNING - ⚠️ 603036 如通股份 K线更新失败: ('Connection aborted.', RemoteDisconnected('Remote end closed connection without response'))
2025-08-23 09:34:39,865 - WARNING - ⚠️ 603037 凯众股份 K线更新失败: ('Connection aborted.', RemoteDisconnected('Remote end closed connection without response'))
2025-08-23 09:34:40,504 - WARNING - ⚠️ 603038 华立股份 K线更新失败: ('Connection aborted.', RemoteDisconnected('Remote end closed connection without response'))
2025-08-23 09:34:41,130 - WARNING - ⚠️ 603039 泛微网络 K线更新失败: ('Connection aborted.', RemoteDisconnected('Remote end closed connection without response'))
2025-08-23 09:34:41,762 - WARNING - ⚠️ 603040 新坐标 K线更新失败: ('Connection aborted.', RemoteDisconnected('Remote end closed connection without response'))
2025-08-23 09:34:42,384 - WARNING - ⚠️ 603041 美思德 K线更新失败: ('Connection aborted.', RemoteDisconnected('Remote end closed connection without response'))
2025-08-23 09:34:43,003 - WARNING - ⚠️ 603042 华脉科技 K线更新失败: ('Connection aborted.', RemoteDisconnected('Remote end closed connection without response'))
2025-08-23 09:34:43,627 - WARNING - ⚠️ 603043 广州酒家 K线更新失败: ('Connection aborted.', RemoteDisconnected('Remote end closed connection without response'))
2025-08-23 09:34:44,337 - INFO - 📈 已处理603045 福达合金 
2025-08-23 09:34:44,967 - WARNING - ⚠️ 603048 浙江黎明 K线更新失败: ('Connection aborted.', RemoteDisconnected('Remote end closed connection without response'))
2025-08-23 09:34:45,594 - WARNING - ⚠️ 603049 中策橡胶 K线更新失败: ('Connection aborted.', RemoteDisconnected('Remote end closed connection without response'))
2025-08-23 09:34:46,215 - WARNING - ⚠️ 603050 科林电气 K线更新失败: ('Connection aborted.', RemoteDisconnected('Remote end closed connection without response'))
2025-08-23 09:34:46,843 - WARNING - ⚠️ 603051 鹿山新材 K线更新失败: ('Connection aborted.', RemoteDisconnected('Remote end closed connection without response'))
2025-08-23 09:34:47,463 - WARNING - ⚠️ 603052 可川科技 K线更新失败: ('Connection aborted.', RemoteDisconnected('Remote end closed connection without response'))
2025-08-23 09:34:48,097 - WARNING - ⚠️ 603053 成都燃气 K线更新失败: ('Connection aborted.', RemoteDisconnected('Remote end closed connection without response'))
2025-08-23 09:34:48,721 - WARNING - ⚠️ 603055 台华新材 K线更新失败: ('Connection aborted.', RemoteDisconnected('Remote end closed connection without response'))
2025-08-23 09:34:49,414 - INFO - 📈 已处理603056 德邦股份 
2025-08-23 09:34:50,047 - WARNING - ⚠️ 603057 紫燕食品 K线更新失败: ('Connection aborted.', RemoteDisconnected('Remote end closed connection without response'))
2025-08-23 09:34:50,747 - WARNING - ⚠️ 603058 永吉股份 K线更新失败: ('Connection aborted.', RemoteDisconnected('Remote end closed connection without response'))
2025-08-23 09:34:51,371 - WARNING - ⚠️ 603059 倍加洁 K线更新失败: ('Connection aborted.', RemoteDisconnected('Remote end closed connection without response'))
2025-08-23 09:34:51,999 - WARNING - ⚠️ 603060 国检集团 K线更新失败: ('Connection aborted.', RemoteDisconnected('Remote end closed connection without response'))
2025-08-23 09:34:52,637 - WARNING - ⚠️ 603061 金海通 K线更新失败: ('Connection aborted.', RemoteDisconnected('Remote end closed connection without response'))
2025-08-23 09:34:53,274 - WARNING - ⚠️ 603062 麦加芯彩 K线更新失败: ('Connection aborted.', RemoteDisconnected('Remote end closed connection without response'))
2025-08-23 09:34:53,903 - WARNING - ⚠️ 603063 禾望电气 K线更新失败: ('Connection aborted.', RemoteDisconnected('Remote end closed connection without response'))
2025-08-23 09:34:54,533 - WARNING - ⚠️ 603065 宿迁联盛 K线更新失败: ('Connection aborted.', RemoteDisconnected('Remote end closed connection without response'))
2025-08-23 09:34:55,155 - WARNING - ⚠️ 603066 音飞储存 K线更新失败: ('Connection aborted.', RemoteDisconnected('Remote end closed connection without response'))
2025-08-23 09:34:55,788 - WARNING - ⚠️ 603067 振华股份 K线更新失败: ('Connection aborted.', RemoteDisconnected('Remote end closed connection without response'))
2025-08-23 09:34:56,415 - WARNING - ⚠️ 603068 博通集成 K线更新失败: ('Connection aborted.', RemoteDisconnected('Remote end closed connection without response'))
2025-08-23 09:34:57,047 - WARNING - ⚠️ 603069 海汽集团 K线更新失败: ('Connection aborted.', RemoteDisconnected('Remote end closed connection without response'))
2025-08-23 09:34:57,681 - WARNING - ⚠️ 603070 万控智造 K线更新失败: ('Connection aborted.', RemoteDisconnected('Remote end closed connection without response'))
2025-08-23 09:34:58,311 - WARNING - ⚠️ 603071 物产环能 K线更新失败: ('Connection aborted.', RemoteDisconnected('Remote end closed connection without response'))
2025-08-23 09:34:58,938 - WARNING - ⚠️ 603072 天和磁材 K线更新失败: ('Connection aborted.', RemoteDisconnected('Remote end closed connection without response'))
2025-08-23 09:34:59,583 - WARNING - ⚠️ 603073 彩蝶实业 K线更新失败: ('Connection aborted.', RemoteDisconnected('Remote end closed connection without response'))
2025-08-23 09:35:00,210 - WARNING - ⚠️ 603075 热威股份 K线更新失败: ('Connection aborted.', RemoteDisconnected('Remote end closed connection without response'))
2025-08-23 09:35:00,834 - WARNING - ⚠️ 603076 乐惠国际 K线更新失败: ('Connection aborted.', RemoteDisconnected('Remote end closed connection without response'))
2025-08-23 09:35:01,455 - WARNING - ⚠️ 603077 和邦生物 K线更新失败: ('Connection aborted.', RemoteDisconnected('Remote end closed connection without response'))
2025-08-23 09:35:02,082 - WARNING - ⚠️ 603078 江化微 K线更新失败: ('Connection aborted.', RemoteDisconnected('Remote end closed connection without response'))
2025-08-23 09:35:02,715 - WARNING - ⚠️ 603079 圣达生物 K线更新失败: ('Connection aborted.', RemoteDisconnected('Remote end closed connection without response'))
2025-08-23 09:35:03,354 - WARNING - ⚠️ 603080 新疆火炬 K线更新失败: ('Connection aborted.', RemoteDisconnected('Remote end closed connection without response'))
2025-08-23 09:35:03,989 - WARNING - ⚠️ 603081 大丰实业 K线更新失败: ('Connection aborted.', RemoteDisconnected('Remote end closed connection without response'))
2025-08-23 09:35:04,605 - WARNING - ⚠️ 603082 北自科技 K线更新失败: ('Connection aborted.', RemoteDisconnected('Remote end closed connection without response'))
2025-08-23 09:35:05,221 - WARNING - ⚠️ 603083 剑桥科技 K线更新失败: ('Connection aborted.', RemoteDisconnected('Remote end closed connection without response'))
2025-08-23 09:35:05,847 - WARNING - ⚠️ 603085 天成自控 K线更新失败: ('Connection aborted.', RemoteDisconnected('Remote end closed connection without response'))
2025-08-23 09:35:06,477 - WARNING - ⚠️ 603086 先达股份 K线更新失败: ('Connection aborted.', RemoteDisconnected('Remote end closed connection without response'))
2025-08-23 09:35:07,116 - WARNING - ⚠️ 603087 甘李药业 K线更新失败: ('Connection aborted.', RemoteDisconnected('Remote end closed connection without response'))
2025-08-23 09:35:07,750 - WARNING - ⚠️ 603088 宁波精达 K线更新失败: ('Connection aborted.', RemoteDisconnected('Remote end closed connection without response'))
2025-08-23 09:35:08,380 - WARNING - ⚠️ 603089 正裕工业 K线更新失败: ('Connection aborted.', RemoteDisconnected('Remote end closed connection without response'))
2025-08-23 09:35:09,005 - WARNING - ⚠️ 603090 宏盛股份 K线更新失败: ('Connection aborted.', RemoteDisconnected('Remote end closed connection without response'))
2025-08-23 09:35:09,633 - WARNING - ⚠️ 603091 众鑫股份 K线更新失败: ('Connection aborted.', RemoteDisconnected('Remote end closed connection without response'))
2025-08-23 09:35:10,264 - WARNING - ⚠️ 603093 南华期货 K线更新失败: ('Connection aborted.', RemoteDisconnected('Remote end closed connection without response'))
2025-08-23 09:35:10,903 - WARNING - ⚠️ 603095 越剑智能 K线更新失败: ('Connection aborted.', RemoteDisconnected('Remote end closed connection without response'))
2025-08-23 09:35:11,524 - WARNING - ⚠️ 603096 新经典 K线更新失败: ('Connection aborted.', RemoteDisconnected('Remote end closed connection without response'))
2025-08-23 09:35:12,156 - WARNING - ⚠️ 603097 江苏华辰 K线更新失败: ('Connection aborted.', RemoteDisconnected('Remote end closed connection without response'))
2025-08-23 09:35:12,784 - WARNING - ⚠️ 603098 森特股份 K线更新失败: ('Connection aborted.', RemoteDisconnected('Remote end closed connection without response'))
2025-08-23 09:35:13,408 - WARNING - ⚠️ 603099 长白山 K线更新失败: ('Connection aborted.', RemoteDisconnected('Remote end closed connection without response'))
2025-08-23 09:35:14,042 - WARNING - ⚠️ 603100 川仪股份 K线更新失败: ('Connection aborted.', RemoteDisconnected('Remote end closed connection without response'))
2025-08-23 09:35:14,657 - WARNING - ⚠️ 603101 汇嘉时代 K线更新失败: ('Connection aborted.', RemoteDisconnected('Remote end closed connection without response'))
2025-08-23 09:35:15,282 - WARNING - ⚠️ 603102 百合股份 K线更新失败: ('Connection aborted.', RemoteDisconnected('Remote end closed connection without response'))
2025-08-23 09:35:15,900 - WARNING - ⚠️ 603103 横店影视 K线更新失败: ('Connection aborted.', RemoteDisconnected('Remote end closed connection without response'))
2025-08-23 09:35:16,531 - WARNING - ⚠️ 603105 芯能科技 K线更新失败: ('Connection aborted.', RemoteDisconnected('Remote end closed connection without response'))
2025-08-23 09:35:17,158 - WARNING - ⚠️ 603106 恒银科技 K线更新失败: ('Connection aborted.', RemoteDisconnected('Remote end closed connection without response'))
2025-08-23 09:35:17,793 - WARNING - ⚠️ 603107 上海汽配 K线更新失败: ('Connection aborted.', RemoteDisconnected('Remote end closed connection without response'))
2025-08-23 09:35:18,418 - WARNING - ⚠️ 603108 润达医疗 K线更新失败: ('Connection aborted.', RemoteDisconnected('Remote end closed connection without response'))
2025-08-23 09:35:19,046 - WARNING - ⚠️ 603109 神驰机电 K线更新失败: ('Connection aborted.', RemoteDisconnected('Remote end closed connection without response'))
2025-08-23 09:35:19,664 - WARNING - ⚠️ 603110 东方材料 K线更新失败: ('Connection aborted.', RemoteDisconnected('Remote end closed connection without response'))
2025-08-23 09:35:20,292 - WARNING - ⚠️ 603111 康尼机电 K线更新失败: ('Connection aborted.', RemoteDisconnected('Remote end closed connection without response'))
2025-08-23 09:35:20,929 - WARNING - ⚠️ 603112 华翔股份 K线更新失败: ('Connection aborted.', RemoteDisconnected('Remote end closed connection without response'))
2025-08-23 09:35:21,560 - WARNING - ⚠️ 603113 金能科技 K线更新失败: ('Connection aborted.', RemoteDisconnected('Remote end closed connection without response'))
2025-08-23 09:35:22,195 - WARNING - ⚠️ 603115 海星股份 K线更新失败: ('Connection aborted.', RemoteDisconnected('Remote end closed connection without response'))
2025-08-23 09:35:22,825 - WARNING - ⚠️ 603116 红蜻蜓 K线更新失败: ('Connection aborted.', RemoteDisconnected('Remote end closed connection without response'))
2025-08-23 09:35:23,446 - WARNING - ⚠️ 603117 万林物流 K线更新失败: ('Connection aborted.', RemoteDisconnected('Remote end closed connection without response'))
2025-08-23 09:35:24,068 - WARNING - ⚠️ 603118 共进股份 K线更新失败: ('Connection aborted.', RemoteDisconnected('Remote end closed connection without response'))
2025-08-23 09:35:24,693 - WARNING - ⚠️ 603119 浙江荣泰 K线更新失败: ('Connection aborted.', RemoteDisconnected('Remote end closed connection without response'))
2025-08-23 09:35:25,327 - WARNING - ⚠️ 603120 肯特催化 K线更新失败: ('Connection aborted.', RemoteDisconnected('Remote end closed connection without response'))
2025-08-23 09:35:25,956 - WARNING - ⚠️ 603121 华培动力 K线更新失败: ('Connection aborted.', RemoteDisconnected('Remote end closed connection without response'))
2025-08-23 09:35:26,583 - WARNING - ⚠️ 603122 合富中国 K线更新失败: ('Connection aborted.', RemoteDisconnected('Remote end closed connection without response'))
2025-08-23 09:35:27,212 - WARNING - ⚠️ 603123 翠微股份 K线更新失败: ('Connection aborted.', RemoteDisconnected('Remote end closed connection without response'))
2025-08-23 09:35:27,834 - WARNING - ⚠️ 603124 江南新材 K线更新失败: ('Connection aborted.', RemoteDisconnected('Remote end closed connection without response'))
2025-08-23 09:35:28,472 - WARNING - ⚠️ 603125 常青科技 K线更新失败: ('Connection aborted.', RemoteDisconnected('Remote end closed connection without response'))
2025-08-23 09:35:29,116 - WARNING - ⚠️ 603126 中材节能 K线更新失败: ('Connection aborted.', RemoteDisconnected('Remote end closed connection without response'))
2025-08-23 09:35:29,725 - WARNING - ⚠️ 603127 昭衍新药 K线更新失败: ('Connection aborted.', RemoteDisconnected('Remote end closed connection without response'))
2025-08-23 09:35:30,355 - WARNING - ⚠️ 603128 华贸物流 K线更新失败: ('Connection aborted.', RemoteDisconnected('Remote end closed connection without response'))
2025-08-23 09:35:30,989 - WARNING - ⚠️ 603129 春风动力 K线更新失败: ('Connection aborted.', RemoteDisconnected('Remote end closed connection without response'))
2025-08-23 09:35:31,613 - WARNING - ⚠️ 603130 云中马 K线更新失败: ('Connection aborted.', RemoteDisconnected('Remote end closed connection without response'))
2025-08-23 09:35:32,234 - WARNING - ⚠️ 603131 上海沪工 K线更新失败: ('Connection aborted.', RemoteDisconnected('Remote end closed connection without response'))
2025-08-23 09:35:32,865 - WARNING - ⚠️ 603132 金徽股份 K线更新失败: ('Connection aborted.', RemoteDisconnected('Remote end closed connection without response'))
2025-08-23 09:35:33,490 - WARNING - ⚠️ 603133 退市碳元 K线更新失败: ('Connection aborted.', RemoteDisconnected('Remote end closed connection without response'))
2025-08-23 09:35:34,097 - WARNING - ⚠️ 603135 中重科技 K线更新失败: ('Connection aborted.', RemoteDisconnected('Remote end closed connection without response'))
2025-08-23 09:35:34,720 - WARNING - ⚠️ 603136 天目湖 K线更新失败: ('Connection aborted.', RemoteDisconnected('Remote end closed connection without response'))
2025-08-23 09:35:35,350 - WARNING - ⚠️ 603137 恒尚节能 K线更新失败: ('Connection aborted.', RemoteDisconnected('Remote end closed connection without response'))
2025-08-23 09:35:35,964 - WARNING - ⚠️ 603138 海量数据 K线更新失败: ('Connection aborted.', RemoteDisconnected('Remote end closed connection without response'))
2025-08-23 09:35:36,599 - WARNING - ⚠️ 603139 康惠制药 K线更新失败: ('Connection aborted.', RemoteDisconnected('Remote end closed connection without response'))
2025-08-23 09:35:37,235 - WARNING - ⚠️ 603150 万朗磁塑 K线更新失败: ('Connection aborted.', RemoteDisconnected('Remote end closed connection without response'))
2025-08-23 09:35:37,865 - WARNING - ⚠️ 603151 邦基科技 K线更新失败: ('Connection aborted.', RemoteDisconnected('Remote end closed connection without response'))
2025-08-23 09:35:38,495 - WARNING - ⚠️ 603153 上海建科 K线更新失败: ('Connection aborted.', RemoteDisconnected('Remote end closed connection without response'))
2025-08-23 09:35:39,117 - WARNING - ⚠️ 603155 新亚强 K线更新失败: ('Connection aborted.', RemoteDisconnected('Remote end closed connection without response'))
2025-08-23 09:35:39,745 - WARNING - ⚠️ 603156 养元饮品 K线更新失败: ('Connection aborted.', RemoteDisconnected('Remote end closed connection without response'))
2025-08-23 09:35:40,369 - WARNING - ⚠️ 603157 退市拉夏 K线更新失败: ('Connection aborted.', RemoteDisconnected('Remote end closed connection without response'))
2025-08-23 09:35:41,008 - WARNING - ⚠️ 603158 腾龙股份 K线更新失败: ('Connection aborted.', RemoteDisconnected('Remote end closed connection without response'))
2025-08-23 09:35:41,626 - WARNING - ⚠️ 603159 上海亚虹 K线更新失败: ('Connection aborted.', RemoteDisconnected('Remote end closed connection without response'))
2025-08-23 09:35:42,269 - WARNING - ⚠️ 603160 汇顶科技 K线更新失败: ('Connection aborted.', RemoteDisconnected('Remote end closed connection without response'))
2025-08-23 09:35:42,901 - WARNING - ⚠️ 603161 科华控股 K线更新失败: ('Connection aborted.', RemoteDisconnected('Remote end closed connection without response'))
2025-08-23 09:35:43,542 - WARNING - ⚠️ 603162 海通发展 K线更新失败: ('Connection aborted.', RemoteDisconnected('Remote end closed connection without response'))
2025-08-23 09:35:44,175 - WARNING - ⚠️ 603163 圣晖集成 K线更新失败: ('Connection aborted.', RemoteDisconnected('Remote end closed connection without response'))
2025-08-23 09:35:44,811 - WARNING - ⚠️ 603165 荣晟环保 K线更新失败: ('Connection aborted.', RemoteDisconnected('Remote end closed connection without response'))
2025-08-23 09:35:45,438 - WARNING - ⚠️ 603166 福达股份 K线更新失败: ('Connection aborted.', RemoteDisconnected('Remote end closed connection without response'))
2025-08-23 09:35:46,067 - WARNING - ⚠️ 603167 渤海轮渡 K线更新失败: ('Connection aborted.', RemoteDisconnected('Remote end closed connection without response'))
2025-08-23 09:35:46,701 - WARNING - ⚠️ 603168 莎普爱思 K线更新失败: ('Connection aborted.', RemoteDisconnected('Remote end closed connection without response'))
2025-08-23 09:35:47,336 - WARNING - ⚠️ 603169 兰石重装 K线更新失败: ('Connection aborted.', RemoteDisconnected('Remote end closed connection without response'))
2025-08-23 09:35:47,977 - WARNING - ⚠️ 603170 宝立食品 K线更新失败: ('Connection aborted.', RemoteDisconnected('Remote end closed connection without response'))
2025-08-23 09:35:48,613 - WARNING - ⚠️ 603171 税友股份 K线更新失败: ('Connection aborted.', RemoteDisconnected('Remote end closed connection without response'))
2025-08-23 09:35:49,251 - WARNING - ⚠️ 603172 万丰股份 K线更新失败: ('Connection aborted.', RemoteDisconnected('Remote end closed connection without response'))
2025-08-23 09:35:49,883 - WARNING - ⚠️ 603173 福斯达 K线更新失败: ('Connection aborted.', RemoteDisconnected('Remote end closed connection without response'))
2025-08-23 09:35:50,509 - WARNING - ⚠️ 603176 汇通集团 K线更新失败: ('Connection aborted.', RemoteDisconnected('Remote end closed connection without response'))
2025-08-23 09:35:51,137 - WARNING - ⚠️ 603177 德创环保 K线更新失败: ('Connection aborted.', RemoteDisconnected('Remote end closed connection without response'))
2025-08-23 09:35:51,769 - WARNING - ⚠️ 603178 圣龙股份 K线更新失败: ('Connection aborted.', RemoteDisconnected('Remote end closed connection without response'))
2025-08-23 09:35:52,403 - WARNING - ⚠️ 603179 新泉股份 K线更新失败: ('Connection aborted.', RemoteDisconnected('Remote end closed connection without response'))
2025-08-23 09:35:53,013 - WARNING - ⚠️ 603180 金牌家居 K线更新失败: ('Connection aborted.', RemoteDisconnected('Remote end closed connection without response'))
2025-08-23 09:35:53,636 - WARNING - ⚠️ 603181 皇马科技 K线更新失败: ('Connection aborted.', RemoteDisconnected('Remote end closed connection without response'))
2025-08-23 09:35:54,253 - WARNING - ⚠️ 603182 嘉华股份 K线更新失败: ('Connection aborted.', RemoteDisconnected('Remote end closed connection without response'))
2025-08-23 09:35:54,870 - WARNING - ⚠️ 603183 建研院 K线更新失败: ('Connection aborted.', RemoteDisconnected('Remote end closed connection without response'))
2025-08-23 09:35:55,499 - WARNING - ⚠️ 603185 弘元绿能 K线更新失败: ('Connection aborted.', RemoteDisconnected('Remote end closed connection without response'))
2025-08-23 09:35:56,131 - WARNING - ⚠️ 603186 华正新材 K线更新失败: ('Connection aborted.', RemoteDisconnected('Remote end closed connection without response'))
2025-08-23 09:35:56,765 - WARNING - ⚠️ 603187 海容冷链 K线更新失败: ('Connection aborted.', RemoteDisconnected('Remote end closed connection without response'))
2025-08-23 09:35:57,401 - WARNING - ⚠️ 603188 亚邦股份 K线更新失败: ('Connection aborted.', RemoteDisconnected('Remote end closed connection without response'))
2025-08-23 09:35:58,020 - WARNING - ⚠️ 603189 网达软件 K线更新失败: ('Connection aborted.', RemoteDisconnected('Remote end closed connection without response'))
2025-08-23 09:35:58,647 - WARNING - ⚠️ 603190 亚通精工 K线更新失败: ('Connection aborted.', RemoteDisconnected('Remote end closed connection without response'))
2025-08-23 09:35:59,274 - WARNING - ⚠️ 603191 望变电气 K线更新失败: ('Connection aborted.', RemoteDisconnected('Remote end closed connection without response'))
2025-08-23 09:35:59,902 - WARNING - ⚠️ 603192 汇得科技 K线更新失败: ('Connection aborted.', RemoteDisconnected('Remote end closed connection without response'))
2025-08-23 09:36:00,523 - WARNING - ⚠️ 603193 润本股份 K线更新失败: ('Connection aborted.', RemoteDisconnected('Remote end closed connection without response'))
2025-08-23 09:36:01,156 - WARNING - ⚠️ 603194 中力股份 K线更新失败: ('Connection aborted.', RemoteDisconnected('Remote end closed connection without response'))
2025-08-23 09:36:01,776 - WARNING - ⚠️ 603195 公牛集团 K线更新失败: ('Connection aborted.', RemoteDisconnected('Remote end closed connection without response'))
2025-08-23 09:36:02,401 - WARNING - ⚠️ 603196 日播时尚 K线更新失败: ('Connection aborted.', RemoteDisconnected('Remote end closed connection without response'))
2025-08-23 09:36:03,014 - WARNING - ⚠️ 603197 保隆科技 K线更新失败: ('Connection aborted.', RemoteDisconnected('Remote end closed connection without response'))
2025-08-23 09:36:03,645 - WARNING - ⚠️ 603198 迎驾贡酒 K线更新失败: ('Connection aborted.', RemoteDisconnected('Remote end closed connection without response'))
2025-08-23 09:36:04,270 - WARNING - ⚠️ 603199 九华旅游 K线更新失败: ('Connection aborted.', RemoteDisconnected('Remote end closed connection without response'))
2025-08-23 09:36:04,902 - WARNING - ⚠️ 603200 上海洗霸 K线更新失败: ('Connection aborted.', RemoteDisconnected('Remote end closed connection without response'))
2025-08-23 09:36:05,539 - WARNING - ⚠️ 603201 常润股份 K线更新失败: ('Connection aborted.', RemoteDisconnected('Remote end closed connection without response'))
2025-08-23 09:36:06,176 - WARNING - ⚠️ 603202 天有为 K线更新失败: ('Connection aborted.', RemoteDisconnected('Remote end closed connection without response'))
2025-08-23 09:36:06,800 - WARNING - ⚠️ 603203 快克智能 K线更新失败: ('Connection aborted.', RemoteDisconnected('Remote end closed connection without response'))
2025-08-23 09:36:07,421 - WARNING - ⚠️ 603205 健尔康 K线更新失败: ('Connection aborted.', RemoteDisconnected('Remote end closed connection without response'))
2025-08-23 09:36:08,047 - WARNING - ⚠️ 603206 嘉环科技 K线更新失败: ('Connection aborted.', RemoteDisconnected('Remote end closed connection without response'))
2025-08-23 09:36:08,681 - WARNING - ⚠️ 603207 小方制药 K线更新失败: ('Connection aborted.', RemoteDisconnected('Remote end closed connection without response'))
2025-08-23 09:36:09,317 - WARNING - ⚠️ 603208 江山欧派 K线更新失败: ('Connection aborted.', RemoteDisconnected('Remote end closed connection without response'))
2025-08-23 09:36:09,946 - WARNING - ⚠️ 603209 兴通股份 K线更新失败: ('Connection aborted.', RemoteDisconnected('Remote end closed connection without response'))
2025-08-23 09:36:10,560 - WARNING - ⚠️ 603210 泰鸿万立 K线更新失败: ('Connection aborted.', RemoteDisconnected('Remote end closed connection without response'))
2025-08-23 09:36:11,186 - WARNING - ⚠️ 603211 晋拓股份 K线更新失败: ('Connection aborted.', RemoteDisconnected('Remote end closed connection without response'))
2025-08-23 09:36:11,817 - WARNING - ⚠️ 603212 赛伍技术 K线更新失败: ('Connection aborted.', RemoteDisconnected('Remote end closed connection without response'))
2025-08-23 09:36:12,448 - WARNING - ⚠️ 603213 镇洋发展 K线更新失败: ('Connection aborted.', RemoteDisconnected('Remote end closed connection without response'))
2025-08-23 09:36:13,071 - WARNING - ⚠️ 603214 爱婴室 K线更新失败: ('Connection aborted.', RemoteDisconnected('Remote end closed connection without response'))
2025-08-23 09:36:13,701 - WARNING - ⚠️ 603215 比依股份 K线更新失败: ('Connection aborted.', RemoteDisconnected('Remote end closed connection without response'))
2025-08-23 09:36:14,334 - WARNING - ⚠️ 603216 梦天家居 K线更新失败: ('Connection aborted.', RemoteDisconnected('Remote end closed connection without response'))
2025-08-23 09:36:14,963 - WARNING - ⚠️ 603217 元利科技 K线更新失败: ('Connection aborted.', RemoteDisconnected('Remote end closed connection without response'))
2025-08-23 09:36:15,574 - WARNING - ⚠️ 603218 日月股份 K线更新失败: ('Connection aborted.', RemoteDisconnected('Remote end closed connection without response'))
2025-08-23 09:36:16,212 - WARNING - ⚠️ 603219 富佳股份 K线更新失败: ('Connection aborted.', RemoteDisconnected('Remote end closed connection without response'))
2025-08-23 09:36:16,840 - WARNING - ⚠️ 603220 中贝通信 K线更新失败: ('Connection aborted.', RemoteDisconnected('Remote end closed connection without response'))
2025-08-23 09:36:17,470 - WARNING - ⚠️ 603221 爱丽家居 K线更新失败: ('Connection aborted.', RemoteDisconnected('Remote end closed connection without response'))
2025-08-23 09:36:18,106 - WARNING - ⚠️ 603222 济民健康 K线更新失败: ('Connection aborted.', RemoteDisconnected('Remote end closed connection without response'))
2025-08-23 09:36:18,730 - WARNING - ⚠️ 603223 恒通股份 K线更新失败: ('Connection aborted.', RemoteDisconnected('Remote end closed connection without response'))
2025-08-23 09:36:19,368 - WARNING - ⚠️ 603225 新凤鸣 K线更新失败: ('Connection aborted.', RemoteDisconnected('Remote end closed connection without response'))
2025-08-23 09:36:19,994 - WARNING - ⚠️ 603226 菲林格尔 K线更新失败: ('Connection aborted.', RemoteDisconnected('Remote end closed connection without response'))
2025-08-23 09:36:20,666 - WARNING - ⚠️ 603227 雪峰科技 K线更新失败: ('Connection aborted.', RemoteDisconnected('Remote end closed connection without response'))
2025-08-23 09:36:21,284 - WARNING - ⚠️ 603228 景旺电子 K线更新失败: ('Connection aborted.', RemoteDisconnected('Remote end closed connection without response'))
2025-08-23 09:36:21,908 - WARNING - ⚠️ 603229 奥翔药业 K线更新失败: ('Connection aborted.', RemoteDisconnected('Remote end closed connection without response'))
2025-08-23 09:36:22,543 - WARNING - ⚠️ 603230 内蒙新华 K线更新失败: ('Connection aborted.', RemoteDisconnected('Remote end closed connection without response'))
2025-08-23 09:36:23,172 - WARNING - ⚠️ 603231 索宝蛋白 K线更新失败: ('Connection aborted.', RemoteDisconnected('Remote end closed connection without response'))
2025-08-23 09:36:23,840 - WARNING - ⚠️ 603232 格尔软件 K线更新失败: ('Connection aborted.', RemoteDisconnected('Remote end closed connection without response'))
2025-08-23 09:36:24,473 - WARNING - ⚠️ 603233 大参林 K线更新失败: ('Connection aborted.', RemoteDisconnected('Remote end closed connection without response'))
2025-08-23 09:36:25,105 - WARNING - ⚠️ 603235 天新药业 K线更新失败: ('Connection aborted.', RemoteDisconnected('Remote end closed connection without response'))
2025-08-23 09:36:25,736 - WARNING - ⚠️ 603236 移远通信 K线更新失败: ('Connection aborted.', RemoteDisconnected('Remote end closed connection without response'))
2025-08-23 09:36:26,362 - WARNING - ⚠️ 603237 五芳斋 K线更新失败: ('Connection aborted.', RemoteDisconnected('Remote end closed connection without response'))
2025-08-23 09:36:26,989 - WARNING - ⚠️ 603238 诺邦股份 K线更新失败: ('Connection aborted.', RemoteDisconnected('Remote end closed connection without response'))
2025-08-23 09:36:27,610 - WARNING - ⚠️ 603239 浙江仙通 K线更新失败: ('Connection aborted.', RemoteDisconnected('Remote end closed connection without response'))
2025-08-23 09:36:28,243 - WARNING - ⚠️ 603255 鼎际得 K线更新失败: ('Connection aborted.', RemoteDisconnected('Remote end closed connection without response'))
2025-08-23 09:36:28,874 - WARNING - ⚠️ 603256 宏和科技 K线更新失败: ('Connection aborted.', RemoteDisconnected('Remote end closed connection without response'))
2025-08-23 09:36:29,502 - WARNING - ⚠️ 603257 中国瑞林 K线更新失败: ('Connection aborted.', RemoteDisconnected('Remote end closed connection without response'))
2025-08-23 09:36:30,127 - WARNING - ⚠️ 603258 电魂网络 K线更新失败: ('Connection aborted.', RemoteDisconnected('Remote end closed connection without response'))
2025-08-23 09:36:30,770 - WARNING - ⚠️ 603259 药明康德 K线更新失败: ('Connection aborted.', RemoteDisconnected('Remote end closed connection without response'))
2025-08-23 09:36:31,398 - WARNING - ⚠️ 603260 合盛硅业 K线更新失败: ('Connection aborted.', RemoteDisconnected('Remote end closed connection without response'))
2025-08-23 09:36:32,018 - WARNING - ⚠️ 603261 *ST立航 K线更新失败: ('Connection aborted.', RemoteDisconnected('Remote end closed connection without response'))
2025-08-23 09:36:32,623 - WARNING - ⚠️ 603262 技源集团 K线更新失败: ('Connection aborted.', RemoteDisconnected('Remote end closed connection without response'))
2025-08-23 09:36:33,260 - WARNING - ⚠️ 603266 天龙股份 K线更新失败: ('Connection aborted.', RemoteDisconnected('Remote end closed connection without response'))
2025-08-23 09:36:33,895 - WARNING - ⚠️ 603267 鸿远电子 K线更新失败: ('Connection aborted.', RemoteDisconnected('Remote end closed connection without response'))
2025-08-23 09:36:34,531 - WARNING - ⚠️ 603268 *ST松发 K线更新失败: ('Connection aborted.', RemoteDisconnected('Remote end closed connection without response'))
2025-08-23 09:36:35,160 - WARNING - ⚠️ 603269 海鸥股份 K线更新失败: ('Connection aborted.', RemoteDisconnected('Remote end closed connection without response'))
2025-08-23 09:36:35,800 - WARNING - ⚠️ 603270 金帝股份 K线更新失败: ('Connection aborted.', RemoteDisconnected('Remote end closed connection without response'))
2025-08-23 09:36:36,431 - WARNING - ⚠️ 603271 永杰新材 K线更新失败: ('Connection aborted.', RemoteDisconnected('Remote end closed connection without response'))
2025-08-23 09:36:37,064 - WARNING - ⚠️ 603272 联翔股份 K线更新失败: ('Connection aborted.', RemoteDisconnected('Remote end closed connection without response'))
2025-08-23 09:36:37,696 - WARNING - ⚠️ 603273 天元智能 K线更新失败: ('Connection aborted.', RemoteDisconnected('Remote end closed connection without response'))
2025-08-23 09:36:38,322 - WARNING - ⚠️ 603275 众辰科技 K线更新失败: ('Connection aborted.', RemoteDisconnected('Remote end closed connection without response'))
2025-08-23 09:36:38,957 - WARNING - ⚠️ 603276 恒兴新材 K线更新失败: ('Connection aborted.', RemoteDisconnected('Remote end closed connection without response'))
2025-08-23 09:36:39,590 - WARNING - ⚠️ 603277 银都股份 K线更新失败: ('Connection aborted.', RemoteDisconnected('Remote end closed connection without response'))
2025-08-23 09:36:40,234 - WARNING - ⚠️ 603278 大业股份 K线更新失败: ('Connection aborted.', RemoteDisconnected('Remote end closed connection without response'))
2025-08-23 09:36:40,856 - WARNING - ⚠️ 603279 景津装备 K线更新失败: ('Connection aborted.', RemoteDisconnected('Remote end closed connection without response'))
2025-08-23 09:36:41,494 - WARNING - ⚠️ 603280 南方路机 K线更新失败: ('Connection aborted.', RemoteDisconnected('Remote end closed connection without response'))
2025-08-23 09:36:42,124 - WARNING - ⚠️ 603281 江瀚新材 K线更新失败: ('Connection aborted.', RemoteDisconnected('Remote end closed connection without response'))
2025-08-23 09:36:42,766 - WARNING - ⚠️ 603282 亚光股份 K线更新失败: ('Connection aborted.', RemoteDisconnected('Remote end closed connection without response'))
2025-08-23 09:36:43,389 - WARNING - ⚠️ 603283 赛腾股份 K线更新失败: ('Connection aborted.', RemoteDisconnected('Remote end closed connection without response'))
2025-08-23 09:36:44,014 - WARNING - ⚠️ 603285 键邦股份 K线更新失败: ('Connection aborted.', RemoteDisconnected('Remote end closed connection without response'))
2025-08-23 09:36:44,643 - WARNING - ⚠️ 603286 日盈电子 K线更新失败: ('Connection aborted.', RemoteDisconnected('Remote end closed connection without response'))
2025-08-23 09:36:45,274 - WARNING - ⚠️ 603288 海天味业 K线更新失败: ('Connection aborted.', RemoteDisconnected('Remote end closed connection without response'))
2025-08-23 09:36:45,917 - WARNING - ⚠️ 603289 泰瑞机器 K线更新失败: ('Connection aborted.', RemoteDisconnected('Remote end closed connection without response'))
2025-08-23 09:36:46,550 - WARNING - ⚠️ 603290 斯达半导 K线更新失败: ('Connection aborted.', RemoteDisconnected('Remote end closed connection without response'))
2025-08-23 09:36:47,167 - WARNING - ⚠️ 603291 联合水务 K线更新失败: ('Connection aborted.', RemoteDisconnected('Remote end closed connection without response'))
2025-08-23 09:36:47,796 - WARNING - ⚠️ 603296 华勤技术 K线更新失败: ('Connection aborted.', RemoteDisconnected('Remote end closed connection without response'))
2025-08-23 09:36:48,425 - WARNING - ⚠️ 603297 永新光学 K线更新失败: ('Connection aborted.', RemoteDisconnected('Remote end closed connection without response'))
2025-08-23 09:36:49,064 - WARNING - ⚠️ 603298 杭叉集团 K线更新失败: ('Connection aborted.', RemoteDisconnected('Remote end closed connection without response'))
2025-08-23 09:36:49,702 - WARNING - ⚠️ 603299 苏盐井神 K线更新失败: ('Connection aborted.', RemoteDisconnected('Remote end closed connection without response'))
2025-08-23 09:36:50,327 - WARNING - ⚠️ 603300 海南华铁 K线更新失败: ('Connection aborted.', RemoteDisconnected('Remote end closed connection without response'))
2025-08-23 09:36:50,955 - WARNING - ⚠️ 603301 振德医疗 K线更新失败: ('Connection aborted.', RemoteDisconnected('Remote end closed connection without response'))
2025-08-23 09:36:51,575 - WARNING - ⚠️ 603303 得邦照明 K线更新失败: ('Connection aborted.', RemoteDisconnected('Remote end closed connection without response'))
2025-08-23 09:36:52,204 - WARNING - ⚠️ 603305 旭升集团 K线更新失败: ('Connection aborted.', RemoteDisconnected('Remote end closed connection without response'))
2025-08-23 09:36:52,839 - WARNING - ⚠️ 603306 华懋科技 K线更新失败: ('Connection aborted.', RemoteDisconnected('Remote end closed connection without response'))
2025-08-23 09:36:53,475 - WARNING - ⚠️ 603307 扬州金泉 K线更新失败: ('Connection aborted.', RemoteDisconnected('Remote end closed connection without response'))
2025-08-23 09:36:54,116 - WARNING - ⚠️ 603308 应流股份 K线更新失败: ('Connection aborted.', RemoteDisconnected('Remote end closed connection without response'))
2025-08-23 09:36:54,729 - WARNING - ⚠️ 603309 维力医疗 K线更新失败: ('Connection aborted.', RemoteDisconnected('Remote end closed connection without response'))
2025-08-23 09:36:55,361 - WARNING - ⚠️ 603310 巍华新材 K线更新失败: ('Connection aborted.', RemoteDisconnected('Remote end closed connection without response'))
2025-08-23 09:36:56,007 - WARNING - ⚠️ 603311 金海高科 K线更新失败: ('Connection aborted.', RemoteDisconnected('Remote end closed connection without response'))
2025-08-23 09:36:56,647 - WARNING - ⚠️ 603312 西典新能 K线更新失败: ('Connection aborted.', RemoteDisconnected('Remote end closed connection without response'))
2025-08-23 09:36:57,280 - WARNING - ⚠️ 603313 梦百合 K线更新失败: ('Connection aborted.', RemoteDisconnected('Remote end closed connection without response'))
2025-08-23 09:36:57,914 - WARNING - ⚠️ 603315 福鞍股份 K线更新失败: ('Connection aborted.', RemoteDisconnected('Remote end closed connection without response'))
2025-08-23 09:36:58,548 - WARNING - ⚠️ 603316 诚邦股份 K线更新失败: ('Connection aborted.', RemoteDisconnected('Remote end closed connection without response'))
2025-08-23 09:36:59,159 - WARNING - ⚠️ 603317 天味食品 K线更新失败: ('Connection aborted.', RemoteDisconnected('Remote end closed connection without response'))
2025-08-23 09:36:59,795 - WARNING - ⚠️ 603318 水发燃气 K线更新失败: ('Connection aborted.', RemoteDisconnected('Remote end closed connection without response'))
2025-08-23 09:37:00,433 - WARNING - ⚠️ 603319 美湖股份 K线更新失败: ('Connection aborted.', RemoteDisconnected('Remote end closed connection without response'))
2025-08-23 09:37:01,065 - WARNING - ⚠️ 603320 迪贝电气 K线更新失败: ('Connection aborted.', RemoteDisconnected('Remote end closed connection without response'))
2025-08-23 09:37:01,698 - WARNING - ⚠️ 603321 梅轮电梯 K线更新失败: ('Connection aborted.', RemoteDisconnected('Remote end closed connection without response'))
2025-08-23 09:37:02,325 - WARNING - ⚠️ 603322 超讯通信 K线更新失败: ('Connection aborted.', RemoteDisconnected('Remote end closed connection without response'))
2025-08-23 09:37:02,958 - WARNING - ⚠️ 603323 苏农银行 K线更新失败: ('Connection aborted.', RemoteDisconnected('Remote end closed connection without response'))
2025-08-23 09:37:03,600 - WARNING - ⚠️ 603324 盛剑科技 K线更新失败: ('Connection aborted.', RemoteDisconnected('Remote end closed connection without response'))
2025-08-23 09:37:04,227 - WARNING - ⚠️ 603325 博隆技术 K线更新失败: ('Connection aborted.', RemoteDisconnected('Remote end closed connection without response'))
2025-08-23 09:37:04,867 - WARNING - ⚠️ 603326 我乐家居 K线更新失败: ('Connection aborted.', RemoteDisconnected('Remote end closed connection without response'))
2025-08-23 09:37:05,498 - WARNING - ⚠️ 603327 福蓉科技 K线更新失败: ('Connection aborted.', RemoteDisconnected('Remote end closed connection without response'))
2025-08-23 09:37:06,137 - WARNING - ⚠️ 603328 依顿电子 K线更新失败: ('Connection aborted.', RemoteDisconnected('Remote end closed connection without response'))
2025-08-23 09:37:06,781 - WARNING - ⚠️ 603329 上海雅仕 K线更新失败: ('Connection aborted.', RemoteDisconnected('Remote end closed connection without response'))
2025-08-23 09:37:07,397 - WARNING - ⚠️ 603330 天洋新材 K线更新失败: ('Connection aborted.', RemoteDisconnected('Remote end closed connection without response'))
2025-08-23 09:37:08,032 - WARNING - ⚠️ 603331 百达精工 K线更新失败: ('Connection aborted.', RemoteDisconnected('Remote end closed connection without response'))
2025-08-23 09:37:08,663 - WARNING - ⚠️ 603332 苏州龙杰 K线更新失败: ('Connection aborted.', RemoteDisconnected('Remote end closed connection without response'))
2025-08-23 09:37:09,289 - WARNING - ⚠️ 603333 尚纬股份 K线更新失败: ('Connection aborted.', RemoteDisconnected('Remote end closed connection without response'))
2025-08-23 09:37:09,932 - WARNING - ⚠️ 603335 迪生力 K线更新失败: ('Connection aborted.', RemoteDisconnected('Remote end closed connection without response'))
2025-08-23 09:37:10,561 - WARNING - ⚠️ 603336 宏辉果蔬 K线更新失败: ('Connection aborted.', RemoteDisconnected('Remote end closed connection without response'))
2025-08-23 09:37:11,200 - WARNING - ⚠️ 603337 杰克股份 K线更新失败: ('Connection aborted.', RemoteDisconnected('Remote end closed connection without response'))
2025-08-23 09:37:11,827 - WARNING - ⚠️ 603338 浙江鼎力 K线更新失败: ('Connection aborted.', RemoteDisconnected('Remote end closed connection without response'))
2025-08-23 09:37:12,456 - WARNING - ⚠️ 603339 四方科技 K线更新失败: ('Connection aborted.', RemoteDisconnected('Remote end closed connection without response'))
2025-08-23 09:37:13,086 - WARNING - ⚠️ 603341 龙旗科技 K线更新失败: ('Connection aborted.', RemoteDisconnected('Remote end closed connection without response'))
2025-08-23 09:37:13,717 - WARNING - ⚠️ 603344 星德胜 K线更新失败: ('Connection aborted.', RemoteDisconnected('Remote end closed connection without response'))
2025-08-23 09:37:14,346 - WARNING - ⚠️ 603345 安井食品 K线更新失败: ('Connection aborted.', RemoteDisconnected('Remote end closed connection without response'))
2025-08-23 09:37:14,972 - WARNING - ⚠️ 603348 文灿股份 K线更新失败: ('Connection aborted.', RemoteDisconnected('Remote end closed connection without response'))
2025-08-23 09:37:15,613 - WARNING - ⚠️ 603350 安乃达 K线更新失败: ('Connection aborted.', RemoteDisconnected('Remote end closed connection without response'))
2025-08-23 09:37:16,243 - WARNING - ⚠️ 603351 威尔药业 K线更新失败: ('Connection aborted.', RemoteDisconnected('Remote end closed connection without response'))
2025-08-23 09:37:16,881 - WARNING - ⚠️ 603353 和顺石油 K线更新失败: ('Connection aborted.', RemoteDisconnected('Remote end closed connection without response'))
2025-08-23 09:37:17,513 - WARNING - ⚠️ 603355 莱克电气 K线更新失败: ('Connection aborted.', RemoteDisconnected('Remote end closed connection without response'))
2025-08-23 09:37:18,149 - WARNING - ⚠️ 603356 华菱精工 K线更新失败: ('Connection aborted.', RemoteDisconnected('Remote end closed connection without response'))
2025-08-23 09:37:18,775 - WARNING - ⚠️ 603357 设计总院 K线更新失败: ('Connection aborted.', RemoteDisconnected('Remote end closed connection without response'))
2025-08-23 09:37:19,406 - WARNING - ⚠️ 603358 华达科技 K线更新失败: ('Connection aborted.', RemoteDisconnected('Remote end closed connection without response'))
2025-08-23 09:37:20,049 - WARNING - ⚠️ 603359 东珠生态 K线更新失败: ('Connection aborted.', RemoteDisconnected('Remote end closed connection without response'))
2025-08-23 09:37:20,682 - WARNING - ⚠️ 603360 百傲化学 K线更新失败: ('Connection aborted.', RemoteDisconnected('Remote end closed connection without response'))
2025-08-23 09:37:21,318 - WARNING - ⚠️ 603363 傲农生物 K线更新失败: ('Connection aborted.', RemoteDisconnected('Remote end closed connection without response'))
2025-08-23 09:37:21,942 - WARNING - ⚠️ 603365 水星家纺 K线更新失败: ('Connection aborted.', RemoteDisconnected('Remote end closed connection without response'))
2025-08-23 09:37:22,565 - WARNING - ⚠️ 603366 日出东方 K线更新失败: ('Connection aborted.', RemoteDisconnected('Remote end closed connection without response'))
2025-08-23 09:37:23,191 - WARNING - ⚠️ 603367 辰欣药业 K线更新失败: ('Connection aborted.', RemoteDisconnected('Remote end closed connection without response'))
2025-08-23 09:37:23,828 - WARNING - ⚠️ 603368 柳药集团 K线更新失败: ('Connection aborted.', RemoteDisconnected('Remote end closed connection without response'))
2025-08-23 09:37:24,462 - WARNING - ⚠️ 603369 今世缘 K线更新失败: ('Connection aborted.', RemoteDisconnected('Remote end closed connection without response'))
2025-08-23 09:37:25,092 - WARNING - ⚠️ 603370 华新精科 K线更新失败: ('Connection aborted.', RemoteDisconnected('Remote end closed connection without response'))
2025-08-23 09:37:25,732 - WARNING - ⚠️ 603373 安邦护卫 K线更新失败: ('Connection aborted.', RemoteDisconnected('Remote end closed connection without response'))
2025-08-23 09:37:26,370 - WARNING - ⚠️ 603375 盛景微 K线更新失败: ('Connection aborted.', RemoteDisconnected('Remote end closed connection without response'))
2025-08-23 09:37:27,000 - WARNING - ⚠️ 603377 ST东时 K线更新失败: ('Connection aborted.', RemoteDisconnected('Remote end closed connection without response'))
2025-08-23 09:37:27,624 - WARNING - ⚠️ 603378 亚士创能 K线更新失败: ('Connection aborted.', RemoteDisconnected('Remote end closed connection without response'))
2025-08-23 09:37:28,256 - WARNING - ⚠️ 603379 三美股份 K线更新失败: ('Connection aborted.', RemoteDisconnected('Remote end closed connection without response'))
2025-08-23 09:37:28,900 - WARNING - ⚠️ 603380 易德龙 K线更新失败: ('Connection aborted.', RemoteDisconnected('Remote end closed connection without response'))
2025-08-23 09:37:29,526 - WARNING - ⚠️ 603381 永臻股份 K线更新失败: ('Connection aborted.', RemoteDisconnected('Remote end closed connection without response'))
2025-08-23 09:37:30,145 - WARNING - ⚠️ 603382 海阳科技 K线更新失败: ('Connection aborted.', RemoteDisconnected('Remote end closed connection without response'))
2025-08-23 09:37:30,771 - WARNING - ⚠️ 603383 顶点软件 K线更新失败: ('Connection aborted.', RemoteDisconnected('Remote end closed connection without response'))
2025-08-23 09:37:31,414 - WARNING - ⚠️ 603385 惠达卫浴 K线更新失败: ('Connection aborted.', RemoteDisconnected('Remote end closed connection without response'))
2025-08-23 09:37:32,043 - WARNING - ⚠️ 603386 骏亚科技 K线更新失败: ('Connection aborted.', RemoteDisconnected('Remote end closed connection without response'))
2025-08-23 09:37:32,675 - WARNING - ⚠️ 603387 基蛋生物 K线更新失败: ('Connection aborted.', RemoteDisconnected('Remote end closed connection without response'))
2025-08-23 09:37:33,311 - WARNING - ⚠️ 603388 *ST元成 K线更新失败: ('Connection aborted.', RemoteDisconnected('Remote end closed connection without response'))
2025-08-23 09:37:33,952 - WARNING - ⚠️ 603389 *ST亚振 K线更新失败: ('Connection aborted.', RemoteDisconnected('Remote end closed connection without response'))
2025-08-23 09:37:34,580 - WARNING - ⚠️ 603390 通达电气 K线更新失败: ('Connection aborted.', RemoteDisconnected('Remote end closed connection without response'))
2025-08-23 09:37:35,209 - WARNING - ⚠️ 603391 力聚热能 K线更新失败: ('Connection aborted.', RemoteDisconnected('Remote end closed connection without response'))
2025-08-23 09:37:35,844 - WARNING - ⚠️ 603392 万泰生物 K线更新失败: ('Connection aborted.', RemoteDisconnected('Remote end closed connection without response'))
2025-08-23 09:37:36,473 - WARNING - ⚠️ 603393 新天然气 K线更新失败: ('Connection aborted.', RemoteDisconnected('Remote end closed connection without response'))
2025-08-23 09:37:37,109 - WARNING - ⚠️ 603395 红四方 K线更新失败: ('Connection aborted.', RemoteDisconnected('Remote end closed connection without response'))
2025-08-23 09:37:37,743 - WARNING - ⚠️ 603396 金辰股份 K线更新失败: ('Connection aborted.', RemoteDisconnected('Remote end closed connection without response'))
2025-08-23 09:37:38,381 - WARNING - ⚠️ 603398 *ST沐邦 K线更新失败: ('Connection aborted.', RemoteDisconnected('Remote end closed connection without response'))
2025-08-23 09:37:39,012 - WARNING - ⚠️ 603399 永杉锂业 K线更新失败: ('Connection aborted.', RemoteDisconnected('Remote end closed connection without response'))
2025-08-23 09:37:39,638 - WARNING - ⚠️ 603400 华之杰 K线更新失败: ('Connection aborted.', RemoteDisconnected('Remote end closed connection without response'))
2025-08-23 09:37:40,260 - WARNING - ⚠️ 603406 天富龙 K线更新失败: ('Connection aborted.', RemoteDisconnected('Remote end closed connection without response'))
2025-08-23 09:37:40,891 - WARNING - ⚠️ 603408 建霖家居 K线更新失败: ('Connection aborted.', RemoteDisconnected('Remote end closed connection without response'))
2025-08-23 09:37:41,525 - WARNING - ⚠️ 603409 汇通控股 K线更新失败: ('Connection aborted.', RemoteDisconnected('Remote end closed connection without response'))
2025-08-23 09:37:42,158 - WARNING - ⚠️ 603416 信捷电气 K线更新失败: ('Connection aborted.', RemoteDisconnected('Remote end closed connection without response'))
2025-08-23 09:37:42,795 - WARNING - ⚠️ 603421 鼎信通讯 K线更新失败: ('Connection aborted.', RemoteDisconnected('Remote end closed connection without response'))
2025-08-23 09:37:43,434 - WARNING - ⚠️ 603429 集友股份 K线更新失败: ('Connection aborted.', RemoteDisconnected('Remote end closed connection without response'))
2025-08-23 09:37:44,054 - WARNING - ⚠️ 603439 贵州三力 K线更新失败: ('Connection aborted.', RemoteDisconnected('Remote end closed connection without response'))
2025-08-23 09:37:44,677 - WARNING - ⚠️ 603444 吉比特 K线更新失败: ('Connection aborted.', RemoteDisconnected('Remote end closed connection without response'))
2025-08-23 09:37:45,297 - WARNING - ⚠️ 603456 九洲药业 K线更新失败: ('Connection aborted.', RemoteDisconnected('Remote end closed connection without response'))
2025-08-23 09:37:45,922 - WARNING - ⚠️ 603458 勘设股份 K线更新失败: ('Connection aborted.', RemoteDisconnected('Remote end closed connection without response'))
2025-08-23 09:37:46,557 - WARNING - ⚠️ 603466 风语筑 K线更新失败: ('Connection aborted.', RemoteDisconnected('Remote end closed connection without response'))
2025-08-23 09:37:47,194 - WARNING - ⚠️ 603477 巨星农牧 K线更新失败: ('Connection aborted.', RemoteDisconnected('Remote end closed connection without response'))
2025-08-23 09:37:47,821 - WARNING - ⚠️ 603486 科沃斯 K线更新失败: ('Connection aborted.', RemoteDisconnected('Remote end closed connection without response'))
2025-08-23 09:37:48,462 - WARNING - ⚠️ 603488 展鹏科技 K线更新失败: ('Connection aborted.', RemoteDisconnected('Remote end closed connection without response'))
2025-08-23 09:37:49,084 - WARNING - ⚠️ 603489 八方股份 K线更新失败: ('Connection aborted.', RemoteDisconnected('Remote end closed connection without response'))
2025-08-23 09:37:49,714 - WARNING - ⚠️ 603496 恒为科技 K线更新失败: ('Connection aborted.', RemoteDisconnected('Remote end closed connection without response'))
2025-08-23 09:37:50,343 - WARNING - ⚠️ 603499 翔港科技 K线更新失败: ('Connection aborted.', RemoteDisconnected('Remote end closed connection without response'))
2025-08-23 09:37:50,980 - WARNING - ⚠️ 603500 祥和实业 K线更新失败: ('Connection aborted.', RemoteDisconnected('Remote end closed connection without response'))
2025-08-23 09:37:51,605 - WARNING - ⚠️ 603501 豪威集团 K线更新失败: ('Connection aborted.', RemoteDisconnected('Remote end closed connection without response'))
2025-08-23 09:37:52,249 - WARNING - ⚠️ 603505 金石资源 K线更新失败: ('Connection aborted.', RemoteDisconnected('Remote end closed connection without response'))
2025-08-23 09:37:52,873 - WARNING - ⚠️ 603506 南都物业 K线更新失败: ('Connection aborted.', RemoteDisconnected('Remote end closed connection without response'))
2025-08-23 09:37:53,517 - WARNING - ⚠️ 603507 振江股份 K线更新失败: ('Connection aborted.', RemoteDisconnected('Remote end closed connection without response'))
2025-08-23 09:37:54,148 - WARNING - ⚠️ 603508 思维列控 K线更新失败: ('Connection aborted.', RemoteDisconnected('Remote end closed connection without response'))
2025-08-23 09:37:54,782 - WARNING - ⚠️ 603511 爱慕股份 K线更新失败: ('Connection aborted.', RemoteDisconnected('Remote end closed connection without response'))
2025-08-23 09:37:55,416 - WARNING - ⚠️ 603515 欧普照明 K线更新失败: ('Connection aborted.', RemoteDisconnected('Remote end closed connection without response'))
2025-08-23 09:37:56,044 - WARNING - ⚠️ 603516 淳中科技 K线更新失败: ('Connection aborted.', RemoteDisconnected('Remote end closed connection without response'))
2025-08-23 09:37:56,681 - WARNING - ⚠️ 603517 绝味食品 K线更新失败: ('Connection aborted.', RemoteDisconnected('Remote end closed connection without response'))
2025-08-23 09:37:57,312 - WARNING - ⚠️ 603518 锦泓集团 K线更新失败: ('Connection aborted.', RemoteDisconnected('Remote end closed connection without response'))
2025-08-23 09:37:57,932 - WARNING - ⚠️ 603519 立霸股份 K线更新失败: ('Connection aborted.', RemoteDisconnected('Remote end closed connection without response'))
2025-08-23 09:37:58,547 - WARNING - ⚠️ 603520 司太立 K线更新失败: ('Connection aborted.', RemoteDisconnected('Remote end closed connection without response'))
2025-08-23 09:37:59,160 - WARNING - ⚠️ 603527 众源新材 K线更新失败: ('Connection aborted.', RemoteDisconnected('Remote end closed connection without response'))
2025-08-23 09:37:59,782 - WARNING - ⚠️ 603528 多伦科技 K线更新失败: ('Connection aborted.', RemoteDisconnected('Remote end closed connection without response'))
2025-08-23 09:38:00,399 - WARNING - ⚠️ 603529 爱玛科技 K线更新失败: ('Connection aborted.', RemoteDisconnected('Remote end closed connection without response'))
2025-08-23 09:38:01,017 - WARNING - ⚠️ 603530 神马电力 K线更新失败: ('Connection aborted.', RemoteDisconnected('Remote end closed connection without response'))
2025-08-23 09:38:01,624 - WARNING - ⚠️ 603533 掌阅科技 K线更新失败: ('Connection aborted.', RemoteDisconnected('Remote end closed connection without response'))
2025-08-23 09:38:02,251 - WARNING - ⚠️ 603535 嘉诚国际 K线更新失败: ('Connection aborted.', RemoteDisconnected('Remote end closed connection without response'))
2025-08-23 09:38:02,856 - WARNING - ⚠️ 603536 惠发食品 K线更新失败: ('Connection aborted.', RemoteDisconnected('Remote end closed connection without response'))
2025-08-23 09:38:03,478 - WARNING - ⚠️ 603538 美诺华 K线更新失败: ('Connection aborted.', RemoteDisconnected('Remote end closed connection without response'))
2025-08-23 09:38:04,107 - WARNING - ⚠️ 603551 奥普科技 K线更新失败: ('Connection aborted.', RemoteDisconnected('Remote end closed connection without response'))
2025-08-23 09:38:04,725 - WARNING - ⚠️ 603555 ST贵人 K线更新失败: ('Connection aborted.', RemoteDisconnected('Remote end closed connection without response'))
2025-08-23 09:38:05,345 - WARNING - ⚠️ 603556 海兴电力 K线更新失败: ('Connection aborted.', RemoteDisconnected('Remote end closed connection without response'))
2025-08-23 09:38:05,961 - WARNING - ⚠️ 603557 ST起步 K线更新失败: ('Connection aborted.', RemoteDisconnected('Remote end closed connection without response'))
2025-08-23 09:38:06,578 - WARNING - ⚠️ 603558 健盛集团 K线更新失败: ('Connection aborted.', RemoteDisconnected('Remote end closed connection without response'))
2025-08-23 09:38:07,197 - WARNING - ⚠️ 603559 ST通脉 K线更新失败: ('Connection aborted.', RemoteDisconnected('Remote end closed connection without response'))
2025-08-23 09:38:07,813 - WARNING - ⚠️ 603565 中谷物流 K线更新失败: ('Connection aborted.', RemoteDisconnected('Remote end closed connection without response'))
2025-08-23 09:38:08,425 - WARNING - ⚠️ 603566 普莱柯 K线更新失败: ('Connection aborted.', RemoteDisconnected('Remote end closed connection without response'))
2025-08-23 09:38:09,057 - WARNING - ⚠️ 603567 珍宝岛 K线更新失败: ('Connection aborted.', RemoteDisconnected('Remote end closed connection without response'))
2025-08-23 09:38:09,682 - WARNING - ⚠️ 603568 伟明环保 K线更新失败: ('Connection aborted.', RemoteDisconnected('Remote end closed connection without response'))
2025-08-23 09:38:10,298 - WARNING - ⚠️ 603569 长久物流 K线更新失败: ('Connection aborted.', RemoteDisconnected('Remote end closed connection without response'))
2025-08-23 09:38:10,906 - WARNING - ⚠️ 603577 汇金通 K线更新失败: ('Connection aborted.', RemoteDisconnected('Remote end closed connection without response'))
2025-08-23 09:38:11,533 - WARNING - ⚠️ 603578 三星新材 K线更新失败: ('Connection aborted.', RemoteDisconnected('Remote end closed connection without response'))
2025-08-23 09:38:12,151 - WARNING - ⚠️ 603579 荣泰健康 K线更新失败: ('Connection aborted.', RemoteDisconnected('Remote end closed connection without response'))
2025-08-23 09:38:12,767 - WARNING - ⚠️ 603580 *ST艾艾 K线更新失败: ('Connection aborted.', RemoteDisconnected('Remote end closed connection without response'))
2025-08-23 09:38:13,385 - WARNING - ⚠️ 603583 捷昌驱动 K线更新失败: ('Connection aborted.', RemoteDisconnected('Remote end closed connection without response'))
2025-08-23 09:38:14,005 - WARNING - ⚠️ 603585 苏利股份 K线更新失败: ('Connection aborted.', RemoteDisconnected('Remote end closed connection without response'))
2025-08-23 09:38:14,624 - WARNING - ⚠️ 603586 金麒麟 K线更新失败: ('Connection aborted.', RemoteDisconnected('Remote end closed connection without response'))
2025-08-23 09:38:15,245 - WARNING - ⚠️ 603587 地素时尚 K线更新失败: ('Connection aborted.', RemoteDisconnected('Remote end closed connection without response'))
2025-08-23 09:38:15,862 - WARNING - ⚠️ 603588 高能环境 K线更新失败: ('Connection aborted.', RemoteDisconnected('Remote end closed connection without response'))
2025-08-23 09:38:16,479 - WARNING - ⚠️ 603589 口子窖 K线更新失败: ('Connection aborted.', RemoteDisconnected('Remote end closed connection without response'))
2025-08-23 09:38:17,095 - WARNING - ⚠️ 603590 康辰药业 K线更新失败: ('Connection aborted.', RemoteDisconnected('Remote end closed connection without response'))
2025-08-23 09:38:17,707 - WARNING - ⚠️ 603595 东尼电子 K线更新失败: ('Connection aborted.', RemoteDisconnected('Remote end closed connection without response'))
2025-08-23 09:38:18,335 - WARNING - ⚠️ 603596 伯特利 K线更新失败: ('Connection aborted.', RemoteDisconnected('Remote end closed connection without response'))
2025-08-23 09:38:18,950 - WARNING - ⚠️ 603598 引力传媒 K线更新失败: ('Connection aborted.', RemoteDisconnected('Remote end closed connection without response'))
2025-08-23 09:38:19,561 - WARNING - ⚠️ 603599 广信股份 K线更新失败: ('Connection aborted.', RemoteDisconnected('Remote end closed connection without response'))
2025-08-23 09:38:20,177 - WARNING - ⚠️ 603600 永艺股份 K线更新失败: ('Connection aborted.', RemoteDisconnected('Remote end closed connection without response'))
2025-08-23 09:38:20,796 - WARNING - ⚠️ 603601 再升科技 K线更新失败: ('Connection aborted.', RemoteDisconnected('Remote end closed connection without response'))
2025-08-23 09:38:21,409 - WARNING - ⚠️ 603602 纵横通信 K线更新失败: ('Connection aborted.', RemoteDisconnected('Remote end closed connection without response'))
2025-08-23 09:38:22,038 - WARNING - ⚠️ 603603 退市博天 K线更新失败: ('Connection aborted.', RemoteDisconnected('Remote end closed connection without response'))
2025-08-23 09:38:22,665 - WARNING - ⚠️ 603605 珀莱雅 K线更新失败: ('Connection aborted.', RemoteDisconnected('Remote end closed connection without response'))
2025-08-23 09:38:23,277 - WARNING - ⚠️ 603606 东方电缆 K线更新失败: ('Connection aborted.', RemoteDisconnected('Remote end closed connection without response'))
2025-08-23 09:38:23,888 - WARNING - ⚠️ 603607 京华激光 K线更新失败: ('Connection aborted.', RemoteDisconnected('Remote end closed connection without response'))
2025-08-23 09:38:24,518 - WARNING - ⚠️ 603608 天创时尚 K线更新失败: ('Connection aborted.', RemoteDisconnected('Remote end closed connection without response'))
2025-08-23 09:38:25,152 - WARNING - ⚠️ 603609 禾丰股份 K线更新失败: ('Connection aborted.', RemoteDisconnected('Remote end closed connection without response'))
2025-08-23 09:38:25,770 - WARNING - ⚠️ 603610 麒盛科技 K线更新失败: ('Connection aborted.', RemoteDisconnected('Remote end closed connection without response'))
2025-08-23 09:38:26,399 - WARNING - ⚠️ 603611 诺力股份 K线更新失败: ('Connection aborted.', RemoteDisconnected('Remote end closed connection without response'))
2025-08-23 09:38:27,013 - WARNING - ⚠️ 603612 索通发展 K线更新失败: ('Connection aborted.', RemoteDisconnected('Remote end closed connection without response'))
2025-08-23 09:38:27,638 - WARNING - ⚠️ 603613 国联股份 K线更新失败: ('Connection aborted.', RemoteDisconnected('Remote end closed connection without response'))
2025-08-23 09:38:28,266 - WARNING - ⚠️ 603615 茶花股份 K线更新失败: ('Connection aborted.', RemoteDisconnected('Remote end closed connection without response'))
2025-08-23 09:38:28,889 - WARNING - ⚠️ 603616 韩建河山 K线更新失败: ('Connection aborted.', RemoteDisconnected('Remote end closed connection without response'))
2025-08-23 09:38:29,515 - WARNING - ⚠️ 603617 君禾股份 K线更新失败: ('Connection aborted.', RemoteDisconnected('Remote end closed connection without response'))
2025-08-23 09:38:30,137 - WARNING - ⚠️ 603618 杭电股份 K线更新失败: ('Connection aborted.', RemoteDisconnected('Remote end closed connection without response'))
2025-08-23 09:38:30,761 - WARNING - ⚠️ 603619 中曼石油 K线更新失败: ('Connection aborted.', RemoteDisconnected('Remote end closed connection without response'))
2025-08-23 09:38:31,373 - WARNING - ⚠️ 603626 科森科技 K线更新失败: ('Connection aborted.', RemoteDisconnected('Remote end closed connection without response'))
2025-08-23 09:38:32,001 - WARNING - ⚠️ 603628 清源股份 K线更新失败: ('Connection aborted.', RemoteDisconnected('Remote end closed connection without response'))
2025-08-23 09:38:32,621 - WARNING - ⚠️ 603629 利通电子 K线更新失败: ('Connection aborted.', RemoteDisconnected('Remote end closed connection without response'))
2025-08-23 09:38:33,247 - WARNING - ⚠️ 603630 拉芳家化 K线更新失败: ('Connection aborted.', RemoteDisconnected('Remote end closed connection without response'))
2025-08-23 09:38:33,861 - WARNING - ⚠️ 603633 徕木股份 K线更新失败: ('Connection aborted.', RemoteDisconnected('Remote end closed connection without response'))
2025-08-23 09:38:34,481 - WARNING - ⚠️ 603636 南威软件 K线更新失败: ('Connection aborted.', RemoteDisconnected('Remote end closed connection without response'))
2025-08-23 09:38:35,088 - WARNING - ⚠️ 603637 镇海股份 K线更新失败: ('Connection aborted.', RemoteDisconnected('Remote end closed connection without response'))
2025-08-23 09:38:35,708 - WARNING - ⚠️ 603638 艾迪精密 K线更新失败: ('Connection aborted.', RemoteDisconnected('Remote end closed connection without response'))
2025-08-23 09:38:36,324 - WARNING - ⚠️ 603639 海利尔 K线更新失败: ('Connection aborted.', RemoteDisconnected('Remote end closed connection without response'))
2025-08-23 09:38:36,942 - WARNING - ⚠️ 603648 XD畅联股 K线更新失败: ('Connection aborted.', RemoteDisconnected('Remote end closed connection without response'))
2025-08-23 09:38:37,562 - WARNING - ⚠️ 603650 彤程新材 K线更新失败: ('Connection aborted.', RemoteDisconnected('Remote end closed connection without response'))
2025-08-23 09:38:38,186 - WARNING - ⚠️ 603655 朗博科技 K线更新失败: ('Connection aborted.', RemoteDisconnected('Remote end closed connection without response'))
2025-08-23 09:38:38,808 - WARNING - ⚠️ 603656 泰禾智能 K线更新失败: ('Connection aborted.', RemoteDisconnected('Remote end closed connection without response'))
2025-08-23 09:38:39,432 - WARNING - ⚠️ 603657 春光科技 K线更新失败: ('Connection aborted.', RemoteDisconnected('Remote end closed connection without response'))
2025-08-23 09:38:40,047 - WARNING - ⚠️ 603658 安图生物 K线更新失败: ('Connection aborted.', RemoteDisconnected('Remote end closed connection without response'))
2025-08-23 09:38:40,658 - WARNING - ⚠️ 603659 璞泰来 K线更新失败: ('Connection aborted.', RemoteDisconnected('Remote end closed connection without response'))
2025-08-23 09:38:41,276 - WARNING - ⚠️ 603660 苏州科达 K线更新失败: ('Connection aborted.', RemoteDisconnected('Remote end closed connection without response'))
2025-08-23 09:38:41,886 - WARNING - ⚠️ 603661 恒林股份 K线更新失败: ('Connection aborted.', RemoteDisconnected('Remote end closed connection without response'))
2025-08-23 09:38:42,507 - WARNING - ⚠️ 603662 柯力传感 K线更新失败: ('Connection aborted.', RemoteDisconnected('Remote end closed connection without response'))
2025-08-23 09:38:43,131 - WARNING - ⚠️ 603663 三祥新材 K线更新失败: ('Connection aborted.', RemoteDisconnected('Remote end closed connection without response'))
2025-08-23 09:38:43,761 - WARNING - ⚠️ 603665 康隆达 K线更新失败: ('Connection aborted.', RemoteDisconnected('Remote end closed connection without response'))
2025-08-23 09:38:44,374 - WARNING - ⚠️ 603666 亿嘉和 K线更新失败: ('Connection aborted.', RemoteDisconnected('Remote end closed connection without response'))
2025-08-23 09:38:44,992 - WARNING - ⚠️ 603667 五洲新春 K线更新失败: ('Connection aborted.', RemoteDisconnected('Remote end closed connection without response'))
2025-08-23 09:38:45,611 - WARNING - ⚠️ 603668 天马科技 K线更新失败: ('Connection aborted.', RemoteDisconnected('Remote end closed connection without response'))
2025-08-23 09:38:46,232 - WARNING - ⚠️ 603669 灵康药业 K线更新失败: ('Connection aborted.', RemoteDisconnected('Remote end closed connection without response'))
2025-08-23 09:38:46,849 - WARNING - ⚠️ 603676 卫信康 K线更新失败: ('Connection aborted.', RemoteDisconnected('Remote end closed connection without response'))
2025-08-23 09:38:47,468 - WARNING - ⚠️ 603677 奇精机械 K线更新失败: ('Connection aborted.', RemoteDisconnected('Remote end closed connection without response'))
2025-08-23 09:38:48,078 - WARNING - ⚠️ 603678 火炬电子 K线更新失败: ('Connection aborted.', RemoteDisconnected('Remote end closed connection without response'))
2025-08-23 09:38:48,699 - WARNING - ⚠️ 603679 华体科技 K线更新失败: ('Connection aborted.', RemoteDisconnected('Remote end closed connection without response'))
2025-08-23 09:38:49,311 - WARNING - ⚠️ 603680 今创集团 K线更新失败: ('Connection aborted.', RemoteDisconnected('Remote end closed connection without response'))
2025-08-23 09:38:49,935 - WARNING - ⚠️ 603681 永冠新材 K线更新失败: ('Connection aborted.', RemoteDisconnected('Remote end closed connection without response'))
2025-08-23 09:38:50,552 - WARNING - ⚠️ 603682 锦和商管 K线更新失败: ('Connection aborted.', RemoteDisconnected('Remote end closed connection without response'))
2025-08-23 09:38:51,164 - WARNING - ⚠️ 603683 晶华新材 K线更新失败: ('Connection aborted.', RemoteDisconnected('Remote end closed connection without response'))
2025-08-23 09:38:51,779 - WARNING - ⚠️ 603685 晨丰科技 K线更新失败: ('Connection aborted.', RemoteDisconnected('Remote end closed connection without response'))
2025-08-23 09:38:52,400 - WARNING - ⚠️ 603686 福龙马 K线更新失败: ('Connection aborted.', RemoteDisconnected('Remote end closed connection without response'))
2025-08-23 09:38:53,020 - WARNING - ⚠️ 603687 大胜达 K线更新失败: ('Connection aborted.', RemoteDisconnected('Remote end closed connection without response'))
2025-08-23 09:38:53,641 - WARNING - ⚠️ 603688 石英股份 K线更新失败: ('Connection aborted.', RemoteDisconnected('Remote end closed connection without response'))
2025-08-23 09:38:54,264 - WARNING - ⚠️ 603689 皖天然气 K线更新失败: ('Connection aborted.', RemoteDisconnected('Remote end closed connection without response'))
2025-08-23 09:38:54,875 - WARNING - ⚠️ 603690 至纯科技 K线更新失败: ('Connection aborted.', RemoteDisconnected('Remote end closed connection without response'))
2025-08-23 09:38:55,496 - WARNING - ⚠️ 603693 江苏新能 K线更新失败: ('Connection aborted.', RemoteDisconnected('Remote end closed connection without response'))
2025-08-23 09:38:56,112 - WARNING - ⚠️ 603696 安记食品 K线更新失败: ('Connection aborted.', RemoteDisconnected('Remote end closed connection without response'))
2025-08-23 09:38:56,729 - WARNING - ⚠️ 603697 有友食品 K线更新失败: ('Connection aborted.', RemoteDisconnected('Remote end closed connection without response'))
2025-08-23 09:38:57,343 - WARNING - ⚠️ 603698 航天工程 K线更新失败: ('Connection aborted.', RemoteDisconnected('Remote end closed connection without response'))
2025-08-23 09:38:57,960 - WARNING - ⚠️ 603699 纽威股份 K线更新失败: ('Connection aborted.', RemoteDisconnected('Remote end closed connection without response'))
2025-08-23 09:38:58,578 - WARNING - ⚠️ 603700 宁水集团 K线更新失败: ('Connection aborted.', RemoteDisconnected('Remote end closed connection without response'))
2025-08-23 09:38:59,194 - WARNING - ⚠️ 603701 德宏股份 K线更新失败: ('Connection aborted.', RemoteDisconnected('Remote end closed connection without response'))
2025-08-23 09:38:59,811 - WARNING - ⚠️ 603703 盛洋科技 K线更新失败: ('Connection aborted.', RemoteDisconnected('Remote end closed connection without response'))
2025-08-23 09:39:00,441 - WARNING - ⚠️ 603706 东方环宇 K线更新失败: ('Connection aborted.', RemoteDisconnected('Remote end closed connection without response'))
2025-08-23 09:39:01,064 - WARNING - ⚠️ 603707 健友股份 K线更新失败: ('Connection aborted.', RemoteDisconnected('Remote end closed connection without response'))
2025-08-23 09:39:01,683 - WARNING - ⚠️ 603708 家家悦 K线更新失败: ('Connection aborted.', RemoteDisconnected('Remote end closed connection without response'))
2025-08-23 09:39:02,290 - WARNING - ⚠️ 603709 中源家居 K线更新失败: ('Connection aborted.', RemoteDisconnected('Remote end closed connection without response'))
2025-08-23 09:39:02,908 - WARNING - ⚠️ 603711 香飘飘 K线更新失败: ('Connection aborted.', RemoteDisconnected('Remote end closed connection without response'))
2025-08-23 09:39:03,529 - WARNING - ⚠️ 603712 七一二 K线更新失败: ('Connection aborted.', RemoteDisconnected('Remote end closed connection without response'))
2025-08-23 09:39:04,156 - WARNING - ⚠️ 603713 密尔克卫 K线更新失败: ('Connection aborted.', RemoteDisconnected('Remote end closed connection without response'))
2025-08-23 09:39:04,777 - WARNING - ⚠️ 603716 塞力医疗 K线更新失败: ('Connection aborted.', RemoteDisconnected('Remote end closed connection without response'))
2025-08-23 09:39:05,400 - WARNING - ⚠️ 603717 天域生物 K线更新失败: ('Connection aborted.', RemoteDisconnected('Remote end closed connection without response'))
2025-08-23 09:39:06,029 - WARNING - ⚠️ 603718 海利生物 K线更新失败: ('Connection aborted.', RemoteDisconnected('Remote end closed connection without response'))
2025-08-23 09:39:06,643 - WARNING - ⚠️ 603719 良品铺子 K线更新失败: ('Connection aborted.', RemoteDisconnected('Remote end closed connection without response'))
2025-08-23 09:39:07,259 - WARNING - ⚠️ 603721 *ST天择 K线更新失败: ('Connection aborted.', RemoteDisconnected('Remote end closed connection without response'))
2025-08-23 09:39:07,882 - WARNING - ⚠️ 603722 阿科力 K线更新失败: ('Connection aborted.', RemoteDisconnected('Remote end closed connection without response'))
2025-08-23 09:39:08,502 - WARNING - ⚠️ 603725 天安新材 K线更新失败: ('Connection aborted.', RemoteDisconnected('Remote end closed connection without response'))
2025-08-23 09:39:09,124 - WARNING - ⚠️ 603726 朗迪集团 K线更新失败: ('Connection aborted.', RemoteDisconnected('Remote end closed connection without response'))
2025-08-23 09:39:09,746 - WARNING - ⚠️ 603727 博迈科 K线更新失败: ('Connection aborted.', RemoteDisconnected('Remote end closed connection without response'))
2025-08-23 09:39:10,367 - WARNING - ⚠️ 603728 鸣志电器 K线更新失败: ('Connection aborted.', RemoteDisconnected('Remote end closed connection without response'))
2025-08-23 09:39:10,990 - WARNING - ⚠️ 603729 龙韵股份 K线更新失败: ('Connection aborted.', RemoteDisconnected('Remote end closed connection without response'))
2025-08-23 09:39:11,612 - WARNING - ⚠️ 603730 岱美股份 K线更新失败: ('Connection aborted.', RemoteDisconnected('Remote end closed connection without response'))
2025-08-23 09:39:12,228 - WARNING - ⚠️ 603733 仙鹤股份 K线更新失败: ('Connection aborted.', RemoteDisconnected('Remote end closed connection without response'))
2025-08-23 09:39:12,847 - WARNING - ⚠️ 603737 三棵树 K线更新失败: ('Connection aborted.', RemoteDisconnected('Remote end closed connection without response'))
2025-08-23 09:39:13,452 - WARNING - ⚠️ 603738 泰晶科技 K线更新失败: ('Connection aborted.', RemoteDisconnected('Remote end closed connection without response'))
2025-08-23 09:39:14,077 - WARNING - ⚠️ 603739 蔚蓝生物 K线更新失败: ('Connection aborted.', RemoteDisconnected('Remote end closed connection without response'))
2025-08-23 09:39:14,688 - WARNING - ⚠️ 603755 日辰股份 K线更新失败: ('Connection aborted.', RemoteDisconnected('Remote end closed connection without response'))
2025-08-23 09:39:15,315 - WARNING - ⚠️ 603757 大元泵业 K线更新失败: ('Connection aborted.', RemoteDisconnected('Remote end closed connection without response'))
2025-08-23 09:39:15,941 - WARNING - ⚠️ 603758 秦安股份 K线更新失败: ('Connection aborted.', RemoteDisconnected('Remote end closed connection without response'))
2025-08-23 09:39:16,561 - WARNING - ⚠️ 603759 海天股份 K线更新失败: ('Connection aborted.', RemoteDisconnected('Remote end closed connection without response'))
2025-08-23 09:39:17,192 - WARNING - ⚠️ 603766 隆鑫通用 K线更新失败: ('Connection aborted.', RemoteDisconnected('Remote end closed connection without response'))
2025-08-23 09:39:18,166 - WARNING - ⚠️ 603767 中马传动 K线更新失败: ('Connection aborted.', RemoteDisconnected('Remote end closed connection without response'))
2025-08-23 09:39:18,800 - WARNING - ⚠️ 603768 常青股份 K线更新失败: ('Connection aborted.', RemoteDisconnected('Remote end closed connection without response'))
2025-08-23 09:39:19,418 - WARNING - ⚠️ 603773 沃格光电 K线更新失败: ('Connection aborted.', RemoteDisconnected('Remote end closed connection without response'))
2025-08-23 09:39:20,027 - WARNING - ⚠️ 603776 永安行 K线更新失败: ('Connection aborted.', RemoteDisconnected('Remote end closed connection without response'))
2025-08-23 09:39:20,644 - WARNING - ⚠️ 603777 来伊份 K线更新失败: ('Connection aborted.', RemoteDisconnected('Remote end closed connection without response'))
2025-08-23 09:39:21,256 - WARNING - ⚠️ 603778 国晟科技 K线更新失败: ('Connection aborted.', RemoteDisconnected('Remote end closed connection without response'))
2025-08-23 09:39:21,881 - WARNING - ⚠️ 603779 威龙股份 K线更新失败: ('Connection aborted.', RemoteDisconnected('Remote end closed connection without response'))
2025-08-23 09:39:22,492 - WARNING - ⚠️ 603786 科博达 K线更新失败: ('Connection aborted.', RemoteDisconnected('Remote end closed connection without response'))
2025-08-23 09:39:23,106 - WARNING - ⚠️ 603787 新日股份 K线更新失败: ('Connection aborted.', RemoteDisconnected('Remote end closed connection without response'))
2025-08-23 09:39:23,728 - WARNING - ⚠️ 603788 宁波高发 K线更新失败: ('Connection aborted.', RemoteDisconnected('Remote end closed connection without response'))
2025-08-23 09:39:24,350 - WARNING - ⚠️ 603789 *ST星农 K线更新失败: ('Connection aborted.', RemoteDisconnected('Remote end closed connection without response'))
2025-08-23 09:39:24,979 - WARNING - ⚠️ 603790 雅运股份 K线更新失败: ('Connection aborted.', RemoteDisconnected('Remote end closed connection without response'))
2025-08-23 09:39:25,593 - WARNING - ⚠️ 603797 联泰环保 K线更新失败: ('Connection aborted.', RemoteDisconnected('Remote end closed connection without response'))
2025-08-23 09:39:26,215 - WARNING - ⚠️ 603798 康普顿 K线更新失败: ('Connection aborted.', RemoteDisconnected('Remote end closed connection without response'))
2025-08-23 09:39:26,886 - WARNING - ⚠️ 603799 华友钴业 K线更新失败: ('Connection aborted.', RemoteDisconnected('Remote end closed connection without response'))
2025-08-23 09:39:27,519 - WARNING - ⚠️ 603800 洪田股份 K线更新失败: ('Connection aborted.', RemoteDisconnected('Remote end closed connection without response'))
2025-08-23 09:39:28,154 - WARNING - ⚠️ 603801 志邦家居 K线更新失败: ('Connection aborted.', RemoteDisconnected('Remote end closed connection without response'))
2025-08-23 09:39:28,779 - WARNING - ⚠️ 603803 瑞斯康达 K线更新失败: ('Connection aborted.', RemoteDisconnected('Remote end closed connection without response'))
2025-08-23 09:39:29,398 - WARNING - ⚠️ 603806 福斯特 K线更新失败: ('Connection aborted.', RemoteDisconnected('Remote end closed connection without response'))
2025-08-23 09:39:30,016 - WARNING - ⚠️ 603808 歌力思 K线更新失败: ('Connection aborted.', RemoteDisconnected('Remote end closed connection without response'))
2025-08-23 09:39:30,630 - WARNING - ⚠️ 603809 豪能股份 K线更新失败: ('Connection aborted.', RemoteDisconnected('Remote end closed connection without response'))
2025-08-23 09:39:31,250 - WARNING - ⚠️ 603810 丰山集团 K线更新失败: ('Connection aborted.', RemoteDisconnected('Remote end closed connection without response'))
2025-08-23 09:39:31,879 - WARNING - ⚠️ 603811 诚意药业 K线更新失败: ('Connection aborted.', RemoteDisconnected('Remote end closed connection without response'))
2025-08-23 09:39:32,491 - WARNING - ⚠️ 603813 *ST原尚 K线更新失败: ('Connection aborted.', RemoteDisconnected('Remote end closed connection without response'))
2025-08-23 09:39:33,116 - WARNING - ⚠️ 603815 交建股份 K线更新失败: ('Connection aborted.', RemoteDisconnected('Remote end closed connection without response'))
2025-08-23 09:39:33,722 - WARNING - ⚠️ 603816 顾家家居 K线更新失败: ('Connection aborted.', RemoteDisconnected('Remote end closed connection without response'))
2025-08-23 09:39:34,345 - WARNING - ⚠️ 603817 海峡环保 K线更新失败: ('Connection aborted.', RemoteDisconnected('Remote end closed connection without response'))
2025-08-23 09:39:34,958 - WARNING - ⚠️ 603818 曲美家居 K线更新失败: ('Connection aborted.', RemoteDisconnected('Remote end closed connection without response'))
2025-08-23 09:39:35,571 - WARNING - ⚠️ 603819 神力股份 K线更新失败: ('Connection aborted.', RemoteDisconnected('Remote end closed connection without response'))
2025-08-23 09:39:36,201 - WARNING - ⚠️ 603822 嘉澳环保 K线更新失败: ('Connection aborted.', RemoteDisconnected('Remote end closed connection without response'))
2025-08-23 09:39:36,829 - WARNING - ⚠️ 603823 百合花 K线更新失败: ('Connection aborted.', RemoteDisconnected('Remote end closed connection without response'))
2025-08-23 09:39:37,449 - WARNING - ⚠️ 603825 华扬联众 K线更新失败: ('Connection aborted.', RemoteDisconnected('Remote end closed connection without response'))
2025-08-23 09:39:38,070 - WARNING - ⚠️ 603826 坤彩科技 K线更新失败: ('Connection aborted.', RemoteDisconnected('Remote end closed connection without response'))
2025-08-23 09:39:38,697 - WARNING - ⚠️ 603828 ST柯利达 K线更新失败: ('Connection aborted.', RemoteDisconnected('Remote end closed connection without response'))
2025-08-23 09:39:39,315 - WARNING - ⚠️ 603829 洛凯股份 K线更新失败: ('Connection aborted.', RemoteDisconnected('Remote end closed connection without response'))
2025-08-23 09:39:39,938 - WARNING - ⚠️ 603833 欧派家居 K线更新失败: ('Connection aborted.', RemoteDisconnected('Remote end closed connection without response'))
2025-08-23 09:39:40,562 - WARNING - ⚠️ 603836 海程邦达 K线更新失败: ('Connection aborted.', RemoteDisconnected('Remote end closed connection without response'))
2025-08-23 09:39:41,175 - WARNING - ⚠️ 603838 *ST四通 K线更新失败: ('Connection aborted.', RemoteDisconnected('Remote end closed connection without response'))
2025-08-23 09:39:41,799 - WARNING - ⚠️ 603839 安正时尚 K线更新失败: ('Connection aborted.', RemoteDisconnected('Remote end closed connection without response'))
2025-08-23 09:39:42,408 - WARNING - ⚠️ 603843 *ST正平 K线更新失败: ('Connection aborted.', RemoteDisconnected('Remote end closed connection without response'))
2025-08-23 09:39:43,024 - WARNING - ⚠️ 603848 好太太 K线更新失败: ('Connection aborted.', RemoteDisconnected('Remote end closed connection without response'))
2025-08-23 09:39:43,638 - WARNING - ⚠️ 603855 华荣股份 K线更新失败: ('Connection aborted.', RemoteDisconnected('Remote end closed connection without response'))
2025-08-23 09:39:44,273 - WARNING - ⚠️ 603856 东宏股份 K线更新失败: ('Connection aborted.', RemoteDisconnected('Remote end closed connection without response'))
2025-08-23 09:39:44,902 - WARNING - ⚠️ 603858 步长制药 K线更新失败: ('Connection aborted.', RemoteDisconnected('Remote end closed connection without response'))
2025-08-23 09:39:45,525 - WARNING - ⚠️ 603859 能科科技 K线更新失败: ('Connection aborted.', RemoteDisconnected('Remote end closed connection without response'))
2025-08-23 09:39:46,148 - WARNING - ⚠️ 603860 中公高科 K线更新失败: ('Connection aborted.', RemoteDisconnected('Remote end closed connection without response'))
2025-08-23 09:39:46,760 - WARNING - ⚠️ 603861 白云电器 K线更新失败: ('Connection aborted.', RemoteDisconnected('Remote end closed connection without response'))
2025-08-23 09:39:47,387 - WARNING - ⚠️ 603863 松炀资源 K线更新失败: ('Connection aborted.', RemoteDisconnected('Remote end closed connection without response'))
2025-08-23 09:39:48,014 - WARNING - ⚠️ 603866 桃李面包 K线更新失败: ('Connection aborted.', RemoteDisconnected('Remote end closed connection without response'))
2025-08-23 09:39:48,633 - WARNING - ⚠️ 603867 新化股份 K线更新失败: ('Connection aborted.', RemoteDisconnected('Remote end closed connection without response'))
2025-08-23 09:39:49,244 - WARNING - ⚠️ 603868 飞科电器 K线更新失败: ('Connection aborted.', RemoteDisconnected('Remote end closed connection without response'))
2025-08-23 09:39:49,874 - WARNING - ⚠️ 603869 ST智知 K线更新失败: ('Connection aborted.', RemoteDisconnected('Remote end closed connection without response'))
2025-08-23 09:39:50,502 - WARNING - ⚠️ 603871 嘉友国际 K线更新失败: ('Connection aborted.', RemoteDisconnected('Remote end closed connection without response'))
2025-08-23 09:39:51,123 - WARNING - ⚠️ 603876 鼎胜新材 K线更新失败: ('Connection aborted.', RemoteDisconnected('Remote end closed connection without response'))
2025-08-23 09:39:51,742 - WARNING - ⚠️ 603877 太平鸟 K线更新失败: ('Connection aborted.', RemoteDisconnected('Remote end closed connection without response'))
2025-08-23 09:39:52,357 - WARNING - ⚠️ 603878 武进不锈 K线更新失败: ('Connection aborted.', RemoteDisconnected('Remote end closed connection without response'))
2025-08-23 09:39:52,982 - WARNING - ⚠️ 603879 永悦科技 K线更新失败: ('Connection aborted.', RemoteDisconnected('Remote end closed connection without response'))
2025-08-23 09:39:53,595 - WARNING - ⚠️ 603880 南卫股份 K线更新失败: ('Connection aborted.', RemoteDisconnected('Remote end closed connection without response'))
2025-08-23 09:39:54,213 - WARNING - ⚠️ 603881 数据港 K线更新失败: ('Connection aborted.', RemoteDisconnected('Remote end closed connection without response'))
2025-08-23 09:39:54,824 - WARNING - ⚠️ 603882 金域医学 K线更新失败: ('Connection aborted.', RemoteDisconnected('Remote end closed connection without response'))
2025-08-23 09:39:55,439 - WARNING - ⚠️ 603883 老百姓 K线更新失败: ('Connection aborted.', RemoteDisconnected('Remote end closed connection without response'))
2025-08-23 09:39:56,060 - WARNING - ⚠️ 603885 吉祥航空 K线更新失败: ('Connection aborted.', RemoteDisconnected('Remote end closed connection without response'))
2025-08-23 09:39:56,691 - WARNING - ⚠️ 603886 元祖股份 K线更新失败: ('Connection aborted.', RemoteDisconnected('Remote end closed connection without response'))
2025-08-23 09:39:57,311 - WARNING - ⚠️ 603887 城地香江 K线更新失败: ('Connection aborted.', RemoteDisconnected('Remote end closed connection without response'))
2025-08-23 09:39:57,924 - WARNING - ⚠️ 603888 新华网 K线更新失败: ('Connection aborted.', RemoteDisconnected('Remote end closed connection without response'))
2025-08-23 09:39:58,547 - WARNING - ⚠️ 603889 新澳股份 K线更新失败: ('Connection aborted.', RemoteDisconnected('Remote end closed connection without response'))
2025-08-23 09:39:59,163 - WARNING - ⚠️ 603890 春秋电子 K线更新失败: ('Connection aborted.', RemoteDisconnected('Remote end closed connection without response'))
2025-08-23 09:39:59,772 - WARNING - ⚠️ 603893 瑞芯微 K线更新失败: ('Connection aborted.', RemoteDisconnected('Remote end closed connection without response'))
2025-08-23 09:40:00,395 - WARNING - ⚠️ 603895 天永智能 K线更新失败: ('Connection aborted.', RemoteDisconnected('Remote end closed connection without response'))
2025-08-23 09:40:01,010 - WARNING - ⚠️ 603896 寿仙谷 K线更新失败: ('Connection aborted.', RemoteDisconnected('Remote end closed connection without response'))
2025-08-23 09:40:01,624 - WARNING - ⚠️ 603897 长城科技 K线更新失败: ('Connection aborted.', RemoteDisconnected('Remote end closed connection without response'))
2025-08-23 09:40:02,246 - WARNING - ⚠️ 603898 好莱客 K线更新失败: ('Connection aborted.', RemoteDisconnected('Remote end closed connection without response'))
2025-08-23 09:40:02,858 - WARNING - ⚠️ 603899 晨光股份 K线更新失败: ('Connection aborted.', RemoteDisconnected('Remote end closed connection without response'))
2025-08-23 09:40:03,480 - WARNING - ⚠️ 603900 莱绅通灵 K线更新失败: ('Connection aborted.', RemoteDisconnected('Remote end closed connection without response'))
2025-08-23 09:40:04,095 - WARNING - ⚠️ 603901 永创智能 K线更新失败: ('Connection aborted.', RemoteDisconnected('Remote end closed connection without response'))
2025-08-23 09:40:04,706 - WARNING - ⚠️ 603903 中持股份 K线更新失败: ('Connection aborted.', RemoteDisconnected('Remote end closed connection without response'))
2025-08-23 09:40:05,324 - WARNING - ⚠️ 603906 龙蟠科技 K线更新失败: ('Connection aborted.', RemoteDisconnected('Remote end closed connection without response'))
2025-08-23 09:40:05,938 - WARNING - ⚠️ 603908 牧高笛 K线更新失败: ('Connection aborted.', RemoteDisconnected('Remote end closed connection without response'))
2025-08-23 09:40:06,562 - WARNING - ⚠️ 603909 建发合诚 K线更新失败: ('Connection aborted.', RemoteDisconnected('Remote end closed connection without response'))
2025-08-23 09:40:07,173 - WARNING - ⚠️ 603912 佳力图 K线更新失败: ('Connection aborted.', RemoteDisconnected('Remote end closed connection without response'))
2025-08-23 09:40:07,793 - WARNING - ⚠️ 603915 国茂股份 K线更新失败: ('Connection aborted.', RemoteDisconnected('Remote end closed connection without response'))
2025-08-23 09:40:08,415 - WARNING - ⚠️ 603916 苏博特 K线更新失败: ('Connection aborted.', RemoteDisconnected('Remote end closed connection without response'))
2025-08-23 09:40:09,024 - WARNING - ⚠️ 603917 合力科技 K线更新失败: ('Connection aborted.', RemoteDisconnected('Remote end closed connection without response'))
2025-08-23 09:40:09,653 - WARNING - ⚠️ 603918 金桥信息 K线更新失败: ('Connection aborted.', RemoteDisconnected('Remote end closed connection without response'))
2025-08-23 09:40:10,285 - WARNING - ⚠️ 603919 金徽酒 K线更新失败: ('Connection aborted.', RemoteDisconnected('Remote end closed connection without response'))
2025-08-23 09:40:10,904 - WARNING - ⚠️ 603920 世运电路 K线更新失败: ('Connection aborted.', RemoteDisconnected('Remote end closed connection without response'))
2025-08-23 09:40:11,522 - WARNING - ⚠️ 603922 金鸿顺 K线更新失败: ('Connection aborted.', RemoteDisconnected('Remote end closed connection without response'))
2025-08-23 09:40:12,148 - WARNING - ⚠️ 603926 铁流股份 K线更新失败: ('Connection aborted.', RemoteDisconnected('Remote end closed connection without response'))
2025-08-23 09:40:12,770 - WARNING - ⚠️ 603927 中科软 K线更新失败: ('Connection aborted.', RemoteDisconnected('Remote end closed connection without response'))
2025-08-23 09:40:13,398 - WARNING - ⚠️ 603928 兴业股份 K线更新失败: ('Connection aborted.', RemoteDisconnected('Remote end closed connection without response'))
2025-08-23 09:40:14,004 - WARNING - ⚠️ 603929 亚翔集成 K线更新失败: ('Connection aborted.', RemoteDisconnected('Remote end closed connection without response'))
2025-08-23 09:40:14,619 - WARNING - ⚠️ 603931 格林达 K线更新失败: ('Connection aborted.', RemoteDisconnected('Remote end closed connection without response'))
2025-08-23 09:40:15,241 - WARNING - ⚠️ 603933 睿能科技 K线更新失败: ('Connection aborted.', RemoteDisconnected('Remote end closed connection without response'))
2025-08-23 09:40:15,859 - WARNING - ⚠️ 603936 博敏电子 K线更新失败: ('Connection aborted.', RemoteDisconnected('Remote end closed connection without response'))
2025-08-23 09:40:16,486 - WARNING - ⚠️ 603937 丽岛新材 K线更新失败: ('Connection aborted.', RemoteDisconnected('Remote end closed connection without response'))
2025-08-23 09:40:17,108 - WARNING - ⚠️ 603938 三孚股份 K线更新失败: ('Connection aborted.', RemoteDisconnected('Remote end closed connection without response'))
2025-08-23 09:40:17,725 - WARNING - ⚠️ 603939 益丰药房 K线更新失败: ('Connection aborted.', RemoteDisconnected('Remote end closed connection without response'))
2025-08-23 09:40:18,349 - WARNING - ⚠️ 603948 建业股份 K线更新失败: ('Connection aborted.', RemoteDisconnected('Remote end closed connection without response'))
2025-08-23 09:40:18,975 - WARNING - ⚠️ 603949 雪龙集团 K线更新失败: ('Connection aborted.', RemoteDisconnected('Remote end closed connection without response'))
2025-08-23 09:40:19,597 - WARNING - ⚠️ 603950 长源东谷 K线更新失败: ('Connection aborted.', RemoteDisconnected('Remote end closed connection without response'))
2025-08-23 09:40:20,219 - WARNING - ⚠️ 603955 大千生态 K线更新失败: ('Connection aborted.', RemoteDisconnected('Remote end closed connection without response'))
2025-08-23 09:40:20,843 - WARNING - ⚠️ 603956 威派格 K线更新失败: ('Connection aborted.', RemoteDisconnected('Remote end closed connection without response'))
2025-08-23 09:40:21,463 - WARNING - ⚠️ 603958 哈森股份 K线更新失败: ('Connection aborted.', RemoteDisconnected('Remote end closed connection without response'))
2025-08-23 09:40:22,070 - WARNING - ⚠️ 603959 百利科技 K线更新失败: ('Connection aborted.', RemoteDisconnected('Remote end closed connection without response'))
2025-08-23 09:40:22,690 - WARNING - ⚠️ 603960 克来机电 K线更新失败: ('Connection aborted.', RemoteDisconnected('Remote end closed connection without response'))
2025-08-23 09:40:23,318 - WARNING - ⚠️ 603963 *ST大药 K线更新失败: ('Connection aborted.', RemoteDisconnected('Remote end closed connection without response'))
2025-08-23 09:40:23,942 - WARNING - ⚠️ 603966 法兰泰克 K线更新失败: ('Connection aborted.', RemoteDisconnected('Remote end closed connection without response'))
2025-08-23 09:40:24,561 - WARNING - ⚠️ 603967 中创物流 K线更新失败: ('Connection aborted.', RemoteDisconnected('Remote end closed connection without response'))
2025-08-23 09:40:25,186 - WARNING - ⚠️ 603968 醋化股份 K线更新失败: ('Connection aborted.', RemoteDisconnected('Remote end closed connection without response'))
2025-08-23 09:40:25,813 - WARNING - ⚠️ 603969 银龙股份 K线更新失败: ('Connection aborted.', RemoteDisconnected('Remote end closed connection without response'))
2025-08-23 09:40:26,420 - WARNING - ⚠️ 603970 中农立华 K线更新失败: ('Connection aborted.', RemoteDisconnected('Remote end closed connection without response'))
2025-08-23 09:40:27,039 - WARNING - ⚠️ 603976 正川股份 K线更新失败: ('Connection aborted.', RemoteDisconnected('Remote end closed connection without response'))
2025-08-23 09:40:27,667 - WARNING - ⚠️ 603977 国泰集团 K线更新失败: ('Connection aborted.', RemoteDisconnected('Remote end closed connection without response'))
2025-08-23 09:40:28,299 - WARNING - ⚠️ 603978 深圳新星 K线更新失败: ('Connection aborted.', RemoteDisconnected('Remote end closed connection without response'))
2025-08-23 09:40:28,934 - WARNING - ⚠️ 603979 金诚信 K线更新失败: ('Connection aborted.', RemoteDisconnected('Remote end closed connection without response'))
2025-08-23 09:40:29,546 - WARNING - ⚠️ 603980 吉华集团 K线更新失败: ('Connection aborted.', RemoteDisconnected('Remote end closed connection without response'))
2025-08-23 09:40:30,150 - WARNING - ⚠️ 603982 泉峰汽车 K线更新失败: ('Connection aborted.', RemoteDisconnected('Remote end closed connection without response'))
2025-08-23 09:40:30,772 - WARNING - ⚠️ 603983 丸美生物 K线更新失败: ('Connection aborted.', RemoteDisconnected('Remote end closed connection without response'))
2025-08-23 09:40:31,396 - WARNING - ⚠️ 603985 恒润股份 K线更新失败: ('Connection aborted.', RemoteDisconnected('Remote end closed connection without response'))
2025-08-23 09:40:32,010 - WARNING - ⚠️ 603986 兆易创新 K线更新失败: ('Connection aborted.', RemoteDisconnected('Remote end closed connection without response'))
2025-08-23 09:40:32,628 - WARNING - ⚠️ 603987 康德莱 K线更新失败: ('Connection aborted.', RemoteDisconnected('Remote end closed connection without response'))
2025-08-23 09:40:33,244 - WARNING - ⚠️ 603988 中电电机 K线更新失败: ('Connection aborted.', RemoteDisconnected('Remote end closed connection without response'))
2025-08-23 09:40:33,863 - WARNING - ⚠️ 603989 艾华集团 K线更新失败: ('Connection aborted.', RemoteDisconnected('Remote end closed connection without response'))
2025-08-23 09:40:34,475 - WARNING - ⚠️ 603990 麦迪科技 K线更新失败: ('Connection aborted.', RemoteDisconnected('Remote end closed connection without response'))
2025-08-23 09:40:35,089 - WARNING - ⚠️ 603991 至正股份 K线更新失败: ('Connection aborted.', RemoteDisconnected('Remote end closed connection without response'))
2025-08-23 09:40:35,707 - WARNING - ⚠️ 603992 松霖科技 K线更新失败: ('Connection aborted.', RemoteDisconnected('Remote end closed connection without response'))
2025-08-23 09:40:36,324 - WARNING - ⚠️ 603993 洛阳钼业 K线更新失败: ('Connection aborted.', RemoteDisconnected('Remote end closed connection without response'))
2025-08-23 09:40:36,944 - WARNING - ⚠️ 603995 甬金股份 K线更新失败: ('Connection aborted.', RemoteDisconnected('Remote end closed connection without response'))
2025-08-23 09:40:37,560 - WARNING - ⚠️ 603996 退市中新 K线更新失败: ('Connection aborted.', RemoteDisconnected('Remote end closed connection without response'))
2025-08-23 09:40:38,177 - WARNING - ⚠️ 603997 继峰股份 K线更新失败: ('Connection aborted.', RemoteDisconnected('Remote end closed connection without response'))
2025-08-23 09:40:38,787 - WARNING - ⚠️ 603998 方盛制药 K线更新失败: ('Connection aborted.', RemoteDisconnected('Remote end closed connection without response'))
2025-08-23 09:40:39,417 - WARNING - ⚠️ 603999 读者传媒 K线更新失败: ('Connection aborted.', RemoteDisconnected('Remote end closed connection without response'))
2025-08-23 09:40:40,051 - WARNING - ⚠️ 605001 威奥股份 K线更新失败: ('Connection aborted.', RemoteDisconnected('Remote end closed connection without response'))
2025-08-23 09:40:40,658 - WARNING - ⚠️ 605003 众望布艺 K线更新失败: ('Connection aborted.', RemoteDisconnected('Remote end closed connection without response'))
2025-08-23 09:40:41,273 - WARNING - ⚠️ 605005 合兴股份 K线更新失败: ('Connection aborted.', RemoteDisconnected('Remote end closed connection without response'))
2025-08-23 09:40:41,902 - WARNING - ⚠️ 605006 山东玻纤 K线更新失败: ('Connection aborted.', RemoteDisconnected('Remote end closed connection without response'))
2025-08-23 09:40:42,589 - WARNING - ⚠️ 605007 五洲特纸 K线更新失败: ('Connection aborted.', RemoteDisconnected('Remote end closed connection without response'))
2025-08-23 09:40:43,208 - WARNING - ⚠️ 605008 长鸿高科 K线更新失败: ('Connection aborted.', RemoteDisconnected('Remote end closed connection without response'))
2025-08-23 09:40:43,836 - WARNING - ⚠️ 605009 豪悦护理 K线更新失败: ('Connection aborted.', RemoteDisconnected('Remote end closed connection without response'))
2025-08-23 09:40:44,466 - WARNING - ⚠️ 605011 杭州热电 K线更新失败: ('Connection aborted.', RemoteDisconnected('Remote end closed connection without response'))
2025-08-23 09:40:45,096 - WARNING - ⚠️ 605016 百龙创园 K线更新失败: ('Connection aborted.', RemoteDisconnected('Remote end closed connection without response'))
2025-08-23 09:40:45,711 - WARNING - ⚠️ 605018 长华集团 K线更新失败: ('Connection aborted.', RemoteDisconnected('Remote end closed connection without response'))
2025-08-23 09:40:46,323 - WARNING - ⚠️ 605020 永和股份 K线更新失败: ('Connection aborted.', RemoteDisconnected('Remote end closed connection without response'))
2025-08-23 09:40:46,941 - WARNING - ⚠️ 605028 世茂能源 K线更新失败: ('Connection aborted.', RemoteDisconnected('Remote end closed connection without response'))
2025-08-23 09:40:47,554 - WARNING - ⚠️ 605033 美邦股份 K线更新失败: ('Connection aborted.', RemoteDisconnected('Remote end closed connection without response'))
2025-08-23 09:40:48,169 - WARNING - ⚠️ 605050 福然德 K线更新失败: ('Connection aborted.', RemoteDisconnected('Remote end closed connection without response'))
2025-08-23 09:40:48,797 - WARNING - ⚠️ 605055 迎丰股份 K线更新失败: ('Connection aborted.', RemoteDisconnected('Remote end closed connection without response'))
2025-08-23 09:40:49,411 - WARNING - ⚠️ 605056 咸亨国际 K线更新失败: ('Connection aborted.', RemoteDisconnected('Remote end closed connection without response'))
2025-08-23 09:40:50,032 - WARNING - ⚠️ 605058 澳弘电子 K线更新失败: ('Connection aborted.', RemoteDisconnected('Remote end closed connection without response'))
2025-08-23 09:40:50,643 - WARNING - ⚠️ 605060 联德股份 K线更新失败: ('Connection aborted.', RemoteDisconnected('Remote end closed connection without response'))
2025-08-23 09:40:51,260 - WARNING - ⚠️ 605066 天正电气 K线更新失败: ('Connection aborted.', RemoteDisconnected('Remote end closed connection without response'))
2025-08-23 09:40:51,876 - WARNING - ⚠️ 605068 明新旭腾 K线更新失败: ('Connection aborted.', RemoteDisconnected('Remote end closed connection without response'))
2025-08-23 09:40:52,502 - WARNING - ⚠️ 605069 正和生态 K线更新失败: ('Connection aborted.', RemoteDisconnected('Remote end closed connection without response'))
2025-08-23 09:40:53,127 - WARNING - ⚠️ 605077 华康股份 K线更新失败: ('Connection aborted.', RemoteDisconnected('Remote end closed connection without response'))
2025-08-23 09:40:53,749 - WARNING - ⚠️ 605080 浙江自然 K线更新失败: ('Connection aborted.', RemoteDisconnected('Remote end closed connection without response'))
2025-08-23 09:40:54,381 - WARNING - ⚠️ 605081 *ST太和 K线更新失败: ('Connection aborted.', RemoteDisconnected('Remote end closed connection without response'))
2025-08-23 09:40:55,037 - WARNING - ⚠️ 605086 龙高股份 K线更新失败: ('Connection aborted.', RemoteDisconnected('Remote end closed connection without response'))
2025-08-23 09:40:55,658 - WARNING - ⚠️ 605088 冠盛股份 K线更新失败: ('Connection aborted.', RemoteDisconnected('Remote end closed connection without response'))
2025-08-23 09:40:56,273 - WARNING - ⚠️ 605089 味知香 K线更新失败: ('Connection aborted.', RemoteDisconnected('Remote end closed connection without response'))
2025-08-23 09:40:56,893 - WARNING - ⚠️ 605090 九丰能源 K线更新失败: ('Connection aborted.', RemoteDisconnected('Remote end closed connection without response'))
2025-08-23 09:40:57,511 - WARNING - ⚠️ 605098 行动教育 K线更新失败: ('Connection aborted.', RemoteDisconnected('Remote end closed connection without response'))
2025-08-23 09:40:58,123 - WARNING - ⚠️ 605099 共创草坪 K线更新失败: ('Connection aborted.', RemoteDisconnected('Remote end closed connection without response'))
2025-08-23 09:40:58,803 - WARNING - ⚠️ 605100 华丰股份 K线更新失败: ('Connection aborted.', RemoteDisconnected('Remote end closed connection without response'))
2025-08-23 09:40:59,432 - WARNING - ⚠️ 605108 同庆楼 K线更新失败: ('Connection aborted.', RemoteDisconnected('Remote end closed connection without response'))
2025-08-23 09:41:00,063 - WARNING - ⚠️ 605111 新洁能 K线更新失败: ('Connection aborted.', RemoteDisconnected('Remote end closed connection without response'))
2025-08-23 09:41:00,679 - WARNING - ⚠️ 605116 奥锐特 K线更新失败: ('Connection aborted.', RemoteDisconnected('Remote end closed connection without response'))
2025-08-23 09:41:01,293 - WARNING - ⚠️ 605117 德业股份 K线更新失败: ('Connection aborted.', RemoteDisconnected('Remote end closed connection without response'))
2025-08-23 09:41:01,909 - WARNING - ⚠️ 605118 力鼎光电 K线更新失败: ('Connection aborted.', RemoteDisconnected('Remote end closed connection without response'))
2025-08-23 09:41:02,522 - WARNING - ⚠️ 605122 四方新材 K线更新失败: ('Connection aborted.', RemoteDisconnected('Remote end closed connection without response'))
2025-08-23 09:41:03,141 - WARNING - ⚠️ 605123 派克新材 K线更新失败: ('Connection aborted.', RemoteDisconnected('Remote end closed connection without response'))
2025-08-23 09:41:03,757 - WARNING - ⚠️ 605128 上海沿浦 K线更新失败: ('Connection aborted.', RemoteDisconnected('Remote end closed connection without response'))
2025-08-23 09:41:04,379 - WARNING - ⚠️ 605133 嵘泰股份 K线更新失败: ('Connection aborted.', RemoteDisconnected('Remote end closed connection without response'))
2025-08-23 09:41:04,989 - WARNING - ⚠️ 605136 丽人丽妆 K线更新失败: ('Connection aborted.', RemoteDisconnected('Remote end closed connection without response'))
2025-08-23 09:41:05,603 - WARNING - ⚠️ 605138 盛泰集团 K线更新失败: ('Connection aborted.', RemoteDisconnected('Remote end closed connection without response'))
2025-08-23 09:41:06,235 - WARNING - ⚠️ 605151 西上海 K线更新失败: ('Connection aborted.', RemoteDisconnected('Remote end closed connection without response'))
2025-08-23 09:41:06,853 - WARNING - ⚠️ 605155 西大门 K线更新失败: ('Connection aborted.', RemoteDisconnected('Remote end closed connection without response'))
2025-08-23 09:41:07,481 - WARNING - ⚠️ 605158 华达新材 K线更新失败: ('Connection aborted.', RemoteDisconnected('Remote end closed connection without response'))
2025-08-23 09:41:08,091 - WARNING - ⚠️ 605162 新中港 K线更新失败: ('Connection aborted.', RemoteDisconnected('Remote end closed connection without response'))
2025-08-23 09:41:08,706 - WARNING - ⚠️ 605166 聚合顺 K线更新失败: ('Connection aborted.', RemoteDisconnected('Remote end closed connection without response'))
2025-08-23 09:41:09,326 - WARNING - ⚠️ 605167 利柏特 K线更新失败: ('Connection aborted.', RemoteDisconnected('Remote end closed connection without response'))
2025-08-23 09:41:09,945 - WARNING - ⚠️ 605168 三人行 K线更新失败: ('Connection aborted.', RemoteDisconnected('Remote end closed connection without response'))
2025-08-23 09:41:10,557 - WARNING - ⚠️ 605169 洪通燃气 K线更新失败: ('Connection aborted.', RemoteDisconnected('Remote end closed connection without response'))
2025-08-23 09:41:11,174 - WARNING - ⚠️ 605177 东亚药业 K线更新失败: ('Connection aborted.', RemoteDisconnected('Remote end closed connection without response'))
2025-08-23 09:41:11,794 - WARNING - ⚠️ 605178 时空科技 K线更新失败: ('Connection aborted.', RemoteDisconnected('Remote end closed connection without response'))
2025-08-23 09:41:12,415 - WARNING - ⚠️ 605179 一鸣食品 K线更新失败: ('Connection aborted.', RemoteDisconnected('Remote end closed connection without response'))
2025-08-23 09:41:13,034 - WARNING - ⚠️ 605180 华生科技 K线更新失败: ('Connection aborted.', RemoteDisconnected('Remote end closed connection without response'))
2025-08-23 09:41:13,683 - WARNING - ⚠️ 605183 确成股份 K线更新失败: ('Connection aborted.', RemoteDisconnected('Remote end closed connection without response'))
2025-08-23 09:41:14,312 - WARNING - ⚠️ 605186 健麾信息 K线更新失败: ('Connection aborted.', RemoteDisconnected('Remote end closed connection without response'))
2025-08-23 09:41:14,930 - WARNING - ⚠️ 605188 国光连锁 K线更新失败: ('Connection aborted.', RemoteDisconnected('Remote end closed connection without response'))
2025-08-23 09:41:15,551 - WARNING - ⚠️ 605189 富春染织 K线更新失败: ('Connection aborted.', RemoteDisconnected('Remote end closed connection without response'))
2025-08-23 09:41:16,178 - WARNING - ⚠️ 605196 华通线缆 K线更新失败: ('Connection aborted.', RemoteDisconnected('Remote end closed connection without response'))
2025-08-23 09:41:16,788 - WARNING - ⚠️ 605198 安德利 K线更新失败: ('Connection aborted.', RemoteDisconnected('Remote end closed connection without response'))
2025-08-23 09:41:17,424 - WARNING - ⚠️ 605199 ST葫芦娃 K线更新失败: ('Connection aborted.', RemoteDisconnected('Remote end closed connection without response'))
2025-08-23 09:41:18,045 - WARNING - ⚠️ 605208 永茂泰 K线更新失败: ('Connection aborted.', RemoteDisconnected('Remote end closed connection without response'))
2025-08-23 09:41:18,659 - WARNING - ⚠️ 605218 伟时电子 K线更新失败: ('Connection aborted.', RemoteDisconnected('Remote end closed connection without response'))
2025-08-23 09:41:19,272 - WARNING - ⚠️ 605222 起帆电缆 K线更新失败: ('Connection aborted.', RemoteDisconnected('Remote end closed connection without response'))
2025-08-23 09:41:19,894 - WARNING - ⚠️ 605228 神通科技 K线更新失败: ('Connection aborted.', RemoteDisconnected('Remote end closed connection without response'))
2025-08-23 09:41:20,503 - WARNING - ⚠️ 605255 天普股份 K线更新失败: ('Connection aborted.', RemoteDisconnected('Remote end closed connection without response'))
2025-08-23 09:41:21,128 - WARNING - ⚠️ 605258 协和电子 K线更新失败: ('Connection aborted.', RemoteDisconnected('Remote end closed connection without response'))
2025-08-23 09:41:21,742 - WARNING - ⚠️ 605259 绿田机械 K线更新失败: ('Connection aborted.', RemoteDisconnected('Remote end closed connection without response'))
2025-08-23 09:41:22,361 - WARNING - ⚠️ 605266 健之佳 K线更新失败: ('Connection aborted.', RemoteDisconnected('Remote end closed connection without response'))
2025-08-23 09:41:22,968 - WARNING - ⚠️ 605268 王力安防 K线更新失败: ('Connection aborted.', RemoteDisconnected('Remote end closed connection without response'))
2025-08-23 09:41:23,592 - WARNING - ⚠️ 605277 新亚电子 K线更新失败: ('Connection aborted.', RemoteDisconnected('Remote end closed connection without response'))
2025-08-23 09:41:24,215 - WARNING - ⚠️ 605286 同力日升 K线更新失败: ('Connection aborted.', RemoteDisconnected('Remote end closed connection without response'))
2025-08-23 09:41:24,825 - WARNING - ⚠️ 605287 德才股份 K线更新失败: ('Connection aborted.', RemoteDisconnected('Remote end closed connection without response'))
2025-08-23 09:41:25,451 - WARNING - ⚠️ 605288 凯迪股份 K线更新失败: ('Connection aborted.', RemoteDisconnected('Remote end closed connection without response'))
2025-08-23 09:41:26,073 - WARNING - ⚠️ 605289 罗曼股份 K线更新失败: ('Connection aborted.', RemoteDisconnected('Remote end closed connection without response'))
2025-08-23 09:41:26,693 - WARNING - ⚠️ 605296 神农集团 K线更新失败: ('Connection aborted.', RemoteDisconnected('Remote end closed connection without response'))
2025-08-23 09:41:27,309 - WARNING - ⚠️ 605298 必得科技 K线更新失败: ('Connection aborted.', RemoteDisconnected('Remote end closed connection without response'))
2025-08-23 09:41:27,922 - WARNING - ⚠️ 605299 舒华体育 K线更新失败: ('Connection aborted.', RemoteDisconnected('Remote end closed connection without response'))
2025-08-23 09:41:28,543 - WARNING - ⚠️ 605300 佳禾食品 K线更新失败: ('Connection aborted.', RemoteDisconnected('Remote end closed connection without response'))
2025-08-23 09:41:29,167 - WARNING - ⚠️ 605303 园林股份 K线更新失败: ('Connection aborted.', RemoteDisconnected('Remote end closed connection without response'))
2025-08-23 09:41:29,799 - WARNING - ⚠️ 605305 中际联合 K线更新失败: ('Connection aborted.', RemoteDisconnected('Remote end closed connection without response'))
2025-08-23 09:41:30,407 - WARNING - ⚠️ 605318 法狮龙 K线更新失败: ('Connection aborted.', RemoteDisconnected('Remote end closed connection without response'))
2025-08-23 09:41:31,024 - WARNING - ⚠️ 605319 无锡振华 K线更新失败: ('Connection aborted.', RemoteDisconnected('Remote end closed connection without response'))
2025-08-23 09:41:31,638 - WARNING - ⚠️ 605333 沪光股份 K线更新失败: ('Connection aborted.', RemoteDisconnected('Remote end closed connection without response'))
2025-08-23 09:41:32,257 - WARNING - ⚠️ 605336 帅丰电器 K线更新失败: ('Connection aborted.', RemoteDisconnected('Remote end closed connection without response'))
2025-08-23 09:41:32,873 - WARNING - ⚠️ 605337 李子园 K线更新失败: ('Connection aborted.', RemoteDisconnected('Remote end closed connection without response'))
2025-08-23 09:41:33,485 - WARNING - ⚠️ 605338 巴比食品 K线更新失败: ('Connection aborted.', RemoteDisconnected('Remote end closed connection without response'))
2025-08-23 09:41:34,105 - WARNING - ⚠️ 605339 南侨食品 K线更新失败: ('Connection aborted.', RemoteDisconnected('Remote end closed connection without response'))
2025-08-23 09:41:34,723 - WARNING - ⚠️ 605358 立昂微 K线更新失败: ('Connection aborted.', RemoteDisconnected('Remote end closed connection without response'))
2025-08-23 09:41:35,365 - WARNING - ⚠️ 605365 立达信 K线更新失败: ('Connection aborted.', RemoteDisconnected('Remote end closed connection without response'))
2025-08-23 09:41:35,993 - WARNING - ⚠️ 605366 宏柏新材 K线更新失败: ('Connection aborted.', RemoteDisconnected('Remote end closed connection without response'))
2025-08-23 09:41:36,609 - WARNING - ⚠️ 605368 蓝天燃气 K线更新失败: ('Connection aborted.', RemoteDisconnected('Remote end closed connection without response'))
2025-08-23 09:41:37,227 - WARNING - ⚠️ 605369 拱东医疗 K线更新失败: ('Connection aborted.', RemoteDisconnected('Remote end closed connection without response'))
2025-08-23 09:41:37,837 - WARNING - ⚠️ 605376 博迁新材 K线更新失败: ('Connection aborted.', RemoteDisconnected('Remote end closed connection without response'))
2025-08-23 09:41:38,456 - WARNING - ⚠️ 605377 华旺科技 K线更新失败: ('Connection aborted.', RemoteDisconnected('Remote end closed connection without response'))
2025-08-23 09:41:39,072 - WARNING - ⚠️ 605378 野马电池 K线更新失败: ('Connection aborted.', RemoteDisconnected('Remote end closed connection without response'))
2025-08-23 09:41:39,692 - WARNING - ⚠️ 605388 均瑶健康 K线更新失败: ('Connection aborted.', RemoteDisconnected('Remote end closed connection without response'))
2025-08-23 09:41:40,307 - WARNING - ⚠️ 605389 长龄液压 K线更新失败: ('Connection aborted.', RemoteDisconnected('Remote end closed connection without response'))
2025-08-23 09:41:40,928 - WARNING - ⚠️ 605398 新炬网络 K线更新失败: ('Connection aborted.', RemoteDisconnected('Remote end closed connection without response'))
2025-08-23 09:41:41,541 - WARNING - ⚠️ 605399 晨光新材 K线更新失败: ('Connection aborted.', RemoteDisconnected('Remote end closed connection without response'))
2025-08-23 09:41:42,167 - WARNING - ⚠️ 605488 福莱新材 K线更新失败: ('Connection aborted.', RemoteDisconnected('Remote end closed connection without response'))
2025-08-23 09:41:42,794 - WARNING - ⚠️ 605499 东鹏饮料 K线更新失败: ('Connection aborted.', RemoteDisconnected('Remote end closed connection without response'))
2025-08-23 09:41:43,407 - WARNING - ⚠️ 605500 森林包装 K线更新失败: ('Connection aborted.', RemoteDisconnected('Remote end closed connection without response'))
2025-08-23 09:41:44,040 - WARNING - ⚠️ 605507 国邦医药 K线更新失败: ('Connection aborted.', RemoteDisconnected('Remote end closed connection without response'))
2025-08-23 09:41:44,661 - WARNING - ⚠️ 605555 德昌股份 K线更新失败: ('Connection aborted.', RemoteDisconnected('Remote end closed connection without response'))
2025-08-23 09:41:45,273 - WARNING - ⚠️ 605566 福莱蒽特 K线更新失败: ('Connection aborted.', RemoteDisconnected('Remote end closed connection without response'))
2025-08-23 09:41:45,886 - WARNING - ⚠️ 605567 春雪食品 K线更新失败: ('Connection aborted.', RemoteDisconnected('Remote end closed connection without response'))
2025-08-23 09:41:46,506 - WARNING - ⚠️ 605577 龙版传媒 K线更新失败: ('Connection aborted.', RemoteDisconnected('Remote end closed connection without response'))
2025-08-23 09:41:47,123 - WARNING - ⚠️ 605580 恒盛能源 K线更新失败: ('Connection aborted.', RemoteDisconnected('Remote end closed connection without response'))
2025-08-23 09:41:47,743 - WARNING - ⚠️ 605588 冠石科技 K线更新失败: ('Connection aborted.', RemoteDisconnected('Remote end closed connection without response'))
2025-08-23 09:41:48,360 - WARNING - ⚠️ 605589 圣泉集团 K线更新失败: ('Connection aborted.', RemoteDisconnected('Remote end closed connection without response'))
2025-08-23 09:41:48,979 - WARNING - ⚠️ 605598 上海港湾 K线更新失败: ('Connection aborted.', RemoteDisconnected('Remote end closed connection without response'))
2025-08-23 09:41:49,600 - WARNING - ⚠️ 605599 菜百股份 K线更新失败: ('Connection aborted.', RemoteDisconnected('Remote end closed connection without response'))
2025-08-23 09:41:50,221 - WARNING - ⚠️ 688001 华兴源创 K线更新失败: ('Connection aborted.', RemoteDisconnected('Remote end closed connection without response'))
2025-08-23 09:41:50,838 - WARNING - ⚠️ 688002 睿创微纳 K线更新失败: ('Connection aborted.', RemoteDisconnected('Remote end closed connection without response'))
2025-08-23 09:41:51,459 - WARNING - ⚠️ 688003 天准科技 K线更新失败: ('Connection aborted.', RemoteDisconnected('Remote end closed connection without response'))
2025-08-23 09:41:52,078 - WARNING - ⚠️ 688004 博汇科技 K线更新失败: ('Connection aborted.', RemoteDisconnected('Remote end closed connection without response'))
2025-08-23 09:41:52,692 - WARNING - ⚠️ 688005 容百科技 K线更新失败: ('Connection aborted.', RemoteDisconnected('Remote end closed connection without response'))
2025-08-23 09:41:53,305 - WARNING - ⚠️ 688006 杭可科技 K线更新失败: ('Connection aborted.', RemoteDisconnected('Remote end closed connection without response'))
2025-08-23 09:41:53,926 - WARNING - ⚠️ 688007 光峰科技 K线更新失败: ('Connection aborted.', RemoteDisconnected('Remote end closed connection without response'))
2025-08-23 09:41:54,543 - WARNING - ⚠️ 688008 澜起科技 K线更新失败: ('Connection aborted.', RemoteDisconnected('Remote end closed connection without response'))
2025-08-23 09:41:55,154 - WARNING - ⚠️ 688009 中国通号 K线更新失败: ('Connection aborted.', RemoteDisconnected('Remote end closed connection without response'))
2025-08-23 09:41:55,768 - WARNING - ⚠️ 688010 福光股份 K线更新失败: ('Connection aborted.', RemoteDisconnected('Remote end closed connection without response'))
2025-08-23 09:41:56,393 - WARNING - ⚠️ 688011 新光光电 K线更新失败: ('Connection aborted.', RemoteDisconnected('Remote end closed connection without response'))
2025-08-23 09:41:57,007 - WARNING - ⚠️ 688012 中微公司 K线更新失败: ('Connection aborted.', RemoteDisconnected('Remote end closed connection without response'))
2025-08-23 09:41:57,624 - WARNING - ⚠️ 688013 天臣医疗 K线更新失败: ('Connection aborted.', RemoteDisconnected('Remote end closed connection without response'))
2025-08-23 09:41:58,249 - WARNING - ⚠️ 688015 交控科技 K线更新失败: ('Connection aborted.', RemoteDisconnected('Remote end closed connection without response'))
2025-08-23 09:41:58,878 - WARNING - ⚠️ 688016 心脉医疗 K线更新失败: ('Connection aborted.', RemoteDisconnected('Remote end closed connection without response'))
2025-08-23 09:41:59,496 - WARNING - ⚠️ 688017 绿的谐波 K线更新失败: ('Connection aborted.', RemoteDisconnected('Remote end closed connection without response'))
2025-08-23 09:42:00,175 - WARNING - ⚠️ 688018 乐鑫科技 K线更新失败: ('Connection aborted.', RemoteDisconnected('Remote end closed connection without response'))
2025-08-23 09:42:00,849 - WARNING - ⚠️ 688019 安集科技 K线更新失败: ('Connection aborted.', RemoteDisconnected('Remote end closed connection without response'))
2025-08-23 09:42:01,475 - WARNING - ⚠️ 688020 方邦股份 K线更新失败: ('Connection aborted.', RemoteDisconnected('Remote end closed connection without response'))
2025-08-23 09:42:02,094 - WARNING - ⚠️ 688021 奥福科技 K线更新失败: ('Connection aborted.', RemoteDisconnected('Remote end closed connection without response'))
2025-08-23 09:42:02,778 - WARNING - ⚠️ 688022 瀚川智能 K线更新失败: ('Connection aborted.', RemoteDisconnected('Remote end closed connection without response'))
2025-08-23 09:42:03,391 - WARNING - ⚠️ 688023 安恒信息 K线更新失败: ('Connection aborted.', RemoteDisconnected('Remote end closed connection without response'))
2025-08-23 09:42:04,003 - WARNING - ⚠️ 688025 杰普特 K线更新失败: ('Connection aborted.', RemoteDisconnected('Remote end closed connection without response'))
2025-08-23 09:42:04,619 - WARNING - ⚠️ 688026 洁特生物 K线更新失败: ('Connection aborted.', RemoteDisconnected('Remote end closed connection without response'))
2025-08-23 09:42:05,250 - WARNING - ⚠️ 688027 国盾量子 K线更新失败: ('Connection aborted.', RemoteDisconnected('Remote end closed connection without response'))
2025-08-23 09:42:05,875 - WARNING - ⚠️ 688028 沃尔德 K线更新失败: ('Connection aborted.', RemoteDisconnected('Remote end closed connection without response'))
2025-08-23 09:42:06,494 - WARNING - ⚠️ 688029 南微医学 K线更新失败: ('Connection aborted.', RemoteDisconnected('Remote end closed connection without response'))
2025-08-23 09:42:07,106 - WARNING - ⚠️ 688030 山石网科 K线更新失败: ('Connection aborted.', RemoteDisconnected('Remote end closed connection without response'))
2025-08-23 09:42:07,726 - WARNING - ⚠️ 688031 星环科技 K线更新失败: ('Connection aborted.', RemoteDisconnected('Remote end closed connection without response'))
2025-08-23 09:42:08,345 - WARNING - ⚠️ 688032 禾迈股份 K线更新失败: ('Connection aborted.', RemoteDisconnected('Remote end closed connection without response'))
2025-08-23 09:42:08,953 - WARNING - ⚠️ 688033 天宜新材 K线更新失败: ('Connection aborted.', RemoteDisconnected('Remote end closed connection without response'))
2025-08-23 09:42:09,572 - WARNING - ⚠️ 688035 德邦科技 K线更新失败: ('Connection aborted.', RemoteDisconnected('Remote end closed connection without response'))
2025-08-23 09:42:10,194 - WARNING - ⚠️ 688036 传音控股 K线更新失败: ('Connection aborted.', RemoteDisconnected('Remote end closed connection without response'))
2025-08-23 09:42:10,805 - WARNING - ⚠️ 688037 芯源微 K线更新失败: ('Connection aborted.', RemoteDisconnected('Remote end closed connection without response'))
2025-08-23 09:42:11,429 - WARNING - ⚠️ 688038 中科通达 K线更新失败: ('Connection aborted.', RemoteDisconnected('Remote end closed connection without response'))
2025-08-23 09:42:12,040 - WARNING - ⚠️ 688039 当虹科技 K线更新失败: ('Connection aborted.', RemoteDisconnected('Remote end closed connection without response'))
2025-08-23 09:42:12,655 - WARNING - ⚠️ 688041 海光信息 K线更新失败: ('Connection aborted.', RemoteDisconnected('Remote end closed connection without response'))
2025-08-23 09:42:13,273 - WARNING - ⚠️ 688045 必易微 K线更新失败: ('Connection aborted.', RemoteDisconnected('Remote end closed connection without response'))
2025-08-23 09:42:13,889 - WARNING - ⚠️ 688046 药康生物 K线更新失败: ('Connection aborted.', RemoteDisconnected('Remote end closed connection without response'))
2025-08-23 09:42:14,509 - WARNING - ⚠️ 688047 龙芯中科 K线更新失败: ('Connection aborted.', RemoteDisconnected('Remote end closed connection without response'))
2025-08-23 09:42:15,119 - WARNING - ⚠️ 688048 长光华芯 K线更新失败: ('Connection aborted.', RemoteDisconnected('Remote end closed connection without response'))
2025-08-23 09:42:15,739 - WARNING - ⚠️ 688049 炬芯科技 K线更新失败: ('Connection aborted.', RemoteDisconnected('Remote end closed connection without response'))
2025-08-23 09:42:16,353 - WARNING - ⚠️ 688050 爱博医疗 K线更新失败: ('Connection aborted.', RemoteDisconnected('Remote end closed connection without response'))
2025-08-23 09:42:16,982 - WARNING - ⚠️ 688051 佳华科技 K线更新失败: ('Connection aborted.', RemoteDisconnected('Remote end closed connection without response'))
2025-08-23 09:42:17,610 - WARNING - ⚠️ 688052 纳芯微 K线更新失败: ('Connection aborted.', RemoteDisconnected('Remote end closed connection without response'))
2025-08-23 09:42:18,225 - WARNING - ⚠️ 688053 思科瑞 K线更新失败: ('Connection aborted.', RemoteDisconnected('Remote end closed connection without response'))
2025-08-23 09:42:18,837 - WARNING - ⚠️ 688055 龙腾光电 K线更新失败: ('Connection aborted.', RemoteDisconnected('Remote end closed connection without response'))
2025-08-23 09:42:19,461 - WARNING - ⚠️ 688056 莱伯泰科 K线更新失败: ('Connection aborted.', RemoteDisconnected('Remote end closed connection without response'))
2025-08-23 09:42:20,066 - WARNING - ⚠️ 688057 金达莱 K线更新失败: ('Connection aborted.', RemoteDisconnected('Remote end closed connection without response'))
2025-08-23 09:42:20,684 - WARNING - ⚠️ 688058 宝兰德 K线更新失败: ('Connection aborted.', RemoteDisconnected('Remote end closed connection without response'))
2025-08-23 09:42:21,308 - WARNING - ⚠️ 688059 华锐精密 K线更新失败: ('Connection aborted.', RemoteDisconnected('Remote end closed connection without response'))
2025-08-23 09:42:21,920 - WARNING - ⚠️ 688060 云涌科技 K线更新失败: ('Connection aborted.', RemoteDisconnected('Remote end closed connection without response'))
2025-08-23 09:42:22,540 - WARNING - ⚠️ 688061 灿瑞科技 K线更新失败: ('Connection aborted.', RemoteDisconnected('Remote end closed connection without response'))
2025-08-23 09:42:23,157 - WARNING - ⚠️ 688062 迈威生物 K线更新失败: ('Connection aborted.', RemoteDisconnected('Remote end closed connection without response'))
2025-08-23 09:42:23,767 - WARNING - ⚠️ 688063 派能科技 K线更新失败: ('Connection aborted.', RemoteDisconnected('Remote end closed connection without response'))
2025-08-23 09:42:24,390 - WARNING - ⚠️ 688065 凯赛生物 K线更新失败: ('Connection aborted.', RemoteDisconnected('Remote end closed connection without response'))
2025-08-23 09:42:25,002 - WARNING - ⚠️ 688066 航天宏图 K线更新失败: ('Connection aborted.', RemoteDisconnected('Remote end closed connection without response'))
2025-08-23 09:42:25,626 - WARNING - ⚠️ 688067 爱威科技 K线更新失败: ('Connection aborted.', RemoteDisconnected('Remote end closed connection without response'))
2025-08-23 09:42:26,238 - WARNING - ⚠️ 688068 热景生物 K线更新失败: ('Connection aborted.', RemoteDisconnected('Remote end closed connection without response'))
2025-08-23 09:42:26,853 - WARNING - ⚠️ 688069 德林海 K线更新失败: ('Connection aborted.', RemoteDisconnected('Remote end closed connection without response'))
2025-08-23 09:42:27,474 - WARNING - ⚠️ 688070 纵横股份 K线更新失败: ('Connection aborted.', RemoteDisconnected('Remote end closed connection without response'))
2025-08-23 09:42:28,098 - WARNING - ⚠️ 688071 华依科技 K线更新失败: ('Connection aborted.', RemoteDisconnected('Remote end closed connection without response'))
2025-08-23 09:42:28,722 - WARNING - ⚠️ 688072 拓荆科技 K线更新失败: ('Connection aborted.', RemoteDisconnected('Remote end closed connection without response'))
2025-08-23 09:42:29,352 - WARNING - ⚠️ 688073 毕得医药 K线更新失败: ('Connection aborted.', RemoteDisconnected('Remote end closed connection without response'))
2025-08-23 09:42:29,975 - WARNING - ⚠️ 688075 安旭生物 K线更新失败: ('Connection aborted.', RemoteDisconnected('Remote end closed connection without response'))
2025-08-23 09:42:30,588 - WARNING - ⚠️ 688076 ST诺泰 K线更新失败: ('Connection aborted.', RemoteDisconnected('Remote end closed connection without response'))
2025-08-23 09:42:31,203 - WARNING - ⚠️ 688077 大地熊 K线更新失败: ('Connection aborted.', RemoteDisconnected('Remote end closed connection without response'))
2025-08-23 09:42:31,817 - WARNING - ⚠️ 688078 龙软科技 K线更新失败: ('Connection aborted.', RemoteDisconnected('Remote end closed connection without response'))
2025-08-23 09:42:32,432 - WARNING - ⚠️ 688079 美迪凯 K线更新失败: ('Connection aborted.', RemoteDisconnected('Remote end closed connection without response'))
2025-08-23 09:42:33,047 - WARNING - ⚠️ 688080 映翰通 K线更新失败: ('Connection aborted.', RemoteDisconnected('Remote end closed connection without response'))
2025-08-23 09:42:33,671 - WARNING - ⚠️ 688081 兴图新科 K线更新失败: ('Connection aborted.', RemoteDisconnected('Remote end closed connection without response'))
2025-08-23 09:42:34,291 - WARNING - ⚠️ 688082 盛美上海 K线更新失败: ('Connection aborted.', RemoteDisconnected('Remote end closed connection without response'))
2025-08-23 09:42:34,910 - WARNING - ⚠️ 688083 中望软件 K线更新失败: ('Connection aborted.', RemoteDisconnected('Remote end closed connection without response'))
2025-08-23 09:42:35,519 - WARNING - ⚠️ 688084 晶品特装 K线更新失败: ('Connection aborted.', RemoteDisconnected('Remote end closed connection without response'))
2025-08-23 09:42:36,134 - WARNING - ⚠️ 688085 三友医疗 K线更新失败: ('Connection aborted.', RemoteDisconnected('Remote end closed connection without response'))
2025-08-23 09:42:36,749 - WARNING - ⚠️ 688086 退市紫晶 K线更新失败: ('Connection aborted.', RemoteDisconnected('Remote end closed connection without response'))
2025-08-23 09:42:37,368 - WARNING - ⚠️ 688087 英科再生 K线更新失败: ('Connection aborted.', RemoteDisconnected('Remote end closed connection without response'))
2025-08-23 09:42:37,988 - WARNING - ⚠️ 688088 虹软科技 K线更新失败: ('Connection aborted.', RemoteDisconnected('Remote end closed connection without response'))
2025-08-23 09:42:38,606 - WARNING - ⚠️ 688089 嘉必优 K线更新失败: ('Connection aborted.', RemoteDisconnected('Remote end closed connection without response'))
2025-08-23 09:42:39,223 - WARNING - ⚠️ 688090 瑞松科技 K线更新失败: ('Connection aborted.', RemoteDisconnected('Remote end closed connection without response'))
2025-08-23 09:42:39,838 - WARNING - ⚠️ 688091 上海谊众 K线更新失败: ('Connection aborted.', RemoteDisconnected('Remote end closed connection without response'))
2025-08-23 09:42:40,547 - WARNING - ⚠️ 688092 爱科科技 K线更新失败: ('Connection aborted.', RemoteDisconnected('Remote end closed connection without response'))
2025-08-23 09:42:41,181 - WARNING - ⚠️ 688093 世华科技 K线更新失败: ('Connection aborted.', RemoteDisconnected('Remote end closed connection without response'))
2025-08-23 09:42:41,810 - WARNING - ⚠️ 688095 福昕软件 K线更新失败: ('Connection aborted.', RemoteDisconnected('Remote end closed connection without response'))
2025-08-23 09:42:42,425 - WARNING - ⚠️ 688096 京源环保 K线更新失败: ('Connection aborted.', RemoteDisconnected('Remote end closed connection without response'))
2025-08-23 09:42:43,034 - WARNING - ⚠️ 688097 博众精工 K线更新失败: ('Connection aborted.', RemoteDisconnected('Remote end closed connection without response'))
2025-08-23 09:42:43,658 - WARNING - ⚠️ 688098 申联生物 K线更新失败: ('Connection aborted.', RemoteDisconnected('Remote end closed connection without response'))
2025-08-23 09:42:44,272 - WARNING - ⚠️ 688099 晶晨股份 K线更新失败: ('Connection aborted.', RemoteDisconnected('Remote end closed connection without response'))
2025-08-23 09:42:44,891 - WARNING - ⚠️ 688100 威胜信息 K线更新失败: ('Connection aborted.', RemoteDisconnected('Remote end closed connection without response'))
2025-08-23 09:42:45,510 - WARNING - ⚠️ 688101 三达膜 K线更新失败: ('Connection aborted.', RemoteDisconnected('Remote end closed connection without response'))
2025-08-23 09:42:46,114 - WARNING - ⚠️ 688102 斯瑞新材 K线更新失败: ('Connection aborted.', RemoteDisconnected('Remote end closed connection without response'))
2025-08-23 09:42:46,725 - WARNING - ⚠️ 688103 国力股份 K线更新失败: ('Connection aborted.', RemoteDisconnected('Remote end closed connection without response'))
2025-08-23 09:42:47,347 - WARNING - ⚠️ 688105 诺唯赞 K线更新失败: ('Connection aborted.', RemoteDisconnected('Remote end closed connection without response'))
2025-08-23 09:42:47,973 - WARNING - ⚠️ 688106 金宏气体 K线更新失败: ('Connection aborted.', RemoteDisconnected('Remote end closed connection without response'))
2025-08-23 09:42:48,591 - WARNING - ⚠️ 688107 安路科技 K线更新失败: ('Connection aborted.', RemoteDisconnected('Remote end closed connection without response'))
2025-08-23 09:42:49,211 - WARNING - ⚠️ 688108 赛诺医疗 K线更新失败: ('Connection aborted.', RemoteDisconnected('Remote end closed connection without response'))
2025-08-23 09:42:49,833 - WARNING - ⚠️ 688109 品茗科技 K线更新失败: ('Connection aborted.', RemoteDisconnected('Remote end closed connection without response'))
2025-08-23 09:42:50,454 - WARNING - ⚠️ 688110 东芯股份 K线更新失败: ('Connection aborted.', RemoteDisconnected('Remote end closed connection without response'))
2025-08-23 09:42:51,070 - WARNING - ⚠️ 688111 金山办公 K线更新失败: ('Connection aborted.', RemoteDisconnected('Remote end closed connection without response'))
2025-08-23 09:42:51,698 - WARNING - ⚠️ 688112 鼎阳科技 K线更新失败: ('Connection aborted.', RemoteDisconnected('Remote end closed connection without response'))
2025-08-23 09:42:52,320 - WARNING - ⚠️ 688113 联测科技 K线更新失败: ('Connection aborted.', RemoteDisconnected('Remote end closed connection without response'))
2025-08-23 09:42:52,943 - WARNING - ⚠️ 688114 华大智造 K线更新失败: ('Connection aborted.', RemoteDisconnected('Remote end closed connection without response'))
2025-08-23 09:42:53,555 - WARNING - ⚠️ 688115 思林杰 K线更新失败: ('Connection aborted.', RemoteDisconnected('Remote end closed connection without response'))
2025-08-23 09:42:54,157 - WARNING - ⚠️ 688116 天奈科技 K线更新失败: ('Connection aborted.', RemoteDisconnected('Remote end closed connection without response'))
2025-08-23 09:42:54,767 - WARNING - ⚠️ 688117 圣诺生物 K线更新失败: ('Connection aborted.', RemoteDisconnected('Remote end closed connection without response'))
2025-08-23 09:42:55,389 - WARNING - ⚠️ 688118 普元信息 K线更新失败: ('Connection aborted.', RemoteDisconnected('Remote end closed connection without response'))
2025-08-23 09:42:56,006 - WARNING - ⚠️ 688119 中钢洛耐 K线更新失败: ('Connection aborted.', RemoteDisconnected('Remote end closed connection without response'))
2025-08-23 09:42:56,628 - WARNING - ⚠️ 688120 华海清科 K线更新失败: ('Connection aborted.', RemoteDisconnected('Remote end closed connection without response'))
2025-08-23 09:42:57,263 - WARNING - ⚠️ 688121 卓然股份 K线更新失败: ('Connection aborted.', RemoteDisconnected('Remote end closed connection without response'))
2025-08-23 09:42:57,875 - WARNING - ⚠️ 688122 西部超导 K线更新失败: ('Connection aborted.', RemoteDisconnected('Remote end closed connection without response'))
2025-08-23 09:42:58,496 - WARNING - ⚠️ 688123 聚辰股份 K线更新失败: ('Connection aborted.', RemoteDisconnected('Remote end closed connection without response'))
2025-08-23 09:42:59,123 - WARNING - ⚠️ 688125 安达智能 K线更新失败: ('Connection aborted.', RemoteDisconnected('Remote end closed connection without response'))
2025-08-23 09:42:59,737 - WARNING - ⚠️ 688126 沪硅产业 K线更新失败: ('Connection aborted.', RemoteDisconnected('Remote end closed connection without response'))
2025-08-23 09:43:00,351 - WARNING - ⚠️ 688127 蓝特光学 K线更新失败: ('Connection aborted.', RemoteDisconnected('Remote end closed connection without response'))
2025-08-23 09:43:00,971 - WARNING - ⚠️ 688128 中国电研 K线更新失败: ('Connection aborted.', RemoteDisconnected('Remote end closed connection without response'))
2025-08-23 09:43:01,598 - WARNING - ⚠️ 688129 东来技术 K线更新失败: ('Connection aborted.', RemoteDisconnected('Remote end closed connection without response'))
2025-08-23 09:43:02,216 - WARNING - ⚠️ 688130 晶华微 K线更新失败: ('Connection aborted.', RemoteDisconnected('Remote end closed connection without response'))
2025-08-23 09:43:02,837 - WARNING - ⚠️ 688131 皓元医药 K线更新失败: ('Connection aborted.', RemoteDisconnected('Remote end closed connection without response'))
2025-08-23 09:43:03,469 - WARNING - ⚠️ 688132 邦彦技术 K线更新失败: ('Connection aborted.', RemoteDisconnected('Remote end closed connection without response'))
2025-08-23 09:43:04,089 - WARNING - ⚠️ 688133 泰坦科技 K线更新失败: ('Connection aborted.', RemoteDisconnected('Remote end closed connection without response'))
2025-08-23 09:43:04,709 - WARNING - ⚠️ 688135 利扬芯片 K线更新失败: ('Connection aborted.', RemoteDisconnected('Remote end closed connection without response'))
2025-08-23 09:43:05,315 - WARNING - ⚠️ 688136 科兴制药 K线更新失败: ('Connection aborted.', RemoteDisconnected('Remote end closed connection without response'))
2025-08-23 09:43:05,948 - WARNING - ⚠️ 688137 近岸蛋白 K线更新失败: ('Connection aborted.', RemoteDisconnected('Remote end closed connection without response'))
2025-08-23 09:43:06,576 - WARNING - ⚠️ 688138 清溢光电 K线更新失败: ('Connection aborted.', RemoteDisconnected('Remote end closed connection without response'))
2025-08-23 09:43:07,190 - WARNING - ⚠️ 688139 海尔生物 K线更新失败: ('Connection aborted.', RemoteDisconnected('Remote end closed connection without response'))
2025-08-23 09:43:07,811 - WARNING - ⚠️ 688141 杰华特 K线更新失败: ('Connection aborted.', RemoteDisconnected('Remote end closed connection without response'))
2025-08-23 09:43:08,452 - WARNING - ⚠️ 688143 长盈通 K线更新失败: ('Connection aborted.', RemoteDisconnected('Remote end closed connection without response'))
2025-08-23 09:43:09,070 - WARNING - ⚠️ 688146 中船特气 K线更新失败: ('Connection aborted.', RemoteDisconnected('Remote end closed connection without response'))
2025-08-23 09:43:09,693 - WARNING - ⚠️ 688147 微导纳米 K线更新失败: ('Connection aborted.', RemoteDisconnected('Remote end closed connection without response'))
2025-08-23 09:43:10,306 - WARNING - ⚠️ 688148 芳源股份 K线更新失败: ('Connection aborted.', RemoteDisconnected('Remote end closed connection without response'))
2025-08-23 09:43:10,915 - WARNING - ⚠️ 688150 莱特光电 K线更新失败: ('Connection aborted.', RemoteDisconnected('Remote end closed connection without response'))
2025-08-23 09:43:11,542 - WARNING - ⚠️ 688151 华强科技 K线更新失败: ('Connection aborted.', RemoteDisconnected('Remote end closed connection without response'))
2025-08-23 09:43:12,164 - WARNING - ⚠️ 688152 麒麟信安 K线更新失败: ('Connection aborted.', RemoteDisconnected('Remote end closed connection without response'))
2025-08-23 09:43:12,799 - WARNING - ⚠️ 688153 唯捷创芯 K线更新失败: ('Connection aborted.', RemoteDisconnected('Remote end closed connection without response'))
2025-08-23 09:43:13,433 - WARNING - ⚠️ 688155 先惠技术 K线更新失败: ('Connection aborted.', RemoteDisconnected('Remote end closed connection without response'))
2025-08-23 09:43:14,060 - WARNING - ⚠️ 688156 路德环境 K线更新失败: ('Connection aborted.', RemoteDisconnected('Remote end closed connection without response'))
2025-08-23 09:43:14,672 - WARNING - ⚠️ 688157 松井股份 K线更新失败: ('Connection aborted.', RemoteDisconnected('Remote end closed connection without response'))
2025-08-23 09:43:15,290 - WARNING - ⚠️ 688158 优刻得-W K线更新失败: ('Connection aborted.', RemoteDisconnected('Remote end closed connection without response'))
2025-08-23 09:43:15,922 - WARNING - ⚠️ 688159 有方科技 K线更新失败: ('Connection aborted.', RemoteDisconnected('Remote end closed connection without response'))
2025-08-23 09:43:16,538 - WARNING - ⚠️ 688160 步科股份 K线更新失败: ('Connection aborted.', RemoteDisconnected('Remote end closed connection without response'))
2025-08-23 09:43:17,151 - WARNING - ⚠️ 688161 威高骨科 K线更新失败: ('Connection aborted.', RemoteDisconnected('Remote end closed connection without response'))
2025-08-23 09:43:17,776 - WARNING - ⚠️ 688162 巨一科技 K线更新失败: ('Connection aborted.', RemoteDisconnected('Remote end closed connection without response'))
2025-08-23 09:43:18,401 - WARNING - ⚠️ 688163 赛伦生物 K线更新失败: ('Connection aborted.', RemoteDisconnected('Remote end closed connection without response'))
2025-08-23 09:43:19,018 - WARNING - ⚠️ 688165 埃夫特-U K线更新失败: ('Connection aborted.', RemoteDisconnected('Remote end closed connection without response'))
2025-08-23 09:43:19,638 - WARNING - ⚠️ 688166 博瑞医药 K线更新失败: ('Connection aborted.', RemoteDisconnected('Remote end closed connection without response'))
2025-08-23 09:43:20,296 - WARNING - ⚠️ 688167 炬光科技 K线更新失败: ('Connection aborted.', RemoteDisconnected('Remote end closed connection without response'))
2025-08-23 09:43:20,917 - WARNING - ⚠️ 688168 安博通 K线更新失败: ('Connection aborted.', RemoteDisconnected('Remote end closed connection without response'))
2025-08-23 09:43:21,547 - WARNING - ⚠️ 688169 石头科技 K线更新失败: ('Connection aborted.', RemoteDisconnected('Remote end closed connection without response'))
2025-08-23 09:43:22,180 - WARNING - ⚠️ 688170 德龙激光 K线更新失败: ('Connection aborted.', RemoteDisconnected('Remote end closed connection without response'))
2025-08-23 09:43:22,812 - WARNING - ⚠️ 688171 纬德信息 K线更新失败: ('Connection aborted.', RemoteDisconnected('Remote end closed connection without response'))
2025-08-23 09:43:23,417 - WARNING - ⚠️ 688172 燕东微 K线更新失败: ('Connection aborted.', RemoteDisconnected('Remote end closed connection without response'))
2025-08-23 09:43:24,040 - WARNING - ⚠️ 688173 希荻微 K线更新失败: ('Connection aborted.', RemoteDisconnected('Remote end closed connection without response'))
2025-08-23 09:43:24,655 - WARNING - ⚠️ 688175 高凌信息 K线更新失败: ('Connection aborted.', RemoteDisconnected('Remote end closed connection without response'))
2025-08-23 09:43:25,280 - WARNING - ⚠️ 688176 亚虹医药 K线更新失败: ('Connection aborted.', RemoteDisconnected('Remote end closed connection without response'))
2025-08-23 09:43:25,894 - WARNING - ⚠️ 688177 百奥泰 K线更新失败: ('Connection aborted.', RemoteDisconnected('Remote end closed connection without response'))
2025-08-23 09:43:26,482 - WARNING - ⚠️ 688178 万德斯 K线更新失败: ('Connection aborted.', RemoteDisconnected('Remote end closed connection without response'))
2025-08-23 09:43:27,089 - WARNING - ⚠️ 688179 阿拉丁 K线更新失败: ('Connection aborted.', RemoteDisconnected('Remote end closed connection without response'))
2025-08-23 09:43:27,689 - WARNING - ⚠️ 688180 君实生物-U K线更新失败: ('Connection aborted.', RemoteDisconnected('Remote end closed connection without response'))
2025-08-23 09:43:28,291 - WARNING - ⚠️ 688181 八亿时空 K线更新失败: ('Connection aborted.', RemoteDisconnected('Remote end closed connection without response'))
2025-08-23 09:43:28,890 - WARNING - ⚠️ 688182 灿勤科技 K线更新失败: ('Connection aborted.', RemoteDisconnected('Remote end closed connection without response'))
2025-08-23 09:43:29,483 - WARNING - ⚠️ 688183 生益电子 K线更新失败: ('Connection aborted.', RemoteDisconnected('Remote end closed connection without response'))
2025-08-23 09:43:30,079 - WARNING - ⚠️ 688184 ST帕瓦 K线更新失败: ('Connection aborted.', RemoteDisconnected('Remote end closed connection without response'))
2025-08-23 09:43:30,679 - WARNING - ⚠️ 688185 康希诺 K线更新失败: ('Connection aborted.', RemoteDisconnected('Remote end closed connection without response'))
2025-08-23 09:43:31,284 - WARNING - ⚠️ 688186 广大特材 K线更新失败: ('Connection aborted.', RemoteDisconnected('Remote end closed connection without response'))
2025-08-23 09:43:31,884 - WARNING - ⚠️ 688187 时代电气 K线更新失败: ('Connection aborted.', RemoteDisconnected('Remote end closed connection without response'))
2025-08-23 09:43:32,484 - WARNING - ⚠️ 688188 柏楚电子 K线更新失败: ('Connection aborted.', RemoteDisconnected('Remote end closed connection without response'))
2025-08-23 09:43:33,081 - WARNING - ⚠️ 688189 南新制药 K线更新失败: ('Connection aborted.', RemoteDisconnected('Remote end closed connection without response'))
2025-08-23 09:43:33,685 - WARNING - ⚠️ 688190 云路股份 K线更新失败: ('Connection aborted.', RemoteDisconnected('Remote end closed connection without response'))
2025-08-23 09:43:34,288 - WARNING - ⚠️ 688191 智洋创新 K线更新失败: ('Connection aborted.', RemoteDisconnected('Remote end closed connection without response'))
2025-08-23 09:43:34,876 - WARNING - ⚠️ 688192 迪哲医药 K线更新失败: ('Connection aborted.', RemoteDisconnected('Remote end closed connection without response'))
2025-08-23 09:43:35,475 - WARNING - ⚠️ 688193 仁度生物 K线更新失败: ('Connection aborted.', RemoteDisconnected('Remote end closed connection without response'))
2025-08-23 09:43:36,067 - WARNING - ⚠️ 688195 腾景科技 K线更新失败: ('Connection aborted.', RemoteDisconnected('Remote end closed connection without response'))
2025-08-23 09:43:36,666 - WARNING - ⚠️ 688196 卓越新能 K线更新失败: ('Connection aborted.', RemoteDisconnected('Remote end closed connection without response'))
2025-08-23 09:43:37,272 - WARNING - ⚠️ 688197 首药控股 K线更新失败: ('Connection aborted.', RemoteDisconnected('Remote end closed connection without response'))
2025-08-23 09:43:37,862 - WARNING - ⚠️ 688198 佰仁医疗 K线更新失败: ('Connection aborted.', RemoteDisconnected('Remote end closed connection without response'))
2025-08-23 09:43:38,451 - WARNING - ⚠️ 688199 久日新材 K线更新失败: ('Connection aborted.', RemoteDisconnected('Remote end closed connection without response'))
2025-08-23 09:43:39,049 - WARNING - ⚠️ 688200 华峰测控 K线更新失败: ('Connection aborted.', RemoteDisconnected('Remote end closed connection without response'))
2025-08-23 09:43:39,649 - WARNING - ⚠️ 688201 信安世纪 K线更新失败: ('Connection aborted.', RemoteDisconnected('Remote end closed connection without response'))
2025-08-23 09:43:40,258 - WARNING - ⚠️ 688202 美迪西 K线更新失败: ('Connection aborted.', RemoteDisconnected('Remote end closed connection without response'))
2025-08-23 09:43:40,853 - WARNING - ⚠️ 688203 海正生材 K线更新失败: ('Connection aborted.', RemoteDisconnected('Remote end closed connection without response'))
2025-08-23 09:43:41,460 - WARNING - ⚠️ 688205 德科立 K线更新失败: ('Connection aborted.', RemoteDisconnected('Remote end closed connection without response'))
2025-08-23 09:43:42,048 - WARNING - ⚠️ 688206 概伦电子 K线更新失败: ('Connection aborted.', RemoteDisconnected('Remote end closed connection without response'))
2025-08-23 09:43:42,647 - WARNING - ⚠️ 688207 格灵深瞳 K线更新失败: ('Connection aborted.', RemoteDisconnected('Remote end closed connection without response'))
2025-08-23 09:43:43,254 - WARNING - ⚠️ 688208 道通科技 K线更新失败: ('Connection aborted.', RemoteDisconnected('Remote end closed connection without response'))
2025-08-23 09:43:43,854 - WARNING - ⚠️ 688209 英集芯 K线更新失败: ('Connection aborted.', RemoteDisconnected('Remote end closed connection without response'))
2025-08-23 09:43:44,453 - WARNING - ⚠️ 688210 统联精密 K线更新失败: ('Connection aborted.', RemoteDisconnected('Remote end closed connection without response'))
2025-08-23 09:43:45,052 - WARNING - ⚠️ 688211 中科微至 K线更新失败: ('Connection aborted.', RemoteDisconnected('Remote end closed connection without response'))
2025-08-23 09:43:45,645 - WARNING - ⚠️ 688212 澳华内镜 K线更新失败: ('Connection aborted.', RemoteDisconnected('Remote end closed connection without response'))
2025-08-23 09:43:46,236 - WARNING - ⚠️ 688213 思特威 K线更新失败: ('Connection aborted.', RemoteDisconnected('Remote end closed connection without response'))
2025-08-23 09:43:46,828 - WARNING - ⚠️ 688215 瑞晟智能 K线更新失败: ('Connection aborted.', RemoteDisconnected('Remote end closed connection without response'))
2025-08-23 09:43:47,424 - WARNING - ⚠️ 688216 气派科技 K线更新失败: ('Connection aborted.', RemoteDisconnected('Remote end closed connection without response'))
2025-08-23 09:43:48,020 - WARNING - ⚠️ 688217 睿昂基因 K线更新失败: ('Connection aborted.', RemoteDisconnected('Remote end closed connection without response'))
2025-08-23 09:43:48,618 - WARNING - ⚠️ 688218 江苏北人 K线更新失败: ('Connection aborted.', RemoteDisconnected('Remote end closed connection without response'))
2025-08-23 09:43:49,221 - WARNING - ⚠️ 688219 会通股份 K线更新失败: ('Connection aborted.', RemoteDisconnected('Remote end closed connection without response'))
2025-08-23 09:43:49,809 - WARNING - ⚠️ 688220 翱捷科技 K线更新失败: ('Connection aborted.', RemoteDisconnected('Remote end closed connection without response'))
2025-08-23 09:43:50,403 - WARNING - ⚠️ 688221 前沿生物-U K线更新失败: ('Connection aborted.', RemoteDisconnected('Remote end closed connection without response'))
2025-08-23 09:43:50,997 - WARNING - ⚠️ 688222 成都先导 K线更新失败: ('Connection aborted.', RemoteDisconnected('Remote end closed connection without response'))
2025-08-23 09:43:51,589 - WARNING - ⚠️ 688223 晶科能源 K线更新失败: ('Connection aborted.', RemoteDisconnected('Remote end closed connection without response'))
2025-08-23 09:43:52,188 - WARNING - ⚠️ 688225 亚信安全 K线更新失败: ('Connection aborted.', RemoteDisconnected('Remote end closed connection without response'))
2025-08-23 09:43:52,790 - WARNING - ⚠️ 688226 威腾电气 K线更新失败: ('Connection aborted.', RemoteDisconnected('Remote end closed connection without response'))
2025-08-23 09:43:53,382 - WARNING - ⚠️ 688227 品高股份 K线更新失败: ('Connection aborted.', RemoteDisconnected('Remote end closed connection without response'))
2025-08-23 09:43:53,986 - WARNING - ⚠️ 688228 开普云 K线更新失败: ('Connection aborted.', RemoteDisconnected('Remote end closed connection without response'))
2025-08-23 09:43:54,584 - WARNING - ⚠️ 688229 博睿数据 K线更新失败: ('Connection aborted.', RemoteDisconnected('Remote end closed connection without response'))
2025-08-23 09:43:55,193 - WARNING - ⚠️ 688230 芯导科技 K线更新失败: ('Connection aborted.', RemoteDisconnected('Remote end closed connection without response'))
2025-08-23 09:43:55,797 - WARNING - ⚠️ 688231 隆达股份 K线更新失败: ('Connection aborted.', RemoteDisconnected('Remote end closed connection without response'))
2025-08-23 09:43:56,397 - WARNING - ⚠️ 688232 新点软件 K线更新失败: ('Connection aborted.', RemoteDisconnected('Remote end closed connection without response'))
2025-08-23 09:43:56,992 - WARNING - ⚠️ 688233 神工股份 K线更新失败: ('Connection aborted.', RemoteDisconnected('Remote end closed connection without response'))
2025-08-23 09:43:57,582 - WARNING - ⚠️ 688234 天岳先进 K线更新失败: ('Connection aborted.', RemoteDisconnected('Remote end closed connection without response'))
2025-08-23 09:43:58,179 - WARNING - ⚠️ 688235 百济神州 K线更新失败: ('Connection aborted.', RemoteDisconnected('Remote end closed connection without response'))
2025-08-23 09:43:58,779 - WARNING - ⚠️ 688236 春立医疗 K线更新失败: ('Connection aborted.', RemoteDisconnected('Remote end closed connection without response'))
2025-08-23 09:43:59,374 - WARNING - ⚠️ 688237 超卓航科 K线更新失败: ('Connection aborted.', RemoteDisconnected('Remote end closed connection without response'))
2025-08-23 09:43:59,959 - WARNING - ⚠️ 688238 和元生物 K线更新失败: ('Connection aborted.', RemoteDisconnected('Remote end closed connection without response'))
2025-08-23 09:44:00,550 - WARNING - ⚠️ 688239 航宇科技 K线更新失败: ('Connection aborted.', RemoteDisconnected('Remote end closed connection without response'))
2025-08-23 09:44:01,146 - WARNING - ⚠️ 688244 永信至诚 K线更新失败: ('Connection aborted.', RemoteDisconnected('Remote end closed connection without response'))
2025-08-23 09:44:01,747 - WARNING - ⚠️ 688246 嘉和美康 K线更新失败: ('Connection aborted.', RemoteDisconnected('Remote end closed connection without response'))
2025-08-23 09:44:02,352 - WARNING - ⚠️ 688247 宣泰医药 K线更新失败: ('Connection aborted.', RemoteDisconnected('Remote end closed connection without response'))
2025-08-23 09:44:02,946 - WARNING - ⚠️ 688248 南网科技 K线更新失败: ('Connection aborted.', RemoteDisconnected('Remote end closed connection without response'))
2025-08-23 09:44:03,550 - WARNING - ⚠️ 688249 晶合集成 K线更新失败: ('Connection aborted.', RemoteDisconnected('Remote end closed connection without response'))
2025-08-23 09:44:04,152 - WARNING - ⚠️ 688251 井松智能 K线更新失败: ('Connection aborted.', RemoteDisconnected('Remote end closed connection without response'))
2025-08-23 09:44:04,741 - WARNING - ⚠️ 688252 天德钰 K线更新失败: ('Connection aborted.', RemoteDisconnected('Remote end closed connection without response'))
2025-08-23 09:44:05,334 - WARNING - ⚠️ 688253 英诺特 K线更新失败: ('Connection aborted.', RemoteDisconnected('Remote end closed connection without response'))
2025-08-23 09:44:05,938 - WARNING - ⚠️ 688255 凯尔达 K线更新失败: ('Connection aborted.', RemoteDisconnected('Remote end closed connection without response'))
2025-08-23 09:44:06,538 - WARNING - ⚠️ 688256 寒武纪-U K线更新失败: ('Connection aborted.', RemoteDisconnected('Remote end closed connection without response'))
2025-08-23 09:44:07,136 - WARNING - ⚠️ 688257 新锐股份 K线更新失败: ('Connection aborted.', RemoteDisconnected('Remote end closed connection without response'))
2025-08-23 09:44:07,735 - WARNING - ⚠️ 688258 卓易信息 K线更新失败: ('Connection aborted.', RemoteDisconnected('Remote end closed connection without response'))
2025-08-23 09:44:08,330 - WARNING - ⚠️ 688259 创耀科技 K线更新失败: ('Connection aborted.', RemoteDisconnected('Remote end closed connection without response'))
2025-08-23 09:44:08,942 - WARNING - ⚠️ 688260 昀冢科技 K线更新失败: ('Connection aborted.', RemoteDisconnected('Remote end closed connection without response'))
2025-08-23 09:44:09,529 - WARNING - ⚠️ 688261 东微半导 K线更新失败: ('Connection aborted.', RemoteDisconnected('Remote end closed connection without response'))
2025-08-23 09:44:10,133 - WARNING - ⚠️ 688262 国芯科技 K线更新失败: ('Connection aborted.', RemoteDisconnected('Remote end closed connection without response'))
2025-08-23 09:44:10,731 - WARNING - ⚠️ 688265 南模生物 K线更新失败: ('Connection aborted.', RemoteDisconnected('Remote end closed connection without response'))
2025-08-23 09:44:11,331 - WARNING - ⚠️ 688266 泽璟制药-U K线更新失败: ('Connection aborted.', RemoteDisconnected('Remote end closed connection without response'))
2025-08-23 09:44:11,937 - WARNING - ⚠️ 688267 中触媒 K线更新失败: ('Connection aborted.', RemoteDisconnected('Remote end closed connection without response'))
2025-08-23 09:44:12,533 - WARNING - ⚠️ 688268 华特气体 K线更新失败: ('Connection aborted.', RemoteDisconnected('Remote end closed connection without response'))
2025-08-23 09:44:13,135 - WARNING - ⚠️ 688269 凯立新材 K线更新失败: ('Connection aborted.', RemoteDisconnected('Remote end closed connection without response'))
2025-08-23 09:44:13,737 - WARNING - ⚠️ 688270 臻镭科技 K线更新失败: ('Connection aborted.', RemoteDisconnected('Remote end closed connection without response'))
2025-08-23 09:44:14,333 - WARNING - ⚠️ 688271 联影医疗 K线更新失败: ('Connection aborted.', RemoteDisconnected('Remote end closed connection without response'))
2025-08-23 09:44:14,929 - WARNING - ⚠️ 688272 富吉瑞 K线更新失败: ('Connection aborted.', RemoteDisconnected('Remote end closed connection without response'))
2025-08-23 09:44:15,536 - WARNING - ⚠️ 688273 麦澜德 K线更新失败: ('Connection aborted.', RemoteDisconnected('Remote end closed connection without response'))
2025-08-23 09:44:16,131 - WARNING - ⚠️ 688275 万润新能 K线更新失败: ('Connection aborted.', RemoteDisconnected('Remote end closed connection without response'))
2025-08-23 09:44:16,731 - WARNING - ⚠️ 688276 百克生物 K线更新失败: ('Connection aborted.', RemoteDisconnected('Remote end closed connection without response'))
2025-08-23 09:44:17,341 - WARNING - ⚠️ 688277 天智航-U K线更新失败: ('Connection aborted.', RemoteDisconnected('Remote end closed connection without response'))
2025-08-23 09:44:17,934 - WARNING - ⚠️ 688278 特宝生物 K线更新失败: ('Connection aborted.', RemoteDisconnected('Remote end closed connection without response'))
2025-08-23 09:44:18,530 - WARNING - ⚠️ 688279 峰岹科技 K线更新失败: ('Connection aborted.', RemoteDisconnected('Remote end closed connection without response'))
2025-08-23 09:44:19,132 - WARNING - ⚠️ 688280 精进电动 K线更新失败: ('Connection aborted.', RemoteDisconnected('Remote end closed connection without response'))
2025-08-23 09:44:19,728 - WARNING - ⚠️ 688281 华秦科技 K线更新失败: ('Connection aborted.', RemoteDisconnected('Remote end closed connection without response'))
2025-08-23 09:44:20,342 - WARNING - ⚠️ 688282 理工导航 K线更新失败: ('Connection aborted.', RemoteDisconnected('Remote end closed connection without response'))
2025-08-23 09:44:20,931 - WARNING - ⚠️ 688283 坤恒顺维 K线更新失败: ('Connection aborted.', RemoteDisconnected('Remote end closed connection without response'))
2025-08-23 09:44:21,531 - WARNING - ⚠️ 688285 高铁电气 K线更新失败: ('Connection aborted.', RemoteDisconnected('Remote end closed connection without response'))
2025-08-23 09:44:22,131 - WARNING - ⚠️ 688286 敏芯股份 K线更新失败: ('Connection aborted.', RemoteDisconnected('Remote end closed connection without response'))
2025-08-23 09:44:22,732 - WARNING - ⚠️ 688287 *ST观典 K线更新失败: ('Connection aborted.', RemoteDisconnected('Remote end closed connection without response'))
2025-08-23 09:44:23,334 - WARNING - ⚠️ 688288 鸿泉物联 K线更新失败: ('Connection aborted.', RemoteDisconnected('Remote end closed connection without response'))
2025-08-23 09:44:23,930 - WARNING - ⚠️ 688289 圣湘生物 K线更新失败: ('Connection aborted.', RemoteDisconnected('Remote end closed connection without response'))
2025-08-23 09:44:24,531 - WARNING - ⚠️ 688290 景业智能 K线更新失败: ('Connection aborted.', RemoteDisconnected('Remote end closed connection without response'))
2025-08-23 09:44:25,131 - WARNING - ⚠️ 688291 金橙子 K线更新失败: ('Connection aborted.', RemoteDisconnected('Remote end closed connection without response'))
2025-08-23 09:44:25,735 - WARNING - ⚠️ 688292 浩瀚深度 K线更新失败: ('Connection aborted.', RemoteDisconnected('Remote end closed connection without response'))
2025-08-23 09:44:26,331 - WARNING - ⚠️ 688293 奥浦迈 K线更新失败: ('Connection aborted.', RemoteDisconnected('Remote end closed connection without response'))
2025-08-23 09:44:26,931 - WARNING - ⚠️ 688295 中复神鹰 K线更新失败: ('Connection aborted.', RemoteDisconnected('Remote end closed connection without response'))
2025-08-23 09:44:27,531 - WARNING - ⚠️ 688296 和达科技 K线更新失败: ('Connection aborted.', RemoteDisconnected('Remote end closed connection without response'))
2025-08-23 09:44:28,134 - WARNING - ⚠️ 688297 中无人机 K线更新失败: ('Connection aborted.', RemoteDisconnected('Remote end closed connection without response'))
2025-08-23 09:44:28,734 - WARNING - ⚠️ 688298 东方生物 K线更新失败: ('Connection aborted.', RemoteDisconnected('Remote end closed connection without response'))
2025-08-23 09:44:29,337 - WARNING - ⚠️ 688299 长阳科技 K线更新失败: ('Connection aborted.', RemoteDisconnected('Remote end closed connection without response'))
2025-08-23 09:44:29,935 - WARNING - ⚠️ 688300 联瑞新材 K线更新失败: ('Connection aborted.', RemoteDisconnected('Remote end closed connection without response'))
2025-08-23 09:44:30,537 - WARNING - ⚠️ 688301 奕瑞科技 K线更新失败: ('Connection aborted.', RemoteDisconnected('Remote end closed connection without response'))
2025-08-23 09:44:31,131 - WARNING - ⚠️ 688302 海创药业 K线更新失败: ('Connection aborted.', RemoteDisconnected('Remote end closed connection without response'))
2025-08-23 09:44:31,733 - WARNING - ⚠️ 688303 大全能源 K线更新失败: ('Connection aborted.', RemoteDisconnected('Remote end closed connection without response'))
2025-08-23 09:44:32,334 - WARNING - ⚠️ 688305 科德数控 K线更新失败: ('Connection aborted.', RemoteDisconnected('Remote end closed connection without response'))
2025-08-23 09:44:32,936 - WARNING - ⚠️ 688306 均普智能 K线更新失败: ('Connection aborted.', RemoteDisconnected('Remote end closed connection without response'))
2025-08-23 09:44:33,532 - WARNING - ⚠️ 688307 中润光学 K线更新失败: ('Connection aborted.', RemoteDisconnected('Remote end closed connection without response'))
2025-08-23 09:44:34,136 - WARNING - ⚠️ 688308 欧科亿 K线更新失败: ('Connection aborted.', RemoteDisconnected('Remote end closed connection without response'))
2025-08-23 09:44:34,732 - WARNING - ⚠️ 688309 恒誉环保 K线更新失败: ('Connection aborted.', RemoteDisconnected('Remote end closed connection without response'))
2025-08-23 09:44:35,329 - WARNING - ⚠️ 688310 迈得医疗 K线更新失败: ('Connection aborted.', RemoteDisconnected('Remote end closed connection without response'))
2025-08-23 09:44:35,933 - WARNING - ⚠️ 688311 盟升电子 K线更新失败: ('Connection aborted.', RemoteDisconnected('Remote end closed connection without response'))
2025-08-23 09:44:36,534 - WARNING - ⚠️ 688312 燕麦科技 K线更新失败: ('Connection aborted.', RemoteDisconnected('Remote end closed connection without response'))
2025-08-23 09:44:37,132 - WARNING - ⚠️ 688313 仕佳光子 K线更新失败: ('Connection aborted.', RemoteDisconnected('Remote end closed connection without response'))
2025-08-23 09:44:37,736 - WARNING - ⚠️ 688314 康拓医疗 K线更新失败: ('Connection aborted.', RemoteDisconnected('Remote end closed connection without response'))
2025-08-23 09:44:38,329 - WARNING - ⚠️ 688315 诺禾致源 K线更新失败: ('Connection aborted.', RemoteDisconnected('Remote end closed connection without response'))
2025-08-23 09:44:38,973 - WARNING - ⚠️ 688316 青云科技-U K线更新失败: ('Connection aborted.', RemoteDisconnected('Remote end closed connection without response'))
2025-08-23 09:44:39,571 - WARNING - ⚠️ 688317 之江生物 K线更新失败: ('Connection aborted.', RemoteDisconnected('Remote end closed connection without response'))
2025-08-23 09:44:40,160 - WARNING - ⚠️ 688318 财富趋势 K线更新失败: ('Connection aborted.', RemoteDisconnected('Remote end closed connection without response'))
2025-08-23 09:44:40,749 - WARNING - ⚠️ 688319 欧林生物 K线更新失败: ('Connection aborted.', RemoteDisconnected('Remote end closed connection without response'))
2025-08-23 09:44:41,346 - WARNING - ⚠️ 688320 禾川科技 K线更新失败: ('Connection aborted.', RemoteDisconnected('Remote end closed connection without response'))
2025-08-23 09:44:41,944 - WARNING - ⚠️ 688321 微芯生物 K线更新失败: ('Connection aborted.', RemoteDisconnected('Remote end closed connection without response'))
2025-08-23 09:44:42,541 - WARNING - ⚠️ 688322 奥比中光 K线更新失败: ('Connection aborted.', RemoteDisconnected('Remote end closed connection without response'))
2025-08-23 09:44:43,131 - WARNING - ⚠️ 688323 瑞华泰 K线更新失败: ('Connection aborted.', RemoteDisconnected('Remote end closed connection without response'))
2025-08-23 09:44:43,732 - WARNING - ⚠️ 688325 赛微微电 K线更新失败: ('Connection aborted.', RemoteDisconnected('Remote end closed connection without response'))
2025-08-23 09:44:44,343 - WARNING - ⚠️ 688326 经纬恒润 K线更新失败: ('Connection aborted.', RemoteDisconnected('Remote end closed connection without response'))
2025-08-23 09:44:44,933 - WARNING - ⚠️ 688327 云从科技 K线更新失败: ('Connection aborted.', RemoteDisconnected('Remote end closed connection without response'))
2025-08-23 09:44:45,534 - WARNING - ⚠️ 688328 深科达 K线更新失败: ('Connection aborted.', RemoteDisconnected('Remote end closed connection without response'))
2025-08-23 09:44:46,133 - WARNING - ⚠️ 688329 艾隆科技 K线更新失败: ('Connection aborted.', RemoteDisconnected('Remote end closed connection without response'))
2025-08-23 09:44:46,730 - WARNING - ⚠️ 688330 宏力达 K线更新失败: ('Connection aborted.', RemoteDisconnected('Remote end closed connection without response'))
2025-08-23 09:44:47,332 - WARNING - ⚠️ 688331 荣昌生物 K线更新失败: ('Connection aborted.', RemoteDisconnected('Remote end closed connection without response'))
2025-08-23 09:44:47,931 - WARNING - ⚠️ 688332 中科蓝讯 K线更新失败: ('Connection aborted.', RemoteDisconnected('Remote end closed connection without response'))
2025-08-23 09:44:48,534 - WARNING - ⚠️ 688333 铂力特 K线更新失败: ('Connection aborted.', RemoteDisconnected('Remote end closed connection without response'))
2025-08-23 09:44:49,133 - WARNING - ⚠️ 688334 西高院 K线更新失败: ('Connection aborted.', RemoteDisconnected('Remote end closed connection without response'))
2025-08-23 09:44:49,732 - WARNING - ⚠️ 688335 复洁环保 K线更新失败: ('Connection aborted.', RemoteDisconnected('Remote end closed connection without response'))
2025-08-23 09:44:50,338 - WARNING - ⚠️ 688336 三生国健 K线更新失败: ('Connection aborted.', RemoteDisconnected('Remote end closed connection without response'))
2025-08-23 09:44:50,929 - WARNING - ⚠️ 688337 普源精电 K线更新失败: ('Connection aborted.', RemoteDisconnected('Remote end closed connection without response'))
2025-08-23 09:44:51,530 - WARNING - ⚠️ 688338 赛科希德 K线更新失败: ('Connection aborted.', RemoteDisconnected('Remote end closed connection without response'))
2025-08-23 09:44:52,136 - WARNING - ⚠️ 688339 亿华通-U K线更新失败: ('Connection aborted.', RemoteDisconnected('Remote end closed connection without response'))
2025-08-23 09:44:52,734 - WARNING - ⚠️ 688343 云天励飞 K线更新失败: ('Connection aborted.', RemoteDisconnected('Remote end closed connection without response'))
2025-08-23 09:44:53,330 - WARNING - ⚠️ 688345 博力威 K线更新失败: ('Connection aborted.', RemoteDisconnected('Remote end closed connection without response'))
2025-08-23 09:44:53,937 - WARNING - ⚠️ 688347 华虹公司 K线更新失败: ('Connection aborted.', RemoteDisconnected('Remote end closed connection without response'))
2025-08-23 09:44:54,536 - WARNING - ⚠️ 688348 昱能科技 K线更新失败: ('Connection aborted.', RemoteDisconnected('Remote end closed connection without response'))
2025-08-23 09:44:55,129 - WARNING - ⚠️ 688349 三一重能 K线更新失败: ('Connection aborted.', RemoteDisconnected('Remote end closed connection without response'))
2025-08-23 09:44:55,761 - WARNING - ⚠️ 688350 富淼科技 K线更新失败: ('Connection aborted.', RemoteDisconnected('Remote end closed connection without response'))
2025-08-23 09:44:56,367 - WARNING - ⚠️ 688351 微电生理 K线更新失败: ('Connection aborted.', RemoteDisconnected('Remote end closed connection without response'))
2025-08-23 09:44:56,961 - WARNING - ⚠️ 688352 颀中科技 K线更新失败: ('Connection aborted.', RemoteDisconnected('Remote end closed connection without response'))
2025-08-23 09:44:57,566 - WARNING - ⚠️ 688353 华盛锂电 K线更新失败: ('Connection aborted.', RemoteDisconnected('Remote end closed connection without response'))
2025-08-23 09:44:58,165 - WARNING - ⚠️ 688355 明志科技 K线更新失败: ('Connection aborted.', RemoteDisconnected('Remote end closed connection without response'))
2025-08-23 09:44:58,763 - WARNING - ⚠️ 688356 键凯科技 K线更新失败: ('Connection aborted.', RemoteDisconnected('Remote end closed connection without response'))
2025-08-23 09:44:59,368 - WARNING - ⚠️ 688357 建龙微纳 K线更新失败: ('Connection aborted.', RemoteDisconnected('Remote end closed connection without response'))
2025-08-23 09:44:59,968 - WARNING - ⚠️ 688358 祥生医疗 K线更新失败: ('Connection aborted.', RemoteDisconnected('Remote end closed connection without response'))
2025-08-23 09:45:00,570 - WARNING - ⚠️ 688359 三孚新科 K线更新失败: ('Connection aborted.', RemoteDisconnected('Remote end closed connection without response'))
2025-08-23 09:45:01,162 - WARNING - ⚠️ 688360 德马科技 K线更新失败: ('Connection aborted.', RemoteDisconnected('Remote end closed connection without response'))
2025-08-23 09:45:01,763 - WARNING - ⚠️ 688361 中科飞测 K线更新失败: ('Connection aborted.', RemoteDisconnected('Remote end closed connection without response'))
2025-08-23 09:45:02,364 - WARNING - ⚠️ 688362 甬矽电子 K线更新失败: ('Connection aborted.', RemoteDisconnected('Remote end closed connection without response'))
2025-08-23 09:45:02,958 - WARNING - ⚠️ 688363 华熙生物 K线更新失败: ('Connection aborted.', RemoteDisconnected('Remote end closed connection without response'))
2025-08-23 09:45:03,549 - WARNING - ⚠️ 688365 光云科技 K线更新失败: ('Connection aborted.', RemoteDisconnected('Remote end closed connection without response'))
2025-08-23 09:45:04,149 - WARNING - ⚠️ 688366 昊海生科 K线更新失败: ('Connection aborted.', RemoteDisconnected('Remote end closed connection without response'))
2025-08-23 09:45:04,743 - WARNING - ⚠️ 688367 工大高科 K线更新失败: ('Connection aborted.', RemoteDisconnected('Remote end closed connection without response'))
2025-08-23 09:45:05,344 - WARNING - ⚠️ 688368 晶丰明源 K线更新失败: ('Connection aborted.', RemoteDisconnected('Remote end closed connection without response'))
2025-08-23 09:45:05,944 - WARNING - ⚠️ 688369 致远互联 K线更新失败: ('Connection aborted.', RemoteDisconnected('Remote end closed connection without response'))
2025-08-23 09:45:06,553 - WARNING - ⚠️ 688370 丛麟科技 K线更新失败: ('Connection aborted.', RemoteDisconnected('Remote end closed connection without response'))
2025-08-23 09:45:07,145 - WARNING - ⚠️ 688371 菲沃泰 K线更新失败: ('Connection aborted.', RemoteDisconnected('Remote end closed connection without response'))
2025-08-23 09:45:07,738 - WARNING - ⚠️ 688372 伟测科技 K线更新失败: ('Connection aborted.', RemoteDisconnected('Remote end closed connection without response'))
2025-08-23 09:45:08,336 - WARNING - ⚠️ 688373 盟科药业 K线更新失败: ('Connection aborted.', RemoteDisconnected('Remote end closed connection without response'))
2025-08-23 09:45:08,934 - WARNING - ⚠️ 688375 国博电子 K线更新失败: ('Connection aborted.', RemoteDisconnected('Remote end closed connection without response'))
2025-08-23 09:45:09,529 - WARNING - ⚠️ 688376 美埃科技 K线更新失败: ('Connection aborted.', RemoteDisconnected('Remote end closed connection without response'))
2025-08-23 09:45:10,138 - WARNING - ⚠️ 688377 迪威尔 K线更新失败: ('Connection aborted.', RemoteDisconnected('Remote end closed connection without response'))
2025-08-23 09:45:10,736 - WARNING - ⚠️ 688378 奥来德 K线更新失败: ('Connection aborted.', RemoteDisconnected('Remote end closed connection without response'))
2025-08-23 09:45:11,339 - WARNING - ⚠️ 688379 华光新材 K线更新失败: ('Connection aborted.', RemoteDisconnected('Remote end closed connection without response'))
2025-08-23 09:45:11,932 - WARNING - ⚠️ 688380 中微半导 K线更新失败: ('Connection aborted.', RemoteDisconnected('Remote end closed connection without response'))
2025-08-23 09:45:12,535 - WARNING - ⚠️ 688381 帝奥微 K线更新失败: ('Connection aborted.', RemoteDisconnected('Remote end closed connection without response'))
2025-08-23 09:45:13,129 - WARNING - ⚠️ 688382 益方生物 K线更新失败: ('Connection aborted.', RemoteDisconnected('Remote end closed connection without response'))
2025-08-23 09:45:13,728 - WARNING - ⚠️ 688383 新益昌 K线更新失败: ('Connection aborted.', RemoteDisconnected('Remote end closed connection without response'))
2025-08-23 09:45:14,340 - WARNING - ⚠️ 688385 复旦微电 K线更新失败: ('Connection aborted.', RemoteDisconnected('Remote end closed connection without response'))
2025-08-23 09:45:14,929 - WARNING - ⚠️ 688386 泛亚微透 K线更新失败: ('Connection aborted.', RemoteDisconnected('Remote end closed connection without response'))
2025-08-23 09:45:15,534 - WARNING - ⚠️ 688387 信科移动 K线更新失败: ('Connection aborted.', RemoteDisconnected('Remote end closed connection without response'))
2025-08-23 09:45:16,137 - WARNING - ⚠️ 688388 嘉元科技 K线更新失败: ('Connection aborted.', RemoteDisconnected('Remote end closed connection without response'))
2025-08-23 09:45:16,727 - WARNING - ⚠️ 688389 普门科技 K线更新失败: ('Connection aborted.', RemoteDisconnected('Remote end closed connection without response'))
2025-08-23 09:45:17,333 - WARNING - ⚠️ 688390 固德威 K线更新失败: ('Connection aborted.', RemoteDisconnected('Remote end closed connection without response'))
2025-08-23 09:45:17,935 - WARNING - ⚠️ 688391 钜泉科技 K线更新失败: ('Connection aborted.', RemoteDisconnected('Remote end closed connection without response'))
2025-08-23 09:45:18,530 - WARNING - ⚠️ 688392 骄成超声 K线更新失败: ('Connection aborted.', RemoteDisconnected('Remote end closed connection without response'))
2025-08-23 09:45:19,130 - WARNING - ⚠️ 688393 安必平 K线更新失败: ('Connection aborted.', RemoteDisconnected('Remote end closed connection without response'))
2025-08-23 09:45:19,735 - WARNING - ⚠️ 688395 正弦电气 K线更新失败: ('Connection aborted.', RemoteDisconnected('Remote end closed connection without response'))
2025-08-23 09:45:20,330 - WARNING - ⚠️ 688396 华润微 K线更新失败: ('Connection aborted.', RemoteDisconnected('Remote end closed connection without response'))
2025-08-23 09:45:20,941 - WARNING - ⚠️ 688398 赛特新材 K线更新失败: ('Connection aborted.', RemoteDisconnected('Remote end closed connection without response'))
2025-08-23 09:45:21,532 - WARNING - ⚠️ 688399 硕世生物 K线更新失败: ('Connection aborted.', RemoteDisconnected('Remote end closed connection without response'))
2025-08-23 09:45:22,131 - WARNING - ⚠️ 688400 凌云光 K线更新失败: ('Connection aborted.', RemoteDisconnected('Remote end closed connection without response'))
2025-08-23 09:45:22,732 - WARNING - ⚠️ 688401 路维光电 K线更新失败: ('Connection aborted.', RemoteDisconnected('Remote end closed connection without response'))
2025-08-23 09:45:23,329 - WARNING - ⚠️ 688403 汇成股份 K线更新失败: ('Connection aborted.', RemoteDisconnected('Remote end closed connection without response'))
2025-08-23 09:45:23,928 - WARNING - ⚠️ 688408 中信博 K线更新失败: ('Connection aborted.', RemoteDisconnected('Remote end closed connection without response'))
2025-08-23 09:45:24,534 - WARNING - ⚠️ 688409 富创精密 K线更新失败: ('Connection aborted.', RemoteDisconnected('Remote end closed connection without response'))
2025-08-23 09:45:25,131 - WARNING - ⚠️ 688410 山外山 K线更新失败: ('Connection aborted.', RemoteDisconnected('Remote end closed connection without response'))
2025-08-23 09:45:25,738 - WARNING - ⚠️ 688411 海博思创 K线更新失败: ('Connection aborted.', RemoteDisconnected('Remote end closed connection without response'))
2025-08-23 09:45:26,334 - WARNING - ⚠️ 688416 恒烁股份 K线更新失败: ('Connection aborted.', RemoteDisconnected('Remote end closed connection without response'))
2025-08-23 09:45:26,935 - WARNING - ⚠️ 688418 震有科技 K线更新失败: ('Connection aborted.', RemoteDisconnected('Remote end closed connection without response'))
2025-08-23 09:45:27,534 - WARNING - ⚠️ 688419 耐科装备 K线更新失败: ('Connection aborted.', RemoteDisconnected('Remote end closed connection without response'))
2025-08-23 09:45:28,130 - WARNING - ⚠️ 688420 美腾科技 K线更新失败: ('Connection aborted.', RemoteDisconnected('Remote end closed connection without response'))
2025-08-23 09:45:28,734 - WARNING - ⚠️ 688425 铁建重工 K线更新失败: ('Connection aborted.', RemoteDisconnected('Remote end closed connection without response'))
2025-08-23 09:45:29,333 - WARNING - ⚠️ 688426 康为世纪 K线更新失败: ('Connection aborted.', RemoteDisconnected('Remote end closed connection without response'))
2025-08-23 09:45:29,930 - WARNING - ⚠️ 688428 诺诚健华 K线更新失败: ('Connection aborted.', RemoteDisconnected('Remote end closed connection without response'))
2025-08-23 09:45:30,533 - WARNING - ⚠️ 688429 时创能源 K线更新失败: ('Connection aborted.', RemoteDisconnected('Remote end closed connection without response'))
2025-08-23 09:45:31,135 - WARNING - ⚠️ 688432 有研硅 K线更新失败: ('Connection aborted.', RemoteDisconnected('Remote end closed connection without response'))
2025-08-23 09:45:31,736 - WARNING - ⚠️ 688433 华曙高科 K线更新失败: ('Connection aborted.', RemoteDisconnected('Remote end closed connection without response'))
2025-08-23 09:45:32,336 - WARNING - ⚠️ 688435 英方软件 K线更新失败: ('Connection aborted.', RemoteDisconnected('Remote end closed connection without response'))
2025-08-23 09:45:32,933 - WARNING - ⚠️ 688439 振华风光 K线更新失败: ('Connection aborted.', RemoteDisconnected('Remote end closed connection without response'))
2025-08-23 09:45:33,539 - WARNING - ⚠️ 688443 智翔金泰 K线更新失败: ('Connection aborted.', RemoteDisconnected('Remote end closed connection without response'))
2025-08-23 09:45:34,134 - WARNING - ⚠️ 688448 磁谷科技 K线更新失败: ('Connection aborted.', RemoteDisconnected('Remote end closed connection without response'))
2025-08-23 09:45:34,731 - WARNING - ⚠️ 688449 联芸科技 K线更新失败: ('Connection aborted.', RemoteDisconnected('Remote end closed connection without response'))
2025-08-23 09:45:35,337 - WARNING - ⚠️ 688450 光格科技 K线更新失败: ('Connection aborted.', RemoteDisconnected('Remote end closed connection without response'))
2025-08-23 09:45:35,932 - WARNING - ⚠️ 688455 科捷智能 K线更新失败: ('Connection aborted.', RemoteDisconnected('Remote end closed connection without response'))
2025-08-23 09:45:36,534 - WARNING - ⚠️ 688456 有研粉材 K线更新失败: ('Connection aborted.', RemoteDisconnected('Remote end closed connection without response'))
2025-08-23 09:45:37,128 - WARNING - ⚠️ 688458 美芯晟 K线更新失败: ('Connection aborted.', RemoteDisconnected('Remote end closed connection without response'))
2025-08-23 09:45:37,732 - WARNING - ⚠️ 688459 哈铁科技 K线更新失败: ('Connection aborted.', RemoteDisconnected('Remote end closed connection without response'))
2025-08-23 09:45:38,333 - WARNING - ⚠️ 688466 金科环境 K线更新失败: ('Connection aborted.', RemoteDisconnected('Remote end closed connection without response'))
2025-08-23 09:45:38,934 - WARNING - ⚠️ 688468 科美诊断 K线更新失败: ('Connection aborted.', RemoteDisconnected('Remote end closed connection without response'))
2025-08-23 09:45:39,536 - WARNING - ⚠️ 688469 芯联集成 K线更新失败: ('Connection aborted.', RemoteDisconnected('Remote end closed connection without response'))
2025-08-23 09:45:40,133 - WARNING - ⚠️ 688472 阿特斯 K线更新失败: ('Connection aborted.', RemoteDisconnected('Remote end closed connection without response'))
2025-08-23 09:45:40,739 - WARNING - ⚠️ 688475 萤石网络 K线更新失败: ('Connection aborted.', RemoteDisconnected('Remote end closed connection without response'))
2025-08-23 09:45:41,340 - WARNING - ⚠️ 688478 晶升股份 K线更新失败: ('Connection aborted.', RemoteDisconnected('Remote end closed connection without response'))
2025-08-23 09:45:41,933 - WARNING - ⚠️ 688479 友车科技 K线更新失败: ('Connection aborted.', RemoteDisconnected('Remote end closed connection without response'))
2025-08-23 09:45:42,524 - WARNING - ⚠️ 688480 赛恩斯 K线更新失败: ('Connection aborted.', RemoteDisconnected('Remote end closed connection without response'))
2025-08-23 09:45:43,135 - WARNING - ⚠️ 688484 南芯科技 K线更新失败: ('Connection aborted.', RemoteDisconnected('Remote end closed connection without response'))
2025-08-23 09:45:43,732 - WARNING - ⚠️ 688485 九州一轨 K线更新失败: ('Connection aborted.', RemoteDisconnected('Remote end closed connection without response'))
2025-08-23 09:45:44,394 - WARNING - ⚠️ 688486 龙迅股份 K线更新失败: ('Connection aborted.', RemoteDisconnected('Remote end closed connection without response'))
2025-08-23 09:45:44,993 - WARNING - ⚠️ 688488 艾迪药业 K线更新失败: ('Connection aborted.', RemoteDisconnected('Remote end closed connection without response'))
2025-08-23 09:45:45,591 - WARNING - ⚠️ 688489 三未信安 K线更新失败: ('Connection aborted.', RemoteDisconnected('Remote end closed connection without response'))
2025-08-23 09:45:46,181 - WARNING - ⚠️ 688496 清越科技 K线更新失败: ('Connection aborted.', RemoteDisconnected('Remote end closed connection without response'))
2025-08-23 09:45:46,777 - WARNING - ⚠️ 688498 源杰科技 K线更新失败: ('Connection aborted.', RemoteDisconnected('Remote end closed connection without response'))
2025-08-23 09:45:47,382 - WARNING - ⚠️ 688499 利元亨 K线更新失败: ('Connection aborted.', RemoteDisconnected('Remote end closed connection without response'))
2025-08-23 09:45:47,980 - WARNING - ⚠️ 688500 慧辰股份 K线更新失败: ('Connection aborted.', RemoteDisconnected('Remote end closed connection without response'))
2025-08-23 09:45:48,584 - WARNING - ⚠️ 688501 青达环保 K线更新失败: ('Connection aborted.', RemoteDisconnected('Remote end closed connection without response'))
2025-08-23 09:45:49,178 - WARNING - ⚠️ 688502 茂莱光学 K线更新失败: ('Connection aborted.', RemoteDisconnected('Remote end closed connection without response'))
2025-08-23 09:45:49,781 - WARNING - ⚠️ 688503 聚和材料 K线更新失败: ('Connection aborted.', RemoteDisconnected('Remote end closed connection without response'))
2025-08-23 09:45:50,384 - WARNING - ⚠️ 688505 复旦张江 K线更新失败: ('Connection aborted.', RemoteDisconnected('Remote end closed connection without response'))
2025-08-23 09:45:50,974 - WARNING - ⚠️ 688506 百利天恒 K线更新失败: ('Connection aborted.', RemoteDisconnected('Remote end closed connection without response'))
2025-08-23 09:45:51,579 - WARNING - ⚠️ 688507 索辰科技 K线更新失败: ('Connection aborted.', RemoteDisconnected('Remote end closed connection without response'))
2025-08-23 09:45:52,182 - WARNING - ⚠️ 688508 芯朋微 K线更新失败: ('Connection aborted.', RemoteDisconnected('Remote end closed connection without response'))
2025-08-23 09:45:52,785 - WARNING - ⚠️ 688509 正元地信 K线更新失败: ('Connection aborted.', RemoteDisconnected('Remote end closed connection without response'))
2025-08-23 09:45:53,393 - WARNING - ⚠️ 688510 航亚科技 K线更新失败: ('Connection aborted.', RemoteDisconnected('Remote end closed connection without response'))
2025-08-23 09:45:53,985 - WARNING - ⚠️ 688511 *ST天微 K线更新失败: ('Connection aborted.', RemoteDisconnected('Remote end closed connection without response'))
2025-08-23 09:45:54,579 - WARNING - ⚠️ 688512 慧智微 K线更新失败: ('Connection aborted.', RemoteDisconnected('Remote end closed connection without response'))
2025-08-23 09:45:55,180 - WARNING - ⚠️ 688513 苑东生物 K线更新失败: ('Connection aborted.', RemoteDisconnected('Remote end closed connection without response'))
2025-08-23 09:45:55,780 - WARNING - ⚠️ 688515 裕太微 K线更新失败: ('Connection aborted.', RemoteDisconnected('Remote end closed connection without response'))
2025-08-23 09:45:56,382 - WARNING - ⚠️ 688516 奥特维 K线更新失败: ('Connection aborted.', RemoteDisconnected('Remote end closed connection without response'))
2025-08-23 09:45:56,975 - WARNING - ⚠️ 688517 金冠电气 K线更新失败: ('Connection aborted.', RemoteDisconnected('Remote end closed connection without response'))
2025-08-23 09:45:57,579 - WARNING - ⚠️ 688518 联赢激光 K线更新失败: ('Connection aborted.', RemoteDisconnected('Remote end closed connection without response'))
2025-08-23 09:45:58,182 - WARNING - ⚠️ 688519 南亚新材 K线更新失败: ('Connection aborted.', RemoteDisconnected('Remote end closed connection without response'))
2025-08-23 09:45:58,779 - WARNING - ⚠️ 688520 神州细胞 K线更新失败: ('Connection aborted.', RemoteDisconnected('Remote end closed connection without response'))
2025-08-23 09:45:59,388 - WARNING - ⚠️ 688521 芯原股份 K线更新失败: ('Connection aborted.', RemoteDisconnected('Remote end closed connection without response'))
2025-08-23 09:45:59,987 - WARNING - ⚠️ 688522 纳睿雷达 K线更新失败: ('Connection aborted.', RemoteDisconnected('Remote end closed connection without response'))
2025-08-23 09:46:00,581 - WARNING - ⚠️ 688523 航天环宇 K线更新失败: ('Connection aborted.', RemoteDisconnected('Remote end closed connection without response'))
2025-08-23 09:46:01,181 - WARNING - ⚠️ 688525 佰维存储 K线更新失败: ('Connection aborted.', RemoteDisconnected('Remote end closed connection without response'))
2025-08-23 09:46:01,787 - WARNING - ⚠️ 688526 科前生物 K线更新失败: ('Connection aborted.', RemoteDisconnected('Remote end closed connection without response'))
2025-08-23 09:46:02,380 - WARNING - ⚠️ 688528 秦川物联 K线更新失败: ('Connection aborted.', RemoteDisconnected('Remote end closed connection without response'))
2025-08-23 09:46:02,976 - WARNING - ⚠️ 688529 豪森智能 K线更新失败: ('Connection aborted.', RemoteDisconnected('Remote end closed connection without response'))
2025-08-23 09:46:03,567 - WARNING - ⚠️ 688530 欧莱新材 K线更新失败: ('Connection aborted.', RemoteDisconnected('Remote end closed connection without response'))
2025-08-23 09:46:04,161 - WARNING - ⚠️ 688531 日联科技 K线更新失败: ('Connection aborted.', RemoteDisconnected('Remote end closed connection without response'))
2025-08-23 09:46:04,767 - WARNING - ⚠️ 688533 上声电子 K线更新失败: ('Connection aborted.', RemoteDisconnected('Remote end closed connection without response'))
2025-08-23 09:46:05,362 - WARNING - ⚠️ 688535 华海诚科 K线更新失败: ('Connection aborted.', RemoteDisconnected('Remote end closed connection without response'))
2025-08-23 09:46:05,963 - WARNING - ⚠️ 688536 思瑞浦 K线更新失败: ('Connection aborted.', RemoteDisconnected('Remote end closed connection without response'))
2025-08-23 09:46:06,558 - WARNING - ⚠️ 688538 和辉光电-U K线更新失败: ('Connection aborted.', RemoteDisconnected('Remote end closed connection without response'))
2025-08-23 09:46:07,150 - WARNING - ⚠️ 688539 高华科技 K线更新失败: ('Connection aborted.', RemoteDisconnected('Remote end closed connection without response'))
2025-08-23 09:46:07,744 - WARNING - ⚠️ 688543 国科军工 K线更新失败: ('Connection aborted.', RemoteDisconnected('Remote end closed connection without response'))
2025-08-23 09:46:08,344 - WARNING - ⚠️ 688545 兴福电子 K线更新失败: ('Connection aborted.', RemoteDisconnected('Remote end closed connection without response'))
2025-08-23 09:46:08,942 - WARNING - ⚠️ 688548 广钢气体 K线更新失败: ('Connection aborted.', RemoteDisconnected('Remote end closed connection without response'))
2025-08-23 09:46:09,538 - WARNING - ⚠️ 688549 中巨芯 K线更新失败: ('Connection aborted.', RemoteDisconnected('Remote end closed connection without response'))
2025-08-23 09:46:10,127 - WARNING - ⚠️ 688550 瑞联新材 K线更新失败: ('Connection aborted.', RemoteDisconnected('Remote end closed connection without response'))
2025-08-23 09:46:10,728 - WARNING - ⚠️ 688551 科威尔 K线更新失败: ('Connection aborted.', RemoteDisconnected('Remote end closed connection without response'))
2025-08-23 09:46:11,335 - WARNING - ⚠️ 688552 航天南湖 K线更新失败: ('Connection aborted.', RemoteDisconnected('Remote end closed connection without response'))
2025-08-23 09:46:11,927 - WARNING - ⚠️ 688553 汇宇制药-W K线更新失败: ('Connection aborted.', RemoteDisconnected('Remote end closed connection without response'))
2025-08-23 09:46:12,527 - WARNING - ⚠️ 688555 退市泽达 K线更新失败: ('Connection aborted.', RemoteDisconnected('Remote end closed connection without response'))
2025-08-23 09:46:13,129 - WARNING - ⚠️ 688556 高测股份 K线更新失败: ('Connection aborted.', RemoteDisconnected('Remote end closed connection without response'))
2025-08-23 09:46:13,728 - WARNING - ⚠️ 688557 兰剑智能 K线更新失败: ('Connection aborted.', RemoteDisconnected('Remote end closed connection without response'))
2025-08-23 09:46:14,308 - WARNING - ⚠️ 688558 国盛智科 K线更新失败: ('Connection aborted.', RemoteDisconnected('Remote end closed connection without response'))
2025-08-23 09:46:14,905 - WARNING - ⚠️ 688559 海目星 K线更新失败: ('Connection aborted.', RemoteDisconnected('Remote end closed connection without response'))
2025-08-23 09:46:15,503 - WARNING - ⚠️ 688560 明冠新材 K线更新失败: ('Connection aborted.', RemoteDisconnected('Remote end closed connection without response'))
2025-08-23 09:46:16,089 - WARNING - ⚠️ 688561 奇安信-U K线更新失败: ('Connection aborted.', RemoteDisconnected('Remote end closed connection without response'))
2025-08-23 09:46:16,694 - WARNING - ⚠️ 688562 航天软件 K线更新失败: ('Connection aborted.', RemoteDisconnected('Remote end closed connection without response'))
2025-08-23 09:46:17,273 - WARNING - ⚠️ 688563 航材股份 K线更新失败: ('Connection aborted.', RemoteDisconnected('Remote end closed connection without response'))
2025-08-23 09:46:17,870 - WARNING - ⚠️ 688565 力源科技 K线更新失败: ('Connection aborted.', RemoteDisconnected('Remote end closed connection without response'))
2025-08-23 09:46:18,448 - WARNING - ⚠️ 688566 吉贝尔 K线更新失败: ('Connection aborted.', RemoteDisconnected('Remote end closed connection without response'))
2025-08-23 09:46:19,029 - WARNING - ⚠️ 688567 孚能科技 K线更新失败: ('Connection aborted.', RemoteDisconnected('Remote end closed connection without response'))
2025-08-23 09:46:19,624 - WARNING - ⚠️ 688568 中科星图 K线更新失败: ('Connection aborted.', RemoteDisconnected('Remote end closed connection without response'))
2025-08-23 09:46:20,206 - WARNING - ⚠️ 688569 铁科轨道 K线更新失败: ('Connection aborted.', RemoteDisconnected('Remote end closed connection without response'))
2025-08-23 09:46:20,798 - WARNING - ⚠️ 688570 天玛智控 K线更新失败: ('Connection aborted.', RemoteDisconnected('Remote end closed connection without response'))
2025-08-23 09:46:21,390 - WARNING - ⚠️ 688571 杭华股份 K线更新失败: ('Connection aborted.', RemoteDisconnected('Remote end closed connection without response'))
2025-08-23 09:46:21,974 - WARNING - ⚠️ 688573 信宇人 K线更新失败: ('Connection aborted.', RemoteDisconnected('Remote end closed connection without response'))
2025-08-23 09:46:22,563 - WARNING - ⚠️ 688575 亚辉龙 K线更新失败: ('Connection aborted.', RemoteDisconnected('Remote end closed connection without response'))
2025-08-23 09:46:23,153 - WARNING - ⚠️ 688576 西山科技 K线更新失败: ('Connection aborted.', RemoteDisconnected('Remote end closed connection without response'))
2025-08-23 09:46:23,738 - WARNING - ⚠️ 688577 浙海德曼 K线更新失败: ('Connection aborted.', RemoteDisconnected('Remote end closed connection without response'))
2025-08-23 09:46:24,328 - WARNING - ⚠️ 688578 艾力斯 K线更新失败: ('Connection aborted.', RemoteDisconnected('Remote end closed connection without response'))
2025-08-23 09:46:24,926 - WARNING - ⚠️ 688579 山大地纬 K线更新失败: ('Connection aborted.', RemoteDisconnected('Remote end closed connection without response'))
2025-08-23 09:46:25,506 - WARNING - ⚠️ 688580 伟思医疗 K线更新失败: ('Connection aborted.', RemoteDisconnected('Remote end closed connection without response'))
2025-08-23 09:46:26,085 - WARNING - ⚠️ 688581 安杰思 K线更新失败: ('Connection aborted.', RemoteDisconnected('Remote end closed connection without response'))
2025-08-23 09:46:26,681 - WARNING - ⚠️ 688582 芯动联科 K线更新失败: ('Connection aborted.', RemoteDisconnected('Remote end closed connection without response'))
2025-08-23 09:46:27,264 - WARNING - ⚠️ 688583 思看科技 K线更新失败: ('Connection aborted.', RemoteDisconnected('Remote end closed connection without response'))
2025-08-23 09:46:27,858 - WARNING - ⚠️ 688584 上海合晶 K线更新失败: ('Connection aborted.', RemoteDisconnected('Remote end closed connection without response'))
2025-08-23 09:46:28,455 - WARNING - ⚠️ 688585 上纬新材 K线更新失败: ('Connection aborted.', RemoteDisconnected('Remote end closed connection without response'))
2025-08-23 09:46:29,049 - WARNING - ⚠️ 688586 江航装备 K线更新失败: ('Connection aborted.', RemoteDisconnected('Remote end closed connection without response'))
2025-08-23 09:46:29,638 - WARNING - ⚠️ 688588 凌志软件 K线更新失败: ('Connection aborted.', RemoteDisconnected('Remote end closed connection without response'))
2025-08-23 09:46:30,225 - WARNING - ⚠️ 688589 力合微 K线更新失败: ('Connection aborted.', RemoteDisconnected('Remote end closed connection without response'))
2025-08-23 09:46:30,824 - WARNING - ⚠️ 688590 新致软件 K线更新失败: ('Connection aborted.', RemoteDisconnected('Remote end closed connection without response'))
2025-08-23 09:46:31,418 - WARNING - ⚠️ 688591 泰凌微 K线更新失败: ('Connection aborted.', RemoteDisconnected('Remote end closed connection without response'))
2025-08-23 09:46:32,003 - WARNING - ⚠️ 688592 司南导航 K线更新失败: ('Connection aborted.', RemoteDisconnected('Remote end closed connection without response'))
2025-08-23 09:46:32,607 - WARNING - ⚠️ 688593 新相微 K线更新失败: ('Connection aborted.', RemoteDisconnected('Remote end closed connection without response'))
2025-08-23 09:46:33,204 - WARNING - ⚠️ 688595 芯海科技 K线更新失败: ('Connection aborted.', RemoteDisconnected('Remote end closed connection without response'))
2025-08-23 09:46:33,800 - WARNING - ⚠️ 688596 正帆科技 K线更新失败: ('Connection aborted.', RemoteDisconnected('Remote end closed connection without response'))
2025-08-23 09:46:34,380 - WARNING - ⚠️ 688597 煜邦电力 K线更新失败: ('Connection aborted.', RemoteDisconnected('Remote end closed connection without response'))
2025-08-23 09:46:34,969 - WARNING - ⚠️ 688598 金博股份 K线更新失败: ('Connection aborted.', RemoteDisconnected('Remote end closed connection without response'))
2025-08-23 09:46:35,575 - WARNING - ⚠️ 688599 天合光能 K线更新失败: ('Connection aborted.', RemoteDisconnected('Remote end closed connection without response'))
2025-08-23 09:46:36,159 - WARNING - ⚠️ 688600 皖仪科技 K线更新失败: ('Connection aborted.', RemoteDisconnected('Remote end closed connection without response'))
2025-08-23 09:46:36,761 - WARNING - ⚠️ 688601 力芯微 K线更新失败: ('Connection aborted.', RemoteDisconnected('Remote end closed connection without response'))
2025-08-23 09:46:37,360 - WARNING - ⚠️ 688602 康鹏科技 K线更新失败: ('Connection aborted.', RemoteDisconnected('Remote end closed connection without response'))
2025-08-23 09:46:37,956 - WARNING - ⚠️ 688603 天承科技 K线更新失败: ('Connection aborted.', RemoteDisconnected('Remote end closed connection without response'))
2025-08-23 09:46:38,536 - WARNING - ⚠️ 688605 先锋精科 K线更新失败: ('Connection aborted.', RemoteDisconnected('Remote end closed connection without response'))
2025-08-23 09:46:39,116 - WARNING - ⚠️ 688606 奥泰生物 K线更新失败: ('Connection aborted.', RemoteDisconnected('Remote end closed connection without response'))
2025-08-23 09:46:39,696 - WARNING - ⚠️ 688607 康众医疗 K线更新失败: ('Connection aborted.', RemoteDisconnected('Remote end closed connection without response'))
2025-08-23 09:46:40,276 - WARNING - ⚠️ 688608 恒玄科技 K线更新失败: ('Connection aborted.', RemoteDisconnected('Remote end closed connection without response'))
2025-08-23 09:46:40,881 - WARNING - ⚠️ 688609 九联科技 K线更新失败: ('Connection aborted.', RemoteDisconnected('Remote end closed connection without response'))
2025-08-23 09:46:41,484 - WARNING - ⚠️ 688610 埃科光电 K线更新失败: ('Connection aborted.', RemoteDisconnected('Remote end closed connection without response'))
2025-08-23 09:46:42,070 - WARNING - ⚠️ 688611 杭州柯林 K线更新失败: ('Connection aborted.', RemoteDisconnected('Remote end closed connection without response'))
2025-08-23 09:46:42,668 - WARNING - ⚠️ 688612 威迈斯 K线更新失败: ('Connection aborted.', RemoteDisconnected('Remote end closed connection without response'))
2025-08-23 09:46:43,254 - WARNING - ⚠️ 688613 奥精医疗 K线更新失败: ('Connection aborted.', RemoteDisconnected('Remote end closed connection without response'))
2025-08-23 09:46:43,862 - WARNING - ⚠️ 688615 合合信息 K线更新失败: ('Connection aborted.', RemoteDisconnected('Remote end closed connection without response'))
2025-08-23 09:46:44,458 - WARNING - ⚠️ 688616 西力科技 K线更新失败: ('Connection aborted.', RemoteDisconnected('Remote end closed connection without response'))
2025-08-23 09:46:45,051 - WARNING - ⚠️ 688617 惠泰医疗 K线更新失败: ('Connection aborted.', RemoteDisconnected('Remote end closed connection without response'))
2025-08-23 09:46:45,654 - WARNING - ⚠️ 688618 三旺通信 K线更新失败: ('Connection aborted.', RemoteDisconnected('Remote end closed connection without response'))
2025-08-23 09:46:46,246 - WARNING - ⚠️ 688619 罗普特 K线更新失败: ('Connection aborted.', RemoteDisconnected('Remote end closed connection without response'))
2025-08-23 09:46:46,838 - WARNING - ⚠️ 688620 安凯微 K线更新失败: ('Connection aborted.', RemoteDisconnected('Remote end closed connection without response'))
2025-08-23 09:46:47,422 - WARNING - ⚠️ 688621 阳光诺和 K线更新失败: ('Connection aborted.', RemoteDisconnected('Remote end closed connection without response'))
2025-08-23 09:46:48,009 - WARNING - ⚠️ 688622 禾信仪器 K线更新失败: ('Connection aborted.', RemoteDisconnected('Remote end closed connection without response'))
2025-08-23 09:46:48,600 - WARNING - ⚠️ 688623 双元科技 K线更新失败: ('Connection aborted.', RemoteDisconnected('Remote end closed connection without response'))
2025-08-23 09:46:49,187 - WARNING - ⚠️ 688625 呈和科技 K线更新失败: ('Connection aborted.', RemoteDisconnected('Remote end closed connection without response'))
2025-08-23 09:46:49,778 - WARNING - ⚠️ 688626 翔宇医疗 K线更新失败: ('Connection aborted.', RemoteDisconnected('Remote end closed connection without response'))
2025-08-23 09:46:50,371 - WARNING - ⚠️ 688627 精智达 K线更新失败: ('Connection aborted.', RemoteDisconnected('Remote end closed connection without response'))
2025-08-23 09:46:50,967 - WARNING - ⚠️ 688628 优利德 K线更新失败: ('Connection aborted.', RemoteDisconnected('Remote end closed connection without response'))
2025-08-23 09:46:51,551 - WARNING - ⚠️ 688629 华丰科技 K线更新失败: ('Connection aborted.', RemoteDisconnected('Remote end closed connection without response'))
2025-08-23 09:46:52,146 - WARNING - ⚠️ 688630 芯碁微装 K线更新失败: ('Connection aborted.', RemoteDisconnected('Remote end closed connection without response'))
2025-08-23 09:46:52,735 - WARNING - ⚠️ 688631 莱斯信息 K线更新失败: ('Connection aborted.', RemoteDisconnected('Remote end closed connection without response'))
2025-08-23 09:46:53,323 - WARNING - ⚠️ 688633 星球石墨 K线更新失败: ('Connection aborted.', RemoteDisconnected('Remote end closed connection without response'))
2025-08-23 09:46:53,923 - WARNING - ⚠️ 688636 智明达 K线更新失败: ('Connection aborted.', RemoteDisconnected('Remote end closed connection without response'))
2025-08-23 09:46:54,512 - WARNING - ⚠️ 688638 誉辰智能 K线更新失败: ('Connection aborted.', RemoteDisconnected('Remote end closed connection without response'))
2025-08-23 09:46:55,106 - WARNING - ⚠️ 688639 华恒生物 K线更新失败: ('Connection aborted.', RemoteDisconnected('Remote end closed connection without response'))
2025-08-23 09:46:55,690 - WARNING - ⚠️ 688646 ST逸飞 K线更新失败: ('Connection aborted.', RemoteDisconnected('Remote end closed connection without response'))
2025-08-23 09:46:56,271 - WARNING - ⚠️ 688648 中邮科技 K线更新失败: ('Connection aborted.', RemoteDisconnected('Remote end closed connection without response'))
2025-08-23 09:46:56,851 - WARNING - ⚠️ 688651 盛邦安全 K线更新失败: ('Connection aborted.', RemoteDisconnected('Remote end closed connection without response'))
2025-08-23 09:46:57,445 - WARNING - ⚠️ 688652 京仪装备 K线更新失败: ('Connection aborted.', RemoteDisconnected('Remote end closed connection without response'))
2025-08-23 09:46:58,052 - WARNING - ⚠️ 688653 康希通信 K线更新失败: ('Connection aborted.', RemoteDisconnected('Remote end closed connection without response'))
2025-08-23 09:46:58,637 - WARNING - ⚠️ 688655 迅捷兴 K线更新失败: ('Connection aborted.', RemoteDisconnected('Remote end closed connection without response'))
2025-08-23 09:46:59,226 - WARNING - ⚠️ 688656 浩欧博 K线更新失败: ('Connection aborted.', RemoteDisconnected('Remote end closed connection without response'))
2025-08-23 09:46:59,814 - WARNING - ⚠️ 688657 浩辰软件 K线更新失败: ('Connection aborted.', RemoteDisconnected('Remote end closed connection without response'))
2025-08-23 09:47:00,402 - WARNING - ⚠️ 688658 悦康药业 K线更新失败: ('Connection aborted.', RemoteDisconnected('Remote end closed connection without response'))
2025-08-23 09:47:00,989 - WARNING - ⚠️ 688659 元琛科技 K线更新失败: ('Connection aborted.', RemoteDisconnected('Remote end closed connection without response'))
2025-08-23 09:47:01,575 - WARNING - ⚠️ 688660 电气风电 K线更新失败: ('Connection aborted.', RemoteDisconnected('Remote end closed connection without response'))
2025-08-23 09:47:02,171 - WARNING - ⚠️ 688661 和林微纳 K线更新失败: ('Connection aborted.', RemoteDisconnected('Remote end closed connection without response'))
2025-08-23 09:47:02,764 - WARNING - ⚠️ 688662 富信科技 K线更新失败: ('Connection aborted.', RemoteDisconnected('Remote end closed connection without response'))
2025-08-23 09:47:03,357 - WARNING - ⚠️ 688663 新风光 K线更新失败: ('Connection aborted.', RemoteDisconnected('Remote end closed connection without response'))
2025-08-23 09:47:03,938 - WARNING - ⚠️ 688665 四方光电 K线更新失败: ('Connection aborted.', RemoteDisconnected('Remote end closed connection without response'))
2025-08-23 09:47:04,519 - WARNING - ⚠️ 688667 菱电电控 K线更新失败: ('Connection aborted.', RemoteDisconnected('Remote end closed connection without response'))
2025-08-23 09:47:05,117 - WARNING - ⚠️ 688668 鼎通科技 K线更新失败: ('Connection aborted.', RemoteDisconnected('Remote end closed connection without response'))
2025-08-23 09:47:05,710 - WARNING - ⚠️ 688669 聚石化学 K线更新失败: ('Connection aborted.', RemoteDisconnected('Remote end closed connection without response'))
2025-08-23 09:47:06,311 - WARNING - ⚠️ 688670 金迪克 K线更新失败: ('Connection aborted.', RemoteDisconnected('Remote end closed connection without response'))
2025-08-23 09:47:06,899 - WARNING - ⚠️ 688671 碧兴物联 K线更新失败: ('Connection aborted.', RemoteDisconnected('Remote end closed connection without response'))
2025-08-23 09:47:07,486 - WARNING - ⚠️ 688676 金盘科技 K线更新失败: ('Connection aborted.', RemoteDisconnected('Remote end closed connection without response'))
2025-08-23 09:47:08,074 - WARNING - ⚠️ 688677 海泰新光 K线更新失败: ('Connection aborted.', RemoteDisconnected('Remote end closed connection without response'))
2025-08-23 09:47:08,657 - WARNING - ⚠️ 688678 福立旺 K线更新失败: ('Connection aborted.', RemoteDisconnected('Remote end closed connection without response'))
2025-08-23 09:47:09,333 - INFO - 📈 已处理688679 通源环境 
2025-08-23 09:47:09,913 - WARNING - ⚠️ 688680 海优新材 K线更新失败: ('Connection aborted.', RemoteDisconnected('Remote end closed connection without response'))
2025-08-23 09:47:10,505 - WARNING - ⚠️ 688681 科汇股份 K线更新失败: ('Connection aborted.', RemoteDisconnected('Remote end closed connection without response'))
2025-08-23 09:47:11,089 - WARNING - ⚠️ 688682 霍莱沃 K线更新失败: ('Connection aborted.', RemoteDisconnected('Remote end closed connection without response'))
2025-08-23 09:47:11,678 - WARNING - ⚠️ 688683 莱尔科技 K线更新失败: ('Connection aborted.', RemoteDisconnected('Remote end closed connection without response'))
2025-08-23 09:47:12,274 - WARNING - ⚠️ 688685 迈信林 K线更新失败: ('Connection aborted.', RemoteDisconnected('Remote end closed connection without response'))
2025-08-23 09:47:12,881 - WARNING - ⚠️ 688686 奥普特 K线更新失败: ('Connection aborted.', RemoteDisconnected('Remote end closed connection without response'))
2025-08-23 09:47:13,479 - WARNING - ⚠️ 688687 凯因科技 K线更新失败: ('Connection aborted.', RemoteDisconnected('Remote end closed connection without response'))
2025-08-23 09:47:14,067 - WARNING - ⚠️ 688689 银河微电 K线更新失败: ('Connection aborted.', RemoteDisconnected('Remote end closed connection without response'))
2025-08-23 09:47:14,649 - WARNING - ⚠️ 688690 纳微科技 K线更新失败: ('Connection aborted.', RemoteDisconnected('Remote end closed connection without response'))
2025-08-23 09:47:15,249 - WARNING - ⚠️ 688691 灿芯股份 K线更新失败: ('Connection aborted.', RemoteDisconnected('Remote end closed connection without response'))
2025-08-23 09:47:15,855 - WARNING - ⚠️ 688692 达梦数据 K线更新失败: ('Connection aborted.', RemoteDisconnected('Remote end closed connection without response'))
2025-08-23 09:47:16,460 - WARNING - ⚠️ 688693 锴威特 K线更新失败: ('Connection aborted.', RemoteDisconnected('Remote end closed connection without response'))
2025-08-23 09:47:17,045 - WARNING - ⚠️ 688695 中创股份 K线更新失败: ('Connection aborted.', RemoteDisconnected('Remote end closed connection without response'))
2025-08-23 09:47:17,646 - WARNING - ⚠️ 688696 极米科技 K线更新失败: ('Connection aborted.', RemoteDisconnected('Remote end closed connection without response'))
2025-08-23 09:47:18,246 - WARNING - ⚠️ 688697 纽威数控 K线更新失败: ('Connection aborted.', RemoteDisconnected('Remote end closed connection without response'))
2025-08-23 09:47:18,833 - WARNING - ⚠️ 688698 伟创电气 K线更新失败: ('Connection aborted.', RemoteDisconnected('Remote end closed connection without response'))
2025-08-23 09:47:19,423 - WARNING - ⚠️ 688699 明微电子 K线更新失败: ('Connection aborted.', RemoteDisconnected('Remote end closed connection without response'))
2025-08-23 09:47:20,024 - WARNING - ⚠️ 688700 东威科技 K线更新失败: ('Connection aborted.', RemoteDisconnected('Remote end closed connection without response'))
2025-08-23 09:47:20,622 - WARNING - ⚠️ 688701 卓锦股份 K线更新失败: ('Connection aborted.', RemoteDisconnected('Remote end closed connection without response'))
2025-08-23 09:47:21,221 - WARNING - ⚠️ 688702 盛科通信 K线更新失败: ('Connection aborted.', RemoteDisconnected('Remote end closed connection without response'))
2025-08-23 09:47:21,813 - WARNING - ⚠️ 688707 振华新材 K线更新失败: ('Connection aborted.', RemoteDisconnected('Remote end closed connection without response'))
2025-08-23 09:47:22,406 - WARNING - ⚠️ 688708 佳驰科技 K线更新失败: ('Connection aborted.', RemoteDisconnected('Remote end closed connection without response'))
2025-08-23 09:47:22,974 - WARNING - ⚠️ 688709 成都华微 K线更新失败: ('Connection aborted.', RemoteDisconnected('Remote end closed connection without response'))
2025-08-23 09:47:23,583 - WARNING - ⚠️ 688710 益诺思 K线更新失败: ('Connection aborted.', RemoteDisconnected('Remote end closed connection without response'))
2025-08-23 09:47:24,182 - WARNING - ⚠️ 688711 宏微科技 K线更新失败: ('Connection aborted.', RemoteDisconnected('Remote end closed connection without response'))
2025-08-23 09:47:24,769 - WARNING - ⚠️ 688716 中研股份 K线更新失败: ('Connection aborted.', RemoteDisconnected('Remote end closed connection without response'))
2025-08-23 09:47:25,352 - WARNING - ⚠️ 688717 艾罗能源 K线更新失败: ('Connection aborted.', RemoteDisconnected('Remote end closed connection without response'))
2025-08-23 09:47:25,952 - WARNING - ⚠️ 688718 唯赛勃 K线更新失败: ('Connection aborted.', RemoteDisconnected('Remote end closed connection without response'))
2025-08-23 09:47:26,534 - WARNING - ⚠️ 688719 爱科赛博 K线更新失败: ('Connection aborted.', RemoteDisconnected('Remote end closed connection without response'))
2025-08-23 09:47:27,115 - WARNING - ⚠️ 688720 艾森股份 K线更新失败: ('Connection aborted.', RemoteDisconnected('Remote end closed connection without response'))
2025-08-23 09:47:27,709 - WARNING - ⚠️ 688721 龙图光罩 K线更新失败: ('Connection aborted.', RemoteDisconnected('Remote end closed connection without response'))
2025-08-23 09:47:28,306 - WARNING - ⚠️ 688722 同益中 K线更新失败: ('Connection aborted.', RemoteDisconnected('Remote end closed connection without response'))
2025-08-23 09:47:28,901 - WARNING - ⚠️ 688726 拉普拉斯 K线更新失败: ('Connection aborted.', RemoteDisconnected('Remote end closed connection without response'))
2025-08-23 09:47:29,482 - WARNING - ⚠️ 688728 格科微 K线更新失败: ('Connection aborted.', RemoteDisconnected('Remote end closed connection without response'))
2025-08-23 09:47:30,064 - WARNING - ⚠️ 688729 屹唐股份 K线更新失败: ('Connection aborted.', RemoteDisconnected('Remote end closed connection without response'))
2025-08-23 09:47:30,658 - WARNING - ⚠️ 688733 壹石通 K线更新失败: ('Connection aborted.', RemoteDisconnected('Remote end closed connection without response'))
2025-08-23 09:47:31,262 - WARNING - ⚠️ 688737 中自科技 K线更新失败: ('Connection aborted.', RemoteDisconnected('Remote end closed connection without response'))
2025-08-23 09:47:31,858 - WARNING - ⚠️ 688739 成大生物 K线更新失败: ('Connection aborted.', RemoteDisconnected('Remote end closed connection without response'))
2025-08-23 09:47:32,449 - WARNING - ⚠️ 688750 金天钛业 K线更新失败: ('Connection aborted.', RemoteDisconnected('Remote end closed connection without response'))
2025-08-23 09:47:33,055 - WARNING - ⚠️ 688755 汉邦科技 K线更新失败: ('Connection aborted.', RemoteDisconnected('Remote end closed connection without response'))
2025-08-23 09:47:33,659 - WARNING - ⚠️ 688757 胜科纳米 K线更新失败: ('Connection aborted.', RemoteDisconnected('Remote end closed connection without response'))
2025-08-23 09:47:34,260 - WARNING - ⚠️ 688758 赛分科技 K线更新失败: ('Connection aborted.', RemoteDisconnected('Remote end closed connection without response'))
2025-08-23 09:47:34,861 - WARNING - ⚠️ 688766 普冉股份 K线更新失败: ('Connection aborted.', RemoteDisconnected('Remote end closed connection without response'))
2025-08-23 09:47:35,452 - WARNING - ⚠️ 688767 博拓生物 K线更新失败: ('Connection aborted.', RemoteDisconnected('Remote end closed connection without response'))
2025-08-23 09:47:36,062 - WARNING - ⚠️ 688768 容知日新 K线更新失败: ('Connection aborted.', RemoteDisconnected('Remote end closed connection without response'))
2025-08-23 09:47:36,653 - WARNING - ⚠️ 688772 珠海冠宇 K线更新失败: ('Connection aborted.', RemoteDisconnected('Remote end closed connection without response'))
2025-08-23 09:47:37,239 - WARNING - ⚠️ 688775 影石创新 K线更新失败: ('Connection aborted.', RemoteDisconnected('Remote end closed connection without response'))
2025-08-23 09:47:37,843 - WARNING - ⚠️ 688776 国光电气 K线更新失败: ('Connection aborted.', RemoteDisconnected('Remote end closed connection without response'))
2025-08-23 09:47:38,439 - WARNING - ⚠️ 688777 中控技术 K线更新失败: ('Connection aborted.', RemoteDisconnected('Remote end closed connection without response'))
2025-08-23 09:47:39,031 - WARNING - ⚠️ 688778 厦钨新能 K线更新失败: ('Connection aborted.', RemoteDisconnected('Remote end closed connection without response'))
2025-08-23 09:47:39,619 - WARNING - ⚠️ 688779 五矿新能 K线更新失败: ('Connection aborted.', RemoteDisconnected('Remote end closed connection without response'))
2025-08-23 09:47:40,253 - WARNING - ⚠️ 688786 悦安新材 K线更新失败: ('Connection aborted.', RemoteDisconnected('Remote end closed connection without response'))
2025-08-23 09:47:40,859 - WARNING - ⚠️ 688787 海天瑞声 K线更新失败: ('Connection aborted.', RemoteDisconnected('Remote end closed connection without response'))
2025-08-23 09:47:41,453 - WARNING - ⚠️ 688788 科思科技 K线更新失败: ('Connection aborted.', RemoteDisconnected('Remote end closed connection without response'))
2025-08-23 09:47:42,043 - WARNING - ⚠️ 688789 宏华数科 K线更新失败: ('Connection aborted.', RemoteDisconnected('Remote end closed connection without response'))
2025-08-23 09:47:42,637 - WARNING - ⚠️ 688793 倍轻松 K线更新失败: ('Connection aborted.', RemoteDisconnected('Remote end closed connection without response'))
2025-08-23 09:47:43,219 - WARNING - ⚠️ 688798 艾为电子 K线更新失败: ('Connection aborted.', RemoteDisconnected('Remote end closed connection without response'))
2025-08-23 09:47:43,815 - WARNING - ⚠️ 688799 华纳药厂 K线更新失败: ('Connection aborted.', RemoteDisconnected('Remote end closed connection without response'))
2025-08-23 09:47:44,394 - WARNING - ⚠️ 688800 瑞可达 K线更新失败: ('Connection aborted.', RemoteDisconnected('Remote end closed connection without response'))
2025-08-23 09:47:44,990 - WARNING - ⚠️ 688819 天能股份 K线更新失败: ('Connection aborted.', RemoteDisconnected('Remote end closed connection without response'))
2025-08-23 09:47:45,587 - WARNING - ⚠️ 688981 中芯国际 K线更新失败: ('Connection aborted.', RemoteDisconnected('Remote end closed connection without response'))
2025-08-23 09:47:46,179 - WARNING - ⚠️ 689009 九号公司-WD K线更新失败: ('Connection aborted.', RemoteDisconnected('Remote end closed connection without response'))
2025-08-23 09:47:46,774 - WARNING - ⚠️ 830779 武汉蓝电 K线更新失败: ('Connection aborted.', RemoteDisconnected('Remote end closed connection without response'))
2025-08-23 09:47:47,356 - WARNING - ⚠️ 830809 安达科技 K线更新失败: ('Connection aborted.', RemoteDisconnected('Remote end closed connection without response'))
2025-08-23 09:47:47,959 - WARNING - ⚠️ 830832 齐鲁华信 K线更新失败: ('Connection aborted.', RemoteDisconnected('Remote end closed connection without response'))
2025-08-23 09:47:48,553 - WARNING - ⚠️ 830839 万通液压 K线更新失败: ('Connection aborted.', RemoteDisconnected('Remote end closed connection without response'))
2025-08-23 09:47:49,135 - WARNING - ⚠️ 830879 基康技术 K线更新失败: ('Connection aborted.', RemoteDisconnected('Remote end closed connection without response'))
2025-08-23 09:47:49,718 - WARNING - ⚠️ 830896 旺成科技 K线更新失败: ('Connection aborted.', RemoteDisconnected('Remote end closed connection without response'))
2025-08-23 09:47:50,314 - WARNING - ⚠️ 830946 森萱医药 K线更新失败: ('Connection aborted.', RemoteDisconnected('Remote end closed connection without response'))
2025-08-23 09:47:50,898 - WARNING - ⚠️ 830964 润农节水 K线更新失败: ('Connection aborted.', RemoteDisconnected('Remote end closed connection without response'))
2025-08-23 09:47:51,484 - WARNING - ⚠️ 830974 凯大催化 K线更新失败: ('Connection aborted.', RemoteDisconnected('Remote end closed connection without response'))
2025-08-23 09:47:52,076 - WARNING - ⚠️ 831010 凯添燃气 K线更新失败: ('Connection aborted.', RemoteDisconnected('Remote end closed connection without response'))
2025-08-23 09:47:52,677 - WARNING - ⚠️ 831039 国义招标 K线更新失败: ('Connection aborted.', RemoteDisconnected('Remote end closed connection without response'))
2025-08-23 09:47:53,278 - WARNING - ⚠️ 831087 秋乐种业 K线更新失败: ('Connection aborted.', RemoteDisconnected('Remote end closed connection without response'))
2025-08-23 09:47:53,869 - WARNING - ⚠️ 831152 昆工科技 K线更新失败: ('Connection aborted.', RemoteDisconnected('Remote end closed connection without response'))
2025-08-23 09:47:54,457 - WARNING - ⚠️ 831167 鑫汇科 K线更新失败: ('Connection aborted.', RemoteDisconnected('Remote end closed connection without response'))
2025-08-23 09:47:55,056 - WARNING - ⚠️ 831175 派诺科技 K线更新失败: ('Connection aborted.', RemoteDisconnected('Remote end closed connection without response'))
2025-08-23 09:47:55,637 - WARNING - ⚠️ 831195 三祥科技 K线更新失败: ('Connection aborted.', RemoteDisconnected('Remote end closed connection without response'))
2025-08-23 09:47:56,238 - WARNING - ⚠️ 831278 泰德股份 K线更新失败: ('Connection aborted.', RemoteDisconnected('Remote end closed connection without response'))
2025-08-23 09:47:56,843 - WARNING - ⚠️ 831304 迪尔化工 K线更新失败: ('Connection aborted.', RemoteDisconnected('Remote end closed connection without response'))
2025-08-23 09:47:57,422 - WARNING - ⚠️ 831305 海希通讯 K线更新失败: ('Connection aborted.', RemoteDisconnected('Remote end closed connection without response'))
2025-08-23 09:47:58,036 - WARNING - ⚠️ 831370 新安洁 K线更新失败: ('Connection aborted.', RemoteDisconnected('Remote end closed connection without response'))
2025-08-23 09:47:58,637 - WARNING - ⚠️ 831396 许昌智能 K线更新失败: ('Connection aborted.', RemoteDisconnected('Remote end closed connection without response'))
2025-08-23 09:47:59,256 - WARNING - ⚠️ 831526 凯华材料 K线更新失败: ('Connection aborted.', RemoteDisconnected('Remote end closed connection without response'))
2025-08-23 09:47:59,873 - WARNING - ⚠️ 831627 力王股份 K线更新失败: ('Connection aborted.', RemoteDisconnected('Remote end closed connection without response'))
2025-08-23 09:48:00,482 - WARNING - ⚠️ 831641 格利尔 K线更新失败: ('Connection aborted.', RemoteDisconnected('Remote end closed connection without response'))
2025-08-23 09:48:01,082 - WARNING - ⚠️ 831689 克莱特 K线更新失败: ('Connection aborted.', RemoteDisconnected('Remote end closed connection without response'))
2025-08-23 09:48:01,691 - WARNING - ⚠️ 831726 朱老六 K线更新失败: ('Connection aborted.', RemoteDisconnected('Remote end closed connection without response'))
2025-08-23 09:48:02,296 - WARNING - ⚠️ 831768 拾比佰 K线更新失败: ('Connection aborted.', RemoteDisconnected('Remote end closed connection without response'))
2025-08-23 09:48:02,898 - WARNING - ⚠️ 831832 科达自控 K线更新失败: ('Connection aborted.', RemoteDisconnected('Remote end closed connection without response'))
2025-08-23 09:48:03,497 - WARNING - ⚠️ 831834 三维装备 K线更新失败: ('Connection aborted.', RemoteDisconnected('Remote end closed connection without response'))
2025-08-23 09:48:04,109 - WARNING - ⚠️ 831855 浙江大农 K线更新失败: ('Connection aborted.', RemoteDisconnected('Remote end closed connection without response'))
2025-08-23 09:48:04,721 - WARNING - ⚠️ 831856 浩淼科技 K线更新失败: ('Connection aborted.', RemoteDisconnected('Remote end closed connection without response'))
2025-08-23 09:48:05,323 - WARNING - ⚠️ 831906 舜宇精工 K线更新失败: ('Connection aborted.', RemoteDisconnected('Remote end closed connection without response'))
2025-08-23 09:48:05,922 - WARNING - ⚠️ 831961 创远信科 K线更新失败: ('Connection aborted.', RemoteDisconnected('Remote end closed connection without response'))
2025-08-23 09:48:06,533 - WARNING - ⚠️ 832000 安徽凤凰 K线更新失败: ('Connection aborted.', RemoteDisconnected('Remote end closed connection without response'))
2025-08-23 09:48:07,134 - WARNING - ⚠️ 832023 田野股份 K线更新失败: ('Connection aborted.', RemoteDisconnected('Remote end closed connection without response'))
2025-08-23 09:48:07,737 - WARNING - ⚠️ 832089 禾昌聚合 K线更新失败: ('Connection aborted.', RemoteDisconnected('Remote end closed connection without response'))
2025-08-23 09:48:08,353 - WARNING - ⚠️ 832110 雷特科技 K线更新失败: ('Connection aborted.', RemoteDisconnected('Remote end closed connection without response'))
2025-08-23 09:48:08,950 - WARNING - ⚠️ 832145 恒合股份 K线更新失败: ('Connection aborted.', RemoteDisconnected('Remote end closed connection without response'))
2025-08-23 09:48:09,547 - WARNING - ⚠️ 832149 利尔达 K线更新失败: ('Connection aborted.', RemoteDisconnected('Remote end closed connection without response'))
2025-08-23 09:48:10,156 - WARNING - ⚠️ 832171 志晟信息 K线更新失败: ('Connection aborted.', RemoteDisconnected('Remote end closed connection without response'))
2025-08-23 09:48:10,769 - WARNING - ⚠️ 832175 东方碳素 K线更新失败: ('Connection aborted.', RemoteDisconnected('Remote end closed connection without response'))
2025-08-23 09:48:11,377 - WARNING - ⚠️ 832225 利通科技 K线更新失败: ('Connection aborted.', RemoteDisconnected('Remote end closed connection without response'))
2025-08-23 09:48:11,968 - WARNING - ⚠️ 832278 鹿得医疗 K线更新失败: ('Connection aborted.', RemoteDisconnected('Remote end closed connection without response'))
2025-08-23 09:48:12,554 - WARNING - ⚠️ 832317 观典防务 K线更新失败: ('Connection aborted.', RemoteDisconnected('Remote end closed connection without response'))
2025-08-23 09:48:13,151 - WARNING - ⚠️ 832419 路斯股份 K线更新失败: ('Connection aborted.', RemoteDisconnected('Remote end closed connection without response'))
2025-08-23 09:48:13,760 - WARNING - ⚠️ 832469 富恒新材 K线更新失败: ('Connection aborted.', RemoteDisconnected('Remote end closed connection without response'))
2025-08-23 09:48:14,378 - WARNING - ⚠️ 832471 美邦科技 K线更新失败: ('Connection aborted.', RemoteDisconnected('Remote end closed connection without response'))
2025-08-23 09:48:14,970 - WARNING - ⚠️ 832491 奥迪威 K线更新失败: ('Connection aborted.', RemoteDisconnected('Remote end closed connection without response'))
2025-08-23 09:48:15,585 - WARNING - ⚠️ 832522 纳科诺尔 K线更新失败: ('Connection aborted.', RemoteDisconnected('Remote end closed connection without response'))
2025-08-23 09:48:16,200 - WARNING - ⚠️ 832566 梓橦宫 K线更新失败: ('Connection aborted.', RemoteDisconnected('Remote end closed connection without response'))
2025-08-23 09:48:16,806 - WARNING - ⚠️ 832651 天罡股份 K线更新失败: ('Connection aborted.', RemoteDisconnected('Remote end closed connection without response'))
2025-08-23 09:48:17,423 - WARNING - ⚠️ 832662 方盛股份 K线更新失败: ('Connection aborted.', RemoteDisconnected('Remote end closed connection without response'))
2025-08-23 09:48:18,019 - WARNING - ⚠️ 832735 德源药业 K线更新失败: ('Connection aborted.', RemoteDisconnected('Remote end closed connection without response'))
2025-08-23 09:48:18,616 - WARNING - ⚠️ 832786 骑士乳业 K线更新失败: ('Connection aborted.', RemoteDisconnected('Remote end closed connection without response'))
2025-08-23 09:48:19,218 - WARNING - ⚠️ 832802 保丽洁 K线更新失败: ('Connection aborted.', RemoteDisconnected('Remote end closed connection without response'))
2025-08-23 09:48:19,822 - WARNING - ⚠️ 832876 慧为智能 K线更新失败: ('Connection aborted.', RemoteDisconnected('Remote end closed connection without response'))
2025-08-23 09:48:20,440 - WARNING - ⚠️ 832885 星辰科技 K线更新失败: ('Connection aborted.', RemoteDisconnected('Remote end closed connection without response'))
2025-08-23 09:48:21,054 - WARNING - ⚠️ 832978 开特股份 K线更新失败: ('Connection aborted.', RemoteDisconnected('Remote end closed connection without response'))
2025-08-23 09:48:21,653 - WARNING - ⚠️ 832982 锦波生物 K线更新失败: ('Connection aborted.', RemoteDisconnected('Remote end closed connection without response'))
2025-08-23 09:48:22,267 - WARNING - ⚠️ 833030 立方控股 K线更新失败: ('Connection aborted.', RemoteDisconnected('Remote end closed connection without response'))
2025-08-23 09:48:22,870 - WARNING - ⚠️ 833075 柏星龙 K线更新失败: ('Connection aborted.', RemoteDisconnected('Remote end closed connection without response'))
2025-08-23 09:48:23,500 - WARNING - ⚠️ 833171 国航远洋 K线更新失败: ('Connection aborted.', RemoteDisconnected('Remote end closed connection without response'))
2025-08-23 09:48:24,102 - WARNING - ⚠️ 833230 欧康医药 K线更新失败: ('Connection aborted.', RemoteDisconnected('Remote end closed connection without response'))
2025-08-23 09:48:24,702 - WARNING - ⚠️ 833266 生物谷 K线更新失败: ('Connection aborted.', RemoteDisconnected('Remote end closed connection without response'))
2025-08-23 09:48:25,317 - WARNING - ⚠️ 833284 灵鸽科技 K线更新失败: ('Connection aborted.', RemoteDisconnected('Remote end closed connection without response'))
2025-08-23 09:48:25,919 - WARNING - ⚠️ 833346 威贸电子 K线更新失败: ('Connection aborted.', RemoteDisconnected('Remote end closed connection without response'))
2025-08-23 09:48:26,536 - WARNING - ⚠️ 833394 民士达 K线更新失败: ('Connection aborted.', RemoteDisconnected('Remote end closed connection without response'))
2025-08-23 09:48:27,138 - WARNING - ⚠️ 833427 华维设计 K线更新失败: ('Connection aborted.', RemoteDisconnected('Remote end closed connection without response'))
2025-08-23 09:48:27,736 - WARNING - ⚠️ 833429 康比特 K线更新失败: ('Connection aborted.', RemoteDisconnected('Remote end closed connection without response'))
2025-08-23 09:48:28,351 - WARNING - ⚠️ 833454 同心传动 K线更新失败: ('Connection aborted.', RemoteDisconnected('Remote end closed connection without response'))
2025-08-23 09:48:28,954 - WARNING - ⚠️ 833455 汇隆活塞 K线更新失败: ('Connection aborted.', RemoteDisconnected('Remote end closed connection without response'))
2025-08-23 09:48:29,552 - WARNING - ⚠️ 833509 同惠电子 K线更新失败: ('Connection aborted.', RemoteDisconnected('Remote end closed connection without response'))
2025-08-23 09:48:30,154 - WARNING - ⚠️ 833523 德瑞锂电 K线更新失败: ('Connection aborted.', RemoteDisconnected('Remote end closed connection without response'))
2025-08-23 09:48:30,759 - WARNING - ⚠️ 833533 骏创科技 K线更新失败: ('Connection aborted.', RemoteDisconnected('Remote end closed connection without response'))
2025-08-23 09:48:31,355 - WARNING - ⚠️ 833575 康乐卫士 K线更新失败: ('Connection aborted.', RemoteDisconnected('Remote end closed connection without response'))
2025-08-23 09:48:31,968 - WARNING - ⚠️ 833580 科创新材 K线更新失败: ('Connection aborted.', RemoteDisconnected('Remote end closed connection without response'))
2025-08-23 09:48:32,571 - WARNING - ⚠️ 833751 惠同新材 K线更新失败: ('Connection aborted.', RemoteDisconnected('Remote end closed connection without response'))
2025-08-23 09:48:33,181 - WARNING - ⚠️ 833781 瑞奇智造 K线更新失败: ('Connection aborted.', RemoteDisconnected('Remote end closed connection without response'))
2025-08-23 09:48:33,772 - WARNING - ⚠️ 833873 中设咨询 K线更新失败: ('Connection aborted.', RemoteDisconnected('Remote end closed connection without response'))
2025-08-23 09:48:34,387 - WARNING - ⚠️ 833874 泰祥股份 K线更新失败: ('Connection aborted.', RemoteDisconnected('Remote end closed connection without response'))
2025-08-23 09:48:34,996 - WARNING - ⚠️ 833914 远航精密 K线更新失败: ('Connection aborted.', RemoteDisconnected('Remote end closed connection without response'))
2025-08-23 09:48:35,605 - WARNING - ⚠️ 833943 优机股份 K线更新失败: ('Connection aborted.', RemoteDisconnected('Remote end closed connection without response'))
2025-08-23 09:48:36,205 - WARNING - ⚠️ 833994 翰博高新 K线更新失败: ('Connection aborted.', RemoteDisconnected('Remote end closed connection without response'))
2025-08-23 09:48:36,815 - WARNING - ⚠️ 834014 特瑞斯 K线更新失败: ('Connection aborted.', RemoteDisconnected('Remote end closed connection without response'))
2025-08-23 09:48:37,420 - WARNING - ⚠️ 834021 流金科技 K线更新失败: ('Connection aborted.', RemoteDisconnected('Remote end closed connection without response'))
2025-08-23 09:48:38,047 - WARNING - ⚠️ 834033 康普化学 K线更新失败: ('Connection aborted.', RemoteDisconnected('Remote end closed connection without response'))
2025-08-23 09:48:38,650 - WARNING - ⚠️ 834058 华洋赛车 K线更新失败: ('Connection aborted.', RemoteDisconnected('Remote end closed connection without response'))
2025-08-23 09:48:39,263 - WARNING - ⚠️ 834062 科润智控 K线更新失败: ('Connection aborted.', RemoteDisconnected('Remote end closed connection without response'))
2025-08-23 09:48:39,871 - WARNING - ⚠️ 834261 一诺威 K线更新失败: ('Connection aborted.', RemoteDisconnected('Remote end closed connection without response'))
2025-08-23 09:48:40,472 - WARNING - ⚠️ 834407 驰诚股份 K线更新失败: ('Connection aborted.', RemoteDisconnected('Remote end closed connection without response'))
2025-08-23 09:48:41,088 - WARNING - ⚠️ 834415 恒拓开源 K线更新失败: ('Connection aborted.', RemoteDisconnected('Remote end closed connection without response'))
2025-08-23 09:48:41,688 - WARNING - ⚠️ 834475 三友科技 K线更新失败: ('Connection aborted.', RemoteDisconnected('Remote end closed connection without response'))
2025-08-23 09:48:42,300 - WARNING - ⚠️ 834599 同力股份 K线更新失败: ('Connection aborted.', RemoteDisconnected('Remote end closed connection without response'))
2025-08-23 09:48:42,902 - WARNING - ⚠️ 834639 晨光电缆 K线更新失败: ('Connection aborted.', RemoteDisconnected('Remote end closed connection without response'))
2025-08-23 09:48:43,516 - WARNING - ⚠️ 834765 美之高 K线更新失败: ('Connection aborted.', RemoteDisconnected('Remote end closed connection without response'))
2025-08-23 09:48:44,120 - WARNING - ⚠️ 834770 艾能聚 K线更新失败: ('Connection aborted.', RemoteDisconnected('Remote end closed connection without response'))
2025-08-23 09:48:44,723 - WARNING - ⚠️ 834950 迅安科技 K线更新失败: ('Connection aborted.', RemoteDisconnected('Remote end closed connection without response'))
2025-08-23 09:48:45,336 - WARNING - ⚠️ 835174 五新隧装 K线更新失败: ('Connection aborted.', RemoteDisconnected('Remote end closed connection without response'))
2025-08-23 09:48:45,949 - WARNING - ⚠️ 835179 凯德石英 K线更新失败: ('Connection aborted.', RemoteDisconnected('Remote end closed connection without response'))
2025-08-23 09:48:46,570 - WARNING - ⚠️ 835184 国源科技 K线更新失败: ('Connection aborted.', RemoteDisconnected('Remote end closed connection without response'))
2025-08-23 09:48:47,188 - WARNING - ⚠️ 835185 贝特瑞 K线更新失败: ('Connection aborted.', RemoteDisconnected('Remote end closed connection without response'))
2025-08-23 09:48:47,787 - WARNING - ⚠️ 835207 众诚科技 K线更新失败: ('Connection aborted.', RemoteDisconnected('Remote end closed connection without response'))
2025-08-23 09:48:48,405 - WARNING - ⚠️ 835237 力佳科技 K线更新失败: ('Connection aborted.', RemoteDisconnected('Remote end closed connection without response'))
2025-08-23 09:48:49,004 - WARNING - ⚠️ 835305 *ST云创 K线更新失败: ('Connection aborted.', RemoteDisconnected('Remote end closed connection without response'))
2025-08-23 09:48:49,605 - WARNING - ⚠️ 835368 连城数控 K线更新失败: ('Connection aborted.', RemoteDisconnected('Remote end closed connection without response'))
2025-08-23 09:48:50,205 - WARNING - ⚠️ 835438 戈碧迦 K线更新失败: ('Connection aborted.', RemoteDisconnected('Remote end closed connection without response'))
2025-08-23 09:48:50,813 - WARNING - ⚠️ 835508 殷图网联 K线更新失败: ('Connection aborted.', RemoteDisconnected('Remote end closed connection without response'))
2025-08-23 09:48:51,409 - WARNING - ⚠️ 835579 机科股份 K线更新失败: ('Connection aborted.', RemoteDisconnected('Remote end closed connection without response'))
2025-08-23 09:48:52,017 - WARNING - ⚠️ 835640 富士达 K线更新失败: ('Connection aborted.', RemoteDisconnected('Remote end closed connection without response'))
2025-08-23 09:48:52,622 - WARNING - ⚠️ 835670 数字人 K线更新失败: ('Connection aborted.', RemoteDisconnected('Remote end closed connection without response'))
2025-08-23 09:48:53,229 - WARNING - ⚠️ 835857 百甲科技 K线更新失败: ('Connection aborted.', RemoteDisconnected('Remote end closed connection without response'))
2025-08-23 09:48:53,827 - WARNING - ⚠️ 835892 中科美菱 K线更新失败: ('Connection aborted.', RemoteDisconnected('Remote end closed connection without response'))
2025-08-23 09:48:54,427 - WARNING - ⚠️ 835985 海泰新能 K线更新失败: ('Connection aborted.', RemoteDisconnected('Remote end closed connection without response'))
2025-08-23 09:48:55,036 - WARNING - ⚠️ 836077 吉林碳谷 K线更新失败: ('Connection aborted.', RemoteDisconnected('Remote end closed connection without response'))
2025-08-23 09:48:55,657 - WARNING - ⚠️ 836149 旭杰科技 K线更新失败: ('Connection aborted.', RemoteDisconnected('Remote end closed connection without response'))
2025-08-23 09:48:56,272 - WARNING - ⚠️ 836208 青矩技术 K线更新失败: ('Connection aborted.', RemoteDisconnected('Remote end closed connection without response'))
2025-08-23 09:48:56,894 - WARNING - ⚠️ 836221 易实精密 K线更新失败: ('Connection aborted.', RemoteDisconnected('Remote end closed connection without response'))
2025-08-23 09:48:57,493 - WARNING - ⚠️ 836239 长虹能源 K线更新失败: ('Connection aborted.', RemoteDisconnected('Remote end closed connection without response'))
2025-08-23 09:48:58,100 - WARNING - ⚠️ 836247 华密新材 K线更新失败: ('Connection aborted.', RemoteDisconnected('Remote end closed connection without response'))
2025-08-23 09:48:58,713 - WARNING - ⚠️ 836260 中寰股份 K线更新失败: ('Connection aborted.', RemoteDisconnected('Remote end closed connection without response'))
2025-08-23 09:48:59,320 - WARNING - ⚠️ 836263 中航泰达 K线更新失败: ('Connection aborted.', RemoteDisconnected('Remote end closed connection without response'))
2025-08-23 09:48:59,931 - WARNING - ⚠️ 836270 天铭科技 K线更新失败: ('Connection aborted.', RemoteDisconnected('Remote end closed connection without response'))
2025-08-23 09:49:00,529 - WARNING - ⚠️ 836395 朗鸿科技 K线更新失败: ('Connection aborted.', RemoteDisconnected('Remote end closed connection without response'))
2025-08-23 09:49:01,141 - WARNING - ⚠️ 836414 欧普泰 K线更新失败: ('Connection aborted.', RemoteDisconnected('Remote end closed connection without response'))
2025-08-23 09:49:01,749 - WARNING - ⚠️ 836419 万德股份 K线更新失败: ('Connection aborted.', RemoteDisconnected('Remote end closed connection without response'))
2025-08-23 09:49:02,351 - WARNING - ⚠️ 836422 润普食品 K线更新失败: ('Connection aborted.', RemoteDisconnected('Remote end closed connection without response'))
2025-08-23 09:49:02,965 - WARNING - ⚠️ 836433 大唐药业 K线更新失败: ('Connection aborted.', RemoteDisconnected('Remote end closed connection without response'))
2025-08-23 09:49:03,568 - WARNING - ⚠️ 836504 博迅生物 K线更新失败: ('Connection aborted.', RemoteDisconnected('Remote end closed connection without response'))
2025-08-23 09:49:04,188 - WARNING - ⚠️ 836547 无锡晶海 K线更新失败: ('Connection aborted.', RemoteDisconnected('Remote end closed connection without response'))
2025-08-23 09:49:04,822 - WARNING - ⚠️ 836675 秉扬科技 K线更新失败: ('Connection aborted.', RemoteDisconnected('Remote end closed connection without response'))
2025-08-23 09:49:05,434 - WARNING - ⚠️ 836699 海达尔 K线更新失败: ('Connection aborted.', RemoteDisconnected('Remote end closed connection without response'))
2025-08-23 09:49:06,052 - WARNING - ⚠️ 836717 瑞星股份 K线更新失败: ('Connection aborted.', RemoteDisconnected('Remote end closed connection without response'))
2025-08-23 09:49:06,652 - WARNING - ⚠️ 836720 吉冈精密 K线更新失败: ('Connection aborted.', RemoteDisconnected('Remote end closed connection without response'))
2025-08-23 09:49:07,262 - WARNING - ⚠️ 836807 奔朗新材 K线更新失败: ('Connection aborted.', RemoteDisconnected('Remote end closed connection without response'))
2025-08-23 09:49:07,854 - WARNING - ⚠️ 836826 盖世食品 K线更新失败: ('Connection aborted.', RemoteDisconnected('Remote end closed connection without response'))
2025-08-23 09:49:08,469 - WARNING - ⚠️ 836871 派特尔 K线更新失败: ('Connection aborted.', RemoteDisconnected('Remote end closed connection without response'))
2025-08-23 09:49:09,085 - WARNING - ⚠️ 836892 广咨国际 K线更新失败: ('Connection aborted.', RemoteDisconnected('Remote end closed connection without response'))
2025-08-23 09:49:09,702 - WARNING - ⚠️ 836942 恒立钻具 K线更新失败: ('Connection aborted.', RemoteDisconnected('Remote end closed connection without response'))
2025-08-23 09:49:10,316 - WARNING - ⚠️ 836957 汉维科技 K线更新失败: ('Connection aborted.', RemoteDisconnected('Remote end closed connection without response'))
2025-08-23 09:49:10,919 - WARNING - ⚠️ 836961 西磁科技 K线更新失败: ('Connection aborted.', RemoteDisconnected('Remote end closed connection without response'))
2025-08-23 09:49:11,536 - WARNING - ⚠️ 837006 晟楠科技 K线更新失败: ('Connection aborted.', RemoteDisconnected('Remote end closed connection without response'))
2025-08-23 09:49:12,146 - WARNING - ⚠️ 837023 芭薇股份 K线更新失败: ('Connection aborted.', RemoteDisconnected('Remote end closed connection without response'))
2025-08-23 09:49:12,752 - WARNING - ⚠️ 837046 亿能电力 K线更新失败: ('Connection aborted.', RemoteDisconnected('Remote end closed connection without response'))
2025-08-23 09:49:13,370 - WARNING - ⚠️ 837092 汉鑫科技 K线更新失败: ('Connection aborted.', RemoteDisconnected('Remote end closed connection without response'))
2025-08-23 09:49:13,969 - WARNING - ⚠️ 837174 宏裕包材 K线更新失败: ('Connection aborted.', RemoteDisconnected('Remote end closed connection without response'))
2025-08-23 09:49:14,568 - WARNING - ⚠️ 837212 智新电子 K线更新失败: ('Connection aborted.', RemoteDisconnected('Remote end closed connection without response'))
2025-08-23 09:49:15,201 - WARNING - ⚠️ 837242 建邦科技 K线更新失败: ('Connection aborted.', RemoteDisconnected('Remote end closed connection without response'))
2025-08-23 09:49:15,836 - WARNING - ⚠️ 837344 三元基因 K线更新失败: ('Connection aborted.', RemoteDisconnected('Remote end closed connection without response'))
2025-08-23 09:49:16,453 - WARNING - ⚠️ 837403 康农种业 K线更新失败: ('Connection aborted.', RemoteDisconnected('Remote end closed connection without response'))
2025-08-23 09:49:17,066 - WARNING - ⚠️ 837592 华信永道 K线更新失败: ('Connection aborted.', RemoteDisconnected('Remote end closed connection without response'))
2025-08-23 09:49:17,681 - WARNING - ⚠️ 837663 明阳科技 K线更新失败: ('Connection aborted.', RemoteDisconnected('Remote end closed connection without response'))
2025-08-23 09:49:18,298 - WARNING - ⚠️ 837748 路桥信息 K线更新失败: ('Connection aborted.', RemoteDisconnected('Remote end closed connection without response'))
2025-08-23 09:49:18,913 - WARNING - ⚠️ 837821 则成电子 K线更新失败: ('Connection aborted.', RemoteDisconnected('Remote end closed connection without response'))
2025-08-23 09:49:19,523 - WARNING - ⚠️ 838030 德众汽车 K线更新失败: ('Connection aborted.', RemoteDisconnected('Remote end closed connection without response'))
2025-08-23 09:49:20,136 - WARNING - ⚠️ 838163 方大新材 K线更新失败: ('Connection aborted.', RemoteDisconnected('Remote end closed connection without response'))
2025-08-23 09:49:20,748 - WARNING - ⚠️ 838171 邦德股份 K线更新失败: ('Connection aborted.', RemoteDisconnected('Remote end closed connection without response'))
2025-08-23 09:49:21,362 - WARNING - ⚠️ 838227 美登科技 K线更新失败: ('Connection aborted.', RemoteDisconnected('Remote end closed connection without response'))
2025-08-23 09:49:21,978 - WARNING - ⚠️ 838262 太湖雪 K线更新失败: ('Connection aborted.', RemoteDisconnected('Remote end closed connection without response'))
2025-08-23 09:49:22,604 - WARNING - ⚠️ 838275 驱动力 K线更新失败: ('Connection aborted.', RemoteDisconnected('Remote end closed connection without response'))
2025-08-23 09:49:23,236 - WARNING - ⚠️ 838402 硅烷科技 K线更新失败: ('Connection aborted.', RemoteDisconnected('Remote end closed connection without response'))
2025-08-23 09:49:23,869 - WARNING - ⚠️ 838670 恒进感应 K线更新失败: ('Connection aborted.', RemoteDisconnected('Remote end closed connection without response'))
2025-08-23 09:49:24,486 - WARNING - ⚠️ 838701 豪声电子 K线更新失败: ('Connection aborted.', RemoteDisconnected('Remote end closed connection without response'))
2025-08-23 09:49:25,116 - WARNING - ⚠️ 838810 春光智能 K线更新失败: ('Connection aborted.', RemoteDisconnected('Remote end closed connection without response'))
2025-08-23 09:49:25,734 - WARNING - ⚠️ 838837 华原股份 K线更新失败: ('Connection aborted.', RemoteDisconnected('Remote end closed connection without response'))
2025-08-23 09:49:26,351 - WARNING - ⚠️ 838924 广脉科技 K线更新失败: ('Connection aborted.', RemoteDisconnected('Remote end closed connection without response'))
2025-08-23 09:49:26,981 - WARNING - ⚠️ 838971 天马新材 K线更新失败: ('Connection aborted.', RemoteDisconnected('Remote end closed connection without response'))
2025-08-23 09:49:27,603 - WARNING - ⚠️ 839273 一致魔芋 K线更新失败: ('Connection aborted.', RemoteDisconnected('Remote end closed connection without response'))
2025-08-23 09:49:28,230 - WARNING - ⚠️ 839371 欧福蛋业 K线更新失败: ('Connection aborted.', RemoteDisconnected('Remote end closed connection without response'))
2025-08-23 09:49:28,849 - WARNING - ⚠️ 839493 并行科技 K线更新失败: ('Connection aborted.', RemoteDisconnected('Remote end closed connection without response'))
2025-08-23 09:49:29,463 - WARNING - ⚠️ 839680 *ST广道 K线更新失败: ('Connection aborted.', RemoteDisconnected('Remote end closed connection without response'))
2025-08-23 09:49:30,126 - WARNING - ⚠️ 839719 宁新新材 K线更新失败: ('Connection aborted.', RemoteDisconnected('Remote end closed connection without response'))
2025-08-23 09:49:30,768 - WARNING - ⚠️ 839725 惠丰钻石 K线更新失败: ('Connection aborted.', RemoteDisconnected('Remote end closed connection without response'))
2025-08-23 09:49:31,385 - WARNING - ⚠️ 839729 永顺生物 K线更新失败: ('Connection aborted.', RemoteDisconnected('Remote end closed connection without response'))
2025-08-23 09:49:32,002 - WARNING - ⚠️ 839790 联迪信息 K线更新失败: ('Connection aborted.', RemoteDisconnected('Remote end closed connection without response'))
2025-08-23 09:49:32,620 - WARNING - ⚠️ 839792 东和新材 K线更新失败: ('Connection aborted.', RemoteDisconnected('Remote end closed connection without response'))
2025-08-23 09:49:33,233 - WARNING - ⚠️ 839946 华阳变速 K线更新失败: ('Connection aborted.', RemoteDisconnected('Remote end closed connection without response'))
2025-08-23 09:49:33,858 - WARNING - ⚠️ 870199 倍益康 K线更新失败: ('Connection aborted.', RemoteDisconnected('Remote end closed connection without response'))
2025-08-23 09:49:34,466 - WARNING - ⚠️ 870204 沪江材料 K线更新失败: ('Connection aborted.', RemoteDisconnected('Remote end closed connection without response'))
2025-08-23 09:49:35,082 - WARNING - ⚠️ 870299 灿能电力 K线更新失败: ('Connection aborted.', RemoteDisconnected('Remote end closed connection without response'))
2025-08-23 09:49:35,701 - WARNING - ⚠️ 870357 雅葆轩 K线更新失败: ('Connection aborted.', RemoteDisconnected('Remote end closed connection without response'))
2025-08-23 09:49:36,315 - WARNING - ⚠️ 870436 大地电气 K线更新失败: ('Connection aborted.', RemoteDisconnected('Remote end closed connection without response'))
2025-08-23 09:49:36,933 - WARNING - ⚠️ 870508 丰安股份 K线更新失败: ('Connection aborted.', RemoteDisconnected('Remote end closed connection without response'))
2025-08-23 09:49:37,557 - WARNING - ⚠️ 870656 海昇药业 K线更新失败: ('Connection aborted.', RemoteDisconnected('Remote end closed connection without response'))
2025-08-23 09:49:38,184 - WARNING - ⚠️ 870726 鸿智科技 K线更新失败: ('Connection aborted.', RemoteDisconnected('Remote end closed connection without response'))
2025-08-23 09:49:38,803 - WARNING - ⚠️ 870866 绿亨科技 K线更新失败: ('Connection aborted.', RemoteDisconnected('Remote end closed connection without response'))
2025-08-23 09:49:39,427 - WARNING - ⚠️ 870976 视声智能 K线更新失败: ('Connection aborted.', RemoteDisconnected('Remote end closed connection without response'))
2025-08-23 09:49:40,045 - WARNING - ⚠️ 871245 威博液压 K线更新失败: ('Connection aborted.', RemoteDisconnected('Remote end closed connection without response'))
2025-08-23 09:49:40,667 - WARNING - ⚠️ 871263 莱赛激光 K线更新失败: ('Connection aborted.', RemoteDisconnected('Remote end closed connection without response'))
2025-08-23 09:49:41,292 - WARNING - ⚠️ 871396 常辅股份 K线更新失败: ('Connection aborted.', RemoteDisconnected('Remote end closed connection without response'))
2025-08-23 09:49:41,928 - WARNING - ⚠️ 871478 巨能股份 K线更新失败: ('Connection aborted.', RemoteDisconnected('Remote end closed connection without response'))
2025-08-23 09:49:42,534 - WARNING - ⚠️ 871553 凯腾精工 K线更新失败: ('Connection aborted.', RemoteDisconnected('Remote end closed connection without response'))
2025-08-23 09:49:43,160 - WARNING - ⚠️ 871634 新威凌 K线更新失败: ('Connection aborted.', RemoteDisconnected('Remote end closed connection without response'))
2025-08-23 09:49:43,798 - WARNING - ⚠️ 871642 通易航天 K线更新失败: ('Connection aborted.', RemoteDisconnected('Remote end closed connection without response'))
2025-08-23 09:49:44,435 - WARNING - ⚠️ 871694 中裕科技 K线更新失败: ('Connection aborted.', RemoteDisconnected('Remote end closed connection without response'))
2025-08-23 09:49:45,061 - WARNING - ⚠️ 871753 天纺标 K线更新失败: ('Connection aborted.', RemoteDisconnected('Remote end closed connection without response'))
2025-08-23 09:49:45,677 - WARNING - ⚠️ 871857 泓禧科技 K线更新失败: ('Connection aborted.', RemoteDisconnected('Remote end closed connection without response'))
2025-08-23 09:49:46,295 - WARNING - ⚠️ 871970 大禹生物 K线更新失败: ('Connection aborted.', RemoteDisconnected('Remote end closed connection without response'))
2025-08-23 09:49:46,919 - WARNING - ⚠️ 871981 晶赛科技 K线更新失败: ('Connection aborted.', RemoteDisconnected('Remote end closed connection without response'))
2025-08-23 09:49:47,526 - WARNING - ⚠️ 872190 雷神科技 K线更新失败: ('Connection aborted.', RemoteDisconnected('Remote end closed connection without response'))
2025-08-23 09:49:48,154 - WARNING - ⚠️ 872351 华光源海 K线更新失败: ('Connection aborted.', RemoteDisconnected('Remote end closed connection without response'))
2025-08-23 09:49:48,770 - WARNING - ⚠️ 872374 云里物里 K线更新失败: ('Connection aborted.', RemoteDisconnected('Remote end closed connection without response'))
2025-08-23 09:49:49,402 - WARNING - ⚠️ 872392 佳合科技 K线更新失败: ('Connection aborted.', RemoteDisconnected('Remote end closed connection without response'))
2025-08-23 09:49:50,017 - WARNING - ⚠️ 872541 铁大科技 K线更新失败: ('Connection aborted.', RemoteDisconnected('Remote end closed connection without response'))
2025-08-23 09:49:50,634 - WARNING - ⚠️ 872808 曙光数创 K线更新失败: ('Connection aborted.', RemoteDisconnected('Remote end closed connection without response'))
2025-08-23 09:49:51,300 - WARNING - ⚠️ 872895 花溪科技 K线更新失败: ('Connection aborted.', RemoteDisconnected('Remote end closed connection without response'))
2025-08-23 09:49:51,916 - WARNING - ⚠️ 872925 锦好医疗 K线更新失败: ('Connection aborted.', RemoteDisconnected('Remote end closed connection without response'))
2025-08-23 09:49:52,530 - WARNING - ⚠️ 872931 无锡鼎邦 K线更新失败: ('Connection aborted.', RemoteDisconnected('Remote end closed connection without response'))
2025-08-23 09:49:53,150 - WARNING - ⚠️ 872953 国子软件 K线更新失败: ('Connection aborted.', RemoteDisconnected('Remote end closed connection without response'))
2025-08-23 09:49:53,765 - WARNING - ⚠️ 873001 纬达光电 K线更新失败: ('Connection aborted.', RemoteDisconnected('Remote end closed connection without response'))
2025-08-23 09:49:54,397 - WARNING - ⚠️ 873122 中纺标 K线更新失败: ('Connection aborted.', RemoteDisconnected('Remote end closed connection without response'))
2025-08-23 09:49:55,017 - WARNING - ⚠️ 873132 泰鹏智能 K线更新失败: ('Connection aborted.', RemoteDisconnected('Remote end closed connection without response'))
2025-08-23 09:49:55,636 - WARNING - ⚠️ 873152 天宏锂电 K线更新失败: ('Connection aborted.', RemoteDisconnected('Remote end closed connection without response'))
2025-08-23 09:49:56,315 - WARNING - ⚠️ 873167 新赣江 K线更新失败: ('Connection aborted.', RemoteDisconnected('Remote end closed connection without response'))
2025-08-23 09:49:56,933 - WARNING - ⚠️ 873169 七丰精工 K线更新失败: ('Connection aborted.', RemoteDisconnected('Remote end closed connection without response'))
2025-08-23 09:49:57,553 - WARNING - ⚠️ 873223 荣亿精密 K线更新失败: ('Connection aborted.', RemoteDisconnected('Remote end closed connection without response'))
2025-08-23 09:49:58,167 - WARNING - ⚠️ 873305 九菱科技 K线更新失败: ('Connection aborted.', RemoteDisconnected('Remote end closed connection without response'))
2025-08-23 09:49:58,786 - WARNING - ⚠️ 873339 恒太照明 K线更新失败: ('Connection aborted.', RemoteDisconnected('Remote end closed connection without response'))
2025-08-23 09:49:59,402 - WARNING - ⚠️ 873527 夜光明 K线更新失败: ('Connection aborted.', RemoteDisconnected('Remote end closed connection without response'))
2025-08-23 09:50:00,031 - WARNING - ⚠️ 873570 坤博精工 K线更新失败: ('Connection aborted.', RemoteDisconnected('Remote end closed connection without response'))
2025-08-23 09:50:00,646 - WARNING - ⚠️ 873576 天力复合 K线更新失败: ('Connection aborted.', RemoteDisconnected('Remote end closed connection without response'))
2025-08-23 09:50:01,271 - WARNING - ⚠️ 873593 鼎智科技 K线更新失败: ('Connection aborted.', RemoteDisconnected('Remote end closed connection without response'))
2025-08-23 09:50:01,895 - WARNING - ⚠️ 873665 科强股份 K线更新失败: ('Connection aborted.', RemoteDisconnected('Remote end closed connection without response'))
2025-08-23 09:50:02,518 - WARNING - ⚠️ 873679 前进科技 K线更新失败: ('Connection aborted.', RemoteDisconnected('Remote end closed connection without response'))
2025-08-23 09:50:03,135 - WARNING - ⚠️ 873690 捷众科技 K线更新失败: ('Connection aborted.', RemoteDisconnected('Remote end closed connection without response'))
2025-08-23 09:50:03,757 - WARNING - ⚠️ 873693 阿为特 K线更新失败: ('Connection aborted.', RemoteDisconnected('Remote end closed connection without response'))
2025-08-23 09:50:04,381 - WARNING - ⚠️ 873703 广厦环能 K线更新失败: ('Connection aborted.', RemoteDisconnected('Remote end closed connection without response'))
2025-08-23 09:50:05,002 - WARNING - ⚠️ 873706 铁拓机械 K线更新失败: ('Connection aborted.', RemoteDisconnected('Remote end closed connection without response'))
2025-08-23 09:50:05,639 - WARNING - ⚠️ 873726 卓兆点胶 K线更新失败: ('Connection aborted.', RemoteDisconnected('Remote end closed connection without response'))
2025-08-23 09:50:06,266 - WARNING - ⚠️ 873806 云星宇 K线更新失败: ('Connection aborted.', RemoteDisconnected('Remote end closed connection without response'))
2025-08-23 09:50:06,875 - WARNING - ⚠️ 873833 美心翼申 K线更新失败: ('Connection aborted.', RemoteDisconnected('Remote end closed connection without response'))
2025-08-23 09:50:07,517 - WARNING - ⚠️ 920002 万达轴承 K线更新失败: ('Connection aborted.', RemoteDisconnected('Remote end closed connection without response'))
2025-08-23 09:50:08,130 - WARNING - ⚠️ 920005 鼎佳精密 K线更新失败: ('Connection aborted.', RemoteDisconnected('Remote end closed connection without response'))
2025-08-23 09:50:08,730 - WARNING - ⚠️ 920007 酉立智能 K线更新失败: ('Connection aborted.', RemoteDisconnected('Remote end closed connection without response'))
2025-08-23 09:50:09,379 - WARNING - ⚠️ 920008 成电光信 K线更新失败: ('Connection aborted.', RemoteDisconnected('Remote end closed connection without response'))
2025-08-23 09:50:10,012 - WARNING - ⚠️ 920016 中草香料 K线更新失败: ('Connection aborted.', RemoteDisconnected('Remote end closed connection without response'))
2025-08-23 09:50:10,631 - WARNING - ⚠️ 920018 宏远股份 K线更新失败: ('Connection aborted.', RemoteDisconnected('Remote end closed connection without response'))
2025-08-23 09:50:11,257 - WARNING - ⚠️ 920019 铜冠矿建 K线更新失败: ('Connection aborted.', RemoteDisconnected('Remote end closed connection without response'))
2025-08-23 09:50:11,877 - WARNING - ⚠️ 920027 交大铁发 K线更新失败: ('Connection aborted.', RemoteDisconnected('Remote end closed connection without response'))
2025-08-23 09:50:12,498 - WARNING - ⚠️ 920029 开发科技 K线更新失败: ('Connection aborted.', RemoteDisconnected('Remote end closed connection without response'))
2025-08-23 09:50:13,102 - WARNING - ⚠️ 920037 广信科技 K线更新失败: ('Connection aborted.', RemoteDisconnected('Remote end closed connection without response'))
2025-08-23 09:50:13,729 - WARNING - ⚠️ 920056 能之光 K线更新失败: ('Connection aborted.', RemoteDisconnected('Remote end closed connection without response'))
2025-08-23 09:50:14,353 - WARNING - ⚠️ 920060 万源通 K线更新失败: ('Connection aborted.', RemoteDisconnected('Remote end closed connection without response'))
2025-08-23 09:50:14,982 - WARNING - ⚠️ 920066 科拜尔 K线更新失败: ('Connection aborted.', RemoteDisconnected('Remote end closed connection without response'))
2025-08-23 09:50:15,599 - WARNING - ⚠️ 920068 天工股份 K线更新失败: ('Connection aborted.', RemoteDisconnected('Remote end closed connection without response'))
2025-08-23 09:50:16,235 - WARNING - ⚠️ 920082 方正阀门 K线更新失败: ('Connection aborted.', RemoteDisconnected('Remote end closed connection without response'))
2025-08-23 09:50:16,834 - WARNING - ⚠️ 920088 科力股份 K线更新失败: ('Connection aborted.', RemoteDisconnected('Remote end closed connection without response'))
2025-08-23 09:50:17,449 - WARNING - ⚠️ 920098 科隆新材 K线更新失败: ('Connection aborted.', RemoteDisconnected('Remote end closed connection without response'))
2025-08-23 09:50:18,067 - WARNING - ⚠️ 920099 瑞华技术 K线更新失败: ('Connection aborted.', RemoteDisconnected('Remote end closed connection without response'))
2025-08-23 09:50:18,682 - WARNING - ⚠️ 920101 志高机械 K线更新失败: ('Connection aborted.', RemoteDisconnected('Remote end closed connection without response'))
2025-08-23 09:50:19,295 - WARNING - ⚠️ 920106 林泰新材 K线更新失败: ('Connection aborted.', RemoteDisconnected('Remote end closed connection without response'))
2025-08-23 09:50:19,913 - WARNING - ⚠️ 920108 宏海科技 K线更新失败: ('Connection aborted.', RemoteDisconnected('Remote end closed connection without response'))
2025-08-23 09:50:20,519 - WARNING - ⚠️ 920111 聚星科技 K线更新失败: ('Connection aborted.', RemoteDisconnected('Remote end closed connection without response'))
2025-08-23 09:50:21,148 - WARNING - ⚠️ 920112 巴兰仕 K线更新失败: ('Connection aborted.', RemoteDisconnected('Remote end closed connection without response'))
2025-08-23 09:50:21,762 - WARNING - ⚠️ 920116 星图测控 K线更新失败: ('Connection aborted.', RemoteDisconnected('Remote end closed connection without response'))
2025-08-23 09:50:22,385 - WARNING - ⚠️ 920118 太湖远大 K线更新失败: ('Connection aborted.', RemoteDisconnected('Remote end closed connection without response'))
2025-08-23 09:50:23,010 - WARNING - ⚠️ 920128 胜业电气 K线更新失败: ('Connection aborted.', RemoteDisconnected('Remote end closed connection without response'))
2025-08-23 09:50:23,632 - WARNING - ⚠️ 920167 同享科技 K线更新失败: ('Connection aborted.', RemoteDisconnected('Remote end closed connection without response'))
2025-08-23 09:50:24,249 - WARNING - ⚠️ 920445 龙竹科技 K线更新失败: ('Connection aborted.', RemoteDisconnected('Remote end closed connection without response'))
2025-08-23 09:50:24,848 - WARNING - ⚠️ 920489 佳先股份 K线更新失败: ('Connection aborted.', RemoteDisconnected('Remote end closed connection without response'))
2025-08-23 09:50:25,489 - WARNING - ⚠️ 920682 球冠电缆 K线更新失败: ('Connection aborted.', RemoteDisconnected('Remote end closed connection without response'))
2025-08-23 09:50:26,106 - WARNING - ⚠️ 920799 艾融软件 K线更新失败: ('Connection aborted.', RemoteDisconnected('Remote end closed connection without response'))
2025-08-23 09:50:26,736 - WARNING - ⚠️ 920819 颖泰生物 K线更新失败: ('Connection aborted.', RemoteDisconnected('Remote end closed connection without response'))
2025-08-23 09:50:26,736 - INFO - ✅ 本周K线更新完成: 919 条记录
2025-08-23 09:50:26,736 - INFO - ============================================================
2025-08-23 09:50:26,736 - INFO - 📊 本周数据更新统计
2025-08-23 09:50:26,736 - INFO - ============================================================
2025-08-23 09:50:26,736 - INFO - ⏱️  更新耗时: 0:59:50.566243
2025-08-23 09:50:26,736 - INFO - 📈 实时行情: 0 条
2025-08-23 09:50:26,736 - INFO - 📊 本周K线: 919 条
2025-08-23 09:50:26,736 - INFO - 📅 交易日历: 0 条
2025-08-23 09:50:26,736 - INFO - ✅ 无错误
2025-08-23 09:50:26,736 - INFO - ============================================================
2025-08-23 09:50:26,751 - INFO - 🎉 本周数据更新完成！
2025-08-23 09:50:26,751 - INFO - 数据库连接已关闭
2025-08-23 09:50:26,751 - INFO - ✅ 每周数据更新成功完成
2025-08-23 18:50:26,610 - INFO - 🌟 每周数据更新程序启动
2025-08-23 18:50:26,610 - INFO - 🚀 开始每周数据更新...
2025-08-23 18:50:26,610 - INFO - ============================================================
2025-08-23 18:50:26,633 - INFO - ✅ 成功连接到MySQL数据库
2025-08-23 18:50:26,633 - INFO - 📊 开始更新近7个自然日K线数据）...
2025-08-23 18:50:26,680 - INFO - 📊 准备更新 5740 只股票的近7个自然日K线数据
2025-08-23 18:50:27,360 - INFO - 📈 已处理000001 平安银行 
2025-08-23 18:50:27,990 - INFO - 📈 已处理000002 万科Ａ 
2025-08-23 18:50:29,232 - INFO - 📈 已处理000004 *ST国华 
2025-08-23 18:50:30,480 - INFO - 📈 已处理000006 深振业Ａ 
2025-08-23 18:50:31,130 - INFO - 📈 已处理000007 全新好 
2025-08-23 18:50:31,760 - INFO - 📈 已处理000008 神州高铁 
2025-08-23 18:50:32,390 - INFO - 📈 已处理000009 中国宝安 
2025-08-23 18:50:33,021 - INFO - 📈 已处理000010 美丽生态 
2025-08-23 18:50:33,663 - INFO - 📈 已处理000011 深物业A 
2025-08-23 18:50:34,305 - INFO - 📈 已处理000012 南玻Ａ 
2025-08-23 18:50:35,559 - INFO - 📈 已处理000014 沙河股份 
2025-08-23 18:50:36,826 - INFO - 📈 已处理000016 深康佳Ａ 
2025-08-23 18:50:37,461 - INFO - 📈 已处理000017 深中华A 
2025-08-23 18:50:38,432 - INFO - 数据库连接已关闭
2025-08-23 18:51:45,320 - INFO - 🌟 每周数据更新程序启动
2025-08-23 18:51:45,321 - INFO - 🚀 开始每周数据更新...
2025-08-23 18:51:45,321 - INFO - ============================================================
2025-08-23 18:51:45,332 - INFO - ✅ 成功连接到MySQL数据库
2025-08-23 18:51:45,332 - INFO - 📊 开始更新近7个自然日K线数据）...
2025-08-23 18:51:45,369 - INFO - 📊 准备更新 5740 只股票的近7个自然日K线数据
2025-08-23 18:51:45,569 - INFO - 📈 已处理000001 平安银行 
2025-08-23 18:51:45,788 - INFO - 📈 已处理000002 万科Ａ 
2025-08-23 18:51:46,159 - INFO - 📈 已处理000004 *ST国华 
2025-08-23 18:51:46,530 - INFO - 📈 已处理000006 深振业Ａ 
2025-08-23 18:51:46,729 - INFO - 📈 已处理000007 全新好 
2025-08-23 18:51:46,929 - INFO - 📈 已处理000008 神州高铁 
2025-08-23 18:51:47,122 - INFO - 📈 已处理000009 中国宝安 
2025-08-23 18:51:47,308 - INFO - 📈 已处理000010 美丽生态 
2025-08-23 18:51:47,538 - INFO - 📈 已处理000011 深物业A 
2025-08-23 18:51:47,723 - INFO - 📈 已处理000012 南玻Ａ 
2025-08-23 18:51:48,107 - INFO - 📈 已处理000014 沙河股份 
2025-08-23 18:51:48,468 - INFO - 📈 已处理000016 深康佳Ａ 
2025-08-23 18:51:48,658 - INFO - 📈 已处理000017 深中华A 
2025-08-23 18:51:49,050 - INFO - 📈 已处理000019 深粮控股 
2025-08-23 18:51:49,244 - INFO - 📈 已处理000020 深华发Ａ 
2025-08-23 18:51:49,440 - INFO - 📈 已处理000021 深科技 
2025-08-23 18:51:49,979 - INFO - 📈 已处理000025 特力Ａ 
2025-08-23 18:51:50,168 - INFO - 📈 已处理000026 飞亚达 
2025-08-23 18:51:50,358 - INFO - 📈 已处理000027 深圳能源 
2025-08-23 18:51:50,558 - INFO - 📈 已处理000028 国药一致 
2025-08-23 18:51:50,968 - INFO - 📈 已处理000029 深深房Ａ 
2025-08-23 18:51:51,153 - INFO - 📈 已处理000030 富奥股份 
2025-08-23 18:51:51,338 - INFO - 📈 已处理000031 大悦城 
2025-08-23 18:51:51,531 - INFO - 📈 已处理000032 深桑达Ａ 
2025-08-23 18:51:51,918 - INFO - 📈 已处理000034 神州数码 
2025-08-23 18:51:52,111 - INFO - 📈 已处理000035 中国天楹 
2025-08-23 18:51:52,308 - INFO - 📈 已处理000036 华联控股 
2025-08-23 18:51:52,508 - INFO - 📈 已处理000037 深南电A 
2025-08-23 18:51:52,875 - INFO - 📈 已处理000039 中集集团 
2025-08-23 18:51:53,254 - INFO - 📈 已处理000042 中洲控股 
2025-08-23 18:51:53,445 - INFO - 📈 已处理000045 深纺织Ａ 
2025-08-23 18:51:53,998 - INFO - 📈 已处理000048 京基智农 
2025-08-23 18:51:54,192 - INFO - 📈 已处理000049 德赛电池 
2025-08-23 18:51:54,388 - INFO - 📈 已处理000050 深天马Ａ 
2025-08-23 18:51:54,568 - INFO - 📈 已处理000055 方大集团 
2025-08-23 18:51:54,758 - INFO - 📈 已处理000056 皇庭国际 
2025-08-23 18:51:54,958 - INFO - 📈 已处理000058 深赛格 
2025-08-23 18:51:55,158 - INFO - 📈 已处理000059 华锦股份 
2025-08-23 18:51:55,158 - INFO - 📈 已处理 50/5740 只股票，成功 38 只
2025-08-23 18:51:55,358 - INFO - 📈 已处理000060 中金岭南 
2025-08-23 18:51:55,548 - INFO - 📈 已处理000061 农产品 
2025-08-23 18:51:55,738 - INFO - 📈 已处理000062 深圳华强 
2025-08-23 18:51:55,922 - INFO - 📈 已处理000063 中兴通讯 
2025-08-23 18:51:56,098 - INFO - 📈 已处理000065 北方国际 
2025-08-23 18:51:56,302 - INFO - 📈 已处理000066 中国长城 
2025-08-23 18:51:56,498 - INFO - 📈 已处理000068 华控赛格 
2025-08-23 18:51:56,688 - INFO - 📈 已处理000069 华侨城Ａ 
2025-08-23 18:51:56,873 - INFO - 📈 已处理000070 特发信息 
2025-08-23 18:51:57,077 - INFO - 📈 已处理000078 海王生物 
2025-08-23 18:51:57,272 - INFO - 📈 已处理000088 盐田港 
2025-08-23 18:51:57,459 - INFO - 📈 已处理000089 深圳机场 
2025-08-23 18:51:57,648 - INFO - 📈 已处理000090 天健集团 
2025-08-23 18:51:57,828 - INFO - 📈 已处理000096 广聚能源 
2025-08-23 18:51:58,028 - INFO - 📈 已处理000099 中信海直 
2025-08-23 18:51:58,237 - INFO - 📈 已处理000100 TCL科技 
2025-08-23 18:51:58,608 - INFO - 📈 已处理000151 中成股份 
2025-08-23 18:51:58,805 - INFO - 📈 已处理000153 丰原药业 
2025-08-23 18:51:58,998 - INFO - 📈 已处理000155 川能动力 
2025-08-23 18:51:59,188 - INFO - 📈 已处理000156 华数传媒 
2025-08-23 18:51:59,383 - INFO - 📈 已处理000157 中联重科 
2025-08-23 18:51:59,573 - INFO - 📈 已处理000158 常山北明 
2025-08-23 18:51:59,758 - INFO - 📈 已处理000159 国际实业 
2025-08-23 18:51:59,958 - INFO - 📈 已处理000166 申万宏源 
2025-08-23 18:52:00,158 - INFO - 📈 已处理000301 东方盛虹 
2025-08-23 18:52:00,358 - INFO - 📈 已处理000333 美的集团 
2025-08-23 18:52:00,555 - INFO - 📈 已处理000338 潍柴动力 
2025-08-23 18:52:00,738 - INFO - 📈 已处理000400 许继电气 
2025-08-23 18:52:00,960 - INFO - 📈 已处理000401 冀东水泥 
2025-08-23 18:52:01,157 - INFO - 📈 已处理000402 金融街 
2025-08-23 18:52:01,352 - INFO - 📈 已处理000403 派林生物 
2025-08-23 18:52:01,592 - INFO - 📈 已处理000404 长虹华意 
2025-08-23 18:52:02,143 - INFO - 📈 已处理000407 胜利股份 
2025-08-23 18:52:02,338 - INFO - 📈 已处理000408 藏格矿业 
2025-08-23 18:52:02,518 - INFO - 📈 已处理000409 云鼎科技 
2025-08-23 18:52:02,708 - INFO - 📈 已处理000410 沈阳机床 
2025-08-23 18:52:02,904 - INFO - 📈 已处理000411 英特集团 
2025-08-23 18:52:04,320 - INFO - 📈 已处理000415 渤海租赁 
2025-08-23 18:52:04,683 - INFO - 📈 已处理000417 合百集团 
2025-08-23 18:52:05,059 - INFO - 📈 已处理000419 通程控股 
2025-08-23 18:52:05,240 - INFO - 📈 已处理000420 吉林化纤 
2025-08-23 18:52:05,428 - INFO - 📈 已处理000421 南京公用 
2025-08-23 18:52:05,622 - INFO - 📈 已处理000422 湖北宜化 
2025-08-23 18:52:05,622 - INFO - 📈 已处理 100/5740 只股票，成功 81 只
2025-08-23 18:52:05,808 - INFO - 📈 已处理000423 东阿阿胶 
2025-08-23 18:52:06,008 - INFO - 📈 已处理000425 徐工机械 
2025-08-23 18:52:06,203 - INFO - 📈 已处理000426 兴业银锡 
2025-08-23 18:52:06,391 - INFO - 📈 已处理000428 华天酒店 
2025-08-23 18:52:06,590 - INFO - 📈 已处理000429 粤高速Ａ 
2025-08-23 18:52:06,788 - INFO - 📈 已处理000430 ST张家界 
2025-08-23 18:52:06,988 - INFO - 📈 已处理000488 ST晨鸣 
2025-08-23 18:52:07,178 - INFO - 📈 已处理000498 山东路桥 
2025-08-23 18:52:07,378 - INFO - 📈 已处理000501 武商集团 
2025-08-23 18:52:07,767 - INFO - 📈 已处理000503 国新健康 
2025-08-23 18:52:07,964 - INFO - 📈 已处理000504 *ST生物 
2025-08-23 18:52:08,154 - INFO - 📈 已处理000505 京粮控股 
2025-08-23 18:52:08,378 - INFO - 📈 已处理000506 招金黄金 
2025-08-23 18:52:08,574 - INFO - 📈 已处理000507 珠海港 
2025-08-23 18:52:08,954 - INFO - 📈 已处理000509 华塑控股 
2025-08-23 18:52:09,155 - INFO - 📈 已处理000510 新金路 
2025-08-23 18:52:09,534 - INFO - 📈 已处理000513 丽珠集团 
2025-08-23 18:52:09,728 - INFO - 📈 已处理000514 渝开发 
2025-08-23 18:52:10,118 - INFO - 📈 已处理000516 国际医学 
2025-08-23 18:52:10,308 - INFO - 📈 已处理000517 荣安地产 
2025-08-23 18:52:10,508 - INFO - 📈 已处理000518 *ST四环 
2025-08-23 18:52:10,703 - INFO - 📈 已处理000519 中兵红箭 
2025-08-23 18:52:10,888 - INFO - 📈 已处理000520 凤凰航运 
2025-08-23 18:52:11,079 - INFO - 📈 已处理000521 长虹美菱 
2025-08-23 18:52:11,448 - INFO - 📈 已处理000523 红棉股份 
2025-08-23 18:52:11,638 - INFO - 📈 已处理000524 岭南控股 
2025-08-23 18:52:11,828 - INFO - 📈 已处理000525 红太阳 
2025-08-23 18:52:12,028 - INFO - 📈 已处理000526 学大教育 
2025-08-23 18:52:12,398 - INFO - 📈 已处理000528 柳工 
2025-08-23 18:52:12,588 - INFO - 📈 已处理000529 广弘控股 
2025-08-23 18:52:12,771 - INFO - 📈 已处理000530 冰山冷热 
2025-08-23 18:52:12,968 - INFO - 📈 已处理000531 穗恒运Ａ 
2025-08-23 18:52:12,978 - INFO - 数据库连接已关闭
2025-08-23 18:52:22,465 - INFO - 🌟 每周数据更新程序启动
2025-08-23 18:52:22,466 - INFO - 🚀 开始每周数据更新...
2025-08-23 18:52:22,466 - INFO - ============================================================
2025-08-23 18:52:22,476 - INFO - ✅ 成功连接到MySQL数据库
2025-08-23 18:52:22,476 - INFO - 📊 开始更新近7个自然日K线数据）...
2025-08-23 18:52:22,513 - INFO - 📊 准备更新 5740 只股票的近7个自然日K线数据
2025-08-23 18:52:23,134 - INFO - 📈 已处理000001 平安银行 
2025-08-23 18:52:23,738 - INFO - 📈 已处理000002 万科Ａ 
2025-08-23 18:52:24,916 - INFO - 📈 已处理000004 *ST国华 
2025-08-23 18:52:26,090 - INFO - 📈 已处理000006 深振业Ａ 
2025-08-23 18:52:26,694 - INFO - 📈 已处理000007 全新好 
2025-08-23 18:52:27,295 - INFO - 📈 已处理000008 神州高铁 
2025-08-23 18:52:27,887 - INFO - 📈 已处理000009 中国宝安 
2025-08-23 18:52:28,469 - INFO - 📈 已处理000010 美丽生态 
2025-08-23 18:52:29,074 - INFO - 📈 已处理000011 深物业A 
2025-08-23 18:52:29,667 - INFO - 📈 已处理000012 南玻Ａ 
2025-08-23 18:52:30,888 - INFO - 📈 已处理000014 沙河股份 
2025-08-23 18:52:32,067 - INFO - 📈 已处理000016 深康佳Ａ 
2025-08-23 18:52:32,673 - INFO - 📈 已处理000017 深中华A 
2025-08-23 18:52:33,847 - INFO - 📈 已处理000019 深粮控股 
2025-08-23 18:52:34,677 - INFO - 📈 已处理000020 深华发Ａ 
2025-08-23 18:52:35,291 - INFO - 📈 已处理000021 深科技 
2025-08-23 18:52:37,028 - INFO - 📈 已处理000025 特力Ａ 
2025-08-23 18:52:37,628 - INFO - 📈 已处理000026 飞亚达 
2025-08-23 18:52:38,217 - INFO - 📈 已处理000027 深圳能源 
2025-08-23 18:52:38,827 - INFO - 📈 已处理000028 国药一致 
2025-08-23 18:52:39,433 - INFO - 📈 已处理000029 深深房Ａ 
2025-08-23 18:52:40,027 - INFO - 📈 已处理000030 富奥股份 
2025-08-23 18:52:40,634 - INFO - 📈 已处理000031 大悦城 
2025-08-23 18:52:41,231 - INFO - 📈 已处理000032 深桑达Ａ 
2025-08-23 18:52:42,400 - INFO - 📈 已处理000034 神州数码 
2025-08-23 18:52:43,007 - INFO - 📈 已处理000035 中国天楹 
2025-08-23 18:52:43,607 - INFO - 📈 已处理000036 华联控股 
2025-08-23 18:52:44,197 - INFO - 📈 已处理000037 深南电A 
2025-08-23 18:52:45,373 - INFO - 📈 已处理000039 中集集团 
2025-08-23 18:52:46,547 - INFO - 📈 已处理000042 中洲控股 
2025-08-23 18:52:47,137 - INFO - 📈 已处理000045 深纺织Ａ 
2025-08-23 18:52:48,879 - INFO - 📈 已处理000048 京基智农 
2025-08-23 18:52:49,475 - INFO - 📈 已处理000049 德赛电池 
2025-08-23 18:52:50,067 - INFO - 📈 已处理000050 深天马Ａ 
2025-08-23 18:52:50,657 - INFO - 📈 已处理000055 方大集团 
2025-08-23 18:52:51,257 - INFO - 📈 已处理000056 皇庭国际 
2025-08-23 18:52:51,858 - INFO - 📈 已处理000058 深赛格 
2025-08-23 18:52:52,438 - INFO - 📈 已处理000059 华锦股份 
2025-08-23 18:52:52,438 - INFO - 📈 已处理 50/5740 只股票，成功 38 只
2025-08-23 18:52:53,047 - INFO - 📈 已处理000060 中金岭南 
2025-08-23 18:52:53,637 - INFO - 📈 已处理000061 农产品 
2025-08-23 18:52:54,227 - INFO - 📈 已处理000062 深圳华强 
2025-08-23 18:52:54,827 - INFO - 📈 已处理000063 中兴通讯 
2025-08-23 18:52:55,429 - INFO - 📈 已处理000065 北方国际 
2025-08-23 18:52:56,035 - INFO - 📈 已处理000066 中国长城 
2025-08-23 18:52:56,623 - INFO - 📈 已处理000068 华控赛格 
2025-08-23 18:52:57,224 - INFO - 📈 已处理000069 华侨城Ａ 
2025-08-23 18:52:57,827 - INFO - 📈 已处理000070 特发信息 
2025-08-23 18:52:58,437 - INFO - 📈 已处理000078 海王生物 
2025-08-23 18:52:59,022 - INFO - 📈 已处理000088 盐田港 
2025-08-23 18:52:59,619 - INFO - 📈 已处理000089 深圳机场 
2025-08-23 18:53:00,211 - INFO - 📈 已处理000090 天健集团 
2025-08-23 18:53:00,824 - INFO - 📈 已处理000096 广聚能源 
2025-08-23 18:53:01,412 - INFO - 📈 已处理000099 中信海直 
2025-08-23 18:53:02,007 - INFO - 📈 已处理000100 TCL科技 
2025-08-23 18:53:03,189 - INFO - 📈 已处理000151 中成股份 
2025-08-23 18:53:03,806 - INFO - 📈 已处理000153 丰原药业 
2025-08-23 18:53:04,407 - INFO - 📈 已处理000155 川能动力 
2025-08-23 18:53:05,007 - INFO - 📈 已处理000156 华数传媒 
2025-08-23 18:53:05,597 - INFO - 📈 已处理000157 中联重科 
2025-08-23 18:53:06,187 - INFO - 📈 已处理000158 常山北明 
2025-08-23 18:53:06,777 - INFO - 📈 已处理000159 国际实业 
2025-08-23 18:53:07,376 - INFO - 📈 已处理000166 申万宏源 
2025-08-23 18:53:07,963 - INFO - 📈 已处理000301 东方盛虹 
2025-08-23 18:53:08,557 - INFO - 📈 已处理000333 美的集团 
2025-08-23 18:53:09,152 - INFO - 📈 已处理000338 潍柴动力 
2025-08-23 18:53:09,746 - INFO - 📈 已处理000400 许继电气 
2025-08-23 18:53:10,336 - INFO - 📈 已处理000401 冀东水泥 
2025-08-23 18:53:10,917 - INFO - 📈 已处理000402 金融街 
2025-08-23 18:53:11,501 - INFO - 📈 已处理000403 派林生物 
2025-08-23 18:53:12,101 - INFO - 📈 已处理000404 长虹华意 
2025-08-23 18:53:13,857 - INFO - 📈 已处理000407 胜利股份 
2025-08-23 18:53:14,452 - INFO - 📈 已处理000408 藏格矿业 
2025-08-23 18:53:15,036 - INFO - 📈 已处理000409 云鼎科技 
2025-08-23 18:53:15,636 - INFO - 📈 已处理000410 沈阳机床 
2025-08-23 18:53:16,236 - INFO - 📈 已处理000411 英特集团 
2025-08-23 18:53:17,976 - INFO - 📈 已处理000415 渤海租赁 
2025-08-23 18:53:19,150 - INFO - 📈 已处理000417 合百集团 
2025-08-23 18:53:20,333 - INFO - 📈 已处理000419 通程控股 
2025-08-23 18:53:20,931 - INFO - 📈 已处理000420 吉林化纤 
2025-08-23 18:53:21,531 - INFO - 📈 已处理000421 南京公用 
2025-08-23 18:53:22,118 - INFO - 📈 已处理000422 湖北宜化 
2025-08-23 18:53:22,118 - INFO - 📈 已处理 100/5740 只股票，成功 81 只
2025-08-23 18:53:22,706 - INFO - 📈 已处理000423 东阿阿胶 
2025-08-23 18:53:23,295 - INFO - 📈 已处理000425 徐工机械 
2025-08-23 18:53:23,886 - INFO - 📈 已处理000426 兴业银锡 
2025-08-23 18:53:24,476 - INFO - 📈 已处理000428 华天酒店 
2025-08-23 18:53:25,070 - INFO - 📈 已处理000429 粤高速Ａ 
2025-08-23 18:53:25,660 - INFO - 📈 已处理000430 ST张家界 
2025-08-23 18:53:26,259 - INFO - 📈 已处理000488 ST晨鸣 
2025-08-23 18:53:26,846 - INFO - 📈 已处理000498 山东路桥 
2025-08-23 18:53:27,436 - INFO - 📈 已处理000501 武商集团 
2025-08-23 18:53:28,619 - INFO - 📈 已处理000503 国新健康 
2025-08-23 18:53:29,213 - INFO - 📈 已处理000504 *ST生物 
2025-08-23 18:53:29,816 - INFO - 📈 已处理000505 京粮控股 
2025-08-23 18:53:30,414 - INFO - 📈 已处理000506 招金黄金 
2025-08-23 18:53:31,012 - INFO - 📈 已处理000507 珠海港 
2025-08-23 18:53:32,199 - INFO - 📈 已处理000509 华塑控股 
2025-08-23 18:53:32,788 - INFO - 📈 已处理000510 新金路 
2025-08-23 18:53:33,956 - INFO - 📈 已处理000513 丽珠集团 
2025-08-23 18:53:34,554 - INFO - 📈 已处理000514 渝开发 
2025-08-23 18:53:35,726 - INFO - 📈 已处理000516 国际医学 
2025-08-23 18:53:36,326 - INFO - 📈 已处理000517 荣安地产 
2025-08-23 18:53:36,915 - INFO - 📈 已处理000518 *ST四环 
2025-08-23 18:53:37,506 - INFO - 📈 已处理000519 中兵红箭 
2025-08-23 18:53:38,111 - INFO - 📈 已处理000520 凤凰航运 
2025-08-23 18:53:38,720 - INFO - 📈 已处理000521 长虹美菱 
2025-08-23 18:53:39,888 - INFO - 📈 已处理000523 红棉股份 
2025-08-23 18:53:40,476 - INFO - 📈 已处理000524 岭南控股 
2025-08-23 18:53:41,069 - INFO - 📈 已处理000525 红太阳 
2025-08-23 18:53:41,658 - INFO - 📈 已处理000526 学大教育 
2025-08-23 18:53:42,846 - INFO - 📈 已处理000528 柳工 
2025-08-23 18:53:43,435 - INFO - 📈 已处理000529 广弘控股 
2025-08-23 18:53:44,026 - INFO - 📈 已处理000530 冰山冷热 
2025-08-23 18:53:44,624 - INFO - 📈 已处理000531 穗恒运Ａ 
2025-08-23 18:53:45,204 - INFO - 📈 已处理000532 华金资本 
2025-08-23 18:53:45,806 - INFO - 📈 已处理000533 顺钠股份 
2025-08-23 18:53:46,406 - INFO - 📈 已处理000534 万泽股份 
2025-08-23 18:53:47,595 - INFO - 📈 已处理000536 华映科技 
2025-08-23 18:53:48,195 - INFO - 📈 已处理000537 中绿电 
2025-08-23 18:53:48,793 - INFO - 📈 已处理000538 云南白药 
2025-08-23 18:53:49,386 - INFO - 📈 已处理000539 粤电力Ａ 
2025-08-23 18:53:50,562 - INFO - 📈 已处理000541 佛山照明 
2025-08-23 18:53:51,725 - INFO - 📈 已处理000543 皖能电力 
2025-08-23 18:53:51,725 - INFO - 📈 已处理 150/5740 只股票，成功 122 只
2025-08-23 18:53:52,315 - INFO - 📈 已处理000544 中原环保 
2025-08-23 18:53:52,903 - INFO - 📈 已处理000545 金浦钛业 
2025-08-23 18:53:53,486 - INFO - 📈 已处理000546 金圆股份 
2025-08-23 18:53:54,075 - INFO - 📈 已处理000547 航天发展 
2025-08-23 18:53:54,666 - INFO - 📈 已处理000548 湖南投资 
2025-08-23 18:53:55,846 - INFO - 📈 已处理000550 江铃汽车 
2025-08-23 18:53:56,439 - INFO - 📈 已处理000551 创元科技 
2025-08-23 18:53:57,044 - INFO - 📈 已处理000552 甘肃能化 
2025-08-23 18:53:57,635 - INFO - 📈 已处理000553 安道麦A 
2025-08-23 18:53:58,223 - INFO - 📈 已处理000554 泰山石油 
2025-08-23 18:53:58,835 - INFO - 📈 已处理000555 神州信息 
2025-08-23 18:54:00,045 - INFO - 📈 已处理000557 西部创业 
2025-08-23 18:54:00,645 - INFO - 📈 已处理000558 天府文旅 
2025-08-23 18:54:01,232 - INFO - 📈 已处理000559 万向钱潮 
2025-08-23 18:54:01,839 - INFO - 📈 已处理000560 我爱我家 
2025-08-23 18:54:02,430 - INFO - 📈 已处理000561 烽火电子 
2025-08-23 18:54:03,605 - INFO - 📈 已处理000563 陕国投Ａ 
2025-08-23 18:54:04,205 - INFO - 📈 已处理000564 供销大集 
2025-08-23 18:54:04,808 - INFO - 📈 已处理000565 渝三峡Ａ 
2025-08-23 18:54:05,395 - INFO - 📈 已处理000566 海南海药 
2025-08-23 18:54:05,999 - INFO - 📈 已处理000567 海德股份 
2025-08-23 18:54:06,580 - INFO - 📈 已处理000568 泸州老窖 
2025-08-23 18:54:07,804 - INFO - 📈 已处理000570 苏常柴Ａ 
2025-08-23 18:54:08,408 - INFO - 📈 已处理000571 新大洲A 
2025-08-23 18:54:09,002 - INFO - 📈 已处理000572 海马汽车 
2025-08-23 18:54:09,586 - INFO - 📈 已处理000573 粤宏远Ａ 
2025-08-23 18:54:10,202 - INFO - 📈 已处理000576 甘化科工 
2025-08-23 18:54:11,375 - INFO - 📈 已处理000581 威孚高科 
2025-08-23 18:54:11,976 - INFO - 📈 已处理000582 北部湾港 
2025-08-23 18:54:14,339 - INFO - 📈 已处理000586 汇源通信 
2025-08-23 18:54:16,065 - INFO - 📈 已处理000589 贵州轮胎 
2025-08-23 18:54:16,638 - INFO - 📈 已处理000590 启迪药业 
2025-08-23 18:54:17,236 - INFO - 📈 已处理000591 太阳能 
2025-08-23 18:54:17,835 - INFO - 📈 已处理000592 平潭发展 
2025-08-23 18:54:18,448 - INFO - 📈 已处理000593 德龙汇能 
2025-08-23 18:54:19,625 - INFO - 📈 已处理000595 *ST宝实 
2025-08-23 18:54:20,255 - INFO - 📈 已处理000596 古井贡酒 
2025-08-23 18:54:20,863 - INFO - 📈 已处理000597 东北制药 
2025-08-23 18:54:21,475 - INFO - 📈 已处理000598 兴蓉环境 
2025-08-23 18:54:21,475 - INFO - 📈 已处理 200/5740 只股票，成功 161 只
2025-08-23 18:54:22,085 - INFO - 📈 已处理000599 青岛双星 
2025-08-23 18:54:22,685 - INFO - 📈 已处理000600 建投能源 
2025-08-23 18:54:23,281 - INFO - 📈 已处理000601 韶能股份 
2025-08-23 18:54:24,475 - INFO - 📈 已处理000603 盛达资源 
2025-08-23 18:54:25,084 - INFO - 📈 已处理000605 渤海股份 
2025-08-23 18:54:26,276 - INFO - 📈 已处理000607 华媒控股 
2025-08-23 18:54:26,875 - INFO - 📈 已处理000608 *ST阳光 
2025-08-23 18:54:27,486 - INFO - 📈 已处理000609 ST中迪 
2025-08-23 18:54:28,097 - INFO - 📈 已处理000610 西安旅游 
2025-08-23 18:54:29,286 - INFO - 📈 已处理000612 焦作万方 
2025-08-23 18:54:30,485 - INFO - 📈 已处理000615 *ST美谷 
2025-08-23 18:54:31,695 - INFO - 📈 已处理000617 中油资本 
2025-08-23 18:54:32,897 - INFO - 📈 已处理000619 海螺新材 
2025-08-23 18:54:33,503 - INFO - 📈 已处理000620 盈新发展 
2025-08-23 18:54:35,645 - INFO - 📈 已处理000623 吉林敖东 
2025-08-23 18:54:36,254 - INFO - 📈 已处理000625 长安汽车 
2025-08-23 18:54:36,860 - INFO - 📈 已处理000626 远大控股 
2025-08-23 18:54:38,074 - INFO - 📈 已处理000628 高新发展 
2025-08-23 18:54:38,671 - INFO - 📈 已处理000629 钒钛股份 
2025-08-23 18:54:39,275 - INFO - 📈 已处理000630 铜陵有色 
2025-08-23 18:54:39,884 - INFO - 📈 已处理000631 顺发恒业 
2025-08-23 18:54:40,510 - INFO - 📈 已处理000632 三木集团 
2025-08-23 18:54:41,122 - INFO - 📈 已处理000633 合金投资 
2025-08-23 18:54:41,750 - INFO - 📈 已处理000635 英力特 
2025-08-23 18:54:42,354 - INFO - 📈 已处理000636 风华高科 
2025-08-23 18:54:42,984 - INFO - 📈 已处理000637 茂化实华 
2025-08-23 18:54:43,589 - INFO - 📈 已处理000638 *ST万方 
2025-08-23 18:54:44,204 - INFO - 📈 已处理000639 西王食品 
2025-08-23 18:54:44,810 - INFO - 📈 已处理000650 仁和药业 
2025-08-23 18:54:45,410 - INFO - 📈 已处理000651 格力电器 
2025-08-23 18:54:46,026 - INFO - 📈 已处理000652 泰达股份 
2025-08-23 18:54:47,223 - INFO - 📈 已处理000655 金岭矿业 
2025-08-23 18:54:47,824 - INFO - 📈 已处理000656 *ST金科 
2025-08-23 18:54:48,444 - INFO - 📈 已处理000657 中钨高新 
2025-08-23 18:54:49,654 - INFO - 📈 已处理000659 珠海中富 
2025-08-23 18:54:50,844 - INFO - 📈 已处理000661 长春高新 
2025-08-23 18:54:52,034 - INFO - 📈 已处理000663 永安林业 
2025-08-23 18:54:52,034 - INFO - 📈 已处理 250/5740 只股票，成功 198 只
2025-08-23 18:54:52,644 - INFO - 📈 已处理000665 湖北广电 
2025-08-23 18:54:54,446 - INFO - 📈 已处理000668 *ST荣控 
2025-08-23 18:54:55,054 - INFO - 📈 已处理000669 ST金鸿 
2025-08-23 18:54:55,667 - INFO - 📈 已处理000670 盈方微 
2025-08-23 18:54:56,879 - INFO - 📈 已处理000672 上峰水泥 
2025-08-23 18:54:58,674 - INFO - 📈 已处理000676 智度股份 
2025-08-23 18:54:59,289 - INFO - 📈 已处理000677 恒天海龙 
2025-08-23 18:54:59,894 - INFO - 📈 已处理000678 襄阳轴承 
2025-08-23 18:55:00,526 - INFO - 📈 已处理000679 大连友谊 
2025-08-23 18:55:01,144 - INFO - 📈 已处理000680 山推股份 
2025-08-23 18:55:01,744 - INFO - 📈 已处理000681 视觉中国 
2025-08-23 18:55:02,354 - INFO - 📈 已处理000682 东方电子 
2025-08-23 18:55:02,954 - INFO - 📈 已处理000683 博源化工 
2025-08-23 18:55:03,566 - INFO - 📈 已处理000685 中山公用 
2025-08-23 18:55:04,167 - INFO - 📈 已处理000686 东北证券 
2025-08-23 18:55:05,376 - INFO - 📈 已处理000688 国城矿业 
2025-08-23 18:55:06,572 - INFO - 📈 已处理000690 宝新能源 
2025-08-23 18:55:07,169 - INFO - 📈 已处理000691 *ST亚太 
2025-08-23 18:55:07,768 - INFO - 📈 已处理000692 惠天热电 
2025-08-23 18:55:08,960 - INFO - 📈 已处理000695 滨海能源 
2025-08-23 18:55:09,559 - INFO - 📈 已处理000697 ST炼石 
2025-08-23 18:55:10,161 - INFO - 📈 已处理000698 沈阳化工 
2025-08-23 18:55:11,345 - INFO - 📈 已处理000700 模塑科技 
2025-08-23 18:55:11,942 - INFO - 📈 已处理000701 厦门信达 
2025-08-23 18:55:12,553 - INFO - 📈 已处理000702 正虹科技 
2025-08-23 18:55:13,166 - INFO - 📈 已处理000703 恒逸石化 
2025-08-23 18:55:13,756 - INFO - 📈 已处理000705 浙江震元 
2025-08-23 18:55:14,383 - INFO - 📈 已处理000707 双环科技 
2025-08-23 18:55:14,985 - INFO - 📈 已处理000708 中信特钢 
2025-08-23 18:55:15,593 - INFO - 📈 已处理000709 河钢股份 
2025-08-23 18:55:16,193 - INFO - 📈 已处理000710 贝瑞基因 
2025-08-23 18:55:16,794 - INFO - 📈 已处理000711 *ST京蓝 
2025-08-23 18:55:17,407 - INFO - 📈 已处理000712 锦龙股份 
2025-08-23 18:55:18,019 - INFO - 📈 已处理000713 丰乐种业 
2025-08-23 18:55:18,622 - INFO - 📈 已处理000715 中兴商业 
2025-08-23 18:55:19,233 - INFO - 📈 已处理000716 黑芝麻 
2025-08-23 18:55:19,846 - INFO - 📈 已处理000717 中南股份 
2025-08-23 18:55:20,451 - INFO - 📈 已处理000718 苏宁环球 
2025-08-23 18:55:21,046 - INFO - 📈 已处理000719 中原传媒 
2025-08-23 18:55:21,653 - INFO - 📈 已处理000720 新能泰山 
2025-08-23 18:55:22,259 - INFO - 📈 已处理000721 西安饮食 
2025-08-23 18:55:22,260 - INFO - 📈 已处理 300/5740 只股票，成功 239 只
2025-08-23 18:55:22,863 - INFO - 📈 已处理000722 湖南发展 
2025-08-23 18:55:23,476 - INFO - 📈 已处理000723 美锦能源 
2025-08-23 18:55:24,093 - INFO - 📈 已处理000725 京东方Ａ 
2025-08-23 18:55:24,719 - INFO - 📈 已处理000726 鲁泰Ａ 
2025-08-23 18:55:25,317 - INFO - 📈 已处理000727 冠捷科技 
2025-08-23 18:55:25,919 - INFO - 📈 已处理000728 国元证券 
2025-08-23 18:55:26,543 - INFO - 📈 已处理000729 燕京啤酒 
2025-08-23 18:55:27,763 - INFO - 📈 已处理000731 四川美丰 
2025-08-23 18:55:28,986 - INFO - 📈 已处理000733 振华科技 
2025-08-23 18:55:29,602 - INFO - 📈 已处理000735 罗牛山 
2025-08-23 18:55:30,213 - INFO - 📈 已处理000736 *ST中地 
2025-08-23 18:55:30,813 - INFO - 📈 已处理000737 北方铜业 
2025-08-23 18:55:31,423 - INFO - 📈 已处理000738 航发控制 
2025-08-23 18:55:32,025 - INFO - 📈 已处理000739 普洛药业 
2025-08-23 18:55:33,232 - INFO - 📈 已处理000750 国海证券 
2025-08-23 18:55:33,843 - INFO - 📈 已处理000751 锌业股份 
2025-08-23 18:55:34,459 - INFO - 📈 已处理000752 ST西发 
2025-08-23 18:55:35,063 - INFO - 📈 已处理000753 漳州发展 
2025-08-23 18:55:35,663 - INFO - 📈 已处理000755 山西高速 
2025-08-23 18:55:36,275 - INFO - 📈 已处理000756 新华制药 
2025-08-23 18:55:36,886 - INFO - 📈 已处理000757 浩物股份 
2025-08-23 18:55:37,498 - INFO - 📈 已处理000758 中色股份 
2025-08-23 18:55:38,099 - INFO - 📈 已处理000759 中百集团 
2025-08-23 18:55:39,285 - INFO - 📈 已处理000761 本钢板材 
2025-08-23 18:55:39,903 - INFO - 📈 已处理000762 西藏矿业 
2025-08-23 18:55:41,703 - INFO - 📈 已处理000766 通化金马 
2025-08-23 18:55:42,308 - INFO - 📈 已处理000767 晋控电力 
2025-08-23 18:55:42,922 - INFO - 📈 已处理000768 中航西飞 
2025-08-23 18:55:44,104 - INFO - 📈 已处理000776 广发证券 
2025-08-23 18:55:44,729 - INFO - 📈 已处理000777 中核科技 
2025-08-23 18:55:45,343 - INFO - 📈 已处理000778 新兴铸管 
2025-08-23 18:55:45,957 - INFO - 📈 已处理000779 甘咨询 
2025-08-23 18:55:47,166 - INFO - 📈 已处理000782 恒申新材 
2025-08-23 18:55:47,764 - INFO - 📈 已处理000783 长江证券 
2025-08-23 18:55:48,363 - INFO - 📈 已处理000785 居然智家 
2025-08-23 18:55:48,973 - INFO - 📈 已处理000786 北新建材 
2025-08-23 18:55:50,163 - INFO - 📈 已处理000788 北大医药 
2025-08-23 18:55:50,757 - INFO - 📈 已处理000789 万年青 
2025-08-23 18:55:51,363 - INFO - 📈 已处理000790 华神科技 
2025-08-23 18:55:51,973 - INFO - 📈 已处理000791 甘肃能源 
2025-08-23 18:55:52,603 - INFO - 📈 已处理000792 盐湖股份 
2025-08-23 18:55:52,603 - INFO - 📈 已处理 350/5740 只股票，成功 280 只
2025-08-23 18:55:53,203 - INFO - 📈 已处理000793 ST华闻 
2025-08-23 18:55:53,803 - INFO - 📈 已处理000795 英洛华 
2025-08-23 18:55:54,432 - INFO - 📈 已处理000796 凯撒旅业 
2025-08-23 18:55:55,023 - INFO - 📈 已处理000797 中国武夷 
2025-08-23 18:55:55,633 - INFO - 📈 已处理000798 中水渔业 
2025-08-23 18:55:56,234 - INFO - 📈 已处理000799 酒鬼酒 
2025-08-23 18:55:56,868 - INFO - 📈 已处理000800 一汽解放 
2025-08-23 18:55:57,472 - INFO - 📈 已处理000801 四川九洲 
2025-08-23 18:55:58,074 - INFO - 📈 已处理000802 北京文化 
2025-08-23 18:55:58,684 - INFO - 📈 已处理000803 山高环能 
2025-08-23 18:56:00,471 - INFO - 📈 已处理000807 云铝股份 
2025-08-23 18:56:01,089 - INFO - 📈 已处理000809 和展能源 
2025-08-23 18:56:01,702 - INFO - 📈 已处理000810 创维数字 
2025-08-23 18:56:02,302 - INFO - 📈 已处理000811 冰轮环境 
2025-08-23 18:56:02,902 - INFO - 📈 已处理000812 陕西金叶 
2025-08-23 18:56:03,502 - INFO - 📈 已处理000813 德展健康 
2025-08-23 18:56:04,103 - INFO - 📈 已处理000815 美利云 
2025-08-23 18:56:04,710 - INFO - 📈 已处理000816 智慧农业 
2025-08-23 18:56:05,922 - INFO - 📈 已处理000818 航锦科技 
2025-08-23 18:56:06,532 - INFO - 📈 已处理000819 岳阳兴长 
2025-08-23 18:56:07,122 - INFO - 📈 已处理000820 *ST节能 
2025-08-23 18:56:07,732 - INFO - 📈 已处理000821 京山轻机 
2025-08-23 18:56:08,332 - INFO - 📈 已处理000822 山东海化 
2025-08-23 18:56:08,927 - INFO - 📈 已处理000823 超声电子 
2025-08-23 18:56:09,534 - INFO - 📈 已处理000825 太钢不锈 
2025-08-23 18:56:10,152 - INFO - 📈 已处理000826 启迪环境 
2025-08-23 18:56:11,361 - INFO - 📈 已处理000828 东莞控股 
2025-08-23 18:56:11,958 - INFO - 📈 已处理000829 天音控股 
2025-08-23 18:56:12,552 - INFO - 📈 已处理000830 鲁西化工 
2025-08-23 18:56:13,166 - INFO - 📈 已处理000831 中国稀土 
2025-08-23 18:56:14,372 - INFO - 📈 已处理000833 粤桂股份 
2025-08-23 18:56:16,152 - INFO - 📈 已处理000837 秦川机床 
2025-08-23 18:56:16,772 - INFO - 📈 已处理000838 财信发展 
2025-08-23 18:56:17,372 - INFO - 📈 已处理000839 国安股份 
2025-08-23 18:56:17,972 - INFO - 📈 已处理000848 承德露露 
2025-08-23 18:56:18,598 - INFO - 📈 已处理000850 华茂股份 
2025-08-23 18:56:19,200 - INFO - 📈 已处理000851 *ST高鸿 
2025-08-23 18:56:19,802 - INFO - 📈 已处理000852 石化机械 
2025-08-23 18:56:20,404 - INFO - 📈 已处理000856 冀东装备 
2025-08-23 18:56:21,020 - INFO - 📈 已处理000858 五粮液 
2025-08-23 18:56:21,652 - INFO - 📈 已处理000859 国风新材 
2025-08-23 18:56:22,267 - INFO - 📈 已处理000860 顺鑫农业 
2025-08-23 18:56:23,452 - INFO - 📈 已处理000862 银星能源 
2025-08-23 18:56:24,072 - INFO - 📈 已处理000863 三湘印象 
2025-08-23 18:56:25,263 - INFO - 📈 已处理000868 安凯客车 
2025-08-23 18:56:25,862 - INFO - 📈 已处理000869 张裕Ａ 
2025-08-23 18:56:26,464 - INFO - 📈 已处理000875 吉电股份 
2025-08-23 18:56:27,081 - INFO - 📈 已处理000876 新希望 
2025-08-23 18:56:27,692 - INFO - 📈 已处理000877 天山股份 
2025-08-23 18:56:28,305 - INFO - 📈 已处理000878 云南铜业 
2025-08-23 18:56:28,900 - INFO - 📈 已处理000880 潍柴重机 
2025-08-23 18:56:29,511 - INFO - 📈 已处理000881 中广核技 
2025-08-23 18:56:30,122 - INFO - 📈 已处理000882 华联股份 
2025-08-23 18:56:30,733 - INFO - 📈 已处理000883 湖北能源 
2025-08-23 18:56:31,321 - INFO - 📈 已处理000885 城发环境 
2025-08-23 18:56:31,932 - INFO - 📈 已处理000886 海南高速 
2025-08-23 18:56:32,545 - INFO - 📈 已处理000887 中鼎股份 
2025-08-23 18:56:33,166 - INFO - 📈 已处理000888 峨眉山Ａ 
2025-08-23 18:56:33,762 - INFO - 📈 已处理000889 中嘉博创 
2025-08-23 18:56:34,358 - INFO - 📈 已处理000890 法尔胜 
2025-08-23 18:56:34,961 - INFO - 📈 已处理000892 欢瑞世纪 
2025-08-23 18:56:35,665 - INFO - 📈 已处理000893 亚钾国际 
2025-08-23 18:56:36,277 - INFO - 📈 已处理000895 双汇发展 
2025-08-23 18:56:36,893 - INFO - 📈 已处理000897 津滨发展 
2025-08-23 18:56:37,501 - INFO - 📈 已处理000898 鞍钢股份 
2025-08-23 18:56:38,101 - INFO - 📈 已处理000899 赣能股份 
2025-08-23 18:56:38,720 - INFO - 📈 已处理000900 现代投资 
2025-08-23 18:56:39,321 - INFO - 📈 已处理000901 航天科技 
2025-08-23 18:56:39,941 - INFO - 📈 已处理000902 新洋丰 
2025-08-23 18:56:40,561 - INFO - 📈 已处理000903 ST云动 
2025-08-23 18:56:41,178 - INFO - 📈 已处理000905 厦门港务 
2025-08-23 18:56:41,798 - INFO - 📈 已处理000906 浙商中拓 
2025-08-23 18:56:42,408 - INFO - 📈 已处理000908 ST景峰 
2025-08-23 18:56:43,042 - INFO - 📈 已处理000909 ST数源 
2025-08-23 18:56:43,651 - INFO - 📈 已处理000910 大亚圣象 
2025-08-23 18:56:44,261 - INFO - 📈 已处理000911 广农糖业 
2025-08-23 18:56:44,888 - INFO - 📈 已处理000912 泸天化 
2025-08-23 18:56:45,511 - INFO - 📈 已处理000913 钱江摩托 
2025-08-23 18:56:46,113 - INFO - 📈 已处理000915 华特达因 
2025-08-23 18:56:47,307 - INFO - 📈 已处理000917 电广传媒 
2025-08-23 18:56:48,511 - INFO - 📈 已处理000919 金陵药业 
2025-08-23 18:56:49,110 - INFO - 📈 已处理000920 沃顿科技 
2025-08-23 18:56:49,728 - INFO - 📈 已处理000921 海信家电 
2025-08-23 18:56:50,341 - INFO - 📈 已处理000922 佳电股份 
2025-08-23 18:56:50,951 - INFO - 📈 已处理000923 河钢资源 
2025-08-23 18:56:51,561 - INFO - 📈 已处理000925 众合科技 
2025-08-23 18:56:52,161 - INFO - 📈 已处理000926 福星股份 
2025-08-23 18:56:52,771 - INFO - 📈 已处理000927 中国铁物 
2025-08-23 18:56:53,388 - INFO - 📈 已处理000928 中钢国际 
2025-08-23 18:56:53,388 - INFO - 📈 已处理 450/5740 只股票，成功 369 只
2025-08-23 18:56:54,001 - INFO - 📈 已处理000929 *ST兰黄 
2025-08-23 18:56:54,611 - INFO - 📈 已处理000930 中粮科技 
2025-08-23 18:56:55,226 - INFO - 📈 已处理000931 中关村 
2025-08-23 18:56:55,831 - INFO - 📈 已处理000932 华菱钢铁 
2025-08-23 18:56:56,435 - INFO - 📈 已处理000933 神火股份 
2025-08-23 18:56:57,090 - INFO - 📈 已处理000935 四川双马 
2025-08-23 18:56:57,721 - INFO - 📈 已处理000936 华西股份 
2025-08-23 18:56:58,341 - INFO - 📈 已处理000937 冀中能源 
2025-08-23 18:56:58,947 - INFO - 📈 已处理000938 紫光股份 
2025-08-23 18:57:00,146 - INFO - 📈 已处理000948 南天信息 
2025-08-23 18:57:00,747 - INFO - 📈 已处理000949 新乡化纤 
2025-08-23 18:57:01,365 - INFO - 📈 已处理000950 重药控股 
2025-08-23 18:57:01,973 - INFO - 📈 已处理000951 中国重汽 
2025-08-23 18:57:02,570 - INFO - 📈 已处理000952 广济药业 
2025-08-23 18:57:03,188 - INFO - 📈 已处理000953 河化股份 
2025-08-23 18:57:03,811 - INFO - 📈 已处理000955 欣龙控股 
2025-08-23 18:57:05,007 - INFO - 📈 已处理000957 中通客车 
2025-08-23 18:57:05,609 - INFO - 📈 已处理000958 电投产融 
2025-08-23 18:57:06,224 - INFO - 📈 已处理000959 首钢股份 
2025-08-23 18:57:06,963 - INFO - 📈 已处理000960 锡业股份 
2025-08-23 18:57:08,167 - INFO - 📈 已处理000962 东方钽业 
2025-08-23 18:57:08,777 - INFO - 📈 已处理000963 华东医药 
2025-08-23 18:57:09,374 - INFO - 📈 已处理000965 天保基建 
2025-08-23 18:57:09,984 - INFO - 📈 已处理000966 长源电力 
2025-08-23 18:57:10,583 - INFO - 📈 已处理000967 盈峰环境 
2025-08-23 18:57:11,185 - INFO - 📈 已处理000968 蓝焰控股 
2025-08-23 18:57:11,792 - INFO - 📈 已处理000969 安泰科技 
2025-08-23 18:57:12,403 - INFO - 📈 已处理000970 中科三环 
2025-08-23 18:57:13,601 - INFO - 📈 已处理000972 *ST中基 
2025-08-23 18:57:14,213 - INFO - 📈 已处理000973 佛塑科技 
2025-08-23 18:57:14,813 - INFO - 📈 已处理000975 山金国际 
2025-08-23 18:57:16,016 - INFO - 📈 已处理000977 浪潮信息 
2025-08-23 18:57:16,620 - INFO - 📈 已处理000978 桂林旅游 
2025-08-23 18:57:17,831 - INFO - 📈 已处理000980 众泰汽车 
2025-08-23 18:57:18,440 - INFO - 📈 已处理000981 山子高科 
2025-08-23 18:57:19,671 - INFO - 📈 已处理000983 山西焦煤 
2025-08-23 18:57:20,270 - INFO - 📈 已处理000985 大庆华科 
2025-08-23 18:57:20,884 - INFO - 📈 已处理000987 越秀资本 
2025-08-23 18:57:21,510 - INFO - 📈 已处理000988 华工科技 
2025-08-23 18:57:22,108 - INFO - 📈 已处理000989 九芝堂 
2025-08-23 18:57:22,730 - INFO - 📈 已处理000990 诚志股份 
2025-08-23 18:57:23,333 - INFO - 📈 已处理000993 闽东电力 
2025-08-23 18:57:23,953 - INFO - 📈 已处理000995 皇台酒业 
2025-08-23 18:57:23,954 - INFO - 📈 已处理 500/5740 只股票，成功 412 只
2025-08-23 18:57:25,161 - INFO - 📈 已处理000997 新大陆 
2025-08-23 18:57:25,758 - INFO - 📈 已处理000998 隆平高科 
2025-08-23 18:57:26,352 - INFO - 📈 已处理000999 华润三九 
2025-08-23 18:57:26,969 - INFO - 📈 已处理001201 东瑞股份 
2025-08-23 18:57:27,574 - INFO - 📈 已处理001202 炬申股份 
2025-08-23 18:57:28,191 - INFO - 📈 已处理001203 大中矿业 
2025-08-23 18:57:28,799 - INFO - 📈 已处理001205 盛航股份 
2025-08-23 18:57:29,404 - INFO - 📈 已处理001206 依依股份 
2025-08-23 18:57:30,017 - INFO - 📈 已处理001207 联科科技 
2025-08-23 18:57:30,632 - INFO - 📈 已处理001208 华菱线缆 
2025-08-23 18:57:31,220 - INFO - 📈 已处理001209 洪兴股份 
2025-08-23 18:57:31,841 - INFO - 📈 已处理001210 金房能源 
2025-08-23 18:57:32,459 - INFO - 📈 已处理001211 双枪科技 
2025-08-23 18:57:33,066 - INFO - 📈 已处理001212 中旗新材 
2025-08-23 18:57:33,691 - INFO - 📈 已处理001213 中铁特货 
2025-08-23 18:57:34,301 - INFO - 📈 已处理001215 千味央厨 
2025-08-23 18:57:34,899 - INFO - 📈 已处理001216 华瓷股份 
2025-08-23 18:57:35,511 - INFO - 📈 已处理001217 华尔泰 
2025-08-23 18:57:36,115 - INFO - 📈 已处理001218 丽臣实业 
2025-08-23 18:57:36,715 - INFO - 📈 已处理001219 青岛食品 
2025-08-23 18:57:37,323 - INFO - 📈 已处理001221 悍高集团 
2025-08-23 18:57:37,930 - INFO - 📈 已处理001222 源飞宠物 
2025-08-23 18:57:38,530 - INFO - 📈 已处理001223 欧克科技 
2025-08-23 18:57:39,132 - INFO - 📈 已处理001225 和泰机电 
2025-08-23 18:57:39,747 - INFO - 📈 已处理001226 拓山重工 
2025-08-23 18:57:40,347 - INFO - 📈 已处理001227 兰州银行 
2025-08-23 18:57:40,948 - INFO - 📈 已处理001228 永泰运 
2025-08-23 18:57:41,555 - INFO - 📈 已处理001229 魅视科技 
2025-08-23 18:57:42,166 - INFO - 📈 已处理001230 劲旅环境 
2025-08-23 18:57:42,774 - INFO - 📈 已处理001231 农心科技 
2025-08-23 18:57:43,403 - INFO - 📈 已处理001234 泰慕士 
2025-08-23 18:57:44,018 - INFO - 📈 已处理001236 弘业期货 
2025-08-23 18:57:44,620 - INFO - 📈 已处理001238 浙江正特 
2025-08-23 18:57:45,221 - INFO - 📈 已处理001239 永达股份 
2025-08-23 18:57:45,830 - INFO - 📈 已处理001255 博菲电气 
2025-08-23 18:57:46,432 - INFO - 📈 已处理001256 炜冈科技 
2025-08-23 18:57:47,046 - INFO - 📈 已处理001258 立新能源 
2025-08-23 18:57:47,648 - INFO - 📈 已处理001259 利仁科技 
2025-08-23 18:57:48,278 - INFO - 📈 已处理001260 坤泰股份 
2025-08-23 18:57:48,879 - INFO - 📈 已处理001266 宏英智能 
2025-08-23 18:57:49,483 - INFO - 📈 已处理001267 汇绿生态 
2025-08-23 18:57:50,093 - INFO - 📈 已处理001268 联合精密 
2025-08-23 18:57:50,701 - INFO - 📈 已处理001269 欧晶科技 
2025-08-23 18:57:51,300 - INFO - 📈 已处理001270 *ST铖昌 
2025-08-23 18:57:51,916 - INFO - 📈 已处理001277 速达股份 
2025-08-23 18:57:52,524 - INFO - 📈 已处理001278 一彬科技 
2025-08-23 18:57:53,133 - INFO - 📈 已处理001279 强邦新材 
2025-08-23 18:57:53,734 - INFO - 📈 已处理001282 三联锻造 
2025-08-23 18:57:54,346 - INFO - 📈 已处理001283 豪鹏科技 
2025-08-23 18:57:54,346 - INFO - 📈 已处理 550/5740 只股票，成功 461 只
2025-08-23 18:57:54,958 - INFO - 📈 已处理001286 陕西能源 
2025-08-23 18:57:55,584 - INFO - 📈 已处理001287 中电港 
2025-08-23 18:57:56,178 - INFO - 📈 已处理001288 运机集团 
2025-08-23 18:57:56,777 - INFO - 📈 已处理001289 龙源电力 
2025-08-23 18:57:57,382 - INFO - 📈 已处理001296 长江材料 
2025-08-23 18:57:57,994 - INFO - 📈 已处理001298 好上好 
2025-08-23 18:57:58,590 - INFO - 📈 已处理001299 美能能源 
2025-08-23 18:57:59,209 - INFO - 📈 已处理001300 三柏硕 
2025-08-23 18:57:59,818 - INFO - 📈 已处理001301 尚太科技 
2025-08-23 18:58:00,446 - INFO - 📈 已处理001306 夏厦精密 
2025-08-23 18:58:01,077 - INFO - 📈 已处理001308 康冠科技 
2025-08-23 18:58:01,693 - INFO - 📈 已处理001309 德明利 
2025-08-23 18:58:02,305 - INFO - 📈 已处理001311 多利科技 
2025-08-23 18:58:02,915 - INFO - 📈 已处理001313 粤海饲料 
2025-08-23 18:58:03,502 - INFO - 📈 已处理001314 亿道信息 
2025-08-23 18:58:04,102 - INFO - 📈 已处理001316 润贝航科 
2025-08-23 18:58:04,717 - INFO - 📈 已处理001317 三羊马 
2025-08-23 18:58:05,329 - INFO - 📈 已处理001318 阳光乳业 
2025-08-23 18:58:05,947 - INFO - 📈 已处理001319 铭科精技 
2025-08-23 18:58:06,551 - INFO - 📈 已处理001322 箭牌家居 
2025-08-23 18:58:08,070 - INFO - 📈 已处理001323 慕思股份 
2025-08-23 18:58:08,687 - INFO - 📈 已处理001324 长青科技 
2025-08-23 18:58:09,301 - INFO - 📈 已处理001326 联域股份 
2025-08-23 18:58:09,949 - INFO - 📈 已处理001328 登康口腔 
2025-08-23 18:58:10,566 - INFO - 📈 已处理001330 博纳影业 
2025-08-23 18:58:11,165 - INFO - 📈 已处理001331 胜通能源 
2025-08-23 18:58:11,769 - INFO - 📈 已处理001332 锡装股份 
2025-08-23 18:58:12,382 - INFO - 📈 已处理001333 光华股份 
2025-08-23 18:58:12,995 - INFO - 📈 已处理001335 信凯科技 
2025-08-23 18:58:13,601 - INFO - 📈 已处理001336 楚环科技 
2025-08-23 18:58:14,214 - INFO - 📈 已处理001337 四川黄金 
2025-08-23 18:58:14,819 - INFO - 📈 已处理001338 永顺泰 
2025-08-23 18:58:15,422 - INFO - 📈 已处理001339 智微智能 
2025-08-23 18:58:16,021 - INFO - 📈 已处理001356 富岭股份 
2025-08-23 18:58:16,631 - INFO - 📈 已处理001358 兴欣新材 
2025-08-23 18:58:17,244 - INFO - 📈 已处理001359 平安电工 
2025-08-23 18:58:17,839 - INFO - 📈 已处理001360 南矿集团 
2025-08-23 18:58:18,455 - INFO - 📈 已处理001366 播恩集团 
2025-08-23 18:58:19,061 - INFO - 📈 已处理001367 海森药业 
2025-08-23 18:58:19,659 - INFO - 📈 已处理001368 通达创智 
2025-08-23 18:58:20,265 - INFO - 📈 已处理001373 翔腾新材 
2025-08-23 18:58:20,866 - INFO - 📈 已处理001376 百通能源 
2025-08-23 18:58:21,477 - INFO - 📈 已处理001378 德冠新材 
2025-08-23 18:58:22,075 - INFO - 📈 已处理001379 腾达科技 
2025-08-23 18:58:22,675 - INFO - 📈 已处理001380 华纬科技 
2025-08-23 18:58:23,279 - INFO - 📈 已处理001382 新亚电缆 
2025-08-23 18:58:23,899 - INFO - 📈 已处理001387 雪祺电气 
2025-08-23 18:58:24,495 - INFO - 📈 已处理001388 信通电子 
2025-08-23 18:58:25,099 - INFO - 📈 已处理001389 广合科技 
2025-08-23 18:58:25,717 - INFO - 📈 已处理001390 古麒绒材 
2025-08-23 18:58:25,717 - INFO - 📈 已处理 600/5740 只股票，成功 511 只
2025-08-23 18:58:26,319 - INFO - 📈 已处理001391 国货航 
2025-08-23 18:58:26,950 - INFO - 📈 已处理001395 亚联机械 
2025-08-23 18:58:27,557 - INFO - 📈 已处理001400 江顺科技 
2025-08-23 18:58:28,159 - INFO - 📈 已处理001696 宗申动力 
2025-08-23 18:58:28,759 - INFO - 📈 已处理001872 招商港口 
2025-08-23 18:58:29,358 - INFO - 📈 已处理001896 豫能控股 
2025-08-23 18:58:29,956 - INFO - 📈 已处理001914 招商积余 
2025-08-23 18:58:30,654 - INFO - 📈 已处理001965 招商公路 
2025-08-23 18:58:31,252 - INFO - 📈 已处理001979 招商蛇口 
2025-08-23 18:58:31,856 - INFO - 📈 已处理002001 新和成 
2025-08-23 18:58:33,057 - INFO - 📈 已处理002003 伟星股份 
2025-08-23 18:58:33,672 - INFO - 📈 已处理002004 华邦健康 
2025-08-23 18:58:34,267 - INFO - 📈 已处理002005 ST德豪 
2025-08-23 18:58:34,871 - INFO - 📈 已处理002006 精工科技 
2025-08-23 18:58:35,471 - INFO - 📈 已处理002007 华兰生物 
2025-08-23 18:58:36,088 - INFO - 📈 已处理002008 大族激光 
2025-08-23 18:58:36,688 - INFO - 📈 已处理002009 天奇股份 
2025-08-23 18:58:37,304 - INFO - 📈 已处理002010 传化智联 
2025-08-23 18:58:37,907 - INFO - 📈 已处理002011 盾安环境 
2025-08-23 18:58:38,519 - INFO - 📈 已处理002012 凯恩股份 
2025-08-23 18:58:39,725 - INFO - 📈 已处理002014 永新股份 
2025-08-23 18:58:40,344 - INFO - 📈 已处理002015 协鑫能科 
2025-08-23 18:58:40,943 - INFO - 📈 已处理002016 世荣兆业 
2025-08-23 18:58:41,560 - INFO - 📈 已处理002017 东信和平 
2025-08-23 18:58:42,744 - INFO - 📈 已处理002019 亿帆医药 
2025-08-23 18:58:43,358 - INFO - 📈 已处理002020 京新药业 
2025-08-23 18:58:43,967 - INFO - 📈 已处理002021 中捷资源 
2025-08-23 18:58:44,587 - INFO - 📈 已处理002022 科华生物 
2025-08-23 18:58:45,191 - INFO - 📈 已处理002023 海特高新 
2025-08-23 18:58:45,788 - INFO - 📈 已处理002024 ST易购 
2025-08-23 18:58:46,388 - INFO - 📈 已处理002025 航天电器 
2025-08-23 18:58:46,998 - INFO - 📈 已处理002026 山东威达 
2025-08-23 18:58:47,588 - INFO - 📈 已处理002027 分众传媒 
2025-08-23 18:58:48,207 - INFO - 📈 已处理002028 思源电气 
2025-08-23 18:58:48,825 - INFO - 📈 已处理002029 七匹狼 
2025-08-23 18:58:49,444 - INFO - 📈 已处理002030 达安基因 
2025-08-23 18:58:50,058 - INFO - 📈 已处理002031 巨轮智能 
2025-08-23 18:58:50,666 - INFO - 📈 已处理002032 苏泊尔 
2025-08-23 18:58:51,275 - INFO - 📈 已处理002033 丽江股份 
2025-08-23 18:58:51,875 - INFO - 📈 已处理002034 旺能环境 
2025-08-23 18:58:52,479 - INFO - 📈 已处理002035 华帝股份 
2025-08-23 18:58:53,079 - INFO - 📈 已处理002036 联创电子 
2025-08-23 18:58:53,683 - INFO - 📈 已处理002037 保利联合 
2025-08-23 18:58:54,293 - INFO - 📈 已处理002038 双鹭药业 
2025-08-23 18:58:54,900 - INFO - 📈 已处理002039 黔源电力 
2025-08-23 18:58:55,525 - INFO - 📈 已处理002040 南京港 
2025-08-23 18:58:56,138 - INFO - 📈 已处理002041 登海种业 
2025-08-23 18:58:56,138 - INFO - 📈 已处理 650/5740 只股票，成功 558 只
2025-08-23 18:58:56,758 - INFO - 📈 已处理002042 华孚时尚 
2025-08-23 18:58:57,380 - INFO - 📈 已处理002043 兔宝宝 
2025-08-23 18:58:57,979 - INFO - 📈 已处理002044 美年健康 
2025-08-23 18:58:58,582 - INFO - 📈 已处理002045 国光电器 
2025-08-23 18:58:59,192 - INFO - 📈 已处理002046 国机精工 
2025-08-23 18:58:59,821 - INFO - 📈 已处理002047 *ST宝鹰 
2025-08-23 18:59:00,429 - INFO - 📈 已处理002048 宁波华翔 
2025-08-23 18:59:01,030 - INFO - 📈 已处理002049 紫光国微 
2025-08-23 18:59:01,630 - INFO - 📈 已处理002050 三花智控 
2025-08-23 18:59:02,249 - INFO - 📈 已处理002051 中工国际 
2025-08-23 18:59:02,855 - INFO - 📈 已处理002052 同洲电子 
2025-08-23 18:59:03,467 - INFO - 📈 已处理002053 云南能投 
2025-08-23 18:59:04,068 - INFO - 📈 已处理002054 德美化工 
2025-08-23 18:59:04,684 - INFO - 📈 已处理002055 得润电子 
2025-08-23 18:59:05,304 - INFO - 📈 已处理002056 横店东磁 
2025-08-23 18:59:05,917 - INFO - 📈 已处理002057 中钢天源 
2025-08-23 18:59:06,538 - INFO - 📈 已处理002058 *ST威尔 
2025-08-23 18:59:07,148 - INFO - 📈 已处理002059 云南旅游 
2025-08-23 18:59:07,756 - INFO - 📈 已处理002060 广东建工 
2025-08-23 18:59:08,363 - INFO - 📈 已处理002061 浙江交科 
2025-08-23 18:59:08,970 - INFO - 📈 已处理002062 宏润建设 
2025-08-23 18:59:09,579 - INFO - 📈 已处理002063 远光软件 
2025-08-23 18:59:10,189 - INFO - 📈 已处理002064 华峰化学 
2025-08-23 18:59:10,804 - INFO - 📈 已处理002065 东华软件 
2025-08-23 18:59:11,427 - INFO - 📈 已处理002066 瑞泰科技 
2025-08-23 18:59:12,032 - INFO - 📈 已处理002067 景兴纸业 
2025-08-23 18:59:12,635 - INFO - 📈 已处理002068 黑猫股份 
2025-08-23 18:59:13,247 - INFO - 📈 已处理002069 獐子岛 
2025-08-23 18:59:15,031 - INFO - 📈 已处理002072 凯瑞德 
2025-08-23 18:59:15,647 - INFO - 📈 已处理002073 软控股份 
2025-08-23 18:59:16,255 - INFO - 📈 已处理002074 国轩高科 
2025-08-23 18:59:16,862 - INFO - 📈 已处理002075 沙钢股份 
2025-08-23 18:59:17,473 - INFO - 📈 已处理002076 *ST星光 
2025-08-23 18:59:18,076 - INFO - 📈 已处理002077 大港股份 
2025-08-23 18:59:18,688 - INFO - 📈 已处理002078 太阳纸业 
2025-08-23 18:59:19,288 - INFO - 📈 已处理002079 苏州固锝 
2025-08-23 18:59:19,898 - INFO - 📈 已处理002080 中材科技 
2025-08-23 18:59:20,524 - INFO - 📈 已处理002081 金螳螂 
2025-08-23 18:59:21,132 - INFO - 📈 已处理002082 万邦德 
2025-08-23 18:59:21,737 - INFO - 📈 已处理002083 孚日股份 
2025-08-23 18:59:22,357 - INFO - 📈 已处理002084 海鸥住工 
2025-08-23 18:59:22,966 - INFO - 📈 已处理002085 万丰奥威 
2025-08-23 18:59:23,583 - INFO - 📈 已处理002086 东方海洋 
2025-08-23 18:59:24,780 - INFO - 📈 已处理002088 鲁阳节能 
2025-08-23 18:59:25,985 - INFO - 📈 已处理002090 金智科技 
2025-08-23 18:59:26,597 - INFO - 📈 已处理002091 江苏国泰 
2025-08-23 18:59:26,597 - INFO - 📈 已处理 700/5740 只股票，成功 604 只
2025-08-23 18:59:27,210 - INFO - 📈 已处理002092 中泰化学 
2025-08-23 18:59:27,820 - INFO - 📈 已处理002093 国脉科技 
2025-08-23 18:59:28,444 - INFO - 📈 已处理002094 青岛金王 
2025-08-23 18:59:29,051 - INFO - 📈 已处理002095 生意宝 
2025-08-23 18:59:29,661 - INFO - 📈 已处理002096 易普力 
2025-08-23 18:59:30,267 - INFO - 📈 已处理002097 山河智能 
2025-08-23 18:59:30,876 - INFO - 📈 已处理002098 浔兴股份 
2025-08-23 18:59:31,480 - INFO - 📈 已处理002099 海翔药业 
2025-08-23 18:59:32,080 - INFO - 📈 已处理002100 天康生物 
2025-08-23 18:59:32,696 - INFO - 📈 已处理002101 广东鸿图 
2025-08-23 19:03:47,336 - INFO - 📈 已处理002534 西子洁能 
2025-08-23 19:03:47,953 - INFO - 📈 已处理002535 林州重机 
2025-08-23 19:03:48,571 - INFO - 📈 已处理002536 飞龙股份 
2025-08-23 19:03:49,209 - INFO - 📈 已处理002537 海联金汇 
2025-08-23 19:03:49,849 - INFO - 📈 已处理002538 司尔特 
2025-08-23 19:03:50,481 - INFO - 📈 已处理002539 云图控股 
2025-08-23 19:03:51,116 - INFO - 📈 已处理002540 亚太科技 
2025-08-23 19:03:51,748 - INFO - 📈 已处理002541 鸿路钢构 
2025-08-23 19:03:52,371 - INFO - 📈 已处理002542 中化岩土 
2025-08-23 19:03:53,001 - INFO - 📈 已处理002543 万和电气 
2025-08-23 19:03:53,001 - INFO - 📈 已处理 1150/5740 只股票，成功 624 只
2025-08-23 19:03:53,630 - INFO - 📈 已处理002544 普天科技 
2025-08-23 19:03:54,246 - INFO - 📈 已处理002545 东方铁塔 
2025-08-23 19:03:54,857 - INFO - 📈 已处理002546 新联电子 
2025-08-23 19:03:55,491 - INFO - 📈 已处理002547 春兴精工 
2025-08-23 19:03:56,106 - INFO - 📈 已处理002548 金新农 
2025-08-23 19:03:56,711 - INFO - 📈 已处理002549 凯美特气 
2025-08-23 19:03:57,332 - INFO - 📈 已处理002550 千红制药 
2025-08-23 19:03:57,956 - INFO - 📈 已处理002551 尚荣医疗 
2025-08-23 19:03:58,581 - INFO - 📈 已处理002552 宝鼎科技 
2025-08-23 19:03:59,204 - INFO - 📈 已处理002553 南方精工 
2025-08-23 19:03:59,818 - INFO - 📈 已处理002554 惠博普 
2025-08-23 19:04:00,431 - INFO - 📈 已处理002555 三七互娱 
2025-08-23 19:04:01,059 - INFO - 📈 已处理002556 辉隆股份 
2025-08-23 19:04:01,684 - INFO - 📈 已处理002557 洽洽食品 
2025-08-23 19:04:02,301 - INFO - 📈 已处理002558 巨人网络 
2025-08-23 19:04:02,921 - INFO - 📈 已处理002559 亚威股份 
2025-08-23 19:04:03,552 - INFO - 📈 已处理002560 通达股份 
2025-08-23 19:04:04,173 - INFO - 📈 已处理002561 徐家汇 
2025-08-23 19:04:04,800 - INFO - 📈 已处理002562 兄弟科技 
2025-08-23 19:04:05,435 - INFO - 📈 已处理002563 森马服饰 
2025-08-23 19:04:06,064 - INFO - 📈 已处理002564 天沃科技 
2025-08-23 19:04:06,692 - INFO - 📈 已处理002565 顺灏股份 
2025-08-23 19:04:07,314 - INFO - 📈 已处理002566 益盛药业 
2025-08-23 19:04:07,942 - INFO - 📈 已处理002567 唐人神 
2025-08-23 19:04:08,568 - INFO - 📈 已处理002568 百润股份 
2025-08-23 19:04:09,204 - INFO - 📈 已处理002569 *ST步森 
2025-08-23 19:04:09,838 - INFO - 📈 已处理002570 贝因美 
2025-08-23 19:04:10,460 - INFO - 📈 已处理002571 德力股份 
2025-08-23 19:04:11,082 - INFO - 📈 已处理002572 索菲亚 
2025-08-23 19:04:11,718 - INFO - 📈 已处理002573 清新环境 
2025-08-23 19:04:12,339 - INFO - 📈 已处理002574 明牌珠宝 
2025-08-23 19:04:12,967 - INFO - 📈 已处理002575 群兴玩具 
2025-08-23 19:04:13,589 - INFO - 📈 已处理002576 通达动力 
2025-08-23 19:04:14,209 - INFO - 📈 已处理002577 雷柏科技 
2025-08-23 19:04:14,848 - INFO - 📈 已处理002578 闽发铝业 
2025-08-23 19:04:15,472 - INFO - 📈 已处理002579 中京电子 
2025-08-23 19:04:16,097 - INFO - 📈 已处理002580 圣阳股份 
2025-08-23 19:04:16,734 - INFO - 📈 已处理002581 ST未名 
2025-08-23 19:04:17,357 - INFO - 📈 已处理002582 好想你 
2025-08-23 19:04:17,983 - INFO - 📈 已处理002583 海能达 
2025-08-23 19:04:18,620 - INFO - 📈 已处理002584 西陇科学 
2025-08-23 19:04:19,242 - INFO - 📈 已处理002585 双星新材 
2025-08-23 19:04:19,869 - INFO - 📈 已处理002586 *ST围海 
2025-08-23 19:04:20,740 - INFO - 📈 已处理002587 奥拓电子 
2025-08-23 19:04:21,366 - INFO - 📈 已处理002588 史丹利 
2025-08-23 19:04:21,985 - INFO - 📈 已处理002589 瑞康医药 
2025-08-23 19:04:22,597 - INFO - 📈 已处理002590 万安科技 
2025-08-23 19:04:23,225 - INFO - 📈 已处理002591 恒大高新 
2025-08-23 19:04:23,854 - INFO - 📈 已处理002592 ST八菱 
2025-08-23 19:04:24,473 - INFO - 📈 已处理002593 日上集团 
2025-08-23 19:04:24,473 - INFO - 📈 已处理 1200/5740 只股票，成功 674 只
2025-08-23 19:04:25,088 - INFO - 📈 已处理002594 比亚迪 
2025-08-23 19:04:25,710 - INFO - 📈 已处理002595 豪迈科技 
2025-08-23 19:04:26,352 - INFO - 📈 已处理002596 海南瑞泽 
2025-08-23 19:04:26,983 - INFO - 📈 已处理002597 金禾实业 
2025-08-23 19:04:27,619 - INFO - 📈 已处理002598 山东章鼓 
2025-08-23 19:04:28,251 - INFO - 📈 已处理002599 盛通股份 
2025-08-23 19:04:29,221 - INFO - 📈 已处理002600 领益智造 
2025-08-23 19:04:29,850 - INFO - 📈 已处理002601 龙佰集团 
2025-08-23 19:04:30,825 - INFO - 📈 已处理002602 ST华通 
2025-08-23 19:04:31,448 - INFO - 📈 已处理002603 以岭药业 
2025-08-23 19:04:32,679 - INFO - 📈 已处理002605 姚记科技 
2025-08-23 19:04:33,300 - INFO - 📈 已处理002606 大连电瓷 
2025-08-23 19:04:33,936 - INFO - 📈 已处理002607 中公教育 
2025-08-23 19:04:34,558 - INFO - 📈 已处理002608 江苏国信 
2025-08-23 19:04:35,185 - INFO - 📈 已处理002609 捷顺科技 
2025-08-23 19:04:36,414 - INFO - 📈 已处理002611 东方精工 
2025-08-23 19:04:37,031 - INFO - 📈 已处理002612 朗姿股份 
2025-08-23 19:04:37,656 - INFO - 📈 已处理002613 北玻股份 
2025-08-23 19:04:38,263 - INFO - 📈 已处理002614 奥佳华 
2025-08-23 19:04:38,899 - INFO - 📈 已处理002615 哈尔斯 
2025-08-23 19:04:39,526 - INFO - 📈 已处理002616 长青集团 
2025-08-23 19:04:40,167 - INFO - 📈 已处理002617 露笑科技 
2025-08-23 19:04:42,097 - INFO - 📈 已处理002620 ST瑞和 
2025-08-23 19:04:43,327 - INFO - 📈 已处理002622 皓宸医疗 
2025-08-23 19:04:43,958 - INFO - 📈 已处理002623 亚玛顿 
2025-08-23 19:04:44,593 - INFO - 📈 已处理002624 完美世界 
2025-08-23 19:04:45,211 - INFO - 📈 已处理002625 光启技术 
2025-08-23 19:04:45,835 - INFO - 📈 已处理002626 金达威 
2025-08-23 19:04:46,816 - INFO - 📈 已处理002627 三峡旅游 
2025-08-23 19:04:47,444 - INFO - 📈 已处理002628 成都路桥 
2025-08-23 19:04:48,073 - INFO - 📈 已处理002629 仁智股份 
2025-08-23 19:04:48,701 - INFO - 📈 已处理002630 ST华西 
2025-08-23 19:04:49,319 - INFO - 📈 已处理002631 德尔未来 
2025-08-23 19:04:49,928 - INFO - 📈 已处理002632 道明光学 
2025-08-23 19:04:50,547 - INFO - 📈 已处理002633 申科股份 
2025-08-23 19:04:51,183 - INFO - 📈 已处理002634 棒杰股份 
2025-08-23 19:04:51,810 - INFO - 📈 已处理002635 安洁科技 
2025-08-23 19:04:52,452 - INFO - 📈 已处理002636 金安国纪 
2025-08-23 19:04:53,080 - INFO - 📈 已处理002637 赞宇科技 
2025-08-23 19:04:53,717 - INFO - 📈 已处理002638 勤上股份 
2025-08-23 19:04:54,349 - INFO - 📈 已处理002639 雪人集团 
2025-08-23 19:04:55,465 - INFO - 📈 已处理002640 跨境通 
2025-08-23 19:04:56,086 - INFO - 📈 已处理002641 公元股份 
2025-08-23 19:04:56,703 - INFO - 📈 已处理002642 荣联科技 
2025-08-23 19:04:57,325 - INFO - 📈 已处理002643 万润股份 
2025-08-23 19:04:57,326 - INFO - 📈 已处理 1250/5740 只股票，成功 719 只
2025-08-23 19:04:57,958 - INFO - 📈 已处理002644 佛慈制药 
2025-08-23 19:04:58,598 - INFO - 📈 已处理002645 华宏科技 
2025-08-23 19:04:59,223 - INFO - 📈 已处理002646 天佑德酒 
2025-08-23 19:04:59,855 - INFO - 📈 已处理002647 *ST仁东 
2025-08-23 19:05:00,476 - INFO - 📈 已处理002648 卫星化学 
2025-08-23 19:05:01,104 - INFO - 📈 已处理002649 博彦科技 
2025-08-23 19:05:01,736 - INFO - 📈 已处理002650 ST加加 
2025-08-23 19:05:02,361 - INFO - 📈 已处理002651 利君股份 
2025-08-23 19:05:02,996 - INFO - 📈 已处理002652 扬子新材 
2025-08-23 19:05:03,626 - INFO - 📈 已处理002653 海思科 
2025-08-23 19:05:04,255 - INFO - 📈 已处理002654 万润科技 
2025-08-23 19:05:04,882 - INFO - 📈 已处理002655 共达电声 
2025-08-23 19:05:05,534 - INFO - 📈 已处理002656 *ST摩登 
2025-08-23 19:05:06,152 - INFO - 📈 已处理002657 中科金财 
2025-08-23 19:05:06,781 - INFO - 📈 已处理002658 雪迪龙 
2025-08-23 19:05:07,415 - INFO - 📈 已处理002659 凯文教育 
2025-08-23 19:05:08,069 - INFO - 📈 已处理002660 茂硕电源 
2025-08-23 19:05:08,686 - INFO - 📈 已处理002661 克明食品 
2025-08-23 19:05:09,316 - INFO - 📈 已处理002662 峰璟股份 
2025-08-23 19:05:09,947 - INFO - 📈 已处理002663 普邦股份 
2025-08-23 19:05:10,562 - INFO - 📈 已处理002664 信质集团 
2025-08-23 19:05:11,809 - INFO - 📈 已处理002666 德联集团 
2025-08-23 19:05:12,429 - INFO - 📈 已处理002667 威领股份 
2025-08-23 19:05:13,064 - INFO - 📈 已处理002668 TCL智家 
2025-08-23 19:05:13,689 - INFO - 📈 已处理002669 康达新材 
2025-08-23 19:05:14,310 - INFO - 📈 已处理002670 国盛金控 
2025-08-23 19:05:14,947 - INFO - 📈 已处理002671 龙泉股份 
2025-08-23 19:05:15,565 - INFO - 📈 已处理002672 东江环保 
2025-08-23 19:05:16,197 - INFO - 📈 已处理002673 西部证券 
2025-08-23 19:05:16,842 - INFO - 📈 已处理002674 兴业科技 
2025-08-23 19:05:17,473 - INFO - 📈 已处理002675 东诚药业 
2025-08-23 19:05:18,096 - INFO - 📈 已处理002676 顺威股份 
2025-08-23 19:05:18,721 - INFO - 📈 已处理002677 浙江美大 
2025-08-23 19:05:19,346 - INFO - 📈 已处理002678 珠江钢琴 
2025-08-23 19:05:19,979 - INFO - 📈 已处理002679 福建金森 
2025-08-23 19:05:21,268 - INFO - 📈 已处理002681 奋达科技 
2025-08-23 19:05:21,891 - INFO - 📈 已处理002682 龙洲股份 
2025-08-23 19:05:22,519 - INFO - 📈 已处理002683 广东宏大 
2025-08-23 19:05:23,989 - INFO - 📈 已处理002685 华东重机 
2025-08-23 19:05:24,622 - INFO - 📈 已处理002686 亿利达 
2025-08-23 19:05:25,259 - INFO - 📈 已处理002687 乔治白 
2025-08-23 19:05:25,889 - INFO - 📈 已处理002688 金河生物 
2025-08-23 19:05:26,514 - INFO - 📈 已处理002689 远大智能 
2025-08-23 19:05:27,146 - INFO - 📈 已处理002690 美亚光电 
2025-08-23 19:05:27,785 - INFO - 📈 已处理002691 冀凯股份 
2025-08-23 19:05:28,411 - INFO - 📈 已处理002692 远程股份 
2025-08-23 19:05:29,048 - INFO - 📈 已处理002693 *ST双成 
2025-08-23 19:05:29,048 - INFO - 📈 已处理 1300/5740 只股票，成功 766 只
2025-08-23 19:05:29,671 - INFO - 📈 已处理002694 顾地科技 
2025-08-23 19:05:30,299 - INFO - 📈 已处理002695 煌上煌 
2025-08-23 19:05:30,927 - INFO - 📈 已处理002696 百洋股份 
2025-08-23 19:05:31,554 - INFO - 📈 已处理002697 红旗连锁 
2025-08-23 19:05:32,189 - INFO - 📈 已处理002698 博实股份 
2025-08-23 19:05:33,433 - INFO - 📈 已处理002700 万憬能源 
2025-08-23 19:05:34,052 - INFO - 📈 已处理002701 奥瑞金 
2025-08-23 19:05:34,673 - INFO - 📈 已处理002702 海欣食品 
2025-08-23 19:05:35,299 - INFO - 📈 已处理002703 浙江世宝 
2025-08-23 19:05:35,924 - INFO - 📈 已处理002705 新宝股份 
2025-08-23 19:05:36,555 - INFO - 📈 已处理002706 良信股份 
2025-08-23 19:05:37,169 - INFO - 📈 已处理002707 众信旅游 
2025-08-23 19:05:37,802 - INFO - 📈 已处理002708 光洋股份 
2025-08-23 19:05:38,431 - INFO - 📈 已处理002709 天赐材料 
2025-08-23 19:05:39,675 - INFO - 📈 已处理002712 思美传媒 
2025-08-23 19:05:40,314 - INFO - 📈 已处理002713 *ST东易 
2025-08-23 19:05:40,927 - INFO - 📈 已处理002714 牧原股份 
2025-08-23 19:05:41,568 - INFO - 📈 已处理002715 登云股份 
2025-08-23 19:05:42,186 - INFO - 📈 已处理002716 湖南白银 
2025-08-23 19:05:42,817 - INFO - 📈 已处理002717 ST岭南 
2025-08-23 19:05:43,446 - INFO - 📈 已处理002718 友邦吊顶 
2025-08-23 19:05:44,069 - INFO - 📈 已处理002719 麦趣尔 
2025-08-23 19:05:44,687 - INFO - 📈 已处理002721 金一文化 
2025-08-23 19:05:45,300 - INFO - 📈 已处理002722 物产金轮 
2025-08-23 19:05:45,913 - INFO - 📈 已处理002723 小崧股份 
2025-08-23 19:05:47,562 - INFO - 📈 已处理002724 海洋王 
2025-08-23 19:05:48,199 - INFO - 📈 已处理002725 跃岭股份 
2025-08-23 19:05:48,831 - INFO - 📈 已处理002726 龙大美食 
2025-08-23 19:05:49,475 - INFO - 📈 已处理002727 一心堂 
2025-08-23 19:05:50,095 - INFO - 📈 已处理002728 特一药业 
2025-08-23 19:05:50,723 - INFO - 📈 已处理002729 好利科技 
2025-08-23 19:05:51,366 - INFO - 📈 已处理002730 电光科技 
2025-08-23 19:05:51,987 - INFO - 📈 已处理002731 萃华珠宝 
2025-08-23 19:05:52,602 - INFO - 📈 已处理002732 燕塘乳业 
2025-08-23 19:05:53,224 - INFO - 📈 已处理002733 雄韬股份 
2025-08-23 19:05:53,846 - INFO - 📈 已处理002734 利民股份 
2025-08-23 19:05:54,481 - INFO - 📈 已处理002735 王子新材 
2025-08-23 19:05:55,102 - INFO - 📈 已处理002736 国信证券 
2025-08-23 19:05:55,724 - INFO - 📈 已处理002737 葵花药业 
2025-08-23 19:05:56,366 - INFO - 📈 已处理002738 中矿资源 
2025-08-23 19:05:56,992 - INFO - 📈 已处理002739 万达电影 
2025-08-23 19:05:58,232 - INFO - 📈 已处理002741 光华科技 
2025-08-23 19:05:58,859 - INFO - 📈 已处理002742 *ST三圣 
2025-08-23 19:05:59,482 - INFO - 📈 已处理002743 富煌钢构 
2025-08-23 19:06:00,108 - INFO - 📈 已处理002745 木林森 
2025-08-23 19:06:00,740 - INFO - 📈 已处理002746 仙坛股份 
2025-08-23 19:06:01,357 - INFO - 📈 已处理002747 埃斯顿 
2025-08-23 19:06:01,357 - INFO - 📈 已处理 1350/5740 只股票，成功 813 只
2025-08-23 19:06:01,996 - INFO - 📈 已处理002748 世龙实业 
2025-08-23 19:06:02,620 - INFO - 📈 已处理002749 国光股份 
2025-08-23 19:06:04,472 - INFO - 📈 已处理002752 昇兴股份 
2025-08-23 19:06:05,094 - INFO - 📈 已处理002753 永东股份 
2025-08-23 19:06:05,718 - INFO - 📈 已处理002755 奥赛康 
2025-08-23 19:06:06,351 - INFO - 📈 已处理002756 永兴材料 
2025-08-23 19:06:07,228 - INFO - 📈 已处理002757 南兴股份 
2025-08-23 19:06:07,852 - INFO - 📈 已处理002758 浙农股份 
2025-08-23 19:06:08,483 - INFO - 📈 已处理002759 天际股份 
2025-08-23 19:06:09,111 - INFO - 📈 已处理002760 凤形股份 
2025-08-23 19:06:09,740 - INFO - 📈 已处理002761 浙江建投 
2025-08-23 19:06:10,386 - INFO - 📈 已处理002762 *ST金比 
2025-08-23 19:06:11,006 - INFO - 📈 已处理002763 汇洁股份 
2025-08-23 19:06:11,649 - INFO - 📈 已处理002765 蓝黛科技 
2025-08-23 19:06:12,270 - INFO - 📈 已处理002766 索菱股份 
2025-08-23 19:06:12,896 - INFO - 📈 已处理002767 先锋电子 
2025-08-23 19:06:14,539 - INFO - 📈 已处理002768 国恩股份 
2025-08-23 19:06:15,170 - INFO - 📈 已处理002769 普路通 
2025-08-23 19:06:16,369 - INFO - 📈 已处理002771 真视通 
2025-08-23 19:06:17,013 - INFO - 📈 已处理002772 众兴菌业 
2025-08-23 19:06:17,627 - INFO - 📈 已处理002773 康弘药业 
2025-08-23 19:06:19,259 - INFO - 📈 已处理002774 快意电梯 
2025-08-23 19:06:19,888 - INFO - 📈 已处理002775 文科股份 
2025-08-23 19:06:21,112 - INFO - 📈 已处理002777 久远银海 
2025-08-23 19:06:21,736 - INFO - 📈 已处理002778 中晟高科 
2025-08-23 19:06:22,355 - INFO - 📈 已处理002779 中坚科技 
2025-08-23 19:06:22,979 - INFO - 📈 已处理002780 三夫户外 
2025-08-23 19:06:24,447 - INFO - 📈 已处理002782 可立克 
2025-08-23 19:06:25,081 - INFO - 📈 已处理002783 凯龙股份 
2025-08-23 19:06:25,727 - INFO - 📈 已处理002785 万里石 
2025-08-23 19:06:26,475 - INFO - 📈 已处理002786 银宝山新 
2025-08-23 19:06:27,113 - INFO - 📈 已处理002787 华源控股 
2025-08-23 19:06:27,743 - INFO - 📈 已处理002788 鹭燕医药 
2025-08-23 19:06:28,427 - INFO - 📈 已处理002789 *ST建艺 
2025-08-23 19:06:29,121 - INFO - 📈 已处理002790 瑞尔特 
2025-08-23 19:06:29,737 - INFO - 📈 已处理002791 坚朗五金 
2025-08-23 19:06:30,457 - INFO - 📈 已处理002792 通宇通讯 
2025-08-23 19:06:31,405 - INFO - 📈 已处理002793 罗欣药业 
2025-08-23 19:06:32,040 - INFO - 📈 已处理002795 永和智控 
2025-08-23 19:06:32,727 - INFO - 📈 已处理002796 世嘉科技 
2025-08-23 19:06:33,496 - INFO - 📈 已处理002797 第一创业 
2025-08-23 19:06:34,177 - INFO - 📈 已处理002798 帝欧家居 
2025-08-23 19:06:34,946 - INFO - 📈 已处理002799 环球印务 
2025-08-23 19:06:35,607 - INFO - 📈 已处理002800 天顺股份 
2025-08-23 19:06:36,351 - INFO - 📈 已处理002801 微光股份 
2025-08-23 19:06:36,352 - INFO - 📈 已处理 1400/5740 只股票，成功 858 只
2025-08-23 19:06:36,968 - INFO - 📈 已处理002802 洪汇新材 
2025-08-23 19:06:37,675 - INFO - 📈 已处理002803 吉宏股份 
2025-08-23 19:06:38,397 - INFO - 📈 已处理002805 丰元股份 
2025-08-23 19:06:39,027 - INFO - 📈 已处理002806 华锋股份 
2025-08-23 19:06:39,827 - INFO - 📈 已处理002807 江阴银行 
2025-08-23 19:06:40,447 - INFO - 📈 已处理002808 *ST恒久 
2025-08-23 19:06:41,278 - INFO - 📈 已处理002809 红墙股份 
2025-08-23 19:06:41,993 - INFO - 📈 已处理002810 山东赫达 
2025-08-23 19:06:42,615 - INFO - 📈 已处理002811 郑中设计 
2025-08-23 19:06:43,237 - INFO - 📈 已处理002812 恩捷股份 
2025-08-23 19:06:44,057 - INFO - 📈 已处理002813 路畅科技 
2025-08-23 19:06:44,707 - INFO - 📈 已处理002815 崇达技术 
2025-08-23 19:06:45,407 - INFO - 📈 已处理002816 *ST和科 
2025-08-23 19:06:46,241 - INFO - 📈 已处理002817 黄山胶囊 
2025-08-23 19:06:47,027 - INFO - 📈 已处理002818 富森美 
2025-08-23 19:06:47,667 - INFO - 📈 已处理002819 东方中科 
2025-08-23 19:06:48,347 - INFO - 📈 已处理002820 桂发祥 
2025-08-23 19:06:49,007 - INFO - 📈 已处理002821 凯莱英 
2025-08-23 19:06:49,697 - INFO - 📈 已处理002822 ST中装 
2025-08-23 19:06:50,447 - INFO - 📈 已处理002823 凯中精密 
2025-08-23 19:06:51,158 - INFO - 📈 已处理002824 和胜股份 
2025-08-23 19:06:51,780 - INFO - 📈 已处理002825 纳尔股份 
2025-08-23 19:06:52,437 - INFO - 📈 已处理002826 易明医药 
2025-08-23 19:06:53,053 - INFO - 📈 已处理002827 高争民爆 
2025-08-23 19:06:53,707 - INFO - 📈 已处理002828 贝肯能源 
2025-08-23 19:06:54,362 - INFO - 📈 已处理002829 星网宇达 
2025-08-23 19:06:55,077 - INFO - 📈 已处理002830 名雕股份 
2025-08-23 19:06:55,707 - INFO - 📈 已处理002831 裕同科技 
2025-08-23 19:06:56,517 - INFO - 📈 已处理002832 比音勒芬 
2025-08-23 19:06:57,516 - INFO - 📈 已处理002833 弘亚数控 
2025-08-23 19:06:58,177 - INFO - 📈 已处理002835 同为股份 
2025-08-23 19:06:59,246 - INFO - 📈 已处理002836 新宏泽 
2025-08-23 19:06:59,922 - INFO - 📈 已处理002837 英维克 
2025-08-23 19:07:00,590 - INFO - 📈 已处理002838 道恩股份 
2025-08-23 19:07:01,487 - INFO - 📈 已处理002839 张家港行 
2025-08-23 19:07:02,256 - INFO - 📈 已处理002840 华统股份 
2025-08-23 19:07:03,217 - INFO - 📈 已处理002841 视源股份 
2025-08-23 19:07:03,876 - INFO - 📈 已处理002842 翔鹭钨业 
2025-08-23 19:07:04,586 - INFO - 📈 已处理002843 泰嘉股份 
2025-08-23 19:07:05,230 - INFO - 📈 已处理002845 同兴达 
2025-08-23 19:07:05,899 - INFO - 📈 已处理002846 英联股份 
2025-08-23 19:07:06,556 - INFO - 📈 已处理002847 盐津铺子 
2025-08-23 19:07:07,307 - INFO - 📈 已处理002848 *ST高斯 
2025-08-23 19:07:07,930 - INFO - 📈 已处理002849 威星智能 
2025-08-23 19:07:08,930 - INFO - 📈 已处理002850 科达利 
2025-08-23 19:07:09,549 - INFO - 📈 已处理002851 麦格米特 
2025-08-23 19:07:10,186 - INFO - 📈 已处理002852 道道全 
2025-08-23 19:07:10,825 - INFO - 📈 已处理002853 皮阿诺 
2025-08-23 19:07:11,456 - INFO - 📈 已处理002855 捷荣技术 
2025-08-23 19:07:12,086 - INFO - 📈 已处理002856 美芝股份 
2025-08-23 19:07:12,086 - INFO - 📈 已处理 1450/5740 只股票，成功 908 只
2025-08-23 19:07:12,716 - INFO - 📈 已处理002857 三晖电气 
2025-08-23 19:07:13,348 - INFO - 📈 已处理002858 力盛体育 
2025-08-23 19:07:13,972 - INFO - 📈 已处理002859 洁美科技 
2025-08-23 19:07:14,611 - INFO - 📈 已处理002860 星帅尔 
2025-08-23 19:07:15,232 - INFO - 📈 已处理002861 瀛通通讯 
2025-08-23 19:07:16,869 - INFO - 📈 已处理002862 实丰文化 
2025-08-23 19:07:17,493 - INFO - 📈 已处理002863 今飞凯达 
2025-08-23 19:07:18,112 - INFO - 📈 已处理002864 盘龙药业 
2025-08-23 19:07:18,728 - INFO - 📈 已处理002865 钧达股份 
2025-08-23 19:07:19,363 - INFO - 📈 已处理002866 传艺科技 
2025-08-23 19:07:19,979 - INFO - 📈 已处理002867 周大生 
2025-08-23 19:07:20,951 - INFO - 📈 已处理002868 *ST绿康 
2025-08-23 19:07:21,571 - INFO - 📈 已处理002869 金溢科技 
2025-08-23 19:07:22,198 - INFO - 📈 已处理002870 香山股份 
2025-08-23 19:07:22,811 - INFO - 📈 已处理002871 伟隆股份 
2025-08-23 19:07:23,434 - INFO - 📈 已处理002872 ST天圣 
2025-08-23 19:07:24,066 - INFO - 📈 已处理002873 新天药业 
2025-08-23 19:07:24,679 - INFO - 📈 已处理002875 安奈儿 
2025-08-23 19:07:25,307 - INFO - 📈 已处理002876 三利谱 
2025-08-23 19:07:26,292 - INFO - 📈 已处理002877 智能自控 
2025-08-23 19:07:26,911 - INFO - 📈 已处理002878 元隆雅图 
2025-08-23 19:07:27,526 - INFO - 📈 已处理002879 长缆科技 
2025-08-23 19:07:28,136 - INFO - 📈 已处理002880 卫光生物 
2025-08-23 19:07:28,828 - INFO - 📈 已处理002881 美格智能 
2025-08-23 19:07:29,454 - INFO - 📈 已处理002882 金龙羽 
2025-08-23 19:07:30,088 - INFO - 📈 已处理002883 中设股份 
2025-08-23 19:07:30,728 - INFO - 📈 已处理002884 凌霄泵业 
2025-08-23 19:07:31,344 - INFO - 📈 已处理002885 京泉华 
2025-08-23 19:07:31,958 - INFO - 📈 已处理002886 沃特股份 
2025-08-23 19:07:32,582 - INFO - 📈 已处理002887 绿茵生态 
2025-08-23 19:07:33,211 - INFO - 📈 已处理002888 惠威科技 
2025-08-23 19:07:33,840 - INFO - 📈 已处理002889 东方嘉盛 
2025-08-23 19:07:35,480 - INFO - 📈 已处理002890 弘宇股份 
2025-08-23 19:07:36,101 - INFO - 📈 已处理002891 中宠股份 
2025-08-23 19:07:36,726 - INFO - 📈 已处理002892 科力尔 
2025-08-23 19:07:37,355 - INFO - 📈 已处理002893 京能热力 
2025-08-23 19:07:37,986 - INFO - 📈 已处理002895 川恒股份 
2025-08-23 19:07:38,611 - INFO - 📈 已处理002896 中大力德 
2025-08-23 19:07:39,229 - INFO - 📈 已处理002897 意华股份 
2025-08-23 19:07:39,845 - INFO - 📈 已处理002898 *ST赛隆 
2025-08-23 19:07:40,456 - INFO - 📈 已处理002899 英派斯 
2025-08-23 19:07:41,078 - INFO - 📈 已处理002900 哈三联 
2025-08-23 19:07:41,706 - INFO - 📈 已处理002901 大博医疗 
2025-08-23 19:07:42,335 - INFO - 📈 已处理002902 铭普光磁 
2025-08-23 19:07:42,975 - INFO - 📈 已处理002903 宇环数控 
2025-08-23 19:07:43,583 - INFO - 📈 已处理002905 金逸影视 
2025-08-23 19:07:44,202 - INFO - 📈 已处理002906 华阳集团 
2025-08-23 19:07:44,835 - INFO - 📈 已处理002907 华森制药 
2025-08-23 19:07:45,455 - INFO - 📈 已处理002908 德生科技 
2025-08-23 19:07:46,081 - INFO - 📈 已处理002909 集泰股份 
2025-08-23 19:07:46,082 - INFO - 📈 已处理 1500/5740 只股票，成功 958 只
2025-08-23 19:07:46,711 - INFO - 📈 已处理002910 庄园牧场 
2025-08-23 19:07:47,339 - INFO - 📈 已处理002911 佛燃能源 
2025-08-23 19:07:47,979 - INFO - 📈 已处理002912 中新赛克 
2025-08-23 19:07:48,629 - INFO - 📈 已处理002913 奥士康 
2025-08-23 19:07:49,251 - INFO - 📈 已处理002915 中欣氟材 
2025-08-23 19:07:49,876 - INFO - 📈 已处理002916 深南电路 
2025-08-23 19:07:50,504 - INFO - 📈 已处理002917 金奥博 
2025-08-23 19:07:51,119 - INFO - 📈 已处理002918 蒙娜丽莎 
2025-08-23 19:07:51,737 - INFO - 📈 已处理002919 名臣健康 
2025-08-23 19:07:52,345 - INFO - 📈 已处理002920 德赛西威 
2025-08-23 19:07:52,984 - INFO - 📈 已处理002921 联诚精密 
2025-08-23 19:07:53,613 - INFO - 📈 已处理002922 伊戈尔 
2025-08-23 19:07:54,229 - INFO - 📈 已处理002923 润都股份 
2025-08-23 19:07:54,846 - INFO - 📈 已处理002925 盈趣科技 
2025-08-23 19:07:55,472 - INFO - 📈 已处理002926 华西证券 
2025-08-23 19:07:56,109 - INFO - 📈 已处理002927 泰永长征 
2025-08-23 19:07:56,725 - INFO - 📈 已处理002928 华夏航空 
2025-08-23 19:07:57,348 - INFO - 📈 已处理002929 润建股份 
2025-08-23 19:07:57,979 - INFO - 📈 已处理002930 宏川智慧 
2025-08-23 19:07:58,602 - INFO - 📈 已处理002931 锋龙股份 
2025-08-23 19:07:59,212 - INFO - 📈 已处理002932 明德生物 
2025-08-23 19:07:59,837 - INFO - 📈 已处理002933 新兴装备 
2025-08-23 19:08:00,471 - INFO - 📈 已处理002935 天奥电子 
2025-08-23 19:08:01,089 - INFO - 📈 已处理002936 郑州银行 
2025-08-23 19:08:01,724 - INFO - 📈 已处理002937 兴瑞科技 
2025-08-23 19:08:02,342 - INFO - 📈 已处理002938 鹏鼎控股 
2025-08-23 19:08:02,968 - INFO - 📈 已处理002939 长城证券 
2025-08-23 19:08:03,609 - INFO - 📈 已处理002940 昂利康 
2025-08-23 19:08:04,227 - INFO - 📈 已处理002941 新疆交建 
2025-08-23 19:08:04,843 - INFO - 📈 已处理002942 新农股份 
2025-08-23 19:08:05,471 - INFO - 📈 已处理002943 宇晶股份 
2025-08-23 19:08:06,110 - INFO - 📈 已处理002945 华林证券 
2025-08-23 19:08:06,734 - INFO - 📈 已处理002946 新乳业 
2025-08-23 19:08:07,355 - INFO - 📈 已处理002947 恒铭达 
2025-08-23 19:08:07,993 - INFO - 📈 已处理002948 青岛银行 
2025-08-23 19:08:08,626 - INFO - 📈 已处理002949 华阳国际 
2025-08-23 19:08:09,246 - INFO - 📈 已处理002950 奥美医疗 
2025-08-23 19:08:09,865 - INFO - 📈 已处理002951 金时科技 
2025-08-23 19:08:10,492 - INFO - 📈 已处理002952 亚世光电 
2025-08-23 19:08:11,121 - INFO - 📈 已处理002953 日丰股份 
2025-08-23 19:08:11,752 - INFO - 📈 已处理002955 鸿合科技 
2025-08-23 19:08:12,383 - INFO - 📈 已处理002956 西麦食品 
2025-08-23 19:08:13,019 - INFO - 📈 已处理002957 科瑞技术 
2025-08-23 19:08:13,641 - INFO - 📈 已处理002958 青农商行 
2025-08-23 19:08:14,271 - INFO - 📈 已处理002959 小熊电器 
2025-08-23 19:08:14,876 - INFO - 📈 已处理002960 青鸟消防 
2025-08-23 19:08:15,508 - INFO - 📈 已处理002961 瑞达期货 
2025-08-23 19:08:16,123 - INFO - 📈 已处理002962 五方光电 
2025-08-23 19:08:16,758 - INFO - 📈 已处理002963 豪尔赛 
2025-08-23 19:08:17,375 - INFO - 📈 已处理002965 祥鑫科技 
2025-08-23 19:08:17,375 - INFO - 📈 已处理 1550/5740 只股票，成功 1008 只
2025-08-23 19:08:18,000 - INFO - 📈 已处理002966 苏州银行 
2025-08-23 19:08:18,624 - INFO - 📈 已处理002967 广电计量 
2025-08-23 19:08:19,235 - INFO - 📈 已处理002968 新大正 
2025-08-23 19:08:19,869 - INFO - 📈 已处理002969 嘉美包装 
2025-08-23 19:08:20,496 - INFO - 📈 已处理002970 锐明技术 
2025-08-23 19:08:21,122 - INFO - 📈 已处理002971 和远气体 
2025-08-23 19:08:21,743 - INFO - 📈 已处理002972 科安达 
2025-08-23 19:08:22,350 - INFO - 📈 已处理002973 侨银股份 
2025-08-23 19:08:22,975 - INFO - 📈 已处理002975 博杰股份 
2025-08-23 19:08:23,604 - INFO - 📈 已处理002976 瑞玛精密 
2025-08-23 19:08:24,240 - INFO - 📈 已处理002977 天箭科技 
2025-08-23 19:08:24,856 - INFO - 📈 已处理002978 安宁股份 
2025-08-23 19:08:25,466 - INFO - 📈 已处理002979 雷赛智能 
2025-08-23 19:08:26,104 - INFO - 📈 已处理002980 华盛昌 
2025-08-23 19:08:26,745 - INFO - 📈 已处理002981 朝阳科技 
2025-08-23 19:08:27,359 - INFO - 📈 已处理002982 湘佳股份 
2025-08-23 19:08:27,976 - INFO - 📈 已处理002983 芯瑞达 
2025-08-23 19:08:28,594 - INFO - 📈 已处理002984 森麒麟 
2025-08-23 19:08:29,221 - INFO - 📈 已处理002985 北摩高科 
2025-08-23 19:08:29,844 - INFO - 📈 已处理002986 宇新股份 
2025-08-23 19:08:30,469 - INFO - 📈 已处理002987 京北方 
2025-08-23 19:08:31,095 - INFO - 📈 已处理002988 豪美新材 
2025-08-23 19:08:31,736 - INFO - 📈 已处理002989 中天精装 
2025-08-23 19:08:32,365 - INFO - 📈 已处理002990 盛视科技 
2025-08-23 19:08:32,987 - INFO - 📈 已处理002991 甘源食品 
2025-08-23 19:08:33,610 - INFO - 📈 已处理002992 宝明科技 
2025-08-23 19:08:34,225 - INFO - 📈 已处理002993 奥海科技 
2025-08-23 19:08:34,851 - INFO - 📈 已处理002995 天地在线 
2025-08-23 19:08:35,463 - INFO - 📈 已处理002996 顺博合金 
2025-08-23 19:08:36,094 - INFO - 📈 已处理002997 瑞鹄模具 
2025-08-23 19:08:36,716 - INFO - 📈 已处理002998 优彩资源 
2025-08-23 19:08:37,341 - INFO - 📈 已处理002999 天禾股份 
2025-08-23 19:08:37,967 - INFO - 📈 已处理003000 劲仔食品 
2025-08-23 19:08:38,575 - INFO - 📈 已处理003001 中岩大地 
2025-08-23 19:08:39,194 - INFO - 📈 已处理003002 壶化股份 
2025-08-23 19:08:39,827 - INFO - 📈 已处理003003 天元股份 
2025-08-23 19:08:40,469 - INFO - 📈 已处理003004 *ST声迅 
2025-08-23 19:08:41,100 - INFO - 📈 已处理003005 竞业达 
2025-08-23 19:08:41,761 - INFO - 📈 已处理003006 百亚股份 
2025-08-23 19:08:43,390 - INFO - 📈 已处理003007 直真科技 
2025-08-23 19:08:44,032 - INFO - 📈 已处理003008 开普检测 
2025-08-23 19:08:44,646 - INFO - 📈 已处理003009 中天火箭 
2025-08-23 19:08:45,264 - INFO - 📈 已处理003010 若羽臣 
2025-08-23 19:08:45,899 - INFO - 📈 已处理003011 海象新材 
2025-08-23 19:08:46,517 - INFO - 📈 已处理003012 东鹏控股 
2025-08-23 19:08:47,161 - INFO - 📈 已处理003013 地铁设计 
2025-08-23 19:08:47,785 - INFO - 📈 已处理003015 日久光电 
2025-08-23 19:08:48,406 - INFO - 📈 已处理003016 欣贺股份 
2025-08-23 19:08:49,281 - INFO - 📈 已处理003017 大洋生物 
2025-08-23 19:08:49,891 - INFO - 📈 已处理003018 金富科技 
2025-08-23 19:08:49,891 - INFO - 📈 已处理 1600/5740 只股票，成功 1058 只
2025-08-23 19:08:50,526 - INFO - 📈 已处理003019 宸展光电 
2025-08-23 19:08:51,151 - INFO - 📈 已处理003020 立方制药 
2025-08-23 19:08:51,770 - INFO - 📈 已处理003021 兆威机电 
2025-08-23 19:08:52,418 - INFO - 📈 已处理003022 联泓新科 
2025-08-23 19:08:53,048 - INFO - 📈 已处理003023 彩虹集团 
2025-08-23 19:08:53,680 - INFO - 📈 已处理003025 思进智能 
2025-08-23 19:08:54,305 - INFO - 📈 已处理003026 中晶科技 
2025-08-23 19:08:54,931 - INFO - 📈 已处理003027 同兴科技 
2025-08-23 19:08:55,541 - INFO - 📈 已处理003028 振邦智能 
2025-08-23 19:08:56,178 - INFO - 📈 已处理003029 吉大正元 
2025-08-23 19:08:56,814 - INFO - 📈 已处理003030 祖名股份 
2025-08-23 19:08:57,436 - INFO - 📈 已处理003031 中瓷电子 
2025-08-23 19:08:58,075 - INFO - 📈 已处理003032 *ST传智 
2025-08-23 19:08:58,701 - INFO - 📈 已处理003033 征和工业 
2025-08-23 19:08:59,333 - INFO - 📈 已处理003035 南网能源 
2025-08-23 19:08:59,962 - INFO - 📈 已处理003036 泰坦股份 
2025-08-23 19:09:00,580 - INFO - 📈 已处理003037 三和管桩 
2025-08-23 19:09:01,212 - INFO - 📈 已处理003038 鑫铂股份 
2025-08-23 19:09:01,841 - INFO - 📈 已处理003039 顺控发展 
2025-08-23 19:09:02,467 - INFO - 📈 已处理003040 楚天龙 
2025-08-23 19:09:03,092 - INFO - 📈 已处理003041 真爱美家 
2025-08-23 19:09:03,730 - INFO - 📈 已处理003042 中农联合 
2025-08-23 19:09:04,361 - INFO - 📈 已处理003043 华亚智能 
2025-08-23 19:09:04,982 - INFO - 📈 已处理003816 中国广核 
2025-08-23 19:09:05,602 - INFO - 📈 已处理300001 特锐德 
2025-08-23 19:09:06,224 - INFO - 📈 已处理300002 神州泰岳 
2025-08-23 19:09:06,850 - INFO - 📈 已处理300003 乐普医疗 
2025-08-23 19:09:07,466 - INFO - 📈 已处理300004 南风股份 
2025-08-23 19:09:08,095 - INFO - 📈 已处理300005 探路者 
2025-08-23 19:09:08,712 - INFO - 📈 已处理300006 莱美药业 
2025-08-23 19:09:09,326 - INFO - 📈 已处理300007 汉威科技 
2025-08-23 19:09:09,953 - INFO - 📈 已处理300008 天海防务 
2025-08-23 19:09:10,577 - INFO - 📈 已处理300009 安科生物 
2025-08-23 19:09:11,212 - INFO - 📈 已处理300010 豆神教育 
2025-08-23 19:09:11,831 - INFO - 📈 已处理300011 鼎汉技术 
2025-08-23 19:09:12,468 - INFO - 📈 已处理300012 华测检测 
2025-08-23 19:09:13,094 - INFO - 📈 已处理300013 新宁物流 
2025-08-23 19:09:13,716 - INFO - 📈 已处理300014 亿纬锂能 
2025-08-23 19:09:14,344 - INFO - 📈 已处理300015 爱尔眼科 
2025-08-23 19:09:14,962 - INFO - 📈 已处理300016 北陆药业 
2025-08-23 19:09:16,095 - INFO - 📈 已处理300017 网宿科技 
2025-08-23 19:09:16,716 - INFO - 📈 已处理300018 中元股份 
2025-08-23 19:09:17,354 - INFO - 📈 已处理300019 硅宝科技 
2025-08-23 19:09:17,999 - INFO - 📈 已处理300020 ST银江 
2025-08-23 19:09:18,630 - INFO - 📈 已处理300021 大禹节水 
2025-08-23 19:09:19,255 - INFO - 📈 已处理300022 吉峰科技 
2025-08-23 19:09:20,856 - INFO - 📈 已处理300024 机器人 
2025-08-23 19:09:21,490 - INFO - 📈 已处理300025 华星创业 
2025-08-23 19:09:22,123 - INFO - 📈 已处理300026 红日药业 
2025-08-23 19:09:22,124 - INFO - 📈 已处理 1650/5740 只股票，成功 1107 只
2025-08-23 19:09:22,765 - INFO - 📈 已处理300027 华谊兄弟 
2025-08-23 19:09:23,996 - INFO - 📈 已处理300029 *ST天龙 
2025-08-23 19:09:24,607 - INFO - 📈 已处理300030 阳普医疗 
2025-08-23 19:09:25,234 - INFO - 📈 已处理300031 宝通科技 
2025-08-23 19:09:25,852 - INFO - 📈 已处理300032 金龙机电 
2025-08-23 19:09:26,477 - INFO - 📈 已处理300033 同花顺 
2025-08-23 19:09:27,115 - INFO - 📈 已处理300034 钢研高纳 
2025-08-23 19:09:27,740 - INFO - 📈 已处理300035 中科电气 
2025-08-23 19:09:28,369 - INFO - 📈 已处理300036 超图软件 
2025-08-23 19:09:28,994 - INFO - 📈 已处理300037 新宙邦 
2025-08-23 19:09:30,228 - INFO - 📈 已处理300039 上海凯宝 
2025-08-23 19:09:30,864 - INFO - 📈 已处理300040 九洲集团 
2025-08-23 19:09:31,481 - INFO - 📈 已处理300041 回天新材 
2025-08-23 19:09:32,111 - INFO - 📈 已处理300042 朗科科技 
2025-08-23 19:09:32,731 - INFO - 📈 已处理300043 星辉娱乐 
2025-08-23 19:09:33,342 - INFO - 📈 已处理300044 ST赛为 
2025-08-23 19:09:33,964 - INFO - 📈 已处理300045 华力创通 
2025-08-23 19:09:34,578 - INFO - 📈 已处理300046 台基股份 
2025-08-23 19:09:35,205 - INFO - 📈 已处理300047 天源迪科 
2025-08-23 19:09:35,831 - INFO - 📈 已处理300048 合康新能 
2025-08-23 19:09:36,474 - INFO - 📈 已处理300049 福瑞股份 
2025-08-23 19:09:37,097 - INFO - 📈 已处理300050 世纪鼎利 
2025-08-23 19:09:37,717 - INFO - 📈 已处理300051 琏升科技 
2025-08-23 19:09:38,414 - INFO - 📈 已处理300052 ST中青宝 
2025-08-23 19:09:39,031 - INFO - 📈 已处理300053 航宇微 
2025-08-23 19:09:39,640 - INFO - 📈 已处理300054 鼎龙股份 
2025-08-23 19:09:40,269 - INFO - 📈 已处理300055 万邦达 
2025-08-23 19:09:40,895 - INFO - 📈 已处理300056 中创环保 
2025-08-23 19:09:41,510 - INFO - 📈 已处理300057 万顺新材 
2025-08-23 19:09:42,132 - INFO - 📈 已处理300058 蓝色光标 
2025-08-23 19:09:42,760 - INFO - 📈 已处理300059 东方财富 
2025-08-23 19:09:43,380 - INFO - 📈 已处理300061 旗天科技 
2025-08-23 19:09:44,001 - INFO - 📈 已处理300062 中能电气 
2025-08-23 19:09:44,641 - INFO - 📈 已处理300063 天龙集团 
2025-08-23 19:09:45,875 - INFO - 📈 已处理300065 海兰信 
2025-08-23 19:09:46,494 - INFO - 📈 已处理300066 三川智慧 
2025-08-23 19:09:47,111 - INFO - 📈 已处理300067 安诺其 
2025-08-23 19:09:47,732 - INFO - 📈 已处理300068 南都电源 
2025-08-23 19:09:48,361 - INFO - 📈 已处理300069 金利华电 
2025-08-23 19:09:48,982 - INFO - 📈 已处理300070 碧水源 
2025-08-23 19:09:49,601 - INFO - 📈 已处理300071 福石控股 
2025-08-23 19:09:50,246 - INFO - 📈 已处理300072 海新能科 
2025-08-23 19:09:50,875 - INFO - 📈 已处理300073 当升科技 
2025-08-23 19:09:51,518 - INFO - 📈 已处理300074 华平股份 
2025-08-23 19:09:52,515 - INFO - 📈 已处理300075 数字政通 
2025-08-23 19:09:53,127 - INFO - 📈 已处理300076 GQY视讯 
2025-08-23 19:09:53,760 - INFO - 📈 已处理300077 国民技术 
2025-08-23 19:09:53,760 - INFO - 📈 已处理 1700/5740 只股票，成功 1154 只
2025-08-23 19:09:54,392 - INFO - 📈 已处理300078 思创医惠 
2025-08-23 19:09:55,026 - INFO - 📈 已处理300079 数码视讯 
2025-08-23 19:09:55,656 - INFO - 📈 已处理300080 易成新能 
2025-08-23 19:09:56,292 - INFO - 📈 已处理300081 恒信东方 
2025-08-23 19:09:56,919 - INFO - 📈 已处理300082 奥克股份 
2025-08-23 19:09:57,550 - INFO - 📈 已处理300083 创世纪 
2025-08-23 19:09:58,194 - INFO - 📈 已处理300084 海默科技 
2025-08-23 19:09:58,825 - INFO - 📈 已处理300085 银之杰 
2025-08-23 19:09:59,450 - INFO - 📈 已处理300086 康芝药业 
2025-08-23 19:10:00,064 - INFO - 📈 已处理300087 荃银高科 
2025-08-23 19:10:00,935 - INFO - 📈 已处理300088 长信科技 
2025-08-23 19:10:02,782 - INFO - 📈 已处理300091 金通灵 
2025-08-23 19:10:03,412 - INFO - 📈 已处理300092 科新机电 
2025-08-23 19:10:04,033 - INFO - 📈 已处理300093 *ST金刚 
2025-08-23 19:10:04,655 - INFO - 📈 已处理300094 国联水产 
2025-08-23 19:10:05,276 - INFO - 📈 已处理300095 华伍股份 
2025-08-23 19:10:06,256 - INFO - 📈 已处理300096 ST易联众 
2025-08-23 19:10:06,884 - INFO - 📈 已处理300097 ST智云 
2025-08-23 19:10:07,523 - INFO - 📈 已处理300098 高新兴 
2025-08-23 19:10:08,155 - INFO - 📈 已处理300099 尤洛卡 
2025-08-23 19:10:08,779 - INFO - 📈 已处理300100 双林股份 
2025-08-23 19:10:09,413 - INFO - 📈 已处理300101 振芯科技 
2025-08-23 19:10:10,042 - INFO - 📈 已处理300102 乾照光电 
2025-08-23 19:10:10,668 - INFO - 📈 已处理300103 达刚控股 
2025-08-23 19:10:11,925 - INFO - 📈 已处理300105 龙源技术 
2025-08-23 19:10:12,558 - INFO - 📈 已处理300106 西部牧业 
2025-08-23 19:10:13,177 - INFO - 📈 已处理300107 建新股份 
2025-08-23 19:10:14,390 - INFO - 📈 已处理300109 新开源 
2025-08-23 19:10:15,007 - INFO - 📈 已处理300110 华仁药业 
2025-08-23 19:10:15,619 - INFO - 📈 已处理300111 向日葵 
2025-08-23 19:10:16,249 - INFO - 📈 已处理300112 万讯自控 
2025-08-23 19:10:16,859 - INFO - 📈 已处理300113 顺网科技 
2025-08-23 19:10:17,484 - INFO - 📈 已处理300115 长盈精密 
2025-08-23 19:10:19,357 - INFO - 📈 已处理300118 东方日升 
2025-08-23 19:10:19,971 - INFO - 📈 已处理300119 瑞普生物 
2025-08-23 19:10:20,611 - INFO - 📈 已处理300120 经纬辉开 
2025-08-23 19:10:21,234 - INFO - 📈 已处理300121 阳谷华泰 
2025-08-23 19:10:21,858 - INFO - 📈 已处理300122 智飞生物 
2025-08-23 19:10:22,482 - INFO - 📈 已处理300123 亚光科技 
2025-08-23 19:10:23,092 - INFO - 📈 已处理300124 汇川技术 
2025-08-23 19:10:23,714 - INFO - 📈 已处理300125 *ST聆达 
2025-08-23 19:10:24,337 - INFO - 📈 已处理300126 锐奇股份 
2025-08-23 19:10:24,969 - INFO - 📈 已处理300127 银河磁体 
2025-08-23 19:10:25,597 - INFO - 📈 已处理300128 锦富技术 
2025-08-23 19:10:25,597 - INFO - 📈 已处理 1750/5740 只股票，成功 1198 只
2025-08-23 19:10:26,223 - INFO - 📈 已处理300129 泰胜风能 
2025-08-23 19:10:26,860 - INFO - 📈 已处理300130 新国都 
2025-08-23 19:10:27,490 - INFO - 📈 已处理300131 英唐智控 
2025-08-23 19:10:28,465 - INFO - 📈 已处理300132 青松股份 
2025-08-23 19:10:29,085 - INFO - 📈 已处理300133 华策影视 
2025-08-23 19:10:29,711 - INFO - 📈 已处理300134 大富科技 
2025-08-23 19:10:30,339 - INFO - 📈 已处理300135 宝利国际 
2025-08-23 19:10:30,964 - INFO - 📈 已处理300136 信维通信 
2025-08-23 19:10:31,597 - INFO - 📈 已处理300137 ST先河 
2025-08-23 19:10:32,224 - INFO - 📈 已处理300138 晨光生物 
2025-08-23 19:10:32,845 - INFO - 📈 已处理300139 晓程科技 
2025-08-23 19:10:33,463 - INFO - 📈 已处理300140 节能环境 
2025-08-23 19:10:34,081 - INFO - 📈 已处理300141 和顺电气 
2025-08-23 19:10:34,699 - INFO - 📈 已处理300142 沃森生物 
2025-08-23 19:10:35,333 - INFO - 📈 已处理300143 盈康生命 
2025-08-23 19:10:35,956 - INFO - 📈 已处理300144 宋城演艺 
2025-08-23 19:10:36,572 - INFO - 📈 已处理300145 南方泵业 
2025-08-23 19:10:37,203 - INFO - 📈 已处理300146 汤臣倍健 
2025-08-23 19:10:37,825 - INFO - 📈 已处理300147 ST香雪 
2025-08-23 19:10:38,456 - INFO - 📈 已处理300148 天舟文化 
2025-08-23 19:10:39,087 - INFO - 📈 已处理300149 睿智医药 
2025-08-23 19:10:40,711 - INFO - 📈 已处理300150 世纪瑞尔 
2025-08-23 19:10:41,338 - INFO - 📈 已处理300151 昌红科技 
2025-08-23 19:10:41,959 - INFO - 📈 已处理300152 ST新动力 
2025-08-23 19:10:42,597 - INFO - 📈 已处理300153 科泰电源 
2025-08-23 19:10:43,226 - INFO - 📈 已处理300154 瑞凌股份 
2025-08-23 19:10:43,842 - INFO - 📈 已处理300155 安居宝 
2025-08-23 19:10:45,073 - INFO - 📈 已处理300157 新锦动力 
2025-08-23 19:10:45,705 - INFO - 📈 已处理300158 振东制药 
2025-08-23 19:10:46,321 - INFO - 📈 已处理300159 *ST新研 
2025-08-23 19:10:46,946 - INFO - 📈 已处理300160 秀强股份 
2025-08-23 19:10:47,580 - INFO - 📈 已处理300161 华中数控 
2025-08-23 19:10:48,208 - INFO - 📈 已处理300162 雷曼光电 
2025-08-23 19:10:48,824 - INFO - 📈 已处理300163 先锋新材 
2025-08-23 19:10:49,456 - INFO - 📈 已处理300164 通源石油 
2025-08-23 19:10:50,084 - INFO - 📈 已处理300165 ST天瑞 
2025-08-23 19:10:50,710 - INFO - 📈 已处理300166 东方国信 
2025-08-23 19:10:51,344 - INFO - 📈 已处理300167 ST迪威迅 
2025-08-23 19:10:51,974 - INFO - 📈 已处理300168 万达信息 
2025-08-23 19:10:52,607 - INFO - 📈 已处理300169 天晟新材 
2025-08-23 19:10:53,220 - INFO - 📈 已处理300170 汉得信息 
2025-08-23 19:10:53,843 - INFO - 📈 已处理300171 东富龙 
2025-08-23 19:10:54,456 - INFO - 📈 已处理300172 中电环保 
2025-08-23 19:10:55,097 - INFO - 📈 已处理300173 福能东方 
2025-08-23 19:10:55,734 - INFO - 📈 已处理300174 元力股份 
2025-08-23 19:10:56,374 - INFO - 📈 已处理300175 ST朗源 
2025-08-23 19:10:57,010 - INFO - 📈 已处理300176 鸿特科技 
2025-08-23 19:10:57,639 - INFO - 📈 已处理300177 中海达 
2025-08-23 19:10:58,875 - INFO - 📈 已处理300179 四方达 
2025-08-23 19:10:59,487 - INFO - 📈 已处理300180 华峰超纤 
2025-08-23 19:11:00,111 - INFO - 📈 已处理300181 佐力药业 
2025-08-23 19:11:00,731 - INFO - 📈 已处理300182 捷成股份 
2025-08-23 19:11:01,387 - INFO - 📈 已处理300183 东软载波 
2025-08-23 19:11:02,022 - INFO - 📈 已处理300184 力源信息 
2025-08-23 19:11:02,649 - INFO - 📈 已处理300185 通裕重工 
2025-08-23 19:11:03,901 - INFO - 📈 已处理300187 永清环保 
2025-08-23 19:11:04,528 - INFO - 📈 已处理300188 国投智能 
2025-08-23 19:11:05,161 - INFO - 📈 已处理300189 神农种业 
2025-08-23 19:11:05,782 - INFO - 📈 已处理300190 维尔利 
2025-08-23 19:11:06,408 - INFO - 📈 已处理300191 潜能恒信 
2025-08-23 19:11:07,039 - INFO - 📈 已处理300192 科德教育 
2025-08-23 19:11:07,658 - INFO - 📈 已处理300193 佳士科技 
2025-08-23 19:11:08,279 - INFO - 📈 已处理300194 福安药业 
2025-08-23 19:11:08,899 - INFO - 📈 已处理300195 长荣股份 
2025-08-23 19:11:09,538 - INFO - 📈 已处理300196 长海股份 
2025-08-23 19:11:10,172 - INFO - 📈 已处理300197 节能铁汉 
2025-08-23 19:11:10,786 - INFO - 📈 已处理300198 ST纳川 
2025-08-23 19:11:11,426 - INFO - 📈 已处理300199 翰宇药业 
2025-08-23 19:23:32,593 - INFO - 📈 已处理430476 海能技术 
2025-08-23 19:23:33,418 - INFO - 📈 已处理430478 峆一药业 
2025-08-23 19:23:34,465 - INFO - 📈 已处理430510 丰光精密 
2025-08-23 19:23:36,184 - INFO - 📈 已处理430556 雅达股份 
2025-08-23 19:23:36,890 - INFO - 📈 已处理430564 天润科技 
2025-08-23 19:23:37,604 - INFO - 📈 已处理430685 新芝生物 
2025-08-23 19:23:38,355 - INFO - 📈 已处理430718 合肥高科 
2025-08-23 19:23:39,697 - INFO - 📈 已处理600000 浦发银行 
2025-08-23 19:23:44,765 - INFO - 📈 已处理600004 白云机场 
2025-08-23 19:23:46,201 - INFO - 📈 已处理600006 东风股份 
2025-08-23 19:23:46,911 - INFO - 📈 已处理600007 中国国贸 
2025-08-23 19:23:48,661 - INFO - 📈 已处理600008 首创环保 
2025-08-23 19:23:49,380 - INFO - 📈 已处理600009 上海机场 
2025-08-23 19:23:50,113 - INFO - 📈 已处理600010 包钢股份 
2025-08-23 19:24:00,446 - INFO - 📈 已处理600011 华能国际 
2025-08-23 19:24:02,178 - INFO - 📈 已处理600012 皖通高速 
2025-08-23 19:24:03,913 - INFO - 📈 已处理600015 华夏银行 
2025-08-23 19:24:04,622 - INFO - 📈 已处理600016 民生银行 
2025-08-23 19:24:05,572 - INFO - 📈 已处理600017 日照港 
2025-08-23 19:24:06,565 - INFO - 📈 已处理600018 上港集团 
2025-08-23 19:24:07,289 - INFO - 📈 已处理600019 宝钢股份 
2025-08-23 19:24:07,996 - INFO - 📈 已处理600020 中原高速 
2025-08-23 19:24:09,780 - INFO - 📈 已处理600021 上海电力 
2025-08-23 19:24:10,500 - INFO - 📈 已处理600022 山东钢铁 
2025-08-23 19:24:11,225 - INFO - 📈 已处理600023 浙能电力 
2025-08-23 19:24:12,191 - INFO - 📈 已处理600025 华能水电 
2025-08-23 19:24:12,900 - INFO - 📈 已处理600026 中远海能 
2025-08-23 19:24:13,612 - INFO - 📈 已处理600027 华电国际 
2025-08-23 19:24:15,341 - INFO - 📈 已处理600028 中国石化 
2025-08-23 19:24:16,053 - INFO - 📈 已处理600029 南方航空 
2025-08-23 19:24:16,777 - INFO - 📈 已处理600030 中信证券 
2025-08-23 19:24:17,483 - INFO - 📈 已处理600031 三一重工 
2025-08-23 19:24:18,221 - INFO - 📈 已处理600032 浙江新能 
2025-08-23 19:24:19,003 - INFO - 📈 已处理600033 福建高速 
2025-08-23 19:24:19,721 - INFO - 📈 已处理600035 楚天高速 
2025-08-23 19:24:23,541 - INFO - 📈 已处理600036 招商银行 
2025-08-23 19:24:25,296 - INFO - 📈 已处理600037 歌华有线 
2025-08-23 19:24:25,998 - INFO - 📈 已处理600038 中直股份 
2025-08-23 19:24:26,711 - INFO - 📈 已处理600039 四川路桥 
2025-08-23 19:24:28,491 - INFO - 📈 已处理600048 保利发展 
2025-08-23 19:24:29,208 - INFO - 📈 已处理600050 中国联通 
2025-08-23 19:24:29,921 - INFO - 📈 已处理600051 宁波联合 
2025-08-23 19:24:30,631 - INFO - 📈 已处理600052 东望时代 
2025-08-23 19:24:30,631 - INFO - 📈 已处理 3100/5740 只股票，成功 1309 只
2025-08-23 19:24:36,346 - INFO - 📈 已处理600053 九鼎投资 
2025-08-23 19:24:41,257 - INFO - 📈 已处理600054 黄山旅游 
2025-08-23 19:25:00,913 - INFO - 📈 已处理600055 万东医疗 
2025-08-23 19:25:07,297 - INFO - 📈 已处理600056 中国医药 
2025-08-23 19:25:08,180 - INFO - 📈 已处理600057 厦门象屿 
2025-08-23 19:25:09,051 - INFO - 📈 已处理600058 五矿发展 
2025-08-23 19:25:10,954 - INFO - 📈 已处理600059 古越龙山 
2025-08-23 19:25:12,107 - INFO - 📈 已处理600060 海信视像 
2025-08-23 19:25:21,368 - INFO - 📈 已处理600061 国投资本 
2025-08-23 19:25:23,290 - INFO - 📈 已处理600062 华润双鹤 
2025-08-23 19:25:26,496 - INFO - 📈 已处理600063 皖维高新 
2025-08-23 19:25:28,388 - INFO - 📈 已处理600064 南京高科 
2025-08-23 19:26:34,908 - INFO - 📈 已处理600066 宇通客车 
2025-08-23 19:26:35,994 - INFO - 📈 已处理600067 冠城新材 
2025-08-23 19:26:41,748 - INFO - 📈 已处理600071 凤凰光学 
2025-08-23 19:26:42,470 - INFO - 📈 已处理600072 中船科技 
2025-08-23 19:26:47,944 - INFO - 📈 已处理600073 光明肉业 
2025-08-23 19:26:50,426 - INFO - 📈 已处理600075 新疆天业 
2025-08-23 19:26:55,425 - INFO - 📈 已处理600076 康欣新材 
2025-08-23 19:26:57,855 - INFO - 📈 已处理600078 澄星股份 
2025-08-23 19:26:59,598 - INFO - 📈 已处理600079 人福医药 
2025-08-23 19:27:00,315 - INFO - 📈 已处理600080 金花股份 
2025-08-23 19:27:01,063 - INFO - 📈 已处理600081 东风科技 
2025-08-23 19:27:01,781 - INFO - 📈 已处理600082 海泰发展 
2025-08-23 19:27:04,431 - INFO - 📈 已处理600084 中信尼雅 
2025-08-23 19:27:08,611 - INFO - 📈 已处理600085 同仁堂 
2025-08-23 19:27:11,100 - INFO - 📈 已处理600088 中视传媒 
2025-08-23 19:27:12,860 - INFO - 📈 已处理600089 特变电工 
2025-08-23 19:27:24,254 - INFO - 📈 已处理600094 大名城 
2025-08-23 19:27:25,000 - INFO - 📈 已处理600095 湘财股份 
2025-08-23 19:27:25,711 - INFO - 📈 已处理600096 云天化 
2025-08-23 19:27:27,444 - INFO - 📈 已处理600097 开创国际 
2025-08-23 19:27:31,187 - INFO - 📈 已处理600098 广州发展 
2025-08-23 19:27:31,952 - INFO - 📈 已处理600099 林海股份 
2025-08-23 19:27:32,664 - INFO - 📈 已处理600100 同方股份 
2025-08-23 19:27:34,259 - INFO - 📈 已处理600101 明星电力 
2025-08-23 19:27:36,762 - INFO - 📈 已处理600103 青山纸业 
2025-08-23 19:27:39,417 - INFO - 📈 已处理600104 上汽集团 
2025-08-23 19:27:56,376 - INFO - 📈 已处理600105 永鼎股份 
2025-08-23 19:28:06,750 - INFO - 📈 已处理600106 重庆路桥 
2025-08-23 19:28:07,606 - INFO - 📈 已处理600107 ST尔雅 
2025-08-23 19:29:19,236 - INFO - 📈 已处理600108 亚盛集团 
2025-08-23 19:29:20,273 - INFO - 📈 已处理600109 国金证券 
2025-08-23 19:29:21,040 - INFO - 📈 已处理600110 诺德股份 
2025-08-23 19:29:21,754 - INFO - 📈 已处理600111 北方稀土 
2025-08-23 19:29:23,254 - INFO - 📈 已处理600113 浙江东日 
2025-08-23 19:29:24,044 - INFO - 📈 已处理600114 东睦股份 
2025-08-23 19:29:25,183 - INFO - 📈 已处理600115 中国东航 
2025-08-23 19:29:26,899 - INFO - 📈 已处理600116 三峡水利 
2025-08-23 19:29:27,624 - INFO - 📈 已处理600117 西宁特钢 
2025-08-23 19:29:28,434 - INFO - 📈 已处理600118 中国卫星 
2025-08-23 19:29:29,404 - INFO - 📈 已处理600119 长江投资 
2025-08-23 19:29:30,344 - INFO - 📈 已处理600120 浙江东方 
2025-08-23 19:29:31,614 - INFO - 📈 已处理600121 郑州煤电 
2025-08-23 19:29:42,480 - INFO - 📈 已处理600123 兰花科创 
2025-08-23 19:29:43,259 - INFO - 📈 已处理600125 铁龙物流 
2025-08-23 19:29:44,019 - INFO - 📈 已处理600126 杭钢股份 
2025-08-23 19:29:44,748 - INFO - 📈 已处理600127 金健米业 
2025-08-23 19:29:45,464 - INFO - 📈 已处理600128 苏豪弘业 
2025-08-23 19:29:46,194 - INFO - 📈 已处理600129 太极集团 
2025-08-23 19:29:46,908 - INFO - 📈 已处理600130 *ST波导 
2025-08-23 19:29:48,118 - INFO - 📈 已处理600131 国网信通 
2025-08-23 19:29:48,831 - INFO - 📈 已处理600132 重庆啤酒 
2025-08-23 19:29:49,565 - INFO - 📈 已处理600133 东湖高新 
2025-08-23 19:29:50,980 - INFO - 📈 已处理600135 乐凯胶片 
2025-08-23 19:29:51,706 - INFO - 📈 已处理600136 ST明诚 
2025-08-23 19:29:52,450 - INFO - 📈 已处理600137 浪莎股份 
2025-08-23 19:29:53,210 - INFO - 📈 已处理600138 中青旅 
2025-08-23 19:29:54,763 - INFO - 📈 已处理600141 兴发集团 
2025-08-23 19:29:55,564 - INFO - 📈 已处理600143 金发科技 
2025-08-23 19:29:58,381 - INFO - 📈 已处理600148 长春一东 
2025-08-23 19:29:59,162 - INFO - 📈 已处理600149 廊坊发展 
2025-08-23 19:30:01,269 - INFO - 📈 已处理600150 中国船舶 
2025-08-23 19:30:03,087 - INFO - 📈 已处理600151 航天机电 
2025-08-23 19:30:03,852 - INFO - 📈 已处理600152 维科技术 
2025-08-23 19:30:04,567 - INFO - 📈 已处理600153 建发股份 
2025-08-23 19:30:05,294 - INFO - 📈 已处理600155 华创云信 
2025-08-23 19:30:06,032 - INFO - 📈 已处理600156 华升股份 
2025-08-23 19:30:07,033 - INFO - 📈 已处理600157 永泰能源 
2025-08-23 19:30:07,737 - INFO - 📈 已处理600158 中体产业 
2025-08-23 19:30:08,580 - INFO - 📈 已处理600159 大龙地产 
2025-08-23 19:30:08,580 - INFO - 📈 已处理 3200/5740 只股票，成功 1390 只
2025-08-23 19:30:09,298 - INFO - 📈 已处理600160 巨化股份 
2025-08-23 19:30:10,043 - INFO - 📈 已处理600161 天坛生物 
2025-08-23 19:30:10,803 - INFO - 📈 已处理600162 香江控股 
2025-08-23 19:30:11,517 - INFO - 📈 已处理600163 中闽能源 
2025-08-23 19:30:14,031 - INFO - 📈 已处理600165 ST宁科 
2025-08-23 19:30:14,751 - INFO - 📈 已处理600166 福田汽车 
2025-08-23 19:30:15,561 - INFO - 📈 已处理600167 联美控股 
2025-08-23 19:30:16,331 - INFO - 📈 已处理600168 武汉控股 
2025-08-23 19:30:18,069 - INFO - 📈 已处理600169 太原重工 
2025-08-23 19:30:18,864 - INFO - 📈 已处理600170 上海建工 
2025-08-23 19:30:27,582 - INFO - 📈 已处理600171 上海贝岭 
2025-08-23 19:30:33,706 - INFO - 📈 已处理600172 黄河旋风 
2025-08-23 19:30:34,456 - INFO - 📈 已处理600173 卧龙新能 
2025-08-23 19:30:36,881 - INFO - 📈 已处理600176 中国巨石 
2025-08-23 19:30:37,593 - INFO - 📈 已处理600177 雅戈尔 
2025-08-23 19:30:38,327 - INFO - 📈 已处理600178 东安动力 
2025-08-23 19:30:40,125 - INFO - 📈 已处理600179 安通控股 
2025-08-23 19:30:41,208 - INFO - 📈 已处理600180 瑞茂通 
2025-08-23 19:30:42,709 - INFO - 📈 已处理600182 S佳通 
2025-08-23 19:30:43,470 - INFO - 📈 已处理600183 生益科技 
2025-08-23 19:30:44,268 - INFO - 📈 已处理600184 光电股份 
2025-08-23 19:30:45,056 - INFO - 📈 已处理600185 珠免集团 
2025-08-23 19:30:45,852 - INFO - 📈 已处理600186 莲花控股 
2025-08-23 19:30:46,651 - INFO - 📈 已处理600187 国中水务 
2025-08-23 19:30:47,524 - INFO - 📈 已处理600188 兖矿能源 
2025-08-23 19:30:48,579 - INFO - 📈 已处理600189 泉阳泉 
2025-08-23 19:30:50,194 - INFO - 📈 已处理600191 华资实业 
2025-08-23 19:30:51,036 - INFO - 📈 已处理600192 长城电工 
2025-08-23 19:30:51,902 - INFO - 📈 已处理600193 *ST创兴 
2025-08-23 19:30:52,822 - INFO - 📈 已处理600195 中牧股份 
2025-08-23 19:30:54,622 - INFO - 📈 已处理600196 复星医药 
2025-08-23 19:30:55,427 - INFO - 📈 已处理600197 伊力特 
2025-08-23 19:30:56,281 - INFO - 📈 已处理600198 大唐电信 
2025-08-23 19:30:57,209 - INFO - 📈 已处理600199 金种子酒 
2025-08-23 19:30:59,635 - INFO - 📈 已处理600200 *ST苏吴 
2025-08-23 19:31:00,522 - INFO - 📈 已处理600201 生物股份 
2025-08-23 19:31:01,448 - INFO - 📈 已处理600202 哈空调 
2025-08-23 19:31:02,222 - INFO - 📈 已处理600203 福日电子 
2025-08-23 19:31:03,785 - INFO - 📈 已处理600206 有研新材 
2025-08-23 19:31:04,651 - INFO - 📈 已处理600207 安彩高科 
2025-08-23 19:31:05,572 - INFO - 📈 已处理600208 衢州发展 
2025-08-23 19:31:07,309 - INFO - 📈 已处理600210 紫江企业 
2025-08-23 19:31:08,148 - INFO - 📈 已处理600211 西藏药业 
2025-08-23 19:31:08,988 - INFO - 📈 已处理600212 绿能慧充 
2025-08-23 19:31:11,052 - INFO - 📈 已处理600215 派斯林 
2025-08-23 19:31:11,907 - INFO - 📈 已处理600216 浙江医药 
2025-08-23 19:31:12,678 - INFO - 📈 已处理600217 中再资环 
2025-08-23 19:31:13,453 - INFO - 📈 已处理600218 全柴动力 
2025-08-23 19:31:14,306 - INFO - 📈 已处理600219 南山铝业 
2025-08-23 19:31:15,926 - INFO - 📈 已处理600221 海航控股 
2025-08-23 19:31:16,793 - INFO - 📈 已处理600222 太龙药业 
2025-08-23 19:31:17,784 - INFO - 📈 已处理600223 福瑞达 
2025-08-23 19:31:19,646 - INFO - 📈 已处理600226 亨通股份 
2025-08-23 19:31:20,515 - INFO - 📈 已处理600227 赤天化 
2025-08-23 19:31:21,782 - INFO - 📈 已处理600228 *ST返利 
2025-08-23 19:31:22,711 - INFO - 📈 已处理600229 城市传媒 
2025-08-23 19:31:23,685 - INFO - 📈 已处理600230 沧州大化 
2025-08-23 19:31:24,624 - INFO - 📈 已处理600231 凌钢股份 
2025-08-23 19:31:25,612 - INFO - 📈 已处理600232 金鹰股份 
2025-08-23 19:31:26,668 - INFO - 📈 已处理600233 圆通速递 
2025-08-23 19:31:28,100 - INFO - 📈 已处理600234 科新发展 
2025-08-23 19:31:29,361 - INFO - 📈 已处理600235 民丰特纸 
2025-08-23 19:31:30,802 - INFO - 📈 已处理600236 桂冠电力 
2025-08-23 19:31:32,220 - INFO - 📈 已处理600237 铜峰电子 
2025-08-23 19:31:33,470 - INFO - 📈 已处理600238 *ST椰岛 
2025-08-23 19:31:34,908 - INFO - 📈 已处理600239 云南城投 
2025-08-23 19:31:39,332 - INFO - 📈 已处理600241 时代万恒 
2025-08-23 19:31:44,912 - INFO - 📈 已处理600243 *ST海华 
2025-08-23 19:31:46,101 - INFO - 📈 已处理600246 万通发展 
2025-08-23 19:31:48,497 - INFO - 📈 已处理600248 陕建股份 
2025-08-23 19:31:49,681 - INFO - 📈 已处理600249 XD两面针 
2025-08-23 19:31:50,837 - INFO - 📈 已处理600250 南京商旅 
2025-08-23 19:31:51,971 - INFO - 📈 已处理600251 冠农股份 
2025-08-23 19:31:53,108 - INFO - 📈 已处理600252 中恒集团 
2025-08-23 19:31:56,398 - INFO - 📈 已处理600255 鑫科材料 
2025-08-23 19:31:57,433 - INFO - 📈 已处理600256 广汇能源 
2025-08-23 19:31:59,514 - INFO - 📈 已处理600257 大湖股份 
2025-08-23 19:32:01,587 - INFO - 📈 已处理600258 首旅酒店 
2025-08-23 19:32:02,689 - INFO - 📈 已处理600259 广晟有色 
2025-08-23 19:32:07,007 - INFO - 📈 已处理600261 阳光照明 
2025-08-23 19:32:08,099 - INFO - 📈 已处理600262 北方股份 
2025-08-23 19:32:11,402 - INFO - 📈 已处理600265 ST景谷 
2025-08-23 19:32:12,470 - INFO - 📈 已处理600266 城建发展 
2025-08-23 19:32:13,565 - INFO - 📈 已处理600267 海正药业 
2025-08-23 19:32:14,670 - INFO - 📈 已处理600268 国电南自 
2025-08-23 19:32:15,810 - INFO - 📈 已处理600269 赣粤高速 
2025-08-23 19:32:15,810 - INFO - 📈 已处理 3300/5740 只股票，成功 1476 只
2025-08-23 19:32:19,310 - INFO - 📈 已处理600271 航天信息 
2025-08-23 19:32:21,860 - INFO - 📈 已处理600272 开开实业 
2025-08-23 19:32:22,920 - INFO - 📈 已处理600273 嘉化能源 
2025-08-23 19:32:25,470 - INFO - 📈 已处理600276 恒瑞医药 
2025-08-23 19:32:28,867 - INFO - 📈 已处理600278 东方创业 
2025-08-23 19:32:31,232 - INFO - 📈 已处理600279 重庆港 
2025-08-23 19:32:47,405 - INFO - 📈 已处理600280 中央商场 
2025-08-23 19:33:03,569 - INFO - 📈 已处理600281 华阳新材 
2025-08-23 19:33:04,790 - INFO - 📈 已处理600282 南钢股份 
2025-08-23 19:33:05,706 - INFO - 📈 已处理600283 钱江水利 
2025-08-23 19:33:06,674 - INFO - 📈 已处理600284 浦东建设 
2025-08-23 19:33:27,719 - INFO - 📈 已处理600285 羚锐制药 
2025-08-23 19:33:33,147 - INFO - 📈 已处理600287 江苏舜天 
2025-08-23 19:33:33,865 - INFO - 📈 已处理600288 大恒科技 
2025-08-23 19:33:34,573 - INFO - 📈 已处理600289 ST信通 
2025-08-23 19:33:37,207 - INFO - 📈 已处理600292 远达环保 
2025-08-23 19:33:37,910 - INFO - 📈 已处理600293 三峡新材 
2025-08-23 19:33:40,111 - INFO - 📈 已处理600295 鄂尔多斯 
2025-08-23 19:33:43,261 - INFO - 📈 已处理600298 安琪酵母 
2025-08-23 19:33:43,991 - INFO - 📈 已处理600299 安迪苏 
2025-08-23 19:33:44,746 - INFO - 📈 已处理600300 维维股份 
2025-08-23 19:33:45,495 - INFO - 📈 已处理600301 华锡有色 
2025-08-23 19:33:46,227 - INFO - 📈 已处理600302 标准股份 
2025-08-23 19:33:47,211 - INFO - 📈 已处理600303 曙光股份 
2025-08-23 19:33:49,090 - INFO - 📈 已处理600305 恒顺醋业 
2025-08-23 19:33:50,514 - INFO - 📈 已处理600307 酒钢宏兴 
2025-08-23 19:33:51,248 - INFO - 📈 已处理600308 华泰股份 
2025-08-23 19:33:51,996 - INFO - 📈 已处理600309 万华化学 
2025-08-23 19:33:52,731 - INFO - 📈 已处理600310 广西能源 
2025-08-23 19:33:54,525 - INFO - 📈 已处理600312 平高电气 
2025-08-23 19:33:55,330 - INFO - 📈 已处理600313 农发种业 
2025-08-23 19:33:57,067 - INFO - 📈 已处理600315 上海家化 
2025-08-23 19:33:59,281 - INFO - 📈 已处理600316 洪都航空 
2025-08-23 19:34:01,657 - INFO - 📈 已处理600318 新力金融 
2025-08-23 19:34:02,371 - INFO - 📈 已处理600319 亚星化学 
2025-08-23 19:34:03,092 - INFO - 📈 已处理600320 振华重工 
2025-08-23 19:34:04,531 - INFO - 📈 已处理600322 津投城开 
2025-08-23 19:34:05,241 - INFO - 📈 已处理600323 瀚蓝环境 
2025-08-23 19:34:05,241 - INFO - 📈 已处理 3350/5740 只股票，成功 1514 只
2025-08-23 19:34:05,971 - INFO - 📈 已处理600325 华发股份 
2025-08-23 19:34:07,991 - INFO - 📈 已处理600326 西藏天路 
2025-08-23 19:34:08,724 - INFO - 📈 已处理600327 大东方 
2025-08-23 19:34:10,541 - INFO - 📈 已处理600328 中盐化工 
2025-08-23 19:34:11,915 - INFO - 📈 已处理600329 达仁堂 
2025-08-23 19:34:12,664 - INFO - 📈 已处理600330 天通股份 
2025-08-23 19:34:13,397 - INFO - 📈 已处理600331 宏达股份 
2025-08-23 19:34:14,363 - INFO - 📈 已处理600332 白云山 
2025-08-23 19:34:15,081 - INFO - 📈 已处理600333 长春燃气 
2025-08-23 19:34:16,882 - INFO - 📈 已处理600335 国机汽车 
2025-08-23 19:34:17,649 - INFO - 📈 已处理600336 澳柯玛 
2025-08-23 19:34:19,394 - INFO - 📈 已处理600337 美克家居 
2025-08-23 19:34:20,159 - INFO - 📈 已处理600338 西藏珠峰 
2025-08-23 19:34:21,115 - INFO - 📈 已处理600339 中油工程 
2025-08-23 19:34:21,831 - INFO - 📈 已处理600340 华夏幸福 
2025-08-23 19:34:22,571 - INFO - 📈 已处理600343 航天动力 
2025-08-23 19:34:23,347 - INFO - 📈 已处理600345 长江通信 
2025-08-23 19:34:24,263 - INFO - 📈 已处理600346 恒力石化 
2025-08-23 19:34:25,003 - INFO - 📈 已处理600348 华阳股份 
2025-08-23 19:34:25,760 - INFO - 📈 已处理600350 山东高速 
2025-08-23 19:34:26,471 - INFO - 📈 已处理600351 亚宝药业 
2025-08-23 19:34:27,214 - INFO - 📈 已处理600352 浙江龙盛 
2025-08-23 19:34:28,178 - INFO - 📈 已处理600353 旭光电子 
2025-08-23 19:34:28,925 - INFO - 📈 已处理600354 敦煌种业 
2025-08-23 19:34:29,680 - INFO - 📈 已处理600355 *ST精伦 
2025-08-23 19:34:30,574 - INFO - 📈 已处理600356 恒丰纸业 
2025-08-23 19:34:32,244 - INFO - 📈 已处理600358 ST联合 
2025-08-23 19:34:33,987 - INFO - 📈 已处理600359 新农开发 
2025-08-23 19:34:34,934 - INFO - 📈 已处理600360 *ST华微 
2025-08-23 19:34:36,131 - INFO - 📈 已处理600361 创新新材 
2025-08-23 19:34:37,096 - INFO - 📈 已处理600362 江西铜业 
2025-08-23 19:34:37,822 - INFO - 📈 已处理600363 联创光电 
2025-08-23 19:34:39,571 - INFO - 📈 已处理600365 ST通葡 
2025-08-23 19:34:40,531 - INFO - 📈 已处理600366 宁波韵升 
2025-08-23 19:34:41,263 - INFO - 📈 已处理600367 红星发展 
2025-08-23 19:34:42,360 - INFO - 📈 已处理600368 五洲交通 
2025-08-23 19:34:43,059 - INFO - 📈 已处理600369 西南证券 
2025-08-23 19:34:44,180 - INFO - 📈 已处理600370 三房巷 
2025-08-23 19:34:44,904 - INFO - 📈 已处理600371 万向德农 
2025-08-23 19:34:45,929 - INFO - 📈 已处理600372 中航机载 
2025-08-23 19:34:47,684 - INFO - 📈 已处理600373 中文传媒 
2025-08-23 19:34:48,931 - INFO - 📈 已处理600375 汉马科技 
2025-08-23 19:34:49,646 - INFO - 📈 已处理600376 首开股份 
2025-08-23 19:34:51,545 - INFO - 📈 已处理600377 宁沪高速 
2025-08-23 19:34:52,275 - INFO - 📈 已处理600378 昊华科技 
2025-08-23 19:34:53,530 - INFO - 📈 已处理600379 宝光股份 
2025-08-23 19:34:55,577 - INFO - 📈 已处理600380 健康元 
2025-08-23 19:34:57,401 - INFO - 📈 已处理600381 *ST春天 
2025-08-23 19:35:00,612 - INFO - 📈 已处理600382 广东明珠 
2025-08-23 19:35:00,612 - INFO - 📈 已处理 3400/5740 只股票，成功 1563 只
2025-08-23 19:35:01,349 - INFO - 📈 已处理600383 金地集团 
2025-08-23 19:35:03,822 - INFO - 📈 已处理600386 北巴传媒 
2025-08-23 19:35:05,495 - INFO - 📈 已处理600388 龙净环保 
2025-08-23 19:35:06,212 - INFO - 📈 已处理600389 江山股份 
2025-08-23 19:35:06,962 - INFO - 📈 已处理600390 五矿资本 
2025-08-23 19:35:07,685 - INFO - 📈 已处理600391 航发科技 
2025-08-23 19:35:08,408 - INFO - 📈 已处理600392 盛和资源 
2025-08-23 19:35:10,422 - INFO - 📈 已处理600395 盘江股份 
2025-08-23 19:35:11,128 - INFO - 📈 已处理600396 华电辽能 
2025-08-23 19:35:11,892 - INFO - 📈 已处理600397 安源煤业 
2025-08-23 19:35:12,646 - INFO - 📈 已处理600398 海澜之家 
2025-08-23 19:35:13,531 - INFO - 📈 已处理600399 抚顺特钢 
2025-08-23 19:35:15,477 - INFO - 📈 已处理600400 红豆股份 
2025-08-23 19:35:16,901 - INFO - 📈 已处理600403 大有能源 
2025-08-23 19:35:18,645 - INFO - 📈 已处理600405 动力源 
2025-08-23 19:35:19,439 - INFO - 📈 已处理600406 国电南瑞 
2025-08-23 19:35:20,147 - INFO - 📈 已处理600408 安泰集团 
2025-08-23 19:35:20,878 - INFO - 📈 已处理600409 三友化工 
2025-08-23 19:35:21,610 - INFO - 📈 已处理600410 华胜天成 
2025-08-23 19:35:22,575 - INFO - 📈 已处理600415 小商品城 
2025-08-23 19:35:23,300 - INFO - 📈 已处理600416 湘电股份 
2025-08-23 19:35:25,081 - INFO - 📈 已处理600418 江淮汽车 
2025-08-23 19:35:25,818 - INFO - 📈 已处理600419 天润乳业 
2025-08-23 19:35:26,794 - INFO - 📈 已处理600420 国药现代 
2025-08-23 19:35:27,522 - INFO - 📈 已处理600421 *ST华嵘 
2025-08-23 19:35:29,583 - INFO - 📈 已处理600422 昆药集团 
2025-08-23 19:35:30,323 - INFO - 📈 已处理600423 柳化股份 
2025-08-23 19:35:31,097 - INFO - 📈 已处理600425 青松建化 
2025-08-23 19:35:33,191 - INFO - 📈 已处理600426 华鲁恒升 
2025-08-23 19:35:33,909 - INFO - 📈 已处理600428 中远海特 
2025-08-23 19:35:35,655 - INFO - 📈 已处理600429 三元股份 
2025-08-23 19:35:38,422 - INFO - 📈 已处理600433 冠豪高新 
2025-08-23 19:35:40,371 - INFO - 📈 已处理600435 北方导航 
2025-08-23 19:35:42,072 - INFO - 📈 已处理600436 片仔癀 
2025-08-23 19:35:42,930 - INFO - 📈 已处理600438 通威股份 
2025-08-23 19:35:46,101 - INFO - 📈 已处理600439 瑞贝卡 
2025-08-23 19:35:48,501 - INFO - 📈 已处理600444 国机通用 
2025-08-23 19:35:53,771 - INFO - 📈 已处理600446 金证股份 
2025-08-23 19:35:54,673 - INFO - 📈 已处理600448 华纺股份 
2025-08-23 19:35:55,606 - INFO - 📈 已处理600449 宁夏建材 
2025-08-23 19:35:58,251 - INFO - 📈 已处理600452 涪陵电力 
2025-08-23 19:35:59,580 - INFO - 📈 已处理600455 博通股份 
2025-08-23 19:36:01,495 - INFO - 📈 已处理600456 宝钛股份 
2025-08-23 19:36:05,411 - INFO - 📈 已处理600458 时代新材 
2025-08-23 19:36:09,312 - INFO - 📈 已处理600459 贵研铂业 
2025-08-23 19:36:09,312 - INFO - 📈 已处理 3450/5740 只股票，成功 1608 只
2025-08-23 19:36:17,632 - INFO - 📈 已处理600460 士兰微 
2025-08-23 19:36:18,921 - INFO - 📈 已处理600461 洪城环境 
2025-08-23 19:36:44,263 - INFO - 📈 已处理600463 空港股份 
2025-08-23 19:37:04,080 - INFO - 📈 已处理600467 好当家 
2025-08-23 19:37:06,711 - INFO - 📈 已处理600468 百利电气 
2025-08-23 19:37:08,011 - INFO - 📈 已处理600469 风神股份 
2025-08-23 19:37:41,499 - INFO - 📈 已处理600470 六国化工 
2025-08-23 19:37:55,034 - INFO - 📈 已处理600475 华光环能 
2025-08-23 19:37:55,760 - INFO - 📈 已处理600476 湘邮科技 
2025-08-23 19:38:05,122 - INFO - 📈 已处理600477 杭萧钢构 
2025-08-23 19:38:07,081 - INFO - 📈 已处理600478 科力远 
2025-08-23 19:38:08,036 - INFO - 📈 已处理600479 千金药业 
2025-08-23 19:38:08,774 - INFO - 📈 已处理600480 凌云股份 
2025-08-23 19:38:09,790 - INFO - 📈 已处理600481 双良节能 
2025-08-23 19:38:10,499 - INFO - 📈 已处理600482 中国动力 
2025-08-23 19:38:11,227 - INFO - 📈 已处理600483 福能股份 
2025-08-23 19:38:13,094 - INFO - 📈 已处理600486 扬农化工 
2025-08-23 19:38:13,891 - INFO - 📈 已处理600487 亨通光电 
2025-08-23 19:38:14,611 - INFO - 📈 已处理600488 津药药业 
2025-08-23 19:38:15,576 - INFO - 📈 已处理600489 中金黄金 
2025-08-23 19:38:16,299 - INFO - 📈 已处理600490 鹏欣资源 
2025-08-23 19:38:19,045 - INFO - 📈 已处理600491 龙元建设 
2025-08-23 19:38:19,755 - INFO - 📈 已处理600493 凤竹纺织 
2025-08-23 19:38:20,475 - INFO - 📈 已处理600495 晋西车轴 
2025-08-23 19:38:21,401 - INFO - 📈 已处理600496 精工钢构 
2025-08-23 19:38:22,118 - INFO - 📈 已处理600497 驰宏锌锗 
2025-08-23 19:38:23,001 - INFO - 📈 已处理600498 烽火通信 
2025-08-23 19:38:23,743 - INFO - 📈 已处理600499 科达制造 
2025-08-23 19:38:24,470 - INFO - 📈 已处理600500 中化国际 
2025-08-23 19:38:25,192 - INFO - 📈 已处理600501 航天晨光 
2025-08-23 19:38:26,148 - INFO - 📈 已处理600502 安徽建工 
2025-08-23 19:38:26,874 - INFO - 📈 已处理600503 华丽家族 
2025-08-23 19:38:27,880 - INFO - 📈 已处理600505 西昌电力 
2025-08-23 19:38:28,621 - INFO - 📈 已处理600506 统一股份 
2025-08-23 19:38:29,585 - INFO - 📈 已处理600507 方大特钢 
2025-08-23 19:38:30,953 - INFO - 📈 已处理600508 上海能源 
2025-08-23 19:38:31,665 - INFO - 📈 已处理600509 天富能源 
2025-08-23 19:38:32,386 - INFO - 📈 已处理600510 黑牡丹 
2025-08-23 19:38:33,431 - INFO - 📈 已处理600511 国药股份 
2025-08-23 19:38:34,161 - INFO - 📈 已处理600512 腾达建设 
2025-08-23 19:38:34,891 - INFO - 📈 已处理600513 联环药业 
2025-08-23 19:38:36,061 - INFO - 📈 已处理600515 海南机场 
2025-08-23 19:38:36,781 - INFO - 📈 已处理600516 方大炭素 
2025-08-23 19:38:45,371 - INFO - 📈 已处理600517 国网英大 
2025-08-23 19:38:56,339 - INFO - 📈 已处理600518 康美药业 
2025-08-23 19:39:04,941 - INFO - 📈 已处理600519 贵州茅台 
2025-08-23 19:39:04,941 - INFO - 📈 已处理 3500/5740 只股票，成功 1654 只
2025-08-23 19:39:08,280 - INFO - 📈 已处理600520 三佳科技 
2025-08-23 19:39:23,011 - INFO - 📈 已处理600521 华海药业 
2025-08-23 19:39:26,439 - INFO - 📈 已处理600522 中天科技 
2025-08-23 19:39:28,330 - INFO - 📈 已处理600523 贵航股份 
2025-08-23 19:39:37,177 - INFO - 📈 已处理600525 ST长园 
2025-08-23 19:39:48,572 - INFO - 📈 已处理600526 菲达环保 
2025-08-23 19:39:52,492 - INFO - 📈 已处理600527 江南高纤 
2025-08-23 19:39:53,361 - INFO - 📈 已处理600528 中铁工业 
2025-08-23 19:40:05,860 - INFO - 📈 已处理600529 山东药玻 
2025-08-23 19:40:08,961 - INFO - 📈 已处理600530 交大昂立 
2025-08-23 19:40:11,732 - INFO - 📈 已处理600531 豫光金铅 
2025-08-23 19:40:17,531 - INFO - 📈 已处理600533 栖霞建设 
2025-08-23 19:40:18,889 - INFO - 📈 已处理600535 天士力 
2025-08-23 19:40:20,775 - INFO - 📈 已处理600536 中国软件 
2025-08-23 19:40:22,680 - INFO - 📈 已处理600537 亿晶光电 
2025-08-23 19:40:26,341 - INFO - 📈 已处理600538 国发股份 
2025-08-23 19:40:36,463 - INFO - 📈 已处理600539 狮头股份 
2025-08-23 19:41:42,251 - INFO - 📈 已处理600540 新赛股份 
2025-08-23 19:41:44,846 - INFO - 📈 已处理600543 莫高股份 
2025-08-23 19:41:48,740 - INFO - 📈 已处理600545 卓郎智能 
2025-08-23 19:41:49,960 - INFO - 📈 已处理600546 山煤国际 
2025-08-23 19:41:51,702 - INFO - 📈 已处理600547 山东黄金 
2025-08-23 19:41:52,471 - INFO - 📈 已处理600548 深高速 
2025-08-23 19:41:53,610 - INFO - 📈 已处理600549 厦门钨业 
2025-08-23 19:41:55,332 - INFO - 📈 已处理600550 保变电气 
2025-08-23 19:41:56,034 - INFO - 📈 已处理600551 时代出版 
2025-08-23 19:41:57,749 - INFO - 📈 已处理600552 凯盛科技 
2025-08-23 19:42:32,757 - INFO - 📈 已处理600556 天下秀 
2025-08-23 19:42:35,166 - INFO - 📈 已处理600557 康缘药业 
2025-08-23 19:42:52,686 - INFO - 📈 已处理600558 大西洋 
2025-08-23 19:42:55,359 - INFO - 📈 已处理600559 老白干酒 
2025-08-23 19:43:14,831 - INFO - 📈 已处理600560 金自天正 
2025-08-23 19:43:16,743 - INFO - 📈 已处理600561 江西长运 
2025-08-23 19:43:18,651 - INFO - 📈 已处理600562 国睿科技 
2025-08-23 19:43:29,957 - INFO - 📈 已处理600563 法拉电子 
2025-08-23 19:43:32,123 - INFO - 📈 已处理600566 济川药业 
2025-08-23 19:43:34,971 - INFO - 📈 已处理600567 山鹰国际 
2025-08-23 19:43:38,172 - INFO - 📈 已处理600568 ST中珠 
2025-08-23 19:43:41,221 - INFO - 📈 已处理600569 安阳钢铁 
2025-08-23 19:43:42,234 - INFO - 📈 已处理600570 恒生电子 
2025-08-23 19:43:43,046 - INFO - 📈 已处理600571 信雅达 
2025-08-23 19:43:48,910 - INFO - 📈 已处理600572 康恩贝 
2025-08-23 19:43:49,941 - INFO - 📈 已处理600573 惠泉啤酒 
2025-08-23 19:43:51,597 - INFO - 📈 已处理600575 淮河能源 
2025-08-23 19:43:52,401 - INFO - 📈 已处理600576 祥源文旅 
2025-08-23 19:43:53,211 - INFO - 📈 已处理600577 精达股份 
2025-08-23 19:43:53,211 - INFO - 📈 已处理 3550/5740 只股票，成功 1700 只
2025-08-23 19:43:54,812 - INFO - 📈 已处理600578 京能电力 
2025-08-23 19:44:00,399 - INFO - 📈 已处理600579 中化装备 
2025-08-23 19:44:01,214 - INFO - 📈 已处理600580 卧龙电驱 
2025-08-23 19:44:02,624 - INFO - 📈 已处理600581 八一钢铁 
2025-08-23 19:44:03,530 - INFO - 📈 已处理600582 天地科技 
2025-08-23 19:44:04,342 - INFO - 📈 已处理600583 海油工程 
2025-08-23 19:44:05,629 - INFO - 📈 已处理600584 长电科技 
2025-08-23 19:44:07,719 - INFO - 📈 已处理600585 海螺水泥 
2025-08-23 19:44:09,215 - INFO - 📈 已处理600586 金晶科技 
2025-08-23 19:44:12,033 - INFO - 📈 已处理600587 新华医疗 
2025-08-23 19:44:12,836 - INFO - 📈 已处理600588 用友网络 
2025-08-23 19:44:13,643 - INFO - 📈 已处理600589 大位科技 
2025-08-23 19:44:15,467 - INFO - 📈 已处理600590 泰豪科技 
2025-08-23 19:44:17,606 - INFO - 📈 已处理600592 龙溪股份 
2025-08-23 19:44:18,405 - INFO - 📈 已处理600593 大连圣亚 
2025-08-23 19:44:19,767 - INFO - 📈 已处理600594 益佰制药 
2025-08-23 19:44:21,201 - INFO - 📈 已处理600595 中孚实业 
2025-08-23 19:44:23,081 - INFO - 📈 已处理600596 新安股份 
2025-08-23 19:44:23,879 - INFO - 📈 已处理600597 光明乳业 
2025-08-23 19:44:24,656 - INFO - 📈 已处理600598 北大荒 
2025-08-23 19:44:25,460 - INFO - 📈 已处理600599 *ST熊猫 
2025-08-23 19:44:26,286 - INFO - 📈 已处理600600 青岛啤酒 
2025-08-23 19:44:27,697 - INFO - 📈 已处理600601 方正科技 
2025-08-23 19:44:28,499 - INFO - 📈 已处理600602 云赛智联 
2025-08-23 19:44:29,286 - INFO - 📈 已处理600603 ST广物 
2025-08-23 19:44:30,444 - INFO - 📈 已处理600604 市北高新 
2025-08-23 19:44:32,983 - INFO - 📈 已处理600605 汇通能源 
2025-08-23 19:44:33,880 - INFO - 📈 已处理600606 绿地控股 
2025-08-23 19:44:49,818 - INFO - 📈 已处理600608 *ST沪科 
2025-08-23 19:44:50,980 - INFO - 📈 已处理600609 金杯汽车 
2025-08-23 19:44:51,915 - INFO - 📈 已处理600610 中毅达 
2025-08-23 19:44:53,750 - INFO - 📈 已处理600611 大众交通 
2025-08-23 19:44:55,713 - INFO - 📈 已处理600612 老凤祥 
2025-08-23 19:45:00,208 - INFO - 📈 已处理600613 神奇制药 
2025-08-23 19:45:18,178 - INFO - 📈 已处理600615 丰华股份 
2025-08-23 19:45:20,161 - INFO - 📈 已处理600616 金枫酒业 
2025-08-23 19:45:23,509 - INFO - 📈 已处理600617 国新能源 
2025-08-23 19:45:25,490 - INFO - 📈 已处理600618 氯碱化工 
2025-08-23 19:45:26,414 - INFO - 📈 已处理600619 海立股份 
2025-08-23 19:45:37,574 - INFO - 📈 已处理600628 新世界 
2025-08-23 19:45:39,026 - INFO - 📈 已处理600629 华建集团 
2025-08-23 19:46:22,132 - INFO - 📈 已处理600644 乐山电力 
2025-08-23 19:46:40,075 - INFO - 📈 已处理600645 中源协和 
2025-08-23 19:46:46,529 - INFO - 📈 已处理600648 外高桥 
2025-08-23 19:46:59,276 - INFO - 📈 已处理600649 城投控股 
2025-08-23 19:47:01,232 - INFO - 📈 已处理600650 锦江在线 
2025-08-23 19:47:25,027 - INFO - 📈 已处理600651 飞乐音响 
2025-08-23 19:47:45,203 - INFO - 📈 已处理600653 申华控股 
2025-08-23 19:47:46,293 - INFO - 📈 已处理600654 中安科 
2025-08-23 19:47:47,007 - INFO - 📈 已处理600655 豫园股份 
2025-08-23 19:47:50,064 - INFO - 📈 已处理600657 信达地产 
2025-08-23 19:47:56,887 - INFO - 📈 已处理600658 电子城 
2025-08-23 19:47:58,604 - INFO - 📈 已处理600660 福耀玻璃 
2025-08-23 19:47:59,324 - INFO - 📈 已处理600661 昂立教育 
2025-08-23 19:48:00,042 - INFO - 📈 已处理600662 外服控股 
2025-08-23 19:48:07,765 - INFO - 📈 已处理600663 陆家嘴 
2025-08-23 19:48:09,736 - INFO - 📈 已处理600664 哈药股份 
2025-08-23 19:48:13,947 - INFO - 📈 已处理600667 太极实业 
2025-08-23 19:48:14,565 - INFO - 📈 已处理600668 尖峰集团 
2025-08-23 19:48:16,380 - INFO - 📈 已处理600671 天目药业 
2025-08-23 19:48:17,591 - INFO - 📈 已处理600673 东阳光 
2025-08-23 19:48:18,201 - INFO - 📈 已处理600674 川投能源 
2025-08-23 19:48:18,799 - INFO - 📈 已处理600675 中华企业 
2025-08-23 19:48:19,413 - INFO - 📈 已处理600676 交运股份 
2025-08-23 19:48:20,626 - INFO - 📈 已处理600678 四川金顶 
2025-08-23 19:48:21,233 - INFO - 📈 已处理600679 上海凤凰 
2025-08-23 19:48:22,443 - INFO - 📈 已处理600681 百川能源 
2025-08-23 19:48:23,057 - INFO - 📈 已处理600682 南京新百 
2025-08-23 19:48:23,666 - INFO - 📈 已处理600683 京投发展 
2025-08-23 19:48:24,262 - INFO - 📈 已处理600684 珠江股份 
2025-08-23 19:48:24,876 - INFO - 📈 已处理600685 中船防务 
2025-08-23 19:48:25,486 - INFO - 📈 已处理600686 金龙汽车 
2025-08-23 19:48:26,673 - INFO - 📈 已处理600688 上海石化 
2025-08-23 19:48:27,272 - INFO - 📈 已处理600689 上海三毛 
2025-08-23 19:48:27,888 - INFO - 📈 已处理600690 海尔智家 
2025-08-23 19:48:28,503 - INFO - 📈 已处理600691 阳煤化工 
2025-08-23 19:48:29,107 - INFO - 📈 已处理600692 亚通股份 
2025-08-23 19:48:29,711 - INFO - 📈 已处理600693 东百集团 
2025-08-23 19:48:30,322 - INFO - 📈 已处理600694 大商股份 
2025-08-23 19:48:31,522 - INFO - 📈 已处理600696 *ST岩石 
2025-08-23 19:48:32,142 - INFO - 📈 已处理600697 欧亚集团 
2025-08-23 19:48:32,756 - INFO - 📈 已处理600698 湖南天雁 
2025-08-23 19:48:33,360 - INFO - 📈 已处理600699 均胜电子 
2025-08-23 19:48:35,166 - INFO - 📈 已处理600702 舍得酒业 
2025-08-23 19:48:35,778 - INFO - 📈 已处理600703 三安光电 
2025-08-23 19:48:36,404 - INFO - 📈 已处理600704 物产中大 
2025-08-23 19:48:37,609 - INFO - 📈 已处理600706 曲江文旅 
2025-08-23 19:48:38,223 - INFO - 📈 已处理600707 彩虹股份 
2025-08-23 19:48:38,862 - INFO - 📈 已处理600708 光明地产 
2025-08-23 19:48:40,054 - INFO - 📈 已处理600710 苏美达 
2025-08-23 19:48:40,664 - INFO - 📈 已处理600711 盛屯矿业 
2025-08-23 19:48:41,274 - INFO - 📈 已处理600712 南宁百货 
2025-08-23 19:48:42,157 - INFO - 📈 已处理600713 南京医药 
2025-08-23 19:48:42,762 - INFO - 📈 已处理600714 金瑞矿业 
2025-08-23 19:48:43,361 - INFO - 📈 已处理600715 文投控股 
2025-08-23 19:48:43,975 - INFO - 📈 已处理600716 凤凰股份 
2025-08-23 19:48:44,627 - INFO - 📈 已处理600717 天津港 
2025-08-23 19:48:45,242 - INFO - 📈 已处理600718 东软集团 
2025-08-23 19:48:45,857 - INFO - 📈 已处理600719 大连热电 
2025-08-23 19:48:46,459 - INFO - 📈 已处理600720 XD中交设 
2025-08-23 19:48:47,065 - INFO - 📈 已处理600721 百花医药 
2025-08-23 19:48:47,673 - INFO - 📈 已处理600722 金牛化工 
2025-08-23 19:48:48,862 - INFO - 📈 已处理600724 宁波富达 
2025-08-23 19:48:49,467 - INFO - 📈 已处理600725 云维股份 
2025-08-23 19:48:50,086 - INFO - 📈 已处理600726 华电能源 
2025-08-23 19:48:50,720 - INFO - 📈 已处理600727 鲁北化工 
2025-08-23 19:48:50,720 - INFO - 📈 已处理 3700/5740 只股票，成功 1806 只
2025-08-23 19:48:51,330 - INFO - 📈 已处理600728 佳都科技 
2025-08-23 19:48:51,945 - INFO - 📈 已处理600729 重庆百货 
2025-08-23 19:48:52,553 - INFO - 📈 已处理600730 中国高科 
2025-08-23 19:48:53,152 - INFO - 📈 已处理600731 湖南海利 
2025-08-23 19:48:53,757 - INFO - 📈 已处理600732 爱旭股份 
2025-08-23 19:48:54,366 - INFO - 📈 已处理600733 北汽蓝谷 
2025-08-23 19:48:54,970 - INFO - 📈 已处理600734 实达集团 
2025-08-23 19:48:55,565 - INFO - 📈 已处理600735 新华锦 
2025-08-23 19:48:56,179 - INFO - 📈 已处理600736 苏州高新 
2025-08-23 19:48:56,783 - INFO - 📈 已处理600737 中粮糖业 
2025-08-23 19:48:57,392 - INFO - 📈 已处理600738 丽尚国潮 
2025-08-23 19:48:58,003 - INFO - 📈 已处理600739 辽宁成大 
2025-08-23 19:48:58,624 - INFO - 📈 已处理600740 山西焦化 
2025-08-23 19:48:59,228 - INFO - 📈 已处理600741 华域汽车 
2025-08-23 19:49:00,079 - INFO - 📈 已处理600742 富维股份 
2025-08-23 19:49:00,683 - INFO - 📈 已处理600743 华远控股 
2025-08-23 19:49:01,293 - INFO - 📈 已处理600744 华银电力 
2025-08-23 19:49:01,890 - INFO - 📈 已处理600745 闻泰科技 
2025-08-23 19:49:02,489 - INFO - 📈 已处理600746 江苏索普 
2025-08-23 19:49:03,690 - INFO - 📈 已处理600748 上实发展 
2025-08-23 19:49:04,300 - INFO - 📈 已处理600749 西藏旅游 
2025-08-23 19:49:04,919 - INFO - 📈 已处理600750 江中药业 
2025-08-23 19:49:05,559 - INFO - 📈 已处理600751 海航科技 
2025-08-23 19:49:06,762 - INFO - 📈 已处理600753 *ST海钦 
2025-08-23 19:49:07,366 - INFO - 📈 已处理600754 锦江酒店 
2025-08-23 19:49:07,977 - INFO - 📈 已处理600755 厦门国贸 
2025-08-23 19:49:08,583 - INFO - 📈 已处理600756 浪潮软件 
2025-08-23 19:49:09,187 - INFO - 📈 已处理600757 长江传媒 
2025-08-23 19:49:09,791 - INFO - 📈 已处理600758 辽宁能源 
2025-08-23 19:49:10,393 - INFO - 📈 已处理600759 洲际油气 
2025-08-23 19:49:11,003 - INFO - 📈 已处理600760 中航沈飞 
2025-08-23 19:49:11,599 - INFO - 📈 已处理600761 安徽合力 
2025-08-23 19:49:12,812 - INFO - 📈 已处理600763 通策医疗 
2025-08-23 19:49:13,419 - INFO - 📈 已处理600764 中国海防 
2025-08-23 19:49:14,043 - INFO - 📈 已处理600765 中航重机 
2025-08-23 19:49:15,834 - INFO - 📈 已处理600768 宁波富邦 
2025-08-23 19:49:16,443 - INFO - 📈 已处理600769 祥龙电业 
2025-08-23 19:49:17,051 - INFO - 📈 已处理600770 综艺股份 
2025-08-23 19:49:17,661 - INFO - 📈 已处理600771 广誉远 
2025-08-23 19:49:18,859 - INFO - 📈 已处理600773 西藏城投 
2025-08-23 19:49:19,498 - INFO - 📈 已处理600774 汉商集团 
2025-08-23 19:49:20,113 - INFO - 📈 已处理600775 南京熊猫 
2025-08-23 19:49:20,711 - INFO - 📈 已处理600776 东方通信 
2025-08-23 19:49:21,330 - INFO - 📈 已处理600777 *ST新潮 
2025-08-23 19:49:21,330 - INFO - 📈 已处理 3750/5740 只股票，成功 1850 只
2025-08-23 19:49:21,941 - INFO - 📈 已处理600778 友好集团 
2025-08-23 19:49:22,554 - INFO - 📈 已处理600779 水井坊 
2025-08-23 19:49:23,164 - INFO - 📈 已处理600780 通宝能源 
2025-08-23 19:49:24,618 - INFO - 📈 已处理600782 新钢股份 
2025-08-23 19:49:25,225 - INFO - 📈 已处理600783 鲁信创投 
2025-08-23 19:49:25,851 - INFO - 📈 已处理600784 鲁银投资 
2025-08-23 19:49:26,459 - INFO - 📈 已处理600785 新华百货 
2025-08-23 19:49:27,669 - INFO - 📈 已处理600787 中储股份 
2025-08-23 19:49:28,876 - INFO - 📈 已处理600789 鲁抗医药 
2025-08-23 19:49:29,479 - INFO - 📈 已处理600790 轻纺城 
2025-08-23 19:49:30,096 - INFO - 📈 已处理600791 京能置业 
2025-08-23 19:49:30,711 - INFO - 📈 已处理600792 云煤能源 
2025-08-23 19:49:31,328 - INFO - 📈 已处理600793 宜宾纸业 
2025-08-23 19:49:31,934 - INFO - 📈 已处理600794 保税科技 
2025-08-23 19:49:32,540 - INFO - 📈 已处理600795 国电电力 
2025-08-23 19:49:33,146 - INFO - 📈 已处理600796 钱江生化 
2025-08-23 19:49:33,754 - INFO - 📈 已处理600797 浙大网新 
2025-08-23 19:49:34,358 - INFO - 📈 已处理600798 宁波海运 
2025-08-23 19:49:35,556 - INFO - 📈 已处理600800 渤海化学 
2025-08-23 19:49:36,169 - INFO - 📈 已处理600801 华新水泥 
2025-08-23 19:49:36,789 - INFO - 📈 已处理600802 福建水泥 
2025-08-23 19:49:37,406 - INFO - 📈 已处理600803 新奥股份 
2025-08-23 19:49:38,647 - INFO - 📈 已处理600805 悦达投资 
2025-08-23 19:49:39,883 - INFO - 📈 已处理600807 济高发展 
2025-08-23 19:49:40,481 - INFO - 📈 已处理600808 马钢股份 
2025-08-23 19:49:41,095 - INFO - 📈 已处理600809 山西汾酒 
2025-08-23 19:49:41,703 - INFO - 📈 已处理600810 神马股份 
2025-08-23 19:49:42,919 - INFO - 📈 已处理600812 华北制药 
2025-08-23 19:49:44,110 - INFO - 📈 已处理600814 杭州解百 
2025-08-23 19:49:44,724 - INFO - 📈 已处理600815 厦工股份 
2025-08-23 19:49:45,331 - INFO - 📈 已处理600816 建元信托 
2025-08-23 19:49:45,936 - INFO - 📈 已处理600817 宇通重工 
2025-08-23 19:49:46,561 - INFO - 📈 已处理600818 中路股份 
2025-08-23 19:49:47,181 - INFO - 📈 已处理600819 耀皮玻璃 
2025-08-23 19:49:47,806 - INFO - 📈 已处理600820 隧道股份 
2025-08-23 19:49:48,414 - INFO - 📈 已处理600821 金开新能 
2025-08-23 19:49:49,023 - INFO - 📈 已处理600822 上海物贸 
2025-08-23 19:49:50,216 - INFO - 📈 已处理600824 益民集团 
2025-08-23 19:49:50,816 - INFO - 📈 已处理600825 新华传媒 
2025-08-23 19:49:51,424 - INFO - 📈 已处理600826 兰生股份 
2025-08-23 19:49:52,020 - INFO - 📈 已处理600827 百联股份 
2025-08-23 19:49:52,020 - INFO - 📈 已处理 3800/5740 只股票，成功 1891 只
2025-08-23 19:49:52,631 - INFO - 📈 已处理600828 茂业商业 
2025-08-23 19:49:53,270 - INFO - 📈 已处理600829 人民同泰 
2025-08-23 19:49:53,885 - INFO - 📈 已处理600830 香溢融通 
2025-08-23 19:49:54,485 - INFO - 📈 已处理600831 ST广网 
2025-08-23 19:49:55,679 - INFO - 📈 已处理600833 第一医药 
2025-08-23 19:49:56,280 - INFO - 📈 已处理600834 申通地铁 
2025-08-23 19:49:56,888 - INFO - 📈 已处理600835 上海机电 
2025-08-23 19:49:58,694 - INFO - 📈 已处理600838 上海九百 
2025-08-23 19:49:59,303 - INFO - 📈 已处理600839 四川长虹 
2025-08-23 19:50:00,494 - INFO - 📈 已处理600841 动力新科 
2025-08-23 19:50:01,715 - INFO - 📈 已处理600843 上工申贝 
2025-08-23 19:50:02,327 - INFO - 📈 已处理600844 金煤科技 
2025-08-23 19:50:02,932 - INFO - 📈 已处理600845 宝信软件 
2025-08-23 19:50:03,546 - INFO - 📈 已处理600846 同济科技 
2025-08-23 19:50:04,148 - INFO - 📈 已处理600847 万里股份 
2025-08-23 19:50:04,751 - INFO - 📈 已处理600848 上海临港 
2025-08-23 19:50:05,957 - INFO - 📈 已处理600850 电科数字 
2025-08-23 19:50:06,552 - INFO - 📈 已处理600851 海欣股份 
2025-08-23 19:50:07,754 - INFO - 📈 已处理600853 龙建股份 
2025-08-23 19:50:08,373 - INFO - 📈 已处理600854 春兰股份 
2025-08-23 19:50:08,980 - INFO - 📈 已处理600855 航天长峰 
2025-08-23 19:50:10,176 - INFO - 📈 已处理600857 宁波中百 
2025-08-23 19:50:10,809 - INFO - 📈 已处理600858 银座股份 
2025-08-23 19:50:11,429 - INFO - 📈 已处理600859 王府井 
2025-08-23 19:50:12,046 - INFO - 📈 已处理600860 京城股份 
2025-08-23 19:50:12,647 - INFO - 📈 已处理600861 北京人力 
2025-08-23 19:50:13,243 - INFO - 📈 已处理600862 中航高科 
2025-08-23 19:50:13,858 - INFO - 📈 已处理600863 内蒙华电 
2025-08-23 19:50:14,466 - INFO - 📈 已处理600864 哈投股份 
2025-08-23 19:50:15,067 - INFO - 📈 已处理600865 百大集团 
2025-08-23 19:50:15,673 - INFO - 📈 已处理600866 星湖科技 
2025-08-23 19:50:16,282 - INFO - 📈 已处理600867 通化东宝 
2025-08-23 19:50:16,893 - INFO - 📈 已处理600868 梅雁吉祥 
2025-08-23 19:50:17,509 - INFO - 📈 已处理600869 远东股份 
2025-08-23 19:50:18,731 - INFO - 📈 已处理600871 石化油服 
2025-08-23 19:50:19,367 - INFO - 📈 已处理600872 中炬高新 
2025-08-23 19:50:19,978 - INFO - 📈 已处理600873 梅花生物 
2025-08-23 19:50:20,587 - INFO - 📈 已处理600874 创业环保 
2025-08-23 19:50:21,195 - INFO - 📈 已处理600875 东方电气 
2025-08-23 19:50:21,793 - INFO - 📈 已处理600876 凯盛新能 
2025-08-23 19:50:22,413 - INFO - 📈 已处理600877 电科芯片 
2025-08-23 19:50:22,413 - INFO - 📈 已处理 3850/5740 只股票，成功 1932 只
2025-08-23 19:50:23,614 - INFO - 📈 已处理600879 航天电子 
2025-08-23 19:50:24,234 - INFO - 📈 已处理600880 博瑞传播 
2025-08-23 19:50:24,838 - INFO - 📈 已处理600881 亚泰集团 
2025-08-23 19:50:25,443 - INFO - 📈 已处理600882 妙可蓝多 
2025-08-23 19:50:26,050 - INFO - 📈 已处理600883 博闻科技 
2025-08-23 19:50:26,650 - INFO - 📈 已处理600884 杉杉股份 
2025-08-23 19:50:27,274 - INFO - 📈 已处理600885 宏发股份 
2025-08-23 19:50:27,892 - INFO - 📈 已处理600886 国投电力 
2025-08-23 19:50:28,526 - INFO - 📈 已处理600887 伊利股份 
2025-08-23 19:50:29,143 - INFO - 📈 已处理600888 新疆众和 
2025-08-23 19:50:29,751 - INFO - 📈 已处理600889 南京化纤 
2025-08-23 19:50:31,561 - INFO - 📈 已处理600892 *ST大晟 
2025-08-23 19:50:32,171 - INFO - 📈 已处理600893 航发动力 
2025-08-23 19:50:32,777 - INFO - 📈 已处理600894 广日股份 
2025-08-23 19:50:33,385 - INFO - 📈 已处理600895 张江高科 
2025-08-23 19:50:34,604 - INFO - 📈 已处理600897 厦门空港 
2025-08-23 19:50:36,418 - INFO - 📈 已处理600900 长江电力 
2025-08-23 19:50:37,016 - INFO - 📈 已处理600901 江苏金租 
2025-08-23 19:50:37,640 - INFO - 📈 已处理600903 贵州燃气 
2025-08-23 19:50:38,240 - INFO - 📈 已处理600905 三峡能源 
2025-08-23 19:50:38,855 - INFO - 📈 已处理600906 财达证券 
2025-08-23 19:50:39,452 - INFO - 📈 已处理600908 无锡银行 
2025-08-23 19:50:41,065 - INFO - 📈 已处理600909 华安证券 
2025-08-23 19:50:41,680 - INFO - 📈 已处理600916 中国黄金 
2025-08-23 19:50:42,307 - INFO - 📈 已处理600917 重庆燃气 
2025-08-23 19:50:42,938 - INFO - 📈 已处理600918 中泰证券 
2025-08-23 19:50:43,550 - INFO - 📈 已处理600919 江苏银行 
2025-08-23 19:50:44,163 - INFO - 📈 已处理600925 苏能股份 
2025-08-23 19:50:44,769 - INFO - 📈 已处理600926 杭州银行 
2025-08-23 19:50:45,387 - INFO - 📈 已处理600927 永安期货 
2025-08-23 19:50:45,984 - INFO - 📈 已处理600928 西安银行 
2025-08-23 19:50:46,594 - INFO - 📈 已处理600929 雪天盐业 
2025-08-23 19:50:47,197 - INFO - 📈 已处理600930 华电新能 
2025-08-23 19:50:47,816 - INFO - 📈 已处理600933 爱柯迪 
2025-08-23 19:50:48,419 - INFO - 📈 已处理600935 华塑股份 
2025-08-23 19:50:49,022 - INFO - 📈 已处理600936 广西广电 
2025-08-23 19:50:49,635 - INFO - 📈 已处理600938 中国海油 
2025-08-23 19:50:50,248 - INFO - 📈 已处理600939 重庆建工 
2025-08-23 19:50:50,867 - INFO - 📈 已处理600941 中国移动 
2025-08-23 19:50:51,470 - INFO - 📈 已处理600955 维远股份 
2025-08-23 19:50:52,077 - INFO - 📈 已处理600956 XD新天绿 
2025-08-23 19:50:52,684 - INFO - 📈 已处理600958 东方证券 
2025-08-23 19:50:53,286 - INFO - 📈 已处理600959 江苏有线 
2025-08-23 19:50:53,904 - INFO - 📈 已处理600960 渤海汽车 
2025-08-23 19:50:53,904 - INFO - 📈 已处理 3900/5740 只股票，成功 1976 只
2025-08-23 19:50:54,514 - INFO - 📈 已处理600961 株冶集团 
2025-08-23 19:50:55,127 - INFO - 📈 已处理600962 国投中鲁 
2025-08-23 19:50:55,725 - INFO - 📈 已处理600963 岳阳林纸 
2025-08-23 19:50:56,335 - INFO - 📈 已处理600965 福成股份 
2025-08-23 19:50:56,957 - INFO - 📈 已处理600966 博汇纸业 
2025-08-23 19:50:57,564 - INFO - 📈 已处理600967 内蒙一机 
2025-08-23 19:50:58,184 - INFO - 📈 已处理600968 海油发展 
2025-08-23 19:50:58,783 - INFO - 📈 已处理600969 郴电国际 
2025-08-23 19:50:59,386 - INFO - 📈 已处理600970 中材国际 
2025-08-23 19:50:59,990 - INFO - 📈 已处理600971 恒源煤电 
2025-08-23 19:51:00,600 - INFO - 📈 已处理600973 宝胜股份 
2025-08-23 19:51:01,200 - INFO - 📈 已处理600975 新五丰 
2025-08-23 19:51:01,806 - INFO - 📈 已处理600976 健民集团 
2025-08-23 19:51:02,415 - INFO - 📈 已处理600977 中国电影 
2025-08-23 19:51:03,633 - INFO - 📈 已处理600979 广安爱众 
2025-08-23 19:51:04,237 - INFO - 📈 已处理600980 北矿科技 
2025-08-23 19:51:04,847 - INFO - 📈 已处理600981 汇鸿集团 
2025-08-23 19:51:05,464 - INFO - 📈 已处理600982 宁波能源 
2025-08-23 19:51:06,079 - INFO - 📈 已处理600983 惠而浦 
2025-08-23 19:51:06,692 - INFO - 📈 已处理600984 建设机械 
2025-08-23 19:51:07,303 - INFO - 📈 已处理600985 淮北矿业 
2025-08-23 19:51:07,904 - INFO - 📈 已处理600986 浙文互联 
2025-08-23 19:51:08,503 - INFO - 📈 已处理600987 航民股份 
2025-08-23 19:51:09,109 - INFO - 📈 已处理600988 赤峰黄金 
2025-08-23 19:51:09,720 - INFO - 📈 已处理600989 宝丰能源 
2025-08-23 19:51:10,323 - INFO - 📈 已处理600990 四创电子 
2025-08-23 19:51:11,539 - INFO - 📈 已处理600992 贵绳股份 
2025-08-23 19:51:12,139 - INFO - 📈 已处理600993 马应龙 
2025-08-23 19:51:12,755 - INFO - 📈 已处理600995 南网储能 
2025-08-23 19:51:13,354 - INFO - 📈 已处理600996 贵广网络 
2025-08-23 19:51:13,976 - INFO - 📈 已处理600997 开滦股份 
2025-08-23 19:51:14,579 - INFO - 📈 已处理600998 九州通 
2025-08-23 19:51:15,224 - INFO - 📈 已处理600999 招商证券 
2025-08-23 19:51:15,831 - INFO - 📈 已处理601000 唐山港 
2025-08-23 19:51:16,453 - INFO - 📈 已处理601001 晋控煤业 
2025-08-23 19:51:17,063 - INFO - 📈 已处理601002 晋亿实业 
2025-08-23 19:51:17,683 - INFO - 📈 已处理601003 柳钢股份 
2025-08-23 19:51:18,294 - INFO - 📈 已处理601005 重庆钢铁 
2025-08-23 19:51:18,904 - INFO - 📈 已处理601006 大秦铁路 
2025-08-23 19:51:19,522 - INFO - 📈 已处理601007 金陵饭店 
2025-08-23 19:51:20,120 - INFO - 📈 已处理601008 连云港 
2025-08-23 19:51:20,740 - INFO - 📈 已处理601009 南京银行 
2025-08-23 19:51:21,350 - INFO - 📈 已处理601010 文峰股份 
2025-08-23 19:51:21,974 - INFO - 📈 已处理601011 宝泰隆 
2025-08-23 19:51:22,579 - INFO - 📈 已处理601012 隆基绿能 
2025-08-23 19:51:23,188 - INFO - 📈 已处理601015 陕西黑猫 
2025-08-23 19:51:23,809 - INFO - 📈 已处理601016 节能风电 
2025-08-23 19:51:24,428 - INFO - 📈 已处理601018 宁波港 
2025-08-23 19:51:24,428 - INFO - 📈 已处理 3950/5740 只股票，成功 2024 只
2025-08-23 19:51:25,024 - INFO - 📈 已处理601019 山东出版 
2025-08-23 19:51:25,628 - INFO - 📈 已处理601020 华钰矿业 
2025-08-23 19:51:26,250 - INFO - 📈 已处理601021 春秋航空 
2025-08-23 19:51:26,857 - INFO - 📈 已处理601022 宁波远洋 
2025-08-23 19:51:28,074 - INFO - 📈 已处理601033 永兴股份 
2025-08-23 19:51:28,687 - INFO - 📈 已处理601038 一拖股份 
2025-08-23 19:51:29,291 - INFO - 📈 已处理601058 赛轮轮胎 
2025-08-23 19:51:29,889 - INFO - 📈 已处理601059 信达证券 
2025-08-23 19:51:30,491 - INFO - 📈 已处理601061 中信金属 
2025-08-23 19:51:31,101 - INFO - 📈 已处理601065 江盐集团 
2025-08-23 19:51:31,707 - INFO - 📈 已处理601066 中信建投 
2025-08-23 19:51:32,307 - INFO - 📈 已处理601068 中铝国际 
2025-08-23 19:51:32,915 - INFO - 📈 已处理601069 西部黄金 
2025-08-23 19:51:33,522 - INFO - 📈 已处理601077 渝农商行 
2025-08-23 19:51:34,126 - INFO - 📈 已处理601083 锦江航运 
2025-08-23 19:51:34,961 - INFO - 📈 已处理601086 国芳集团 
2025-08-23 19:51:35,577 - INFO - 📈 已处理601088 中国神华 
2025-08-23 19:51:36,182 - INFO - 📈 已处理601089 福元医药 
2025-08-23 19:51:36,800 - INFO - 📈 已处理601096 宏盛华源 
2025-08-23 19:51:37,410 - INFO - 📈 已处理601098 中南传媒 
2025-08-23 19:51:38,021 - INFO - 📈 已处理601099 太平洋 
2025-08-23 19:51:38,623 - INFO - 📈 已处理601100 恒立液压 
2025-08-23 19:51:39,244 - INFO - 📈 已处理601101 昊华能源 
2025-08-23 19:51:39,854 - INFO - 📈 已处理601106 中国一重 
2025-08-23 19:51:40,447 - INFO - 📈 已处理601107 四川成渝 
2025-08-23 19:51:41,058 - INFO - 📈 已处理601108 财通证券 
2025-08-23 19:51:41,665 - INFO - 📈 已处理601111 中国国航 
2025-08-23 19:51:42,272 - INFO - 📈 已处理601113 华鼎股份 
2025-08-23 19:51:42,871 - INFO - 📈 已处理601116 三江购物 
2025-08-23 19:51:43,501 - INFO - 📈 已处理601117 中国化学 
2025-08-23 19:51:44,111 - INFO - 📈 已处理601118 海南橡胶 
2025-08-23 19:51:44,731 - INFO - 📈 已处理601121 宝地矿业 
2025-08-23 19:51:45,330 - INFO - 📈 已处理601126 四方股份 
2025-08-23 19:51:46,010 - INFO - 📈 已处理601127 赛力斯 
2025-08-23 19:51:46,609 - INFO - 📈 已处理601128 常熟银行 
2025-08-23 19:51:47,213 - INFO - 📈 已处理601133 柏诚股份 
2025-08-23 19:51:47,829 - INFO - 📈 已处理601136 首创证券 
2025-08-23 19:51:48,434 - INFO - 📈 已处理601137 博威合金 
2025-08-23 19:51:49,050 - INFO - 📈 已处理601138 工业富联 
2025-08-23 19:51:49,664 - INFO - 📈 已处理601139 深圳燃气 
2025-08-23 19:51:50,277 - INFO - 📈 已处理601155 新城控股 
2025-08-23 19:51:50,892 - INFO - 📈 已处理601156 东航物流 
2025-08-23 19:51:51,502 - INFO - 📈 已处理601158 重庆水务 
2025-08-23 19:51:52,113 - INFO - 📈 已处理601162 天风证券 
2025-08-23 19:51:52,718 - INFO - 📈 已处理601163 三角轮胎 
2025-08-23 19:51:53,338 - INFO - 📈 已处理601166 兴业银行 
2025-08-23 19:51:53,933 - INFO - 📈 已处理601168 西部矿业 
2025-08-23 19:51:54,554 - INFO - 📈 已处理601169 北京银行 
2025-08-23 19:51:55,158 - INFO - 📈 已处理601177 杭齿前进 
2025-08-23 19:51:55,158 - INFO - 📈 已处理 4000/5740 只股票，成功 2073 只
2025-08-23 19:51:55,755 - INFO - 📈 已处理601179 中国西电 
2025-08-23 19:51:56,363 - INFO - 📈 已处理601186 中国铁建 
2025-08-23 19:51:56,977 - INFO - 📈 已处理601187 厦门银行 
2025-08-23 19:51:57,584 - INFO - 📈 已处理601188 龙江交通 
2025-08-23 19:51:58,181 - INFO - 📈 已处理601198 东兴证券 
2025-08-23 19:51:58,805 - INFO - 📈 已处理601199 江南水务 
2025-08-23 19:51:59,511 - INFO - 📈 已处理601200 上海环境 
2025-08-23 19:52:00,121 - INFO - 📈 已处理601208 东材科技 
2025-08-23 19:52:00,735 - INFO - 📈 已处理601211 国泰海通 
2025-08-23 19:52:01,354 - INFO - 📈 已处理601212 白银有色 
2025-08-23 19:52:01,968 - INFO - 📈 已处理601216 君正集团 
2025-08-23 19:52:02,567 - INFO - 📈 已处理601218 吉鑫科技 
2025-08-23 19:52:03,161 - INFO - 📈 已处理601222 林洋能源 
2025-08-23 19:52:03,759 - INFO - 📈 已处理601225 陕西煤业 
2025-08-23 19:52:04,377 - INFO - 📈 已处理601226 华电科工 
2025-08-23 19:52:04,987 - INFO - 📈 已处理601228 广州港 
2025-08-23 19:52:05,596 - INFO - 📈 已处理601229 上海银行 
2025-08-23 19:52:06,206 - INFO - 📈 已处理601231 环旭电子 
2025-08-23 19:52:06,828 - INFO - 📈 已处理601233 桐昆股份 
2025-08-23 19:52:07,449 - INFO - 📈 已处理601236 红塔证券 
2025-08-23 19:52:08,067 - INFO - 📈 已处理601238 广汽集团 
2025-08-23 19:52:09,853 - INFO - 📈 已处理601279 英利汽车 
2025-08-23 19:52:10,469 - INFO - 📈 已处理601288 农业银行 
2025-08-23 19:52:11,092 - INFO - 📈 已处理601298 青岛港 
2025-08-23 19:52:12,312 - INFO - 📈 已处理601311 骆驼股份 
2025-08-23 19:52:12,943 - INFO - 📈 已处理601318 中国平安 
2025-08-23 19:52:13,545 - INFO - 📈 已处理601319 中国人保 
2025-08-23 19:52:14,167 - INFO - 📈 已处理601326 秦港股份 
2025-08-23 19:52:14,779 - INFO - 📈 已处理601328 交通银行 
2025-08-23 19:52:15,373 - INFO - 📈 已处理601330 绿色动力 
2025-08-23 19:52:15,984 - INFO - 📈 已处理601333 广深铁路 
2025-08-23 19:52:16,582 - INFO - 📈 已处理601336 新华保险 
2025-08-23 19:52:17,201 - INFO - 📈 已处理601339 百隆东方 
2025-08-23 19:52:17,806 - INFO - 📈 已处理601360 三六零 
2025-08-23 19:52:18,405 - INFO - 📈 已处理601366 利群股份 
2025-08-23 19:52:19,018 - INFO - 📈 已处理601368 绿城水务 
2025-08-23 19:52:19,623 - INFO - 📈 已处理601369 陕鼓动力 
2025-08-23 19:52:20,226 - INFO - 📈 已处理601375 中原证券 
2025-08-23 19:52:20,830 - INFO - 📈 已处理601377 兴业证券 
2025-08-23 19:52:21,455 - INFO - 📈 已处理601388 怡球资源 
2025-08-23 19:52:22,066 - INFO - 📈 已处理601390 中国中铁 
2025-08-23 19:52:22,685 - INFO - 📈 已处理601398 工商银行 
2025-08-23 19:52:23,305 - INFO - 📈 已处理601399 国机重装 
2025-08-23 19:52:23,918 - INFO - 📈 已处理601456 国联民生 
2025-08-23 19:52:24,524 - INFO - 📈 已处理601500 通用股份 
2025-08-23 19:52:25,123 - INFO - 📈 已处理601512 中新集团 
2025-08-23 19:52:25,732 - INFO - 📈 已处理601515 东峰集团 
2025-08-23 19:52:25,732 - INFO - 📈 已处理 4050/5740 只股票，成功 2120 只
2025-08-23 19:52:26,335 - INFO - 📈 已处理601518 吉林高速 
2025-08-23 19:52:26,946 - INFO - 📈 已处理601519 大智慧 
2025-08-23 19:52:27,558 - INFO - 📈 已处理601528 瑞丰银行 
2025-08-23 19:52:28,161 - INFO - 📈 已处理601555 东吴证券 
2025-08-23 19:52:29,346 - INFO - 📈 已处理601566 九牧王 
2025-08-23 19:52:29,954 - INFO - 📈 已处理601567 三星医疗 
2025-08-23 19:52:30,560 - INFO - 📈 已处理601568 北元集团 
2025-08-23 19:52:31,179 - INFO - 📈 已处理601577 长沙银行 
2025-08-23 19:52:31,782 - INFO - 📈 已处理601579 会稽山 
2025-08-23 19:52:32,381 - INFO - 📈 已处理601588 北辰实业 
2025-08-23 19:52:32,994 - INFO - 📈 已处理601595 上海电影 
2025-08-23 19:52:33,593 - INFO - 📈 已处理601598 中国外运 
2025-08-23 19:52:34,206 - INFO - 📈 已处理601599 浙文影业 
2025-08-23 19:52:34,812 - INFO - 📈 已处理601600 中国铝业 
2025-08-23 19:52:35,430 - INFO - 📈 已处理601601 中国太保 
2025-08-23 19:52:36,085 - INFO - 📈 已处理601606 长城军工 
2025-08-23 19:52:36,693 - INFO - 📈 已处理601607 上海医药 
2025-08-23 19:52:37,294 - INFO - 📈 已处理601608 中信重工 
2025-08-23 19:52:37,910 - INFO - 📈 已处理601609 金田股份 
2025-08-23 19:52:38,507 - INFO - 📈 已处理601611 中国核建 
2025-08-23 19:52:39,125 - INFO - 📈 已处理601615 明阳智能 
2025-08-23 19:52:39,738 - INFO - 📈 已处理601616 广电电气 
2025-08-23 19:52:40,353 - INFO - 📈 已处理601618 中国中冶 
2025-08-23 19:52:40,949 - INFO - 📈 已处理601619 嘉泽新能 
2025-08-23 19:52:41,559 - INFO - 📈 已处理601628 中国人寿 
2025-08-23 19:52:42,171 - INFO - 📈 已处理601633 长城汽车 
2025-08-23 19:52:42,777 - INFO - 📈 已处理601636 旗滨集团 
2025-08-23 19:52:43,389 - INFO - 📈 已处理601658 邮储银行 
2025-08-23 19:52:43,995 - INFO - 📈 已处理601665 齐鲁银行 
2025-08-23 19:52:44,606 - INFO - 📈 已处理601666 平煤股份 
2025-08-23 19:52:45,214 - INFO - 📈 已处理601668 中国建筑 
2025-08-23 19:52:45,816 - INFO - 📈 已处理601669 中国电建 
2025-08-23 19:52:46,419 - INFO - 📈 已处理601677 明泰铝业 
2025-08-23 19:52:47,018 - INFO - 📈 已处理601678 滨化股份 
2025-08-23 19:52:47,630 - INFO - 📈 已处理601686 友发集团 
2025-08-23 19:52:48,223 - INFO - 📈 已处理601688 华泰证券 
2025-08-23 19:52:48,839 - INFO - 📈 已处理601689 拓普集团 
2025-08-23 19:52:49,437 - INFO - 📈 已处理601696 中银证券 
2025-08-23 19:52:50,032 - INFO - 📈 已处理601698 中国卫通 
2025-08-23 19:52:50,639 - INFO - 📈 已处理601699 潞安环能 
2025-08-23 19:52:51,270 - INFO - 📈 已处理601700 风范股份 
2025-08-23 19:52:51,869 - INFO - 📈 已处理601702 华峰铝业 
2025-08-23 19:52:52,486 - INFO - 📈 已处理601717 中创智领 
2025-08-23 19:52:53,093 - INFO - 📈 已处理601718 际华集团 
2025-08-23 19:52:53,703 - INFO - 📈 已处理601727 上海电气 
2025-08-23 19:52:54,299 - INFO - 📈 已处理601728 中国电信 
2025-08-23 19:52:54,904 - INFO - 📈 已处理601766 中国中车 
2025-08-23 19:52:55,510 - INFO - 📈 已处理601777 千里科技 
2025-08-23 19:52:56,124 - INFO - 📈 已处理601778 晶科科技 
2025-08-23 19:52:56,124 - INFO - 📈 已处理 4100/5740 只股票，成功 2169 只
2025-08-23 19:52:56,723 - INFO - 📈 已处理601788 光大证券 
2025-08-23 19:52:57,323 - INFO - 📈 已处理601789 宁波建工 
2025-08-23 19:52:57,936 - INFO - 📈 已处理601798 蓝科高新 
2025-08-23 19:52:58,535 - INFO - 📈 已处理601799 星宇股份 
2025-08-23 19:52:59,152 - INFO - 📈 已处理601800 中国交建 
2025-08-23 19:52:59,748 - INFO - 📈 已处理601801 皖新传媒 
2025-08-23 19:53:00,376 - INFO - 📈 已处理601808 中海油服 
2025-08-23 19:53:00,990 - INFO - 📈 已处理601811 新华文轩 
2025-08-23 19:53:01,609 - INFO - 📈 已处理601816 京沪高铁 
2025-08-23 19:53:02,224 - INFO - 📈 已处理601818 光大银行 
2025-08-23 19:53:02,834 - INFO - 📈 已处理601825 沪农商行 
2025-08-23 19:53:03,468 - INFO - 📈 已处理601827 三峰环境 
2025-08-23 19:53:04,077 - INFO - 📈 已处理601828 美凯龙 
2025-08-23 19:53:04,701 - INFO - 📈 已处理601838 成都银行 
2025-08-23 19:53:05,310 - INFO - 📈 已处理601857 中国石油 
2025-08-23 19:53:06,143 - INFO - 📈 已处理601858 中国科传 
2025-08-23 19:53:06,746 - INFO - 📈 已处理601860 紫金银行 
2025-08-23 19:53:07,364 - INFO - 📈 已处理601865 福莱特 
2025-08-23 19:53:07,976 - INFO - 📈 已处理601866 中远海发 
2025-08-23 19:53:08,575 - INFO - 📈 已处理601868 中国能建 
2025-08-23 19:53:09,188 - INFO - 📈 已处理601869 长飞光纤 
2025-08-23 19:53:09,802 - INFO - 📈 已处理601872 招商轮船 
2025-08-23 19:53:10,418 - INFO - 📈 已处理601877 正泰电器 
2025-08-23 19:53:11,022 - INFO - 📈 已处理601878 浙商证券 
2025-08-23 19:53:11,640 - INFO - 📈 已处理601880 辽港股份 
2025-08-23 19:53:12,259 - INFO - 📈 已处理601881 中国银河 
2025-08-23 19:53:12,864 - INFO - 📈 已处理601882 海天精工 
2025-08-23 19:53:13,482 - INFO - 📈 已处理601886 江河集团 
2025-08-23 19:53:14,094 - INFO - 📈 已处理601888 中国中免 
2025-08-23 19:53:14,707 - INFO - 📈 已处理601890 亚星锚链 
2025-08-23 19:53:15,330 - INFO - 📈 已处理601898 中煤能源 
2025-08-23 19:53:15,948 - INFO - 📈 已处理601899 紫金矿业 
2025-08-23 19:53:16,558 - INFO - 📈 已处理601900 南方传媒 
2025-08-23 19:53:17,171 - INFO - 📈 已处理601901 方正证券 
2025-08-23 19:53:17,800 - INFO - 📈 已处理601908 京运通 
2025-08-23 19:53:18,569 - INFO - 📈 已处理601916 浙商银行 
2025-08-23 19:53:19,173 - INFO - 📈 已处理601918 新集能源 
2025-08-23 19:53:19,789 - INFO - 📈 已处理601919 中远海控 
2025-08-23 19:53:20,397 - INFO - 📈 已处理601921 浙版传媒 
2025-08-23 19:53:21,001 - INFO - 📈 已处理601928 凤凰传媒 
2025-08-23 19:53:21,610 - INFO - 📈 已处理601929 吉视传媒 
2025-08-23 19:53:22,206 - INFO - 📈 已处理601933 永辉超市 
2025-08-23 19:53:24,367 - INFO - 📈 已处理601939 建设银行 
2025-08-23 19:53:51,803 - INFO - 📈 已处理601949 中国出版 
2025-08-23 19:53:53,145 - INFO - 📈 已处理601952 苏垦农发 
2025-08-23 19:53:54,406 - INFO - 📈 已处理601956 东贝集团 
2025-08-23 19:53:55,700 - INFO - 📈 已处理601958 金钼股份 
2025-08-23 19:54:00,515 - INFO - 📈 已处理601963 重庆银行 
2025-08-23 19:54:01,625 - INFO - 📈 已处理601965 中国汽研 
2025-08-23 19:54:02,797 - INFO - 📈 已处理601966 玲珑轮胎 
2025-08-23 19:54:02,797 - INFO - 📈 已处理 4150/5740 只股票，成功 2219 只
2025-08-23 19:54:05,960 - INFO - 📈 已处理601969 海南矿业 
2025-08-23 19:54:06,567 - INFO - 📈 已处理601975 招商南油 
2025-08-23 19:54:07,179 - INFO - 📈 已处理601985 中国核电 
2025-08-23 19:54:07,782 - INFO - 📈 已处理601988 中国银行 
2025-08-23 19:54:08,986 - INFO - 📈 已处理601990 南京证券 
2025-08-23 19:54:09,578 - INFO - 📈 已处理601991 大唐发电 
2025-08-23 19:54:10,195 - INFO - 📈 已处理601992 金隅集团 
2025-08-23 19:54:10,793 - INFO - 📈 已处理601995 中金公司 
2025-08-23 19:54:11,414 - INFO - 📈 已处理601996 丰林集团 
2025-08-23 19:54:12,031 - INFO - 📈 已处理601997 贵阳银行 
2025-08-23 19:54:12,644 - INFO - 📈 已处理601998 中信银行 
2025-08-23 19:54:13,257 - INFO - 📈 已处理601999 出版传媒 
2025-08-23 19:54:13,864 - INFO - 📈 已处理603000 人民网 
2025-08-23 19:54:14,555 - INFO - 📈 已处理603001 奥康国际 
2025-08-23 19:54:15,171 - INFO - 📈 已处理603002 宏昌电子 
2025-08-23 19:54:16,350 - INFO - 📈 已处理603004 鼎龙科技 
2025-08-23 19:54:16,962 - INFO - 📈 已处理603005 晶方科技 
2025-08-23 19:54:17,576 - INFO - 📈 已处理603006 联明股份 
2025-08-23 19:54:18,166 - INFO - 📈 已处理603007 *ST花王 
2025-08-23 19:54:27,070 - INFO - 📈 已处理603022 新通联 
2025-08-23 19:54:27,703 - INFO - 📈 已处理603023 威帝股份 
2025-08-23 19:54:28,370 - INFO - 📈 已处理603025 大豪科技 
2025-08-23 19:54:29,084 - INFO - 📈 已处理603026 石大胜华 
2025-08-23 19:54:29,836 - INFO - 📈 已处理603027 千禾味业 
2025-08-23 19:54:30,522 - INFO - 📈 已处理603028 赛福天 
2025-08-23 19:54:31,214 - INFO - 📈 已处理603029 天鹅股份 
2025-08-23 19:54:31,916 - INFO - 📈 已处理603030 全筑股份 
2025-08-23 19:54:32,711 - INFO - 📈 已处理603031 安孚科技 
2025-08-23 19:54:33,470 - INFO - 📈 已处理603032 德新科技 
2025-08-23 19:54:34,100 - INFO - 📈 已处理603033 三维股份 
2025-08-23 19:54:34,791 - INFO - 📈 已处理603035 常熟汽饰 
2025-08-23 19:54:35,410 - INFO - 📈 已处理603036 如通股份 
2025-08-23 19:54:36,006 - INFO - 📈 已处理603037 凯众股份 
2025-08-23 19:54:36,006 - INFO - 📈 已处理 4200/5740 只股票，成功 2252 只
2025-08-23 19:54:36,706 - INFO - 📈 已处理603038 华立股份 
2025-08-23 19:54:37,310 - INFO - 📈 已处理603039 泛微网络 
2025-08-23 19:54:37,929 - INFO - 📈 已处理603040 新坐标 
2025-08-23 19:54:38,537 - INFO - 📈 已处理603041 美思德 
2025-08-23 19:54:39,143 - INFO - 📈 已处理603042 华脉科技 
2025-08-23 19:54:39,754 - INFO - 📈 已处理603043 广州酒家 
2025-08-23 19:54:40,354 - INFO - 📈 已处理603045 福达合金 
2025-08-23 19:54:40,964 - INFO - 📈 已处理603048 浙江黎明 
2025-08-23 19:54:41,564 - INFO - 📈 已处理603049 中策橡胶 
2025-08-23 19:54:42,174 - INFO - 📈 已处理603050 科林电气 
2025-08-23 19:54:42,781 - INFO - 📈 已处理603051 鹿山新材 
2025-08-23 19:54:43,386 - INFO - 📈 已处理603052 可川科技 
2025-08-23 19:54:43,996 - INFO - 📈 已处理603053 成都燃气 
2025-08-23 19:54:44,703 - INFO - 📈 已处理603055 台华新材 
2025-08-23 19:54:45,300 - INFO - 📈 已处理603056 德邦股份 
2025-08-23 19:54:46,148 - INFO - 📈 已处理603057 紫燕食品 
2025-08-23 19:54:47,503 - INFO - 📈 已处理603059 倍加洁 
2025-08-23 19:54:48,279 - INFO - 📈 已处理603060 国检集团 
2025-08-23 19:54:48,869 - INFO - 📈 已处理603061 金海通 
2025-08-23 19:54:49,484 - INFO - 📈 已处理603062 麦加芯彩 
2025-08-23 19:54:50,174 - INFO - 📈 已处理603063 禾望电气 
2025-08-23 19:54:50,836 - INFO - 📈 已处理603065 宿迁联盛 
2025-08-23 19:54:51,441 - INFO - 📈 已处理603066 音飞储存 
2025-08-23 19:54:52,054 - INFO - 📈 已处理603067 振华股份 
2025-08-23 19:54:52,736 - INFO - 📈 已处理603068 博通集成 
2025-08-23 19:54:53,338 - INFO - 📈 已处理603069 海汽集团 
2025-08-23 19:54:53,946 - INFO - 📈 已处理603070 万控智造 
2025-08-23 19:54:54,552 - INFO - 📈 已处理603071 物产环能 
2025-08-23 19:54:55,160 - INFO - 📈 已处理603072 天和磁材 
2025-08-23 19:54:55,769 - INFO - 📈 已处理603073 彩蝶实业 
2025-08-23 19:54:56,376 - INFO - 📈 已处理603075 热威股份 
2025-08-23 19:54:56,986 - INFO - 📈 已处理603076 乐惠国际 
2025-08-23 19:54:57,587 - INFO - 📈 已处理603077 和邦生物 
2025-08-23 20:09:38,408 - INFO - ✅ 本周K线更新完成: 2285 条记录
2025-08-23 20:09:38,408 - INFO - ============================================================
2025-08-23 20:09:38,408 - INFO - 📊 本周数据更新统计
2025-08-23 20:09:38,408 - INFO - ============================================================
2025-08-23 20:09:38,408 - INFO - ⏱️  更新耗时: 1:17:15.942162
2025-08-23 20:09:38,408 - INFO - 📈 实时行情: 0 条
2025-08-23 20:09:38,408 - INFO - 📊 本周K线: 2,285 条
2025-08-23 20:09:38,412 - INFO - 📅 交易日历: 0 条
2025-08-23 20:09:38,412 - INFO - ✅ 无错误
2025-08-23 20:09:38,412 - INFO - ============================================================
2025-08-23 20:09:38,438 - INFO - 🎉 本周数据更新完成！
2025-08-23 20:09:38,438 - INFO - 数据库连接已关闭
2025-08-23 20:09:38,438 - INFO - ✅ 每周数据更新成功完成
