2025-09-01 20:49:49,188 - INFO - 🌟 每周数据更新程序启动
2025-09-01 20:49:49,194 - INFO - 🚀 开始每周数据更新...
2025-09-01 20:49:49,194 - INFO - ============================================================
2025-09-01 20:49:49,218 - INFO - ✅ 成功连接到MySQL数据库
2025-09-01 20:49:49,218 - INFO - 📊 开始更新近7个自然日K线数据）...
2025-09-01 20:49:49,651 - INFO - 📊 准备更新 5624 只股票的近7个自然日K线数据
2025-09-01 20:53:33,817 - WARNING - ⚠️ 000430 ST张家界 K线更新失败: ('Connection broken: IncompleteRead(28392 bytes read, 146012 more expected)', IncompleteRead(28392 bytes read, 146012 more expected))
2025-09-01 20:53:36,839 - WARNING - ⚠️ 000488 ST晨鸣 K线更新失败: HTTPSConnectionPool(host='push2his.eastmoney.com', port=443): Max retries exceeded with url: /api/qt/stock/kline/get?fields1=f1%2Cf2%2Cf3%2Cf4%2Cf5%2Cf6&fields2=f51%2Cf52%2Cf53%2Cf54%2Cf55%2Cf56%2Cf57%2Cf58%2Cf59%2Cf60%2Cf61%2Cf116&ut=7eea3edcaed734bea9cbfc24409ed989&klt=101&fqt=0&secid=0.000488&beg=19900101&end=20250901 (Caused by ProxyError('Unable to connect to proxy', NewConnectionError('<urllib3.connection.HTTPSConnection object at 0x0000021A4DD5A740>: Failed to establish a new connection: [WinError 10061] 由于目标计算机积极拒绝，无法连接。')))
2025-09-01 20:53:39,609 - INFO - 数据库连接已关闭
2025-09-01 20:53:44,087 - INFO - 🌟 每周数据更新程序启动
2025-09-01 20:53:44,088 - INFO - 🚀 开始每周数据更新...
2025-09-01 20:53:44,088 - INFO - ============================================================
2025-09-01 20:53:44,100 - INFO - ✅ 成功连接到MySQL数据库
2025-09-01 20:53:44,100 - INFO - 📊 开始更新近7个自然日K线数据）...
2025-09-01 20:53:44,342 - INFO - 📊 准备更新 5624 只股票的近7个自然日K线数据
2025-09-01 20:53:47,411 - INFO - 📈 已处理000430 ST张家界 
2025-09-01 20:53:50,239 - INFO - 📈 已处理000488 ST晨鸣 
2025-09-01 20:53:54,521 - INFO - 📈 已处理000516 国际医学 
2025-09-01 20:53:57,487 - INFO - 📈 已处理000517 荣安地产 
2025-09-01 20:54:00,584 - INFO - 📈 已处理000518 *ST四环 
2025-09-01 20:54:03,754 - INFO - 📈 已处理000519 中兵红箭 
2025-09-01 20:54:06,811 - INFO - 📈 已处理000520 凤凰航运 
2025-09-01 20:54:10,386 - INFO - 📈 已处理000521 长虹美菱 
2025-09-01 20:54:12,821 - INFO - 📈 已处理000522 白云山A 
2025-09-01 20:54:16,373 - INFO - 📈 已处理000523 红棉股份 
2025-09-01 20:54:20,123 - INFO - 📈 已处理000524 岭南控股 
2025-09-01 20:54:23,651 - INFO - 📈 已处理000525 红太阳 
2025-09-01 20:54:26,694 - INFO - 📈 已处理000526 学大教育 
2025-09-01 20:54:29,134 - INFO - 📈 已处理000527 美的电器 
2025-09-01 20:54:32,400 - INFO - 📈 已处理000528 柳工 
2025-09-01 20:54:35,437 - INFO - 📈 已处理000529 广弘控股 
2025-09-01 20:54:38,701 - INFO - 📈 已处理000530 冰山冷热 
2025-09-01 20:54:41,850 - INFO - 📈 已处理000531 穗恒运Ａ 
2025-09-01 20:54:45,060 - INFO - 📈 已处理000532 华金资本 
2025-09-01 20:54:48,274 - INFO - 📈 已处理000533 顺钠股份 
2025-09-01 20:54:51,434 - INFO - 📈 已处理000534 万泽股份 
2025-09-01 20:54:53,342 - INFO - 📈 已处理000535 *ST猴王 
2025-09-01 20:54:56,301 - INFO - 📈 已处理000536 华映科技 
2025-09-01 20:54:59,768 - INFO - 📈 已处理000537 中绿电 
2025-09-01 20:55:02,964 - INFO - 📈 已处理000538 云南白药 
2025-09-01 20:55:06,106 - INFO - 📈 已处理000539 粤电力Ａ 
2025-09-01 20:55:08,972 - INFO - 📈 已处理000540 *ST中天 
2025-09-01 20:55:12,050 - INFO - 📈 已处理000541 佛山照明 
2025-09-01 20:55:13,836 - INFO - 📈 已处理000542 TCL通讯 
2025-09-01 20:55:17,000 - INFO - 📈 已处理000543 皖能电力 
2025-09-01 20:55:20,200 - INFO - 📈 已处理000544 中原环保 
2025-09-01 20:55:23,186 - INFO - 📈 已处理000545 金浦钛业 
2025-09-01 20:55:26,166 - INFO - 📈 已处理000546 金圆股份 
2025-09-01 20:55:29,152 - INFO - 📈 已处理000547 航天发展 
2025-09-01 20:55:32,272 - INFO - 📈 已处理000548 湖南投资 
2025-09-01 20:55:34,239 - INFO - 📈 已处理000549 S湘火炬 
2025-09-01 20:55:37,318 - INFO - 📈 已处理000550 江铃汽车 
2025-09-01 20:55:40,412 - INFO - 📈 已处理000551 创元科技 
2025-09-01 20:55:43,499 - INFO - 📈 已处理000552 甘肃能化 
2025-09-01 20:55:46,515 - INFO - 📈 已处理000553 安道麦A 
2025-09-01 20:55:49,632 - INFO - 📈 已处理000554 泰山石油 
2025-09-01 20:55:52,575 - INFO - 📈 已处理000555 神州信息 
2025-09-01 20:55:54,149 - INFO - 📈 已处理000556 PT南洋 
2025-09-01 20:55:56,866 - INFO - 📈 已处理000557 西部创业 
2025-09-01 20:55:59,882 - INFO - 📈 已处理000558 天府文旅 
2025-09-01 20:56:02,982 - INFO - 📈 已处理000559 万向钱潮 
2025-09-01 20:56:06,052 - INFO - 📈 已处理000560 我爱我家 
2025-09-01 20:56:09,032 - INFO - 📈 已处理000561 烽火电子 
2025-09-01 20:56:11,482 - INFO - 📈 已处理000562 宏源证券 
2025-09-01 20:56:11,482 - INFO - 📈 已处理 50/5624 只股票，成功 49 只
2025-09-01 20:56:14,632 - INFO - 📈 已处理000563 陕国投Ａ 
2025-09-01 20:56:17,698 - INFO - 📈 已处理000564 供销大集 
2025-09-01 20:56:20,819 - INFO - 📈 已处理000565 渝三峡Ａ 
2025-09-01 20:56:24,001 - INFO - 📈 已处理000566 海南海药 
2025-09-01 20:56:27,116 - INFO - 📈 已处理000567 海德股份 
2025-09-01 20:56:30,252 - INFO - 📈 已处理000568 泸州老窖 
2025-09-01 20:56:32,333 - INFO - 📈 已处理000569 长城股份 
2025-09-01 20:56:35,479 - INFO - 📈 已处理000570 苏常柴Ａ 
2025-09-01 20:56:38,597 - INFO - 📈 已处理000571 新大洲A 
2025-09-01 20:56:41,770 - INFO - 📈 已处理000572 海马汽车 
2025-09-01 20:56:44,995 - INFO - 📈 已处理000573 粤宏远Ａ 
2025-09-01 20:56:48,032 - INFO - 📈 已处理000576 甘化科工 
2025-09-01 20:56:50,047 - INFO - 📈 已处理000578 盐湖集团 
2025-09-01 20:56:52,930 - INFO - 📈 已处理000581 威孚高科 
2025-09-01 20:56:55,823 - INFO - 📈 已处理000582 北部湾港 
2025-09-01 20:56:57,653 - INFO - 📈 已处理000583 S*ST托普 
2025-09-01 20:57:00,579 - INFO - 📈 已处理000584 工智退 
2025-09-01 20:57:03,377 - INFO - 📈 已处理000585 东电退 
2025-09-01 20:57:06,285 - INFO - 📈 已处理000586 汇源通信 
2025-09-01 20:57:09,109 - INFO - 📈 已处理000587 *ST金洲 
2025-09-01 20:57:10,612 - INFO - 📈 已处理000588 PT粤金曼 
2025-09-01 20:57:13,649 - INFO - 📈 已处理000589 贵州轮胎 
2025-09-01 20:57:16,608 - INFO - 📈 已处理000590 启迪药业 
2025-09-01 20:57:19,597 - INFO - 📈 已处理000591 太阳能 
2025-09-01 20:57:22,567 - INFO - 📈 已处理000592 平潭发展 
2025-09-01 20:57:25,530 - INFO - 📈 已处理000593 德龙汇能 
2025-09-01 20:57:27,792 - INFO - 📈 已处理000594 国恒退 
2025-09-01 20:57:30,680 - INFO - 📈 已处理000595 *ST宝实 
2025-09-01 20:57:33,599 - INFO - 📈 已处理000596 古井贡酒 
2025-09-01 20:57:36,579 - INFO - 📈 已处理000597 东北制药 
2025-09-01 20:57:39,613 - INFO - 📈 已处理000598 兴蓉环境 
2025-09-01 20:57:42,569 - INFO - 📈 已处理000599 青岛双星 
2025-09-01 20:57:45,445 - INFO - 📈 已处理000600 建投能源 
2025-09-01 20:57:48,352 - INFO - 📈 已处理000601 韶能股份 
2025-09-01 20:57:50,534 - INFO - 📈 已处理000602 金马集团 
2025-09-01 20:57:53,331 - INFO - 📈 已处理000603 盛达资源 
2025-09-01 20:57:56,279 - INFO - 📈 已处理000605 渤海股份 
2025-09-01 20:57:58,984 - INFO - 📈 已处理000606 顺利退 
2025-09-01 20:58:01,868 - INFO - 📈 已处理000607 华媒控股 
2025-09-01 20:58:04,735 - INFO - 📈 已处理000608 *ST阳光 
2025-09-01 20:58:07,645 - INFO - 📈 已处理000609 ST中迪 
2025-09-01 20:58:10,562 - INFO - 📈 已处理000610 西安旅游 
2025-09-01 20:58:13,197 - INFO - 📈 已处理000611 天首退 
2025-09-01 20:58:16,089 - INFO - 📈 已处理000612 焦作万方 
2025-09-01 20:58:18,708 - INFO - 📈 已处理000613 东海A退 
2025-09-01 20:58:21,557 - INFO - 📈 已处理000615 *ST美谷 
2025-09-01 20:58:24,275 - INFO - 📈 已处理000616 *ST海投 
2025-09-01 20:58:27,163 - INFO - 📈 已处理000617 中油资本 
2025-09-01 20:58:28,879 - INFO - 📈 已处理000618 吉林化工 
2025-09-01 20:58:31,762 - INFO - 📈 已处理000619 海螺新材 
2025-09-01 20:58:31,762 - INFO - 📈 已处理 100/5624 只股票，成功 99 只
2025-09-01 20:58:34,394 - INFO - 📈 已处理000620 盈新发展 
2025-09-01 20:58:36,006 - INFO - 📈 已处理000621 *ST比特 
2025-09-01 20:58:38,494 - INFO - 📈 已处理000622 恒立退 
2025-09-01 20:58:41,428 - INFO - 📈 已处理000623 吉林敖东 
2025-09-01 20:58:44,299 - INFO - 📈 已处理000625 长安汽车 
2025-09-01 20:58:47,195 - INFO - 📈 已处理000626 远大控股 
2025-09-01 20:58:50,061 - INFO - 📈 已处理000627 *ST天茂 
2025-09-01 20:58:52,911 - INFO - 📈 已处理000628 高新发展 
2025-09-01 20:58:55,700 - INFO - 📈 已处理000629 钒钛股份 
2025-09-01 20:58:58,591 - INFO - 📈 已处理000630 铜陵有色 
2025-09-01 20:59:01,350 - INFO - 📈 已处理000631 顺发恒业 
2025-09-01 20:59:04,284 - INFO - 📈 已处理000632 三木集团 
2025-09-01 20:59:07,094 - INFO - 📈 已处理000633 合金投资 
2025-09-01 20:59:10,031 - INFO - 📈 已处理000635 英力特 
2025-09-01 20:59:12,909 - INFO - 📈 已处理000636 风华高科 
2025-09-01 20:59:15,988 - INFO - 📈 已处理000637 茂化实华 
2025-09-01 20:59:18,577 - INFO - 📈 已处理000638 *ST万方 
2025-09-01 20:59:21,590 - INFO - 📈 已处理000639 西王食品 
2025-09-01 20:59:24,540 - INFO - 📈 已处理000650 仁和药业 
2025-09-01 20:59:27,568 - INFO - 📈 已处理000651 格力电器 
2025-09-01 20:59:30,542 - INFO - 📈 已处理000652 泰达股份 
2025-09-01 20:59:32,054 - INFO - 📈 已处理000653 ST九州 
2025-09-01 20:59:34,999 - INFO - 📈 已处理000655 金岭矿业 
2025-09-01 20:59:37,811 - INFO - 📈 已处理000656 *ST金科 
2025-09-01 20:59:40,578 - INFO - 📈 已处理000657 中钨高新 
2025-09-01 20:59:42,044 - INFO - 📈 已处理000658 ST海洋 
2025-09-01 20:59:44,916 - INFO - 📈 已处理000659 珠海中富 
2025-09-01 20:59:46,545 - INFO - 📈 已处理000660 *ST南华 
2025-09-01 20:59:49,538 - INFO - 📈 已处理000661 长春高新 
2025-09-01 20:59:52,197 - INFO - 📈 已处理000662 天夏退 
2025-09-01 20:59:55,173 - INFO - 📈 已处理000663 永安林业 
2025-09-01 20:59:58,044 - INFO - 📈 已处理000665 湖北广电 
2025-09-01 21:00:00,818 - INFO - 📈 已处理000666 经纬纺机 
2025-09-01 21:00:03,717 - INFO - 📈 已处理000667 ST美置 
2025-09-01 21:00:06,659 - INFO - 📈 已处理000668 *ST荣控 
2025-09-01 21:00:09,792 - INFO - 📈 已处理000669 ST金鸿 
2025-09-01 21:00:12,245 - INFO - 📈 已处理000670 盈方微 
2025-09-01 21:00:15,092 - INFO - 📈 已处理000671 ST阳光城 
2025-09-01 21:00:17,755 - INFO - 📈 已处理000672 上峰水泥 
2025-09-01 21:00:20,508 - INFO - 📈 已处理000673 当代退 
2025-09-01 21:00:21,982 - INFO - 📈 已处理000675 ST银山 
2025-09-01 21:00:24,809 - INFO - 📈 已处理000676 智度股份 
2025-09-01 21:00:27,599 - INFO - 📈 已处理000677 恒天海龙 
2025-09-01 21:00:30,457 - INFO - 📈 已处理000678 襄阳轴承 
2025-09-01 21:00:33,330 - INFO - 📈 已处理000679 大连友谊 
2025-09-01 21:00:36,242 - INFO - 📈 已处理000680 山推股份 
2025-09-01 21:00:38,843 - INFO - 📈 已处理000681 视觉中国 
2025-09-01 21:00:41,678 - INFO - 📈 已处理000682 东方电子 
2025-09-01 21:00:44,544 - INFO - 📈 已处理000683 博源化工 
2025-09-01 21:00:47,424 - INFO - 📈 已处理000685 中山公用 
2025-09-01 21:00:47,425 - INFO - 📈 已处理 150/5624 只股票，成功 149 只
2025-09-01 21:00:50,277 - INFO - 📈 已处理000686 东北证券 
2025-09-01 21:00:52,980 - INFO - 📈 已处理000687 华讯退 
2025-09-01 21:00:55,502 - INFO - 📈 已处理000688 国城矿业 
2025-09-01 21:00:56,975 - INFO - 📈 已处理000689 ST宏业 
2025-09-01 21:00:59,936 - INFO - 📈 已处理000690 宝新能源 
2025-09-01 21:01:02,701 - INFO - 📈 已处理000691 *ST亚太 
2025-09-01 21:01:05,609 - INFO - 📈 已处理000692 惠天热电 
2025-09-01 21:01:07,559 - INFO - 📈 已处理000693 华泽退 
2025-09-01 21:01:10,324 - INFO - 📈 已处理000695 滨海能源 
2025-09-01 21:01:13,158 - INFO - 📈 已处理000697 ST炼石 
2025-09-01 21:01:16,070 - INFO - 📈 已处理000698 沈阳化工 
2025-09-01 21:01:17,791 - INFO - 📈 已处理000699 S*ST佳纸 
2025-09-01 21:01:20,666 - INFO - 📈 已处理000700 模塑科技 
2025-09-01 21:01:23,608 - INFO - 📈 已处理000701 厦门信达 
2025-09-01 21:01:26,541 - INFO - 📈 已处理000702 正虹科技 
2025-09-01 21:01:29,594 - INFO - 📈 已处理000703 恒逸石化 
2025-09-01 21:01:32,882 - INFO - 📈 已处理000705 浙江震元 
2025-09-01 21:01:36,215 - INFO - 📈 已处理000707 双环科技 
2025-09-01 21:01:39,214 - INFO - 📈 已处理000708 中信特钢 
2025-09-01 21:01:42,242 - INFO - 📈 已处理000709 河钢股份 
2025-09-01 21:01:45,250 - INFO - 📈 已处理000710 贝瑞基因 
2025-09-01 21:01:48,178 - INFO - 📈 已处理000711 *ST京蓝 
2025-09-01 21:01:51,035 - INFO - 📈 已处理000712 锦龙股份 
2025-09-01 21:01:54,020 - INFO - 📈 已处理000713 国投丰乐 
2025-09-01 21:01:56,982 - INFO - 📈 已处理000715 中兴商业 
2025-09-01 21:01:59,862 - INFO - 📈 已处理000716 黑芝麻 
2025-09-01 21:02:02,893 - INFO - 📈 已处理000717 中南股份 
2025-09-01 21:02:05,912 - INFO - 📈 已处理000718 苏宁环球 
2025-09-01 21:02:08,556 - INFO - 📈 已处理000719 中原传媒 
2025-09-01 21:02:11,436 - INFO - 📈 已处理000720 新能泰山 
2025-09-01 21:02:14,438 - INFO - 📈 已处理000721 西安饮食 
2025-09-01 21:02:17,156 - INFO - 📈 已处理000722 湖南发展 
2025-09-01 21:02:19,941 - INFO - 📈 已处理000723 美锦能源 
2025-09-01 21:02:22,606 - INFO - 📈 已处理000725 京东方Ａ 
2025-09-01 21:02:25,299 - INFO - 📈 已处理000726 鲁泰Ａ 
2025-09-01 21:02:28,159 - INFO - 📈 已处理000727 冠捷科技 
2025-09-01 21:02:31,021 - INFO - 📈 已处理000728 国元证券 
2025-09-01 21:02:34,194 - INFO - 📈 已处理000729 燕京啤酒 
2025-09-01 21:02:35,806 - INFO - 📈 已处理000730 *ST环保 
2025-09-01 21:02:38,677 - INFO - 📈 已处理000731 四川美丰 
2025-09-01 21:02:41,222 - INFO - 📈 已处理000732 ST泰禾 
2025-09-01 21:02:44,089 - INFO - 📈 已处理000733 振华科技 
2025-09-01 21:02:46,956 - INFO - 📈 已处理000735 罗牛山 
2025-09-01 21:02:49,963 - INFO - 📈 已处理000736 *ST中地 
2025-09-01 21:02:52,906 - INFO - 📈 已处理000737 北方铜业 
2025-09-01 21:02:55,772 - INFO - 📈 已处理000738 航发控制 
2025-09-01 21:02:58,672 - INFO - 📈 已处理000739 普洛药业 
2025-09-01 21:03:00,972 - INFO - 📈 已处理000748 长城信息 
2025-09-01 21:03:03,639 - INFO - 📈 已处理000750 国海证券 
2025-09-01 21:03:06,448 - INFO - 📈 已处理000751 锌业股份 
2025-09-01 21:03:06,448 - INFO - 📈 已处理 200/5624 只股票，成功 199 只
2025-09-01 21:03:09,506 - INFO - 📈 已处理000752 ST西发 
2025-09-01 21:03:12,405 - INFO - 📈 已处理000753 漳州发展 
2025-09-01 21:03:15,221 - INFO - 📈 已处理000755 山西高速 
2025-09-01 21:03:18,174 - INFO - 📈 已处理000756 新华制药 
2025-09-01 21:03:20,711 - INFO - 📈 已处理000757 浩物股份 
2025-09-01 21:03:23,793 - INFO - 📈 已处理000758 中色股份 
2025-09-01 21:03:26,837 - INFO - 📈 已处理000759 中百集团 
2025-09-01 21:03:29,388 - INFO - 📈 已处理000760 斯太退 
2025-09-01 21:03:32,305 - INFO - 📈 已处理000761 本钢板材 
2025-09-01 21:03:35,309 - INFO - 📈 已处理000762 西藏矿业 
2025-09-01 21:03:36,983 - INFO - 📈 已处理000763 锦州石化 
2025-09-01 21:03:38,519 - INFO - 📈 已处理000765 *ST华信 
2025-09-01 21:03:41,377 - INFO - 📈 已处理000766 通化金马 
2025-09-01 21:03:44,244 - INFO - 📈 已处理000767 晋控电力 
2025-09-01 21:03:47,388 - INFO - 📈 已处理000768 中航西飞 
2025-09-01 21:03:49,025 - INFO - 📈 已处理000769 *ST大菲 
2025-09-01 21:03:51,759 - INFO - 📈 已处理000776 广发证券 
2025-09-01 21:03:54,688 - INFO - 📈 已处理000777 中核科技 
2025-09-01 21:03:57,588 - INFO - 📈 已处理000778 新兴铸管 
2025-09-01 21:04:00,455 - INFO - 📈 已处理000779 甘咨询 
2025-09-01 21:04:03,162 - INFO - 📈 已处理000780 ST平能 
2025-09-01 21:04:06,042 - INFO - 📈 已处理000782 恒申新材 
2025-09-01 21:04:08,886 - INFO - 📈 已处理000783 长江证券 
2025-09-01 21:04:11,735 - INFO - 📈 已处理000785 居然智家 
2025-09-01 21:04:14,620 - INFO - 📈 已处理000786 北新建材 
2025-09-01 21:04:16,371 - INFO - 📈 已处理000787 *ST创智 
2025-09-01 21:04:19,237 - INFO - 📈 已处理000788 北大医药 
2025-09-01 21:04:22,106 - INFO - 📈 已处理000789 万年青 
2025-09-01 21:04:24,886 - INFO - 📈 已处理000790 华神科技 
2025-09-01 21:04:27,703 - INFO - 📈 已处理000791 甘肃能源 
2025-09-01 21:04:30,454 - INFO - 📈 已处理000792 盐湖股份 
2025-09-01 21:04:33,287 - INFO - 📈 已处理000793 ST华闻 
2025-09-01 21:04:36,164 - INFO - 📈 已处理000795 英洛华 
2025-09-01 21:04:38,986 - INFO - 📈 已处理000796 凯撒旅业 
2025-09-01 21:04:41,936 - INFO - 📈 已处理000797 中国武夷 
2025-09-01 21:04:44,797 - INFO - 📈 已处理000798 中水渔业 
2025-09-01 21:04:47,655 - INFO - 📈 已处理000799 酒鬼酒 
2025-09-01 21:04:50,575 - INFO - 📈 已处理000800 一汽解放 
2025-09-01 21:04:53,430 - INFO - 📈 已处理000801 四川九洲 
2025-09-01 21:04:56,236 - INFO - 📈 已处理000802 北京文化 
2025-09-01 21:04:59,091 - INFO - 📈 已处理000803 山高环能 
2025-09-01 21:05:01,677 - INFO - 📈 已处理000805 *ST炎黄 
2025-09-01 21:05:04,436 - INFO - 📈 已处理000806 银河退 
2025-09-01 21:05:07,378 - INFO - 📈 已处理000807 云铝股份 
2025-09-01 21:05:10,169 - INFO - 📈 已处理000809 和展能源 
2025-09-01 21:05:12,886 - INFO - 📈 已处理000810 创维数字 
2025-09-01 21:05:15,734 - INFO - 📈 已处理000811 冰轮环境 
2025-09-01 21:05:18,536 - INFO - 📈 已处理000812 陕西金叶 
2025-09-01 21:05:21,418 - INFO - 📈 已处理000813 德展健康 
2025-09-01 21:05:24,523 - INFO - 📈 已处理000815 美利云 
2025-09-01 21:05:24,523 - INFO - 📈 已处理 250/5624 只股票，成功 249 只
2025-09-01 21:05:27,515 - INFO - 📈 已处理000816 智慧农业 
2025-09-01 21:05:29,181 - INFO - 📈 已处理000817 辽河油田 
2025-09-01 21:05:31,947 - INFO - 📈 已处理000818 航锦科技 
2025-09-01 21:05:34,937 - INFO - 📈 已处理000819 岳阳兴长 
2025-09-01 21:05:37,623 - INFO - 📈 已处理000820 *ST节能 
2025-09-01 21:05:40,431 - INFO - 📈 已处理000821 京山轻机 
2025-09-01 21:05:43,276 - INFO - 📈 已处理000822 山东海化 
2025-09-01 21:05:46,297 - INFO - 📈 已处理000823 超声电子 
2025-09-01 21:05:49,105 - INFO - 📈 已处理000825 太钢不锈 
2025-09-01 21:05:51,994 - INFO - 📈 已处理000826 启迪环境 
2025-09-01 21:05:53,546 - INFO - 📈 已处理000827 *ST长兴 
2025-09-01 21:05:56,507 - INFO - 📈 已处理000828 东莞控股 
2025-09-01 21:05:59,375 - INFO - 📈 已处理000829 天音控股 
2025-09-01 21:06:02,186 - INFO - 📈 已处理000830 鲁西化工 
2025-09-01 21:06:04,934 - INFO - 📈 已处理000831 中国稀土 
2025-09-01 21:06:06,502 - INFO - 📈 已处理000832 *ST龙涤 
2025-09-01 21:06:09,284 - INFO - 📈 已处理000833 粤桂股份 
2025-09-01 21:06:11,775 - INFO - 📈 已处理000835 长动退 
2025-09-01 21:06:14,529 - INFO - 📈 已处理000836 ST富通 
2025-09-01 21:06:17,335 - INFO - 📈 已处理000837 秦川机床 
2025-09-01 21:06:20,702 - INFO - 📈 已处理000838 财信发展 
2025-09-01 21:06:23,548 - INFO - 📈 已处理000839 国安股份 
2025-09-01 21:06:26,418 - INFO - 📈 已处理000848 承德露露 
2025-09-01 21:06:29,167 - INFO - 📈 已处理000850 华茂股份 
2025-09-01 21:06:31,967 - INFO - 📈 已处理000851 *ST高鸿 
2025-09-01 21:06:34,876 - INFO - 📈 已处理000852 石化机械 
2025-09-01 21:06:37,710 - INFO - 📈 已处理000856 冀东装备 
2025-09-01 21:06:40,644 - INFO - 📈 已处理000858 五粮液 
2025-09-01 21:06:43,450 - INFO - 📈 已处理000859 国风新材 
2025-09-01 21:06:46,312 - INFO - 📈 已处理000860 顺鑫农业 
2025-09-01 21:06:49,200 - INFO - 📈 已处理000861 海印股份 
2025-09-01 21:06:52,010 - INFO - 📈 已处理000862 银星能源 
2025-09-01 21:06:54,624 - INFO - 📈 已处理000863 三湘印象 
2025-09-01 21:06:56,299 - INFO - 📈 已处理000866 扬子石化 
2025-09-01 21:06:59,166 - INFO - 📈 已处理000868 安凯客车 
2025-09-01 21:07:01,916 - INFO - 📈 已处理000869 张裕Ａ 
2025-09-01 21:07:04,516 - INFO - 📈 已处理000875 吉电股份 
2025-09-01 21:07:07,349 - INFO - 📈 已处理000876 新希望 
2025-09-01 21:07:10,150 - INFO - 📈 已处理000877 天山股份 
2025-09-01 21:07:12,966 - INFO - 📈 已处理000878 云南铜业 
2025-09-01 21:07:15,805 - INFO - 📈 已处理000880 潍柴重机 
2025-09-01 21:07:18,579 - INFO - 📈 已处理000881 中广核技 
2025-09-01 21:07:22,050 - INFO - 📈 已处理000882 华联股份 
2025-09-01 21:07:24,865 - INFO - 📈 已处理000883 湖北能源 
2025-09-01 21:07:27,692 - INFO - 📈 已处理000885 城发环境 
2025-09-01 21:07:30,714 - INFO - 📈 已处理000886 海南高速 
2025-09-01 21:07:33,600 - INFO - 📈 已处理000887 中鼎股份 
2025-09-01 21:07:36,636 - INFO - 📈 已处理000888 峨眉山Ａ 
2025-09-01 21:07:39,547 - INFO - 📈 已处理000889 中嘉博创 
2025-09-01 21:07:42,449 - INFO - 📈 已处理000890 法尔胜 
2025-09-01 21:07:42,449 - INFO - 📈 已处理 300/5624 只股票，成功 299 只
2025-09-01 21:07:45,090 - INFO - 📈 已处理000892 欢瑞世纪 
2025-09-01 21:07:47,891 - INFO - 📈 已处理000893 亚钾国际 
2025-09-01 21:07:50,631 - INFO - 📈 已处理000895 双汇发展 
2025-09-01 21:07:53,397 - INFO - 📈 已处理000897 津滨发展 
2025-09-01 21:07:56,332 - INFO - 📈 已处理000898 鞍钢股份 
2025-09-01 21:07:59,215 - INFO - 📈 已处理000899 赣能股份 
2025-09-01 21:08:02,062 - INFO - 📈 已处理000900 现代投资 
2025-09-01 21:08:05,806 - INFO - 📈 已处理000901 航天科技 
2025-09-01 21:08:08,666 - INFO - 📈 已处理000902 新洋丰 
2025-09-01 21:08:11,532 - INFO - 📈 已处理000903 ST云动 
2025-09-01 21:08:14,283 - INFO - 📈 已处理000905 厦门港务 
2025-09-01 21:08:17,048 - INFO - 📈 已处理000906 浙商中拓 
2025-09-01 21:08:19,815 - INFO - 📈 已处理000908 ST景峰 
2025-09-01 21:08:22,610 - INFO - 📈 已处理000909 ST数源 
2025-09-01 21:08:25,460 - INFO - 📈 已处理000910 大亚圣象 
2025-09-01 21:08:28,286 - INFO - 📈 已处理000911 广农糖业 
2025-09-01 21:08:31,043 - INFO - 📈 已处理000912 泸天化 
2025-09-01 21:08:33,831 - INFO - 📈 已处理000913 钱江摩托 
2025-09-01 21:08:36,648 - INFO - 📈 已处理000915 华特达因 
2025-09-01 21:08:38,926 - INFO - 📈 已处理000916 华北高速 
2025-09-01 21:08:41,673 - INFO - 📈 已处理000917 电广传媒 
2025-09-01 21:08:44,213 - INFO - 📈 已处理000918 *ST嘉凯 
2025-09-01 21:08:47,045 - INFO - 📈 已处理000919 金陵药业 
2025-09-01 21:08:49,772 - INFO - 📈 已处理000920 沃顿科技 
2025-09-01 21:08:52,628 - INFO - 📈 已处理000921 海信家电 
2025-09-01 21:08:55,910 - INFO - 📈 已处理000922 佳电股份 
2025-09-01 21:08:59,014 - INFO - 📈 已处理000923 河钢资源 
2025-09-01 21:09:01,730 - INFO - 📈 已处理000925 众合科技 
2025-09-01 21:09:04,657 - INFO - 📈 已处理000926 福星股份 
2025-09-01 21:09:07,669 - INFO - 📈 已处理000927 中国铁物 
2025-09-01 21:09:10,589 - INFO - 📈 已处理000928 中钢国际 
2025-09-01 21:09:13,485 - INFO - 📈 已处理000929 *ST兰黄 
2025-09-01 21:09:16,402 - INFO - 📈 已处理000930 中粮科技 
2025-09-01 21:09:19,205 - INFO - 📈 已处理000931 中关村 
2025-09-01 21:09:21,983 - INFO - 📈 已处理000932 华菱钢铁 
2025-09-01 21:09:24,780 - INFO - 📈 已处理000933 神火股份 
2025-09-01 21:09:27,535 - INFO - 📈 已处理000935 四川双马 
2025-09-01 21:09:30,378 - INFO - 📈 已处理000936 华西股份 
2025-09-01 21:09:33,436 - INFO - 📈 已处理000937 冀中能源 
2025-09-01 21:09:36,406 - INFO - 📈 已处理000938 紫光股份 
2025-09-01 21:09:38,746 - INFO - 📈 已处理000939 凯迪退 
2025-09-01 21:09:41,667 - INFO - 📈 已处理000948 南天信息 
2025-09-01 21:09:44,492 - INFO - 📈 已处理000949 新乡化纤 
2025-09-01 21:09:47,146 - INFO - 📈 已处理000950 重药控股 
2025-09-01 21:09:49,980 - INFO - 📈 已处理000951 中国重汽 
2025-09-01 21:09:53,112 - INFO - 📈 已处理000952 广济药业 
2025-09-01 21:09:55,895 - INFO - 📈 已处理000953 河化股份 
2025-09-01 21:09:58,634 - INFO - 📈 已处理000955 欣龙控股 
2025-09-01 21:10:00,273 - INFO - 📈 已处理000956 中原油气 
2025-09-01 21:10:03,046 - INFO - 📈 已处理000957 中通客车 
2025-09-01 21:10:03,046 - INFO - 📈 已处理 350/5624 只股票，成功 349 只
2025-09-01 21:10:05,878 - INFO - 📈 已处理000958 电投产融 
2025-09-01 21:10:08,696 - INFO - 📈 已处理000959 首钢股份 
2025-09-01 21:10:11,461 - INFO - 📈 已处理000960 锡业股份 
2025-09-01 21:10:14,217 - INFO - 📈 已处理000961 ST中南 
2025-09-01 21:10:16,928 - INFO - 📈 已处理000962 东方钽业 
2025-09-01 21:10:19,695 - INFO - 📈 已处理000963 华东医药 
2025-09-01 21:10:22,533 - INFO - 📈 已处理000965 天保基建 
2025-09-01 21:10:25,407 - INFO - 📈 已处理000966 长源电力 
2025-09-01 21:10:28,178 - INFO - 📈 已处理000967 盈峰环境 
2025-09-01 21:10:30,990 - INFO - 📈 已处理000968 蓝焰控股 
2025-09-01 21:10:33,846 - INFO - 📈 已处理000969 安泰科技 
2025-09-01 21:10:36,733 - INFO - 📈 已处理000970 中科三环 
2025-09-01 21:10:39,362 - INFO - 📈 已处理000971 *ST高升 
2025-09-01 21:10:42,044 - INFO - 📈 已处理000972 *ST中基 
2025-09-01 21:10:44,745 - INFO - 📈 已处理000973 佛塑科技 
2025-09-01 21:10:47,394 - INFO - 📈 已处理000975 山金国际 
2025-09-01 21:10:50,162 - INFO - 📈 已处理000976 *ST华铁 
2025-09-01 21:10:53,248 - INFO - 📈 已处理000977 浪潮信息 
2025-09-01 21:10:55,993 - INFO - 📈 已处理000978 桂林旅游 
2025-09-01 21:10:58,261 - INFO - 📈 已处理000979 中弘退 
2025-09-01 21:11:01,060 - INFO - 📈 已处理000980 众泰汽车 
2025-09-01 21:11:03,622 - INFO - 📈 已处理000981 山子高科 
2025-09-01 21:11:06,194 - INFO - 📈 已处理000982 中银绒业 
2025-09-01 21:11:08,991 - INFO - 📈 已处理000983 山西焦煤 
2025-09-01 21:11:11,761 - INFO - 📈 已处理000985 大庆华科 
2025-09-01 21:11:14,519 - INFO - 📈 已处理000987 越秀资本 
2025-09-01 21:11:17,439 - INFO - 📈 已处理000988 华工科技 
2025-09-01 21:11:20,244 - INFO - 📈 已处理000989 九芝堂 
2025-09-01 21:11:23,064 - INFO - 📈 已处理000990 诚志股份 
2025-09-01 21:11:26,032 - INFO - 📈 已处理000993 闽东电力 
2025-09-01 21:11:28,658 - INFO - 📈 已处理000995 皇台酒业 
2025-09-01 21:11:31,362 - INFO - 📈 已处理000996 中期退 
2025-09-01 21:11:34,177 - INFO - 📈 已处理000997 新大陆 
2025-09-01 21:11:36,935 - INFO - 📈 已处理000998 隆平高科 
2025-09-01 21:11:39,713 - INFO - 📈 已处理000999 华润三九 
2025-09-01 21:11:41,176 - INFO - 📈 已处理001201 东瑞股份 
2025-09-01 21:11:42,660 - INFO - 📈 已处理001202 炬申股份 
2025-09-01 21:11:44,118 - INFO - 📈 已处理001203 大中矿业 
2025-09-01 21:11:45,568 - INFO - 📈 已处理001205 盛航股份 
2025-09-01 21:11:46,993 - INFO - 📈 已处理001206 依依股份 
2025-09-01 21:11:48,426 - INFO - 📈 已处理001207 联科科技 
2025-09-01 21:11:49,859 - INFO - 📈 已处理001208 华菱线缆 
2025-09-01 21:11:51,345 - INFO - 📈 已处理001209 洪兴股份 
2025-09-01 21:11:52,792 - INFO - 📈 已处理001210 金房能源 
2025-09-01 21:11:54,219 - INFO - 📈 已处理001211 双枪科技 
2025-09-01 21:11:55,653 - INFO - 📈 已处理001212 中旗新材 
2025-09-01 21:11:57,060 - INFO - 📈 已处理001213 中铁特货 
2025-09-01 21:11:58,518 - INFO - 📈 已处理001215 千味央厨 
2025-09-01 21:11:59,954 - INFO - 📈 已处理001216 华瓷股份 
2025-09-01 21:12:01,364 - INFO - 📈 已处理001217 华尔泰 
2025-09-01 21:12:01,364 - INFO - 📈 已处理 400/5624 只股票，成功 399 只
2025-09-01 21:12:02,780 - INFO - 📈 已处理001218 丽臣实业 
2025-09-01 21:12:04,208 - INFO - 📈 已处理001219 青岛食品 
2025-09-01 21:12:05,367 - INFO - 📈 已处理001221 悍高集团 
2025-09-01 21:12:06,750 - INFO - 📈 已处理001222 源飞宠物 
2025-09-01 21:12:08,085 - INFO - 📈 已处理001223 欧克科技 
2025-09-01 21:12:09,432 - INFO - 📈 已处理001225 和泰机电 
2025-09-01 21:12:10,834 - INFO - 📈 已处理001226 拓山重工 
2025-09-01 21:12:12,235 - INFO - 📈 已处理001227 兰州银行 
2025-09-01 21:12:13,684 - INFO - 📈 已处理001228 永泰运 
2025-09-01 21:12:15,055 - INFO - 📈 已处理001229 魅视科技 
2025-09-01 21:12:16,428 - INFO - 📈 已处理001230 劲旅环境 
2025-09-01 21:12:17,809 - INFO - 📈 已处理001231 农心科技 
2025-09-01 21:12:19,230 - INFO - 📈 已处理001234 泰慕士 
2025-09-01 21:12:20,586 - INFO - 📈 已处理001236 弘业期货 
2025-09-01 21:12:21,949 - INFO - 📈 已处理001238 浙江正特 
2025-09-01 21:12:23,220 - INFO - 📈 已处理001239 永达股份 
2025-09-01 21:12:24,564 - INFO - 📈 已处理001255 博菲电气 
2025-09-01 21:12:25,916 - INFO - 📈 已处理001256 炜冈科技 
2025-09-01 21:12:27,355 - INFO - 📈 已处理001258 立新能源 
2025-09-01 21:12:28,743 - INFO - 📈 已处理001259 利仁科技 
2025-09-01 21:12:30,073 - INFO - 📈 已处理001260 坤泰股份 
2025-09-01 21:12:31,475 - INFO - 📈 已处理001266 宏英智能 
2025-09-01 21:12:32,895 - INFO - 📈 已处理001267 汇绿生态 
2025-09-01 21:12:34,277 - INFO - 📈 已处理001268 联合精密 
2025-09-01 21:12:35,651 - INFO - 📈 已处理001269 欧晶科技 
2025-09-01 21:12:37,031 - INFO - 📈 已处理001270 *ST铖昌 
2025-09-01 21:12:38,245 - INFO - 📈 已处理001277 速达股份 
2025-09-01 21:12:39,591 - INFO - 📈 已处理001278 一彬科技 
2025-09-01 21:12:40,809 - INFO - 📈 已处理001279 强邦新材 
2025-09-01 21:12:42,137 - INFO - 📈 已处理001282 三联锻造 
2025-09-01 21:12:43,496 - INFO - 📈 已处理001283 豪鹏科技 
2025-09-01 21:12:44,842 - INFO - 📈 已处理001286 陕西能源 
2025-09-01 21:12:46,241 - INFO - 📈 已处理001287 中电港 
2025-09-01 21:12:47,659 - INFO - 📈 已处理001288 运机集团 
2025-09-01 21:12:49,042 - INFO - 📈 已处理001289 龙源电力 
2025-09-01 21:12:50,442 - INFO - 📈 已处理001296 长江材料 
2025-09-01 21:12:51,806 - INFO - 📈 已处理001298 好上好 
2025-09-01 21:12:53,312 - INFO - 📈 已处理001299 美能能源 
2025-09-01 21:12:54,674 - INFO - 📈 已处理001300 三柏硕 
2025-09-01 21:12:56,076 - INFO - 📈 已处理001301 尚太科技 
2025-09-01 21:12:57,445 - INFO - 📈 已处理001306 夏厦精密 
2025-09-01 21:12:58,855 - INFO - 📈 已处理001308 康冠科技 
2025-09-01 21:13:00,335 - INFO - 📈 已处理001309 德明利 
2025-09-01 21:13:01,774 - INFO - 📈 已处理001311 多利科技 
2025-09-01 21:13:03,209 - INFO - 📈 已处理001313 粤海饲料 
2025-09-01 21:13:04,544 - INFO - 📈 已处理001314 亿道信息 
2025-09-01 21:13:05,907 - INFO - 📈 已处理001316 润贝航科 
2025-09-01 21:13:07,344 - INFO - 📈 已处理001317 三羊马 
2025-09-01 21:13:08,746 - INFO - 📈 已处理001318 阳光乳业 
2025-09-01 21:13:10,185 - INFO - 📈 已处理001319 铭科精技 
2025-09-01 21:13:10,185 - INFO - 📈 已处理 450/5624 只股票，成功 449 只
2025-09-01 21:13:11,547 - INFO - 📈 已处理001322 箭牌家居 
2025-09-01 21:13:12,939 - INFO - 📈 已处理001323 慕思股份 
2025-09-01 21:13:14,242 - INFO - 📈 已处理001324 长青科技 
2025-09-01 21:13:15,547 - INFO - 📈 已处理001326 联域股份 
2025-09-01 21:13:16,896 - INFO - 📈 已处理001328 登康口腔 
2025-09-01 21:13:18,306 - INFO - 📈 已处理001330 博纳影业 
2025-09-01 21:13:19,674 - INFO - 📈 已处理001331 胜通能源 
2025-09-01 21:13:21,570 - INFO - 📈 已处理001332 锡装股份 
2025-09-01 21:13:22,975 - INFO - 📈 已处理001333 光华股份 
2025-09-01 21:13:24,165 - INFO - 📈 已处理001335 信凯科技 
2025-09-01 21:13:25,577 - INFO - 📈 已处理001336 楚环科技 
2025-09-01 21:13:26,965 - INFO - 📈 已处理001337 四川黄金 
2025-09-01 21:13:28,341 - INFO - 📈 已处理001338 永顺泰 
2025-09-01 21:13:29,731 - INFO - 📈 已处理001339 智微智能 
2025-09-01 21:13:30,924 - INFO - 📈 已处理001356 富岭股份 
2025-09-01 21:13:32,205 - INFO - 📈 已处理001358 兴欣新材 
2025-09-01 21:13:33,464 - INFO - 📈 已处理001359 平安电工 
2025-09-01 21:13:34,806 - INFO - 📈 已处理001360 南矿集团 
2025-09-01 21:13:36,138 - INFO - 📈 已处理001366 播恩集团 
2025-09-01 21:13:37,451 - INFO - 📈 已处理001367 海森药业 
2025-09-01 21:13:38,780 - INFO - 📈 已处理001368 通达创智 
2025-09-01 21:13:40,257 - INFO - 📈 已处理001373 翔腾新材 
2025-09-01 21:13:41,585 - INFO - 📈 已处理001376 百通能源 
2025-09-01 21:13:42,865 - INFO - 📈 已处理001378 德冠新材 
2025-09-01 21:13:44,138 - INFO - 📈 已处理001379 腾达科技 
2025-09-01 21:13:45,429 - INFO - 📈 已处理001380 华纬科技 
2025-09-01 21:13:46,603 - INFO - 📈 已处理001382 新亚电缆 
2025-09-01 21:13:47,859 - INFO - 📈 已处理001387 雪祺电气 
2025-09-01 21:13:49,002 - INFO - 📈 已处理001388 信通电子 
2025-09-01 21:13:50,318 - INFO - 📈 已处理001389 广合科技 
2025-09-01 21:13:51,475 - INFO - 📈 已处理001390 古麒绒材 
2025-09-01 21:13:52,663 - INFO - 📈 已处理001391 国货航 
2025-09-01 21:13:53,850 - INFO - 📈 已处理001395 亚联机械 
2025-09-01 21:13:55,007 - INFO - 📈 已处理001400 江顺科技 
2025-09-01 21:13:57,977 - INFO - 📈 已处理001696 宗申动力 
2025-09-01 21:14:01,451 - INFO - 📈 已处理001872 招商港口 
2025-09-01 21:14:04,268 - INFO - 📈 已处理001896 豫能控股 
2025-09-01 21:14:07,547 - INFO - 📈 已处理001914 招商积余 
2025-09-01 21:14:09,342 - INFO - 📈 已处理001965 招商公路 
2025-09-01 21:14:11,174 - INFO - 📈 已处理001979 招商蛇口 
2025-09-01 21:14:13,862 - INFO - 📈 已处理002001 新和成 
2025-09-01 21:14:16,349 - INFO - 📈 已处理002002 ST鸿达 
2025-09-01 21:14:19,110 - INFO - 📈 已处理002003 伟星股份 
2025-09-01 21:14:21,777 - INFO - 📈 已处理002004 华邦健康 
2025-09-01 21:14:24,234 - INFO - 📈 已处理002005 ST德豪 
2025-09-01 21:14:26,689 - INFO - 📈 已处理002006 精工科技 
2025-09-01 21:14:29,389 - INFO - 📈 已处理002007 华兰生物 
2025-09-01 21:14:31,952 - INFO - 📈 已处理002008 大族激光 
2025-09-01 21:14:34,539 - INFO - 📈 已处理002009 天奇股份 
2025-09-01 21:14:37,142 - INFO - 📈 已处理002010 传化智联 
2025-09-01 21:14:37,142 - INFO - 📈 已处理 500/5624 只股票，成功 499 只
2025-09-01 21:14:39,659 - INFO - 📈 已处理002011 盾安环境 
2025-09-01 21:14:42,224 - INFO - 📈 已处理002012 凯恩股份 
2025-09-01 21:14:44,538 - INFO - 📈 已处理002013 中航机电 
2025-09-01 21:14:47,006 - INFO - 📈 已处理002014 永新股份 
2025-09-01 21:14:49,337 - INFO - 📈 已处理002015 协鑫能科 
2025-09-01 21:14:51,795 - INFO - 📈 已处理002016 世荣兆业 
2025-09-01 21:14:54,307 - INFO - 📈 已处理002017 东信和平 
2025-09-01 21:14:56,352 - INFO - 📈 已处理002018 华信退 
2025-09-01 21:14:59,023 - INFO - 📈 已处理002019 亿帆医药 
2025-09-01 21:15:01,737 - INFO - 📈 已处理002020 京新药业 
2025-09-01 21:15:04,306 - INFO - 📈 已处理002021 中捷资源 
2025-09-01 21:15:06,894 - INFO - 📈 已处理002022 科华生物 
2025-09-01 21:15:09,382 - INFO - 📈 已处理002023 海特高新 
2025-09-01 21:15:11,829 - INFO - 📈 已处理002024 ST易购 
2025-09-01 21:15:14,338 - INFO - 📈 已处理002025 航天电器 
2025-09-01 21:15:16,870 - INFO - 📈 已处理002026 山东威达 
2025-09-01 21:15:19,411 - INFO - 📈 已处理002027 分众传媒 
2025-09-01 21:15:22,043 - INFO - 📈 已处理002028 思源电气 
2025-09-01 21:15:24,753 - INFO - 📈 已处理002029 七匹狼 
2025-09-01 21:15:27,265 - INFO - 📈 已处理002030 达安基因 
2025-09-01 21:15:29,766 - INFO - 📈 已处理002031 巨轮智能 
2025-09-01 21:15:32,239 - INFO - 📈 已处理002032 苏泊尔 
2025-09-01 21:15:34,886 - INFO - 📈 已处理002033 丽江股份 
2025-09-01 21:15:37,483 - INFO - 📈 已处理002034 旺能环境 
2025-09-01 21:15:39,895 - INFO - 📈 已处理002035 华帝股份 
2025-09-01 21:15:42,505 - INFO - 📈 已处理002036 联创电子 
2025-09-01 21:15:45,002 - INFO - 📈 已处理002037 保利联合 
2025-09-01 21:15:47,711 - INFO - 📈 已处理002038 双鹭药业 
2025-09-01 21:15:50,257 - INFO - 📈 已处理002039 黔源电力 
2025-09-01 21:15:52,826 - INFO - 📈 已处理002040 南京港 
2025-09-01 21:15:55,350 - INFO - 📈 已处理002041 登海种业 
2025-09-01 21:15:57,782 - INFO - 📈 已处理002042 华孚时尚 
2025-09-01 21:16:00,286 - INFO - 📈 已处理002043 兔宝宝 
2025-09-01 21:16:02,788 - INFO - 📈 已处理002044 美年健康 
2025-09-01 21:16:05,393 - INFO - 📈 已处理002045 国光电器 
2025-09-01 21:16:07,848 - INFO - 📈 已处理002046 国机精工 
2025-09-01 21:16:10,303 - INFO - 📈 已处理002047 *ST宝鹰 
2025-09-01 21:16:12,756 - INFO - 📈 已处理002048 宁波华翔 
2025-09-01 21:16:15,256 - INFO - 📈 已处理002049 紫光国微 
2025-09-01 21:16:17,820 - INFO - 📈 已处理002050 三花智控 
2025-09-01 21:16:20,255 - INFO - 📈 已处理002051 中工国际 
2025-09-01 21:16:22,715 - INFO - 📈 已处理002052 同洲电子 
2025-09-01 21:16:25,142 - INFO - 📈 已处理002053 云南能投 
2025-09-01 21:16:27,754 - INFO - 📈 已处理002054 德美化工 
2025-09-01 21:16:30,072 - INFO - 📈 已处理002055 得润电子 
2025-09-01 21:16:32,459 - INFO - 📈 已处理002056 横店东磁 
2025-09-01 21:16:34,857 - INFO - 📈 已处理002057 中钢天源 
2025-09-01 21:16:37,321 - INFO - 📈 已处理002058 *ST威尔 
2025-09-01 21:16:39,701 - INFO - 📈 已处理002059 云南旅游 
2025-09-01 21:16:42,163 - INFO - 📈 已处理002060 广东建工 
2025-09-01 21:16:42,163 - INFO - 📈 已处理 550/5624 只股票，成功 549 只
2025-09-01 21:16:44,515 - INFO - 📈 已处理002061 浙江交科 
2025-09-01 21:16:46,903 - INFO - 📈 已处理002062 宏润建设 
2025-09-01 21:16:49,342 - INFO - 📈 已处理002063 远光软件 
2025-09-01 21:16:51,831 - INFO - 📈 已处理002064 华峰化学 
2025-09-01 21:16:54,177 - INFO - 📈 已处理002065 东华软件 
2025-09-01 21:16:56,491 - INFO - 📈 已处理002066 瑞泰科技 
2025-09-01 21:16:58,838 - INFO - 📈 已处理002067 景兴纸业 
2025-09-01 21:17:01,318 - INFO - 📈 已处理002068 黑猫股份 
2025-09-01 21:17:03,808 - INFO - 📈 已处理002069 獐子岛 
2025-09-01 21:17:05,594 - INFO - 📈 已处理002070 众和退 
2025-09-01 21:17:07,650 - INFO - 📈 已处理002071 长城退 
2025-09-01 21:17:10,003 - INFO - 📈 已处理002072 凯瑞德 
2025-09-01 21:17:12,395 - INFO - 📈 已处理002073 软控股份 
2025-09-01 21:17:14,715 - INFO - 📈 已处理002074 国轩高科 
2025-09-01 21:17:16,852 - INFO - 📈 已处理002075 沙钢股份 
2025-09-01 21:17:19,590 - INFO - 📈 已处理002076 *ST星光 
2025-09-01 21:17:21,998 - INFO - 📈 已处理002077 大港股份 
2025-09-01 21:17:24,503 - INFO - 📈 已处理002078 太阳纸业 
2025-09-01 21:17:26,923 - INFO - 📈 已处理002079 苏州固锝 
2025-09-01 21:17:29,389 - INFO - 📈 已处理002080 中材科技 
2025-09-01 21:17:31,919 - INFO - 📈 已处理002081 金螳螂 
2025-09-01 21:17:34,247 - INFO - 📈 已处理002082 万邦德 
2025-09-01 21:17:36,567 - INFO - 📈 已处理002083 孚日股份 
2025-09-01 21:17:38,888 - INFO - 📈 已处理002084 海鸥住工 
2025-09-01 21:17:41,209 - INFO - 📈 已处理002085 万丰奥威 
2025-09-01 21:17:43,529 - INFO - 📈 已处理002086 东方海洋 
2025-09-01 21:17:45,771 - INFO - 📈 已处理002087 新纺退 
2025-09-01 21:17:48,077 - INFO - 📈 已处理002088 鲁阳节能 
2025-09-01 21:17:50,194 - INFO - 📈 已处理002089 新海退 
2025-09-01 21:17:52,498 - INFO - 📈 已处理002090 金智科技 
2025-09-01 21:17:54,787 - INFO - 📈 已处理002091 江苏国泰 
2025-09-01 21:17:57,094 - INFO - 📈 已处理002092 中泰化学 
2025-09-01 21:17:59,444 - INFO - 📈 已处理002093 国脉科技 
2025-09-01 21:18:01,751 - INFO - 📈 已处理002094 青岛金王 
2025-09-01 21:18:04,117 - INFO - 📈 已处理002095 生意宝 
2025-09-01 21:18:06,437 - INFO - 📈 已处理002096 易普力 
2025-09-01 21:18:08,712 - INFO - 📈 已处理002097 山河智能 
2025-09-01 21:18:10,985 - INFO - 📈 已处理002098 浔兴股份 
2025-09-01 21:18:13,259 - INFO - 📈 已处理002099 海翔药业 
2025-09-01 21:18:15,549 - INFO - 📈 已处理002100 天康生物 
2025-09-01 21:18:17,838 - INFO - 📈 已处理002101 广东鸿图 
2025-09-01 21:18:20,032 - INFO - 📈 已处理002102 能特科技 
2025-09-01 21:18:22,290 - INFO - 📈 已处理002103 广博股份 
2025-09-01 21:18:24,658 - INFO - 📈 已处理002104 恒宝股份 
2025-09-01 21:18:26,962 - INFO - 📈 已处理002105 信隆健康 
2025-09-01 21:18:29,274 - INFO - 📈 已处理002106 莱宝高科 
2025-09-01 21:18:31,591 - INFO - 📈 已处理002107 沃华医药 
2025-09-01 21:18:33,894 - INFO - 📈 已处理002108 沧州明珠 
2025-09-01 21:18:36,193 - INFO - 📈 已处理002109 兴化股份 
2025-09-01 21:18:38,441 - INFO - 📈 已处理002110 三钢闽光 
2025-09-01 21:18:38,441 - INFO - 📈 已处理 600/5624 只股票，成功 599 只
2025-09-01 21:18:40,746 - INFO - 📈 已处理002111 威海广泰 
2025-09-01 21:18:43,003 - INFO - 📈 已处理002112 三变科技 
2025-09-01 21:18:45,026 - INFO - 📈 已处理002113 *ST天润 
2025-09-01 21:18:47,320 - INFO - 📈 已处理002114 罗平锌电 
2025-09-01 21:18:49,606 - INFO - 📈 已处理002115 三维通信 
2025-09-01 21:18:51,894 - INFO - 📈 已处理002116 中国海诚 
2025-09-01 21:18:54,529 - INFO - 📈 已处理002117 东港股份 
2025-09-01 21:18:56,676 - INFO - 📈 已处理002118 *ST紫鑫 
2025-09-01 21:18:58,960 - INFO - 📈 已处理002119 康强电子 
2025-09-01 21:19:01,241 - INFO - 📈 已处理002120 韵达股份 
2025-09-01 21:19:03,498 - INFO - 📈 已处理002121 科陆电子 
2025-09-01 21:19:05,771 - INFO - 📈 已处理002122 汇洲智能 
2025-09-01 21:19:08,108 - INFO - 📈 已处理002123 梦网科技 
2025-09-01 21:19:10,413 - INFO - 📈 已处理002124 天邦食品 
2025-09-01 21:19:12,702 - INFO - 📈 已处理002125 湘潭电化 
2025-09-01 21:19:15,007 - INFO - 📈 已处理002126 银轮股份 
2025-09-01 21:19:17,250 - INFO - 📈 已处理002127 南极电商 
2025-09-01 21:19:19,523 - INFO - 📈 已处理002128 电投能源 
2025-09-01 21:19:21,702 - INFO - 📈 已处理002129 TCL中环 
2025-09-01 21:19:23,992 - INFO - 📈 已处理002130 沃尔核材 
2025-09-01 21:19:26,187 - INFO - 📈 已处理002131 利欧股份 
2025-09-01 21:19:28,460 - INFO - 📈 已处理002132 恒星科技 
2025-09-01 21:19:30,760 - INFO - 📈 已处理002133 广宇集团 
2025-09-01 21:19:33,667 - INFO - 📈 已处理002134 天津普林 
2025-09-01 21:19:35,971 - INFO - 📈 已处理002135 东南网架 
2025-09-01 21:19:38,278 - INFO - 📈 已处理002136 安纳达 
2025-09-01 21:19:40,503 - INFO - 📈 已处理002137 实益达 
2025-09-01 21:19:42,823 - INFO - 📈 已处理002138 顺络电子 
2025-09-01 21:19:45,145 - INFO - 📈 已处理002139 拓邦股份 
2025-09-01 21:19:47,418 - INFO - 📈 已处理002140 东华科技 
2025-09-01 21:19:49,691 - INFO - 📈 已处理002141 贤丰控股 
2025-09-01 21:19:51,968 - INFO - 📈 已处理002142 宁波银行 
2025-09-01 21:19:53,769 - INFO - 📈 已处理002143 印纪退 
2025-09-01 21:19:55,995 - INFO - 📈 已处理002144 宏达高科 
2025-09-01 21:19:58,189 - INFO - 📈 已处理002145 中核钛白 
2025-09-01 21:20:00,464 - INFO - 📈 已处理002146 荣盛发展 
2025-09-01 21:20:02,408 - INFO - 📈 已处理002147 新光退 
2025-09-01 21:20:04,667 - INFO - 📈 已处理002148 北纬科技 
2025-09-01 21:20:06,940 - INFO - 📈 已处理002149 西部材料 
2025-09-01 21:20:09,213 - INFO - 📈 已处理002150 通润装备 
2025-09-01 21:20:11,470 - INFO - 📈 已处理002151 北斗星通 
2025-09-01 21:20:13,706 - INFO - 📈 已处理002152 广电运通 
2025-09-01 21:20:15,971 - INFO - 📈 已处理002153 石基信息 
2025-09-01 21:20:18,230 - INFO - 📈 已处理002154 报喜鸟 
2025-09-01 21:20:20,518 - INFO - 📈 已处理002155 湖南黄金 
2025-09-01 21:20:22,793 - INFO - 📈 已处理002156 通富微电 
2025-09-01 21:20:25,003 - INFO - 📈 已处理002157 正邦科技 
2025-09-01 21:20:27,261 - INFO - 📈 已处理002158 汉钟精机 
2025-09-01 21:20:29,487 - INFO - 📈 已处理002159 三特索道 
2025-09-01 21:20:31,699 - INFO - 📈 已处理002160 常铝股份 
2025-09-01 21:20:31,699 - INFO - 📈 已处理 650/5624 只股票，成功 649 只
2025-09-01 21:20:33,973 - INFO - 📈 已处理002161 远望谷 
2025-09-01 21:20:36,182 - INFO - 📈 已处理002162 悦心健康 
2025-09-01 21:20:38,519 - INFO - 📈 已处理002163 海南发展 
2025-09-01 21:20:40,762 - INFO - 📈 已处理002164 宁波东力 
2025-09-01 21:20:42,988 - INFO - 📈 已处理002165 红宝丽 
2025-09-01 21:20:45,215 - INFO - 📈 已处理002166 莱茵生物 
2025-09-01 21:20:47,441 - INFO - 📈 已处理002167 东方锆业 
2025-09-01 21:20:49,636 - INFO - 📈 已处理002168 *ST惠程 
2025-09-01 21:20:51,871 - INFO - 📈 已处理002169 智光电气 
2025-09-01 21:20:54,122 - INFO - 📈 已处理002170 芭田股份 
2025-09-01 21:20:56,332 - INFO - 📈 已处理002171 楚江新材 
2025-09-01 21:20:58,590 - INFO - 📈 已处理002172 澳洋健康 
2025-09-01 21:21:00,997 - INFO - 📈 已处理002173 创新医疗 
2025-09-01 21:21:03,337 - INFO - 📈 已处理002174 游族网络 
2025-09-01 21:21:05,702 - INFO - 📈 已处理002175 东方智造 
2025-09-01 21:21:08,153 - INFO - 📈 已处理002176 江特电机 
2025-09-01 21:21:10,439 - INFO - 📈 已处理002177 御银股份 
2025-09-01 21:21:12,814 - INFO - 📈 已处理002178 延华智能 
2025-09-01 21:21:15,119 - INFO - 📈 已处理002179 中航光电 
2025-09-01 21:21:17,383 - INFO - 📈 已处理002180 纳思达 
2025-09-01 21:21:19,629 - INFO - 📈 已处理002181 粤传媒 
2025-09-01 21:21:22,006 - INFO - 📈 已处理002182 宝武镁业 
2025-09-01 21:21:24,188 - INFO - 📈 已处理002183 怡亚通 
2025-09-01 21:21:26,483 - INFO - 📈 已处理002184 海得控制 
2025-09-01 21:21:28,840 - INFO - 📈 已处理002185 华天科技 
2025-09-01 21:21:31,249 - INFO - 📈 已处理002186 全聚德 
2025-09-01 21:21:33,593 - INFO - 📈 已处理002187 广百股份 
2025-09-01 21:21:35,892 - INFO - 📈 已处理002188 中天服务 
2025-09-01 21:21:38,212 - INFO - 📈 已处理002189 中光学 
2025-09-01 21:21:40,478 - INFO - 📈 已处理002190 成飞集成 
2025-09-01 21:21:42,784 - INFO - 📈 已处理002191 劲嘉股份 
2025-09-01 21:21:45,045 - INFO - 📈 已处理002192 融捷股份 
2025-09-01 21:21:47,306 - INFO - 📈 已处理002193 如意集团 
2025-09-01 21:21:49,622 - INFO - 📈 已处理002194 武汉凡谷 
2025-09-01 21:21:51,876 - INFO - 📈 已处理002195 岩山科技 
2025-09-01 21:21:54,102 - INFO - 📈 已处理002196 方正电机 
2025-09-01 21:21:56,337 - INFO - 📈 已处理002197 ST证通 
2025-09-01 21:21:58,541 - INFO - 📈 已处理002198 嘉应制药 
2025-09-01 21:22:00,720 - INFO - 📈 已处理002199 *ST东晶 
2025-09-01 21:22:02,930 - INFO - 📈 已处理002200 *ST交投 
2025-09-01 21:22:05,156 - INFO - 📈 已处理002201 九鼎新材 
2025-09-01 21:22:07,478 - INFO - 📈 已处理002202 金风科技 
2025-09-01 21:22:09,721 - INFO - 📈 已处理002203 海亮股份 
2025-09-01 21:22:12,009 - INFO - 📈 已处理002204 大连重工 
2025-09-01 21:22:14,220 - INFO - 📈 已处理002205 国统股份 
2025-09-01 21:22:16,486 - INFO - 📈 已处理002206 海利得 
2025-09-01 21:22:18,658 - INFO - 📈 已处理002207 准油股份 
2025-09-01 21:22:20,885 - INFO - 📈 已处理002208 合肥城建 
2025-09-01 21:22:23,080 - INFO - 📈 已处理002209 达意隆 
2025-09-01 21:22:25,321 - INFO - 📈 已处理002210 飞马国际 
2025-09-01 21:22:25,321 - INFO - 📈 已处理 700/5624 只股票，成功 699 只
2025-09-01 21:22:27,422 - INFO - 📈 已处理002211 ST宏达 
2025-09-01 21:22:29,603 - INFO - 📈 已处理002212 天融信 
2025-09-01 21:22:31,848 - INFO - 📈 已处理002213 大为股份 
2025-09-01 21:22:34,119 - INFO - 📈 已处理002214 *ST大立 
2025-09-01 21:22:36,408 - INFO - 📈 已处理002215 诺普信 
2025-09-01 21:22:38,634 - INFO - 📈 已处理002216 三全食品 
2025-09-01 21:22:41,011 - INFO - 📈 已处理002217 合力泰 
2025-09-01 21:22:43,346 - INFO - 📈 已处理002218 拓日新能 
2025-09-01 21:22:45,710 - INFO - 📈 已处理002219 新里程 
2025-09-01 21:22:47,625 - INFO - 📈 已处理002220 天宝退 
2025-09-01 21:22:49,902 - INFO - 📈 已处理002221 东华能源 
2025-09-01 21:22:52,175 - INFO - 📈 已处理002222 福晶科技 
2025-09-01 21:22:54,447 - INFO - 📈 已处理002223 鱼跃医疗 
2025-09-01 21:22:56,659 - INFO - 📈 已处理002224 三力士 
2025-09-01 21:22:58,870 - INFO - 📈 已处理002225 濮耐股份 
2025-09-01 21:23:01,049 - INFO - 📈 已处理002226 江南化工 
2025-09-01 21:23:03,292 - INFO - 📈 已处理002227 奥特迅 
2025-09-01 21:23:05,502 - INFO - 📈 已处理002228 合兴包装 
2025-09-01 21:23:07,760 - INFO - 📈 已处理002229 鸿博股份 
2025-09-01 21:23:09,971 - INFO - 📈 已处理002230 科大讯飞 
2025-09-01 21:23:12,135 - INFO - 📈 已处理002231 *ST奥维 
2025-09-01 21:23:14,361 - INFO - 📈 已处理002232 启明信息 
2025-09-01 21:23:16,557 - INFO - 📈 已处理002233 塔牌集团 
2025-09-01 21:23:18,751 - INFO - 📈 已处理002234 民和股份 
2025-09-01 21:23:20,965 - INFO - 📈 已处理002235 安妮股份 
2025-09-01 21:23:23,314 - INFO - 📈 已处理002236 大华股份 
2025-09-01 21:23:25,798 - INFO - 📈 已处理002237 恒邦股份 
2025-09-01 21:23:28,038 - INFO - 📈 已处理002238 天威视讯 
2025-09-01 21:23:30,221 - INFO - 📈 已处理002239 奥特佳 
2025-09-01 21:23:32,378 - INFO - 📈 已处理002240 盛新锂能 
2025-09-01 21:23:34,735 - INFO - 📈 已处理002241 歌尔股份 
2025-09-01 21:23:37,055 - INFO - 📈 已处理002242 九阳股份 
2025-09-01 21:23:39,282 - INFO - 📈 已处理002243 力合科创 
2025-09-01 21:23:41,512 - INFO - 📈 已处理002244 滨江集团 
2025-09-01 21:23:43,812 - INFO - 📈 已处理002245 蔚蓝锂芯 
2025-09-01 21:23:46,003 - INFO - 📈 已处理002246 北化股份 
2025-09-01 21:23:48,244 - INFO - 📈 已处理002247 聚力文化 
2025-09-01 21:23:50,481 - INFO - 📈 已处理002248 华东数控 
2025-09-01 21:23:52,690 - INFO - 📈 已处理002249 大洋电机 
2025-09-01 21:23:54,902 - INFO - 📈 已处理002250 联化科技 
2025-09-01 21:23:57,112 - INFO - 📈 已处理002251 步步高 
2025-09-01 21:23:59,197 - INFO - 📈 已处理002252 上海莱士 
2025-09-01 21:24:01,439 - INFO - 📈 已处理002253 *ST智胜 
2025-09-01 21:24:03,587 - INFO - 📈 已处理002254 泰和新材 
2025-09-01 21:24:05,797 - INFO - 📈 已处理002255 海陆重工 
2025-09-01 21:24:07,993 - INFO - 📈 已处理002256 兆新股份 
2025-09-01 21:24:10,205 - INFO - 📈 已处理002258 利尔化学 
2025-09-01 21:24:12,416 - INFO - 📈 已处理002259 升达林业 
2025-09-01 21:24:14,141 - INFO - 📈 已处理002260 德奥退 
2025-09-01 21:24:16,303 - INFO - 📈 已处理002261 拓维信息 
2025-09-01 21:24:16,303 - INFO - 📈 已处理 750/5624 只股票，成功 749 只
2025-09-01 21:24:18,619 - INFO - 📈 已处理002262 恩华药业 
2025-09-01 21:24:20,778 - INFO - 📈 已处理002263 大东南 
2025-09-01 21:24:22,922 - INFO - 📈 已处理002264 新华都 
2025-09-01 21:24:25,101 - INFO - 📈 已处理002265 建设工业 
2025-09-01 21:24:27,296 - INFO - 📈 已处理002266 浙富控股 
2025-09-01 21:24:29,507 - INFO - 📈 已处理002267 陕天然气 
2025-09-01 21:24:31,671 - INFO - 📈 已处理002268 电科网安 
2025-09-01 21:24:33,865 - INFO - 📈 已处理002269 美邦服饰 
2025-09-01 21:24:36,114 - INFO - 📈 已处理002270 华明装备 
2025-09-01 21:24:38,335 - INFO - 📈 已处理002271 东方雨虹 
2025-09-01 21:24:40,514 - INFO - 📈 已处理002272 川润股份 
2025-09-01 21:24:42,693 - INFO - 📈 已处理002273 水晶光电 
2025-09-01 21:24:44,873 - INFO - 📈 已处理002274 华昌化工 
2025-09-01 21:24:47,006 - INFO - 📈 已处理002275 桂林三金 
2025-09-01 21:24:49,122 - INFO - 📈 已处理002276 万马股份 
2025-09-01 21:24:51,239 - INFO - 📈 已处理002277 友阿股份 
2025-09-01 21:24:53,355 - INFO - 📈 已处理002278 神开股份 
2025-09-01 21:24:55,457 - INFO - 📈 已处理002279 久其软件 
2025-09-01 21:24:57,433 - INFO - 📈 已处理002280 ST联络 
2025-09-01 21:24:59,534 - INFO - 📈 已处理002281 光迅科技 
2025-09-01 21:25:01,699 - INFO - 📈 已处理002282 博深股份 
2025-09-01 21:25:03,814 - INFO - 📈 已处理002283 天润工业 
2025-09-01 21:25:05,932 - INFO - 📈 已处理002284 亚太股份 
2025-09-01 21:25:08,018 - INFO - 📈 已处理002285 世联行 
2025-09-01 21:25:10,150 - INFO - 📈 已处理002286 保龄宝 
2025-09-01 21:25:12,329 - INFO - 📈 已处理002287 奇正藏药 
2025-09-01 21:25:14,321 - INFO - 📈 已处理002288 *ST超华 
2025-09-01 21:25:16,342 - INFO - 📈 已处理002289 *ST宇顺 
2025-09-01 21:25:18,396 - INFO - 📈 已处理002290 禾盛新材 
2025-09-01 21:25:20,634 - INFO - 📈 已处理002291 遥望科技 
2025-09-01 21:25:22,757 - INFO - 📈 已处理002292 奥飞娱乐 
2025-09-01 21:25:24,920 - INFO - 📈 已处理002293 罗莱生活 
2025-09-01 21:25:27,085 - INFO - 📈 已处理002294 信立泰 
2025-09-01 21:25:29,186 - INFO - 📈 已处理002295 精艺股份 
2025-09-01 21:25:31,271 - INFO - 📈 已处理002296 辉煌科技 
2025-09-01 21:25:33,292 - INFO - 📈 已处理002297 博云新材 
2025-09-01 21:25:35,363 - INFO - 📈 已处理002298 中电鑫龙 
2025-09-01 21:25:37,464 - INFO - 📈 已处理002299 圣农发展 
2025-09-01 21:25:39,565 - INFO - 📈 已处理002300 太阳电缆 
2025-09-01 21:25:41,603 - INFO - 📈 已处理002301 齐心集团 
2025-09-01 21:25:43,704 - INFO - 📈 已处理002302 西部建设 
2025-09-01 21:25:45,759 - INFO - 📈 已处理002303 美盈森 
2025-09-01 21:25:47,893 - INFO - 📈 已处理002304 洋河股份 
2025-09-01 21:25:49,961 - INFO - 📈 已处理002305 *ST南置 
2025-09-01 21:25:51,937 - INFO - 📈 已处理002306 *ST云网 
2025-09-01 21:25:54,071 - INFO - 📈 已处理002307 北新路桥 
2025-09-01 21:25:56,060 - INFO - 📈 已处理002308 *ST威创 
2025-09-01 21:25:58,177 - INFO - 📈 已处理002309 中利集团 
2025-09-01 21:26:00,262 - INFO - 📈 已处理002310 东方园林 
2025-09-01 21:26:02,410 - INFO - 📈 已处理002311 海大集团 
2025-09-01 21:26:02,410 - INFO - 📈 已处理 800/5624 只股票，成功 799 只
2025-09-01 21:26:04,418 - INFO - 📈 已处理002312 川发龙蟒 
2025-09-01 21:26:06,519 - INFO - 📈 已处理002313 日海智能 
2025-09-01 21:26:08,589 - INFO - 📈 已处理002314 南山控股 
2025-09-01 21:26:10,721 - INFO - 📈 已处理002315 焦点科技 
2025-09-01 21:26:12,714 - INFO - 📈 已处理002316 亚联发展 
2025-09-01 21:26:14,799 - INFO - 📈 已处理002317 众生药业 
2025-09-01 21:26:16,932 - INFO - 📈 已处理002318 久立特材 
2025-09-01 21:26:19,017 - INFO - 📈 已处理002319 乐通股份 
2025-09-01 21:26:21,118 - INFO - 📈 已处理002320 海峡股份 
2025-09-01 21:26:23,281 - INFO - 📈 已处理002321 华英农业 
2025-09-01 21:26:25,446 - INFO - 📈 已处理002322 理工能科 
2025-09-01 21:26:27,422 - INFO - 📈 已处理002323 雅博股份 
2025-09-01 21:26:29,533 - INFO - 📈 已处理002324 普利特 
2025-09-01 21:26:31,529 - INFO - 📈 已处理002325 *ST洪涛 
2025-09-01 21:26:33,599 - INFO - 📈 已处理002326 永太科技 
2025-09-01 21:26:35,794 - INFO - 📈 已处理002327 富安娜 
2025-09-01 21:26:37,895 - INFO - 📈 已处理002328 新朋股份 
2025-09-01 21:26:39,933 - INFO - 📈 已处理002329 皇氏集团 
2025-09-01 21:26:42,012 - INFO - 📈 已处理002330 得利斯 
2025-09-01 21:26:44,011 - INFO - 📈 已处理002331 皖通科技 
2025-09-01 21:26:46,096 - INFO - 📈 已处理002332 仙琚制药 
2025-09-01 21:26:48,318 - INFO - 📈 已处理002333 罗普斯金 
2025-09-01 21:26:50,564 - INFO - 📈 已处理002334 英威腾 
2025-09-01 21:26:52,749 - INFO - 📈 已处理002335 科华数据 
2025-09-01 21:26:54,869 - INFO - 📈 已处理002336 人乐退 
2025-09-01 21:26:57,010 - INFO - 📈 已处理002337 赛象科技 
2025-09-01 21:26:59,102 - INFO - 📈 已处理002338 奥普光电 
2025-09-01 21:27:01,293 - INFO - 📈 已处理002339 积成电子 
2025-09-01 21:27:03,490 - INFO - 📈 已处理002340 格林美 
2025-09-01 21:27:05,586 - INFO - 📈 已处理002341 ST新纶 
2025-09-01 21:27:07,769 - INFO - 📈 已处理002342 巨力索具 
2025-09-01 21:27:09,898 - INFO - 📈 已处理002343 慈文传媒 
2025-09-01 21:27:12,085 - INFO - 📈 已处理002344 海宁皮城 
2025-09-01 21:27:14,203 - INFO - 📈 已处理002345 潮宏基 
2025-09-01 21:27:16,306 - INFO - 📈 已处理002346 柘中股份 
2025-09-01 21:27:18,458 - INFO - 📈 已处理002347 泰尔股份 
2025-09-01 21:27:20,962 - INFO - 📈 已处理002348 高乐股份 
2025-09-01 21:27:23,071 - INFO - 📈 已处理002349 精华制药 
2025-09-01 21:27:25,225 - INFO - 📈 已处理002350 北京科锐 
2025-09-01 21:27:27,379 - INFO - 📈 已处理002351 漫步者 
2025-09-01 21:27:29,548 - INFO - 📈 已处理002352 顺丰控股 
2025-09-01 21:27:31,672 - INFO - 📈 已处理002353 杰瑞股份 
2025-09-01 21:27:33,773 - INFO - 📈 已处理002354 天娱数科 
2025-09-01 21:27:35,924 - INFO - 📈 已处理002355 兴民智通 
2025-09-01 21:27:38,022 - INFO - 📈 已处理002356 赫美集团 
2025-09-01 21:27:40,130 - INFO - 📈 已处理002357 富临运业 
2025-09-01 21:27:42,258 - INFO - 📈 已处理002358 森源电气 
2025-09-01 21:27:44,046 - INFO - 📈 已处理002359 北讯退 
2025-09-01 21:27:46,193 - INFO - 📈 已处理002360 同德化工 
2025-09-01 21:27:48,479 - INFO - 📈 已处理002361 神剑股份 
2025-09-01 21:27:48,479 - INFO - 📈 已处理 850/5624 只股票，成功 849 只
2025-09-01 21:27:50,736 - INFO - 📈 已处理002362 汉王科技 
2025-09-01 21:27:52,974 - INFO - 📈 已处理002363 隆基机械 
2025-09-01 21:27:55,150 - INFO - 📈 已处理002364 中恒电气 
2025-09-01 21:27:57,420 - INFO - 📈 已处理002365 永安药业 
2025-09-01 21:27:59,691 - INFO - 📈 已处理002366 融发核电 
2025-09-01 21:28:01,853 - INFO - 📈 已处理002367 康力电梯 
2025-09-01 21:28:04,079 - INFO - 📈 已处理002368 太极股份 
2025-09-01 21:28:06,217 - INFO - 📈 已处理002369 卓翼科技 
2025-09-01 21:28:08,369 - INFO - 📈 已处理002370 亚太药业 
2025-09-01 21:28:10,556 - INFO - 📈 已处理002371 北方华创 
2025-09-01 21:28:12,726 - INFO - 📈 已处理002372 伟星新材 
2025-09-01 21:28:14,820 - INFO - 📈 已处理002373 千方科技 
2025-09-01 21:28:16,954 - INFO - 📈 已处理002374 中锐股份 
2025-09-01 21:28:19,118 - INFO - 📈 已处理002375 亚厦股份 
2025-09-01 21:28:21,287 - INFO - 📈 已处理002376 新北洋 
2025-09-01 21:28:23,413 - INFO - 📈 已处理002377 国创高新 
2025-09-01 21:28:25,570 - INFO - 📈 已处理002378 章源钨业 
2025-09-01 21:28:27,626 - INFO - 📈 已处理002379 宏创控股 
2025-09-01 21:28:29,786 - INFO - 📈 已处理002380 科远智慧 
2025-09-01 21:28:31,959 - INFO - 📈 已处理002381 双箭股份 
2025-09-01 21:28:34,136 - INFO - 📈 已处理002382 蓝帆医疗 
2025-09-01 21:28:36,206 - INFO - 📈 已处理002383 合众思壮 
2025-09-01 21:28:38,326 - INFO - 📈 已处理002384 东山精密 
2025-09-01 21:28:40,736 - INFO - 📈 已处理002385 大北农 
2025-09-01 21:28:42,897 - INFO - 📈 已处理002386 天原股份 
2025-09-01 21:28:45,054 - INFO - 📈 已处理002387 维信诺 
2025-09-01 21:28:47,195 - INFO - 📈 已处理002388 ST新亚 
2025-09-01 21:28:49,294 - INFO - 📈 已处理002389 航天彩虹 
2025-09-01 21:28:51,402 - INFO - 📈 已处理002390 信邦制药 
2025-09-01 21:28:53,596 - INFO - 📈 已处理002391 长青股份 
2025-09-01 21:28:55,709 - INFO - 📈 已处理002392 北京利尔 
2025-09-01 21:28:57,877 - INFO - 📈 已处理002393 力生制药 
2025-09-01 21:29:00,024 - INFO - 📈 已处理002394 联发股份 
2025-09-01 21:29:02,170 - INFO - 📈 已处理002395 双象股份 
2025-09-01 21:29:04,285 - INFO - 📈 已处理002396 星网锐捷 
2025-09-01 21:29:06,452 - INFO - 📈 已处理002397 梦洁股份 
2025-09-01 21:29:08,586 - INFO - 📈 已处理002398 垒知集团 
2025-09-01 21:29:10,683 - INFO - 📈 已处理002399 海普瑞 
2025-09-01 21:29:12,805 - INFO - 📈 已处理002400 省广集团 
2025-09-01 21:29:14,997 - INFO - 📈 已处理002401 中远海科 
2025-09-01 21:29:17,155 - INFO - 📈 已处理002402 和而泰 
2025-09-01 21:29:19,337 - INFO - 📈 已处理002403 爱仕达 
2025-09-01 21:29:21,468 - INFO - 📈 已处理002404 嘉欣丝绸 
2025-09-01 21:29:23,605 - INFO - 📈 已处理002405 四维图新 
2025-09-01 21:29:25,734 - INFO - 📈 已处理002406 远东传动 
2025-09-01 21:29:27,865 - INFO - 📈 已处理002407 多氟多 
2025-09-01 21:29:29,973 - INFO - 📈 已处理002408 齐翔腾达 
2025-09-01 21:29:32,042 - INFO - 📈 已处理002409 雅克科技 
2025-09-01 21:29:34,185 - INFO - 📈 已处理002410 广联达 
2025-09-01 21:29:36,298 - INFO - 📈 已处理002411 必康退 
2025-09-01 21:29:36,298 - INFO - 📈 已处理 900/5624 只股票，成功 899 只
2025-09-01 21:29:38,435 - INFO - 📈 已处理002412 汉森制药 
2025-09-01 21:29:40,494 - INFO - 📈 已处理002413 雷科防务 
2025-09-01 21:29:42,623 - INFO - 📈 已处理002414 高德红外 
2025-09-01 21:29:44,766 - INFO - 📈 已处理002415 海康威视 
2025-09-01 21:29:46,884 - INFO - 📈 已处理002416 爱施德 
2025-09-01 21:29:48,864 - INFO - 📈 已处理002417 深南退 
2025-09-01 21:29:50,974 - INFO - 📈 已处理002418 康盛股份 
2025-09-01 21:29:53,201 - INFO - 📈 已处理002419 天虹股份 
2025-09-01 21:29:55,714 - INFO - 📈 已处理002420 毅昌科技 
2025-09-01 21:29:57,824 - INFO - 📈 已处理002421 达实智能 
2025-09-01 21:30:00,024 - INFO - 📈 已处理002422 科伦药业 
2025-09-01 21:30:02,145 - INFO - 📈 已处理002423 中粮资本 
2025-09-01 21:30:04,301 - INFO - 📈 已处理002424 贵州百灵 
2025-09-01 21:30:06,419 - INFO - 📈 已处理002425 ST凯文 
2025-09-01 21:30:08,484 - INFO - 📈 已处理002426 胜利精密 
2025-09-01 21:30:10,554 - INFO - 📈 已处理002427 尤夫股份 
2025-09-01 21:30:12,751 - INFO - 📈 已处理002428 云南锗业 
2025-09-01 21:30:14,904 - INFO - 📈 已处理002429 兆驰股份 
2025-09-01 21:30:17,075 - INFO - 📈 已处理002430 杭氧股份 
2025-09-01 21:30:19,189 - INFO - 📈 已处理002431 棕榈股份 
2025-09-01 21:30:21,444 - INFO - 📈 已处理002432 九安医疗 
2025-09-01 21:30:23,485 - INFO - 📈 已处理002433 太安退 
2025-09-01 21:30:25,594 - INFO - 📈 已处理002434 万里扬 
2025-09-01 21:30:27,620 - INFO - 📈 已处理002435 ST长康 
2025-09-01 21:30:29,750 - INFO - 📈 已处理002436 兴森科技 
2025-09-01 21:30:31,829 - INFO - 📈 已处理002437 誉衡药业 
2025-09-01 21:30:33,935 - INFO - 📈 已处理002438 江苏神通 
2025-09-01 21:30:36,040 - INFO - 📈 已处理002439 启明星辰 
2025-09-01 21:30:38,238 - INFO - 📈 已处理002440 闰土股份 
2025-09-01 21:30:40,492 - INFO - 📈 已处理002441 众业达 
2025-09-01 21:30:42,566 - INFO - 📈 已处理002442 龙星科技 
2025-09-01 21:30:44,677 - INFO - 📈 已处理002443 金洲管道 
2025-09-01 21:30:46,953 - INFO - 📈 已处理002444 巨星科技 
2025-09-01 21:30:49,085 - INFO - 📈 已处理002445 中南文化 
2025-09-01 21:30:51,234 - INFO - 📈 已处理002446 盛路通信 
2025-09-01 21:30:53,075 - INFO - 📈 已处理002447 晨鑫退 
2025-09-01 21:30:55,636 - INFO - 📈 已处理002448 中原内配 
2025-09-01 21:30:57,785 - INFO - 📈 已处理002449 国星光电 
2025-09-01 21:30:59,822 - INFO - 📈 已处理002450 康得退 
2025-09-01 21:31:01,933 - INFO - 📈 已处理002451 摩恩电气 
2025-09-01 21:31:04,042 - INFO - 📈 已处理002452 长高电新 
2025-09-01 21:31:06,304 - INFO - 📈 已处理002453 华软科技 
2025-09-01 21:31:08,421 - INFO - 📈 已处理002454 松芝股份 
2025-09-01 21:31:10,568 - INFO - 📈 已处理002455 百川股份 
2025-09-01 21:31:12,723 - INFO - 📈 已处理002456 欧菲光 
2025-09-01 21:31:14,863 - INFO - 📈 已处理002457 青龙管业 
2025-09-01 21:31:16,992 - INFO - 📈 已处理002458 益生股份 
2025-09-01 21:31:19,097 - INFO - 📈 已处理002459 晶澳科技 
2025-09-01 21:31:21,204 - INFO - 📈 已处理002460 赣锋锂业 
2025-09-01 21:31:23,318 - INFO - 📈 已处理002461 珠江啤酒 
2025-09-01 21:31:23,318 - INFO - 📈 已处理 950/5624 只股票，成功 949 只
2025-09-01 21:31:25,447 - INFO - 📈 已处理002462 嘉事堂 
2025-09-01 21:31:27,573 - INFO - 📈 已处理002463 沪电股份 
2025-09-01 21:31:29,361 - INFO - 📈 已处理002464 众应退 
2025-09-01 21:31:31,592 - INFO - 📈 已处理002465 海格通信 
2025-09-01 21:31:33,832 - INFO - 📈 已处理002466 天齐锂业 
2025-09-01 21:31:36,064 - INFO - 📈 已处理002467 二六三 
2025-09-01 21:31:38,240 - INFO - 📈 已处理002468 申通快递 
2025-09-01 21:31:40,333 - INFO - 📈 已处理002469 三维化学 
2025-09-01 21:31:42,452 - INFO - 📈 已处理002470 金正大 
2025-09-01 21:31:44,551 - INFO - 📈 已处理002471 中超控股 
2025-09-01 21:31:46,762 - INFO - 📈 已处理002472 双环传动 
2025-09-01 21:31:48,642 - INFO - 📈 已处理002473 圣莱退 
2025-09-01 21:31:50,780 - INFO - 📈 已处理002474 榕基软件 
2025-09-01 21:31:52,949 - INFO - 📈 已处理002475 立讯精密 
2025-09-01 21:31:55,083 - INFO - 📈 已处理002476 宝莫股份 
2025-09-01 21:31:56,822 - INFO - 📈 已处理002477 雏鹰退 
2025-09-01 21:31:58,941 - INFO - 📈 已处理002478 常宝股份 
2025-09-01 21:32:01,085 - INFO - 📈 已处理002479 富春环保 
2025-09-01 21:32:03,208 - INFO - 📈 已处理002480 新筑股份 
2025-09-01 21:32:05,340 - INFO - 📈 已处理002481 双塔食品 
2025-09-01 21:32:07,565 - INFO - 📈 已处理002482 广田集团 
2025-09-01 21:32:09,701 - INFO - 📈 已处理002483 润邦股份 
2025-09-01 21:32:11,839 - INFO - 📈 已处理002484 江海股份 
2025-09-01 21:32:13,937 - INFO - 📈 已处理002485 ST雪发 
2025-09-01 21:32:16,060 - INFO - 📈 已处理002486 嘉麟杰 
2025-09-01 21:32:18,195 - INFO - 📈 已处理002487 大金重工 
2025-09-01 21:32:20,331 - INFO - 📈 已处理002488 金固股份 
2025-09-01 21:32:22,481 - INFO - 📈 已处理002489 浙江永强 
2025-09-01 21:32:24,643 - INFO - 📈 已处理002490 山东墨龙 
2025-09-01 21:32:26,781 - INFO - 📈 已处理002491 通鼎互联 
2025-09-01 21:32:28,821 - INFO - 📈 已处理002492 恒基达鑫 
2025-09-01 21:32:30,948 - INFO - 📈 已处理002493 荣盛石化 
2025-09-01 21:32:33,078 - INFO - 📈 已处理002494 华斯股份 
2025-09-01 21:32:35,201 - INFO - 📈 已处理002495 佳隆股份 
2025-09-01 21:32:37,320 - INFO - 📈 已处理002496 *ST辉丰 
2025-09-01 21:32:39,470 - INFO - 📈 已处理002497 雅化集团 
2025-09-01 21:32:41,589 - INFO - 📈 已处理002498 汉缆股份 
2025-09-01 21:32:43,520 - INFO - 📈 已处理002499 科林退 
2025-09-01 21:32:45,648 - INFO - 📈 已处理002500 山西证券 
2025-09-01 21:32:47,789 - INFO - 📈 已处理002501 利源股份 
2025-09-01 21:32:49,760 - INFO - 📈 已处理002502 ST鼎龙 
2025-09-01 21:32:51,745 - INFO - 📈 已处理002503 *ST搜特 
2025-09-01 21:32:53,648 - INFO - 📈 已处理002504 *ST弘高 
2025-09-01 21:32:55,650 - INFO - 📈 已处理002505 鹏都农牧 
2025-09-01 21:32:57,690 - INFO - 📈 已处理002506 协鑫集成 
2025-09-01 21:32:59,800 - INFO - 📈 已处理002507 涪陵榨菜 
2025-09-01 21:33:01,929 - INFO - 📈 已处理002508 老板电器 
2025-09-01 21:33:03,613 - INFO - 📈 已处理002509 天茂退 
2025-09-01 21:33:05,719 - INFO - 📈 已处理002510 天汽模 
2025-09-01 21:33:07,879 - INFO - 📈 已处理002511 中顺洁柔 
2025-09-01 21:33:07,879 - INFO - 📈 已处理 1000/5624 只股票，成功 999 只
2025-09-01 21:33:09,900 - INFO - 📈 已处理002512 达华智能 
2025-09-01 21:33:11,968 - INFO - 📈 已处理002513 蓝丰生化 
2025-09-01 21:33:14,035 - INFO - 📈 已处理002514 宝馨科技 
2025-09-01 21:33:16,094 - INFO - 📈 已处理002515 金字火腿 
2025-09-01 21:33:18,212 - INFO - 📈 已处理002516 旷达科技 
2025-09-01 21:33:20,256 - INFO - 📈 已处理002517 恺英网络 
2025-09-01 21:33:22,469 - INFO - 📈 已处理002518 科士达 
2025-09-01 21:33:24,545 - INFO - 📈 已处理002519 银河电子 
2025-09-01 21:33:26,676 - INFO - 📈 已处理002520 日发精机 
2025-09-01 21:33:28,758 - INFO - 📈 已处理002521 齐峰新材 
2025-09-01 21:33:30,888 - INFO - 📈 已处理002522 浙江众成 
2025-09-01 21:33:32,989 - INFO - 📈 已处理002523 天桥起重 
2025-09-01 21:33:35,068 - INFO - 📈 已处理002524 光正眼科 
2025-09-01 21:33:37,243 - INFO - 📈 已处理002526 山东矿机 
2025-09-01 21:33:39,321 - INFO - 📈 已处理002527 新时达 
2025-09-01 21:33:41,399 - INFO - 📈 已处理002528 ST英飞拓 
2025-09-01 21:33:43,489 - INFO - 📈 已处理002529 *ST海源 
2025-09-01 21:33:45,581 - INFO - 📈 已处理002530 金财互联 
2025-09-01 21:33:47,691 - INFO - 📈 已处理002531 天顺风能 
2025-09-01 21:33:49,834 - INFO - 📈 已处理002532 天山铝业 
2025-09-01 21:33:52,050 - INFO - 📈 已处理002533 金杯电工 
2025-09-01 21:33:54,202 - INFO - 📈 已处理002534 西子洁能 
2025-09-01 21:33:56,377 - INFO - 📈 已处理002535 林州重机 
2025-09-01 21:33:58,539 - INFO - 📈 已处理002536 飞龙股份 
2025-09-01 21:34:00,688 - INFO - 📈 已处理002537 海联金汇 
2025-09-01 21:34:02,845 - INFO - 📈 已处理002538 司尔特 
2025-09-01 21:34:04,979 - INFO - 📈 已处理002539 云图控股 
2025-09-01 21:34:07,248 - INFO - 📈 已处理002540 亚太科技 
2025-09-01 21:34:09,400 - INFO - 📈 已处理002541 鸿路钢构 
2025-09-01 21:34:11,480 - INFO - 📈 已处理002542 中化岩土 
2025-09-01 21:34:13,596 - INFO - 📈 已处理002543 万和电气 
2025-09-01 21:34:15,748 - INFO - 📈 已处理002544 普天科技 
2025-09-01 21:34:17,817 - INFO - 📈 已处理002545 东方铁塔 
2025-09-01 21:34:19,912 - INFO - 📈 已处理002546 新联电子 
2025-09-01 21:34:21,988 - INFO - 📈 已处理002547 春兴精工 
2025-09-01 21:34:24,148 - INFO - 📈 已处理002548 金新农 
2025-09-01 21:34:26,229 - INFO - 📈 已处理002549 凯美特气 
2025-09-01 21:34:28,330 - INFO - 📈 已处理002550 千红制药 
2025-09-01 21:34:30,443 - INFO - 📈 已处理002551 尚荣医疗 
2025-09-01 21:34:32,529 - INFO - 📈 已处理002552 宝鼎科技 
2025-09-01 21:34:34,585 - INFO - 📈 已处理002553 南方精工 
2025-09-01 21:34:36,669 - INFO - 📈 已处理002554 惠博普 
2025-09-01 21:34:38,759 - INFO - 📈 已处理002555 三七互娱 
2025-09-01 21:34:40,928 - INFO - 📈 已处理002556 辉隆股份 
2025-09-01 21:34:43,127 - INFO - 📈 已处理002557 洽洽食品 
2025-09-01 21:34:45,202 - INFO - 📈 已处理002558 巨人网络 
2025-09-01 21:34:47,293 - INFO - 📈 已处理002559 亚威股份 
2025-09-01 21:34:49,361 - INFO - 📈 已处理002560 通达股份 
2025-09-01 21:34:51,437 - INFO - 📈 已处理002561 徐家汇 
2025-09-01 21:34:53,621 - INFO - 📈 已处理002562 兄弟科技 
2025-09-01 21:34:53,621 - INFO - 📈 已处理 1050/5624 只股票，成功 1049 只
2025-09-01 21:34:55,777 - INFO - 📈 已处理002563 森马服饰 
2025-09-01 21:34:57,874 - INFO - 📈 已处理002564 天沃科技 
2025-09-01 21:34:59,957 - INFO - 📈 已处理002565 顺灏股份 
2025-09-01 21:35:02,044 - INFO - 📈 已处理002566 益盛药业 
2025-09-01 21:35:04,167 - INFO - 📈 已处理002567 唐人神 
2025-09-01 21:35:06,287 - INFO - 📈 已处理002568 百润股份 
2025-09-01 21:35:08,287 - INFO - 📈 已处理002569 *ST步森 
2025-09-01 21:35:10,508 - INFO - 📈 已处理002570 贝因美 
2025-09-01 21:35:12,486 - INFO - 📈 已处理002571 德力股份 
2025-09-01 21:35:14,632 - INFO - 📈 已处理002572 索菲亚 
2025-09-01 21:35:16,677 - INFO - 📈 已处理002573 清新环境 
2025-09-01 21:35:18,752 - INFO - 📈 已处理002574 明牌珠宝 
2025-09-01 21:35:20,805 - INFO - 📈 已处理002575 群兴玩具 
2025-09-01 21:35:22,819 - INFO - 📈 已处理002576 通达动力 
2025-09-01 21:35:24,937 - INFO - 📈 已处理002577 雷柏科技 
2025-09-01 21:35:26,996 - INFO - 📈 已处理002578 闽发铝业 
2025-09-01 21:35:29,027 - INFO - 📈 已处理002579 中京电子 
2025-09-01 21:35:31,077 - INFO - 📈 已处理002580 圣阳股份 
2025-09-01 21:35:33,166 - INFO - 📈 已处理002581 ST未名 
2025-09-01 21:35:35,234 - INFO - 📈 已处理002582 好想你 
2025-09-01 21:35:37,336 - INFO - 📈 已处理002583 海能达 
2025-09-01 21:35:39,352 - INFO - 📈 已处理002584 西陇科学 
2025-09-01 21:35:41,471 - INFO - 📈 已处理002585 双星新材 
2025-09-01 21:35:43,618 - INFO - 📈 已处理002586 *ST围海 
2025-09-01 21:35:45,686 - INFO - 📈 已处理002587 奥拓电子 
2025-09-01 21:35:47,864 - INFO - 📈 已处理002588 史丹利 
2025-09-01 21:35:50,110 - INFO - 📈 已处理002589 瑞康医药 
2025-09-01 21:35:52,232 - INFO - 📈 已处理002590 万安科技 
2025-09-01 21:35:54,246 - INFO - 📈 已处理002591 恒大高新 
2025-09-01 21:35:56,340 - INFO - 📈 已处理002592 ST八菱 
2025-09-01 21:35:58,453 - INFO - 📈 已处理002593 日上集团 
2025-09-01 21:36:00,574 - INFO - 📈 已处理002594 比亚迪 
2025-09-01 21:36:02,646 - INFO - 📈 已处理002595 豪迈科技 
2025-09-01 21:36:04,696 - INFO - 📈 已处理002596 海南瑞泽 
2025-09-01 21:36:06,797 - INFO - 📈 已处理002597 金禾实业 
2025-09-01 21:36:08,862 - INFO - 📈 已处理002598 山东章鼓 
2025-09-01 21:36:10,927 - INFO - 📈 已处理002599 盛通股份 
2025-09-01 21:36:12,952 - INFO - 📈 已处理002600 领益智造 
2025-09-01 21:36:15,025 - INFO - 📈 已处理002601 龙佰集团 
2025-09-01 21:36:16,976 - INFO - 📈 已处理002602 ST华通 
2025-09-01 21:36:19,055 - INFO - 📈 已处理002603 以岭药业 
2025-09-01 21:36:20,691 - INFO - 📈 已处理002604 龙力退 
2025-09-01 21:36:22,854 - INFO - 📈 已处理002605 姚记科技 
2025-09-01 21:36:24,997 - INFO - 📈 已处理002606 大连电瓷 
2025-09-01 21:36:27,165 - INFO - 📈 已处理002607 中公教育 
2025-09-01 21:36:29,165 - INFO - 📈 已处理002608 江苏国信 
2025-09-01 21:36:31,285 - INFO - 📈 已处理002609 捷顺科技 
2025-09-01 21:36:33,237 - INFO - 📈 已处理002610 ST爱康 
2025-09-01 21:36:35,278 - INFO - 📈 已处理002611 东方精工 
2025-09-01 21:36:37,231 - INFO - 📈 已处理002612 朗姿股份 
2025-09-01 21:36:37,231 - INFO - 📈 已处理 1100/5624 只股票，成功 1099 只
2025-09-01 21:36:39,233 - INFO - 📈 已处理002613 北玻股份 
2025-09-01 21:36:41,215 - INFO - 📈 已处理002614 奥佳华 
2025-09-01 21:36:43,215 - INFO - 📈 已处理002615 哈尔斯 
2025-09-01 21:36:45,258 - INFO - 📈 已处理002616 长青集团 
2025-09-01 21:36:47,183 - INFO - 📈 已处理002617 露笑科技 
2025-09-01 21:36:49,025 - INFO - 📈 已处理002618 丹邦退 
2025-09-01 21:36:50,787 - INFO - 📈 已处理002619 *ST艾格 
2025-09-01 21:36:52,823 - INFO - 📈 已处理002620 ST瑞和 
2025-09-01 21:36:54,724 - INFO - 📈 已处理002621 *ST美吉 
2025-09-01 21:36:56,634 - INFO - 📈 已处理002622 皓宸医疗 
2025-09-01 21:36:58,634 - INFO - 📈 已处理002623 亚玛顿 
2025-09-01 21:37:00,527 - INFO - 📈 已处理002624 完美世界 
2025-09-01 21:37:02,517 - INFO - 📈 已处理002625 光启技术 
2025-09-01 21:37:04,508 - INFO - 📈 已处理002626 金达威 
2025-09-01 21:37:06,525 - INFO - 📈 已处理002627 三峡旅游 
2025-09-01 21:37:08,504 - INFO - 📈 已处理002628 成都路桥 
2025-09-01 21:37:10,424 - INFO - 📈 已处理002629 仁智股份 
2025-09-01 21:37:12,357 - INFO - 📈 已处理002630 ST华西 
2025-09-01 21:37:14,327 - INFO - 📈 已处理002631 德尔未来 
2025-09-01 21:37:16,282 - INFO - 📈 已处理002632 道明光学 
2025-09-01 21:37:18,208 - INFO - 📈 已处理002633 申科股份 
2025-09-01 21:37:20,194 - INFO - 📈 已处理002634 棒杰股份 
2025-09-01 21:37:22,165 - INFO - 📈 已处理002635 安洁科技 
2025-09-01 21:37:24,121 - INFO - 📈 已处理002636 金安国纪 
2025-09-01 21:37:26,074 - INFO - 📈 已处理002637 赞宇科技 
2025-09-01 21:37:27,957 - INFO - 📈 已处理002638 勤上股份 
2025-09-01 21:37:29,876 - INFO - 📈 已处理002639 雪人集团 
2025-09-01 21:37:31,810 - INFO - 📈 已处理002640 跨境通 
2025-09-01 21:37:33,808 - INFO - 📈 已处理002641 公元股份 
2025-09-01 21:37:35,713 - INFO - 📈 已处理002642 荣联科技 
2025-09-01 21:37:37,683 - INFO - 📈 已处理002643 万润股份 
2025-09-01 21:37:39,658 - INFO - 📈 已处理002644 佛慈制药 
2025-09-01 21:37:41,606 - INFO - 📈 已处理002645 华宏科技 
2025-09-01 21:37:43,583 - INFO - 📈 已处理002646 天佑德酒 
2025-09-01 21:37:45,439 - INFO - 📈 已处理002647 *ST仁东 
2025-09-01 21:37:47,433 - INFO - 📈 已处理002648 卫星化学 
2025-09-01 21:37:49,393 - INFO - 📈 已处理002649 博彦科技 
2025-09-01 21:37:51,403 - INFO - 📈 已处理002650 ST加加 
2025-09-01 21:37:53,380 - INFO - 📈 已处理002651 利君股份 
2025-09-01 21:37:55,293 - INFO - 📈 已处理002652 扬子新材 
2025-09-01 21:37:57,273 - INFO - 📈 已处理002653 海思科 
2025-09-01 21:37:59,172 - INFO - 📈 已处理002654 万润科技 
2025-09-01 21:38:01,107 - INFO - 📈 已处理002655 共达电声 
2025-09-01 21:38:03,003 - INFO - 📈 已处理002656 *ST摩登 
2025-09-01 21:38:04,943 - INFO - 📈 已处理002657 中科金财 
2025-09-01 21:38:06,943 - INFO - 📈 已处理002658 雪迪龙 
2025-09-01 21:38:08,866 - INFO - 📈 已处理002659 凯文教育 
2025-09-01 21:38:10,788 - INFO - 📈 已处理002660 茂硕电源 
2025-09-01 21:38:12,743 - INFO - 📈 已处理002661 克明食品 
2025-09-01 21:38:14,655 - INFO - 📈 已处理002662 峰璟股份 
2025-09-01 21:38:14,655 - INFO - 📈 已处理 1150/5624 只股票，成功 1149 只
2025-09-01 21:38:16,589 - INFO - 📈 已处理002663 普邦股份 
2025-09-01 21:38:18,532 - INFO - 📈 已处理002664 信质集团 
2025-09-01 21:38:20,355 - INFO - 📈 已处理002665 ST航高 
2025-09-01 21:38:22,312 - INFO - 📈 已处理002666 德联集团 
2025-09-01 21:38:24,233 - INFO - 📈 已处理002667 威领股份 
2025-09-01 21:38:26,142 - INFO - 📈 已处理002668 TCL智家 
2025-09-01 21:38:28,057 - INFO - 📈 已处理002669 康达新材 
2025-09-01 21:38:29,952 - INFO - 📈 已处理002670 国盛金控 
2025-09-01 21:38:31,974 - INFO - 📈 已处理002671 龙泉股份 
2025-09-01 21:38:33,992 - INFO - 📈 已处理002672 东江环保 
2025-09-01 21:38:35,968 - INFO - 📈 已处理002673 西部证券 
2025-09-01 21:38:37,926 - INFO - 📈 已处理002674 兴业科技 
2025-09-01 21:38:39,781 - INFO - 📈 已处理002675 东诚药业 
2025-09-01 21:38:41,679 - INFO - 📈 已处理002676 顺威股份 
2025-09-01 21:38:43,638 - INFO - 📈 已处理002677 浙江美大 
2025-09-01 21:38:45,590 - INFO - 📈 已处理002678 珠江钢琴 
2025-09-01 21:38:47,580 - INFO - 📈 已处理002679 福建金森 
2025-09-01 21:38:49,105 - INFO - 📈 已处理002680 长生退 
2025-09-01 21:38:51,013 - INFO - 📈 已处理002681 奋达科技 
2025-09-01 21:38:52,972 - INFO - 📈 已处理002682 龙洲股份 
2025-09-01 21:38:54,871 - INFO - 📈 已处理002683 广东宏大 
2025-09-01 21:38:56,540 - INFO - 📈 已处理002684 猛狮退 
2025-09-01 21:38:58,429 - INFO - 📈 已处理002685 华东重机 
2025-09-01 21:39:00,451 - INFO - 📈 已处理002686 亿利达 
2025-09-01 21:39:02,373 - INFO - 📈 已处理002687 乔治白 
2025-09-01 21:39:04,328 - INFO - 📈 已处理002688 金河生物 
2025-09-01 21:39:06,265 - INFO - 📈 已处理002689 远大智能 
2025-09-01 21:39:08,227 - INFO - 📈 已处理002690 美亚光电 
2025-09-01 21:39:10,171 - INFO - 📈 已处理002691 冀凯股份 
2025-09-01 21:39:12,102 - INFO - 📈 已处理002692 远程股份 
2025-09-01 21:39:14,043 - INFO - 📈 已处理002693 *ST双成 
2025-09-01 21:39:16,061 - INFO - 📈 已处理002694 顾地科技 
2025-09-01 21:39:18,031 - INFO - 📈 已处理002695 煌上煌 
2025-09-01 21:39:19,932 - INFO - 📈 已处理002696 百洋股份 
2025-09-01 21:39:21,870 - INFO - 📈 已处理002697 红旗连锁 
2025-09-01 21:39:23,823 - INFO - 📈 已处理002698 博实股份 
2025-09-01 21:39:25,603 - INFO - 📈 已处理002699 *ST美盛 
2025-09-01 21:39:27,604 - INFO - 📈 已处理002700 万憬能源 
2025-09-01 21:39:29,504 - INFO - 📈 已处理002701 奥瑞金 
2025-09-01 21:39:31,462 - INFO - 📈 已处理002702 海欣食品 
2025-09-01 21:39:33,361 - INFO - 📈 已处理002703 浙江世宝 
2025-09-01 21:39:35,211 - INFO - 📈 已处理002705 新宝股份 
2025-09-01 21:39:37,071 - INFO - 📈 已处理002706 良信股份 
2025-09-01 21:39:38,905 - INFO - 📈 已处理002707 众信旅游 
2025-09-01 21:39:40,787 - INFO - 📈 已处理002708 光洋股份 
2025-09-01 21:39:42,640 - INFO - 📈 已处理002709 天赐材料 
2025-09-01 21:39:44,190 - INFO - 📈 已处理002711 欧浦退 
2025-09-01 21:39:46,102 - INFO - 📈 已处理002712 思美传媒 
2025-09-01 21:39:47,939 - INFO - 📈 已处理002713 *ST东易 
2025-09-01 21:39:49,820 - INFO - 📈 已处理002714 牧原股份 
2025-09-01 21:39:49,820 - INFO - 📈 已处理 1200/5624 只股票，成功 1199 只
2025-09-01 21:39:51,787 - INFO - 📈 已处理002715 登云股份 
2025-09-01 21:39:53,722 - INFO - 📈 已处理002716 湖南白银 
2025-09-01 21:39:55,639 - INFO - 📈 已处理002717 ST岭南 
2025-09-01 21:39:57,656 - INFO - 📈 已处理002718 友邦吊顶 
2025-09-01 21:39:59,530 - INFO - 📈 已处理002719 麦趣尔 
2025-09-01 21:40:01,350 - INFO - 📈 已处理002721 金一文化 
2025-09-01 21:40:03,242 - INFO - 📈 已处理002722 物产金轮 
2025-09-01 21:40:05,117 - INFO - 📈 已处理002723 小崧股份 
2025-09-01 21:40:07,000 - INFO - 📈 已处理002724 海洋王 
2025-09-01 21:40:08,910 - INFO - 📈 已处理002725 跃岭股份 
2025-09-01 21:40:10,785 - INFO - 📈 已处理002726 龙大美食 
2025-09-01 21:40:12,620 - INFO - 📈 已处理002727 一心堂 
2025-09-01 21:40:14,510 - INFO - 📈 已处理002728 特一药业 
2025-09-01 21:40:16,359 - INFO - 📈 已处理002729 好利科技 
2025-09-01 21:40:18,220 - INFO - 📈 已处理002730 电光科技 
2025-09-01 21:40:20,069 - INFO - 📈 已处理002731 萃华珠宝 
2025-09-01 21:40:21,969 - INFO - 📈 已处理002732 燕塘乳业 
2025-09-01 21:40:23,846 - INFO - 📈 已处理002733 雄韬股份 
2025-09-01 21:40:25,657 - INFO - 📈 已处理002734 利民股份 
2025-09-01 21:40:27,460 - INFO - 📈 已处理002735 王子新材 
2025-09-01 21:40:29,363 - INFO - 📈 已处理002736 国信证券 
2025-09-01 21:40:31,196 - INFO - 📈 已处理002737 葵花药业 
2025-09-01 21:40:32,982 - INFO - 📈 已处理002738 中矿资源 
2025-09-01 21:40:34,723 - INFO - 📈 已处理002739 万达电影 
2025-09-01 21:40:36,433 - INFO - 📈 已处理002740 *ST爱迪 
2025-09-01 21:40:38,228 - INFO - 📈 已处理002741 光华科技 
2025-09-01 21:40:40,038 - INFO - 📈 已处理002742 *ST三圣 
2025-09-01 21:40:41,827 - INFO - 📈 已处理002743 富煌钢构 
2025-09-01 21:40:43,629 - INFO - 📈 已处理002745 木林森 
2025-09-01 21:40:45,450 - INFO - 📈 已处理002746 仙坛股份 
2025-09-01 21:40:47,236 - INFO - 📈 已处理002747 埃斯顿 
2025-09-01 21:40:49,070 - INFO - 📈 已处理002748 世龙实业 
2025-09-01 21:40:50,921 - INFO - 📈 已处理002749 国光股份 
2025-09-01 21:40:52,708 - INFO - 📈 已处理002750 龙津退 
2025-09-01 21:40:54,354 - INFO - 📈 已处理002751 易尚退 
2025-09-01 21:40:56,159 - INFO - 📈 已处理002752 昇兴股份 
2025-09-01 21:40:57,961 - INFO - 📈 已处理002753 永东股份 
2025-09-01 21:40:59,749 - INFO - 📈 已处理002755 奥赛康 
2025-09-01 21:41:01,537 - INFO - 📈 已处理002756 永兴材料 
2025-09-01 21:41:03,323 - INFO - 📈 已处理002757 南兴股份 
2025-09-01 21:41:05,174 - INFO - 📈 已处理002758 浙农股份 
2025-09-01 21:41:06,972 - INFO - 📈 已处理002759 天际股份 
2025-09-01 21:41:08,808 - INFO - 📈 已处理002760 凤形股份 
2025-09-01 21:41:10,681 - INFO - 📈 已处理002761 浙江建投 
2025-09-01 21:41:12,505 - INFO - 📈 已处理002762 *ST金比 
2025-09-01 21:41:14,347 - INFO - 📈 已处理002763 汇洁股份 
2025-09-01 21:41:16,197 - INFO - 📈 已处理002765 蓝黛科技 
2025-09-01 21:41:17,993 - INFO - 📈 已处理002766 索菱股份 
2025-09-01 21:41:19,830 - INFO - 📈 已处理002767 先锋电子 
2025-09-01 21:41:21,701 - INFO - 📈 已处理002768 国恩股份 
2025-09-01 21:41:21,701 - INFO - 📈 已处理 1250/5624 只股票，成功 1249 只
2025-09-01 21:41:23,540 - INFO - 📈 已处理002769 普路通 
2025-09-01 21:41:25,132 - INFO - 📈 已处理002770 科迪退 
2025-09-01 21:41:26,918 - INFO - 📈 已处理002771 真视通 
2025-09-01 21:41:28,767 - INFO - 📈 已处理002772 众兴菌业 
2025-09-01 21:41:30,628 - INFO - 📈 已处理002773 康弘药业 
2025-09-01 21:41:32,383 - INFO - 📈 已处理002774 快意电梯 
2025-09-01 21:41:34,232 - INFO - 📈 已处理002775 文科股份 
2025-09-01 21:41:36,458 - INFO - 📈 已处理002776 *ST柏龙 
2025-09-01 21:41:38,259 - INFO - 📈 已处理002777 久远银海 
2025-09-01 21:41:40,075 - INFO - 📈 已处理002778 中晟高科 
2025-09-01 21:41:41,878 - INFO - 📈 已处理002779 中坚科技 
2025-09-01 21:41:43,676 - INFO - 📈 已处理002780 三夫户外 
2025-09-01 21:41:45,261 - INFO - 📈 已处理002781 奇信退 
2025-09-01 21:41:47,044 - INFO - 📈 已处理002782 可立克 
2025-09-01 21:41:49,514 - INFO - 📈 已处理002783 凯龙股份 
2025-09-01 21:41:51,317 - INFO - 📈 已处理002785 万里石 
2025-09-01 21:41:53,147 - INFO - 📈 已处理002786 银宝山新 
2025-09-01 21:41:54,933 - INFO - 📈 已处理002787 华源控股 
2025-09-01 21:41:56,762 - INFO - 📈 已处理002788 鹭燕医药 
2025-09-01 21:41:58,529 - INFO - 📈 已处理002789 *ST建艺 
2025-09-01 21:42:00,328 - INFO - 📈 已处理002790 瑞尔特 
2025-09-01 21:42:02,076 - INFO - 📈 已处理002791 坚朗五金 
2025-09-01 21:42:03,913 - INFO - 📈 已处理002792 通宇通讯 
2025-09-01 21:42:05,709 - INFO - 📈 已处理002793 罗欣药业 
2025-09-01 21:42:07,410 - INFO - 📈 已处理002795 永和智控 
2025-09-01 21:42:09,166 - INFO - 📈 已处理002796 世嘉科技 
2025-09-01 21:42:10,937 - INFO - 📈 已处理002797 第一创业 
2025-09-01 21:42:12,647 - INFO - 📈 已处理002798 帝欧家居 
2025-09-01 21:42:14,388 - INFO - 📈 已处理002799 环球印务 
2025-09-01 21:42:16,128 - INFO - 📈 已处理002800 天顺股份 
2025-09-01 21:42:17,915 - INFO - 📈 已处理002801 微光股份 
2025-09-01 21:42:19,626 - INFO - 📈 已处理002802 洪汇新材 
2025-09-01 21:42:21,334 - INFO - 📈 已处理002803 吉宏股份 
2025-09-01 21:42:23,073 - INFO - 📈 已处理002805 丰元股份 
2025-09-01 21:42:24,784 - INFO - 📈 已处理002806 华锋股份 
2025-09-01 21:42:26,477 - INFO - 📈 已处理002807 江阴银行 
2025-09-01 21:42:28,217 - INFO - 📈 已处理002808 *ST恒久 
2025-09-01 21:42:29,926 - INFO - 📈 已处理002809 红墙股份 
2025-09-01 21:42:31,636 - INFO - 📈 已处理002810 山东赫达 
2025-09-01 21:42:33,376 - INFO - 📈 已处理002811 郑中设计 
2025-09-01 21:42:35,084 - INFO - 📈 已处理002812 恩捷股份 
2025-09-01 21:42:36,794 - INFO - 📈 已处理002813 路畅科技 
2025-09-01 21:42:38,576 - INFO - 📈 已处理002815 崇达技术 
2025-09-01 21:42:40,292 - INFO - 📈 已处理002816 *ST和科 
2025-09-01 21:42:42,032 - INFO - 📈 已处理002817 黄山胶囊 
2025-09-01 21:42:43,740 - INFO - 📈 已处理002818 富森美 
2025-09-01 21:42:45,435 - INFO - 📈 已处理002819 东方中科 
2025-09-01 21:42:47,144 - INFO - 📈 已处理002820 桂发祥 
2025-09-01 21:42:48,898 - INFO - 📈 已处理002821 凯莱英 
2025-09-01 21:42:50,643 - INFO - 📈 已处理002822 *ST中装 
2025-09-01 21:42:50,659 - INFO - 📈 已处理 1300/5624 只股票，成功 1299 只
2025-09-01 21:42:52,401 - INFO - 📈 已处理002823 凯中精密 
2025-09-01 21:42:54,165 - INFO - 📈 已处理002824 和胜股份 
2025-09-01 21:42:56,581 - INFO - 📈 已处理002825 纳尔股份 
2025-09-01 21:42:58,310 - INFO - 📈 已处理002826 易明医药 
2025-09-01 21:43:00,096 - INFO - 📈 已处理002827 高争民爆 
2025-09-01 21:43:01,831 - INFO - 📈 已处理002828 贝肯能源 
2025-09-01 21:43:03,578 - INFO - 📈 已处理002829 星网宇达 
2025-09-01 21:43:05,288 - INFO - 📈 已处理002830 名雕股份 
2025-09-01 21:43:06,995 - INFO - 📈 已处理002831 裕同科技 
2025-09-01 21:43:08,758 - INFO - 📈 已处理002832 比音勒芬 
2025-09-01 21:43:10,468 - INFO - 📈 已处理002833 弘亚数控 
2025-09-01 21:43:12,195 - INFO - 📈 已处理002835 同为股份 
2025-09-01 21:43:13,919 - INFO - 📈 已处理002836 新宏泽 
2025-09-01 21:43:15,611 - INFO - 📈 已处理002837 英维克 
2025-09-01 21:43:17,376 - INFO - 📈 已处理002838 道恩股份 
2025-09-01 21:43:19,113 - INFO - 📈 已处理002839 张家港行 
2025-09-01 21:43:20,851 - INFO - 📈 已处理002840 华统股份 
2025-09-01 21:43:22,611 - INFO - 📈 已处理002841 视源股份 
2025-09-01 21:43:24,330 - INFO - 📈 已处理002842 翔鹭钨业 
2025-09-01 21:43:26,044 - INFO - 📈 已处理002843 泰嘉股份 
2025-09-01 21:43:27,781 - INFO - 📈 已处理002845 同兴达 
2025-09-01 21:43:29,496 - INFO - 📈 已处理002846 英联股份 
2025-09-01 21:43:31,247 - INFO - 📈 已处理002847 盐津铺子 
2025-09-01 21:43:33,012 - INFO - 📈 已处理002848 *ST高斯 
2025-09-01 21:43:34,743 - INFO - 📈 已处理002849 威星智能 
2025-09-01 21:43:36,438 - INFO - 📈 已处理002850 科达利 
2025-09-01 21:43:38,138 - INFO - 📈 已处理002851 麦格米特 
2025-09-01 21:43:39,904 - INFO - 📈 已处理002852 道道全 
2025-09-01 21:43:41,679 - INFO - 📈 已处理002853 皮阿诺 
2025-09-01 21:43:43,396 - INFO - 📈 已处理002855 捷荣技术 
2025-09-01 21:43:45,110 - INFO - 📈 已处理002856 美芝股份 
2025-09-01 21:43:46,807 - INFO - 📈 已处理002857 三晖电气 
2025-09-01 21:43:48,485 - INFO - 📈 已处理002858 力盛体育 
2025-09-01 21:43:50,226 - INFO - 📈 已处理002859 洁美科技 
2025-09-01 21:43:51,935 - INFO - 📈 已处理002860 星帅尔 
2025-09-01 21:43:53,643 - INFO - 📈 已处理002861 瀛通通讯 
2025-09-01 21:43:55,442 - INFO - 📈 已处理002862 实丰文化 
2025-09-01 21:43:57,141 - INFO - 📈 已处理002863 今飞凯达 
2025-09-01 21:43:58,755 - INFO - 📈 已处理002864 盘龙药业 
2025-09-01 21:44:00,482 - INFO - 📈 已处理002865 钧达股份 
2025-09-01 21:44:02,204 - INFO - 📈 已处理002866 传艺科技 
2025-09-01 21:44:03,922 - INFO - 📈 已处理002867 周大生 
2025-09-01 21:44:05,686 - INFO - 📈 已处理002868 *ST绿康 
2025-09-01 21:44:07,535 - INFO - 📈 已处理002869 金溢科技 
2025-09-01 21:44:09,230 - INFO - 📈 已处理002870 香山股份 
2025-09-01 21:44:10,986 - INFO - 📈 已处理002871 伟隆股份 
2025-09-01 21:44:12,648 - INFO - 📈 已处理002872 ST天圣 
2025-09-01 21:44:14,326 - INFO - 📈 已处理002873 新天药业 
2025-09-01 21:44:16,034 - INFO - 📈 已处理002875 安奈儿 
2025-09-01 21:44:17,729 - INFO - 📈 已处理002876 三利谱 
2025-09-01 21:44:17,729 - INFO - 📈 已处理 1350/5624 只股票，成功 1349 只
2025-09-01 21:44:19,437 - INFO - 📈 已处理002877 智能自控 
2025-09-01 21:44:21,225 - INFO - 📈 已处理002878 元隆雅图 
2025-09-01 21:44:22,902 - INFO - 📈 已处理002879 长缆科技 
2025-09-01 21:44:24,629 - INFO - 📈 已处理002880 卫光生物 
2025-09-01 21:44:26,337 - INFO - 📈 已处理002881 美格智能 
2025-09-01 21:44:28,061 - INFO - 📈 已处理002882 金龙羽 
2025-09-01 21:44:29,755 - INFO - 📈 已处理002883 中设股份 
2025-09-01 21:44:31,417 - INFO - 📈 已处理002884 凌霄泵业 
2025-09-01 21:44:33,151 - INFO - 📈 已处理002885 京泉华 
2025-09-01 21:44:34,838 - INFO - 📈 已处理002886 沃特股份 
2025-09-01 21:44:36,515 - INFO - 📈 已处理002887 绿茵生态 
2025-09-01 21:44:38,193 - INFO - 📈 已处理002888 惠威科技 
2025-09-01 21:44:39,886 - INFO - 📈 已处理002889 东方嘉盛 
2025-09-01 21:44:41,532 - INFO - 📈 已处理002890 弘宇股份 
2025-09-01 21:44:43,211 - INFO - 📈 已处理002891 中宠股份 
2025-09-01 21:44:44,873 - INFO - 📈 已处理002892 科力尔 
2025-09-01 21:44:46,581 - INFO - 📈 已处理002893 京能热力 
2025-09-01 21:44:48,259 - INFO - 📈 已处理002895 川恒股份 
2025-09-01 21:44:49,936 - INFO - 📈 已处理002896 中大力德 
2025-09-01 21:44:51,599 - INFO - 📈 已处理002897 意华股份 
2025-09-01 21:44:53,294 - INFO - 📈 已处理002898 *ST赛隆 
2025-09-01 21:44:54,955 - INFO - 📈 已处理002899 英派斯 
2025-09-01 21:44:56,665 - INFO - 📈 已处理002900 哈三联 
2025-09-01 21:44:58,404 - INFO - 📈 已处理002901 大博医疗 
2025-09-01 21:45:00,081 - INFO - 📈 已处理002902 铭普光磁 
2025-09-01 21:45:01,745 - INFO - 📈 已处理002903 宇环数控 
2025-09-01 21:45:03,516 - INFO - 📈 已处理002905 金逸影视 
2025-09-01 21:45:05,178 - INFO - 📈 已处理002906 华阳集团 
2025-09-01 21:45:06,824 - INFO - 📈 已处理002907 华森制药 
2025-09-01 21:45:08,486 - INFO - 📈 已处理002908 德生科技 
2025-09-01 21:45:10,164 - INFO - 📈 已处理002909 集泰股份 
2025-09-01 21:45:11,843 - INFO - 📈 已处理002910 庄园牧场 
2025-09-01 21:45:13,520 - INFO - 📈 已处理002911 佛燃能源 
2025-09-01 21:45:15,167 - INFO - 📈 已处理002912 中新赛克 
2025-09-01 21:45:16,844 - INFO - 📈 已处理002913 奥士康 
2025-09-01 21:45:18,507 - INFO - 📈 已处理002915 中欣氟材 
2025-09-01 21:45:20,152 - INFO - 📈 已处理002916 深南电路 
2025-09-01 21:45:21,799 - INFO - 📈 已处理002917 金奥博 
2025-09-01 21:45:23,509 - INFO - 📈 已处理002918 蒙娜丽莎 
2025-09-01 21:45:25,171 - INFO - 📈 已处理002919 名臣健康 
2025-09-01 21:45:26,801 - INFO - 📈 已处理002920 德赛西威 
2025-09-01 21:45:28,432 - INFO - 📈 已处理002921 联诚精密 
2025-09-01 21:45:30,110 - INFO - 📈 已处理002922 伊戈尔 
2025-09-01 21:45:31,793 - INFO - 📈 已处理002923 润都股份 
2025-09-01 21:45:33,463 - INFO - 📈 已处理002925 盈趣科技 
2025-09-01 21:45:35,137 - INFO - 📈 已处理002926 华西证券 
2025-09-01 21:45:36,811 - INFO - 📈 已处理002927 泰永长征 
2025-09-01 21:45:38,471 - INFO - 📈 已处理002928 华夏航空 
2025-09-01 21:45:40,833 - INFO - 📈 已处理002929 润建股份 
2025-09-01 21:45:42,514 - INFO - 📈 已处理002930 宏川智慧 
2025-09-01 21:45:42,514 - INFO - 📈 已处理 1400/5624 只股票，成功 1399 只
2025-09-01 21:45:44,169 - INFO - 📈 已处理002931 锋龙股份 
2025-09-01 21:45:45,805 - INFO - 📈 已处理002932 明德生物 
2025-09-01 21:45:47,391 - INFO - 📈 已处理002933 新兴装备 
2025-09-01 21:45:48,999 - INFO - 📈 已处理002935 天奥电子 
2025-09-01 21:45:50,631 - INFO - 📈 已处理002936 郑州银行 
2025-09-01 21:45:52,214 - INFO - 📈 已处理002937 兴瑞科技 
2025-09-01 21:45:53,829 - INFO - 📈 已处理002938 鹏鼎控股 
2025-09-01 21:45:55,433 - INFO - 📈 已处理002939 长城证券 
2025-09-01 21:45:57,008 - INFO - 📈 已处理002940 昂利康 
2025-09-01 21:45:58,607 - INFO - 📈 已处理002941 新疆交建 
2025-09-01 21:46:00,207 - INFO - 📈 已处理002942 新农股份 
2025-09-01 21:46:01,790 - INFO - 📈 已处理002943 宇晶股份 
2025-09-01 21:46:03,356 - INFO - 📈 已处理002945 华林证券 
2025-09-01 21:46:04,986 - INFO - 📈 已处理002946 新乳业 
2025-09-01 21:46:06,598 - INFO - 📈 已处理002947 恒铭达 
2025-09-01 21:46:08,183 - INFO - 📈 已处理002948 青岛银行 
2025-09-01 21:46:09,793 - INFO - 📈 已处理002949 华阳国际 
2025-09-01 21:46:11,391 - INFO - 📈 已处理002950 奥美医疗 
2025-09-01 21:46:12,988 - INFO - 📈 已处理002951 金时科技 
2025-09-01 21:46:14,575 - INFO - 📈 已处理002952 亚世光电 
2025-09-01 21:46:16,177 - INFO - 📈 已处理002953 日丰股份 
2025-09-01 21:46:17,787 - INFO - 📈 已处理002955 鸿合科技 
2025-09-01 21:46:19,366 - INFO - 📈 已处理002956 西麦食品 
2025-09-01 21:46:20,921 - INFO - 📈 已处理002957 科瑞技术 
2025-09-01 21:46:22,459 - INFO - 📈 已处理002958 青农商行 
2025-09-01 21:46:24,075 - INFO - 📈 已处理002959 小熊电器 
2025-09-01 21:46:25,655 - INFO - 📈 已处理002960 青鸟消防 
2025-09-01 21:46:27,237 - INFO - 📈 已处理002961 瑞达期货 
2025-09-01 21:46:28,908 - INFO - 📈 已处理002962 五方光电 
2025-09-01 21:46:30,483 - INFO - 📈 已处理002963 豪尔赛 
2025-09-01 21:46:32,051 - INFO - 📈 已处理002965 祥鑫科技 
2025-09-01 21:46:33,688 - INFO - 📈 已处理002966 苏州银行 
2025-09-01 21:46:35,243 - INFO - 📈 已处理002967 广电计量 
2025-09-01 21:46:36,770 - INFO - 📈 已处理002968 新大正 
2025-09-01 21:46:38,425 - INFO - 📈 已处理002969 嘉美包装 
2025-09-01 21:46:40,005 - INFO - 📈 已处理002970 锐明技术 
2025-09-01 21:46:41,732 - INFO - 📈 已处理002971 和远气体 
2025-09-01 21:46:43,400 - INFO - 📈 已处理002972 科安达 
2025-09-01 21:46:45,209 - INFO - 📈 已处理002973 侨银股份 
2025-09-01 21:46:46,919 - INFO - 📈 已处理002975 博杰股份 
2025-09-01 21:46:48,739 - INFO - 📈 已处理002976 瑞玛精密 
2025-09-01 21:46:50,401 - INFO - 📈 已处理002977 天箭科技 
2025-09-01 21:46:52,115 - INFO - 📈 已处理002978 安宁股份 
2025-09-01 21:46:53,791 - INFO - 📈 已处理002979 雷赛智能 
2025-09-01 21:46:55,442 - INFO - 📈 已处理002980 华盛昌 
2025-09-01 21:46:57,105 - INFO - 📈 已处理002981 朝阳科技 
2025-09-01 21:46:58,793 - INFO - 📈 已处理002982 湘佳股份 
2025-09-01 21:47:00,460 - INFO - 📈 已处理002983 芯瑞达 
2025-09-01 21:47:02,411 - INFO - 📈 已处理002984 森麒麟 
2025-09-01 21:47:04,126 - INFO - 📈 已处理002985 北摩高科 
2025-09-01 21:47:04,126 - INFO - 📈 已处理 1450/5624 只股票，成功 1449 只
2025-09-01 21:47:05,879 - INFO - 📈 已处理002986 宇新股份 
2025-09-01 21:47:07,597 - INFO - 📈 已处理002987 京北方 
2025-09-01 21:47:09,400 - INFO - 📈 已处理002988 豪美新材 
2025-09-01 21:47:11,088 - INFO - 📈 已处理002989 中天精装 
2025-09-01 21:47:13,026 - INFO - 📈 已处理002990 盛视科技 
2025-09-01 21:47:14,726 - INFO - 📈 已处理002991 甘源食品 
2025-09-01 21:47:16,395 - INFO - 📈 已处理002992 宝明科技 
2025-09-01 21:47:22,410 - INFO - 📈 已处理002993 奥海科技 
2025-09-01 21:47:24,092 - INFO - 📈 已处理002995 天地在线 
2025-09-01 21:47:25,755 - INFO - 📈 已处理002996 顺博合金 
2025-09-01 21:47:27,350 - INFO - 📈 已处理002997 瑞鹄模具 
2025-09-01 21:47:29,004 - INFO - 📈 已处理002998 优彩资源 
2025-09-01 21:47:30,690 - INFO - 📈 已处理002999 天禾股份 
2025-09-01 21:47:32,312 - INFO - 📈 已处理003000 劲仔食品 
2025-09-01 21:47:34,059 - INFO - 📈 已处理003001 中岩大地 
2025-09-01 21:47:35,739 - INFO - 📈 已处理003002 壶化股份 
2025-09-01 21:47:37,312 - INFO - 📈 已处理003003 天元股份 
2025-09-01 21:47:38,964 - INFO - 📈 已处理003004 *ST声迅 
2025-09-01 21:47:40,776 - INFO - 📈 已处理003005 竞业达 
2025-09-01 21:47:42,444 - INFO - 📈 已处理003006 百亚股份 
2025-09-01 21:47:44,197 - INFO - 📈 已处理003007 直真科技 
2025-09-01 21:47:45,838 - INFO - 📈 已处理003008 开普检测 
2025-09-01 21:47:47,487 - INFO - 📈 已处理003009 中天火箭 
2025-09-01 21:47:49,141 - INFO - 📈 已处理003010 若羽臣 
2025-09-01 21:47:50,849 - INFO - 📈 已处理003011 海象新材 
2025-09-01 21:47:52,475 - INFO - 📈 已处理003012 东鹏控股 
2025-09-01 21:47:54,042 - INFO - 📈 已处理003013 地铁设计 
2025-09-01 21:47:55,658 - INFO - 📈 已处理003015 日久光电 
2025-09-01 21:47:57,257 - INFO - 📈 已处理003016 欣贺股份 
2025-09-01 21:47:58,844 - INFO - 📈 已处理003017 大洋生物 
2025-09-01 21:48:00,443 - INFO - 📈 已处理003018 金富科技 
2025-09-01 21:48:02,074 - INFO - 📈 已处理003019 宸展光电 
2025-09-01 21:48:03,717 - INFO - 📈 已处理003020 立方制药 
2025-09-01 21:48:05,340 - INFO - 📈 已处理003021 兆威机电 
2025-09-01 21:48:07,036 - INFO - 📈 已处理003022 联泓新科 
2025-09-01 21:48:08,650 - INFO - 📈 已处理003023 彩虹集团 
2025-09-01 21:48:10,251 - INFO - 📈 已处理003025 思进智能 
2025-09-01 21:48:11,909 - INFO - 📈 已处理003026 中晶科技 
2025-09-01 21:48:13,534 - INFO - 📈 已处理003027 同兴科技 
2025-09-01 21:48:15,141 - INFO - 📈 已处理003028 振邦智能 
2025-09-01 21:48:16,807 - INFO - 📈 已处理003029 吉大正元 
2025-09-01 21:48:18,424 - INFO - 📈 已处理003030 祖名股份 
2025-09-01 21:48:20,027 - INFO - 📈 已处理003031 中瓷电子 
2025-09-01 21:48:21,590 - INFO - 📈 已处理003032 *ST传智 
2025-09-01 21:48:23,156 - INFO - 📈 已处理003033 征和工业 
2025-09-01 21:48:24,754 - INFO - 📈 已处理003035 南网能源 
2025-09-01 21:48:26,321 - INFO - 📈 已处理003036 泰坦股份 
2025-09-01 21:48:27,891 - INFO - 📈 已处理003037 三和管桩 
2025-09-01 21:48:29,440 - INFO - 📈 已处理003038 鑫铂股份 
2025-09-01 21:48:31,024 - INFO - 📈 已处理003039 顺控发展 
2025-09-01 21:48:31,024 - INFO - 📈 已处理 1500/5624 只股票，成功 1499 只
2025-09-01 21:48:32,573 - INFO - 📈 已处理003040 楚天龙 
2025-09-01 21:48:34,157 - INFO - 📈 已处理003041 真爱美家 
2025-09-01 21:48:35,706 - INFO - 📈 已处理003042 中农联合 
2025-09-01 21:48:37,283 - INFO - 📈 已处理003043 华亚智能 
2025-09-01 21:48:39,035 - INFO - 📈 已处理003816 中国广核 
2025-09-01 21:48:41,385 - INFO - 📈 已处理300001 特锐德 
2025-09-01 21:48:43,801 - INFO - 📈 已处理300002 神州泰岳 
2025-09-01 21:48:46,191 - INFO - 📈 已处理300003 乐普医疗 
2025-09-01 21:48:48,506 - INFO - 📈 已处理300004 南风股份 
2025-09-01 21:48:50,939 - INFO - 📈 已处理300005 探路者 
2025-09-01 21:48:53,230 - INFO - 📈 已处理300006 莱美药业 
2025-09-01 21:48:55,663 - INFO - 📈 已处理300007 汉威科技 
2025-09-01 21:48:58,040 - INFO - 📈 已处理300008 天海防务 
2025-09-01 21:49:00,430 - INFO - 📈 已处理300009 安科生物 
2025-09-01 21:49:02,749 - INFO - 📈 已处理300010 豆神教育 
2025-09-01 21:49:05,103 - INFO - 📈 已处理300011 鼎汉技术 
2025-09-01 21:49:07,600 - INFO - 📈 已处理300012 华测检测 
2025-09-01 21:49:09,903 - INFO - 📈 已处理300013 新宁物流 
2025-09-01 21:49:12,223 - INFO - 📈 已处理300014 亿纬锂能 
2025-09-01 21:49:14,624 - INFO - 📈 已处理300015 爱尔眼科 
2025-09-01 21:49:16,956 - INFO - 📈 已处理300016 北陆药业 
2025-09-01 21:49:19,906 - INFO - 📈 已处理300017 网宿科技 
2025-09-01 21:49:22,229 - INFO - 📈 已处理300018 中元股份 
2025-09-01 21:49:24,522 - INFO - 📈 已处理300019 硅宝科技 
2025-09-01 21:49:26,829 - INFO - 📈 已处理300020 ST银江 
2025-09-01 21:49:29,155 - INFO - 📈 已处理300021 大禹节水 
2025-09-01 21:49:31,438 - INFO - 📈 已处理300022 吉峰科技 
2025-09-01 21:49:33,489 - INFO - 📈 已处理300023 宝德退 
2025-09-01 21:49:35,806 - INFO - 📈 已处理300024 机器人 
2025-09-01 21:49:38,085 - INFO - 📈 已处理300025 华星创业 
2025-09-01 21:49:40,403 - INFO - 📈 已处理300026 红日药业 
2025-09-01 21:49:42,761 - INFO - 📈 已处理300027 华谊兄弟 
2025-09-01 21:49:44,572 - INFO - 📈 已处理300028 金亚退 
2025-09-01 21:49:46,905 - INFO - 📈 已处理300029 *ST天龙 
2025-09-01 21:49:49,274 - INFO - 📈 已处理300030 阳普医疗 
2025-09-01 21:49:51,606 - INFO - 📈 已处理300031 宝通科技 
2025-09-01 21:49:53,972 - INFO - 📈 已处理300032 金龙机电 
2025-09-01 21:49:56,421 - INFO - 📈 已处理300033 同花顺 
2025-09-01 21:49:59,474 - INFO - 📈 已处理300034 钢研高纳 
2025-09-01 21:50:01,855 - INFO - 📈 已处理300035 中科电气 
2025-09-01 21:50:04,227 - INFO - 📈 已处理300036 超图软件 
2025-09-01 21:50:06,624 - INFO - 📈 已处理300037 新宙邦 
2025-09-01 21:50:08,699 - INFO - 📈 已处理300038 数知退 
2025-09-01 21:50:11,058 - INFO - 📈 已处理300039 上海凯宝 
2025-09-01 21:50:13,385 - INFO - 📈 已处理300040 九洲集团 
2025-09-01 21:50:15,774 - INFO - 📈 已处理300041 回天新材 
2025-09-01 21:50:18,204 - INFO - 📈 已处理300042 朗科科技 
2025-09-01 21:50:20,487 - INFO - 📈 已处理300043 星辉娱乐 
2025-09-01 21:50:22,809 - INFO - 📈 已处理300044 ST赛为 
2025-09-01 21:50:25,122 - INFO - 📈 已处理300045 华力创通 
2025-09-01 21:50:25,122 - INFO - 📈 已处理 1550/5624 只股票，成功 1549 只
2025-09-01 21:50:27,454 - INFO - 📈 已处理300046 台基股份 
2025-09-01 21:50:29,832 - INFO - 📈 已处理300047 天源迪科 
2025-09-01 21:50:32,300 - INFO - 📈 已处理300048 合康新能 
2025-09-01 21:50:34,602 - INFO - 📈 已处理300049 福瑞股份 
2025-09-01 21:50:36,904 - INFO - 📈 已处理300050 世纪鼎利 
2025-09-01 21:50:39,303 - INFO - 📈 已处理300051 琏升科技 
2025-09-01 21:50:41,623 - INFO - 📈 已处理300052 ST中青宝 
2025-09-01 21:50:44,050 - INFO - 📈 已处理300053 航宇微 
2025-09-01 21:50:46,484 - INFO - 📈 已处理300054 鼎龙股份 
2025-09-01 21:50:48,923 - INFO - 📈 已处理300055 万邦达 
2025-09-01 21:50:51,284 - INFO - 📈 已处理300056 中创环保 
2025-09-01 21:50:53,650 - INFO - 📈 已处理300057 万顺新材 
2025-09-01 21:50:56,029 - INFO - 📈 已处理300058 蓝色光标 
2025-09-01 21:50:58,333 - INFO - 📈 已处理300059 东方财富 
2025-09-01 21:51:00,661 - INFO - 📈 已处理300061 旗天科技 
2025-09-01 21:51:03,039 - INFO - 📈 已处理300062 中能电气 
2025-09-01 21:51:05,327 - INFO - 📈 已处理300063 天龙集团 
2025-09-01 21:51:07,387 - INFO - 📈 已处理300064 金刚退 
2025-09-01 21:51:09,718 - INFO - 📈 已处理300065 海兰信 
2025-09-01 21:51:12,013 - INFO - 📈 已处理300066 三川智慧 
2025-09-01 21:51:14,286 - INFO - 📈 已处理300067 安诺其 
2025-09-01 21:51:16,587 - INFO - 📈 已处理300068 南都电源 
2025-09-01 21:51:18,904 - INFO - 📈 已处理300069 金利华电 
2025-09-01 21:51:21,236 - INFO - 📈 已处理300070 碧水源 
2025-09-01 21:51:23,495 - INFO - 📈 已处理300071 福石控股 
2025-09-01 21:51:25,769 - INFO - 📈 已处理300072 海新能科 
2025-09-01 21:51:28,070 - INFO - 📈 已处理300073 当升科技 
2025-09-01 21:51:30,338 - INFO - 📈 已处理300074 华平股份 
2025-09-01 21:51:32,753 - INFO - 📈 已处理300075 数字政通 
2025-09-01 21:51:35,037 - INFO - 📈 已处理300076 GQY视讯 
2025-09-01 21:51:37,417 - INFO - 📈 已处理300077 国民技术 
2025-09-01 21:51:39,747 - INFO - 📈 已处理300078 思创医惠 
2025-09-01 21:51:42,053 - INFO - 📈 已处理300079 数码视讯 
2025-09-01 21:51:44,269 - INFO - 📈 已处理300080 易成新能 
2025-09-01 21:51:46,569 - INFO - 📈 已处理300081 恒信东方 
2025-09-01 21:51:48,919 - INFO - 📈 已处理300082 奥克股份 
2025-09-01 21:51:51,253 - INFO - 📈 已处理300083 创世纪 
2025-09-01 21:51:53,624 - INFO - 📈 已处理300084 海默科技 
2025-09-01 21:51:55,955 - INFO - 📈 已处理300085 银之杰 
2025-09-01 21:51:58,266 - INFO - 📈 已处理300086 康芝药业 
2025-09-01 21:52:00,531 - INFO - 📈 已处理300087 荃银高科 
2025-09-01 21:52:02,756 - INFO - 📈 已处理300088 长信科技 
2025-09-01 21:52:04,833 - INFO - 📈 已处理300089 文化退 
2025-09-01 21:52:06,703 - INFO - 📈 已处理300090 盛运退 
2025-09-01 21:52:09,035 - INFO - 📈 已处理300091 金通灵 
2025-09-01 21:52:11,261 - INFO - 📈 已处理300092 科新机电 
2025-09-01 21:52:13,575 - INFO - 📈 已处理300093 *ST金刚 
2025-09-01 21:52:15,853 - INFO - 📈 已处理300094 国联水产 
2025-09-01 21:52:18,172 - INFO - 📈 已处理300095 华伍股份 
2025-09-01 21:52:20,432 - INFO - 📈 已处理300096 ST易联众 
2025-09-01 21:52:20,432 - INFO - 📈 已处理 1600/5624 只股票，成功 1599 只
2025-09-01 21:52:22,678 - INFO - 📈 已处理300097 ST智云 
2025-09-01 21:52:24,918 - INFO - 📈 已处理300098 高新兴 
2025-09-01 21:52:27,202 - INFO - 📈 已处理300099 尤洛卡 
2025-09-01 21:52:29,402 - INFO - 📈 已处理300100 双林股份 
2025-09-01 21:52:31,685 - INFO - 📈 已处理300101 振芯科技 
2025-09-01 21:52:34,315 - INFO - 📈 已处理300102 乾照光电 
2025-09-01 21:52:36,668 - INFO - 📈 已处理300103 达刚控股 
2025-09-01 21:52:38,469 - INFO - 📈 已处理300104 乐视退 
2025-09-01 21:52:40,882 - INFO - 📈 已处理300105 龙源技术 
2025-09-01 21:52:43,130 - INFO - 📈 已处理300106 西部牧业 
2025-09-01 21:52:45,451 - INFO - 📈 已处理300107 建新股份 
2025-09-01 21:52:47,724 - INFO - 📈 已处理300108 *ST吉药 
2025-09-01 21:52:49,917 - INFO - 📈 已处理300109 新开源 
2025-09-01 21:52:52,135 - INFO - 📈 已处理300110 华仁药业 
2025-09-01 21:52:54,368 - INFO - 📈 已处理300111 向日葵 
2025-09-01 21:52:56,614 - INFO - 📈 已处理300112 万讯自控 
2025-09-01 21:52:58,835 - INFO - 📈 已处理300113 顺网科技 
2025-09-01 21:53:01,185 - INFO - 📈 已处理300115 长盈精密 
2025-09-01 21:53:03,352 - INFO - 📈 已处理300116 *ST保力 
2025-09-01 21:53:05,601 - INFO - 📈 已处理300117 *ST嘉寓 
2025-09-01 21:53:07,895 - INFO - 📈 已处理300118 东方日升 
2025-09-01 21:53:10,151 - INFO - 📈 已处理300119 瑞普生物 
2025-09-01 21:53:12,447 - INFO - 📈 已处理300120 经纬辉开 
2025-09-01 21:53:14,796 - INFO - 📈 已处理300121 阳谷华泰 
2025-09-01 21:53:17,086 - INFO - 📈 已处理300122 智飞生物 
2025-09-01 21:53:19,368 - INFO - 📈 已处理300123 亚光科技 
2025-09-01 21:53:21,655 - INFO - 📈 已处理300124 汇川技术 
2025-09-01 21:53:23,939 - INFO - 📈 已处理300125 *ST聆达 
2025-09-01 21:53:26,309 - INFO - 📈 已处理300126 锐奇股份 
2025-09-01 21:53:28,603 - INFO - 📈 已处理300127 银河磁体 
2025-09-01 21:53:30,894 - INFO - 📈 已处理300128 锦富技术 
2025-09-01 21:53:33,204 - INFO - 📈 已处理300129 泰胜风能 
2025-09-01 21:53:35,497 - INFO - 📈 已处理300130 新国都 
2025-09-01 21:53:37,711 - INFO - 📈 已处理300131 英唐智控 
2025-09-01 21:53:39,966 - INFO - 📈 已处理300132 青松股份 
2025-09-01 21:53:42,233 - INFO - 📈 已处理300133 华策影视 
2025-09-01 21:53:44,418 - INFO - 📈 已处理300134 大富科技 
2025-09-01 21:53:46,683 - INFO - 📈 已处理300135 宝利国际 
2025-09-01 21:53:48,961 - INFO - 📈 已处理300136 信维通信 
2025-09-01 21:53:51,213 - INFO - 📈 已处理300137 ST先河 
2025-09-01 21:53:53,478 - INFO - 📈 已处理300138 晨光生物 
2025-09-01 21:53:55,749 - INFO - 📈 已处理300139 晓程科技 
2025-09-01 21:53:57,995 - INFO - 📈 已处理300140 节能环境 
2025-09-01 21:54:00,283 - INFO - 📈 已处理300141 和顺电气 
2025-09-01 21:54:02,499 - INFO - 📈 已处理300142 沃森生物 
2025-09-01 21:54:04,665 - INFO - 📈 已处理300143 盈康生命 
2025-09-01 21:54:06,915 - INFO - 📈 已处理300144 宋城演艺 
2025-09-01 21:54:09,263 - INFO - 📈 已处理300145 南方泵业 
2025-09-01 21:54:11,482 - INFO - 📈 已处理300146 汤臣倍健 
2025-09-01 21:54:13,751 - INFO - 📈 已处理300147 ST香雪 
2025-09-01 21:54:13,751 - INFO - 📈 已处理 1650/5624 只股票，成功 1649 只
2025-09-01 21:54:15,950 - INFO - 📈 已处理300148 天舟文化 
2025-09-01 21:54:18,178 - INFO - 📈 已处理300149 睿智医药 
2025-09-01 21:54:20,482 - INFO - 📈 已处理300150 世纪瑞尔 
2025-09-01 21:54:22,732 - INFO - 📈 已处理300151 昌红科技 
2025-09-01 21:54:25,030 - INFO - 📈 已处理300152 ST新动力 
2025-09-01 21:54:27,301 - INFO - 📈 已处理300153 科泰电源 
2025-09-01 21:54:29,554 - INFO - 📈 已处理300154 瑞凌股份 
2025-09-01 21:54:31,848 - INFO - 📈 已处理300155 安居宝 
2025-09-01 21:54:33,731 - INFO - 📈 已处理300156 神雾退 
2025-09-01 21:54:35,934 - INFO - 📈 已处理300157 新锦动力 
2025-09-01 21:54:38,231 - INFO - 📈 已处理300158 振东制药 
2025-09-01 21:54:40,498 - INFO - 📈 已处理300159 *ST新研 
2025-09-01 21:54:42,732 - INFO - 📈 已处理300160 秀强股份 
2025-09-01 21:54:45,015 - INFO - 📈 已处理300161 华中数控 
2025-09-01 21:54:47,281 - INFO - 📈 已处理300162 雷曼光电 
2025-09-01 21:54:49,472 - INFO - 📈 已处理300163 先锋新材 
2025-09-01 21:54:51,648 - INFO - 📈 已处理300164 通源石油 
2025-09-01 21:54:53,966 - INFO - 📈 已处理300165 ST天瑞 
2025-09-01 21:54:56,278 - INFO - 📈 已处理300166 东方国信 
2025-09-01 21:54:58,546 - INFO - 📈 已处理300167 ST迪威迅 
2025-09-01 21:55:00,813 - INFO - 📈 已处理300168 万达信息 
2025-09-01 21:55:03,031 - INFO - 📈 已处理300169 天晟新材 
2025-09-01 21:55:05,581 - INFO - 📈 已处理300170 汉得信息 
2025-09-01 21:55:07,864 - INFO - 📈 已处理300171 东富龙 
2025-09-01 21:55:10,183 - INFO - 📈 已处理300172 中电环保 
2025-09-01 21:55:12,380 - INFO - 📈 已处理300173 福能东方 
2025-09-01 21:55:14,617 - INFO - 📈 已处理300174 元力股份 
2025-09-01 21:55:16,941 - INFO - 📈 已处理300175 ST朗源 
2025-09-01 21:55:19,147 - INFO - 📈 已处理300176 鸿特科技 
2025-09-01 21:55:21,361 - INFO - 📈 已处理300177 中海达 
2025-09-01 21:55:23,365 - INFO - 📈 已处理300178 腾邦退 
2025-09-01 21:55:25,597 - INFO - 📈 已处理300179 四方达 
2025-09-01 21:55:27,831 - INFO - 📈 已处理300180 华峰超纤 
2025-09-01 21:55:30,102 - INFO - 📈 已处理300181 佐力药业 
2025-09-01 21:55:32,338 - INFO - 📈 已处理300182 捷成股份 
2025-09-01 21:55:34,645 - INFO - 📈 已处理300183 东软载波 
2025-09-01 21:55:36,952 - INFO - 📈 已处理300184 力源信息 
2025-09-01 21:55:39,263 - INFO - 📈 已处理300185 通裕重工 
2025-09-01 21:55:40,890 - INFO - 📈 已处理300186 大华农 
2025-09-01 21:55:43,147 - INFO - 📈 已处理300187 永清环保 
2025-09-01 21:55:45,390 - INFO - 📈 已处理300188 国投智能 
2025-09-01 21:55:47,651 - INFO - 📈 已处理300189 神农种业 
2025-09-01 21:55:49,865 - INFO - 📈 已处理300190 维尔利 
2025-09-01 21:55:52,079 - INFO - 📈 已处理300191 潜能恒信 
2025-09-01 21:55:54,314 - INFO - 📈 已处理300192 科德教育 
2025-09-01 21:55:56,579 - INFO - 📈 已处理300193 佳士科技 
2025-09-01 21:55:58,780 - INFO - 📈 已处理300194 福安药业 
2025-09-01 21:56:01,040 - INFO - 📈 已处理300195 长荣股份 
2025-09-01 21:56:03,267 - INFO - 📈 已处理300196 长海股份 
2025-09-01 21:56:05,501 - INFO - 📈 已处理300197 节能铁汉 
2025-09-01 21:56:05,501 - INFO - 📈 已处理 1700/5624 只股票，成功 1699 只
2025-09-01 21:56:07,742 - INFO - 📈 已处理300198 ST纳川 
2025-09-01 21:56:09,998 - INFO - 📈 已处理300199 翰宇药业 
2025-09-01 21:56:12,356 - INFO - 📈 已处理300200 高盟新材 
2025-09-01 21:56:14,607 - INFO - 📈 已处理300201 海伦哲 
2025-09-01 21:56:16,678 - INFO - 📈 已处理300202 聚龙退 
2025-09-01 21:56:18,974 - INFO - 📈 已处理300203 聚光科技 
2025-09-01 21:56:21,259 - INFO - 📈 已处理300204 舒泰神 
2025-09-01 21:56:23,512 - INFO - 📈 已处理300205 *ST天喻 
2025-09-01 21:56:25,846 - INFO - 📈 已处理300206 理邦仪器 
2025-09-01 21:56:28,105 - INFO - 📈 已处理300207 欣旺达 
2025-09-01 21:56:30,296 - INFO - 📈 已处理300208 中程退 
2025-09-01 21:56:32,490 - INFO - 📈 已处理300209 有棵树 
2025-09-01 21:56:34,553 - INFO - 📈 已处理300210 森远股份 
2025-09-01 21:56:36,596 - INFO - 📈 已处理300211 *ST亿通 
2025-09-01 21:56:38,646 - INFO - 📈 已处理300212 易华录 
2025-09-01 21:56:40,716 - INFO - 📈 已处理300213 佳讯飞鸿 
2025-09-01 21:56:42,731 - INFO - 📈 已处理300214 日科化学 
2025-09-01 21:56:44,772 - INFO - 📈 已处理300215 电科院 
2025-09-01 21:56:46,351 - INFO - 📈 已处理300216 千山退 
2025-09-01 21:56:48,327 - INFO - 📈 已处理300217 东方电热 
2025-09-01 21:56:50,361 - INFO - 📈 已处理300218 安利股份 
2025-09-01 21:56:52,331 - INFO - 📈 已处理300219 鸿利智汇 
2025-09-01 21:56:54,288 - INFO - 📈 已处理300220 金运激光 
2025-09-01 21:56:56,297 - INFO - 📈 已处理300221 银禧科技 
2025-09-01 21:56:58,290 - INFO - 📈 已处理300222 科大智能 
2025-09-01 21:57:00,229 - INFO - 📈 已处理300223 北京君正 
2025-09-01 21:57:02,200 - INFO - 📈 已处理300224 正海磁材 
2025-09-01 21:57:04,133 - INFO - 📈 已处理300225 *ST金泰 
2025-09-01 21:57:06,158 - INFO - 📈 已处理300226 上海钢联 
2025-09-01 21:57:08,156 - INFO - 📈 已处理300227 光韵达 
2025-09-01 21:57:10,188 - INFO - 📈 已处理300228 富瑞特装 
2025-09-01 21:57:12,145 - INFO - 📈 已处理300229 拓尔思 
2025-09-01 21:57:14,097 - INFO - 📈 已处理300230 永利股份 
2025-09-01 21:57:16,088 - INFO - 📈 已处理300231 银信科技 
2025-09-01 21:57:18,054 - INFO - 📈 已处理300232 洲明科技 
2025-09-01 21:57:19,995 - INFO - 📈 已处理300233 金城医药 
2025-09-01 21:57:21,928 - INFO - 📈 已处理300234 开尔新材 
2025-09-01 21:57:23,891 - INFO - 📈 已处理300235 方直科技 
2025-09-01 21:57:25,861 - INFO - 📈 已处理300236 上海新阳 
2025-09-01 21:57:27,777 - INFO - 📈 已处理300237 美晨科技 
2025-09-01 21:57:29,708 - INFO - 📈 已处理300238 冠昊生物 
2025-09-01 21:57:31,694 - INFO - 📈 已处理300239 东宝生物 
2025-09-01 21:57:33,677 - INFO - 📈 已处理300240 飞力达 
2025-09-01 21:57:35,637 - INFO - 📈 已处理300241 瑞丰光电 
2025-09-01 21:57:37,543 - INFO - 📈 已处理300242 佳云科技 
2025-09-01 21:57:39,494 - INFO - 📈 已处理300243 瑞丰高材 
2025-09-01 21:57:41,461 - INFO - 📈 已处理300244 迪安诊断 
2025-09-01 21:57:43,461 - INFO - 📈 已处理300245 天玑科技 
2025-09-01 21:57:45,477 - INFO - 📈 已处理300246 宝莱特 
2025-09-01 21:57:47,411 - INFO - 📈 已处理300247 融捷健康 
2025-09-01 21:57:47,411 - INFO - 📈 已处理 1750/5624 只股票，成功 1749 只
2025-09-01 21:57:49,377 - INFO - 📈 已处理300248 新开普 
2025-09-01 21:57:51,344 - INFO - 📈 已处理300249 依米康 
2025-09-01 21:57:53,311 - INFO - 📈 已处理300250 初灵信息 
2025-09-01 21:57:55,260 - INFO - 📈 已处理300251 光线传媒 
2025-09-01 21:57:57,193 - INFO - 📈 已处理300252 金信诺 
2025-09-01 21:57:59,160 - INFO - 📈 已处理300253 卫宁健康 
2025-09-01 21:58:01,129 - INFO - 📈 已处理300254 仟源医药 
2025-09-01 21:58:03,077 - INFO - 📈 已处理300255 常山药业 
2025-09-01 21:58:05,003 - INFO - 📈 已处理300256 星星科技 
2025-09-01 21:58:06,960 - INFO - 📈 已处理300257 开山股份 
2025-09-01 21:58:08,956 - INFO - 📈 已处理300258 精锻科技 
2025-09-01 21:58:10,959 - INFO - 📈 已处理300259 新天科技 
2025-09-01 21:58:13,075 - INFO - 📈 已处理300260 新莱应材 
2025-09-01 21:58:15,166 - INFO - 📈 已处理300261 雅本化学 
2025-09-01 21:58:17,120 - INFO - 📈 已处理300262 *ST巴安 
2025-09-01 21:58:19,097 - INFO - 📈 已处理300263 隆华科技 
2025-09-01 21:58:21,080 - INFO - 📈 已处理300264 佳创视讯 
2025-09-01 21:58:22,994 - INFO - 📈 已处理300265 通光线缆 
2025-09-01 21:58:24,868 - INFO - 📈 已处理300266 兴源环境 
2025-09-01 21:58:26,827 - INFO - 📈 已处理300267 尔康制药 
2025-09-01 21:58:28,731 - INFO - 📈 已处理300268 *ST佳沃 
2025-09-01 21:58:30,620 - INFO - 📈 已处理300269 联建光电 
2025-09-01 21:58:32,587 - INFO - 📈 已处理300270 中威电子 
2025-09-01 21:58:34,575 - INFO - 📈 已处理300271 华宇软件 
2025-09-01 21:58:36,552 - INFO - 📈 已处理300272 开能健康 
2025-09-01 21:58:38,363 - INFO - 📈 已处理300273 和佳退 
2025-09-01 21:58:40,355 - INFO - 📈 已处理300274 阳光电源 
2025-09-01 21:58:42,353 - INFO - 📈 已处理300275 梅安森 
2025-09-01 21:58:44,242 - INFO - 📈 已处理300276 三丰智能 
2025-09-01 21:58:46,143 - INFO - 📈 已处理300277 海联讯 
2025-09-01 21:58:47,942 - INFO - 📈 已处理300278 华昌达 
2025-09-01 21:58:49,843 - INFO - 📈 已处理300279 和晶科技 
2025-09-01 21:58:51,802 - INFO - 📈 已处理300280 *ST紫天 
2025-09-01 21:58:53,759 - INFO - 📈 已处理300281 金明精机 
2025-09-01 21:58:55,588 - INFO - 📈 已处理300282 三盛退 
2025-09-01 21:58:57,645 - INFO - 📈 已处理300283 温州宏丰 
2025-09-01 21:58:59,559 - INFO - 📈 已处理300284 苏交科 
2025-09-01 21:59:01,526 - INFO - 📈 已处理300285 国瓷材料 
2025-09-01 21:59:03,497 - INFO - 📈 已处理300286 安科瑞 
2025-09-01 21:59:05,478 - INFO - 📈 已处理300287 飞利信 
2025-09-01 21:59:07,570 - INFO - 📈 已处理300288 朗玛信息 
2025-09-01 21:59:09,525 - INFO - 📈 已处理300289 利德曼 
2025-09-01 21:59:11,376 - INFO - 📈 已处理300290 荣科科技 
2025-09-01 21:59:13,289 - INFO - 📈 已处理300291 百纳千成 
2025-09-01 21:59:15,158 - INFO - 📈 已处理300292 吴通控股 
2025-09-01 21:59:17,091 - INFO - 📈 已处理300293 蓝英装备 
2025-09-01 21:59:19,010 - INFO - 📈 已处理300294 博雅生物 
2025-09-01 21:59:21,018 - INFO - 📈 已处理300295 三六五网 
2025-09-01 21:59:22,925 - INFO - 📈 已处理300296 利亚德 
2025-09-01 21:59:24,708 - INFO - 📈 已处理300297 蓝盾退 
2025-09-01 21:59:24,708 - INFO - 📈 已处理 1800/5624 只股票，成功 1799 只
2025-09-01 21:59:26,596 - INFO - 📈 已处理300298 三诺生物 
2025-09-01 21:59:28,425 - INFO - 📈 已处理300299 富春股份 
2025-09-01 21:59:30,309 - INFO - 📈 已处理300300 海峡创新 
2025-09-01 21:59:32,205 - INFO - 📈 已处理300301 ST长方 
2025-09-01 21:59:34,141 - INFO - 📈 已处理300302 同有科技 
2025-09-01 21:59:36,091 - INFO - 📈 已处理300303 聚飞光电 
2025-09-01 21:59:38,008 - INFO - 📈 已处理300304 云意电气 
2025-09-01 21:59:39,945 - INFO - 📈 已处理300305 裕兴股份 
2025-09-01 21:59:41,891 - INFO - 📈 已处理300306 远方信息 
2025-09-01 21:59:43,842 - INFO - 📈 已处理300307 慈星股份 
2025-09-01 21:59:45,774 - INFO - 📈 已处理300308 中际旭创 
2025-09-01 21:59:47,543 - INFO - 📈 已处理300309 吉艾退 
2025-09-01 21:59:49,442 - INFO - 📈 已处理300310 宜通世纪 
2025-09-01 21:59:51,340 - INFO - 📈 已处理300311 ST任子行 
2025-09-01 21:59:53,025 - INFO - 📈 已处理300312 邦讯退 
2025-09-01 21:59:54,869 - INFO - 📈 已处理300313 *ST天山 
2025-09-01 21:59:56,821 - INFO - 📈 已处理300314 戴维医疗 
2025-09-01 21:59:58,652 - INFO - 📈 已处理300315 掌趣科技 
2025-09-01 22:00:00,550 - INFO - 📈 已处理300316 晶盛机电 
2025-09-01 22:00:02,394 - INFO - 📈 已处理300317 珈伟新能 
2025-09-01 22:00:04,306 - INFO - 📈 已处理300318 博晖创新 
2025-09-01 22:00:06,207 - INFO - 📈 已处理300319 麦捷科技 
2025-09-01 22:00:08,117 - INFO - 📈 已处理300320 海达股份 
2025-09-01 22:00:10,022 - INFO - 📈 已处理300321 同大股份 
2025-09-01 22:00:11,907 - INFO - 📈 已处理300322 硕贝德 
2025-09-01 22:00:13,749 - INFO - 📈 已处理300323 华灿光电 
2025-09-01 22:00:16,110 - INFO - 📈 已处理300324 旋极信息 
2025-09-01 22:00:17,807 - INFO - 📈 已处理300325 德威退 
2025-09-01 22:00:19,656 - INFO - 📈 已处理300326 ST凯利 
2025-09-01 22:00:21,616 - INFO - 📈 已处理300327 中颖电子 
2025-09-01 22:00:23,575 - INFO - 📈 已处理300328 宜安科技 
2025-09-01 22:00:25,540 - INFO - 📈 已处理300329 海伦钢琴 
2025-09-01 22:00:27,273 - INFO - 📈 已处理300330 计通退 
2025-09-01 22:00:29,156 - INFO - 📈 已处理300331 苏大维格 
2025-09-01 22:00:31,006 - INFO - 📈 已处理300332 天壕能源 
2025-09-01 22:00:32,958 - INFO - 📈 已处理300333 兆日科技 
2025-09-01 22:00:34,829 - INFO - 📈 已处理300334 津膜科技 
2025-09-01 22:00:36,709 - INFO - 📈 已处理300335 迪森股份 
2025-09-01 22:00:38,473 - INFO - 📈 已处理300336 新文退 
2025-09-01 22:00:40,373 - INFO - 📈 已处理300337 银邦股份 
2025-09-01 22:00:42,273 - INFO - 📈 已处理300338 ST开元 
2025-09-01 22:00:44,172 - INFO - 📈 已处理300339 润和软件 
2025-09-01 22:00:46,040 - INFO - 📈 已处理300340 科恒股份 
2025-09-01 22:00:47,923 - INFO - 📈 已处理300341 麦克奥迪 
2025-09-01 22:00:49,825 - INFO - 📈 已处理300342 天银机电 
2025-09-01 22:00:51,727 - INFO - 📈 已处理300343 ST联创 
2025-09-01 22:00:53,622 - INFO - 📈 已处理300344 ST立方 
2025-09-01 22:00:55,473 - INFO - 📈 已处理300345 华民股份 
2025-09-01 22:00:57,387 - INFO - 📈 已处理300346 南大光电 
2025-09-01 22:00:59,255 - INFO - 📈 已处理300347 泰格医药 
2025-09-01 22:00:59,255 - INFO - 📈 已处理 1850/5624 只股票，成功 1849 只
2025-09-01 22:01:01,104 - INFO - 📈 已处理300348 长亮科技 
2025-09-01 22:01:02,956 - INFO - 📈 已处理300349 金卡智能 
2025-09-01 22:01:04,843 - INFO - 📈 已处理300350 华鹏飞 
2025-09-01 22:01:06,744 - INFO - 📈 已处理300351 永贵电器 
2025-09-01 22:01:08,622 - INFO - 📈 已处理300352 北信源 
2025-09-01 22:01:10,422 - INFO - 📈 已处理300353 东土科技 
2025-09-01 22:01:12,306 - INFO - 📈 已处理300354 东华测试 
2025-09-01 22:01:14,172 - INFO - 📈 已处理300355 蒙草生态 
2025-09-01 22:01:15,872 - INFO - 📈 已处理300356 光一退 
2025-09-01 22:01:17,909 - INFO - 📈 已处理300357 我武生物 
2025-09-01 22:01:19,856 - INFO - 📈 已处理300358 楚天科技 
2025-09-01 22:01:21,957 - INFO - 📈 已处理300359 全通教育 
2025-09-01 22:01:23,898 - INFO - 📈 已处理300360 炬华科技 
2025-09-01 22:01:25,326 - INFO - 📈 已处理300362 天翔退 
2025-09-01 22:01:27,138 - INFO - 📈 已处理300363 博腾股份 
2025-09-01 22:01:28,882 - INFO - 📈 已处理300364 中文在线 
2025-09-01 22:01:30,724 - INFO - 📈 已处理300365 恒华科技 
2025-09-01 22:01:32,525 - INFO - 📈 已处理300366 创意信息 
2025-09-01 22:01:34,114 - INFO - 📈 已处理300367 网力退 
2025-09-01 22:01:35,928 - INFO - 📈 已处理300368 汇金股份 
2025-09-01 22:01:37,746 - INFO - 📈 已处理300369 绿盟科技 
2025-09-01 22:01:39,633 - INFO - 📈 已处理300370 安控科技 
2025-09-01 22:01:41,520 - INFO - 📈 已处理300371 汇中股份 
2025-09-01 22:01:42,772 - INFO - 📈 已处理300372 欣泰退 
2025-09-01 22:01:44,606 - INFO - 📈 已处理300373 扬杰科技 
2025-09-01 22:01:46,364 - INFO - 📈 已处理300374 中铁装配 
2025-09-01 22:01:48,294 - INFO - 📈 已处理300375 鹏翎股份 
2025-09-01 22:01:50,152 - INFO - 📈 已处理300376 ST易事特 
2025-09-01 22:01:51,988 - INFO - 📈 已处理300377 赢时胜 
2025-09-01 22:01:53,851 - INFO - 📈 已处理300378 鼎捷数智 
2025-09-01 22:01:55,663 - INFO - 📈 已处理300379 *ST东通 
2025-09-01 22:01:57,516 - INFO - 📈 已处理300380 安硕信息 
2025-09-01 22:01:59,423 - INFO - 📈 已处理300381 溢多利 
2025-09-01 22:02:01,300 - INFO - 📈 已处理300382 斯莱克 
2025-09-01 22:02:03,141 - INFO - 📈 已处理300383 光环新网 
2025-09-01 22:02:04,938 - INFO - 📈 已处理300384 三联虹普 
2025-09-01 22:02:06,797 - INFO - 📈 已处理300385 雪浪环境 
2025-09-01 22:02:08,664 - INFO - 📈 已处理300386 飞天诚信 
2025-09-01 22:02:10,557 - INFO - 📈 已处理300387 富邦科技 
2025-09-01 22:02:12,417 - INFO - 📈 已处理300388 节能国祯 
2025-09-01 22:02:14,251 - INFO - 📈 已处理300389 艾比森 
2025-09-01 22:02:16,156 - INFO - 📈 已处理300390 天华新能 
2025-09-01 22:02:17,937 - INFO - 📈 已处理300391 *ST长药 
2025-09-01 22:02:19,570 - INFO - 📈 已处理300392 腾信退 
2025-09-01 22:02:21,393 - INFO - 📈 已处理300393 中来股份 
2025-09-01 22:02:23,210 - INFO - 📈 已处理300394 天孚通信 
2025-09-01 22:02:25,023 - INFO - 📈 已处理300395 菲利华 
2025-09-01 22:02:26,820 - INFO - 📈 已处理300396 迪瑞医疗 
2025-09-01 22:02:28,628 - INFO - 📈 已处理300397 天和防务 
2025-09-01 22:02:30,495 - INFO - 📈 已处理300398 飞凯材料 
2025-09-01 22:02:30,495 - INFO - 📈 已处理 1900/5624 只股票，成功 1899 只
2025-09-01 22:02:32,359 - INFO - 📈 已处理300399 天利科技 
2025-09-01 22:02:34,213 - INFO - 📈 已处理300400 劲拓股份 
2025-09-01 22:02:36,057 - INFO - 📈 已处理300401 花园生物 
2025-09-01 22:02:37,884 - INFO - 📈 已处理300402 宝色股份 
2025-09-01 22:02:39,804 - INFO - 📈 已处理300403 汉宇集团 
2025-09-01 22:02:41,592 - INFO - 📈 已处理300404 博济医药 
2025-09-01 22:02:43,458 - INFO - 📈 已处理300405 科隆股份 
2025-09-01 22:02:45,318 - INFO - 📈 已处理300406 九强生物 
2025-09-01 22:02:47,084 - INFO - 📈 已处理300407 凯发电气 
2025-09-01 22:02:48,887 - INFO - 📈 已处理300408 三环集团 
2025-09-01 22:02:50,650 - INFO - 📈 已处理300409 道氏技术 
2025-09-01 22:02:52,382 - INFO - 📈 已处理300410 正业科技 
2025-09-01 22:02:54,130 - INFO - 📈 已处理300411 金盾股份 
2025-09-01 22:02:55,905 - INFO - 📈 已处理300412 迦南科技 
2025-09-01 22:02:57,683 - INFO - 📈 已处理300413 芒果超媒 
2025-09-01 22:02:59,470 - INFO - 📈 已处理300414 中光防雷 
2025-09-01 22:03:01,332 - INFO - 📈 已处理300415 伊之密 
2025-09-01 22:03:03,246 - INFO - 📈 已处理300416 苏试试验 
2025-09-01 22:03:05,416 - INFO - 📈 已处理300417 南华仪器 
2025-09-01 22:03:07,207 - INFO - 📈 已处理300418 昆仑万维 
2025-09-01 22:03:08,961 - INFO - 📈 已处理300419 ST浩丰 
2025-09-01 22:03:10,724 - INFO - 📈 已处理300420 五洋自控 
2025-09-01 22:03:12,507 - INFO - 📈 已处理300421 力星股份 
2025-09-01 22:03:14,279 - INFO - 📈 已处理300422 博世科 
2025-09-01 22:03:16,039 - INFO - 📈 已处理300423 昇辉科技 
2025-09-01 22:03:17,800 - INFO - 📈 已处理300424 航新科技 
2025-09-01 22:03:19,566 - INFO - 📈 已处理300425 中建环能 
2025-09-01 22:03:21,330 - INFO - 📈 已处理300426 华智数媒 
2025-09-01 22:03:23,077 - INFO - 📈 已处理300427 红相股份 
2025-09-01 22:03:24,875 - INFO - 📈 已处理300428 立中集团 
2025-09-01 22:03:26,674 - INFO - 📈 已处理300429 强力新材 
2025-09-01 22:03:28,497 - INFO - 📈 已处理300430 诚益通 
2025-09-01 22:03:29,899 - INFO - 📈 已处理300431 暴风退 
2025-09-01 22:03:31,689 - INFO - 📈 已处理300432 富临精工 
2025-09-01 22:03:33,484 - INFO - 📈 已处理300433 蓝思科技 
2025-09-01 22:03:35,226 - INFO - 📈 已处理300434 金石亚药 
2025-09-01 22:03:36,996 - INFO - 📈 已处理300435 中泰股份 
2025-09-01 22:03:38,741 - INFO - 📈 已处理300436 广生堂 
2025-09-01 22:03:40,481 - INFO - 📈 已处理300437 清水源 
2025-09-01 22:03:42,252 - INFO - 📈 已处理300438 鹏辉能源 
2025-09-01 22:03:44,012 - INFO - 📈 已处理300439 美康生物 
2025-09-01 22:03:45,804 - INFO - 📈 已处理300440 运达科技 
2025-09-01 22:03:47,575 - INFO - 📈 已处理300441 鲍斯股份 
2025-09-01 22:03:49,382 - INFO - 📈 已处理300442 润泽科技 
2025-09-01 22:03:51,165 - INFO - 📈 已处理300443 金雷股份 
2025-09-01 22:03:52,925 - INFO - 📈 已处理300444 双杰电气 
2025-09-01 22:03:54,720 - INFO - 📈 已处理300445 康斯特 
2025-09-01 22:03:56,533 - INFO - 📈 已处理300446 航天智造 
2025-09-01 22:03:58,298 - INFO - 📈 已处理300447 全信股份 
2025-09-01 22:04:01,155 - INFO - 📈 已处理300448 浩云科技 
2025-09-01 22:04:01,155 - INFO - 📈 已处理 1950/5624 只股票，成功 1949 只
2025-09-01 22:04:02,919 - INFO - 📈 已处理300449 汉邦高科 
2025-09-01 22:04:04,669 - INFO - 📈 已处理300450 先导智能 
2025-09-01 22:04:06,410 - INFO - 📈 已处理300451 创业慧康 
2025-09-01 22:04:08,248 - INFO - 📈 已处理300452 山河药辅 
2025-09-01 22:04:09,993 - INFO - 📈 已处理300453 三鑫医疗 
2025-09-01 22:04:11,575 - INFO - 📈 已处理300454 深信服 
2025-09-01 22:04:13,328 - INFO - 📈 已处理300455 航天智装 
2025-09-01 22:04:15,102 - INFO - 📈 已处理300456 赛微电子 
2025-09-01 22:04:16,843 - INFO - 📈 已处理300457 赢合科技 
2025-09-01 22:04:18,649 - INFO - 📈 已处理300458 全志科技 
2025-09-01 22:04:20,387 - INFO - 📈 已处理300459 汤姆猫 
2025-09-01 22:04:22,175 - INFO - 📈 已处理300460 惠伦晶体 
2025-09-01 22:04:23,914 - INFO - 📈 已处理300461 田中精机 
2025-09-01 22:04:25,796 - INFO - 📈 已处理300462 ST华铭 
2025-09-01 22:04:27,670 - INFO - 📈 已处理300463 迈克生物 
2025-09-01 22:04:29,414 - INFO - 📈 已处理300464 星徽股份 
2025-09-01 22:04:31,186 - INFO - 📈 已处理300465 高伟达 
2025-09-01 22:04:32,865 - INFO - 📈 已处理300466 赛摩智能 
2025-09-01 22:04:34,572 - INFO - 📈 已处理300467 迅游科技 
2025-09-01 22:04:36,430 - INFO - 📈 已处理300468 四方精创 
2025-09-01 22:04:38,155 - INFO - 📈 已处理300469 信息发展 
2025-09-01 22:04:39,947 - INFO - 📈 已处理300470 中密控股 
2025-09-01 22:04:41,685 - INFO - 📈 已处理300471 厚普股份 
2025-09-01 22:04:43,373 - INFO - 📈 已处理300472 *ST新元 
2025-09-01 22:04:45,140 - INFO - 📈 已处理300473 德尔股份 
2025-09-01 22:04:46,848 - INFO - 📈 已处理300474 景嘉微 
2025-09-01 22:04:48,673 - INFO - 📈 已处理300475 香农芯创 
2025-09-01 22:04:50,487 - INFO - 📈 已处理300476 胜宏科技 
2025-09-01 22:04:52,247 - INFO - 📈 已处理300477 ST合纵 
2025-09-01 22:04:53,998 - INFO - 📈 已处理300478 杭州高新 
2025-09-01 22:04:55,722 - INFO - 📈 已处理300479 神思电子 
2025-09-01 22:04:57,512 - INFO - 📈 已处理300480 光力科技 
2025-09-01 22:04:59,253 - INFO - 📈 已处理300481 濮阳惠成 
2025-09-01 22:05:01,005 - INFO - 📈 已处理300482 万孚生物 
2025-09-01 22:05:02,825 - INFO - 📈 已处理300483 首华燃气 
2025-09-01 22:05:04,528 - INFO - 📈 已处理300484 蓝海华腾 
2025-09-01 22:05:06,363 - INFO - 📈 已处理300485 赛升药业 
2025-09-01 22:05:08,311 - INFO - 📈 已处理300486 东杰智能 
2025-09-01 22:05:10,150 - INFO - 📈 已处理300487 蓝晓科技 
2025-09-01 22:05:11,897 - INFO - 📈 已处理300488 恒锋工具 
2025-09-01 22:05:13,637 - INFO - 📈 已处理300489 光智科技 
2025-09-01 22:05:15,344 - INFO - 📈 已处理300490 华自科技 
2025-09-01 22:05:17,035 - INFO - 📈 已处理300491 通合科技 
2025-09-01 22:05:18,723 - INFO - 📈 已处理300492 华图山鼎 
2025-09-01 22:05:20,440 - INFO - 📈 已处理300493 润欣科技 
2025-09-01 22:05:22,175 - INFO - 📈 已处理300494 盛天网络 
2025-09-01 22:05:23,841 - INFO - 📈 已处理300495 *ST美尚 
2025-09-01 22:05:25,604 - INFO - 📈 已处理300496 中科创达 
2025-09-01 22:05:27,406 - INFO - 📈 已处理300497 富祥药业 
2025-09-01 22:05:29,196 - INFO - 📈 已处理300498 温氏股份 
2025-09-01 22:05:29,196 - INFO - 📈 已处理 2000/5624 只股票，成功 1999 只
2025-09-01 22:05:30,956 - INFO - 📈 已处理300499 高澜股份 
2025-09-01 22:05:32,701 - INFO - 📈 已处理300500 启迪设计 
2025-09-01 22:05:34,416 - INFO - 📈 已处理300501 海顺新材 
2025-09-01 22:05:36,136 - INFO - 📈 已处理300502 新易盛 
2025-09-01 22:05:37,883 - INFO - 📈 已处理300503 昊志机电 
2025-09-01 22:05:39,469 - INFO - 📈 已处理300504 天邑股份 
2025-09-01 22:05:41,202 - INFO - 📈 已处理300505 川金诺 
2025-09-01 22:05:42,903 - INFO - 📈 已处理300506 ST名家汇 
2025-09-01 22:05:44,642 - INFO - 📈 已处理300507 苏奥传感 
2025-09-01 22:05:46,383 - INFO - 📈 已处理300508 维宏股份 
2025-09-01 22:05:48,187 - INFO - 📈 已处理300509 新美星 
2025-09-01 22:05:49,884 - INFO - 📈 已处理300510 金冠股份 
2025-09-01 22:05:51,630 - INFO - 📈 已处理300511 雪榕生物 
2025-09-01 22:05:53,356 - INFO - 📈 已处理300512 中亚股份 
2025-09-01 22:05:55,024 - INFO - 📈 已处理300513 恒实科技 
2025-09-01 22:05:56,653 - INFO - 📈 已处理300514 友讯达 
2025-09-01 22:05:58,347 - INFO - 📈 已处理300515 三德科技 
2025-09-01 22:06:00,083 - INFO - 📈 已处理300516 久之洋 
2025-09-01 22:06:01,766 - INFO - 📈 已处理300517 海波重科 
2025-09-01 22:06:03,414 - INFO - 📈 已处理300518 新迅达 
2025-09-01 22:06:05,099 - INFO - 📈 已处理300519 新光药业 
2025-09-01 22:06:06,799 - INFO - 📈 已处理300520 科大国创 
2025-09-01 22:06:08,477 - INFO - 📈 已处理300521 爱司凯 
2025-09-01 22:06:10,164 - INFO - 📈 已处理300522 世名科技 
2025-09-01 22:06:11,799 - INFO - 📈 已处理300523 辰安科技 
2025-09-01 22:06:13,465 - INFO - 📈 已处理300525 博思软件 
2025-09-01 22:06:14,961 - INFO - 📈 已处理300526 中潜退 
2025-09-01 22:06:16,698 - INFO - 📈 已处理300527 ST应急 
2025-09-01 22:06:18,427 - INFO - 📈 已处理300528 幸福蓝海 
2025-09-01 22:06:20,098 - INFO - 📈 已处理300529 健帆生物 
2025-09-01 22:06:21,765 - INFO - 📈 已处理300530 领湃科技 
2025-09-01 22:06:23,432 - INFO - 📈 已处理300531 优博讯 
2025-09-01 22:06:25,113 - INFO - 📈 已处理300532 今天国际 
2025-09-01 22:06:26,781 - INFO - 📈 已处理300533 冰川网络 
2025-09-01 22:06:28,461 - INFO - 📈 已处理300534 陇神戎发 
2025-09-01 22:06:30,122 - INFO - 📈 已处理300535 达威股份 
2025-09-01 22:06:31,853 - INFO - 📈 已处理300536 农尚环境 
2025-09-01 22:06:33,506 - INFO - 📈 已处理300537 广信材料 
2025-09-01 22:06:35,190 - INFO - 📈 已处理300538 同益股份 
2025-09-01 22:06:37,001 - INFO - 📈 已处理300539 横河精密 
2025-09-01 22:06:38,783 - INFO - 📈 已处理300540 蜀道装备 
2025-09-01 22:06:40,547 - INFO - 📈 已处理300541 先进数通 
2025-09-01 22:06:42,317 - INFO - 📈 已处理300542 新晨科技 
2025-09-01 22:06:44,081 - INFO - 📈 已处理300543 朗科智能 
2025-09-01 22:06:45,862 - INFO - 📈 已处理300545 联得装备 
2025-09-01 22:06:47,631 - INFO - 📈 已处理300546 雄帝科技 
2025-09-01 22:06:49,364 - INFO - 📈 已处理300547 川环科技 
2025-09-01 22:06:51,132 - INFO - 📈 已处理300548 长芯博创 
2025-09-01 22:06:53,264 - INFO - 📈 已处理300549 优德精密 
2025-09-01 22:06:55,048 - INFO - 📈 已处理300550 和仁科技 
2025-09-01 22:06:55,048 - INFO - 📈 已处理 2050/5624 只股票，成功 2049 只
2025-09-01 22:06:56,824 - INFO - 📈 已处理300551 古鳌科技 
2025-09-01 22:06:58,596 - INFO - 📈 已处理300552 万集科技 
2025-09-01 22:07:00,353 - INFO - 📈 已处理300553 集智股份 
2025-09-01 22:07:02,097 - INFO - 📈 已处理300554 三超新材 
2025-09-01 22:07:03,864 - INFO - 📈 已处理300555 ST路通 
2025-09-01 22:07:05,618 - INFO - 📈 已处理300556 丝路视觉 
2025-09-01 22:07:07,376 - INFO - 📈 已处理300557 理工光科 
2025-09-01 22:07:09,184 - INFO - 📈 已处理300558 贝达药业 
2025-09-01 22:07:10,975 - INFO - 📈 已处理300559 佳发教育 
2025-09-01 22:07:12,730 - INFO - 📈 已处理300560 中富通 
2025-09-01 22:07:14,467 - INFO - 📈 已处理300561 *ST汇科 
2025-09-01 22:07:16,230 - INFO - 📈 已处理300562 乐心医疗 
2025-09-01 22:07:17,964 - INFO - 📈 已处理300563 神宇股份 
2025-09-01 22:07:19,514 - INFO - 📈 已处理300564 筑博设计 
2025-09-01 22:07:21,268 - INFO - 📈 已处理300565 科信技术 
2025-09-01 22:07:23,030 - INFO - 📈 已处理300566 激智科技 
2025-09-01 22:07:24,794 - INFO - 📈 已处理300567 精测电子 
2025-09-01 22:07:26,530 - INFO - 📈 已处理300568 星源材质 
2025-09-01 22:07:28,310 - INFO - 📈 已处理300569 天能重工 
2025-09-01 22:07:30,080 - INFO - 📈 已处理300570 太辰光 
2025-09-01 22:07:31,850 - INFO - 📈 已处理300571 平治信息 
2025-09-01 22:07:33,605 - INFO - 📈 已处理300572 安车检测 
2025-09-01 22:07:35,363 - INFO - 📈 已处理300573 兴齐眼药 
2025-09-01 22:07:37,096 - INFO - 📈 已处理300575 中旗股份 
2025-09-01 22:07:38,848 - INFO - 📈 已处理300576 容大感光 
2025-09-01 22:07:40,627 - INFO - 📈 已处理300577 开润股份 
2025-09-01 22:07:42,381 - INFO - 📈 已处理300578 会畅通讯 
2025-09-01 22:07:44,164 - INFO - 📈 已处理300579 数字认证 
2025-09-01 22:07:45,914 - INFO - 📈 已处理300580 贝斯特 
2025-09-01 22:07:47,680 - INFO - 📈 已处理300581 晨曦航空 
2025-09-01 22:07:49,410 - INFO - 📈 已处理300582 英飞特 
2025-09-01 22:07:51,180 - INFO - 📈 已处理300583 赛托生物 
2025-09-01 22:07:52,932 - INFO - 📈 已处理300584 海辰药业 
2025-09-01 22:07:54,673 - INFO - 📈 已处理300585 奥联电子 
2025-09-01 22:07:56,423 - INFO - 📈 已处理300586 美联新材 
2025-09-01 22:07:58,147 - INFO - 📈 已处理300587 天铁科技 
2025-09-01 22:07:59,913 - INFO - 📈 已处理300588 熙菱信息 
2025-09-01 22:08:01,631 - INFO - 📈 已处理300589 江龙船艇 
2025-09-01 22:08:03,346 - INFO - 📈 已处理300590 移为通信 
2025-09-01 22:08:05,083 - INFO - 📈 已处理300591 万里马 
2025-09-01 22:08:06,829 - INFO - 📈 已处理300592 华凯易佰 
2025-09-01 22:08:08,594 - INFO - 📈 已处理300593 新雷能 
2025-09-01 22:08:10,164 - INFO - 📈 已处理300594 朗进科技 
2025-09-01 22:08:11,946 - INFO - 📈 已处理300595 欧普康视 
2025-09-01 22:08:13,674 - INFO - 📈 已处理300596 利安隆 
2025-09-01 22:08:15,430 - INFO - 📈 已处理300597 吉大通信 
2025-09-01 22:08:17,177 - INFO - 📈 已处理300598 诚迈科技 
2025-09-01 22:08:18,938 - INFO - 📈 已处理300599 雄塑科技 
2025-09-01 22:08:20,701 - INFO - 📈 已处理300600 国瑞科技 
2025-09-01 22:08:22,457 - INFO - 📈 已处理300601 康泰生物 
2025-09-01 22:08:22,457 - INFO - 📈 已处理 2100/5624 只股票，成功 2099 只
2025-09-01 22:08:24,196 - INFO - 📈 已处理300602 飞荣达 
2025-09-01 22:08:25,913 - INFO - 📈 已处理300603 立昂技术 
2025-09-01 22:08:27,646 - INFO - 📈 已处理300604 长川科技 
2025-09-01 22:08:29,396 - INFO - 📈 已处理300605 恒锋信息 
2025-09-01 22:08:31,162 - INFO - 📈 已处理300606 金太阳 
2025-09-01 22:08:32,911 - INFO - 📈 已处理300607 拓斯达 
2025-09-01 22:08:34,673 - INFO - 📈 已处理300608 思特奇 
2025-09-01 22:08:36,394 - INFO - 📈 已处理300609 汇纳科技 
2025-09-01 22:08:38,151 - INFO - 📈 已处理300610 晨化股份 
2025-09-01 22:08:39,886 - INFO - 📈 已处理300611 美力科技 
2025-09-01 22:08:41,579 - INFO - 📈 已处理300612 宣亚国际 
2025-09-01 22:08:43,297 - INFO - 📈 已处理300613 富瀚微 
2025-09-01 22:08:44,761 - INFO - 📈 已处理300614 百川畅银 
2025-09-01 22:08:46,499 - INFO - 📈 已处理300615 欣天科技 
2025-09-01 22:08:48,244 - INFO - 📈 已处理300616 尚品宅配 
2025-09-01 22:08:49,974 - INFO - 📈 已处理300617 安靠智电 
2025-09-01 22:08:51,716 - INFO - 📈 已处理300618 寒锐钴业 
2025-09-01 22:08:53,462 - INFO - 📈 已处理300619 金银河 
2025-09-01 22:08:55,212 - INFO - 📈 已处理300620 光库科技 
2025-09-01 22:08:56,965 - INFO - 📈 已处理300621 维业股份 
2025-09-01 22:08:58,699 - INFO - 📈 已处理300622 博士眼镜 
2025-09-01 22:09:00,444 - INFO - 📈 已处理300623 捷捷微电 
2025-09-01 22:09:02,127 - INFO - 📈 已处理300624 万兴科技 
2025-09-01 22:09:03,893 - INFO - 📈 已处理300625 三雄极光 
2025-09-01 22:09:05,629 - INFO - 📈 已处理300626 华瑞股份 
2025-09-01 22:09:07,547 - INFO - 📈 已处理300627 华测导航 
2025-09-01 22:09:09,310 - INFO - 📈 已处理300628 亿联网络 
2025-09-01 22:09:11,045 - INFO - 📈 已处理300629 新劲刚 
2025-09-01 22:09:12,727 - INFO - 📈 已处理300630 普利退 
2025-09-01 22:09:14,460 - INFO - 📈 已处理300631 久吾高科 
2025-09-01 22:09:16,211 - INFO - 📈 已处理300632 光莆股份 
2025-09-01 22:09:17,955 - INFO - 📈 已处理300633 开立医疗 
2025-09-01 22:09:19,647 - INFO - 📈 已处理300634 彩讯股份 
2025-09-01 22:09:21,377 - INFO - 📈 已处理300635 中达安 
2025-09-01 22:09:23,104 - INFO - 📈 已处理300636 同和药业 
2025-09-01 22:09:24,842 - INFO - 📈 已处理300637 扬帆新材 
2025-09-01 22:09:26,583 - INFO - 📈 已处理300638 广和通 
2025-09-01 22:09:28,309 - INFO - 📈 已处理300639 凯普生物 
2025-09-01 22:09:30,078 - INFO - 📈 已处理300640 德艺文创 
2025-09-01 22:09:31,798 - INFO - 📈 已处理300641 正丹股份 
2025-09-01 22:09:33,599 - INFO - 📈 已处理300642 透景生命 
2025-09-01 22:09:35,310 - INFO - 📈 已处理300643 万通智控 
2025-09-01 22:09:37,003 - INFO - 📈 已处理300644 南京聚隆 
2025-09-01 22:09:38,711 - INFO - 📈 已处理300645 正元智慧 
2025-09-01 22:09:40,393 - INFO - 📈 已处理300647 超频三 
2025-09-01 22:09:42,113 - INFO - 📈 已处理300648 星云股份 
2025-09-01 22:09:43,841 - INFO - 📈 已处理300649 杭州园林 
2025-09-01 22:09:45,528 - INFO - 📈 已处理300650 太龙股份 
2025-09-01 22:09:47,267 - INFO - 📈 已处理300651 金陵体育 
2025-09-01 22:09:48,992 - INFO - 📈 已处理300652 雷迪克 
2025-09-01 22:09:48,993 - INFO - 📈 已处理 2150/5624 只股票，成功 2149 只
2025-09-01 22:09:50,725 - INFO - 📈 已处理300653 正海生物 
2025-09-01 22:09:52,415 - INFO - 📈 已处理300654 世纪天鸿 
2025-09-01 22:09:54,161 - INFO - 📈 已处理300655 晶瑞电材 
2025-09-01 22:09:55,975 - INFO - 📈 已处理300656 民德电子 
2025-09-01 22:09:57,693 - INFO - 📈 已处理300657 弘信电子 
2025-09-01 22:09:59,400 - INFO - 📈 已处理300658 延江股份 
2025-09-01 22:10:01,108 - INFO - 📈 已处理300659 中孚信息 
2025-09-01 22:10:02,825 - INFO - 📈 已处理300660 江苏雷利 
2025-09-01 22:10:04,499 - INFO - 📈 已处理300661 圣邦股份 
2025-09-01 22:10:06,191 - INFO - 📈 已处理300662 科锐国际 
2025-09-01 22:10:07,890 - INFO - 📈 已处理300663 科蓝软件 
2025-09-01 22:10:09,576 - INFO - 📈 已处理300664 鹏鹞环保 
2025-09-01 22:10:11,310 - INFO - 📈 已处理300665 飞鹿股份 
2025-09-01 22:10:13,027 - INFO - 📈 已处理300666 江丰电子 
2025-09-01 22:10:14,719 - INFO - 📈 已处理300667 必创科技 
2025-09-01 22:10:16,411 - INFO - 📈 已处理300668 杰恩设计 
2025-09-01 22:10:18,123 - INFO - 📈 已处理300669 沪宁股份 
2025-09-01 22:10:19,776 - INFO - 📈 已处理300670 大烨智能 
2025-09-01 22:10:21,442 - INFO - 📈 已处理300671 富满微 
2025-09-01 22:10:23,142 - INFO - 📈 已处理300672 国科微 
2025-09-01 22:10:24,823 - INFO - 📈 已处理300673 佩蒂股份 
2025-09-01 22:10:26,456 - INFO - 📈 已处理300674 宇信科技 
2025-09-01 22:10:28,126 - INFO - 📈 已处理300675 建科院 
2025-09-01 22:10:29,826 - INFO - 📈 已处理300676 华大基因 
2025-09-01 22:10:31,491 - INFO - 📈 已处理300677 英科医疗 
2025-09-01 22:10:33,171 - INFO - 📈 已处理300678 中科信息 
2025-09-01 22:10:34,843 - INFO - 📈 已处理300679 电连技术 
2025-09-01 22:10:36,473 - INFO - 📈 已处理300680 隆盛科技 
2025-09-01 22:10:38,143 - INFO - 📈 已处理300681 英搏尔 
2025-09-01 22:10:39,801 - INFO - 📈 已处理300682 朗新集团 
2025-09-01 22:10:41,475 - INFO - 📈 已处理300683 海特生物 
2025-09-01 22:10:43,142 - INFO - 📈 已处理300684 中石科技 
2025-09-01 22:10:44,809 - INFO - 📈 已处理300685 艾德生物 
2025-09-01 22:10:46,480 - INFO - 📈 已处理300686 智动力 
2025-09-01 22:10:48,194 - INFO - 📈 已处理300687 赛意信息 
2025-09-01 22:10:49,874 - INFO - 📈 已处理300688 创业黑马 
2025-09-01 22:10:51,558 - INFO - 📈 已处理300689 澄天伟业 
2025-09-01 22:10:53,225 - INFO - 📈 已处理300690 双一科技 
2025-09-01 22:10:54,909 - INFO - 📈 已处理300691 联合光电 
2025-09-01 22:10:56,589 - INFO - 📈 已处理300692 中环环保 
2025-09-01 22:10:58,292 - INFO - 📈 已处理300693 盛弘股份 
2025-09-01 22:10:59,875 - INFO - 📈 已处理300694 蠡湖股份 
2025-09-01 22:11:01,560 - INFO - 📈 已处理300695 兆丰股份 
2025-09-01 22:11:03,281 - INFO - 📈 已处理300696 爱乐达 
2025-09-01 22:11:04,966 - INFO - 📈 已处理300697 电工合金 
2025-09-01 22:11:06,659 - INFO - 📈 已处理300698 万马科技 
2025-09-01 22:11:08,357 - INFO - 📈 已处理300699 光威复材 
2025-09-01 22:11:10,041 - INFO - 📈 已处理300700 岱勒新材 
2025-09-01 22:11:11,692 - INFO - 📈 已处理300701 森霸传感 
2025-09-01 22:11:13,367 - INFO - 📈 已处理300702 天宇股份 
2025-09-01 22:11:13,367 - INFO - 📈 已处理 2200/5624 只股票，成功 2199 只
2025-09-01 22:11:15,058 - INFO - 📈 已处理300703 创源股份 
2025-09-01 22:11:16,707 - INFO - 📈 已处理300705 九典制药 
2025-09-01 22:11:18,408 - INFO - 📈 已处理300706 阿石创 
2025-09-01 22:11:20,147 - INFO - 📈 已处理300707 威唐工业 
2025-09-01 22:11:21,791 - INFO - 📈 已处理300708 聚灿光电 
2025-09-01 22:11:23,480 - INFO - 📈 已处理300709 精研科技 
2025-09-01 22:11:25,156 - INFO - 📈 已处理300710 万隆光电 
2025-09-01 22:11:26,841 - INFO - 📈 已处理300711 广哈通信 
2025-09-01 22:11:28,502 - INFO - 📈 已处理300712 永福股份 
2025-09-01 22:11:30,169 - INFO - 📈 已处理300713 英可瑞 
2025-09-01 22:11:31,841 - INFO - 📈 已处理300715 凯伦股份 
2025-09-01 22:11:33,556 - INFO - 📈 已处理300716 ST泉为 
2025-09-01 22:11:35,224 - INFO - 📈 已处理300717 华信新材 
2025-09-01 22:11:36,884 - INFO - 📈 已处理300718 长盛轴承 
2025-09-01 22:11:38,560 - INFO - 📈 已处理300719 安达维尔 
2025-09-01 22:11:40,224 - INFO - 📈 已处理300720 海川智能 
2025-09-01 22:11:41,903 - INFO - 📈 已处理300721 怡达股份 
2025-09-01 22:11:43,566 - INFO - 📈 已处理300722 新余国科 
2025-09-01 22:11:45,327 - INFO - 📈 已处理300723 一品红 
2025-09-01 22:11:46,957 - INFO - 📈 已处理300724 捷佳伟创 
2025-09-01 22:11:48,605 - INFO - 📈 已处理300725 药石科技 
2025-09-01 22:11:50,241 - INFO - 📈 已处理300726 宏达电子 
2025-09-01 22:11:51,906 - INFO - 📈 已处理300727 润禾材料 
2025-09-01 22:11:53,582 - INFO - 📈 已处理300729 乐歌股份 
2025-09-01 22:11:55,286 - INFO - 📈 已处理300730 科创信息 
2025-09-01 22:11:56,932 - INFO - 📈 已处理300731 科创新源 
2025-09-01 22:11:58,556 - INFO - 📈 已处理300732 设研院 
2025-09-01 22:12:00,191 - INFO - 📈 已处理300733 西菱动力 
2025-09-01 22:12:01,832 - INFO - 📈 已处理300735 光弘科技 
2025-09-01 22:12:03,490 - INFO - 📈 已处理300736 百邦科技 
2025-09-01 22:12:05,139 - INFO - 📈 已处理300737 科顺股份 
2025-09-01 22:12:06,791 - INFO - 📈 已处理300738 奥飞数据 
2025-09-01 22:12:08,457 - INFO - 📈 已处理300739 明阳电路 
2025-09-01 22:12:10,040 - INFO - 📈 已处理300740 水羊股份 
2025-09-01 22:12:11,657 - INFO - 📈 已处理300741 华宝股份 
2025-09-01 22:12:13,241 - INFO - 📈 已处理300742 越博退 
2025-09-01 22:12:14,892 - INFO - 📈 已处理300743 天地数码 
2025-09-01 22:12:16,521 - INFO - 📈 已处理300745 欣锐科技 
2025-09-01 22:12:18,120 - INFO - 📈 已处理300746 汉嘉设计 
2025-09-01 22:12:19,756 - INFO - 📈 已处理300747 锐科激光 
2025-09-01 22:12:21,354 - INFO - 📈 已处理300748 金力永磁 
2025-09-01 22:12:22,939 - INFO - 📈 已处理300749 顶固集创 
2025-09-01 22:12:24,556 - INFO - 📈 已处理300750 宁德时代 
2025-09-01 22:12:26,174 - INFO - 📈 已处理300751 迈为股份 
2025-09-01 22:12:27,762 - INFO - 📈 已处理300752 隆利科技 
2025-09-01 22:12:29,372 - INFO - 📈 已处理300753 爱朋医疗 
2025-09-01 22:12:30,940 - INFO - 📈 已处理300755 华致酒行 
2025-09-01 22:12:32,491 - INFO - 📈 已处理300756 金马游乐 
2025-09-01 22:12:34,068 - INFO - 📈 已处理300757 罗博特科 
2025-09-01 22:12:35,619 - INFO - 📈 已处理300758 七彩化学 
2025-09-01 22:12:35,619 - INFO - 📈 已处理 2250/5624 只股票，成功 2249 只
2025-09-01 22:12:37,199 - INFO - 📈 已处理300759 康龙化成 
2025-09-01 22:12:38,794 - INFO - 📈 已处理300760 迈瑞医疗 
2025-09-01 22:12:40,359 - INFO - 📈 已处理300761 立华股份 
2025-09-01 22:12:41,926 - INFO - 📈 已处理300762 上海瀚讯 
2025-09-01 22:12:43,500 - INFO - 📈 已处理300763 锦浪科技 
2025-09-01 22:12:45,121 - INFO - 📈 已处理300765 新诺威 
2025-09-01 22:12:46,726 - INFO - 📈 已处理300766 每日互动 
2025-09-01 22:12:48,301 - INFO - 📈 已处理300767 震安科技 
2025-09-01 22:12:49,869 - INFO - 📈 已处理300768 迪普科技 
2025-09-01 22:12:51,469 - INFO - 📈 已处理300769 德方纳米 
2025-09-01 22:12:53,023 - INFO - 📈 已处理300770 新媒股份 
2025-09-01 22:12:54,589 - INFO - 📈 已处理300771 智莱科技 
2025-09-01 22:12:56,195 - INFO - 📈 已处理300772 运达股份 
2025-09-01 22:12:57,749 - INFO - 📈 已处理300773 拉卡拉 
2025-09-01 22:12:59,141 - INFO - 📈 已处理300774 倍杰特 
2025-09-01 22:13:00,709 - INFO - 📈 已处理300775 三角防务 
2025-09-01 22:13:02,256 - INFO - 📈 已处理300776 帝尔激光 
2025-09-01 22:13:03,789 - INFO - 📈 已处理300777 中简科技 
2025-09-01 22:13:05,351 - INFO - 📈 已处理300778 新城市 
2025-09-01 22:13:06,905 - INFO - 📈 已处理300779 惠城环保 
2025-09-01 22:13:09,015 - INFO - 📈 已处理300780 德恩精工 
2025-09-01 22:13:10,562 - INFO - 📈 已处理300781 因赛集团 
2025-09-01 22:13:12,156 - INFO - 📈 已处理300782 卓胜微 
2025-09-01 22:13:13,702 - INFO - 📈 已处理300783 三只松鼠 
2025-09-01 22:13:14,908 - INFO - 📈 已处理300784 利安科技 
2025-09-01 22:13:16,455 - INFO - 📈 已处理300785 值得买 
2025-09-01 22:13:18,005 - INFO - 📈 已处理300786 国林科技 
2025-09-01 22:13:19,545 - INFO - 📈 已处理300787 海能实业 
2025-09-01 22:13:21,072 - INFO - 📈 已处理300788 中信出版 
2025-09-01 22:13:22,588 - INFO - 📈 已处理300789 唐源电气 
2025-09-01 22:13:24,230 - INFO - 📈 已处理300790 宇瞳光学 
2025-09-01 22:13:25,755 - INFO - 📈 已处理300791 仙乐健康 
2025-09-01 22:13:27,300 - INFO - 📈 已处理300792 壹网壹创 
2025-09-01 22:13:28,822 - INFO - 📈 已处理300793 佳禾智能 
2025-09-01 22:13:30,354 - INFO - 📈 已处理300795 米奥会展 
2025-09-01 22:13:31,870 - INFO - 📈 已处理300796 贝斯美 
2025-09-01 22:13:33,388 - INFO - 📈 已处理300797 钢研纳克 
2025-09-01 22:13:34,887 - INFO - 📈 已处理300798 锦鸡股份 
2025-09-01 22:13:36,322 - INFO - 📈 已处理300799 左江退 
2025-09-01 22:13:37,907 - INFO - 📈 已处理300800 力合科技 
2025-09-01 22:13:39,405 - INFO - 📈 已处理300801 泰和科技 
2025-09-01 22:13:40,905 - INFO - 📈 已处理300802 矩子科技 
2025-09-01 22:13:42,422 - INFO - 📈 已处理300803 指南针 
2025-09-01 22:13:43,715 - INFO - 📈 已处理300804 广康生化 
2025-09-01 22:13:45,254 - INFO - 📈 已处理300805 电声股份 
2025-09-01 22:13:46,788 - INFO - 📈 已处理300806 斯迪克 
2025-09-01 22:13:48,464 - INFO - 📈 已处理300807 天迈科技 
2025-09-01 22:13:49,972 - INFO - 📈 已处理300808 久量股份 
2025-09-01 22:13:51,466 - INFO - 📈 已处理300809 华辰装备 
2025-09-01 22:13:52,973 - INFO - 📈 已处理300810 中科海讯 
2025-09-01 22:13:52,973 - INFO - 📈 已处理 2300/5624 只股票，成功 2299 只
2025-09-01 22:13:54,508 - INFO - 📈 已处理300811 铂科新材 
2025-09-01 22:13:56,068 - INFO - 📈 已处理300812 易天股份 
2025-09-01 22:13:57,875 - INFO - 📈 已处理300813 泰林生物 
2025-09-01 22:13:59,319 - INFO - 📈 已处理300814 中富电路 
2025-09-01 22:14:00,900 - INFO - 📈 已处理300815 玉禾田 
2025-09-01 22:14:02,443 - INFO - 📈 已处理300816 艾可蓝 
2025-09-01 22:14:04,000 - INFO - 📈 已处理300817 双飞集团 
2025-09-01 22:14:05,570 - INFO - 📈 已处理300818 耐普矿机 
2025-09-01 22:14:07,206 - INFO - 📈 已处理300819 聚杰微纤 
2025-09-01 22:14:08,771 - INFO - 📈 已处理300820 英杰电气 
2025-09-01 22:14:10,306 - INFO - 📈 已处理300821 东岳硅材 
2025-09-01 22:14:11,870 - INFO - 📈 已处理300822 贝仕达克 
2025-09-01 22:14:13,386 - INFO - 📈 已处理300823 建科智能 
2025-09-01 22:14:14,853 - INFO - 📈 已处理300824 北鼎股份 
2025-09-01 22:14:16,415 - INFO - 📈 已处理300825 阿尔特 
2025-09-01 22:14:17,920 - INFO - 📈 已处理300826 测绘股份 
2025-09-01 22:14:19,465 - INFO - 📈 已处理300827 上能电气 
2025-09-01 22:14:20,986 - INFO - 📈 已处理300828 锐新科技 
2025-09-01 22:14:22,488 - INFO - 📈 已处理300829 金丹科技 
2025-09-01 22:14:24,015 - INFO - 📈 已处理300830 金现代 
2025-09-01 22:14:25,534 - INFO - 📈 已处理300831 派瑞股份 
2025-09-01 22:14:27,036 - INFO - 📈 已处理300832 新产业 
2025-09-01 22:14:28,554 - INFO - 📈 已处理300833 浩洋股份 
2025-09-01 22:14:29,974 - INFO - 📈 已处理300834 星辉环材 
2025-09-01 22:14:31,469 - INFO - 📈 已处理300835 龙磁科技 
2025-09-01 22:14:32,949 - INFO - 📈 已处理300836 佰奥智能 
2025-09-01 22:14:34,436 - INFO - 📈 已处理300837 浙矿股份 
2025-09-01 22:14:35,924 - INFO - 📈 已处理300838 浙江力诺 
2025-09-01 22:14:37,392 - INFO - 📈 已处理300839 博汇股份 
2025-09-01 22:14:38,854 - INFO - 📈 已处理300840 酷特智能 
2025-09-01 22:14:40,320 - INFO - 📈 已处理300841 康华生物 
2025-09-01 22:14:41,781 - INFO - 📈 已处理300842 帝科股份 
2025-09-01 22:14:43,260 - INFO - 📈 已处理300843 胜蓝股份 
2025-09-01 22:14:44,669 - INFO - 📈 已处理300844 山水比德 
2025-09-01 22:14:46,153 - INFO - 📈 已处理300845 捷安高科 
2025-09-01 22:14:47,637 - INFO - 📈 已处理300846 首都在线 
2025-09-01 22:14:49,104 - INFO - 📈 已处理300847 中船汉光 
2025-09-01 22:14:50,578 - INFO - 📈 已处理300848 美瑞新材 
2025-09-01 22:14:52,052 - INFO - 📈 已处理300849 锦盛新材 
2025-09-01 22:14:53,524 - INFO - 📈 已处理300850 新强联 
2025-09-01 22:14:55,004 - INFO - 📈 已处理300851 交大思诺 
2025-09-01 22:14:56,478 - INFO - 📈 已处理300852 四会富仕 
2025-09-01 22:14:57,957 - INFO - 📈 已处理300853 申昊科技 
2025-09-01 22:14:59,384 - INFO - 📈 已处理300854 中兰环保 
2025-09-01 22:15:00,837 - INFO - 📈 已处理300855 图南股份 
2025-09-01 22:15:02,336 - INFO - 📈 已处理300856 科思股份 
2025-09-01 22:15:03,803 - INFO - 📈 已处理300857 协创数据 
2025-09-01 22:15:05,285 - INFO - 📈 已处理300858 科拓生物 
2025-09-01 22:15:06,719 - INFO - 📈 已处理300859 西域旅游 
2025-09-01 22:15:08,202 - INFO - 📈 已处理300860 锋尚文化 
2025-09-01 22:15:08,202 - INFO - 📈 已处理 2350/5624 只股票，成功 2349 只
2025-09-01 22:15:09,652 - INFO - 📈 已处理300861 美畅股份 
2025-09-01 22:15:11,109 - INFO - 📈 已处理300862 蓝盾光电 
2025-09-01 22:15:12,586 - INFO - 📈 已处理300863 卡倍亿 
2025-09-01 22:15:14,056 - INFO - 📈 已处理300864 南大环境 
2025-09-01 22:15:15,499 - INFO - 📈 已处理300865 大宏立 
2025-09-01 22:15:16,980 - INFO - 📈 已处理300866 安克创新 
2025-09-01 22:15:18,453 - INFO - 📈 已处理300867 圣元环保 
2025-09-01 22:15:19,902 - INFO - 📈 已处理300868 杰美特 
2025-09-01 22:15:21,369 - INFO - 📈 已处理300869 康泰医学 
2025-09-01 22:15:22,860 - INFO - 📈 已处理300870 欧陆通 
2025-09-01 22:15:24,336 - INFO - 📈 已处理300871 回盛生物 
2025-09-01 22:15:25,789 - INFO - 📈 已处理300872 天阳科技 
2025-09-01 22:15:27,260 - INFO - 📈 已处理300873 海晨股份 
2025-09-01 22:15:28,720 - INFO - 📈 已处理300875 捷强装备 
2025-09-01 22:15:30,206 - INFO - 📈 已处理300876 蒙泰高新 
2025-09-01 22:15:31,700 - INFO - 📈 已处理300877 金春股份 
2025-09-01 22:15:33,152 - INFO - 📈 已处理300878 维康药业 
2025-09-01 22:15:34,702 - INFO - 📈 已处理300879 大叶股份 
2025-09-01 22:15:37,137 - INFO - 📈 已处理300880 迦南智能 
2025-09-01 22:15:38,618 - INFO - 📈 已处理300881 盛德鑫泰 
2025-09-01 22:15:40,352 - INFO - 📈 已处理300882 万胜智能 
2025-09-01 22:15:41,901 - INFO - 📈 已处理300883 龙利得 
2025-09-01 22:15:43,411 - INFO - 📈 已处理300884 狄耐克 
2025-09-01 22:15:44,935 - INFO - 📈 已处理300885 海昌新材 
2025-09-01 22:15:46,434 - INFO - 📈 已处理300886 华业香料 
2025-09-01 22:15:47,958 - INFO - 📈 已处理300887 谱尼测试 
2025-09-01 22:15:49,470 - INFO - 📈 已处理300888 稳健医疗 
2025-09-01 22:15:50,992 - INFO - 📈 已处理300889 爱克股份 
2025-09-01 22:15:52,526 - INFO - 📈 已处理300890 翔丰华 
2025-09-01 22:15:54,118 - INFO - 📈 已处理300891 惠云钛业 
2025-09-01 22:15:55,664 - INFO - 📈 已处理300892 品渥食品 
2025-09-01 22:15:57,179 - INFO - 📈 已处理300893 松原安全 
2025-09-01 22:15:58,602 - INFO - 📈 已处理300894 火星人 
2025-09-01 22:16:00,084 - INFO - 📈 已处理300895 铜牛信息 
2025-09-01 22:16:01,649 - INFO - 📈 已处理300896 爱美客 
2025-09-01 22:16:03,117 - INFO - 📈 已处理300897 山科智能 
2025-09-01 22:16:04,710 - INFO - 📈 已处理300898 熊猫乳品 
2025-09-01 22:16:06,267 - INFO - 📈 已处理300899 *ST凯鑫 
2025-09-01 22:16:07,801 - INFO - 📈 已处理300900 广联航空 
2025-09-01 22:16:09,396 - INFO - 📈 已处理300901 中胤时尚 
2025-09-01 22:16:10,901 - INFO - 📈 已处理300902 国安达 
2025-09-01 22:16:12,367 - INFO - 📈 已处理300903 科翔股份 
2025-09-01 22:16:13,652 - INFO - 📈 已处理300904 威力传动 
2025-09-01 22:16:15,134 - INFO - 📈 已处理300905 宝丽迪 
2025-09-01 22:16:16,619 - INFO - 📈 已处理300906 日月明 
2025-09-01 22:16:18,067 - INFO - 📈 已处理300907 康平科技 
2025-09-01 22:16:19,519 - INFO - 📈 已处理300908 仲景食品 
2025-09-01 22:16:20,961 - INFO - 📈 已处理300909 汇创达 
2025-09-01 22:16:22,533 - INFO - 📈 已处理300910 瑞丰新材 
2025-09-01 22:16:24,137 - INFO - 📈 已处理300911 亿田智能 
2025-09-01 22:16:24,137 - INFO - 📈 已处理 2400/5624 只股票，成功 2399 只
2025-09-01 22:16:25,633 - INFO - 📈 已处理300912 凯龙高科 
2025-09-01 22:16:27,084 - INFO - 📈 已处理300913 兆龙互连 
2025-09-01 22:16:28,645 - INFO - 📈 已处理300915 海融科技 
2025-09-01 22:16:30,117 - INFO - 📈 已处理300916 朗特智能 
2025-09-01 22:16:31,568 - INFO - 📈 已处理300917 特发服务 
2025-09-01 22:16:33,034 - INFO - 📈 已处理300918 南山智尚 
2025-09-01 22:16:34,484 - INFO - 📈 已处理300919 中伟股份 
2025-09-01 22:16:35,922 - INFO - 📈 已处理300920 润阳科技 
2025-09-01 22:16:37,434 - INFO - 📈 已处理300921 南凌科技 
2025-09-01 22:16:38,966 - INFO - 📈 已处理300922 天秦装备 
2025-09-01 22:16:40,643 - INFO - 📈 已处理300923 研奥股份 
2025-09-01 22:16:42,067 - INFO - 📈 已处理300925 法本信息 
2025-09-01 22:16:43,745 - INFO - 📈 已处理300926 博俊科技 
2025-09-01 22:16:45,192 - INFO - 📈 已处理300927 江天化学 
2025-09-01 22:16:46,829 - INFO - 📈 已处理300928 华安鑫创 
2025-09-01 22:16:48,284 - INFO - 📈 已处理300929 华骐环保 
2025-09-01 22:16:49,745 - INFO - 📈 已处理300930 屹通新材 
2025-09-01 22:16:51,222 - INFO - 📈 已处理300931 通用电梯 
2025-09-01 22:16:52,666 - INFO - 📈 已处理300932 三友联众 
2025-09-01 22:16:54,294 - INFO - 📈 已处理300933 中辰股份 
2025-09-01 22:16:55,799 - INFO - 📈 已处理300935 盈建科 
2025-09-01 22:16:57,416 - INFO - 📈 已处理300936 中英科技 
2025-09-01 22:16:59,066 - INFO - 📈 已处理300937 药易购 
2025-09-01 22:17:00,612 - INFO - 📈 已处理300938 信测标准 
2025-09-01 22:17:02,067 - INFO - 📈 已处理300939 秋田微 
2025-09-01 22:17:03,609 - INFO - 📈 已处理300940 南极光 
2025-09-01 22:17:05,582 - INFO - 📈 已处理300941 创识科技 
2025-09-01 22:17:07,310 - INFO - 📈 已处理300942 易瑞生物 
2025-09-01 22:17:08,795 - INFO - 📈 已处理300943 春晖智控 
2025-09-01 22:17:10,365 - INFO - 📈 已处理300945 曼卡龙 
2025-09-01 22:17:11,799 - INFO - 📈 已处理300946 恒而达 
2025-09-01 22:17:13,384 - INFO - 📈 已处理300947 德必集团 
2025-09-01 22:17:15,164 - INFO - 📈 已处理300948 冠中生态 
2025-09-01 22:17:16,604 - INFO - 📈 已处理300949 奥雅股份 
2025-09-01 22:17:18,400 - INFO - 📈 已处理300950 德固特 
2025-09-01 22:17:20,145 - INFO - 📈 已处理300951 博硕科技 
2025-09-01 22:17:21,977 - INFO - 📈 已处理300952 恒辉安防 
2025-09-01 22:17:23,966 - INFO - 📈 已处理300953 震裕科技 
2025-09-01 22:17:25,412 - INFO - 📈 已处理300955 嘉亨家化 
2025-09-01 22:17:26,852 - INFO - 📈 已处理300956 英力股份 
2025-09-01 22:17:28,471 - INFO - 📈 已处理300957 贝泰妮 
2025-09-01 22:17:29,899 - INFO - 📈 已处理300958 建工修复 
2025-09-01 22:17:31,335 - INFO - 📈 已处理300959 线上线下 
2025-09-01 22:17:32,766 - INFO - 📈 已处理300960 通业科技 
2025-09-01 22:17:34,182 - INFO - 📈 已处理300961 深水海纳 
2025-09-01 22:17:35,623 - INFO - 📈 已处理300962 中金辐照 
2025-09-01 22:17:37,449 - INFO - 📈 已处理300963 中洲特材 
2025-09-01 22:17:38,880 - INFO - 📈 已处理300964 本川智能 
2025-09-01 22:17:40,482 - INFO - 📈 已处理300965 恒宇信通 
2025-09-01 22:17:41,915 - INFO - 📈 已处理300966 共同药业 
2025-09-01 22:17:41,915 - INFO - 📈 已处理 2450/5624 只股票，成功 2449 只
2025-09-01 22:17:43,498 - INFO - 📈 已处理300967 晓鸣股份 
2025-09-01 22:17:44,965 - INFO - 📈 已处理300968 格林精密 
2025-09-01 22:17:46,417 - INFO - 📈 已处理300969 恒帅股份 
2025-09-01 22:17:48,031 - INFO - 📈 已处理300970 华绿生物 
2025-09-01 22:17:49,745 - INFO - 📈 已处理300971 博亚精工 
2025-09-01 22:17:51,185 - INFO - 📈 已处理300972 万辰集团 
2025-09-01 22:17:52,622 - INFO - 📈 已处理300973 立高食品 
2025-09-01 22:17:54,096 - INFO - 📈 已处理300975 商络电子 
2025-09-01 22:17:55,871 - INFO - 📈 已处理300976 达瑞电子 
2025-09-01 22:17:57,289 - INFO - 📈 已处理300977 深圳瑞捷 
2025-09-01 22:17:58,802 - INFO - 📈 已处理300978 东箭科技 
2025-09-01 22:18:00,225 - INFO - 📈 已处理300979 华利集团 
2025-09-01 22:18:01,648 - INFO - 📈 已处理300980 祥源新材 
2025-09-01 22:18:03,408 - INFO - 📈 已处理300981 中红医疗 
2025-09-01 22:18:04,814 - INFO - 📈 已处理300982 苏文电能 
2025-09-01 22:18:06,248 - INFO - 📈 已处理300983 尤安设计 
2025-09-01 22:18:07,750 - INFO - 📈 已处理300984 金沃股份 
2025-09-01 22:18:09,180 - INFO - 📈 已处理300985 致远新能 
2025-09-01 22:18:10,816 - INFO - 📈 已处理300986 志特新材 
2025-09-01 22:18:12,422 - INFO - 📈 已处理300987 川网传媒 
2025-09-01 22:18:13,848 - INFO - 📈 已处理300988 津荣天宇 
2025-09-01 22:18:15,276 - INFO - 📈 已处理300989 蕾奥规划 
2025-09-01 22:18:21,418 - INFO - 📈 已处理300990 同飞股份 
2025-09-01 22:18:23,341 - INFO - 📈 已处理300991 创益通 
2025-09-01 22:18:24,758 - INFO - 📈 已处理300992 泰福泵业 
2025-09-01 22:18:26,177 - INFO - 📈 已处理300993 玉马科技 
2025-09-01 22:18:27,565 - INFO - 📈 已处理300994 久祺股份 
2025-09-01 22:18:28,981 - INFO - 📈 已处理300995 奇德新材 
2025-09-01 22:18:30,398 - INFO - 📈 已处理300996 普联软件 
2025-09-01 22:18:31,799 - INFO - 📈 已处理300997 欢乐家 
2025-09-01 22:18:33,215 - INFO - 📈 已处理300998 宁波方正 
2025-09-01 22:18:34,668 - INFO - 📈 已处理300999 金龙鱼 
2025-09-01 22:18:36,131 - INFO - 📈 已处理301000 肇民科技 
2025-09-01 22:18:37,541 - INFO - 📈 已处理301001 凯淳股份 
2025-09-01 22:18:38,952 - INFO - 📈 已处理301002 崧盛股份 
2025-09-01 22:18:40,382 - INFO - 📈 已处理301003 江苏博云 
2025-09-01 22:18:41,763 - INFO - 📈 已处理301004 嘉益股份 
2025-09-01 22:18:43,164 - INFO - 📈 已处理301005 超捷股份 
2025-09-01 22:18:44,580 - INFO - 📈 已处理301006 迈拓股份 
2025-09-01 22:18:45,979 - INFO - 📈 已处理301007 德迈仕 
2025-09-01 22:18:47,398 - INFO - 📈 已处理301008 宏昌科技 
2025-09-01 22:18:48,780 - INFO - 📈 已处理301009 可靠股份 
2025-09-01 22:18:50,209 - INFO - 📈 已处理301010 晶雪节能 
2025-09-01 22:18:51,636 - INFO - 📈 已处理301011 华立科技 
2025-09-01 22:18:53,048 - INFO - 📈 已处理301012 扬电科技 
2025-09-01 22:18:54,471 - INFO - 📈 已处理301013 利和兴 
2025-09-01 22:18:55,888 - INFO - 📈 已处理301015 百洋医药 
2025-09-01 22:18:57,318 - INFO - 📈 已处理301016 雷尔伟 
2025-09-01 22:18:58,749 - INFO - 📈 已处理301017 漱玉平民 
2025-09-01 22:19:00,164 - INFO - 📈 已处理301018 申菱环境 
2025-09-01 22:19:00,164 - INFO - 📈 已处理 2500/5624 只股票，成功 2499 只
2025-09-01 22:19:01,575 - INFO - 📈 已处理301019 宁波色母 
2025-09-01 22:19:02,992 - INFO - 📈 已处理301020 密封科技 
2025-09-01 22:19:04,425 - INFO - 📈 已处理301021 英诺激光 
2025-09-01 22:19:05,858 - INFO - 📈 已处理301022 海泰科 
2025-09-01 22:19:07,405 - INFO - 📈 已处理301023 江南奕帆 
2025-09-01 22:19:08,818 - INFO - 📈 已处理301024 霍普股份 
2025-09-01 22:19:10,214 - INFO - 📈 已处理301025 读客文化 
2025-09-01 22:19:11,627 - INFO - 📈 已处理301026 浩通科技 
2025-09-01 22:19:13,029 - INFO - 📈 已处理301027 华蓝集团 
2025-09-01 22:19:14,766 - INFO - 📈 已处理301028 东亚机械 
2025-09-01 22:19:16,230 - INFO - 📈 已处理301029 怡合达 
2025-09-01 22:19:17,647 - INFO - 📈 已处理301030 仕净科技 
2025-09-01 22:19:19,055 - INFO - 📈 已处理301031 中熔电气 
2025-09-01 22:19:20,460 - INFO - 📈 已处理301032 新柴股份 
2025-09-01 22:19:21,847 - INFO - 📈 已处理301033 迈普医学 
2025-09-01 22:19:23,279 - INFO - 📈 已处理301035 润丰股份 
2025-09-01 22:19:24,689 - INFO - 📈 已处理301036 双乐股份 
2025-09-01 22:19:26,097 - INFO - 📈 已处理301037 保立佳 
2025-09-01 22:19:27,496 - INFO - 📈 已处理301038 深水规院 
2025-09-01 22:19:28,897 - INFO - 📈 已处理301039 中集车辆 
2025-09-01 22:19:30,280 - INFO - 📈 已处理301040 中环海陆 
2025-09-01 22:19:31,693 - INFO - 📈 已处理301041 金百泽 
2025-09-01 22:19:33,089 - INFO - 📈 已处理301042 安联锐视 
2025-09-01 22:19:34,480 - INFO - 📈 已处理301043 绿岛风 
2025-09-01 22:19:35,879 - INFO - 📈 已处理301045 天禄科技 
2025-09-01 22:19:37,269 - INFO - 📈 已处理301046 能辉科技 
2025-09-01 22:19:38,680 - INFO - 📈 已处理301047 义翘神州 
2025-09-01 22:19:40,089 - INFO - 📈 已处理301048 金鹰重工 
2025-09-01 22:19:41,497 - INFO - 📈 已处理301049 超越科技 
2025-09-01 22:19:42,909 - INFO - 📈 已处理301050 雷电微力 
2025-09-01 22:19:44,313 - INFO - 📈 已处理301051 信濠光电 
2025-09-01 22:19:45,739 - INFO - 📈 已处理301052 果麦文化 
2025-09-01 22:19:47,146 - INFO - 📈 已处理301053 远信工业 
2025-09-01 22:19:48,545 - INFO - 📈 已处理301055 张小泉 
2025-09-01 22:19:49,945 - INFO - 📈 已处理301056 森赫股份 
2025-09-01 22:19:51,658 - INFO - 📈 已处理301057 汇隆新材 
2025-09-01 22:19:53,055 - INFO - 📈 已处理301058 中粮科工 
2025-09-01 22:19:54,470 - INFO - 📈 已处理301059 金三江 
2025-09-01 22:19:55,872 - INFO - 📈 已处理301060 兰卫医学 
2025-09-01 22:19:57,328 - INFO - 📈 已处理301061 匠心家居 
2025-09-01 22:19:58,744 - INFO - 📈 已处理301062 上海艾录 
2025-09-01 22:20:00,173 - INFO - 📈 已处理301063 海锅股份 
2025-09-01 22:20:01,570 - INFO - 📈 已处理301065 本立科技 
2025-09-01 22:20:02,971 - INFO - 📈 已处理301066 万事利 
2025-09-01 22:20:04,395 - INFO - 📈 已处理301067 显盈科技 
2025-09-01 22:20:05,792 - INFO - 📈 已处理301068 大地海洋 
2025-09-01 22:20:07,182 - INFO - 📈 已处理301069 凯盛新材 
2025-09-01 22:20:08,603 - INFO - 📈 已处理301070 开勒股份 
2025-09-01 22:20:10,352 - INFO - 📈 已处理301071 力量钻石 
2025-09-01 22:20:11,728 - INFO - 📈 已处理301072 中捷精工 
2025-09-01 22:20:11,744 - INFO - 📈 已处理 2550/5624 只股票，成功 2549 只
2025-09-01 22:20:13,129 - INFO - 📈 已处理301073 君亭酒店 
2025-09-01 22:20:14,542 - INFO - 📈 已处理301075 多瑞医药 
2025-09-01 22:20:15,929 - INFO - 📈 已处理301076 新瀚新材 
2025-09-01 22:20:17,328 - INFO - 📈 已处理301077 星华新材 
2025-09-01 22:20:18,707 - INFO - 📈 已处理301078 孩子王 
2025-09-01 22:20:20,079 - INFO - 📈 已处理301079 邵阳液压 
2025-09-01 22:20:21,487 - INFO - 📈 已处理301080 百普赛斯 
2025-09-01 22:20:22,877 - INFO - 📈 已处理301081 严牌股份 
2025-09-01 22:20:24,262 - INFO - 📈 已处理301082 久盛电气 
2025-09-01 22:20:25,641 - INFO - 📈 已处理301083 百胜智能 
2025-09-01 22:20:27,073 - INFO - 📈 已处理301085 亚康股份 
2025-09-01 22:20:28,462 - INFO - 📈 已处理301086 鸿富瀚 
2025-09-01 22:20:29,872 - INFO - 📈 已处理301087 可孚医疗 
2025-09-01 22:20:31,244 - INFO - 📈 已处理301088 戎美股份 
2025-09-01 22:20:32,644 - INFO - 📈 已处理301089 拓新药业 
2025-09-01 22:20:34,045 - INFO - 📈 已处理301090 华润材料 
2025-09-01 22:20:35,432 - INFO - 📈 已处理301091 深城交 
2025-09-01 22:20:36,812 - INFO - 📈 已处理301092 争光股份 
2025-09-01 22:20:38,212 - INFO - 📈 已处理301093 华兰股份 
2025-09-01 22:20:39,564 - INFO - 📈 已处理301095 广立微 
2025-09-01 22:20:40,929 - INFO - 📈 已处理301096 百诚医药 
2025-09-01 22:20:42,458 - INFO - 📈 已处理301097 天益医疗 
2025-09-01 22:20:43,827 - INFO - 📈 已处理301098 金埔园林 
2025-09-01 22:20:45,226 - INFO - 📈 已处理301099 雅创电子 
2025-09-01 22:20:46,607 - INFO - 📈 已处理301100 风光股份 
2025-09-01 22:20:47,997 - INFO - 📈 已处理301101 明月镜片 
2025-09-01 22:20:49,360 - INFO - 📈 已处理301102 兆讯传媒 
2025-09-01 22:20:50,728 - INFO - 📈 已处理301103 何氏眼科 
2025-09-01 22:20:52,061 - INFO - 📈 已处理301105 鸿铭股份 
2025-09-01 22:20:53,461 - INFO - 📈 已处理301106 骏成科技 
2025-09-01 22:20:54,874 - INFO - 📈 已处理301107 瑜欣电子 
2025-09-01 22:20:56,261 - INFO - 📈 已处理301108 洁雅股份 
2025-09-01 22:20:57,642 - INFO - 📈 已处理301109 军信股份 
2025-09-01 22:20:58,995 - INFO - 📈 已处理301110 青木科技 
2025-09-01 22:21:00,389 - INFO - 📈 已处理301111 粤万年青 
2025-09-01 22:21:01,727 - INFO - 📈 已处理301112 信邦智能 
2025-09-01 22:21:03,105 - INFO - 📈 已处理301113 雅艺科技 
2025-09-01 22:21:04,444 - INFO - 📈 已处理301115 联检科技 
2025-09-01 22:21:05,842 - INFO - 📈 已处理301116 益客食品 
2025-09-01 22:21:07,227 - INFO - 📈 已处理301117 佳缘科技 
2025-09-01 22:21:08,614 - INFO - 📈 已处理301118 恒光股份 
2025-09-01 22:21:10,017 - INFO - 📈 已处理301119 正强股份 
2025-09-01 22:21:11,378 - INFO - 📈 已处理301120 新特电气 
2025-09-01 22:21:12,714 - INFO - 📈 已处理301121 紫建电子 
2025-09-01 22:21:14,088 - INFO - 📈 已处理301122 采纳股份 
2025-09-01 22:21:15,460 - INFO - 📈 已处理301123 奕东电子 
2025-09-01 22:21:16,821 - INFO - 📈 已处理301125 腾亚精工 
2025-09-01 22:21:18,190 - INFO - 📈 已处理301126 达嘉维康 
2025-09-01 22:21:19,560 - INFO - 📈 已处理301127 武汉天源 
2025-09-01 22:21:20,957 - INFO - 📈 已处理301128 强瑞技术 
2025-09-01 22:21:20,958 - INFO - 📈 已处理 2600/5624 只股票，成功 2599 只
2025-09-01 22:21:22,352 - INFO - 📈 已处理301129 瑞纳智能 
2025-09-01 22:21:23,731 - INFO - 📈 已处理301130 西点药业 
2025-09-01 22:21:25,106 - INFO - 📈 已处理301131 聚赛龙 
2025-09-01 22:21:26,459 - INFO - 📈 已处理301132 满坤科技 
2025-09-01 22:21:27,842 - INFO - 📈 已处理301133 金钟股份 
2025-09-01 22:21:29,213 - INFO - 📈 已处理301135 瑞德智能 
2025-09-01 22:21:30,586 - INFO - 📈 已处理301136 招标股份 
2025-09-01 22:21:31,960 - INFO - 📈 已处理301137 哈焊华通 
2025-09-01 22:21:33,359 - INFO - 📈 已处理301138 华研精机 
2025-09-01 22:21:34,727 - INFO - 📈 已处理301139 元道通信 
2025-09-01 22:21:36,010 - INFO - 📈 已处理301141 中科磁业 
2025-09-01 22:21:37,406 - INFO - 📈 已处理301148 嘉戎技术 
2025-09-01 22:21:38,803 - INFO - 📈 已处理301149 隆华新材 
2025-09-01 22:21:40,189 - INFO - 📈 已处理301150 中一科技 
2025-09-01 22:21:41,543 - INFO - 📈 已处理301151 冠龙节能 
2025-09-01 22:21:42,879 - INFO - 📈 已处理301152 天力锂能 
2025-09-01 22:21:44,245 - INFO - 📈 已处理301153 中科江南 
2025-09-01 22:21:45,637 - INFO - 📈 已处理301155 海力风电 
2025-09-01 22:21:46,991 - INFO - 📈 已处理301156 美农生物 
2025-09-01 22:21:48,283 - INFO - 📈 已处理301157 华塑科技 
2025-09-01 22:21:49,660 - INFO - 📈 已处理301158 德石股份 
2025-09-01 22:21:51,037 - INFO - 📈 已处理301159 三维天地 
2025-09-01 22:21:52,393 - INFO - 📈 已处理301160 翔楼新材 
2025-09-01 22:21:53,709 - INFO - 📈 已处理301161 唯万密封 
2025-09-01 22:21:55,239 - INFO - 📈 已处理301162 国能日新 
2025-09-01 22:21:56,598 - INFO - 📈 已处理301163 宏德股份 
2025-09-01 22:21:57,926 - INFO - 📈 已处理301165 锐捷网络 
2025-09-01 22:21:59,325 - INFO - 📈 已处理301166 优宁维 
2025-09-01 22:22:00,725 - INFO - 📈 已处理301167 建研设计 
2025-09-01 22:22:02,107 - INFO - 📈 已处理301168 通灵股份 
2025-09-01 22:22:03,484 - INFO - 📈 已处理301169 零点有数 
2025-09-01 22:22:04,759 - INFO - 📈 已处理301170 锡南科技 
2025-09-01 22:22:06,114 - INFO - 📈 已处理301171 易点天下 
2025-09-01 22:22:07,392 - INFO - 📈 已处理301172 君逸数码 
2025-09-01 22:22:08,543 - INFO - 📈 已处理301173 毓恬冠佳 
2025-09-01 22:22:09,898 - INFO - 📈 已处理301175 中科环保 
2025-09-01 22:22:11,238 - INFO - 📈 已处理301176 逸豪新材 
2025-09-01 22:22:12,608 - INFO - 📈 已处理301177 迪阿股份 
2025-09-01 22:22:13,983 - INFO - 📈 已处理301178 天亿马 
2025-09-01 22:22:15,398 - INFO - 📈 已处理301179 泽宇智能 
2025-09-01 22:22:16,792 - INFO - 📈 已处理301180 万祥科技 
2025-09-01 22:22:18,238 - INFO - 📈 已处理301181 标榜股份 
2025-09-01 22:22:19,637 - INFO - 📈 已处理301182 凯旺科技 
2025-09-01 22:22:21,043 - INFO - 📈 已处理301183 东田微 
2025-09-01 22:22:22,441 - INFO - 📈 已处理301185 鸥玛软件 
2025-09-01 22:22:23,827 - INFO - 📈 已处理301186 超达装备 
2025-09-01 22:22:25,187 - INFO - 📈 已处理301187 欧圣电气 
2025-09-01 22:22:26,575 - INFO - 📈 已处理301188 力诺药包 
2025-09-01 22:22:27,960 - INFO - 📈 已处理301189 奥尼电子 
2025-09-01 22:22:29,366 - INFO - 📈 已处理301190 善水科技 
2025-09-01 22:22:29,366 - INFO - 📈 已处理 2650/5624 只股票，成功 2649 只
2025-09-01 22:22:30,742 - INFO - 📈 已处理301191 菲菱科思 
2025-09-01 22:22:32,087 - INFO - 📈 已处理301192 泰祥股份 
2025-09-01 22:22:33,474 - INFO - 📈 已处理301193 家联科技 
2025-09-01 22:22:34,808 - INFO - 📈 已处理301195 北路智控 
2025-09-01 22:22:36,175 - INFO - 📈 已处理301196 唯科科技 
2025-09-01 22:22:37,515 - INFO - 📈 已处理301197 工大科雅 
2025-09-01 22:22:38,901 - INFO - 📈 已处理301198 喜悦智行 
2025-09-01 22:22:40,285 - INFO - 📈 已处理301199 迈赫股份 
2025-09-01 22:22:41,658 - INFO - 📈 已处理301200 大族数控 
2025-09-01 22:22:43,037 - INFO - 📈 已处理301201 诚达药业 
2025-09-01 22:22:44,308 - INFO - 📈 已处理301202 朗威股份 
2025-09-01 22:22:45,606 - INFO - 📈 已处理301203 国泰环保 
2025-09-01 22:22:46,943 - INFO - 📈 已处理301205 联特科技 
2025-09-01 22:22:48,308 - INFO - 📈 已处理301206 三元生物 
2025-09-01 22:22:49,666 - INFO - 📈 已处理301207 华兰疫苗 
2025-09-01 22:22:51,020 - INFO - 📈 已处理301208 中亦科技 
2025-09-01 22:22:52,352 - INFO - 📈 已处理301209 联合化学 
2025-09-01 22:22:53,638 - INFO - 📈 已处理301210 金杨股份 
2025-09-01 22:22:55,007 - INFO - 📈 已处理301211 亨迪药业 
2025-09-01 22:22:56,389 - INFO - 📈 已处理301212 联盛化学 
2025-09-01 22:22:57,773 - INFO - 📈 已处理301213 观想科技 
2025-09-01 22:22:59,124 - INFO - 📈 已处理301215 中汽股份 
2025-09-01 22:23:00,491 - INFO - 📈 已处理301216 万凯新材 
2025-09-01 22:23:01,872 - INFO - 📈 已处理301217 铜冠铜箔 
2025-09-01 22:23:03,235 - INFO - 📈 已处理301218 华是科技 
2025-09-01 22:23:04,636 - INFO - 📈 已处理301219 腾远钴业 
2025-09-01 22:23:06,374 - INFO - 📈 已处理301220 亚香股份 
2025-09-01 22:23:07,742 - INFO - 📈 已处理301221 光庭信息 
2025-09-01 22:23:09,107 - INFO - 📈 已处理301222 浙江恒威 
2025-09-01 22:23:10,451 - INFO - 📈 已处理301223 中荣股份 
2025-09-01 22:23:11,725 - INFO - 📈 已处理301225 恒勃股份 
2025-09-01 22:23:13,080 - INFO - 📈 已处理301226 祥明智能 
2025-09-01 22:23:14,658 - INFO - 📈 已处理301227 森鹰窗业 
2025-09-01 22:23:16,033 - INFO - 📈 已处理301228 实朴检测 
2025-09-01 22:23:17,408 - INFO - 📈 已处理301229 纽泰格 
2025-09-01 22:23:18,724 - INFO - 📈 已处理301230 泓博医药 
2025-09-01 22:23:20,057 - INFO - 📈 已处理301231 荣信文化 
2025-09-01 22:23:21,348 - INFO - 📈 已处理301232 飞沃科技 
2025-09-01 22:23:22,736 - INFO - 📈 已处理301233 盛帮股份 
2025-09-01 22:23:24,086 - INFO - 📈 已处理301234 五洲医疗 
2025-09-01 22:23:25,472 - INFO - 📈 已处理301235 华康洁净 
2025-09-01 22:23:26,841 - INFO - 📈 已处理301236 软通动力 
2025-09-01 22:23:28,224 - INFO - 📈 已处理301237 和顺科技 
2025-09-01 22:23:29,576 - INFO - 📈 已处理301238 瑞泰新材 
2025-09-01 22:23:30,939 - INFO - 📈 已处理301239 普瑞眼科 
2025-09-01 22:23:32,234 - INFO - 📈 已处理301246 宏源药业 
2025-09-01 22:23:33,591 - INFO - 📈 已处理301248 杰创智能 
2025-09-01 22:23:34,881 - INFO - 📈 已处理301251 威尔高 
2025-09-01 22:23:36,186 - INFO - 📈 已处理301252 同星科技 
2025-09-01 22:23:37,490 - INFO - 📈 已处理301255 通力科技 
2025-09-01 22:23:37,490 - INFO - 📈 已处理 2700/5624 只股票，成功 2699 只
2025-09-01 22:23:38,871 - INFO - 📈 已处理301256 华融化学 
2025-09-01 22:23:40,235 - INFO - 📈 已处理301257 普蕊斯 
2025-09-01 22:23:41,617 - INFO - 📈 已处理301258 富士莱 
2025-09-01 22:23:42,973 - INFO - 📈 已处理301259 艾布鲁 
2025-09-01 22:23:44,290 - INFO - 📈 已处理301260 格力博 
2025-09-01 22:23:45,567 - INFO - 📈 已处理301261 恒工精密 
2025-09-01 22:23:46,844 - INFO - 📈 已处理301262 海看股份 
2025-09-01 22:23:48,212 - INFO - 📈 已处理301263 泰恩康 
2025-09-01 22:23:49,540 - INFO - 📈 已处理301265 华新环保 
2025-09-01 22:23:50,889 - INFO - 📈 已处理301266 宇邦新材 
2025-09-01 22:23:52,223 - INFO - 📈 已处理301267 华厦眼科 
2025-09-01 22:23:53,965 - INFO - 📈 已处理301268 铭利达 
2025-09-01 22:23:55,303 - INFO - 📈 已处理301269 华大九天 
2025-09-01 22:23:56,634 - INFO - 📈 已处理301270 汉仪股份 
2025-09-01 22:23:57,919 - INFO - 📈 已处理301272 英华特 
2025-09-01 22:23:59,266 - INFO - 📈 已处理301273 瑞晨环保 
2025-09-01 22:24:00,407 - INFO - 📈 已处理301275 汉朔科技 
2025-09-01 22:24:01,743 - INFO - 📈 已处理301276 嘉曼服饰 
2025-09-01 22:24:03,081 - INFO - 📈 已处理301277 新天地 
2025-09-01 22:24:04,434 - INFO - 📈 已处理301278 快可电子 
2025-09-01 22:24:05,790 - INFO - 📈 已处理301279 金道科技 
2025-09-01 22:24:07,227 - INFO - 📈 已处理301280 珠城科技 
2025-09-01 22:24:08,522 - INFO - 📈 已处理301281 科源制药 
2025-09-01 22:24:09,871 - INFO - 📈 已处理301282 金禄电子 
2025-09-01 22:24:11,205 - INFO - 📈 已处理301283 聚胶股份 
2025-09-01 22:24:12,541 - INFO - 📈 已处理301285 鸿日达 
2025-09-01 22:24:13,902 - INFO - 📈 已处理301286 侨源股份 
2025-09-01 22:24:15,184 - INFO - 📈 已处理301287 康力源 
2025-09-01 22:24:16,547 - INFO - 📈 已处理301288 *ST清研 
2025-09-01 22:24:17,916 - INFO - 📈 已处理301289 国缆检测 
2025-09-01 22:24:19,248 - INFO - 📈 已处理301290 东星医疗 
2025-09-01 22:24:20,539 - INFO - 📈 已处理301291 明阳电气 
2025-09-01 22:24:21,826 - INFO - 📈 已处理301292 海科新源 
2025-09-01 22:24:23,139 - INFO - 📈 已处理301293 三博脑科 
2025-09-01 22:24:24,407 - INFO - 📈 已处理301295 美硕科技 
2025-09-01 22:24:25,741 - INFO - 📈 已处理301296 新巨丰 
2025-09-01 22:24:27,040 - INFO - 📈 已处理301297 富乐德 
2025-09-01 22:24:28,390 - INFO - 📈 已处理301298 东利机械 
2025-09-01 22:24:29,735 - INFO - 📈 已处理301299 卓创资讯 
2025-09-01 22:24:31,067 - INFO - 📈 已处理301300 远翔新材 
2025-09-01 22:24:32,406 - INFO - 📈 已处理301301 川宁生物 
2025-09-01 22:24:33,756 - INFO - 📈 已处理301302 华如科技 
2025-09-01 22:24:35,081 - INFO - 📈 已处理301303 真兰仪表 
2025-09-01 22:24:36,378 - INFO - 📈 已处理301305 朗坤科技 
2025-09-01 22:24:37,732 - INFO - 📈 已处理301306 西测测试 
2025-09-01 22:24:39,036 - INFO - 📈 已处理301307 美利信 
2025-09-01 22:24:40,382 - INFO - 📈 已处理301308 江波龙 
2025-09-01 22:24:41,723 - INFO - 📈 已处理301309 万得凯 
2025-09-01 22:24:43,036 - INFO - 📈 已处理301310 鑫宏业 
2025-09-01 22:24:44,372 - INFO - 📈 已处理301311 昆船智能 
2025-09-01 22:24:44,372 - INFO - 📈 已处理 2750/5624 只股票，成功 2749 只
2025-09-01 22:24:45,739 - INFO - 📈 已处理301312 智立方 
2025-09-01 22:24:47,089 - INFO - 📈 已处理301313 凡拓数创 
2025-09-01 22:24:48,382 - INFO - 📈 已处理301314 科瑞思 
2025-09-01 22:24:49,671 - INFO - 📈 已处理301315 威士顿 
2025-09-01 22:24:50,988 - INFO - 📈 已处理301316 慧博云通 
2025-09-01 22:24:52,305 - INFO - 📈 已处理301317 鑫磊股份 
2025-09-01 22:24:53,621 - INFO - 📈 已处理301318 维海德 
2025-09-01 22:24:54,959 - INFO - 📈 已处理301319 唯特偶 
2025-09-01 22:24:56,249 - INFO - 📈 已处理301320 豪江智能 
2025-09-01 22:24:57,601 - INFO - 📈 已处理301321 翰博高新 
2025-09-01 22:24:58,908 - INFO - 📈 已处理301322 绿通科技 
2025-09-01 22:25:00,216 - INFO - 📈 已处理301323 新莱福 
2025-09-01 22:25:01,518 - INFO - 📈 已处理301325 曼恩斯特 
2025-09-01 22:25:02,857 - INFO - 📈 已处理301326 捷邦科技 
2025-09-01 22:25:04,192 - INFO - 📈 已处理301327 华宝新能 
2025-09-01 22:25:05,553 - INFO - 📈 已处理301328 维峰电子 
2025-09-01 22:25:06,821 - INFO - 📈 已处理301329 信音电子 
2025-09-01 22:25:08,156 - INFO - 📈 已处理301330 熵基科技 
2025-09-01 22:25:09,514 - INFO - 📈 已处理301331 恩威医药 
2025-09-01 22:25:10,802 - INFO - 📈 已处理301332 德尔玛 
2025-09-01 22:25:12,138 - INFO - 📈 已处理301333 诺思格 
2025-09-01 22:25:13,471 - INFO - 📈 已处理301335 天元宠物 
2025-09-01 22:25:14,816 - INFO - 📈 已处理301336 趣睡科技 
2025-09-01 22:25:16,120 - INFO - 📈 已处理301337 亚华电子 
2025-09-01 22:25:17,467 - INFO - 📈 已处理301338 凯格精机 
2025-09-01 22:25:18,805 - INFO - 📈 已处理301339 通行宝 
2025-09-01 22:25:20,188 - INFO - 📈 已处理301345 涛涛车业 
2025-09-01 22:25:21,469 - INFO - 📈 已处理301348 蓝箭电子 
2025-09-01 22:25:22,904 - INFO - 📈 已处理301349 信德新材 
2025-09-01 22:25:24,171 - INFO - 📈 已处理301353 普莱得 
2025-09-01 22:25:25,447 - INFO - 📈 已处理301355 南王科技 
2025-09-01 22:25:26,785 - INFO - 📈 已处理301356 天振股份 
2025-09-01 22:25:28,099 - INFO - 📈 已处理301357 北方长龙 
2025-09-01 22:25:29,406 - INFO - 📈 已处理301358 湖南裕能 
2025-09-01 22:25:30,732 - INFO - 📈 已处理301359 东南电子 
2025-09-01 22:25:32,037 - INFO - 📈 已处理301360 荣旗科技 
2025-09-01 22:25:33,370 - INFO - 📈 已处理301361 众智科技 
2025-09-01 22:25:34,654 - INFO - 📈 已处理301362 民爆光电 
2025-09-01 22:25:36,004 - INFO - 📈 已处理301363 美好医疗 
2025-09-01 22:25:37,341 - INFO - 📈 已处理301365 矩阵股份 
2025-09-01 22:25:38,689 - INFO - 📈 已处理301366 一博科技 
2025-09-01 22:25:40,011 - INFO - 📈 已处理301367 瑞迈特 
2025-09-01 22:25:41,350 - INFO - 📈 已处理301368 丰立智能 
2025-09-01 22:25:42,703 - INFO - 📈 已处理301369 联动科技 
2025-09-01 22:25:43,971 - INFO - 📈 已处理301370 国科恒泰 
2025-09-01 22:25:45,252 - INFO - 📈 已处理301371 敷尔佳 
2025-09-01 22:25:46,533 - INFO - 📈 已处理301372 科净源 
2025-09-01 22:25:47,838 - INFO - 📈 已处理301373 凌玮科技 
2025-09-01 22:25:49,116 - INFO - 📈 已处理301376 致欧科技 
2025-09-01 22:25:50,437 - INFO - 📈 已处理301377 鼎泰高科 
2025-09-01 22:25:50,437 - INFO - 📈 已处理 2800/5624 只股票，成功 2799 只
2025-09-01 22:25:51,770 - INFO - 📈 已处理301378 通达海 
2025-09-01 22:25:53,085 - INFO - 📈 已处理301379 天山电子 
2025-09-01 22:25:54,415 - INFO - 📈 已处理301380 挖金客 
2025-09-01 22:25:55,713 - INFO - 📈 已处理301381 赛维时代 
2025-09-01 22:25:57,011 - INFO - 📈 已处理301382 蜂助手 
2025-09-01 22:25:58,299 - INFO - 📈 已处理301383 天键股份 
2025-09-01 22:25:59,617 - INFO - 📈 已处理301386 未来电器 
2025-09-01 22:26:00,886 - INFO - 📈 已处理301387 光大同创 
2025-09-01 22:26:02,215 - INFO - 📈 已处理301388 欣灵电气 
2025-09-01 22:26:03,537 - INFO - 📈 已处理301389 隆扬电子 
2025-09-01 22:26:04,852 - INFO - 📈 已处理301390 经纬股份 
2025-09-01 22:26:06,170 - INFO - 📈 已处理301391 卡莱特 
2025-09-01 22:26:07,353 - INFO - 📈 已处理301392 汇成真空 
2025-09-01 22:26:08,632 - INFO - 📈 已处理301393 昊帆生物 
2025-09-01 22:26:09,932 - INFO - 📈 已处理301395 仁信新材 
2025-09-01 22:26:11,286 - INFO - 📈 已处理301396 宏景科技 
2025-09-01 22:26:12,979 - INFO - 📈 已处理301397 溯联股份 
2025-09-01 22:26:14,302 - INFO - 📈 已处理301398 星源卓镁 
2025-09-01 22:26:15,592 - INFO - 📈 已处理301399 英特科技 
2025-09-01 22:26:16,904 - INFO - 📈 已处理301408 华人健康 
2025-09-01 22:26:18,148 - INFO - 📈 已处理301413 安培龙 
2025-09-01 22:26:19,404 - INFO - 📈 已处理301418 协昌科技 
2025-09-01 22:26:20,719 - INFO - 📈 已处理301419 阿莱德 
2025-09-01 22:26:21,970 - INFO - 📈 已处理301421 波长光电 
2025-09-01 22:26:23,287 - INFO - 📈 已处理301428 世纪恒通 
2025-09-01 22:26:24,586 - INFO - 📈 已处理301429 森泰股份 
2025-09-01 22:26:25,887 - INFO - 📈 已处理301439 泓淋电力 
2025-09-01 22:26:27,162 - INFO - 📈 已处理301446 福事特 
2025-09-01 22:26:28,437 - INFO - 📈 已处理301448 开创电气 
2025-09-01 22:26:29,720 - INFO - 📈 已处理301456 盘古智能 
2025-09-01 22:26:30,896 - INFO - 📈 已处理301458 钧崴电子 
2025-09-01 22:26:32,166 - INFO - 📈 已处理301459 丰茂股份 
2025-09-01 22:26:33,429 - INFO - 📈 已处理301468 博盈特焊 
2025-09-01 22:26:34,703 - INFO - 📈 已处理301469 恒达新材 
2025-09-01 22:26:36,161 - INFO - 📈 已处理301479 弘景光电 
2025-09-01 22:26:37,459 - INFO - 📈 已处理301486 致尚科技 
2025-09-01 22:26:38,869 - INFO - 📈 已处理301487 盟固利 
2025-09-01 22:26:40,355 - INFO - 📈 已处理301488 豪恩汽电 
2025-09-01 22:26:41,756 - INFO - 📈 已处理301489 思泉新材 
2025-09-01 22:26:43,010 - INFO - 📈 已处理301491 汉桑科技 
2025-09-01 22:26:44,402 - INFO - 📈 已处理301498 乖宝宠物 
2025-09-01 22:26:45,820 - INFO - 📈 已处理301499 维科精密 
2025-09-01 22:26:47,263 - INFO - 📈 已处理301500 飞南资源 
2025-09-01 22:26:48,449 - INFO - 📈 已处理301501 恒鑫生活 
2025-09-01 22:26:49,696 - INFO - 📈 已处理301502 华阳智能 
2025-09-01 22:26:50,985 - INFO - 📈 已处理301503 智迪科技 
2025-09-01 22:26:52,290 - INFO - 📈 已处理301505 苏州规划 
2025-09-01 22:26:53,593 - INFO - 📈 已处理301507 民生健康 
2025-09-01 22:26:54,862 - INFO - 📈 已处理301508 中机认检 
2025-09-01 22:26:56,136 - INFO - 📈 已处理301509 金凯生科 
2025-09-01 22:26:56,136 - INFO - 📈 已处理 2850/5624 只股票，成功 2849 只
2025-09-01 22:26:57,403 - INFO - 📈 已处理301510 固高科技 
2025-09-01 22:26:58,669 - INFO - 📈 已处理301511 德福科技 
2025-09-01 22:26:59,935 - INFO - 📈 已处理301512 智信精密 
2025-09-01 22:27:01,256 - INFO - 📈 已处理301515 港通医疗 
2025-09-01 22:27:02,524 - INFO - 📈 已处理301516 中远通 
2025-09-01 22:27:03,818 - INFO - 📈 已处理301517 陕西华达 
2025-09-01 22:27:05,100 - INFO - 📈 已处理301518 长华化学 
2025-09-01 22:27:06,369 - INFO - 📈 已处理301519 舜禹股份 
2025-09-01 22:27:07,630 - INFO - 📈 已处理301520 万邦医药 
2025-09-01 22:27:08,821 - INFO - 📈 已处理301522 上大股份 
2025-09-01 22:27:10,096 - INFO - 📈 已处理301525 儒竞科技 
2025-09-01 22:27:11,364 - INFO - 📈 已处理301526 国际复材 
2025-09-01 22:27:12,640 - INFO - 📈 已处理301528 多浦乐 
2025-09-01 22:27:13,928 - INFO - 📈 已处理301529 福赛科技 
2025-09-01 22:27:15,220 - INFO - 📈 已处理301533 威马农机 
2025-09-01 22:27:16,385 - INFO - 📈 已处理301535 浙江华远 
2025-09-01 22:27:17,626 - INFO - 📈 已处理301536 星宸科技 
2025-09-01 22:27:18,868 - INFO - 📈 已处理301538 骏鼎达 
2025-09-01 22:27:20,097 - INFO - 📈 已处理301539 宏鑫科技 
2025-09-01 22:27:21,369 - INFO - 📈 已处理301548 崇德科技 
2025-09-01 22:27:22,652 - INFO - 📈 已处理301550 斯菱股份 
2025-09-01 22:27:23,870 - INFO - 📈 已处理301551 无线传媒 
2025-09-01 22:27:25,083 - INFO - 📈 已处理301552 科力装备 
2025-09-01 22:27:26,335 - INFO - 📈 已处理301555 惠柏新材 
2025-09-01 22:27:27,534 - INFO - 📈 已处理301556 托普云农 
2025-09-01 22:27:28,697 - INFO - 📈 已处理301557 常友科技 
2025-09-01 22:27:29,961 - INFO - 📈 已处理301558 三态股份 
2025-09-01 22:27:31,243 - INFO - 📈 已处理301559 中集环科 
2025-09-01 22:27:32,402 - INFO - 📈 已处理301560 众捷汽车 
2025-09-01 22:27:33,607 - INFO - 📈 已处理301565 中仑新材 
2025-09-01 22:27:34,892 - INFO - 📈 已处理301566 达利凯普 
2025-09-01 22:27:36,144 - INFO - 📈 已处理301567 贝隆精密 
2025-09-01 22:27:37,410 - INFO - 📈 已处理301568 思泰克 
2025-09-01 22:27:38,601 - INFO - 📈 已处理301571 国科天成 
2025-09-01 22:27:40,993 - INFO - 📈 已处理301577 美信科技 
2025-09-01 22:27:42,249 - INFO - 📈 已处理301578 辰奕智能 
2025-09-01 22:27:43,451 - INFO - 📈 已处理301580 爱迪特 
2025-09-01 22:27:44,617 - INFO - 📈 已处理301581 黄山谷捷 
2025-09-01 22:27:45,795 - INFO - 📈 已处理301585 蓝宇股份 
2025-09-01 22:27:46,984 - INFO - 📈 已处理301586 佳力奇 
2025-09-01 22:27:48,209 - INFO - 📈 已处理301587 中瑞股份 
2025-09-01 22:27:49,434 - INFO - 📈 已处理301588 美新科技 
2025-09-01 22:27:50,693 - INFO - 📈 已处理301589 诺瓦星云 
2025-09-01 22:27:51,854 - INFO - 📈 已处理301590 优优绿能 
2025-09-01 22:27:53,117 - INFO - 📈 已处理301591 肯特股份 
2025-09-01 22:27:54,301 - INFO - 📈 已处理301592 六九一二 
2025-09-01 22:27:55,451 - INFO - 📈 已处理301595 太力科技 
2025-09-01 22:27:56,664 - INFO - 📈 已处理301596 瑞迪智驱 
2025-09-01 22:27:57,855 - INFO - 📈 已处理301598 博科测试 
2025-09-01 22:27:57,855 - INFO - 📈 已处理 2900/5624 只股票，成功 2898 只
2025-09-01 22:27:59,051 - INFO - 📈 已处理301600 慧翰股份 
2025-09-01 22:28:00,219 - INFO - 📈 已处理301601 惠通科技 
2025-09-01 22:28:01,411 - INFO - 📈 已处理301602 超研股份 
2025-09-01 22:28:02,600 - INFO - 📈 已处理301603 乔锋智能 
2025-09-01 22:28:03,812 - INFO - 📈 已处理301606 绿联科技 
2025-09-01 22:28:05,000 - INFO - 📈 已处理301607 富特科技 
2025-09-01 22:28:06,198 - INFO - 📈 已处理301608 博实结 
2025-09-01 22:28:07,350 - INFO - 📈 已处理301609 山大电力 
2025-09-01 22:28:08,533 - INFO - 📈 已处理301611 珂玛科技 
2025-09-01 22:28:10,163 - INFO - 📈 已处理301613 新铝时代 
2025-09-01 22:28:11,344 - INFO - 📈 已处理301616 浙江华业 
2025-09-01 22:28:12,526 - INFO - 📈 已处理301617 博苑股份 
2025-09-01 22:28:13,716 - INFO - 📈 已处理301618 长联科技 
2025-09-01 22:28:14,917 - INFO - 📈 已处理301622 英思特 
2025-09-01 22:28:16,119 - INFO - 📈 已处理301626 苏州天脉 
2025-09-01 22:28:17,300 - INFO - 📈 已处理301628 强达电路 
2025-09-01 22:28:18,450 - INFO - 📈 已处理301629 矽电股份 
2025-09-01 22:28:19,596 - INFO - 📈 已处理301630 同宇新材 
2025-09-01 22:28:21,267 - INFO - 📈 已处理301631 壹连科技 
2025-09-01 22:28:22,418 - INFO - 📈 已处理301632 广东建科 
2025-09-01 22:28:23,611 - INFO - 📈 已处理301633 港迪技术 
2025-09-01 22:28:24,767 - INFO - 📈 已处理301636 泽润新能 
2025-09-01 22:28:25,916 - INFO - 📈 已处理301658 首航新能 
2025-09-01 22:28:27,070 - INFO - 📈 已处理301662 宏工科技 
2025-09-01 22:28:28,234 - INFO - 📈 已处理301665 泰禾股份 
2025-09-01 22:28:30,497 - WARNING - ⚠️ 301678 新恒汇 K线更新失败: ('Connection aborted.', RemoteDisconnected('Remote end closed connection without response'))
2025-09-01 22:28:31,616 - WARNING - ⚠️ 302132 中航成飞 K线更新失败: ('Connection aborted.', RemoteDisconnected('Remote end closed connection without response'))
2025-09-01 22:28:32,750 - WARNING - ⚠️ 430017 星昊医药 K线更新失败: ('Connection aborted.', RemoteDisconnected('Remote end closed connection without response'))
2025-09-01 22:28:33,888 - WARNING - ⚠️ 430047 诺思兰德 K线更新失败: ('Connection aborted.', RemoteDisconnected('Remote end closed connection without response'))
2025-09-01 22:28:35,017 - WARNING - ⚠️ 430090 同辉信息 K线更新失败: ('Connection aborted.', RemoteDisconnected('Remote end closed connection without response'))
2025-09-01 22:28:36,126 - WARNING - ⚠️ 430139 华岭股份 K线更新失败: ('Connection aborted.', RemoteDisconnected('Remote end closed connection without response'))
2025-09-01 22:28:37,249 - WARNING - ⚠️ 430198 微创光电 K线更新失败: ('Connection aborted.', RemoteDisconnected('Remote end closed connection without response'))
2025-09-01 22:28:38,359 - WARNING - ⚠️ 430300 辰光医疗 K线更新失败: ('Connection aborted.', RemoteDisconnected('Remote end closed connection without response'))
2025-09-01 22:28:39,501 - WARNING - ⚠️ 430418 苏轴股份 K线更新失败: ('Connection aborted.', RemoteDisconnected('Remote end closed connection without response'))
2025-09-01 22:28:40,623 - WARNING - ⚠️ 430425 乐创技术 K线更新失败: ('Connection aborted.', RemoteDisconnected('Remote end closed connection without response'))
2025-09-01 22:28:41,749 - WARNING - ⚠️ 430476 海能技术 K线更新失败: ('Connection aborted.', RemoteDisconnected('Remote end closed connection without response'))
2025-09-01 22:28:42,887 - WARNING - ⚠️ 430478 峆一药业 K线更新失败: ('Connection aborted.', RemoteDisconnected('Remote end closed connection without response'))
2025-09-01 22:28:44,016 - WARNING - ⚠️ 430510 丰光精密 K线更新失败: ('Connection aborted.', RemoteDisconnected('Remote end closed connection without response'))
2025-09-01 22:28:45,132 - WARNING - ⚠️ 430556 雅达股份 K线更新失败: ('Connection aborted.', RemoteDisconnected('Remote end closed connection without response'))
2025-09-01 22:28:46,249 - WARNING - ⚠️ 430564 天润科技 K线更新失败: ('Connection aborted.', RemoteDisconnected('Remote end closed connection without response'))
2025-09-01 22:28:47,366 - WARNING - ⚠️ 430685 新芝生物 K线更新失败: ('Connection aborted.', RemoteDisconnected('Remote end closed connection without response'))
2025-09-01 22:28:48,482 - WARNING - ⚠️ 430718 合肥高科 K线更新失败: ('Connection aborted.', RemoteDisconnected('Remote end closed connection without response'))
2025-09-01 22:28:49,598 - WARNING - ⚠️ 600000 浦发银行 K线更新失败: ('Connection aborted.', RemoteDisconnected('Remote end closed connection without response'))
2025-09-01 22:28:50,714 - WARNING - ⚠️ 600001 邯郸钢铁 K线更新失败: ('Connection aborted.', RemoteDisconnected('Remote end closed connection without response'))
2025-09-01 22:28:51,843 - WARNING - ⚠️ 600002 齐鲁石化 K线更新失败: ('Connection aborted.', RemoteDisconnected('Remote end closed connection without response'))
2025-09-01 22:28:52,959 - WARNING - ⚠️ 600003 ST东北高 K线更新失败: ('Connection aborted.', RemoteDisconnected('Remote end closed connection without response'))
2025-09-01 22:28:54,082 - WARNING - ⚠️ 600004 白云机场 K线更新失败: ('Connection aborted.', RemoteDisconnected('Remote end closed connection without response'))
2025-09-01 22:28:55,200 - WARNING - ⚠️ 600005 武钢股份 K线更新失败: ('Connection aborted.', RemoteDisconnected('Remote end closed connection without response'))
2025-09-01 22:28:56,318 - WARNING - ⚠️ 600006 东风股份 K线更新失败: ('Connection aborted.', RemoteDisconnected('Remote end closed connection without response'))
2025-09-01 22:28:57,451 - WARNING - ⚠️ 600007 中国国贸 K线更新失败: ('Connection aborted.', RemoteDisconnected('Remote end closed connection without response'))
2025-09-01 22:28:58,590 - WARNING - ⚠️ 600008 首创环保 K线更新失败: ('Connection aborted.', RemoteDisconnected('Remote end closed connection without response'))
2025-09-01 22:28:59,715 - WARNING - ⚠️ 600009 上海机场 K线更新失败: ('Connection aborted.', RemoteDisconnected('Remote end closed connection without response'))
2025-09-01 22:29:00,836 - WARNING - ⚠️ 600010 包钢股份 K线更新失败: ('Connection aborted.', RemoteDisconnected('Remote end closed connection without response'))
2025-09-01 22:29:01,963 - WARNING - ⚠️ 600011 华能国际 K线更新失败: ('Connection aborted.', RemoteDisconnected('Remote end closed connection without response'))
2025-09-01 22:29:03,084 - WARNING - ⚠️ 600012 皖通高速 K线更新失败: ('Connection aborted.', RemoteDisconnected('Remote end closed connection without response'))
2025-09-01 22:29:04,208 - WARNING - ⚠️ 600015 华夏银行 K线更新失败: ('Connection aborted.', RemoteDisconnected('Remote end closed connection without response'))
2025-09-01 22:29:05,334 - WARNING - ⚠️ 600016 民生银行 K线更新失败: ('Connection aborted.', RemoteDisconnected('Remote end closed connection without response'))
2025-09-01 22:29:06,467 - WARNING - ⚠️ 600017 日照港 K线更新失败: ('Connection aborted.', RemoteDisconnected('Remote end closed connection without response'))
2025-09-01 22:29:07,590 - WARNING - ⚠️ 600018 上港集团 K线更新失败: ('Connection aborted.', RemoteDisconnected('Remote end closed connection without response'))
2025-09-01 22:29:08,716 - WARNING - ⚠️ 600019 宝钢股份 K线更新失败: ('Connection aborted.', RemoteDisconnected('Remote end closed connection without response'))
2025-09-01 22:29:09,841 - WARNING - ⚠️ 600020 中原高速 K线更新失败: ('Connection aborted.', RemoteDisconnected('Remote end closed connection without response'))
2025-09-01 22:29:10,959 - WARNING - ⚠️ 600021 上海电力 K线更新失败: ('Connection aborted.', RemoteDisconnected('Remote end closed connection without response'))
2025-09-01 22:29:12,080 - WARNING - ⚠️ 600022 山东钢铁 K线更新失败: ('Connection aborted.', RemoteDisconnected('Remote end closed connection without response'))
2025-09-01 22:29:13,206 - WARNING - ⚠️ 600023 浙能电力 K线更新失败: ('Connection aborted.', RemoteDisconnected('Remote end closed connection without response'))
2025-09-01 22:29:14,346 - WARNING - ⚠️ 600025 华能水电 K线更新失败: ('Connection aborted.', RemoteDisconnected('Remote end closed connection without response'))
2025-09-01 22:29:15,485 - WARNING - ⚠️ 600026 中远海能 K线更新失败: ('Connection aborted.', RemoteDisconnected('Remote end closed connection without response'))
2025-09-01 22:29:16,613 - WARNING - ⚠️ 600027 华电国际 K线更新失败: ('Connection aborted.', RemoteDisconnected('Remote end closed connection without response'))
2025-09-01 22:29:17,732 - WARNING - ⚠️ 600028 中国石化 K线更新失败: ('Connection aborted.', RemoteDisconnected('Remote end closed connection without response'))
2025-09-01 22:29:18,835 - WARNING - ⚠️ 600029 南方航空 K线更新失败: ('Connection aborted.', RemoteDisconnected('Remote end closed connection without response'))
2025-09-01 22:29:19,991 - WARNING - ⚠️ 600030 中信证券 K线更新失败: ('Connection aborted.', RemoteDisconnected('Remote end closed connection without response'))
2025-09-01 22:29:21,120 - WARNING - ⚠️ 600031 三一重工 K线更新失败: ('Connection aborted.', RemoteDisconnected('Remote end closed connection without response'))
2025-09-01 22:29:22,249 - WARNING - ⚠️ 600032 浙江新能 K线更新失败: ('Connection aborted.', RemoteDisconnected('Remote end closed connection without response'))
2025-09-01 22:29:23,392 - WARNING - ⚠️ 600033 福建高速 K线更新失败: ('Connection aborted.', RemoteDisconnected('Remote end closed connection without response'))
2025-09-01 22:29:24,528 - WARNING - ⚠️ 600035 楚天高速 K线更新失败: ('Connection aborted.', RemoteDisconnected('Remote end closed connection without response'))
2025-09-01 22:29:25,666 - WARNING - ⚠️ 600036 招商银行 K线更新失败: ('Connection aborted.', RemoteDisconnected('Remote end closed connection without response'))
2025-09-01 22:29:26,820 - WARNING - ⚠️ 600037 歌华有线 K线更新失败: ('Connection aborted.', RemoteDisconnected('Remote end closed connection without response'))
2025-09-01 22:29:27,952 - WARNING - ⚠️ 600038 中直股份 K线更新失败: ('Connection aborted.', RemoteDisconnected('Remote end closed connection without response'))
2025-09-01 22:29:29,386 - WARNING - ⚠️ 600039 四川路桥 K线更新失败: ('Connection aborted.', RemoteDisconnected('Remote end closed connection without response'))
2025-09-01 22:29:30,518 - WARNING - ⚠️ 600048 保利发展 K线更新失败: ('Connection aborted.', RemoteDisconnected('Remote end closed connection without response'))
2025-09-01 22:29:31,665 - WARNING - ⚠️ 600050 中国联通 K线更新失败: ('Connection aborted.', RemoteDisconnected('Remote end closed connection without response'))
2025-09-01 22:29:32,784 - WARNING - ⚠️ 600051 宁波联合 K线更新失败: ('Connection aborted.', RemoteDisconnected('Remote end closed connection without response'))
2025-09-01 22:29:33,918 - WARNING - ⚠️ 600052 东望时代 K线更新失败: ('Connection aborted.', RemoteDisconnected('Remote end closed connection without response'))
2025-09-01 22:29:35,052 - WARNING - ⚠️ 600053 九鼎投资 K线更新失败: ('Connection aborted.', RemoteDisconnected('Remote end closed connection without response'))
2025-09-01 22:29:36,181 - WARNING - ⚠️ 600054 黄山旅游 K线更新失败: ('Connection aborted.', RemoteDisconnected('Remote end closed connection without response'))
2025-09-01 22:29:37,299 - WARNING - ⚠️ 600055 万东医疗 K线更新失败: ('Connection aborted.', RemoteDisconnected('Remote end closed connection without response'))
2025-09-01 22:29:38,414 - WARNING - ⚠️ 600056 中国医药 K线更新失败: ('Connection aborted.', RemoteDisconnected('Remote end closed connection without response'))
2025-09-01 22:29:39,550 - WARNING - ⚠️ 600057 厦门象屿 K线更新失败: ('Connection aborted.', RemoteDisconnected('Remote end closed connection without response'))
2025-09-01 22:29:40,681 - WARNING - ⚠️ 600058 五矿发展 K线更新失败: ('Connection aborted.', RemoteDisconnected('Remote end closed connection without response'))
2025-09-01 22:29:41,809 - WARNING - ⚠️ 600059 古越龙山 K线更新失败: ('Connection aborted.', RemoteDisconnected('Remote end closed connection without response'))
2025-09-01 22:29:42,931 - WARNING - ⚠️ 600060 海信视像 K线更新失败: ('Connection aborted.', RemoteDisconnected('Remote end closed connection without response'))
2025-09-01 22:29:44,051 - WARNING - ⚠️ 600061 国投资本 K线更新失败: ('Connection aborted.', RemoteDisconnected('Remote end closed connection without response'))
2025-09-01 22:29:45,182 - WARNING - ⚠️ 600062 华润双鹤 K线更新失败: ('Connection aborted.', RemoteDisconnected('Remote end closed connection without response'))
2025-09-01 22:29:46,301 - WARNING - ⚠️ 600063 皖维高新 K线更新失败: ('Connection aborted.', RemoteDisconnected('Remote end closed connection without response'))
2025-09-01 22:29:47,436 - WARNING - ⚠️ 600064 南京高科 K线更新失败: ('Connection aborted.', RemoteDisconnected('Remote end closed connection without response'))
2025-09-01 22:29:48,559 - WARNING - ⚠️ 600065 *ST联谊 K线更新失败: ('Connection aborted.', RemoteDisconnected('Remote end closed connection without response'))
2025-09-01 22:29:49,677 - WARNING - ⚠️ 600066 宇通客车 K线更新失败: ('Connection aborted.', RemoteDisconnected('Remote end closed connection without response'))
2025-09-01 22:29:50,797 - WARNING - ⚠️ 600067 冠城新材 K线更新失败: ('Connection aborted.', RemoteDisconnected('Remote end closed connection without response'))
2025-09-01 22:29:51,917 - WARNING - ⚠️ 600068 葛洲坝 K线更新失败: ('Connection aborted.', RemoteDisconnected('Remote end closed connection without response'))
2025-09-01 22:29:53,052 - WARNING - ⚠️ 600069 退市银鸽 K线更新失败: ('Connection aborted.', RemoteDisconnected('Remote end closed connection without response'))
2025-09-01 22:29:54,177 - WARNING - ⚠️ 600070 *ST富润 K线更新失败: ('Connection aborted.', RemoteDisconnected('Remote end closed connection without response'))
2025-09-01 22:29:55,299 - WARNING - ⚠️ 600071 凤凰光学 K线更新失败: ('Connection aborted.', RemoteDisconnected('Remote end closed connection without response'))
2025-09-01 22:29:56,431 - WARNING - ⚠️ 600072 中船科技 K线更新失败: ('Connection aborted.', RemoteDisconnected('Remote end closed connection without response'))
2025-09-01 22:29:57,551 - WARNING - ⚠️ 600073 光明肉业 K线更新失败: ('Connection aborted.', RemoteDisconnected('Remote end closed connection without response'))
2025-09-01 22:29:58,664 - WARNING - ⚠️ 600074 退市保千 K线更新失败: ('Connection aborted.', RemoteDisconnected('Remote end closed connection without response'))
2025-09-01 22:29:59,784 - WARNING - ⚠️ 600075 新疆天业 K线更新失败: ('Connection aborted.', RemoteDisconnected('Remote end closed connection without response'))
2025-09-01 22:30:00,905 - WARNING - ⚠️ 600076 康欣新材 K线更新失败: ('Connection aborted.', RemoteDisconnected('Remote end closed connection without response'))
2025-09-01 22:30:02,019 - WARNING - ⚠️ 600077 *ST宋都 K线更新失败: ('Connection aborted.', RemoteDisconnected('Remote end closed connection without response'))
2025-09-01 22:30:03,148 - WARNING - ⚠️ 600078 澄星股份 K线更新失败: ('Connection aborted.', RemoteDisconnected('Remote end closed connection without response'))
2025-09-01 22:30:04,280 - WARNING - ⚠️ 600079 人福医药 K线更新失败: ('Connection aborted.', RemoteDisconnected('Remote end closed connection without response'))
2025-09-01 22:30:05,398 - WARNING - ⚠️ 600080 金花股份 K线更新失败: ('Connection aborted.', RemoteDisconnected('Remote end closed connection without response'))
2025-09-01 22:30:06,518 - WARNING - ⚠️ 600081 东风科技 K线更新失败: ('Connection aborted.', RemoteDisconnected('Remote end closed connection without response'))
2025-09-01 22:30:07,648 - WARNING - ⚠️ 600082 海泰发展 K线更新失败: ('Connection aborted.', RemoteDisconnected('Remote end closed connection without response'))
2025-09-01 22:30:08,780 - WARNING - ⚠️ 600083 *ST博信 K线更新失败: ('Connection aborted.', RemoteDisconnected('Remote end closed connection without response'))
2025-09-01 22:30:09,911 - WARNING - ⚠️ 600084 中信尼雅 K线更新失败: ('Connection aborted.', RemoteDisconnected('Remote end closed connection without response'))
2025-09-01 22:30:11,036 - WARNING - ⚠️ 600085 同仁堂 K线更新失败: ('Connection aborted.', RemoteDisconnected('Remote end closed connection without response'))
2025-09-01 22:30:12,176 - WARNING - ⚠️ 600086 退市金钰 K线更新失败: ('Connection aborted.', RemoteDisconnected('Remote end closed connection without response'))
2025-09-01 22:30:13,304 - WARNING - ⚠️ 600087 退市长油 K线更新失败: ('Connection aborted.', RemoteDisconnected('Remote end closed connection without response'))
2025-09-01 22:30:14,433 - WARNING - ⚠️ 600088 中视传媒 K线更新失败: ('Connection aborted.', RemoteDisconnected('Remote end closed connection without response'))
2025-09-01 22:30:15,552 - WARNING - ⚠️ 600089 特变电工 K线更新失败: ('Connection aborted.', RemoteDisconnected('Remote end closed connection without response'))
2025-09-01 22:30:16,716 - WARNING - ⚠️ 600090 退市济堂 K线更新失败: ('Connection aborted.', RemoteDisconnected('Remote end closed connection without response'))
2025-09-01 22:30:17,838 - WARNING - ⚠️ 600091 退市明科 K线更新失败: ('Connection aborted.', RemoteDisconnected('Remote end closed connection without response'))
2025-09-01 22:30:18,948 - WARNING - ⚠️ 600092 S*ST精密 K线更新失败: ('Connection aborted.', RemoteDisconnected('Remote end closed connection without response'))
2025-09-01 22:30:20,065 - WARNING - ⚠️ 600093 退市易见 K线更新失败: ('Connection aborted.', RemoteDisconnected('Remote end closed connection without response'))
2025-09-01 22:30:21,201 - WARNING - ⚠️ 600094 大名城 K线更新失败: ('Connection aborted.', RemoteDisconnected('Remote end closed connection without response'))
2025-09-01 22:30:22,337 - WARNING - ⚠️ 600095 湘财股份 K线更新失败: ('Connection aborted.', RemoteDisconnected('Remote end closed connection without response'))
2025-09-01 22:30:23,466 - WARNING - ⚠️ 600096 云天化 K线更新失败: ('Connection aborted.', RemoteDisconnected('Remote end closed connection without response'))
2025-09-01 22:30:24,582 - WARNING - ⚠️ 600097 开创国际 K线更新失败: ('Connection aborted.', RemoteDisconnected('Remote end closed connection without response'))
2025-09-01 22:30:25,718 - WARNING - ⚠️ 600098 广州发展 K线更新失败: ('Connection aborted.', RemoteDisconnected('Remote end closed connection without response'))
2025-09-01 22:30:26,845 - WARNING - ⚠️ 600099 林海股份 K线更新失败: ('Connection aborted.', RemoteDisconnected('Remote end closed connection without response'))
2025-09-01 22:30:27,975 - WARNING - ⚠️ 600100 同方股份 K线更新失败: ('Connection aborted.', RemoteDisconnected('Remote end closed connection without response'))
2025-09-01 22:30:29,106 - WARNING - ⚠️ 600101 明星电力 K线更新失败: ('Connection aborted.', RemoteDisconnected('Remote end closed connection without response'))
2025-09-01 22:30:30,215 - WARNING - ⚠️ 600102 莱钢股份 K线更新失败: ('Connection aborted.', RemoteDisconnected('Remote end closed connection without response'))
2025-09-01 22:30:31,350 - WARNING - ⚠️ 600103 青山纸业 K线更新失败: ('Connection aborted.', RemoteDisconnected('Remote end closed connection without response'))
2025-09-01 22:30:32,481 - WARNING - ⚠️ 600104 上汽集团 K线更新失败: ('Connection aborted.', RemoteDisconnected('Remote end closed connection without response'))
2025-09-01 22:30:33,611 - WARNING - ⚠️ 600105 永鼎股份 K线更新失败: ('Connection aborted.', RemoteDisconnected('Remote end closed connection without response'))
2025-09-01 22:30:34,729 - WARNING - ⚠️ 600106 重庆路桥 K线更新失败: ('Connection aborted.', RemoteDisconnected('Remote end closed connection without response'))
2025-09-01 22:30:35,846 - WARNING - ⚠️ 600107 ST尔雅 K线更新失败: ('Connection aborted.', RemoteDisconnected('Remote end closed connection without response'))
2025-09-01 22:30:36,980 - WARNING - ⚠️ 600108 亚盛集团 K线更新失败: ('Connection aborted.', RemoteDisconnected('Remote end closed connection without response'))
2025-09-01 22:30:38,107 - WARNING - ⚠️ 600109 国金证券 K线更新失败: ('Connection aborted.', RemoteDisconnected('Remote end closed connection without response'))
2025-09-01 22:30:39,230 - WARNING - ⚠️ 600110 诺德股份 K线更新失败: ('Connection aborted.', RemoteDisconnected('Remote end closed connection without response'))
2025-09-01 22:30:40,358 - WARNING - ⚠️ 600111 北方稀土 K线更新失败: ('Connection aborted.', RemoteDisconnected('Remote end closed connection without response'))
2025-09-01 22:30:41,485 - WARNING - ⚠️ 600112 *ST天成 K线更新失败: ('Connection aborted.', RemoteDisconnected('Remote end closed connection without response'))
2025-09-01 22:30:42,613 - WARNING - ⚠️ 600113 浙江东日 K线更新失败: ('Connection aborted.', RemoteDisconnected('Remote end closed connection without response'))
2025-09-01 22:30:43,757 - WARNING - ⚠️ 600114 东睦股份 K线更新失败: ('Connection aborted.', RemoteDisconnected('Remote end closed connection without response'))
2025-09-01 22:30:44,880 - WARNING - ⚠️ 600115 中国东航 K线更新失败: ('Connection aborted.', RemoteDisconnected('Remote end closed connection without response'))
2025-09-01 22:30:46,002 - WARNING - ⚠️ 600116 三峡水利 K线更新失败: ('Connection aborted.', RemoteDisconnected('Remote end closed connection without response'))
2025-09-01 22:30:47,129 - WARNING - ⚠️ 600117 西宁特钢 K线更新失败: ('Connection aborted.', RemoteDisconnected('Remote end closed connection without response'))
2025-09-01 22:30:48,247 - WARNING - ⚠️ 600118 中国卫星 K线更新失败: ('Connection aborted.', RemoteDisconnected('Remote end closed connection without response'))
2025-09-01 22:30:49,378 - WARNING - ⚠️ 600119 长江投资 K线更新失败: ('Connection aborted.', RemoteDisconnected('Remote end closed connection without response'))
2025-09-01 22:30:50,499 - WARNING - ⚠️ 600120 浙江东方 K线更新失败: ('Connection aborted.', RemoteDisconnected('Remote end closed connection without response'))
2025-09-01 22:30:51,613 - WARNING - ⚠️ 600121 郑州煤电 K线更新失败: ('Connection aborted.', RemoteDisconnected('Remote end closed connection without response'))
2025-09-01 22:30:52,728 - WARNING - ⚠️ 600122 *ST宏图 K线更新失败: ('Connection aborted.', RemoteDisconnected('Remote end closed connection without response'))
2025-09-01 22:30:53,858 - WARNING - ⚠️ 600123 兰花科创 K线更新失败: ('Connection aborted.', RemoteDisconnected('Remote end closed connection without response'))
2025-09-01 22:30:54,977 - WARNING - ⚠️ 600125 铁龙物流 K线更新失败: ('Connection aborted.', RemoteDisconnected('Remote end closed connection without response'))
2025-09-01 22:30:56,111 - WARNING - ⚠️ 600126 杭钢股份 K线更新失败: ('Connection aborted.', RemoteDisconnected('Remote end closed connection without response'))
2025-09-01 22:30:57,230 - WARNING - ⚠️ 600127 金健米业 K线更新失败: ('Connection aborted.', RemoteDisconnected('Remote end closed connection without response'))
2025-09-01 22:30:58,363 - WARNING - ⚠️ 600128 苏豪弘业 K线更新失败: ('Connection aborted.', RemoteDisconnected('Remote end closed connection without response'))
2025-09-01 22:30:59,483 - WARNING - ⚠️ 600129 太极集团 K线更新失败: ('Connection aborted.', RemoteDisconnected('Remote end closed connection without response'))
2025-09-01 22:31:00,614 - WARNING - ⚠️ 600130 *ST波导 K线更新失败: ('Connection aborted.', RemoteDisconnected('Remote end closed connection without response'))
2025-09-01 22:31:01,729 - WARNING - ⚠️ 600131 国网信通 K线更新失败: ('Connection aborted.', RemoteDisconnected('Remote end closed connection without response'))
2025-09-01 22:31:02,847 - WARNING - ⚠️ 600132 重庆啤酒 K线更新失败: ('Connection aborted.', RemoteDisconnected('Remote end closed connection without response'))
2025-09-01 22:31:03,976 - WARNING - ⚠️ 600133 东湖高新 K线更新失败: ('Connection aborted.', RemoteDisconnected('Remote end closed connection without response'))
2025-09-01 22:31:05,088 - WARNING - ⚠️ 600135 乐凯胶片 K线更新失败: ('Connection aborted.', RemoteDisconnected('Remote end closed connection without response'))
2025-09-01 22:31:06,221 - WARNING - ⚠️ 600136 ST明诚 K线更新失败: ('Connection aborted.', RemoteDisconnected('Remote end closed connection without response'))
2025-09-01 22:31:07,351 - WARNING - ⚠️ 600137 浪莎股份 K线更新失败: ('Connection aborted.', RemoteDisconnected('Remote end closed connection without response'))
2025-09-01 22:31:08,462 - WARNING - ⚠️ 600138 中青旅 K线更新失败: ('Connection aborted.', RemoteDisconnected('Remote end closed connection without response'))
2025-09-01 22:31:09,599 - WARNING - ⚠️ 600139 *ST西源 K线更新失败: ('Connection aborted.', RemoteDisconnected('Remote end closed connection without response'))
2025-09-01 22:31:10,712 - WARNING - ⚠️ 600141 兴发集团 K线更新失败: ('Connection aborted.', RemoteDisconnected('Remote end closed connection without response'))
2025-09-01 22:31:11,838 - WARNING - ⚠️ 600143 金发科技 K线更新失败: ('Connection aborted.', RemoteDisconnected('Remote end closed connection without response'))
2025-09-01 22:31:12,964 - WARNING - ⚠️ 600145 退市新亿 K线更新失败: ('Connection aborted.', RemoteDisconnected('Remote end closed connection without response'))
2025-09-01 22:31:14,107 - WARNING - ⚠️ 600146 退市环球 K线更新失败: ('Connection aborted.', RemoteDisconnected('Remote end closed connection without response'))
2025-09-01 22:31:15,228 - WARNING - ⚠️ 600148 长春一东 K线更新失败: ('Connection aborted.', RemoteDisconnected('Remote end closed connection without response'))
2025-09-01 22:31:16,347 - WARNING - ⚠️ 600149 廊坊发展 K线更新失败: ('Connection aborted.', RemoteDisconnected('Remote end closed connection without response'))
2025-09-01 22:31:17,465 - WARNING - ⚠️ 600150 中国船舶 K线更新失败: ('Connection aborted.', RemoteDisconnected('Remote end closed connection without response'))
2025-09-01 22:31:18,642 - WARNING - ⚠️ 600151 航天机电 K线更新失败: ('Connection aborted.', RemoteDisconnected('Remote end closed connection without response'))
2025-09-01 22:31:19,745 - WARNING - ⚠️ 600152 维科技术 K线更新失败: ('Connection aborted.', RemoteDisconnected('Remote end closed connection without response'))
2025-09-01 22:31:20,868 - WARNING - ⚠️ 600153 建发股份 K线更新失败: ('Connection aborted.', RemoteDisconnected('Remote end closed connection without response'))
2025-09-01 22:31:21,992 - WARNING - ⚠️ 600155 华创云信 K线更新失败: ('Connection aborted.', RemoteDisconnected('Remote end closed connection without response'))
2025-09-01 22:31:23,111 - WARNING - ⚠️ 600156 华升股份 K线更新失败: ('Connection aborted.', RemoteDisconnected('Remote end closed connection without response'))
2025-09-01 22:31:24,246 - WARNING - ⚠️ 600157 永泰能源 K线更新失败: ('Connection aborted.', RemoteDisconnected('Remote end closed connection without response'))
2025-09-01 22:31:25,385 - WARNING - ⚠️ 600158 中体产业 K线更新失败: ('Connection aborted.', RemoteDisconnected('Remote end closed connection without response'))
2025-09-01 22:31:26,514 - WARNING - ⚠️ 600159 大龙地产 K线更新失败: ('Connection aborted.', RemoteDisconnected('Remote end closed connection without response'))
2025-09-01 22:31:27,631 - WARNING - ⚠️ 600160 巨化股份 K线更新失败: ('Connection aborted.', RemoteDisconnected('Remote end closed connection without response'))
2025-09-01 22:31:28,828 - WARNING - ⚠️ 600161 天坛生物 K线更新失败: ('Connection aborted.', RemoteDisconnected('Remote end closed connection without response'))
2025-09-01 22:31:29,962 - WARNING - ⚠️ 600162 香江控股 K线更新失败: ('Connection aborted.', RemoteDisconnected('Remote end closed connection without response'))
2025-09-01 22:31:31,087 - WARNING - ⚠️ 600163 中闽能源 K线更新失败: ('Connection aborted.', RemoteDisconnected('Remote end closed connection without response'))
2025-09-01 22:31:32,210 - WARNING - ⚠️ 600165 ST宁科 K线更新失败: ('Connection aborted.', RemoteDisconnected('Remote end closed connection without response'))
2025-09-01 22:31:33,330 - WARNING - ⚠️ 600166 福田汽车 K线更新失败: ('Connection aborted.', RemoteDisconnected('Remote end closed connection without response'))
2025-09-01 22:31:34,451 - WARNING - ⚠️ 600167 联美控股 K线更新失败: ('Connection aborted.', RemoteDisconnected('Remote end closed connection without response'))
2025-09-01 22:31:35,583 - WARNING - ⚠️ 600168 武汉控股 K线更新失败: ('Connection aborted.', RemoteDisconnected('Remote end closed connection without response'))
2025-09-01 22:31:36,736 - WARNING - ⚠️ 600169 太原重工 K线更新失败: ('Connection aborted.', RemoteDisconnected('Remote end closed connection without response'))
2025-09-01 22:31:37,864 - WARNING - ⚠️ 600170 上海建工 K线更新失败: ('Connection aborted.', RemoteDisconnected('Remote end closed connection without response'))
2025-09-01 22:31:38,982 - WARNING - ⚠️ 600171 上海贝岭 K线更新失败: ('Connection aborted.', RemoteDisconnected('Remote end closed connection without response'))
2025-09-01 22:31:40,116 - WARNING - ⚠️ 600172 黄河旋风 K线更新失败: ('Connection aborted.', RemoteDisconnected('Remote end closed connection without response'))
2025-09-01 22:31:41,246 - WARNING - ⚠️ 600173 卧龙新能 K线更新失败: ('Connection aborted.', RemoteDisconnected('Remote end closed connection without response'))
2025-09-01 22:31:42,380 - WARNING - ⚠️ 600175 退市美都 K线更新失败: ('Connection aborted.', RemoteDisconnected('Remote end closed connection without response'))
2025-09-01 22:31:43,484 - WARNING - ⚠️ 600176 中国巨石 K线更新失败: ('Connection aborted.', RemoteDisconnected('Remote end closed connection without response'))
2025-09-01 22:31:44,620 - WARNING - ⚠️ 600177 雅戈尔 K线更新失败: ('Connection aborted.', RemoteDisconnected('Remote end closed connection without response'))
2025-09-01 22:31:45,745 - WARNING - ⚠️ 600178 东安动力 K线更新失败: ('Connection aborted.', RemoteDisconnected('Remote end closed connection without response'))
2025-09-01 22:31:46,859 - WARNING - ⚠️ 600179 安通控股 K线更新失败: ('Connection aborted.', RemoteDisconnected('Remote end closed connection without response'))
2025-09-01 22:31:47,979 - WARNING - ⚠️ 600180 瑞茂通 K线更新失败: ('Connection aborted.', RemoteDisconnected('Remote end closed connection without response'))
2025-09-01 22:31:49,103 - WARNING - ⚠️ 600181 S*ST云大 K线更新失败: ('Connection aborted.', RemoteDisconnected('Remote end closed connection without response'))
2025-09-01 22:31:50,247 - WARNING - ⚠️ 600182 S佳通 K线更新失败: ('Connection aborted.', RemoteDisconnected('Remote end closed connection without response'))
2025-09-01 22:31:51,362 - WARNING - ⚠️ 600183 生益科技 K线更新失败: ('Connection aborted.', RemoteDisconnected('Remote end closed connection without response'))
2025-09-01 22:31:52,478 - WARNING - ⚠️ 600184 光电股份 K线更新失败: ('Connection aborted.', RemoteDisconnected('Remote end closed connection without response'))
2025-09-01 22:31:53,604 - WARNING - ⚠️ 600185 珠免集团 K线更新失败: ('Connection aborted.', RemoteDisconnected('Remote end closed connection without response'))
2025-09-01 22:31:54,717 - WARNING - ⚠️ 600186 莲花控股 K线更新失败: ('Connection aborted.', RemoteDisconnected('Remote end closed connection without response'))
2025-09-01 22:31:55,844 - WARNING - ⚠️ 600187 国中水务 K线更新失败: ('Connection aborted.', RemoteDisconnected('Remote end closed connection without response'))
2025-09-01 22:31:56,962 - WARNING - ⚠️ 600188 兖矿能源 K线更新失败: ('Connection aborted.', RemoteDisconnected('Remote end closed connection without response'))
2025-09-01 22:31:58,078 - WARNING - ⚠️ 600189 泉阳泉 K线更新失败: ('Connection aborted.', RemoteDisconnected('Remote end closed connection without response'))
2025-09-01 22:31:59,198 - WARNING - ⚠️ 600190 退市锦港 K线更新失败: ('Connection aborted.', RemoteDisconnected('Remote end closed connection without response'))
2025-09-01 22:32:00,322 - WARNING - ⚠️ 600191 华资实业 K线更新失败: ('Connection aborted.', RemoteDisconnected('Remote end closed connection without response'))
2025-09-01 22:32:01,430 - WARNING - ⚠️ 600192 长城电工 K线更新失败: ('Connection aborted.', RemoteDisconnected('Remote end closed connection without response'))
2025-09-01 22:32:02,553 - WARNING - ⚠️ 600193 *ST创兴 K线更新失败: ('Connection aborted.', RemoteDisconnected('Remote end closed connection without response'))
2025-09-01 22:32:03,685 - WARNING - ⚠️ 600195 中牧股份 K线更新失败: ('Connection aborted.', RemoteDisconnected('Remote end closed connection without response'))
2025-09-01 22:32:04,811 - WARNING - ⚠️ 600196 复星医药 K线更新失败: ('Connection aborted.', RemoteDisconnected('Remote end closed connection without response'))
2025-09-01 22:32:05,929 - WARNING - ⚠️ 600197 伊力特 K线更新失败: ('Connection aborted.', RemoteDisconnected('Remote end closed connection without response'))
2025-09-01 22:32:07,052 - WARNING - ⚠️ 600198 大唐电信 K线更新失败: ('Connection aborted.', RemoteDisconnected('Remote end closed connection without response'))
2025-09-01 22:32:08,180 - WARNING - ⚠️ 600199 金种子酒 K线更新失败: ('Connection aborted.', RemoteDisconnected('Remote end closed connection without response'))
2025-09-01 22:32:09,311 - WARNING - ⚠️ 600200 *ST苏吴 K线更新失败: ('Connection aborted.', RemoteDisconnected('Remote end closed connection without response'))
2025-09-01 22:32:10,431 - WARNING - ⚠️ 600201 生物股份 K线更新失败: ('Connection aborted.', RemoteDisconnected('Remote end closed connection without response'))
2025-09-01 22:32:11,557 - WARNING - ⚠️ 600202 哈空调 K线更新失败: ('Connection aborted.', RemoteDisconnected('Remote end closed connection without response'))
2025-09-01 22:32:12,680 - WARNING - ⚠️ 600203 福日电子 K线更新失败: ('Connection aborted.', RemoteDisconnected('Remote end closed connection without response'))
2025-09-01 22:32:13,814 - WARNING - ⚠️ 600205 S山东铝 K线更新失败: ('Connection aborted.', RemoteDisconnected('Remote end closed connection without response'))
2025-09-01 22:32:14,927 - WARNING - ⚠️ 600206 有研新材 K线更新失败: ('Connection aborted.', RemoteDisconnected('Remote end closed connection without response'))
2025-09-01 22:32:16,044 - WARNING - ⚠️ 600207 安彩高科 K线更新失败: ('Connection aborted.', RemoteDisconnected('Remote end closed connection without response'))
2025-09-01 22:32:17,172 - WARNING - ⚠️ 600208 衢州发展 K线更新失败: ('Connection aborted.', RemoteDisconnected('Remote end closed connection without response'))
2025-09-01 22:32:18,302 - WARNING - ⚠️ 600209 退市罗顿 K线更新失败: ('Connection aborted.', RemoteDisconnected('Remote end closed connection without response'))
2025-09-01 22:32:19,428 - WARNING - ⚠️ 600210 紫江企业 K线更新失败: ('Connection aborted.', RemoteDisconnected('Remote end closed connection without response'))
2025-09-01 22:32:20,553 - WARNING - ⚠️ 600211 西藏药业 K线更新失败: ('Connection aborted.', RemoteDisconnected('Remote end closed connection without response'))
2025-09-01 22:32:21,671 - WARNING - ⚠️ 600212 绿能慧充 K线更新失败: ('Connection aborted.', RemoteDisconnected('Remote end closed connection without response'))
2025-09-01 22:32:22,799 - WARNING - ⚠️ 600213 *ST亚星 K线更新失败: ('Connection aborted.', RemoteDisconnected('Remote end closed connection without response'))
2025-09-01 22:32:23,923 - WARNING - ⚠️ 600215 派斯林 K线更新失败: ('Connection aborted.', RemoteDisconnected('Remote end closed connection without response'))
2025-09-01 22:32:25,040 - WARNING - ⚠️ 600216 浙江医药 K线更新失败: ('Connection aborted.', RemoteDisconnected('Remote end closed connection without response'))
2025-09-01 22:32:26,171 - WARNING - ⚠️ 600217 中再资环 K线更新失败: ('Connection aborted.', RemoteDisconnected('Remote end closed connection without response'))
2025-09-01 22:32:27,287 - WARNING - ⚠️ 600218 全柴动力 K线更新失败: ('Connection aborted.', RemoteDisconnected('Remote end closed connection without response'))
2025-09-01 22:32:28,418 - WARNING - ⚠️ 600219 南山铝业 K线更新失败: ('Connection aborted.', RemoteDisconnected('Remote end closed connection without response'))
2025-09-01 22:32:29,548 - WARNING - ⚠️ 600220 ST阳光 K线更新失败: ('Connection aborted.', RemoteDisconnected('Remote end closed connection without response'))
2025-09-01 22:32:30,660 - WARNING - ⚠️ 600221 海航控股 K线更新失败: ('Connection aborted.', RemoteDisconnected('Remote end closed connection without response'))
2025-09-01 22:32:31,791 - WARNING - ⚠️ 600222 太龙药业 K线更新失败: ('Connection aborted.', RemoteDisconnected('Remote end closed connection without response'))
2025-09-01 22:32:32,917 - WARNING - ⚠️ 600223 福瑞达 K线更新失败: ('Connection aborted.', RemoteDisconnected('Remote end closed connection without response'))
2025-09-01 22:32:34,027 - WARNING - ⚠️ 600225 退市卓朗 K线更新失败: ('Connection aborted.', RemoteDisconnected('Remote end closed connection without response'))
2025-09-01 22:32:35,127 - WARNING - ⚠️ 600226 亨通股份 K线更新失败: ('Connection aborted.', RemoteDisconnected('Remote end closed connection without response'))
2025-09-01 22:32:36,240 - WARNING - ⚠️ 600227 赤天化 K线更新失败: ('Connection aborted.', RemoteDisconnected('Remote end closed connection without response'))
2025-09-01 22:32:37,360 - WARNING - ⚠️ 600228 *ST返利 K线更新失败: ('Connection aborted.', RemoteDisconnected('Remote end closed connection without response'))
2025-09-01 22:32:38,477 - WARNING - ⚠️ 600229 城市传媒 K线更新失败: ('Connection aborted.', RemoteDisconnected('Remote end closed connection without response'))
2025-09-01 22:32:39,606 - WARNING - ⚠️ 600230 沧州大化 K线更新失败: ('Connection aborted.', RemoteDisconnected('Remote end closed connection without response'))
2025-09-01 22:32:40,714 - WARNING - ⚠️ 600231 凌钢股份 K线更新失败: ('Connection aborted.', RemoteDisconnected('Remote end closed connection without response'))
2025-09-01 22:32:41,846 - WARNING - ⚠️ 600232 金鹰股份 K线更新失败: ('Connection aborted.', RemoteDisconnected('Remote end closed connection without response'))
2025-09-01 22:32:42,960 - WARNING - ⚠️ 600233 圆通速递 K线更新失败: ('Connection aborted.', RemoteDisconnected('Remote end closed connection without response'))
2025-09-01 22:32:44,088 - WARNING - ⚠️ 600234 科新发展 K线更新失败: ('Connection aborted.', RemoteDisconnected('Remote end closed connection without response'))
2025-09-01 22:32:45,213 - WARNING - ⚠️ 600235 民丰特纸 K线更新失败: ('Connection aborted.', RemoteDisconnected('Remote end closed connection without response'))
2025-09-01 22:32:46,340 - WARNING - ⚠️ 600236 桂冠电力 K线更新失败: ('Connection aborted.', RemoteDisconnected('Remote end closed connection without response'))
2025-09-01 22:32:47,445 - WARNING - ⚠️ 600237 铜峰电子 K线更新失败: ('Connection aborted.', RemoteDisconnected('Remote end closed connection without response'))
2025-09-01 22:32:48,577 - WARNING - ⚠️ 600238 *ST椰岛 K线更新失败: ('Connection aborted.', RemoteDisconnected('Remote end closed connection without response'))
2025-09-01 22:32:49,688 - WARNING - ⚠️ 600239 云南城投 K线更新失败: ('Connection aborted.', RemoteDisconnected('Remote end closed connection without response'))
2025-09-01 22:32:50,801 - WARNING - ⚠️ 600240 退市华业 K线更新失败: ('Connection aborted.', RemoteDisconnected('Remote end closed connection without response'))
2025-09-01 22:32:51,929 - WARNING - ⚠️ 600241 时代万恒 K线更新失败: ('Connection aborted.', RemoteDisconnected('Remote end closed connection without response'))
2025-09-01 22:32:53,059 - WARNING - ⚠️ 600242 退市中昌 K线更新失败: ('Connection aborted.', RemoteDisconnected('Remote end closed connection without response'))
2025-09-01 22:32:54,174 - WARNING - ⚠️ 600243 *ST海华 K线更新失败: ('Connection aborted.', RemoteDisconnected('Remote end closed connection without response'))
2025-09-01 22:32:55,295 - WARNING - ⚠️ 600246 万通发展 K线更新失败: ('Connection aborted.', RemoteDisconnected('Remote end closed connection without response'))
2025-09-01 22:32:56,411 - WARNING - ⚠️ 600247 *ST成城 K线更新失败: ('Connection aborted.', RemoteDisconnected('Remote end closed connection without response'))
2025-09-01 22:32:57,543 - WARNING - ⚠️ 600248 陕建股份 K线更新失败: ('Connection aborted.', RemoteDisconnected('Remote end closed connection without response'))
2025-09-01 22:32:58,660 - WARNING - ⚠️ 600249 两面针 K线更新失败: ('Connection aborted.', RemoteDisconnected('Remote end closed connection without response'))
2025-09-01 22:32:59,775 - WARNING - ⚠️ 600250 南京商旅 K线更新失败: ('Connection aborted.', RemoteDisconnected('Remote end closed connection without response'))
2025-09-01 22:33:00,879 - WARNING - ⚠️ 600251 冠农股份 K线更新失败: ('Connection aborted.', RemoteDisconnected('Remote end closed connection without response'))
2025-09-01 22:33:02,013 - WARNING - ⚠️ 600252 中恒集团 K线更新失败: ('Connection aborted.', RemoteDisconnected('Remote end closed connection without response'))
2025-09-01 22:33:03,145 - WARNING - ⚠️ 600253 天方药业 K线更新失败: ('Connection aborted.', RemoteDisconnected('Remote end closed connection without response'))
2025-09-01 22:33:04,276 - WARNING - ⚠️ 600255 鑫科材料 K线更新失败: ('Connection aborted.', RemoteDisconnected('Remote end closed connection without response'))
2025-09-01 22:33:05,409 - WARNING - ⚠️ 600256 广汇能源 K线更新失败: ('Connection aborted.', RemoteDisconnected('Remote end closed connection without response'))
2025-09-01 22:33:06,529 - WARNING - ⚠️ 600257 大湖股份 K线更新失败: ('Connection aborted.', RemoteDisconnected('Remote end closed connection without response'))
2025-09-01 22:33:07,660 - WARNING - ⚠️ 600258 首旅酒店 K线更新失败: ('Connection aborted.', RemoteDisconnected('Remote end closed connection without response'))
2025-09-01 22:33:08,779 - WARNING - ⚠️ 600259 广晟有色 K线更新失败: ('Connection aborted.', RemoteDisconnected('Remote end closed connection without response'))
2025-09-01 22:33:09,909 - WARNING - ⚠️ 600260 *ST凯乐 K线更新失败: ('Connection aborted.', RemoteDisconnected('Remote end closed connection without response'))
2025-09-01 22:33:11,044 - WARNING - ⚠️ 600261 阳光照明 K线更新失败: ('Connection aborted.', RemoteDisconnected('Remote end closed connection without response'))
2025-09-01 22:33:12,180 - WARNING - ⚠️ 600262 北方股份 K线更新失败: ('Connection aborted.', RemoteDisconnected('Remote end closed connection without response'))
2025-09-01 22:33:13,311 - WARNING - ⚠️ 600263 路桥建设 K线更新失败: ('Connection aborted.', RemoteDisconnected('Remote end closed connection without response'))
2025-09-01 22:33:14,445 - WARNING - ⚠️ 600265 ST景谷 K线更新失败: ('Connection aborted.', RemoteDisconnected('Remote end closed connection without response'))
2025-09-01 22:33:15,567 - WARNING - ⚠️ 600266 城建发展 K线更新失败: ('Connection aborted.', RemoteDisconnected('Remote end closed connection without response'))
2025-09-01 22:33:16,677 - WARNING - ⚠️ 600267 海正药业 K线更新失败: ('Connection aborted.', RemoteDisconnected('Remote end closed connection without response'))
2025-09-01 22:33:17,787 - WARNING - ⚠️ 600268 国电南自 K线更新失败: ('Connection aborted.', RemoteDisconnected('Remote end closed connection without response'))
2025-09-01 22:33:18,915 - WARNING - ⚠️ 600269 赣粤高速 K线更新失败: ('Connection aborted.', RemoteDisconnected('Remote end closed connection without response'))
2025-09-01 22:33:20,045 - WARNING - ⚠️ 600270 外运发展 K线更新失败: ('Connection aborted.', RemoteDisconnected('Remote end closed connection without response'))
2025-09-01 22:33:21,160 - WARNING - ⚠️ 600271 航天信息 K线更新失败: ('Connection aborted.', RemoteDisconnected('Remote end closed connection without response'))
2025-09-01 22:33:22,262 - WARNING - ⚠️ 600272 开开实业 K线更新失败: ('Connection aborted.', RemoteDisconnected('Remote end closed connection without response'))
2025-09-01 22:33:23,376 - WARNING - ⚠️ 600273 嘉化能源 K线更新失败: ('Connection aborted.', RemoteDisconnected('Remote end closed connection without response'))
2025-09-01 22:33:24,478 - WARNING - ⚠️ 600275 退市昌鱼 K线更新失败: ('Connection aborted.', RemoteDisconnected('Remote end closed connection without response'))
2025-09-01 22:33:25,615 - WARNING - ⚠️ 600276 恒瑞医药 K线更新失败: ('Connection aborted.', RemoteDisconnected('Remote end closed connection without response'))
2025-09-01 22:33:26,744 - WARNING - ⚠️ 600277 ST亿利 K线更新失败: ('Connection aborted.', RemoteDisconnected('Remote end closed connection without response'))
2025-09-01 22:33:27,863 - WARNING - ⚠️ 600278 东方创业 K线更新失败: ('Connection aborted.', RemoteDisconnected('Remote end closed connection without response'))
2025-09-01 22:33:28,994 - WARNING - ⚠️ 600279 重庆港 K线更新失败: ('Connection aborted.', RemoteDisconnected('Remote end closed connection without response'))
2025-09-01 22:33:30,114 - WARNING - ⚠️ 600280 中央商场 K线更新失败: ('Connection aborted.', RemoteDisconnected('Remote end closed connection without response'))
2025-09-01 22:33:31,225 - WARNING - ⚠️ 600281 华阳新材 K线更新失败: ('Connection aborted.', RemoteDisconnected('Remote end closed connection without response'))
2025-09-01 22:33:32,343 - WARNING - ⚠️ 600282 南钢股份 K线更新失败: ('Connection aborted.', RemoteDisconnected('Remote end closed connection without response'))
2025-09-01 22:33:33,460 - WARNING - ⚠️ 600283 钱江水利 K线更新失败: ('Connection aborted.', RemoteDisconnected('Remote end closed connection without response'))
2025-09-01 22:33:34,577 - WARNING - ⚠️ 600284 浦东建设 K线更新失败: ('Connection aborted.', RemoteDisconnected('Remote end closed connection without response'))
2025-09-01 22:33:35,710 - WARNING - ⚠️ 600285 羚锐制药 K线更新失败: ('Connection aborted.', RemoteDisconnected('Remote end closed connection without response'))
2025-09-01 22:33:36,811 - WARNING - ⚠️ 600286 S*ST国瓷 K线更新失败: ('Connection aborted.', RemoteDisconnected('Remote end closed connection without response'))
2025-09-01 22:33:37,946 - WARNING - ⚠️ 600287 江苏舜天 K线更新失败: ('Connection aborted.', RemoteDisconnected('Remote end closed connection without response'))
2025-09-01 22:33:39,083 - WARNING - ⚠️ 600288 大恒科技 K线更新失败: ('Connection aborted.', RemoteDisconnected('Remote end closed connection without response'))
2025-09-01 22:33:40,213 - WARNING - ⚠️ 600289 ST信通 K线更新失败: ('Connection aborted.', RemoteDisconnected('Remote end closed connection without response'))
2025-09-01 22:33:41,342 - WARNING - ⚠️ 600290 *ST华仪 K线更新失败: ('Connection aborted.', RemoteDisconnected('Remote end closed connection without response'))
2025-09-01 22:33:42,479 - WARNING - ⚠️ 600291 退市西水 K线更新失败: ('Connection aborted.', RemoteDisconnected('Remote end closed connection without response'))
2025-09-01 22:33:43,617 - WARNING - ⚠️ 600292 远达环保 K线更新失败: ('Connection aborted.', RemoteDisconnected('Remote end closed connection without response'))
2025-09-01 22:33:44,745 - WARNING - ⚠️ 600293 三峡新材 K线更新失败: ('Connection aborted.', RemoteDisconnected('Remote end closed connection without response'))
2025-09-01 22:33:45,861 - WARNING - ⚠️ 600295 鄂尔多斯 K线更新失败: ('Connection aborted.', RemoteDisconnected('Remote end closed connection without response'))
2025-09-01 22:33:46,994 - WARNING - ⚠️ 600296 S兰铝 K线更新失败: ('Connection aborted.', RemoteDisconnected('Remote end closed connection without response'))
2025-09-01 22:33:48,109 - WARNING - ⚠️ 600297 广汇汽车 K线更新失败: ('Connection aborted.', RemoteDisconnected('Remote end closed connection without response'))
2025-09-01 22:33:49,244 - WARNING - ⚠️ 600298 安琪酵母 K线更新失败: ('Connection aborted.', RemoteDisconnected('Remote end closed connection without response'))
2025-09-01 22:33:50,375 - WARNING - ⚠️ 600299 安迪苏 K线更新失败: ('Connection aborted.', RemoteDisconnected('Remote end closed connection without response'))
2025-09-01 22:33:51,476 - WARNING - ⚠️ 600300 维维股份 K线更新失败: ('Connection aborted.', RemoteDisconnected('Remote end closed connection without response'))
2025-09-01 22:33:52,592 - WARNING - ⚠️ 600301 华锡有色 K线更新失败: ('Connection aborted.', RemoteDisconnected('Remote end closed connection without response'))
2025-09-01 22:33:53,729 - WARNING - ⚠️ 600302 标准股份 K线更新失败: ('Connection aborted.', RemoteDisconnected('Remote end closed connection without response'))
2025-09-01 22:33:54,863 - WARNING - ⚠️ 600303 曙光股份 K线更新失败: ('Connection aborted.', RemoteDisconnected('Remote end closed connection without response'))
2025-09-01 22:33:55,975 - WARNING - ⚠️ 600305 恒顺醋业 K线更新失败: ('Connection aborted.', RemoteDisconnected('Remote end closed connection without response'))
2025-09-01 22:33:57,099 - WARNING - ⚠️ 600306 退市商城 K线更新失败: ('Connection aborted.', RemoteDisconnected('Remote end closed connection without response'))
2025-09-01 22:33:58,231 - WARNING - ⚠️ 600307 酒钢宏兴 K线更新失败: ('Connection aborted.', RemoteDisconnected('Remote end closed connection without response'))
2025-09-01 22:33:59,356 - WARNING - ⚠️ 600308 华泰股份 K线更新失败: ('Connection aborted.', RemoteDisconnected('Remote end closed connection without response'))
2025-09-01 22:34:00,475 - WARNING - ⚠️ 600309 万华化学 K线更新失败: ('Connection aborted.', RemoteDisconnected('Remote end closed connection without response'))
2025-09-01 22:34:01,609 - WARNING - ⚠️ 600310 广西能源 K线更新失败: ('Connection aborted.', RemoteDisconnected('Remote end closed connection without response'))
2025-09-01 22:34:02,744 - WARNING - ⚠️ 600311 *ST荣华 K线更新失败: ('Connection aborted.', RemoteDisconnected('Remote end closed connection without response'))
2025-09-01 22:34:03,877 - WARNING - ⚠️ 600312 平高电气 K线更新失败: ('Connection aborted.', RemoteDisconnected('Remote end closed connection without response'))
2025-09-01 22:34:05,010 - WARNING - ⚠️ 600313 农发种业 K线更新失败: ('Connection aborted.', RemoteDisconnected('Remote end closed connection without response'))
2025-09-01 22:34:06,141 - WARNING - ⚠️ 600315 上海家化 K线更新失败: ('Connection aborted.', RemoteDisconnected('Remote end closed connection without response'))
2025-09-01 22:34:07,258 - WARNING - ⚠️ 600316 洪都航空 K线更新失败: ('Connection aborted.', RemoteDisconnected('Remote end closed connection without response'))
2025-09-01 22:34:08,391 - WARNING - ⚠️ 600317 营口港 K线更新失败: ('Connection aborted.', RemoteDisconnected('Remote end closed connection without response'))
2025-09-01 22:34:09,510 - WARNING - ⚠️ 600318 新力金融 K线更新失败: ('Connection aborted.', RemoteDisconnected('Remote end closed connection without response'))
2025-09-01 22:34:10,643 - WARNING - ⚠️ 600319 亚星化学 K线更新失败: ('Connection aborted.', RemoteDisconnected('Remote end closed connection without response'))
2025-09-01 22:34:11,772 - WARNING - ⚠️ 600320 振华重工 K线更新失败: ('Connection aborted.', RemoteDisconnected('Remote end closed connection without response'))
2025-09-01 22:34:12,874 - WARNING - ⚠️ 600321 正源股份 K线更新失败: ('Connection aborted.', RemoteDisconnected('Remote end closed connection without response'))
2025-09-01 22:34:13,996 - WARNING - ⚠️ 600322 津投城开 K线更新失败: ('Connection aborted.', RemoteDisconnected('Remote end closed connection without response'))
2025-09-01 22:34:15,126 - WARNING - ⚠️ 600323 瀚蓝环境 K线更新失败: ('Connection aborted.', RemoteDisconnected('Remote end closed connection without response'))
2025-09-01 22:34:16,260 - WARNING - ⚠️ 600325 华发股份 K线更新失败: ('Connection aborted.', RemoteDisconnected('Remote end closed connection without response'))
2025-09-01 22:34:17,393 - WARNING - ⚠️ 600326 西藏天路 K线更新失败: ('Connection aborted.', RemoteDisconnected('Remote end closed connection without response'))
2025-09-01 22:34:18,495 - WARNING - ⚠️ 600327 大东方 K线更新失败: ('Connection aborted.', RemoteDisconnected('Remote end closed connection without response'))
2025-09-01 22:34:19,629 - WARNING - ⚠️ 600328 中盐化工 K线更新失败: ('Connection aborted.', RemoteDisconnected('Remote end closed connection without response'))
2025-09-01 22:34:20,745 - WARNING - ⚠️ 600329 达仁堂 K线更新失败: ('Connection aborted.', RemoteDisconnected('Remote end closed connection without response'))
2025-09-01 22:34:21,879 - WARNING - ⚠️ 600330 天通股份 K线更新失败: ('Connection aborted.', RemoteDisconnected('Remote end closed connection without response'))
2025-09-01 22:34:23,008 - WARNING - ⚠️ 600331 宏达股份 K线更新失败: ('Connection aborted.', RemoteDisconnected('Remote end closed connection without response'))
2025-09-01 22:34:24,150 - WARNING - ⚠️ 600332 白云山 K线更新失败: ('Connection aborted.', RemoteDisconnected('Remote end closed connection without response'))
2025-09-01 22:34:25,272 - WARNING - ⚠️ 600333 长春燃气 K线更新失败: ('Connection aborted.', RemoteDisconnected('Remote end closed connection without response'))
2025-09-01 22:34:26,395 - WARNING - ⚠️ 600335 国机汽车 K线更新失败: ('Connection aborted.', RemoteDisconnected('Remote end closed connection without response'))
2025-09-01 22:34:27,531 - WARNING - ⚠️ 600336 澳柯玛 K线更新失败: ('Connection aborted.', RemoteDisconnected('Remote end closed connection without response'))
2025-09-01 22:34:28,646 - WARNING - ⚠️ 600337 美克家居 K线更新失败: ('Connection aborted.', RemoteDisconnected('Remote end closed connection without response'))
2025-09-01 22:34:29,772 - WARNING - ⚠️ 600338 西藏珠峰 K线更新失败: ('Connection aborted.', RemoteDisconnected('Remote end closed connection without response'))
2025-09-01 22:34:30,898 - WARNING - ⚠️ 600339 中油工程 K线更新失败: ('Connection aborted.', RemoteDisconnected('Remote end closed connection without response'))
2025-09-01 22:34:32,035 - WARNING - ⚠️ 600340 华夏幸福 K线更新失败: ('Connection aborted.', RemoteDisconnected('Remote end closed connection without response'))
2025-09-01 22:34:33,159 - WARNING - ⚠️ 600343 航天动力 K线更新失败: ('Connection aborted.', RemoteDisconnected('Remote end closed connection without response'))
2025-09-01 22:34:34,275 - WARNING - ⚠️ 600345 长江通信 K线更新失败: ('Connection aborted.', RemoteDisconnected('Remote end closed connection without response'))
2025-09-01 22:34:35,375 - WARNING - ⚠️ 600346 恒力石化 K线更新失败: ('Connection aborted.', RemoteDisconnected('Remote end closed connection without response'))
2025-09-01 22:34:36,516 - WARNING - ⚠️ 600348 华阳股份 K线更新失败: ('Connection aborted.', RemoteDisconnected('Remote end closed connection without response'))
2025-09-01 22:34:37,641 - WARNING - ⚠️ 600350 山东高速 K线更新失败: ('Connection aborted.', RemoteDisconnected('Remote end closed connection without response'))
2025-09-01 22:34:38,758 - WARNING - ⚠️ 600351 亚宝药业 K线更新失败: ('Connection aborted.', RemoteDisconnected('Remote end closed connection without response'))
2025-09-01 22:34:39,860 - WARNING - ⚠️ 600352 浙江龙盛 K线更新失败: ('Connection aborted.', RemoteDisconnected('Remote end closed connection without response'))
2025-09-01 22:34:40,980 - WARNING - ⚠️ 600353 旭光电子 K线更新失败: ('Connection aborted.', RemoteDisconnected('Remote end closed connection without response'))
2025-09-01 22:34:42,092 - WARNING - ⚠️ 600354 敦煌种业 K线更新失败: ('Connection aborted.', RemoteDisconnected('Remote end closed connection without response'))
2025-09-01 22:34:43,232 - WARNING - ⚠️ 600355 *ST精伦 K线更新失败: ('Connection aborted.', RemoteDisconnected('Remote end closed connection without response'))
2025-09-01 22:34:44,349 - WARNING - ⚠️ 600356 恒丰纸业 K线更新失败: ('Connection aborted.', RemoteDisconnected('Remote end closed connection without response'))
2025-09-01 22:34:45,490 - WARNING - ⚠️ 600357 承德钒钛 K线更新失败: ('Connection aborted.', RemoteDisconnected('Remote end closed connection without response'))
2025-09-01 22:34:46,624 - WARNING - ⚠️ 600358 ST联合 K线更新失败: ('Connection aborted.', RemoteDisconnected('Remote end closed connection without response'))
2025-09-01 22:34:47,772 - WARNING - ⚠️ 600359 新农开发 K线更新失败: ('Connection aborted.', RemoteDisconnected('Remote end closed connection without response'))
2025-09-01 22:34:48,885 - WARNING - ⚠️ 600360 *ST华微 K线更新失败: ('Connection aborted.', RemoteDisconnected('Remote end closed connection without response'))
2025-09-01 22:34:50,008 - WARNING - ⚠️ 600361 创新新材 K线更新失败: ('Connection aborted.', RemoteDisconnected('Remote end closed connection without response'))
2025-09-01 22:34:51,125 - WARNING - ⚠️ 600362 江西铜业 K线更新失败: ('Connection aborted.', RemoteDisconnected('Remote end closed connection without response'))
2025-09-01 22:34:52,261 - WARNING - ⚠️ 600363 联创光电 K线更新失败: ('Connection aborted.', RemoteDisconnected('Remote end closed connection without response'))
2025-09-01 22:34:53,390 - WARNING - ⚠️ 600365 ST通葡 K线更新失败: ('Connection aborted.', RemoteDisconnected('Remote end closed connection without response'))
2025-09-01 22:34:54,507 - WARNING - ⚠️ 600366 宁波韵升 K线更新失败: ('Connection aborted.', RemoteDisconnected('Remote end closed connection without response'))
2025-09-01 22:34:55,620 - WARNING - ⚠️ 600367 红星发展 K线更新失败: ('Connection aborted.', RemoteDisconnected('Remote end closed connection without response'))
2025-09-01 22:34:56,739 - WARNING - ⚠️ 600368 五洲交通 K线更新失败: ('Connection aborted.', RemoteDisconnected('Remote end closed connection without response'))
2025-09-01 22:34:57,875 - WARNING - ⚠️ 600369 西南证券 K线更新失败: ('Connection aborted.', RemoteDisconnected('Remote end closed connection without response'))
2025-09-01 22:34:59,007 - WARNING - ⚠️ 600370 三房巷 K线更新失败: ('Connection aborted.', RemoteDisconnected('Remote end closed connection without response'))
2025-09-01 22:35:00,123 - WARNING - ⚠️ 600371 万向德农 K线更新失败: ('Connection aborted.', RemoteDisconnected('Remote end closed connection without response'))
2025-09-01 22:35:01,240 - WARNING - ⚠️ 600372 中航机载 K线更新失败: ('Connection aborted.', RemoteDisconnected('Remote end closed connection without response'))
2025-09-01 22:35:02,373 - WARNING - ⚠️ 600373 中文传媒 K线更新失败: ('Connection aborted.', RemoteDisconnected('Remote end closed connection without response'))
2025-09-01 22:35:03,486 - WARNING - ⚠️ 600375 汉马科技 K线更新失败: ('Connection aborted.', RemoteDisconnected('Remote end closed connection without response'))
2025-09-01 22:35:04,602 - WARNING - ⚠️ 600376 首开股份 K线更新失败: ('Connection aborted.', RemoteDisconnected('Remote end closed connection without response'))
2025-09-01 22:35:05,724 - WARNING - ⚠️ 600377 宁沪高速 K线更新失败: ('Connection aborted.', RemoteDisconnected('Remote end closed connection without response'))
2025-09-01 22:35:06,861 - WARNING - ⚠️ 600378 昊华科技 K线更新失败: ('Connection aborted.', RemoteDisconnected('Remote end closed connection without response'))
2025-09-01 22:35:07,989 - WARNING - ⚠️ 600379 宝光股份 K线更新失败: ('Connection aborted.', RemoteDisconnected('Remote end closed connection without response'))
2025-09-01 22:35:09,090 - WARNING - ⚠️ 600380 健康元 K线更新失败: ('Connection aborted.', RemoteDisconnected('Remote end closed connection without response'))
2025-09-01 22:35:10,227 - WARNING - ⚠️ 600381 *ST春天 K线更新失败: ('Connection aborted.', RemoteDisconnected('Remote end closed connection without response'))
2025-09-01 22:35:11,357 - WARNING - ⚠️ 600382 广东明珠 K线更新失败: ('Connection aborted.', RemoteDisconnected('Remote end closed connection without response'))
2025-09-01 22:35:12,478 - WARNING - ⚠️ 600383 金地集团 K线更新失败: ('Connection aborted.', RemoteDisconnected('Remote end closed connection without response'))
2025-09-01 22:35:13,605 - WARNING - ⚠️ 600385 退市金泰 K线更新失败: ('Connection aborted.', RemoteDisconnected('Remote end closed connection without response'))
2025-09-01 22:35:14,729 - WARNING - ⚠️ 600386 北巴传媒 K线更新失败: ('Connection aborted.', RemoteDisconnected('Remote end closed connection without response'))
2025-09-01 22:35:15,858 - WARNING - ⚠️ 600387 退市海越 K线更新失败: ('Connection aborted.', RemoteDisconnected('Remote end closed connection without response'))
2025-09-01 22:35:16,975 - WARNING - ⚠️ 600388 龙净环保 K线更新失败: ('Connection aborted.', RemoteDisconnected('Remote end closed connection without response'))
2025-09-01 22:35:18,094 - WARNING - ⚠️ 600389 江山股份 K线更新失败: ('Connection aborted.', RemoteDisconnected('Remote end closed connection without response'))
2025-09-01 22:35:19,216 - WARNING - ⚠️ 600390 五矿资本 K线更新失败: ('Connection aborted.', RemoteDisconnected('Remote end closed connection without response'))
2025-09-01 22:35:20,341 - WARNING - ⚠️ 600391 航发科技 K线更新失败: ('Connection aborted.', RemoteDisconnected('Remote end closed connection without response'))
2025-09-01 22:35:21,456 - WARNING - ⚠️ 600392 盛和资源 K线更新失败: ('Connection aborted.', RemoteDisconnected('Remote end closed connection without response'))
2025-09-01 22:35:22,590 - WARNING - ⚠️ 600393 ST粤泰 K线更新失败: ('Connection aborted.', RemoteDisconnected('Remote end closed connection without response'))
2025-09-01 22:35:23,722 - WARNING - ⚠️ 600395 盘江股份 K线更新失败: ('Connection aborted.', RemoteDisconnected('Remote end closed connection without response'))
2025-09-01 22:35:24,840 - WARNING - ⚠️ 600396 华电辽能 K线更新失败: ('Connection aborted.', RemoteDisconnected('Remote end closed connection without response'))
2025-09-01 22:35:25,943 - WARNING - ⚠️ 600397 安源煤业 K线更新失败: ('Connection aborted.', RemoteDisconnected('Remote end closed connection without response'))
2025-09-01 22:35:27,064 - WARNING - ⚠️ 600398 海澜之家 K线更新失败: ('Connection aborted.', RemoteDisconnected('Remote end closed connection without response'))
2025-09-01 22:35:28,186 - WARNING - ⚠️ 600399 抚顺特钢 K线更新失败: ('Connection aborted.', RemoteDisconnected('Remote end closed connection without response'))
2025-09-01 22:35:29,304 - WARNING - ⚠️ 600400 红豆股份 K线更新失败: ('Connection aborted.', RemoteDisconnected('Remote end closed connection without response'))
2025-09-01 22:35:30,408 - WARNING - ⚠️ 600401 退市海润 K线更新失败: ('Connection aborted.', RemoteDisconnected('Remote end closed connection without response'))
2025-09-01 22:35:31,543 - WARNING - ⚠️ 600403 大有能源 K线更新失败: ('Connection aborted.', RemoteDisconnected('Remote end closed connection without response'))
2025-09-01 22:35:32,668 - WARNING - ⚠️ 600405 动力源 K线更新失败: ('Connection aborted.', RemoteDisconnected('Remote end closed connection without response'))
2025-09-01 22:35:33,782 - WARNING - ⚠️ 600406 国电南瑞 K线更新失败: ('Connection aborted.', RemoteDisconnected('Remote end closed connection without response'))
2025-09-01 22:35:34,906 - WARNING - ⚠️ 600408 安泰集团 K线更新失败: ('Connection aborted.', RemoteDisconnected('Remote end closed connection without response'))
2025-09-01 22:35:36,025 - WARNING - ⚠️ 600409 三友化工 K线更新失败: ('Connection aborted.', RemoteDisconnected('Remote end closed connection without response'))
2025-09-01 22:35:37,146 - WARNING - ⚠️ 600410 华胜天成 K线更新失败: ('Connection aborted.', RemoteDisconnected('Remote end closed connection without response'))
2025-09-01 22:35:38,267 - WARNING - ⚠️ 600415 小商品城 K线更新失败: ('Connection aborted.', RemoteDisconnected('Remote end closed connection without response'))
2025-09-01 22:35:39,390 - WARNING - ⚠️ 600416 湘电股份 K线更新失败: ('Connection aborted.', RemoteDisconnected('Remote end closed connection without response'))
2025-09-01 22:35:40,517 - WARNING - ⚠️ 600418 江淮汽车 K线更新失败: ('Connection aborted.', RemoteDisconnected('Remote end closed connection without response'))
2025-09-01 22:35:41,641 - WARNING - ⚠️ 600419 天润乳业 K线更新失败: ('Connection aborted.', RemoteDisconnected('Remote end closed connection without response'))
2025-09-01 22:35:42,758 - WARNING - ⚠️ 600420 国药现代 K线更新失败: ('Connection aborted.', RemoteDisconnected('Remote end closed connection without response'))
2025-09-01 22:35:43,886 - WARNING - ⚠️ 600421 *ST华嵘 K线更新失败: ('Connection aborted.', RemoteDisconnected('Remote end closed connection without response'))
2025-09-01 22:35:45,017 - WARNING - ⚠️ 600422 昆药集团 K线更新失败: ('Connection aborted.', RemoteDisconnected('Remote end closed connection without response'))
2025-09-01 22:35:46,145 - WARNING - ⚠️ 600423 柳化股份 K线更新失败: ('Connection aborted.', RemoteDisconnected('Remote end closed connection without response'))
2025-09-01 22:35:47,276 - WARNING - ⚠️ 600425 青松建化 K线更新失败: ('Connection aborted.', RemoteDisconnected('Remote end closed connection without response'))
2025-09-01 22:35:48,395 - WARNING - ⚠️ 600426 华鲁恒升 K线更新失败: ('Connection aborted.', RemoteDisconnected('Remote end closed connection without response'))
2025-09-01 22:35:49,523 - WARNING - ⚠️ 600428 中远海特 K线更新失败: ('Connection aborted.', RemoteDisconnected('Remote end closed connection without response'))
2025-09-01 22:35:50,639 - WARNING - ⚠️ 600429 三元股份 K线更新失败: ('Connection aborted.', RemoteDisconnected('Remote end closed connection without response'))
2025-09-01 22:35:51,762 - WARNING - ⚠️ 600432 退市吉恩 K线更新失败: ('Connection aborted.', RemoteDisconnected('Remote end closed connection without response'))
2025-09-01 22:35:52,880 - WARNING - ⚠️ 600433 冠豪高新 K线更新失败: ('Connection aborted.', RemoteDisconnected('Remote end closed connection without response'))
2025-09-01 22:35:54,018 - WARNING - ⚠️ 600435 北方导航 K线更新失败: ('Connection aborted.', RemoteDisconnected('Remote end closed connection without response'))
2025-09-01 22:35:55,146 - WARNING - ⚠️ 600436 片仔癀 K线更新失败: ('Connection aborted.', RemoteDisconnected('Remote end closed connection without response'))
2025-09-01 22:35:56,275 - WARNING - ⚠️ 600438 通威股份 K线更新失败: ('Connection aborted.', RemoteDisconnected('Remote end closed connection without response'))
2025-09-01 22:35:57,411 - WARNING - ⚠️ 600439 瑞贝卡 K线更新失败: ('Connection aborted.', RemoteDisconnected('Remote end closed connection without response'))
2025-09-01 22:35:58,544 - WARNING - ⚠️ 600444 国机通用 K线更新失败: ('Connection aborted.', RemoteDisconnected('Remote end closed connection without response'))
2025-09-01 22:35:59,673 - WARNING - ⚠️ 600446 金证股份 K线更新失败: ('Connection aborted.', RemoteDisconnected('Remote end closed connection without response'))
2025-09-01 22:36:00,800 - WARNING - ⚠️ 600448 华纺股份 K线更新失败: ('Connection aborted.', RemoteDisconnected('Remote end closed connection without response'))
2025-09-01 22:36:01,936 - WARNING - ⚠️ 600449 宁夏建材 K线更新失败: ('Connection aborted.', RemoteDisconnected('Remote end closed connection without response'))
2025-09-01 22:36:03,072 - WARNING - ⚠️ 600452 涪陵电力 K线更新失败: ('Connection aborted.', RemoteDisconnected('Remote end closed connection without response'))
2025-09-01 22:36:04,205 - WARNING - ⚠️ 600455 博通股份 K线更新失败: ('Connection aborted.', RemoteDisconnected('Remote end closed connection without response'))
2025-09-01 22:36:05,330 - WARNING - ⚠️ 600456 宝钛股份 K线更新失败: ('Connection aborted.', RemoteDisconnected('Remote end closed connection without response'))
2025-09-01 22:36:06,454 - WARNING - ⚠️ 600458 时代新材 K线更新失败: ('Connection aborted.', RemoteDisconnected('Remote end closed connection without response'))
2025-09-01 22:36:07,579 - WARNING - ⚠️ 600459 贵研铂业 K线更新失败: ('Connection aborted.', RemoteDisconnected('Remote end closed connection without response'))
2025-09-01 22:36:08,712 - WARNING - ⚠️ 600460 士兰微 K线更新失败: ('Connection aborted.', RemoteDisconnected('Remote end closed connection without response'))
2025-09-01 22:36:09,836 - WARNING - ⚠️ 600461 洪城环境 K线更新失败: ('Connection aborted.', RemoteDisconnected('Remote end closed connection without response'))
2025-09-01 22:36:10,960 - WARNING - ⚠️ 600462 退市九有 K线更新失败: ('Connection aborted.', RemoteDisconnected('Remote end closed connection without response'))
2025-09-01 22:36:12,082 - WARNING - ⚠️ 600463 空港股份 K线更新失败: ('Connection aborted.', RemoteDisconnected('Remote end closed connection without response'))
2025-09-01 22:36:13,201 - WARNING - ⚠️ 600466 *ST蓝光 K线更新失败: ('Connection aborted.', RemoteDisconnected('Remote end closed connection without response'))
2025-09-01 22:36:14,328 - WARNING - ⚠️ 600467 好当家 K线更新失败: ('Connection aborted.', RemoteDisconnected('Remote end closed connection without response'))
2025-09-01 22:36:15,457 - WARNING - ⚠️ 600468 百利电气 K线更新失败: ('Connection aborted.', RemoteDisconnected('Remote end closed connection without response'))
2025-09-01 22:36:16,586 - WARNING - ⚠️ 600469 风神股份 K线更新失败: ('Connection aborted.', RemoteDisconnected('Remote end closed connection without response'))
2025-09-01 22:36:17,705 - WARNING - ⚠️ 600470 六国化工 K线更新失败: ('Connection aborted.', RemoteDisconnected('Remote end closed connection without response'))
2025-09-01 22:36:18,833 - WARNING - ⚠️ 600472 包头铝业 K线更新失败: ('Connection aborted.', RemoteDisconnected('Remote end closed connection without response'))
2025-09-01 22:36:19,963 - WARNING - ⚠️ 600475 华光环能 K线更新失败: ('Connection aborted.', RemoteDisconnected('Remote end closed connection without response'))
2025-09-01 22:36:21,101 - WARNING - ⚠️ 600476 湘邮科技 K线更新失败: ('Connection aborted.', RemoteDisconnected('Remote end closed connection without response'))
2025-09-01 22:36:22,216 - WARNING - ⚠️ 600477 杭萧钢构 K线更新失败: ('Connection aborted.', RemoteDisconnected('Remote end closed connection without response'))
2025-09-01 22:36:23,351 - WARNING - ⚠️ 600478 科力远 K线更新失败: ('Connection aborted.', RemoteDisconnected('Remote end closed connection without response'))
2025-09-01 22:36:24,474 - WARNING - ⚠️ 600479 千金药业 K线更新失败: ('Connection aborted.', RemoteDisconnected('Remote end closed connection without response'))
2025-09-01 22:36:25,599 - WARNING - ⚠️ 600480 凌云股份 K线更新失败: ('Connection aborted.', RemoteDisconnected('Remote end closed connection without response'))
2025-09-01 22:36:26,730 - WARNING - ⚠️ 600481 双良节能 K线更新失败: ('Connection aborted.', RemoteDisconnected('Remote end closed connection without response'))
2025-09-01 22:36:27,849 - WARNING - ⚠️ 600482 中国动力 K线更新失败: ('Connection aborted.', RemoteDisconnected('Remote end closed connection without response'))
2025-09-01 22:36:28,961 - WARNING - ⚠️ 600483 福能股份 K线更新失败: ('Connection aborted.', RemoteDisconnected('Remote end closed connection without response'))
2025-09-01 22:36:30,075 - WARNING - ⚠️ 600485 *ST信威 K线更新失败: ('Connection aborted.', RemoteDisconnected('Remote end closed connection without response'))
2025-09-01 22:36:31,205 - WARNING - ⚠️ 600486 扬农化工 K线更新失败: ('Connection aborted.', RemoteDisconnected('Remote end closed connection without response'))
2025-09-01 22:36:32,334 - WARNING - ⚠️ 600487 亨通光电 K线更新失败: ('Connection aborted.', RemoteDisconnected('Remote end closed connection without response'))
2025-09-01 22:36:33,465 - WARNING - ⚠️ 600488 津药药业 K线更新失败: ('Connection aborted.', RemoteDisconnected('Remote end closed connection without response'))
2025-09-01 22:36:34,592 - WARNING - ⚠️ 600489 中金黄金 K线更新失败: ('Connection aborted.', RemoteDisconnected('Remote end closed connection without response'))
2025-09-01 22:36:35,722 - WARNING - ⚠️ 600490 鹏欣资源 K线更新失败: ('Connection aborted.', RemoteDisconnected('Remote end closed connection without response'))
2025-09-01 22:36:36,849 - WARNING - ⚠️ 600491 龙元建设 K线更新失败: ('Connection aborted.', RemoteDisconnected('Remote end closed connection without response'))
2025-09-01 22:36:37,968 - WARNING - ⚠️ 600493 凤竹纺织 K线更新失败: ('Connection aborted.', RemoteDisconnected('Remote end closed connection without response'))
2025-09-01 22:36:39,094 - WARNING - ⚠️ 600495 晋西车轴 K线更新失败: ('Connection aborted.', RemoteDisconnected('Remote end closed connection without response'))
2025-09-01 22:36:40,226 - WARNING - ⚠️ 600496 精工钢构 K线更新失败: ('Connection aborted.', RemoteDisconnected('Remote end closed connection without response'))
2025-09-01 22:36:41,700 - WARNING - ⚠️ 600497 驰宏锌锗 K线更新失败: ('Connection aborted.', RemoteDisconnected('Remote end closed connection without response'))
2025-09-01 22:36:42,869 - WARNING - ⚠️ 600498 烽火通信 K线更新失败: ('Connection aborted.', RemoteDisconnected('Remote end closed connection without response'))
2025-09-01 22:36:44,294 - WARNING - ⚠️ 600499 科达制造 K线更新失败: ('Connection aborted.', RemoteDisconnected('Remote end closed connection without response'))
2025-09-01 22:36:45,447 - WARNING - ⚠️ 600500 中化国际 K线更新失败: ('Connection aborted.', RemoteDisconnected('Remote end closed connection without response'))
2025-09-01 22:36:46,962 - WARNING - ⚠️ 600501 航天晨光 K线更新失败: ('Connection aborted.', RemoteDisconnected('Remote end closed connection without response'))
2025-09-01 22:36:48,122 - WARNING - ⚠️ 600502 安徽建工 K线更新失败: ('Connection aborted.', RemoteDisconnected('Remote end closed connection without response'))
2025-09-01 22:36:49,294 - WARNING - ⚠️ 600503 华丽家族 K线更新失败: ('Connection aborted.', RemoteDisconnected('Remote end closed connection without response'))
2025-09-01 22:36:50,458 - WARNING - ⚠️ 600505 西昌电力 K线更新失败: ('Connection aborted.', RemoteDisconnected('Remote end closed connection without response'))
2025-09-01 22:36:51,615 - WARNING - ⚠️ 600506 统一股份 K线更新失败: ('Connection aborted.', RemoteDisconnected('Remote end closed connection without response'))
2025-09-01 22:36:53,040 - WARNING - ⚠️ 600507 方大特钢 K线更新失败: ('Connection aborted.', RemoteDisconnected('Remote end closed connection without response'))
2025-09-01 22:36:54,220 - WARNING - ⚠️ 600508 上海能源 K线更新失败: ('Connection aborted.', RemoteDisconnected('Remote end closed connection without response'))
2025-09-01 22:36:55,382 - WARNING - ⚠️ 600509 天富能源 K线更新失败: ('Connection aborted.', RemoteDisconnected('Remote end closed connection without response'))
2025-09-01 22:36:56,526 - WARNING - ⚠️ 600510 黑牡丹 K线更新失败: ('Connection aborted.', RemoteDisconnected('Remote end closed connection without response'))
2025-09-01 22:36:57,689 - WARNING - ⚠️ 600511 国药股份 K线更新失败: ('Connection aborted.', RemoteDisconnected('Remote end closed connection without response'))
2025-09-01 22:36:58,839 - WARNING - ⚠️ 600512 腾达建设 K线更新失败: ('Connection aborted.', RemoteDisconnected('Remote end closed connection without response'))
2025-09-01 22:37:00,004 - WARNING - ⚠️ 600513 联环药业 K线更新失败: ('Connection aborted.', RemoteDisconnected('Remote end closed connection without response'))
2025-09-01 22:37:02,449 - WARNING - ⚠️ 600515 海南机场 K线更新失败: ('Connection aborted.', RemoteDisconnected('Remote end closed connection without response'))
2025-09-01 22:37:03,613 - WARNING - ⚠️ 600516 方大炭素 K线更新失败: ('Connection aborted.', RemoteDisconnected('Remote end closed connection without response'))
2025-09-01 22:37:05,024 - WARNING - ⚠️ 600517 国网英大 K线更新失败: ('Connection aborted.', RemoteDisconnected('Remote end closed connection without response'))
2025-09-01 22:37:06,173 - WARNING - ⚠️ 600518 康美药业 K线更新失败: ('Connection aborted.', RemoteDisconnected('Remote end closed connection without response'))
2025-09-01 22:37:07,332 - WARNING - ⚠️ 600519 贵州茅台 K线更新失败: ('Connection aborted.', RemoteDisconnected('Remote end closed connection without response'))
2025-09-01 22:37:08,501 - WARNING - ⚠️ 600520 三佳科技 K线更新失败: ('Connection aborted.', RemoteDisconnected('Remote end closed connection without response'))
2025-09-01 22:37:09,662 - WARNING - ⚠️ 600521 华海药业 K线更新失败: ('Connection aborted.', RemoteDisconnected('Remote end closed connection without response'))
2025-09-01 22:37:10,826 - WARNING - ⚠️ 600522 中天科技 K线更新失败: ('Connection aborted.', RemoteDisconnected('Remote end closed connection without response'))
2025-09-01 22:37:12,058 - WARNING - ⚠️ 600523 贵航股份 K线更新失败: ('Connection aborted.', RemoteDisconnected('Remote end closed connection without response'))
2025-09-01 22:37:13,488 - WARNING - ⚠️ 600525 ST长园 K线更新失败: ('Connection aborted.', RemoteDisconnected('Remote end closed connection without response'))
2025-09-01 22:37:14,657 - WARNING - ⚠️ 600526 菲达环保 K线更新失败: ('Connection aborted.', RemoteDisconnected('Remote end closed connection without response'))
2025-09-01 22:37:15,825 - WARNING - ⚠️ 600527 江南高纤 K线更新失败: ('Connection aborted.', RemoteDisconnected('Remote end closed connection without response'))
2025-09-01 22:37:16,992 - WARNING - ⚠️ 600528 中铁工业 K线更新失败: ('Connection aborted.', RemoteDisconnected('Remote end closed connection without response'))
2025-09-01 22:37:18,145 - WARNING - ⚠️ 600529 山东药玻 K线更新失败: ('Connection aborted.', RemoteDisconnected('Remote end closed connection without response'))
2025-09-01 22:37:19,319 - WARNING - ⚠️ 600530 交大昂立 K线更新失败: ('Connection aborted.', RemoteDisconnected('Remote end closed connection without response'))
2025-09-01 22:37:20,872 - WARNING - ⚠️ 600531 豫光金铅 K线更新失败: ('Connection aborted.', RemoteDisconnected('Remote end closed connection without response'))
2025-09-01 22:37:22,281 - WARNING - ⚠️ 600532 退市未来 K线更新失败: ('Connection aborted.', RemoteDisconnected('Remote end closed connection without response'))
2025-09-01 22:37:23,432 - WARNING - ⚠️ 600533 栖霞建设 K线更新失败: ('Connection aborted.', RemoteDisconnected('Remote end closed connection without response'))
2025-09-01 22:37:24,590 - WARNING - ⚠️ 600535 天士力 K线更新失败: ('Connection aborted.', RemoteDisconnected('Remote end closed connection without response'))
2025-09-01 22:37:26,500 - WARNING - ⚠️ 600536 中国软件 K线更新失败: ('Connection aborted.', RemoteDisconnected('Remote end closed connection without response'))
2025-09-01 22:37:27,674 - WARNING - ⚠️ 600537 亿晶光电 K线更新失败: ('Connection aborted.', RemoteDisconnected('Remote end closed connection without response'))
2025-09-01 22:37:29,126 - WARNING - ⚠️ 600538 国发股份 K线更新失败: ('Connection aborted.', RemoteDisconnected('Remote end closed connection without response'))
2025-09-01 22:37:31,292 - WARNING - ⚠️ 600539 狮头股份 K线更新失败: ('Connection aborted.', RemoteDisconnected('Remote end closed connection without response'))
2025-09-01 22:37:32,453 - WARNING - ⚠️ 600540 新赛股份 K线更新失败: ('Connection aborted.', RemoteDisconnected('Remote end closed connection without response'))
2025-09-01 22:37:33,621 - WARNING - ⚠️ 600543 莫高股份 K线更新失败: ('Connection aborted.', RemoteDisconnected('Remote end closed connection without response'))
2025-09-01 22:37:34,787 - WARNING - ⚠️ 600545 卓郎智能 K线更新失败: ('Connection aborted.', RemoteDisconnected('Remote end closed connection without response'))
2025-09-01 22:37:36,210 - WARNING - ⚠️ 600546 山煤国际 K线更新失败: ('Connection aborted.', RemoteDisconnected('Remote end closed connection without response'))
2025-09-01 22:37:37,364 - WARNING - ⚠️ 600547 山东黄金 K线更新失败: ('Connection aborted.', RemoteDisconnected('Remote end closed connection without response'))
2025-09-01 22:37:38,524 - WARNING - ⚠️ 600548 深高速 K线更新失败: ('Connection aborted.', RemoteDisconnected('Remote end closed connection without response'))
2025-09-01 22:37:39,689 - WARNING - ⚠️ 600549 厦门钨业 K线更新失败: ('Connection aborted.', RemoteDisconnected('Remote end closed connection without response'))
2025-09-01 22:37:40,861 - WARNING - ⚠️ 600550 保变电气 K线更新失败: ('Connection aborted.', RemoteDisconnected('Remote end closed connection without response'))
2025-09-01 22:37:42,027 - WARNING - ⚠️ 600551 时代出版 K线更新失败: ('Connection aborted.', RemoteDisconnected('Remote end closed connection without response'))
2025-09-01 22:37:43,186 - WARNING - ⚠️ 600552 凯盛科技 K线更新失败: ('Connection aborted.', RemoteDisconnected('Remote end closed connection without response'))
2025-09-01 22:37:44,333 - WARNING - ⚠️ 600553 太行水泥 K线更新失败: ('Connection aborted.', RemoteDisconnected('Remote end closed connection without response'))
2025-09-01 22:37:45,718 - WARNING - ⚠️ 600555 退市海创 K线更新失败: ('Connection aborted.', RemoteDisconnected('Remote end closed connection without response'))
2025-09-01 22:37:46,886 - WARNING - ⚠️ 600556 天下秀 K线更新失败: ('Connection aborted.', RemoteDisconnected('Remote end closed connection without response'))
2025-09-01 22:37:48,050 - WARNING - ⚠️ 600557 康缘药业 K线更新失败: ('Connection aborted.', RemoteDisconnected('Remote end closed connection without response'))
2025-09-01 22:37:49,506 - WARNING - ⚠️ 600558 大西洋 K线更新失败: ('Connection aborted.', RemoteDisconnected('Remote end closed connection without response'))
2025-09-01 22:37:50,664 - WARNING - ⚠️ 600559 老白干酒 K线更新失败: ('Connection aborted.', RemoteDisconnected('Remote end closed connection without response'))
2025-09-01 22:37:52,050 - WARNING - ⚠️ 600560 金自天正 K线更新失败: ('Connection aborted.', RemoteDisconnected('Remote end closed connection without response'))
2025-09-01 22:37:53,210 - WARNING - ⚠️ 600561 江西长运 K线更新失败: ('Connection aborted.', RemoteDisconnected('Remote end closed connection without response'))
2025-09-01 22:37:54,655 - WARNING - ⚠️ 600562 国睿科技 K线更新失败: ('Connection aborted.', RemoteDisconnected('Remote end closed connection without response'))
2025-09-01 22:37:56,056 - WARNING - ⚠️ 600563 法拉电子 K线更新失败: ('Connection aborted.', RemoteDisconnected('Remote end closed connection without response'))
2025-09-01 22:37:57,226 - WARNING - ⚠️ 600565 ST迪马 K线更新失败: ('Connection aborted.', RemoteDisconnected('Remote end closed connection without response'))
2025-09-01 22:37:58,630 - WARNING - ⚠️ 600566 济川药业 K线更新失败: ('Connection aborted.', RemoteDisconnected('Remote end closed connection without response'))
2025-09-01 22:38:00,025 - WARNING - ⚠️ 600567 山鹰国际 K线更新失败: ('Connection aborted.', RemoteDisconnected('Remote end closed connection without response'))
2025-09-01 22:38:01,184 - WARNING - ⚠️ 600568 ST中珠 K线更新失败: ('Connection aborted.', RemoteDisconnected('Remote end closed connection without response'))
2025-09-01 22:38:02,346 - WARNING - ⚠️ 600569 安阳钢铁 K线更新失败: ('Connection aborted.', RemoteDisconnected('Remote end closed connection without response'))
2025-09-01 22:38:03,504 - WARNING - ⚠️ 600570 恒生电子 K线更新失败: ('Connection aborted.', RemoteDisconnected('Remote end closed connection without response'))
2025-09-01 22:38:04,676 - WARNING - ⚠️ 600571 信雅达 K线更新失败: ('Connection aborted.', RemoteDisconnected('Remote end closed connection without response'))
2025-09-01 22:38:05,840 - WARNING - ⚠️ 600572 康恩贝 K线更新失败: ('Connection aborted.', RemoteDisconnected('Remote end closed connection without response'))
2025-09-01 22:38:07,010 - WARNING - ⚠️ 600573 惠泉啤酒 K线更新失败: ('Connection aborted.', RemoteDisconnected('Remote end closed connection without response'))
2025-09-01 22:38:08,175 - WARNING - ⚠️ 600575 淮河能源 K线更新失败: ('Connection aborted.', RemoteDisconnected('Remote end closed connection without response'))
2025-09-01 22:38:09,577 - WARNING - ⚠️ 600576 祥源文旅 K线更新失败: ('Connection aborted.', RemoteDisconnected('Remote end closed connection without response'))
2025-09-01 22:38:10,745 - WARNING - ⚠️ 600577 精达股份 K线更新失败: ('Connection aborted.', RemoteDisconnected('Remote end closed connection without response'))
2025-09-01 22:38:11,916 - WARNING - ⚠️ 600578 京能电力 K线更新失败: ('Connection aborted.', RemoteDisconnected('Remote end closed connection without response'))
2025-09-01 22:38:13,427 - WARNING - ⚠️ 600579 中化装备 K线更新失败: ('Connection aborted.', RemoteDisconnected('Remote end closed connection without response'))
2025-09-01 22:38:14,834 - WARNING - ⚠️ 600580 卧龙电驱 K线更新失败: ('Connection aborted.', RemoteDisconnected('Remote end closed connection without response'))
2025-09-01 22:38:16,344 - WARNING - ⚠️ 600581 八一钢铁 K线更新失败: ('Connection aborted.', RemoteDisconnected('Remote end closed connection without response'))
2025-09-01 22:38:17,507 - WARNING - ⚠️ 600582 天地科技 K线更新失败: ('Connection aborted.', RemoteDisconnected('Remote end closed connection without response'))
2025-09-01 22:38:18,666 - WARNING - ⚠️ 600583 海油工程 K线更新失败: ('Connection aborted.', RemoteDisconnected('Remote end closed connection without response'))
2025-09-01 22:38:19,826 - WARNING - ⚠️ 600584 长电科技 K线更新失败: ('Connection aborted.', RemoteDisconnected('Remote end closed connection without response'))
2025-09-01 22:38:20,989 - WARNING - ⚠️ 600585 海螺水泥 K线更新失败: ('Connection aborted.', RemoteDisconnected('Remote end closed connection without response'))
2025-09-01 22:38:23,145 - WARNING - ⚠️ 600586 金晶科技 K线更新失败: ('Connection aborted.', RemoteDisconnected('Remote end closed connection without response'))
2025-09-01 22:38:24,545 - WARNING - ⚠️ 600587 新华医疗 K线更新失败: ('Connection aborted.', RemoteDisconnected('Remote end closed connection without response'))
2025-09-01 22:38:25,693 - WARNING - ⚠️ 600588 用友网络 K线更新失败: ('Connection aborted.', RemoteDisconnected('Remote end closed connection without response'))
2025-09-01 22:38:26,855 - WARNING - ⚠️ 600589 大位科技 K线更新失败: ('Connection aborted.', RemoteDisconnected('Remote end closed connection without response'))
2025-09-01 22:38:28,304 - WARNING - ⚠️ 600590 泰豪科技 K线更新失败: ('Connection aborted.', RemoteDisconnected('Remote end closed connection without response'))
2025-09-01 22:38:29,466 - WARNING - ⚠️ 600591 *ST上航 K线更新失败: ('Connection aborted.', RemoteDisconnected('Remote end closed connection without response'))
2025-09-01 22:38:30,634 - WARNING - ⚠️ 600592 龙溪股份 K线更新失败: ('Connection aborted.', RemoteDisconnected('Remote end closed connection without response'))
2025-09-01 22:38:32,038 - WARNING - ⚠️ 600593 大连圣亚 K线更新失败: ('Connection aborted.', RemoteDisconnected('Remote end closed connection without response'))
2025-09-01 22:38:33,982 - WARNING - ⚠️ 600594 益佰制药 K线更新失败: ('Connection aborted.', RemoteDisconnected('Remote end closed connection without response'))
2025-09-01 22:38:35,147 - WARNING - ⚠️ 600595 中孚实业 K线更新失败: ('Connection aborted.', RemoteDisconnected('Remote end closed connection without response'))
2025-09-01 22:38:36,305 - WARNING - ⚠️ 600596 新安股份 K线更新失败: ('Connection aborted.', RemoteDisconnected('Remote end closed connection without response'))
2025-09-01 22:38:37,473 - WARNING - ⚠️ 600597 光明乳业 K线更新失败: ('Connection aborted.', RemoteDisconnected('Remote end closed connection without response'))
2025-09-01 22:38:38,637 - WARNING - ⚠️ 600598 北大荒 K线更新失败: ('Connection aborted.', RemoteDisconnected('Remote end closed connection without response'))
2025-09-01 22:38:39,797 - WARNING - ⚠️ 600599 *ST熊猫 K线更新失败: ('Connection aborted.', RemoteDisconnected('Remote end closed connection without response'))
2025-09-01 22:38:40,960 - WARNING - ⚠️ 600600 青岛啤酒 K线更新失败: ('Connection aborted.', RemoteDisconnected('Remote end closed connection without response'))
2025-09-01 22:38:42,113 - WARNING - ⚠️ 600601 方正科技 K线更新失败: ('Connection aborted.', RemoteDisconnected('Remote end closed connection without response'))
2025-09-01 22:38:43,508 - WARNING - ⚠️ 600602 云赛智联 K线更新失败: ('Connection aborted.', RemoteDisconnected('Remote end closed connection without response'))
2025-09-01 22:38:44,977 - WARNING - ⚠️ 600603 ST广物 K线更新失败: ('Connection aborted.', RemoteDisconnected('Remote end closed connection without response'))
2025-09-01 22:38:46,141 - WARNING - ⚠️ 600604 市北高新 K线更新失败: ('Connection aborted.', RemoteDisconnected('Remote end closed connection without response'))
2025-09-01 22:38:47,319 - WARNING - ⚠️ 600605 汇通能源 K线更新失败: ('Connection aborted.', RemoteDisconnected('Remote end closed connection without response'))
2025-09-01 22:38:48,496 - WARNING - ⚠️ 600606 绿地控股 K线更新失败: ('Connection aborted.', RemoteDisconnected('Remote end closed connection without response'))
2025-09-01 22:38:49,974 - WARNING - ⚠️ 600607 上实医药 K线更新失败: ('Connection aborted.', RemoteDisconnected('Remote end closed connection without response'))
2025-09-01 22:38:51,129 - WARNING - ⚠️ 600608 *ST沪科 K线更新失败: ('Connection aborted.', RemoteDisconnected('Remote end closed connection without response'))
2025-09-01 22:38:52,278 - WARNING - ⚠️ 600609 金杯汽车 K线更新失败: ('Connection aborted.', RemoteDisconnected('Remote end closed connection without response'))
2025-09-01 22:38:53,746 - WARNING - ⚠️ 600610 中毅达 K线更新失败: ('Connection aborted.', RemoteDisconnected('Remote end closed connection without response'))
2025-09-01 22:38:55,151 - WARNING - ⚠️ 600611 大众交通 K线更新失败: ('Connection aborted.', RemoteDisconnected('Remote end closed connection without response'))
2025-09-01 22:38:56,313 - WARNING - ⚠️ 600612 老凤祥 K线更新失败: ('Connection aborted.', RemoteDisconnected('Remote end closed connection without response'))
2025-09-01 22:38:57,486 - WARNING - ⚠️ 600613 神奇制药 K线更新失败: ('Connection aborted.', RemoteDisconnected('Remote end closed connection without response'))
2025-09-01 22:38:58,926 - WARNING - ⚠️ 600614 退市鹏起 K线更新失败: ('Connection aborted.', RemoteDisconnected('Remote end closed connection without response'))
2025-09-01 22:39:00,082 - WARNING - ⚠️ 600615 鑫源智造 K线更新失败: ('Connection aborted.', RemoteDisconnected('Remote end closed connection without response'))
2025-09-01 22:39:01,245 - WARNING - ⚠️ 600616 金枫酒业 K线更新失败: ('Connection aborted.', RemoteDisconnected('Remote end closed connection without response'))
2025-09-01 22:39:02,400 - WARNING - ⚠️ 600617 国新能源 K线更新失败: ('Connection aborted.', RemoteDisconnected('Remote end closed connection without response'))
2025-09-01 22:39:03,551 - WARNING - ⚠️ 600618 氯碱化工 K线更新失败: ('Connection aborted.', RemoteDisconnected('Remote end closed connection without response'))
2025-09-01 22:39:04,720 - WARNING - ⚠️ 600619 海立股份 K线更新失败: ('Connection aborted.', RemoteDisconnected('Remote end closed connection without response'))
2025-09-01 22:39:05,869 - WARNING - ⚠️ 600620 天宸股份 K线更新失败: ('Connection aborted.', RemoteDisconnected('Remote end closed connection without response'))
2025-09-01 22:39:07,035 - WARNING - ⚠️ 600621 华鑫股份 K线更新失败: ('Connection aborted.', RemoteDisconnected('Remote end closed connection without response'))
2025-09-01 22:39:08,203 - WARNING - ⚠️ 600622 光大嘉宝 K线更新失败: ('Connection aborted.', RemoteDisconnected('Remote end closed connection without response'))
2025-09-01 22:39:09,370 - WARNING - ⚠️ 600623 华谊集团 K线更新失败: ('Connection aborted.', RemoteDisconnected('Remote end closed connection without response'))
2025-09-01 22:39:10,537 - WARNING - ⚠️ 600624 复旦复华 K线更新失败: ('Connection aborted.', RemoteDisconnected('Remote end closed connection without response'))
2025-09-01 22:39:11,952 - WARNING - ⚠️ 600625 PT水仙 K线更新失败: ('Connection aborted.', RemoteDisconnected('Remote end closed connection without response'))
2025-09-01 22:39:13,108 - WARNING - ⚠️ 600626 申达股份 K线更新失败: ('Connection aborted.', RemoteDisconnected('Remote end closed connection without response'))
2025-09-01 22:39:14,287 - WARNING - ⚠️ 600627 上电股份 K线更新失败: ('Connection aborted.', RemoteDisconnected('Remote end closed connection without response'))
2025-09-01 22:39:15,457 - WARNING - ⚠️ 600628 新世界 K线更新失败: ('Connection aborted.', RemoteDisconnected('Remote end closed connection without response'))
2025-09-01 22:39:16,623 - WARNING - ⚠️ 600629 华建集团 K线更新失败: ('Connection aborted.', RemoteDisconnected('Remote end closed connection without response'))
2025-09-01 22:39:18,081 - WARNING - ⚠️ 600630 龙头股份 K线更新失败: ('Connection aborted.', RemoteDisconnected('Remote end closed connection without response'))
2025-09-01 22:39:19,492 - WARNING - ⚠️ 600631 百联股份 K线更新失败: ('Connection aborted.', RemoteDisconnected('Remote end closed connection without response'))
2025-09-01 22:39:20,651 - WARNING - ⚠️ 600632 华联商厦 K线更新失败: ('Connection aborted.', RemoteDisconnected('Remote end closed connection without response'))
2025-09-01 22:39:21,809 - WARNING - ⚠️ 600633 浙数文化 K线更新失败: ('Connection aborted.', RemoteDisconnected('Remote end closed connection without response'))
2025-09-01 22:39:22,970 - WARNING - ⚠️ 600634 退市富控 K线更新失败: ('Connection aborted.', RemoteDisconnected('Remote end closed connection without response'))
2025-09-01 22:39:24,367 - WARNING - ⚠️ 600635 大众公用 K线更新失败: ('Connection aborted.', RemoteDisconnected('Remote end closed connection without response'))
2025-09-01 22:39:25,520 - WARNING - ⚠️ 600636 *ST国化 K线更新失败: ('Connection aborted.', RemoteDisconnected('Remote end closed connection without response'))
2025-09-01 22:39:26,683 - WARNING - ⚠️ 600637 东方明珠 K线更新失败: ('Connection aborted.', RemoteDisconnected('Remote end closed connection without response'))
2025-09-01 22:39:27,839 - WARNING - ⚠️ 600638 新黄浦 K线更新失败: ('Connection aborted.', RemoteDisconnected('Remote end closed connection without response'))
2025-09-01 22:39:29,308 - WARNING - ⚠️ 600639 浦东金桥 K线更新失败: ('Connection aborted.', RemoteDisconnected('Remote end closed connection without response'))
2025-09-01 22:39:31,254 - WARNING - ⚠️ 600640 国脉文化 K线更新失败: ('Connection aborted.', RemoteDisconnected('Remote end closed connection without response'))
2025-09-01 22:39:32,406 - WARNING - ⚠️ 600641 万业企业 K线更新失败: ('Connection aborted.', RemoteDisconnected('Remote end closed connection without response'))
2025-09-01 22:39:33,566 - WARNING - ⚠️ 600642 申能股份 K线更新失败: ('Connection aborted.', RemoteDisconnected('Remote end closed connection without response'))
2025-09-01 22:39:34,731 - WARNING - ⚠️ 600643 爱建集团 K线更新失败: ('Connection aborted.', RemoteDisconnected('Remote end closed connection without response'))
2025-09-01 22:39:35,893 - WARNING - ⚠️ 600644 乐山电力 K线更新失败: ('Connection aborted.', RemoteDisconnected('Remote end closed connection without response'))
2025-09-01 22:39:37,056 - WARNING - ⚠️ 600645 中源协和 K线更新失败: ('Connection aborted.', RemoteDisconnected('Remote end closed connection without response'))
2025-09-01 22:39:38,217 - WARNING - ⚠️ 600646 ST国嘉 K线更新失败: ('Connection aborted.', RemoteDisconnected('Remote end closed connection without response'))
2025-09-01 22:39:39,617 - WARNING - ⚠️ 600647 退市同达 K线更新失败: ('Connection aborted.', RemoteDisconnected('Remote end closed connection without response'))
2025-09-01 22:39:40,764 - WARNING - ⚠️ 600648 外高桥 K线更新失败: ('Connection aborted.', RemoteDisconnected('Remote end closed connection without response'))
2025-09-01 22:39:41,931 - WARNING - ⚠️ 600649 城投控股 K线更新失败: ('Connection aborted.', RemoteDisconnected('Remote end closed connection without response'))
2025-09-01 22:39:43,092 - WARNING - ⚠️ 600650 锦江在线 K线更新失败: ('Connection aborted.', RemoteDisconnected('Remote end closed connection without response'))
2025-09-01 22:39:44,258 - WARNING - ⚠️ 600651 飞乐音响 K线更新失败: ('Connection aborted.', RemoteDisconnected('Remote end closed connection without response'))
2025-09-01 22:39:45,423 - WARNING - ⚠️ 600652 退市游久 K线更新失败: ('Connection aborted.', RemoteDisconnected('Remote end closed connection without response'))
2025-09-01 22:39:46,579 - WARNING - ⚠️ 600653 申华控股 K线更新失败: ('Connection aborted.', RemoteDisconnected('Remote end closed connection without response'))
2025-09-01 22:39:47,735 - WARNING - ⚠️ 600654 中安科 K线更新失败: ('Connection aborted.', RemoteDisconnected('Remote end closed connection without response'))
2025-09-01 22:39:49,190 - WARNING - ⚠️ 600655 豫园股份 K线更新失败: ('Connection aborted.', RemoteDisconnected('Remote end closed connection without response'))
2025-09-01 22:39:50,348 - WARNING - ⚠️ 600656 退市博元 K线更新失败: ('Connection aborted.', RemoteDisconnected('Remote end closed connection without response'))
2025-09-01 22:39:51,819 - WARNING - ⚠️ 600657 信达地产 K线更新失败: ('Connection aborted.', RemoteDisconnected('Remote end closed connection without response'))
2025-09-01 22:39:52,982 - WARNING - ⚠️ 600658 电子城 K线更新失败: ('Connection aborted.', RemoteDisconnected('Remote end closed connection without response'))
2025-09-01 22:39:54,149 - WARNING - ⚠️ 600659 *ST花雕 K线更新失败: ('Connection aborted.', RemoteDisconnected('Remote end closed connection without response'))
2025-09-01 22:39:55,598 - WARNING - ⚠️ 600660 福耀玻璃 K线更新失败: ('Connection aborted.', RemoteDisconnected('Remote end closed connection without response'))
2025-09-01 22:39:56,756 - WARNING - ⚠️ 600661 昂立教育 K线更新失败: ('Connection aborted.', RemoteDisconnected('Remote end closed connection without response'))
2025-09-01 22:39:57,913 - WARNING - ⚠️ 600662 外服控股 K线更新失败: ('Connection aborted.', RemoteDisconnected('Remote end closed connection without response'))
2025-09-01 22:39:59,070 - WARNING - ⚠️ 600663 陆家嘴 K线更新失败: ('Connection aborted.', RemoteDisconnected('Remote end closed connection without response'))
2025-09-01 22:40:00,223 - WARNING - ⚠️ 600664 哈药股份 K线更新失败: ('Connection aborted.', RemoteDisconnected('Remote end closed connection without response'))
2025-09-01 22:40:01,397 - WARNING - ⚠️ 600665 天地源 K线更新失败: ('Connection aborted.', RemoteDisconnected('Remote end closed connection without response'))
2025-09-01 22:40:02,857 - WARNING - ⚠️ 600666 奥瑞德 K线更新失败: ('Connection aborted.', RemoteDisconnected('Remote end closed connection without response'))
2025-09-01 22:40:04,083 - WARNING - ⚠️ 600667 太极实业 K线更新失败: ('Connection aborted.', RemoteDisconnected('Remote end closed connection without response'))
2025-09-01 22:40:05,540 - WARNING - ⚠️ 600668 尖峰集团 K线更新失败: ('Connection aborted.', RemoteDisconnected('Remote end closed connection without response'))
2025-09-01 22:40:06,705 - WARNING - ⚠️ 600669 *ST鞍成 K线更新失败: ('Connection aborted.', RemoteDisconnected('Remote end closed connection without response'))
2025-09-01 22:40:07,869 - WARNING - ⚠️ 600670 *ST斯达 K线更新失败: ('Connection aborted.', RemoteDisconnected('Remote end closed connection without response'))
2025-09-01 22:40:09,021 - WARNING - ⚠️ 600671 天目药业 K线更新失败: ('Connection aborted.', RemoteDisconnected('Remote end closed connection without response'))
2025-09-01 22:40:10,177 - WARNING - ⚠️ 600672 *ST华圣 K线更新失败: ('Connection aborted.', RemoteDisconnected('Remote end closed connection without response'))
2025-09-01 22:40:11,645 - WARNING - ⚠️ 600673 东阳光 K线更新失败: ('Connection aborted.', RemoteDisconnected('Remote end closed connection without response'))
2025-09-01 22:40:13,099 - WARNING - ⚠️ 600674 川投能源 K线更新失败: ('Connection aborted.', RemoteDisconnected('Remote end closed connection without response'))
2025-09-01 22:40:14,252 - WARNING - ⚠️ 600675 中华企业 K线更新失败: ('Connection aborted.', RemoteDisconnected('Remote end closed connection without response'))
2025-09-01 22:40:15,411 - WARNING - ⚠️ 600676 交运股份 K线更新失败: ('Connection aborted.', RemoteDisconnected('Remote end closed connection without response'))
2025-09-01 22:40:16,577 - WARNING - ⚠️ 600677 *ST航通 K线更新失败: ('Connection aborted.', RemoteDisconnected('Remote end closed connection without response'))
2025-09-01 22:40:18,032 - WARNING - ⚠️ 600678 四川金顶 K线更新失败: ('Connection aborted.', RemoteDisconnected('Remote end closed connection without response'))
2025-09-01 22:40:19,196 - WARNING - ⚠️ 600679 上海凤凰 K线更新失败: ('Connection aborted.', RemoteDisconnected('Remote end closed connection without response'))
2025-09-01 22:40:20,353 - WARNING - ⚠️ 600680 *ST上普 K线更新失败: ('Connection aborted.', RemoteDisconnected('Remote end closed connection without response'))
2025-09-01 22:40:21,522 - WARNING - ⚠️ 600681 百川能源 K线更新失败: ('Connection aborted.', RemoteDisconnected('Remote end closed connection without response'))
2025-09-01 22:40:22,678 - WARNING - ⚠️ 600682 南京新百 K线更新失败: ('Connection aborted.', RemoteDisconnected('Remote end closed connection without response'))
2025-09-01 22:40:23,844 - WARNING - ⚠️ 600683 京投发展 K线更新失败: ('Connection aborted.', RemoteDisconnected('Remote end closed connection without response'))
2025-09-01 22:40:25,080 - WARNING - ⚠️ 600684 珠江股份 K线更新失败: ('Connection aborted.', RemoteDisconnected('Remote end closed connection without response'))
2025-09-01 22:40:26,238 - WARNING - ⚠️ 600685 中船防务 K线更新失败: ('Connection aborted.', RemoteDisconnected('Remote end closed connection without response'))
2025-09-01 22:40:27,701 - WARNING - ⚠️ 600686 金龙汽车 K线更新失败: ('Connection aborted.', RemoteDisconnected('Remote end closed connection without response'))
2025-09-01 22:40:28,856 - WARNING - ⚠️ 600687 退市刚泰 K线更新失败: ('Connection aborted.', RemoteDisconnected('Remote end closed connection without response'))
2025-09-01 22:40:30,631 - WARNING - ⚠️ 600688 上海石化 K线更新失败: ('Connection aborted.', RemoteDisconnected('Remote end closed connection without response'))
2025-09-01 22:40:31,783 - WARNING - ⚠️ 600689 上海三毛 K线更新失败: ('Connection aborted.', RemoteDisconnected('Remote end closed connection without response'))
2025-09-01 22:40:33,199 - WARNING - ⚠️ 600690 海尔智家 K线更新失败: ('Connection aborted.', RemoteDisconnected('Remote end closed connection without response'))
2025-09-01 22:40:34,366 - WARNING - ⚠️ 600691 阳煤化工 K线更新失败: ('Connection aborted.', RemoteDisconnected('Remote end closed connection without response'))
2025-09-01 22:40:35,529 - WARNING - ⚠️ 600692 亚通股份 K线更新失败: ('Connection aborted.', RemoteDisconnected('Remote end closed connection without response'))
2025-09-01 22:40:37,705 - WARNING - ⚠️ 600693 东百集团 K线更新失败: ('Connection aborted.', RemoteDisconnected('Remote end closed connection without response'))
2025-09-01 22:40:38,873 - WARNING - ⚠️ 600694 大商股份 K线更新失败: ('Connection aborted.', RemoteDisconnected('Remote end closed connection without response'))
2025-09-01 22:40:40,305 - WARNING - ⚠️ 600695 退市绿庭 K线更新失败: ('Connection aborted.', RemoteDisconnected('Remote end closed connection without response'))
2025-09-01 22:40:41,461 - WARNING - ⚠️ 600696 *ST岩石 K线更新失败: ('Connection aborted.', RemoteDisconnected('Remote end closed connection without response'))
2025-09-01 22:40:42,869 - WARNING - ⚠️ 600697 欧亚集团 K线更新失败: ('Connection aborted.', RemoteDisconnected('Remote end closed connection without response'))
2025-09-01 22:40:44,033 - WARNING - ⚠️ 600698 湖南天雁 K线更新失败: ('Connection aborted.', RemoteDisconnected('Remote end closed connection without response'))
2025-09-01 22:40:45,200 - WARNING - ⚠️ 600699 均胜电子 K线更新失败: ('Connection aborted.', RemoteDisconnected('Remote end closed connection without response'))
2025-09-01 22:40:46,646 - WARNING - ⚠️ 600700 *ST数码 K线更新失败: ('Connection aborted.', RemoteDisconnected('Remote end closed connection without response'))
2025-09-01 22:40:47,826 - WARNING - ⚠️ 600701 退市工新 K线更新失败: ('Connection aborted.', RemoteDisconnected('Remote end closed connection without response'))
2025-09-01 22:40:48,984 - WARNING - ⚠️ 600702 舍得酒业 K线更新失败: ('Connection aborted.', RemoteDisconnected('Remote end closed connection without response'))
2025-09-01 22:40:50,144 - WARNING - ⚠️ 600703 三安光电 K线更新失败: ('Connection aborted.', RemoteDisconnected('Remote end closed connection without response'))
2025-09-01 22:40:51,300 - WARNING - ⚠️ 600704 物产中大 K线更新失败: ('Connection aborted.', RemoteDisconnected('Remote end closed connection without response'))
2025-09-01 22:40:52,458 - WARNING - ⚠️ 600705 中航产融 K线更新失败: ('Connection aborted.', RemoteDisconnected('Remote end closed connection without response'))
2025-09-01 22:40:53,869 - WARNING - ⚠️ 600706 曲江文旅 K线更新失败: ('Connection aborted.', RemoteDisconnected('Remote end closed connection without response'))
2025-09-01 22:40:55,021 - WARNING - ⚠️ 600707 彩虹股份 K线更新失败: ('Connection aborted.', RemoteDisconnected('Remote end closed connection without response'))
2025-09-01 22:40:56,174 - WARNING - ⚠️ 600708 光明地产 K线更新失败: ('Connection aborted.', RemoteDisconnected('Remote end closed connection without response'))
2025-09-01 22:40:57,341 - WARNING - ⚠️ 600709 ST生态 K线更新失败: ('Connection aborted.', RemoteDisconnected('Remote end closed connection without response'))
2025-09-01 22:40:58,501 - WARNING - ⚠️ 600710 苏美达 K线更新失败: ('Connection aborted.', RemoteDisconnected('Remote end closed connection without response'))
2025-09-01 22:41:00,561 - WARNING - ⚠️ 600711 盛屯矿业 K线更新失败: ('Connection aborted.', RemoteDisconnected('Remote end closed connection without response'))
2025-09-01 22:41:02,022 - WARNING - ⚠️ 600712 南宁百货 K线更新失败: ('Connection aborted.', RemoteDisconnected('Remote end closed connection without response'))
2025-09-01 22:41:03,175 - WARNING - ⚠️ 600713 南京医药 K线更新失败: ('Connection aborted.', RemoteDisconnected('Remote end closed connection without response'))
2025-09-01 22:41:04,338 - WARNING - ⚠️ 600714 金瑞矿业 K线更新失败: ('Connection aborted.', RemoteDisconnected('Remote end closed connection without response'))
2025-09-01 22:41:05,501 - WARNING - ⚠️ 600715 文投控股 K线更新失败: ('Connection aborted.', RemoteDisconnected('Remote end closed connection without response'))
2025-09-01 22:41:07,022 - WARNING - ⚠️ 600716 凤凰股份 K线更新失败: ('Connection aborted.', RemoteDisconnected('Remote end closed connection without response'))
2025-09-01 22:41:08,994 - WARNING - ⚠️ 600717 天津港 K线更新失败: ('Connection aborted.', RemoteDisconnected('Remote end closed connection without response'))
2025-09-01 22:41:10,159 - WARNING - ⚠️ 600718 东软集团 K线更新失败: ('Connection aborted.', RemoteDisconnected('Remote end closed connection without response'))
2025-09-01 22:41:11,605 - WARNING - ⚠️ 600719 大连热电 K线更新失败: ('Connection aborted.', RemoteDisconnected('Remote end closed connection without response'))
2025-09-01 22:41:12,763 - WARNING - ⚠️ 600720 中交设计 K线更新失败: ('Connection aborted.', RemoteDisconnected('Remote end closed connection without response'))
2025-09-01 22:41:14,211 - WARNING - ⚠️ 600721 百花医药 K线更新失败: ('Connection aborted.', RemoteDisconnected('Remote end closed connection without response'))
2025-09-01 22:41:15,371 - WARNING - ⚠️ 600722 金牛化工 K线更新失败: ('Connection aborted.', RemoteDisconnected('Remote end closed connection without response'))
2025-09-01 22:41:16,531 - WARNING - ⚠️ 600723 首商股份 K线更新失败: ('Connection aborted.', RemoteDisconnected('Remote end closed connection without response'))
2025-09-01 22:41:19,009 - WARNING - ⚠️ 600724 宁波富达 K线更新失败: ('Connection aborted.', RemoteDisconnected('Remote end closed connection without response'))
2025-09-01 22:41:20,466 - WARNING - ⚠️ 600725 云维股份 K线更新失败: ('Connection aborted.', RemoteDisconnected('Remote end closed connection without response'))
2025-09-01 22:41:21,626 - WARNING - ⚠️ 600726 华电能源 K线更新失败: ('Connection aborted.', RemoteDisconnected('Remote end closed connection without response'))
2025-09-01 22:41:22,791 - WARNING - ⚠️ 600727 鲁北化工 K线更新失败: ('Connection aborted.', RemoteDisconnected('Remote end closed connection without response'))
2025-09-01 22:41:23,945 - WARNING - ⚠️ 600728 佳都科技 K线更新失败: ('Connection aborted.', RemoteDisconnected('Remote end closed connection without response'))
2025-09-01 22:41:25,402 - WARNING - ⚠️ 600729 重庆百货 K线更新失败: ('Connection aborted.', RemoteDisconnected('Remote end closed connection without response'))
2025-09-01 22:41:26,570 - WARNING - ⚠️ 600730 中国高科 K线更新失败: ('Connection aborted.', RemoteDisconnected('Remote end closed connection without response'))
2025-09-01 22:41:27,722 - WARNING - ⚠️ 600731 湖南海利 K线更新失败: ('Connection aborted.', RemoteDisconnected('Remote end closed connection without response'))
2025-09-01 22:41:28,886 - WARNING - ⚠️ 600732 爱旭股份 K线更新失败: ('Connection aborted.', RemoteDisconnected('Remote end closed connection without response'))
2025-09-01 22:41:30,043 - WARNING - ⚠️ 600733 北汽蓝谷 K线更新失败: ('Connection aborted.', RemoteDisconnected('Remote end closed connection without response'))
2025-09-01 22:41:31,509 - WARNING - ⚠️ 600734 实达集团 K线更新失败: ('Connection aborted.', RemoteDisconnected('Remote end closed connection without response'))
2025-09-01 22:41:32,672 - WARNING - ⚠️ 600735 新华锦 K线更新失败: ('Connection aborted.', RemoteDisconnected('Remote end closed connection without response'))
2025-09-01 22:41:34,581 - WARNING - ⚠️ 600736 苏州高新 K线更新失败: ('Connection aborted.', RemoteDisconnected('Remote end closed connection without response'))
2025-09-01 22:41:36,043 - WARNING - ⚠️ 600737 中粮糖业 K线更新失败: ('Connection aborted.', RemoteDisconnected('Remote end closed connection without response'))
2025-09-01 22:41:37,214 - WARNING - ⚠️ 600738 丽尚国潮 K线更新失败: ('Connection aborted.', RemoteDisconnected('Remote end closed connection without response'))
2025-09-01 22:41:38,377 - WARNING - ⚠️ 600739 辽宁成大 K线更新失败: ('Connection aborted.', RemoteDisconnected('Remote end closed connection without response'))
2025-09-01 22:41:39,538 - WARNING - ⚠️ 600740 山西焦化 K线更新失败: ('Connection aborted.', RemoteDisconnected('Remote end closed connection without response'))
2025-09-01 22:41:40,711 - WARNING - ⚠️ 600741 华域汽车 K线更新失败: ('Connection aborted.', RemoteDisconnected('Remote end closed connection without response'))
2025-09-01 22:41:41,864 - WARNING - ⚠️ 600742 富维股份 K线更新失败: ('Connection aborted.', RemoteDisconnected('Remote end closed connection without response'))
2025-09-01 22:41:43,033 - WARNING - ⚠️ 600743 华远控股 K线更新失败: ('Connection aborted.', RemoteDisconnected('Remote end closed connection without response'))
2025-09-01 22:41:44,214 - WARNING - ⚠️ 600744 华银电力 K线更新失败: ('Connection aborted.', RemoteDisconnected('Remote end closed connection without response'))
2025-09-01 22:41:45,366 - WARNING - ⚠️ 600745 闻泰科技 K线更新失败: ('Connection aborted.', RemoteDisconnected('Remote end closed connection without response'))
2025-09-01 22:41:46,842 - WARNING - ⚠️ 600746 江苏索普 K线更新失败: ('Connection aborted.', RemoteDisconnected('Remote end closed connection without response'))
2025-09-01 22:41:48,003 - WARNING - ⚠️ 600747 退市大控 K线更新失败: ('Connection aborted.', RemoteDisconnected('Remote end closed connection without response'))
2025-09-01 22:41:49,159 - WARNING - ⚠️ 600748 上实发展 K线更新失败: ('Connection aborted.', RemoteDisconnected('Remote end closed connection without response'))
2025-09-01 22:41:50,312 - WARNING - ⚠️ 600749 西藏旅游 K线更新失败: ('Connection aborted.', RemoteDisconnected('Remote end closed connection without response'))
2025-09-01 22:41:51,483 - WARNING - ⚠️ 600750 江中药业 K线更新失败: ('Connection aborted.', RemoteDisconnected('Remote end closed connection without response'))
2025-09-01 22:41:52,629 - WARNING - ⚠️ 600751 海航科技 K线更新失败: ('Connection aborted.', RemoteDisconnected('Remote end closed connection without response'))
2025-09-01 22:41:54,062 - WARNING - ⚠️ 600752 *ST哈慈 K线更新失败: ('Connection aborted.', RemoteDisconnected('Remote end closed connection without response'))
2025-09-01 22:41:56,230 - WARNING - ⚠️ 600753 *ST海钦 K线更新失败: ('Connection aborted.', RemoteDisconnected('Remote end closed connection without response'))
2025-09-01 22:41:57,398 - WARNING - ⚠️ 600754 锦江酒店 K线更新失败: ('Connection aborted.', RemoteDisconnected('Remote end closed connection without response'))
2025-09-01 22:41:58,544 - WARNING - ⚠️ 600755 厦门国贸 K线更新失败: ('Connection aborted.', RemoteDisconnected('Remote end closed connection without response'))
2025-09-01 22:41:59,708 - WARNING - ⚠️ 600756 浪潮软件 K线更新失败: ('Connection aborted.', RemoteDisconnected('Remote end closed connection without response'))
2025-09-01 22:42:00,869 - WARNING - ⚠️ 600757 长江传媒 K线更新失败: ('Connection aborted.', RemoteDisconnected('Remote end closed connection without response'))
2025-09-01 22:42:02,282 - WARNING - ⚠️ 600758 辽宁能源 K线更新失败: ('Connection aborted.', RemoteDisconnected('Remote end closed connection without response'))
2025-09-01 22:42:03,516 - WARNING - ⚠️ 600759 洲际油气 K线更新失败: ('Connection aborted.', RemoteDisconnected('Remote end closed connection without response'))
2025-09-01 22:42:04,676 - WARNING - ⚠️ 600760 中航沈飞 K线更新失败: ('Connection aborted.', RemoteDisconnected('Remote end closed connection without response'))
2025-09-01 22:42:06,201 - WARNING - ⚠️ 600761 安徽合力 K线更新失败: ('Connection aborted.', RemoteDisconnected('Remote end closed connection without response'))
2025-09-01 22:42:07,364 - WARNING - ⚠️ 600762 S*ST金荔 K线更新失败: ('Connection aborted.', RemoteDisconnected('Remote end closed connection without response'))
2025-09-01 22:42:08,527 - WARNING - ⚠️ 600763 通策医疗 K线更新失败: ('Connection aborted.', RemoteDisconnected('Remote end closed connection without response'))
2025-09-01 22:42:09,981 - WARNING - ⚠️ 600764 中国海防 K线更新失败: ('Connection aborted.', RemoteDisconnected('Remote end closed connection without response'))
2025-09-01 22:42:11,135 - WARNING - ⚠️ 600765 中航重机 K线更新失败: ('Connection aborted.', RemoteDisconnected('Remote end closed connection without response'))
2025-09-01 22:42:12,602 - WARNING - ⚠️ 600766 退市园城 K线更新失败: ('Connection aborted.', RemoteDisconnected('Remote end closed connection without response'))
2025-09-01 22:42:13,760 - WARNING - ⚠️ 600767 退市运盛 K线更新失败: ('Connection aborted.', RemoteDisconnected('Remote end closed connection without response'))
2025-09-01 22:42:14,913 - WARNING - ⚠️ 600768 宁波富邦 K线更新失败: ('Connection aborted.', RemoteDisconnected('Remote end closed connection without response'))
2025-09-01 22:42:16,079 - WARNING - ⚠️ 600769 祥龙电业 K线更新失败: ('Connection aborted.', RemoteDisconnected('Remote end closed connection without response'))
2025-09-01 22:42:17,250 - WARNING - ⚠️ 600770 综艺股份 K线更新失败: ('Connection aborted.', RemoteDisconnected('Remote end closed connection without response'))
2025-09-01 22:42:18,410 - WARNING - ⚠️ 600771 广誉远 K线更新失败: ('Connection aborted.', RemoteDisconnected('Remote end closed connection without response'))
2025-09-01 22:42:19,571 - WARNING - ⚠️ 600772 S*ST龙昌 K线更新失败: ('Connection aborted.', RemoteDisconnected('Remote end closed connection without response'))
2025-09-01 22:42:20,734 - WARNING - ⚠️ 600773 西藏城投 K线更新失败: ('Connection aborted.', RemoteDisconnected('Remote end closed connection without response'))
2025-09-01 22:42:21,894 - WARNING - ⚠️ 600774 汉商集团 K线更新失败: ('Connection aborted.', RemoteDisconnected('Remote end closed connection without response'))
2025-09-01 22:42:23,050 - WARNING - ⚠️ 600775 南京熊猫 K线更新失败: ('Connection aborted.', RemoteDisconnected('Remote end closed connection without response'))
2025-09-01 22:42:24,500 - WARNING - ⚠️ 600776 东方通信 K线更新失败: ('Connection aborted.', RemoteDisconnected('Remote end closed connection without response'))
2025-09-01 22:42:25,669 - WARNING - ⚠️ 600777 *ST新潮 K线更新失败: ('Connection aborted.', RemoteDisconnected('Remote end closed connection without response'))
2025-09-01 22:42:26,831 - WARNING - ⚠️ 600778 友好集团 K线更新失败: ('Connection aborted.', RemoteDisconnected('Remote end closed connection without response'))
2025-09-01 22:42:27,989 - WARNING - ⚠️ 600779 水井坊 K线更新失败: ('Connection aborted.', RemoteDisconnected('Remote end closed connection without response'))
2025-09-01 22:42:29,156 - WARNING - ⚠️ 600780 通宝能源 K线更新失败: ('Connection aborted.', RemoteDisconnected('Remote end closed connection without response'))
2025-09-01 22:42:30,340 - WARNING - ⚠️ 600781 退市辅仁 K线更新失败: ('Connection aborted.', RemoteDisconnected('Remote end closed connection without response'))
2025-09-01 22:42:32,508 - WARNING - ⚠️ 600782 新钢股份 K线更新失败: ('Connection aborted.', RemoteDisconnected('Remote end closed connection without response'))
2025-09-01 22:42:33,675 - WARNING - ⚠️ 600783 鲁信创投 K线更新失败: ('Connection aborted.', RemoteDisconnected('Remote end closed connection without response'))
2025-09-01 22:42:34,835 - WARNING - ⚠️ 600784 鲁银投资 K线更新失败: ('Connection aborted.', RemoteDisconnected('Remote end closed connection without response'))
2025-09-01 22:42:35,982 - WARNING - ⚠️ 600785 新华百货 K线更新失败: ('Connection aborted.', RemoteDisconnected('Remote end closed connection without response'))
2025-09-01 22:42:37,129 - WARNING - ⚠️ 600786 东方锅炉 K线更新失败: ('Connection aborted.', RemoteDisconnected('Remote end closed connection without response'))
2025-09-01 22:42:38,290 - WARNING - ⚠️ 600787 中储股份 K线更新失败: ('Connection aborted.', RemoteDisconnected('Remote end closed connection without response'))
2025-09-01 22:42:39,741 - WARNING - ⚠️ 600788 *ST达曼 K线更新失败: ('Connection aborted.', RemoteDisconnected('Remote end closed connection without response'))
2025-09-01 22:42:40,903 - WARNING - ⚠️ 600789 鲁抗医药 K线更新失败: ('Connection aborted.', RemoteDisconnected('Remote end closed connection without response'))
2025-09-01 22:42:42,052 - WARNING - ⚠️ 600790 轻纺城 K线更新失败: ('Connection aborted.', RemoteDisconnected('Remote end closed connection without response'))
2025-09-01 22:42:43,208 - WARNING - ⚠️ 600791 京能置业 K线更新失败: ('Connection aborted.', RemoteDisconnected('Remote end closed connection without response'))
2025-09-01 22:42:44,375 - WARNING - ⚠️ 600792 云煤能源 K线更新失败: ('Connection aborted.', RemoteDisconnected('Remote end closed connection without response'))
2025-09-01 22:42:45,515 - WARNING - ⚠️ 600793 宜宾纸业 K线更新失败: ('Connection aborted.', RemoteDisconnected('Remote end closed connection without response'))
2025-09-01 22:42:46,681 - WARNING - ⚠️ 600794 保税科技 K线更新失败: ('Connection aborted.', RemoteDisconnected('Remote end closed connection without response'))
2025-09-01 22:42:48,121 - WARNING - ⚠️ 600795 国电电力 K线更新失败: ('Connection aborted.', RemoteDisconnected('Remote end closed connection without response'))
2025-09-01 22:42:49,283 - WARNING - ⚠️ 600796 钱江生化 K线更新失败: ('Connection aborted.', RemoteDisconnected('Remote end closed connection without response'))
2025-09-01 22:42:50,433 - WARNING - ⚠️ 600797 浙大网新 K线更新失败: ('Connection aborted.', RemoteDisconnected('Remote end closed connection without response'))
2025-09-01 22:42:51,576 - WARNING - ⚠️ 600798 宁波海运 K线更新失败: ('Connection aborted.', RemoteDisconnected('Remote end closed connection without response'))
2025-09-01 22:42:52,994 - WARNING - ⚠️ 600799 *ST龙科 K线更新失败: ('Connection aborted.', RemoteDisconnected('Remote end closed connection without response'))
2025-09-01 22:42:54,165 - WARNING - ⚠️ 600800 渤海化学 K线更新失败: ('Connection aborted.', RemoteDisconnected('Remote end closed connection without response'))
2025-09-01 22:42:55,600 - WARNING - ⚠️ 600801 华新水泥 K线更新失败: ('Connection aborted.', RemoteDisconnected('Remote end closed connection without response'))
2025-09-01 22:42:56,766 - WARNING - ⚠️ 600802 福建水泥 K线更新失败: ('Connection aborted.', RemoteDisconnected('Remote end closed connection without response'))
2025-09-01 22:42:57,926 - WARNING - ⚠️ 600803 新奥股份 K线更新失败: ('Connection aborted.', RemoteDisconnected('Remote end closed connection without response'))
2025-09-01 22:42:59,084 - WARNING - ⚠️ 600804 退市鹏博 K线更新失败: ('Connection aborted.', RemoteDisconnected('Remote end closed connection without response'))
2025-09-01 22:43:00,246 - WARNING - ⚠️ 600805 悦达投资 K线更新失败: ('Connection aborted.', RemoteDisconnected('Remote end closed connection without response'))
2025-09-01 22:43:01,404 - WARNING - ⚠️ 600806 退市昆机 K线更新失败: ('Connection aborted.', RemoteDisconnected('Remote end closed connection without response'))
2025-09-01 22:43:02,561 - WARNING - ⚠️ 600807 济高发展 K线更新失败: ('Connection aborted.', RemoteDisconnected('Remote end closed connection without response'))
2025-09-01 22:43:03,715 - WARNING - ⚠️ 600808 马钢股份 K线更新失败: ('Connection aborted.', RemoteDisconnected('Remote end closed connection without response'))
2025-09-01 22:43:04,884 - WARNING - ⚠️ 600809 山西汾酒 K线更新失败: ('Connection aborted.', RemoteDisconnected('Remote end closed connection without response'))
2025-09-01 22:43:07,053 - WARNING - ⚠️ 600810 神马股份 K线更新失败: ('Connection aborted.', RemoteDisconnected('Remote end closed connection without response'))
2025-09-01 22:43:08,219 - WARNING - ⚠️ 600811 *ST东方 K线更新失败: ('Connection aborted.', RemoteDisconnected('Remote end closed connection without response'))
2025-09-01 22:43:09,390 - WARNING - ⚠️ 600812 华北制药 K线更新失败: ('Connection aborted.', RemoteDisconnected('Remote end closed connection without response'))
2025-09-01 22:43:10,554 - WARNING - ⚠️ 600813 ST鞍一工 K线更新失败: ('Connection aborted.', RemoteDisconnected('Remote end closed connection without response'))
2025-09-01 22:43:11,968 - WARNING - ⚠️ 600814 杭州解百 K线更新失败: ('Connection aborted.', RemoteDisconnected('Remote end closed connection without response'))
2025-09-01 22:43:13,438 - WARNING - ⚠️ 600815 厦工股份 K线更新失败: ('Connection aborted.', RemoteDisconnected('Remote end closed connection without response'))
2025-09-01 22:43:14,588 - WARNING - ⚠️ 600816 建元信托 K线更新失败: ('Connection aborted.', RemoteDisconnected('Remote end closed connection without response'))
2025-09-01 22:43:15,754 - WARNING - ⚠️ 600817 宇通重工 K线更新失败: ('Connection aborted.', RemoteDisconnected('Remote end closed connection without response'))
2025-09-01 22:43:16,917 - WARNING - ⚠️ 600818 中路股份 K线更新失败: ('Connection aborted.', RemoteDisconnected('Remote end closed connection without response'))
2025-09-01 22:43:18,371 - WARNING - ⚠️ 600819 耀皮玻璃 K线更新失败: ('Connection aborted.', RemoteDisconnected('Remote end closed connection without response'))
2025-09-01 22:43:19,546 - WARNING - ⚠️ 600820 隧道股份 K线更新失败: ('Connection aborted.', RemoteDisconnected('Remote end closed connection without response'))
2025-09-01 22:43:20,705 - WARNING - ⚠️ 600821 金开新能 K线更新失败: ('Connection aborted.', RemoteDisconnected('Remote end closed connection without response'))
2025-09-01 22:43:21,877 - WARNING - ⚠️ 600822 上海物贸 K线更新失败: ('Connection aborted.', RemoteDisconnected('Remote end closed connection without response'))
2025-09-01 22:43:23,025 - WARNING - ⚠️ 600823 *ST世茂 K线更新失败: ('Connection aborted.', RemoteDisconnected('Remote end closed connection without response'))
2025-09-01 22:43:24,183 - WARNING - ⚠️ 600824 益民集团 K线更新失败: ('Connection aborted.', RemoteDisconnected('Remote end closed connection without response'))
2025-09-01 22:43:25,342 - WARNING - ⚠️ 600825 新华传媒 K线更新失败: ('Connection aborted.', RemoteDisconnected('Remote end closed connection without response'))
2025-09-01 22:43:26,501 - WARNING - ⚠️ 600826 兰生股份 K线更新失败: ('Connection aborted.', RemoteDisconnected('Remote end closed connection without response'))
2025-09-01 22:43:27,671 - WARNING - ⚠️ 600827 百联股份 K线更新失败: ('Connection aborted.', RemoteDisconnected('Remote end closed connection without response'))
2025-09-01 22:43:28,828 - WARNING - ⚠️ 600828 茂业商业 K线更新失败: ('Connection aborted.', RemoteDisconnected('Remote end closed connection without response'))
2025-09-01 22:43:30,283 - WARNING - ⚠️ 600829 人民同泰 K线更新失败: ('Connection aborted.', RemoteDisconnected('Remote end closed connection without response'))
2025-09-01 22:43:31,439 - WARNING - ⚠️ 600830 香溢融通 K线更新失败: ('Connection aborted.', RemoteDisconnected('Remote end closed connection without response'))
2025-09-01 22:43:32,896 - WARNING - ⚠️ 600831 ST广网 K线更新失败: ('Connection aborted.', RemoteDisconnected('Remote end closed connection without response'))
2025-09-01 22:43:34,060 - WARNING - ⚠️ 600832 东方明珠 K线更新失败: ('Connection aborted.', RemoteDisconnected('Remote end closed connection without response'))
2025-09-01 22:43:35,219 - WARNING - ⚠️ 600833 第一医药 K线更新失败: ('Connection aborted.', RemoteDisconnected('Remote end closed connection without response'))
2025-09-01 22:43:36,619 - WARNING - ⚠️ 600834 申通地铁 K线更新失败: ('Connection aborted.', RemoteDisconnected('Remote end closed connection without response'))
2025-09-01 22:43:37,787 - WARNING - ⚠️ 600835 上海机电 K线更新失败: ('Connection aborted.', RemoteDisconnected('Remote end closed connection without response'))
2025-09-01 22:43:38,948 - WARNING - ⚠️ 600836 *ST易连 K线更新失败: ('Connection aborted.', RemoteDisconnected('Remote end closed connection without response'))
2025-09-01 22:43:40,112 - WARNING - ⚠️ 600837 海通证券 K线更新失败: ('Connection aborted.', RemoteDisconnected('Remote end closed connection without response'))
2025-09-01 22:43:41,275 - WARNING - ⚠️ 600838 上海九百 K线更新失败: ('Connection aborted.', RemoteDisconnected('Remote end closed connection without response'))
2025-09-01 22:43:42,442 - WARNING - ⚠️ 600839 四川长虹 K线更新失败: ('Connection aborted.', RemoteDisconnected('Remote end closed connection without response'))
2025-09-01 22:43:43,949 - WARNING - ⚠️ 600840 新湖创业 K线更新失败: ('Connection aborted.', RemoteDisconnected('Remote end closed connection without response'))
2025-09-01 22:43:45,107 - WARNING - ⚠️ 600841 动力新科 K线更新失败: ('Connection aborted.', RemoteDisconnected('Remote end closed connection without response'))
2025-09-01 22:43:46,270 - WARNING - ⚠️ 600842 中西药业 K线更新失败: ('Connection aborted.', RemoteDisconnected('Remote end closed connection without response'))
2025-09-01 22:43:48,547 - WARNING - ⚠️ 600843 上工申贝 K线更新失败: ('Connection aborted.', RemoteDisconnected('Remote end closed connection without response'))
2025-09-01 22:43:49,962 - WARNING - ⚠️ 600844 金煤科技 K线更新失败: ('Connection aborted.', RemoteDisconnected('Remote end closed connection without response'))
2025-09-01 22:43:51,115 - WARNING - ⚠️ 600845 宝信软件 K线更新失败: ('Connection aborted.', RemoteDisconnected('Remote end closed connection without response'))
2025-09-01 22:43:52,577 - WARNING - ⚠️ 600846 同济科技 K线更新失败: ('Connection aborted.', RemoteDisconnected('Remote end closed connection without response'))
2025-09-01 22:43:53,730 - WARNING - ⚠️ 600847 万里股份 K线更新失败: ('Connection aborted.', RemoteDisconnected('Remote end closed connection without response'))
2025-09-01 22:43:54,891 - WARNING - ⚠️ 600848 上海临港 K线更新失败: ('Connection aborted.', RemoteDisconnected('Remote end closed connection without response'))
2025-09-01 22:43:56,379 - WARNING - ⚠️ 600849 上药转换 K线更新失败: ('Connection aborted.', RemoteDisconnected('Remote end closed connection without response'))
2025-09-01 22:43:57,540 - WARNING - ⚠️ 600850 电科数字 K线更新失败: ('Connection aborted.', RemoteDisconnected('Remote end closed connection without response'))
2025-09-01 22:43:58,694 - WARNING - ⚠️ 600851 海欣股份 K线更新失败: ('Connection aborted.', RemoteDisconnected('Remote end closed connection without response'))
2025-09-01 22:43:59,869 - WARNING - ⚠️ 600852 *ST中川 K线更新失败: ('Connection aborted.', RemoteDisconnected('Remote end closed connection without response'))
2025-09-01 22:44:01,039 - WARNING - ⚠️ 600853 龙建股份 K线更新失败: ('Connection aborted.', RemoteDisconnected('Remote end closed connection without response'))
2025-09-01 22:44:02,198 - WARNING - ⚠️ 600854 春兰股份 K线更新失败: ('Connection aborted.', RemoteDisconnected('Remote end closed connection without response'))
2025-09-01 22:44:03,366 - WARNING - ⚠️ 600855 航天长峰 K线更新失败: ('Connection aborted.', RemoteDisconnected('Remote end closed connection without response'))
2025-09-01 22:44:05,538 - WARNING - ⚠️ 600856 退市中天 K线更新失败: ('Connection aborted.', RemoteDisconnected('Remote end closed connection without response'))
2025-09-01 22:44:06,701 - WARNING - ⚠️ 600857 宁波中百 K线更新失败: ('Connection aborted.', RemoteDisconnected('Remote end closed connection without response'))
2025-09-01 22:44:07,845 - WARNING - ⚠️ 600858 银座股份 K线更新失败: ('Connection aborted.', RemoteDisconnected('Remote end closed connection without response'))
2025-09-01 22:44:08,985 - WARNING - ⚠️ 600859 王府井 K线更新失败: ('Connection aborted.', RemoteDisconnected('Remote end closed connection without response'))
2025-09-01 22:44:10,998 - WARNING - ⚠️ 600860 京城股份 K线更新失败: ('Connection aborted.', RemoteDisconnected('Remote end closed connection without response'))
2025-09-01 22:44:12,469 - WARNING - ⚠️ 600861 北京人力 K线更新失败: ('Connection aborted.', RemoteDisconnected('Remote end closed connection without response'))
2025-09-01 22:44:13,631 - WARNING - ⚠️ 600862 中航高科 K线更新失败: ('Connection aborted.', RemoteDisconnected('Remote end closed connection without response'))
2025-09-01 22:44:15,101 - WARNING - ⚠️ 600863 内蒙华电 K线更新失败: ('Connection aborted.', RemoteDisconnected('Remote end closed connection without response'))
2025-09-01 22:44:16,566 - WARNING - ⚠️ 600864 哈投股份 K线更新失败: ('Connection aborted.', RemoteDisconnected('Remote end closed connection without response'))
2025-09-01 22:44:17,781 - WARNING - ⚠️ 600865 百大集团 K线更新失败: ('Connection aborted.', RemoteDisconnected('Remote end closed connection without response'))
2025-09-01 22:44:18,936 - WARNING - ⚠️ 600866 星湖科技 K线更新失败: ('Connection aborted.', RemoteDisconnected('Remote end closed connection without response'))
2025-09-01 22:44:20,098 - WARNING - ⚠️ 600867 通化东宝 K线更新失败: ('Connection aborted.', RemoteDisconnected('Remote end closed connection without response'))
2025-09-01 22:44:21,262 - WARNING - ⚠️ 600868 梅雁吉祥 K线更新失败: ('Connection aborted.', RemoteDisconnected('Remote end closed connection without response'))
2025-09-01 22:44:22,429 - WARNING - ⚠️ 600869 远东股份 K线更新失败: ('Connection aborted.', RemoteDisconnected('Remote end closed connection without response'))
2025-09-01 22:44:23,599 - WARNING - ⚠️ 600870 退市厦华 K线更新失败: ('Connection aborted.', RemoteDisconnected('Remote end closed connection without response'))
2025-09-01 22:44:24,760 - WARNING - ⚠️ 600871 石化油服 K线更新失败: ('Connection aborted.', RemoteDisconnected('Remote end closed connection without response'))
2025-09-01 22:44:25,927 - WARNING - ⚠️ 600872 中炬高新 K线更新失败: ('Connection aborted.', RemoteDisconnected('Remote end closed connection without response'))
2025-09-01 22:44:27,337 - WARNING - ⚠️ 600873 梅花生物 K线更新失败: ('Connection aborted.', RemoteDisconnected('Remote end closed connection without response'))
2025-09-01 22:44:28,499 - WARNING - ⚠️ 600874 创业环保 K线更新失败: ('Connection aborted.', RemoteDisconnected('Remote end closed connection without response'))
2025-09-01 22:44:29,910 - WARNING - ⚠️ 600875 东方电气 K线更新失败: ('Connection aborted.', RemoteDisconnected('Remote end closed connection without response'))
2025-09-01 22:44:31,076 - WARNING - ⚠️ 600876 凯盛新能 K线更新失败: ('Connection aborted.', RemoteDisconnected('Remote end closed connection without response'))
2025-09-01 22:44:32,254 - WARNING - ⚠️ 600877 电科芯片 K线更新失败: ('Connection aborted.', RemoteDisconnected('Remote end closed connection without response'))
2025-09-01 22:44:33,416 - WARNING - ⚠️ 600878 *ST北科 K线更新失败: ('Connection aborted.', RemoteDisconnected('Remote end closed connection without response'))
2025-09-01 22:44:34,579 - WARNING - ⚠️ 600879 航天电子 K线更新失败: ('Connection aborted.', RemoteDisconnected('Remote end closed connection without response'))
2025-09-01 22:44:36,052 - WARNING - ⚠️ 600880 博瑞传播 K线更新失败: ('Connection aborted.', RemoteDisconnected('Remote end closed connection without response'))
2025-09-01 22:44:37,222 - WARNING - ⚠️ 600881 亚泰集团 K线更新失败: ('Connection aborted.', RemoteDisconnected('Remote end closed connection without response'))
2025-09-01 22:44:39,178 - WARNING - ⚠️ 600882 妙可蓝多 K线更新失败: ('Connection aborted.', RemoteDisconnected('Remote end closed connection without response'))
2025-09-01 22:44:40,578 - WARNING - ⚠️ 600883 博闻科技 K线更新失败: ('Connection aborted.', RemoteDisconnected('Remote end closed connection without response'))
2025-09-01 22:44:41,749 - WARNING - ⚠️ 600884 杉杉股份 K线更新失败: ('Connection aborted.', RemoteDisconnected('Remote end closed connection without response'))
2025-09-01 22:44:42,920 - WARNING - ⚠️ 600885 宏发股份 K线更新失败: ('Connection aborted.', RemoteDisconnected('Remote end closed connection without response'))
2025-09-01 22:44:44,143 - WARNING - ⚠️ 600886 国投电力 K线更新失败: ('Connection aborted.', RemoteDisconnected('Remote end closed connection without response'))
2025-09-01 22:44:45,626 - WARNING - ⚠️ 600887 伊利股份 K线更新失败: ('Connection aborted.', RemoteDisconnected('Remote end closed connection without response'))
2025-09-01 22:44:46,773 - WARNING - ⚠️ 600888 新疆众和 K线更新失败: ('Connection aborted.', RemoteDisconnected('Remote end closed connection without response'))
2025-09-01 22:44:47,018 - INFO - 数据库连接已关闭
