run_date,stock_code,trade_date,open,high,low,close,pre_close,change_amount,change_pct,volume,amount,adj_factor,data_source,defect_type,board,era,vwap_proxy,note
2026-09-23,000001,1991-04-06,-2.490,-2.490,-2.490,-2.490,,,,700,33800.00,,TENCENT,close_negative,主板,1990-1992,48.2857,全史负价（源侧缺陷）。OHLC 整体为负但列间比例自洽→疑似源历史段符号/量纲伪影，须回源确证
2026-09-23,000001,1991-04-13,-2.500,-2.500,-2.500,-2.500,,,,500,23400.00,,TENCENT,close_negative,主板,1990-1992,46.8,全史负价（源侧缺陷）。OHLC 整体为负但列间比例自洽→疑似源历史段符号/量纲伪影，须回源确证
2026-09-23,000001,1991-04-20,-2.520,-2.520,-2.520,-2.520,,-0.010,-0.4000,500,22700.00,,TENCENT,close_negative,主板,1990-1992,45.4,全史负价（源侧缺陷）。OHLC 整体为负但列间比例自洽→疑似源历史段符号/量纲伪影，须回源确证
2026-09-23,000001,1991-05-04,-2.400,-2.400,-2.400,-2.400,,-0.010,-0.4200,200,8600.00,,TENCENT,close_negative,主板,1990-1992,43.0,全史负价（源侧缺陷）。OHLC 整体为负但列间比例自洽→疑似源历史段符号/量纲伪影，须回源确证
2026-09-23,000001,1991-05-06,-2.400,-2.400,-2.400,-2.400,,,,900,38500.00,,TENCENT,close_negative,主板,1990-1992,42.7778,全史负价（源侧缺陷）。OHLC 整体为负但列间比例自洽→疑似源历史段符号/量纲伪影，须回源确证
2026-09-23,000001,1991-05-11,-2.410,-2.410,-2.410,-2.410,,,,600,25100.00,,TENCENT,close_negative,主板,1990-1992,41.8333,全史负价（源侧缺陷）。OHLC 整体为负但列间比例自洽→疑似源历史段符号/量纲伪影，须回源确证
2026-09-23,000001,1991-05-18,-2.420,-2.420,-2.420,-2.420,,,,11000,445600.00,,TENCENT,close_negative,主板,1990-1992,40.5091,全史负价（源侧缺陷）。OHLC 整体为负但列间比例自洽→疑似源历史段符号/量纲伪影，须回源确证
2026-09-23,000001,1991-06-01,-2.450,-2.450,-2.450,-2.450,,,,1000,38200.00,,TENCENT,close_negative,主板,1990-1992,38.2,全史负价（源侧缺陷）。OHLC 整体为负但列间比例自洽→疑似源历史段符号/量纲伪影，须回源确证
2026-09-23,000001,1991-06-08,-2.460,-2.460,-2.460,-2.460,,,,600,22200.00,,TENCENT,close_negative,主板,1990-1992,37.0,全史负价（源侧缺陷）。OHLC 整体为负但列间比例自洽→疑似源历史段符号/量纲伪影，须回源确证
2026-09-23,000001,1991-06-15,-2.470,-2.470,-2.470,-2.470,,,,2700,97000.00,,TENCENT,close_negative,主板,1990-1992,35.9259,全史负价（源侧缺陷）。OHLC 整体为负但列间比例自洽→疑似源历史段符号/量纲伪影，须回源确证
2026-09-23,000001,1991-06-22,-2.490,-2.490,-2.490,-2.490,,-0.010,-0.4000,1600,55700.00,,TENCENT,close_negative,主板,1990-1992,34.8125,全史负价（源侧缺陷）。OHLC 整体为负但列间比例自洽→疑似源历史段符号/量纲伪影，须回源确证
2026-09-23,000001,1991-07-06,-2.510,-2.510,-2.510,-2.510,,,,100,3300.00,,TENCENT,close_negative,主板,1990-1992,33.0,全史负价（源侧缺陷）。OHLC 整体为负但列间比例自洽→疑似源历史段符号/量纲伪影，须回源确证
2026-09-23,000001,1991-07-20,-2.530,-2.530,-2.530,-2.530,,,,200,6200.00,,TENCENT,close_negative,主板,1990-1992,31.0,全史负价（源侧缺陷）。OHLC 整体为负但列间比例自洽→疑似源历史段符号/量纲伪影，须回源确证
2026-09-23,000001,1991-08-17,-2.710,-2.700,-2.710,-2.700,,-0.150,-5.8800,32800,499000.00,,TENCENT,close_negative,主板,1990-1992,15.2134,全史负价（源侧缺陷）。OHLC 整体为负但列间比例自洽→疑似源历史段符号/量纲伪影，须回源确证
2026-09-23,000001,1991-08-24,-2.710,-2.700,-2.710,-2.700,,0.010,0.3700,333000,5167600.00,,TENCENT,close_negative,主板,1990-1992,15.5183,全史负价（源侧缺陷）。OHLC 整体为负但列间比例自洽→疑似源历史段符号/量纲伪影，须回源确证
2026-09-23,000001,1991-08-31,-2.710,-2.710,-2.710,-2.710,,,,120000,1798500.00,,TENCENT,close_negative,主板,1990-1992,14.9875,全史负价（源侧缺陷）。OHLC 整体为负但列间比例自洽→疑似源历史段符号/量纲伪影，须回源确证
2026-09-23,000001,1991-09-07,-2.720,-2.720,-2.730,-2.720,,,,364100,4969800.00,,TENCENT,close_negative,主板,1990-1992,13.6495,全史负价（源侧缺陷）。OHLC 整体为负但列间比例自洽→疑似源历史段符号/量纲伪影，须回源确证
2026-09-23,000001,1991-09-14,-2.720,-2.720,-2.720,-2.720,,-0.010,-0.3700,356300,5123800.00,,TENCENT,close_negative,主板,1990-1992,14.3806,全史负价（源侧缺陷）。OHLC 整体为负但列间比例自洽→疑似源历史段符号/量纲伪影，须回源确证
2026-09-23,000001,1991-09-21,-2.720,-2.720,-2.720,-2.720,,,,197800,2779800.00,,TENCENT,close_negative,主板,1990-1992,14.0536,全史负价（源侧缺陷）。OHLC 整体为负但列间比例自洽→疑似源历史段符号/量纲伪影，须回源确证
2026-09-23,000001,1991-09-28,-2.710,-2.710,-2.710,-2.710,,,,108600,1582400.00,,TENCENT,close_negative,主板,1990-1992,14.5709,全史负价（源侧缺陷）。OHLC 整体为负但列间比例自洽→疑似源历史段符号/量纲伪影，须回源确证
2026-09-23,000001,1991-09-29,-2.710,-2.710,-2.710,-2.710,,,,93000,1355400.00,,TENCENT,close_negative,主板,1990-1992,14.5742,全史负价（源侧缺陷）。OHLC 整体为负但列间比例自洽→疑似源历史段符号/量纲伪影，须回源确证
2026-09-23,000001,1991-10-05,-2.700,-2.700,-2.700,-2.700,,,,208800,3259800.00,,TENCENT,close_negative,主板,1990-1992,15.6121,全史负价（源侧缺陷）。OHLC 整体为负但列间比例自洽→疑似源历史段符号/量纲伪影，须回源确证
2026-09-23,000001,1991-10-12,-2.610,-2.600,-2.610,-2.600,,0.010,0.3800,333800,8150700.00,,TENCENT,close_negative,主板,1990-1992,24.4179,全史负价（源侧缺陷）。OHLC 整体为负但列间比例自洽→疑似源历史段符号/量纲伪影，须回源确证
2026-09-23,000001,1991-10-19,-2.610,-2.610,-2.610,-2.610,,,,181300,4340100.00,,TENCENT,close_negative,主板,1990-1992,23.9388,全史负价（源侧缺陷）。OHLC 整体为负但列间比例自洽→疑似源历史段符号/量纲伪影，须回源确证
2026-09-23,000001,1991-10-26,-2.610,-2.610,-2.610,-2.610,,,,279400,6689400.00,,TENCENT,close_negative,主板,1990-1992,23.942,全史负价（源侧缺陷）。OHLC 整体为负但列间比例自洽→疑似源历史段符号/量纲伪影，须回源确证
2026-09-23,000001,1991-11-02,-2.550,-2.550,-2.560,-2.550,,0.010,0.3900,320800,9271900.00,,TENCENT,close_negative,主板,1990-1992,28.9024,全史负价（源侧缺陷）。OHLC 整体为负但列间比例自洽→疑似源历史段符号/量纲伪影，须回源确证
2026-09-23,000001,1991-11-09,-2.540,-2.510,-2.540,-2.520,,0.020,0.7900,498200,15639200.00,,TENCENT,close_negative,主板,1990-1992,31.3914,全史负价（源侧缺陷）。OHLC 整体为负但列间比例自洽→疑似源历史段符号/量纲伪影，须回源确证
2026-09-23,000001,1991-11-16,-2.480,-2.480,-2.490,-2.490,,-0.010,-0.4000,347600,12032300.00,,TENCENT,close_negative,主板,1990-1992,34.6154,全史负价（源侧缺陷）。OHLC 整体为负但列间比例自洽→疑似源历史段符号/量纲伪影，须回源确证
2026-09-23,000001,1991-11-23,-2.520,-2.510,-2.520,-2.520,,,,171700,5480900.00,,TENCENT,close_negative,主板,1990-1992,31.9214,全史负价（源侧缺陷）。OHLC 整体为负但列间比例自洽→疑似源历史段符号/量纲伪影，须回源确证
2026-09-23,000001,1991-11-30,-2.570,-2.560,-2.570,-2.570,,,,142900,3962000.00,,TENCENT,close_negative,主板,1990-1992,27.7257,全史负价（源侧缺陷）。OHLC 整体为负但列间比例自洽→疑似源历史段符号/量纲伪影，须回源确证
2026-09-23,000001,1991-12-07,-2.570,-2.560,-2.570,-2.560,,0.010,0.3900,80600,2218200.00,,TENCENT,close_negative,主板,1990-1992,27.5211,全史负价（源侧缺陷）。OHLC 整体为负但列间比例自洽→疑似源历史段符号/量纲伪影，须回源确证
2026-09-23,000001,1991-12-14,-2.570,-2.570,-2.570,-2.570,,,,59600,1628100.00,,TENCENT,close_negative,主板,1990-1992,27.3171,全史负价（源侧缺陷）。OHLC 整体为负但列间比例自洽→疑似源历史段符号/量纲伪影，须回源确证
2026-09-23,000001,1991-12-21,-2.570,-2.570,-2.570,-2.570,,,,47400,1309400.00,,TENCENT,close_negative,主板,1990-1992,27.6245,全史负价（源侧缺陷）。OHLC 整体为负但列间比例自洽→疑似源历史段符号/量纲伪影，须回源确证
2026-09-23,000001,1991-12-28,-2.560,-2.550,-2.560,-2.550,,0.010,0.3900,111600,3220000.00,,TENCENT,close_negative,主板,1990-1992,28.853,全史负价（源侧缺陷）。OHLC 整体为负但列间比例自洽→疑似源历史段符号/量纲伪影，须回源确证
2026-09-23,000001,1992-02-01,-2.530,-2.520,-2.530,-2.520,,0.010,0.4000,222800,7021300.00,,TENCENT,close_negative,主板,1990-1992,31.5139,全史负价（源侧缺陷）。OHLC 整体为负但列间比例自洽→疑似源历史段符号/量纲伪影，须回源确证
2026-09-23,000001,1992-02-02,-2.520,-2.510,-2.520,-2.520,,,,73500,2381900.00,,TENCENT,close_negative,主板,1990-1992,32.4068,全史负价（源侧缺陷）。OHLC 整体为负但列间比例自洽→疑似源历史段符号/量纲伪影，须回源确证
2026-09-23,000001,1992-02-03,-2.530,-2.520,-2.530,-2.520,,,,2228,7021000.00,,AKSHARE,close_negative,主板,1990-1992,3151.2567,全史负价（源侧缺陷）。OHLC 整体为负但列间比例自洽→疑似源历史段符号/量纲伪影，须回源确证
2026-09-23,000001,1992-02-07,-2.520,-2.510,-2.520,-2.510,,0.010,0.4000,735,2382000.00,,AKSHARE,close_negative,主板,1990-1992,3240.8163,全史负价（源侧缺陷）。OHLC 整体为负但列间比例自洽→疑似源历史段符号/量纲伪影，须回源确证
2026-09-23,000001,1992-05-03,-2.230,-2.160,-2.230,-2.180,,0.050,2.2400,844900,35075700.00,,TENCENT,close_negative,主板,1990-1992,41.5146,全史负价（源侧缺陷）。OHLC 整体为负但列间比例自洽→疑似源历史段符号/量纲伪影，须回源确证
2026-09-23,000001,1992-10-04,-2.130,-2.120,-2.130,-2.120,,0.010,0.4700,334400,14999800.00,,TENCENT,close_negative,主板,1990-1992,44.8559,全史负价（源侧缺陷）。OHLC 整体为负但列间比例自洽→疑似源历史段符号/量纲伪影，须回源确证
2026-09-23,000001,1993-01-03,-2.130,-2.110,-2.130,-2.110,,0.020,0.9400,9733,44049000.00,,AKSHARE,close_negative,主板,1993-1999,4525.7372,全史负价（源侧缺陷）。OHLC 整体为负但列间比例自洽→疑似源历史段符号/量纲伪影，须回源确证
2026-09-23,000001,1993-05-01,-1.890,-1.890,-1.900,-1.900,,-0.010,-0.5300,2795,16224975.00,,AKSHARE,close_negative,主板,1993-1999,5805.0,全史负价（源侧缺陷）。OHLC 整体为负但列间比例自洽→疑似源历史段符号/量纲伪影，须回源确证
2026-09-23,000001,1993-05-02,-1.900,-1.900,-1.900,-1.900,,,,3410,19778000.00,,AKSHARE,close_negative,主板,1993-1999,5800.0,全史负价（源侧缺陷）。OHLC 整体为负但列间比例自洽→疑似源历史段符号/量纲伪影，须回源确证
2026-09-23,000001,1993-10-11,-2.170,-2.160,-2.170,-2.170,,,,2383,5300993.00,,AKSHARE,close_negative,主板,1993-1999,2224.504,全史负价（源侧缺陷）。OHLC 整体为负但列间比例自洽→疑似源历史段符号/量纲伪影，须回源确证
2026-09-23,000002,1991-02-02,-8.830,-8.830,-8.830,-8.830,,,,6500,94800.00,,TENCENT,close_negative,主板,1990-1992,14.5846,全史负价（源侧缺陷）。OHLC 整体为负但列间比例自洽→疑似源历史段符号/量纲伪影，须回源确证
2026-09-23,000002,1991-02-09,-8.830,-8.830,-8.830,-8.830,,,,68000,1020700.00,,TENCENT,close_negative,主板,1990-1992,15.0103,全史负价（源侧缺陷）。OHLC 整体为负但列间比例自洽→疑似源历史段符号/量纲伪影，须回源确证
2026-09-23,000002,1991-02-23,-8.820,-8.820,-8.820,-8.820,,,,63500,978500.00,,TENCENT,close_negative,主板,1990-1992,15.4094,全史负价（源侧缺陷）。OHLC 整体为负但列间比例自洽→疑似源历史段符号/量纲伪影，须回源确证
2026-09-23,000002,1991-03-02,-8.830,-8.830,-8.830,-8.830,,,,9000,134400.00,,TENCENT,close_negative,主板,1990-1992,14.9333,全史负价（源侧缺陷）。OHLC 整体为负但列间比例自洽→疑似源历史段符号/量纲伪影，须回源确证
2026-09-23,000002,1991-03-09,-8.830,-8.830,-8.830,-8.830,,,,2000,29000.00,,TENCENT,close_negative,主板,1990-1992,14.5,全史负价（源侧缺陷）。OHLC 整体为负但列间比例自洽→疑似源历史段符号/量纲伪影，须回源确证
2026-09-23,000002,1991-03-16,-8.830,-8.830,-8.830,-8.830,,,,4000,56400.00,,TENCENT,close_negative,主板,1990-1992,14.1,全史负价（源侧缺陷）。OHLC 整体为负但列间比例自洽→疑似源历史段符号/量纲伪影，须回源确证
2026-09-23,000002,1991-03-23,-8.840,-8.840,-8.840,-8.840,,,,1000,13700.00,,TENCENT,close_negative,主板,1990-1992,13.7,全史负价（源侧缺陷）。OHLC 整体为负但列间比例自洽→疑似源历史段符号/量纲伪影，须回源确证
2026-09-23,000002,1991-03-30,-8.840,-8.840,-8.840,-8.840,,,,6500,86100.00,,TENCENT,close_negative,主板,1990-1992,13.2462,全史负价（源侧缺陷）。OHLC 整体为负但列间比例自洽→疑似源历史段符号/量纲伪影，须回源确证
2026-09-23,000002,1991-04-06,-8.840,-8.840,-8.840,-8.840,,,,7000,90000.00,,TENCENT,close_negative,主板,1990-1992,12.8571,全史负价（源侧缺陷）。OHLC 整体为负但列间比例自洽→疑似源历史段符号/量纲伪影，须回源确证
2026-09-23,000002,1991-04-13,-8.850,-8.850,-8.850,-8.850,,,,500,6200.00,,TENCENT,close_negative,主板,1990-1992,12.4,全史负价（源侧缺陷）。OHLC 整体为负但列间比例自洽→疑似源历史段符号/量纲伪影，须回源确证
2026-09-23,000002,1991-04-18,-8.850,-8.850,-8.850,-8.850,,,,10,13660.00,,AKSHARE,close_negative,主板,1990-1992,1366.0,全史负价（源侧缺陷）。OHLC 整体为负但列间比例自洽→疑似源历史段符号/量纲伪影，须回源确证
2026-09-23,000002,1991-05-04,-8.850,-8.850,-8.850,-8.850,,,,7500,86000.00,,TENCENT,close_negative,主板,1990-1992,11.4667,全史负价（源侧缺陷）。OHLC 整体为负但列间比例自洽→疑似源历史段符号/量纲伪影，须回源确证
2026-09-23,000002,1991-05-06,-8.850,-8.850,-8.850,-8.850,,,,2500,28500.00,,TENCENT,close_negative,主板,1990-1992,11.4,全史负价（源侧缺陷）。OHLC 整体为负但列间比例自洽→疑似源历史段符号/量纲伪影，须回源确证
2026-09-23,000002,1991-05-11,-8.860,-8.860,-8.860,-8.860,,,,18500,205500.00,,TENCENT,close_negative,主板,1990-1992,11.1081,全史负价（源侧缺陷）。OHLC 整体为负但列间比例自洽→疑似源历史段符号/量纲伪影，须回源确证
2026-09-23,000002,1991-05-18,-8.850,-8.850,-8.850,-8.850,,0.010,0.1100,153500,1742200.00,,TENCENT,close_negative,主板,1990-1992,11.3498,全史负价（源侧缺陷）。OHLC 整体为负但列间比例自洽→疑似源历史段符号/量纲伪影，须回源确证
2026-09-23,000002,1991-05-25,-8.850,-8.850,-8.850,-8.850,,,,32000,363200.00,,TENCENT,close_negative,主板,1990-1992,11.35,全史负价（源侧缺陷）。OHLC 整体为负但列间比例自洽→疑似源历史段符号/量纲伪影，须回源确证
2026-09-23,000002,1991-05-28,-8.860,-8.860,-8.860,-8.860,,,,95,119130.00,,AKSHARE,close_negative,主板,1990-1992,1254.0,全史负价（源侧缺陷）。OHLC 整体为负但列间比例自洽→疑似源历史段符号/量纲伪影，须回源确证
2026-09-23,000002,1991-05-29,-8.860,-8.860,-8.860,-8.860,,,,65,81120.00,,AKSHARE,close_negative,主板,1990-1992,1248.0,全史负价（源侧缺陷）。OHLC 整体为负但列间比例自洽→疑似源历史段符号/量纲伪影，须回源确证
2026-09-23,000002,1991-05-30,-8.860,-8.860,-8.860,-8.860,,,,170,211140.00,,AKSHARE,close_negative,主板,1990-1992,1242.0,全史负价（源侧缺陷）。OHLC 整体为负但列间比例自洽→疑似源历史段符号/量纲伪影，须回源确证
2026-09-23,000002,1991-05-31,-8.860,-8.860,-8.860,-8.860,,,,50,61800.00,,AKSHARE,close_negative,主板,1990-1992,1236.0,全史负价（源侧缺陷）。OHLC 整体为负但列间比例自洽→疑似源历史段符号/量纲伪影，须回源确证
2026-09-23,000002,1991-06-03,-8.830,-8.830,-8.830,-8.830,,0.030,0.3400,225,275400.00,,AKSHARE,close_negative,主板,1990-1992,1224.0,全史负价（源侧缺陷）。OHLC 整体为负但列间比例自洽→疑似源历史段符号/量纲伪影，须回源确证
2026-09-23,000002,1991-06-04,-8.830,-8.830,-8.830,-8.830,,,,710,864780.00,,AKSHARE,close_negative,主板,1990-1992,1218.0,全史负价（源侧缺陷）。OHLC 整体为负但列间比例自洽→疑似源历史段符号/量纲伪影，须回源确证
2026-09-23,000002,1991-06-05,-8.830,-8.830,-8.830,-8.830,,,,1620,1963440.00,,AKSHARE,close_negative,主板,1990-1992,1212.0,全史负价（源侧缺陷）。OHLC 整体为负但列间比例自洽→疑似源历史段符号/量纲伪影，须回源确证
2026-09-23,000002,1991-06-08,-8.850,-8.850,-8.860,-8.850,,-0.020,-0.2300,2500,18900.00,,TENCENT,close_negative,主板,1990-1992,7.56,全史负价（源侧缺陷）。OHLC 整体为负但列间比例自洽→疑似源历史段符号/量纲伪影，须回源确证
2026-09-23,000002,1991-06-15,-8.860,-8.860,-8.870,-8.860,,,,40000,269500.00,,TENCENT,close_negative,主板,1990-1992,6.7375,全史负价（源侧缺陷）。OHLC 整体为负但列间比例自洽→疑似源历史段符号/量纲伪影，须回源确证
2026-09-23,000002,1991-06-22,-8.870,-8.870,-8.870,-8.870,,,,88500,570200.00,,TENCENT,close_negative,主板,1990-1992,6.4429,全史负价（源侧缺陷）。OHLC 整体为负但列间比例自洽→疑似源历史段符号/量纲伪影，须回源确证
2026-09-23,000002,1991-06-29,-8.870,-8.870,-8.870,-8.870,,,,69000,452500.00,,TENCENT,close_negative,主板,1990-1992,6.558,全史负价（源侧缺陷）。OHLC 整体为负但列间比例自洽→疑似源历史段符号/量纲伪影，须回源确证
2026-09-23,000002,1991-07-06,-8.870,-8.870,-8.880,-8.870,,,,91500,551100.00,,TENCENT,close_negative,主板,1990-1992,6.023,全史负价（源侧缺陷）。OHLC 整体为负但列间比例自洽→疑似源历史段符号/量纲伪影，须回源确证
2026-09-23,000002,1991-07-13,-8.890,-8.890,-8.890,-8.890,,,,95500,479000.00,,TENCENT,close_negative,主板,1990-1992,5.0157,全史负价（源侧缺陷）。OHLC 整体为负但列间比例自洽→疑似源历史段符号/量纲伪影，须回源确证
2026-09-23,000002,1991-07-20,-8.880,-8.880,-8.890,-8.880,,,,203000,1076600.00,,TENCENT,close_negative,主板,1990-1992,5.3034,全史负价（源侧缺陷）。OHLC 整体为负但列间比例自洽→疑似源历史段符号/量纲伪影，须回源确证
2026-09-23,000002,1991-07-27,-8.890,-8.890,-8.890,-8.890,,,,63000,325300.00,,TENCENT,close_negative,主板,1990-1992,5.1635,全史负价（源侧缺陷）。OHLC 整体为负但列间比例自洽→疑似源历史段符号/量纲伪影，须回源确证
2026-09-23,000002,1991-08-03,-8.890,-8.890,-8.890,-8.890,,,,48500,253600.00,,TENCENT,close_negative,主板,1990-1992,5.2289,全史负价（源侧缺陷）。OHLC 整体为负但列间比例自洽→疑似源历史段符号/量纲伪影，须回源确证
2026-09-23,000002,1991-08-17,-8.890,-8.890,-8.890,-8.890,,,,48000,240900.00,,TENCENT,close_negative,主板,1990-1992,5.0187,全史负价（源侧缺陷）。OHLC 整体为负但列间比例自洽→疑似源历史段符号/量纲伪影，须回源确证
2026-09-23,000002,1991-08-24,-8.890,-8.890,-8.890,-8.890,,,,65000,328400.00,,TENCENT,close_negative,主板,1990-1992,5.0523,全史负价（源侧缺陷）。OHLC 整体为负但列间比例自洽→疑似源历史段符号/量纲伪影，须回源确证
2026-09-23,000002,1991-08-31,-8.890,-8.890,-8.890,-8.890,,,,28000,137700.00,,TENCENT,close_negative,主板,1990-1992,4.9179,全史负价（源侧缺陷）。OHLC 整体为负但列间比例自洽→疑似源历史段符号/量纲伪影，须回源确证
2026-09-23,000002,1991-09-07,-8.900,-8.900,-8.900,-8.900,,,,125500,544100.00,,TENCENT,close_negative,主板,1990-1992,4.3355,全史负价（源侧缺陷）。OHLC 整体为负但列间比例自洽→疑似源历史段符号/量纲伪影，须回源确证
2026-09-23,000002,1991-09-14,-8.900,-8.890,-8.900,-8.900,,-0.010,-0.1100,47000,213300.00,,TENCENT,close_negative,主板,1990-1992,4.5383,全史负价（源侧缺陷）。OHLC 整体为负但列间比例自洽→疑似源历史段符号/量纲伪影，须回源确证
2026-09-23,000002,1991-09-21,-8.900,-8.900,-8.900,-8.900,,,,73500,327400.00,,TENCENT,close_negative,主板,1990-1992,4.4544,全史负价（源侧缺陷）。OHLC 整体为负但列间比例自洽→疑似源历史段符号/量纲伪影，须回源确证
2026-09-23,000002,1991-09-28,-8.890,-8.890,-8.900,-8.890,,0.010,0.1100,1237000,5522100.00,,TENCENT,close_negative,主板,1990-1992,4.4641,全史负价（源侧缺陷）。OHLC 整体为负但列间比例自洽→疑似源历史段符号/量纲伪影，须回源确证
2026-09-23,000002,1991-09-29,-8.890,-8.890,-8.890,-8.890,,,,115500,539700.00,,TENCENT,close_negative,主板,1990-1992,4.6727,全史负价（源侧缺陷）。OHLC 整体为负但列间比例自洽→疑似源历史段符号/量纲伪影，须回源确证
2026-09-23,000002,1991-10-05,-8.890,-8.890,-8.890,-8.890,,,,183500,894100.00,,TENCENT,close_negative,主板,1990-1992,4.8725,全史负价（源侧缺陷）。OHLC 整体为负但列间比例自洽→疑似源历史段符号/量纲伪影，须回源确证
2026-09-23,000002,1991-10-12,-8.850,-8.840,-8.850,-8.840,,0.010,0.1100,506000,4297400.00,,TENCENT,close_negative,主板,1990-1992,8.4929,全史负价（源侧缺陷）。OHLC 整体为负但列间比例自洽→疑似源历史段符号/量纲伪影，须回源确证
2026-09-23,000002,1991-10-19,-8.850,-8.850,-8.850,-8.850,,,,125500,991800.00,,TENCENT,close_negative,主板,1990-1992,7.9028,全史负价（源侧缺陷）。OHLC 整体为负但列间比例自洽→疑似源历史段符号/量纲伪影，须回源确证
2026-09-23,000002,1991-10-26,-8.850,-8.850,-8.850,-8.850,,,,237500,1873200.00,,TENCENT,close_negative,主板,1990-1992,7.8872,全史负价（源侧缺陷）。OHLC 整体为负但列间比例自洽→疑似源历史段符号/量纲伪影，须回源确证
2026-09-23,000002,1991-11-02,-8.820,-8.820,-8.830,-8.830,,-0.010,-0.1100,323000,3135400.00,,TENCENT,close_negative,主板,1990-1992,9.7071,全史负价（源侧缺陷）。OHLC 整体为负但列间比例自洽→疑似源历史段符号/量纲伪影，须回源确证
2026-09-23,000002,1991-11-09,-8.820,-8.800,-8.820,-8.810,,,,687000,7616900.00,,TENCENT,close_negative,主板,1990-1992,11.0872,全史负价（源侧缺陷）。OHLC 整体为负但列间比例自洽→疑似源历史段符号/量纲伪影，须回源确证
2026-09-23,000002,1991-11-16,-8.750,-8.750,-8.760,-8.750,,,,792000,11460800.00,,TENCENT,close_negative,主板,1990-1992,14.4707,全史负价（源侧缺陷）。OHLC 整体为负但列间比例自洽→疑似源历史段符号/量纲伪影，须回源确证
2026-09-23,000002,1991-11-23,-8.770,-8.770,-8.770,-8.770,,,,396000,5438300.00,,TENCENT,close_negative,主板,1990-1992,13.7331,全史负价（源侧缺陷）。OHLC 整体为负但列间比例自洽→疑似源历史段符号/量纲伪影，须回源确证
2026-09-23,000002,1991-11-30,-8.800,-8.800,-8.810,-8.810,,-0.010,-0.1100,273000,2975100.00,,TENCENT,close_negative,主板,1990-1992,10.8978,全史负价（源侧缺陷）。OHLC 整体为负但列间比例自洽→疑似源历史段符号/量纲伪影，须回源确证
2026-09-23,000002,1991-12-07,-8.800,-8.800,-8.810,-8.810,,-0.010,-0.1100,136500,1520400.00,,TENCENT,close_negative,主板,1990-1992,11.1385,全史负价（源侧缺陷）。OHLC 整体为负但列间比例自洽→疑似源历史段符号/量纲伪影，须回源确证
2026-09-23,000002,1991-12-14,-8.810,-8.800,-8.810,-8.810,,,,206000,2283600.00,,TENCENT,close_negative,主板,1990-1992,11.0854,全史负价（源侧缺陷）。OHLC 整体为负但列间比例自洽→疑似源历史段符号/量纲伪影，须回源确证
2026-09-23,000002,1991-12-20,-8.800,-8.800,-8.810,-8.800,,,,215500,2400700.00,,TENCENT,close_negative,主板,1990-1992,11.1401,全史负价（源侧缺陷）。OHLC 整体为负但列间比例自洽→疑似源历史段符号/量纲伪影，须回源确证
2026-09-23,000002,1991-12-21,-8.800,-8.800,-8.810,-8.800,,,,142500,1587300.00,,TENCENT,close_negative,主板,1990-1992,11.1389,全史负价（源侧缺陷）。OHLC 整体为负但列间比例自洽→疑似源历史段符号/量纲伪影，须回源确证
2026-09-23,000002,1991-12-28,-8.790,-8.790,-8.790,-8.790,,,,292500,3616900.00,,TENCENT,close_negative,主板,1990-1992,12.3655,全史负价（源侧缺陷）。OHLC 整体为负但列间比例自洽→疑似源历史段符号/量纲伪影，须回源确证
2026-09-23,000002,1992-02-02,-8.790,-8.790,-8.790,-8.790,,,,100500,1221000.00,,TENCENT,close_negative,主板,1990-1992,12.1493,全史负价（源侧缺陷）。OHLC 整体为负但列间比例自洽→疑似源历史段符号/量纲伪影，须回源确证
2026-09-23,000002,1992-02-03,-8.790,-8.790,-8.790,-8.790,,,,418,2530000.00,,AKSHARE,close_negative,主板,1990-1992,6052.6316,全史负价（源侧缺陷）。OHLC 整体为负但列间比例自洽→疑似源历史段符号/量纲伪影，须回源确证
2026-09-23,000002,1992-02-07,-8.790,-8.790,-8.790,-8.790,,,,201,1221000.00,,AKSHARE,close_negative,主板,1990-1992,6074.6269,全史负价（源侧缺陷）。OHLC 整体为负但列间比例自洽→疑似源历史段符号/量纲伪影，须回源确证
2026-09-23,000002,1992-04-18,-8.700,-8.700,-8.720,-8.710,,-0.010,-0.1100,1521,11423000.00,,AKSHARE,close_negative,主板,1990-1992,7510.1907,全史负价（源侧缺陷）。OHLC 整体为负但列间比例自洽→疑似源历史段符号/量纲伪影，须回源确证
2026-09-23,000002,1992-05-03,-8.670,-8.660,-8.670,-8.660,,0.020,0.2300,1130000,20121200.00,,TENCENT,close_negative,主板,1990-1992,17.8064,全史负价（源侧缺陷）。OHLC 整体为负但列间比例自洽→疑似源历史段符号/量纲伪影，须回源确证
2026-09-23,000002,1992-05-05,-8.660,-8.610,-8.660,-8.610,,0.050,0.5800,1206500,23153500.00,,TENCENT,close_negative,主板,1990-1992,19.1906,全史负价（源侧缺陷）。OHLC 整体为负但列间比例自洽→疑似源历史段符号/量纲伪影，须回源确证
2026-09-23,000002,1992-10-04,-8.530,-8.520,-8.530,-8.530,,,,311000,8119700.00,,TENCENT,close_negative,主板,1990-1992,26.1084,全史负价（源侧缺陷）。OHLC 整体为负但列间比例自洽→疑似源历史段符号/量纲伪影，须回源确证
2026-09-23,000002,1993-01-03,-8.370,-8.360,-8.370,-8.360,,0.010,0.1200,770,13900000.00,,AKSHARE,close_negative,主板,1993-1999,18051.9481,全史负价（源侧缺陷）。OHLC 整体为负但列间比例自洽→疑似源历史段符号/量纲伪影，须回源确证
2026-09-23,000002,1993-05-01,-8.440,-8.430,-8.460,-8.450,,-0.010,-0.1200,6785,13875326.00,,AKSHARE,close_negative,主板,1993-1999,2045.0001,全史负价（源侧缺陷）。OHLC 整体为负但列间比例自洽→疑似源历史段符号/量纲伪影，须回源确证
2026-09-23,000002,1993-05-02,-8.450,-8.440,-8.460,-8.450,,,,10295,21207700.00,,AKSHARE,close_negative,主板,1993-1999,2060.0,全史负价（源侧缺陷）。OHLC 整体为负但列间比例自洽→疑似源历史段符号/量纲伪影，须回源确证
2026-09-23,000002,1993-10-11,-8.570,-8.560,-8.580,-8.570,,,,4331,6821689.00,,AKSHARE,close_negative,主板,1993-1999,1575.084,全史负价（源侧缺陷）。OHLC 整体为负但列间比例自洽→疑似源历史段符号/量纲伪影，须回源确证
2026-09-23,000006,1992-05-03,-0.540,-0.510,-0.540,-0.510,,0.040,7.2700,104000,4261600.00,,TENCENT,close_negative,主板,1990-1992,40.9769,全史负价（源侧缺陷）。OHLC 整体为负但列间比例自洽→疑似源历史段符号/量纲伪影，须回源确证
2026-09-23,000006,1992-10-04,-0.250,-0.240,-0.250,-0.240,,0.010,4.0000,31000,1595200.00,,TENCENT,close_negative,主板,1990-1992,51.4581,全史负价（源侧缺陷）。OHLC 整体为负但列间比例自洽→疑似源历史段符号/量纲伪影，须回源确证
2026-09-23,000006,1993-01-03,-0.920,-0.890,-0.930,-0.900,,-0.010,-1.1200,14733,38458000.00,,AKSHARE,close_negative,主板,1993-1999,2610.3306,全史负价（源侧缺陷）。OHLC 整体为负但列间比例自洽→疑似源历史段符号/量纲伪影，须回源确证
2026-09-23,000006,1993-05-01,-0.580,-0.580,-0.600,-0.590,,-0.010,-1.7200,1335,5099700.00,,AKSHARE,close_negative,主板,1993-1999,3820.0,全史负价（源侧缺陷）。OHLC 整体为负但列间比例自洽→疑似源历史段符号/量纲伪影，须回源确证
2026-09-23,000006,1993-05-02,-0.600,-0.590,-0.600,-0.600,,-0.010,-1.6900,1735,6584325.00,,AKSHARE,close_negative,主板,1993-1999,3795.0,全史负价（源侧缺陷）。OHLC 整体为负但列间比例自洽→疑似源历史段符号/量纲伪影，须回源确证
2026-09-23,000006,1993-10-11,-0.690,-0.690,-0.700,-0.700,,-0.010,-1.4500,1233,2941205.25,,AKSHARE,close_negative,主板,1993-1999,2385.4057,全史负价（源侧缺陷）。OHLC 整体为负但列间比例自洽→疑似源历史段符号/量纲伪影，须回源确证
2026-09-23,000012,1992-05-03,-1.850,-1.840,-1.870,-1.870,,-0.010,-0.5400,296500,4468700.00,,TENCENT,close_negative,主板,1990-1992,15.0715,全史负价（源侧缺陷）。OHLC 整体为负但列间比例自洽→疑似源历史段符号/量纲伪影，须回源确证
2026-09-23,000012,1992-10-04,-1.530,-1.510,-1.540,-1.530,,0.010,0.6500,246000,5288900.00,,TENCENT,close_negative,主板,1990-1992,21.4996,全史负价（源侧缺陷）。OHLC 整体为负但列间比例自洽→疑似源历史段符号/量纲伪影，须回源确证
2026-09-23,000012,1993-01-03,-1.230,-1.210,-1.240,-1.210,,0.350,22.4400,995,13612000.00,,AKSHARE,close_negative,主板,1993-1999,13680.402,全史负价（源侧缺陷）。OHLC 整体为负但列间比例自洽→疑似源历史段符号/量纲伪影，须回源确证
2026-09-23,000012,1993-05-01,-1.100,-1.100,-1.140,-1.120,,-0.010,-0.9000,910,2666300.00,,AKSHARE,close_negative,主板,1993-1999,2930.0,全史负价（源侧缺陷）。OHLC 整体为负但列间比例自洽→疑似源历史段符号/量纲伪影，须回源确证
2026-09-23,000012,1993-05-02,-1.120,-1.090,-1.150,-1.110,,0.010,0.8900,1385,4085750.00,,AKSHARE,close_negative,主板,1993-1999,2950.0,全史负价（源侧缺陷）。OHLC 整体为负但列间比例自洽→疑似源历史段符号/量纲伪影，须回源确证
2026-09-23,000012,1993-06-10,-1.330,-1.310,-1.330,-1.320,,0.010,0.7500,3018,4934430.00,,AKSHARE,close_negative,主板,1993-1999,1635.0,全史负价（源侧缺陷）。OHLC 整体为负但列间比例自洽→疑似源历史段符号/量纲伪影，须回源确证
2026-09-23,000012,1993-06-11,-1.320,-1.320,-1.390,-1.360,,-0.040,-3.0300,2285,3621725.00,,AKSHARE,close_negative,主板,1993-1999,1585.0,全史负价（源侧缺陷）。OHLC 整体为负但列间比例自洽→疑似源历史段符号/量纲伪影，须回源确证
2026-09-23,000012,1993-06-14,-1.370,-1.370,-1.440,-1.400,,-0.040,-2.9400,2194,3378760.00,,AKSHARE,close_negative,主板,1993-1999,1540.0,全史负价（源侧缺陷）。OHLC 整体为负但列间比例自洽→疑似源历史段符号/量纲伪影，须回源确证
2026-09-23,000012,1993-06-15,-1.410,-1.380,-1.430,-1.400,,,,2362,3649290.00,,AKSHARE,close_negative,主板,1993-1999,1545.0,全史负价（源侧缺陷）。OHLC 整体为负但列间比例自洽→疑似源历史段符号/量纲伪影，须回源确证
2026-09-23,000012,1993-06-16,-1.390,-1.390,-1.430,-1.420,,-0.020,-1.4300,667,1013840.00,,AKSHARE,close_negative,主板,1993-1999,1520.0,全史负价（源侧缺陷）。OHLC 整体为负但列间比例自洽→疑似源历史段符号/量纲伪影，须回源确证
2026-09-23,000012,1993-06-17,-1.420,-1.420,-1.440,-1.420,,,,1302,1979040.00,,AKSHARE,close_negative,主板,1993-1999,1520.0,全史负价（源侧缺陷）。OHLC 整体为负但列间比例自洽→疑似源历史段符号/量纲伪影，须回源确证
2026-09-23,000012,1993-06-18,-1.420,-1.320,-1.420,-1.330,,0.090,6.3400,3570,5801250.00,,AKSHARE,close_negative,主板,1993-1999,1625.0,全史负价（源侧缺陷）。OHLC 整体为负但列间比例自洽→疑似源历史段符号/量纲伪影，须回源确证
2026-09-23,000012,1993-06-21,-1.310,-1.300,-1.390,-1.390,,-0.060,-4.5100,5867,9152520.00,,AKSHARE,close_negative,主板,1993-1999,1560.0,全史负价（源侧缺陷）。OHLC 整体为负但列间比例自洽→疑似源历史段符号/量纲伪影，须回源确证
2026-09-23,000012,1993-06-22,-1.390,-1.380,-1.400,-1.390,,,,2021,3152760.00,,AKSHARE,close_negative,主板,1993-1999,1560.0,全史负价（源侧缺陷）。OHLC 整体为负但列间比例自洽→疑似源历史段符号/量纲伪影，须回源确证
2026-09-23,000012,1993-10-11,-1.490,-1.490,-1.520,-1.520,,-0.030,-2.0100,1028,1465105.00,,AKSHARE,close_negative,主板,1993-1999,1425.1994,全史负价（源侧缺陷）。OHLC 整体为负但列间比例自洽→疑似源历史段符号/量纲伪影，须回源确证
2026-09-23,000026,1993-10-11,-0.680,-0.660,-0.700,-0.700,,-0.040,-6.0600,929,1279200.00,,AKSHARE,close_negative,主板,1993-1999,1376.9645,全史负价（源侧缺陷）。OHLC 整体为负但列间比例自洽→疑似源历史段符号/量纲伪影，须回源确证
2026-09-23,000027,1993-10-11,-1.670,-1.660,-1.680,-1.680,,-0.010,-0.6000,6421,6175527.00,,AKSHARE,close_negative,主板,1993-1999,961.7703,全史负价（源侧缺陷）。OHLC 整体为负但列间比例自洽→疑似源历史段符号/量纲伪影，须回源确证
2026-09-23,000028,1993-10-11,-2.140,-2.110,-2.180,-2.170,,-0.070,-3.3300,1315,1418524.75,,AKSHARE,close_negative,主板,1993-1999,1078.726,全史负价（源侧缺陷）。OHLC 整体为负但列间比例自洽→疑似源历史段符号/量纲伪影，须回源确证
2026-09-23,000517,1993-10-11,0.010,0.010,-0.020,-0.010,,-0.010,,579,644079.94,,AKSHARE,close_negative,主板,1993-1999,1112.4006,全史负价（源侧缺陷）。OHLC 整体为负但列间比例自洽→疑似源历史段符号/量纲伪影，须回源确证
2026-09-23,000531,1995-04-28,-2.040,-2.030,-2.100,-2.070,,,,3280,940683.00,,AKSHARE,close_negative,主板,1993-1999,286.7936,全史负价（源侧缺陷）。OHLC 整体为负但列间比例自洽→疑似源历史段符号/量纲伪影，须回源确证
2026-09-23,000539,1994-04-15,-1.840,-1.720,-1.860,-1.720,,0.080,4.4400,10134,6232475.00,,AKSHARE,close_negative,主板,1993-1999,615.0064,全史负价（源侧缺陷）。OHLC 整体为负但列间比例自洽→疑似源历史段符号/量纲伪影，须回源确证
2026-09-23,000539,1994-04-19,-1.850,-1.840,-1.890,-1.880,,-0.060,-3.3000,6232,3737780.25,,AKSHARE,close_negative,主板,1993-1999,599.7722,全史负价（源侧缺陷）。OHLC 整体为负但列间比例自洽→疑似源历史段符号/量纲伪影，须回源确证
2026-09-23,000539,1994-04-29,-1.890,-1.840,-1.920,-1.850,,0.010,0.5400,7407,4396284.00,,AKSHARE,close_negative,主板,1993-1999,593.531,全史负价（源侧缺陷）。OHLC 整体为负但列间比例自洽→疑似源历史段符号/量纲伪影，须回源确证
2026-09-23,000539,1994-05-03,-1.820,-1.740,-1.860,-1.780,,0.070,3.7800,13369,8331920.00,,AKSHARE,close_negative,主板,1993-1999,623.2269,全史负价（源侧缺陷）。OHLC 整体为负但列间比例自洽→疑似源历史段符号/量纲伪影，须回源确证
2026-09-23,000539,1994-05-04,-1.750,-1.700,-1.810,-1.800,,-0.020,-1.1200,31574,20399538.00,,AKSHARE,close_negative,主板,1993-1999,646.0866,全史负价（源侧缺陷）。OHLC 整体为负但列间比例自洽→疑似源历史段符号/量纲伪影，须回源确证
2026-09-23,000539,1994-05-05,-1.860,-1.840,-1.910,-1.870,,-0.070,-3.8900,9684,5787659.50,,AKSHARE,close_negative,主板,1993-1999,597.6517,全史负价（源侧缺陷）。OHLC 整体为负但列间比例自洽→疑似源历史段符号/量纲伪影，须回源确证
2026-09-23,000539,1994-05-06,-1.860,-1.820,-1.890,-1.860,,0.010,0.5300,7479,4454274.00,,AKSHARE,close_negative,主板,1993-1999,595.5708,全史负价（源侧缺陷）。OHLC 整体为负但列间比例自洽→疑似源历史段符号/量纲伪影，须回源确证
2026-09-23,000539,1994-06-14,-2.000,-2.000,-2.040,-2.010,,-0.020,-1.0100,2358,1281030.00,,AKSHARE,close_negative,主板,1993-1999,543.2697,全史负价（源侧缺陷）。OHLC 整体为负但列间比例自洽→疑似源历史段符号/量纲伪影，须回源确证
2026-09-23,000539,1994-08-26,-1.890,-1.890,-1.990,-1.920,,-0.080,-4.3500,13599,7897819.50,,AKSHARE,close_negative,主板,1993-1999,580.7647,全史负价（源侧缺陷）。OHLC 整体为负但列间比例自洽→疑似源历史段符号/量纲伪影，须回源确证
2026-09-23,000540,1995-04-28,-0.500,-0.500,-0.510,-0.500,,,,5057,2614090.00,,AKSHARE,close_negative,主板,1993-1999,516.9251,全史负价（源侧缺陷）。OHLC 整体为负但列间比例自洽→疑似源历史段符号/量纲伪影，须回源确证
2026-09-23,000543,1994-04-13,0.020,0.030,-0.020,,,-0.020,-100.0000,3089,1365295.00,,AKSHARE,close_null,主板,1993-1999,441.9861,close 为空
2026-09-23,000543,1994-04-14,-0.030,-0.020,-0.080,-0.080,,-0.080,,4408,1853045.00,,AKSHARE,close_negative,主板,1993-1999,420.3823,全史负价（源侧缺陷）。OHLC 整体为负但列间比例自洽→疑似源历史段符号/量纲伪影，须回源确证
2026-09-23,000543,1994-04-15,-0.110,-0.030,-0.160,-0.050,,0.030,37.5000,14268,5786674.50,,AKSHARE,close_negative,主板,1993-1999,405.5701,全史负价（源侧缺陷）。OHLC 整体为负但列间比例自洽→疑似源历史段符号/量纲伪影，须回源确证
2026-09-23,000543,1994-04-18,-0.060,-0.060,-0.160,-0.160,,-0.110,-220.0000,16351,6508205.00,,AKSHARE,close_negative,主板,1993-1999,398.031,全史负价（源侧缺陷）。OHLC 整体为负但列间比例自洽→疑似源历史段符号/量纲伪影，须回源确证
2026-09-23,000543,1994-04-19,-0.170,-0.160,-0.190,-0.190,,-0.030,-18.7500,10534,4035595.00,,AKSHARE,close_negative,主板,1993-1999,383.1019,全史负价（源侧缺陷）。OHLC 整体为负但列间比例自洽→疑似源历史段符号/量纲伪影，须回源确证
2026-09-23,000543,1994-04-20,-0.250,-0.210,-0.250,-0.240,,-0.050,-26.3200,12714,4681095.00,,AKSHARE,close_negative,主板,1993-1999,368.1843,全史负价（源侧缺陷）。OHLC 整体为负但列间比例自洽→疑似源历史段符号/量纲伪影，须回源确证
2026-09-23,000543,1994-04-21,-0.240,-0.170,-0.250,-0.170,,0.070,29.1700,18380,6939580.00,,AKSHARE,close_negative,主板,1993-1999,377.5615,全史负价（源侧缺陷）。OHLC 整体为负但列间比例自洽→疑似源历史段符号/量纲伪影，须回源确证
2026-09-23,000543,1994-04-22,-0.190,-0.170,-0.250,-0.240,,-0.070,-41.1800,15473,5728280.00,,AKSHARE,close_negative,主板,1993-1999,370.2113,全史负价（源侧缺陷）。OHLC 整体为负但列间比例自洽→疑似源历史段符号/量纲伪影，须回源确证
2026-09-23,000543,1994-04-25,-0.220,-0.190,-0.240,-0.220,,0.020,8.3300,2931,1080645.00,,AKSHARE,close_negative,主板,1993-1999,368.695,全史负价（源侧缺陷）。OHLC 整体为负但列间比例自洽→疑似源历史段符号/量纲伪影，须回源确证
2026-09-23,000543,1994-04-26,-0.220,-0.190,-0.240,-0.210,,0.010,4.5500,10572,3955445.00,,AKSHARE,close_negative,主板,1993-1999,374.1435,全史负价（源侧缺陷）。OHLC 整体为负但列间比例自洽→疑似源历史段符号/量纲伪影，须回源确证
2026-09-23,000543,1994-04-27,-0.190,-0.140,-0.200,-0.140,,0.070,33.3300,23214,9003578.00,,AKSHARE,close_negative,主板,1993-1999,387.8512,全史负价（源侧缺陷）。OHLC 整体为负但列间比例自洽→疑似源历史段符号/量纲伪影，须回源确证
2026-09-23,000543,1994-04-28,-0.130,-0.100,-0.220,-0.200,,-0.060,-42.8600,27196,10638878.00,,AKSHARE,close_negative,主板,1993-1999,391.1927,全史负价（源侧缺陷）。OHLC 整体为负但列间比例自洽→疑似源历史段符号/量纲伪影，须回源确证
2026-09-23,000543,1994-04-29,-0.220,-0.140,-0.220,-0.150,,0.050,25.0000,12843,4881429.00,,AKSHARE,close_negative,主板,1993-1999,380.0848,全史负价（源侧缺陷）。OHLC 整体为负但列间比例自洽→疑似源历史段符号/量纲伪影，须回源确证
2026-09-23,000543,1994-05-03,-0.190,-0.060,-0.190,-0.090,,0.060,40.0000,19349,7674696.00,,AKSHARE,close_negative,主板,1993-1999,396.6456,全史负价（源侧缺陷）。OHLC 整体为负但列间比例自洽→疑似源历史段符号/量纲伪影，须回源确证
2026-09-23,000543,1994-05-04,-0.050,0.090,-0.080,-0.080,,0.010,11.1100,36605,16133718.00,,AKSHARE,close_negative,主板,1993-1999,440.7518,全史负价（源侧缺陷）。OHLC 整体为负但列间比例自洽→疑似源历史段符号/量纲伪影，须回源确证
2026-09-23,000543,1994-05-05,-0.130,-0.030,-0.140,-0.080,,,,10506,4338761.50,,AKSHARE,close_negative,主板,1993-1999,412.9794,全史负价（源侧缺陷）。OHLC 整体为负但列间比例自洽→疑似源历史段符号/量纲伪影，须回源确证
2026-09-23,000543,1994-05-06,-0.060,-0.020,-0.130,-0.020,,0.060,75.0000,13554,5678658.00,,AKSHARE,close_negative,主板,1993-1999,418.9655,全史负价（源侧缺陷）。OHLC 整体为负但列间比例自洽→疑似源历史段符号/量纲伪影，须回源确证
2026-09-23,000543,1994-05-30,0.020,0.030,-0.120,-0.090,,-0.130,-325.0000,42529,17616778.00,,AKSHARE,close_negative,主板,1993-1999,414.2298,全史负价（源侧缺陷）。OHLC 整体为负但列间比例自洽→疑似源历史段符号/量纲伪影，须回源确证
2026-09-23,000543,1994-05-31,-0.100,-0.050,-0.100,-0.070,,0.020,22.2200,26238,11009932.00,,AKSHARE,close_negative,主板,1993-1999,419.6178,全史负价（源侧缺陷）。OHLC 整体为负但列间比例自洽→疑似源历史段符号/量纲伪影，须回源确证
2026-09-23,000543,1994-06-01,-0.070,-0.070,-0.130,-0.120,,-0.050,-71.4300,21151,8600438.00,,AKSHARE,close_negative,主板,1993-1999,406.6209,全史负价（源侧缺陷）。OHLC 整体为负但列间比例自洽→疑似源历史段符号/量纲伪影，须回源确证
2026-09-23,000543,1994-06-02,-0.130,-0.100,-0.130,-0.130,,-0.010,-8.3300,12147,4878335.50,,AKSHARE,close_negative,主板,1993-1999,401.6083,全史负价（源侧缺陷）。OHLC 整体为负但列间比例自洽→疑似源历史段符号/量纲伪影，须回源确证
2026-09-23,000543,1994-06-03,-0.110,-0.080,-0.120,-0.110,,0.020,15.3800,12984,5307631.50,,AKSHARE,close_negative,主板,1993-1999,408.7825,全史负价（源侧缺陷）。OHLC 整体为负但列间比例自洽→疑似源历史段符号/量纲伪影，须回源确证
2026-09-23,000543,1994-06-06,-0.120,-0.110,-0.130,-0.130,,-0.020,-18.1800,6118,2446950.25,,AKSHARE,close_negative,主板,1993-1999,399.9592,全史负价（源侧缺陷）。OHLC 整体为负但列间比例自洽→疑似源历史段符号/量纲伪影，须回源确证
2026-09-23,000543,1994-06-07,-0.140,-0.130,-0.140,-0.130,,,,2327,926924.00,,AKSHARE,close_negative,主板,1993-1999,398.3343,全史负价（源侧缺陷）。OHLC 整体为负但列间比例自洽→疑似源历史段符号/量纲伪影，须回源确证
2026-09-23,000543,1994-06-08,-0.150,-0.090,-0.150,-0.110,,0.020,15.3800,10044,4039370.00,,AKSHARE,close_negative,主板,1993-1999,402.1675,全史负价（源侧缺陷）。OHLC 整体为负但列间比例自洽→疑似源历史段符号/量纲伪影，须回源确证
2026-09-23,000543,1994-06-09,-0.110,-0.100,-0.130,-0.130,,-0.020,-18.1800,4635,1863525.00,,AKSHARE,close_negative,主板,1993-1999,402.055,全史负价（源侧缺陷）。OHLC 整体为负但列间比例自洽→疑似源历史段符号/量纲伪影，须回源确证
2026-09-23,000543,1994-06-10,-0.130,-0.120,-0.140,-0.140,,-0.010,-7.6900,6484,2577253.25,,AKSHARE,close_negative,主板,1993-1999,397.4789,全史负价（源侧缺陷）。OHLC 整体为负但列间比例自洽→疑似源历史段符号/量纲伪影，须回源确证
2026-09-23,000543,1994-06-13,-0.150,-0.130,-0.170,-0.170,,-0.030,-21.4300,7394,2885412.00,,AKSHARE,close_negative,主板,1993-1999,390.2369,全史负价（源侧缺陷）。OHLC 整体为负但列间比例自洽→疑似源历史段符号/量纲伪影，须回源确证
2026-09-23,000543,1994-06-14,-0.190,-0.180,-0.240,-0.220,,-0.050,-29.4100,7014,2615092.00,,AKSHARE,close_negative,主板,1993-1999,372.8389,全史负价（源侧缺陷）。OHLC 整体为负但列间比例自洽→疑似源历史段符号/量纲伪影，须回源确证
2026-09-23,000543,1994-06-15,-0.220,-0.190,-0.230,-0.210,,0.010,4.5500,3545,1322348.88,,AKSHARE,close_negative,主板,1993-1999,373.018,全史负价（源侧缺陷）。OHLC 整体为负但列间比例自洽→疑似源历史段符号/量纲伪影，须回源确证
2026-09-23,000543,1994-06-16,-0.210,-0.110,-0.230,-0.140,,0.070,33.3300,14750,5725005.00,,AKSHARE,close_negative,主板,1993-1999,388.1359,全史负价（源侧缺陷）。OHLC 整体为负但列间比例自洽→疑似源历史段符号/量纲伪影，须回源确证
2026-09-23,000543,1994-06-17,-0.130,-0.060,-0.170,-0.070,,0.070,50.0000,22542,9184455.00,,AKSHARE,close_negative,主板,1993-1999,407.4375,全史负价（源侧缺陷）。OHLC 整体为负但列间比例自洽→疑似源历史段符号/量纲伪影，须回源确证
2026-09-23,000543,1994-06-20,-0.140,-0.130,-0.200,-0.180,,-0.110,-157.1400,10211,3965502.75,,AKSHARE,close_negative,主板,1993-1999,388.356,全史负价（源侧缺陷）。OHLC 整体为负但列间比例自洽→疑似源历史段符号/量纲伪影，须回源确证
2026-09-23,000543,1994-06-21,-0.190,-0.180,-0.200,-0.190,,-0.010,-5.5600,6988,2655541.50,,AKSHARE,close_negative,主板,1993-1999,380.0145,全史负价（源侧缺陷）。OHLC 整体为负但列间比例自洽→疑似源历史段符号/量纲伪影，须回源确证
2026-09-23,000543,1994-06-22,-0.190,-0.140,-0.190,-0.180,,0.010,5.2600,6271,2433243.00,,AKSHARE,close_negative,主板,1993-1999,388.0151,全史负价（源侧缺陷）。OHLC 整体为负但列间比例自洽→疑似源历史段符号/量纲伪影，须回源确证
2026-09-23,000550,1993-12-28,-9.370,-9.290,-9.420,-9.370,,,,7886,6139906.50,,AKSHARE,close_negative,主板,1993-1999,778.5831,全史负价（源侧缺陷）。OHLC 整体为负但列间比例自洽→疑似源历史段符号/量纲伪影，须回源确证
2026-09-23,000550,2001-06-01,-6.650,-6.650,-6.870,-6.850,,,,10767,9509000.00,,AKSHARE,close_negative,主板,2000-2009,883.1615,全史负价（源侧缺陷）。OHLC 整体为负但列间比例自洽→疑似源历史段符号/量纲伪影，须回源确证
2026-09-23,000567,1994-05-27,-0.070,-0.060,-0.100,-0.090,,-0.030,-50.0000,12321,9423464.00,,AKSHARE,close_negative,主板,1993-1999,764.8295,全史负价（源侧缺陷）。OHLC 整体为负但列间比例自洽→疑似源历史段符号/量纲伪影，须回源确证
2026-09-23,000567,1994-06-09,-0.160,-0.160,-0.180,-0.170,,,,3058,2007955.00,,AKSHARE,close_negative,主板,1993-1999,656.6236,全史负价（源侧缺陷）。OHLC 整体为负但列间比例自洽→疑似源历史段符号/量纲伪影，须回源确证
2026-09-23,000596,2001-06-06,-11.930,-11.890,-12.150,-12.080,,-0.080,-0.6700,5102,11832000.00,,AKSHARE,close_negative,主板,2000-2009,2319.0906,全史负价（源侧缺陷）。OHLC 整体为负但列间比例自洽→疑似源历史段符号/量纲伪影，须回源确证
2026-09-23,001872,1993-05-05,-3.590,-3.590,-4.670,-4.570,,5.570,54.9300,15925,23827100.00,,AKSHARE,close_negative,主板,1993-1999,1496.2072,全史负价（源侧缺陷）。OHLC 整体为负但列间比例自洽→疑似源历史段符号/量纲伪影，须回源确证
2026-09-23,001872,1993-05-06,-4.570,-4.570,-4.910,-4.720,,-0.150,-3.2800,11255,15914775.00,,AKSHARE,close_negative,主板,1993-1999,1414.0182,全史负价（源侧缺陷）。OHLC 整体为负但列间比例自洽→疑似源历史段符号/量纲伪影，须回源确证
2026-09-23,001872,1993-05-07,-4.640,-4.470,-4.770,-4.520,,0.200,4.2400,11360,16455700.00,,AKSHARE,close_negative,主板,1993-1999,1448.5651,全史负价（源侧缺陷）。OHLC 整体为负但列间比例自洽→疑似源历史段符号/量纲伪影，须回源确证
2026-09-23,001872,1993-05-10,-4.500,-4.330,-4.500,-4.470,,0.050,1.1100,9595,14224350.00,,AKSHARE,close_negative,主板,1993-1999,1482.4752,全史负价（源侧缺陷）。OHLC 整体为负但列间比例自洽→疑似源历史段符号/量纲伪影，须回源确证
2026-09-23,001872,1993-05-11,-4.470,-4.470,-4.720,-4.570,,-0.100,-2.2400,6275,9002125.00,,AKSHARE,close_negative,主板,1993-1999,1434.6016,全史负价（源侧缺陷）。OHLC 整体为负但列间比例自洽→疑似源历史段符号/量纲伪影，须回源确证
2026-09-23,001872,1993-05-12,-4.570,-4.370,-4.620,-4.420,,0.150,3.2800,8995,13132825.00,,AKSHARE,close_negative,主板,1993-1999,1460.0139,全史负价（源侧缺陷）。OHLC 整体为负但列间比例自洽→疑似源历史段符号/量纲伪影，须回源确证
2026-09-23,001872,1993-05-13,-4.420,-4.330,-4.420,-4.350,,0.070,1.5800,10215,15265875.00,,AKSHARE,close_negative,主板,1993-1999,1494.4567,全史负价（源侧缺陷）。OHLC 整体为负但列间比例自洽→疑似源历史段符号/量纲伪影，须回源确证
2026-09-23,001872,1993-05-14,-4.330,-4.200,-4.350,-4.330,,0.020,0.4600,7535,11361325.00,,AKSHARE,close_negative,主板,1993-1999,1507.8069,全史负价（源侧缺陷）。OHLC 整体为负但列间比例自洽→疑似源历史段符号/量纲伪影，须回源确证
2026-09-23,001872,1993-05-17,-4.330,-4.300,-4.670,-4.620,,-0.290,-6.7000,4008,5859300.00,,AKSHARE,close_negative,主板,1993-1999,1461.9012,全史负价（源侧缺陷）。OHLC 整体为负但列间比例自洽→疑似源历史段符号/量纲伪影，须回源确证
2026-09-23,001872,1993-05-18,-4.570,-4.520,-4.720,-4.570,,0.050,1.0800,2973,4289220.00,,AKSHARE,close_negative,主板,1993-1999,1442.7245,全史负价（源侧缺陷）。OHLC 整体为负但列间比例自洽→疑似源历史段符号/量纲伪影，须回源确证
2026-09-23,001872,1993-05-19,-4.570,-4.570,-4.670,-4.620,,-0.050,-1.0900,2298,3304425.00,,AKSHARE,close_negative,主板,1993-1999,1437.9569,全史负价（源侧缺陷）。OHLC 整体为负但列间比例自洽→疑似源历史段符号/量纲伪影，须回源确证
2026-09-23,001872,1993-05-20,-4.620,-4.570,-4.720,-4.690,,-0.070,-1.5200,2822,4031590.00,,AKSHARE,close_negative,主板,1993-1999,1428.6286,全史负价（源侧缺陷）。OHLC 整体为负但列间比例自洽→疑似源历史段符号/量纲伪影，须回源确证
2026-09-23,001872,1993-05-21,-4.720,-4.720,-4.960,-4.810,,-0.120,-2.5600,3331,4651125.00,,AKSHARE,close_negative,主板,1993-1999,1396.3149,全史负价（源侧缺陷）。OHLC 整体为负但列间比例自洽→疑似源历史段符号/量纲伪影，须回源确证
2026-09-23,001872,1993-05-24,-4.890,-4.890,-5.400,-5.300,,-0.490,-10.1900,3129,4087335.00,,AKSHARE,close_negative,主板,1993-1999,1306.2752,全史负价（源侧缺陷）。OHLC 整体为负但列间比例自洽→疑似源历史段符号/量纲伪影，须回源确证
2026-09-23,001872,1993-05-25,-5.300,-5.130,-5.450,-5.130,,0.170,3.2100,3890,5035585.00,,AKSHARE,close_negative,主板,1993-1999,1294.4949,全史负价（源侧缺陷）。OHLC 整体为负但列间比例自洽→疑似源历史段符号/量纲伪影，须回源确证
2026-09-23,001872,1993-05-26,-5.130,-5.060,-5.300,-5.300,,-0.170,-3.3100,3266,4308660.00,,AKSHARE,close_negative,主板,1993-1999,1319.2468,全史负价（源侧缺陷）。OHLC 整体为负但列间比例自洽→疑似源历史段符号/量纲伪影，须回源确证
2026-09-23,001872,1993-05-27,-5.230,-5.230,-5.500,-5.350,,-0.050,-0.9400,2803,3619540.00,,AKSHARE,close_negative,主板,1993-1999,1291.3093,全史负价（源侧缺陷）。OHLC 整体为负但列间比例自洽→疑似源历史段符号/量纲伪影，须回源确证
2026-09-23,001872,1993-05-28,-5.300,-5.280,-5.430,-5.350,,,,2470,3185150.00,,AKSHARE,close_negative,主板,1993-1999,1289.5344,全史负价（源侧缺陷）。OHLC 整体为负但列间比例自洽→疑似源历史段符号/量纲伪影，须回源确证
2026-09-23,001872,1993-05-31,-5.300,-5.230,-5.400,-5.300,,0.050,0.9300,2628,3408450.00,,AKSHARE,close_negative,主板,1993-1999,1296.9749,全史负价（源侧缺陷）。OHLC 整体为负但列间比例自洽→疑似源历史段符号/量纲伪影，须回源确证
2026-09-23,001872,1993-06-01,-5.250,-5.230,-5.500,-5.430,,-0.130,-2.4500,2055,2641805.00,,AKSHARE,close_negative,主板,1993-1999,1285.5499,全史负价（源侧缺陷）。OHLC 整体为负但列间比例自洽→疑似源历史段符号/量纲伪影，须回源确证
2026-09-23,001872,1993-06-02,-5.380,-5.350,-5.500,-5.400,,0.030,0.5500,1786,2270715.00,,AKSHARE,close_negative,主板,1993-1999,1271.397,全史负价（源侧缺陷）。OHLC 整体为负但列间比例自洽→疑似源历史段符号/量纲伪影，须回源确证
2026-09-23,001872,1993-06-03,-5.330,-5.060,-5.330,-5.160,,0.240,4.4400,5008,6660640.00,,AKSHARE,close_negative,主板,1993-1999,1330.0,全史负价（源侧缺陷）。OHLC 整体为负但列间比例自洽→疑似源历史段符号/量纲伪影，须回源确证
2026-09-23,001872,1993-06-04,-5.160,-5.130,-5.300,-5.300,,-0.140,-2.7100,3125,4062500.00,,AKSHARE,close_negative,主板,1993-1999,1300.0,全史负价（源侧缺陷）。OHLC 整体为负但列间比例自洽→疑似源历史段符号/量纲伪影，须回源确证
2026-09-23,001872,1993-06-07,-5.280,-5.250,-5.450,-5.400,,-0.100,-1.8900,1540,1971200.00,,AKSHARE,close_negative,主板,1993-1999,1280.0,全史负价（源侧缺陷）。OHLC 整体为负但列间比例自洽→疑似源历史段符号/量纲伪影，须回源确证
2026-09-23,001872,1993-06-08,-5.400,-5.300,-5.550,-5.520,,-0.120,-2.2200,1204,1511020.00,,AKSHARE,close_negative,主板,1993-1999,1255.0,全史负价（源侧缺陷）。OHLC 整体为负但列间比例自洽→疑似源历史段符号/量纲伪影，须回源确证
2026-09-23,001872,1993-06-09,-5.550,-5.500,-5.770,-5.690,,-0.170,-3.0800,1698,2071560.00,,AKSHARE,close_negative,主板,1993-1999,1220.0,全史负价（源侧缺陷）。OHLC 整体为负但列间比例自洽→疑似源历史段符号/量纲伪影，须回源确证
2026-09-23,001872,1993-06-10,-5.690,-5.690,-5.790,-5.770,,-0.080,-1.4100,1487,1791835.00,,AKSHARE,close_negative,主板,1993-1999,1205.0,全史负价（源侧缺陷）。OHLC 整体为负但列间比例自洽→疑似源历史段符号/量纲伪影，须回源确证
2026-09-23,001872,1993-06-11,-5.790,-5.790,-5.940,-5.940,,-0.170,-2.9500,1820,2129400.00,,AKSHARE,close_negative,主板,1993-1999,1170.0,全史负价（源侧缺陷）。OHLC 整体为负但列间比例自洽→疑似源历史段符号/量纲伪影，须回源确证
2026-09-23,001872,1993-06-14,-5.940,-5.940,-6.330,-6.280,,-0.340,-5.7200,1742,1916200.00,,AKSHARE,close_negative,主板,1993-1999,1100.0,全史负价（源侧缺陷）。OHLC 整体为负但列间比例自洽→疑似源历史段符号/量纲伪影，须回源确证
2026-09-23,001872,1993-06-15,-6.280,-6.130,-6.450,-6.180,,0.100,1.5900,2028,2271360.00,,AKSHARE,close_negative,主板,1993-1999,1120.0,全史负价（源侧缺陷）。OHLC 整体为负但列间比例自洽→疑似源历史段符号/量纲伪影，须回源确证
2026-09-23,001872,1993-06-16,-6.130,-6.130,-6.330,-6.310,,-0.130,-2.1000,985,1078575.00,,AKSHARE,close_negative,主板,1993-1999,1095.0,全史负价（源侧缺陷）。OHLC 整体为负但列间比例自洽→疑似源历史段符号/量纲伪影，须回源确证
2026-09-23,001872,1993-06-17,-6.310,-6.310,-6.480,-6.380,,-0.070,-1.1100,1711,1847880.00,,AKSHARE,close_negative,主板,1993-1999,1080.0,全史负价（源侧缺陷）。OHLC 整体为负但列间比例自洽→疑似源历史段符号/量纲伪影，须回源确证
2026-09-23,001872,1993-06-18,-6.380,-5.910,-6.530,-5.960,,0.420,6.5800,2516,2931140.00,,AKSHARE,close_negative,主板,1993-1999,1165.0,全史负价（源侧缺陷）。OHLC 整体为负但列间比例自洽→疑似源历史段符号/量纲伪影，须回源确证
2026-09-23,001872,1993-06-21,-5.890,-5.790,-6.090,-6.090,,-0.130,-2.1800,3680,4195200.00,,AKSHARE,close_negative,主板,1993-1999,1140.0,全史负价（源侧缺陷）。OHLC 整体为负但列间比例自洽→疑似源历史段符号/量纲伪影，须回源确证
2026-09-23,001872,1993-06-22,-6.090,-6.040,-6.180,-6.130,,-0.040,-0.6600,1449,1637370.00,,AKSHARE,close_negative,主板,1993-1999,1130.0,全史负价（源侧缺陷）。OHLC 整体为负但列间比例自洽→疑似源历史段符号/量纲伪影，须回源确证
2026-09-23,001872,1993-06-23,-6.130,-5.940,-6.130,-5.960,,0.170,2.7700,1195,1392175.00,,AKSHARE,close_negative,主板,1993-1999,1165.0,全史负价（源侧缺陷）。OHLC 整体为负但列间比例自洽→疑似源历史段符号/量纲伪影，须回源确证
2026-09-23,001872,1993-06-24,-5.940,-5.790,-5.990,-5.870,,0.090,1.5100,2310,2737350.00,,AKSHARE,close_negative,主板,1993-1999,1185.0,全史负价（源侧缺陷）。OHLC 整体为负但列间比例自洽→疑似源历史段符号/量纲伪影，须回源确证
2026-09-23,001872,1993-06-25,-5.870,-5.820,-6.040,-6.010,,-0.140,-2.3900,1943,2244165.00,,AKSHARE,close_negative,主板,1993-1999,1155.0,全史负价（源侧缺陷）。OHLC 整体为负但列间比例自洽→疑似源历史段符号/量纲伪影，须回源确证
2026-09-23,001872,1993-06-28,-6.130,-6.040,-6.160,-6.060,,-0.050,-0.8300,1417,1622465.00,,AKSHARE,close_negative,主板,1993-1999,1145.0,全史负价（源侧缺陷）。OHLC 整体为负但列间比例自洽→疑似源历史段符号/量纲伪影，须回源确证
2026-09-23,001872,1993-06-29,-6.060,-5.990,-6.110,-6.040,,0.020,0.3300,1050,1207500.00,,AKSHARE,close_negative,主板,1993-1999,1150.0,全史负价（源侧缺陷）。OHLC 整体为负但列间比例自洽→疑似源历史段符号/量纲伪影，须回源确证
2026-09-23,001872,1993-06-30,-6.010,-6.010,-6.130,-6.110,,-0.070,-1.1600,1127,1279145.00,,AKSHARE,close_negative,主板,1993-1999,1135.0,全史负价（源侧缺陷）。OHLC 整体为负但列间比例自洽→疑似源历史段符号/量纲伪影，须回源确证
2026-09-23,001872,1993-07-01,-6.180,-6.180,-6.280,-6.230,,-0.120,-1.9600,1493,1657230.00,,AKSHARE,close_negative,主板,1993-1999,1110.0,全史负价（源侧缺陷）。OHLC 整体为负但列间比例自洽→疑似源历史段符号/量纲伪影，须回源确证
2026-09-23,001872,1993-07-02,-6.230,-5.940,-6.380,-5.940,,0.290,4.6500,2179,2549430.00,,AKSHARE,close_negative,主板,1993-1999,1170.0,全史负价（源侧缺陷）。OHLC 整体为负但列间比例自洽→疑似源历史段符号/量纲伪影，须回源确证
2026-09-23,001872,1993-07-05,-5.940,-5.400,-5.940,-5.890,,0.050,0.8400,3343,3944740.00,,AKSHARE,close_negative,主板,1993-1999,1180.0,全史负价（源侧缺陷）。OHLC 整体为负但列间比例自洽→疑似源历史段符号/量纲伪影，须回源确证
2026-09-23,001872,1993-07-06,-5.890,-5.890,-6.280,-6.160,,-0.270,-4.5800,3048,3429000.00,,AKSHARE,close_negative,主板,1993-1999,1125.0,全史负价（源侧缺陷）。OHLC 整体为负但列间比例自洽→疑似源历史段符号/量纲伪影，须回源确证
2026-09-23,001872,1993-07-07,-6.230,-6.040,-6.280,-6.130,,0.030,0.4900,2060,2327800.00,,AKSHARE,close_negative,主板,1993-1999,1130.0,全史负价（源侧缺陷）。OHLC 整体为负但列间比例自洽→疑似源历史段符号/量纲伪影，须回源确证
2026-09-23,001872,1993-07-08,-6.130,-6.090,-6.210,-6.160,,-0.030,-0.4900,1287,1447875.00,,AKSHARE,close_negative,主板,1993-1999,1125.0,全史负价（源侧缺陷）。OHLC 整体为负但列间比例自洽→疑似源历史段符号/量纲伪影，须回源确证
2026-09-23,001872,1993-07-09,-6.160,-6.160,-6.280,-6.280,,-0.120,-1.9500,1933,2126300.00,,AKSHARE,close_negative,主板,1993-1999,1100.0,全史负价（源侧缺陷）。OHLC 整体为负但列间比例自洽→疑似源历史段符号/量纲伪影，须回源确证
2026-09-23,001872,1993-07-12,-6.350,-6.350,-6.670,-6.550,,-0.270,-4.3000,2580,2696100.00,,AKSHARE,close_negative,主板,1993-1999,1045.0,全史负价（源侧缺陷）。OHLC 整体为负但列间比例自洽→疑似源历史段符号/量纲伪影，须回源确证
2026-09-23,001872,1993-07-13,-6.550,-6.550,-6.750,-6.620,,-0.070,-1.0700,1540,1586200.00,,AKSHARE,close_negative,主板,1993-1999,1030.0,全史负价（源侧缺陷）。OHLC 整体为负但列间比例自洽→疑似源历史段符号/量纲伪影，须回源确证
2026-09-23,001872,1993-07-14,-6.620,-6.570,-6.650,-6.600,,0.020,0.3000,1150,1190250.00,,AKSHARE,close_negative,主板,1993-1999,1035.0,全史负价（源侧缺陷）。OHLC 整体为负但列间比例自洽→疑似源历史段符号/量纲伪影，须回源确证
2026-09-23,001872,1993-07-15,-6.600,-6.600,-6.790,-6.790,,-0.190,-2.8800,1251,1257195.00,,AKSHARE,close_negative,主板,1993-1999,1004.952,全史负价（源侧缺陷）。OHLC 整体为负但列间比例自洽→疑似源历史段符号/量纲伪影，须回源确证
2026-09-23,001872,1993-07-16,-6.600,-6.600,-6.790,-6.790,,,,1251,1244745.00,,AKSHARE,close_negative,主板,1993-1999,995.0,全史负价（源侧缺陷）。OHLC 整体为负但列间比例自洽→疑似源历史段符号/量纲伪影，须回源确证
2026-09-23,001872,1993-07-19,-6.890,-6.870,-7.260,-7.160,,-0.370,-5.4500,1942,1786640.00,,AKSHARE,close_negative,主板,1993-1999,920.0,全史负价（源侧缺陷）。OHLC 整体为负但列间比例自洽→疑似源历史段符号/量纲伪影，须回源确证
2026-09-23,001872,1993-07-20,-7.160,-7.160,-7.650,-7.210,,-0.050,-0.7000,3376,3072160.25,,AKSHARE,close_negative,主板,1993-1999,910.0001,全史负价（源侧缺陷）。OHLC 整体为负但列间比例自洽→疑似源历史段符号/量纲伪影，须回源确证
2026-09-23,001872,1993-07-21,-7.140,-7.110,-7.750,-7.380,,-0.170,-2.3600,3506,3067750.00,,AKSHARE,close_negative,主板,1993-1999,875.0,全史负价（源侧缺陷）。OHLC 整体为负但列间比例自洽→疑似源历史段符号/量纲伪影，须回源确证
2026-09-23,001872,1993-07-22,-7.380,-7.190,-7.410,-7.190,,0.190,2.5700,1849,1691834.88,,AKSHARE,close_negative,主板,1993-1999,914.9999,全史负价（源侧缺陷）。OHLC 整体为负但列间比例自洽→疑似源历史段符号/量纲伪影，须回源确证
2026-09-23,001872,1993-07-23,-7.210,-7.020,-7.310,-7.060,,0.130,1.8100,2519,2367860.00,,AKSHARE,close_negative,主板,1993-1999,940.0,全史负价（源侧缺陷）。OHLC 整体为负但列间比例自洽→疑似源历史段符号/量纲伪影，须回源确证
2026-09-23,001872,1993-07-26,-6.990,-6.920,-7.160,-7.090,,-0.030,-0.4200,2058,1924230.12,,AKSHARE,close_negative,主板,1993-1999,935.0001,全史负价（源侧缺陷）。OHLC 整体为负但列间比例自洽→疑似源历史段符号/量纲伪影，须回源确证
2026-09-23,001872,1993-07-27,-7.080,-6.870,-7.160,-6.920,,0.170,2.4000,2551,2474470.00,,AKSHARE,close_negative,主板,1993-1999,970.0,全史负价（源侧缺陷）。OHLC 整体为负但列间比例自洽→疑似源历史段符号/量纲伪影，须回源确证
2026-09-23,001872,1993-07-28,-6.870,-6.650,-6.890,-6.770,,0.150,2.1700,4532,4532000.00,,AKSHARE,close_negative,主板,1993-1999,1000.0,全史负价（源侧缺陷）。OHLC 整体为负但列间比例自洽→疑似源历史段符号/量纲伪影，须回源确证
2026-09-23,001872,1993-07-29,-6.770,-6.770,-7.060,-6.770,,,,3277,3277000.00,,AKSHARE,close_negative,主板,1993-1999,1000.0,全史负价（源侧缺陷）。OHLC 整体为负但列间比例自洽→疑似源历史段符号/量纲伪影，须回源确证
2026-09-23,001872,1993-07-30,-6.700,-6.450,-6.700,-6.530,,0.240,3.5500,5613,5893650.00,,AKSHARE,close_negative,主板,1993-1999,1050.0,全史负价（源侧缺陷）。OHLC 整体为负但列间比例自洽→疑似源历史段符号/量纲伪影，须回源确证
2026-09-23,001872,1993-08-02,-6.480,-6.380,-6.670,-6.530,,,,4685,4919250.00,,AKSHARE,close_negative,主板,1993-1999,1050.0,全史负价（源侧缺陷）。OHLC 整体为负但列间比例自洽→疑似源历史段符号/量纲伪影，须回源确证
2026-09-23,001872,1993-08-03,-6.600,-6.430,-6.720,-6.650,,-0.120,-1.8400,3697,3789425.00,,AKSHARE,close_negative,主板,1993-1999,1025.0,全史负价（源侧缺陷）。OHLC 整体为负但列间比例自洽→疑似源历史段符号/量纲伪影，须回源确证
2026-09-23,001872,1993-08-04,-6.670,-6.550,-6.770,-6.600,,0.050,0.7500,2909,3010815.00,,AKSHARE,close_negative,主板,1993-1999,1035.0,全史负价（源侧缺陷）。OHLC 整体为负但列间比例自洽→疑似源历史段符号/量纲伪影，须回源确证
2026-09-23,001872,1993-08-05,-6.530,-6.480,-6.670,-6.480,,0.120,1.8200,3890,4123400.25,,AKSHARE,close_negative,主板,1993-1999,1060.0001,全史负价（源侧缺陷）。OHLC 整体为负但列间比例自洽→疑似源历史段符号/量纲伪影，须回源确证
2026-09-23,001872,1993-08-06,-6.480,-6.480,-6.670,-6.600,,-0.120,-1.8500,2475,2574850.25,,AKSHARE,close_negative,主板,1993-1999,1040.3435,全史负价（源侧缺陷）。OHLC 整体为负但列间比例自洽→疑似源历史段符号/量纲伪影，须回源确证
2026-09-23,001872,1993-08-09,-6.570,-6.180,-6.620,-6.260,,0.340,5.1500,6586,7104563.50,,AKSHARE,close_negative,主板,1993-1999,1078.7372,全史负价（源侧缺陷）。OHLC 整体为负但列间比例自洽→疑似源历史段符号/量纲伪影，须回源确证
2026-09-23,001872,1993-08-10,-6.180,-6.040,-6.230,-6.180,,0.080,1.2800,8118,9176096.00,,AKSHARE,close_negative,主板,1993-1999,1130.3395,全史负价（源侧缺陷）。OHLC 整体为负但列间比例自洽→疑似源历史段符号/量纲伪影，须回源确证
2026-09-23,001872,1993-08-11,-6.180,-5.890,-6.260,-5.910,,0.270,4.3700,7770,8818784.00,,AKSHARE,close_negative,主板,1993-1999,1134.9786,全史负价（源侧缺陷）。OHLC 整体为负但列间比例自洽→疑似源历史段符号/量纲伪影，须回源确证
2026-09-23,001872,1993-08-12,-5.870,-5.840,-6.040,-5.840,,0.070,1.1800,12547,14708267.00,,AKSHARE,close_negative,主板,1993-1999,1172.2537,全史负价（源侧缺陷）。OHLC 整体为负但列间比例自洽→疑似源历史段符号/量纲伪影，须回源确证
2026-09-23,001872,1993-08-13,-5.790,-5.690,-5.890,-5.720,,0.120,2.0500,13428,16184483.00,,AKSHARE,close_negative,主板,1993-1999,1205.2787,全史负价（源侧缺陷）。OHLC 整体为负但列间比例自洽→疑似源历史段符号/量纲伪影，须回源确证
2026-09-23,001872,1993-08-16,-5.650,-4.940,-5.650,-5.030,,0.690,12.0600,14133,18629268.00,,AKSHARE,close_negative,主板,1993-1999,1318.1397,全史负价（源侧缺陷）。OHLC 整体为负但列间比例自洽→疑似源历史段符号/量纲伪影，须回源确证
2026-09-23,001872,1993-08-17,-4.840,-4.590,-6.040,-5.740,,-0.710,-14.1200,13099,17655432.00,,AKSHARE,close_negative,主板,1993-1999,1347.8458,全史负价（源侧缺陷）。OHLC 整体为负但列间比例自洽→疑似源历史段符号/量纲伪影，须回源确证
2026-09-23,001872,1993-08-18,-5.820,-5.300,-6.040,-5.740,,,,11337,13862745.00,,AKSHARE,close_negative,主板,1993-1999,1222.7878,全史负价（源侧缺陷）。OHLC 整体为负但列间比例自洽→疑似源历史段符号/量纲伪影，须回源确证
2026-09-23,001872,1993-08-19,-5.690,-5.620,-6.180,-5.940,,-0.200,-3.4800,6372,7473407.00,,AKSHARE,close_negative,主板,1993-1999,1172.8511,全史负价（源侧缺陷）。OHLC 整体为负但列间比例自洽→疑似源历史段符号/量纲伪影，须回源确证
2026-09-23,001872,1993-08-20,-5.990,-5.990,-6.280,-6.230,,-0.290,-4.8800,5497,6139000.00,,AKSHARE,close_negative,主板,1993-1999,1116.791,全史负价（源侧缺陷）。OHLC 整体为负但列间比例自洽→疑似源历史段符号/量纲伪影，须回源确证
2026-09-23,001872,1993-08-23,-6.280,-6.280,-6.770,-6.670,,-0.440,-7.0600,5040,5271834.50,,AKSHARE,close_negative,主板,1993-1999,1045.9989,全史负价（源侧缺陷）。OHLC 整体为负但列间比例自洽→疑似源历史段符号/量纲伪影，须回源确证
2026-09-23,001872,1993-08-24,-6.750,-5.870,-6.870,-5.940,,0.730,10.9400,8008,8787981.00,,AKSHARE,close_negative,主板,1993-1999,1097.4002,全史负价（源侧缺陷）。OHLC 整体为负但列间比例自洽→疑似源历史段符号/量纲伪影，须回源确证
2026-09-23,001872,1993-08-25,-5.940,-5.940,-6.280,-6.230,,-0.290,-4.8800,8632,9793301.00,,AKSHARE,close_negative,主板,1993-1999,1134.5344,全史负价（源侧缺陷）。OHLC 整体为负但列间比例自洽→疑似源历史段符号/量纲伪影，须回源确证
2026-09-23,001872,1993-08-26,-6.280,-6.040,-6.280,-6.230,,,,3759,4216565.50,,AKSHARE,close_negative,主板,1993-1999,1121.7253,全史负价（源侧缺陷）。OHLC 整体为负但列间比例自洽→疑似源历史段符号/量纲伪影，须回源确证
2026-09-23,001872,1993-08-27,-6.280,-6.060,-6.450,-6.380,,-0.150,-2.4100,3686,4009979.25,,AKSHARE,close_negative,主板,1993-1999,1087.8945,全史负价（源侧缺陷）。OHLC 整体为负但列间比例自洽→疑似源历史段符号/量纲伪影，须回源确证
2026-09-23,001872,1993-08-30,-6.450,-6.180,-6.550,-6.280,,0.100,1.5700,3089,3351759.25,,AKSHARE,close_negative,主板,1993-1999,1085.0629,全史负价（源侧缺陷）。OHLC 整体为负但列间比例自洽→疑似源历史段符号/量纲伪影，须回源确证
2026-09-23,001872,1993-08-31,-6.230,-6.180,-6.280,-6.280,,,,3653,4059119.25,,AKSHARE,close_negative,主板,1993-1999,1111.1742,全史负价（源侧缺陷）。OHLC 整体为负但列间比例自洽→疑似源历史段符号/量纲伪影，须回源确证
2026-09-23,001872,1993-09-01,-6.280,-6.180,-6.430,-6.430,,-0.150,-2.3900,2505,2709094.75,,AKSHARE,close_negative,主板,1993-1999,1081.475,全史负价（源侧缺陷）。OHLC 整体为负但列间比例自洽→疑似源历史段符号/量纲伪影，须回源确证
2026-09-23,001872,1993-09-02,-6.530,-6.380,-6.670,-6.500,,-0.070,-1.0900,2128,2239185.00,,AKSHARE,close_negative,主板,1993-1999,1052.2486,全史负价（源侧缺陷）。OHLC 整体为负但列间比例自洽→疑似源历史段符号/量纲伪影，须回源确证
2026-09-23,001872,1993-09-03,-6.500,-6.330,-6.530,-6.330,,0.170,2.6200,2118,2271780.75,,AKSHARE,close_negative,主板,1993-1999,1072.6066,全史负价（源侧缺陷）。OHLC 整体为负但列间比例自洽→疑似源历史段符号/量纲伪影，须回源确证
2026-09-23,001872,1993-09-06,-6.280,-6.230,-6.430,-6.430,,-0.100,-1.5800,2402,2605994.50,,AKSHARE,close_negative,主板,1993-1999,1084.9269,全史负价（源侧缺陷）。OHLC 整体为负但列间比例自洽→疑似源历史段符号/量纲伪影，须回源确证
2026-09-23,001872,1993-09-07,-6.430,-6.330,-6.480,-6.450,,-0.020,-0.3100,1473,1573549.88,,AKSHARE,close_negative,主板,1993-1999,1068.262,全史负价（源侧缺陷）。OHLC 整体为负但列间比例自洽→疑似源历史段符号/量纲伪影，须回源确证
2026-09-23,001872,1993-09-08,-6.480,-6.380,-6.530,-6.500,,-0.050,-0.7800,1470,1553350.00,,AKSHARE,close_negative,主板,1993-1999,1056.7007,全史负价（源侧缺陷）。OHLC 整体为负但列间比例自洽→疑似源历史段符号/量纲伪影，须回源确证
2026-09-23,001872,1993-09-09,-6.500,-6.480,-6.570,-6.480,,0.020,0.3100,1403,1480410.38,,AKSHARE,close_negative,主板,1993-1999,1055.1749,全史负价（源侧缺陷）。OHLC 整体为负但列间比例自洽→疑似源历史段符号/量纲伪影，须回源确证
2026-09-23,001872,1993-09-10,-6.530,-6.450,-6.650,-6.600,,-0.120,-1.8500,2052,2134924.50,,AKSHARE,close_negative,主板,1993-1999,1040.4115,全史负价（源侧缺陷）。OHLC 整体为负但列间比例自洽→疑似源历史段符号/量纲伪影，须回源确证
2026-09-23,001872,1993-09-13,-6.670,-6.670,-6.820,-6.790,,-0.190,-2.8800,2473,2477050.25,,AKSHARE,close_negative,主板,1993-1999,1001.6378,全史负价（源侧缺陷）。OHLC 整体为负但列间比例自洽→疑似源历史段符号/量纲伪影，须回源确证
2026-09-23,001872,1993-09-14,-6.870,-6.570,-6.870,-6.750,,0.040,0.5900,1565,1573544.38,,AKSHARE,close_negative,主板,1993-1999,1005.4597,全史负价（源侧缺陷）。OHLC 整体为负但列间比例自洽→疑似源历史段符号/量纲伪影，须回源确证
2026-09-23,001872,1993-09-15,-6.720,-6.720,-6.870,-6.840,,-0.090,-1.3300,1487,1481089.88,,AKSHARE,close_negative,主板,1993-1999,996.0255,全史负价（源侧缺陷）。OHLC 整体为负但列间比例自洽→疑似源历史段符号/量纲伪影，须回源确证
2026-09-23,001872,1993-09-16,-6.840,-6.770,-6.940,-6.920,,-0.080,-1.1700,1706,1672730.00,,AKSHARE,close_negative,主板,1993-1999,980.4982,全史负价（源侧缺陷）。OHLC 整体为负但列间比例自洽→疑似源历史段符号/量纲伪影，须回源确证
2026-09-23,001872,1993-09-20,-6.990,-6.550,-7.060,-6.600,,0.320,4.6200,4527,4512695.00,,AKSHARE,close_negative,主板,1993-1999,996.8401,全史负价（源侧缺陷）。OHLC 整体为负但列间比例自洽→疑似源历史段符号/量纲伪影，须回源确证
2026-09-23,001872,1993-09-21,-6.620,-6.350,-6.770,-6.620,,-0.020,-0.3000,5458,5676797.00,,AKSHARE,close_negative,主板,1993-1999,1040.0874,全史负价（源侧缺陷）。OHLC 整体为负但列间比例自洽→疑似源历史段符号/量纲伪影，须回源确证
2026-09-23,001872,1993-09-22,-6.650,-6.570,-6.700,-6.570,,0.050,0.7600,2261,2335714.75,,AKSHARE,close_negative,主板,1993-1999,1033.045,全史负价（源侧缺陷）。OHLC 整体为负但列间比例自洽→疑似源历史段符号/量纲伪影，须回源确证
2026-09-23,001872,1993-09-23,-6.570,-6.450,-6.600,-6.600,,-0.030,-0.4600,3268,3437045.75,,AKSHARE,close_negative,主板,1993-1999,1051.7276,全史负价（源侧缺陷）。OHLC 整体为负但列间比例自洽→疑似源历史段符号/量纲伪影，须回源确证
2026-09-23,001872,1993-09-24,-6.720,-6.720,-7.260,-6.840,,-0.240,-3.6400,3310,3247249.25,,AKSHARE,close_negative,主板,1993-1999,981.0421,全史负价（源侧缺陷）。OHLC 整体为负但列间比例自洽→疑似源历史段符号/量纲伪影，须回源确证
2026-09-23,001872,1993-09-27,-6.870,-6.770,-6.870,-6.840,,,,737,728564.94,,AKSHARE,close_negative,主板,1993-1999,988.5549,全史负价（源侧缺陷）。OHLC 整体为负但列间比例自洽→疑似源历史段符号/量纲伪影，须回源确证
2026-09-23,001872,1993-09-28,-6.840,-6.770,-6.840,-6.790,,0.050,0.7300,951,943275.00,,AKSHARE,close_negative,主板,1993-1999,991.877,全史负价（源侧缺陷）。OHLC 整体为负但列间比例自洽→疑似源历史段符号/量纲伪影，须回源确证
2026-09-23,001872,1993-09-29,-6.790,-6.550,-6.790,-6.620,,0.170,2.5000,2091,2138644.75,,AKSHARE,close_negative,主板,1993-1999,1022.7856,全史负价（源侧缺陷）。OHLC 整体为负但列间比例自洽→疑似源历史段符号/量纲伪影，须回源确证
2026-09-23,001872,1993-09-30,-6.670,-6.530,-6.720,-6.650,,-0.030,-0.4500,2109,2165125.00,,AKSHARE,close_negative,主板,1993-1999,1026.6121,全史负价（源侧缺陷）。OHLC 整体为负但列间比例自洽→疑似源历史段符号/量纲伪影，须回源确证
2026-09-23,001872,1993-10-04,-6.650,-6.500,-6.650,-6.530,,0.120,1.8000,2671,2775189.75,,AKSHARE,close_negative,主板,1993-1999,1039.0078,全史负价（源侧缺陷）。OHLC 整体为负但列间比例自洽→疑似源历史段符号/量纲伪影，须回源确证
2026-09-23,001872,1993-10-05,-6.530,-6.330,-6.620,-6.570,,-0.040,-0.6100,5819,6193870.00,,AKSHARE,close_negative,主板,1993-1999,1064.4217,全史负价（源侧缺陷）。OHLC 整体为负但列间比例自洽→疑似源历史段符号/量纲伪影，须回源确证
2026-09-23,001872,1993-10-06,-6.600,-6.530,-6.700,-6.650,,-0.080,-1.2200,1795,1848444.88,,AKSHARE,close_negative,主板,1993-1999,1029.7743,全史负价（源侧缺陷）。OHLC 整体为负但列间比例自洽→疑似源历史段符号/量纲伪影，须回源确证
2026-09-23,001872,1993-10-07,-6.650,-6.500,-6.670,-6.650,,,,1810,1863144.88,,AKSHARE,close_negative,主板,1993-1999,1029.3618,全史负价（源侧缺陷）。OHLC 整体为负但列间比例自洽→疑似源历史段符号/量纲伪影，须回源确证
2026-09-23,001872,1993-10-08,-6.650,-6.600,-6.720,-6.720,,-0.070,-1.0500,1552,1576600.00,,AKSHARE,close_negative,主板,1993-1999,1015.8505,全史负价（源侧缺陷）。OHLC 整体为负但列间比例自洽→疑似源历史段符号/量纲伪影，须回源确证
2026-09-23,001872,1993-10-11,-6.720,-6.700,-6.790,-6.770,,-0.050,-0.7400,2109,2109750.00,,AKSHARE,close_negative,主板,1993-1999,1000.3556,全史负价（源侧缺陷）。OHLC 整体为负但列间比例自洽→疑似源历史段符号/量纲伪影，须回源确证
2026-09-23,001872,1993-10-12,-6.770,-6.700,-6.790,-6.750,,0.020,0.3000,2044,2048299.75,,AKSHARE,close_negative,主板,1993-1999,1002.1036,全史负价（源侧缺陷）。OHLC 整体为负但列间比例自洽→疑似源历史段符号/量纲伪影，须回源确证
2026-09-23,001872,1993-10-13,-6.750,-6.720,-6.840,-6.820,,-0.070,-1.0400,1823,1809034.88,,AKSHARE,close_negative,主板,1993-1999,992.3395,全史负价（源侧缺陷）。OHLC 整体为负但列间比例自洽→疑似源历史段符号/量纲伪影，须回源确证
2026-09-23,001872,1993-10-14,-6.820,-6.820,-6.870,-6.820,,,,1754,1723175.00,,AKSHARE,close_negative,主板,1993-1999,982.4259,全史负价（源侧缺陷）。OHLC 整体为负但列间比例自洽→疑似源历史段符号/量纲伪影，须回源确证
2026-09-23,001872,1993-10-15,-6.820,-6.750,-6.870,-6.790,,0.030,0.4400,1819,1808085.88,,AKSHARE,close_negative,主板,1993-1999,993.9999,全史负价（源侧缺陷）。OHLC 整体为负但列间比例自洽→疑似源历史段符号/量纲伪影，须回源确证
2026-09-23,001872,1993-10-18,-6.770,-6.770,-7.020,-6.990,,-0.200,-2.9500,2419,2322240.00,,AKSHARE,close_negative,主板,1993-1999,960.0,全史负价（源侧缺陷）。OHLC 整体为负但列间比例自洽→疑似源历史段符号/量纲伪影，须回源确证
2026-09-23,001872,1993-10-19,-7.040,-6.890,-7.040,-7.020,,-0.030,-0.4300,1472,1404288.00,,AKSHARE,close_negative,主板,1993-1999,954.0,全史负价（源侧缺陷）。OHLC 整体为负但列间比例自洽→疑似源历史段符号/量纲伪影，须回源确证
2026-09-23,001872,1993-10-20,-7.020,-6.970,-7.040,-7.020,,,,1396,1327596.00,,AKSHARE,close_negative,主板,1993-1999,951.0,全史负价（源侧缺陷）。OHLC 整体为负但列间比例自洽→疑似源历史段符号/量纲伪影，须回源确证
2026-09-23,001872,1993-10-21,-7.020,-7.020,-7.090,-7.060,,-0.040,-0.5700,1416,1329624.00,,AKSHARE,close_negative,主板,1993-1999,939.0,全史负价（源侧缺陷）。OHLC 整体为负但列间比例自洽→疑似源历史段符号/量纲伪影，须回源确证
2026-09-23,001872,1993-10-22,-7.060,-7.060,-7.160,-7.060,,,,1899,1758474.00,,AKSHARE,close_negative,主板,1993-1999,926.0,全史负价（源侧缺陷）。OHLC 整体为负但列间比例自洽→疑似源历史段符号/量纲伪影，须回源确证
2026-09-23,001872,1993-10-25,-7.160,-7.160,-7.260,-7.210,,-0.150,-2.1200,1838,1672580.12,,AKSHARE,close_negative,主板,1993-1999,910.0001,全史负价（源侧缺陷）。OHLC 整体为负但列间比例自洽→疑似源历史段符号/量纲伪影，须回源确证
2026-09-23,001872,1993-10-26,-7.260,-7.210,-7.380,-7.210,,,,1054,937006.06,,AKSHARE,close_negative,主板,1993-1999,889.0001,全史负价（源侧缺陷）。OHLC 整体为负但列间比例自洽→疑似源历史段符号/量纲伪影，须回源确证
2026-09-23,001872,1993-10-27,-7.160,-7.140,-7.330,-7.210,,,,2872,2592979.50,,AKSHARE,close_negative,主板,1993-1999,902.848,全史负价（源侧缺陷）。OHLC 整体为负但列间比例自洽→疑似源历史段符号/量纲伪影，须回源确证
2026-09-23,001872,1993-10-28,-7.260,-7.140,-7.310,-7.140,,0.070,0.9700,2049,1863499.88,,AKSHARE,close_negative,主板,1993-1999,909.468,全史负价（源侧缺陷）。OHLC 整体为负但列间比例自洽→疑似源历史段符号/量纲伪影，须回源确证
2026-09-23,001872,1993-10-29,-7.060,-7.060,-7.260,-7.260,,-0.120,-1.6800,2350,2158425.00,,AKSHARE,close_negative,主板,1993-1999,918.4787,全史负价（源侧缺陷）。OHLC 整体为负但列间比例自洽→疑似源历史段符号/量纲伪影，须回源确证
2026-09-23,001872,1993-11-01,-7.260,-7.260,-7.360,-7.360,,-0.100,-1.3800,946,839725.31,,AKSHARE,close_negative,主板,1993-1999,887.6589,全史负价（源侧缺陷）。OHLC 整体为负但列间比例自洽→疑似源历史段符号/量纲伪影，须回源确证
2026-09-23,001872,1993-11-02,-7.360,-7.280,-7.410,-7.360,,,,1175,1034020.06,,AKSHARE,close_negative,主板,1993-1999,880.0171,全史负价（源侧缺陷）。OHLC 整体为负但列间比例自洽→疑似源历史段符号/量纲伪影，须回源确证
2026-09-23,001872,1993-11-03,-7.360,-7.310,-7.410,-7.380,,-0.020,-0.2700,1114,981249.94,,AKSHARE,close_negative,主板,1993-1999,880.8348,全史负价（源侧缺陷）。OHLC 整体为负但列间比例自洽→疑似源历史段符号/量纲伪影，须回源确证
2026-09-23,001872,1993-11-04,-7.380,-7.380,-7.500,-7.460,,-0.080,-1.0800,719,617329.94,,AKSHARE,close_negative,主板,1993-1999,858.5952,全史负价（源侧缺陷）。OHLC 整体为负但列间比例自洽→疑似源历史段符号/量纲伪影，须回源确证
2026-09-23,001872,1993-11-05,-7.460,-7.410,-7.480,-7.430,,0.030,0.4000,935,804190.00,,AKSHARE,close_negative,主板,1993-1999,860.0963,全史负价（源侧缺陷）。OHLC 整体为负但列间比例自洽→疑似源历史段符号/量纲伪影，须回源确证
2026-09-23,001872,1993-11-08,-7.360,-7.210,-7.500,-7.280,,0.150,2.0200,2926,2590919.50,,AKSHARE,close_negative,主板,1993-1999,885.4817,全史负价（源侧缺陷）。OHLC 整体为负但列间比例自洽→疑似源历史段符号/量纲伪影，须回源确证
2026-09-23,001872,1993-11-09,-7.360,-7.310,-7.460,-7.460,,-0.180,-2.4700,1498,1306990.25,,AKSHARE,close_negative,主板,1993-1999,872.4902,全史负价（源侧缺陷）。OHLC 整体为负但列间比例自洽→疑似源历史段符号/量纲伪影，须回源确证
2026-09-23,001872,1993-11-10,-7.460,-7.110,-7.460,-7.190,,0.270,3.6200,6665,6057786.00,,AKSHARE,close_negative,主板,1993-1999,908.8951,全史负价（源侧缺陷）。OHLC 整体为负但列间比例自洽→疑似源历史段符号/量纲伪影，须回源确证
2026-09-23,001872,1993-11-11,-7.110,-6.620,-7.110,-6.620,,0.570,7.9300,13449,13005928.00,,AKSHARE,close_negative,主板,1993-1999,967.0554,全史负价（源侧缺陷）。OHLC 整体为负但列间比例自洽→疑似源历史段符号/量纲伪影，须回源确证
2026-09-23,001872,1993-11-12,-6.620,-6.530,-6.820,-6.550,,0.070,1.0600,16437,16677452.00,,AKSHARE,close_negative,主板,1993-1999,1014.6287,全史负价（源侧缺陷）。OHLC 整体为负但列间比例自洽→疑似源历史段符号/量纲伪影，须回源确证
2026-09-23,001872,1993-11-15,-6.480,-6.350,-6.550,-6.450,,0.100,1.5300,17125,18245354.00,,AKSHARE,close_negative,主板,1993-1999,1065.4221,全史负价（源侧缺陷）。OHLC 整体为负但列间比例自洽→疑似源历史段符号/量纲伪影，须回源确证
2026-09-23,001872,1993-11-16,-6.530,-6.530,-6.770,-6.700,,-0.250,-3.8800,8390,8571694.00,,AKSHARE,close_negative,主板,1993-1999,1021.656,全史负价（源侧缺陷）。OHLC 整体为负但列间比例自洽→疑似源历史段符号/量纲伪影，须回源确证
2026-09-23,001872,1993-11-17,-6.770,-6.530,-6.770,-6.700,,,,6946,7058979.00,,AKSHARE,close_negative,主板,1993-1999,1016.2653,全史负价（源侧缺陷）。OHLC 整体为负但列间比例自洽→疑似源历史段符号/量纲伪影，须回源确证
2026-09-23,001872,1993-11-18,-6.720,-6.530,-6.790,-6.700,,,,8821,9038821.00,,AKSHARE,close_negative,主板,1993-1999,1024.6935,全史负价（源侧缺陷）。OHLC 整体为负但列间比例自洽→疑似源历史段符号/量纲伪影，须回源确证
2026-09-23,001872,1993-11-19,-6.700,-6.600,-6.770,-6.720,,-0.020,-0.3000,5773,5823694.50,,AKSHARE,close_negative,主板,1993-1999,1008.7813,全史负价（源侧缺陷）。OHLC 整体为负但列间比例自洽→疑似源历史段符号/量纲伪影，须回源确证
2026-09-23,001872,1993-11-22,-6.650,-6.600,-6.720,-6.700,,0.020,0.3000,9350,9548263.00,,AKSHARE,close_negative,主板,1993-1999,1021.2046,全史负价（源侧缺陷）。OHLC 整体为负但列间比例自洽→疑似源历史段符号/量纲伪影，须回源确证
2026-09-23,001872,1993-11-23,-6.720,-6.670,-6.920,-6.890,,-0.190,-2.8400,4399,4390870.00,,AKSHARE,close_negative,主板,1993-1999,998.1519,全史负价（源侧缺陷）。OHLC 整体为负但列间比例自洽→疑似源历史段符号/量纲伪影，须回源确证
2026-09-23,001872,1993-11-24,-6.970,-6.790,-7.110,-6.870,,0.020,0.2900,8866,8531566.00,,AKSHARE,close_negative,主板,1993-1999,962.279,全史负价（源侧缺陷）。OHLC 整体为负但列间比例自洽→疑似源历史段符号/量纲伪影，须回源确证
2026-09-23,001872,1993-11-25,-6.840,-6.670,-7.020,-6.720,,0.150,2.1800,7802,7774489.00,,AKSHARE,close_negative,主板,1993-1999,996.4739,全史负价（源侧缺陷）。OHLC 整体为负但列间比例自洽→疑似源历史段符号/量纲伪影，须回源确证
2026-09-23,001872,1993-11-26,-6.700,-6.700,-6.920,-6.840,,-0.120,-1.7900,3658,3621980.50,,AKSHARE,close_negative,主板,1993-1999,990.1532,全史负价（源侧缺陷）。OHLC 整体为负但列间比例自洽→疑似源历史段符号/量纲伪影，须回源确证
2026-09-23,001872,1993-11-29,-6.920,-6.620,-7.020,-6.770,,0.070,1.0200,8462,8429669.00,,AKSHARE,close_negative,主板,1993-1999,996.1793,全史负价（源侧缺陷）。OHLC 整体为负但列间比例自洽→疑似源历史段符号/量纲伪影，须回源确证
2026-09-23,001872,1993-11-30,-6.770,-6.770,-6.870,-6.870,,-0.100,-1.4800,2303,2283440.50,,AKSHARE,close_negative,主板,1993-1999,991.5069,全史负价（源侧缺陷）。OHLC 整体为负但列间比例自洽→疑似源历史段符号/量纲伪影，须回源确证
2026-09-23,001872,1993-12-01,-6.920,-6.920,-7.040,-7.020,,-0.150,-2.1800,2568,2450230.25,,AKSHARE,close_negative,主板,1993-1999,954.1395,全史负价（源侧缺陷）。OHLC 整体为负但列间比例自洽→疑似源历史段符号/量纲伪影，须回源确证
2026-09-23,001872,1993-12-02,-7.090,-6.970,-7.110,-7.040,,-0.020,-0.2800,2598,2440799.75,,AKSHARE,close_negative,主板,1993-1999,939.4918,全史负价（源侧缺陷）。OHLC 整体为负但列间比例自洽→疑似源历史段符号/量纲伪影，须回源确证
2026-09-23,001872,1993-12-03,-7.090,-7.020,-7.260,-7.190,,-0.150,-2.1300,3999,3672981.00,,AKSHARE,close_negative,主板,1993-1999,918.4749,全史负价（源侧缺陷）。OHLC 整体为负但列间比例自洽→疑似源历史段符号/量纲伪影，须回源确证
2026-09-23,001872,1993-12-06,-7.190,-7.110,-7.240,-7.190,,,,3358,3055044.75,,AKSHARE,close_negative,主板,1993-1999,909.781,全史负价（源侧缺陷）。OHLC 整体为负但列间比例自洽→疑似源历史段符号/量纲伪影，须回源确证
2026-09-23,001872,1993-12-07,-7.140,-7.110,-7.260,-7.260,,-0.070,-0.9700,2759,2520520.00,,AKSHARE,close_negative,主板,1993-1999,913.5629,全史负价（源侧缺陷）。OHLC 整体为负但列间比例自洽→疑似源历史段符号/量纲伪影，须回源确证
2026-09-23,001872,1993-12-08,-7.260,-7.260,-7.360,-7.280,,-0.020,-0.2800,1825,1620344.88,,AKSHARE,close_negative,主板,1993-1999,887.8602,全史负价（源侧缺陷）。OHLC 整体为负但列间比例自洽→疑似源历史段符号/量纲伪影，须回源确证
2026-09-23,001872,1993-12-09,-7.280,-7.240,-7.330,-7.330,,-0.050,-0.6900,1527,1362555.12,,AKSHARE,close_negative,主板,1993-1999,892.3085,全史负价（源侧缺陷）。OHLC 整体为负但列间比例自洽→疑似源历史段符号/量纲伪影，须回源确证
2026-09-23,001872,1993-12-10,-7.360,-7.090,-7.360,-7.090,,0.240,3.2700,4306,3945280.25,,AKSHARE,close_negative,主板,1993-1999,916.2286,全史负价（源侧缺陷）。OHLC 整体为负但列间比例自洽→疑似源历史段符号/量纲伪影，须回源确证
2026-09-23,001872,1993-12-13,-7.040,-6.940,-7.330,-7.330,,-0.240,-3.3900,5907,5477255.50,,AKSHARE,close_negative,主板,1993-1999,927.2483,全史负价（源侧缺陷）。OHLC 整体为负但列间比例自洽→疑似源历史段符号/量纲伪影，须回源确证
2026-09-23,001872,1993-12-14,-7.310,-7.060,-7.310,-7.280,,0.050,0.6800,1722,1553744.50,,AKSHARE,close_negative,主板,1993-1999,902.2907,全史负价（源侧缺陷）。OHLC 整体为负但列间比例自洽→疑似源历史段符号/量纲伪影，须回源确证
2026-09-23,001872,1993-12-15,-7.280,-7.210,-7.330,-7.210,,0.070,0.9600,1612,1436185.00,,AKSHARE,close_negative,主板,1993-1999,890.9336,全史负价（源侧缺陷）。OHLC 整体为负但列间比例自洽→疑似源历史段符号/量纲伪影，须回源确证
2026-09-23,001872,1993-12-16,-7.190,-7.160,-7.310,-7.310,,-0.100,-1.3900,1718,1537540.12,,AKSHARE,close_negative,主板,1993-1999,894.9593,全史负价（源侧缺陷）。OHLC 整体为负但列间比例自洽→疑似源历史段符号/量纲伪影，须回源确证
2026-09-23,001872,1993-12-17,-7.310,-7.310,-7.460,-7.380,,-0.070,-0.9600,2643,2308844.50,,AKSHARE,close_negative,主板,1993-1999,873.5696,全史负价（源侧缺陷）。OHLC 整体为负但列间比例自洽→疑似源历史段符号/量纲伪影，须回源确证
2026-09-23,001872,1993-12-20,-7.460,-7.460,-7.770,-7.680,,-0.300,-4.0700,4408,3593834.25,,AKSHARE,close_negative,主板,1993-1999,815.2982,全史负价（源侧缺陷）。OHLC 整体为负但列间比例自洽→疑似源历史段符号/量纲伪影，须回源确证
2026-09-23,001872,1993-12-21,-7.680,-7.500,-7.750,-7.530,,0.150,1.9500,4021,3301485.75,,AKSHARE,close_negative,主板,1993-1999,821.0609,全史负价（源侧缺陷）。OHLC 整体为负但列间比例自洽→疑似源历史段符号/量纲伪影，须回源确证
2026-09-23,001872,1993-12-22,-7.480,-7.460,-7.630,-7.630,,-0.100,-1.3300,1767,1479974.38,,AKSHARE,close_negative,主板,1993-1999,837.5633,全史负价（源侧缺陷）。OHLC 整体为负但列间比例自洽→疑似源历史段符号/量纲伪影，须回源确证
2026-09-23,001872,1993-12-23,-7.630,-7.600,-7.750,-7.750,,-0.120,-1.5700,1780,1444559.88,,AKSHARE,close_negative,主板,1993-1999,811.5505,全史负价（源侧缺陷）。OHLC 整体为负但列间比例自洽→疑似源历史段符号/量纲伪影，须回源确证
2026-09-23,001872,1993-12-24,-7.750,-7.550,-7.770,-7.580,,0.170,2.1900,1881,1532105.25,,AKSHARE,close_negative,主板,1993-1999,814.5163,全史负价（源侧缺陷）。OHLC 整体为负但列间比例自洽→疑似源历史段符号/量纲伪影，须回源确证
2026-09-23,001872,1993-12-27,-7.550,-7.500,-7.700,-7.700,,-0.120,-1.5800,1482,1216525.00,,AKSHARE,close_negative,主板,1993-1999,820.8671,全史负价（源侧缺陷）。OHLC 整体为负但列间比例自洽→疑似源历史段符号/量纲伪影，须回源确证
2026-09-23,001872,1993-12-28,-7.700,-7.650,-7.720,-7.720,,-0.020,-0.2600,792,642745.06,,AKSHARE,close_negative,主板,1993-1999,811.5468,全史负价（源侧缺陷）。OHLC 整体为负但列间比例自洽→疑似源历史段符号/量纲伪影，须回源确证
2026-09-23,001872,1993-12-29,-7.720,-7.700,-7.800,-7.800,,-0.080,-1.0400,777,620955.12,,AKSHARE,close_negative,主板,1993-1999,799.17,全史负价（源侧缺陷）。OHLC 整体为负但列间比例自洽→疑似源历史段符号/量纲伪影，须回源确证
2026-09-23,001872,1993-12-30,-7.750,-7.650,-7.750,-7.700,,0.100,1.2800,1390,1121244.75,,AKSHARE,close_negative,主板,1993-1999,806.6509,全史负价（源侧缺陷）。OHLC 整体为负但列间比例自洽→疑似源历史段符号/量纲伪影，须回源确证
2026-09-23,001872,1993-12-31,-7.700,-7.500,-7.720,-7.700,,,,1653,1356995.12,,AKSHARE,close_negative,主板,1993-1999,820.9287,全史负价（源侧缺陷）。OHLC 整体为负但列间比例自洽→疑似源历史段符号/量纲伪影，须回源确证
2026-09-23,001872,1994-01-03,-7.700,-7.680,-7.800,-7.800,,-0.100,-1.3000,774,615015.00,,AKSHARE,close_negative,主板,1993-1999,794.593,全史负价（源侧缺陷）。OHLC 整体为负但列间比例自洽→疑似源历史段符号/量纲伪影，须回源确证
2026-09-23,001872,1994-01-04,-7.800,-7.770,-7.900,-7.850,,-0.050,-0.6400,937,733920.00,,AKSHARE,close_negative,主板,1993-1999,783.2657,全史负价（源侧缺陷）。OHLC 整体为负但列间比例自洽→疑似源历史段符号/量纲伪影，须回源确证
2026-09-23,001872,1994-01-05,-7.850,-7.850,-8.020,-7.900,,-0.050,-0.6400,1271,959755.06,,AKSHARE,close_negative,主板,1993-1999,755.1181,全史负价（源侧缺陷）。OHLC 整体为负但列间比例自洽→疑似源历史段符号/量纲伪影，须回源确证
2026-09-23,001872,1994-01-06,-7.870,-7.700,-7.990,-7.700,,0.200,2.5300,2671,2099720.75,,AKSHARE,close_negative,主板,1993-1999,786.1178,全史负价（源侧缺陷）。OHLC 整体为负但列间比例自洽→疑似源历史段符号/量纲伪影，须回源确证
2026-09-23,001872,1994-01-07,-7.700,-7.680,-7.850,-7.720,,-0.020,-0.2600,2895,2319685.00,,AKSHARE,close_negative,主板,1993-1999,801.2729,全史负价（源侧缺陷）。OHLC 整体为负但列间比例自洽→疑似源历史段符号/量纲伪影，须回源确证
2026-09-23,001872,1994-01-10,-7.720,-7.580,-7.770,-7.630,,0.090,1.1700,4074,3346871.00,,AKSHARE,close_negative,主板,1993-1999,821.5196,全史负价（源侧缺陷）。OHLC 整体为负但列间比例自洽→疑似源历史段符号/量纲伪影，须回源确证
2026-09-23,001872,1994-01-11,-7.700,-7.630,-7.750,-7.750,,-0.120,-1.5700,1387,1127160.00,,AKSHARE,close_negative,主板,1993-1999,812.6604,全史负价（源侧缺陷）。OHLC 整体为负但列间比例自洽→疑似源历史段符号/量纲伪影，须回源确证
2026-09-23,001872,1994-01-12,-7.750,-7.700,-7.770,-7.750,,,,777,621955.19,,AKSHARE,close_negative,主板,1993-1999,800.4571,全史负价（源侧缺陷）。OHLC 整体为负但列间比例自洽→疑似源历史段符号/量纲伪影，须回源确证
2026-09-23,001872,1994-01-13,-7.750,-7.750,-7.850,-7.800,,-0.050,-0.6500,777,614502.81,,AKSHARE,close_negative,主板,1993-1999,790.8659,全史负价（源侧缺陷）。OHLC 整体为负但列间比例自洽→疑似源历史段符号/量纲伪影，须回源确证
2026-09-23,001872,1994-01-14,-7.800,-7.720,-7.940,-7.920,,-0.120,-1.5400,1417,1095920.25,,AKSHARE,close_negative,主板,1993-1999,773.4088,全史负价（源侧缺陷）。OHLC 整体为负但列间比例自洽→疑似源历史段符号/量纲伪影，须回源确证
2026-09-23,001872,1994-01-17,-7.920,-7.870,-7.990,-7.990,,-0.070,-0.8800,1009,760610.06,,AKSHARE,close_negative,主板,1993-1999,753.8256,全史负价（源侧缺陷）。OHLC 整体为负但列间比例自洽→疑似源历史段符号/量纲伪影，须回源确证
2026-09-23,001872,1994-01-18,-7.990,-7.870,-8.090,-7.900,,0.090,1.1300,1155,857634.75,,AKSHARE,close_negative,主板,1993-1999,742.5409,全史负价（源侧缺陷）。OHLC 整体为负但列间比例自洽→疑似源历史段符号/量纲伪影，须回源确证
2026-09-23,001872,1994-01-19,-8.040,-7.940,-8.090,-8.070,,-0.170,-2.1500,1726,1272050.12,,AKSHARE,close_negative,主板,1993-1999,736.9931,全史负价（源侧缺陷）。OHLC 整体为负但列间比例自洽→疑似源历史段符号/量纲伪影，须回源确证
2026-09-23,001872,1994-01-20,-8.090,-8.020,-8.190,-8.090,,-0.020,-0.2500,1102,800420.00,,AKSHARE,close_negative,主板,1993-1999,726.3339,全史负价（源侧缺陷）。OHLC 整体为负但列间比例自洽→疑似源历史段符号/量纲伪影，须回源确证
2026-09-23,001872,1994-01-21,-8.140,-8.070,-8.190,-8.120,,-0.030,-0.3700,1040,756865.00,,AKSHARE,close_negative,主板,1993-1999,727.7548,全史负价（源侧缺陷）。OHLC 整体为负但列间比例自洽→疑似源历史段符号/量纲伪影，须回源确证
2026-09-23,001872,1994-01-24,-8.140,-7.990,-8.160,-8.120,,,,1291,937580.12,,AKSHARE,close_negative,主板,1993-1999,726.2433,全史负价（源侧缺陷）。OHLC 整体为负但列间比例自洽→疑似源历史段符号/量纲伪影，须回源确证
2026-09-23,001872,1994-01-25,-8.120,-8.120,-8.240,-8.240,,-0.120,-1.4800,777,556685.00,,AKSHARE,close_negative,主板,1993-1999,716.4543,全史负价（源侧缺陷）。OHLC 整体为负但列间比例自洽→疑似源历史段符号/量纲伪影，须回源确证
2026-09-23,001872,1994-01-26,-8.260,-8.210,-8.290,-8.240,,,,940,654740.00,,AKSHARE,close_negative,主板,1993-1999,696.5319,全史负价（源侧缺陷）。OHLC 整体为负但列间比例自洽→疑似源历史段符号/量纲伪影，须回源确证
2026-09-23,001872,1994-01-27,-8.240,-8.210,-8.360,-8.210,,0.030,0.3600,1378,951740.06,,AKSHARE,close_negative,主板,1993-1999,690.6677,全史负价（源侧缺陷）。OHLC 整体为负但列间比例自洽→疑似源历史段符号/量纲伪影，须回源确证
2026-09-23,001872,1994-01-28,-8.210,-8.160,-8.340,-8.310,,-0.100,-1.2200,1119,779804.94,,AKSHARE,close_negative,主板,1993-1999,696.8766,全史负价（源侧缺陷）。OHLC 整体为负但列间比例自洽→疑似源历史段符号/量纲伪影，须回源确证
2026-09-23,001872,1994-01-31,-8.340,-8.340,-8.530,-8.480,,-0.170,-2.0500,1389,913100.00,,AKSHARE,close_negative,主板,1993-1999,657.3794,全史负价（源侧缺陷）。OHLC 整体为负但列间比例自洽→疑似源历史段符号/量纲伪影，须回源确证
2026-09-23,001872,1994-02-01,-8.530,-8.380,-8.560,-8.430,,0.050,0.5900,1681,1102859.62,,AKSHARE,close_negative,主板,1993-1999,656.0735,全史负价（源侧缺陷）。OHLC 整体为负但列间比例自洽→疑似源历史段符号/量纲伪影，须回源确证
2026-09-23,001872,1994-02-02,-8.430,-8.360,-8.430,-8.360,,0.070,0.8300,1263,842855.00,,AKSHARE,close_negative,主板,1993-1999,667.3436,全史负价（源侧缺陷）。OHLC 整体为负但列间比例自洽→疑似源历史段符号/量纲伪影，须回源确证
2026-09-23,001872,1994-02-03,-8.340,-7.750,-8.340,-7.770,,0.590,7.0600,6147,4514285.50,,AKSHARE,close_negative,主板,1993-1999,734.3884,全史负价（源侧缺陷）。OHLC 整体为负但列间比例自洽→疑似源历史段符号/量纲伪影，须回源确证
2026-09-23,001872,1994-02-04,-7.750,-7.600,-7.920,-7.600,,0.170,2.1900,11112,9033000.00,,AKSHARE,close_negative,主板,1993-1999,812.905,全史负价（源侧缺陷）。OHLC 整体为负但列间比例自洽→疑似源历史段符号/量纲伪影，须回源确证
2026-09-23,001872,1994-02-14,-7.580,-7.580,-8.040,-8.040,,-0.440,-5.7900,5130,3962835.25,,AKSHARE,close_negative,主板,1993-1999,772.4825,全史负价（源侧缺陷）。OHLC 整体为负但列间比例自洽→疑似源历史段符号/量纲伪影，须回源确证
2026-09-23,001872,1994-02-15,-8.090,-7.940,-8.190,-8.070,,-0.030,-0.3700,2381,1728095.25,,AKSHARE,close_negative,主板,1993-1999,725.7855,全史负价（源侧缺陷）。OHLC 整体为负但列间比例自洽→疑似源历史段符号/量纲伪影，须回源确证
2026-09-23,001872,1994-02-16,-8.040,-7.920,-8.120,-8.090,,-0.020,-0.2500,2143,1593994.88,,AKSHARE,close_negative,主板,1993-1999,743.8147,全史负价（源侧缺陷）。OHLC 整体为负但列间比例自洽→疑似源历史段符号/量纲伪影，须回源确证
2026-09-23,001872,1994-02-17,-8.120,-8.070,-8.160,-8.160,,-0.070,-0.8700,1532,1105720.00,,AKSHARE,close_negative,主板,1993-1999,721.7493,全史负价（源侧缺陷）。OHLC 整体为负但列间比例自洽→疑似源历史段符号/量纲伪影，须回源确证
2026-09-23,001872,1994-02-18,-8.160,-8.090,-8.210,-8.140,,0.020,0.2500,1003,720675.00,,AKSHARE,close_negative,主板,1993-1999,718.5194,全史负价（源侧缺陷）。OHLC 整体为负但列间比例自洽→疑似源历史段符号/量纲伪影，须回源确证
2026-09-23,001872,1994-02-21,-8.120,-8.090,-8.240,-8.240,,-0.100,-1.2300,1062,749200.00,,AKSHARE,close_negative,主板,1993-1999,705.4614,全史负价（源侧缺陷）。OHLC 整体为负但列间比例自洽→疑似源历史段符号/量纲伪影，须回源确证
2026-09-23,001872,1994-02-22,-8.190,-7.820,-8.190,-8.040,,0.200,2.4300,4480,3361925.00,,AKSHARE,close_negative,主板,1993-1999,750.4297,全史负价（源侧缺陷）。OHLC 整体为负但列间比例自洽→疑似源历史段符号/量纲伪影，须回源确证
2026-09-23,001872,1994-02-23,-7.990,-7.940,-8.120,-8.040,,,,1993,1475550.25,,AKSHARE,close_negative,主板,1993-1999,740.3664,全史负价（源侧缺陷）。OHLC 整体为负但列间比例自洽→疑似源历史段符号/量纲伪影，须回源确证
2026-09-23,001872,1994-02-24,-7.970,-7.820,-8.020,-7.850,,0.190,2.3600,3752,2862995.50,,AKSHARE,close_negative,主板,1993-1999,763.0585,全史负价（源侧缺陷）。OHLC 整体为负但列间比例自洽→疑似源历史段符号/量纲伪影，须回源确证
2026-09-23,001872,1994-02-25,-7.800,-7.750,-7.940,-7.900,,-0.050,-0.6400,7500,5862249.50,,AKSHARE,close_negative,主板,1993-1999,781.6333,全史负价（源侧缺陷）。OHLC 整体为负但列间比例自洽→疑似源历史段符号/量纲伪影，须回源确证
2026-09-23,001872,1994-02-28,-7.920,-7.920,-8.020,-8.020,,-0.120,-1.5200,1864,1409494.88,,AKSHARE,close_negative,主板,1993-1999,756.1668,全史负价（源侧缺陷）。OHLC 整体为负但列间比例自洽→疑似源历史段符号/量纲伪影，须回源确证
2026-09-23,001872,1994-03-01,-8.020,-7.920,-8.070,-8.020,,,,1498,1120340.12,,AKSHARE,close_negative,主板,1993-1999,747.8906,全史负价（源侧缺陷）。OHLC 整体为负但列间比例自洽→疑似源历史段符号/量纲伪影，须回源确证
2026-09-23,001872,1994-03-02,-8.020,-7.970,-8.070,-8.070,,-0.050,-0.6200,1242,919339.81,,AKSHARE,close_negative,主板,1993-1999,740.2092,全史负价（源侧缺陷）。OHLC 整体为负但列间比例自洽→疑似源历史段符号/量纲伪影，须回源确证
2026-09-23,001872,1994-03-03,-8.040,-8.020,-8.190,-8.120,,-0.050,-0.6200,2170,1568340.00,,AKSHARE,close_negative,主板,1993-1999,722.7373,全史负价（源侧缺陷）。OHLC 整体为负但列间比例自洽→疑似源历史段符号/量纲伪影，须回源确证
2026-09-23,001872,1994-03-04,-8.240,-8.140,-8.480,-8.190,,-0.070,-0.8600,2031,1428695.12,,AKSHARE,close_negative,主板,1993-1999,703.4442,全史负价（源侧缺陷）。OHLC 整体为负但列间比例自洽→疑似源历史段符号/量纲伪影，须回源确证
2026-09-23,001872,1994-03-07,-8.210,-8.140,-8.240,-8.190,,,,1654,1165990.12,,AKSHARE,close_negative,主板,1993-1999,704.9517,全史负价（源侧缺陷）。OHLC 整体为负但列间比例自洽→疑似源历史段符号/量纲伪影，须回源确证
2026-09-23,001872,1994-03-08,-8.190,-8.190,-8.240,-8.210,,-0.020,-0.2400,802,565665.00,,AKSHARE,close_negative,主板,1993-1999,705.318,全史负价（源侧缺陷）。OHLC 整体为负但列间比例自洽→疑似源历史段符号/量纲伪影，须回源确证
2026-09-23,001872,1994-03-09,-8.240,-8.190,-8.240,-8.210,,,,567,400460.00,,AKSHARE,close_negative,主板,1993-1999,706.2787,全史负价（源侧缺陷）。OHLC 整体为负但列间比例自洽→疑似源历史段符号/量纲伪影，须回源确证
2026-09-23,001872,1994-03-10,-8.210,-8.190,-8.340,-8.310,,-0.100,-1.2200,1461,1020250.12,,AKSHARE,close_negative,主板,1993-1999,698.3231,全史负价（源侧缺陷）。OHLC 整体为负但列间比例自洽→疑似源历史段符号/量纲伪影，须回源确证
2026-09-23,001872,1994-03-11,-8.310,-8.090,-8.380,-8.190,,0.120,1.4400,1820,1277054.75,,AKSHARE,close_negative,主板,1993-1999,701.6784,全史负价（源侧缺陷）。OHLC 整体为负但列间比例自洽→疑似源历史段符号/量纲伪影，须回源确证
2026-09-23,001872,1994-03-14,-8.040,-7.870,-8.090,-7.970,,0.220,2.6900,5884,4427121.50,,AKSHARE,close_negative,主板,1993-1999,752.4,全史负价（源侧缺陷）。OHLC 整体为负但列间比例自洽→疑似源历史段符号/量纲伪影，须回源确证
2026-09-23,001872,1994-03-15,-7.900,-7.870,-8.120,-8.090,,-0.120,-1.5100,3506,2611839.50,,AKSHARE,close_negative,主板,1993-1999,744.9628,全史负价（源侧缺陷）。OHLC 整体为负但列间比例自洽→疑似源历史段符号/量纲伪影，须回源确证
2026-09-23,001872,1994-03-16,-8.140,-8.040,-8.190,-8.120,,-0.030,-0.3700,2057,1489044.75,,AKSHARE,close_negative,主板,1993-1999,723.8915,全史负价（源侧缺陷）。OHLC 整体为负但列间比例自洽→疑似源历史段符号/量纲伪影，须回源确证
2026-09-23,001872,1994-03-17,-8.120,-8.020,-8.160,-8.120,,,,868,629534.94,,AKSHARE,close_negative,主板,1993-1999,725.2707,全史负价（源侧缺陷）。OHLC 整体为负但列间比例自洽→疑似源历史段符号/量纲伪影，须回源确证
2026-09-23,001872,1994-03-18,-8.020,-8.020,-8.140,-8.120,,,,1706,1244685.00,,AKSHARE,close_negative,主板,1993-1999,729.5926,全史负价（源侧缺陷）。OHLC 整体为负但列间比例自洽→疑似源历史段符号/量纲伪影，须回源确证
2026-09-23,001872,1994-03-21,-8.140,-8.140,-8.240,-8.240,,-0.120,-1.4800,1659,1174254.88,,AKSHARE,close_negative,主板,1993-1999,707.8088,全史负价（源侧缺陷）。OHLC 整体为负但列间比例自洽→疑似源历史段符号/量纲伪影，须回源确证
2026-09-23,001872,1994-03-22,-8.240,-8.240,-8.340,-8.290,,-0.050,-0.6100,1548,1064655.00,,AKSHARE,close_negative,主板,1993-1999,687.7616,全史负价（源侧缺陷）。OHLC 整体为负但列间比例自洽→疑似源历史段符号/量纲伪影，须回源确证
2026-09-23,001872,1994-03-23,-8.290,-8.290,-8.380,-8.380,,-0.090,-1.0900,1371,932080.06,,AKSHARE,close_negative,主板,1993-1999,679.8542,全史负价（源侧缺陷）。OHLC 整体为负但列间比例自洽→疑似源历史段符号/量纲伪影，须回源确证
2026-09-23,001872,1994-03-24,-8.410,-8.340,-8.510,-8.510,,-0.130,-1.5500,1733,1150619.88,,AKSHARE,close_negative,主板,1993-1999,663.9468,全史负价（源侧缺陷）。OHLC 整体为负但列间比例自洽→疑似源历史段符号/量纲伪影，须回源确证
2026-09-23,001872,1994-03-25,-8.480,-8.340,-8.510,-8.410,,0.100,1.1800,1617,1069929.62,,AKSHARE,close_negative,主板,1993-1999,661.6757,全史负价（源侧缺陷）。OHLC 整体为负但列间比例自洽→疑似源历史段符号/量纲伪影，须回源确证
2026-09-23,001872,1994-03-28,-8.430,-8.430,-8.560,-8.560,,-0.150,-1.7800,1425,915085.00,,AKSHARE,close_negative,主板,1993-1999,642.1649,全史负价（源侧缺陷）。OHLC 整体为负但列间比例自洽→疑似源历史段符号/量纲伪影，须回源确证
2026-09-23,001872,1994-03-29,-8.560,-8.480,-8.600,-8.480,,0.080,0.9300,2111,1341874.88,,AKSHARE,close_negative,主板,1993-1999,635.6584,全史负价（源侧缺陷）。OHLC 整体为负但列间比例自洽→疑似源历史段符号/量纲伪影，须回源确证
2026-09-23,001872,1994-03-30,-8.460,-8.430,-8.600,-8.510,,-0.030,-0.3500,2781,1793460.50,,AKSHARE,close_negative,主板,1993-1999,644.8977,全史负价（源侧缺陷）。OHLC 整体为负但列间比例自洽→疑似源历史段符号/量纲伪影，须回源确证
2026-09-23,001872,1994-03-31,-8.530,-8.530,-8.600,-8.600,,-0.090,-1.0600,1071,678835.06,,AKSHARE,close_negative,主板,1993-1999,633.8329,全史负价（源侧缺陷）。OHLC 整体为负但列间比例自洽→疑似源历史段符号/量纲伪影，须回源确证
2026-09-23,001872,1994-04-01,-8.650,-8.600,-8.680,-8.680,,-0.080,-0.9300,1182,724890.12,,AKSHARE,close_negative,主板,1993-1999,613.2742,全史负价（源侧缺陷）。OHLC 整体为负但列间比例自洽→疑似源历史段符号/量纲伪影，须回源确证
2026-09-23,001872,1994-04-04,-8.730,-8.560,-8.730,-8.680,,,,804,495369.91,,AKSHARE,close_negative,主板,1993-1999,616.1317,全史负价（源侧缺陷）。OHLC 整体为负但列间比例自洽→疑似源历史段符号/量纲伪影，须回源确证
2026-09-23,001872,1994-04-05,-8.700,-8.530,-8.700,-8.650,,0.030,0.3500,1923,1202890.00,,AKSHARE,close_negative,主板,1993-1999,625.5278,全史负价（源侧缺陷）。OHLC 整体为负但列间比例自洽→疑似源历史段符号/量纲伪影，须回源确证
2026-09-23,001872,1994-04-06,-8.750,-8.750,-8.900,-8.800,,-0.150,-1.7300,4732,2750060.00,,AKSHARE,close_negative,主板,1993-1999,581.1623,全史负价（源侧缺陷）。OHLC 整体为负但列间比例自洽→疑似源历史段符号/量纲伪影，须回源确证
2026-09-23,001872,1994-04-07,-8.800,-8.700,-8.870,-8.820,,-0.020,-0.2300,7202,4227730.00,,AKSHARE,close_negative,主板,1993-1999,587.0217,全史负价（源侧缺陷）。OHLC 整体为负但列间比例自洽→疑似源历史段符号/量纲伪影，须回源确证
2026-09-23,001872,1994-04-08,-8.870,-8.850,-9.070,-9.020,,-0.200,-2.2700,2463,1346825.00,,AKSHARE,close_negative,主板,1993-1999,546.823,全史负价（源侧缺陷）。OHLC 整体为负但列间比例自洽→疑似源历史段符号/量纲伪影，须回源确证
2026-09-23,001872,1994-04-11,-9.020,-8.900,-9.070,-9.040,,-0.020,-0.2200,3053,1649790.00,,AKSHARE,close_negative,主板,1993-1999,540.3832,全史负价（源侧缺陷）。OHLC 整体为负但列间比例自洽→疑似源历史段符号/量纲伪影，须回源确证
2026-09-23,001872,1994-04-12,-9.070,-8.970,-9.090,-9.040,,,,2096,1117775.00,,AKSHARE,close_negative,主板,1993-1999,533.2896,全史负价（源侧缺陷）。OHLC 整体为负但列间比例自洽→疑似源历史段符号/量纲伪影，须回源确证
2026-09-23,001872,1994-04-13,-9.000,-8.970,-9.120,-9.120,,-0.080,-0.8800,2080,1106905.00,,AKSHARE,close_negative,主板,1993-1999,532.1659,全史负价（源侧缺陷）。OHLC 整体为负但列间比例自洽→疑似源历史段符号/量纲伪影，须回源确证
2026-09-23,001872,1994-04-14,-9.170,-9.170,-9.310,-9.290,,-0.170,-1.8600,1741,854650.00,,AKSHARE,close_negative,主板,1993-1999,490.896,全史负价（源侧缺陷）。OHLC 整体为负但列间比例自洽→疑似源历史段符号/量纲伪影，须回源确证
2026-09-23,001872,1994-04-15,-9.310,-9.140,-9.510,-9.190,,0.100,1.0800,5756,2702595.00,,AKSHARE,close_negative,主板,1993-1999,469.5266,全史负价（源侧缺陷）。OHLC 整体为负但列间比例自洽→疑似源历史段符号/量纲伪影，须回源确证
2026-09-23,001872,1994-04-18,-9.220,-9.220,-9.440,-9.410,,-0.220,-2.3900,4332,2059280.00,,AKSHARE,close_negative,主板,1993-1999,475.3647,全史负价（源侧缺陷）。OHLC 整体为负但列间比例自洽→疑似源历史段符号/量纲伪影，须回源确证
2026-09-23,001872,1994-04-19,-9.460,-9.440,-9.560,-9.530,,-0.120,-1.2800,2444,1080445.00,,AKSHARE,close_negative,主板,1993-1999,442.0806,全史负价（源侧缺陷）。OHLC 整体为负但列间比例自洽→疑似源历史段符号/量纲伪影，须回源确证
2026-09-23,001872,1994-04-20,-9.580,-9.560,-9.780,-9.730,,-0.200,-2.1000,6567,2697135.00,,AKSHARE,close_negative,主板,1993-1999,410.7104,全史负价（源侧缺陷）。OHLC 整体为负但列间比例自洽→疑似源历史段符号/量纲伪影，须回源确证
2026-09-23,001872,1994-04-21,-9.700,-9.510,-9.700,-9.560,,0.170,1.7500,7203,3062245.00,,AKSHARE,close_negative,主板,1993-1999,425.1347,全史负价（源侧缺陷）。OHLC 整体为负但列间比例自洽→疑似源历史段符号/量纲伪影，须回源确证
2026-09-23,001872,1994-04-22,-9.510,-9.480,-9.660,-9.630,,-0.070,-0.7300,4373,1868200.12,,AKSHARE,close_negative,主板,1993-1999,427.2125,全史负价（源侧缺陷）。OHLC 整体为负但列间比例自洽→疑似源历史段符号/量纲伪影，须回源确证
2026-09-23,001872,1994-04-25,-9.700,-9.530,-9.700,-9.530,,0.100,1.0400,1196,493810.00,,AKSHARE,close_negative,主板,1993-1999,412.8846,全史负价（源侧缺陷）。OHLC 整体为负但列间比例自洽→疑似源历史段符号/量纲伪影，须回源确证
2026-09-23,001872,1994-04-26,-9.530,-9.340,-9.610,-9.340,,0.190,1.9900,7656,3433125.00,,AKSHARE,close_negative,主板,1993-1999,448.4228,全史负价（源侧缺陷）。OHLC 整体为负但列间比例自洽→疑似源历史段符号/量纲伪影，须回源确证
2026-09-23,001872,1994-04-27,-9.430,-8.900,-9.430,-8.900,,0.440,4.7100,23199,12011794.00,,AKSHARE,close_negative,主板,1993-1999,517.7721,全史负价（源侧缺陷）。OHLC 整体为负但列间比例自洽→疑似源历史段符号/量纲伪影，须回源确证
2026-09-23,001872,1994-04-28,-8.920,-8.750,-8.970,-8.950,,-0.050,-0.5600,23520,13412342.00,,AKSHARE,close_negative,主板,1993-1999,570.2526,全史负价（源侧缺陷）。OHLC 整体为负但列间比例自洽→疑似源历史段符号/量纲伪影，须回源确证
2026-09-23,001872,1994-04-29,-9.310,-8.970,-9.460,-9.020,,-0.070,-0.7800,12790,6626877.00,,AKSHARE,close_negative,主板,1993-1999,518.1296,全史负价（源侧缺陷）。OHLC 整体为负但列间比例自洽→疑似源历史段符号/量纲伪影，须回源确证
2026-09-23,001872,1994-05-03,-9.020,-8.380,-9.140,-8.560,,0.460,5.1000,20642,11934185.00,,AKSHARE,close_negative,主板,1993-1999,578.1506,全史负价（源侧缺陷）。OHLC 整体为负但列间比例自洽→疑似源历史段符号/量纲伪影，须回源确证
2026-09-23,001872,1994-05-04,-8.560,-8.530,-8.820,-8.800,,-0.240,-2.8000,17533,10703632.00,,AKSHARE,close_negative,主板,1993-1999,610.4849,全史负价（源侧缺陷）。OHLC 整体为负但列间比例自洽→疑似源历史段符号/量纲伪影，须回源确证
2026-09-23,001872,1994-05-05,-8.920,-8.870,-9.070,-8.920,,-0.120,-1.3600,4739,2640226.25,,AKSHARE,close_negative,主板,1993-1999,557.1273,全史负价（源侧缺陷）。OHLC 整体为负但列间比例自洽→疑似源历史段符号/量纲伪影，须回源确证
2026-09-23,001872,1994-05-06,-8.920,-8.780,-9.060,-8.820,,0.100,1.1200,8575,4814421.00,,AKSHARE,close_negative,主板,1993-1999,561.4485,全史负价（源侧缺陷）。OHLC 整体为负但列间比例自洽→疑似源历史段符号/量纲伪影，须回源确证
2026-09-23,001872,1994-05-09,-8.730,-8.660,-8.870,-8.700,,0.120,1.3600,11230,6726140.00,,AKSHARE,close_negative,主板,1993-1999,598.9439,全史负价（源侧缺陷）。OHLC 整体为负但列间比例自洽→疑似源历史段符号/量纲伪影，须回源确证
2026-09-23,001872,1994-05-10,-8.680,-8.430,-8.780,-8.560,,0.140,1.6100,22587,14206302.00,,AKSHARE,close_negative,主板,1993-1999,628.9592,全史负价（源侧缺陷）。OHLC 整体为负但列间比例自洽→疑似源历史段符号/量纲伪影，须回源确证
2026-09-23,001872,1994-05-11,-8.530,-8.440,-8.690,-8.680,,-0.120,-1.4000,10022,6400657.00,,AKSHARE,close_negative,主板,1993-1999,638.6606,全史负价（源侧缺陷）。OHLC 整体为负但列间比例自洽→疑似源历史段符号/量纲伪影，须回源确证
2026-09-23,001872,1994-05-12,-8.800,-8.690,-8.830,-8.820,,-0.140,-1.6100,5340,3183005.25,,AKSHARE,close_negative,主板,1993-1999,596.0684,全史负价（源侧缺陷）。OHLC 整体为负但列间比例自洽→疑似源历史段符号/量纲伪影，须回源确证
2026-09-23,001872,1994-05-13,-8.820,-8.590,-8.840,-8.630,,0.190,2.1500,5369,3240557.75,,AKSHARE,close_negative,主板,1993-1999,603.5682,全史负价（源侧缺陷）。OHLC 整体为负但列间比例自洽→疑似源历史段符号/量纲伪影，须回源确证
2026-09-23,001872,1994-05-16,-8.530,-8.530,-8.700,-8.630,,,,6458,4008912.25,,AKSHARE,close_negative,主板,1993-1999,620.7668,全史负价（源侧缺陷）。OHLC 整体为负但列间比例自洽→疑似源历史段符号/量纲伪影，须回源确证
2026-09-23,001872,1994-05-17,-8.680,-8.630,-8.730,-8.630,,,,3431,2084092.00,,AKSHARE,close_negative,主板,1993-1999,607.4299,全史负价（源侧缺陷）。OHLC 整体为负但列间比例自洽→疑似源历史段符号/量纲伪影，须回源确证
2026-09-23,001872,1994-05-18,-8.780,-8.580,-8.780,-8.610,,0.020,0.2300,7235,4447032.00,,AKSHARE,close_negative,主板,1993-1999,614.6554,全史负价（源侧缺陷）。OHLC 整体为负但列间比例自洽→疑似源历史段符号/量纲伪影，须回源确证
2026-09-23,001872,1994-05-19,-8.680,-8.600,-8.730,-8.610,,,,10590,6509015.00,,AKSHARE,close_negative,主板,1993-1999,614.6379,全史负价（源侧缺陷）。OHLC 整体为负但列间比例自洽→疑似源历史段符号/量纲伪影，须回源确证
2026-09-23,001872,1994-05-20,-8.610,-8.610,-8.730,-8.730,,-0.120,-1.3900,11224,6817168.00,,AKSHARE,close_negative,主板,1993-1999,607.3742,全史负价（源侧缺陷）。OHLC 整体为负但列间比例自洽→疑似源历史段符号/量纲伪影，须回源确证
2026-09-23,001872,1994-05-23,-8.750,-8.740,-8.820,-8.800,,-0.070,-0.8000,3268,1917414.00,,AKSHARE,close_negative,主板,1993-1999,586.724,全史负价（源侧缺陷）。OHLC 整体为负但列间比例自洽→疑似源历史段符号/量纲伪影，须回源确证
2026-09-23,001872,1994-05-24,-8.820,-8.780,-8.850,-8.800,,,,855,500485.00,,AKSHARE,close_negative,主板,1993-1999,585.3626,全史负价（源侧缺陷）。OHLC 整体为负但列间比例自洽→疑似源历史段符号/量纲伪影，须回源确证
2026-09-23,001872,1994-05-25,-8.820,-8.810,-8.900,-8.880,,-0.080,-0.9100,1565,897095.06,,AKSHARE,close_negative,主板,1993-1999,573.2237,全史负价（源侧缺陷）。OHLC 整体为负但列间比例自洽→疑似源历史段符号/量纲伪影，须回源确证
2026-09-23,001872,1994-05-26,-8.890,-8.860,-9.090,-9.090,,-0.210,-2.3600,2850,1562609.00,,AKSHARE,close_negative,主板,1993-1999,548.2839,全史负价（源侧缺陷）。OHLC 整体为负但列间比例自洽→疑似源历史段符号/量纲伪影，须回源确证
2026-09-23,001872,1994-05-27,-9.090,-8.950,-9.090,-9.040,,0.050,0.5500,4065,2184953.00,,AKSHARE,close_negative,主板,1993-1999,537.5038,全史负价（源侧缺陷）。OHLC 整体为负但列间比例自洽→疑似源历史段符号/量纲伪影，须回源确证
2026-09-23,001872,1994-05-30,-9.090,-9.070,-9.220,-9.200,,-0.160,-1.7700,2780,1415977.88,,AKSHARE,close_negative,主板,1993-1999,509.3446,全史负价（源侧缺陷）。OHLC 整体为负但列间比例自洽→疑似源历史段符号/量纲伪影，须回源确证
2026-09-23,001872,1994-05-31,-9.220,-9.100,-9.290,-9.140,,0.060,0.6500,2168,1104320.00,,AKSHARE,close_negative,主板,1993-1999,509.3727,全史负价（源侧缺陷）。OHLC 整体为负但列间比例自洽→疑似源历史段符号/量纲伪影，须回源确证
2026-09-23,001872,1994-06-01,-9.140,-9.140,-9.260,-9.250,,-0.110,-1.2000,2236,1126511.00,,AKSHARE,close_negative,主板,1993-1999,503.8064,全史负价（源侧缺陷）。OHLC 整体为负但列间比例自洽→疑似源历史段符号/量纲伪影，须回源确证
2026-09-23,001872,1994-06-02,-9.260,-9.230,-9.300,-9.270,,-0.020,-0.2200,1607,786607.94,,AKSHARE,close_negative,主板,1993-1999,489.4885,全史负价（源侧缺陷）。OHLC 整体为负但列间比例自洽→疑似源历史段符号/量纲伪影，须回源确证
2026-09-23,001872,1994-06-03,-9.260,-9.120,-9.260,-9.240,,0.030,0.3200,2842,1433534.00,,AKSHARE,close_negative,主板,1993-1999,504.4103,全史负价（源侧缺陷）。OHLC 整体为负但列间比例自洽→疑似源历史段符号/量纲伪影，须回源确证
2026-09-23,001872,1994-06-06,-9.240,-9.220,-9.310,-9.310,,-0.070,-0.7600,834,405420.00,,AKSHARE,close_negative,主板,1993-1999,486.1151,全史负价（源侧缺陷）。OHLC 整体为负但列间比例自洽→疑似源历史段符号/量纲伪影，须回源确证
2026-09-23,001872,1994-06-07,-9.310,-9.290,-9.360,-9.320,,-0.010,-0.1100,179,85655.01,,AKSHARE,close_negative,主板,1993-1999,478.5196,全史负价（源侧缺陷）。OHLC 整体为负但列间比例自洽→疑似源历史段符号/量纲伪影，须回源确证
2026-09-23,001872,1994-06-08,-9.350,-9.270,-9.360,-9.310,,0.010,0.1100,1355,648287.94,,AKSHARE,close_negative,主板,1993-1999,478.4413,全史负价（源侧缺陷）。OHLC 整体为负但列间比例自洽→疑似源历史段符号/量纲伪影，须回源确证
2026-09-23,001872,1994-06-09,-9.310,-9.290,-9.340,-9.330,,-0.020,-0.2100,1278,613666.00,,AKSHARE,close_negative,主板,1993-1999,480.1768,全史负价（源侧缺陷）。OHLC 整体为负但列间比例自洽→疑似源历史段符号/量纲伪影，须回源确证
2026-09-23,001872,1994-06-10,-9.340,-9.340,-9.370,-9.370,,-0.040,-0.4300,1647,776655.00,,AKSHARE,close_negative,主板,1993-1999,471.5574,全史负价（源侧缺陷）。OHLC 整体为负但列间比例自洽→疑似源历史段符号/量纲伪影，须回源确证
2026-09-23,001872,1994-06-13,-9.440,-9.440,-9.500,-9.490,,-0.120,-1.2800,699,279125.00,,AKSHARE,close_negative,主板,1993-1999,399.3205,全史负价（源侧缺陷）。OHLC 整体为负但列间比例自洽→疑似源历史段符号/量纲伪影，须回源确证
2026-09-23,001872,1994-06-14,-9.490,-9.420,-9.520,-9.450,,0.040,0.4200,1712,684551.00,,AKSHARE,close_negative,主板,1993-1999,399.8546,全史负价（源侧缺陷）。OHLC 整体为负但列间比例自洽→疑似源历史段符号/量纲伪影，须回源确证
2026-09-23,001872,1994-06-15,-9.470,-9.360,-9.470,-9.360,,0.090,0.9500,1907,780081.06,,AKSHARE,close_negative,主板,1993-1999,409.0619,全史负价（源侧缺陷）。OHLC 整体为负但列间比例自洽→疑似源历史段符号/量纲伪影，须回源确证
2026-09-23,001872,1994-06-16,-9.320,-9.250,-9.390,-9.280,,0.080,0.8500,3143,1348856.12,,AKSHARE,close_negative,主板,1993-1999,429.162,全史负价（源侧缺陷）。OHLC 整体为负但列间比例自洽→疑似源历史段符号/量纲伪影，须回源确证
2026-09-23,001872,1994-06-17,-9.250,-9.150,-9.320,-9.180,,0.100,1.0800,6009,2672712.75,,AKSHARE,close_negative,主板,1993-1999,444.7849,全史负价（源侧缺陷）。OHLC 整体为负但列间比例自洽→疑似源历史段符号/量纲伪影，须回源确证
2026-09-23,001872,1994-06-20,-9.180,-9.180,-9.470,-9.430,,-0.250,-2.7200,12959,5398086.50,,AKSHARE,close_negative,主板,1993-1999,416.5512,全史负价（源侧缺陷）。OHLC 整体为负但列间比例自洽→疑似源历史段符号/量纲伪影，须回源确证
2026-09-23,001872,1994-06-21,-9.440,-9.410,-9.480,-9.440,,-0.010,-0.1100,9185,3717823.00,,AKSHARE,close_negative,主板,1993-1999,404.7711,全史负价（源侧缺陷）。OHLC 整体为负但列间比例自洽→疑似源历史段符号/量纲伪影，须回源确证
2026-09-23,001872,1994-06-22,-9.450,-9.340,-9.450,-9.390,,0.050,0.5300,3990,1655530.75,,AKSHARE,close_negative,主板,1993-1999,414.92,全史负价（源侧缺陷）。OHLC 整体为负但列间比例自洽→疑似源历史段符号/量纲伪影，须回源确证
2026-09-23,001872,1994-06-23,-9.420,-9.360,-9.450,-9.440,,-0.050,-0.5300,2139,876987.25,,AKSHARE,close_negative,主板,1993-1999,409.9987,全史负价（源侧缺陷）。OHLC 整体为负但列间比例自洽→疑似源历史段符号/量纲伪影，须回源确证
2026-09-23,001872,1994-06-24,-9.440,-9.430,-9.460,-9.460,,-0.020,-0.2100,2126,857742.31,,AKSHARE,close_negative,主板,1993-1999,403.4536,全史负价（源侧缺陷）。OHLC 整体为负但列间比例自洽→疑似源历史段符号/量纲伪影，须回源确证
2026-09-23,001872,1994-06-27,-9.520,-9.500,-9.580,-9.560,,-0.100,-1.0600,2279,877390.12,,AKSHARE,close_negative,主板,1993-1999,384.9891,全史负价（源侧缺陷）。OHLC 整体为负但列间比例自洽→疑似源历史段符号/量纲伪影，须回源确证
2026-09-23,001872,1994-06-28,-9.580,-9.520,-9.580,-9.570,,-0.010,-0.1000,1218,464708.16,,AKSHARE,close_negative,主板,1993-1999,381.5338,全史负价（源侧缺陷）。OHLC 整体为负但列间比例自洽→疑似源历史段符号/量纲伪影，须回源确证
2026-09-23,001872,1994-06-29,-9.570,-9.520,-9.570,-9.560,,0.010,0.1000,1016,391105.03,,AKSHARE,close_negative,主板,1993-1999,384.9459,全史负价（源侧缺陷）。OHLC 整体为负但列间比例自洽→疑似源历史段符号/量纲伪影，须回源确证
2026-09-23,001872,1994-06-30,-9.580,-9.470,-9.580,-9.520,,0.040,0.4200,1622,629707.94,,AKSHARE,close_negative,主板,1993-1999,388.2293,全史负价（源侧缺陷）。OHLC 整体为负但列间比例自洽→疑似源历史段符号/量纲伪影，须回源确证
2026-09-23,001872,1994-07-01,-9.500,-9.500,-9.580,-9.580,,-0.060,-0.6300,2162,831711.00,,AKSHARE,close_negative,主板,1993-1999,384.6952,全史负价（源侧缺陷）。OHLC 整体为负但列间比例自洽→疑似源历史段符号/量纲伪影，须回源确证
2026-09-23,001872,1994-07-04,-9.620,-9.570,-9.640,-9.640,,-0.060,-0.6300,1749,652102.00,,AKSHARE,close_negative,主板,1993-1999,372.8428,全史负价（源侧缺陷）。OHLC 整体为负但列间比例自洽→疑似源历史段符号/量纲伪影，须回源确证
2026-09-23,001872,1994-07-08,-9.680,-9.540,-9.720,-9.580,,0.060,0.6200,3323,1232930.88,,AKSHARE,close_negative,主板,1993-1999,371.0295,全史负价（源侧缺陷）。OHLC 整体为负但列间比例自洽→疑似源历史段符号/量纲伪影，须回源确证
2026-09-23,001872,1994-07-11,-9.580,-9.580,-9.660,-9.650,,-0.070,-0.7300,1699,628000.00,,AKSHARE,close_negative,主板,1993-1999,369.6292,全史负价（源侧缺陷）。OHLC 整体为负但列间比例自洽→疑似源历史段符号/量纲伪影，须回源确证
2026-09-23,001872,1994-07-12,-9.660,-9.640,-9.690,-9.680,,-0.030,-0.3100,861,312767.06,,AKSHARE,close_negative,主板,1993-1999,363.2602,全史负价（源侧缺陷）。OHLC 整体为负但列间比例自洽→疑似源历史段符号/量纲伪影，须回源确证
2026-09-23,001872,1994-07-13,-9.660,-9.640,-9.680,-9.650,,0.030,0.3100,953,346275.00,,AKSHARE,close_negative,主板,1993-1999,363.3526,全史负价（源侧缺陷）。OHLC 整体为负但列间比例自洽→疑似源历史段符号/量纲伪影，须回源确证
2026-09-23,001872,1994-07-14,-9.650,-9.600,-9.680,-9.680,,-0.030,-0.3100,766,280587.03,,AKSHARE,close_negative,主板,1993-1999,366.3016,全史负价（源侧缺陷）。OHLC 整体为负但列间比例自洽→疑似源历史段符号/量纲伪影，须回源确证
2026-09-23,001872,1994-07-15,-9.680,-9.670,-9.820,-9.800,,-0.120,-1.2400,1256,436624.91,,AKSHARE,close_negative,主板,1993-1999,347.6313,全史负价（源侧缺陷）。OHLC 整体为负但列间比例自洽→疑似源历史段符号/量纲伪影，须回源确证
2026-09-23,001872,1994-07-18,-9.830,-9.830,-9.900,-9.870,,-0.070,-0.7100,1039,336845.12,,AKSHARE,close_negative,主板,1993-1999,324.2013,全史负价（源侧缺陷）。OHLC 整体为负但列间比例自洽→疑似源历史段符号/量纲伪影，须回源确证
2026-09-23,001872,1994-07-19,-9.890,-9.850,-9.920,-9.870,,,,1086,350258.94,,AKSHARE,close_negative,主板,1993-1999,322.522,全史负价（源侧缺陷）。OHLC 整体为负但列间比例自洽→疑似源历史段符号/量纲伪影，须回源确证
2026-09-23,001872,1994-07-20,-9.870,-9.870,-9.950,-9.950,,-0.080,-0.8100,1104,351305.97,,AKSHARE,close_negative,主板,1993-1999,318.2119,全史负价（源侧缺陷）。OHLC 整体为负但列间比例自洽→疑似源历史段符号/量纲伪影，须回源确证
2026-09-23,001872,1994-07-21,-9.950,-9.930,-10.010,-9.980,,-0.030,-0.3000,2965,901191.19,,AKSHARE,close_negative,主板,1993-1999,303.9431,全史负价（源侧缺陷）。OHLC 整体为负但列间比例自洽→疑似源历史段符号/量纲伪影，须回源确证
2026-09-23,001872,1994-07-22,-10.020,-9.950,-10.030,-10.000,,-0.020,-0.2000,2545,775584.81,,AKSHARE,close_negative,主板,1993-1999,304.7485,全史负价（源侧缺陷）。OHLC 整体为负但列间比例自洽→疑似源历史段符号/量纲伪影，须回源确证
2026-09-23,001872,1994-07-25,-10.020,-9.930,-10.030,-9.930,,0.070,0.7000,2712,837068.88,,AKSHARE,close_negative,主板,1993-1999,308.6537,全史负价（源侧缺陷）。OHLC 整体为负但列间比例自洽→疑似源历史段符号/量纲伪影，须回源确证
2026-09-23,001872,1994-07-26,-9.930,-9.790,-9.930,-9.810,,0.120,1.2100,6771,2212532.25,,AKSHARE,close_negative,主板,1993-1999,326.766,全史负价（源侧缺陷）。OHLC 整体为负但列间比例自洽→疑似源历史段符号/量纲伪影，须回源确证
2026-09-23,001872,1994-07-27,-9.810,-9.780,-10.000,-9.950,,-0.140,-1.4300,5328,1768202.00,,AKSHARE,close_negative,主板,1993-1999,331.8697,全史负价（源侧缺陷）。OHLC 整体为负但列间比例自洽→疑似源历史段符号/量纲伪影，须回源确证
2026-09-23,001872,1994-07-28,-9.980,-9.950,-10.070,-10.070,,-0.120,-1.2100,4811,1450398.88,,AKSHARE,close_negative,主板,1993-1999,301.4756,全史负价（源侧缺陷）。OHLC 整体为负但列间比例自洽→疑似源历史段符号/量纲伪影，须回源确证
2026-09-23,001872,1994-07-29,-10.090,-10.070,-10.110,-10.090,,-0.020,-0.2000,2345,665800.88,,AKSHARE,close_negative,主板,1993-1999,283.9236,全史负价（源侧缺陷）。OHLC 整体为负但列间比例自洽→疑似源历史段符号/量纲伪影，须回源确证
2026-09-23,001872,1994-08-01,-9.910,-9.460,-9.910,-9.490,,0.600,5.9500,18007,6618512.50,,AKSHARE,close_negative,主板,1993-1999,367.5522,全史负价（源侧缺陷）。OHLC 整体为负但列间比例自洽→疑似源历史段符号/量纲伪影，须回源确证
2026-09-23,001872,1994-08-02,-9.420,-9.170,-9.630,-9.630,,-0.140,-1.4800,26010,10803610.00,,AKSHARE,close_negative,主板,1993-1999,415.3637,全史负价（源侧缺陷）。OHLC 整体为负但列间比例自洽→疑似源历史段符号/量纲伪影，须回源确证
2026-09-23,001872,1994-08-03,-9.630,-9.250,-9.630,-9.290,,0.340,3.5300,28329,11539440.00,,AKSHARE,close_negative,主板,1993-1999,407.3367,全史负价（源侧缺陷）。OHLC 整体为负但列间比例自洽→疑似源历史段符号/量纲伪影，须回源确证
2026-09-23,001872,1994-08-04,-9.120,-9.040,-9.410,-9.230,,0.060,0.6500,39858,18192222.00,,AKSHARE,close_negative,主板,1993-1999,456.4259,全史负价（源侧缺陷）。OHLC 整体为负但列间比例自洽→疑似源历史段符号/量纲伪影，须回源确证
2026-09-23,001872,1994-08-05,-9.200,-8.900,-9.250,-8.930,,0.300,3.2500,30182,14240679.00,,AKSHARE,close_negative,主板,1993-1999,471.8269,全史负价（源侧缺陷）。OHLC 整体为负但列间比例自洽→疑似源历史段符号/量纲伪影，须回源确证
2026-09-23,001872,1994-08-08,-8.850,-8.800,-9.030,-8.930,,,,35389,17947066.00,,AKSHARE,close_negative,主板,1993-1999,507.1369,全史负价（源侧缺陷）。OHLC 整体为负但列间比例自洽→疑似源历史段符号/量纲伪影，须回源确证
2026-09-23,001872,1994-08-09,-8.930,-8.900,-9.120,-9.110,,-0.180,-2.0200,17032,8132373.50,,AKSHARE,close_negative,主板,1993-1999,477.4761,全史负价（源侧缺陷）。OHLC 整体为负但列间比例自洽→疑似源历史段符号/量纲伪影，须回源确证
2026-09-23,001872,1994-08-10,-9.120,-8.660,-9.170,-8.660,,0.450,4.9400,25996,12948876.00,,AKSHARE,close_negative,主板,1993-1999,498.1103,全史负价（源侧缺陷）。OHLC 整体为负但列间比例自洽→疑似源历史段符号/量纲伪影，须回源确证
2026-09-23,001872,1994-08-11,-8.500,-8.410,-8.800,-8.730,,-0.070,-0.8100,47995,27210588.00,,AKSHARE,close_negative,主板,1993-1999,566.9463,全史负价（源侧缺陷）。OHLC 整体为负但列间比例自洽→疑似源历史段符号/量纲伪影，须回源确证
2026-09-23,001872,1994-08-12,-8.770,-8.580,-8.820,-8.740,,-0.010,-0.1100,18467,9962474.00,,AKSHARE,close_negative,主板,1993-1999,539.4744,全史负价（源侧缺陷）。OHLC 整体为负但列间比例自洽→疑似源历史段符号/量纲伪影，须回源确证
2026-09-23,001872,1994-08-15,-8.800,-8.720,-8.930,-8.850,,-0.110,-1.2600,10365,5365418.00,,AKSHARE,close_negative,主板,1993-1999,517.6477,全史负价（源侧缺陷）。OHLC 整体为负但列间比例自洽→疑似源历史段符号/量纲伪影，须回源确证
2026-09-23,001872,1994-08-16,-8.880,-8.730,-8.880,-8.810,,0.040,0.4500,11294,5926472.50,,AKSHARE,close_negative,主板,1993-1999,524.7452,全史负价（源侧缺陷）。OHLC 整体为负但列间比例自洽→疑似源历史段符号/量纲伪影，须回源确证
2026-09-23,001872,1994-08-17,-8.820,-8.760,-8.820,-8.790,,0.020,0.2300,6924,3639622.50,,AKSHARE,close_negative,主板,1993-1999,525.6532,全史负价（源侧缺陷）。OHLC 整体为负但列间比例自洽→疑似源历史段符号/量纲伪影，须回源确证
2026-09-23,001872,1994-08-18,-8.740,-8.580,-8.770,-8.700,,0.090,1.0200,18719,10249255.00,,AKSHARE,close_negative,主板,1993-1999,547.5322,全史负价（源侧缺陷）。OHLC 整体为负但列间比例自洽→疑似源历史段符号/量纲伪影，须回源确证
2026-09-23,001872,1994-08-19,-8.720,-8.650,-8.930,-8.790,,-0.090,-1.0300,22796,12057613.00,,AKSHARE,close_negative,主板,1993-1999,528.9355,全史负价（源侧缺陷）。OHLC 整体为负但列间比例自洽→疑似源历史段符号/量纲伪影，须回源确证
2026-09-23,001872,1994-08-22,-8.930,-8.810,-9.010,-8.920,,-0.130,-1.4800,16161,8222569.50,,AKSHARE,close_negative,主板,1993-1999,508.7909,全史负价（源侧缺陷）。OHLC 整体为负但列间比例自洽→疑似源历史段符号/量纲伪影，须回源确证
2026-09-23,001872,1994-08-23,-8.930,-8.850,-9.000,-8.860,,0.060,0.6700,9363,4701348.00,,AKSHARE,close_negative,主板,1993-1999,502.1198,全史负价（源侧缺陷）。OHLC 整体为负但列间比例自洽→疑似源历史段符号/量纲伪影，须回源确证
2026-09-23,001872,1994-08-24,-8.850,-8.830,-8.930,-8.930,,-0.070,-0.7900,5280,2685734.00,,AKSHARE,close_negative,主板,1993-1999,508.6617,全史负价（源侧缺陷）。OHLC 整体为负但列间比例自洽→疑似源历史段符号/量纲伪影，须回源确证
2026-09-23,001872,1994-08-25,-8.930,-8.880,-9.010,-9.000,,-0.070,-0.7800,5128,2539239.50,,AKSHARE,close_negative,主板,1993-1999,495.1715,全史负价（源侧缺陷）。OHLC 整体为负但列间比例自洽→疑似源历史段符号/量纲伪影，须回源确证
2026-09-23,001872,1994-08-26,-9.000,-8.900,-9.090,-9.060,,-0.060,-0.6700,5137,2488288.25,,AKSHARE,close_negative,主板,1993-1999,484.3855,全史负价（源侧缺陷）。OHLC 整体为负但列间比例自洽→疑似源历史段符号/量纲伪影，须回源确证
2026-09-23,001872,1994-08-29,-9.060,-9.040,-9.200,-9.140,,-0.080,-0.8800,5854,2715365.00,,AKSHARE,close_negative,主板,1993-1999,463.8478,全史负价（源侧缺陷）。OHLC 整体为负但列间比例自洽→疑似源历史段符号/量纲伪影，须回源确证
2026-09-23,001872,1994-08-30,-9.170,-8.930,-9.190,-8.970,,0.170,1.8600,8901,4261462.00,,AKSHARE,close_negative,主板,1993-1999,478.7622,全史负价（源侧缺陷）。OHLC 整体为负但列间比例自洽→疑似源历史段符号/量纲伪影，须回源确证
2026-09-23,001872,1994-08-31,-8.930,-8.770,-9.040,-8.780,,0.190,2.1200,22298,11451623.00,,AKSHARE,close_negative,主板,1993-1999,513.5718,全史负价（源侧缺陷）。OHLC 整体为负但列间比例自洽→疑似源历史段符号/量纲伪影，须回源确证
2026-09-23,001872,1994-09-01,-8.740,-8.640,-8.800,-8.720,,0.060,0.6800,26346,14276099.00,,AKSHARE,close_negative,主板,1993-1999,541.8697,全史负价（源侧缺陷）。OHLC 整体为负但列间比例自洽→疑似源历史段符号/量纲伪影，须回源确证
2026-09-23,001872,1994-09-02,-8.720,-8.580,-8.800,-8.610,,0.110,1.2600,18814,10166820.00,,AKSHARE,close_negative,主板,1993-1999,540.3859,全史负价（源侧缺陷）。OHLC 整体为负但列间比例自洽→疑似源历史段符号/量纲伪影，须回源确证
2026-09-23,001872,1994-09-05,-8.550,-8.020,-8.550,-8.030,,0.580,6.7400,46352,28979432.00,,AKSHARE,close_negative,主板,1993-1999,625.2035,全史负价（源侧缺陷）。OHLC 整体为负但列间比例自洽→疑似源历史段符号/量纲伪影，须回源确证
2026-09-23,001872,1994-09-06,-7.910,-7.830,-8.230,-7.830,,0.200,2.4900,76807,51252456.00,,AKSHARE,close_negative,主板,1993-1999,667.2889,全史负价（源侧缺陷）。OHLC 整体为负但列间比例自洽→疑似源历史段符号/量纲伪影，须回源确证
2026-09-23,001872,1994-09-07,-7.830,-7.830,-8.330,-8.240,,-0.410,-5.2400,44936,29715800.00,,AKSHARE,close_negative,主板,1993-1999,661.2916,全史负价（源侧缺陷）。OHLC 整体为负但列间比例自洽→疑似源历史段符号/量纲伪影，须回源确证
2026-09-23,001872,1994-09-08,-8.260,-7.960,-8.260,-7.990,,0.250,3.0300,35254,23026036.00,,AKSHARE,close_negative,主板,1993-1999,653.1468,全史负价（源侧缺陷）。OHLC 整体为负但列间比例自洽→疑似源历史段符号/量纲伪影，须回源确证
2026-09-23,001872,1994-09-09,-7.990,-7.860,-8.330,-8.290,,-0.300,-3.7500,37950,25097020.00,,AKSHARE,close_negative,主板,1993-1999,661.3181,全史负价（源侧缺陷）。OHLC 整体为负但列间比例自洽→疑似源历史段符号/量纲伪影，须回源确证
2026-09-23,001872,1994-09-12,-8.180,-7.960,-8.180,-8.000,,0.290,3.5000,39170,26076476.00,,AKSHARE,close_negative,主板,1993-1999,665.7257,全史负价（源侧缺陷）。OHLC 整体为负但列间比例自洽→疑似源历史段符号/量纲伪影，须回源确证
2026-09-23,001872,1994-09-13,-7.910,-7.770,-8.120,-7.960,,0.040,0.5000,52246,36317444.00,,AKSHARE,close_negative,主板,1993-1999,695.1239,全史负价（源侧缺陷）。OHLC 整体为负但列间比例自洽→疑似源历史段符号/量纲伪影，须回源确证
2026-09-23,001872,1994-09-14,-7.960,-7.880,-8.160,-8.040,,-0.080,-1.0100,16207,10727434.00,,AKSHARE,close_negative,主板,1993-1999,661.9013,全史负价（源侧缺陷）。OHLC 整体为负但列间比例自洽→疑似源历史段符号/量纲伪影，须回源确证
2026-09-23,001872,1994-09-15,-8.180,-8.050,-8.230,-8.220,,-0.180,-2.2400,9955,6401526.50,,AKSHARE,close_negative,主板,1993-1999,643.0464,全史负价（源侧缺陷）。OHLC 整体为负但列间比例自洽→疑似源历史段符号/量纲伪影，须回源确证
2026-09-23,001872,1994-09-16,-8.080,-8.070,-8.190,-8.100,,0.120,1.4600,15713,10232387.00,,AKSHARE,close_negative,主板,1993-1999,651.2052,全史负价（源侧缺陷）。OHLC 整体为负但列间比例自洽→疑似源历史段符号/量纲伪影，须回源确证
2026-09-23,001872,1994-09-19,-8.120,-8.100,-8.230,-8.210,,-0.110,-1.3600,6432,4128270.25,,AKSHARE,close_negative,主板,1993-1999,641.8331,全史负价（源侧缺陷）。OHLC 整体为负但列间比例自洽→疑似源历史段符号/量纲伪影，须回源确证
2026-09-23,001872,1994-09-20,-8.240,-8.240,-8.370,-8.300,,-0.090,-1.1000,9955,6128681.50,,AKSHARE,close_negative,主板,1993-1999,615.6385,全史负价（源侧缺陷）。OHLC 整体为负但列间比例自洽→疑似源历史段符号/量纲伪影，须回源确证
2026-09-23,001872,1994-09-21,-8.290,-8.070,-8.290,-8.070,,0.230,2.7700,12724,8120913.00,,AKSHARE,close_negative,主板,1993-1999,638.2359,全史负价（源侧缺陷）。OHLC 整体为负但列间比例自洽→疑似源历史段符号/量纲伪影，须回源确证
2026-09-23,001872,1994-09-22,-8.040,-8.040,-8.260,-8.180,,-0.110,-1.3600,13969,8982073.00,,AKSHARE,close_negative,主板,1993-1999,643.0004,全史负价（源侧缺陷）。OHLC 整体为负但列间比例自洽→疑似源历史段符号/量纲伪影，须回源确证
2026-09-23,001872,1994-09-23,-8.320,-8.230,-8.340,-8.280,,-0.100,-1.2200,7531,4661779.50,,AKSHARE,close_negative,主板,1993-1999,619.012,全史负价（源侧缺陷）。OHLC 整体为负但列间比例自洽→疑似源历史段符号/量纲伪影，须回源确证
2026-09-23,001872,1994-09-26,-8.290,-8.230,-8.350,-8.280,,,,5426,3337569.75,,AKSHARE,close_negative,主板,1993-1999,615.1068,全史负价（源侧缺陷）。OHLC 整体为负但列间比例自洽→疑似源历史段符号/量纲伪影，须回源确证
2026-09-23,001872,1994-09-27,-8.230,-8.220,-8.360,-8.260,,0.020,0.2400,8756,5383683.00,,AKSHARE,close_negative,主板,1993-1999,614.8564,全史负价（源侧缺陷）。OHLC 整体为负但列间比例自洽→疑似源历史段符号/量纲伪影，须回源确证
2026-09-23,001872,1994-09-28,-8.260,-8.100,-8.350,-8.120,,0.140,1.6900,25052,16017876.00,,AKSHARE,close_negative,主板,1993-1999,639.3851,全史负价（源侧缺陷）。OHLC 整体为负但列间比例自洽→疑似源历史段符号/量纲伪影，须回源确证
2026-09-23,001872,1994-09-29,-8.070,-7.960,-8.930,-8.500,,-0.380,-4.6800,29630,18692070.00,,AKSHARE,close_negative,主板,1993-1999,630.8495,全史负价（源侧缺陷）。OHLC 整体为负但列间比例自洽→疑似源历史段符号/量纲伪影，须回源确证
2026-09-23,001872,1994-09-30,-8.530,-8.530,-8.820,-8.720,,-0.220,-2.5900,26709,14394967.00,,AKSHARE,close_negative,主板,1993-1999,538.9557,全史负价（源侧缺陷）。OHLC 整体为负但列间比例自洽→疑似源历史段符号/量纲伪影，须回源确证
2026-09-23,001872,1994-10-05,-8.870,-8.770,-9.200,-9.040,,-0.320,-3.6700,13186,6590649.50,,AKSHARE,close_negative,主板,1993-1999,499.8217,全史负价（源侧缺陷）。OHLC 整体为负但列间比例自洽→疑似源历史段符号/量纲伪影，须回源确证
2026-09-23,001872,1994-10-06,-9.040,-8.880,-9.250,-9.220,,-0.180,-1.9900,7740,3725302.75,,AKSHARE,close_negative,主板,1993-1999,481.3053,全史负价（源侧缺陷）。OHLC 整体为负但列间比例自洽→疑似源历史段符号/量纲伪影，须回源确证
2026-09-23,001872,1994-10-07,-9.260,-8.850,-9.500,-8.990,,0.230,2.4900,17406,7596072.50,,AKSHARE,close_negative,主板,1993-1999,436.4054,全史负价（源侧缺陷）。OHLC 整体为负但列间比例自洽→疑似源历史段符号/量纲伪影，须回源确证
2026-09-23,001872,1994-10-10,-8.970,-8.970,-9.280,-9.220,,-0.230,-2.5600,14527,6689884.50,,AKSHARE,close_negative,主板,1993-1999,460.5138,全史负价（源侧缺陷）。OHLC 整体为负但列间比例自洽→疑似源历史段符号/量纲伪影，须回源确证
2026-09-23,001872,1994-10-11,-9.220,-9.150,-9.230,-9.200,,0.020,0.2200,6244,2824498.75,,AKSHARE,close_negative,主板,1993-1999,452.3541,全史负价（源侧缺陷）。OHLC 整体为负但列间比例自洽→疑似源历史段符号/量纲伪影，须回源确证
2026-09-23,001872,1994-10-12,-9.200,-9.160,-9.230,-9.220,,-0.020,-0.2200,7201,3238279.50,,AKSHARE,close_negative,主板,1993-1999,449.6986,全史负价（源侧缺陷）。OHLC 整体为负但列间比例自洽→疑似源历史段符号/量纲伪影，须回源确证
2026-09-23,001872,1994-10-13,-9.200,-9.170,-9.430,-9.420,,-0.200,-2.1700,7092,2992187.75,,AKSHARE,close_negative,主板,1993-1999,421.9103,全史负价（源侧缺陷）。OHLC 整体为负但列间比例自洽→疑似源历史段符号/量纲伪影，须回源确证
2026-09-23,001872,1994-10-14,-9.470,-9.250,-9.500,-9.330,,0.090,0.9600,10766,4500537.50,,AKSHARE,close_negative,主板,1993-1999,418.0325,全史负价（源侧缺陷）。OHLC 整体为负但列间比例自洽→疑似源历史段符号/量纲伪影，须回源确证
2026-09-23,001872,1994-10-17,-9.420,-9.370,-9.470,-9.420,,-0.090,-0.9600,4351,1780045.75,,AKSHARE,close_negative,主板,1993-1999,409.1119,全史负价（源侧缺陷）。OHLC 整体为负但列间比例自洽→疑似源历史段符号/量纲伪影，须回源确证
2026-09-23,001872,1994-10-18,-9.470,-9.370,-9.470,-9.430,,-0.010,-0.1100,2061,844711.62,,AKSHARE,close_negative,主板,1993-1999,409.8552,全史负价（源侧缺陷）。OHLC 整体为负但列间比例自洽→疑似源历史段符号/量纲伪影，须回源确证
2026-09-23,001872,1994-10-19,-9.420,-9.330,-9.430,-9.370,,0.060,0.6400,5136,2153518.00,,AKSHARE,close_negative,主板,1993-1999,419.2987,全史负价（源侧缺陷）。OHLC 整体为负但列间比例自洽→疑似源历史段符号/量纲伪影，须回源确证
2026-09-23,001872,1994-10-20,-9.370,-9.200,-9.370,-9.210,,0.160,1.7100,7000,3021448.75,,AKSHARE,close_negative,主板,1993-1999,431.6355,全史负价（源侧缺陷）。OHLC 整体为负但列间比例自洽→疑似源历史段符号/量纲伪影，须回源确证
2026-09-23,001872,1994-10-21,-9.170,-9.170,-9.370,-9.370,,-0.160,-1.7400,9346,4103386.25,,AKSHARE,close_negative,主板,1993-1999,439.0527,全史负价（源侧缺陷）。OHLC 整体为负但列间比例自洽→疑似源历史段符号/量纲伪影，须回源确证
2026-09-23,001872,1994-10-24,-9.370,-9.200,-9.370,-9.220,,0.150,1.6000,9456,4136731.75,,AKSHARE,close_negative,主板,1993-1999,437.4716,全史负价（源侧缺陷）。OHLC 整体为负但列间比例自洽→疑似源历史段符号/量纲伪影，须回源确证
2026-09-23,001872,1994-10-25,-9.200,-9.160,-9.360,-9.330,,-0.110,-1.1900,9807,4305706.00,,AKSHARE,close_negative,主板,1993-1999,439.0442,全史负价（源侧缺陷）。OHLC 整体为负但列间比例自洽→疑似源历史段符号/量纲伪影，须回源确证
2026-09-23,001872,1994-10-26,-9.360,-9.300,-9.420,-9.350,,-0.020,-0.2100,4046,1702187.75,,AKSHARE,close_negative,主板,1993-1999,420.7088,全史负价（源侧缺陷）。OHLC 整体为负但列间比例自洽→疑似源历史段符号/量纲伪影，须回源确证
2026-09-23,001872,1994-10-27,-9.390,-9.310,-9.390,-9.320,,0.030,0.3200,1758,743764.88,,AKSHARE,close_negative,主板,1993-1999,423.0744,全史负价（源侧缺陷）。OHLC 整体为负但列间比例自洽→疑似源历史段符号/量纲伪影，须回源确证
2026-09-23,001872,1994-10-28,-9.550,-9.160,-9.550,-9.320,,,,22354,9912197.00,,AKSHARE,close_negative,主板,1993-1999,443.4194,全史负价（源侧缺陷）。OHLC 整体为负但列间比例自洽→疑似源历史段符号/量纲伪影，须回源确证
2026-09-23,001872,1994-10-31,-9.250,-9.250,-9.430,-9.360,,-0.040,-0.4300,5734,2411846.25,,AKSHARE,close_negative,主板,1993-1999,420.6219,全史负价（源侧缺陷）。OHLC 整体为负但列间比例自洽→疑似源历史段符号/量纲伪影，须回源确证
2026-09-23,001872,1994-11-01,-9.360,-9.340,-9.410,-9.360,,,,2775,1164940.00,,AKSHARE,close_negative,主板,1993-1999,419.7982,全史负价（源侧缺陷）。OHLC 整体为负但列间比例自洽→疑似源历史段符号/量纲伪影，须回源确证
2026-09-23,001872,1994-11-02,-9.330,-9.330,-9.380,-9.360,,,,1434,604220.88,,AKSHARE,close_negative,主板,1993-1999,421.3535,全史负价（源侧缺陷）。OHLC 整体为负但列间比例自洽→疑似源历史段符号/量纲伪影，须回源确证
2026-09-23,001872,1994-11-03,-9.360,-9.260,-9.370,-9.290,,0.070,0.7500,4799,2060995.25,,AKSHARE,close_negative,主板,1993-1999,429.4635,全史负价（源侧缺陷）。OHLC 整体为负但列间比例自洽→疑似源历史段符号/量纲伪影，须回源确证
2026-09-23,001872,1994-11-04,-9.290,-9.260,-9.380,-9.370,,-0.080,-0.8600,3379,1431487.12,,AKSHARE,close_negative,主板,1993-1999,423.6422,全史负价（源侧缺陷）。OHLC 整体为负但列间比例自洽→疑似源历史段符号/量纲伪影，须回源确证
2026-09-23,001872,1994-11-07,-9.440,-9.360,-9.440,-9.380,,-0.010,-0.1100,1437,591130.00,,AKSHARE,close_negative,主板,1993-1999,411.364,全史负价（源侧缺陷）。OHLC 整体为负但列间比例自洽→疑似源历史段符号/量纲伪影，须回源确证
2026-09-23,001872,1994-11-08,-9.340,-9.280,-9.390,-9.300,,0.080,0.8500,3718,1585126.12,,AKSHARE,close_negative,主板,1993-1999,426.3384,全史负价（源侧缺陷）。OHLC 整体为负但列间比例自洽→疑似源历史段符号/量纲伪影，须回源确证
2026-09-23,001872,1994-11-09,-9.300,-9.300,-9.400,-9.310,,-0.010,-0.1100,2801,1186104.75,,AKSHARE,close_negative,主板,1993-1999,423.4576,全史负价（源侧缺陷）。OHLC 整体为负但列间比例自洽→疑似源历史段符号/量纲伪影，须回源确证
2026-09-23,001872,1994-11-10,-9.290,-9.280,-9.360,-9.350,,-0.040,-0.4300,8178,3516123.75,,AKSHARE,close_negative,主板,1993-1999,429.9491,全史负价（源侧缺陷）。OHLC 整体为负但列间比例自洽→疑似源历史段符号/量纲伪影，须回源确证
2026-09-23,001872,1994-11-11,-9.310,-9.290,-9.360,-9.290,,0.060,0.6400,2899,1237901.88,,AKSHARE,close_negative,主板,1993-1999,427.01,全史负价（源侧缺陷）。OHLC 整体为负但列间比例自洽→疑似源历史段符号/量纲伪影，须回源确证
2026-09-23,001872,1994-11-14,-9.250,-9.250,-9.360,-9.310,,-0.020,-0.2200,3853,1664822.12,,AKSHARE,close_negative,主板,1993-1999,432.0846,全史负价（源侧缺陷）。OHLC 整体为负但列间比例自洽→疑似源历史段符号/量纲伪影，须回源确证
2026-09-23,001872,1994-11-16,-9.310,-9.250,-9.360,-9.280,,0.030,0.3200,3070,1318765.12,,AKSHARE,close_negative,主板,1993-1999,429.5652,全史负价（源侧缺陷）。OHLC 整体为负但列间比例自洽→疑似源历史段符号/量纲伪影，须回源确证
2026-09-23,001872,1994-11-17,-9.260,-9.260,-9.330,-9.330,,-0.050,-0.5400,2375,1020302.94,,AKSHARE,close_negative,主板,1993-1999,429.6012,全史负价（源侧缺陷）。OHLC 整体为负但列间比例自洽→疑似源历史段符号/量纲伪影，须回源确证
2026-09-23,001872,1994-11-18,-9.360,-9.330,-9.370,-9.350,,-0.020,-0.2100,1678,708045.69,,AKSHARE,close_negative,主板,1993-1999,421.9581,全史负价（源侧缺陷）。OHLC 整体为负但列间比例自洽→疑似源历史段符号/量纲伪影，须回源确证
2026-09-23,001872,1994-11-21,-9.360,-9.250,-9.360,-9.350,,,,1298,555356.94,,AKSHARE,close_negative,主板,1993-1999,427.8559,全史负价（源侧缺陷）。OHLC 整体为负但列间比例自洽→疑似源历史段符号/量纲伪影，须回源确证
2026-09-23,001872,1994-11-22,-9.350,-9.330,-9.360,-9.360,,-0.010,-0.1100,836,352023.94,,AKSHARE,close_negative,主板,1993-1999,421.0813,全史负价（源侧缺陷）。OHLC 整体为负但列间比例自洽→疑似源历史段符号/量纲伪影，须回源确证
2026-09-23,001872,1994-11-23,-9.330,-9.330,-9.390,-9.390,,-0.030,-0.3200,1419,590573.94,,AKSHARE,close_negative,主板,1993-1999,416.1902,全史负价（源侧缺陷）。OHLC 整体为负但列间比例自洽→疑似源历史段符号/量纲伪影，须回源确证
2026-09-23,001872,1994-11-24,-9.390,-9.360,-9.420,-9.370,,0.020,0.2100,1198,497345.03,,AKSHARE,close_negative,主板,1993-1999,415.1461,全史负价（源侧缺陷）。OHLC 整体为负但列间比例自洽→疑似源历史段符号/量纲伪影，须回源确证
2026-09-23,001872,1994-11-25,-9.360,-9.330,-9.390,-9.360,,0.010,0.1100,1711,719971.06,,AKSHARE,close_negative,主板,1993-1999,420.7896,全史负价（源侧缺陷）。OHLC 整体为负但列间比例自洽→疑似源历史段符号/量纲伪影，须回源确证
2026-09-23,001872,1994-11-28,-9.360,-9.360,-9.400,-9.390,,-0.030,-0.3200,691,286699.97,,AKSHARE,close_negative,主板,1993-1999,414.9059,全史负价（源侧缺陷）。OHLC 整体为负但列间比例自洽→疑似源历史段符号/量纲伪影，须回源确证
2026-09-23,001872,1994-11-29,-9.390,-9.350,-9.400,-9.350,,0.040,0.4300,772,320353.03,,AKSHARE,close_negative,主板,1993-1999,414.9651,全史负价（源侧缺陷）。OHLC 整体为负但列间比例自洽→疑似源历史段符号/量纲伪影，须回源确证
2026-09-23,001872,1994-11-30,-9.350,-9.350,-9.380,-9.380,,-0.030,-0.3200,840,352131.88,,AKSHARE,close_negative,主板,1993-1999,419.2046,全史负价（源侧缺陷）。OHLC 整体为负但列间比例自洽→疑似源历史段符号/量纲伪影，须回源确证
2026-09-23,001872,1994-12-01,-9.330,-9.330,-9.390,-9.370,,0.010,0.1100,645,270213.94,,AKSHARE,close_negative,主板,1993-1999,418.9363,全史负价（源侧缺陷）。OHLC 整体为负但列间比例自洽→疑似源历史段符号/量纲伪影，须回源确证
2026-09-23,001872,1994-12-02,-9.360,-9.360,-9.390,-9.380,,-0.010,-0.1100,251,105000.00,,AKSHARE,close_negative,主板,1993-1999,418.3267,全史负价（源侧缺陷）。OHLC 整体为负但列间比例自洽→疑似源历史段符号/量纲伪影，须回源确证
2026-09-23,001872,1994-12-05,-9.350,-9.350,-9.420,-9.420,,-0.040,-0.4300,637,262680.06,,AKSHARE,close_negative,主板,1993-1999,412.3706,全史负价（源侧缺陷）。OHLC 整体为负但列间比例自洽→疑似源历史段符号/量纲伪影，须回源确证
2026-09-23,001872,1994-12-06,-9.430,-9.430,-9.470,-9.470,,-0.050,-0.5300,1251,503114.00,,AKSHARE,close_negative,主板,1993-1999,402.1695,全史负价（源侧缺陷）。OHLC 整体为负但列间比例自洽→疑似源历史段符号/量纲伪影，须回源确证
2026-09-23,001872,1994-12-07,-9.510,-9.440,-9.510,-9.440,,0.030,0.3200,891,358013.03,,AKSHARE,close_negative,主板,1993-1999,401.8104,全史负价（源侧缺陷）。OHLC 整体为负但列间比例自洽→疑似源历史段符号/量纲伪影，须回源确证
2026-09-23,001872,1994-12-08,-9.430,-9.400,-9.550,-9.510,,-0.070,-0.7400,1461,575673.94,,AKSHARE,close_negative,主板,1993-1999,394.0273,全史负价（源侧缺陷）。OHLC 整体为负但列间比例自洽→疑似源历史段符号/量纲伪影，须回源确证
2026-09-23,001872,1994-12-09,-9.430,-9.430,-9.540,-9.490,,0.020,0.2100,2509,992848.06,,AKSHARE,close_negative,主板,1993-1999,395.7147,全史负价（源侧缺陷）。OHLC 整体为负但列间比例自洽→疑似源历史段符号/量纲伪影，须回源确证
2026-09-23,001872,1994-12-12,-9.500,-9.500,-9.520,-9.500,,-0.010,-0.1100,1166,457675.94,,AKSHARE,close_negative,主板,1993-1999,392.518,全史负价（源侧缺陷）。OHLC 整体为负但列间比例自洽→疑似源历史段符号/量纲伪影，须回源确证
2026-09-23,001872,1994-12-13,-9.520,-9.320,-9.520,-9.430,,0.070,0.7400,2236,905792.12,,AKSHARE,close_negative,主板,1993-1999,405.0949,全史负价（源侧缺陷）。OHLC 整体为负但列间比例自洽→疑似源历史段符号/量纲伪影，须回源确证
2026-09-23,001872,1994-12-14,-9.420,-9.400,-9.480,-9.460,,-0.030,-0.3200,1301,523576.94,,AKSHARE,close_negative,主板,1993-1999,402.4419,全史负价（源侧缺陷）。OHLC 整体为负但列间比例自洽→疑似源历史段符号/量纲伪影，须回源确证
2026-09-23,001872,1994-12-15,-9.470,-9.250,-9.510,-9.280,,0.180,1.9000,13204,5612333.00,,AKSHARE,close_negative,主板,1993-1999,425.0479,全史负价（源侧缺陷）。OHLC 整体为负但列间比例自洽→疑似源历史段符号/量纲伪影，须回源确证
2026-09-23,001872,1994-12-16,-9.280,-9.150,-9.360,-9.350,,-0.070,-0.7500,21532,9573402.00,,AKSHARE,close_negative,主板,1993-1999,444.6128,全史负价（源侧缺陷）。OHLC 整体为负但列间比例自洽→疑似源历史段符号/量纲伪影，须回源确证
2026-09-23,001872,1994-12-19,-9.360,-9.250,-9.420,-9.400,,-0.050,-0.5300,5511,2313282.50,,AKSHARE,close_negative,主板,1993-1999,419.7573,全史负价（源侧缺陷）。OHLC 整体为负但列间比例自洽→疑似源历史段符号/量纲伪影，须回源确证
2026-09-23,001872,1994-12-20,-9.420,-9.360,-9.420,-9.360,,0.040,0.4300,2606,1086055.25,,AKSHARE,close_negative,主板,1993-1999,416.7518,全史负价（源侧缺陷）。OHLC 整体为负但列间比例自洽→疑似源历史段符号/量纲伪影，须回源确证
2026-09-23,001872,1994-12-21,-9.370,-9.330,-9.410,-9.400,,-0.040,-0.4300,2285,948930.81,,AKSHARE,close_negative,主板,1993-1999,415.287,全史负价（源侧缺陷）。OHLC 整体为负但列间比例自洽→疑似源历史段符号/量纲伪影，须回源确证
2026-09-23,001872,1994-12-22,-9.430,-9.400,-9.470,-9.440,,-0.040,-0.4300,1915,773144.06,,AKSHARE,close_negative,主板,1993-1999,403.7306,全史负价（源侧缺陷）。OHLC 整体为负但列间比例自洽→疑似源历史段符号/量纲伪影，须回源确证
2026-09-23,001872,1994-12-23,-9.430,-9.430,-9.460,-9.460,,-0.020,-0.2100,1964,796451.06,,AKSHARE,close_negative,主板,1993-1999,405.525,全史负价（源侧缺陷）。OHLC 整体为负但列间比例自洽→疑似源历史段符号/量纲伪影，须回源确证
2026-09-23,001872,1994-12-26,-9.460,-9.430,-9.480,-9.470,,-0.010,-0.1100,827,331397.00,,AKSHARE,close_negative,主板,1993-1999,400.7219,全史负价（源侧缺陷）。OHLC 整体为负但列间比例自洽→疑似源历史段符号/量纲伪影，须回源确证
2026-09-23,001872,1994-12-27,-9.470,-9.450,-9.480,-9.470,,,,727,290366.97,,AKSHARE,close_negative,主板,1993-1999,399.4044,全史负价（源侧缺陷）。OHLC 整体为负但列间比例自洽→疑似源历史段符号/量纲伪影，须回源确证
2026-09-23,001872,1994-12-28,-9.470,-9.420,-9.470,-9.450,,0.020,0.2100,742,297827.00,,AKSHARE,close_negative,主板,1993-1999,401.3841,全史负价（源侧缺陷）。OHLC 整体为负但列间比例自洽→疑似源历史段符号/量纲伪影，须回源确证
2026-09-23,001872,1994-12-29,-9.450,-9.440,-9.470,-9.470,,-0.020,-0.2100,867,349597.03,,AKSHARE,close_negative,主板,1993-1999,403.2261,全史负价（源侧缺陷）。OHLC 整体为负但列间比例自洽→疑似源历史段符号/量纲伪影，须回源确证
2026-09-23,001872,1994-12-30,-9.460,-9.400,-9.460,-9.440,,0.030,0.3200,1750,713209.19,,AKSHARE,close_negative,主板,1993-1999,407.5481,全史负价（源侧缺陷）。OHLC 整体为负但列间比例自洽→疑似源历史段符号/量纲伪影，须回源确证
2026-09-23,001872,1995-01-03,-9.440,-9.440,-9.510,-9.450,,-0.010,-0.1100,596,237546.00,,AKSHARE,close_negative,主板,1993-1999,398.5671,全史负价（源侧缺陷）。OHLC 整体为负但列间比例自洽→疑似源历史段符号/量纲伪影，须回源确证
2026-09-23,001872,1995-01-04,-9.450,-9.390,-9.460,-9.400,,0.050,0.5300,869,355073.00,,AKSHARE,close_negative,主板,1993-1999,408.5995,全史负价（源侧缺陷）。OHLC 整体为负但列间比例自洽→疑似源历史段符号/量纲伪影，须回源确证
2026-09-23,001872,1995-01-05,-9.390,-9.390,-9.450,-9.450,,-0.050,-0.5300,1436,585313.62,,AKSHARE,close_negative,主板,1993-1999,407.6,全史负价（源侧缺陷）。OHLC 整体为负但列间比例自洽→疑似源历史段符号/量纲伪影，须回源确证
2026-09-23,001872,1995-01-06,-9.470,-9.420,-9.470,-9.430,,0.020,0.2100,1204,487138.41,,AKSHARE,close_negative,主板,1993-1999,404.6,全史负价（源侧缺陷）。OHLC 整体为负但列间比例自洽→疑似源历史段符号/量纲伪影，须回源确证
2026-09-23,001872,1995-01-09,-9.450,-9.440,-9.500,-9.490,,-0.060,-0.6400,1263,504189.62,,AKSHARE,close_negative,主板,1993-1999,399.2,全史负价（源侧缺陷）。OHLC 整体为负但列间比例自洽→疑似源历史段符号/量纲伪影，须回源确证
2026-09-23,001872,1995-01-10,-9.500,-9.500,-9.590,-9.580,,-0.090,-0.9500,2421,933537.56,,AKSHARE,close_negative,主板,1993-1999,385.6,全史负价（源侧缺陷）。OHLC 整体为负但列间比例自洽→疑似源历史段符号/量纲伪影，须回源确证
2026-09-23,001872,1995-01-11,-9.550,-9.550,-9.600,-9.580,,,,1364,519956.81,,AKSHARE,close_negative,主板,1993-1999,381.2,全史负价（源侧缺陷）。OHLC 整体为负但列间比例自洽→疑似源历史段符号/量纲伪影，须回源确证
2026-09-23,001872,1995-01-12,-9.500,-9.500,-9.630,-9.610,,-0.030,-0.3100,1380,525504.00,,AKSHARE,close_negative,主板,1993-1999,380.8,全史负价（源侧缺陷）。OHLC 整体为负但列间比例自洽→疑似源历史段符号/量纲伪影，须回源确证
2026-09-23,001872,1995-01-13,-9.620,-9.620,-9.660,-9.640,,-0.030,-0.3100,1752,646488.00,,AKSHARE,close_negative,主板,1993-1999,369.0,全史负价（源侧缺陷）。OHLC 整体为负但列间比例自洽→疑似源历史段符号/量纲伪影，须回源确证
2026-09-23,001872,1995-01-16,-9.640,-9.640,-9.710,-9.670,,-0.030,-0.3100,2067,750321.00,,AKSHARE,close_negative,主板,1993-1999,363.0,全史负价（源侧缺陷）。OHLC 整体为负但列间比例自洽→疑似源历史段符号/量纲伪影，须回源确证
2026-09-23,001872,1995-01-17,-9.690,-9.640,-9.810,-9.710,,-0.040,-0.4100,2330,826218.00,,AKSHARE,close_negative,主板,1993-1999,354.6,全史负价（源侧缺陷）。OHLC 整体为负但列间比例自洽→疑似源历史段符号/量纲伪影，须回源确证
2026-09-23,001872,1995-01-18,-9.660,-9.640,-9.680,-9.640,,0.070,0.7200,2246,822934.44,,AKSHARE,close_negative,主板,1993-1999,366.4,全史负价（源侧缺陷）。OHLC 整体为负但列间比例自洽→疑似源历史段符号/量纲伪影，须回源确证
2026-09-23,001872,1995-01-19,-9.610,-9.610,-9.710,-9.700,,-0.060,-0.6200,1034,375755.59,,AKSHARE,close_negative,主板,1993-1999,363.4,全史负价（源侧缺陷）。OHLC 整体为负但列间比例自洽→疑似源历史段符号/量纲伪影，须回源确证
2026-09-23,001872,1995-01-20,-9.700,-9.640,-9.740,-9.690,,0.010,0.1000,1538,551219.19,,AKSHARE,close_negative,主板,1993-1999,358.4,全史负价（源侧缺陷）。OHLC 整体为负但列间比例自洽→疑似源历史段符号/量纲伪影，须回源确证
2026-09-23,001872,1995-01-23,-9.690,-9.690,-9.740,-9.730,,-0.040,-0.4100,604,214057.59,,AKSHARE,close_negative,主板,1993-1999,354.4,全史负价（源侧缺陷）。OHLC 整体为负但列间比例自洽→疑似源历史段符号/量纲伪影，须回源确证
2026-09-23,001872,1995-01-24,-9.680,-9.680,-9.720,-9.720,,0.010,0.1000,489,173986.19,,AKSHARE,close_negative,主板,1993-1999,355.8,全史负价（源侧缺陷）。OHLC 整体为负但列间比例自洽→疑似源历史段符号/量纲伪影，须回源确证
2026-09-23,001872,1995-01-25,-9.730,-9.670,-9.730,-9.670,,0.050,0.5100,708,253464.00,,AKSHARE,close_negative,主板,1993-1999,358.0,全史负价（源侧缺陷）。OHLC 整体为负但列间比例自洽→疑似源历史段符号/量纲伪影，须回源确证
2026-09-23,001872,1995-01-26,-9.670,-9.670,-9.710,-9.700,,-0.030,-0.3100,1020,365975.97,,AKSHARE,close_negative,主板,1993-1999,358.8,全史负价（源侧缺陷）。OHLC 整体为负但列间比例自洽→疑似源历史段符号/量纲伪影，须回源确证
2026-09-23,001872,1995-01-27,-9.670,-9.660,-9.700,-9.670,,0.030,0.3100,854,308977.19,,AKSHARE,close_negative,主板,1993-1999,361.8,全史负价（源侧缺陷）。OHLC 整体为负但列间比例自洽→疑似源历史段符号/量纲伪影，须回源确证
2026-09-23,001872,1995-02-13,-9.710,-9.660,-9.710,-9.680,,-0.010,-0.1000,392,140728.00,,AKSHARE,close_negative,主板,1993-1999,359.0,全史负价（源侧缺陷）。OHLC 整体为负但列间比例自洽→疑似源历史段符号/量纲伪影，须回源确证
2026-09-23,001872,1995-02-14,-9.660,-9.630,-9.680,-9.670,,0.010,0.1000,440,160072.00,,AKSHARE,close_negative,主板,1993-1999,363.8,全史负价（源侧缺陷）。OHLC 整体为负但列间比例自洽→疑似源历史段符号/量纲伪影，须回源确证
2026-09-23,001872,1995-02-15,-9.640,-9.640,-9.680,-9.670,,,,222,80896.80,,AKSHARE,close_negative,主板,1993-1999,364.4,全史负价（源侧缺陷）。OHLC 整体为负但列间比例自洽→疑似源历史段符号/量纲伪影，须回源确证
2026-09-23,001872,1995-02-16,-9.670,-9.660,-9.710,-9.690,,-0.020,-0.2100,450,162090.00,,AKSHARE,close_negative,主板,1993-1999,360.2,全史负价（源侧缺陷）。OHLC 整体为负但列间比例自洽→疑似源历史段符号/量纲伪影，须回源确证
2026-09-23,001872,1995-02-17,-9.690,-9.690,-9.740,-9.710,,-0.020,-0.2100,357,127092.00,,AKSHARE,close_negative,主板,1993-1999,356.0,全史负价（源侧缺陷）。OHLC 整体为负但列间比例自洽→疑似源历史段符号/量纲伪影，须回源确证
2026-09-23,001872,1995-02-20,-9.700,-9.700,-9.720,-9.710,,,,300,106739.99,,AKSHARE,close_negative,主板,1993-1999,355.8,全史负价（源侧缺陷）。OHLC 整体为负但列间比例自洽→疑似源历史段符号/量纲伪影，须回源确证
2026-09-23,001872,1995-02-21,-9.680,-9.680,-9.720,-9.680,,0.030,0.3100,257,92160.20,,AKSHARE,close_negative,主板,1993-1999,358.6,全史负价（源侧缺陷）。OHLC 整体为负但列间比例自洽→疑似源历史段符号/量纲伪影，须回源确证
2026-09-23,001872,1995-02-22,-9.670,-9.470,-9.740,-9.500,,0.180,1.8600,5547,2111188.25,,AKSHARE,close_negative,主板,1993-1999,380.6,全史负价（源侧缺陷）。OHLC 整体为负但列间比例自洽→疑似源历史段符号/量纲伪影，须回源确证
2026-09-23,001872,1995-02-23,-9.550,-9.500,-9.630,-9.560,,-0.060,-0.6300,3743,1435814.75,,AKSHARE,close_negative,主板,1993-1999,383.6,全史负价（源侧缺陷）。OHLC 整体为负但列间比例自洽→疑似源历史段符号/量纲伪影，须回源确证
2026-09-23,001872,1995-02-24,-9.600,-9.540,-9.680,-9.650,,-0.090,-0.9400,1255,465103.00,,AKSHARE,close_negative,主板,1993-1999,370.6,全史负价（源侧缺陷）。OHLC 整体为负但列间比例自洽→疑似源历史段符号/量纲伪影，须回源确证
2026-09-23,001872,1995-02-27,-9.590,-9.530,-9.670,-9.660,,-0.010,-0.1000,1546,574493.62,,AKSHARE,close_negative,主板,1993-1999,371.6,全史负价（源侧缺陷）。OHLC 整体为负但列间比例自洽→疑似源历史段符号/量纲伪影，须回源确证
2026-09-23,001872,1995-02-28,-9.630,-9.630,-9.680,-9.670,,-0.010,-0.1000,372,135854.39,,AKSHARE,close_negative,主板,1993-1999,365.2,全史负价（源侧缺陷）。OHLC 整体为负但列间比例自洽→疑似源历史段符号/量纲伪影，须回源确证
2026-09-23,001872,1995-03-01,-9.660,-9.630,-9.680,-9.630,,0.040,0.4100,994,364996.78,,AKSHARE,close_negative,主板,1993-1999,367.2,全史负价（源侧缺陷）。OHLC 整体为负但列间比例自洽→疑似源历史段符号/量纲伪影，须回源确证
2026-09-23,001872,1995-03-02,-9.540,-9.540,-9.650,-9.600,,0.030,0.3100,929,351347.81,,AKSHARE,close_negative,主板,1993-1999,378.2,全史负价（源侧缺陷）。OHLC 整体为负但列间比例自洽→疑似源历史段符号/量纲伪影，须回源确证
2026-09-23,001872,1995-03-03,-9.600,-9.540,-9.600,-9.570,,0.030,0.3100,3995,1517301.00,,AKSHARE,close_negative,主板,1993-1999,379.8,全史负价（源侧缺陷）。OHLC 整体为负但列间比例自洽→疑似源历史段符号/量纲伪影，须回源确证
2026-09-23,001872,1995-03-06,-9.570,-9.490,-9.570,-9.490,,0.080,0.8400,2639,1030265.62,,AKSHARE,close_negative,主板,1993-1999,390.4,全史负价（源侧缺陷）。OHLC 整体为负但列间比例自洽→疑似源历史段符号/量纲伪影，须回源确证
2026-09-23,001872,1995-03-07,-9.490,-9.440,-9.550,-9.440,,0.050,0.5300,7376,2948924.75,,AKSHARE,close_negative,主板,1993-1999,399.8,全史负价（源侧缺陷）。OHLC 整体为负但列间比例自洽→疑似源历史段符号/量纲伪影，须回源确证
2026-09-23,001872,1995-03-08,-9.420,-9.420,-9.500,-9.460,,-0.020,-0.2100,4659,1879440.62,,AKSHARE,close_negative,主板,1993-1999,403.4,全史负价（源侧缺陷）。OHLC 整体为负但列间比例自洽→疑似源历史段符号/量纲伪影，须回源确证
2026-09-23,001872,1995-03-09,-9.520,-9.480,-9.550,-9.550,,-0.090,-0.9500,2145,833976.00,,AKSHARE,close_negative,主板,1993-1999,388.8,全史负价（源侧缺陷）。OHLC 整体为负但列间比例自洽→疑似源历史段符号/量纲伪影，须回源确证
2026-09-23,001872,1995-03-10,-9.570,-9.560,-9.630,-9.630,,-0.080,-0.8400,1495,561522.00,,AKSHARE,close_negative,主板,1993-1999,375.6,全史负价（源侧缺陷）。OHLC 整体为负但列间比例自洽→疑似源历史段符号/量纲伪影，须回源确证
2026-09-23,001872,1995-03-13,-9.530,-9.530,-9.630,-9.610,,0.020,0.2100,1149,434781.62,,AKSHARE,close_negative,主板,1993-1999,378.4,全史负价（源侧缺陷）。OHLC 整体为负但列间比例自洽→疑似源历史段符号/量纲伪影，须回源确证
2026-09-23,001872,1995-03-14,-9.580,-9.580,-9.630,-9.610,,,,869,326048.81,,AKSHARE,close_negative,主板,1993-1999,375.2,全史负价（源侧缺陷）。OHLC 整体为负但列间比例自洽→疑似源历史段符号/量纲伪影，须回源确证
2026-09-23,001872,1995-03-15,-9.620,-9.590,-9.660,-9.640,,-0.030,-0.3100,836,309821.59,,AKSHARE,close_negative,主板,1993-1999,370.6,全史负价（源侧缺陷）。OHLC 整体为负但列间比例自洽→疑似源历史段符号/量纲伪影，须回源确证
2026-09-23,001872,1995-03-16,-9.600,-9.600,-9.660,-9.610,,0.030,0.3100,699,260167.81,,AKSHARE,close_negative,主板,1993-1999,372.2,全史负价（源侧缺陷）。OHLC 整体为负但列间比例自洽→疑似源历史段符号/量纲伪影，须回源确证
2026-09-23,001872,1995-03-17,-9.580,-9.580,-9.640,-9.600,,0.010,0.1000,711,267336.00,,AKSHARE,close_negative,主板,1993-1999,376.0,全史负价（源侧缺陷）。OHLC 整体为负但列间比例自洽→疑似源历史段符号/量纲伪影，须回源确证
2026-09-23,001872,1995-03-20,-9.600,-9.570,-9.660,-9.650,,-0.050,-0.5200,776,288206.41,,AKSHARE,close_negative,主板,1993-1999,371.4,全史负价（源侧缺陷）。OHLC 整体为负但列间比例自洽→疑似源历史段符号/量纲伪影，须回源确证
2026-09-23,001872,1995-03-21,-9.650,-9.620,-9.670,-9.630,,0.020,0.2100,479,176463.59,,AKSHARE,close_negative,主板,1993-1999,368.4,全史负价（源侧缺陷）。OHLC 整体为负但列间比例自洽→疑似源历史段符号/量纲伪影，须回源确证
2026-09-23,001872,1995-03-22,-9.620,-9.580,-9.660,-9.600,,0.030,0.3100,1085,405573.00,,AKSHARE,close_negative,主板,1993-1999,373.8,全史负价（源侧缺陷）。OHLC 整体为负但列间比例自洽→疑似源历史段符号/量纲伪影，须回源确证
2026-09-23,001872,1995-03-23,-9.590,-9.580,-9.620,-9.610,,-0.010,-0.1000,550,206580.00,,AKSHARE,close_negative,主板,1993-1999,375.6,全史负价（源侧缺陷）。OHLC 整体为负但列间比例自洽→疑似源历史段符号/量纲伪影，须回源确证
2026-09-23,001872,1995-03-24,-9.600,-9.590,-9.620,-9.600,,0.010,0.1000,278,104416.80,,AKSHARE,close_negative,主板,1993-1999,375.6,全史负价（源侧缺陷）。OHLC 整体为负但列间比例自洽→疑似源历史段符号/量纲伪影，须回源确证
2026-09-23,001872,1995-03-27,-9.600,-9.560,-9.600,-9.560,,0.040,0.4200,1053,400140.00,,AKSHARE,close_negative,主板,1993-1999,380.0,全史负价（源侧缺陷）。OHLC 整体为负但列间比例自洽→疑似源历史段符号/量纲伪影，须回源确证
2026-09-23,001872,1995-03-28,-9.560,-9.550,-9.600,-9.590,,-0.030,-0.3100,898,340880.81,,AKSHARE,close_negative,主板,1993-1999,379.6,全史负价（源侧缺陷）。OHLC 整体为负但列间比例自洽→疑似源历史段符号/量纲伪影，须回源确证
2026-09-23,001872,1995-03-29,-9.660,-9.570,-9.660,-9.570,,0.020,0.2100,1658,621086.81,,AKSHARE,close_negative,主板,1993-1999,374.6,全史负价（源侧缺陷）。OHLC 整体为负但列间比例自洽→疑似源历史段符号/量纲伪影，须回源确证
2026-09-23,001872,1995-03-30,-9.560,-9.530,-9.600,-9.590,,-0.020,-0.2100,2188,831877.62,,AKSHARE,close_negative,主板,1993-1999,380.2,全史负价（源侧缺陷）。OHLC 整体为负但列间比例自洽→疑似源历史段符号/量纲伪影，须回源确证
2026-09-23,001872,1995-03-31,-9.560,-9.560,-9.620,-9.560,,0.030,0.3100,1147,437236.41,,AKSHARE,close_negative,主板,1993-1999,381.2,全史负价（源侧缺陷）。OHLC 整体为负但列间比例自洽→疑似源历史段符号/量纲伪影，须回源确证
2026-09-23,001872,1995-04-03,-9.560,-9.560,-9.600,-9.580,,-0.020,-0.2100,3985,1507543.00,,AKSHARE,close_negative,主板,1993-1999,378.3044,全史负价（源侧缺陷）。OHLC 整体为负但列间比例自洽→疑似源历史段符号/量纲伪影，须回源确证
2026-09-23,001872,1995-04-04,-9.600,-9.580,-9.610,-9.590,,-0.010,-0.1000,897,337385.00,,AKSHARE,close_negative,主板,1993-1999,376.126,全史负价（源侧缺陷）。OHLC 整体为负但列间比例自洽→疑似源历史段符号/量纲伪影，须回源确证
2026-09-23,001872,1995-04-05,-9.630,-9.570,-9.630,-9.570,,0.020,0.2100,2207,833532.00,,AKSHARE,close_negative,主板,1993-1999,377.6765,全史负价（源侧缺陷）。OHLC 整体为负但列间比例自洽→疑似源历史段符号/量纲伪影，须回源确证
2026-09-23,001872,1995-04-06,-9.570,-9.560,-9.600,-9.560,,0.010,0.1000,1391,528820.00,,AKSHARE,close_negative,主板,1993-1999,380.1725,全史负价（源侧缺陷）。OHLC 整体为负但列间比例自洽→疑似源历史段符号/量纲伪影，须回源确证
2026-09-23,001872,1995-04-07,-9.570,-9.490,-9.570,-9.520,,0.040,0.4200,3638,1412856.00,,AKSHARE,close_negative,主板,1993-1999,388.3606,全史负价（源侧缺陷）。OHLC 整体为负但列间比例自洽→疑似源历史段符号/量纲伪影，须回源确证
2026-09-23,001872,1995-04-10,-9.520,-9.480,-9.520,-9.520,,,,3911,1540188.00,,AKSHARE,close_negative,主板,1993-1999,393.8093,全史负价（源侧缺陷）。OHLC 整体为负但列间比例自洽→疑似源历史段符号/量纲伪影，须回源确证
2026-09-23,001872,1995-04-11,-9.500,-9.500,-9.590,-9.580,,-0.060,-0.6300,2361,904779.00,,AKSHARE,close_negative,主板,1993-1999,383.2186,全史负价（源侧缺陷）。OHLC 整体为负但列间比例自洽→疑似源历史段符号/量纲伪影，须回源确证
2026-09-23,001872,1995-04-12,-9.590,-9.580,-9.600,-9.580,,,,1378,521020.00,,AKSHARE,close_negative,主板,1993-1999,378.0987,全史负价（源侧缺陷）。OHLC 整体为负但列间比例自洽→疑似源历史段符号/量纲伪影，须回源确证
2026-09-23,001872,1995-04-13,-9.600,-9.520,-9.600,-9.600,,-0.020,-0.2100,1088,412051.00,,AKSHARE,close_negative,主板,1993-1999,378.7233,全史负价（源侧缺陷）。OHLC 整体为负但列间比例自洽→疑似源历史段符号/量纲伪影，须回源确证
2026-09-23,001872,1995-04-14,-9.570,-9.570,-9.610,-9.590,,0.010,0.1000,351,132674.00,,AKSHARE,close_negative,主板,1993-1999,377.9886,全史负价（源侧缺陷）。OHLC 整体为负但列间比例自洽→疑似源历史段符号/量纲伪影，须回源确证
2026-09-23,001872,1995-04-17,-9.590,-9.590,-9.600,-9.600,,-0.010,-0.1000,1259,474106.00,,AKSHARE,close_negative,主板,1993-1999,376.5735,全史负价（源侧缺陷）。OHLC 整体为负但列间比例自洽→疑似源历史段符号/量纲伪影，须回源确证
2026-09-23,001872,1995-04-18,-9.580,-9.580,-9.640,-9.630,,-0.030,-0.3100,1036,386819.00,,AKSHARE,close_negative,主板,1993-1999,373.3774,全史负价（源侧缺陷）。OHLC 整体为负但列间比例自洽→疑似源历史段符号/量纲伪影，须回源确证
2026-09-23,001872,1995-04-19,-9.590,-9.590,-9.640,-9.630,,,,436,161566.00,,AKSHARE,close_negative,主板,1993-1999,370.5642,全史负价（源侧缺陷）。OHLC 整体为负但列间比例自洽→疑似源历史段符号/量纲伪影，须回源确证
2026-09-23,001872,1995-04-20,-9.630,-9.600,-9.650,-9.610,,0.020,0.2100,1188,438614.00,,AKSHARE,close_negative,主板,1993-1999,369.2037,全史负价（源侧缺陷）。OHLC 整体为负但列间比例自洽→疑似源历史段符号/量纲伪影，须回源确证
2026-09-23,001872,1995-04-21,-9.630,-9.580,-9.660,-9.640,,-0.030,-0.3100,2003,746036.00,,AKSHARE,close_negative,主板,1993-1999,372.4593,全史负价（源侧缺陷）。OHLC 整体为负但列间比例自洽→疑似源历史段符号/量纲伪影，须回源确证
2026-09-23,001872,1995-04-24,-9.650,-9.640,-9.710,-9.710,,-0.070,-0.7300,1499,543377.00,,AKSHARE,close_negative,主板,1993-1999,362.493,全史负价（源侧缺陷）。OHLC 整体为负但列间比例自洽→疑似源历史段符号/量纲伪影，须回源确证
2026-09-23,001872,1995-04-25,-9.710,-9.700,-9.750,-9.730,,-0.020,-0.2100,1372,480131.00,,AKSHARE,close_negative,主板,1993-1999,349.9497,全史负价（源侧缺陷）。OHLC 整体为负但列间比例自洽→疑似源历史段符号/量纲伪影，须回源确证
2026-09-23,001872,1995-04-26,-9.730,-9.720,-9.790,-9.790,,-0.060,-0.6200,1510,526549.00,,AKSHARE,close_negative,主板,1993-1999,348.7079,全史负价（源侧缺陷）。OHLC 整体为负但列间比例自洽→疑似源历史段符号/量纲伪影，须回源确证
2026-09-23,001872,1995-04-27,-9.790,-9.580,-9.950,-9.850,,-0.060,-0.6100,3429,1115629.00,,AKSHARE,close_negative,主板,1993-1999,325.3511,全史负价（源侧缺陷）。OHLC 整体为负但列间比例自洽→疑似源历史段符号/量纲伪影，须回源确证
2026-09-23,001872,1995-04-28,-9.850,-9.770,-9.850,-9.790,,0.060,0.6100,1759,590960.00,,AKSHARE,close_negative,主板,1993-1999,335.9636,全史负价（源侧缺陷）。OHLC 整体为负但列间比例自洽→疑似源历史段符号/量纲伪影，须回源确证
2026-09-23,001872,1995-05-02,-9.790,-9.780,-9.900,-9.820,,-0.030,-0.3100,994,324612.00,,AKSHARE,close_negative,主板,1993-1999,326.5714,全史负价（源侧缺陷）。OHLC 整体为负但列间比例自洽→疑似源历史段符号/量纲伪影，须回源确证
2026-09-23,001872,1995-05-03,-9.840,-9.820,-9.850,-9.820,,,,926,308296.00,,AKSHARE,close_negative,主板,1993-1999,332.933,全史负价（源侧缺陷）。OHLC 整体为负但列间比例自洽→疑似源历史段符号/量纲伪影，须回源确证
2026-09-23,001872,1995-05-04,-9.850,-9.800,-9.860,-9.860,,-0.040,-0.4100,327,107540.00,,AKSHARE,close_negative,主板,1993-1999,328.8685,全史负价（源侧缺陷）。OHLC 整体为负但列间比例自洽→疑似源历史段符号/量纲伪影，须回源确证
2026-09-23,001872,1995-05-05,-9.880,-9.830,-9.880,-9.850,,0.010,0.1000,290,95600.00,,AKSHARE,close_negative,主板,1993-1999,329.6552,全史负价（源侧缺陷）。OHLC 整体为负但列间比例自洽→疑似源历史段符号/量纲伪影，须回源确证
2026-09-23,001872,1995-05-08,-9.860,-9.830,-9.870,-9.850,,,,316,103838.00,,AKSHARE,close_negative,主板,1993-1999,328.6013,全史负价（源侧缺陷）。OHLC 整体为负但列间比例自洽→疑似源历史段符号/量纲伪影，须回源确证
2026-09-23,001872,1995-05-09,-9.800,-9.800,-9.860,-9.820,,0.030,0.3000,643,212569.00,,AKSHARE,close_negative,主板,1993-1999,330.5894,全史负价（源侧缺陷）。OHLC 整体为负但列间比例自洽→疑似源历史段符号/量纲伪影，须回源确证
2026-09-23,001872,1995-05-10,-9.850,-9.830,-9.950,-9.890,,-0.070,-0.7100,855,276322.00,,AKSHARE,close_negative,主板,1993-1999,323.1836,全史负价（源侧缺陷）。OHLC 整体为负但列间比例自洽→疑似源历史段符号/量纲伪影，须回源确证
2026-09-23,001872,1995-05-11,-9.830,-9.830,-9.900,-9.880,,0.010,0.1000,427,137667.00,,AKSHARE,close_negative,主板,1993-1999,322.4052,全史负价（源侧缺陷）。OHLC 整体为负但列间比例自洽→疑似源历史段符号/量纲伪影，须回源确证
2026-09-23,001872,1995-05-12,-9.880,-9.800,-9.900,-9.850,,0.030,0.3000,895,296446.00,,AKSHARE,close_negative,主板,1993-1999,331.2246,全史负价（源侧缺陷）。OHLC 整体为负但列间比例自洽→疑似源历史段符号/量纲伪影，须回源确证
2026-09-23,001872,1995-05-15,-9.870,-9.850,-9.890,-9.860,,-0.010,-0.1000,208,67960.00,,AKSHARE,close_negative,主板,1993-1999,326.7308,全史负价（源侧缺陷）。OHLC 整体为负但列间比例自洽→疑似源历史段符号/量纲伪影，须回源确证
2026-09-23,001872,1995-05-16,-9.870,-9.840,-9.870,-9.850,,0.010,0.1000,473,155448.00,,AKSHARE,close_negative,主板,1993-1999,328.6427,全史负价（源侧缺陷）。OHLC 整体为负但列间比例自洽→疑似源历史段符号/量纲伪影，须回源确证
2026-09-23,001872,1995-05-17,-9.870,-9.840,-9.880,-9.840,,0.010,0.1000,1644,534365.00,,AKSHARE,close_negative,主板,1993-1999,325.0395,全史负价（源侧缺陷）。OHLC 整体为负但列间比例自洽→疑似源历史段符号/量纲伪影，须回源确证
2026-09-23,001872,1995-05-18,-9.550,-9.250,-9.550,-9.310,,0.530,5.3900,29003,12235185.00,,AKSHARE,close_negative,主板,1993-1999,421.8593,全史负价（源侧缺陷）。OHLC 整体为负但列间比例自洽→疑似源历史段符号/量纲伪影，须回源确证
2026-09-23,001872,1995-05-19,-9.320,-8.820,-9.390,-8.990,,0.320,3.4400,24333,11227975.00,,AKSHARE,close_negative,主板,1993-1999,461.43,全史负价（源侧缺陷）。OHLC 整体为负但列间比例自洽→疑似源历史段符号/量纲伪影，须回源确证
2026-09-23,001872,1995-05-22,-8.820,-8.770,-9.040,-8.960,,0.030,0.3300,29329,14761473.00,,AKSHARE,close_negative,主板,1993-1999,503.3064,全史负价（源侧缺陷）。OHLC 整体为负但列间比例自洽→疑似源历史段符号/量纲伪影，须回源确证
2026-09-23,001872,1995-05-23,-9.200,-9.160,-9.470,-9.460,,-0.500,-5.5800,16282,6892401.00,,AKSHARE,close_negative,主板,1993-1999,423.3142,全史负价（源侧缺陷）。OHLC 整体为负但列间比例自洽→疑似源历史段符号/量纲伪影，须回源确证
2026-09-23,001872,1995-05-24,-9.500,-9.390,-9.580,-9.490,,-0.030,-0.3200,7343,2932514.00,,AKSHARE,close_negative,主板,1993-1999,399.3618,全史负价（源侧缺陷）。OHLC 整体为负但列间比例自洽→疑似源历史段符号/量纲伪影，须回源确证
2026-09-23,001872,1995-05-25,-9.480,-9.420,-9.580,-9.560,,-0.070,-0.7400,3719,1472056.00,,AKSHARE,close_negative,主板,1993-1999,395.8204,全史负价（源侧缺陷）。OHLC 整体为负但列间比例自洽→疑似源历史段符号/量纲伪影，须回源确证
2026-09-23,001872,1995-05-26,-9.580,-9.420,-9.630,-9.540,,0.020,0.2100,6645,2564188.00,,AKSHARE,close_negative,主板,1993-1999,385.8823,全史负价（源侧缺陷）。OHLC 整体为负但列间比例自洽→疑似源历史段符号/量纲伪影，须回源确证
2026-09-23,001872,1995-05-29,-9.470,-9.470,-9.570,-9.520,,0.020,0.2100,2407,932315.00,,AKSHARE,close_negative,主板,1993-1999,387.3349,全史负价（源侧缺陷）。OHLC 整体为负但列间比例自洽→疑似源历史段符号/量纲伪影，须回源确证
2026-09-23,001872,1995-05-30,-9.520,-9.480,-9.540,-9.510,,0.010,0.1100,1513,560188.00,,AKSHARE,close_negative,主板,1993-1999,370.2498,全史负价（源侧缺陷）。OHLC 整体为负但列间比例自洽→疑似源历史段符号/量纲伪影，须回源确证
2026-09-23,001872,1995-05-31,-9.570,-9.530,-9.570,-9.550,,-0.040,-0.4200,4033,1477555.00,,AKSHARE,close_negative,主板,1993-1999,366.3662,全史负价（源侧缺陷）。OHLC 整体为负但列间比例自洽→疑似源历史段符号/量纲伪影，须回源确证
2026-09-23,001872,1995-06-01,-9.580,-9.540,-9.590,-9.550,,,,1588,575620.00,,AKSHARE,close_negative,主板,1993-1999,362.4811,全史负价（源侧缺陷）。OHLC 整体为负但列间比例自洽→疑似源历史段符号/量纲伪影，须回源确证
2026-09-23,001872,1995-06-02,-9.550,-9.520,-9.570,-9.560,,-0.010,-0.1000,1301,474964.00,,AKSHARE,close_negative,主板,1993-1999,365.0761,全史负价（源侧缺陷）。OHLC 整体为负但列间比例自洽→疑似源历史段符号/量纲伪影，须回源确证
2026-09-23,001872,1995-06-05,-9.520,-9.520,-9.600,-9.590,,-0.030,-0.3100,1494,540020.00,,AKSHARE,close_negative,主板,1993-1999,361.4592,全史负价（源侧缺陷）。OHLC 整体为负但列间比例自洽→疑似源历史段符号/量纲伪影，须回源确证
2026-09-23,001872,1995-06-06,-9.610,-9.610,-9.650,-9.620,,-0.030,-0.3100,1927,673803.00,,AKSHARE,close_negative,主板,1993-1999,349.6642,全史负价（源侧缺陷）。OHLC 整体为负但列间比例自洽→疑似源历史段符号/量纲伪影，须回源确证
2026-09-23,001872,1995-06-07,-9.630,-9.550,-9.640,-9.550,,0.070,0.7300,1526,543144.00,,AKSHARE,close_negative,主板,1993-1999,355.9266,全史负价（源侧缺陷）。OHLC 整体为负但列间比例自洽→疑似源历史段符号/量纲伪影，须回源确证
2026-09-23,001872,1995-06-08,-9.560,-9.530,-9.640,-9.630,,-0.080,-0.8400,2649,940736.00,,AKSHARE,close_negative,主板,1993-1999,355.1287,全史负价（源侧缺陷）。OHLC 整体为负但列间比例自洽→疑似源历史段符号/量纲伪影，须回源确证
2026-09-23,001872,1995-06-09,-9.630,-9.570,-9.630,-9.580,,0.050,0.5200,1400,499564.00,,AKSHARE,close_negative,主板,1993-1999,356.8314,全史负价（源侧缺陷）。OHLC 整体为负但列间比例自洽→疑似源历史段符号/量纲伪影，须回源确证
2026-09-23,001872,1995-06-12,-9.590,-9.580,-9.620,-9.580,,,,555,198000.00,,AKSHARE,close_negative,主板,1993-1999,356.7568,全史负价（源侧缺陷）。OHLC 整体为负但列间比例自洽→疑似源历史段符号/量纲伪影，须回源确证
2026-09-23,001872,1995-06-13,-9.540,-9.540,-9.610,-9.580,,,,803,288178.00,,AKSHARE,close_negative,主板,1993-1999,358.8767,全史负价（源侧缺陷）。OHLC 整体为负但列间比例自洽→疑似源历史段符号/量纲伪影，须回源确证
2026-09-23,001872,1995-06-14,-9.580,-9.580,-9.630,-9.610,,-0.030,-0.3100,713,253464.00,,AKSHARE,close_negative,主板,1993-1999,355.4895,全史负价（源侧缺陷）。OHLC 整体为负但列间比例自洽→疑似源历史段符号/量纲伪影，须回源确证
2026-09-23,001872,1995-06-15,-9.640,-9.620,-9.740,-9.700,,-0.090,-0.9400,2088,709716.00,,AKSHARE,close_negative,主板,1993-1999,339.9023,全史负价（源侧缺陷）。OHLC 整体为负但列间比例自洽→疑似源历史段符号/量纲伪影，须回源确证
2026-09-23,001872,1995-06-16,-9.740,-9.660,-9.740,-9.700,,,,1629,550594.00,,AKSHARE,close_negative,主板,1993-1999,337.9951,全史负价（源侧缺陷）。OHLC 整体为负但列间比例自洽→疑似源历史段符号/量纲伪影，须回源确证
2026-09-23,001872,1995-06-19,-9.690,-9.670,-9.710,-9.670,,0.030,0.3100,1119,379646.00,,AKSHARE,close_negative,主板,1993-1999,339.2726,全史负价（源侧缺陷）。OHLC 整体为负但列间比例自洽→疑似源历史段符号/量纲伪影，须回源确证
2026-09-23,001872,1995-06-20,-9.660,-9.660,-9.700,-9.660,,0.010,0.1000,1120,383209.00,,AKSHARE,close_negative,主板,1993-1999,342.1509,全史负价（源侧缺陷）。OHLC 整体为负但列间比例自洽→疑似源历史段符号/量纲伪影，须回源确证
2026-09-23,001872,1995-06-21,-9.650,-9.650,-9.670,-9.660,,,,779,268504.00,,AKSHARE,close_negative,主板,1993-1999,344.6778,全史负价（源侧缺陷）。OHLC 整体为负但列间比例自洽→疑似源历史段符号/量纲伪影，须回源确证
2026-09-23,001872,1995-06-22,-9.680,-9.650,-9.700,-9.650,,0.010,0.1000,785,269338.00,,AKSHARE,close_negative,主板,1993-1999,343.1057,全史负价（源侧缺陷）。OHLC 整体为负但列间比例自洽→疑似源历史段符号/量纲伪影，须回源确证
2026-09-23,001872,1995-06-23,-9.680,-9.650,-9.690,-9.650,,,,698,240379.00,,AKSHARE,close_negative,主板,1993-1999,344.3825,全史负价（源侧缺陷）。OHLC 整体为负但列间比例自洽→疑似源历史段符号/量纲伪影，须回源确证
2026-09-23,001872,1995-06-26,-9.630,-9.520,-9.660,-9.540,,0.110,1.1400,6605,2397399.00,,AKSHARE,close_negative,主板,1993-1999,362.9673,全史负价（源侧缺陷）。OHLC 整体为负但列间比例自洽→疑似源历史段符号/量纲伪影，须回源确证
2026-09-23,001872,1995-06-27,-9.540,-9.490,-9.610,-9.590,,-0.050,-0.5200,6398,2353974.00,,AKSHARE,close_negative,主板,1993-1999,367.9234,全史负价（源侧缺陷）。OHLC 整体为负但列间比例自洽→疑似源历史段符号/量纲伪影，须回源确证
2026-09-23,001872,1995-06-28,-9.590,-9.570,-9.630,-9.570,,0.020,0.2100,2094,742733.00,,AKSHARE,close_negative,主板,1993-1999,354.6958,全史负价（源侧缺陷）。OHLC 整体为负但列间比例自洽→疑似源历史段符号/量纲伪影，须回源确证
2026-09-23,001872,1995-06-29,-9.600,-9.570,-9.630,-9.580,,-0.010,-0.1000,2229,788425.00,,AKSHARE,close_negative,主板,1993-1999,353.7124,全史负价（源侧缺陷）。OHLC 整体为负但列间比例自洽→疑似源历史段符号/量纲伪影，须回源确证
2026-09-23,001872,1995-06-30,-9.580,-9.580,-9.630,-9.590,,-0.010,-0.1000,1535,541336.00,,AKSHARE,close_negative,主板,1993-1999,352.6619,全史负价（源侧缺陷）。OHLC 整体为负但列间比例自洽→疑似源历史段符号/量纲伪影，须回源确证
2026-09-23,001872,1995-07-03,-9.660,-9.640,-9.680,-9.680,,-0.090,-0.9400,1524,526646.00,,AKSHARE,close_negative,主板,1993-1999,345.5682,全史负价（源侧缺陷）。OHLC 整体为负但列间比例自洽→疑似源历史段符号/量纲伪影，须回源确证
2026-09-23,001872,1995-07-04,-9.660,-9.640,-9.690,-9.640,,0.040,0.4100,662,229352.00,,AKSHARE,close_negative,主板,1993-1999,346.4532,全史负价（源侧缺陷）。OHLC 整体为负但列间比例自洽→疑似源历史段符号/量纲伪影，须回源确证
2026-09-23,001872,1995-07-05,-9.630,-9.590,-9.640,-9.610,,0.030,0.3100,1241,436174.00,,AKSHARE,close_negative,主板,1993-1999,351.4698,全史负价（源侧缺陷）。OHLC 整体为负但列间比例自洽→疑似源历史段符号/量纲伪影，须回源确证
2026-09-23,001872,1995-07-06,-9.590,-9.560,-9.630,-9.610,,,,1060,377558.00,,AKSHARE,close_negative,主板,1993-1999,356.1868,全史负价（源侧缺陷）。OHLC 整体为负但列间比例自洽→疑似源历史段符号/量纲伪影，须回源确证
2026-09-23,001872,1995-07-07,-9.660,-9.550,-9.660,-9.560,,0.050,0.5200,2204,791151.00,,AKSHARE,close_negative,主板,1993-1999,358.9614,全史负价（源侧缺陷）。OHLC 整体为负但列间比例自洽→疑似源历史段符号/量纲伪影，须回源确证
2026-09-23,001872,1995-07-10,-9.560,-9.280,-9.600,-9.400,,0.160,1.6700,27635,10961719.00,,AKSHARE,close_negative,主板,1993-1999,396.6607,全史负价（源侧缺陷）。OHLC 整体为负但列间比例自洽→疑似源历史段符号/量纲伪影，须回源确证
2026-09-23,001872,1995-07-11,-9.420,-9.390,-9.490,-9.490,,-0.090,-0.9600,8178,3141000.00,,AKSHARE,close_negative,主板,1993-1999,384.0792,全史负价（源侧缺陷）。OHLC 整体为负但列间比例自洽→疑似源历史段符号/量纲伪影，须回源确证
2026-09-23,001872,1995-07-12,-9.520,-9.450,-9.520,-9.480,,0.010,0.1100,2136,808405.00,,AKSHARE,close_negative,主板,1993-1999,378.4668,全史负价（源侧缺陷）。OHLC 整体为负但列间比例自洽→疑似源历史段符号/量纲伪影，须回源确证
2026-09-23,001872,1995-07-13,-9.440,-9.360,-9.470,-9.400,,0.080,0.8400,8066,3148194.00,,AKSHARE,close_negative,主板,1993-1999,390.3042,全史负价（源侧缺陷）。OHLC 整体为负但列间比例自洽→疑似源历史段符号/量纲伪影，须回源确证
2026-09-23,001872,1995-07-14,-9.400,-9.360,-9.470,-9.440,,-0.040,-0.4300,4237,1654967.00,,AKSHARE,close_negative,主板,1993-1999,390.5988,全史负价（源侧缺陷）。OHLC 整体为负但列间比例自洽→疑似源历史段符号/量纲伪影，须回源确证
2026-09-23,001872,1995-07-17,-9.430,-9.330,-9.440,-9.370,,0.070,0.7400,10808,4306647.00,,AKSHARE,close_negative,主板,1993-1999,398.4684,全史负价（源侧缺陷）。OHLC 整体为负但列间比例自洽→疑似源历史段符号/量纲伪影，须回源确证
2026-09-23,001872,1995-07-18,-9.360,-9.360,-9.440,-9.410,,-0.040,-0.4300,3875,1507760.00,,AKSHARE,close_negative,主板,1993-1999,389.0994,全史负价（源侧缺陷）。OHLC 整体为负但列间比例自洽→疑似源历史段符号/量纲伪影，须回源确证
2026-09-23,001872,1995-07-19,-9.420,-9.420,-9.510,-9.500,,-0.090,-0.9600,5038,1917659.00,,AKSHARE,close_negative,主板,1993-1999,380.6389,全史负价（源侧缺陷）。OHLC 整体为负但列间比例自洽→疑似源历史段符号/量纲伪影，须回源确证
2026-09-23,001872,1995-07-20,-9.520,-9.440,-9.520,-9.510,,-0.010,-0.1100,5282,1979510.00,,AKSHARE,close_negative,主板,1993-1999,374.7652,全史负价（源侧缺陷）。OHLC 整体为负但列间比例自洽→疑似源历史段符号/量纲伪影，须回源确证
2026-09-23,001872,1995-07-21,-9.520,-9.470,-9.520,-9.500,,0.010,0.1100,3185,1188636.00,,AKSHARE,close_negative,主板,1993-1999,373.1981,全史负价（源侧缺陷）。OHLC 整体为负但列间比例自洽→疑似源历史段符号/量纲伪影，须回源确证
2026-09-23,001872,1995-07-24,-9.460,-9.460,-9.520,-9.500,,,,2069,772571.00,,AKSHARE,close_negative,主板,1993-1999,373.4031,全史负价（源侧缺陷）。OHLC 整体为负但列间比例自洽→疑似源历史段符号/量纲伪影，须回源确证
2026-09-23,001872,1995-07-25,-9.520,-9.480,-9.540,-9.500,,,,952,352991.00,,AKSHARE,close_negative,主板,1993-1999,370.7889,全史负价（源侧缺陷）。OHLC 整体为负但列间比例自洽→疑似源历史段符号/量纲伪影，须回源确证
2026-09-23,001872,1995-07-26,-9.540,-9.500,-9.540,-9.510,,-0.010,-0.1100,882,328062.00,,AKSHARE,close_negative,主板,1993-1999,371.9524,全史负价（源侧缺陷）。OHLC 整体为负但列间比例自洽→疑似源历史段符号/量纲伪影，须回源确证
2026-09-23,001872,1995-07-27,-9.540,-9.500,-9.540,-9.500,,0.010,0.1100,998,371587.00,,AKSHARE,close_negative,主板,1993-1999,372.3317,全史负价（源侧缺陷）。OHLC 整体为负但列间比例自洽→疑似源历史段符号/量纲伪影，须回源确证
2026-09-23,001872,1995-07-28,-9.520,-9.510,-9.530,-9.520,,-0.020,-0.2100,819,302933.00,,AKSHARE,close_negative,主板,1993-1999,369.8816,全史负价（源侧缺陷）。OHLC 整体为负但列间比例自洽→疑似源历史段符号/量纲伪影，须回源确证
2026-09-23,001872,1995-07-31,-9.520,-9.510,-9.540,-9.530,,-0.010,-0.1100,714,263609.00,,AKSHARE,close_negative,主板,1993-1999,369.2003,全史负价（源侧缺陷）。OHLC 整体为负但列间比例自洽→疑似源历史段符号/量纲伪影，须回源确证
2026-09-23,001872,1995-08-01,-9.510,-9.500,-9.520,-9.510,,0.020,0.2100,2553,947337.00,,AKSHARE,close_negative,主板,1993-1999,371.0682,全史负价（源侧缺陷）。OHLC 整体为负但列间比例自洽→疑似源历史段符号/量纲伪影，须回源确证
2026-09-23,001872,1995-08-02,-9.500,-9.500,-9.540,-9.540,,-0.030,-0.3200,1361,506347.00,,AKSHARE,close_negative,主板,1993-1999,372.0404,全史负价（源侧缺陷）。OHLC 整体为负但列间比例自洽→疑似源历史段符号/量纲伪影，须回源确证
2026-09-23,001872,1995-08-03,-9.550,-9.540,-9.560,-9.540,,,,1430,522896.00,,AKSHARE,close_negative,主板,1993-1999,365.6615,全史负价（源侧缺陷）。OHLC 整体为负但列间比例自洽→疑似源历史段符号/量纲伪影，须回源确证
2026-09-23,001872,1995-08-07,-9.490,-9.440,-9.540,-9.440,,0.100,1.0500,2866,1078879.00,,AKSHARE,close_negative,主板,1993-1999,376.4407,全史负价（源侧缺陷）。OHLC 整体为负但列间比例自洽→疑似源历史段符号/量纲伪影，须回源确证
2026-09-23,001872,1995-08-08,-9.420,-9.390,-9.540,-9.480,,-0.040,-0.4200,3716,1425220.00,,AKSHARE,close_negative,主板,1993-1999,383.5361,全史负价（源侧缺陷）。OHLC 整体为负但列间比例自洽→疑似源历史段符号/量纲伪影，须回源确证
2026-09-23,001872,1995-08-09,-9.520,-9.490,-9.540,-9.500,,-0.020,-0.2100,2338,869447.00,,AKSHARE,close_negative,主板,1993-1999,371.8764,全史负价（源侧缺陷）。OHLC 整体为负但列间比例自洽→疑似源历史段符号/量纲伪影，须回源确证
2026-09-23,001872,1995-08-10,-9.500,-9.460,-9.540,-9.490,,0.010,0.1100,3251,1225282.00,,AKSHARE,close_negative,主板,1993-1999,376.8939,全史负价（源侧缺陷）。OHLC 整体为负但列间比例自洽→疑似源历史段符号/量纲伪影，须回源确证
2026-09-23,001872,1995-08-11,-9.470,-9.420,-9.520,-9.450,,0.040,0.4200,8051,3097155.00,,AKSHARE,close_negative,主板,1993-1999,384.692,全史负价（源侧缺陷）。OHLC 整体为负但列间比例自洽→疑似源历史段符号/量纲伪影，须回源确证
2026-09-23,001872,1995-08-14,-9.390,-9.390,-9.440,-9.390,,0.060,0.6300,9838,3838229.00,,AKSHARE,close_negative,主板,1993-1999,390.1432,全史负价（源侧缺陷）。OHLC 整体为负但列间比例自洽→疑似源历史段符号/量纲伪影，须回源确证
2026-09-23,001872,1995-08-15,-9.580,-9.410,-9.580,-9.470,,-0.080,-0.8500,5471,2106076.00,,AKSHARE,close_negative,主板,1993-1999,384.9527,全史负价（源侧缺陷）。OHLC 整体为负但列间比例自洽→疑似源历史段符号/量纲伪影，须回源确证
2026-09-23,001872,1995-08-16,-9.440,-9.440,-9.470,-9.450,,0.020,0.2100,3038,1162387.00,,AKSHARE,close_negative,主板,1993-1999,382.6159,全史负价（源侧缺陷）。OHLC 整体为负但列间比例自洽→疑似源历史段符号/量纲伪影，须回源确证
2026-09-23,001872,1995-08-17,-9.450,-9.420,-9.470,-9.440,,0.010,0.1100,6386,2452457.00,,AKSHARE,close_negative,主板,1993-1999,384.0365,全史负价（源侧缺陷）。OHLC 整体为负但列间比例自洽→疑似源历史段符号/量纲伪影，须回源确证
2026-09-23,001872,1995-08-18,-9.280,-9.090,-9.360,-9.320,,0.120,1.2700,22647,9480351.00,,AKSHARE,close_negative,主板,1993-1999,418.614,全史负价（源侧缺陷）。OHLC 整体为负但列间比例自洽→疑似源历史段符号/量纲伪影，须回源确证
2026-09-23,001872,1995-08-21,-9.320,-9.310,-9.430,-9.420,,-0.100,-1.0700,11035,4413966.00,,AKSHARE,close_negative,主板,1993-1999,399.9969,全史负价（源侧缺陷）。OHLC 整体为负但列间比例自洽→疑似源历史段符号/量纲伪影，须回源确证
2026-09-23,001872,1995-08-22,-9.420,-9.390,-9.490,-9.460,,-0.040,-0.4200,6612,2545141.00,,AKSHARE,close_negative,主板,1993-1999,384.9276,全史负价（源侧缺陷）。OHLC 整体为负但列间比例自洽→疑似源历史段符号/量纲伪影，须回源确证
2026-09-23,001872,1995-08-23,-9.470,-9.430,-9.500,-9.480,,-0.020,-0.2100,4045,1527099.00,,AKSHARE,close_negative,主板,1993-1999,377.5276,全史负价（源侧缺陷）。OHLC 整体为负但列间比例自洽→疑似源历史段符号/量纲伪影，须回源确证
2026-09-23,001872,1995-08-24,-9.490,-9.470,-9.520,-9.510,,-0.030,-0.3200,2615,979196.00,,AKSHARE,close_negative,主板,1993-1999,374.4535,全史负价（源侧缺陷）。OHLC 整体为负但列间比例自洽→疑似源历史段符号/量纲伪影，须回源确证
2026-09-23,001872,1995-08-25,-9.510,-9.480,-9.520,-9.520,,-0.010,-0.1100,1611,600717.00,,AKSHARE,close_negative,主板,1993-1999,372.8845,全史负价（源侧缺陷）。OHLC 整体为负但列间比例自洽→疑似源历史段符号/量纲伪影，须回源确证
2026-09-23,001872,1995-08-28,-9.520,-9.510,-9.550,-9.530,,-0.010,-0.1100,1418,520340.00,,AKSHARE,close_negative,主板,1993-1999,366.9535,全史负价（源侧缺陷）。OHLC 整体为负但列间比例自洽→疑似源历史段符号/量纲伪影，须回源确证
2026-09-23,001872,1995-08-29,-9.510,-9.490,-9.550,-9.540,,-0.010,-0.1000,2030,749901.00,,AKSHARE,close_negative,主板,1993-1999,369.4094,全史负价（源侧缺陷）。OHLC 整体为负但列间比例自洽→疑似源历史段符号/量纲伪影，须回源确证
2026-09-23,001872,1995-08-30,-9.510,-9.500,-9.550,-9.520,,0.020,0.2100,2028,745792.00,,AKSHARE,close_negative,主板,1993-1999,367.7475,全史负价（源侧缺陷）。OHLC 整体为负但列间比例自洽→疑似源历史段符号/量纲伪影，须回源确证
2026-09-23,001872,1995-08-31,-9.540,-9.480,-9.540,-9.490,,0.030,0.3200,1904,709851.00,,AKSHARE,close_negative,主板,1993-1999,372.8209,全史负价（源侧缺陷）。OHLC 整体为负但列间比例自洽→疑似源历史段符号/量纲伪影，须回源确证
2026-09-23,001872,1995-09-04,-9.470,-9.470,-9.520,-9.480,,0.010,0.1100,1682,630543.00,,AKSHARE,close_negative,主板,1993-1999,374.8769,全史负价（源侧缺陷）。OHLC 整体为负但列间比例自洽→疑似源历史段符号/量纲伪影，须回源确证
2026-09-23,001872,1995-09-05,-9.510,-9.490,-9.540,-9.520,,-0.040,-0.4200,1729,643690.00,,AKSHARE,close_negative,主板,1993-1999,372.2903,全史负价（源侧缺陷）。OHLC 整体为负但列间比例自洽→疑似源历史段符号/量纲伪影，须回源确证
2026-09-23,001872,1995-09-06,-9.510,-9.500,-9.540,-9.500,,0.020,0.2100,2233,830000.00,,AKSHARE,close_negative,主板,1993-1999,371.6973,全史负价（源侧缺陷）。OHLC 整体为负但列间比例自洽→疑似源历史段符号/量纲伪影，须回源确证
2026-09-23,001872,1995-09-07,-9.500,-9.480,-9.520,-9.500,,,,1984,739126.00,,AKSHARE,close_negative,主板,1993-1999,372.5433,全史负价（源侧缺陷）。OHLC 整体为负但列间比例自洽→疑似源历史段符号/量纲伪影，须回源确证
2026-09-23,001872,1995-09-08,-9.520,-9.510,-9.540,-9.520,,-0.020,-0.2100,1560,577128.00,,AKSHARE,close_negative,主板,1993-1999,369.9538,全史负价（源侧缺陷）。OHLC 整体为负但列间比例自洽→疑似源历史段符号/量纲伪影，须回源确证
2026-09-23,001872,1995-09-11,-9.520,-9.500,-9.550,-9.510,,0.010,0.1100,1466,543552.00,,AKSHARE,close_negative,主板,1993-1999,370.7722,全史负价（源侧缺陷）。OHLC 整体为负但列间比例自洽→疑似源历史段符号/量纲伪影，须回源确证
2026-09-23,001872,1995-09-12,-9.500,-9.480,-9.520,-9.500,,0.010,0.1100,2835,1061344.00,,AKSHARE,close_negative,主板,1993-1999,374.3718,全史负价（源侧缺陷）。OHLC 整体为负但列间比例自洽→疑似源历史段符号/量纲伪影，须回源确证
2026-09-23,001872,1995-09-13,-9.500,-9.500,-9.550,-9.520,,-0.020,-0.2100,1077,399175.00,,AKSHARE,close_negative,主板,1993-1999,370.636,全史负价（源侧缺陷）。OHLC 整体为负但列间比例自洽→疑似源历史段符号/量纲伪影，须回源确证
2026-09-23,001872,1995-09-14,-9.520,-9.380,-9.520,-9.450,,0.070,0.7400,14112,5432968.00,,AKSHARE,close_negative,主板,1993-1999,384.9892,全史负价（源侧缺陷）。OHLC 整体为负但列间比例自洽→疑似源历史段符号/量纲伪影，须回源确证
2026-09-23,001872,1995-09-15,-9.450,-9.420,-9.480,-9.430,,0.020,0.2100,5591,2150633.00,,AKSHARE,close_negative,主板,1993-1999,384.6598,全史负价（源侧缺陷）。OHLC 整体为负但列间比例自洽→疑似源历史段符号/量纲伪影，须回源确证
2026-09-23,001872,1995-09-18,-9.390,-9.370,-9.420,-9.410,,0.020,0.2100,8695,3422100.00,,AKSHARE,close_negative,主板,1993-1999,393.571,全史负价（源侧缺陷）。OHLC 整体为负但列间比例自洽→疑似源历史段符号/量纲伪影，须回源确证
2026-09-23,001872,1995-09-19,-9.420,-9.390,-9.500,-9.500,,-0.090,-0.9600,4269,1636610.00,,AKSHARE,close_negative,主板,1993-1999,383.3708,全史负价（源侧缺陷）。OHLC 整体为负但列间比例自洽→疑似源历史段符号/量纲伪影，须回源确证
2026-09-23,001872,1995-09-20,-9.520,-9.500,-9.540,-9.510,,-0.010,-0.1100,2209,818342.00,,AKSHARE,close_negative,主板,1993-1999,370.4581,全史负价（源侧缺陷）。OHLC 整体为负但列间比例自洽→疑似源历史段符号/量纲伪影，须回源确证
2026-09-23,001872,1995-09-21,-9.520,-9.500,-9.540,-9.520,,-0.010,-0.1100,1402,519052.00,,AKSHARE,close_negative,主板,1993-1999,370.2225,全史负价（源侧缺陷）。OHLC 整体为负但列间比例自洽→疑似源历史段符号/量纲伪影，须回源确证
2026-09-23,001872,1995-09-22,-9.520,-9.470,-9.520,-9.500,,0.020,0.2100,1777,666432.00,,AKSHARE,close_negative,主板,1993-1999,375.0321,全史负价（源侧缺陷）。OHLC 整体为负但列间比例自洽→疑似源历史段符号/量纲伪影，须回源确证
2026-09-23,001872,1995-09-25,-9.480,-9.480,-9.520,-9.480,,0.020,0.2100,2096,788487.00,,AKSHARE,close_negative,主板,1993-1999,376.1865,全史负价（源侧缺陷）。OHLC 整体为负但列间比例自洽→疑似源历史段符号/量纲伪影，须回源确证
2026-09-23,001872,1995-09-26,-9.480,-9.440,-9.500,-9.450,,0.030,0.3200,1672,637740.00,,AKSHARE,close_negative,主板,1993-1999,381.4234,全史负价（源侧缺陷）。OHLC 整体为负但列间比例自洽→疑似源历史段符号/量纲伪影，须回源确证
2026-09-23,001872,1995-09-27,-9.500,-9.450,-9.520,-9.520,,-0.070,-0.7400,1903,712323.00,,AKSHARE,close_negative,主板,1993-1999,374.3158,全史负价（源侧缺陷）。OHLC 整体为负但列间比例自洽→疑似源历史段符号/量纲伪影，须回源确证
2026-09-23,001872,1995-09-28,-9.520,-9.490,-9.540,-9.520,,,,1855,686183.00,,AKSHARE,close_negative,主板,1993-1999,369.91,全史负价（源侧缺陷）。OHLC 整体为负但列间比例自洽→疑似源历史段符号/量纲伪影，须回源确证
2026-09-23,001872,1995-09-29,-9.520,-9.480,-9.520,-9.500,,0.020,0.2100,1456,543398.00,,AKSHARE,close_negative,主板,1993-1999,373.2129,全史负价（源侧缺陷）。OHLC 整体为负但列间比例自洽→疑似源历史段符号/量纲伪影，须回源确证
2026-09-23,001872,1995-10-04,-9.500,-9.480,-9.520,-9.510,,-0.010,-0.1100,738,273976.00,,AKSHARE,close_negative,主板,1993-1999,371.2412,全史负价（源侧缺陷）。OHLC 整体为负但列间比例自洽→疑似源历史段符号/量纲伪影，须回源确证
2026-09-23,001872,1995-10-05,-9.500,-9.490,-9.520,-9.490,,0.020,0.2100,810,302768.00,,AKSHARE,close_negative,主板,1993-1999,373.7877,全史负价（源侧缺陷）。OHLC 整体为负但列间比例自洽→疑似源历史段符号/量纲伪影，须回源确证
2026-09-23,001872,1995-10-06,-9.520,-9.490,-9.520,-9.500,,-0.010,-0.1100,1006,375242.00,,AKSHARE,close_negative,主板,1993-1999,373.004,全史负价（源侧缺陷）。OHLC 整体为负但列间比例自洽→疑似源历史段符号/量纲伪影，须回源确证
2026-09-23,001872,1995-10-09,-9.500,-9.500,-9.550,-9.520,,-0.020,-0.2100,1649,609414.00,,AKSHARE,close_negative,主板,1993-1999,369.5658,全史负价（源侧缺陷）。OHLC 整体为负但列间比例自洽→疑似源历史段符号/量纲伪影，须回源确证
2026-09-23,001872,1995-10-10,-9.540,-9.520,-9.570,-9.550,,-0.030,-0.3200,772,282337.00,,AKSHARE,close_negative,主板,1993-1999,365.7215,全史负价（源侧缺陷）。OHLC 整体为负但列间比例自洽→疑似源历史段符号/量纲伪影，须回源确证
2026-09-23,001872,1995-10-11,-9.580,-9.530,-9.580,-9.570,,-0.020,-0.2100,865,311966.00,,AKSHARE,close_negative,主板,1993-1999,360.6543,全史负价（源侧缺陷）。OHLC 整体为负但列间比例自洽→疑似源历史段符号/量纲伪影，须回源确证
2026-09-23,001872,1995-10-12,-9.560,-9.560,-9.590,-9.580,,-0.010,-0.1000,1382,495824.00,,AKSHARE,close_negative,主板,1993-1999,358.7728,全史负价（源侧缺陷）。OHLC 整体为负但列间比例自洽→疑似源历史段符号/量纲伪影，须回源确证
2026-09-23,001872,1995-10-13,-9.580,-9.560,-9.590,-9.560,,0.020,0.2100,996,358478.00,,AKSHARE,close_negative,主板,1993-1999,359.9177,全史负价（源侧缺陷）。OHLC 整体为负但列间比例自洽→疑似源历史段符号/量纲伪影，须回源确证
2026-09-23,001872,1995-10-16,-9.550,-9.550,-9.580,-9.560,,,,1201,433478.00,,AKSHARE,close_negative,主板,1993-1999,360.9309,全史负价（源侧缺陷）。OHLC 整体为负但列间比例自洽→疑似源历史段符号/量纲伪影，须回源确证
2026-09-23,001872,1995-10-17,-9.560,-9.520,-9.580,-9.550,,0.010,0.1000,848,308438.00,,AKSHARE,close_negative,主板,1993-1999,363.7241,全史负价（源侧缺陷）。OHLC 整体为负但列间比例自洽→疑似源历史段符号/量纲伪影，须回源确证
2026-09-23,001872,1995-10-18,-9.540,-9.530,-9.550,-9.530,,0.020,0.2100,1295,475292.00,,AKSHARE,close_negative,主板,1993-1999,367.0208,全史负价（源侧缺陷）。OHLC 整体为负但列间比例自洽→疑似源历史段符号/量纲伪影，须回源确证
2026-09-23,001872,1995-10-19,-9.520,-9.470,-9.540,-9.510,,0.020,0.2100,2199,819630.00,,AKSHARE,close_negative,主板,1993-1999,372.7285,全史负价（源侧缺陷）。OHLC 整体为负但列间比例自洽→疑似源历史段符号/量纲伪影，须回源确证
2026-09-23,001872,1995-10-20,-9.520,-9.340,-9.540,-9.370,,0.140,1.4700,15983,6236540.00,,AKSHARE,close_negative,主板,1993-1999,390.1983,全史负价（源侧缺陷）。OHLC 整体为负但列间比例自洽→疑似源历史段符号/量纲伪影，须回源确证
2026-09-23,001872,1995-10-23,-9.230,-9.110,-9.260,-9.190,,0.180,1.9200,62681,27197538.00,,AKSHARE,close_negative,主板,1993-1999,433.904,全史负价（源侧缺陷）。OHLC 整体为负但列间比例自洽→疑似源历史段符号/量纲伪影，须回源确证
2026-09-23,001872,1995-10-24,-9.190,-9.150,-9.200,-9.150,,0.040,0.4400,30644,13383612.00,,AKSHARE,close_negative,主板,1993-1999,436.7449,全史负价（源侧缺陷）。OHLC 整体为负但列间比例自洽→疑似源历史段符号/量纲伪影，须回源确证
2026-09-23,001872,1995-10-25,-9.050,-8.920,-9.120,-9.090,,0.060,0.6600,36536,16684340.00,,AKSHARE,close_negative,主板,1993-1999,456.6548,全史负价（源侧缺陷）。OHLC 整体为负但列间比例自洽→疑似源历史段符号/量纲伪影，须回源确证
2026-09-23,001872,1995-10-26,-9.120,-9.050,-9.160,-9.130,,-0.040,-0.4400,23294,10383974.00,,AKSHARE,close_negative,主板,1993-1999,445.7789,全史负价（源侧缺陷）。OHLC 整体为负但列间比例自洽→疑似源历史段符号/量纲伪影，须回源确证
2026-09-23,001872,1995-10-27,-9.130,-9.090,-9.220,-9.210,,-0.080,-0.8800,12678,5517694.00,,AKSHARE,close_negative,主板,1993-1999,435.218,全史负价（源侧缺陷）。OHLC 整体为负但列间比例自洽→疑似源历史段符号/量纲伪影，须回源确证
2026-09-23,001872,1995-10-30,-9.710,-9.210,-9.710,-9.360,,-0.150,-1.6300,7052,2827107.00,,AKSHARE,close_negative,主板,1993-1999,400.8944,全史负价（源侧缺陷）。OHLC 整体为负但列间比例自洽→疑似源历史段符号/量纲伪影，须回源确证
2026-09-23,001872,1995-10-31,-9.410,-9.350,-9.440,-9.440,,-0.080,-0.8500,9137,3585641.00,,AKSHARE,close_negative,主板,1993-1999,392.4309,全史负价（源侧缺陷）。OHLC 整体为负但列间比例自洽→疑似源历史段符号/量纲伪影，须回源确证
2026-09-23,001872,1995-11-01,-9.450,-9.370,-9.470,-9.400,,0.040,0.4200,6768,2638706.00,,AKSHARE,close_negative,主板,1993-1999,389.8797,全史负价（源侧缺陷）。OHLC 整体为负但列间比例自洽→疑似源历史段符号/量纲伪影，须回源确证
2026-09-23,001872,1995-11-02,-9.420,-9.380,-9.460,-9.440,,-0.040,-0.4300,5536,2147383.00,,AKSHARE,close_negative,主板,1993-1999,387.8943,全史负价（源侧缺陷）。OHLC 整体为负但列间比例自洽→疑似源历史段符号/量纲伪影，须回源确证
2026-09-23,001872,1995-11-03,-9.430,-9.390,-9.440,-9.390,,0.050,0.5300,4227,1649359.00,,AKSHARE,close_negative,主板,1993-1999,390.1961,全史负价（源侧缺陷）。OHLC 整体为负但列间比例自洽→疑似源历史段符号/量纲伪影，须回源确证
2026-09-23,001872,1995-11-06,-9.370,-9.310,-9.410,-9.320,,0.070,0.7500,9103,3638495.00,,AKSHARE,close_negative,主板,1993-1999,399.7028,全史负价（源侧缺陷）。OHLC 整体为负但列间比例自洽→疑似源历史段符号/量纲伪影，须回源确证
2026-09-23,001872,1995-11-07,-9.320,-9.300,-9.380,-9.330,,-0.010,-0.1100,6872,2781820.00,,AKSHARE,close_negative,主板,1993-1999,404.805,全史负价（源侧缺陷）。OHLC 整体为负但列间比例自洽→疑似源历史段符号/量纲伪影，须回源确证
2026-09-23,001872,1995-11-08,-9.370,-9.350,-9.380,-9.360,,-0.030,-0.3200,5796,2312548.00,,AKSHARE,close_negative,主板,1993-1999,398.9903,全史负价（源侧缺陷）。OHLC 整体为负但列间比例自洽→疑似源历史段符号/量纲伪影，须回源确证
2026-09-23,001872,1995-11-09,-9.380,-9.310,-9.380,-9.310,,0.050,0.5300,5248,2115749.00,,AKSHARE,close_negative,主板,1993-1999,403.1534,全史负价（源侧缺陷）。OHLC 整体为负但列间比例自洽→疑似源历史段符号/量纲伪影，须回源确证
2026-09-23,001872,1995-11-10,-9.260,-9.210,-9.300,-9.270,,0.040,0.4300,16794,7071348.00,,AKSHARE,close_negative,主板,1993-1999,421.064,全史负价（源侧缺陷）。OHLC 整体为负但列间比例自洽→疑似源历史段符号/量纲伪影，须回源确证
2026-09-23,001872,1995-11-13,-9.270,-9.210,-9.310,-9.260,,0.010,0.1100,14284,5973042.00,,AKSHARE,close_negative,主板,1993-1999,418.1631,全史负价（源侧缺陷）。OHLC 整体为负但列间比例自洽→疑似源历史段符号/量纲伪影，须回源确证
2026-09-23,001872,1995-11-14,-9.270,-9.250,-9.310,-9.270,,-0.010,-0.1100,8583,3583389.00,,AKSHARE,close_negative,主板,1993-1999,417.4984,全史负价（源侧缺陷）。OHLC 整体为负但列间比例自洽→疑似源历史段符号/量纲伪影，须回源确证
2026-09-23,001872,1995-11-15,-9.260,-9.250,-9.350,-9.250,,0.020,0.2200,9654,3967145.00,,AKSHARE,close_negative,主板,1993-1999,410.9328,全史负价（源侧缺陷）。OHLC 整体为负但列间比例自洽→疑似源历史段符号/量纲伪影，须回源确证
2026-09-23,001872,1995-11-16,-9.260,-9.260,-9.300,-9.290,,-0.040,-0.4300,4960,2066497.00,,AKSHARE,close_negative,主板,1993-1999,416.6325,全史负价（源侧缺陷）。OHLC 整体为负但列间比例自洽→疑似源历史段符号/量纲伪影，须回源确证
2026-09-23,001872,1995-11-17,-9.300,-9.270,-9.330,-9.290,,,,39,1602321.00,,AKSHARE,close_negative,主板,1993-1999,41085.1538,全史负价（源侧缺陷）。OHLC 整体为负但列间比例自洽→疑似源历史段符号/量纲伪影，须回源确证
2026-09-23,001872,1995-11-20,-9.280,-9.210,-9.290,-9.220,,0.070,0.7500,11412,4843964.00,,AKSHARE,close_negative,主板,1993-1999,424.4623,全史负价（源侧缺陷）。OHLC 整体为负但列间比例自洽→疑似源历史段符号/量纲伪影，须回源确证
2026-09-23,001872,1995-11-21,-9.210,-9.140,-9.220,-9.180,,0.040,0.4300,21510,9399988.00,,AKSHARE,close_negative,主板,1993-1999,437.0055,全史负价（源侧缺陷）。OHLC 整体为负但列间比例自洽→疑似源历史段符号/量纲伪影，须回源确证
2026-09-23,001872,1995-11-22,-9.200,-9.150,-9.270,-9.270,,-0.090,-0.9800,7553,3223277.00,,AKSHARE,close_negative,主板,1993-1999,426.7545,全史负价（源侧缺陷）。OHLC 整体为负但列间比例自洽→疑似源历史段符号/量纲伪影，须回源确证
2026-09-23,001872,1995-11-23,-9.290,-9.220,-9.290,-9.250,,0.020,0.2200,7205,3031466.00,,AKSHARE,close_negative,主板,1993-1999,420.7448,全史负价（源侧缺陷）。OHLC 整体为负但列间比例自洽→疑似源历史段符号/量纲伪影，须回源确证
2026-09-23,001872,1995-11-24,-9.210,-9.210,-9.250,-9.210,,0.040,0.4300,7763,3302364.00,,AKSHARE,close_negative,主板,1993-1999,425.3979,全史负价（源侧缺陷）。OHLC 整体为负但列间比例自洽→疑似源历史段符号/量纲伪影，须回源确证
2026-09-23,001872,1995-11-27,-9.230,-9.200,-9.250,-9.230,,-0.020,-0.2200,4034,1716011.38,,AKSHARE,close_negative,主板,1993-1999,425.3871,全史负价（源侧缺陷）。OHLC 整体为负但列间比例自洽→疑似源历史段符号/量纲伪影，须回源确证
2026-09-23,001872,1995-11-28,-9.230,-9.230,-9.280,-9.240,,-0.010,-0.1100,3609,1514121.25,,AKSHARE,close_negative,主板,1993-1999,419.5404,全史负价（源侧缺陷）。OHLC 整体为负但列间比例自洽→疑似源历史段符号/量纲伪影，须回源确证
2026-09-23,001872,1995-11-29,-9.230,-9.230,-9.280,-9.280,,-0.040,-0.4300,2967,1239704.00,,AKSHARE,close_negative,主板,1993-1999,417.8308,全史负价（源侧缺陷）。OHLC 整体为负但列间比例自洽→疑似源历史段符号/量纲伪影，须回源确证
2026-09-23,001872,1995-11-30,-9.300,-9.250,-9.350,-9.290,,-0.010,-0.1100,5119,2090607.50,,AKSHARE,close_negative,主板,1993-1999,408.4015,全史负价（源侧缺陷）。OHLC 整体为负但列间比例自洽→疑似源历史段符号/量纲伪影，须回源确证
2026-09-23,001872,1995-12-01,-9.320,-9.270,-9.370,-9.310,,-0.020,-0.2200,2267,930486.50,,AKSHARE,close_negative,主板,1993-1999,410.4484,全史负价（源侧缺陷）。OHLC 整体为负但列间比例自洽→疑似源历史段符号/量纲伪影，须回源确证
2026-09-23,001872,1995-12-04,-9.340,-9.240,-9.340,-9.240,,0.070,0.7500,2428,999990.88,,AKSHARE,close_negative,主板,1993-1999,411.8579,全史负价（源侧缺陷）。OHLC 整体为负但列间比例自洽→疑似源历史段符号/量纲伪影，须回源确证
2026-09-23,001872,1995-12-05,-9.280,-9.240,-9.290,-9.260,,-0.020,-0.2200,2793,1171956.00,,AKSHARE,close_negative,主板,1993-1999,419.6047,全史负价（源侧缺陷）。OHLC 整体为负但列间比例自洽→疑似源历史段符号/量纲伪影，须回源确证
2026-09-23,001872,1995-12-06,-9.250,-9.230,-9.310,-9.290,,-0.030,-0.3200,3125,1296382.88,,AKSHARE,close_negative,主板,1993-1999,414.8425,全史负价（源侧缺陷）。OHLC 整体为负但列间比例自洽→疑似源历史段符号/量纲伪影，须回源确证
2026-09-23,001872,1995-12-07,-9.290,-9.270,-9.290,-9.280,,0.010,0.1100,1714,712252.38,,AKSHARE,close_negative,主板,1993-1999,415.5498,全史负价（源侧缺陷）。OHLC 整体为负但列间比例自洽→疑似源历史段符号/量纲伪影，须回源确证
2026-09-23,001872,1995-12-08,-9.280,-9.240,-9.280,-9.270,,0.010,0.1100,3877,1629915.38,,AKSHARE,close_negative,主板,1993-1999,420.4063,全史负价（源侧缺陷）。OHLC 整体为负但列间比例自洽→疑似源历史段符号/量纲伪影，须回源确证
2026-09-23,001872,1995-12-11,-9.280,-9.270,-9.330,-9.320,,-0.050,-0.5400,3340,1371827.50,,AKSHARE,close_negative,主板,1993-1999,410.7268,全史负价（源侧缺陷）。OHLC 整体为负但列间比例自洽→疑似源历史段符号/量纲伪影，须回源确证
2026-09-23,001872,1995-12-12,-9.340,-9.270,-9.350,-9.280,,0.040,0.4300,4304,1757186.12,,AKSHARE,close_negative,主板,1993-1999,408.2682,全史负价（源侧缺陷）。OHLC 整体为负但列间比例自洽→疑似源历史段符号/量纲伪影，须回源确证
2026-09-23,001872,1995-12-13,-8.390,-8.390,-9.270,-9.230,,0.050,0.5400,17290,7578389.00,,AKSHARE,close_negative,主板,1993-1999,438.3105,全史负价（源侧缺陷）。OHLC 整体为负但列间比例自洽→疑似源历史段符号/量纲伪影，须回源确证
2026-09-23,001872,1995-12-14,-9.230,-9.220,-9.300,-9.260,,-0.030,-0.3300,3253,1365465.00,,AKSHARE,close_negative,主板,1993-1999,419.7556,全史负价（源侧缺陷）。OHLC 整体为负但列间比例自洽→疑似源历史段符号/量纲伪影，须回源确证
2026-09-23,001872,1995-12-15,-9.290,-9.270,-9.310,-9.290,,-0.030,-0.3200,4451,1836709.12,,AKSHARE,close_negative,主板,1993-1999,412.6509,全史负价（源侧缺陷）。OHLC 整体为负但列间比例自洽→疑似源历史段符号/量纲伪影，须回源确证
2026-09-23,001872,1995-12-18,-9.300,-9.240,-9.350,-9.310,,-0.020,-0.2200,2938,1204864.88,,AKSHARE,close_negative,主板,1993-1999,410.097,全史负价（源侧缺陷）。OHLC 整体为负但列间比例自洽→疑似源历史段符号/量纲伪影，须回源确证
2026-09-23,001872,1995-12-19,-9.300,-9.270,-9.310,-9.290,,0.020,0.2100,1605,662509.69,,AKSHARE,close_negative,主板,1993-1999,412.7786,全史负价（源侧缺陷）。OHLC 整体为负但列间比例自洽→疑似源历史段符号/量纲伪影，须回源确证
2026-09-23,001872,1995-12-20,-9.290,-9.270,-9.300,-9.290,,,,1636,678734.00,,AKSHARE,close_negative,主板,1993-1999,414.8741,全史负价（源侧缺陷）。OHLC 整体为负但列间比例自洽→疑似源历史段符号/量纲伪影，须回源确证
2026-09-23,001872,1995-12-21,-9.270,-9.260,-9.290,-9.280,,0.010,0.1100,2224,926967.50,,AKSHARE,close_negative,主板,1993-1999,416.8019,全史负价（源侧缺陷）。OHLC 整体为负但列间比例自洽→疑似源历史段符号/量纲伪影，须回源确证
2026-09-23,001872,1995-12-22,-9.330,-9.290,-9.330,-9.300,,-0.020,-0.2200,1762,723824.00,,AKSHARE,close_negative,主板,1993-1999,410.7968,全史负价（源侧缺陷）。OHLC 整体为负但列间比例自洽→疑似源历史段符号/量纲伪影，须回源确证
2026-09-23,001872,1995-12-25,-9.350,-9.300,-9.350,-9.330,,-0.030,-0.3200,1877,764440.81,,AKSHARE,close_negative,主板,1993-1999,407.2673,全史负价（源侧缺陷）。OHLC 整体为负但列间比例自洽→疑似源历史段符号/量纲伪影，须回源确证
2026-09-23,001872,1995-12-26,-9.350,-9.260,-9.350,-9.300,,0.030,0.3200,4511,1861915.38,,AKSHARE,close_negative,主板,1993-1999,412.75,全史负价（源侧缺陷）。OHLC 整体为负但列间比例自洽→疑似源历史段符号/量纲伪影，须回源确证
2026-09-23,001872,1995-12-27,-9.300,-9.290,-9.330,-9.290,,0.010,0.1100,3848,1577274.62,,AKSHARE,close_negative,主板,1993-1999,409.8947,全史负价（源侧缺陷）。OHLC 整体为负但列间比例自洽→疑似源历史段符号/量纲伪影，须回源确证
2026-09-23,001872,1995-12-28,-9.320,-9.290,-9.330,-9.330,,-0.040,-0.4300,1708,697760.62,,AKSHARE,close_negative,主板,1993-1999,408.525,全史负价（源侧缺陷）。OHLC 整体为负但列间比例自洽→疑似源历史段符号/量纲伪影，须回源确证
2026-09-23,001872,1995-12-29,-9.340,-9.300,-9.340,-9.320,,0.010,0.1100,2318,946689.38,,AKSHARE,close_negative,主板,1993-1999,408.4078,全史负价（源侧缺陷）。OHLC 整体为负但列间比例自洽→疑似源历史段符号/量纲伪影，须回源确证
2026-09-23,001872,1996-01-02,-9.330,-9.300,-9.350,-9.330,,-0.010,-0.1100,2504,1015244.00,,AKSHARE,close_negative,主板,1993-1999,405.4489,全史负价（源侧缺陷）。OHLC 整体为负但列间比例自洽→疑似源历史段符号/量纲伪影，须回源确证
2026-09-23,001872,1996-01-03,-9.360,-9.330,-9.360,-9.340,,-0.010,-0.1100,1939,782983.00,,AKSHARE,close_negative,主板,1993-1999,403.8076,全史负价（源侧缺陷）。OHLC 整体为负但列间比例自洽→疑似源历史段符号/量纲伪影，须回源确证
2026-09-23,001872,1996-01-04,-9.330,-9.260,-9.330,-9.280,,0.060,0.6400,5504,2270709.75,,AKSHARE,close_negative,主板,1993-1999,412.5563,全史负价（源侧缺陷）。OHLC 整体为负但列间比例自洽→疑似源历史段符号/量纲伪影，须回源确证
2026-09-23,001872,1996-01-05,-9.360,-9.250,-9.360,-9.330,,-0.050,-0.5400,6503,2691563.25,,AKSHARE,close_negative,主板,1993-1999,413.8956,全史负价（源侧缺陷）。OHLC 整体为负但列间比例自洽→疑似源历史段符号/量纲伪影，须回源确证
2026-09-23,001872,1996-01-08,-9.350,-9.290,-9.360,-9.310,,0.020,0.2100,1445,588799.00,,AKSHARE,close_negative,主板,1993-1999,407.4734,全史负价（源侧缺陷）。OHLC 整体为负但列间比例自洽→疑似源历史段符号/量纲伪影，须回源确证
2026-09-23,001872,1996-01-09,-9.270,-9.260,-9.310,-9.270,,0.040,0.4300,5891,2445514.00,,AKSHARE,close_negative,主板,1993-1999,415.1271,全史负价（源侧缺陷）。OHLC 整体为负但列间比例自洽→疑似源历史段符号/量纲伪影，须回源确证
2026-09-23,001872,1996-01-10,-9.290,-9.290,-9.320,-9.320,,-0.050,-0.5400,1995,816983.81,,AKSHARE,close_negative,主板,1993-1999,409.5157,全史负价（源侧缺陷）。OHLC 整体为负但列间比例自洽→疑似源历史段符号/量纲伪影，须回源确证
2026-09-23,001872,1996-01-11,-9.330,-9.260,-9.330,-9.300,,0.020,0.2100,1576,648769.31,,AKSHARE,close_negative,主板,1993-1999,411.6557,全史负价（源侧缺陷）。OHLC 整体为负但列间比例自洽→疑似源历史段符号/量纲伪影，须回源确证
2026-09-23,001872,1996-01-12,-9.310,-9.270,-9.350,-9.290,,0.010,0.1100,2402,986431.00,,AKSHARE,close_negative,主板,1993-1999,410.6707,全史负价（源侧缺陷）。OHLC 整体为负但列间比例自洽→疑似源历史段符号/量纲伪影，须回源确证
2026-09-23,001872,1996-01-15,-9.300,-9.280,-9.310,-9.290,,,,1515,625445.06,,AKSHARE,close_negative,主板,1993-1999,412.835,全史负价（源侧缺陷）。OHLC 整体为负但列间比例自洽→疑似源历史段符号/量纲伪影，须回源确证
2026-09-23,001872,1996-01-16,-9.300,-9.280,-9.310,-9.310,,-0.020,-0.2200,801,330039.50,,AKSHARE,close_negative,主板,1993-1999,412.0343,全史负价（源侧缺陷）。OHLC 整体为负但列间比例自洽→疑似源历史段符号/量纲伪影，须回源确证
2026-09-23,001872,1996-01-17,-9.310,-9.300,-9.330,-9.320,,-0.010,-0.1100,2817,1153224.62,,AKSHARE,close_negative,主板,1993-1999,409.3804,全史负价（源侧缺陷）。OHLC 整体为负但列间比例自洽→疑似源历史段符号/量纲伪影，须回源确证
2026-09-23,001872,1996-01-18,-9.330,-9.330,-9.470,-9.470,,-0.150,-1.6100,7580,2977523.75,,AKSHARE,close_negative,主板,1993-1999,392.8132,全史负价（源侧缺陷）。OHLC 整体为负但列间比例自洽→疑似源历史段符号/量纲伪影，须回源确证
2026-09-23,001872,1996-01-19,-9.470,-9.450,-9.520,-9.450,,0.020,0.2100,3556,1341077.00,,AKSHARE,close_negative,主板,1993-1999,377.1308,全史负价（源侧缺陷）。OHLC 整体为负但列间比例自洽→疑似源历史段符号/量纲伪影，须回源确证
2026-09-23,001872,1996-01-22,-9.500,-9.470,-9.500,-9.490,,-0.040,-0.4200,2015,758380.38,,AKSHARE,close_negative,主板,1993-1999,376.3674,全史负价（源侧缺陷）。OHLC 整体为负但列间比例自洽→疑似源历史段符号/量纲伪影，须回源确证
2026-09-23,001872,1996-01-23,-9.470,-9.450,-9.500,-9.480,,0.010,0.1100,1131,427481.50,,AKSHARE,close_negative,主板,1993-1999,377.9677,全史负价（源侧缺陷）。OHLC 整体为负但列间比例自洽→疑似源历史段符号/量纲伪影，须回源确证
2026-09-23,001872,1996-01-24,-9.480,-9.450,-9.480,-9.450,,0.030,0.3200,835,318833.81,,AKSHARE,close_negative,主板,1993-1999,381.8369,全史负价（源侧缺陷）。OHLC 整体为负但列间比例自洽→疑似源历史段符号/量纲伪影，须回源确证
2026-09-23,001872,1996-01-25,-9.450,-9.380,-9.470,-9.470,,-0.020,-0.2100,3322,1288881.00,,AKSHARE,close_negative,主板,1993-1999,387.9834,全史负价（源侧缺陷）。OHLC 整体为负但列间比例自洽→疑似源历史段符号/量纲伪影，须回源确证
2026-09-23,001872,1996-01-26,-9.500,-9.380,-9.510,-9.400,,0.070,0.7400,5343,2097515.50,,AKSHARE,close_negative,主板,1993-1999,392.5726,全史负价（源侧缺陷）。OHLC 整体为负但列间比例自洽→疑似源历史段符号/量纲伪影，须回源确证
2026-09-23,001872,1996-01-29,-9.380,-9.350,-9.410,-9.380,,0.020,0.2100,2554,1014016.19,,AKSHARE,close_negative,主板,1993-1999,397.0306,全史负价（源侧缺陷）。OHLC 整体为负但列间比例自洽→疑似源历史段符号/量纲伪影，须回源确证
2026-09-23,001872,1996-01-30,-9.410,-9.350,-9.410,-9.370,,0.010,0.1100,2398,955323.69,,AKSHARE,close_negative,主板,1993-1999,398.3835,全史负价（源侧缺陷）。OHLC 整体为负但列间比例自洽→疑似源历史段符号/量纲伪影，须回源确证
2026-09-23,001872,1996-01-31,-9.380,-9.360,-9.410,-9.360,,0.010,0.1100,1645,654734.38,,AKSHARE,close_negative,主板,1993-1999,398.0148,全史负价（源侧缺陷）。OHLC 整体为负但列间比例自洽→疑似源历史段符号/量纲伪影，须回源确证
2026-09-23,001872,1996-02-01,-9.370,-9.370,-9.410,-9.380,,-0.020,-0.2100,952,377966.31,,AKSHARE,close_negative,主板,1993-1999,397.0234,全史负价（源侧缺陷）。OHLC 整体为负但列间比例自洽→疑似源历史段符号/量纲伪影，须回源确证
2026-09-23,001872,1996-02-02,-9.410,-9.380,-9.410,-9.400,,-0.020,-0.2100,1835,722349.69,,AKSHARE,close_negative,主板,1993-1999,393.6511,全史负价（源侧缺陷）。OHLC 整体为负但列间比例自洽→疑似源历史段符号/量纲伪影，须回源确证
2026-09-23,001872,1996-02-05,-9.360,-9.320,-9.420,-9.420,,-0.020,-0.2100,1618,636567.00,,AKSHARE,close_negative,主板,1993-1999,393.4283,全史负价（源侧缺陷）。OHLC 整体为负但列间比例自洽→疑似源历史段符号/量纲伪影，须回源确证
2026-09-23,001872,1996-02-06,-9.440,-9.360,-9.440,-9.410,,0.010,0.1100,5269,2084065.88,,AKSHARE,close_negative,主板,1993-1999,395.5335,全史负价（源侧缺陷）。OHLC 整体为负但列间比例自洽→疑似源历史段符号/量纲伪影，须回源确证
2026-09-23,001872,1996-02-07,-9.420,-9.390,-9.420,-9.400,,0.010,0.1100,481,188844.06,,AKSHARE,close_negative,主板,1993-1999,392.6072,全史负价（源侧缺陷）。OHLC 整体为负但列间比例自洽→疑似源历史段符号/量纲伪影，须回源确证
2026-09-23,001872,1996-02-08,-9.420,-9.370,-9.420,-9.400,,,,1033,405271.69,,AKSHARE,close_negative,主板,1993-1999,392.325,全史负价（源侧缺陷）。OHLC 整体为负但列间比例自洽→疑似源历史段符号/量纲伪影，须回源确证
2026-09-23,001872,1996-02-09,-9.420,-9.370,-9.420,-9.380,,0.020,0.2100,889,352034.00,,AKSHARE,close_negative,主板,1993-1999,395.9888,全史负价（源侧缺陷）。OHLC 整体为负但列间比例自洽→疑似源历史段符号/量纲伪影，须回源确证
2026-09-23,001872,1996-02-12,-9.380,-9.370,-9.410,-9.380,,,,895,354242.00,,AKSHARE,close_negative,主板,1993-1999,395.8011,全史负价（源侧缺陷）。OHLC 整体为负但列间比例自洽→疑似源历史段符号/量纲伪影，须回源确证
2026-09-23,001872,1996-02-13,-9.380,-9.320,-9.380,-9.320,,0.060,0.6400,3174,1282092.50,,AKSHARE,close_negative,主板,1993-1999,403.9359,全史负价（源侧缺陷）。OHLC 整体为负但列间比例自洽→疑似源历史段符号/量纲伪影，须回源确证
2026-09-23,001872,1996-02-14,-9.310,-9.270,-9.340,-9.330,,-0.010,-0.1100,3909,1604294.75,,AKSHARE,close_negative,主板,1993-1999,410.4105,全史负价（源侧缺陷）。OHLC 整体为负但列间比例自洽→疑似源历史段符号/量纲伪影，须回源确证
2026-09-23,001872,1996-02-15,-9.310,-9.290,-9.340,-9.320,,0.010,0.1100,1720,703184.75,,AKSHARE,close_negative,主板,1993-1999,408.8283,全史负价（源侧缺陷）。OHLC 整体为负但列间比例自洽→疑似源历史段符号/量纲伪影，须回源确证
2026-09-23,001872,1996-02-16,-9.300,-9.270,-9.320,-9.290,,0.030,0.3200,5107,2110037.25,,AKSHARE,close_negative,主板,1993-1999,413.1657,全史负价（源侧缺陷）。OHLC 整体为负但列间比例自洽→疑似源历史段符号/量纲伪影，须回源确证
2026-09-23,001872,1996-03-04,-9.110,-9.110,-9.280,-9.170,,0.120,1.2900,11934,5122703.50,,AKSHARE,close_negative,主板,1993-1999,429.2528,全史负价（源侧缺陷）。OHLC 整体为负但列间比例自洽→疑似源历史段符号/量纲伪影，须回源确证
2026-09-23,001872,1996-03-05,-9.200,-9.160,-9.270,-9.250,,-0.080,-0.8700,6174,2633781.75,,AKSHARE,close_negative,主板,1993-1999,426.5924,全史负价（源侧缺陷）。OHLC 整体为负但列间比例自洽→疑似源历史段符号/量纲伪影，须回源确证
2026-09-23,001872,1996-03-06,-9.260,-9.230,-9.350,-9.330,,-0.080,-0.8600,3817,1564792.00,,AKSHARE,close_negative,主板,1993-1999,409.9534,全史负价（源侧缺陷）。OHLC 整体为负但列间比例自洽→疑似源历史段符号/量纲伪影，须回源确证
2026-09-23,001872,1996-03-07,-9.360,-9.290,-9.360,-9.300,,0.030,0.3200,1870,763364.38,,AKSHARE,close_negative,主板,1993-1999,408.2162,全史负价（源侧缺陷）。OHLC 整体为负但列间比例自洽→疑似源历史段符号/量纲伪影，须回源确证
2026-09-23,001872,1996-03-08,-9.300,-9.280,-9.330,-9.310,,-0.010,-0.1100,1948,796992.38,,AKSHARE,close_negative,主板,1993-1999,409.1337,全史负价（源侧缺陷）。OHLC 整体为负但列间比例自洽→疑似源历史段符号/量纲伪影，须回源确证
2026-09-23,001872,1996-03-11,-9.310,-9.310,-9.360,-9.350,,-0.040,-0.4300,2613,1055008.50,,AKSHARE,close_negative,主板,1993-1999,403.7537,全史负价（源侧缺陷）。OHLC 整体为负但列间比例自洽→疑似源历史段符号/量纲伪影，须回源确证
2026-09-23,001872,1996-03-12,-9.360,-9.340,-9.370,-9.360,,-0.010,-0.1100,1941,777797.00,,AKSHARE,close_negative,主板,1993-1999,400.7197,全史负价（源侧缺陷）。OHLC 整体为负但列间比例自洽→疑似源历史段符号/量纲伪影，须回源确证
2026-09-23,001872,1996-03-13,-9.360,-9.350,-9.370,-9.360,,,,1390,555738.62,,AKSHARE,close_negative,主板,1993-1999,399.812,全史负价（源侧缺陷）。OHLC 整体为负但列间比例自洽→疑似源历史段符号/量纲伪影，须回源确证
2026-09-23,001872,1996-03-14,-9.360,-9.320,-9.360,-9.360,,,,1115,451792.91,,AKSHARE,close_negative,主板,1993-1999,405.1954,全史负价（源侧缺陷）。OHLC 整体为负但列间比例自洽→疑似源历史段符号/量纲伪影，须回源确证
2026-09-23,001872,1996-03-15,-9.370,-9.340,-9.370,-9.340,,0.020,0.2100,547,219883.70,,AKSHARE,close_negative,主板,1993-1999,401.9812,全史负价（源侧缺陷）。OHLC 整体为负但列间比例自洽→疑似源历史段符号/量纲伪影，须回源确证
2026-09-23,001872,1996-03-18,-9.360,-9.320,-9.360,-9.340,,,,920,370560.66,,AKSHARE,close_negative,主板,1993-1999,402.7833,全史负价（源侧缺陷）。OHLC 整体为负但列间比例自洽→疑似源历史段符号/量纲伪影，须回源确证
2026-09-23,001872,1996-03-19,-9.360,-9.330,-9.360,-9.360,,-0.020,-0.2100,1156,464869.09,,AKSHARE,close_negative,主板,1993-1999,402.1359,全史负价（源侧缺陷）。OHLC 整体为负但列间比例自洽→疑似源历史段符号/量纲伪影，须回源确证
2026-09-23,001872,1996-03-20,-9.350,-9.330,-9.350,-9.340,,0.020,0.2100,1099,443983.19,,AKSHARE,close_negative,主板,1993-1999,403.9883,全史负价（源侧缺陷）。OHLC 整体为负但列间比例自洽→疑似源历史段符号/量纲伪影，须回源确证
2026-09-23,001872,1996-03-21,-9.300,-9.300,-9.340,-9.340,,,,689,279665.19,,AKSHARE,close_negative,主板,1993-1999,405.9001,全史负价（源侧缺陷）。OHLC 整体为负但列间比例自洽→疑似源历史段符号/量纲伪影，须回源确证
2026-09-23,001872,1996-03-22,-9.340,-9.330,-9.360,-9.340,,,,861,346707.09,,AKSHARE,close_negative,主板,1993-1999,402.6795,全史负价（源侧缺陷）。OHLC 整体为负但列间比例自洽→疑似源历史段符号/量纲伪影，须回源确证
2026-09-23,001872,1996-03-25,-9.310,-9.300,-9.340,-9.310,,0.030,0.3200,2618,1069201.75,,AKSHARE,close_negative,主板,1993-1999,408.404,全史负价（源侧缺陷）。OHLC 整体为负但列间比例自洽→疑似源历史段符号/量纲伪影，须回源确证
2026-09-23,001872,1996-03-26,-9.300,-9.300,-9.340,-9.330,,-0.020,-0.2100,1936,793017.00,,AKSHARE,close_negative,主板,1993-1999,409.6162,全史负价（源侧缺陷）。OHLC 整体为负但列间比例自洽→疑似源历史段符号/量纲伪影，须回源确证
2026-09-23,001872,1996-03-27,-9.360,-9.330,-9.360,-9.330,,,,930,374671.69,,AKSHARE,close_negative,主板,1993-1999,402.8728,全史负价（源侧缺陷）。OHLC 整体为负但列间比例自洽→疑似源历史段符号/量纲伪影，须回源确证
2026-09-23,001872,1996-03-28,-9.360,-9.330,-9.360,-9.340,,-0.010,-0.1100,707,286183.41,,AKSHARE,close_negative,主板,1993-1999,404.7856,全史负价（源侧缺陷）。OHLC 整体为负但列间比例自洽→疑似源历史段符号/量纲伪影，须回源确证
2026-09-23,001872,1996-03-29,-9.360,-9.310,-9.360,-9.330,,0.010,0.1100,1197,485547.69,,AKSHARE,close_negative,主板,1993-1999,405.6372,全史负价（源侧缺陷）。OHLC 整体为负但列间比例自洽→疑似源历史段符号/量纲伪影，须回源确证
2026-09-23,001872,1996-04-01,-9.310,-9.280,-9.340,-9.330,,,,1649,671841.19,,AKSHARE,close_negative,主板,1993-1999,407.4234,全史负价（源侧缺陷）。OHLC 整体为负但列间比例自洽→疑似源历史段符号/量纲伪影，须回源确证
2026-09-23,001872,1996-04-02,-9.360,-9.340,-9.360,-9.350,,-0.020,-0.2100,1797,723331.88,,AKSHARE,close_negative,主板,1993-1999,402.5219,全史负价（源侧缺陷）。OHLC 整体为负但列间比例自洽→疑似源历史段符号/量纲伪影，须回源确证
2026-09-23,001872,1996-04-03,-9.360,-9.340,-9.370,-9.350,,,,937,376904.00,,AKSHARE,close_negative,主板,1993-1999,402.2455,全史负价（源侧缺陷）。OHLC 整体为负但列间比例自洽→疑似源历史段符号/量纲伪影，须回源确证
2026-09-23,001872,1996-04-04,-9.350,-9.330,-9.420,-9.330,,0.020,0.2100,1755,706823.38,,AKSHARE,close_negative,主板,1993-1999,402.7484,全史负价（源侧缺陷）。OHLC 整体为负但列间比例自洽→疑似源历史段符号/量纲伪影，须回源确证
2026-09-23,001872,1996-04-05,-9.320,-9.290,-9.340,-9.300,,0.030,0.3200,2640,1081337.25,,AKSHARE,close_negative,主板,1993-1999,409.5974,全史负价（源侧缺陷）。OHLC 整体为负但列间比例自洽→疑似源历史段符号/量纲伪影，须回源确证
2026-09-23,001872,1996-04-08,-9.300,-9.210,-9.330,-9.250,,0.050,0.5400,9768,4120704.50,,AKSHARE,close_negative,主板,1993-1999,421.8575,全史负价（源侧缺陷）。OHLC 整体为负但列间比例自洽→疑似源历史段符号/量纲伪影，须回源确证
2026-09-23,001872,1996-04-09,-9.260,-9.210,-9.270,-9.250,,,,7360,3110522.75,,AKSHARE,close_negative,主板,1993-1999,422.6254,全史负价（源侧缺陷）。OHLC 整体为负但列间比例自洽→疑似源历史段符号/量纲伪影，须回源确证
2026-09-23,001872,1996-04-10,-9.300,-9.230,-9.300,-9.260,,-0.010,-0.1100,3575,1504984.38,,AKSHARE,close_negative,主板,1993-1999,420.9747,全史负价（源侧缺陷）。OHLC 整体为负但列间比例自洽→疑似源历史段符号/量纲伪影，须回源确证
2026-09-23,001872,1996-04-11,-9.280,-9.200,-9.280,-9.210,,0.050,0.5400,4678,1978318.00,,AKSHARE,close_negative,主板,1993-1999,422.8982,全史负价（源侧缺陷）。OHLC 整体为负但列间比例自洽→疑似源历史段符号/量纲伪影，须回源确证
2026-09-23,001872,1996-04-12,-9.210,-9.150,-9.260,-9.200,,0.010,0.1100,12498,5429951.50,,AKSHARE,close_negative,主板,1993-1999,434.4656,全史负价（源侧缺陷）。OHLC 整体为负但列间比例自洽→疑似源历史段符号/量纲伪影，须回源确证
2026-09-23,001872,1996-04-15,-9.220,-9.150,-9.230,-9.160,,0.040,0.4300,10461,4552654.00,,AKSHARE,close_negative,主板,1993-1999,435.2026,全史负价（源侧缺陷）。OHLC 整体为负但列间比例自洽→疑似源历史段符号/量纲伪影，须回源确证
2026-09-23,001872,1996-04-16,-9.160,-9.130,-9.200,-9.130,,0.030,0.3300,7632,3340924.75,,AKSHARE,close_negative,主板,1993-1999,437.7522,全史负价（源侧缺陷）。OHLC 整体为负但列间比例自洽→疑似源历史段符号/量纲伪影，须回源确证
2026-09-23,001872,1996-04-17,-9.130,-9.060,-9.130,-9.120,,0.010,0.1100,17989,8096699.00,,AKSHARE,close_negative,主板,1993-1999,450.0917,全史负价（源侧缺陷）。OHLC 整体为负但列间比例自洽→疑似源历史段符号/量纲伪影，须回源确证
2026-09-23,001872,1996-04-18,-9.130,-9.040,-9.140,-9.050,,0.070,0.7700,13936,6283216.00,,AKSHARE,close_negative,主板,1993-1999,450.8622,全史负价（源侧缺陷）。OHLC 整体为负但列间比例自洽→疑似源历史段符号/量纲伪影，须回源确证
2026-09-23,001872,1996-04-19,-9.050,-8.990,-9.090,-9.070,,-0.020,-0.2200,20392,9371789.00,,AKSHARE,close_negative,主板,1993-1999,459.5816,全史负价（源侧缺陷）。OHLC 整体为负但列间比例自洽→疑似源历史段符号/量纲伪影，须回源确证
2026-09-23,001872,1996-04-22,-9.090,-9.010,-9.120,-9.070,,,,15508,7072485.50,,AKSHARE,close_negative,主板,1993-1999,456.054,全史负价（源侧缺陷）。OHLC 整体为负但列间比例自洽→疑似源历史段符号/量纲伪影，须回源确证
2026-09-23,001872,1996-04-23,-9.070,-8.980,-9.100,-8.980,,0.090,0.9900,12939,5957565.00,,AKSHARE,close_negative,主板,1993-1999,460.4347,全史负价（源侧缺陷）。OHLC 整体为负但列间比例自洽→疑似源历史段符号/量纲伪影，须回源确证
2026-09-23,001872,1996-04-24,-8.950,-8.760,-8.950,-8.800,,0.180,2.0000,32624,16168508.00,,AKSHARE,close_negative,主板,1993-1999,495.6016,全史负价（源侧缺陷）。OHLC 整体为负但列间比例自洽→疑似源历史段符号/量纲伪影，须回源确证
2026-09-23,001872,1996-04-25,-8.750,-8.620,-9.020,-8.970,,-0.170,-1.9300,30722,15310946.00,,AKSHARE,close_negative,主板,1993-1999,498.3707,全史负价（源侧缺陷）。OHLC 整体为负但列间比例自洽→疑似源历史段符号/量纲伪影，须回源确证
2026-09-23,001872,1996-04-26,-8.980,-8.660,-8.980,-8.760,,0.210,2.3400,36014,18272468.00,,AKSHARE,close_negative,主板,1993-1999,507.3712,全史负价（源侧缺陷）。OHLC 整体为负但列间比例自洽→疑似源历史段符号/量纲伪影，须回源确证
2026-09-23,001872,1996-04-29,-8.740,-8.310,-8.800,-8.410,,0.350,4.0000,47346,26448126.00,,AKSHARE,close_negative,主板,1993-1999,558.6137,全史负价（源侧缺陷）。OHLC 整体为负但列间比例自洽→疑似源历史段符号/量纲伪影，须回源确证
2026-09-23,001872,1996-04-30,-8.410,-8.190,-8.660,-8.450,,-0.040,-0.4800,57939,33592208.00,,AKSHARE,close_negative,主板,1993-1999,579.7858,全史负价（源侧缺陷）。OHLC 整体为负但列间比例自洽→疑似源历史段符号/量纲伪影，须回源确证
2026-09-23,001872,1996-05-02,-8.290,-8.080,-8.640,-8.590,,-0.140,-1.6600,35430,20442432.00,,AKSHARE,close_negative,主板,1993-1999,576.9809,全史负价（源侧缺陷）。OHLC 整体为负但列间比例自洽→疑似源历史段符号/量纲伪影，须回源确证
2026-09-23,001872,1996-05-03,-8.610,-8.430,-8.740,-8.570,,0.020,0.2300,25194,13588965.00,,AKSHARE,close_negative,主板,1993-1999,539.3731,全史负价（源侧缺陷）。OHLC 整体为负但列间比例自洽→疑似源历史段符号/量纲伪影，须回源确证
2026-09-23,001872,1996-05-06,-8.580,-8.440,-8.610,-8.450,,0.120,1.4000,15503,8608530.00,,AKSHARE,close_negative,主板,1993-1999,555.2816,全史负价（源侧缺陷）。OHLC 整体为负但列间比例自洽→疑似源历史段符号/量纲伪影，须回源确证
2026-09-23,001872,1996-05-07,-8.400,-8.370,-8.600,-8.530,,-0.080,-0.9500,13862,7730057.00,,AKSHARE,close_negative,主板,1993-1999,557.6437,全史负价（源侧缺陷）。OHLC 整体为负但列间比例自洽→疑似源历史段符号/量纲伪影，须回源确证
2026-09-23,001872,1996-05-08,-8.560,-8.560,-8.660,-8.630,,-0.100,-1.1700,8417,4531973.00,,AKSHARE,close_negative,主板,1993-1999,538.4309,全史负价（源侧缺陷）。OHLC 整体为负但列间比例自洽→疑似源历史段符号/量纲伪影，须回源确证
2026-09-23,001872,1996-05-09,-8.660,-8.600,-8.780,-8.770,,-0.140,-1.6200,9818,5144941.00,,AKSHARE,close_negative,主板,1993-1999,524.0315,全史负价（源侧缺陷）。OHLC 整体为负但列间比例自洽→疑似源历史段符号/量纲伪影，须回源确证
2026-09-23,001872,1996-05-10,-8.770,-8.690,-8.840,-8.690,,0.080,0.9100,10634,5428910.50,,AKSHARE,close_negative,主板,1993-1999,510.5238,全史负价（源侧缺陷）。OHLC 整体为负但列间比例自洽→疑似源历史段符号/量纲伪影，须回源确证
2026-09-23,001872,1996-05-13,-8.660,-8.290,-8.660,-8.400,,0.290,3.3400,44069,25396926.00,,AKSHARE,close_negative,主板,1993-1999,576.2991,全史负价（源侧缺陷）。OHLC 整体为负但列间比例自洽→疑似源历史段符号/量纲伪影，须回源确证
2026-09-23,001872,1996-05-14,-8.380,-8.330,-8.500,-8.480,,-0.080,-0.9500,25379,14662053.00,,AKSHARE,close_negative,主板,1993-1999,577.7238,全史负价（源侧缺陷）。OHLC 整体为负但列间比例自洽→疑似源历史段符号/量纲伪影，须回源确证
2026-09-23,001872,1996-05-15,-8.530,-8.290,-8.560,-8.310,,0.170,2.0000,22499,13038983.00,,AKSHARE,close_negative,主板,1993-1999,579.5361,全史负价（源侧缺陷）。OHLC 整体为负但列间比例自洽→疑似源历史段符号/量纲伪影，须回源确证
2026-09-23,001872,1996-05-16,-8.270,-8.140,-8.340,-8.170,,0.140,1.6800,59595,36417640.00,,AKSHARE,close_negative,主板,1993-1999,611.0855,全史负价（源侧缺陷）。OHLC 整体为负但列间比例自洽→疑似源历史段符号/量纲伪影，须回源确证
2026-09-23,001872,1996-05-17,-8.190,-8.070,-8.290,-8.080,,0.090,1.1000,31824,19918906.00,,AKSHARE,close_negative,主板,1993-1999,625.9083,全史负价（源侧缺陷）。OHLC 整体为负但列间比例自洽→疑似源历史段符号/量纲伪影，须回源确证
2026-09-23,001872,1996-05-20,-7.990,-7.770,-8.180,-8.060,,0.020,0.2500,45705,30387308.00,,AKSHARE,close_negative,主板,1993-1999,664.8574,全史负价（源侧缺陷）。OHLC 整体为负但列间比例自洽→疑似源历史段符号/量纲伪影，须回源确证
2026-09-23,001872,1996-05-21,-7.490,-7.490,-8.280,-8.220,,-0.160,-1.9900,87052,57540124.00,,AKSHARE,close_negative,主板,1993-1999,660.9857,全史负价（源侧缺陷）。OHLC 整体为负但列间比例自洽→疑似源历史段符号/量纲伪影，须回源确证
2026-09-23,001872,1996-05-22,-8.230,-7.880,-8.340,-7.960,,0.260,3.1600,59875,38582572.00,,AKSHARE,close_negative,主板,1993-1999,644.3853,全史负价（源侧缺陷）。OHLC 整体为负但列间比例自洽→疑似源历史段符号/量纲伪影，须回源确证
2026-09-23,001872,1996-05-23,-7.960,-7.940,-8.290,-8.240,,-0.280,-3.5200,37774,23524658.00,,AKSHARE,close_negative,主板,1993-1999,622.7738,全史负价（源侧缺陷）。OHLC 整体为负但列间比例自洽→疑似源历史段符号/量纲伪影，须回源确证
2026-09-23,001872,1996-05-24,-8.290,-8.140,-8.330,-8.210,,0.030,0.3600,22843,14099382.00,,AKSHARE,close_negative,主板,1993-1999,617.2299,全史负价（源侧缺陷）。OHLC 整体为负但列间比例自洽→疑似源历史段符号/量纲伪影，须回源确证
2026-09-23,001872,1996-05-27,-8.360,-8.190,-8.360,-8.230,,-0.020,-0.2400,8092,4928804.50,,AKSHARE,close_negative,主板,1993-1999,609.096,全史负价（源侧缺陷）。OHLC 整体为负但列间比例自洽→疑似源历史段符号/量纲伪影，须回源确证
2026-09-23,001872,1996-05-28,-8.290,-8.150,-8.290,-8.170,,0.060,0.7300,15411,9545604.00,,AKSHARE,close_negative,主板,1993-1999,619.402,全史负价（源侧缺陷）。OHLC 整体为负但列间比例自洽→疑似源历史段符号/量纲伪影，须回源确证
2026-09-23,001872,1996-05-29,-8.170,-7.860,-8.170,-7.910,,0.260,3.1800,36262,23676322.00,,AKSHARE,close_negative,主板,1993-1999,652.9238,全史负价（源侧缺陷）。OHLC 整体为负但列间比例自洽→疑似源历史段符号/量纲伪影，须回源确证
2026-09-23,001872,1996-05-30,-7.910,-7.830,-8.080,-7.970,,-0.060,-0.7600,53266,35531692.00,,AKSHARE,close_negative,主板,1993-1999,667.0614,全史负价（源侧缺陷）。OHLC 整体为负但列间比例自洽→疑似源历史段符号/量纲伪影，须回源确证
2026-09-23,001872,1996-05-31,-7.990,-7.590,-8.020,-7.650,,0.320,4.0200,79482,54609576.00,,AKSHARE,close_negative,主板,1993-1999,687.0685,全史负价（源侧缺陷）。OHLC 整体为负但列间比例自洽→疑似源历史段符号/量纲伪影，须回源确证
2026-09-23,001872,1996-06-03,-7.620,-7.450,-7.840,-7.640,,0.010,0.1300,86630,62405372.00,,AKSHARE,close_negative,主板,1993-1999,720.3668,全史负价（源侧缺陷）。OHLC 整体为负但列间比例自洽→疑似源历史段符号/量纲伪影，须回源确证
2026-09-23,001872,1996-06-04,-7.640,-7.620,-7.820,-7.720,,-0.080,-1.0500,46934,33141880.00,,AKSHARE,close_negative,主板,1993-1999,706.138,全史负价（源侧缺陷）。OHLC 整体为负但列间比例自洽→疑似源历史段符号/量纲伪影，须回源确证
2026-09-23,001872,1996-06-05,-7.750,-7.720,-7.920,-7.760,,-0.040,-0.5200,52804,36049000.00,,AKSHARE,close_negative,主板,1993-1999,682.6945,全史负价（源侧缺陷）。OHLC 整体为负但列间比例自洽→疑似源历史段符号/量纲伪影，须回源确证
2026-09-23,001872,1996-06-06,-7.840,-7.670,-7.950,-7.730,,0.030,0.3900,30420,21007996.00,,AKSHARE,close_negative,主板,1993-1999,690.5982,全史负价（源侧缺陷）。OHLC 整体为负但列间比例自洽→疑似源历史段符号/量纲伪影，须回源确证
2026-09-23,001872,1996-06-07,-7.750,-7.620,-7.840,-7.720,,0.010,0.1300,44011,31168048.00,,AKSHARE,close_negative,主板,1993-1999,708.1877,全史负价（源侧缺陷）。OHLC 整体为负但列间比例自洽→疑似源历史段符号/量纲伪影，须回源确证
2026-09-23,001872,1996-06-10,-7.760,-7.730,-7.830,-7.800,,-0.080,-1.0400,23524,16286388.00,,AKSHARE,close_negative,主板,1993-1999,692.3307,全史负价（源侧缺陷）。OHLC 整体为负但列间比例自洽→疑似源历史段符号/量纲伪影，须回源确证
2026-09-23,001872,1996-06-11,-7.780,-7.590,-7.810,-7.600,,0.200,2.5600,61221,44121300.00,,AKSHARE,close_negative,主板,1993-1999,720.689,全史负价（源侧缺陷）。OHLC 整体为负但列间比例自洽→疑似源历史段符号/量纲伪影，须回源确证
2026-09-23,001872,1996-06-12,-7.580,-7.220,-7.590,-7.420,,0.180,2.3700,62946,47709612.00,,AKSHARE,close_negative,主板,1993-1999,757.9451,全史负价（源侧缺陷）。OHLC 整体为负但列间比例自洽→疑似源历史段符号/量纲伪影，须回源确证
2026-09-23,001872,1996-06-13,-7.430,-7.380,-7.550,-7.480,,-0.060,-0.8100,23385,17482264.00,,AKSHARE,close_negative,主板,1993-1999,747.5845,全史负价（源侧缺陷）。OHLC 整体为负但列间比例自洽→疑似源历史段符号/量纲伪影，须回源确证
2026-09-23,001872,1996-06-14,-7.480,-7.470,-7.750,-7.750,,-0.270,-3.6100,24839,18219834.00,,AKSHARE,close_negative,主板,1993-1999,733.5172,全史负价（源侧缺陷）。OHLC 整体为负但列间比例自洽→疑似源历史段符号/量纲伪影，须回源确证
2026-09-23,001872,1996-06-17,-7.750,-7.580,-7.770,-7.710,,0.040,0.5200,18913,13538588.00,,AKSHARE,close_negative,主板,1993-1999,715.835,全史负价（源侧缺陷）。OHLC 整体为负但列间比例自洽→疑似源历史段符号/量纲伪影，须回源确证
2026-09-23,001872,1996-06-18,-7.700,-7.590,-7.750,-7.590,,0.120,1.5600,12635,9095818.00,,AKSHARE,close_negative,主板,1993-1999,719.8906,全史负价（源侧缺陷）。OHLC 整体为负但列间比例自洽→疑似源历史段符号/量纲伪影，须回源确证
2026-09-23,001872,1996-06-19,-7.640,-7.480,-7.640,-7.490,,0.100,1.3200,19897,14631380.00,,AKSHARE,close_negative,主板,1993-1999,735.3561,全史负价（源侧缺陷）。OHLC 整体为负但列间比例自洽→疑似源历史段符号/量纲伪影，须回源确证
2026-09-23,001872,1996-06-20,-7.480,-7.480,-7.600,-7.540,,-0.050,-0.6700,14365,10567129.00,,AKSHARE,close_negative,主板,1993-1999,735.6164,全史负价（源侧缺陷）。OHLC 整体为负但列间比例自洽→疑似源历史段符号/量纲伪影，须回源确证
2026-09-23,001872,1996-06-21,-7.530,-7.480,-7.590,-7.550,,-0.010,-0.1300,15973,11771570.00,,AKSHARE,close_negative,主板,1993-1999,736.9668,全史负价（源侧缺陷）。OHLC 整体为负但列间比例自洽→疑似源历史段符号/量纲伪影，须回源确证
2026-09-23,001872,1996-06-24,-7.560,-7.420,-7.600,-7.460,,0.090,1.1900,18238,13227591.00,,AKSHARE,close_negative,主板,1993-1999,725.2764,全史负价（源侧缺陷）。OHLC 整体为负但列间比例自洽→疑似源历史段符号/量纲伪影，须回源确证
2026-09-23,001872,1996-06-25,-7.460,-7.190,-7.560,-7.330,,0.130,1.7400,37553,28331198.00,,AKSHARE,close_negative,主板,1993-1999,754.4323,全史负价（源侧缺陷）。OHLC 整体为负但列间比例自洽→疑似源历史段符号/量纲伪影，须回源确证
2026-09-23,001872,1996-06-26,-7.350,-7.290,-7.400,-7.340,,-0.010,-0.1400,15925,11996933.00,,AKSHARE,close_negative,主板,1993-1999,753.3396,全史负价（源侧缺陷）。OHLC 整体为负但列间比例自洽→疑似源历史段符号/量纲伪影，须回源确证
2026-09-23,001872,1996-06-27,-7.330,-7.330,-7.460,-7.430,,-0.090,-1.2300,9654,7182934.00,,AKSHARE,close_negative,主板,1993-1999,744.0371,全史负价（源侧缺陷）。OHLC 整体为负但列间比例自洽→疑似源历史段符号/量纲伪影，须回源确证
2026-09-23,001872,1996-06-28,-7.590,-7.460,-7.600,-7.570,,-0.140,-1.8800,17584,12569196.00,,AKSHARE,close_negative,主板,1993-1999,714.8087,全史负价（源侧缺陷）。OHLC 整体为负但列间比例自洽→疑似源历史段符号/量纲伪影，须回源确证
2026-09-23,001872,1996-07-01,-7.700,-7.640,-7.870,-7.790,,-0.220,-2.9100,9590,6537399.00,,AKSHARE,close_negative,主板,1993-1999,681.6892,全史负价（源侧缺陷）。OHLC 整体为负但列间比例自洽→疑似源历史段符号/量纲伪影，须回源确证
2026-09-23,001872,1996-07-02,-7.850,-7.670,-7.860,-7.710,,0.080,1.0300,8881,6044890.00,,AKSHARE,close_negative,主板,1993-1999,680.6542,全史负价（源侧缺陷）。OHLC 整体为负但列间比例自洽→疑似源历史段符号/量纲伪影，须回源确证
2026-09-23,001872,1996-07-03,-7.670,-7.560,-7.720,-7.560,,0.150,1.9500,13396,9394595.00,,AKSHARE,close_negative,主板,1993-1999,701.2985,全史负价（源侧缺陷）。OHLC 整体为负但列间比例自洽→疑似源历史段符号/量纲伪影，须回源确证
2026-09-23,001872,1996-07-04,-7.490,-7.430,-7.600,-7.490,,0.070,0.9300,12506,9009217.00,,AKSHARE,close_negative,主板,1993-1999,720.3916,全史负价（源侧缺陷）。OHLC 整体为负但列间比例自洽→疑似源历史段符号/量纲伪影，须回源确证
2026-09-23,001872,1996-07-05,-7.470,-7.430,-7.540,-7.460,,0.030,0.4000,38235,28048342.00,,AKSHARE,close_negative,主板,1993-1999,733.5777,全史负价（源侧缺陷）。OHLC 整体为负但列间比例自洽→疑似源历史段符号/量纲伪影，须回源确证
2026-09-23,001872,1996-07-08,-7.640,-7.280,-7.640,-7.330,,0.130,1.7400,33554,25003922.00,,AKSHARE,close_negative,主板,1993-1999,745.1845,全史负价（源侧缺陷）。OHLC 整体为负但列间比例自洽→疑似源历史段符号/量纲伪影，须回源确证
2026-09-23,001872,1996-07-09,-7.110,-7.010,-7.270,-7.140,,0.190,2.5900,68759,54613076.00,,AKSHARE,close_negative,主板,1993-1999,794.268,全史负价（源侧缺陷）。OHLC 整体为负但列间比例自洽→疑似源历史段符号/量纲伪影，须回源确证
2026-09-23,001872,1996-07-10,-7.080,-6.660,-7.120,-6.680,,0.460,6.4400,90904,76838512.00,,AKSHARE,close_negative,主板,1993-1999,845.271,全史负价（源侧缺陷）。OHLC 整体为负但列间比例自洽→疑似源历史段符号/量纲伪影，须回源确证
2026-09-23,001872,1996-07-11,-6.650,-6.600,-6.960,-6.950,,-0.270,-4.0400,62829,54008668.00,,AKSHARE,close_negative,主板,1993-1999,859.6137,全史负价（源侧缺陷）。OHLC 整体为负但列间比例自洽→疑似源历史段符号/量纲伪影，须回源确证
2026-09-23,001872,1996-07-12,-7.000,-6.170,-7.090,-6.170,,0.780,11.2200,90141,80768040.00,,AKSHARE,close_negative,主板,1993-1999,896.0189,全史负价（源侧缺陷）。OHLC 整体为负但列间比例自洽→疑似源历史段符号/量纲伪影，须回源确证
2026-09-23,001872,1996-07-15,-6.080,-5.490,-6.250,-5.830,,0.340,5.5100,107970,112927456.00,,AKSHARE,close_negative,主板,1993-1999,1045.9151,全史负价（源侧缺陷）。OHLC 整体为负但列间比例自洽→疑似源历史段符号/量纲伪影，须回源确证
2026-09-23,001872,1996-07-16,-5.830,-5.600,-6.100,-5.770,,0.060,1.0300,52159,54238812.00,,AKSHARE,close_negative,主板,1993-1999,1039.8745,全史负价（源侧缺陷）。OHLC 整体为负但列间比例自洽→疑似源历史段符号/量纲伪影，须回源确证
2026-09-23,001872,1996-07-17,-5.870,-5.660,-5.970,-5.970,,-0.200,-3.4700,45168,46953112.00,,AKSHARE,close_negative,主板,1993-1999,1039.5216,全史负价（源侧缺陷）。OHLC 整体为负但列间比例自洽→疑似源历史段符号/量纲伪影，须回源确证
2026-09-23,001872,1996-07-18,-6.030,-5.470,-6.030,-5.490,,0.480,8.0400,72577,77865232.00,,AKSHARE,close_negative,主板,1993-1999,1072.8637,全史负价（源侧缺陷）。OHLC 整体为负但列间比例自洽→疑似源历史段符号/量纲伪影，须回源确证
2026-09-23,001872,1996-07-19,-5.440,-5.170,-5.600,-5.340,,0.150,2.7300,65667,73909728.00,,AKSHARE,close_negative,主板,1993-1999,1125.5231,全史负价（源侧缺陷）。OHLC 整体为负但列间比例自洽→疑似源历史段符号/量纲伪影，须回源确证
2026-09-23,001872,1996-07-22,-5.500,-5.440,-5.710,-5.550,,-0.210,-3.9300,32173,34906024.00,,AKSHARE,close_negative,主板,1993-1999,1084.9478,全史负价（源侧缺陷）。OHLC 整体为负但列间比例自洽→疑似源历史段符号/量纲伪影，须回源确证
2026-09-23,001872,1996-07-23,-5.600,-5.140,-5.760,-5.220,,0.330,5.9500,50716,56636772.00,,AKSHARE,close_negative,主板,1993-1999,1116.7437,全史负价（源侧缺陷）。OHLC 整体为负但列间比例自洽→疑似源历史段符号/量纲伪影，须回源确证
2026-09-23,001872,1996-07-24,-5.060,-4.640,-5.120,-4.960,,0.260,4.9800,68378,82993224.00,,AKSHARE,close_negative,主板,1993-1999,1213.7416,全史负价（源侧缺陷）。OHLC 整体为负但列间比例自洽→疑似源历史段符号/量纲伪影，须回源确证
2026-09-23,001872,1996-07-25,-5.060,-4.940,-5.220,-5.120,,-0.160,-3.2300,36912,43505668.00,,AKSHARE,close_negative,主板,1993-1999,1178.6321,全史负价（源侧缺陷）。OHLC 整体为负但列间比例自洽→疑似源历史段符号/量纲伪影，须回源确证
2026-09-23,001872,1996-07-26,-5.170,-4.980,-5.200,-5.100,,0.020,0.3900,32895,38736504.00,,AKSHARE,close_negative,主板,1993-1999,1177.5803,全史负价（源侧缺陷）。OHLC 整体为负但列间比例自洽→疑似源历史段符号/量纲伪影，须回源确证
2026-09-23,001872,1996-07-29,-5.100,-4.770,-5.170,-4.770,,0.330,6.4700,31334,37682692.00,,AKSHARE,close_negative,主板,1993-1999,1202.6135,全史负价（源侧缺陷）。OHLC 整体为负但列间比例自洽→疑似源历史段符号/量纲伪影，须回源确证
2026-09-23,001872,1996-07-30,-4.740,-4.690,-5.090,-4.980,,-0.210,-4.4000,29164,35032116.00,,AKSHARE,close_negative,主板,1993-1999,1201.2109,全史负价（源侧缺陷）。OHLC 整体为负但列间比例自洽→疑似源历史段符号/量纲伪影，须回源确证
2026-09-23,001872,1996-07-31,-5.150,-5.010,-5.390,-5.280,,-0.300,-6.0200,24782,28569812.00,,AKSHARE,close_negative,主板,1993-1999,1152.8453,全史负价（源侧缺陷）。OHLC 整体为负但列间比例自洽→疑似源历史段符号/量纲伪影，须回源确证
2026-09-23,001872,1996-08-01,-5.280,-5.220,-5.440,-5.320,,-0.040,-0.7600,16548,18629310.00,,AKSHARE,close_negative,主板,1993-1999,1125.7741,全史负价（源侧缺陷）。OHLC 整体为负但列间比例自洽→疑似源历史段符号/量纲伪影，须回源确证
2026-09-23,001872,1996-08-02,-5.320,-5.280,-5.660,-5.560,,-0.240,-4.5100,17546,19195614.00,,AKSHARE,close_negative,主板,1993-1999,1094.0165,全史负价（源侧缺陷）。OHLC 整体为负但列间比例自洽→疑似源历史段符号/量纲伪影，须回源确证
2026-09-23,001872,1996-08-05,-5.630,-5.490,-6.030,-5.490,,0.070,1.2600,18623,19570482.00,,AKSHARE,close_negative,主板,1993-1999,1050.877,全史负价（源侧缺陷）。OHLC 整体为负但列间比例自洽→疑似源历史段符号/量纲伪影，须回源确证
2026-09-23,001872,1996-08-06,-5.510,-5.460,-5.750,-5.480,,0.010,0.1800,13425,14581306.00,,AKSHARE,close_negative,主板,1993-1999,1086.1308,全史负价（源侧缺陷）。OHLC 整体为负但列间比例自洽→疑似源历史段符号/量纲伪影，须回源确证
2026-09-23,001872,1996-08-07,-5.480,-5.140,-5.480,-5.250,,0.230,4.2000,28395,32499810.00,,AKSHARE,close_negative,主板,1993-1999,1144.561,全史负价（源侧缺陷）。OHLC 整体为负但列间比例自洽→疑似源历史段符号/量纲伪影，须回源确证
2026-09-23,001872,1996-08-08,-5.230,-5.190,-5.410,-5.330,,-0.080,-1.5200,15117,17152102.00,,AKSHARE,close_negative,主板,1993-1999,1134.6234,全史负价（源侧缺陷）。OHLC 整体为负但列间比例自洽→疑似源历史段符号/量纲伪影，须回源确证
2026-09-23,001872,1996-08-09,-5.270,-5.270,-5.490,-5.450,,-0.120,-2.2500,15317,17032552.00,,AKSHARE,close_negative,主板,1993-1999,1112.0031,全史负价（源侧缺陷）。OHLC 整体为负但列间比例自洽→疑似源历史段符号/量纲伪影，须回源确证
2026-09-23,001872,1996-08-12,-5.490,-5.400,-5.600,-5.490,,-0.040,-0.7300,12800,14143372.00,,AKSHARE,close_negative,主板,1993-1999,1104.9509,全史负价（源侧缺陷）。OHLC 整体为负但列间比例自洽→疑似源历史段符号/量纲伪影，须回源确证
2026-09-23,001872,1996-08-13,-5.490,-5.340,-5.550,-5.440,,0.050,0.9100,10958,12133571.00,,AKSHARE,close_negative,主板,1993-1999,1107.2797,全史负价（源侧缺陷）。OHLC 整体为负但列间比例自洽→疑似源历史段符号/量纲伪影，须回源确证
2026-09-23,001872,1996-08-14,-5.410,-5.390,-5.600,-5.550,,-0.110,-2.0200,12427,13614941.00,,AKSHARE,close_negative,主板,1993-1999,1095.5935,全史负价（源侧缺陷）。OHLC 整体为负但列间比例自洽→疑似源历史段符号/量纲伪影，须回源确证
2026-09-23,001872,1996-08-15,-5.520,-5.470,-5.610,-5.600,,-0.050,-0.9000,6793,7421865.50,,AKSHARE,close_negative,主板,1993-1999,1092.5755,全史负价（源侧缺陷）。OHLC 整体为负但列间比例自洽→疑似源历史段符号/量纲伪影，须回源确证
2026-09-23,001872,1996-08-16,-5.650,-5.590,-5.870,-5.680,,-0.080,-1.4300,11520,12170214.00,,AKSHARE,close_negative,主板,1993-1999,1056.4422,全史负价（源侧缺陷）。OHLC 整体为负但列间比例自洽→疑似源历史段符号/量纲伪影，须回源确证
2026-09-23,001872,1996-08-19,-6.030,-5.760,-6.250,-6.000,,-0.320,-5.6300,11468,11662657.00,,AKSHARE,close_negative,主板,1993-1999,1016.9739,全史负价（源侧缺陷）。OHLC 整体为负但列间比例自洽→疑似源历史段符号/量纲伪影，须回源确证
2026-09-23,001872,1996-08-20,-6.130,-6.040,-6.300,-6.300,,-0.300,-5.0000,12409,12078847.00,,AKSHARE,close_negative,主板,1993-1999,973.3941,全史负价（源侧缺陷）。OHLC 整体为负但列间比例自洽→疑似源历史段符号/量纲伪影，须回源确证
2026-09-23,001872,1996-08-21,-6.350,-5.790,-6.350,-5.840,,0.460,7.3000,16402,16356149.00,,AKSHARE,close_negative,主板,1993-1999,997.2045,全史负价（源侧缺陷）。OHLC 整体为负但列间比例自洽→疑似源历史段符号/量纲伪影，须回源确证
2026-09-23,001872,1996-08-22,-5.840,-5.770,-6.080,-6.080,,-0.240,-4.1100,12834,12989494.00,,AKSHARE,close_negative,主板,1993-1999,1012.1158,全史负价（源侧缺陷）。OHLC 整体为负但列间比例自洽→疑似源历史段符号/量纲伪影，须回源确证
2026-09-23,001872,1996-08-23,-6.170,-5.920,-6.380,-6.120,,-0.040,-0.6600,19284,18641960.00,,AKSHARE,close_negative,主板,1993-1999,966.7061,全史负价（源侧缺陷）。OHLC 整体为负但列间比例自洽→疑似源历史段符号/量纲伪影，须回源确证
2026-09-23,001872,1996-08-26,-6.250,-6.120,-6.350,-6.300,,-0.180,-2.9400,9047,8656888.00,,AKSHARE,close_negative,主板,1993-1999,956.8794,全史负价（源侧缺陷）。OHLC 整体为负但列间比例自洽→疑似源历史段符号/量纲伪影，须回源确证
2026-09-23,001872,1996-08-27,-6.300,-6.110,-6.330,-6.140,,0.160,2.5400,7733,7535808.00,,AKSHARE,close_negative,主板,1993-1999,974.4999,全史负价（源侧缺陷）。OHLC 整体为负但列间比例自洽→疑似源历史段符号/量纲伪影，须回源确证
2026-09-23,001872,1996-08-28,-6.100,-5.930,-6.190,-6.000,,0.140,2.2800,11176,11179774.00,,AKSHARE,close_negative,主板,1993-1999,1000.3377,全史负价（源侧缺陷）。OHLC 整体为负但列间比例自洽→疑似源历史段符号/量纲伪影，须回源确证
2026-09-23,001872,1996-08-29,-6.060,-5.980,-6.190,-5.980,,0.020,0.3300,9278,9185993.00,,AKSHARE,close_negative,主板,1993-1999,990.0833,全史负价（源侧缺陷）。OHLC 整体为负但列间比例自洽→疑似源历史段符号/量纲伪影，须回源确证
2026-09-23,001872,1996-08-30,-5.950,-5.720,-6.030,-5.790,,0.190,3.1800,21720,22647280.00,,AKSHARE,close_negative,主板,1993-1999,1042.6924,全史负价（源侧缺陷）。OHLC 整体为负但列间比例自洽→疑似源历史段符号/量纲伪影，须回源确证
2026-09-23,001872,1996-09-02,-5.760,-5.610,-5.840,-5.750,,0.040,0.6900,15717,16576975.00,,AKSHARE,close_negative,主板,1993-1999,1054.7162,全史负价（源侧缺陷）。OHLC 整体为负但列间比例自洽→疑似源历史段符号/量纲伪影，须回源确证
2026-09-23,001872,1996-09-03,-5.700,-5.700,-5.920,-5.840,,-0.090,-1.5700,12831,13273016.00,,AKSHARE,close_negative,主板,1993-1999,1034.4491,全史负价（源侧缺陷）。OHLC 整体为负但列间比例自洽→疑似源历史段符号/量纲伪影，须回源确证
2026-09-23,001872,1996-09-04,-5.900,-5.760,-5.980,-5.790,,0.050,0.8600,12943,13295857.00,,AKSHARE,close_negative,主板,1993-1999,1027.2624,全史负价（源侧缺陷）。OHLC 整体为负但列间比例自洽→疑似源历史段符号/量纲伪影，须回源确证
2026-09-23,001872,1996-09-05,-5.710,-5.650,-6.100,-6.050,,-0.260,-4.4900,11439,11760066.00,,AKSHARE,close_negative,主板,1993-1999,1028.0677,全史负价（源侧缺陷）。OHLC 整体为负但列间比例自洽→疑似源历史段符号/量纲伪影，须回源确证
2026-09-23,001872,1996-09-06,-6.080,-5.930,-6.180,-6.130,,-0.080,-1.3200,8888,8765669.00,,AKSHARE,close_negative,主板,1993-1999,986.2364,全史负价（源侧缺陷）。OHLC 整体为负但列间比例自洽→疑似源历史段符号/量纲伪影，须回源确证
2026-09-23,001872,1996-09-09,-6.290,-6.190,-6.300,-6.230,,-0.100,-1.6300,6845,6552701.00,,AKSHARE,close_negative,主板,1993-1999,957.2974,全史负价（源侧缺陷）。OHLC 整体为负但列间比例自洽→疑似源历史段符号/量纲伪影，须回源确证
2026-09-23,001872,1996-09-10,-6.300,-6.100,-6.540,-6.490,,-0.260,-4.1700,11512,10780341.00,,AKSHARE,close_negative,主板,1993-1999,936.4438,全史负价（源侧缺陷）。OHLC 整体为负但列间比例自洽→疑似源历史段符号/量纲伪影，须回源确证
2026-09-23,001872,1996-09-11,-6.460,-6.350,-6.570,-6.420,,0.070,1.0800,8573,7884876.50,,AKSHARE,close_negative,主板,1993-1999,919.7336,全史负价（源侧缺陷）。OHLC 整体为负但列间比例自洽→疑似源历史段符号/量纲伪影，须回源确证
2026-09-23,001872,1996-09-12,-6.420,-6.420,-6.700,-6.680,,-0.260,-4.0500,8824,7926109.00,,AKSHARE,close_negative,主板,1993-1999,898.2444,全史负价（源侧缺陷）。OHLC 整体为负但列间比例自洽→疑似源历史段符号/量纲伪影，须回源确证
2026-09-23,001872,1996-09-13,-6.730,-6.580,-6.760,-6.590,,0.090,1.3500,6750,5966209.00,,AKSHARE,close_negative,主板,1993-1999,883.8828,全史负价（源侧缺陷）。OHLC 整体为负但列间比例自洽→疑似源历史段符号/量纲伪影，须回源确证
2026-09-23,001872,1996-09-16,-6.620,-6.590,-6.790,-6.650,,-0.060,-0.9100,6607,5793202.50,,AKSHARE,close_negative,主板,1993-1999,876.828,全史负价（源侧缺陷）。OHLC 整体为负但列间比例自洽→疑似源历史段符号/量纲伪影，须回源确证
2026-09-23,001872,1996-09-17,-6.620,-6.360,-6.640,-6.390,,0.260,3.9100,13324,12291927.00,,AKSHARE,close_negative,主板,1993-1999,922.5403,全史负价（源侧缺陷）。OHLC 整体为负但列间比例自洽→疑似源历史段符号/量纲伪影，须回源确证
2026-09-23,001872,1996-09-18,-6.410,-6.390,-6.830,-6.740,,-0.350,-5.4800,9621,8585429.00,,AKSHARE,close_negative,主板,1993-1999,892.3635,全史负价（源侧缺陷）。OHLC 整体为负但列间比例自洽→疑似源历史段符号/量纲伪影，须回源确证
2026-09-23,001872,1996-09-19,-6.830,-6.700,-6.890,-6.720,,0.020,0.3000,6805,5858868.50,,AKSHARE,close_negative,主板,1993-1999,860.9652,全史负价（源侧缺陷）。OHLC 整体为负但列间比例自洽→疑似源历史段符号/量纲伪影，须回源确证
2026-09-23,001872,1996-09-20,-6.680,-6.570,-6.680,-6.620,,0.100,1.4900,4864,4306875.00,,AKSHARE,close_negative,主板,1993-1999,885.4595,全史负价（源侧缺陷）。OHLC 整体为负但列间比例自洽→疑似源历史段符号/量纲伪影，须回源确证
2026-09-23,001872,1996-09-23,-6.600,-6.520,-6.680,-6.570,,0.050,0.7600,5060,4530986.00,,AKSHARE,close_negative,主板,1993-1999,895.4518,全史负价（源侧缺陷）。OHLC 整体为负但列间比例自洽→疑似源历史段符号/量纲伪影，须回源确证
2026-09-23,001872,1996-09-24,-6.570,-6.300,-6.600,-6.410,,0.160,2.4400,13194,12272948.00,,AKSHARE,close_negative,主板,1993-1999,930.1916,全史负价（源侧缺陷）。OHLC 整体为负但列间比例自洽→疑似源历史段符号/量纲伪影，须回源确证
2026-09-23,001872,1996-09-25,-6.300,-6.300,-6.560,-6.430,,-0.020,-0.3100,10002,9265082.00,,AKSHARE,close_negative,主板,1993-1999,926.3229,全史负价（源侧缺陷）。OHLC 整体为负但列间比例自洽→疑似源历史段符号/量纲伪影，须回源确证
2026-09-23,001872,1996-09-26,-6.380,-6.310,-6.460,-6.380,,0.050,0.7800,10250,9616617.00,,AKSHARE,close_negative,主板,1993-1999,938.2065,全史负价（源侧缺陷）。OHLC 整体为负但列间比例自洽→疑似源历史段符号/量纲伪影，须回源确证
2026-09-23,001872,1996-09-27,-6.360,-6.190,-6.400,-6.270,,0.110,1.7200,14747,14080117.00,,AKSHARE,close_negative,主板,1993-1999,954.7784,全史负价（源侧缺陷）。OHLC 整体为负但列间比例自洽→疑似源历史段符号/量纲伪影，须回源确证
2026-09-23,001872,1996-10-03,-6.250,-6.040,-6.310,-6.250,,0.020,0.3200,9874,9614868.00,,AKSHARE,close_negative,主板,1993-1999,973.7561,全史负价（源侧缺陷）。OHLC 整体为负但列间比例自洽→疑似源历史段符号/量纲伪影，须回源确证
2026-09-23,001872,1996-10-04,-6.300,-6.270,-6.420,-6.330,,-0.080,-1.2800,8185,7683629.00,,AKSHARE,close_negative,主板,1993-1999,938.7451,全史负价（源侧缺陷）。OHLC 整体为负但列间比例自洽→疑似源历史段符号/量纲伪影，须回源确证
2026-09-23,001872,1996-10-07,-6.350,-6.150,-6.410,-6.170,,0.160,2.5300,11797,11319438.00,,AKSHARE,close_negative,主板,1993-1999,959.5184,全史负价（源侧缺陷）。OHLC 整体为负但列间比例自洽→疑似源历史段符号/量纲伪影，须回源确证
2026-09-23,001872,1996-10-08,-6.140,-5.760,-6.300,-5.810,,0.360,5.8300,29755,29735738.00,,AKSHARE,close_negative,主板,1993-1999,999.3526,全史负价（源侧缺陷）。OHLC 整体为负但列间比例自洽→疑似源历史段符号/量纲伪影，须回源确证
2026-09-23,001872,1996-10-09,-5.810,-5.760,-6.160,-6.100,,-0.290,-4.9900,24234,24564396.00,,AKSHARE,close_negative,主板,1993-1999,1013.6336,全史负价（源侧缺陷）。OHLC 整体为负但列间比例自洽→疑似源历史段符号/量纲伪影，须回源确证
2026-09-23,001872,1996-10-10,-6.140,-6.030,-6.190,-6.040,,0.060,0.9800,12958,12800906.00,,AKSHARE,close_negative,主板,1993-1999,987.8767,全史负价（源侧缺陷）。OHLC 整体为负但列间比例自洽→疑似源历史段符号/量纲伪影，须回源确证
2026-09-23,001872,1996-10-11,-5.980,-5.920,-6.080,-6.000,,0.040,0.6600,14588,14625647.00,,AKSHARE,close_negative,主板,1993-1999,1002.5807,全史负价（源侧缺陷）。OHLC 整体为负但列间比例自洽→疑似源历史段符号/量纲伪影，须回源确证
2026-09-23,001872,1996-10-14,-5.980,-5.810,-6.030,-5.900,,0.100,1.6700,20409,20816208.00,,AKSHARE,close_negative,主板,1993-1999,1019.9524,全史负价（源侧缺陷）。OHLC 整体为负但列间比例自洽→疑似源历史段符号/量纲伪影，须回源确证
2026-09-23,001872,1996-10-15,-5.870,-5.870,-6.020,-5.930,,-0.030,-0.5100,17849,18182640.00,,AKSHARE,close_negative,主板,1993-1999,1018.6924,全史负价（源侧缺陷）。OHLC 整体为负但列间比例自洽→疑似源历史段符号/量纲伪影，须回源确证
2026-09-23,001872,1996-10-16,-5.930,-5.680,-5.980,-5.810,,0.120,2.0200,28685,29877156.00,,AKSHARE,close_negative,主板,1993-1999,1041.5603,全史负价（源侧缺陷）。OHLC 整体为负但列间比例自洽→疑似源历史段符号/量纲伪影，须回源确证
2026-09-23,001872,1996-10-17,-5.860,-5.570,-5.920,-5.640,,0.170,2.9300,34773,36899368.00,,AKSHARE,close_negative,主板,1993-1999,1061.15,全史负价（源侧缺陷）。OHLC 整体为负但列间比例自洽→疑似源历史段符号/量纲伪影，须回源确证
2026-09-23,001872,1996-10-18,-5.630,-5.500,-6.030,-5.980,,-0.340,-6.0300,19806,20695476.00,,AKSHARE,close_negative,主板,1993-1999,1044.9094,全史负价（源侧缺陷）。OHLC 整体为负但列间比例自洽→疑似源历史段符号/量纲伪影，须回源确证
2026-09-23,001872,1996-10-21,-6.030,-5.670,-6.080,-5.690,,0.290,4.8500,24491,25570386.00,,AKSHARE,close_negative,主板,1993-1999,1044.0728,全史负价（源侧缺陷）。OHLC 整体为负但列间比例自洽→疑似源历史段符号/量纲伪影，须回源确证
2026-09-23,001872,1996-10-22,-5.740,-5.690,-6.030,-5.900,,-0.210,-3.6900,23385,24168506.00,,AKSHARE,close_negative,主板,1993-1999,1033.5046,全史负价（源侧缺陷）。OHLC 整体为负但列间比例自洽→疑似源历史段符号/量纲伪影，须回源确证
2026-09-23,001872,1996-10-23,-5.860,-5.250,-6.040,-5.360,,0.540,9.1500,53536,57695004.00,,AKSHARE,close_negative,主板,1993-1999,1077.6861,全史负价（源侧缺陷）。OHLC 整体为负但列间比例自洽→疑似源历史段符号/量纲伪影，须回源确证
2026-09-23,001872,1996-10-24,-5.220,-4.960,-5.390,-5.280,,0.080,1.4900,85423,99641976.00,,AKSHARE,close_negative,主板,1993-1999,1166.4537,全史负价（源侧缺陷）。OHLC 整体为负但列间比例自洽→疑似源历史段符号/量纲伪影，须回源确证
2026-09-23,001872,1996-10-25,-5.330,-5.280,-5.550,-5.350,,-0.070,-1.3300,29859,33333654.00,,AKSHARE,close_negative,主板,1993-1999,1116.3687,全史负价（源侧缺陷）。OHLC 整体为负但列间比例自洽→疑似源历史段符号/量纲伪影，须回源确证
2026-09-23,001872,1996-10-28,-5.550,-5.010,-5.550,-5.090,,0.260,4.8600,46474,53914020.00,,AKSHARE,close_negative,主板,1993-1999,1160.0899,全史负价（源侧缺陷）。OHLC 整体为负但列间比例自洽→疑似源历史段符号/量纲伪影，须回源确证
2026-09-23,001872,1996-10-29,-4.970,-4.850,-5.200,-5.060,,0.030,0.5900,64210,76767360.00,,AKSHARE,close_negative,主板,1993-1999,1195.567,全史负价（源侧缺陷）。OHLC 整体为负但列间比例自洽→疑似源历史段符号/量纲伪影，须回源确证
2026-09-23,001872,1996-10-30,-5.170,-4.980,-5.390,-5.340,,-0.280,-5.5300,33849,38862840.00,,AKSHARE,close_negative,主板,1993-1999,1148.1237,全史负价（源侧缺陷）。OHLC 整体为负但列间比例自洽→疑似源历史段符号/量纲伪影，须回源确证
2026-09-23,001872,1996-10-31,-5.280,-5.140,-5.450,-5.220,,0.120,2.2500,27612,31644994.00,,AKSHARE,close_negative,主板,1993-1999,1146.0595,全史负价（源侧缺陷）。OHLC 整体为负但列间比例自洽→疑似源历史段符号/量纲伪影，须回源确证
2026-09-23,001872,1996-11-01,-5.440,-4.850,-5.490,-4.930,,0.290,5.5600,74725,88535344.00,,AKSHARE,close_negative,主板,1993-1999,1184.8156,全史负价（源侧缺陷）。OHLC 整体为负但列间比例自洽→疑似源历史段符号/量纲伪影，须回源确证
2026-09-23,001872,1996-11-04,-4.790,-4.340,-4.790,-4.380,,0.550,11.1600,108600,139623056.00,,AKSHARE,close_negative,主板,1993-1999,1285.6635,全史负价（源侧缺陷）。OHLC 整体为负但列间比例自洽→疑似源历史段符号/量纲伪影，须回源确证
2026-09-23,001872,1996-11-05,-4.260,-4.250,-4.750,-4.570,,-0.190,-4.3400,59723,76721688.00,,AKSHARE,close_negative,主板,1993-1999,1284.6255,全史负价（源侧缺陷）。OHLC 整体为负但列间比例自洽→疑似源历史段符号/量纲伪影，须回源确证
2026-09-23,001872,1996-11-06,-4.580,-4.580,-5.060,-4.860,,-0.290,-6.3500,41062,50168204.00,,AKSHARE,close_negative,主板,1993-1999,1221.7672,全史负价（源侧缺陷）。OHLC 整体为负但列间比例自洽→疑似源历史段符号/量纲伪影，须回源确证
2026-09-23,001872,1996-11-07,-4.870,-4.850,-5.030,-4.930,,-0.070,-1.4400,19760,23732816.00,,AKSHARE,close_negative,主板,1993-1999,1201.0534,全史负价（源侧缺陷）。OHLC 整体为负但列间比例自洽→疑似源历史段符号/量纲伪影，须回源确证
2026-09-23,001872,1996-11-08,-4.930,-4.770,-5.010,-4.790,,0.140,2.8400,22343,27156312.00,,AKSHARE,close_negative,主板,1993-1999,1215.4282,全史负价（源侧缺陷）。OHLC 整体为负但列间比例自洽→疑似源历史段符号/量纲伪影，须回源确证
2026-09-23,001872,1996-11-11,-4.660,-4.430,-4.720,-4.490,,0.300,6.2600,49291,62883460.00,,AKSHARE,close_negative,主板,1993-1999,1275.7595,全史负价（源侧缺陷）。OHLC 整体为负但列间比例自洽→疑似源历史段符号/量纲伪影，须回源确证
2026-09-23,001872,1996-11-12,-4.430,-4.050,-4.680,-4.190,,0.300,6.6800,62069,80949536.00,,AKSHARE,close_negative,主板,1993-1999,1304.1862,全史负价（源侧缺陷）。OHLC 整体为负但列间比例自洽→疑似源历史段符号/量纲伪影，须回源确证
2026-09-23,001872,1996-11-13,-4.200,-4.100,-4.410,-4.270,,-0.080,-1.9100,51643,68662104.00,,AKSHARE,close_negative,主板,1993-1999,1329.553,全史负价（源侧缺陷）。OHLC 整体为负但列间比例自洽→疑似源历史段符号/量纲伪影，须回源确证
2026-09-23,001872,1996-11-14,-4.230,-4.150,-4.370,-4.210,,0.060,1.4100,40698,54302988.00,,AKSHARE,close_negative,主板,1993-1999,1334.2913,全史负价（源侧缺陷）。OHLC 整体为负但列间比例自洽→疑似源历史段符号/量纲伪影，须回源确证
2026-09-23,001872,1996-11-15,-4.280,-4.070,-4.310,-4.110,,0.100,2.3800,49945,67153144.00,,AKSHARE,close_negative,主板,1993-1999,1344.5419,全史负价（源侧缺陷）。OHLC 整体为负但列间比例自洽→疑似源历史段符号/量纲伪影，须回源确证
2026-09-23,001872,1996-11-18,-3.950,-3.810,-4.140,-3.920,,0.190,4.6200,58592,80943048.00,,AKSHARE,close_negative,主板,1993-1999,1381.4693,全史负价（源侧缺陷）。OHLC 整体为负但列间比例自洽→疑似源历史段符号/量纲伪影，须回源确证
2026-09-23,001872,1996-11-19,-3.890,-3.850,-4.080,-3.880,,0.040,1.0200,39811,55176020.00,,AKSHARE,close_negative,主板,1993-1999,1385.9491,全史负价（源侧缺陷）。OHLC 整体为负但列间比例自洽→疑似源历史段符号/量纲伪影，须回源确证
2026-09-23,001872,1996-11-20,-3.930,-3.140,-4.690,-3.560,,0.320,8.2500,66263,97600472.00,,AKSHARE,close_negative,主板,1993-1999,1472.9256,全史负价（源侧缺陷）。OHLC 整体为负但列间比例自洽→疑似源历史段符号/量纲伪影，须回源确证
2026-09-23,001872,1996-11-21,-3.420,-3.030,-3.710,-3.600,,-0.040,-1.1200,81049,121301432.00,,AKSHARE,close_negative,主板,1993-1999,1496.6432,全史负价（源侧缺陷）。OHLC 整体为负但列间比例自洽→疑似源历史段符号/量纲伪影，须回源确证
2026-09-23,001872,1996-11-22,-3.600,-2.530,-3.690,-2.590,,1.010,28.0600,111274,171209616.00,,AKSHARE,close_negative,主板,1993-1999,1538.6309,全史负价（源侧缺陷）。OHLC 整体为负但列间比例自洽→疑似源历史段符号/量纲伪影，须回源确证
2026-09-23,001872,1996-11-25,-2.270,-1.890,-2.460,-2.270,,0.320,12.3600,98741,169090096.00,,AKSHARE,close_negative,主板,1993-1999,1712.4608,全史负价（源侧缺陷）。OHLC 整体为负但列间比例自洽→疑似源历史段符号/量纲伪影，须回源确证
2026-09-23,001872,1996-11-26,-2.270,-2.170,-2.760,-2.510,,-0.240,-10.5700,64094,106239504.00,,AKSHARE,close_negative,主板,1993-1999,1657.5577,全史负价（源侧缺陷）。OHLC 整体为负但列间比例自洽→疑似源历史段符号/量纲伪影，须回源确证
2026-09-23,001872,1996-11-27,-2.400,-2.160,-2.640,-2.530,,-0.020,-0.8000,51985,87273216.00,,AKSHARE,close_negative,主板,1993-1999,1678.8154,全史负价（源侧缺陷）。OHLC 整体为负但列间比例自洽→疑似源历史段符号/量纲伪影，须回源确证
2026-09-23,001872,1996-11-28,-2.590,-2.530,-2.860,-2.750,,-0.220,-8.7000,30417,49235644.00,,AKSHARE,close_negative,主板,1993-1999,1618.6884,全史负价（源侧缺陷）。OHLC 整体为负但列间比例自洽→疑似源历史段符号/量纲伪影，须回源确证
2026-09-23,001872,1996-11-29,-2.700,-2.550,-2.860,-2.640,,0.110,4.0000,24615,39824712.00,,AKSHARE,close_negative,主板,1993-1999,1617.9042,全史负价（源侧缺陷）。OHLC 整体为负但列间比例自洽→疑似源历史段符号/量纲伪影，须回源确证
2026-09-23,001872,1996-12-02,-2.640,-2.440,-2.840,-2.750,,-0.110,-4.1700,21801,35123760.00,,AKSHARE,close_negative,主板,1993-1999,1611.1077,全史负价（源侧缺陷）。OHLC 整体为负但列间比例自洽→疑似源历史段符号/量纲伪影，须回源确证
2026-09-23,001872,1996-12-03,-2.750,-2.430,-2.910,-2.440,,0.310,11.2700,20938,34175136.00,,AKSHARE,close_negative,主板,1993-1999,1632.2063,全史负价（源侧缺陷）。OHLC 整体为负但列间比例自洽→疑似源历史段符号/量纲伪影，须回源确证
2026-09-23,001872,1996-12-04,-2.360,-2.300,-2.560,-2.510,,-0.070,-2.8700,26112,43641080.00,,AKSHARE,close_negative,主板,1993-1999,1671.3036,全史负价（源侧缺陷）。OHLC 整体为负但列间比例自洽→疑似源历史段符号/量纲伪影，须回源确证
2026-09-23,001872,1996-12-05,-2.510,-2.370,-2.600,-2.480,,0.030,1.2000,20275,33605252.00,,AKSHARE,close_negative,主板,1993-1999,1657.4724,全史负价（源侧缺陷）。OHLC 整体为负但列间比例自洽→疑似源历史段符号/量纲伪影，须回源确证
2026-09-23,001872,1996-12-06,-2.480,-2.210,-2.530,-2.440,,0.040,1.6100,26632,44557700.00,,AKSHARE,close_negative,主板,1993-1999,1673.0888,全史负价（源侧缺陷）。OHLC 整体为负但列间比例自洽→疑似源历史段符号/量纲伪影，须回源确证
2026-09-23,001872,1996-12-09,-2.480,-2.270,-2.480,-2.400,,0.040,1.6400,20075,33562624.00,,AKSHARE,close_negative,主板,1993-1999,1671.8617,全史负价（源侧缺陷）。OHLC 整体为负但列间比例自洽→疑似源历史段符号/量纲伪影，须回源确证
2026-09-23,001872,1996-12-10,-2.430,-2.400,-2.660,-2.570,,-0.170,-7.0800,16501,27059580.00,,AKSHARE,close_negative,主板,1993-1999,1639.8752,全史负价（源侧缺陷）。OHLC 整体为负但列间比例自洽→疑似源历史段符号/量纲伪影，须回源确证
2026-09-23,001872,1996-12-11,-2.590,-2.270,-2.750,-2.290,,0.280,10.8900,29408,49137272.00,,AKSHARE,close_negative,主板,1993-1999,1670.8811,全史负价（源侧缺陷）。OHLC 整体为负但列间比例自洽→疑似源历史段符号/量纲伪影，须回源确证
2026-09-23,001872,1996-12-12,-2.270,-2.110,-2.610,-2.310,,-0.020,-0.8700,28921,49097136.00,,AKSHARE,close_negative,主板,1993-1999,1697.6293,全史负价（源侧缺陷）。OHLC 整体为负但列间比例自洽→疑似源历史段符号/量纲伪影，须回源确证
2026-09-23,001872,1996-12-13,-2.430,-2.290,-2.800,-2.700,,-0.390,-16.8800,16985,28004478.00,,AKSHARE,close_negative,主板,1993-1999,1648.777,全史负价（源侧缺陷）。OHLC 整体为负但列间比例自洽→疑似源历史段符号/量纲伪影，须回源确证
2026-09-23,001872,1996-12-16,-3.600,-3.600,-3.600,-3.600,,-0.900,-33.3300,1811,2629572.00,,AKSHARE,close_negative,主板,1993-1999,1452.0,全史负价（源侧缺陷）。OHLC 整体为负但列间比例自洽→疑似源历史段符号/量纲伪影，须回源确证
2026-09-23,001872,1996-12-17,-4.380,-4.380,-4.380,-4.380,,-0.780,-21.6700,4445,5809615.00,,AKSHARE,close_negative,主板,1993-1999,1307.0,全史负价（源侧缺陷）。OHLC 整体为负但列间比例自洽→疑似源历史段符号/量纲伪影，须回源确证
2026-09-23,001872,1996-12-18,-5.080,-3.720,-5.080,-3.880,,0.500,11.4200,31455,40579960.00,,AKSHARE,close_negative,主板,1993-1999,1290.0957,全史负价（源侧缺陷）。OHLC 整体为负但列间比例自洽→疑似源历史段符号/量纲伪影，须回源确证
2026-09-23,001872,1996-12-19,-3.940,-3.900,-4.630,-4.630,,-0.750,-19.3300,23269,30491314.00,,AKSHARE,close_negative,主板,1993-1999,1310.3835,全史负价（源侧缺陷）。OHLC 整体为负但列间比例自洽→疑似源历史段符号/量纲伪影，须回源确证
2026-09-23,001872,1996-12-20,-5.310,-4.870,-5.310,-5.310,,-0.680,-14.6900,20168,23021504.00,,AKSHARE,close_negative,主板,1993-1999,1141.4867,全史负价（源侧缺陷）。OHLC 整体为负但列间比例自洽→疑似源历史段符号/量纲伪影，须回源确证
2026-09-23,001872,1996-12-23,-5.490,-4.870,-5.490,-5.230,,0.080,1.5100,13574,15720994.00,,AKSHARE,close_negative,主板,1993-1999,1158.1696,全史负价（源侧缺陷）。OHLC 整体为负但列间比例自洽→疑似源历史段符号/量纲伪影，须回源确证
2026-09-23,001872,1996-12-24,-5.180,-5.060,-5.810,-5.810,,-0.580,-11.0900,12242,13678603.00,,AKSHARE,close_negative,主板,1993-1999,1117.3504,全史负价（源侧缺陷）。OHLC 整体为负但列间比例自洽→疑似源历史段符号/量纲伪影，须回源确证
2026-09-23,001872,1996-12-25,-5.330,-5.330,-6.130,-5.630,,0.180,3.1000,16153,16971256.00,,AKSHARE,close_negative,主板,1993-1999,1050.6566,全史负价（源侧缺陷）。OHLC 整体为负但列间比例自洽→疑似源历史段符号/量纲伪影，须回源确证
2026-09-23,001872,1996-12-26,-5.600,-5.410,-5.610,-5.600,,0.030,0.5300,6046,6588916.50,,AKSHARE,close_negative,主板,1993-1999,1089.7976,全史负价（源侧缺陷）。OHLC 整体为负但列间比例自洽→疑似源历史段符号/量纲伪影，须回源确证
2026-09-23,001872,1996-12-27,-5.440,-5.220,-5.540,-5.290,,0.310,5.5400,21083,23672220.00,,AKSHARE,close_negative,主板,1993-1999,1122.8108,全史负价（源侧缺陷）。OHLC 整体为负但列间比例自洽→疑似源历史段符号/量纲伪影，须回源确证
2026-09-23,001872,1996-12-30,-5.230,-4.850,-5.250,-4.860,,0.430,8.1300,27025,32222764.00,,AKSHARE,close_negative,主板,1993-1999,1192.3317,全史负价（源侧缺陷）。OHLC 整体为负但列间比例自洽→疑似源历史段符号/量纲伪影，须回源确证
2026-09-23,001872,1996-12-31,-4.850,-4.850,-5.220,-5.120,,-0.260,-5.3500,16133,19172888.00,,AKSHARE,close_negative,主板,1993-1999,1188.4267,全史负价（源侧缺陷）。OHLC 整体为负但列间比例自洽→疑似源历史段符号/量纲伪影，须回源确证
2026-09-23,001872,1997-01-02,-5.090,-4.960,-5.200,-5.120,,,,8059,9429126.00,,AKSHARE,close_negative,主板,1993-1999,1170.0119,全史负价（源侧缺陷）。OHLC 整体为负但列间比例自洽→疑似源历史段符号/量纲伪影，须回源确证
2026-09-23,001872,1997-01-03,-5.060,-4.910,-5.220,-5.220,,-0.100,-1.9500,11257,13244541.00,,AKSHARE,close_negative,主板,1993-1999,1176.5605,全史负价（源侧缺陷）。OHLC 整体为负但列间比例自洽→疑似源历史段符号/量纲伪影，须回源确证
2026-09-23,001872,1997-01-06,-5.220,-5.220,-5.540,-5.500,,-0.280,-5.3600,7547,8407012.00,,AKSHARE,close_negative,主板,1993-1999,1113.9542,全史负价（源侧缺陷）。OHLC 整体为负但列间比例自洽→疑似源历史段符号/量纲伪影，须回源确证
2026-09-23,001872,1997-01-07,-5.650,-5.230,-5.710,-5.320,,0.180,3.2700,7799,8648546.00,,AKSHARE,close_negative,主板,1993-1999,1108.9301,全史负价（源侧缺陷）。OHLC 整体为负但列间比例自洽→疑似源历史段符号/量纲伪影，须回源确证
2026-09-23,001872,1997-01-08,-5.300,-5.280,-5.510,-5.400,,-0.080,-1.5000,5545,6186153.50,,AKSHARE,close_negative,主板,1993-1999,1115.6273,全史负价（源侧缺陷）。OHLC 整体为负但列间比例自洽→疑似源历史段符号/量纲伪影，须回源确证
2026-09-23,001872,1997-01-09,-5.390,-5.290,-5.400,-5.350,,0.050,0.9300,3935,4446116.50,,AKSHARE,close_negative,主板,1993-1999,1129.8898,全史负价（源侧缺陷）。OHLC 整体为负但列间比例自洽→疑似源历史段符号/量纲伪影，须回源确证
2026-09-23,001872,1997-01-10,-5.350,-5.250,-5.390,-5.320,,0.030,0.5600,4739,5384549.50,,AKSHARE,close_negative,主板,1993-1999,1136.2206,全史负价（源侧缺陷）。OHLC 整体为负但列间比例自洽→疑似源历史段符号/量纲伪影，须回源确证
2026-09-23,001872,1997-01-13,-5.200,-5.100,-5.220,-5.170,,0.150,2.8200,6304,7296654.00,,AKSHARE,close_negative,主板,1993-1999,1157.4641,全史负价（源侧缺陷）。OHLC 整体为负但列间比例自洽→疑似源历史段符号/量纲伪影，须回源确证
2026-09-23,001872,1997-01-14,-5.090,-5.090,-5.300,-5.250,,-0.080,-1.5500,6606,7587865.00,,AKSHARE,close_negative,主板,1993-1999,1148.6323,全史负价（源侧缺陷）。OHLC 整体为负但列间比例自洽→疑似源历史段符号/量纲伪影，须回源确证
2026-09-23,001872,1997-01-15,-5.300,-5.210,-5.330,-5.260,,-0.010,-0.1900,2794,3202243.25,,AKSHARE,close_negative,主板,1993-1999,1146.1143,全史负价（源侧缺陷）。OHLC 整体为负但列间比例自洽→疑似源历史段符号/量纲伪影，须回源确证
2026-09-23,001872,1997-01-16,-5.280,-5.170,-5.300,-5.230,,0.030,0.5700,5246,6032228.50,,AKSHARE,close_negative,主板,1993-1999,1149.872,全史负价（源侧缺陷）。OHLC 整体为负但列间比例自洽→疑似源历史段符号/量纲伪影，须回源确证
2026-09-23,001872,1997-01-17,-5.220,-5.110,-5.280,-5.150,,0.080,1.5300,7386,8572452.00,,AKSHARE,close_negative,主板,1993-1999,1160.6353,全史负价（源侧缺陷）。OHLC 整体为负但列间比例自洽→疑似源历史段符号/量纲伪影，须回源确证
2026-09-23,001872,1997-01-20,-5.120,-5.090,-5.170,-5.120,,0.030,0.5800,6502,7601680.00,,AKSHARE,close_negative,主板,1993-1999,1169.1295,全史负价（源侧缺陷）。OHLC 整体为负但列间比例自洽→疑似源历史段符号/量纲伪影，须回源确证
2026-09-23,001872,1997-01-21,-5.120,-5.070,-5.170,-5.160,,-0.040,-0.7800,7378,8625699.00,,AKSHARE,close_negative,主板,1993-1999,1169.1107,全史负价（源侧缺陷）。OHLC 整体为负但列间比例自洽→疑似源历史段符号/量纲伪影，须回源确证
2026-09-23,001872,1997-01-22,-5.200,-4.850,-5.260,-4.870,,0.290,5.6200,19519,23306560.00,,AKSHARE,close_negative,主板,1993-1999,1194.0448,全史负价（源侧缺陷）。OHLC 整体为负但列间比例自洽→疑似源历史段符号/量纲伪影，须回源确证
2026-09-23,001872,1997-01-23,-4.850,-4.790,-5.000,-4.830,,0.040,0.8200,18327,22365746.00,,AKSHARE,close_negative,主板,1993-1999,1220.3714,全史负价（源侧缺陷）。OHLC 整体为负但列间比例自洽→疑似源历史段符号/量纲伪影，须回源确证
2026-09-23,001872,1997-01-24,-4.840,-4.710,-4.960,-4.740,,0.090,1.8600,15736,19360538.00,,AKSHARE,close_negative,主板,1993-1999,1230.3341,全史负价（源侧缺陷）。OHLC 整体为负但列间比例自洽→疑似源历史段符号/量纲伪影，须回源确证
2026-09-23,001872,1997-01-27,-4.700,-4.690,-4.870,-4.810,,-0.070,-1.4800,13932,17169556.00,,AKSHARE,close_negative,主板,1993-1999,1232.3827,全史负价（源侧缺陷）。OHLC 整体为负但列间比例自洽→疑似源历史段符号/量纲伪影，须回源确证
2026-09-23,001872,1997-01-28,-4.750,-4.690,-4.850,-4.770,,0.040,0.8300,8854,10918109.00,,AKSHARE,close_negative,主板,1993-1999,1233.1273,全史负价（源侧缺陷）。OHLC 整体为负但列间比例自洽→疑似源历史段符号/量纲伪影，须回源确证
2026-09-23,001872,1997-01-29,-4.790,-4.710,-4.850,-4.820,,-0.050,-1.0500,9328,11513817.00,,AKSHARE,close_negative,主板,1993-1999,1234.3286,全史负价（源侧缺陷）。OHLC 整体为负但列间比例自洽→疑似源历史段符号/量纲伪影，须回源确证
2026-09-23,001872,1997-01-30,-4.770,-4.770,-4.910,-4.790,,0.030,0.6200,7205,8838167.00,,AKSHARE,close_negative,主板,1993-1999,1226.6713,全史负价（源侧缺陷）。OHLC 整体为负但列间比例自洽→疑似源历史段符号/量纲伪影，须回源确证
2026-09-23,001872,1997-01-31,-4.790,-4.620,-4.850,-4.690,,0.100,2.0900,16763,21011816.00,,AKSHARE,close_negative,主板,1993-1999,1253.4639,全史负价（源侧缺陷）。OHLC 整体为负但列间比例自洽→疑似源历史段符号/量纲伪影，须回源确证
2026-09-23,001872,1997-02-17,-4.710,-4.630,-4.870,-4.690,,,,6870,8502619.00,,AKSHARE,close_negative,主板,1993-1999,1237.6447,全史负价（源侧缺陷）。OHLC 整体为负但列间比例自洽→疑似源历史段符号/量纲伪影，须回源确证
2026-09-23,001872,1997-02-18,-4.740,-4.710,-5.360,-5.350,,-0.660,-14.0700,22761,26548694.00,,AKSHARE,close_negative,主板,1993-1999,1166.4116,全史负价（源侧缺陷）。OHLC 整体为负但列间比例自洽→疑似源历史段符号/量纲伪影，须回源确证
2026-09-23,001872,1997-02-19,-5.260,-4.850,-5.260,-5.020,,0.330,6.1700,9957,11733056.00,,AKSHARE,close_negative,主板,1993-1999,1178.3726,全史负价（源侧缺陷）。OHLC 整体为负但列间比例自洽→疑似源历史段符号/量纲伪影，须回源确证
2026-09-23,001872,1997-02-20,-5.650,-5.120,-5.650,-5.200,,-0.180,-3.5900,15496,17478108.00,,AKSHARE,close_negative,主板,1993-1999,1127.9109,全史负价（源侧缺陷）。OHLC 整体为负但列间比例自洽→疑似源历史段符号/量纲伪影，须回源确证
2026-09-23,001872,1997-02-21,-5.170,-4.960,-5.170,-4.960,,0.240,4.6200,9224,10932796.00,,AKSHARE,close_negative,主板,1993-1999,1185.2554,全史负价（源侧缺陷）。OHLC 整体为负但列间比例自洽→疑似源历史段符号/量纲伪影，须回源确证
2026-09-23,001872,1997-02-24,-4.900,-4.850,-5.060,-4.980,,-0.020,-0.4000,7853,9379212.00,,AKSHARE,close_negative,主板,1993-1999,1194.3476,全史负价（源侧缺陷）。OHLC 整体为负但列间比例自洽→疑似源历史段符号/量纲伪影，须回源确证
2026-09-23,001872,1997-02-25,-5.010,-4.870,-5.010,-4.960,,0.020,0.4000,7004,8413432.00,,AKSHARE,close_negative,主板,1993-1999,1201.2324,全史负价（源侧缺陷）。OHLC 整体为负但列间比例自洽→疑似源历史段符号/量纲伪影，须回源确证
2026-09-23,001872,1997-02-26,-4.960,-4.750,-4.980,-4.800,,0.160,3.2300,8280,10089362.00,,AKSHARE,close_negative,主板,1993-1999,1218.522,全史负价（源侧缺陷）。OHLC 整体为负但列间比例自洽→疑似源历史段符号/量纲伪影，须回源确证
2026-09-23,001872,1997-02-27,-4.790,-4.590,-4.830,-4.770,,0.030,0.6300,12304,15326762.00,,AKSHARE,close_negative,主板,1993-1999,1245.6731,全史负价（源侧缺陷）。OHLC 整体为负但列间比例自洽→疑似源历史段符号/量纲伪影，须回源确证
2026-09-23,001872,1997-02-28,-4.630,-4.630,-4.960,-4.710,,0.060,1.2600,10617,13144591.00,,AKSHARE,close_negative,主板,1993-1999,1238.0702,全史负价（源侧缺陷）。OHLC 整体为负但列间比例自洽→疑似源历史段符号/量纲伪影，须回源确证
2026-09-23,001872,1997-03-03,-4.630,-4.520,-4.690,-4.520,,0.190,4.0300,16592,21033460.00,,AKSHARE,close_negative,主板,1993-1999,1267.6868,全史负价（源侧缺陷）。OHLC 整体为负但列间比例自洽→疑似源历史段符号/量纲伪影，须回源确证
2026-09-23,001872,1997-03-04,-4.530,-4.510,-4.700,-4.520,,,,15155,19235444.00,,AKSHARE,close_negative,主板,1993-1999,1269.2474,全史负价（源侧缺陷）。OHLC 整体为负但列间比例自洽→疑似源历史段符号/量纲伪影，须回源确证
2026-09-23,001872,1997-03-05,-4.470,-4.150,-4.470,-4.450,,0.070,1.5500,32753,43402992.00,,AKSHARE,close_negative,主板,1993-1999,1325.1608,全史负价（源侧缺陷）。OHLC 整体为负但列间比例自洽→疑似源历史段符号/量纲伪影，须回源确证
2026-09-23,001872,1997-03-06,-4.480,-4.230,-4.540,-4.340,,0.110,2.4700,16226,21317704.00,,AKSHARE,close_negative,主板,1993-1999,1313.7991,全史负价（源侧缺陷）。OHLC 整体为负但列间比例自洽→疑似源历史段符号/量纲伪影，须回源确证
2026-09-23,001872,1997-03-07,-4.320,-4.240,-4.470,-4.450,,-0.110,-2.5300,12626,16432287.00,,AKSHARE,close_negative,主板,1993-1999,1301.4642,全史负价（源侧缺陷）。OHLC 整体为负但列间比例自洽→疑似源历史段符号/量纲伪影，须回源确证
2026-09-23,001872,1997-03-10,-4.340,-4.330,-4.470,-4.390,,0.060,1.3500,11476,14923511.00,,AKSHARE,close_negative,主板,1993-1999,1300.4105,全史负价（源侧缺陷）。OHLC 整体为负但列间比例自洽→疑似源历史段符号/量纲伪影，须回源确证
2026-09-23,001872,1997-03-11,-4.420,-4.310,-4.420,-4.340,,0.050,1.1400,12137,15915084.00,,AKSHARE,close_negative,主板,1993-1999,1311.2865,全史负价（源侧缺陷）。OHLC 整体为负但列间比例自洽→疑似源历史段符号/量纲伪影，须回源确证
2026-09-23,001872,1997-03-12,-4.280,-4.230,-4.420,-4.340,,,,12730,16719135.00,,AKSHARE,close_negative,主板,1993-1999,1313.3649,全史负价（源侧缺陷）。OHLC 整体为负但列间比例自洽→疑似源历史段符号/量纲伪影，须回源确证
2026-09-23,001872,1997-03-13,-4.340,-4.340,-4.500,-4.430,,-0.090,-2.0700,12298,15955537.00,,AKSHARE,close_negative,主板,1993-1999,1297.4091,全史负价（源侧缺陷）。OHLC 整体为负但列间比例自洽→疑似源历史段符号/量纲伪影，须回源确证
2026-09-23,001872,1997-03-14,-4.470,-4.310,-4.510,-4.360,,0.070,1.5800,11014,14257448.00,,AKSHARE,close_negative,主板,1993-1999,1294.4841,全史负价（源侧缺陷）。OHLC 整体为负但列间比例自洽→疑似源历史段符号/量纲伪影，须回源确证
2026-09-23,001872,1997-03-17,-4.360,-4.090,-4.420,-4.220,,0.140,3.2100,22784,30317188.00,,AKSHARE,close_negative,主板,1993-1999,1330.635,全史负价（源侧缺陷）。OHLC 整体为负但列间比例自洽→疑似源历史段符号/量纲伪影，须回源确证
2026-09-23,001872,1997-03-18,-4.200,-4.160,-4.370,-4.310,,-0.090,-2.1300,14545,19204694.00,,AKSHARE,close_negative,主板,1993-1999,1320.364,全史负价（源侧缺陷）。OHLC 整体为负但列间比例自洽→疑似源历史段符号/量纲伪影，须回源确证
2026-09-23,001872,1997-03-19,-4.360,-4.310,-4.420,-4.380,,-0.070,-1.6200,9784,12777392.00,,AKSHARE,close_negative,主板,1993-1999,1305.9477,全史负价（源侧缺陷）。OHLC 整体为负但列间比例自洽→疑似源历史段符号/量纲伪影，须回源确证
2026-09-23,001872,1997-03-20,-4.380,-4.310,-4.690,-4.640,,-0.260,-5.9400,10343,13429688.00,,AKSHARE,close_negative,主板,1993-1999,1298.4326,全史负价（源侧缺陷）。OHLC 整体为负但列间比例自洽→疑似源历史段符号/量纲伪影，须回源确证
2026-09-23,001872,1997-03-21,-4.640,-4.370,-4.670,-4.400,,0.240,5.1700,9125,11746821.00,,AKSHARE,close_negative,主板,1993-1999,1287.3228,全史负价（源侧缺陷）。OHLC 整体为负但列间比例自洽→疑似源历史段符号/量纲伪影，须回源确证
2026-09-23,001872,1997-03-24,-4.310,-3.700,-4.420,-3.700,,0.700,15.9100,55162,76105448.00,,AKSHARE,close_negative,主板,1993-1999,1379.6717,全史负价（源侧缺陷）。OHLC 整体为负但列间比例自洽→疑似源历史段符号/量纲伪影，须回源确证
2026-09-23,001872,1997-03-25,-3.610,-3.570,-4.200,-3.880,,-0.180,-4.8600,35620,50333900.00,,AKSHARE,close_negative,主板,1993-1999,1413.0797,全史负价（源侧缺陷）。OHLC 整体为负但列间比例自洽→疑似源历史段符号/量纲伪影，须回源确证
2026-09-23,001872,1997-03-26,-3.840,-3.780,-3.990,-3.900,,-0.020,-0.5200,18209,25301230.00,,AKSHARE,close_negative,主板,1993-1999,1389.4904,全史负价（源侧缺陷）。OHLC 整体为负但列间比例自洽→疑似源历史段符号/量纲伪影，须回源确证
2026-09-23,001872,1997-03-27,-3.910,-3.770,-4.010,-3.950,,-0.050,-1.2800,19095,26664568.00,,AKSHARE,close_negative,主板,1993-1999,1396.4162,全史负价（源侧缺陷）。OHLC 整体为负但列间比例自洽→疑似源历史段符号/量纲伪影，须回源确证
2026-09-23,001872,1997-03-28,-3.990,-3.660,-4.040,-3.880,,0.070,1.7700,21721,30551952.00,,AKSHARE,close_negative,主板,1993-1999,1406.5629,全史负价（源侧缺陷）。OHLC 整体为负但列间比例自洽→疑似源历史段符号/量纲伪影，须回源确证
2026-09-23,001872,1997-03-31,-3.830,-3.610,-3.870,-3.660,,0.220,5.6700,19417,27851590.00,,AKSHARE,close_negative,主板,1993-1999,1434.392,全史负价（源侧缺陷）。OHLC 整体为负但列间比例自洽→疑似源历史段符号/量纲伪影，须回源确证
2026-09-23,001872,1997-04-01,-3.600,-3.450,-3.660,-3.630,,0.030,0.8200,18022,26294476.00,,AKSHARE,close_negative,主板,1993-1999,1459.021,全史负价（源侧缺陷）。OHLC 整体为负但列间比例自洽→疑似源历史段符号/量纲伪影，须回源确证
2026-09-23,001872,1997-04-02,-3.640,-3.560,-3.770,-3.750,,-0.120,-3.3100,11962,17157184.00,,AKSHARE,close_negative,主板,1993-1999,1434.3073,全史负价（源侧缺陷）。OHLC 整体为负但列间比例自洽→疑似源历史段符号/量纲伪影，须回源确证
2026-09-23,001872,1997-04-03,-3.750,-3.680,-3.930,-3.760,,-0.010,-0.2700,10596,14948237.00,,AKSHARE,close_negative,主板,1993-1999,1410.7434,全史负价（源侧缺陷）。OHLC 整体为负但列间比例自洽→疑似源历史段符号/量纲伪影，须回源确证
2026-09-23,001872,1997-04-04,-3.700,-3.450,-3.770,-3.540,,0.220,5.8500,20719,29953822.00,,AKSHARE,close_negative,主板,1993-1999,1445.7176,全史负价（源侧缺陷）。OHLC 整体为负但列间比例自洽→疑似源历史段符号/量纲伪影，须回源确证
2026-09-23,001872,1997-04-07,-3.370,-3.070,-3.400,-3.220,,0.320,9.0400,32398,49255092.00,,AKSHARE,close_negative,主板,1993-1999,1520.3127,全史负价（源侧缺陷）。OHLC 整体为负但列间比例自洽→疑似源历史段符号/量纲伪影，须回源确证
2026-09-23,001872,1997-04-08,-4.040,-3.660,-4.040,-3.880,,-0.660,-20.5000,35649,50143264.00,,AKSHARE,close_negative,主板,1993-1999,1406.5826,全史负价（源侧缺陷）。OHLC 整体为负但列间比例自洽→疑似源历史段符号/量纲伪影，须回源确证
2026-09-23,001872,1997-04-09,-3.990,-3.610,-4.010,-3.680,,0.200,5.1500,32711,46337624.00,,AKSHARE,close_negative,主板,1993-1999,1416.5762,全史负价（源侧缺陷）。OHLC 整体为负但列间比例自洽→疑似源历史段符号/量纲伪影，须回源确证
2026-09-23,001872,1997-04-10,-3.720,-3.690,-3.880,-3.840,,-0.160,-4.3500,16836,23730266.00,,AKSHARE,close_negative,主板,1993-1999,1409.4955,全史负价（源侧缺陷）。OHLC 整体为负但列间比例自洽→疑似源历史段符号/量纲伪影，须回源确证
2026-09-23,001872,1997-04-11,-3.880,-3.880,-4.120,-4.030,,-0.190,-4.9500,13532,18548686.00,,AKSHARE,close_negative,主板,1993-1999,1370.7276,全史负价（源侧缺陷）。OHLC 整体为负但列间比例自洽→疑似源历史段符号/量纲伪影，须回源确证
2026-09-23,001872,1997-04-14,-4.030,-3.880,-4.050,-3.990,,0.040,0.9900,11571,15939817.00,,AKSHARE,close_negative,主板,1993-1999,1377.5661,全史负价（源侧缺陷）。OHLC 整体为负但列间比例自洽→疑似源历史段符号/量纲伪影，须回源确证
2026-09-23,001872,1997-04-15,-3.990,-3.880,-3.990,-3.880,,0.110,2.7600,9597,13333954.00,,AKSHARE,close_negative,主板,1993-1999,1389.3877,全史负价（源侧缺陷）。OHLC 整体为负但列间比例自洽→疑似源历史段符号/量纲伪影，须回源确证
2026-09-23,001872,1997-04-16,-3.880,-3.830,-3.990,-3.930,,-0.050,-1.2900,5747,8003413.00,,AKSHARE,close_negative,主板,1993-1999,1392.6245,全史负价（源侧缺陷）。OHLC 整体为负但列间比例自洽→疑似源历史段符号/量纲伪影，须回源确证
2026-09-23,001872,1997-04-17,-3.910,-3.830,-4.010,-3.910,,0.020,0.5100,9739,13518067.00,,AKSHARE,close_negative,主板,1993-1999,1388.0344,全史负价（源侧缺陷）。OHLC 整体为负但列间比例自洽→疑似源历史段符号/量纲伪影，须回源确证
2026-09-23,001872,1997-04-18,-3.880,-3.840,-3.990,-3.970,,-0.060,-1.5300,8150,11304095.00,,AKSHARE,close_negative,主板,1993-1999,1387.0055,全史负价（源侧缺陷）。OHLC 整体为负但列间比例自洽→疑似源历史段符号/量纲伪影，须回源确证
2026-09-23,001872,1997-04-21,-3.880,-3.660,-3.930,-3.760,,0.210,5.2900,17556,24989118.00,,AKSHARE,close_negative,主板,1993-1999,1423.3947,全史负价（源侧缺陷）。OHLC 整体为负但列间比例自洽→疑似源历史段符号/量纲伪影，须回源确证
2026-09-23,001872,1997-04-22,-3.740,-3.660,-3.880,-3.810,,-0.050,-1.3300,10522,14967181.00,,AKSHARE,close_negative,主板,1993-1999,1422.4654,全史负价（源侧缺陷）。OHLC 整体为负但列间比例自洽→疑似源历史段符号/量纲伪影，须回源确证
2026-09-23,001872,1997-04-23,-3.800,-3.780,-3.940,-3.900,,-0.090,-2.3600,13476,18784922.00,,AKSHARE,close_negative,主板,1993-1999,1393.9538,全史负价（源侧缺陷）。OHLC 整体为负但列间比例自洽→疑似源历史段符号/量纲伪影，须回源确证
2026-09-23,001872,1997-04-24,-3.990,-3.930,-4.090,-3.930,,-0.030,-0.7700,11308,15548796.00,,AKSHARE,close_negative,主板,1993-1999,1375.0262,全史负价（源侧缺陷）。OHLC 整体为负但列间比例自洽→疑似源历史段符号/量纲伪影，须回源确证
2026-09-23,001872,1997-04-25,-3.930,-3.640,-3.960,-3.840,,0.090,2.2900,23970,33922192.00,,AKSHARE,close_negative,主板,1993-1999,1415.1937,全史负价（源侧缺陷）。OHLC 整体为负但列间比例自洽→疑似源历史段符号/量纲伪影，须回源确证
2026-09-23,001872,1997-04-28,-3.720,-3.670,-4.040,-4.000,,-0.160,-4.1700,16370,22859828.00,,AKSHARE,close_negative,主板,1993-1999,1396.4464,全史负价（源侧缺陷）。OHLC 整体为负但列间比例自洽→疑似源历史段符号/量纲伪影，须回源确证
2026-09-23,001872,1997-04-29,-4.040,-3.770,-4.410,-3.780,,0.220,5.5000,13316,18108074.00,,AKSHARE,close_negative,主板,1993-1999,1359.8734,全史负价（源侧缺陷）。OHLC 整体为负但列间比例自洽→疑似源历史段符号/量纲伪影，须回源确证
2026-09-23,001872,1997-04-30,-3.790,-3.670,-3.920,-3.720,,0.060,1.5900,22366,31741422.00,,AKSHARE,close_negative,主板,1993-1999,1419.1819,全史负价（源侧缺陷）。OHLC 整体为负但列间比例自洽→疑似源历史段符号/量纲伪影，须回源确证
2026-09-23,001872,1997-05-05,-3.670,-3.450,-3.770,-3.500,,0.220,5.9100,32396,47400936.00,,AKSHARE,close_negative,主板,1993-1999,1463.1725,全史负价（源侧缺陷）。OHLC 整体为负但列间比例自洽→疑似源历史段符号/量纲伪影，须回源确证
2026-09-23,001872,1997-05-06,-3.450,-2.880,-3.510,-3.120,,0.380,10.8600,49242,75665600.00,,AKSHARE,close_negative,主板,1993-1999,1536.607,全史负价（源侧缺陷）。OHLC 整体为负但列间比例自洽→疑似源历史段符号/量纲伪影，须回源确证
2026-09-23,001872,1997-05-07,-3.080,-3.020,-3.480,-3.400,,-0.280,-8.9700,25624,38464392.00,,AKSHARE,close_negative,主板,1993-1999,1501.108,全史负价（源侧缺陷）。OHLC 整体为负但列间比例自洽→疑似源历史段符号/量纲伪影，须回源确证
2026-09-23,001872,1997-05-08,-3.420,-3.410,-3.820,-3.810,,-0.410,-12.0600,20822,30195392.00,,AKSHARE,close_negative,主板,1993-1999,1450.1677,全史负价（源侧缺陷）。OHLC 整体为负但列间比例自洽→疑似源历史段符号/量纲伪影，须回源确证
2026-09-23,001872,1997-05-09,-3.830,-3.430,-3.990,-3.470,,0.340,8.9200,21756,31219168.00,,AKSHARE,close_negative,主板,1993-1999,1434.9682,全史负价（源侧缺陷）。OHLC 整体为负但列间比例自洽→疑似源历史段符号/量纲伪影，须回源确证
2026-09-23,001872,1997-05-12,-2.920,-2.920,-3.400,-3.220,,0.250,7.2000,23235,35210184.00,,AKSHARE,close_negative,主板,1993-1999,1515.3942,全史负价（源侧缺陷）。OHLC 整体为负但列间比例自洽→疑似源历史段符号/量纲伪影，须回源确证
2026-09-23,001872,1997-05-13,-3.230,-3.230,-3.610,-3.470,,-0.250,-7.7600,18866,27802320.00,,AKSHARE,close_negative,主板,1993-1999,1473.6733,全史负价（源侧缺陷）。OHLC 整体为负但列间比例自洽→疑似源历史段符号/量纲伪影，须回源确证
2026-09-23,001872,1997-05-14,-3.560,-3.400,-3.880,-3.860,,-0.390,-11.2400,14313,20615698.00,,AKSHARE,close_negative,主板,1993-1999,1440.3478,全史负价（源侧缺陷）。OHLC 整体为负但列间比例自洽→疑似源历史段符号/量纲伪影，须回源确证
2026-09-23,001872,1997-05-15,-3.880,-3.600,-3.970,-3.610,,0.250,6.4800,11601,16531314.00,,AKSHARE,close_negative,主板,1993-1999,1424.9904,全史负价（源侧缺陷）。OHLC 整体为负但列间比例自洽→疑似源历史段符号/量纲伪影，须回源确证
2026-09-23,001872,1997-05-16,-4.380,-3.770,-4.390,-4.300,,-0.690,-19.1100,17452,23856000.00,,AKSHARE,close_negative,主板,1993-1999,1366.9493,全史负价（源侧缺陷）。OHLC 整体为负但列间比例自洽→疑似源历史段符号/量纲伪影，须回源确证
2026-09-23,001872,1997-05-19,-4.170,-3.830,-4.200,-3.860,,0.440,10.2300,12740,17621736.00,,AKSHARE,close_negative,主板,1993-1999,1383.1818,全史负价（源侧缺陷）。OHLC 整体为负但列间比例自洽→疑似源历史段符号/量纲伪影，须回源确证
2026-09-23,001872,1997-05-20,-3.850,-3.800,-3.940,-3.860,,,,8857,12442700.00,,AKSHARE,close_negative,主板,1993-1999,1404.8436,全史负价（源侧缺陷）。OHLC 整体为负但列间比例自洽→疑似源历史段符号/量纲伪影，须回源确证
2026-09-23,001872,1997-05-21,-3.880,-3.880,-4.210,-4.130,,-0.270,-6.9900,7784,10586800.00,,AKSHARE,close_negative,主板,1993-1999,1360.0719,全史负价（源侧缺陷）。OHLC 整体为负但列间比例自洽→疑似源历史段符号/量纲伪影，须回源确证
2026-09-23,001872,1997-05-22,-4.780,-4.360,-4.860,-4.860,,-0.730,-17.6800,13151,16272601.00,,AKSHARE,close_negative,主板,1993-1999,1237.3661,全史负价（源侧缺陷）。OHLC 整体为负但列间比例自洽→疑似源历史段符号/量纲伪影，须回源确证
2026-09-23,001872,1997-05-23,-4.850,-4.610,-5.060,-4.850,,0.010,0.2100,9996,12207727.00,,AKSHARE,close_negative,主板,1993-1999,1221.2612,全史负价（源侧缺陷）。OHLC 整体为负但列间比例自洽→疑似源历史段符号/量纲伪影，须回源确证
2026-09-23,001872,1997-05-26,-4.850,-4.640,-5.490,-5.120,,-0.270,-5.5700,9350,10947070.00,,AKSHARE,close_negative,主板,1993-1999,1170.8096,全史负价（源侧缺陷）。OHLC 整体为负但列间比例自洽→疑似源历史段符号/量纲伪影，须回源确证
2026-09-23,001872,1997-05-27,-5.030,-4.790,-5.150,-4.800,,0.320,6.2500,10312,12299155.00,,AKSHARE,close_negative,主板,1993-1999,1192.7032,全史负价（源侧缺陷）。OHLC 整体为负但列间比例自洽→疑似源历史段符号/量纲伪影，须回源确证
2026-09-23,001872,1997-05-28,-4.790,-4.740,-4.980,-4.920,,-0.120,-2.5000,6778,8245000.50,,AKSHARE,close_negative,主板,1993-1999,1216.4356,全史负价（源侧缺陷）。OHLC 整体为负但列间比例自洽→疑似源历史段符号/量纲伪影，须回源确证
2026-09-23,001872,1997-05-29,-5.060,-4.770,-5.060,-4.930,,-0.010,-0.2000,4700,5694611.00,,AKSHARE,close_negative,主板,1993-1999,1211.6194,全史负价（源侧缺陷）。OHLC 整体为负但列间比例自洽→疑似源历史段符号/量纲伪影，须回源确证
2026-09-23,001872,1997-05-30,-5.060,-4.520,-5.060,-4.570,,0.360,7.3000,7727,9535098.00,,AKSHARE,close_negative,主板,1993-1999,1233.9974,全史负价（源侧缺陷）。OHLC 整体为负但列间比例自洽→疑似源历史段符号/量纲伪影，须回源确证
2026-09-23,001872,1997-06-02,-4.410,-3.890,-4.480,-3.890,,0.680,14.8800,17423,23766746.00,,AKSHARE,close_negative,主板,1993-1999,1364.1018,全史负价（源侧缺陷）。OHLC 整体为负但列间比例自洽→疑似源历史段符号/量纲伪影，须回源确证
2026-09-23,001872,1997-06-03,-3.610,-3.200,-3.770,-3.400,,0.490,12.6000,51654,76650824.00,,AKSHARE,close_negative,主板,1993-1999,1483.9281,全史负价（源侧缺陷）。OHLC 整体为负但列间比例自洽→疑似源历史段符号/量纲伪影，须回源确证
2026-09-23,001872,1997-06-04,-3.290,-3.230,-3.500,-3.420,,-0.020,-0.5900,29814,44556076.00,,AKSHARE,close_negative,主板,1993-1999,1494.4682,全史负价（源侧缺陷）。OHLC 整体为负但列间比例自洽→疑似源历史段符号/量纲伪影，须回源确证
2026-09-23,001872,1997-06-05,-3.450,-3.230,-3.560,-3.280,,0.140,4.0900,23259,34659484.00,,AKSHARE,close_negative,主板,1993-1999,1490.1537,全史负价（源侧缺陷）。OHLC 整体为负但列间比例自洽→疑似源历史段符号/量纲伪影，须回源确证
2026-09-23,001872,1997-06-06,-3.990,-3.260,-4.040,-3.400,,-0.120,-3.6600,47765,69901456.00,,AKSHARE,close_negative,主板,1993-1999,1463.4451,全史负价（源侧缺陷）。OHLC 整体为负但列间比例自洽→疑似源历史段符号/量纲伪影，须回源确证
2026-09-23,001872,1997-06-09,-3.240,-2.870,-3.290,-2.920,,0.480,14.1200,62684,97685312.00,,AKSHARE,close_negative,主板,1993-1999,1558.3771,全史负价（源侧缺陷）。OHLC 整体为负但列间比例自洽→疑似源历史段符号/量纲伪影，须回源确证
2026-09-23,001872,1997-06-10,-2.940,-2.940,-3.640,-3.510,,-0.590,-20.2100,25441,38278084.00,,AKSHARE,close_negative,主板,1993-1999,1504.5825,全史负价（源侧缺陷）。OHLC 整体为负但列间比例自洽→疑似源历史段符号/量纲伪影，须回源确证
2026-09-23,001872,1997-06-11,-3.610,-3.500,-4.270,-3.620,,-0.110,-3.1300,18395,25711144.00,,AKSHARE,close_negative,主板,1993-1999,1397.7246,全史负价（源侧缺陷）。OHLC 整体为负但列间比例自洽→疑似源历史段符号/量纲伪影，须回源确证
2026-09-23,001872,1997-06-12,-3.610,-3.500,-3.910,-3.770,,-0.150,-4.1400,11109,15965161.00,,AKSHARE,close_negative,主板,1993-1999,1437.1375,全史负价（源侧缺陷）。OHLC 整体为负但列间比例自洽→疑似源历史段符号/量纲伪影，须回源确证
2026-09-23,001872,1997-06-13,-4.300,-3.340,-4.300,-3.440,,0.330,8.7500,24454,35410472.00,,AKSHARE,close_negative,主板,1993-1999,1448.0442,全史负价（源侧缺陷）。OHLC 整体为负但列间比例自洽→疑似源历史段符号/量纲伪影，须回源确证
2026-09-23,001872,1997-06-16,-3.130,-3.130,-3.450,-3.400,,0.040,1.1600,19308,29130404.00,,AKSHARE,close_negative,主板,1993-1999,1508.722,全史负价（源侧缺陷）。OHLC 整体为负但列间比例自洽→疑似源历史段符号/量纲伪影，须回源确证
2026-09-23,001872,1997-06-17,-3.450,-3.310,-3.570,-3.540,,-0.140,-4.1200,10663,15765887.00,,AKSHARE,close_negative,主板,1993-1999,1478.5602,全史负价（源侧缺陷）。OHLC 整体为负但列间比例自洽→疑似源历史段符号/量纲伪影，须回源确证
2026-09-23,001872,1997-06-18,-3.610,-3.400,-3.660,-3.560,,-0.020,-0.5600,8459,12388085.00,,AKSHARE,close_negative,主板,1993-1999,1464.4858,全史负价（源侧缺陷）。OHLC 整体为负但列间比例自洽→疑似源历史段符号/量纲伪影，须回源确证
2026-09-23,001872,1997-06-19,-3.540,-3.340,-3.660,-3.570,,-0.010,-0.2800,12063,17758054.00,,AKSHARE,close_negative,主板,1993-1999,1472.1093,全史负价（源侧缺陷）。OHLC 整体为负但列间比例自洽→疑似源历史段符号/量纲伪影，须回源确证
2026-09-23,001872,1997-06-20,-3.400,-2.960,-3.500,-3.000,,0.570,15.9700,36757,56256840.00,,AKSHARE,close_negative,主板,1993-1999,1530.5068,全史负价（源侧缺陷）。OHLC 整体为负但列间比例自洽→疑似源历史段符号/量纲伪影，须回源确证
2026-09-23,001872,1997-06-23,-2.800,-2.580,-3.340,-3.080,,-0.080,-2.6700,51265,80853744.00,,AKSHARE,close_negative,主板,1993-1999,1577.1724,全史负价（源侧缺陷）。OHLC 整体为负但列间比例自洽→疑似源历史段符号/量纲伪影，须回源确证
2026-09-23,001872,1997-06-24,-3.080,-2.980,-3.180,-3.010,,0.070,2.2700,17979,27863718.00,,AKSHARE,close_negative,主板,1993-1999,1549.7924,全史负价（源侧缺陷）。OHLC 整体为负但列间比例自洽→疑似源历史段符号/量纲伪影，须回源确证
2026-09-23,001872,1997-06-25,-2.960,-2.960,-3.270,-3.170,,-0.160,-5.3200,18130,27809220.00,,AKSHARE,close_negative,主板,1993-1999,1533.8787,全史负价（源侧缺陷）。OHLC 整体为负但列间比例自洽→疑似源历史段符号/量纲伪影，须回源确证
2026-09-23,001872,1997-06-26,-3.230,-3.170,-3.370,-3.290,,-0.120,-3.7900,13420,20274906.00,,AKSHARE,close_negative,主板,1993-1999,1510.7978,全史负价（源侧缺陷）。OHLC 整体为负但列间比例自洽→疑似源历史段符号/量纲伪影，须回源确证
2026-09-23,001872,1997-06-27,-3.260,-3.230,-3.770,-3.700,,-0.410,-12.4600,22834,33119776.00,,AKSHARE,close_negative,主板,1993-1999,1450.4588,全史负价（源侧缺陷）。OHLC 整体为负但列间比例自洽→疑似源历史段符号/量纲伪影，须回源确证
2026-09-23,001872,1997-07-02,-3.770,-3.670,-4.470,-4.350,,-0.650,-17.5700,15389,20326946.00,,AKSHARE,close_negative,主板,1993-1999,1320.875,全史负价（源侧缺陷）。OHLC 整体为负但列间比例自洽→疑似源历史段符号/量纲伪影，须回源确证
2026-09-23,001872,1997-07-03,-4.420,-4.370,-5.050,-5.050,,-0.700,-16.0900,16146,19352524.00,,AKSHARE,close_negative,主板,1993-1999,1198.5956,全史负价（源侧缺陷）。OHLC 整体为负但列间比例自洽→疑似源历史段符号/量纲伪影，须回源确证
2026-09-23,001872,1997-07-04,-5.290,-4.860,-5.470,-4.910,,0.140,2.7700,10343,11832843.00,,AKSHARE,close_negative,主板,1993-1999,1144.0436,全史负价（源侧缺陷）。OHLC 整体为负但列间比例自洽→疑似源历史段符号/量纲伪影，须回源确证
2026-09-23,001872,1997-07-07,-4.930,-4.930,-5.550,-5.550,,-0.640,-13.0300,8053,8887048.00,,AKSHARE,close_negative,主板,1993-1999,1103.5698,全史负价（源侧缺陷）。OHLC 整体为负但列间比例自洽→疑似源历史段符号/量纲伪影，须回源确证
2026-09-23,001872,1997-07-08,-5.660,-5.350,-5.990,-5.770,,-0.220,-3.9600,9143,9555271.00,,AKSHARE,close_negative,主板,1993-1999,1045.0914,全史负价（源侧缺陷）。OHLC 整体为负但列间比例自洽→疑似源历史段符号/量纲伪影，须回源确证
2026-09-23,001872,1997-07-09,-5.790,-5.410,-5.940,-5.550,,0.220,3.8100,10632,11334151.00,,AKSHARE,close_negative,主板,1993-1999,1066.0413,全史负价（源侧缺陷）。OHLC 整体为负但列间比例自洽→疑似源历史段符号/量纲伪影，须回源确证
2026-09-23,001872,1997-07-10,-5.570,-5.490,-5.750,-5.740,,-0.190,-3.4200,6282,6674308.50,,AKSHARE,close_negative,主板,1993-1999,1062.4496,全史负价（源侧缺陷）。OHLC 整体为负但列间比例自洽→疑似源历史段符号/量纲伪影，须回源确证
2026-09-23,001872,1997-07-11,-5.780,-5.460,-5.780,-5.470,,0.270,4.7000,6813,7166491.50,,AKSHARE,close_negative,主板,1993-1999,1051.8849,全史负价（源侧缺陷）。OHLC 整体为负但列间比例自洽→疑似源历史段符号/量纲伪影，须回源确证
2026-09-23,001872,1997-07-14,-5.310,-5.270,-5.560,-5.400,,0.070,1.2800,11403,12473926.00,,AKSHARE,close_negative,主板,1993-1999,1093.9162,全史负价（源侧缺陷）。OHLC 整体为负但列间比例自洽→疑似源历史段符号/量纲伪影，须回源确证
2026-09-23,001872,1997-07-15,-5.460,-5.430,-5.620,-5.570,,-0.170,-3.1500,7794,8338239.50,,AKSHARE,close_negative,主板,1993-1999,1069.828,全史负价（源侧缺陷）。OHLC 整体为负但列间比例自洽→疑似源历史段符号/量纲伪影，须回源确证
2026-09-23,001872,1997-07-16,-5.570,-5.430,-5.670,-5.620,,-0.050,-0.9000,5644,6023559.50,,AKSHARE,close_negative,主板,1993-1999,1067.2501,全史负价（源侧缺陷）。OHLC 整体为负但列间比例自洽→疑似源历史段符号/量纲伪影，须回源确证
2026-09-23,001872,1997-07-17,-5.560,-5.320,-5.620,-5.360,,0.260,4.6300,8977,9696432.00,,AKSHARE,close_negative,主板,1993-1999,1080.1417,全史负价（源侧缺陷）。OHLC 整体为负但列间比例自洽→疑似源历史段符号/量纲伪影，须回源确证
2026-09-23,001872,1997-07-18,-5.310,-5.030,-5.470,-5.120,,0.240,4.4800,17653,20020904.00,,AKSHARE,close_negative,主板,1993-1999,1134.1361,全史负价（源侧缺陷）。OHLC 整体为负但列间比例自洽→疑似源历史段符号/量纲伪影，须回源确证
2026-09-23,001872,1997-07-21,-5.050,-4.970,-5.400,-5.320,,-0.200,-3.9100,11889,13541127.00,,AKSHARE,close_negative,主板,1993-1999,1138.9627,全史负价（源侧缺陷）。OHLC 整体为负但列间比例自洽→疑似源历史段符号/量纲伪影，须回源确证
2026-09-23,001872,1997-07-22,-5.350,-5.080,-5.640,-5.190,,0.130,2.4400,7538,8317376.00,,AKSHARE,close_negative,主板,1993-1999,1103.3929,全史负价（源侧缺陷）。OHLC 整体为负但列间比例自洽→疑似源历史段符号/量纲伪影，须回源确证
2026-09-23,001872,1997-07-23,-5.130,-5.030,-5.350,-5.310,,-0.120,-2.3100,8673,9888551.00,,AKSHARE,close_negative,主板,1993-1999,1140.1535,全史负价（源侧缺陷）。OHLC 整体为负但列间比例自洽→疑似源历史段符号/量纲伪影，须回源确证
2026-09-23,001872,1997-07-24,-5.350,-5.160,-5.460,-5.400,,-0.090,-1.6900,5853,6536915.50,,AKSHARE,close_negative,主板,1993-1999,1116.8487,全史负价（源侧缺陷）。OHLC 整体为负但列间比例自洽→疑似源历史段符号/量纲伪影，须回源确证
2026-09-23,001872,1997-07-25,-5.500,-5.350,-5.570,-5.500,,-0.100,-1.8500,5058,5480151.50,,AKSHARE,close_negative,主板,1993-1999,1083.4621,全史负价（源侧缺陷）。OHLC 整体为负但列间比例自洽→疑似源历史段符号/量纲伪影，须回源确证
2026-09-23,001872,1997-07-28,-5.620,-5.560,-5.830,-5.830,,-0.330,-6.0000,5662,5872138.50,,AKSHARE,close_negative,主板,1993-1999,1037.1138,全史负价（源侧缺陷）。OHLC 整体为负但列间比例自洽→疑似源历史段符号/量纲伪影，须回源确证
2026-09-23,001872,1997-07-29,-5.940,-5.720,-5.980,-5.750,,0.080,1.3700,3481,3559790.75,,AKSHARE,close_negative,主板,1993-1999,1022.6345,全史负价（源侧缺陷）。OHLC 整体为负但列间比例自洽→疑似源历史段符号/量纲伪影，须回源确证
2026-09-23,001872,1997-07-30,-5.720,-5.560,-5.770,-5.580,,0.170,2.9600,3041,3171060.00,,AKSHARE,close_negative,主板,1993-1999,1042.7688,全史负价（源侧缺陷）。OHLC 整体为负但列间比例自洽→疑似源历史段符号/量纲伪影，须回源确证
2026-09-23,001872,1997-07-31,-5.510,-5.510,-5.720,-5.660,,-0.080,-1.4300,2832,2988022.75,,AKSHARE,close_negative,主板,1993-1999,1055.0928,全史负价（源侧缺陷）。OHLC 整体为负但列间比例自洽→疑似源历史段符号/量纲伪影，须回源确证
2026-09-23,001872,1997-08-01,-5.670,-5.520,-5.700,-5.600,,0.060,1.0600,2028,2148656.50,,AKSHARE,close_negative,主板,1993-1999,1059.4953,全史负价（源侧缺陷）。OHLC 整体为负但列间比例自洽→疑似源历史段符号/量纲伪影，须回源确证
2026-09-23,001872,1997-08-04,-5.620,-5.620,-5.800,-5.710,,-0.110,-1.9600,4318,4485550.50,,AKSHARE,close_negative,主板,1993-1999,1038.8028,全史负价（源侧缺陷）。OHLC 整体为负但列间比例自洽→疑似源历史段符号/量纲伪影，须回源确证
2026-09-23,001872,1997-08-05,-5.700,-5.550,-5.700,-5.680,,0.030,0.5300,3279,3463879.00,,AKSHARE,close_negative,主板,1993-1999,1056.3827,全史负价（源侧缺陷）。OHLC 整体为负但列间比例自洽→疑似源历史段符号/量纲伪影，须回源确证
2026-09-23,001872,1997-08-06,-5.670,-5.670,-5.840,-5.830,,-0.150,-2.6400,3079,3171777.50,,AKSHARE,close_negative,主板,1993-1999,1030.1323,全史负价（源侧缺陷）。OHLC 整体为负但列间比例自洽→疑似源历史段符号/量纲伪影，须回源确证
2026-09-23,001872,1997-08-07,-5.940,-5.820,-5.940,-5.830,,,,3840,3872505.75,,AKSHARE,close_negative,主板,1993-1999,1008.465,全史负价（源侧缺陷）。OHLC 整体为负但列间比例自洽→疑似源历史段符号/量纲伪影，须回源确证
2026-09-23,001872,1997-08-08,-5.820,-5.700,-5.900,-5.870,,-0.040,-0.6900,3483,3535426.75,,AKSHARE,close_negative,主板,1993-1999,1015.0522,全史负价（源侧缺陷）。OHLC 整体为负但列间比例自洽→疑似源历史段符号/量纲伪影，须回源确证
2026-09-23,001872,1997-08-11,-5.840,-5.830,-6.060,-6.020,,-0.150,-2.5600,5308,5240536.00,,AKSHARE,close_negative,主板,1993-1999,987.2901,全史负价（源侧缺陷）。OHLC 整体为负但列间比例自洽→疑似源历史段符号/量纲伪影，须回源确证
2026-09-23,001872,1997-08-12,-5.970,-5.890,-6.110,-6.100,,-0.080,-1.3300,3147,3117090.50,,AKSHARE,close_negative,主板,1993-1999,990.4959,全史负价（源侧缺陷）。OHLC 整体为负但列间比例自洽→疑似源历史段符号/量纲伪影，须回源确证
2026-09-23,001872,1997-08-13,-6.050,-5.960,-6.480,-6.440,,-0.340,-5.5700,2694,2541841.75,,AKSHARE,close_negative,主板,1993-1999,943.5196,全史负价（源侧缺陷）。OHLC 整体为负但列间比例自洽→疑似源历史段符号/量纲伪影，须回源确证
2026-09-23,001872,1997-08-14,-6.350,-6.320,-6.520,-6.390,,0.050,0.7800,3271,2978266.75,,AKSHARE,close_negative,主板,1993-1999,910.5065,全史负价（源侧缺陷）。OHLC 整体为负但列间比例自洽→疑似源历史段符号/量纲伪影，须回源确证
2026-09-23,001872,1997-08-15,-6.370,-6.350,-6.570,-6.490,,-0.100,-1.5600,2898,2615530.00,,AKSHARE,close_negative,主板,1993-1999,902.5293,全史负价（源侧缺陷）。OHLC 整体为负但列间比例自洽→疑似源历史段符号/量纲伪影，须回源确证
2026-09-23,001872,1997-08-18,-6.480,-6.480,-6.850,-6.760,,-0.270,-4.1600,3326,2815231.50,,AKSHARE,close_negative,主板,1993-1999,846.4316,全史负价（源侧缺陷）。OHLC 整体为负但列间比例自洽→疑似源历史段符号/量纲伪影，须回源确证
2026-09-23,001872,1997-08-19,-6.850,-6.640,-6.850,-6.770,,-0.010,-0.1500,2380,2020785.12,,AKSHARE,close_negative,主板,1993-1999,849.0694,全史负价（源侧缺陷）。OHLC 整体为负但列间比例自洽→疑似源历史段符号/量纲伪影，须回源确证
2026-09-23,001872,1997-08-20,-6.750,-6.670,-6.850,-6.770,,,,1922,1613101.38,,AKSHARE,close_negative,主板,1993-1999,839.2827,全史负价（源侧缺陷）。OHLC 整体为负但列间比例自洽→疑似源历史段符号/量纲伪影，须回源确证
2026-09-23,001872,1997-08-21,-6.770,-6.600,-6.770,-6.610,,0.160,2.3600,2391,2063688.88,,AKSHARE,close_negative,主板,1993-1999,863.107,全史负价（源侧缺陷）。OHLC 整体为负但列间比例自洽→疑似源历史段符号/量纲伪影，须回源确证
2026-09-23,001872,1997-08-22,-6.540,-6.370,-6.590,-6.410,,0.200,3.0300,4358,3948169.50,,AKSHARE,close_negative,主板,1993-1999,905.959,全史负价（源侧缺陷）。OHLC 整体为负但列间比例自洽→疑似源历史段符号/量纲伪影，须回源确证
2026-09-23,001872,1997-08-25,-6.440,-6.430,-6.640,-6.590,,-0.180,-2.8100,3959,3478782.25,,AKSHARE,close_negative,主板,1993-1999,878.7023,全史负价（源侧缺陷）。OHLC 整体为负但列间比例自洽→疑似源历史段符号/量纲伪影，须回源确证
2026-09-23,001872,1997-08-26,-6.600,-6.450,-6.670,-6.470,,0.120,1.8200,3562,3136023.00,,AKSHARE,close_negative,主板,1993-1999,880.4107,全史负价（源侧缺陷）。OHLC 整体为负但列间比例自洽→疑似源历史段符号/量纲伪影，须回源确证
2026-09-23,001872,1997-08-27,-6.480,-6.320,-6.490,-6.400,,0.070,1.0800,3416,3135712.75,,AKSHARE,close_negative,主板,1993-1999,917.9487,全史负价（源侧缺陷）。OHLC 整体为负但列间比例自洽→疑似源历史段符号/量纲伪影，须回源确证
2026-09-23,001872,1997-08-28,-6.370,-6.370,-6.480,-6.460,,-0.060,-0.9400,3934,3552881.75,,AKSHARE,close_negative,主板,1993-1999,903.1219,全史负价（源侧缺陷）。OHLC 整体为负但列间比例自洽→疑似源历史段符号/量纲伪影，须回源确证
2026-09-23,001872,1997-08-29,-6.460,-6.430,-6.570,-6.470,,-0.010,-0.1500,4661,4141901.50,,AKSHARE,close_negative,主板,1993-1999,888.6294,全史负价（源侧缺陷）。OHLC 整体为负但列间比例自洽→疑似源历史段符号/量纲伪影，须回源确证
2026-09-23,001872,1997-09-01,-6.450,-6.370,-6.530,-6.460,,0.010,0.1500,3920,3546553.25,,AKSHARE,close_negative,主板,1993-1999,904.733,全史负价（源侧缺陷）。OHLC 整体为负但列间比例自洽→疑似源历史段符号/量纲伪影，须回源确证
2026-09-23,001872,1997-09-02,-6.340,-6.210,-6.450,-6.210,,0.250,3.8700,7115,6586363.00,,AKSHARE,close_negative,主板,1993-1999,925.7011,全史负价（源侧缺陷）。OHLC 整体为负但列间比例自洽→疑似源历史段符号/量纲伪影，须回源确证
2026-09-23,001872,1997-09-03,-6.260,-5.750,-6.330,-6.050,,0.160,2.5800,10911,10756245.00,,AKSHARE,close_negative,主板,1993-1999,985.8166,全史负价（源侧缺陷）。OHLC 整体为负但列间比例自洽→疑似源历史段符号/量纲伪影，须回源确证
2026-09-23,001872,1997-09-04,-6.050,-5.990,-6.180,-6.130,,-0.080,-1.3200,3614,3496656.50,,AKSHARE,close_negative,主板,1993-1999,967.5309,全史负价（源侧缺陷）。OHLC 整体为负但列间比例自洽→疑似源历史段符号/量纲伪影，须回源确证
2026-09-23,001872,1997-09-05,-6.140,-6.130,-6.290,-6.220,,-0.090,-1.4700,3200,3027041.00,,AKSHARE,close_negative,主板,1993-1999,945.9503,全史负价（源侧缺陷）。OHLC 整体为负但列间比例自洽→疑似源历史段符号/量纲伪影，须回源确证
2026-09-23,001872,1997-09-08,-6.200,-6.180,-6.310,-6.210,,0.010,0.1600,3353,3145879.25,,AKSHARE,close_negative,主板,1993-1999,938.2282,全史负价（源侧缺陷）。OHLC 整体为负但列间比例自洽→疑似源历史段符号/量纲伪影，须回源确证
2026-09-23,001872,1997-09-09,-6.210,-6.110,-6.320,-6.320,,-0.110,-1.7700,2558,2410496.25,,AKSHARE,close_negative,主板,1993-1999,942.3363,全史负价（源侧缺陷）。OHLC 整体为负但列间比例自洽→疑似源历史段符号/量纲伪影，须回源确证
2026-09-23,001872,1997-09-10,-6.320,-6.260,-6.400,-6.270,,0.050,0.7900,2750,2539954.75,,AKSHARE,close_negative,主板,1993-1999,923.6199,全史负价（源侧缺陷）。OHLC 整体为负但列间比例自洽→疑似源历史段符号/量纲伪影，须回源确证
2026-09-23,001872,1997-09-11,-6.260,-6.180,-6.400,-6.350,,-0.080,-1.2800,3455,3240946.00,,AKSHARE,close_negative,主板,1993-1999,938.0452,全史负价（源侧缺陷）。OHLC 整体为负但列间比例自洽→疑似源历史段符号/量纲伪影，须回源确证
2026-09-23,001872,1997-09-12,-6.350,-6.310,-6.530,-6.520,,-0.170,-2.6800,3627,3286574.25,,AKSHARE,close_negative,主板,1993-1999,906.1412,全史负价（源侧缺陷）。OHLC 整体为负但列间比例自洽→疑似源历史段符号/量纲伪影，须回源确证
2026-09-23,001872,1997-09-15,-6.580,-6.530,-6.690,-6.680,,-0.160,-2.4500,3140,2756274.50,,AKSHARE,close_negative,主板,1993-1999,877.7944,全史负价（源侧缺陷）。OHLC 整体为负但列间比例自洽→疑似源历史段符号/量纲伪影，须回源确证
2026-09-23,001872,1997-09-16,-6.650,-6.500,-6.690,-6.630,,0.050,0.7500,1462,1271717.62,,AKSHARE,close_negative,主板,1993-1999,869.8479,全史负价（源侧缺陷）。OHLC 整体为负但列间比例自洽→疑似源历史段符号/量纲伪影，须回源确证
2026-09-23,001872,1997-09-17,-6.640,-6.590,-6.690,-6.670,,-0.040,-0.6000,1675,1450237.75,,AKSHARE,close_negative,主板,1993-1999,865.8136,全史负价（源侧缺陷）。OHLC 整体为负但列间比例自洽→疑似源历史段符号/量纲伪影，须回源确证
2026-09-23,001872,1997-09-18,-6.670,-6.590,-6.690,-6.640,,0.030,0.4500,1168,1010451.81,,AKSHARE,close_negative,主板,1993-1999,865.1129,全史负价（源侧缺陷）。OHLC 整体为负但列间比例自洽→疑似源历史段符号/量纲伪影，须回源确证
2026-09-23,001872,1997-09-19,-6.610,-6.540,-6.610,-6.560,,0.080,1.2000,1775,1565470.62,,AKSHARE,close_negative,主板,1993-1999,881.9553,全史负价（源侧缺陷）。OHLC 整体为负但列间比例自洽→疑似源历史段符号/量纲伪影，须回源确证
2026-09-23,001872,1997-09-22,-6.540,-6.530,-6.850,-6.850,,-0.290,-4.4200,1941,1645530.00,,AKSHARE,close_negative,主板,1993-1999,847.7743,全史负价（源侧缺陷）。OHLC 整体为负但列间比例自洽→疑似源历史段符号/量纲伪影，须回源确证
2026-09-23,001872,1997-09-23,-6.910,-6.910,-7.300,-7.280,,-0.430,-6.2800,2627,2052972.00,,AKSHARE,close_negative,主板,1993-1999,781.4892,全史负价（源侧缺陷）。OHLC 整体为负但列间比例自洽→疑似源历史段符号/量纲伪影，须回源确证
2026-09-23,001872,1997-09-24,-7.180,-7.040,-7.260,-7.090,,0.190,2.6100,3044,2362523.50,,AKSHARE,close_negative,主板,1993-1999,776.1247,全史负价（源侧缺陷）。OHLC 整体为负但列间比例自洽→疑似源历史段符号/量纲伪影，须回源确证
2026-09-23,001872,1997-09-25,-7.070,-6.970,-7.120,-7.050,,0.040,0.5600,3347,2653109.25,,AKSHARE,close_negative,主板,1993-1999,792.6828,全史负价（源侧缺陷）。OHLC 整体为负但列间比例自洽→疑似源历史段符号/量纲伪影，须回源确证
2026-09-23,001872,1997-09-26,-7.050,-6.950,-7.180,-7.010,,0.040,0.5700,3105,2458543.50,,AKSHARE,close_negative,主板,1993-1999,791.8014,全史负价（源侧缺陷）。OHLC 整体为负但列间比例自洽→疑似源历史段符号/量纲伪影，须回源确证
2026-09-23,001872,1997-09-29,-7.020,-7.010,-7.250,-7.200,,-0.190,-2.7100,1505,1160469.00,,AKSHARE,close_negative,主板,1993-1999,771.0757,全史负价（源侧缺陷）。OHLC 整体为负但列间比例自洽→疑似源历史段符号/量纲伪影，须回源确证
2026-09-23,001872,1997-09-30,-7.200,-7.120,-7.220,-7.170,,0.030,0.4200,1354,1045493.00,,AKSHARE,close_negative,主板,1993-1999,772.1514,全史负价（源侧缺陷）。OHLC 整体为负但列间比例自洽→疑似源历史段符号/量纲伪影，须回源确证
2026-09-23,001872,1997-10-06,-7.180,-7.120,-7.210,-7.180,,-0.010,-0.1400,811,623856.00,,AKSHARE,close_negative,主板,1993-1999,769.2429,全史负价（源侧缺陷）。OHLC 整体为负但列间比例自洽→疑似源历史段符号/量纲伪影，须回源确证
2026-09-23,001872,1997-10-07,-7.200,-7.100,-7.230,-7.160,,0.020,0.2800,736,565576.00,,AKSHARE,close_negative,主板,1993-1999,768.4457,全史负价（源侧缺陷）。OHLC 整体为负但列间比例自洽→疑似源历史段符号/量纲伪影，须回源确证
2026-09-23,001872,1997-10-08,-7.160,-6.920,-7.160,-6.990,,0.170,2.3700,2293,1829868.00,,AKSHARE,close_negative,主板,1993-1999,798.0235,全史负价（源侧缺陷）。OHLC 整体为负但列间比例自洽→疑似源历史段符号/量纲伪影，须回源确证
2026-09-23,001872,1997-10-09,-6.940,-6.690,-6.960,-6.820,,0.170,2.4300,8116,6830985.00,,AKSHARE,close_negative,主板,1993-1999,841.6689,全史负价（源侧缺陷）。OHLC 整体为负但列间比例自洽→疑似源历史段符号/量纲伪影，须回源确证
2026-09-23,001872,1997-10-10,-6.850,-6.710,-6.880,-6.840,,-0.020,-0.2900,2420,2018353.38,,AKSHARE,close_negative,主板,1993-1999,834.0303,全史负价（源侧缺陷）。OHLC 整体为负但列间比例自洽→疑似源历史段符号/量纲伪影，须回源确证
2026-09-23,001872,1997-10-13,-6.800,-6.750,-6.960,-6.900,,-0.060,-0.8800,1734,1440015.12,,AKSHARE,close_negative,主板,1993-1999,830.4585,全史负价（源侧缺陷）。OHLC 整体为负但列间比例自洽→疑似源历史段符号/量纲伪影，须回源确证
2026-09-23,001872,1997-10-14,-6.900,-6.830,-6.990,-6.840,,0.060,0.8700,2022,1644684.75,,AKSHARE,close_negative,主板,1993-1999,813.395,全史负价（源侧缺陷）。OHLC 整体为负但列间比例自洽→疑似源历史段符号/量纲伪影，须回源确证
2026-09-23,001872,1997-10-15,-6.840,-6.680,-6.960,-6.790,,0.050,0.7300,3768,3198613.50,,AKSHARE,close_negative,主板,1993-1999,848.8889,全史负价（源侧缺陷）。OHLC 整体为负但列间比例自洽→疑似源历史段符号/量纲伪影，须回源确证
2026-09-23,001872,1997-10-16,-6.770,-6.690,-6.840,-6.740,,0.050,0.7400,4175,3535026.75,,AKSHARE,close_negative,主板,1993-1999,846.713,全史负价（源侧缺陷）。OHLC 整体为负但列间比例自洽→疑似源历史段符号/量纲伪影，须回源确证
2026-09-23,001872,1997-10-17,-6.690,-6.430,-6.750,-6.520,,0.220,3.2600,9870,8734450.00,,AKSHARE,close_negative,主板,1993-1999,884.9493,全史负价（源侧缺陷）。OHLC 整体为负但列间比例自洽→疑似源历史段符号/量纲伪影，须回源确证
2026-09-23,001872,1997-10-20,-6.530,-6.320,-6.580,-6.480,,0.040,0.6100,6711,6091781.50,,AKSHARE,close_negative,主板,1993-1999,907.7308,全史负价（源侧缺陷）。OHLC 整体为负但列间比例自洽→疑似源历史段符号/量纲伪影，须回源确证
2026-09-23,001872,1997-10-21,-6.420,-6.410,-6.550,-6.440,,0.040,0.6200,5781,5182269.00,,AKSHARE,close_negative,主板,1993-1999,896.4312,全史负价（源侧缺陷）。OHLC 整体为负但列间比例自洽→疑似源历史段符号/量纲伪影，须回源确证
2026-09-23,001872,1997-10-22,-6.440,-6.330,-6.750,-6.700,,-0.260,-4.0400,8410,7472120.00,,AKSHARE,close_negative,主板,1993-1999,888.4804,全史负价（源侧缺陷）。OHLC 整体为负但列间比例自洽→疑似源历史段符号/量纲伪影，须回源确证
2026-09-23,001872,1997-10-23,-6.690,-6.420,-6.750,-6.530,,0.170,2.5400,6934,6104861.00,,AKSHARE,close_negative,主板,1993-1999,880.4241,全史负价（源侧缺陷）。OHLC 整体为负但列间比例自洽→疑似源历史段符号/量纲伪影，须回源确证
2026-09-23,001872,1997-10-24,-6.520,-6.130,-6.540,-6.140,,0.390,5.9700,26714,25070968.00,,AKSHARE,close_negative,主板,1993-1999,938.4955,全史负价（源侧缺陷）。OHLC 整体为负但列间比例自洽→疑似源历史段符号/量纲伪影，须回源确证
2026-09-23,001872,1997-10-27,-6.040,-5.830,-6.100,-6.060,,0.080,1.3000,23549,23313010.00,,AKSHARE,close_negative,主板,1993-1999,989.9788,全史负价（源侧缺陷）。OHLC 整体为负但列间比例自洽→疑似源历史段符号/量纲伪影，须回源确证
2026-09-23,001872,1997-10-28,-6.100,-6.100,-6.530,-6.340,,-0.280,-4.6200,10983,10211068.00,,AKSHARE,close_negative,主板,1993-1999,929.7157,全史负价（源侧缺陷）。OHLC 整体为负但列间比例自洽→疑似源历史段符号/量纲伪影，须回源确证
2026-09-23,001872,1997-10-29,-6.640,-6.070,-6.640,-6.130,,0.210,3.3100,11193,10499560.00,,AKSHARE,close_negative,主板,1993-1999,938.047,全史负价（源侧缺陷）。OHLC 整体为负但列间比例自洽→疑似源历史段符号/量纲伪影，须回源确证
2026-09-23,001872,1997-10-30,-6.050,-6.000,-6.370,-6.350,,-0.220,-3.5900,9603,9100808.00,,AKSHARE,close_negative,主板,1993-1999,947.7047,全史负价（源侧缺陷）。OHLC 整体为负但列间比例自洽→疑似源历史段符号/量纲伪影，须回源确证
2026-09-23,001872,1997-10-31,-6.500,-6.220,-6.530,-6.320,,0.030,0.4700,5392,4894448.00,,AKSHARE,close_negative,主板,1993-1999,907.724,全史负价（源侧缺陷）。OHLC 整体为负但列间比例自洽→疑似源历史段符号/量纲伪影，须回源确证
2026-09-23,001872,1997-11-03,-6.320,-6.320,-6.450,-6.430,,-0.110,-1.7400,3755,3432242.50,,AKSHARE,close_negative,主板,1993-1999,914.0459,全史负价（源侧缺陷）。OHLC 整体为负但列间比例自洽→疑似源历史段符号/量纲伪影，须回源确证
2026-09-23,001872,1997-11-04,-6.460,-6.390,-6.500,-6.410,,0.020,0.3100,4660,4220839.50,,AKSHARE,close_negative,主板,1993-1999,905.7595,全史负价（源侧缺陷）。OHLC 整体为负但列间比例自洽→疑似源历史段符号/量纲伪影，须回源确证
2026-09-23,001872,1997-11-05,-6.410,-6.280,-6.480,-6.320,,0.090,1.4000,1705,1546592.00,,AKSHARE,close_negative,主板,1993-1999,907.0921,全史负价（源侧缺陷）。OHLC 整体为负但列间比例自洽→疑似源历史段符号/量纲伪影，须回源确证
2026-09-23,001872,1997-11-06,-6.290,-6.210,-6.450,-6.400,,-0.080,-1.2700,4022,3717661.25,,AKSHARE,close_negative,主板,1993-1999,924.3315,全史负价（源侧缺陷）。OHLC 整体为负但列间比例自洽→疑似源历史段符号/量纲伪影，须回源确证
2026-09-23,001872,1997-11-07,-6.420,-6.370,-6.440,-6.370,,0.030,0.4700,4682,4275313.50,,AKSHARE,close_negative,主板,1993-1999,913.1383,全史负价（源侧缺陷）。OHLC 整体为负但列间比例自洽→疑似源历史段符号/量纲伪影，须回源确证
2026-09-23,001872,1997-11-10,-6.400,-6.370,-6.500,-6.480,,-0.110,-1.7300,5588,5058057.00,,AKSHARE,close_negative,主板,1993-1999,905.1641,全史负价（源侧缺陷）。OHLC 整体为负但列间比例自洽→疑似源历史段符号/量纲伪影，须回源确证
2026-09-23,001872,1997-11-11,-6.590,-6.430,-6.590,-6.470,,0.010,0.1500,3024,2695136.75,,AKSHARE,close_negative,主板,1993-1999,891.2489,全史负价（源侧缺陷）。OHLC 整体为负但列间比例自洽→疑似源历史段符号/量纲伪影，须回源确证
2026-09-23,001872,1997-11-12,-6.440,-6.390,-6.570,-6.560,,-0.090,-1.3900,2231,1988769.88,,AKSHARE,close_negative,主板,1993-1999,891.4253,全史负价（源侧缺陷）。OHLC 整体为负但列间比例自洽→疑似源历史段符号/量纲伪影，须回源确证
2026-09-23,001872,1997-11-13,-6.590,-6.530,-6.750,-6.550,,0.010,0.1500,3521,3042618.00,,AKSHARE,close_negative,主板,1993-1999,864.1346,全史负价（源侧缺陷）。OHLC 整体为负但列间比例自洽→疑似源历史段符号/量纲伪影，须回源确证
2026-09-23,001872,1997-11-14,-6.540,-6.500,-6.630,-6.600,,-0.050,-0.7600,2531,2229797.50,,AKSHARE,close_negative,主板,1993-1999,880.9947,全史负价（源侧缺陷）。OHLC 整体为负但列间比例自洽→疑似源历史段符号/量纲伪影，须回源确证
2026-09-23,001872,1997-11-17,-6.610,-6.390,-6.610,-6.480,,0.120,1.8200,3914,3523022.75,,AKSHARE,close_negative,主板,1993-1999,900.108,全史负价（源侧缺陷）。OHLC 整体为负但列间比例自洽→疑似源历史段符号/量纲伪影，须回源确证
2026-09-23,001872,1997-11-18,-6.480,-6.470,-6.640,-6.620,,-0.140,-2.1600,1516,1341946.75,,AKSHARE,close_negative,主板,1993-1999,885.1891,全史负价（源侧缺陷）。OHLC 整体为负但列间比例自洽→疑似源历史段符号/量纲伪影，须回源确证
2026-09-23,001872,1997-11-19,-6.610,-6.500,-6.750,-6.740,,-0.120,-1.8100,2196,1885406.12,,AKSHARE,close_negative,主板,1993-1999,858.5638,全史负价（源侧缺陷）。OHLC 整体为负但列间比例自洽→疑似源历史段符号/量纲伪影，须回源确证
2026-09-23,001872,1997-11-20,-6.740,-6.700,-6.810,-6.800,,-0.060,-0.8900,1638,1386328.50,,AKSHARE,close_negative,主板,1993-1999,846.3544,全史负价（源侧缺陷）。OHLC 整体为负但列间比例自洽→疑似源历史段符号/量纲伪影，须回源确证
2026-09-23,001872,1997-11-21,-6.850,-6.700,-6.910,-6.900,,-0.100,-1.4700,2093,1731225.75,,AKSHARE,close_negative,主板,1993-1999,827.1504,全史负价（源侧缺陷）。OHLC 整体为负但列间比例自洽→疑似源历史段符号/量纲伪影，须回源确证
2026-09-23,001872,1997-11-24,-6.880,-6.880,-7.070,-7.060,,-0.160,-2.3200,2276,1820008.88,,AKSHARE,close_negative,主板,1993-1999,799.6524,全史负价（源侧缺陷）。OHLC 整体为负但列间比例自洽→疑似源历史段符号/量纲伪影，须回源确证
2026-09-23,001872,1997-11-25,-7.050,-6.990,-7.090,-7.040,,0.020,0.2800,2233,1774933.25,,AKSHARE,close_negative,主板,1993-1999,794.8649,全史负价（源侧缺陷）。OHLC 整体为负但列间比例自洽→疑似源历史段符号/量纲伪影，须回源确证
2026-09-23,001872,1997-11-26,-7.040,-6.950,-7.060,-6.960,,0.080,1.1400,1486,1187443.00,,AKSHARE,close_negative,主板,1993-1999,799.0868,全史负价（源侧缺陷）。OHLC 整体为负但列间比例自洽→疑似源历史段符号/量纲伪影，须回源确证
2026-09-23,001872,1997-11-27,-6.910,-6.910,-7.100,-7.090,,-0.130,-1.8700,1465,1169974.75,,AKSHARE,close_negative,主板,1993-1999,798.6176,全史负价（源侧缺陷）。OHLC 整体为负但列间比例自洽→疑似源历史段符号/量纲伪影，须回源确证
2026-09-23,001872,1997-11-28,-7.060,-7.040,-7.120,-7.040,,0.050,0.7100,1273,1001120.06,,AKSHARE,close_negative,主板,1993-1999,786.4258,全史负价（源侧缺陷）。OHLC 整体为负但列间比例自洽→疑似源历史段符号/量纲伪影，须回源确证
2026-09-23,001872,1997-12-01,-7.040,-7.020,-7.180,-7.130,,-0.090,-1.2800,1581,1231921.00,,AKSHARE,close_negative,主板,1993-1999,779.2037,全史负价（源侧缺陷）。OHLC 整体为负但列间比例自洽→疑似源历史段符号/量纲伪影，须回源确证
2026-09-23,001872,1997-12-02,-7.150,-7.100,-7.180,-7.150,,-0.020,-0.2800,978,760324.50,,AKSHARE,close_negative,主板,1993-1999,777.4279,全史负价（源侧缺陷）。OHLC 整体为负但列间比例自洽→疑似源历史段符号/量纲伪影，须回源确证
2026-09-23,001872,1997-12-03,-7.130,-7.040,-7.150,-7.110,,0.040,0.5600,832,649139.50,,AKSHARE,close_negative,主板,1993-1999,780.2157,全史负价（源侧缺陷）。OHLC 整体为负但列间比例自洽→疑似源历史段符号/量纲伪影，须回源确证
2026-09-23,001872,1997-12-04,-7.120,-7.010,-7.150,-7.020,,0.090,1.2700,2276,1805331.00,,AKSHARE,close_negative,主板,1993-1999,793.2034,全史负价（源侧缺陷）。OHLC 整体为负但列间比例自洽→疑似源历史段符号/量纲伪影，须回源确证
2026-09-23,001872,1997-12-05,-7.020,-6.910,-7.020,-7.010,,0.010,0.1400,2158,1739848.75,,AKSHARE,close_negative,主板,1993-1999,806.232,全史负价（源侧缺陷）。OHLC 整体为负但列间比例自洽→疑似源历史段符号/量纲伪影，须回源确证
2026-09-23,001872,1997-12-08,-7.020,-6.960,-7.110,-7.060,,-0.050,-0.7100,1122,888338.44,,AKSHARE,close_negative,主板,1993-1999,791.7455,全史负价（源侧缺陷）。OHLC 整体为负但列间比例自洽→疑似源历史段符号/量纲伪影，须回源确证
2026-09-23,001872,1997-12-09,-7.100,-7.000,-7.120,-7.070,,-0.010,-0.1400,1330,1046301.31,,AKSHARE,close_negative,主板,1993-1999,786.6927,全史负价（源侧缺陷）。OHLC 整体为负但列间比例自洽→疑似源历史段符号/量纲伪影，须回源确证
2026-09-23,001872,1997-12-10,-7.060,-6.990,-7.060,-7.020,,0.050,0.7100,1646,1317481.75,,AKSHARE,close_negative,主板,1993-1999,800.4142,全史负价（源侧缺陷）。OHLC 整体为负但列间比例自洽→疑似源历史段符号/量纲伪影，须回源确证
2026-09-23,001872,1997-12-11,-7.020,-6.980,-7.120,-7.070,,-0.050,-0.7100,951,751076.50,,AKSHARE,close_negative,主板,1993-1999,789.7755,全史负价（源侧缺陷）。OHLC 整体为负但列间比例自洽→疑似源历史段符号/量纲伪影，须回源确证
2026-09-23,001872,1997-12-12,-7.060,-7.040,-7.120,-7.090,,-0.020,-0.2800,1732,1365047.62,,AKSHARE,close_negative,主板,1993-1999,788.1337,全史负价（源侧缺陷）。OHLC 整体为负但列间比例自洽→疑似源历史段符号/量纲伪影，须回源确证
2026-09-23,001872,1997-12-15,-7.120,-7.090,-7.160,-7.120,,-0.030,-0.4200,2035,1581438.38,,AKSHARE,close_negative,主板,1993-1999,777.1196,全史负价（源侧缺陷）。OHLC 整体为负但列间比例自洽→疑似源历史段符号/量纲伪影，须回源确证
2026-09-23,001872,1997-12-16,-7.170,-7.020,-7.170,-7.020,,0.100,1.4000,3108,2415317.50,,AKSHARE,close_negative,主板,1993-1999,777.1292,全史负价（源侧缺陷）。OHLC 整体为负但列间比例自洽→疑似源历史段符号/量纲伪影，须回源确证
2026-09-23,001872,1997-12-17,-7.030,-7.030,-7.230,-7.150,,-0.130,-1.8500,1623,1255948.75,,AKSHARE,close_negative,主板,1993-1999,773.844,全史负价（源侧缺陷）。OHLC 整体为负但列间比例自洽→疑似源历史段符号/量纲伪影，须回源确证
2026-09-23,001872,1997-12-18,-7.180,-7.170,-7.230,-7.210,,-0.060,-0.8400,1751,1341390.25,,AKSHARE,close_negative,主板,1993-1999,766.071,全史负价（源侧缺陷）。OHLC 整体为负但列间比例自洽→疑似源历史段符号/量纲伪影，须回源确证
2026-09-23,001872,1997-12-19,-7.180,-7.180,-7.260,-7.250,,-0.040,-0.5500,2318,1762658.50,,AKSHARE,close_negative,主板,1993-1999,760.4221,全史负价（源侧缺陷）。OHLC 整体为负但列间比例自洽→疑似源历史段符号/量纲伪影，须回源确证
2026-09-23,001872,1997-12-22,-7.260,-7.230,-7.390,-7.360,,-0.110,-1.5200,2943,2172539.25,,AKSHARE,close_negative,主板,1993-1999,738.2057,全史负价（源侧缺陷）。OHLC 整体为负但列间比例自洽→疑似源历史段符号/量纲伪影，须回源确证
2026-09-23,001872,1997-12-23,-7.390,-7.230,-7.400,-7.280,,0.080,1.0900,2064,1541086.38,,AKSHARE,close_negative,主板,1993-1999,746.6504,全史负价（源侧缺陷）。OHLC 整体为负但列间比例自洽→疑似源历史段符号/量纲伪影，须回源确证
2026-09-23,001872,1997-12-24,-7.250,-7.160,-7.270,-7.180,,0.100,1.3700,2816,2146257.25,,AKSHARE,close_negative,主板,1993-1999,762.1652,全史负价（源侧缺陷）。OHLC 整体为负但列间比例自洽→疑似源历史段符号/量纲伪影，须回源确证
2026-09-23,001872,1997-12-25,-7.150,-7.080,-7.150,-7.120,,0.060,0.8400,3005,2351305.00,,AKSHARE,close_negative,主板,1993-1999,782.4642,全史负价（源侧缺陷）。OHLC 整体为负但列间比例自洽→疑似源历史段符号/量纲伪影，须回源确证
2026-09-23,001872,1997-12-26,-7.110,-7.010,-7.110,-7.030,,0.090,1.2600,2860,2256590.75,,AKSHARE,close_negative,主板,1993-1999,789.0177,全史负价（源侧缺陷）。OHLC 整体为负但列间比例自洽→疑似源历史段符号/量纲伪影，须回源确证
2026-09-23,001872,1997-12-29,-6.970,-6.850,-6.970,-6.900,,0.130,1.8500,4852,3995326.50,,AKSHARE,close_negative,主板,1993-1999,823.4391,全史负价（源侧缺陷）。OHLC 整体为负但列间比例自洽→疑似源历史段符号/量纲伪影，须回源确证
2026-09-23,001872,1997-12-30,-6.900,-6.880,-7.120,-7.040,,-0.140,-2.0300,3742,2994056.25,,AKSHARE,close_negative,主板,1993-1999,800.1219,全史负价（源侧缺陷）。OHLC 整体为负但列间比例自洽→疑似源历史段符号/量纲伪影，须回源确证
2026-09-23,001872,1997-12-31,-7.020,-6.970,-7.090,-7.060,,-0.020,-0.2800,1610,1275706.50,,AKSHARE,close_negative,主板,1993-1999,792.3643,全史负价（源侧缺陷）。OHLC 整体为负但列间比例自洽→疑似源历史段符号/量纲伪影，须回源确证
2026-09-23,001872,1998-01-05,-7.020,-6.990,-7.120,-7.080,,-0.020,-0.2800,2987,2351551.00,,AKSHARE,close_negative,主板,1993-1999,787.2618,全史负价（源侧缺陷）。OHLC 整体为负但列间比例自洽→疑似源历史段符号/量纲伪影，须回源确证
2026-09-23,001872,1998-01-06,-7.110,-7.040,-7.160,-7.120,,-0.040,-0.5600,3717,2905478.75,,AKSHARE,close_negative,主板,1993-1999,781.6731,全史负价（源侧缺陷）。OHLC 整体为负但列间比例自洽→疑似源历史段符号/量纲伪影，须回源确证
2026-09-23,001872,1998-01-07,-7.120,-7.020,-7.130,-7.020,,0.100,1.4000,3297,2612513.75,,AKSHARE,close_negative,主板,1993-1999,792.3912,全史负价（源侧缺陷）。OHLC 整体为负但列间比例自洽→疑似源历史段符号/量纲伪影，须回源确证
2026-09-23,001872,1998-01-08,-7.000,-6.910,-7.100,-6.980,,0.040,0.5700,5964,4776446.00,,AKSHARE,close_negative,主板,1993-1999,800.8796,全史负价（源侧缺陷）。OHLC 整体为负但列间比例自洽→疑似源历史段符号/量纲伪影，须回源确证
2026-09-23,001872,1998-01-09,-6.990,-6.990,-7.140,-7.040,,-0.060,-0.8600,3644,2866401.50,,AKSHARE,close_negative,主板,1993-1999,786.6085,全史负价（源侧缺陷）。OHLC 整体为负但列间比例自洽→疑似源历史段符号/量纲伪影，须回源确证
2026-09-23,001872,1998-01-12,-7.120,-6.990,-7.190,-7.050,,-0.010,-0.1400,5236,4138550.00,,AKSHARE,close_negative,主板,1993-1999,790.403,全史负价（源侧缺陷）。OHLC 整体为负但列间比例自洽→疑似源历史段符号/量纲伪影，须回源确证
2026-09-23,001872,1998-01-13,-7.110,-7.060,-7.470,-7.380,,-0.330,-4.6800,5951,4358349.50,,AKSHARE,close_negative,主板,1993-1999,732.3726,全史负价（源侧缺陷）。OHLC 整体为负但列间比例自洽→疑似源历史段符号/量纲伪影，须回源确证
2026-09-23,001872,1998-01-14,-7.330,-6.990,-7.330,-6.990,,0.390,5.2800,13324,10556336.00,,AKSHARE,close_negative,主板,1993-1999,792.2798,全史负价（源侧缺陷）。OHLC 整体为负但列间比例自洽→疑似源历史段符号/量纲伪影，须回源确证
2026-09-23,001872,1998-01-15,-6.900,-6.760,-6.980,-6.880,,0.110,1.5700,12882,10662256.00,,AKSHARE,close_negative,主板,1993-1999,827.6864,全史负价（源侧缺陷）。OHLC 整体为负但列间比例自洽→疑似源历史段符号/量纲伪影，须回源确证
2026-09-23,001872,1998-01-16,-6.940,-6.850,-7.080,-7.050,,-0.170,-2.4700,4950,3977116.50,,AKSHARE,close_negative,主板,1993-1999,803.4579,全史负价（源侧缺陷）。OHLC 整体为负但列间比例自洽→疑似源历史段符号/量纲伪影，须回源确证
2026-09-23,001872,1998-01-19,-6.960,-6.860,-6.990,-6.930,,0.120,1.7000,5931,4843979.00,,AKSHARE,close_negative,主板,1993-1999,816.7221,全史负价（源侧缺陷）。OHLC 整体为负但列间比例自洽→疑似源历史段符号/量纲伪影，须回源确证
2026-09-23,001872,1998-01-20,-6.930,-6.880,-7.070,-7.030,,-0.100,-1.4400,3081,2477820.50,,AKSHARE,close_negative,主板,1993-1999,804.2261,全史负价（源侧缺陷）。OHLC 整体为负但列间比例自洽→疑似源历史段符号/量纲伪影，须回源确证
2026-09-23,001872,1998-01-21,-7.030,-6.990,-7.100,-7.090,,-0.060,-0.8500,1396,1103386.25,,AKSHARE,close_negative,主板,1993-1999,790.3913,全史负价（源侧缺陷）。OHLC 整体为负但列间比例自洽→疑似源历史段符号/量纲伪影，须回源确证
2026-09-23,001872,1998-01-22,-7.150,-7.080,-7.150,-7.140,,-0.050,-0.7100,2116,1650703.38,,AKSHARE,close_negative,主板,1993-1999,780.1056,全史负价（源侧缺陷）。OHLC 整体为负但列间比例自洽→疑似源历史段符号/量纲伪影，须回源确证
2026-09-23,001872,1998-01-23,-7.120,-7.070,-7.140,-7.100,,0.040,0.5600,2329,1818416.75,,AKSHARE,close_negative,主板,1993-1999,780.7715,全史负价（源侧缺陷）。OHLC 整体为负但列间比例自洽→疑似源历史段符号/量纲伪影，须回源确证
2026-09-23,001872,1998-02-09,-7.010,-6.880,-7.010,-6.970,,0.130,1.8300,2907,2366171.50,,AKSHARE,close_negative,主板,1993-1999,813.9565,全史负价（源侧缺陷）。OHLC 整体为负但列间比例自洽→疑似源历史段符号/量纲伪影，须回源确证
2026-09-23,001872,1998-02-10,-7.020,-6.890,-7.020,-6.930,,0.040,0.5700,4236,3456953.25,,AKSHARE,close_negative,主板,1993-1999,816.0891,全史负价（源侧缺陷）。OHLC 整体为负但列间比例自洽→疑似源历史段符号/量纲伪影，须回源确证
2026-09-23,001872,1998-02-11,-6.900,-6.610,-6.900,-6.730,,0.200,2.8900,9463,8010028.50,,AKSHARE,close_negative,主板,1993-1999,846.4576,全史负价（源侧缺陷）。OHLC 整体为负但列间比例自洽→疑似源历史段符号/量纲伪影，须回源确证
2026-09-23,001872,1998-02-12,-6.700,-6.640,-6.830,-6.790,,-0.060,-0.8900,4836,4072245.50,,AKSHARE,close_negative,主板,1993-1999,842.069,全史负价（源侧缺陷）。OHLC 整体为负但列间比例自洽→疑似源历史段符号/量纲伪影，须回源确证
2026-09-23,001872,1998-02-13,-6.810,-6.750,-6.870,-6.850,,-0.060,-0.8800,2975,2496295.75,,AKSHARE,close_negative,主板,1993-1999,839.091,全史负价（源侧缺陷）。OHLC 整体为负但列间比例自洽→疑似源历史段符号/量纲伪影，须回源确证
2026-09-23,001872,1998-02-16,-6.820,-6.750,-6.900,-6.750,,0.100,1.4600,4909,4117562.00,,AKSHARE,close_negative,主板,1993-1999,838.7782,全史负价（源侧缺陷）。OHLC 整体为负但列间比例自洽→疑似源历史段符号/量纲伪影，须回源确证
2026-09-23,001872,1998-02-17,-6.700,-6.690,-6.810,-6.760,,-0.010,-0.1500,4071,3448551.75,,AKSHARE,close_negative,主板,1993-1999,847.1019,全史负价（源侧缺陷）。OHLC 整体为负但列间比例自洽→疑似源历史段符号/量纲伪影，须回源确证
2026-09-23,001872,1998-02-18,-6.760,-6.760,-6.880,-6.840,,-0.080,-1.1800,2260,1890657.75,,AKSHARE,close_negative,主板,1993-1999,836.5742,全史负价（源侧缺陷）。OHLC 整体为负但列间比例自洽→疑似源历史段符号/量纲伪影，须回源确证
2026-09-23,001872,1998-02-19,-6.870,-6.530,-6.870,-6.760,,0.080,1.1700,3296,2800533.25,,AKSHARE,close_negative,主板,1993-1999,849.6764,全史负价（源侧缺陷）。OHLC 整体为负但列间比例自洽→疑似源历史段符号/量纲伪影，须回源确证
2026-09-23,001872,1998-02-20,-6.750,-6.700,-6.830,-6.820,,-0.060,-0.8900,3819,3244269.50,,AKSHARE,close_negative,主板,1993-1999,849.5076,全史负价（源侧缺陷）。OHLC 整体为负但列间比例自洽→疑似源历史段符号/量纲伪影，须回源确证
2026-09-23,001872,1998-02-23,-6.820,-6.540,-6.870,-6.710,,0.110,1.6100,4731,3988547.25,,AKSHARE,close_negative,主板,1993-1999,843.0664,全史负价（源侧缺陷）。OHLC 整体为负但列间比例自洽→疑似源历史段符号/量纲伪影，须回源确证
2026-09-23,001872,1998-02-24,-6.660,-6.590,-6.770,-6.730,,-0.020,-0.3000,4814,4143794.75,,AKSHARE,close_negative,主板,1993-1999,860.78,全史负价（源侧缺陷）。OHLC 整体为负但列间比例自洽→疑似源历史段符号/量纲伪影，须回源确证
2026-09-23,001872,1998-02-25,-6.750,-6.670,-6.850,-6.820,,-0.090,-1.3400,2781,2360200.75,,AKSHARE,close_negative,主板,1993-1999,848.6878,全史负价（源侧缺陷）。OHLC 整体为负但列间比例自洽→疑似源历史段符号/量纲伪影，须回源确证
2026-09-23,001872,1998-02-26,-6.870,-6.840,-6.960,-6.890,,-0.070,-1.0300,2327,1909001.62,,AKSHARE,close_negative,主板,1993-1999,820.3703,全史负价（源侧缺陷）。OHLC 整体为负但列间比例自洽→疑似源历史段符号/量纲伪影，须回源确证
2026-09-23,001872,1998-02-27,-6.850,-6.850,-6.960,-6.920,,-0.030,-0.4400,2092,1712811.00,,AKSHARE,close_negative,主板,1993-1999,818.7433,全史负价（源侧缺陷）。OHLC 整体为负但列间比例自洽→疑似源历史段符号/量纲伪影，须回源确证
2026-09-23,001872,1998-03-02,-6.970,-6.910,-7.160,-7.130,,-0.210,-3.0300,3564,2837632.50,,AKSHARE,close_negative,主板,1993-1999,796.1932,全史负价（源侧缺陷）。OHLC 整体为负但列间比例自洽→疑似源历史段符号/量纲伪影，须回源确证
2026-09-23,001872,1998-03-03,-7.200,-6.990,-7.200,-7.020,,0.110,1.5400,1760,1392972.88,,AKSHARE,close_negative,主板,1993-1999,791.4619,全史负价（源侧缺陷）。OHLC 整体为负但列间比例自洽→疑似源历史段符号/量纲伪影，须回源确证
2026-09-23,001872,1998-03-04,-7.010,-6.910,-7.040,-6.960,,0.060,0.8500,1837,1483202.50,,AKSHARE,close_negative,主板,1993-1999,807.4047,全史负价（源侧缺陷）。OHLC 整体为负但列间比例自洽→疑似源历史段符号/量纲伪影，须回源确证
2026-09-23,001872,1998-03-05,-6.880,-6.880,-7.120,-7.060,,-0.100,-1.4400,1642,1313485.62,,AKSHARE,close_negative,主板,1993-1999,799.9303,全史负价（源侧缺陷）。OHLC 整体为负但列间比例自洽→疑似源历史段符号/量纲伪影，须回源确证
2026-09-23,001872,1998-03-06,-7.100,-7.010,-7.100,-7.030,,0.030,0.4200,1159,917848.00,,AKSHARE,close_negative,主板,1993-1999,791.931,全史负价（源侧缺陷）。OHLC 整体为负但列间比例自洽→疑似源历史段符号/量纲伪影，须回源确证
2026-09-23,001872,1998-03-09,-7.020,-7.020,-7.150,-7.120,,-0.090,-1.2800,1456,1141976.00,,AKSHARE,close_negative,主板,1993-1999,784.3242,全史负价（源侧缺陷）。OHLC 整体为负但列间比例自洽→疑似源历史段符号/量纲伪影，须回源确证
2026-09-23,001872,1998-03-10,-7.150,-6.970,-7.180,-7.100,,0.020,0.2800,1252,977202.56,,AKSHARE,close_negative,主板,1993-1999,780.5132,全史负价（源侧缺陷）。OHLC 整体为负但列间比例自洽→疑似源历史段符号/量纲伪影，须回源确证
2026-09-23,001872,1998-03-11,-7.150,-6.990,-7.150,-7.140,,-0.040,-0.5600,913,714742.00,,AKSHARE,close_negative,主板,1993-1999,782.8499,全史负价（源侧缺陷）。OHLC 整体为负但列间比例自洽→疑似源历史段符号/量纲伪影，须回源确证
2026-09-23,001872,1998-03-12,-7.150,-7.010,-7.170,-7.120,,0.020,0.2800,805,627910.94,,AKSHARE,close_negative,主板,1993-1999,780.0136,全史负价（源侧缺陷）。OHLC 整体为负但列间比例自洽→疑似源历史段符号/量纲伪影，须回源确证
2026-09-23,001872,1998-03-13,-7.150,-7.100,-7.180,-7.120,,,,948,736487.50,,AKSHARE,close_negative,主板,1993-1999,776.8855,全史负价（源侧缺陷）。OHLC 整体为负但列间比例自洽→疑似源历史段符号/量纲伪影，须回源确证
2026-09-23,001872,1998-03-16,-7.120,-7.020,-7.160,-7.040,,0.080,1.1200,2083,1633556.50,,AKSHARE,close_negative,主板,1993-1999,784.2326,全史负价（源侧缺陷）。OHLC 整体为负但列间比例自洽→疑似源历史段符号/量纲伪影，须回源确证
2026-09-23,001872,1998-03-17,-7.020,-6.970,-7.070,-7.020,,0.020,0.2800,1822,1458607.88,,AKSHARE,close_negative,主板,1993-1999,800.5532,全史负价（源侧缺陷）。OHLC 整体为负但列间比例自洽→疑似源历史段符号/量纲伪影，须回源确证
2026-09-23,001872,1998-03-18,-7.020,-7.000,-7.130,-7.130,,-0.110,-1.5700,1306,1028607.00,,AKSHARE,close_negative,主板,1993-1999,787.6011,全史负价（源侧缺陷）。OHLC 整体为负但列间比例自洽→疑似源历史段符号/量纲伪影，须回源确证
2026-09-23,001872,1998-03-19,-7.160,-7.080,-7.160,-7.130,,,,901,701943.00,,AKSHARE,close_negative,主板,1993-1999,779.071,全史负价（源侧缺陷）。OHLC 整体为负但列间比例自洽→疑似源历史段符号/量纲伪影，须回源确证
2026-09-23,001872,1998-03-20,-7.160,-6.940,-7.160,-6.960,,0.170,2.3800,3278,2622422.50,,AKSHARE,close_negative,主板,1993-1999,800.0069,全史负价（源侧缺陷）。OHLC 整体为负但列间比例自洽→疑似源历史段符号/量纲伪影，须回源确证
2026-09-23,001872,1998-03-23,-6.750,-6.750,-7.100,-6.880,,0.080,1.1500,7378,5969484.50,,AKSHARE,close_negative,主板,1993-1999,809.0925,全史负价（源侧缺陷）。OHLC 整体为负但列间比例自洽→疑似源历史段符号/量纲伪影，须回源确证
2026-09-23,001872,1998-03-24,-7.010,-6.800,-7.010,-6.840,,0.040,0.5800,5456,4491502.50,,AKSHARE,close_negative,主板,1993-1999,823.2226,全史负价（源侧缺陷）。OHLC 整体为负但列间比例自洽→疑似源历史段符号/量纲伪影，须回源确证
2026-09-23,001872,1998-03-25,-6.850,-6.790,-6.950,-6.810,,0.030,0.4400,10563,8747124.00,,AKSHARE,close_negative,主板,1993-1999,828.0909,全史负价（源侧缺陷）。OHLC 整体为负但列间比例自洽→疑似源历史段符号/量纲伪影，须回源确证
2026-09-23,001872,1998-03-26,-6.810,-6.660,-6.810,-6.730,,0.080,1.1700,23635,20159312.00,,AKSHARE,close_negative,主板,1993-1999,852.9432,全史负价（源侧缺陷）。OHLC 整体为负但列间比例自洽→疑似源历史段符号/量纲伪影，须回源确证
2026-09-23,001872,1998-03-27,-6.730,-6.630,-6.810,-6.650,,0.080,1.1900,17873,15325563.00,,AKSHARE,close_negative,主板,1993-1999,857.4701,全史负价（源侧缺陷）。OHLC 整体为负但列间比例自洽→疑似源历史段符号/量纲伪影，须回源确证
2026-09-23,001872,1998-03-30,-6.600,-6.490,-6.690,-6.530,,0.120,1.8000,20581,18096762.00,,AKSHARE,close_negative,主板,1993-1999,879.2946,全史负价（源侧缺陷）。OHLC 整体为负但列间比例自洽→疑似源历史段符号/量纲伪影，须回源确证
2026-09-23,001872,1998-03-31,-6.530,-6.490,-6.720,-6.660,,-0.130,-1.9900,9783,8523591.00,,AKSHARE,close_negative,主板,1993-1999,871.2656,全史负价（源侧缺陷）。OHLC 整体为负但列间比例自洽→疑似源历史段符号/量纲伪影，须回源确证
2026-09-23,001872,1998-04-01,-6.600,-6.590,-6.750,-6.700,,-0.040,-0.6000,10173,8777320.00,,AKSHARE,close_negative,主板,1993-1999,862.8055,全史负价（源侧缺陷）。OHLC 整体为负但列间比例自洽→疑似源历史段符号/量纲伪影，须回源确证
2026-09-23,001872,1998-04-02,-6.650,-6.520,-6.750,-6.690,,0.010,0.1500,20596,17888018.00,,AKSHARE,close_negative,主板,1993-1999,868.519,全史负价（源侧缺陷）。OHLC 整体为负但列间比例自洽→疑似源历史段符号/量纲伪影，须回源确证
2026-09-23,001872,1998-04-03,-6.710,-6.640,-6.810,-6.710,,-0.020,-0.3000,7579,6465847.00,,AKSHARE,close_negative,主板,1993-1999,853.1267,全史负价（源侧缺陷）。OHLC 整体为负但列间比例自洽→疑似源历史段符号/量纲伪影，须回源确证
2026-09-23,001872,1998-04-06,-6.740,-6.600,-6.800,-6.700,,0.010,0.1500,10704,9150565.00,,AKSHARE,close_negative,主板,1993-1999,854.8734,全史负价（源侧缺陷）。OHLC 整体为负但列间比例自洽→疑似源历史段符号/量纲伪影，须回源确证
2026-09-23,001872,1998-04-07,-6.650,-6.370,-6.680,-6.380,,0.320,4.7800,23328,20794736.00,,AKSHARE,close_negative,主板,1993-1999,891.4067,全史负价（源侧缺陷）。OHLC 整体为负但列间比例自洽→疑似源历史段符号/量纲伪影，须回源确证
2026-09-23,001872,1998-04-08,-6.340,-6.270,-6.470,-6.390,,-0.010,-0.1600,23558,21736930.00,,AKSHARE,close_negative,主板,1993-1999,922.6984,全史负价（源侧缺陷）。OHLC 整体为负但列间比例自洽→疑似源历史段符号/量纲伪影，须回源确证
2026-09-23,001872,1998-04-09,-6.370,-6.320,-6.800,-6.700,,-0.310,-4.8500,15079,13335239.00,,AKSHARE,close_negative,主板,1993-1999,884.3583,全史负价（源侧缺陷）。OHLC 整体为负但列间比例自洽→疑似源历史段符号/量纲伪影，须回源确证
2026-09-23,001872,1998-04-10,-6.800,-6.620,-6.800,-6.690,,0.010,0.1500,8221,6991169.00,,AKSHARE,close_negative,主板,1993-1999,850.4037,全史负价（源侧缺陷）。OHLC 整体为负但列间比例自洽→疑似源历史段符号/量纲伪影，须回源确证
2026-09-23,001872,1998-04-13,-6.650,-6.650,-6.850,-6.810,,-0.120,-1.7900,10087,8501259.00,,AKSHARE,close_negative,主板,1993-1999,842.7936,全史负价（源侧缺陷）。OHLC 整体为负但列间比例自洽→疑似源历史段符号/量纲伪影，须回源确证
2026-09-23,001872,1998-04-14,-6.810,-6.680,-6.850,-6.770,,0.040,0.5900,5733,4850403.00,,AKSHARE,close_negative,主板,1993-1999,846.0497,全史负价（源侧缺陷）。OHLC 整体为负但列间比例自洽→疑似源历史段符号/量纲伪影，须回源确证
2026-09-23,001872,1998-04-15,-6.800,-6.690,-6.830,-6.730,,0.040,0.5900,5025,4268145.50,,AKSHARE,close_negative,主板,1993-1999,849.3822,全史负价（源侧缺陷）。OHLC 整体为负但列间比例自洽→疑似源历史段符号/量纲伪影，须回源确证
2026-09-23,001872,1998-04-16,-6.800,-6.640,-6.800,-6.760,,-0.030,-0.4500,4638,3972010.00,,AKSHARE,close_negative,主板,1993-1999,856.4058,全史负价（源侧缺陷）。OHLC 整体为负但列间比例自洽→疑似源历史段符号/量纲伪影，须回源确证
2026-09-23,001872,1998-04-17,-6.770,-6.550,-6.830,-6.610,,0.150,2.2200,8680,7514367.00,,AKSHARE,close_negative,主板,1993-1999,865.7105,全史负价（源侧缺陷）。OHLC 整体为负但列间比例自洽→疑似源历史段符号/量纲伪影，须回源确证
2026-09-23,001872,1998-04-20,-6.610,-6.480,-6.640,-6.530,,0.080,1.2100,12945,11475171.00,,AKSHARE,close_negative,主板,1993-1999,886.4559,全史负价（源侧缺陷）。OHLC 整体为负但列间比例自洽→疑似源历史段符号/量纲伪影，须回源确证
2026-09-23,001872,1998-04-21,-6.490,-6.370,-6.650,-6.620,,-0.090,-1.3800,7026,6226311.00,,AKSHARE,close_negative,主板,1993-1999,886.1815,全史负价（源侧缺陷）。OHLC 整体为负但列间比例自洽→疑似源历史段符号/量纲伪影，须回源确证
2026-09-23,001872,1998-04-22,-6.500,-6.500,-6.640,-6.570,,0.050,0.7600,6798,5990959.00,,AKSHARE,close_negative,主板,1993-1999,881.2826,全史负价（源侧缺陷）。OHLC 整体为负但列间比例自洽→疑似源历史段符号/量纲伪影，须回源确证
2026-09-23,001872,1998-04-23,-6.560,-6.560,-6.750,-6.710,,-0.140,-2.1300,6108,5275830.50,,AKSHARE,close_negative,主板,1993-1999,863.7574,全史负价（源侧缺陷）。OHLC 整体为负但列间比例自洽→疑似源历史段符号/量纲伪影，须回源确证
2026-09-23,001872,1998-04-24,-6.700,-6.600,-6.780,-6.760,,-0.050,-0.7500,5127,4375294.00,,AKSHARE,close_negative,主板,1993-1999,853.3829,全史负价（源侧缺陷）。OHLC 整体为负但列间比例自洽→疑似源历史段符号/量纲伪影，须回源确证
2026-09-23,001872,1998-04-27,-6.770,-6.770,-6.880,-6.870,,-0.110,-1.6300,4609,3835879.50,,AKSHARE,close_negative,主板,1993-1999,832.2585,全史负价（源侧缺陷）。OHLC 整体为负但列间比例自洽→疑似源历史段符号/量纲伪影，须回源确证
2026-09-23,001872,1998-04-28,-6.880,-6.460,-6.880,-6.510,,0.360,5.2400,15897,14098020.00,,AKSHARE,close_negative,主板,1993-1999,886.8353,全史负价（源侧缺陷）。OHLC 整体为负但列间比例自洽→疑似源历史段符号/量纲伪影，须回源确证
2026-09-23,001872,1998-04-29,-6.510,-6.320,-6.660,-6.610,,-0.100,-1.5400,12210,10971553.00,,AKSHARE,close_negative,主板,1993-1999,898.5711,全史负价（源侧缺陷）。OHLC 整体为负但列间比例自洽→疑似源历史段符号/量纲伪影，须回源确证
2026-09-23,001872,1998-04-30,-6.630,-6.630,-6.750,-6.680,,-0.070,-1.0600,6342,5437786.00,,AKSHARE,close_negative,主板,1993-1999,857.4245,全史负价（源侧缺陷）。OHLC 整体为负但列间比例自洽→疑似源历史段符号/量纲伪影，须回源确证
2026-09-23,001872,1998-05-04,-6.600,-6.560,-6.750,-6.620,,0.060,0.9000,6458,5583853.50,,AKSHARE,close_negative,主板,1993-1999,864.6413,全史负价（源侧缺陷）。OHLC 整体为负但列间比例自洽→疑似源历史段符号/量纲伪影，须回源确证
2026-09-23,001872,1998-05-05,-6.600,-6.470,-6.710,-6.500,,0.120,1.8100,8568,7576450.00,,AKSHARE,close_negative,主板,1993-1999,884.2729,全史负价（源侧缺陷）。OHLC 整体为负但列间比例自洽→疑似源历史段符号/量纲伪影，须回源确证
2026-09-23,001872,1998-05-06,-6.500,-6.110,-6.570,-6.190,,0.310,4.7700,39467,36944548.00,,AKSHARE,close_negative,主板,1993-1999,936.0871,全史负价（源侧缺陷）。OHLC 整体为负但列间比例自洽→疑似源历史段符号/量纲伪影，须回源确证
2026-09-23,001872,1998-05-07,-6.180,-5.740,-6.330,-6.230,,-0.040,-0.6500,47442,46763056.00,,AKSHARE,close_negative,主板,1993-1999,985.689,全史负价（源侧缺陷）。OHLC 整体为负但列间比例自洽→疑似源历史段符号/量纲伪影，须回源确证
2026-09-23,001872,1998-05-08,-6.260,-5.910,-6.350,-6.020,,0.210,3.3700,30239,29391888.00,,AKSHARE,close_negative,主板,1993-1999,971.9861,全史负价（源侧缺陷）。OHLC 整体为负但列间比例自洽→疑似源历史段符号/量纲伪影，须回源确证
2026-09-23,001872,1998-05-11,-5.830,-5.520,-5.840,-5.810,,0.210,3.4900,58269,60869428.00,,AKSHARE,close_negative,主板,1993-1999,1044.628,全史负价（源侧缺陷）。OHLC 整体为负但列间比例自洽→疑似源历史段符号/量纲伪影，须回源确证
2026-09-23,001872,1998-05-12,-5.830,-5.790,-6.050,-5.970,,-0.160,-2.7500,16484,16359299.00,,AKSHARE,close_negative,主板,1993-1999,992.435,全史负价（源侧缺陷）。OHLC 整体为负但列间比例自洽→疑似源历史段符号/量纲伪影，须回源确证
2026-09-23,001872,1998-05-13,-5.890,-5.790,-6.050,-5.940,,0.030,0.5000,13049,13101322.00,,AKSHARE,close_negative,主板,1993-1999,1004.0097,全史负价（源侧缺陷）。OHLC 整体为负但列间比例自洽→疑似源历史段符号/量纲伪影，须回源确证
2026-09-23,001872,1998-05-14,-5.940,-5.890,-6.160,-6.110,,-0.170,-2.8600,11679,11412964.00,,AKSHARE,close_negative,主板,1993-1999,977.221,全史负价（源侧缺陷）。OHLC 整体为负但列间比例自洽→疑似源历史段符号/量纲伪影，须回源确证
2026-09-23,001872,1998-05-15,-6.150,-6.000,-6.250,-6.210,,-0.100,-1.6400,8341,8021631.50,,AKSHARE,close_negative,主板,1993-1999,961.711,全史负价（源侧缺陷）。OHLC 整体为负但列间比例自洽→疑似源历史段符号/量纲伪影，须回源确证
2026-09-23,001872,1998-05-18,-6.260,-6.050,-6.320,-6.060,,0.150,2.4200,6622,6292101.50,,AKSHARE,close_negative,主板,1993-1999,950.1814,全史负价（源侧缺陷）。OHLC 整体为负但列间比例自洽→疑似源历史段符号/量纲伪影，须回源确证
2026-09-23,001872,1998-05-19,-6.110,-5.970,-6.240,-6.020,,0.040,0.6600,6194,6012219.00,,AKSHARE,close_negative,主板,1993-1999,970.6521,全史负价（源侧缺陷）。OHLC 整体为负但列间比例自洽→疑似源历史段符号/量纲伪影，须回源确证
2026-09-23,001872,1998-05-21,-5.990,-5.900,-6.120,-5.970,,0.050,0.8300,7501,7407906.50,,AKSHARE,close_negative,主板,1993-1999,987.5892,全史负价（源侧缺陷）。OHLC 整体为负但列间比例自洽→疑似源历史段符号/量纲伪影，须回源确证
2026-09-23,001872,1998-05-22,-5.950,-5.760,-6.050,-6.010,,-0.040,-0.6700,10228,10289444.00,,AKSHARE,close_negative,主板,1993-1999,1006.0074,全史负价（源侧缺陷）。OHLC 整体为负但列间比例自洽→疑似源历史段符号/量纲伪影，须回源确证
2026-09-23,001872,1998-05-25,-6.020,-5.860,-6.110,-5.960,,0.050,0.8300,11791,11696126.00,,AKSHARE,close_negative,主板,1993-1999,991.9537,全史负价（源侧缺陷）。OHLC 整体为负但列间比例自洽→疑似源历史段符号/量纲伪影，须回源确证
2026-09-23,001872,1998-05-26,-5.960,-5.770,-6.040,-5.970,,-0.010,-0.1700,10487,10556544.00,,AKSHARE,close_negative,主板,1993-1999,1006.6314,全史负价（源侧缺陷）。OHLC 整体为负但列间比例自洽→疑似源历史段符号/量纲伪影，须回源确证
2026-09-23,001872,1998-05-27,-5.990,-5.920,-6.100,-6.070,,-0.100,-1.6800,8835,8672636.00,,AKSHARE,close_negative,主板,1993-1999,981.6226,全史负价（源侧缺陷）。OHLC 整体为负但列间比例自洽→疑似源历史段符号/量纲伪影，须回源确证
2026-09-23,001872,1998-05-28,-6.050,-5.790,-6.140,-5.880,,0.190,3.1300,13428,13512089.00,,AKSHARE,close_negative,主板,1993-1999,1006.2622,全史负价（源侧缺陷）。OHLC 整体为负但列间比例自洽→疑似源历史段符号/量纲伪影，须回源确证
2026-09-23,001872,1998-05-29,-5.860,-5.780,-5.970,-5.960,,-0.080,-1.3600,7419,7456609.50,,AKSHARE,close_negative,主板,1993-1999,1005.0693,全史负价（源侧缺陷）。OHLC 整体为负但列间比例自洽→疑似源历史段符号/量纲伪影，须回源确证
2026-09-23,001872,1998-06-01,-5.950,-5.670,-6.050,-5.740,,0.220,3.6900,17584,18122380.00,,AKSHARE,close_negative,主板,1993-1999,1030.6176,全史负价（源侧缺陷）。OHLC 整体为负但列间比例自洽→疑似源历史段符号/量纲伪影，须回源确证
2026-09-23,001872,1998-06-02,-5.720,-5.720,-5.970,-5.850,,-0.110,-1.9200,6785,6887274.50,,AKSHARE,close_negative,主板,1993-1999,1015.0736,全史负价（源侧缺陷）。OHLC 整体为负但列间比例自洽→疑似源历史段符号/量纲伪影，须回源确证
2026-09-23,001872,1998-06-03,-5.840,-5.780,-5.930,-5.860,,-0.010,-0.1700,5645,5729814.00,,AKSHARE,close_negative,主板,1993-1999,1015.0246,全史负价（源侧缺陷）。OHLC 整体为负但列间比例自洽→疑似源历史段符号/量纲伪影，须回源确证
2026-09-23,001872,1998-06-04,-5.860,-5.830,-6.020,-6.000,,-0.140,-2.3900,6214,6243206.50,,AKSHARE,close_negative,主板,1993-1999,1004.7001,全史负价（源侧缺陷）。OHLC 整体为负但列间比例自洽→疑似源历史段符号/量纲伪影，须回源确证
2026-09-23,001872,1998-06-05,-5.890,-5.620,-5.940,-5.680,,0.320,5.3300,27994,29102162.00,,AKSHARE,close_negative,主板,1993-1999,1039.5857,全史负价（源侧缺陷）。OHLC 整体为负但列间比例自洽→疑似源历史段符号/量纲伪影，须回源确证
2026-09-23,001872,1998-06-08,-5.510,-5.460,-5.720,-5.690,,-0.010,-0.1800,24339,26104774.00,,AKSHARE,close_negative,主板,1993-1999,1072.5492,全史负价（源侧缺陷）。OHLC 整体为负但列间比例自洽→疑似源历史段符号/量纲伪影，须回源确证
2026-09-23,001872,1998-06-09,-5.720,-5.720,-6.020,-5.950,,-0.260,-4.5700,11666,11761759.00,,AKSHARE,close_negative,主板,1993-1999,1008.2084,全史负价（源侧缺陷）。OHLC 整体为负但列间比例自洽→疑似源历史段符号/量纲伪影，须回源确证
2026-09-23,001872,1998-06-10,-5.960,-5.890,-6.160,-6.020,,-0.070,-1.1800,6495,6429306.00,,AKSHARE,close_negative,主板,1993-1999,989.8855,全史负价（源侧缺陷）。OHLC 整体为负但列间比例自洽→疑似源历史段符号/量纲伪影，须回源确证
2026-09-23,001872,1998-06-11,-5.990,-5.970,-6.240,-6.220,,-0.200,-3.3200,5300,5112852.00,,AKSHARE,close_negative,主板,1993-1999,964.6891,全史负价（源侧缺陷）。OHLC 整体为负但列间比例自洽→疑似源历史段符号/量纲伪影，须回源确证
2026-09-23,001872,1998-06-12,-6.040,-5.990,-6.100,-6.060,,0.160,2.5700,6140,6013656.50,,AKSHARE,close_negative,主板,1993-1999,979.4229,全史负价（源侧缺陷）。OHLC 整体为负但列间比例自洽→疑似源历史段符号/量纲伪影，须回源确证
2026-09-23,001872,1998-06-15,-6.060,-6.000,-6.220,-6.210,,-0.150,-2.4800,4303,4135245.75,,AKSHARE,close_negative,主板,1993-1999,961.0146,全史负价（源侧缺陷）。OHLC 整体为负但列间比例自洽→疑似源历史段符号/量纲伪影，须回源确证
2026-09-23,001872,1998-06-16,-6.240,-6.210,-6.480,-6.240,,-0.030,-0.4800,4338,4000270.75,,AKSHARE,close_negative,主板,1993-1999,922.1463,全史负价（源侧缺陷）。OHLC 整体为负但列间比例自洽→疑似源历史段符号/量纲伪影，须回源确证
2026-09-23,001872,1998-06-17,-6.130,-6.130,-6.400,-6.370,,-0.130,-2.0800,2768,2584327.25,,AKSHARE,close_negative,主板,1993-1999,933.6442,全史负价（源侧缺陷）。OHLC 整体为负但列间比例自洽→疑似源历史段符号/量纲伪影，须回源确证
2026-09-23,001872,1998-06-18,-6.320,-6.210,-6.350,-6.250,,0.120,1.8800,2440,2288197.00,,AKSHARE,close_negative,主板,1993-1999,937.7857,全史负价（源侧缺陷）。OHLC 整体为负但列间比例自洽→疑似源历史段符号/量纲伪影，须回源确证
2026-09-23,001872,1998-06-19,-6.210,-6.160,-6.270,-6.180,,0.070,1.1200,2998,2835700.25,,AKSHARE,close_negative,主板,1993-1999,945.864,全史负价（源侧缺陷）。OHLC 整体为负但列间比例自洽→疑似源历史段符号/量纲伪影，须回源确证
2026-09-23,001872,1998-06-22,-6.270,-6.160,-6.270,-6.240,,-0.060,-0.9700,3778,3568975.00,,AKSHARE,close_negative,主板,1993-1999,944.6731,全史负价（源侧缺陷）。OHLC 整体为负但列间比例自洽→疑似源历史段符号/量纲伪影，须回源确证
2026-09-23,001872,1998-06-23,-6.270,-6.240,-6.370,-6.350,,-0.110,-1.7600,3075,2849377.75,,AKSHARE,close_negative,主板,1993-1999,926.6269,全史负价（源侧缺陷）。OHLC 整体为负但列间比例自洽→疑似源历史段符号/量纲伪影，须回源确证
2026-09-23,001872,1998-06-24,-6.320,-6.210,-6.380,-6.240,,0.110,1.7300,3203,2989435.50,,AKSHARE,close_negative,主板,1993-1999,933.3236,全史负价（源侧缺陷）。OHLC 整体为负但列间比例自洽→疑似源历史段符号/量纲伪影，须回源确证
2026-09-23,001872,1998-06-25,-6.250,-6.130,-6.340,-6.190,,0.050,0.8000,3899,3699407.25,,AKSHARE,close_negative,主板,1993-1999,948.8092,全史负价（源侧缺陷）。OHLC 整体为负但列间比例自洽→疑似源历史段符号/量纲伪影，须回源确证
2026-09-23,001872,1998-06-26,-6.240,-6.210,-6.320,-6.320,,-0.130,-2.1000,1526,1427388.00,,AKSHARE,close_negative,主板,1993-1999,935.3788,全史负价（源侧缺陷）。OHLC 整体为负但列间比例自洽→疑似源历史段符号/量纲伪影，须回源确证
2026-09-23,001872,1998-06-29,-6.320,-6.320,-6.480,-6.450,,-0.130,-2.0600,3081,2794824.50,,AKSHARE,close_negative,主板,1993-1999,907.116,全史负价（源侧缺陷）。OHLC 整体为负但列间比例自洽→疑似源历史段符号/量纲伪影，须回源确证
2026-09-23,001872,1998-06-30,-6.480,-6.420,-6.640,-6.630,,-0.180,-2.7900,2247,1986821.38,,AKSHARE,close_negative,主板,1993-1999,884.2107,全史负价（源侧缺陷）。OHLC 整体为负但列间比例自洽→疑似源历史段符号/量纲伪影，须回源确证
2026-09-23,001872,1998-07-01,-6.500,-6.470,-6.690,-6.690,,-0.060,-0.9000,2023,1765594.25,,AKSHARE,close_negative,主板,1993-1999,872.7604,全史负价（源侧缺陷）。OHLC 整体为负但列间比例自洽→疑似源历史段符号/量纲伪影，须回源确证
2026-09-23,001872,1998-07-02,-6.690,-6.590,-6.850,-6.590,,0.100,1.4900,2961,2506689.25,,AKSHARE,close_negative,主板,1993-1999,846.5685,全史负价（源侧缺陷）。OHLC 整体为负但列间比例自洽→疑似源历史段符号/量纲伪影，须回源确证
2026-09-23,001872,1998-07-03,-6.570,-6.560,-6.710,-6.660,,-0.070,-1.0600,2461,2145545.50,,AKSHARE,close_negative,主板,1993-1999,871.8186,全史负价（源侧缺陷）。OHLC 整体为负但列间比例自洽→疑似源历史段符号/量纲伪影，须回源确证
2026-09-23,001872,1998-07-06,-6.750,-6.720,-6.850,-6.840,,-0.180,-2.7000,1796,1513654.12,,AKSHARE,close_negative,主板,1993-1999,842.7918,全史负价（源侧缺陷）。OHLC 整体为负但列间比例自洽→疑似源历史段符号/量纲伪影，须回源确证
2026-09-23,001872,1998-07-07,-6.840,-6.660,-6.850,-6.770,,0.070,1.0200,1102,926580.38,,AKSHARE,close_negative,主板,1993-1999,840.817,全史负价（源侧缺陷）。OHLC 整体为负但列间比例自洽→疑似源历史段符号/量纲伪影，须回源确证
2026-09-23,001872,1998-07-08,-6.840,-6.720,-6.840,-6.730,,0.040,0.5900,1215,1030512.75,,AKSHARE,close_negative,主板,1993-1999,848.1586,全史负价（源侧缺陷）。OHLC 整体为负但列间比例自洽→疑似源历史段符号/量纲伪影，须回源确证
2026-09-23,001872,1998-07-09,-6.740,-6.700,-6.800,-6.740,,-0.010,-0.1500,1306,1111564.00,,AKSHARE,close_negative,主板,1993-1999,851.121,全史负价（源侧缺陷）。OHLC 整体为负但列间比例自洽→疑似源历史段符号/量纲伪影，须回源确证
2026-09-23,001872,1998-07-10,-6.640,-6.550,-6.680,-6.610,,0.130,1.9300,1381,1209119.12,,AKSHARE,close_negative,主板,1993-1999,875.5388,全史负价（源侧缺陷）。OHLC 整体为负但列间比例自洽→疑似源历史段符号/量纲伪影，须回源确证
2026-09-23,001872,1998-07-13,-6.590,-6.590,-6.750,-6.690,,-0.080,-1.2100,1547,1327348.50,,AKSHARE,close_negative,主板,1993-1999,858.0145,全史负价（源侧缺陷）。OHLC 整体为负但列间比例自洽→疑似源历史段符号/量纲伪影，须回源确证
2026-09-23,001872,1998-07-14,-6.640,-6.640,-6.810,-6.800,,-0.110,-1.6400,1866,1579663.25,,AKSHARE,close_negative,主板,1993-1999,846.5505,全史负价（源侧缺陷）。OHLC 整体为负但列间比例自洽→疑似源历史段符号/量纲伪影，须回源确证
2026-09-23,001872,1998-07-15,-6.810,-6.700,-6.850,-6.780,,0.020,0.2900,1090,917569.81,,AKSHARE,close_negative,主板,1993-1999,841.8072,全史负价（源侧缺陷）。OHLC 整体为负但列间比例自洽→疑似源历史段符号/量纲伪影，须回源确证
2026-09-23,001872,1998-07-16,-6.730,-6.730,-6.850,-6.820,,-0.040,-0.5900,1573,1310943.50,,AKSHARE,close_negative,主板,1993-1999,833.4034,全史负价（源侧缺陷）。OHLC 整体为负但列间比例自洽→疑似源历史段符号/量纲伪影，须回源确证
2026-09-23,001872,1998-07-17,-6.810,-6.810,-6.910,-6.900,,-0.080,-1.1700,1606,1331959.62,,AKSHARE,close_negative,主板,1993-1999,829.3646,全史负价（源侧缺陷）。OHLC 整体为负但列间比例自洽→疑似源历史段符号/量纲伪影，须回源确证
2026-09-23,001872,1998-07-20,-7.020,-6.940,-7.050,-7.040,,-0.140,-2.0300,1707,1344759.25,,AKSHARE,close_negative,主板,1993-1999,787.791,全史负价（源侧缺陷）。OHLC 整体为负但列间比例自洽→疑似源历史段符号/量纲伪影，须回源确证
2026-09-23,001872,1998-07-21,-7.030,-6.790,-7.040,-6.870,,0.170,2.4100,1305,1039910.38,,AKSHARE,close_negative,主板,1993-1999,796.8662,全史负价（源侧缺陷）。OHLC 整体为负但列间比例自洽→疑似源历史段符号/量纲伪影，须回源确证
2026-09-23,001872,1998-07-22,-6.880,-6.880,-7.000,-6.960,,-0.090,-1.3100,1031,823505.62,,AKSHARE,close_negative,主板,1993-1999,798.7445,全史负价（源侧缺陷）。OHLC 整体为负但列间比例自洽→疑似源历史段符号/量纲伪影，须回源确证
2026-09-23,001872,1998-07-23,-6.990,-6.820,-7.010,-6.850,,0.110,1.5800,1179,948851.38,,AKSHARE,close_negative,主板,1993-1999,804.7934,全史负价（源侧缺陷）。OHLC 整体为负但列间比例自洽→疑似源历史段符号/量纲伪影，须回源确证
2026-09-23,001872,1998-07-24,-6.850,-6.750,-6.850,-6.800,,0.050,0.7300,1682,1389107.75,,AKSHARE,close_negative,主板,1993-1999,825.8667,全史负价（源侧缺陷）。OHLC 整体为负但列间比例自洽→疑似源历史段符号/量纲伪影，须回源确证
2026-09-23,001872,1998-07-27,-6.750,-6.750,-6.910,-6.840,,-0.040,-0.5900,1751,1427455.62,,AKSHARE,close_negative,主板,1993-1999,815.2231,全史负价（源侧缺陷）。OHLC 整体为负但列间比例自洽→疑似源历史段符号/量纲伪影，须回源确证
2026-09-23,001872,1998-07-28,-6.840,-6.800,-6.880,-6.820,,0.020,0.2900,1613,1324537.75,,AKSHARE,close_negative,主板,1993-1999,821.1641,全史负价（源侧缺陷）。OHLC 整体为负但列间比例自洽→疑似源历史段符号/量纲伪影，须回源确证
2026-09-23,001872,1998-07-29,-6.750,-6.710,-6.910,-6.880,,-0.060,-0.8800,1053,864352.00,,AKSHARE,close_negative,主板,1993-1999,820.8471,全史负价（源侧缺陷）。OHLC 整体为负但列间比例自洽→疑似源历史段符号/量纲伪影，须回源确证
2026-09-23,001872,1998-07-30,-6.830,-6.830,-6.940,-6.910,,-0.030,-0.4400,1228,989272.38,,AKSHARE,close_negative,主板,1993-1999,805.5964,全史负价（源侧缺陷）。OHLC 整体为负但列间比例自洽→疑似源历史段符号/量纲伪影，须回源确证
2026-09-23,001872,1998-07-31,-6.830,-6.830,-6.910,-6.890,,0.020,0.2900,941,762121.06,,AKSHARE,close_negative,主板,1993-1999,809.9055,全史负价（源侧缺陷）。OHLC 整体为负但列间比例自洽→疑似源历史段符号/量纲伪影，须回源确证
2026-09-23,001872,1998-08-03,-6.890,-6.790,-6.930,-6.880,,0.010,0.1500,1181,958575.50,,AKSHARE,close_negative,主板,1993-1999,811.6643,全史负价（源侧缺陷）。OHLC 整体为负但列间比例自洽→疑似源历史段符号/量纲伪影，须回源确证
2026-09-23,001872,1998-08-04,-6.930,-6.850,-6.990,-6.950,,-0.070,-1.0200,1523,1219190.88,,AKSHARE,close_negative,主板,1993-1999,800.5193,全史负价（源侧缺陷）。OHLC 整体为负但列间比例自洽→疑似源历史段符号/量纲伪影，须回源确证
2026-09-23,001872,1998-08-05,-6.860,-6.860,-6.950,-6.870,,0.080,1.1500,1242,998552.00,,AKSHARE,close_negative,主板,1993-1999,803.9871,全史负价（源侧缺陷）。OHLC 整体为负但列间比例自洽→疑似源历史段符号/量纲伪影，须回源确证
2026-09-23,001872,1998-08-06,-6.900,-6.860,-6.960,-6.940,,-0.070,-1.0200,1340,1076293.00,,AKSHARE,close_negative,主板,1993-1999,803.2037,全史负价（源侧缺陷）。OHLC 整体为负但列间比例自洽→疑似源历史段符号/量纲伪影，须回源确证
2026-09-23,001872,1998-08-07,-6.800,-6.800,-7.000,-7.000,,-0.060,-0.8600,1262,1000636.31,,AKSHARE,close_negative,主板,1993-1999,792.8972,全史负价（源侧缺陷）。OHLC 整体为负但列间比例自洽→疑似源历史段符号/量纲伪影，须回源确证
2026-09-23,001872,1998-08-10,-7.040,-7.040,-7.210,-7.150,,-0.150,-2.1400,1832,1394217.00,,AKSHARE,close_negative,主板,1993-1999,761.0355,全史负价（源侧缺陷）。OHLC 整体为负但列间比例自洽→疑似源历史段符号/量纲伪影，须回源确证
2026-09-23,001872,1998-08-11,-7.150,-7.070,-7.200,-7.180,,-0.030,-0.4200,1323,1002639.12,,AKSHARE,close_negative,主板,1993-1999,757.8527,全史负价（源侧缺陷）。OHLC 整体为负但列间比例自洽→疑似源历史段符号/量纲伪影，须回源确证
2026-09-23,001872,1998-08-12,-7.180,-7.170,-7.390,-7.290,,-0.110,-1.5300,1509,1105023.75,,AKSHARE,close_negative,主板,1993-1999,732.2888,全史负价（源侧缺陷）。OHLC 整体为负但列间比例自洽→疑似源历史段符号/量纲伪影，须回源确证
2026-09-23,001872,1998-08-13,-7.260,-7.210,-7.350,-7.290,,,,1489,1093839.00,,AKSHARE,close_negative,主板,1993-1999,734.6132,全史负价（源侧缺陷）。OHLC 整体为负但列间比例自洽→疑似源历史段符号/量纲伪影，须回源确证
2026-09-23,001872,1998-08-14,-7.290,-7.290,-7.470,-7.450,,-0.160,-2.1900,1799,1291875.38,,AKSHARE,close_negative,主板,1993-1999,718.1075,全史负价（源侧缺陷）。OHLC 整体为负但列间比例自洽→疑似源历史段符号/量纲伪影，须回源确证
2026-09-23,001872,1998-08-17,-7.480,-7.480,-7.830,-7.830,,-0.380,-5.1000,2222,1437545.25,,AKSHARE,close_negative,主板,1993-1999,646.9601,全史负价（源侧缺陷）。OHLC 整体为负但列间比例自洽→疑似源历史段符号/量纲伪影，须回源确证
2026-09-23,001872,1998-08-18,-7.870,-7.770,-8.010,-7.960,,-0.130,-1.6600,2229,1392171.00,,AKSHARE,close_negative,主板,1993-1999,624.572,全史负价（源侧缺陷）。OHLC 整体为负但列间比例自洽→疑似源历史段符号/量纲伪影，须回源确证
2026-09-23,001872,1998-08-19,-7.940,-7.740,-7.940,-7.780,,0.180,2.2600,3046,1924406.50,,AKSHARE,close_negative,主板,1993-1999,631.7815,全史负价（源侧缺陷）。OHLC 整体为负但列间比例自洽→疑似源历史段符号/量纲伪影，须回源确证
2026-09-23,001872,1998-08-20,-7.740,-7.570,-7.880,-7.620,,0.160,2.0600,5309,3471487.75,,AKSHARE,close_negative,主板,1993-1999,653.8873,全史负价（源侧缺陷）。OHLC 整体为负但列间比例自洽→疑似源历史段符号/量纲伪影，须回源确证
2026-09-23,001872,1998-08-21,-7.640,-7.570,-7.720,-7.620,,,,3485,2323671.50,,AKSHARE,close_negative,主板,1993-1999,666.7637,全史负价（源侧缺陷）。OHLC 整体为负但列间比例自洽→疑似源历史段符号/量纲伪影，须回源确证
2026-09-23,001872,1998-08-24,-7.700,-7.500,-7.720,-7.630,,-0.010,-0.1300,3471,2349182.50,,AKSHARE,close_negative,主板,1993-1999,676.8028,全史负价（源侧缺陷）。OHLC 整体为负但列间比例自洽→疑似源历史段符号/量纲伪影，须回源确证
2026-09-23,001872,1998-08-25,-7.650,-7.490,-7.650,-7.500,,0.130,1.7000,3273,2245844.50,,AKSHARE,close_negative,主板,1993-1999,686.1731,全史负价（源侧缺陷）。OHLC 整体为负但列间比例自洽→疑似源历史段符号/量纲伪影，须回源确证
2026-09-23,001872,1998-08-26,-7.430,-7.430,-7.610,-7.590,,-0.090,-1.2000,2468,1708455.38,,AKSHARE,close_negative,主板,1993-1999,692.2429,全史负价（源侧缺陷）。OHLC 整体为负但列间比例自洽→疑似源历史段符号/量纲伪影，须回源确证
2026-09-23,001872,1998-08-27,-7.610,-7.610,-7.730,-7.720,,-0.130,-1.7100,1936,1279258.62,,AKSHARE,close_negative,主板,1993-1999,660.7741,全史负价（源侧缺陷）。OHLC 整体为负但列间比例自洽→疑似源历史段符号/量纲伪影，须回源确证
2026-09-23,001872,1998-08-28,-7.740,-7.740,-7.820,-7.750,,-0.030,-0.3900,1782,1144666.38,,AKSHARE,close_negative,主板,1993-1999,642.3493,全史负价（源侧缺陷）。OHLC 整体为负但列间比例自洽→疑似源历史段符号/量纲伪影，须回源确证
2026-09-23,001872,1998-08-31,-7.840,-7.740,-7.960,-7.740,,0.010,0.1300,1678,1052546.00,,AKSHARE,close_negative,主板,1993-1999,627.2622,全史负价（源侧缺陷）。OHLC 整体为负但列间比例自洽→疑似源历史段符号/量纲伪影，须回源确证
2026-09-23,001872,1998-09-01,-7.740,-7.660,-7.820,-7.740,,,,2143,1390098.88,,AKSHARE,close_negative,主板,1993-1999,648.6696,全史负价（源侧缺陷）。OHLC 整体为负但列间比例自洽→疑似源历史段符号/量纲伪影，须回源确证
2026-09-23,001872,1998-09-02,-7.810,-7.700,-7.810,-7.740,,,,1392,908324.19,,AKSHARE,close_negative,主板,1993-1999,652.5317,全史负价（源侧缺陷）。OHLC 整体为负但列间比例自洽→疑似源历史段符号/量纲伪影，须回源确证
2026-09-23,001872,1998-09-03,-7.720,-7.640,-7.770,-7.660,,0.080,1.0300,1938,1285324.00,,AKSHARE,close_negative,主板,1993-1999,663.2219,全史负价（源侧缺陷）。OHLC 整体为负但列间比例自洽→疑似源历史段符号/量纲伪影，须回源确证
2026-09-23,001872,1998-09-04,-7.640,-7.540,-7.640,-7.590,,0.070,0.9100,2095,1422642.12,,AKSHARE,close_negative,主板,1993-1999,679.0655,全史负价（源侧缺陷）。OHLC 整体为负但列间比例自洽→疑似源历史段符号/量纲伪影，须回源确证
2026-09-23,001872,1998-09-07,-7.580,-7.480,-7.580,-7.510,,0.080,1.0500,2524,1744224.75,,AKSHARE,close_negative,主板,1993-1999,691.0558,全史负价（源侧缺陷）。OHLC 整体为负但列间比例自洽→疑似源历史段符号/量纲伪影，须回源确证
2026-09-23,001872,1998-09-08,-7.480,-7.450,-7.600,-7.580,,-0.070,-0.9300,2716,1878564.12,,AKSHARE,close_negative,主板,1993-1999,691.6657,全史负价（源侧缺陷）。OHLC 整体为负但列间比例自洽→疑似源历史段符号/量纲伪影，须回源确证
2026-09-23,001872,1998-09-09,-7.890,-7.230,-7.890,-7.290,,0.290,3.8300,10784,7824070.50,,AKSHARE,close_negative,主板,1993-1999,725.5258,全史负价（源侧缺陷）。OHLC 整体为负但列间比例自洽→疑似源历史段符号/量纲伪影，须回源确证
2026-09-23,001872,1998-09-10,-7.280,-7.160,-7.340,-7.240,,0.050,0.6900,8660,6435750.50,,AKSHARE,close_negative,主板,1993-1999,743.1583,全史负价（源侧缺陷）。OHLC 整体为负但列间比例自洽→疑似源历史段符号/量纲伪影，须回源确证
2026-09-23,001872,1998-09-11,-7.230,-7.220,-7.340,-7.250,,-0.010,-0.1400,4395,3249016.00,,AKSHARE,close_negative,主板,1993-1999,739.2528,全史负价（源侧缺陷）。OHLC 整体为负但列间比例自洽→疑似源历史段符号/量纲伪影，须回源确证
2026-09-23,001872,1998-09-14,-7.230,-7.040,-7.230,-7.150,,0.100,1.3800,6119,4668346.50,,AKSHARE,close_negative,主板,1993-1999,762.9264,全史负价（源侧缺陷）。OHLC 整体为负但列间比例自洽→疑似源历史段符号/量纲伪影，须回源确证
2026-09-23,001872,1998-09-15,-7.150,-7.100,-7.230,-7.220,,-0.070,-0.9800,4648,3485283.50,,AKSHARE,close_negative,主板,1993-1999,749.8458,全史负价（源侧缺陷）。OHLC 整体为负但列间比例自洽→疑似源历史段符号/量纲伪影，须回源确证
2026-09-23,001872,1998-09-16,-7.360,-7.210,-7.360,-7.220,,,,2991,2203552.50,,AKSHARE,close_negative,主板,1993-1999,736.7277,全史负价（源侧缺陷）。OHLC 整体为负但列间比例自洽→疑似源历史段符号/量纲伪影，须回源确证
2026-09-23,001872,1998-09-17,-7.220,-6.990,-7.300,-7.280,,-0.060,-0.8300,6185,4726378.50,,AKSHARE,close_negative,主板,1993-1999,764.1679,全史负价（源侧缺陷）。OHLC 整体为负但列间比例自洽→疑似源历史段符号/量纲伪影，须回源确证
2026-09-23,001872,1998-09-18,-7.290,-7.260,-7.420,-7.380,,-0.100,-1.3700,2807,2042437.75,,AKSHARE,close_negative,主板,1993-1999,727.623,全史负价（源侧缺陷）。OHLC 整体为负但列间比例自洽→疑似源历史段符号/量纲伪影，须回源确证
2026-09-23,001872,1998-09-21,-7.450,-7.280,-7.450,-7.320,,0.060,0.8100,1893,1357601.50,,AKSHARE,close_negative,主板,1993-1999,717.1693,全史负价（源侧缺陷）。OHLC 整体为负但列间比例自洽→疑似源历史段符号/量纲伪影，须回源确证
2026-09-23,001872,1998-09-22,-7.300,-7.290,-7.370,-7.360,,-0.040,-0.5500,1809,1308056.00,,AKSHARE,close_negative,主板,1993-1999,723.0824,全史负价（源侧缺陷）。OHLC 整体为负但列间比例自洽→疑似源历史段符号/量纲伪影，须回源确证
2026-09-23,001872,1998-09-23,-7.390,-7.290,-7.390,-7.340,,0.020,0.2700,1821,1324309.00,,AKSHARE,close_negative,主板,1993-1999,727.2427,全史负价（源侧缺陷）。OHLC 整体为负但列间比例自洽→疑似源历史段符号/量纲伪影，须回源确证
2026-09-23,001872,1998-09-24,-7.330,-7.150,-7.330,-7.320,,0.020,0.2700,5107,3806823.75,,AKSHARE,close_negative,主板,1993-1999,745.4129,全史负价（源侧缺陷）。OHLC 整体为负但列间比例自洽→疑似源历史段符号/量纲伪影，须回源确证
2026-09-23,001872,1998-09-25,-7.360,-7.220,-7.420,-7.230,,0.090,1.2300,3334,2452470.75,,AKSHARE,close_negative,主板,1993-1999,735.5941,全史负价（源侧缺陷）。OHLC 整体为负但列间比例自洽→疑似源历史段符号/量纲伪影，须回源确证
2026-09-23,001872,1998-09-28,-7.200,-6.950,-7.220,-7.070,,0.160,2.2100,10947,8516465.00,,AKSHARE,close_negative,主板,1993-1999,777.9725,全史负价（源侧缺陷）。OHLC 整体为负但列间比例自洽→疑似源历史段符号/量纲伪影，须回源确证
2026-09-23,001872,1998-09-29,-7.070,-7.020,-7.160,-7.140,,-0.070,-0.9900,3738,2879380.25,,AKSHARE,close_negative,主板,1993-1999,770.2997,全史负价（源侧缺陷）。OHLC 整体为负但列间比例自洽→疑似源历史段符号/量纲伪影，须回源确证
2026-09-23,001872,1998-09-30,-7.130,-7.040,-7.150,-7.100,,0.040,0.5600,2845,2193861.00,,AKSHARE,close_negative,主板,1993-1999,771.1286,全史负价（源侧缺陷）。OHLC 整体为负但列间比例自洽→疑似源历史段符号/量纲伪影，须回源确证
2026-09-23,001872,1998-10-05,-7.070,-6.990,-7.070,-7.000,,0.100,1.4100,4486,3524072.00,,AKSHARE,close_negative,主板,1993-1999,785.5711,全史负价（源侧缺陷）。OHLC 整体为负但列间比例自洽→疑似源历史段符号/量纲伪影，须回源确证
2026-09-23,001872,1998-10-06,-7.000,-7.000,-7.210,-7.180,,-0.180,-2.5700,2736,2098478.00,,AKSHARE,close_negative,主板,1993-1999,766.9876,全史负价（源侧缺陷）。OHLC 整体为负但列间比例自洽→疑似源历史段符号/量纲伪影，须回源确证
2026-09-23,001872,1998-10-07,-7.240,-7.180,-7.310,-7.290,,-0.110,-1.5300,2619,1939307.50,,AKSHARE,close_negative,主板,1993-1999,740.4763,全史负价（源侧缺陷）。OHLC 整体为负但列间比例自洽→疑似源历史段符号/量纲伪影，须回源确证
2026-09-23,001872,1998-10-08,-7.290,-7.200,-7.290,-7.210,,0.080,1.1000,1890,1409404.88,,AKSHARE,close_negative,主板,1993-1999,745.7169,全史负价（源侧缺陷）。OHLC 整体为负但列间比例自洽→疑似源历史段符号/量纲伪影，须回源确证
2026-09-23,001872,1998-10-09,-7.200,-7.140,-7.230,-7.210,,,,1567,1177838.75,,AKSHARE,close_negative,主板,1993-1999,751.652,全史负价（源侧缺陷）。OHLC 整体为负但列间比例自洽→疑似源历史段符号/量纲伪影，须回源确证
2026-09-23,001872,1998-10-12,-7.220,-7.100,-7.290,-7.140,,0.070,0.9700,2289,1708885.25,,AKSHARE,close_negative,主板,1993-1999,746.5641,全史负价（源侧缺陷）。OHLC 整体为负但列间比例自洽→疑似源历史段符号/量纲伪影，须回源确证
2026-09-23,001872,1998-10-13,-7.120,-7.070,-7.200,-7.170,,-0.030,-0.4200,2503,1916001.12,,AKSHARE,close_negative,主板,1993-1999,765.4819,全史负价（源侧缺陷）。OHLC 整体为负但列间比例自洽→疑似源历史段符号/量纲伪影，须回源确证
2026-09-23,001872,1998-10-14,-7.210,-7.160,-7.260,-7.230,,-0.060,-0.8400,1811,1350648.62,,AKSHARE,close_negative,主板,1993-1999,745.8027,全史负价（源侧缺陷）。OHLC 整体为负但列间比例自洽→疑似源历史段符号/量纲伪影，须回源确证
2026-09-23,001872,1998-10-15,-7.250,-7.150,-7.250,-7.160,,0.070,0.9700,2322,1744381.88,,AKSHARE,close_negative,主板,1993-1999,751.2411,全史负价（源侧缺陷）。OHLC 整体为负但列间比例自洽→疑似源历史段符号/量纲伪影，须回源确证
2026-09-23,001872,1998-10-16,-7.140,-7.060,-7.180,-7.110,,0.050,0.7000,4404,3375663.50,,AKSHARE,close_negative,主板,1993-1999,766.4994,全史负价（源侧缺陷）。OHLC 整体为负但列间比例自洽→疑似源历史段符号/量纲伪影，须回源确证
2026-09-23,001872,1998-10-19,-7.100,-7.000,-7.100,-7.040,,0.070,0.9800,5768,4500003.50,,AKSHARE,close_negative,主板,1993-1999,780.167,全史负价（源侧缺陷）。OHLC 整体为负但列间比例自洽→疑似源历史段符号/量纲伪影，须回源确证
2026-09-23,001872,1998-10-20,-7.040,-7.010,-7.200,-7.180,,-0.140,-1.9900,2761,2116313.50,,AKSHARE,close_negative,主板,1993-1999,766.5025,全史负价（源侧缺陷）。OHLC 整体为负但列间比例自洽→疑似源历史段符号/量纲伪影，须回源确证
2026-09-23,001872,1998-10-21,-7.210,-7.180,-7.360,-7.350,,-0.170,-2.3700,4716,3457611.50,,AKSHARE,close_negative,主板,1993-1999,733.1661,全史负价（源侧缺陷）。OHLC 整体为负但列间比例自洽→疑似源历史段符号/量纲伪影，须回源确证
2026-09-23,001872,1998-10-22,-7.500,-7.310,-7.500,-7.360,,-0.010,-0.1400,3610,2583118.00,,AKSHARE,close_negative,主板,1993-1999,715.5452,全史负价（源侧缺陷）。OHLC 整体为负但列间比例自洽→疑似源历史段符号/量纲伪影，须回源确证
2026-09-23,001872,1998-10-23,-7.320,-7.290,-7.380,-7.370,,-0.010,-0.1400,2081,1512278.88,,AKSHARE,close_negative,主板,1993-1999,726.7078,全史负价（源侧缺陷）。OHLC 整体为负但列间比例自洽→疑似源历史段符号/量纲伪影，须回源确证
2026-09-23,001872,1998-10-26,-7.570,-7.390,-7.570,-7.440,,-0.070,-0.9500,2459,1726019.12,,AKSHARE,close_negative,主板,1993-1999,701.9191,全史负价（源侧缺陷）。OHLC 整体为负但列间比例自洽→疑似源历史段符号/量纲伪影，须回源确证
2026-09-23,001872,1998-10-27,-7.440,-7.310,-7.480,-7.380,,0.060,0.8100,2038,1460582.75,,AKSHARE,close_negative,主板,1993-1999,716.6746,全史负价（源侧缺陷）。OHLC 整体为负但列间比例自洽→疑似源历史段符号/量纲伪影，须回源确证
2026-09-23,001872,1998-10-28,-7.370,-7.230,-7.370,-7.250,,0.130,1.7600,3136,2300401.75,,AKSHARE,close_negative,主板,1993-1999,733.5465,全史负价（源侧缺陷）。OHLC 整体为负但列间比例自洽→疑似源历史段符号/量纲伪影，须回源确证
2026-09-23,001872,1998-10-29,-7.250,-7.100,-7.320,-7.130,,0.120,1.6600,5606,4218434.00,,AKSHARE,close_negative,主板,1993-1999,752.4856,全史负价（源侧缺陷）。OHLC 整体为负但列间比例自洽→疑似源历史段符号/量纲伪影，须回源确证
2026-09-23,001872,1998-10-30,-7.100,-6.830,-7.100,-7.040,,0.090,1.2600,24381,19404410.00,,AKSHARE,close_negative,主板,1993-1999,795.8824,全史负价（源侧缺陷）。OHLC 整体为负但列间比例自洽→疑似源历史段符号/量纲伪影，须回源确证
2026-09-23,001872,1998-11-02,-7.070,-6.920,-7.110,-6.940,,0.100,1.4200,11527,9160595.00,,AKSHARE,close_negative,主板,1993-1999,794.7076,全史负价（源侧缺陷）。OHLC 整体为负但列间比例自洽→疑似源历史段符号/量纲伪影，须回源确证
2026-09-23,001872,1998-11-03,-6.940,-6.890,-7.040,-7.020,,-0.080,-1.1500,5206,4095667.25,,AKSHARE,close_negative,主板,1993-1999,786.7206,全史负价（源侧缺陷）。OHLC 整体为负但列间比例自洽→疑似源历史段符号/量纲伪影，须回源确证
2026-09-23,001872,1998-11-04,-7.020,-6.950,-7.130,-7.030,,-0.010,-0.1400,5014,3902921.75,,AKSHARE,close_negative,主板,1993-1999,778.4048,全史负价（源侧缺陷）。OHLC 整体为负但列间比例自洽→疑似源历史段符号/量纲伪影，须回源确证
2026-09-23,001872,1998-11-05,-7.020,-6.730,-7.030,-6.770,,0.260,3.7000,20060,16522409.00,,AKSHARE,close_negative,主板,1993-1999,823.6495,全史负价（源侧缺陷）。OHLC 整体为负但列间比例自洽→疑似源历史段符号/量纲伪影，须回源确证
2026-09-23,001872,1998-11-06,-6.750,-6.740,-6.880,-6.860,,-0.090,-1.3300,8560,7014355.50,,AKSHARE,close_negative,主板,1993-1999,819.4341,全史负价（源侧缺陷）。OHLC 整体为负但列间比例自洽→疑似源历史段符号/量纲伪影，须回源确证
2026-09-23,001872,1998-11-09,-6.880,-6.750,-6.880,-6.800,,0.060,0.8700,6002,4924831.00,,AKSHARE,close_negative,主板,1993-1999,820.5317,全史负价（源侧缺陷）。OHLC 整体为负但列间比例自洽→疑似源历史段符号/量纲伪影，须回源确证
2026-09-23,001872,1998-11-10,-6.800,-6.780,-6.940,-6.890,,-0.090,-1.3200,5291,4281231.00,,AKSHARE,close_negative,主板,1993-1999,809.1535,全史负价（源侧缺陷）。OHLC 整体为负但列间比例自洽→疑似源历史段符号/量纲伪影，须回源确证
2026-09-23,001872,1998-11-11,-6.910,-6.860,-6.990,-6.870,,0.020,0.2900,5432,4346887.00,,AKSHARE,close_negative,主板,1993-1999,800.2369,全史负价（源侧缺陷）。OHLC 整体为负但列间比例自洽→疑似源历史段符号/量纲伪影，须回源确证
2026-09-23,001872,1998-11-12,-6.840,-6.520,-6.920,-6.690,,0.180,2.6200,14079,11890936.00,,AKSHARE,close_negative,主板,1993-1999,844.5867,全史负价（源侧缺陷）。OHLC 整体为负但列间比例自洽→疑似源历史段符号/量纲伪影，须回源确证
2026-09-23,001872,1998-11-13,-6.720,-6.720,-6.860,-6.810,,-0.120,-1.7900,5777,4766087.00,,AKSHARE,close_negative,主板,1993-1999,825.0107,全史负价（源侧缺陷）。OHLC 整体为负但列间比例自洽→疑似源历史段符号/量纲伪影，须回源确证
2026-09-23,001872,1998-11-16,-6.820,-6.820,-6.870,-6.820,,-0.010,-0.1500,4330,3539896.00,,AKSHARE,close_negative,主板,1993-1999,817.5279,全史负价（源侧缺陷）。OHLC 整体为负但列间比例自洽→疑似源历史段符号/量纲伪影，须回源确证
2026-09-23,001872,1998-11-17,-6.730,-6.730,-6.910,-6.880,,-0.060,-0.8800,3880,3159170.00,,AKSHARE,close_negative,主板,1993-1999,814.2191,全史负价（源侧缺陷）。OHLC 整体为负但列间比例自洽→疑似源历史段符号/量纲伪影，须回源确证
2026-09-23,001872,1998-11-18,-6.900,-6.860,-6.940,-6.930,,-0.050,-0.7300,3865,3112412.25,,AKSHARE,close_negative,主板,1993-1999,805.2813,全史负价（源侧缺陷）。OHLC 整体为负但列间比例自洽→疑似源历史段符号/量纲伪影，须回源确证
2026-09-23,001872,1998-11-19,-6.940,-6.940,-7.020,-6.990,,-0.060,-0.8700,3998,3172696.00,,AKSHARE,close_negative,主板,1993-1999,793.5708,全史负价（源侧缺陷）。OHLC 整体为负但列间比例自洽→疑似源历史段符号/量纲伪影，须回源确证
2026-09-23,001872,1998-11-20,-6.990,-6.940,-7.020,-7.000,,-0.010,-0.1400,2247,1778926.62,,AKSHARE,close_negative,主板,1993-1999,791.6896,全史负价（源侧缺陷）。OHLC 整体为负但列间比例自洽→疑似源历史段符号/量纲伪影，须回源确证
2026-09-23,001872,1998-11-23,-7.000,-6.940,-7.040,-6.960,,0.040,0.5700,2059,1618173.50,,AKSHARE,close_negative,主板,1993-1999,785.9026,全史负价（源侧缺陷）。OHLC 整体为负但列间比例自洽→疑似源历史段符号/量纲伪影，须回源确证
2026-09-23,001872,1998-11-24,-6.940,-6.890,-6.990,-6.960,,,,1483,1185314.50,,AKSHARE,close_negative,主板,1993-1999,799.268,全史负价（源侧缺陷）。OHLC 整体为负但列间比例自洽→疑似源历史段符号/量纲伪影，须回源确证
2026-09-23,001872,1998-11-25,-6.960,-6.960,-7.060,-7.050,,-0.090,-1.2900,2011,1577314.00,,AKSHARE,close_negative,主板,1993-1999,784.3431,全史负价（源侧缺陷）。OHLC 整体为负但列间比例自洽→疑似源历史段符号/量纲伪影，须回源确证
2026-09-23,001872,1998-11-26,-7.070,-7.020,-7.150,-7.140,,-0.090,-1.2800,2439,1874542.75,,AKSHARE,close_negative,主板,1993-1999,768.5702,全史负价（源侧缺陷）。OHLC 整体为负但列间比例自洽→疑似源历史段符号/量纲伪影，须回源确证
2026-09-23,001872,1998-11-27,-7.100,-7.040,-7.220,-7.210,,-0.070,-0.9800,1890,1441236.00,,AKSHARE,close_negative,主板,1993-1999,762.5587,全史负价（源侧缺陷）。OHLC 整体为负但列间比例自洽→疑似源历史段符号/量纲伪影，须回源确证
2026-09-23,001872,1998-11-30,-7.270,-7.210,-7.290,-7.250,,-0.040,-0.5500,1853,1374435.88,,AKSHARE,close_negative,主板,1993-1999,741.7355,全史负价（源侧缺陷）。OHLC 整体为负但列间比例自洽→疑似源历史段符号/量纲伪影，须回源确证
2026-09-23,001872,1998-12-01,-7.250,-7.210,-7.280,-7.280,,-0.030,-0.4100,1747,1297413.00,,AKSHARE,close_negative,主板,1993-1999,742.652,全史负价（源侧缺陷）。OHLC 整体为负但列间比例自洽→疑似源历史段符号/量纲伪影，须回源确证
2026-09-23,001872,1998-12-02,-7.280,-7.280,-7.340,-7.290,,-0.010,-0.1400,1785,1303449.25,,AKSHARE,close_negative,主板,1993-1999,730.2237,全史负价（源侧缺陷）。OHLC 整体为负但列间比例自洽→疑似源历史段符号/量纲伪影，须回源确证
2026-09-23,001872,1998-12-03,-7.160,-7.150,-7.290,-7.270,,0.020,0.2700,1256,928508.44,,AKSHARE,close_negative,主板,1993-1999,739.2583,全史负价（源侧缺陷）。OHLC 整体为负但列间比例自洽→疑似源历史段符号/量纲伪影，须回源确证
2026-09-23,001872,1998-12-04,-7.270,-7.220,-7.340,-7.330,,-0.060,-0.8300,1045,764170.00,,AKSHARE,close_negative,主板,1993-1999,731.2632,全史负价（源侧缺陷）。OHLC 整体为负但列间比例自洽→疑似源历史段符号/量纲伪影，须回源确证
2026-09-23,001872,1998-12-07,-7.220,-7.220,-7.440,-7.440,,-0.110,-1.5000,1532,1108901.75,,AKSHARE,close_negative,主板,1993-1999,723.8262,全史负价（源侧缺陷）。OHLC 整体为负但列间比例自洽→疑似源历史段符号/量纲伪影，须回源确证
2026-09-23,001872,1998-12-08,-7.440,-7.340,-7.440,-7.370,,0.070,0.9400,1300,929999.81,,AKSHARE,close_negative,主板,1993-1999,715.3845,全史负价（源侧缺陷）。OHLC 整体为负但列间比例自洽→疑似源历史段符号/量纲伪影，须回源确证
2026-09-23,001872,1998-12-09,-7.220,-7.220,-7.370,-7.320,,0.050,0.6800,708,515107.09,,AKSHARE,close_negative,主板,1993-1999,727.5524,全史负价（源侧缺陷）。OHLC 整体为负但列间比例自洽→疑似源历史段符号/量纲伪影，须回源确证
2026-09-23,001872,1998-12-10,-7.350,-7.340,-7.450,-7.440,,-0.120,-1.6400,997,711185.81,,AKSHARE,close_negative,主板,1993-1999,713.3258,全史负价（源侧缺陷）。OHLC 整体为负但列间比例自洽→疑似源历史段符号/量纲伪影，须回源确证
2026-09-23,001872,1998-12-11,-7.480,-7.370,-7.490,-7.370,,0.070,0.9400,1479,1041408.12,,AKSHARE,close_negative,主板,1993-1999,704.1299,全史负价（源侧缺陷）。OHLC 整体为负但列间比例自洽→疑似源历史段符号/量纲伪影，须回源确证
2026-09-23,001872,1998-12-14,-7.420,-7.420,-7.480,-7.480,,-0.110,-1.4900,1362,959733.81,,AKSHARE,close_negative,主板,1993-1999,704.6504,全史负价（源侧缺陷）。OHLC 整体为负但列间比例自洽→疑似源历史段符号/量纲伪影，须回源确证
2026-09-23,001872,1998-12-15,-7.480,-7.420,-7.530,-7.420,,0.060,0.8000,1404,983245.31,,AKSHARE,close_negative,主板,1993-1999,700.3172,全史负价（源侧缺陷）。OHLC 整体为负但列间比例自洽→疑似源历史段符号/量纲伪影，须回源确证
2026-09-23,001872,1998-12-16,-7.430,-7.430,-7.490,-7.480,,-0.060,-0.8100,897,629877.75,,AKSHARE,close_negative,主板,1993-1999,702.2048,全史负价（源侧缺陷）。OHLC 整体为负但列间比例自洽→疑似源历史段符号/量纲伪影，须回源确证
2026-09-23,001872,1998-12-17,-7.500,-7.500,-7.630,-7.620,,-0.140,-1.8700,2159,1468074.88,,AKSHARE,close_negative,主板,1993-1999,679.9791,全史负价（源侧缺陷）。OHLC 整体为负但列间比例自洽→疑似源历史段符号/量纲伪影，须回源确证
2026-09-23,001872,1998-12-18,-7.630,-7.500,-7.640,-7.610,,0.010,0.1300,1325,900579.25,,AKSHARE,close_negative,主板,1993-1999,679.6825,全史负价（源侧缺陷）。OHLC 整体为负但列间比例自洽→疑似源历史段符号/量纲伪影，须回源确证
2026-09-23,001872,1998-12-21,-7.590,-7.590,-7.670,-7.640,,-0.030,-0.3900,1021,684436.88,,AKSHARE,close_negative,主板,1993-1999,670.3593,全史负价（源侧缺陷）。OHLC 整体为负但列间比例自洽→疑似源历史段符号/量纲伪影，须回源确证
2026-09-23,001872,1998-12-22,-7.640,-7.480,-7.660,-7.480,,0.160,2.0900,1818,1248228.25,,AKSHARE,close_negative,主板,1993-1999,686.5942,全史负价（源侧缺陷）。OHLC 整体为负但列间比例自洽→疑似源历史段符号/量纲伪影，须回源确证
2026-09-23,001872,1998-12-23,-7.480,-7.270,-7.530,-7.390,,0.090,1.2000,4077,2930014.75,,AKSHARE,close_negative,主板,1993-1999,718.6693,全史负价（源侧缺陷）。OHLC 整体为负但列间比例自洽→疑似源历史段符号/量纲伪影，须回源确证
2026-09-23,001872,1998-12-24,-7.410,-7.410,-7.530,-7.490,,-0.100,-1.3500,1867,1304123.88,,AKSHARE,close_negative,主板,1993-1999,698.5131,全史负价（源侧缺陷）。OHLC 整体为负但列间比例自洽→疑似源历史段符号/量纲伪影，须回源确证
2026-09-23,001872,1998-12-25,-7.480,-7.420,-7.530,-7.500,,-0.010,-0.1300,819,576118.75,,AKSHARE,close_negative,主板,1993-1999,703.4417,全史负价（源侧缺陷）。OHLC 整体为负但列间比例自洽→疑似源历史段符号/量纲伪影，须回源确证
2026-09-23,001872,1998-12-28,-7.490,-7.480,-7.580,-7.570,,-0.070,-0.9300,1152,794018.81,,AKSHARE,close_negative,主板,1993-1999,689.2524,全史负价（源侧缺陷）。OHLC 整体为负但列间比例自洽→疑似源历史段符号/量纲伪影，须回源确证
2026-09-23,001872,1998-12-29,-7.600,-7.570,-7.630,-7.600,,-0.030,-0.4000,997,674685.81,,AKSHARE,close_negative,主板,1993-1999,676.716,全史负价（源侧缺陷）。OHLC 整体为负但列间比例自洽→疑似源历史段符号/量纲伪影，须回源确证
2026-09-23,001872,1998-12-30,-7.600,-7.530,-7.690,-7.590,,0.010,0.1300,1886,1259503.50,,AKSHARE,close_negative,主板,1993-1999,667.8173,全史负价（源侧缺陷）。OHLC 整体为负但列间比例自洽→疑似源历史段符号/量纲伪影，须回源确证
2026-09-23,001872,1998-12-31,-7.580,-7.570,-7.700,-7.690,,-0.100,-1.3200,1089,729456.94,,AKSHARE,close_negative,主板,1993-1999,669.8411,全史负价（源侧缺陷）。OHLC 整体为负但列间比例自洽→疑似源历史段符号/量纲伪影，须回源确证
2026-09-23,001872,1999-01-04,-7.690,-7.650,-7.730,-7.730,,-0.040,-0.5200,774,510127.00,,AKSHARE,close_negative,主板,1993-1999,659.0788,全史负价（源侧缺陷）。OHLC 整体为负但列间比例自洽→疑似源历史段符号/量纲伪影，须回源确证
2026-09-23,001872,1999-01-05,-7.640,-7.640,-7.820,-7.670,,0.060,0.7800,1228,801457.56,,AKSHARE,close_negative,主板,1993-1999,652.6527,全史负价（源侧缺陷）。OHLC 整体为负但列间比例自洽→疑似源历史段符号/量纲伪影，须回源确证
2026-09-23,001872,1999-01-06,-7.670,-7.610,-7.740,-7.670,,,,1008,671682.50,,AKSHARE,close_negative,主板,1993-1999,666.3517,全史负价（源侧缺陷）。OHLC 整体为负但列间比例自洽→疑似源历史段符号/量纲伪影，须回源确证
2026-09-23,001872,1999-01-07,-7.690,-7.640,-7.700,-7.680,,-0.010,-0.1300,1141,754517.00,,AKSHARE,close_negative,主板,1993-1999,661.277,全史负价（源侧缺陷）。OHLC 整体为负但列间比例自洽→疑似源历史段符号/量纲伪影，须回源确证
2026-09-23,001872,1999-01-08,-7.690,-7.500,-7.690,-7.530,,0.150,1.9500,2024,1385190.38,,AKSHARE,close_negative,主板,1993-1999,684.3826,全史负价（源侧缺陷）。OHLC 整体为负但列间比例自洽→疑似源历史段符号/量纲伪影，须回源确证
2026-09-23,001872,1999-01-11,-7.530,-7.500,-7.620,-7.520,,0.010,0.1300,1357,927815.12,,AKSHARE,close_negative,主板,1993-1999,683.7252,全史负价（源侧缺陷）。OHLC 整体为负但列间比例自洽→疑似源历史段符号/量纲伪影，须回源确证
2026-09-23,001872,1999-01-12,-7.480,-7.480,-7.640,-7.630,,-0.110,-1.4600,1026,697470.19,,AKSHARE,close_negative,主板,1993-1999,679.7955,全史负价（源侧缺陷）。OHLC 整体为负但列间比例自洽→疑似源历史段符号/量纲伪影，须回源确证
2026-09-23,001872,1999-01-13,-7.690,-7.640,-7.690,-7.680,,-0.050,-0.6600,972,646090.00,,AKSHARE,close_negative,主板,1993-1999,664.7016,全史负价（源侧缺陷）。OHLC 整体为负但列间比例自洽→疑似源历史段符号/量纲伪影，须回源确证
2026-09-23,001872,1999-01-14,-7.730,-7.620,-7.740,-7.670,,0.010,0.1300,770,509870.12,,AKSHARE,close_negative,主板,1993-1999,662.169,全史负价（源侧缺陷）。OHLC 整体为负但列间比例自洽→疑似源历史段符号/量纲伪影，须回源确证
2026-09-23,001872,1999-01-15,-7.670,-7.590,-7.800,-7.790,,-0.120,-1.5600,1484,966959.19,,AKSHARE,close_negative,主板,1993-1999,651.5898,全史负价（源侧缺陷）。OHLC 整体为负但列间比例自洽→疑似源历史段符号/量纲伪影，须回源确证
2026-09-23,001872,1999-01-18,-7.800,-7.800,-8.000,-7.870,,-0.080,-1.0300,2790,1722836.12,,AKSHARE,close_negative,主板,1993-1999,617.504,全史负价（源侧缺陷）。OHLC 整体为负但列间比例自洽→疑似源历史段符号/量纲伪影，须回源确证
2026-09-23,001872,1999-01-19,-7.820,-7.810,-7.860,-7.820,,0.050,0.6400,1513,956997.50,,AKSHARE,close_negative,主板,1993-1999,632.5165,全史负价（源侧缺陷）。OHLC 整体为负但列间比例自洽→疑似源历史段符号/量纲伪影，须回源确证
2026-09-23,001872,1999-01-20,-7.820,-7.790,-7.910,-7.860,,-0.040,-0.5100,861,544860.31,,AKSHARE,close_negative,主板,1993-1999,632.8227,全史负价（源侧缺陷）。OHLC 整体为负但列间比例自洽→疑似源历史段符号/量纲伪影，须回源确证
2026-09-23,001872,1999-01-21,-7.840,-7.790,-7.850,-7.800,,0.060,0.7600,1030,654058.50,,AKSHARE,close_negative,主板,1993-1999,635.0083,全史负价（源侧缺陷）。OHLC 整体为负但列间比例自洽→疑似源历史段符号/量纲伪影，须回源确证
2026-09-23,001872,1999-01-22,-7.790,-7.740,-7.820,-7.800,,,,943,606633.62,,AKSHARE,close_negative,主板,1993-1999,643.3018,全史负价（源侧缺陷）。OHLC 整体为负但列间比例自洽→疑似源历史段符号/量纲伪影，须回源确证
2026-09-23,001872,1999-01-25,-7.850,-7.800,-7.850,-7.840,,-0.040,-0.5100,1210,766680.00,,AKSHARE,close_negative,主板,1993-1999,633.6198,全史负价（源侧缺陷）。OHLC 整体为负但列间比例自洽→疑似源历史段符号/量纲伪影，须回源确证
2026-09-23,001872,1999-01-26,-7.870,-7.850,-7.910,-7.880,,-0.040,-0.5100,1150,718978.62,,AKSHARE,close_negative,主板,1993-1999,625.1988,全史负价（源侧缺陷）。OHLC 整体为负但列间比例自洽→疑似源历史段符号/量纲伪影，须回源确证
2026-09-23,001872,1999-01-27,-7.880,-7.700,-7.880,-7.700,,0.180,2.2800,2974,1929047.75,,AKSHARE,close_negative,主板,1993-1999,648.6374,全史负价（源侧缺陷）。OHLC 整体为负但列间比例自洽→疑似源历史段符号/量纲伪影，须回源确证
2026-09-23,001872,1999-01-28,-7.680,-7.680,-7.790,-7.770,,-0.070,-0.9100,1561,1015301.81,,AKSHARE,close_negative,主板,1993-1999,650.4176,全史负价（源侧缺陷）。OHLC 整体为负但列间比例自洽→疑似源历史段符号/量纲伪影，须回源确证
2026-09-23,001872,1999-01-29,-7.810,-7.770,-7.880,-7.780,,-0.010,-0.1300,1217,773854.12,,AKSHARE,close_negative,主板,1993-1999,635.8703,全史负价（源侧缺陷）。OHLC 整体为负但列间比例自洽→疑似源历史段符号/量纲伪影，须回源确证
2026-09-23,001872,1999-02-01,-7.850,-7.720,-7.860,-7.740,,0.040,0.5100,1203,776026.44,,AKSHARE,close_negative,主板,1993-1999,645.076,全史负价（源侧缺陷）。OHLC 整体为负但列间比例自洽→疑似源历史段符号/量纲伪影，须回源确证
2026-09-23,001872,1999-02-02,-7.760,-7.740,-7.820,-7.800,,-0.060,-0.7800,855,550262.00,,AKSHARE,close_negative,主板,1993-1999,643.5813,全史负价（源侧缺陷）。OHLC 整体为负但列间比例自洽→疑似源历史段符号/量纲伪影，须回源确证
2026-09-23,001872,1999-02-03,-7.790,-7.710,-7.820,-7.750,,0.050,0.6400,1403,910044.00,,AKSHARE,close_negative,主板,1993-1999,648.6415,全史负价（源侧缺陷）。OHLC 整体为负但列间比例自洽→疑似源历史段符号/量纲伪影，须回源确证
2026-09-23,001872,1999-02-04,-7.750,-7.750,-7.880,-7.850,,-0.100,-1.2900,1167,742511.69,,AKSHARE,close_negative,主板,1993-1999,636.2568,全史负价（源侧缺陷）。OHLC 整体为负但列间比例自洽→疑似源历史段符号/量纲伪影，须回源确证
2026-09-23,001872,1999-02-05,-7.880,-7.860,-7.990,-7.960,,-0.110,-1.4000,1492,917041.25,,AKSHARE,close_negative,主板,1993-1999,614.6389,全史负价（源侧缺陷）。OHLC 整体为负但列间比例自洽→疑似源历史段符号/量纲伪影，须回源确证
2026-09-23,001872,1999-02-08,-8.000,-7.920,-8.030,-8.030,,-0.070,-0.8800,1426,861959.00,,AKSHARE,close_negative,主板,1993-1999,604.4593,全史负价（源侧缺陷）。OHLC 整体为负但列间比例自洽→疑似源历史段符号/量纲伪影，须回源确证
2026-09-23,001872,1999-02-09,-8.020,-7.930,-8.020,-7.950,,0.080,1.0000,1008,611024.00,,AKSHARE,close_negative,主板,1993-1999,606.1746,全史负价（源侧缺陷）。OHLC 整体为负但列间比例自洽→疑似源历史段符号/量纲伪影，须回源确证
2026-09-23,001872,1999-03-01,-8.000,-7.880,-8.100,-7.890,,0.060,0.7500,885,538381.81,,AKSHARE,close_negative,主板,1993-1999,608.341,全史负价（源侧缺陷）。OHLC 整体为负但列间比例自洽→疑似源历史段符号/量纲伪影，须回源确证
2026-09-23,001872,1999-03-02,-7.920,-7.820,-7.930,-7.890,,,,856,532391.00,,AKSHARE,close_negative,主板,1993-1999,621.9521,全史负价（源侧缺陷）。OHLC 整体为负但列间比例自洽→疑似源历史段符号/量纲伪影，须回源确证
2026-09-23,001872,1999-03-03,-7.890,-7.720,-7.900,-7.730,,0.160,2.0300,2230,1430926.88,,AKSHARE,close_negative,主板,1993-1999,641.6712,全史负价（源侧缺陷）。OHLC 整体为负但列间比例自洽→疑似源历史段符号/量纲伪影，须回源确证
2026-09-23,001872,1999-03-04,-7.720,-7.720,-7.850,-7.750,,-0.020,-0.2600,1637,1053673.75,,AKSHARE,close_negative,主板,1993-1999,643.6614,全史负价（源侧缺陷）。OHLC 整体为负但列间比例自洽→疑似源历史段符号/量纲伪影，须回源确证
2026-09-23,001872,1999-03-05,-7.760,-7.530,-7.770,-7.630,,0.120,1.5500,4125,2770036.00,,AKSHARE,close_negative,主板,1993-1999,671.5239,全史负价（源侧缺陷）。OHLC 整体为负但列间比例自洽→疑似源历史段符号/量纲伪影，须回源确证
2026-09-23,001872,1999-03-08,-7.640,-7.600,-7.720,-7.630,,,,1641,1089771.75,,AKSHARE,close_negative,主板,1993-1999,664.09,全史负价（源侧缺陷）。OHLC 整体为负但列间比例自洽→疑似源历史段符号/量纲伪影，须回源确证
2026-09-23,001872,1999-03-09,-7.620,-7.600,-7.720,-7.700,,-0.070,-0.9200,2335,1557024.88,,AKSHARE,close_negative,主板,1993-1999,666.8201,全史负价（源侧缺陷）。OHLC 整体为负但列间比例自洽→疑似源历史段符号/量纲伪影，须回源确证
2026-09-23,001872,1999-03-10,-7.720,-7.660,-7.800,-7.700,,,,1524,992957.00,,AKSHARE,close_negative,主板,1993-1999,651.5466,全史负价（源侧缺陷）。OHLC 整体为负但列间比例自洽→疑似源历史段符号/量纲伪影，须回源确证
2026-09-23,001872,1999-03-11,-7.740,-7.510,-7.740,-7.550,,0.150,1.9500,4239,2892778.25,,AKSHARE,close_negative,主板,1993-1999,682.42,全史负价（源侧缺陷）。OHLC 整体为负但列间比例自洽→疑似源历史段符号/量纲伪影，须回源确证
2026-09-23,001872,1999-03-12,-7.550,-7.430,-7.560,-7.450,,0.100,1.3200,5293,3695494.75,,AKSHARE,close_negative,主板,1993-1999,698.1853,全史负价（源侧缺陷）。OHLC 整体为负但列间比例自洽→疑似源历史段符号/量纲伪影，须回源确证
2026-09-23,001872,1999-03-15,-7.420,-7.420,-7.520,-7.510,,-0.060,-0.8100,3553,2486246.50,,AKSHARE,close_negative,主板,1993-1999,699.7598,全史负价（源侧缺陷）。OHLC 整体为负但列间比例自洽→疑似源历史段符号/量纲伪影，须回源确证
2026-09-23,001872,1999-03-16,-7.480,-7.480,-7.600,-7.510,,,,2674,1832840.88,,AKSHARE,close_negative,主板,1993-1999,685.4304,全史负价（源侧缺陷）。OHLC 整体为负但列间比例自洽→疑似源历史段符号/量纲伪影，须回源确证
2026-09-23,001872,1999-03-17,-7.520,-7.500,-7.640,-7.640,,-0.130,-1.7300,2729,1873682.25,,AKSHARE,close_negative,主板,1993-1999,686.582,全史负价（源侧缺陷）。OHLC 整体为负但列间比例自洽→疑似源历史段符号/量纲伪影，须回源确证
2026-09-23,001872,1999-03-18,-7.640,-7.610,-7.710,-7.690,,-0.050,-0.6500,2758,1832433.00,,AKSHARE,close_negative,主板,1993-1999,664.4065,全史负价（源侧缺陷）。OHLC 整体为负但列间比例自洽→疑似源历史段符号/量纲伪影，须回源确证
2026-09-23,001872,1999-03-19,-7.690,-7.580,-7.690,-7.580,,0.110,1.4300,1473,984671.38,,AKSHARE,close_negative,主板,1993-1999,668.4802,全史负价（源侧缺陷）。OHLC 整体为负但列间比例自洽→疑似源历史段符号/量纲伪影，须回源确证
2026-09-23,001872,1999-03-22,-7.570,-7.530,-7.630,-7.630,,-0.050,-0.6600,1620,1095927.00,,AKSHARE,close_negative,主板,1993-1999,676.4981,全史负价（源侧缺陷）。OHLC 整体为负但列间比例自洽→疑似源历史段符号/量纲伪影，须回源确证
2026-09-23,001872,1999-03-23,-7.600,-7.530,-7.680,-7.560,,0.070,0.9200,1281,860226.12,,AKSHARE,close_negative,主板,1993-1999,671.527,全史负价（源侧缺陷）。OHLC 整体为负但列间比例自洽→疑似源历史段符号/量纲伪影，须回源确证
2026-09-23,001872,1999-03-24,-7.560,-7.560,-7.640,-7.610,,-0.050,-0.6600,1170,788607.00,,AKSHARE,close_negative,主板,1993-1999,674.0231,全史负价（源侧缺陷）。OHLC 整体为负但列间比例自洽→疑似源历史段符号/量纲伪影，须回源确证
2026-09-23,001872,1999-03-25,-7.660,-7.620,-7.660,-7.660,,-0.050,-0.6600,1176,787289.62,,AKSHARE,close_negative,主板,1993-1999,669.464,全史负价（源侧缺陷）。OHLC 整体为负但列间比例自洽→疑似源历史段符号/量纲伪影，须回源确证
2026-09-23,001872,1999-03-26,-7.640,-7.630,-7.660,-7.650,,0.010,0.1300,1504,1003190.00,,AKSHARE,close_negative,主板,1993-1999,667.0146,全史负价（源侧缺陷）。OHLC 整体为负但列间比例自洽→疑似源历史段符号/量纲伪影，须回源确证
2026-09-23,001872,1999-03-29,-7.650,-7.500,-7.650,-7.510,,0.140,1.8300,3948,2701132.50,,AKSHARE,close_negative,主板,1993-1999,684.1774,全史负价（源侧缺陷）。OHLC 整体为负但列间比例自洽→疑似源历史段符号/量纲伪影，须回源确证
2026-09-23,001872,1999-03-30,-7.480,-7.420,-7.540,-7.540,,-0.030,-0.4000,5720,3990383.00,,AKSHARE,close_negative,主板,1993-1999,697.6194,全史负价（源侧缺陷）。OHLC 整体为负但列间比例自洽→疑似源历史段符号/量纲伪影，须回源确证
2026-09-23,001872,1999-03-31,-7.530,-7.360,-7.530,-7.370,,0.170,2.2500,8397,5957657.00,,AKSHARE,close_negative,主板,1993-1999,709.4983,全史负价（源侧缺陷）。OHLC 整体为负但列间比例自洽→疑似源历史段符号/量纲伪影，须回源确证
2026-09-23,001872,1999-04-01,-7.340,-7.100,-7.350,-7.220,,0.150,2.0400,21807,16249592.00,,AKSHARE,close_negative,主板,1993-1999,745.1549,全史负价（源侧缺陷）。OHLC 整体为负但列间比例自洽→疑似源历史段符号/量纲伪影，须回源确证
2026-09-23,001872,1999-04-02,-7.230,-7.210,-7.310,-7.260,,-0.040,-0.5500,6976,5148819.50,,AKSHARE,close_negative,主板,1993-1999,738.0762,全史负价（源侧缺陷）。OHLC 整体为负但列间比例自洽→疑似源历史段符号/量纲伪影，须回源确证
2026-09-23,001872,1999-04-05,-7.250,-7.160,-7.290,-7.240,,0.020,0.2800,4054,3014334.75,,AKSHARE,close_negative,主板,1993-1999,743.5458,全史负价（源侧缺陷）。OHLC 整体为负但列间比例自洽→疑似源历史段符号/量纲伪影，须回源确证
2026-09-23,001872,1999-04-06,-7.240,-7.240,-7.340,-7.320,,-0.080,-1.1000,3461,2524835.50,,AKSHARE,close_negative,主板,1993-1999,729.5104,全史负价（源侧缺陷）。OHLC 整体为负但列间比例自洽→疑似源历史段符号/量纲伪影，须回源确证
2026-09-23,001872,1999-04-07,-7.340,-7.260,-7.370,-7.310,,0.010,0.1400,3599,2619162.00,,AKSHARE,close_negative,主板,1993-1999,727.7472,全史负价（源侧缺陷）。OHLC 整体为负但列间比例自洽→疑似源历史段符号/量纲伪影，须回源确证
2026-09-23,001872,1999-04-08,-7.290,-7.260,-7.360,-7.330,,-0.020,-0.2700,2052,1490491.00,,AKSHARE,close_negative,主板,1993-1999,726.3601,全史负价（源侧缺陷）。OHLC 整体为负但列间比例自洽→疑似源历史段符号/量纲伪影，须回源确证
2026-09-23,001872,1999-04-09,-7.360,-7.300,-7.360,-7.350,,-0.020,-0.2700,2870,2078111.50,,AKSHARE,close_negative,主板,1993-1999,724.0807,全史负价（源侧缺陷）。OHLC 整体为负但列间比例自洽→疑似源历史段符号/量纲伪影，须回源确证
2026-09-23,001872,1999-04-12,-7.360,-7.220,-7.480,-7.340,,0.010,0.1400,4699,3380791.00,,AKSHARE,close_negative,主板,1993-1999,719.4703,全史负价（源侧缺陷）。OHLC 整体为负但列间比例自洽→疑似源历史段符号/量纲伪影，须回源确证
2026-09-23,001872,1999-04-13,-7.370,-7.300,-7.420,-7.410,,-0.070,-0.9500,1827,1317118.50,,AKSHARE,close_negative,主板,1993-1999,720.9187,全史负价（源侧缺陷）。OHLC 整体为负但列间比例自洽→疑似源历史段符号/量纲伪影，须回源确证
2026-09-23,001872,1999-04-14,-7.410,-7.300,-7.420,-7.300,,0.110,1.4800,2733,1969150.62,,AKSHARE,close_negative,主板,1993-1999,720.5088,全史负价（源侧缺陷）。OHLC 整体为负但列间比例自洽→疑似源历史段符号/量纲伪影，须回源确证
2026-09-23,001872,1999-04-15,-7.290,-7.170,-7.350,-7.300,,,,7388,5485952.50,,AKSHARE,close_negative,主板,1993-1999,742.5491,全史负价（源侧缺陷）。OHLC 整体为负但列间比例自洽→疑似源历史段符号/量纲伪影，须回源确证
2026-09-23,001872,1999-04-16,-7.330,-7.320,-7.480,-7.470,,-0.170,-2.3300,3658,2601445.75,,AKSHARE,close_negative,主板,1993-1999,711.1661,全史负价（源侧缺陷）。OHLC 整体为负但列间比例自洽→疑似源历史段符号/量纲伪影，须回源确证
2026-09-23,001872,1999-04-19,-7.520,-7.490,-7.580,-7.550,,-0.080,-1.0700,3093,2129535.50,,AKSHARE,close_negative,主板,1993-1999,688.5016,全史负价（源侧缺陷）。OHLC 整体为负但列间比例自洽→疑似源历史段符号/量纲伪影，须回源确证
2026-09-23,001872,1999-04-20,-7.540,-7.490,-7.540,-7.490,,0.060,0.7900,2067,1432566.25,,AKSHARE,close_negative,主板,1993-1999,693.0654,全史负价（源侧缺陷）。OHLC 整体为负但列间比例自洽→疑似源历史段符号/量纲伪影，须回源确证
2026-09-23,001872,1999-04-21,-7.490,-7.450,-7.580,-7.560,,-0.070,-0.9300,2489,1729750.00,,AKSHARE,close_negative,主板,1993-1999,694.9578,全史负价（源侧缺陷）。OHLC 整体为负但列间比例自洽→疑似源历史段符号/量纲伪影，须回源确证
2026-09-23,001872,1999-04-22,-7.590,-7.590,-7.780,-7.620,,-0.060,-0.7900,3141,2081124.75,,AKSHARE,close_negative,主板,1993-1999,662.5676,全史负价（源侧缺陷）。OHLC 整体为负但列间比例自洽→疑似源历史段符号/量纲伪影，须回源确证
2026-09-23,001872,1999-04-23,-7.590,-7.420,-7.640,-7.450,,0.170,2.2300,3919,2721627.00,,AKSHARE,close_negative,主板,1993-1999,694.4698,全史负价（源侧缺陷）。OHLC 整体为负但列间比例自洽→疑似源历史段符号/量纲伪影，须回源确证
2026-09-23,001872,1999-04-26,-7.450,-7.410,-7.580,-7.560,,-0.110,-1.4800,2418,1682136.38,,AKSHARE,close_negative,主板,1993-1999,695.6726,全史负价（源侧缺陷）。OHLC 整体为负但列间比例自洽→疑似源历史段符号/量纲伪影，须回源确证
2026-09-23,001872,1999-04-27,-7.590,-7.310,-7.690,-7.540,,0.020,0.2600,2735,1879801.50,,AKSHARE,close_negative,主板,1993-1999,687.3132,全史负价（源侧缺陷）。OHLC 整体为负但列间比例自洽→疑似源历史段符号/量纲伪影，须回源确证
2026-09-23,001872,1999-04-28,-7.540,-7.420,-7.690,-7.660,,-0.120,-1.5900,2386,1604586.50,,AKSHARE,close_negative,主板,1993-1999,672.5006,全史负价（源侧缺陷）。OHLC 整体为负但列间比例自洽→疑似源历史段符号/量纲伪影，须回源确证
2026-09-23,001872,1999-04-29,-7.660,-7.580,-7.670,-7.590,,0.070,0.9100,1283,864472.94,,AKSHARE,close_negative,主板,1993-1999,673.7903,全史负价（源侧缺陷）。OHLC 整体为负但列间比例自洽→疑似源历史段符号/量纲伪影，须回源确证
2026-09-23,001872,1999-04-30,-7.590,-7.580,-7.640,-7.580,,0.010,0.1300,1710,1150307.62,,AKSHARE,close_negative,主板,1993-1999,672.6945,全史负价（源侧缺陷）。OHLC 整体为负但列间比例自洽→疑似源历史段符号/量纲伪影，须回源确证
2026-09-23,001872,1999-05-04,-7.520,-7.490,-7.690,-7.610,,-0.030,-0.4000,1861,1271634.12,,AKSHARE,close_negative,主板,1993-1999,683.3069,全史负价（源侧缺陷）。OHLC 整体为负但列间比例自洽→疑似源历史段符号/量纲伪影，须回源确证
2026-09-23,001872,1999-05-05,-7.680,-7.620,-7.690,-7.620,,-0.010,-0.1300,1062,706680.00,,AKSHARE,close_negative,主板,1993-1999,665.4237,全史负价（源侧缺陷）。OHLC 整体为负但列间比例自洽→疑似源历史段符号/量纲伪影，须回源确证
2026-09-23,001872,1999-05-06,-7.670,-7.590,-7.670,-7.600,,0.020,0.2600,1576,1054904.00,,AKSHARE,close_negative,主板,1993-1999,669.3553,全史负价（源侧缺陷）。OHLC 整体为负但列间比例自洽→疑似源历史段符号/量纲伪影，须回源确证
2026-09-23,001872,1999-05-07,-7.580,-7.580,-7.650,-7.640,,-0.040,-0.5300,1177,791357.44,,AKSHARE,close_negative,主板,1993-1999,672.3513,全史负价（源侧缺陷）。OHLC 整体为负但列间比例自洽→疑似源历史段符号/量纲伪影，须回源确证
2026-09-23,001872,1999-05-10,-7.770,-7.720,-7.960,-7.890,,-0.250,-3.2700,2414,1535424.00,,AKSHARE,close_negative,主板,1993-1999,636.0497,全史负价（源侧缺陷）。OHLC 整体为负但列间比例自洽→疑似源历史段符号/量纲伪影，须回源确证
2026-09-23,001872,1999-05-11,-7.910,-7.780,-7.910,-7.810,,0.080,1.0100,1890,1193470.00,,AKSHARE,close_negative,主板,1993-1999,631.4656,全史负价（源侧缺陷）。OHLC 整体为负但列间比例自洽→疑似源历史段符号/量纲伪影，须回源确证
2026-09-23,001872,1999-05-12,-7.790,-7.780,-7.860,-7.820,,-0.010,-0.1300,774,490966.69,,AKSHARE,close_negative,主板,1993-1999,634.3239,全史负价（源侧缺陷）。OHLC 整体为负但列间比例自洽→疑似源历史段符号/量纲伪影，须回源确证
2026-09-23,001872,1999-05-13,-7.860,-7.790,-7.880,-7.880,,-0.060,-0.7700,1001,629785.00,,AKSHARE,close_negative,主板,1993-1999,629.1558,全史负价（源侧缺陷）。OHLC 整体为负但列间比例自洽→疑似源历史段符号/量纲伪影，须回源确证
2026-09-23,001872,1999-05-14,-7.880,-7.820,-7.950,-7.950,,-0.070,-0.8900,1647,1015254.31,,AKSHARE,close_negative,主板,1993-1999,616.4264,全史负价（源侧缺陷）。OHLC 整体为负但列间比例自洽→疑似源历史段符号/量纲伪影，须回源确证
2026-09-23,001872,1999-05-17,-7.990,-7.920,-8.050,-7.970,,-0.020,-0.2500,1216,740198.69,,AKSHARE,close_negative,主板,1993-1999,608.716,全史负价（源侧缺陷）。OHLC 整体为负但列间比例自洽→疑似源历史段符号/量纲伪影，须回源确证
2026-09-23,001872,1999-05-18,-7.960,-7.890,-8.010,-8.010,,-0.040,-0.5000,1065,651243.00,,AKSHARE,close_negative,主板,1993-1999,611.4958,全史负价（源侧缺陷）。OHLC 整体为负但列间比例自洽→疑似源历史段符号/量纲伪影，须回源确证
2026-09-23,001872,1999-05-19,-8.000,-7.840,-8.010,-7.840,,0.170,2.1200,1782,1096714.50,,AKSHARE,close_negative,主板,1993-1999,615.4402,全史负价（源侧缺陷）。OHLC 整体为负但列间比例自洽→疑似源历史段符号/量纲伪影，须回源确证
2026-09-23,001872,1999-05-20,-7.810,-7.710,-7.900,-7.740,,0.100,1.2800,2832,1832450.25,,AKSHARE,close_negative,主板,1993-1999,647.0516,全史负价（源侧缺陷）。OHLC 整体为负但列间比例自洽→疑似源历史段符号/量纲伪影，须回源确证
2026-09-23,001872,1999-05-24,-7.640,-7.570,-7.740,-7.580,,0.160,2.0700,6384,4241632.00,,AKSHARE,close_negative,主板,1993-1999,664.416,全史负价（源侧缺陷）。OHLC 整体为负但列间比例自洽→疑似源历史段符号/量纲伪影，须回源确证
2026-09-23,001872,1999-05-25,-7.540,-7.440,-7.730,-7.710,,-0.130,-1.7200,4647,3178654.00,,AKSHARE,close_negative,主板,1993-1999,684.0228,全史负价（源侧缺陷）。OHLC 整体为负但列间比例自洽→疑似源历史段符号/量纲伪影，须回源确证
2026-09-23,001872,1999-05-26,-7.710,-7.500,-7.760,-7.530,,0.180,2.3300,5842,3968615.75,,AKSHARE,close_negative,主板,1993-1999,679.3248,全史负价（源侧缺陷）。OHLC 整体为负但列间比例自洽→疑似源历史段符号/量纲伪影，须回源确证
2026-09-23,001872,1999-05-27,-7.420,-7.370,-7.530,-7.370,,0.160,2.1200,10652,7496591.00,,AKSHARE,close_negative,主板,1993-1999,703.7731,全史负价（源侧缺陷）。OHLC 整体为负但列间比例自洽→疑似源历史段符号/量纲伪影，须回源确证
2026-09-23,001872,1999-05-28,-7.320,-7.320,-7.570,-7.500,,-0.130,-1.7600,5724,3987187.00,,AKSHARE,close_negative,主板,1993-1999,696.5735,全史负价（源侧缺陷）。OHLC 整体为负但列间比例自洽→疑似源历史段符号/量纲伪影，须回源确证
2026-09-23,001872,1999-05-31,-7.490,-7.370,-7.690,-7.530,,-0.030,-0.4000,6611,4609863.00,,AKSHARE,close_negative,主板,1993-1999,697.3019,全史负价（源侧缺陷）。OHLC 整体为负但列间比例自洽→疑似源历史段符号/量纲伪影，须回源确证
2026-09-23,001872,1999-06-01,-7.530,-7.480,-7.620,-7.500,,0.030,0.4000,5229,3594251.25,,AKSHARE,close_negative,主板,1993-1999,687.3688,全史负价（源侧缺陷）。OHLC 整体为负但列间比例自洽→疑似源历史段符号/量纲伪影，须回源确证
2026-09-23,001872,1999-06-02,-7.450,-7.410,-7.580,-7.560,,-0.060,-0.8000,7046,4911286.00,,AKSHARE,close_negative,主板,1993-1999,697.0318,全史负价（源侧缺陷）。OHLC 整体为负但列间比例自洽→疑似源历史段符号/量纲伪影，须回源确证
2026-09-23,001872,1999-06-03,-7.580,-7.520,-7.660,-7.600,,-0.040,-0.5300,3989,2713324.50,,AKSHARE,close_negative,主板,1993-1999,680.2017,全史负价（源侧缺陷）。OHLC 整体为负但列间比例自洽→疑似源历史段符号/量纲伪影，须回源确证
2026-09-23,001872,1999-06-04,-7.600,-7.290,-7.640,-7.360,,0.240,3.1600,16830,11959481.00,,AKSHARE,close_negative,主板,1993-1999,710.6049,全史负价（源侧缺陷）。OHLC 整体为负但列间比例自洽→疑似源历史段符号/量纲伪影，须回源确证
2026-09-23,001872,1999-06-07,-7.360,-7.280,-7.480,-7.310,,0.050,0.6800,11155,8053764.00,,AKSHARE,close_negative,主板,1993-1999,721.9869,全史负价（源侧缺陷）。OHLC 整体为负但列间比例自洽→疑似源历史段符号/量纲伪影，须回源确证
2026-09-23,001872,1999-06-08,-7.290,-7.050,-7.290,-7.140,,0.170,2.3300,28669,21804548.00,,AKSHARE,close_negative,主板,1993-1999,760.5619,全史负价（源侧缺陷）。OHLC 整体为负但列间比例自洽→疑似源历史段符号/量纲伪影，须回源确证
2026-09-23,001872,1999-06-09,-7.160,-6.910,-7.260,-7.010,,0.130,1.8200,23786,18612236.00,,AKSHARE,close_negative,主板,1993-1999,782.487,全史负价（源侧缺陷）。OHLC 整体为负但列间比例自洽→疑似源历史段符号/量纲伪影，须回源确证
2026-09-23,001872,1999-06-10,-6.930,-6.890,-7.100,-7.020,,-0.010,-0.1400,19640,15537994.00,,AKSHARE,close_negative,主板,1993-1999,791.1402,全史负价（源侧缺陷）。OHLC 整体为负但列间比例自洽→疑似源历史段符号/量纲伪影，须回源确证
2026-09-23,001872,1999-06-11,-7.030,-6.600,-7.080,-6.670,,0.350,4.9900,32011,26598790.00,,AKSHARE,close_negative,主板,1993-1999,830.9266,全史负价（源侧缺陷）。OHLC 整体为负但列间比例自洽→疑似源历史段符号/量纲伪影，须回源确证
2026-09-23,001872,1999-06-14,-6.610,-6.250,-6.640,-6.420,,0.250,3.7500,28683,25595072.00,,AKSHARE,close_negative,主板,1993-1999,892.3429,全史负价（源侧缺陷）。OHLC 整体为负但列间比例自洽→疑似源历史段符号/量纲伪影，须回源确证
2026-09-23,001872,1999-06-15,-6.370,-6.350,-6.900,-6.880,,-0.460,-7.1700,30777,26261342.00,,AKSHARE,close_negative,主板,1993-1999,853.2782,全史负价（源侧缺陷）。OHLC 整体为负但列间比例自洽→疑似源历史段符号/量纲伪影，须回源确证
2026-09-23,001872,1999-06-16,-6.880,-6.610,-6.990,-6.630,,0.250,3.6300,17491,14353571.00,,AKSHARE,close_negative,主板,1993-1999,820.6261,全史负价（源侧缺陷）。OHLC 整体为负但列间比例自洽→疑似源历史段符号/量纲伪影，须回源确证
2026-09-23,001872,1999-06-17,-6.610,-6.560,-6.830,-6.710,,-0.080,-1.2100,13656,11420803.00,,AKSHARE,close_negative,主板,1993-1999,836.3213,全史负价（源侧缺陷）。OHLC 整体为负但列间比例自洽→疑似源历史段符号/量纲伪影，须回源确证
2026-09-23,001872,1999-06-18,-6.730,-6.640,-6.800,-6.720,,-0.010,-0.1500,15168,12715159.00,,AKSHARE,close_negative,主板,1993-1999,838.2884,全史负价（源侧缺陷）。OHLC 整体为负但列间比例自洽→疑似源历史段符号/量纲伪影，须回源确证
2026-09-23,001872,1999-06-21,-6.720,-6.510,-6.750,-6.540,,0.180,2.6800,15510,13316033.00,,AKSHARE,close_negative,主板,1993-1999,858.545,全史负价（源侧缺陷）。OHLC 整体为负但列间比例自洽→疑似源历史段符号/量纲伪影，须回源确证
2026-09-23,001872,1999-06-22,-6.510,-6.210,-6.610,-6.270,,0.270,4.1300,26649,23824554.00,,AKSHARE,close_negative,主板,1993-1999,894.0131,全史负价（源侧缺陷）。OHLC 整体为负但列间比例自洽→疑似源历史段符号/量纲伪影，须回源确证
2026-09-23,001872,1999-06-23,-6.260,-6.240,-6.400,-6.290,,-0.020,-0.3200,20168,18388762.00,,AKSHARE,close_negative,主板,1993-1999,911.7792,全史负价（源侧缺陷）。OHLC 整体为负但列间比例自洽→疑似源历史段符号/量纲伪影，须回源确证
2026-09-23,001872,1999-06-24,-6.310,-6.240,-6.420,-6.320,,-0.030,-0.4800,20732,18855952.00,,AKSHARE,close_negative,主板,1993-1999,909.5096,全史负价（源侧缺陷）。OHLC 整体为负但列间比例自洽→疑似源历史段符号/量纲伪影，须回源确证
2026-09-23,001872,1999-06-25,-6.290,-6.130,-6.710,-6.660,,-0.340,-5.3800,28013,25501928.00,,AKSHARE,close_negative,主板,1993-1999,910.3605,全史负价（源侧缺陷）。OHLC 整体为负但列间比例自洽→疑似源历史段符号/量纲伪影，须回源确证
2026-09-23,001872,1999-06-28,-6.660,-6.380,-6.660,-6.390,,0.270,4.0500,18935,16677990.00,,AKSHARE,close_negative,主板,1993-1999,880.8022,全史负价（源侧缺陷）。OHLC 整体为负但列间比例自洽→疑似源历史段符号/量纲伪影，须回源确证
2026-09-23,001872,1999-06-29,-6.350,-6.290,-6.540,-6.420,,-0.030,-0.4700,18896,16883946.00,,AKSHARE,close_negative,主板,1993-1999,893.5196,全史负价（源侧缺陷）。OHLC 整体为负但列间比例自洽→疑似源历史段符号/量纲伪影，须回源确证
2026-09-23,001872,1999-06-30,-6.430,-6.400,-6.610,-6.570,,-0.150,-2.3400,15805,13831398.00,,AKSHARE,close_negative,主板,1993-1999,875.128,全史负价（源侧缺陷）。OHLC 整体为负但列间比例自洽→疑似源历史段符号/量纲伪影，须回源确证
2026-09-23,001872,1999-07-01,-6.560,-6.560,-7.040,-7.040,,-0.470,-7.1500,10576,8562329.00,,AKSHARE,close_negative,主板,1993-1999,809.5999,全史负价（源侧缺陷）。OHLC 整体为负但列间比例自洽→疑似源历史段符号/量纲伪影，须回源确证
2026-09-23,001872,1999-07-02,-7.060,-6.800,-7.190,-6.890,,0.150,2.1300,10116,8057882.50,,AKSHARE,close_negative,主板,1993-1999,796.5483,全史负价（源侧缺陷）。OHLC 整体为负但列间比例自洽→疑似源历史段符号/量纲伪影，须回源确证
2026-09-23,001872,1999-07-05,-6.860,-6.780,-7.040,-7.020,,-0.130,-1.8900,8080,6473122.50,,AKSHARE,close_negative,主板,1993-1999,801.129,全史负价（源侧缺陷）。OHLC 整体为负但列间比例自洽→疑似源历史段符号/量纲伪影，须回源确证
2026-09-23,001872,1999-07-06,-7.020,-6.940,-7.210,-7.160,,-0.140,-1.9900,5492,4261621.00,,AKSHARE,close_negative,主板,1993-1999,775.9689,全史负价（源侧缺陷）。OHLC 整体为负但列间比例自洽→疑似源历史段符号/量纲伪影，须回源确证
2026-09-23,001872,1999-07-07,-7.170,-7.030,-7.200,-7.060,,0.100,1.4000,4359,3345068.00,,AKSHARE,close_negative,主板,1993-1999,767.3934,全史负价（源侧缺陷）。OHLC 整体为负但列间比例自洽→疑似源历史段符号/量纲伪影，须回源确证
2026-09-23,001872,1999-07-08,-7.090,-6.950,-7.090,-7.010,,0.050,0.7100,4158,3278610.50,,AKSHARE,close_negative,主板,1993-1999,788.5066,全史负价（源侧缺陷）。OHLC 整体为负但列间比例自洽→疑似源历史段符号/量纲伪影，须回源确证
2026-09-23,001872,1999-07-09,-6.990,-6.960,-7.040,-7.000,,0.010,0.1400,4137,3252253.50,,AKSHARE,close_negative,主板,1993-1999,786.1381,全史负价（源侧缺陷）。OHLC 整体为负但列间比例自洽→疑似源历史段符号/量纲伪影，须回源确证
2026-09-23,001872,1999-07-12,-7.000,-6.940,-7.150,-7.090,,-0.090,-1.2900,4218,3249820.75,,AKSHARE,close_negative,主板,1993-1999,770.4649,全史负价（源侧缺陷）。OHLC 整体为负但列间比例自洽→疑似源历史段符号/量纲伪影，须回源确证
2026-09-23,001872,1999-07-13,-7.090,-7.040,-7.260,-7.230,,-0.140,-1.9700,2471,1867400.00,,AKSHARE,close_negative,主板,1993-1999,755.7264,全史负价（源侧缺陷）。OHLC 整体为负但列间比例自洽→疑似源历史段符号/量纲伪影，须回源确证
2026-09-23,001872,1999-07-14,-7.230,-7.060,-7.230,-7.080,,0.150,2.0700,3960,2998772.00,,AKSHARE,close_negative,主板,1993-1999,757.2657,全史负价（源侧缺陷）。OHLC 整体为负但列间比例自洽→疑似源历史段符号/量纲伪影，须回源确证
2026-09-23,001872,1999-07-15,-7.100,-7.070,-7.210,-7.160,,-0.080,-1.1300,2745,2088094.50,,AKSHARE,close_negative,主板,1993-1999,760.6902,全史负价（源侧缺陷）。OHLC 整体为负但列间比例自洽→疑似源历史段符号/量纲伪影，须回源确证
2026-09-23,001872,1999-07-16,-7.150,-7.130,-7.230,-7.200,,-0.040,-0.5600,3754,2821227.00,,AKSHARE,close_negative,主板,1993-1999,751.5256,全史负价（源侧缺陷）。OHLC 整体为负但列间比例自洽→疑似源历史段符号/量纲伪影，须回源确证
2026-09-23,001872,1999-07-19,-7.250,-7.230,-7.370,-7.350,,-0.150,-2.0800,3110,2269848.50,,AKSHARE,close_negative,主板,1993-1999,729.8548,全史负价（源侧缺陷）。OHLC 整体为负但列间比例自洽→疑似源历史段符号/量纲伪影，须回源确证
2026-09-23,001872,1999-07-20,-7.330,-7.040,-7.400,-7.050,,0.300,4.0800,4528,3395030.50,,AKSHARE,close_negative,主板,1993-1999,749.7859,全史负价（源侧缺陷）。OHLC 整体为负但列间比例自洽→疑似源历史段符号/量纲伪影，须回源确证
2026-09-23,001872,1999-07-21,-7.030,-6.940,-7.140,-7.030,,0.020,0.2800,7033,5450422.50,,AKSHARE,close_negative,主板,1993-1999,774.9783,全史负价（源侧缺陷）。OHLC 整体为负但列间比例自洽→疑似源历史段符号/量纲伪影，须回源确证
2026-09-23,001872,1999-07-22,-7.000,-6.920,-7.130,-7.120,,-0.090,-1.2800,6003,4646764.00,,AKSHARE,close_negative,主板,1993-1999,774.0736,全史负价（源侧缺陷）。OHLC 整体为负但列间比例自洽→疑似源历史段符号/量纲伪影，须回源确证
2026-09-23,001872,1999-07-23,-7.110,-6.850,-7.110,-6.860,,0.260,3.6500,9146,7207734.00,,AKSHARE,close_negative,主板,1993-1999,788.075,全史负价（源侧缺陷）。OHLC 整体为负但列间比例自洽→疑似源历史段符号/量纲伪影，须回源确证
2026-09-23,001872,1999-07-26,-6.810,-6.550,-6.890,-6.640,,0.220,3.2100,18046,15067840.00,,AKSHARE,close_negative,主板,1993-1999,834.9684,全史负价（源侧缺陷）。OHLC 整体为负但列间比例自洽→疑似源历史段符号/量纲伪影，须回源确证
2026-09-23,001872,1999-07-27,-6.630,-6.590,-6.780,-6.750,,-0.110,-1.6600,11188,9417455.00,,AKSHARE,close_negative,主板,1993-1999,841.7461,全史负价（源侧缺陷）。OHLC 整体为负但列间比例自洽→疑似源历史段符号/量纲伪影，须回源确证
2026-09-23,001872,1999-07-28,-6.730,-6.460,-6.730,-6.480,,0.270,4.0000,18915,16384913.00,,AKSHARE,close_negative,主板,1993-1999,866.2391,全史负价（源侧缺陷）。OHLC 整体为负但列间比例自洽→疑似源历史段符号/量纲伪影，须回源确证
2026-09-23,001872,1999-07-29,-6.460,-6.420,-6.620,-6.490,,-0.010,-0.1500,7944,6889458.50,,AKSHARE,close_negative,主板,1993-1999,867.2531,全史负价（源侧缺陷）。OHLC 整体为负但列间比例自洽→疑似源历史段符号/量纲伪影，须回源确证
2026-09-23,001872,1999-07-30,-6.490,-6.360,-6.590,-6.370,,0.120,1.8500,10798,9469772.00,,AKSHARE,close_negative,主板,1993-1999,876.9931,全史负价（源侧缺陷）。OHLC 整体为负但列间比例自洽→疑似源历史段符号/量纲伪影，须回源确证
2026-09-23,001872,1999-08-02,-6.350,-5.890,-6.470,-5.990,,0.380,5.9700,69583,63457464.00,,AKSHARE,close_negative,主板,1993-1999,911.9679,全史负价（源侧缺陷）。OHLC 整体为负但列间比例自洽→疑似源历史段符号/量纲伪影，须回源确证
2026-09-23,001872,1999-08-03,-6.000,-5.830,-6.130,-5.990,,,,40936,39861384.00,,AKSHARE,close_negative,主板,1993-1999,973.7489,全史负价（源侧缺陷）。OHLC 整体为负但列间比例自洽→疑似源历史段符号/量纲伪影，须回源确证
2026-09-23,001872,1999-08-04,-6.090,-5.930,-6.150,-6.120,,-0.130,-2.1700,20219,19185374.00,,AKSHARE,close_negative,主板,1993-1999,948.8785,全史负价（源侧缺陷）。OHLC 整体为负但列间比例自洽→疑似源历史段符号/量纲伪影，须回源确证
2026-09-23,001872,1999-08-05,-6.110,-6.020,-6.160,-6.140,,-0.020,-0.3300,14133,13402983.00,,AKSHARE,close_negative,主板,1993-1999,948.3466,全史负价（源侧缺陷）。OHLC 整体为负但列间比例自洽→疑似源历史段符号/量纲伪影，须回源确证
2026-09-23,001872,1999-08-06,-6.140,-6.110,-6.430,-6.320,,-0.180,-2.9300,15650,14206829.00,,AKSHARE,close_negative,主板,1993-1999,907.7846,全史负价（源侧缺陷）。OHLC 整体为负但列间比例自洽→疑似源历史段符号/量纲伪影，须回源确证
2026-09-23,001872,1999-08-09,-6.330,-6.320,-6.460,-6.440,,-0.120,-1.9000,8953,7935601.50,,AKSHARE,close_negative,主板,1993-1999,886.3623,全史负价（源侧缺陷）。OHLC 整体为负但列间比例自洽→疑似源历史段符号/量纲伪影，须回源确证
2026-09-23,001872,1999-08-10,-6.510,-6.350,-6.570,-6.480,,-0.040,-0.6200,5844,5116395.00,,AKSHARE,close_negative,主板,1993-1999,875.4954,全史负价（源侧缺陷）。OHLC 整体为负但列间比例自洽→疑似源历史段符号/量纲伪影，须回源确证
2026-09-23,001872,1999-08-11,-6.570,-6.420,-6.620,-6.580,,-0.100,-1.5400,4113,3560033.00,,AKSHARE,close_negative,主板,1993-1999,865.5563,全史负价（源侧缺陷）。OHLC 整体为负但列间比例自洽→疑似源历史段符号/量纲伪影，须回源确证
2026-09-23,001872,1999-08-12,-6.590,-6.510,-6.610,-6.570,,0.010,0.1500,3141,2702272.75,,AKSHARE,close_negative,主板,1993-1999,860.3224,全史负价（源侧缺陷）。OHLC 整体为负但列间比例自洽→疑似源历史段符号/量纲伪影，须回源确证
2026-09-23,001872,1999-08-13,-6.520,-6.520,-6.740,-6.710,,-0.140,-2.1300,4438,3729041.75,,AKSHARE,close_negative,主板,1993-1999,840.2528,全史负价（源侧缺陷）。OHLC 整体为负但列间比例自洽→疑似源历史段符号/量纲伪影，须回源确证
2026-09-23,001872,1999-08-16,-6.710,-6.700,-6.860,-6.820,,-0.110,-1.6400,4245,3458115.25,,AKSHARE,close_negative,主板,1993-1999,814.6326,全史负价（源侧缺陷）。OHLC 整体为负但列间比例自洽→疑似源历史段符号/量纲伪影，须回源确证
2026-09-23,001872,1999-08-17,-6.810,-6.540,-6.810,-6.700,,0.120,1.7600,5227,4430069.00,,AKSHARE,close_negative,主板,1993-1999,847.5357,全史负价（源侧缺陷）。OHLC 整体为负但列间比例自洽→疑似源历史段符号/量纲伪影，须回源确证
2026-09-23,001872,1999-08-18,-6.680,-6.490,-6.720,-6.500,,0.200,2.9900,4007,3405945.25,,AKSHARE,close_negative,主板,1993-1999,849.9988,全史负价（源侧缺陷）。OHLC 整体为负但列间比例自洽→疑似源历史段符号/量纲伪影，须回源确证
2026-09-23,001872,1999-08-19,-6.490,-6.360,-6.510,-6.410,,0.090,1.3800,8274,7349801.00,,AKSHARE,close_negative,主板,1993-1999,888.3008,全史负价（源侧缺陷）。OHLC 整体为负但列间比例自洽→疑似源历史段符号/量纲伪影，须回源确证
2026-09-23,001872,1999-08-20,-6.410,-6.300,-6.490,-6.480,,-0.070,-1.0900,4956,4399389.00,,AKSHARE,close_negative,主板,1993-1999,887.6895,全史负价（源侧缺陷）。OHLC 整体为负但列间比例自洽→疑似源历史段符号/量纲伪影，须回源确证
2026-09-23,001872,1999-08-23,-6.460,-6.270,-6.510,-6.280,,0.200,3.0900,7816,7024978.50,,AKSHARE,close_negative,主板,1993-1999,898.7946,全史负价（源侧缺陷）。OHLC 整体为负但列间比例自洽→疑似源历史段符号/量纲伪影，须回源确证
2026-09-23,001872,1999-08-24,-6.280,-6.220,-6.370,-6.330,,-0.050,-0.8000,6138,5573686.50,,AKSHARE,close_negative,主板,1993-1999,908.0623,全史负价（源侧缺陷）。OHLC 整体为负但列间比例自洽→疑似源历史段符号/量纲伪影，须回源确证
2026-09-23,001872,1999-08-25,-6.350,-6.350,-6.470,-6.460,,-0.130,-2.0500,4690,4139909.75,,AKSHARE,close_negative,主板,1993-1999,882.71,全史负价（源侧缺陷）。OHLC 整体为负但列间比例自洽→疑似源历史段符号/量纲伪影，须回源确证
2026-09-23,001872,1999-08-26,-6.510,-6.350,-6.580,-6.400,,0.060,0.9300,4100,3604165.75,,AKSHARE,close_negative,主板,1993-1999,879.0648,全史负价（源侧缺陷）。OHLC 整体为负但列间比例自洽→疑似源历史段符号/量纲伪影，须回源确证
2026-09-23,001872,1999-08-27,-6.420,-6.370,-6.480,-6.420,,-0.020,-0.3100,3789,3362743.25,,AKSHARE,close_negative,主板,1993-1999,887.5015,全史负价（源侧缺陷）。OHLC 整体为负但列间比例自洽→疑似源历史段符号/量纲伪影，须回源确证
2026-09-23,001872,1999-08-30,-6.350,-6.350,-6.500,-6.480,,-0.060,-0.9300,3885,3419422.75,,AKSHARE,close_negative,主板,1993-1999,880.1603,全史负价（源侧缺陷）。OHLC 整体为负但列间比例自洽→疑似源历史段符号/量纲伪影，须回源确证
2026-09-23,001872,1999-08-31,-6.480,-6.430,-6.540,-6.470,,0.010,0.1500,3272,2857297.25,,AKSHARE,close_negative,主板,1993-1999,873.2571,全史负价（源侧缺陷）。OHLC 整体为负但列间比例自洽→疑似源历史段符号/量纲伪影，须回源确证
2026-09-23,001872,1999-09-01,-6.500,-6.500,-6.620,-6.600,,-0.130,-2.0100,3495,3001129.25,,AKSHARE,close_negative,主板,1993-1999,858.6922,全史负价（源侧缺陷）。OHLC 整体为负但列间比例自洽→疑似源历史段符号/量纲伪影，须回源确证
2026-09-23,001872,1999-09-02,-6.620,-6.530,-6.730,-6.560,,0.040,0.6100,4987,4193975.75,,AKSHARE,close_negative,主板,1993-1999,840.9817,全史负价（源侧缺陷）。OHLC 整体为负但列间比例自洽→疑似源历史段符号/量纲伪影，须回源确证
2026-09-23,001872,1999-09-03,-6.580,-6.490,-6.620,-6.590,,-0.030,-0.4600,1966,1696668.00,,AKSHARE,close_negative,主板,1993-1999,863.0051,全史负价（源侧缺陷）。OHLC 整体为负但列间比例自洽→疑似源历史段符号/量纲伪影，须回源确证
2026-09-23,001872,1999-09-06,-6.640,-6.640,-6.720,-6.680,,-0.090,-1.3700,1909,1602761.38,,AKSHARE,close_negative,主板,1993-1999,839.5817,全史负价（源侧缺陷）。OHLC 整体为负但列间比例自洽→疑似源历史段符号/量纲伪影，须回源确证
2026-09-23,001872,1999-09-07,-6.700,-6.620,-6.700,-6.690,,-0.010,-0.1500,2290,1932066.00,,AKSHARE,close_negative,主板,1993-1999,843.6969,全史负价（源侧缺陷）。OHLC 整体为负但列间比例自洽→疑似源历史段符号/量纲伪影，须回源确证
2026-09-23,001872,1999-09-08,-6.690,-6.560,-6.690,-6.570,,0.120,1.7900,1610,1367161.62,,AKSHARE,close_negative,主板,1993-1999,849.1687,全史负价（源侧缺陷）。OHLC 整体为负但列间比例自洽→疑似源历史段符号/量纲伪影，须回源确证
2026-09-23,001872,1999-09-09,-6.510,-6.350,-6.570,-6.380,,0.190,2.8900,6533,5812447.50,,AKSHARE,close_negative,主板,1993-1999,889.7057,全史负价（源侧缺陷）。OHLC 整体为负但列间比例自洽→疑似源历史段符号/量纲伪影，须回源确证
2026-09-23,001872,1999-09-10,-6.350,-6.330,-6.460,-6.410,,-0.030,-0.4700,7003,6229518.00,,AKSHARE,close_negative,主板,1993-1999,889.5499,全史负价（源侧缺陷）。OHLC 整体为负但列间比例自洽→疑似源历史段符号/量纲伪影，须回源确证
2026-09-23,001872,1999-09-13,-6.350,-6.250,-6.450,-6.270,,0.140,2.1800,8009,7267290.00,,AKSHARE,close_negative,主板,1993-1999,907.3904,全史负价（源侧缺陷）。OHLC 整体为负但列间比例自洽→疑似源历史段符号/量纲伪影，须回源确证
2026-09-23,001872,1999-09-14,-6.220,-6.220,-6.350,-6.310,,-0.040,-0.6400,5756,5232490.50,,AKSHARE,close_negative,主板,1993-1999,909.0498,全史负价（源侧缺陷）。OHLC 整体为负但列间比例自洽→疑似源历史段符号/量纲伪影，须回源确证
2026-09-23,001872,1999-09-15,-6.300,-6.280,-6.460,-6.420,,-0.110,-1.7400,3713,3305277.50,,AKSHARE,close_negative,主板,1993-1999,890.1905,全史负价（源侧缺陷）。OHLC 整体为负但列间比例自洽→疑似源历史段符号/量纲伪影，须回源确证
2026-09-23,001872,1999-09-16,-6.460,-6.350,-6.470,-6.470,,-0.050,-0.7800,2683,2387365.25,,AKSHARE,close_negative,主板,1993-1999,889.8119,全史负价（源侧缺陷）。OHLC 整体为负但列间比例自洽→疑似源历史段符号/量纲伪影，须回源确证
2026-09-23,001872,1999-09-17,-6.470,-6.410,-6.510,-6.460,,0.010,0.1500,3029,2669095.75,,AKSHARE,close_negative,主板,1993-1999,881.1805,全史负价（源侧缺陷）。OHLC 整体为负但列间比例自洽→疑似源历史段符号/量纲伪影，须回源确证
2026-09-23,001872,1999-09-20,-6.440,-6.440,-6.570,-6.540,,-0.080,-1.2400,2049,1778712.50,,AKSHARE,close_negative,主板,1993-1999,868.0881,全史负价（源侧缺陷）。OHLC 整体为负但列间比例自洽→疑似源历史段符号/量纲伪影，须回源确证
2026-09-23,001872,1999-09-21,-6.520,-6.450,-6.560,-6.490,,0.050,0.7600,1552,1358010.00,,AKSHARE,close_negative,主板,1993-1999,875.0064,全史负价（源侧缺陷）。OHLC 整体为负但列间比例自洽→疑似源历史段符号/量纲伪影，须回源确证
2026-09-23,001872,1999-09-22,-6.460,-6.460,-6.540,-6.520,,-0.030,-0.4600,1648,1436003.50,,AKSHARE,close_negative,主板,1993-1999,871.3613,全史负价（源侧缺陷）。OHLC 整体为负但列间比例自洽→疑似源历史段符号/量纲伪影，须回源确证
2026-09-23,001872,1999-09-23,-6.510,-6.460,-6.590,-6.570,,-0.050,-0.7700,1889,1627414.88,,AKSHARE,close_negative,主板,1993-1999,861.5219,全史负价（源侧缺陷）。OHLC 整体为负但列间比例自洽→疑似源历史段符号/量纲伪影，须回源确证
2026-09-23,001872,1999-09-24,-6.550,-6.510,-6.580,-6.510,,0.060,0.9100,1488,1287313.50,,AKSHARE,close_negative,主板,1993-1999,865.13,全史负价（源侧缺陷）。OHLC 整体为负但列间比例自洽→疑似源历史段符号/量纲伪影，须回源确证
2026-09-23,001872,1999-09-27,-6.490,-6.490,-6.580,-6.570,,-0.060,-0.9200,1114,959101.00,,AKSHARE,close_negative,主板,1993-1999,860.9524,全史负价（源侧缺陷）。OHLC 整体为负但列间比例自洽→疑似源历史段符号/量纲伪影，须回源确证
2026-09-23,001872,1999-09-28,-6.560,-6.540,-6.650,-6.630,,-0.060,-0.9100,1896,1616622.50,,AKSHARE,close_negative,主板,1993-1999,852.649,全史负价（源侧缺陷）。OHLC 整体为负但列间比例自洽→疑似源历史段符号/量纲伪影，须回源确证
2026-09-23,001872,1999-09-29,-6.630,-6.570,-6.690,-6.680,,-0.050,-0.7500,1954,1654478.00,,AKSHARE,close_negative,主板,1993-1999,846.7134,全史负价（源侧缺陷）。OHLC 整体为负但列间比例自洽→疑似源历史段符号/量纲伪影，须回源确证
2026-09-23,001872,1999-09-30,-6.590,-6.590,-6.700,-6.680,,,,1909,1603180.50,,AKSHARE,close_negative,主板,1993-1999,839.8012,全史负价（源侧缺陷）。OHLC 整体为负但列间比例自洽→疑似源历史段符号/量纲伪影，须回源确证
2026-09-23,001872,1999-10-08,-6.680,-6.620,-6.770,-6.760,,-0.080,-1.2000,996,831007.56,,AKSHARE,close_negative,主板,1993-1999,834.3449,全史负价（源侧缺陷）。OHLC 整体为负但列间比例自洽→疑似源历史段符号/量纲伪影，须回源确证
2026-09-23,001872,1999-10-11,-6.750,-6.750,-6.830,-6.830,,-0.070,-1.0400,1118,914316.75,,AKSHARE,close_negative,主板,1993-1999,817.8146,全史负价（源侧缺陷）。OHLC 整体为负但列间比例自洽→疑似源历史段符号/量纲伪影，须回源确证
2026-09-23,001872,1999-10-12,-6.790,-6.760,-6.790,-6.760,,0.070,1.0200,1005,825406.19,,AKSHARE,close_negative,主板,1993-1999,821.2997,全史负价（源侧缺陷）。OHLC 整体为负但列间比例自洽→疑似源历史段符号/量纲伪影，须回源确证
2026-09-23,001872,1999-10-13,-6.730,-6.730,-6.870,-6.850,,-0.090,-1.3300,1282,1043837.00,,AKSHARE,close_negative,主板,1993-1999,814.2254,全史负价（源侧缺陷）。OHLC 整体为负但列间比例自洽→疑似源历史段符号/量纲伪影，须回源确证
2026-09-23,001872,1999-10-14,-6.890,-6.780,-6.910,-6.860,,-0.010,-0.1500,1225,987594.00,,AKSHARE,close_negative,主板,1993-1999,806.1992,全史负价（源侧缺陷）。OHLC 整体为负但列间比例自洽→疑似源历史段符号/量纲伪影，须回源确证
2026-09-23,001872,1999-10-15,-6.840,-6.720,-6.840,-6.740,,0.120,1.7500,1471,1211713.88,,AKSHARE,close_negative,主板,1993-1999,823.7348,全史负价（源侧缺陷）。OHLC 整体为负但列间比例自洽→疑似源历史段符号/量纲伪影，须回源确证
2026-09-23,001872,1999-10-18,-6.700,-6.700,-6.920,-6.910,,-0.170,-2.5200,1720,1388370.12,,AKSHARE,close_negative,主板,1993-1999,807.1919,全史负价（源侧缺陷）。OHLC 整体为负但列间比例自洽→疑似源历史段符号/量纲伪影，须回源确证
2026-09-23,001872,1999-10-19,-6.940,-6.790,-7.010,-7.000,,-0.090,-1.3000,1582,1249223.00,,AKSHARE,close_negative,主板,1993-1999,789.6479,全史负价（源侧缺陷）。OHLC 整体为负但列间比例自洽→疑似源历史段符号/量纲伪影，须回源确证
2026-09-23,001872,1999-10-20,-6.920,-6.920,-7.050,-7.000,,,,930,726577.00,,AKSHARE,close_negative,主板,1993-1999,781.2656,全史负价（源侧缺陷）。OHLC 整体为负但列间比例自洽→疑似源历史段符号/量纲伪影，须回源确证
2026-09-23,001872,1999-10-21,-6.940,-6.940,-7.120,-7.080,,-0.080,-1.1400,1235,942313.00,,AKSHARE,close_negative,主板,1993-1999,763.0065,全史负价（源侧缺陷）。OHLC 整体为负但列间比例自洽→疑似源历史段符号/量纲伪影，须回源确证
2026-09-23,001872,1999-10-22,-7.080,-6.900,-7.080,-6.980,,0.100,1.4100,1488,1160433.75,,AKSHARE,close_negative,主板,1993-1999,779.8614,全史负价（源侧缺陷）。OHLC 整体为负但列间比例自洽→疑似源历史段符号/量纲伪影，须回源确证
2026-09-23,001872,1999-10-25,-6.980,-6.980,-7.110,-7.100,,-0.120,-1.7200,1104,843790.00,,AKSHARE,close_negative,主板,1993-1999,764.3025,全史负价（源侧缺陷）。OHLC 整体为负但列间比例自洽→疑似源历史段符号/量纲伪影，须回源确证
2026-09-23,001872,1999-10-26,-7.110,-7.000,-7.110,-7.060,,0.040,0.5600,1133,869766.81,,AKSHARE,close_negative,主板,1993-1999,767.6671,全史负价（源侧缺陷）。OHLC 整体为负但列间比例自洽→疑似源历史段符号/量纲伪影，须回源确证
2026-09-23,001872,1999-10-27,-6.940,-6.900,-6.990,-6.910,,0.150,2.1200,2116,1680591.00,,AKSHARE,close_negative,主板,1993-1999,794.2302,全史负价（源侧缺陷）。OHLC 整体为负但列间比例自洽→疑似源历史段符号/量纲伪影，须回源确证
2026-09-23,001872,1999-10-28,-6.890,-6.890,-7.000,-6.970,,-0.060,-0.8700,1014,799265.81,,AKSHARE,close_negative,主板,1993-1999,788.2306,全史负价（源侧缺陷）。OHLC 整体为负但列间比例自洽→疑似源历史段符号/量纲伪影，须回源确证
2026-09-23,001872,1999-10-29,-6.960,-6.910,-7.050,-7.000,,-0.030,-0.4300,748,583244.19,,AKSHARE,close_negative,主板,1993-1999,779.7382,全史负价（源侧缺陷）。OHLC 整体为负但列间比例自洽→疑似源历史段符号/量纲伪影，须回源确证
2026-09-23,001872,1999-11-01,-7.000,-6.970,-7.050,-7.010,,-0.010,-0.1400,883,687528.00,,AKSHARE,close_negative,主板,1993-1999,778.6274,全史负价（源侧缺陷）。OHLC 整体为负但列间比例自洽→疑似源历史段符号/量纲伪影，须回源确证
2026-09-23,001872,1999-11-02,-7.010,-6.960,-7.010,-6.960,,0.050,0.7100,1108,865924.00,,AKSHARE,close_negative,主板,1993-1999,781.5199,全史负价（源侧缺陷）。OHLC 整体为负但列间比例自洽→疑似源历史段符号/量纲伪影，须回源确证
2026-09-23,001872,1999-11-03,-6.960,-6.920,-7.020,-7.020,,-0.060,-0.8600,664,521711.41,,AKSHARE,close_negative,主板,1993-1999,785.71,全史负价（源侧缺陷）。OHLC 整体为负但列间比例自洽→疑似源历史段符号/量纲伪影，须回源确证
2026-09-23,001872,1999-11-04,-7.130,-6.970,-7.160,-6.970,,0.050,0.7100,1450,1123624.50,,AKSHARE,close_negative,主板,1993-1999,774.9134,全史负价（源侧缺陷）。OHLC 整体为负但列间比例自洽→疑似源历史段符号/量纲伪影，须回源确证
2026-09-23,001872,1999-11-05,-7.000,-6.810,-7.000,-6.920,,0.050,0.7200,3738,2988281.25,,AKSHARE,close_negative,主板,1993-1999,799.4332,全史负价（源侧缺陷）。OHLC 整体为负但列间比例自洽→疑似源历史段符号/量纲伪影，须回源确证
2026-09-23,001872,1999-11-08,-6.980,-6.860,-7.090,-6.860,,0.060,0.8700,1667,1320627.38,,AKSHARE,close_negative,主板,1993-1999,792.218,全史负价（源侧缺陷）。OHLC 整体为负但列间比例自洽→疑似源历史段符号/量纲伪影，须回源确证
2026-09-23,001872,1999-11-09,-6.860,-6.430,-6.860,-6.660,,0.200,2.9200,16397,13951185.00,,AKSHARE,close_negative,主板,1993-1999,850.8377,全史负价（源侧缺陷）。OHLC 整体为负但列间比例自洽→疑似源历史段符号/量纲伪影，须回源确证
2026-09-23,001872,1999-11-10,-6.740,-6.710,-6.860,-6.830,,-0.170,-2.5500,5086,4151068.25,,AKSHARE,close_negative,主板,1993-1999,816.1754,全史负价（源侧缺陷）。OHLC 整体为负但列间比例自洽→疑似源历史段符号/量纲伪影，须回源确证
2026-09-23,001872,1999-11-11,-6.840,-6.790,-6.970,-6.970,,-0.140,-2.0500,2490,1985075.12,,AKSHARE,close_negative,主板,1993-1999,797.2189,全史负价（源侧缺陷）。OHLC 整体为负但列间比例自洽→疑似源历史段符号/量纲伪影，须回源确证
2026-09-23,001872,1999-11-12,-6.970,-6.910,-7.000,-6.970,,,,1035,814116.12,,AKSHARE,close_negative,主板,1993-1999,786.5856,全史负价（源侧缺陷）。OHLC 整体为负但列间比例自洽→疑似源历史段符号/量纲伪影，须回源确证
2026-09-23,001872,1999-11-15,-7.000,-6.780,-7.000,-6.840,,0.130,1.8700,1558,1240234.62,,AKSHARE,close_negative,主板,1993-1999,796.0428,全史负价（源侧缺陷）。OHLC 整体为负但列间比例自洽→疑似源历史段符号/量纲伪影，须回源确证
2026-09-23,001872,1999-11-16,-6.730,-6.490,-6.740,-6.690,,0.150,2.1900,18588,15862779.00,,AKSHARE,close_negative,主板,1993-1999,853.3882,全史负价（源侧缺陷）。OHLC 整体为负但列间比例自洽→疑似源历史段符号/量纲伪影，须回源确证
2026-09-23,001872,1999-11-17,-6.750,-6.540,-6.840,-6.570,,0.120,1.7900,10906,9306933.00,,AKSHARE,close_negative,主板,1993-1999,853.3773,全史负价（源侧缺陷）。OHLC 整体为负但列间比例自洽→疑似源历史段符号/量纲伪影，须回源确证
2026-09-23,001872,1999-11-18,-6.520,-6.380,-6.620,-6.560,,0.010,0.1500,15183,13354251.00,,AKSHARE,close_negative,主板,1993-1999,879.5529,全史负价（源侧缺陷）。OHLC 整体为负但列间比例自洽→疑似源历史段符号/量纲伪影，须回源确证
2026-09-23,001872,1999-11-19,-6.560,-6.430,-6.570,-6.510,,0.050,0.7600,7036,6142353.00,,AKSHARE,close_negative,主板,1993-1999,872.9893,全史负价（源侧缺陷）。OHLC 整体为负但列间比例自洽→疑似源历史段符号/量纲伪影，须回源确证
2026-09-23,001872,1999-11-22,-6.510,-6.380,-6.510,-6.480,,0.030,0.4600,7623,6738956.50,,AKSHARE,close_negative,主板,1993-1999,884.0295,全史负价（源侧缺陷）。OHLC 整体为负但列间比例自洽→疑似源历史段符号/量纲伪影，须回源确证
2026-09-23,001872,1999-11-23,-6.470,-6.440,-6.630,-6.590,,-0.110,-1.7000,4340,3743806.25,,AKSHARE,close_negative,主板,1993-1999,862.6282,全史负价（源侧缺陷）。OHLC 整体为负但列间比例自洽→疑似源历史段符号/量纲伪影，须回源确证
2026-09-23,001872,1999-11-24,-6.580,-6.530,-6.620,-6.590,,,,1987,1702676.75,,AKSHARE,close_negative,主板,1993-1999,856.9083,全史负价（源侧缺陷）。OHLC 整体为负但列间比例自洽→疑似源历史段符号/量纲伪影，须回源确证
2026-09-23,001872,1999-11-25,-6.610,-6.570,-6.720,-6.680,,-0.090,-1.3700,3002,2528399.75,,AKSHARE,close_negative,主板,1993-1999,842.2384,全史负价（源侧缺陷）。OHLC 整体为负但列间比例自洽→疑似源历史段符号/量纲伪影，须回源确证
2026-09-23,001872,1999-11-26,-6.700,-6.590,-6.710,-6.650,,0.030,0.4500,2387,2020214.50,,AKSHARE,close_negative,主板,1993-1999,846.3404,全史负价（源侧缺陷）。OHLC 整体为负但列间比例自洽→疑似源历史段符号/量纲伪影，须回源确证
2026-09-23,001872,1999-11-29,-6.580,-6.580,-6.700,-6.700,,-0.050,-0.7500,1841,1547658.50,,AKSHARE,close_negative,主板,1993-1999,840.6619,全史负价（源侧缺陷）。OHLC 整体为负但列间比例自洽→疑似源历史段符号/量纲伪影，须回源确证
2026-09-23,001872,1999-11-30,-6.720,-6.650,-6.810,-6.780,,-0.080,-1.1900,2601,2142282.00,,AKSHARE,close_negative,主板,1993-1999,823.6378,全史负价（源侧缺陷）。OHLC 整体为负但列间比例自洽→疑似源历史段符号/量纲伪影，须回源确证
2026-09-23,001872,1999-12-01,-6.780,-6.700,-6.800,-6.730,,0.050,0.7400,1662,1377411.75,,AKSHARE,close_negative,主板,1993-1999,828.7676,全史负价（源侧缺陷）。OHLC 整体为负但列间比例自洽→疑似源历史段符号/量纲伪影，须回源确证
2026-09-23,001872,1999-12-02,-6.720,-6.680,-6.770,-6.720,,0.010,0.1500,1966,1634739.25,,AKSHARE,close_negative,主板,1993-1999,831.5052,全史负价（源侧缺陷）。OHLC 整体为负但列间比例自洽→疑似源历史段符号/量纲伪影，须回源确证
2026-09-23,001872,1999-12-03,-6.690,-6.570,-6.730,-6.570,,0.150,2.2300,3003,2549339.75,,AKSHARE,close_negative,主板,1993-1999,848.931,全史负价（源侧缺陷）。OHLC 整体为负但列间比例自洽→疑似源历史段符号/量纲伪影，须回源确证
2026-09-23,001872,1999-12-06,-6.550,-6.510,-6.620,-6.570,,,,2954,2540399.50,,AKSHARE,close_negative,主板,1993-1999,859.9863,全史负价（源侧缺陷）。OHLC 整体为负但列间比例自洽→疑似源历史段符号/量纲伪影，须回源确证
2026-09-23,001872,1999-12-07,-6.570,-6.560,-6.680,-6.670,,-0.100,-1.5200,1778,1509649.50,,AKSHARE,close_negative,主板,1993-1999,849.0717,全史负价（源侧缺陷）。OHLC 整体为负但列间比例自洽→疑似源历史段符号/量纲伪影，须回源确证
2026-09-23,001872,1999-12-08,-6.680,-6.630,-6.740,-6.740,,-0.070,-1.0500,1447,1206542.00,,AKSHARE,close_negative,主板,1993-1999,833.8231,全史负价（源侧缺陷）。OHLC 整体为负但列间比例自洽→疑似源历史段符号/量纲伪影，须回源确证
2026-09-23,001872,1999-12-09,-6.760,-6.750,-6.800,-6.790,,-0.050,-0.7400,2047,1679006.00,,AKSHARE,close_negative,主板,1993-1999,820.2277,全史负价（源侧缺陷）。OHLC 整体为负但列间比例自洽→疑似源历史段符号/量纲伪影，须回源确证
2026-09-23,001872,1999-12-10,-6.780,-6.740,-6.820,-6.750,,0.040,0.5900,1860,1522071.12,,AKSHARE,close_negative,主板,1993-1999,818.3178,全史负价（源侧缺陷）。OHLC 整体为负但列间比例自洽→疑似源历史段符号/量纲伪影，须回源确证
2026-09-23,001872,1999-12-13,-6.890,-6.790,-6.890,-6.870,,-0.120,-1.7800,2860,2301293.00,,AKSHARE,close_negative,主板,1993-1999,804.6479,全史负价（源侧缺陷）。OHLC 整体为负但列间比例自洽→疑似源历史段符号/量纲伪影，须回源确证
2026-09-23,001872,1999-12-14,-6.890,-6.840,-6.930,-6.860,,0.010,0.1500,1713,1373508.88,,AKSHARE,close_negative,主板,1993-1999,801.8149,全史负价（源侧缺陷）。OHLC 整体为负但列间比例自洽→疑似源历史段符号/量纲伪影，须回源确证
2026-09-23,001872,1999-12-15,-6.840,-6.650,-6.850,-6.760,,0.100,1.4600,2782,2298046.50,,AKSHARE,close_negative,主板,1993-1999,826.0412,全史负价（源侧缺陷）。OHLC 整体为负但列间比例自洽→疑似源历史段符号/量纲伪影，须回源确证
2026-09-23,001872,1999-12-16,-6.760,-6.760,-6.860,-6.830,,-0.070,-1.0400,1378,1122286.75,,AKSHARE,close_negative,主板,1993-1999,814.4316,全史负价（源侧缺陷）。OHLC 整体为负但列间比例自洽→疑似源历史段符号/量纲伪影，须回源确证
2026-09-23,001872,1999-12-17,-6.850,-6.810,-6.880,-6.860,,-0.030,-0.4400,1486,1200953.00,,AKSHARE,close_negative,主板,1993-1999,808.1783,全史负价（源侧缺陷）。OHLC 整体为负但列间比例自洽→疑似源历史段符号/量纲伪影，须回源确证
2026-09-23,001872,1999-12-21,-6.910,-6.890,-6.990,-6.970,,-0.110,-1.6000,1303,1025553.00,,AKSHARE,close_negative,主板,1993-1999,787.0706,全史负价（源侧缺陷）。OHLC 整体为负但列间比例自洽→疑似源历史段符号/量纲伪影，须回源确证
2026-09-23,001872,1999-12-22,-7.000,-6.900,-7.040,-7.000,,-0.030,-0.4300,1349,1052488.00,,AKSHARE,close_negative,主板,1993-1999,780.1987,全史负价（源侧缺陷）。OHLC 整体为负但列间比例自洽→疑似源历史段符号/量纲伪影，须回源确证
2026-09-23,001872,1999-12-23,-7.000,-6.930,-7.030,-7.020,,-0.020,-0.2900,1037,811049.75,,AKSHARE,close_negative,主板,1993-1999,782.1116,全史负价（源侧缺陷）。OHLC 整体为负但列间比例自洽→疑似源历史段符号/量纲伪影，须回源确证
2026-09-23,001872,1999-12-24,-7.030,-6.970,-7.210,-7.160,,-0.140,-1.9900,1564,1188226.12,,AKSHARE,close_negative,主板,1993-1999,759.7354,全史负价（源侧缺陷）。OHLC 整体为负但列间比例自洽→疑似源历史段符号/量纲伪影，须回源确证
2026-09-23,001872,1999-12-27,-7.210,-7.130,-7.250,-7.240,,-0.080,-1.1200,1169,865440.00,,AKSHARE,close_negative,主板,1993-1999,740.3251,全史负价（源侧缺陷）。OHLC 整体为负但列间比例自洽→疑似源历史段符号/量纲伪影，须回源确证
2026-09-23,001872,1999-12-28,-7.270,-7.140,-7.270,-7.210,,0.030,0.4100,1257,927798.50,,AKSHARE,close_negative,主板,1993-1999,738.1054,全史负价（源侧缺陷）。OHLC 整体为负但列间比例自洽→疑似源历史段符号/量纲伪影，须回源确证
2026-09-23,001872,1999-12-29,-7.190,-7.160,-7.230,-7.200,,0.010,0.1400,745,554468.00,,AKSHARE,close_negative,主板,1993-1999,744.2523,全史负价（源侧缺陷）。OHLC 整体为负但列间比例自洽→疑似源历史段符号/量纲伪影，须回源确证
2026-09-23,001872,1999-12-30,-7.180,-7.120,-7.220,-7.150,,0.050,0.6900,856,641709.38,,AKSHARE,close_negative,主板,1993-1999,749.6605,全史负价（源侧缺陷）。OHLC 整体为负但列间比例自洽→疑似源历史段符号/量纲伪影，须回源确证
2026-09-23,001872,2000-01-04,-7.160,-7.000,-7.190,-7.030,,0.120,1.6800,1875,1434079.25,,AKSHARE,close_negative,主板,2000-2009,764.8423,全史负价（源侧缺陷）。OHLC 整体为负但列间比例自洽→疑似源历史段符号/量纲伪影，须回源确证
2026-09-23,001872,2000-01-05,-7.030,-6.940,-7.050,-7.050,,-0.020,-0.2800,2541,1984696.25,,AKSHARE,close_negative,主板,2000-2009,781.069,全史负价（源侧缺陷）。OHLC 整体为负但列间比例自洽→疑似源历史段符号/量纲伪影，须回源确证
2026-09-23,001872,2000-01-06,-7.100,-6.890,-7.130,-6.900,,0.150,2.1300,3674,2872705.25,,AKSHARE,close_negative,主板,2000-2009,781.9013,全史负价（源侧缺陷）。OHLC 整体为负但列间比例自洽→疑似源历史段符号/量纲伪影，须回源确证
2026-09-23,001872,2000-01-07,-6.810,-6.550,-6.880,-6.640,,0.260,3.7700,10276,8531503.00,,AKSHARE,close_negative,主板,2000-2009,830.2358,全史负价（源侧缺陷）。OHLC 整体为负但列间比例自洽→疑似源历史段符号/量纲伪影，须回源确证
2026-09-23,001872,2000-01-10,-6.580,-6.490,-6.720,-6.550,,0.090,1.3600,12245,10494537.00,,AKSHARE,close_negative,主板,2000-2009,857.0467,全史负价（源侧缺陷）。OHLC 整体为负但列间比例自洽→疑似源历史段符号/量纲伪影，须回源确证
2026-09-23,001872,2000-01-11,-6.570,-6.520,-6.850,-6.820,,-0.270,-4.1200,6582,5504695.00,,AKSHARE,close_negative,主板,2000-2009,836.3256,全史负价（源侧缺陷）。OHLC 整体为负但列间比例自洽→疑似源历史段符号/量纲伪影，须回源确证
2026-09-23,001872,2000-01-12,-6.840,-6.780,-7.010,-6.970,,-0.150,-2.2000,4776,3788225.25,,AKSHARE,close_negative,主板,2000-2009,793.1795,全史负价（源侧缺陷）。OHLC 整体为负但列间比例自洽→疑似源历史段符号/量纲伪影，须回源确证
2026-09-23,001872,2000-01-13,-7.040,-6.940,-7.050,-7.040,,-0.070,-1.0000,2664,2077998.25,,AKSHARE,close_negative,主板,2000-2009,780.0294,全史负价（源侧缺陷）。OHLC 整体为负但列间比例自洽→疑似源历史段符号/量纲伪影，须回源确证
2026-09-23,001872,2000-01-14,-7.000,-7.000,-7.150,-7.130,,-0.090,-1.2800,2187,1673812.88,,AKSHARE,close_negative,主板,2000-2009,765.3465,全史负价（源侧缺陷）。OHLC 整体为负但列间比例自洽→疑似源历史段符号/量纲伪影，须回源确证
2026-09-23,001872,2000-01-17,-7.130,-7.050,-7.230,-7.080,,0.050,0.7000,2145,1619035.75,,AKSHARE,close_negative,主板,2000-2009,754.7952,全史负价（源侧缺陷）。OHLC 整体为负但列间比例自洽→疑似源历史段符号/量纲伪影，须回源确证
2026-09-23,001872,2000-01-18,-7.060,-6.960,-7.110,-7.040,,0.040,0.5600,2510,1940704.38,,AKSHARE,close_negative,主板,2000-2009,773.189,全史负价（源侧缺陷）。OHLC 整体为负但列间比例自洽→疑似源历史段符号/量纲伪影，须回源确证
2026-09-23,001872,2000-01-19,-7.030,-6.970,-7.090,-6.990,,0.050,0.7100,2191,1703752.75,,AKSHARE,close_negative,主板,2000-2009,777.6142,全史负价（源侧缺陷）。OHLC 整体为负但列间比例自洽→疑似源历史段符号/量纲伪影，须回源确证
2026-09-23,001872,2000-01-20,-6.990,-6.960,-7.060,-6.960,,0.030,0.4300,2646,2059840.50,,AKSHARE,close_negative,主板,2000-2009,778.4734,全史负价（源侧缺陷）。OHLC 整体为负但列间比例自洽→疑似源历史段符号/量纲伪影，须回源确证
2026-09-23,001872,2000-01-21,-6.960,-6.960,-7.110,-7.060,,-0.100,-1.4400,5137,3944313.50,,AKSHARE,close_negative,主板,2000-2009,767.8243,全史负价（源侧缺陷）。OHLC 整体为负但列间比例自洽→疑似源历史段符号/量纲伪影，须回源确证
2026-09-23,001872,2000-01-24,-7.100,-7.100,-7.210,-7.160,,-0.100,-1.4200,4462,3327392.50,,AKSHARE,close_negative,主板,2000-2009,745.7177,全史负价（源侧缺陷）。OHLC 整体为负但列间比例自洽→疑似源历史段符号/量纲伪影，须回源确证
2026-09-23,001872,2000-01-25,-7.140,-7.010,-7.210,-7.100,,0.060,0.8400,3490,2661344.25,,AKSHARE,close_negative,主板,2000-2009,762.5628,全史负价（源侧缺陷）。OHLC 整体为负但列间比例自洽→疑似源历史段符号/量纲伪影，须回源确证
2026-09-23,001872,2000-01-26,-7.100,-7.060,-7.170,-7.110,,-0.010,-0.1400,3109,2344496.75,,AKSHARE,close_negative,主板,2000-2009,754.1,全史负价（源侧缺陷）。OHLC 整体为负但列间比例自洽→疑似源历史段符号/量纲伪影，须回源确证
2026-09-23,001872,2000-01-27,-7.110,-7.100,-7.160,-7.120,,-0.010,-0.1400,6087,4586176.00,,AKSHARE,close_negative,主板,2000-2009,753.4378,全史负价（源侧缺陷）。OHLC 整体为负但列间比例自洽→疑似源历史段符号/量纲伪影，须回源确证
2026-09-23,001872,2000-01-28,-7.100,-7.000,-7.190,-7.020,,0.100,1.4000,5925,4507918.50,,AKSHARE,close_negative,主板,2000-2009,760.8301,全史负价（源侧缺陷）。OHLC 整体为负但列间比例自洽→疑似源历史段符号/量纲伪影，须回源确证
2026-09-23,001872,2000-02-14,-6.960,-6.630,-7.000,-6.670,,0.350,4.9900,11454,9361409.00,,AKSHARE,close_negative,主板,2000-2009,817.3048,全史负价（源侧缺陷）。OHLC 整体为负但列间比例自洽→疑似源历史段符号/量纲伪影，须回源确证
2026-09-23,001872,2000-02-15,-6.660,-6.570,-6.870,-6.820,,-0.150,-2.2500,14826,12312854.00,,AKSHARE,close_negative,主板,2000-2009,830.4906,全史负价（源侧缺陷）。OHLC 整体为负但列间比例自洽→疑似源历史段符号/量纲伪影，须回源确证
2026-09-23,001872,2000-02-16,-6.850,-6.650,-6.970,-6.660,,0.160,2.3500,12361,9967497.00,,AKSHARE,close_negative,主板,2000-2009,806.3666,全史负价（源侧缺陷）。OHLC 整体为负但列间比例自洽→疑似源历史段符号/量纲伪影，须回源确证
2026-09-23,001872,2000-02-17,-6.660,-6.210,-6.730,-6.520,,0.140,2.1000,32932,28874066.00,,AKSHARE,close_negative,主板,2000-2009,876.7784,全史负价（源侧缺陷）。OHLC 整体为负但列间比例自洽→疑似源历史段符号/量纲伪影，须回源确证
2026-09-23,001872,2000-02-18,-6.460,-6.460,-6.780,-6.640,,-0.120,-1.8400,12392,10474498.00,,AKSHARE,close_negative,主板,2000-2009,845.2629,全史负价（源侧缺陷）。OHLC 整体为负但列间比例自洽→疑似源历史段符号/量纲伪影，须回源确证
2026-09-23,001872,2000-02-21,-6.640,-6.260,-6.700,-6.270,,0.370,5.5700,34689,30864244.00,,AKSHARE,close_negative,主板,2000-2009,889.7415,全史负价（源侧缺陷）。OHLC 整体为负但列间比例自洽→疑似源历史段符号/量纲伪影，须回源确证
2026-09-23,001872,2000-02-22,-6.270,-6.250,-6.760,-6.700,,-0.430,-6.8600,17816,15539267.00,,AKSHARE,close_negative,主板,2000-2009,872.2085,全史负价（源侧缺陷）。OHLC 整体为负但列间比例自洽→疑似源历史段符号/量纲伪影，须回源确证
2026-09-23,001872,2000-02-23,-6.790,-6.610,-6.840,-6.780,,-0.080,-1.1900,10020,8305148.50,,AKSHARE,close_negative,主板,2000-2009,828.8571,全史负价（源侧缺陷）。OHLC 整体为负但列间比例自洽→疑似源历史段符号/量纲伪影，须回源确证
2026-09-23,001872,2000-02-24,-6.770,-6.680,-6.790,-6.680,,0.100,1.4700,4947,4094090.50,,AKSHARE,close_negative,主板,2000-2009,827.5906,全史负价（源侧缺陷）。OHLC 整体为负但列间比例自洽→疑似源历史段符号/量纲伪影，须回源确证
2026-09-23,001872,2000-02-25,-6.680,-6.680,-6.840,-6.780,,-0.100,-1.5000,7174,5868524.50,,AKSHARE,close_negative,主板,2000-2009,818.0268,全史负价（源侧缺陷）。OHLC 整体为负但列间比例自洽→疑似源历史段符号/量纲伪影，须回源确证
2026-09-23,001872,2000-02-28,-6.760,-6.630,-6.840,-6.660,,0.120,1.7700,9002,7489567.50,,AKSHARE,close_negative,主板,2000-2009,831.9893,全史负价（源侧缺陷）。OHLC 整体为负但列间比例自洽→疑似源历史段符号/量纲伪影，须回源确证
2026-09-23,001872,2000-02-29,-6.620,-6.410,-6.740,-6.570,,0.090,1.3500,13185,11238479.00,,AKSHARE,close_negative,主板,2000-2009,852.3685,全史负价（源侧缺陷）。OHLC 整体为负但列间比例自洽→疑似源历史段符号/量纲伪影，须回源确证
2026-09-23,001872,2000-03-01,-6.540,-6.430,-6.630,-6.530,,0.040,0.6100,13511,11741153.00,,AKSHARE,close_negative,主板,2000-2009,869.007,全史负价（源侧缺陷）。OHLC 整体为负但列间比例自洽→疑似源历史段符号/量纲伪影，须回源确证
2026-09-23,001872,2000-03-02,-6.530,-6.350,-6.580,-6.410,,0.120,1.8400,20878,18476312.00,,AKSHARE,close_negative,主板,2000-2009,884.9656,全史负价（源侧缺陷）。OHLC 整体为负但列间比例自洽→疑似源历史段符号/量纲伪影，须回源确证
2026-09-23,001872,2000-03-03,-6.350,-6.160,-6.460,-6.440,,-0.030,-0.4700,34475,31378180.00,,AKSHARE,close_negative,主板,2000-2009,910.172,全史负价（源侧缺陷）。OHLC 整体为负但列间比例自洽→疑似源历史段符号/量纲伪影，须回源确证
2026-09-23,001872,2000-03-06,-6.360,-6.360,-6.750,-6.730,,-0.290,-4.5000,15588,13390311.00,,AKSHARE,close_negative,主板,2000-2009,859.014,全史负价（源侧缺陷）。OHLC 整体为负但列间比例自洽→疑似源历史段符号/量纲伪影，须回源确证
2026-09-23,001872,2000-03-07,-6.780,-6.630,-6.810,-6.680,,0.050,0.7400,6376,5300395.50,,AKSHARE,close_negative,主板,2000-2009,831.3042,全史负价（源侧缺陷）。OHLC 整体为负但列间比例自洽→疑似源历史段符号/量纲伪影，须回源确证
2026-09-23,001872,2000-03-08,-6.650,-6.630,-6.730,-6.650,,0.030,0.4500,6550,5490998.50,,AKSHARE,close_negative,主板,2000-2009,838.3204,全史负价（源侧缺陷）。OHLC 整体为负但列间比例自洽→疑似源历史段符号/量纲伪影，须回源确证
2026-09-23,001872,2000-03-09,-6.650,-6.520,-6.710,-6.630,,0.020,0.3000,8596,7274476.50,,AKSHARE,close_negative,主板,2000-2009,846.263,全史负价（源侧缺陷）。OHLC 整体为负但列间比例自洽→疑似源历史段符号/量纲伪影，须回源确证
2026-09-23,001872,2000-03-10,-6.620,-6.620,-6.760,-6.730,,-0.100,-1.5100,6480,5387662.50,,AKSHARE,close_negative,主板,2000-2009,831.4294,全史负价（源侧缺陷）。OHLC 整体为负但列间比例自洽→疑似源历史段符号/量纲伪影，须回源确证
2026-09-23,001872,2000-03-13,-6.750,-6.570,-6.760,-6.580,,0.150,2.2300,4781,4036980.75,,AKSHARE,close_negative,主板,2000-2009,844.38,全史负价（源侧缺陷）。OHLC 整体为负但列间比例自洽→疑似源历史段符号/量纲伪影，须回源确证
2026-09-23,001872,2000-03-14,-6.590,-6.590,-6.790,-6.670,,-0.090,-1.3700,7557,6285481.50,,AKSHARE,close_negative,主板,2000-2009,831.743,全史负价（源侧缺陷）。OHLC 整体为负但列间比例自洽→疑似源历史段符号/量纲伪影，须回源确证
2026-09-23,001872,2000-03-15,-6.660,-6.440,-6.660,-6.490,,0.180,2.7000,16496,14388748.00,,AKSHARE,close_negative,主板,2000-2009,872.2568,全史负价（源侧缺陷）。OHLC 整体为负但列间比例自洽→疑似源历史段符号/量纲伪影，须回源确证
2026-09-23,001872,2000-03-16,-6.460,-6.310,-6.730,-6.590,,-0.100,-1.5400,32351,28623514.00,,AKSHARE,close_negative,主板,2000-2009,884.7799,全史负价（源侧缺陷）。OHLC 整体为负但列间比例自洽→疑似源历史段符号/量纲伪影，须回源确证
2026-09-23,001872,2000-03-17,-6.730,-6.460,-6.730,-6.500,,0.090,1.3700,15181,13106500.00,,AKSHARE,close_negative,主板,2000-2009,863.3489,全史负价（源侧缺陷）。OHLC 整体为负但列间比例自洽→疑似源历史段符号/量纲伪影，须回源确证
2026-09-23,001872,2000-03-20,-6.630,-6.070,-6.700,-6.190,,0.310,4.7700,49035,45204868.00,,AKSHARE,close_negative,主板,2000-2009,921.8898,全史负价（源侧缺陷）。OHLC 整体为负但列间比例自洽→疑似源历史段符号/量纲伪影，须回源确证
2026-09-23,001872,2000-03-21,-6.160,-6.150,-6.350,-6.280,,-0.090,-1.4500,20804,18980554.00,,AKSHARE,close_negative,主板,2000-2009,912.3512,全史负价（源侧缺陷）。OHLC 整体为负但列间比例自洽→疑似源历史段符号/量纲伪影，须回源确证
2026-09-23,001872,2000-03-22,-6.270,-6.000,-6.270,-6.180,,0.100,1.5900,27806,26146038.00,,AKSHARE,close_negative,主板,2000-2009,940.302,全史负价（源侧缺陷）。OHLC 整体为负但列间比例自洽→疑似源历史段符号/量纲伪影，须回源确证
2026-09-23,001872,2000-03-23,-6.150,-6.080,-6.280,-6.110,,0.070,1.1300,18391,17067374.00,,AKSHARE,close_negative,主板,2000-2009,928.0286,全史负价（源侧缺陷）。OHLC 整体为负但列间比例自洽→疑似源历史段符号/量纲伪影，须回源确证
2026-09-23,001872,2000-03-24,-6.030,-6.030,-6.330,-6.300,,-0.190,-3.1100,23412,22059612.00,,AKSHARE,close_negative,主板,2000-2009,942.2353,全史负价（源侧缺陷）。OHLC 整体为负但列间比例自洽→疑似源历史段符号/量纲伪影，须回源确证
2026-09-23,001872,2000-03-27,-6.310,-5.810,-6.310,-5.810,,0.490,7.7800,40716,39752788.00,,AKSHARE,close_negative,主板,2000-2009,976.3432,全史负价（源侧缺陷）。OHLC 整体为负但列间比例自洽→疑似源历史段符号/量纲伪影，须回源确证
2026-09-23,001872,2000-03-28,-5.710,-5.650,-5.930,-5.870,,-0.060,-1.0300,37512,37605740.00,,AKSHARE,close_negative,主板,2000-2009,1002.4989,全史负价（源侧缺陷）。OHLC 整体为负但列间比例自洽→疑似源历史段符号/量纲伪影，须回源确证
2026-09-23,001872,2000-03-29,-5.850,-5.770,-6.140,-5.990,,-0.120,-2.0400,21021,20239482.00,,AKSHARE,close_negative,主板,2000-2009,962.822,全史负价（源侧缺陷）。OHLC 整体为负但列间比例自洽→疑似源历史段符号/量纲伪影，须回源确证
2026-09-23,001872,2000-03-30,-6.000,-5.840,-6.030,-5.900,,0.090,1.5000,17347,17002774.00,,AKSHARE,close_negative,主板,2000-2009,980.1565,全史负价（源侧缺陷）。OHLC 整体为负但列间比例自洽→疑似源历史段符号/量纲伪影，须回源确证
2026-09-23,001872,2000-03-31,-5.860,-5.460,-5.900,-5.580,,0.320,5.4200,48288,49328916.00,,AKSHARE,close_negative,主板,2000-2009,1021.5564,全史负价（源侧缺陷）。OHLC 整体为负但列间比例自洽→疑似源历史段符号/量纲伪影，须回源确证
2026-09-23,001872,2000-04-03,-5.560,-5.440,-5.760,-5.740,,-0.160,-2.8700,32821,34067840.00,,AKSHARE,close_negative,主板,2000-2009,1037.9891,全史负价（源侧缺陷）。OHLC 整体为负但列间比例自洽→疑似源历史段符号/量纲伪影，须回源确证
2026-09-23,001872,2000-04-04,-5.790,-5.770,-6.080,-6.040,,-0.300,-5.2300,22007,21455898.00,,AKSHARE,close_negative,主板,2000-2009,974.9579,全史负价（源侧缺陷）。OHLC 整体为负但列间比例自洽→疑似源历史段符号/量纲伪影，须回源确证
2026-09-23,001872,2000-04-05,-6.080,-5.910,-6.130,-5.930,,0.110,1.8200,13632,13151322.00,,AKSHARE,close_negative,主板,2000-2009,964.739,全史负价（源侧缺陷）。OHLC 整体为负但列间比例自洽→疑似源历史段符号/量纲伪影，须回源确证
2026-09-23,001872,2000-04-06,-5.900,-5.490,-5.900,-5.500,,0.430,7.2500,43742,45349992.00,,AKSHARE,close_negative,主板,2000-2009,1036.7608,全史负价（源侧缺陷）。OHLC 整体为负但列间比例自洽→疑似源历史段符号/量纲伪影，须回源确证
2026-09-23,001872,2000-04-07,-5.440,-5.120,-5.490,-5.410,,0.090,1.6400,55190,60046480.00,,AKSHARE,close_negative,主板,2000-2009,1087.9957,全史负价（源侧缺陷）。OHLC 整体为负但列间比例自洽→疑似源历史段符号/量纲伪影，须回源确证
2026-09-23,001872,2000-04-10,-5.410,-5.300,-5.590,-5.470,,-0.060,-1.1100,22658,24148092.00,,AKSHARE,close_negative,主板,2000-2009,1065.7645,全史负价（源侧缺陷）。OHLC 整体为负但列间比例自洽→疑似源历史段符号/量纲伪影，须回源确证
2026-09-23,001872,2000-04-11,-5.470,-5.430,-5.620,-5.610,,-0.140,-2.5600,17272,18089858.00,,AKSHARE,close_negative,主板,2000-2009,1047.3517,全史负价（源侧缺陷）。OHLC 整体为负但列间比例自洽→疑似源历史段符号/量纲伪影，须回源确证
2026-09-23,001872,2000-04-12,-5.610,-5.500,-5.790,-5.650,,-0.040,-0.7100,13639,14067473.00,,AKSHARE,close_negative,主板,2000-2009,1031.4153,全史负价（源侧缺陷）。OHLC 整体为负但列间比例自洽→疑似源历史段符号/量纲伪影，须回源确证
2026-09-23,001872,2000-04-13,-5.650,-5.550,-5.710,-5.660,,-0.010,-0.1800,12570,12991396.00,,AKSHARE,close_negative,主板,2000-2009,1033.5239,全史负价（源侧缺陷）。OHLC 整体为负但列间比例自洽→疑似源历史段符号/量纲伪影，须回源确证
2026-09-23,001872,2000-04-14,-5.630,-5.630,-5.770,-5.750,,-0.090,-1.5900,14311,14528040.00,,AKSHARE,close_negative,主板,2000-2009,1015.166,全史负价（源侧缺陷）。OHLC 整体为负但列间比例自洽→疑似源历史段符号/量纲伪影，须回源确证
2026-09-23,001872,2000-04-17,-5.810,-5.760,-6.000,-5.940,,-0.190,-3.3000,16022,15699202.00,,AKSHARE,close_negative,主板,2000-2009,979.8528,全史负价（源侧缺陷）。OHLC 整体为负但列间比例自洽→疑似源历史段符号/量纲伪影，须回源确证
2026-09-23,001872,2000-04-18,-5.980,-5.830,-5.990,-5.840,,0.100,1.6800,8026,7941215.00,,AKSHARE,close_negative,主板,2000-2009,989.4362,全史负价（源侧缺陷）。OHLC 整体为负但列间比例自洽→疑似源历史段符号/量纲伪影，须回源确证
2026-09-23,001872,2000-04-19,-5.840,-5.790,-5.880,-5.870,,-0.030,-0.5100,8443,8402695.00,,AKSHARE,close_negative,主板,2000-2009,995.2262,全史负价（源侧缺陷）。OHLC 整体为负但列间比例自洽→疑似源历史段符号/量纲伪影，须回源确证
2026-09-23,001872,2000-04-20,-5.720,-5.380,-5.750,-5.570,,0.300,5.1100,16419,17217208.00,,AKSHARE,close_negative,主板,2000-2009,1048.6149,全史负价（源侧缺陷）。OHLC 整体为负但列间比例自洽→疑似源历史段符号/量纲伪影，须回源确证
2026-09-23,001872,2000-04-21,-5.520,-5.490,-5.720,-5.700,,-0.130,-2.3300,6959,7275951.00,,AKSHARE,close_negative,主板,2000-2009,1045.5455,全史负价（源侧缺陷）。OHLC 整体为负但列间比例自洽→疑似源历史段符号/量纲伪影，须回源确证
2026-09-23,001872,2000-04-24,-5.810,-5.660,-5.810,-5.760,,-0.060,-1.0500,9729,9804082.00,,AKSHARE,close_negative,主板,2000-2009,1007.7173,全史负价（源侧缺陷）。OHLC 整体为负但列间比例自洽→疑似源历史段符号/量纲伪影，须回源确证
2026-09-23,001872,2000-04-25,-5.680,-5.670,-5.830,-5.760,,,,6988,7030062.00,,AKSHARE,close_negative,主板,2000-2009,1006.0192,全史负价（源侧缺陷）。OHLC 整体为负但列间比例自洽→疑似源历史段符号/量纲伪影，须回源确证
2026-09-23,001872,2000-04-26,-5.760,-5.710,-5.830,-5.810,,-0.050,-0.8700,6464,6495654.50,,AKSHARE,close_negative,主板,2000-2009,1004.897,全史负价（源侧缺陷）。OHLC 整体为负但列间比例自洽→疑似源历史段符号/量纲伪影，须回源确证
2026-09-23,001872,2000-04-27,-5.810,-5.790,-5.990,-5.980,,-0.170,-2.9300,7967,7819340.50,,AKSHARE,close_negative,主板,2000-2009,981.4661,全史负价（源侧缺陷）。OHLC 整体为负但列间比例自洽→疑似源历史段符号/量纲伪影，须回源确证
2026-09-23,001872,2000-04-28,-5.980,-5.890,-6.080,-5.910,,0.070,1.1700,8807,8516690.00,,AKSHARE,close_negative,主板,2000-2009,967.0364,全史负价（源侧缺陷）。OHLC 整体为负但列间比例自洽→疑似源历史段符号/量纲伪影，须回源确证
2026-09-23,001872,2000-05-08,-5.910,-5.830,-6.030,-5.870,,0.040,0.6800,6779,6617431.50,,AKSHARE,close_negative,主板,2000-2009,976.1663,全史负价（源侧缺陷）。OHLC 整体为负但列间比例自洽→疑似源历史段符号/量纲伪影，须回源确证
2026-09-23,001872,2000-05-09,-5.870,-5.870,-6.040,-6.020,,-0.150,-2.5600,4090,3960849.00,,AKSHARE,close_negative,主板,2000-2009,968.4227,全史负价（源侧缺陷）。OHLC 整体为负但列间比例自洽→疑似源历史段符号/量纲伪影，须回源确证
2026-09-23,001872,2000-05-10,-6.060,-5.990,-6.260,-6.250,,-0.230,-3.8200,6456,6034870.00,,AKSHARE,close_negative,主板,2000-2009,934.7692,全史负价（源侧缺陷）。OHLC 整体为负但列间比例自洽→疑似源历史段符号/量纲伪影，须回源确证
2026-09-23,001872,2000-05-11,-6.270,-6.170,-6.330,-6.310,,-0.060,-0.9600,4281,3938041.25,,AKSHARE,close_negative,主板,2000-2009,919.8882,全史负价（源侧缺陷）。OHLC 整体为负但列间比例自洽→疑似源历史段符号/量纲伪影，须回源确证
2026-09-23,001872,2000-05-12,-6.300,-6.220,-6.330,-6.270,,0.040,0.6300,4906,4494689.00,,AKSHARE,close_negative,主板,2000-2009,916.1616,全史负价（源侧缺陷）。OHLC 整体为负但列间比例自洽→疑似源历史段符号/量纲伪影，须回源确证
2026-09-23,001872,2000-05-15,-6.260,-6.080,-6.300,-6.200,,0.070,1.1200,7002,6526059.00,,AKSHARE,close_negative,主板,2000-2009,932.0278,全史负价（源侧缺陷）。OHLC 整体为负但列间比例自洽→疑似源历史段符号/量纲伪影，须回源确证
2026-09-23,001872,2000-05-16,-6.140,-6.090,-6.200,-6.180,,0.020,0.3200,4063,3816541.75,,AKSHARE,close_negative,主板,2000-2009,939.3408,全史负价（源侧缺陷）。OHLC 整体为负但列间比例自洽→疑似源历史段符号/量纲伪影，须回源确证
2026-09-23,001872,2000-05-17,-6.160,-6.140,-6.260,-6.150,,0.030,0.4900,4383,4064921.75,,AKSHARE,close_negative,主板,2000-2009,927.4291,全史负价（源侧缺陷）。OHLC 整体为负但列间比例自洽→疑似源历史段符号/量纲伪影，须回源确证
2026-09-23,001872,2000-05-18,-6.150,-5.980,-6.190,-5.990,,0.160,2.6000,6533,6242142.00,,AKSHARE,close_negative,主板,2000-2009,955.4786,全史负价（源侧缺陷）。OHLC 整体为负但列间比例自洽→疑似源历史段符号/量纲伪影，须回源确证
2026-09-23,001872,2000-05-19,-5.960,-5.830,-6.060,-5.870,,0.120,2.0000,15162,14888872.00,,AKSHARE,close_negative,主板,2000-2009,981.986,全史负价（源侧缺陷）。OHLC 整体为负但列间比例自洽→疑似源历史段符号/量纲伪影，须回源确证
2026-09-23,001872,2000-05-23,-5.840,-5.650,-5.920,-5.690,,0.180,3.0700,17455,17730168.00,,AKSHARE,close_negative,主板,2000-2009,1015.7644,全史负价（源侧缺陷）。OHLC 整体为负但列间比例自洽→疑似源历史段符号/量纲伪影，须回源确证
2026-09-23,001872,2000-05-24,-5.650,-5.520,-5.720,-5.670,,0.020,0.3500,18647,19342368.00,,AKSHARE,close_negative,主板,2000-2009,1037.2911,全史负价（源侧缺陷）。OHLC 整体为负但列间比例自洽→疑似源历史段符号/量纲伪影，须回源确证
2026-09-23,001872,2000-05-25,-5.640,-5.380,-5.640,-5.440,,0.230,4.0600,31878,33910640.00,,AKSHARE,close_negative,主板,2000-2009,1063.7631,全史负价（源侧缺陷）。OHLC 整体为负但列间比例自洽→疑似源历史段符号/量纲伪影，须回源确证
2026-09-23,001872,2000-05-26,-5.380,-5.370,-5.590,-5.570,,-0.130,-2.3900,17984,18960716.00,,AKSHARE,close_negative,主板,2000-2009,1054.3103,全史负价（源侧缺陷）。OHLC 整体为负但列间比例自洽→疑似源历史段符号/量纲伪影，须回源确证
2026-09-23,001872,2000-05-29,-5.570,-5.460,-5.680,-5.470,,0.100,1.8000,15905,16599109.00,,AKSHARE,close_negative,主板,2000-2009,1043.6409,全史负价（源侧缺陷）。OHLC 整体为负但列间比例自洽→疑似源历史段符号/量纲伪影，须回源确证
2026-09-23,001872,2000-05-30,-5.440,-5.420,-5.650,-5.640,,-0.170,-3.1100,11099,11602655.00,,AKSHARE,close_negative,主板,2000-2009,1045.3784,全史负价（源侧缺陷）。OHLC 整体为负但列间比例自洽→疑似源历史段符号/量纲伪影，须回源确证
2026-09-23,001872,2000-05-31,-5.680,-5.540,-5.710,-5.600,,0.040,0.7100,9509,9845540.00,,AKSHARE,close_negative,主板,2000-2009,1035.3917,全史负价（源侧缺陷）。OHLC 整体为负但列间比例自洽→疑似源历史段符号/量纲伪影，须回源确证
2026-09-23,001872,2000-06-01,-5.600,-5.500,-5.650,-5.590,,0.010,0.1800,8638,9010883.00,,AKSHARE,close_negative,主板,2000-2009,1043.1677,全史负价（源侧缺陷）。OHLC 整体为负但列间比例自洽→疑似源历史段符号/量纲伪影，须回源确证
2026-09-23,001872,2000-06-02,-5.570,-5.250,-5.650,-5.330,,0.260,4.6500,40524,43879548.00,,AKSHARE,close_negative,主板,2000-2009,1082.804,全史负价（源侧缺陷）。OHLC 整体为负但列间比例自洽→疑似源历史段符号/量纲伪影，须回源确证
2026-09-23,001872,2000-06-05,-5.280,-5.130,-5.550,-5.500,,-0.170,-3.1900,30480,33428812.00,,AKSHARE,close_negative,主板,2000-2009,1096.7458,全史负价（源侧缺陷）。OHLC 整体为负但列间比例自洽→疑似源历史段符号/量纲伪影，须回源确证
2026-09-23,001872,2000-06-06,-5.550,-5.380,-5.600,-5.400,,0.100,1.8200,13434,14326028.00,,AKSHARE,close_negative,主板,2000-2009,1066.4008,全史负价（源侧缺陷）。OHLC 整体为负但列间比例自洽→疑似源历史段符号/量纲伪影，须回源确证
2026-09-23,001872,2000-06-07,-5.360,-4.820,-5.400,-5.020,,0.380,7.0400,67791,77464440.00,,AKSHARE,close_negative,主板,2000-2009,1142.695,全史负价（源侧缺陷）。OHLC 整体为负但列间比例自洽→疑似源历史段符号/量纲伪影，须回源确证
2026-09-23,001872,2000-06-08,-5.010,-4.860,-5.140,-4.970,,0.050,1.0000,36705,42389904.00,,AKSHARE,close_negative,主板,2000-2009,1154.8809,全史负价（源侧缺陷）。OHLC 整体为负但列间比例自洽→疑似源历史段符号/量纲伪影，须回源确证
2026-09-23,001872,2000-06-09,-4.970,-4.820,-5.210,-5.190,,-0.220,-4.4300,27841,31977770.00,,AKSHARE,close_negative,主板,2000-2009,1148.5855,全史负价（源侧缺陷）。OHLC 整体为负但列间比例自洽→疑似源历史段符号/量纲伪影，须回源确证
2026-09-23,001872,2000-06-12,-5.280,-4.900,-5.280,-4.930,,0.260,5.0100,18242,20739242.00,,AKSHARE,close_negative,主板,2000-2009,1136.8952,全史负价（源侧缺陷）。OHLC 整体为负但列间比例自洽→疑似源历史段符号/量纲伪影，须回源确证
2026-09-23,001872,2000-06-13,-4.900,-4.850,-5.030,-4.900,,0.030,0.6100,15926,18531624.00,,AKSHARE,close_negative,主板,2000-2009,1163.6082,全史负价（源侧缺陷）。OHLC 整体为负但列间比例自洽→疑似源历史段符号/量纲伪影，须回源确证
2026-09-23,001872,2000-06-14,-4.870,-4.850,-5.110,-5.060,,-0.160,-3.2700,17312,19864396.00,,AKSHARE,close_negative,主板,2000-2009,1147.4351,全史负价（源侧缺陷）。OHLC 整体为负但列间比例自洽→疑似源历史段符号/量纲伪影，须回源确证
2026-09-23,001872,2000-06-15,-5.090,-4.940,-5.120,-4.960,,0.100,1.9800,14119,16139993.00,,AKSHARE,close_negative,主板,2000-2009,1143.14,全史负价（源侧缺陷）。OHLC 整体为负但列间比例自洽→疑似源历史段符号/量纲伪影，须回源确证
2026-09-23,001872,2000-06-16,-4.980,-4.960,-5.180,-5.160,,-0.200,-4.0300,12097,13717400.00,,AKSHARE,close_negative,主板,2000-2009,1133.9506,全史负价（源侧缺陷）。OHLC 整体为负但列间比例自洽→疑似源历史段符号/量纲伪影，须回源确证
2026-09-23,001872,2000-06-19,-5.200,-5.200,-5.380,-5.360,,-0.200,-3.8800,14747,16132654.00,,AKSHARE,close_negative,主板,2000-2009,1093.9618,全史负价（源侧缺陷）。OHLC 整体为负但列间比例自洽→疑似源历史段符号/量纲伪影，须回源确证
2026-09-23,001872,2000-06-20,-5.380,-5.280,-5.480,-5.430,,-0.070,-1.3100,9477,10200569.00,,AKSHARE,close_negative,主板,2000-2009,1076.35,全史负价（源侧缺陷）。OHLC 整体为负但列间比例自洽→疑似源历史段符号/量纲伪影，须回源确证
2026-09-23,001872,2000-06-21,-5.430,-5.170,-5.470,-5.200,,0.230,4.2400,9084,9972176.00,,AKSHARE,close_negative,主板,2000-2009,1097.7737,全史负价（源侧缺陷）。OHLC 整体为负但列间比例自洽→疑似源历史段符号/量纲伪影，须回源确证
2026-09-23,001872,2000-06-22,-5.230,-5.140,-5.280,-5.240,,-0.040,-0.7700,6037,6713384.50,,AKSHARE,close_negative,主板,2000-2009,1112.0398,全史负价（源侧缺陷）。OHLC 整体为负但列间比例自洽→疑似源历史段符号/量纲伪影，须回源确证
2026-09-23,001872,2000-06-23,-5.240,-5.120,-5.280,-5.180,,0.060,1.1500,7470,8350417.00,,AKSHARE,close_negative,主板,2000-2009,1117.8604,全史负价（源侧缺陷）。OHLC 整体为负但列间比例自洽→疑似源历史段符号/量纲伪影，须回源确证
2026-09-23,001872,2000-06-26,-5.170,-4.930,-5.170,-5.040,,0.140,2.7000,10416,11931497.00,,AKSHARE,close_negative,主板,2000-2009,1145.497,全史负价（源侧缺陷）。OHLC 整体为负但列间比例自洽→疑似源历史段符号/量纲伪影，须回源确证
2026-09-23,001872,2000-06-27,-5.070,-4.980,-5.270,-5.090,,-0.050,-0.9900,8197,9351864.00,,AKSHARE,close_negative,主板,2000-2009,1140.8886,全史负价（源侧缺陷）。OHLC 整体为负但列间比例自洽→疑似源历史段符号/量纲伪影，须回源确证
2026-09-23,001872,2000-06-28,-5.090,-5.020,-5.170,-5.160,,-0.070,-1.3800,7582,8572828.00,,AKSHARE,close_negative,主板,2000-2009,1130.6816,全史负价（源侧缺陷）。OHLC 整体为负但列间比例自洽→疑似源历史段符号/量纲伪影，须回源确证
2026-09-23,001872,2000-06-29,-5.110,-4.800,-5.220,-4.850,,0.310,6.0100,26926,31258348.00,,AKSHARE,close_negative,主板,2000-2009,1160.8983,全史负价（源侧缺陷）。OHLC 整体为负但列间比例自洽→疑似源历史段符号/量纲伪影，须回源确证
2026-09-23,001872,2000-06-30,-4.830,-4.550,-4.900,-4.860,,-0.010,-0.2100,45193,54323220.00,,AKSHARE,close_negative,主板,2000-2009,1202.0273,全史负价（源侧缺陷）。OHLC 整体为负但列间比例自洽→疑似源历史段符号/量纲伪影，须回源确证
2026-09-23,001872,2000-07-03,-4.850,-4.590,-5.010,-4.770,,0.090,1.8500,25294,30253598.00,,AKSHARE,close_negative,主板,2000-2009,1196.078,全史负价（源侧缺陷）。OHLC 整体为负但列间比例自洽→疑似源历史段符号/量纲伪影，须回源确证
2026-09-23,001872,2000-07-04,-4.850,-4.670,-4.870,-4.780,,-0.010,-0.2100,10293,12246203.00,,AKSHARE,close_negative,主板,2000-2009,1189.7603,全史负价（源侧缺陷）。OHLC 整体为负但列间比例自洽→疑似源历史段符号/量纲伪影，须回源确证
2026-09-23,001872,2000-07-05,-4.780,-4.590,-4.850,-4.700,,0.080,1.6700,15900,19207150.00,,AKSHARE,close_negative,主板,2000-2009,1207.9969,全史负价（源侧缺陷）。OHLC 整体为负但列间比例自洽→疑似源历史段符号/量纲伪影，须回源确证
2026-09-23,001872,2000-07-06,-4.660,-4.660,-4.820,-4.810,,-0.110,-2.3400,8843,10536370.00,,AKSHARE,close_negative,主板,2000-2009,1191.4927,全史负价（源侧缺陷）。OHLC 整体为负但列间比例自洽→疑似源历史段符号/量纲伪影，须回源确证
2026-09-23,001872,2000-07-07,-4.800,-4.710,-4.820,-4.780,,0.030,0.6200,9571,11415016.00,,AKSHARE,close_negative,主板,2000-2009,1192.667,全史负价（源侧缺陷）。OHLC 整体为负但列间比例自洽→疑似源历史段符号/量纲伪影，须回源确证
2026-09-23,001872,2000-07-10,-4.720,-4.490,-4.780,-4.530,,0.250,5.2300,14974,18369450.00,,AKSHARE,close_negative,主板,2000-2009,1226.7564,全史负价（源侧缺陷）。OHLC 整体为负但列间比例自洽→疑似源历史段符号/量纲伪影，须回源确证
2026-09-23,001872,2000-07-11,-4.520,-4.470,-4.660,-4.610,,-0.080,-1.7700,11437,14092886.00,,AKSHARE,close_negative,主板,2000-2009,1232.2188,全史负价（源侧缺陷）。OHLC 整体为负但列间比例自洽→疑似源历史段符号/量纲伪影，须回源确证
2026-09-23,001872,2000-07-12,-4.610,-4.470,-4.630,-4.570,,0.040,0.8700,10166,12581360.00,,AKSHARE,close_negative,主板,2000-2009,1237.592,全史负价（源侧缺陷）。OHLC 整体为负但列间比例自洽→疑似源历史段符号/量纲伪影，须回源确证
2026-09-23,001872,2000-07-13,-4.580,-4.550,-4.850,-4.790,,-0.220,-4.8100,17357,20854738.00,,AKSHARE,close_negative,主板,2000-2009,1201.5174,全史负价（源侧缺陷）。OHLC 整体为负但列间比例自洽→疑似源历史段符号/量纲伪影，须回源确证
2026-09-23,001872,2000-07-14,-4.850,-4.730,-4.870,-4.790,,,,7905,9388530.00,,AKSHARE,close_negative,主板,2000-2009,1187.6698,全史负价（源侧缺陷）。OHLC 整体为负但列间比例自洽→疑似源历史段符号/量纲伪影，须回源确证
2026-09-23,001872,2000-07-17,-4.740,-4.660,-4.850,-4.750,,0.040,0.8400,7546,9037616.00,,AKSHARE,close_negative,主板,2000-2009,1197.6698,全史负价（源侧缺陷）。OHLC 整体为负但列间比例自洽→疑似源历史段符号/量纲伪影，须回源确证
2026-09-23,001872,2000-07-18,-4.750,-4.590,-4.780,-4.710,,0.040,0.8400,4669,5624841.50,,AKSHARE,close_negative,主板,2000-2009,1204.7208,全史负价（源侧缺陷）。OHLC 整体为负但列间比例自洽→疑似源历史段符号/量纲伪影，须回源确证
2026-09-23,001872,2000-07-19,-4.630,-4.630,-4.800,-4.780,,-0.070,-1.4900,5109,6144222.50,,AKSHARE,close_negative,主板,2000-2009,1202.6272,全史负价（源侧缺陷）。OHLC 整体为负但列间比例自洽→疑似源历史段符号/量纲伪影，须回源确证
2026-09-23,001872,2000-07-20,-4.770,-4.740,-4.860,-4.830,,-0.050,-1.0500,6340,7506787.50,,AKSHARE,close_negative,主板,2000-2009,1184.0359,全史负价（源侧缺陷）。OHLC 整体为负但列间比例自洽→疑似源历史段符号/量纲伪影，须回源确证
2026-09-23,001872,2000-07-21,-4.830,-4.690,-4.850,-4.760,,0.070,1.4500,5315,6348413.00,,AKSHARE,close_negative,主板,2000-2009,1194.4333,全史负价（源侧缺陷）。OHLC 整体为负但列间比例自洽→疑似源历史段符号/量纲伪影，须回源确证
2026-09-23,001872,2000-07-24,-4.730,-4.690,-4.840,-4.700,,0.060,1.2600,6394,7544891.00,,AKSHARE,close_negative,主板,2000-2009,1179.9955,全史负价（源侧缺陷）。OHLC 整体为负但列间比例自洽→疑似源历史段符号/量纲伪影，须回源确证
2026-09-23,001872,2000-07-25,-4.700,-4.570,-4.760,-4.600,,0.100,2.1300,8015,9670687.00,,AKSHARE,close_negative,主板,2000-2009,1206.5735,全史负价（源侧缺陷）。OHLC 整体为负但列间比例自洽→疑似源历史段符号/量纲伪影，须回源确证
2026-09-23,001872,2000-07-26,-4.570,-4.520,-4.610,-4.520,,0.080,1.7400,10233,12478697.00,,AKSHARE,close_negative,主板,2000-2009,1219.4564,全史负价（源侧缺陷）。OHLC 整体为负但列间比例自洽→疑似源历史段符号/量纲伪影，须回源确证
2026-09-23,001872,2000-07-27,-4.470,-4.440,-4.600,-4.580,,-0.060,-1.3300,10480,12867565.00,,AKSHARE,close_negative,主板,2000-2009,1227.8211,全史负价（源侧缺陷）。OHLC 整体为负但列间比例自洽→疑似源历史段符号/量纲伪影，须回源确证
2026-09-23,001872,2000-07-28,-4.570,-4.520,-4.730,-4.680,,-0.100,-2.1800,7386,8917484.00,,AKSHARE,close_negative,主板,2000-2009,1207.3496,全史负价（源侧缺陷）。OHLC 整体为负但列间比例自洽→疑似源历史段符号/量纲伪影，须回源确证
2026-09-23,001872,2000-07-31,-4.680,-4.650,-4.780,-4.690,,-0.010,-0.2100,7410,8830132.00,,AKSHARE,close_negative,主板,2000-2009,1191.6507,全史负价（源侧缺陷）。OHLC 整体为负但列间比例自洽→疑似源历史段符号/量纲伪影，须回源确证
2026-09-23,001872,2000-08-01,-4.690,-4.680,-4.790,-4.750,,-0.060,-1.2800,7381,8761398.00,,AKSHARE,close_negative,主板,2000-2009,1187.0205,全史负价（源侧缺陷）。OHLC 整体为负但列间比例自洽→疑似源历史段符号/量纲伪影，须回源确证
2026-09-23,001872,2000-08-02,-4.750,-4.680,-4.790,-4.740,,0.010,0.2100,6224,7396860.00,,AKSHARE,close_negative,主板,2000-2009,1188.4415,全史负价（源侧缺陷）。OHLC 整体为负但列间比例自洽→疑似源历史段符号/量纲伪影，须回源确证
2026-09-23,001872,2000-08-03,-4.700,-4.520,-4.760,-4.570,,0.170,3.5900,14660,17691634.00,,AKSHARE,close_negative,主板,2000-2009,1206.7963,全史负价（源侧缺陷）。OHLC 整体为负但列间比例自洽→疑似源历史段符号/量纲伪影，须回源确证
2026-09-23,001872,2000-08-04,-4.560,-4.530,-4.760,-4.720,,-0.150,-3.2800,6976,8363181.50,,AKSHARE,close_negative,主板,2000-2009,1198.8506,全史负价（源侧缺陷）。OHLC 整体为负但列间比例自洽→疑似源历史段符号/量纲伪影，须回源确证
2026-09-23,001872,2000-08-07,-4.730,-4.730,-4.930,-4.870,,-0.150,-3.1800,11345,13199891.00,,AKSHARE,close_negative,主板,2000-2009,1163.4985,全史负价（源侧缺陷）。OHLC 整体为负但列间比例自洽→疑似源历史段符号/量纲伪影，须回源确证
2026-09-23,001872,2000-08-08,-4.860,-4.750,-4.860,-4.810,,0.060,1.2300,5371,6326729.00,,AKSHARE,close_negative,主板,2000-2009,1177.9425,全史负价（源侧缺陷）。OHLC 整体为负但列间比例自洽→疑似源历史段符号/量纲伪影，须回源确证
2026-09-23,001872,2000-08-09,-4.810,-4.760,-4.860,-4.790,,0.020,0.4200,6426,7536591.50,,AKSHARE,close_negative,主板,2000-2009,1172.8278,全史负价（源侧缺陷）。OHLC 整体为负但列间比例自洽→疑似源历史段符号/量纲伪影，须回源确证
2026-09-23,001872,2000-08-10,-4.780,-4.760,-4.920,-4.880,,-0.090,-1.8800,8750,10176803.00,,AKSHARE,close_negative,主板,2000-2009,1163.0632,全史负价（源侧缺陷）。OHLC 整体为负但列间比例自洽→疑似源历史段符号/量纲伪影，须回源确证
2026-09-23,001872,2000-08-11,-4.860,-4.760,-4.920,-4.820,,0.060,1.2300,6012,7023023.00,,AKSHARE,close_negative,主板,2000-2009,1168.1675,全史负价（源侧缺陷）。OHLC 整体为负但列间比例自洽→疑似源历史段符号/量纲伪影，须回源确证
2026-09-23,001872,2000-08-14,-4.810,-4.560,-4.820,-4.600,,0.220,4.5600,16335,19767910.00,,AKSHARE,close_negative,主板,2000-2009,1210.1567,全史负价（源侧缺陷）。OHLC 整体为负但列间比例自洽→疑似源历史段符号/量纲伪影，须回源确证
2026-09-23,001872,2000-08-15,-4.600,-4.570,-4.670,-4.610,,-0.010,-0.2200,8459,10219736.00,,AKSHARE,close_negative,主板,2000-2009,1208.1494,全史负价（源侧缺陷）。OHLC 整体为负但列间比例自洽→疑似源历史段符号/量纲伪影，须回源确证
2026-09-23,001872,2000-08-16,-4.600,-4.570,-4.760,-4.680,,-0.070,-1.5200,6380,7657520.50,,AKSHARE,close_negative,主板,2000-2009,1200.2383,全史负价（源侧缺陷）。OHLC 整体为负但列间比例自洽→疑似源历史段符号/量纲伪影，须回源确证
2026-09-23,001872,2000-08-17,-4.680,-4.620,-4.780,-4.780,,-0.100,-2.1400,6578,7837416.50,,AKSHARE,close_negative,主板,2000-2009,1191.4589,全史负价（源侧缺陷）。OHLC 整体为负但列间比例自洽→疑似源历史段符号/量纲伪影，须回源确证
2026-09-23,001872,2000-08-18,-4.770,-4.670,-4.780,-4.700,,0.080,1.6700,7485,8906295.00,,AKSHARE,close_negative,主板,2000-2009,1189.8858,全史负价（源侧缺陷）。OHLC 整体为负但列间比例自洽→疑似源历史段符号/量纲伪影，须回源确证
2026-09-23,001872,2000-08-21,-4.680,-4.520,-4.690,-4.540,,0.160,3.4000,15844,19248184.00,,AKSHARE,close_negative,主板,2000-2009,1214.8563,全史负价（源侧缺陷）。OHLC 整体为负但列间比例自洽→疑似源历史段符号/量纲伪影，须回源确证
2026-09-23,001872,2000-08-22,-4.520,-4.410,-4.760,-4.730,,-0.190,-4.1900,11355,13859676.00,,AKSHARE,close_negative,主板,2000-2009,1220.5791,全史负价（源侧缺陷）。OHLC 整体为负但列间比例自洽→疑似源历史段符号/量纲伪影，须回源确证
2026-09-23,001872,2000-08-23,-4.890,-4.700,-5.110,-4.790,,-0.060,-1.2700,12642,14723147.00,,AKSHARE,close_negative,主板,2000-2009,1164.6217,全史负价（源侧缺陷）。OHLC 整体为负但列间比例自洽→疑似源历史段符号/量纲伪影，须回源确证
2026-09-23,001872,2000-08-24,-4.820,-4.720,-4.900,-4.780,,0.010,0.2100,8368,9832082.00,,AKSHARE,close_negative,主板,2000-2009,1174.962,全史负价（源侧缺陷）。OHLC 整体为负但列间比例自洽→疑似源历史段符号/量纲伪影，须回源确证
2026-09-23,001872,2000-08-25,-4.740,-4.720,-4.860,-4.780,,,,4898,5769076.50,,AKSHARE,close_negative,主板,2000-2009,1177.8433,全史负价（源侧缺陷）。OHLC 整体为负但列间比例自洽→疑似源历史段符号/量纲伪影，须回源确证
2026-09-23,001872,2000-08-28,-4.780,-4.490,-4.780,-4.560,,0.220,4.6000,15753,19160794.00,,AKSHARE,close_negative,主板,2000-2009,1216.3267,全史负价（源侧缺陷）。OHLC 整体为负但列间比例自洽→疑似源历史段符号/量纲伪影，须回源确证
2026-09-23,001872,2000-08-29,-4.520,-4.520,-4.650,-4.540,,0.020,0.4400,10180,12427905.00,,AKSHARE,close_negative,主板,2000-2009,1220.8158,全史负价（源侧缺陷）。OHLC 整体为负但列间比例自洽→疑似源历史段符号/量纲伪影，须回源确证
2026-09-23,001872,2000-08-30,-4.520,-4.520,-4.680,-4.670,,-0.130,-2.8600,7579,9168151.00,,AKSHARE,close_negative,主板,2000-2009,1209.6782,全史负价（源侧缺陷）。OHLC 整体为负但列间比例自洽→疑似源历史段符号/量纲伪影，须回源确证
2026-09-23,001872,2000-08-31,-4.760,-4.760,-4.920,-4.910,,-0.240,-5.1400,9780,11418045.00,,AKSHARE,close_negative,主板,2000-2009,1167.4893,全史负价（源侧缺陷）。OHLC 整体为负但列间比例自洽→疑似源历史段符号/量纲伪影，须回源确证
2026-09-23,001872,2000-09-01,-4.950,-4.880,-5.050,-5.050,,-0.140,-2.8500,8176,9381902.00,,AKSHARE,close_negative,主板,2000-2009,1147.4929,全史负价（源侧缺陷）。OHLC 整体为负但列间比例自洽→疑似源历史段符号/量纲伪影，须回源确证
2026-09-23,001872,2000-09-04,-5.050,-4.880,-5.060,-4.890,,0.160,3.1700,4654,5301657.50,,AKSHARE,close_negative,主板,2000-2009,1139.1615,全史负价（源侧缺陷）。OHLC 整体为负但列间比例自洽→疑似源历史段符号/量纲伪影，须回源确证
2026-09-23,001872,2000-09-05,-4.870,-4.840,-5.130,-5.110,,-0.220,-4.5000,4128,4694375.50,,AKSHARE,close_negative,主板,2000-2009,1137.2034,全史负价（源侧缺陷）。OHLC 整体为负但列间比例自洽→疑似源历史段符号/量纲伪影，须回源确证
2026-09-23,001872,2000-09-06,-5.170,-5.100,-5.420,-5.380,,-0.270,-5.2800,5781,6321378.50,,AKSHARE,close_negative,主板,2000-2009,1093.4749,全史负价（源侧缺陷）。OHLC 整体为负但列间比例自洽→疑似源历史段符号/量纲伪影，须回源确证
2026-09-23,001872,2000-09-07,-5.390,-4.950,-5.390,-5.250,,0.130,2.4200,4990,5469388.00,,AKSHARE,close_negative,主板,2000-2009,1096.0697,全史负价（源侧缺陷）。OHLC 整体为负但列间比例自洽→疑似源历史段符号/量纲伪影，须回源确证
2026-09-23,001872,2000-09-08,-5.270,-5.200,-5.270,-5.240,,0.010,0.1900,2430,2660760.25,,AKSHARE,close_negative,主板,2000-2009,1094.9631,全史负价（源侧缺陷）。OHLC 整体为负但列间比例自洽→疑似源历史段符号/量纲伪影，须回源确证
2026-09-23,001872,2000-09-11,-5.160,-5.030,-5.270,-5.040,,0.200,3.8200,4361,4847732.00,,AKSHARE,close_negative,主板,2000-2009,1111.6102,全史负价（源侧缺陷）。OHLC 整体为负但列间比例自洽→疑似源历史段符号/量纲伪影，须回源确证
2026-09-23,001872,2000-09-12,-5.040,-5.030,-5.160,-5.100,,-0.060,-1.1900,3588,4033003.75,,AKSHARE,close_negative,主板,2000-2009,1124.0256,全史负价（源侧缺陷）。OHLC 整体为负但列间比例自洽→疑似源历史段符号/量纲伪影，须回源确证
2026-09-23,001872,2000-09-13,-5.110,-4.950,-5.110,-5.040,,0.060,1.1800,4430,5030787.00,,AKSHARE,close_negative,主板,2000-2009,1135.6178,全史负价（源侧缺陷）。OHLC 整体为负但列间比例自洽→疑似源历史段符号/量纲伪影，须回源确证
2026-09-23,001872,2000-09-14,-5.050,-4.970,-5.160,-5.040,,,,3164,3581790.00,,AKSHARE,close_negative,主板,2000-2009,1132.0449,全史负价（源侧缺陷）。OHLC 整体为负但列间比例自洽→疑似源历史段符号/量纲伪影，须回源确证
2026-09-23,001872,2000-09-15,-5.040,-4.970,-5.120,-5.000,,0.040,0.7900,2616,2960062.25,,AKSHARE,close_negative,主板,2000-2009,1131.5223,全史负价（源侧缺陷）。OHLC 整体为负但列间比例自洽→疑似源历史段符号/量纲伪影，须回源确证
2026-09-23,001872,2000-09-18,-5.050,-5.050,-5.190,-5.190,,-0.190,-3.8000,2912,3268325.50,,AKSHARE,close_negative,主板,2000-2009,1122.3645,全史负价（源侧缺陷）。OHLC 整体为负但列间比例自洽→疑似源历史段符号/量纲伪影，须回源确证
2026-09-23,001872,2000-09-19,-5.250,-5.250,-5.370,-5.320,,-0.130,-2.5000,3569,3860230.50,,AKSHARE,close_negative,主板,2000-2009,1081.6,全史负价（源侧缺陷）。OHLC 整体为负但列间比例自洽→疑似源历史段符号/量纲伪影，须回源确证
2026-09-23,001872,2000-09-20,-5.270,-5.140,-5.320,-5.140,,0.180,3.3800,3435,3765905.50,,AKSHARE,close_negative,主板,2000-2009,1096.3335,全史负价（源侧缺陷）。OHLC 整体为负但列间比例自洽→疑似源历史段符号/量纲伪影，须回源确证
2026-09-23,001872,2000-09-21,-5.140,-5.080,-5.320,-5.300,,-0.160,-3.1100,3326,3681302.25,,AKSHARE,close_negative,主板,2000-2009,1106.8257,全史负价（源侧缺陷）。OHLC 整体为负但列间比例自洽→疑似源历史段符号/量纲伪影，须回源确证
2026-09-23,001872,2000-09-22,-5.320,-5.270,-5.390,-5.370,,-0.070,-1.3200,3197,3434581.75,,AKSHARE,close_negative,主板,2000-2009,1074.314,全史负价（源侧缺陷）。OHLC 整体为负但列间比例自洽→疑似源历史段符号/量纲伪影，须回源确证
2026-09-23,001872,2000-09-25,-5.390,-5.280,-5.450,-5.430,,-0.060,-1.1200,1751,1862428.00,,AKSHARE,close_negative,主板,2000-2009,1063.6368,全史负价（源侧缺陷）。OHLC 整体为负但列间比例自洽→疑似源历史段符号/量纲伪影，须回源确证
2026-09-23,001872,2000-09-26,-5.430,-5.320,-5.430,-5.390,,0.040,0.7400,1453,1552648.62,,AKSHARE,close_negative,主板,2000-2009,1068.5813,全史负价（源侧缺陷）。OHLC 整体为负但列间比例自洽→疑似源历史段符号/量纲伪影，须回源确证
2026-09-23,001872,2000-09-27,-5.400,-5.280,-5.400,-5.310,,0.080,1.4800,2413,2603137.25,,AKSHARE,close_negative,主板,2000-2009,1078.797,全史负价（源侧缺陷）。OHLC 整体为负但列间比例自洽→疑似源历史段符号/量纲伪影，须回源确证
2026-09-23,001872,2000-09-28,-5.240,-5.240,-5.400,-5.400,,-0.090,-1.6900,1831,1963252.25,,AKSHARE,close_negative,主板,2000-2009,1072.2295,全史负价（源侧缺陷）。OHLC 整体为负但列间比例自洽→疑似源历史段符号/量纲伪影，须回源确证
2026-09-23,001872,2000-09-29,-5.380,-5.310,-5.380,-5.370,,0.030,0.5600,1889,2030409.00,,AKSHARE,close_negative,主板,2000-2009,1074.8592,全史负价（源侧缺陷）。OHLC 整体为负但列间比例自洽→疑似源历史段符号/量纲伪影，须回源确证
2026-09-23,001872,2000-10-09,-5.370,-5.250,-5.370,-5.270,,0.100,1.8600,1434,1551160.25,,AKSHARE,close_negative,主板,2000-2009,1081.7017,全史负价（源侧缺陷）。OHLC 整体为负但列间比例自洽→疑似源历史段符号/量纲伪影，须回源确证
2026-09-23,001872,2000-10-10,-5.220,-5.140,-5.250,-5.170,,0.100,1.9000,2996,3315255.00,,AKSHARE,close_negative,主板,2000-2009,1106.5604,全史负价（源侧缺陷）。OHLC 整体为负但列间比例自洽→疑似源历史段符号/量纲伪影，须回源确证
2026-09-23,001872,2000-10-11,-5.160,-5.140,-5.270,-5.270,,-0.100,-1.9300,2582,2837550.50,,AKSHARE,close_negative,主板,2000-2009,1098.9739,全史负价（源侧缺陷）。OHLC 整体为负但列间比例自洽→疑似源历史段符号/量纲伪影，须回源确证
2026-09-23,001872,2000-10-12,-5.280,-5.190,-5.350,-5.210,,0.060,1.1400,2444,2652772.50,,AKSHARE,close_negative,主板,2000-2009,1085.4225,全史负价（源侧缺陷）。OHLC 整体为负但列间比例自洽→疑似源历史段符号/量纲伪影，须回源确证
2026-09-23,001872,2000-10-13,-5.210,-5.170,-5.300,-5.230,,-0.020,-0.3800,2392,2614536.00,,AKSHARE,close_negative,主板,2000-2009,1093.0334,全史负价（源侧缺陷）。OHLC 整体为负但列间比例自洽→疑似源历史段符号/量纲伪影，须回源确证
2026-09-23,001872,2000-10-16,-5.240,-5.240,-5.350,-5.310,,-0.080,-1.5300,1917,2075523.75,,AKSHARE,close_negative,主板,2000-2009,1082.6937,全史负价（源侧缺陷）。OHLC 整体为负但列间比例自洽→疑似源历史段符号/量纲伪影，须回源确证
2026-09-23,001872,2000-10-17,-5.310,-5.230,-5.320,-5.280,,0.030,0.5600,1093,1187256.00,,AKSHARE,close_negative,主板,2000-2009,1086.236,全史负价（源侧缺陷）。OHLC 整体为负但列间比例自洽→疑似源历史段符号/量纲伪影，须回源确证
2026-09-23,001872,2000-10-18,-5.250,-5.210,-5.300,-5.270,,0.010,0.1900,2105,2293779.00,,AKSHARE,close_negative,主板,2000-2009,1089.6812,全史负价（源侧缺陷）。OHLC 整体为负但列间比例自洽→疑似源历史段符号/量纲伪影，须回源确证
2026-09-23,001872,2000-10-19,-5.210,-5.070,-5.210,-5.170,,0.100,1.9000,8174,9128656.00,,AKSHARE,close_negative,主板,2000-2009,1116.7918,全史负价（源侧缺陷）。OHLC 整体为负但列间比例自洽→疑似源历史段符号/量纲伪影，须回源确证
2026-09-23,001872,2000-10-20,-5.160,-5.080,-5.230,-5.090,,0.080,1.5500,3477,3861121.50,,AKSHARE,close_negative,主板,2000-2009,1110.475,全史负价（源侧缺陷）。OHLC 整体为负但列间比例自洽→疑似源历史段符号/量纲伪影，须回源确证
2026-09-23,001872,2000-10-23,-5.090,-5.040,-5.160,-5.100,,-0.010,-0.2000,3148,3533741.00,,AKSHARE,close_negative,主板,2000-2009,1122.5353,全史负价（源侧缺陷）。OHLC 整体为负但列间比例自洽→疑似源历史段符号/量纲伪影，须回源确证
2026-09-23,001872,2000-10-24,-5.110,-5.080,-5.190,-5.080,,0.020,0.3900,3160,3528281.75,,AKSHARE,close_negative,主板,2000-2009,1116.5449,全史负价（源侧缺陷）。OHLC 整体为负但列间比例自洽→疑似源历史段符号/量纲伪影，须回源确证
2026-09-23,001872,2000-10-25,-5.080,-5.010,-5.160,-5.040,,0.040,0.7900,6010,6776216.00,,AKSHARE,close_negative,主板,2000-2009,1127.4902,全史负价（源侧缺陷）。OHLC 整体为负但列间比例自洽→疑似源历史段符号/量纲伪影，须回源确证
2026-09-23,001872,2000-10-26,-5.040,-5.000,-5.110,-5.000,,0.040,0.7900,4354,4925112.50,,AKSHARE,close_negative,主板,2000-2009,1131.1696,全史负价（源侧缺陷）。OHLC 整体为负但列间比例自洽→疑似源历史段符号/量纲伪影，须回源确证
2026-09-23,001872,2000-10-27,-5.000,-4.890,-5.070,-4.950,,0.050,1.0000,6430,7372951.00,,AKSHARE,close_negative,主板,2000-2009,1146.6487,全史负价（源侧缺陷）。OHLC 整体为负但列间比例自洽→疑似源历史段符号/量纲伪影，须回源确证
2026-09-23,001872,2000-10-30,-4.940,-4.740,-4.960,-4.780,,0.170,3.4300,14053,16492752.00,,AKSHARE,close_negative,主板,2000-2009,1173.6108,全史负价（源侧缺陷）。OHLC 整体为负但列间比例自洽→疑似源历史段符号/量纲伪影，须回源确证
2026-09-23,001872,2000-10-31,-4.770,-4.720,-4.970,-4.970,,-0.190,-3.9700,5393,6286141.00,,AKSHARE,close_negative,主板,2000-2009,1165.6112,全史负价（源侧缺陷）。OHLC 整体为负但列间比例自洽→疑似源历史段符号/量纲伪影，须回源确证
2026-09-23,001872,2000-11-01,-4.970,-4.890,-4.970,-4.920,,0.050,1.0100,4431,5101483.50,,AKSHARE,close_negative,主板,2000-2009,1151.3165,全史负价（源侧缺陷）。OHLC 整体为负但列间比例自洽→疑似源历史段符号/量纲伪影，须回源确证
2026-09-23,001872,2000-11-02,-4.920,-4.890,-4.980,-4.970,,-0.050,-1.0200,3822,4388914.00,,AKSHARE,close_negative,主板,2000-2009,1148.3291,全史负价（源侧缺陷）。OHLC 整体为负但列间比例自洽→疑似源历史段符号/量纲伪影，须回源确证
2026-09-23,001872,2000-11-03,-4.920,-4.920,-5.050,-5.050,,-0.080,-1.6100,3603,4099774.00,,AKSHARE,close_negative,主板,2000-2009,1137.8779,全史负价（源侧缺陷）。OHLC 整体为负但列间比例自洽→疑似源历史段符号/量纲伪影，须回源确证
2026-09-23,001872,2000-11-06,-5.050,-4.970,-5.090,-4.990,,0.060,1.1900,2848,3237178.75,,AKSHARE,close_negative,主板,2000-2009,1136.6498,全史负价（源侧缺陷）。OHLC 整体为负但列间比例自洽→疑似源历史段符号/量纲伪影，须回源确证
2026-09-23,001872,2000-11-07,-5.050,-4.950,-5.050,-4.980,,0.010,0.2000,1936,2207065.00,,AKSHARE,close_negative,主板,2000-2009,1140.0129,全史负价（源侧缺陷）。OHLC 整体为负但列间比例自洽→疑似源历史段符号/量纲伪影，须回源确证
2026-09-23,001872,2000-11-08,-4.980,-4.900,-5.000,-4.920,,0.060,1.2000,2769,3181142.25,,AKSHARE,close_negative,主板,2000-2009,1148.8415,全史负价（源侧缺陷）。OHLC 整体为负但列间比例自洽→疑似源历史段符号/量纲伪影，须回源确证
2026-09-23,001872,2000-11-09,-4.920,-4.840,-4.950,-4.860,,0.060,1.2200,4550,5273961.00,,AKSHARE,close_negative,主板,2000-2009,1159.1123,全史负价（源侧缺陷）。OHLC 整体为负但列间比例自洽→疑似源历史段符号/量纲伪影，须回源确证
2026-09-23,001872,2000-11-10,-4.840,-4.840,-4.950,-4.880,,-0.020,-0.4100,7124,8269667.00,,AKSHARE,close_negative,主板,2000-2009,1160.8179,全史负价（源侧缺陷）。OHLC 整体为负但列间比例自洽→疑似源历史段符号/量纲伪影，须回源确证
2026-09-23,001872,2000-11-13,-4.880,-4.780,-4.890,-4.850,,0.030,0.6100,6279,7347373.50,,AKSHARE,close_negative,主板,2000-2009,1170.1503,全史负价（源侧缺陷）。OHLC 整体为负但列间比例自洽→疑似源历史段符号/量纲伪影，须回源确证
2026-09-23,001872,2000-11-14,-4.840,-4.830,-4.900,-4.840,,0.010,0.2100,6210,7231506.50,,AKSHARE,close_negative,主板,2000-2009,1164.4938,全史负价（源侧缺陷）。OHLC 整体为负但列间比例自洽→疑似源历史段符号/量纲伪影，须回源确证
2026-09-23,001872,2000-11-15,-4.840,-4.710,-4.840,-4.770,,0.070,1.4500,8728,10319011.00,,AKSHARE,close_negative,主板,2000-2009,1182.2882,全史负价（源侧缺陷）。OHLC 整体为负但列间比例自洽→疑似源历史段符号/量纲伪影，须回源确证
2026-09-23,001872,2000-11-16,-4.760,-4.680,-4.790,-4.680,,0.090,1.8900,12014,14308033.00,,AKSHARE,close_negative,主板,2000-2009,1190.9466,全史负价（源侧缺陷）。OHLC 整体为负但列间比例自洽→疑似源历史段符号/量纲伪影，须回源确证
2026-09-23,001872,2000-11-17,-4.680,-4.570,-4.690,-4.600,,0.080,1.7100,14594,17649886.00,,AKSHARE,close_negative,主板,2000-2009,1209.3933,全史负价（源侧缺陷）。OHLC 整体为负但列间比例自洽→疑似源历史段符号/量纲伪影，须回源确证
2026-09-23,001872,2000-11-20,-4.580,-4.550,-4.700,-4.560,,0.040,0.8700,10457,12675216.00,,AKSHARE,close_negative,主板,2000-2009,1212.1274,全史负价（源侧缺陷）。OHLC 整体为负但列间比例自洽→疑似源历史段符号/量纲伪影，须回源确证
2026-09-23,001872,2000-11-21,-4.540,-4.520,-4.680,-4.670,,-0.110,-2.4100,11020,13392958.00,,AKSHARE,close_negative,主板,2000-2009,1215.3319,全史负价（源侧缺陷）。OHLC 整体为负但列间比例自洽→疑似源历史段符号/量纲伪影，须回源确证
2026-09-23,001872,2000-11-22,-4.680,-4.520,-4.710,-4.530,,0.140,3.0000,11799,14359783.00,,AKSHARE,close_negative,主板,2000-2009,1217.0339,全史负价（源侧缺陷）。OHLC 整体为负但列间比例自洽→疑似源历史段符号/量纲伪影，须回源确证
2026-09-23,001872,2000-11-23,-4.490,-3.880,-4.560,-4.040,,0.490,10.8200,50007,64666416.00,,AKSHARE,close_negative,主板,2000-2009,1293.1473,全史负价（源侧缺陷）。OHLC 整体为负但列间比例自洽→疑似源历史段符号/量纲伪影，须回源确证
2026-09-23,001872,2000-11-24,-4.080,-4.020,-4.430,-4.390,,-0.350,-8.6600,34741,44755732.00,,AKSHARE,close_negative,主板,2000-2009,1288.2684,全史负价（源侧缺陷）。OHLC 整体为负但列间比例自洽→疑似源历史段符号/量纲伪影，须回源确证
2026-09-23,001872,2000-11-27,-4.430,-4.090,-4.490,-4.140,,0.250,5.6900,25404,32624108.00,,AKSHARE,close_negative,主板,2000-2009,1284.2115,全史负价（源侧缺陷）。OHLC 整体为负但列间比例自洽→疑似源历史段符号/量纲伪影，须回源确证
2026-09-23,001872,2000-11-28,-4.080,-3.900,-4.110,-4.060,,0.080,1.9300,23380,30888732.00,,AKSHARE,close_negative,主板,2000-2009,1321.1605,全史负价（源侧缺陷）。OHLC 整体为负但列间比例自洽→疑似源历史段符号/量纲伪影，须回源确证
2026-09-23,001872,2000-11-29,-4.060,-4.060,-4.250,-4.200,,-0.140,-3.4500,12309,15862033.00,,AKSHARE,close_negative,主板,2000-2009,1288.6533,全史负价（源侧缺陷）。OHLC 整体为负但列间比例自洽→疑似源历史段符号/量纲伪影，须回源确证
2026-09-23,001872,2000-11-30,-4.200,-4.170,-4.310,-4.260,,-0.060,-1.4300,7881,10088235.00,,AKSHARE,close_negative,主板,2000-2009,1280.0704,全史负价（源侧缺陷）。OHLC 整体为负但列间比例自洽→疑似源历史段符号/量纲伪影，须回源确证
2026-09-23,001872,2000-12-01,-4.220,-4.160,-4.300,-4.180,,0.080,1.8800,6933,8902841.00,,AKSHARE,close_negative,主板,2000-2009,1284.1253,全史负价（源侧缺陷）。OHLC 整体为负但列间比例自洽→疑似源历史段符号/量纲伪影，须回源确证
2026-09-23,001872,2000-12-04,-4.190,-3.980,-4.190,-4.030,,0.150,3.5900,9482,12413782.00,,AKSHARE,close_negative,主板,2000-2009,1309.1945,全史负价（源侧缺陷）。OHLC 整体为负但列间比例自洽→疑似源历史段符号/量纲伪影，须回源确证
2026-09-23,001872,2000-12-05,-4.030,-3.950,-4.110,-4.040,,-0.010,-0.2500,9220,12157816.00,,AKSHARE,close_negative,主板,2000-2009,1318.6351,全史负价（源侧缺陷）。OHLC 整体为负但列间比例自洽→疑似源历史段符号/量纲伪影，须回源确证
2026-09-23,001872,2000-12-06,-4.080,-3.820,-4.080,-3.920,,0.120,2.9700,25260,33794160.00,,AKSHARE,close_negative,主板,2000-2009,1337.8527,全史负价（源侧缺陷）。OHLC 整体为负但列间比例自洽→疑似源历史段符号/量纲伪影，须回源确证
2026-09-23,001872,2000-12-07,-3.930,-3.600,-3.980,-3.740,,0.180,4.5900,30738,42106076.00,,AKSHARE,close_negative,主板,2000-2009,1369.8379,全史负价（源侧缺陷）。OHLC 整体为负但列间比例自洽→疑似源历史段符号/量纲伪影，须回源确证
2026-09-23,001872,2000-12-08,-3.670,-3.610,-3.860,-3.800,,-0.060,-1.6000,15735,21633754.00,,AKSHARE,close_negative,主板,2000-2009,1374.8811,全史负价（源侧缺陷）。OHLC 整体为负但列间比例自洽→疑似源历史段符号/量纲伪影，须回源确证
2026-09-23,001872,2000-12-11,-3.760,-3.710,-4.030,-4.010,,-0.210,-5.5300,15010,20225616.00,,AKSHARE,close_negative,主板,2000-2009,1347.4761,全史负价（源侧缺陷）。OHLC 整体为负但列间比例自洽→疑似源历史段符号/量纲伪影，须回源确证
2026-09-23,001872,2000-12-12,-4.000,-3.870,-4.140,-3.950,,0.060,1.5000,11339,14939371.00,,AKSHARE,close_negative,主板,2000-2009,1317.521,全史负价（源侧缺陷）。OHLC 整体为负但列间比例自洽→疑似源历史段符号/量纲伪影，须回源确证
2026-09-23,001872,2000-12-13,-3.930,-3.930,-4.140,-4.050,,-0.100,-2.5300,6996,9214529.00,,AKSHARE,close_negative,主板,2000-2009,1317.1139,全史负价（源侧缺陷）。OHLC 整体为负但列间比例自洽→疑似源历史段符号/量纲伪影，须回源确证
2026-09-23,001872,2000-12-14,-4.080,-4.030,-4.260,-4.200,,-0.150,-3.7000,9354,12180577.00,,AKSHARE,close_negative,主板,2000-2009,1302.1784,全史负价（源侧缺陷）。OHLC 整体为负但列间比例自洽→疑似源历史段符号/量纲伪影，须回源确证
2026-09-23,001872,2000-12-15,-4.200,-4.170,-4.350,-4.310,,-0.110,-2.6200,8893,11305017.00,,AKSHARE,close_negative,主板,2000-2009,1271.2265,全史负价（源侧缺陷）。OHLC 整体为负但列间比例自洽→疑似源历史段符号/量纲伪影，须回源确证
2026-09-23,001872,2000-12-18,-4.310,-4.150,-4.350,-4.170,,0.140,3.2500,5117,6556847.00,,AKSHARE,close_negative,主板,2000-2009,1281.385,全史负价（源侧缺陷）。OHLC 整体为负但列间比例自洽→疑似源历史段符号/量纲伪影，须回源确证
2026-09-23,001872,2000-12-19,-4.150,-4.060,-4.220,-4.200,,-0.030,-0.7200,4961,6444220.00,,AKSHARE,close_negative,主板,2000-2009,1298.976,全史负价（源侧缺陷）。OHLC 整体为负但列间比例自洽→疑似源历史段符号/量纲伪影，须回源确证
2026-09-23,001872,2000-12-20,-4.200,-4.080,-4.250,-4.100,,0.100,2.3800,4518,5863961.00,,AKSHARE,close_negative,主板,2000-2009,1297.9108,全史负价（源侧缺陷）。OHLC 整体为负但列间比例自洽→疑似源历史段符号/量纲伪影，须回源确证
2026-09-23,001872,2000-12-21,-4.070,-3.920,-4.080,-4.040,,0.060,1.4600,5607,7411398.50,,AKSHARE,close_negative,主板,2000-2009,1321.8118,全史负价（源侧缺陷）。OHLC 整体为负但列间比例自洽→疑似源历史段符号/量纲伪影，须回源确证
2026-09-23,001872,2000-12-22,-4.040,-3.940,-4.060,-3.970,,0.070,1.7300,6158,8158588.00,,AKSHARE,close_negative,主板,2000-2009,1324.8763,全史负价（源侧缺陷）。OHLC 整体为负但列间比例自洽→疑似源历史段符号/量纲伪影，须回源确证
2026-09-23,001872,2000-12-25,-3.920,-3.790,-3.960,-3.830,,0.140,3.5300,9067,12238244.00,,AKSHARE,close_negative,主板,2000-2009,1349.7567,全史负价（源侧缺陷）。OHLC 整体为负但列间比例自洽→疑似源历史段符号/量纲伪影，须回源确证
2026-09-23,001872,2000-12-26,-3.820,-3.770,-3.950,-3.930,,-0.100,-2.6100,6160,8289095.00,,AKSHARE,close_negative,主板,2000-2009,1345.6323,全史负价（源侧缺陷）。OHLC 整体为负但列间比例自洽→疑似源历史段符号/量纲伪影，须回源确证
2026-09-23,001872,2000-12-27,-3.920,-3.790,-4.070,-4.060,,-0.130,-3.3100,5852,7801927.50,,AKSHARE,close_negative,主板,2000-2009,1333.207,全史负价（源侧缺陷）。OHLC 整体为负但列间比例自洽→疑似源历史段符号/量纲伪影，须回源确证
2026-09-23,001872,2000-12-28,-4.080,-3.990,-4.140,-4.060,,,,4527,5961165.00,,AKSHARE,close_negative,主板,2000-2009,1316.8025,全史负价（源侧缺陷）。OHLC 整体为负但列间比例自洽→疑似源历史段符号/量纲伪影，须回源确证
2026-09-23,001872,2000-12-29,-4.110,-3.980,-4.110,-4.030,,0.030,0.7400,4435,5850962.00,,AKSHARE,close_negative,主板,2000-2009,1319.2699,全史负价（源侧缺陷）。OHLC 整体为负但列间比例自洽→疑似源历史段符号/量纲伪影，须回源确证
2026-09-23,001872,2001-01-02,-4.060,-3.650,-4.060,-3.750,,0.280,6.9500,16193,22153154.00,,AKSHARE,close_negative,主板,2000-2009,1368.0698,全史负价（源侧缺陷）。OHLC 整体为负但列间比例自洽→疑似源历史段符号/量纲伪影，须回源确证
2026-09-23,001872,2001-01-03,-3.650,-3.070,-3.710,-3.480,,0.270,7.2000,45243,65143924.00,,AKSHARE,close_negative,主板,2000-2009,1439.8675,全史负价（源侧缺陷）。OHLC 整体为负但列间比例自洽→疑似源历史段符号/量纲伪影，须回源确证
2026-09-23,001872,2001-01-04,-3.460,-3.390,-3.640,-3.440,,0.040,1.1500,15538,22091764.00,,AKSHARE,close_negative,主板,2000-2009,1421.7894,全史负价（源侧缺陷）。OHLC 整体为负但列间比例自洽→疑似源历史段符号/量纲伪影，须回源确证
2026-09-23,001872,2001-01-05,-3.440,-3.250,-3.440,-3.340,,0.100,2.9100,13618,19706388.00,,AKSHARE,close_negative,主板,2000-2009,1447.0839,全史负价（源侧缺陷）。OHLC 整体为负但列间比例自洽→疑似源历史段符号/量纲伪影，须回源确证
2026-09-23,001872,2001-01-08,-3.220,-3.180,-3.480,-3.360,,-0.020,-0.6000,13753,19958914.00,,AKSHARE,close_negative,主板,2000-2009,1451.2407,全史负价（源侧缺陷）。OHLC 整体为负但列间比例自洽→疑似源历史段符号/量纲伪影，须回源确证
2026-09-23,001872,2001-01-09,-3.390,-3.250,-3.550,-3.440,,-0.080,-2.3800,9302,13354841.00,,AKSHARE,close_negative,主板,2000-2009,1435.6957,全史负价（源侧缺陷）。OHLC 整体为负但列间比例自洽→疑似源历史段符号/量纲伪影，须回源确证
2026-09-23,001872,2001-01-10,-3.460,-3.280,-3.520,-3.330,,0.110,3.2000,8298,11930334.00,,AKSHARE,close_negative,主板,2000-2009,1437.7361,全史负价（源侧缺陷）。OHLC 整体为负但列间比例自洽→疑似源历史段符号/量纲伪影，须回源确证
2026-09-23,001872,2001-01-11,-3.330,-3.140,-3.410,-3.300,,0.030,0.9000,12810,18814206.00,,AKSHARE,close_negative,主板,2000-2009,1468.7124,全史负价（源侧缺陷）。OHLC 整体为负但列间比例自洽→疑似源历史段符号/量纲伪影，须回源确证
2026-09-23,001872,2001-01-12,-3.300,-3.300,-3.520,-3.490,,-0.190,-5.7600,6848,9788555.00,,AKSHARE,close_negative,主板,2000-2009,1429.4035,全史负价（源侧缺陷）。OHLC 整体为负但列间比例自洽→疑似源历史段符号/量纲伪影，须回源确证
2026-09-23,001872,2001-01-15,-3.520,-3.520,-3.870,-3.870,,-0.380,-10.8900,11999,16503973.00,,AKSHARE,close_negative,主板,2000-2009,1375.4457,全史负价（源侧缺陷）。OHLC 整体为负但列间比例自洽→疑似源历史段符号/量纲伪影，须回源确证
2026-09-23,001872,2001-01-16,-4.030,-3.790,-4.100,-3.850,,0.020,0.5200,10435,13897835.00,,AKSHARE,close_negative,主板,2000-2009,1331.8481,全史负价（源侧缺陷）。OHLC 整体为负但列间比例自洽→疑似源历史段符号/量纲伪影，须回源确证
2026-09-23,001872,2001-01-17,-3.830,-3.790,-3.880,-3.870,,-0.020,-0.5200,4059,5495777.50,,AKSHARE,close_negative,主板,2000-2009,1353.9733,全史负价（源侧缺陷）。OHLC 整体为负但列间比例自洽→疑似源历史段符号/量纲伪影，须回源确证
2026-09-23,001872,2001-01-18,-3.920,-3.820,-3.920,-3.850,,0.020,0.5200,4775,6464927.50,,AKSHARE,close_negative,主板,2000-2009,1353.9115,全史负价（源侧缺陷）。OHLC 整体为负但列间比例自洽→疑似源历史段符号/量纲伪影，须回源确证
2026-09-23,001872,2001-01-19,-3.820,-3.710,-3.820,-3.730,,0.120,3.1200,5461,7500876.50,,AKSHARE,close_negative,主板,2000-2009,1373.5353,全史负价（源侧缺陷）。OHLC 整体为负但列间比例自洽→疑似源历史段符号/量纲伪影，须回源确证
2026-09-23,001872,2001-02-05,-3.700,-3.610,-4.000,-3.990,,-0.260,-6.9700,4821,6475390.00,,AKSHARE,close_negative,主板,2000-2009,1343.1632,全史负价（源侧缺陷）。OHLC 整体为负但列间比例自洽→疑似源历史段符号/量纲伪影，须回源确证
2026-09-23,001872,2001-02-06,-4.030,-4.000,-4.270,-4.010,,-0.020,-0.5000,4858,6322590.00,,AKSHARE,close_negative,主板,2000-2009,1301.48,全史负价（源侧缺陷）。OHLC 整体为负但列间比例自洽→疑似源历史段符号/量纲伪影，须回源确证
2026-09-23,001872,2001-02-07,-4.030,-3.980,-4.140,-4.140,,-0.130,-3.2400,3128,4084639.50,,AKSHARE,close_negative,主板,2000-2009,1305.831,全史负价（源侧缺陷）。OHLC 整体为负但列间比例自洽→疑似源历史段符号/量纲伪影，须回源确证
2026-09-23,001872,2001-02-08,-4.140,-4.060,-4.260,-4.260,,-0.120,-2.9000,3244,4193574.00,,AKSHARE,close_negative,主板,2000-2009,1292.717,全史负价（源侧缺陷）。OHLC 整体为负但列间比例自洽→疑似源历史段符号/量纲伪影，须回源确证
2026-09-23,001872,2001-02-09,-4.250,-4.100,-4.250,-4.190,,0.070,1.6400,3439,4439734.00,,AKSHARE,close_negative,主板,2000-2009,1290.9956,全史负价（源侧缺陷）。OHLC 整体为负但列间比例自洽→疑似源历史段符号/量纲伪影，须回源确证
2026-09-23,001872,2001-02-12,-4.140,-4.140,-4.300,-4.200,,-0.010,-0.2400,3105,3973263.50,,AKSHARE,close_negative,主板,2000-2009,1279.634,全史负价（源侧缺陷）。OHLC 整体为负但列间比例自洽→疑似源历史段符号/量纲伪影，须回源确证
2026-09-23,001872,2001-02-13,-4.140,-4.060,-4.200,-4.180,,0.020,0.4800,1974,2569284.50,,AKSHARE,close_negative,主板,2000-2009,1301.5626,全史负价（源侧缺陷）。OHLC 整体为负但列间比例自洽→疑似源历史段符号/量纲伪影，须回源确证
2026-09-23,001872,2001-02-14,-4.170,-4.110,-4.210,-4.120,,0.060,1.4400,1409,1825174.38,,AKSHARE,close_negative,主板,2000-2009,1295.3686,全史负价（源侧缺陷）。OHLC 整体为负但列间比例自洽→疑似源历史段符号/量纲伪影，须回源确证
2026-09-23,001872,2001-02-15,-4.140,-4.090,-4.190,-4.190,,-0.070,-1.7000,1533,1990554.12,,AKSHARE,close_negative,主板,2000-2009,1298.4697,全史负价（源侧缺陷）。OHLC 整体为负但列间比例自洽→疑似源历史段符号/量纲伪影，须回源确证
2026-09-23,001872,2001-02-16,-4.260,-4.260,-4.510,-4.340,,-0.150,-3.5800,6426,8050890.00,,AKSHARE,close_negative,主板,2000-2009,1252.8618,全史负价（源侧缺陷）。OHLC 整体为负但列间比例自洽→疑似源历史段符号/量纲伪影，须回源确证
2026-09-23,001872,2001-02-19,-4.350,-4.100,-4.520,-4.140,,0.200,4.6100,4292,5462804.00,,AKSHARE,close_negative,主板,2000-2009,1272.7875,全史负价（源侧缺陷）。OHLC 整体为负但列间比例自洽→疑似源历史段符号/量纲伪影，须回源确证
2026-09-23,001872,2001-02-20,-4.110,-4.050,-4.430,-4.350,,-0.210,-5.0700,6988,8931866.00,,AKSHARE,close_negative,主板,2000-2009,1278.172,全史负价（源侧缺陷）。OHLC 整体为负但列间比例自洽→疑似源历史段符号/量纲伪影，须回源确证
2026-09-23,001872,2001-02-21,-4.410,-4.410,-5.030,-4.950,,-0.600,-13.7900,19860,23330868.00,,AKSHARE,close_negative,主板,2000-2009,1174.7668,全史负价（源侧缺陷）。OHLC 整体为负但列间比例自洽→疑似源历史段符号/量纲伪影，须回源确证
2026-09-23,001872,2001-02-22,-5.050,-4.740,-5.160,-4.940,,0.010,0.2000,9312,10694991.00,,AKSHARE,close_negative,主板,2000-2009,1148.5171,全史负价（源侧缺陷）。OHLC 整体为负但列间比例自洽→疑似源历史段符号/量纲伪影，须回源确证
2026-09-23,001872,2001-02-23,-4.900,-4.760,-5.010,-4.770,,0.170,3.4400,8069,9369617.00,,AKSHARE,close_negative,主板,2000-2009,1161.1869,全史负价（源侧缺陷）。OHLC 整体为负但列间比例自洽→疑似源历史段符号/量纲伪影，须回源确证
2026-09-23,001872,2001-02-26,-4.780,-4.760,-4.890,-4.780,,-0.010,-0.2100,4316,5071822.50,,AKSHARE,close_negative,主板,2000-2009,1175.1211,全史负价（源侧缺陷）。OHLC 整体为负但列间比例自洽→疑似源历史段符号/量纲伪影，须回源确证
2026-09-23,001872,2001-02-27,-4.690,-4.490,-4.760,-4.510,,0.270,5.6500,8762,10602981.00,,AKSHARE,close_negative,主板,2000-2009,1210.1097,全史负价（源侧缺陷）。OHLC 整体为负但列间比例自洽→疑似源历史段符号/量纲伪影，须回源确证
2026-09-23,001872,2001-02-28,-4.390,-4.370,-4.700,-4.650,,-0.140,-3.1000,5725,6963630.00,,AKSHARE,close_negative,主板,2000-2009,1216.3546,全史负价（源侧缺陷）。OHLC 整体为负但列间比例自洽→疑似源历史段符号/量纲伪影，须回源确证
2026-09-23,001872,2001-03-01,-4.680,-4.600,-4.720,-4.620,,0.030,0.6500,2701,3252679.50,,AKSHARE,close_negative,主板,2000-2009,1204.2501,全史负价（源侧缺陷）。OHLC 整体为负但列间比例自洽→疑似源历史段符号/量纲伪影，须回源确证
2026-09-23,001872,2001-03-02,-4.600,-4.570,-4.660,-4.620,,,,5972,7245793.50,,AKSHARE,close_negative,主板,2000-2009,1213.2943,全史负价（源侧缺陷）。OHLC 整体为负但列间比例自洽→疑似源历史段符号/量纲伪影，须回源确证
2026-09-23,001872,2001-03-05,-4.610,-4.580,-4.680,-4.590,,0.030,0.6500,3922,4749331.50,,AKSHARE,close_negative,主板,2000-2009,1210.9463,全史负价（源侧缺陷）。OHLC 整体为负但列间比例自洽→疑似源历史段符号/量纲伪影，须回源确证
2026-09-23,001872,2001-03-06,-4.620,-4.590,-4.700,-4.620,,-0.030,-0.6500,3974,4778717.00,,AKSHARE,close_negative,主板,2000-2009,1202.4955,全史负价（源侧缺陷）。OHLC 整体为负但列间比例自洽→疑似源历史段符号/量纲伪影，须回源确证
2026-09-23,001872,2001-03-07,-4.580,-4.470,-4.640,-4.540,,0.080,1.7300,4303,5266442.00,,AKSHARE,close_negative,主板,2000-2009,1223.9001,全史负价（源侧缺陷）。OHLC 整体为负但列间比例自洽→疑似源历史段符号/量纲伪影，须回源确证
2026-09-23,001872,2001-03-08,-4.540,-4.370,-4.560,-4.430,,0.110,2.4200,7102,8840945.00,,AKSHARE,close_negative,主板,2000-2009,1244.8529,全史负价（源侧缺陷）。OHLC 整体为负但列间比例自洽→疑似源历史段符号/量纲伪影，须回源确证
2026-09-23,001872,2001-03-09,-4.430,-4.380,-4.500,-4.470,,-0.040,-0.9000,4047,5018082.50,,AKSHARE,close_negative,主板,2000-2009,1239.9512,全史负价（源侧缺陷）。OHLC 整体为负但列间比例自洽→疑似源历史段符号/量纲伪影，须回源确证
2026-09-23,001872,2001-03-12,-4.490,-4.440,-4.570,-4.490,,-0.020,-0.4500,2780,3422023.25,,AKSHARE,close_negative,主板,2000-2009,1230.9436,全史负价（源侧缺陷）。OHLC 整体为负但列间比例自洽→疑似源历史段符号/量纲伪影，须回源确证
2026-09-23,001872,2001-03-13,-4.500,-4.500,-4.650,-4.610,,-0.120,-2.6700,3432,4174660.75,,AKSHARE,close_negative,主板,2000-2009,1216.393,全史负价（源侧缺陷）。OHLC 整体为负但列间比例自洽→疑似源历史段符号/量纲伪影，须回源确证
2026-09-23,001872,2001-03-14,-4.610,-4.530,-4.610,-4.540,,0.070,1.5200,2316,2823199.00,,AKSHARE,close_negative,主板,2000-2009,1218.9978,全史负价（源侧缺陷）。OHLC 整体为负但列间比例自洽→疑似源历史段符号/量纲伪影，须回源确证
2026-09-23,001872,2001-03-15,-4.550,-4.480,-4.560,-4.500,,0.040,0.8800,3277,4026661.00,,AKSHARE,close_negative,主板,2000-2009,1228.7644,全史负价（源侧缺陷）。OHLC 整体为负但列间比例自洽→疑似源历史段符号/量纲伪影，须回源确证
2026-09-23,001872,2001-03-16,-4.470,-4.320,-4.520,-4.360,,0.140,3.1100,6328,7893988.50,,AKSHARE,close_negative,主板,2000-2009,1247.4697,全史负价（源侧缺陷）。OHLC 整体为负但列间比例自洽→疑似源历史段符号/量纲伪影，须回源确证
2026-09-23,001872,2001-03-19,-4.350,-4.040,-4.380,-4.080,,0.280,6.4200,14350,18569942.00,,AKSHARE,close_negative,主板,2000-2009,1294.0726,全史负价（源侧缺陷）。OHLC 整体为负但列间比例自洽→疑似源历史段符号/量纲伪影，须回源确证
2026-09-23,001872,2001-03-20,-4.030,-3.990,-4.170,-4.070,,0.010,0.2500,10022,13141999.00,,AKSHARE,close_negative,主板,2000-2009,1311.315,全史负价（源侧缺陷）。OHLC 整体为负但列间比例自洽→疑似源历史段符号/量纲伪影，须回源确证
2026-09-23,001872,2001-03-21,-4.070,-4.030,-4.120,-4.060,,0.010,0.2500,5812,7623395.00,,AKSHARE,close_negative,主板,2000-2009,1311.6647,全史负价（源侧缺陷）。OHLC 整体为负但列间比例自洽→疑似源历史段符号/量纲伪影，须回源确证
2026-09-23,001872,2001-03-22,-4.030,-3.920,-4.070,-4.000,,0.060,1.4800,8609,11426793.00,,AKSHARE,close_negative,主板,2000-2009,1327.3078,全史负价（源侧缺陷）。OHLC 整体为负但列间比例自洽→疑似源历史段符号/量纲伪影，须回源确证
2026-09-23,001872,2001-03-23,-3.990,-3.970,-4.270,-4.270,,-0.270,-6.7500,10261,13297003.00,,AKSHARE,close_negative,主板,2000-2009,1295.8779,全史负价（源侧缺陷）。OHLC 整体为负但列间比例自洽→疑似源历史段符号/量纲伪影，须回源确证
2026-09-23,001872,2001-03-26,-4.260,-4.110,-4.280,-4.130,,0.140,3.2800,5644,7305759.00,,AKSHARE,close_negative,主板,2000-2009,1294.4293,全史负价（源侧缺陷）。OHLC 整体为负但列间比例自洽→疑似源历史段符号/量纲伪影，须回源确证
2026-09-23,001872,2001-03-27,-4.080,-4.000,-4.140,-4.040,,0.090,2.1800,6512,8551627.00,,AKSHARE,close_negative,主板,2000-2009,1313.2105,全史负价（源侧缺陷）。OHLC 整体为负但列间比例自洽→疑似源历史段符号/量纲伪影，须回源确证
2026-09-23,001872,2001-03-28,-4.030,-3.980,-4.140,-4.060,,-0.020,-0.5000,5988,7868851.00,,AKSHARE,close_negative,主板,2000-2009,1314.1034,全史负价（源侧缺陷）。OHLC 整体为负但列间比例自洽→疑似源历史段符号/量纲伪影，须回源确证
2026-09-23,001872,2001-03-29,-4.070,-4.030,-4.170,-4.150,,-0.090,-2.2200,5948,7756689.50,,AKSHARE,close_negative,主板,2000-2009,1304.0836,全史负价（源侧缺陷）。OHLC 整体为负但列间比例自洽→疑似源历史段符号/量纲伪影，须回源确证
2026-09-23,001872,2001-03-30,-4.150,-3.980,-4.160,-3.990,,0.160,3.8600,6620,8699765.00,,AKSHARE,close_negative,主板,2000-2009,1314.1639,全史负价（源侧缺陷）。OHLC 整体为负但列间比例自洽→疑似源历史段符号/量纲伪影，须回源确证
2026-09-23,001872,2001-04-02,-3.990,-3.950,-4.060,-3.980,,0.010,0.2500,6178,8191257.00,,AKSHARE,close_negative,主板,2000-2009,1325.8752,全史负价（源侧缺陷）。OHLC 整体为负但列间比例自洽→疑似源历史段符号/量纲伪影，须回源确证
2026-09-23,001872,2001-04-03,-3.980,-3.930,-4.040,-4.030,,-0.050,-1.2600,5641,7487216.50,,AKSHARE,close_negative,主板,2000-2009,1327.2853,全史负价（源侧缺陷）。OHLC 整体为负但列间比例自洽→疑似源历史段符号/量纲伪影，须回源确证
2026-09-23,001872,2001-04-04,-4.030,-4.030,-4.240,-4.140,,-0.110,-2.7300,7099,9259744.00,,AKSHARE,close_negative,主板,2000-2009,1304.373,全史负价（源侧缺陷）。OHLC 整体为负但列间比例自洽→疑似源历史段符号/量纲伪影，须回源确证
2026-09-23,001872,2001-04-05,-4.190,-4.080,-4.250,-4.090,,0.050,1.2100,3706,4789880.00,,AKSHARE,close_negative,主板,2000-2009,1292.4663,全史负价（源侧缺陷）。OHLC 整体为负但列间比例自洽→疑似源历史段符号/量纲伪影，须回源确证
2026-09-23,001872,2001-04-06,-4.090,-4.040,-4.170,-4.120,,-0.030,-0.7300,3332,4346536.50,,AKSHARE,close_negative,主板,2000-2009,1304.4827,全史负价（源侧缺陷）。OHLC 整体为负但列间比例自洽→疑似源历史段符号/量纲伪影，须回源确证
2026-09-23,001872,2001-04-09,-4.060,-4.030,-4.200,-4.030,,0.090,2.1800,4052,5302516.00,,AKSHARE,close_negative,主板,2000-2009,1308.617,全史负价（源侧缺陷）。OHLC 整体为负但列间比例自洽→疑似源历史段符号/量纲伪影，须回源确证
2026-09-23,001872,2001-04-10,-3.990,-3.830,-3.990,-3.840,,0.190,4.7100,13921,18789556.00,,AKSHARE,close_negative,主板,2000-2009,1349.7275,全史负价（源侧缺陷）。OHLC 整体为负但列间比例自洽→疑似源历史段符号/量纲伪影，须回源确证
2026-09-23,001872,2001-04-11,-3.820,-3.780,-3.900,-3.870,,-0.030,-0.7800,6678,9038821.00,,AKSHARE,close_negative,主板,2000-2009,1353.5222,全史负价（源侧缺陷）。OHLC 整体为负但列间比例自洽→疑似源历史段符号/量纲伪影，须回源确证
2026-09-23,001872,2001-04-12,-3.840,-3.810,-4.030,-3.990,,-0.120,-3.1000,6410,8602667.00,,AKSHARE,close_negative,主板,2000-2009,1342.0697,全史负价（源侧缺陷）。OHLC 整体为负但列间比例自洽→疑似源历史段符号/量纲伪影，须回源确证
2026-09-23,001872,2001-04-13,-3.990,-3.880,-3.990,-3.930,,0.060,1.5000,5950,7937887.00,,AKSHARE,close_negative,主板,2000-2009,1334.0987,全史负价（源侧缺陷）。OHLC 整体为负但列间比例自洽→疑似源历史段符号/量纲伪影，须回源确证
2026-09-23,001872,2001-04-16,-3.920,-3.800,-3.930,-3.820,,0.110,2.8000,7976,10782568.00,,AKSHARE,close_negative,主板,2000-2009,1351.8766,全史负价（源侧缺陷）。OHLC 整体为负但列间比例自洽→疑似源历史段符号/量纲伪影，须回源确证
2026-09-23,001872,2001-04-17,-3.810,-3.740,-3.930,-3.900,,-0.080,-2.0900,8485,11437861.00,,AKSHARE,close_negative,主板,2000-2009,1348.0095,全史负价（源侧缺陷）。OHLC 整体为负但列间比例自洽→疑似源历史段符号/量纲伪影，须回源确证
2026-09-23,001872,2001-04-18,-3.870,-3.870,-3.970,-3.930,,-0.030,-0.7700,6279,8400441.00,,AKSHARE,close_negative,主板,2000-2009,1337.8629,全史负价（源侧缺陷）。OHLC 整体为负但列间比例自洽→疑似源历史段符号/量纲伪影，须回源确证
2026-09-23,001872,2001-04-19,-3.960,-3.850,-4.010,-3.930,,,,5805,7751564.00,,AKSHARE,close_negative,主板,2000-2009,1335.3254,全史负价（源侧缺陷）。OHLC 整体为负但列间比例自洽→疑似源历史段符号/量纲伪影，须回源确证
2026-09-23,001872,2001-04-20,-3.920,-3.820,-3.970,-3.910,,0.020,0.5100,8962,12095430.00,,AKSHARE,close_negative,主板,2000-2009,1349.6351,全史负价（源侧缺陷）。OHLC 整体为负但列间比例自洽→疑似源历史段符号/量纲伪影，须回源确证
2026-09-23,001872,2001-04-23,-3.910,-3.850,-3.990,-3.900,,0.010,0.2600,4867,6520870.50,,AKSHARE,close_negative,主板,2000-2009,1339.8131,全史负价（源侧缺陷）。OHLC 整体为负但列间比例自洽→疑似源历史段符号/量纲伪影，须回源确证
2026-09-23,001872,2001-04-24,-3.870,-3.620,-3.870,-3.650,,0.250,6.4100,22312,30887976.00,,AKSHARE,close_negative,主板,2000-2009,1384.3661,全史负价（源侧缺陷）。OHLC 整体为负但列间比例自洽→疑似源历史段符号/量纲伪影，须回源确证
2026-09-23,001872,2001-04-25,-3.630,-3.540,-3.950,-3.870,,-0.220,-6.0300,16012,22109508.00,,AKSHARE,close_negative,主板,2000-2009,1380.8086,全史负价（源侧缺陷）。OHLC 整体为负但列间比例自洽→疑似源历史段符号/量纲伪影，须回源确证
2026-09-23,001872,2001-04-26,-3.920,-3.770,-3.920,-3.900,,-0.030,-0.7800,8491,11484837.00,,AKSHARE,close_negative,主板,2000-2009,1352.5894,全史负价（源侧缺陷）。OHLC 整体为负但列间比例自洽→疑似源历史段符号/量纲伪影，须回源确证
2026-09-23,001872,2001-04-27,-3.920,-3.830,-3.940,-3.920,,-0.020,-0.5100,6158,8282920.50,,AKSHARE,close_negative,主板,2000-2009,1345.0667,全史负价（源侧缺陷）。OHLC 整体为负但列间比例自洽→疑似源历史段符号/量纲伪影，须回源确证
2026-09-23,001872,2001-04-30,-3.920,-3.880,-4.030,-4.000,,-0.080,-2.0400,4901,6513196.00,,AKSHARE,close_negative,主板,2000-2009,1328.9525,全史负价（源侧缺陷）。OHLC 整体为负但列间比例自洽→疑似源历史段符号/量纲伪影，须回源确证
2026-09-23,001872,2001-05-08,-3.980,-3.920,-4.140,-3.990,,0.010,0.2500,4170,5496124.00,,AKSHARE,close_negative,主板,2000-2009,1318.0153,全史负价（源侧缺陷）。OHLC 整体为负但列间比例自洽→疑似源历史段符号/量纲伪影，须回源确证
2026-09-23,001872,2001-05-09,-3.950,-3.790,-4.000,-3.870,,0.120,3.0100,4155,5604828.00,,AKSHARE,close_negative,主板,2000-2009,1348.9357,全史负价（源侧缺陷）。OHLC 整体为负但列间比例自洽→疑似源历史段符号/量纲伪影，须回源确证
2026-09-23,001872,2001-05-10,-3.870,-3.710,-3.870,-3.710,,0.160,4.1300,7199,9873460.00,,AKSHARE,close_negative,主板,2000-2009,1371.5044,全史负价（源侧缺陷）。OHLC 整体为负但列间比例自洽→疑似源历史段符号/量纲伪影，须回源确证
2026-09-23,001872,2001-05-11,-3.700,-3.680,-3.780,-3.740,,-0.030,-0.8100,4702,6461658.00,,AKSHARE,close_negative,主板,2000-2009,1374.2361,全史负价（源侧缺陷）。OHLC 整体为负但列间比例自洽→疑似源历史段符号/量纲伪影，须回源确证
2026-09-23,001872,2001-05-15,-3.670,-3.600,-3.760,-3.650,,0.090,2.4100,7594,10529232.00,,AKSHARE,close_negative,主板,2000-2009,1386.5199,全史负价（源侧缺陷）。OHLC 整体为负但列间比例自洽→疑似源历史段符号/量纲伪影，须回源确证
2026-09-23,001872,2001-05-16,-3.630,-3.610,-3.740,-3.690,,-0.040,-1.1000,6408,8860285.00,,AKSHARE,close_negative,主板,2000-2009,1382.6912,全史负价（源侧缺陷）。OHLC 整体为负但列间比例自洽→疑似源历史段符号/量纲伪影，须回源确证
2026-09-23,001872,2001-05-17,-3.710,-3.630,-3.760,-3.740,,-0.050,-1.3600,6808,9434245.00,,AKSHARE,close_negative,主板,2000-2009,1385.7587,全史负价（源侧缺陷）。OHLC 整体为负但列间比例自洽→疑似源历史段符号/量纲伪影，须回源确证
2026-09-23,001872,2001-05-18,-3.760,-3.710,-3.790,-3.710,,0.030,0.8000,5691,7813354.50,,AKSHARE,close_negative,主板,2000-2009,1372.9317,全史负价（源侧缺陷）。OHLC 整体为负但列间比例自洽→疑似源历史段符号/量纲伪影，须回源确证
2026-09-23,001872,2001-05-21,-3.680,-3.500,-3.730,-3.530,,0.180,4.8500,14969,21012176.00,,AKSHARE,close_negative,主板,2000-2009,1403.7127,全史负价（源侧缺陷）。OHLC 整体为负但列间比例自洽→疑似源历史段符号/量纲伪影，须回源确证
2026-09-23,001872,2001-05-22,-3.520,-3.500,-3.600,-3.580,,-0.050,-1.4200,7570,10638267.00,,AKSHARE,close_negative,主板,2000-2009,1405.3193,全史负价（源侧缺陷）。OHLC 整体为负但列间比例自洽→疑似源历史段符号/量纲伪影，须回源确证
2026-09-23,001872,2001-05-23,-3.550,-3.550,-3.760,-3.690,,-0.110,-3.0700,8086,11204909.00,,AKSHARE,close_negative,主板,2000-2009,1385.7172,全史负价（源侧缺陷）。OHLC 整体为负但列间比例自洽→疑似源历史段符号/量纲伪影，须回源确证
2026-09-23,001872,2001-05-24,-3.650,-3.560,-3.690,-3.600,,0.090,2.4400,6714,9374687.00,,AKSHARE,close_negative,主板,2000-2009,1396.2894,全史负价（源侧缺陷）。OHLC 整体为负但列间比例自洽→疑似源历史段符号/量纲伪影，须回源确证
2026-09-23,001872,2001-05-25,-3.600,-3.420,-3.630,-3.490,,0.110,3.0600,13910,19686042.00,,AKSHARE,close_negative,主板,2000-2009,1415.2439,全史负价（源侧缺陷）。OHLC 整体为负但列间比例自洽→疑似源历史段符号/量纲伪影，须回源确证
2026-09-23,001872,2001-05-28,-3.490,-3.370,-3.550,-3.500,,-0.010,-0.2900,9993,14290509.00,,AKSHARE,close_negative,主板,2000-2009,1430.0519,全史负价（源侧缺陷）。OHLC 整体为负但列间比例自洽→疑似源历史段符号/量纲伪影，须回源确证
2026-09-23,001872,2001-05-29,-3.550,-3.460,-3.610,-3.600,,-0.100,-2.8600,7350,10362326.00,,AKSHARE,close_negative,主板,2000-2009,1409.8403,全史负价（源侧缺陷）。OHLC 整体为负但列间比例自洽→疑似源历史段符号/量纲伪影，须回源确证
2026-09-23,001872,2001-05-30,-3.570,-3.420,-3.600,-3.460,,0.140,3.8900,5931,8413347.00,,AKSHARE,close_negative,主板,2000-2009,1418.5377,全史负价（源侧缺陷）。OHLC 整体为负但列间比例自洽→疑似源历史段符号/量纲伪影，须回源确证
2026-09-23,001872,2001-05-31,-3.440,-3.390,-3.520,-3.400,,0.060,1.7300,8783,12539019.00,,AKSHARE,close_negative,主板,2000-2009,1427.6465,全史负价（源侧缺陷）。OHLC 整体为负但列间比例自洽→疑似源历史段符号/量纲伪影，须回源确证
2026-09-23,001872,2001-06-01,-3.390,-3.230,-3.410,-3.270,,0.130,3.8200,20964,30560486.00,,AKSHARE,close_negative,主板,2000-2009,1457.7603,全史负价（源侧缺陷）。OHLC 整体为负但列间比例自洽→疑似源历史段符号/量纲伪影，须回源确证
2026-09-23,001872,2001-06-04,-3.250,-3.070,-3.250,-3.180,,0.090,2.7500,20532,30475542.00,,AKSHARE,close_negative,主板,2000-2009,1484.2949,全史负价（源侧缺陷）。OHLC 整体为负但列间比例自洽→疑似源历史段符号/量纲伪影，须回源确证
2026-09-23,001872,2001-06-05,-3.170,-3.120,-3.280,-3.210,,-0.030,-0.9400,11507,16960522.00,,AKSHARE,close_negative,主板,2000-2009,1473.9308,全史负价（源侧缺陷）。OHLC 整体为负但列间比例自洽→疑似源历史段符号/量纲伪影，须回源确证
2026-09-23,001872,2001-06-06,-3.210,-2.790,-3.210,-2.800,,0.410,12.7700,37223,56549912.00,,AKSHARE,close_negative,主板,2000-2009,1519.2196,全史负价（源侧缺陷）。OHLC 整体为负但列间比例自洽→疑似源历史段符号/量纲伪影，须回源确证
2026-09-23,001872,2001-06-07,-2.790,-2.750,-3.040,-2.940,,-0.140,-5.0000,23044,35412152.00,,AKSHARE,close_negative,主板,2000-2009,1536.719,全史负价（源侧缺陷）。OHLC 整体为负但列间比例自洽→疑似源历史段符号/量纲伪影，须回源确证
2026-09-23,001872,2001-06-08,-2.980,-2.850,-3.060,-2.980,,-0.040,-1.3600,15092,22914988.00,,AKSHARE,close_negative,主板,2000-2009,1518.3533,全史负价（源侧缺陷）。OHLC 整体为负但列间比例自洽→疑似源历史段符号/量纲伪影，须回源确证
2026-09-23,001872,2001-06-11,-2.980,-2.690,-3.010,-2.800,,0.180,6.0400,18905,29177424.00,,AKSHARE,close_negative,主板,2000-2009,1543.3707,全史负价（源侧缺陷）。OHLC 整体为负但列间比例自洽→疑似源历史段符号/量纲伪影，须回源确证
2026-09-23,001872,2001-06-12,-2.790,-2.720,-2.890,-2.770,,0.030,1.0700,11994,18566876.00,,AKSHARE,close_negative,主板,2000-2009,1548.0137,全史负价（源侧缺陷）。OHLC 整体为负但列间比例自洽→疑似源历史段符号/量纲伪影，须回源确证
2026-09-23,001872,2001-06-13,-2.770,-2.720,-2.980,-2.850,,-0.080,-2.8900,11585,17810440.00,,AKSHARE,close_negative,主板,2000-2009,1537.3707,全史负价（源侧缺陷）。OHLC 整体为负但列间比例自洽→疑似源历史段符号/量纲伪影，须回源确证
2026-09-23,001872,2001-06-14,-2.860,-2.860,-3.390,-3.260,,-0.410,-14.3900,26611,39846116.00,,AKSHARE,close_negative,主板,2000-2009,1497.3551,全史负价（源侧缺陷）。OHLC 整体为负但列间比例自洽→疑似源历史段符号/量纲伪影，须回源确证
2026-09-23,001872,2001-06-15,-3.330,-3.080,-3.330,-3.140,,0.120,3.6800,13074,19224794.00,,AKSHARE,close_negative,主板,2000-2009,1470.46,全史负价（源侧缺陷）。OHLC 整体为负但列间比例自洽→疑似源历史段符号/量纲伪影，须回源确证
2026-09-23,001872,2001-06-18,-3.140,-3.140,-3.520,-3.450,,-0.310,-9.8700,12423,17895448.00,,AKSHARE,close_negative,主板,2000-2009,1440.5094,全史负价（源侧缺陷）。OHLC 整体为负但列间比例自洽→疑似源历史段符号/量纲伪影，须回源确证
2026-09-23,001872,2001-06-19,-3.490,-3.410,-3.540,-3.440,,0.010,0.2900,6888,9812472.00,,AKSHARE,close_negative,主板,2000-2009,1424.5749,全史负价（源侧缺陷）。OHLC 整体为负但列间比例自洽→疑似源历史段符号/量纲伪影，须回源确证
2026-09-23,001872,2001-06-20,-3.450,-3.230,-3.450,-3.400,,0.040,1.1600,5136,7432930.00,,AKSHARE,close_negative,主板,2000-2009,1447.2216,全史负价（源侧缺陷）。OHLC 整体为负但列间比例自洽→疑似源历史段符号/量纲伪影，须回源确证
2026-09-23,001872,2001-06-21,-3.390,-3.250,-3.390,-3.290,,0.110,3.2400,4085,5949110.00,,AKSHARE,close_negative,主板,2000-2009,1456.3305,全史负价（源侧缺陷）。OHLC 整体为负但列间比例自洽→疑似源历史段符号/量纲伪影，须回源确证
2026-09-23,001872,2001-06-22,-3.270,-3.180,-3.330,-3.230,,0.060,1.8200,4438,6509387.00,,AKSHARE,close_negative,主板,2000-2009,1466.7388,全史负价（源侧缺陷）。OHLC 整体为负但列间比例自洽→疑似源历史段符号/量纲伪影，须回源确证
2026-09-23,001872,2001-06-25,-3.220,-3.000,-3.220,-3.010,,0.220,6.8100,7417,11126187.00,,AKSHARE,close_negative,主板,2000-2009,1500.0926,全史负价（源侧缺陷）。OHLC 整体为负但列间比例自洽→疑似源历史段符号/量纲伪影，须回源确证
2026-09-23,001872,2001-06-26,-2.960,-2.830,-3.010,-2.850,,0.160,5.3200,11799,18019360.00,,AKSHARE,close_negative,主板,2000-2009,1527.1938,全史负价（源侧缺陷）。OHLC 整体为负但列间比例自洽→疑似源历史段符号/量纲伪影，须回源确证
2026-09-23,001872,2001-06-27,-2.720,-2.310,-2.740,-2.680,,0.170,5.9600,53617,85563448.00,,AKSHARE,close_negative,主板,2000-2009,1595.8268,全史负价（源侧缺陷）。OHLC 整体为负但列间比例自洽→疑似源历史段符号/量纲伪影，须回源确证
2026-09-23,001872,2001-06-28,-2.680,-2.580,-2.800,-2.670,,0.010,0.3700,19224,30125754.00,,AKSHARE,close_negative,主板,2000-2009,1567.0908,全史负价（源侧缺陷）。OHLC 整体为负但列间比例自洽→疑似源历史段符号/量纲伪影，须回源确证
2026-09-23,001872,2001-06-29,-2.700,-2.630,-2.770,-2.760,,-0.090,-3.3700,8628,13483913.00,,AKSHARE,close_negative,主板,2000-2009,1562.8086,全史负价（源侧缺陷）。OHLC 整体为负但列间比例自洽→疑似源历史段符号/量纲伪影，须回源确证
2026-09-23,001872,2001-07-02,-2.750,-2.630,-2.890,-2.720,,0.040,1.4500,11912,18537392.00,,AKSHARE,close_negative,主板,2000-2009,1556.1948,全史负价（源侧缺陷）。OHLC 整体为负但列间比例自洽→疑似源历史段符号/量纲伪影，须回源确证
2026-09-23,001872,2001-07-03,-2.740,-2.430,-2.740,-2.470,,0.250,9.1900,19338,30783288.00,,AKSHARE,close_negative,主板,2000-2009,1591.8548,全史负价（源侧缺陷）。OHLC 整体为负但列间比例自洽→疑似源历史段符号/量纲伪影，须回源确证
2026-09-23,001872,2001-07-04,-2.430,-2.370,-2.630,-2.580,,-0.110,-4.4500,13072,20990216.00,,AKSHARE,close_negative,主板,2000-2009,1605.7387,全史负价（源侧缺陷）。OHLC 整体为负但列间比例自洽→疑似源历史段符号/量纲伪影，须回源确证
2026-09-23,001872,2001-07-05,-2.520,-2.450,-2.700,-2.680,,-0.100,-3.8800,12308,19522718.00,,AKSHARE,close_negative,主板,2000-2009,1586.1812,全史负价（源侧缺陷）。OHLC 整体为负但列间比例自洽→疑似源历史段符号/量纲伪影，须回源确证
2026-09-23,001872,2001-07-06,-2.660,-2.590,-2.820,-2.780,,-0.100,-3.7300,9948,15570926.00,,AKSHARE,close_negative,主板,2000-2009,1565.2318,全史负价（源侧缺陷）。OHLC 整体为负但列间比例自洽→疑似源历史段符号/量纲伪影，须回源确证
2026-09-23,001872,2001-07-09,-2.780,-2.520,-2.780,-2.540,,0.240,8.6300,10745,17038516.00,,AKSHARE,close_negative,主板,2000-2009,1585.7158,全史负价（源侧缺陷）。OHLC 整体为负但列间比例自洽→疑似源历史段符号/量纲伪影，须回源确证
2026-09-23,001872,2001-07-10,-2.480,-2.280,-2.520,-2.320,,0.220,8.6600,24698,40271596.00,,AKSHARE,close_negative,主板,2000-2009,1630.561,全史负价（源侧缺陷）。OHLC 整体为负但列间比例自洽→疑似源历史段符号/量纲伪影，须回源确证
2026-09-23,001872,2001-07-11,-2.300,-1.880,-2.300,-2.200,,0.120,5.1700,56413,94727000.00,,AKSHARE,close_negative,主板,2000-2009,1679.1697,全史负价（源侧缺陷）。OHLC 整体为负但列间比例自洽→疑似源历史段符号/量纲伪影，须回源确证
2026-09-23,001872,2001-07-12,-2.230,-2.100,-2.310,-2.180,,0.020,0.9100,19039,31671994.00,,AKSHARE,close_negative,主板,2000-2009,1663.5324,全史负价（源侧缺陷）。OHLC 整体为负但列间比例自洽→疑似源历史段符号/量纲伪影，须回源确证
2026-09-23,001872,2001-07-13,-2.180,-1.930,-2.180,-2.130,,0.050,2.2900,12277,20679167.00,,AKSHARE,close_negative,主板,2000-2009,1684.3827,全史负价（源侧缺陷）。OHLC 整体为负但列间比例自洽→疑似源历史段符号/量纲伪影，须回源确证
2026-09-23,001872,2001-07-16,-2.000,-1.940,-2.140,-2.060,,0.070,3.2900,15285,25617492.00,,AKSHARE,close_negative,主板,2000-2009,1675.989,全史负价（源侧缺陷）。OHLC 整体为负但列间比例自洽→疑似源历史段符号/量纲伪影，须回源确证
2026-09-23,001872,2001-07-17,-2.050,-2.050,-2.400,-2.240,,-0.180,-8.7400,16312,26594036.00,,AKSHARE,close_negative,主板,2000-2009,1630.3357,全史负价（源侧缺陷）。OHLC 整体为负但列间比例自洽→疑似源历史段符号/量纲伪影，须回源确证
2026-09-23,001872,2001-07-18,-2.240,-2.130,-2.340,-2.220,,0.020,0.8900,7865,12849548.00,,AKSHARE,close_negative,主板,2000-2009,1633.7633,全史负价（源侧缺陷）。OHLC 整体为负但列间比例自洽→疑似源历史段符号/量纲伪影，须回源确证
2026-09-23,001872,2001-07-19,-2.190,-2.160,-2.370,-2.290,,-0.070,-3.1500,7142,11630924.00,,AKSHARE,close_negative,主板,2000-2009,1628.5248,全史负价（源侧缺陷）。OHLC 整体为负但列间比例自洽→疑似源历史段符号/量纲伪影，须回源确证
2026-09-23,001872,2001-07-20,-2.290,-1.920,-2.360,-1.950,,0.340,14.8500,19532,32700586.00,,AKSHARE,close_negative,主板,2000-2009,1674.2057,全史负价（源侧缺陷）。OHLC 整体为负但列间比例自洽→疑似源历史段符号/量纲伪影，须回源确证
2026-09-23,001872,2001-07-23,-1.930,-1.650,-2.020,-1.720,,0.230,11.7900,26636,45954308.00,,AKSHARE,close_negative,主板,2000-2009,1725.2706,全史负价（源侧缺陷）。OHLC 整体为负但列间比例自洽→疑似源历史段符号/量纲伪影，须回源确证
2026-09-23,001872,2001-07-24,-1.730,-1.730,-1.940,-1.820,,-0.100,-5.8100,20621,35323568.00,,AKSHARE,close_negative,主板,2000-2009,1712.9901,全史负价（源侧缺陷）。OHLC 整体为负但列间比例自洽→疑似源历史段符号/量纲伪影，须回源确证
2026-09-23,001872,2001-07-25,-1.850,-1.770,-2.060,-2.030,,-0.210,-11.5400,11533,19570224.00,,AKSHARE,close_negative,主板,2000-2009,1696.8893,全史负价（源侧缺陷）。OHLC 整体为负但列间比例自洽→疑似源历史段符号/量纲伪影，须回源确证
2026-09-23,001872,2001-07-26,-2.080,-1.860,-2.100,-1.900,,0.130,6.4000,11409,19329450.00,,AKSHARE,close_negative,主板,2000-2009,1694.2282,全史负价（源侧缺陷）。OHLC 整体为负但列间比例自洽→疑似源历史段符号/量纲伪影，须回源确证
2026-09-23,001872,2001-07-27,-1.890,-1.720,-2.010,-1.960,,-0.060,-3.1600,11882,20325040.00,,AKSHARE,close_negative,主板,2000-2009,1710.574,全史负价（源侧缺陷）。OHLC 整体为负但列间比例自洽→疑似源历史段符号/量纲伪影，须回源确证
2026-09-23,001872,2001-07-30,-2.030,-2.030,-2.620,-2.570,,-0.610,-31.1200,23022,37242232.00,,AKSHARE,close_negative,主板,2000-2009,1617.6801,全史负价（源侧缺陷）。OHLC 整体为负但列间比例自洽→疑似源历史段符号/量纲伪影，须回源确证
2026-09-23,001872,2001-07-31,-2.720,-2.370,-2.990,-2.860,,-0.290,-11.2800,17403,27119374.00,,AKSHARE,close_negative,主板,2000-2009,1558.316,全史负价（源侧缺陷）。OHLC 整体为负但列间比例自洽→疑似源历史段符号/量纲伪影，须回源确证
2026-09-23,001872,2001-08-01,-2.830,-2.190,-2.830,-2.250,,0.610,21.3300,20257,32240708.00,,AKSHARE,close_negative,主板,2000-2009,1591.5836,全史负价（源侧缺陷）。OHLC 整体为负但列间比例自洽→疑似源历史段符号/量纲伪影，须回源确证
2026-09-23,001872,2001-08-02,-2.270,-2.190,-2.620,-2.280,,-0.030,-1.3300,20248,32683516.00,,AKSHARE,close_negative,主板,2000-2009,1614.1602,全史负价（源侧缺陷）。OHLC 整体为负但列间比例自洽→疑似源历史段符号/量纲伪影，须回源确证
2026-09-23,001872,2001-08-03,-2.280,-2.150,-2.400,-2.250,,0.030,1.3200,10287,16854624.00,,AKSHARE,close_negative,主板,2000-2009,1638.4392,全史负价（源侧缺陷）。OHLC 整体为负但列间比例自洽→疑似源历史段符号/量纲伪影，须回源确证
2026-09-23,001872,2001-08-06,-2.230,-2.190,-2.510,-2.450,,-0.200,-8.8900,14556,23465444.00,,AKSHARE,close_negative,主板,2000-2009,1612.0805,全史负价（源侧缺陷）。OHLC 整体为负但列间比例自洽→疑似源历史段符号/量纲伪影，须回源确证
2026-09-23,001872,2001-08-07,-2.460,-2.240,-2.550,-2.320,,0.130,5.3100,8557,13831549.00,,AKSHARE,close_negative,主板,2000-2009,1616.4017,全史负价（源侧缺陷）。OHLC 整体为负但列间比例自洽→疑似源历史段符号/量纲伪影，须回源确证
2026-09-23,001872,2001-08-08,-2.350,-2.200,-2.460,-2.300,,0.020,0.8600,5473,8917552.00,,AKSHARE,close_negative,主板,2000-2009,1629.3718,全史负价（源侧缺陷）。OHLC 整体为负但列间比例自洽→疑似源历史段符号/量纲伪影，须回源确证
2026-09-23,001872,2001-08-09,-2.340,-2.080,-2.340,-2.100,,0.200,8.7000,10390,17221434.00,,AKSHARE,close_negative,主板,2000-2009,1657.5009,全史负价（源侧缺陷）。OHLC 整体为负但列间比例自洽→疑似源历史段符号/量纲伪影，须回源确证
2026-09-23,001872,2001-08-10,-2.070,-2.030,-2.180,-2.100,,,,11568,19259620.00,,AKSHARE,close_negative,主板,2000-2009,1664.9049,全史负价（源侧缺陷）。OHLC 整体为负但列间比例自洽→疑似源历史段符号/量纲伪影，须回源确证
2026-09-23,001872,2001-08-13,-2.100,-1.940,-2.150,-2.020,,0.080,3.8100,9228,15515545.00,,AKSHARE,close_negative,主板,2000-2009,1681.3551,全史负价（源侧缺陷）。OHLC 整体为负但列间比例自洽→疑似源历史段符号/量纲伪影，须回源确证
2026-09-23,001872,2001-08-14,-2.010,-1.940,-2.230,-2.160,,-0.140,-6.9300,10436,17327728.00,,AKSHARE,close_negative,主板,2000-2009,1660.3802,全史负价（源侧缺陷）。OHLC 整体为负但列间比例自洽→疑似源历史段符号/量纲伪影，须回源确证
2026-09-23,001872,2001-08-15,-2.140,-2.100,-2.340,-2.200,,-0.040,-1.8500,7328,12022733.00,,AKSHARE,close_negative,主板,2000-2009,1640.6568,全史负价（源侧缺陷）。OHLC 整体为负但列间比例自洽→疑似源历史段符号/量纲伪影，须回源确证
2026-09-23,001872,2001-08-16,-2.430,-2.110,-2.430,-2.340,,-0.140,-6.3600,5109,8356498.50,,AKSHARE,close_negative,主板,2000-2009,1635.6427,全史负价（源侧缺陷）。OHLC 整体为负但列间比例自洽→疑似源历史段符号/量纲伪影，须回源确证
2026-09-23,001872,2001-08-17,-2.390,-2.250,-2.480,-2.400,,-0.060,-2.5600,6513,10490388.00,,AKSHARE,close_negative,主板,2000-2009,1610.6845,全史负价（源侧缺陷）。OHLC 整体为负但列间比例自洽→疑似源历史段符号/量纲伪影，须回源确证
2026-09-23,001872,2001-08-20,-2.410,-2.250,-2.420,-2.370,,0.030,1.2500,2844,4615129.00,,AKSHARE,close_negative,主板,2000-2009,1622.7598,全史负价（源侧缺陷）。OHLC 整体为负但列间比例自洽→疑似源历史段符号/量纲伪影，须回源确证
2026-09-23,001872,2001-08-21,-2.370,-2.240,-2.390,-2.380,,-0.010,-0.4200,4230,6871360.50,,AKSHARE,close_negative,主板,2000-2009,1624.4351,全史负价（源侧缺陷）。OHLC 整体为负但列间比例自洽→疑似源历史段符号/量纲伪影，须回源确证
2026-09-23,001872,2001-08-22,-2.720,-2.540,-2.830,-2.620,,-0.240,-10.0800,9975,15534342.00,,AKSHARE,close_negative,主板,2000-2009,1557.3275,全史负价（源侧缺陷）。OHLC 整体为负但列间比例自洽→疑似源历史段符号/量纲伪影，须回源确证
2026-09-23,001872,2001-08-23,-2.720,-2.630,-2.810,-2.730,,-0.110,-4.2000,8975,13920684.00,,AKSHARE,close_negative,主板,2000-2009,1551.0511,全史负价（源侧缺陷）。OHLC 整体为负但列间比例自洽→疑似源历史段符号/量纲伪影，须回源确证
2026-09-23,001872,2001-08-24,-2.700,-2.670,-3.100,-3.040,,-0.310,-11.3600,13932,21130958.00,,AKSHARE,close_negative,主板,2000-2009,1516.7211,全史负价（源侧缺陷）。OHLC 整体为负但列间比例自洽→疑似源历史段符号/量纲伪影，须回源确证
2026-09-23,001872,2001-08-27,-3.100,-3.100,-3.590,-3.560,,-0.520,-17.1100,17363,24630870.00,,AKSHARE,close_negative,主板,2000-2009,1418.5838,全史负价（源侧缺陷）。OHLC 整体为负但列间比例自洽→疑似源历史段符号/量纲伪影，须回源确证
2026-09-23,001872,2001-08-28,-3.640,-3.180,-3.790,-3.210,,0.350,9.8300,9137,12690564.00,,AKSHARE,close_negative,主板,2000-2009,1388.9202,全史负价（源侧缺陷）。OHLC 整体为负但列间比例自洽→疑似源历史段符号/量纲伪影，须回源确证
2026-09-23,001872,2001-08-29,-3.210,-3.190,-3.420,-3.400,,-0.190,-5.9200,7530,10846674.00,,AKSHARE,close_negative,主板,2000-2009,1440.4614,全史负价（源侧缺陷）。OHLC 整体为负但列间比例自洽→疑似源历史段符号/量纲伪影，须回源确证
2026-09-23,001872,2001-08-30,-3.420,-3.270,-3.520,-3.410,,-0.010,-0.2900,3068,4365421.00,,AKSHARE,close_negative,主板,2000-2009,1422.8882,全史负价（源侧缺陷）。OHLC 整体为负但列间比例自洽→疑似源历史段符号/量纲伪影，须回源确证
2026-09-23,001872,2001-08-31,-3.410,-3.290,-3.480,-3.440,,-0.030,-0.8800,2590,3686214.50,,AKSHARE,close_negative,主板,2000-2009,1423.2488,全史负价（源侧缺陷）。OHLC 整体为负但列间比例自洽→疑似源历史段符号/量纲伪影，须回源确证
2026-09-23,001872,2001-09-03,-3.420,-3.370,-3.650,-3.600,,-0.160,-4.6500,2979,4160871.00,,AKSHARE,close_negative,主板,2000-2009,1396.7341,全史负价（源侧缺陷）。OHLC 整体为负但列间比例自洽→疑似源历史段符号/量纲伪影，须回源确证
2026-09-23,001872,2001-09-04,-3.600,-3.370,-3.600,-3.400,,0.200,5.5600,3879,5467018.00,,AKSHARE,close_negative,主板,2000-2009,1409.3885,全史负价（源侧缺陷）。OHLC 整体为负但列间比例自洽→疑似源历史段符号/量纲伪影，须回源确证
2026-09-23,001872,2001-09-05,-3.290,-3.210,-3.370,-3.330,,0.070,2.0600,5712,8258409.00,,AKSHARE,close_negative,主板,2000-2009,1445.7999,全史负价（源侧缺陷）。OHLC 整体为负但列间比例自洽→疑似源历史段符号/量纲伪影，须回源确证
2026-09-23,001872,2001-09-06,-3.330,-3.260,-3.350,-3.260,,0.070,2.1000,2952,4256832.00,,AKSHARE,close_negative,主板,2000-2009,1442.0163,全史负价（源侧缺陷）。OHLC 整体为负但列间比例自洽→疑似源历史段符号/量纲伪影，须回源确证
2026-09-23,001872,2001-09-07,-3.260,-3.260,-3.550,-3.540,,-0.280,-8.5900,5263,7433702.50,,AKSHARE,close_negative,主板,2000-2009,1412.4458,全史负价（源侧缺陷）。OHLC 整体为负但列间比例自洽→疑似源历史段符号/量纲伪影，须回源确证
2026-09-23,001872,2001-09-10,-3.620,-2.940,-3.740,-3.050,,0.490,13.8400,11270,16556332.00,,AKSHARE,close_negative,主板,2000-2009,1469.0623,全史负价（源侧缺陷）。OHLC 整体为负但列间比例自洽→疑似源历史段符号/量纲伪影，须回源确证
2026-09-23,001872,2001-09-11,-3.000,-2.850,-3.100,-2.960,,0.090,2.9500,11460,17309880.00,,AKSHARE,close_negative,主板,2000-2009,1510.4607,全史负价（源侧缺陷）。OHLC 整体为负但列间比例自洽→疑似源历史段符号/量纲伪影，须回源确证
2026-09-23,001872,2001-09-12,-3.100,-2.970,-3.370,-3.040,,-0.080,-2.7000,14575,21521906.00,,AKSHARE,close_negative,主板,2000-2009,1476.6316,全史负价（源侧缺陷）。OHLC 整体为负但列间比例自洽→疑似源历史段符号/量纲伪影，须回源确证
2026-09-23,001872,2001-09-13,-3.050,-2.970,-3.150,-3.150,,-0.110,-3.6200,4160,6177715.50,,AKSHARE,close_negative,主板,2000-2009,1485.0278,全史负价（源侧缺陷）。OHLC 整体为负但列间比例自洽→疑似源历史段符号/量纲伪影，须回源确证
2026-09-23,001872,2001-09-14,-3.150,-2.830,-3.150,-3.040,,0.110,3.4900,8136,12231606.00,,AKSHARE,close_negative,主板,2000-2009,1503.3931,全史负价（源侧缺陷）。OHLC 整体为负但列间比例自洽→疑似源历史段符号/量纲伪影，须回源确证
2026-09-23,001872,2001-09-17,-3.030,-2.900,-3.110,-3.090,,-0.050,-1.6400,5419,8058755.00,,AKSHARE,close_negative,主板,2000-2009,1487.1295,全史负价（源侧缺陷）。OHLC 整体为负但列间比例自洽→疑似源历史段符号/量纲伪影，须回源确证
2026-09-23,001872,2001-09-18,-3.090,-2.940,-3.420,-3.290,,-0.200,-6.4700,7534,11013672.00,,AKSHARE,close_negative,主板,2000-2009,1461.8625,全史负价（源侧缺陷）。OHLC 整体为负但列间比例自洽→疑似源历史段符号/量纲伪影，须回源确证
2026-09-23,001872,2001-09-19,-3.290,-3.260,-3.490,-3.300,,-0.010,-0.3000,4236,6051993.00,,AKSHARE,close_negative,主板,2000-2009,1428.7047,全史负价（源侧缺陷）。OHLC 整体为负但列间比例自洽→疑似源历史段符号/量纲伪影，须回源确证
2026-09-23,001872,2001-09-20,-3.260,-3.180,-3.420,-3.370,,-0.070,-2.1200,3656,5298949.50,,AKSHARE,close_negative,主板,2000-2009,1449.3844,全史负价（源侧缺陷）。OHLC 整体为负但列间比例自洽→疑似源历史段符号/量纲伪影，须回源确证
2026-09-23,001872,2001-09-21,-3.380,-3.380,-3.480,-3.460,,-0.090,-2.6700,3121,4419565.00,,AKSHARE,close_negative,主板,2000-2009,1416.0734,全史负价（源侧缺陷）。OHLC 整体为负但列间比例自洽→疑似源历史段符号/量纲伪影，须回源确证
2026-09-23,001872,2001-09-24,-3.470,-3.470,-3.690,-3.650,,-0.190,-5.4900,5881,8160845.50,,AKSHARE,close_negative,主板,2000-2009,1387.6629,全史负价（源侧缺陷）。OHLC 整体为负但列间比例自洽→疑似源历史段符号/量纲伪影，须回源确证
2026-09-23,001872,2001-09-25,-3.640,-3.480,-3.640,-3.640,,0.010,0.2700,2143,2975837.50,,AKSHARE,close_negative,主板,2000-2009,1388.6316,全史负价（源侧缺陷）。OHLC 整体为负但列间比例自洽→疑似源历史段符号/量纲伪影，须回源确证
2026-09-23,001872,2001-09-26,-3.600,-3.560,-3.680,-3.670,,-0.030,-0.8200,2308,3185632.00,,AKSHARE,close_negative,主板,2000-2009,1380.2565,全史负价（源侧缺陷）。OHLC 整体为负但列间比例自洽→疑似源历史段符号/量纲伪影，须回源确证
2026-09-23,001872,2001-09-27,-3.720,-3.680,-4.060,-3.890,,-0.220,-5.9900,5308,7084752.00,,AKSHARE,close_negative,主板,2000-2009,1334.731,全史负价（源侧缺陷）。OHLC 整体为负但列间比例自洽→疑似源历史段符号/量纲伪影，须回源确证
2026-09-23,001872,2001-09-28,-3.850,-3.840,-4.040,-3.920,,-0.030,-0.7700,3026,4003631.25,,AKSHARE,close_negative,主板,2000-2009,1323.0771,全史负价（源侧缺陷）。OHLC 整体为负但列间比例自洽→疑似源历史段符号/量纲伪影，须回源确证
2026-09-23,001872,2001-10-08,-3.910,-3.830,-4.150,-4.110,,-0.190,-4.8500,2510,3273760.25,,AKSHARE,close_negative,主板,2000-2009,1304.287,全史负价（源侧缺陷）。OHLC 整体为负但列间比例自洽→疑似源历史段符号/量纲伪影，须回源确证
2026-09-23,001872,2001-10-09,-4.170,-3.910,-4.170,-3.960,,0.150,3.6500,2005,2627457.75,,AKSHARE,close_negative,主板,2000-2009,1310.4527,全史负价（源侧缺陷）。OHLC 整体为负但列间比例自洽→疑似源历史段符号/量纲伪影，须回源确证
2026-09-23,001872,2001-10-10,-3.960,-3.930,-4.190,-4.170,,-0.210,-5.3000,2378,3061363.50,,AKSHARE,close_negative,主板,2000-2009,1287.369,全史负价（源侧缺陷）。OHLC 整体为负但列间比例自洽→疑似源历史段符号/量纲伪影，须回源确证
2026-09-23,001872,2001-10-11,-4.170,-4.070,-4.480,-4.460,,-0.290,-6.9500,3035,3776757.50,,AKSHARE,close_negative,主板,2000-2009,1244.4012,全史负价（源侧缺陷）。OHLC 整体为负但列间比例自洽→疑似源历史段符号/量纲伪影，须回源确证
2026-09-23,001872,2001-10-12,-4.420,-4.180,-4.730,-4.190,,0.270,6.0500,5738,7106596.50,,AKSHARE,close_negative,主板,2000-2009,1238.5146,全史负价（源侧缺陷）。OHLC 整体为负但列间比例自洽→疑似源历史段符号/量纲伪影，须回源确证
2026-09-23,001872,2001-10-15,-4.190,-3.990,-4.340,-4.070,,0.120,2.8600,4634,5988546.00,,AKSHARE,close_negative,主板,2000-2009,1292.306,全史负价（源侧缺陷）。OHLC 整体为负但列间比例自洽→疑似源历史段符号/量纲伪影，须回源确证
2026-09-23,001872,2001-10-16,-4.080,-4.080,-4.300,-4.260,,-0.190,-4.6700,2211,2816648.50,,AKSHARE,close_negative,主板,2000-2009,1273.9251,全史负价（源侧缺陷）。OHLC 整体为负但列间比例自洽→疑似源历史段符号/量纲伪影，须回源确证
2026-09-23,001872,2001-10-17,-4.340,-4.200,-4.400,-4.340,,-0.080,-1.8800,1933,2434452.00,,AKSHARE,close_negative,主板,2000-2009,1259.4165,全史负价（源侧缺陷）。OHLC 整体为负但列间比例自洽→疑似源历史段符号/量纲伪影，须回源确证
2026-09-23,001872,2001-10-18,-4.340,-4.230,-4.450,-4.420,,-0.080,-1.8400,1435,1784363.75,,AKSHARE,close_negative,主板,2000-2009,1243.4591,全史负价（源侧缺陷）。OHLC 整体为负但列间比例自洽→疑似源历史段符号/量纲伪影，须回源确证
2026-09-23,001872,2001-10-19,-4.420,-4.420,-4.710,-4.600,,-0.180,-4.0700,3867,4658875.00,,AKSHARE,close_negative,主板,2000-2009,1204.7776,全史负价（源侧缺陷）。OHLC 整体为负但列间比例自洽→疑似源历史段符号/量纲伪影，须回源确证
2026-09-23,001872,2001-10-22,-4.710,-4.570,-4.880,-4.830,,-0.230,-5.0000,2998,3545569.50,,AKSHARE,close_negative,主板,2000-2009,1182.6449,全史负价（源侧缺陷）。OHLC 整体为负但列间比例自洽→疑似源历史段符号/量纲伪影，须回源确证
2026-09-23,001872,2001-10-23,-4.200,-4.200,-4.390,-4.200,,0.630,13.0400,7611,9661810.00,,AKSHARE,close_negative,主板,2000-2009,1269.4534,全史负价（源侧缺陷）。OHLC 整体为负但列间比例自洽→疑似源历史段符号/量纲伪影，须回源确证
2026-09-23,001872,2001-10-24,-3.770,-3.670,-3.960,-3.820,,0.380,9.0500,18503,24977174.00,,AKSHARE,close_negative,主板,2000-2009,1349.8986,全史负价（源侧缺陷）。OHLC 整体为负但列间比例自洽→疑似源历史段符号/量纲伪影，须回源确证
2026-09-23,001872,2001-10-25,-3.960,-3.880,-4.150,-4.060,,-0.240,-6.2800,6115,8022583.00,,AKSHARE,close_negative,主板,2000-2009,1311.9514,全史负价（源侧缺陷）。OHLC 整体为负但列间比例自洽→疑似源历史段符号/量纲伪影，须回源确证
2026-09-23,001872,2001-10-26,-4.040,-3.930,-4.120,-3.950,,0.110,2.7100,4115,5380133.50,,AKSHARE,close_negative,主板,2000-2009,1307.4443,全史负价（源侧缺陷）。OHLC 整体为负但列间比例自洽→疑似源历史段符号/量纲伪影，须回源确证
2026-09-23,001872,2001-10-29,-3.950,-3.770,-3.950,-3.780,,0.170,4.3000,4269,5729384.00,,AKSHARE,close_negative,主板,2000-2009,1342.0904,全史负价（源侧缺陷）。OHLC 整体为负但列间比例自洽→疑似源历史段符号/量纲伪影，须回源确证
2026-09-23,001872,2001-10-30,-3.770,-3.750,-3.860,-3.840,,-0.060,-1.5900,3154,4240338.00,,AKSHARE,close_negative,主板,2000-2009,1344.4318,全史负价（源侧缺陷）。OHLC 整体为负但列间比例自洽→疑似源历史段符号/量纲伪影，须回源确证
2026-09-23,001872,2001-10-31,-3.850,-3.350,-4.020,-3.470,,0.370,9.6400,8054,11054371.00,,AKSHARE,close_negative,主板,2000-2009,1372.5318,全史负价（源侧缺陷）。OHLC 整体为负但列间比例自洽→疑似源历史段符号/量纲伪影，须回源确证
2026-09-23,001872,2001-11-01,-3.430,-3.420,-3.610,-3.540,,-0.070,-2.0200,9611,13486332.00,,AKSHARE,close_negative,主板,2000-2009,1403.2184,全史负价（源侧缺陷）。OHLC 整体为负但列间比例自洽→疑似源历史段符号/量纲伪影，须回源确证
2026-09-23,001872,2001-11-02,-3.590,-3.470,-3.630,-3.540,,,,5621,7876714.50,,AKSHARE,close_negative,主板,2000-2009,1401.3013,全史负价（源侧缺陷）。OHLC 整体为负但列间比例自洽→疑似源历史段符号/量纲伪影，须回源确证
2026-09-23,001872,2001-11-05,-3.530,-3.390,-3.530,-3.480,,0.060,1.6900,5668,8009556.50,,AKSHARE,close_negative,主板,2000-2009,1413.1186,全史负价（源侧缺陷）。OHLC 整体为负但列间比例自洽→疑似源历史段符号/量纲伪影，须回源确证
2026-09-23,001872,2001-11-06,-3.440,-3.440,-3.690,-3.650,,-0.170,-4.8900,4509,6231047.50,,AKSHARE,close_negative,主板,2000-2009,1381.9134,全史负价（源侧缺陷）。OHLC 整体为负但列间比例自洽→疑似源历史段符号/量纲伪影，须回源确证
2026-09-23,001872,2001-11-07,-3.690,-3.670,-4.100,-4.090,,-0.440,-12.0500,10131,13348572.00,,AKSHARE,close_negative,主板,2000-2009,1317.5967,全史负价（源侧缺陷）。OHLC 整体为负但列间比例自洽→疑似源历史段符号/量纲伪影，须回源确证
2026-09-23,001872,2001-11-08,-4.190,-3.810,-4.280,-3.910,,0.180,4.4000,7201,9408268.00,,AKSHARE,close_negative,主板,2000-2009,1306.5224,全史负价（源侧缺陷）。OHLC 整体为负但列间比例自洽→疑似源历史段符号/量纲伪影，须回源确证
2026-09-23,001872,2001-11-09,-3.900,-3.830,-4.100,-3.950,,-0.040,-1.0200,6518,8597520.00,,AKSHARE,close_negative,主板,2000-2009,1319.0427,全史负价（源侧缺陷）。OHLC 整体为负但列间比例自洽→疑似源历史段符号/量纲伪影，须回源确证
2026-09-23,001872,2001-11-12,-4.120,-3.910,-4.240,-4.230,,-0.280,-7.0900,6097,7820520.00,,AKSHARE,close_negative,主板,2000-2009,1282.6833,全史负价（源侧缺陷）。OHLC 整体为负但列间比例自洽→疑似源历史段符号/量纲伪影，须回源确证
2026-09-23,001872,2001-11-13,-4.280,-4.230,-4.400,-4.370,,-0.140,-3.3100,3528,4410250.00,,AKSHARE,close_negative,主板,2000-2009,1250.0709,全史负价（源侧缺陷）。OHLC 整体为负但列间比例自洽→疑似源历史段符号/量纲伪影，须回源确证
2026-09-23,001872,2001-11-14,-4.350,-4.240,-4.380,-4.350,,0.020,0.4600,2322,2910640.25,,AKSHARE,close_negative,主板,2000-2009,1253.5057,全史负价（源侧缺陷）。OHLC 整体为负但列间比例自洽→疑似源历史段符号/量纲伪影，须回源确证
2026-09-23,001872,2001-11-15,-4.340,-4.240,-4.390,-4.380,,-0.030,-0.6900,1221,1526253.00,,AKSHARE,close_negative,主板,2000-2009,1250.0025,全史负价（源侧缺陷）。OHLC 整体为负但列间比例自洽→疑似源历史段符号/量纲伪影，须回源确证
2026-09-23,001872,2001-11-16,-4.040,-3.760,-4.280,-4.270,,0.110,2.5100,6692,8696644.00,,AKSHARE,close_negative,主板,2000-2009,1299.5583,全史负价（源侧缺陷）。OHLC 整体为负但列间比例自洽→疑似源历史段符号/量纲伪影，须回源确证
2026-09-23,001872,2001-11-19,-4.260,-4.120,-4.280,-4.160,,0.110,2.5800,6692,8696643.00,,AKSHARE,close_negative,主板,2000-2009,1299.5581,全史负价（源侧缺陷）。OHLC 整体为负但列间比例自洽→疑似源历史段符号/量纲伪影，须回源确证
2026-09-23,001872,2001-11-20,-4.100,-3.980,-4.160,-4.030,,0.130,3.1300,1708,2182584.00,,AKSHARE,close_negative,主板,2000-2009,1277.8595,全史负价（源侧缺陷）。OHLC 整体为负但列间比例自洽→疑似源历史段符号/量纲伪影，须回源确证
2026-09-23,001872,2001-11-21,-4.040,-4.020,-4.090,-4.060,,-0.030,-0.7400,3876,5047359.00,,AKSHARE,close_negative,主板,2000-2009,1302.2082,全史负价（源侧缺陷）。OHLC 整体为负但列间比例自洽→疑似源历史段符号/量纲伪影，须回源确证
2026-09-23,001872,2001-11-22,-4.100,-3.960,-4.120,-3.980,,0.080,1.9700,4024,5286485.00,,AKSHARE,close_negative,主板,2000-2009,1313.7388,全史负价（源侧缺陷）。OHLC 整体为负但列间比例自洽→疑似源历史段符号/量纲伪影，须回源确证
2026-09-23,001872,2001-11-23,-3.980,-3.880,-3.980,-3.960,,0.020,0.5000,3482,4608245.50,,AKSHARE,close_negative,主板,2000-2009,1323.4479,全史负价（源侧缺陷）。OHLC 整体为负但列间比例自洽→疑似源历史段符号/量纲伪影，须回源确证
2026-09-23,001872,2001-11-26,-4.020,-3.920,-4.060,-4.040,,-0.080,-2.0200,2452,3221307.25,,AKSHARE,close_negative,主板,2000-2009,1313.7468,全史负价（源侧缺陷）。OHLC 整体为负但列间比例自洽→疑似源历史段符号/量纲伪影，须回源确证
2026-09-23,001872,2001-11-27,-3.970,-3.970,-4.050,-3.980,,0.060,1.4900,1531,2005883.62,,AKSHARE,close_negative,主板,2000-2009,1310.1787,全史负价（源侧缺陷）。OHLC 整体为负但列间比例自洽→疑似源历史段符号/量纲伪影，须回源确证
2026-09-23,001872,2001-11-28,-3.970,-3.910,-3.980,-3.930,,0.050,1.2600,3774,4997824.50,,AKSHARE,close_negative,主板,2000-2009,1324.2778,全史负价（源侧缺陷）。OHLC 整体为负但列间比例自洽→疑似源历史段符号/量纲伪影，须回源确证
2026-09-23,001872,2001-11-29,-3.960,-3.930,-4.070,-4.000,,-0.070,-1.7800,3399,4470940.00,,AKSHARE,close_negative,主板,2000-2009,1315.3692,全史负价（源侧缺陷）。OHLC 整体为负但列间比例自洽→疑似源历史段符号/量纲伪影，须回源确证
2026-09-23,001872,2001-11-30,-4.000,-3.910,-4.060,-3.910,,0.090,2.2500,3302,4364998.00,,AKSHARE,close_negative,主板,2000-2009,1321.9255,全史负价（源侧缺陷）。OHLC 整体为负但列间比例自洽→疑似源历史段符号/量纲伪影，须回源确证
2026-09-23,001872,2001-12-03,-3.880,-3.700,-3.890,-3.740,,0.170,4.3500,7124,9613903.00,,AKSHARE,close_negative,主板,2000-2009,1349.5091,全史负价（源侧缺陷）。OHLC 整体为负但列间比例自洽→疑似源历史段符号/量纲伪影，须回源确证
2026-09-23,001872,2001-12-04,-3.740,-3.720,-3.850,-3.750,,-0.010,-0.2700,3616,4877500.50,,AKSHARE,close_negative,主板,2000-2009,1348.8663,全史负价（源侧缺陷）。OHLC 整体为负但列间比例自洽→疑似源历史段符号/量纲伪影，须回源确证
2026-09-23,001872,2001-12-05,-3.770,-3.560,-3.830,-3.800,,-0.050,-1.3300,6476,8868706.00,,AKSHARE,close_negative,主板,2000-2009,1369.4728,全史负价（源侧缺陷）。OHLC 整体为负但列间比例自洽→疑似源历史段符号/量纲伪影，须回源确证
2026-09-23,001872,2001-12-06,-3.830,-3.760,-3.850,-3.780,,0.020,0.5300,3195,4305481.00,,AKSHARE,close_negative,主板,2000-2009,1347.5684,全史负价（源侧缺陷）。OHLC 整体为负但列间比例自洽→疑似源历史段符号/量纲伪影，须回源确证
2026-09-23,001872,2001-12-07,-3.660,-3.660,-3.890,-3.830,,-0.050,-1.3200,2526,3398932.50,,AKSHARE,close_negative,主板,2000-2009,1345.579,全史负价（源侧缺陷）。OHLC 整体为负但列间比例自洽→疑似源历史段符号/量纲伪影，须回源确证
2026-09-23,001872,2001-12-10,-3.850,-3.800,-3.950,-3.850,,-0.020,-0.5200,2225,2959285.50,,AKSHARE,close_negative,主板,2000-2009,1330.016,全史负价（源侧缺陷）。OHLC 整体为负但列间比例自洽→疑似源历史段符号/量纲伪影，须回源确证
2026-09-23,001872,2001-12-11,-3.880,-3.830,-3.980,-3.970,,-0.120,-3.1200,1764,2341421.50,,AKSHARE,close_negative,主板,2000-2009,1327.3365,全史负价（源侧缺陷）。OHLC 整体为负但列间比例自洽→疑似源历史段符号/量纲伪影，须回源确证
2026-09-23,001872,2001-12-12,-4.020,-3.960,-4.170,-4.160,,-0.190,-4.7900,2913,3790933.00,,AKSHARE,close_negative,主板,2000-2009,1301.3845,全史负价（源侧缺陷）。OHLC 整体为负但列间比例自洽→疑似源历史段符号/量纲伪影，须回源确证
2026-09-23,001872,2001-12-13,-4.160,-4.060,-4.180,-4.180,,-0.020,-0.4800,2571,3305834.25,,AKSHARE,close_negative,主板,2000-2009,1285.8165,全史负价（源侧缺陷）。OHLC 整体为负但列间比例自洽→疑似源历史段符号/量纲伪影，须回源确证
2026-09-23,001872,2001-12-14,-4.180,-4.180,-4.280,-4.280,,-0.100,-2.3900,2406,3052132.50,,AKSHARE,close_negative,主板,2000-2009,1268.5505,全史负价（源侧缺陷）。OHLC 整体为负但列间比例自洽→疑似源历史段符号/量纲伪影，须回源确证
2026-09-23,001872,2001-12-17,-4.340,-4.180,-4.340,-4.290,,-0.010,-0.2300,1497,1884996.38,,AKSHARE,close_negative,主板,2000-2009,1259.1826,全史负价（源侧缺陷）。OHLC 整体为负但列间比例自洽→疑似源历史段符号/量纲伪影，须回源确证
2026-09-23,001872,2001-12-18,-4.290,-4.200,-4.340,-4.210,,0.080,1.8600,1757,2220906.00,,AKSHARE,close_negative,主板,2000-2009,1264.033,全史负价（源侧缺陷）。OHLC 整体为负但列间比例自洽→疑似源历史段符号/量纲伪影，须回源确证
2026-09-23,001872,2001-12-19,-4.200,-4.180,-4.330,-4.290,,-0.080,-1.9000,1404,1780827.00,,AKSHARE,close_negative,主板,2000-2009,1268.3953,全史负价（源侧缺陷）。OHLC 整体为负但列间比例自洽→疑似源历史段符号/量纲伪影，须回源确证
2026-09-23,001872,2001-12-20,-4.310,-4.310,-4.500,-4.460,,-0.170,-3.9600,3656,4507754.00,,AKSHARE,close_negative,主板,2000-2009,1232.9743,全史负价（源侧缺陷）。OHLC 整体为负但列间比例自洽→疑似源历史段符号/量纲伪影，须回源确证
2026-09-23,001872,2001-12-21,-4.460,-4.360,-4.460,-4.430,,0.030,0.6700,1367,1684013.62,,AKSHARE,close_negative,主板,2000-2009,1231.9046,全史负价（源侧缺陷）。OHLC 整体为负但列间比例自洽→疑似源历史段符号/量纲伪影，须回源确证
2026-09-23,001872,2001-12-24,-4.420,-4.410,-4.590,-4.580,,-0.150,-3.3900,1384,1682344.50,,AKSHARE,close_negative,主板,2000-2009,1215.5668,全史负价（源侧缺陷）。OHLC 整体为负但列间比例自洽→疑似源历史段符号/量纲伪影，须回源确证
2026-09-23,001872,2001-12-25,-4.620,-4.550,-4.740,-4.570,,0.010,0.2200,1395,1671146.62,,AKSHARE,close_negative,主板,2000-2009,1197.9546,全史负价（源侧缺陷）。OHLC 整体为负但列间比例自洽→疑似源历史段符号/量纲伪影，须回源确证
2026-09-23,001872,2001-12-26,-4.520,-4.410,-4.520,-4.420,,0.150,3.2800,812,997723.81,,AKSHARE,close_negative,主板,2000-2009,1228.7239,全史负价（源侧缺陷）。OHLC 整体为负但列间比例自洽→疑似源历史段符号/量纲伪影，须回源确证
2026-09-23,001872,2001-12-27,-4.410,-4.390,-4.530,-4.530,,-0.110,-2.4900,1577,1933323.00,,AKSHARE,close_negative,主板,2000-2009,1225.9499,全史负价（源侧缺陷）。OHLC 整体为负但列间比例自洽→疑似源历史段符号/量纲伪影，须回源确证
2026-09-23,001872,2001-12-28,-4.640,-4.500,-4.650,-4.520,,0.010,0.2200,1314,1586855.25,,AKSHARE,close_negative,主板,2000-2009,1207.6524,全史负价（源侧缺陷）。OHLC 整体为负但列间比例自洽→疑似源历史段符号/量纲伪影，须回源确证
2026-09-23,001872,2001-12-31,-4.520,-4.440,-4.520,-4.490,,0.030,0.6600,1361,1664394.00,,AKSHARE,close_negative,主板,2000-2009,1222.9199,全史负价（源侧缺陷）。OHLC 整体为负但列间比例自洽→疑似源历史段符号/量纲伪影，须回源确证
2026-09-23,001872,2002-01-04,-4.500,-4.490,-4.590,-4.580,,-0.090,-2.0000,658,796398.62,,AKSHARE,close_negative,主板,2000-2009,1210.3322,全史负价（源侧缺陷）。OHLC 整体为负但列间比例自洽→疑似源历史段符号/量纲伪影，须回源确证
2026-09-23,001872,2002-01-07,-4.590,-4.590,-4.710,-4.670,,-0.090,-1.9700,1361,1616302.00,,AKSHARE,close_negative,主板,2000-2009,1187.5841,全史负价（源侧缺陷）。OHLC 整体为负但列间比例自洽→疑似源历史段符号/量纲伪影，须回源确证
2026-09-23,001872,2002-01-08,-4.680,-4.600,-4.680,-4.660,,0.010,0.2100,726,866761.88,,AKSHARE,close_negative,主板,2000-2009,1193.8869,全史负价（源侧缺陷）。OHLC 整体为负但列间比例自洽→疑似源历史段符号/量纲伪影，须回源确证
2026-09-23,001872,2002-01-09,-4.660,-4.660,-4.840,-4.800,,-0.140,-3.0000,1381,1618731.00,,AKSHARE,close_negative,主板,2000-2009,1172.1441,全史负价（源侧缺陷）。OHLC 整体为负但列间比例自洽→疑似源历史段符号/量纲伪影，须回源确证
2026-09-23,001872,2002-01-10,-4.850,-4.530,-4.910,-4.620,,0.180,3.7500,2274,2647855.00,,AKSHARE,close_negative,主板,2000-2009,1164.4041,全史负价（源侧缺陷）。OHLC 整体为负但列间比例自洽→疑似源历史段符号/量纲伪影，须回源确证
2026-09-23,001872,2002-01-11,-4.610,-4.610,-4.740,-4.740,,-0.120,-2.6000,1349,1594477.00,,AKSHARE,close_negative,主板,2000-2009,1181.9696,全史负价（源侧缺陷）。OHLC 整体为负但列间比例自洽→疑似源历史段符号/量纲伪影，须回源确证
2026-09-23,001872,2002-01-14,-4.740,-4.740,-5.040,-5.030,,-0.290,-6.1200,2802,3193726.00,,AKSHARE,close_negative,主板,2000-2009,1139.8023,全史负价（源侧缺陷）。OHLC 整体为负但列间比例自洽→疑似源历史段符号/量纲伪影，须回源确证
2026-09-23,001872,2002-01-15,-5.040,-4.880,-5.210,-5.210,,-0.180,-3.5800,2213,2455729.00,,AKSHARE,close_negative,主板,2000-2009,1109.6832,全史负价（源侧缺陷）。OHLC 整体为负但列间比例自洽→疑似源历史段符号/量纲伪影，须回源确证
2026-09-23,001872,2002-01-16,-5.210,-5.040,-5.310,-5.130,,0.080,1.5400,1729,1885350.75,,AKSHARE,close_negative,主板,2000-2009,1090.4284,全史负价（源侧缺陷）。OHLC 整体为负但列间比例自洽→疑似源历史段符号/量纲伪影，须回源确证
2026-09-23,001872,2002-01-17,-5.130,-5.130,-5.580,-5.570,,-0.440,-8.5800,2586,2704545.50,,AKSHARE,close_negative,主板,2000-2009,1045.8413,全史负价（源侧缺陷）。OHLC 整体为负但列间比例自洽→疑似源历史段符号/量纲伪影，须回源确证
2026-09-23,001872,2002-01-18,-5.670,-5.580,-5.900,-5.760,,-0.190,-3.4100,3350,3329553.50,,AKSHARE,close_negative,主板,2000-2009,993.8966,全史负价（源侧缺陷）。OHLC 整体为负但列间比例自洽→疑似源历史段符号/量纲伪影，须回源确证
2026-09-23,001872,2002-01-21,-5.760,-5.760,-6.290,-6.290,,-0.530,-9.2000,3730,3390366.25,,AKSHARE,close_negative,主板,2000-2009,908.9454,全史负价（源侧缺陷）。OHLC 整体为负但列间比例自洽→疑似源历史段符号/量纲伪影，须回源确证
2026-09-23,001872,2002-01-22,-6.340,-6.310,-6.770,-6.770,,-0.480,-7.6300,7715,6455262.50,,AKSHARE,close_negative,主板,2000-2009,836.7158,全史负价（源侧缺陷）。OHLC 整体为负但列间比例自洽→疑似源历史段符号/量纲伪影，须回源确证
2026-09-23,001872,2002-01-23,-6.870,-6.340,-7.200,-6.340,,0.430,6.3500,13484,10501364.00,,AKSHARE,close_negative,主板,2000-2009,778.8018,全史负价（源侧缺陷）。OHLC 整体为负但列间比例自洽→疑似源历史段符号/量纲伪影，须回源确证
2026-09-23,001872,2002-01-24,-6.350,-6.070,-6.500,-6.220,,0.120,1.8900,10287,9321953.00,,AKSHARE,close_negative,主板,2000-2009,906.1877,全史负价（源侧缺陷）。OHLC 整体为负但列间比例自洽→疑似源历史段符号/量纲伪影，须回源确证
2026-09-23,001872,2002-01-25,-6.230,-6.120,-6.320,-6.250,,-0.030,-0.4800,5485,4944283.00,,AKSHARE,close_negative,主板,2000-2009,901.419,全史负价（源侧缺陷）。OHLC 整体为负但列间比例自洽→疑似源历史段符号/量纲伪影，须回源确证
2026-09-23,001872,2002-01-28,-6.220,-6.070,-6.640,-6.590,,-0.340,-5.4400,7108,6290254.00,,AKSHARE,close_negative,主板,2000-2009,884.9541,全史负价（源侧缺陷）。OHLC 整体为负但列间比例自洽→疑似源历史段符号/量纲伪影，须回源确证
2026-09-23,001872,2002-01-29,-6.760,-6.340,-6.790,-6.370,,0.220,3.3400,4142,3531731.00,,AKSHARE,close_negative,主板,2000-2009,852.6632,全史负价（源侧缺陷）。OHLC 整体为负但列间比例自洽→疑似源历史段符号/量纲伪影，须回源确证
2026-09-23,001872,2002-01-30,-6.300,-6.250,-6.430,-6.330,,0.040,0.6300,3081,2711127.00,,AKSHARE,close_negative,主板,2000-2009,879.9503,全史负价（源侧缺陷）。OHLC 整体为负但列间比例自洽→疑似源历史段符号/量纲伪影，须回源确证
2026-09-23,001872,2002-01-31,-6.230,-5.860,-6.230,-5.860,,0.470,7.4200,11313,10695132.00,,AKSHARE,close_negative,主板,2000-2009,945.3842,全史负价（源侧缺陷）。OHLC 整体为负但列间比例自洽→疑似源历史段符号/量纲伪影，须回源确证
2026-09-23,001872,2002-02-01,-5.860,-5.710,-5.950,-5.840,,0.020,0.3400,9250,9052770.00,,AKSHARE,close_negative,主板,2000-2009,978.6778,全史负价（源侧缺陷）。OHLC 整体为负但列间比例自洽→疑似源历史段符号/量纲伪影，须回源确证
2026-09-23,001872,2002-02-04,-5.840,-5.710,-5.940,-5.720,,0.120,2.0500,5358,5245196.50,,AKSHARE,close_negative,主板,2000-2009,978.9467,全史负价（源侧缺陷）。OHLC 整体为负但列间比例自洽→疑似源历史段符号/量纲伪影，须回源确证
2026-09-23,001872,2002-02-05,-5.720,-5.660,-5.790,-5.720,,,,4672,4641636.50,,AKSHARE,close_negative,主板,2000-2009,993.501,全史负价（源侧缺陷）。OHLC 整体为负但列间比例自洽→疑似源历史段符号/量纲伪影，须回源确证
2026-09-23,001872,2002-02-06,-5.730,-5.720,-5.950,-5.950,,-0.230,-4.0200,4744,4604992.00,,AKSHARE,close_negative,主板,2000-2009,970.6981,全史负价（源侧缺陷）。OHLC 整体为负但列间比例自洽→疑似源历史段符号/量纲伪影，须回源确证
2026-09-23,001872,2002-02-07,-5.960,-5.750,-5.990,-5.790,,0.160,2.6900,2997,2931943.50,,AKSHARE,close_negative,主板,2000-2009,978.2928,全史负价（源侧缺陷）。OHLC 整体为负但列间比例自洽→疑似源历史段符号/量纲伪影，须回源确证
2026-09-23,001872,2002-02-08,-5.750,-5.680,-5.790,-5.790,,,,4000,3955203.25,,AKSHARE,close_negative,主板,2000-2009,988.8008,全史负价（源侧缺陷）。OHLC 整体为负但列间比例自洽→疑似源历史段符号/量纲伪影，须回源确证
2026-09-23,001872,2002-02-25,-5.590,-5.410,-5.600,-5.590,,0.200,3.4500,5096,5229031.00,,AKSHARE,close_negative,主板,2000-2009,1026.105,全史负价（源侧缺陷）。OHLC 整体为负但列间比例自洽→疑似源历史段符号/量纲伪影，须回源确证
2026-09-23,001872,2002-02-26,-5.610,-5.520,-5.680,-5.530,,0.060,1.0700,3308,3352088.75,,AKSHARE,close_negative,主板,2000-2009,1013.3279,全史负价（源侧缺陷）。OHLC 整体为负但列间比例自洽→疑似源历史段符号/量纲伪影，须回源确证
2026-09-23,001872,2002-02-27,-5.510,-5.490,-5.650,-5.510,,0.020,0.3600,2975,3058956.75,,AKSHARE,close_negative,主板,2000-2009,1028.2208,全史负价（源侧缺陷）。OHLC 整体为负但列间比例自洽→疑似源历史段符号/量纲伪影，须回源确证
2026-09-23,001872,2002-02-28,-5.520,-5.490,-5.630,-5.610,,-0.100,-1.8100,2215,2266142.50,,AKSHARE,close_negative,主板,2000-2009,1023.0892,全史负价（源侧缺陷）。OHLC 整体为负但列间比例自洽→疑似源历史段符号/量纲伪影，须回源确证
2026-09-23,001872,2002-03-01,-5.600,-5.600,-5.700,-5.690,,-0.080,-1.4300,3545,3550597.00,,AKSHARE,close_negative,主板,2000-2009,1001.5788,全史负价（源侧缺陷）。OHLC 整体为负但列间比例自洽→疑似源历史段符号/量纲伪影，须回源确证
2026-09-23,001872,2002-03-04,-5.700,-5.600,-5.740,-5.600,,0.090,1.5800,1688,1700484.88,,AKSHARE,close_negative,主板,2000-2009,1007.3963,全史负价（源侧缺陷）。OHLC 整体为负但列间比例自洽→疑似源历史段符号/量纲伪影，须回源确证
2026-09-23,001872,2002-03-05,-5.600,-5.150,-5.600,-5.280,,0.320,5.7100,9701,10377910.00,,AKSHARE,close_negative,主板,2000-2009,1069.7773,全史负价（源侧缺陷）。OHLC 整体为负但列间比例自洽→疑似源历史段符号/量纲伪影，须回源确证
2026-09-23,001872,2002-03-06,-5.200,-4.710,-5.250,-4.950,,0.330,6.2500,25805,29522480.00,,AKSHARE,close_negative,主板,2000-2009,1144.0605,全史负价（源侧缺陷）。OHLC 整体为负但列间比例自洽→疑似源历史段符号/量纲伪影，须回源确证
2026-09-23,001872,2002-03-07,-4.950,-4.690,-5.010,-4.770,,0.180,3.6400,15433,17843680.00,,AKSHARE,close_negative,主板,2000-2009,1156.2029,全史负价（源侧缺陷）。OHLC 整体为负但列间比例自洽→疑似源历史段符号/量纲伪影，须回源确证
2026-09-23,001872,2002-03-08,-4.740,-4.600,-5.040,-4.610,,0.160,3.3500,22221,25853704.00,,AKSHARE,close_negative,主板,2000-2009,1163.4807,全史负价（源侧缺陷）。OHLC 整体为负但列间比例自洽→疑似源历史段符号/量纲伪影，须回源确证
2026-09-23,001872,2002-03-11,-4.610,-4.450,-4.770,-4.530,,0.080,1.7400,16679,20077736.00,,AKSHARE,close_negative,主板,2000-2009,1203.7734,全史负价（源侧缺陷）。OHLC 整体为负但列间比例自洽→疑似源历史段符号/量纲伪影，须回源确证
2026-09-23,001872,2002-03-12,-4.530,-4.530,-4.780,-4.770,,-0.240,-5.3000,13524,16074641.00,,AKSHARE,close_negative,主板,2000-2009,1188.6011,全史负价（源侧缺陷）。OHLC 整体为负但列间比例自洽→疑似源历史段符号/量纲伪影，须回源确证
2026-09-23,001872,2002-03-13,-4.820,-4.680,-4.950,-4.940,,-0.170,-3.5600,8990,10368324.00,,AKSHARE,close_negative,主板,2000-2009,1153.3175,全史负价（源侧缺陷）。OHLC 整体为负但列间比例自洽→疑似源历史段符号/量纲伪影，须回源确证
2026-09-23,001872,2002-03-14,-4.940,-4.610,-4.960,-4.660,,0.280,5.6700,8619,10097290.00,,AKSHARE,close_negative,主板,2000-2009,1171.5153,全史负价（源侧缺陷）。OHLC 整体为负但列间比例自洽→疑似源历史段符号/量纲伪影，须回源确证
2026-09-23,001872,2002-03-15,-4.620,-4.620,-4.880,-4.870,,-0.210,-4.5100,6263,7340153.50,,AKSHARE,close_negative,主板,2000-2009,1171.9868,全史负价（源侧缺陷）。OHLC 整体为负但列间比例自洽→疑似源历史段符号/量纲伪影，须回源确证
2026-09-23,001872,2002-03-18,-4.820,-4.720,-4.960,-4.840,,0.030,0.6200,4974,5744381.50,,AKSHARE,close_negative,主板,2000-2009,1154.8817,全史负价（源侧缺陷）。OHLC 整体为负但列间比例自洽→疑似源历史段符号/量纲伪影，须回源确证
2026-09-23,001872,2002-03-19,-4.830,-4.700,-4.940,-4.710,,0.130,2.6900,4218,4931142.00,,AKSHARE,close_negative,主板,2000-2009,1169.0711,全史负价（源侧缺陷）。OHLC 整体为负但列间比例自洽→疑似源历史段符号/量纲伪影，须回源确证
2026-09-23,001872,2002-03-20,-4.670,-4.670,-4.760,-4.710,,,,6436,7601987.00,,AKSHARE,close_negative,主板,2000-2009,1181.1664,全史负价（源侧缺陷）。OHLC 整体为负但列间比例自洽→疑似源历史段符号/量纲伪影，须回源确证
2026-09-23,001872,2002-03-21,-4.680,-4.450,-4.730,-4.480,,0.230,4.8800,15503,18772536.00,,AKSHARE,close_negative,主板,2000-2009,1210.897,全史负价（源侧缺陷）。OHLC 整体为负但列间比例自洽→疑似源历史段符号/量纲伪影，须回源确证
2026-09-23,001872,2002-03-22,-4.480,-4.420,-4.660,-4.620,,-0.140,-3.1300,6685,8072811.00,,AKSHARE,close_negative,主板,2000-2009,1207.6007,全史负价（源侧缺陷）。OHLC 整体为负但列间比例自洽→疑似源历史段符号/量纲伪影，须回源确证
2026-09-23,001872,2002-03-25,-4.600,-4.600,-4.710,-4.690,,-0.070,-1.5200,5038,5978384.50,,AKSHARE,close_negative,主板,2000-2009,1186.6583,全史负价（源侧缺陷）。OHLC 整体为负但列间比例自洽→疑似源历史段符号/量纲伪影，须回源确证
2026-09-23,001872,2002-03-26,-4.710,-4.630,-4.830,-4.740,,-0.050,-1.0700,3877,4560485.50,,AKSHARE,close_negative,主板,2000-2009,1176.2924,全史负价（源侧缺陷）。OHLC 整体为负但列间比例自洽→疑似源历史段符号/量纲伪影，须回源确证
2026-09-23,001872,2002-03-27,-4.740,-4.610,-4.800,-4.610,,0.130,2.7400,4325,5120574.50,,AKSHARE,close_negative,主板,2000-2009,1183.9479,全史负价（源侧缺陷）。OHLC 整体为负但列间比例自洽→疑似源历史段符号/量纲伪影，须回源确证
2026-09-23,001872,2002-03-28,-4.580,-4.450,-4.660,-4.520,,0.090,1.9500,9764,11893653.00,,AKSHARE,close_negative,主板,2000-2009,1218.1128,全史负价（源侧缺陷）。OHLC 整体为负但列间比例自洽→疑似源历史段符号/量纲伪影，须回源确证
2026-09-23,001872,2002-03-29,-4.570,-4.520,-4.770,-4.750,,-0.230,-5.0900,5092,6033309.50,,AKSHARE,close_negative,主板,2000-2009,1184.8605,全史负价（源侧缺陷）。OHLC 整体为负但列间比例自洽→疑似源历史段符号/量纲伪影，须回源确证
2026-09-23,001872,2002-04-01,-4.770,-4.640,-4.820,-4.700,,0.050,1.0500,3182,3744402.25,,AKSHARE,close_negative,主板,2000-2009,1176.7449,全史负价（源侧缺陷）。OHLC 整体为负但列间比例自洽→疑似源历史段符号/量纲伪影，须回源确证
2026-09-23,001872,2002-04-02,-4.700,-4.660,-4.880,-4.820,,-0.120,-2.5500,3611,4216564.50,,AKSHARE,close_negative,主板,2000-2009,1167.6999,全史负价（源侧缺陷）。OHLC 整体为负但列间比例自洽→疑似源历史段符号/量纲伪影，须回源确证
2026-09-23,001872,2002-04-03,-4.880,-4.760,-4.960,-4.880,,-0.060,-1.2400,3919,4514490.50,,AKSHARE,close_negative,主板,2000-2009,1151.9496,全史负价（源侧缺陷）。OHLC 整体为负但列间比例自洽→疑似源历史段符号/量纲伪影，须回源确证
2026-09-23,001872,2002-04-04,-4.940,-4.690,-5.040,-4.710,,0.170,3.4800,4991,5745385.50,,AKSHARE,close_negative,主板,2000-2009,1151.1492,全史负价（源侧缺陷）。OHLC 整体为负但列间比例自洽→疑似源历史段符号/量纲伪影，须回源确证
2026-09-23,001872,2002-04-05,-4.390,-4.070,-4.560,-4.240,,0.470,9.9800,68332,87988016.00,,AKSHARE,close_negative,主板,2000-2009,1287.6546,全史负价（源侧缺陷）。OHLC 整体为负但列间比例自洽→疑似源历史段符号/量纲伪影，须回源确证
2026-09-23,001872,2002-04-08,-4.350,-4.040,-4.440,-4.140,,0.100,2.3600,37174,47250840.00,,AKSHARE,close_negative,主板,2000-2009,1271.0723,全史负价（源侧缺陷）。OHLC 整体为负但列间比例自洽→疑似源历史段符号/量纲伪影，须回源确证
2026-09-23,001872,2002-04-09,-4.120,-3.860,-4.200,-4.090,,0.050,1.2100,31179,40696372.00,,AKSHARE,close_negative,主板,2000-2009,1305.2494,全史负价（源侧缺陷）。OHLC 整体为负但列间比例自洽→疑似源历史段符号/量纲伪影，须回源确证
2026-09-23,001872,2002-04-10,-4.060,-4.020,-4.180,-4.180,,-0.090,-2.2000,16138,20809452.00,,AKSHARE,close_negative,主板,2000-2009,1289.4691,全史负价（源侧缺陷）。OHLC 整体为负但列间比例自洽→疑似源历史段符号/量纲伪影，须回源确证
2026-09-23,001872,2002-04-11,-4.150,-4.130,-4.270,-4.250,,-0.070,-1.6700,7957,10123312.00,,AKSHARE,close_negative,主板,2000-2009,1272.2524,全史负价（源侧缺陷）。OHLC 整体为负但列间比例自洽→疑似源历史段符号/量纲伪影，须回源确证
2026-09-23,001872,2002-04-12,-4.280,-4.130,-4.280,-4.200,,0.050,1.1800,4208,5372063.50,,AKSHARE,close_negative,主板,2000-2009,1276.6311,全史负价（源侧缺陷）。OHLC 整体为负但列间比例自洽→疑似源历史段符号/量纲伪影，须回源确证
2026-09-23,001872,2002-04-15,-4.190,-4.130,-4.340,-4.270,,-0.070,-1.6700,6069,7667030.00,,AKSHARE,close_negative,主板,2000-2009,1263.3103,全史负价（源侧缺陷）。OHLC 整体为负但列间比例自洽→疑似源历史段符号/量纲伪影，须回源确证
2026-09-23,001872,2002-04-16,-4.270,-4.210,-4.340,-4.310,,-0.040,-0.9400,3334,4200302.00,,AKSHARE,close_negative,主板,2000-2009,1259.8386,全史负价（源侧缺陷）。OHLC 整体为负但列间比例自洽→疑似源历史段符号/量纲伪影，须回源确证
2026-09-23,001872,2002-04-17,-4.240,-4.240,-4.400,-4.290,,0.020,0.4600,3860,4819658.00,,AKSHARE,close_negative,主板,2000-2009,1248.6161,全史负价（源侧缺陷）。OHLC 整体为负但列间比例自洽→疑似源历史段符号/量纲伪影，须回源确证
2026-09-23,001872,2002-04-18,-4.340,-4.180,-4.360,-4.250,,0.040,0.9300,5780,7317538.00,,AKSHARE,close_negative,主板,2000-2009,1266.01,全史负价（源侧缺陷）。OHLC 整体为负但列间比例自洽→疑似源历史段符号/量纲伪影，须回源确证
2026-09-23,001872,2002-04-19,-4.270,-4.210,-4.550,-4.260,,-0.010,-0.2400,8556,10668538.00,,AKSHARE,close_negative,主板,2000-2009,1246.9072,全史负价（源侧缺陷）。OHLC 整体为负但列间比例自洽→疑似源历史段符号/量纲伪影，须回源确证
2026-09-23,001872,2002-04-22,-4.260,-4.060,-4.390,-4.130,,0.130,3.0500,8664,11162034.00,,AKSHARE,close_negative,主板,2000-2009,1288.3234,全史负价（源侧缺陷）。OHLC 整体为负但列间比例自洽→疑似源历史段符号/量纲伪影，须回源确证
2026-09-23,001872,2002-04-23,-4.210,-4.060,-4.210,-4.130,,,,6940,8981928.00,,AKSHARE,close_negative,主板,2000-2009,1294.2259,全史负价（源侧缺陷）。OHLC 整体为负但列间比例自洽→疑似源历史段符号/量纲伪影，须回源确证
2026-09-23,001872,2002-04-24,-4.130,-4.070,-4.260,-4.250,,-0.120,-2.9100,4148,5297276.00,,AKSHARE,close_negative,主板,2000-2009,1277.0675,全史负价（源侧缺陷）。OHLC 整体为负但列间比例自洽→疑似源历史段符号/量纲伪影，须回源确证
2026-09-23,001872,2002-04-25,-4.240,-4.080,-4.280,-4.190,,0.060,1.4100,4419,5658174.50,,AKSHARE,close_negative,主板,2000-2009,1280.4197,全史负价（源侧缺陷）。OHLC 整体为负但列间比例自洽→疑似源历史段符号/量纲伪影，须回源确证
2026-09-23,001872,2002-04-26,-4.180,-3.930,-4.260,-4.010,,0.180,4.3000,11060,14433375.00,,AKSHARE,close_negative,主板,2000-2009,1305.0068,全史负价（源侧缺陷）。OHLC 整体为负但列间比例自洽→疑似源历史段符号/量纲伪影，须回源确证
2026-09-23,001872,2002-04-29,-3.900,-3.590,-3.960,-3.740,,0.270,6.7300,23291,31572268.00,,AKSHARE,close_negative,主板,2000-2009,1355.5566,全史负价（源侧缺陷）。OHLC 整体为负但列间比例自洽→疑似源历史段符号/量纲伪影，须回源确证
2026-09-23,001872,2002-04-30,-3.640,-3.610,-3.830,-3.790,,-0.050,-1.3400,15575,21187950.00,,AKSHARE,close_negative,主板,2000-2009,1360.382,全史负价（源侧缺陷）。OHLC 整体为负但列间比例自洽→疑似源历史段符号/量纲伪影，须回源确证
2026-09-23,001872,2002-05-08,-3.700,-3.670,-3.880,-3.850,,-0.060,-1.5800,5719,7695604.50,,AKSHARE,close_negative,主板,2000-2009,1345.6207,全史负价（源侧缺陷）。OHLC 整体为负但列间比例自洽→疑似源历史段符号/量纲伪影，须回源确证
2026-09-23,001872,2002-05-09,-3.850,-3.740,-3.910,-3.800,,0.050,1.3000,6559,8844964.00,,AKSHARE,close_negative,主板,2000-2009,1348.5233,全史负价（源侧缺陷）。OHLC 整体为负但列间比例自洽→疑似源历史段符号/量纲伪影，须回源确证
2026-09-23,001872,2002-05-13,-3.920,-3.860,-4.050,-4.000,,-0.200,-5.2600,6000,7890800.00,,AKSHARE,close_negative,主板,2000-2009,1315.1333,全史负价（源侧缺陷）。OHLC 整体为负但列间比例自洽→疑似源历史段符号/量纲伪影，须回源确证
2026-09-23,001872,2002-05-14,-4.000,-3.930,-4.040,-4.020,,-0.020,-0.5000,4897,6435221.00,,AKSHARE,close_negative,主板,2000-2009,1314.115,全史负价（源侧缺陷）。OHLC 整体为负但列间比例自洽→疑似源历史段符号/量纲伪影，须回源确证
2026-09-23,001872,2002-05-15,-4.040,-4.020,-4.130,-4.120,,-0.100,-2.4900,5468,7086065.00,,AKSHARE,close_negative,主板,2000-2009,1295.9153,全史负价（源侧缺陷）。OHLC 整体为负但列间比例自洽→疑似源历史段符号/量纲伪影，须回源确证
2026-09-23,001872,2002-05-16,-4.200,-4.120,-4.440,-4.350,,-0.230,-5.5800,7228,9096474.00,,AKSHARE,close_negative,主板,2000-2009,1258.505,全史负价（源侧缺陷）。OHLC 整体为负但列间比例自洽→疑似源历史段符号/量纲伪影，须回源确证
2026-09-23,001872,2002-05-17,-4.370,-4.260,-4.420,-4.260,,0.090,2.0700,6035,7544298.50,,AKSHARE,close_negative,主板,2000-2009,1250.0909,全史负价（源侧缺陷）。OHLC 整体为负但列间比例自洽→疑似源历史段符号/量纲伪影，须回源确证
2026-09-23,001872,2002-05-20,-4.280,-4.280,-4.500,-4.450,,-0.190,-4.4600,4245,5226475.00,,AKSHARE,close_negative,主板,2000-2009,1231.2073,全史负价（源侧缺陷）。OHLC 整体为负但列间比例自洽→疑似源历史段符号/量纲伪影，须回源确证
2026-09-23,001872,2002-05-21,-4.180,-4.100,-4.340,-4.200,,0.250,5.6200,8336,10631406.00,,AKSHARE,close_negative,主板,2000-2009,1275.3606,全史负价（源侧缺陷）。OHLC 整体为负但列间比例自洽→疑似源历史段符号/量纲伪影，须回源确证
2026-09-23,001872,2002-05-22,-4.200,-4.180,-4.370,-4.350,,-0.150,-3.5700,4257,5363544.50,,AKSHARE,close_negative,主板,2000-2009,1259.9353,全史负价（源侧缺陷）。OHLC 整体为负但列间比例自洽→疑似源历史段符号/量纲伪影，须回源确证
2026-09-23,001872,2002-05-23,-4.230,-4.190,-4.340,-4.230,,0.120,2.7600,3532,4482377.50,,AKSHARE,close_negative,主板,2000-2009,1269.0763,全史负价（源侧缺陷）。OHLC 整体为负但列间比例自洽→疑似源历史段符号/量纲伪影，须回源确证
2026-09-23,001872,2002-05-24,-4.210,-4.210,-4.420,-4.390,,-0.160,-3.7800,4424,5512754.00,,AKSHARE,close_negative,主板,2000-2009,1246.1017,全史负价（源侧缺陷）。OHLC 整体为负但列间比例自洽→疑似源历史段符号/量纲伪影，须回源确证
2026-09-23,001872,2002-05-27,-4.390,-4.210,-4.440,-4.370,,0.020,0.4600,3818,4740467.00,,AKSHARE,close_negative,主板,2000-2009,1241.61,全史负价（源侧缺陷）。OHLC 整体为负但列间比例自洽→疑似源历史段符号/量纲伪影，须回源确证
2026-09-23,001872,2002-05-28,-4.290,-4.260,-4.380,-4.330,,0.040,0.9200,2380,2981713.25,,AKSHARE,close_negative,主板,2000-2009,1252.8207,全史负价（源侧缺陷）。OHLC 整体为负但列间比例自洽→疑似源历史段符号/量纲伪影，须回源确证
2026-09-23,001872,2002-05-29,-4.330,-4.330,-4.550,-4.530,,-0.200,-4.6200,3948,4824493.50,,AKSHARE,close_negative,主板,2000-2009,1222.0095,全史负价（源侧缺陷）。OHLC 整体为负但列间比例自洽→疑似源历史段符号/量纲伪影，须回源确证
2026-09-23,001872,2002-05-30,-4.530,-4.460,-4.710,-4.610,,-0.080,-1.7700,4233,5074785.00,,AKSHARE,close_negative,主板,2000-2009,1198.8625,全史负价（源侧缺陷）。OHLC 整体为负但列间比例自洽→疑似源历史段符号/量纲伪影，须回源确证
2026-09-23,001872,2002-05-31,-4.590,-4.550,-4.710,-4.710,,-0.100,-2.1700,3511,4178279.75,,AKSHARE,close_negative,主板,2000-2009,1190.054,全史负价（源侧缺陷）。OHLC 整体为负但列间比例自洽→疑似源历史段符号/量纲伪影，须回源确证
2026-09-23,001872,2002-06-03,-4.770,-4.770,-4.950,-4.930,,-0.220,-4.6700,3663,4193127.75,,AKSHARE,close_negative,主板,2000-2009,1144.725,全史负价（源侧缺陷）。OHLC 整体为负但列间比例自洽→疑似源历史段符号/量纲伪影，须回源确证
2026-09-23,001872,2002-06-04,-4.890,-4.800,-4.940,-4.830,,0.100,2.0300,2945,3393016.00,,AKSHARE,close_negative,主板,2000-2009,1152.1277,全史负价（源侧缺陷）。OHLC 整体为负但列间比例自洽→疑似源历史段符号/量纲伪影，须回源确证
2026-09-23,001872,2002-06-05,-4.840,-4.840,-5.060,-5.050,,-0.220,-4.5500,2468,2772342.50,,AKSHARE,close_negative,主板,2000-2009,1123.3154,全史负价（源侧缺陷）。OHLC 整体为负但列间比例自洽→疑似源历史段符号/量纲伪影，须回源确证
2026-09-23,001872,2002-06-06,-5.090,-4.610,-5.170,-4.670,,0.380,7.5200,6833,7896359.00,,AKSHARE,close_negative,主板,2000-2009,1155.6211,全史负价（源侧缺陷）。OHLC 整体为负但列间比例自洽→疑似源历史段符号/量纲伪影，须回源确证
2026-09-23,001872,2002-06-07,-4.670,-4.500,-4.810,-4.640,,0.030,0.6400,6277,7515458.50,,AKSHARE,close_negative,主板,2000-2009,1197.301,全史负价（源侧缺陷）。OHLC 整体为负但列间比例自洽→疑似源历史段符号/量纲伪影，须回源确证
2026-09-23,001872,2002-06-10,-4.660,-4.630,-4.770,-4.710,,-0.070,-1.5100,2307,2720319.00,,AKSHARE,close_negative,主板,2000-2009,1179.1586,全史负价（源侧缺陷）。OHLC 整体为负但列间比例自洽→疑似源历史段符号/量纲伪影，须回源确证
2026-09-23,001872,2002-06-11,-4.710,-4.590,-4.730,-4.640,,0.070,1.4900,1591,1899679.75,,AKSHARE,close_negative,主板,2000-2009,1194.0162,全史负价（源侧缺陷）。OHLC 整体为负但列间比例自洽→疑似源历史段符号/量纲伪影，须回源确证
2026-09-23,001872,2002-06-12,-4.650,-4.610,-4.730,-4.660,,-0.020,-0.4300,1894,2243629.50,,AKSHARE,close_negative,主板,2000-2009,1184.5985,全史负价（源侧缺陷）。OHLC 整体为负但列间比例自洽→疑似源历史段符号/量纲伪影，须回源确证
2026-09-23,001872,2002-06-13,-4.720,-4.620,-4.820,-4.800,,-0.140,-3.0000,2003,2371494.25,,AKSHARE,close_negative,主板,2000-2009,1183.9712,全史负价（源侧缺陷）。OHLC 整体为负但列间比例自洽→疑似源历史段符号/量纲伪影，须回源确证
2026-09-23,001872,2002-06-14,-4.850,-4.680,-4.870,-4.830,,-0.030,-0.6300,2130,2490328.25,,AKSHARE,close_negative,主板,2000-2009,1169.1682,全史负价（源侧缺陷）。OHLC 整体为负但列间比例自洽→疑似源历史段符号/量纲伪影，须回源确证
2026-09-23,001872,2002-06-17,-4.930,-4.760,-4.930,-4.760,,0.070,1.4500,1514,1762190.62,,AKSHARE,close_negative,主板,2000-2009,1163.9304,全史负价（源侧缺陷）。OHLC 整体为负但列间比例自洽→疑似源历史段符号/量纲伪影，须回源确证
2026-09-23,001872,2002-06-18,-4.670,-4.540,-4.710,-4.590,,0.170,3.5700,5051,6074267.50,,AKSHARE,close_negative,主板,2000-2009,1202.5871,全史负价（源侧缺陷）。OHLC 整体为负但列间比例自洽→疑似源历史段符号/量纲伪影，须回源确证
2026-09-23,001872,2002-06-19,-4.580,-4.580,-4.710,-4.690,,-0.100,-2.1800,1738,2072908.25,,AKSHARE,close_negative,主板,2000-2009,1192.6975,全史负价（源侧缺陷）。OHLC 整体为负但列间比例自洽→疑似源历史段符号/量纲伪影，须回源确证
2026-09-23,001872,2002-06-20,-4.690,-4.510,-4.690,-4.600,,0.090,1.9200,4128,4986050.00,,AKSHARE,close_negative,主板,2000-2009,1207.8609,全史负价（源侧缺陷）。OHLC 整体为负但列间比例自洽→疑似源历史段符号/量纲伪影，须回源确证
2026-09-23,001872,2002-06-21,-4.540,-3.960,-4.650,-4.010,,0.590,12.8300,31408,40560884.00,,AKSHARE,close_negative,主板,2000-2009,1291.4189,全史负价（源侧缺陷）。OHLC 整体为负但列间比例自洽→疑似源历史段符号/量纲伪影，须回源确证
2026-09-23,001872,2002-06-24,-3.310,-3.310,-3.530,-3.310,,0.700,17.4600,50757,72980792.00,,AKSHARE,close_negative,主板,2000-2009,1437.8468,全史负价（源侧缺陷）。OHLC 整体为负但列间比例自洽→疑似源历史段符号/量纲伪影，须回源确证
2026-09-23,001872,2002-06-25,-3.150,-2.630,-3.280,-3.190,,0.120,3.6300,63718,95970584.00,,AKSHARE,close_negative,主板,2000-2009,1506.177,全史负价（源侧缺陷）。OHLC 整体为负但列间比例自洽→疑似源历史段符号/量纲伪影，须回源确证
2026-09-23,001872,2002-06-26,-3.230,-3.190,-3.510,-3.350,,-0.160,-5.0200,24066,34315036.00,,AKSHARE,close_negative,主板,2000-2009,1425.872,全史负价（源侧缺陷）。OHLC 整体为负但列间比例自洽→疑似源历史段符号/量纲伪影，须回源确证
2026-09-23,001872,2002-06-27,-3.350,-3.210,-3.430,-3.300,,0.050,1.4900,11715,16840522.00,,AKSHARE,close_negative,主板,2000-2009,1437.5179,全史负价（源侧缺陷）。OHLC 整体为负但列间比例自洽→疑似源历史段符号/量纲伪影，须回源确证
2026-09-23,001872,2002-06-28,-3.280,-3.240,-3.650,-3.450,,-0.150,-4.5500,19406,27377290.00,,AKSHARE,close_negative,主板,2000-2009,1410.7642,全史负价（源侧缺陷）。OHLC 整体为负但列间比例自洽→疑似源历史段符号/量纲伪影，须回源确证
2026-09-23,001872,2002-07-01,-3.420,-3.370,-3.600,-3.520,,-0.070,-2.0300,6626,9344388.00,,AKSHARE,close_negative,主板,2000-2009,1410.2608,全史负价（源侧缺陷）。OHLC 整体为负但列间比例自洽→疑似源历史段符号/量纲伪影，须回源确证
2026-09-23,001872,2002-07-02,-3.530,-3.300,-3.530,-3.380,,0.140,3.9800,8058,11465133.00,,AKSHARE,close_negative,主板,2000-2009,1422.8261,全史负价（源侧缺陷）。OHLC 整体为负但列间比例自洽→疑似源历史段符号/量纲伪影，须回源确证
2026-09-23,001872,2002-07-03,-3.340,-3.300,-3.420,-3.350,,0.030,0.8900,3710,5306733.00,,AKSHARE,close_negative,主板,2000-2009,1430.3863,全史负价（源侧缺陷）。OHLC 整体为负但列间比例自洽→疑似源历史段符号/量纲伪影，须回源确证
2026-09-23,001872,2002-07-04,-3.330,-3.330,-3.400,-3.390,,-0.040,-1.1900,6883,9852238.00,,AKSHARE,close_negative,主板,2000-2009,1431.3872,全史负价（源侧缺陷）。OHLC 整体为负但列间比例自洽→疑似源历史段符号/量纲伪影，须回源确证
2026-09-23,001872,2002-07-05,-3.390,-3.370,-3.530,-3.390,,,,2616,3698987.75,,AKSHARE,close_negative,主板,2000-2009,1413.9861,全史负价（源侧缺陷）。OHLC 整体为负但列间比例自洽→疑似源历史段符号/量纲伪影，须回源确证
2026-09-23,001872,2002-07-08,-3.370,-3.190,-3.370,-3.190,,0.200,5.9000,7568,10903680.00,,AKSHARE,close_negative,主板,2000-2009,1440.7611,全史负价（源侧缺陷）。OHLC 整体为负但列间比例自洽→疑似源历史段符号/量纲伪影，须回源确证
2026-09-23,001872,2002-07-09,-3.160,-3.130,-3.280,-3.270,,-0.080,-2.5100,7843,11409647.00,,AKSHARE,close_negative,主板,2000-2009,1454.7555,全史负价（源侧缺陷）。OHLC 整体为负但列间比例自洽→疑似源历史段符号/量纲伪影，须回源确证
2026-09-23,001872,2002-07-10,-3.280,-3.220,-3.410,-3.400,,-0.130,-3.9800,6445,9184079.00,,AKSHARE,close_negative,主板,2000-2009,1424.9929,全史负价（源侧缺陷）。OHLC 整体为负但列间比例自洽→疑似源历史段符号/量纲伪影，须回源确证
2026-09-23,001872,2002-07-11,-3.420,-3.320,-3.430,-3.390,,0.010,0.2900,4616,6547682.50,,AKSHARE,close_negative,主板,2000-2009,1418.4754,全史负价（源侧缺陷）。OHLC 整体为负但列间比例自洽→疑似源历史段符号/量纲伪影，须回源确证
2026-09-23,001872,2002-07-12,-3.340,-3.330,-3.420,-3.420,,-0.030,-0.8800,2647,3750891.25,,AKSHARE,close_negative,主板,2000-2009,1417.0349,全史负价（源侧缺陷）。OHLC 整体为负但列间比例自洽→疑似源历史段符号/量纲伪影，须回源确证
2026-09-23,001872,2002-07-15,-3.500,-3.410,-3.530,-3.470,,-0.050,-1.4600,3512,4922118.50,,AKSHARE,close_negative,主板,2000-2009,1401.5144,全史负价（源侧缺陷）。OHLC 整体为负但列间比例自洽→疑似源历史段符号/量纲伪影，须回源确证
2026-09-23,001872,2002-07-16,-3.490,-3.370,-3.530,-3.520,,-0.050,-1.4400,2276,3191020.50,,AKSHARE,close_negative,主板,2000-2009,1402.0301,全史负价（源侧缺陷）。OHLC 整体为负但列间比例自洽→疑似源历史段符号/量纲伪影，须回源确证
2026-09-23,001872,2002-07-17,-3.530,-3.420,-3.530,-3.420,,0.100,2.8400,2529,3533130.50,,AKSHARE,close_negative,主板,2000-2009,1397.0465,全史负价（源侧缺陷）。OHLC 整体为负但列间比例自洽→疑似源历史段符号/量纲伪影，须回源确证
2026-09-23,001872,2002-07-18,-3.400,-3.370,-3.470,-3.440,,-0.020,-0.5800,1907,2690203.00,,AKSHARE,close_negative,主板,2000-2009,1410.699,全史负价（源侧缺陷）。OHLC 整体为负但列间比例自洽→疑似源历史段符号/量纲伪影，须回源确证
2026-09-23,001872,2002-07-19,-3.440,-3.360,-3.440,-3.370,,0.070,2.0300,1776,2515819.25,,AKSHARE,close_negative,主板,2000-2009,1416.5649,全史负价（源侧缺陷）。OHLC 整体为负但列间比例自洽→疑似源历史段符号/量纲伪影，须回源确证
2026-09-23,001872,2002-07-22,-3.390,-3.320,-3.480,-3.460,,-0.090,-2.6700,4361,6165845.00,,AKSHARE,close_negative,主板,2000-2009,1413.8604,全史负价（源侧缺陷）。OHLC 整体为负但列间比例自洽→疑似源历史段符号/量纲伪影，须回源确证
2026-09-23,001872,2002-07-23,-3.460,-3.340,-3.480,-3.470,,-0.010,-0.2900,2950,4163416.25,,AKSHARE,close_negative,主板,2000-2009,1411.3275,全史负价（源侧缺陷）。OHLC 整体为负但列间比例自洽→疑似源历史段符号/量纲伪影，须回源确证
2026-09-23,001872,2002-07-24,-3.470,-3.430,-3.620,-3.620,,-0.150,-4.3200,4399,6106137.00,,AKSHARE,close_negative,主板,2000-2009,1388.0739,全史负价（源侧缺陷）。OHLC 整体为负但列间比例自洽→疑似源历史段符号/量纲伪影，须回源确证
2026-09-23,001872,2002-07-25,-3.610,-3.520,-3.750,-3.660,,-0.040,-1.1000,4366,5947802.00,,AKSHARE,close_negative,主板,2000-2009,1362.3,全史负价（源侧缺陷）。OHLC 整体为负但列间比例自洽→疑似源历史段符号/量纲伪影，须回源确证
2026-09-23,001872,2002-07-26,-3.630,-3.630,-3.750,-3.740,,-0.080,-2.1900,2253,3059421.25,,AKSHARE,close_negative,主板,2000-2009,1357.9322,全史负价（源侧缺陷）。OHLC 整体为负但列间比例自洽→疑似源历史段符号/量纲伪影，须回源确证
2026-09-23,001872,2002-07-29,-3.750,-3.690,-3.840,-3.690,,0.050,1.3400,2518,3379755.25,,AKSHARE,close_negative,主板,2000-2009,1342.238,全史负价（源侧缺陷）。OHLC 整体为负但列间比例自洽→疑似源历史段符号/量纲伪影，须回源确证
2026-09-23,001872,2002-07-30,-3.690,-3.660,-3.780,-3.740,,-0.050,-1.3600,1526,2066898.75,,AKSHARE,close_negative,主板,2000-2009,1354.4553,全史负价（源侧缺陷）。OHLC 整体为负但列间比例自洽→疑似源历史段符号/量纲伪影，须回源确证
2026-09-23,001872,2002-07-31,-3.740,-3.650,-3.840,-3.830,,-0.090,-2.4100,1413,1902604.50,,AKSHARE,close_negative,主板,2000-2009,1346.5,全史负价（源侧缺陷）。OHLC 整体为负但列间比例自洽→疑似源历史段符号/量纲伪影，须回源确证
2026-09-23,001872,2002-08-01,-3.840,-3.720,-3.960,-3.800,,0.030,0.7800,1453,1934433.88,,AKSHARE,close_negative,主板,2000-2009,1331.3378,全史负价（源侧缺陷）。OHLC 整体为负但列间比例自洽→疑似源历史段符号/量纲伪影，须回源确证
2026-09-23,001872,2002-08-02,-3.780,-3.770,-3.850,-3.780,,0.020,0.5300,806,1081074.88,,AKSHARE,close_negative,主板,2000-2009,1341.284,全史负价（源侧缺陷）。OHLC 整体为负但列间比例自洽→疑似源历史段符号/量纲伪影，须回源确证
2026-09-23,001872,2002-08-05,-3.780,-3.780,-3.850,-3.850,,-0.070,-1.8500,911,1216281.00,,AKSHARE,close_negative,主板,2000-2009,1335.1054,全史负价（源侧缺陷）。OHLC 整体为负但列间比例自洽→疑似源历史段符号/量纲伪影，须回源确证
2026-09-23,001872,2002-08-06,-3.850,-3.560,-3.850,-3.730,,0.120,3.1200,4482,6112372.50,,AKSHARE,close_negative,主板,2000-2009,1363.76,全史负价（源侧缺陷）。OHLC 整体为负但列间比例自洽→疑似源历史段符号/量纲伪影，须回源确证
2026-09-23,001872,2002-08-07,-3.720,-3.690,-3.790,-3.780,,-0.050,-1.3400,1199,1616206.00,,AKSHARE,close_negative,主板,2000-2009,1347.9616,全史负价（源侧缺陷）。OHLC 整体为负但列间比例自洽→疑似源历史段符号/量纲伪影，须回源确证
2026-09-23,001872,2002-08-08,-3.690,-3.690,-3.810,-3.810,,-0.030,-0.7900,1054,1419615.88,,AKSHARE,close_negative,主板,2000-2009,1346.8841,全史负价（源侧缺陷）。OHLC 整体为负但列间比例自洽→疑似源历史段符号/量纲伪影，须回源确证
2026-09-23,001872,2002-08-09,-3.830,-3.780,-3.840,-3.820,,-0.010,-0.2600,1108,1481599.00,,AKSHARE,close_negative,主板,2000-2009,1337.1832,全史负价（源侧缺陷）。OHLC 整体为负但列间比例自洽→疑似源历史段符号/量纲伪影，须回源确证
2026-09-23,001872,2002-08-12,-3.830,-3.810,-3.870,-3.870,,-0.050,-1.3100,1279,1704037.00,,AKSHARE,close_negative,主板,2000-2009,1332.3198,全史负价（源侧缺陷）。OHLC 整体为负但列间比例自洽→疑似源历史段符号/量纲伪影，须回源确证
2026-09-23,001872,2002-08-13,-3.870,-3.760,-3.870,-3.850,,0.020,0.5200,959,1283539.00,,AKSHARE,close_negative,主板,2000-2009,1338.414,全史负价（源侧缺陷）。OHLC 整体为负但列间比例自洽→疑似源历史段符号/量纲伪影，须回源确证
2026-09-23,001872,2002-08-14,-3.840,-3.760,-3.850,-3.770,,0.080,2.0800,1717,2299579.25,,AKSHARE,close_negative,主板,2000-2009,1339.3007,全史负价（源侧缺陷）。OHLC 整体为负但列间比例自洽→疑似源历史段符号/量纲伪影，须回源确证
2026-09-23,001872,2002-08-15,-3.820,-3.750,-3.950,-3.770,,,,1479,1986972.12,,AKSHARE,close_negative,主板,2000-2009,1343.4565,全史负价（源侧缺陷）。OHLC 整体为负但列间比例自洽→疑似源历史段符号/量纲伪影，须回源确证
2026-09-23,001872,2002-08-16,-3.710,-3.620,-3.770,-3.640,,0.130,3.4500,3539,4821162.50,,AKSHARE,close_negative,主板,2000-2009,1362.2951,全史负价（源侧缺陷）。OHLC 整体为负但列间比例自洽→疑似源历史段符号/量纲伪影，须回源确证
2026-09-23,001872,2002-08-19,-3.640,-3.480,-3.680,-3.500,,0.140,3.8500,7145,9918022.00,,AKSHARE,close_negative,主板,2000-2009,1388.1066,全史负价（源侧缺陷）。OHLC 整体为负但列间比例自洽→疑似源历史段符号/量纲伪影，须回源确证
2026-09-23,001872,2002-08-20,-3.500,-3.410,-3.580,-3.470,,0.030,0.8600,8915,12535510.00,,AKSHARE,close_negative,主板,2000-2009,1406.1144,全史负价（源侧缺陷）。OHLC 整体为负但列间比例自洽→疑似源历史段符号/量纲伪影，须回源确证
2026-09-23,001872,2002-08-21,-3.430,-3.420,-3.580,-3.490,,-0.020,-0.5800,3137,4372102.50,,AKSHARE,close_negative,主板,2000-2009,1393.7209,全史负价（源侧缺陷）。OHLC 整体为负但列间比例自洽→疑似源历史段符号/量纲伪影，须回源确证
2026-09-23,001872,2002-08-22,-3.490,-3.440,-3.530,-3.500,,-0.010,-0.2900,3141,4390433.00,,AKSHARE,close_negative,主板,2000-2009,1397.7819,全史负价（源侧缺陷）。OHLC 整体为负但列间比例自洽→疑似源历史段符号/量纲伪影，须回源确证
2026-09-23,001872,2002-08-23,-3.500,-3.480,-3.560,-3.530,,-0.030,-0.8600,2453,3411604.25,,AKSHARE,close_negative,主板,2000-2009,1390.7885,全史负价（源侧缺陷）。OHLC 整体为负但列间比例自洽→疑似源历史段符号/量纲伪影，须回源确证
2026-09-23,001872,2002-08-26,-3.480,-3.480,-3.560,-3.550,,-0.020,-0.5700,1498,2083424.00,,AKSHARE,close_negative,主板,2000-2009,1390.8037,全史负价（源侧缺陷）。OHLC 整体为负但列间比例自洽→疑似源历史段符号/量纲伪影，须回源确证
2026-09-23,001872,2002-08-27,-3.540,-3.370,-3.550,-3.420,,0.130,3.6600,4309,6069678.00,,AKSHARE,close_negative,主板,2000-2009,1408.6048,全史负价（源侧缺陷）。OHLC 整体为负但列间比例自洽→疑似源历史段符号/量纲伪影，须回源确证
2026-09-23,001872,2002-08-28,-3.380,-3.380,-3.540,-3.530,,-0.110,-3.2200,2186,3059409.75,,AKSHARE,close_negative,主板,2000-2009,1399.547,全史负价（源侧缺陷）。OHLC 整体为负但列间比例自洽→疑似源历史段符号/量纲伪影，须回源确证
2026-09-23,001872,2002-08-29,-3.520,-3.480,-3.580,-3.580,,-0.050,-1.4200,1449,2007698.38,,AKSHARE,close_negative,主板,2000-2009,1385.5751,全史负价（源侧缺陷）。OHLC 整体为负但列间比例自洽→疑似源历史段符号/量纲伪影，须回源确证
2026-09-23,001872,2002-08-30,-3.580,-3.540,-3.580,-3.580,,,,700,969058.00,,AKSHARE,close_negative,主板,2000-2009,1384.3686,全史负价（源侧缺陷）。OHLC 整体为负但列间比例自洽→疑似源历史段符号/量纲伪影，须回源确证
2026-09-23,001872,2002-09-02,-3.580,-3.500,-3.580,-3.540,,0.040,1.1200,805,1118027.50,,AKSHARE,close_negative,主板,2000-2009,1388.854,全史负价（源侧缺陷）。OHLC 整体为负但列间比例自洽→疑似源历史段符号/量纲伪影，须回源确证
2026-09-23,001872,2002-09-03,-3.560,-3.480,-3.580,-3.550,,-0.010,-0.2800,1865,2586028.50,,AKSHARE,close_negative,主板,2000-2009,1386.6105,全史负价（源侧缺陷）。OHLC 整体为负但列间比例自洽→疑似源历史段符号/量纲伪影，须回源确证
2026-09-23,001872,2002-09-04,-3.530,-3.510,-3.580,-3.580,,-0.030,-0.8500,1190,1648145.38,,AKSHARE,close_negative,主板,2000-2009,1384.9961,全史负价（源侧缺陷）。OHLC 整体为负但列间比例自洽→疑似源历史段符号/量纲伪影，须回源确证
2026-09-23,001872,2002-09-05,-3.580,-3.580,-3.800,-3.730,,-0.150,-4.1900,5710,7737934.50,,AKSHARE,close_negative,主板,2000-2009,1355.1549,全史负价（源侧缺陷）。OHLC 整体为负但列间比例自洽→疑似源历史段符号/量纲伪影，须回源确证
2026-09-23,001872,2002-09-06,-3.680,-3.680,-3.810,-3.770,,-0.040,-1.0700,3171,4261922.00,,AKSHARE,close_negative,主板,2000-2009,1344.0309,全史负价（源侧缺陷）。OHLC 整体为负但列间比例自洽→疑似源历史段符号/量纲伪影，须回源确证
2026-09-23,001872,2002-09-09,-3.830,-3.780,-3.850,-3.830,,-0.060,-1.5900,1627,2171344.75,,AKSHARE,close_negative,主板,2000-2009,1334.5696,全史负价（源侧缺陷）。OHLC 整体为负但列间比例自洽→疑似源历史段符号/量纲伪影，须回源确证
2026-09-23,001872,2002-09-10,-3.820,-3.810,-3.900,-3.840,,-0.010,-0.2600,1723,2291676.50,,AKSHARE,close_negative,主板,2000-2009,1330.0502,全史负价（源侧缺陷）。OHLC 整体为负但列间比例自洽→疑似源历史段符号/量纲伪影，须回源确证
2026-09-23,001872,2002-09-11,-3.840,-3.800,-3.910,-3.820,,0.020,0.5200,1492,1980546.12,,AKSHARE,close_negative,主板,2000-2009,1327.4438,全史负价（源侧缺陷）。OHLC 整体为负但列间比例自洽→疑似源历史段符号/量纲伪影，须回源确证
2026-09-23,001872,2002-09-12,-3.800,-3.770,-3.870,-3.780,,0.040,1.0500,1573,2098991.50,,AKSHARE,close_negative,主板,2000-2009,1334.3875,全史负价（源侧缺陷）。OHLC 整体为负但列间比例自洽→疑似源历史段符号/量纲伪影，须回源确证
2026-09-23,001872,2002-09-13,-3.800,-3.710,-3.800,-3.720,,0.060,1.5900,1591,2145643.50,,AKSHARE,close_negative,主板,2000-2009,1348.6131,全史负价（源侧缺陷）。OHLC 整体为负但列间比例自洽→疑似源历史段符号/量纲伪影，须回源确证
2026-09-23,001872,2002-09-16,-3.670,-3.670,-3.890,-3.850,,-0.130,-3.4900,1040,1385027.12,,AKSHARE,close_negative,主板,2000-2009,1331.7568,全史负价（源侧缺陷）。OHLC 整体为负但列间比例自洽→疑似源历史段符号/量纲伪影，须回源确证
2026-09-23,001872,2002-09-17,-3.850,-3.790,-3.910,-3.830,,0.020,0.5200,1838,2441629.75,,AKSHARE,close_negative,主板,2000-2009,1328.4166,全史负价（源侧缺陷）。OHLC 整体为负但列间比例自洽→疑似源历史段符号/量纲伪影，须回源确证
2026-09-23,001872,2002-09-18,-3.870,-3.810,-3.870,-3.870,,-0.040,-1.0400,718,954348.00,,AKSHARE,close_negative,主板,2000-2009,1329.1755,全史负价（源侧缺陷）。OHLC 整体为负但列间比例自洽→疑似源历史段符号/量纲伪影，须回源确证
2026-09-23,001872,2002-09-19,-3.950,-3.580,-4.000,-3.670,,0.200,5.1700,3840,5228842.00,,AKSHARE,close_negative,主板,2000-2009,1361.6776,全史负价（源侧缺陷）。OHLC 整体为负但列间比例自洽→疑似源历史段符号/量纲伪影，须回源确证
2026-09-23,001872,2002-09-20,-3.680,-3.650,-3.800,-3.790,,-0.120,-3.2700,1576,2134142.00,,AKSHARE,close_negative,主板,2000-2009,1354.151,全史负价（源侧缺陷）。OHLC 整体为负但列间比例自洽→疑似源历史段符号/量纲伪影，须回源确证
2026-09-23,001872,2002-09-23,-3.900,-3.710,-3.900,-3.740,,0.050,1.3200,936,1259208.88,,AKSHARE,close_negative,主板,2000-2009,1345.3086,全史负价（源侧缺陷）。OHLC 整体为负但列间比例自洽→疑似源历史段符号/量纲伪影，须回源确证
2026-09-23,001872,2002-09-24,-3.800,-3.770,-3.800,-3.790,,-0.050,-1.3400,1001,1344565.50,,AKSHARE,close_negative,主板,2000-2009,1343.2223,全史负价（源侧缺陷）。OHLC 整体为负但列间比例自洽→疑似源历史段符号/量纲伪影，须回源确证
2026-09-23,001872,2002-09-25,-3.880,-3.520,-3.880,-3.780,,0.010,0.2600,7782,10651981.00,,AKSHARE,close_negative,主板,2000-2009,1368.7974,全史负价（源侧缺陷）。OHLC 整体为负但列间比例自洽→疑似源历史段符号/量纲伪影，须回源确证
2026-09-23,001872,2002-09-26,-3.830,-3.750,-3.840,-3.790,,-0.010,-0.2600,2242,3001865.75,,AKSHARE,close_negative,主板,2000-2009,1338.9232,全史负价（源侧缺陷）。OHLC 整体为负但列间比例自洽→疑似源历史段符号/量纲伪影，须回源确证
2026-09-23,001872,2002-09-27,-3.720,-3.700,-3.820,-3.790,,,,1554,2089214.62,,AKSHARE,close_negative,主板,2000-2009,1344.411,全史负价（源侧缺陷）。OHLC 整体为负但列间比例自洽→疑似源历史段符号/量纲伪影，须回源确证
2026-09-23,001872,2002-10-08,-3.850,-3.800,-3.910,-3.840,,-0.050,-1.3200,1177,1569381.25,,AKSHARE,close_negative,主板,2000-2009,1333.374,全史负价（源侧缺陷）。OHLC 整体为负但列间比例自洽→疑似源历史段符号/量纲伪影，须回源确证
2026-09-23,001872,2002-10-09,-3.930,-3.930,-4.170,-4.060,,-0.220,-5.7300,2675,3465917.25,,AKSHARE,close_negative,主板,2000-2009,1295.67,全史负价（源侧缺陷）。OHLC 整体为负但列间比例自洽→疑似源历史段符号/量纲伪影，须回源确证
2026-09-23,001872,2002-10-10,-4.060,-4.010,-4.160,-4.080,,-0.020,-0.4900,1511,1950732.62,,AKSHARE,close_negative,主板,2000-2009,1291.0209,全史负价（源侧缺陷）。OHLC 整体为负但列间比例自洽→疑似源历史段符号/量纲伪影，须回源确证
2026-09-23,001872,2002-10-11,-4.050,-4.010,-4.100,-4.100,,-0.020,-0.4900,1252,1616115.25,,AKSHARE,close_negative,主板,2000-2009,1290.8269,全史负价（源侧缺陷）。OHLC 整体为负但列间比例自洽→疑似源历史段符号/量纲伪影，须回源确证
2026-09-23,001872,2002-10-14,-4.120,-3.910,-4.140,-4.060,,0.040,0.9800,1363,1759363.25,,AKSHARE,close_negative,主板,2000-2009,1290.8021,全史负价（源侧缺陷）。OHLC 整体为负但列间比例自洽→疑似源历史段符号/量纲伪影，须回源确证
2026-09-23,001872,2002-10-15,-4.010,-4.010,-4.100,-4.070,,-0.010,-0.2500,941,1215322.00,,AKSHARE,close_negative,主板,2000-2009,1291.5218,全史负价（源侧缺陷）。OHLC 整体为负但列间比例自洽→疑似源历史段符号/量纲伪影，须回源确证
2026-09-23,001872,2002-10-16,-4.010,-3.880,-4.060,-4.020,,0.050,1.2300,1408,1841499.88,,AKSHARE,close_negative,主板,2000-2009,1307.8834,全史负价（源侧缺陷）。OHLC 整体为负但列间比例自洽→疑似源历史段符号/量纲伪影，须回源确证
2026-09-23,001872,2002-10-17,-4.070,-4.010,-4.120,-4.100,,-0.080,-1.9900,973,1252007.75,,AKSHARE,close_negative,主板,2000-2009,1286.75,全史负价（源侧缺陷）。OHLC 整体为负但列间比例自洽→疑似源历史段符号/量纲伪影，须回源确证
2026-09-23,001872,2002-10-18,-4.120,-3.980,-4.180,-4.110,,-0.010,-0.2400,1348,1730390.62,,AKSHARE,close_negative,主板,2000-2009,1283.6726,全史负价（源侧缺陷）。OHLC 整体为负但列间比例自洽→疑似源历史段符号/量纲伪影，须回源确证
2026-09-23,001872,2002-10-21,-4.110,-4.010,-4.160,-4.050,,0.060,1.4600,569,729174.81,,AKSHARE,close_negative,主板,2000-2009,1281.5023,全史负价（源侧缺陷）。OHLC 整体为负但列间比例自洽→疑似源历史段符号/量纲伪影，须回源确证
2026-09-23,001872,2002-10-22,-4.040,-3.920,-4.100,-3.960,,0.090,2.2200,1941,2529896.50,,AKSHARE,close_negative,主板,2000-2009,1303.3985,全史负价（源侧缺陷）。OHLC 整体为负但列间比例自洽→疑似源历史段符号/量纲伪影，须回源确证
2026-09-23,001872,2002-10-23,-4.010,-3.910,-4.010,-3.950,,0.010,0.2500,820,1073716.75,,AKSHARE,close_negative,主板,2000-2009,1309.4107,全史负价（源侧缺陷）。OHLC 整体为负但列间比例自洽→疑似源历史段符号/量纲伪影，须回源确证
2026-09-23,001872,2002-10-24,-3.950,-3.950,-4.040,-4.040,,-0.090,-2.2800,1083,1409509.00,,AKSHARE,close_negative,主板,2000-2009,1301.4857,全史负价（源侧缺陷）。OHLC 整体为负但列间比例自洽→疑似源历史段符号/量纲伪影，须回源确证
2026-09-23,001872,2002-10-25,-4.010,-3.990,-4.130,-4.100,,-0.060,-1.4900,1011,1302944.88,,AKSHARE,close_negative,主板,2000-2009,1288.7684,全史负价（源侧缺陷）。OHLC 整体为负但列间比例自洽→疑似源历史段符号/量纲伪影，须回源确证
2026-09-23,001872,2002-10-28,-4.080,-4.050,-4.120,-4.050,,0.050,1.2200,1128,1452392.12,,AKSHARE,close_negative,主板,2000-2009,1287.5817,全史负价（源侧缺陷）。OHLC 整体为负但列间比例自洽→疑似源历史段符号/量纲伪影，须回源确证
2026-09-23,001872,2002-10-29,-4.030,-4.010,-4.120,-4.030,,0.020,0.4900,965,1242380.12,,AKSHARE,close_negative,主板,2000-2009,1287.4405,全史负价（源侧缺陷）。OHLC 整体为负但列间比例自洽→疑似源历史段符号/量纲伪影，须回源确证
2026-09-23,001872,2002-10-30,-4.030,-4.010,-4.080,-4.040,,-0.010,-0.2500,638,825927.75,,AKSHARE,close_negative,主板,2000-2009,1294.5576,全史负价（源侧缺陷）。OHLC 整体为负但列间比例自洽→疑似源历史段符号/量纲伪影，须回源确证
2026-09-23,001872,2002-10-31,-4.040,-3.990,-4.060,-4.050,,-0.010,-0.2500,1297,1685104.62,,AKSHARE,close_negative,主板,2000-2009,1299.2326,全史负价（源侧缺陷）。OHLC 整体为负但列间比例自洽→疑似源历史段符号/量纲伪影，须回源确证
2026-09-23,001872,2002-11-01,-4.110,-4.010,-4.110,-4.040,,0.010,0.2500,604,780558.62,,AKSHARE,close_negative,主板,2000-2009,1292.3156,全史负价（源侧缺陷）。OHLC 整体为负但列间比例自洽→疑似源历史段符号/量纲伪影，须回源确证
2026-09-23,001872,2002-11-04,-3.910,-3.880,-4.010,-3.940,,0.100,2.4800,1274,1669712.75,,AKSHARE,close_negative,主板,2000-2009,1310.6066,全史负价（源侧缺陷）。OHLC 整体为负但列间比例自洽→疑似源历史段符号/量纲伪影，须回源确证
2026-09-23,001872,2002-11-05,-3.910,-3.780,-3.910,-3.830,,0.110,2.7900,3084,4120775.75,,AKSHARE,close_negative,主板,2000-2009,1336.1789,全史负价（源侧缺陷）。OHLC 整体为负但列间比例自洽→疑似源历史段符号/量纲伪影，须回源确证
2026-09-23,001872,2002-11-06,-3.760,-3.440,-3.810,-3.590,,0.240,6.2700,18566,25643744.00,,AKSHARE,close_negative,主板,2000-2009,1381.2207,全史负价（源侧缺陷）。OHLC 整体为负但列间比例自洽→疑似源历史段符号/量纲伪影，须回源确证
2026-09-23,001872,2002-11-07,-3.590,-3.560,-3.680,-3.590,,,,6154,8456109.00,,AKSHARE,close_negative,主板,2000-2009,1374.0834,全史负价（源侧缺陷）。OHLC 整体为负但列间比例自洽→疑似源历史段符号/量纲伪影，须回源确证
2026-09-23,001872,2002-11-08,-3.560,-3.480,-3.870,-3.860,,-0.270,-7.5200,8076,10954957.00,,AKSHARE,close_negative,主板,2000-2009,1356.483,全史负价（源侧缺陷）。OHLC 整体为负但列间比例自洽→疑似源历史段符号/量纲伪影，须回源确证
2026-09-23,001872,2002-11-11,-3.840,-3.680,-3.880,-3.820,,0.040,1.0400,3630,4876515.50,,AKSHARE,close_negative,主板,2000-2009,1343.3927,全史负价（源侧缺陷）。OHLC 整体为负但列间比例自洽→疑似源历史段符号/量纲伪影，须回源确证
2026-09-23,001872,2002-11-12,-3.800,-3.730,-3.940,-3.920,,-0.100,-2.6200,4648,6171003.50,,AKSHARE,close_negative,主板,2000-2009,1327.6686,全史负价（源侧缺陷）。OHLC 整体为负但列间比例自洽→疑似源历史段符号/量纲伪影，须回源确证
2026-09-23,001872,2002-11-13,-3.950,-3.870,-4.120,-3.880,,0.040,1.0200,3400,4439590.00,,AKSHARE,close_negative,主板,2000-2009,1305.7618,全史负价（源侧缺陷）。OHLC 整体为负但列间比例自洽→疑似源历史段符号/量纲伪影，须回源确证
2026-09-23,001872,2002-11-14,-3.890,-3.890,-4.150,-4.130,,-0.250,-6.4400,3433,4446024.00,,AKSHARE,close_negative,主板,2000-2009,1295.0842,全史负价（源侧缺陷）。OHLC 整体为负但列间比例自洽→疑似源历史段符号/量纲伪影，须回源确证
2026-09-23,001872,2002-11-15,-4.130,-3.970,-4.130,-4.120,,0.010,0.2400,2939,3797108.50,,AKSHARE,close_negative,主板,2000-2009,1291.9729,全史负价（源侧缺陷）。OHLC 整体为负但列间比例自洽→疑似源历史段符号/量纲伪影，须回源确证
2026-09-23,001872,2002-11-18,-4.120,-4.080,-4.280,-4.280,,-0.160,-3.8800,2642,3356453.75,,AKSHARE,close_negative,主板,2000-2009,1270.4216,全史负价（源侧缺陷）。OHLC 整体为负但列间比例自洽→疑似源历史段符号/量纲伪影，须回源确证
2026-09-23,001872,2002-11-19,-4.280,-4.190,-4.380,-4.240,,0.040,0.9300,3008,3758549.75,,AKSHARE,close_negative,主板,2000-2009,1249.5179,全史负价（源侧缺陷）。OHLC 整体为负但列间比例自洽→疑似源历史段符号/量纲伪影，须回源确证
2026-09-23,001872,2002-11-20,-4.270,-4.270,-4.420,-4.420,,-0.180,-4.2500,2312,2852117.75,,AKSHARE,close_negative,主板,2000-2009,1233.6149,全史负价（源侧缺陷）。OHLC 整体为负但列间比例自洽→疑似源历史段符号/量纲伪影，须回源确证
2026-09-23,001872,2002-11-21,-4.410,-4.410,-4.640,-4.630,,-0.210,-4.7500,3736,4470547.00,,AKSHARE,close_negative,主板,2000-2009,1196.6132,全史负价（源侧缺陷）。OHLC 整体为负但列间比例自洽→疑似源历史段符号/量纲伪影，须回源确证
2026-09-23,001872,2002-11-22,-4.610,-4.470,-4.660,-4.590,,0.040,0.8600,3412,4082376.75,,AKSHARE,close_negative,主板,2000-2009,1196.4762,全史负价（源侧缺陷）。OHLC 整体为负但列间比例自洽→疑似源历史段符号/量纲伪影，须回源确证
2026-09-23,001872,2002-11-25,-4.610,-4.510,-4.630,-4.560,,0.030,0.6500,1127,1347467.00,,AKSHARE,close_negative,主板,2000-2009,1195.6229,全史负价（源侧缺陷）。OHLC 整体为负但列间比例自洽→疑似源历史段符号/量纲伪影，须回源确证
2026-09-23,001872,2002-11-26,-4.610,-4.500,-4.710,-4.690,,-0.130,-2.8500,1722,2048900.88,,AKSHARE,close_negative,主板,2000-2009,1189.8379,全史负价（源侧缺陷）。OHLC 整体为负但列间比例自洽→疑似源历史段符号/量纲伪影，须回源确证
2026-09-23,001872,2002-11-27,-4.710,-4.630,-4.810,-4.680,,0.010,0.2100,2189,2573217.00,,AKSHARE,close_negative,主板,2000-2009,1175.5217,全史负价（源侧缺陷）。OHLC 整体为负但列间比例自洽→疑似源历史段符号/量纲伪影，须回源确证
2026-09-23,001872,2002-11-28,-4.680,-4.490,-4.680,-4.490,,0.190,4.0600,1935,2318656.50,,AKSHARE,close_negative,主板,2000-2009,1198.2721,全史负价（源侧缺陷）。OHLC 整体为负但列间比例自洽→疑似源历史段符号/量纲伪影，须回源确证
2026-09-23,001872,2002-11-29,-4.470,-4.240,-4.500,-4.360,,0.130,2.9000,6166,7643127.50,,AKSHARE,close_negative,主板,2000-2009,1239.5601,全史负价（源侧缺陷）。OHLC 整体为负但列间比例自洽→疑似源历史段符号/量纲伪影，须回源确证
2026-09-23,001872,2002-12-02,-4.430,-4.360,-4.560,-4.540,,-0.180,-4.1300,1827,2216538.50,,AKSHARE,close_negative,主板,2000-2009,1213.2121,全史负价（源侧缺陷）。OHLC 整体为负但列间比例自洽→疑似源历史段符号/量纲伪影，须回源确证
2026-09-23,001872,2002-12-03,-4.540,-4.350,-4.570,-4.490,,0.050,1.1000,1102,1335054.25,,AKSHARE,close_negative,主板,2000-2009,1211.483,全史负价（源侧缺陷）。OHLC 整体为负但列间比例自洽→疑似源历史段符号/量纲伪影，须回源确证
2026-09-23,001872,2002-12-04,-4.470,-4.390,-4.530,-4.460,,0.030,0.6700,1195,1458756.38,,AKSHARE,close_negative,主板,2000-2009,1220.7166,全史负价（源侧缺陷）。OHLC 整体为负但列间比例自洽→疑似源历史段符号/量纲伪影，须回源确证
2026-09-23,001872,2002-12-05,-4.460,-4.460,-4.560,-4.520,,-0.060,-1.3500,1257,1513614.25,,AKSHARE,close_negative,主板,2000-2009,1204.1482,全史负价（源侧缺陷）。OHLC 整体为负但列间比例自洽→疑似源历史段符号/量纲伪影，须回源确证
2026-09-23,001872,2002-12-09,-4.510,-4.430,-4.550,-4.530,,-0.010,-0.2200,548,662334.00,,AKSHARE,close_negative,主板,2000-2009,1208.6387,全史负价（源侧缺陷）。OHLC 整体为负但列间比例自洽→疑似源历史段符号/量纲伪影，须回源确证
2026-09-23,001872,2002-12-10,-4.550,-4.460,-4.600,-4.550,,-0.020,-0.4400,1542,1848017.50,,AKSHARE,close_negative,主板,2000-2009,1198.4549,全史负价（源侧缺陷）。OHLC 整体为负但列间比例自洽→疑似源历史段符号/量纲伪影，须回源确证
2026-09-23,001872,2002-12-11,-4.610,-4.540,-4.630,-4.560,,-0.010,-0.2200,774,925763.19,,AKSHARE,close_negative,主板,2000-2009,1196.0765,全史负价（源侧缺陷）。OHLC 整体为负但列间比例自洽→疑似源历史段符号/量纲伪影，须回源确证
2026-09-23,001872,2002-12-12,-4.520,-4.440,-4.630,-4.560,,,,1591,1908564.50,,AKSHARE,close_negative,主板,2000-2009,1199.6006,全史负价（源侧缺陷）。OHLC 整体为负但列间比例自洽→疑似源历史段符号/量纲伪影，须回源确证
2026-09-23,001872,2002-12-13,-4.650,-4.500,-4.680,-4.540,,0.020,0.4400,1305,1549516.12,,AKSHARE,close_negative,主板,2000-2009,1187.3687,全史负价（源侧缺陷）。OHLC 整体为负但列间比例自洽→疑似源历史段符号/量纲伪影，须回源确证
2026-09-23,001872,2002-12-16,-4.530,-4.430,-4.580,-4.470,,0.070,1.5400,1445,1758107.62,,AKSHARE,close_negative,主板,2000-2009,1216.6835,全史负价（源侧缺陷）。OHLC 整体为负但列间比例自洽→疑似源历史段符号/量纲伪影，须回源确证
2026-09-23,001872,2002-12-17,-4.420,-4.420,-4.490,-4.420,,0.050,1.1200,1799,2194312.00,,AKSHARE,close_negative,主板,2000-2009,1219.7399,全史负价（源侧缺陷）。OHLC 整体为负但列间比例自洽→疑似源历史段符号/量纲伪影，须回源确证
2026-09-23,001872,2002-12-18,-4.470,-4.290,-4.470,-4.440,,-0.020,-0.4500,1490,1835497.50,,AKSHARE,close_negative,主板,2000-2009,1231.8775,全史负价（源侧缺陷）。OHLC 整体为负但列间比例自洽→疑似源历史段符号/量纲伪影，须回源确证
2026-09-23,001872,2002-12-19,-4.440,-4.410,-4.510,-4.500,,-0.060,-1.3500,871,1057917.38,,AKSHARE,close_negative,主板,2000-2009,1214.6009,全史负价（源侧缺陷）。OHLC 整体为负但列间比例自洽→疑似源历史段符号/量纲伪影，须回源确证
2026-09-23,001872,2002-12-20,-4.500,-4.360,-4.500,-4.380,,0.120,2.6700,1335,1637387.38,,AKSHARE,close_negative,主板,2000-2009,1226.5074,全史负价（源侧缺陷）。OHLC 整体为负但列间比例自洽→疑似源历史段符号/量纲伪影，须回源确证
2026-09-23,001872,2002-12-23,-4.370,-4.350,-4.420,-4.420,,-0.040,-0.9100,1376,1693515.38,,AKSHARE,close_negative,主板,2000-2009,1230.7525,全史负价（源侧缺陷）。OHLC 整体为负但列间比例自洽→疑似源历史段符号/量纲伪影，须回源确证
2026-09-23,001872,2002-12-24,-4.420,-4.380,-4.500,-4.460,,-0.040,-0.9000,1694,2057436.50,,AKSHARE,close_negative,主板,2000-2009,1214.5434,全史负价（源侧缺陷）。OHLC 整体为负但列间比例自洽→疑似源历史段符号/量纲伪影，须回源确证
2026-09-23,001872,2002-12-25,-4.460,-4.390,-4.470,-4.460,,,,734,897707.88,,AKSHARE,close_negative,主板,2000-2009,1223.0353,全史负价（源侧缺陷）。OHLC 整体为负但列间比例自洽→疑似源历史段符号/量纲伪影，须回源确证
2026-09-23,001872,2002-12-26,-4.450,-4.450,-4.640,-4.640,,-0.180,-4.0400,3656,4363352.00,,AKSHARE,close_negative,主板,2000-2009,1193.477,全史负价（源侧缺陷）。OHLC 整体为负但列间比例自洽→疑似源历史段符号/量纲伪影，须回源确证
2026-09-23,001872,2002-12-27,-4.670,-4.610,-4.680,-4.640,,,,3402,4020066.75,,AKSHARE,close_negative,主板,2000-2009,1181.6775,全史负价（源侧缺陷）。OHLC 整体为负但列间比例自洽→疑似源历史段符号/量纲伪影，须回源确证
2026-09-23,001872,2002-12-30,-4.640,-4.640,-4.890,-4.820,,-0.180,-3.8800,3571,4156343.50,,AKSHARE,close_negative,主板,2000-2009,1163.9158,全史负价（源侧缺陷）。OHLC 整体为负但列间比例自洽→疑似源历史段符号/量纲伪影，须回源确证
2026-09-23,001872,2002-12-31,-4.780,-4.760,-4.890,-4.880,,-0.060,-1.2400,2029,2327075.25,,AKSHARE,close_negative,主板,2000-2009,1146.9075,全史负价（源侧缺陷）。OHLC 整体为负但列间比例自洽→疑似源历史段符号/量纲伪影，须回源确证
2026-09-23,001872,2003-01-02,-4.930,-4.830,-4.960,-4.920,,-0.040,-0.8200,1398,1581378.75,,AKSHARE,close_negative,主板,2000-2009,1131.1722,全史负价（源侧缺陷）。OHLC 整体为负但列间比例自洽→疑似源历史段符号/量纲伪影，须回源确证
2026-09-23,001872,2003-01-03,-4.940,-4.890,-4.960,-4.940,,-0.020,-0.4100,1177,1331440.88,,AKSHARE,close_negative,主板,2000-2009,1131.2157,全史负价（源侧缺陷）。OHLC 整体为负但列间比例自洽→疑似源历史段符号/量纲伪影，须回源确证
2026-09-23,001872,2003-01-06,-4.900,-4.870,-4.940,-4.870,,0.070,1.4200,1113,1261313.50,,AKSHARE,close_negative,主板,2000-2009,1133.2556,全史负价（源侧缺陷）。OHLC 整体为负但列间比例自洽→疑似源历史段符号/量纲伪影，须回源确证
2026-09-23,001872,2003-01-07,-4.850,-4.760,-4.900,-4.870,,,,817,938783.75,,AKSHARE,close_negative,主板,2000-2009,1149.0621,全史负价（源侧缺陷）。OHLC 整体为负但列间比例自洽→疑似源历史段符号/量纲伪影，须回源确证
2026-09-23,001872,2003-01-08,-4.860,-4.700,-4.860,-4.700,,0.170,3.4900,1664,1930217.88,,AKSHARE,close_negative,主板,2000-2009,1159.9867,全史负价（源侧缺陷）。OHLC 整体为负但列间比例自洽→疑似源历史段符号/量纲伪影，须回源确证
2026-09-23,001872,2003-01-09,-4.690,-4.600,-4.750,-4.630,,0.070,1.4900,3476,4095661.25,,AKSHARE,close_negative,主板,2000-2009,1178.2685,全史负价（源侧缺陷）。OHLC 整体为负但列间比例自洽→疑似源历史段符号/量纲伪影，须回源确证
2026-09-23,001872,2003-01-10,-4.620,-4.590,-4.700,-4.690,,-0.060,-1.3000,2627,3111167.00,,AKSHARE,close_negative,主板,2000-2009,1184.3041,全史负价（源侧缺陷）。OHLC 整体为负但列间比例自洽→疑似源历史段符号/量纲伪影，须回源确证
2026-09-23,001872,2003-01-13,-4.710,-4.670,-4.760,-4.710,,-0.020,-0.4300,1039,1215915.12,,AKSHARE,close_negative,主板,2000-2009,1170.2744,全史负价（源侧缺陷）。OHLC 整体为负但列间比例自洽→疑似源历史段符号/量纲伪影，须回源确证
2026-09-23,001872,2003-01-14,-4.710,-4.290,-4.710,-4.390,,0.320,6.7900,7714,9402484.00,,AKSHARE,close_negative,主板,2000-2009,1218.8857,全史负价（源侧缺陷）。OHLC 整体为负但列间比例自洽→疑似源历史段符号/量纲伪影，须回源确证
2026-09-23,001872,2003-01-15,-4.340,-4.300,-4.470,-4.430,,-0.040,-0.9100,5547,6823571.50,,AKSHARE,close_negative,主板,2000-2009,1230.1373,全史负价（源侧缺陷）。OHLC 整体为负但列间比例自洽→疑似源历史段符号/量纲伪影，须回源确证
2026-09-23,001872,2003-01-16,-4.410,-4.130,-4.420,-4.140,,0.290,6.5500,10110,12705297.00,,AKSHARE,close_negative,主板,2000-2009,1256.7059,全史负价（源侧缺陷）。OHLC 整体为负但列间比例自洽→疑似源历史段符号/量纲伪影，须回源确证
2026-09-23,001872,2003-01-17,-4.140,-4.070,-4.260,-4.200,,-0.060,-1.4500,4712,5982078.00,,AKSHARE,close_negative,主板,2000-2009,1269.5412,全史负价（源侧缺陷）。OHLC 整体为负但列间比例自洽→疑似源历史段符号/量纲伪影，须回源确证
2026-09-23,001872,2003-01-20,-4.200,-4.080,-4.300,-4.110,,0.090,2.1400,4490,5693401.00,,AKSHARE,close_negative,主板,2000-2009,1268.018,全史负价（源侧缺陷）。OHLC 整体为负但列间比例自洽→疑似源历史段符号/量纲伪影，须回源确证
2026-09-23,001872,2003-01-21,-4.040,-4.040,-4.300,-4.290,,-0.180,-4.3800,5680,7245628.00,,AKSHARE,close_negative,主板,2000-2009,1275.6387,全史负价（源侧缺陷）。OHLC 整体为负但列间比例自洽→疑似源历史段符号/量纲伪影，须回源确证
2026-09-23,001872,2003-01-22,-4.320,-4.230,-4.320,-4.290,,,,1936,2422636.00,,AKSHARE,close_negative,主板,2000-2009,1251.3616,全史负价（源侧缺陷）。OHLC 整体为负但列间比例自洽→疑似源历史段符号/量纲伪影，须回源确证
2026-09-23,001872,2003-01-23,-4.280,-4.230,-4.360,-4.360,,-0.070,-1.6300,1545,1921010.88,,AKSHARE,close_negative,主板,2000-2009,1243.3727,全史负价（源侧缺陷）。OHLC 整体为负但列间比例自洽→疑似源历史段符号/量纲伪影，须回源确证
2026-09-23,001872,2003-01-24,-4.360,-4.280,-4.380,-4.290,,0.070,1.6100,2443,3029730.00,,AKSHARE,close_negative,主板,2000-2009,1240.1678,全史负价（源侧缺陷）。OHLC 整体为负但列间比例自洽→疑似源历史段符号/量纲伪影，须回源确证
2026-09-23,001872,2003-01-27,-4.290,-4.190,-4.290,-4.220,,0.070,1.6300,2375,2985726.75,,AKSHARE,close_negative,主板,2000-2009,1257.1481,全史负价（源侧缺陷）。OHLC 整体为负但列间比例自洽→疑似源历史段符号/量纲伪影，须回源确证
2026-09-23,001872,2003-01-28,-4.110,-4.080,-4.240,-4.160,,0.060,1.4200,1871,2375837.75,,AKSHARE,close_negative,主板,2000-2009,1269.8224,全史负价（源侧缺陷）。OHLC 整体为负但列间比例自洽→疑似源历史段符号/量纲伪影，须回源确证
2026-09-23,001872,2003-01-29,-4.160,-4.120,-4.180,-4.160,,,,1980,2524190.25,,AKSHARE,close_negative,主板,2000-2009,1274.8436,全史负价（源侧缺陷）。OHLC 整体为负但列间比例自洽→疑似源历史段符号/量纲伪影，须回源确证
2026-09-23,001872,2003-02-10,-4.180,-4.160,-4.280,-4.230,,-0.070,-1.6800,1011,1279528.38,,AKSHARE,close_negative,主板,2000-2009,1265.6067,全史负价（源侧缺陷）。OHLC 整体为负但列间比例自洽→疑似源历史段符号/量纲伪影，须回源确证
2026-09-23,001872,2003-02-11,-4.160,-4.160,-4.260,-4.200,,0.030,0.7100,979,1236333.00,,AKSHARE,close_negative,主板,2000-2009,1262.8529,全史负价（源侧缺陷）。OHLC 整体为负但列间比例自洽→疑似源历史段符号/量纲伪影，须回源确证
2026-09-23,001872,2003-02-12,-4.230,-4.140,-4.230,-4.160,,0.040,0.9500,1006,1280432.25,,AKSHARE,close_negative,主板,2000-2009,1272.7955,全史负价（源侧缺陷）。OHLC 整体为负但列间比例自洽→疑似源历史段符号/量纲伪影，须回源确证
2026-09-23,001872,2003-02-13,-4.180,-4.110,-4.200,-4.190,,-0.030,-0.7200,1601,2044113.75,,AKSHARE,close_negative,主板,2000-2009,1276.7731,全史负价（源侧缺陷）。OHLC 整体为负但列间比例自洽→疑似源历史段符号/量纲伪影，须回源确证
2026-09-23,001872,2003-02-14,-4.200,-4.150,-4.230,-4.180,,0.010,0.2400,1856,2357281.50,,AKSHARE,close_negative,主板,2000-2009,1270.087,全史负价（源侧缺陷）。OHLC 整体为负但列间比例自洽→疑似源历史段符号/量纲伪影，须回源确证
2026-09-23,001872,2003-02-17,-4.180,-4.150,-4.270,-4.260,,-0.080,-1.9100,2202,2775884.00,,AKSHARE,close_negative,主板,2000-2009,1260.6194,全史负价（源侧缺陷）。OHLC 整体为负但列间比例自洽→疑似源历史段符号/量纲伪影，须回源确证
2026-09-23,001872,2003-02-18,-4.230,-4.220,-4.290,-4.290,,-0.030,-0.7000,1502,1878429.00,,AKSHARE,close_negative,主板,2000-2009,1250.6185,全史负价（源侧缺陷）。OHLC 整体为负但列间比例自洽→疑似源历史段符号/量纲伪影，须回源确证
2026-09-23,001872,2003-02-19,-4.280,-4.230,-4.290,-4.230,,0.060,1.4000,2087,2613659.00,,AKSHARE,close_negative,主板,2000-2009,1252.3522,全史负价（源侧缺陷）。OHLC 整体为负但列间比例自洽→疑似源历史段符号/量纲伪影，须回源确证
2026-09-23,001872,2003-02-20,-4.230,-4.180,-4.250,-4.220,,0.010,0.2400,1133,1433457.50,,AKSHARE,close_negative,主板,2000-2009,1265.1876,全史负价（源侧缺陷）。OHLC 整体为负但列间比例自洽→疑似源历史段符号/量纲伪影，须回源确证
2026-09-23,001872,2003-02-21,-4.230,-4.230,-4.360,-4.360,,-0.140,-3.3200,1733,2151895.75,,AKSHARE,close_negative,主板,2000-2009,1241.7171,全史负价（源侧缺陷）。OHLC 整体为负但列间比例自洽→疑似源历史段符号/量纲伪影，须回源确证
2026-09-23,001872,2003-02-24,-4.360,-4.280,-4.360,-4.320,,0.040,0.9200,1110,1379111.12,,AKSHARE,close_negative,主板,2000-2009,1242.4425,全史负价（源侧缺陷）。OHLC 整体为负但列间比例自洽→疑似源历史段符号/量纲伪影，须回源确证
2026-09-23,001872,2003-02-25,-4.320,-4.070,-4.320,-4.130,,0.190,4.4000,5450,6963007.00,,AKSHARE,close_negative,主板,2000-2009,1277.616,全史负价（源侧缺陷）。OHLC 整体为负但列间比例自洽→疑似源历史段符号/量纲伪影，须回源确证
2026-09-23,001872,2003-02-26,-4.210,-4.070,-4.210,-4.110,,0.020,0.4800,1693,2164337.00,,AKSHARE,close_negative,主板,2000-2009,1278.4034,全史负价（源侧缺陷）。OHLC 整体为负但列间比例自洽→疑似源历史段符号/量纲伪影，须回源确证
2026-09-23,001872,2003-02-27,-4.100,-4.090,-4.180,-4.160,,-0.050,-1.2200,1586,2025209.50,,AKSHARE,close_negative,主板,2000-2009,1276.9291,全史负价（源侧缺陷）。OHLC 整体为负但列间比例自洽→疑似源历史段符号/量纲伪影，须回源确证
2026-09-23,001872,2003-02-28,-4.190,-4.150,-4.230,-4.190,,-0.030,-0.7200,1225,1551111.38,,AKSHARE,close_negative,主板,2000-2009,1266.2134,全史负价（源侧缺陷）。OHLC 整体为负但列间比例自洽→疑似源历史段符号/量纲伪影，须回源确证
2026-09-23,001872,2003-03-03,-4.230,-4.100,-4.230,-4.100,,0.090,2.1500,1841,2354564.25,,AKSHARE,close_negative,主板,2000-2009,1278.9594,全史负价（源侧缺陷）。OHLC 整体为负但列间比例自洽→疑似源历史段符号/量纲伪影，须回源确证
2026-09-23,001872,2003-03-04,-4.100,-4.080,-4.170,-4.120,,-0.020,-0.4900,1162,1487329.50,,AKSHARE,close_negative,主板,2000-2009,1279.9738,全史负价（源侧缺陷）。OHLC 整体为负但列间比例自洽→疑似源历史段符号/量纲伪影，须回源确证
2026-09-23,001872,2003-03-05,-4.150,-4.150,-4.200,-4.160,,-0.040,-0.9700,1053,1338691.00,,AKSHARE,close_negative,主板,2000-2009,1271.3115,全史负价（源侧缺陷）。OHLC 整体为负但列间比例自洽→疑似源历史段符号/量纲伪影，须回源确证
2026-09-23,001872,2003-03-06,-4.160,-4.160,-4.320,-4.280,,-0.120,-2.8800,1941,2429849.75,,AKSHARE,close_negative,主板,2000-2009,1251.8546,全史负价（源侧缺陷）。OHLC 整体为负但列间比例自洽→疑似源历史段符号/量纲伪影，须回源确证
2026-09-23,001872,2003-03-07,-4.300,-4.230,-4.330,-4.330,,-0.050,-1.1700,1199,1498266.25,,AKSHARE,close_negative,主板,2000-2009,1249.5965,全史负价（源侧缺陷）。OHLC 整体为负但列间比例自洽→疑似源历史段符号/量纲伪影，须回源确证
2026-09-23,001872,2003-03-10,-4.360,-4.240,-4.400,-4.400,,-0.070,-1.6200,1325,1638190.00,,AKSHARE,close_negative,主板,2000-2009,1236.3698,全史负价（源侧缺陷）。OHLC 整体为负但列间比例自洽→疑似源历史段符号/量纲伪影，须回源确证
2026-09-23,001872,2003-03-11,-4.400,-4.350,-4.400,-4.380,,0.020,0.4500,978,1206291.62,,AKSHARE,close_negative,主板,2000-2009,1233.427,全史负价（源侧缺陷）。OHLC 整体为负但列间比例自洽→疑似源历史段符号/量纲伪影，须回源确证
2026-09-23,001872,2003-03-12,-4.380,-4.290,-4.380,-4.290,,0.090,2.0500,977,1209648.00,,AKSHARE,close_negative,主板,2000-2009,1238.1249,全史负价（源侧缺陷）。OHLC 整体为负但列间比例自洽→疑似源历史段符号/量纲伪影，须回源确证
2026-09-23,001872,2003-03-13,-4.280,-4.200,-4.340,-4.250,,0.040,0.9300,2163,2716415.50,,AKSHARE,close_negative,主板,2000-2009,1255.8555,全史负价（源侧缺陷）。OHLC 整体为负但列间比例自洽→疑似源历史段符号/量纲伪影，须回源确证
2026-09-23,001872,2003-03-14,-4.250,-4.180,-4.260,-4.200,,0.050,1.1800,1850,2339224.00,,AKSHARE,close_negative,主板,2000-2009,1264.4454,全史负价（源侧缺陷）。OHLC 整体为负但列间比例自洽→疑似源历史段符号/量纲伪影，须回源确证
2026-09-23,001872,2003-03-17,-4.230,-4.200,-4.280,-4.210,,-0.010,-0.2400,4906,6177223.50,,AKSHARE,close_negative,主板,2000-2009,1259.1161,全史负价（源侧缺陷）。OHLC 整体为负但列间比例自洽→疑似源历史段符号/量纲伪影，须回源确证
2026-09-23,001872,2003-03-18,-4.200,-4.150,-4.250,-4.230,,-0.020,-0.4800,1767,2233479.75,,AKSHARE,close_negative,主板,2000-2009,1263.9953,全史负价（源侧缺陷）。OHLC 整体为负但列间比例自洽→疑似源历史段符号/量纲伪影，须回源确证
2026-09-23,001872,2003-03-19,-4.240,-4.200,-4.280,-4.220,,0.010,0.2400,1429,1796814.25,,AKSHARE,close_negative,主板,2000-2009,1257.3928,全史负价（源侧缺陷）。OHLC 整体为负但列间比例自洽→疑似源历史段符号/量纲伪影，须回源确证
2026-09-23,001872,2003-03-20,-4.220,-3.960,-4.220,-4.000,,0.220,5.2100,14332,18548548.00,,AKSHARE,close_negative,主板,2000-2009,1294.2051,全史负价（源侧缺陷）。OHLC 整体为负但列间比例自洽→疑似源历史段符号/量纲伪影，须回源确证
2026-09-23,001872,2003-03-21,-4.010,-3.970,-4.070,-3.970,,0.030,0.7500,8063,10496732.00,,AKSHARE,close_negative,主板,2000-2009,1301.8395,全史负价（源侧缺陷）。OHLC 整体为负但列间比例自洽→疑似源历史段符号/量纲伪影，须回源确证
2026-09-23,001872,2003-03-24,-3.970,-3.810,-4.040,-3.850,,0.120,3.0200,13282,17619618.00,,AKSHARE,close_negative,主板,2000-2009,1326.5787,全史负价（源侧缺陷）。OHLC 整体为负但列间比例自洽→疑似源历史段符号/量纲伪影，须回源确证
2026-09-23,001872,2003-03-25,-3.850,-3.810,-3.920,-3.880,,-0.030,-0.7800,9709,12877937.00,,AKSHARE,close_negative,主板,2000-2009,1326.3917,全史负价（源侧缺陷）。OHLC 整体为负但列间比例自洽→疑似源历史段符号/量纲伪影，须回源确证
2026-09-23,001872,2003-03-26,-3.920,-3.750,-3.920,-3.820,,0.060,1.5500,7823,10436213.00,,AKSHARE,close_negative,主板,2000-2009,1334.0423,全史负价（源侧缺陷）。OHLC 整体为负但列间比例自洽→疑似源历史段符号/量纲伪影，须回源确证
2026-09-23,001872,2003-03-27,-3.770,-3.690,-3.920,-3.760,,0.060,1.5700,8917,11958048.00,,AKSHARE,close_negative,主板,2000-2009,1341.0394,全史负价（源侧缺陷）。OHLC 整体为负但列间比例自洽→疑似源历史段符号/量纲伪影，须回源确证
2026-09-23,001872,2003-03-28,-3.720,-3.510,-3.780,-3.750,,0.010,0.2700,19415,26682740.00,,AKSHARE,close_negative,主板,2000-2009,1374.3363,全史负价（源侧缺陷）。OHLC 整体为负但列间比例自洽→疑似源历史段符号/量纲伪影，须回源确证
2026-09-23,001872,2003-03-31,-3.800,-3.620,-3.890,-3.630,,0.120,3.2000,11837,16034454.00,,AKSHARE,close_negative,主板,2000-2009,1354.6045,全史负价（源侧缺陷）。OHLC 整体为负但列间比例自洽→疑似源历史段符号/量纲伪影，须回源确证
2026-09-23,001872,2003-04-01,-3.640,-3.540,-3.700,-3.640,,-0.010,-0.2800,8007,11003001.00,,AKSHARE,close_negative,主板,2000-2009,1374.1727,全史负价（源侧缺陷）。OHLC 整体为负但列间比例自洽→疑似源历史段符号/量纲伪影，须回源确证
2026-09-23,001872,2003-04-02,-3.650,-3.590,-3.720,-3.710,,-0.070,-1.9200,4493,6132501.50,,AKSHARE,close_negative,主板,2000-2009,1364.9013,全史负价（源侧缺陷）。OHLC 整体为负但列间比例自洽→疑似源历史段符号/量纲伪影，须回源确证
2026-09-23,001872,2003-04-03,-3.720,-3.690,-3.760,-3.730,,-0.020,-0.5400,3403,4600547.50,,AKSHARE,close_negative,主板,2000-2009,1351.9093,全史负价（源侧缺陷）。OHLC 整体为负但列间比例自洽→疑似源历史段符号/量纲伪影，须回源确证
2026-09-23,001872,2003-04-04,-3.750,-3.690,-3.760,-3.700,,0.030,0.8000,3127,4237226.00,,AKSHARE,close_negative,主板,2000-2009,1355.0451,全史负价（源侧缺陷）。OHLC 整体为负但列间比例自洽→疑似源历史段符号/量纲伪影，须回源确证
2026-09-23,001872,2003-04-07,-3.690,-3.560,-3.730,-3.610,,0.090,2.4300,4596,6294806.50,,AKSHARE,close_negative,主板,2000-2009,1369.6272,全史负价（源侧缺陷）。OHLC 整体为负但列间比例自洽→疑似源历史段符号/量纲伪影，须回源确证
2026-09-23,001872,2003-04-08,-3.650,-3.560,-3.650,-3.650,,-0.040,-1.1100,5490,7551560.50,,AKSHARE,close_negative,主板,2000-2009,1375.5119,全史负价（源侧缺陷）。OHLC 整体为负但列间比例自洽→疑似源历史段符号/量纲伪影，须回源确证
2026-09-23,001872,2003-04-09,-3.640,-3.480,-3.670,-3.520,,0.130,3.5600,7062,9758097.00,,AKSHARE,close_negative,主板,2000-2009,1381.7753,全史负价（源侧缺陷）。OHLC 整体为负但列间比例自洽→疑似源历史段符号/量纲伪影，须回源确证
2026-09-23,001872,2003-04-10,-3.480,-3.440,-3.580,-3.560,,-0.040,-1.1400,8087,11217177.00,,AKSHARE,close_negative,主板,2000-2009,1387.0628,全史负价（源侧缺陷）。OHLC 整体为负但列间比例自洽→疑似源历史段符号/量纲伪影，须回源确证
2026-09-23,001872,2003-04-11,-3.580,-3.340,-3.650,-3.390,,0.170,4.7800,17269,24311274.00,,AKSHARE,close_negative,主板,2000-2009,1407.7986,全史负价（源侧缺陷）。OHLC 整体为负但列间比例自洽→疑似源历史段符号/量纲伪影，须回源确证
2026-09-23,001872,2003-04-14,-3.400,-3.150,-3.410,-3.200,,0.190,5.6000,20874,30120052.00,,AKSHARE,close_negative,主板,2000-2009,1442.9459,全史负价（源侧缺陷）。OHLC 整体为负但列间比例自洽→疑似源历史段符号/量纲伪影，须回源确证
2026-09-23,001872,2003-04-15,-3.210,-3.100,-3.310,-3.140,,0.060,1.8800,11640,16898178.00,,AKSHARE,close_negative,主板,2000-2009,1451.7335,全史负价（源侧缺陷）。OHLC 整体为负但列间比例自洽→疑似源历史段符号/量纲伪影，须回源确证
2026-09-23,001872,2003-04-16,-3.150,-2.950,-3.290,-3.220,,-0.080,-2.5500,15465,22687648.00,,AKSHARE,close_negative,主板,2000-2009,1467.0319,全史负价（源侧缺陷）。OHLC 整体为负但列间比例自洽→疑似源历史段符号/量纲伪影，须回源确证
2026-09-23,001872,2003-04-17,-3.220,-3.150,-3.330,-3.300,,-0.080,-2.4800,8184,11757758.00,,AKSHARE,close_negative,主板,2000-2009,1436.6762,全史负价（源侧缺陷）。OHLC 整体为负但列间比例自洽→疑似源历史段符号/量纲伪影，须回源确证
2026-09-23,001872,2003-04-18,-3.270,-2.890,-3.270,-3.130,,0.170,5.1500,15784,23342388.00,,AKSHARE,close_negative,主板,2000-2009,1478.8639,全史负价（源侧缺陷）。OHLC 整体为负但列间比例自洽→疑似源历史段符号/量纲伪影，须回源确证
2026-09-23,001872,2003-04-21,-3.180,-3.180,-3.340,-3.260,,-0.130,-4.1500,11373,16362806.00,,AKSHARE,close_negative,主板,2000-2009,1438.7414,全史负价（源侧缺陷）。OHLC 整体为负但列间比例自洽→疑似源历史段符号/量纲伪影，须回源确证
2026-09-23,001872,2003-04-22,-3.300,-3.130,-3.300,-3.150,,0.110,3.3700,8160,11866812.00,,AKSHARE,close_negative,主板,2000-2009,1454.2662,全史负价（源侧缺陷）。OHLC 整体为负但列间比例自洽→疑似源历史段符号/量纲伪影，须回源确证
2026-09-23,001872,2003-04-23,-3.110,-3.110,-3.300,-3.300,,-0.150,-4.7600,5127,7410015.00,,AKSHARE,close_negative,主板,2000-2009,1445.2926,全史负价（源侧缺陷）。OHLC 整体为负但列间比例自洽→疑似源历史段符号/量纲伪影，须回源确证
2026-09-23,001872,2003-04-24,-3.360,-3.340,-3.740,-3.660,,-0.360,-10.9100,14162,19552398.00,,AKSHARE,close_negative,主板,2000-2009,1380.6241,全史负价（源侧缺陷）。OHLC 整体为负但列间比例自洽→疑似源历史段符号/量纲伪影，须回源确证
2026-09-23,001872,2003-04-25,-3.700,-3.580,-3.790,-3.730,,-0.070,-1.9100,6887,9329443.00,,AKSHARE,close_negative,主板,2000-2009,1354.6454,全史负价（源侧缺陷）。OHLC 整体为负但列间比例自洽→疑似源历史段符号/量纲伪影，须回源确证
2026-09-23,001872,2003-04-28,-3.800,-3.380,-3.860,-3.460,,0.270,7.2400,6257,8624091.00,,AKSHARE,close_negative,主板,2000-2009,1378.3109,全史负价（源侧缺陷）。OHLC 整体为负但列间比例自洽→疑似源历史段符号/量纲伪影，须回源确证
2026-09-23,001872,2003-04-29,-3.480,-3.320,-3.530,-3.340,,0.120,3.4700,10158,14340065.00,,AKSHARE,close_negative,主板,2000-2009,1411.7016,全史负价（源侧缺陷）。OHLC 整体为负但列间比例自洽→疑似源历史段符号/量纲伪影，须回源确证
2026-09-23,001872,2003-04-30,-3.390,-3.070,-3.390,-3.250,,0.090,2.6900,12746,18448836.00,,AKSHARE,close_negative,主板,2000-2009,1447.4216,全史负价（源侧缺陷）。OHLC 整体为负但列间比例自洽→疑似源历史段符号/量纲伪影，须回源确证
2026-09-23,001872,2003-05-12,-3.350,-3.180,-3.350,-3.180,,0.070,2.1500,4141,5974949.00,,AKSHARE,close_negative,主板,2000-2009,1442.8759,全史负价（源侧缺陷）。OHLC 整体为负但列间比例自洽→疑似源历史段符号/量纲伪影，须回源确证
2026-09-23,001872,2003-05-13,-3.180,-3.150,-3.480,-3.420,,-0.240,-7.5500,6308,8974924.00,,AKSHARE,close_negative,主板,2000-2009,1422.7844,全史负价（源侧缺陷）。OHLC 整体为负但列间比例自洽→疑似源历史段符号/量纲伪影，须回源确证
2026-09-23,001872,2003-05-14,-3.530,-3.370,-3.580,-3.380,,0.040,1.1700,5773,8117394.00,,AKSHARE,close_negative,主板,2000-2009,1406.0963,全史负价（源侧缺陷）。OHLC 整体为负但列间比例自洽→疑似源历史段符号/量纲伪影，须回源确证
2026-09-23,001872,2003-05-15,-3.340,-3.210,-3.440,-3.260,,0.120,3.5500,3941,5639040.00,,AKSHARE,close_negative,主板,2000-2009,1430.8653,全史负价（源侧缺陷）。OHLC 整体为负但列间比例自洽→疑似源历史段符号/量纲伪影，须回源确证
2026-09-23,001872,2003-05-16,-3.210,-3.070,-3.260,-3.120,,0.140,4.2900,10330,15120977.00,,AKSHARE,close_negative,主板,2000-2009,1463.7925,全史负价（源侧缺陷）。OHLC 整体为负但列间比例自洽→疑似源历史段符号/量纲伪影，须回源确证
2026-09-23,001872,2003-05-19,-3.100,-2.830,-3.110,-2.980,,0.140,4.4900,22749,34151800.00,,AKSHARE,close_negative,主板,2000-2009,1501.244,全史负价（源侧缺陷）。OHLC 整体为负但列间比例自洽→疑似源历史段符号/量纲伪影，须回源确证
2026-09-23,001872,2003-05-20,-2.970,-2.940,-3.020,-2.950,,0.030,1.0100,9366,13962601.00,,AKSHARE,close_negative,主板,2000-2009,1490.7753,全史负价（源侧缺陷）。OHLC 整体为负但列间比例自洽→疑似源历史段符号/量纲伪影，须回源确证
2026-09-23,001872,2003-05-21,-2.940,-2.900,-2.990,-2.980,,-0.030,-1.0200,3747,5603327.50,,AKSHARE,close_negative,主板,2000-2009,1495.417,全史负价（源侧缺陷）。OHLC 整体为负但列间比例自洽→疑似源历史段符号/量纲伪影，须回源确证
2026-09-23,001872,2003-05-22,-2.990,-2.960,-3.010,-2.990,,-0.010,-0.3400,4098,6114302.00,,AKSHARE,close_negative,主板,2000-2009,1492.021,全史负价（源侧缺陷）。OHLC 整体为负但列间比例自洽→疑似源历史段符号/量纲伪影，须回源确证
2026-09-23,001872,2003-05-23,-2.980,-2.800,-2.990,-2.940,,0.050,1.6700,9357,14119870.00,,AKSHARE,close_negative,主板,2000-2009,1509.0168,全史负价（源侧缺陷）。OHLC 整体为负但列间比例自洽→疑似源历史段符号/量纲伪影，须回源确证
2026-09-23,001872,2003-05-26,-2.930,-2.860,-2.980,-2.910,,0.030,1.0200,8998,13496814.00,,AKSHARE,close_negative,主板,2000-2009,1499.9793,全史负价（源侧缺陷）。OHLC 整体为负但列间比例自洽→疑似源历史段符号/量纲伪影，须回源确证
2026-09-23,001872,2003-05-27,-2.910,-2.880,-3.010,-2.920,,-0.010,-0.3400,10683,15971639.00,,AKSHARE,close_negative,主板,2000-2009,1495.0519,全史负价（源侧缺陷）。OHLC 整体为负但列间比例自洽→疑似源历史段符号/量纲伪影，须回源确证
2026-09-23,001872,2003-05-28,-2.920,-2.730,-3.000,-3.000,,-0.080,-2.7400,9267,14033214.00,,AKSHARE,close_negative,主板,2000-2009,1514.3211,全史负价（源侧缺陷）。OHLC 整体为负但列间比例自洽→疑似源历史段符号/量纲伪影，须回源确证
2026-09-23,001872,2003-05-29,-3.020,-2.920,-3.070,-2.940,,0.060,2.0000,13218,19787900.00,,AKSHARE,close_negative,主板,2000-2009,1497.0419,全史负价（源侧缺陷）。OHLC 整体为负但列间比例自洽→疑似源历史段符号/量纲伪影，须回源确证
2026-09-23,001872,2003-06-02,-2.800,-2.590,-2.880,-2.630,,0.310,10.5400,8473,13049945.00,,AKSHARE,close_negative,主板,2000-2009,1540.18,全史负价（源侧缺陷）。OHLC 整体为负但列间比例自洽→疑似源历史段符号/量纲伪影，须回源确证
2026-09-23,001872,2003-06-03,-2.600,-2.600,-2.720,-2.710,,-0.080,-3.0400,6423,9943256.00,,AKSHARE,close_negative,主板,2000-2009,1548.0704,全史负价（源侧缺陷）。OHLC 整体为负但列间比例自洽→疑似源历史段符号/量纲伪影，须回源确证
2026-09-23,001872,2003-06-04,-2.720,-2.710,-2.800,-2.740,,-0.030,-1.1100,5226,8019637.00,,AKSHARE,close_negative,主板,2000-2009,1534.5651,全史负价（源侧缺陷）。OHLC 整体为负但列间比例自洽→疑似源历史段符号/量纲伪影，须回源确证
2026-09-23,001872,2003-06-05,-2.720,-2.510,-2.780,-2.720,,0.020,0.7300,3562,5538743.00,,AKSHARE,close_negative,主板,2000-2009,1554.9531,全史负价（源侧缺陷）。OHLC 整体为负但列间比例自洽→疑似源历史段符号/量纲伪影，须回源确证
2026-09-23,001872,2003-06-06,-2.800,-2.750,-2.940,-2.860,,-0.140,-5.1500,3285,4979114.50,,AKSHARE,close_negative,主板,2000-2009,1515.7122,全史负价（源侧缺陷）。OHLC 整体为负但列间比例自洽→疑似源历史段符号/量纲伪影，须回源确证
2026-09-23,001872,2003-06-09,-2.870,-2.830,-2.950,-2.870,,-0.010,-0.3500,2334,3522698.50,,AKSHARE,close_negative,主板,2000-2009,1509.2967,全史负价（源侧缺陷）。OHLC 整体为负但列间比例自洽→疑似源历史段符号/量纲伪影，须回源确证
2026-09-23,001872,2003-06-10,-2.870,-2.800,-2.890,-2.880,,-0.010,-0.3500,1840,2791405.00,,AKSHARE,close_negative,主板,2000-2009,1517.0679,全史负价（源侧缺陷）。OHLC 整体为负但列间比例自洽→疑似源历史段符号/量纲伪影，须回源确证
2026-09-23,001872,2003-06-11,-2.870,-2.720,-2.900,-2.720,,0.160,5.5600,3467,5317643.50,,AKSHARE,close_negative,主板,2000-2009,1533.7881,全史负价（源侧缺陷）。OHLC 整体为负但列间比例自洽→疑似源历史段符号/量纲伪影，须回源确证
2026-09-23,001872,2003-06-12,-2.720,-2.620,-2.780,-2.650,,0.070,2.5700,3624,5614605.50,,AKSHARE,close_negative,主板,2000-2009,1549.2841,全史负价（源侧缺陷）。OHLC 整体为负但列间比例自洽→疑似源历史段符号/量纲伪影，须回源确证
2026-09-23,001872,2003-06-13,-2.650,-2.650,-2.780,-2.700,,-0.050,-1.8900,2579,3982687.00,,AKSHARE,close_negative,主板,2000-2009,1544.2757,全史负价（源侧缺陷）。OHLC 整体为负但列间比例自洽→疑似源历史段符号/量纲伪影，须回源确证
2026-09-23,001872,2003-06-16,-2.680,-2.570,-2.710,-2.620,,0.080,2.9600,3468,5396510.50,,AKSHARE,close_negative,主板,2000-2009,1556.0872,全史负价（源侧缺陷）。OHLC 整体为负但列间比例自洽→疑似源历史段符号/量纲伪影，须回源确证
2026-09-23,001872,2003-06-17,-2.570,-2.570,-2.690,-2.680,,-0.060,-2.2900,5370,8331790.00,,AKSHARE,close_negative,主板,2000-2009,1551.5438,全史负价（源侧缺陷）。OHLC 整体为负但列间比例自洽→疑似源历史段符号/量纲伪影，须回源确证
2026-09-23,001872,2003-06-18,-2.720,-2.620,-2.720,-2.650,,0.030,1.1200,3402,5271567.50,,AKSHARE,close_negative,主板,2000-2009,1549.5495,全史负价（源侧缺陷）。OHLC 整体为负但列间比例自洽→疑似源历史段符号/量纲伪影，须回源确证
2026-09-23,001872,2003-06-19,-2.650,-2.640,-2.720,-2.690,,-0.040,-1.5100,3919,6050138.50,,AKSHARE,close_negative,主板,2000-2009,1543.7965,全史负价（源侧缺陷）。OHLC 整体为负但列间比例自洽→疑似源历史段符号/量纲伪影，须回源确证
2026-09-23,001872,2003-06-20,-2.750,-2.670,-2.800,-2.800,,-0.110,-4.0900,2879,4422094.50,,AKSHARE,close_negative,主板,2000-2009,1535.9828,全史负价（源侧缺陷）。OHLC 整体为负但列间比例自洽→疑似源历史段符号/量纲伪影，须回源确证
2026-09-23,001872,2003-06-23,-2.800,-2.750,-2.860,-2.840,,-0.040,-1.4300,5551,8444707.00,,AKSHARE,close_negative,主板,2000-2009,1521.2947,全史负价（源侧缺陷）。OHLC 整体为负但列间比例自洽→疑似源历史段符号/量纲伪影，须回源确证
2026-09-23,001872,2003-06-24,-2.850,-2.740,-2.850,-2.740,,0.100,3.5200,2629,4012298.50,,AKSHARE,close_negative,主板,2000-2009,1526.1691,全史负价（源侧缺陷）。OHLC 整体为负但列间比例自洽→疑似源历史段符号/量纲伪影，须回源确证
2026-09-23,001872,2003-06-25,-2.740,-2.720,-2.810,-2.780,,-0.040,-1.4600,2121,3246759.25,,AKSHARE,close_negative,主板,2000-2009,1530.7682,全史负价（源侧缺陷）。OHLC 整体为负但列间比例自洽→疑似源历史段符号/量纲伪影，须回源确证
2026-09-23,001872,2003-06-26,-2.940,-2.670,-2.940,-2.670,,0.110,3.9600,5665,8660830.00,,AKSHARE,close_negative,主板,2000-2009,1528.8314,全史负价（源侧缺陷）。OHLC 整体为负但列间比例自洽→疑似源历史段符号/量纲伪影，须回源确证
2026-09-23,001872,2003-06-27,-2.720,-2.640,-2.800,-2.800,,-0.130,-4.8700,2917,4495496.00,,AKSHARE,close_negative,主板,2000-2009,1541.1368,全史负价（源侧缺陷）。OHLC 整体为负但列间比例自洽→疑似源历史段符号/量纲伪影，须回源确证
2026-09-23,001872,2003-06-30,-2.810,-2.690,-2.860,-2.780,,0.020,0.7100,3822,5858643.50,,AKSHARE,close_negative,主板,2000-2009,1532.8738,全史负价（源侧缺陷）。OHLC 整体为负但列间比例自洽→疑似源历史段符号/量纲伪影，须回源确证
2026-09-23,001872,2003-07-01,-2.800,-2.640,-2.800,-2.670,,0.110,3.9600,5008,7759978.00,,AKSHARE,close_negative,主板,2000-2009,1549.5164,全史负价（源侧缺陷）。OHLC 整体为负但列间比例自洽→疑似源历史段符号/量纲伪影，须回源确证
2026-09-23,001872,2003-07-02,-2.710,-2.670,-2.780,-2.670,,,,1425,2193730.75,,AKSHARE,close_negative,主板,2000-2009,1539.4602,全史负价（源侧缺陷）。OHLC 整体为负但列间比例自洽→疑似源历史段符号/量纲伪影，须回源确证
2026-09-23,001872,2003-07-03,-2.670,-2.400,-2.710,-2.480,,0.190,7.1200,10281,16268576.00,,AKSHARE,close_negative,主板,2000-2009,1582.3924,全史负价（源侧缺陷）。OHLC 整体为负但列间比例自洽→疑似源历史段符号/量纲伪影，须回源确证
2026-09-23,001872,2003-07-04,-2.480,-2.030,-2.510,-2.190,,0.290,11.6900,21844,35667784.00,,AKSHARE,close_negative,主板,2000-2009,1632.8412,全史负价（源侧缺陷）。OHLC 整体为负但列间比例自洽→疑似源历史段符号/量纲伪影，须回源确证
2026-09-23,001872,2003-07-07,-2.100,-2.050,-2.200,-2.170,,0.020,0.9100,11139,18443740.00,,AKSHARE,close_negative,主板,2000-2009,1655.7806,全史负价（源侧缺陷）。OHLC 整体为负但列间比例自洽→疑似源历史段符号/量纲伪影，须回源确证
2026-09-23,001872,2003-07-08,-2.210,-2.090,-2.300,-2.220,,-0.050,-2.3000,6341,10371676.00,,AKSHARE,close_negative,主板,2000-2009,1635.6531,全史负价（源侧缺陷）。OHLC 整体为负但列间比例自洽→疑似源历史段符号/量纲伪影，须回源确证
2026-09-23,001872,2003-07-09,-2.230,-2.100,-2.290,-2.200,,0.020,0.9000,3634,5961243.00,,AKSHARE,close_negative,主板,2000-2009,1640.4081,全史负价（源侧缺陷）。OHLC 整体为负但列间比例自洽→疑似源历史段符号/量纲伪影，须回源确证
2026-09-23,001872,2003-07-10,-2.170,-1.720,-2.200,-1.920,,0.280,12.7300,15470,26183118.00,,AKSHARE,close_negative,主板,2000-2009,1692.5092,全史负价（源侧缺陷）。OHLC 整体为负但列间比例自洽→疑似源历史段符号/量纲伪影，须回源确证
2026-09-23,001872,2003-07-11,-1.930,-1.920,-2.080,-1.950,,-0.030,-1.5600,5417,9078533.00,,AKSHARE,close_negative,主板,2000-2009,1675.9337,全史负价（源侧缺陷）。OHLC 整体为负但列间比例自洽→疑似源历史段符号/量纲伪影，须回源确证
2026-09-23,001872,2003-07-14,-1.970,-1.720,-2.050,-1.770,,0.180,9.2300,6263,10672504.00,,AKSHARE,close_negative,主板,2000-2009,1704.0562,全史负价（源侧缺陷）。OHLC 整体为负但列间比例自洽→疑似源历史段符号/量纲伪影，须回源确证
2026-09-23,001872,2003-07-15,-1.760,-1.670,-1.920,-1.860,,-0.090,-5.0800,6896,11748361.00,,AKSHARE,close_negative,主板,2000-2009,1703.6486,全史负价（源侧缺陷）。OHLC 整体为负但列间比例自洽→疑似源历史段符号/量纲伪影，须回源确证
2026-09-23,001872,2003-07-16,-1.880,-1.720,-1.880,-1.840,,0.020,1.0800,3985,6805271.50,,AKSHARE,close_negative,主板,2000-2009,1707.7218,全史负价（源侧缺陷）。OHLC 整体为负但列间比例自洽→疑似源历史段符号/量纲伪影，须回源确证
2026-09-23,001872,2003-07-17,-1.810,-1.510,-1.860,-1.630,,0.210,11.4100,12380,21386638.00,,AKSHARE,close_negative,主板,2000-2009,1727.5152,全史负价（源侧缺陷）。OHLC 整体为负但列间比例自洽→疑似源历史段符号/量纲伪影，须回源确证
2026-09-23,001872,2003-07-18,-1.630,-1.290,-1.760,-1.590,,0.040,2.4500,18088,32026980.00,,AKSHARE,close_negative,主板,2000-2009,1770.6203,全史负价（源侧缺陷）。OHLC 整体为负但列间比例自洽→疑似源历史段符号/量纲伪影，须回源确证
2026-09-23,001872,2003-07-21,-1.600,-1.160,-1.650,-1.320,,0.270,16.9800,18777,33767432.00,,AKSHARE,close_negative,主板,2000-2009,1798.3401,全史负价（源侧缺陷）。OHLC 整体为负但列间比例自洽→疑似源历史段符号/量纲伪影，须回源确证
2026-09-23,001872,2003-07-22,-1.060,-1.060,-1.660,-1.630,,-0.310,-23.4800,16299,28836198.00,,AKSHARE,close_negative,主板,2000-2009,1769.2004,全史负价（源侧缺陷）。OHLC 整体为负但列间比例自洽→疑似源历史段符号/量纲伪影，须回源确证
2026-09-23,001872,2003-07-23,-1.620,-1.500,-1.880,-1.720,,-0.090,-5.5200,14330,24554176.00,,AKSHARE,close_negative,主板,2000-2009,1713.4805,全史负价（源侧缺陷）。OHLC 整体为负但列间比例自洽→疑似源历史段符号/量纲伪影，须回源确证
2026-09-23,001872,2003-07-24,-1.710,-1.470,-1.820,-1.630,,0.090,5.2300,7339,12563934.00,,AKSHARE,close_negative,主板,2000-2009,1711.9409,全史负价（源侧缺陷）。OHLC 整体为负但列间比例自洽→疑似源历史段符号/量纲伪影，须回源确证
2026-09-23,001872,2003-07-25,-1.640,-1.620,-1.810,-1.760,,-0.130,-7.9800,8565,14499743.00,,AKSHARE,close_negative,主板,2000-2009,1692.9064,全史负价（源侧缺陷）。OHLC 整体为负但列间比例自洽→疑似源历史段符号/量纲伪影，须回源确证
2026-09-23,001872,2003-07-28,-1.830,-1.660,-1.870,-1.760,,,,4548,7697221.00,,AKSHARE,close_negative,主板,2000-2009,1692.4409,全史负价（源侧缺陷）。OHLC 整体为负但列间比例自洽→疑似源历史段符号/量纲伪影，须回源确证
2026-09-23,001872,2003-07-29,-1.760,-1.620,-1.810,-1.700,,0.060,3.4100,2709,4606911.00,,AKSHARE,close_negative,主板,2000-2009,1700.5947,全史负价（源侧缺陷）。OHLC 整体为负但列间比例自洽→疑似源历史段符号/量纲伪影，须回源确证
2026-09-23,001872,2003-07-30,-1.680,-1.560,-1.710,-1.610,,0.090,5.2900,3854,6618110.00,,AKSHARE,close_negative,主板,2000-2009,1717.2055,全史负价（源侧缺陷）。OHLC 整体为负但列间比例自洽→疑似源历史段符号/量纲伪影，须回源确证
2026-09-23,001872,2003-07-31,-1.600,-1.590,-1.710,-1.620,,-0.010,-0.6200,2856,4879626.50,,AKSHARE,close_negative,主板,2000-2009,1708.5527,全史负价（源侧缺陷）。OHLC 整体为负但列间比例自洽→疑似源历史段符号/量纲伪影，须回源确证
2026-09-23,001872,2003-08-01,-1.660,-1.560,-1.710,-1.640,,-0.020,-1.2300,5206,8907946.00,,AKSHARE,close_negative,主板,2000-2009,1711.0922,全史负价（源侧缺陷）。OHLC 整体为负但列间比例自洽→疑似源历史段符号/量纲伪影，须回源确证
2026-09-23,001872,2003-08-04,-1.640,-1.450,-1.690,-1.490,,0.150,9.1500,3963,6851380.00,,AKSHARE,close_negative,主板,2000-2009,1728.8367,全史负价（源侧缺陷）。OHLC 整体为负但列间比例自洽→疑似源历史段符号/量纲伪影，须回源确证
2026-09-23,001872,2003-08-05,-1.490,-1.450,-1.570,-1.560,,-0.070,-4.7000,1875,3248241.75,,AKSHARE,close_negative,主板,2000-2009,1732.3956,全史负价（源侧缺陷）。OHLC 整体为负但列间比例自洽→疑似源历史段符号/量纲伪影，须回源确证
2026-09-23,001872,2003-08-06,-1.560,-1.560,-1.640,-1.620,,-0.060,-3.8500,4327,7432842.50,,AKSHARE,close_negative,主板,2000-2009,1717.782,全史负价（源侧缺陷）。OHLC 整体为负但列间比例自洽→疑似源历史段符号/量纲伪影，须回源确证
2026-09-23,001872,2003-08-07,-1.680,-1.630,-1.790,-1.770,,-0.150,-9.2600,5309,9001393.00,,AKSHARE,close_negative,主板,2000-2009,1695.4969,全史负价（源侧缺陷）。OHLC 整体为负但列间比例自洽→疑似源历史段符号/量纲伪影，须回源确证
2026-09-23,001872,2003-08-08,-1.790,-1.790,-1.970,-1.910,,-0.140,-7.9100,7879,13118846.00,,AKSHARE,close_negative,主板,2000-2009,1665.0395,全史负价（源侧缺陷）。OHLC 整体为负但列间比例自洽→疑似源历史段符号/量纲伪影，须回源确证
2026-09-23,001872,2003-08-11,-1.920,-1.920,-2.130,-2.040,,-0.130,-6.8100,4678,7650978.00,,AKSHARE,close_negative,主板,2000-2009,1635.5233,全史负价（源侧缺陷）。OHLC 整体为负但列间比例自洽→疑似源历史段符号/量纲伪影，须回源确证
2026-09-23,001872,2003-08-12,-2.080,-1.870,-2.080,-1.970,,0.070,3.4300,3022,4982153.00,,AKSHARE,close_negative,主板,2000-2009,1648.6277,全史负价（源侧缺陷）。OHLC 整体为负但列间比例自洽→疑似源历史段符号/量纲伪影，须回源确证
2026-09-23,001872,2003-08-13,-1.870,-1.870,-2.080,-2.050,,-0.080,-4.0600,3402,5563685.50,,AKSHARE,close_negative,主板,2000-2009,1635.4161,全史负价（源侧缺陷）。OHLC 整体为负但列间比例自洽→疑似源历史段符号/量纲伪影，须回源确证
2026-09-23,001872,2003-08-14,-2.140,-2.060,-2.350,-2.330,,-0.280,-13.6600,7845,12588154.00,,AKSHARE,close_negative,主板,2000-2009,1604.6085,全史负价（源侧缺陷）。OHLC 整体为负但列间比例自洽→疑似源历史段符号/量纲伪影，须回源确证
2026-09-23,001872,2003-08-15,-2.350,-2.200,-2.350,-2.290,,0.040,1.7200,3738,5955551.00,,AKSHARE,close_negative,主板,2000-2009,1593.2453,全史负价（源侧缺陷）。OHLC 整体为负但列间比例自洽→疑似源历史段符号/量纲伪影，须回源确证
2026-09-23,001872,2003-08-18,-2.210,-2.140,-2.270,-2.210,,0.080,3.4900,1994,3206577.75,,AKSHARE,close_negative,主板,2000-2009,1608.1132,全史负价（源侧缺陷）。OHLC 整体为负但列间比例自洽→疑似源历史段符号/量纲伪影，须回源确证
2026-09-23,001872,2003-08-19,-2.190,-2.090,-2.190,-2.130,,0.080,3.6200,2930,4758742.50,,AKSHARE,close_negative,主板,2000-2009,1624.1442,全史负价（源侧缺陷）。OHLC 整体为负但列间比例自洽→疑似源历史段符号/量纲伪影，须回源确证
2026-09-23,001872,2003-08-20,-2.100,-2.100,-2.240,-2.120,,0.010,0.4700,2072,3333446.75,,AKSHARE,close_negative,主板,2000-2009,1608.8063,全史负价（源侧缺陷）。OHLC 整体为负但列间比例自洽→疑似源历史段符号/量纲伪影，须回源确证
2026-09-23,001872,2003-08-21,-2.210,-2.070,-2.220,-2.130,,-0.010,-0.4700,1415,2288111.75,,AKSHARE,close_negative,主板,2000-2009,1617.0401,全史负价（源侧缺陷）。OHLC 整体为负但列间比例自洽→疑似源历史段符号/量纲伪影，须回源确证
2026-09-23,001872,2003-08-22,-2.190,-1.960,-2.200,-2.000,,0.130,6.1000,2539,4169065.25,,AKSHARE,close_negative,主板,2000-2009,1642.0107,全史负价（源侧缺陷）。OHLC 整体为负但列间比例自洽→疑似源历史段符号/量纲伪影，须回源确证
2026-09-23,001872,2003-08-25,-2.060,-1.960,-2.100,-1.980,,0.020,1.0000,2439,4015357.25,,AKSHARE,close_negative,主板,2000-2009,1646.3129,全史负价（源侧缺陷）。OHLC 整体为负但列间比例自洽→疑似源历史段符号/量纲伪影，须回源确证
2026-09-23,001872,2003-08-26,-2.000,-1.790,-2.000,-1.790,,0.190,9.6000,3784,6302275.50,,AKSHARE,close_negative,主板,2000-2009,1665.5062,全史负价（源侧缺陷）。OHLC 整体为负但列间比例自洽→疑似源历史段符号/量纲伪影，须回源确证
2026-09-23,001872,2003-08-27,-1.790,-1.790,-1.920,-1.910,,-0.120,-6.7000,933,1557070.00,,AKSHARE,close_negative,主板,2000-2009,1668.8853,全史负价（源侧缺陷）。OHLC 整体为负但列间比例自洽→疑似源历史段符号/量纲伪影，须回源确证
2026-09-23,001872,2003-08-28,-2.010,-1.830,-2.010,-1.960,,-0.050,-2.6200,1602,2660705.50,,AKSHARE,close_negative,主板,2000-2009,1660.8649,全史负价（源侧缺陷）。OHLC 整体为负但列间比例自洽→疑似源历史段符号/量纲伪影，须回源确证
2026-09-23,001872,2003-08-29,-2.000,-1.880,-2.000,-1.920,,0.040,2.0400,2495,4123495.50,,AKSHARE,close_negative,主板,2000-2009,1652.7036,全史负价（源侧缺陷）。OHLC 整体为负但列间比例自洽→疑似源历史段符号/量纲伪影，须回源确证
2026-09-23,001872,2003-09-01,-1.920,-1.770,-1.970,-1.770,,0.150,7.8100,1564,2618760.75,,AKSHARE,close_negative,主板,2000-2009,1674.3995,全史负价（源侧缺陷）。OHLC 整体为负但列间比例自洽→疑似源历史段符号/量纲伪影，须回源确证
2026-09-23,001872,2003-09-02,-1.770,-1.760,-1.860,-1.850,,-0.080,-4.5200,1661,2788851.00,,AKSHARE,close_negative,主板,2000-2009,1679.0193,全史负价（源侧缺陷）。OHLC 整体为负但列间比例自洽→疑似源历史段符号/量纲伪影，须回源确证
2026-09-23,001872,2003-09-03,-1.730,-1.730,-1.910,-1.820,,0.030,1.6200,850,1422093.50,,AKSHARE,close_negative,主板,2000-2009,1673.0512,全史负价（源侧缺陷）。OHLC 整体为负但列间比例自洽→疑似源历史段符号/量纲伪影，须回源确证
2026-09-23,001872,2003-09-04,-1.900,-1.790,-1.960,-1.960,,-0.140,-7.6900,1868,3109408.50,,AKSHARE,close_negative,主板,2000-2009,1664.5656,全史负价（源侧缺陷）。OHLC 整体为负但列间比例自洽→疑似源历史段符号/量纲伪影，须回源确证
2026-09-23,001872,2003-09-05,-1.980,-1.890,-2.010,-1.980,,-0.020,-1.0200,1741,2873428.00,,AKSHARE,close_negative,主板,2000-2009,1650.4469,全史负价（源侧缺陷）。OHLC 整体为负但列间比例自洽→疑似源历史段符号/量纲伪影，须回源确证
2026-09-23,001872,2003-09-08,-1.980,-1.980,-2.080,-2.030,,-0.050,-2.5300,3439,5637432.00,,AKSHARE,close_negative,主板,2000-2009,1639.2649,全史负价（源侧缺陷）。OHLC 整体为负但列间比例自洽→疑似源历史段符号/量纲伪影，须回源确证
2026-09-23,001872,2003-09-09,-2.050,-2.020,-2.080,-2.030,,,,3099,5072221.50,,AKSHARE,close_negative,主板,2000-2009,1636.7285,全史负价（源侧缺陷）。OHLC 整体为负但列间比例自洽→疑似源历史段符号/量纲伪影，须回源确证
2026-09-23,001872,2003-09-10,-2.040,-2.010,-2.050,-2.040,,-0.010,-0.4900,3571,5854251.00,,AKSHARE,close_negative,主板,2000-2009,1639.387,全史负价（源侧缺陷）。OHLC 整体为负但列间比例自洽→疑似源历史段符号/量纲伪影，须回源确证
2026-09-23,001872,2003-09-11,-2.040,-1.980,-2.040,-2.000,,0.040,1.9600,911,1493837.75,,AKSHARE,close_negative,主板,2000-2009,1639.778,全史负价（源侧缺陷）。OHLC 整体为负但列间比例自洽→疑似源历史段符号/量纲伪影，须回源确证
2026-09-23,001872,2003-09-12,-2.030,-1.980,-2.060,-2.040,,-0.040,-2.0000,1811,2975360.00,,AKSHARE,close_negative,主板,2000-2009,1642.9376,全史负价（源侧缺陷）。OHLC 整体为负但列间比例自洽→疑似源历史段符号/量纲伪影，须回源确证
2026-09-23,001872,2003-09-15,-1.980,-1.980,-2.110,-2.080,,-0.040,-1.9600,3656,5969181.50,,AKSHARE,close_negative,主板,2000-2009,1632.7083,全史负价（源侧缺陷）。OHLC 整体为负但列间比例自洽→疑似源历史段符号/量纲伪影，须回源确证
2026-09-23,001872,2003-09-16,-2.130,-2.100,-2.290,-2.220,,-0.140,-6.7300,7867,12608387.00,,AKSHARE,close_negative,主板,2000-2009,1602.6931,全史负价（源侧缺陷）。OHLC 整体为负但列间比例自洽→疑似源历史段符号/量纲伪影，须回源确证
2026-09-23,001872,2003-09-17,-2.210,-2.150,-2.290,-2.290,,-0.070,-3.1500,2563,4095185.00,,AKSHARE,close_negative,主板,2000-2009,1597.8092,全史负价（源侧缺陷）。OHLC 整体为负但列间比例自洽→疑似源历史段符号/量纲伪影，须回源确证
2026-09-23,001872,2003-09-18,-2.290,-2.180,-2.350,-2.220,,0.070,3.0600,2669,4255197.00,,AKSHARE,close_negative,主板,2000-2009,1594.3039,全史负价（源侧缺陷）。OHLC 整体为负但列间比例自洽→疑似源历史段符号/量纲伪影，须回源确证
2026-09-23,001872,2003-09-19,-2.220,-2.150,-2.310,-2.260,,-0.040,-1.8000,1461,2338232.00,,AKSHARE,close_negative,主板,2000-2009,1600.4326,全史负价（源侧缺陷）。OHLC 整体为负但列间比例自洽→疑似源历史段符号/量纲伪影，须回源确证
2026-09-23,001872,2003-09-22,-2.140,-2.140,-2.260,-2.250,,0.010,0.4400,1923,3079606.25,,AKSHARE,close_negative,主板,2000-2009,1601.4593,全史负价（源侧缺陷）。OHLC 整体为负但列间比例自洽→疑似源历史段符号/量纲伪影，须回源确证
2026-09-23,001872,2003-09-23,-2.250,-2.200,-2.340,-2.230,,0.020,0.8900,1331,2132691.00,,AKSHARE,close_negative,主板,2000-2009,1602.3223,全史负价（源侧缺陷）。OHLC 整体为负但列间比例自洽→疑似源历史段符号/量纲伪影，须回源确证
2026-09-23,001872,2003-09-24,-2.250,-2.090,-2.250,-2.170,,0.060,2.6900,3702,5973632.00,,AKSHARE,close_negative,主板,2000-2009,1613.6229,全史负价（源侧缺陷）。OHLC 整体为负但列间比例自洽→疑似源历史段符号/量纲伪影，须回源确证
2026-09-23,001872,2003-09-25,-2.190,-2.180,-2.280,-2.250,,-0.080,-3.6900,2892,4633461.00,,AKSHARE,close_negative,主板,2000-2009,1602.1649,全史负价（源侧缺陷）。OHLC 整体为负但列间比例自洽→疑似源历史段符号/量纲伪影，须回源确证
2026-09-23,001872,2003-09-26,-2.200,-2.190,-2.270,-2.230,,0.020,0.8900,1381,2209568.50,,AKSHARE,close_negative,主板,2000-2009,1599.9772,全史负价（源侧缺陷）。OHLC 整体为负但列间比例自洽→疑似源历史段符号/量纲伪影，须回源确证
2026-09-23,001872,2003-09-29,-2.340,-2.320,-2.780,-2.390,,-0.160,-7.1700,3265,5111702.00,,AKSHARE,close_negative,主板,2000-2009,1565.6055,全史负价（源侧缺陷）。OHLC 整体为负但列间比例自洽→疑似源历史段符号/量纲伪影，须回源确证
2026-09-23,001872,2003-09-30,-2.490,-2.190,-2.490,-2.270,,0.120,5.0200,1430,2276441.75,,AKSHARE,close_negative,主板,2000-2009,1591.9173,全史负价（源侧缺陷）。OHLC 整体为负但列间比例自洽→疑似源历史段符号/量纲伪影，须回源确证
2026-09-23,001872,2003-10-08,-2.350,-2.170,-2.390,-2.280,,-0.010,-0.4400,822,1312070.00,,AKSHARE,close_negative,主板,2000-2009,1596.1922,全史负价（源侧缺陷）。OHLC 整体为负但列间比例自洽→疑似源历史段符号/量纲伪影，须回源确证
2026-09-23,001872,2003-10-09,-2.150,-2.030,-2.250,-2.180,,0.100,4.3900,1506,2423275.50,,AKSHARE,close_negative,主板,2000-2009,1609.0807,全史负价（源侧缺陷）。OHLC 整体为负但列间比例自洽→疑似源历史段符号/量纲伪影，须回源确证
2026-09-23,001872,2003-10-10,-2.260,-1.980,-2.260,-2.000,,0.180,8.2600,4083,6635302.50,,AKSHARE,close_negative,主板,2000-2009,1625.1047,全史负价（源侧缺陷）。OHLC 整体为负但列间比例自洽→疑似源历史段符号/量纲伪影，须回源确证
2026-09-23,001872,2003-10-13,-1.930,-1.820,-2.080,-2.070,,-0.070,-3.5000,3304,5484908.00,,AKSHARE,close_negative,主板,2000-2009,1660.0811,全史负价（源侧缺陷）。OHLC 整体为负但列间比例自洽→疑似源历史段符号/量纲伪影，须回源确证
2026-09-23,001872,2003-10-14,-1.980,-1.980,-2.170,-2.040,,0.030,1.4500,2746,4473079.00,,AKSHARE,close_negative,主板,2000-2009,1628.9436,全史负价（源侧缺陷）。OHLC 整体为负但列间比例自洽→疑似源历史段符号/量纲伪影，须回源确证
2026-09-23,001872,2003-10-15,-2.030,-1.950,-2.100,-2.060,,-0.020,-0.9800,1309,2157875.25,,AKSHARE,close_negative,主板,2000-2009,1648.4914,全史负价（源侧缺陷）。OHLC 整体为负但列间比例自洽→疑似源历史段符号/量纲伪影，须回源确证
2026-09-23,001872,2003-10-16,-2.030,-1.980,-2.240,-2.130,,-0.070,-3.4000,987,1601025.50,,AKSHARE,close_negative,主板,2000-2009,1622.113,全史负价（源侧缺陷）。OHLC 整体为负但列间比例自洽→疑似源历史段符号/量纲伪影，须回源确证
2026-09-23,001872,2003-10-17,-2.160,-2.080,-2.220,-2.150,,-0.020,-0.9400,605,977617.69,,AKSHARE,close_negative,主板,2000-2009,1615.897,全史负价（源侧缺陷）。OHLC 整体为负但列间比例自洽→疑似源历史段符号/量纲伪影，须回源确证
2026-09-23,001872,2003-10-20,-2.190,-2.140,-2.240,-2.190,,-0.040,-1.8600,752,1212400.12,,AKSHARE,close_negative,主板,2000-2009,1612.2342,全史负价（源侧缺陷）。OHLC 整体为负但列间比例自洽→疑似源历史段符号/量纲伪影，须回源确证
2026-09-23,001872,2003-10-21,-2.190,-2.190,-2.260,-2.220,,-0.030,-1.3700,496,794967.69,,AKSHARE,close_negative,主板,2000-2009,1602.7574,全史负价（源侧缺陷）。OHLC 整体为负但列间比例自洽→疑似源历史段符号/量纲伪影，须回源确证
2026-09-23,001872,2003-10-22,-2.040,-2.000,-2.210,-2.060,,0.160,7.2100,1340,2184091.50,,AKSHARE,close_negative,主板,2000-2009,1629.919,全史负价（源侧缺陷）。OHLC 整体为负但列间比例自洽→疑似源历史段符号/量纲伪影，须回源确证
2026-09-23,001872,2003-10-23,-2.000,-2.000,-2.230,-2.210,,-0.150,-7.2800,2094,3418750.00,,AKSHARE,close_negative,主板,2000-2009,1632.6409,全史负价（源侧缺陷）。OHLC 整体为负但列间比例自洽→疑似源历史段符号/量纲伪影，须回源确证
2026-09-23,001872,2003-10-24,-2.210,-2.080,-2.220,-2.110,,0.100,4.5200,485,786661.56,,AKSHARE,close_negative,主板,2000-2009,1621.9826,全史负价（源侧缺陷）。OHLC 整体为负但列间比例自洽→疑似源历史段符号/量纲伪影，须回源确证
2026-09-23,001872,2003-10-27,-2.160,-2.030,-2.160,-2.110,,,,1066,1731452.25,,AKSHARE,close_negative,主板,2000-2009,1624.2516,全史负价（源侧缺陷）。OHLC 整体为负但列间比例自洽→疑似源历史段符号/量纲伪影，须回源确证
2026-09-23,001872,2003-10-28,-2.160,-1.770,-2.160,-1.830,,0.280,13.2700,6907,11533847.00,,AKSHARE,close_negative,主板,2000-2009,1669.8779,全史负价（源侧缺陷）。OHLC 整体为负但列间比例自洽→疑似源历史段符号/量纲伪影，须回源确证
2026-09-23,001872,2003-10-29,-1.810,-1.680,-1.830,-1.680,,0.150,8.2000,8922,15118154.00,,AKSHARE,close_negative,主板,2000-2009,1694.4804,全史负价（源侧缺陷）。OHLC 整体为负但列间比例自洽→疑似源历史段符号/量纲伪影，须回源确证
2026-09-23,001872,2003-10-30,-1.610,-1.440,-1.710,-1.570,,0.110,6.5500,5299,9136019.00,,AKSHARE,close_negative,主板,2000-2009,1724.1025,全史负价（源侧缺陷）。OHLC 整体为负但列间比例自洽→疑似源历史段符号/量纲伪影，须回源确证
2026-09-23,001872,2003-10-31,-1.580,-1.490,-1.650,-1.600,,-0.030,-1.9100,5271,9099956.00,,AKSHARE,close_negative,主板,2000-2009,1726.4193,全史负价（源侧缺陷）。OHLC 整体为负但列间比例自洽→疑似源历史段符号/量纲伪影，须回源确证
2026-09-23,001872,2003-11-03,-1.650,-1.440,-1.710,-1.480,,0.120,7.5000,2483,4274306.50,,AKSHARE,close_negative,主板,2000-2009,1721.4283,全史负价（源侧缺陷）。OHLC 整体为负但列间比例自洽→疑似源历史段符号/量纲伪影，须回源确证
2026-09-23,001872,2003-11-04,-1.480,-1.160,-1.550,-1.380,,0.100,6.7600,6502,11516389.00,,AKSHARE,close_negative,主板,2000-2009,1771.2072,全史负价（源侧缺陷）。OHLC 整体为负但列间比例自洽→疑似源历史段符号/量纲伪影，须回源确证
2026-09-23,001872,2003-11-05,-1.380,-1.250,-1.490,-1.470,,-0.090,-6.5200,3621,6352574.50,,AKSHARE,close_negative,主板,2000-2009,1754.3702,全史负价（源侧缺陷）。OHLC 整体为负但列间比例自洽→疑似源历史段符号/量纲伪影，须回源确证
2026-09-23,001872,2003-11-06,-1.520,-1.380,-1.650,-1.400,,0.070,4.7600,3818,6636037.00,,AKSHARE,close_negative,主板,2000-2009,1738.0925,全史负价（源侧缺陷）。OHLC 整体为负但列间比例自洽→疑似源历史段符号/量纲伪影，须回源确证
2026-09-23,001872,2003-11-07,-1.410,-1.360,-1.560,-1.390,,0.010,0.7100,5110,8898249.00,,AKSHARE,close_negative,主板,2000-2009,1741.3403,全史负价（源侧缺陷）。OHLC 整体为负但列间比例自洽→疑似源历史段符号/量纲伪影，须回源确证
2026-09-23,001872,2003-11-10,-1.380,-1.130,-1.380,-1.170,,0.220,15.8300,9108,16326236.00,,AKSHARE,close_negative,主板,2000-2009,1792.516,全史负价（源侧缺陷）。OHLC 整体为负但列间比例自洽→疑似源历史段符号/量纲伪影，须回源确证
2026-09-23,001872,2003-11-11,-1.160,-1.130,-1.330,-1.270,,-0.100,-8.5500,6577,11697012.00,,AKSHARE,close_negative,主板,2000-2009,1778.4723,全史负价（源侧缺陷）。OHLC 整体为负但列间比例自洽→疑似源历史段符号/量纲伪影，须回源确证
2026-09-23,001872,2003-11-12,-1.420,-1.260,-1.520,-1.500,,-0.230,-18.1100,3475,6058791.00,,AKSHARE,close_negative,主板,2000-2009,1743.537,全史负价（源侧缺陷）。OHLC 整体为负但列间比例自洽→疑似源历史段符号/量纲伪影，须回源确证
2026-09-23,001872,2003-11-13,-1.560,-1.360,-1.700,-1.470,,0.030,2.0000,3539,6175128.00,,AKSHARE,close_negative,主板,2000-2009,1744.8793,全史负价（源侧缺陷）。OHLC 整体为负但列间比例自洽→疑似源历史段符号/量纲伪影，须回源确证
2026-09-23,001872,2003-11-14,-1.600,-1.440,-1.600,-1.450,,0.020,1.3600,1015,1767418.00,,AKSHARE,close_negative,主板,2000-2009,1741.2985,全史负价（源侧缺陷）。OHLC 整体为负但列间比例自洽→疑似源历史段符号/量纲伪影，须回源确证
2026-09-23,001872,2003-11-17,-1.480,-1.450,-1.570,-1.530,,-0.080,-5.5200,1430,2475306.50,,AKSHARE,close_negative,主板,2000-2009,1730.9836,全史负价（源侧缺陷）。OHLC 整体为负但列间比例自洽→疑似源历史段符号/量纲伪影，须回源确证
2026-09-23,001872,2003-11-18,-1.450,-1.450,-1.760,-1.720,,-0.190,-12.4200,3531,6042703.00,,AKSHARE,close_negative,主板,2000-2009,1711.3291,全史负价（源侧缺陷）。OHLC 整体为负但列间比例自洽→疑似源历史段符号/量纲伪影，须回源确证
2026-09-23,001872,2003-11-19,-1.790,-1.720,-1.870,-1.790,,-0.070,-4.0700,1801,3039063.75,,AKSHARE,close_negative,主板,2000-2009,1687.4313,全史负价（源侧缺陷）。OHLC 整体为负但列间比例自洽→疑似源历史段符号/量纲伪影，须回源确证
2026-09-23,001872,2003-11-20,-1.780,-1.560,-1.820,-1.680,,0.110,6.1500,1328,2254502.00,,AKSHARE,close_negative,主板,2000-2009,1697.6672,全史负价（源侧缺陷）。OHLC 整体为负但列间比例自洽→疑似源历史段符号/量纲伪影，须回源确证
2026-09-23,001872,2003-11-21,-1.730,-1.570,-1.860,-1.780,,-0.100,-5.9500,3418,5782857.50,,AKSHARE,close_negative,主板,2000-2009,1691.8834,全史负价（源侧缺陷）。OHLC 整体为负但列间比例自洽→疑似源历史段符号/量纲伪影，须回源确证
2026-09-23,001872,2003-11-24,-1.780,-1.400,-1.780,-1.590,,0.190,10.6700,1380,2375481.25,,AKSHARE,close_negative,主板,2000-2009,1721.3632,全史负价（源侧缺陷）。OHLC 整体为负但列间比例自洽→疑似源历史段符号/量纲伪影，须回源确证
2026-09-23,001872,2003-11-25,-1.540,-1.490,-1.680,-1.610,,-0.020,-1.2600,2534,4354942.50,,AKSHARE,close_negative,主板,2000-2009,1718.604,全史负价（源侧缺陷）。OHLC 整体为负但列间比例自洽→疑似源历史段符号/量纲伪影，须回源确证
2026-09-23,001872,2003-11-26,-1.550,-1.550,-1.640,-1.610,,,,2138,3674340.00,,AKSHARE,close_negative,主板,2000-2009,1718.5875,全史负价（源侧缺陷）。OHLC 整体为负但列间比例自洽→疑似源历史段符号/量纲伪影，须回源确证
2026-09-23,001872,2003-11-27,-1.620,-1.620,-1.730,-1.720,,-0.110,-6.8300,2343,3991053.25,,AKSHARE,close_negative,主板,2000-2009,1703.3945,全史负价（源侧缺陷）。OHLC 整体为负但列间比例自洽→疑似源历史段符号/量纲伪影，须回源确证
2026-09-23,001872,2003-11-28,-1.710,-1.710,-1.790,-1.730,,-0.010,-0.5800,1326,2238235.50,,AKSHARE,close_negative,主板,2000-2009,1687.9604,全史负价（源侧缺陷）。OHLC 整体为负但列间比例自洽→疑似源历史段符号/量纲伪影，须回源确证
2026-09-23,001872,2003-12-01,-1.770,-1.550,-1.770,-1.570,,0.160,9.2500,1112,1913421.75,,AKSHARE,close_negative,主板,2000-2009,1720.703,全史负价（源侧缺陷）。OHLC 整体为负但列间比例自洽→疑似源历史段符号/量纲伪影，须回源确证
2026-09-23,001872,2003-12-02,-1.570,-1.450,-1.660,-1.550,,0.020,1.2700,6372,11018450.00,,AKSHARE,close_negative,主板,2000-2009,1729.1981,全史负价（源侧缺陷）。OHLC 整体为负但列间比例自洽→疑似源历史段符号/量纲伪影，须回源确证
2026-09-23,001872,2003-12-03,-1.490,-1.470,-1.550,-1.530,,0.020,1.2900,2019,3506650.50,,AKSHARE,close_negative,主板,2000-2009,1736.8254,全史负价（源侧缺陷）。OHLC 整体为负但列间比例自洽→疑似源历史段符号/量纲伪影，须回源确证
2026-09-23,001872,2003-12-04,-1.550,-1.500,-1.610,-1.510,,0.020,1.3100,4178,7230691.50,,AKSHARE,close_negative,主板,2000-2009,1730.6586,全史负价（源侧缺陷）。OHLC 整体为负但列间比例自洽→疑似源历史段符号/量纲伪影，须回源确证
2026-09-23,001872,2003-12-05,-1.560,-1.550,-1.650,-1.550,,-0.040,-2.6500,2858,4915961.50,,AKSHARE,close_negative,主板,2000-2009,1720.0705,全史负价（源侧缺陷）。OHLC 整体为负但列间比例自洽→疑似源历史段符号/量纲伪影，须回源确证
2026-09-23,001872,2003-12-08,-1.470,-1.470,-1.620,-1.610,,-0.060,-3.8700,832,1432019.62,,AKSHARE,close_negative,主板,2000-2009,1721.1774,全史负价（源侧缺陷）。OHLC 整体为负但列间比例自洽→疑似源历史段符号/量纲伪影，须回源确证
2026-09-23,001872,2003-12-09,-1.640,-1.550,-1.680,-1.650,,-0.040,-2.4800,2774,4749250.00,,AKSHARE,close_negative,主板,2000-2009,1712.0584,全史负价（源侧缺陷）。OHLC 整体为负但列间比例自洽→疑似源历史段符号/量纲伪影，须回源确证
2026-09-23,001872,2003-12-10,-1.680,-1.550,-1.710,-1.690,,-0.040,-2.4200,4168,7132532.50,,AKSHARE,close_negative,主板,2000-2009,1711.2602,全史负价（源侧缺陷）。OHLC 整体为负但列间比例自洽→疑似源历史段符号/量纲伪影，须回源确证
2026-09-23,001872,2003-12-11,-1.700,-1.610,-1.710,-1.690,,,,4663,7951790.00,,AKSHARE,close_negative,主板,2000-2009,1705.2949,全史负价（源侧缺陷）。OHLC 整体为负但列间比例自洽→疑似源历史段符号/量纲伪影，须回源确证
2026-09-23,001872,2003-12-12,-1.630,-1.560,-1.690,-1.680,,0.010,0.5900,4405,7523792.50,,AKSHARE,close_negative,主板,2000-2009,1708.0119,全史负价（源侧缺陷）。OHLC 整体为负但列间比例自洽→疑似源历史段符号/量纲伪影，须回源确证
2026-09-23,001872,2003-12-15,-1.650,-1.650,-1.730,-1.680,,,,4673,7963901.00,,AKSHARE,close_negative,主板,2000-2009,1704.2373,全史负价（源侧缺陷）。OHLC 整体为负但列间比例自洽→疑似源历史段符号/量纲伪影，须回源确证
2026-09-23,001872,2003-12-16,-1.680,-1.550,-1.720,-1.550,,0.130,7.7400,2975,5081068.50,,AKSHARE,close_negative,主板,2000-2009,1707.9222,全史负价（源侧缺陷）。OHLC 整体为负但列间比例自洽→疑似源历史段符号/量纲伪影，须回源确证
2026-09-23,001872,2003-12-17,-1.600,-1.510,-1.610,-1.590,,-0.040,-2.5800,2936,5080867.00,,AKSHARE,close_negative,主板,2000-2009,1730.5405,全史负价（源侧缺陷）。OHLC 整体为负但列间比例自洽→疑似源历史段符号/量纲伪影，须回源确证
2026-09-23,001872,2003-12-18,-1.590,-1.490,-1.650,-1.510,,0.080,5.0300,1098,1886452.38,,AKSHARE,close_negative,主板,2000-2009,1718.0805,全史负价（源侧缺陷）。OHLC 整体为负但列间比例自洽→疑似源历史段符号/量纲伪影，须回源确证
2026-09-23,001872,2003-12-19,-1.440,-1.060,-1.440,-1.210,,0.300,19.8700,9699,17414570.00,,AKSHARE,close_negative,主板,2000-2009,1795.5016,全史负价（源侧缺陷）。OHLC 整体为负但列间比例自洽→疑似源历史段符号/量纲伪影，须回源确证
2026-09-23,001872,2003-12-22,-1.200,-1.070,-1.330,-1.120,,0.090,7.4400,4883,8781727.00,,AKSHARE,close_negative,主板,2000-2009,1798.4286,全史负价（源侧缺陷）。OHLC 整体为负但列间比例自洽→疑似源历史段符号/量纲伪影，须回源确证
2026-09-23,001872,2003-12-23,-1.070,-0.970,-1.210,-1.090,,0.030,2.6800,6949,12657905.00,,AKSHARE,close_negative,主板,2000-2009,1821.5434,全史负价（源侧缺陷）。OHLC 整体为负但列间比例自洽→疑似源历史段符号/量纲伪影，须回源确证
2026-09-23,001872,2003-12-24,-1.020,-0.700,-1.030,-0.770,,0.320,29.3600,8692,16196912.00,,AKSHARE,close_negative,主板,2000-2009,1863.4275,全史负价（源侧缺陷）。OHLC 整体为负但列间比例自洽→疑似源历史段符号/量纲伪影，须回源确证
2026-09-23,001872,2003-12-25,-0.740,-0.720,-0.950,-0.870,,-0.100,-12.9900,3935,7290764.00,,AKSHARE,close_negative,主板,2000-2009,1852.799,全史负价（源侧缺陷）。OHLC 整体为负但列间比例自洽→疑似源历史段符号/量纲伪影，须回源确证
2026-09-23,001872,2003-12-26,-0.870,-0.690,-1.000,-0.960,,-0.090,-10.3400,2713,5043614.50,,AKSHARE,close_negative,主板,2000-2009,1859.0544,全史负价（源侧缺陷）。OHLC 整体为负但列间比例自洽→疑似源历史段符号/量纲伪影，须回源确证
2026-09-23,001872,2003-12-29,-1.020,-0.970,-1.160,-1.040,,-0.080,-8.3300,3903,7108679.50,,AKSHARE,close_negative,主板,2000-2009,1821.3373,全史负价（源侧缺陷）。OHLC 整体为负但列间比例自洽→疑似源历史段符号/量纲伪影，须回源确证
2026-09-23,001872,2003-12-30,-0.920,-0.900,-1.120,-0.910,,0.130,12.5000,5255,9658646.00,,AKSHARE,close_negative,主板,2000-2009,1837.9916,全史负价（源侧缺陷）。OHLC 整体为负但列间比例自洽→疑似源历史段符号/量纲伪影，须回源确证
2026-09-23,001872,2003-12-31,-0.980,-0.810,-1.170,-0.990,,-0.080,-8.7900,6349,11618542.00,,AKSHARE,close_negative,主板,2000-2009,1829.9798,全史负价（源侧缺陷）。OHLC 整体为负但列间比例自洽→疑似源历史段符号/量纲伪影，须回源确证
2026-09-23,001872,2004-01-02,-1.150,-0.990,-1.150,-1.120,,-0.130,-13.1300,1803,3273876.75,,AKSHARE,close_negative,主板,2000-2009,1815.7941,全史负价（源侧缺陷）。OHLC 整体为负但列间比例自洽→疑似源历史段符号/量纲伪影，须回源确证
2026-09-23,001872,2004-01-05,-1.170,-0.620,-1.220,-0.670,,0.450,40.1800,6610,12294060.00,,AKSHARE,close_negative,主板,2000-2009,1859.9183,全史负价（源侧缺陷）。OHLC 整体为负但列间比例自洽→疑似源历史段符号/量纲伪影，须回源确证
2026-09-23,001872,2004-01-06,-0.690,-0.690,-0.900,-0.780,,-0.110,-16.4200,2871,5347881.00,,AKSHARE,close_negative,主板,2000-2009,1862.7241,全史负价（源侧缺陷）。OHLC 整体为负但列间比例自洽→疑似源历史段符号/量纲伪影，须回源确证
2026-09-23,001872,2004-01-07,-0.790,-0.710,-0.940,-0.790,,-0.010,-1.2800,5359,10000454.00,,AKSHARE,close_negative,主板,2000-2009,1866.1045,全史负价（源侧缺陷）。OHLC 整体为负但列间比例自洽→疑似源历史段符号/量纲伪影，须回源确证
2026-09-23,001872,2004-01-08,-0.790,-0.270,-0.790,-0.490,,0.300,37.9700,5219,10050363.00,,AKSHARE,close_negative,主板,2000-2009,1925.7258,全史负价（源侧缺陷）。OHLC 整体为负但列间比例自洽→疑似源历史段符号/量纲伪影，须回源确证
2026-09-23,001872,2004-01-09,-0.500,0.080,-0.500,-0.070,,0.420,85.7100,13977,27831116.00,,AKSHARE,close_negative,主板,2000-2009,1991.2081,全史负价（源侧缺陷）。OHLC 整体为负但列间比例自洽→疑似源历史段符号/量纲伪影，须回源确证
2026-09-23,001872,2004-01-30,0.140,0.180,-0.360,-0.260,,-0.400,-285.7100,4654,9291156.00,,AKSHARE,close_negative,主板,2000-2009,1996.3807,全史负价（源侧缺陷）。OHLC 整体为负但列间比例自洽→疑似源历史段符号/量纲伪影，须回源确证
2026-09-23,001872,2004-02-02,-0.260,0.050,-0.460,-0.210,,0.050,19.2300,7012,13927139.00,,AKSHARE,close_negative,主板,2000-2009,1986.1864,全史负价（源侧缺陷）。OHLC 整体为负但列间比例自洽→疑似源历史段符号/量纲伪影，须回源确证
2026-09-23,001872,2004-02-03,-0.400,0.010,-0.400,-0.150,,0.060,28.5700,1306,2587327.75,,AKSHARE,close_negative,主板,2000-2009,1981.1085,全史负价（源侧缺陷）。OHLC 整体为负但列间比例自洽→疑似源历史段符号/量纲伪影，须回源确证
2026-09-23,001872,2004-02-04,-0.080,0.090,-0.150,-0.040,,0.110,73.3300,5056,10205661.00,,AKSHARE,close_negative,主板,2000-2009,2018.5247,全史负价（源侧缺陷）。OHLC 整体为负但列间比例自洽→疑似源历史段符号/量纲伪影，须回源确证
2026-09-23,001872,2004-02-05,-0.030,0.070,-0.150,-0.130,,-0.090,-225.0000,2413,4835065.50,,AKSHARE,close_negative,主板,2000-2009,2003.7569,全史负价（源侧缺陷）。OHLC 整体为负但列间比例自洽→疑似源历史段符号/量纲伪影，须回源确证
2026-09-23,001872,2004-02-06,-0.140,0.120,-0.200,-0.100,,0.030,23.0800,4508,9048127.00,,AKSHARE,close_negative,主板,2000-2009,2007.1267,全史负价（源侧缺陷）。OHLC 整体为负但列间比例自洽→疑似源历史段符号/量纲伪影，须回源确证
2026-09-23,001872,2004-02-10,0.160,0.170,-0.060,-0.020,,-0.070,-140.0000,2361,4767396.50,,AKSHARE,close_negative,主板,2000-2009,2019.2277,全史负价（源侧缺陷）。OHLC 整体为负但列间比例自洽→疑似源历史段符号/量纲伪影，须回源确证
2026-09-23,001872,2004-02-11,-0.050,0.020,-0.170,-0.040,,-0.020,-100.0000,3375,6750931.00,,AKSHARE,close_negative,主板,2000-2009,2000.2759,全史负价（源侧缺陷）。OHLC 整体为负但列间比例自洽→疑似源历史段符号/量纲伪影，须回源确证
2026-09-23,001872,2004-02-13,-0.080,0.180,-0.210,-0.200,,-0.320,-266.6700,11556,23055738.00,,AKSHARE,close_negative,主板,2000-2009,1995.1314,全史负价（源侧缺陷）。OHLC 整体为负但列间比例自洽→疑似源历史段符号/量纲伪影，须回源确证
2026-09-23,001872,2004-02-16,-0.260,-0.150,-0.280,-0.170,,0.030,15.0000,1818,3603776.00,,AKSHARE,close_negative,主板,2000-2009,1982.275,全史负价（源侧缺陷）。OHLC 整体为负但列间比例自洽→疑似源历史段符号/量纲伪影，须回源确证
2026-09-23,001872,2004-02-17,-0.170,0.120,-0.190,-0.030,,0.140,82.3500,6018,12109259.00,,AKSHARE,close_negative,主板,2000-2009,2012.1733,全史负价（源侧缺陷）。OHLC 整体为负但列间比例自洽→疑似源历史段符号/量纲伪影，须回源确证
2026-09-23,001914,1995-04-28,-0.390,-0.320,-0.520,-0.440,,,,10080,8390763.00,,AKSHARE,close_negative,主板,1993-1999,832.417,全史负价（源侧缺陷）。OHLC 整体为负但列间比例自洽→疑似源历史段符号/量纲伪影，须回源确证
2026-09-23,600600,1993-12-23,-7.010,-6.760,-7.010,-6.930,,0.080,1.1400,10235,8323000.00,,AKSHARE,close_negative,主板,1993-1999,813.19,全史负价（源侧缺陷）。OHLC 整体为负但列间比例自洽→疑似源历史段符号/量纲伪影，须回源确证
2026-09-23,600603,1992-03-18,-0.350,-0.350,-0.350,-0.350,,,,50,4400.00,,TENCENT,close_negative,主板,1990-1992,88.0,全史负价（源侧缺陷）。OHLC 整体为负但列间比例自洽→疑似源历史段符号/量纲伪影，须回源确证
2026-09-23,600605,1992-04-29,-0.700,-0.700,-0.700,-0.700,,-0.640,-1066.6700,10,200.00,,TENCENT,close_negative,主板,1990-1992,20.0,全史负价（源侧缺陷）。OHLC 整体为负但列间比例自洽→疑似源历史段符号/量纲伪影，须回源确证
2026-09-23,600605,1992-05-05,-0.700,-0.700,-0.700,-0.700,,,,10,300.00,,TENCENT,close_negative,主板,1990-1992,30.0,全史负价（源侧缺陷）。OHLC 整体为负但列间比例自洽→疑似源历史段符号/量纲伪影，须回源确证
2026-09-23,600605,1992-05-18,-0.670,-0.670,-0.670,-0.670,,0.010,1.4700,10,300.00,,TENCENT,close_negative,主板,1990-1992,30.0,全史负价（源侧缺陷）。OHLC 整体为负但列间比例自洽→疑似源历史段符号/量纲伪影，须回源确证
2026-09-23,600606,1993-12-23,-0.830,-0.780,-0.840,-0.810,,0.010,1.2200,2536,1615000.00,,AKSHARE,close_negative,主板,1993-1999,636.8297,全史负价（源侧缺陷）。OHLC 整体为负但列间比例自洽→疑似源历史段符号/量纲伪影，须回源确证
2026-09-23,600612,1993-12-23,-13.880,-13.700,-13.910,-13.750,,0.120,0.8700,1731,2658300.00,,AKSHARE,close_negative,主板,1993-1999,1535.7019,全史负价（源侧缺陷）。OHLC 整体为负但列间比例自洽→疑似源历史段符号/量纲伪影，须回源确证
2026-09-23,600621,1993-12-23,-0.380,-0.380,-0.410,-0.390,,,,1289,1566399.00,,AKSHARE,close_negative,主板,1993-1999,1215.2048,全史负价（源侧缺陷）。OHLC 整体为负但列间比例自洽→疑似源历史段符号/量纲伪影，须回源确证
2026-09-23,600635,1993-12-23,-0.250,-0.250,-0.260,-0.250,,,,2560,5389700.00,,AKSHARE,close_negative,主板,1993-1999,2105.3516,全史负价（源侧缺陷）。OHLC 整体为负但列间比例自洽→疑似源历史段符号/量纲伪影，须回源确证
2026-09-23,600637,1993-12-23,-0.430,-0.300,-0.440,-0.390,,0.050,11.3600,3194,1881800.00,,AKSHARE,close_negative,主板,1993-1999,589.1672,全史负价（源侧缺陷）。OHLC 整体为负但列间比例自洽→疑似源历史段符号/量纲伪影，须回源确证
2026-09-23,600641,1993-12-23,-0.890,-0.790,-0.890,-0.810,,,,1071,2322900.00,,AKSHARE,close_negative,主板,1993-1999,2168.9076,全史负价（源侧缺陷）。OHLC 整体为负但列间比例自洽→疑似源历史段符号/量纲伪影，须回源确证
2026-09-23,600642,1993-12-23,-2.590,-2.580,-2.600,-2.590,,,,6692,5487700.00,,AKSHARE,close_negative,主板,1993-1999,820.0389,全史负价（源侧缺陷）。OHLC 整体为负但列间比例自洽→疑似源历史段符号/量纲伪影，须回源确证
2026-09-23,600649,1993-12-23,-0.350,-0.280,-0.350,-0.310,,0.020,6.0600,13266,7822800.00,,AKSHARE,close_negative,主板,1993-1999,589.6879,全史负价（源侧缺陷）。OHLC 整体为负但列间比例自洽→疑似源历史段符号/量纲伪影，须回源确证
2026-09-23,600655,1993-12-23,-1.210,-1.180,-1.210,-1.190,,0.010,0.8300,1390,2790800.00,,AKSHARE,close_negative,主板,1993-1999,2007.7698,全史负价（源侧缺陷）。OHLC 整体为负但列间比例自洽→疑似源历史段符号/量纲伪影，须回源确证
2026-09-23,600660,1993-12-23,-12.960,-12.920,-12.960,-12.940,,,,4086,6485100.00,,AKSHARE,close_negative,主板,1993-1999,1587.1512,全史负价（源侧缺陷）。OHLC 整体为负但列间比例自洽→疑似源历史段符号/量纲伪影，须回源确证
2026-09-23,600660,1996-04-29,-12.930,-12.880,-12.930,-12.890,,0.040,0.3100,12210,9746000.00,,AKSHARE,close_negative,主板,1993-1999,798.1982,全史负价（源侧缺陷）。OHLC 整体为负但列间比例自洽→疑似源历史段符号/量纲伪影，须回源确证
2026-09-23,600662,1993-12-23,-0.590,-0.550,-0.590,-0.580,,,,5391,13018599.00,,AKSHARE,close_negative,主板,1993-1999,2414.8765,全史负价（源侧缺陷）。OHLC 整体为负但列间比例自洽→疑似源历史段符号/量纲伪影，须回源确证
2026-09-23,600663,1993-12-23,-0.450,-0.280,-0.450,-0.370,,0.100,21.2800,42503,85584700.00,,AKSHARE,close_negative,主板,1993-1999,2013.6155,全史负价（源侧缺陷）。OHLC 整体为负但列间比例自洽→疑似源历史段符号/量纲伪影，须回源确证
2026-09-23,600664,1993-12-23,-1.280,-1.250,-1.290,-1.270,,0.030,2.3100,15913,12524000.00,,AKSHARE,close_negative,主板,1993-1999,787.0295,全史负价（源侧缺陷）。OHLC 整体为负但列间比例自洽→疑似源历史段符号/量纲伪影，须回源确证
2026-09-23,600668,1993-12-23,-0.130,-0.100,-0.130,-0.110,,0.020,15.3800,1704,1813200.00,,AKSHARE,close_negative,主板,1993-1999,1064.0845,全史负价（源侧缺陷）。OHLC 整体为负但列间比例自洽→疑似源历史段符号/量纲伪影，须回源确证
2026-09-23,600673,1993-12-23,-0.130,-0.120,-0.130,-0.130,,,,2014,1818200.00,,AKSHARE,close_negative,主板,1993-1999,902.7805,全史负价（源侧缺陷）。OHLC 整体为负但列间比例自洽→疑似源历史段符号/量纲伪影，须回源确证
2026-09-23,600674,1993-12-23,-3.140,-3.140,-3.150,-3.140,,,,2134,1685100.00,,AKSHARE,close_negative,主板,1993-1999,789.6439,全史负价（源侧缺陷）。OHLC 整体为负但列间比例自洽→疑似源历史段符号/量纲伪影，须回源确证
2026-09-23,600675,1993-12-23,-0.170,-0.150,-0.170,-0.160,,,,1430,2594300.00,,AKSHARE,close_negative,主板,1993-1999,1814.1958,全史负价（源侧缺陷）。OHLC 整体为负但列间比例自洽→疑似源历史段符号/量纲伪影，须回源确证
2026-09-23,600681,1993-12-23,-1.070,-1.050,-1.090,-1.080,,-0.020,-1.8900,4109,4084500.00,,AKSHARE,close_negative,主板,1993-1999,994.0375,全史负价（源侧缺陷）。OHLC 整体为负但列间比例自洽→疑似源历史段符号/量纲伪影，须回源确证
2026-09-23,600690,1993-12-23,-5.190,-5.190,-5.210,-5.210,,,,4652,4518600.00,,AKSHARE,close_negative,主板,1993-1999,971.3242,全史负价（源侧缺陷）。OHLC 整体为负但列间比例自洽→疑似源历史段符号/量纲伪影，须回源确证
2026-09-23,600694,1993-12-23,-6.520,-6.460,-6.530,-6.510,,-0.010,-0.1500,3059,3272799.00,,AKSHARE,close_negative,主板,1993-1999,1069.8918,全史负价（源侧缺陷）。OHLC 整体为负但列间比例自洽→疑似源历史段符号/量纲伪影，须回源确证
2026-09-23,600697,1993-12-23,-2.640,-2.320,-2.640,-2.330,,0.190,7.5400,20993,15978400.00,,AKSHARE,close_negative,主板,1993-1999,761.1299,全史负价（源侧缺陷）。OHLC 整体为负但列间比例自洽→疑似源历史段符号/量纲伪影，须回源确证
2026-09-23,600837,1999-07-09,-3.020,-3.020,-3.020,-3.020,,-0.020,-0.6700,2211,1242000.00,,AKSHARE,close_negative,主板,1993-1999,561.7368,全史负价（源侧缺陷）。OHLC 整体为负但列间比例自洽→疑似源历史段符号/量纲伪影，须回源确证
2026-09-23,600837,1999-07-16,-3.050,-3.050,-3.050,-3.050,,-0.030,-0.9900,2407,1285000.00,,AKSHARE,close_negative,主板,1993-1999,533.8596,全史负价（源侧缺陷）。OHLC 整体为负但列间比例自洽→疑似源历史段符号/量纲伪影，须回源确证
2026-09-23,600837,1999-07-23,-3.070,-3.070,-3.070,-3.070,,-0.020,-0.6600,902,457000.00,,AKSHARE,close_negative,主板,1993-1999,506.6519,全史负价（源侧缺陷）。OHLC 整体为负但列间比例自洽→疑似源历史段符号/量纲伪影，须回源确证
2026-09-23,600837,1999-07-30,-3.050,-3.050,-3.050,-3.050,,0.020,0.6500,1544,819000.00,,AKSHARE,close_negative,主板,1993-1999,530.4404,全史负价（源侧缺陷）。OHLC 整体为负但列间比例自洽→疑似源历史段符号/量纲伪影，须回源确证
2026-09-23,600837,1999-08-06,-3.030,-3.030,-3.030,-3.030,,0.020,0.6600,1596,890000.00,,AKSHARE,close_negative,主板,1993-1999,557.6441,全史负价（源侧缺陷）。OHLC 整体为负但列间比例自洽→疑似源历史段符号/量纲伪影，须回源确证
2026-09-23,600837,1999-08-13,-3.000,-3.000,-3.000,-3.000,,0.030,0.9900,1903,1115000.00,,AKSHARE,close_negative,主板,1993-1999,585.917,全史负价（源侧缺陷）。OHLC 整体为负但列间比例自洽→疑似源历史段符号/量纲伪影，须回源确证
2026-09-23,600837,1999-08-20,-2.970,-2.970,-2.970,-2.970,,0.030,1.0000,2302,1415000.00,,AKSHARE,close_negative,主板,1993-1999,614.6829,全史负价（源侧缺陷）。OHLC 整体为负但列间比例自洽→疑似源历史段符号/量纲伪影，须回源确证
2026-09-23,600837,1999-08-27,-2.950,-2.950,-2.950,-2.950,,0.020,0.6700,1021,659000.00,,AKSHARE,close_negative,主板,1993-1999,645.4456,全史负价（源侧缺陷）。OHLC 整体为负但列间比例自洽→疑似源历史段符号/量纲伪影，须回源确证
2026-09-23,600837,1999-09-03,-2.920,-2.920,-2.920,-2.920,,0.030,1.0200,2358,1598000.00,,AKSHARE,close_negative,主板,1993-1999,677.693,全史负价（源侧缺陷）。OHLC 整体为负但列间比例自洽→疑似源历史段符号/量纲伪影，须回源确证
2026-09-23,600837,1999-09-10,-2.900,-2.900,-2.900,-2.900,,0.020,0.6800,1857,1299000.00,,AKSHARE,close_negative,主板,1993-1999,699.5153,全史负价（源侧缺陷）。OHLC 整体为负但列间比例自洽→疑似源历史段符号/量纲伪影，须回源确证
2026-09-23,600837,1999-09-17,-2.920,-2.920,-2.920,-2.920,,-0.020,-0.6900,1146,773000.00,,AKSHARE,close_negative,主板,1993-1999,674.5201,全史负价（源侧缺陷）。OHLC 整体为负但列间比例自洽→疑似源历史段符号/量纲伪影，须回源确证
2026-09-23,600837,1999-09-24,-2.950,-2.950,-2.950,-2.950,,-0.030,-1.0300,1029,660000.00,,AKSHARE,close_negative,主板,1993-1999,641.3994,全史负价（源侧缺陷）。OHLC 整体为负但列间比例自洽→疑似源历史段符号/量纲伪影，须回源确证
2026-09-23,600837,1999-10-08,-2.980,-2.980,-2.980,-2.980,,-0.030,-1.0200,576,351000.00,,AKSHARE,close_negative,主板,1993-1999,609.375,全史负价（源侧缺陷）。OHLC 整体为负但列间比例自洽→疑似源历史段符号/量纲伪影，须回源确证
2026-09-23,600837,1999-10-15,-3.000,-3.000,-3.000,-3.000,,-0.020,-0.6700,1093,636000.00,,AKSHARE,close_negative,主板,1993-1999,581.8847,全史负价（源侧缺陷）。OHLC 整体为负但列间比例自洽→疑似源历史段符号/量纲伪影，须回源确证
2026-09-23,600837,1999-10-22,-3.010,-3.010,-3.010,-3.010,,-0.010,-0.3300,1077,624000.00,,AKSHARE,close_negative,主板,1993-1999,579.3872,全史负价（源侧缺陷）。OHLC 整体为负但列间比例自洽→疑似源历史段符号/量纲伪影，须回源确证
2026-09-23,600837,1999-10-29,-3.020,-3.020,-3.020,-3.020,,-0.010,-0.3300,1295,738000.00,,AKSHARE,close_negative,主板,1993-1999,569.8842,全史负价（源侧缺陷）。OHLC 整体为负但列间比例自洽→疑似源历史段符号/量纲伪影，须回源确证
2026-09-23,600837,1999-11-05,-3.040,-3.040,-3.040,-3.040,,-0.020,-0.6600,1061,576000.00,,AKSHARE,close_negative,主板,1993-1999,542.8841,全史负价（源侧缺陷）。OHLC 整体为负但列间比例自洽→疑似源历史段符号/量纲伪影，须回源确证
2026-09-23,600837,1999-11-12,-3.030,-3.030,-3.030,-3.030,,0.010,0.3300,1312,721000.00,,AKSHARE,close_negative,主板,1993-1999,549.5427,全史负价（源侧缺陷）。OHLC 整体为负但列间比例自洽→疑似源历史段符号/量纲伪影，须回源确证
2026-09-23,600837,1999-11-19,-3.010,-3.010,-3.010,-3.010,,0.020,0.6600,645,372000.00,,AKSHARE,close_negative,主板,1993-1999,576.7442,全史负价（源侧缺陷）。OHLC 整体为负但列间比例自洽→疑似源历史段符号/量纲伪影，须回源确证
2026-09-23,600837,1999-11-26,-2.980,-2.980,-2.980,-2.980,,0.030,1.0000,1279,775000.00,,AKSHARE,close_negative,主板,1993-1999,605.9421,全史负价（源侧缺陷）。OHLC 整体为负但列间比例自洽→疑似源历史段符号/量纲伪影，须回源确证
2026-09-23,600837,1999-12-03,-2.980,-2.980,-2.980,-2.980,,,,1225,747000.00,,AKSHARE,close_negative,主板,1993-1999,609.7959,全史负价（源侧缺陷）。OHLC 整体为负但列间比例自洽→疑似源历史段符号/量纲伪影，须回源确证
2026-09-23,600837,1999-12-10,-3.000,-3.000,-3.000,-3.000,,-0.020,-0.6700,385,227000.00,,AKSHARE,close_negative,主板,1993-1999,589.6104,全史负价（源侧缺陷）。OHLC 整体为负但列间比例自洽→疑似源历史段符号/量纲伪影，须回源确证
2026-09-23,600837,1999-12-17,-3.020,-3.020,-3.020,-3.020,,-0.020,-0.6700,868,493000.00,,AKSHARE,close_negative,主板,1993-1999,567.9724,全史负价（源侧缺陷）。OHLC 整体为负但列间比例自洽→疑似源历史段符号/量纲伪影，须回源确证
2026-09-23,600837,1999-12-24,-3.040,-3.040,-3.040,-3.040,,-0.020,-0.6600,337,181000.00,,AKSHARE,close_negative,主板,1993-1999,537.092,全史负价（源侧缺陷）。OHLC 整体为负但列间比例自洽→疑似源历史段符号/量纲伪影，须回源确证
2026-09-23,600837,2000-01-07,-3.060,-3.060,-3.060,-3.060,,-0.020,-0.6600,2234,1163000.00,,AKSHARE,close_negative,主板,2000-2009,520.5909,全史负价（源侧缺陷）。OHLC 整体为负但列间比例自洽→疑似源历史段符号/量纲伪影，须回源确证
2026-09-23,600837,2000-01-14,-3.080,-3.080,-3.080,-3.080,,-0.020,-0.6500,800,400000.00,,AKSHARE,close_negative,主板,2000-2009,500.0,全史负价（源侧缺陷）。OHLC 整体为负但列间比例自洽→疑似源历史段符号/量纲伪影，须回源确证
2026-09-23,600837,2000-01-21,-3.100,-3.100,-3.100,-3.100,,-0.020,-0.6500,1203,577000.00,,AKSHARE,close_negative,主板,2000-2009,479.6342,全史负价（源侧缺陷）。OHLC 整体为负但列间比例自洽→疑似源历史段符号/量纲伪影，须回源确证
2026-09-23,600837,2000-01-28,-3.120,-3.120,-3.120,-3.120,,-0.020,-0.6500,1217,554000.00,,AKSHARE,close_negative,主板,2000-2009,455.2177,全史负价（源侧缺陷）。OHLC 整体为负但列间比例自洽→疑似源历史段符号/量纲伪影，须回源确证
2026-09-23,600837,2000-02-18,-3.140,-3.140,-3.140,-3.140,,-0.020,-0.6400,2277,985000.00,,AKSHARE,close_negative,主板,2000-2009,432.5867,全史负价（源侧缺陷）。OHLC 整体为负但列间比例自洽→疑似源历史段符号/量纲伪影，须回源确证
2026-09-23,600837,2000-02-25,-3.160,-3.160,-3.160,-3.160,,-0.020,-0.6400,3345,1374000.00,,AKSHARE,close_negative,主板,2000-2009,410.7623,全史负价（源侧缺陷）。OHLC 整体为负但列间比例自洽→疑似源历史段符号/量纲伪影，须回源确证
2026-09-23,600837,2000-03-03,-3.140,-3.140,-3.140,-3.140,,0.020,0.6300,1664,719000.00,,AKSHARE,close_negative,主板,2000-2009,432.0913,全史负价（源侧缺陷）。OHLC 整体为负但列间比例自洽→疑似源历史段符号/量纲伪影，须回源确证
2026-09-23,600837,2000-03-10,-3.120,-3.120,-3.120,-3.120,,0.020,0.6400,1446,656000.00,,AKSHARE,close_negative,主板,2000-2009,453.6653,全史负价（源侧缺陷）。OHLC 整体为负但列间比例自洽→疑似源历史段符号/量纲伪影，须回源确证
2026-09-23,600837,2000-03-17,-3.100,-3.100,-3.100,-3.100,,0.020,0.6400,1455,694000.00,,AKSHARE,close_negative,主板,2000-2009,476.9759,全史负价（源侧缺陷）。OHLC 整体为负但列间比例自洽→疑似源历史段符号/量纲伪影，须回源确证
2026-09-23,600837,2000-03-24,-3.080,-3.080,-3.080,-3.080,,0.020,0.6500,4471,2235000.00,,AKSHARE,close_negative,主板,2000-2009,499.8882,全史负价（源侧缺陷）。OHLC 整体为负但列间比例自洽→疑似源历史段符号/量纲伪影，须回源确证
2026-09-23,600837,2000-03-31,-3.080,-3.080,-3.080,-3.080,,,,5411,2678000.00,,AKSHARE,close_negative,主板,2000-2009,494.9178,全史负价（源侧缺陷）。OHLC 整体为负但列间比例自洽→疑似源历史段符号/量纲伪影，须回源确证
2026-09-23,600837,2000-04-07,-3.110,-3.110,-3.110,-3.110,,-0.030,-0.9700,4071,1913000.00,,AKSHARE,close_negative,主板,2000-2009,469.9091,全史负价（源侧缺陷）。OHLC 整体为负但列间比例自洽→疑似源历史段符号/量纲伪影，须回源确证
2026-09-23,600837,2000-04-14,-3.130,-3.130,-3.130,-3.130,,-0.020,-0.6400,11417,5103000.00,,AKSHARE,close_negative,主板,2000-2009,446.9651,全史负价（源侧缺陷）。OHLC 整体为负但列间比例自洽→疑似源历史段符号/量纲伪影，须回源确证
2026-09-23,600837,2000-04-21,-3.120,-3.120,-3.120,-3.120,,0.010,0.3200,15984,7352000.00,,AKSHARE,close_negative,主板,2000-2009,459.96,全史负价（源侧缺陷）。OHLC 整体为负但列间比例自洽→疑似源历史段符号/量纲伪影，须回源确证
2026-09-23,600837,2000-04-28,-3.090,-3.090,-3.090,-3.090,,0.030,0.9600,7333,3541000.00,,AKSHARE,close_negative,主板,2000-2009,482.8856,全史负价（源侧缺陷）。OHLC 整体为负但列间比例自洽→疑似源历史段符号/量纲伪影，须回源确证
2026-09-23,600837,2000-05-12,-3.120,-3.120,-3.120,-3.120,,-0.030,-0.9700,2063,946000.00,,AKSHARE,close_negative,主板,2000-2009,458.5555,全史负价（源侧缺陷）。OHLC 整体为负但列间比例自洽→疑似源历史段符号/量纲伪影，须回源确证
2026-09-23,600837,2000-05-19,-3.140,-3.140,-3.140,-3.140,,-0.020,-0.6400,2277,992000.00,,AKSHARE,close_negative,主板,2000-2009,435.661,全史负价（源侧缺陷）。OHLC 整体为负但列间比例自洽→疑似源历史段符号/量纲伪影，须回源确证
2026-09-23,600837,2000-05-26,-3.160,-3.160,-3.160,-3.160,,-0.020,-0.6400,5759,2384000.00,,AKSHARE,close_negative,主板,2000-2009,413.9608,全史负价（源侧缺陷）。OHLC 整体为负但列间比例自洽→疑似源历史段符号/量纲伪影，须回源确证
2026-09-23,600837,2000-06-02,-3.180,-3.180,-3.180,-3.180,,-0.020,-0.6300,8082,3176000.00,,AKSHARE,close_negative,主板,2000-2009,392.972,全史负价（源侧缺陷）。OHLC 整体为负但列间比例自洽→疑似源历史段符号/量纲伪影，须回源确证
2026-09-23,600837,2000-06-09,-3.180,-3.180,-3.180,-3.180,,,,6636,2608000.00,,AKSHARE,close_negative,主板,2000-2009,393.0078,全史负价（源侧缺陷）。OHLC 整体为负但列间比例自洽→疑似源历史段符号/量纲伪影，须回源确证
2026-09-23,600837,2000-06-16,-3.160,-3.160,-3.160,-3.160,,0.020,0.6300,4038,1667000.00,,AKSHARE,close_negative,主板,2000-2009,412.8281,全史负价（源侧缺陷）。OHLC 整体为负但列间比例自洽→疑似源历史段符号/量纲伪影，须回源确证
2026-09-23,600837,2000-06-23,-3.200,-3.200,-3.200,-3.200,,-0.040,-1.2700,3939,1429000.00,,AKSHARE,close_negative,主板,2000-2009,362.7824,全史负价（源侧缺陷）。OHLC 整体为负但列间比例自洽→疑似源历史段符号/量纲伪影，须回源确证
2026-09-23,600837,2000-06-30,-3.200,-3.200,-3.200,-3.200,,,,5765,2092000.00,,AKSHARE,close_negative,主板,2000-2009,362.8794,全史负价（源侧缺陷）。OHLC 整体为负但列间比例自洽→疑似源历史段符号/量纲伪影，须回源确证
2026-09-23,600837,2000-07-07,-3.190,-3.190,-3.190,-3.190,,0.010,0.3100,2346,894000.00,,AKSHARE,close_negative,主板,2000-2009,381.0742,全史负价（源侧缺陷）。OHLC 整体为负但列间比例自洽→疑似源历史段符号/量纲伪影，须回源确证
2026-09-23,600837,2000-07-14,-3.170,-3.170,-3.170,-3.170,,0.020,0.6300,2193,877000.00,,AKSHARE,close_negative,主板,2000-2009,399.9088,全史负价（源侧缺陷）。OHLC 整体为负但列间比例自洽→疑似源历史段符号/量纲伪影，须回源确证
2026-09-23,600837,2000-07-21,-3.150,-3.150,-3.150,-3.150,,0.020,0.6300,2585,1085000.00,,AKSHARE,close_negative,主板,2000-2009,419.7292,全史负价（源侧缺陷）。OHLC 整体为负但列间比例自洽→疑似源历史段符号/量纲伪影，须回源确证
2026-09-23,600837,2000-07-28,-3.130,-3.130,-3.130,-3.130,,0.020,0.6300,2256,995000.00,,AKSHARE,close_negative,主板,2000-2009,441.0461,全史负价（源侧缺陷）。OHLC 整体为负但列间比例自洽→疑似源历史段符号/量纲伪影，须回源确证
2026-09-23,600837,2000-08-04,-3.110,-3.110,-3.110,-3.110,,0.020,0.6400,2965,1372000.00,,AKSHARE,close_negative,主板,2000-2009,462.7319,全史负价（源侧缺陷）。OHLC 整体为负但列间比例自洽→疑似源历史段符号/量纲伪影，须回源确证
2026-09-23,600837,2000-08-11,-3.100,-3.100,-3.100,-3.100,,0.010,0.3200,3167,1520000.00,,AKSHARE,close_negative,主板,2000-2009,479.9495,全史负价（源侧缺陷）。OHLC 整体为负但列间比例自洽→疑似源历史段符号/量纲伪影，须回源确证
2026-09-23,600837,2000-08-18,-3.090,-3.090,-3.090,-3.090,,0.010,0.3200,4218,2067000.00,,AKSHARE,close_negative,主板,2000-2009,490.0427,全史负价（源侧缺陷）。OHLC 整体为负但列间比例自洽→疑似源历史段符号/量纲伪影，须回源确证
2026-09-23,600837,2000-08-25,-3.080,-3.080,-3.080,-3.080,,0.010,0.3200,5672,2836000.00,,AKSHARE,close_negative,主板,2000-2009,500.0,全史负价（源侧缺陷）。OHLC 整体为负但列间比例自洽→疑似源历史段符号/量纲伪影，须回源确证
2026-09-23,600837,2000-09-01,-3.080,-3.080,-3.080,-3.080,,,,3612,1787000.00,,AKSHARE,close_negative,主板,2000-2009,494.7398,全史负价（源侧缺陷）。OHLC 整体为负但列间比例自洽→疑似源历史段符号/量纲伪影，须回源确证
2026-09-23,600837,2000-09-08,-3.100,-3.100,-3.100,-3.100,,-0.020,-0.6500,3633,1743000.00,,AKSHARE,close_negative,主板,2000-2009,479.7688,全史负价（源侧缺陷）。OHLC 整体为负但列间比例自洽→疑似源历史段符号/量纲伪影，须回源确证
2026-09-23,600837,2000-09-15,-3.100,-3.100,-3.100,-3.100,,,,4063,1950000.00,,AKSHARE,close_negative,主板,2000-2009,479.9409,全史负价（源侧缺陷）。OHLC 整体为负但列间比例自洽→疑似源历史段符号/量纲伪影，须回源确证
2026-09-23,600837,2000-09-22,-3.100,-3.100,-3.100,-3.100,,,,2672,1282000.00,,AKSHARE,close_negative,主板,2000-2009,479.7904,全史负价（源侧缺陷）。OHLC 整体为负但列间比例自洽→疑似源历史段符号/量纲伪影，须回源确证
2026-09-23,600837,2000-09-29,-3.080,-3.080,-3.080,-3.080,,0.020,0.6500,2986,1501000.00,,AKSHARE,close_negative,主板,2000-2009,502.6792,全史负价（源侧缺陷）。OHLC 整体为负但列间比例自洽→疑似源历史段符号/量纲伪影，须回源确证
2026-09-23,600837,2000-10-13,-3.050,-3.050,-3.050,-3.050,,0.030,0.9700,2167,1144000.00,,AKSHARE,close_negative,主板,2000-2009,527.9188,全史负价（源侧缺陷）。OHLC 整体为负但列间比例自洽→疑似源历史段符号/量纲伪影，须回源确证
2026-09-23,600837,2000-10-20,-3.030,-3.030,-3.030,-3.030,,0.020,0.6600,2986,1654000.00,,AKSHARE,close_negative,主板,2000-2009,553.9183,全史负价（源侧缺陷）。OHLC 整体为负但列间比例自洽→疑似源历史段符号/量纲伪影，须回源确证
2026-09-23,600837,2000-10-27,-3.000,-3.000,-3.000,-3.000,,0.030,0.9900,2651,1543000.00,,AKSHARE,close_negative,主板,2000-2009,582.0445,全史负价（源侧缺陷）。OHLC 整体为负但列间比例自洽→疑似源历史段符号/量纲伪影，须回源确证
2026-09-23,600837,2000-11-03,-2.980,-2.980,-2.980,-2.980,,0.020,0.6700,3557,2173000.00,,AKSHARE,close_negative,主板,2000-2009,610.9081,全史负价（源侧缺陷）。OHLC 整体为负但列间比例自洽→疑似源历史段符号/量纲伪影，须回源确证
2026-09-23,600837,2000-11-10,-2.950,-2.950,-2.950,-2.950,,0.030,1.0100,4309,2766000.00,,AKSHARE,close_negative,主板,2000-2009,641.9123,全史负价（源侧缺陷）。OHLC 整体为负但列间比例自洽→疑似源历史段符号/量纲伪影，须回源确证
2026-09-23,600837,2000-11-17,-2.920,-2.920,-2.920,-2.920,,0.030,1.0200,4517,3044000.00,,AKSHARE,close_negative,主板,2000-2009,673.8986,全史负价（源侧缺陷）。OHLC 整体为负但列间比例自洽→疑似源历史段符号/量纲伪影，须回源确证
2026-09-23,600837,2000-11-24,-2.890,-2.890,-2.890,-2.890,,0.030,1.0300,3785,2679000.00,,AKSHARE,close_negative,主板,2000-2009,707.7939,全史负价（源侧缺陷）。OHLC 整体为负但列间比例自洽→疑似源历史段符号/量纲伪影，须回源确证
2026-09-23,600837,2000-12-01,-2.860,-2.860,-2.860,-2.860,,0.030,1.0400,4351,3233000.00,,AKSHARE,close_negative,主板,2000-2009,743.0476,全史负价（源侧缺陷）。OHLC 整体为负但列间比例自洽→疑似源历史段符号/量纲伪影，须回源确证
2026-09-23,600837,2000-12-08,-2.820,-2.820,-2.820,-2.820,,0.040,1.4000,3058,2385000.00,,AKSHARE,close_negative,主板,2000-2009,779.9215,全史负价（源侧缺陷）。OHLC 整体为负但列间比例自洽→疑似源历史段符号/量纲伪影，须回源确证
2026-09-23,600837,2000-12-15,-2.790,-2.790,-2.790,-2.790,,0.030,1.0600,3710,3038000.00,,AKSHARE,close_negative,主板,2000-2009,818.8679,全史负价（源侧缺陷）。OHLC 整体为负但列间比例自洽→疑似源历史段符号/量纲伪影，须回源确证
2026-09-23,600837,2000-12-22,-2.750,-2.750,-2.750,-2.750,,0.040,1.4300,2642,2269000.00,,AKSHARE,close_negative,主板,2000-2009,858.8191,全史负价（源侧缺陷）。OHLC 整体为负但列间比例自洽→疑似源历史段符号/量纲伪影，须回源确证
2026-09-23,600837,2000-12-29,-2.810,-2.810,-2.810,-2.810,,-0.060,-2.1800,2077,1640000.00,,AKSHARE,close_negative,主板,2000-2009,789.6004,全史负价（源侧缺陷）。OHLC 整体为负但列间比例自洽→疑似源历史段符号/量纲伪影，须回源确证
2026-09-23,600837,2001-01-05,-2.880,-2.880,-2.880,-2.880,,-0.070,-2.4900,3707,2661000.00,,AKSHARE,close_negative,主板,2000-2009,717.8311,全史负价（源侧缺陷）。OHLC 整体为负但列间比例自洽→疑似源历史段符号/量纲伪影，须回源确证
2026-09-23,600837,2001-01-12,-2.910,-2.910,-2.910,-2.910,,-0.030,-1.0400,5995,4077000.00,,AKSHARE,close_negative,主板,2000-2009,680.0667,全史负价（源侧缺陷）。OHLC 整体为负但列间比例自洽→疑似源历史段符号/量纲伪影，须回源确证
2026-09-23,600837,2001-01-19,-2.910,-2.910,-2.910,-2.910,,,,4407,3001000.00,,AKSHARE,close_negative,主板,2000-2009,680.9621,全史负价（源侧缺陷）。OHLC 整体为负但列间比例自洽→疑似源历史段符号/量纲伪影，须回源确证
2026-09-23,600837,2001-02-09,-2.990,-2.990,-2.990,-2.990,,-0.080,-2.7500,2791,1674000.00,,AKSHARE,close_negative,主板,2000-2009,599.785,全史负价（源侧缺陷）。OHLC 整体为负但列间比例自洽→疑似源历史段符号/量纲伪影，须回源确证
2026-09-23,600837,2001-02-16,-3.090,-3.090,-3.090,-3.090,,-0.100,-3.3400,1997,978000.00,,AKSHARE,close_negative,主板,2000-2009,489.7346,全史负价（源侧缺陷）。OHLC 整体为负但列间比例自洽→疑似源历史段符号/量纲伪影，须回源确证
2026-09-23,600837,2001-02-23,-3.190,-3.190,-3.190,-3.190,,-0.100,-3.2400,6988,2655000.00,,AKSHARE,close_negative,主板,2000-2009,379.937,全史负价（源侧缺陷）。OHLC 整体为负但列间比例自洽→疑似源历史段符号/量纲伪影，须回源确证
2026-09-23,600837,2001-03-02,-3.170,-3.170,-3.170,-3.170,,0.020,0.6300,7681,3064000.00,,AKSHARE,close_negative,主板,2000-2009,398.9064,全史负价（源侧缺陷）。OHLC 整体为负但列间比例自洽→疑似源历史段符号/量纲伪影，须回源确证
2026-09-23,600837,2001-03-09,-3.150,-3.150,-3.150,-3.150,,0.020,0.6300,1887,790000.00,,AKSHARE,close_negative,主板,2000-2009,418.6539,全史负价（源侧缺陷）。OHLC 整体为负但列间比例自洽→疑似源历史段符号/量纲伪影，须回源确证
2026-09-23,600837,2001-03-16,-3.130,-3.130,-3.130,-3.130,,0.020,0.6300,1909,840000.00,,AKSHARE,close_negative,主板,2000-2009,440.021,全史负价（源侧缺陷）。OHLC 整体为负但列间比例自洽→疑似源历史段符号/量纲伪影，须回源确证
2026-09-23,600837,2001-03-23,-3.120,-3.120,-3.120,-3.120,,0.010,0.3200,6143,2825000.00,,AKSHARE,close_negative,主板,2000-2009,459.873,全史负价（源侧缺陷）。OHLC 整体为负但列间比例自洽→疑似源历史段符号/量纲伪影，须回源确证
2026-09-23,600837,2001-03-30,-3.120,-3.120,-3.120,-3.120,,,,3881,1777000.00,,AKSHARE,close_negative,主板,2000-2009,457.8717,全史负价（源侧缺陷）。OHLC 整体为负但列间比例自洽→疑似源历史段符号/量纲伪影，须回源确证
2026-09-23,600837,2001-04-06,-3.100,-3.100,-3.100,-3.100,,0.020,0.6400,7479,3597000.00,,AKSHARE,close_negative,主板,2000-2009,480.9467,全史负价（源侧缺陷）。OHLC 整体为负但列间比例自洽→疑似源历史段符号/量纲伪影，须回源确证
2026-09-23,600837,2001-04-13,-3.070,-3.070,-3.070,-3.070,,0.030,0.9700,12951,6540000.00,,AKSHARE,close_negative,主板,2000-2009,504.9803,全史负价（源侧缺陷）。OHLC 整体为负但列间比例自洽→疑似源历史段符号/量纲伪影，须回源确证
2026-09-23,600837,2001-07-06,-3.050,-3.050,-3.050,-3.050,,0.020,0.6500,60,31000.00,,AKSHARE,close_negative,主板,2000-2009,516.6667,全史负价（源侧缺陷）。OHLC 整体为负但列间比例自洽→疑似源历史段符号/量纲伪影，须回源确证
2026-09-23,600837,2001-07-13,-3.030,-3.030,-3.030,-3.030,,0.020,0.6600,140,77000.00,,AKSHARE,close_negative,主板,2000-2009,550.0,全史负价（源侧缺陷）。OHLC 整体为负但列间比例自洽→疑似源历史段符号/量纲伪影，须回源确证
2026-09-23,600837,2001-07-20,-3.000,-3.000,-3.000,-3.000,,0.030,0.9900,55,32000.00,,AKSHARE,close_negative,主板,2000-2009,581.8182,全史负价（源侧缺陷）。OHLC 整体为负但列间比例自洽→疑似源历史段符号/量纲伪影，须回源确证
2026-09-23,600837,2001-07-27,-2.980,-2.980,-2.980,-2.980,,0.020,0.6700,21,13000.00,,AKSHARE,close_negative,主板,2000-2009,619.0476,全史负价（源侧缺陷）。OHLC 整体为负但列间比例自洽→疑似源历史段符号/量纲伪影，须回源确证
2026-09-23,600837,2001-08-03,-2.950,-2.950,-2.950,-2.950,,0.030,1.0100,178,114000.00,,AKSHARE,close_negative,主板,2000-2009,640.4494,全史负价（源侧缺陷）。OHLC 整体为负但列间比例自洽→疑似源历史段符号/量纲伪影，须回源确证
2026-09-23,600837,2001-08-10,-2.920,-2.920,-2.920,-2.920,,0.030,1.0200,269,182000.00,,AKSHARE,close_negative,主板,2000-2009,676.5799,全史负价（源侧缺陷）。OHLC 整体为负但列间比例自洽→疑似源历史段符号/量纲伪影，须回源确证
2026-09-23,600837,2001-08-17,-2.890,-2.890,-2.890,-2.890,,0.030,1.0300,227,161000.00,,AKSHARE,close_negative,主板,2000-2009,709.2511,全史负价（源侧缺陷）。OHLC 整体为负但列间比例自洽→疑似源历史段符号/量纲伪影，须回源确证
2026-09-23,600837,2001-08-24,-2.850,-2.850,-2.850,-2.850,,0.040,1.3800,327,244000.00,,AKSHARE,close_negative,主板,2000-2009,746.1774,全史负价（源侧缺陷）。OHLC 整体为负但列间比例自洽→疑似源历史段符号/量纲伪影，须回源确证
2026-09-23,600837,2001-09-07,-2.820,-2.820,-2.820,-2.820,,0.030,1.0500,326,256000.00,,AKSHARE,close_negative,主板,2000-2009,785.2761,全史负价（源侧缺陷）。OHLC 整体为负但列间比例自洽→疑似源历史段符号/量纲伪影，须回源确证
2026-09-23,600837,2001-09-14,-2.780,-2.780,-2.780,-2.780,,0.040,1.4200,600,493000.00,,AKSHARE,close_negative,主板,2000-2009,821.6667,全史负价（源侧缺陷）。OHLC 整体为负但列间比例自洽→疑似源历史段符号/量纲伪影，须回源确证
2026-09-23,600837,2001-09-21,-2.750,-2.750,-2.750,-2.750,,0.030,1.0800,1577,1362000.00,,AKSHARE,close_negative,主板,2000-2009,863.6652,全史负价（源侧缺陷）。OHLC 整体为负但列间比例自洽→疑似源历史段符号/量纲伪影，须回源确证
2026-09-23,600837,2001-09-28,-2.710,-2.710,-2.710,-2.710,,0.040,1.4500,1222,1108000.00,,AKSHARE,close_negative,主板,2000-2009,906.7103,全史负价（源侧缺陷）。OHLC 整体为负但列间比例自洽→疑似源历史段符号/量纲伪影，须回源确证
2026-09-23,600837,2001-10-12,-2.670,-2.670,-2.670,-2.670,,0.040,1.4800,2001,1905000.00,,AKSHARE,close_negative,主板,2000-2009,952.024,全史负价（源侧缺陷）。OHLC 整体为负但列间比例自洽→疑似源历史段符号/量纲伪影，须回源确证
2026-09-23,600837,2001-10-19,-2.620,-2.620,-2.620,-2.620,,0.050,1.8700,2480,2480000.00,,AKSHARE,close_negative,主板,2000-2009,1000.0,全史负价（源侧缺陷）。OHLC 整体为负但列间比例自洽→疑似源历史段符号/量纲伪影，须回源确证
2026-09-23,600837,2001-10-26,-2.580,-2.580,-2.580,-2.580,,0.040,1.5300,1126,1182000.00,,AKSHARE,close_negative,主板,2000-2009,1049.7336,全史负价（源侧缺陷）。OHLC 整体为负但列间比例自洽→疑似源历史段符号/量纲伪影，须回源确证
2026-09-23,600837,2001-11-02,-2.530,-2.530,-2.530,-2.530,,0.050,1.9400,510,562000.00,,AKSHARE,close_negative,主板,2000-2009,1101.9608,全史负价（源侧缺陷）。OHLC 整体为负但列间比例自洽→疑似源历史段符号/量纲伪影，须回源确证
2026-09-23,600837,2001-11-09,-2.480,-2.480,-2.480,-2.480,,0.050,1.9800,862,998000.00,,AKSHARE,close_negative,主板,2000-2009,1157.7726,全史负价（源侧缺陷）。OHLC 整体为负但列间比例自洽→疑似源历史段符号/量纲伪影，须回源确证
2026-09-23,600837,2001-11-16,-2.430,-2.430,-2.430,-2.430,,0.050,2.0200,2173,2642000.00,,AKSHARE,close_negative,主板,2000-2009,1215.8306,全史负价（源侧缺陷）。OHLC 整体为负但列间比例自洽→疑似源历史段符号/量纲伪影，须回源确证
2026-09-23,600837,2001-11-23,-2.370,-2.370,-2.370,-2.370,,0.060,2.4700,5466,6980000.00,,AKSHARE,close_negative,主板,2000-2009,1276.985,全史负价（源侧缺陷）。OHLC 整体为负但列间比例自洽→疑似源历史段符号/量纲伪影，须回源确证
2026-09-23,600837,2001-11-30,-2.310,-2.310,-2.310,-2.310,,0.060,2.5300,4060,5444000.00,,AKSHARE,close_negative,主板,2000-2009,1340.8867,全史负价（源侧缺陷）。OHLC 整体为负但列间比例自洽→疑似源历史段符号/量纲伪影，须回源确证
2026-09-23,600837,2001-12-07,-2.250,-2.250,-2.250,-2.250,,0.060,2.6000,5134,7229151.00,,AKSHARE,close_negative,主板,2000-2009,1408.0933,全史负价（源侧缺陷）。OHLC 整体为负但列间比例自洽→疑似源历史段符号/量纲伪影，须回源确证
2026-09-23,600837,2001-12-14,-2.190,-2.190,-2.190,-2.190,,0.060,2.6700,2344,3464935.00,,AKSHARE,close_negative,主板,2000-2009,1478.2146,全史负价（源侧缺陷）。OHLC 整体为负但列间比例自洽→疑似源历史段符号/量纲伪影，须回源确证
2026-09-23,600837,2001-12-21,-2.140,-2.140,-2.140,-2.140,,0.050,2.2800,3386,5180580.00,,AKSHARE,close_negative,主板,2000-2009,1530.0,全史负价（源侧缺陷）。OHLC 整体为负但列间比例自洽→疑似源历史段符号/量纲伪影，须回源确证
2026-09-23,600837,2001-12-28,-2.230,-2.230,-2.230,-2.230,,-0.090,-4.2100,7561,10796665.00,,AKSHARE,close_negative,主板,2000-2009,1427.9414,全史负价（源侧缺陷）。OHLC 整体为负但列间比例自洽→疑似源历史段符号/量纲伪影，须回源确证
2026-09-23,600837,2002-01-04,-2.210,-2.210,-2.210,-2.210,,0.020,0.9000,9085,13182741.00,,AKSHARE,close_negative,主板,2000-2009,1451.0447,全史负价（源侧缺陷）。OHLC 整体为负但列间比例自洽→疑似源历史段符号/量纲伪影，须回源确证
2026-09-23,600837,2002-01-11,-2.200,-2.200,-2.200,-2.200,,0.010,0.4500,8255,12060526.00,,AKSHARE,close_negative,主板,2000-2009,1460.9965,全史负价（源侧缺陷）。OHLC 整体为负但列间比例自洽→疑似源历史段符号/量纲伪影，须回源确证
2026-09-23,600837,2002-01-18,-2.260,-2.260,-2.260,-2.260,,-0.060,-2.7300,14213,19898200.00,,AKSHARE,close_negative,主板,2000-2009,1400.0,全史负价（源侧缺陷）。OHLC 整体为负但列间比例自洽→疑似源历史段符号/量纲伪影，须回源确证
2026-09-23,600837,2002-01-25,-2.200,-2.200,-2.200,-2.200,,0.060,2.6500,13901,20434470.00,,AKSHARE,close_negative,主板,2000-2009,1470.0,全史负价（源侧缺陷）。OHLC 整体为负但列间比例自洽→疑似源历史段符号/量纲伪影，须回源确证
2026-09-23,600837,2002-02-01,-2.130,-2.130,-2.130,-2.130,,0.070,3.1800,5843,9021314.00,,AKSHARE,close_negative,主板,2000-2009,1543.9524,全史负价（源侧缺陷）。OHLC 整体为负但列间比例自洽→疑似源历史段符号/量纲伪影，须回源确证
2026-09-23,600837,2002-02-08,-2.060,-2.060,-2.060,-2.060,,0.070,3.2900,4980,8073001.00,,AKSHARE,close_negative,主板,2000-2009,1621.0845,全史负价（源侧缺陷）。OHLC 整体为负但列间比例自洽→疑似源历史段符号/量纲伪影，须回源确证
2026-09-23,601607,2004-08-16,0.030,0.050,-0.080,-0.060,,-0.110,-220.0000,4275,2302292.00,,AKSHARE,close_negative,主板,2000-2009,538.5478,全史负价（源侧缺陷）。OHLC 整体为负但列间比例自洽→疑似源历史段符号/量纲伪影，须回源确证
2026-09-23,601607,2004-08-17,-0.060,-0.020,-0.130,-0.030,,0.030,50.0000,2709,1444624.00,,AKSHARE,close_negative,主板,2000-2009,533.2684,全史负价（源侧缺陷）。OHLC 整体为负但列间比例自洽→疑似源历史段符号/量纲伪影，须回源确证
2026-09-23,601607,2004-08-18,-0.050,0.020,-0.090,-0.080,,-0.050,-166.6700,2516,1343144.00,,AKSHARE,close_negative,主板,2000-2009,533.841,全史负价（源侧缺陷）。OHLC 整体为负但列间比例自洽→疑似源历史段符号/量纲伪影，须回源确证
2026-09-23,601607,2004-08-19,-0.080,-0.050,-0.180,-0.150,,-0.070,-87.5000,3361,1769178.00,,AKSHARE,close_negative,主板,2000-2009,526.3844,全史负价（源侧缺陷）。OHLC 整体为负但列间比例自洽→疑似源历史段符号/量纲伪影，须回源确证
2026-09-23,601607,2004-08-20,-0.150,-0.150,-0.300,-0.230,,-0.080,-53.3300,2775,1428543.00,,AKSHARE,close_negative,主板,2000-2009,514.7903,全史负价（源侧缺陷）。OHLC 整体为负但列间比例自洽→疑似源历史段符号/量纲伪影，须回源确证
2026-09-23,601607,2004-08-23,-0.150,-0.050,-0.180,-0.100,,0.130,56.5200,6181,3268756.00,,AKSHARE,close_negative,主板,2000-2009,528.8393,全史负价（源侧缺陷）。OHLC 整体为负但列间比例自洽→疑似源历史段符号/量纲伪影，须回源确证
2026-09-23,601607,2004-08-24,-0.100,0.050,-0.140,-0.020,,0.080,80.0000,10075,5425566.00,,AKSHARE,close_negative,主板,2000-2009,538.5177,全史负价（源侧缺陷）。OHLC 整体为负但列间比例自洽→疑似源历史段符号/量纲伪影，须回源确证
2026-09-23,601607,2004-08-25,,0.100,-0.060,,,0.020,100.0000,8810,4795353.00,,AKSHARE,close_null,主板,2000-2009,544.3079,close 为空
2026-09-23,601607,2004-08-26,0.050,0.050,-0.030,-0.030,,-0.030,,2399,1293351.00,,AKSHARE,close_negative,主板,2000-2009,539.1209,全史负价（源侧缺陷）。OHLC 整体为负但列间比例自洽→疑似源历史段符号/量纲伪影，须回源确证
2026-09-23,601607,2004-08-27,-0.030,0.010,-0.070,-0.030,,,,3050,1634130.00,,AKSHARE,close_negative,主板,2000-2009,535.7803,全史负价（源侧缺陷）。OHLC 整体为负但列间比例自洽→疑似源历史段符号/量纲伪影，须回源确证
2026-09-23,601607,2004-08-30,-0.040,-0.030,-0.130,-0.030,,,,2173,1156591.00,,AKSHARE,close_negative,主板,2000-2009,532.2554,全史负价（源侧缺陷）。OHLC 整体为负但列间比例自洽→疑似源历史段符号/量纲伪影，须回源确证
2026-09-23,601607,2004-09-01,0.050,0.060,-0.040,-0.020,,-0.070,-140.0000,2370,1279274.00,,AKSHARE,close_negative,主板,2000-2009,539.7781,全史负价（源侧缺陷）。OHLC 整体为负但列间比例自洽→疑似源历史段符号/量纲伪影，须回源确证
2026-09-23,601607,2004-09-03,0.040,0.040,-0.050,,,-0.040,-100.0000,9124,4911387.00,,AKSHARE,close_null,主板,2000-2009,538.2932,close 为空
2026-09-23,601607,2004-09-06,-0.010,,-0.110,-0.040,,-0.040,,5731,3049873.00,,AKSHARE,close_negative,主板,2000-2009,532.1712,全史负价（源侧缺陷）。OHLC 整体为负但列间比例自洽→疑似源历史段符号/量纲伪影，须回源确证
2026-09-23,601607,2004-09-07,-0.040,-0.020,-0.100,-0.060,,-0.020,-50.0000,3405,1810353.00,,AKSHARE,close_negative,主板,2000-2009,531.6749,全史负价（源侧缺陷）。OHLC 整体为负但列间比例自洽→疑似源历史段符号/量纲伪影，须回源确证
2026-09-23,601607,2004-09-08,-0.060,-0.020,-0.100,-0.060,,,,2849,1522349.00,,AKSHARE,close_negative,主板,2000-2009,534.345,全史负价（源侧缺陷）。OHLC 整体为负但列间比例自洽→疑似源历史段符号/量纲伪影，须回源确证
2026-09-23,601607,2004-09-09,-0.060,-0.060,-0.150,-0.130,,-0.070,-116.6700,3604,1902915.00,,AKSHARE,close_negative,主板,2000-2009,528.0008,全史负价（源侧缺陷）。OHLC 整体为负但列间比例自洽→疑似源历史段符号/量纲伪影，须回源确证
2026-09-23,601607,2004-09-10,-0.180,0.040,-0.180,-0.070,,0.060,46.1500,4945,2632716.00,,AKSHARE,close_negative,主板,2000-2009,532.3996,全史负价（源侧缺陷）。OHLC 整体为负但列间比例自洽→疑似源历史段符号/量纲伪影，须回源确证
2026-09-23,601607,2004-09-13,-0.100,-0.030,-0.190,-0.170,,-0.100,-142.8600,3173,1670112.00,,AKSHARE,close_negative,主板,2000-2009,526.3511,全史负价（源侧缺陷）。OHLC 整体为负但列间比例自洽→疑似源历史段符号/量纲伪影，须回源确证
2026-09-23,601607,2004-09-14,-0.170,0.010,-0.170,-0.010,,0.160,94.1200,16009,8571842.00,,AKSHARE,close_negative,主板,2000-2009,535.4389,全史负价（源侧缺陷）。OHLC 整体为负但列间比例自洽→疑似源历史段符号/量纲伪影，须回源确证
2026-09-23,601607,2004-10-14,0.250,0.320,-0.040,,,-0.300,-100.0000,23226,12915143.00,,AKSHARE,close_null,主板,2000-2009,556.064,close 为空
2026-09-23,601607,2004-10-15,,0.100,-0.140,-0.060,,-0.060,,15045,8057288.00,,AKSHARE,close_negative,主板,2000-2009,535.5459,全史负价（源侧缺陷）。OHLC 整体为负但列间比例自洽→疑似源历史段符号/量纲伪影，须回源确证
2026-09-23,601607,2004-10-18,-0.020,0.070,-0.060,-0.010,,0.050,83.3300,10663,5752850.00,,AKSHARE,close_negative,主板,2000-2009,539.5151,全史负价（源侧缺陷）。OHLC 整体为负但列间比例自洽→疑似源历史段符号/量纲伪影，须回源确证
2026-09-23,601607,2004-10-19,0.010,0.120,-0.040,-0.020,,-0.010,-100.0000,11563,6303172.00,,AKSHARE,close_negative,主板,2000-2009,545.1156,全史负价（源侧缺陷）。OHLC 整体为负但列间比例自洽→疑似源历史段符号/量纲伪影，须回源确证
2026-09-23,601607,2004-10-25,0.150,0.180,-0.150,-0.050,,-0.150,-150.0000,34904,18718908.00,,AKSHARE,close_negative,主板,2000-2009,536.2969,全史负价（源侧缺陷）。OHLC 整体为负但列间比例自洽→疑似源历史段符号/量纲伪影，须回源确证
2026-09-23,601607,2004-10-26,-0.030,,-0.220,-0.050,,,,15926,8445998.00,,AKSHARE,close_negative,主板,2000-2009,530.3276,全史负价（源侧缺陷）。OHLC 整体为负但列间比例自洽→疑似源历史段符号/量纲伪影，须回源确证
2026-09-23,601607,2004-10-29,0.010,0.070,-0.080,-0.020,,-0.150,-115.3800,17770,9607681.00,,AKSHARE,close_negative,主板,2000-2009,540.6686,全史负价（源侧缺陷）。OHLC 整体为负但列间比例自洽→疑似源历史段符号/量纲伪影，须回源确证
2026-09-23,601607,2004-11-01,-0.040,,-0.120,-0.110,,-0.090,-450.0000,7965,4241261.00,,AKSHARE,close_negative,主板,2000-2009,532.4873,全史负价（源侧缺陷）。OHLC 整体为负但列间比例自洽→疑似源历史段符号/量纲伪影，须回源确证
2026-09-23,601607,2004-11-02,-0.120,-0.040,-0.150,-0.060,,0.050,45.4500,7678,4074088.00,,AKSHARE,close_negative,主板,2000-2009,530.6184,全史负价（源侧缺陷）。OHLC 整体为负但列间比例自洽→疑似源历史段符号/量纲伪影，须回源确证
2026-09-23,601607,2004-11-04,0.060,0.070,-0.090,-0.090,,-0.130,-325.0000,8956,4818926.00,,AKSHARE,close_negative,主板,2000-2009,538.0668,全史负价（源侧缺陷）。OHLC 整体为负但列间比例自洽→疑似源历史段符号/量纲伪影，须回源确证
2026-09-23,601607,2004-11-05,-0.050,,-0.110,-0.080,,0.010,11.1100,5980,3190072.00,,AKSHARE,close_negative,主板,2000-2009,533.4569,全史负价（源侧缺陷）。OHLC 整体为负但列间比例自洽→疑似源历史段符号/量纲伪影，须回源确证
2026-09-23,601607,2004-11-08,-0.100,-0.090,-0.200,-0.180,,-0.100,-125.0000,18996,9967576.00,,AKSHARE,close_negative,主板,2000-2009,524.7197,全史负价（源侧缺陷）。OHLC 整体为负但列间比例自洽→疑似源历史段符号/量纲伪影，须回源确证
2026-09-23,601607,2004-11-09,-0.180,-0.150,-0.230,-0.200,,-0.020,-11.1100,19902,10374734.00,,AKSHARE,close_negative,主板,2000-2009,521.291,全史负价（源侧缺陷）。OHLC 整体为负但列间比例自洽→疑似源历史段符号/量纲伪影，须回源确证
2026-09-23,601607,2004-11-10,-0.180,0.030,-0.210,-0.020,,0.180,90.0000,21516,11457930.00,,AKSHARE,close_negative,主板,2000-2009,532.5307,全史负价（源侧缺陷）。OHLC 整体为负但列间比例自洽→疑似源历史段符号/量纲伪影，须回源确证
2026-09-23,601607,2004-11-17,0.060,0.100,-0.040,-0.010,,-0.110,-110.0000,16048,8683636.00,,AKSHARE,close_negative,主板,2000-2009,541.1039,全史负价（源侧缺陷）。OHLC 整体为负但列间比例自洽→疑似源历史段符号/量纲伪影，须回源确证
2026-09-23,601607,2004-12-02,0.070,0.070,-0.090,-0.020,,-0.050,-166.6700,13974,7504083.00,,AKSHARE,close_negative,主板,2000-2009,537.0032,全史负价（源侧缺陷）。OHLC 整体为负但列间比例自洽→疑似源历史段符号/量纲伪影，须回源确证
2026-09-23,601607,2004-12-10,0.060,0.090,-0.080,-0.070,,-0.150,-187.5000,8588,4632636.00,,AKSHARE,close_negative,主板,2000-2009,539.4313,全史负价（源侧缺陷）。OHLC 整体为负但列间比例自洽→疑似源历史段符号/量纲伪影，须回源确证
2026-09-23,601607,2004-12-13,-0.120,-0.060,-0.120,-0.080,,-0.010,-14.2900,8060,4271610.00,,AKSHARE,close_negative,主板,2000-2009,529.9764,全史负价（源侧缺陷）。OHLC 整体为负但列间比例自洽→疑似源历史段符号/量纲伪影，须回源确证
2026-09-23,601607,2004-12-14,-0.090,-0.050,-0.130,-0.120,,-0.040,-50.0000,5463,2895317.00,,AKSHARE,close_negative,主板,2000-2009,529.9866,全史负价（源侧缺陷）。OHLC 整体为负但列间比例自洽→疑似源历史段符号/量纲伪影，须回源确证
2026-09-23,601607,2004-12-15,-0.110,-0.080,-0.190,-0.140,,-0.020,-16.6700,9784,5140887.00,,AKSHARE,close_negative,主板,2000-2009,525.4382,全史负价（源侧缺陷）。OHLC 整体为负但列间比例自洽→疑似源历史段符号/量纲伪影，须回源确证
2026-09-23,601607,2004-12-16,-0.140,-0.100,-0.180,-0.160,,-0.020,-14.2900,6603,3466045.00,,AKSHARE,close_negative,主板,2000-2009,524.9197,全史负价（源侧缺陷）。OHLC 整体为负但列间比例自洽→疑似源历史段符号/量纲伪影，须回源确证
2026-09-23,601607,2004-12-17,-0.180,-0.140,-0.190,-0.180,,-0.020,-12.5000,4567,2388496.00,,AKSHARE,close_negative,主板,2000-2009,522.9901,全史负价（源侧缺陷）。OHLC 整体为负但列间比例自洽→疑似源历史段符号/量纲伪影，须回源确证
2026-09-23,601607,2004-12-20,-0.200,-0.140,-0.230,-0.190,,-0.010,-5.5600,3519,1834910.00,,AKSHARE,close_negative,主板,2000-2009,521.4294,全史负价（源侧缺陷）。OHLC 整体为负但列间比例自洽→疑似源历史段符号/量纲伪影，须回源确证
2026-09-23,601607,2004-12-21,-0.220,-0.100,-0.220,-0.180,,0.010,5.2600,3502,1833351.00,,AKSHARE,close_negative,主板,2000-2009,523.5154,全史负价（源侧缺陷）。OHLC 整体为负但列间比例自洽→疑似源历史段符号/量纲伪影，须回源确证
2026-09-23,601607,2004-12-22,-0.170,-0.040,-0.190,-0.080,,0.100,55.5600,8523,4513221.00,,AKSHARE,close_negative,主板,2000-2009,529.5343,全史负价（源侧缺陷）。OHLC 整体为负但列间比例自洽→疑似源历史段符号/量纲伪影，须回源确证
2026-09-23,601607,2004-12-23,-0.050,-0.040,-0.190,-0.180,,-0.100,-125.0000,6419,3376340.00,,AKSHARE,close_negative,主板,2000-2009,525.9916,全史负价（源侧缺陷）。OHLC 整体为负但列间比例自洽→疑似源历史段符号/量纲伪影，须回源确证
2026-09-23,601607,2004-12-24,-0.180,-0.120,-0.210,-0.120,,0.060,33.3300,3357,1758250.00,,AKSHARE,close_negative,主板,2000-2009,523.7563,全史负价（源侧缺陷）。OHLC 整体为负但列间比例自洽→疑似源历史段符号/量纲伪影，须回源确证
2026-09-23,601607,2004-12-27,-0.120,-0.120,-0.490,-0.430,,-0.310,-258.3300,20943,10660725.00,,AKSHARE,close_negative,主板,2000-2009,509.0352,全史负价（源侧缺陷）。OHLC 整体为负但列间比例自洽→疑似源历史段符号/量纲伪影，须回源确证
2026-09-23,601607,2004-12-28,-0.440,-0.440,-0.600,-0.550,,-0.120,-27.9100,26736,12970029.00,,AKSHARE,close_negative,主板,2000-2009,485.1148,全史负价（源侧缺陷）。OHLC 整体为负但列间比例自洽→疑似源历史段符号/量纲伪影，须回源确证
2026-09-23,601607,2004-12-29,-0.550,-0.500,-0.580,-0.540,,0.010,1.8200,5723,2779608.00,,AKSHARE,close_negative,主板,2000-2009,485.6907,全史负价（源侧缺陷）。OHLC 整体为负但列间比例自洽→疑似源历史段符号/量纲伪影，须回源确证
2026-09-23,601607,2004-12-30,-0.520,-0.450,-0.590,-0.530,,0.010,1.8500,6454,3139408.00,,AKSHARE,close_negative,主板,2000-2009,486.4283,全史负价（源侧缺陷）。OHLC 整体为负但列间比例自洽→疑似源历史段符号/量纲伪影，须回源确证
2026-09-23,601607,2004-12-31,-0.500,-0.450,-0.550,-0.510,,0.020,3.7700,10149,4970171.00,,AKSHARE,close_negative,主板,2000-2009,489.7203,全史负价（源侧缺陷）。OHLC 整体为负但列间比例自洽→疑似源历史段符号/量纲伪影，须回源确证
2026-09-23,601607,2005-01-04,-0.470,-0.440,-0.550,-0.480,,0.030,5.8800,11530,5673408.00,,AKSHARE,close_negative,主板,2000-2009,492.0562,全史负价（源侧缺陷）。OHLC 整体为负但列间比例自洽→疑似源历史段符号/量纲伪影，须回源确证
2026-09-23,601607,2005-01-05,-0.490,-0.380,-0.490,-0.430,,0.050,10.4200,7928,3940634.00,,AKSHARE,close_negative,主板,2000-2009,497.0527,全史负价（源侧缺陷）。OHLC 整体为负但列间比例自洽→疑似源历史段符号/量纲伪影，须回源确证
2026-09-23,601607,2005-01-06,-0.430,-0.430,-0.480,-0.450,,-0.020,-4.6500,4084,2016243.00,,AKSHARE,close_negative,主板,2000-2009,493.6932,全史负价（源侧缺陷）。OHLC 整体为负但列间比例自洽→疑似源历史段符号/量纲伪影，须回源确证
2026-09-23,601607,2005-01-07,-0.450,-0.370,-0.520,-0.470,,-0.020,-4.4400,6487,3206822.00,,AKSHARE,close_negative,主板,2000-2009,494.3459,全史负价（源侧缺陷）。OHLC 整体为负但列间比例自洽→疑似源历史段符号/量纲伪影，须回源确证
2026-09-23,601607,2005-01-10,-0.460,-0.460,-0.600,-0.490,,-0.020,-4.2600,9457,4604709.00,,AKSHARE,close_negative,主板,2000-2009,486.9101,全史负价（源侧缺陷）。OHLC 整体为负但列间比例自洽→疑似源历史段符号/量纲伪影，须回源确证
2026-09-23,601607,2005-01-11,-0.490,-0.480,-0.590,-0.530,,-0.040,-8.1600,10131,4917635.00,,AKSHARE,close_negative,主板,2000-2009,485.4047,全史负价（源侧缺陷）。OHLC 整体为负但列间比例自洽→疑似源历史段符号/量纲伪影，须回源确证
2026-09-23,601607,2005-01-12,-0.510,-0.500,-0.570,-0.510,,0.020,3.7700,3589,1743704.00,,AKSHARE,close_negative,主板,2000-2009,485.8468,全史负价（源侧缺陷）。OHLC 整体为负但列间比例自洽→疑似源历史段符号/量纲伪影，须回源确证
2026-09-23,601607,2005-01-13,-0.510,-0.490,-0.560,-0.530,,-0.020,-3.9200,4914,2393886.00,,AKSHARE,close_negative,主板,2000-2009,487.1563,全史负价（源侧缺陷）。OHLC 整体为负但列间比例自洽→疑似源历史段符号/量纲伪影，须回源确证
2026-09-23,601607,2005-01-14,-0.530,-0.450,-0.560,-0.530,,,,9029,4431074.00,,AKSHARE,close_negative,主板,2000-2009,490.7602,全史负价（源侧缺陷）。OHLC 整体为负但列间比例自洽→疑似源历史段符号/量纲伪影，须回源确证
2026-09-23,601607,2005-01-17,-0.550,-0.540,-0.720,-0.690,,-0.160,-30.1900,11588,5528804.00,,AKSHARE,close_negative,主板,2000-2009,477.1146,全史负价（源侧缺陷）。OHLC 整体为负但列间比例自洽→疑似源历史段符号/量纲伪影，须回源确证
2026-09-23,601607,2005-01-18,-0.700,-0.620,-0.710,-0.620,,0.070,10.1400,6035,2856476.00,,AKSHARE,close_negative,主板,2000-2009,473.3183,全史负价（源侧缺陷）。OHLC 整体为负但列间比例自洽→疑似源历史段符号/量纲伪影，须回源确证
2026-09-23,601607,2005-01-19,-0.620,-0.600,-0.700,-0.660,,-0.040,-6.4500,3890,1847520.00,,AKSHARE,close_negative,主板,2000-2009,474.9409,全史负价（源侧缺陷）。OHLC 整体为负但列间比例自洽→疑似源历史段符号/量纲伪影，须回源确证
2026-09-23,601607,2005-01-20,-0.700,-0.660,-0.800,-0.760,,-0.100,-15.1500,8233,3829211.00,,AKSHARE,close_negative,主板,2000-2009,465.1052,全史负价（源侧缺陷）。OHLC 整体为负但列间比例自洽→疑似源历史段符号/量纲伪影，须回源确证
2026-09-23,601607,2005-01-21,-0.790,-0.610,-0.840,-0.610,,0.150,19.7400,10835,5084582.00,,AKSHARE,close_negative,主板,2000-2009,469.2738,全史负价（源侧缺陷）。OHLC 整体为负但列间比例自洽→疑似源历史段符号/量纲伪影，须回源确证
2026-09-23,601607,2005-01-24,-0.500,-0.430,-0.580,-0.550,,0.060,9.8400,9457,4601958.00,,AKSHARE,close_negative,主板,2000-2009,486.6192,全史负价（源侧缺陷）。OHLC 整体为负但列间比例自洽→疑似源历史段符号/量纲伪影，须回源确证
2026-09-23,601607,2005-01-25,-0.570,-0.570,-0.670,-0.590,,-0.040,-7.2700,6397,3054542.00,,AKSHARE,close_negative,主板,2000-2009,477.496,全史负价（源侧缺陷）。OHLC 整体为负但列间比例自洽→疑似源历史段符号/量纲伪影，须回源确证
2026-09-23,601607,2005-01-26,-0.610,-0.590,-0.670,-0.660,,-0.070,-11.8600,4853,2315938.00,,AKSHARE,close_negative,主板,2000-2009,477.2178,全史负价（源侧缺陷）。OHLC 整体为负但列间比例自洽→疑似源历史段符号/量纲伪影，须回源确证
2026-09-23,601607,2005-01-27,-0.700,-0.660,-0.710,-0.700,,-0.040,-6.0600,3440,1621087.00,,AKSHARE,close_negative,主板,2000-2009,471.2462,全史负价（源侧缺陷）。OHLC 整体为负但列间比例自洽→疑似源历史段符号/量纲伪影，须回源确证
2026-09-23,601607,2005-01-28,-0.700,-0.610,-0.800,-0.770,,-0.070,-10.0000,7430,3451742.00,,AKSHARE,close_negative,主板,2000-2009,464.5682,全史负价（源侧缺陷）。OHLC 整体为负但列间比例自洽→疑似源历史段符号/量纲伪影，须回源确证
2026-09-23,601607,2005-01-31,-0.770,-0.770,-0.900,-0.890,,-0.120,-15.5800,8542,3879644.00,,AKSHARE,close_negative,主板,2000-2009,454.1845,全史负价（源侧缺陷）。OHLC 整体为负但列间比例自洽→疑似源历史段符号/量纲伪影，须回源确证
2026-09-23,601607,2005-02-01,-0.900,-0.830,-0.920,-0.900,,-0.010,-1.1200,6508,2945269.00,,AKSHARE,close_negative,主板,2000-2009,452.5613,全史负价（源侧缺陷）。OHLC 整体为负但列间比例自洽→疑似源历史段符号/量纲伪影，须回源确证
2026-09-23,601607,2005-02-02,-0.910,-0.650,-0.910,-0.670,,0.230,25.5600,16119,7513370.00,,AKSHARE,close_negative,主板,2000-2009,466.1189,全史负价（源侧缺陷）。OHLC 整体为负但列间比例自洽→疑似源历史段符号/量纲伪影，须回源确证
2026-09-23,601607,2005-02-03,-0.670,-0.560,-0.730,-0.680,,-0.010,-1.4900,24331,11602173.00,,AKSHARE,close_negative,主板,2000-2009,476.8474,全史负价（源侧缺陷）。OHLC 整体为负但列间比例自洽→疑似源历史段符号/量纲伪影，须回源确证
2026-09-23,601607,2005-02-04,-0.660,-0.550,-0.700,-0.570,,0.110,16.1800,12141,5813100.00,,AKSHARE,close_negative,主板,2000-2009,478.7991,全史负价（源侧缺陷）。OHLC 整体为负但列间比例自洽→疑似源历史段符号/量纲伪影，须回源确证
2026-09-23,601607,2005-02-16,-0.500,-0.500,-0.630,-0.570,,,,14117,6812718.00,,AKSHARE,close_negative,主板,2000-2009,482.5896,全史负价（源侧缺陷）。OHLC 整体为负但列间比例自洽→疑似源历史段符号/量纲伪影，须回源确证
2026-09-23,601607,2005-02-17,-0.610,-0.550,-0.670,-0.570,,,,12061,5763941.00,,AKSHARE,close_negative,主板,2000-2009,477.8991,全史负价（源侧缺陷）。OHLC 整体为负但列间比例自洽→疑似源历史段符号/量纲伪影，须回源确证
2026-09-23,601607,2005-02-18,-0.580,-0.550,-0.700,-0.680,,-0.110,-19.3000,5633,2690539.00,,AKSHARE,close_negative,主板,2000-2009,477.6387,全史负价（源侧缺陷）。OHLC 整体为负但列间比例自洽→疑似源历史段符号/量纲伪影，须回源确证
2026-09-23,601607,2005-02-21,-0.680,-0.550,-0.700,-0.570,,0.110,16.1800,8863,4237952.00,,AKSHARE,close_negative,主板,2000-2009,478.1622,全史负价（源侧缺陷）。OHLC 整体为负但列间比例自洽→疑似源历史段符号/量纲伪影，须回源确证
2026-09-23,601607,2005-02-22,-0.600,-0.430,-0.600,-0.470,,0.100,17.5400,20997,10281236.00,,AKSHARE,close_negative,主板,2000-2009,489.6526,全史负价（源侧缺陷）。OHLC 整体为负但列间比例自洽→疑似源历史段符号/量纲伪影，须回源确证
2026-09-23,601607,2005-02-23,-0.470,-0.430,-0.530,-0.450,,0.020,4.2600,16262,8003410.00,,AKSHARE,close_negative,主板,2000-2009,492.1541,全史负价（源侧缺陷）。OHLC 整体为负但列间比例自洽→疑似源历史段符号/量纲伪影，须回源确证
2026-09-23,601607,2005-02-24,-0.460,-0.450,-0.520,-0.460,,-0.010,-2.2200,13309,6541348.00,,AKSHARE,close_negative,主板,2000-2009,491.4981,全史负价（源侧缺陷）。OHLC 整体为负但列间比例自洽→疑似源历史段符号/量纲伪影，须回源确证
2026-09-23,601607,2005-02-25,-0.470,-0.360,-0.480,-0.450,,0.010,2.1700,25235,12615283.00,,AKSHARE,close_negative,主板,2000-2009,499.9121,全史负价（源侧缺陷）。OHLC 整体为负但列间比例自洽→疑似源历史段符号/量纲伪影，须回源确证
2026-09-23,601607,2005-02-28,-0.470,-0.450,-0.520,-0.500,,-0.050,-11.1100,11430,5621224.00,,AKSHARE,close_negative,主板,2000-2009,491.7956,全史负价（源侧缺陷）。OHLC 整体为负但列间比例自洽→疑似源历史段符号/量纲伪影，须回源确证
2026-09-23,601607,2005-03-01,-0.500,-0.470,-0.530,-0.500,,,,5989,2932236.00,,AKSHARE,close_negative,主板,2000-2009,489.6036,全史负价（源侧缺陷）。OHLC 整体为负但列间比例自洽→疑似源历史段符号/量纲伪影，须回源确证
2026-09-23,601607,2005-03-02,-0.510,-0.440,-0.580,-0.570,,-0.070,-14.0000,10499,5130374.00,,AKSHARE,close_negative,主板,2000-2009,488.6536,全史负价（源侧缺陷）。OHLC 整体为负但列间比例自洽→疑似源历史段符号/量纲伪影，须回源确证
2026-09-23,601607,2005-03-03,-0.570,-0.530,-0.620,-0.550,,0.020,3.5100,7563,3642566.00,,AKSHARE,close_negative,主板,2000-2009,481.6298,全史负价（源侧缺陷）。OHLC 整体为负但列间比例自洽→疑似源历史段符号/量纲伪影，须回源确证
2026-09-23,601607,2005-03-04,-0.550,-0.510,-0.600,-0.580,,-0.030,-5.4500,7114,3445609.00,,AKSHARE,close_negative,主板,2000-2009,484.342,全史负价（源侧缺陷）。OHLC 整体为负但列间比例自洽→疑似源历史段符号/量纲伪影，须回源确证
2026-09-23,601607,2005-03-07,-0.600,-0.540,-0.600,-0.570,,0.010,1.7200,7735,3737342.00,,AKSHARE,close_negative,主板,2000-2009,483.1729,全史负价（源侧缺陷）。OHLC 整体为负但列间比例自洽→疑似源历史段符号/量纲伪影，须回源确证
2026-09-23,601607,2005-03-08,-0.570,-0.460,-0.570,-0.470,,0.100,17.5400,19773,9664833.00,,AKSHARE,close_negative,主板,2000-2009,488.7894,全史负价（源侧缺陷）。OHLC 整体为负但列间比例自洽→疑似源历史段符号/量纲伪影，须回源确证
2026-09-23,601607,2005-03-09,-0.420,-0.360,-0.490,-0.460,,0.010,2.1300,26740,13290505.00,,AKSHARE,close_negative,主板,2000-2009,497.0271,全史负价（源侧缺陷）。OHLC 整体为负但列间比例自洽→疑似源历史段符号/量纲伪影，须回源确证
2026-09-23,601607,2005-03-10,-0.470,-0.420,-0.650,-0.610,,-0.150,-32.6100,13229,6461948.00,,AKSHARE,close_negative,主板,2000-2009,488.4684,全史负价（源侧缺陷）。OHLC 整体为负但列间比例自洽→疑似源历史段符号/量纲伪影，须回源确证
2026-09-23,601607,2005-03-11,-0.610,-0.570,-0.700,-0.630,,-0.020,-3.2800,11032,5246008.00,,AKSHARE,close_negative,主板,2000-2009,475.5265,全史负价（源侧缺陷）。OHLC 整体为负但列间比例自洽→疑似源历史段符号/量纲伪影，须回源确证
2026-09-23,601607,2005-03-14,-0.620,-0.620,-0.710,-0.690,,-0.060,-9.5200,12898,6090635.00,,AKSHARE,close_negative,主板,2000-2009,472.2155,全史负价（源侧缺陷）。OHLC 整体为负但列间比例自洽→疑似源历史段符号/量纲伪影，须回源确证
2026-09-23,601607,2005-03-15,-0.690,-0.680,-0.780,-0.770,,-0.080,-11.5900,9790,4568576.00,,AKSHARE,close_negative,主板,2000-2009,466.6574,全史负价（源侧缺陷）。OHLC 整体为负但列间比例自洽→疑似源历史段符号/量纲伪影，须回源确证
2026-09-23,601607,2005-03-16,-0.760,-0.740,-0.820,-0.810,,-0.040,-5.1900,7713,3558140.00,,AKSHARE,close_negative,主板,2000-2009,461.3173,全史负价（源侧缺陷）。OHLC 整体为负但列间比例自洽→疑似源历史段符号/量纲伪影，须回源确证
2026-09-23,601607,2005-03-17,-0.820,-0.770,-0.840,-0.790,,0.020,2.4700,5683,2611827.00,,AKSHARE,close_negative,主板,2000-2009,459.586,全史负价（源侧缺陷）。OHLC 整体为负但列间比例自洽→疑似源历史段符号/量纲伪影，须回源确证
2026-09-23,601607,2005-03-18,-0.790,-0.790,-0.870,-0.840,,-0.050,-6.3300,6842,3123504.00,,AKSHARE,close_negative,主板,2000-2009,456.5191,全史负价（源侧缺陷）。OHLC 整体为负但列间比例自洽→疑似源历史段符号/量纲伪影，须回源确证
2026-09-23,601607,2005-03-21,-0.840,-0.750,-0.840,-0.750,,0.090,10.7100,11959,5524248.00,,AKSHARE,close_negative,主板,2000-2009,461.9323,全史负价（源侧缺陷）。OHLC 整体为负但列间比例自洽→疑似源历史段符号/量纲伪影，须回源确证
2026-09-23,601607,2005-03-22,-0.750,-0.720,-1.050,-1.020,,-0.270,-36.0000,12663,5692778.00,,AKSHARE,close_negative,主板,2000-2009,449.56,全史负价（源侧缺陷）。OHLC 整体为负但列间比例自洽→疑似源历史段符号/量纲伪影，须回源确证
2026-09-23,601607,2005-03-23,-1.020,-0.930,-1.090,-1.020,,,,8323,3656052.00,,AKSHARE,close_negative,主板,2000-2009,439.2709,全史负价（源侧缺陷）。OHLC 整体为负但列间比例自洽→疑似源历史段符号/量纲伪影，须回源确证
2026-09-23,601607,2005-03-24,-1.020,-0.940,-1.040,-0.960,,0.060,5.8800,8224,3627509.00,,AKSHARE,close_negative,主板,2000-2009,441.0882,全史负价（源侧缺陷）。OHLC 整体为负但列间比例自洽→疑似源历史段符号/量纲伪影，须回源确证
2026-09-23,601607,2005-03-25,-0.900,-0.900,-1.000,-0.970,,-0.010,-1.0400,4706,2083050.00,,AKSHARE,close_negative,主板,2000-2009,442.6371,全史负价（源侧缺陷）。OHLC 整体为负但列间比例自洽→疑似源历史段符号/量纲伪影，须回源确证
2026-09-23,601607,2005-03-28,-0.980,-0.980,-1.040,-1.010,,-0.040,-4.1200,3262,1430092.00,,AKSHARE,close_negative,主板,2000-2009,438.4096,全史负价（源侧缺陷）。OHLC 整体为负但列间比例自洽→疑似源历史段符号/量纲伪影，须回源确证
2026-09-23,601607,2005-03-29,-1.020,-0.930,-1.020,-0.950,,0.060,5.9400,16331,7257782.00,,AKSHARE,close_negative,主板,2000-2009,444.4175,全史负价（源侧缺陷）。OHLC 整体为负但列间比例自洽→疑似源历史段符号/量纲伪影，须回源确证
2026-09-23,601607,2005-03-30,-0.950,-0.950,-1.100,-1.090,,-0.140,-14.7400,9168,3986205.00,,AKSHARE,close_negative,主板,2000-2009,434.7955,全史负价（源侧缺陷）。OHLC 整体为负但列间比例自洽→疑似源历史段符号/量纲伪影，须回源确证
2026-09-23,601607,2005-03-31,-1.100,-1.100,-1.210,-1.180,,-0.090,-8.2600,11771,4979976.00,,AKSHARE,close_negative,主板,2000-2009,423.0716,全史负价（源侧缺陷）。OHLC 整体为负但列间比例自洽→疑似源历史段符号/量纲伪影，须回源确证
2026-09-23,601607,2005-04-01,-1.170,-1.020,-1.250,-1.070,,0.110,9.3200,24659,10549657.00,,AKSHARE,close_negative,主板,2000-2009,427.8218,全史负价（源侧缺陷）。OHLC 整体为负但列间比例自洽→疑似源历史段符号/量纲伪影，须回源确证
2026-09-23,601607,2005-04-04,-1.120,-1.080,-1.200,-1.190,,-0.120,-11.2100,9501,4051207.00,,AKSHARE,close_negative,主板,2000-2009,426.398,全史负价（源侧缺陷）。OHLC 整体为负但列间比例自洽→疑似源历史段符号/量纲伪影，须回源确证
2026-09-23,601607,2005-04-05,-1.210,-1.110,-1.210,-1.170,,0.020,1.6800,11824,5027451.00,,AKSHARE,close_negative,主板,2000-2009,425.1904,全史负价（源侧缺陷）。OHLC 整体为负但列间比例自洽→疑似源历史段符号/量纲伪影，须回源确证
2026-09-23,601607,2005-04-06,-1.180,-1.000,-1.180,-1.060,,0.110,9.4000,17938,7749445.00,,AKSHARE,close_negative,主板,2000-2009,432.0128,全史负价（源侧缺陷）。OHLC 整体为负但列间比例自洽→疑似源历史段符号/量纲伪影，须回源确证
2026-09-23,601607,2005-04-07,-1.060,-0.850,-1.060,-0.950,,0.110,10.3800,34015,15191776.00,,AKSHARE,close_negative,主板,2000-2009,446.6199,全史负价（源侧缺陷）。OHLC 整体为负但列间比例自洽→疑似源历史段符号/量纲伪影，须回源确证
2026-09-23,601607,2005-04-08,-0.950,-0.880,-1.030,-0.900,,0.050,5.2600,21336,9492000.00,,AKSHARE,close_negative,主板,2000-2009,444.8819,全史负价（源侧缺陷）。OHLC 整体为负但列间比例自洽→疑似源历史段符号/量纲伪影，须回源确证
2026-09-23,601607,2005-04-11,-0.860,-0.860,-0.980,-0.940,,-0.040,-4.4400,20927,9346203.00,,AKSHARE,close_negative,主板,2000-2009,446.6098,全史负价（源侧缺陷）。OHLC 整体为负但列间比例自洽→疑似源历史段符号/量纲伪影，须回源确证
2026-09-23,601607,2005-04-12,-0.950,-0.950,-1.100,-1.090,,-0.150,-15.9600,17464,7635920.00,,AKSHARE,close_negative,主板,2000-2009,437.2377,全史负价（源侧缺陷）。OHLC 整体为负但列间比例自洽→疑似源历史段符号/量纲伪影，须回源确证
2026-09-23,601607,2005-04-13,-1.050,-0.930,-1.050,-0.960,,0.130,11.9300,25403,11243938.00,,AKSHARE,close_negative,主板,2000-2009,442.6224,全史负价（源侧缺陷）。OHLC 整体为负但列间比例自洽→疑似源历史段符号/量纲伪影，须回源确证
2026-09-23,601607,2005-04-14,-0.950,-0.880,-1.010,-0.960,,,,18996,8476261.00,,AKSHARE,close_negative,主板,2000-2009,446.2129,全史负价（源侧缺陷）。OHLC 整体为负但列间比例自洽→疑似源历史段符号/量纲伪影，须回源确证
2026-09-23,601607,2005-04-15,-1.010,-1.010,-1.130,-1.080,,-0.120,-12.5000,13462,5805359.00,,AKSHARE,close_negative,主板,2000-2009,431.2405,全史负价（源侧缺陷）。OHLC 整体为负但列间比例自洽→疑似源历史段符号/量纲伪影，须回源确证
2026-09-23,601607,2005-04-18,-1.110,-0.900,-1.150,-1.100,,-0.020,-1.8500,8399,3622478.00,,AKSHARE,close_negative,主板,2000-2009,431.2987,全史负价（源侧缺陷）。OHLC 整体为负但列间比例自洽→疑似源历史段符号/量纲伪影，须回源确证
2026-09-23,601607,2005-04-19,-1.130,-1.070,-1.180,-1.150,,-0.050,-4.5500,9347,3986004.00,,AKSHARE,close_negative,主板,2000-2009,426.4474,全史负价（源侧缺陷）。OHLC 整体为负但列间比例自洽→疑似源历史段符号/量纲伪影，须回源确证
2026-09-23,601607,2005-04-20,-1.140,-1.140,-1.250,-1.240,,-0.090,-7.8300,10201,4285261.00,,AKSHARE,close_negative,主板,2000-2009,420.0824,全史负价（源侧缺陷）。OHLC 整体为负但列间比例自洽→疑似源历史段符号/量纲伪影，须回源确证
2026-09-23,601607,2005-04-21,-1.230,-1.210,-1.300,-1.280,,-0.040,-3.2300,11793,4878370.00,,AKSHARE,close_negative,主板,2000-2009,413.6666,全史负价（源侧缺陷）。OHLC 整体为负但列间比例自洽→疑似源历史段符号/量纲伪影，须回源确证
2026-09-23,601607,2005-04-22,-1.290,-1.240,-1.450,-1.450,,-0.170,-13.2800,24951,10155188.00,,AKSHARE,close_negative,主板,2000-2009,407.0053,全史负价（源侧缺陷）。OHLC 整体为负但列间比例自洽→疑似源历史段符号/量纲伪影，须回源确证
2026-09-23,601607,2005-04-25,-1.450,-1.440,-1.720,-1.660,,-0.210,-14.4800,29904,11310465.00,,AKSHARE,close_negative,主板,2000-2009,378.2258,全史负价（源侧缺陷）。OHLC 整体为负但列间比例自洽→疑似源历史段符号/量纲伪影，须回源确证
2026-09-23,601607,2005-04-26,-1.640,-1.460,-1.780,-1.500,,0.160,9.6400,27523,10538027.00,,AKSHARE,close_negative,主板,2000-2009,382.8808,全史负价（源侧缺陷）。OHLC 整体为负但列间比例自洽→疑似源历史段符号/量纲伪影，须回源确证
2026-09-23,601607,2005-04-27,-1.710,-1.580,-1.760,-1.700,,-0.200,-13.3300,27636,10283741.00,,AKSHARE,close_negative,主板,2000-2009,372.1139,全史负价（源侧缺陷）。OHLC 整体为负但列间比例自洽→疑似源历史段符号/量纲伪影，须回源确证
2026-09-23,601607,2005-04-28,-1.700,-1.490,-1.710,-1.520,,0.180,10.5900,20380,7785432.00,,AKSHARE,close_negative,主板,2000-2009,382.0133,全史负价（源侧缺陷）。OHLC 整体为负但列间比例自洽→疑似源历史段符号/量纲伪影，须回源确证
2026-09-23,601607,2005-04-29,-1.530,-1.460,-1.570,-1.480,,0.040,2.6300,14746,5739568.00,,AKSHARE,close_negative,主板,2000-2009,389.2288,全史负价（源侧缺陷）。OHLC 整体为负但列间比例自洽→疑似源历史段符号/量纲伪影，须回源确证
2026-09-23,601607,2005-05-09,-1.450,-1.440,-1.650,-1.640,,-0.160,-10.8100,8008,3045466.00,,AKSHARE,close_negative,主板,2000-2009,380.3029,全史负价（源侧缺陷）。OHLC 整体为负但列间比例自洽→疑似源历史段符号/量纲伪影，须回源确证
2026-09-23,601607,2005-05-10,-1.640,-1.520,-1.690,-1.540,,0.100,6.1000,9626,3644073.00,,AKSHARE,close_negative,主板,2000-2009,378.5657,全史负价（源侧缺陷）。OHLC 整体为负但列间比例自洽→疑似源历史段符号/量纲伪影，须回源确证
2026-09-23,601607,2005-05-11,-1.540,-1.510,-1.650,-1.570,,-0.030,-1.9500,8185,3140039.00,,AKSHARE,close_negative,主板,2000-2009,383.6334,全史负价（源侧缺陷）。OHLC 整体为负但列间比例自洽→疑似源历史段符号/量纲伪影，须回源确证
2026-09-23,601607,2005-05-12,-1.640,-1.570,-1.690,-1.630,,-0.060,-3.8200,12023,4528565.00,,AKSHARE,close_negative,主板,2000-2009,376.6585,全史负价（源侧缺陷）。OHLC 整体为负但列间比例自洽→疑似源历史段符号/量纲伪影，须回源确证
2026-09-23,601607,2005-05-13,-1.650,-1.580,-1.680,-1.590,,0.040,2.4500,6809,2568421.00,,AKSHARE,close_negative,主板,2000-2009,377.2097,全史负价（源侧缺陷）。OHLC 整体为负但列间比例自洽→疑似源历史段符号/量纲伪影，须回源确证
2026-09-23,601607,2005-05-16,-1.580,-1.580,-1.660,-1.630,,-0.040,-2.5200,6594,2484628.00,,AKSHARE,close_negative,主板,2000-2009,376.8013,全史负价（源侧缺陷）。OHLC 整体为负但列间比例自洽→疑似源历史段符号/量纲伪影，须回源确证
2026-09-23,601607,2005-05-17,-1.650,-1.450,-1.650,-1.480,,0.150,9.2000,28031,10898835.00,,AKSHARE,close_negative,主板,2000-2009,388.8136,全史负价（源侧缺陷）。OHLC 整体为负但列间比例自洽→疑似源历史段符号/量纲伪影，须回源确证
2026-09-23,601607,2005-05-18,-1.500,-1.460,-1.560,-1.460,,0.020,1.3500,11812,4603901.00,,AKSHARE,close_negative,主板,2000-2009,389.7647,全史负价（源侧缺陷）。OHLC 整体为负但列间比例自洽→疑似源历史段符号/量纲伪影，须回源确证
2026-09-23,601607,2005-05-19,-1.500,-1.470,-1.530,-1.490,,-0.030,-2.0500,7667,2986888.00,,AKSHARE,close_negative,主板,2000-2009,389.5771,全史负价（源侧缺陷）。OHLC 整体为负但列间比例自洽→疑似源历史段符号/量纲伪影，须回源确证
2026-09-23,601607,2005-05-20,-1.500,-1.470,-1.560,-1.540,,-0.050,-3.3600,9793,3812740.00,,AKSHARE,close_negative,主板,2000-2009,389.3332,全史负价（源侧缺陷）。OHLC 整体为负但列间比例自洽→疑似源历史段符号/量纲伪影，须回源确证
2026-09-23,601607,2005-05-23,-1.540,-1.540,-1.650,-1.630,,-0.090,-5.8400,7662,2899771.00,,AKSHARE,close_negative,主板,2000-2009,378.4614,全史负价（源侧缺陷）。OHLC 整体为负但列间比例自洽→疑似源历史段符号/量纲伪影，须回源确证
2026-09-23,601607,2005-05-24,-1.600,-1.520,-1.630,-1.560,,0.070,4.2900,7613,2907730.00,,AKSHARE,close_negative,主板,2000-2009,381.9427,全史负价（源侧缺陷）。OHLC 整体为负但列间比例自洽→疑似源历史段符号/量纲伪影，须回源确证
2026-09-23,601607,2005-05-25,-1.570,-1.470,-1.580,-1.510,,0.050,3.2100,8918,3458348.00,,AKSHARE,close_negative,主板,2000-2009,387.7941,全史负价（源侧缺陷）。OHLC 整体为负但列间比例自洽→疑似源历史段符号/量纲伪影，须回源确证
2026-09-23,601607,2005-05-26,-1.550,-1.520,-1.600,-1.580,,-0.070,-4.6400,4852,1863804.00,,AKSHARE,close_negative,主板,2000-2009,384.1311,全史负价（源侧缺陷）。OHLC 整体为负但列间比例自洽→疑似源历史段符号/量纲伪影，须回源确证
2026-09-23,601607,2005-05-27,-1.580,-1.530,-1.640,-1.610,,-0.030,-1.9000,6835,2596534.00,,AKSHARE,close_negative,主板,2000-2009,379.8879,全史负价（源侧缺陷）。OHLC 整体为负但列间比例自洽→疑似源历史段符号/量纲伪影，须回源确证
2026-09-23,601607,2005-05-30,-1.600,-1.570,-1.660,-1.600,,0.010,0.6200,7792,2947863.00,,AKSHARE,close_negative,主板,2000-2009,378.3192,全史负价（源侧缺陷）。OHLC 整体为负但列间比例自洽→疑似源历史段符号/量纲伪影，须回源确证
2026-09-23,601607,2005-05-31,-1.600,-1.540,-1.630,-1.560,,0.040,2.5000,7706,2935866.00,,AKSHARE,close_negative,主板,2000-2009,380.9844,全史负价（源侧缺陷）。OHLC 整体为负但列间比例自洽→疑似源历史段符号/量纲伪影，须回源确证
2026-09-23,601607,2005-06-01,-1.560,-1.560,-1.700,-1.690,,-0.130,-8.3300,9105,3412387.00,,AKSHARE,close_negative,主板,2000-2009,374.7817,全史负价（源侧缺陷）。OHLC 整体为负但列间比例自洽→疑似源历史段符号/量纲伪影，须回源确证
2026-09-23,601607,2005-06-02,-1.650,-1.650,-1.770,-1.730,,-0.040,-2.3700,8659,3175618.00,,AKSHARE,close_negative,主板,2000-2009,366.7419,全史负价（源侧缺陷）。OHLC 整体为负但列间比例自洽→疑似源历史段符号/量纲伪影，须回源确证
2026-09-23,601607,2005-06-03,-1.700,-1.690,-1.800,-1.770,,-0.040,-2.3100,10457,3800965.00,,AKSHARE,close_negative,主板,2000-2009,363.4852,全史负价（源侧缺陷）。OHLC 整体为负但列间比例自洽→疑似源历史段符号/量纲伪影，须回源确证
2026-09-23,601607,2005-06-06,-1.780,-1.770,-1.910,-1.880,,-0.110,-6.2100,19959,7073459.00,,AKSHARE,close_negative,主板,2000-2009,354.3995,全史负价（源侧缺陷）。OHLC 整体为负但列间比例自洽→疑似源历史段符号/量纲伪影，须回源确证
2026-09-23,601607,2005-06-07,-1.860,-1.700,-1.860,-1.820,,0.060,3.1900,16557,5992764.00,,AKSHARE,close_negative,主板,2000-2009,361.9475,全史负价（源侧缺陷）。OHLC 整体为负但列间比例自洽→疑似源历史段符号/量纲伪影，须回源确证
2026-09-23,601607,2005-06-08,-1.840,-1.540,-1.850,-1.570,,0.250,13.7400,53877,20247796.00,,AKSHARE,close_negative,主板,2000-2009,375.8152,全史负价（源侧缺陷）。OHLC 整体为负但列间比例自洽→疑似源历史段符号/量纲伪影，须回源确证
2026-09-23,601607,2005-06-09,-1.580,-1.490,-1.620,-1.520,,0.050,3.1800,48243,18600608.00,,AKSHARE,close_negative,主板,2000-2009,385.5608,全史负价（源侧缺陷）。OHLC 整体为负但列间比例自洽→疑似源历史段符号/量纲伪影，须回源确证
2026-09-23,601607,2005-06-10,-1.540,-1.520,-1.620,-1.580,,-0.060,-3.9500,24920,9523394.00,,AKSHARE,close_negative,主板,2000-2009,382.1587,全史负价（源侧缺陷）。OHLC 整体为负但列间比例自洽→疑似源历史段符号/量纲伪影，须回源确证
2026-09-23,601607,2005-06-13,-1.560,-1.480,-1.630,-1.490,,0.090,5.7000,30864,11889305.00,,AKSHARE,close_negative,主板,2000-2009,385.2159,全史负价（源侧缺陷）。OHLC 整体为负但列间比例自洽→疑似源历史段符号/量纲伪影，须回源确证
2026-09-23,601607,2005-06-14,-1.450,-1.310,-1.470,-1.440,,0.050,3.3600,110656,44536200.00,,AKSHARE,close_negative,主板,2000-2009,402.4743,全史负价（源侧缺陷）。OHLC 整体为负但列间比例自洽→疑似源历史段符号/量纲伪影，须回源确证
2026-09-23,601607,2005-06-15,-1.470,-1.460,-1.630,-1.580,,-0.140,-9.7200,31921,12226553.00,,AKSHARE,close_negative,主板,2000-2009,383.0254,全史负价（源侧缺陷）。OHLC 整体为负但列间比例自洽→疑似源历史段符号/量纲伪影，须回源确证
2026-09-23,601607,2005-06-16,-1.570,-1.470,-1.580,-1.490,,0.090,5.7000,28119,10907691.00,,AKSHARE,close_negative,主板,2000-2009,387.9118,全史负价（源侧缺陷）。OHLC 整体为负但列间比例自洽→疑似源历史段符号/量纲伪影，须回源确证
2026-09-23,601607,2005-06-17,-1.470,-1.450,-1.550,-1.470,,0.020,1.3400,20491,8015968.00,,AKSHARE,close_negative,主板,2000-2009,391.1946,全史负价（源侧缺陷）。OHLC 整体为负但列间比例自洽→疑似源历史段符号/量纲伪影，须回源确证
2026-09-23,601607,2005-06-20,-1.510,-1.380,-1.570,-1.390,,0.080,5.4400,35233,13971733.00,,AKSHARE,close_negative,主板,2000-2009,396.5525,全史负价（源侧缺陷）。OHLC 整体为负但列间比例自洽→疑似源历史段符号/量纲伪影，须回源确证
2026-09-23,601607,2005-06-21,-1.370,-1.370,-1.490,-1.480,,-0.090,-6.4700,20920,8278352.00,,AKSHARE,close_negative,主板,2000-2009,395.7147,全史负价（源侧缺陷）。OHLC 整体为负但列间比例自洽→疑似源历史段符号/量纲伪影，须回源确证
2026-09-23,601607,2005-06-22,-1.480,-1.450,-1.560,-1.480,,,,15300,5937083.00,,AKSHARE,close_negative,主板,2000-2009,388.0446,全史负价（源侧缺陷）。OHLC 整体为负但列间比例自洽→疑似源历史段符号/量纲伪影，须回源确证
2026-09-23,601607,2005-06-23,-1.500,-1.480,-1.580,-1.560,,-0.080,-5.4100,17759,6846588.00,,AKSHARE,close_negative,主板,2000-2009,385.5278,全史负价（源侧缺陷）。OHLC 整体为负但列间比例自洽→疑似源历史段符号/量纲伪影，须回源确证
2026-09-23,601607,2005-06-24,-1.580,-1.460,-1.590,-1.470,,0.090,5.7700,17670,6872133.00,,AKSHARE,close_negative,主板,2000-2009,388.9153,全史负价（源侧缺陷）。OHLC 整体为负但列间比例自洽→疑似源历史段符号/量纲伪影，须回源确证
2026-09-23,601607,2005-06-27,-1.420,-1.370,-1.450,-1.440,,0.030,2.0400,32244,12837208.00,,AKSHARE,close_negative,主板,2000-2009,398.127,全史负价（源侧缺陷）。OHLC 整体为负但列间比例自洽→疑似源历史段符号/量纲伪影，须回源确证
2026-09-23,601607,2005-06-28,-1.460,-1.460,-1.550,-1.540,,-0.100,-6.9400,11137,4320152.00,,AKSHARE,close_negative,主板,2000-2009,387.9099,全史负价（源侧缺陷）。OHLC 整体为负但列间比例自洽→疑似源历史段符号/量纲伪影，须回源确证
2026-09-23,601607,2005-06-29,-1.510,-1.500,-1.560,-1.550,,-0.010,-0.6500,10052,3878964.00,,AKSHARE,close_negative,主板,2000-2009,385.8898,全史负价（源侧缺陷）。OHLC 整体为负但列间比例自洽→疑似源历史段符号/量纲伪影，须回源确证
2026-09-23,601607,2005-07-01,-1.610,-1.610,-1.850,-1.800,,-0.250,-16.1300,24236,8785796.00,,AKSHARE,close_negative,主板,2000-2009,362.5102,全史负价（源侧缺陷）。OHLC 整体为负但列间比例自洽→疑似源历史段符号/量纲伪影，须回源确证
2026-09-23,601607,2005-07-04,-1.840,-1.800,-2.000,-1.900,,-0.100,-5.5600,19358,6688700.00,,AKSHARE,close_negative,主板,2000-2009,345.5264,全史负价（源侧缺陷）。OHLC 整体为负但列间比例自洽→疑似源历史段符号/量纲伪影，须回源确证
2026-09-23,601607,2005-07-05,-1.880,-1.880,-1.960,-1.940,,-0.040,-2.1100,6203,2155334.00,,AKSHARE,close_negative,主板,2000-2009,347.4664,全史负价（源侧缺陷）。OHLC 整体为负但列间比例自洽→疑似源历史段符号/量纲伪影，须回源确证
2026-09-23,601607,2005-07-06,-1.900,-1.890,-1.980,-1.940,,,,4901,1700800.00,,AKSHARE,close_negative,主板,2000-2009,347.0312,全史负价（源侧缺陷）。OHLC 整体为负但列间比例自洽→疑似源历史段符号/量纲伪影，须回源确证
2026-09-23,601607,2005-07-07,-1.920,-1.920,-1.980,-1.950,,-0.010,-0.5200,7118,2455690.00,,AKSHARE,close_negative,主板,2000-2009,344.9972,全史负价（源侧缺陷）。OHLC 整体为负但列间比例自洽→疑似源历史段符号/量纲伪影，须回源确证
2026-09-23,601607,2005-07-08,-1.980,-1.960,-2.020,-2.000,,-0.050,-2.5600,11758,3998023.00,,AKSHARE,close_negative,主板,2000-2009,340.0258,全史负价（源侧缺陷）。OHLC 整体为负但列间比例自洽→疑似源历史段符号/量纲伪影，须回源确证
2026-09-23,601607,2005-07-11,-2.000,-1.910,-2.030,-2.000,,,,6896,2354214.00,,AKSHARE,close_negative,主板,2000-2009,341.3883,全史负价（源侧缺陷）。OHLC 整体为负但列间比例自洽→疑似源历史段符号/量纲伪影，须回源确证
2026-09-23,601607,2005-07-12,-2.000,-1.880,-2.030,-1.920,,0.080,4.0000,10309,3557939.00,,AKSHARE,close_negative,主板,2000-2009,345.1294,全史负价（源侧缺陷）。OHLC 整体为负但列间比例自洽→疑似源历史段符号/量纲伪影，须回源确证
2026-09-23,601607,2005-07-13,-1.920,-1.910,-2.000,-1.950,,-0.030,-1.5600,7628,2626507.00,,AKSHARE,close_negative,主板,2000-2009,344.3245,全史负价（源侧缺陷）。OHLC 整体为负但列间比例自洽→疑似源历史段符号/量纲伪影，须回源确证
2026-09-23,601607,2005-07-14,-1.950,-1.900,-1.980,-1.940,,0.010,0.5100,5737,1985304.00,,AKSHARE,close_negative,主板,2000-2009,346.0526,全史负价（源侧缺陷）。OHLC 整体为负但列间比例自洽→疑似源历史段符号/量纲伪影，须回源确证
2026-09-23,601607,2005-07-15,-1.950,-1.920,-2.100,-2.030,,-0.090,-4.6400,15095,5089892.00,,AKSHARE,close_negative,主板,2000-2009,337.1906,全史负价（源侧缺陷）。OHLC 整体为负但列间比例自洽→疑似源历史段符号/量纲伪影，须回源确证
2026-09-23,601607,2005-07-18,-2.030,-2.030,-2.110,-2.090,,-0.060,-2.9600,15208,5048477.00,,AKSHARE,close_negative,主板,2000-2009,331.9619,全史负价（源侧缺陷）。OHLC 整体为负但列间比例自洽→疑似源历史段符号/量纲伪影，须回源确证
2026-09-23,601607,2005-07-19,-2.100,-2.040,-2.110,-2.080,,0.010,0.4800,5764,1908866.00,,AKSHARE,close_negative,主板,2000-2009,331.1704,全史负价（源侧缺陷）。OHLC 整体为负但列间比例自洽→疑似源历史段符号/量纲伪影，须回源确证
2026-09-23,601607,2005-07-20,-2.090,-2.010,-2.100,-2.070,,0.010,0.4800,5145,1718605.00,,AKSHARE,close_negative,主板,2000-2009,334.034,全史负价（源侧缺陷）。OHLC 整体为负但列间比例自洽→疑似源历史段符号/量纲伪影，须回源确证
2026-09-23,601607,2005-07-21,-2.070,-2.070,-2.130,-2.080,,-0.010,-0.4800,13859,4575495.00,,AKSHARE,close_negative,主板,2000-2009,330.1461,全史负价（源侧缺陷）。OHLC 整体为负但列间比例自洽→疑似源历史段符号/量纲伪影，须回源确证
2026-09-23,601607,2005-07-22,-2.080,-1.970,-2.100,-2.020,,0.060,2.8800,28723,9690552.00,,AKSHARE,close_negative,主板,2000-2009,337.3795,全史负价（源侧缺陷）。OHLC 整体为负但列间比例自洽→疑似源历史段符号/量纲伪影，须回源确证
2026-09-23,601607,2005-07-25,-2.000,-2.000,-2.060,-2.040,,-0.020,-0.9900,8392,2824030.00,,AKSHARE,close_negative,主板,2000-2009,336.5145,全史负价（源侧缺陷）。OHLC 整体为负但列间比例自洽→疑似源历史段符号/量纲伪影，须回源确证
2026-09-23,601607,2005-07-26,-2.040,-1.930,-2.060,-1.930,,0.110,5.3900,26774,9205497.00,,AKSHARE,close_negative,主板,2000-2009,343.8223,全史负价（源侧缺陷）。OHLC 整体为负但列间比例自洽→疑似源历史段符号/量纲伪影，须回源确证
2026-09-23,601607,2005-07-27,-1.930,-1.850,-1.970,-1.860,,0.070,3.6300,23421,8204615.00,,AKSHARE,close_negative,主板,2000-2009,350.3102,全史负价（源侧缺陷）。OHLC 整体为负但列间比例自洽→疑似源历史段符号/量纲伪影，须回源确证
2026-09-23,601607,2005-07-28,-1.890,-1.850,-1.930,-1.910,,-0.050,-2.6900,21052,7385642.00,,AKSHARE,close_negative,主板,2000-2009,350.8285,全史负价（源侧缺陷）。OHLC 整体为负但列间比例自洽→疑似源历史段符号/量纲伪影，须回源确证
2026-09-23,601607,2005-07-29,-1.900,-1.900,-1.960,-1.910,,,,11982,4148224.00,,AKSHARE,close_negative,主板,2000-2009,346.2046,全史负价（源侧缺陷）。OHLC 整体为负但列间比例自洽→疑似源历史段符号/量纲伪影，须回源确证
2026-09-23,601607,2005-08-01,-1.910,-1.890,-1.960,-1.930,,-0.020,-1.0500,9581,3327373.00,,AKSHARE,close_negative,主板,2000-2009,347.2887,全史负价（源侧缺陷）。OHLC 整体为负但列间比例自洽→疑似源历史段符号/量纲伪影，须回源确证
2026-09-23,601607,2005-08-02,-1.930,-1.850,-1.940,-1.850,,0.080,4.1500,18169,6381458.00,,AKSHARE,close_negative,主板,2000-2009,351.2278,全史负价（源侧缺陷）。OHLC 整体为负但列间比例自洽→疑似源历史段符号/量纲伪影，须回源确证
2026-09-23,601607,2005-08-03,-1.850,-1.760,-1.870,-1.850,,,,36399,13105319.00,,AKSHARE,close_negative,主板,2000-2009,360.0461,全史负价（源侧缺陷）。OHLC 整体为负但列间比例自洽→疑似源历史段符号/量纲伪影，须回源确证
2026-09-23,601607,2005-08-04,-1.850,-1.830,-1.910,-1.890,,-0.040,-2.1600,18386,6483458.00,,AKSHARE,close_negative,主板,2000-2009,352.6302,全史负价（源侧缺陷）。OHLC 整体为负但列间比例自洽→疑似源历史段符号/量纲伪影，须回源确证
2026-09-23,601607,2005-08-05,-1.880,-1.750,-1.920,-1.750,,0.140,7.4100,34528,12410682.00,,AKSHARE,close_negative,主板,2000-2009,359.4382,全史负价（源侧缺陷）。OHLC 整体为负但列间比例自洽→疑似源历史段符号/量纲伪影，须回源确证
2026-09-23,601607,2005-08-08,-1.750,-1.660,-1.770,-1.750,,,,38712,14274940.00,,AKSHARE,close_negative,主板,2000-2009,368.7472,全史负价（源侧缺陷）。OHLC 整体为负但列间比例自洽→疑似源历史段符号/量纲伪影，须回源确证
2026-09-23,601607,2005-08-09,-1.750,-1.620,-1.770,-1.650,,0.100,5.7100,29591,10900398.00,,AKSHARE,close_negative,主板,2000-2009,368.3687,全史负价（源侧缺陷）。OHLC 整体为负但列间比例自洽→疑似源历史段符号/量纲伪影，须回源确证
2026-09-23,601607,2005-08-10,-1.650,-1.610,-1.730,-1.620,,0.030,1.8200,39207,14683968.00,,AKSHARE,close_negative,主板,2000-2009,374.5241,全史负价（源侧缺陷）。OHLC 整体为负但列间比例自洽→疑似源历史段符号/量纲伪影，须回源确证
2026-09-23,601607,2005-08-11,-1.620,-1.530,-1.660,-1.540,,0.080,4.9400,48722,18550508.00,,AKSHARE,close_negative,主板,2000-2009,380.7419,全史负价（源侧缺陷）。OHLC 整体为负但列间比例自洽→疑似源历史段符号/量纲伪影，须回源确证
2026-09-23,601607,2005-08-12,-1.540,-1.370,-1.580,-1.540,,,,129082,50860132.00,,AKSHARE,close_negative,主板,2000-2009,394.0141,全史负价（源侧缺陷）。OHLC 整体为负但列间比例自洽→疑似源历史段符号/量纲伪影，须回源确证
2026-09-23,601607,2005-08-15,-1.540,-1.430,-1.580,-1.440,,0.100,6.4900,40379,15740027.00,,AKSHARE,close_negative,主板,2000-2009,389.8073,全史负价（源侧缺陷）。OHLC 整体为负但列间比例自洽→疑似源历史段符号/量纲伪影，须回源确证
2026-09-23,601607,2005-08-16,-1.440,-1.260,-1.470,-1.330,,0.110,7.6400,78337,31761784.00,,AKSHARE,close_negative,主板,2000-2009,405.4506,全史负价（源侧缺陷）。OHLC 整体为负但列间比例自洽→疑似源历史段符号/量纲伪影，须回源确证
2026-09-23,601607,2005-08-17,-1.350,-1.260,-1.400,-1.280,,0.050,3.7600,68933,28099408.00,,AKSHARE,close_negative,主板,2000-2009,407.6336,全史负价（源侧缺陷）。OHLC 整体为负但列间比例自洽→疑似源历史段符号/量纲伪影，须回源确证
2026-09-23,601607,2005-08-18,-1.280,-1.130,-1.510,-1.490,,-0.210,-16.4100,75509,31012028.00,,AKSHARE,close_negative,主板,2000-2009,410.7064,全史负价（源侧缺陷）。OHLC 整体为负但列间比例自洽→疑似源历史段符号/量纲伪影，须回源确证
2026-09-23,601607,2005-08-19,-1.570,-1.510,-1.690,-1.650,,-0.160,-10.7400,32701,12373121.00,,AKSHARE,close_negative,主板,2000-2009,378.3713,全史负价（源侧缺陷）。OHLC 整体为负但列间比例自洽→疑似源历史段符号/量纲伪影，须回源确证
2026-09-23,601607,2005-08-22,-1.690,-1.560,-1.690,-1.570,,0.080,4.8500,11603,4402202.00,,AKSHARE,close_negative,主板,2000-2009,379.4021,全史负价（源侧缺陷）。OHLC 整体为负但列间比例自洽→疑似源历史段符号/量纲伪影，须回源确证
2026-09-23,601607,2005-08-23,-1.570,-1.570,-1.690,-1.650,,-0.080,-5.1000,15006,5641219.00,,AKSHARE,close_negative,主板,2000-2009,375.9309,全史负价（源侧缺陷）。OHLC 整体为负但列间比例自洽→疑似源历史段符号/量纲伪影，须回源确证
2026-09-23,601607,2005-08-24,-1.630,-1.580,-1.650,-1.600,,0.050,3.0300,14278,5421894.00,,AKSHARE,close_negative,主板,2000-2009,379.7376,全史负价（源侧缺陷）。OHLC 整体为负但列间比例自洽→疑似源历史段符号/量纲伪影，须回源确证
2026-09-23,601607,2005-08-25,-1.600,-1.540,-1.610,-1.550,,0.050,3.1300,19364,7415607.00,,AKSHARE,close_negative,主板,2000-2009,382.9584,全史负价（源侧缺陷）。OHLC 整体为负但列间比例自洽→疑似源历史段符号/量纲伪影，须回源确证
2026-09-23,601607,2005-08-26,-1.550,-1.530,-1.620,-1.600,,-0.050,-3.2300,16017,6103478.00,,AKSHARE,close_negative,主板,2000-2009,381.0625,全史负价（源侧缺陷）。OHLC 整体为负但列间比例自洽→疑似源历史段符号/量纲伪影，须回源确证
2026-09-23,601607,2005-08-29,-1.650,-1.600,-1.680,-1.680,,-0.080,-5.0000,17112,6401793.00,,AKSHARE,close_negative,主板,2000-2009,374.1113,全史负价（源侧缺陷）。OHLC 整体为负但列间比例自洽→疑似源历史段符号/量纲伪影，须回源确证
2026-09-23,601607,2005-08-30,-1.700,-1.680,-1.750,-1.710,,-0.030,-1.7900,13375,4930922.00,,AKSHARE,close_negative,主板,2000-2009,368.6671,全史负价（源侧缺陷）。OHLC 整体为负但列间比例自洽→疑似源历史段符号/量纲伪影，须回源确证
2026-09-23,601607,2005-08-31,-1.720,-1.590,-1.730,-1.600,,0.110,6.4300,13636,5105925.00,,AKSHARE,close_negative,主板,2000-2009,374.4445,全史负价（源侧缺陷）。OHLC 整体为负但列间比例自洽→疑似源历史段符号/量纲伪影，须回源确证
2026-09-23,601607,2005-09-01,-1.600,-1.470,-1.630,-1.500,,0.100,6.2500,36137,13996868.00,,AKSHARE,close_negative,主板,2000-2009,387.3279,全史负价（源侧缺陷）。OHLC 整体为负但列间比例自洽→疑似源历史段符号/量纲伪影，须回源确证
2026-09-23,601607,2005-09-02,-1.500,-1.430,-1.530,-1.490,,0.010,0.6700,27510,10782108.00,,AKSHARE,close_negative,主板,2000-2009,391.9341,全史负价（源侧缺陷）。OHLC 整体为负但列间比例自洽→疑似源历史段符号/量纲伪影，须回源确证
2026-09-23,601607,2005-09-05,-1.480,-1.430,-1.510,-1.450,,0.040,2.6800,22984,9025693.00,,AKSHARE,close_negative,主板,2000-2009,392.6946,全史负价（源侧缺陷）。OHLC 整体为负但列间比例自洽→疑似源历史段符号/量纲伪影，须回源确证
2026-09-23,601607,2005-09-06,-1.410,-1.380,-1.570,-1.530,,-0.080,-5.5200,46308,18324424.00,,AKSHARE,close_negative,主板,2000-2009,395.7075,全史负价（源侧缺陷）。OHLC 整体为负但列间比例自洽→疑似源历史段符号/量纲伪影，须回源确证
2026-09-23,601607,2005-09-07,-1.530,-1.420,-1.550,-1.430,,0.100,6.5400,27448,10791019.00,,AKSHARE,close_negative,主板,2000-2009,393.1441,全史负价（源侧缺陷）。OHLC 整体为负但列间比例自洽→疑似源历史段符号/量纲伪影，须回源确证
2026-09-23,601607,2005-09-08,-1.430,-1.400,-1.490,-1.440,,-0.010,-0.7000,24173,9560386.00,,AKSHARE,close_negative,主板,2000-2009,395.4985,全史负价（源侧缺陷）。OHLC 整体为负但列间比例自洽→疑似源历史段符号/量纲伪影，须回源确证
2026-09-23,601607,2005-09-09,-1.440,-1.410,-1.500,-1.480,,-0.040,-2.7800,20644,8128101.00,,AKSHARE,close_negative,主板,2000-2009,393.727,全史负价（源侧缺陷）。OHLC 整体为负但列间比例自洽→疑似源历史段符号/量纲伪影，须回源确证
2026-09-23,601607,2005-09-12,-1.550,-1.480,-1.560,-1.530,,-0.050,-3.3800,12884,4989208.00,,AKSHARE,close_negative,主板,2000-2009,387.2406,全史负价（源侧缺陷）。OHLC 整体为负但列间比例自洽→疑似源历史段符号/量纲伪影，须回源确证
2026-09-23,601607,2005-09-13,-1.520,-1.440,-1.560,-1.460,,0.070,4.5800,20114,7894849.00,,AKSHARE,close_negative,主板,2000-2009,392.5052,全史负价（源侧缺陷）。OHLC 整体为负但列间比例自洽→疑似源历史段符号/量纲伪影，须回源确证
2026-09-23,601607,2005-09-14,-1.440,-1.360,-1.460,-1.400,,0.060,4.1100,34520,13754951.00,,AKSHARE,close_negative,主板,2000-2009,398.4632,全史负价（源侧缺陷）。OHLC 整体为负但列间比例自洽→疑似源历史段符号/量纲伪影，须回源确证
2026-09-23,601607,2005-09-15,-1.390,-1.360,-1.430,-1.380,,0.020,1.4300,32416,12994552.00,,AKSHARE,close_negative,主板,2000-2009,400.8685,全史负价（源侧缺陷）。OHLC 整体为负但列间比例自洽→疑似源历史段符号/量纲伪影，须回源确证
2026-09-23,601607,2005-09-16,-1.380,-1.350,-1.460,-1.410,,-0.030,-2.1700,22214,8862894.00,,AKSHARE,close_negative,主板,2000-2009,398.9779,全史负价（源侧缺陷）。OHLC 整体为负但列间比例自洽→疑似源历史段符号/量纲伪影，须回源确证
2026-09-23,601607,2005-09-19,-1.400,-1.370,-1.430,-1.400,,0.010,0.7100,27370,10951194.00,,AKSHARE,close_negative,主板,2000-2009,400.1167,全史负价（源侧缺陷）。OHLC 整体为负但列间比例自洽→疑似源历史段符号/量纲伪影，须回源确证
2026-09-23,601607,2005-09-20,-1.400,-1.300,-1.410,-1.300,,0.100,7.1400,53625,21677248.00,,AKSHARE,close_negative,主板,2000-2009,404.2377,全史负价（源侧缺陷）。OHLC 整体为负但列间比例自洽→疑似源历史段符号/量纲伪影，须回源确证
2026-09-23,601607,2005-09-21,-1.370,-1.320,-1.440,-1.410,,-0.110,-8.4600,28794,11537293.00,,AKSHARE,close_negative,主板,2000-2009,400.6839,全史负价（源侧缺陷）。OHLC 整体为负但列间比例自洽→疑似源历史段符号/量纲伪影，须回源确证
2026-09-23,601607,2005-09-22,-1.400,-1.400,-1.800,-1.570,,-0.160,-11.3500,27812,10753452.00,,AKSHARE,close_negative,主板,2000-2009,386.6479,全史负价（源侧缺陷）。OHLC 整体为负但列间比例自洽→疑似源历史段符号/量纲伪影，须回源确证
2026-09-23,601607,2005-09-23,-1.600,-1.540,-1.650,-1.650,,-0.080,-5.1000,15298,5833314.00,,AKSHARE,close_negative,主板,2000-2009,381.3122,全史负价（源侧缺陷）。OHLC 整体为负但列间比例自洽→疑似源历史段符号/量纲伪影，须回源确证
2026-09-23,601607,2005-09-26,-1.640,-1.610,-1.680,-1.640,,0.010,0.6100,7501,2815329.00,,AKSHARE,close_negative,主板,2000-2009,375.3272,全史负价（源侧缺陷）。OHLC 整体为负但列间比例自洽→疑似源历史段符号/量纲伪影，须回源确证
2026-09-23,601607,2005-09-27,-1.640,-1.620,-1.760,-1.740,,-0.100,-6.1000,13045,4817015.00,,AKSHARE,close_negative,主板,2000-2009,369.2614,全史负价（源侧缺陷）。OHLC 整体为负但列间比例自洽→疑似源历史段符号/量纲伪影，须回源确证
2026-09-23,601607,2005-09-28,-1.740,-1.660,-1.760,-1.740,,,,8988,3300254.00,,AKSHARE,close_negative,主板,2000-2009,367.1845,全史负价（源侧缺陷）。OHLC 整体为负但列间比例自洽→疑似源历史段符号/量纲伪影，须回源确证
2026-09-23,601607,2005-09-29,-1.730,-1.680,-1.760,-1.700,,0.040,2.3000,17967,6598890.00,,AKSHARE,close_negative,主板,2000-2009,367.2783,全史负价（源侧缺陷）。OHLC 整体为负但列间比例自洽→疑似源历史段符号/量纲伪影，须回源确证
2026-09-23,601607,2005-09-30,-1.700,-1.690,-1.750,-1.740,,-0.040,-2.3500,7515,2758807.00,,AKSHARE,close_negative,主板,2000-2009,367.1067,全史负价（源侧缺陷）。OHLC 整体为负但列间比例自洽→疑似源历史段符号/量纲伪影，须回源确证
2026-09-23,601607,2005-10-10,-1.790,-1.750,-1.880,-1.860,,-0.120,-6.9000,10968,3912200.00,,AKSHARE,close_negative,主板,2000-2009,356.6922,全史负价（源侧缺陷）。OHLC 整体为负但列间比例自洽→疑似源历史段符号/量纲伪影，须回源确证
2026-09-23,601607,2005-10-11,-1.830,-1.790,-1.880,-1.790,,0.070,3.7600,5683,2030611.00,,AKSHARE,close_negative,主板,2000-2009,357.3132,全史负价（源侧缺陷）。OHLC 整体为负但列间比例自洽→疑似源历史段符号/量纲伪影，须回源确证
2026-09-23,601607,2005-10-12,-1.790,-1.740,-1.840,-1.750,,0.040,2.2300,9225,3336174.00,,AKSHARE,close_negative,主板,2000-2009,361.6449,全史负价（源侧缺陷）。OHLC 整体为负但列间比例自洽→疑似源历史段符号/量纲伪影，须回源确证
2026-09-23,601607,2005-10-13,-1.750,-1.730,-1.820,-1.800,,-0.050,-2.8600,8705,3156716.00,,AKSHARE,close_negative,主板,2000-2009,362.6325,全史负价（源侧缺陷）。OHLC 整体为负但列间比例自洽→疑似源历史段符号/量纲伪影，须回源确证
2026-09-23,601607,2005-10-14,-1.800,-1.780,-1.850,-1.830,,-0.030,-1.6700,6302,2260369.00,,AKSHARE,close_negative,主板,2000-2009,358.6749,全史负价（源侧缺陷）。OHLC 整体为负但列间比例自洽→疑似源历史段符号/量纲伪影，须回源确证
2026-09-23,601607,2005-10-17,-1.840,-1.840,-1.980,-1.930,,-0.100,-5.4600,19704,6819541.00,,AKSHARE,close_negative,主板,2000-2009,346.0993,全史负价（源侧缺陷）。OHLC 整体为负但列间比例自洽→疑似源历史段符号/量纲伪影，须回源确证
2026-09-23,601607,2005-10-18,-1.920,-1.830,-1.960,-1.850,,0.080,4.1500,14043,4924708.00,,AKSHARE,close_negative,主板,2000-2009,350.6877,全史负价（源侧缺陷）。OHLC 整体为负但列间比例自洽→疑似源历史段符号/量纲伪影，须回源确证
2026-09-23,601607,2005-10-19,-1.830,-1.770,-1.890,-1.850,,,,11696,4190700.00,,AKSHARE,close_negative,主板,2000-2009,358.302,全史负价（源侧缺陷）。OHLC 整体为负但列间比例自洽→疑似源历史段符号/量纲伪影，须回源确证
2026-09-23,601607,2005-10-20,-1.890,-1.860,-1.940,-1.870,,-0.020,-1.0800,7400,2583905.00,,AKSHARE,close_negative,主板,2000-2009,349.1764,全史负价（源侧缺陷）。OHLC 整体为负但列间比例自洽→疑似源历史段符号/量纲伪影，须回源确证
2026-09-23,601607,2005-10-21,-1.810,-1.530,-1.810,-1.610,,0.260,13.9000,71193,26795720.00,,AKSHARE,close_negative,主板,2000-2009,376.3814,全史负价（源侧缺陷）。OHLC 整体为负但列间比例自洽→疑似源历史段符号/量纲伪影，须回源确证
2026-09-23,601607,2005-10-24,-1.530,-1.500,-1.620,-1.610,,,,41621,15948048.00,,AKSHARE,close_negative,主板,2000-2009,383.1731,全史负价（源侧缺陷）。OHLC 整体为负但列间比例自洽→疑似源历史段符号/量纲伪影，须回源确证
2026-09-23,601607,2005-10-25,-1.610,-1.610,-1.780,-1.730,,-0.120,-7.4500,24115,8894636.00,,AKSHARE,close_negative,主板,2000-2009,368.8425,全史负价（源侧缺陷）。OHLC 整体为负但列间比例自洽→疑似源历史段符号/量纲伪影，须回源确证
2026-09-23,601607,2005-10-26,-1.670,-1.410,-1.690,-1.510,,0.220,12.7200,116529,45317944.00,,AKSHARE,close_negative,主板,2000-2009,388.8984,全史负价（源侧缺陷）。OHLC 整体为负但列间比例自洽→疑似源历史段符号/量纲伪影，须回源确证
2026-09-23,601607,2005-10-27,-1.500,-1.460,-1.600,-1.500,,0.010,0.6600,59434,23017038.00,,AKSHARE,close_negative,主板,2000-2009,387.2706,全史负价（源侧缺陷）。OHLC 整体为负但列间比例自洽→疑似源历史段符号/量纲伪影，须回源确证
2026-09-23,601607,2005-10-28,-1.520,-1.510,-1.890,-1.790,,-0.290,-19.3300,53615,19614788.00,,AKSHARE,close_negative,主板,2000-2009,365.8452,全史负价（源侧缺陷）。OHLC 整体为负但列间比例自洽→疑似源历史段符号/量纲伪影，须回源确证
2026-09-23,601607,2005-10-31,-1.800,-1.800,-1.950,-1.890,,-0.100,-5.5900,22605,7966954.00,,AKSHARE,close_negative,主板,2000-2009,352.4421,全史负价（源侧缺陷）。OHLC 整体为负但列间比例自洽→疑似源历史段符号/量纲伪影，须回源确证
2026-09-23,601607,2005-11-01,-1.870,-1.540,-1.870,-1.540,,0.350,18.5200,141687,53805888.00,,AKSHARE,close_negative,主板,2000-2009,379.7518,全史负价（源侧缺陷）。OHLC 整体为负但列间比例自洽→疑似源历史段符号/量纲伪影，须回源确证
2026-09-23,601607,2005-11-02,-1.350,-1.250,-1.500,-1.480,,0.060,3.9000,214801,86097696.00,,AKSHARE,close_negative,主板,2000-2009,400.8254,全史负价（源侧缺陷）。OHLC 整体为负但列间比例自洽→疑似源历史段符号/量纲伪影，须回源确证
2026-09-23,601607,2005-11-03,-1.450,-1.090,-1.450,-1.170,,0.310,20.9500,261262,108339008.00,,AKSHARE,close_negative,主板,2000-2009,414.6757,全史负价（源侧缺陷）。OHLC 整体为负但列间比例自洽→疑似源历史段符号/量纲伪影，须回源确证
2026-09-23,601607,2005-11-04,-1.210,-1.200,-1.330,-1.230,,-0.060,-5.1300,129421,53598896.00,,AKSHARE,close_negative,主板,2000-2009,414.1437,全史负价（源侧缺陷）。OHLC 整体为负但列间比例自洽→疑似源历史段符号/量纲伪影，须回源确证
2026-09-23,601607,2005-11-07,-1.150,-0.980,-1.200,-1.180,,0.050,4.0700,208974,90426392.00,,AKSHARE,close_negative,主板,2000-2009,432.716,全史负价（源侧缺陷）。OHLC 整体为负但列间比例自洽→疑似源历史段符号/量纲伪影，须回源确证
2026-09-23,601607,2005-11-08,-1.200,-1.090,-1.300,-1.160,,0.020,1.6900,139143,58165040.00,,AKSHARE,close_negative,主板,2000-2009,418.0235,全史负价（源侧缺陷）。OHLC 整体为负但列间比例自洽→疑似源历史段符号/量纲伪影，须回源确证
2026-09-23,601607,2005-11-09,-0.990,-0.760,-1.100,-1.010,,0.150,12.9300,262922,118087792.00,,AKSHARE,close_negative,主板,2000-2009,449.1362,全史负价（源侧缺陷）。OHLC 整体为负但列间比例自洽→疑似源历史段符号/量纲伪影，须回源确证
2026-09-23,601607,2005-11-10,-1.000,-0.860,-1.090,-0.930,,0.080,7.9200,147763,65799240.00,,AKSHARE,close_negative,主板,2000-2009,445.3025,全史负价（源侧缺陷）。OHLC 整体为负但列间比例自洽→疑似源历史段符号/量纲伪影，须回源确证
2026-09-23,601607,2005-11-11,-0.930,-0.890,-1.130,-1.010,,-0.080,-8.6000,90945,39798280.00,,AKSHARE,close_negative,主板,2000-2009,437.6082,全史负价（源侧缺陷）。OHLC 整体为负但列间比例自洽→疑似源历史段符号/量纲伪影，须回源确证
2026-09-23,601607,2005-11-14,-1.030,-1.030,-1.300,-1.230,,-0.220,-21.7800,96771,40667616.00,,AKSHARE,close_negative,主板,2000-2009,420.2459,全史负价（源侧缺陷）。OHLC 整体为负但列间比例自洽→疑似源历史段符号/量纲伪影，须回源确证
2026-09-23,601607,2005-11-15,-1.240,-1.150,-1.280,-1.220,,0.010,0.8100,56188,23453028.00,,AKSHARE,close_negative,主板,2000-2009,417.4028,全史负价（源侧缺陷）。OHLC 整体为负但列间比例自洽→疑似源历史段符号/量纲伪影，须回源确证
2026-09-23,601607,2005-11-16,-1.240,-1.240,-1.410,-1.270,,-0.050,-4.1000,66011,26762098.00,,AKSHARE,close_negative,主板,2000-2009,405.4188,全史负价（源侧缺陷）。OHLC 整体为负但列间比例自洽→疑似源历史段符号/量纲伪影，须回源确证
2026-09-23,601607,2005-11-17,-1.230,-1.110,-1.280,-1.230,,0.040,3.1500,68692,28875756.00,,AKSHARE,close_negative,主板,2000-2009,420.3656,全史负价（源侧缺陷）。OHLC 整体为负但列间比例自洽→疑似源历史段符号/量纲伪影，须回源确证
2026-09-23,601607,2005-11-18,-1.240,-1.100,-1.340,-1.130,,0.100,8.1300,118700,49810248.00,,AKSHARE,close_negative,主板,2000-2009,419.6314,全史负价（源侧缺陷）。OHLC 整体为负但列间比例自洽→疑似源历史段符号/量纲伪影，须回源确证
2026-09-23,601607,2005-11-21,-1.120,-1.120,-1.190,-1.160,,-0.030,-2.6500,49638,21052228.00,,AKSHARE,close_negative,主板,2000-2009,424.1152,全史负价（源侧缺陷）。OHLC 整体为负但列间比例自洽→疑似源历史段符号/量纲伪影，须回源确证
2026-09-23,601607,2005-11-22,-1.160,-1.160,-1.340,-1.320,,-0.160,-13.7900,68937,28342236.00,,AKSHARE,close_negative,主板,2000-2009,411.1324,全史负价（源侧缺陷）。OHLC 整体为负但列间比例自洽→疑似源历史段符号/量纲伪影，须回源确证
2026-09-23,601607,2005-11-23,-1.320,-1.280,-1.350,-1.310,,0.010,0.7600,35665,14604463.00,,AKSHARE,close_negative,主板,2000-2009,409.4901,全史负价（源侧缺陷）。OHLC 整体为负但列间比例自洽→疑似源历史段符号/量纲伪影，须回源确证
2026-09-23,601607,2005-11-24,-1.310,-1.220,-1.320,-1.260,,0.050,3.8200,41554,17196620.00,,AKSHARE,close_negative,主板,2000-2009,413.8379,全史负价（源侧缺陷）。OHLC 整体为负但列间比例自洽→疑似源历史段符号/量纲伪影，须回源确证
2026-09-23,601607,2005-11-25,-1.260,-1.260,-1.360,-1.310,,-0.050,-3.9700,32053,13061029.00,,AKSHARE,close_negative,主板,2000-2009,407.4823,全史负价（源侧缺陷）。OHLC 整体为负但列间比例自洽→疑似源历史段符号/量纲伪影，须回源确证
2026-09-23,601607,2005-11-28,-1.310,-1.280,-1.400,-1.310,,,,35929,14546667.00,,AKSHARE,close_negative,主板,2000-2009,404.8726,全史负价（源侧缺陷）。OHLC 整体为负但列间比例自洽→疑似源历史段符号/量纲伪影，须回源确证
2026-09-23,601607,2005-11-29,-1.330,-1.330,-1.420,-1.380,,-0.070,-5.3400,21665,8703410.00,,AKSHARE,close_negative,主板,2000-2009,401.7267,全史负价（源侧缺陷）。OHLC 整体为负但列间比例自洽→疑似源历史段符号/量纲伪影，须回源确证
2026-09-23,601607,2005-11-30,-1.400,-1.370,-1.450,-1.380,,,,29816,11919210.00,,AKSHARE,close_negative,主板,2000-2009,399.7589,全史负价（源侧缺陷）。OHLC 整体为负但列间比例自洽→疑似源历史段符号/量纲伪影，须回源确证
2026-09-23,601607,2005-12-01,-1.380,-1.320,-1.400,-1.370,,0.010,0.7200,22166,8967531.00,,AKSHARE,close_negative,主板,2000-2009,404.5624,全史负价（源侧缺陷）。OHLC 整体为负但列间比例自洽→疑似源历史段符号/量纲伪影，须回源确证
2026-09-23,601607,2005-12-02,-1.370,-1.370,-1.430,-1.390,,-0.020,-1.4600,35361,14145609.00,,AKSHARE,close_negative,主板,2000-2009,400.0342,全史负价（源侧缺陷）。OHLC 整体为负但列间比例自洽→疑似源历史段符号/量纲伪影，须回源确证
2026-09-23,601607,2005-12-05,-1.410,-1.390,-1.580,-1.550,,-0.160,-11.5100,39598,15433332.00,,AKSHARE,close_negative,主板,2000-2009,389.7503,全史负价（源侧缺陷）。OHLC 整体为负但列间比例自洽→疑似源历史段符号/量纲伪影，须回源确证
2026-09-23,601607,2005-12-06,-1.560,-1.560,-1.690,-1.640,,-0.090,-5.8100,28494,10774276.00,,AKSHARE,close_negative,主板,2000-2009,378.1244,全史负价（源侧缺陷）。OHLC 整体为负但列间比例自洽→疑似源历史段符号/量纲伪影，须回源确证
2026-09-23,601607,2005-12-07,-1.650,-1.600,-1.670,-1.610,,0.030,1.8300,16252,6135145.00,,AKSHARE,close_negative,主板,2000-2009,377.5009,全史负价（源侧缺陷）。OHLC 整体为负但列间比例自洽→疑似源历史段符号/量纲伪影，须回源确证
2026-09-23,601607,2005-12-08,-1.620,-1.570,-1.650,-1.630,,-0.020,-1.2400,11130,4213575.00,,AKSHARE,close_negative,主板,2000-2009,378.5782,全史负价（源侧缺陷）。OHLC 整体为负但列间比例自洽→疑似源历史段符号/量纲伪影，须回源确证
2026-09-23,601607,2005-12-09,-1.630,-1.540,-1.630,-1.540,,0.090,5.5200,22579,8616205.00,,AKSHARE,close_negative,主板,2000-2009,381.6026,全史负价（源侧缺陷）。OHLC 整体为负但列间比例自洽→疑似源历史段符号/量纲伪影，须回源确证
2026-09-23,601607,2005-12-13,-1.450,-1.300,-1.450,-1.400,,0.140,9.0900,85431,34396540.00,,AKSHARE,close_negative,主板,2000-2009,402.6236,全史负价（源侧缺陷）。OHLC 整体为负但列间比例自洽→疑似源历史段符号/量纲伪影，须回源确证
2026-09-23,601607,2005-12-14,-1.400,-1.390,-1.500,-1.390,,0.010,0.7100,27792,11007117.00,,AKSHARE,close_negative,主板,2000-2009,396.0534,全史负价（源侧缺陷）。OHLC 整体为负但列间比例自洽→疑似源历史段符号/量纲伪影，须回源确证
2026-09-23,601607,2005-12-15,-1.390,-1.390,-1.490,-1.490,,-0.100,-7.1900,26834,10595786.00,,AKSHARE,close_negative,主板,2000-2009,394.8642,全史负价（源侧缺陷）。OHLC 整体为负但列间比例自洽→疑似源历史段符号/量纲伪影，须回源确证
2026-09-23,601607,2005-12-16,-1.490,-1.420,-1.510,-1.460,,0.030,2.0100,12025,4742544.00,,AKSHARE,close_negative,主板,2000-2009,394.3904,全史负价（源侧缺陷）。OHLC 整体为负但列间比例自洽→疑似源历史段符号/量纲伪影，须回源确证
2026-09-23,601607,2005-12-19,-1.460,-1.460,-1.510,-1.470,,-0.010,-0.6800,15207,5946175.00,,AKSHARE,close_negative,主板,2000-2009,391.0157,全史负价（源侧缺陷）。OHLC 整体为负但列间比例自洽→疑似源历史段符号/量纲伪影，须回源确证
2026-09-23,601607,2005-12-20,-1.470,-1.460,-1.550,-1.500,,-0.030,-2.0400,18138,7044898.00,,AKSHARE,close_negative,主板,2000-2009,388.4054,全史负价（源侧缺陷）。OHLC 整体为负但列间比例自洽→疑似源历史段符号/量纲伪影，须回源确证
2026-09-23,601607,2005-12-21,-1.500,-1.500,-1.580,-1.570,,-0.070,-4.6700,19966,7693851.00,,AKSHARE,close_negative,主板,2000-2009,385.3476,全史负价（源侧缺陷）。OHLC 整体为负但列间比例自洽→疑似源历史段符号/量纲伪影，须回源确证
2026-09-23,601607,2005-12-22,-1.550,-1.500,-1.600,-1.540,,0.030,1.9100,16492,6332226.00,,AKSHARE,close_negative,主板,2000-2009,383.9574,全史负价（源侧缺陷）。OHLC 整体为负但列间比例自洽→疑似源历史段符号/量纲伪影，须回源确证
2026-09-23,601607,2005-12-23,-1.550,-1.520,-1.600,-1.530,,0.010,0.6500,23910,9192209.00,,AKSHARE,close_negative,主板,2000-2009,384.4504,全史负价（源侧缺陷）。OHLC 整体为负但列间比例自洽→疑似源历史段符号/量纲伪影，须回源确证
2026-09-23,601607,2005-12-26,-1.530,-1.450,-1.570,-1.470,,0.060,3.9200,31331,12185202.00,,AKSHARE,close_negative,主板,2000-2009,388.9184,全史负价（源侧缺陷）。OHLC 整体为负但列间比例自洽→疑似源历史段符号/量纲伪影，须回源确证
2026-09-23,601607,2005-12-27,-1.460,-1.460,-1.540,-1.490,,-0.020,-1.3600,23375,9114488.00,,AKSHARE,close_negative,主板,2000-2009,389.9246,全史负价（源侧缺陷）。OHLC 整体为负但列间比例自洽→疑似源历史段符号/量纲伪影，须回源确证
2026-09-23,601607,2005-12-28,-1.490,-1.450,-1.510,-1.470,,0.020,1.3400,23395,9190252.00,,AKSHARE,close_negative,主板,2000-2009,392.8297,全史负价（源侧缺陷）。OHLC 整体为负但列间比例自洽→疑似源历史段符号/量纲伪影，须回源确证
2026-09-23,601607,2005-12-29,-1.470,-1.420,-1.500,-1.420,,0.050,3.4000,39384,15549178.00,,AKSHARE,close_negative,主板,2000-2009,394.8095,全史负价（源侧缺陷）。OHLC 整体为负但列间比例自洽→疑似源历史段符号/量纲伪影，须回源确证
2026-09-23,601607,2005-12-30,-1.420,-1.410,-1.500,-1.490,,-0.070,-4.9300,24535,9669645.00,,AKSHARE,close_negative,主板,2000-2009,394.1164,全史负价（源侧缺陷）。OHLC 整体为负但列间比例自洽→疑似源历史段符号/量纲伪影，须回源确证
2026-09-23,601607,2006-01-04,-1.470,-1.420,-1.530,-1.440,,0.050,3.3600,29603,11621452.00,,AKSHARE,close_negative,主板,2000-2009,392.5768,全史负价（源侧缺陷）。OHLC 整体为负但列间比例自洽→疑似源历史段符号/量纲伪影，须回源确证
2026-09-23,601607,2006-01-05,-1.440,-1.370,-1.490,-1.390,,0.050,3.4700,47694,18929900.00,,AKSHARE,close_negative,主板,2000-2009,396.9032,全史负价（源侧缺陷）。OHLC 整体为负但列间比例自洽→疑似源历史段符号/量纲伪影，须回源确证
2026-09-23,601607,2006-01-06,-1.380,-1.320,-1.440,-1.380,,0.010,0.7200,79529,32050576.00,,AKSHARE,close_negative,主板,2000-2009,403.0049,全史负价（源侧缺陷）。OHLC 整体为负但列间比例自洽→疑似源历史段符号/量纲伪影，须回源确证
2026-09-23,601607,2006-01-09,-1.340,-1.330,-1.390,-1.340,,0.040,2.9000,53472,21607030.00,,AKSHARE,close_negative,主板,2000-2009,404.0812,全史负价（源侧缺陷）。OHLC 整体为负但列间比例自洽→疑似源历史段符号/量纲伪影，须回源确证
2026-09-23,601607,2006-01-10,-1.340,-1.340,-1.420,-1.380,,-0.040,-2.9900,40564,16287712.00,,AKSHARE,close_negative,主板,2000-2009,401.5312,全史负价（源侧缺陷）。OHLC 整体为负但列间比例自洽→疑似源历史段符号/量纲伪影，须回源确证
2026-09-23,601607,2006-01-11,-1.380,-1.280,-1.380,-1.340,,0.040,2.9000,72739,29676450.00,,AKSHARE,close_negative,主板,2000-2009,407.9854,全史负价（源侧缺陷）。OHLC 整体为负但列间比例自洽→疑似源历史段符号/量纲伪影，须回源确证
2026-09-23,601607,2006-01-12,-1.350,-1.220,-1.350,-1.220,,0.120,8.9600,75113,31139340.00,,AKSHARE,close_negative,主板,2000-2009,414.5666,全史负价（源侧缺陷）。OHLC 整体为负但列间比例自洽→疑似源历史段符号/量纲伪影，须回源确证
2026-09-23,601607,2006-01-13,-1.220,-1.200,-1.300,-1.270,,-0.050,-4.1000,54453,22630852.00,,AKSHARE,close_negative,主板,2000-2009,415.6034,全史负价（源侧缺陷）。OHLC 整体为负但列间比例自洽→疑似源历史段符号/量纲伪影，须回源确证
2026-09-23,601607,2006-01-16,-1.270,-1.170,-1.350,-1.340,,-0.070,-5.5100,47249,19574336.00,,AKSHARE,close_negative,主板,2000-2009,414.2804,全史负价（源侧缺陷）。OHLC 整体为负但列间比例自洽→疑似源历史段符号/量纲伪影，须回源确证
2026-09-23,601607,2006-01-17,-1.350,-1.320,-1.400,-1.370,,-0.030,-2.2400,32286,13000137.00,,AKSHARE,close_negative,主板,2000-2009,402.6555,全史负价（源侧缺陷）。OHLC 整体为负但列间比例自洽→疑似源历史段符号/量纲伪影，须回源确证
2026-09-23,601607,2006-01-18,-1.370,-1.280,-1.380,-1.290,,0.080,5.8400,43922,17965174.00,,AKSHARE,close_negative,主板,2000-2009,409.0245,全史负价（源侧缺陷）。OHLC 整体为负但列间比例自洽→疑似源历史段符号/量纲伪影，须回源确证
2026-09-23,601607,2006-01-19,-1.270,-1.250,-1.340,-1.290,,,,48995,20100238.00,,AKSHARE,close_negative,主板,2000-2009,410.2508,全史负价（源侧缺陷）。OHLC 整体为负但列间比例自洽→疑似源历史段符号/量纲伪影，须回源确证
2026-09-23,601607,2006-01-20,-1.290,-1.270,-1.370,-1.310,,-0.020,-1.5500,39067,15943761.00,,AKSHARE,close_negative,主板,2000-2009,408.1133,全史负价（源侧缺陷）。OHLC 整体为负但列间比例自洽→疑似源历史段符号/量纲伪影，须回源确证
2026-09-23,601607,2006-01-23,-1.310,-1.210,-1.350,-1.240,,0.070,5.3400,48186,19954000.00,,AKSHARE,close_negative,主板,2000-2009,414.1037,全史负价（源侧缺陷）。OHLC 整体为负但列间比例自洽→疑似源历史段符号/量纲伪影，须回源确证
2026-09-23,601607,2006-01-24,-1.240,-1.230,-1.300,-1.290,,-0.050,-4.0300,33637,13920678.00,,AKSHARE,close_negative,主板,2000-2009,413.8502,全史负价（源侧缺陷）。OHLC 整体为负但列间比例自洽→疑似源历史段符号/量纲伪影，须回源确证
2026-09-23,601607,2006-01-25,-1.290,-1.240,-1.350,-1.310,,-0.020,-1.5500,35706,14603554.00,,AKSHARE,close_negative,主板,2000-2009,408.9944,全史负价（源侧缺陷）。OHLC 整体为负但列间比例自洽→疑似源历史段符号/量纲伪影，须回源确证
2026-09-23,601607,2006-02-06,-1.310,-1.210,-1.330,-1.220,,0.090,6.8700,48227,19945128.00,,AKSHARE,close_negative,主板,2000-2009,413.5677,全史负价（源侧缺陷）。OHLC 整体为负但列间比例自洽→疑似源历史段符号/量纲伪影，须回源确证
2026-09-23,601607,2006-02-07,-1.220,-1.200,-1.310,-1.250,,-0.030,-2.4600,58410,24223326.00,,AKSHARE,close_negative,主板,2000-2009,414.712,全史负价（源侧缺陷）。OHLC 整体为负但列间比例自洽→疑似源历史段符号/量纲伪影，须回源确证
2026-09-23,601607,2006-02-08,-1.240,-1.060,-1.240,-1.100,,0.150,12.0000,163013,69477824.00,,AKSHARE,close_negative,主板,2000-2009,426.2103,全史负价（源侧缺陷）。OHLC 整体为负但列间比例自洽→疑似源历史段符号/量纲伪影，须回源确证
2026-09-23,601607,2006-02-09,-1.100,-1.080,-1.240,-1.200,,-0.100,-9.0900,69330,29347948.00,,AKSHARE,close_negative,主板,2000-2009,423.3081,全史负价（源侧缺陷）。OHLC 整体为负但列间比例自洽→疑似源历史段符号/量纲伪影，须回源确证
2026-09-23,601607,2006-02-10,-1.200,-1.160,-1.250,-1.170,,0.030,2.5000,43674,18341894.00,,AKSHARE,close_negative,主板,2000-2009,419.9728,全史负价（源侧缺陷）。OHLC 整体为负但列间比例自洽→疑似源历史段符号/量纲伪影，须回源确证
2026-09-23,601607,2006-02-13,-1.160,-1.020,-1.200,-1.030,,0.140,11.9700,95125,40850464.00,,AKSHARE,close_negative,主板,2000-2009,429.4398,全史负价（源侧缺陷）。OHLC 整体为负但列间比例自洽→疑似源历史段符号/量纲伪影，须回源确证
2026-09-23,601607,2006-02-14,-1.030,-1.020,-1.100,-1.060,,-0.030,-2.9100,55636,24143944.00,,AKSHARE,close_negative,主板,2000-2009,433.9626,全史负价（源侧缺陷）。OHLC 整体为负但列间比例自洽→疑似源历史段符号/量纲伪影，须回源确证
2026-09-23,601607,2006-02-15,-1.060,-1.020,-1.150,-1.080,,-0.020,-1.8900,62704,27026664.00,,AKSHARE,close_negative,主板,2000-2009,431.0198,全史负价（源侧缺陷）。OHLC 整体为负但列间比例自洽→疑似源历史段符号/量纲伪影，须回源确证
2026-09-23,601607,2006-02-16,-1.080,-1.010,-1.260,-1.260,,-0.180,-16.6700,65377,27802014.00,,AKSHARE,close_negative,主板,2000-2009,425.2568,全史负价（源侧缺陷）。OHLC 整体为负但列间比例自洽→疑似源历史段符号/量纲伪影，须回源确证
2026-09-23,601607,2006-02-17,-1.280,-1.210,-1.340,-1.310,,-0.050,-3.9700,49153,20328724.00,,AKSHARE,close_negative,主板,2000-2009,413.5805,全史负价（源侧缺陷）。OHLC 整体为负但列间比例自洽→疑似源历史段符号/量纲伪影，须回源确证
2026-09-23,601607,2006-02-20,-1.300,-1.140,-1.330,-1.140,,0.170,12.9800,83112,34783136.00,,AKSHARE,close_negative,主板,2000-2009,418.5092,全史负价（源侧缺陷）。OHLC 整体为负但列间比例自洽→疑似源历史段符号/量纲伪影，须回源确证
2026-09-23,601607,2006-02-21,-1.120,-1.020,-1.190,-1.080,,0.060,5.2600,131607,56751144.00,,AKSHARE,close_negative,主板,2000-2009,431.2168,全史负价（源侧缺陷）。OHLC 整体为负但列间比例自洽→疑似源历史段符号/量纲伪影，须回源确证
2026-09-23,601607,2006-02-22,-1.100,-1.030,-1.160,-1.140,,-0.060,-5.5600,64698,27800114.00,,AKSHARE,close_negative,主板,2000-2009,429.6905,全史负价（源侧缺陷）。OHLC 整体为负但列间比例自洽→疑似源历史段符号/量纲伪影，须回源确证
2026-09-23,601607,2006-02-23,-1.140,-1.110,-1.230,-1.160,,-0.020,-1.7500,43558,18473004.00,,AKSHARE,close_negative,主板,2000-2009,424.1013,全史负价（源侧缺陷）。OHLC 整体为负但列间比例自洽→疑似源历史段符号/量纲伪影，须回源确证
2026-09-23,601607,2006-02-24,-1.150,-1.110,-1.200,-1.150,,0.010,0.8600,36634,15554599.00,,AKSHARE,close_negative,主板,2000-2009,424.5946,全史负价（源侧缺陷）。OHLC 整体为负但列间比例自洽→疑似源历史段符号/量纲伪影，须回源确证
2026-09-23,601607,2006-02-27,-1.060,-1.040,-1.160,-1.140,,0.010,0.8700,51262,22043628.00,,AKSHARE,close_negative,主板,2000-2009,430.0189,全史负价（源侧缺陷）。OHLC 整体为负但列间比例自洽→疑似源历史段符号/量纲伪影，须回源确证
2026-09-23,601607,2006-02-28,-1.130,-1.130,-1.250,-1.190,,-0.050,-4.3900,35191,14779294.00,,AKSHARE,close_negative,主板,2000-2009,419.9737,全史负价（源侧缺陷）。OHLC 整体为负但列间比例自洽→疑似源历史段符号/量纲伪影，须回源确证
2026-09-23,601607,2006-03-01,-1.180,-1.050,-1.180,-1.100,,0.090,7.5600,69455,29896200.00,,AKSHARE,close_negative,主板,2000-2009,430.4399,全史负价（源侧缺陷）。OHLC 整体为负但列间比例自洽→疑似源历史段符号/量纲伪影，须回源确证
2026-09-23,601607,2006-03-02,-1.090,-1.080,-1.270,-1.230,,-0.130,-11.8200,43347,18379010.00,,AKSHARE,close_negative,主板,2000-2009,423.9973,全史负价（源侧缺陷）。OHLC 整体为负但列间比例自洽→疑似源历史段符号/量纲伪影，须回源确证
2026-09-23,601607,2006-03-03,-1.250,-1.190,-1.310,-1.250,,-0.020,-1.6300,41690,17251164.00,,AKSHARE,close_negative,主板,2000-2009,413.7962,全史负价（源侧缺陷）。OHLC 整体为负但列间比例自洽→疑似源历史段符号/量纲伪影，须回源确证
2026-09-23,601607,2006-03-06,-1.250,-1.190,-1.290,-1.250,,,,18585,7715833.00,,AKSHARE,close_negative,主板,2000-2009,415.1645,全史负价（源侧缺陷）。OHLC 整体为负但列间比例自洽→疑似源历史段符号/量纲伪影，须回源确证
2026-09-23,601607,2006-03-07,-1.290,-1.270,-1.420,-1.410,,-0.160,-12.8000,42385,17107664.00,,AKSHARE,close_negative,主板,2000-2009,403.6254,全史负价（源侧缺陷）。OHLC 整体为负但列间比例自洽→疑似源历史段符号/量纲伪影，须回源确证
2026-09-23,601607,2006-03-08,-1.440,-1.410,-1.520,-1.490,,-0.080,-5.6700,36235,14192686.00,,AKSHARE,close_negative,主板,2000-2009,391.6844,全史负价（源侧缺陷）。OHLC 整体为负但列间比例自洽→疑似源历史段符号/量纲伪影，须回源确证
2026-09-23,601607,2006-03-09,-1.480,-1.440,-1.500,-1.490,,,,15377,6044180.00,,AKSHARE,close_negative,主板,2000-2009,393.0663,全史负价（源侧缺陷）。OHLC 整体为负但列间比例自洽→疑似源历史段符号/量纲伪影，须回源确证
2026-09-23,601607,2006-03-10,-1.470,-1.450,-1.500,-1.470,,0.020,1.3400,11630,4557049.00,,AKSHARE,close_negative,主板,2000-2009,391.8357,全史负价（源侧缺陷）。OHLC 整体为负但列间比例自洽→疑似源历史段符号/量纲伪影，须回源确证
2026-09-23,601607,2006-03-13,-1.490,-1.430,-1.490,-1.430,,0.040,2.7200,13745,5420445.00,,AKSHARE,close_negative,主板,2000-2009,394.3576,全史负价（源侧缺陷）。OHLC 整体为负但列间比例自洽→疑似源历史段符号/量纲伪影，须回源确证
2026-09-23,601607,2006-03-14,-1.440,-1.440,-1.510,-1.490,,-0.060,-4.2000,16662,6534667.00,,AKSHARE,close_negative,主板,2000-2009,392.1898,全史负价（源侧缺陷）。OHLC 整体为负但列间比例自洽→疑似源历史段符号/量纲伪影，须回源确证
2026-09-23,601607,2006-03-15,-1.500,-1.420,-1.510,-1.440,,0.050,3.3600,29272,11532228.00,,AKSHARE,close_negative,主板,2000-2009,393.9679,全史负价（源侧缺陷）。OHLC 整体为负但列间比例自洽→疑似源历史段符号/量纲伪影，须回源确证
2026-09-23,601607,2006-03-16,-1.440,-1.420,-1.480,-1.460,,-0.020,-1.3900,32091,12668748.00,,AKSHARE,close_negative,主板,2000-2009,394.7757,全史负价（源侧缺陷）。OHLC 整体为负但列间比例自洽→疑似源历史段符号/量纲伪影，须回源确证
2026-09-23,601607,2006-03-17,-1.430,-1.430,-1.530,-1.520,,-0.060,-4.1100,34544,13474287.00,,AKSHARE,close_negative,主板,2000-2009,390.0616,全史负价（源侧缺陷）。OHLC 整体为负但列间比例自洽→疑似源历史段符号/量纲伪影，须回源确证
2026-09-23,601607,2006-03-20,-1.490,-1.450,-1.530,-1.460,,0.060,3.9500,55504,21740232.00,,AKSHARE,close_negative,主板,2000-2009,391.6877,全史负价（源侧缺陷）。OHLC 整体为负但列间比例自洽→疑似源历史段符号/量纲伪影，须回源确证
2026-09-23,601607,2006-03-21,-1.460,-1.380,-1.480,-1.410,,0.050,3.4200,96705,38446652.00,,AKSHARE,close_negative,主板,2000-2009,397.5663,全史负价（源侧缺陷）。OHLC 整体为负但列间比例自洽→疑似源历史段符号/量纲伪影，须回源确证
2026-09-23,601607,2006-03-22,-1.370,-1.280,-1.380,-1.280,,0.130,9.2200,170888,69840120.00,,AKSHARE,close_negative,主板,2000-2009,408.6894,全史负价（源侧缺陷）。OHLC 整体为负但列间比例自洽→疑似源历史段符号/量纲伪影，须回源确证
2026-09-23,601607,2006-03-23,-1.280,-1.280,-1.350,-1.330,,-0.050,-3.9100,61545,25099830.00,,AKSHARE,close_negative,主板,2000-2009,407.8289,全史负价（源侧缺陷）。OHLC 整体为负但列间比例自洽→疑似源历史段符号/量纲伪影，须回源确证
2026-09-23,601607,2006-03-24,-1.300,-1.300,-1.450,-1.420,,-0.090,-6.7700,54768,22048294.00,,AKSHARE,close_negative,主板,2000-2009,402.5762,全史负价（源侧缺陷）。OHLC 整体为负但列间比例自洽→疑似源历史段符号/量纲伪影，须回源确证
2026-09-23,601607,2006-03-27,-1.430,-1.390,-1.470,-1.410,,0.010,0.7000,32781,13017641.00,,AKSHARE,close_negative,主板,2000-2009,397.1093,全史负价（源侧缺陷）。OHLC 整体为负但列间比例自洽→疑似源历史段符号/量纲伪影，须回源确证
2026-09-23,601607,2006-03-28,-1.400,-1.400,-1.440,-1.410,,,,38446,15326367.00,,AKSHARE,close_negative,主板,2000-2009,398.6466,全史负价（源侧缺陷）。OHLC 整体为负但列间比例自洽→疑似源历史段符号/量纲伪影，须回源确证
2026-09-23,601607,2006-03-29,-1.390,-1.320,-1.390,-1.380,,0.030,2.1300,53506,21683060.00,,AKSHARE,close_negative,主板,2000-2009,405.2454,全史负价（源侧缺陷）。OHLC 整体为负但列间比例自洽→疑似源历史段符号/量纲伪影，须回源确证
2026-09-23,601607,2006-03-30,-1.400,-1.380,-1.450,-1.430,,-0.050,-3.6200,48744,19413042.00,,AKSHARE,close_negative,主板,2000-2009,398.2653,全史负价（源侧缺陷）。OHLC 整体为负但列间比例自洽→疑似源历史段符号/量纲伪影，须回源确证
2026-09-23,601607,2006-03-31,-1.430,-1.430,-1.490,-1.460,,-0.030,-2.1000,40986,16100546.00,,AKSHARE,close_negative,主板,2000-2009,392.8304,全史负价（源侧缺陷）。OHLC 整体为负但列间比例自洽→疑似源历史段符号/量纲伪影，须回源确证
2026-09-23,601607,2006-04-03,-1.460,-1.410,-1.520,-1.420,,0.040,2.7400,68403,26876012.00,,AKSHARE,close_negative,主板,2000-2009,392.9069,全史负价（源侧缺陷）。OHLC 整体为负但列间比例自洽→疑似源历史段符号/量纲伪影，须回源确证
2026-09-23,601607,2006-04-04,-1.420,-1.290,-1.460,-1.340,,0.080,5.6300,81323,32573500.00,,AKSHARE,close_negative,主板,2000-2009,400.5447,全史负价（源侧缺陷）。OHLC 整体为负但列间比例自洽→疑似源历史段符号/量纲伪影，须回源确证
2026-09-23,601607,2006-04-05,-1.340,-1.300,-1.370,-1.330,,0.010,0.7500,58329,23654324.00,,AKSHARE,close_negative,主板,2000-2009,405.5328,全史负价（源侧缺陷）。OHLC 整体为负但列间比例自洽→疑似源历史段符号/量纲伪影，须回源确证
2026-09-23,601607,2006-04-06,-1.330,-1.290,-1.380,-1.350,,-0.020,-1.5000,66411,26943478.00,,AKSHARE,close_negative,主板,2000-2009,405.7081,全史负价（源侧缺陷）。OHLC 整体为负但列间比例自洽→疑似源历史段符号/量纲伪影，须回源确证
2026-09-23,601607,2006-04-07,-1.350,-1.260,-1.360,-1.270,,0.080,5.9300,86249,35406424.00,,AKSHARE,close_negative,主板,2000-2009,410.514,全史负价（源侧缺陷）。OHLC 整体为负但列间比例自洽→疑似源历史段符号/量纲伪影，须回源确证
2026-09-23,601607,2006-04-10,-1.250,-1.240,-1.320,-1.250,,0.020,1.5700,82874,34235376.00,,AKSHARE,close_negative,主板,2000-2009,413.1015,全史负价（源侧缺陷）。OHLC 整体为负但列间比例自洽→疑似源历史段符号/量纲伪影，须回源确证
2026-09-23,601607,2006-04-11,-1.240,-1.220,-1.310,-1.250,,,,70267,29058050.00,,AKSHARE,close_negative,主板,2000-2009,413.5376,全史负价（源侧缺陷）。OHLC 整体为负但列间比例自洽→疑似源历史段符号/量纲伪影，须回源确证
2026-09-23,601607,2006-04-12,-1.250,-1.240,-1.320,-1.310,,-0.060,-4.8000,74069,30472368.00,,AKSHARE,close_negative,主板,2000-2009,411.4051,全史负价（源侧缺陷）。OHLC 整体为负但列间比例自洽→疑似源历史段符号/量纲伪影，须回源确证
2026-09-23,601607,2006-04-13,-1.310,-1.260,-1.400,-1.390,,-0.080,-6.1100,68991,28034792.00,,AKSHARE,close_negative,主板,2000-2009,406.3543,全史负价（源侧缺陷）。OHLC 整体为负但列间比例自洽→疑似源历史段符号/量纲伪影，须回源确证
2026-09-23,601607,2006-04-14,-1.390,-1.290,-1.420,-1.300,,0.090,6.4700,54063,21887840.00,,AKSHARE,close_negative,主板,2000-2009,404.858,全史负价（源侧缺陷）。OHLC 整体为负但列间比例自洽→疑似源历史段符号/量纲伪影，须回源确证
2026-09-23,601607,2006-04-17,-1.300,-1.140,-1.340,-1.220,,0.080,6.1500,112048,46754132.00,,AKSHARE,close_negative,主板,2000-2009,417.2688,全史负价（源侧缺陷）。OHLC 整体为负但列间比例自洽→疑似源历史段符号/量纲伪影，须回源确证
2026-09-23,601607,2006-04-18,-1.220,-1.160,-1.270,-1.240,,-0.020,-1.6400,66211,27707180.00,,AKSHARE,close_negative,主板,2000-2009,418.4679,全史负价（源侧缺陷）。OHLC 整体为负但列间比例自洽→疑似源历史段符号/量纲伪影，须回源确证
2026-09-23,601607,2006-04-19,-1.230,-1.220,-1.310,-1.290,,-0.050,-4.0300,53031,21842438.00,,AKSHARE,close_negative,主板,2000-2009,411.8806,全史负价（源侧缺陷）。OHLC 整体为负但列间比例自洽→疑似源历史段符号/量纲伪影，须回源确证
2026-09-23,601607,2006-04-20,-1.290,-1.290,-1.360,-1.340,,-0.050,-3.8800,41102,16739815.00,,AKSHARE,close_negative,主板,2000-2009,407.275,全史负价（源侧缺陷）。OHLC 整体为负但列间比例自洽→疑似源历史段符号/量纲伪影，须回源确证
2026-09-23,601607,2006-04-21,-1.340,-1.280,-1.360,-1.280,,0.060,4.4800,48593,19852070.00,,AKSHARE,close_negative,主板,2000-2009,408.5376,全史负价（源侧缺陷）。OHLC 整体为负但列间比例自洽→疑似源历史段符号/量纲伪影，须回源确证
2026-09-23,601607,2006-04-24,-1.280,-1.270,-1.480,-1.470,,-0.190,-14.8400,74428,29690062.00,,AKSHARE,close_negative,主板,2000-2009,398.9098,全史负价（源侧缺陷）。OHLC 整体为负但列间比例自洽→疑似源历史段符号/量纲伪影，须回源确证
2026-09-23,601607,2006-04-25,-1.490,-1.480,-1.570,-1.560,,-0.090,-6.1200,57691,22318688.00,,AKSHARE,close_negative,主板,2000-2009,386.866,全史负价（源侧缺陷）。OHLC 整体为负但列间比例自洽→疑似源历史段符号/量纲伪影，须回源确证
2026-09-23,601607,2006-04-26,-1.560,-1.460,-1.580,-1.490,,0.070,4.4900,41739,16285535.00,,AKSHARE,close_negative,主板,2000-2009,390.1755,全史负价（源侧缺陷）。OHLC 整体为负但列间比例自洽→疑似源历史段符号/量纲伪影，须回源确证
2026-09-23,601607,2006-04-27,-1.450,-1.400,-1.510,-1.420,,0.070,4.7000,38826,15294355.00,,AKSHARE,close_negative,主板,2000-2009,393.9204,全史负价（源侧缺陷）。OHLC 整体为负但列间比例自洽→疑似源历史段符号/量纲伪影，须回源确证
2026-09-23,601607,2006-04-28,-1.520,-1.430,-1.590,-1.490,,-0.070,-4.9300,60731,23711828.00,,AKSHARE,close_negative,主板,2000-2009,390.4403,全史负价（源侧缺陷）。OHLC 整体为负但列间比例自洽→疑似源历史段符号/量纲伪影，须回源确证
2026-09-23,601607,2006-06-12,-1.100,-1.100,-1.100,-1.100,,0.390,26.1700,4603,1979247.00,,AKSHARE,close_negative,主板,2000-2009,429.9907,全史负价（源侧缺陷）。OHLC 整体为负但列间比例自洽→疑似源历史段符号/量纲伪影，须回源确证
2026-09-23,601607,2006-06-13,-0.670,-0.670,-0.670,-0.670,,0.430,39.0900,9917,4690713.00,,AKSHARE,close_negative,主板,2000-2009,472.9972,全史负价（源侧缺陷）。OHLC 整体为负但列间比例自洽→疑似源历史段符号/量纲伪影，须回源确证
2026-09-23,601607,2006-06-14,-0.200,-0.200,-0.380,-0.200,,0.470,70.1500,669430,344308320.00,,AKSHARE,close_negative,主板,2000-2009,514.3306,全史负价（源侧缺陷）。OHLC 整体为负但列间比例自洽→疑似源历史段符号/量纲伪影，须回源确证
2026-09-23,601607,2006-06-15,-0.190,-0.150,-0.320,-0.300,,-0.100,-50.0000,266599,137480608.00,,AKSHARE,close_negative,主板,2000-2009,515.6831,全史负价（源侧缺陷）。OHLC 整体为负但列间比例自洽→疑似源历史段符号/量纲伪影，须回源确证
2026-09-23,601607,2006-06-16,-0.300,-0.050,-0.320,-0.140,,0.160,53.3300,256227,133418640.00,,AKSHARE,close_negative,主板,2000-2009,520.7048,全史负价（源侧缺陷）。OHLC 整体为负但列间比例自洽→疑似源历史段符号/量纲伪影，须回源确证
2026-09-23,601607,2006-06-19,-0.180,-0.100,-0.230,-0.150,,-0.010,-7.1400,151071,79108680.00,,AKSHARE,close_negative,主板,2000-2009,523.6523,全史负价（源侧缺陷）。OHLC 整体为负但列间比例自洽→疑似源历史段符号/量纲伪影，须回源确证
2026-09-23,601607,2006-07-17,-0.160,0.120,-0.200,-0.070,,-0.170,-170.0000,173973,93055632.00,,AKSHARE,close_negative,主板,2000-2009,534.8855,全史负价（源侧缺陷）。OHLC 整体为负但列间比例自洽→疑似源历史段符号/量纲伪影，须回源确证
2026-09-23,601607,2006-07-18,-0.060,0.020,-0.160,-0.120,,-0.050,-71.4300,62033,32927136.00,,AKSHARE,close_negative,主板,2000-2009,530.8003,全史负价（源侧缺陷）。OHLC 整体为负但列间比例自洽→疑似源历史段符号/量纲伪影，须回源确证
2026-09-23,601607,2006-07-19,-0.100,0.010,-0.140,-0.120,,,,67447,35873596.00,,AKSHARE,close_negative,主板,2000-2009,531.8783,全史负价（源侧缺陷）。OHLC 整体为负但列间比例自洽→疑似源历史段符号/量纲伪影，须回源确证
2026-09-23,601607,2006-07-20,-0.110,-0.050,-0.140,-0.140,,-0.020,-16.6700,45520,24072712.00,,AKSHARE,close_negative,主板,2000-2009,528.8381,全史负价（源侧缺陷）。OHLC 整体为负但列间比例自洽→疑似源历史段符号/量纲伪影，须回源确证
2026-09-23,601607,2006-07-21,-0.120,-0.090,-0.200,-0.180,,-0.040,-28.5700,51155,26791336.00,,AKSHARE,close_negative,主板,2000-2009,523.7286,全史负价（源侧缺陷）。OHLC 整体为负但列间比例自洽→疑似源历史段符号/量纲伪影，须回源确证
2026-09-23,601607,2006-07-24,-0.160,-0.060,-0.190,-0.080,,0.100,55.5600,54619,28789510.00,,AKSHARE,close_negative,主板,2000-2009,527.097,全史负价（源侧缺陷）。OHLC 整体为负但列间比例自洽→疑似源历史段符号/量纲伪影，须回源确证
2026-09-23,601607,2006-07-25,-0.070,-0.030,-0.110,-0.100,,-0.020,-25.0000,42517,22594594.00,,AKSHARE,close_negative,主板,2000-2009,531.4249,全史负价（源侧缺陷）。OHLC 整体为负但列间比例自洽→疑似源历史段符号/量纲伪影，须回源确证
2026-09-23,601607,2006-09-13,0.070,0.070,-0.050,-0.040,,-0.090,-180.0000,70909,38332972.00,,AKSHARE,close_negative,主板,2000-2009,540.5939,全史负价（源侧缺陷）。OHLC 整体为负但列间比例自洽→疑似源历史段符号/量纲伪影，须回源确证
2026-09-23,601607,2008-09-18,-0.050,0.100,-0.360,,,-0.060,-100.0000,42794,22412962.00,,AKSHARE,close_null,主板,2000-2009,523.7408,close 为空
2026-09-23,601607,2008-10-08,-0.170,-0.060,-0.220,-0.200,,-0.210,-2100.0000,32821,17253388.00,,AKSHARE,close_negative,主板,2000-2009,525.6814,全史负价（源侧缺陷）。OHLC 整体为负但列间比例自洽→疑似源历史段符号/量纲伪影，须回源确证
2026-09-23,601607,2008-10-09,-0.060,-0.010,-0.240,-0.200,,,,30062,15754971.00,,AKSHARE,close_negative,主板,2000-2009,524.0826,全史负价（源侧缺陷）。OHLC 整体为负但列间比例自洽→疑似源历史段符号/量纲伪影，须回源确证
2026-09-23,601607,2008-10-10,-0.400,-0.350,-0.550,-0.540,,-0.340,-170.0000,40987,20158092.00,,AKSHARE,close_negative,主板,2000-2009,491.8167,全史负价（源侧缺陷）。OHLC 整体为负但列间比例自洽→疑似源历史段符号/量纲伪影，须回源确证
2026-09-23,601607,2008-10-13,-0.600,-0.400,-0.950,-0.460,,0.080,14.8100,34157,16081519.00,,AKSHARE,close_negative,主板,2000-2009,470.8118,全史负价（源侧缺陷）。OHLC 整体为负但列间比例自洽→疑似源历史段符号/量纲伪影，须回源确证
2026-09-23,601607,2008-10-14,-0.300,-0.220,-0.690,-0.670,,-0.210,-45.6500,41893,20871352.00,,AKSHARE,close_negative,主板,2000-2009,498.2062,全史负价（源侧缺陷）。OHLC 整体为负但列间比例自洽→疑似源历史段符号/量纲伪影，须回源确证
2026-09-23,601607,2008-10-15,-0.780,-0.270,-0.780,-0.290,,0.380,56.7200,78245,38824420.00,,AKSHARE,close_negative,主板,2000-2009,496.1904,全史负价（源侧缺陷）。OHLC 整体为负但列间比例自洽→疑似源历史段符号/量纲伪影，须回源确证
2026-09-23,601607,2008-10-16,-0.530,-0.260,-0.600,-0.410,,-0.120,-41.3800,75635,37763172.00,,AKSHARE,close_negative,主板,2000-2009,499.2817,全史负价（源侧缺陷）。OHLC 整体为负但列间比例自洽→疑似源历史段符号/量纲伪影，须回源确证
2026-09-23,601607,2008-10-17,-0.310,-0.250,-0.400,-0.350,,0.060,14.6300,50754,25774912.00,,AKSHARE,close_negative,主板,2000-2009,507.84,全史负价（源侧缺陷）。OHLC 整体为负但列间比例自洽→疑似源历史段符号/量纲伪影，须回源确证
2026-09-23,601607,2008-10-20,-0.340,-0.230,-0.540,-0.280,,0.070,20.0000,41107,20652476.00,,AKSHARE,close_negative,主板,2000-2009,502.4078,全史负价（源侧缺陷）。OHLC 整体为负但列间比例自洽→疑似源历史段符号/量纲伪影，须回源确证
2026-09-23,601607,2008-10-21,-0.200,-0.200,-0.360,-0.340,,-0.060,-21.4300,36285,18514500.00,,AKSHARE,close_negative,主板,2000-2009,510.2522,全史负价（源侧缺陷）。OHLC 整体为负但列间比例自洽→疑似源历史段符号/量纲伪影，须回源确证
2026-09-23,601607,2008-10-23,-0.640,-0.440,-0.690,-0.470,,-0.130,-38.2400,25828,12529719.00,,AKSHARE,close_negative,主板,2000-2009,485.1215,全史负价（源侧缺陷）。OHLC 整体为负但列间比例自洽→疑似源历史段符号/量纲伪影，须回源确证
2026-09-23,601607,2008-10-24,-0.500,-0.390,-0.520,-0.390,,0.080,17.0200,27097,13473134.00,,AKSHARE,close_negative,主板,2000-2009,497.2187,全史负价（源侧缺陷）。OHLC 整体为负但列间比例自洽→疑似源历史段符号/量纲伪影，须回源确证
2026-09-23,601607,2008-10-27,-0.510,-0.460,-0.850,-0.810,,-0.420,-107.6900,38051,18143122.00,,AKSHARE,close_negative,主板,2000-2009,476.8106,全史负价（源侧缺陷）。OHLC 整体为负但列间比例自洽→疑似源历史段符号/量纲伪影，须回源确证
2026-09-23,601607,2008-10-28,-0.880,-0.610,-0.990,-0.640,,0.170,20.9900,30730,14363398.00,,AKSHARE,close_negative,主板,2000-2009,467.4064,全史负价（源侧缺陷）。OHLC 整体为负但列间比例自洽→疑似源历史段符号/量纲伪影，须回源确证
2026-09-23,601607,2008-10-29,-0.520,-0.500,-0.710,-0.700,,-0.060,-9.3800,34569,16609477.00,,AKSHARE,close_negative,主板,2000-2009,480.4732,全史负价（源侧缺陷）。OHLC 整体为负但列间比例自洽→疑似源历史段符号/量纲伪影，须回源确证
2026-09-23,601607,2008-10-30,-0.650,-0.550,-0.730,-0.680,,0.020,2.8600,22542,10716043.00,,AKSHARE,close_negative,主板,2000-2009,475.3812,全史负价（源侧缺陷）。OHLC 整体为负但列间比例自洽→疑似源历史段符号/量纲伪影，须回源确证
2026-09-23,601607,2008-10-31,-0.700,-0.600,-0.740,-0.650,,0.030,4.4100,15716,7423900.00,,AKSHARE,close_negative,主板,2000-2009,472.3785,全史负价（源侧缺陷）。OHLC 整体为负但列间比例自洽→疑似源历史段符号/量纲伪影，须回源确证
2026-09-23,601607,2008-11-03,-0.650,-0.310,-0.740,-0.440,,0.210,32.3100,52045,25713240.00,,AKSHARE,close_negative,主板,2000-2009,494.0578,全史负价（源侧缺陷）。OHLC 整体为负但列间比例自洽→疑似源历史段符号/量纲伪影，须回源确证
2026-09-23,601607,2008-11-04,-0.450,-0.410,-0.750,-0.600,,-0.160,-36.3600,31176,14955888.00,,AKSHARE,close_negative,主板,2000-2009,479.7244,全史负价（源侧缺陷）。OHLC 整体为负但列间比例自洽→疑似源历史段符号/量纲伪影，须回源确证
2026-09-23,601607,2008-11-05,-0.600,-0.310,-0.600,-0.470,,0.130,21.6700,47435,23691404.00,,AKSHARE,close_negative,主板,2000-2009,499.4499,全史负价（源侧缺陷）。OHLC 整体为负但列间比例自洽→疑似源历史段符号/量纲伪影，须回源确证
2026-09-23,601607,2008-11-06,-0.600,-0.480,-0.630,-0.560,,-0.090,-19.1500,17421,8408755.00,,AKSHARE,close_negative,主板,2000-2009,482.6792,全史负价（源侧缺陷）。OHLC 整体为负但列间比例自洽→疑似源历史段符号/量纲伪影，须回源确证
2026-09-23,601607,2008-11-07,-0.660,-0.500,-0.710,-0.570,,-0.010,-1.7900,16567,7969316.00,,AKSHARE,close_negative,主板,2000-2009,481.0356,全史负价（源侧缺陷）。OHLC 整体为负但列间比例自洽→疑似源历史段符号/量纲伪影，须回源确证
2026-09-23,601607,2008-11-10,-0.400,-0.200,-0.530,-0.240,,0.330,57.8900,57409,28959348.00,,AKSHARE,close_negative,主板,2000-2009,504.4392,全史负价（源侧缺陷）。OHLC 整体为负但列间比例自洽→疑似源历史段符号/量纲伪影，须回源确证
2026-09-23,601607,2008-11-11,-0.270,-0.110,-0.350,-0.310,,-0.070,-29.1700,49436,25468398.00,,AKSHARE,close_negative,主板,2000-2009,515.1792,全史负价（源侧缺陷）。OHLC 整体为负但列间比例自洽→疑似源历史段符号/量纲伪影，须回源确证
2026-09-23,601607,2008-11-12,-0.380,-0.060,-0.380,-0.120,,0.190,61.2900,50353,26185196.00,,AKSHARE,close_negative,主板,2000-2009,520.0325,全史负价（源侧缺陷）。OHLC 整体为负但列间比例自洽→疑似源历史段符号/量纲伪影，须回源确证
2026-09-23,601607,2008-11-18,0.400,0.500,-0.100,-0.090,,-0.580,-118.3700,75348,42001092.00,,AKSHARE,close_negative,主板,2000-2009,557.4281,全史负价（源侧缺陷）。OHLC 整体为负但列间比例自洽→疑似源历史段符号/量纲伪影，须回源确证
2026-09-23,920000,2019-05-23,0.000,0.000,0.000,0.000,,,-100.0000,449000,767790.00,1.00000000,SINA,close_zero,北交所/新三板,2010-2019,1.71,close=0（源侧缺陷；O/H/L 亦为 0 而 volume/amount>0 → 疑似解析丢弃价格字段）。pre_close 已被修正为上一交易日 close，故 change_pct 显示 -100%（物理不可能）
2026-09-23,920000,2019-07-12,0.000,0.000,0.000,0.000,,,-100.0000,150000,450000.00,1.00000000,SINA,close_zero,北交所/新三板,2010-2019,3.0,close=0（源侧缺陷；O/H/L 亦为 0 而 volume/amount>0 → 疑似解析丢弃价格字段）。pre_close 已被修正为上一交易日 close，故 change_pct 显示 -100%（物理不可能）
2026-09-23,920010,2018-01-19,0.000,0.000,0.000,0.000,3.010,-3.010,-100.0000,4833000,17398800.00,1.00000000,SINA,close_zero,北交所/新三板,2010-2019,3.6,close=0（源侧缺陷；O/H/L 亦为 0 而 volume/amount>0 → 疑似解析丢弃价格字段）。pre_close 已被修正为上一交易日 close，故 change_pct 显示 -100%（物理不可能）
2026-09-23,920010,2018-01-25,0.000,0.000,0.000,0.000,,,,1907000,6865200.00,1.00000000,SINA,close_zero,北交所/新三板,2010-2019,3.6,close=0（源侧缺陷；O/H/L 亦为 0 而 volume/amount>0 → 疑似解析丢弃价格字段）。pre_close 已被修正为上一交易日 close，故 change_pct 显示 -100%（物理不可能）
2026-09-23,920010,2018-02-08,0.000,0.000,0.000,0.000,,,,5580000,20088000.00,1.00000000,SINA,close_zero,北交所/新三板,2010-2019,3.6,close=0（源侧缺陷；O/H/L 亦为 0 而 volume/amount>0 → 疑似解析丢弃价格字段）。pre_close 已被修正为上一交易日 close，故 change_pct 显示 -100%（物理不可能）
2026-09-23,920010,2018-12-13,0.000,0.000,0.000,0.000,,,-100.0000,1550000,6200000.00,1.00000000,SINA,close_zero,北交所/新三板,2010-2019,4.0,close=0（源侧缺陷；O/H/L 亦为 0 而 volume/amount>0 → 疑似解析丢弃价格字段）。pre_close 已被修正为上一交易日 close，故 change_pct 显示 -100%（物理不可能）
2026-09-23,920010,2019-02-01,0.000,0.000,0.000,0.000,,,,2990000,11960000.00,1.00000000,SINA,close_zero,北交所/新三板,2010-2019,4.0,close=0（源侧缺陷；O/H/L 亦为 0 而 volume/amount>0 → 疑似解析丢弃价格字段）。pre_close 已被修正为上一交易日 close，故 change_pct 显示 -100%（物理不可能）
2026-09-23,920010,2020-03-31,0.000,0.000,0.000,0.000,4.000,-4.000,-100.0000,500000,2100000.00,1.00000000,SINA,close_zero,北交所/新三板,2020+,4.2,close=0（源侧缺陷；O/H/L 亦为 0 而 volume/amount>0 → 疑似解析丢弃价格字段）。pre_close 已被修正为上一交易日 close，故 change_pct 显示 -100%（物理不可能）
2026-09-23,920010,2020-04-01,0.000,0.000,0.000,0.000,,,,1300000,5460000.00,1.00000000,SINA,close_zero,北交所/新三板,2020+,4.2,close=0（源侧缺陷；O/H/L 亦为 0 而 volume/amount>0 → 疑似解析丢弃价格字段）。pre_close 已被修正为上一交易日 close，故 change_pct 显示 -100%（物理不可能）
2026-09-23,920010,2020-04-16,0.000,0.000,0.000,0.000,4.300,-4.300,-100.0000,3050000,12810000.00,1.00000000,SINA,close_zero,北交所/新三板,2020+,4.2,close=0（源侧缺陷；O/H/L 亦为 0 而 volume/amount>0 → 疑似解析丢弃价格字段）。pre_close 已被修正为上一交易日 close，故 change_pct 显示 -100%（物理不可能）
2026-09-23,920010,2020-04-17,0.000,0.000,0.000,0.000,,,,2110000,8862000.00,1.00000000,SINA,close_zero,北交所/新三板,2020+,4.2,close=0（源侧缺陷；O/H/L 亦为 0 而 volume/amount>0 → 疑似解析丢弃价格字段）。pre_close 已被修正为上一交易日 close，故 change_pct 显示 -100%（物理不可能）
2026-09-23,920010,2020-04-20,0.000,0.000,0.000,0.000,,,,100000,420000.00,1.00000000,SINA,close_zero,北交所/新三板,2020+,4.2,close=0（源侧缺陷；O/H/L 亦为 0 而 volume/amount>0 → 疑似解析丢弃价格字段）。pre_close 已被修正为上一交易日 close，故 change_pct 显示 -100%（物理不可能）
2026-09-23,920010,2020-05-07,0.000,0.000,0.000,0.000,5.830,-5.830,-100.0000,100000,470000.00,1.00000000,SINA,close_zero,北交所/新三板,2020+,4.7,close=0（源侧缺陷；O/H/L 亦为 0 而 volume/amount>0 → 疑似解析丢弃价格字段）。pre_close 已被修正为上一交易日 close，故 change_pct 显示 -100%（物理不可能）
2026-09-23,920030,2018-11-22,0.000,0.000,0.000,0.000,3.000,-3.000,-100.0000,3000000,6000000.00,1.00000000,SINA,close_zero,北交所/新三板,2010-2019,2.0,close=0（源侧缺陷；O/H/L 亦为 0 而 volume/amount>0 → 疑似解析丢弃价格字段）。pre_close 已被修正为上一交易日 close，故 change_pct 显示 -100%（物理不可能）
2026-09-23,920030,2018-11-23,0.000,0.000,0.000,0.000,,,,1660000,3320000.00,1.00000000,SINA,close_zero,北交所/新三板,2010-2019,2.0,close=0（源侧缺陷；O/H/L 亦为 0 而 volume/amount>0 → 疑似解析丢弃价格字段）。pre_close 已被修正为上一交易日 close，故 change_pct 显示 -100%（物理不可能）
2026-09-23,920030,2018-11-26,0.000,0.000,0.000,0.000,,,,2300000,4600000.00,1.00000000,SINA,close_zero,北交所/新三板,2010-2019,2.0,close=0（源侧缺陷；O/H/L 亦为 0 而 volume/amount>0 → 疑似解析丢弃价格字段）。pre_close 已被修正为上一交易日 close，故 change_pct 显示 -100%（物理不可能）
2026-09-23,920030,2018-11-28,0.000,0.000,0.000,0.000,,,,1050000,2100000.00,1.00000000,SINA,close_zero,北交所/新三板,2010-2019,2.0,close=0（源侧缺陷；O/H/L 亦为 0 而 volume/amount>0 → 疑似解析丢弃价格字段）。pre_close 已被修正为上一交易日 close，故 change_pct 显示 -100%（物理不可能）
2026-09-23,920030,2018-11-29,0.000,0.000,0.000,0.000,,,,1289000,2578000.00,1.00000000,SINA,close_zero,北交所/新三板,2010-2019,2.0,close=0（源侧缺陷；O/H/L 亦为 0 而 volume/amount>0 → 疑似解析丢弃价格字段）。pre_close 已被修正为上一交易日 close，故 change_pct 显示 -100%（物理不可能）
2026-09-23,920030,2018-11-30,0.000,0.000,0.000,0.000,,,,2600000,5200000.00,1.00000000,SINA,close_zero,北交所/新三板,2010-2019,2.0,close=0（源侧缺陷；O/H/L 亦为 0 而 volume/amount>0 → 疑似解析丢弃价格字段）。pre_close 已被修正为上一交易日 close，故 change_pct 显示 -100%（物理不可能）
2026-09-23,920030,2018-12-07,0.000,0.000,0.000,0.000,,,,1800000,3600000.00,1.00000000,SINA,close_zero,北交所/新三板,2010-2019,2.0,close=0（源侧缺陷；O/H/L 亦为 0 而 volume/amount>0 → 疑似解析丢弃价格字段）。pre_close 已被修正为上一交易日 close，故 change_pct 显示 -100%（物理不可能）
2026-09-23,920030,2018-12-12,0.000,0.000,0.000,0.000,3.000,-3.000,-100.0000,580000,1160000.00,1.00000000,SINA,close_zero,北交所/新三板,2010-2019,2.0,close=0（源侧缺陷；O/H/L 亦为 0 而 volume/amount>0 → 疑似解析丢弃价格字段）。pre_close 已被修正为上一交易日 close，故 change_pct 显示 -100%（物理不可能）
2026-09-23,920030,2018-12-13,0.000,0.000,0.000,0.000,,,,772000,1544000.00,1.00000000,SINA,close_zero,北交所/新三板,2010-2019,2.0,close=0（源侧缺陷；O/H/L 亦为 0 而 volume/amount>0 → 疑似解析丢弃价格字段）。pre_close 已被修正为上一交易日 close，故 change_pct 显示 -100%（物理不可能）
2026-09-23,920030,2018-12-21,0.000,0.000,0.000,0.000,,,,1103000,2206000.00,1.00000000,SINA,close_zero,北交所/新三板,2010-2019,2.0,close=0（源侧缺陷；O/H/L 亦为 0 而 volume/amount>0 → 疑似解析丢弃价格字段）。pre_close 已被修正为上一交易日 close，故 change_pct 显示 -100%（物理不可能）
2026-09-23,920030,2019-01-02,0.000,0.000,0.000,0.000,,,,4134000,8268000.00,1.00000000,SINA,close_zero,北交所/新三板,2010-2019,2.0,close=0（源侧缺陷；O/H/L 亦为 0 而 volume/amount>0 → 疑似解析丢弃价格字段）。pre_close 已被修正为上一交易日 close，故 change_pct 显示 -100%（物理不可能）
2026-09-23,920030,2019-04-01,0.000,0.000,0.000,0.000,5.400,-5.400,-100.0000,185000,740000.00,1.00000000,SINA,close_zero,北交所/新三板,2010-2019,4.0,close=0（源侧缺陷；O/H/L 亦为 0 而 volume/amount>0 → 疑似解析丢弃价格字段）。pre_close 已被修正为上一交易日 close，故 change_pct 显示 -100%（物理不可能）
2026-09-23,920030,2019-04-03,0.000,0.000,0.000,0.000,,,,129000,516000.00,1.00000000,SINA,close_zero,北交所/新三板,2010-2019,4.0,close=0（源侧缺陷；O/H/L 亦为 0 而 volume/amount>0 → 疑似解析丢弃价格字段）。pre_close 已被修正为上一交易日 close，故 change_pct 显示 -100%（物理不可能）
2026-09-23,920030,2019-04-22,0.000,0.000,0.000,0.000,,,,500000,1500000.00,1.00000000,SINA,close_zero,北交所/新三板,2010-2019,3.0,close=0（源侧缺陷；O/H/L 亦为 0 而 volume/amount>0 → 疑似解析丢弃价格字段）。pre_close 已被修正为上一交易日 close，故 change_pct 显示 -100%（物理不可能）
2026-09-23,920030,2019-10-14,0.000,0.000,0.000,0.000,5.380,-5.380,-100.0000,128000,384000.00,1.00000000,SINA,close_zero,北交所/新三板,2010-2019,3.0,close=0（源侧缺陷；O/H/L 亦为 0 而 volume/amount>0 → 疑似解析丢弃价格字段）。pre_close 已被修正为上一交易日 close，故 change_pct 显示 -100%（物理不可能）
2026-09-23,920039,2020-05-20,0.000,0.000,0.000,0.000,6.050,-6.050,-100.0000,1800000,7632000.00,1.00000000,SINA,close_zero,北交所/新三板,2020+,4.24,close=0（源侧缺陷；O/H/L 亦为 0 而 volume/amount>0 → 疑似解析丢弃价格字段）。pre_close 已被修正为上一交易日 close，故 change_pct 显示 -100%（物理不可能）
2026-09-23,920047,2019-07-18,0.000,0.000,0.000,0.000,6.730,-6.730,-100.0000,450000,1530000.00,1.00000000,SINA,close_zero,北交所/新三板,2010-2019,3.4,close=0（源侧缺陷；O/H/L 亦为 0 而 volume/amount>0 → 疑似解析丢弃价格字段）。pre_close 已被修正为上一交易日 close，故 change_pct 显示 -100%（物理不可能）
2026-09-23,920047,2020-02-21,0.000,0.000,0.000,0.000,3.950,-3.950,-100.0000,480000,1680000.00,1.00000000,SINA,close_zero,北交所/新三板,2020+,3.5,close=0（源侧缺陷；O/H/L 亦为 0 而 volume/amount>0 → 疑似解析丢弃价格字段）。pre_close 已被修正为上一交易日 close，故 change_pct 显示 -100%（物理不可能）
2026-09-23,920047,2020-02-25,0.000,0.000,0.000,0.000,,,,250000,1020000.00,1.00000000,SINA,close_zero,北交所/新三板,2020+,4.08,close=0（源侧缺陷；O/H/L 亦为 0 而 volume/amount>0 → 疑似解析丢弃价格字段）。pre_close 已被修正为上一交易日 close，故 change_pct 显示 -100%（物理不可能）
2026-09-23,920047,2020-02-26,0.000,0.000,0.000,0.000,,,,150000,447000.00,1.00000000,SINA,close_zero,北交所/新三板,2020+,2.98,close=0（源侧缺陷；O/H/L 亦为 0 而 volume/amount>0 → 疑似解析丢弃价格字段）。pre_close 已被修正为上一交易日 close，故 change_pct 显示 -100%（物理不可能）
2026-09-23,920058,2020-04-10,-1.740,-1.740,-1.740,-1.740,,-15.400,-112.7400,2,800.00,,AKSHARE,close_negative,北交所/新三板,2020+,400.0,全史负价（源侧缺陷）。OHLC 整体为负但列间比例自洽→疑似源历史段符号/量纲伪影，须回源确证
2026-09-23,920058,2020-04-13,-1.740,-1.740,-1.740,-1.740,,,,2,800.00,,AKSHARE,close_negative,北交所/新三板,2020+,400.0,全史负价（源侧缺陷）。OHLC 整体为负但列间比例自洽→疑似源历史段符号/量纲伪影，须回源确证
2026-09-23,920058,2020-04-14,-1.670,-1.670,-1.740,-1.740,,,,2,811.00,,AKSHARE,close_negative,北交所/新三板,2020+,405.5,全史负价（源侧缺陷）。OHLC 整体为负但列间比例自洽→疑似源历史段符号/量纲伪影，须回源确证
2026-09-23,920058,2020-04-15,-1.670,-1.670,-1.740,-1.740,,,,21,8410.00,,AKSHARE,close_negative,北交所/新三板,2020+,400.4762,全史负价（源侧缺陷）。OHLC 整体为负但列间比例自洽→疑似源历史段符号/量纲伪影，须回源确证
2026-09-23,920058,2020-04-16,-1.740,-1.740,-1.740,-1.740,,,,23,9196.00,,AKSHARE,close_negative,北交所/新三板,2020+,399.8261,全史负价（源侧缺陷）。OHLC 整体为负但列间比例自洽→疑似源历史段符号/量纲伪影，须回源确证
2026-09-23,920058,2020-04-17,-1.740,-1.740,-1.740,-1.740,,,,20,8000.00,,AKSHARE,close_negative,北交所/新三板,2020+,400.0,全史负价（源侧缺陷）。OHLC 整体为负但列间比例自洽→疑似源历史段符号/量纲伪影，须回源确证
2026-09-23,920058,2020-04-20,-1.740,-1.740,-1.740,-1.740,,,,11,4400.00,,AKSHARE,close_negative,北交所/新三板,2020+,400.0,全史负价（源侧缺陷）。OHLC 整体为负但列间比例自洽→疑似源历史段符号/量纲伪影，须回源确证
2026-09-23,920058,2020-04-21,-1.740,-1.740,-1.740,-1.740,,,,18,7201.00,,AKSHARE,close_negative,北交所/新三板,2020+,400.0556,全史负价（源侧缺陷）。OHLC 整体为负但列间比例自洽→疑似源历史段符号/量纲伪影，须回源确证
2026-09-23,920058,2020-04-22,-1.740,-1.740,-1.740,-1.740,,,,16,6400.00,,AKSHARE,close_negative,北交所/新三板,2020+,400.0,全史负价（源侧缺陷）。OHLC 整体为负但列间比例自洽→疑似源历史段符号/量纲伪影，须回源确证
2026-09-23,920058,2020-04-23,-1.740,-1.740,-1.740,-1.740,,,,3,1200.00,,AKSHARE,close_negative,北交所/新三板,2020+,400.0,全史负价（源侧缺陷）。OHLC 整体为负但列间比例自洽→疑似源历史段符号/量纲伪影，须回源确证
2026-09-23,920058,2020-04-24,-1.740,-1.740,-1.770,-1.770,,-0.030,-1.7200,9,3597.00,,AKSHARE,close_negative,北交所/新三板,2020+,399.6667,全史负价（源侧缺陷）。OHLC 整体为负但列间比例自洽→疑似源历史段符号/量纲伪影，须回源确证
2026-09-23,920058,2020-04-27,-1.740,-1.740,-1.740,-1.740,,0.030,1.6900,1,400.00,,AKSHARE,close_negative,北交所/新三板,2020+,400.0,全史负价（源侧缺陷）。OHLC 整体为负但列间比例自洽→疑似源历史段符号/量纲伪影，须回源确证
2026-09-23,920058,2020-05-08,-2.120,-2.120,-2.120,-2.120,,-0.380,-21.8400,1,350.00,,AKSHARE,close_negative,北交所/新三板,2020+,350.0,全史负价（源侧缺陷）。OHLC 整体为负但列间比例自洽→疑似源历史段符号/量纲伪影，须回源确证
2026-09-23,920058,2020-05-25,-1.360,-1.360,-1.360,-1.360,,0.760,35.8500,1,450.00,,AKSHARE,close_negative,北交所/新三板,2020+,450.0,全史负价（源侧缺陷）。OHLC 整体为负但列间比例自洽→疑似源历史段符号/量纲伪影，须回源确证
2026-09-23,920058,2020-07-07,-2.500,-2.500,-2.500,-2.500,,-1.140,-83.8200,1,301.00,,AKSHARE,close_negative,北交所/新三板,2020+,301.0,全史负价（源侧缺陷）。OHLC 整体为负但列间比例自洽→疑似源历史段符号/量纲伪影，须回源确证
2026-09-23,920058,2020-07-27,-3.260,-3.260,-3.260,-3.260,,-0.760,-30.4000,2,402.00,,AKSHARE,close_negative,北交所/新三板,2020+,201.0,全史负价（源侧缺陷）。OHLC 整体为负但列间比例自洽→疑似源历史段符号/量纲伪影，须回源确证
2026-09-23,920058,2020-07-29,-2.120,-2.120,-2.120,-2.120,,1.140,34.9700,1,350.00,,AKSHARE,close_negative,北交所/新三板,2020+,350.0,全史负价（源侧缺陷）。OHLC 整体为负但列间比例自洽→疑似源历史段符号/量纲伪影，须回源确证
2026-09-23,920058,2020-07-30,-1.360,-1.360,-1.360,-1.360,,0.760,35.8500,31,13950.00,,AKSHARE,close_negative,北交所/新三板,2020+,450.0,全史负价（源侧缺陷）。OHLC 整体为负但列间比例自洽→疑似源历史段符号/量纲伪影，须回源确证
2026-09-23,920058,2020-08-03,-3.000,-3.000,-3.000,-3.000,,-1.640,-120.5900,1,235.00,,AKSHARE,close_negative,北交所/新三板,2020+,235.0,全史负价（源侧缺陷）。OHLC 整体为负但列间比例自洽→疑似源历史段符号/量纲伪影，须回源确证
2026-09-23,920058,2020-08-05,-1.360,-1.360,-1.360,-1.360,,1.640,54.6700,111,49950.00,,AKSHARE,close_negative,北交所/新三板,2020+,450.0,全史负价（源侧缺陷）。OHLC 整体为负但列间比例自洽→疑似源历史段符号/量纲伪影，须回源确证
2026-09-23,920058,2020-08-12,-1.360,-1.360,-1.360,-1.360,,,,30,13500.00,,AKSHARE,close_negative,北交所/新三板,2020+,450.0,全史负价（源侧缺陷）。OHLC 整体为负但列间比例自洽→疑似源历史段符号/量纲伪影，须回源确证
2026-09-23,920058,2020-08-18,-1.360,-1.360,-1.360,-1.360,,,,30,13500.00,,AKSHARE,close_negative,北交所/新三板,2020+,450.0,全史负价（源侧缺陷）。OHLC 整体为负但列间比例自洽→疑似源历史段符号/量纲伪影，须回源确证
2026-09-23,920058,2020-08-31,-1.360,-1.360,-1.360,-1.360,,,,1,450.00,,AKSHARE,close_negative,北交所/新三板,2020+,450.0,全史负价（源侧缺陷）。OHLC 整体为负但列间比例自洽→疑似源历史段符号/量纲伪影，须回源确证
2026-09-23,920077,2019-01-23,0.000,0.000,0.000,0.000,4.010,-4.010,-100.0000,1049000,5035200.00,1.00000000,SINA,close_zero,北交所/新三板,2010-2019,4.8,close=0（源侧缺陷；O/H/L 亦为 0 而 volume/amount>0 → 疑似解析丢弃价格字段）。pre_close 已被修正为上一交易日 close，故 change_pct 显示 -100%（物理不可能）
2026-09-23,920077,2020-02-10,0.000,0.000,0.000,0.000,,,,100000,400000.00,1.00000000,SINA,close_zero,北交所/新三板,2020+,4.0,close=0（源侧缺陷；O/H/L 亦为 0 而 volume/amount>0 → 疑似解析丢弃价格字段）。pre_close 已被修正为上一交易日 close，故 change_pct 显示 -100%（物理不可能）
2026-09-23,920077,2020-10-29,0.000,0.000,0.000,0.000,6.660,-6.660,-100.0000,7237762,38939160.00,1.00000000,SINA,close_zero,北交所/新三板,2020+,5.38,close=0（源侧缺陷；O/H/L 亦为 0 而 volume/amount>0 → 疑似解析丢弃价格字段）。pre_close 已被修正为上一交易日 close，故 change_pct 显示 -100%（物理不可能）
2026-09-23,920087,2015-04-02,-1.050,-1.050,-1.050,-1.050,,-17.480,-106.3900,70,140.00,,AKSHARE,close_negative,北交所/新三板,2010-2019,2.0,全史负价（源侧缺陷）。OHLC 整体为负但列间比例自洽→疑似源历史段符号/量纲伪影，须回源确证
2026-09-23,920089,2018-12-21,0.000,0.000,0.000,0.000,7.000,-7.000,-100.0000,199000,1094500.00,1.00000000,SINA,close_zero,北交所/新三板,2010-2019,5.5,close=0（源侧缺陷；O/H/L 亦为 0 而 volume/amount>0 → 疑似解析丢弃价格字段）。pre_close 已被修正为上一交易日 close，故 change_pct 显示 -100%（物理不可能）
2026-09-23,920089,2019-02-28,0.000,0.000,0.000,0.000,,,,200000,1100000.00,1.00000000,SINA,close_zero,北交所/新三板,2010-2019,5.5,close=0（源侧缺陷；O/H/L 亦为 0 而 volume/amount>0 → 疑似解析丢弃价格字段）。pre_close 已被修正为上一交易日 close，故 change_pct 显示 -100%（物理不可能）
2026-09-23,920089,2019-03-19,0.000,0.000,0.000,0.000,,,,387000,2128500.00,1.00000000,SINA,close_zero,北交所/新三板,2010-2019,5.5,close=0（源侧缺陷；O/H/L 亦为 0 而 volume/amount>0 → 疑似解析丢弃价格字段）。pre_close 已被修正为上一交易日 close，故 change_pct 显示 -100%（物理不可能）
2026-09-23,920089,2019-03-25,0.000,0.000,0.000,0.000,,,,300000,1980000.00,1.00000000,SINA,close_zero,北交所/新三板,2010-2019,6.6,close=0（源侧缺陷；O/H/L 亦为 0 而 volume/amount>0 → 疑似解析丢弃价格字段）。pre_close 已被修正为上一交易日 close，故 change_pct 显示 -100%（物理不可能）
2026-09-23,920090,2018-04-19,0.000,0.000,0.000,0.000,4.300,-4.300,-100.0000,340000,1696600.00,1.00000000,SINA,close_zero,北交所/新三板,2010-2019,4.99,close=0（源侧缺陷；O/H/L 亦为 0 而 volume/amount>0 → 疑似解析丢弃价格字段）。pre_close 已被修正为上一交易日 close，故 change_pct 显示 -100%（物理不可能）
2026-09-23,920090,2018-05-25,0.000,0.000,0.000,0.000,3.990,-3.990,-100.0000,2248000,10003600.00,1.00000000,SINA,close_zero,北交所/新三板,2010-2019,4.45,close=0（源侧缺陷；O/H/L 亦为 0 而 volume/amount>0 → 疑似解析丢弃价格字段）。pre_close 已被修正为上一交易日 close，故 change_pct 显示 -100%（物理不可能）
2026-09-23,920090,2018-06-11,0.000,0.000,0.000,0.000,3.990,-3.990,-100.0000,150000,600000.00,1.00000000,SINA,close_zero,北交所/新三板,2010-2019,4.0,close=0（源侧缺陷；O/H/L 亦为 0 而 volume/amount>0 → 疑似解析丢弃价格字段）。pre_close 已被修正为上一交易日 close，故 change_pct 显示 -100%（物理不可能）
2026-09-23,920090,2018-08-02,0.000,0.000,0.000,0.000,3.800,-3.800,-100.0000,1806470,3432293.00,1.00000000,SINA,close_zero,北交所/新三板,2010-2019,1.9,close=0（源侧缺陷；O/H/L 亦为 0 而 volume/amount>0 → 疑似解析丢弃价格字段）。pre_close 已被修正为上一交易日 close，故 change_pct 显示 -100%（物理不可能）
2026-09-23,920090,2019-04-08,0.000,0.000,0.000,0.000,,,,135000,540000.00,1.00000000,SINA,close_zero,北交所/新三板,2010-2019,4.0,close=0（源侧缺陷；O/H/L 亦为 0 而 volume/amount>0 → 疑似解析丢弃价格字段）。pre_close 已被修正为上一交易日 close，故 change_pct 显示 -100%（物理不可能）
2026-09-23,920090,2019-04-30,0.000,0.000,0.000,0.000,,,,110000,495000.00,1.00000000,SINA,close_zero,北交所/新三板,2010-2019,4.5,close=0（源侧缺陷；O/H/L 亦为 0 而 volume/amount>0 → 疑似解析丢弃价格字段）。pre_close 已被修正为上一交易日 close，故 change_pct 显示 -100%（物理不可能）
2026-09-23,920090,2019-05-23,0.000,0.000,0.000,0.000,,,,115000,389850.00,1.00000000,SINA,close_zero,北交所/新三板,2010-2019,3.39,close=0（源侧缺陷；O/H/L 亦为 0 而 volume/amount>0 → 疑似解析丢弃价格字段）。pre_close 已被修正为上一交易日 close，故 change_pct 显示 -100%（物理不可能）
2026-09-23,920090,2019-05-24,0.000,0.000,0.000,0.000,,,,100000,450000.00,1.00000000,SINA,close_zero,北交所/新三板,2010-2019,4.5,close=0（源侧缺陷；O/H/L 亦为 0 而 volume/amount>0 → 疑似解析丢弃价格字段）。pre_close 已被修正为上一交易日 close，故 change_pct 显示 -100%（物理不可能）
2026-09-23,920090,2019-05-28,0.000,0.000,0.000,0.000,,,,129000,451500.00,1.00000000,SINA,close_zero,北交所/新三板,2010-2019,3.5,close=0（源侧缺陷；O/H/L 亦为 0 而 volume/amount>0 → 疑似解析丢弃价格字段）。pre_close 已被修正为上一交易日 close，故 change_pct 显示 -100%（物理不可能）
2026-09-23,920090,2019-05-29,0.000,0.000,0.000,0.000,,,,113000,449740.00,1.00000000,SINA,close_zero,北交所/新三板,2010-2019,3.98,close=0（源侧缺陷；O/H/L 亦为 0 而 volume/amount>0 → 疑似解析丢弃价格字段）。pre_close 已被修正为上一交易日 close，故 change_pct 显示 -100%（物理不可能）
2026-09-23,920090,2019-05-30,0.000,0.000,0.000,0.000,,,,126000,501480.00,1.00000000,SINA,close_zero,北交所/新三板,2010-2019,3.98,close=0（源侧缺陷；O/H/L 亦为 0 而 volume/amount>0 → 疑似解析丢弃价格字段）。pre_close 已被修正为上一交易日 close，故 change_pct 显示 -100%（物理不可能）
2026-09-23,920090,2019-11-15,0.000,0.000,0.000,0.000,5.500,-5.500,-100.0000,1000000,2760000.00,1.00000000,SINA,close_zero,北交所/新三板,2010-2019,2.76,close=0（源侧缺陷；O/H/L 亦为 0 而 volume/amount>0 → 疑似解析丢弃价格字段）。pre_close 已被修正为上一交易日 close，故 change_pct 显示 -100%（物理不可能）
2026-09-23,920090,2019-12-12,0.000,0.000,0.000,0.000,2.430,-2.430,-100.0000,177361,354722.00,1.00000000,SINA,close_zero,北交所/新三板,2010-2019,2.0,close=0（源侧缺陷；O/H/L 亦为 0 而 volume/amount>0 → 疑似解析丢弃价格字段）。pre_close 已被修正为上一交易日 close，故 change_pct 显示 -100%（物理不可能）
2026-09-23,920090,2020-01-03,0.000,0.000,0.000,0.000,3.300,-3.300,-100.0000,667000,2001000.00,1.00000000,SINA,close_zero,北交所/新三板,2020+,3.0,close=0（源侧缺陷；O/H/L 亦为 0 而 volume/amount>0 → 疑似解析丢弃价格字段）。pre_close 已被修正为上一交易日 close，故 change_pct 显示 -100%（物理不可能）
2026-09-23,920110,2019-05-31,0.050,0.050,-0.100,-0.100,,-0.210,-190.9100,210,64210.00,,AKSHARE,close_negative,北交所/新三板,2010-2019,305.7619,全史负价（源侧缺陷）。OHLC 整体为负但列间比例自洽→疑似源历史段符号/量纲伪影，须回源确证
2026-09-23,920110,2019-06-03,-0.130,-0.130,-0.370,-0.300,,-0.200,-200.0000,230,64630.00,,AKSHARE,close_negative,北交所/新三板,2010-2019,281.0,全史负价（源侧缺陷）。OHLC 整体为负但列间比例自洽→疑似源历史段符号/量纲伪影，须回源确证
2026-09-23,920110,2019-06-04,-0.410,-0.380,-0.510,-0.450,,-0.150,-50.0000,300,79090.00,,AKSHARE,close_negative,北交所/新三板,2010-2019,263.6333,全史负价（源侧缺陷）。OHLC 整体为负但列间比例自洽→疑似源历史段符号/量纲伪影，须回源确证
2026-09-23,920110,2019-06-05,-0.430,-0.070,-0.430,-0.080,,0.370,82.2200,240,69120.00,,AKSHARE,close_negative,北交所/新三板,2010-2019,288.0,全史负价（源侧缺陷）。OHLC 整体为负但列间比例自洽→疑似源历史段符号/量纲伪影，须回源确证
2026-09-23,920110,2019-06-06,,0.030,-0.040,-0.020,,0.060,75.0000,80,24810.00,,AKSHARE,close_negative,北交所/新三板,2010-2019,310.125,全史负价（源侧缺陷）。OHLC 整体为负但列间比例自洽→疑似源历史段符号/量纲伪影，须回源确证
2026-09-23,920123,2016-11-10,-0.050,-0.050,-0.050,-0.050,,-4.100,-101.2300,500,144000.00,,AKSHARE,close_negative,北交所/新三板,2010-2019,288.0,全史负价（源侧缺陷）。OHLC 整体为负但列间比例自洽→疑似源历史段符号/量纲伪影，须回源确证
2026-09-23,920139,2015-03-18,2.420,2.420,-0.350,-0.100,,-2.590,-104.0200,220,30200.00,,AKSHARE,close_negative,北交所/新三板,2010-2019,137.2727,全史负价（源侧缺陷）。OHLC 整体为负但列间比例自洽→疑似源历史段符号/量纲伪影，须回源确证
2026-09-23,920139,2015-03-19,2.490,2.490,-0.350,-0.350,,-0.250,-250.0000,280,113580.00,,AKSHARE,close_negative,北交所/新三板,2010-2019,405.6429,全史负价（源侧缺陷）。OHLC 整体为负但列间比例自洽→疑似源历史段符号/量纲伪影，须回源确证
2026-09-23,920146,2019-07-05,0.000,0.000,0.000,0.000,,,-100.0000,1700000,6800000.00,1.00000000,SINA,close_zero,北交所/新三板,2010-2019,4.0,close=0（源侧缺陷；O/H/L 亦为 0 而 volume/amount>0 → 疑似解析丢弃价格字段）。pre_close 已被修正为上一交易日 close，故 change_pct 显示 -100%（物理不可能）
2026-09-23,920146,2019-07-12,0.000,0.000,0.000,0.000,3.800,-3.800,-100.0000,173000,692000.00,1.00000000,SINA,close_zero,北交所/新三板,2010-2019,4.0,close=0（源侧缺陷；O/H/L 亦为 0 而 volume/amount>0 → 疑似解析丢弃价格字段）。pre_close 已被修正为上一交易日 close，故 change_pct 显示 -100%（物理不可能）
2026-09-23,920149,2018-11-07,0.000,0.000,0.000,0.000,4.000,-4.000,-100.0000,200000,900000.00,1.00000000,SINA,close_zero,北交所/新三板,2010-2019,4.5,close=0（源侧缺陷；O/H/L 亦为 0 而 volume/amount>0 → 疑似解析丢弃价格字段）。pre_close 已被修正为上一交易日 close，故 change_pct 显示 -100%（物理不可能）
2026-09-23,920149,2018-11-08,0.000,0.000,0.000,0.000,,,,218000,872000.00,1.00000000,SINA,close_zero,北交所/新三板,2010-2019,4.0,close=0（源侧缺陷；O/H/L 亦为 0 而 volume/amount>0 → 疑似解析丢弃价格字段）。pre_close 已被修正为上一交易日 close，故 change_pct 显示 -100%（物理不可能）
2026-09-23,920149,2018-11-30,0.000,0.000,0.000,0.000,4.040,-4.040,-100.0000,200000,404000.00,1.00000000,SINA,close_zero,北交所/新三板,2010-2019,2.02,close=0（源侧缺陷；O/H/L 亦为 0 而 volume/amount>0 → 疑似解析丢弃价格字段）。pre_close 已被修正为上一交易日 close，故 change_pct 显示 -100%（物理不可能）
2026-09-23,920149,2018-12-12,0.000,0.000,0.000,0.000,5.320,-5.320,-100.0000,103000,417150.00,1.00000000,SINA,close_zero,北交所/新三板,2010-2019,4.05,close=0（源侧缺陷；O/H/L 亦为 0 而 volume/amount>0 → 疑似解析丢弃价格字段）。pre_close 已被修正为上一交易日 close，故 change_pct 显示 -100%（物理不可能）
2026-09-23,920149,2019-06-27,0.000,0.000,0.000,0.000,7.020,-7.020,-100.0000,135000,473850.00,1.00000000,SINA,close_zero,北交所/新三板,2010-2019,3.51,close=0（源侧缺陷；O/H/L 亦为 0 而 volume/amount>0 → 疑似解析丢弃价格字段）。pre_close 已被修正为上一交易日 close，故 change_pct 显示 -100%（物理不可能）
2026-09-23,920149,2019-12-26,0.000,0.000,0.000,0.000,7.040,-7.040,-100.0000,388000,1367800.00,1.00000000,SINA,close_zero,北交所/新三板,2010-2019,3.5253,close=0（源侧缺陷；O/H/L 亦为 0 而 volume/amount>0 → 疑似解析丢弃价格字段）。pre_close 已被修正为上一交易日 close，故 change_pct 显示 -100%（物理不可能）
2026-09-23,920149,2020-01-03,0.000,0.000,0.000,0.000,,,,100000,450000.00,1.00000000,SINA,close_zero,北交所/新三板,2020+,4.5,close=0（源侧缺陷；O/H/L 亦为 0 而 volume/amount>0 → 疑似解析丢弃价格字段）。pre_close 已被修正为上一交易日 close，故 change_pct 显示 -100%（物理不可能）
2026-09-23,920149,2020-01-22,0.000,0.000,0.000,0.000,,,,164000,820000.00,1.00000000,SINA,close_zero,北交所/新三板,2020+,5.0,close=0（源侧缺陷；O/H/L 亦为 0 而 volume/amount>0 → 疑似解析丢弃价格字段）。pre_close 已被修正为上一交易日 close，故 change_pct 显示 -100%（物理不可能）
2026-09-23,920149,2020-02-03,0.000,0.000,0.000,0.000,,,,150000,750000.00,1.00000000,SINA,close_zero,北交所/新三板,2020+,5.0,close=0（源侧缺陷；O/H/L 亦为 0 而 volume/amount>0 → 疑似解析丢弃价格字段）。pre_close 已被修正为上一交易日 close，故 change_pct 显示 -100%（物理不可能）
2026-09-23,920149,2020-03-03,0.000,0.000,0.000,0.000,,,,200000,1000000.00,1.00000000,SINA,close_zero,北交所/新三板,2020+,5.0,close=0（源侧缺陷；O/H/L 亦为 0 而 volume/amount>0 → 疑似解析丢弃价格字段）。pre_close 已被修正为上一交易日 close，故 change_pct 显示 -100%（物理不可能）
2026-09-23,920149,2020-03-19,0.000,0.000,0.000,0.000,7.680,-7.680,-100.0000,200000,1080000.00,1.00000000,SINA,close_zero,北交所/新三板,2020+,5.4,close=0（源侧缺陷；O/H/L 亦为 0 而 volume/amount>0 → 疑似解析丢弃价格字段）。pre_close 已被修正为上一交易日 close，故 change_pct 显示 -100%（物理不可能）
2026-09-23,920149,2020-05-06,0.000,0.000,0.000,0.000,7.700,-7.700,-100.0000,100000,540000.00,1.00000000,SINA,close_zero,北交所/新三板,2020+,5.4,close=0（源侧缺陷；O/H/L 亦为 0 而 volume/amount>0 → 疑似解析丢弃价格字段）。pre_close 已被修正为上一交易日 close，故 change_pct 显示 -100%（物理不可能）
2026-09-23,920175,2015-11-20,-0.350,2.520,-0.350,-0.340,,-3.450,-110.9300,5440,309980.00,,AKSHARE,close_negative,北交所/新三板,2010-2019,56.9816,全史负价（源侧缺陷）。OHLC 整体为负但列间比例自洽→疑似源历史段符号/量纲伪影，须回源确证
2026-09-23,920184,2018-04-27,0.000,0.000,0.000,0.000,8.670,-8.670,-100.0000,1000000,5000000.00,1.00000000,SINA,close_zero,北交所/新三板,2010-2019,5.0,close=0（源侧缺陷；O/H/L 亦为 0 而 volume/amount>0 → 疑似解析丢弃价格字段）。pre_close 已被修正为上一交易日 close，故 change_pct 显示 -100%（物理不可能）
2026-09-23,920184,2018-08-23,0.000,0.000,0.000,0.000,7.050,-7.050,-100.0000,100000,360000.00,1.00000000,SINA,close_zero,北交所/新三板,2010-2019,3.6,close=0（源侧缺陷；O/H/L 亦为 0 而 volume/amount>0 → 疑似解析丢弃价格字段）。pre_close 已被修正为上一交易日 close，故 change_pct 显示 -100%（物理不可能）
2026-09-23,920184,2018-09-04,0.000,0.000,0.000,0.000,6.430,-6.430,-100.0000,250000,875000.00,1.00000000,SINA,close_zero,北交所/新三板,2010-2019,3.5,close=0（源侧缺陷；O/H/L 亦为 0 而 volume/amount>0 → 疑似解析丢弃价格字段）。pre_close 已被修正为上一交易日 close，故 change_pct 显示 -100%（物理不可能）
2026-09-23,920184,2018-10-16,0.000,0.000,0.000,0.000,4.640,-4.640,-100.0000,1000000,2500000.00,1.00000000,SINA,close_zero,北交所/新三板,2010-2019,2.5,close=0（源侧缺陷；O/H/L 亦为 0 而 volume/amount>0 → 疑似解析丢弃价格字段）。pre_close 已被修正为上一交易日 close，故 change_pct 显示 -100%（物理不可能）
2026-09-23,920184,2018-10-18,0.000,0.000,0.000,0.000,,,,700000,1750000.00,1.00000000,SINA,close_zero,北交所/新三板,2010-2019,2.5,close=0（源侧缺陷；O/H/L 亦为 0 而 volume/amount>0 → 疑似解析丢弃价格字段）。pre_close 已被修正为上一交易日 close，故 change_pct 显示 -100%（物理不可能）
2026-09-23,920184,2019-06-10,0.000,0.000,0.000,0.000,5.000,-5.000,-100.0000,500000,1250000.00,1.00000000,SINA,close_zero,北交所/新三板,2010-2019,2.5,close=0（源侧缺陷；O/H/L 亦为 0 而 volume/amount>0 → 疑似解析丢弃价格字段）。pre_close 已被修正为上一交易日 close，故 change_pct 显示 -100%（物理不可能）
2026-09-23,920184,2019-11-27,0.000,0.000,0.000,0.000,10.110,-10.110,-100.0000,500000,2530000.00,1.00000000,SINA,close_zero,北交所/新三板,2010-2019,5.06,close=0（源侧缺陷；O/H/L 亦为 0 而 volume/amount>0 → 疑似解析丢弃价格字段）。pre_close 已被修正为上一交易日 close，故 change_pct 显示 -100%（物理不可能）
2026-09-23,920184,2019-12-20,0.000,0.000,0.000,0.000,9.230,-9.230,-100.0000,900000,4185000.00,1.00000000,SINA,close_zero,北交所/新三板,2010-2019,4.65,close=0（源侧缺陷；O/H/L 亦为 0 而 volume/amount>0 → 疑似解析丢弃价格字段）。pre_close 已被修正为上一交易日 close，故 change_pct 显示 -100%（物理不可能）
2026-09-23,920199,2017-12-29,-0.560,-0.560,-0.560,-0.560,,-22.250,-102.5800,70,25200.00,,AKSHARE,close_negative,北交所/新三板,2010-2019,360.0,全史负价（源侧缺陷）。OHLC 整体为负但列间比例自洽→疑似源历史段符号/量纲伪影，须回源确证
2026-09-23,920221,2017-11-27,-0.210,-0.210,-0.210,-0.210,,-4.610,-104.7700,6000,618000.00,,AKSHARE,close_negative,北交所/新三板,2010-2019,103.0,全史负价（源侧缺陷）。OHLC 整体为负但列间比例自洽→疑似源历史段符号/量纲伪影，须回源确证
2026-09-23,920221,2017-11-29,-0.230,-0.230,-0.230,-0.230,,-0.020,-9.5200,34000,3418000.00,,AKSHARE,close_negative,北交所/新三板,2010-2019,100.5294,全史负价（源侧缺陷）。OHLC 整体为负但列间比例自洽→疑似源历史段符号/量纲伪影，须回源确证
2026-09-23,920221,2017-12-18,-0.230,-0.230,-0.230,-0.230,,,,34000,3434000.00,,AKSHARE,close_negative,北交所/新三板,2010-2019,101.0,全史负价（源侧缺陷）。OHLC 整体为负但列间比例自洽→疑似源历史段符号/量纲伪影，须回源确证
2026-09-23,920221,2017-12-21,-0.230,-0.230,-0.230,-0.230,,,,6000,600000.00,,AKSHARE,close_negative,北交所/新三板,2010-2019,100.0,全史负价（源侧缺陷）。OHLC 整体为负但列间比例自洽→疑似源历史段符号/量纲伪影，须回源确证
2026-09-23,920221,2018-10-25,-0.220,-0.220,-0.220,-0.220,,0.010,4.3500,100,10200.00,,AKSHARE,close_negative,北交所/新三板,2010-2019,102.0,全史负价（源侧缺陷）。OHLC 整体为负但列间比例自洽→疑似源历史段符号/量纲伪影，须回源确证
2026-09-23,920227,2017-05-02,-3.150,-3.150,-3.150,-3.150,,-25.150,-114.3200,850,797300.00,,AKSHARE,close_negative,北交所/新三板,2010-2019,938.0,全史负价（源侧缺陷）。OHLC 整体为负但列间比例自洽→疑似源历史段符号/量纲伪影，须回源确证
2026-09-23,920227,2017-05-12,-3.150,-3.150,-3.150,-3.150,,,,110,103180.00,,AKSHARE,close_negative,北交所/新三板,2010-2019,938.0,全史负价（源侧缺陷）。OHLC 整体为负但列间比例自洽→疑似源历史段符号/量纲伪影，须回源确证
2026-09-23,920227,2017-10-18,-3.140,-3.140,-3.140,-3.140,,0.010,0.3200,4550,996450.00,,AKSHARE,close_negative,北交所/新三板,2010-2019,219.0,全史负价（源侧缺陷）。OHLC 整体为负但列间比例自洽→疑似源历史段符号/量纲伪影，须回源确证
2026-09-23,920242,2018-10-12,0.000,0.000,0.000,0.000,5.400,-5.400,-100.0000,154000,924000.00,1.00000000,SINA,close_zero,北交所/新三板,2010-2019,6.0,close=0（源侧缺陷；O/H/L 亦为 0 而 volume/amount>0 → 疑似解析丢弃价格字段）。pre_close 已被修正为上一交易日 close，故 change_pct 显示 -100%（物理不可能）
2026-09-23,920242,2019-02-20,0.000,0.000,0.000,0.000,7.300,-7.300,-100.0000,100000,1200000.00,1.00000000,SINA,close_zero,北交所/新三板,2010-2019,12.0,close=0（源侧缺陷；O/H/L 亦为 0 而 volume/amount>0 → 疑似解析丢弃价格字段）。pre_close 已被修正为上一交易日 close，故 change_pct 显示 -100%（物理不可能）
2026-09-23,920242,2019-05-10,0.000,0.000,0.000,0.000,16.000,-16.000,-100.0000,90000,1080000.00,1.00000000,SINA,close_zero,北交所/新三板,2010-2019,12.0,close=0（源侧缺陷；O/H/L 亦为 0 而 volume/amount>0 → 疑似解析丢弃价格字段）。pre_close 已被修正为上一交易日 close，故 change_pct 显示 -100%（物理不可能）
2026-09-23,920242,2019-05-13,0.000,0.000,0.000,0.000,,,,100000,1000000.00,1.00000000,SINA,close_zero,北交所/新三板,2010-2019,10.0,close=0（源侧缺陷；O/H/L 亦为 0 而 volume/amount>0 → 疑似解析丢弃价格字段）。pre_close 已被修正为上一交易日 close，故 change_pct 显示 -100%（物理不可能）
2026-09-23,920242,2019-06-28,0.000,0.000,0.000,0.000,10.200,-10.200,-100.0000,100000,900000.00,1.00000000,SINA,close_zero,北交所/新三板,2010-2019,9.0,close=0（源侧缺陷；O/H/L 亦为 0 而 volume/amount>0 → 疑似解析丢弃价格字段）。pre_close 已被修正为上一交易日 close，故 change_pct 显示 -100%（物理不可能）
2026-09-23,920242,2019-07-03,0.000,0.000,0.000,0.000,12.890,-12.890,-100.0000,530000,5406000.00,1.00000000,SINA,close_zero,北交所/新三板,2010-2019,10.2,close=0（源侧缺陷；O/H/L 亦为 0 而 volume/amount>0 → 疑似解析丢弃价格字段）。pre_close 已被修正为上一交易日 close，故 change_pct 显示 -100%（物理不可能）
2026-09-23,920242,2019-07-04,0.000,0.000,0.000,0.000,,,,101000,1010000.00,1.00000000,SINA,close_zero,北交所/新三板,2010-2019,10.0,close=0（源侧缺陷；O/H/L 亦为 0 而 volume/amount>0 → 疑似解析丢弃价格字段）。pre_close 已被修正为上一交易日 close，故 change_pct 显示 -100%（物理不可能）
2026-09-23,920242,2019-07-10,0.000,0.000,0.000,0.000,,,,150000,1620000.00,1.00000000,SINA,close_zero,北交所/新三板,2010-2019,10.8,close=0（源侧缺陷；O/H/L 亦为 0 而 volume/amount>0 → 疑似解析丢弃价格字段）。pre_close 已被修正为上一交易日 close，故 change_pct 显示 -100%（物理不可能）
2026-09-23,920242,2019-08-06,0.000,0.000,0.000,0.000,12.500,-12.500,-100.0000,200000,2600000.00,1.00000000,SINA,close_zero,北交所/新三板,2010-2019,13.0,close=0（源侧缺陷；O/H/L 亦为 0 而 volume/amount>0 → 疑似解析丢弃价格字段）。pre_close 已被修正为上一交易日 close，故 change_pct 显示 -100%（物理不可能）
2026-09-23,920242,2019-08-08,0.000,0.000,0.000,0.000,,,,191000,2483000.00,1.00000000,SINA,close_zero,北交所/新三板,2010-2019,13.0,close=0（源侧缺陷；O/H/L 亦为 0 而 volume/amount>0 → 疑似解析丢弃价格字段）。pre_close 已被修正为上一交易日 close，故 change_pct 显示 -100%（物理不可能）
2026-09-23,920242,2019-08-13,0.000,0.000,0.000,0.000,,,,80000,1000000.00,1.00000000,SINA,close_zero,北交所/新三板,2010-2019,12.5,close=0（源侧缺陷；O/H/L 亦为 0 而 volume/amount>0 → 疑似解析丢弃价格字段）。pre_close 已被修正为上一交易日 close，故 change_pct 显示 -100%（物理不可能）
2026-09-23,920242,2019-09-06,0.000,0.000,0.000,0.000,,,,60000,1020000.00,1.00000000,SINA,close_zero,北交所/新三板,2010-2019,17.0,close=0（源侧缺陷；O/H/L 亦为 0 而 volume/amount>0 → 疑似解析丢弃价格字段）。pre_close 已被修正为上一交易日 close，故 change_pct 显示 -100%（物理不可能）
2026-09-23,920242,2019-12-12,0.000,0.000,0.000,0.000,,,-100.0000,98000,1078000.00,1.00000000,SINA,close_zero,北交所/新三板,2010-2019,11.0,close=0（源侧缺陷；O/H/L 亦为 0 而 volume/amount>0 → 疑似解析丢弃价格字段）。pre_close 已被修正为上一交易日 close，故 change_pct 显示 -100%（物理不可能）
2026-09-23,920242,2020-02-10,0.000,0.000,0.000,0.000,12.500,-12.500,-100.0000,105000,1239000.00,1.00000000,SINA,close_zero,北交所/新三板,2020+,11.8,close=0（源侧缺陷；O/H/L 亦为 0 而 volume/amount>0 → 疑似解析丢弃价格字段）。pre_close 已被修正为上一交易日 close，故 change_pct 显示 -100%（物理不可能）
2026-09-23,920247,2020-10-29,-0.110,-0.110,-0.110,-0.110,,-0.340,-147.8300,1,132.00,,AKSHARE,close_negative,北交所/新三板,2020+,132.0,全史负价（源侧缺陷）。OHLC 整体为负但列间比例自洽→疑似源历史段符号/量纲伪影，须回源确证
2026-09-23,920260,2017-10-30,-0.030,-0.030,-0.030,-0.030,,-1.030,-103.0000,4600,1628400.00,,AKSHARE,close_negative,北交所/新三板,2010-2019,354.0,全史负价（源侧缺陷）。OHLC 整体为负但列间比例自洽→疑似源历史段符号/量纲伪影，须回源确证
2026-09-23,920260,2017-11-23,,,,,,,,10000,3600000.00,,AKSHARE,close_null,北交所/新三板,2010-2019,360.0,close 为空
2026-09-23,920260,2017-12-29,-0.080,-0.080,-0.080,-0.080,,,,4000,1376000.00,,AKSHARE,close_negative,北交所/新三板,2010-2019,344.0,全史负价（源侧缺陷）。OHLC 整体为负但列间比例自洽→疑似源历史段符号/量纲伪影，须回源确证
2026-09-23,920260,2018-05-21,-0.200,-0.200,-0.200,-0.200,,-0.500,-166.6700,12920,4147320.00,,AKSHARE,close_negative,北交所/新三板,2010-2019,321.0,全史负价（源侧缺陷）。OHLC 整体为负但列间比例自洽→疑似源历史段符号/量纲伪影，须回源确证
2026-09-23,920260,2020-05-07,1.480,1.480,-0.040,-0.040,,-1.610,-102.5500,51,31827.00,,AKSHARE,close_negative,北交所/新三板,2020+,624.0588,全史负价（源侧缺陷）。OHLC 整体为负但列间比例自洽→疑似源历史段符号/量纲伪影，须回源确证
2026-09-23,920263,2018-03-09,0.000,0.000,0.000,0.000,8.510,-8.510,-100.0000,299000,1994330.00,1.00000000,SINA,close_zero,北交所/新三板,2010-2019,6.67,close=0（源侧缺陷；O/H/L 亦为 0 而 volume/amount>0 → 疑似解析丢弃价格字段）。pre_close 已被修正为上一交易日 close，故 change_pct 显示 -100%（物理不可能）
2026-09-23,920263,2019-08-22,0.000,0.000,0.000,0.000,5.450,-5.450,-100.0000,1756000,11150600.00,1.00000000,SINA,close_zero,北交所/新三板,2010-2019,6.35,close=0（源侧缺陷；O/H/L 亦为 0 而 volume/amount>0 → 疑似解析丢弃价格字段）。pre_close 已被修正为上一交易日 close，故 change_pct 显示 -100%（物理不可能）
2026-09-23,920263,2020-01-08,0.000,0.000,0.000,0.000,5.560,-5.560,-100.0000,727000,5001760.00,1.00000000,SINA,close_zero,北交所/新三板,2020+,6.88,close=0（源侧缺陷；O/H/L 亦为 0 而 volume/amount>0 → 疑似解析丢弃价格字段）。pre_close 已被修正为上一交易日 close，故 change_pct 显示 -100%（物理不可能）
2026-09-23,920263,2020-03-18,0.000,0.000,0.000,0.000,6.460,-6.460,-100.0000,1000000,6880000.00,1.00000000,SINA,close_zero,北交所/新三板,2020+,6.88,close=0（源侧缺陷；O/H/L 亦为 0 而 volume/amount>0 → 疑似解析丢弃价格字段）。pre_close 已被修正为上一交易日 close，故 change_pct 显示 -100%（物理不可能）
2026-09-23,920263,2020-03-24,0.000,0.000,0.000,0.000,6.600,-6.600,-100.0000,916000,6302080.00,1.00000000,SINA,close_zero,北交所/新三板,2020+,6.88,close=0（源侧缺陷；O/H/L 亦为 0 而 volume/amount>0 → 疑似解析丢弃价格字段）。pre_close 已被修正为上一交易日 close，故 change_pct 显示 -100%（物理不可能）
2026-09-23,920266,2018-06-21,0.000,0.000,0.000,0.000,10.970,-10.970,-100.0000,100000,1600000.00,1.00000000,SINA,close_zero,北交所/新三板,2010-2019,16.0,close=0（源侧缺陷；O/H/L 亦为 0 而 volume/amount>0 → 疑似解析丢弃价格字段）。pre_close 已被修正为上一交易日 close，故 change_pct 显示 -100%（物理不可能）
2026-09-23,920267,2016-04-12,-0.250,-0.250,-0.250,-0.250,,-14.260,-101.7800,1290,477300.00,,AKSHARE,close_negative,北交所/新三板,2010-2019,370.0,全史负价（源侧缺陷）。OHLC 整体为负但列间比例自洽→疑似源历史段符号/量纲伪影，须回源确证
2026-09-23,920267,2016-04-26,-0.250,-0.250,-0.250,-0.250,,,,1320,488400.00,,AKSHARE,close_negative,北交所/新三板,2010-2019,370.0,全史负价（源侧缺陷）。OHLC 整体为负但列间比例自洽→疑似源历史段符号/量纲伪影，须回源确证
2026-09-23,920267,2019-07-01,-0.850,-0.850,-0.850,-0.850,,-1.300,-288.8900,10,1800.00,,AKSHARE,close_negative,北交所/新三板,2010-2019,180.0,全史负价（源侧缺陷）。OHLC 整体为负但列间比例自洽→疑似源历史段符号/量纲伪影，须回源确证
2026-09-23,920270,2020-12-16,-0.910,-0.910,-0.910,-0.910,,-7.690,-113.4200,1,116.00,,AKSHARE,close_negative,北交所/新三板,2020+,116.0,全史负价（源侧缺陷）。OHLC 整体为负但列间比例自洽→疑似源历史段符号/量纲伪影，须回源确证
2026-09-23,920270,2020-12-30,-0.910,-0.910,-0.910,-0.910,,,,1,116.00,,AKSHARE,close_negative,北交所/新三板,2020+,116.0,全史负价（源侧缺陷）。OHLC 整体为负但列间比例自洽→疑似源历史段符号/量纲伪影，须回源确证
2026-09-23,920270,2021-04-22,-0.430,-0.430,-0.430,-0.430,,0.480,52.7500,1,232.00,,AKSHARE,close_negative,北交所/新三板,2020+,232.0,全史负价（源侧缺陷）。OHLC 整体为负但列间比例自洽→疑似源历史段符号/量纲伪影，须回源确证
2026-09-23,920271,2018-12-04,-0.340,-0.340,-0.340,-0.340,,-6.070,-105.9300,10,1170.00,,AKSHARE,close_negative,北交所/新三板,2010-2019,117.0,全史负价（源侧缺陷）。OHLC 整体为负但列间比例自洽→疑似源历史段符号/量纲伪影，须回源确证
2026-09-23,920278,2018-12-04,0.000,0.000,0.000,0.000,1.990,-1.990,-100.0000,4625000,4625000.00,1.00000000,SINA,close_zero,北交所/新三板,2010-2019,1.0,close=0（源侧缺陷；O/H/L 亦为 0 而 volume/amount>0 → 疑似解析丢弃价格字段）。pre_close 已被修正为上一交易日 close，故 change_pct 显示 -100%（物理不可能）
2026-09-23,920278,2018-12-17,0.000,0.000,0.000,0.000,2.000,-2.000,-100.0000,1322000,1322000.00,1.00000000,SINA,close_zero,北交所/新三板,2010-2019,1.0,close=0（源侧缺陷；O/H/L 亦为 0 而 volume/amount>0 → 疑似解析丢弃价格字段）。pre_close 已被修正为上一交易日 close，故 change_pct 显示 -100%（物理不可能）
2026-09-23,920278,2018-12-18,0.000,0.000,0.000,0.000,,,,3303000,3303000.00,1.00000000,SINA,close_zero,北交所/新三板,2010-2019,1.0,close=0（源侧缺陷；O/H/L 亦为 0 而 volume/amount>0 → 疑似解析丢弃价格字段）。pre_close 已被修正为上一交易日 close，故 change_pct 显示 -100%（物理不可能）
2026-09-23,920278,2018-12-21,0.000,0.000,0.000,0.000,1.980,-1.980,-100.0000,371000,371000.00,1.00000000,SINA,close_zero,北交所/新三板,2010-2019,1.0,close=0（源侧缺陷；O/H/L 亦为 0 而 volume/amount>0 → 疑似解析丢弃价格字段）。pre_close 已被修正为上一交易日 close，故 change_pct 显示 -100%（物理不可能）
2026-09-23,920278,2018-12-26,0.000,0.000,0.000,0.000,1.950,-1.950,-100.0000,3039000,3039000.00,1.00000000,SINA,close_zero,北交所/新三板,2010-2019,1.0,close=0（源侧缺陷；O/H/L 亦为 0 而 volume/amount>0 → 疑似解析丢弃价格字段）。pre_close 已被修正为上一交易日 close，故 change_pct 显示 -100%（物理不可能）
2026-09-23,920278,2019-06-19,0.000,0.000,0.000,0.000,2.390,-2.390,-100.0000,226000,632800.00,1.00000000,SINA,close_zero,北交所/新三板,2010-2019,2.8,close=0（源侧缺陷；O/H/L 亦为 0 而 volume/amount>0 → 疑似解析丢弃价格字段）。pre_close 已被修正为上一交易日 close，故 change_pct 显示 -100%（物理不可能）
2026-09-23,920278,2019-12-12,0.000,0.000,0.000,0.000,4.000,-4.000,-100.0000,1003000,4012000.00,1.00000000,SINA,close_zero,北交所/新三板,2010-2019,4.0,close=0（源侧缺陷；O/H/L 亦为 0 而 volume/amount>0 → 疑似解析丢弃价格字段）。pre_close 已被修正为上一交易日 close，故 change_pct 显示 -100%（物理不可能）
2026-09-23,920346,2018-03-22,-0.250,-0.250,-0.250,-0.250,,-0.490,-204.1700,50,7500.00,,AKSHARE,close_negative,北交所/新三板,2010-2019,150.0,全史负价（源侧缺陷）。OHLC 整体为负但列间比例自洽→疑似源历史段符号/量纲伪影，须回源确证
2026-09-23,920368,2019-03-29,0.000,0.000,0.000,0.000,15.450,-15.450,-100.0000,249000,1942200.00,1.00000000,SINA,close_zero,北交所/新三板,2010-2019,7.8,close=0（源侧缺陷；O/H/L 亦为 0 而 volume/amount>0 → 疑似解析丢弃价格字段）。pre_close 已被修正为上一交易日 close，故 change_pct 显示 -100%（物理不可能）
2026-09-23,920368,2019-07-26,0.000,0.000,0.000,0.000,14.950,-14.950,-100.0000,343000,4973500.00,1.00000000,SINA,close_zero,北交所/新三板,2010-2019,14.5,close=0（源侧缺陷；O/H/L 亦为 0 而 volume/amount>0 → 疑似解析丢弃价格字段）。pre_close 已被修正为上一交易日 close，故 change_pct 显示 -100%（物理不可能）
2026-09-23,920375,2015-05-12,-0.350,-0.350,-0.350,-0.350,,-12.010,-103.0000,10,1000.00,,AKSHARE,close_negative,北交所/新三板,2010-2019,100.0,全史负价（源侧缺陷）。OHLC 整体为负但列间比例自洽→疑似源历史段符号/量纲伪影，须回源确证
2026-09-23,920375,2015-05-14,11.690,11.690,-0.350,-0.350,,-1.340,-135.3500,13740,10770000.00,,AKSHARE,close_negative,北交所/新三板,2010-2019,783.8428,全史负价（源侧缺陷）。OHLC 整体为负但列间比例自洽→疑似源历史段符号/量纲伪影，须回源确证
2026-09-23,920375,2015-05-15,-0.350,-0.350,-0.350,-0.350,,,,7800,780000.00,,AKSHARE,close_negative,北交所/新三板,2010-2019,100.0,全史负价（源侧缺陷）。OHLC 整体为负但列间比例自洽→疑似源历史段符号/量纲伪影，须回源确证
2026-09-23,920395,2016-11-29,-1.370,-1.360,-1.370,-1.360,,-5.410,-133.5800,1100,129250.00,,AKSHARE,close_negative,北交所/新三板,2010-2019,117.5,全史负价（源侧缺陷）。OHLC 整体为负但列间比例自洽→疑似源历史段符号/量纲伪影，须回源确证
2026-09-23,920395,2016-12-06,-1.350,-1.320,-1.350,-1.340,,0.020,1.4700,700,86700.00,,AKSHARE,close_negative,北交所/新三板,2010-2019,123.8571,全史负价（源侧缺陷）。OHLC 整体为负但列间比例自洽→疑似源历史段符号/量纲伪影，须回源确证
2026-09-23,920395,2017-05-08,-1.240,-1.240,-1.240,-1.240,,0.100,7.4600,10800,1728000.00,,AKSHARE,close_negative,北交所/新三板,2010-2019,160.0,全史负价（源侧缺陷）。OHLC 整体为负但列间比例自洽→疑似源历史段符号/量纲伪影，须回源确证
2026-09-23,920395,2018-07-10,-1.230,-1.230,-1.230,-1.230,,0.010,0.8100,10,1510.00,,AKSHARE,close_negative,北交所/新三板,2010-2019,151.0,全史负价（源侧缺陷）。OHLC 整体为负但列间比例自洽→疑似源历史段符号/量纲伪影，须回源确证
2026-09-23,920395,2018-09-07,-1.220,-1.220,-1.220,-1.220,,0.010,0.8100,225,34875.00,,AKSHARE,close_negative,北交所/新三板,2010-2019,155.0,全史负价（源侧缺陷）。OHLC 整体为负但列间比例自洽→疑似源历史段符号/量纲伪影，须回源确证
2026-09-23,920395,2019-08-09,-0.870,-0.870,-0.870,-0.870,,0.350,28.6900,4980,749000.00,,AKSHARE,close_negative,北交所/新三板,2010-2019,150.4016,全史负价（源侧缺陷）。OHLC 整体为负但列间比例自洽→疑似源历史段符号/量纲伪影，须回源确证
2026-09-23,920395,2019-11-15,-0.340,-0.340,-0.340,-0.340,,0.530,60.9200,10,3800.00,,AKSHARE,close_negative,北交所/新三板,2010-2019,380.0,全史负价（源侧缺陷）。OHLC 整体为负但列间比例自洽→疑似源历史段符号/量纲伪影，须回源确证
2026-09-23,920395,2019-11-18,-0.340,-0.340,-0.340,-0.340,,,,1020,197600.00,,AKSHARE,close_negative,北交所/新三板,2010-2019,193.7255,全史负价（源侧缺陷）。OHLC 整体为负但列间比例自洽→疑似源历史段符号/量纲伪影，须回源确证
2026-09-23,920395,2019-11-20,-0.300,-0.300,-0.300,-0.300,,0.040,11.7600,10,3940.00,,AKSHARE,close_negative,北交所/新三板,2010-2019,394.0,全史负价（源侧缺陷）。OHLC 整体为负但列间比例自洽→疑似源历史段符号/量纲伪影，须回源确证
2026-09-23,920395,2019-12-04,-0.780,-0.780,-0.780,-0.780,,-0.480,-160.0000,10,2330.00,,AKSHARE,close_negative,北交所/新三板,2010-2019,233.0,全史负价（源侧缺陷）。OHLC 整体为负但列间比例自洽→疑似源历史段符号/量纲伪影，须回源确证
2026-09-23,920395,2019-12-06,-0.600,-0.600,-0.600,-0.600,,0.180,23.0800,12610,2281730.00,,AKSHARE,close_negative,北交所/新三板,2010-2019,180.9461,全史负价（源侧缺陷）。OHLC 整体为负但列间比例自洽→疑似源历史段符号/量纲伪影，须回源确证
2026-09-23,920395,2020-08-19,-0.290,-0.290,-0.290,-0.290,,-1.030,-139.1900,1,352.00,,AKSHARE,close_negative,北交所/新三板,2020+,352.0,全史负价（源侧缺陷）。OHLC 整体为负但列间比例自洽→疑似源历史段符号/量纲伪影，须回源确证
2026-09-23,920405,2018-05-24,0.000,0.000,0.000,0.000,14.030,-14.030,-100.0000,200000,1600000.00,1.00000000,SINA,close_zero,北交所/新三板,2010-2019,8.0,close=0（源侧缺陷；O/H/L 亦为 0 而 volume/amount>0 → 疑似解析丢弃价格字段）。pre_close 已被修正为上一交易日 close，故 change_pct 显示 -100%（物理不可能）
2026-09-23,920405,2019-09-17,0.000,0.000,0.000,0.000,10.000,-10.000,-100.0000,1000000,8000000.00,1.00000000,SINA,close_zero,北交所/新三板,2010-2019,8.0,close=0（源侧缺陷；O/H/L 亦为 0 而 volume/amount>0 → 疑似解析丢弃价格字段）。pre_close 已被修正为上一交易日 close，故 change_pct 显示 -100%（物理不可能）
2026-09-23,920405,2019-09-26,0.000,0.000,0.000,0.000,10.230,-10.230,-100.0000,123000,984000.00,1.00000000,SINA,close_zero,北交所/新三板,2010-2019,8.0,close=0（源侧缺陷；O/H/L 亦为 0 而 volume/amount>0 → 疑似解析丢弃价格字段）。pre_close 已被修正为上一交易日 close，故 change_pct 显示 -100%（物理不可能）
2026-09-23,920405,2019-10-16,0.000,0.000,0.000,0.000,10.410,-10.410,-100.0000,1000000,6000000.00,1.00000000,SINA,close_zero,北交所/新三板,2010-2019,6.0,close=0（源侧缺陷；O/H/L 亦为 0 而 volume/amount>0 → 疑似解析丢弃价格字段）。pre_close 已被修正为上一交易日 close，故 change_pct 显示 -100%（物理不可能）
2026-09-23,920419,2015-05-25,-0.360,-0.360,-0.360,-0.360,,-7.290,-105.1900,500,500.00,,AKSHARE,close_negative,北交所/新三板,2010-2019,1.0,全史负价（源侧缺陷）。OHLC 整体为负但列间比例自洽→疑似源历史段符号/量纲伪影，须回源确证
2026-09-23,920419,2015-07-15,-0.270,-0.270,-0.270,-0.270,,-1.400,-123.8900,10,100.00,,AKSHARE,close_negative,北交所/新三板,2010-2019,10.0,全史负价（源侧缺陷）。OHLC 整体为负但列间比例自洽→疑似源历史段符号/量纲伪影，须回源确证
2026-09-23,920419,2015-07-16,-0.270,-0.270,-0.270,-0.270,,,,900,9000.00,,AKSHARE,close_negative,北交所/新三板,2010-2019,10.0,全史负价（源侧缺陷）。OHLC 整体为负但列间比例自洽→疑似源历史段符号/量纲伪影，须回源确证
2026-09-23,920425,2015-04-27,-0.570,-0.570,-0.570,-0.570,,-1.200,-190.4800,2500,350000.00,,AKSHARE,close_negative,北交所/新三板,2010-2019,140.0,全史负价（源侧缺陷）。OHLC 整体为负但列间比例自洽→疑似源历史段符号/量纲伪影，须回源确证
2026-09-23,920425,2015-06-04,-0.640,-0.640,-0.640,-0.640,,-0.070,-12.2800,5000,550000.00,,AKSHARE,close_negative,北交所/新三板,2010-2019,110.0,全史负价（源侧缺陷）。OHLC 整体为负但列间比例自洽→疑似源历史段符号/量纲伪影，须回源确证
2026-09-23,920425,2015-06-05,-0.640,-0.640,-0.640,-0.640,,,,7000,770000.00,,AKSHARE,close_negative,北交所/新三板,2010-2019,110.0,全史负价（源侧缺陷）。OHLC 整体为负但列间比例自洽→疑似源历史段符号/量纲伪影，须回源确证
2026-09-23,920425,2015-06-09,-0.640,-0.640,-0.640,-0.640,,,,2600,286000.00,,AKSHARE,close_negative,北交所/新三板,2010-2019,110.0,全史负价（源侧缺陷）。OHLC 整体为负但列间比例自洽→疑似源历史段符号/量纲伪影，须回源确证
2026-09-23,920425,2015-06-10,-0.180,-0.180,-0.180,-0.180,,0.460,71.8800,12000,2400000.00,,AKSHARE,close_negative,北交所/新三板,2010-2019,200.0,全史负价（源侧缺陷）。OHLC 整体为负但列间比例自洽→疑似源历史段符号/量纲伪影，须回源确证
2026-09-23,920425,2015-06-11,-0.640,-0.640,-0.640,-0.640,,-0.460,-255.5600,20000,2200000.00,,AKSHARE,close_negative,北交所/新三板,2010-2019,110.0,全史负价（源侧缺陷）。OHLC 整体为负但列间比例自洽→疑似源历史段符号/量纲伪影，须回源确证
2026-09-23,920425,2015-06-17,-0.640,-0.640,-0.640,-0.640,,,,3500,385000.00,,AKSHARE,close_negative,北交所/新三板,2010-2019,110.0,全史负价（源侧缺陷）。OHLC 整体为负但列间比例自洽→疑似源历史段符号/量纲伪影，须回源确证
2026-09-23,920425,2016-08-29,-0.010,-0.010,-0.010,-0.010,,-0.040,-133.3300,20,4660.00,,AKSHARE,close_negative,北交所/新三板,2010-2019,233.0,全史负价（源侧缺陷）。OHLC 整体为负但列间比例自洽→疑似源历史段符号/量纲伪影，须回源确证
2026-09-23,920425,2016-08-31,0.010,0.030,-0.010,-0.010,,,,50,11800.00,,AKSHARE,close_negative,北交所/新三板,2010-2019,236.0,全史负价（源侧缺陷）。OHLC 整体为负但列间比例自洽→疑似源历史段符号/量纲伪影，须回源确证
2026-09-23,920425,2016-10-17,0.060,0.060,-0.060,-0.060,,-0.160,-160.0000,90,21240.00,,AKSHARE,close_negative,北交所/新三板,2010-2019,236.0,全史负价（源侧缺陷）。OHLC 整体为负但列间比例自洽→疑似源历史段符号/量纲伪影，须回源确证
2026-09-23,920425,2016-10-21,-0.040,-0.040,-0.040,-0.040,,0.020,33.3300,10,2280.00,,AKSHARE,close_negative,北交所/新三板,2010-2019,228.0,全史负价（源侧缺陷）。OHLC 整体为负但列间比例自洽→疑似源历史段符号/量纲伪影，须回源确证
2026-09-23,920425,2016-10-25,-0.030,-0.030,-0.030,-0.030,,0.010,25.0000,20,4580.00,,AKSHARE,close_negative,北交所/新三板,2010-2019,229.0,全史负价（源侧缺陷）。OHLC 整体为负但列间比例自洽→疑似源历史段符号/量纲伪影，须回源确证
2026-09-23,920425,2016-12-19,0.050,0.050,,,,,,20,4800.00,,AKSHARE,close_null,北交所/新三板,2010-2019,240.0,close 为空
2026-09-23,920425,2017-01-09,-0.030,-0.030,-0.030,-0.030,,-0.060,-200.0000,20,4600.00,,AKSHARE,close_negative,北交所/新三板,2010-2019,230.0,全史负价（源侧缺陷）。OHLC 整体为负但列间比例自洽→疑似源历史段符号/量纲伪影，须回源确证
2026-09-23,920425,2017-01-10,-0.040,-0.040,-0.040,-0.040,,-0.010,-33.3300,20,4560.00,,AKSHARE,close_negative,北交所/新三板,2010-2019,228.0,全史负价（源侧缺陷）。OHLC 整体为负但列间比例自洽→疑似源历史段符号/量纲伪影，须回源确证
2026-09-23,920425,2018-03-08,-0.030,-0.030,-0.050,-0.040,,-0.080,-200.0000,20,4410.00,,AKSHARE,close_negative,北交所/新三板,2010-2019,220.5,全史负价（源侧缺陷）。OHLC 整体为负但列间比例自洽→疑似源历史段符号/量纲伪影，须回源确证
2026-09-23,920425,2018-03-12,-0.020,-0.010,-0.020,-0.010,,0.030,75.0000,30,6770.00,,AKSHARE,close_negative,北交所/新三板,2010-2019,225.6667,全史负价（源侧缺陷）。OHLC 整体为负但列间比例自洽→疑似源历史段符号/量纲伪影，须回源确证
2026-09-23,920425,2018-03-16,-0.010,-0.010,-0.020,-0.010,,-0.030,-150.0000,20,4510.00,,AKSHARE,close_negative,北交所/新三板,2010-2019,225.5,全史负价（源侧缺陷）。OHLC 整体为负但列间比例自洽→疑似源历史段符号/量纲伪影，须回源确证
2026-09-23,920425,2018-03-23,-0.050,-0.050,-0.100,-0.090,,-0.080,-800.0000,60,12810.00,,AKSHARE,close_negative,北交所/新三板,2010-2019,213.5,全史负价（源侧缺陷）。OHLC 整体为负但列间比例自洽→疑似源历史段符号/量纲伪影，须回源确证
2026-09-23,920425,2018-03-27,-0.080,-0.080,-0.080,-0.080,,0.010,11.1100,10,2130.00,,AKSHARE,close_negative,北交所/新三板,2010-2019,213.0,全史负价（源侧缺陷）。OHLC 整体为负但列间比例自洽→疑似源历史段符号/量纲伪影，须回源确证
2026-09-23,920425,2018-03-30,-0.060,-0.060,-0.060,-0.060,,0.020,25.0000,10,2160.00,,AKSHARE,close_negative,北交所/新三板,2010-2019,216.0,全史负价（源侧缺陷）。OHLC 整体为负但列间比例自洽→疑似源历史段符号/量纲伪影，须回源确证
2026-09-23,920425,2018-04-11,-0.080,-0.070,-0.090,-0.080,,-0.020,-33.3300,60,12760.00,,AKSHARE,close_negative,北交所/新三板,2010-2019,212.6667,全史负价（源侧缺陷）。OHLC 整体为负但列间比例自洽→疑似源历史段符号/量纲伪影，须回源确证
2026-09-23,920425,2018-04-12,-0.060,-0.060,-0.100,-0.100,,-0.020,-25.0000,30,6350.00,,AKSHARE,close_negative,北交所/新三板,2010-2019,211.6667,全史负价（源侧缺陷）。OHLC 整体为负但列间比例自洽→疑似源历史段符号/量纲伪影，须回源确证
2026-09-23,920425,2018-04-13,-0.090,-0.090,-0.090,-0.090,,0.010,10.0000,10,2100.00,,AKSHARE,close_negative,北交所/新三板,2010-2019,210.0,全史负价（源侧缺陷）。OHLC 整体为负但列间比例自洽→疑似源历史段符号/量纲伪影，须回源确证
2026-09-23,920425,2018-04-16,-0.070,-0.070,-0.140,-0.120,,-0.030,-33.3300,50,10290.00,,AKSHARE,close_negative,北交所/新三板,2010-2019,205.8,全史负价（源侧缺陷）。OHLC 整体为负但列间比例自洽→疑似源历史段符号/量纲伪影，须回源确证
2026-09-23,920425,2018-04-18,-0.120,-0.120,-0.150,-0.140,,-0.020,-16.6700,30,6010.00,,AKSHARE,close_negative,北交所/新三板,2010-2019,200.3333,全史负价（源侧缺陷）。OHLC 整体为负但列间比例自洽→疑似源历史段符号/量纲伪影，须回源确证
2026-09-23,920425,2018-04-19,-0.120,-0.120,-0.190,-0.190,,-0.050,-35.7100,50,9720.00,,AKSHARE,close_negative,北交所/新三板,2010-2019,194.4,全史负价（源侧缺陷）。OHLC 整体为负但列间比例自洽→疑似源历史段符号/量纲伪影，须回源确证
2026-09-23,920425,2018-04-20,-0.170,-0.170,-0.190,-0.170,,0.020,10.5300,30,5790.00,,AKSHARE,close_negative,北交所/新三板,2010-2019,193.0,全史负价（源侧缺陷）。OHLC 整体为负但列间比例自洽→疑似源历史段符号/量纲伪影，须回源确证
2026-09-23,920425,2018-04-23,-0.170,-0.170,-0.210,-0.190,,-0.020,-11.7600,120,22750.00,,AKSHARE,close_negative,北交所/新三板,2010-2019,189.5833,全史负价（源侧缺陷）。OHLC 整体为负但列间比例自洽→疑似源历史段符号/量纲伪影，须回源确证
2026-09-23,920425,2018-04-24,-0.170,-0.170,-0.170,-0.170,,0.020,10.5300,10,1940.00,,AKSHARE,close_negative,北交所/新三板,2010-2019,194.0,全史负价（源侧缺陷）。OHLC 整体为负但列间比例自洽→疑似源历史段符号/量纲伪影，须回源确证
2026-09-23,920425,2018-04-25,-0.170,-0.170,-0.220,-0.190,,-0.020,-11.7600,50,9430.00,,AKSHARE,close_negative,北交所/新三板,2010-2019,188.6,全史负价（源侧缺陷）。OHLC 整体为负但列间比例自洽→疑似源历史段符号/量纲伪影，须回源确证
2026-09-23,920425,2018-04-26,-0.180,-0.180,-0.210,-0.190,,,,50,9460.00,,AKSHARE,close_negative,北交所/新三板,2010-2019,189.2,全史负价（源侧缺陷）。OHLC 整体为负但列间比例自洽→疑似源历史段符号/量纲伪影，须回源确证
2026-09-23,920425,2018-04-27,-0.180,-0.180,-0.180,-0.180,,0.010,5.2600,10,1920.00,,AKSHARE,close_negative,北交所/新三板,2010-2019,192.0,全史负价（源侧缺陷）。OHLC 整体为负但列间比例自洽→疑似源历史段符号/量纲伪影，须回源确证
2026-09-23,920425,2018-05-07,-0.210,-0.180,-0.210,-0.190,,-0.010,-5.5600,100,18820.00,,AKSHARE,close_negative,北交所/新三板,2010-2019,188.2,全史负价（源侧缺陷）。OHLC 整体为负但列间比例自洽→疑似源历史段符号/量纲伪影，须回源确证
2026-09-23,920425,2018-05-09,-0.220,-0.200,-0.220,-0.200,,-0.010,-5.2600,20,3720.00,,AKSHARE,close_negative,北交所/新三板,2010-2019,186.0,全史负价（源侧缺陷）。OHLC 整体为负但列间比例自洽→疑似源历史段符号/量纲伪影，须回源确证
2026-09-23,920425,2018-05-11,-0.220,-0.200,-0.220,-0.200,,,,30,5570.00,,AKSHARE,close_negative,北交所/新三板,2010-2019,185.6667,全史负价（源侧缺陷）。OHLC 整体为负但列间比例自洽→疑似源历史段符号/量纲伪影，须回源确证
2026-09-23,920425,2018-05-14,-0.200,-0.190,-0.200,-0.190,,0.010,5.0000,20,3790.00,,AKSHARE,close_negative,北交所/新三板,2010-2019,189.5,全史负价（源侧缺陷）。OHLC 整体为负但列间比例自洽→疑似源历史段符号/量纲伪影，须回源确证
2026-09-23,920425,2018-05-18,-0.180,-0.170,-0.210,-0.180,,0.010,5.2600,90,17190.00,,AKSHARE,close_negative,北交所/新三板,2010-2019,191.0,全史负价（源侧缺陷）。OHLC 整体为负但列间比例自洽→疑似源历史段符号/量纲伪影，须回源确证
2026-09-23,920425,2018-05-21,-0.210,-0.210,-0.220,-0.210,,-0.030,-16.6700,20,3710.00,,AKSHARE,close_negative,北交所/新三板,2010-2019,185.5,全史负价（源侧缺陷）。OHLC 整体为负但列间比例自洽→疑似源历史段符号/量纲伪影，须回源确证
2026-09-23,920425,2018-05-23,-0.230,-0.190,-0.230,-0.190,,0.020,9.5200,90,16810.00,,AKSHARE,close_negative,北交所/新三板,2010-2019,186.7778,全史负价（源侧缺陷）。OHLC 整体为负但列间比例自洽→疑似源历史段符号/量纲伪影，须回源确证
2026-09-23,920425,2018-05-24,-0.220,-0.220,-0.270,-0.240,,-0.050,-26.3200,50,9050.00,,AKSHARE,close_negative,北交所/新三板,2010-2019,181.0,全史负价（源侧缺陷）。OHLC 整体为负但列间比例自洽→疑似源历史段符号/量纲伪影，须回源确证
2026-09-23,920425,2018-05-25,-0.240,-0.210,-0.240,-0.210,,0.030,12.5000,90,16580.00,,AKSHARE,close_negative,北交所/新三板,2010-2019,184.2222,全史负价（源侧缺陷）。OHLC 整体为负但列间比例自洽→疑似源历史段符号/量纲伪影，须回源确证
2026-09-23,920425,2018-05-29,-0.240,-0.200,-0.240,-0.220,,-0.010,-4.7600,90,16520.00,,AKSHARE,close_negative,北交所/新三板,2010-2019,183.5556,全史负价（源侧缺陷）。OHLC 整体为负但列间比例自洽→疑似源历史段符号/量纲伪影，须回源确证
2026-09-23,920425,2018-06-01,-0.250,-0.230,-0.250,-0.240,,-0.020,-9.0900,60,10870.00,,AKSHARE,close_negative,北交所/新三板,2010-2019,181.1667,全史负价（源侧缺陷）。OHLC 整体为负但列间比例自洽→疑似源历史段符号/量纲伪影，须回源确证
2026-09-23,920425,2018-06-04,-0.220,-0.220,-0.220,-0.220,,0.020,8.3300,20,3700.00,,AKSHARE,close_negative,北交所/新三板,2010-2019,185.0,全史负价（源侧缺陷）。OHLC 整体为负但列间比例自洽→疑似源历史段符号/量纲伪影，须回源确证
2026-09-23,920425,2018-06-05,-0.240,-0.220,-0.240,-0.220,,,,30,5470.00,,AKSHARE,close_negative,北交所/新三板,2010-2019,182.3333,全史负价（源侧缺陷）。OHLC 整体为负但列间比例自洽→疑似源历史段符号/量纲伪影，须回源确证
2026-09-23,920425,2018-06-06,-0.210,-0.200,-0.210,-0.200,,0.020,9.0900,20,3750.00,,AKSHARE,close_negative,北交所/新三板,2010-2019,187.5,全史负价（源侧缺陷）。OHLC 整体为负但列间比例自洽→疑似源历史段符号/量纲伪影，须回源确证
2026-09-23,920425,2018-06-07,-0.190,-0.190,-0.190,-0.190,,0.010,5.0000,10,1810.00,,AKSHARE,close_negative,北交所/新三板,2010-2019,181.0,全史负价（源侧缺陷）。OHLC 整体为负但列间比例自洽→疑似源历史段符号/量纲伪影，须回源确证
2026-09-23,920425,2018-06-08,-0.190,-0.190,-0.190,-0.190,,,,10,1800.00,,AKSHARE,close_negative,北交所/新三板,2010-2019,180.0,全史负价（源侧缺陷）。OHLC 整体为负但列间比例自洽→疑似源历史段符号/量纲伪影，须回源确证
2026-09-23,920425,2018-06-15,-0.190,-0.140,-0.190,-0.160,,0.030,15.7900,50,9290.00,,AKSHARE,close_negative,北交所/新三板,2010-2019,185.8,全史负价（源侧缺陷）。OHLC 整体为负但列间比例自洽→疑似源历史段符号/量纲伪影，须回源确证
2026-09-23,920425,2018-06-21,-0.130,-0.120,-0.130,-0.120,,0.040,25.0000,30,5800.00,,AKSHARE,close_negative,北交所/新三板,2010-2019,193.3333,全史负价（源侧缺陷）。OHLC 整体为负但列间比例自洽→疑似源历史段符号/量纲伪影，须回源确证
2026-09-23,920425,2018-06-22,-0.110,-0.100,-0.110,-0.100,,0.020,16.6700,30,5920.00,,AKSHARE,close_negative,北交所/新三板,2010-2019,197.3333,全史负价（源侧缺陷）。OHLC 整体为负但列间比例自洽→疑似源历史段符号/量纲伪影，须回源确证
2026-09-23,920425,2018-06-27,-0.120,-0.120,-0.120,-0.120,,-0.020,-20.0000,10,1950.00,,AKSHARE,close_negative,北交所/新三板,2010-2019,195.0,全史负价（源侧缺陷）。OHLC 整体为负但列间比例自洽→疑似源历史段符号/量纲伪影，须回源确证
2026-09-23,920425,2018-07-04,-0.070,-0.040,-0.070,-0.040,,0.080,66.6700,40,8300.00,,AKSHARE,close_negative,北交所/新三板,2010-2019,207.5,全史负价（源侧缺陷）。OHLC 整体为负但列间比例自洽→疑似源历史段符号/量纲伪影，须回源确证
2026-09-23,920425,2018-07-12,-0.060,-0.060,-0.060,-0.060,,-0.020,-50.0000,10,2070.00,,AKSHARE,close_negative,北交所/新三板,2010-2019,207.0,全史负价（源侧缺陷）。OHLC 整体为负但列间比例自洽→疑似源历史段符号/量纲伪影，须回源确证
2026-09-23,920425,2018-07-18,-0.020,,-0.050,-0.010,,0.050,83.3300,50,10730.00,,AKSHARE,close_negative,北交所/新三板,2010-2019,214.6,全史负价（源侧缺陷）。OHLC 整体为负但列间比例自洽→疑似源历史段符号/量纲伪影，须回源确证
2026-09-23,920425,2018-07-19,-0.030,-0.030,-0.030,-0.030,,-0.020,-200.0000,10,2120.00,,AKSHARE,close_negative,北交所/新三板,2010-2019,212.0,全史负价（源侧缺陷）。OHLC 整体为负但列间比例自洽→疑似源历史段符号/量纲伪影，须回源确证
2026-09-23,920425,2018-07-20,-0.020,,-0.040,-0.040,,-0.010,-33.3300,40,8530.00,,AKSHARE,close_negative,北交所/新三板,2010-2019,213.25,全史负价（源侧缺陷）。OHLC 整体为负但列间比例自洽→疑似源历史段符号/量纲伪影，须回源确证
2026-09-23,920425,2018-07-23,-0.070,-0.040,-0.070,-0.040,,,,30,6200.00,,AKSHARE,close_negative,北交所/新三板,2010-2019,206.6667,全史负价（源侧缺陷）。OHLC 整体为负但列间比例自洽→疑似源历史段符号/量纲伪影，须回源确证
2026-09-23,920425,2018-07-25,-0.050,-0.050,-0.050,-0.050,,-0.010,-25.0000,10,2080.00,,AKSHARE,close_negative,北交所/新三板,2010-2019,208.0,全史负价（源侧缺陷）。OHLC 整体为负但列间比例自洽→疑似源历史段符号/量纲伪影，须回源确证
2026-09-23,920425,2018-07-26,-0.090,-0.090,-0.090,-0.090,,-0.040,-80.0000,20,4000.00,,AKSHARE,close_negative,北交所/新三板,2010-2019,200.0,全史负价（源侧缺陷）。OHLC 整体为负但列间比例自洽→疑似源历史段符号/量纲伪影，须回源确证
2026-09-23,920425,2018-08-09,-0.120,-0.120,-0.120,-0.120,,-0.030,-33.3300,20,3900.00,,AKSHARE,close_negative,北交所/新三板,2010-2019,195.0,全史负价（源侧缺陷）。OHLC 整体为负但列间比例自洽→疑似源历史段符号/量纲伪影，须回源确证
2026-09-23,920425,2018-08-13,-0.140,-0.120,-0.140,-0.120,,,,50,9630.00,,AKSHARE,close_negative,北交所/新三板,2010-2019,192.6,全史负价（源侧缺陷）。OHLC 整体为负但列间比例自洽→疑似源历史段符号/量纲伪影，须回源确证
2026-09-23,920425,2018-08-14,-0.140,-0.120,-0.160,-0.130,,-0.010,-8.3300,390,75260.00,,AKSHARE,close_negative,北交所/新三板,2010-2019,192.9744,全史负价（源侧缺陷）。OHLC 整体为负但列间比例自洽→疑似源历史段符号/量纲伪影，须回源确证
2026-09-23,920425,2018-08-15,-0.140,-0.120,-0.190,-0.160,,-0.030,-23.0800,120,22700.00,,AKSHARE,close_negative,北交所/新三板,2010-2019,189.1667,全史负价（源侧缺陷）。OHLC 整体为负但列间比例自洽→疑似源历史段符号/量纲伪影，须回源确证
2026-09-23,920425,2018-08-16,-0.160,-0.160,-0.160,-0.160,,,,20,3730.00,,AKSHARE,close_negative,北交所/新三板,2010-2019,186.5,全史负价（源侧缺陷）。OHLC 整体为负但列间比例自洽→疑似源历史段符号/量纲伪影，须回源确证
2026-09-23,920425,2018-08-17,-0.190,-0.190,-0.360,-0.300,,-0.140,-87.5000,860,138160.00,,AKSHARE,close_negative,北交所/新三板,2010-2019,160.6512,全史负价（源侧缺陷）。OHLC 整体为负但列间比例自洽→疑似源历史段符号/量纲伪影，须回源确证
2026-09-23,920425,2018-08-20,-0.290,-0.290,-0.310,-0.290,,0.010,3.3300,30,4800.00,,AKSHARE,close_negative,北交所/新三板,2010-2019,160.0,全史负价（源侧缺陷）。OHLC 整体为负但列间比例自洽→疑似源历史段符号/量纲伪影，须回源确证
2026-09-23,920425,2018-08-21,-0.280,-0.280,-0.280,-0.280,,0.010,3.4500,10,1630.00,,AKSHARE,close_negative,北交所/新三板,2010-2019,163.0,全史负价（源侧缺陷）。OHLC 整体为负但列间比例自洽→疑似源历史段符号/量纲伪影，须回源确证
2026-09-23,920425,2018-08-22,-0.320,-0.320,-0.320,-0.320,,-0.040,-14.2900,20,3120.00,,AKSHARE,close_negative,北交所/新三板,2010-2019,156.0,全史负价（源侧缺陷）。OHLC 整体为负但列间比例自洽→疑似源历史段符号/量纲伪影，须回源确证
2026-09-23,920425,2018-08-24,-0.300,-0.300,-0.300,-0.300,,0.020,6.2500,20,3200.00,,AKSHARE,close_negative,北交所/新三板,2010-2019,160.0,全史负价（源侧缺陷）。OHLC 整体为负但列间比例自洽→疑似源历史段符号/量纲伪影，须回源确证
2026-09-23,920425,2018-08-27,-0.290,-0.290,-0.290,-0.290,,0.010,3.3300,10,1620.00,,AKSHARE,close_negative,北交所/新三板,2010-2019,162.0,全史负价（源侧缺陷）。OHLC 整体为负但列间比例自洽→疑似源历史段符号/量纲伪影，须回源确证
2026-09-23,920425,2018-08-29,-0.280,-0.280,-0.280,-0.280,,0.010,3.4500,10,1630.00,,AKSHARE,close_negative,北交所/新三板,2010-2019,163.0,全史负价（源侧缺陷）。OHLC 整体为负但列间比例自洽→疑似源历史段符号/量纲伪影，须回源确证
2026-09-23,920425,2018-08-31,-0.280,-0.200,-0.280,-0.230,,0.050,17.8600,80,13510.00,,AKSHARE,close_negative,北交所/新三板,2010-2019,168.875,全史负价（源侧缺陷）。OHLC 整体为负但列间比例自洽→疑似源历史段符号/量纲伪影，须回源确证
2026-09-23,920425,2018-09-03,-0.230,-0.230,-0.230,-0.230,,,,20,3460.00,,AKSHARE,close_negative,北交所/新三板,2010-2019,173.0,全史负价（源侧缺陷）。OHLC 整体为负但列间比例自洽→疑似源历史段符号/量纲伪影，须回源确证
2026-09-23,920425,2018-09-14,-0.200,-0.200,-0.200,-0.200,,0.030,13.0400,10,1780.00,,AKSHARE,close_negative,北交所/新三板,2010-2019,178.0,全史负价（源侧缺陷）。OHLC 整体为负但列间比例自洽→疑似源历史段符号/量纲伪影，须回源确证
2026-09-23,920425,2018-10-08,-0.190,-0.190,-0.190,-0.190,,0.010,5.0000,20,3610.00,,AKSHARE,close_negative,北交所/新三板,2010-2019,180.5,全史负价（源侧缺陷）。OHLC 整体为负但列间比例自洽→疑似源历史段符号/量纲伪影，须回源确证
2026-09-23,920425,2018-10-09,-0.210,-0.210,-0.210,-0.210,,-0.020,-10.5300,10,1770.00,,AKSHARE,close_negative,北交所/新三板,2010-2019,177.0,全史负价（源侧缺陷）。OHLC 整体为负但列间比例自洽→疑似源历史段符号/量纲伪影，须回源确证
2026-09-23,920425,2018-10-22,-0.190,-0.190,-0.190,-0.190,,0.020,9.5200,20,3610.00,,AKSHARE,close_negative,北交所/新三板,2010-2019,180.5,全史负价（源侧缺陷）。OHLC 整体为负但列间比例自洽→疑似源历史段符号/量纲伪影，须回源确证
2026-09-23,920425,2018-10-24,-0.220,-0.220,-0.220,-0.220,,-0.030,-15.7900,10,1740.00,,AKSHARE,close_negative,北交所/新三板,2010-2019,174.0,全史负价（源侧缺陷）。OHLC 整体为负但列间比例自洽→疑似源历史段符号/量纲伪影，须回源确证
2026-09-23,920425,2018-10-26,-0.190,-0.190,-0.190,-0.190,,0.030,13.6400,10,1800.00,,AKSHARE,close_negative,北交所/新三板,2010-2019,180.0,全史负价（源侧缺陷）。OHLC 整体为负但列间比例自洽→疑似源历史段符号/量纲伪影，须回源确证
2026-09-23,920425,2018-10-29,-0.190,-0.190,-0.190,-0.190,,,,10,1800.00,,AKSHARE,close_negative,北交所/新三板,2010-2019,180.0,全史负价（源侧缺陷）。OHLC 整体为负但列间比例自洽→疑似源历史段符号/量纲伪影，须回源确证
2026-09-23,920425,2018-11-08,-0.180,-0.160,-0.180,-0.160,,0.030,15.7900,50,9250.00,,AKSHARE,close_negative,北交所/新三板,2010-2019,185.0,全史负价（源侧缺陷）。OHLC 整体为负但列间比例自洽→疑似源历史段符号/量纲伪影，须回源确证
2026-09-23,920425,2018-11-09,-0.190,-0.190,-0.190,-0.190,,-0.030,-18.7500,20,3620.00,,AKSHARE,close_negative,北交所/新三板,2010-2019,181.0,全史负价（源侧缺陷）。OHLC 整体为负但列间比例自洽→疑似源历史段符号/量纲伪影，须回源确证
2026-09-23,920425,2018-11-12,-0.210,-0.210,-0.220,-0.220,,-0.030,-15.7900,20,3500.00,,AKSHARE,close_negative,北交所/新三板,2010-2019,175.0,全史负价（源侧缺陷）。OHLC 整体为负但列间比例自洽→疑似源历史段符号/量纲伪影，须回源确证
2026-09-23,920425,2018-11-28,-0.240,-0.240,-0.240,-0.240,,-0.020,-9.0900,20,3420.00,,AKSHARE,close_negative,北交所/新三板,2010-2019,171.0,全史负价（源侧缺陷）。OHLC 整体为负但列间比例自洽→疑似源历史段符号/量纲伪影，须回源确证
2026-09-23,920425,2018-12-03,-0.220,-0.220,-0.220,-0.220,,0.020,8.3300,20,3500.00,,AKSHARE,close_negative,北交所/新三板,2010-2019,175.0,全史负价（源侧缺陷）。OHLC 整体为负但列间比例自洽→疑似源历史段符号/量纲伪影，须回源确证
2026-09-23,920425,2018-12-04,-0.200,-0.200,-0.200,-0.200,,0.020,9.0900,20,3560.00,,AKSHARE,close_negative,北交所/新三板,2010-2019,178.0,全史负价（源侧缺陷）。OHLC 整体为负但列间比例自洽→疑似源历史段符号/量纲伪影，须回源确证
2026-09-23,920425,2018-12-17,-0.200,-0.200,-0.200,-0.200,,,,10,1780.00,,AKSHARE,close_negative,北交所/新三板,2010-2019,178.0,全史负价（源侧缺陷）。OHLC 整体为负但列间比例自洽→疑似源历史段符号/量纲伪影，须回源确证
2026-09-23,920425,2018-12-21,-0.180,-0.180,-0.180,-0.180,,0.020,10.0000,20,3640.00,,AKSHARE,close_negative,北交所/新三板,2010-2019,182.0,全史负价（源侧缺陷）。OHLC 整体为负但列间比例自洽→疑似源历史段符号/量纲伪影，须回源确证
2026-09-23,920425,2018-12-24,-0.160,-0.160,-0.160,-0.160,,0.020,11.1100,20,3720.00,,AKSHARE,close_negative,北交所/新三板,2010-2019,186.0,全史负价（源侧缺陷）。OHLC 整体为负但列间比例自洽→疑似源历史段符号/量纲伪影，须回源确证
2026-09-23,920425,2019-02-25,-0.160,-0.160,-0.160,-0.160,,,,10,1870.00,,AKSHARE,close_negative,北交所/新三板,2010-2019,187.0,全史负价（源侧缺陷）。OHLC 整体为负但列间比例自洽→疑似源历史段符号/量纲伪影，须回源确证
2026-09-23,920425,2019-03-05,-0.140,-0.140,-0.140,-0.140,,0.020,12.5000,20,3800.00,,AKSHARE,close_negative,北交所/新三板,2010-2019,190.0,全史负价（源侧缺陷）。OHLC 整体为负但列间比例自洽→疑似源历史段符号/量纲伪影，须回源确证
2026-09-23,920425,2019-03-27,-0.150,-0.140,-0.150,-0.140,,,,20,3790.00,,AKSHARE,close_negative,北交所/新三板,2010-2019,189.5,全史负价（源侧缺陷）。OHLC 整体为负但列间比例自洽→疑似源历史段符号/量纲伪影，须回源确证
2026-09-23,920425,2019-04-04,-0.120,-0.110,-0.120,-0.120,,0.020,14.2900,20,3900.00,,AKSHARE,close_negative,北交所/新三板,2010-2019,195.0,全史负价（源侧缺陷）。OHLC 整体为负但列间比例自洽→疑似源历史段符号/量纲伪影，须回源确证
2026-09-23,920425,2019-04-15,-0.100,-0.100,-0.100,-0.100,,0.020,16.6700,20,3960.00,,AKSHARE,close_negative,北交所/新三板,2010-2019,198.0,全史负价（源侧缺陷）。OHLC 整体为负但列间比例自洽→疑似源历史段符号/量纲伪影，须回源确证
2026-09-23,920425,2019-04-25,-0.140,-0.140,-0.140,-0.140,,-0.040,-40.0000,10,1910.00,,AKSHARE,close_negative,北交所/新三板,2010-2019,191.0,全史负价（源侧缺陷）。OHLC 整体为负但列间比例自洽→疑似源历史段符号/量纲伪影，须回源确证
2026-09-23,920425,2019-05-15,-0.140,-0.140,-0.150,-0.140,,,,20,3790.00,,AKSHARE,close_negative,北交所/新三板,2010-2019,189.5,全史负价（源侧缺陷）。OHLC 整体为负但列间比例自洽→疑似源历史段符号/量纲伪影，须回源确证
2026-09-23,920425,2019-05-20,-0.160,-0.160,-0.160,-0.160,,-0.020,-14.2900,10,1870.00,,AKSHARE,close_negative,北交所/新三板,2010-2019,187.0,全史负价（源侧缺陷）。OHLC 整体为负但列间比例自洽→疑似源历史段符号/量纲伪影，须回源确证
2026-09-23,920425,2019-05-22,-0.170,-0.170,-0.190,-0.180,,-0.020,-12.5000,30,5480.00,,AKSHARE,close_negative,北交所/新三板,2010-2019,182.6667,全史负价（源侧缺陷）。OHLC 整体为负但列间比例自洽→疑似源历史段符号/量纲伪影，须回源确证
2026-09-23,920425,2019-05-28,-0.200,-0.200,-0.240,-0.230,,-0.050,-27.7800,40,7000.00,,AKSHARE,close_negative,北交所/新三板,2010-2019,175.0,全史负价（源侧缺陷）。OHLC 整体为负但列间比例自洽→疑似源历史段符号/量纲伪影，须回源确证
2026-09-23,920425,2019-06-06,-0.220,-0.220,-0.220,-0.220,,0.010,4.3500,10,1750.00,,AKSHARE,close_negative,北交所/新三板,2010-2019,175.0,全史负价（源侧缺陷）。OHLC 整体为负但列间比例自洽→疑似源历史段符号/量纲伪影，须回源确证
2026-09-23,920425,2019-06-10,-0.200,-0.200,-0.200,-0.200,,0.020,9.0900,10,1790.00,,AKSHARE,close_negative,北交所/新三板,2010-2019,179.0,全史负价（源侧缺陷）。OHLC 整体为负但列间比例自洽→疑似源历史段符号/量纲伪影，须回源确证
2026-09-23,920425,2019-06-13,-0.200,-0.200,-0.200,-0.200,,,,10,1690.00,,AKSHARE,close_negative,北交所/新三板,2010-2019,169.0,全史负价（源侧缺陷）。OHLC 整体为负但列间比例自洽→疑似源历史段符号/量纲伪影，须回源确证
2026-09-23,920425,2019-06-18,-0.170,-0.170,-0.170,-0.170,,0.030,15.0000,10,1750.00,,AKSHARE,close_negative,北交所/新三板,2010-2019,175.0,全史负价（源侧缺陷）。OHLC 整体为负但列间比例自洽→疑似源历史段符号/量纲伪影，须回源确证
2026-09-23,920425,2019-06-19,-0.190,-0.190,-0.300,-0.260,,-0.090,-52.9400,600,93450.00,,AKSHARE,close_negative,北交所/新三板,2010-2019,155.75,全史负价（源侧缺陷）。OHLC 整体为负但列间比例自洽→疑似源历史段符号/量纲伪影，须回源确证
2026-09-23,920425,2019-06-20,-0.280,-0.280,-0.280,-0.280,,-0.020,-7.6900,20,3070.00,,AKSHARE,close_negative,北交所/新三板,2010-2019,153.5,全史负价（源侧缺陷）。OHLC 整体为负但列间比例自洽→疑似源历史段符号/量纲伪影，须回源确证
2026-09-23,920425,2019-06-24,-0.240,-0.230,-0.240,-0.230,,0.050,17.8600,80,12990.00,,AKSHARE,close_negative,北交所/新三板,2010-2019,162.375,全史负价（源侧缺陷）。OHLC 整体为负但列间比例自洽→疑似源历史段符号/量纲伪影，须回源确证
2026-09-23,920425,2019-06-25,-0.220,-0.220,-0.220,-0.220,,0.010,4.3500,10,1640.00,,AKSHARE,close_negative,北交所/新三板,2010-2019,164.0,全史负价（源侧缺陷）。OHLC 整体为负但列间比例自洽→疑似源历史段符号/量纲伪影，须回源确证
2026-09-23,920425,2019-06-26,-0.210,-0.200,-0.210,-0.200,,0.020,9.0900,20,3350.00,,AKSHARE,close_negative,北交所/新三板,2010-2019,167.5,全史负价（源侧缺陷）。OHLC 整体为负但列间比例自洽→疑似源历史段符号/量纲伪影，须回源确证
2026-09-23,920425,2019-07-02,-0.180,-0.180,-0.190,-0.190,,0.010,5.0000,30,5160.00,,AKSHARE,close_negative,北交所/新三板,2010-2019,172.0,全史负价（源侧缺陷）。OHLC 整体为负但列间比例自洽→疑似源历史段符号/量纲伪影，须回源确证
2026-09-23,920425,2019-11-06,-0.190,-0.190,-0.190,-0.190,,,,10,1700.00,,AKSHARE,close_negative,北交所/新三板,2010-2019,170.0,全史负价（源侧缺陷）。OHLC 整体为负但列间比例自洽→疑似源历史段符号/量纲伪影，须回源确证
2026-09-23,920425,2019-11-11,-0.190,-0.190,-0.190,-0.190,,,,10,1700.00,,AKSHARE,close_negative,北交所/新三板,2010-2019,170.0,全史负价（源侧缺陷）。OHLC 整体为负但列间比例自洽→疑似源历史段符号/量纲伪影，须回源确证
2026-09-23,920425,2020-02-18,-0.220,-0.220,-0.220,-0.220,,-0.030,-15.7900,20,3300.00,,AKSHARE,close_negative,北交所/新三板,2020+,165.0,全史负价（源侧缺陷）。OHLC 整体为负但列间比例自洽→疑似源历史段符号/量纲伪影，须回源确证
2026-09-23,920425,2020-03-02,-0.230,-0.230,-0.230,-0.230,,-0.010,-4.5500,10,1620.00,,AKSHARE,close_negative,北交所/新三板,2020+,162.0,全史负价（源侧缺陷）。OHLC 整体为负但列间比例自洽→疑似源历史段符号/量纲伪影，须回源确证
2026-09-23,920425,2020-04-15,-0.300,-0.300,-0.300,-0.300,,-0.070,-30.4300,20,3000.00,,AKSHARE,close_negative,北交所/新三板,2020+,150.0,全史负价（源侧缺陷）。OHLC 整体为负但列间比例自洽→疑似源历史段符号/量纲伪影，须回源确证
2026-09-23,920427,2017-07-06,-1.860,-1.860,-1.860,-1.860,,,,10000,1000000.00,,AKSHARE,close_negative,北交所/新三板,2010-2019,100.0,全史负价（源侧缺陷）。OHLC 整体为负但列间比例自洽→疑似源历史段符号/量纲伪影，须回源确证
2026-09-23,920427,2017-09-27,-1.860,-1.860,-1.860,-1.860,,,,20000,2000000.00,,AKSHARE,close_negative,北交所/新三板,2010-2019,100.0,全史负价（源侧缺陷）。OHLC 整体为负但列间比例自洽→疑似源历史段符号/量纲伪影，须回源确证
2026-09-23,920429,2018-04-20,-0.240,-0.240,-0.240,-0.240,,-1.200,-125.0000,10,1210.00,,AKSHARE,close_negative,北交所/新三板,2010-2019,121.0,全史负价（源侧缺陷）。OHLC 整体为负但列间比例自洽→疑似源历史段符号/量纲伪影，须回源确证
2026-09-23,920429,2018-04-27,-0.440,-0.440,-0.440,-0.440,,-0.200,-83.3300,10,1010.00,,AKSHARE,close_negative,北交所/新三板,2010-2019,101.0,全史负价（源侧缺陷）。OHLC 整体为负但列间比例自洽→疑似源历史段符号/量纲伪影，须回源确证
2026-09-23,920455,2017-01-20,-0.520,-0.520,-0.520,-0.520,,-3.180,-119.5500,461000,55320000.00,,AKSHARE,close_negative,北交所/新三板,2010-2019,120.0,全史负价（源侧缺陷）。OHLC 整体为负但列间比例自洽→疑似源历史段符号/量纲伪影，须回源确证
2026-09-23,920455,2017-07-05,-0.450,-0.450,-0.450,-0.450,,0.070,13.4600,6000,720000.00,,AKSHARE,close_negative,北交所/新三板,2010-2019,120.0,全史负价（源侧缺陷）。OHLC 整体为负但列间比例自洽→疑似源历史段符号/量纲伪影，须回源确证
2026-09-23,920475,2018-10-15,0.000,0.000,0.000,0.000,3.450,-3.450,-100.0000,720000,2145600.00,1.00000000,SINA,close_zero,北交所/新三板,2010-2019,2.98,close=0（源侧缺陷；O/H/L 亦为 0 而 volume/amount>0 → 疑似解析丢弃价格字段）。pre_close 已被修正为上一交易日 close，故 change_pct 显示 -100%（物理不可能）
2026-09-23,920476,2014-04-16,-0.820,-0.820,-0.820,-0.820,,-5.500,-117.5200,3500,367500.00,,AKSHARE,close_negative,北交所/新三板,2010-2019,105.0,全史负价（源侧缺陷）。OHLC 整体为负但列间比例自洽→疑似源历史段符号/量纲伪影，须回源确证
2026-09-23,920476,2014-04-17,-0.820,-0.820,-0.820,-0.820,,,,1200,126000.00,,AKSHARE,close_negative,北交所/新三板,2010-2019,105.0,全史负价（源侧缺陷）。OHLC 整体为负但列间比例自洽→疑似源历史段符号/量纲伪影，须回源确证
2026-09-23,920476,2014-08-04,-0.030,1.660,-0.030,-0.020,,-1.090,-101.8700,6520,2356100.00,,AKSHARE,close_negative,北交所/新三板,2010-2019,361.365,全史负价（源侧缺陷）。OHLC 整体为负但列间比例自洽→疑似源历史段符号/量纲伪影，须回源确证
2026-09-23,920504,2016-12-09,-2.440,-2.440,-2.440,-2.440,,-9.000,-137.2000,16000,1600000.00,,AKSHARE,close_negative,北交所/新三板,2010-2019,100.0,全史负价（源侧缺陷）。OHLC 整体为负但列间比例自洽→疑似源历史段符号/量纲伪影，须回源确证
2026-09-23,920508,2019-07-03,0.000,0.000,0.000,0.000,5.050,-5.050,-100.0000,260000,852800.00,1.00000000,SINA,close_zero,北交所/新三板,2010-2019,3.28,close=0（源侧缺陷；O/H/L 亦为 0 而 volume/amount>0 → 疑似解析丢弃价格字段）。pre_close 已被修正为上一交易日 close，故 change_pct 显示 -100%（物理不可能）
2026-09-23,920508,2019-07-04,0.000,0.000,0.000,0.000,,,,140000,459200.00,1.00000000,SINA,close_zero,北交所/新三板,2010-2019,3.28,close=0（源侧缺陷；O/H/L 亦为 0 而 volume/amount>0 → 疑似解析丢弃价格字段）。pre_close 已被修正为上一交易日 close，故 change_pct 显示 -100%（物理不可能）
2026-09-23,920509,2016-04-22,-0.150,-0.150,-0.150,-0.150,,,,3000,1980000.00,,AKSHARE,close_negative,北交所/新三板,2010-2019,660.0,全史负价（源侧缺陷）。OHLC 整体为负但列间比例自洽→疑似源历史段符号/量纲伪影，须回源确证
2026-09-23,920509,2020-01-06,0.000,0.000,0.000,0.000,6.030,-6.030,-100.0000,900000,2718000.00,1.00000000,SINA,close_zero,北交所/新三板,2020+,3.02,close=0（源侧缺陷；O/H/L 亦为 0 而 volume/amount>0 → 疑似解析丢弃价格字段）。pre_close 已被修正为上一交易日 close，故 change_pct 显示 -100%（物理不可能）
2026-09-23,920523,2020-05-22,0.000,0.000,0.000,0.000,7.030,-7.030,-100.0000,1328200,7052742.00,1.00000000,SINA,close_zero,北交所/新三板,2020+,5.31,close=0（源侧缺陷；O/H/L 亦为 0 而 volume/amount>0 → 疑似解析丢弃价格字段）。pre_close 已被修正为上一交易日 close，故 change_pct 显示 -100%（物理不可能）
2026-09-23,920526,2015-09-24,-0.350,-0.350,-0.350,-0.350,,-4.100,-109.3300,667,206001.00,,AKSHARE,close_negative,北交所/新三板,2010-2019,308.8471,全史负价（源侧缺陷）。OHLC 整体为负但列间比例自洽→疑似源历史段符号/量纲伪影，须回源确证
2026-09-23,920526,2017-01-16,-0.020,-0.020,-0.020,-0.020,,0.330,94.2900,9000,1053000.00,,AKSHARE,close_negative,北交所/新三板,2010-2019,117.0,全史负价（源侧缺陷）。OHLC 整体为负但列间比例自洽→疑似源历史段符号/量纲伪影，须回源确证
2026-09-23,920526,2017-01-17,-0.020,-0.020,-0.020,-0.020,,,,9000,1053000.00,,AKSHARE,close_negative,北交所/新三板,2010-2019,117.0,全史负价（源侧缺陷）。OHLC 整体为负但列间比例自洽→疑似源历史段符号/量纲伪影，须回源确证
2026-09-23,920526,2017-01-20,-0.110,-0.110,-0.110,-0.110,,-0.090,-450.0000,37000,3996000.00,,AKSHARE,close_negative,北交所/新三板,2010-2019,108.0,全史负价（源侧缺陷）。OHLC 整体为负但列间比例自洽→疑似源历史段符号/量纲伪影，须回源确证
2026-09-23,920526,2017-01-25,-0.110,-0.110,-0.110,-0.110,,,,10000,1080000.00,,AKSHARE,close_negative,北交所/新三板,2010-2019,108.0,全史负价（源侧缺陷）。OHLC 整体为负但列间比例自洽→疑似源历史段符号/量纲伪影，须回源确证
2026-09-23,920526,2017-02-06,-0.110,-0.110,-0.110,-0.110,,,,20000,2160000.00,,AKSHARE,close_negative,北交所/新三板,2010-2019,108.0,全史负价（源侧缺陷）。OHLC 整体为负但列间比例自洽→疑似源历史段符号/量纲伪影，须回源确证
2026-09-23,920526,2017-02-07,-0.110,-0.110,-0.110,-0.110,,,,16800,1814400.00,,AKSHARE,close_negative,北交所/新三板,2010-2019,108.0,全史负价（源侧缺陷）。OHLC 整体为负但列间比例自洽→疑似源历史段符号/量纲伪影，须回源确证
2026-09-23,920526,2017-02-13,-0.110,-0.110,-0.110,-0.110,,,,30000,3240000.00,,AKSHARE,close_negative,北交所/新三板,2010-2019,108.0,全史负价（源侧缺陷）。OHLC 整体为负但列间比例自洽→疑似源历史段符号/量纲伪影，须回源确证
2026-09-23,920526,2017-02-17,-0.110,-0.110,-0.110,-0.110,,,,14992,1619130.00,,AKSHARE,close_negative,北交所/新三板,2010-2019,107.9996,全史负价（源侧缺陷）。OHLC 整体为负但列间比例自洽→疑似源历史段符号/量纲伪影，须回源确证
2026-09-23,920526,2017-02-20,-0.110,-0.110,-0.110,-0.110,,,,13200,1425600.00,,AKSHARE,close_negative,北交所/新三板,2010-2019,108.0,全史负价（源侧缺陷）。OHLC 整体为负但列间比例自洽→疑似源历史段符号/量纲伪影，须回源确证
2026-09-23,920526,2019-12-19,-0.090,-0.090,-0.090,-0.090,,-0.640,-116.3600,10,660.00,,AKSHARE,close_negative,北交所/新三板,2010-2019,66.0,全史负价（源侧缺陷）。OHLC 整体为负但列间比例自洽→疑似源历史段符号/量纲伪影，须回源确证
2026-09-23,920526,2019-12-27,,,,,,,,10,750.00,,AKSHARE,close_null,北交所/新三板,2010-2019,75.0,close 为空
2026-09-23,920533,2017-02-20,-0.900,-0.900,-0.900,-0.900,,-5.480,-119.6500,3440,1032000.00,,AKSHARE,close_negative,北交所/新三板,2010-2019,300.0,全史负价（源侧缺陷）。OHLC 整体为负但列间比例自洽→疑似源历史段符号/量纲伪影，须回源确证
2026-09-23,920533,2017-03-27,-0.900,-0.900,-0.900,-0.900,,,,2150,645000.00,,AKSHARE,close_negative,北交所/新三板,2010-2019,300.0,全史负价（源侧缺陷）。OHLC 整体为负但列间比例自洽→疑似源历史段符号/量纲伪影，须回源确证
2026-09-23,920533,2017-03-30,-0.900,-0.900,-0.900,-0.900,,,,800,240000.00,,AKSHARE,close_negative,北交所/新三板,2010-2019,300.0,全史负价（源侧缺陷）。OHLC 整体为负但列间比例自洽→疑似源历史段符号/量纲伪影，须回源确证
2026-09-23,920533,2017-04-05,-0.610,-0.610,-0.610,-0.610,,0.290,32.2200,250,132500.00,,AKSHARE,close_negative,北交所/新三板,2010-2019,530.0,全史负价（源侧缺陷）。OHLC 整体为负但列间比例自洽→疑似源历史段符号/量纲伪影，须回源确证
2026-09-23,920533,2017-04-06,,,,,,0.610,100.0000,30,30000.00,,AKSHARE,close_null,北交所/新三板,2010-2019,1000.0,close 为空
2026-09-23,920533,2017-07-04,-0.400,-0.400,-0.400,-0.400,,-0.730,-221.2100,1150,460000.00,,AKSHARE,close_negative,北交所/新三板,2010-2019,400.0,全史负价（源侧缺陷）。OHLC 整体为负但列间比例自洽→疑似源历史段符号/量纲伪影，须回源确证
2026-09-23,920533,2017-07-05,-0.480,-0.480,-0.480,-0.480,,-0.080,-20.0000,1220,439200.00,,AKSHARE,close_negative,北交所/新三板,2010-2019,360.0,全史负价（源侧缺陷）。OHLC 整体为负但列间比例自洽→疑似源历史段符号/量纲伪影，须回源确证
2026-09-23,920533,2018-01-08,-0.140,-0.140,-0.140,-0.140,,-0.600,-130.4300,620,310000.00,,AKSHARE,close_negative,北交所/新三板,2010-2019,500.0,全史负价（源侧缺陷）。OHLC 整体为负但列间比例自洽→疑似源历史段符号/量纲伪影，须回源确证
2026-09-23,920541,2020-12-24,-0.360,-0.360,-0.360,-0.360,,-0.490,-376.9200,1,52.00,,AKSHARE,close_negative,北交所/新三板,2020+,52.0,全史负价（源侧缺陷）。OHLC 整体为负但列间比例自洽→疑似源历史段符号/量纲伪影，须回源确证
2026-09-23,920541,2020-12-31,-0.480,-0.480,-0.480,-0.480,,-0.120,-33.3300,1,40.00,,AKSHARE,close_negative,北交所/新三板,2020+,40.0,全史负价（源侧缺陷）。OHLC 整体为负但列间比例自洽→疑似源历史段符号/量纲伪影，须回源确证
2026-09-23,920541,2021-01-05,-0.490,-0.490,-0.490,-0.490,,-0.010,-2.0800,1,39.00,,AKSHARE,close_negative,北交所/新三板,2020+,39.0,全史负价（源侧缺陷）。OHLC 整体为负但列间比例自洽→疑似源历史段符号/量纲伪影，须回源确证
2026-09-23,920541,2021-01-07,-0.530,-0.530,-0.530,-0.530,,-0.040,-8.1600,1,35.00,,AKSHARE,close_negative,北交所/新三板,2020+,35.0,全史负价（源侧缺陷）。OHLC 整体为负但列间比例自洽→疑似源历史段符号/量纲伪影，须回源确证
2026-09-23,920541,2021-01-08,-0.680,-0.680,-0.680,-0.680,,-0.150,-28.3000,1,20.00,,AKSHARE,close_negative,北交所/新三板,2020+,20.0,全史负价（源侧缺陷）。OHLC 整体为负但列间比例自洽→疑似源历史段符号/量纲伪影，须回源确证
2026-09-23,920541,2021-04-07,-0.480,-0.480,-0.480,-0.480,,0.200,29.4100,30,1200.00,,AKSHARE,close_negative,北交所/新三板,2020+,40.0,全史负价（源侧缺陷）。OHLC 整体为负但列间比例自洽→疑似源历史段符号/量纲伪影，须回源确证
2026-09-23,920541,2021-10-20,-0.200,-0.200,-0.200,-0.200,,0.280,58.3300,1,56.00,,AKSHARE,close_negative,北交所/新三板,2020+,56.0,全史负价（源侧缺陷）。OHLC 整体为负但列间比例自洽→疑似源历史段符号/量纲伪影，须回源确证
2026-09-23,920556,2014-09-30,,,-0.250,-0.250,,-1.750,-116.6700,990,446000.00,,AKSHARE,close_negative,北交所/新三板,2010-2019,450.5051,全史负价（源侧缺陷）。OHLC 整体为负但列间比例自洽→疑似源历史段符号/量纲伪影，须回源确证
2026-09-23,920556,2014-10-08,-0.750,0.250,-0.750,-0.750,,-0.500,-200.0000,1480,520000.00,,AKSHARE,close_negative,北交所/新三板,2010-2019,351.3514,全史负价（源侧缺陷）。OHLC 整体为负但列间比例自洽→疑似源历史段符号/量纲伪影，须回源确证
2026-09-23,920556,2014-10-09,-1.010,-1.010,-1.020,-1.020,,-0.270,-36.0000,7000,2089500.00,,AKSHARE,close_negative,北交所/新三板,2010-2019,298.5,全史负价（源侧缺陷）。OHLC 整体为负但列间比例自洽→疑似源历史段符号/量纲伪影，须回源确证
2026-09-23,920556,2014-10-10,-0.300,-0.300,-0.300,-0.300,,0.720,70.5900,10,4400.00,,AKSHARE,close_negative,北交所/新三板,2010-2019,440.0,全史负价（源侧缺陷）。OHLC 整体为负但列间比例自洽→疑似源历史段符号/量纲伪影，须回源确证
2026-09-23,920556,2015-04-10,10.500,13.000,-0.100,-0.080,,-11.080,-100.7300,6270,3841810.00,,AKSHARE,close_negative,北交所/新三板,2010-2019,612.7289,全史负价（源侧缺陷）。OHLC 整体为负但列间比例自洽→疑似源历史段符号/量纲伪影，须回源确证
2026-09-23,920556,2015-04-13,-0.050,11.500,-0.100,-0.040,,0.040,50.0000,3990,2383100.00,,AKSHARE,close_negative,北交所/新三板,2010-2019,597.2682,全史负价（源侧缺陷）。OHLC 整体为负但列间比例自洽→疑似源历史段符号/量纲伪影，须回源确证
2026-09-23,920599,2017-11-29,-2.480,-2.480,-2.480,-2.480,,,,48000,2160000.00,,AKSHARE,close_negative,北交所/新三板,2010-2019,45.0,全史负价（源侧缺陷）。OHLC 整体为负但列间比例自洽→疑似源历史段符号/量纲伪影，须回源确证
2026-09-23,920599,2017-12-11,-2.480,-2.480,-2.480,-2.480,,,,80000,3600000.00,,AKSHARE,close_negative,北交所/新三板,2010-2019,45.0,全史负价（源侧缺陷）。OHLC 整体为负但列间比例自洽→疑似源历史段符号/量纲伪影，须回源确证
2026-09-23,920599,2020-02-28,0.000,0.000,0.000,0.000,9.980,-9.980,-100.0000,1000000,5000000.00,1.00000000,SINA,close_zero,北交所/新三板,2020+,5.0,close=0（源侧缺陷；O/H/L 亦为 0 而 volume/amount>0 → 疑似解析丢弃价格字段）。pre_close 已被修正为上一交易日 close，故 change_pct 显示 -100%（物理不可能）
2026-09-23,920641,2015-07-06,-2.490,-2.490,-2.490,-2.490,,-11.290,-128.3000,10100,10100.00,,AKSHARE,close_negative,北交所/新三板,2010-2019,1.0,全史负价（源侧缺陷）。OHLC 整体为负但列间比例自洽→疑似源历史段符号/量纲伪影，须回源确证
2026-09-23,920641,2015-09-02,-1.500,-1.500,-1.500,-1.500,,0.990,39.7600,16000,1600000.00,,AKSHARE,close_negative,北交所/新三板,2010-2019,100.0,全史负价（源侧缺陷）。OHLC 整体为负但列间比例自洽→疑似源历史段符号/量纲伪影，须回源确证
2026-09-23,920641,2015-09-09,-1.500,-1.500,-1.500,-1.500,,,,6500,650000.00,,AKSHARE,close_negative,北交所/新三板,2010-2019,100.0,全史负价（源侧缺陷）。OHLC 整体为负但列间比例自洽→疑似源历史段符号/量纲伪影，须回源确证
2026-09-23,920641,2015-09-11,-1.500,-1.500,-1.500,-1.500,,,,16000,1600000.00,,AKSHARE,close_negative,北交所/新三板,2010-2019,100.0,全史负价（源侧缺陷）。OHLC 整体为负但列间比例自洽→疑似源历史段符号/量纲伪影，须回源确证
2026-09-23,920641,2015-09-23,-1.500,-1.500,-1.500,-1.500,,,,12000,1200000.00,,AKSHARE,close_negative,北交所/新三板,2010-2019,100.0,全史负价（源侧缺陷）。OHLC 整体为负但列间比例自洽→疑似源历史段符号/量纲伪影，须回源确证
2026-09-23,920641,2015-12-31,-1.140,-1.140,-1.140,-1.140,,0.360,24.0000,38000,5168000.00,,AKSHARE,close_negative,北交所/新三板,2010-2019,136.0,全史负价（源侧缺陷）。OHLC 整体为负但列间比例自洽→疑似源历史段符号/量纲伪影，须回源确证
2026-09-23,920641,2016-06-07,-1.390,-1.390,-1.390,-1.390,,-0.250,-21.9300,32580,3290580.00,,AKSHARE,close_negative,北交所/新三板,2010-2019,101.0,全史负价（源侧缺陷）。OHLC 整体为负但列间比例自洽→疑似源历史段符号/量纲伪影，须回源确证
2026-09-23,920641,2016-07-08,-1.390,-1.390,-1.390,-1.390,,,,84250,8509250.00,,AKSHARE,close_negative,北交所/新三板,2010-2019,101.0,全史负价（源侧缺陷）。OHLC 整体为负但列间比例自洽→疑似源历史段符号/量纲伪影，须回源确证
2026-09-23,920641,2016-07-14,-1.390,-1.390,-1.390,-1.390,,,,22250,2247250.00,,AKSHARE,close_negative,北交所/新三板,2010-2019,101.0,全史负价（源侧缺陷）。OHLC 整体为负但列间比例自洽→疑似源历史段符号/量纲伪影，须回源确证
2026-09-23,920641,2016-07-26,-1.390,-1.390,-1.390,-1.390,,,,27570,2784570.00,,AKSHARE,close_negative,北交所/新三板,2010-2019,101.0,全史负价（源侧缺陷）。OHLC 整体为负但列间比例自洽→疑似源历史段符号/量纲伪影，须回源确证
2026-09-23,920641,2016-09-14,-1.400,-1.400,-1.400,-1.400,,-0.010,-0.7200,10000,1000000.00,,AKSHARE,close_negative,北交所/新三板,2010-2019,100.0,全史负价（源侧缺陷）。OHLC 整体为负但列间比例自洽→疑似源历史段符号/量纲伪影，须回源确证
2026-09-23,920641,2016-09-27,-1.400,-1.400,-1.400,-1.400,,,,30000,3000000.00,,AKSHARE,close_negative,北交所/新三板,2010-2019,100.0,全史负价（源侧缺陷）。OHLC 整体为负但列间比例自洽→疑似源历史段符号/量纲伪影，须回源确证
2026-09-23,920641,2016-09-30,-1.400,-1.400,-1.400,-1.400,,,,20000,2000000.00,,AKSHARE,close_negative,北交所/新三板,2010-2019,100.0,全史负价（源侧缺陷）。OHLC 整体为负但列间比例自洽→疑似源历史段符号/量纲伪影，须回源确证
2026-09-23,920641,2016-10-12,-1.400,-1.400,-1.400,-1.400,,,,30000,3000000.00,,AKSHARE,close_negative,北交所/新三板,2010-2019,100.0,全史负价（源侧缺陷）。OHLC 整体为负但列间比例自洽→疑似源历史段符号/量纲伪影，须回源确证
2026-09-23,920641,2016-10-17,-1.400,-1.400,-1.400,-1.400,,,,30000,3000000.00,,AKSHARE,close_negative,北交所/新三板,2010-2019,100.0,全史负价（源侧缺陷）。OHLC 整体为负但列间比例自洽→疑似源历史段符号/量纲伪影，须回源确证
2026-09-23,920641,2016-10-20,-1.400,-1.400,-1.400,-1.400,,,,29000,2900000.00,,AKSHARE,close_negative,北交所/新三板,2010-2019,100.0,全史负价（源侧缺陷）。OHLC 整体为负但列间比例自洽→疑似源历史段符号/量纲伪影，须回源确证
2026-09-23,920641,2016-10-26,-1.400,-1.400,-1.400,-1.400,,,,20000,2000000.00,,AKSHARE,close_negative,北交所/新三板,2010-2019,100.0,全史负价（源侧缺陷）。OHLC 整体为负但列间比例自洽→疑似源历史段符号/量纲伪影，须回源确证
2026-09-23,920641,2016-10-31,-1.400,-1.400,-1.400,-1.400,,,,16000,1600000.00,,AKSHARE,close_negative,北交所/新三板,2010-2019,100.0,全史负价（源侧缺陷）。OHLC 整体为负但列间比例自洽→疑似源历史段符号/量纲伪影，须回源确证
2026-09-23,920641,2016-11-07,-1.300,-1.300,-1.300,-1.300,,0.100,7.1400,150,15000.00,,AKSHARE,close_negative,北交所/新三板,2010-2019,100.0,全史负价（源侧缺陷）。OHLC 整体为负但列间比例自洽→疑似源历史段符号/量纲伪影，须回源确证
2026-09-23,920641,2017-06-27,-1.100,-1.100,-1.100,-1.100,,0.200,15.3800,11900,1190000.00,,AKSHARE,close_negative,北交所/新三板,2010-2019,100.0,全史负价（源侧缺陷）。OHLC 整体为负但列间比例自洽→疑似源历史段符号/量纲伪影，须回源确证
2026-09-23,920641,2017-06-30,-1.100,-1.100,-1.100,-1.100,,,,27900,2790000.00,,AKSHARE,close_negative,北交所/新三板,2010-2019,100.0,全史负价（源侧缺陷）。OHLC 整体为负但列间比例自洽→疑似源历史段符号/量纲伪影，须回源确证
2026-09-23,920641,2017-07-05,-1.100,-1.100,-1.100,-1.100,,,,28000,2800000.00,,AKSHARE,close_negative,北交所/新三板,2010-2019,100.0,全史负价（源侧缺陷）。OHLC 整体为负但列间比例自洽→疑似源历史段符号/量纲伪影，须回源确证
2026-09-23,920641,2017-07-11,-1.100,-1.100,-1.100,-1.100,,,,24800,2480000.00,,AKSHARE,close_negative,北交所/新三板,2010-2019,100.0,全史负价（源侧缺陷）。OHLC 整体为负但列间比例自洽→疑似源历史段符号/量纲伪影，须回源确证
2026-09-23,920641,2017-07-12,-0.500,-0.500,-0.500,-0.500,,0.600,54.5500,100,16000.00,,AKSHARE,close_negative,北交所/新三板,2010-2019,160.0,全史负价（源侧缺陷）。OHLC 整体为负但列间比例自洽→疑似源历史段符号/量纲伪影，须回源确证
2026-09-23,920641,2017-08-22,-0.500,-0.500,-0.500,-0.500,,,,2500,400000.00,,AKSHARE,close_negative,北交所/新三板,2010-2019,160.0,全史负价（源侧缺陷）。OHLC 整体为负但列间比例自洽→疑似源历史段符号/量纲伪影，须回源确证
2026-09-23,920641,2017-08-23,-0.500,-0.500,-0.500,-0.500,,,,3300,528000.00,,AKSHARE,close_negative,北交所/新三板,2010-2019,160.0,全史负价（源侧缺陷）。OHLC 整体为负但列间比例自洽→疑似源历史段符号/量纲伪影，须回源确证
2026-09-23,920641,2017-08-24,-0.500,-0.500,-0.500,-0.500,,,,3700,592000.00,,AKSHARE,close_negative,北交所/新三板,2010-2019,160.0,全史负价（源侧缺陷）。OHLC 整体为负但列间比例自洽→疑似源历史段符号/量纲伪影，须回源确证
2026-09-23,920641,2017-08-25,-0.500,-0.500,-0.500,-0.500,,,,2700,432000.00,,AKSHARE,close_negative,北交所/新三板,2010-2019,160.0,全史负价（源侧缺陷）。OHLC 整体为负但列间比例自洽→疑似源历史段符号/量纲伪影，须回源确证
2026-09-23,920641,2017-08-28,-0.500,-0.500,-0.500,-0.500,,,,3400,544000.00,,AKSHARE,close_negative,北交所/新三板,2010-2019,160.0,全史负价（源侧缺陷）。OHLC 整体为负但列间比例自洽→疑似源历史段符号/量纲伪影，须回源确证
2026-09-23,920641,2017-08-29,-0.500,-0.500,-0.500,-0.500,,,,3300,528000.00,,AKSHARE,close_negative,北交所/新三板,2010-2019,160.0,全史负价（源侧缺陷）。OHLC 整体为负但列间比例自洽→疑似源历史段符号/量纲伪影，须回源确证
2026-09-23,920641,2017-08-30,-0.500,-0.500,-0.500,-0.500,,,,3400,544000.00,,AKSHARE,close_negative,北交所/新三板,2010-2019,160.0,全史负价（源侧缺陷）。OHLC 整体为负但列间比例自洽→疑似源历史段符号/量纲伪影，须回源确证
2026-09-23,920641,2017-08-31,-0.500,-0.500,-0.500,-0.500,,,,1100,176000.00,,AKSHARE,close_negative,北交所/新三板,2010-2019,160.0,全史负价（源侧缺陷）。OHLC 整体为负但列间比例自洽→疑似源历史段符号/量纲伪影，须回源确证
2026-09-23,920641,2017-09-08,-0.500,-0.500,-0.500,-0.500,,,,8400,1344000.00,,AKSHARE,close_negative,北交所/新三板,2010-2019,160.0,全史负价（源侧缺陷）。OHLC 整体为负但列间比例自洽→疑似源历史段符号/量纲伪影，须回源确证
2026-09-23,920641,2017-09-11,-0.500,-0.500,-0.500,-0.500,,,,8300,1328000.00,,AKSHARE,close_negative,北交所/新三板,2010-2019,160.0,全史负价（源侧缺陷）。OHLC 整体为负但列间比例自洽→疑似源历史段符号/量纲伪影，须回源确证
2026-09-23,920641,2017-09-14,-0.500,-0.500,-0.500,-0.500,,,,7200,1152000.00,,AKSHARE,close_negative,北交所/新三板,2010-2019,160.0,全史负价（源侧缺陷）。OHLC 整体为负但列间比例自洽→疑似源历史段符号/量纲伪影，须回源确证
2026-09-23,920642,2018-06-21,0.000,0.000,0.000,0.000,4.000,-4.000,-100.0000,1900000,3990000.00,1.00000000,SINA,close_zero,北交所/新三板,2010-2019,2.1,close=0（源侧缺陷；O/H/L 亦为 0 而 volume/amount>0 → 疑似解析丢弃价格字段）。pre_close 已被修正为上一交易日 close，故 change_pct 显示 -100%（物理不可能）
2026-09-23,920642,2018-07-05,0.000,0.000,0.000,0.000,,,,467000,1004050.00,1.00000000,SINA,close_zero,北交所/新三板,2010-2019,2.15,close=0（源侧缺陷；O/H/L 亦为 0 而 volume/amount>0 → 疑似解析丢弃价格字段）。pre_close 已被修正为上一交易日 close，故 change_pct 显示 -100%（物理不可能）
2026-09-23,920642,2018-07-10,0.000,0.000,0.000,0.000,,,,695000,1459500.00,1.00000000,SINA,close_zero,北交所/新三板,2010-2019,2.1,close=0（源侧缺陷；O/H/L 亦为 0 而 volume/amount>0 → 疑似解析丢弃价格字段）。pre_close 已被修正为上一交易日 close，故 change_pct 显示 -100%（物理不可能）
2026-09-23,920642,2018-07-26,0.000,0.000,0.000,0.000,,,,1000000,2010000.00,1.00000000,SINA,close_zero,北交所/新三板,2010-2019,2.01,close=0（源侧缺陷；O/H/L 亦为 0 而 volume/amount>0 → 疑似解析丢弃价格字段）。pre_close 已被修正为上一交易日 close，故 change_pct 显示 -100%（物理不可能）
2026-09-23,920642,2018-09-21,0.000,0.000,0.000,0.000,2.010,-2.010,-100.0000,1480000,1509600.00,1.00000000,SINA,close_zero,北交所/新三板,2010-2019,1.02,close=0（源侧缺陷；O/H/L 亦为 0 而 volume/amount>0 → 疑似解析丢弃价格字段）。pre_close 已被修正为上一交易日 close，故 change_pct 显示 -100%（物理不可能）
2026-09-23,920642,2018-09-25,0.000,0.000,0.000,0.000,,,,2020000,2060400.00,1.00000000,SINA,close_zero,北交所/新三板,2010-2019,1.02,close=0（源侧缺陷；O/H/L 亦为 0 而 volume/amount>0 → 疑似解析丢弃价格字段）。pre_close 已被修正为上一交易日 close，故 change_pct 显示 -100%（物理不可能）
2026-09-23,920642,2018-09-26,0.000,0.000,0.000,0.000,,,,539000,549780.00,1.00000000,SINA,close_zero,北交所/新三板,2010-2019,1.02,close=0（源侧缺陷；O/H/L 亦为 0 而 volume/amount>0 → 疑似解析丢弃价格字段）。pre_close 已被修正为上一交易日 close，故 change_pct 显示 -100%（物理不可能）
2026-09-23,920642,2018-11-29,0.000,0.000,0.000,0.000,7.900,-7.900,-100.0000,100000,440000.00,1.00000000,SINA,close_zero,北交所/新三板,2010-2019,4.4,close=0（源侧缺陷；O/H/L 亦为 0 而 volume/amount>0 → 疑似解析丢弃价格字段）。pre_close 已被修正为上一交易日 close，故 change_pct 显示 -100%（物理不可能）
2026-09-23,920642,2018-12-11,0.000,0.000,0.000,0.000,,,,800000,3520000.00,1.00000000,SINA,close_zero,北交所/新三板,2010-2019,4.4,close=0（源侧缺陷；O/H/L 亦为 0 而 volume/amount>0 → 疑似解析丢弃价格字段）。pre_close 已被修正为上一交易日 close，故 change_pct 显示 -100%（物理不可能）
2026-09-23,920642,2018-12-12,0.000,0.000,0.000,0.000,,,,755000,3322000.00,1.00000000,SINA,close_zero,北交所/新三板,2010-2019,4.4,close=0（源侧缺陷；O/H/L 亦为 0 而 volume/amount>0 → 疑似解析丢弃价格字段）。pre_close 已被修正为上一交易日 close，故 change_pct 显示 -100%（物理不可能）
2026-09-23,920642,2019-05-15,0.000,0.000,0.000,0.000,4.100,-4.100,-100.0000,1000000,2700000.00,1.00000000,SINA,close_zero,北交所/新三板,2010-2019,2.7,close=0（源侧缺陷；O/H/L 亦为 0 而 volume/amount>0 → 疑似解析丢弃价格字段）。pre_close 已被修正为上一交易日 close，故 change_pct 显示 -100%（物理不可能）
2026-09-23,920642,2019-12-17,0.000,0.000,0.000,0.000,6.010,-6.010,-100.0000,200000,1100000.00,1.00000000,SINA,close_zero,北交所/新三板,2010-2019,5.5,close=0（源侧缺陷；O/H/L 亦为 0 而 volume/amount>0 → 疑似解析丢弃价格字段）。pre_close 已被修正为上一交易日 close，故 change_pct 显示 -100%（物理不可能）
2026-09-23,920642,2019-12-18,0.000,0.000,0.000,0.000,,,,100000,550000.00,1.00000000,SINA,close_zero,北交所/新三板,2010-2019,5.5,close=0（源侧缺陷；O/H/L 亦为 0 而 volume/amount>0 → 疑似解析丢弃价格字段）。pre_close 已被修正为上一交易日 close，故 change_pct 显示 -100%（物理不可能）
2026-09-23,920642,2020-03-27,0.000,0.000,0.000,0.000,5.540,-5.540,-100.0000,200000,1200000.00,1.00000000,SINA,close_zero,北交所/新三板,2020+,6.0,close=0（源侧缺陷；O/H/L 亦为 0 而 volume/amount>0 → 疑似解析丢弃价格字段）。pre_close 已被修正为上一交易日 close，故 change_pct 显示 -100%（物理不可能）
2026-09-23,920656,2021-01-26,-0.320,-0.320,-0.320,-0.320,,-15.640,-102.0900,1,350.00,,AKSHARE,close_negative,北交所/新三板,2020+,350.0,全史负价（源侧缺陷）。OHLC 整体为负但列间比例自洽→疑似源历史段符号/量纲伪影，须回源确证
2026-09-23,920662,2016-07-22,-1.770,-1.770,-1.770,-1.770,,-7.640,-130.1500,4550,455000.00,,AKSHARE,close_negative,北交所/新三板,2010-2019,100.0,全史负价（源侧缺陷）。OHLC 整体为负但列间比例自洽→疑似源历史段符号/量纲伪影，须回源确证
2026-09-23,920662,2018-07-30,-0.520,-0.520,-0.520,-0.520,,1.250,70.6200,3350,2006650.00,,AKSHARE,close_negative,北交所/新三板,2010-2019,599.0,全史负价（源侧缺陷）。OHLC 整体为负但列间比例自洽→疑似源历史段符号/量纲伪影，须回源确证
2026-09-23,920663,2017-12-14,-0.720,-0.720,-0.720,-0.720,,-4.470,-119.2000,23660,7098000.00,,AKSHARE,close_negative,北交所/新三板,2010-2019,300.0,全史负价（源侧缺陷）。OHLC 整体为负但列间比例自洽→疑似源历史段符号/量纲伪影，须回源确证
2026-09-23,920685,2015-08-27,-2.060,-2.060,-2.060,-2.060,,-15.880,-114.9100,1000,250000.00,,AKSHARE,close_negative,北交所/新三板,2010-2019,250.0,全史负价（源侧缺陷）。OHLC 整体为负但列间比例自洽→疑似源历史段符号/量纲伪影，须回源确证
2026-09-23,920718,2018-10-25,,,,,,,,20,2000.00,,AKSHARE,close_null,北交所/新三板,2010-2019,100.0,close 为空
2026-09-23,920718,2018-11-09,0.010,0.010,,,,,,30,3010.00,,AKSHARE,close_null,北交所/新三板,2010-2019,100.3333,close 为空
2026-09-23,920720,2020-04-16,-0.040,-0.040,-0.040,-0.040,,-0.380,-111.7600,81,21870.00,,AKSHARE,close_negative,北交所/新三板,2020+,270.0,全史负价（源侧缺陷）。OHLC 整体为负但列间比例自洽→疑似源历史段符号/量纲伪影，须回源确证
2026-09-23,920726,2018-03-07,0.000,0.000,0.000,0.000,1.080,-1.080,-100.0000,2742000,2742000.00,1.00000000,SINA,close_zero,北交所/新三板,2010-2019,1.0,close=0（源侧缺陷；O/H/L 亦为 0 而 volume/amount>0 → 疑似解析丢弃价格字段）。pre_close 已被修正为上一交易日 close，故 change_pct 显示 -100%（物理不可能）
2026-09-23,920726,2018-04-16,0.000,0.000,0.000,0.000,,,,1500125,2625219.00,1.00000000,SINA,close_zero,北交所/新三板,2010-2019,1.75,close=0（源侧缺陷；O/H/L 亦为 0 而 volume/amount>0 → 疑似解析丢弃价格字段）。pre_close 已被修正为上一交易日 close，故 change_pct 显示 -100%（物理不可能）
2026-09-23,920726,2020-03-25,0.000,0.000,0.000,0.000,1.500,-1.500,-100.0000,300000,870000.00,1.00000000,SINA,close_zero,北交所/新三板,2020+,2.9,close=0（源侧缺陷；O/H/L 亦为 0 而 volume/amount>0 → 疑似解析丢弃价格字段）。pre_close 已被修正为上一交易日 close，故 change_pct 显示 -100%（物理不可能）
2026-09-23,920729,2018-05-24,0.000,0.000,0.000,0.000,21.230,-21.230,-100.0000,4458000,118137000.00,1.00000000,SINA,close_zero,北交所/新三板,2010-2019,26.5,close=0（源侧缺陷；O/H/L 亦为 0 而 volume/amount>0 → 疑似解析丢弃价格字段）。pre_close 已被修正为上一交易日 close，故 change_pct 显示 -100%（物理不可能）
2026-09-23,920729,2018-11-29,0.000,0.000,0.000,0.000,18.020,-18.020,-100.0000,72189,1003427.00,1.00000000,SINA,close_zero,北交所/新三板,2010-2019,13.9,close=0（源侧缺陷；O/H/L 亦为 0 而 volume/amount>0 → 疑似解析丢弃价格字段）。pre_close 已被修正为上一交易日 close，故 change_pct 显示 -100%（物理不可能）
2026-09-23,920729,2018-11-30,0.000,0.000,0.000,0.000,,,,153000,1683000.00,1.00000000,SINA,close_zero,北交所/新三板,2010-2019,11.0,close=0（源侧缺陷；O/H/L 亦为 0 而 volume/amount>0 → 疑似解析丢弃价格字段）。pre_close 已被修正为上一交易日 close，故 change_pct 显示 -100%（物理不可能）
2026-09-23,920729,2018-12-03,0.000,0.000,0.000,0.000,,,,155000,1550000.00,1.00000000,SINA,close_zero,北交所/新三板,2010-2019,10.0,close=0（源侧缺陷；O/H/L 亦为 0 而 volume/amount>0 → 疑似解析丢弃价格字段）。pre_close 已被修正为上一交易日 close，故 change_pct 显示 -100%（物理不可能）
2026-09-23,920729,2018-12-04,0.000,0.000,0.000,0.000,,,,1250000,30625000.00,1.00000000,SINA,close_zero,北交所/新三板,2010-2019,24.5,close=0（源侧缺陷；O/H/L 亦为 0 而 volume/amount>0 → 疑似解析丢弃价格字段）。pre_close 已被修正为上一交易日 close，故 change_pct 显示 -100%（物理不可能）
2026-09-23,920729,2018-12-11,0.000,0.000,0.000,0.000,19.000,-19.000,-100.0000,318000,8268000.00,1.00000000,SINA,close_zero,北交所/新三板,2010-2019,26.0,close=0（源侧缺陷；O/H/L 亦为 0 而 volume/amount>0 → 疑似解析丢弃价格字段）。pre_close 已被修正为上一交易日 close，故 change_pct 显示 -100%（物理不可能）
2026-09-23,920729,2019-03-25,0.000,0.000,0.000,0.000,21.000,-21.000,-100.0000,1000000,26040000.00,1.00000000,SINA,close_zero,北交所/新三板,2010-2019,26.04,close=0（源侧缺陷；O/H/L 亦为 0 而 volume/amount>0 → 疑似解析丢弃价格字段）。pre_close 已被修正为上一交易日 close，故 change_pct 显示 -100%（物理不可能）
2026-09-23,920729,2019-05-30,0.000,0.000,0.000,0.000,24.180,-24.180,-100.0000,805000,20527500.00,1.00000000,SINA,close_zero,北交所/新三板,2010-2019,25.5,close=0（源侧缺陷；O/H/L 亦为 0 而 volume/amount>0 → 疑似解析丢弃价格字段）。pre_close 已被修正为上一交易日 close，故 change_pct 显示 -100%（物理不可能）
2026-09-23,920729,2019-12-18,0.000,0.000,0.000,0.000,23.100,-23.100,-100.0000,230000,5980000.00,1.00000000,SINA,close_zero,北交所/新三板,2010-2019,26.0,close=0（源侧缺陷；O/H/L 亦为 0 而 volume/amount>0 → 疑似解析丢弃价格字段）。pre_close 已被修正为上一交易日 close，故 change_pct 显示 -100%（物理不可能）
2026-09-23,920729,2020-02-03,0.000,0.000,0.000,0.000,31.300,-31.300,-100.0000,103000,2472000.00,1.00000000,SINA,close_zero,北交所/新三板,2020+,24.0,close=0（源侧缺陷；O/H/L 亦为 0 而 volume/amount>0 → 疑似解析丢弃价格字段）。pre_close 已被修正为上一交易日 close，故 change_pct 显示 -100%（物理不可能）
2026-09-23,920751,2015-12-22,-1.300,-1.300,-1.300,-1.300,,-6.500,-125.0000,5500,632500.00,,AKSHARE,close_negative,北交所/新三板,2010-2019,115.0,全史负价（源侧缺陷）。OHLC 整体为负但列间比例自洽→疑似源历史段符号/量纲伪影，须回源确证
2026-09-23,920751,2015-12-24,-1.300,-1.300,-1.300,-1.300,,,,1000,115000.00,,AKSHARE,close_negative,北交所/新三板,2010-2019,115.0,全史负价（源侧缺陷）。OHLC 整体为负但列间比例自洽→疑似源历史段符号/量纲伪影，须回源确证
2026-09-23,920765,2019-12-26,0.000,0.000,0.000,0.000,4.870,-4.870,-100.0000,108000,700920.00,1.00000000,SINA,close_zero,北交所/新三板,2010-2019,6.49,close=0（源侧缺陷；O/H/L 亦为 0 而 volume/amount>0 → 疑似解析丢弃价格字段）。pre_close 已被修正为上一交易日 close，故 change_pct 显示 -100%（物理不可能）
2026-09-23,920779,2015-06-25,-1.350,-1.350,-1.350,-1.350,,-4.650,-140.9100,5000,3900000.00,,AKSHARE,close_negative,北交所/新三板,2010-2019,780.0,全史负价（源侧缺陷）。OHLC 整体为负但列间比例自洽→疑似源历史段符号/量纲伪影，须回源确证
2026-09-23,920779,2015-07-07,-0.610,-0.610,-0.610,-0.610,,-3.910,-118.4800,4000,3900000.00,,AKSHARE,close_negative,北交所/新三板,2010-2019,975.0,全史负价（源侧缺陷）。OHLC 整体为负但列间比例自洽→疑似源历史段符号/量纲伪影，须回源确证
2026-09-23,920779,2015-07-08,-0.610,-0.610,-0.610,-0.610,,,,4000,3900000.00,,AKSHARE,close_negative,北交所/新三板,2010-2019,975.0,全史负价（源侧缺陷）。OHLC 整体为负但列间比例自洽→疑似源历史段符号/量纲伪影，须回源确证
2026-09-23,920779,2016-04-25,-0.200,-0.200,-0.280,-0.200,,-0.220,-1100.0000,50,53730.00,,AKSHARE,close_negative,北交所/新三板,2010-2019,1074.6,全史负价（源侧缺陷）。OHLC 整体为负但列间比例自洽→疑似源历史段符号/量纲伪影，须回源确证
2026-09-23,920779,2016-04-26,-0.390,-0.310,-0.450,-0.440,,-0.240,-120.0000,2070,2108600.00,,AKSHARE,close_negative,北交所/新三板,2010-2019,1018.6473,全史负价（源侧缺陷）。OHLC 整体为负但列间比例自洽→疑似源历史段符号/量纲伪影，须回源确证
2026-09-23,920779,2016-05-18,-0.440,-0.440,-0.450,-0.440,,,,1950,1985160.00,,AKSHARE,close_negative,北交所/新三板,2010-2019,1018.0308,全史负价（源侧缺陷）。OHLC 整体为负但列间比例自洽→疑似源历史段符号/量纲伪影，须回源确证
2026-09-23,920779,2016-05-23,-0.440,-0.440,-0.440,-0.440,,,,10,10200.00,,AKSHARE,close_negative,北交所/新三板,2010-2019,1020.0,全史负价（源侧缺陷）。OHLC 整体为负但列间比例自洽→疑似源历史段符号/量纲伪影，须回源确证
2026-09-23,920779,2016-08-01,-0.310,-0.310,-0.590,-0.500,,-0.060,-13.6400,33,25705.00,,AKSHARE,close_negative,北交所/新三板,2010-2019,778.9394,全史负价（源侧缺陷）。OHLC 整体为负但列间比例自洽→疑似源历史段符号/量纲伪影，须回源确证
2026-09-23,920779,2016-08-02,-0.650,-0.620,-0.780,-0.750,,-0.250,-50.0000,40,29540.00,,AKSHARE,close_negative,北交所/新三板,2010-2019,738.5,全史负价（源侧缺陷）。OHLC 整体为负但列间比例自洽→疑似源历史段符号/量纲伪影，须回源确证
2026-09-23,920779,2016-08-03,-0.920,-0.910,-0.920,-0.910,,-0.160,-21.3300,20,13870.00,,AKSHARE,close_negative,北交所/新三板,2010-2019,693.5,全史负价（源侧缺陷）。OHLC 整体为负但列间比例自洽→疑似源历史段符号/量纲伪影，须回源确证
2026-09-23,920779,2016-08-04,-1.040,-1.020,-1.040,-1.020,,-0.110,-12.0900,20,13380.00,,AKSHARE,close_negative,北交所/新三板,2010-2019,669.0,全史负价（源侧缺陷）。OHLC 整体为负但列间比例自洽→疑似源历史段符号/量纲伪影，须回源确证
2026-09-23,920779,2016-08-05,-1.160,-1.140,-1.160,-1.140,,-0.120,-11.7600,30,19320.00,,AKSHARE,close_negative,北交所/新三板,2010-2019,644.0,全史负价（源侧缺陷）。OHLC 整体为负但列间比例自洽→疑似源历史段符号/量纲伪影，须回源确证
2026-09-23,920779,2016-08-08,-1.230,-1.220,-1.280,-1.270,,-0.130,-11.4000,100,62350.00,,AKSHARE,close_negative,北交所/新三板,2010-2019,623.5,全史负价（源侧缺陷）。OHLC 整体为负但列间比例自洽→疑似源历史段符号/量纲伪影，须回源确证
2026-09-23,920779,2016-08-09,-1.350,-1.350,-1.410,-1.380,,-0.110,-8.6600,140,83590.00,,AKSHARE,close_negative,北交所/新三板,2010-2019,597.0714,全史负价（源侧缺陷）。OHLC 整体为负但列间比例自洽→疑似源历史段符号/量纲伪影，须回源确证
2026-09-23,920779,2016-08-10,-1.460,-1.440,-1.590,-1.580,,-0.200,-14.4900,200,112270.00,,AKSHARE,close_negative,北交所/新三板,2010-2019,561.35,全史负价（源侧缺陷）。OHLC 整体为负但列间比例自洽→疑似源历史段符号/量纲伪影，须回源确证
2026-09-23,920779,2016-08-11,-1.570,-1.570,-1.570,-1.570,,0.010,0.6300,10,5550.00,,AKSHARE,close_negative,北交所/新三板,2010-2019,555.0,全史负价（源侧缺陷）。OHLC 整体为负但列间比例自洽→疑似源历史段符号/量纲伪影，须回源确证
2026-09-23,920779,2016-08-15,-1.650,-1.640,-1.770,-1.760,,-0.190,-12.1000,110,58120.00,,AKSHARE,close_negative,北交所/新三板,2010-2019,528.3636,全史负价（源侧缺陷）。OHLC 整体为负但列间比例自洽→疑似源历史段符号/量纲伪影，须回源确证
2026-09-23,920779,2016-08-16,-1.830,-1.730,-1.950,-1.730,,0.030,1.7000,680,332540.00,,AKSHARE,close_negative,北交所/新三板,2010-2019,489.0294,全史负价（源侧缺陷）。OHLC 整体为负但列间比例自洽→疑似源历史段符号/量纲伪影，须回源确证
2026-09-23,920779,2016-08-17,-1.680,-1.570,-1.680,-1.570,,0.160,9.2500,90,48660.00,,AKSHARE,close_negative,北交所/新三板,2010-2019,540.6667,全史负价（源侧缺陷）。OHLC 整体为负但列间比例自洽→疑似源历史段符号/量纲伪影，须回源确证
2026-09-23,920779,2016-08-18,-1.550,-1.430,-1.550,-1.450,,0.120,7.6400,70,40160.00,,AKSHARE,close_negative,北交所/新三板,2010-2019,573.7143,全史负价（源侧缺陷）。OHLC 整体为负但列间比例自洽→疑似源历史段符号/量纲伪影，须回源确证
2026-09-23,920779,2016-08-19,-1.430,-1.430,-1.430,-1.430,,0.020,1.3800,20,11720.00,,AKSHARE,close_negative,北交所/新三板,2010-2019,586.0,全史负价（源侧缺陷）。OHLC 整体为负但列间比例自洽→疑似源历史段符号/量纲伪影，须回源确证
2026-09-23,920779,2016-08-22,-1.430,-1.410,-1.430,-1.410,,0.020,1.4000,20,11760.00,,AKSHARE,close_negative,北交所/新三板,2010-2019,588.0,全史负价（源侧缺陷）。OHLC 整体为负但列间比例自洽→疑似源历史段符号/量纲伪影，须回源确证
2026-09-23,920779,2016-08-23,-1.380,-1.380,-1.380,-1.380,,0.030,2.1300,10,5950.00,,AKSHARE,close_negative,北交所/新三板,2010-2019,595.0,全史负价（源侧缺陷）。OHLC 整体为负但列间比例自洽→疑似源历史段符号/量纲伪影，须回源确证
2026-09-23,920779,2016-08-25,-1.460,-1.460,-1.470,-1.470,,-0.090,-6.5200,30,17320.00,,AKSHARE,close_negative,北交所/新三板,2010-2019,577.3333,全史负价（源侧缺陷）。OHLC 整体为负但列间比例自洽→疑似源历史段符号/量纲伪影，须回源确证
2026-09-23,920779,2016-08-26,-1.550,-1.550,-1.550,-1.550,,-0.080,-5.4400,10,5590.00,,AKSHARE,close_negative,北交所/新三板,2010-2019,559.0,全史负价（源侧缺陷）。OHLC 整体为负但列间比例自洽→疑似源历史段符号/量纲伪影，须回源确证
2026-09-23,920779,2016-08-29,-1.530,-1.530,-1.530,-1.530,,0.020,1.2900,10,5650.00,,AKSHARE,close_negative,北交所/新三板,2010-2019,565.0,全史负价（源侧缺陷）。OHLC 整体为负但列间比例自洽→疑似源历史段符号/量纲伪影，须回源确证
2026-09-23,920779,2016-09-01,-1.530,-1.530,-1.530,-1.530,,,,20,11300.00,,AKSHARE,close_negative,北交所/新三板,2010-2019,565.0,全史负价（源侧缺陷）。OHLC 整体为负但列间比例自洽→疑似源历史段符号/量纲伪影，须回源确证
2026-09-23,920779,2016-09-05,-1.500,-1.500,-1.530,-1.530,,,,18,9947.00,,AKSHARE,close_negative,北交所/新三板,2010-2019,552.6111,全史负价（源侧缺陷）。OHLC 整体为负但列间比例自洽→疑似源历史段符号/量纲伪影，须回源确证
2026-09-23,920779,2016-09-06,-1.600,-1.560,-1.600,-1.560,,-0.030,-1.9600,40,22120.00,,AKSHARE,close_negative,北交所/新三板,2010-2019,553.0,全史负价（源侧缺陷）。OHLC 整体为负但列间比例自洽→疑似源历史段符号/量纲伪影，须回源确证
2026-09-23,920779,2016-09-08,-1.640,-1.550,-1.640,-1.550,,0.010,0.6400,30,16400.00,,AKSHARE,close_negative,北交所/新三板,2010-2019,546.6667,全史负价（源侧缺陷）。OHLC 整体为负但列间比例自洽→疑似源历史段符号/量纲伪影，须回源确证
2026-09-23,920779,2016-09-09,-1.500,-1.430,-1.500,-1.430,,0.120,7.7400,50,28990.00,,AKSHARE,close_negative,北交所/新三板,2010-2019,579.8,全史负价（源侧缺陷）。OHLC 整体为负但列间比例自洽→疑似源历史段符号/量纲伪影，须回源确证
2026-09-23,920779,2016-09-13,-1.410,-1.380,-1.410,-1.380,,0.050,3.5000,30,17820.00,,AKSHARE,close_negative,北交所/新三板,2010-2019,594.0,全史负价（源侧缺陷）。OHLC 整体为负但列间比例自洽→疑似源历史段符号/量纲伪影，须回源确证
2026-09-23,920779,2016-09-14,-1.330,-1.330,-1.330,-1.330,,0.050,3.6200,10,6070.00,,AKSHARE,close_negative,北交所/新三板,2010-2019,607.0,全史负价（源侧缺陷）。OHLC 整体为负但列间比例自洽→疑似源历史段符号/量纲伪影，须回源确证
2026-09-23,920779,2016-09-19,-1.300,-1.300,-1.300,-1.300,,0.030,2.2600,20,12260.00,,AKSHARE,close_negative,北交所/新三板,2010-2019,613.0,全史负价（源侧缺陷）。OHLC 整体为负但列间比例自洽→疑似源历史段符号/量纲伪影，须回源确证
2026-09-23,920779,2016-09-21,-1.290,-1.290,-1.290,-1.290,,0.010,0.7700,10,6150.00,,AKSHARE,close_negative,北交所/新三板,2010-2019,615.0,全史负价（源侧缺陷）。OHLC 整体为负但列间比例自洽→疑似源历史段符号/量纲伪影，须回源确证
2026-09-23,920779,2016-09-27,-1.380,-1.200,-1.380,-1.200,,0.090,6.9800,60,36560.00,,AKSHARE,close_negative,北交所/新三板,2010-2019,609.3333,全史负价（源侧缺陷）。OHLC 整体为负但列间比例自洽→疑似源历史段符号/量纲伪影，须回源确证
2026-09-23,920779,2016-09-28,-1.290,-1.140,-1.290,-1.140,,0.060,5.0000,30,18750.00,,AKSHARE,close_negative,北交所/新三板,2010-2019,625.0,全史负价（源侧缺陷）。OHLC 整体为负但列间比例自洽→疑似源历史段符号/量纲伪影，须回源确证
2026-09-23,920779,2016-09-29,-1.230,-1.090,-1.230,-1.090,,0.050,4.3900,30,19090.00,,AKSHARE,close_negative,北交所/新三板,2010-2019,636.3333,全史负价（源侧缺陷）。OHLC 整体为负但列间比例自洽→疑似源历史段符号/量纲伪影，须回源确证
2026-09-23,920779,2016-09-30,-1.030,-1.030,-1.030,-1.030,,0.060,5.5000,10,6700.00,,AKSHARE,close_negative,北交所/新三板,2010-2019,670.0,全史负价（源侧缺陷）。OHLC 整体为负但列间比例自洽→疑似源历史段符号/量纲伪影，须回源确证
2026-09-23,920779,2016-10-10,-0.990,-0.910,-1.120,-0.910,,0.120,11.6500,50,33680.00,,AKSHARE,close_negative,北交所/新三板,2010-2019,673.6,全史负价（源侧缺陷）。OHLC 整体为负但列间比例自洽→疑似源历史段符号/量纲伪影，须回源确证
2026-09-23,920779,2016-10-11,-0.880,-0.880,-0.980,-0.880,,0.030,3.3000,40,27800.00,,AKSHARE,close_negative,北交所/新三板,2010-2019,695.0,全史负价（源侧缺陷）。OHLC 整体为负但列间比例自洽→疑似源历史段符号/量纲伪影，须回源确证
2026-09-23,920779,2016-10-12,-0.820,-0.820,-0.820,-0.820,,0.060,6.8200,10,7140.00,,AKSHARE,close_negative,北交所/新三板,2010-2019,714.0,全史负价（源侧缺陷）。OHLC 整体为负但列间比例自洽→疑似源历史段符号/量纲伪影，须回源确证
2026-09-23,920779,2016-10-13,-0.920,-0.750,-0.920,-0.750,,0.070,8.5400,50,35260.00,,AKSHARE,close_negative,北交所/新三板,2010-2019,705.2,全史负价（源侧缺陷）。OHLC 整体为负但列间比例自洽→疑似源历史段符号/量纲伪影，须回源确证
2026-09-23,920779,2016-10-14,-0.910,-0.740,-0.910,-0.740,,0.010,1.3300,30,21180.00,,AKSHARE,close_negative,北交所/新三板,2010-2019,706.0,全史负价（源侧缺陷）。OHLC 整体为负但列间比例自洽→疑似源历史段符号/量纲伪影，须回源确证
2026-09-23,920779,2016-10-19,-0.840,-0.740,-0.890,-0.890,,-0.150,-20.2700,60,42740.00,,AKSHARE,close_negative,北交所/新三板,2010-2019,712.3333,全史负价（源侧缺陷）。OHLC 整体为负但列间比例自洽→疑似源历史段符号/量纲伪影，须回源确证
2026-09-23,920779,2016-10-24,-1.050,-1.050,-1.370,-1.250,,-0.360,-40.4500,160,100050.00,,AKSHARE,close_negative,北交所/新三板,2010-2019,625.3125,全史负价（源侧缺陷）。OHLC 整体为负但列间比例自洽→疑似源历史段符号/量纲伪影，须回源确证
2026-09-23,920779,2016-10-31,-1.240,-1.240,-1.240,-1.240,,0.010,0.8000,20,12500.00,,AKSHARE,close_negative,北交所/新三板,2010-2019,625.0,全史负价（源侧缺陷）。OHLC 整体为负但列间比例自洽→疑似源历史段符号/量纲伪影，须回源确证
2026-09-23,920779,2016-11-01,-1.180,-1.180,-1.180,-1.180,,0.060,4.8400,10,6370.00,,AKSHARE,close_negative,北交所/新三板,2010-2019,637.0,全史负价（源侧缺陷）。OHLC 整体为负但列间比例自洽→疑似源历史段符号/量纲伪影，须回源确证
2026-09-23,920779,2016-11-09,-1.150,-1.140,-1.150,-1.140,,0.040,3.3900,160,103080.00,,AKSHARE,close_negative,北交所/新三板,2010-2019,644.25,全史负价（源侧缺陷）。OHLC 整体为负但列间比例自洽→疑似源历史段符号/量纲伪影，须回源确证
2026-09-23,920779,2016-11-10,-1.150,-1.150,-1.170,-1.170,,-0.030,-2.6300,190,122020.00,,AKSHARE,close_negative,北交所/新三板,2010-2019,642.2105,全史负价（源侧缺陷）。OHLC 整体为负但列间比例自洽→疑似源历史段符号/量纲伪影，须回源确证
2026-09-23,920779,2016-11-14,-1.170,-1.170,-1.170,-1.170,,,,20,12800.00,,AKSHARE,close_negative,北交所/新三板,2010-2019,640.0,全史负价（源侧缺陷）。OHLC 整体为负但列间比例自洽→疑似源历史段符号/量纲伪影，须回源确证
2026-09-23,920779,2016-11-15,-1.260,-1.260,-1.260,-1.260,,-0.090,-7.6900,10,6210.00,,AKSHARE,close_negative,北交所/新三板,2010-2019,621.0,全史负价（源侧缺陷）。OHLC 整体为负但列间比例自洽→疑似源历史段符号/量纲伪影，须回源确证
2026-09-23,920779,2016-11-16,-1.260,-1.240,-1.260,-1.240,,0.020,1.5900,120,74560.00,,AKSHARE,close_negative,北交所/新三板,2010-2019,621.3333,全史负价（源侧缺陷）。OHLC 整体为负但列间比例自洽→疑似源历史段符号/量纲伪影，须回源确证
2026-09-23,920779,2016-11-18,-1.240,-1.220,-1.240,-1.220,,0.020,1.6100,150,94250.00,,AKSHARE,close_negative,北交所/新三板,2010-2019,628.3333,全史负价（源侧缺陷）。OHLC 整体为负但列间比例自洽→疑似源历史段符号/量纲伪影，须回源确证
2026-09-23,920779,2016-11-21,-1.220,-1.220,-1.220,-1.220,,,,30,18900.00,,AKSHARE,close_negative,北交所/新三板,2010-2019,630.0,全史负价（源侧缺陷）。OHLC 整体为负但列间比例自洽→疑似源历史段符号/量纲伪影，须回源确证
2026-09-23,920779,2016-11-22,-1.220,-1.190,-1.220,-1.190,,0.030,2.4600,70,44200.00,,AKSHARE,close_negative,北交所/新三板,2010-2019,631.4286,全史负价（源侧缺陷）。OHLC 整体为负但列间比例自洽→疑似源历史段符号/量纲伪影，须回源确证
2026-09-23,920779,2016-11-24,-1.190,-1.190,-1.190,-1.190,,,,70,44450.00,,AKSHARE,close_negative,北交所/新三板,2010-2019,635.0,全史负价（源侧缺陷）。OHLC 整体为负但列间比例自洽→疑似源历史段符号/量纲伪影，须回源确证
2026-09-23,920779,2016-11-25,-1.190,-1.190,-1.190,-1.190,,,,120,76200.00,,AKSHARE,close_negative,北交所/新三板,2010-2019,635.0,全史负价（源侧缺陷）。OHLC 整体为负但列间比例自洽→疑似源历史段符号/量纲伪影，须回源确证
2026-09-23,920779,2016-12-01,-1.190,-1.170,-1.190,-1.170,,0.020,1.6800,170,108500.00,,AKSHARE,close_negative,北交所/新三板,2010-2019,638.2353,全史负价（源侧缺陷）。OHLC 整体为负但列间比例自洽→疑似源历史段符号/量纲伪影，须回源确证
2026-09-23,920779,2016-12-09,-1.170,-1.170,-1.170,-1.170,,,,10,6400.00,,AKSHARE,close_negative,北交所/新三板,2010-2019,640.0,全史负价（源侧缺陷）。OHLC 整体为负但列间比例自洽→疑似源历史段符号/量纲伪影，须回源确证
2026-09-23,920779,2016-12-13,-1.170,-1.170,-1.190,-1.190,,-0.020,-1.7100,800,509600.00,,AKSHARE,close_negative,北交所/新三板,2010-2019,637.0,全史负价（源侧缺陷）。OHLC 整体为负但列间比例自洽→疑似源历史段符号/量纲伪影，须回源确证
2026-09-23,920779,2016-12-14,-1.190,-1.190,-1.190,-1.190,,,,10,6350.00,,AKSHARE,close_negative,北交所/新三板,2010-2019,635.0,全史负价（源侧缺陷）。OHLC 整体为负但列间比例自洽→疑似源历史段符号/量纲伪影，须回源确证
2026-09-23,920779,2016-12-15,-1.210,-1.210,-1.210,-1.210,,-0.020,-1.6800,10,6320.00,,AKSHARE,close_negative,北交所/新三板,2010-2019,632.0,全史负价（源侧缺陷）。OHLC 整体为负但列间比例自洽→疑似源历史段符号/量纲伪影，须回源确证
2026-09-23,920779,2016-12-16,-1.230,-1.230,-1.230,-1.230,,-0.020,-1.6500,50,31400.00,,AKSHARE,close_negative,北交所/新三板,2010-2019,628.0,全史负价（源侧缺陷）。OHLC 整体为负但列间比例自洽→疑似源历史段符号/量纲伪影，须回源确证
2026-09-23,920779,2016-12-21,-1.200,-1.200,-1.200,-1.200,,0.030,2.4400,20,12680.00,,AKSHARE,close_negative,北交所/新三板,2010-2019,634.0,全史负价（源侧缺陷）。OHLC 整体为负但列间比例自洽→疑似源历史段符号/量纲伪影，须回源确证
2026-09-23,920779,2016-12-26,-1.140,-1.140,-1.140,-1.140,,0.060,5.0000,90,58140.00,,AKSHARE,close_negative,北交所/新三板,2010-2019,646.0,全史负价（源侧缺陷）。OHLC 整体为负但列间比例自洽→疑似源历史段符号/量纲伪影，须回源确证
2026-09-23,920779,2016-12-30,-1.120,-1.080,-1.120,-1.080,,0.060,5.2600,180,117590.00,,AKSHARE,close_negative,北交所/新三板,2010-2019,653.2778,全史负价（源侧缺陷）。OHLC 整体为负但列间比例自洽→疑似源历史段符号/量纲伪影，须回源确证
2026-09-23,920779,2017-01-06,-1.020,-1.020,-1.020,-1.020,,0.060,5.5600,10,6720.00,,AKSHARE,close_negative,北交所/新三板,2010-2019,672.0,全史负价（源侧缺陷）。OHLC 整体为负但列间比例自洽→疑似源历史段符号/量纲伪影，须回源确证
2026-09-23,920779,2017-01-09,-1.180,-1.180,-1.220,-1.220,,-0.200,-19.6100,40,25390.00,,AKSHARE,close_negative,北交所/新三板,2010-2019,634.75,全史负价（源侧缺陷）。OHLC 整体为负但列间比例自洽→疑似源历史段符号/量纲伪影，须回源确证
2026-09-23,920779,2017-01-11,-1.310,-1.220,-1.310,-1.220,,,,30,18500.00,,AKSHARE,close_negative,北交所/新三板,2010-2019,616.6667,全史负价（源侧缺陷）。OHLC 整体为负但列间比例自洽→疑似源历史段符号/量纲伪影，须回源确证
2026-09-23,920779,2017-01-12,-1.160,-1.160,-1.160,-1.160,,0.060,4.9200,20,12840.00,,AKSHARE,close_negative,北交所/新三板,2010-2019,642.0,全史负价（源侧缺陷）。OHLC 整体为负但列间比例自洽→疑似源历史段符号/量纲伪影，须回源确证
2026-09-23,920779,2017-01-13,-1.160,-1.130,-1.160,-1.130,,0.030,2.5900,30,19380.00,,AKSHARE,close_negative,北交所/新三板,2010-2019,646.0,全史负价（源侧缺陷）。OHLC 整体为负但列间比例自洽→疑似源历史段符号/量纲伪影，须回源确证
2026-09-23,920779,2017-01-16,-1.220,-1.130,-1.230,-1.230,,-0.100,-8.8500,240,153790.00,,AKSHARE,close_negative,北交所/新三板,2010-2019,640.7917,全史负价（源侧缺陷）。OHLC 整体为负但列间比例自洽→疑似源历史段符号/量纲伪影，须回源确证
2026-09-23,920779,2017-01-17,-1.170,-1.170,-1.170,-1.170,,0.060,4.8800,20,12790.00,,AKSHARE,close_negative,北交所/新三板,2010-2019,639.5,全史负价（源侧缺陷）。OHLC 整体为负但列间比例自洽→疑似源历史段符号/量纲伪影，须回源确证
2026-09-23,920779,2017-01-18,-1.260,-1.220,-1.360,-1.290,,-0.120,-10.2600,140,86490.00,,AKSHARE,close_negative,北交所/新三板,2010-2019,617.7857,全史负价（源侧缺陷）。OHLC 整体为负但列间比例自洽→疑似源历史段符号/量纲伪影，须回源确证
2026-09-23,920779,2017-01-23,-1.230,-1.230,-1.310,-1.310,,-0.020,-1.5500,30,18650.00,,AKSHARE,close_negative,北交所/新三板,2010-2019,621.6667,全史负价（源侧缺陷）。OHLC 整体为负但列间比例自洽→疑似源历史段符号/量纲伪影，须回源确证
2026-09-23,920779,2017-01-24,-1.250,-1.250,-1.250,-1.250,,0.060,4.5800,20,12440.00,,AKSHARE,close_negative,北交所/新三板,2010-2019,622.0,全史负价（源侧缺陷）。OHLC 整体为负但列间比例自洽→疑似源历史段符号/量纲伪影，须回源确证
2026-09-23,920779,2017-01-26,-1.200,-1.200,-1.340,-1.200,,0.050,4.0000,300,185830.00,,AKSHARE,close_negative,北交所/新三板,2010-2019,619.4333,全史负价（源侧缺陷）。OHLC 整体为负但列间比例自洽→疑似源历史段符号/量纲伪影，须回源确证
2026-09-23,920779,2017-02-06,-1.290,-1.290,-1.290,-1.290,,-0.090,-7.5000,20,12290.00,,AKSHARE,close_negative,北交所/新三板,2010-2019,614.5,全史负价（源侧缺陷）。OHLC 整体为负但列间比例自洽→疑似源历史段符号/量纲伪影，须回源确证
2026-09-23,920779,2017-02-20,-1.230,-1.220,-1.330,-1.330,,-0.040,-3.1000,240,148220.00,,AKSHARE,close_negative,北交所/新三板,2010-2019,617.5833,全史负价（源侧缺陷）。OHLC 整体为负但列间比例自洽→疑似源历史段符号/量纲伪影，须回源确证
2026-09-23,920779,2017-02-28,-1.280,-1.280,-1.360,-1.360,,-0.030,-2.2600,130,79080.00,,AKSHARE,close_negative,北交所/新三板,2010-2019,608.3077,全史负价（源侧缺陷）。OHLC 整体为负但列间比例自洽→疑似源历史段符号/量纲伪影，须回源确证
2026-09-23,920779,2017-03-01,-1.280,-1.280,-1.360,-1.360,,,,30,18340.00,,AKSHARE,close_negative,北交所/新三板,2010-2019,611.3333,全史负价（源侧缺陷）。OHLC 整体为负但列间比例自洽→疑似源历史段符号/量纲伪影，须回源确证
2026-09-23,920779,2017-03-02,-1.310,-1.310,-1.310,-1.310,,0.050,3.6800,20,12200.00,,AKSHARE,close_negative,北交所/新三板,2010-2019,610.0,全史负价（源侧缺陷）。OHLC 整体为负但列间比例自洽→疑似源历史段符号/量纲伪影，须回源确证
2026-09-23,920779,2017-03-06,-1.250,-1.250,-1.370,-1.370,,-0.060,-4.5800,40,24420.00,,AKSHARE,close_negative,北交所/新三板,2010-2019,610.5,全史负价（源侧缺陷）。OHLC 整体为负但列间比例自洽→疑似源历史段符号/量纲伪影，须回源确证
2026-09-23,920779,2017-03-07,-1.400,-1.310,-1.400,-1.310,,0.060,4.3800,80,48000.00,,AKSHARE,close_negative,北交所/新三板,2010-2019,600.0,全史负价（源侧缺陷）。OHLC 整体为负但列间比例自洽→疑似源历史段符号/量纲伪影，须回源确证
2026-09-23,920779,2017-03-09,-1.400,-1.400,-1.400,-1.400,,-0.090,-6.8700,20,11830.00,,AKSHARE,close_negative,北交所/新三板,2010-2019,591.5,全史负价（源侧缺陷）。OHLC 整体为负但列间比例自洽→疑似源历史段符号/量纲伪影，须回源确证
2026-09-23,920779,2017-03-10,-1.250,-1.250,-1.400,-1.400,,,,50,30530.00,,AKSHARE,close_negative,北交所/新三板,2010-2019,610.6,全史负价（源侧缺陷）。OHLC 整体为负但列间比例自洽→疑似源历史段符号/量纲伪影，须回源确证
2026-09-23,920779,2017-03-13,-1.350,-1.350,-1.350,-1.350,,0.050,3.5700,20,12040.00,,AKSHARE,close_negative,北交所/新三板,2010-2019,602.0,全史负价（源侧缺陷）。OHLC 整体为负但列间比例自洽→疑似源历史段符号/量纲伪影，须回源确证
2026-09-23,920779,2017-03-14,-1.350,-1.350,-1.410,-1.410,,-0.060,-4.4400,30,17940.00,,AKSHARE,close_negative,北交所/新三板,2010-2019,598.0,全史负价（源侧缺陷）。OHLC 整体为负但列间比例自洽→疑似源历史段符号/量纲伪影，须回源确证
2026-09-23,920779,2017-03-16,-1.350,-1.340,-1.350,-1.340,,0.070,4.9600,30,18050.00,,AKSHARE,close_negative,北交所/新三板,2010-2019,601.6667,全史负价（源侧缺陷）。OHLC 整体为负但列间比例自洽→疑似源历史段符号/量纲伪影，须回源确证
2026-09-23,920779,2017-03-17,-1.350,-1.350,-1.350,-1.350,,-0.010,-0.7500,20,12020.00,,AKSHARE,close_negative,北交所/新三板,2010-2019,601.0,全史负价（源侧缺陷）。OHLC 整体为负但列间比例自洽→疑似源历史段符号/量纲伪影，须回源确证
2026-09-23,920779,2017-03-21,-1.300,-1.300,-1.300,-1.300,,0.050,3.7000,20,12260.00,,AKSHARE,close_negative,北交所/新三板,2010-2019,613.0,全史负价（源侧缺陷）。OHLC 整体为负但列间比例自洽→疑似源历史段符号/量纲伪影，须回源确证
2026-09-23,920779,2017-03-22,-1.300,-1.300,-1.390,-1.390,,-0.090,-6.9200,70,42110.00,,AKSHARE,close_negative,北交所/新三板,2010-2019,601.5714,全史负价（源侧缺陷）。OHLC 整体为负但列间比例自洽→疑似源历史段符号/量纲伪影，须回源确证
2026-09-23,920779,2017-03-23,-1.390,-1.310,-1.390,-1.310,,0.080,5.7600,30,17980.00,,AKSHARE,close_negative,北交所/新三板,2010-2019,599.3333,全史负价（源侧缺陷）。OHLC 整体为负但列间比例自洽→疑似源历史段符号/量纲伪影，须回源确证
2026-09-23,920779,2017-03-24,-1.330,-1.210,-1.360,-1.260,,0.050,3.8200,120,73560.00,,AKSHARE,close_negative,北交所/新三板,2010-2019,613.0,全史负价（源侧缺陷）。OHLC 整体为负但列间比例自洽→疑似源历史段符号/量纲伪影，须回源确证
2026-09-23,920779,2017-03-27,-1.400,-1.400,-1.570,-1.550,,-0.290,-23.0200,150,86280.00,,AKSHARE,close_negative,北交所/新三板,2010-2019,575.2,全史负价（源侧缺陷）。OHLC 整体为负但列间比例自洽→疑似源历史段符号/量纲伪影，须回源确证
2026-09-23,920779,2017-03-28,-1.530,-1.500,-1.530,-1.500,,0.050,3.2300,50,28340.00,,AKSHARE,close_negative,北交所/新三板,2010-2019,566.8,全史负价（源侧缺陷）。OHLC 整体为负但列间比例自洽→疑似源历史段符号/量纲伪影，须回源确证
2026-09-23,920779,2017-03-29,-1.500,-1.420,-1.500,-1.420,,0.080,5.3300,50,28970.00,,AKSHARE,close_negative,北交所/新三板,2010-2019,579.4,全史负价（源侧缺陷）。OHLC 整体为负但列间比例自洽→疑似源历史段符号/量纲伪影，须回源确证
2026-09-23,920779,2017-03-30,-1.450,-1.450,-1.450,-1.450,,-0.030,-2.1100,20,11620.00,,AKSHARE,close_negative,北交所/新三板,2010-2019,581.0,全史负价（源侧缺陷）。OHLC 整体为负但列间比例自洽→疑似源历史段符号/量纲伪影，须回源确证
2026-09-23,920779,2017-03-31,-1.500,-1.410,-1.550,-1.520,,-0.070,-4.8300,100,57170.00,,AKSHARE,close_negative,北交所/新三板,2010-2019,571.7,全史负价（源侧缺陷）。OHLC 整体为负但列间比例自洽→疑似源历史段符号/量纲伪影，须回源确证
2026-09-23,920779,2017-04-05,-1.400,-1.190,-1.400,-1.210,,0.310,20.3900,540,333240.00,,AKSHARE,close_negative,北交所/新三板,2010-2019,617.1111,全史负价（源侧缺陷）。OHLC 整体为负但列间比例自洽→疑似源历史段符号/量纲伪影，须回源确证
2026-09-23,920779,2017-04-06,-1.190,-1.190,-1.360,-1.210,,,,460,284520.00,,AKSHARE,close_negative,北交所/新三板,2010-2019,618.5217,全史负价（源侧缺陷）。OHLC 整体为负但列间比例自洽→疑似源历史段符号/量纲伪影，须回源确证
2026-09-23,920779,2017-04-07,-1.310,-1.220,-1.310,-1.220,,-0.010,-0.8300,30,18520.00,,AKSHARE,close_negative,北交所/新三板,2010-2019,617.3333,全史负价（源侧缺陷）。OHLC 整体为负但列间比例自洽→疑似源历史段符号/量纲伪影，须回源确证
2026-09-23,920779,2017-04-10,-1.310,-1.090,-1.310,-1.100,,0.120,9.8400,500,317620.00,,AKSHARE,close_negative,北交所/新三板,2010-2019,635.24,全史负价（源侧缺陷）。OHLC 整体为负但列间比例自洽→疑似源历史段符号/量纲伪影，须回源确证
2026-09-23,920779,2017-04-11,-1.160,-1.090,-1.230,-1.090,,0.010,0.9100,160,103020.00,,AKSHARE,close_negative,北交所/新三板,2010-2019,643.875,全史负价（源侧缺陷）。OHLC 整体为负但列间比例自洽→疑似源历史段符号/量纲伪影，须回源确证
2026-09-23,920779,2017-04-12,-1.190,-1.110,-1.210,-1.110,,-0.020,-1.8300,600,388240.00,,AKSHARE,close_negative,北交所/新三板,2010-2019,647.0667,全史负价（源侧缺陷）。OHLC 整体为负但列间比例自洽→疑似源历史段符号/量纲伪影，须回源确证
2026-09-23,920779,2017-04-14,-1.120,-1.050,-1.120,-1.050,,0.060,5.4100,2030,1325350.00,,AKSHARE,close_negative,北交所/新三板,2010-2019,652.8818,全史负价（源侧缺陷）。OHLC 整体为负但列间比例自洽→疑似源历史段符号/量纲伪影，须回源确证
2026-09-23,920779,2017-04-17,-1.100,-0.980,-1.100,-0.980,,0.070,6.6700,3210,2120830.00,,AKSHARE,close_negative,北交所/新三板,2010-2019,660.6947,全史负价（源侧缺陷）。OHLC 整体为负但列间比例自洽→疑似源历史段符号/量纲伪影，须回源确证
2026-09-23,920779,2017-04-18,-0.920,-0.880,-0.920,-0.880,,0.100,10.2000,100,69510.00,,AKSHARE,close_negative,北交所/新三板,2010-2019,695.1,全史负价（源侧缺陷）。OHLC 整体为负但列间比例自洽→疑似源历史段符号/量纲伪影，须回源确证
2026-09-23,920779,2017-04-19,-0.920,-0.920,-0.930,-0.920,,-0.040,-4.5500,40,27690.00,,AKSHARE,close_negative,北交所/新三板,2010-2019,692.25,全史负价（源侧缺陷）。OHLC 整体为负但列间比例自洽→疑似源历史段符号/量纲伪影，须回源确证
2026-09-23,920779,2017-04-20,-0.980,-0.910,-0.980,-0.910,,0.010,1.0900,40,27460.00,,AKSHARE,close_negative,北交所/新三板,2010-2019,686.5,全史负价（源侧缺陷）。OHLC 整体为负但列间比例自洽→疑似源历史段符号/量纲伪影，须回源确证
2026-09-23,920779,2017-04-21,-0.920,-0.880,-0.920,-0.890,,0.020,2.2000,60,41910.00,,AKSHARE,close_negative,北交所/新三板,2010-2019,698.5,全史负价（源侧缺陷）。OHLC 整体为负但列间比例自洽→疑似源历史段符号/量纲伪影，须回源确证
2026-09-23,920779,2017-04-24,-0.830,-0.780,-1.000,-0.780,,0.110,12.3600,2190,1485350.00,,AKSHARE,close_negative,北交所/新三板,2010-2019,678.242,全史负价（源侧缺陷）。OHLC 整体为负但列间比例自洽→疑似源历史段符号/量纲伪影，须回源确证
2026-09-23,920779,2017-04-25,-0.880,-0.880,-0.920,-0.920,,-0.140,-17.9500,30,20910.00,,AKSHARE,close_negative,北交所/新三板,2010-2019,697.0,全史负价（源侧缺陷）。OHLC 整体为负但列间比例自洽→疑似源历史段符号/量纲伪影，须回源确证
2026-09-23,920779,2017-04-26,-0.890,-0.890,-1.000,-0.980,,-0.060,-6.5200,1750,1187090.00,,AKSHARE,close_negative,北交所/新三板,2010-2019,678.3371,全史负价（源侧缺陷）。OHLC 整体为负但列间比例自洽→疑似源历史段符号/量纲伪影，须回源确证
2026-09-23,920779,2017-04-27,-0.920,-0.810,-0.990,-0.940,,0.040,4.0800,2360,1609580.00,,AKSHARE,close_negative,北交所/新三板,2010-2019,682.0254,全史负价（源侧缺陷）。OHLC 整体为负但列间比例自洽→疑似源历史段符号/量纲伪影，须回源确证
2026-09-23,920779,2017-04-28,-0.920,-0.810,-0.920,-0.830,,0.110,11.7000,50,35230.00,,AKSHARE,close_negative,北交所/新三板,2010-2019,704.6,全史负价（源侧缺陷）。OHLC 整体为负但列间比例自洽→疑似源历史段符号/量纲伪影，须回源确证
2026-09-23,920779,2017-05-02,-0.880,-0.820,-0.880,-0.820,,0.010,1.2000,40,28280.00,,AKSHARE,close_negative,北交所/新三板,2010-2019,707.0,全史负价（源侧缺陷）。OHLC 整体为负但列间比例自洽→疑似源历史段符号/量纲伪影，须回源确证
2026-09-23,920779,2017-05-04,-0.920,-0.810,-0.920,-0.810,,0.010,1.2200,70,48730.00,,AKSHARE,close_negative,北交所/新三板,2010-2019,696.1429,全史负价（源侧缺陷）。OHLC 整体为负但列间比例自洽→疑似源历史段符号/量纲伪影，须回源确证
2026-09-23,920779,2017-05-05,-0.740,-0.710,-0.830,-0.710,,0.100,12.3500,60,43600.00,,AKSHARE,close_negative,北交所/新三板,2010-2019,726.6667,全史负价（源侧缺陷）。OHLC 整体为负但列间比例自洽→疑似源历史段符号/量纲伪影，须回源确证
2026-09-23,920779,2017-05-08,-0.740,-0.740,-0.740,-0.740,,-0.030,-4.2300,20,14590.00,,AKSHARE,close_negative,北交所/新三板,2010-2019,729.5,全史负价（源侧缺陷）。OHLC 整体为负但列间比例自洽→疑似源历史段符号/量纲伪影，须回源确证
2026-09-23,920779,2017-05-10,-0.670,-0.670,-0.780,-0.740,,,,40,29390.00,,AKSHARE,close_negative,北交所/新三板,2010-2019,734.75,全史负价（源侧缺陷）。OHLC 整体为负但列间比例自洽→疑似源历史段符号/量纲伪影，须回源确证
2026-09-23,920779,2017-05-15,-0.660,-0.550,-0.660,-0.640,,0.100,13.5100,70,52820.00,,AKSHARE,close_negative,北交所/新三板,2010-2019,754.5714,全史负价（源侧缺陷）。OHLC 整体为负但列间比例自洽→疑似源历史段符号/量纲伪影，须回源确证
2026-09-23,920779,2017-05-16,-0.570,-0.570,-0.570,-0.570,,0.070,10.9400,10,7650.00,,AKSHARE,close_negative,北交所/新三板,2010-2019,765.0,全史负价（源侧缺陷）。OHLC 整体为负但列间比例自洽→疑似源历史段符号/量纲伪影，须回源确证
2026-09-23,920779,2017-05-17,-0.570,-0.570,-0.580,-0.580,,-0.010,-1.7500,30,22930.00,,AKSHARE,close_negative,北交所/新三板,2010-2019,764.3333,全史负价（源侧缺陷）。OHLC 整体为负但列间比例自洽→疑似源历史段符号/量纲伪影，须回源确证
2026-09-23,920779,2017-05-18,-0.500,-0.350,-0.500,-0.410,,0.170,29.3100,100,79500.00,,AKSHARE,close_negative,北交所/新三板,2010-2019,795.0,全史负价（源侧缺陷）。OHLC 整体为负但列间比例自洽→疑似源历史段符号/量纲伪影，须回源确证
2026-09-23,920779,2017-05-19,-0.510,-0.350,-0.530,-0.410,,,,60,43970.00,,AKSHARE,close_negative,北交所/新三板,2010-2019,732.8333,全史负价（源侧缺陷）。OHLC 整体为负但列间比例自洽→疑似源历史段符号/量纲伪影，须回源确证
2026-09-23,920779,2017-05-22,-0.340,-0.200,-0.340,-0.320,,0.090,21.9500,120,92310.00,,AKSHARE,close_negative,北交所/新三板,2010-2019,769.25,全史负价（源侧缺陷）。OHLC 整体为负但列间比例自洽→疑似源历史段符号/量纲伪影，须回源确证
2026-09-23,920779,2017-05-23,-0.330,-0.320,-0.370,-0.370,,-0.050,-15.6300,100,75660.00,,AKSHARE,close_negative,北交所/新三板,2010-2019,756.6,全史负价（源侧缺陷）。OHLC 整体为负但列间比例自洽→疑似源历史段符号/量纲伪影，须回源确证
2026-09-23,920779,2017-05-24,-0.390,-0.370,-0.390,-0.370,,,,30,22470.00,,AKSHARE,close_negative,北交所/新三板,2010-2019,749.0,全史负价（源侧缺陷）。OHLC 整体为负但列间比例自洽→疑似源历史段符号/量纲伪影，须回源确证
2026-09-23,920779,2017-05-25,-0.420,-0.330,-0.480,-0.330,,0.040,10.8100,340,255930.00,,AKSHARE,close_negative,北交所/新三板,2010-2019,752.7353,全史负价（源侧缺陷）。OHLC 整体为负但列间比例自洽→疑似源历史段符号/量纲伪影，须回源确证
2026-09-23,920779,2017-05-26,-0.330,-0.160,-0.330,-0.190,,0.140,42.4200,240,186300.00,,AKSHARE,close_negative,北交所/新三板,2010-2019,776.25,全史负价（源侧缺陷）。OHLC 整体为负但列间比例自洽→疑似源历史段符号/量纲伪影，须回源确证
2026-09-23,920779,2017-06-01,-0.280,-0.190,-0.280,-0.190,,,,30,23300.00,,AKSHARE,close_negative,北交所/新三板,2010-2019,776.6667,全史负价（源侧缺陷）。OHLC 整体为负但列间比例自洽→疑似源历史段符号/量纲伪影，须回源确证
2026-09-23,920779,2017-06-02,-0.120,-0.040,-0.190,-0.040,,0.150,78.9500,120,96500.00,,AKSHARE,close_negative,北交所/新三板,2010-2019,804.1667,全史负价（源侧缺陷）。OHLC 整体为负但列间比例自洽→疑似源历史段符号/量纲伪影，须回源确证
2026-09-23,920779,2017-06-08,-0.230,-0.070,-0.240,-0.070,,-0.030,-75.0000,70,56040.00,,AKSHARE,close_negative,北交所/新三板,2010-2019,800.5714,全史负价（源侧缺陷）。OHLC 整体为负但列间比例自洽→疑似源历史段符号/量纲伪影，须回源确证
2026-09-23,920779,2017-06-13,-0.050,-0.040,-0.050,-0.040,,0.030,42.8600,30,24560.00,,AKSHARE,close_negative,北交所/新三板,2010-2019,818.6667,全史负价（源侧缺陷）。OHLC 整体为负但列间比例自洽→疑似源历史段符号/量纲伪影，须回源确证
2026-09-23,920779,2017-06-14,,,,,,0.040,100.0000,30,24900.00,,AKSHARE,close_null,北交所/新三板,2010-2019,830.0,close 为空
2026-09-23,920779,2017-06-21,-0.080,,-0.080,,,-0.050,-100.0000,130,107390.00,,AKSHARE,close_null,北交所/新三板,2010-2019,826.0769,close 为空
2026-09-23,920779,2017-06-30,-0.120,,-0.120,-0.110,,-0.190,-237.5000,130,106380.00,,AKSHARE,close_negative,北交所/新三板,2010-2019,818.3077,全史负价（源侧缺陷）。OHLC 整体为负但列间比例自洽→疑似源历史段符号/量纲伪影，须回源确证
2026-09-23,920779,2017-07-05,-0.230,-0.120,-0.230,-0.120,,-0.010,-9.0900,330,264000.00,,AKSHARE,close_negative,北交所/新三板,2010-2019,800.0,全史负价（源侧缺陷）。OHLC 整体为负但列间比例自洽→疑似源历史段符号/量纲伪影，须回源确证
2026-09-23,920779,2017-07-07,-0.090,-0.090,-0.090,-0.090,,0.030,25.0000,30,24330.00,,AKSHARE,close_negative,北交所/新三板,2010-2019,811.0,全史负价（源侧缺陷）。OHLC 整体为负但列间比例自洽→疑似源历史段符号/量纲伪影，须回源确证
2026-09-23,920779,2017-07-10,-0.020,-0.020,-0.020,-0.020,,0.070,77.7800,30,24750.00,,AKSHARE,close_negative,北交所/新三板,2010-2019,825.0,全史负价（源侧缺陷）。OHLC 整体为负但列间比例自洽→疑似源历史段符号/量纲伪影，须回源确证
2026-09-23,920779,2017-07-19,-0.160,-0.010,-0.160,-0.010,,-0.050,-125.0000,20,16220.00,,AKSHARE,close_negative,北交所/新三板,2010-2019,811.0,全史负价（源侧缺陷）。OHLC 整体为负但列间比例自洽→疑似源历史段符号/量纲伪影，须回源确证
2026-09-23,920809,2015-05-08,-0.470,-0.470,-0.470,-0.470,,-13.370,-103.6400,100,100.00,,AKSHARE,close_negative,北交所/新三板,2010-2019,1.0,全史负价（源侧缺陷）。OHLC 整体为负但列间比例自洽→疑似源历史段符号/量纲伪影，须回源确证
2026-09-23,920809,2015-05-21,-0.470,-0.470,-0.470,-0.470,,,,2990,2990.00,,AKSHARE,close_negative,北交所/新三板,2010-2019,1.0,全史负价（源侧缺陷）。OHLC 整体为负但列间比例自洽→疑似源历史段符号/量纲伪影，须回源确证
2026-09-23,920809,2015-07-22,-0.020,-0.020,-0.020,-0.020,,0.450,95.7400,34000,3400000.00,,AKSHARE,close_negative,北交所/新三板,2010-2019,100.0,全史负价（源侧缺陷）。OHLC 整体为负但列间比例自洽→疑似源历史段符号/量纲伪影，须回源确证
2026-09-23,920809,2015-07-23,-0.020,-0.020,-0.020,-0.020,,,,137090,13709000.00,,AKSHARE,close_negative,北交所/新三板,2010-2019,100.0,全史负价（源侧缺陷）。OHLC 整体为负但列间比例自洽→疑似源历史段符号/量纲伪影，须回源确证
2026-09-23,920809,2015-07-27,-0.020,-0.020,-0.020,-0.020,,,,50250,5025000.00,,AKSHARE,close_negative,北交所/新三板,2010-2019,100.0,全史负价（源侧缺陷）。OHLC 整体为负但列间比例自洽→疑似源历史段符号/量纲伪影，须回源确证
2026-09-23,920809,2015-07-28,-0.020,-0.020,-0.020,-0.020,,,,1550,155000.00,,AKSHARE,close_negative,北交所/新三板,2010-2019,100.0,全史负价（源侧缺陷）。OHLC 整体为负但列间比例自洽→疑似源历史段符号/量纲伪影，须回源确证
2026-09-23,920809,2015-08-12,-0.020,2.250,-0.020,,,-2.030,-100.0000,2000,205000.00,,AKSHARE,close_null,北交所/新三板,2010-2019,102.5,close 为空
2026-09-23,920809,2015-08-18,-0.020,2.480,-0.020,,,,,1510,156500.00,,AKSHARE,close_null,北交所/新三板,2010-2019,103.6424,close 为空
2026-09-23,920809,2015-08-24,-0.020,-0.020,-0.020,-0.020,,-1.000,-102.0400,500,50000.00,,AKSHARE,close_negative,北交所/新三板,2010-2019,100.0,全史负价（源侧缺陷）。OHLC 整体为负但列间比例自洽→疑似源历史段符号/量纲伪影，须回源确证
2026-09-23,920809,2015-09-08,-0.020,-0.020,-0.020,-0.020,,-0.040,-200.0000,17000,1700000.00,,AKSHARE,close_negative,北交所/新三板,2010-2019,100.0,全史负价（源侧缺陷）。OHLC 整体为负但列间比例自洽→疑似源历史段符号/量纲伪影，须回源确证
2026-09-23,920809,2015-09-09,-0.020,-0.020,-0.020,-0.020,,,,6500,650000.00,,AKSHARE,close_negative,北交所/新三板,2010-2019,100.0,全史负价（源侧缺陷）。OHLC 整体为负但列间比例自洽→疑似源历史段符号/量纲伪影，须回源确证
2026-09-23,920809,2015-09-15,-0.020,-0.020,-0.020,-0.020,,-2.180,-100.9300,5500,550000.00,,AKSHARE,close_negative,北交所/新三板,2010-2019,100.0,全史负价（源侧缺陷）。OHLC 整体为负但列间比例自洽→疑似源历史段符号/量纲伪影，须回源确证
2026-09-23,920809,2015-09-23,-0.020,-0.020,-0.020,-0.020,,,,15500,1550000.00,,AKSHARE,close_negative,北交所/新三板,2010-2019,100.0,全史负价（源侧缺陷）。OHLC 整体为负但列间比例自洽→疑似源历史段符号/量纲伪影，须回源确证
2026-09-23,920819,2018-01-30,0.000,0.000,0.000,0.000,5.590,-5.590,-100.0000,12974000,75249200.00,1.00000000,SINA,close_zero,北交所/新三板,2010-2019,5.8,close=0（源侧缺陷；O/H/L 亦为 0 而 volume/amount>0 → 疑似解析丢弃价格字段）。pre_close 已被修正为上一交易日 close，故 change_pct 显示 -100%（物理不可能）
2026-09-23,920819,2018-09-25,0.000,0.000,0.000,0.000,5.240,-5.240,-100.0000,11000000,62700000.00,1.00000000,SINA,close_zero,北交所/新三板,2010-2019,5.7,close=0（源侧缺陷；O/H/L 亦为 0 而 volume/amount>0 → 疑似解析丢弃价格字段）。pre_close 已被修正为上一交易日 close，故 change_pct 显示 -100%（物理不可能）
2026-09-23,920819,2018-09-28,0.000,0.000,0.000,0.000,5.240,-5.240,-100.0000,10000000,57000000.00,1.00000000,SINA,close_zero,北交所/新三板,2010-2019,5.7,close=0（源侧缺陷；O/H/L 亦为 0 而 volume/amount>0 → 疑似解析丢弃价格字段）。pre_close 已被修正为上一交易日 close，故 change_pct 显示 -100%（物理不可能）
2026-09-23,920819,2018-10-16,0.000,0.000,0.000,0.000,5.240,-5.240,-100.0000,7826000,44608200.00,1.00000000,SINA,close_zero,北交所/新三板,2010-2019,5.7,close=0（源侧缺陷；O/H/L 亦为 0 而 volume/amount>0 → 疑似解析丢弃价格字段）。pre_close 已被修正为上一交易日 close，故 change_pct 显示 -100%（物理不可能）
2026-09-23,920819,2018-10-24,0.000,0.000,0.000,0.000,5.250,-5.250,-100.0000,5670000,32319000.00,1.00000000,SINA,close_zero,北交所/新三板,2010-2019,5.7,close=0（源侧缺陷；O/H/L 亦为 0 而 volume/amount>0 → 疑似解析丢弃价格字段）。pre_close 已被修正为上一交易日 close，故 change_pct 显示 -100%（物理不可能）
2026-09-23,920826,2020-01-22,0.000,0.000,0.000,0.000,4.500,-4.500,-100.0000,156000,499200.00,1.00000000,SINA,close_zero,北交所/新三板,2020+,3.2,close=0（源侧缺陷；O/H/L 亦为 0 而 volume/amount>0 → 疑似解析丢弃价格字段）。pre_close 已被修正为上一交易日 close，故 change_pct 显示 -100%（物理不可能）
2026-09-23,920826,2020-02-04,0.000,0.000,0.000,0.000,4.500,-4.500,-100.0000,281000,899200.00,1.00000000,SINA,close_zero,北交所/新三板,2020+,3.2,close=0（源侧缺陷；O/H/L 亦为 0 而 volume/amount>0 → 疑似解析丢弃价格字段）。pre_close 已被修正为上一交易日 close，故 change_pct 显示 -100%（物理不可能）
2026-09-23,920832,2018-01-29,0.000,0.000,0.000,0.000,3.450,-3.450,-100.0000,600000,2100000.00,1.00000000,SINA,close_zero,北交所/新三板,2010-2019,3.5,close=0（源侧缺陷；O/H/L 亦为 0 而 volume/amount>0 → 疑似解析丢弃价格字段）。pre_close 已被修正为上一交易日 close，故 change_pct 显示 -100%（物理不可能）
2026-09-23,920832,2018-01-31,0.000,0.000,0.000,0.000,3.460,-3.460,-100.0000,100000,350000.00,1.00000000,SINA,close_zero,北交所/新三板,2010-2019,3.5,close=0（源侧缺陷；O/H/L 亦为 0 而 volume/amount>0 → 疑似解析丢弃价格字段）。pre_close 已被修正为上一交易日 close，故 change_pct 显示 -100%（物理不可能）
2026-09-23,920832,2019-06-17,0.000,0.000,0.000,0.000,5.340,-5.340,-100.0000,500000,3200000.00,1.00000000,SINA,close_zero,北交所/新三板,2010-2019,6.4,close=0（源侧缺陷；O/H/L 亦为 0 而 volume/amount>0 → 疑似解析丢弃价格字段）。pre_close 已被修正为上一交易日 close，故 change_pct 显示 -100%（物理不可能）
2026-09-23,920832,2019-07-03,0.000,0.000,0.000,0.000,5.990,-5.990,-100.0000,603200,4946240.00,1.00000000,SINA,close_zero,北交所/新三板,2010-2019,8.2,close=0（源侧缺陷；O/H/L 亦为 0 而 volume/amount>0 → 疑似解析丢弃价格字段）。pre_close 已被修正为上一交易日 close，故 change_pct 显示 -100%（物理不可能）
2026-09-23,920832,2019-07-08,0.000,0.000,0.000,0.000,5.880,-5.880,-100.0000,625000,4000000.00,1.00000000,SINA,close_zero,北交所/新三板,2010-2019,6.4,close=0（源侧缺陷；O/H/L 亦为 0 而 volume/amount>0 → 疑似解析丢弃价格字段）。pre_close 已被修正为上一交易日 close，故 change_pct 显示 -100%（物理不可能）
2026-09-23,920834,2016-05-27,-1.400,-1.400,-1.400,-1.400,,-5.400,-135.0000,190000,19760000.00,,AKSHARE,close_negative,北交所/新三板,2010-2019,104.0,全史负价（源侧缺陷）。OHLC 整体为负但列间比例自洽→疑似源历史段符号/量纲伪影，须回源确证
2026-09-23,920834,2020-04-20,-1.040,-1.040,-1.040,-1.040,,0.360,25.7100,1,106.00,,AKSHARE,close_negative,北交所/新三板,2020+,106.0,全史负价（源侧缺陷）。OHLC 整体为负但列间比例自洽→疑似源历史段符号/量纲伪影，须回源确证
2026-09-23,920834,2020-04-21,-0.700,-0.700,-0.700,-0.700,,0.340,32.6900,1,155.00,,AKSHARE,close_negative,北交所/新三板,2020+,155.0,全史负价（源侧缺陷）。OHLC 整体为负但列间比例自洽→疑似源历史段符号/量纲伪影，须回源确证
2026-09-23,920834,2020-05-28,-0.220,-0.220,-0.220,-0.220,,-0.730,-143.1400,1,224.00,,AKSHARE,close_negative,北交所/新三板,2020+,224.0,全史负价（源侧缺陷）。OHLC 整体为负但列间比例自洽→疑似源历史段符号/量纲伪影，须回源确证
2026-09-23,920834,2020-06-02,-0.840,-0.840,-0.840,-0.840,,-0.620,-281.8200,1,135.00,,AKSHARE,close_negative,北交所/新三板,2020+,135.0,全史负价（源侧缺陷）。OHLC 整体为负但列间比例自洽→疑似源历史段符号/量纲伪影，须回源确证
2026-09-23,920834,2020-07-06,-0.830,-0.830,-0.830,-0.830,,0.010,1.1900,1,119.00,,AKSHARE,close_negative,北交所/新三板,2020+,119.0,全史负价（源侧缺陷）。OHLC 整体为负但列间比例自洽→疑似源历史段符号/量纲伪影，须回源确证
2026-09-23,920834,2020-07-27,-0.740,-0.740,-0.740,-0.740,,0.090,10.8400,1,131.00,,AKSHARE,close_negative,北交所/新三板,2020+,131.0,全史负价（源侧缺陷）。OHLC 整体为负但列间比例自洽→疑似源历史段符号/量纲伪影，须回源确证
2026-09-23,920834,2020-07-29,-0.600,-0.590,-0.600,-0.600,,0.140,18.9200,4,609.00,,AKSHARE,close_negative,北交所/新三板,2020+,152.25,全史负价（源侧缺陷）。OHLC 整体为负但列间比例自洽→疑似源历史段符号/量纲伪影，须回源确证
2026-09-23,920834,2020-07-31,-0.260,-0.260,-0.260,-0.260,,0.340,56.6700,3,600.00,,AKSHARE,close_negative,北交所/新三板,2020+,200.0,全史负价（源侧缺陷）。OHLC 整体为负但列间比例自洽→疑似源历史段符号/量纲伪影，须回源确证
2026-09-23,920834,2020-08-03,-0.160,-0.160,-0.160,-0.160,,0.100,38.4600,1,215.00,,AKSHARE,close_negative,北交所/新三板,2020+,215.0,全史负价（源侧缺陷）。OHLC 整体为负但列间比例自洽→疑似源历史段符号/量纲伪影，须回源确证
2026-09-23,920834,2020-08-14,-0.260,-0.260,-0.260,-0.260,,-0.610,-174.2900,1,200.00,,AKSHARE,close_negative,北交所/新三板,2020+,200.0,全史负价（源侧缺陷）。OHLC 整体为负但列间比例自洽→疑似源历史段符号/量纲伪影，须回源确证
2026-09-23,920839,2016-07-15,-1.010,-1.010,-1.060,-1.060,,-0.090,-9.2800,460,60080.00,,AKSHARE,close_negative,北交所/新三板,2010-2019,130.6087,全史负价（源侧缺陷）。OHLC 整体为负但列间比例自洽→疑似源历史段符号/量纲伪影，须回源确证
2026-09-23,920839,2017-04-20,-0.620,-0.620,-0.620,-0.620,,0.020,3.1300,20,3900.00,,AKSHARE,close_negative,北交所/新三板,2010-2019,195.0,全史负价（源侧缺陷）。OHLC 整体为负但列间比例自洽→疑似源历史段符号/量纲伪影，须回源确证
2026-09-23,920839,2018-01-17,0.000,0.000,0.000,0.000,1.460,-1.460,-100.0000,2000000,1460000.00,1.00000000,SINA,close_zero,北交所/新三板,2010-2019,0.73,close=0（源侧缺陷；O/H/L 亦为 0 而 volume/amount>0 → 疑似解析丢弃价格字段）。pre_close 已被修正为上一交易日 close，故 change_pct 显示 -100%（物理不可能）
2026-09-23,920839,2018-02-06,0.000,0.000,0.000,0.000,,,,500000,365000.00,1.00000000,SINA,close_zero,北交所/新三板,2010-2019,0.73,close=0（源侧缺陷；O/H/L 亦为 0 而 volume/amount>0 → 疑似解析丢弃价格字段）。pre_close 已被修正为上一交易日 close，故 change_pct 显示 -100%（物理不可能）
2026-09-23,920839,2018-10-25,0.000,0.000,0.000,0.000,2.180,-2.180,-100.0000,1760000,3872000.00,1.00000000,SINA,close_zero,北交所/新三板,2010-2019,2.2,close=0（源侧缺陷；O/H/L 亦为 0 而 volume/amount>0 → 疑似解析丢弃价格字段）。pre_close 已被修正为上一交易日 close，故 change_pct 显示 -100%（物理不可能）
2026-09-23,920839,2019-01-02,0.000,0.000,0.000,0.000,2.890,-2.890,-100.0000,2000000,5260000.00,1.00000000,SINA,close_zero,北交所/新三板,2010-2019,2.63,close=0（源侧缺陷；O/H/L 亦为 0 而 volume/amount>0 → 疑似解析丢弃价格字段）。pre_close 已被修正为上一交易日 close，故 change_pct 显示 -100%（物理不可能）
2026-09-23,920839,2019-06-03,0.000,0.000,0.000,0.000,4.010,-4.010,-100.0000,132000,290400.00,1.00000000,SINA,close_zero,北交所/新三板,2010-2019,2.2,close=0（源侧缺陷；O/H/L 亦为 0 而 volume/amount>0 → 疑似解析丢弃价格字段）。pre_close 已被修正为上一交易日 close，故 change_pct 显示 -100%（物理不可能）
2026-09-23,920839,2020-01-09,0.000,0.000,0.000,0.000,1.610,-1.610,-100.0000,1200000,1356000.00,1.00000000,SINA,close_zero,北交所/新三板,2020+,1.13,close=0（源侧缺陷；O/H/L 亦为 0 而 volume/amount>0 → 疑似解析丢弃价格字段）。pre_close 已被修正为上一交易日 close，故 change_pct 显示 -100%（物理不可能）
2026-09-23,920839,2020-02-06,-0.180,-0.180,-0.180,-0.180,,-0.760,-131.0300,10,2300.00,,AKSHARE,close_negative,北交所/新三板,2020+,230.0,全史负价（源侧缺陷）。OHLC 整体为负但列间比例自洽→疑似源历史段符号/量纲伪影，须回源确证
2026-09-23,920839,2020-06-10,0.000,0.000,0.000,0.000,10.250,-10.250,-100.0000,180000,1350000.00,1.00000000,SINA,close_zero,北交所/新三板,2020+,7.5,close=0（源侧缺陷；O/H/L 亦为 0 而 volume/amount>0 → 疑似解析丢弃价格字段）。pre_close 已被修正为上一交易日 close，故 change_pct 显示 -100%（物理不可能）
2026-09-23,920839,2020-06-17,0.000,0.000,0.000,0.000,10.000,-10.000,-100.0000,120000,1260000.00,1.00000000,SINA,close_zero,北交所/新三板,2020+,10.5,close=0（源侧缺陷；O/H/L 亦为 0 而 volume/amount>0 → 疑似解析丢弃价格字段）。pre_close 已被修正为上一交易日 close，故 change_pct 显示 -100%（物理不可能）
2026-09-23,920870,2019-12-23,-0.520,-0.520,-0.520,-0.520,,-0.550,-1833.3300,20,3620.00,,AKSHARE,close_negative,北交所/新三板,2010-2019,181.0,全史负价（源侧缺陷）。OHLC 整体为负但列间比例自洽→疑似源历史段符号/量纲伪影，须回源确证
2026-09-23,920876,2019-07-04,-0.010,,-0.100,-0.090,,-0.100,-1000.0000,2990,146000.00,,AKSHARE,close_negative,北交所/新三板,2010-2019,48.8294,全史负价（源侧缺陷）。OHLC 整体为负但列间比例自洽→疑似源历史段符号/量纲伪影，须回源确证
2026-09-23,920876,2019-07-05,-0.080,-0.030,-0.100,-0.080,,0.010,11.1100,13656,630860.00,,AKSHARE,close_negative,北交所/新三板,2010-2019,46.1965,全史负价（源侧缺陷）。OHLC 整体为负但列间比例自洽→疑似源历史段符号/量纲伪影，须回源确证
2026-09-23,920876,2019-07-08,-0.100,-0.050,-0.100,-0.070,,0.010,12.5000,11860,592350.00,,AKSHARE,close_negative,北交所/新三板,2010-2019,49.9452,全史负价（源侧缺陷）。OHLC 整体为负但列间比例自洽→疑似源历史段符号/量纲伪影，须回源确证
2026-09-23,920876,2019-07-09,-0.060,-0.020,-0.060,-0.050,,0.020,28.5700,460,23220.00,,AKSHARE,close_negative,北交所/新三板,2010-2019,50.4783,全史负价（源侧缺陷）。OHLC 整体为负但列间比例自洽→疑似源历史段符号/量纲伪影，须回源确证
2026-09-23,920876,2019-07-10,-0.050,-0.050,-0.090,-0.060,,-0.010,-20.0000,440,21390.00,,AKSHARE,close_negative,北交所/新三板,2010-2019,48.6136,全史负价（源侧缺陷）。OHLC 整体为负但列间比例自洽→疑似源历史段符号/量纲伪影，须回源确证
2026-09-23,920876,2019-07-11,-0.050,-0.050,-0.050,-0.050,,0.010,16.6700,100,5000.00,,AKSHARE,close_negative,北交所/新三板,2010-2019,50.0,全史负价（源侧缺陷）。OHLC 整体为负但列间比例自洽→疑似源历史段符号/量纲伪影，须回源确证
2026-09-23,920876,2019-07-12,-0.050,-0.020,-0.050,-0.020,,0.030,60.0000,260,13300.00,,AKSHARE,close_negative,北交所/新三板,2010-2019,51.1538,全史负价（源侧缺陷）。OHLC 整体为负但列间比例自洽→疑似源历史段符号/量纲伪影，须回源确证
2026-09-23,920876,2019-07-16,-0.020,,-0.030,-0.010,,0.010,50.0000,360,19230.00,,AKSHARE,close_negative,北交所/新三板,2010-2019,53.4167,全史负价（源侧缺陷）。OHLC 整体为负但列间比例自洽→疑似源历史段符号/量纲伪影，须回源确证
2026-09-23,920876,2019-07-17,,,-0.010,-0.010,,,,110,6040.00,,AKSHARE,close_negative,北交所/新三板,2010-2019,54.9091,全史负价（源侧缺陷）。OHLC 整体为负但列间比例自洽→疑似源历史段符号/量纲伪影，须回源确证
2026-09-23,920876,2019-07-18,-0.010,0.030,-0.010,,,,,760,42440.00,,AKSHARE,close_null,北交所/新三板,2010-2019,55.8421,close 为空
2026-09-23,920876,2019-07-19,,,,,,,,100,5500.00,,AKSHARE,close_null,北交所/新三板,2010-2019,55.0,close 为空
2026-09-23,920879,2018-06-01,0.060,0.060,-0.140,-0.050,,-0.210,-131.2500,9340,1488250.00,,AKSHARE,close_negative,北交所/新三板,2010-2019,159.3415,全史负价（源侧缺陷）。OHLC 整体为负但列间比例自洽→疑似源历史段符号/量纲伪影，须回源确证
2026-09-23,920879,2018-06-04,-0.070,-0.070,-0.130,-0.100,,-0.050,-100.0000,5970,949460.00,,AKSHARE,close_negative,北交所/新三板,2010-2019,159.0385,全史负价（源侧缺陷）。OHLC 整体为负但列间比例自洽→疑似源历史段符号/量纲伪影，须回源确证
2026-09-23,920879,2018-06-05,-0.080,-0.070,-0.100,-0.080,,0.020,20.0000,1220,194670.00,,AKSHARE,close_negative,北交所/新三板,2010-2019,159.5656,全史负价（源侧缺陷）。OHLC 整体为负但列间比例自洽→疑似源历史段符号/量纲伪影，须回源确证
2026-09-23,920879,2018-06-06,-0.080,-0.030,-0.100,-0.030,,0.050,62.5000,3440,546230.00,,AKSHARE,close_negative,北交所/新三板,2010-2019,158.7878,全史负价（源侧缺陷）。OHLC 整体为负但列间比例自洽→疑似源历史段符号/量纲伪影，须回源确证
2026-09-23,920879,2018-06-07,-0.070,-0.070,-0.070,-0.070,,-0.040,-133.3300,30,4830.00,,AKSHARE,close_negative,北交所/新三板,2010-2019,161.0,全史负价（源侧缺陷）。OHLC 整体为负但列间比例自洽→疑似源历史段符号/量纲伪影，须回源确证
2026-09-23,920879,2018-06-08,-0.070,-0.040,-0.080,-0.040,,0.030,42.8600,70,11260.00,,AKSHARE,close_negative,北交所/新三板,2010-2019,160.8571,全史负价（源侧缺陷）。OHLC 整体为负但列间比例自洽→疑似源历史段符号/量纲伪影，须回源确证
2026-09-23,920879,2018-06-11,-0.080,-0.060,-0.080,-0.080,,-0.040,-100.0000,100,15990.00,,AKSHARE,close_negative,北交所/新三板,2010-2019,159.9,全史负价（源侧缺陷）。OHLC 整体为负但列间比例自洽→疑似源历史段符号/量纲伪影，须回源确证
2026-09-23,920879,2018-06-12,-0.080,-0.080,-0.080,-0.080,,,,20,3200.00,,AKSHARE,close_negative,北交所/新三板,2010-2019,160.0,全史负价（源侧缺陷）。OHLC 整体为负但列间比例自洽→疑似源历史段符号/量纲伪影，须回源确证
2026-09-23,920879,2018-06-13,-0.080,-0.060,-0.080,-0.060,,0.020,25.0000,170,27300.00,,AKSHARE,close_negative,北交所/新三板,2010-2019,160.5882,全史负价（源侧缺陷）。OHLC 整体为负但列间比例自洽→疑似源历史段符号/量纲伪影，须回源确证
2026-09-23,920879,2018-06-14,-0.050,-0.020,-0.060,-0.030,,0.030,50.0000,500,82040.00,,AKSHARE,close_negative,北交所/新三板,2010-2019,164.08,全史负价（源侧缺陷）。OHLC 整体为负但列间比例自洽→疑似源历史段符号/量纲伪影，须回源确证
2026-09-23,920879,2018-06-15,-0.040,-0.030,-0.050,-0.030,,,,30,4920.00,,AKSHARE,close_negative,北交所/新三板,2010-2019,164.0,全史负价（源侧缺陷）。OHLC 整体为负但列间比例自洽→疑似源历史段符号/量纲伪影，须回源确证
2026-09-23,920879,2018-06-19,-0.050,-0.040,-0.070,-0.040,,-0.010,-33.3300,160,26040.00,,AKSHARE,close_negative,北交所/新三板,2010-2019,162.75,全史负价（源侧缺陷）。OHLC 整体为负但列间比例自洽→疑似源历史段符号/量纲伪影，须回源确证
2026-09-23,920879,2018-06-20,-0.030,-0.030,-0.050,-0.040,,,,120,19720.00,,AKSHARE,close_negative,北交所/新三板,2010-2019,164.3333,全史负价（源侧缺陷）。OHLC 整体为负但列间比例自洽→疑似源历史段符号/量纲伪影，须回源确证
2026-09-23,920879,2018-06-26,-0.070,-0.060,-0.070,-0.060,,-0.020,-50.0000,40,6450.00,,AKSHARE,close_negative,北交所/新三板,2010-2019,161.25,全史负价（源侧缺陷）。OHLC 整体为负但列间比例自洽→疑似源历史段符号/量纲伪影，须回源确证
2026-09-23,920879,2018-06-27,-0.050,-0.030,-0.060,-0.030,,0.030,50.0000,120,19790.00,,AKSHARE,close_negative,北交所/新三板,2010-2019,164.9167,全史负价（源侧缺陷）。OHLC 整体为负但列间比例自洽→疑似源历史段符号/量纲伪影，须回源确证
2026-09-23,920879,2018-06-29,-0.050,-0.050,-0.080,-0.080,,-0.050,-166.6700,1050,168490.00,,AKSHARE,close_negative,北交所/新三板,2010-2019,160.4667,全史负价（源侧缺陷）。OHLC 整体为负但列间比例自洽→疑似源历史段符号/量纲伪影，须回源确证
2026-09-23,920879,2018-07-02,-0.080,-0.080,-0.080,-0.080,,,,70,11130.00,,AKSHARE,close_negative,北交所/新三板,2010-2019,159.0,全史负价（源侧缺陷）。OHLC 整体为负但列间比例自洽→疑似源历史段符号/量纲伪影，须回源确证
2026-09-23,920879,2018-07-03,-0.110,-0.110,-0.180,-0.140,,-0.060,-75.0000,630,96650.00,,AKSHARE,close_negative,北交所/新三板,2010-2019,153.4127,全史负价（源侧缺陷）。OHLC 整体为负但列间比例自洽→疑似源历史段符号/量纲伪影，须回源确证
2026-09-23,920879,2018-07-04,-0.180,-0.160,-0.200,-0.180,,-0.040,-28.5700,1350,199270.00,,AKSHARE,close_negative,北交所/新三板,2010-2019,147.6074,全史负价（源侧缺陷）。OHLC 整体为负但列间比例自洽→疑似源历史段符号/量纲伪影，须回源确证
2026-09-23,920879,2018-07-05,-0.170,-0.130,-0.220,-0.140,,0.040,22.2200,1520,226990.00,,AKSHARE,close_negative,北交所/新三板,2010-2019,149.3355,全史负价（源侧缺陷）。OHLC 整体为负但列间比例自洽→疑似源历史段符号/量纲伪影，须回源确证
2026-09-23,920879,2018-07-06,-0.160,-0.130,-0.180,-0.140,,,,330,49120.00,,AKSHARE,close_negative,北交所/新三板,2010-2019,148.8485,全史负价（源侧缺陷）。OHLC 整体为负但列间比例自洽→疑似源历史段符号/量纲伪影，须回源确证
2026-09-23,920879,2018-07-09,-0.160,-0.150,-0.160,-0.150,,-0.010,-7.1400,400,60200.00,,AKSHARE,close_negative,北交所/新三板,2010-2019,150.5,全史负价（源侧缺陷）。OHLC 整体为负但列间比例自洽→疑似源历史段符号/量纲伪影，须回源确证
2026-09-23,920879,2018-07-12,-0.180,-0.130,-0.180,-0.130,,0.020,13.3300,380,57720.00,,AKSHARE,close_negative,北交所/新三板,2010-2019,151.8947,全史负价（源侧缺陷）。OHLC 整体为负但列间比例自洽→疑似源历史段符号/量纲伪影，须回源确证
2026-09-23,920879,2018-07-13,-0.140,-0.120,-0.140,-0.120,,0.010,7.6900,400,61400.00,,AKSHARE,close_negative,北交所/新三板,2010-2019,153.5,全史负价（源侧缺陷）。OHLC 整体为负但列间比例自洽→疑似源历史段符号/量纲伪影，须回源确证
2026-09-23,920879,2018-07-16,-0.150,-0.120,-0.150,-0.120,,,,30,4570.00,,AKSHARE,close_negative,北交所/新三板,2010-2019,152.3333,全史负价（源侧缺陷）。OHLC 整体为负但列间比例自洽→疑似源历史段符号/量纲伪影，须回源确证
2026-09-23,920879,2018-07-18,-0.150,-0.130,-0.150,-0.140,,-0.020,-16.6700,420,63840.00,,AKSHARE,close_negative,北交所/新三板,2010-2019,152.0,全史负价（源侧缺陷）。OHLC 整体为负但列间比例自洽→疑似源历史段符号/量纲伪影，须回源确证
2026-09-23,920879,2018-07-19,-0.140,-0.130,-0.140,-0.130,,0.010,7.1400,1200,183000.00,,AKSHARE,close_negative,北交所/新三板,2010-2019,152.5,全史负价（源侧缺陷）。OHLC 整体为负但列间比例自洽→疑似源历史段符号/量纲伪影，须回源确证
2026-09-23,920879,2018-07-20,-0.120,-0.120,-0.140,-0.130,,,,220,33570.00,,AKSHARE,close_negative,北交所/新三板,2010-2019,152.5909,全史负价（源侧缺陷）。OHLC 整体为负但列间比例自洽→疑似源历史段符号/量纲伪影，须回源确证
2026-09-23,920879,2018-07-23,-0.130,-0.070,-0.130,-0.070,,0.060,46.1500,1040,160530.00,,AKSHARE,close_negative,北交所/新三板,2010-2019,154.3558,全史负价（源侧缺陷）。OHLC 整体为负但列间比例自洽→疑似源历史段符号/量纲伪影，须回源确证
2026-09-23,920879,2018-07-24,-0.080,-0.030,-0.140,-0.030,,0.040,57.1400,350,55470.00,,AKSHARE,close_negative,北交所/新三板,2010-2019,158.4857,全史负价（源侧缺陷）。OHLC 整体为负但列间比例自洽→疑似源历史段符号/量纲伪影，须回源确证
2026-09-23,920879,2018-07-25,-0.060,-0.050,-0.060,-0.060,,-0.030,-100.0000,150,24350.00,,AKSHARE,close_negative,北交所/新三板,2010-2019,162.3333,全史负价（源侧缺陷）。OHLC 整体为负但列间比例自洽→疑似源历史段符号/量纲伪影，须回源确证
2026-09-23,920879,2018-07-26,-0.030,-0.010,-0.030,-0.020,,0.040,66.6700,30,5000.00,,AKSHARE,close_negative,北交所/新三板,2010-2019,166.6667,全史负价（源侧缺陷）。OHLC 整体为负但列间比例自洽→疑似源历史段符号/量纲伪影，须回源确证
2026-09-23,920879,2018-07-27,-0.040,-0.030,-0.070,-0.050,,-0.030,-150.0000,440,72140.00,,AKSHARE,close_negative,北交所/新三板,2010-2019,163.9545,全史负价（源侧缺陷）。OHLC 整体为负但列间比例自洽→疑似源历史段符号/量纲伪影，须回源确证
2026-09-23,920879,2018-07-30,-0.030,-0.030,-0.050,-0.050,,,,100,16400.00,,AKSHARE,close_negative,北交所/新三板,2010-2019,164.0,全史负价（源侧缺陷）。OHLC 整体为负但列间比例自洽→疑似源历史段符号/量纲伪影，须回源确证
2026-09-23,920879,2018-08-01,-0.030,-0.030,-0.050,-0.040,,0.010,20.0000,60,9860.00,,AKSHARE,close_negative,北交所/新三板,2010-2019,164.3333,全史负价（源侧缺陷）。OHLC 整体为负但列间比例自洽→疑似源历史段符号/量纲伪影，须回源确证
2026-09-23,920879,2018-08-02,-0.060,-0.060,-0.130,-0.110,,-0.070,-175.0000,160,25200.00,,AKSHARE,close_negative,北交所/新三板,2010-2019,157.5,全史负价（源侧缺陷）。OHLC 整体为负但列间比例自洽→疑似源历史段符号/量纲伪影，须回源确证
2026-09-23,920879,2018-08-03,-0.130,-0.130,-0.160,-0.140,,-0.030,-27.2700,90,13660.00,,AKSHARE,close_negative,北交所/新三板,2010-2019,151.7778,全史负价（源侧缺陷）。OHLC 整体为负但列间比例自洽→疑似源历史段符号/量纲伪影，须回源确证
2026-09-23,920879,2018-08-06,-0.170,-0.160,-0.200,-0.180,,-0.040,-28.5700,330,48680.00,,AKSHARE,close_negative,北交所/新三板,2010-2019,147.5152,全史负价（源侧缺陷）。OHLC 整体为负但列间比例自洽→疑似源历史段符号/量纲伪影，须回源确证
2026-09-23,920879,2018-08-07,-0.180,-0.180,-0.180,-0.180,,,,110,16270.00,,AKSHARE,close_negative,北交所/新三板,2010-2019,147.9091,全史负价（源侧缺陷）。OHLC 整体为负但列间比例自洽→疑似源历史段符号/量纲伪影，须回源确证
2026-09-23,920879,2018-08-09,-0.170,-0.080,-0.180,-0.100,,0.080,44.4400,460,70710.00,,AKSHARE,close_negative,北交所/新三板,2010-2019,153.7174,全史负价（源侧缺陷）。OHLC 整体为负但列间比例自洽→疑似源历史段符号/量纲伪影，须回源确证
2026-09-23,920879,2018-08-10,-0.130,-0.130,-0.130,-0.130,,-0.030,-30.0000,60,9180.00,,AKSHARE,close_negative,北交所/新三板,2010-2019,153.0,全史负价（源侧缺陷）。OHLC 整体为负但列间比例自洽→疑似源历史段符号/量纲伪影，须回源确证
2026-09-23,920879,2018-08-13,-0.130,-0.120,-0.130,-0.120,,0.010,7.6900,160,24580.00,,AKSHARE,close_negative,北交所/新三板,2010-2019,153.625,全史负价（源侧缺陷）。OHLC 整体为负但列间比例自洽→疑似源历史段符号/量纲伪影，须回源确证
2026-09-23,920879,2018-08-14,-0.140,-0.130,-0.140,-0.130,,-0.010,-8.3300,800,122360.00,,AKSHARE,close_negative,北交所/新三板,2010-2019,152.95,全史负价（源侧缺陷）。OHLC 整体为负但列间比例自洽→疑似源历史段符号/量纲伪影，须回源确证
2026-09-23,920879,2018-08-16,-0.110,-0.110,-0.120,-0.110,,0.020,15.3800,80,12450.00,,AKSHARE,close_negative,北交所/新三板,2010-2019,155.625,全史负价（源侧缺陷）。OHLC 整体为负但列间比例自洽→疑似源历史段符号/量纲伪影，须回源确证
2026-09-23,920879,2018-08-20,-0.130,-0.130,-0.190,-0.180,,-0.070,-63.6400,500,75990.00,,AKSHARE,close_negative,北交所/新三板,2010-2019,151.98,全史负价（源侧缺陷）。OHLC 整体为负但列间比例自洽→疑似源历史段符号/量纲伪影，须回源确证
2026-09-23,920879,2018-08-21,-0.150,-0.150,-0.160,-0.150,,0.030,16.6700,1630,245440.00,,AKSHARE,close_negative,北交所/新三板,2010-2019,150.5767,全史负价（源侧缺陷）。OHLC 整体为负但列间比例自洽→疑似源历史段符号/量纲伪影，须回源确证
2026-09-23,920879,2018-08-22,-0.160,-0.150,-0.170,-0.160,,-0.010,-6.6700,1770,266050.00,,AKSHARE,close_negative,北交所/新三板,2010-2019,150.3107,全史负价（源侧缺陷）。OHLC 整体为负但列间比例自洽→疑似源历史段符号/量纲伪影，须回源确证
2026-09-23,920879,2018-08-23,-0.160,-0.150,-0.160,-0.150,,0.010,6.2500,8120,1222120.00,,AKSHARE,close_negative,北交所/新三板,2010-2019,150.5074,全史负价（源侧缺陷）。OHLC 整体为负但列间比例自洽→疑似源历史段符号/量纲伪影，须回源确证
2026-09-23,920879,2018-08-24,-0.150,-0.150,-0.160,-0.160,,-0.010,-6.6700,310,46610.00,,AKSHARE,close_negative,北交所/新三板,2010-2019,150.3548,全史负价（源侧缺陷）。OHLC 整体为负但列间比例自洽→疑似源历史段符号/量纲伪影，须回源确证
2026-09-23,920879,2018-08-27,-0.180,-0.140,-0.180,-0.140,,0.020,12.5000,360,54520.00,,AKSHARE,close_negative,北交所/新三板,2010-2019,151.4444,全史负价（源侧缺陷）。OHLC 整体为负但列间比例自洽→疑似源历史段符号/量纲伪影，须回源确证
2026-09-23,920879,2018-08-29,-0.150,-0.140,-0.160,-0.160,,-0.020,-14.2900,1960,295800.00,,AKSHARE,close_negative,北交所/新三板,2010-2019,150.9184,全史负价（源侧缺陷）。OHLC 整体为负但列间比例自洽→疑似源历史段符号/量纲伪影，须回源确证
2026-09-23,920879,2018-08-30,-0.160,-0.150,-0.180,-0.150,,0.010,6.2500,460,69010.00,,AKSHARE,close_negative,北交所/新三板,2010-2019,150.0217,全史负价（源侧缺陷）。OHLC 整体为负但列间比例自洽→疑似源历史段符号/量纲伪影，须回源确证
2026-09-23,920879,2018-08-31,-0.160,-0.160,-0.160,-0.160,,-0.010,-6.6700,40,6000.00,,AKSHARE,close_negative,北交所/新三板,2010-2019,150.0,全史负价（源侧缺陷）。OHLC 整体为负但列间比例自洽→疑似源历史段符号/量纲伪影，须回源确证
2026-09-23,920879,2018-09-03,-0.170,-0.150,-0.170,-0.160,,,,1240,186590.00,,AKSHARE,close_negative,北交所/新三板,2010-2019,150.4758,全史负价（源侧缺陷）。OHLC 整体为负但列间比例自洽→疑似源历史段符号/量纲伪影，须回源确证
2026-09-23,920879,2018-09-04,-0.160,-0.150,-0.160,-0.150,,0.010,6.2500,300,45200.00,,AKSHARE,close_negative,北交所/新三板,2010-2019,150.6667,全史负价（源侧缺陷）。OHLC 整体为负但列间比例自洽→疑似源历史段符号/量纲伪影，须回源确证
2026-09-23,920879,2018-09-05,-0.160,-0.140,-0.160,-0.140,,0.010,6.6700,350,52770.00,,AKSHARE,close_negative,北交所/新三板,2010-2019,150.7714,全史负价（源侧缺陷）。OHLC 整体为负但列间比例自洽→疑似源历史段符号/量纲伪影，须回源确证
2026-09-23,920879,2018-09-06,-0.130,-0.130,-0.130,-0.130,,0.010,7.1400,10,1530.00,,AKSHARE,close_negative,北交所/新三板,2010-2019,153.0,全史负价（源侧缺陷）。OHLC 整体为负但列间比例自洽→疑似源历史段符号/量纲伪影，须回源确证
2026-09-23,920879,2018-09-07,-0.130,-0.130,-0.130,-0.130,,,,20,3080.00,,AKSHARE,close_negative,北交所/新三板,2010-2019,154.0,全史负价（源侧缺陷）。OHLC 整体为负但列间比例自洽→疑似源历史段符号/量纲伪影，须回源确证
2026-09-23,920879,2018-09-10,-0.140,-0.130,-0.140,-0.130,,,,200,30500.00,,AKSHARE,close_negative,北交所/新三板,2010-2019,152.5,全史负价（源侧缺陷）。OHLC 整体为负但列间比例自洽→疑似源历史段符号/量纲伪影，须回源确证
2026-09-23,920879,2018-09-11,-0.160,-0.130,-0.160,-0.130,,,,200,30300.00,,AKSHARE,close_negative,北交所/新三板,2010-2019,151.5,全史负价（源侧缺陷）。OHLC 整体为负但列间比例自洽→疑似源历史段符号/量纲伪影，须回源确证
2026-09-23,920879,2018-09-12,-0.120,-0.120,-0.120,-0.120,,0.010,7.6900,20,3100.00,,AKSHARE,close_negative,北交所/新三板,2010-2019,155.0,全史负价（源侧缺陷）。OHLC 整体为负但列间比例自洽→疑似源历史段符号/量纲伪影，须回源确证
2026-09-23,920879,2018-09-13,-0.110,-0.090,-0.120,-0.100,,0.020,16.6700,200,31290.00,,AKSHARE,close_negative,北交所/新三板,2010-2019,156.45,全史负价（源侧缺陷）。OHLC 整体为负但列间比例自洽→疑似源历史段符号/量纲伪影，须回源确证
2026-09-23,920879,2018-09-18,-0.120,-0.080,-0.120,-0.080,,0.020,20.0000,370,58480.00,,AKSHARE,close_negative,北交所/新三板,2010-2019,158.0541,全史负价（源侧缺陷）。OHLC 整体为负但列间比例自洽→疑似源历史段符号/量纲伪影，须回源确证
2026-09-23,920879,2018-09-21,-0.080,-0.080,-0.090,-0.080,,,,250,39650.00,,AKSHARE,close_negative,北交所/新三板,2010-2019,158.6,全史负价（源侧缺陷）。OHLC 整体为负但列间比例自洽→疑似源历史段符号/量纲伪影，须回源确证
2026-09-23,920879,2018-09-27,-0.030,-0.030,-0.070,-0.060,,0.020,25.0000,1090,167530.00,,AKSHARE,close_negative,北交所/新三板,2010-2019,153.6972,全史负价（源侧缺陷）。OHLC 整体为负但列间比例自洽→疑似源历史段符号/量纲伪影，须回源确证
2026-09-23,920879,2018-09-28,-0.080,-0.040,-0.080,-0.040,,0.020,33.3300,110,17000.00,,AKSHARE,close_negative,北交所/新三板,2010-2019,154.5455,全史负价（源侧缺陷）。OHLC 整体为负但列间比例自洽→疑似源历史段符号/量纲伪影，须回源确证
2026-09-23,920879,2018-10-08,-0.080,-0.080,-0.090,-0.080,,-0.040,-100.0000,30,4500.00,,AKSHARE,close_negative,北交所/新三板,2010-2019,150.0,全史负价（源侧缺陷）。OHLC 整体为负但列间比例自洽→疑似源历史段符号/量纲伪影，须回源确证
2026-09-23,920879,2018-10-16,-0.080,-0.080,-0.130,-0.110,,-0.030,-37.5000,4190,618810.00,,AKSHARE,close_negative,北交所/新三板,2010-2019,147.6874,全史负价（源侧缺陷）。OHLC 整体为负但列间比例自洽→疑似源历史段符号/量纲伪影，须回源确证
2026-09-23,920879,2018-10-17,-0.130,-0.110,-0.130,-0.120,,-0.010,-9.0900,20,2910.00,,AKSHARE,close_negative,北交所/新三板,2010-2019,145.5,全史负价（源侧缺陷）。OHLC 整体为负但列间比例自洽→疑似源历史段符号/量纲伪影，须回源确证
2026-09-23,920879,2018-10-18,-0.130,-0.130,-0.150,-0.140,,-0.020,-16.6700,120,17190.00,,AKSHARE,close_negative,北交所/新三板,2010-2019,143.25,全史负价（源侧缺陷）。OHLC 整体为负但列间比例自洽→疑似源历史段符号/量纲伪影，须回源确证
2026-09-23,920879,2018-10-19,-0.160,-0.130,-0.160,-0.130,,0.010,7.1400,70,10020.00,,AKSHARE,close_negative,北交所/新三板,2010-2019,143.1429,全史负价（源侧缺陷）。OHLC 整体为负但列间比例自洽→疑似源历史段符号/量纲伪影，须回源确证
2026-09-23,920879,2018-10-22,-0.150,-0.140,-0.150,-0.150,,-0.020,-15.3800,310,44150.00,,AKSHARE,close_negative,北交所/新三板,2010-2019,142.4194,全史负价（源侧缺陷）。OHLC 整体为负但列间比例自洽→疑似源历史段符号/量纲伪影，须回源确证
2026-09-23,920879,2018-10-23,-0.170,-0.130,-0.170,-0.140,,0.010,6.6700,580,82800.00,,AKSHARE,close_negative,北交所/新三板,2010-2019,142.7586,全史负价（源侧缺陷）。OHLC 整体为负但列间比例自洽→疑似源历史段符号/量纲伪影，须回源确证
2026-09-23,920879,2018-10-24,-0.150,-0.150,-0.150,-0.150,,-0.010,-7.1400,50,7100.00,,AKSHARE,close_negative,北交所/新三板,2010-2019,142.0,全史负价（源侧缺陷）。OHLC 整体为负但列间比例自洽→疑似源历史段符号/量纲伪影，须回源确证
2026-09-23,920879,2018-10-25,-0.140,-0.140,-0.150,-0.140,,0.010,6.6700,490,69880.00,,AKSHARE,close_negative,北交所/新三板,2010-2019,142.6122,全史负价（源侧缺陷）。OHLC 整体为负但列间比例自洽→疑似源历史段符号/量纲伪影，须回源确证
2026-09-23,920879,2018-10-26,-0.180,-0.130,-0.230,-0.130,,0.010,7.1400,1030,144440.00,,AKSHARE,close_negative,北交所/新三板,2010-2019,140.233,全史负价（源侧缺陷）。OHLC 整体为负但列间比例自洽→疑似源历史段符号/量纲伪影，须回源确证
2026-09-23,920879,2018-10-29,-0.120,-0.110,-0.130,-0.120,,0.010,7.6900,220,32130.00,,AKSHARE,close_negative,北交所/新三板,2010-2019,146.0455,全史负价（源侧缺陷）。OHLC 整体为负但列间比例自洽→疑似源历史段符号/量纲伪影，须回源确证
2026-09-23,920879,2018-10-30,-0.110,-0.080,-0.120,-0.100,,0.020,16.6700,720,106190.00,,AKSHARE,close_negative,北交所/新三板,2010-2019,147.4861,全史负价（源侧缺陷）。OHLC 整体为负但列间比例自洽→疑似源历史段符号/量纲伪影，须回源确证
2026-09-23,920879,2018-11-02,-0.070,-0.060,-0.090,-0.080,,0.020,20.0000,470,71230.00,,AKSHARE,close_negative,北交所/新三板,2010-2019,151.5532,全史负价（源侧缺陷）。OHLC 整体为负但列间比例自洽→疑似源历史段符号/量纲伪影，须回源确证
2026-09-23,920879,2018-11-05,-0.070,-0.050,-0.080,-0.070,,0.010,12.5000,1480,225270.00,,AKSHARE,close_negative,北交所/新三板,2010-2019,152.2095,全史负价（源侧缺陷）。OHLC 整体为负但列间比例自洽→疑似源历史段符号/量纲伪影，须回源确证
2026-09-23,920879,2018-11-06,-0.080,-0.030,-0.080,-0.050,,0.020,28.5700,40,6150.00,,AKSHARE,close_negative,北交所/新三板,2010-2019,153.75,全史负价（源侧缺陷）。OHLC 整体为负但列间比例自洽→疑似源历史段符号/量纲伪影，须回源确证
2026-09-23,920879,2018-11-07,-0.060,-0.060,-0.070,-0.060,,-0.010,-20.0000,90,13740.00,,AKSHARE,close_negative,北交所/新三板,2010-2019,152.6667,全史负价（源侧缺陷）。OHLC 整体为负但列间比例自洽→疑似源历史段符号/量纲伪影，须回源确证
2026-09-23,920879,2018-11-08,-0.070,-0.030,-0.070,-0.040,,0.020,33.3300,200,31060.00,,AKSHARE,close_negative,北交所/新三板,2010-2019,155.3,全史负价（源侧缺陷）。OHLC 整体为负但列间比例自洽→疑似源历史段符号/量纲伪影，须回源确证
2026-09-23,920879,2018-11-09,-0.030,-0.010,-0.030,-0.010,,0.030,75.0000,600,94570.00,,AKSHARE,close_negative,北交所/新三板,2010-2019,157.6167,全史负价（源侧缺陷）。OHLC 整体为负但列间比例自洽→疑似源历史段符号/量纲伪影，须回源确证
2026-09-23,920879,2018-11-12,-0.030,-0.020,-0.030,-0.030,,-0.020,-200.0000,11740,1222230.00,,AKSHARE,close_negative,北交所/新三板,2010-2019,104.1082,全史负价（源侧缺陷）。OHLC 整体为负但列间比例自洽→疑似源历史段符号/量纲伪影，须回源确证
2026-09-23,920879,2018-11-13,-0.020,-0.020,-0.060,-0.060,,-0.030,-100.0000,1210,186680.00,,AKSHARE,close_negative,北交所/新三板,2010-2019,154.281,全史负价（源侧缺陷）。OHLC 整体为负但列间比例自洽→疑似源历史段符号/量纲伪影，须回源确证
2026-09-23,920879,2018-11-14,-0.050,-0.040,-0.060,-0.040,,0.020,33.3300,1000,153900.00,,AKSHARE,close_negative,北交所/新三板,2010-2019,153.9,全史负价（源侧缺陷）。OHLC 整体为负但列间比例自洽→疑似源历史段符号/量纲伪影，须回源确证
2026-09-23,920879,2018-11-15,-0.020,,-0.020,,,,,160,25570.00,,AKSHARE,close_null,北交所/新三板,2010-2019,159.8125,close 为空
2026-09-23,920879,2018-11-16,-0.020,-0.020,-0.020,-0.020,,,,90,14220.00,,AKSHARE,close_negative,北交所/新三板,2010-2019,158.0,全史负价（源侧缺陷）。OHLC 整体为负但列间比例自洽→疑似源历史段符号/量纲伪影，须回源确证
2026-09-23,920879,2018-11-19,-0.030,-0.020,-0.030,-0.030,,-0.010,-50.0000,530,83440.00,,AKSHARE,close_negative,北交所/新三板,2010-2019,157.434,全史负价（源侧缺陷）。OHLC 整体为负但列间比例自洽→疑似源历史段符号/量纲伪影，须回源确证
2026-09-23,920879,2018-11-20,-0.020,-0.010,-0.030,-0.030,,,,1363,214119.00,,AKSHARE,close_negative,北交所/新三板,2010-2019,157.0939,全史负价（源侧缺陷）。OHLC 整体为负但列间比例自洽→疑似源历史段符号/量纲伪影，须回源确证
2026-09-23,920879,2018-11-22,,,,,,,,200,32000.00,,AKSHARE,close_null,北交所/新三板,2010-2019,160.0,close 为空
2026-09-23,920879,2018-11-26,-0.020,-0.020,-0.020,-0.020,,,,200,31600.00,,AKSHARE,close_negative,北交所/新三板,2010-2019,158.0,全史负价（源侧缺陷）。OHLC 整体为负但列间比例自洽→疑似源历史段符号/量纲伪影，须回源确证
2026-09-23,920879,2018-11-30,-0.030,-0.030,-0.030,-0.030,,-0.010,-50.0000,20,3140.00,,AKSHARE,close_negative,北交所/新三板,2010-2019,157.0,全史负价（源侧缺陷）。OHLC 整体为负但列间比例自洽→疑似源历史段符号/量纲伪影，须回源确证
2026-09-23,920879,2018-12-03,-0.030,,-0.030,-0.020,,0.010,33.3300,610,96370.00,,AKSHARE,close_negative,北交所/新三板,2010-2019,157.9836,全史负价（源侧缺陷）。OHLC 整体为负但列间比例自洽→疑似源历史段符号/量纲伪影，须回源确证
2026-09-23,920879,2018-12-19,-0.010,-0.010,-0.010,-0.010,,-0.020,-200.0000,50,7950.00,,AKSHARE,close_negative,北交所/新三板,2010-2019,159.0,全史负价（源侧缺陷）。OHLC 整体为负但列间比例自洽→疑似源历史段符号/量纲伪影，须回源确证
2026-09-23,920879,2018-12-20,-0.020,-0.020,-0.060,-0.030,,-0.020,-200.0000,160,25060.00,,AKSHARE,close_negative,北交所/新三板,2010-2019,156.625,全史负价（源侧缺陷）。OHLC 整体为负但列间比例自洽→疑似源历史段符号/量纲伪影，须回源确证
2026-09-23,920879,2018-12-21,-0.030,-0.030,-0.030,-0.030,,,,100,15600.00,,AKSHARE,close_negative,北交所/新三板,2010-2019,156.0,全史负价（源侧缺陷）。OHLC 整体为负但列间比例自洽→疑似源历史段符号/量纲伪影，须回源确证
2026-09-23,920879,2018-12-24,-0.070,-0.070,-0.070,-0.070,,-0.040,-133.3300,50,7600.00,,AKSHARE,close_negative,北交所/新三板,2010-2019,152.0,全史负价（源侧缺陷）。OHLC 整体为负但列间比例自洽→疑似源历史段符号/量纲伪影，须回源确证
2026-09-23,920879,2018-12-25,-0.080,-0.080,-0.080,-0.080,,-0.010,-14.2900,160,24060.00,,AKSHARE,close_negative,北交所/新三板,2010-2019,150.375,全史负价（源侧缺陷）。OHLC 整体为负但列间比例自洽→疑似源历史段符号/量纲伪影，须回源确证
2026-09-23,920879,2018-12-27,-0.100,-0.100,-0.120,-0.110,,-0.030,-37.5000,80,11730.00,,AKSHARE,close_negative,北交所/新三板,2010-2019,146.625,全史负价（源侧缺陷）。OHLC 整体为负但列间比例自洽→疑似源历史段符号/量纲伪影，须回源确证
2026-09-23,920879,2019-01-02,-0.100,-0.080,-0.110,-0.100,,0.010,9.0900,110,16330.00,,AKSHARE,close_negative,北交所/新三板,2010-2019,148.4545,全史负价（源侧缺陷）。OHLC 整体为负但列间比例自洽→疑似源历史段符号/量纲伪影，须回源确证
2026-09-23,920879,2019-01-03,-0.100,-0.100,-0.100,-0.100,,,,20,2960.00,,AKSHARE,close_negative,北交所/新三板,2010-2019,148.0,全史负价（源侧缺陷）。OHLC 整体为负但列间比例自洽→疑似源历史段符号/量纲伪影，须回源确证
2026-09-23,920879,2019-01-04,-0.090,-0.090,-0.100,-0.090,,0.010,10.0000,60,8920.00,,AKSHARE,close_negative,北交所/新三板,2010-2019,148.6667,全史负价（源侧缺陷）。OHLC 整体为负但列间比例自洽→疑似源历史段符号/量纲伪影，须回源确证
2026-09-23,920879,2019-01-07,-0.080,-0.080,-0.090,-0.080,,0.010,11.1100,140,20940.00,,AKSHARE,close_negative,北交所/新三板,2010-2019,149.5714,全史负价（源侧缺陷）。OHLC 整体为负但列间比例自洽→疑似源历史段符号/量纲伪影，须回源确证
2026-09-23,920879,2019-01-08,-0.080,-0.070,-0.110,-0.080,,,,270,40690.00,,AKSHARE,close_negative,北交所/新三板,2010-2019,150.7037,全史负价（源侧缺陷）。OHLC 整体为负但列间比例自洽→疑似源历史段符号/量纲伪影，须回源确证
2026-09-23,920879,2019-01-10,-0.120,-0.090,-0.130,-0.100,,-0.020,-25.0000,190,27700.00,,AKSHARE,close_negative,北交所/新三板,2010-2019,145.7895,全史负价（源侧缺陷）。OHLC 整体为负但列间比例自洽→疑似源历史段符号/量纲伪影，须回源确证
2026-09-23,920879,2019-01-11,-0.080,-0.080,-0.090,-0.080,,0.020,20.0000,370,55650.00,,AKSHARE,close_negative,北交所/新三板,2010-2019,150.4054,全史负价（源侧缺陷）。OHLC 整体为负但列间比例自洽→疑似源历史段符号/量纲伪影，须回源确证
2026-09-23,920879,2019-01-14,-0.070,-0.020,-0.080,-0.020,,0.060,75.0000,250,38190.00,,AKSHARE,close_negative,北交所/新三板,2010-2019,152.76,全史负价（源侧缺陷）。OHLC 整体为负但列间比例自洽→疑似源历史段符号/量纲伪影，须回源确证
2026-09-23,920879,2019-03-13,0.170,0.180,-0.120,-0.070,,-0.250,-138.8900,20550,3324770.00,,AKSHARE,close_negative,北交所/新三板,2010-2019,161.7893,全史负价（源侧缺陷）。OHLC 整体为负但列间比例自洽→疑似源历史段符号/量纲伪影，须回源确证
2026-09-23,920879,2019-07-30,0.060,0.060,-0.020,-0.010,,-0.070,-116.6700,2100,316010.00,,AKSHARE,close_negative,北交所/新三板,2010-2019,150.481,全史负价（源侧缺陷）。OHLC 整体为负但列间比例自洽→疑似源历史段符号/量纲伪影，须回源确证
2026-09-23,920879,2019-08-07,0.050,0.060,-0.030,-0.010,,-0.060,-120.0000,5630,847240.00,,AKSHARE,close_negative,北交所/新三板,2010-2019,150.4867,全史负价（源侧缺陷）。OHLC 整体为负但列间比例自洽→疑似源历史段符号/量纲伪影，须回源确证
2026-09-23,920879,2019-08-21,0.030,0.030,-0.020,,,,,340,50900.00,,AKSHARE,close_null,北交所/新三板,2010-2019,149.7059,close 为空
2026-09-23,920879,2019-08-22,,,,,,,,50,7500.00,,AKSHARE,close_null,北交所/新三板,2010-2019,150.0,close 为空
2026-09-23,920892,2017-09-12,-1.620,-1.620,-1.620,-1.620,,,,3290,1250200.00,,AKSHARE,close_negative,北交所/新三板,2010-2019,380.0,全史负价（源侧缺陷）。OHLC 整体为负但列间比例自洽→疑似源历史段符号/量纲伪影，须回源确证
2026-09-23,920892,2017-09-25,-1.620,-1.620,-1.620,-1.620,,,,3290,1250200.00,,AKSHARE,close_negative,北交所/新三板,2010-2019,380.0,全史负价（源侧缺陷）。OHLC 整体为负但列间比例自洽→疑似源历史段符号/量纲伪影，须回源确证
2026-09-23,920914,2016-05-31,-1.060,-1.060,-1.060,-1.060,,-4.990,-126.9700,100,100.00,,AKSHARE,close_negative,北交所/新三板,2010-2019,1.0,全史负价（源侧缺陷）。OHLC 整体为负但列间比例自洽→疑似源历史段符号/量纲伪影，须回源确证
2026-09-23,920924,2018-12-07,0.000,0.000,0.000,0.000,3.000,-3.000,-100.0000,147906,221859.00,1.00000000,SINA,close_zero,北交所/新三板,2010-2019,1.5,close=0（源侧缺陷；O/H/L 亦为 0 而 volume/amount>0 → 疑似解析丢弃价格字段）。pre_close 已被修正为上一交易日 close，故 change_pct 显示 -100%（物理不可能）
2026-09-23,920924,2018-12-11,0.000,0.000,0.000,0.000,,,,147906,223338.00,1.00000000,SINA,close_zero,北交所/新三板,2010-2019,1.51,close=0（源侧缺陷；O/H/L 亦为 0 而 volume/amount>0 → 疑似解析丢弃价格字段）。pre_close 已被修正为上一交易日 close，故 change_pct 显示 -100%（物理不可能）
2026-09-23,920924,2019-07-31,0.000,0.000,0.000,0.000,,,-100.0000,100000,600000.00,1.00000000,SINA,close_zero,北交所/新三板,2010-2019,6.0,close=0（源侧缺陷；O/H/L 亦为 0 而 volume/amount>0 → 疑似解析丢弃价格字段）。pre_close 已被修正为上一交易日 close，故 change_pct 显示 -100%（物理不可能）
2026-09-23,920924,2019-08-08,0.000,0.000,0.000,0.000,,,,1190093,3570279.00,1.00000000,SINA,close_zero,北交所/新三板,2010-2019,3.0,close=0（源侧缺陷；O/H/L 亦为 0 而 volume/amount>0 → 疑似解析丢弃价格字段）。pre_close 已被修正为上一交易日 close，故 change_pct 显示 -100%（物理不可能）
2026-09-23,920924,2019-08-09,0.000,0.000,0.000,0.000,,,,100000,400000.00,1.00000000,SINA,close_zero,北交所/新三板,2010-2019,4.0,close=0（源侧缺陷；O/H/L 亦为 0 而 volume/amount>0 → 疑似解析丢弃价格字段）。pre_close 已被修正为上一交易日 close，故 change_pct 显示 -100%（物理不可能）
2026-09-23,920925,2020-03-23,0.000,0.000,0.000,0.000,8.640,-8.640,-100.0000,250000,1080000.00,1.00000000,SINA,close_zero,北交所/新三板,2020+,4.32,close=0（源侧缺陷；O/H/L 亦为 0 而 volume/amount>0 → 疑似解析丢弃价格字段）。pre_close 已被修正为上一交易日 close，故 change_pct 显示 -100%（物理不可能）
2026-09-23,920925,2020-06-16,0.000,0.000,0.000,0.000,,,-100.0000,150000,1590000.00,1.00000000,SINA,close_zero,北交所/新三板,2020+,10.6,close=0（源侧缺陷；O/H/L 亦为 0 而 volume/amount>0 → 疑似解析丢弃价格字段）。pre_close 已被修正为上一交易日 close，故 change_pct 显示 -100%（物理不可能）
2026-09-23,920925,2020-07-06,0.000,0.000,0.000,0.000,10.700,-10.700,-100.0000,105000,787500.00,1.00000000,SINA,close_zero,北交所/新三板,2020+,7.5,close=0（源侧缺陷；O/H/L 亦为 0 而 volume/amount>0 → 疑似解析丢弃价格字段）。pre_close 已被修正为上一交易日 close，故 change_pct 显示 -100%（物理不可能）
2026-09-23,920925,2020-08-24,0.000,0.000,0.000,0.000,13.860,-13.860,-100.0000,168800,1639048.00,1.00000000,SINA,close_zero,北交所/新三板,2020+,9.71,close=0（源侧缺陷；O/H/L 亦为 0 而 volume/amount>0 → 疑似解析丢弃价格字段）。pre_close 已被修正为上一交易日 close，故 change_pct 显示 -100%（物理不可能）
2026-09-23,920925,2020-09-07,0.000,0.000,0.000,0.000,21.900,-21.900,-100.0000,75000,2128500.00,1.00000000,SINA,close_zero,北交所/新三板,2020+,28.38,close=0（源侧缺陷；O/H/L 亦为 0 而 volume/amount>0 → 疑似解析丢弃价格字段）。pre_close 已被修正为上一交易日 close，故 change_pct 显示 -100%（物理不可能）
2026-09-23,920925,2020-11-03,0.000,0.000,0.000,0.000,16.500,-16.500,-100.0000,1415120,17632395.00,1.00000000,SINA,close_zero,北交所/新三板,2020+,12.46,close=0（源侧缺陷；O/H/L 亦为 0 而 volume/amount>0 → 疑似解析丢弃价格字段）。pre_close 已被修正为上一交易日 close，故 change_pct 显示 -100%（物理不可能）
2026-09-23,920925,2020-11-16,0.000,0.000,0.000,0.000,19.400,-19.400,-100.0000,333334,5000010.00,1.00000000,SINA,close_zero,北交所/新三板,2020+,15.0,close=0（源侧缺陷；O/H/L 亦为 0 而 volume/amount>0 → 疑似解析丢弃价格字段）。pre_close 已被修正为上一交易日 close，故 change_pct 显示 -100%（物理不可能）
2026-09-23,920957,2016-10-17,-0.280,-0.280,-0.280,-0.280,,-6.280,-104.6700,5000,5000000.00,,AKSHARE,close_negative,北交所/新三板,2010-2019,1000.0,全史负价（源侧缺陷）。OHLC 整体为负但列间比例自洽→疑似源历史段符号/量纲伪影，须回源确证
2026-09-23,920961,2018-04-17,0.000,0.000,0.000,0.000,6.480,-6.480,-100.0000,751000,4881500.00,1.00000000,SINA,close_zero,北交所/新三板,2010-2019,6.5,close=0（源侧缺陷；O/H/L 亦为 0 而 volume/amount>0 → 疑似解析丢弃价格字段）。pre_close 已被修正为上一交易日 close，故 change_pct 显示 -100%（物理不可能）
2026-09-23,920961,2018-05-28,0.000,0.000,0.000,0.000,6.660,-6.660,-100.0000,810000,6318000.00,1.00000000,SINA,close_zero,北交所/新三板,2010-2019,7.8,close=0（源侧缺陷；O/H/L 亦为 0 而 volume/amount>0 → 疑似解析丢弃价格字段）。pre_close 已被修正为上一交易日 close，故 change_pct 显示 -100%（物理不可能）
2026-09-23,920961,2018-06-12,0.000,0.000,0.000,0.000,6.570,-6.570,-100.0000,550000,3960000.00,1.00000000,SINA,close_zero,北交所/新三板,2010-2019,7.2,close=0（源侧缺陷；O/H/L 亦为 0 而 volume/amount>0 → 疑似解析丢弃价格字段）。pre_close 已被修正为上一交易日 close，故 change_pct 显示 -100%（物理不可能）
2026-09-23,920961,2018-07-10,0.000,0.000,0.000,0.000,6.750,-6.750,-100.0000,1200000,9000000.00,1.00000000,SINA,close_zero,北交所/新三板,2010-2019,7.5,close=0（源侧缺陷；O/H/L 亦为 0 而 volume/amount>0 → 疑似解析丢弃价格字段）。pre_close 已被修正为上一交易日 close，故 change_pct 显示 -100%（物理不可能）
2026-09-23,920961,2018-07-11,0.000,0.000,0.000,0.000,,,,499000,3443100.00,1.00000000,SINA,close_zero,北交所/新三板,2010-2019,6.9,close=0（源侧缺陷；O/H/L 亦为 0 而 volume/amount>0 → 疑似解析丢弃价格字段）。pre_close 已被修正为上一交易日 close，故 change_pct 显示 -100%（物理不可能）
2026-09-23,920961,2018-12-13,0.000,0.000,0.000,0.000,6.300,-6.300,-100.0000,1121000,5952510.00,1.00000000,SINA,close_zero,北交所/新三板,2010-2019,5.31,close=0（源侧缺陷；O/H/L 亦为 0 而 volume/amount>0 → 疑似解析丢弃价格字段）。pre_close 已被修正为上一交易日 close，故 change_pct 显示 -100%（物理不可能）
2026-09-23,920961,2018-12-18,0.000,0.000,0.000,0.000,,,,596000,3164760.00,1.00000000,SINA,close_zero,北交所/新三板,2010-2019,5.31,close=0（源侧缺陷；O/H/L 亦为 0 而 volume/amount>0 → 疑似解析丢弃价格字段）。pre_close 已被修正为上一交易日 close，故 change_pct 显示 -100%（物理不可能）
2026-09-23,920961,2019-04-25,0.000,0.000,0.000,0.000,6.490,-6.490,-100.0000,200000,1400000.00,1.00000000,SINA,close_zero,北交所/新三板,2010-2019,7.0,close=0（源侧缺陷；O/H/L 亦为 0 而 volume/amount>0 → 疑似解析丢弃价格字段）。pre_close 已被修正为上一交易日 close，故 change_pct 显示 -100%（物理不可能）
2026-09-23,920961,2019-10-11,0.000,0.000,0.000,0.000,8.930,-8.930,-100.0000,200000,1700000.00,1.00000000,SINA,close_zero,北交所/新三板,2010-2019,8.5,close=0（源侧缺陷；O/H/L 亦为 0 而 volume/amount>0 → 疑似解析丢弃价格字段）。pre_close 已被修正为上一交易日 close，故 change_pct 显示 -100%（物理不可能）
2026-09-23,920971,2018-01-10,-0.530,-0.530,-0.530,-0.530,,-0.900,-243.2400,500,83000.00,,AKSHARE,close_negative,北交所/新三板,2010-2019,166.0,全史负价（源侧缺陷）。OHLC 整体为负但列间比例自洽→疑似源历史段符号/量纲伪影，须回源确证
2026-09-23,920971,2018-04-11,-0.130,-0.130,-0.130,-0.130,,-0.790,-119.7000,1150,272550.00,,AKSHARE,close_negative,北交所/新三板,2010-2019,237.0,全史负价（源侧缺陷）。OHLC 整体为负但列间比例自洽→疑似源历史段符号/量纲伪影，须回源确证
2026-09-23,920971,2019-12-20,-0.300,-0.300,-0.300,-0.300,,-0.310,-3100.0000,20,4040.00,,AKSHARE,close_negative,北交所/新三板,2010-2019,202.0,全史负价（源侧缺陷）。OHLC 整体为负但列间比例自洽→疑似源历史段符号/量纲伪影，须回源确证
2026-09-23,920971,2020-01-07,-0.140,-0.140,-0.140,-0.140,,0.160,53.3300,250,57500.00,,AKSHARE,close_negative,北交所/新三板,2020+,230.0,全史负价（源侧缺陷）。OHLC 整体为负但列间比例自洽→疑似源历史段符号/量纲伪影，须回源确证
2026-09-23,920971,2020-01-08,-0.150,-0.150,-0.150,-0.150,,-0.010,-7.1400,20,4580.00,,AKSHARE,close_negative,北交所/新三板,2020+,229.0,全史负价（源侧缺陷）。OHLC 整体为负但列间比例自洽→疑似源历史段符号/量纲伪影，须回源确证
2026-09-23,920971,2020-01-13,-0.150,-0.150,-0.150,-0.150,,,,4990,823070.00,,AKSHARE,close_negative,北交所/新三板,2020+,164.9439,全史负价（源侧缺陷）。OHLC 整体为负但列间比例自洽→疑似源历史段符号/量纲伪影，须回源确证
2026-09-23,920971,2020-01-14,-0.140,-0.140,-0.140,-0.140,,0.010,6.6700,100,23000.00,,AKSHARE,close_negative,北交所/新三板,2020+,230.0,全史负价（源侧缺陷）。OHLC 整体为负但列间比例自洽→疑似源历史段符号/量纲伪影，须回源确证
2026-09-23,920971,2020-01-15,-0.140,-0.140,-0.140,-0.140,,,,100,23000.00,,AKSHARE,close_negative,北交所/新三板,2020+,230.0,全史负价（源侧缺陷）。OHLC 整体为负但列间比例自洽→疑似源历史段符号/量纲伪影，须回源确证
2026-09-23,920971,2020-02-03,-0.090,-0.090,-0.090,-0.090,,0.050,35.7100,20,4800.00,,AKSHARE,close_negative,北交所/新三板,2020+,240.0,全史负价（源侧缺陷）。OHLC 整体为负但列间比例自洽→疑似源历史段符号/量纲伪影，须回源确证
2026-09-23,920971,2020-02-04,-0.090,-0.090,-0.090,-0.090,,,,10,2400.00,,AKSHARE,close_negative,北交所/新三板,2020+,240.0,全史负价（源侧缺陷）。OHLC 整体为负但列间比例自洽→疑似源历史段符号/量纲伪影，须回源确证
2026-09-23,920971,2020-02-21,-0.090,-0.090,-0.090,-0.090,,,,50,11970.00,,AKSHARE,close_negative,北交所/新三板,2020+,239.4,全史负价（源侧缺陷）。OHLC 整体为负但列间比例自洽→疑似源历史段符号/量纲伪影，须回源确证
2026-09-23,920971,2020-02-24,-0.090,-0.090,-0.090,-0.090,,,,100,24000.00,,AKSHARE,close_negative,北交所/新三板,2020+,240.0,全史负价（源侧缺陷）。OHLC 整体为负但列间比例自洽→疑似源历史段符号/量纲伪影，须回源确证
2026-09-23,920971,2020-03-04,-0.090,-0.090,-0.090,-0.090,,,,30,7180.00,,AKSHARE,close_negative,北交所/新三板,2020+,239.3333,全史负价（源侧缺陷）。OHLC 整体为负但列间比例自洽→疑似源历史段符号/量纲伪影，须回源确证
2026-09-23,920971,2020-03-05,-0.090,-0.090,-0.090,-0.090,,,,30,7200.00,,AKSHARE,close_negative,北交所/新三板,2020+,240.0,全史负价（源侧缺陷）。OHLC 整体为负但列间比例自洽→疑似源历史段符号/量纲伪影，须回源确证
2026-09-23,920971,2020-03-09,-0.090,-0.090,-0.090,-0.090,,,,40,9580.00,,AKSHARE,close_negative,北交所/新三板,2020+,239.5,全史负价（源侧缺陷）。OHLC 整体为负但列间比例自洽→疑似源历史段符号/量纲伪影，须回源确证
2026-09-23,920971,2020-03-25,-0.090,-0.090,-0.090,-0.090,,,,20,4800.00,,AKSHARE,close_negative,北交所/新三板,2020+,240.0,全史负价（源侧缺陷）。OHLC 整体为负但列间比例自洽→疑似源历史段符号/量纲伪影，须回源确证
2026-09-23,920971,2020-03-30,-0.090,-0.090,-0.090,-0.090,,,,6,1440.00,,AKSHARE,close_negative,北交所/新三板,2020+,240.0,全史负价（源侧缺陷）。OHLC 整体为负但列间比例自洽→疑似源历史段符号/量纲伪影，须回源确证
2026-09-23,920971,2020-03-31,-0.090,-0.090,-0.090,-0.090,,,,1,240.00,,AKSHARE,close_negative,北交所/新三板,2020+,240.0,全史负价（源侧缺陷）。OHLC 整体为负但列间比例自洽→疑似源历史段符号/量纲伪影，须回源确证
2026-09-23,920971,2020-04-01,-0.090,-0.090,-0.090,-0.090,,,,9,2160.00,,AKSHARE,close_negative,北交所/新三板,2020+,240.0,全史负价（源侧缺陷）。OHLC 整体为负但列间比例自洽→疑似源历史段符号/量纲伪影，须回源确证
2026-09-23,920971,2020-04-02,-0.090,-0.090,-0.090,-0.090,,,,5,1200.00,,AKSHARE,close_negative,北交所/新三板,2020+,240.0,全史负价（源侧缺陷）。OHLC 整体为负但列间比例自洽→疑似源历史段符号/量纲伪影，须回源确证
2026-09-23,920971,2020-04-03,-0.090,-0.090,-0.090,-0.090,,,,10,2400.00,,AKSHARE,close_negative,北交所/新三板,2020+,240.0,全史负价（源侧缺陷）。OHLC 整体为负但列间比例自洽→疑似源历史段符号/量纲伪影，须回源确证
2026-09-23,920971,2020-04-08,-0.090,-0.090,-0.090,-0.090,,,,2078,374520.00,,AKSHARE,close_negative,北交所/新三板,2020+,180.231,全史负价（源侧缺陷）。OHLC 整体为负但列间比例自洽→疑似源历史段符号/量纲伪影，须回源确证
2026-09-23,920971,2020-04-13,-0.090,-0.090,-0.090,-0.090,,,,1,240.00,,AKSHARE,close_negative,北交所/新三板,2020+,240.0,全史负价（源侧缺陷）。OHLC 整体为负但列间比例自洽→疑似源历史段符号/量纲伪影，须回源确证
2026-09-23,920971,2020-04-14,-0.300,-0.300,-0.300,-0.300,,-0.210,-233.3300,2,404.00,,AKSHARE,close_negative,北交所/新三板,2020+,202.0,全史负价（源侧缺陷）。OHLC 整体为负但列间比例自洽→疑似源历史段符号/量纲伪影，须回源确证
2026-09-23,920971,2020-04-16,-0.300,-0.300,-0.300,-0.300,,,,14,2828.00,,AKSHARE,close_negative,北交所/新三板,2020+,202.0,全史负价（源侧缺陷）。OHLC 整体为负但列间比例自洽→疑似源历史段符号/量纲伪影，须回源确证
2026-09-23,920971,2020-05-06,-0.490,-0.490,-0.490,-0.490,,-0.190,-63.3300,5000,814000.00,,AKSHARE,close_negative,北交所/新三板,2020+,162.8,全史负价（源侧缺陷）。OHLC 整体为负但列间比例自洽→疑似源历史段符号/量纲伪影，须回源确证
2026-09-23,920971,2020-05-07,-0.040,-0.040,-0.040,-0.040,,0.450,91.8400,3909,485832.00,,AKSHARE,close_negative,北交所/新三板,2020+,124.2855,全史负价（源侧缺陷）。OHLC 整体为负但列间比例自洽→疑似源历史段符号/量纲伪影，须回源确证
2026-09-23,920971,2020-05-11,-0.260,-0.260,-0.260,-0.260,,-0.220,-550.0000,1,210.00,,AKSHARE,close_negative,北交所/新三板,2020+,210.0,全史负价（源侧缺陷）。OHLC 整体为负但列间比例自洽→疑似源历史段符号/量纲伪影，须回源确证
2026-09-23,920971,2020-05-18,-0.740,-0.740,-0.740,-0.740,,-0.480,-184.6200,563,68625.00,,AKSHARE,close_negative,北交所/新三板,2020+,121.8917,全史负价（源侧缺陷）。OHLC 整体为负但列间比例自洽→疑似源历史段符号/量纲伪影，须回源确证
2026-09-23,920971,2020-05-22,-0.070,-0.070,-0.070,-0.070,,0.670,90.5400,36,8784.00,,AKSHARE,close_negative,北交所/新三板,2020+,244.0,全史负价（源侧缺陷）。OHLC 整体为负但列间比例自洽→疑似源历史段符号/量纲伪影，须回源确证
2026-09-23,920971,2020-05-25,-0.030,-0.030,-0.030,-0.030,,0.040,57.1400,26,6500.00,,AKSHARE,close_negative,北交所/新三板,2020+,250.0,全史负价（源侧缺陷）。OHLC 整体为负但列间比例自洽→疑似源历史段符号/量纲伪影，须回源确证
2026-09-23,920971,2020-05-27,-0.030,-0.030,-0.040,-0.040,,-0.010,-33.3300,27,6732.00,,AKSHARE,close_negative,北交所/新三板,2020+,249.3333,全史负价（源侧缺陷）。OHLC 整体为负但列间比例自洽→疑似源历史段符号/量纲伪影，须回源确证
2026-09-23,920971,2020-05-28,-0.040,-0.040,-0.040,-0.040,,,,12,2976.00,,AKSHARE,close_negative,北交所/新三板,2020+,248.0,全史负价（源侧缺陷）。OHLC 整体为负但列间比例自洽→疑似源历史段符号/量纲伪影，须回源确证
2026-09-23,920971,2020-06-01,-0.130,-0.030,-0.130,-0.030,,0.010,25.0000,44,10555.00,,AKSHARE,close_negative,北交所/新三板,2020+,239.8864,全史负价（源侧缺陷）。OHLC 整体为负但列间比例自洽→疑似源历史段符号/量纲伪影，须回源确证
2026-09-23,920971,2020-06-04,-0.200,-0.200,-0.200,-0.200,,-0.170,-566.6700,15,3300.00,,AKSHARE,close_negative,北交所/新三板,2020+,220.0,全史负价（源侧缺陷）。OHLC 整体为负但列间比例自洽→疑似源历史段符号/量纲伪影，须回源确证
2026-09-23,920971,2020-12-21,-0.370,0.990,-0.370,-0.030,,-0.120,-133.3300,4,925.00,,AKSHARE,close_negative,北交所/新三板,2020+,231.25,全史负价（源侧缺陷）。OHLC 整体为负但列间比例自洽→疑似源历史段符号/量纲伪影，须回源确证
2026-09-23,920971,2020-12-23,-0.370,-0.370,-0.370,-0.370,,-0.750,-197.3700,1,140.00,,AKSHARE,close_negative,北交所/新三板,2020+,140.0,全史负价（源侧缺陷）。OHLC 整体为负但列间比例自洽→疑似源历史段符号/量纲伪影，须回源确证
2026-09-23,920971,2020-12-25,1.080,1.080,-0.310,-0.310,,-0.720,-175.6100,46,8392.00,,AKSHARE,close_negative,北交所/新三板,2020+,182.4348,全史负价（源侧缺陷）。OHLC 整体为负但列间比例自洽→疑似源历史段符号/量纲伪影，须回源确证
2026-09-23,920971,2021-07-30,0.270,0.270,-0.150,-0.150,,-0.420,-155.5600,2,334.00,,AKSHARE,close_negative,北交所/新三板,2020+,167.0,全史负价（源侧缺陷）。OHLC 整体为负但列间比例自洽→疑似源历史段符号/量纲伪影，须回源确证
2026-09-23,920976,2017-12-27,-0.430,-0.430,-0.430,-0.430,,-6.660,-106.9000,3310,827500.00,,AKSHARE,close_negative,北交所/新三板,2010-2019,250.0,全史负价（源侧缺陷）。OHLC 整体为负但列间比例自洽→疑似源历史段符号/量纲伪影，须回源确证
2026-09-23,920976,2018-02-14,-0.070,-0.070,-0.070,-0.070,,0.360,83.7200,100,30000.00,,AKSHARE,close_negative,北交所/新三板,2010-2019,300.0,全史负价（源侧缺陷）。OHLC 整体为负但列间比例自洽→疑似源历史段符号/量纲伪影，须回源确证
2026-09-23,920976,2020-06-10,-0.130,-0.130,-0.130,-0.130,,-0.270,-192.8600,350,98000.00,,AKSHARE,close_negative,北交所/新三板,2020+,280.0,全史负价（源侧缺陷）。OHLC 整体为负但列间比例自洽→疑似源历史段符号/量纲伪影，须回源确证
2026-09-23,920978,2015-11-17,-0.060,-0.060,-0.060,-0.060,,-6.530,-100.9300,11710,1627690.00,,AKSHARE,close_negative,北交所/新三板,2010-2019,139.0,全史负价（源侧缺陷）。OHLC 整体为负但列间比例自洽→疑似源历史段符号/量纲伪影，须回源确证
2026-09-23,920978,2016-01-14,-0.450,0.550,-0.450,-0.400,,-0.950,-172.7300,2100,220000.00,,AKSHARE,close_negative,北交所/新三板,2010-2019,104.7619,全史负价（源侧缺陷）。OHLC 整体为负但列间比例自洽→疑似源历史段符号/量纲伪影，须回源确证
2026-09-23,920985,2017-01-20,-0.230,1.200,-0.230,-0.150,,-1.710,-109.6200,1800,200000.00,,AKSHARE,close_negative,北交所/新三板,2010-2019,111.1111,全史负价（源侧缺陷）。OHLC 整体为负但列间比例自洽→疑似源历史段符号/量纲伪影，须回源确证
