stock_code,trade_date,close,pre_close,prev_close,change_pct,change_amount,adj_factor,prev_f,prev_date,data_source,domain,same_factor,eq_violated,judgement,dev
000001,1992-08-03,14.440,45.598,45.600,-68.3317,-31.158,1.97560386,1.97560386,1992-07-31,TENCENT,pre1996,True,True,possible_legal,4.385964912286062e-05
000001,1992-08-04,44.200,14.441,14.440,206.0638,29.759,1.97560386,1.97560386,1992-08-03,TENCENT,pre1996,True,True,possible_legal,6.925207756241151e-05
000002,1991-11-12,14.650,10.552,-8.810,38.8408,4.098,1.42272727,,1991-11-09,TENCENT,pre1996,False,False,possible_legal,
000002,1992-12-03,29.100,22.001,22.000,32.2684,7.099,1.70730051,1.70730051,1992-12-02,TENCENT,pre1996,True,True,possible_legal,4.5454545454601004e-05
000003,1991-10-09,15.300,10.300,10.300,48.5437,5.000,1.00000000,1.00000000,1991-10-08,TENCENT,pre1996,True,False,possible_legal,0.0
000003,1994-08-01,6.150,4.466,4.520,37.7049,1.684,3.27804878,3.24214309,1994-07-29,TENCENT,pre1996,False,False,possible_legal,0.011946902654867121
000003,2002-01-25,1.890,3.275,2.700,-42.2948,-1.385,3.64550265,4.42222222,2002-01-11,TENCENT,constrained,False,False,possible_legal,0.21296296296296285
000004,1991-07-18,4.000,2.844,3.150,40.6566,1.156,1.39250000,1.25714286,1991-07-17,TENCENT,pre1996,False,False,possible_legal,0.09714285714285716
000004,1994-08-01,6.000,3.847,4.500,55.9692,2.153,4.05000000,3.46222222,1994-07-29,TENCENT,pre1996,False,False,possible_legal,0.1451111111111111
000004,1995-05-18,5.960,4.001,4.600,48.9480,1.959,4.03859060,3.51304348,1995-05-17,TENCENT,pre1996,False,False,possible_legal,0.13021739130434767
000004,2026-06-23,0.310,,2.760,-158.6710,,4.47101449,4.47101449,2026-04-27,TENCENT,constrained,True,False,possible_legal,
000005,1994-08-01,3.210,2.150,2.150,49.3023,1.060,1.00000000,1.00000000,1994-07-29,TENCENT,pre1996,True,False,possible_legal,0.0
000005,1994-12-15,6.280,4.674,5.000,34.3714,1.606,1.85611920,1.73273146,1994-12-14,TENCENT,pre1996,False,False,possible_legal,0.06519999999999992
000005,1995-05-18,6.300,4.668,5.000,34.9481,1.632,1.85714286,1.73246185,1995-05-17,TENCENT,pre1996,False,False,possible_legal,0.06639999999999997
000006,1992-10-26,27.600,47.200,47.200,-41.5254,-19.600,1.00000000,1.00000000,1992-10-23,TENCENT,pre1996,True,False,possible_legal,0.0
000006,2006-01-12,4.800,3.558,4.270,34.8885,1.242,6.80522565,5.67095116,2005-12-02,SINA,constrained,False,False,possible_legal,0.16674473067915688
000007,1994-08-01,5.480,4.079,4.080,34.3541,1.401,2.56225657,2.56225657,1994-07-29,SINA,pre1996,True,True,possible_legal,0.00024509803921576813
000008,1994-08-01,4.480,3.122,3.120,43.5130,1.358,1.60480385,1.60480385,1994-07-29,SINA,pre1996,True,True,possible_legal,0.0006410256410255704
000008,1995-05-18,6.050,4.468,4.470,35.3982,1.582,1.77023568,1.77023568,1995-05-17,SINA,pre1996,True,True,possible_legal,0.0004474272930648277
000008,1995-08-18,7.650,5.401,5.400,41.6318,2.249,1.77023568,1.77023568,1995-08-17,SINA,pre1996,True,True,possible_legal,0.00018518518518508253
000008,1996-06-05,5.350,3.959,3.960,35.1492,1.391,1.94725275,1.94725275,1996-06-04,SINA,pre1996,True,True,possible_legal,0.0002525252525252247
000009,1991-11-12,14.100,10.400,0.930,35.5769,3.700,1.00000000,,1991-11-09,TENCENT,pre1996,False,False,possible_legal,10.182795698924732
000009,1991-11-19,14.100,10.500,10.500,34.2857,3.600,1.00000000,1.00000000,1991-11-18,TENCENT,pre1996,True,False,possible_legal,0.0
000009,1994-05-03,11.250,8.397,8.400,33.9726,2.853,1.30396797,1.30396797,1994-04-29,SINA,pre1996,True,True,possible_legal,0.00035714285714287064
000009,1995-05-19,5.380,4.081,4.080,31.8430,1.299,2.24677716,2.24677716,1995-05-17,SINA,pre1996,True,True,possible_legal,0.00024509803921576813
000011,2009-11-03,14.050,10.446,14.520,34.4955,3.604,3.10249110,2.23207547,2009-10-13,SINA,constrained,False,False,possible_legal,0.28057851239669424
000012,1992-03-02,9.850,22.000,22.000,-55.2273,-12.150,1.00000000,1.00000000,1992-02-28,TENCENT,pre1996,True,False,possible_legal,0.0
000012,1992-12-03,27.500,17.000,17.000,61.7647,10.500,1.00000000,1.00000000,1992-12-02,TENCENT,pre1996,True,False,possible_legal,0.0
000012,1994-08-01,7.100,4.728,4.730,50.1538,2.372,2.06169154,2.06169154,1994-07-29,SINA,pre1996,True,True,possible_legal,0.00042283298097265705
000012,2006-05-24,8.430,5.734,7.770,47.0055,2.696,9.81226054,7.24144487,2006-04-14,SINA,constrained,False,False,possible_legal,0.262033462033462
000013,1994-08-01,4.150,2.856,3.040,45.3303,1.294,1.53687858,1.44407895,1994-07-29,TENCENT,pre1996,False,False,possible_legal,0.06052631578947374
000013,1994-09-05,7.700,5.633,5.790,36.6953,2.067,1.65454545,1.60967185,1994-09-02,TENCENT,pre1996,False,False,possible_legal,0.02711571675302246
000013,1995-05-18,5.550,4.052,4.210,36.9800,1.498,1.60180180,1.54047619,1995-05-17,TENCENT,pre1996,False,False,possible_legal,0.03752969121140151
000014,1994-08-01,6.600,4.653,4.650,41.8478,1.947,2.37333333,2.37333333,1994-07-29,SINA,pre1996,True,True,possible_legal,0.000645161290322414
000014,1996-04-29,6.280,4.659,4.660,34.7795,1.621,3.01767958,3.01767958,1996-04-26,SINA,pre1996,True,True,possible_legal,0.00021459227467818324
000015,1994-08-01,4.080,2.658,2.880,53.5000,1.422,1.50490196,1.38888889,1994-07-29,TENCENT,pre1996,False,False,possible_legal,0.07708333333333332
000015,1994-09-05,7.180,5.057,5.250,41.9708,2.123,1.62637272,1.56571429,1994-09-02,TENCENT,pre1996,False,False,possible_legal,0.03676190476190469
000016,1993-05-01,0.580,,24.750,-40.2100,-0.390,,1.00000000,1993-04-30,AKSHARE,pre1996,False,False,possible_legal,
000017,1993-01-11,23.300,15.900,15.900,46.5409,7.400,1.00000000,1.00000000,1993-01-08,SINA,pre1996,True,False,possible_legal,0.0
000017,1994-08-01,6.000,4.300,4.300,39.5349,1.700,1.40000000,1.40000000,1994-07-29,SINA,pre1996,True,False,possible_legal,0.0
000017,2010-03-18,8.500,2.303,3.490,269.1589,6.197,3.25247525,2.14700000,2007-01-26,SINA,constrained,False,False,possible_legal,0.34011461318051583
000018,1994-08-01,3.300,2.328,2.300,41.7241,0.972,1.24653680,1.26022202,1994-07-29,TENCENT,pre1996,False,False,possible_legal,0.012173913043478273
000018,1995-05-18,6.360,4.796,4.770,32.5976,1.564,1.22752755,1.23354565,1995-05-17,TENCENT,pre1996,False,False,possible_legal,0.00545073375262069
000019,1994-08-01,3.200,2.318,2.320,38.0392,0.882,1.10102041,1.10102041,1994-07-29,SINA,pre1996,True,True,possible_legal,0.0008620689655171465
000020,1994-08-01,3.050,2.187,2.190,39.4422,0.863,1.14705882,1.14705882,1994-07-29,SINA,pre1996,True,True,possible_legal,0.0013698630136986822
000020,1995-05-18,3.930,2.980,2.980,31.8713,0.950,1.14705882,1.14705882,1995-05-17,SINA,pre1996,True,False,possible_legal,0.0
000020,1997-10-28,9.120,6.618,9.580,37.8080,2.502,1.77882476,1.22858634,1997-10-27,SINA,constrained,False,False,possible_legal,0.3091858037578288
000020,2007-05-18,11.750,3.262,3.750,260.2548,8.488,2.40643034,2.09259259,2006-11-06,SINA,constrained,False,False,possible_legal,0.13013333333333332
000021,1994-08-01,4.950,3.310,3.310,49.5468,1.640,1.00000000,1.00000000,1994-07-29,SINA,pre1996,True,False,possible_legal,0.0
000021,1995-05-18,5.300,3.878,3.880,36.6803,1.422,1.25818182,1.25818182,1995-05-17,SINA,pre1996,True,True,possible_legal,0.0005154639175257164
000021,1996-04-26,11.680,7.093,7.090,64.6594,4.587,1.42833878,1.42833878,1996-04-25,SINA,pre1996,True,True,possible_legal,0.00042313117066292155
000021,1996-04-29,16.990,11.677,11.680,45.5036,5.313,1.42833878,1.42833878,1996-04-26,SINA,pre1996,True,True,possible_legal,0.0002568493150685029
000023,1994-08-01,3.800,2.701,2.690,40.6728,1.099,1.20821293,1.21450482,1994-07-29,TENCENT,pre1996,False,False,possible_legal,0.004089219330855064
000023,1995-05-18,6.100,4.534,4.520,34.5521,1.566,1.20833333,1.20930233,1995-05-17,TENCENT,pre1996,False,False,possible_legal,0.003097345132743415
000023,1996-10-14,8.580,6.494,6.470,32.1249,2.086,1.53243267,1.53820034,1996-10-11,TENCENT,pre1996,False,False,possible_legal,0.003709428129829988
000024,1994-08-01,4.220,3.105,3.090,35.9043,1.115,1.20944559,1.21533923,1994-07-29,TENCENT,pre1996,False,False,possible_legal,0.004854368932038875
000024,1995-05-18,7.950,5.148,5.130,54.4283,2.802,1.20826162,1.21052632,1995-05-17,TENCENT,pre1996,False,False,possible_legal,0.003508771929824521
000025,1994-08-01,3.650,2.599,2.600,40.4459,1.051,1.20924574,1.20924574,1994-07-29,SINA,pre1996,True,True,possible_legal,0.0003846153846153422
000025,1995-05-18,4.750,3.583,3.580,32.5635,1.167,1.20924574,1.20924574,1995-05-17,SINA,pre1996,True,True,possible_legal,0.0008379888268156742
000026,1994-07-08,8.310,5.518,8.380,50.5967,2.792,1.51804966,1.00000000,1994-07-04,SINA,pre1996,False,False,possible_legal,0.3415274463007161
000026,1994-07-11,5.460,8.312,8.310,-34.3106,-2.852,1.51804966,1.51804966,1994-07-08,SINA,pre1996,True,True,possible_legal,0.00024067388688313977
000026,1994-08-01,6.690,4.787,4.790,39.7524,1.903,1.51804966,1.51804966,1994-07-29,SINA,pre1996,True,True,possible_legal,0.0006263048016701699
000026,1995-05-19,13.000,8.601,8.600,51.1485,4.399,1.51804966,1.51804966,1995-05-17,SINA,pre1996,True,True,possible_legal,0.00011627906976758398
000027,1994-08-01,3.800,2.799,2.800,35.7827,1.001,1.11954059,1.11954059,1994-07-29,SINA,pre1996,True,True,possible_legal,0.00035714285714281784
000027,1997-03-03,11.540,8.675,12.730,33.0227,2.865,1.97943925,1.34876712,1997-02-28,SINA,constrained,False,False,possible_legal,0.31853888452474466
000028,1994-08-01,3.810,2.650,2.650,43.7736,1.160,1.00000000,1.00000000,1994-07-29,SINA,pre1996,True,False,possible_legal,0.0
000028,1994-09-05,7.010,5.300,5.300,32.2526,1.710,1.10546507,1.10546507,1994-09-02,SINA,pre1996,True,False,possible_legal,0.0
000030,1994-08-01,4.760,3.103,3.100,53.4211,1.657,1.22432432,1.22432432,1994-07-29,SINA,pre1996,True,True,possible_legal,0.0009677419354839076
000030,1995-05-18,5.780,4.270,4.270,35.3728,1.510,1.22432432,1.22432432,1995-05-17,SINA,pre1996,True,False,possible_legal,0.0
000030,1996-06-12,4.810,3.350,3.350,43.5897,1.460,1.39659686,1.39659686,1996-06-11,SINA,pre1996,True,False,possible_legal,0.0
000031,1994-08-01,4.000,2.813,2.810,42.1875,1.187,1.13706074,1.13706074,1994-07-29,SINA,pre1996,True,True,possible_legal,0.0010676156583630297
000031,1994-08-03,5.200,3.854,3.850,34.9315,1.346,1.13706074,1.13706074,1994-08-02,SINA,pre1996,True,True,possible_legal,0.0010389610389610398
000032,1994-08-01,3.740,2.625,2.620,42.4528,1.115,1.21241830,1.21241830,1994-07-29,SINA,pre1996,True,True,possible_legal,0.0019083969465648447
000032,1994-09-05,7.150,5.047,5.050,41.6667,2.103,1.21241830,1.21241830,1994-09-02,SINA,pre1996,True,True,possible_legal,0.0005940594059406166
000032,1995-05-18,4.460,3.397,3.400,31.3107,1.063,1.21241830,1.21241830,1995-05-17,SINA,pre1996,True,True,possible_legal,0.000882352941176504
000032,1996-04-29,5.320,3.885,3.890,36.9318,1.435,1.35802469,1.35802469,1996-04-26,SINA,pre1996,True,True,possible_legal,0.0012853470437018861
000033,1994-08-01,3.360,2.380,2.380,41.1765,0.980,1.00000000,1.00000000,1994-07-29,TENCENT,pre1996,True,False,possible_legal,0.0
000033,1995-05-19,7.500,3.848,3.900,94.9153,3.652,1.07333333,1.05897436,1995-05-17,TENCENT,pre1996,False,False,possible_legal,0.013333333333333346
000034,1994-08-01,5.000,3.700,3.700,35.1351,1.300,1.00000000,1.00000000,1994-07-29,SINA,pre1996,True,False,possible_legal,0.0
000034,1995-05-18,5.550,4.056,4.060,36.8201,1.494,1.17823935,1.17823935,1995-05-17,SINA,pre1996,True,True,possible_legal,0.0009852216748767388
000034,1996-07-19,10.090,7.408,7.410,36.2132,2.682,1.46837780,1.46837780,1996-07-18,SINA,pre1996,True,True,possible_legal,0.0002699055330633981
000035,1994-08-01,5.450,4.020,4.020,35.5721,1.430,1.00000000,1.00000000,1994-07-29,SINA,pre1996,True,False,possible_legal,0.0
000035,1995-05-18,5.650,4.156,4.150,35.9504,1.494,1.16537713,1.16537713,1995-05-17,SINA,pre1996,True,True,possible_legal,0.0014457831325299611
000035,1996-04-29,8.960,5.700,5.700,57.1819,3.260,1.28186969,1.28186969,1996-04-26,SINA,pre1996,True,False,possible_legal,0.0
000035,1996-07-10,6.750,5.088,5.090,32.6687,1.662,1.28186969,1.28186969,1996-07-09,SINA,pre1996,True,True,possible_legal,0.00039292730844789385
000035,2007-01-16,2.510,1.656,2.980,51.5707,0.854,2.30733680,1.28186969,2006-11-24,SINA,constrained,False,False,possible_legal,0.4442953020134228
000036,1994-08-01,3.300,2.210,2.210,49.3213,1.090,1.00000000,1.00000000,1994-07-29,SINA,pre1996,True,False,possible_legal,0.0
000036,1995-05-18,4.200,2.870,2.870,46.3415,1.330,1.00000000,1.00000000,1995-05-17,SINA,pre1996,True,False,possible_legal,0.0
000036,1998-08-04,6.810,12.795,12.790,-46.7742,-5.985,1.16342857,1.16342857,1998-05-12,SINA,constrained,True,True,confirmed_dirty,0.0003909304143863004
000036,2006-03-28,2.330,1.458,5.010,59.8443,0.872,6.16701682,1.79411765,2006-03-08,SINA,constrained,False,False,possible_legal,0.7089820359281437
000037,1994-08-01,6.050,4.200,4.200,44.0476,1.850,1.00000000,1.00000000,1994-07-29,SINA,pre1996,True,False,possible_legal,0.0
000037,1995-05-18,15.800,11.940,11.940,32.3283,3.860,1.00000000,1.00000000,1995-05-17,SINA,pre1996,True,False,possible_legal,0.0
000038,2013-02-08,13.000,9.532,12.330,36.3854,3.468,1.75618073,1.35788096,2007-04-27,TENCENT,constrained,False,False,possible_legal,0.22692619626926197
000038,2023-06-19,0.620,2.086,3.430,-70.2800,-1.466,5.30645161,3.22740525,2023-04-28,TENCENT,constrained,False,False,possible_legal,0.39183673469387764
000039,1995-05-18,16.530,12.550,12.550,31.7131,3.980,1.00000000,1.00000000,1995-05-17,SINA,pre1996,True,False,possible_legal,0.0
000040,1995-05-18,8.750,6.470,6.470,35.2396,2.280,1.00000000,1.00000000,1995-05-17,TENCENT,pre1996,True,False,possible_legal,0.0
000045,1994-09-05,9.650,6.780,6.780,42.3304,2.870,1.00000000,1.00000000,1994-09-02,SINA,pre1996,True,False,possible_legal,0.0
000045,1995-05-18,7.830,5.650,5.650,38.5841,2.180,1.00000000,1.00000000,1995-05-17,SINA,pre1996,True,False,possible_legal,0.0
000046,1995-05-18,8.610,6.467,6.450,33.1361,2.143,1.30851064,1.30851064,1995-05-17,TENCENT,pre1996,True,True,possible_legal,0.0026356589147285983
000046,2006-03-24,5.050,3.848,4.950,31.2238,1.202,6.81584158,5.29482015,2006-02-21,TENCENT,constrained,False,False,possible_legal,0.22262626262626267
000047,1995-05-18,11.380,8.180,8.180,39.1198,3.200,1.00000000,1.00000000,1995-05-17,TENCENT,pre1996,True,False,possible_legal,0.0
000048,1995-05-18,8.880,6.380,6.380,39.1850,2.500,1.00000000,1.00000000,1995-05-17,SINA,pre1996,True,False,possible_legal,0.0
000049,1995-05-18,10.590,7.280,7.280,45.4670,3.310,1.00000000,1.00000000,1995-05-17,SINA,pre1996,True,False,possible_legal,0.0
000050,1995-05-18,13.250,9.250,9.250,43.2432,4.000,1.00000000,1.00000000,1995-05-17,SINA,pre1996,True,False,possible_legal,0.0
000055,2006-04-10,4.100,3.102,5.220,32.1581,0.998,3.01778082,1.79248826,2006-03-15,SINA,constrained,False,False,possible_legal,0.4057471264367816
000068,2008-01-14,9.380,7.056,10.300,32.9397,2.324,2.28061224,1.56177924,2007-10-31,SINA,constrained,False,False,possible_legal,0.31495145631067967
000156,2012-10-19,14.420,0.812,1.250,1675.3968,13.608,1.55124836,1.00679758,2006-03-31,SINA,constrained,False,False,possible_legal,0.35039999999999993
000301,2007-09-03,17.340,12.099,13.040,43.3148,5.241,1.93478261,1.79550081,2007-05-23,SINA,constrained,False,False,possible_legal,0.0721625766871165
000401,1997-07-22,11.420,7.808,13.080,46.2538,3.612,1.67484663,1.00000000,1997-07-21,SINA,constrained,False,False,possible_legal,0.4030581039755352
000403,2013-02-08,19.330,3.163,5.060,511.1903,16.167,4.43616438,2.77258236,2007-04-10,SINA,constrained,False,False,possible_legal,0.374901185770751
000409,2005-05-30,1.870,2.843,2.840,-34.2237,-0.973,2.10899873,2.10899873,2004-04-29,SINA,constrained,True,True,confirmed_dirty,0.001056338028169054
000421,2007-01-09,4.360,3.252,4.460,34.0894,1.108,9.22102009,6.72111411,2006-11-15,SINA,constrained,False,False,possible_legal,0.2708520179372198
000423,2007-06-01,28.200,12.328,17.460,128.7487,15.872,8.56342388,6.04665775,2007-05-15,SINA,constrained,False,False,possible_legal,0.29392898052691874
000425,2006-12-28,6.890,5.144,6.790,33.9414,1.746,6.50000000,4.92432985,2006-12-08,SINA,constrained,False,False,possible_legal,0.24241531664212074
000498,2013-02-08,5.570,3.641,3.640,52.9713,1.929,2.68000000,2.68000000,2008-04-24,SINA,constrained,True,True,confirmed_dirty,0.0002747252747252445
000501,1993-01-03,1.750,,11.000,34.6200,0.450,,1.00000000,1992-12-31,AKSHARE,pre1996,False,False,possible_legal,
000501,1994-08-01,3.900,2.817,2.820,38.4615,1.083,1.61432189,1.61432189,1994-07-29,SINA,pre1996,True,True,possible_legal,0.0010638297872339255
000502,1994-08-01,4.720,2.536,3.330,86.1314,2.184,1.08050847,0.82282282,1994-07-29,TENCENT,pre1996,False,False,possible_legal,0.23843843843843845
000502,1994-09-05,4.620,3.499,3.800,32.0261,1.121,1.74891775,1.61052632,1994-09-02,TENCENT,pre1996,False,False,possible_legal,0.0792105263157894
000502,1995-05-18,3.160,1.937,2.410,63.1206,1.223,1.45569620,1.17012448,1995-05-17,TENCENT,pre1996,False,False,possible_legal,0.19626556016597513
000502,1995-07-19,3.680,1.878,2.480,95.9732,1.802,1.58695652,1.20161290,1995-07-17,TENCENT,pre1996,False,False,possible_legal,0.24274193548387102
000502,1995-07-20,4.560,3.358,3.680,35.7877,1.202,1.73903509,1.58695652,1995-07-19,TENCENT,pre1996,False,False,possible_legal,0.08750000000000001
000502,1996-10-21,8.840,6.318,6.650,39.9270,2.522,2.16855204,2.06015038,1996-10-18,TENCENT,pre1996,False,False,possible_legal,0.049924812030075295
000502,2007-01-10,5.830,3.551,5.820,64.1997,2.279,3.27107866,1.99482759,2006-11-30,TENCENT,constrained,False,False,possible_legal,0.38986254295532646
000502,2022-06-06,0.520,,3.800,-108.4063,,3.00526316,3.00526316,2022-04-29,TENCENT,constrained,True,False,possible_legal,
000502,2022-06-15,0.690,1.164,0.630,-40.7407,-0.474,3.00526316,3.00526316,2022-06-14,TENCENT,constrained,True,True,confirmed_dirty,0.8476190476190475
000502,2022-06-22,0.610,0.384,0.670,58.9744,0.226,3.00526316,3.00526316,2022-06-21,TENCENT,constrained,True,True,confirmed_dirty,0.42686567164179107
000503,1994-08-01,2.890,1.967,1.970,46.9325,0.923,1.65723270,1.65723270,1994-07-29,SINA,pre1996,True,True,possible_legal,0.0015228426395938537
000503,1995-05-18,3.820,2.818,2.820,35.5460,1.002,1.65723270,1.65723270,1995-05-17,SINA,pre1996,True,True,possible_legal,0.0007092198581559502
000503,2006-05-16,9.790,5.738,7.460,70.6022,4.052,8.10279001,6.23286095,2006-03-24,SINA,constrained,False,False,possible_legal,0.2308310991957104
000504,1994-08-01,4.150,2.920,2.920,42.1365,1.230,2.30769231,2.30769231,1994-07-29,SINA,pre1996,True,False,possible_legal,0.0
000504,1995-05-19,3.510,2.628,2.630,33.5433,0.882,2.41527430,2.41527430,1995-05-17,SINA,pre1996,True,True,possible_legal,0.0007604562737641748
000505,1994-08-01,5.700,4.220,4.220,35.0588,1.480,2.01435407,2.01435407,1994-07-29,SINA,pre1996,True,False,possible_legal,0.0
000506,1994-08-01,2.920,2.073,2.070,40.8560,0.847,1.23928571,1.23928571,1994-07-29,SINA,pre1996,True,True,possible_legal,0.0014492753623188957
000506,2009-06-05,8.600,3.291,4.440,161.3022,5.309,2.47368421,1.83233533,2007-04-20,SINA,constrained,False,False,possible_legal,0.25878378378378386
000507,1994-08-01,3.790,2.557,2.560,48.2072,1.233,1.96250000,1.96250000,1994-07-29,SINA,pre1996,True,True,possible_legal,0.0011718750000000444
000508,1994-08-01,5.500,3.517,4.100,56.3758,1.983,1.27090909,1.09024390,1994-07-29,TENCENT,pre1996,False,False,possible_legal,0.14219512195121947
000508,1994-09-06,12.260,8.907,9.350,37.6437,3.353,1.56280587,1.48877005,1994-09-05,TENCENT,pre1996,False,False,possible_legal,0.047379679144384984
000508,1995-05-18,3.360,2.289,2.690,46.7672,1.071,2.02678571,1.72490706,1995-05-17,TENCENT,pre1996,False,False,possible_legal,0.14907063197026016
000509,1994-08-01,3.970,2.815,2.810,41.0526,1.155,1.35073892,1.35073892,1994-07-29,SINA,pre1996,True,True,possible_legal,0.0017793594306049442
000509,1995-05-18,3.800,2.900,2.900,31.0413,0.900,1.75586854,1.75586854,1995-05-17,SINA,pre1996,True,False,possible_legal,0.0
000509,1996-10-03,7.040,5.208,5.210,35.1682,1.832,1.88321168,1.88321168,1996-09-27,SINA,pre1996,True,True,possible_legal,0.00038387715930897885
000510,1994-08-01,3.910,2.734,2.730,43.0168,1.176,1.30983104,1.30983104,1994-07-29,SINA,pre1996,True,True,possible_legal,0.0014652014652014665
000510,1995-05-18,4.650,3.411,3.410,36.3167,1.239,1.70284238,1.70284238,1995-05-17,SINA,pre1996,True,True,possible_legal,0.0002932551319647771
000511,1994-08-01,3.410,1.780,2.430,91.5612,1.630,1.33137830,0.97530864,1994-07-29,TENCENT,pre1996,False,False,possible_legal,0.26748971193415644
000511,1994-08-03,3.820,2.858,3.200,33.6609,0.962,1.42408377,1.27187500,1994-08-02,TENCENT,pre1996,False,False,possible_legal,0.10687500000000003
000511,1994-09-05,6.150,4.623,4.960,33.0402,1.527,1.72195122,1.60483871,1994-09-02,TENCENT,pre1996,False,False,possible_legal,0.06794354838709672
000511,1995-05-18,3.970,2.456,3.050,61.6216,1.514,1.50629723,1.21311475,1995-05-17,TENCENT,pre1996,False,False,possible_legal,0.19475409836065571
000513,1994-08-01,5.500,3.792,3.790,45.0304,1.708,1.30000000,1.30000000,1994-07-29,SINA,pre1996,True,True,possible_legal,0.0005277044854880685
000514,1994-08-01,3.000,2.026,2.030,48.0969,0.974,1.42526316,1.42526316,1994-07-29,SINA,pre1996,True,True,possible_legal,0.0019704433497536966
000514,1995-01-18,6.800,4.000,4.000,70.0000,2.800,1.42526316,1.42526316,1995-01-17,SINA,pre1996,True,False,possible_legal,0.0
000514,1995-01-19,4.010,6.805,6.800,-41.0733,-2.795,1.42526316,1.42526316,1995-01-18,SINA,pre1996,True,True,possible_legal,0.0007352941176470432
000515,1994-08-01,2.810,1.867,1.970,50.5102,0.943,1.04982206,0.99492386,1994-07-29,TENCENT,pre1996,False,False,possible_legal,0.052284263959390856
000515,1996-06-13,7.600,5.058,5.130,50.2591,2.542,1.14473684,1.12865497,1996-06-12,TENCENT,pre1996,False,False,possible_legal,0.014035087719298258
000516,1994-08-01,3.250,2.351,2.350,38.2353,0.899,1.15704388,1.15704388,1994-07-29,SINA,pre1996,True,True,possible_legal,0.0004255319148935701
000516,1995-05-18,7.900,5.739,5.740,37.6506,2.161,1.15704388,1.15704388,1995-05-17,SINA,pre1996,True,True,possible_legal,0.00017421602787462263
000517,1994-08-01,3.280,2.310,2.310,41.9786,0.970,1.61818182,1.61818182,1994-07-29,SINA,pre1996,True,False,possible_legal,0.0
000517,1995-05-18,4.450,3.300,3.300,34.8315,1.150,1.61818182,1.61818182,1995-05-17,SINA,pre1996,True,False,possible_legal,0.0
000517,2009-09-11,12.300,2.001,2.000,514.7143,10.299,3.49833611,3.49833611,2006-03-03,SINA,constrained,True,True,confirmed_dirty,0.0004999999999999449
000518,1993-11-08,11.400,8.150,8.150,39.8773,3.250,1.00000000,1.00000000,1993-11-05,SINA,pre1996,True,False,possible_legal,0.0
000518,1994-08-01,2.850,2.033,2.030,40.1639,0.817,1.20000000,1.20000000,1994-07-29,SINA,pre1996,True,True,possible_legal,0.001477832512315327
000519,1995-05-19,5.420,3.616,3.620,49.8956,1.804,1.32413793,1.32413793,1995-05-17,SINA,pre1996,True,True,possible_legal,0.0011049723756906087
000520,1994-08-01,4.000,2.850,2.850,40.3465,1.150,1.41634981,1.41634981,1994-07-29,SINA,pre1996,True,False,possible_legal,0.0
000520,1998-06-20,0.860,,7.460,-78.9200,-3.220,,3.70219273,1998-06-19,AKSHARE,constrained,False,False,possible_legal,
000520,2015-12-18,21.200,2.530,2.530,737.9405,18.670,7.17782910,7.17782910,2013-12-26,SINA,constrained,True,False,possible_legal,0.0
000522,1994-08-01,5.450,4.046,4.020,34.7087,1.404,2.03474207,2.04819277,1994-07-29,TENCENT,pre1996,False,False,possible_legal,0.006467661691542461
000522,1996-09-02,5.350,3.831,3.860,39.6396,1.519,2.31775701,2.29428571,1996-08-30,TENCENT,pre1996,False,False,possible_legal,0.007512953367875626
000523,1994-08-01,5.200,3.799,3.800,36.8741,1.401,1.73547401,1.73547401,1994-07-29,SINA,pre1996,True,True,possible_legal,0.00026315789473681315
000524,1994-08-01,4.880,3.510,3.510,39.0335,1.370,1.53263158,1.53263158,1994-07-29,SINA,pre1996,True,False,possible_legal,0.0
000525,1994-08-01,3.000,2.058,2.060,45.7490,0.942,1.20000000,1.20000000,1994-07-29,SINA,pre1996,True,True,possible_legal,0.0009708737864078756
000525,1995-05-19,4.700,3.117,3.120,50.8021,1.583,1.20000000,1.20000000,1995-05-17,SINA,pre1996,True,True,possible_legal,0.0009615384615384979
000526,1994-08-01,3.700,2.608,2.610,41.8530,1.092,1.20000000,1.20000000,1994-07-29,SINA,pre1996,True,True,possible_legal,0.0007662835249041302
000526,1994-09-26,18.000,12.150,12.150,48.1481,5.850,1.20000000,1.20000000,1994-09-23,SINA,pre1996,True,False,possible_legal,0.0
000526,1994-10-18,15.600,6.058,6.060,157.5251,9.542,1.48104265,1.48104265,1994-10-17,SINA,pre1996,True,True,possible_legal,0.0003300330033002937
000526,1994-10-19,8.610,15.599,15.600,-44.8052,-6.989,1.48104265,1.48104265,1994-10-18,SINA,pre1996,True,True,possible_legal,6.410256410252858e-05
000526,1995-05-18,7.150,5.179,5.180,38.0704,1.971,1.48104265,1.48104265,1995-05-17,SINA,pre1996,True,True,possible_legal,0.00019305019305008607
000526,1996-06-10,7.200,5.444,5.440,32.2581,1.756,1.48104265,1.48104265,1996-06-07,SINA,pre1996,True,True,possible_legal,0.0007352941176469778
000527,1994-08-01,6.550,4.919,4.900,33.1658,1.631,2.01940505,2.03036636,1994-07-29,TENCENT,pre1996,False,False,possible_legal,0.0038775510204080077
000528,1994-08-01,4.300,3.207,3.210,34.0956,1.093,1.50000000,1.50000000,1994-07-29,SINA,pre1996,True,True,possible_legal,0.0009345794392523718
000529,2009-09-11,8.150,0.870,0.870,836.7647,7.280,3.12618412,3.12618412,2006-04-28,SINA,constrained,True,False,possible_legal,0.0
000530,1994-08-01,3.180,2.381,2.380,33.5664,0.799,1.20000000,1.20000000,1994-07-29,SINA,pre1996,True,True,possible_legal,0.0004201680672268445
000530,1995-05-18,4.170,3.090,3.090,34.9693,1.080,1.58198614,1.58198614,1995-05-17,SINA,pre1996,True,False,possible_legal,0.0
000531,1994-08-01,3.880,2.724,2.720,42.4490,1.156,1.80000000,1.80000000,1994-07-29,SINA,pre1996,True,True,possible_legal,0.001470588235294119
000532,1994-08-01,4.160,3.048,3.050,36.4865,1.112,1.70000000,1.70000000,1994-07-29,SINA,pre1996,True,True,possible_legal,0.0006557377049179606
000533,1994-08-01,3.850,2.850,2.850,35.0877,1.000,1.00000000,1.00000000,1994-07-29,SINA,pre1996,True,False,possible_legal,0.0
000533,1996-09-02,6.150,4.655,4.650,32.1178,1.495,1.53232462,1.53232462,1996-08-30,SINA,pre1996,True,True,possible_legal,0.001075268817204278
000534,1994-08-01,4.300,3.183,3.180,35.0775,1.117,1.62147887,1.62147887,1994-07-29,SINA,pre1996,True,True,possible_legal,0.0009433962264149904
000535,1995-05-18,4.490,3.340,3.480,34.4123,1.150,1.75723831,1.68496057,1995-05-17,TENCENT,pre1996,False,False,possible_legal,0.0402298850574713
000536,1994-04-21,0.250,,0.170,47.0600,0.080,,,1994-04-20,AKSHARE,pre1996,False,False,possible_legal,
000536,1994-04-27,0.370,,0.270,37.0400,0.100,,,1994-04-26,AKSHARE,pre1996,False,False,possible_legal,
000536,1994-05-13,0.300,,0.220,36.3600,0.080,,,1994-05-12,AKSHARE,pre1996,False,False,possible_legal,
000536,1994-06-13,0.020,,0.050,-60.0000,-0.030,,,1994-06-10,AKSHARE,pre1996,False,False,possible_legal,
000536,1994-06-15,0.030,,0.020,50.0000,0.010,,,1994-06-14,AKSHARE,pre1996,False,False,possible_legal,
000536,1994-06-16,0.050,,0.030,66.6700,0.020,,,1994-06-15,AKSHARE,pre1996,False,False,possible_legal,
000536,1994-06-17,0.070,,0.050,40.0000,0.020,,,1994-06-16,AKSHARE,pre1996,False,False,possible_legal,
000536,1994-06-20,0.020,,0.070,-71.4300,-0.050,,,1994-06-17,AKSHARE,pre1996,False,False,possible_legal,
000536,1994-06-21,0.030,,0.020,50.0000,0.010,,,1994-06-20,AKSHARE,pre1996,False,False,possible_legal,
000536,1994-06-22,0.040,,0.030,33.3300,0.010,,,1994-06-21,AKSHARE,pre1996,False,False,possible_legal,
000536,1994-06-23,3.070,10.000,0.040,-69.3000,-6.930,1.00000000,,1994-06-22,SINA,pre1996,False,False,possible_legal,249.00000000000003
000536,1994-09-27,9.650,6.800,6.800,41.9118,2.850,1.00000000,1.00000000,1994-09-26,SINA,pre1996,True,False,possible_legal,0.0
000536,1995-05-18,5.450,3.904,3.900,39.5928,1.546,1.13318284,1.13318284,1995-05-17,SINA,pre1996,True,True,possible_legal,0.0010256410256410265
000536,1996-04-05,0.050,,0.030,66.6700,0.020,,,1996-04-04,AKSHARE,pre1996,False,False,possible_legal,
000536,2002-06-28,10.940,7.916,7.920,38.2011,3.024,1.19354839,1.19354839,2002-04-19,SINA,constrained,True,True,confirmed_dirty,0.0005050505050504494
000536,2009-04-09,15.040,5.775,8.660,160.4449,9.265,1.79028698,1.19354839,2009-02-19,SINA,constrained,False,False,possible_legal,0.3331408775981524
000537,1994-08-01,2.850,1.990,1.990,43.2432,0.860,1.11480922,1.11480922,1994-07-29,SINA,pre1996,True,False,possible_legal,0.0
000537,1994-11-11,4.150,3.012,3.010,37.7976,1.138,1.11464191,1.11464191,1994-11-10,SINA,pre1996,True,True,possible_legal,0.0006644518272425993
000537,1995-05-18,3.860,2.891,2.890,33.5404,0.969,1.11464191,1.11464191,1995-05-17,SINA,pre1996,True,True,possible_legal,0.0003460207612456366
000538,1994-08-01,3.480,2.401,2.400,44.9438,1.079,1.11065574,1.11065574,1994-07-29,SINA,pre1996,True,True,possible_legal,0.0004166666666666208
000538,1995-05-18,6.500,4.321,4.320,50.4167,2.179,1.11065574,1.11065574,1995-05-17,SINA,pre1996,True,True,possible_legal,0.00023148148148135317
000540,1994-08-01,4.230,2.970,2.970,42.4242,1.260,1.00000000,1.00000000,1994-07-29,TENCENT,pre1996,True,False,possible_legal,0.0
000540,1995-05-18,7.490,5.280,5.280,41.8561,2.210,1.00000000,1.00000000,1995-05-17,TENCENT,pre1996,True,False,possible_legal,0.0
000540,2007-05-09,11.700,6.184,6.140,89.1900,5.516,5.12618778,5.17020101,2007-02-12,TENCENT,constrained,False,False,possible_legal,0.0071661237785017075
000542,1994-08-01,5.510,4.072,4.060,35.3228,1.438,2.02057361,2.02057361,1994-07-29,TENCENT,pre1996,True,True,possible_legal,0.002955665024630654
000543,1994-01-06,0.540,,0.380,42.1100,0.160,,,1994-01-05,AKSHARE,pre1996,False,False,possible_legal,
000543,1994-02-14,0.360,,0.570,-36.8400,-0.210,,,1994-02-04,AKSHARE,pre1996,False,False,possible_legal,
000543,1994-03-28,0.090,,0.170,-47.0600,-0.080,,,1994-03-25,AKSHARE,pre1996,False,False,possible_legal,
000543,1994-03-29,0.160,,0.090,77.7800,0.070,,,1994-03-28,AKSHARE,pre1996,False,False,possible_legal,
000543,1994-03-30,0.110,,0.160,-31.2500,-0.050,,,1994-03-29,AKSHARE,pre1996,False,False,possible_legal,
000543,1994-04-04,0.030,,0.060,-50.0000,-0.030,,,1994-04-01,AKSHARE,pre1996,False,False,possible_legal,
000543,1994-04-06,0.050,,0.030,66.6700,0.020,,,1994-04-05,AKSHARE,pre1996,False,False,possible_legal,
000543,1994-04-07,0.080,,0.050,60.0000,0.030,,,1994-04-06,AKSHARE,pre1996,False,False,possible_legal,
000543,1994-04-08,0.030,,0.080,-62.5000,-0.050,,,1994-04-07,AKSHARE,pre1996,False,False,possible_legal,
000543,1994-04-11,0.020,,0.030,-33.3300,-0.010,,,1994-04-08,AKSHARE,pre1996,False,False,possible_legal,
000543,1994-04-13,,,0.020,-100.0000,-0.020,,,1994-04-12,AKSHARE,pre1996,False,False,possible_legal,
000543,1994-04-15,-0.050,,-0.080,37.5000,0.030,,,1994-04-14,AKSHARE,pre1996,False,False,possible_legal,
000543,1994-04-18,-0.160,,-0.050,-220.0000,-0.110,,,1994-04-15,AKSHARE,pre1996,False,False,possible_legal,
000543,1994-04-22,-0.240,,-0.170,-41.1800,-0.070,,,1994-04-21,AKSHARE,pre1996,False,False,possible_legal,
000543,1994-04-27,-0.140,,-0.210,33.3300,0.070,,,1994-04-26,AKSHARE,pre1996,False,False,possible_legal,
000543,1994-04-28,-0.200,,-0.140,-42.8600,-0.060,,,1994-04-27,AKSHARE,pre1996,False,False,possible_legal,
000543,1994-05-03,-0.090,,-0.150,40.0000,0.060,,,1994-04-29,AKSHARE,pre1996,False,False,possible_legal,
000543,1994-05-06,-0.020,,-0.080,75.0000,0.060,,,1994-05-05,AKSHARE,pre1996,False,False,possible_legal,
000543,1994-05-09,0.040,,-0.020,300.0000,0.060,,,1994-05-06,AKSHARE,pre1996,False,False,possible_legal,
000543,1994-05-11,0.020,,0.040,-50.0000,-0.020,,,1994-05-10,AKSHARE,pre1996,False,False,possible_legal,
000543,1994-05-13,0.170,,0.020,750.0000,0.150,,,1994-05-12,AKSHARE,pre1996,False,False,possible_legal,
000543,1994-05-16,0.270,,0.170,58.8200,0.100,,,1994-05-13,AKSHARE,pre1996,False,False,possible_legal,
000543,1994-05-25,0.120,,0.180,-33.3300,-0.060,,,1994-05-24,AKSHARE,pre1996,False,False,possible_legal,
000543,1994-05-26,0.060,,0.120,-50.0000,-0.060,,,1994-05-25,AKSHARE,pre1996,False,False,possible_legal,
000543,1994-05-27,0.040,,0.060,-33.3300,-0.020,,,1994-05-26,AKSHARE,pre1996,False,False,possible_legal,
000543,1994-05-30,-0.090,,0.040,-325.0000,-0.130,,,1994-05-27,AKSHARE,pre1996,False,False,possible_legal,
000543,1994-06-01,-0.120,,-0.070,-71.4300,-0.050,,,1994-05-31,AKSHARE,pre1996,False,False,possible_legal,
000543,1994-06-16,-0.140,,-0.210,33.3300,0.070,,,1994-06-15,AKSHARE,pre1996,False,False,possible_legal,
000543,1994-06-17,-0.070,,-0.140,50.0000,0.070,,,1994-06-16,AKSHARE,pre1996,False,False,possible_legal,
000543,1994-06-20,-0.180,,-0.070,-157.1400,-0.110,,,1994-06-17,AKSHARE,pre1996,False,False,possible_legal,
000543,1994-06-23,3.790,6.200,-0.180,-38.8710,-2.410,1.00000000,,1994-06-22,SINA,pre1996,False,False,possible_legal,
000543,1994-08-01,4.220,3.170,3.170,33.1230,1.050,1.00000000,1.00000000,1994-07-29,SINA,pre1996,True,False,possible_legal,0.0
000543,1994-10-07,0.350,,0.200,75.0000,0.150,,,1994-10-06,AKSHARE,pre1996,False,False,possible_legal,
000544,1994-08-01,3.290,2.398,2.400,37.2024,0.892,1.40000000,1.40000000,1994-07-29,SINA,pre1996,True,True,possible_legal,0.0008333333333332416
000544,1995-05-18,4.050,3.071,3.070,31.8605,0.979,1.40000000,1.40000000,1995-05-17,SINA,pre1996,True,True,possible_legal,0.0003257328990229101
000544,1995-08-11,3.990,2.993,2.990,33.3333,0.998,1.46438746,1.46438746,1995-08-10,SINA,pre1996,True,True,possible_legal,0.0010033444816052407
000544,2007-01-16,4.710,3.402,3.570,38.4615,1.308,2.13983441,2.03797468,2006-11-20,SINA,constrained,False,False,possible_legal,0.04705882352941168
000545,1994-08-01,2.790,1.976,1.980,41.1765,0.814,1.11704312,1.11704312,1994-07-29,SINA,pre1996,True,True,possible_legal,0.002020202020202022
000545,1994-09-28,6.780,5.060,5.060,33.9823,1.720,1.11704312,1.11704312,1994-09-27,SINA,pre1996,True,False,possible_legal,0.0
000545,1995-05-18,3.460,2.562,2.560,35.0453,0.898,1.29279279,1.29279279,1995-05-17,SINA,pre1996,True,True,possible_legal,0.000781249999999914
000545,2013-07-26,11.520,6.201,6.200,85.7762,5.319,1.85945946,1.85945946,2012-04-25,SINA,constrained,True,True,confirmed_dirty,0.00016129032258055577
000546,1994-08-01,2.800,1.950,1.950,43.5897,0.850,1.20000000,1.20000000,1994-07-29,SINA,pre1996,True,False,possible_legal,0.0
000546,1994-09-08,6.850,5.150,5.150,33.0097,1.700,1.20000000,1.20000000,1994-09-07,SINA,pre1996,True,False,possible_legal,0.0
000546,1995-05-18,3.590,2.650,2.650,35.4756,0.940,1.46687697,1.46687697,1995-05-17,SINA,pre1996,True,False,possible_legal,0.0
000546,2001-09-28,4.500,6.601,6.600,-31.8310,-2.101,1.61349693,1.61349693,2001-09-14,SINA,constrained,True,True,confirmed_dirty,0.00015151515151520212
000547,1994-08-01,3.130,2.260,2.260,38.4956,0.870,1.00000000,1.00000000,1994-07-29,SINA,pre1996,True,False,possible_legal,0.0
000547,1995-05-18,6.720,4.654,4.650,44.3820,2.066,1.14807302,1.14807302,1995-05-17,SINA,pre1996,True,True,possible_legal,0.0008602150537633461
000548,1994-08-01,3.060,2.268,2.270,34.9265,0.792,1.20000000,1.20000000,1994-07-29,SINA,pre1996,True,True,possible_legal,0.0008810572687225656
000548,1995-08-14,4.150,2.954,2.960,40.4700,1.196,1.29538878,1.29538878,1995-08-11,SINA,pre1996,True,True,possible_legal,0.002027027027026954
000549,1994-08-01,2.820,2.000,2.000,41.0000,0.820,1.00000000,1.00000000,1994-07-29,TENCENT,pre1996,True,False,possible_legal,0.0
000549,1994-09-05,6.030,4.320,4.320,39.5833,1.710,1.00000000,1.00000000,1994-09-02,TENCENT,pre1996,True,False,possible_legal,0.0
000549,1995-05-18,3.360,2.470,2.580,36.0424,0.890,1.14583333,1.09689922,1995-05-17,TENCENT,pre1996,False,False,possible_legal,0.04263565891472863
000550,1994-08-01,3.030,2.146,2.140,41.2214,0.884,1.22181818,1.22181818,1994-07-29,SINA,pre1996,True,True,possible_legal,0.002803738317756908
000550,1995-08-11,5.200,3.728,3.730,39.4958,1.472,1.27627119,1.27627119,1995-08-10,SINA,pre1996,True,True,possible_legal,0.0005361930294905576
000552,1994-08-01,2.750,1.960,1.960,40.2778,0.790,1.10000000,1.10000000,1994-07-29,SINA,pre1996,True,False,possible_legal,0.0
000552,1995-05-18,3.500,2.582,2.580,35.5634,0.918,1.10000000,1.10000000,1995-05-17,SINA,pre1996,True,True,possible_legal,0.000775193798449527
000553,1995-05-18,4.830,3.606,3.610,33.9492,1.224,1.20000000,1.20000000,1995-05-17,SINA,pre1996,True,True,possible_legal,0.0011080332409972309
000554,1994-05-03,0.610,,0.410,48.7800,0.200,,,1994-04-29,AKSHARE,pre1996,False,False,possible_legal,
000555,1994-08-01,3.100,2.180,2.180,42.2018,0.920,1.00000000,1.00000000,1994-07-29,SINA,pre1996,True,False,possible_legal,0.0
000555,1995-05-18,5.500,4.060,4.060,35.4680,1.440,1.00000000,1.00000000,1995-05-17,SINA,pre1996,True,False,possible_legal,0.0
000556,1994-08-01,3.680,2.764,2.730,33.1395,0.916,1.24333524,1.25906889,1994-07-29,TENCENT,pre1996,False,False,possible_legal,0.012454212454212384
000556,1994-09-05,8.200,5.642,5.600,45.3488,2.558,1.21972534,1.22857143,1994-08-31,TENCENT,pre1996,False,False,possible_legal,0.007500000000000126
000556,2002-04-26,1.500,4.105,4.000,-63.4597,-2.605,2.50666667,2.57250000,2002-04-19,TENCENT,constrained,False,False,possible_legal,0.026250000000000107
000558,1994-08-01,3.300,2.388,2.390,38.2143,0.912,1.17234469,1.17234469,1994-07-29,SINA,pre1996,True,True,possible_legal,0.000836820083682102
000558,1995-05-18,5.500,4.170,4.170,31.9018,1.330,1.17234469,1.17234469,1995-05-17,SINA,pre1996,True,False,possible_legal,0.0
000559,1994-08-01,3.200,2.350,2.350,36.1702,0.850,1.00000000,1.00000000,1994-07-29,SINA,pre1996,True,False,possible_legal,0.0
000559,1995-05-19,7.010,4.300,4.300,63.0233,2.710,1.00000000,1.00000000,1995-05-17,SINA,pre1996,True,False,possible_legal,0.0
000560,1994-08-01,3.000,2.025,2.030,48.1132,0.975,1.04591000,1.04591000,1994-07-29,SINA,pre1996,True,True,possible_legal,0.0024630541871920658
000560,1995-05-18,4.100,3.106,3.110,32.0000,0.994,1.04591000,1.04591000,1995-05-17,SINA,pre1996,True,True,possible_legal,0.0012861736334405156
000560,2006-09-25,4.400,3.186,4.140,38.1148,1.214,1.53166667,1.17821782,2006-08-11,SINA,constrained,False,False,possible_legal,0.2304347826086956
000561,1994-08-01,3.600,2.670,2.670,34.8315,0.930,1.00000000,1.00000000,1994-07-29,SINA,pre1996,True,False,possible_legal,0.0
000562,1994-08-01,3.390,2.440,2.440,38.9344,0.950,1.00000000,1.00000000,1994-07-29,TENCENT,pre1996,True,False,possible_legal,0.0
000562,1995-05-18,6.760,5.100,5.100,32.5490,1.660,1.00000000,1.00000000,1995-05-17,TENCENT,pre1996,True,False,possible_legal,0.0
000562,1996-04-26,6.290,4.291,4.300,46.5863,1.999,1.16237402,1.15582576,1996-04-25,TENCENT,pre1996,False,False,possible_legal,0.002093023255813826
000562,2006-06-21,8.170,6.082,8.010,34.3215,2.088,3.93789607,2.99088536,2006-05-25,TENCENT,constrained,False,False,possible_legal,0.24069912609238453
000563,1994-08-01,3.800,2.795,2.800,35.9420,1.005,1.23354232,1.23354232,1994-07-29,SINA,pre1996,True,True,possible_legal,0.0017857142857142477
000563,1996-04-26,6.520,4.776,4.780,36.5231,1.744,1.31250000,1.31250000,1996-04-25,SINA,pre1996,True,True,possible_legal,0.000836820083682102
000564,1994-08-01,3.050,2.105,2.110,44.8763,0.945,1.34271100,1.34271100,1994-07-29,SINA,pre1996,True,True,possible_legal,0.002369668246445447
000565,1994-08-01,3.750,2.760,2.760,35.8696,0.990,1.00000000,1.00000000,1994-07-29,SINA,pre1996,True,False,possible_legal,0.0
000565,1994-09-08,9.990,7.300,7.300,36.8493,2.690,1.00000000,1.00000000,1994-09-07,SINA,pre1996,True,False,possible_legal,0.0
000566,1994-08-01,4.190,3.040,3.040,37.8289,1.150,1.00000000,1.00000000,1994-07-29,SINA,pre1996,True,False,possible_legal,0.0
000566,1995-05-18,5.580,4.081,4.080,36.7347,1.499,1.20000000,1.20000000,1995-05-17,SINA,pre1996,True,True,possible_legal,0.00024509803921576813
000567,1994-05-27,-0.090,,7.750,-50.0000,-0.030,,1.00000000,1994-05-26,AKSHARE,pre1996,False,False,possible_legal,
000567,1994-07-08,4.720,3.337,4.800,41.4583,1.383,1.43898305,1.00000000,1994-07-04,SINA,pre1996,False,False,possible_legal,0.3047916666666666
000567,1994-07-11,3.120,4.718,4.720,-33.8733,-1.598,1.43898305,1.43898305,1994-07-08,SINA,pre1996,True,True,possible_legal,0.0004237288135592754
000567,1994-08-01,3.630,2.649,2.650,37.0079,0.981,1.43898305,1.43898305,1994-07-29,SINA,pre1996,True,True,possible_legal,0.0003773584905659962
000567,1994-12-29,8.200,5.573,5.570,47.1322,2.627,1.43898305,1.43898305,1994-12-28,SINA,pre1996,True,True,possible_legal,0.000538599640933593
000567,1995-05-18,5.870,4.349,4.350,34.9840,1.521,1.43898305,1.43898305,1995-05-17,SINA,pre1996,True,True,possible_legal,0.00022988505747113697
000569,1994-08-01,2.900,2.110,2.110,37.4408,0.790,1.00000000,1.00000000,1994-07-29,TENCENT,pre1996,True,False,possible_legal,0.0
000569,1995-05-19,3.550,2.588,2.550,37.1622,0.962,1.14366197,1.16015625,1995-05-17,TENCENT,pre1996,False,False,possible_legal,0.014901960784313826
000569,1996-06-13,3.630,2.747,2.700,32.1534,0.883,1.23415978,1.25611538,1996-06-12,TENCENT,pre1996,False,False,possible_legal,0.0174074074074073
000570,1994-08-01,3.150,2.260,2.260,39.3805,0.890,1.00000000,1.00000000,1994-07-29,SINA,pre1996,True,False,possible_legal,0.0
000570,1995-05-18,7.420,5.280,5.280,40.5303,2.140,1.00000000,1.00000000,1995-05-17,SINA,pre1996,True,False,possible_legal,0.0
000571,1994-08-01,4.300,3.110,3.110,38.2688,1.190,1.41086957,1.41086957,1994-07-29,SINA,pre1996,True,False,possible_legal,0.0
000571,1995-05-18,7.380,5.409,5.410,36.4351,1.971,1.41086957,1.41086957,1995-05-17,SINA,pre1996,True,True,possible_legal,0.0001848428835490451
000572,1994-09-05,13.850,10.384,10.380,33.3790,3.466,1.40542986,1.40542986,1994-09-02,SINA,pre1996,True,True,possible_legal,0.0003853564547205741
000572,1994-09-06,18.880,13.849,13.850,36.3309,5.031,1.40542986,1.40542986,1994-09-05,SINA,pre1996,True,True,possible_legal,7.220216606494193e-05
000576,1995-05-18,12.250,9.040,9.040,35.5088,3.210,1.00000000,1.00000000,1995-05-17,SINA,pre1996,True,False,possible_legal,0.0
000578,1995-05-18,10.350,6.520,6.520,58.7423,3.830,1.00000000,1.00000000,1995-05-17,TENCENT,pre1996,True,False,possible_legal,0.0
000578,2008-03-11,30.200,3.966,4.800,661.5614,26.234,4.22799073,3.49583333,2007-07-20,TENCENT,constrained,False,False,possible_legal,0.17374999999999993
000582,2007-05-22,15.350,10.267,13.550,49.5126,5.083,3.39757820,2.57395498,2007-03-16,SINA,constrained,False,False,possible_legal,0.24228782287822886
000584,2025-06-20,0.220,0.510,1.460,-56.8565,-0.290,18.59090909,6.49315068,2025-04-25,TENCENT,constrained,False,False,possible_legal,0.6506849315068493
000585,1996-10-17,14.990,7.216,7.180,107.7241,7.774,1.00663507,1.01129032,1996-10-16,TENCENT,pre1996,False,False,possible_legal,0.005013927576601738
000585,2022-04-28,0.320,0.821,0.980,-61.0294,-0.501,1.65625000,1.38775510,2022-03-30,TENCENT,constrained,False,False,possible_legal,0.1622448979591837
000587,2011-08-18,12.140,5.167,15.900,134.9575,6.973,6.84466019,2.21772472,2011-06-21,TENCENT,constrained,False,False,possible_legal,0.6750314465408805
000591,1996-03-04,5.450,4.100,4.100,32.9268,1.350,1.00000000,1.00000000,1996-02-16,SINA,pre1996,True,False,possible_legal,0.0
000592,2008-04-14,8.600,0.523,0.680,1544.6970,8.077,2.52492291,1.94244306,2006-04-28,SINA,constrained,False,False,possible_legal,0.23088235294117648
000594,2006-01-10,2.860,2.061,2.850,38.7960,0.799,11.60839161,8.39298246,2005-12-19,TENCENT,constrained,False,False,possible_legal,0.27684210526315794
000603,2006-06-30,3.000,2.229,4.460,34.5927,0.771,3.80000000,1.90000000,2006-06-01,SINA,constrained,False,False,possible_legal,0.5002242152466367
000606,2023-06-13,0.200,,0.920,-106.7797,,5.13043478,5.13043478,2023-04-28,TENCENT,constrained,True,False,possible_legal,
000606,2023-06-15,0.210,0.328,0.190,-35.8974,-0.118,5.13043478,5.13043478,2023-06-14,TENCENT,constrained,True,True,confirmed_dirty,0.7263157894736842
000606,2023-06-16,0.230,0.523,0.210,-56.0000,-0.293,5.13043478,5.13043478,2023-06-15,TENCENT,constrained,True,True,confirmed_dirty,1.4904761904761907
000606,2023-06-19,0.250,,0.230,-127.2727,,0.12000000,5.13043478,2023-06-16,TENCENT,constrained,False,False,possible_legal,
000606,2023-06-21,0.270,0.048,0.250,466.6667,0.222,0.62962963,0.12000000,2023-06-20,TENCENT,constrained,False,False,possible_legal,0.808
000606,2023-06-26,0.250,1.417,0.270,-82.3529,-1.167,0.12000000,0.62962963,2023-06-21,TENCENT,constrained,False,False,possible_legal,4.248148148148148
000606,2023-06-27,0.270,0.048,0.250,466.6667,0.222,0.62962963,0.12000000,2023-06-26,TENCENT,constrained,False,False,possible_legal,0.808
000606,2023-06-28,0.250,1.417,0.270,-82.3529,-1.167,0.12000000,0.62962963,2023-06-27,TENCENT,constrained,False,False,possible_legal,4.248148148148148
000606,2023-06-29,0.230,,0.250,-466.6667,,0.12000000,0.12000000,2023-06-28,TENCENT,constrained,True,False,possible_legal,
000606,2023-06-30,0.240,0.660,0.230,-63.6364,-0.420,0.12000000,0.12000000,2023-06-29,TENCENT,constrained,True,True,confirmed_dirty,1.8695652173913044
000606,2023-07-04,0.260,,0.240,-350.0000,,0.38461538,0.12000000,2023-07-03,TENCENT,constrained,False,False,possible_legal,
000606,2023-07-05,0.280,0.117,0.260,140.0000,0.163,0.85714286,0.38461538,2023-07-04,TENCENT,constrained,False,False,possible_legal,0.55
000611,2022-06-07,1.070,4.135,3.470,-74.1250,-3.065,3.86915888,4.61095101,2022-04-29,TENCENT,constrained,False,False,possible_legal,0.19164265129682984
000613,2007-08-08,7.380,2.868,3.730,157.3171,4.512,1.43000000,1.10000000,2007-06-11,TENCENT,constrained,False,False,possible_legal,0.23109919571045578
000613,2022-06-08,0.500,2.118,2.130,-76.3934,-1.618,1.43818182,1.43000000,2022-04-29,TENCENT,constrained,False,False,possible_legal,0.005633802816901414
000618,1996-10-17,20.700,13.940,13.940,48.4935,6.760,1.00000000,1.00000000,1996-10-16,TENCENT,pre1996,True,False,possible_legal,0.0
000620,2011-07-08,10.520,0.836,1.170,1158.8983,9.684,2.82428343,2.01737871,2006-03-17,SINA,constrained,False,False,possible_legal,0.28547008547008546
000622,2013-02-08,5.300,0.230,1.120,2201.6393,5.070,7.93704748,1.63392857,2006-04-28,TENCENT,constrained,False,False,possible_legal,0.7946428571428572
000622,2025-06-25,0.190,7.675,1.780,-97.5244,-7.485,1.73684211,7.48876404,2025-04-30,TENCENT,constrained,False,False,possible_legal,3.3117977528089884
000622,2025-06-26,0.170,0.330,0.190,-48.4848,-0.160,1.00000000,1.73684211,2025-06-25,TENCENT,constrained,False,False,possible_legal,0.736842105263158
000622,2025-06-27,0.160,0.302,0.170,-47.0588,-0.142,0.56250000,1.00000000,2025-06-26,TENCENT,constrained,False,False,possible_legal,0.7764705882352939
000622,2025-07-03,0.170,0.090,0.160,88.8889,0.080,1.00000000,0.56250000,2025-07-02,TENCENT,constrained,False,False,possible_legal,0.43750000000000006
000622,2025-07-04,0.160,0.302,0.170,-47.0588,-0.142,0.56250000,1.00000000,2025-07-03,TENCENT,constrained,False,False,possible_legal,0.7764705882352939
000622,2025-07-07,0.150,1.350,0.160,-88.8889,-1.200,0.06666667,0.56250000,2025-07-04,TENCENT,constrained,False,False,possible_legal,7.437500000000001
000622,2025-07-10,0.160,0.018,0.150,800.0000,0.142,0.56250000,0.06666667,2025-07-09,TENCENT,constrained,False,False,possible_legal,0.8800000000000001
000622,2025-07-11,0.170,0.090,0.160,88.8889,0.080,1.00000000,0.56250000,2025-07-10,TENCENT,constrained,False,False,possible_legal,0.43750000000000006
000622,2025-07-15,0.150,2.550,0.170,-94.1176,-2.400,0.06666667,1.00000000,2025-07-14,TENCENT,constrained,False,False,possible_legal,13.999999999999998
000627,1996-12-27,28.790,14.225,28.450,102.3902,14.565,2.00000000,1.00000000,1996-12-26,TENCENT,constrained,False,False,possible_legal,0.5
000627,1996-12-30,14.860,28.790,28.790,-48.3849,-13.930,2.00000000,2.00000000,1996-12-27,TENCENT,constrained,True,False,possible_legal,0.0
000631,2009-06-05,10.300,0.474,0.760,2071.3873,9.826,7.29453441,4.55909626,2006-04-27,SINA,constrained,False,False,possible_legal,0.37631578947368427
000633,2009-11-24,14.750,10.982,12.080,34.3111,3.768,7.48148148,6.80138050,2008-04-10,SINA,constrained,False,False,possible_legal,0.0908940397350994
000636,2006-04-06,3.330,2.245,4.040,48.3510,1.085,16.34615385,9.08108108,2006-03-21,SINA,constrained,False,False,possible_legal,0.4443069306930693
000638,2009-06-05,18.420,2.792,2.790,559.8055,15.628,2.21001842,2.21001842,2004-04-15,TENCENT,constrained,True,True,confirmed_dirty,0.0007168458781361218
000650,2007-03-29,14.040,1.058,1.380,1226.8382,12.982,5.14099660,3.94091904,2006-04-28,SINA,constrained,False,False,possible_legal,0.23333333333333323
000657,2013-02-08,14.290,9.900,9.900,44.3374,4.390,3.04151625,3.04151625,2010-03-26,SINA,constrained,True,False,possible_legal,0.0
000661,2007-01-19,7.650,5.044,5.800,51.6616,2.606,3.28055465,2.85261194,2006-12-18,SINA,constrained,False,False,possible_legal,0.13034482758620694
000670,2013-02-08,8.660,4.721,4.720,83.4545,3.939,3.49551857,3.49551857,2007-04-27,SINA,constrained,True,True,confirmed_dirty,0.00021186440677973178
000670,2014-07-15,8.750,6.136,18.410,42.5952,2.614,10.48657718,3.49551857,2014-05-23,SINA,constrained,False,False,possible_legal,0.6667028788701793
000670,2022-08-22,13.240,2.250,2.250,488.5545,10.990,10.48657718,10.48657718,2020-03-19,SINA,constrained,True,False,possible_legal,0.0
000672,2007-04-23,5.210,3.041,5.780,71.3048,2.169,5.69504950,2.99707602,2007-03-13,SINA,constrained,False,False,possible_legal,0.4738754325259516
000672,2013-04-26,7.210,5.210,5.210,38.3889,2.000,5.69504950,5.69504950,2007-04-23,SINA,constrained,True,False,possible_legal,0.0
000673,2007-02-15,4.550,2.862,4.770,58.9976,1.688,5.77589454,3.47577093,2007-02-02,TENCENT,constrained,False,False,possible_legal,0.3999999999999999
000673,2022-06-13,0.270,1.416,1.540,-80.9258,-1.146,12.65476190,11.62845092,2022-04-29,TENCENT,constrained,False,False,possible_legal,0.08051948051948059
000681,2013-02-08,6.000,3.300,3.300,81.8018,2.700,5.04562926,5.04562926,2009-03-06,SINA,constrained,True,False,possible_legal,0.0
000686,2007-08-27,51.700,7.426,16.340,596.1688,44.274,5.20174172,2.36441336,2007-01-24,SINA,constrained,False,False,possible_legal,0.545532435740514
000687,2022-05-26,0.310,0.504,0.660,-38.4615,-0.194,5.41935484,4.13636364,2022-04-27,TENCENT,constrained,False,False,possible_legal,0.2363636363636364
000688,2013-04-26,8.300,2.976,3.780,178.8904,5.324,4.96626984,3.91046832,2007-04-26,SINA,constrained,False,False,possible_legal,0.21269841269841266
000693,2014-01-10,12.760,5.794,7.370,120.2439,6.966,2.12562294,1.66892809,2007-04-27,TENCENT,constrained,False,False,possible_legal,0.21383989145183183
000693,2019-06-20,0.500,0.750,0.560,-33.3333,-0.250,0.56000000,0.75000000,2019-06-19,TENCENT,constrained,False,False,possible_legal,0.33928571428571414
000693,2019-06-21,0.450,0.741,0.500,-39.2857,-0.291,0.37777778,0.56000000,2019-06-20,TENCENT,constrained,False,False,possible_legal,0.482
000693,2019-06-24,0.410,0.774,0.450,-47.0588,-0.364,0.21951220,0.37777778,2019-06-21,TENCENT,constrained,False,False,possible_legal,0.72
000693,2019-06-25,0.430,0.298,0.410,44.4444,0.132,0.30232558,0.21951220,2019-06-24,TENCENT,constrained,False,False,possible_legal,0.27317073170731704
000693,2019-06-26,0.400,0.743,0.430,-46.1538,-0.343,0.17500000,0.30232558,2019-06-25,TENCENT,constrained,False,False,possible_legal,0.727906976744186
000693,2019-06-27,0.390,0.683,0.400,-42.8571,-0.293,0.10256410,0.17500000,2019-06-26,TENCENT,constrained,False,False,possible_legal,0.7075
000693,2019-06-28,0.380,0.760,0.390,-50.0000,-0.380,0.05263158,0.10256410,2019-06-27,TENCENT,constrained,False,False,possible_legal,0.9487179487179487
000693,2019-07-01,0.390,0.195,0.380,100.0000,0.195,0.10256410,0.05263158,2019-06-28,TENCENT,constrained,False,False,possible_legal,0.4868421052631579
000693,2019-07-02,0.370,,0.390,-100.0000,,0.10256410,0.10256410,2019-07-01,TENCENT,constrained,True,False,possible_legal,
000693,2019-07-08,0.370,,0.400,-100.0000,,0.17500000,0.17500000,2019-07-05,TENCENT,constrained,True,False,possible_legal,
000718,2005-12-26,2.790,1.002,1.000,178.4091,1.788,1.75701461,1.75701461,2005-04-25,SINA,constrained,True,True,confirmed_dirty,0.0020000000000000018
000719,2011-12-02,14.630,9.267,9.270,57.8696,5.363,2.48157248,2.48157248,2008-01-21,SINA,constrained,True,True,confirmed_dirty,0.0003236245954692679
000721,2007-03-05,7.930,4.758,6.900,66.6667,3.172,2.26315789,1.56063444,2006-10-13,SINA,constrained,False,False,possible_legal,0.31043478260869567
000722,2012-06-15,10.120,7.722,7.720,31.0553,2.398,4.28302774,4.28302774,2010-04-27,SINA,constrained,True,True,confirmed_dirty,0.0002590673575130399
000723,2007-09-05,28.460,9.045,9.770,214.6650,19.415,1.74919957,1.61962366,2007-01-25,SINA,constrained,False,False,possible_legal,0.0742067553735926
000728,2007-10-30,47.530,11.136,13.360,326.8293,36.394,1.28856305,1.07381371,2007-03-26,SINA,constrained,False,False,possible_legal,0.1664670658682635
000729,2006-05-16,9.910,7.126,9.050,39.0613,2.784,3.61761158,2.84855087,2006-04-19,SINA,constrained,False,False,possible_legal,0.21259668508287297
000731,2007-03-23,14.210,8.983,15.510,58.1952,5.227,6.64975124,3.85089141,2007-01-19,SINA,constrained,False,False,possible_legal,0.42082527401676334
000732,2010-09-30,12.420,2.502,3.420,396.4218,9.918,2.11953613,1.55263158,2007-04-17,TENCENT,constrained,False,False,possible_legal,0.268421052631579
000736,2008-12-05,7.460,5.314,7.940,40.3952,2.146,1.71518766,1.14788732,2007-10-19,SINA,constrained,False,False,possible_legal,0.3307304785894207
000748,2006-06-05,3.990,2.562,3.040,55.7196,1.428,2.11727079,1.78157355,2006-05-12,TENCENT,constrained,False,False,possible_legal,0.15723684210526323
000750,2011-08-09,13.080,3.657,4.390,257.6558,9.423,2.58936667,2.15778363,2009-01-23,SINA,constrained,False,False,possible_legal,0.1669703872437357
000751,2006-04-10,4.090,2.170,3.600,88.4873,1.920,3.44346803,2.07439825,2006-03-16,SINA,constrained,False,False,possible_legal,0.39722222222222225
000751,2014-08-06,9.660,3.880,3.880,148.9521,5.780,3.44346803,3.44346803,2013-03-11,SINA,constrained,True,False,possible_legal,0.0
000757,2013-02-08,5.500,3.184,3.820,72.7216,2.316,4.99624060,4.16374269,2007-04-23,SINA,constrained,False,False,possible_legal,0.16649214659685857
000760,2021-06-30,0.330,0.495,0.370,-33.3333,-0.165,1.69696970,2.27027027,2021-06-29,TENCENT,constrained,False,False,possible_legal,0.33783783783783783
000760,2021-07-01,0.300,0.480,0.330,-37.5000,-0.180,1.16666667,1.69696970,2021-06-30,TENCENT,constrained,False,False,possible_legal,0.4545454545454544
000760,2021-07-02,0.270,0.675,0.300,-60.0000,-0.405,0.51851852,1.16666667,2021-07-01,TENCENT,constrained,False,False,possible_legal,1.2500000000000002
000760,2021-07-05,0.260,0.520,0.270,-50.0000,-0.260,0.26923077,0.51851852,2021-07-02,TENCENT,constrained,False,False,possible_legal,0.9259259259259258
000760,2021-07-07,0.250,,0.260,-100.0000,,0.26923077,0.26923077,2021-07-06,TENCENT,constrained,True,False,possible_legal,
000760,2021-07-14,0.270,0.135,0.260,100.0000,0.135,0.51851852,0.26923077,2021-07-13,TENCENT,constrained,False,False,possible_legal,0.4807692307692307
000760,2021-07-15,0.300,0.120,0.270,150.0000,0.180,1.16666667,0.51851852,2021-07-14,TENCENT,constrained,False,False,possible_legal,0.5555555555555556
000760,2021-07-16,0.280,0.467,0.300,-40.0000,-0.187,0.75000000,1.16666667,2021-07-15,TENCENT,constrained,False,False,possible_legal,0.5566666666666669
000760,2021-07-19,0.270,0.405,0.280,-33.3333,-0.135,0.51851852,0.75000000,2021-07-16,TENCENT,constrained,False,False,possible_legal,0.4464285714285714
000760,2021-07-22,0.260,0.520,0.270,-50.0000,-0.260,0.26923077,0.51851852,2021-07-21,TENCENT,constrained,False,False,possible_legal,0.9259259259259258
000762,2006-02-10,5.800,4.396,7.700,31.9273,1.404,3.50486111,2.00197045,2006-01-11,SINA,constrained,False,False,possible_legal,0.42909090909090913
000768,2006-05-09,6.270,4.442,5.550,41.1655,1.828,3.63180934,2.90555556,2006-04-17,SINA,constrained,False,False,possible_legal,0.19963963963963957
000776,2010-02-12,50.050,10.551,10.550,374.3523,39.499,2.19492657,2.19492657,2006-10-19,SINA,constrained,True,True,confirmed_dirty,9.478672985776736e-05
000777,2006-05-16,6.790,4.673,6.170,45.3004,2.117,3.02741228,2.29357078,2006-04-17,SINA,constrained,False,False,possible_legal,0.2426256077795786
000780,2006-04-06,2.000,0.934,3.270,114.2259,1.066,2.56000000,0.73088685,2006-03-20,TENCENT,constrained,False,False,possible_legal,0.7143730886850153
000783,2007-12-27,40.600,8.838,9.900,359.4030,31.762,1.89539007,1.69230769,2007-02-08,SINA,constrained,False,False,possible_legal,0.10727272727272738
000792,2021-08-10,35.900,8.840,8.840,306.1052,27.060,7.91167541,7.91167541,2020-04-29,SINA,constrained,True,False,possible_legal,0.0
000799,2008-01-11,31.950,23.144,27.770,38.0504,8.806,2.02141002,1.68453608,2007-11-19,SINA,constrained,False,False,possible_legal,0.16658264314007926
000802,2006-05-29,5.160,3.657,5.650,41.0915,1.503,1.70497148,1.10231023,2006-04-17,SINA,constrained,False,False,possible_legal,0.3527433628318584
000806,2023-06-13,0.540,0.927,1.000,-41.7666,-0.387,9.88888889,9.17000000,2023-04-28,TENCENT,constrained,False,False,possible_legal,0.07299999999999995
000813,2006-06-01,2.810,1.883,2.560,49.2095,0.927,2.68675889,1.97553018,2006-04-06,SINA,constrained,False,False,possible_legal,0.264453125
000819,2007-03-28,25.820,18.714,28.980,37.9689,7.106,5.25620185,3.39444444,2007-03-02,SINA,constrained,False,False,possible_legal,0.3542443064182195
000820,2013-04-26,10.310,6.160,6.160,67.3693,4.150,1.92490119,1.92490119,2011-04-21,SINA,constrained,True,False,possible_legal,0.0
000827,2005-01-05,2.100,1.593,2.000,31.8182,0.507,0.27619048,0.22000000,2005-01-04,TENCENT,constrained,False,False,possible_legal,0.20350000000000001
000827,2005-01-31,1.810,3.048,1.910,-40.6250,-1.238,0.10497238,0.16753927,2005-01-28,TENCENT,constrained,False,False,possible_legal,0.5958115183246074
000827,2005-02-01,1.720,4.669,1.810,-63.1579,-2.949,0.04069767,0.10497238,2005-01-31,TENCENT,constrained,False,False,possible_legal,1.5795580110497234
000827,2005-02-02,1.770,0.885,1.720,100.0000,0.885,0.07909605,0.04069767,2005-02-01,TENCENT,constrained,False,False,possible_legal,0.48546511627906974
000827,2005-02-03,1.680,11.760,1.770,-85.7143,-10.080,0.01190476,0.07909605,2005-02-02,TENCENT,constrained,False,False,possible_legal,5.6440677966101696
000827,2005-02-04,1.600,,1.680,-550.0000,,0.01190476,0.01190476,2005-02-03,TENCENT,constrained,True,False,possible_legal,
000827,2005-02-16,1.680,,1.600,-122.2222,,0.01190476,0.01190476,2005-02-04,TENCENT,constrained,True,False,possible_legal,
000827,2005-02-17,1.750,0.318,1.680,450.0000,1.432,0.06285714,0.01190476,2005-02-16,TENCENT,constrained,False,False,possible_legal,0.8107142857142857
000827,2005-02-21,1.840,0.880,1.750,109.0909,0.960,0.12500000,0.06285714,2005-02-17,TENCENT,constrained,False,False,possible_legal,0.49714285714285716
000827,2005-02-23,1.910,1.432,1.850,33.3333,0.478,0.16753927,0.12972973,2005-02-22,TENCENT,constrained,False,False,possible_legal,0.22594594594594603
000827,2005-02-28,1.800,2.800,1.880,-35.7143,-1.000,0.10000000,0.14893617,2005-02-25,TENCENT,constrained,False,False,possible_legal,0.48936170212765956
000827,2005-03-01,1.890,1.134,1.800,66.6667,0.756,0.15873016,0.10000000,2005-02-28,TENCENT,constrained,False,False,possible_legal,0.37000000000000005
000827,2005-03-14,1.740,3.480,1.820,-50.0000,-1.740,0.05747126,0.10989011,2005-03-11,TENCENT,constrained,False,False,possible_legal,0.9120879120879121
000827,2005-03-18,1.710,2.850,1.740,-40.0000,-1.140,0.03508772,0.05747126,2005-03-17,TENCENT,constrained,False,False,possible_legal,0.6379310344827587
000827,2005-03-21,1.630,,1.710,-183.3333,,0.03508772,0.03508772,2005-03-18,TENCENT,constrained,True,False,possible_legal,
000827,2005-03-22,1.550,0.484,1.630,220.0000,1.066,0.03508772,0.03508772,2005-03-21,TENCENT,constrained,True,True,confirmed_dirty,0.7030674846625766
000827,2005-03-23,1.500,1.091,1.550,37.5000,0.409,0.03508772,0.03508772,2005-03-22,TENCENT,constrained,True,True,confirmed_dirty,0.29612903225806453
000827,2005-03-24,1.580,2.897,1.500,-45.4545,-1.317,0.03508772,0.03508772,2005-03-23,TENCENT,constrained,True,True,confirmed_dirty,0.9313333333333332
000827,2005-03-25,1.540,1.087,1.580,41.6667,0.453,0.03508772,0.03508772,2005-03-24,TENCENT,constrained,True,True,confirmed_dirty,0.31202531645569626
000827,2005-03-28,1.470,0.961,1.540,52.9412,0.509,0.03508772,0.03508772,2005-03-25,TENCENT,constrained,True,True,confirmed_dirty,0.375974025974026
000827,2005-03-30,1.550,2.422,1.480,-36.0000,-0.872,0.03508772,0.03508772,2005-03-29,TENCENT,constrained,True,True,confirmed_dirty,0.6364864864864866
000827,2005-03-31,1.500,1.091,1.550,37.5000,0.409,0.03508772,0.03508772,2005-03-30,TENCENT,constrained,True,True,confirmed_dirty,0.29612903225806453
000827,2005-04-12,1.470,0.905,1.550,62.5000,0.565,0.03508772,0.03508772,2005-04-11,TENCENT,constrained,True,True,confirmed_dirty,0.4161290322580645
000831,2013-02-08,19.700,9.150,9.150,115.2935,10.550,4.15171650,4.15171650,2011-03-17,SINA,constrained,True,False,possible_legal,0.0
000833,2007-04-13,10.400,6.789,9.780,53.1814,3.611,1.55081967,1.07692308,2007-03-23,SINA,constrained,False,False,possible_legal,0.3058282208588957
000835,2022-04-27,0.350,0.877,1.030,-60.0962,-0.527,9.48571429,8.07766990,2022-03-24,TENCENT,constrained,False,False,possible_legal,0.14854368932038836
000848,2006-06-07,8.120,5.814,6.440,39.6720,2.306,3.35576923,3.02932551,2006-03-31,SINA,constrained,False,False,possible_legal,0.09720496894409943
000852,2007-03-19,17.600,11.202,14.960,57.1210,6.398,2.33800097,1.75028127,2007-03-02,SINA,constrained,False,False,possible_legal,0.2512032085561498
000856,2007-01-15,3.310,2.339,4.210,41.5385,0.971,1.94509804,1.08068460,2006-12-14,SINA,constrained,False,False,possible_legal,0.4444180522565321
000863,2007-01-31,2.500,1.665,3.330,50.1119,0.835,5.36685168,2.68334985,2007-01-12,SINA,constrained,False,False,possible_legal,0.5
000863,2012-08-03,7.310,3.499,3.500,108.8924,3.811,5.36685168,5.36685168,2007-04-20,SINA,constrained,True,True,confirmed_dirty,0.00028571428571425424
000880,2007-04-30,11.100,2.649,2.650,318.9798,8.451,3.18235439,3.18235439,2006-04-27,SINA,constrained,True,True,confirmed_dirty,0.0003773584905659962
000885,2007-08-07,14.550,9.370,9.840,55.2846,5.180,1.05000000,1.00000000,2007-04-12,SINA,constrained,False,False,possible_legal,0.04776422764227649
000887,2006-12-22,2.450,1.184,5.050,106.8856,1.266,7.97183099,1.86851852,2006-11-09,SINA,constrained,False,False,possible_legal,0.7655445544554456
000892,2009-04-08,8.560,5.020,5.020,70.5128,3.540,2.48561151,2.48561151,2008-10-21,SINA,constrained,True,False,possible_legal,0.0
000895,2007-06-29,57.900,20.140,31.170,187.4934,37.760,4.71655290,3.04740446,2006-05-31,SINA,constrained,False,False,possible_legal,0.3538658966955406
000902,2007-03-26,7.100,4.010,5.050,77.0713,3.090,1.29411765,1.02699265,2007-01-18,SINA,constrained,False,False,possible_legal,0.20594059405940596
000906,2008-06-13,6.260,9.612,12.500,-34.8750,-3.352,2.49609375,1.92007105,2008-05-19,SINA,constrained,False,False,possible_legal,0.23104
000908,2008-06-10,11.400,24.974,31.470,-54.3526,-13.574,2.54783207,2.02209679,2007-08-23,SINA,constrained,False,False,possible_legal,0.2064188115665713
000910,2006-05-15,10.610,6.789,7.470,56.2821,3.821,1.14876495,1.04430380,2006-03-31,SINA,constrained,False,False,possible_legal,0.09116465863453817
000911,2006-05-17,15.500,11.465,15.250,35.1967,4.035,1.68503613,1.26688525,2006-04-25,SINA,constrained,False,False,possible_legal,0.2481967213114754
000918,2009-04-30,9.720,4.460,5.300,117.9606,5.260,1.93178170,1.63085980,2008-05-19,TENCENT,constrained,False,False,possible_legal,0.1584905660377358
000921,2007-03-29,6.250,3.213,3.600,94.5055,3.037,1.13258984,1.01131824,2007-01-19,SINA,constrained,False,False,possible_legal,0.1075
000923,2008-05-05,12.470,8.715,13.950,43.0866,3.755,1.64367816,1.02684044,2008-04-10,SINA,constrained,False,False,possible_legal,0.37526881720430105
000928,2006-06-05,6.020,3.635,3.890,65.5941,2.385,1.11148649,1.03878116,2006-04-14,SINA,constrained,False,False,possible_legal,0.06555269922879185
000931,2007-01-09,5.630,4.148,4.810,35.7143,1.482,2.02538071,1.74599893,2006-11-23,SINA,constrained,False,False,possible_legal,0.13762993762993764
000935,2007-06-06,14.800,7.175,9.330,106.2608,7.625,2.42643392,1.86644951,2007-01-12,SINA,constrained,False,False,possible_legal,0.2309753483386924
000961,2005-06-28,2.950,2.175,3.100,35.6021,0.775,0.87796610,0.61612903,2005-06-27,TENCENT,constrained,False,False,possible_legal,0.2983870967741936
000981,2011-08-26,12.990,5.546,5.550,134.2059,7.444,1.03286385,1.03286385,2009-02-19,SINA,constrained,True,True,confirmed_dirty,0.0007207207207206414
000982,2024-06-06,0.490,0.723,0.540,-32.2695,-0.233,3.89795918,5.22222222,2024-06-05,TENCENT,constrained,False,False,possible_legal,0.33888888888888874
000982,2024-06-07,0.440,0.840,0.490,-47.6440,-0.400,2.27272727,3.89795918,2024-06-06,TENCENT,constrained,False,False,possible_legal,0.7142857142857143
000982,2024-06-11,0.400,1.481,0.440,-73.0000,-1.081,0.67500000,2.27272727,2024-06-07,TENCENT,constrained,False,False,possible_legal,2.365909090909091
000982,2024-06-12,0.360,,0.400,-266.6667,,0.67500000,0.67500000,2024-06-11,TENCENT,constrained,True,False,possible_legal,
000982,2024-06-13,0.320,0.122,0.360,162.2222,0.198,0.67500000,0.67500000,2024-06-12,TENCENT,constrained,True,True,confirmed_dirty,0.6611111111111111
000982,2024-06-14,0.290,0.199,0.320,45.7627,0.091,0.67500000,0.67500000,2024-06-13,TENCENT,constrained,True,True,confirmed_dirty,0.378125
000982,2024-06-17,0.260,0.197,0.290,31.9767,0.063,0.67500000,0.67500000,2024-06-14,TENCENT,constrained,True,True,confirmed_dirty,0.3206896551724137
000995,2020-12-16,31.000,7.471,7.470,314.9325,23.529,1.68519910,1.68519910,2019-04-25,SINA,constrained,True,True,confirmed_dirty,0.00013386880856764845
000996,2024-06-06,0.370,1.305,1.490,-71.6561,-0.935,4.81081081,4.22005861,2024-04-29,TENCENT,constrained,False,False,possible_legal,0.1241610738255034
001279,2024-10-14,109.950,178.010,178.010,-38.2338,-68.060,1.00000000,1.00000000,2024-10-11,SINA,constrained,True,False,possible_legal,0.0
001373,2023-06-02,61.940,46.050,46.050,34.5060,15.890,1.00000000,1.00000000,2023-06-01,SINA,constrained,True,False,possible_legal,0.0
001872,1993-05-05,-4.570,,,54.9300,5.570,,,,AKSHARE,pre1996,False,False,possible_legal,
001872,1996-12-16,-3.600,,-2.700,-33.3300,-0.900,,,1996-12-13,AKSHARE,constrained,False,False,possible_legal,
001872,2001-07-30,-2.570,,-1.960,-31.1200,-0.610,,,2001-07-27,AKSHARE,constrained,False,False,possible_legal,
001872,2004-01-05,-0.670,,-1.120,40.1800,0.450,,,2004-01-02,AKSHARE,constrained,False,False,possible_legal,
001872,2004-01-08,-0.490,,-0.790,37.9700,0.300,,,2004-01-07,AKSHARE,constrained,False,False,possible_legal,
001872,2004-01-09,-0.070,,-0.490,85.7100,0.420,,,2004-01-08,AKSHARE,constrained,False,False,possible_legal,
001872,2004-01-12,0.540,,-0.070,871.4300,0.610,,,2004-01-09,AKSHARE,constrained,False,False,possible_legal,
001872,2004-01-14,0.180,,0.390,-53.8500,-0.210,,,2004-01-13,AKSHARE,constrained,False,False,possible_legal,
001872,2004-01-15,0.270,,0.180,50.0000,0.090,,,2004-01-14,AKSHARE,constrained,False,False,possible_legal,
001872,2004-01-29,0.140,,0.300,-53.3300,-0.160,,,2004-01-16,AKSHARE,constrained,False,False,possible_legal,
001872,2004-01-30,-0.260,,0.140,-285.7100,-0.400,,,2004-01-29,AKSHARE,constrained,False,False,possible_legal,
001872,2004-02-04,-0.040,,-0.150,73.3300,0.110,,,2004-02-03,AKSHARE,constrained,False,False,possible_legal,
001872,2004-02-05,-0.130,,-0.040,-225.0000,-0.090,,,2004-02-04,AKSHARE,constrained,False,False,possible_legal,
001872,2004-02-09,0.050,,-0.100,150.0000,0.150,,,2004-02-06,AKSHARE,constrained,False,False,possible_legal,
001872,2004-02-10,-0.020,,0.050,-140.0000,-0.070,,,2004-02-09,AKSHARE,constrained,False,False,possible_legal,
001872,2004-02-11,-0.040,,-0.020,-100.0000,-0.020,,,2004-02-10,AKSHARE,constrained,False,False,possible_legal,
001872,2004-02-12,0.120,,-0.040,400.0000,0.160,,,2004-02-11,AKSHARE,constrained,False,False,possible_legal,
001872,2004-02-13,-0.200,,0.120,-266.6700,-0.320,,,2004-02-12,AKSHARE,constrained,False,False,possible_legal,
001872,2004-02-17,-0.030,,-0.170,82.3500,0.140,,,2004-02-16,AKSHARE,constrained,False,False,possible_legal,
001872,2004-02-18,0.440,,-0.030,1566.6700,0.470,,,2004-02-17,AKSHARE,constrained,False,False,possible_legal,
001872,2004-02-19,0.280,,0.440,-36.3600,-0.160,,,2004-02-18,AKSHARE,constrained,False,False,possible_legal,
001872,2004-02-23,0.120,,0.280,-57.1400,-0.160,,,2004-02-20,AKSHARE,constrained,False,False,possible_legal,
001872,2004-02-24,0.380,,0.120,216.6700,0.260,,,2004-02-23,AKSHARE,constrained,False,False,possible_legal,
001872,2004-02-25,0.150,,0.380,-60.5300,-0.230,,,2004-02-24,AKSHARE,constrained,False,False,possible_legal,
001872,2004-02-26,0.230,,0.150,53.3300,0.080,,,2004-02-25,AKSHARE,constrained,False,False,possible_legal,
001872,2004-02-27,0.580,,0.230,152.1700,0.350,,,2004-02-26,AKSHARE,constrained,False,False,possible_legal,
001872,2004-03-01,0.920,,0.580,58.6200,0.340,,,2004-02-27,AKSHARE,constrained,False,False,possible_legal,
001872,2004-03-05,1.060,,0.700,51.4300,0.360,,,2004-03-04,AKSHARE,constrained,False,False,possible_legal,
001872,2004-03-11,1.470,,1.080,36.1100,0.390,,,2004-03-10,AKSHARE,constrained,False,False,possible_legal,
001872,2005-11-15,1.620,,2.410,-32.7800,-0.790,,,2005-11-14,AKSHARE,constrained,False,False,possible_legal,
001872,2005-11-18,2.320,,1.420,63.3800,0.900,,,2005-11-17,AKSHARE,constrained,False,False,possible_legal,
001872,2005-12-07,1.590,,1.080,47.2200,0.510,,,2005-12-06,AKSHARE,constrained,False,False,possible_legal,
001872,2006-01-05,3.200,,2.180,46.7900,1.020,,,2006-01-04,AKSHARE,constrained,False,False,possible_legal,
001872,2006-01-23,2.930,,1.910,53.4000,1.020,,,2006-01-20,AKSHARE,constrained,False,False,possible_legal,
001872,2006-04-10,4.230,,2.920,44.8600,1.310,,,2006-02-24,AKSHARE,constrained,False,False,possible_legal,
001872,2008-09-19,3.590,,2.520,42.4600,1.070,,,2008-09-18,AKSHARE,constrained,False,False,possible_legal,
001872,2008-10-27,1.640,,2.400,-31.6700,-0.760,,,2008-10-24,AKSHARE,constrained,False,False,possible_legal,
001872,2008-11-10,2.010,,1.390,44.6000,0.620,,,2008-11-07,AKSHARE,constrained,False,False,possible_legal,
001872,2008-12-02,2.850,,2.030,40.3900,0.820,,,2008-12-01,AKSHARE,constrained,False,False,possible_legal,
001914,1995-05-18,11.280,8.200,8.200,37.5610,3.080,1.00000000,1.00000000,1995-05-17,SINA,pre1996,True,False,possible_legal,0.0
002075,2011-04-08,11.700,6.249,6.250,87.2204,5.451,2.00288739,2.00288739,2010-04-27,SINA,constrained,True,True,confirmed_dirty,0.00016000000000005344
002087,2024-06-06,0.180,0.285,0.460,-36.7470,-0.105,5.83333333,3.60869565,2024-04-29,TENCENT,constrained,False,False,possible_legal,0.38043478260869573
002089,2024-03-26,0.240,2.250,0.780,-89.3346,-2.010,4.54166667,13.10256410,2024-02-05,TENCENT,constrained,False,False,possible_legal,1.8846153846153846
002089,2024-03-27,0.220,0.320,0.240,-31.1927,-0.100,3.40909091,4.54166667,2024-03-26,TENCENT,constrained,False,False,possible_legal,0.3333333333333334
002089,2024-03-28,0.240,0.165,0.220,45.3333,0.075,4.54166667,3.40909091,2024-03-27,TENCENT,constrained,False,False,possible_legal,0.24999999999999997
002089,2024-03-29,0.220,0.320,0.240,-31.1927,-0.100,3.40909091,4.54166667,2024-03-28,TENCENT,constrained,False,False,possible_legal,0.3333333333333334
002089,2024-04-01,0.200,0.366,0.220,-45.3333,-0.166,2.05000000,3.40909091,2024-03-29,TENCENT,constrained,False,False,possible_legal,0.6636363636363636
002089,2024-04-02,0.210,0.148,0.200,41.4634,0.062,2.76190476,2.05000000,2024-04-01,TENCENT,constrained,False,False,possible_legal,0.26000000000000006
002089,2024-04-11,0.250,0.183,0.230,36.9565,0.067,5.04000000,4.00000000,2024-04-10,TENCENT,constrained,False,False,possible_legal,0.20434782608695656
002089,2024-04-15,0.230,0.357,0.260,-35.6643,-0.127,4.00000000,5.50000000,2024-04-12,TENCENT,constrained,False,False,possible_legal,0.373076923076923
002147,2022-06-01,0.390,1.192,3.140,-67.2941,-0.802,10.69230769,4.06050955,2022-04-29,TENCENT,constrained,False,False,possible_legal,0.6203821656050956
002336,2025-06-13,0.550,1.449,3.690,-62.0504,-0.899,3.83636364,1.50677507,2025-04-29,TENCENT,constrained,False,False,possible_legal,0.6073170731707316
002411,2023-06-19,0.680,2.262,3.230,-69.9391,-1.582,6.52941176,4.57275542,2023-04-28,TENCENT,constrained,False,False,possible_legal,0.2996904024767802
002417,2023-06-15,0.370,0.960,1.240,-61.4420,-0.590,3.32432432,2.57258065,2023-04-27,TENCENT,constrained,False,False,possible_legal,0.22580645161290325
002433,2024-06-14,0.210,0.323,0.510,-34.9854,-0.113,10.61904762,6.72549020,2024-04-29,TENCENT,constrained,False,False,possible_legal,0.36666666666666664
002447,2022-06-06,0.210,0.798,1.100,-73.6891,-0.588,27.23809524,19.76363636,2022-04-29,TENCENT,constrained,False,False,possible_legal,0.2745454545454546
002464,2022-06-07,0.340,1.350,2.090,-74.8210,-1.010,6.20588235,4.00956938,2022-04-28,TENCENT,constrained,False,False,possible_legal,0.3540669856459329
002473,2022-05-31,1.090,3.936,5.190,-72.3104,-2.846,2.88073394,2.18497110,2022-04-29,TENCENT,constrained,False,False,possible_legal,0.24161849710982666
002499,2023-03-27,0.800,1.448,1.680,-44.7581,-0.648,3.42500000,2.95238095,2023-02-02,TENCENT,constrained,False,False,possible_legal,0.1380952380952381
002506,2015-08-12,13.250,0.639,1.910,1974.1158,12.611,9.73684211,3.25476603,2014-04-28,SINA,constrained,False,False,possible_legal,0.6654450261780105
002684,2022-06-06,0.610,2.116,2.260,-71.1765,-1.506,7.22950820,6.76991150,2022-04-29,TENCENT,constrained,False,False,possible_legal,0.0637168141592919
002751,2023-06-20,1.040,4.056,4.940,-74.3565,-3.016,2.58653846,2.12039474,2023-04-28,TENCENT,constrained,False,False,possible_legal,0.1789473684210527
002770,2022-06-01,0.660,2.220,2.370,-70.2703,-1.560,4.16666667,3.90295359,2022-04-29,TENCENT,constrained,False,False,possible_legal,0.06329113924050629
002781,2023-06-12,0.480,1.203,1.640,-60.1036,-0.723,1.60416667,1.17682927,2023-04-28,TENCENT,constrained,False,False,possible_legal,0.26646341463414625
002808,2026-06-23,0.200,1.602,2.830,-87.5186,-1.402,4.20000000,2.37809187,2026-04-30,TENCENT,constrained,False,False,possible_legal,0.4339222614840989
002898,2026-06-26,0.350,4.484,8.300,-92.1941,-4.134,2.11428571,1.14145047,2026-04-30,TENCENT,constrained,False,False,possible_legal,0.45975903614457836
200011,1993-04-02,1.500,13.000,13.000,-88.4615,-11.500,1.00000000,1.00000000,1993-03-19,SINA,pre1996,True,False,possible_legal,0.0
200011,1993-06-30,7.550,0.980,0.980,670.4082,6.570,1.00000000,1.00000000,1993-06-25,SINA,pre1996,True,False,possible_legal,0.0
200011,1994-05-27,5.000,3.552,3.550,40.7643,1.448,1.32571429,1.32571429,1994-05-16,SINA,pre1996,True,True,possible_legal,0.0005633802816902039
200011,1994-10-26,102.710,5.000,5.000,1954.1478,97.710,1.32571429,1.32571429,1994-10-25,SINA,pre1996,True,False,possible_legal,0.0
200011,1994-10-28,4.500,102.656,102.710,-95.6164,-98.156,1.32571429,1.32571429,1994-10-26,SINA,pre1996,True,True,possible_legal,0.0005257521176125775
200011,1996-02-07,5.740,1.598,1.600,259.1093,4.142,1.54482759,1.54482759,1996-02-06,SINA,pre1996,True,True,possible_legal,0.0012500000000000011
200011,1996-02-08,1.500,5.735,5.740,-73.8444,-4.235,1.54482759,1.54482759,1996-02-07,SINA,pre1996,True,True,possible_legal,0.0008710801393728037
200011,1996-04-29,2.300,1.620,1.620,42.0000,0.680,1.54482759,1.54482759,1996-04-26,SINA,pre1996,True,False,possible_legal,0.0
200016,1993-02-08,15.300,11.000,11.000,39.0909,4.300,1.00000000,1.00000000,1993-02-05,SINA,pre1996,True,False,possible_legal,0.0
200016,1993-03-24,1.500,12.900,12.900,-88.3721,-11.400,1.00000000,1.00000000,1993-03-03,SINA,pre1996,True,False,possible_legal,0.0
200016,1993-07-02,5.550,0.730,0.730,660.3774,4.820,1.45180723,1.45180723,1993-06-23,SINA,pre1996,True,False,possible_legal,0.0
200016,1993-11-23,2.400,9.110,9.100,-73.6563,-6.710,1.45180723,1.45180723,1993-11-22,SINA,pre1996,True,True,possible_legal,0.0010989010989010755
200016,1993-11-25,8.800,2.396,2.400,267.2414,6.404,1.45180723,1.45180723,1993-11-23,SINA,pre1996,True,True,possible_legal,0.0016666666666666683
200016,1993-12-17,2.400,8.910,8.900,-73.0650,-6.510,1.45180723,1.45180723,1993-12-16,SINA,pre1996,True,True,possible_legal,0.0011235955056179536
200016,1993-12-20,8.700,2.397,2.400,262.9310,6.303,1.45180723,1.45180723,1993-12-17,SINA,pre1996,True,True,possible_legal,0.0012500000000000475
200017,1993-01-08,8.100,4.800,4.800,68.7500,3.300,1.00000000,1.00000000,1993-01-05,SINA,pre1996,True,False,possible_legal,0.0
200017,1993-03-23,1.490,11.950,11.950,-87.5314,-10.460,1.00000000,1.00000000,1993-03-17,SINA,pre1996,True,False,possible_legal,0.0
200017,1993-06-28,10.000,1.270,1.270,687.4016,8.730,1.00000000,1.00000000,1993-06-25,SINA,pre1996,True,False,possible_legal,0.0
200017,1993-08-09,3.500,7.500,7.500,-53.3333,-4.000,1.00000000,1.00000000,1993-08-03,SINA,pre1996,True,False,possible_legal,0.0
200017,1993-08-12,7.900,3.500,3.500,125.7143,4.400,1.00000000,1.00000000,1993-08-09,SINA,pre1996,True,False,possible_legal,0.0
200017,1995-06-30,2.500,1.499,1.500,66.8016,1.001,1.64944649,1.64944649,1995-06-29,SINA,pre1996,True,True,possible_legal,0.0006666666666665932
200017,1996-06-14,2.250,1.700,1.700,32.3782,0.550,2.05555556,2.05555556,1996-06-13,SINA,pre1996,True,False,possible_legal,0.0
200017,1996-11-20,2.700,1.990,1.990,35.6968,0.710,2.05555556,2.05555556,1996-11-19,SINA,pre1996,True,False,possible_legal,0.0
200019,1993-04-01,0.880,7.000,7.000,-87.4286,-6.120,1.00000000,1.00000000,1993-03-15,SINA,pre1996,True,False,possible_legal,0.0
200019,1993-06-29,2.600,0.338,0.380,668.4211,2.262,1.12272727,1.00000000,1993-06-23,SINA,pre1996,False,False,possible_legal,0.11052631578947364
200019,1995-10-18,1.350,0.999,1.000,35.2000,0.351,1.25171209,1.25171209,1995-10-10,SINA,pre1996,True,True,possible_legal,0.0010000000000000009
200019,1996-06-14,1.980,1.493,1.490,32.6203,0.487,1.25384615,1.25384615,1996-06-13,SINA,pre1996,True,True,possible_legal,0.0020134228187920224
200019,1996-06-18,2.700,1.981,1.980,36.2903,0.719,1.25384615,1.25384615,1996-06-14,SINA,pre1996,True,True,possible_legal,0.0005050505050505615
200020,1993-03-22,0.710,5.650,5.650,-87.4336,-4.940,1.00000000,1.00000000,1993-03-19,SINA,pre1996,True,False,possible_legal,0.0
200020,1993-07-13,4.500,0.539,0.540,735.4839,3.961,1.15142857,1.14545455,1993-06-02,SINA,pre1996,False,False,possible_legal,0.0018518518518518534
200020,1993-09-08,3.200,2.400,2.400,33.3333,0.800,1.15142857,1.15142857,1993-09-06,SINA,pre1996,True,False,possible_legal,0.0
200020,1994-08-08,2.100,1.600,1.600,31.2821,0.500,1.21889881,1.21889881,1994-08-05,SINA,pre1996,True,False,possible_legal,0.0
200020,1995-10-19,1.800,1.195,1.200,50.6410,0.605,1.30555556,1.30000000,1995-10-18,SINA,pre1996,False,False,possible_legal,0.004166666666666578
200020,1995-11-06,5.000,1.503,1.500,232.6531,3.497,1.30666667,1.30666667,1995-11-03,SINA,pre1996,True,True,possible_legal,0.0019999999999999276
200020,1995-11-07,1.500,4.990,5.000,-69.9387,-3.490,1.30666667,1.30666667,1995-11-06,SINA,pre1996,True,True,possible_legal,0.0019999999999999575
200025,1993-06-30,3.900,0.510,0.510,664.7059,3.390,1.00000000,1.00000000,1993-06-21,SINA,pre1996,True,False,possible_legal,0.0
200025,1993-08-03,2.500,3.900,3.900,-35.8974,-1.400,1.00000000,1.00000000,1993-06-30,SINA,pre1996,True,False,possible_legal,0.0
200025,1995-06-20,0.160,1.659,1.620,-90.3553,-1.499,1.18750000,1.21600000,1995-06-16,SINA,pre1996,False,False,possible_legal,0.024074074074074026
200025,1995-07-12,1.600,0.138,0.160,1063.1579,1.462,1.38125000,1.18750000,1995-06-20,SINA,pre1996,False,False,possible_legal,0.13749999999999996
200025,1995-10-23,2.000,1.348,1.350,48.3871,0.652,1.38125000,1.38125000,1995-10-16,SINA,pre1996,True,True,possible_legal,0.0014814814814814827
200025,1996-06-14,2.150,1.498,1.500,43.4783,0.652,1.37886287,1.37846154,1996-06-13,SINA,pre1996,False,False,possible_legal,0.0013333333333333346
200025,1996-08-16,4.150,1.850,1.850,124.3137,2.300,1.37948718,1.37948718,1996-08-15,SINA,pre1996,True,False,possible_legal,0.0
200025,1996-08-19,2.040,4.153,4.150,-50.8741,-2.113,1.37948718,1.37948718,1996-08-16,SINA,pre1996,True,True,possible_legal,0.0007228915662648736
200026,1993-07-09,3.200,0.400,0.400,700.0000,2.800,1.00000000,1.00000000,1993-06-25,SINA,pre1996,True,False,possible_legal,0.0
200028,1993-10-08,11.000,3.500,3.500,214.2857,7.500,1.00000000,1.00000000,1993-10-05,SINA,pre1996,True,False,possible_legal,0.0
200028,1993-10-12,3.500,10.750,10.750,-67.4419,-7.250,1.00000000,1.00000000,1993-10-11,SINA,pre1996,True,False,possible_legal,0.0
200028,1993-10-13,10.600,3.500,3.500,202.8571,7.100,1.00000000,1.00000000,1993-10-12,SINA,pre1996,True,False,possible_legal,0.0
200028,1993-10-15,3.300,10.600,10.600,-68.8679,-7.300,1.00000000,1.00000000,1993-10-13,SINA,pre1996,True,False,possible_legal,0.0
200028,1993-12-24,8.900,4.250,4.250,109.4118,4.650,1.00000000,1.00000000,1993-12-23,SINA,pre1996,True,False,possible_legal,0.0
200028,1993-12-30,4.150,8.900,8.900,-53.3708,-4.750,1.00000000,1.00000000,1993-12-24,SINA,pre1996,True,False,possible_legal,0.0
200028,1995-06-08,5.290,1.417,1.420,273.2484,3.873,1.10666667,1.10666667,1995-06-07,SINA,pre1996,True,True,possible_legal,0.002112676056337952
200028,1995-06-09,1.500,5.295,5.290,-71.6724,-3.795,1.10666667,1.10666667,1995-06-08,SINA,pre1996,True,True,possible_legal,0.0009451795841209628
200028,1995-08-10,5.480,1.345,1.350,307.3826,4.135,1.10766423,1.10370370,1995-08-09,SINA,pre1996,False,False,possible_legal,0.003703703703703789
200028,1995-08-14,1.360,5.467,5.480,-75.1236,-4.107,1.10766423,1.10766423,1995-08-10,SINA,pre1996,True,True,possible_legal,0.0023722627737227716
200028,1996-06-14,2.550,1.832,1.830,39.2070,0.718,1.23921569,1.23921569,1996-06-13,SINA,pre1996,True,True,possible_legal,0.0010928961748633888
200029,1995-02-28,2.000,1.500,1.500,33.3333,0.500,1.00000000,1.00000000,1995-02-27,SINA,pre1996,True,False,possible_legal,0.0
200030,1994-12-30,3.900,2.198,2.200,77.4074,1.702,1.22711864,1.22711864,1994-12-29,SINA,pre1996,True,True,possible_legal,0.0009090909090910108
200030,1995-01-10,2.200,3.903,3.900,-43.6326,-1.703,1.22711864,1.22711864,1994-12-30,SINA,pre1996,True,True,possible_legal,0.0007692307692307984
200030,1995-08-30,3.310,2.283,2.280,45.0000,1.027,1.22711864,1.22711864,1995-08-10,SINA,pre1996,True,True,possible_legal,0.0013157894736842606
200030,1995-10-18,1.100,1.801,1.800,-38.9140,-0.701,1.22711864,1.22711864,1995-10-17,SINA,pre1996,True,True,possible_legal,0.0005555555555554944
200030,1995-10-19,1.810,1.101,1.100,64.4444,0.709,1.22711864,1.22711864,1995-10-18,SINA,pre1996,True,True,possible_legal,0.0009090909090908089
200030,1995-10-20,2.500,1.808,1.810,38.2883,0.692,1.22711864,1.22711864,1995-10-19,SINA,pre1996,True,True,possible_legal,0.0011049723756906087
200030,1996-06-14,2.350,1.787,1.790,31.5385,0.563,1.45384615,1.45384615,1996-06-13,SINA,pre1996,True,True,possible_legal,0.0016759776536313484
200037,1996-07-29,3.080,2.101,2.100,46.6102,0.979,1.12385321,1.12385321,1996-07-26,SINA,pre1996,True,True,possible_legal,0.0004761904761904237
200045,1995-02-14,2.000,3.300,3.300,-39.3939,-1.300,1.00000000,1.00000000,1994-11-11,SINA,pre1996,True,False,possible_legal,0.0
200045,1995-06-21,1.200,1.740,1.740,-31.0345,-0.540,1.00000000,1.00000000,1995-06-15,SINA,pre1996,True,False,possible_legal,0.0
200056,1996-06-18,3.150,2.240,2.240,40.6250,0.910,1.00000000,1.00000000,1996-06-14,SINA,pre1996,True,False,possible_legal,0.0
200468,2018-08-15,2.550,4.822,4.820,-47.1173,-2.272,1.04444444,1.04444444,2017-04-28,SINA,constrained,True,True,confirmed_dirty,0.0004149377593360539
200505,1995-09-20,2.500,1.649,1.900,51.5789,0.851,1.15000000,1.00000000,1995-09-19,SINA,pre1996,False,False,possible_legal,0.1321052631578947
200505,1995-11-02,1.000,2.000,2.000,-50.0000,-1.000,1.15000000,1.15000000,1995-10-27,SINA,pre1996,True,False,possible_legal,0.0
200505,1995-11-03,2.200,1.000,1.000,120.0000,1.200,1.15000000,1.15000000,1995-11-02,SINA,pre1996,True,False,possible_legal,0.0
200512,1996-04-29,2.300,1.749,1.750,31.5068,0.551,1.25165563,1.25165563,1996-04-26,SINA,pre1996,True,True,possible_legal,0.0005714285714285085
300023,2022-06-08,1.220,2.964,3.030,-58.8388,-1.744,3.89344262,3.80457945,2022-04-29,TENCENT,constrained,False,False,possible_legal,0.02178217821782173
300029,2026-06-18,0.200,1.057,2.770,-81.0726,-0.857,3.00000000,1.14440433,2026-04-29,TENCENT,constrained,False,False,possible_legal,0.6184115523465704
300038,2022-06-09,0.390,0.626,0.800,-37.7193,-0.236,7.28205128,5.70000000,2022-04-28,TENCENT,constrained,False,False,possible_legal,0.21750000000000005
300064,2022-06-06,0.750,1.320,1.500,-43.1655,-0.570,5.26666667,4.63333333,2022-04-29,TENCENT,constrained,False,False,possible_legal,0.11999999999999995
300089,2023-06-20,0.230,0.660,0.800,-65.1376,-0.430,4.95652174,4.08643293,2023-04-28,TENCENT,constrained,False,False,possible_legal,0.17500000000000002
300178,2022-05-31,0.310,0.574,0.800,-45.9574,-0.264,8.19354839,5.87500000,2022-04-26,TENCENT,constrained,False,False,possible_legal,0.2825000000000001
300202,2022-06-13,0.520,0.864,1.390,-39.8161,-0.344,16.36538462,10.17266187,2022-04-28,TENCENT,constrained,False,False,possible_legal,0.37841726618705035
300208,2025-06-30,0.260,0.678,0.860,-61.6650,-0.418,14.34615385,11.31395349,2025-04-30,TENCENT,constrained,False,False,possible_legal,0.2116279069767441
300273,2023-06-13,0.340,0.700,1.100,-51.4563,-0.360,11.76470588,7.49090909,2023-04-28,TENCENT,constrained,False,False,possible_legal,0.3636363636363637
300280,2025-09-15,0.630,2.075,2.740,-69.6370,-1.445,1.46031746,1.10583942,2025-07-18,TENCENT,constrained,False,False,possible_legal,0.24270072992700728
300282,2024-06-27,0.270,0.437,0.500,-38.2022,-0.167,6.11111111,5.34000000,2024-04-30,TENCENT,constrained,False,False,possible_legal,0.126
300297,2023-07-10,0.240,0.395,0.480,-39.2193,-0.155,13.62500000,11.20833333,2023-04-25,TENCENT,constrained,False,False,possible_legal,0.17708333333333326
300309,2023-05-09,0.300,0.707,0.840,-57.5444,-0.407,9.56666667,8.04761905,2023-03-28,TENCENT,constrained,False,False,possible_legal,0.15833333333333335
300312,2022-06-13,0.340,1.214,1.420,-72.0000,-0.874,3.70588235,3.16901408,2022-04-29,TENCENT,constrained,False,False,possible_legal,0.14507042253521124
300325,2022-06-07,0.240,0.497,0.590,-51.6987,-0.257,13.62500000,11.47457627,2022-04-29,TENCENT,constrained,False,False,possible_legal,0.15762711864406775
300330,2023-04-28,2.330,5.100,5.420,-54.3096,-2.770,2.34261399,2.20328070,2022-12-29,TENCENT,constrained,False,False,possible_legal,0.05904059040590411
300336,2023-06-12,0.240,0.508,0.900,-52.7845,-0.268,16.25000000,9.17777778,2023-04-26,TENCENT,constrained,False,False,possible_legal,0.4355555555555556
300344,2026-03-31,0.500,1.778,1.870,-71.8750,-1.278,5.04000000,4.78461081,2026-02-13,TENCENT,constrained,False,False,possible_legal,0.04919786096256688
300356,2023-06-20,0.880,4.002,4.560,-78.0102,-3.122,4.42045455,3.87772926,2023-04-26,TENCENT,constrained,False,False,possible_legal,0.12236842105263156
300379,2025-12-30,1.230,2.564,3.020,-52.0200,-1.334,8.58303829,7.29470199,2025-11-25,TENCENT,constrained,False,False,possible_legal,0.15099337748344369
300391,2026-03-20,0.440,0.830,0.920,-46.9974,-0.390,4.61363636,4.16304348,2026-01-23,TENCENT,constrained,False,False,possible_legal,0.09782608695652183
300392,2023-06-15,0.240,0.780,0.990,-69.2308,-0.540,8.33333333,6.56565657,2023-04-28,TENCENT,constrained,False,False,possible_legal,0.2121212121212121
300526,2023-06-19,0.810,4.029,4.650,-79.8960,-3.219,2.86419753,2.48172043,2023-04-27,TENCENT,constrained,False,False,possible_legal,0.13354838709677427
300630,2025-04-28,0.650,1.514,2.490,-57.0657,-0.864,7.33846154,4.45801533,2025-03-21,TENCENT,constrained,False,False,possible_legal,0.3919678714859438
300742,2024-07-01,0.340,0.803,0.800,-57.6389,-0.463,1.79361055,1.80000000,2024-04-30,TENCENT,constrained,False,False,possible_legal,0.0037500000000000033
300799,2024-07-08,2.570,6.518,6.940,-60.5725,-3.948,1.66147860,1.56000441,2024-04-26,TENCENT,constrained,False,False,possible_legal,0.06080691642651305
300867,2020-08-25,71.450,45.780,45.780,56.0725,25.670,1.00000000,1.00000000,2020-08-24,SINA,constrained,True,False,possible_legal,0.0
300873,2020-08-25,79.850,57.990,57.990,37.6962,21.860,1.00000000,1.00000000,2020-08-24,SINA,constrained,True,False,possible_legal,0.0
300876,2020-08-25,82.690,60.550,60.550,36.5648,22.140,1.00000000,1.00000000,2020-08-24,SINA,constrained,True,False,possible_legal,0.0
300877,2020-08-25,104.000,58.800,58.800,76.8707,45.200,1.00000000,1.00000000,2020-08-24,SINA,constrained,True,False,possible_legal,0.0
300881,2020-09-02,53.250,78.000,78.000,-31.7308,-24.750,1.00000000,1.00000000,2020-09-01,SINA,constrained,True,False,possible_legal,0.0
300898,2020-10-20,64.620,47.750,47.750,35.3298,16.870,1.00000000,1.00000000,2020-10-19,SINA,constrained,True,False,possible_legal,0.0
300904,2023-08-10,70.510,128.000,128.000,-44.9141,-57.490,1.00000000,1.00000000,2023-08-09,SINA,constrained,True,False,possible_legal,0.0
300917,2020-12-24,53.920,40.700,40.700,32.4816,13.220,1.00000000,1.00000000,2020-12-23,SINA,constrained,True,False,possible_legal,0.0
300937,2021-01-29,91.000,48.000,48.000,89.5833,43.000,1.00000000,1.00000000,2021-01-28,SINA,constrained,True,False,possible_legal,0.0
300937,2021-02-01,120.800,91.000,91.000,32.7473,29.800,1.00000000,1.00000000,2021-01-29,SINA,constrained,True,False,possible_legal,0.0
300937,2021-02-02,77.060,120.800,120.800,-36.2086,-43.740,1.00000000,1.00000000,2021-02-01,SINA,constrained,True,False,possible_legal,0.0
300938,2021-02-01,95.100,60.550,60.550,57.0603,34.550,1.00000000,1.00000000,2021-01-29,SINA,constrained,True,False,possible_legal,0.0
300938,2021-02-02,60.740,95.100,95.100,-36.1304,-34.360,1.00000000,1.00000000,2021-02-01,SINA,constrained,True,False,possible_legal,0.0
300939,2021-02-01,145.720,72.500,72.500,100.9931,73.220,1.00000000,1.00000000,2021-01-29,SINA,constrained,True,False,possible_legal,0.0
300941,2021-02-18,65.500,48.600,48.600,34.7737,16.900,1.00000000,1.00000000,2021-02-10,SINA,constrained,True,False,possible_legal,0.0
300945,2021-02-18,34.350,21.920,21.920,56.7062,12.430,1.00000000,1.00000000,2021-02-10,SINA,constrained,True,False,possible_legal,0.0
300946,2021-02-09,84.440,141.600,141.600,-40.3672,-57.160,1.00000000,1.00000000,2021-02-08,SINA,constrained,True,False,possible_legal,0.0
300987,2021-05-12,70.000,51.290,51.290,36.4788,18.710,1.00000000,1.00000000,2021-05-11,SINA,constrained,True,False,possible_legal,0.0
301060,2021-09-14,28.500,18.270,18.270,55.9934,10.230,1.00000000,1.00000000,2021-09-13,SINA,constrained,True,False,possible_legal,0.0
301083,2021-10-22,23.400,16.880,16.880,38.6256,6.520,1.00000000,1.00000000,2021-10-21,SINA,constrained,True,False,possible_legal,0.0
301099,2021-11-23,82.880,61.550,61.550,34.6548,21.330,1.00000000,1.00000000,2021-11-22,SINA,constrained,True,False,possible_legal,0.0
301158,2022-01-18,36.000,26.590,26.590,35.3892,9.410,1.00000000,1.00000000,2022-01-17,SINA,constrained,True,False,possible_legal,0.0
301187,2022-04-26,24.080,36.930,36.930,-34.7956,-12.850,1.00000000,1.00000000,2022-04-25,SINA,constrained,True,False,possible_legal,0.0
301399,2023-05-25,72.000,49.650,49.650,45.0151,22.350,1.00000000,1.00000000,2023-05-24,SINA,constrained,True,False,possible_legal,0.0
301487,2023-08-10,49.600,98.020,98.020,-49.3981,-48.420,1.00083998,1.00083998,2023-08-09,SINA,constrained,True,False,possible_legal,0.0
301551,2024-09-30,181.000,50.640,50.640,257.4250,130.360,1.00132341,1.00132341,2024-09-27,SINA,constrained,True,False,possible_legal,0.0
301551,2024-10-09,80.990,228.010,228.010,-64.4796,-147.020,1.00132341,1.00132341,2024-10-08,SINA,constrained,True,False,possible_legal,0.0
301618,2024-10-08,505.550,381.000,381.000,32.6903,124.550,1.00000000,1.00000000,2024-09-30,SINA,constrained,True,False,possible_legal,0.0
301618,2024-10-09,255.000,505.550,505.550,-49.5599,-250.550,1.00000000,1.00000000,2024-10-08,SINA,constrained,True,False,possible_legal,0.0
301618,2024-10-11,136.000,209.080,209.080,-34.9531,-73.080,1.00000000,1.00000000,2024-10-10,SINA,constrained,True,False,possible_legal,0.0
600018,2000-07-19,20.000,11.980,,66.9400,8.020,,,,AUSAHRE,constrained,False,False,possible_legal,
600052,2007-04-13,10.670,7.532,9.040,41.6574,3.138,3.58823529,2.98996656,2007-03-01,SINA,constrained,False,False,possible_legal,0.16681415929203533
600053,2004-12-28,4.750,2.791,2.790,70.1711,1.959,1.46595745,1.46595745,2004-04-28,SINA,constrained,True,True,confirmed_dirty,0.0003584229390680609
600057,2011-08-29,7.940,3.980,3.980,99.5120,3.960,5.66429207,5.66429207,2009-04-29,SINA,constrained,True,False,possible_legal,0.0
600081,2007-01-10,3.630,2.686,3.760,35.1422,0.944,8.50814585,6.07710843,2006-12-11,SINA,constrained,False,False,possible_legal,0.2856382978723404
600086,2006-05-29,3.160,1.694,1.820,86.5019,1.466,3.10643206,2.89010989,2006-02-15,TENCENT,constrained,False,False,possible_legal,0.06923076923076929
600089,2006-05-08,11.330,7.900,10.490,43.4213,3.430,5.80178575,4.36938875,2006-04-06,SINA,constrained,False,False,possible_legal,0.24690181124880836
600090,2022-06-10,0.320,1.109,0.960,-71.1454,-0.789,4.09375000,4.72916667,2022-04-11,TENCENT,constrained,False,False,possible_legal,0.15520833333333336
600091,2022-04-20,1.090,1.734,1.140,-37.1429,-0.644,0.20183486,0.30701754,2022-04-19,TENCENT,constrained,False,False,possible_legal,0.5210526315789474
600091,2022-04-21,1.040,2.860,1.090,-63.6364,-1.820,0.07692308,0.20183486,2022-04-20,TENCENT,constrained,False,False,possible_legal,1.623853211009174
600091,2022-04-22,0.990,,1.040,-175.0000,,0.07692308,0.07692308,2022-04-21,TENCENT,constrained,True,False,possible_legal,
600091,2022-04-25,0.940,0.282,0.990,233.3333,0.658,0.07692308,0.07692308,2022-04-22,TENCENT,constrained,True,True,confirmed_dirty,0.7151515151515151
600091,2022-04-26,0.890,0.524,0.940,70.0000,0.366,0.07692308,0.07692308,2022-04-25,TENCENT,constrained,True,True,confirmed_dirty,0.4425531914893617
600091,2022-04-27,0.850,0.642,0.890,32.3529,0.208,0.07692308,0.07692308,2022-04-26,TENCENT,constrained,True,True,confirmed_dirty,0.2786516853932584
600091,2022-05-25,0.780,0.540,0.850,44.4444,0.240,0.07692308,0.07692308,2022-04-27,TENCENT,constrained,True,True,confirmed_dirty,0.3647058823529411
600092,2006-08-29,0.950,1.382,1.000,-31.2500,-0.432,0.23157895,0.32000000,2006-08-28,TENCENT,constrained,False,False,possible_legal,0.3819999999999999
600094,2007-03-19,5.590,3.169,5.460,76.3717,2.421,3.56563707,2.07017544,2007-01-11,SINA,constrained,False,False,possible_legal,0.4195970695970696
600094,2011-10-11,7.670,4.369,4.370,75.5456,3.301,3.56563707,3.56563707,2008-04-29,SINA,constrained,True,True,confirmed_dirty,0.0002288329519451565
600101,2007-02-26,6.180,4.636,7.140,33.3065,1.544,5.36304910,3.48250000,2007-01-25,SINA,constrained,False,False,possible_legal,0.3507002801120448
600102,2007-01-18,9.640,5.324,6.130,81.0562,4.316,2.24066390,1.94422152,2006-09-19,TENCENT,constrained,False,False,possible_legal,0.13148450244698207
600107,2007-02-16,5.540,3.508,4.910,57.9295,2.032,2.58833768,1.84878049,2007-01-12,SINA,constrained,False,False,possible_legal,0.28553971486761714
600109,2007-03-29,41.240,17.958,17.960,129.6436,23.282,1.03126367,1.03126367,2006-12-22,SINA,constrained,True,True,confirmed_dirty,0.00011135857461038107
600115,2007-01-12,4.050,2.827,3.730,43.2718,1.223,1.33992806,1.01444043,2006-12-07,SINA,constrained,False,False,possible_legal,0.24209115281501342
600137,2007-04-13,68.160,5.747,7.180,1086.0789,62.413,1.50000000,1.20000000,2006-12-20,SINA,constrained,False,False,possible_legal,0.19958217270194983
600139,2007-02-15,7.850,5.746,6.790,36.6169,2.104,1.75065274,1.48011782,2007-01-12,TENCENT,constrained,False,False,possible_legal,0.15375552282768773
600145,2020-06-30,2.710,1.875,7.400,44.5496,0.835,15.24019139,3.85613540,2015-12-04,TENCENT,constrained,False,False,possible_legal,0.7466216216216216
600145,2022-03-30,0.280,0.993,1.030,-71.7900,-0.713,15.92857143,15.34951456,2022-03-02,TENCENT,constrained,False,False,possible_legal,0.03592233009708741
600146,2022-06-02,0.270,1.178,1.190,-77.0701,-0.908,1.33333333,1.32000000,2022-04-29,TENCENT,constrained,False,False,possible_legal,0.010084033613445387
600149,2007-03-15,5.680,3.801,6.080,49.4536,1.879,2.88970588,1.80601504,2007-02-15,SINA,constrained,False,False,possible_legal,0.3748355263157895
600151,2006-04-07,6.780,4.929,6.510,37.5573,1.851,2.65718350,2.01296596,2006-03-15,SINA,constrained,False,False,possible_legal,0.2428571428571428
600158,2007-02-01,17.900,12.858,16.460,39.2174,5.042,1.82862595,1.42857143,2006-12-14,SINA,constrained,False,False,possible_legal,0.21883353584447146
600177,2006-05-16,6.360,3.990,3.990,59.4155,2.370,8.31914894,8.31914894,2006-03-10,SINA,constrained,True,False,possible_legal,0.0
600186,2007-02-16,3.700,2.663,3.330,38.9474,1.037,4.99346405,3.99629630,2007-01-18,SINA,constrained,False,False,possible_legal,0.20030030030030038
600187,2009-04-17,10.820,0.780,0.980,1286.8571,10.040,2.24301337,1.78523205,2006-04-27,SINA,constrained,False,False,possible_legal,0.20408163265306117
600190,2025-06-30,0.390,0.655,0.910,-40.4984,-0.265,4.89743590,3.52747253,2025-05-29,TENCENT,constrained,False,False,possible_legal,0.2802197802197802
600193,2026-06-08,0.190,1.567,2.170,-87.8788,-1.377,9.47368421,6.84331797,2026-04-27,TENCENT,constrained,False,False,possible_legal,0.27788018433179723
600198,2006-05-30,9.870,6.459,8.660,52.8157,3.411,1.81425634,1.35392649,2006-04-06,SINA,constrained,False,False,possible_legal,0.2541570438799077
600200,2025-12-09,0.400,1.114,1.240,-64.1008,-0.714,13.17500000,11.85579552,2025-11-25,TENCENT,constrained,False,False,possible_legal,0.10161290322580636
600209,2022-05-25,0.830,1.952,2.080,-57.4866,-1.122,3.83132530,3.59259747,2022-04-28,TENCENT,constrained,False,False,possible_legal,0.06153846153846159
600213,2007-07-05,7.890,1.569,1.930,402.8455,6.321,1.56780735,1.27604915,2006-04-27,TENCENT,constrained,False,False,possible_legal,0.18704663212435232
600219,2006-03-31,5.110,3.344,6.690,52.7933,1.766,2.14179135,1.07083677,2006-03-10,SINA,constrained,False,False,possible_legal,0.5001494768310912
600225,2009-10-28,9.830,4.135,4.900,137.7150,5.695,1.96830958,1.66312908,2007-04-27,TENCENT,constrained,False,False,possible_legal,0.15612244897959193
600225,2025-02-07,0.300,1.165,1.240,-74.2537,-0.865,2.29814815,2.16000000,2024-12-25,TENCENT,constrained,False,False,possible_legal,0.0604838709677419
600234,2007-02-09,3.150,1.959,3.290,60.7903,1.191,1.68000000,1.00000000,2007-01-16,SINA,constrained,False,False,possible_legal,0.4045592705167173
600239,2007-11-30,12.400,5.965,8.280,107.8967,6.435,4.60725806,3.31860465,2007-06-04,SINA,constrained,False,False,possible_legal,0.2795893719806763
600242,2023-05-31,0.280,0.446,0.450,-37.2549,-0.166,1.14285714,1.13333333,2023-04-28,TENCENT,constrained,False,False,possible_legal,0.008888888888888896
600246,2006-09-08,20.850,15.335,20.390,35.9669,5.515,1.41981886,1.06763932,2006-07-13,SINA,constrained,False,False,possible_legal,0.24791564492398233
600248,2007-02-15,3.900,2.954,3.750,32.0210,0.946,1.29002915,1.01704891,2007-01-15,SINA,constrained,False,False,possible_legal,0.21226666666666663
600248,2008-12-26,6.970,4.838,4.840,44.0705,2.132,1.29002915,1.29002915,2007-04-27,SINA,constrained,True,True,confirmed_dirty,0.0004132231404958223
600272,2007-04-17,20.310,4.997,6.000,306.4412,15.313,1.24294479,1.03578947,2007-01-22,SINA,constrained,False,False,possible_legal,0.16716666666666669
600275,2022-05-25,0.370,0.890,0.970,-58.4229,-0.520,3.13513514,2.87254902,2022-04-29,TENCENT,constrained,False,False,possible_legal,0.08247422680412367
600290,2007-02-01,23.350,14.119,15.470,65.3764,9.231,2.31975776,2.12228261,2006-12-14,TENCENT,constrained,False,False,possible_legal,0.0873303167420815
600291,2022-05-17,0.710,1.515,1.730,-53.1250,-0.805,4.01408451,3.51445087,2022-04-29,TENCENT,constrained,False,False,possible_legal,0.12427745664739889
600299,2006-08-03,17.840,13.292,17.280,34.2119,4.548,1.39859384,1.07593498,2006-03-22,SINA,constrained,False,False,possible_legal,0.2307870370370371
600306,2024-05-29,0.350,1.581,1.990,-77.8626,-1.231,3.31428571,2.62998004,2024-04-29,TENCENT,constrained,False,False,possible_legal,0.2055276381909548
600322,2006-03-28,4.190,3.185,4.360,31.5556,1.005,1.41307086,1.03144654,2006-03-06,SINA,constrained,False,False,possible_legal,0.2694954128440367
600326,2006-06-08,6.490,4.952,6.340,31.0487,1.538,2.44479167,1.90981432,2006-05-11,SINA,constrained,False,False,possible_legal,0.21892744479495266
600340,2006-06-12,4.230,2.968,3.860,42.5121,1.262,1.39446993,1.07286432,2006-03-14,SINA,constrained,False,False,possible_legal,0.2310880829015544
600343,2006-05-16,7.790,4.337,5.590,79.6167,3.453,1.32414307,1.02640264,2006-04-18,SINA,constrained,False,False,possible_legal,0.22415026833631488
600362,2006-04-19,9.850,6.255,7.630,57.4784,3.595,1.29288215,1.05970149,2006-03-24,SINA,constrained,False,False,possible_legal,0.18020969855832242
600372,2010-09-20,22.420,8.338,8.340,168.8983,14.082,1.41532258,1.41532258,2009-04-09,SINA,constrained,True,True,confirmed_dirty,0.00023980815347729833
600385,2006-09-12,2.700,1.771,2.130,52.4362,0.929,2.43600000,2.02155172,2006-08-18,TENCENT,constrained,False,False,possible_legal,0.16854460093896714
600385,2014-08-06,16.530,8.509,8.500,94.2691,8.021,2.42109601,2.42109601,2013-04-25,TENCENT,constrained,True,True,confirmed_dirty,0.0010588235294118047
600385,2022-06-10,0.940,3.282,3.330,-71.3580,-2.342,2.46705226,2.42500000,2022-04-28,TENCENT,constrained,False,False,possible_legal,0.014414414414414427
600390,2006-04-20,5.270,3.863,5.800,36.4250,1.407,1.53442868,1.02294793,2006-03-30,SINA,constrained,False,False,possible_legal,0.3339655172413793
600401,2012-02-17,10.740,2.787,2.780,285.3709,7.953,5.22562897,5.23877476,2009-03-13,TENCENT,constrained,False,False,possible_legal,0.0025179856115108337
600421,2026-06-01,0.390,4.072,4.080,-90.4215,-3.682,1.92000000,1.92000000,2026-04-29,TENCENT,constrained,True,True,confirmed_dirty,0.001960784313725492
600462,2007-03-22,7.970,5.081,8.610,56.8470,2.889,1.70758483,1.01049798,2007-02-15,TENCENT,constrained,False,False,possible_legal,0.4098722415795586
600462,2025-06-24,0.190,0.894,0.960,-78.7529,-0.704,4.84210526,4.50495050,2025-04-29,TENCENT,constrained,False,False,possible_legal,0.06874999999999995
600466,2007-01-23,5.310,3.798,6.280,39.8148,1.512,1.70759953,1.03182182,2006-12-27,TENCENT,constrained,False,False,possible_legal,0.39522292993630576
600485,2006-03-28,6.210,4.597,6.410,35.0998,1.613,2.82923300,2.02812940,2006-03-08,TENCENT,constrained,False,False,possible_legal,0.2828393135725428
600487,2005-08-08,6.680,5.042,7.310,32.4900,1.638,1.48979592,1.02731747,2005-07-19,SINA,constrained,False,False,possible_legal,0.3102599179206566
600489,2006-06-14,14.620,22.413,28.920,-34.7696,-7.793,1.34578789,1.04347826,2006-05-19,SINA,constrained,False,False,possible_legal,0.22500000000000003
600497,2006-06-12,32.790,23.954,30.420,36.8873,8.836,1.31165009,1.03274256,2006-05-08,SINA,constrained,False,False,possible_legal,0.21255752794214336
600503,2008-07-16,10.280,15.361,20.740,-33.0762,-5.081,1.35000000,1.00000000,2008-02-18,SINA,constrained,False,False,possible_legal,0.2593539054966248
600505,2007-03-08,5.360,3.417,5.640,56.8681,1.943,3.19593346,1.93696275,2007-02-09,SINA,constrained,False,False,possible_legal,0.39414893617021274
600515,2007-04-13,12.490,2.543,3.560,391.0839,9.947,2.24914676,1.60659898,2007-01-17,SINA,constrained,False,False,possible_legal,0.28567415730337076
600516,2007-01-25,3.760,2.463,5.440,52.6316,1.297,2.23694535,1.01219512,2006-12-14,SINA,constrained,False,False,possible_legal,0.5472426470588235
600532,2023-05-30,0.650,2.642,3.340,-75.3998,-1.992,3.07692308,2.43413174,2023-04-28,TENCENT,constrained,False,False,possible_legal,0.2089820359281437
600536,2006-05-15,12.030,8.185,11.040,46.9682,3.845,2.53849178,1.88213628,2006-04-13,SINA,constrained,False,False,possible_legal,0.258605072463768
600543,2006-07-10,6.990,4.672,6.220,49.6038,2.318,1.35019455,1.01535088,2006-06-15,SINA,constrained,False,False,possible_legal,0.24887459807073956
600547,2006-03-31,19.220,12.533,15.670,53.3537,6.687,1.30841121,1.04674668,2006-03-10,SINA,constrained,False,False,possible_legal,0.20019144862795152
600549,2006-03-29,20.290,14.161,18.270,43.2828,6.129,2.70166546,2.09430894,2006-02-24,SINA,constrained,False,False,possible_legal,0.22490421455938697
600555,2022-06-16,0.350,0.992,1.220,-64.7059,-0.642,5.48571429,4.45901639,2022-04-29,TENCENT,constrained,False,False,possible_legal,0.18688524590163932
600565,2006-06-13,5.660,11.570,11.570,-51.0804,-5.910,,,2006-06-12,TENCENT,constrained,False,False,possible_legal,0.0
600565,2008-03-24,10.400,21.790,21.790,-52.2717,-11.390,,,2008-03-21,TENCENT,constrained,False,False,possible_legal,0.0
600565,2009-05-15,5.110,9.040,9.040,-43.4735,-3.930,,,2009-05-14,TENCENT,constrained,False,False,possible_legal,0.0
600582,2007-01-15,32.270,22.268,24.940,44.9161,10.002,3.07847023,2.74861265,2006-12-13,SINA,constrained,False,False,possible_legal,0.10713712910986369
600599,2007-01-15,6.750,4.957,5.900,36.1644,1.793,2.20673247,1.85479186,2006-09-22,TENCENT,constrained,False,False,possible_legal,0.15983050847457636
600599,2026-06-01,0.570,2.590,3.950,-77.9915,-2.020,3.61403509,2.36962025,2026-04-29,TENCENT,constrained,False,False,possible_legal,0.3443037974683545
600600,1994-08-01,4.100,3.077,3.080,33.2288,1.023,1.03693931,1.03693931,1994-07-29,SINA,pre1996,True,True,possible_legal,0.0009740259740260109
600600,1994-08-03,5.000,3.613,3.620,38.4000,1.387,1.03693931,1.03693931,1994-08-02,SINA,pre1996,True,True,possible_legal,0.001933701657458596
600600,2006-12-20,15.190,10.308,12.390,47.3548,4.882,1.50386234,1.25097972,2006-09-28,SINA,constrained,False,False,possible_legal,0.1680387409200969
600601,1992-02-18,168.400,98.901,98.900,70.2719,69.499,5.00000000,5.00000000,1992-02-17,TENCENT,pre1996,True,True,possible_legal,1.0111223457943012e-05
600601,1992-11-25,85.000,63.500,63.500,33.8586,21.500,7.97440000,7.97440000,1992-11-24,TENCENT,pre1996,True,False,possible_legal,0.0
600601,1993-10-06,21.980,16.350,16.350,34.4344,5.630,119.61600000,119.61600000,1993-10-05,SINA,pre1996,True,False,possible_legal,0.0
600601,1993-10-07,34.610,21.980,21.980,57.4613,12.630,119.61600000,119.61600000,1993-10-06,SINA,pre1996,True,False,possible_legal,0.0
600601,1993-10-25,23.700,17.550,17.550,35.0428,6.150,119.61600000,119.61600000,1993-10-22,SINA,pre1996,True,False,possible_legal,0.0
600601,1994-08-01,7.100,4.800,4.800,47.9175,2.300,243.39248412,243.39248412,1994-07-29,SINA,pre1996,True,False,possible_legal,0.0
600601,1995-05-18,10.550,7.930,7.930,33.0392,2.620,243.39248412,243.39248412,1995-05-17,SINA,pre1996,True,False,possible_legal,0.0
600601,1996-10-25,11.750,8.880,8.880,32.3197,2.870,350.48523207,350.48523207,1996-10-24,SINA,pre1996,True,False,possible_legal,0.0
600602,1992-11-25,790.000,584.996,585.000,35.0436,205.004,1.01081081,1.01081081,1992-11-24,TENCENT,pre1996,True,True,possible_legal,6.837606837639486e-06
600602,1994-08-01,2.550,1.870,1.870,36.3659,0.680,171.75510204,171.75510204,1994-07-29,SINA,pre1996,True,False,possible_legal,0.0
600602,1994-08-03,3.400,2.430,2.430,39.9200,0.970,171.75510204,171.75510204,1994-08-02,SINA,pre1996,True,False,possible_legal,0.0
600603,1992-05-21,307.500,153.800,153.800,99.9350,153.700,1.00000000,1.00000000,1992-05-20,TENCENT,pre1996,True,False,possible_legal,0.0
600603,1994-08-01,5.880,4.380,4.380,34.2500,1.500,24.99176616,24.99176616,1994-07-29,SINA,pre1996,True,False,possible_legal,0.0
600603,1995-05-18,13.000,9.820,9.820,32.3812,3.180,24.99176616,24.99176616,1995-05-17,SINA,pre1996,True,False,possible_legal,0.0
600604,1992-05-21,293.000,71.100,71.100,312.0956,221.900,1.00000000,1.00000000,1992-05-20,TENCENT,pre1996,True,False,possible_legal,0.0
600604,1992-11-25,105.000,77.100,77.100,36.1868,27.900,1.00000000,1.00000000,1992-11-24,TENCENT,pre1996,True,False,possible_legal,0.0
600605,1992-04-29,-0.700,,,-1066.6700,-0.640,,,,TENCENT,pre1996,False,False,possible_legal,
600605,1992-05-21,205.500,36.000,36.000,470.8333,169.500,1.00000000,1.00000000,1992-05-20,TENCENT,pre1996,True,False,possible_legal,0.0
600605,1992-11-25,70.000,51.500,51.500,35.9223,18.500,1.00000000,1.00000000,1992-11-24,TENCENT,pre1996,True,False,possible_legal,0.0
600605,1994-08-01,2.930,2.030,2.030,44.3401,0.900,18.36538462,18.36538462,1994-07-29,SINA,pre1996,True,False,possible_legal,0.0
600606,1992-05-21,250.000,58.300,58.300,328.8165,191.700,1.00000000,1.00000000,1992-05-20,TENCENT,pre1996,True,False,possible_legal,0.0
600606,1992-10-28,117.780,59.250,59.250,98.7848,58.530,1.00000000,1.00000000,1992-10-27,TENCENT,pre1996,True,False,possible_legal,0.0
600606,1992-10-29,62.000,117.780,117.780,-47.3595,-55.780,1.00000000,1.00000000,1992-10-28,TENCENT,pre1996,True,False,possible_legal,0.0
600606,1992-11-25,72.200,53.000,53.000,36.2264,19.200,1.00000000,1.00000000,1992-11-24,TENCENT,pre1996,True,False,possible_legal,0.0
600606,1994-08-01,2.630,1.980,1.980,32.8353,0.650,14.87350427,14.87350427,1994-07-29,SINA,pre1996,True,False,possible_legal,0.0
600606,1994-08-02,3.800,2.630,2.630,44.4785,1.170,14.87350427,14.87350427,1994-08-01,SINA,pre1996,True,False,possible_legal,0.0
600607,1992-05-21,272.500,93.100,93.100,192.6960,179.400,1.00000000,1.00000000,1992-05-20,TENCENT,pre1996,True,False,possible_legal,0.0
600607,1992-11-25,119.000,84.000,84.000,41.6667,35.000,1.00000000,1.00000000,1992-11-24,TENCENT,pre1996,True,False,possible_legal,0.0
600607,1994-08-01,4.500,3.290,3.250,36.7925,1.210,16.11247520,16.28679413,1994-07-29,TENCENT,pre1996,False,False,possible_legal,0.012307692307692318
600607,2006-06-01,9.480,6.508,8.330,45.6642,2.972,50.29636680,39.32962824,2006-04-13,TENCENT,constrained,False,False,possible_legal,0.21872749099639857
600608,1992-05-21,215.000,44.600,44.600,382.0628,170.400,1.00000000,1.00000000,1992-05-20,TENCENT,pre1996,True,False,possible_legal,0.0
600608,1992-11-25,84.000,57.500,57.500,46.0870,26.500,1.00000000,1.00000000,1992-11-24,TENCENT,pre1996,True,False,possible_legal,0.0
600608,1993-05-24,9.110,13.276,17.550,-31.3789,-4.166,13.21953897,10.00000000,1993-05-21,TENCENT,pre1996,False,False,possible_legal,0.24353276353276357
600608,1994-08-01,3.650,2.428,2.600,50.3099,1.222,14.61917808,13.65384615,1994-07-29,TENCENT,pre1996,False,False,possible_legal,0.06615384615384622
600608,1995-05-18,7.100,5.375,5.500,32.0839,1.725,15.78309859,15.43817042,1995-05-17,TENCENT,pre1996,False,False,possible_legal,0.022727272727272728
600608,2007-06-28,11.120,6.574,11.210,69.1627,4.546,101.25269784,59.37466548,2007-05-17,TENCENT,constrained,False,False,possible_legal,0.4135593220338984
600608,2026-06-08,0.200,,2.070,-184.8587,,54.68599034,54.68599034,2026-04-29,TENCENT,constrained,True,False,possible_legal,
600609,1992-11-25,71.000,53.100,53.100,33.7100,17.900,1.00000000,1.00000000,1992-11-24,TENCENT,pre1996,True,False,possible_legal,0.0
600609,1994-08-05,3.420,2.490,2.490,37.3733,0.930,19.02197802,19.02197802,1994-08-04,SINA,pre1996,True,False,possible_legal,0.0
600609,1995-07-24,3.030,2.080,2.080,45.6659,0.950,19.02197802,19.02197802,1995-07-21,SINA,pre1996,True,False,possible_legal,0.0
600610,1992-11-25,76.000,56.200,56.200,35.2313,19.800,1.00000000,1.00000000,1992-11-24,TENCENT,pre1996,True,False,possible_legal,0.0
600610,1994-08-01,4.080,2.860,2.860,42.6490,1.220,15.60000000,15.60000000,1994-07-29,SINA,pre1996,True,False,possible_legal,0.0
600610,2014-11-25,9.760,6.183,25.970,57.8414,3.577,72.07192575,17.16000000,2014-06-26,SINA,constrained,False,False,possible_legal,0.7619175972275702
600610,2020-08-17,4.890,3.260,3.260,50.0019,1.630,79.27921093,79.27921093,2019-04-29,SINA,constrained,True,False,possible_legal,0.0
600611,1992-11-25,120.000,88.000,88.000,36.3636,32.000,1.00000000,1.00000000,1992-11-24,TENCENT,pre1996,True,False,possible_legal,0.0
600611,1993-12-23,0.100,,17.750,42.8600,0.030,,18.01253484,1993-12-22,AKSHARE,pre1996,False,False,possible_legal,
600611,1994-08-01,8.700,6.630,6.630,31.2217,2.070,18.33360000,18.33360000,1994-07-29,SINA,pre1996,True,False,possible_legal,0.0
600611,1994-08-05,14.290,10.790,10.790,32.4386,3.500,18.33360000,18.33360000,1994-08-04,SINA,pre1996,True,False,possible_legal,0.0
600611,1995-05-18,23.400,16.910,16.910,38.3805,6.490,37.81444099,37.81444099,1995-05-17,SINA,pre1996,True,False,possible_legal,0.0
600612,1992-11-25,92.050,66.500,66.500,38.4211,25.550,1.00000000,1.00000000,1992-11-24,TENCENT,pre1996,True,False,possible_legal,0.0
600612,1994-08-01,4.880,3.450,3.450,41.4548,1.430,19.60689655,19.60689655,1994-07-29,SINA,pre1996,True,False,possible_legal,0.0
600613,1992-11-25,120.000,89.000,89.000,34.8315,31.000,1.00000000,1.00000000,1992-11-24,TENCENT,pre1996,True,False,possible_legal,0.0
600614,1992-11-25,110.000,70.500,70.500,56.0284,39.500,1.00000000,1.00000000,1992-11-24,TENCENT,pre1996,True,False,possible_legal,0.0
600614,1994-08-01,6.490,4.590,4.590,41.3930,1.900,13.20000000,13.20000000,1994-07-29,TENCENT,pre1996,True,False,possible_legal,0.0
600615,1992-11-25,95.000,70.500,70.500,34.7518,24.500,1.00000000,1.00000000,1992-11-24,TENCENT,pre1996,True,False,possible_legal,0.0
600615,1994-08-01,4.980,3.500,3.500,42.2912,1.480,18.60706402,18.60706402,1994-07-29,SINA,pre1996,True,False,possible_legal,0.0
600615,1996-12-09,11.980,8.170,14.500,46.6422,3.810,34.63116057,19.51195096,1996-12-06,SINA,pre1996,False,False,possible_legal,0.43655172413793103
600615,2007-03-01,8.990,4.183,7.200,114.9175,4.807,84.59913326,49.14982578,2006-12-21,SINA,constrained,False,False,possible_legal,0.41902777777777783
600616,1994-08-01,6.350,4.800,4.800,32.2893,1.550,21.28559869,21.28559869,1994-07-29,SINA,pre1996,True,False,possible_legal,0.0
600616,1995-05-18,14.500,10.560,10.560,37.3096,3.940,25.86346154,25.86346154,1995-05-17,SINA,pre1996,True,False,possible_legal,0.0
600617,1992-11-25,165.000,124.500,124.500,32.5301,40.500,1.00000000,1.00000000,1992-11-24,TENCENT,pre1996,True,False,possible_legal,0.0
600617,1994-08-01,6.210,4.450,4.450,39.5501,1.760,15.48290598,15.48290598,1994-07-29,SINA,pre1996,True,False,possible_legal,0.0
600617,1994-08-05,11.330,8.170,8.170,38.6719,3.160,15.48290598,15.48290598,1994-08-04,SINA,pre1996,True,False,possible_legal,0.0
600617,2005-11-18,6.290,2.780,2.780,126.2500,3.510,18.99121443,18.99121443,2005-04-29,SINA,constrained,True,False,possible_legal,0.0
600618,1992-11-25,75.000,56.500,56.500,32.7434,18.500,1.00000000,1.00000000,1992-11-24,TENCENT,pre1996,True,False,possible_legal,0.0
600618,1994-08-01,3.800,2.740,2.740,38.6871,1.060,13.56583333,13.56583333,1994-07-29,SINA,pre1996,True,False,possible_legal,0.0
600618,1995-05-18,12.000,8.930,8.930,34.3773,3.070,13.80161943,13.80161943,1995-05-17,SINA,pre1996,True,False,possible_legal,0.0
600618,2006-01-11,4.700,3.581,5.120,31.2643,1.119,24.49856734,17.11702128,2005-12-05,SINA,constrained,False,False,possible_legal,0.3005859375
600619,1992-11-25,120.000,78.150,78.150,53.5509,41.850,1.00000000,1.00000000,1992-11-24,TENCENT,pre1996,True,False,possible_legal,0.0
600619,1994-08-01,5.150,3.850,3.850,33.7672,1.300,10.37608439,10.37608439,1994-07-29,SINA,pre1996,True,False,possible_legal,0.0
600619,1995-05-18,13.850,10.340,10.340,33.9500,3.510,13.48880597,13.48880597,1995-05-17,SINA,pre1996,True,False,possible_legal,0.0
600620,1992-11-25,175.000,115.000,115.000,52.1739,60.000,1.00000000,1.00000000,1992-11-24,TENCENT,pre1996,True,False,possible_legal,0.0
600620,1994-08-01,6.970,5.050,5.050,38.0243,1.920,22.33154122,22.33154122,1994-07-29,SINA,pre1996,True,False,possible_legal,0.0
600620,1994-08-03,8.700,6.610,6.610,31.6171,2.090,22.33154122,22.33154122,1994-08-02,SINA,pre1996,True,False,possible_legal,0.0
600620,1994-08-05,12.300,9.000,9.000,36.6703,3.300,22.33154122,22.33154122,1994-08-04,SINA,pre1996,True,False,possible_legal,0.0
600620,1995-05-18,12.800,9.450,9.450,35.4524,3.350,29.03100388,29.03100388,1995-05-17,SINA,pre1996,True,False,possible_legal,0.0
600621,1994-08-01,5.090,3.800,3.800,33.9437,1.290,19.25775632,19.25775632,1994-07-29,SINA,pre1996,True,False,possible_legal,0.0
600622,1994-08-01,6.400,4.530,4.530,41.2824,1.870,20.96684540,20.96684540,1994-07-29,SINA,pre1996,True,False,possible_legal,0.0
600622,1995-05-18,11.700,8.900,8.900,31.4630,2.800,20.96684540,20.96684540,1995-05-17,SINA,pre1996,True,False,possible_legal,0.0
600623,1994-08-01,4.900,3.600,3.600,36.1047,1.300,13.16269841,13.16269841,1994-07-29,SINA,pre1996,True,False,possible_legal,0.0
600623,2006-05-22,7.130,5.247,8.920,35.8781,1.883,25.26268657,14.86044273,2006-03-24,SINA,constrained,False,False,possible_legal,0.4117713004484305
600624,1994-08-05,11.800,8.948,8.950,31.8658,2.852,1.59916493,1.59916493,1994-08-04,SINA,pre1996,True,True,possible_legal,0.00022346368715071415
600625,1994-08-01,6.050,4.614,4.650,31.1148,1.436,1.30159554,1.29434789,1994-07-29,TENCENT,pre1996,False,False,possible_legal,0.007741935483871069
600625,1994-08-05,11.000,7.432,7.490,48.0122,3.568,1.31892168,1.30915888,1994-08-04,TENCENT,pre1996,False,False,possible_legal,0.007743658210947907
600625,1995-05-18,11.100,8.357,8.400,32.8196,2.743,1.32156405,1.31324618,1995-05-17,TENCENT,pre1996,False,False,possible_legal,0.005119047619047743
600626,1994-08-01,3.200,2.273,2.270,40.8060,0.927,1.74722880,1.74722880,1994-07-29,SINA,pre1996,True,True,possible_legal,0.0013215859030837505
600627,1993-10-18,7.570,11.240,11.700,-32.6496,-3.670,1.04026846,1.00000000,1993-10-15,TENCENT,pre1996,False,False,possible_legal,0.03931623931623924
600627,1994-08-01,2.620,1.821,1.860,43.8914,0.799,1.21374046,1.18895782,1994-07-29,TENCENT,pre1996,False,False,possible_legal,0.02096774193548395
600627,1994-08-03,3.280,2.407,2.440,36.2712,0.873,1.22560976,1.20901639,1994-08-02,TENCENT,pre1996,False,False,possible_legal,0.013524590163934393
600627,1994-08-05,5.000,3.567,3.600,40.1806,1.433,1.24209375,1.23055556,1994-08-04,TENCENT,pre1996,False,False,possible_legal,0.009166666666666644
600628,1994-08-01,8.280,6.102,6.100,35.6984,2.178,2.95708607,2.95708607,1994-07-29,SINA,pre1996,True,True,possible_legal,0.0003278688524591259
600628,1995-05-18,21.350,16.071,16.070,32.8493,5.279,2.95708607,2.95708607,1995-05-17,SINA,pre1996,True,True,possible_legal,6.222775357817188e-05
600629,1994-08-01,5.350,3.706,3.710,44.3798,1.644,1.39198856,1.39198856,1994-07-29,SINA,pre1996,True,True,possible_legal,0.001078167115902966
600629,1995-05-18,8.600,6.301,6.300,36.4880,2.299,1.39198856,1.39198856,1995-05-17,SINA,pre1996,True,True,possible_legal,0.00015873015873021175
600629,1995-05-22,12.100,8.601,8.600,40.6850,3.499,1.39198856,1.39198856,1995-05-18,SINA,pre1996,True,True,possible_legal,0.00011627906976758398
600629,2007-10-26,14.490,1.210,1.210,1097.4948,13.280,3.95886889,3.95886889,2006-04-27,SINA,constrained,True,False,possible_legal,0.0
600630,1994-08-01,2.560,1.952,1.950,31.1526,0.608,1.64505584,1.64505584,1994-07-29,SINA,pre1996,True,True,possible_legal,0.0010256410256410265
600630,1994-08-05,5.320,3.843,3.840,38.4494,1.477,1.64505584,1.64505584,1994-08-04,SINA,pre1996,True,True,possible_legal,0.0007812500000000296
600631,1994-08-01,7.150,5.314,5.520,34.5408,1.836,1.45454545,1.40036232,1994-07-29,TENCENT,pre1996,False,False,possible_legal,0.037318840579710064
600632,1994-08-01,6.820,4.778,5.080,42.7438,2.042,1.84604106,1.73622047,1994-07-29,TENCENT,pre1996,False,False,possible_legal,0.05944881889763789
600632,1995-05-18,10.730,8.124,8.320,32.0836,2.606,2.00279590,1.95550209,1995-05-17,TENCENT,pre1996,False,False,possible_legal,0.023557692307692276
600633,1994-08-01,4.980,3.657,3.660,36.1702,1.323,2.05593220,2.05593220,1994-07-29,SINA,pre1996,True,True,possible_legal,0.000819672131147572
600633,1994-08-05,9.500,6.742,6.740,40.9091,2.758,2.05593220,2.05593220,1994-08-04,SINA,pre1996,True,True,possible_legal,0.0002967359050444777
600633,1995-05-18,10.910,8.311,8.310,31.2644,2.599,2.09375000,2.09375000,1995-05-17,SINA,pre1996,True,True,possible_legal,0.00012033694344156988
600633,2011-09-29,12.250,7.280,7.280,68.2639,4.970,3.49701789,3.49701789,2010-04-29,SINA,constrained,True,False,possible_legal,0.0
600634,1994-08-01,5.850,3.902,4.170,49.9272,1.948,1.76149638,1.64748201,1994-07-29,TENCENT,pre1996,False,False,possible_legal,0.06426858513189444
600634,1995-05-18,9.500,6.608,7.100,43.7675,2.892,2.70736842,2.51489362,1995-05-17,TENCENT,pre1996,False,False,possible_legal,0.06929577464788733
600634,2021-06-07,0.540,0.860,0.600,-37.1951,-0.320,1.90740741,2.73333333,2021-06-04,TENCENT,constrained,False,False,possible_legal,0.43333333333333335
600634,2021-06-08,0.490,0.971,0.540,-49.5146,-0.481,1.06122449,1.90740741,2021-06-07,TENCENT,constrained,False,False,possible_legal,0.7981481481481479
600634,2021-06-09,0.440,22.880,0.490,-98.0769,-22.440,0.02272727,1.06122449,2021-06-08,TENCENT,constrained,False,False,possible_legal,45.69387755102041
600634,2021-06-10,0.400,,0.440,-4100.0000,,0.02272727,0.02272727,2021-06-09,TENCENT,constrained,True,False,possible_legal,
600634,2021-06-11,0.360,0.178,0.400,102.5000,0.182,0.02272727,0.02272727,2021-06-10,TENCENT,constrained,True,True,confirmed_dirty,0.555
600634,2021-06-15,0.320,0.212,0.360,50.6173,0.108,0.02272727,0.02272727,2021-06-11,TENCENT,constrained,True,True,confirmed_dirty,0.4111111111111111
600635,1994-08-01,7.600,5.430,5.430,39.9567,2.170,3.40136944,3.40136944,1994-07-29,SINA,pre1996,True,False,possible_legal,0.0
600635,1995-05-18,21.400,16.070,16.070,33.1687,5.330,3.40136944,3.40136944,1995-05-17,SINA,pre1996,True,False,possible_legal,0.0
600636,1993-04-08,16.780,12.000,12.000,39.8333,4.780,1.00000000,1.00000000,1993-04-07,TENCENT,pre1996,True,False,possible_legal,0.0
600636,1994-08-01,4.740,3.177,3.300,49.1991,1.563,1.37445899,1.32424242,1994-07-29,TENCENT,pre1996,False,False,possible_legal,0.03727272727272721
600636,2026-06-01,2.500,3.924,4.510,-36.2948,-1.424,13.79600000,12.00443459,2026-04-29,TENCENT,constrained,False,False,possible_legal,0.12993348115299333
600637,1994-08-01,3.800,2.400,2.400,58.3548,1.400,1.62200957,1.62200957,1994-07-29,SINA,pre1996,True,False,possible_legal,0.0
600638,1994-08-01,7.290,5.259,5.260,38.6247,2.031,2.59986273,2.59986273,1994-07-29,SINA,pre1996,True,True,possible_legal,0.00019011406844095927
600639,1994-08-01,10.950,7.842,7.840,39.6262,3.108,2.04684685,2.04684685,1994-07-29,SINA,pre1996,True,True,possible_legal,0.0002551020408162984
600639,1995-05-18,22.990,17.098,17.100,34.4571,5.892,2.04684685,2.04684685,1995-05-17,SINA,pre1996,True,True,possible_legal,0.00011695906432762831
600641,1994-08-01,7.600,5.400,5.400,40.7507,2.200,2.07218310,2.07218310,1994-07-29,SINA,pre1996,True,False,possible_legal,0.0
600641,1995-05-18,17.970,13.048,13.050,37.7219,4.922,2.07218310,2.07218310,1995-05-17,SINA,pre1996,True,True,possible_legal,0.00015325670498089408
600642,1993-07-14,20.210,15.300,15.300,32.0915,4.910,1.00000000,1.00000000,1993-07-12,SINA,pre1996,True,False,possible_legal,0.0
600642,1993-07-19,9.620,20.700,20.700,-53.5266,-11.080,1.00000000,1.00000000,1993-07-16,SINA,pre1996,True,False,possible_legal,0.0
600642,1994-08-01,4.690,3.266,3.260,43.6202,1.424,1.03278689,1.03278689,1994-07-29,SINA,pre1996,True,True,possible_legal,0.001840490797546082
600642,1996-11-11,10.400,7.369,14.870,41.1261,3.031,2.21722488,1.09850185,1996-11-08,SINA,pre1996,False,False,possible_legal,0.5044384667114996
600643,1995-05-19,16.300,9.704,9.700,67.9727,6.596,1.21012658,1.21012658,1995-05-17,SINA,pre1996,True,True,possible_legal,0.0004123711340207563
600644,1994-08-01,3.930,2.850,2.850,37.8893,1.080,2.02808989,2.02808989,1994-07-29,SINA,pre1996,True,False,possible_legal,0.0
600644,1994-08-08,8.900,6.499,6.500,36.9499,2.401,2.02808989,2.02808989,1994-08-05,SINA,pre1996,True,True,possible_legal,0.00015384615384620522
600645,1994-08-03,11.050,7.700,7.700,43.4993,3.350,2.68647381,2.68647381,1994-08-02,SINA,pre1996,True,False,possible_legal,0.0
600645,1994-09-05,20.100,14.479,14.480,38.8175,5.621,2.68647381,2.68647381,1994-09-02,SINA,pre1996,True,True,possible_legal,6.906077348074738e-05
600645,1994-10-20,18.000,12.450,12.450,44.5740,5.550,2.68647381,2.68647381,1994-10-19,SINA,pre1996,True,False,possible_legal,0.0
600645,1994-12-21,18.900,14.250,14.250,32.6280,4.650,2.68647381,2.68647381,1994-12-20,SINA,pre1996,True,False,possible_legal,0.0
600645,1995-05-18,18.000,13.630,13.630,32.0594,4.370,3.80098847,3.80098847,1995-05-17,SINA,pre1996,True,False,possible_legal,0.0
600645,2007-01-25,3.710,2.573,4.370,44.1766,1.137,20.95376045,12.33807169,2006-12-22,SINA,constrained,False,False,possible_legal,0.41121281464530895
600646,1994-08-01,5.700,3.872,4.080,47.2112,1.828,1.29649123,1.23039216,1994-07-29,TENCENT,pre1996,False,False,possible_legal,0.050980392156862786
600646,1995-05-18,11.980,8.913,9.080,34.4130,3.067,1.38564274,1.35838482,1995-05-17,TENCENT,pre1996,False,False,possible_legal,0.018392070484581476
600647,1994-06-27,5.200,8.260,15.330,-37.0457,-3.060,2.59467338,1.40000000,1994-06-24,TENCENT,pre1996,False,False,possible_legal,0.4611872146118722
600647,1994-08-01,5.150,3.563,3.680,44.5405,1.587,2.59611650,2.51358696,1994-07-29,TENCENT,pre1996,False,False,possible_legal,0.03179347826086956
600647,1994-08-05,9.450,6.846,6.950,38.0435,2.604,2.68812587,2.64748201,1994-08-04,TENCENT,pre1996,False,False,possible_legal,0.01496402877697843
600647,1995-05-18,10.600,7.904,8.000,34.1143,2.696,2.70000000,2.66729271,1995-05-17,TENCENT,pre1996,False,False,possible_legal,0.01200000000000001
600647,2024-06-05,1.380,6.289,7.130,-78.0566,-4.909,11.84782609,10.45021038,2024-04-29,TENCENT,constrained,False,False,possible_legal,0.11795231416549792
600648,1994-08-29,24.500,14.501,34.900,68.9589,9.999,3.61033770,1.50000000,1994-08-26,SINA,pre1996,False,False,possible_legal,0.5844985673352436
600648,1995-05-18,30.390,23.100,23.100,31.5588,7.290,3.61033770,3.61033770,1995-05-17,SINA,pre1996,True,False,possible_legal,0.0
600649,1994-08-01,3.390,2.379,2.380,42.5175,1.011,3.00502513,3.00502513,1994-07-29,SINA,pre1996,True,True,possible_legal,0.0004201680672268445
600650,1994-08-05,11.000,7.908,7.910,39.0938,3.092,1.20000000,1.20000000,1994-08-04,SINA,pre1996,True,True,possible_legal,0.0002528445006320834
600650,1995-05-18,19.000,12.598,12.600,50.8165,6.402,1.21527778,1.21527778,1995-05-17,SINA,pre1996,True,True,possible_legal,0.00015873015873007077
600651,1990-12-19,0.090,,,200.0000,0.060,,,,TENCENT,pre1996,False,False,possible_legal,
600651,1994-08-01,7.810,5.450,5.450,43.3024,2.360,389.62140326,389.62140326,1994-07-29,SINA,pre1996,True,False,possible_legal,0.0
600652,1992-12-01,31.000,311.500,326.500,-90.0482,-280.500,10.00000000,9.54058193,1992-11-30,TENCENT,pre1996,False,False,possible_legal,0.045941807044410414
600652,1993-03-08,82.000,61.000,61.000,34.4262,21.000,10.00000000,10.00000000,1993-03-05,TENCENT,pre1996,True,False,possible_legal,0.0
600652,1993-10-26,36.500,25.361,26.200,43.9232,11.139,36.98630137,35.80152672,1993-10-25,TENCENT,pre1996,False,False,possible_legal,0.03202290076335873
600652,1994-08-01,9.500,6.402,6.770,48.3863,3.098,151.57894737,143.34416544,1994-07-29,TENCENT,pre1996,False,False,possible_legal,0.05435745937961587
600652,1995-05-18,9.250,6.968,7.200,32.7472,2.282,185.42702703,179.45555556,1995-05-17,TENCENT,pre1996,False,False,possible_legal,0.03222222222222225
600652,2022-05-25,0.800,1.416,1.020,-43.5177,-0.616,608.90000000,845.51960784,2022-04-29,TENCENT,constrained,False,False,possible_legal,0.38823529411764696
600653,1992-05-21,470.000,354.300,354.300,32.6559,115.700,10.00000000,10.00000000,1992-05-20,TENCENT,pre1996,True,False,possible_legal,0.0
600653,1992-06-01,340.000,505.000,505.000,-32.6733,-165.000,10.00000000,10.00000000,1992-05-29,TENCENT,pre1996,True,False,possible_legal,0.0
600653,1993-11-10,45.800,30.530,30.530,50.0165,15.270,242.79794118,242.79794118,1993-11-09,SINA,pre1996,True,False,possible_legal,0.0
600653,1994-08-01,7.970,5.640,5.640,41.3120,2.330,562.36513761,562.36513761,1994-07-29,SINA,pre1996,True,False,possible_legal,0.0
600653,1995-05-18,8.350,6.330,6.330,31.9115,2.020,956.02068966,956.02068966,1995-05-17,SINA,pre1996,True,False,possible_legal,0.0
600654,1992-02-18,1599.900,1091.600,1091.600,46.5647,508.300,1.00000000,1.00000000,1992-02-17,TENCENT,pre1996,True,False,possible_legal,0.0
600654,1992-05-26,1590.000,3275.000,3275.000,-51.4504,-1685.000,1.00000000,1.00000000,1992-05-25,TENCENT,pre1996,True,False,possible_legal,0.0
600654,1992-05-27,2900.000,1590.000,1590.000,82.3899,1310.000,1.00000000,1.00000000,1992-05-26,TENCENT,pre1996,True,False,possible_legal,0.0
600654,1994-08-01,4.790,3.370,3.370,42.1360,1.420,390.36992316,390.36992316,1994-07-29,SINA,pre1996,True,False,possible_legal,0.0
600654,1994-08-03,7.000,4.600,4.600,52.1741,2.400,390.36992316,390.36992316,1994-08-02,SINA,pre1996,True,False,possible_legal,0.0
600654,1995-05-18,8.300,6.240,6.240,33.0127,2.060,390.36992316,390.36992316,1995-05-17,SINA,pre1996,True,False,possible_legal,0.0
600655,1994-08-01,8.220,6.200,6.200,32.5719,2.020,21.03950617,21.03950617,1994-07-29,SINA,pre1996,True,False,possible_legal,0.0
600656,1992-11-25,148.000,104.000,104.000,42.3077,44.000,10.00000000,10.00000000,1992-11-24,TENCENT,pre1996,True,False,possible_legal,0.0
600656,1994-08-01,3.720,1.175,2.680,216.6667,2.545,183.87096774,80.59701493,1994-07-29,TENCENT,pre1996,False,False,possible_legal,0.5615671641791045
600656,1994-08-03,4.600,2.683,3.600,71.4286,1.917,234.78260870,175.00000000,1994-08-02,TENCENT,pre1996,False,False,possible_legal,0.2547222222222223
600656,1994-08-05,6.400,4.251,4.990,50.5376,2.149,295.31250000,251.60320641,1994-08-04,TENCENT,pre1996,False,False,possible_legal,0.1480961923847695
600656,1995-05-18,4.020,2.450,3.180,64.0825,1.570,357.60199005,275.50943396,1995-05-17,TENCENT,pre1996,False,False,possible_legal,0.22955974842767293
600656,1995-05-22,6.160,3.088,4.020,99.4971,3.072,465.56655844,357.60199005,1995-05-18,TENCENT,pre1996,False,False,possible_legal,0.2318407960199004
600656,1996-04-22,6.230,4.247,4.810,46.6983,1.983,478.57303371,422.53846154,1996-04-19,TENCENT,pre1996,False,False,possible_legal,0.117047817047817
600657,1993-06-02,21.000,15.700,15.700,33.7580,5.300,1.00000000,1.00000000,1993-06-01,SINA,pre1996,True,False,possible_legal,0.0
600657,1994-03-14,7.250,5.262,5.260,37.7858,1.988,1.57891306,1.57891306,1994-03-11,SINA,pre1996,True,True,possible_legal,0.0003802281368820874
600657,1994-08-01,4.800,3.401,3.400,41.1546,1.399,1.57891306,1.57891306,1994-07-29,SINA,pre1996,True,True,possible_legal,0.00029411764705879114
600657,1995-03-06,5.050,3.802,3.800,32.8333,1.248,1.57891306,1.57891306,1995-03-03,SINA,pre1996,True,True,possible_legal,0.0005263157894737432
600657,1995-05-18,5.200,3.958,3.960,31.3665,1.242,1.62651521,1.62651521,1995-05-17,SINA,pre1996,True,True,possible_legal,0.0005050505050504494
600658,1993-06-02,20.950,15.700,15.700,33.4395,5.250,1.00000000,1.00000000,1993-06-01,SINA,pre1996,True,False,possible_legal,0.0
600658,1994-03-11,6.260,4.701,4.700,33.1613,1.559,1.64833333,1.64833333,1994-03-10,SINA,pre1996,True,True,possible_legal,0.00021276595744669057
600658,1994-03-14,8.880,6.260,6.260,41.8605,2.620,1.64833333,1.64833333,1994-03-11,SINA,pre1996,True,False,possible_legal,0.0
600658,1994-08-01,6.250,4.533,4.530,37.8849,1.717,1.64833333,1.64833333,1994-07-29,SINA,pre1996,True,True,possible_legal,0.0006622516556291641
600659,1993-06-02,23.000,14.700,14.700,56.4626,8.300,1.00000000,1.00000000,1993-06-01,TENCENT,pre1996,True,False,possible_legal,0.0
600659,1994-08-01,3.520,2.316,2.480,52.0124,1.204,1.39488636,1.30241935,1994-07-29,TENCENT,pre1996,False,False,possible_legal,0.06612903225806457
600659,1994-08-03,4.500,3.282,3.410,37.1308,1.218,1.44444444,1.39002933,1994-08-02,TENCENT,pre1996,False,False,possible_legal,0.037536656891495636
600659,1995-05-18,5.100,3.796,3.920,34.3525,1.304,1.46470588,1.41570045,1995-05-17,TENCENT,pre1996,False,False,possible_legal,0.031632653061224515
600660,1994-08-01,4.850,3.590,3.590,35.1094,1.260,2.92701665,2.92701665,1994-07-29,SINA,pre1996,True,False,possible_legal,0.0
600660,1994-08-03,6.490,4.898,4.900,32.4965,1.592,2.92701665,2.92701665,1994-08-02,SINA,pre1996,True,True,possible_legal,0.00040816326530625875
600660,1995-05-18,10.250,7.161,7.160,43.1298,3.089,2.92701665,2.92701665,1995-05-17,SINA,pre1996,True,True,possible_legal,0.00013966480446919635
600660,1995-05-19,14.010,10.249,10.250,36.7000,3.761,2.92701665,2.92701665,1995-05-18,SINA,pre1996,True,True,possible_legal,9.756097560970203e-05
600661,1994-08-01,5.150,3.689,3.690,39.6007,1.461,1.62903226,1.62903226,1994-07-29,SINA,pre1996,True,True,possible_legal,0.00027100271002707046
600661,1994-08-05,9.800,7.399,7.400,32.4481,2.401,1.62903226,1.62903226,1994-08-04,SINA,pre1996,True,True,possible_legal,0.00013513513513518027
600662,1994-08-01,8.900,6.649,6.650,33.8542,2.251,2.59911038,2.59911038,1994-07-29,SINA,pre1996,True,True,possible_legal,0.00015037593984967428
600662,1995-05-18,20.200,14.239,14.240,41.8676,5.961,4.36953642,4.36953642,1995-05-17,SINA,pre1996,True,True,possible_legal,7.022471910108468e-05
600663,1994-08-01,11.920,8.693,8.690,37.1206,3.227,1.32659479,1.32659479,1994-07-29,SINA,pre1996,True,True,possible_legal,0.0003452243958573203
600663,1995-05-18,27.300,19.499,19.500,40.0075,7.801,1.37556222,1.37556222,1995-05-17,SINA,pre1996,True,True,possible_legal,5.128205128211395e-05
600663,2006-01-06,6.180,4.578,6.180,35.0069,1.602,4.74309392,3.51339915,2005-12-01,SINA,constrained,False,False,possible_legal,0.2592233009708737
600664,1994-08-10,6.680,5.080,5.080,31.4961,1.600,1.00000000,1.00000000,1994-08-09,SINA,pre1996,True,False,possible_legal,0.0
600665,1994-08-03,2.800,2.000,2.000,40.0000,0.800,1.47462687,1.47462687,1994-08-02,SINA,pre1996,True,False,possible_legal,0.0
600666,1994-04-05,13.100,23.459,23.460,-44.1582,-10.359,1.39027778,1.39027778,1994-04-04,SINA,pre1996,True,True,possible_legal,4.262574595060623e-05
600666,1994-04-26,10.140,7.501,7.500,35.1870,2.639,1.39027778,1.39027778,1994-04-25,SINA,pre1996,True,True,possible_legal,0.00013333333333337787
600666,1994-08-01,8.650,5.227,5.230,65.4746,3.423,1.39027778,1.39027778,1994-07-29,SINA,pre1996,True,True,possible_legal,0.0005736137667304232
600667,1994-08-05,4.000,2.883,2.880,38.7283,1.117,1.20000000,1.20000000,1994-08-04,SINA,pre1996,True,True,possible_legal,0.0010416666666667061
600668,1994-08-01,2.690,2.028,2.030,32.6471,0.662,1.67482517,1.67482517,1994-07-29,SINA,pre1996,True,True,possible_legal,0.0009852216748767388
600668,1994-08-03,3.440,2.598,2.600,32.4138,0.842,1.67482517,1.67482517,1994-08-02,SINA,pre1996,True,True,possible_legal,0.0007692307692308553
600668,1994-08-05,5.100,3.798,3.800,34.2767,1.302,1.67482517,1.67482517,1994-08-04,SINA,pre1996,True,True,possible_legal,0.0005263157894736263
600668,1995-05-18,4.500,3.350,3.350,34.3239,1.150,2.01016949,2.01016949,1995-05-17,SINA,pre1996,True,False,possible_legal,0.0
600669,1994-03-14,4.260,3.189,3.330,33.5681,1.071,1.33568075,1.27927928,1994-03-11,TENCENT,pre1996,False,False,possible_legal,0.04234234234234235
600669,1994-08-01,1.880,1.104,1.340,70.3390,0.776,1.06914894,0.88059701,1994-07-29,TENCENT,pre1996,False,False,possible_legal,0.1761194029850746
600669,1994-08-03,2.200,1.525,1.700,44.2529,0.675,1.14090909,1.02352941,1994-08-02,TENCENT,pre1996,False,False,possible_legal,0.10294117647058826
600669,1994-08-05,3.650,2.321,2.530,57.2848,1.329,1.30136986,1.19367589,1994-08-04,TENCENT,pre1996,False,False,possible_legal,0.08260869565217377
600669,1994-08-10,4.080,3.002,3.150,35.9296,1.078,1.32598039,1.26349206,1994-08-09,TENCENT,pre1996,False,False,possible_legal,0.046984126984127024
600669,1995-05-18,2.170,1.511,1.670,43.5897,0.659,1.29032258,1.16766467,1995-05-17,TENCENT,pre1996,False,False,possible_legal,0.09520958083832337
600670,1994-08-01,3.050,1.856,2.370,64.3275,1.194,0.92131148,0.72151899,1994-07-29,TENCENT,pre1996,False,False,possible_legal,0.2168776371308017
600670,1994-08-03,3.470,2.476,2.850,40.1606,0.994,1.00576369,0.87368421,1994-08-02,TENCENT,pre1996,False,False,possible_legal,0.13122807017543864
600670,1994-08-05,5.490,3.276,3.810,67.5743,2.214,1.23315118,1.06036745,1994-08-04,TENCENT,pre1996,False,False,possible_legal,0.1401574803149607
600670,1995-05-18,3.280,2.262,2.670,45.0000,1.018,0.97256098,0.82397004,1995-05-17,TENCENT,pre1996,False,False,possible_legal,0.15280898876404492
600670,1996-12-02,6.650,4.923,5.240,35.0877,1.727,1.38947368,1.30534351,1996-11-29,TENCENT,pre1996,False,False,possible_legal,0.0604961832061069
600671,1994-08-01,3.550,2.472,2.470,43.6137,1.078,1.29954955,1.29954955,1994-07-29,SINA,pre1996,True,True,possible_legal,0.0008097165991901941
600672,1994-03-14,4.150,3.108,3.270,33.5312,1.042,1.08433735,1.02922241,1994-03-11,TENCENT,pre1996,False,False,possible_legal,0.0495412844036697
600672,1994-08-01,2.000,1.292,1.460,54.7619,0.708,0.97500000,0.86301370,1994-07-29,TENCENT,pre1996,False,False,possible_legal,0.11506849315068489
600672,1994-08-03,2.400,1.730,1.860,38.7640,0.670,1.02916667,0.95698925,1994-08-02,TENCENT,pre1996,False,False,possible_legal,0.06989247311827963
600672,1994-08-05,3.820,2.597,2.750,47.0790,1.223,1.12041885,1.05818182,1994-08-04,TENCENT,pre1996,False,False,possible_legal,0.055636363636363644
600672,1995-05-18,2.370,1.795,1.910,32.0652,0.575,1.02531646,0.96335079,1995-05-17,TENCENT,pre1996,False,False,possible_legal,0.060209424083769635
600673,1994-08-01,2.450,1.850,1.850,32.4138,0.600,1.56803456,1.56803456,1994-07-29,SINA,pre1996,True,False,possible_legal,0.0
600673,1994-08-05,4.600,3.464,3.460,32.7808,1.136,1.56803456,1.56803456,1994-08-04,SINA,pre1996,True,True,possible_legal,0.0011560693641618507
600673,1996-04-29,6.090,3.821,3.820,59.3701,2.269,1.66237942,1.66237942,1996-04-26,SINA,pre1996,True,True,possible_legal,0.0002617801047121293
600674,1994-08-01,2.220,1.661,1.660,33.6449,0.559,1.28771930,1.28771930,1994-07-29,SINA,pre1996,True,True,possible_legal,0.0006024096385542844
600674,1994-08-05,4.180,2.999,3.000,39.3782,1.181,1.28771930,1.28771930,1994-08-04,SINA,pre1996,True,True,possible_legal,0.0003333333333332966
600675,1994-08-01,8.710,6.500,6.500,34.0000,2.210,1.00000000,1.00000000,1994-07-29,SINA,pre1996,True,False,possible_legal,0.0
600676,1993-12-23,0.040,,11.880,33.3300,0.010,,1.00000000,1993-12-22,AKSHARE,pre1996,False,False,possible_legal,
600676,1994-08-01,5.380,3.750,3.750,43.4667,1.630,1.00000000,1.00000000,1994-07-29,SINA,pre1996,True,False,possible_legal,0.0
600676,1995-05-18,15.280,11.250,11.250,35.8222,4.030,1.00000000,1.00000000,1995-05-17,SINA,pre1996,True,False,possible_legal,0.0
600677,1994-08-01,3.450,2.516,2.670,37.1025,0.934,1.12463768,1.05992509,1994-07-29,TENCENT,pre1996,False,False,possible_legal,0.057677902621722815
600677,1994-08-03,4.400,3.161,3.320,39.1892,1.239,1.17045455,1.11445783,1994-08-02,TENCENT,pre1996,False,False,possible_legal,0.047891566265060186
600677,1995-05-18,5.100,3.827,3.970,33.2604,1.273,1.19411765,1.15113350,1995-05-17,TENCENT,pre1996,False,False,possible_legal,0.036020151133501314
600678,1994-08-01,7.200,5.099,5.100,41.1908,2.101,1.61406250,1.61406250,1994-07-29,SINA,pre1996,True,True,possible_legal,0.00019607843137244037
600679,1994-08-03,6.890,5.120,5.120,34.5703,1.770,1.00000000,1.00000000,1994-08-02,SINA,pre1996,True,False,possible_legal,0.0
600679,1994-08-05,10.000,7.500,7.500,33.3333,2.500,1.00000000,1.00000000,1994-08-04,SINA,pre1996,True,False,possible_legal,0.0
600680,1994-08-01,8.080,6.102,6.100,32.4086,1.978,1.30000000,1.30000000,1994-07-29,TENCENT,pre1996,True,True,possible_legal,0.0003278688524591259
600680,1995-05-18,18.900,13.116,12.980,44.1008,5.784,1.32994924,1.34552556,1995-05-17,TENCENT,pre1996,False,False,possible_legal,0.010477657935284995
600681,1994-08-01,4.540,3.119,3.120,45.5378,1.421,1.40000000,1.40000000,1994-07-29,SINA,pre1996,True,True,possible_legal,0.0003205128205127852
600681,2011-09-08,6.580,3.158,4.420,108.3799,3.422,4.53505328,3.23941368,2008-04-24,SINA,constrained,False,False,possible_legal,0.2855203619909502
600682,1994-08-01,4.100,3.010,3.010,36.2256,1.090,1.53094463,1.53094463,1994-07-29,SINA,pre1996,True,False,possible_legal,0.0
600683,1994-08-01,3.500,2.589,2.590,35.1906,0.911,1.31756757,1.31756757,1994-07-29,SINA,pre1996,True,True,possible_legal,0.0003861003861003436
600683,1994-08-05,6.450,4.849,4.850,33.0203,1.601,1.31756757,1.31756757,1994-08-04,SINA,pre1996,True,True,possible_legal,0.00020618556701019501
600684,1994-08-01,5.330,3.905,3.900,36.5025,1.425,1.50895522,1.50895522,1994-07-29,SINA,pre1996,True,True,possible_legal,0.0012820512820512547
600684,1994-08-05,9.780,6.646,6.650,47.1585,3.134,1.50895522,1.50895522,1994-08-04,SINA,pre1996,True,True,possible_legal,0.0006015037593985635
600685,1994-08-05,4.540,3.378,3.380,34.3931,1.162,1.02453560,1.02453560,1994-08-04,SINA,pre1996,True,True,possible_legal,0.0005917159763312958
600686,1993-11-24,24.210,16.500,16.500,46.7273,7.710,1.00000000,1.00000000,1993-11-23,SINA,pre1996,True,False,possible_legal,0.0
600686,1994-03-14,10.950,7.991,7.990,37.0344,2.959,1.74677259,1.74677259,1994-03-11,SINA,pre1996,True,True,possible_legal,0.0001251564455568768
600686,1994-08-01,5.820,4.342,4.340,34.0314,1.478,1.75921053,1.75921053,1994-07-29,SINA,pre1996,True,True,possible_legal,0.00046082949308750686
600687,1994-08-01,7.690,5.710,5.710,34.6760,1.980,1.00000000,1.00000000,1994-07-29,TENCENT,pre1996,True,False,possible_legal,0.0
600688,1994-08-01,1.660,1.247,1.250,33.0709,0.413,1.01600000,1.01600000,1994-07-29,SINA,pre1996,True,True,possible_legal,0.0023999999999999135
600688,1995-05-18,2.360,1.731,1.730,36.3128,0.629,1.03333333,1.03333333,1995-05-17,SINA,pre1996,True,True,possible_legal,0.0005780346820809895
600689,1994-08-01,4.950,3.450,3.450,43.4783,1.500,1.00000000,1.00000000,1994-07-29,SINA,pre1996,True,False,possible_legal,0.0
600690,1994-08-05,6.190,4.591,4.590,34.8409,1.599,1.30000000,1.30000000,1994-08-04,SINA,pre1996,True,True,possible_legal,0.00021786492374734946
600691,1994-08-01,4.510,3.180,3.180,41.8367,1.330,1.23198952,1.23198952,1994-07-29,SINA,pre1996,True,False,possible_legal,0.0
600691,2007-05-25,11.930,2.773,4.990,330.2166,9.157,3.16240338,1.75693527,2007-01-18,SINA,constrained,False,False,possible_legal,0.44428857715430864
600692,1994-08-01,6.200,4.500,4.500,37.7778,1.700,1.00000000,1.00000000,1994-07-29,SINA,pre1996,True,False,possible_legal,0.0
600693,1994-08-01,3.310,2.410,2.410,37.3585,0.900,1.10011250,1.10011250,1994-07-29,SINA,pre1996,True,False,possible_legal,0.0
600693,1994-08-05,6.150,4.522,4.520,36.0161,1.628,1.10011250,1.10011250,1994-08-04,SINA,pre1996,True,True,possible_legal,0.0004424778761063425
600693,1995-05-19,9.000,6.805,6.800,32.2515,2.195,1.44933078,1.44933078,1995-05-18,SINA,pre1996,True,True,possible_legal,0.0007352941176470432
600694,1994-08-01,4.000,3.043,3.040,31.4501,0.957,1.74525515,1.74525515,1994-07-29,SINA,pre1996,True,True,possible_legal,0.0009868421052631952
600694,1994-08-04,5.950,4.454,4.450,33.5907,1.496,1.74525515,1.74525515,1994-08-03,SINA,pre1996,True,True,possible_legal,0.000898876404494283
600695,1994-03-11,15.820,12.000,12.000,31.8333,3.820,1.00000000,1.00000000,1994-03-10,TENCENT,pre1996,True,False,possible_legal,0.0
600695,1994-08-01,7.050,4.950,4.950,42.4242,2.100,1.00000000,1.00000000,1994-07-29,TENCENT,pre1996,True,False,possible_legal,0.0
600695,2006-09-20,4.740,2.438,3.020,94.3958,2.302,2.34177215,1.89458155,2005-12-16,TENCENT,constrained,False,False,possible_legal,0.19271523178807942
600695,2022-05-17,0.520,1.329,1.700,-60.8796,-0.809,3.25000000,2.54117647,2022-04-25,TENCENT,constrained,False,False,possible_legal,0.21823529411764706
600696,1994-08-01,3.700,2.760,2.760,34.0580,0.940,1.50000000,1.50000000,1994-07-29,TENCENT,pre1996,True,False,possible_legal,0.0
600696,2026-06-01,0.550,1.545,1.310,-64.3902,-0.995,2.65454545,3.12977099,2026-04-29,TENCENT,constrained,False,False,possible_legal,0.17938931297709915
600697,1994-08-01,3.000,2.265,2.270,32.4219,0.735,1.12929293,1.12929293,1994-07-29,SINA,pre1996,True,True,possible_legal,0.0022026431718061203
600697,1994-08-05,5.360,4.049,4.050,32.3851,1.311,1.12929293,1.12929293,1994-08-04,SINA,pre1996,True,True,possible_legal,0.00024691358024677676
600698,1994-08-01,5.200,3.910,3.910,33.0025,1.290,1.02978056,1.02978056,1994-07-29,SINA,pre1996,True,False,possible_legal,0.0
600699,1995-05-22,8.150,6.044,6.050,34.8387,2.106,1.02540416,1.02540416,1995-05-19,SINA,pre1996,True,True,possible_legal,0.0009917355371901202
600700,2005-03-24,0.840,0.641,0.800,31.0811,0.199,1.15476190,0.92500000,2005-03-23,TENCENT,constrained,False,False,possible_legal,0.19875000000000004
600700,2005-04-20,0.750,1.125,0.790,-33.3333,-0.375,0.61333333,0.87341772,2005-04-19,TENCENT,constrained,False,False,possible_legal,0.42405063291139233
600700,2005-04-21,0.710,1.420,0.750,-50.0000,-0.710,0.32394366,0.61333333,2005-04-20,TENCENT,constrained,False,False,possible_legal,0.8933333333333332
600700,2005-04-22,0.670,,0.710,-100.0000,,0.32394366,0.32394366,2005-04-21,TENCENT,constrained,True,False,possible_legal,
600701,2007-02-13,4.790,2.824,5.880,69.6078,1.966,4.69359073,2.25510204,2007-01-18,TENCENT,constrained,False,False,possible_legal,0.5197278911564626
600701,2021-03-31,0.300,0.436,0.330,-31.2500,-0.136,1.10000000,1.45454545,2021-03-30,TENCENT,constrained,False,False,possible_legal,0.32121212121212117
600701,2021-04-01,0.270,0.495,0.300,-45.4545,-0.225,0.66666667,1.10000000,2021-03-31,TENCENT,constrained,False,False,possible_legal,0.65
600701,2021-04-02,0.250,0.562,0.270,-55.5556,-0.312,0.32000000,0.66666667,2021-04-01,TENCENT,constrained,False,False,possible_legal,1.0814814814814815
600701,2021-04-07,0.270,0.120,0.250,125.0000,0.150,0.66666667,0.32000000,2021-04-06,TENCENT,constrained,False,False,possible_legal,0.52
600701,2021-04-08,0.300,0.164,0.270,83.3333,0.136,1.10000000,0.66666667,2021-04-07,TENCENT,constrained,False,False,possible_legal,0.3925925925925926
600701,2021-04-09,0.330,0.227,0.300,45.4545,0.103,1.45454545,1.10000000,2021-04-08,TENCENT,constrained,False,False,possible_legal,0.2433333333333333
600701,2021-04-20,0.390,0.294,0.350,32.7586,0.096,1.97435897,1.65714286,2021-04-19,TENCENT,constrained,False,False,possible_legal,0.16
600702,2006-04-06,3.890,2.950,4.100,31.8511,0.940,3.27674419,2.35741065,2006-03-08,SINA,constrained,False,False,possible_legal,0.2804878048780487
600703,2008-07-08,13.890,4.516,5.420,207.5871,9.374,1.78034602,1.48360656,2007-04-27,SINA,constrained,False,False,possible_legal,0.16678966789667896
600705,2012-08-30,12.680,4.988,4.440,154.2217,7.692,5.00173310,5.62640117,2007-04-26,TENCENT,constrained,False,False,possible_legal,0.12342342342342343
600711,2007-01-22,5.810,4.076,6.110,42.5333,1.734,1.84029098,1.22685656,2006-12-29,SINA,constrained,False,False,possible_legal,0.33289689034369896
600713,1998-01-15,25.000,16.935,28.200,47.6207,8.065,1.68747212,1.01350135,1998-01-14,SINA,constrained,False,False,possible_legal,0.399468085106383
600727,2011-08-18,7.640,5.720,5.720,33.5764,1.920,5.27500000,5.27500000,2010-04-29,SINA,constrained,True,False,possible_legal,0.0
600733,2018-09-27,9.500,15.055,52.690,-36.8967,-5.555,8.19000000,2.34000000,2018-02-01,SINA,constrained,False,False,possible_legal,0.7142721579047258
600743,2002-09-03,6.780,5.140,5.140,31.8939,1.640,3.73930800,3.73930800,2002-04-19,SINA,constrained,True,False,possible_legal,0.0
600743,2008-08-28,7.010,22.421,22.420,-68.7343,-15.411,3.73930800,3.73930800,2008-02-13,SINA,constrained,True,True,confirmed_dirty,4.460303300614047e-05
600745,2008-07-08,5.640,3.799,4.350,48.4410,1.841,2.36419607,2.06524728,2007-04-27,SINA,constrained,False,False,possible_legal,0.12666666666666662
600747,2019-10-31,0.420,0.613,0.470,-31.5385,-0.193,4.23809524,5.53191489,2019-10-30,TENCENT,constrained,False,False,possible_legal,0.3042553191489362
600747,2019-11-01,0.380,0.599,0.420,-36.5169,-0.219,2.97368421,4.23809524,2019-10-31,TENCENT,constrained,False,False,possible_legal,0.4261904761904762
600747,2019-11-04,0.340,0.800,0.380,-57.5221,-0.460,1.41176471,2.97368421,2019-11-01,TENCENT,constrained,False,False,possible_legal,1.105263157894737
600747,2019-11-05,0.310,,0.340,-102.0833,,1.41176471,1.41176471,2019-11-04,TENCENT,constrained,True,False,possible_legal,
600747,2019-11-06,0.280,0.006,0.310,4900.0000,0.274,1.41176471,1.41176471,2019-11-05,TENCENT,constrained,True,True,confirmed_dirty,0.9806451612903225
600747,2019-11-07,0.250,0.125,0.280,100.0000,0.125,1.41176471,1.41176471,2019-11-06,TENCENT,constrained,True,True,confirmed_dirty,0.5535714285714286
600747,2019-11-21,0.290,0.708,0.260,-59.0361,-0.418,1.41176471,1.41176471,2019-11-20,TENCENT,constrained,True,True,confirmed_dirty,1.723076923076923
600747,2019-11-22,0.280,0.190,0.290,47.0588,0.090,1.41176471,1.41176471,2019-11-21,TENCENT,constrained,True,True,confirmed_dirty,0.3448275862068965
600747,2019-11-26,0.290,0.426,0.280,-32.0000,-0.136,1.41176471,1.41176471,2019-11-25,TENCENT,constrained,True,True,confirmed_dirty,0.5214285714285712
600747,2019-12-02,0.270,0.137,0.290,97.0588,0.133,1.41176471,1.41176471,2019-11-29,TENCENT,constrained,True,True,confirmed_dirty,0.5275862068965517
600747,2019-12-04,0.270,0.201,0.280,34.0000,0.069,1.41176471,1.41176471,2019-12-03,TENCENT,constrained,True,True,confirmed_dirty,0.2821428571428572
600750,2006-05-17,8.150,5.439,7.180,49.8478,2.711,3.02123674,2.28874735,2006-03-24,SINA,constrained,False,False,possible_legal,0.24247910863509745
600751,2005-10-18,3.520,1.472,1.470,139.0572,2.048,2.01782178,2.01782178,2005-04-29,SINA,constrained,True,True,confirmed_dirty,0.001360544217687076
600751,2013-06-04,5.990,3.246,7.440,84.5436,2.744,4.62411348,2.01782178,2012-12-21,SINA,constrained,False,False,possible_legal,0.563709677419355
600752,2005-03-22,0.980,1.725,1.030,-43.1818,-0.745,0.25510204,0.42718447,2005-03-21,TENCENT,constrained,False,False,possible_legal,0.6747572815533981
600752,2005-03-24,1.010,0.491,0.960,105.5556,0.519,0.36633663,0.18750000,2005-03-23,TENCENT,constrained,False,False,possible_legal,0.48854166666666665
600752,2005-03-30,0.970,1.764,1.020,-45.0000,-0.794,0.22680412,0.39215686,2005-03-29,TENCENT,constrained,False,False,possible_legal,0.7294117647058823
600752,2005-03-31,0.990,0.751,0.970,31.8182,0.239,0.29292929,0.22680412,2005-03-30,TENCENT,constrained,False,False,possible_legal,0.22577319587628863
600752,2005-04-01,1.030,0.679,0.990,51.7241,0.351,0.42718447,0.29292929,2005-03-31,TENCENT,constrained,False,False,possible_legal,0.3141414141414141
600752,2005-04-12,0.990,1.502,1.030,-34.0909,-0.512,0.29292929,0.42718447,2005-04-11,TENCENT,constrained,False,False,possible_legal,0.45825242718446596
600752,2005-04-15,1.050,0.679,1.000,54.5455,0.371,0.48571429,0.33000000,2005-04-14,TENCENT,constrained,False,False,possible_legal,0.32099999999999995
600752,2005-04-19,1.000,1.545,1.050,-35.2941,-0.545,0.33000000,0.48571429,2005-04-18,TENCENT,constrained,False,False,possible_legal,0.4714285714285713
600752,2005-04-20,0.950,2.239,1.000,-57.5758,-1.289,0.14736842,0.33000000,2005-04-19,TENCENT,constrained,False,False,possible_legal,1.2389999999999999
600752,2005-04-21,0.900,,0.950,-128.5714,,0.14736842,0.14736842,2005-04-20,TENCENT,constrained,True,False,possible_legal,
600752,2005-04-22,0.860,0.181,0.900,375.0000,0.679,0.14736842,0.14736842,2005-04-21,TENCENT,constrained,True,True,confirmed_dirty,0.798888888888889
600752,2005-04-25,0.830,0.526,0.860,57.8947,0.304,0.14736842,0.14736842,2005-04-22,TENCENT,constrained,True,True,confirmed_dirty,0.38837209302325576
600752,2005-04-26,0.790,0.527,0.830,50.0000,0.263,0.14736842,0.14736842,2005-04-25,TENCENT,constrained,True,True,confirmed_dirty,0.36506024096385536
600752,2005-04-28,0.840,1.307,0.800,-35.7143,-0.467,0.14736842,0.14736842,2005-04-27,TENCENT,constrained,True,True,confirmed_dirty,0.6337499999999998
600757,2007-04-25,8.380,2.096,3.290,299.7701,6.284,6.22551929,3.96513654,2007-01-12,SINA,constrained,False,False,possible_legal,0.3629179331306991
600759,2007-11-19,7.270,1.873,2.250,288.0753,5.397,2.55155875,2.12636336,2007-05-23,SINA,constrained,False,False,possible_legal,0.16755555555555557
600766,2005-05-11,1.390,2.239,1.460,-37.9310,-0.849,0.25899281,0.39726027,2005-05-10,TENCENT,constrained,False,False,possible_legal,0.5335616438356164
600766,2005-05-12,1.350,2.113,1.390,-36.1111,-0.763,0.17037037,0.25899281,2005-05-11,TENCENT,constrained,False,False,possible_legal,0.5201438848920864
600766,2005-05-13,1.400,0.826,1.350,69.5652,0.574,0.27857143,0.17037037,2005-05-12,TENCENT,constrained,False,False,possible_legal,0.38814814814814824
600766,2005-05-18,1.500,1.099,1.440,36.5385,0.401,0.47333333,0.36111111,2005-05-17,TENCENT,constrained,False,False,possible_legal,0.23680555555555555
600766,2005-05-20,1.420,2.146,1.490,-33.8235,-0.726,0.31690141,0.45637584,2005-05-19,TENCENT,constrained,False,False,possible_legal,0.4402684563758389
600766,2005-05-24,1.450,0.870,1.380,66.6667,0.580,0.37931034,0.23913043,2005-05-23,TENCENT,constrained,False,False,possible_legal,0.3695652173913043
600766,2005-06-08,1.520,1.072,1.450,41.8182,0.448,0.51315789,0.37931034,2005-06-07,TENCENT,constrained,False,False,possible_legal,0.2606896551724137
600766,2005-06-13,1.590,1.177,1.510,35.1351,0.413,0.62893082,0.49006623,2005-06-10,TENCENT,constrained,False,False,possible_legal,0.22052980132450328
600766,2005-06-17,1.440,2.160,1.520,-33.3333,-0.720,0.36111111,0.51315789,2005-06-16,TENCENT,constrained,False,False,possible_legal,0.42105263157894746
600766,2005-06-27,1.570,1.186,1.500,32.3944,0.384,0.59872611,0.47333333,2005-06-24,TENCENT,constrained,False,False,possible_legal,0.20933333333333337
600766,2006-09-21,3.820,2.820,3.520,35.4659,1.000,2.54973822,2.04261364,2006-08-14,TENCENT,constrained,False,False,possible_legal,0.1988636363636364
600766,2024-06-05,0.350,,9.840,-105.7290,,4.32825203,4.32825203,2024-04-29,TENCENT,constrained,True,False,possible_legal,
600767,2023-05-31,0.450,37.918,4.160,-98.8132,-37.468,0.42222222,3.84855769,2023-04-27,TENCENT,constrained,False,False,possible_legal,8.114903846153846
600767,2023-06-01,0.470,0.319,0.450,47.3684,0.151,0.59574468,0.42222222,2023-05-31,TENCENT,constrained,False,False,possible_legal,0.2911111111111111
600767,2023-06-02,0.450,0.663,0.470,-32.1429,-0.213,0.42222222,0.59574468,2023-06-01,TENCENT,constrained,False,False,possible_legal,0.4106382978723406
600767,2023-06-06,0.440,0.704,0.460,-37.5000,-0.264,0.34090909,0.52173913,2023-06-05,TENCENT,constrained,False,False,possible_legal,0.5304347826086955
600767,2023-06-08,0.420,0.900,0.440,-53.3333,-0.480,0.16666667,0.34090909,2023-06-07,TENCENT,constrained,False,False,possible_legal,1.0454545454545454
600767,2023-06-09,0.410,1.435,0.420,-71.4286,-1.025,0.04878049,0.16666667,2023-06-08,TENCENT,constrained,False,False,possible_legal,2.416666666666667
600767,2023-06-12,0.400,,0.410,-200.0000,,0.04878049,0.04878049,2023-06-09,TENCENT,constrained,True,False,possible_legal,
600767,2023-06-15,0.390,0.130,0.400,200.0000,0.260,0.04878049,0.04878049,2023-06-14,TENCENT,constrained,True,True,confirmed_dirty,0.675
600767,2023-06-16,0.420,,0.390,-216.6667,,0.16666667,0.04878049,2023-06-15,TENCENT,constrained,False,False,possible_legal,
600767,2023-06-19,0.430,0.274,0.420,57.1429,0.156,0.25581395,0.16666667,2023-06-16,TENCENT,constrained,False,False,possible_legal,0.34761904761904755
600767,2023-06-20,0.420,0.660,0.430,-36.3636,-0.240,0.16666667,0.25581395,2023-06-19,TENCENT,constrained,False,False,possible_legal,0.5348837209302326
600773,2007-03-07,4.540,3.075,5.230,47.6216,1.465,6.15116942,3.61828799,2007-01-23,SINA,constrained,False,False,possible_legal,0.41204588910133844
600781,2023-05-30,0.570,1.150,0.840,-50.4425,-0.580,0.98245614,1.34523810,2023-04-28,TENCENT,constrained,False,False,possible_legal,0.369047619047619
600788,2004-08-26,1.870,3.175,1.970,-41.1111,-1.305,0.28342246,0.45685279,2004-08-25,TENCENT,constrained,False,False,possible_legal,0.6116751269035532
600788,2004-08-27,1.780,4.965,1.870,-64.1509,-3.185,0.10674157,0.28342246,2004-08-26,TENCENT,constrained,False,False,possible_legal,1.655080213903743
600788,2004-08-31,1.720,,1.770,-126.6667,,0.08474576,0.08474576,2004-08-30,TENCENT,constrained,True,False,possible_legal,
600788,2004-11-02,1.630,0.172,1.720,850.0000,1.458,0.08474576,0.08474576,2004-08-31,TENCENT,constrained,True,True,confirmed_dirty,0.9
600788,2004-11-03,1.550,0.866,1.630,78.9474,0.684,0.08474576,0.08474576,2004-11-02,TENCENT,constrained,True,True,confirmed_dirty,0.46871165644171775
600788,2004-11-04,1.470,1.020,1.550,44.1176,0.450,0.08474576,0.08474576,2004-11-03,TENCENT,constrained,True,True,confirmed_dirty,0.3419354838709677
600788,2004-11-17,1.590,2.490,1.510,-36.1446,-0.900,0.08474576,0.08474576,2004-11-16,TENCENT,constrained,True,True,confirmed_dirty,0.6490066225165564
600788,2004-11-18,1.670,3.848,1.590,-56.6038,-2.178,0.08474576,0.08474576,2004-11-17,TENCENT,constrained,True,True,confirmed_dirty,1.420125786163522
600788,2004-11-19,1.700,3.258,1.670,-47.8261,-1.558,0.08474576,0.08474576,2004-11-18,TENCENT,constrained,True,True,confirmed_dirty,0.9508982035928144
600788,2004-11-23,1.770,,1.690,-200.0000,,0.08474576,0.08474576,2004-11-22,TENCENT,constrained,True,False,possible_legal,
600788,2004-11-24,1.810,0.905,1.770,100.0000,0.905,0.16574586,0.08474576,2004-11-23,TENCENT,constrained,False,False,possible_legal,0.4887005649717514
600788,2004-11-25,1.720,,1.810,-113.3333,,0.16574586,0.16574586,2004-11-24,TENCENT,constrained,True,False,possible_legal,
600788,2004-11-26,1.630,0.172,1.720,850.0000,1.458,0.16574586,0.16574586,2004-11-25,TENCENT,constrained,True,True,confirmed_dirty,0.9
600788,2004-11-30,1.550,0.866,1.630,78.9474,0.684,0.16574586,0.16574586,2004-11-26,TENCENT,constrained,True,True,confirmed_dirty,0.46871165644171775
600788,2004-12-02,1.500,0.983,1.580,52.6316,0.517,0.16574586,0.16574586,2004-12-01,TENCENT,constrained,True,True,confirmed_dirty,0.3778481012658228
600788,2004-12-06,1.650,3.355,1.570,-50.8197,-1.705,0.16574586,0.16574586,2004-12-03,TENCENT,constrained,True,True,confirmed_dirty,1.1369426751592355
600788,2004-12-07,1.570,0.772,1.650,103.3333,0.798,0.16574586,0.16574586,2004-12-06,TENCENT,constrained,True,True,confirmed_dirty,0.5321212121212121
600788,2004-12-08,1.490,0.999,1.570,49.1803,0.491,0.16574586,0.16574586,2004-12-07,TENCENT,constrained,True,True,confirmed_dirty,0.3636942675159236
600788,2004-12-10,1.480,0.997,1.560,48.4375,0.483,0.16574586,0.16574586,2004-12-09,TENCENT,constrained,True,True,confirmed_dirty,0.36089743589743595
600800,1994-03-14,9.400,6.900,6.900,36.2319,2.500,1.00000000,1.00000000,1994-03-11,SINA,pre1996,True,False,possible_legal,0.0
600800,1994-08-01,4.850,3.370,3.370,43.9169,1.480,1.00000000,1.00000000,1994-07-29,SINA,pre1996,True,False,possible_legal,0.0
600800,1994-08-05,9.500,6.190,6.190,53.4733,3.310,1.00000000,1.00000000,1994-08-04,SINA,pre1996,True,False,possible_legal,0.0
600800,1997-03-18,31.280,23.798,37.330,31.4392,7.482,1.69348161,1.07957870,1997-03-17,SINA,constrained,False,False,possible_legal,0.36249665148673993
600800,2009-03-04,5.150,2.824,3.890,82.3841,2.326,12.68600000,9.20827770,2008-12-19,SINA,constrained,False,False,possible_legal,0.2740359897172237
600801,1994-08-01,3.450,2.508,2.510,37.5415,0.942,1.20000000,1.20000000,1994-07-29,SINA,pre1996,True,True,possible_legal,0.0007968127490038964
600802,1994-08-01,3.200,2.370,2.370,35.0211,0.830,1.00000000,1.00000000,1994-07-29,SINA,pre1996,True,False,possible_legal,0.0
600803,1994-08-05,5.250,3.900,3.900,34.6154,1.350,1.00000000,1.00000000,1994-08-04,SINA,pre1996,True,False,possible_legal,0.0
600804,1996-10-11,7.020,5.093,5.110,37.8453,1.927,1.42170550,1.41682975,1996-10-10,TENCENT,pre1996,False,False,possible_legal,0.0033268101761253126
600805,1994-12-20,16.000,11.300,11.300,41.5929,4.700,1.40000000,1.40000000,1994-12-19,SINA,pre1996,True,False,possible_legal,0.0
600805,1994-12-26,9.900,16.448,19.000,-39.8120,-6.548,1.61764706,1.40000000,1994-12-23,SINA,pre1996,False,False,possible_legal,0.1343157894736842
600805,1995-05-18,11.700,8.189,8.190,42.8679,3.511,1.61764706,1.61764706,1995-05-17,SINA,pre1996,True,True,possible_legal,0.00012210012210005445
600806,1994-08-03,2.900,2.175,2.150,33.3333,0.725,1.03296465,1.04651163,1994-08-02,TENCENT,pre1996,False,False,possible_legal,0.011627906976744146
600806,1994-08-05,4.250,3.205,3.180,32.6220,1.045,1.02287582,1.03296465,1994-08-04,TENCENT,pre1996,False,False,possible_legal,0.007861635220125758
600806,2007-03-07,10.820,5.437,7.870,99.0123,5.383,1.48852596,1.02911397,2006-12-13,TENCENT,constrained,False,False,possible_legal,0.30914866581956796
600807,1994-08-30,6.370,4.650,4.650,36.9902,1.720,1.52895753,1.52895753,1994-08-29,SINA,pre1996,True,False,possible_legal,0.0
600807,1995-05-18,5.000,3.815,3.810,31.0463,1.185,1.52895753,1.52895753,1995-05-17,SINA,pre1996,True,True,possible_legal,0.0013123359580052214
600808,1994-08-01,1.630,1.225,1.230,33.0645,0.405,1.01226994,1.00735294,1994-07-29,SINA,pre1996,False,False,possible_legal,0.004065040650406418
600808,1994-08-05,3.100,2.347,2.350,32.0675,0.753,1.00981999,1.00981999,1994-08-04,SINA,pre1996,True,True,possible_legal,0.0012765957446808994
600808,1995-05-18,2.270,1.608,1.610,41.2121,0.662,1.02659574,1.02439024,1995-05-17,SINA,pre1996,False,False,possible_legal,0.0012422360248447216
600809,1994-08-01,3.200,2.410,2.410,32.7801,0.790,1.00000000,1.00000000,1994-07-29,SINA,pre1996,True,False,possible_legal,0.0
600809,1994-08-05,5.650,4.280,4.280,32.0093,1.370,1.00000000,1.00000000,1994-08-04,SINA,pre1996,True,False,possible_legal,0.0
600809,2006-05-09,18.090,10.533,14.010,71.7381,7.557,2.05890979,1.54811715,2006-04-07,SINA,constrained,False,False,possible_legal,0.24817987152034263
600810,1994-08-01,5.200,3.890,3.890,33.6761,1.310,1.00000000,1.00000000,1994-07-29,SINA,pre1996,True,False,possible_legal,0.0
600811,1994-08-01,5.660,4.040,4.040,40.0990,1.620,1.00000000,1.00000000,1994-07-29,TENCENT,pre1996,True,False,possible_legal,0.0
600811,1994-08-03,8.500,5.990,5.990,41.9032,2.510,1.00000000,1.00000000,1994-08-02,TENCENT,pre1996,True,False,possible_legal,0.0
600811,1995-07-07,6.690,5.097,5.100,31.2418,1.593,1.50000000,1.50000000,1995-07-06,TENCENT,pre1996,True,True,possible_legal,0.0005882352941174952
600811,2025-04-07,0.450,0.675,0.470,-33.3333,-0.225,1.86666667,2.68085106,2025-04-03,TENCENT,constrained,False,False,possible_legal,0.43617021276595763
600811,2025-04-08,0.430,0.860,0.450,-50.0000,-0.430,0.97674419,1.86666667,2025-04-07,TENCENT,constrained,False,False,possible_legal,0.911111111111111
600811,2025-04-09,0.410,,0.430,-102.3810,,0.97674419,0.97674419,2025-04-08,TENCENT,constrained,True,False,possible_legal,
600811,2025-04-10,0.390,0.009,0.410,4200.0000,0.381,0.97674419,0.97674419,2025-04-09,TENCENT,constrained,True,True,confirmed_dirty,0.9780487804878049
600811,2025-04-11,0.370,0.187,0.390,97.6744,0.183,0.97674419,0.97674419,2025-04-10,TENCENT,constrained,True,True,confirmed_dirty,0.5205128205128206
600812,1994-08-05,3.690,2.751,2.750,34.1404,0.939,1.50163400,1.50163400,1994-08-04,SINA,pre1996,True,True,possible_legal,0.0003636363636363236
600812,1994-08-10,4.490,3.411,3.410,31.6406,1.079,1.50163400,1.50163400,1994-08-09,SINA,pre1996,True,True,possible_legal,0.0002932551319647771
600813,1994-08-05,3.980,2.907,2.850,36.9281,1.073,1.05199167,1.07368421,1994-08-04,TENCENT,pre1996,False,False,possible_legal,0.01999999999999998
600813,1995-08-10,5.110,3.679,3.620,38.9034,1.431,1.04077670,1.05801105,1995-08-09,TENCENT,pre1996,False,False,possible_legal,0.016298342541436386
600815,1994-08-01,4.100,3.000,3.000,36.6667,1.100,1.40000000,1.40000000,1994-07-29,SINA,pre1996,True,False,possible_legal,0.0
600815,1994-08-05,7.380,5.601,5.600,31.7602,1.779,1.40000000,1.40000000,1994-08-04,SINA,pre1996,True,True,possible_legal,0.00017857142857148823
600815,1995-10-18,7.880,5.140,5.140,53.3175,2.740,1.64238411,1.64238411,1995-10-17,SINA,pre1996,True,False,possible_legal,0.0
600816,1994-08-01,7.780,5.197,5.200,49.7143,2.583,1.34643735,1.34643735,1994-07-29,SINA,pre1996,True,True,possible_legal,0.0005769230769230988
600816,1995-05-18,8.200,6.091,6.090,34.6341,2.109,1.34643735,1.34643735,1995-05-17,SINA,pre1996,True,True,possible_legal,0.0001642036124795294
600816,1996-04-26,8.890,6.519,6.520,36.3710,2.371,1.88509874,1.88509874,1996-04-25,SINA,pre1996,True,True,possible_legal,0.00015337423312874936
600816,1996-04-29,11.860,8.890,8.890,33.4129,2.970,1.88509874,1.88509874,1996-04-26,SINA,pre1996,True,False,possible_legal,0.0
600817,1994-08-01,6.900,4.854,4.850,42.1613,2.046,1.35375000,1.35375000,1994-07-29,SINA,pre1996,True,True,possible_legal,0.0008247422680413294
600817,2013-02-08,9.370,5.648,7.060,65.9136,3.722,4.46768337,3.57411273,2010-03-19,SINA,constrained,False,False,possible_legal,0.2
600818,1994-08-01,6.600,5.000,5.000,32.0000,1.600,1.00000000,1.00000000,1994-07-29,SINA,pre1996,True,False,possible_legal,0.0
600819,1994-08-01,10.250,6.800,6.800,50.7353,3.450,1.00000000,1.00000000,1994-07-29,SINA,pre1996,True,False,possible_legal,0.0
600819,1995-05-18,14.800,11.296,11.290,31.0228,3.504,1.04747082,1.04747082,1995-05-17,SINA,pre1996,True,True,possible_legal,0.0005314437555358927
600820,1994-08-01,6.350,4.360,4.360,45.6422,1.990,1.00000000,1.00000000,1994-07-29,SINA,pre1996,True,False,possible_legal,0.0
600821,1994-08-01,2.920,2.212,2.210,31.9865,0.708,1.34196891,1.34196891,1994-07-29,SINA,pre1996,True,True,possible_legal,0.0009049773755657122
600821,1994-08-05,5.150,3.898,3.900,32.1224,1.252,1.34196891,1.34196891,1994-08-04,SINA,pre1996,True,True,possible_legal,0.0005128205128204563
600822,1994-08-01,8.800,6.200,6.200,41.9355,2.600,1.00000000,1.00000000,1994-07-29,SINA,pre1996,True,False,possible_legal,0.0
600822,1995-05-18,14.990,11.400,11.400,31.4912,3.590,1.00000000,1.00000000,1995-05-17,SINA,pre1996,True,False,possible_legal,0.0
600823,1994-08-01,8.150,5.550,5.550,46.8468,2.600,1.00000000,1.00000000,1994-07-29,TENCENT,pre1996,True,False,possible_legal,0.0
600823,1994-08-03,11.000,7.600,7.600,44.7368,3.400,1.00000000,1.00000000,1994-08-02,TENCENT,pre1996,True,False,possible_legal,0.0
600823,1995-05-18,20.380,15.130,15.130,34.6993,5.250,1.00000000,1.00000000,1995-05-17,TENCENT,pre1996,True,False,possible_legal,0.0
600824,1994-08-01,13.400,10.050,10.050,33.3333,3.350,1.00000000,1.00000000,1994-07-29,SINA,pre1996,True,False,possible_legal,0.0
600825,1994-08-01,5.860,4.200,4.200,39.5238,1.660,1.00000000,1.00000000,1994-07-29,SINA,pre1996,True,False,possible_legal,0.0
600825,1994-08-23,13.000,8.580,8.580,51.5152,4.420,1.00000000,1.00000000,1994-08-22,SINA,pre1996,True,False,possible_legal,0.0
600826,1994-08-01,6.450,4.580,4.580,40.8297,1.870,1.00000000,1.00000000,1994-07-29,SINA,pre1996,True,False,possible_legal,0.0
600826,1995-05-18,11.480,8.576,8.570,33.8565,2.904,1.04048140,1.04048140,1995-05-17,SINA,pre1996,True,True,possible_legal,0.0007001166861143789
600827,1994-08-01,5.680,4.170,4.170,36.2110,1.510,1.00000000,1.00000000,1994-07-29,SINA,pre1996,True,False,possible_legal,0.0
600827,1994-08-05,13.000,8.300,8.300,56.6265,4.700,1.00000000,1.00000000,1994-08-04,SINA,pre1996,True,False,possible_legal,0.0
600827,1995-05-18,13.010,9.751,9.750,33.4179,3.259,1.21235103,1.21235103,1995-05-17,SINA,pre1996,True,True,possible_legal,0.00010256410256404572
600828,1994-08-01,4.990,3.500,3.500,42.5714,1.490,1.00000000,1.00000000,1994-07-29,SINA,pre1996,True,False,possible_legal,0.0
600829,1994-08-01,5.750,4.090,4.090,40.5868,1.660,1.00000000,1.00000000,1994-07-29,SINA,pre1996,True,False,possible_legal,0.0
600829,1995-05-19,7.550,4.950,4.950,52.5253,2.600,1.00000000,1.00000000,1995-05-17,SINA,pre1996,True,False,possible_legal,0.0
600830,1994-08-01,7.560,5.128,5.130,47.4286,2.432,1.02387640,1.02387640,1994-07-29,SINA,pre1996,True,True,possible_legal,0.00038986354775824166
600832,1994-08-01,12.880,9.382,9.410,37.2829,3.498,1.04234234,1.04234234,1994-07-29,TENCENT,pre1996,True,True,possible_legal,0.002975557917109508
600832,1995-05-18,27.000,19.751,19.740,36.7003,7.249,1.05358219,1.05358219,1995-05-17,TENCENT,pre1996,True,True,possible_legal,0.000557244174265592
600833,1994-08-01,9.140,6.621,6.620,38.0471,2.519,1.79457627,1.79457627,1994-07-29,SINA,pre1996,True,True,possible_legal,0.00015105740181273926
600833,1995-05-18,18.600,14.098,14.100,31.9368,4.502,1.79457627,1.79457627,1995-05-17,SINA,pre1996,True,True,possible_legal,0.00014184397163112707
600834,1994-08-01,7.450,5.210,5.210,42.9942,2.240,1.00000000,1.00000000,1994-07-29,SINA,pre1996,True,False,possible_legal,0.0
600835,1994-08-01,7.370,5.542,5.540,32.9749,1.828,1.00729103,1.00729103,1994-07-29,SINA,pre1996,True,True,possible_legal,0.00036101083032487
600835,1995-05-18,14.200,10.597,10.600,33.9946,3.603,1.04661017,1.04661017,1995-05-17,SINA,pre1996,True,True,possible_legal,0.00028301886792453905
600837,1994-08-01,7.800,5.600,5.600,39.2857,2.200,1.00000000,1.00000000,1994-07-29,TENCENT,pre1996,True,False,possible_legal,0.0
600837,2002-04-29,17.830,5.907,-2.060,201.8229,11.923,1.30000000,,2002-02-08,TENCENT,constrained,False,False,possible_legal,
600838,1994-08-01,5.700,4.150,4.150,37.3494,1.550,1.00000000,1.00000000,1994-07-29,SINA,pre1996,True,False,possible_legal,0.0
600838,1995-05-18,14.800,11.280,11.280,31.2057,3.520,1.00000000,1.00000000,1995-05-17,SINA,pre1996,True,False,possible_legal,0.0
600839,1995-05-18,15.000,11.077,11.080,35.4195,3.923,1.31269543,1.31269543,1995-05-17,SINA,pre1996,True,True,possible_legal,0.00027075812274369255
600840,1994-08-01,3.640,2.424,2.560,50.1706,1.216,1.20879121,1.14453125,1994-07-29,TENCENT,pre1996,False,False,possible_legal,0.05312500000000005
600840,1994-08-03,4.420,3.351,3.450,31.8841,1.069,1.23529412,1.20000000,1994-08-02,TENCENT,pre1996,False,False,possible_legal,0.0286956521739131
600840,1995-05-18,6.000,4.534,4.630,32.3478,1.466,1.26833333,1.24190065,1995-05-17,TENCENT,pre1996,False,False,possible_legal,0.020734341252699802
600841,1994-08-01,6.590,4.920,4.920,33.9431,1.670,1.00000000,1.00000000,1994-07-29,SINA,pre1996,True,False,possible_legal,0.0
600842,1994-08-01,6.180,4.300,4.300,43.7209,1.880,1.00000000,1.00000000,1994-07-29,TENCENT,pre1996,True,False,possible_legal,0.0
600842,1995-05-18,12.000,8.946,8.900,34.1341,3.054,1.11777690,1.12246044,1995-05-17,TENCENT,pre1996,False,False,possible_legal,0.005168539325842626
600843,1994-08-01,6.150,4.330,4.330,42.0323,1.820,1.00000000,1.00000000,1994-07-29,SINA,pre1996,True,False,possible_legal,0.0
600844,1994-08-01,6.250,4.500,4.500,38.8889,1.750,1.00000000,1.00000000,1994-07-29,SINA,pre1996,True,False,possible_legal,0.0
600844,1995-05-18,12.850,9.361,9.360,37.2661,3.489,1.31297071,1.31297071,1995-05-17,SINA,pre1996,True,True,possible_legal,0.00010683760683773742
600844,2006-01-18,2.810,1.229,1.230,128.6585,1.581,2.66795367,2.66795367,2005-04-27,SINA,constrained,True,True,confirmed_dirty,0.0008130081300812113
600844,2007-04-26,18.910,9.629,12.520,96.3772,9.281,3.46833999,2.66795367,2007-02-16,SINA,constrained,False,False,possible_legal,0.23091054313099044
600845,1994-08-01,6.300,4.060,4.060,55.1724,2.240,1.00000000,1.00000000,1994-07-29,SINA,pre1996,True,False,possible_legal,0.0
600845,1995-05-18,12.030,8.853,8.850,35.8896,3.177,1.10467056,1.10467056,1995-05-17,SINA,pre1996,True,True,possible_legal,0.0003389830508474705
600846,1994-08-01,8.800,6.650,6.650,32.3308,2.150,1.00000000,1.00000000,1994-07-29,SINA,pre1996,True,False,possible_legal,0.0
600847,1994-08-01,8.500,6.050,6.050,40.4959,2.450,1.00000000,1.00000000,1994-07-29,SINA,pre1996,True,False,possible_legal,0.0
600847,2006-06-30,2.920,2.130,2.660,37.1212,0.790,1.86062718,1.48854041,2006-05-17,SINA,constrained,False,False,possible_legal,0.19924812030075195
600848,1994-08-01,5.920,4.200,4.200,40.9524,1.720,1.00000000,1.00000000,1994-07-29,SINA,pre1996,True,False,possible_legal,0.0
600848,1995-05-18,10.830,8.120,8.120,33.3744,2.710,1.00000000,1.00000000,1995-05-17,SINA,pre1996,True,False,possible_legal,0.0
600849,1994-03-24,3.600,,,94.5900,1.750,,,,AKSHARE,pre1996,False,False,possible_legal,
600850,1994-08-01,7.100,4.900,4.900,44.8980,2.200,1.00000000,1.00000000,1994-07-29,SINA,pre1996,True,False,possible_legal,0.0
600850,1995-05-18,12.000,9.050,9.050,32.5967,2.950,1.00000000,1.00000000,1995-05-17,SINA,pre1996,True,False,possible_legal,0.0
600851,1997-07-21,18.230,12.541,24.200,45.3627,5.689,2.68225317,1.39005525,1997-07-18,SINA,constrained,False,False,possible_legal,0.4817768595041322
600852,1994-08-01,7.500,5.020,5.020,49.4024,2.480,1.00000000,1.00000000,1994-07-29,TENCENT,pre1996,True,False,possible_legal,0.0
600852,1994-08-03,9.980,7.290,7.290,36.8999,2.690,1.00000000,1.00000000,1994-08-02,TENCENT,pre1996,True,False,possible_legal,0.0
600852,1996-08-26,6.350,12.501,11.990,-49.2043,-6.151,1.25536911,1.31011609,1996-08-22,TENCENT,pre1996,False,False,possible_legal,0.042618849040867324
600853,1994-08-05,4.700,3.500,3.500,34.2857,1.200,1.00000000,1.00000000,1994-08-04,SINA,pre1996,True,False,possible_legal,0.0
600854,1995-05-18,16.300,11.787,11.790,38.2831,4.513,1.09675550,1.09675550,1995-05-17,SINA,pre1996,True,True,possible_legal,0.0002544529262085104
600854,2009-11-13,9.700,6.510,6.510,49.0008,3.190,5.91826923,5.91826923,2008-04-29,SINA,constrained,True,False,possible_legal,0.0
600855,1994-08-01,3.280,2.230,2.230,47.0852,1.050,1.00000000,1.00000000,1994-07-29,SINA,pre1996,True,False,possible_legal,0.0
600855,1995-08-09,7.000,4.064,4.060,72.2628,2.936,1.01129032,1.01129032,1995-08-08,SINA,pre1996,True,True,possible_legal,0.0009852216748769576
600855,2006-05-18,8.300,5.581,8.770,48.7093,2.719,1.59943450,1.01569683,2006-04-19,SINA,constrained,False,False,possible_legal,0.3636259977194982
600856,1994-08-01,2.950,2.200,2.200,34.0909,0.750,1.00000000,1.00000000,1994-07-29,TENCENT,pre1996,True,False,possible_legal,0.0
600856,2022-05-25,0.340,0.640,0.830,-46.8354,-0.300,8.64705882,6.66265060,2022-04-29,TENCENT,constrained,False,False,possible_legal,0.22891566265060237
600857,1995-05-18,14.040,10.051,10.050,39.6902,3.989,1.02819107,1.02819107,1995-05-17,SINA,pre1996,True,True,possible_legal,9.95024875621339e-05
600858,1994-08-01,6.300,3.112,3.110,102.4465,3.188,1.05015198,1.05015198,1994-07-29,SINA,pre1996,True,True,possible_legal,0.0006430868167203292
600858,1995-05-18,8.180,6.237,6.240,31.1450,1.943,1.05015198,1.05015198,1995-05-17,SINA,pre1996,True,True,possible_legal,0.00048076923076924896
600858,1996-04-29,10.010,6.858,6.860,45.9627,3.152,1.17381657,1.17381657,1996-04-26,SINA,pre1996,True,True,possible_legal,0.00029154518950447053
600858,2006-05-18,12.800,8.189,9.420,56.3030,4.611,2.15990160,1.87812500,2006-04-19,SINA,constrained,False,False,possible_legal,0.13067940552016985
600859,2006-12-18,22.340,15.041,18.040,48.5280,7.299,2.75522727,2.29707113,2006-11-20,SINA,constrained,False,False,possible_legal,0.1662416851441241
600860,1994-08-01,4.900,3.450,3.450,42.0290,1.450,1.00000000,1.00000000,1994-07-29,SINA,pre1996,True,False,possible_legal,0.0
600861,1994-08-01,5.600,3.980,3.980,40.7035,1.620,1.00000000,1.00000000,1994-07-29,SINA,pre1996,True,False,possible_legal,0.0
600862,1994-08-01,3.680,2.600,2.600,41.5385,1.080,1.00000000,1.00000000,1994-07-29,SINA,pre1996,True,False,possible_legal,0.0
600862,1995-05-18,6.080,4.350,4.350,39.7701,1.730,1.00000000,1.00000000,1995-05-17,SINA,pre1996,True,False,possible_legal,0.0
600862,1995-05-19,8.000,6.080,6.080,31.5789,1.920,1.00000000,1.00000000,1995-05-18,SINA,pre1996,True,False,possible_legal,0.0
600863,1994-08-01,3.380,2.320,2.320,45.6897,1.060,1.00000000,1.00000000,1994-07-29,SINA,pre1996,True,False,possible_legal,0.0
600863,1994-08-04,6.570,4.890,4.890,34.3558,1.680,1.00000000,1.00000000,1994-08-03,SINA,pre1996,True,False,possible_legal,0.0
600863,1995-05-18,5.490,4.050,4.050,35.5556,1.440,1.00000000,1.00000000,1995-05-17,SINA,pre1996,True,False,possible_legal,0.0
600865,1995-05-19,10.900,8.170,8.170,33.4149,2.730,1.00000000,1.00000000,1995-05-18,SINA,pre1996,True,False,possible_legal,0.0
600866,1995-05-18,9.150,6.701,6.700,36.5404,2.449,1.45787140,1.45787140,1995-05-17,SINA,pre1996,True,True,possible_legal,0.00014925373134320086
600866,1995-05-19,13.500,9.151,9.150,47.5262,4.349,1.45787140,1.45787140,1995-05-18,SINA,pre1996,True,True,possible_legal,0.00010928961748627822
600867,1995-05-18,9.710,7.159,7.160,35.6312,2.551,1.55997800,1.55997800,1995-05-17,SINA,pre1996,True,True,possible_legal,0.00013966480446932038
600868,1995-05-18,11.650,7.701,7.700,51.2887,3.949,1.51121286,1.51121286,1995-05-17,SINA,pre1996,True,True,possible_legal,0.00012987012987005788
600869,1995-05-18,13.900,9.140,9.140,52.0788,4.760,1.00000000,1.00000000,1995-05-17,SINA,pre1996,True,False,possible_legal,0.0
600870,1995-05-18,13.620,9.659,9.660,41.0032,3.961,1.30000000,1.30000000,1995-05-17,TENCENT,pre1996,True,True,possible_legal,0.00010351966873700267
600870,1996-08-26,6.700,9.869,9.560,-32.1080,-3.169,2.70347086,2.78870293,1996-08-23,TENCENT,pre1996,False,False,possible_legal,0.0323221757322175
600870,2005-04-01,3.610,2.242,3.280,61.0309,1.368,2.16343490,1.47865854,2005-03-31,TENCENT,constrained,False,False,possible_legal,0.3164634146341463
600870,2005-04-26,3.710,2.752,3.460,34.8297,0.958,2.34770889,1.86705202,2005-04-25,TENCENT,constrained,False,False,possible_legal,0.20462427745664746
600870,2005-05-18,3.650,2.689,3.410,35.7143,0.961,2.23835616,1.76539589,2005-05-17,TENCENT,constrained,False,False,possible_legal,0.21143695014662758
600870,2005-06-08,3.740,2.765,3.480,35.2410,0.975,2.40106952,1.90804598,2005-06-07,TENCENT,constrained,False,False,possible_legal,0.20545977011494249
600870,2006-09-08,4.940,3.712,5.320,33.0886,1.228,6.23684211,4.35150376,2006-06-29,TENCENT,constrained,False,False,possible_legal,0.3022556390977444
600870,2008-08-12,2.470,3.626,2.600,-31.8777,-1.156,1.26315789,1.76153846,2008-08-11,TENCENT,constrained,False,False,possible_legal,0.39461538461538453
600870,2008-08-18,2.310,4.655,2.430,-50.3731,-2.345,0.57575758,1.10288066,2008-08-15,TENCENT,constrained,False,False,possible_legal,0.9156378600823045
600870,2008-08-19,2.230,6.897,2.310,-67.6692,-4.667,0.19282511,0.57575758,2008-08-18,TENCENT,constrained,False,False,possible_legal,1.9857142857142855
600870,2008-08-20,2.340,0.603,2.230,288.3721,1.737,0.71367521,0.19282511,2008-08-19,TENCENT,constrained,False,False,possible_legal,0.7295964125560538
600870,2008-08-21,2.270,4.308,2.340,-47.3054,-2.038,0.38766520,0.71367521,2008-08-20,TENCENT,constrained,False,False,possible_legal,0.841025641025641
600870,2008-08-22,2.230,4.564,2.270,-51.1364,-2.334,0.19282511,0.38766520,2008-08-21,TENCENT,constrained,False,False,possible_legal,1.0105726872246696
600870,2008-08-25,2.340,0.603,2.230,288.3721,1.737,0.71367521,0.19282511,2008-08-22,TENCENT,constrained,False,False,possible_legal,0.7295964125560538
600870,2008-08-26,2.220,11.586,2.340,-80.8383,-9.366,0.14414414,0.71367521,2008-08-25,TENCENT,constrained,False,False,possible_legal,3.951282051282052
600870,2008-08-27,2.240,1.303,2.220,71.8750,0.937,0.24553571,0.14414414,2008-08-26,TENCENT,constrained,False,False,possible_legal,0.4130630630630631
600870,2008-08-28,2.180,,2.240,-123.6364,,0.24553571,0.24553571,2008-08-27,TENCENT,constrained,True,False,possible_legal,
600870,2008-08-29,2.220,,2.180,-346.1538,,0.14414414,0.24553571,2008-08-28,TENCENT,constrained,False,False,possible_legal,
600870,2008-09-01,2.110,,2.220,-384.3750,,0.14414414,0.14414414,2008-08-29,TENCENT,constrained,True,False,possible_legal,
600870,2008-09-02,2.070,1.385,2.110,49.4505,0.685,0.14414414,0.14414414,2008-09-01,TENCENT,constrained,True,True,confirmed_dirty,0.3436018957345971
600870,2008-09-05,1.940,1.170,2.040,65.8824,0.770,0.14414414,0.14414414,2008-09-04,TENCENT,constrained,True,True,confirmed_dirty,0.42647058823529416
600870,2008-09-08,1.840,1.317,1.940,39.7163,0.523,0.14414414,0.14414414,2008-09-05,TENCENT,constrained,True,True,confirmed_dirty,0.3211340206185567
600870,2009-02-04,2.010,3.119,1.910,-35.5556,-1.109,0.14414414,0.14414414,2009-02-03,TENCENT,constrained,True,True,confirmed_dirty,0.6329842931937174
600870,2009-02-06,2.130,5.587,2.030,-61.8785,-3.457,0.14414414,0.14414414,2009-02-05,TENCENT,constrained,True,True,confirmed_dirty,1.752216748768473
600870,2009-02-09,2.240,,2.130,-179.7101,,0.24553571,0.14414414,2009-02-06,TENCENT,constrained,False,False,possible_legal,
600870,2009-02-10,2.350,0.726,2.240,223.6364,1.624,0.75744681,0.24553571,2009-02-09,TENCENT,constrained,False,False,possible_legal,0.6758928571428572
600870,2009-02-11,2.400,1.826,2.350,31.4607,0.574,0.97500000,0.75744681,2009-02-10,TENCENT,constrained,False,False,possible_legal,0.2229787234042553
600870,2009-02-13,2.460,1.365,2.340,80.2395,1.095,1.22357724,0.71367521,2009-02-12,TENCENT,constrained,False,False,possible_legal,0.41666666666666663
600870,2009-02-16,2.580,1.781,2.460,44.8505,0.799,1.68992248,1.22357724,2009-02-13,TENCENT,constrained,False,False,possible_legal,0.27601626016260167
600870,2009-02-20,2.520,1.753,2.420,43.7500,0.767,1.46031746,1.05785124,2009-02-19,TENCENT,constrained,False,False,possible_legal,0.2756198347107438
600870,2009-02-24,2.440,3.717,2.570,-34.3529,-1.277,1.14344262,1.65369650,2009-02-23,TENCENT,constrained,False,False,possible_legal,0.4463035019455254
600870,2009-02-26,2.270,5.443,2.380,-58.2938,-3.173,0.38766520,0.88655462,2009-02-25,TENCENT,constrained,False,False,possible_legal,1.2869747899159663
600870,2009-02-27,2.160,,2.270,-139.7727,,0.38766520,0.38766520,2009-02-26,TENCENT,constrained,True,False,possible_legal,
600870,2009-03-03,2.080,0.582,2.160,257.1429,1.498,0.38766520,0.38766520,2009-03-02,TENCENT,constrained,True,True,confirmed_dirty,0.7305555555555556
600870,2009-03-04,2.180,20.962,2.080,-89.6000,-18.782,0.38766520,0.38766520,2009-03-03,TENCENT,constrained,True,True,confirmed_dirty,9.077884615384614
600870,2009-03-05,2.220,,2.180,-346.1538,,0.14414414,0.38766520,2009-03-04,TENCENT,constrained,False,False,possible_legal,
600870,2009-03-06,2.170,,2.220,-175.0000,,0.14414414,0.14414414,2009-03-05,TENCENT,constrained,True,False,possible_legal,
600870,2009-03-09,2.110,0.556,2.170,279.1667,1.554,0.14414414,0.14414414,2009-03-06,TENCENT,constrained,True,True,confirmed_dirty,0.7437788018433179
600870,2009-03-10,2.180,15.260,2.110,-85.7143,-13.080,0.14414414,0.14414414,2009-03-09,TENCENT,constrained,True,True,confirmed_dirty,6.2322274881516595
600870,2009-03-11,2.160,0.802,2.180,169.2308,1.358,0.14414414,0.14414414,2009-03-10,TENCENT,constrained,True,True,confirmed_dirty,0.6321100917431193
600870,2009-03-12,2.270,,2.160,-351.4286,,0.38766520,0.14414414,2009-03-11,TENCENT,constrained,False,False,possible_legal,
600870,2009-03-17,2.310,1.528,2.270,51.1364,0.782,0.57575758,0.38766520,2009-03-16,TENCENT,constrained,False,False,possible_legal,0.32687224669603526
600870,2009-03-18,2.370,1.576,2.310,50.3759,0.794,0.84388186,0.57575758,2009-03-17,TENCENT,constrained,False,False,possible_legal,0.3177489177489177
600870,2009-03-25,2.480,1.447,2.360,71.4286,1.033,1.30645161,0.80084746,2009-03-24,TENCENT,constrained,False,False,possible_legal,0.38686440677966094
600870,2009-04-13,2.590,1.808,2.470,43.2692,0.782,1.72586873,1.26315789,2009-04-09,TENCENT,constrained,False,False,possible_legal,0.26801619433198387
600870,2009-04-14,2.720,2.050,2.590,32.6622,0.670,2.18014706,1.72586873,2009-04-13,TENCENT,constrained,False,False,possible_legal,0.20849420849420852
600870,2010-05-14,5.830,1.857,3.350,214.0108,3.973,6.99656947,3.87761194,2009-04-29,TENCENT,constrained,False,False,possible_legal,0.4456716417910448
600870,2013-11-26,3.400,2.527,3.090,34.5581,0.873,3.98529412,3.25889968,2013-07-05,TENCENT,constrained,False,False,possible_legal,0.18220064724919086
600870,2018-08-06,2.380,4.027,2.510,-40.8964,-1.647,0.88655462,1.42231076,2018-08-03,TENCENT,constrained,False,False,possible_legal,0.6043824701195221
600870,2018-08-08,2.320,3.399,2.380,-31.7536,-1.079,0.62068966,0.88655462,2018-08-07,TENCENT,constrained,False,False,possible_legal,0.42815126050420177
600870,2018-08-09,2.400,1.477,2.320,62.5000,0.923,0.97500000,0.62068966,2018-08-08,TENCENT,constrained,False,False,possible_legal,0.36336206896551715
600870,2018-08-17,2.290,3.899,2.360,-41.2698,-1.609,0.48471616,0.80084746,2018-08-16,TENCENT,constrained,False,False,possible_legal,0.6521186440677967
600870,2018-08-20,2.330,1.669,2.290,39.6396,0.661,0.66523605,0.48471616,2018-08-17,TENCENT,constrained,False,False,possible_legal,0.27117903930131004
600870,2018-08-31,2.470,3.626,2.600,-31.8777,-1.156,1.26315789,1.76153846,2018-08-30,TENCENT,constrained,False,False,possible_legal,0.39461538461538453
600870,2018-09-14,2.280,3.570,2.330,-36.1290,-1.290,0.43421053,0.66523605,2018-09-13,TENCENT,constrained,False,False,possible_legal,0.5321888412017166
600870,2018-09-17,2.200,21.780,2.280,-89.8990,-19.580,0.04545455,0.43421053,2018-09-14,TENCENT,constrained,False,False,possible_legal,8.55263157894737
600870,2018-09-18,2.270,0.258,2.200,780.0000,2.012,0.38766520,0.04545455,2018-09-17,TENCENT,constrained,False,False,possible_legal,0.8827272727272727
600870,2018-09-27,2.270,3.431,2.310,-33.8346,-1.161,0.38766520,0.57575758,2018-09-26,TENCENT,constrained,False,False,possible_legal,0.48528138528138526
600870,2018-09-28,2.300,1.659,2.270,38.6364,0.641,0.53043478,0.38766520,2018-09-27,TENCENT,constrained,False,False,possible_legal,0.2691629955947136
600870,2018-10-08,2.240,4.969,2.300,-54.9180,-2.729,0.24553571,0.53043478,2018-09-28,TENCENT,constrained,False,False,possible_legal,1.160434782608696
600870,2018-10-09,2.260,1.614,2.240,40.0000,0.646,0.34070796,0.24553571,2018-10-08,TENCENT,constrained,False,False,possible_legal,0.2794642857142857
600870,2018-10-11,2.150,,2.260,-159.7403,,0.34070796,0.34070796,2018-10-10,TENCENT,constrained,True,False,possible_legal,
600870,2018-10-12,2.040,0.552,2.150,269.5652,1.488,0.34070796,0.34070796,2018-10-11,TENCENT,constrained,True,True,confirmed_dirty,0.7432558139534884
600870,2018-10-15,1.960,1.286,2.040,52.3529,0.674,0.34070796,0.34070796,2018-10-12,TENCENT,constrained,True,True,confirmed_dirty,0.3696078431372549
600870,2018-10-24,2.050,3.516,1.950,-41.6974,-1.466,0.34070796,0.34070796,2018-10-23,TENCENT,constrained,True,True,confirmed_dirty,0.8030769230769231
600870,2018-10-26,2.190,124.830,2.090,-98.2456,-122.640,0.34070796,0.34070796,2018-10-25,TENCENT,constrained,True,True,confirmed_dirty,58.72727272727273
600870,2018-10-30,2.220,,2.190,-1700.0000,,0.14414414,0.34070796,2018-10-29,TENCENT,constrained,False,False,possible_legal,
600870,2018-10-31,2.330,0.481,2.220,384.3750,1.849,0.66523605,0.14414414,2018-10-30,TENCENT,constrained,False,False,possible_legal,0.7833333333333334
600870,2018-11-02,2.380,1.748,2.330,36.1290,0.632,0.88655462,0.66523605,2018-11-01,TENCENT,constrained,False,False,possible_legal,0.2497854077253219
600870,2018-11-05,2.490,1.568,2.380,58.7678,0.922,1.34538153,0.88655462,2018-11-02,TENCENT,constrained,False,False,possible_legal,0.34117647058823525
600870,2018-11-08,2.700,2.013,2.570,34.1176,0.687,2.11111111,1.65369650,2018-11-07,TENCENT,constrained,False,False,possible_legal,0.2167315175097276
600870,2019-05-27,2.440,3.717,2.570,-34.3529,-1.277,1.14344262,1.65369650,2019-05-24,TENCENT,constrained,False,False,possible_legal,0.4463035019455254
600870,2019-05-30,2.650,1.897,2.520,39.6739,0.753,1.93962264,1.46031746,2019-05-29,TENCENT,constrained,False,False,possible_legal,0.24722222222222223
600870,2020-04-16,2.670,1.944,2.540,37.3402,0.726,2.01123596,1.53937008,2020-04-15,TENCENT,constrained,False,False,possible_legal,0.23464566929133862
600870,2020-12-17,2.740,2.090,2.610,31.1301,0.650,2.24452555,1.79693487,2020-12-16,TENCENT,constrained,False,False,possible_legal,0.1992337164750958
600870,2022-06-02,0.370,,3.550,-234.0775,,4.29014085,4.29014085,2022-04-29,TENCENT,constrained,True,False,possible_legal,
600871,1995-05-18,3.960,2.740,2.740,44.5255,1.220,1.00000000,1.00000000,1995-05-17,SINA,pre1996,True,False,possible_legal,0.0
600871,1995-07-18,4.950,3.750,3.750,32.0000,1.200,1.00000000,1.00000000,1995-07-17,SINA,pre1996,True,False,possible_legal,0.0
600872,1995-05-18,14.400,8.519,8.520,69.0389,5.881,1.60000000,1.60000000,1995-05-17,SINA,pre1996,True,True,possible_legal,0.0001173708920187143
600873,1995-02-22,8.320,5.880,5.880,41.4966,2.440,1.00000000,1.00000000,1995-02-21,SINA,pre1996,True,False,possible_legal,0.0
600873,1995-05-18,20.990,13.030,13.030,61.0898,7.960,1.00000000,1.00000000,1995-05-17,SINA,pre1996,True,False,possible_legal,0.0
600883,2006-07-07,6.850,4.500,7.580,52.2311,2.350,4.73100872,2.80851064,2006-06-15,SINA,constrained,False,False,possible_legal,0.40633245382585753
600887,2006-04-24,17.710,11.817,17.850,49.8683,5.893,9.96246001,6.59554924,2006-03-10,SINA,constrained,False,False,possible_legal,0.33798319327731097
600888,2006-05-24,26.480,12.488,18.840,112.0482,13.992,1.99425081,1.31838565,2006-04-06,SINA,constrained,False,False,possible_legal,0.3371549893842888
600890,2022-05-25,0.340,0.689,0.830,-50.6329,-0.349,6.88235294,5.71084337,2022-04-28,TENCENT,constrained,False,False,possible_legal,0.16987951807228918
600891,2004-10-25,2.290,3.398,3.230,-32.6055,-1.108,2.01972760,2.12788467,2004-04-26,TENCENT,constrained,False,False,possible_legal,0.05201238390092884
600892,2005-11-18,4.170,2.260,2.260,84.5133,1.910,1.00000000,1.00000000,2005-04-18,SINA,constrained,True,False,possible_legal,0.0
600892,2009-02-27,8.540,4.308,6.810,98.2379,4.232,1.58088950,1.00000000,2008-12-10,SINA,constrained,False,False,possible_legal,0.3674008810572687
600893,2008-11-20,9.720,14.574,15.300,-33.3067,-4.854,1.71858476,1.63677130,2007-05-28,SINA,constrained,False,False,possible_legal,0.047450980392156915
600896,2022-06-28,0.970,1.662,1.740,-41.6468,-0.692,5.04123711,4.81609195,2022-04-29,TENCENT,constrained,False,False,possible_legal,0.04482758620689659
600898,2003-07-18,10.300,5.111,5.480,101.5453,5.189,1.77281553,1.65328467,2001-03-02,TENCENT,constrained,False,False,possible_legal,0.06733576642335778
600898,2011-07-25,10.460,6.430,6.620,62.6794,4.030,2.59697189,2.52926324,2010-04-29,TENCENT,constrained,False,False,possible_legal,0.028700906344410936
601607,1994-03-24,9.940,,,498.8000,8.280,,,,AKSHARE,pre1996,False,False,possible_legal,
601607,1994-08-01,2.940,,1.650,78.1800,1.290,,,1994-07-29,AKSHARE,pre1996,False,False,possible_legal,
601607,1997-06-09,4.270,,7.750,-44.9000,-3.480,,,1997-06-06,AKSHARE,constrained,False,False,possible_legal,
601607,1999-05-06,5.910,,9.500,-37.7900,-3.590,,,1999-05-05,AKSHARE,constrained,False,False,possible_legal,
601607,2003-06-19,3.860,,8.770,-55.9900,-4.910,,,2003-06-18,AKSHARE,constrained,False,False,possible_legal,
601607,2004-07-26,0.220,,0.330,-33.3300,-0.110,,,2004-07-23,AKSHARE,constrained,False,False,possible_legal,
601607,2004-07-27,0.130,,0.220,-40.9100,-0.090,,,2004-07-26,AKSHARE,constrained,False,False,possible_legal,
601607,2004-07-29,0.160,,0.100,60.0000,0.060,,,2004-07-28,AKSHARE,constrained,False,False,possible_legal,
601607,2004-08-02,0.110,,0.160,-31.2500,-0.050,,,2004-07-30,AKSHARE,constrained,False,False,possible_legal,
601607,2004-08-04,0.210,,0.100,110.0000,0.110,,,2004-08-03,AKSHARE,constrained,False,False,possible_legal,
601607,2004-08-05,0.140,,0.210,-33.3300,-0.070,,,2004-08-04,AKSHARE,constrained,False,False,possible_legal,
601607,2004-08-06,0.260,,0.140,85.7100,0.120,,,2004-08-05,AKSHARE,constrained,False,False,possible_legal,
601607,2004-08-11,0.130,,0.200,-35.0000,-0.070,,,2004-08-10,AKSHARE,constrained,False,False,possible_legal,
601607,2004-08-12,0.030,,0.130,-76.9200,-0.100,,,2004-08-11,AKSHARE,constrained,False,False,possible_legal,
601607,2004-08-13,0.050,,0.030,66.6700,0.020,,,2004-08-12,AKSHARE,constrained,False,False,possible_legal,
601607,2004-08-16,-0.060,,0.050,-220.0000,-0.110,,,2004-08-13,AKSHARE,constrained,False,False,possible_legal,
601607,2004-08-17,-0.030,,-0.060,50.0000,0.030,,,2004-08-16,AKSHARE,constrained,False,False,possible_legal,
601607,2004-08-18,-0.080,,-0.030,-166.6700,-0.050,,,2004-08-17,AKSHARE,constrained,False,False,possible_legal,
601607,2004-08-19,-0.150,,-0.080,-87.5000,-0.070,,,2004-08-18,AKSHARE,constrained,False,False,possible_legal,
601607,2004-08-20,-0.230,,-0.150,-53.3300,-0.080,,,2004-08-19,AKSHARE,constrained,False,False,possible_legal,
601607,2004-08-23,-0.100,,-0.230,56.5200,0.130,,,2004-08-20,AKSHARE,constrained,False,False,possible_legal,
601607,2004-08-24,-0.020,,-0.100,80.0000,0.080,,,2004-08-23,AKSHARE,constrained,False,False,possible_legal,
601607,2004-08-25,,,-0.020,100.0000,0.020,,,2004-08-24,AKSHARE,constrained,False,False,possible_legal,
601607,2004-08-31,0.050,,-0.030,266.6700,0.080,,,2004-08-30,AKSHARE,constrained,False,False,possible_legal,
601607,2004-09-01,-0.020,,0.050,-140.0000,-0.070,,,2004-08-31,AKSHARE,constrained,False,False,possible_legal,
601607,2004-09-02,0.040,,-0.020,300.0000,0.060,,,2004-09-01,AKSHARE,constrained,False,False,possible_legal,
601607,2004-09-03,,,0.040,-100.0000,-0.040,,,2004-09-02,AKSHARE,constrained,False,False,possible_legal,
601607,2004-09-07,-0.060,,-0.040,-50.0000,-0.020,,,2004-09-06,AKSHARE,constrained,False,False,possible_legal,
601607,2004-09-09,-0.130,,-0.060,-116.6700,-0.070,,,2004-09-08,AKSHARE,constrained,False,False,possible_legal,
601607,2004-09-10,-0.070,,-0.130,46.1500,0.060,,,2004-09-09,AKSHARE,constrained,False,False,possible_legal,
601607,2004-09-13,-0.170,,-0.070,-142.8600,-0.100,,,2004-09-10,AKSHARE,constrained,False,False,possible_legal,
601607,2004-09-14,-0.010,,-0.170,94.1200,0.160,,,2004-09-13,AKSHARE,constrained,False,False,possible_legal,
601607,2004-09-15,0.240,,-0.010,2500.0000,0.250,,,2004-09-14,AKSHARE,constrained,False,False,possible_legal,
601607,2004-09-17,0.470,,0.230,104.3500,0.240,,,2004-09-16,AKSHARE,constrained,False,False,possible_legal,
601607,2004-09-20,0.800,,0.470,70.2100,0.330,,,2004-09-17,AKSHARE,constrained,False,False,possible_legal,
601607,2004-09-24,0.440,,0.680,-35.2900,-0.240,,,2004-09-23,AKSHARE,constrained,False,False,possible_legal,
601607,2004-09-30,0.210,,0.330,-36.3600,-0.120,,,2004-09-29,AKSHARE,constrained,False,False,possible_legal,
601607,2004-10-13,0.300,,0.220,36.3600,0.080,,,2004-10-12,AKSHARE,constrained,False,False,possible_legal,
601607,2004-10-14,,,0.300,-100.0000,-0.300,,,2004-10-13,AKSHARE,constrained,False,False,possible_legal,
601607,2004-10-18,-0.010,,-0.060,83.3300,0.050,,,2004-10-15,AKSHARE,constrained,False,False,possible_legal,
601607,2004-10-19,-0.020,,-0.010,-100.0000,-0.010,,,2004-10-18,AKSHARE,constrained,False,False,possible_legal,
601607,2004-10-20,0.090,,-0.020,550.0000,0.110,,,2004-10-19,AKSHARE,constrained,False,False,possible_legal,
601607,2004-10-21,0.120,,0.090,33.3300,0.030,,,2004-10-20,AKSHARE,constrained,False,False,possible_legal,
601607,2004-10-25,-0.050,,0.100,-150.0000,-0.150,,,2004-10-22,AKSHARE,constrained,False,False,possible_legal,
601607,2004-10-27,0.010,,-0.050,120.0000,0.060,,,2004-10-26,AKSHARE,constrained,False,False,possible_legal,
601607,2004-10-28,0.130,,0.010,1200.0000,0.120,,,2004-10-27,AKSHARE,constrained,False,False,possible_legal,
601607,2004-10-29,-0.020,,0.130,-115.3800,-0.150,,,2004-10-28,AKSHARE,constrained,False,False,possible_legal,
601607,2004-11-01,-0.110,,-0.020,-450.0000,-0.090,,,2004-10-29,AKSHARE,constrained,False,False,possible_legal,
601607,2004-11-02,-0.060,,-0.110,45.4500,0.050,,,2004-11-01,AKSHARE,constrained,False,False,possible_legal,
601607,2004-11-03,0.040,,-0.060,166.6700,0.100,,,2004-11-02,AKSHARE,constrained,False,False,possible_legal,
601607,2004-11-04,-0.090,,0.040,-325.0000,-0.130,,,2004-11-03,AKSHARE,constrained,False,False,possible_legal,
601607,2004-11-08,-0.180,,-0.080,-125.0000,-0.100,,,2004-11-05,AKSHARE,constrained,False,False,possible_legal,
601607,2004-11-10,-0.020,,-0.200,90.0000,0.180,,,2004-11-09,AKSHARE,constrained,False,False,possible_legal,
601607,2004-11-11,0.020,,-0.020,200.0000,0.040,,,2004-11-10,AKSHARE,constrained,False,False,possible_legal,
601607,2004-11-12,0.090,,0.020,350.0000,0.070,,,2004-11-11,AKSHARE,constrained,False,False,possible_legal,
601607,2004-11-15,0.140,,0.090,55.5600,0.050,,,2004-11-12,AKSHARE,constrained,False,False,possible_legal,
601607,2004-11-17,-0.010,,0.100,-110.0000,-0.110,,,2004-11-16,AKSHARE,constrained,False,False,possible_legal,
601607,2004-11-18,0.070,,-0.010,800.0000,0.080,,,2004-11-17,AKSHARE,constrained,False,False,possible_legal,
601607,2004-11-19,0.250,,0.070,257.1400,0.180,,,2004-11-18,AKSHARE,constrained,False,False,possible_legal,
601607,2004-11-25,0.190,,0.280,-32.1400,-0.090,,,2004-11-24,AKSHARE,constrained,False,False,possible_legal,
601607,2004-11-29,0.020,,0.190,-89.4700,-0.170,,,2004-11-25,AKSHARE,constrained,False,False,possible_legal,
601607,2004-11-30,0.030,,0.020,50.0000,0.010,,,2004-11-29,AKSHARE,constrained,False,False,possible_legal,
601607,2004-12-02,-0.020,,0.030,-166.6700,-0.050,,,2004-12-01,AKSHARE,constrained,False,False,possible_legal,
601607,2004-12-03,0.150,,-0.020,850.0000,0.170,,,2004-12-02,AKSHARE,constrained,False,False,possible_legal,
601607,2004-12-06,0.090,,0.150,-40.0000,-0.060,,,2004-12-03,AKSHARE,constrained,False,False,possible_legal,
601607,2004-12-07,0.030,,0.090,-66.6700,-0.060,,,2004-12-06,AKSHARE,constrained,False,False,possible_legal,
601607,2004-12-08,0.050,,0.030,66.6700,0.020,,,2004-12-07,AKSHARE,constrained,False,False,possible_legal,
601607,2004-12-09,0.080,,0.050,60.0000,0.030,,,2004-12-08,AKSHARE,constrained,False,False,possible_legal,
601607,2004-12-10,-0.070,,0.080,-187.5000,-0.150,,,2004-12-09,AKSHARE,constrained,False,False,possible_legal,
601607,2004-12-14,-0.120,,-0.080,-50.0000,-0.040,,,2004-12-13,AKSHARE,constrained,False,False,possible_legal,
601607,2004-12-22,-0.080,,-0.180,55.5600,0.100,,,2004-12-21,AKSHARE,constrained,False,False,possible_legal,
601607,2004-12-23,-0.180,,-0.080,-125.0000,-0.100,,,2004-12-22,AKSHARE,constrained,False,False,possible_legal,
601607,2004-12-24,-0.120,,-0.180,33.3300,0.060,,,2004-12-23,AKSHARE,constrained,False,False,possible_legal,
601607,2004-12-27,-0.430,,-0.120,-258.3300,-0.310,,,2004-12-24,AKSHARE,constrained,False,False,possible_legal,
601607,2005-03-10,-0.610,,-0.460,-32.6100,-0.150,,,2005-03-09,AKSHARE,constrained,False,False,possible_legal,
601607,2005-03-22,-1.020,,-0.750,-36.0000,-0.270,,,2005-03-21,AKSHARE,constrained,False,False,possible_legal,
601607,2006-06-13,-0.670,,-1.100,39.0900,0.430,,,2006-06-12,AKSHARE,constrained,False,False,possible_legal,
601607,2006-06-14,-0.200,,-0.670,70.1500,0.470,,,2006-06-13,AKSHARE,constrained,False,False,possible_legal,
601607,2006-06-15,-0.300,,-0.200,-50.0000,-0.100,,,2006-06-14,AKSHARE,constrained,False,False,possible_legal,
601607,2006-06-16,-0.140,,-0.300,53.3300,0.160,,,2006-06-15,AKSHARE,constrained,False,False,possible_legal,
601607,2006-06-20,0.170,,-0.150,213.3300,0.320,,,2006-06-19,AKSHARE,constrained,False,False,possible_legal,
601607,2006-06-23,0.230,,0.120,91.6700,0.110,,,2006-06-22,AKSHARE,constrained,False,False,possible_legal,
601607,2006-06-26,0.100,,0.230,-56.5200,-0.130,,,2006-06-23,AKSHARE,constrained,False,False,possible_legal,
601607,2006-07-17,-0.070,,0.100,-170.0000,-0.170,,,2006-06-26,AKSHARE,constrained,False,False,possible_legal,
601607,2006-07-18,-0.120,,-0.070,-71.4300,-0.050,,,2006-07-17,AKSHARE,constrained,False,False,possible_legal,
601607,2006-07-24,-0.080,,-0.180,55.5600,0.100,,,2006-07-21,AKSHARE,constrained,False,False,possible_legal,
601607,2006-07-26,0.090,,-0.100,190.0000,0.190,,,2006-07-25,AKSHARE,constrained,False,False,possible_legal,
601607,2006-07-27,0.490,,0.090,444.4400,0.400,,,2006-07-26,AKSHARE,constrained,False,False,possible_legal,
601607,2006-07-31,0.180,,0.340,-47.0600,-0.160,,,2006-07-28,AKSHARE,constrained,False,False,possible_legal,
601607,2006-08-01,0.110,,0.180,-38.8900,-0.070,,,2006-07-31,AKSHARE,constrained,False,False,possible_legal,
601607,2006-08-02,0.060,,0.110,-45.4500,-0.050,,,2006-08-01,AKSHARE,constrained,False,False,possible_legal,
601607,2006-08-03,0.040,,0.060,-33.3300,-0.020,,,2006-08-02,AKSHARE,constrained,False,False,possible_legal,
601607,2006-08-04,0.010,,0.040,-75.0000,-0.030,,,2006-08-03,AKSHARE,constrained,False,False,possible_legal,
601607,2006-08-07,0.060,,0.010,500.0000,0.050,,,2006-08-04,AKSHARE,constrained,False,False,possible_legal,
601607,2006-08-08,0.180,,0.060,200.0000,0.120,,,2006-08-07,AKSHARE,constrained,False,False,possible_legal,
601607,2006-08-10,0.250,,0.150,66.6700,0.100,,,2006-08-09,AKSHARE,constrained,False,False,possible_legal,
601607,2006-08-14,0.150,,0.290,-48.2800,-0.140,,,2006-08-11,AKSHARE,constrained,False,False,possible_legal,
601607,2006-08-15,0.220,,0.150,46.6700,0.070,,,2006-08-14,AKSHARE,constrained,False,False,possible_legal,
601607,2006-08-22,0.410,,0.260,57.6900,0.150,,,2006-08-21,AKSHARE,constrained,False,False,possible_legal,
601607,2006-08-23,0.250,,0.410,-39.0200,-0.160,,,2006-08-22,AKSHARE,constrained,False,False,possible_legal,
601607,2006-08-28,0.290,,0.200,45.0000,0.090,,,2006-08-25,AKSHARE,constrained,False,False,possible_legal,
601607,2006-08-31,0.090,,0.210,-57.1400,-0.120,,,2006-08-30,AKSHARE,constrained,False,False,possible_legal,
601607,2006-09-01,0.010,,0.090,-88.8900,-0.080,,,2006-08-31,AKSHARE,constrained,False,False,possible_legal,
601607,2006-09-04,0.060,,0.010,500.0000,0.050,,,2006-09-01,AKSHARE,constrained,False,False,possible_legal,
601607,2006-09-05,0.080,,0.060,33.3300,0.020,,,2006-09-04,AKSHARE,constrained,False,False,possible_legal,
601607,2006-09-06,0.110,,0.080,37.5000,0.030,,,2006-09-05,AKSHARE,constrained,False,False,possible_legal,
601607,2006-09-13,-0.040,,0.050,-180.0000,-0.090,,,2006-09-12,AKSHARE,constrained,False,False,possible_legal,
601607,2006-09-14,0.010,,-0.040,125.0000,0.050,,,2006-09-13,AKSHARE,constrained,False,False,possible_legal,
601607,2006-09-15,0.130,,0.010,1200.0000,0.120,,,2006-09-14,AKSHARE,constrained,False,False,possible_legal,
601607,2006-09-19,0.280,,0.140,100.0000,0.140,,,2006-09-18,AKSHARE,constrained,False,False,possible_legal,
601607,2006-09-22,0.170,,0.260,-34.6200,-0.090,,,2006-09-21,AKSHARE,constrained,False,False,possible_legal,
601607,2006-09-27,0.390,,0.250,56.0000,0.140,,,2006-09-26,AKSHARE,constrained,False,False,possible_legal,
601607,2006-09-29,0.580,,0.390,48.7200,0.190,,,2006-09-28,AKSHARE,constrained,False,False,possible_legal,
601607,2006-10-11,1.010,,0.690,46.3800,0.320,,,2006-10-10,AKSHARE,constrained,False,False,possible_legal,
601607,2006-10-13,1.270,,0.930,36.5600,0.340,,,2006-10-12,AKSHARE,constrained,False,False,possible_legal,
601607,2006-11-14,1.150,,0.800,43.7500,0.350,,,2006-11-13,AKSHARE,constrained,False,False,possible_legal,
601607,2007-01-05,1.750,,1.310,33.5900,0.440,,,2007-01-04,AKSHARE,constrained,False,False,possible_legal,
601607,2007-01-08,2.470,,1.750,41.1400,0.720,,,2007-01-05,AKSHARE,constrained,False,False,possible_legal,
601607,2008-04-24,2.200,,1.560,41.0300,0.640,,,2008-04-23,AKSHARE,constrained,False,False,possible_legal,
601607,2008-04-25,2.960,,2.200,34.5500,0.760,,,2008-04-24,AKSHARE,constrained,False,False,possible_legal,
601607,2008-06-10,1.670,,2.460,-32.1100,-0.790,,,2008-06-06,AKSHARE,constrained,False,False,possible_legal,
601607,2008-06-18,1.680,,1.200,40.0000,0.480,,,2008-06-17,AKSHARE,constrained,False,False,possible_legal,
601607,2008-06-19,0.970,,1.680,-42.2600,-0.710,,,2008-06-18,AKSHARE,constrained,False,False,possible_legal,
601607,2008-07-03,1.770,,1.340,32.0900,0.430,,,2008-07-02,AKSHARE,constrained,False,False,possible_legal,
601607,2008-08-11,0.600,,1.100,-45.4500,-0.500,,,2008-08-08,AKSHARE,constrained,False,False,possible_legal,
601607,2008-08-18,0.100,,0.500,-80.0000,-0.400,,,2008-08-15,AKSHARE,constrained,False,False,possible_legal,
601607,2008-08-19,0.210,,0.100,110.0000,0.110,,,2008-08-18,AKSHARE,constrained,False,False,possible_legal,
601607,2008-08-20,0.760,,0.210,261.9000,0.550,,,2008-08-19,AKSHARE,constrained,False,False,possible_legal,
601607,2008-09-05,0.420,,0.630,-33.3300,-0.210,,,2008-09-04,AKSHARE,constrained,False,False,possible_legal,
601607,2008-09-08,0.070,,0.420,-83.3300,-0.350,,,2008-09-05,AKSHARE,constrained,False,False,possible_legal,
601607,2008-09-09,0.230,,0.070,228.5700,0.160,,,2008-09-08,AKSHARE,constrained,False,False,possible_legal,
601607,2008-09-11,0.430,,0.260,65.3800,0.170,,,2008-09-10,AKSHARE,constrained,False,False,possible_legal,
601607,2008-09-16,0.200,,0.390,-48.7200,-0.190,,,2008-09-12,AKSHARE,constrained,False,False,possible_legal,
601607,2008-09-17,0.060,,0.200,-70.0000,-0.140,,,2008-09-16,AKSHARE,constrained,False,False,possible_legal,
601607,2008-09-18,,,0.060,-100.0000,-0.060,,,2008-09-17,AKSHARE,constrained,False,False,possible_legal,
601607,2008-09-22,0.720,,0.540,33.3300,0.180,,,2008-09-19,AKSHARE,constrained,False,False,possible_legal,
601607,2008-09-23,0.290,,0.720,-59.7200,-0.430,,,2008-09-22,AKSHARE,constrained,False,False,possible_legal,
601607,2008-09-24,0.430,,0.290,48.2800,0.140,,,2008-09-23,AKSHARE,constrained,False,False,possible_legal,
601607,2008-10-06,0.020,,0.260,-92.3100,-0.240,,,2008-09-26,AKSHARE,constrained,False,False,possible_legal,
601607,2008-10-07,0.010,,0.020,-50.0000,-0.010,,,2008-10-06,AKSHARE,constrained,False,False,possible_legal,
601607,2008-10-08,-0.200,,0.010,-2100.0000,-0.210,,,2008-10-07,AKSHARE,constrained,False,False,possible_legal,
601607,2008-10-10,-0.540,,-0.200,-170.0000,-0.340,,,2008-10-09,AKSHARE,constrained,False,False,possible_legal,
601607,2008-10-14,-0.670,,-0.460,-45.6500,-0.210,,,2008-10-13,AKSHARE,constrained,False,False,possible_legal,
601607,2008-10-15,-0.290,,-0.670,56.7200,0.380,,,2008-10-14,AKSHARE,constrained,False,False,possible_legal,
601607,2008-10-16,-0.410,,-0.290,-41.3800,-0.120,,,2008-10-15,AKSHARE,constrained,False,False,possible_legal,
601607,2008-10-23,-0.470,,-0.340,-38.2400,-0.130,,,2008-10-21,AKSHARE,constrained,False,False,possible_legal,
601607,2008-10-27,-0.810,,-0.390,-107.6900,-0.420,,,2008-10-24,AKSHARE,constrained,False,False,possible_legal,
601607,2008-11-03,-0.440,,-0.650,32.3100,0.210,,,2008-10-31,AKSHARE,constrained,False,False,possible_legal,
601607,2008-11-04,-0.600,,-0.440,-36.3600,-0.160,,,2008-11-03,AKSHARE,constrained,False,False,possible_legal,
601607,2008-11-10,-0.240,,-0.570,57.8900,0.330,,,2008-11-07,AKSHARE,constrained,False,False,possible_legal,
601607,2008-11-12,-0.120,,-0.310,61.2900,0.190,,,2008-11-11,AKSHARE,constrained,False,False,possible_legal,
601607,2008-11-13,0.040,,-0.120,133.3300,0.160,,,2008-11-12,AKSHARE,constrained,False,False,possible_legal,
601607,2008-11-14,0.320,,0.040,700.0000,0.280,,,2008-11-13,AKSHARE,constrained,False,False,possible_legal,
601607,2008-11-17,0.490,,0.320,53.1300,0.170,,,2008-11-14,AKSHARE,constrained,False,False,possible_legal,
601607,2008-11-18,-0.090,,0.490,-118.3700,-0.580,,,2008-11-17,AKSHARE,constrained,False,False,possible_legal,
601607,2008-11-19,0.440,,-0.090,588.8900,0.530,,,2008-11-18,AKSHARE,constrained,False,False,possible_legal,
601607,2008-11-20,0.820,,0.440,86.3600,0.380,,,2008-11-19,AKSHARE,constrained,False,False,possible_legal,
601607,2008-11-27,0.620,,0.410,51.2200,0.210,,,2008-11-26,AKSHARE,constrained,False,False,possible_legal,
601607,2008-12-01,1.180,,0.810,45.6800,0.370,,,2008-11-28,AKSHARE,constrained,False,False,possible_legal,
601607,2008-12-12,0.700,,1.130,-38.0500,-0.430,,,2008-12-11,AKSHARE,constrained,False,False,possible_legal,
601607,2008-12-16,1.540,,0.910,69.2300,0.630,,,2008-12-15,AKSHARE,constrained,False,False,possible_legal,
603003,2025-06-10,2.490,3.754,3.840,-33.6658,-1.264,1.06827309,1.04427083,2025-04-29,TENCENT,constrained,False,False,possible_legal,0.022395833333333295
603133,2024-06-05,0.330,1.302,1.980,-74.6606,-0.972,1.69696970,1.11616162,2024-04-29,TENCENT,constrained,False,False,possible_legal,0.3424242424242424
603273,2023-10-25,33.010,18.200,18.200,81.3736,14.810,1.00000000,1.00000000,2023-10-24,SINA,constrained,True,False,possible_legal,0.0
603273,2023-10-26,49.750,33.010,33.010,50.7119,16.740,1.00000000,1.00000000,2023-10-25,SINA,constrained,True,False,possible_legal,0.0
603350,2024-07-04,54.500,41.190,41.190,32.3137,13.310,1.00000000,1.00000000,2024-07-03,SINA,constrained,True,False,possible_legal,0.0
603382,2025-06-13,38.080,55.970,55.970,-31.9636,-17.890,1.00000000,1.00000000,2025-06-12,SINA,constrained,True,False,possible_legal,0.0
603395,2024-11-27,81.000,160.990,160.990,-49.6863,-79.990,1.00000000,1.00000000,2024-11-26,SINA,constrained,True,False,possible_legal,0.0
603400,2025-06-25,78.810,49.930,49.930,57.8410,28.880,1.00000000,1.00000000,2025-06-24,SINA,constrained,True,False,possible_legal,0.0
603603,2022-12-23,4.690,2.169,4.890,116.2162,2.521,2.38431390,1.05823293,2022-12-22,TENCENT,constrained,False,False,possible_legal,0.556441717791411
603603,2024-03-27,0.420,0.866,1.000,-51.5267,-0.446,3.02380952,2.62000000,2024-02-02,TENCENT,constrained,False,False,possible_legal,0.134
603996,2022-04-22,0.500,0.738,0.960,-32.2430,-0.238,2.90000000,2.22916667,2022-03-30,TENCENT,constrained,False,False,possible_legal,0.23124999999999998
605081,2026-06-08,0.400,2.099,5.030,-80.9409,-1.699,3.95000000,1.64811133,2026-04-29,TENCENT,constrained,False,False,possible_legal,0.5827037773359841
688010,2019-07-24,81.400,54.500,54.500,49.3578,26.900,1.00000000,1.00000000,2019-07-23,SINA,constrained,True,False,possible_legal,0.0
688026,2020-02-03,122.040,58.520,58.520,108.5441,63.520,1.00000000,1.00000000,2020-01-23,SINA,constrained,True,False,possible_legal,0.0
688028,2019-07-24,70.330,52.190,52.190,34.7576,18.140,1.00000000,1.00000000,2019-07-23,SINA,constrained,True,False,possible_legal,0.0
688055,2020-08-18,13.300,9.850,9.850,35.0254,3.450,1.00000000,1.00000000,2020-08-17,SINA,constrained,True,False,possible_legal,0.0
688077,2020-07-23,84.500,61.010,61.010,38.5019,23.490,1.00000000,1.00000000,2020-07-22,SINA,constrained,True,False,possible_legal,0.0
688086,2023-06-08,0.890,1.954,2.420,-54.4484,-1.064,1.43820225,1.16115702,2023-04-21,TENCENT,constrained,False,False,possible_legal,0.19256198347107437
688100,2020-02-04,33.200,24.300,24.300,36.6255,8.900,1.00000000,1.00000000,2020-02-03,SINA,constrained,True,False,possible_legal,0.0
688159,2020-02-04,71.880,45.310,45.310,58.6405,26.570,1.00147765,1.00147765,2020-02-03,SINA,constrained,True,False,possible_legal,0.0
688258,2019-12-10,79.000,55.200,55.200,43.1159,23.800,1.00149059,1.00149059,2019-12-09,SINA,constrained,True,False,possible_legal,0.0
688269,2021-06-10,116.000,79.590,79.590,45.7470,36.410,1.00000000,1.00000000,2021-06-09,SINA,constrained,True,False,possible_legal,0.0
688287,2026-05-19,0.450,0.817,0.930,-44.9102,-0.367,2.04444444,1.79569892,2026-04-28,TENCENT,constrained,False,False,possible_legal,0.12150537634408612
688288,2019-11-07,44.810,31.260,31.260,43.3461,13.550,1.00000000,1.00000000,2019-11-06,SINA,constrained,True,False,possible_legal,0.0
688302,2022-04-13,41.300,30.100,30.100,37.2093,11.200,1.00000000,1.00000000,2022-04-12,SINA,constrained,True,False,possible_legal,0.0
688327,2022-05-31,26.220,19.440,19.440,34.8765,6.780,1.00000000,1.00000000,2022-05-30,SINA,constrained,True,False,possible_legal,0.0
688418,2020-07-23,55.300,41.990,41.990,31.6980,13.310,1.00000000,1.00000000,2020-07-22,SINA,constrained,True,False,possible_legal,0.0
688535,2023-04-06,83.000,62.650,62.650,32.4820,20.350,1.00285307,1.00285307,2023-04-04,SINA,constrained,True,False,possible_legal,0.0
688555,2023-06-08,1.550,3.732,4.140,-58.4650,-2.182,1.18709677,1.07004831,2023-04-21,TENCENT,constrained,False,False,possible_legal,0.09855072463768104
688573,2023-08-18,57.200,41.700,41.700,37.1703,15.500,1.00000000,1.00000000,2023-08-17,SINA,constrained,True,False,possible_legal,0.0
688615,2024-09-30,245.010,125.010,125.010,95.9923,120.000,1.00000000,1.00000000,2024-09-27,SINA,constrained,True,False,possible_legal,0.0
688615,2024-10-08,350.000,245.010,245.010,42.8513,104.990,1.00000000,1.00000000,2024-09-30,SINA,constrained,True,False,possible_legal,0.0
688615,2024-10-09,175.110,350.000,350.000,-49.9686,-174.890,1.00000000,1.00000000,2024-10-08,SINA,constrained,True,False,possible_legal,0.0
688630,2021-04-02,66.990,44.100,44.100,51.9048,22.890,1.00000000,1.00000000,2021-04-01,SINA,constrained,True,False,possible_legal,0.0
688671,2023-08-10,45.100,70.000,70.000,-35.5714,-24.900,1.00000000,1.00000000,2023-08-09,SINA,constrained,True,False,possible_legal,0.0
688711,2021-09-02,101.060,76.900,76.900,31.4174,24.160,1.00000000,1.00000000,2021-09-01,SINA,constrained,True,False,possible_legal,0.0
832317,2015-09-14,5.530,,,-38.4900,-3.460,,,,AKSHARE,seg_4_8_92,False,False,possible_legal,
833874,2016-01-06,0.410,,,-95.9400,-9.700,,,,AKSHARE,seg_4_8_92,False,False,possible_legal,
833874,2016-01-29,1.390,,0.410,239.0200,0.980,,,2016-01-08,AKSHARE,seg_4_8_92,False,False,possible_legal,
833994,2015-12-15,6.390,,,-76.0200,-20.260,,,,AKSHARE,seg_4_8_92,False,False,possible_legal,
833994,2016-10-12,7.010,,5.330,31.5200,1.680,,,2016-10-11,AKSHARE,seg_4_8_92,False,False,possible_legal,
833994,2017-04-07,22.110,,14.650,50.9200,7.460,,,2017-04-06,AKSHARE,seg_4_8_92,False,False,possible_legal,
833994,2018-12-18,4.550,,6.940,-34.4400,-2.390,,,2018-05-07,AKSHARE,seg_4_8_92,False,False,possible_legal,
833994,2019-01-03,6.390,,4.270,49.6500,2.120,,,2019-01-02,AKSHARE,seg_4_8_92,False,False,possible_legal,
833994,2019-01-04,4.310,,6.390,-32.5500,-2.080,,,2019-01-03,AKSHARE,seg_4_8_92,False,False,possible_legal,
833994,2019-05-13,6.620,,4.310,53.6000,2.310,,,2019-01-04,AKSHARE,seg_4_8_92,False,False,possible_legal,
833994,2019-09-09,13.630,,9.170,48.6400,4.460,,,2019-06-27,AKSHARE,seg_4_8_92,False,False,possible_legal,
833994,2019-12-23,17.500,,12.830,36.4000,4.670,,,2019-12-20,AKSHARE,seg_4_8_92,False,False,possible_legal,
835305,2017-05-19,5.110,,,-74.4500,-14.890,,,,AKSHARE,seg_4_8_92,False,False,possible_legal,
835305,2017-05-26,7.160,,5.110,40.1200,2.050,,,2017-05-19,AKSHARE,seg_4_8_92,False,False,possible_legal,
835305,2020-03-20,33.900,,7.160,373.4600,26.740,,,2017-06-08,AKSHARE,seg_4_8_92,False,False,possible_legal,
835305,2020-03-23,20.550,,33.900,-39.3800,-13.350,,,2020-03-20,AKSHARE,seg_4_8_92,False,False,possible_legal,
835305,2020-03-25,32.020,,22.000,45.5500,10.020,,,2020-03-24,AKSHARE,seg_4_8_92,False,False,possible_legal,
835305,2020-04-03,22.000,,32.020,-31.2900,-10.020,,,2020-03-25,AKSHARE,seg_4_8_92,False,False,possible_legal,
839680,2019-09-25,14.870,,9.870,50.6600,5.000,,,2018-11-29,AKSHARE,seg_4_8_92,False,False,possible_legal,
839680,2020-01-17,8.550,,14.870,-42.5000,-6.320,,,2019-09-25,AKSHARE,seg_4_8_92,False,False,possible_legal,
839680,2020-01-20,5.420,,8.550,-36.6100,-3.130,,,2020-01-17,AKSHARE,seg_4_8_92,False,False,possible_legal,
839680,2020-01-22,10.880,,5.420,100.7400,5.460,,,2020-01-20,AKSHARE,seg_4_8_92,False,False,possible_legal,
839680,2020-02-13,14.870,,10.880,36.6700,3.990,,,2020-01-22,AKSHARE,seg_4_8_92,False,False,possible_legal,
839680,2020-04-22,24.870,,14.870,67.2500,10.000,,,2020-02-13,AKSHARE,seg_4_8_92,False,False,possible_legal,
839680,2021-11-15,28.620,,14.870,136.1400,16.500,,,2020-11-20,AKSHARE,seg_4_8_92,False,False,possible_legal,
920000,2019-05-23,0.000,,1.860,-100.0000,,1.00000000,,2018-11-28,SINA,seg_4_8_92,False,False,possible_legal,
920000,2019-05-27,5.000,3.010,3.010,66.1130,1.990,1.00000000,1.00000000,2019-05-24,SINA,seg_4_8_92,True,False,possible_legal,0.0
920000,2019-07-04,1.910,,5.000,-45.8900,-1.620,,1.00000000,2019-05-27,AKSHARE,seg_4_8_92,False,False,possible_legal,
920000,2019-07-12,0.000,,1.910,-100.0000,,1.00000000,,2019-07-04,SINA,seg_4_8_92,False,False,possible_legal,
920000,2020-02-19,3.580,,1.910,87.4300,1.670,,,2019-11-05,AKSHARE,seg_4_8_92,False,False,possible_legal,
920000,2020-03-06,7.000,5.000,5.000,40.0000,2.000,1.00000000,1.00000000,2020-03-05,SINA,seg_4_8_92,True,False,possible_legal,0.0
920006,2017-12-18,4.660,,,-37.2800,-2.770,,,,AKSHARE,seg_4_8_92,False,False,possible_legal,
920006,2018-09-21,4.690,,2.640,77.6500,2.050,,,2018-08-15,AKSHARE,seg_4_8_92,False,False,possible_legal,
920006,2019-01-25,6.690,,4.780,39.9600,1.910,,,2018-09-25,AKSHARE,seg_4_8_92,False,False,possible_legal,
920006,2021-02-01,7.770,,5.770,34.6600,2.000,,,2021-01-21,AKSHARE,seg_4_8_92,False,False,possible_legal,
920006,2021-02-19,16.770,,7.770,115.8300,9.000,,,2021-02-01,AKSHARE,seg_4_8_92,False,False,possible_legal,
920006,2021-05-19,7.770,,16.770,-53.6700,-9.000,,,2021-02-19,AKSHARE,seg_4_8_92,False,False,possible_legal,
920006,2021-05-20,3.290,,7.770,-57.6600,-4.480,,,2021-05-19,AKSHARE,seg_4_8_92,False,False,possible_legal,
920006,2021-05-26,7.810,,3.290,137.3900,4.520,,,2021-05-20,AKSHARE,seg_4_8_92,False,False,possible_legal,
920006,2021-06-18,3.330,,7.810,-57.3600,-4.480,,,2021-05-26,AKSHARE,seg_4_8_92,False,False,possible_legal,
920006,2021-06-21,7.810,,3.330,134.5300,4.480,,,2021-06-18,AKSHARE,seg_4_8_92,False,False,possible_legal,
920006,2021-12-23,3.380,,7.840,-56.8900,-4.460,,,2021-11-16,AKSHARE,seg_4_8_92,False,False,possible_legal,
920006,2021-12-27,7.650,,3.380,126.3300,4.270,,,2021-12-23,AKSHARE,seg_4_8_92,False,False,possible_legal,
920006,2021-12-30,10.730,,7.650,40.2600,3.080,,,2021-12-27,AKSHARE,seg_4_8_92,False,False,possible_legal,
920006,2022-01-20,21.850,,10.350,111.1100,11.500,,,2022-01-18,AKSHARE,seg_4_8_92,False,False,possible_legal,
920006,2022-01-25,12.850,,21.850,-41.1900,-9.000,,,2022-01-20,AKSHARE,seg_4_8_92,False,False,possible_legal,
920006,2022-07-28,14.030,,10.090,39.0500,3.940,,,2022-07-26,AKSHARE,seg_4_8_92,False,False,possible_legal,
920006,2022-07-29,8.830,,14.030,-37.0600,-5.200,,,2022-07-28,AKSHARE,seg_4_8_92,False,False,possible_legal,
920006,2022-08-01,13.520,,8.830,53.1100,4.690,,,2022-07-29,AKSHARE,seg_4_8_92,False,False,possible_legal,
920006,2022-08-12,11.880,,9.040,31.4200,2.840,,,2022-08-11,AKSHARE,seg_4_8_92,False,False,possible_legal,
920006,2022-10-17,7.550,,11.530,-34.5200,-3.980,,,2022-09-20,AKSHARE,seg_4_8_92,False,False,possible_legal,
920006,2022-10-18,10.020,,7.550,32.7200,2.470,,,2022-10-17,AKSHARE,seg_4_8_92,False,False,possible_legal,
920010,2015-07-06,5.650,3.500,3.500,61.4286,2.150,1.00000000,1.00000000,2015-07-03,SINA,seg_4_8_92,True,False,possible_legal,0.0
920010,2015-08-17,5.030,8.100,8.100,-37.9012,-3.070,1.00000000,1.00000000,2015-08-14,SINA,seg_4_8_92,True,False,possible_legal,0.0
920010,2015-08-19,8.500,5.030,5.030,68.9861,3.470,1.00000000,1.00000000,2015-08-17,SINA,seg_4_8_92,True,False,possible_legal,0.0
920010,2016-04-29,2.680,6.680,6.680,-59.8802,-4.000,1.00000000,1.00000000,2016-04-28,SINA,seg_4_8_92,True,False,possible_legal,0.0
920010,2018-01-19,0.000,,3.010,-100.0000,,1.00000000,1.00000000,2018-01-15,SINA,seg_4_8_92,True,False,possible_legal,
920010,2018-08-27,1.600,3.010,1.850,-46.8439,-1.410,1.00000000,,2018-08-24,SINA,seg_4_8_92,False,False,possible_legal,0.6270270270270268
920010,2018-09-04,0.450,,1.260,309.0900,0.340,,1.00000000,2018-08-30,AKSHARE,seg_4_8_92,False,False,possible_legal,
920010,2018-12-11,1.650,,0.450,266.6700,1.200,,,2018-09-04,AKSHARE,seg_4_8_92,False,False,possible_legal,
920010,2018-12-13,0.000,,1.650,-100.0000,,1.00000000,,2018-12-11,SINA,seg_4_8_92,False,False,possible_legal,
920010,2020-03-31,0.000,,4.000,-100.0000,,1.00000000,1.00000000,2020-03-23,SINA,seg_4_8_92,True,False,possible_legal,
920010,2020-04-16,0.000,,4.300,-100.0000,,1.00000000,1.00000000,2020-04-03,SINA,seg_4_8_92,True,False,possible_legal,
920010,2020-05-07,0.000,,5.830,-100.0000,,1.00000000,1.00000000,2020-04-30,SINA,seg_4_8_92,True,False,possible_legal,
920014,2017-06-30,5.130,,,-57.0000,-6.800,,,,AKSHARE,seg_4_8_92,False,False,possible_legal,
920014,2018-06-01,6.850,,5.130,33.5300,1.720,,,2017-07-10,AKSHARE,seg_4_8_92,False,False,possible_legal,
920014,2018-11-01,2.970,,6.850,-56.6400,-3.880,,,2018-06-01,AKSHARE,seg_4_8_92,False,False,possible_legal,
920014,2019-03-05,0.280,,2.970,-90.5700,-2.690,,,2018-11-01,AKSHARE,seg_4_8_92,False,False,possible_legal,
920014,2020-02-13,2.790,,0.280,896.4300,2.510,,,2019-03-05,AKSHARE,seg_4_8_92,False,False,possible_legal,
920014,2020-02-19,5.080,,2.790,82.0800,2.290,,,2020-02-13,AKSHARE,seg_4_8_92,False,False,possible_legal,
920014,2020-09-04,3.700,,2.800,32.1400,0.900,,,2020-09-03,AKSHARE,seg_4_8_92,False,False,possible_legal,
920014,2020-11-04,1.800,,3.690,-51.2200,-1.890,,,2020-10-30,AKSHARE,seg_4_8_92,False,False,possible_legal,
920014,2020-11-05,3.090,,1.800,71.6700,1.290,,,2020-11-04,AKSHARE,seg_4_8_92,False,False,possible_legal,
920014,2020-12-17,4.540,,3.360,35.1200,1.180,,,2020-12-11,AKSHARE,seg_4_8_92,False,False,possible_legal,
920014,2021-01-11,5.600,,3.460,61.8500,2.140,,,2021-01-06,AKSHARE,seg_4_8_92,False,False,possible_legal,
920014,2021-01-13,3.810,,5.600,-31.9600,-1.790,,,2021-01-11,AKSHARE,seg_4_8_92,False,False,possible_legal,
920014,2021-01-26,6.420,,4.500,42.6700,1.920,,,2021-01-22,AKSHARE,seg_4_8_92,False,False,possible_legal,
920017,2008-11-14,4.000,6.000,6.000,-33.3333,-2.000,,,2008-09-10,AUSHARE,seg_4_8_92,False,False,possible_legal,0.0
920017,2012-12-17,7.630,,4.000,-34.7300,-4.060,,,2009-04-21,AKSHARE,seg_4_8_92,False,False,possible_legal,
920017,2014-08-15,18.760,,9.630,94.8100,9.130,,,2014-01-03,AKSHARE,seg_4_8_92,False,False,possible_legal,
920017,2014-08-20,36.630,,18.760,95.2600,17.870,,,2014-08-15,AKSHARE,seg_4_8_92,False,False,possible_legal,
920017,2014-08-28,18.640,,37.630,-50.4700,-18.990,,,2014-08-25,AKSHARE,seg_4_8_92,False,False,possible_legal,
920017,2014-09-12,8.690,,18.640,-53.3800,-9.950,,,2014-08-28,AKSHARE,seg_4_8_92,False,False,possible_legal,
920017,2014-09-15,3.670,,8.690,-57.7700,-5.020,,,2014-09-12,AKSHARE,seg_4_8_92,False,False,possible_legal,
920017,2014-09-17,1.180,,3.670,-67.8500,-2.490,,,2014-09-15,AKSHARE,seg_4_8_92,False,False,possible_legal,
920017,2014-10-23,38.630,,1.180,3173.7300,37.450,,,2014-09-25,AKSHARE,seg_4_8_92,False,False,possible_legal,
920017,2015-03-31,54.960,,38.610,42.3500,16.350,,,2014-10-24,AKSHARE,seg_4_8_92,False,False,possible_legal,
920017,2015-06-19,22.630,,63.630,-64.4400,-41.000,,,2015-04-03,AKSHARE,seg_4_8_92,False,False,possible_legal,
920017,2015-11-09,30.630,,21.660,41.4100,8.970,,,2015-11-06,AKSHARE,seg_4_8_92,False,False,possible_legal,
920017,2017-05-15,30.630,,14.630,109.3600,16.000,,,2017-05-10,AKSHARE,seg_4_8_92,False,False,possible_legal,
920017,2017-05-17,42.630,,30.630,39.1800,12.000,,,2017-05-15,AKSHARE,seg_4_8_92,False,False,possible_legal,
920017,2017-05-25,20.630,,42.630,-51.6100,-22.000,,,2017-05-18,AKSHARE,seg_4_8_92,False,False,possible_legal,
920017,2017-07-11,16.740,,12.740,31.4000,4.000,,,2017-07-10,AKSHARE,seg_4_8_92,False,False,possible_legal,
920017,2017-07-20,11.740,,18.020,-34.8500,-6.280,,,2017-07-13,AKSHARE,seg_4_8_92,False,False,possible_legal,
920017,2017-09-21,13.740,,10.050,36.7200,3.690,,,2017-09-20,AKSHARE,seg_4_8_92,False,False,possible_legal,
920017,2017-12-29,14.740,,9.340,57.8200,5.400,,,2017-12-22,AKSHARE,seg_4_8_92,False,False,possible_legal,
920017,2018-01-04,30.740,,14.740,108.5500,16.000,,,2017-12-29,AKSHARE,seg_4_8_92,False,False,possible_legal,
920017,2018-01-12,14.740,,30.740,-52.0500,-16.000,,,2018-01-04,AKSHARE,seg_4_8_92,False,False,possible_legal,
920017,2018-04-20,8.740,,14.740,-40.7100,-6.000,,,2018-01-12,AKSHARE,seg_4_8_92,False,False,possible_legal,
920021,2016-04-15,12.090,24.000,24.000,-49.6250,-11.910,1.00000000,1.00000000,2016-04-13,SINA,seg_4_8_92,True,False,possible_legal,0.0
920021,2017-04-10,13.560,22.000,22.000,-38.3636,-8.440,1.00000000,1.00000000,2017-04-06,SINA,seg_4_8_92,True,False,possible_legal,0.0
920021,2017-04-18,18.000,13.000,2.410,38.4615,5.000,1.00000000,,2017-04-17,SINA,seg_4_8_92,False,False,possible_legal,4.394190871369294
920021,2017-04-20,4.280,,13.000,77.5900,1.870,,1.00000000,2017-04-19,AKSHARE,seg_4_8_92,False,False,possible_legal,
920021,2017-04-28,6.400,13.000,13.000,-50.7692,-6.600,1.00000000,1.00000000,2017-04-27,SINA,seg_4_8_92,True,False,possible_legal,0.0
920021,2017-06-28,2.110,4.160,4.160,-49.2788,-2.050,1.00000000,1.00000000,2017-06-27,SINA,seg_4_8_92,True,False,possible_legal,0.0
920021,2017-06-29,4.070,2.110,2.110,92.8910,1.960,1.00000000,1.00000000,2017-06-28,SINA,seg_4_8_92,True,False,possible_legal,0.0
920021,2018-11-30,1.860,6.140,6.140,-69.7068,-4.280,1.00000000,1.00000000,2017-07-03,SINA,seg_4_8_92,True,False,possible_legal,0.0
920021,2019-01-02,2.880,2.150,2.150,33.9535,0.730,1.00000000,1.00000000,2018-12-28,SINA,seg_4_8_92,True,False,possible_legal,0.0
920021,2019-01-29,4.500,3.250,3.250,38.4615,1.250,1.00000000,1.00000000,2019-01-25,SINA,seg_4_8_92,True,False,possible_legal,0.0
920021,2019-02-19,3.860,2.780,2.780,38.8489,1.080,1.00000000,1.00000000,2019-02-18,SINA,seg_4_8_92,True,False,possible_legal,0.0
920021,2019-06-04,5.960,4.500,2.650,32.4444,1.460,1.00000000,,2019-05-30,SINA,seg_4_8_92,False,False,possible_legal,0.6981132075471699
920021,2019-10-16,3.980,6.280,6.280,-36.6242,-2.300,1.00000000,1.00000000,2019-09-27,SINA,seg_4_8_92,True,False,possible_legal,0.0
920021,2019-11-08,4.960,3.490,3.490,42.1203,1.470,1.00000000,1.00000000,2019-11-07,SINA,seg_4_8_92,True,False,possible_legal,0.0
920021,2020-07-27,5.730,8.390,8.390,-31.7044,-2.660,1.00000000,1.00000000,2020-04-28,SINA,seg_4_8_92,True,False,possible_legal,0.0
920023,2015-03-27,4.920,,3.280,50.0000,1.640,,,2015-03-26,AKSHARE,seg_4_8_92,False,False,possible_legal,
920023,2015-03-30,3.230,,4.920,-34.3500,-1.690,,,2015-03-27,AKSHARE,seg_4_8_92,False,False,possible_legal,
920023,2015-04-01,6.140,,3.360,82.7400,2.780,,,2015-03-31,AKSHARE,seg_4_8_92,False,False,possible_legal,
920023,2015-04-08,3.240,,7.140,-54.6200,-3.900,,,2015-04-07,AKSHARE,seg_4_8_92,False,False,possible_legal,
920023,2015-04-09,6.740,,3.240,108.0200,3.500,,,2015-04-08,AKSHARE,seg_4_8_92,False,False,possible_legal,
920023,2015-04-10,2.480,,6.740,-63.2000,-4.260,,,2015-04-09,AKSHARE,seg_4_8_92,False,False,possible_legal,
920023,2015-04-13,6.420,,2.480,158.8700,3.940,,,2015-04-10,AKSHARE,seg_4_8_92,False,False,possible_legal,
920023,2015-05-06,3.220,,5.020,-35.8600,-1.800,,,2015-05-05,AKSHARE,seg_4_8_92,False,False,possible_legal,
920023,2015-05-07,5.040,,3.220,56.5200,1.820,,,2015-05-06,AKSHARE,seg_4_8_92,False,False,possible_legal,
920023,2020-06-11,2.010,,1.440,39.5800,0.570,,,2020-06-10,AKSHARE,seg_4_8_92,False,False,possible_legal,
920023,2020-08-11,1.990,,1.240,60.4800,0.750,,,2020-08-10,AKSHARE,seg_4_8_92,False,False,possible_legal,
920023,2020-08-14,1.270,,1.980,-35.8600,-0.710,,,2020-08-12,AKSHARE,seg_4_8_92,False,False,possible_legal,
920023,2020-09-23,1.870,,1.340,39.5500,0.530,,,2020-09-22,AKSHARE,seg_4_8_92,False,False,possible_legal,
920023,2020-10-12,1.350,,1.960,-31.1200,-0.610,,,2020-09-30,AKSHARE,seg_4_8_92,False,False,possible_legal,
920023,2021-03-23,2.370,,1.610,47.2000,0.760,,,2021-03-22,AKSHARE,seg_4_8_92,False,False,possible_legal,
920030,2018-01-05,2.000,1.000,1.000,100.0000,1.000,1.00000000,1.00000000,2017-02-27,SINA,seg_4_8_92,True,False,possible_legal,0.0
920030,2018-01-11,4.000,2.000,2.000,100.0000,2.000,1.00000000,1.00000000,2018-01-05,SINA,seg_4_8_92,True,False,possible_legal,0.0
920030,2018-01-17,6.000,4.000,4.000,50.0000,2.000,1.00000000,1.00000000,2018-01-11,SINA,seg_4_8_92,True,False,possible_legal,0.0
920030,2018-02-06,13.800,8.520,8.520,61.9718,5.280,1.00000000,1.00000000,2018-02-05,SINA,seg_4_8_92,True,False,possible_legal,0.0
920030,2018-02-14,9.500,13.800,13.800,-31.1594,-4.300,1.00000000,1.00000000,2018-02-06,SINA,seg_4_8_92,True,False,possible_legal,0.0
920030,2018-06-01,2.200,4.540,4.540,-51.5419,-2.340,1.00000000,1.00000000,2018-04-09,SINA,seg_4_8_92,True,False,possible_legal,0.0
920030,2018-07-16,2.500,5.000,5.000,-50.0000,-2.500,1.00000000,1.00000000,2018-06-27,SINA,seg_4_8_92,True,False,possible_legal,0.0
920030,2018-07-18,4.500,2.500,2.500,80.0000,2.000,1.00000000,1.00000000,2018-07-16,SINA,seg_4_8_92,True,False,possible_legal,0.0
920030,2018-11-22,0.000,,3.000,-100.0000,,1.00000000,1.00000000,2018-11-16,SINA,seg_4_8_92,True,False,possible_legal,
920030,2018-12-12,0.000,,3.000,-100.0000,,1.00000000,1.00000000,2018-12-10,SINA,seg_4_8_92,True,False,possible_legal,
920030,2019-04-01,0.000,,5.400,-100.0000,,1.00000000,1.00000000,2019-03-22,SINA,seg_4_8_92,True,False,possible_legal,
920030,2019-10-14,0.000,,5.380,-100.0000,,1.00000000,1.00000000,2019-09-23,SINA,seg_4_8_92,True,False,possible_legal,
920030,2019-12-02,2.800,5.300,5.300,-47.1698,-2.500,1.00000000,1.00000000,2019-10-15,SINA,seg_4_8_92,True,False,possible_legal,0.0
920030,2019-12-03,5.200,2.800,2.800,85.7143,2.400,1.00000000,1.00000000,2019-12-02,SINA,seg_4_8_92,True,False,possible_legal,0.0
920030,2019-12-05,2.900,5.200,5.200,-44.2308,-2.300,1.00000000,1.00000000,2019-12-03,SINA,seg_4_8_92,True,False,possible_legal,0.0
920030,2019-12-11,4.920,,2.900,87.7900,2.300,,1.00000000,2019-12-05,AKSHARE,seg_4_8_92,False,False,possible_legal,
920030,2020-04-27,5.860,2.900,4.920,102.0690,2.960,1.00000000,,2019-12-11,SINA,seg_4_8_92,False,False,possible_legal,0.4105691056910569
920030,2020-11-27,3.520,7.500,7.500,-53.0667,-3.980,1.00000000,1.00000000,2020-04-30,SINA,seg_4_8_92,True,False,possible_legal,0.0
920033,2016-07-07,0.480,,,-95.6600,-10.570,,,,AKSHARE,seg_4_8_92,False,False,possible_legal,
920033,2016-07-08,2.650,,0.480,452.0800,2.170,,,2016-07-07,AKSHARE,seg_4_8_92,False,False,possible_legal,
920033,2020-08-25,3.420,,2.240,52.6800,1.180,,,2020-08-24,AKSHARE,seg_4_8_92,False,False,possible_legal,
920033,2021-01-15,4.300,,6.510,-33.9500,-2.210,,,2021-01-14,AKSHARE,seg_4_8_92,False,False,possible_legal,
920033,2021-01-19,6.620,,4.300,53.9500,2.320,,,2021-01-15,AKSHARE,seg_4_8_92,False,False,possible_legal,
920033,2021-07-30,13.120,,7.790,68.4200,5.330,,,2021-07-29,AKSHARE,seg_4_8_92,False,False,possible_legal,
920033,2021-08-04,7.210,,13.120,-45.0500,-5.910,,,2021-07-30,AKSHARE,seg_4_8_92,False,False,possible_legal,
920033,2021-09-08,13.430,,6.470,107.5700,6.960,,,2021-09-01,AKSHARE,seg_4_8_92,False,False,possible_legal,
920033,2021-09-17,7.080,,13.430,-47.2800,-6.350,,,2021-09-08,AKSHARE,seg_4_8_92,False,False,possible_legal,
920033,2021-09-23,4.750,,7.080,-32.9100,-2.330,,,2021-09-17,AKSHARE,seg_4_8_92,False,False,possible_legal,
920033,2021-09-27,6.910,,4.750,45.4700,2.160,,,2021-09-23,AKSHARE,seg_4_8_92,False,False,possible_legal,
920033,2021-09-30,6.910,,5.140,34.4400,1.770,,,2021-09-29,AKSHARE,seg_4_8_92,False,False,possible_legal,
920033,2021-10-11,4.750,,6.910,-31.2600,-2.160,,,2021-09-30,AKSHARE,seg_4_8_92,False,False,possible_legal,
920033,2021-10-13,6.910,,4.600,50.2200,2.310,,,2021-10-12,AKSHARE,seg_4_8_92,False,False,possible_legal,
920033,2021-10-19,6.850,,4.600,48.9100,2.250,,,2021-10-15,AKSHARE,seg_4_8_92,False,False,possible_legal,
920033,2021-11-18,8.450,,5.610,50.6200,2.840,,,2021-11-04,AKSHARE,seg_4_8_92,False,False,possible_legal,
920033,2022-06-20,11.230,,8.380,34.0100,2.850,,,2022-06-06,AKSHARE,seg_4_8_92,False,False,possible_legal,
920039,2016-07-29,4.960,,5.720,38.5500,1.380,,1.00000000,2016-07-28,AKSHARE,seg_4_8_92,False,False,possible_legal,
920039,2016-08-01,3.410,,4.960,-31.2500,-1.550,,,2016-07-29,AKSHARE,seg_4_8_92,False,False,possible_legal,
920039,2020-05-20,0.000,,6.050,-100.0000,,1.00000000,1.00000000,2020-05-19,SINA,seg_4_8_92,True,False,possible_legal,
920046,2018-12-10,0.480,,,-85.6700,-2.870,,,,AKSHARE,seg_4_8_92,False,False,possible_legal,
920046,2019-02-21,1.070,,0.480,122.9200,0.590,,,2018-12-10,AKSHARE,seg_4_8_92,False,False,possible_legal,
920046,2021-02-23,2.130,,1.070,99.0700,1.060,,,2019-02-21,AKSHARE,seg_4_8_92,False,False,possible_legal,
920046,2021-03-15,1.710,,2.480,-31.0500,-0.770,,,2021-03-09,AKSHARE,seg_4_8_92,False,False,possible_legal,
920046,2021-03-22,2.130,,1.490,42.9500,0.640,,,2021-03-17,AKSHARE,seg_4_8_92,False,False,possible_legal,
920046,2021-03-25,2.480,,1.880,31.9100,0.600,,,2021-03-24,AKSHARE,seg_4_8_92,False,False,possible_legal,
920046,2021-04-16,2.530,,1.810,39.7800,0.720,,,2021-04-07,AKSHARE,seg_4_8_92,False,False,possible_legal,
920046,2021-06-18,2.280,,1.560,46.1500,0.720,,,2021-06-01,AKSHARE,seg_4_8_92,False,False,possible_legal,
920046,2021-06-23,3.130,,2.350,33.1900,0.780,,,2021-06-22,AKSHARE,seg_4_8_92,False,False,possible_legal,
920046,2021-09-27,6.630,,3.420,93.8600,3.210,,,2021-07-28,AKSHARE,seg_4_8_92,False,False,possible_legal,
920047,2009-07-01,30.000,1.000,,2900.0000,29.000,,,,AUSHARE,seg_4_8_92,False,False,possible_legal,
920047,2013-10-08,8.680,5.550,5.550,56.3964,3.130,1.00000000,1.00000000,2013-09-27,SINA,seg_4_8_92,True,False,possible_legal,0.0
920047,2014-04-01,5.540,8.680,8.680,-36.1751,-3.140,1.00000000,1.00000000,2013-10-08,SINA,seg_4_8_92,True,False,possible_legal,0.0
920047,2014-08-22,12.000,5.540,5.540,116.6065,6.460,1.00000000,1.00000000,2014-04-01,SINA,seg_4_8_92,True,False,possible_legal,0.0
920047,2015-02-02,13.750,19.930,19.930,-31.0085,-6.180,1.00000000,1.00000000,2015-01-30,SINA,seg_4_8_92,True,False,possible_legal,0.0
920047,2015-02-03,25.650,13.750,13.750,86.5455,11.900,1.00000000,1.00000000,2015-02-02,SINA,seg_4_8_92,True,False,possible_legal,0.0
920047,2015-03-27,56.000,28.630,28.630,95.5990,27.370,1.00000000,1.00000000,2015-03-26,SINA,seg_4_8_92,True,False,possible_legal,0.0
920047,2015-03-31,32.030,53.800,53.800,-40.4647,-21.770,1.00000000,1.00000000,2015-03-30,SINA,seg_4_8_92,True,False,possible_legal,0.0
920047,2015-05-19,8.590,31.000,31.000,-72.2903,-22.410,1.00000000,1.00000000,2015-05-15,SINA,seg_4_8_92,True,False,possible_legal,0.0
920047,2015-05-20,32.200,8.590,8.590,274.8545,23.610,1.00000000,1.00000000,2015-05-19,SINA,seg_4_8_92,True,False,possible_legal,0.0
920047,2015-09-15,27.000,20.000,20.000,35.0000,7.000,1.00000000,1.00000000,2015-09-10,SINA,seg_4_8_92,True,False,possible_legal,0.0
920047,2015-09-23,14.200,21.750,21.750,-34.7126,-7.550,1.00000000,1.00000000,2015-09-18,SINA,seg_4_8_92,True,False,possible_legal,0.0
920047,2016-01-08,1.380,14.900,7.840,-90.7383,-13.520,1.00000000,,2016-01-04,SINA,seg_4_8_92,False,False,possible_legal,0.9005102040816327
920047,2016-01-11,14.950,1.380,1.380,983.3333,13.570,1.00000000,1.00000000,2016-01-08,SINA,seg_4_8_92,True,False,possible_legal,0.0
920047,2016-04-11,17.250,12.100,12.100,42.5620,5.150,1.00000000,1.00000000,2016-04-08,SINA,seg_4_8_92,True,False,possible_legal,0.0
920047,2016-04-27,7.890,,10.670,40.3900,2.270,,1.00000000,2016-04-26,AKSHARE,seg_4_8_92,False,False,possible_legal,
920047,2016-05-03,15.790,,12.500,139.9700,9.210,,1.00000000,2016-04-28,AKSHARE,seg_4_8_92,False,False,possible_legal,
920047,2016-07-05,30.000,12.000,6.320,150.0000,18.000,1.00000000,,2016-07-01,SINA,seg_4_8_92,False,False,possible_legal,0.8987341772151898
920047,2016-07-18,12.120,30.000,13.160,-59.6000,-17.880,1.00000000,,2016-07-15,SINA,seg_4_8_92,False,False,possible_legal,1.2796352583586625
920047,2016-11-16,18.000,12.100,12.100,48.7603,5.900,1.00000000,1.00000000,2016-11-15,SINA,seg_4_8_92,True,False,possible_legal,0.0
920047,2016-12-29,5.000,13.000,13.000,-61.5385,-8.000,1.00000000,1.00000000,2016-12-21,SINA,seg_4_8_92,True,False,possible_legal,0.0
920047,2016-12-30,6.320,,5.000,140.3000,3.690,,1.00000000,2016-12-29,AKSHARE,seg_4_8_92,False,False,possible_legal,
920047,2017-01-03,12.960,5.000,6.320,159.2000,7.960,1.00000000,,2016-12-30,SINA,seg_4_8_92,False,False,possible_legal,0.20886075949367092
920047,2017-07-07,11.500,6.000,6.000,91.6667,5.500,1.00000000,1.00000000,2017-06-28,SINA,seg_4_8_92,True,False,possible_legal,0.0
920047,2017-07-31,6.500,11.500,6.840,-43.4783,-5.000,1.00000000,,2017-07-18,SINA,seg_4_8_92,False,False,possible_legal,0.6812865497076024
920047,2017-08-16,6.320,,6.300,90.3600,3.000,,1.00000000,2017-08-11,AKSHARE,seg_4_8_92,False,False,possible_legal,
920047,2017-10-18,12.400,7.000,7.000,77.1429,5.400,1.00000000,1.00000000,2017-10-09,SINA,seg_4_8_92,True,False,possible_legal,0.0
920047,2017-11-03,8.000,12.400,12.400,-35.4839,-4.400,1.00000000,1.00000000,2017-10-18,SINA,seg_4_8_92,True,False,possible_legal,0.0
920047,2017-11-07,7.890,,8.000,87.4100,3.680,,1.00000000,2017-11-03,AKSHARE,seg_4_8_92,False,False,possible_legal,
920047,2017-12-04,15.000,8.500,4.470,76.4706,6.500,1.00000000,,2017-11-30,SINA,seg_4_8_92,False,False,possible_legal,0.9015659955257271
920047,2017-12-05,9.000,15.000,15.000,-40.0000,-6.000,1.00000000,1.00000000,2017-12-04,SINA,seg_4_8_92,True,False,possible_legal,0.0
920047,2018-04-03,10.000,6.910,6.910,44.7178,3.090,1.00000000,1.00000000,2018-04-02,SINA,seg_4_8_92,True,False,possible_legal,0.0
920047,2018-05-31,6.760,5.000,5.000,35.2000,1.760,1.00000000,1.00000000,2018-05-30,SINA,seg_4_8_92,True,False,possible_legal,0.0
920047,2018-08-09,6.320,,6.020,99.3700,3.150,,1.00000000,2018-08-08,AKSHARE,seg_4_8_92,False,False,possible_legal,
920047,2018-09-05,3.080,6.150,6.150,-49.9187,-3.070,1.00000000,1.00000000,2018-09-03,SINA,seg_4_8_92,True,False,possible_legal,0.0
920047,2018-09-06,6.150,3.080,3.080,99.6753,3.070,1.00000000,1.00000000,2018-09-05,SINA,seg_4_8_92,True,False,possible_legal,0.0
920047,2019-07-18,0.000,,6.730,-100.0000,,1.00000000,1.00000000,2019-07-09,SINA,seg_4_8_92,True,False,possible_legal,
920047,2019-09-16,4.500,8.500,8.500,-47.0588,-4.000,1.00000000,1.00000000,2019-09-12,SINA,seg_4_8_92,True,False,possible_legal,0.0
920047,2020-02-21,0.000,,3.950,-100.0000,,1.00000000,1.00000000,2020-02-20,SINA,seg_4_8_92,True,False,possible_legal,
920047,2020-04-14,8.880,4.500,4.500,97.3333,4.380,1.00000000,1.00000000,2020-04-13,SINA,seg_4_8_92,True,False,possible_legal,0.0
920047,2020-04-16,4.780,6.990,6.990,-31.6166,-2.210,1.00000000,1.00000000,2020-04-15,SINA,seg_4_8_92,True,False,possible_legal,0.0
920057,2016-11-23,15.980,,5.180,208.4900,10.800,,,2016-11-22,AKSHARE,seg_4_8_92,False,False,possible_legal,
920057,2018-04-17,8.930,,15.480,-42.3100,-6.550,,,2017-03-31,AKSHARE,seg_4_8_92,False,False,possible_legal,
920057,2018-05-22,5.870,,8.870,-33.8200,-3.000,,,2018-04-27,AKSHARE,seg_4_8_92,False,False,possible_legal,
920057,2018-08-06,3.730,,5.780,-35.4700,-2.050,,,2018-05-24,AKSHARE,seg_4_8_92,False,False,possible_legal,
920057,2018-11-19,3.130,,1.980,58.0800,1.150,,,2018-11-05,AKSHARE,seg_4_8_92,False,False,possible_legal,
920057,2018-11-21,5.410,,3.130,72.8400,2.280,,,2018-11-19,AKSHARE,seg_4_8_92,False,False,possible_legal,
920057,2020-09-11,2.730,,5.480,-50.1800,-2.750,,,2020-08-19,AKSHARE,seg_4_8_92,False,False,possible_legal,
920057,2020-09-18,4.850,,2.660,82.3300,2.190,,,2020-09-16,AKSHARE,seg_4_8_92,False,False,possible_legal,
920057,2020-10-12,2.480,,4.850,-48.8700,-2.370,,,2020-09-18,AKSHARE,seg_4_8_92,False,False,possible_legal,
920057,2020-12-22,2.740,,1.930,41.9700,0.810,,,2020-12-21,AKSHARE,seg_4_8_92,False,False,possible_legal,
920057,2020-12-25,2.680,,2.010,33.3300,0.670,,,2020-12-23,AKSHARE,seg_4_8_92,False,False,possible_legal,
920057,2021-02-22,5.280,,2.780,89.9300,2.500,,,2021-02-05,AKSHARE,seg_4_8_92,False,False,possible_legal,
920057,2021-03-03,3.640,,5.280,-31.0600,-1.640,,,2021-02-22,AKSHARE,seg_4_8_92,False,False,possible_legal,
920057,2021-07-28,6.480,,3.250,99.3800,3.230,,,2021-07-23,AKSHARE,seg_4_8_92,False,False,possible_legal,
920057,2021-08-04,3.490,,6.480,-46.1400,-2.990,,,2021-07-28,AKSHARE,seg_4_8_92,False,False,possible_legal,
920057,2021-11-05,5.490,,3.980,37.9400,1.510,,,2021-10-28,AKSHARE,seg_4_8_92,False,False,possible_legal,
920058,2020-04-10,-1.740,,,-112.7400,-15.400,,,,AKSHARE,seg_4_8_92,False,False,possible_legal,
920058,2020-05-25,-1.360,,-2.120,35.8500,0.760,,,2020-05-08,AKSHARE,seg_4_8_92,False,False,possible_legal,
920058,2020-07-07,-2.500,,-1.360,-83.8200,-1.140,,,2020-05-25,AKSHARE,seg_4_8_92,False,False,possible_legal,
920058,2020-07-29,-2.120,,-3.260,34.9700,1.140,,,2020-07-27,AKSHARE,seg_4_8_92,False,False,possible_legal,
920058,2020-07-30,-1.360,,-2.120,35.8500,0.760,,,2020-07-29,AKSHARE,seg_4_8_92,False,False,possible_legal,
920058,2020-08-03,-3.000,,-1.360,-120.5900,-1.640,,,2020-07-30,AKSHARE,seg_4_8_92,False,False,possible_legal,
920058,2020-08-05,-1.360,,-3.000,54.6700,1.640,,,2020-08-03,AKSHARE,seg_4_8_92,False,False,possible_legal,
920058,2021-09-14,0.960,,-1.360,170.5900,2.320,,,2020-08-31,AKSHARE,seg_4_8_92,False,False,possible_legal,
920058,2021-09-23,5.960,,0.960,520.8300,5.000,,,2021-09-14,AKSHARE,seg_4_8_92,False,False,possible_legal,
920058,2021-09-27,17.760,,6.860,158.8900,10.900,,,2021-09-24,AKSHARE,seg_4_8_92,False,False,possible_legal,
920058,2021-10-15,25.960,,17.960,44.5400,8.000,,,2021-10-08,AKSHARE,seg_4_8_92,False,False,possible_legal,
920058,2021-11-22,36.700,,26.080,40.7200,10.620,,,2021-11-05,AKSHARE,seg_4_8_92,False,False,possible_legal,
920058,2022-04-26,64.740,,41.740,55.1000,23.000,,,2022-04-25,AKSHARE,seg_4_8_92,False,False,possible_legal,
920058,2022-04-28,35.740,,74.740,-52.1800,-39.000,,,2022-04-27,AKSHARE,seg_4_8_92,False,False,possible_legal,
920058,2022-05-06,41.540,,26.240,58.3100,15.300,,,2022-04-29,AKSHARE,seg_4_8_92,False,False,possible_legal,
920058,2022-05-19,26.720,,41.540,-35.6800,-14.820,,,2022-05-06,AKSHARE,seg_4_8_92,False,False,possible_legal,
920061,2020-04-09,3.350,,,-56.8300,-4.410,,,,AKSHARE,seg_4_8_92,False,False,possible_legal,
920061,2020-04-24,5.850,,3.350,74.6300,2.500,,,2020-04-23,AKSHARE,seg_4_8_92,False,False,possible_legal,
920061,2020-10-20,2.270,,5.640,-59.7500,-3.370,,,2020-08-11,AKSHARE,seg_4_8_92,False,False,possible_legal,
920061,2020-10-21,4.850,,2.270,113.6600,2.580,,,2020-10-20,AKSHARE,seg_4_8_92,False,False,possible_legal,
920061,2021-07-23,1.990,,4.460,-55.3800,-2.470,,,2021-06-10,AKSHARE,seg_4_8_92,False,False,possible_legal,
920061,2021-07-26,3.400,,1.990,70.8500,1.410,,,2021-07-23,AKSHARE,seg_4_8_92,False,False,possible_legal,
920061,2021-09-14,5.090,,3.400,49.7100,1.690,,,2021-07-26,AKSHARE,seg_4_8_92,False,False,possible_legal,
920061,2021-10-26,3.130,,5.900,-46.9500,-2.770,,,2021-10-14,AKSHARE,seg_4_8_92,False,False,possible_legal,
920061,2021-10-27,5.080,,3.130,62.3000,1.950,,,2021-10-26,AKSHARE,seg_4_8_92,False,False,possible_legal,
920061,2022-06-22,8.250,,5.100,61.7600,3.150,,,2022-04-27,AKSHARE,seg_4_8_92,False,False,possible_legal,
920062,2016-01-06,1.100,,,-72.2900,-2.870,,,,AKSHARE,seg_4_8_92,False,False,possible_legal,
920062,2016-02-02,2.360,,1.100,114.5500,1.260,,,2016-01-28,AKSHARE,seg_4_8_92,False,False,possible_legal,
920062,2016-11-16,1.170,,2.730,-57.1400,-1.560,,,2016-08-15,AKSHARE,seg_4_8_92,False,False,possible_legal,
920062,2016-11-18,1.880,,1.170,60.6800,0.710,,,2016-11-16,AKSHARE,seg_4_8_92,False,False,possible_legal,
920062,2016-11-21,8.470,,1.880,350.5300,6.590,,,2016-11-18,AKSHARE,seg_4_8_92,False,False,possible_legal,
920062,2016-11-23,11.470,,8.470,35.4200,3.000,,,2016-11-21,AKSHARE,seg_4_8_92,False,False,possible_legal,
920062,2016-12-29,13.470,,9.470,42.2400,4.000,,,2016-12-28,AKSHARE,seg_4_8_92,False,False,possible_legal,
920062,2017-01-05,4.920,,9.580,-48.6400,-4.660,,,2017-01-04,AKSHARE,seg_4_8_92,False,False,possible_legal,
920062,2017-01-09,10.470,,5.130,104.0900,5.340,,,2017-01-06,AKSHARE,seg_4_8_92,False,False,possible_legal,
920062,2017-01-10,4.190,,10.470,-59.9800,-6.280,,,2017-01-09,AKSHARE,seg_4_8_92,False,False,possible_legal,
920062,2017-01-11,6.160,,4.190,47.0200,1.970,,,2017-01-10,AKSHARE,seg_4_8_92,False,False,possible_legal,
920062,2017-01-12,9.030,,6.160,46.5900,2.870,,,2017-01-11,AKSHARE,seg_4_8_92,False,False,possible_legal,
920062,2017-01-13,1.800,,9.030,-80.0700,-7.230,,,2017-01-12,AKSHARE,seg_4_8_92,False,False,possible_legal,
920062,2017-01-16,3.520,,1.800,95.5600,1.720,,,2017-01-13,AKSHARE,seg_4_8_92,False,False,possible_legal,
920062,2017-01-17,4.870,,3.520,38.3500,1.350,,,2017-01-16,AKSHARE,seg_4_8_92,False,False,possible_legal,
920062,2017-02-24,8.030,,4.450,80.4500,3.580,,,2017-02-23,AKSHARE,seg_4_8_92,False,False,possible_legal,
920062,2017-03-02,14.470,,8.030,80.2000,6.440,,,2017-02-24,AKSHARE,seg_4_8_92,False,False,possible_legal,
920062,2017-03-03,4.810,,14.470,-66.7600,-9.660,,,2017-03-02,AKSHARE,seg_4_8_92,False,False,possible_legal,
920062,2017-03-16,14.470,,5.040,187.1000,9.430,,,2017-03-14,AKSHARE,seg_4_8_92,False,False,possible_legal,
920062,2017-03-17,5.020,,14.470,-65.3100,-9.450,,,2017-03-16,AKSHARE,seg_4_8_92,False,False,possible_legal,
920062,2017-04-14,7.270,,5.010,45.1100,2.260,,,2017-04-11,AKSHARE,seg_4_8_92,False,False,possible_legal,
920062,2017-04-17,4.870,,7.270,-33.0100,-2.400,,,2017-04-14,AKSHARE,seg_4_8_92,False,False,possible_legal,
920062,2017-04-19,7.270,,4.870,49.2800,2.400,,,2017-04-18,AKSHARE,seg_4_8_92,False,False,possible_legal,
920062,2017-04-20,14.470,,7.270,99.0400,7.200,,,2017-04-19,AKSHARE,seg_4_8_92,False,False,possible_legal,
920062,2017-05-18,7.660,,14.470,-47.0600,-6.810,,,2017-04-27,AKSHARE,seg_4_8_92,False,False,possible_legal,
920062,2017-05-23,11.470,,7.660,49.7400,3.810,,,2017-05-18,AKSHARE,seg_4_8_92,False,False,possible_legal,
920062,2017-06-13,6.970,,14.470,-51.8300,-7.500,,,2017-05-24,AKSHARE,seg_4_8_92,False,False,possible_legal,
920062,2017-06-14,10.470,,6.970,50.2200,3.500,,,2017-06-13,AKSHARE,seg_4_8_92,False,False,possible_legal,
920062,2017-06-15,14.470,,10.470,38.2000,4.000,,,2017-06-14,AKSHARE,seg_4_8_92,False,False,possible_legal,
920062,2017-06-26,6.970,,14.470,-51.8300,-7.500,,,2017-06-15,AKSHARE,seg_4_8_92,False,False,possible_legal,
920062,2017-06-27,9.510,,6.970,36.4400,2.540,,,2017-06-26,AKSHARE,seg_4_8_92,False,False,possible_legal,
920062,2017-07-03,4.550,,6.820,-33.2800,-2.270,,,2017-06-30,AKSHARE,seg_4_8_92,False,False,possible_legal,
920062,2017-07-20,6.370,,4.370,45.7700,2.000,,,2017-07-19,AKSHARE,seg_4_8_92,False,False,possible_legal,
920062,2017-09-08,8.570,,4.070,110.5700,4.500,,,2017-09-05,AKSHARE,seg_4_8_92,False,False,possible_legal,
920062,2017-09-11,15.570,,8.570,81.6800,7.000,,,2017-09-08,AKSHARE,seg_4_8_92,False,False,possible_legal,
920062,2017-11-06,7.690,,15.770,-51.2400,-8.080,,,2017-09-22,AKSHARE,seg_4_8_92,False,False,possible_legal,
920062,2017-11-07,3.650,,7.690,-52.5400,-4.040,,,2017-11-06,AKSHARE,seg_4_8_92,False,False,possible_legal,
920062,2017-11-22,4.070,,2.570,58.3700,1.500,,,2017-11-14,AKSHARE,seg_4_8_92,False,False,possible_legal,
920062,2017-11-23,6.270,,4.070,54.0500,2.200,,,2017-11-22,AKSHARE,seg_4_8_92,False,False,possible_legal,
920062,2017-12-06,3.330,,5.570,-40.2200,-2.240,,,2017-11-28,AKSHARE,seg_4_8_92,False,False,possible_legal,
920062,2017-12-08,4.600,,3.330,38.1400,1.270,,,2017-12-06,AKSHARE,seg_4_8_92,False,False,possible_legal,
920062,2018-01-04,2.930,,4.600,-36.3000,-1.670,,,2017-12-08,AKSHARE,seg_4_8_92,False,False,possible_legal,
920062,2018-01-12,1.250,,2.930,-57.3400,-1.680,,,2018-01-04,AKSHARE,seg_4_8_92,False,False,possible_legal,
920062,2018-02-05,2.570,,1.250,105.6000,1.320,,,2018-01-12,AKSHARE,seg_4_8_92,False,False,possible_legal,
920062,2018-02-07,1.570,,2.570,-38.9100,-1.000,,,2018-02-05,AKSHARE,seg_4_8_92,False,False,possible_legal,
920062,2018-03-20,0.880,,1.570,-43.9500,-0.690,,,2018-03-05,AKSHARE,seg_4_8_92,False,False,possible_legal,
920062,2018-06-26,0.570,,1.080,-47.2200,-0.510,,,2018-06-25,AKSHARE,seg_4_8_92,False,False,possible_legal,
920062,2018-06-28,0.830,,0.570,45.6100,0.260,,,2018-06-26,AKSHARE,seg_4_8_92,False,False,possible_legal,
920062,2018-11-01,2.340,,1.190,96.6400,1.150,,,2018-09-28,AKSHARE,seg_4_8_92,False,False,possible_legal,
920062,2018-12-03,1.340,,2.340,-42.7400,-1.000,,,2018-11-01,AKSHARE,seg_4_8_92,False,False,possible_legal,
920062,2019-11-21,1.720,,1.230,39.8400,0.490,,,2019-11-20,AKSHARE,seg_4_8_92,False,False,possible_legal,
920062,2020-04-30,2.670,,2.010,32.8400,0.660,,,2020-01-20,AKSHARE,seg_4_8_92,False,False,possible_legal,
920062,2020-05-12,3.670,,2.670,37.4500,1.000,,,2020-05-08,AKSHARE,seg_4_8_92,False,False,possible_legal,
920062,2020-07-17,5.720,,4.170,37.1700,1.550,,,2020-07-15,AKSHARE,seg_4_8_92,False,False,possible_legal,
920062,2020-08-26,6.220,,4.620,34.6300,1.600,,,2020-08-20,AKSHARE,seg_4_8_92,False,False,possible_legal,
920062,2020-11-12,6.250,,4.670,33.8300,1.580,,,2020-11-11,AKSHARE,seg_4_8_92,False,False,possible_legal,
920062,2020-11-13,12.830,,6.250,105.2800,6.580,,,2020-11-12,AKSHARE,seg_4_8_92,False,False,possible_legal,
920062,2020-11-16,6.250,,12.830,-51.2900,-6.580,,,2020-11-13,AKSHARE,seg_4_8_92,False,False,possible_legal,
920062,2020-11-20,9.670,,5.470,76.7800,4.200,,,2020-11-18,AKSHARE,seg_4_8_92,False,False,possible_legal,
920062,2020-11-23,12.830,,9.670,32.6800,3.160,,,2020-11-20,AKSHARE,seg_4_8_92,False,False,possible_legal,
920062,2020-11-26,6.250,,12.830,-51.2900,-6.580,,,2020-11-23,AKSHARE,seg_4_8_92,False,False,possible_legal,
920062,2020-11-27,12.670,,6.250,102.7200,6.420,,,2020-11-26,AKSHARE,seg_4_8_92,False,False,possible_legal,
920062,2020-12-04,6.650,,12.670,-47.5100,-6.020,,,2020-11-27,AKSHARE,seg_4_8_92,False,False,possible_legal,
920062,2020-12-31,5.310,,3.970,33.7500,1.340,,,2020-12-24,AKSHARE,seg_4_8_92,False,False,possible_legal,
920062,2021-01-05,9.680,,4.870,98.7700,4.810,,,2021-01-04,AKSHARE,seg_4_8_92,False,False,possible_legal,
920062,2021-01-21,5.640,,9.680,-41.7400,-4.040,,,2021-01-05,AKSHARE,seg_4_8_92,False,False,possible_legal,
920062,2021-03-02,8.570,,5.070,69.0300,3.500,,,2021-02-03,AKSHARE,seg_4_8_92,False,False,possible_legal,
920062,2021-03-12,5.470,,8.570,-36.1700,-3.100,,,2021-03-02,AKSHARE,seg_4_8_92,False,False,possible_legal,
920062,2021-03-25,10.170,,5.270,92.9800,4.900,,,2021-03-18,AKSHARE,seg_4_8_92,False,False,possible_legal,
920062,2021-04-06,4.970,,10.170,-51.1300,-5.200,,,2021-03-25,AKSHARE,seg_4_8_92,False,False,possible_legal,
920062,2021-04-09,7.470,,5.270,41.7500,2.200,,,2021-04-08,AKSHARE,seg_4_8_92,False,False,possible_legal,
920062,2021-04-13,4.670,,7.170,-34.8700,-2.500,,,2021-04-12,AKSHARE,seg_4_8_92,False,False,possible_legal,
920062,2021-04-27,4.170,,6.110,-31.7500,-1.940,,,2021-04-15,AKSHARE,seg_4_8_92,False,False,possible_legal,
920062,2021-08-05,8.650,,4.170,107.4300,4.480,,,2021-07-30,AKSHARE,seg_4_8_92,False,False,possible_legal,
920062,2021-08-09,5.370,,8.650,-37.9200,-3.280,,,2021-08-05,AKSHARE,seg_4_8_92,False,False,possible_legal,
920062,2021-08-18,7.260,,5.360,35.4500,1.900,,,2021-08-17,AKSHARE,seg_4_8_92,False,False,possible_legal,
920062,2021-08-20,5.000,,7.260,-31.1300,-2.260,,,2021-08-18,AKSHARE,seg_4_8_92,False,False,possible_legal,
920075,2016-10-24,1.870,,,-82.0400,-8.540,,,,AKSHARE,seg_4_8_92,False,False,possible_legal,
920075,2016-12-08,2.470,,1.870,32.0900,0.600,,,2016-10-24,AKSHARE,seg_4_8_92,False,False,possible_legal,
920075,2016-12-21,4.870,,1.870,160.4300,3.000,,,2016-12-20,AKSHARE,seg_4_8_92,False,False,possible_legal,
920075,2016-12-27,6.870,,4.870,41.0700,2.000,,,2016-12-23,AKSHARE,seg_4_8_92,False,False,possible_legal,
920075,2016-12-29,0.370,,6.370,-94.1900,-6.000,,,2016-12-28,AKSHARE,seg_4_8_92,False,False,possible_legal,
920075,2016-12-30,3.870,,0.370,945.9500,3.500,,,2016-12-29,AKSHARE,seg_4_8_92,False,False,possible_legal,
920075,2017-01-03,0.370,,3.870,-90.4400,-3.500,,,2016-12-30,AKSHARE,seg_4_8_92,False,False,possible_legal,
920075,2017-01-04,11.870,,0.370,3108.1100,11.500,,,2017-01-03,AKSHARE,seg_4_8_92,False,False,possible_legal,
920075,2017-01-09,0.490,,11.870,-95.8700,-11.380,,,2017-01-04,AKSHARE,seg_4_8_92,False,False,possible_legal,
920075,2017-01-17,4.870,,0.370,1216.2200,4.500,,,2017-01-13,AKSHARE,seg_4_8_92,False,False,possible_legal,
920075,2017-01-18,11.870,,4.870,143.7400,7.000,,,2017-01-17,AKSHARE,seg_4_8_92,False,False,possible_legal,
920075,2017-01-23,2.870,,11.870,-75.8200,-9.000,,,2017-01-18,AKSHARE,seg_4_8_92,False,False,possible_legal,
920075,2018-08-07,3.180,,2.370,34.1800,0.810,,,2018-08-06,AKSHARE,seg_4_8_92,False,False,possible_legal,
920075,2018-11-20,3.900,,2.960,31.7600,0.940,,,2018-09-26,AKSHARE,seg_4_8_92,False,False,possible_legal,
920075,2019-03-14,2.110,,3.150,-33.0200,-1.040,,,2019-03-04,AKSHARE,seg_4_8_92,False,False,possible_legal,
920075,2019-03-15,1.290,,2.110,-38.8600,-0.820,,,2019-03-14,AKSHARE,seg_4_8_92,False,False,possible_legal,
920075,2020-04-16,6.790,,3.190,112.8500,3.600,,,2020-03-04,AKSHARE,seg_4_8_92,False,False,possible_legal,
920075,2020-04-20,2.840,,6.790,-58.1700,-3.950,,,2020-04-16,AKSHARE,seg_4_8_92,False,False,possible_legal,
920075,2020-06-04,3.840,,2.840,35.2100,1.000,,,2020-04-23,AKSHARE,seg_4_8_92,False,False,possible_legal,
920075,2020-08-26,1.840,,3.340,-44.9100,-1.500,,,2020-08-24,AKSHARE,seg_4_8_92,False,False,possible_legal,
920075,2020-09-25,5.330,,1.850,188.1100,3.480,,,2020-08-27,AKSHARE,seg_4_8_92,False,False,possible_legal,
920075,2020-10-19,2.340,,5.320,-56.0200,-2.980,,,2020-09-29,AKSHARE,seg_4_8_92,False,False,possible_legal,
920075,2020-10-23,3.620,,2.340,54.7000,1.280,,,2020-10-22,AKSHARE,seg_4_8_92,False,False,possible_legal,
920075,2020-10-28,5.840,,2.650,120.3800,3.190,,,2020-10-26,AKSHARE,seg_4_8_92,False,False,possible_legal,
920075,2020-11-23,8.100,,4.230,91.4900,3.870,,,2020-11-17,AKSHARE,seg_4_8_92,False,False,possible_legal,
920075,2020-12-04,16.210,,7.230,124.2000,8.980,,,2020-11-30,AKSHARE,seg_4_8_92,False,False,possible_legal,
920075,2020-12-07,7.330,,16.210,-54.7800,-8.880,,,2020-12-04,AKSHARE,seg_4_8_92,False,False,possible_legal,
920075,2021-09-10,6.220,,4.250,46.3500,1.970,,,2021-09-08,AKSHARE,seg_4_8_92,False,False,possible_legal,
920075,2021-10-14,10.400,,6.420,61.9900,3.980,,,2021-10-12,AKSHARE,seg_4_8_92,False,False,possible_legal,
920075,2021-10-21,14.410,,10.430,38.1600,3.980,,,2021-10-19,AKSHARE,seg_4_8_92,False,False,possible_legal,
920075,2021-11-05,8.420,,14.410,-41.5700,-5.990,,,2021-10-21,AKSHARE,seg_4_8_92,False,False,possible_legal,
920075,2021-11-09,18.410,,8.420,118.6500,9.990,,,2021-11-05,AKSHARE,seg_4_8_92,False,False,possible_legal,
920075,2021-11-19,7.370,,13.420,-45.0800,-6.050,,,2021-11-17,AKSHARE,seg_4_8_92,False,False,possible_legal,
920075,2021-12-08,14.420,,10.450,37.9900,3.970,,,2021-12-07,AKSHARE,seg_4_8_92,False,False,possible_legal,
920077,2019-01-23,0.000,,4.010,-100.0000,,1.00000000,1.00000000,2018-11-28,SINA,seg_4_8_92,True,False,possible_legal,
920077,2020-10-09,8.000,6.000,6.000,33.3333,2.000,1.00000000,1.00000000,2020-09-30,SINA,seg_4_8_92,True,False,possible_legal,0.0
920077,2020-10-16,9.860,6.000,6.000,64.3333,3.860,1.00000000,1.00000000,2020-10-15,SINA,seg_4_8_92,True,False,possible_legal,0.0
920077,2020-10-19,6.080,9.860,9.860,-38.3367,-3.780,1.00000000,1.00000000,2020-10-16,SINA,seg_4_8_92,True,False,possible_legal,0.0
920077,2020-10-29,0.000,,6.660,-100.0000,,1.00000000,1.00000000,2020-10-28,SINA,seg_4_8_92,True,False,possible_legal,
920077,2021-08-31,19.100,6.650,6.650,187.2180,12.450,1.00000000,1.00000000,2020-10-30,SINA,seg_4_8_92,True,False,possible_legal,0.0
920087,2015-03-02,1.880,,3.910,-51.9200,-2.030,,,2014-11-28,AKSHARE,seg_4_8_92,False,False,possible_legal,
920087,2015-03-04,0.730,,1.880,-61.1700,-1.150,,,2015-03-03,AKSHARE,seg_4_8_92,False,False,possible_legal,
920087,2015-03-09,1.880,,0.730,157.5300,1.150,,,2015-03-05,AKSHARE,seg_4_8_92,False,False,possible_legal,
920087,2015-03-10,0.730,,1.880,-61.1700,-1.150,,,2015-03-09,AKSHARE,seg_4_8_92,False,False,possible_legal,
920087,2015-03-11,4.430,,0.730,506.8500,3.700,,,2015-03-10,AKSHARE,seg_4_8_92,False,False,possible_legal,
920087,2015-03-20,3.730,,5.660,-34.1000,-1.930,,,2015-03-19,AKSHARE,seg_4_8_92,False,False,possible_legal,
920087,2015-03-24,5.990,,3.730,60.5900,2.260,,,2015-03-20,AKSHARE,seg_4_8_92,False,False,possible_legal,
920087,2015-03-27,9.330,,5.990,55.7600,3.340,,,2015-03-25,AKSHARE,seg_4_8_92,False,False,possible_legal,
920087,2015-04-01,16.430,,11.930,37.7200,4.500,,,2015-03-31,AKSHARE,seg_4_8_92,False,False,possible_legal,
920087,2015-04-02,-1.050,,16.430,-106.3900,-17.480,,,2015-04-01,AKSHARE,seg_4_8_92,False,False,possible_legal,
920087,2015-04-03,16.030,,-1.050,1626.6700,17.080,,,2015-04-02,AKSHARE,seg_4_8_92,False,False,possible_legal,
920087,2015-04-08,21.930,,16.030,36.8100,5.900,,,2015-04-03,AKSHARE,seg_4_8_92,False,False,possible_legal,
920087,2015-04-13,1.930,,23.830,-91.9000,-21.900,,,2015-04-09,AKSHARE,seg_4_8_92,False,False,possible_legal,
920087,2015-04-15,4.490,,1.930,132.6400,2.560,,,2015-04-14,AKSHARE,seg_4_8_92,False,False,possible_legal,
920087,2015-04-23,1.930,,4.490,-57.0200,-2.560,,,2015-04-15,AKSHARE,seg_4_8_92,False,False,possible_legal,
920087,2015-04-24,4.730,,1.930,145.0800,2.800,,,2015-04-23,AKSHARE,seg_4_8_92,False,False,possible_legal,
920087,2015-07-06,2.660,,4.430,-39.9500,-1.770,,,2015-05-21,AKSHARE,seg_4_8_92,False,False,possible_legal,
920087,2015-08-11,1.160,,2.660,-56.3900,-1.500,,,2015-07-06,AKSHARE,seg_4_8_92,False,False,possible_legal,
920087,2015-08-25,8.980,,1.160,674.1400,7.820,,,2015-08-11,AKSHARE,seg_4_8_92,False,False,possible_legal,
920087,2015-10-23,4.990,,8.960,-44.3100,-3.970,,,2015-09-16,AKSHARE,seg_4_8_92,False,False,possible_legal,
920087,2015-10-26,7.810,,4.990,56.5100,2.820,,,2015-10-23,AKSHARE,seg_4_8_92,False,False,possible_legal,
920087,2015-10-27,11.010,,7.810,40.9700,3.200,,,2015-10-26,AKSHARE,seg_4_8_92,False,False,possible_legal,
920087,2015-10-28,16.780,,11.010,52.4100,5.770,,,2015-10-27,AKSHARE,seg_4_8_92,False,False,possible_legal,
920087,2015-11-17,8.800,,16.780,-47.5600,-7.980,,,2015-10-28,AKSHARE,seg_4_8_92,False,False,possible_legal,
920087,2016-02-19,4.160,,8.800,-52.7300,-4.640,,,2015-11-17,AKSHARE,seg_4_8_92,False,False,possible_legal,
920087,2016-03-28,1.600,,4.160,-61.5400,-2.560,,,2016-02-19,AKSHARE,seg_4_8_92,False,False,possible_legal,
920087,2016-04-05,0.540,,1.600,-66.2500,-1.060,,,2016-03-28,AKSHARE,seg_4_8_92,False,False,possible_legal,
920087,2016-10-27,0.310,,0.540,-42.5900,-0.230,,,2016-04-05,AKSHARE,seg_4_8_92,False,False,possible_legal,
920087,2016-11-18,0.410,,0.310,32.2600,0.100,,,2016-11-04,AKSHARE,seg_4_8_92,False,False,possible_legal,
920087,2016-11-21,1.060,,0.410,158.5400,0.650,,,2016-11-18,AKSHARE,seg_4_8_92,False,False,possible_legal,
920087,2016-11-22,1.990,,1.060,87.7400,0.930,,,2016-11-21,AKSHARE,seg_4_8_92,False,False,possible_legal,
920087,2016-11-23,3.340,,1.990,67.8400,1.350,,,2016-11-22,AKSHARE,seg_4_8_92,False,False,possible_legal,
920087,2016-11-24,5.130,,3.340,53.5900,1.790,,,2016-11-23,AKSHARE,seg_4_8_92,False,False,possible_legal,
920087,2016-11-25,8.080,,5.130,57.5000,2.950,,,2016-11-24,AKSHARE,seg_4_8_92,False,False,possible_legal,
920087,2016-12-15,0.330,,8.080,-95.9200,-7.750,,,2016-11-25,AKSHARE,seg_4_8_92,False,False,possible_legal,
920087,2016-12-22,8.980,,0.310,2796.7700,8.670,,,2016-12-21,AKSHARE,seg_4_8_92,False,False,possible_legal,
920087,2017-01-12,3.980,,8.980,-55.6800,-5.000,,,2016-12-22,AKSHARE,seg_4_8_92,False,False,possible_legal,
920087,2017-01-17,6.430,,3.980,61.5600,2.450,,,2017-01-12,AKSHARE,seg_4_8_92,False,False,possible_legal,
920087,2017-05-02,2.730,,6.430,-57.5400,-3.700,,,2017-01-17,AKSHARE,seg_4_8_92,False,False,possible_legal,
920087,2017-12-27,1.030,,2.730,-62.2700,-1.700,,,2017-05-02,AKSHARE,seg_4_8_92,False,False,possible_legal,
920087,2019-11-27,2.950,,1.190,147.9000,1.760,,,2019-07-12,AKSHARE,seg_4_8_92,False,False,possible_legal,
920087,2019-12-26,6.690,,2.950,126.7800,3.740,,,2019-11-27,AKSHARE,seg_4_8_92,False,False,possible_legal,
920087,2020-03-23,2.940,,6.690,-56.0500,-3.750,,,2019-12-26,AKSHARE,seg_4_8_92,False,False,possible_legal,
920087,2020-04-17,6.990,,3.200,118.4400,3.790,,,2020-04-10,AKSHARE,seg_4_8_92,False,False,possible_legal,
920087,2020-04-23,7.190,,5.080,41.5400,2.110,,,2020-04-20,AKSHARE,seg_4_8_92,False,False,possible_legal,
920087,2020-04-28,9.190,,6.190,48.4700,3.000,,,2020-04-27,AKSHARE,seg_4_8_92,False,False,possible_legal,
920087,2020-05-18,19.190,,9.190,108.8100,10.000,,,2020-05-14,AKSHARE,seg_4_8_92,False,False,possible_legal,
920087,2022-01-26,9.350,,19.190,-51.2800,-9.840,,,2020-06-10,AKSHARE,seg_4_8_92,False,False,possible_legal,
920089,2018-12-21,0.000,,7.000,-100.0000,,1.00000000,1.00000000,2018-12-10,SINA,seg_4_8_92,True,False,possible_legal,
920089,2021-11-09,18.180,7.000,4.450,159.7143,11.180,1.00000000,,2021-05-24,SINA,seg_4_8_92,False,False,possible_legal,0.5730337078651685
920090,2012-10-26,2.000,5.000,5.000,-60.0000,-3.000,1.00000000,1.00000000,2011-12-12,SINA,seg_4_8_92,True,False,possible_legal,0.0
920090,2013-09-17,5.000,2.000,2.000,150.0000,3.000,1.00000000,1.00000000,2012-10-26,SINA,seg_4_8_92,True,False,possible_legal,0.0
920090,2014-05-20,2.650,5.000,5.000,-47.0000,-2.350,1.00000000,1.00000000,2013-09-17,SINA,seg_4_8_92,True,False,possible_legal,0.0
920090,2015-02-04,3.880,2.680,2.680,44.7761,1.200,1.00000000,1.00000000,2015-02-03,SINA,seg_4_8_92,True,False,possible_legal,0.0
920090,2015-03-10,5.330,4.040,4.040,31.9307,1.290,1.00000000,1.00000000,2015-03-09,SINA,seg_4_8_92,True,False,possible_legal,0.0
920090,2015-03-16,4.900,7.280,7.280,-32.6923,-2.380,1.00000000,1.00000000,2015-03-13,SINA,seg_4_8_92,True,False,possible_legal,0.0
920090,2015-03-20,6.990,4.910,4.910,42.3625,2.080,1.00000000,1.00000000,2015-03-19,SINA,seg_4_8_92,True,False,possible_legal,0.0
920090,2015-03-24,7.180,5.050,5.050,42.1782,2.130,1.00000000,1.00000000,2015-03-23,SINA,seg_4_8_92,True,False,possible_legal,0.0
920090,2015-04-27,10.110,6.750,6.750,49.7778,3.360,1.00000000,1.00000000,2015-04-17,SINA,seg_4_8_92,True,False,possible_legal,0.0
920090,2015-05-20,5.250,10.110,10.110,-48.0712,-4.860,1.00000000,1.00000000,2015-04-27,SINA,seg_4_8_92,True,False,possible_legal,0.0
920090,2015-06-12,6.190,4.600,4.600,34.5652,1.590,1.00000000,1.00000000,2015-06-11,SINA,seg_4_8_92,True,False,possible_legal,0.0
920090,2015-06-23,8.050,6.000,6.000,34.1667,2.050,1.00000000,1.00000000,2015-06-19,SINA,seg_4_8_92,True,False,possible_legal,0.0
920090,2018-04-19,0.000,,4.300,-100.0000,,1.00000000,1.00000000,2018-04-18,SINA,seg_4_8_92,True,False,possible_legal,
920090,2018-05-25,0.000,,3.990,-100.0000,,1.00000000,1.00000000,2018-05-18,SINA,seg_4_8_92,True,False,possible_legal,
920090,2018-06-11,0.000,,3.990,-100.0000,,1.00000000,1.00000000,2018-06-05,SINA,seg_4_8_92,True,False,possible_legal,
920090,2018-08-02,0.000,,3.800,-100.0000,,1.00000000,1.00000000,2018-07-20,SINA,seg_4_8_92,True,False,possible_legal,
920090,2019-08-29,3.490,6.980,6.980,-50.0000,-3.490,1.00000000,1.00000000,2019-06-03,SINA,seg_4_8_92,True,False,possible_legal,0.0
920090,2019-09-04,6.660,3.450,3.450,93.0435,3.210,1.00000000,1.00000000,2019-09-02,SINA,seg_4_8_92,True,False,possible_legal,0.0
920090,2019-11-15,0.000,,5.500,-100.0000,,1.00000000,1.00000000,2019-10-22,SINA,seg_4_8_92,True,False,possible_legal,
920090,2019-12-12,0.000,,2.430,-100.0000,,1.00000000,1.00000000,2019-12-11,SINA,seg_4_8_92,True,False,possible_legal,
920090,2020-01-03,0.000,,3.300,-100.0000,,1.00000000,1.00000000,2019-12-31,SINA,seg_4_8_92,True,False,possible_legal,
920090,2021-08-09,2.980,4.380,4.380,-31.9635,-1.400,1.00000000,1.00000000,2020-05-15,SINA,seg_4_8_92,True,False,possible_legal,0.0
920092,2018-03-20,3.450,,,-71.0300,-8.460,,,,AKSHARE,seg_4_8_92,False,False,possible_legal,
920092,2018-06-27,5.880,,3.740,57.2200,2.140,,,2018-03-21,AKSHARE,seg_4_8_92,False,False,possible_legal,
920092,2020-01-22,10.200,,7.300,39.7300,2.900,,,2020-01-07,AKSHARE,seg_4_8_92,False,False,possible_legal,
920092,2020-04-21,14.990,,10.990,36.4000,4.000,,,2020-04-01,AKSHARE,seg_4_8_92,False,False,possible_legal,
920092,2020-06-12,9.110,,14.600,-37.6000,-5.490,,,2020-04-29,AKSHARE,seg_4_8_92,False,False,possible_legal,
920092,2020-06-16,14.070,,10.380,35.5500,3.690,,,2020-06-15,AKSHARE,seg_4_8_92,False,False,possible_legal,
920092,2020-08-21,18.830,,14.220,32.4200,4.610,,,2020-07-10,AKSHARE,seg_4_8_92,False,False,possible_legal,
920110,2016-04-07,6.400,,,-64.2500,-11.500,,,,AKSHARE,seg_4_8_92,False,False,possible_legal,
920110,2016-06-21,10.900,,6.400,70.3100,4.500,,,2016-04-07,AKSHARE,seg_4_8_92,False,False,possible_legal,
920110,2016-06-22,16.400,,10.900,50.4600,5.500,,,2016-06-21,AKSHARE,seg_4_8_92,False,False,possible_legal,
920110,2016-06-23,23.400,,16.400,42.6800,7.000,,,2016-06-22,AKSHARE,seg_4_8_92,False,False,possible_legal,
920110,2016-08-29,6.400,,32.670,-80.4100,-26.270,,,2016-06-28,AKSHARE,seg_4_8_92,False,False,possible_legal,
920110,2016-10-20,9.700,,6.400,51.5600,3.300,,,2016-09-21,AKSHARE,seg_4_8_92,False,False,possible_legal,
920110,2018-08-30,2.980,,4.350,-31.4900,-1.370,,,2018-08-29,AKSHARE,seg_4_8_92,False,False,possible_legal,
920110,2018-11-07,1.620,,1.180,37.2900,0.440,,,2018-09-26,AKSHARE,seg_4_8_92,False,False,possible_legal,
920110,2019-04-23,0.120,,0.400,-70.0000,-0.280,,,2019-04-22,AKSHARE,seg_4_8_92,False,False,possible_legal,
920110,2019-05-13,0.090,,0.180,-50.0000,-0.090,,,2019-05-06,AKSHARE,seg_4_8_92,False,False,possible_legal,
920110,2019-05-20,0.150,,0.090,66.6700,0.060,,,2019-05-17,AKSHARE,seg_4_8_92,False,False,possible_legal,
920110,2019-05-21,0.100,,0.150,-33.3300,-0.050,,,2019-05-20,AKSHARE,seg_4_8_92,False,False,possible_legal,
920110,2019-05-23,0.060,,0.130,-53.8500,-0.070,,,2019-05-22,AKSHARE,seg_4_8_92,False,False,possible_legal,
920110,2019-05-29,0.110,,0.050,120.0000,0.060,,,2019-05-27,AKSHARE,seg_4_8_92,False,False,possible_legal,
920110,2019-05-31,-0.100,,0.110,-190.9100,-0.210,,,2019-05-29,AKSHARE,seg_4_8_92,False,False,possible_legal,
920110,2019-06-03,-0.300,,-0.100,-200.0000,-0.200,,,2019-05-31,AKSHARE,seg_4_8_92,False,False,possible_legal,
920110,2019-06-04,-0.450,,-0.300,-50.0000,-0.150,,,2019-06-03,AKSHARE,seg_4_8_92,False,False,possible_legal,
920110,2019-06-05,-0.080,,-0.450,82.2200,0.370,,,2019-06-04,AKSHARE,seg_4_8_92,False,False,possible_legal,
920110,2019-06-06,-0.020,,-0.080,75.0000,0.060,,,2019-06-05,AKSHARE,seg_4_8_92,False,False,possible_legal,
920110,2019-06-13,0.210,,-0.020,1150.0000,0.230,,,2019-06-06,AKSHARE,seg_4_8_92,False,False,possible_legal,
920110,2019-06-14,0.300,,0.210,42.8600,0.090,,,2019-06-13,AKSHARE,seg_4_8_92,False,False,possible_legal,
920110,2019-06-25,0.740,,0.530,39.6200,0.210,,,2019-06-24,AKSHARE,seg_4_8_92,False,False,possible_legal,
920110,2019-06-26,0.970,,0.740,31.0800,0.230,,,2019-06-25,AKSHARE,seg_4_8_92,False,False,possible_legal,
920110,2019-07-03,2.080,,1.430,45.4500,0.650,,,2019-07-02,AKSHARE,seg_4_8_92,False,False,possible_legal,
920110,2019-07-08,1.070,,1.850,-42.1600,-0.780,,,2019-07-05,AKSHARE,seg_4_8_92,False,False,possible_legal,
920110,2019-11-08,0.900,,1.730,-47.9800,-0.830,,,2019-10-29,AKSHARE,seg_4_8_92,False,False,possible_legal,
920110,2019-11-15,3.200,,0.900,255.5600,2.300,,,2019-11-13,AKSHARE,seg_4_8_92,False,False,possible_legal,
920110,2020-01-02,5.780,,3.400,70.0000,2.380,,,2019-12-10,AKSHARE,seg_4_8_92,False,False,possible_legal,
920110,2020-06-23,6.900,,4.700,46.8100,2.200,,,2020-06-05,AKSHARE,seg_4_8_92,False,False,possible_legal,
920110,2020-08-12,19.260,,8.080,138.3700,11.180,,,2020-08-11,AKSHARE,seg_4_8_92,False,False,possible_legal,
920110,2020-08-24,8.080,,19.260,-58.0500,-11.180,,,2020-08-12,AKSHARE,seg_4_8_92,False,False,possible_legal,
920110,2020-12-02,24.500,,11.600,111.2100,12.900,,,2020-09-18,AKSHARE,seg_4_8_92,False,False,possible_legal,
920110,2021-04-27,10.890,,24.500,-55.5500,-13.610,,,2020-12-02,AKSHARE,seg_4_8_92,False,False,possible_legal,
920110,2021-04-29,24.860,,10.880,128.4900,13.980,,,2021-04-28,AKSHARE,seg_4_8_92,False,False,possible_legal,
920110,2021-05-07,13.900,,24.860,-44.0900,-10.960,,,2021-04-29,AKSHARE,seg_4_8_92,False,False,possible_legal,
920110,2021-09-10,11.700,,7.810,49.8100,3.890,,,2021-09-06,AKSHARE,seg_4_8_92,False,False,possible_legal,
920110,2021-12-30,26.700,,15.700,70.0600,11.000,,,2021-12-28,AKSHARE,seg_4_8_92,False,False,possible_legal,
920110,2021-12-31,36.780,,26.700,37.7500,10.080,,,2021-12-30,AKSHARE,seg_4_8_92,False,False,possible_legal,
920110,2022-01-04,17.400,,36.780,-52.6900,-19.380,,,2021-12-31,AKSHARE,seg_4_8_92,False,False,possible_legal,
920110,2022-03-16,33.900,,18.000,88.3300,15.900,,,2022-03-15,AKSHARE,seg_4_8_92,False,False,possible_legal,
920110,2022-03-17,18.000,,33.900,-46.9000,-15.900,,,2022-03-16,AKSHARE,seg_4_8_92,False,False,possible_legal,
920110,2022-04-27,27.900,,15.890,75.5800,12.010,,,2022-04-26,AKSHARE,seg_4_8_92,False,False,possible_legal,
920122,2021-11-18,13.620,,8.630,57.8200,4.990,,,2021-11-08,AKSHARE,seg_4_8_92,False,False,possible_legal,
920122,2021-12-21,8.690,,13.620,-36.2000,-4.930,,,2021-11-18,AKSHARE,seg_4_8_92,False,False,possible_legal,
920122,2022-01-06,17.000,,8.690,95.6300,8.310,,,2021-12-21,AKSHARE,seg_4_8_92,False,False,possible_legal,
920122,2022-03-09,19.020,,29.020,-34.4600,-10.000,,,2022-02-28,AKSHARE,seg_4_8_92,False,False,possible_legal,
920123,2016-11-10,-0.050,,,-101.2300,-4.100,,,,AKSHARE,seg_4_8_92,False,False,possible_legal,
920123,2017-02-15,2.230,,-0.050,4560.0000,2.280,,,2016-11-10,AKSHARE,seg_4_8_92,False,False,possible_legal,
920123,2019-12-13,0.770,,1.380,-44.2000,-0.610,,,2019-12-12,AKSHARE,seg_4_8_92,False,False,possible_legal,
920123,2020-02-13,1.430,,0.810,76.5400,0.620,,,2019-12-19,AKSHARE,seg_4_8_92,False,False,possible_legal,
920123,2020-03-18,1.030,,1.580,-34.8100,-0.550,,,2020-03-16,AKSHARE,seg_4_8_92,False,False,possible_legal,
920123,2020-03-20,1.570,,1.030,52.4300,0.540,,,2020-03-18,AKSHARE,seg_4_8_92,False,False,possible_legal,
920123,2020-05-11,2.220,,1.620,37.0400,0.600,,,2020-05-08,AKSHARE,seg_4_8_92,False,False,possible_legal,
920123,2020-09-03,10.110,,7.510,34.6200,2.600,,,2020-09-02,AKSHARE,seg_4_8_92,False,False,possible_legal,
920130,2016-06-16,27.700,,,269.8300,20.210,,,,AKSHARE,seg_4_8_92,False,False,possible_legal,
920130,2016-06-23,9.370,,27.700,-66.1700,-18.330,,,2016-06-16,AKSHARE,seg_4_8_92,False,False,possible_legal,
920130,2016-12-12,29.370,,11.370,158.3100,18.000,,,2016-11-04,AKSHARE,seg_4_8_92,False,False,possible_legal,
920130,2017-06-01,13.540,,27.700,-51.1200,-14.160,,,2017-01-13,AKSHARE,seg_4_8_92,False,False,possible_legal,
920130,2017-06-02,6.460,,13.540,-52.2900,-7.080,,,2017-06-01,AKSHARE,seg_4_8_92,False,False,possible_legal,
920130,2017-06-28,13.550,,6.460,109.7500,7.090,,,2017-06-05,AKSHARE,seg_4_8_92,False,False,possible_legal,
920130,2017-06-29,27.700,,13.550,104.4300,14.150,,,2017-06-28,AKSHARE,seg_4_8_92,False,False,possible_legal,
920130,2017-08-30,47.370,,27.700,71.0100,19.670,,,2017-06-29,AKSHARE,seg_4_8_92,False,False,possible_legal,
920130,2019-02-18,7.370,,47.870,-84.6000,-40.500,,,2017-08-31,AKSHARE,seg_4_8_92,False,False,possible_legal,
920130,2019-06-24,11.370,,7.370,54.2700,4.000,,,2019-02-18,AKSHARE,seg_4_8_92,False,False,possible_legal,
920130,2019-07-11,15.370,,11.370,35.1800,4.000,,,2019-06-24,AKSHARE,seg_4_8_92,False,False,possible_legal,
920130,2020-07-30,15.690,,11.520,36.2000,4.170,,,2020-07-29,AKSHARE,seg_4_8_92,False,False,possible_legal,
920130,2021-01-27,19.520,,14.520,34.4400,5.000,,,2021-01-25,AKSHARE,seg_4_8_92,False,False,possible_legal,
920132,2021-12-15,1.150,,,-81.0500,-4.920,,,,AKSHARE,seg_4_8_92,False,False,possible_legal,
920132,2021-12-16,1.740,,1.150,51.3000,0.590,,,2021-12-15,AKSHARE,seg_4_8_92,False,False,possible_legal,
920132,2022-08-31,4.690,,2.170,116.1300,2.520,,,2022-07-01,AKSHARE,seg_4_8_92,False,False,possible_legal,
920139,2012-09-07,0.700,,,-94.7900,-12.740,,,,AKSHARE,seg_4_8_92,False,False,possible_legal,
920139,2013-01-18,0.530,,0.770,-31.1700,-0.240,,,2012-10-19,AKSHARE,seg_4_8_92,False,False,possible_legal,
920139,2013-02-26,0.720,,0.530,35.8500,0.190,,,2013-01-18,AKSHARE,seg_4_8_92,False,False,possible_legal,
920139,2014-10-28,1.280,,0.950,34.7400,0.330,,,2014-10-27,AKSHARE,seg_4_8_92,False,False,possible_legal,
920139,2015-02-03,0.570,,1.410,-59.5700,-0.840,,,2015-02-02,AKSHARE,seg_4_8_92,False,False,possible_legal,
920139,2015-02-04,1.350,,0.570,136.8400,0.780,,,2015-02-03,AKSHARE,seg_4_8_92,False,False,possible_legal,
920139,2015-03-18,-0.100,,2.490,-104.0200,-2.590,,,2015-03-17,AKSHARE,seg_4_8_92,False,False,possible_legal,
920139,2015-03-19,-0.350,,-0.100,-250.0000,-0.250,,,2015-03-18,AKSHARE,seg_4_8_92,False,False,possible_legal,
920139,2015-03-20,2.490,,-0.350,811.4300,2.840,,,2015-03-19,AKSHARE,seg_4_8_92,False,False,possible_legal,
920139,2015-03-31,3.840,,2.700,42.2200,1.140,,,2015-03-30,AKSHARE,seg_4_8_92,False,False,possible_legal,
920139,2015-04-24,4.700,,7.080,-33.6200,-2.380,,,2015-04-23,AKSHARE,seg_4_8_92,False,False,possible_legal,
920139,2015-05-20,5.760,,4.310,33.6400,1.450,,,2015-05-19,AKSHARE,seg_4_8_92,False,False,possible_legal,
920139,2015-07-07,1.680,,2.680,-37.3100,-1.000,,,2015-07-06,AKSHARE,seg_4_8_92,False,False,possible_legal,
920139,2015-07-09,2.830,,1.680,68.4500,1.150,,,2015-07-07,AKSHARE,seg_4_8_92,False,False,possible_legal,
920139,2015-08-13,10.210,,2.790,265.9500,7.420,,,2015-08-10,AKSHARE,seg_4_8_92,False,False,possible_legal,
920139,2015-08-14,2.940,,10.210,-71.2000,-7.270,,,2015-08-13,AKSHARE,seg_4_8_92,False,False,possible_legal,
920145,2015-09-07,13.150,,,66.4600,5.250,,,,AKSHARE,seg_4_8_92,False,False,possible_legal,
920145,2015-11-12,5.520,,13.150,-58.0200,-7.630,,,2015-09-07,AKSHARE,seg_4_8_92,False,False,possible_legal,
920145,2015-11-16,7.060,,5.190,36.0300,1.870,,,2015-11-13,AKSHARE,seg_4_8_92,False,False,possible_legal,
920145,2019-04-11,4.160,,6.480,-35.8000,-2.320,,,2019-01-22,AKSHARE,seg_4_8_92,False,False,possible_legal,
920145,2020-03-05,7.450,,4.550,63.7400,2.900,,,2019-12-02,AKSHARE,seg_4_8_92,False,False,possible_legal,
920145,2021-03-24,15.480,,9.470,63.4600,6.010,,,2021-03-23,AKSHARE,seg_4_8_92,False,False,possible_legal,
920145,2021-04-09,9.580,,15.480,-38.1100,-5.900,,,2021-03-24,AKSHARE,seg_4_8_92,False,False,possible_legal,
920145,2021-04-12,13.460,,9.580,40.5000,3.880,,,2021-04-09,AKSHARE,seg_4_8_92,False,False,possible_legal,
920146,2016-12-01,2.500,10.000,10.000,-75.0000,-7.500,1.00000000,1.00000000,2016-11-25,SINA,seg_4_8_92,True,False,possible_legal,0.0
920146,2016-12-06,2.600,1.750,1.750,48.5714,0.850,1.00000000,1.00000000,2016-12-05,SINA,seg_4_8_92,True,False,possible_legal,0.0
920146,2017-11-02,3.880,2.600,2.600,49.2308,1.280,1.00000000,1.00000000,2016-12-06,SINA,seg_4_8_92,True,False,possible_legal,0.0
920146,2019-05-14,3.300,,3.000,43.4800,1.000,,1.00000000,2019-05-08,AKSHARE,seg_4_8_92,False,False,possible_legal,
920146,2019-05-15,4.000,3.000,3.300,33.3333,1.000,1.00000000,,2019-05-14,SINA,seg_4_8_92,False,False,possible_legal,0.09090909090909086
920146,2019-07-05,0.000,,3.300,-100.0000,,1.00000000,,2019-06-14,SINA,seg_4_8_92,False,False,possible_legal,
920146,2019-07-12,0.000,,3.800,-100.0000,,1.00000000,1.00000000,2019-07-11,SINA,seg_4_8_92,True,False,possible_legal,
920146,2019-11-28,6.000,4.000,4.300,50.0000,2.000,1.00000000,,2019-07-23,SINA,seg_4_8_92,False,False,possible_legal,0.06976744186046507
920149,2018-11-07,0.000,,4.000,-100.0000,,1.00000000,1.00000000,2018-11-06,SINA,seg_4_8_92,True,False,possible_legal,
920149,2018-11-30,0.000,,4.040,-100.0000,,1.00000000,1.00000000,2018-11-28,SINA,seg_4_8_92,True,False,possible_legal,
920149,2018-12-12,0.000,,5.320,-100.0000,,1.00000000,1.00000000,2018-12-06,SINA,seg_4_8_92,True,False,possible_legal,
920149,2019-06-27,0.000,,7.020,-100.0000,,1.00000000,1.00000000,2019-05-29,SINA,seg_4_8_92,True,False,possible_legal,
920149,2019-12-26,0.000,,7.040,-100.0000,,1.00000000,1.00000000,2019-11-13,SINA,seg_4_8_92,True,False,possible_legal,
920149,2020-03-19,0.000,,7.680,-100.0000,,1.00000000,1.00000000,2020-03-04,SINA,seg_4_8_92,True,False,possible_legal,
920149,2020-05-06,0.000,,7.700,-100.0000,,1.00000000,1.00000000,2020-04-09,SINA,seg_4_8_92,True,False,possible_legal,
920152,2014-10-21,1.550,,,-72.6600,-4.120,,,,AKSHARE,seg_4_8_92,False,False,possible_legal,
920152,2014-10-28,0.550,,1.550,-64.5200,-1.000,,,2014-10-21,AKSHARE,seg_4_8_92,False,False,possible_legal,
920152,2014-11-03,1.550,,0.550,181.8200,1.000,,,2014-10-28,AKSHARE,seg_4_8_92,False,False,possible_legal,
920152,2015-07-06,4.550,,1.550,193.5500,3.000,,,2014-11-03,AKSHARE,seg_4_8_92,False,False,possible_legal,
920152,2015-10-29,0.970,,4.550,-78.6800,-3.580,,,2015-09-29,AKSHARE,seg_4_8_92,False,False,possible_legal,
920152,2015-10-30,4.550,,0.970,369.0700,3.580,,,2015-10-29,AKSHARE,seg_4_8_92,False,False,possible_legal,
920152,2015-11-19,6.550,,4.550,43.9600,2.000,,,2015-11-06,AKSHARE,seg_4_8_92,False,False,possible_legal,
920163,2018-06-06,8.670,13.000,13.000,-33.3077,-4.330,1.00000000,1.00000000,2018-03-22,SINA,seg_4_8_92,True,False,possible_legal,0.0
920163,2020-04-30,23.870,12.200,12.200,95.6557,11.670,1.00000000,1.00000000,2020-04-29,SINA,seg_4_8_92,True,False,possible_legal,0.0
920163,2020-07-27,7.490,14.790,14.790,-49.3577,-7.300,1.00000000,1.00000000,2020-05-08,SINA,seg_4_8_92,True,False,possible_legal,0.0
920167,2020-03-13,6.040,4.010,4.010,50.6234,2.030,1.00000000,1.00000000,2020-03-05,SINA,seg_4_8_92,True,False,possible_legal,0.0
920167,2020-03-24,8.010,6.040,6.040,32.6159,1.970,1.00000000,1.00000000,2020-03-13,SINA,seg_4_8_92,True,False,possible_legal,0.0
920167,2020-07-27,15.820,9.500,9.500,66.5263,6.320,1.00000000,1.00000000,2020-04-08,SINA,seg_4_8_92,True,False,possible_legal,0.0
920169,2020-09-10,3.540,,,-35.9900,-1.990,,,,AKSHARE,seg_4_8_92,False,False,possible_legal,
920169,2021-09-07,4.180,,6.530,-35.9900,-2.350,,,2021-06-04,AKSHARE,seg_4_8_92,False,False,possible_legal,
920169,2021-09-22,10.530,,5.040,108.9300,5.490,,,2021-09-13,AKSHARE,seg_4_8_92,False,False,possible_legal,
920171,2018-01-12,6.330,,3.330,90.0900,3.000,,,2018-01-08,AKSHARE,seg_4_8_92,False,False,possible_legal,
920171,2018-05-16,12.000,,7.990,50.1900,4.010,,,2018-05-15,AKSHARE,seg_4_8_92,False,False,possible_legal,
920171,2018-05-21,16.330,,12.000,36.0800,4.330,,,2018-05-16,AKSHARE,seg_4_8_92,False,False,possible_legal,
920171,2018-12-26,8.000,,16.330,-51.0100,-8.330,,,2018-05-21,AKSHARE,seg_4_8_92,False,False,possible_legal,
920171,2018-12-27,4.330,,8.000,-45.8800,-3.670,,,2018-12-26,AKSHARE,seg_4_8_92,False,False,possible_legal,
920171,2018-12-28,2.350,,4.330,-45.7300,-1.980,,,2018-12-27,AKSHARE,seg_4_8_92,False,False,possible_legal,
920171,2019-01-07,4.890,,2.350,108.0900,2.540,,,2018-12-28,AKSHARE,seg_4_8_92,False,False,possible_legal,
920171,2019-01-08,7.000,,4.890,43.1500,2.110,,,2019-01-07,AKSHARE,seg_4_8_92,False,False,possible_legal,
920171,2019-05-29,3.330,,7.000,-52.4300,-3.670,,,2019-01-08,AKSHARE,seg_4_8_92,False,False,possible_legal,
920171,2019-06-18,6.670,,3.330,100.3000,3.340,,,2019-05-29,AKSHARE,seg_4_8_92,False,False,possible_legal,
920171,2019-06-19,13.130,,6.670,96.8500,6.460,,,2019-06-18,AKSHARE,seg_4_8_92,False,False,possible_legal,
920171,2019-06-26,6.530,,13.130,-50.2700,-6.600,,,2019-06-19,AKSHARE,seg_4_8_92,False,False,possible_legal,
920171,2019-06-27,3.230,,6.530,-50.5400,-3.300,,,2019-06-26,AKSHARE,seg_4_8_92,False,False,possible_legal,
920171,2019-09-02,1.950,,3.250,-40.0000,-1.300,,,2019-07-03,AKSHARE,seg_4_8_92,False,False,possible_legal,
920171,2020-03-10,3.270,,2.470,32.3900,0.800,,,2020-01-22,AKSHARE,seg_4_8_92,False,False,possible_legal,
920171,2020-06-01,5.000,,3.270,52.9100,1.730,,,2020-05-14,AKSHARE,seg_4_8_92,False,False,possible_legal,
920171,2020-06-08,6.270,,4.470,40.2700,1.800,,,2020-06-04,AKSHARE,seg_4_8_92,False,False,possible_legal,
920171,2020-08-27,10.600,,6.530,62.3300,4.070,,,2020-08-26,AKSHARE,seg_4_8_92,False,False,possible_legal,
920171,2020-09-02,6.790,,10.600,-35.9400,-3.810,,,2020-08-27,AKSHARE,seg_4_8_92,False,False,possible_legal,
920171,2020-11-13,6.200,,4.530,36.8700,1.670,,,2020-11-12,AKSHARE,seg_4_8_92,False,False,possible_legal,
920174,2017-03-07,11.000,8.250,8.250,33.3333,2.750,1.00000000,1.00000000,2017-03-06,SINA,seg_4_8_92,True,False,possible_legal,0.0
920174,2017-03-16,8.510,13.420,13.420,-36.5872,-4.910,1.00000000,1.00000000,2017-03-15,SINA,seg_4_8_92,True,False,possible_legal,0.0
920174,2017-03-17,14.420,8.510,8.510,69.4477,5.910,1.00000000,1.00000000,2017-03-16,SINA,seg_4_8_92,True,False,possible_legal,0.0
920174,2018-07-02,5.790,16.400,16.400,-64.6951,-10.610,1.00000000,1.00000000,2017-05-15,SINA,seg_4_8_92,True,False,possible_legal,0.0
920174,2019-05-24,5.880,4.300,4.300,36.7442,1.580,1.00000000,1.00000000,2019-05-07,SINA,seg_4_8_92,True,False,possible_legal,0.0
920174,2019-07-18,4.830,,5.000,32.3300,1.180,,1.00000000,2019-06-28,AKSHARE,seg_4_8_92,False,False,possible_legal,
920174,2020-01-03,4.930,3.400,3.400,45.0000,1.530,1.00000000,1.00000000,2019-12-31,SINA,seg_4_8_92,True,False,possible_legal,0.0
920174,2020-07-16,8.180,5.150,5.150,58.8350,3.030,1.00000000,1.00000000,2020-07-14,SINA,seg_4_8_92,True,False,possible_legal,0.0
920175,2015-10-21,5.640,,,-54.8800,-6.860,,,,AKSHARE,seg_4_8_92,False,False,possible_legal,
920175,2015-10-26,3.640,,5.640,-35.4600,-2.000,,,2015-10-21,AKSHARE,seg_4_8_92,False,False,possible_legal,
920175,2015-11-05,2.930,,4.650,-36.9900,-1.720,,,2015-11-04,AKSHARE,seg_4_8_92,False,False,possible_legal,
920175,2015-11-06,7.740,,2.930,164.1600,4.810,,,2015-11-05,AKSHARE,seg_4_8_92,False,False,possible_legal,
920175,2015-11-10,9.050,,6.240,45.0300,2.810,,,2015-11-09,AKSHARE,seg_4_8_92,False,False,possible_legal,
920175,2015-11-17,3.640,,6.490,-43.9100,-2.850,,,2015-11-12,AKSHARE,seg_4_8_92,False,False,possible_legal,
920175,2015-11-19,3.110,,4.710,-33.9700,-1.600,,,2015-11-18,AKSHARE,seg_4_8_92,False,False,possible_legal,
920175,2015-11-20,-0.340,,3.110,-110.9300,-3.450,,,2015-11-19,AKSHARE,seg_4_8_92,False,False,possible_legal,
920175,2015-11-23,3.740,,-0.340,1200.0000,4.080,,,2015-11-20,AKSHARE,seg_4_8_92,False,False,possible_legal,
920175,2021-09-06,7.920,,4.890,61.9600,3.030,,,2021-09-03,AKSHARE,seg_4_8_92,False,False,possible_legal,
920179,2016-09-14,6.700,,,-65.9900,-13.000,,,,AKSHARE,seg_4_8_92,False,False,possible_legal,
920179,2016-09-23,3.380,,7.700,-56.1000,-4.320,,,2016-09-22,AKSHARE,seg_4_8_92,False,False,possible_legal,
920179,2016-09-26,6.500,,3.380,92.3100,3.120,,,2016-09-23,AKSHARE,seg_4_8_92,False,False,possible_legal,
920179,2016-12-14,3.910,,7.080,-44.7700,-3.170,,,2016-12-06,AKSHARE,seg_4_8_92,False,False,possible_legal,
920179,2016-12-16,7.300,,4.050,80.2500,3.250,,,2016-12-15,AKSHARE,seg_4_8_92,False,False,possible_legal,
920179,2016-12-19,2.200,,7.300,-69.8600,-5.100,,,2016-12-16,AKSHARE,seg_4_8_92,False,False,possible_legal,
920179,2016-12-20,7.200,,2.200,227.2700,5.000,,,2016-12-19,AKSHARE,seg_4_8_92,False,False,possible_legal,
920179,2020-04-02,9.850,,6.710,46.8000,3.140,,,2020-03-12,AKSHARE,seg_4_8_92,False,False,possible_legal,
920179,2020-04-03,14.710,,9.850,49.3400,4.860,,,2020-04-02,AKSHARE,seg_4_8_92,False,False,possible_legal,
920179,2020-04-10,19.450,,14.800,31.4200,4.650,,,2020-04-09,AKSHARE,seg_4_8_92,False,False,possible_legal,
920179,2020-08-18,47.700,,36.140,31.9900,11.560,,,2020-08-14,AKSHARE,seg_4_8_92,False,False,possible_legal,
920179,2021-06-01,12.300,,24.780,-50.3600,-12.480,,,2021-05-28,AKSHARE,seg_4_8_92,False,False,possible_legal,
920179,2021-06-02,24.800,,12.300,101.6300,12.500,,,2021-06-01,AKSHARE,seg_4_8_92,False,False,possible_legal,
920184,2018-04-27,0.000,,8.670,-100.0000,,1.00000000,1.00000000,2018-04-24,SINA,seg_4_8_92,True,False,possible_legal,
920184,2018-08-23,0.000,,7.050,-100.0000,,1.00000000,1.00000000,2018-08-22,SINA,seg_4_8_92,True,False,possible_legal,
920184,2018-09-04,0.000,,6.430,-100.0000,,1.00000000,1.00000000,2018-09-03,SINA,seg_4_8_92,True,False,possible_legal,
920184,2018-10-16,0.000,,4.640,-100.0000,,1.00000000,1.00000000,2018-10-12,SINA,seg_4_8_92,True,False,possible_legal,
920184,2019-06-10,0.000,,5.000,-100.0000,,1.00000000,1.00000000,2019-06-06,SINA,seg_4_8_92,True,False,possible_legal,
920184,2019-11-27,0.000,,10.110,-100.0000,,1.00000000,1.00000000,2019-11-25,SINA,seg_4_8_92,True,False,possible_legal,
920184,2019-12-20,0.000,,9.230,-100.0000,,1.00000000,1.00000000,2019-12-18,SINA,seg_4_8_92,True,False,possible_legal,
920184,2020-07-27,9.850,18.940,18.940,-47.9937,-9.090,1.00000000,1.00000000,2020-04-27,SINA,seg_4_8_92,True,False,possible_legal,0.0
920185,2016-05-18,28.080,56.000,56.000,-49.8571,-27.920,1.00000000,1.00000000,2016-05-17,SINA,seg_4_8_92,True,False,possible_legal,0.0
920185,2017-04-24,31.000,49.400,49.400,-37.2470,-18.400,1.00000000,1.00000000,2017-04-21,SINA,seg_4_8_92,True,False,possible_legal,0.0
920185,2018-06-01,12.560,19.220,19.220,-34.6514,-6.660,1.00000000,1.00000000,2018-05-31,SINA,seg_4_8_92,True,False,possible_legal,0.0
920190,2020-12-15,13.910,,21.610,-35.6300,-7.700,,,2020-11-19,AKSHARE,seg_4_8_92,False,False,possible_legal,
920190,2021-03-29,18.410,,12.160,51.4000,6.250,,,2021-01-12,AKSHARE,seg_4_8_92,False,False,possible_legal,
920195,2015-06-16,4.170,,,-60.2900,-6.330,,,,AKSHARE,seg_4_8_92,False,False,possible_legal,
920195,2015-06-29,5.620,,4.170,34.7700,1.450,,,2015-06-17,AKSHARE,seg_4_8_92,False,False,possible_legal,
920195,2015-06-30,8.420,,5.620,49.8200,2.800,,,2015-06-29,AKSHARE,seg_4_8_92,False,False,possible_legal,
920195,2019-09-20,1.030,,0.720,43.0600,0.310,,,2019-09-19,AKSHARE,seg_4_8_92,False,False,possible_legal,
920198,2014-12-08,6.800,10.000,10.000,-32.0000,-3.200,1.00000000,1.00000000,2012-12-31,SINA,seg_4_8_92,True,False,possible_legal,0.0
920198,2015-04-10,22.930,8.000,8.000,186.6250,14.930,1.00000000,1.00000000,2015-03-06,SINA,seg_4_8_92,True,False,possible_legal,0.0
920198,2015-06-18,8.000,20.000,20.000,-60.0000,-12.000,1.00000000,1.00000000,2015-04-22,SINA,seg_4_8_92,True,False,possible_legal,0.0
920198,2015-06-23,15.880,8.000,1.770,98.5000,7.880,1.00000000,,2015-06-19,SINA,seg_4_8_92,False,False,possible_legal,3.519774011299435
920198,2015-08-31,6.470,9.500,9.500,-31.8947,-3.030,1.00000000,1.00000000,2015-08-25,SINA,seg_4_8_92,True,False,possible_legal,0.0
920198,2017-01-18,15.190,10.620,10.620,43.0320,4.570,1.00000000,1.00000000,2017-01-17,SINA,seg_4_8_92,True,False,possible_legal,0.0
920198,2018-07-12,5.130,19.660,19.660,-73.9064,-14.530,1.00000000,1.00000000,2017-05-26,SINA,seg_4_8_92,True,False,possible_legal,0.0
920199,2017-12-29,-0.560,,,-102.5800,-22.250,,,,AKSHARE,seg_4_8_92,False,False,possible_legal,
920199,2022-05-11,34.480,,-0.560,6257.1400,35.040,,,2017-12-29,AKSHARE,seg_4_8_92,False,False,possible_legal,
920207,2016-10-28,1.250,,,-81.5100,-5.510,,,,AKSHARE,seg_4_8_92,False,False,possible_legal,
920207,2016-11-04,7.110,,1.250,468.8000,5.860,,,2016-10-28,AKSHARE,seg_4_8_92,False,False,possible_legal,
920207,2016-11-08,4.610,,7.110,-35.1600,-2.500,,,2016-11-04,AKSHARE,seg_4_8_92,False,False,possible_legal,
920207,2016-11-23,9.110,,5.110,78.2800,4.000,,,2016-11-22,AKSHARE,seg_4_8_92,False,False,possible_legal,
920207,2017-01-24,4.110,,9.110,-54.8800,-5.000,,,2016-11-23,AKSHARE,seg_4_8_92,False,False,possible_legal,
920207,2017-07-25,1.690,,4.110,-58.8800,-2.420,,,2017-01-24,AKSHARE,seg_4_8_92,False,False,possible_legal,
920207,2017-07-26,4.120,,1.690,143.7900,2.430,,,2017-07-25,AKSHARE,seg_4_8_92,False,False,possible_legal,
920207,2020-04-15,6.460,,2.960,118.2400,3.500,,,2019-12-02,AKSHARE,seg_4_8_92,False,False,possible_legal,
920207,2020-05-19,14.460,,6.960,107.7600,7.500,,,2020-05-13,AKSHARE,seg_4_8_92,False,False,possible_legal,
920207,2020-05-20,6.970,,14.460,-51.8000,-7.490,,,2020-05-19,AKSHARE,seg_4_8_92,False,False,possible_legal,
920207,2020-07-06,6.460,,9.460,-31.7100,-3.000,,,2020-07-02,AKSHARE,seg_4_8_92,False,False,possible_legal,
920207,2020-07-09,2.960,,6.460,-54.1800,-3.500,,,2020-07-06,AKSHARE,seg_4_8_92,False,False,possible_legal,
920207,2020-08-17,6.460,,2.960,118.2400,3.500,,,2020-07-09,AKSHARE,seg_4_8_92,False,False,possible_legal,
920207,2020-10-26,5.060,,9.460,-46.5100,-4.400,,,2020-09-08,AKSHARE,seg_4_8_92,False,False,possible_legal,
920207,2021-07-30,9.660,,5.660,70.6700,4.000,,,2021-07-16,AKSHARE,seg_4_8_92,False,False,possible_legal,
920207,2021-09-01,5.720,,9.660,-40.7900,-3.940,,,2021-08-25,AKSHARE,seg_4_8_92,False,False,possible_legal,
920207,2021-09-06,8.660,,5.720,51.4000,2.940,,,2021-09-01,AKSHARE,seg_4_8_92,False,False,possible_legal,
920208,2020-02-27,3.810,,,-75.2300,-11.570,,,,AKSHARE,seg_4_8_92,False,False,possible_legal,
920208,2020-06-04,10.950,,3.810,187.4000,7.140,,,2020-02-27,AKSHARE,seg_4_8_92,False,False,possible_legal,
920208,2020-06-08,15.920,,10.950,45.3900,4.970,,,2020-06-04,AKSHARE,seg_4_8_92,False,False,possible_legal,
920212,2018-07-20,20.010,9.230,3.970,116.7931,10.780,1.00000000,,2016-06-30,SINA,seg_4_8_92,False,False,possible_legal,1.3249370277078085
920212,2020-05-25,10.820,20.830,9.920,-48.0557,-10.010,1.00000000,,2020-04-27,SINA,seg_4_8_92,False,False,possible_legal,1.099798387096774
920221,2017-11-27,-0.210,,,-104.7700,-4.610,,,,AKSHARE,seg_4_8_92,False,False,possible_legal,
920221,2018-11-02,0.600,,-0.220,372.7300,0.820,,,2018-10-25,AKSHARE,seg_4_8_92,False,False,possible_legal,
920221,2020-11-23,1.930,,0.600,221.6700,1.330,,,2018-12-17,AKSHARE,seg_4_8_92,False,False,possible_legal,
920221,2020-11-24,2.680,,1.930,38.8600,0.750,,,2020-11-23,AKSHARE,seg_4_8_92,False,False,possible_legal,
920221,2020-11-25,3.930,,2.680,46.6400,1.250,,,2020-11-24,AKSHARE,seg_4_8_92,False,False,possible_legal,
920221,2021-03-11,5.750,,9.080,-36.6700,-3.330,,,2021-03-05,AKSHARE,seg_4_8_92,False,False,possible_legal,
920221,2021-03-12,3.250,,5.750,-43.4800,-2.500,,,2021-03-11,AKSHARE,seg_4_8_92,False,False,possible_legal,
920221,2021-04-09,2.000,,3.250,-38.4600,-1.250,,,2021-03-12,AKSHARE,seg_4_8_92,False,False,possible_legal,
920221,2021-07-28,1.080,,2.000,-46.0000,-0.920,,,2021-04-13,AKSHARE,seg_4_8_92,False,False,possible_legal,
920221,2021-07-29,3.070,,1.080,184.2600,1.990,,,2021-07-28,AKSHARE,seg_4_8_92,False,False,possible_legal,
920221,2021-10-08,6.580,,3.260,101.8400,3.320,,,2021-09-30,AKSHARE,seg_4_8_92,False,False,possible_legal,
920221,2022-08-05,11.920,,6.500,83.3800,5.420,,,2022-08-03,AKSHARE,seg_4_8_92,False,False,possible_legal,
920221,2022-08-17,6.930,,11.920,-41.8600,-4.990,,,2022-08-05,AKSHARE,seg_4_8_92,False,False,possible_legal,
920223,2021-08-25,6.490,,3.500,85.4300,2.990,,,2021-08-12,AKSHARE,seg_4_8_92,False,False,possible_legal,
920225,2016-01-25,0.670,2.700,2.700,-75.1852,-2.030,1.00000000,1.00000000,2015-08-12,SINA,seg_4_8_92,True,False,possible_legal,0.0
920225,2016-01-27,0.800,0.600,0.600,33.3333,0.200,1.00000000,1.00000000,2016-01-26,SINA,seg_4_8_92,True,False,possible_legal,0.0
920225,2016-01-28,1.200,0.800,0.800,50.0000,0.400,1.00000000,1.00000000,2016-01-27,SINA,seg_4_8_92,True,False,possible_legal,0.0
920225,2016-02-01,3.000,1.500,1.500,100.0000,1.500,1.00000000,1.00000000,2016-01-29,SINA,seg_4_8_92,True,False,possible_legal,0.0
920225,2016-02-04,5.000,3.000,3.000,66.6667,2.000,1.00000000,1.00000000,2016-02-01,SINA,seg_4_8_92,True,False,possible_legal,0.0
920225,2016-04-07,7.000,3.500,3.500,100.0000,3.500,1.00000000,1.00000000,2016-04-05,SINA,seg_4_8_92,True,False,possible_legal,0.0
920225,2016-04-08,4.150,7.000,7.000,-40.7143,-2.850,1.00000000,1.00000000,2016-04-07,SINA,seg_4_8_92,True,False,possible_legal,0.0
920225,2016-04-11,5.450,4.150,4.150,31.3253,1.300,1.00000000,1.00000000,2016-04-08,SINA,seg_4_8_92,True,False,possible_legal,0.0
920225,2016-05-06,6.900,5.000,5.000,38.0000,1.900,1.00000000,1.00000000,2016-05-05,SINA,seg_4_8_92,True,False,possible_legal,0.0
920225,2016-05-18,6.950,5.000,5.000,39.0000,1.950,1.00000000,1.00000000,2016-05-17,SINA,seg_4_8_92,True,False,possible_legal,0.0
920225,2016-05-26,2.020,,7.000,-34.6300,-1.070,,1.00000000,2016-05-24,AKSHARE,seg_4_8_92,False,False,possible_legal,
920225,2016-05-31,6.970,5.160,5.160,35.0775,1.810,1.00000000,1.00000000,2016-05-27,SINA,seg_4_8_92,True,False,possible_legal,0.0
920225,2016-06-22,4.500,7.000,7.000,-35.7143,-2.500,1.00000000,1.00000000,2016-06-20,SINA,seg_4_8_92,True,False,possible_legal,0.0
920225,2016-06-27,6.000,4.500,4.500,33.3333,1.500,1.00000000,1.00000000,2016-06-22,SINA,seg_4_8_92,True,False,possible_legal,0.0
920225,2016-07-28,2.950,5.850,5.850,-49.5726,-2.900,1.00000000,1.00000000,2016-07-22,SINA,seg_4_8_92,True,False,possible_legal,0.0
920225,2016-08-18,5.000,2.950,2.950,69.4915,2.050,1.00000000,1.00000000,2016-07-28,SINA,seg_4_8_92,True,False,possible_legal,0.0
920225,2016-08-24,7.000,5.000,5.000,40.0000,2.000,1.00000000,1.00000000,2016-08-18,SINA,seg_4_8_92,True,False,possible_legal,0.0
920225,2016-08-30,4.000,7.000,7.000,-42.8571,-3.000,1.00000000,1.00000000,2016-08-24,SINA,seg_4_8_92,True,False,possible_legal,0.0
920225,2016-09-08,1.150,4.000,4.000,-71.2500,-2.850,1.00000000,1.00000000,2016-08-30,SINA,seg_4_8_92,True,False,possible_legal,0.0
920225,2016-09-14,7.000,1.150,1.150,508.6957,5.850,1.00000000,1.00000000,2016-09-08,SINA,seg_4_8_92,True,False,possible_legal,0.0
920225,2016-09-20,2.600,7.000,7.000,-62.8571,-4.400,1.00000000,1.00000000,2016-09-14,SINA,seg_4_8_92,True,False,possible_legal,0.0
920225,2016-09-21,3.090,,2.600,317.5700,2.350,,1.00000000,2016-09-20,AKSHARE,seg_4_8_92,False,False,possible_legal,
920225,2016-10-24,3.500,2.600,3.090,34.6154,0.900,1.00000000,,2016-09-21,SINA,seg_4_8_92,False,False,possible_legal,0.1585760517799352
920225,2016-11-08,2.310,3.560,3.560,-35.1124,-1.250,1.00000000,1.00000000,2016-11-07,SINA,seg_4_8_92,True,False,possible_legal,0.0
920225,2016-11-09,3.560,2.310,2.310,54.1126,1.250,1.00000000,1.00000000,2016-11-08,SINA,seg_4_8_92,True,False,possible_legal,0.0
920225,2017-01-17,1.000,2.500,2.500,-60.0000,-1.500,1.00000000,1.00000000,2017-01-12,SINA,seg_4_8_92,True,False,possible_legal,0.0
920225,2017-01-20,2.230,1.000,1.000,123.0000,1.230,1.00000000,1.00000000,2017-01-17,SINA,seg_4_8_92,True,False,possible_legal,0.0
920225,2017-02-27,5.250,2.200,2.200,138.6364,3.050,1.00000000,1.00000000,2017-02-23,SINA,seg_4_8_92,True,False,possible_legal,0.0
920225,2017-03-08,2.500,5.250,5.250,-52.3810,-2.750,1.00000000,1.00000000,2017-02-27,SINA,seg_4_8_92,True,False,possible_legal,0.0
920225,2017-03-24,3.800,2.580,2.580,47.2868,1.220,1.00000000,1.00000000,2017-03-15,SINA,seg_4_8_92,True,False,possible_legal,0.0
920225,2017-07-20,1.050,2.070,2.070,-49.2754,-1.020,1.00000000,1.00000000,2017-05-26,SINA,seg_4_8_92,True,False,possible_legal,0.0
920225,2017-07-24,2.100,1.050,1.050,100.0000,1.050,1.00000000,1.00000000,2017-07-20,SINA,seg_4_8_92,True,False,possible_legal,0.0
920225,2017-10-11,3.500,2.100,2.100,66.6667,1.400,1.00000000,1.00000000,2017-07-31,SINA,seg_4_8_92,True,False,possible_legal,0.0
920225,2018-08-22,0.950,,2.000,126.1900,0.530,,1.00000000,2018-08-08,AKSHARE,seg_4_8_92,False,False,possible_legal,
920225,2018-10-30,2.630,2.000,0.960,31.5000,0.630,1.00000000,,2018-09-26,SINA,seg_4_8_92,False,False,possible_legal,1.0833333333333335
920225,2020-06-11,8.880,6.370,6.370,39.4035,2.510,1.00000000,1.00000000,2020-06-10,SINA,seg_4_8_92,True,False,possible_legal,0.0
920227,2017-05-02,-3.150,,,-114.3200,-25.150,,,,AKSHARE,seg_4_8_92,False,False,possible_legal,
920227,2022-02-25,17.050,,-3.140,642.9900,20.190,,,2017-10-18,AKSHARE,seg_4_8_92,False,False,possible_legal,
920227,2022-03-01,37.100,,17.050,117.6000,20.050,,,2022-02-25,AKSHARE,seg_4_8_92,False,False,possible_legal,
920230,2017-10-19,0.020,,,-99.7900,-9.440,,,,AKSHARE,seg_4_8_92,False,False,possible_legal,
920230,2018-02-08,0.290,,0.020,1350.0000,0.270,,,2017-11-22,AKSHARE,seg_4_8_92,False,False,possible_legal,
920230,2018-04-12,0.410,,0.290,41.3800,0.120,,,2018-02-08,AKSHARE,seg_4_8_92,False,False,possible_legal,
920230,2018-06-06,0.880,,0.420,109.5200,0.460,,,2018-04-13,AKSHARE,seg_4_8_92,False,False,possible_legal,
920230,2018-06-12,2.420,,0.880,175.0000,1.540,,,2018-06-06,AKSHARE,seg_4_8_92,False,False,possible_legal,
920230,2018-06-13,0.980,,2.420,-59.5000,-1.440,,,2018-06-12,AKSHARE,seg_4_8_92,False,False,possible_legal,
920230,2020-07-29,0.730,,1.420,-48.5900,-0.690,,,2020-07-22,AKSHARE,seg_4_8_92,False,False,possible_legal,
920230,2020-08-27,1.350,,0.730,84.9300,0.620,,,2020-07-29,AKSHARE,seg_4_8_92,False,False,possible_legal,
920230,2020-11-04,0.810,,1.350,-40.0000,-0.540,,,2020-08-27,AKSHARE,seg_4_8_92,False,False,possible_legal,
920230,2020-11-16,1.770,,0.830,113.2500,0.940,,,2020-11-11,AKSHARE,seg_4_8_92,False,False,possible_legal,
920230,2020-12-16,0.950,,1.780,-46.6300,-0.830,,,2020-11-18,AKSHARE,seg_4_8_92,False,False,possible_legal,
920230,2020-12-17,1.730,,0.950,82.1100,0.780,,,2020-12-16,AKSHARE,seg_4_8_92,False,False,possible_legal,
920230,2021-02-23,0.850,,1.730,-50.8700,-0.880,,,2020-12-17,AKSHARE,seg_4_8_92,False,False,possible_legal,
920230,2021-03-05,1.180,,0.850,38.8200,0.330,,,2021-02-23,AKSHARE,seg_4_8_92,False,False,possible_legal,
920230,2021-03-23,1.980,,1.480,33.7800,0.500,,,2021-03-12,AKSHARE,seg_4_8_92,False,False,possible_legal,
920230,2021-06-24,3.380,,2.310,46.3200,1.070,,,2021-06-10,AKSHARE,seg_4_8_92,False,False,possible_legal,
920230,2021-09-06,8.770,,4.150,111.3300,4.620,,,2021-09-03,AKSHARE,seg_4_8_92,False,False,possible_legal,
920230,2021-11-08,15.770,,7.760,103.2200,8.010,,,2021-11-04,AKSHARE,seg_4_8_92,False,False,possible_legal,
920237,2020-04-15,4.770,,,-53.2400,-5.430,,,,AKSHARE,seg_4_8_92,False,False,possible_legal,
920237,2020-07-14,2.670,,4.180,-36.1200,-1.510,,,2020-07-13,AKSHARE,seg_4_8_92,False,False,possible_legal,
920237,2020-07-30,6.090,,2.930,107.8500,3.160,,,2020-07-20,AKSHARE,seg_4_8_92,False,False,possible_legal,
920237,2020-09-24,2.680,,6.090,-55.9900,-3.410,,,2020-07-30,AKSHARE,seg_4_8_92,False,False,possible_legal,
920237,2020-09-25,4.930,,2.680,83.9600,2.250,,,2020-09-24,AKSHARE,seg_4_8_92,False,False,possible_legal,
920237,2021-04-20,7.880,,4.930,59.8400,2.950,,,2021-04-07,AKSHARE,seg_4_8_92,False,False,possible_legal,
920237,2021-04-30,4.940,,7.880,-37.3100,-2.940,,,2021-04-20,AKSHARE,seg_4_8_92,False,False,possible_legal,
920237,2021-08-24,7.430,,5.290,40.4500,2.140,,,2021-08-20,AKSHARE,seg_4_8_92,False,False,possible_legal,
920237,2021-09-08,9.860,,6.250,57.7600,3.610,,,2021-09-06,AKSHARE,seg_4_8_92,False,False,possible_legal,
920237,2021-10-18,13.940,,10.160,37.2000,3.780,,,2021-10-15,AKSHARE,seg_4_8_92,False,False,possible_legal,
920237,2021-12-01,8.320,,13.410,-37.9600,-5.090,,,2021-11-22,AKSHARE,seg_4_8_92,False,False,possible_legal,
920237,2021-12-08,14.460,,8.320,73.8000,6.140,,,2021-12-01,AKSHARE,seg_4_8_92,False,False,possible_legal,
920242,2017-08-07,72.000,50.000,50.000,44.0000,22.000,1.00000000,1.00000000,2017-08-04,SINA,seg_4_8_92,True,False,possible_legal,0.0
920242,2017-08-08,5.730,,72.000,-39.0400,-3.670,,1.00000000,2017-08-07,AKSHARE,seg_4_8_92,False,False,possible_legal,
920242,2017-09-28,40.000,72.000,5.730,-44.4444,-32.000,1.00000000,,2017-08-08,SINA,seg_4_8_92,False,False,possible_legal,11.56544502617801
920242,2017-10-13,20.000,40.000,40.000,-50.0000,-20.000,1.00000000,1.00000000,2017-10-09,SINA,seg_4_8_92,True,False,possible_legal,0.0
920242,2017-10-16,10.290,20.000,20.000,-48.5500,-9.710,1.00000000,1.00000000,2017-10-13,SINA,seg_4_8_92,True,False,possible_legal,0.0
920242,2017-12-11,20.000,10.290,10.290,94.3635,9.710,1.00000000,1.00000000,2017-10-16,SINA,seg_4_8_92,True,False,possible_legal,0.0
920242,2017-12-12,30.670,20.000,20.000,53.3500,10.670,1.00000000,1.00000000,2017-12-11,SINA,seg_4_8_92,True,False,possible_legal,0.0
920242,2018-10-09,5.400,28.460,28.460,-81.0260,-23.060,1.00000000,1.00000000,2018-02-13,SINA,seg_4_8_92,True,False,possible_legal,0.0
920242,2018-10-12,0.000,,5.400,-100.0000,,1.00000000,1.00000000,2018-10-09,SINA,seg_4_8_92,True,False,possible_legal,
920242,2019-02-20,0.000,,7.300,-100.0000,,1.00000000,1.00000000,2018-12-24,SINA,seg_4_8_92,True,False,possible_legal,
920242,2019-04-25,16.000,10.000,10.000,60.0000,6.000,1.00000000,1.00000000,2019-03-12,SINA,seg_4_8_92,True,False,possible_legal,0.0
920242,2019-05-10,0.000,,16.000,-100.0000,,1.00000000,1.00000000,2019-04-25,SINA,seg_4_8_92,True,False,possible_legal,
920242,2019-06-28,0.000,,10.200,-100.0000,,1.00000000,1.00000000,2019-06-25,SINA,seg_4_8_92,True,False,possible_legal,
920242,2019-07-03,0.000,,12.890,-100.0000,,1.00000000,1.00000000,2019-07-01,SINA,seg_4_8_92,True,False,possible_legal,
920242,2019-08-06,0.000,,12.500,-100.0000,,1.00000000,1.00000000,2019-07-23,SINA,seg_4_8_92,True,False,possible_legal,
920242,2019-12-12,0.000,,5.320,-100.0000,,1.00000000,,2019-12-10,SINA,seg_4_8_92,False,False,possible_legal,
920242,2020-02-10,0.000,,12.500,-100.0000,,1.00000000,1.00000000,2020-01-23,SINA,seg_4_8_92,True,False,possible_legal,
920245,2020-07-29,4.510,,,-50.8700,-4.670,,,,AKSHARE,seg_4_8_92,False,False,possible_legal,
920245,2021-06-10,7.500,,5.020,49.4000,2.480,,,2021-06-09,AKSHARE,seg_4_8_92,False,False,possible_legal,
920247,2020-10-28,0.230,,,-94.7800,-4.180,,,,AKSHARE,seg_4_8_92,False,False,possible_legal,
920247,2020-10-29,-0.110,,0.230,-147.8300,-0.340,,,2020-10-28,AKSHARE,seg_4_8_92,False,False,possible_legal,
920247,2022-04-12,0.290,,-0.110,363.6400,0.400,,,2020-10-29,AKSHARE,seg_4_8_92,False,False,possible_legal,
920247,2022-04-13,1.100,,0.290,279.3100,0.810,,,2022-04-12,AKSHARE,seg_4_8_92,False,False,possible_legal,
920247,2022-04-14,2.710,,1.100,146.3600,1.610,,,2022-04-13,AKSHARE,seg_4_8_92,False,False,possible_legal,
920247,2022-04-15,5.490,,2.710,102.5800,2.780,,,2022-04-14,AKSHARE,seg_4_8_92,False,False,possible_legal,
920249,2019-03-20,1.120,,0.850,31.7600,0.270,,,2019-03-19,AKSHARE,seg_4_8_92,False,False,possible_legal,
920249,2021-11-25,8.730,,6.180,41.2600,2.550,,,2021-11-24,AKSHARE,seg_4_8_92,False,False,possible_legal,
920252,2020-05-19,0.570,,,-87.2500,-3.900,,,,AKSHARE,seg_4_8_92,False,False,possible_legal,
920252,2020-06-10,0.810,,0.570,42.1100,0.240,,,2020-05-19,AKSHARE,seg_4_8_92,False,False,possible_legal,
920252,2021-03-01,1.870,,0.880,112.5000,0.990,,,2020-07-15,AKSHARE,seg_4_8_92,False,False,possible_legal,
920252,2021-07-21,4.380,,3.280,33.5400,1.100,,,2021-07-16,AKSHARE,seg_4_8_92,False,False,possible_legal,
920252,2021-09-06,7.520,,5.010,50.1000,2.510,,,2021-09-03,AKSHARE,seg_4_8_92,False,False,possible_legal,
920252,2021-09-24,10.030,,5.900,70.0000,4.130,,,2021-09-14,AKSHARE,seg_4_8_92,False,False,possible_legal,
920260,2017-06-19,0.100,,,-98.2400,-5.580,,,,AKSHARE,seg_4_8_92,False,False,possible_legal,
920260,2017-06-20,0.300,,0.100,200.0000,0.200,,,2017-06-19,AKSHARE,seg_4_8_92,False,False,possible_legal,
920260,2017-07-04,0.100,,0.300,-66.6700,-0.200,,,2017-06-22,AKSHARE,seg_4_8_92,False,False,possible_legal,
920260,2017-07-07,0.500,,0.100,400.0000,0.400,,,2017-07-06,AKSHARE,seg_4_8_92,False,False,possible_legal,
920260,2017-07-10,1.000,,0.500,100.0000,0.500,,,2017-07-07,AKSHARE,seg_4_8_92,False,False,possible_legal,
920260,2017-10-30,-0.030,,1.000,-103.0000,-1.030,,,2017-07-10,AKSHARE,seg_4_8_92,False,False,possible_legal,
920260,2018-01-19,0.200,,-0.080,350.0000,0.280,,,2017-12-29,AKSHARE,seg_4_8_92,False,False,possible_legal,
920260,2018-01-22,0.300,,0.200,50.0000,0.100,,,2018-01-19,AKSHARE,seg_4_8_92,False,False,possible_legal,
920260,2018-05-21,-0.200,,0.300,-166.6700,-0.500,,,2018-02-05,AKSHARE,seg_4_8_92,False,False,possible_legal,
920260,2019-07-10,1.260,,-0.200,730.0000,1.460,,,2018-05-21,AKSHARE,seg_4_8_92,False,False,possible_legal,
920260,2020-04-15,2.320,,1.330,74.4400,0.990,,,2019-07-12,AKSHARE,seg_4_8_92,False,False,possible_legal,
920260,2020-04-23,2.140,,1.630,31.2900,0.510,,,2020-04-22,AKSHARE,seg_4_8_92,False,False,possible_legal,
920260,2020-04-28,2.130,,1.580,34.8100,0.550,,,2020-04-27,AKSHARE,seg_4_8_92,False,False,possible_legal,
920260,2020-05-07,-0.040,,1.570,-102.5500,-1.610,,,2020-05-06,AKSHARE,seg_4_8_92,False,False,possible_legal,
920260,2020-05-08,1.600,,-0.040,4100.0000,1.640,,,2020-05-07,AKSHARE,seg_4_8_92,False,False,possible_legal,
920260,2020-07-10,2.980,,2.170,37.3300,0.810,,,2020-07-09,AKSHARE,seg_4_8_92,False,False,possible_legal,
920260,2020-07-14,4.430,,3.350,32.2400,1.080,,,2020-07-13,AKSHARE,seg_4_8_92,False,False,possible_legal,
920261,2016-05-24,0.320,,,-96.7400,-9.490,,,,AKSHARE,seg_4_8_92,False,False,possible_legal,
920261,2016-12-14,0.950,,0.360,163.8900,0.590,,,2016-12-12,AKSHARE,seg_4_8_92,False,False,possible_legal,
920261,2016-12-15,0.430,,0.950,-54.7400,-0.520,,,2016-12-14,AKSHARE,seg_4_8_92,False,False,possible_legal,
920261,2017-01-13,0.590,,0.390,51.2800,0.200,,,2017-01-12,AKSHARE,seg_4_8_92,False,False,possible_legal,
920261,2017-01-16,0.360,,0.590,-38.9800,-0.230,,,2017-01-13,AKSHARE,seg_4_8_92,False,False,possible_legal,
920261,2017-01-17,1.900,,0.360,427.7800,1.540,,,2017-01-16,AKSHARE,seg_4_8_92,False,False,possible_legal,
920261,2017-01-19,0.360,,1.900,-81.0500,-1.540,,,2017-01-17,AKSHARE,seg_4_8_92,False,False,possible_legal,
920261,2017-02-14,1.900,,0.360,427.7800,1.540,,,2017-01-24,AKSHARE,seg_4_8_92,False,False,possible_legal,
920261,2017-02-24,0.360,,1.900,-81.0500,-1.540,,,2017-02-16,AKSHARE,seg_4_8_92,False,False,possible_legal,
920261,2017-03-15,1.010,,0.360,180.5600,0.650,,,2017-03-08,AKSHARE,seg_4_8_92,False,False,possible_legal,
920261,2017-04-10,0.360,,1.750,-79.4300,-1.390,,,2017-03-31,AKSHARE,seg_4_8_92,False,False,possible_legal,
920261,2017-04-11,0.890,,0.360,147.2200,0.530,,,2017-04-10,AKSHARE,seg_4_8_92,False,False,possible_legal,
920261,2017-04-12,1.360,,0.890,52.8100,0.470,,,2017-04-11,AKSHARE,seg_4_8_92,False,False,possible_legal,
920261,2017-07-31,0.400,,1.420,-71.8300,-1.020,,,2017-07-17,AKSHARE,seg_4_8_92,False,False,possible_legal,
920261,2017-08-07,1.900,,0.400,375.0000,1.500,,,2017-07-31,AKSHARE,seg_4_8_92,False,False,possible_legal,
920261,2017-12-04,0.400,,1.650,-75.7600,-1.250,,,2017-11-16,AKSHARE,seg_4_8_92,False,False,possible_legal,
920261,2017-12-07,1.530,,0.400,282.5000,1.130,,,2017-12-04,AKSHARE,seg_4_8_92,False,False,possible_legal,
920261,2017-12-28,0.400,,1.530,-73.8600,-1.130,,,2017-12-07,AKSHARE,seg_4_8_92,False,False,possible_legal,
920261,2018-01-29,1.400,,0.400,250.0000,1.000,,,2017-12-28,AKSHARE,seg_4_8_92,False,False,possible_legal,
920261,2018-04-26,0.280,,1.030,-72.8200,-0.750,,,2018-04-24,AKSHARE,seg_4_8_92,False,False,possible_legal,
920261,2018-07-06,0.430,,0.280,53.5700,0.150,,,2018-04-27,AKSHARE,seg_4_8_92,False,False,possible_legal,
920261,2018-07-10,0.900,,0.430,109.3000,0.470,,,2018-07-06,AKSHARE,seg_4_8_92,False,False,possible_legal,
920261,2018-08-07,0.280,,1.030,-72.8200,-0.750,,,2018-08-06,AKSHARE,seg_4_8_92,False,False,possible_legal,
920261,2018-08-16,1.030,,0.280,267.8600,0.750,,,2018-08-07,AKSHARE,seg_4_8_92,False,False,possible_legal,
920261,2019-04-02,0.570,,0.430,32.5600,0.140,,,2019-03-27,AKSHARE,seg_4_8_92,False,False,possible_legal,
920261,2019-04-08,0.810,,0.570,42.1100,0.240,,,2019-04-02,AKSHARE,seg_4_8_92,False,False,possible_legal,
920262,2020-08-04,1.280,,,-82.0200,-5.840,,,,AKSHARE,seg_4_8_92,False,False,possible_legal,
920262,2021-10-15,3.720,,1.340,177.6100,2.380,,,2021-08-23,AKSHARE,seg_4_8_92,False,False,possible_legal,
920262,2022-02-07,11.770,,8.180,43.8900,3.590,,,2022-01-27,AKSHARE,seg_4_8_92,False,False,possible_legal,
920262,2022-04-14,18.890,,9.160,106.2200,9.730,,,2022-02-17,AKSHARE,seg_4_8_92,False,False,possible_legal,
920262,2022-05-06,9.210,,18.890,-51.2400,-9.680,,,2022-04-14,AKSHARE,seg_4_8_92,False,False,possible_legal,
920262,2022-05-16,19.470,,9.210,111.4000,10.260,,,2022-05-06,AKSHARE,seg_4_8_92,False,False,possible_legal,
920262,2022-06-22,9.210,,19.470,-52.7000,-10.260,,,2022-05-16,AKSHARE,seg_4_8_92,False,False,possible_legal,
920262,2022-06-27,6.140,,9.210,-33.3300,-3.070,,,2022-06-24,AKSHARE,seg_4_8_92,False,False,possible_legal,
920263,2016-07-06,10.000,4.000,4.000,150.0000,6.000,1.00000000,1.00000000,2016-07-01,SINA,seg_4_8_92,True,False,possible_legal,0.0
920263,2016-07-13,16.100,10.000,4.720,61.0000,6.100,1.00000000,,2016-07-07,SINA,seg_4_8_92,False,False,possible_legal,1.1186440677966103
920263,2017-06-07,8.550,13.170,13.170,-35.0797,-4.620,1.00000000,1.00000000,2017-06-06,SINA,seg_4_8_92,True,False,possible_legal,0.0
920263,2018-03-09,0.000,,8.510,-100.0000,,1.00000000,1.00000000,2018-03-08,SINA,seg_4_8_92,True,False,possible_legal,
920263,2019-08-22,0.000,,5.450,-100.0000,,1.00000000,1.00000000,2019-07-19,SINA,seg_4_8_92,True,False,possible_legal,
920263,2020-01-08,0.000,,5.560,-100.0000,,1.00000000,1.00000000,2020-01-07,SINA,seg_4_8_92,True,False,possible_legal,
920263,2020-03-18,0.000,,6.460,-100.0000,,1.00000000,1.00000000,2020-03-17,SINA,seg_4_8_92,True,False,possible_legal,
920263,2020-03-24,0.000,,6.600,-100.0000,,1.00000000,1.00000000,2020-03-20,SINA,seg_4_8_92,True,False,possible_legal,
920266,2016-01-04,17.800,12.000,10.950,48.3333,5.800,1.00000000,,2015-12-28,SINA,seg_4_8_92,False,False,possible_legal,0.09589041095890419
920266,2018-06-21,0.000,,10.970,-100.0000,,1.00000000,1.00000000,2018-06-20,SINA,seg_4_8_92,True,False,possible_legal,
920267,2016-04-12,-0.250,,,-101.7800,-14.260,,,,AKSHARE,seg_4_8_92,False,False,possible_legal,
920267,2018-02-07,0.450,,-0.250,280.0000,0.700,,,2016-04-26,AKSHARE,seg_4_8_92,False,False,possible_legal,
920267,2019-07-01,-0.850,,0.450,-288.8900,-1.300,,,2018-02-07,AKSHARE,seg_4_8_92,False,False,possible_legal,
920267,2019-07-15,0.950,,-0.850,211.7600,1.800,,,2019-07-01,AKSHARE,seg_4_8_92,False,False,possible_legal,
920267,2020-01-16,3.950,,0.950,315.7900,3.000,,,2019-07-15,AKSHARE,seg_4_8_92,False,False,possible_legal,
920267,2020-01-17,7.950,,3.950,101.2700,4.000,,,2020-01-16,AKSHARE,seg_4_8_92,False,False,possible_legal,
920267,2020-02-17,5.150,,7.950,-35.2200,-2.800,,,2020-01-20,AKSHARE,seg_4_8_92,False,False,possible_legal,
920267,2020-04-02,11.050,,6.450,71.3200,4.600,,,2020-04-01,AKSHARE,seg_4_8_92,False,False,possible_legal,
920267,2021-03-10,22.500,,12.100,85.9500,10.400,,,2021-03-09,AKSHARE,seg_4_8_92,False,False,possible_legal,
920267,2021-09-07,24.860,,16.700,48.8600,8.160,,,2021-08-31,AKSHARE,seg_4_8_92,False,False,possible_legal,
920267,2021-10-21,15.600,,22.690,-31.2500,-7.090,,,2021-10-11,AKSHARE,seg_4_8_92,False,False,possible_legal,
920267,2021-10-26,24.800,,18.800,31.9100,6.000,,,2021-10-25,AKSHARE,seg_4_8_92,False,False,possible_legal,
920270,2020-12-16,-0.910,,,-113.4200,-7.690,,,,AKSHARE,seg_4_8_92,False,False,possible_legal,
920270,2021-04-22,-0.430,,-0.910,52.7500,0.480,,,2020-12-30,AKSHARE,seg_4_8_92,False,False,possible_legal,
920270,2021-04-23,0.540,,-0.430,225.5800,0.970,,,2021-04-22,AKSHARE,seg_4_8_92,False,False,possible_legal,
920270,2021-04-26,2.350,,0.540,335.1900,1.810,,,2021-04-23,AKSHARE,seg_4_8_92,False,False,possible_legal,
920270,2022-01-28,4.660,,3.160,47.4700,1.500,,,2022-01-25,AKSHARE,seg_4_8_92,False,False,possible_legal,
920270,2022-03-08,6.380,,4.320,47.6900,2.060,,,2022-03-07,AKSHARE,seg_4_8_92,False,False,possible_legal,
920271,2018-12-04,-0.340,,,-105.9300,-6.070,,,,AKSHARE,seg_4_8_92,False,False,possible_legal,
920271,2018-12-12,0.470,,-0.340,238.2400,0.810,,,2018-12-04,AKSHARE,seg_4_8_92,False,False,possible_legal,
920271,2019-05-10,2.100,,0.470,346.8100,1.630,,,2018-12-12,AKSHARE,seg_4_8_92,False,False,possible_legal,
920271,2020-03-12,5.130,,2.100,144.2900,3.030,,,2019-05-14,AKSHARE,seg_4_8_92,False,False,possible_legal,
920271,2020-03-24,8.000,,5.450,46.7900,2.550,,,2020-03-13,AKSHARE,seg_4_8_92,False,False,possible_legal,
920271,2020-07-14,8.180,,5.910,38.4100,2.270,,,2020-06-29,AKSHARE,seg_4_8_92,False,False,possible_legal,
920271,2020-10-09,2.640,,6.030,-56.2200,-3.390,,,2020-07-24,AKSHARE,seg_4_8_92,False,False,possible_legal,
920271,2020-10-13,4.140,,2.640,56.8200,1.500,,,2020-10-09,AKSHARE,seg_4_8_92,False,False,possible_legal,
920271,2020-10-22,6.000,,3.970,51.1300,2.030,,,2020-10-20,AKSHARE,seg_4_8_92,False,False,possible_legal,
920271,2020-11-09,4.000,,6.000,-33.3300,-2.000,,,2020-10-26,AKSHARE,seg_4_8_92,False,False,possible_legal,
920271,2021-04-30,8.180,,4.000,104.5000,4.180,,,2020-11-09,AKSHARE,seg_4_8_92,False,False,possible_legal,
920271,2021-11-02,4.420,,8.730,-49.3700,-4.310,,,2021-10-25,AKSHARE,seg_4_8_92,False,False,possible_legal,
920271,2021-11-09,8.560,,4.420,93.6700,4.140,,,2021-11-02,AKSHARE,seg_4_8_92,False,False,possible_legal,
920271,2021-11-19,13.000,,8.560,51.8700,4.440,,,2021-11-09,AKSHARE,seg_4_8_92,False,False,possible_legal,
920271,2021-12-28,25.650,,17.550,46.1500,8.100,,,2021-12-27,AKSHARE,seg_4_8_92,False,False,possible_legal,
920273,2017-02-09,1.910,,,-73.9800,-5.430,,,,AKSHARE,seg_4_8_92,False,False,possible_legal,
920273,2019-06-26,5.200,,1.910,172.2500,3.290,,,2017-02-24,AKSHARE,seg_4_8_92,False,False,possible_legal,
920273,2022-02-15,16.110,,11.270,42.9500,4.840,,,2022-02-09,AKSHARE,seg_4_8_92,False,False,possible_legal,
920274,2020-09-21,13.320,,,80.0000,5.920,,,,AKSHARE,seg_4_8_92,False,False,possible_legal,
920274,2020-09-25,18.900,,13.320,41.8900,5.580,,,2020-09-21,AKSHARE,seg_4_8_92,False,False,possible_legal,
920275,2020-05-20,8.200,6.050,6.050,35.5372,2.150,1.00000000,1.00000000,2020-05-19,SINA,seg_4_8_92,True,False,possible_legal,0.0
920275,2020-05-25,5.500,8.200,8.200,-32.9268,-2.700,1.00000000,1.00000000,2020-05-20,SINA,seg_4_8_92,True,False,possible_legal,0.0
920275,2021-01-25,7.580,5.500,5.500,37.8182,2.080,1.00000000,1.00000000,2020-06-04,SINA,seg_4_8_92,True,False,possible_legal,0.0
920278,2016-01-11,1.460,1.030,1.030,41.7476,0.430,1.00000000,1.00000000,2016-01-08,SINA,seg_4_8_92,True,False,possible_legal,0.0
920278,2016-01-14,5.560,1.460,1.460,280.8219,4.100,1.00000000,1.00000000,2016-01-11,SINA,seg_4_8_92,True,False,possible_legal,0.0
920278,2018-12-04,0.000,,1.990,-100.0000,,1.00000000,1.00000000,2018-11-29,SINA,seg_4_8_92,True,False,possible_legal,
920278,2018-12-17,0.000,,2.000,-100.0000,,1.00000000,1.00000000,2018-12-05,SINA,seg_4_8_92,True,False,possible_legal,
920278,2018-12-21,0.000,,1.980,-100.0000,,1.00000000,1.00000000,2018-12-20,SINA,seg_4_8_92,True,False,possible_legal,
920278,2018-12-26,0.000,,1.950,-100.0000,,1.00000000,1.00000000,2018-12-25,SINA,seg_4_8_92,True,False,possible_legal,
920278,2019-06-19,0.000,,2.390,-100.0000,,1.00000000,1.00000000,2019-06-10,SINA,seg_4_8_92,True,False,possible_legal,
920278,2019-12-12,0.000,,4.000,-100.0000,,1.00000000,1.00000000,2019-11-28,SINA,seg_4_8_92,True,False,possible_legal,
920278,2020-03-04,6.000,4.390,4.390,36.6743,1.610,1.00000000,1.00000000,2020-03-03,SINA,seg_4_8_92,True,False,possible_legal,0.0
920278,2020-05-07,14.000,9.360,9.360,49.5726,4.640,1.00000000,1.00000000,2020-05-06,SINA,seg_4_8_92,True,False,possible_legal,0.0
920278,2020-07-27,7.580,11.000,11.000,-31.0909,-3.420,1.00000000,1.00000000,2020-05-12,SINA,seg_4_8_92,True,False,possible_legal,0.0
920284,2015-08-18,3.250,,,-41.6500,-2.320,,,,AKSHARE,seg_4_8_92,False,False,possible_legal,
920284,2016-01-08,0.080,,4.230,-98.1100,-4.150,,,2015-08-27,AKSHARE,seg_4_8_92,False,False,possible_legal,
920284,2016-02-03,2.190,,0.080,2637.5000,2.110,,,2016-01-29,AKSHARE,seg_4_8_92,False,False,possible_legal,
920284,2016-02-15,2.870,,2.190,31.0500,0.680,,,2016-02-03,AKSHARE,seg_4_8_92,False,False,possible_legal,
920284,2016-03-25,5.370,,2.660,101.8800,2.710,,,2016-03-08,AKSHARE,seg_4_8_92,False,False,possible_legal,
920284,2016-06-15,0.990,,4.040,-75.5000,-3.050,,,2016-06-14,AKSHARE,seg_4_8_92,False,False,possible_legal,
920284,2016-06-22,2.390,,0.990,141.4100,1.400,,,2016-06-20,AKSHARE,seg_4_8_92,False,False,possible_legal,
920284,2016-06-24,3.190,,2.390,33.4700,0.800,,,2016-06-22,AKSHARE,seg_4_8_92,False,False,possible_legal,
920284,2016-07-25,2.320,,3.840,-39.5800,-1.520,,,2016-07-11,AKSHARE,seg_4_8_92,False,False,possible_legal,
920284,2016-07-28,3.840,,2.370,62.0300,1.470,,,2016-07-26,AKSHARE,seg_4_8_92,False,False,possible_legal,
920284,2016-11-08,0.840,,5.040,-83.3300,-4.200,,,2016-11-07,AKSHARE,seg_4_8_92,False,False,possible_legal,
920284,2016-12-08,3.940,,0.840,369.0500,3.100,,,2016-12-06,AKSHARE,seg_4_8_92,False,False,possible_legal,
920284,2016-12-09,1.040,,3.940,-73.6000,-2.900,,,2016-12-08,AKSHARE,seg_4_8_92,False,False,possible_legal,
920284,2016-12-13,3.940,,1.040,278.8500,2.900,,,2016-12-09,AKSHARE,seg_4_8_92,False,False,possible_legal,
920284,2016-12-19,0.840,,3.940,-78.6800,-3.100,,,2016-12-15,AKSHARE,seg_4_8_92,False,False,possible_legal,
920284,2016-12-28,5.840,,0.840,595.2400,5.000,,,2016-12-19,AKSHARE,seg_4_8_92,False,False,possible_legal,
920284,2017-03-03,3.940,,5.840,-32.5300,-1.900,,,2016-12-28,AKSHARE,seg_4_8_92,False,False,possible_legal,
920284,2017-08-10,4.840,,7.140,-32.2100,-2.300,,,2017-06-01,AKSHARE,seg_4_8_92,False,False,possible_legal,
920284,2017-09-05,9.290,,6.390,45.3800,2.900,,,2017-09-01,AKSHARE,seg_4_8_92,False,False,possible_legal,
920284,2018-01-04,11.840,,17.840,-33.6300,-6.000,,,2017-10-30,AKSHARE,seg_4_8_92,False,False,possible_legal,
920284,2018-01-05,6.040,,11.840,-48.9900,-5.800,,,2018-01-04,AKSHARE,seg_4_8_92,False,False,possible_legal,
920284,2018-01-08,2.940,,6.040,-51.3200,-3.100,,,2018-01-05,AKSHARE,seg_4_8_92,False,False,possible_legal,
920284,2018-01-09,1.940,,2.940,-34.0100,-1.000,,,2018-01-08,AKSHARE,seg_4_8_92,False,False,possible_legal,
920284,2018-01-10,2.840,,1.940,46.3900,0.900,,,2018-01-09,AKSHARE,seg_4_8_92,False,False,possible_legal,
920284,2018-02-13,5.840,,2.840,105.6300,3.000,,,2018-01-12,AKSHARE,seg_4_8_92,False,False,possible_legal,
920284,2018-04-27,2.840,,5.840,-51.3700,-3.000,,,2018-03-02,AKSHARE,seg_4_8_92,False,False,possible_legal,
920284,2018-06-26,5.770,,2.840,103.1700,2.930,,,2018-04-27,AKSHARE,seg_4_8_92,False,False,possible_legal,
920284,2018-12-28,3.570,,7.270,-50.8900,-3.700,,,2018-08-03,AKSHARE,seg_4_8_92,False,False,possible_legal,
920284,2019-07-29,1.370,,2.870,-52.2600,-1.500,,,2019-05-30,AKSHARE,seg_4_8_92,False,False,possible_legal,
920284,2019-08-01,2.870,,1.370,109.4900,1.500,,,2019-07-29,AKSHARE,seg_4_8_92,False,False,possible_legal,
920284,2020-03-10,1.370,,2.870,-52.2600,-1.500,,,2020-01-22,AKSHARE,seg_4_8_92,False,False,possible_legal,
920284,2020-03-31,2.770,,1.340,106.7200,1.430,,,2020-03-23,AKSHARE,seg_4_8_92,False,False,possible_legal,
920284,2020-04-01,4.070,,2.770,46.9300,1.300,,,2020-03-31,AKSHARE,seg_4_8_92,False,False,possible_legal,
920284,2020-11-13,6.750,,4.030,67.4900,2.720,,,2020-11-05,AKSHARE,seg_4_8_92,False,False,possible_legal,
920284,2020-11-20,4.030,,5.870,-31.3500,-1.840,,,2020-11-19,AKSHARE,seg_4_8_92,False,False,possible_legal,
920284,2021-01-12,6.750,,4.870,38.6000,1.880,,,2021-01-06,AKSHARE,seg_4_8_92,False,False,possible_legal,
920284,2021-01-13,4.370,,6.750,-35.2600,-2.380,,,2021-01-12,AKSHARE,seg_4_8_92,False,False,possible_legal,
920284,2021-03-16,4.870,,3.370,44.5100,1.500,,,2021-03-15,AKSHARE,seg_4_8_92,False,False,possible_legal,
920284,2021-09-03,8.820,,5.970,47.7400,2.850,,,2021-09-01,AKSHARE,seg_4_8_92,False,False,possible_legal,
920284,2021-12-20,6.180,,12.370,-50.0400,-6.190,,,2021-12-17,AKSHARE,seg_4_8_92,False,False,possible_legal,
920284,2021-12-21,11.080,,6.180,79.2900,4.900,,,2021-12-20,AKSHARE,seg_4_8_92,False,False,possible_legal,
920284,2022-08-30,7.950,,5.950,33.6100,2.000,,,2022-08-29,AKSHARE,seg_4_8_92,False,False,possible_legal,
920299,2019-01-16,0.970,,,-80.6800,-4.050,,,,AKSHARE,seg_4_8_92,False,False,possible_legal,
920299,2020-05-20,1.810,,1.030,75.7300,0.780,,,2020-03-13,AKSHARE,seg_4_8_92,False,False,possible_legal,
920299,2020-08-24,1.680,,4.280,-60.7500,-2.600,,,2020-07-28,AKSHARE,seg_4_8_92,False,False,possible_legal,
920299,2020-09-03,2.380,,1.680,41.6700,0.700,,,2020-08-24,AKSHARE,seg_4_8_92,False,False,possible_legal,
920299,2021-03-02,5.860,,4.100,42.9300,1.760,,,2021-01-27,AKSHARE,seg_4_8_92,False,False,possible_legal,
920299,2021-06-17,2.830,,6.080,-53.4500,-3.250,,,2021-05-31,AKSHARE,seg_4_8_92,False,False,possible_legal,
920299,2021-06-21,4.210,,2.830,48.7600,1.380,,,2021-06-17,AKSHARE,seg_4_8_92,False,False,possible_legal,
920299,2021-06-22,8.210,,4.210,95.0100,4.000,,,2021-06-21,AKSHARE,seg_4_8_92,False,False,possible_legal,
920300,2015-03-24,12.830,,6.890,86.2100,5.940,,,2015-03-23,AKSHARE,seg_4_8_92,False,False,possible_legal,
920300,2015-04-10,6.990,,15.690,-55.4500,-8.700,,,2015-04-09,AKSHARE,seg_4_8_92,False,False,possible_legal,
920300,2015-04-13,15.430,,6.990,120.7400,8.440,,,2015-04-10,AKSHARE,seg_4_8_92,False,False,possible_legal,
920300,2015-05-05,4.130,,15.850,-73.9400,-11.720,,,2015-05-04,AKSHARE,seg_4_8_92,False,False,possible_legal,
920300,2015-05-06,14.310,,4.130,246.4900,10.180,,,2015-05-05,AKSHARE,seg_4_8_92,False,False,possible_legal,
920304,2020-03-04,0.980,,,-72.6300,-2.600,,,,AKSHARE,seg_4_8_92,False,False,possible_legal,
920304,2021-03-23,1.420,,0.930,52.6900,0.490,,,2021-03-12,AKSHARE,seg_4_8_92,False,False,possible_legal,
920304,2021-09-08,3.040,,1.230,147.1500,1.810,,,2021-09-07,AKSHARE,seg_4_8_92,False,False,possible_legal,
920304,2021-09-09,1.230,,3.040,-59.5400,-1.810,,,2021-09-08,AKSHARE,seg_4_8_92,False,False,possible_legal,
920304,2021-09-13,2.080,,1.230,69.1100,0.850,,,2021-09-09,AKSHARE,seg_4_8_92,False,False,possible_legal,
920304,2021-11-23,2.230,,1.230,81.3000,1.000,,,2021-11-17,AKSHARE,seg_4_8_92,False,False,possible_legal,
920304,2021-11-24,1.330,,2.230,-40.3600,-0.900,,,2021-11-23,AKSHARE,seg_4_8_92,False,False,possible_legal,
920304,2021-12-14,2.230,,1.330,67.6700,0.900,,,2021-11-24,AKSHARE,seg_4_8_92,False,False,possible_legal,
920304,2021-12-16,1.450,,2.250,-35.5600,-0.800,,,2021-12-15,AKSHARE,seg_4_8_92,False,False,possible_legal,
920304,2022-02-21,2.230,,1.390,60.4300,0.840,,,2022-01-24,AKSHARE,seg_4_8_92,False,False,possible_legal,
920304,2022-05-09,1.920,,1.430,34.2700,0.490,,,2022-04-27,AKSHARE,seg_4_8_92,False,False,possible_legal,
920304,2022-08-18,4.100,,2.800,46.4300,1.300,,,2022-08-17,AKSHARE,seg_4_8_92,False,False,possible_legal,
920304,2022-08-19,2.800,,4.100,-31.7100,-1.300,,,2022-08-18,AKSHARE,seg_4_8_92,False,False,possible_legal,
920304,2022-09-29,7.960,,4.950,60.8100,3.010,,,2022-09-27,AKSHARE,seg_4_8_92,False,False,possible_legal,
920339,2020-03-20,7.720,,,35.9200,2.040,,,,AKSHARE,seg_4_8_92,False,False,possible_legal,
920339,2021-09-02,5.200,,7.720,-32.6400,-2.520,,,2020-03-20,AKSHARE,seg_4_8_92,False,False,possible_legal,
920339,2021-09-07,3.190,,5.200,-38.6500,-2.010,,,2021-09-02,AKSHARE,seg_4_8_92,False,False,possible_legal,
920339,2021-09-15,3.300,,2.400,37.5000,0.900,,,2021-09-14,AKSHARE,seg_4_8_92,False,False,possible_legal,
920339,2021-09-16,1.800,,3.300,-45.4500,-1.500,,,2021-09-15,AKSHARE,seg_4_8_92,False,False,possible_legal,
920339,2021-09-23,1.200,,1.800,-33.3300,-0.600,,,2021-09-16,AKSHARE,seg_4_8_92,False,False,possible_legal,
920339,2021-09-24,3.000,,1.200,150.0000,1.800,,,2021-09-23,AKSHARE,seg_4_8_92,False,False,possible_legal,
920339,2021-10-08,7.100,,3.250,118.4600,3.850,,,2021-09-30,AKSHARE,seg_4_8_92,False,False,possible_legal,
920339,2021-10-11,3.250,,7.100,-54.2300,-3.850,,,2021-10-08,AKSHARE,seg_4_8_92,False,False,possible_legal,
920339,2021-10-12,2.060,,3.250,-36.6200,-1.190,,,2021-10-11,AKSHARE,seg_4_8_92,False,False,possible_legal,
920339,2021-10-18,1.000,,2.060,-51.4600,-1.060,,,2021-10-12,AKSHARE,seg_4_8_92,False,False,possible_legal,
920339,2021-10-26,2.600,,1.000,160.0000,1.600,,,2021-10-18,AKSHARE,seg_4_8_92,False,False,possible_legal,
920339,2021-10-28,1.000,,2.600,-61.5400,-1.600,,,2021-10-26,AKSHARE,seg_4_8_92,False,False,possible_legal,
920339,2021-11-01,2.600,,1.000,160.0000,1.600,,,2021-10-28,AKSHARE,seg_4_8_92,False,False,possible_legal,
920339,2021-11-02,5.800,,2.600,123.0800,3.200,,,2021-11-01,AKSHARE,seg_4_8_92,False,False,possible_legal,
920339,2021-11-24,9.160,,5.800,57.9300,3.360,,,2021-11-02,AKSHARE,seg_4_8_92,False,False,possible_legal,
920339,2021-12-01,4.520,,8.400,-46.1900,-3.880,,,2021-11-30,AKSHARE,seg_4_8_92,False,False,possible_legal,
920339,2021-12-02,2.580,,4.520,-42.9200,-1.940,,,2021-12-01,AKSHARE,seg_4_8_92,False,False,possible_legal,
920339,2021-12-06,1.000,,2.400,-58.3300,-1.400,,,2021-12-03,AKSHARE,seg_4_8_92,False,False,possible_legal,
920339,2021-12-09,2.600,,1.000,160.0000,1.600,,,2021-12-06,AKSHARE,seg_4_8_92,False,False,possible_legal,
920339,2021-12-10,5.790,,2.600,122.6900,3.190,,,2021-12-09,AKSHARE,seg_4_8_92,False,False,possible_legal,
920339,2021-12-14,9.140,,5.790,57.8600,3.350,,,2021-12-10,AKSHARE,seg_4_8_92,False,False,possible_legal,
920339,2021-12-20,4.260,,9.110,-53.2400,-4.850,,,2021-12-15,AKSHARE,seg_4_8_92,False,False,possible_legal,
920339,2021-12-22,2.400,,4.260,-43.6600,-1.860,,,2021-12-20,AKSHARE,seg_4_8_92,False,False,possible_legal,
920339,2021-12-28,4.650,,2.030,129.0600,2.620,,,2021-12-27,AKSHARE,seg_4_8_92,False,False,possible_legal,
920339,2022-01-05,2.400,,3.510,-31.6200,-1.110,,,2022-01-04,AKSHARE,seg_4_8_92,False,False,possible_legal,
920339,2022-01-06,4.200,,2.400,75.0000,1.800,,,2022-01-05,AKSHARE,seg_4_8_92,False,False,possible_legal,
920339,2022-01-19,1.400,,3.380,-58.5800,-1.980,,,2022-01-18,AKSHARE,seg_4_8_92,False,False,possible_legal,
920339,2022-01-20,3.290,,1.400,135.0000,1.890,,,2022-01-19,AKSHARE,seg_4_8_92,False,False,possible_legal,
920339,2022-03-18,2.000,,3.400,-41.1800,-1.400,,,2022-03-16,AKSHARE,seg_4_8_92,False,False,possible_legal,
920339,2022-03-21,4.580,,2.000,129.0000,2.580,,,2022-03-18,AKSHARE,seg_4_8_92,False,False,possible_legal,
920339,2022-03-24,1.990,,4.580,-56.5500,-2.590,,,2022-03-21,AKSHARE,seg_4_8_92,False,False,possible_legal,
920339,2022-03-25,2.700,,1.990,35.6800,0.710,,,2022-03-24,AKSHARE,seg_4_8_92,False,False,possible_legal,
920339,2022-03-30,3.800,,2.600,46.1500,1.200,,,2022-03-29,AKSHARE,seg_4_8_92,False,False,possible_legal,
920339,2022-05-18,6.260,,4.400,42.2700,1.860,,,2022-05-06,AKSHARE,seg_4_8_92,False,False,possible_legal,
920339,2022-05-25,7.180,,4.730,51.8000,2.450,,,2022-05-24,AKSHARE,seg_4_8_92,False,False,possible_legal,
920344,2017-06-09,1.900,3.800,3.800,-50.0000,-1.900,1.00000000,1.00000000,2017-02-27,SINA,seg_4_8_92,True,False,possible_legal,0.0
920344,2017-06-12,3.800,1.900,1.900,100.0000,1.900,1.00000000,1.00000000,2017-06-09,SINA,seg_4_8_92,True,False,possible_legal,0.0
920344,2020-01-15,15.010,3.900,3.900,284.8718,11.110,1.00000000,1.00000000,2017-12-19,SINA,seg_4_8_92,True,False,possible_legal,0.0
920344,2020-08-28,19.900,29.400,29.400,-32.3129,-9.500,1.00000000,1.00000000,2020-08-27,SINA,seg_4_8_92,True,False,possible_legal,0.0
920346,2016-05-18,2.060,,,-73.9200,-5.840,,,,AKSHARE,seg_4_8_92,False,False,possible_legal,
920346,2016-05-19,2.970,,2.060,44.1700,0.910,,,2016-05-18,AKSHARE,seg_4_8_92,False,False,possible_legal,
920346,2016-06-13,6.860,,2.970,130.9800,3.890,,,2016-05-19,AKSHARE,seg_4_8_92,False,False,possible_legal,
920346,2016-07-11,3.560,,6.860,-48.1000,-3.300,,,2016-06-13,AKSHARE,seg_4_8_92,False,False,possible_legal,
920346,2016-07-14,8.060,,3.560,126.4000,4.500,,,2016-07-11,AKSHARE,seg_4_8_92,False,False,possible_legal,
920346,2017-04-28,13.060,,8.060,62.0300,5.000,,,2016-07-14,AKSHARE,seg_4_8_92,False,False,possible_legal,
920346,2017-05-08,27.860,,13.060,113.3200,14.800,,,2017-04-28,AKSHARE,seg_4_8_92,False,False,possible_legal,
920346,2017-05-18,13.060,,27.860,-53.1200,-14.800,,,2017-05-16,AKSHARE,seg_4_8_92,False,False,possible_legal,
920346,2017-05-19,27.860,,13.060,113.3200,14.800,,,2017-05-18,AKSHARE,seg_4_8_92,False,False,possible_legal,
920346,2017-06-05,11.770,,22.060,-46.6500,-10.290,,,2017-06-01,AKSHARE,seg_4_8_92,False,False,possible_legal,
920346,2017-06-06,25.480,,11.770,116.4800,13.710,,,2017-06-05,AKSHARE,seg_4_8_92,False,False,possible_legal,
920346,2017-06-08,13.760,,27.860,-50.6100,-14.100,,,2017-06-07,AKSHARE,seg_4_8_92,False,False,possible_legal,
920346,2017-06-09,27.860,,13.760,102.4700,14.100,,,2017-06-08,AKSHARE,seg_4_8_92,False,False,possible_legal,
920346,2017-06-19,27.860,,19.380,43.7600,8.480,,,2017-06-16,AKSHARE,seg_4_8_92,False,False,possible_legal,
920346,2017-06-22,13.060,,27.860,-53.1200,-14.800,,,2017-06-20,AKSHARE,seg_4_8_92,False,False,possible_legal,
920346,2017-10-26,18.250,,13.250,37.7400,5.000,,,2017-10-25,AKSHARE,seg_4_8_92,False,False,possible_legal,
920346,2018-03-19,0.240,,13.250,-98.1900,-13.010,,,2018-01-12,AKSHARE,seg_4_8_92,False,False,possible_legal,
920346,2018-03-22,-0.250,,0.240,-204.1700,-0.490,,,2018-03-19,AKSHARE,seg_4_8_92,False,False,possible_legal,
920346,2018-03-26,1.250,,-0.250,600.0000,1.500,,,2018-03-22,AKSHARE,seg_4_8_92,False,False,possible_legal,
920346,2018-04-26,4.230,,1.240,241.1300,2.990,,,2018-04-11,AKSHARE,seg_4_8_92,False,False,possible_legal,
920346,2018-05-04,9.250,,4.230,118.6800,5.020,,,2018-04-26,AKSHARE,seg_4_8_92,False,False,possible_legal,
920346,2018-05-16,14.250,,9.250,54.0500,5.000,,,2018-05-04,AKSHARE,seg_4_8_92,False,False,possible_legal,
920346,2020-03-27,4.580,,9.850,-53.5000,-5.270,,,2018-11-01,AKSHARE,seg_4_8_92,False,False,possible_legal,
920346,2020-05-19,2.800,,4.590,-39.0000,-1.790,,,2020-05-12,AKSHARE,seg_4_8_92,False,False,possible_legal,
920346,2020-06-10,4.470,,2.500,78.8000,1.970,,,2020-06-03,AKSHARE,seg_4_8_92,False,False,possible_legal,
920346,2020-06-29,8.330,,6.180,34.7900,2.150,,,2020-06-23,AKSHARE,seg_4_8_92,False,False,possible_legal,
920346,2020-07-03,8.900,,6.500,36.9200,2.400,,,2020-07-01,AKSHARE,seg_4_8_92,False,False,possible_legal,
920351,2017-12-15,2.800,,,-62.6700,-4.700,,,,AKSHARE,seg_4_8_92,False,False,possible_legal,
920351,2018-04-04,5.500,,2.800,96.4300,2.700,,,2018-02-07,AKSHARE,seg_4_8_92,False,False,possible_legal,
920351,2019-11-12,4.710,,3.510,34.1900,1.200,,,2019-11-11,AKSHARE,seg_4_8_92,False,False,possible_legal,
920357,2022-01-28,9.250,,6.210,48.9500,3.040,,,2022-01-19,AKSHARE,seg_4_8_92,False,False,possible_legal,
920357,2022-04-07,10.020,,14.620,-31.4600,-4.600,,,2022-04-06,AKSHARE,seg_4_8_92,False,False,possible_legal,
920357,2022-05-12,11.170,,8.480,31.7200,2.690,,,2022-04-19,AKSHARE,seg_4_8_92,False,False,possible_legal,
920367,2021-04-07,5.860,,,-33.7900,-2.990,,,,AKSHARE,seg_4_8_92,False,False,possible_legal,
920367,2021-11-17,17.570,,9.810,79.1000,7.760,,,2021-11-15,AKSHARE,seg_4_8_92,False,False,possible_legal,
920367,2021-11-19,11.930,,17.570,-32.1000,-5.640,,,2021-11-17,AKSHARE,seg_4_8_92,False,False,possible_legal,
920367,2021-11-26,17.570,,11.930,47.2800,5.640,,,2021-11-19,AKSHARE,seg_4_8_92,False,False,possible_legal,
920367,2022-01-17,30.140,,18.140,66.1500,12.000,,,2021-12-09,AKSHARE,seg_4_8_92,False,False,possible_legal,
920367,2022-01-20,19.400,,30.140,-35.6300,-10.740,,,2022-01-17,AKSHARE,seg_4_8_92,False,False,possible_legal,
920367,2022-02-11,9.400,,19.400,-51.5500,-10.000,,,2022-01-20,AKSHARE,seg_4_8_92,False,False,possible_legal,
920367,2022-02-18,19.400,,9.400,106.3800,10.000,,,2022-02-11,AKSHARE,seg_4_8_92,False,False,possible_legal,
920367,2022-03-11,12.270,,19.400,-36.7500,-7.130,,,2022-02-18,AKSHARE,seg_4_8_92,False,False,possible_legal,
920368,2017-05-22,8.000,5.010,5.010,59.6806,2.990,1.00000000,1.00000000,2017-05-19,SINA,seg_4_8_92,True,False,possible_legal,0.0
920368,2017-07-06,9.500,7.000,7.000,35.7143,2.500,1.00000000,1.00000000,2017-06-16,SINA,seg_4_8_92,True,False,possible_legal,0.0
920368,2017-08-01,3.600,7.000,7.000,-48.5714,-3.400,1.00000000,1.00000000,2017-07-19,SINA,seg_4_8_92,True,False,possible_legal,0.0
920368,2017-08-02,1.810,3.600,3.600,-49.7222,-1.790,1.00000000,1.00000000,2017-08-01,SINA,seg_4_8_92,True,False,possible_legal,0.0
920368,2017-08-04,1.000,1.800,1.800,-44.4444,-0.800,1.00000000,1.00000000,2017-08-03,SINA,seg_4_8_92,True,False,possible_legal,0.0
920368,2017-08-07,1.900,1.000,1.000,90.0000,0.900,1.00000000,1.00000000,2017-08-04,SINA,seg_4_8_92,True,False,possible_legal,0.0
920368,2017-08-08,3.700,1.900,1.900,94.7368,1.800,1.00000000,1.00000000,2017-08-07,SINA,seg_4_8_92,True,False,possible_legal,0.0
920368,2017-08-10,6.900,3.500,3.500,97.1429,3.400,1.00000000,1.00000000,2017-08-09,SINA,seg_4_8_92,True,False,possible_legal,0.0
920368,2017-08-11,13.700,6.900,6.900,98.5507,6.800,1.00000000,1.00000000,2017-08-10,SINA,seg_4_8_92,True,False,possible_legal,0.0
920368,2017-08-14,26.000,13.700,13.700,89.7810,12.300,1.00000000,1.00000000,2017-08-11,SINA,seg_4_8_92,True,False,possible_legal,0.0
920368,2017-08-17,40.000,26.000,26.000,53.8462,14.000,1.00000000,1.00000000,2017-08-14,SINA,seg_4_8_92,True,False,possible_legal,0.0
920368,2017-09-20,20.990,41.980,41.980,-50.0000,-20.990,1.00000000,1.00000000,2017-09-19,SINA,seg_4_8_92,True,False,possible_legal,0.0
920368,2017-09-21,10.500,20.990,20.990,-49.9762,-10.490,1.00000000,1.00000000,2017-09-20,SINA,seg_4_8_92,True,False,possible_legal,0.0
920368,2017-09-22,21.000,10.500,10.500,100.0000,10.500,1.00000000,1.00000000,2017-09-21,SINA,seg_4_8_92,True,False,possible_legal,0.0
920368,2017-09-25,41.700,21.000,21.000,98.5714,20.700,1.00000000,1.00000000,2017-09-22,SINA,seg_4_8_92,True,False,possible_legal,0.0
920368,2017-10-24,21.000,42.000,42.000,-50.0000,-21.000,1.00000000,1.00000000,2017-10-10,SINA,seg_4_8_92,True,False,possible_legal,0.0
920368,2018-04-17,10.150,20.300,20.300,-50.0000,-10.150,1.00000000,1.00000000,2018-03-05,SINA,seg_4_8_92,True,False,possible_legal,0.0
920368,2018-04-24,14.000,9.500,9.500,47.3684,4.500,1.00000000,1.00000000,2018-04-19,SINA,seg_4_8_92,True,False,possible_legal,0.0
920368,2018-11-29,17.970,10.750,10.750,67.1628,7.220,1.00000000,1.00000000,2018-11-27,SINA,seg_4_8_92,True,False,possible_legal,0.0
920368,2018-12-10,11.200,17.970,17.970,-37.6739,-6.770,1.00000000,1.00000000,2018-11-29,SINA,seg_4_8_92,True,False,possible_legal,0.0
920368,2019-03-29,0.000,,15.450,-100.0000,,1.00000000,1.00000000,2019-03-28,SINA,seg_4_8_92,True,False,possible_legal,
920368,2019-07-26,0.000,,14.950,-100.0000,,1.00000000,1.00000000,2019-07-25,SINA,seg_4_8_92,True,False,possible_legal,
920370,2015-03-13,8.000,6.000,6.000,33.3333,2.000,1.00000000,1.00000000,2015-03-11,SINA,seg_4_8_92,True,False,possible_legal,0.0
920370,2015-03-20,15.000,6.000,6.000,150.0000,9.000,1.00000000,1.00000000,2015-03-19,SINA,seg_4_8_92,True,False,possible_legal,0.0
920370,2015-03-24,7.670,15.000,15.000,-48.8667,-7.330,1.00000000,1.00000000,2015-03-20,SINA,seg_4_8_92,True,False,possible_legal,0.0
920370,2015-03-31,19.800,6.000,6.000,230.0000,13.800,1.00000000,1.00000000,2015-03-30,SINA,seg_4_8_92,True,False,possible_legal,0.0
920370,2015-04-01,1.930,19.800,19.800,-90.2525,-17.870,1.00000000,1.00000000,2015-03-31,SINA,seg_4_8_92,True,False,possible_legal,0.0
920370,2015-04-02,1.000,1.930,1.930,-48.1865,-0.930,1.00000000,1.00000000,2015-04-01,SINA,seg_4_8_92,True,False,possible_legal,0.0
920370,2015-04-03,16.200,1.000,1.000,1520.0000,15.200,1.00000000,1.00000000,2015-04-02,SINA,seg_4_8_92,True,False,possible_legal,0.0
920370,2016-01-27,8.880,20.500,20.500,-56.6829,-11.620,1.00000000,1.00000000,2016-01-26,SINA,seg_4_8_92,True,False,possible_legal,0.0
920370,2017-07-07,15.000,8.000,8.000,87.5000,7.000,1.00000000,1.00000000,2017-07-06,SINA,seg_4_8_92,True,False,possible_legal,0.0
920370,2017-07-10,8.810,15.000,15.000,-41.2667,-6.190,1.00000000,1.00000000,2017-07-07,SINA,seg_4_8_92,True,False,possible_legal,0.0
920370,2017-09-14,5.000,10.000,10.000,-50.0000,-5.000,1.00000000,1.00000000,2017-09-04,SINA,seg_4_8_92,True,False,possible_legal,0.0
920370,2018-07-20,2.450,4.900,4.900,-50.0000,-2.450,1.00000000,1.00000000,2018-05-10,SINA,seg_4_8_92,True,False,possible_legal,0.0
920370,2018-07-23,1.410,2.450,2.450,-42.4490,-1.040,1.00000000,1.00000000,2018-07-20,SINA,seg_4_8_92,True,False,possible_legal,0.0
920370,2018-07-25,2.400,1.410,1.410,70.2128,0.990,1.00000000,1.00000000,2018-07-23,SINA,seg_4_8_92,True,False,possible_legal,0.0
920370,2018-09-03,4.000,3.000,3.000,33.3333,1.000,1.00000000,1.00000000,2018-08-16,SINA,seg_4_8_92,True,False,possible_legal,0.0
920370,2019-12-25,2.330,3.870,3.870,-39.7933,-1.540,1.00000000,1.00000000,2019-12-03,SINA,seg_4_8_92,True,False,possible_legal,0.0
920370,2019-12-26,3.800,2.330,2.330,63.0901,1.470,1.00000000,1.00000000,2019-12-25,SINA,seg_4_8_92,True,False,possible_legal,0.0
920370,2020-01-02,8.300,4.170,4.170,99.0408,4.130,1.00000000,1.00000000,2019-12-27,SINA,seg_4_8_92,True,False,possible_legal,0.0
920370,2020-01-07,5.500,8.300,8.300,-33.7349,-2.800,1.00000000,1.00000000,2020-01-02,SINA,seg_4_8_92,True,False,possible_legal,0.0
920370,2020-02-03,10.080,5.050,5.050,99.6040,5.030,1.00000000,1.00000000,2020-01-14,SINA,seg_4_8_92,True,False,possible_legal,0.0
920370,2020-02-06,5.040,10.080,10.080,-50.0000,-5.040,1.00000000,1.00000000,2020-02-03,SINA,seg_4_8_92,True,False,possible_legal,0.0
920370,2020-07-27,5.190,7.990,7.990,-35.0438,-2.800,1.00000000,1.00000000,2020-05-08,SINA,seg_4_8_92,True,False,possible_legal,0.0
920371,2022-03-29,1.300,,,-40.9100,-0.900,,,,AKSHARE,seg_4_8_92,False,False,possible_legal,
920371,2022-03-31,1.950,,1.300,50.0000,0.650,,,2022-03-29,AKSHARE,seg_4_8_92,False,False,possible_legal,
920371,2022-05-27,5.600,,2.700,107.4100,2.900,,,2022-05-20,AKSHARE,seg_4_8_92,False,False,possible_legal,
920371,2022-05-30,3.060,,5.600,-45.3600,-2.540,,,2022-05-27,AKSHARE,seg_4_8_92,False,False,possible_legal,
920374,2019-01-15,1.350,,,-86.0200,-8.310,,,,AKSHARE,seg_4_8_92,False,False,possible_legal,
920374,2019-04-02,2.050,,1.350,51.8500,0.700,,,2019-01-15,AKSHARE,seg_4_8_92,False,False,possible_legal,
920374,2019-04-04,3.110,,2.050,51.7100,1.060,,,2019-04-02,AKSHARE,seg_4_8_92,False,False,possible_legal,
920374,2019-08-07,6.210,,4.070,52.5800,2.140,,,2019-04-11,AKSHARE,seg_4_8_92,False,False,possible_legal,
920374,2020-04-03,3.130,,5.830,-46.3100,-2.700,,,2019-12-25,AKSHARE,seg_4_8_92,False,False,possible_legal,
920374,2020-04-29,6.210,,3.130,98.4000,3.080,,,2020-04-03,AKSHARE,seg_4_8_92,False,False,possible_legal,
920374,2020-05-19,3.900,,7.370,-47.0800,-3.470,,,2020-05-15,AKSHARE,seg_4_8_92,False,False,possible_legal,
920374,2020-05-20,5.500,,3.900,41.0300,1.600,,,2020-05-19,AKSHARE,seg_4_8_92,False,False,possible_legal,
920374,2020-05-27,2.600,,5.630,-53.8200,-3.030,,,2020-05-26,AKSHARE,seg_4_8_92,False,False,possible_legal,
920374,2020-05-28,5.900,,2.600,126.9200,3.300,,,2020-05-27,AKSHARE,seg_4_8_92,False,False,possible_legal,
920374,2020-05-29,9.290,,5.900,57.4600,3.390,,,2020-05-28,AKSHARE,seg_4_8_92,False,False,possible_legal,
920374,2021-09-06,14.360,,7.560,89.9500,6.800,,,2021-09-03,AKSHARE,seg_4_8_92,False,False,possible_legal,
920375,2015-04-21,11.660,,,33.7200,2.940,,,,AKSHARE,seg_4_8_92,False,False,possible_legal,
920375,2015-05-12,-0.350,,11.660,-103.0000,-12.010,,,2015-04-22,AKSHARE,seg_4_8_92,False,False,possible_legal,
920375,2015-05-13,0.990,,-0.350,382.8600,1.340,,,2015-05-12,AKSHARE,seg_4_8_92,False,False,possible_legal,
920375,2015-05-14,-0.350,,0.990,-135.3500,-1.340,,,2015-05-13,AKSHARE,seg_4_8_92,False,False,possible_legal,
920375,2015-06-04,13.930,,-0.350,4080.0000,14.280,,,2015-05-15,AKSHARE,seg_4_8_92,False,False,possible_legal,
920375,2018-04-18,4.450,,13.600,-67.2800,-9.150,,,2016-08-29,AKSHARE,seg_4_8_92,False,False,possible_legal,
920375,2019-09-30,3.090,,2.250,37.3300,0.840,,,2019-09-18,AKSHARE,seg_4_8_92,False,False,possible_legal,
920375,2020-03-02,4.790,,3.360,42.5600,1.430,,,2020-02-28,AKSHARE,seg_4_8_92,False,False,possible_legal,
920375,2020-04-29,7.860,,3.930,100.0000,3.930,,,2020-04-28,AKSHARE,seg_4_8_92,False,False,possible_legal,
920375,2020-05-15,4.020,,7.860,-48.8500,-3.840,,,2020-04-29,AKSHARE,seg_4_8_92,False,False,possible_legal,
920375,2020-08-03,5.400,,3.860,39.9000,1.540,,,2020-07-31,AKSHARE,seg_4_8_92,False,False,possible_legal,
920375,2020-08-05,6.940,,3.940,76.1400,3.000,,,2020-08-04,AKSHARE,seg_4_8_92,False,False,possible_legal,
920375,2020-08-17,4.020,,6.940,-42.0700,-2.920,,,2020-08-05,AKSHARE,seg_4_8_92,False,False,possible_legal,
920375,2020-10-14,6.600,,3.790,74.1400,2.810,,,2020-09-24,AKSHARE,seg_4_8_92,False,False,possible_legal,
920375,2021-01-18,2.860,,6.160,-53.5700,-3.300,,,2020-11-10,AKSHARE,seg_4_8_92,False,False,possible_legal,
920375,2021-01-19,4.790,,2.860,67.4800,1.930,,,2021-01-18,AKSHARE,seg_4_8_92,False,False,possible_legal,
920375,2021-01-28,2.480,,4.020,-38.3100,-1.540,,,2021-01-25,AKSHARE,seg_4_8_92,False,False,possible_legal,
920375,2021-01-29,4.690,,2.480,89.1100,2.210,,,2021-01-28,AKSHARE,seg_4_8_92,False,False,possible_legal,
920375,2021-03-22,3.250,,4.790,-32.1500,-1.540,,,2021-03-10,AKSHARE,seg_4_8_92,False,False,possible_legal,
920375,2021-04-21,4.630,,3.250,42.4600,1.380,,,2021-03-22,AKSHARE,seg_4_8_92,False,False,possible_legal,
920378,2015-08-12,1.510,,,-59.8400,-2.250,,,,AKSHARE,seg_4_8_92,False,False,possible_legal,
920378,2019-11-01,2.770,,1.830,51.3700,0.940,,,2019-07-01,AKSHARE,seg_4_8_92,False,False,possible_legal,
920378,2019-11-11,1.850,,2.770,-33.2100,-0.920,,,2019-11-01,AKSHARE,seg_4_8_92,False,False,possible_legal,
920378,2019-11-22,2.650,,1.850,43.2400,0.800,,,2019-11-11,AKSHARE,seg_4_8_92,False,False,possible_legal,
920378,2020-04-30,1.930,,1.310,47.3300,0.620,,,2020-04-29,AKSHARE,seg_4_8_92,False,False,possible_legal,
920378,2020-05-08,1.330,,1.930,-31.0900,-0.600,,,2020-04-30,AKSHARE,seg_4_8_92,False,False,possible_legal,
920378,2020-09-03,2.310,,1.450,59.3100,0.860,,,2020-09-02,AKSHARE,seg_4_8_92,False,False,possible_legal,
920378,2020-09-04,1.530,,2.310,-33.7700,-0.780,,,2020-09-03,AKSHARE,seg_4_8_92,False,False,possible_legal,
920378,2021-06-09,3.200,,1.720,86.0500,1.480,,,2021-05-21,AKSHARE,seg_4_8_92,False,False,possible_legal,
920378,2021-06-17,1.860,,3.050,-39.0200,-1.190,,,2021-06-10,AKSHARE,seg_4_8_92,False,False,possible_legal,
920378,2021-09-06,3.100,,2.170,42.8600,0.930,,,2021-09-03,AKSHARE,seg_4_8_92,False,False,possible_legal,
920392,2020-08-27,11.910,,5.650,110.8000,6.260,,,2020-08-26,AKSHARE,seg_4_8_92,False,False,possible_legal,
920392,2020-10-16,5.610,,11.910,-52.9000,-6.300,,,2020-08-27,AKSHARE,seg_4_8_92,False,False,possible_legal,
920392,2020-10-20,9.290,,5.610,65.6000,3.680,,,2020-10-16,AKSHARE,seg_4_8_92,False,False,possible_legal,
920392,2020-12-25,5.380,,9.290,-42.0900,-3.910,,,2020-10-20,AKSHARE,seg_4_8_92,False,False,possible_legal,
920392,2021-09-22,12.920,,6.220,107.7200,6.700,,,2021-04-02,AKSHARE,seg_4_8_92,False,False,possible_legal,
920392,2021-09-28,6.880,,12.920,-46.7500,-6.040,,,2021-09-22,AKSHARE,seg_4_8_92,False,False,possible_legal,
920394,2018-11-30,1.160,,,-81.1400,-4.990,,,,AKSHARE,seg_4_8_92,False,False,possible_legal,
920394,2019-07-17,3.250,,1.040,212.5000,2.210,,,2019-07-15,AKSHARE,seg_4_8_92,False,False,possible_legal,
920394,2019-11-14,7.600,,3.250,133.8500,4.350,,,2019-07-17,AKSHARE,seg_4_8_92,False,False,possible_legal,
920394,2020-05-25,15.880,,7.600,108.9500,8.280,,,2019-11-14,AKSHARE,seg_4_8_92,False,False,possible_legal,
920394,2020-05-26,30.680,,15.880,93.2000,14.800,,,2020-05-25,AKSHARE,seg_4_8_92,False,False,possible_legal,
920394,2020-09-03,14.800,,30.680,-51.7600,-15.880,,,2020-05-26,AKSHARE,seg_4_8_92,False,False,possible_legal,
920394,2020-09-22,30.780,,14.800,107.9700,15.980,,,2020-09-03,AKSHARE,seg_4_8_92,False,False,possible_legal,
920394,2021-02-10,14.790,,30.780,-51.9500,-15.990,,,2020-09-22,AKSHARE,seg_4_8_92,False,False,possible_legal,
920394,2021-02-19,30.780,,14.790,108.1100,15.990,,,2021-02-10,AKSHARE,seg_4_8_92,False,False,possible_legal,
920394,2021-03-22,14.790,,30.780,-51.9500,-15.990,,,2021-02-19,AKSHARE,seg_4_8_92,False,False,possible_legal,
920394,2021-05-31,17.100,,8.100,111.1100,9.000,,,2021-05-26,AKSHARE,seg_4_8_92,False,False,possible_legal,
920394,2021-07-22,28.980,,14.100,105.5300,14.880,,,2021-07-09,AKSHARE,seg_4_8_92,False,False,possible_legal,
920394,2021-08-02,14.100,,28.980,-51.3500,-14.880,,,2021-07-22,AKSHARE,seg_4_8_92,False,False,possible_legal,
920394,2021-08-30,19.100,,11.100,72.0700,8.000,,,2021-08-25,AKSHARE,seg_4_8_92,False,False,possible_legal,
920394,2021-09-03,39.100,,19.100,104.7100,20.000,,,2021-08-30,AKSHARE,seg_4_8_92,False,False,possible_legal,
920394,2021-11-30,23.590,,48.080,-50.9400,-24.490,,,2021-10-14,AKSHARE,seg_4_8_92,False,False,possible_legal,
920394,2022-03-01,9.320,,19.100,-51.2000,-9.780,,,2022-02-28,AKSHARE,seg_4_8_92,False,False,possible_legal,
920394,2022-03-02,19.090,,9.320,104.8300,9.770,,,2022-03-01,AKSHARE,seg_4_8_92,False,False,possible_legal,
920394,2022-03-14,9.210,,19.090,-51.7500,-9.880,,,2022-03-02,AKSHARE,seg_4_8_92,False,False,possible_legal,
920394,2022-03-15,6.110,,9.210,-33.6600,-3.100,,,2022-03-14,AKSHARE,seg_4_8_92,False,False,possible_legal,
920394,2022-03-17,9.600,,6.110,57.1200,3.490,,,2022-03-15,AKSHARE,seg_4_8_92,False,False,possible_legal,
920394,2022-03-18,13.050,,9.600,35.9400,3.450,,,2022-03-17,AKSHARE,seg_4_8_92,False,False,possible_legal,
920394,2022-09-01,10.200,,18.100,-43.6500,-7.900,,,2022-08-08,AKSHARE,seg_4_8_92,False,False,possible_legal,
920394,2022-09-02,14.700,,10.200,44.1200,4.500,,,2022-09-01,AKSHARE,seg_4_8_92,False,False,possible_legal,
920395,2016-11-29,-1.360,,,-133.5800,-5.410,,,,AKSHARE,seg_4_8_92,False,False,possible_legal,
920395,2019-11-15,-0.340,,-0.870,60.9200,0.530,,,2019-08-09,AKSHARE,seg_4_8_92,False,False,possible_legal,
920395,2019-12-04,-0.780,,-0.300,-160.0000,-0.480,,,2019-11-20,AKSHARE,seg_4_8_92,False,False,possible_legal,
920395,2019-12-31,0.180,,-0.600,130.0000,0.780,,,2019-12-06,AKSHARE,seg_4_8_92,False,False,possible_legal,
920395,2020-01-06,0.460,,0.220,109.0900,0.240,,,2020-01-02,AKSHARE,seg_4_8_92,False,False,possible_legal,
920395,2020-01-21,0.870,,0.460,89.1300,0.410,,,2020-01-06,AKSHARE,seg_4_8_92,False,False,possible_legal,
920395,2020-05-26,1.520,,1.020,49.0200,0.500,,,2020-02-05,AKSHARE,seg_4_8_92,False,False,possible_legal,
920395,2020-08-14,0.740,,1.520,-51.3200,-0.780,,,2020-05-26,AKSHARE,seg_4_8_92,False,False,possible_legal,
920395,2020-08-19,-0.290,,0.740,-139.1900,-1.030,,,2020-08-14,AKSHARE,seg_4_8_92,False,False,possible_legal,
920395,2020-08-31,0.740,,-0.290,355.1700,1.030,,,2020-08-19,AKSHARE,seg_4_8_92,False,False,possible_legal,
920395,2020-09-25,1.040,,0.740,40.5400,0.300,,,2020-08-31,AKSHARE,seg_4_8_92,False,False,possible_legal,
920395,2021-03-08,0.330,,1.070,-69.1600,-0.740,,,2020-12-07,AKSHARE,seg_4_8_92,False,False,possible_legal,
920395,2021-03-15,0.460,,0.330,39.3900,0.130,,,2021-03-08,AKSHARE,seg_4_8_92,False,False,possible_legal,
920395,2021-03-16,0.620,,0.460,34.7800,0.160,,,2021-03-15,AKSHARE,seg_4_8_92,False,False,possible_legal,
920395,2021-09-09,1.430,,0.950,50.5300,0.480,,,2021-09-07,AKSHARE,seg_4_8_92,False,False,possible_legal,
920395,2021-09-10,2.560,,1.430,79.0200,1.130,,,2021-09-09,AKSHARE,seg_4_8_92,False,False,possible_legal,
920395,2021-11-04,4.640,,3.350,38.5100,1.290,,,2021-10-22,AKSHARE,seg_4_8_92,False,False,possible_legal,
920395,2021-11-18,4.880,,3.690,32.2500,1.190,,,2021-11-15,AKSHARE,seg_4_8_92,False,False,possible_legal,
920395,2021-11-22,5.640,,3.720,51.6100,1.920,,,2021-11-19,AKSHARE,seg_4_8_92,False,False,possible_legal,
920396,2020-01-21,10.000,7.010,7.010,42.6534,2.990,1.00000000,1.00000000,2019-06-06,SINA,seg_4_8_92,True,False,possible_legal,0.0
920396,2020-05-27,20.000,14.880,14.880,34.4086,5.120,1.00000000,1.00000000,2020-05-26,SINA,seg_4_8_92,True,False,possible_legal,0.0
920396,2020-11-18,10.180,17.000,17.000,-40.1176,-6.820,1.00000000,1.00000000,2020-06-16,SINA,seg_4_8_92,True,False,possible_legal,0.0
920402,2020-04-14,1.360,,,-67.5400,-2.830,,,,AKSHARE,seg_4_8_92,False,False,possible_legal,
920402,2020-04-24,4.030,,2.920,38.0100,1.110,,,2020-04-23,AKSHARE,seg_4_8_92,False,False,possible_legal,
920402,2020-05-08,7.530,,3.680,104.6200,3.850,,,2020-04-28,AKSHARE,seg_4_8_92,False,False,possible_legal,
920402,2020-07-28,9.070,,5.350,69.5300,3.720,,,2020-07-27,AKSHARE,seg_4_8_92,False,False,possible_legal,
920402,2020-07-31,12.070,,9.070,33.0800,3.000,,,2020-07-30,AKSHARE,seg_4_8_92,False,False,possible_legal,
920402,2020-08-04,7.530,,12.070,-37.6100,-4.540,,,2020-07-31,AKSHARE,seg_4_8_92,False,False,possible_legal,
920402,2020-08-06,10.610,,7.530,40.9000,3.080,,,2020-08-04,AKSHARE,seg_4_8_92,False,False,possible_legal,
920402,2021-02-03,16.710,,12.600,32.6200,4.110,,,2021-01-21,AKSHARE,seg_4_8_92,False,False,possible_legal,
920402,2021-12-02,32.760,,23.110,41.7600,9.650,,,2021-11-18,AKSHARE,seg_4_8_92,False,False,possible_legal,
920402,2021-12-24,42.150,,25.480,65.4200,16.670,,,2021-12-21,AKSHARE,seg_4_8_92,False,False,possible_legal,
920403,2016-11-25,1.250,,,-78.8100,-4.650,,,,AKSHARE,seg_4_8_92,False,False,possible_legal,
920403,2019-10-24,1.770,,1.250,41.6000,0.520,,,2016-12-06,AKSHARE,seg_4_8_92,False,False,possible_legal,
920403,2020-06-11,4.420,,1.770,149.7200,2.650,,,2019-10-24,AKSHARE,seg_4_8_92,False,False,possible_legal,
920403,2020-12-22,10.900,,6.620,64.6500,4.280,,,2020-08-24,AKSHARE,seg_4_8_92,False,False,possible_legal,
920403,2020-12-30,6.890,,10.900,-36.7900,-4.010,,,2020-12-22,AKSHARE,seg_4_8_92,False,False,possible_legal,
920403,2021-12-31,9.410,,7.000,34.4300,2.410,,,2021-12-29,AKSHARE,seg_4_8_92,False,False,possible_legal,
920403,2022-03-23,9.080,,6.340,43.2200,2.740,,,2022-02-23,AKSHARE,seg_4_8_92,False,False,possible_legal,
920403,2022-11-24,6.790,,13.190,-48.5200,-6.400,,,2022-09-08,AKSHARE,seg_4_8_92,False,False,possible_legal,
920403,2022-12-01,11.260,,6.790,65.8300,4.470,,,2022-11-24,AKSHARE,seg_4_8_92,False,False,possible_legal,
920405,2015-09-07,9.990,5.000,5.000,99.8000,4.990,1.00000000,1.00000000,2015-07-28,SINA,seg_4_8_92,True,False,possible_legal,0.0
920405,2018-05-24,0.000,,14.030,-100.0000,,1.00000000,1.00000000,2018-05-23,SINA,seg_4_8_92,True,False,possible_legal,
920405,2019-09-17,0.000,,10.000,-100.0000,,1.00000000,1.00000000,2019-09-16,SINA,seg_4_8_92,True,False,possible_legal,
920405,2019-09-26,0.000,,10.230,-100.0000,,1.00000000,1.00000000,2019-09-25,SINA,seg_4_8_92,True,False,possible_legal,
920405,2019-10-16,0.000,,10.410,-100.0000,,1.00000000,1.00000000,2019-10-15,SINA,seg_4_8_92,True,False,possible_legal,
920405,2021-11-05,33.600,21.300,21.300,57.7465,12.300,1.00000000,1.00000000,2020-12-11,SINA,seg_4_8_92,True,False,possible_legal,0.0
920407,2017-06-16,0.340,,,-91.8500,-3.830,,,,AKSHARE,seg_4_8_92,False,False,possible_legal,
920407,2020-01-06,1.430,,0.340,320.5900,1.090,,,2018-09-04,AKSHARE,seg_4_8_92,False,False,possible_legal,
920407,2020-04-22,2.250,,1.690,33.1400,0.560,,,2020-04-20,AKSHARE,seg_4_8_92,False,False,possible_legal,
920407,2020-06-12,4.320,,3.210,34.5800,1.110,,,2020-06-08,AKSHARE,seg_4_8_92,False,False,possible_legal,
920407,2020-07-28,5.500,,3.990,37.8400,1.510,,,2020-07-27,AKSHARE,seg_4_8_92,False,False,possible_legal,
920407,2020-11-03,2.820,,4.870,-42.0900,-2.050,,,2020-11-02,AKSHARE,seg_4_8_92,False,False,possible_legal,
920407,2020-11-10,6.280,,2.820,122.7000,3.460,,,2020-11-03,AKSHARE,seg_4_8_92,False,False,possible_legal,
920407,2021-07-23,2.880,,6.260,-53.9900,-3.380,,,2020-12-18,AKSHARE,seg_4_8_92,False,False,possible_legal,
920407,2021-08-02,1.280,,2.880,-55.5600,-1.600,,,2021-07-23,AKSHARE,seg_4_8_92,False,False,possible_legal,
920407,2021-08-04,3.050,,1.280,138.2800,1.770,,,2021-08-02,AKSHARE,seg_4_8_92,False,False,possible_legal,
920407,2021-09-08,6.790,,3.350,102.6900,3.440,,,2021-08-26,AKSHARE,seg_4_8_92,False,False,possible_legal,
920407,2021-11-16,11.810,,6.820,73.1700,4.990,,,2021-09-29,AKSHARE,seg_4_8_92,False,False,possible_legal,
920414,2016-12-05,1.450,,,-85.9900,-8.900,,,,AKSHARE,seg_4_8_92,False,False,possible_legal,
920414,2017-12-11,0.830,,1.450,-42.7600,-0.620,,,2016-12-05,AKSHARE,seg_4_8_92,False,False,possible_legal,
920414,2017-12-29,1.280,,0.830,54.2200,0.450,,,2017-12-15,AKSHARE,seg_4_8_92,False,False,possible_legal,
920415,2015-12-14,21.170,32.210,32.210,-34.2751,-11.040,1.00000000,1.00000000,2015-12-09,SINA,seg_4_8_92,True,False,possible_legal,0.0
920415,2015-12-17,11.070,21.170,21.170,-47.7090,-10.100,1.00000000,1.00000000,2015-12-15,SINA,seg_4_8_92,True,False,possible_legal,0.0
920415,2015-12-21,38.000,11.070,11.070,243.2701,26.930,1.00000000,1.00000000,2015-12-17,SINA,seg_4_8_92,True,False,possible_legal,0.0
920415,2015-12-22,3.850,38.000,38.000,-89.8684,-34.150,1.00000000,1.00000000,2015-12-21,SINA,seg_4_8_92,True,False,possible_legal,0.0
920415,2015-12-30,31.000,4.730,4.730,555.3911,26.270,1.00000000,1.00000000,2015-12-29,SINA,seg_4_8_92,True,False,possible_legal,0.0
920415,2016-01-11,14.880,31.000,31.000,-52.0000,-16.120,1.00000000,1.00000000,2015-12-30,SINA,seg_4_8_92,True,False,possible_legal,0.0
920415,2016-01-12,28.000,14.880,14.880,88.1720,13.120,1.00000000,1.00000000,2016-01-11,SINA,seg_4_8_92,True,False,possible_legal,0.0
920415,2016-01-14,10.040,28.000,28.000,-64.1429,-17.960,1.00000000,1.00000000,2016-01-13,SINA,seg_4_8_92,True,False,possible_legal,0.0
920415,2016-01-15,18.880,10.040,10.040,88.0478,8.840,1.00000000,1.00000000,2016-01-14,SINA,seg_4_8_92,True,False,possible_legal,0.0
920415,2016-01-21,1.000,18.880,18.880,-94.7034,-17.880,1.00000000,1.00000000,2016-01-15,SINA,seg_4_8_92,True,False,possible_legal,0.0
920415,2016-01-22,30.000,1.000,1.000,2900.0000,29.000,1.00000000,1.00000000,2016-01-21,SINA,seg_4_8_92,True,False,possible_legal,0.0
920415,2016-01-25,11.070,30.000,30.000,-63.1000,-18.930,1.00000000,1.00000000,2016-01-22,SINA,seg_4_8_92,True,False,possible_legal,0.0
920415,2016-01-27,30.000,11.070,11.070,171.0027,18.930,1.00000000,1.00000000,2016-01-25,SINA,seg_4_8_92,True,False,possible_legal,0.0
920415,2016-01-28,11.330,30.000,30.000,-62.2333,-18.670,1.00000000,1.00000000,2016-01-27,SINA,seg_4_8_92,True,False,possible_legal,0.0
920415,2016-01-29,24.510,11.330,11.330,116.3283,13.180,1.00000000,1.00000000,2016-01-28,SINA,seg_4_8_92,True,False,possible_legal,0.0
920415,2016-06-13,10.000,20.140,20.140,-50.3476,-10.140,1.00000000,1.00000000,2016-06-03,SINA,seg_4_8_92,True,False,possible_legal,0.0
920418,2015-02-02,13.800,8.500,8.500,62.3529,5.300,1.00000000,1.00000000,2015-01-12,SINA,seg_4_8_92,True,False,possible_legal,0.0
920418,2015-07-09,9.700,7.120,7.120,36.2360,2.580,1.00000000,1.00000000,2015-07-08,SINA,seg_4_8_92,True,False,possible_legal,0.0
920418,2016-06-24,6.590,10.180,1.340,-35.2652,-3.590,1.00000000,,2016-06-21,SINA,seg_4_8_92,False,False,possible_legal,6.597014925373133
920418,2020-07-27,12.440,18.250,18.250,-31.8356,-5.810,1.00000000,1.00000000,2020-05-07,SINA,seg_4_8_92,True,False,possible_legal,0.0
920419,2015-05-25,-0.360,,,-105.1900,-7.290,,,,AKSHARE,seg_4_8_92,False,False,possible_legal,
920419,2015-05-26,0.730,,-0.360,302.7800,1.090,,,2015-05-25,AKSHARE,seg_4_8_92,False,False,possible_legal,
920419,2015-06-18,1.130,,0.730,54.7900,0.400,,,2015-05-26,AKSHARE,seg_4_8_92,False,False,possible_legal,
920419,2015-07-15,-0.270,,1.130,-123.8900,-1.400,,,2015-06-18,AKSHARE,seg_4_8_92,False,False,possible_legal,
920419,2015-07-17,1.130,,-0.270,518.5200,1.400,,,2015-07-16,AKSHARE,seg_4_8_92,False,False,possible_legal,
920419,2015-07-20,1.630,,1.130,44.2500,0.500,,,2015-07-17,AKSHARE,seg_4_8_92,False,False,possible_legal,
920419,2018-05-14,4.180,,3.100,34.8400,1.080,,,2018-05-11,AKSHARE,seg_4_8_92,False,False,possible_legal,
920422,2020-03-17,3.350,,,-57.3200,-4.500,,,,AKSHARE,seg_4_8_92,False,False,possible_legal,
920422,2020-09-03,3.450,,2.560,34.7700,0.890,,,2020-07-29,AKSHARE,seg_4_8_92,False,False,possible_legal,
920422,2021-02-02,7.310,,3.350,118.2100,3.960,,,2020-12-24,AKSHARE,seg_4_8_92,False,False,possible_legal,
920422,2021-02-03,15.140,,7.310,107.1100,7.830,,,2021-02-02,AKSHARE,seg_4_8_92,False,False,possible_legal,
920422,2021-10-12,7.850,,16.230,-51.6300,-8.380,,,2021-02-04,AKSHARE,seg_4_8_92,False,False,possible_legal,
920422,2021-11-08,15.340,,7.850,95.4100,7.490,,,2021-10-12,AKSHARE,seg_4_8_92,False,False,possible_legal,
920422,2022-02-17,21.280,,13.380,59.0400,7.900,,,2022-02-16,AKSHARE,seg_4_8_92,False,False,possible_legal,
920422,2022-04-29,8.230,,13.910,-40.8300,-5.680,,,2022-04-01,AKSHARE,seg_4_8_92,False,False,possible_legal,
920422,2022-05-13,13.850,,8.360,65.6700,5.490,,,2022-05-11,AKSHARE,seg_4_8_92,False,False,possible_legal,
920425,2014-01-24,0.630,,,-89.4600,-5.350,,,,AKSHARE,seg_4_8_92,False,False,possible_legal,
920425,2015-04-27,-0.570,,0.630,-190.4800,-1.200,,,2014-01-24,AKSHARE,seg_4_8_92,False,False,possible_legal,
920425,2015-06-10,-0.180,,-0.640,71.8800,0.460,,,2015-06-09,AKSHARE,seg_4_8_92,False,False,possible_legal,
920425,2015-06-11,-0.640,,-0.180,-255.5600,-0.460,,,2015-06-10,AKSHARE,seg_4_8_92,False,False,possible_legal,
920425,2015-06-18,0.590,,-0.640,192.1900,1.230,,,2015-06-17,AKSHARE,seg_4_8_92,False,False,possible_legal,
920425,2015-06-24,2.120,,0.590,259.3200,1.530,,,2015-06-18,AKSHARE,seg_4_8_92,False,False,possible_legal,
920425,2015-06-26,1.400,,2.140,-34.5800,-0.740,,,2015-06-25,AKSHARE,seg_4_8_92,False,False,possible_legal,
920425,2015-07-09,0.840,,0.620,35.4800,0.220,,,2015-07-08,AKSHARE,seg_4_8_92,False,False,possible_legal,
920425,2015-11-06,0.680,,0.460,47.8300,0.220,,,2015-11-04,AKSHARE,seg_4_8_92,False,False,possible_legal,
920425,2016-02-03,0.240,,0.180,33.3300,0.060,,,2016-02-02,AKSHARE,seg_4_8_92,False,False,possible_legal,
920425,2016-04-05,0.280,,0.440,-36.3600,-0.160,,,2016-04-01,AKSHARE,seg_4_8_92,False,False,possible_legal,
920425,2016-08-24,0.030,,0.170,-82.3500,-0.140,,,2016-08-16,AKSHARE,seg_4_8_92,False,False,possible_legal,
920425,2016-08-29,-0.010,,0.030,-133.3300,-0.040,,,2016-08-24,AKSHARE,seg_4_8_92,False,False,possible_legal,
920425,2016-09-01,0.040,,-0.010,500.0000,0.050,,,2016-08-31,AKSHARE,seg_4_8_92,False,False,possible_legal,
920425,2016-09-05,0.150,,0.040,275.0000,0.110,,,2016-09-01,AKSHARE,seg_4_8_92,False,False,possible_legal,
920425,2016-09-09,0.080,,0.160,-50.0000,-0.080,,,2016-09-07,AKSHARE,seg_4_8_92,False,False,possible_legal,
920425,2016-09-20,0.150,,0.100,50.0000,0.050,,,2016-09-13,AKSHARE,seg_4_8_92,False,False,possible_legal,
920425,2016-10-17,-0.060,,0.100,-160.0000,-0.160,,,2016-09-27,AKSHARE,seg_4_8_92,False,False,possible_legal,
920425,2016-10-21,-0.040,,-0.060,33.3300,0.020,,,2016-10-17,AKSHARE,seg_4_8_92,False,False,possible_legal,
920425,2016-10-26,0.010,,-0.030,133.3300,0.040,,,2016-10-25,AKSHARE,seg_4_8_92,False,False,possible_legal,
920425,2016-10-28,0.050,,0.010,400.0000,0.040,,,2016-10-26,AKSHARE,seg_4_8_92,False,False,possible_legal,
920425,2016-12-09,0.070,,0.050,40.0000,0.020,,,2016-10-28,AKSHARE,seg_4_8_92,False,False,possible_legal,
920425,2017-01-04,0.050,,0.030,66.6700,0.020,,,2017-01-03,AKSHARE,seg_4_8_92,False,False,possible_legal,
920425,2017-01-05,0.030,,0.050,-40.0000,-0.020,,,2017-01-04,AKSHARE,seg_4_8_92,False,False,possible_legal,
920425,2017-01-09,-0.030,,0.030,-200.0000,-0.060,,,2017-01-06,AKSHARE,seg_4_8_92,False,False,possible_legal,
920425,2017-01-10,-0.040,,-0.030,-33.3300,-0.010,,,2017-01-09,AKSHARE,seg_4_8_92,False,False,possible_legal,
920425,2017-01-26,0.010,,-0.040,125.0000,0.050,,,2017-01-10,AKSHARE,seg_4_8_92,False,False,possible_legal,
920425,2017-02-03,0.050,,0.010,400.0000,0.040,,,2017-01-26,AKSHARE,seg_4_8_92,False,False,possible_legal,
920425,2017-02-06,0.090,,0.050,80.0000,0.040,,,2017-02-03,AKSHARE,seg_4_8_92,False,False,possible_legal,
920425,2017-02-22,0.120,,0.090,33.3300,0.030,,,2017-02-06,AKSHARE,seg_4_8_92,False,False,possible_legal,
920425,2017-03-09,0.360,,0.260,38.4600,0.100,,,2017-03-07,AKSHARE,seg_4_8_92,False,False,possible_legal,
920425,2017-04-26,0.240,,0.390,-38.4600,-0.150,,,2017-03-28,AKSHARE,seg_4_8_92,False,False,possible_legal,
920425,2017-08-28,0.240,,0.170,41.1800,0.070,,,2017-08-14,AKSHARE,seg_4_8_92,False,False,possible_legal,
920425,2017-11-07,0.420,,0.280,50.0000,0.140,,,2017-11-06,AKSHARE,seg_4_8_92,False,False,possible_legal,
920425,2017-11-16,0.450,,0.330,36.3600,0.120,,,2017-11-14,AKSHARE,seg_4_8_92,False,False,possible_legal,
920425,2018-02-28,0.040,,0.120,-66.6700,-0.080,,,2018-02-27,AKSHARE,seg_4_8_92,False,False,possible_legal,
920425,2018-03-08,-0.040,,0.040,-200.0000,-0.080,,,2018-02-28,AKSHARE,seg_4_8_92,False,False,possible_legal,
920425,2018-03-12,-0.010,,-0.040,75.0000,0.030,,,2018-03-08,AKSHARE,seg_4_8_92,False,False,possible_legal,
920425,2018-03-14,0.020,,-0.010,300.0000,0.030,,,2018-03-12,AKSHARE,seg_4_8_92,False,False,possible_legal,
920425,2018-03-16,-0.010,,0.020,-150.0000,-0.030,,,2018-03-14,AKSHARE,seg_4_8_92,False,False,possible_legal,
920425,2018-03-23,-0.090,,-0.010,-800.0000,-0.080,,,2018-03-16,AKSHARE,seg_4_8_92,False,False,possible_legal,
920425,2018-04-11,-0.080,,-0.060,-33.3300,-0.020,,,2018-03-30,AKSHARE,seg_4_8_92,False,False,possible_legal,
920425,2018-04-16,-0.120,,-0.090,-33.3300,-0.030,,,2018-04-13,AKSHARE,seg_4_8_92,False,False,possible_legal,
920425,2018-04-19,-0.190,,-0.140,-35.7100,-0.050,,,2018-04-18,AKSHARE,seg_4_8_92,False,False,possible_legal,
920425,2018-07-04,-0.040,,-0.120,66.6700,0.080,,,2018-06-27,AKSHARE,seg_4_8_92,False,False,possible_legal,
920425,2018-07-12,-0.060,,-0.040,-50.0000,-0.020,,,2018-07-04,AKSHARE,seg_4_8_92,False,False,possible_legal,
920425,2018-07-18,-0.010,,-0.060,83.3300,0.050,,,2018-07-12,AKSHARE,seg_4_8_92,False,False,possible_legal,
920425,2018-07-19,-0.030,,-0.010,-200.0000,-0.020,,,2018-07-18,AKSHARE,seg_4_8_92,False,False,possible_legal,
920425,2018-07-20,-0.040,,-0.030,-33.3300,-0.010,,,2018-07-19,AKSHARE,seg_4_8_92,False,False,possible_legal,
920425,2018-07-26,-0.090,,-0.050,-80.0000,-0.040,,,2018-07-25,AKSHARE,seg_4_8_92,False,False,possible_legal,
920425,2018-08-09,-0.120,,-0.090,-33.3300,-0.030,,,2018-07-26,AKSHARE,seg_4_8_92,False,False,possible_legal,
920425,2018-08-17,-0.300,,-0.160,-87.5000,-0.140,,,2018-08-16,AKSHARE,seg_4_8_92,False,False,possible_legal,
920425,2019-04-25,-0.140,,-0.100,-40.0000,-0.040,,,2019-04-15,AKSHARE,seg_4_8_92,False,False,possible_legal,
920425,2019-06-19,-0.260,,-0.170,-52.9400,-0.090,,,2019-06-18,AKSHARE,seg_4_8_92,False,False,possible_legal,
920425,2020-04-29,0.140,,-0.300,146.6700,0.440,,,2020-04-15,AKSHARE,seg_4_8_92,False,False,possible_legal,
920425,2020-05-07,0.720,,0.140,414.2900,0.580,,,2020-04-30,AKSHARE,seg_4_8_92,False,False,possible_legal,
920425,2020-09-08,0.080,,0.720,-88.8900,-0.640,,,2020-05-07,AKSHARE,seg_4_8_92,False,False,possible_legal,
920425,2020-09-16,0.550,,0.080,587.5000,0.470,,,2020-09-08,AKSHARE,seg_4_8_92,False,False,possible_legal,
920425,2020-09-18,0.800,,0.550,45.4500,0.250,,,2020-09-16,AKSHARE,seg_4_8_92,False,False,possible_legal,
920425,2020-09-23,2.580,,0.800,222.5000,1.780,,,2020-09-18,AKSHARE,seg_4_8_92,False,False,possible_legal,
920425,2020-10-16,1.560,,2.580,-39.5300,-1.020,,,2020-09-23,AKSHARE,seg_4_8_92,False,False,possible_legal,
920425,2020-10-22,0.550,,1.560,-64.7400,-1.010,,,2020-10-16,AKSHARE,seg_4_8_92,False,False,possible_legal,
920425,2020-11-16,1.850,,0.550,236.3600,1.300,,,2020-10-22,AKSHARE,seg_4_8_92,False,False,possible_legal,
920425,2021-07-23,3.100,,1.820,70.3300,1.280,,,2021-07-19,AKSHARE,seg_4_8_92,False,False,possible_legal,
920425,2022-05-10,11.900,,8.900,33.7100,3.000,,,2022-05-09,AKSHARE,seg_4_8_92,False,False,possible_legal,
920427,2020-02-04,10.960,1.000,1.000,996.0000,9.960,1.00000000,1.00000000,2017-11-15,SINA,seg_4_8_92,True,False,possible_legal,0.0
920427,2020-07-28,16.650,12.080,12.080,37.8311,4.570,1.00000000,1.00000000,2020-07-27,SINA,seg_4_8_92,True,False,possible_legal,0.0
920427,2021-02-05,9.160,20.520,20.520,-55.3606,-11.360,1.00000000,1.00000000,2020-08-27,SINA,seg_4_8_92,True,False,possible_legal,0.0
920429,2015-09-24,11.000,,,49.6600,3.650,,,,AKSHARE,seg_4_8_92,False,False,possible_legal,
920429,2015-10-08,0.780,,11.000,-92.9100,-10.220,,,2015-09-29,AKSHARE,seg_4_8_92,False,False,possible_legal,
920429,2015-10-23,10.850,,0.780,1291.0300,10.070,,,2015-10-13,AKSHARE,seg_4_8_92,False,False,possible_legal,
920429,2016-03-21,15.050,,11.000,36.8200,4.050,,,2016-03-17,AKSHARE,seg_4_8_92,False,False,possible_legal,
920429,2016-12-16,5.290,,11.060,-52.1700,-5.770,,,2016-08-11,AKSHARE,seg_4_8_92,False,False,possible_legal,
920429,2016-12-21,11.060,,5.290,109.0700,5.770,,,2016-12-16,AKSHARE,seg_4_8_92,False,False,possible_legal,
920429,2018-04-03,8.050,,12.750,-36.8600,-4.700,,,2018-02-06,AKSHARE,seg_4_8_92,False,False,possible_legal,
920429,2018-04-12,3.350,,8.050,-58.3900,-4.700,,,2018-04-03,AKSHARE,seg_4_8_92,False,False,possible_legal,
920429,2018-04-17,0.960,,3.350,-71.3400,-2.390,,,2018-04-12,AKSHARE,seg_4_8_92,False,False,possible_legal,
920429,2018-04-20,-0.240,,0.960,-125.0000,-1.200,,,2018-04-17,AKSHARE,seg_4_8_92,False,False,possible_legal,
920429,2018-04-27,-0.440,,-0.240,-83.3300,-0.200,,,2018-04-20,AKSHARE,seg_4_8_92,False,False,possible_legal,
920429,2018-07-23,0.370,,-0.440,184.0900,0.810,,,2018-04-27,AKSHARE,seg_4_8_92,False,False,possible_legal,
920429,2018-07-25,1.990,,0.370,437.8400,1.620,,,2018-07-23,AKSHARE,seg_4_8_92,False,False,possible_legal,
920429,2018-08-03,5.230,,1.990,162.8100,3.240,,,2018-07-25,AKSHARE,seg_4_8_92,False,False,possible_legal,
920429,2018-08-07,10.750,,5.230,105.5400,5.520,,,2018-08-03,AKSHARE,seg_4_8_92,False,False,possible_legal,
920429,2019-03-07,26.750,,13.510,98.0000,13.240,,,2018-12-19,AKSHARE,seg_4_8_92,False,False,possible_legal,
920429,2021-12-24,14.250,,10.250,39.0200,4.000,,,2021-12-21,AKSHARE,seg_4_8_92,False,False,possible_legal,
920433,2018-06-06,1.290,,6.000,32.9900,0.320,,1.00000000,2018-05-22,AKSHARE,seg_4_8_92,False,False,possible_legal,
920433,2018-11-12,4.020,7.710,7.710,-47.8599,-3.690,1.00000000,1.00000000,2018-08-31,SINA,seg_4_8_92,True,False,possible_legal,0.0
920433,2019-04-22,6.000,4.040,4.040,48.5149,1.960,1.00000000,1.00000000,2019-04-19,SINA,seg_4_8_92,True,False,possible_legal,0.0
920433,2019-04-26,10.000,7.000,7.000,42.8571,3.000,1.00000000,1.00000000,2019-04-24,SINA,seg_4_8_92,True,False,possible_legal,0.0
920433,2019-07-01,6.000,11.990,11.990,-49.9583,-5.990,1.00000000,1.00000000,2019-04-29,SINA,seg_4_8_92,True,False,possible_legal,0.0
920433,2020-01-06,8.000,5.580,5.580,43.3692,2.420,1.00000000,1.00000000,2019-12-30,SINA,seg_4_8_92,True,False,possible_legal,0.0
920433,2020-04-22,15.000,10.100,10.100,48.5149,4.900,1.00000000,1.00000000,2020-04-21,SINA,seg_4_8_92,True,False,possible_legal,0.0
920436,2018-02-23,5.690,,,-32.5000,-2.740,,,,AKSHARE,seg_4_8_92,False,False,possible_legal,
920436,2020-11-26,13.750,,6.750,103.7000,7.000,,,2020-07-02,AKSHARE,seg_4_8_92,False,False,possible_legal,
920436,2021-02-22,19.740,,11.030,78.9700,8.710,,,2021-02-19,AKSHARE,seg_4_8_92,False,False,possible_legal,
920436,2021-02-23,11.540,,19.740,-41.5400,-8.200,,,2021-02-22,AKSHARE,seg_4_8_92,False,False,possible_legal,
920436,2021-04-21,18.630,,13.080,42.4300,5.550,,,2021-04-19,AKSHARE,seg_4_8_92,False,False,possible_legal,
920436,2021-04-22,12.640,,18.630,-32.1500,-5.990,,,2021-04-21,AKSHARE,seg_4_8_92,False,False,possible_legal,
920438,2016-10-12,4.700,,9.350,-49.7300,-4.650,,,2016-04-07,AKSHARE,seg_4_8_92,False,False,possible_legal,
920438,2017-08-21,5.680,,4.300,32.0900,1.380,,,2017-08-17,AKSHARE,seg_4_8_92,False,False,possible_legal,
920438,2017-11-08,5.140,,3.700,38.9200,1.440,,,2017-11-01,AKSHARE,seg_4_8_92,False,False,possible_legal,
920438,2017-11-17,5.200,,3.900,33.3300,1.300,,,2017-11-15,AKSHARE,seg_4_8_92,False,False,possible_legal,
920438,2017-12-29,4.700,,3.500,34.2900,1.200,,,2017-12-28,AKSHARE,seg_4_8_92,False,False,possible_legal,
920438,2018-01-12,6.350,,3.500,81.4300,2.850,,,2018-01-05,AKSHARE,seg_4_8_92,False,False,possible_legal,
920438,2018-01-31,3.300,,6.350,-48.0300,-3.050,,,2018-01-12,AKSHARE,seg_4_8_92,False,False,possible_legal,
920438,2018-05-21,3.500,,2.610,34.1000,0.890,,,2018-05-11,AKSHARE,seg_4_8_92,False,False,possible_legal,
920438,2019-04-23,1.030,,1.680,-38.6900,-0.650,,,2019-04-19,AKSHARE,seg_4_8_92,False,False,possible_legal,
920438,2019-04-25,1.200,,0.900,33.3300,0.300,,,2019-04-24,AKSHARE,seg_4_8_92,False,False,possible_legal,
920438,2019-11-07,2.150,,1.360,58.0900,0.790,,,2019-10-23,AKSHARE,seg_4_8_92,False,False,possible_legal,
920438,2019-12-11,1.350,,2.150,-37.2100,-0.800,,,2019-11-07,AKSHARE,seg_4_8_92,False,False,possible_legal,
920438,2020-05-11,2.960,,1.610,83.8500,1.350,,,2020-05-08,AKSHARE,seg_4_8_92,False,False,possible_legal,
920438,2020-05-13,1.730,,2.960,-41.5500,-1.230,,,2020-05-11,AKSHARE,seg_4_8_92,False,False,possible_legal,
920438,2021-07-27,4.500,,3.360,33.9300,1.140,,,2021-07-26,AKSHARE,seg_4_8_92,False,False,possible_legal,
920438,2021-09-06,4.900,,3.710,32.0800,1.190,,,2021-09-02,AKSHARE,seg_4_8_92,False,False,possible_legal,
920445,2015-11-06,3.700,1.010,1.010,266.3366,2.690,1.00000000,1.00000000,2015-11-04,SINA,seg_4_8_92,True,False,possible_legal,0.0
920445,2015-12-09,3.990,2.920,2.920,36.6438,1.070,1.00000000,1.00000000,2015-12-08,SINA,seg_4_8_92,True,False,possible_legal,0.0
920445,2020-07-27,7.840,13.870,13.870,-43.4751,-6.030,1.00000000,1.00000000,2020-04-29,SINA,seg_4_8_92,True,False,possible_legal,0.0
920454,2015-12-29,0.770,,,-77.6200,-2.670,,,,AKSHARE,seg_4_8_92,False,False,possible_legal,
920454,2015-12-30,1.210,,0.770,57.1400,0.440,,,2015-12-29,AKSHARE,seg_4_8_92,False,False,possible_legal,
920454,2016-01-04,4.460,,1.580,182.2800,2.880,,,2015-12-31,AKSHARE,seg_4_8_92,False,False,possible_legal,
920454,2016-01-05,8.230,,4.460,84.5300,3.770,,,2016-01-04,AKSHARE,seg_4_8_92,False,False,possible_legal,
920454,2016-01-13,1.390,,7.570,-81.6400,-6.180,,,2016-01-11,AKSHARE,seg_4_8_92,False,False,possible_legal,
920454,2016-01-14,7.540,,1.390,442.4500,6.150,,,2016-01-13,AKSHARE,seg_4_8_92,False,False,possible_legal,
920454,2016-02-29,1.790,,6.840,-73.8300,-5.050,,,2016-02-25,AKSHARE,seg_4_8_92,False,False,possible_legal,
920454,2016-04-13,6.290,,1.390,352.5200,4.900,,,2016-03-23,AKSHARE,seg_4_8_92,False,False,possible_legal,
920454,2016-04-26,1.390,,6.290,-77.9000,-4.900,,,2016-04-13,AKSHARE,seg_4_8_92,False,False,possible_legal,
920454,2016-05-30,2.890,,1.390,107.9100,1.500,,,2016-04-26,AKSHARE,seg_4_8_92,False,False,possible_legal,
920454,2019-09-12,0.420,,1.450,-71.0300,-1.030,,,2018-10-10,AKSHARE,seg_4_8_92,False,False,possible_legal,
920454,2019-10-29,1.340,,0.420,219.0500,0.920,,,2019-09-12,AKSHARE,seg_4_8_92,False,False,possible_legal,
920454,2019-12-26,2.960,,1.340,120.9000,1.620,,,2019-10-29,AKSHARE,seg_4_8_92,False,False,possible_legal,
920454,2020-03-17,1.540,,2.960,-47.9700,-1.420,,,2019-12-26,AKSHARE,seg_4_8_92,False,False,possible_legal,
920454,2020-03-27,3.240,,1.540,110.3900,1.700,,,2020-03-26,AKSHARE,seg_4_8_92,False,False,possible_legal,
920454,2020-04-01,5.140,,3.240,58.6400,1.900,,,2020-03-27,AKSHARE,seg_4_8_92,False,False,possible_legal,
920454,2020-06-10,3.340,,5.140,-35.0200,-1.800,,,2020-04-01,AKSHARE,seg_4_8_92,False,False,possible_legal,
920454,2020-06-16,1.540,,3.340,-53.8900,-1.800,,,2020-06-10,AKSHARE,seg_4_8_92,False,False,possible_legal,
920454,2020-06-24,3.140,,1.540,103.9000,1.600,,,2020-06-16,AKSHARE,seg_4_8_92,False,False,possible_legal,
920454,2020-06-30,5.040,,3.140,60.5100,1.900,,,2020-06-24,AKSHARE,seg_4_8_92,False,False,possible_legal,
920454,2020-07-17,3.340,,5.040,-33.7300,-1.700,,,2020-06-30,AKSHARE,seg_4_8_92,False,False,possible_legal,
920454,2020-07-22,4.940,,3.340,47.9000,1.600,,,2020-07-17,AKSHARE,seg_4_8_92,False,False,possible_legal,
920454,2020-07-23,7.040,,4.940,42.5100,2.100,,,2020-07-22,AKSHARE,seg_4_8_92,False,False,possible_legal,
920454,2020-07-27,10.240,,6.740,51.9300,3.500,,,2020-07-24,AKSHARE,seg_4_8_92,False,False,possible_legal,
920454,2020-11-03,6.490,,13.440,-51.7100,-6.950,,,2020-09-16,AKSHARE,seg_4_8_92,False,False,possible_legal,
920454,2020-11-12,2.820,,5.690,-50.4400,-2.870,,,2020-11-05,AKSHARE,seg_4_8_92,False,False,possible_legal,
920454,2020-11-19,4.900,,2.810,74.3800,2.090,,,2020-11-13,AKSHARE,seg_4_8_92,False,False,possible_legal,
920454,2020-12-07,2.280,,4.900,-53.4700,-2.620,,,2020-11-19,AKSHARE,seg_4_8_92,False,False,possible_legal,
920454,2020-12-14,4.590,,2.510,82.8700,2.080,,,2020-12-10,AKSHARE,seg_4_8_92,False,False,possible_legal,
920454,2020-12-15,2.400,,4.590,-47.7100,-2.190,,,2020-12-14,AKSHARE,seg_4_8_92,False,False,possible_legal,
920454,2021-01-26,5.690,,2.990,90.3000,2.700,,,2020-12-24,AKSHARE,seg_4_8_92,False,False,possible_legal,
920454,2021-02-18,7.990,,5.690,40.4200,2.300,,,2021-01-26,AKSHARE,seg_4_8_92,False,False,possible_legal,
920454,2021-03-05,3.740,,7.990,-53.1900,-4.250,,,2021-02-18,AKSHARE,seg_4_8_92,False,False,possible_legal,
920455,2017-01-20,-0.520,,,-119.5500,-3.180,,,,AKSHARE,seg_4_8_92,False,False,possible_legal,
920455,2019-06-04,0.210,,-0.450,146.6700,0.660,,,2017-07-05,AKSHARE,seg_4_8_92,False,False,possible_legal,
920455,2022-05-11,1.090,,0.210,419.0500,0.880,,,2019-06-04,AKSHARE,seg_4_8_92,False,False,possible_legal,
920469,2015-06-10,0.500,,6.300,-92.0600,-5.800,,,2015-06-09,AKSHARE,seg_4_8_92,False,False,possible_legal,
920469,2015-06-11,6.070,,0.500,1114.0000,5.570,,,2015-06-10,AKSHARE,seg_4_8_92,False,False,possible_legal,
920469,2015-06-30,0.510,,9.150,-94.4300,-8.640,,,2015-06-29,AKSHARE,seg_4_8_92,False,False,possible_legal,
920469,2015-07-01,8.800,,0.510,1625.4900,8.290,,,2015-06-30,AKSHARE,seg_4_8_92,False,False,possible_legal,
920469,2015-07-29,3.180,,9.180,-65.3600,-6.000,,,2015-07-28,AKSHARE,seg_4_8_92,False,False,possible_legal,
920469,2015-07-31,4.370,,3.180,37.4200,1.190,,,2015-07-30,AKSHARE,seg_4_8_92,False,False,possible_legal,
920469,2015-08-04,2.800,,4.370,-35.9300,-1.570,,,2015-07-31,AKSHARE,seg_4_8_92,False,False,possible_legal,
920469,2015-08-06,4.330,,2.640,64.0200,1.690,,,2015-08-05,AKSHARE,seg_4_8_92,False,False,possible_legal,
920469,2015-08-07,10.480,,4.330,142.0300,6.150,,,2015-08-06,AKSHARE,seg_4_8_92,False,False,possible_legal,
920469,2015-08-10,5.240,,10.480,-50.0000,-5.240,,,2015-08-07,AKSHARE,seg_4_8_92,False,False,possible_legal,
920469,2015-08-11,10.270,,5.240,95.9900,5.030,,,2015-08-10,AKSHARE,seg_4_8_92,False,False,possible_legal,
920469,2015-08-13,4.930,,10.770,-54.2200,-5.840,,,2015-08-12,AKSHARE,seg_4_8_92,False,False,possible_legal,
920469,2015-08-18,7.800,,4.330,80.1400,3.470,,,2015-08-17,AKSHARE,seg_4_8_92,False,False,possible_legal,
920469,2015-09-25,4.330,,11.550,-62.5100,-7.220,,,2015-09-24,AKSHARE,seg_4_8_92,False,False,possible_legal,
920469,2015-09-28,9.790,,4.330,126.1000,5.460,,,2015-09-25,AKSHARE,seg_4_8_92,False,False,possible_legal,
920469,2015-10-30,5.260,,7.900,-33.4200,-2.640,,,2015-10-29,AKSHARE,seg_4_8_92,False,False,possible_legal,
920469,2015-11-02,7.000,,5.260,33.0800,1.740,,,2015-10-30,AKSHARE,seg_4_8_92,False,False,possible_legal,
920469,2015-11-04,10.820,,8.170,32.4400,2.650,,,2015-11-03,AKSHARE,seg_4_8_92,False,False,possible_legal,
920469,2015-11-05,6.760,,10.820,-37.5200,-4.060,,,2015-11-04,AKSHARE,seg_4_8_92,False,False,possible_legal,
920469,2015-11-12,11.900,,8.950,32.9600,2.950,,,2015-11-11,AKSHARE,seg_4_8_92,False,False,possible_legal,
920469,2015-11-13,4.640,,11.900,-61.0100,-7.260,,,2015-11-12,AKSHARE,seg_4_8_92,False,False,possible_legal,
920469,2015-11-16,7.240,,4.640,56.0300,2.600,,,2015-11-13,AKSHARE,seg_4_8_92,False,False,possible_legal,
920469,2015-11-25,4.770,,8.800,-45.8000,-4.030,,,2015-11-24,AKSHARE,seg_4_8_92,False,False,possible_legal,
920469,2016-05-27,4.720,,9.950,-52.5600,-5.230,,,2016-05-26,AKSHARE,seg_4_8_92,False,False,possible_legal,
920469,2016-05-30,9.720,,4.720,105.9300,5.000,,,2016-05-27,AKSHARE,seg_4_8_92,False,False,possible_legal,
920469,2016-08-10,6.530,,9.500,-31.2600,-2.970,,,2016-08-09,AKSHARE,seg_4_8_92,False,False,possible_legal,
920469,2016-08-31,4.720,,6.970,-32.2800,-2.250,,,2016-08-30,AKSHARE,seg_4_8_92,False,False,possible_legal,
920469,2017-09-18,3.800,,7.410,-48.7200,-3.610,,,2017-09-15,AKSHARE,seg_4_8_92,False,False,possible_legal,
920469,2017-11-03,5.010,,3.800,31.8400,1.210,,,2017-10-27,AKSHARE,seg_4_8_92,False,False,possible_legal,
920469,2019-08-29,2.700,,4.020,-32.8400,-1.320,,,2018-08-27,AKSHARE,seg_4_8_92,False,False,possible_legal,
920469,2019-12-31,4.330,,2.170,99.5400,2.160,,,2019-11-08,AKSHARE,seg_4_8_92,False,False,possible_legal,
920469,2020-07-29,9.630,,4.720,104.0300,4.910,,,2020-01-02,AKSHARE,seg_4_8_92,False,False,possible_legal,
920469,2020-08-03,4.680,,9.630,-51.4000,-4.950,,,2020-07-29,AKSHARE,seg_4_8_92,False,False,possible_legal,
920469,2020-08-14,2.200,,4.680,-52.9900,-2.480,,,2020-08-03,AKSHARE,seg_4_8_92,False,False,possible_legal,
920469,2020-08-31,3.740,,2.190,70.7800,1.550,,,2020-08-17,AKSHARE,seg_4_8_92,False,False,possible_legal,
920469,2020-09-07,3.560,,2.680,32.8400,0.880,,,2020-09-03,AKSHARE,seg_4_8_92,False,False,possible_legal,
920469,2020-09-08,4.790,,3.560,34.5500,1.230,,,2020-09-07,AKSHARE,seg_4_8_92,False,False,possible_legal,
920469,2021-07-22,2.180,,4.570,-52.3000,-2.390,,,2021-04-22,AKSHARE,seg_4_8_92,False,False,possible_legal,
920469,2021-09-07,4.600,,2.180,111.0100,2.420,,,2021-08-16,AKSHARE,seg_4_8_92,False,False,possible_legal,
920469,2021-10-29,6.550,,4.610,42.0800,1.940,,,2021-10-27,AKSHARE,seg_4_8_92,False,False,possible_legal,
920469,2021-11-01,3.210,,6.550,-50.9900,-3.340,,,2021-10-29,AKSHARE,seg_4_8_92,False,False,possible_legal,
920469,2021-11-11,5.090,,3.570,42.5800,1.520,,,2021-11-10,AKSHARE,seg_4_8_92,False,False,possible_legal,
920469,2022-05-17,5.000,,3.570,40.0600,1.430,,,2022-05-11,AKSHARE,seg_4_8_92,False,False,possible_legal,
920471,2016-01-27,3.710,,,-64.1200,-6.630,,,,AKSHARE,seg_4_8_92,False,False,possible_legal,
920471,2016-01-29,11.650,,3.710,214.0200,7.940,,,2016-01-27,AKSHARE,seg_4_8_92,False,False,possible_legal,
920471,2016-07-01,5.680,,11.650,-51.2400,-5.970,,,2016-01-29,AKSHARE,seg_4_8_92,False,False,possible_legal,
920471,2016-07-13,7.780,,5.680,36.9700,2.100,,,2016-07-01,AKSHARE,seg_4_8_92,False,False,possible_legal,
920475,2017-02-08,8.000,20.000,20.000,-60.0000,-12.000,1.00000000,1.00000000,2016-05-23,SINA,seg_4_8_92,True,False,possible_legal,0.0
920475,2017-06-16,4.220,8.990,8.990,-53.0590,-4.770,1.00000000,1.00000000,2017-05-15,SINA,seg_4_8_92,True,False,possible_legal,0.0
920475,2018-06-08,3.450,5.380,5.380,-35.8736,-1.930,1.00000000,1.00000000,2018-04-02,SINA,seg_4_8_92,True,False,possible_legal,0.0
920475,2018-10-15,0.000,,3.450,-100.0000,,1.00000000,1.00000000,2018-06-08,SINA,seg_4_8_92,True,False,possible_legal,
920475,2018-12-18,6.000,3.280,3.280,82.9268,2.720,1.00000000,1.00000000,2018-12-14,SINA,seg_4_8_92,True,False,possible_legal,0.0
920475,2019-02-13,3.000,6.000,6.000,-50.0000,-3.000,1.00000000,1.00000000,2018-12-18,SINA,seg_4_8_92,True,False,possible_legal,0.0
920475,2020-01-08,9.010,6.550,6.550,37.5573,2.460,1.00000000,1.00000000,2020-01-07,SINA,seg_4_8_92,True,False,possible_legal,0.0
920475,2020-04-07,11.000,8.110,8.110,35.6350,2.890,1.00000000,1.00000000,2020-03-02,SINA,seg_4_8_92,True,False,possible_legal,0.0
920476,2014-01-24,4.430,,,-57.1200,-5.900,,,,AKSHARE,seg_4_8_92,False,False,possible_legal,
920476,2014-02-24,0.910,,4.430,-79.4600,-3.520,,,2014-01-24,AKSHARE,seg_4_8_92,False,False,possible_legal,
920476,2014-02-25,4.680,,0.910,414.2900,3.770,,,2014-02-24,AKSHARE,seg_4_8_92,False,False,possible_legal,
920476,2014-04-16,-0.820,,4.680,-117.5200,-5.500,,,2014-02-25,AKSHARE,seg_4_8_92,False,False,possible_legal,
920476,2014-04-18,4.480,,-0.820,646.3400,5.300,,,2014-04-17,AKSHARE,seg_4_8_92,False,False,possible_legal,
920476,2014-08-01,1.070,,3.230,-66.8700,-2.160,,,2014-07-29,AKSHARE,seg_4_8_92,False,False,possible_legal,
920476,2014-08-04,-0.020,,1.070,-101.8700,-1.090,,,2014-08-01,AKSHARE,seg_4_8_92,False,False,possible_legal,
920476,2014-08-05,1.070,,-0.020,5450.0000,1.090,,,2014-08-04,AKSHARE,seg_4_8_92,False,False,possible_legal,
920476,2014-08-06,1.660,,1.070,55.1400,0.590,,,2014-08-05,AKSHARE,seg_4_8_92,False,False,possible_legal,
920476,2014-08-12,3.070,,1.660,84.9400,1.410,,,2014-08-08,AKSHARE,seg_4_8_92,False,False,possible_legal,
920476,2015-01-15,3.780,,2.770,36.4600,1.010,,,2015-01-13,AKSHARE,seg_4_8_92,False,False,possible_legal,
920476,2015-07-09,5.760,,4.270,34.8900,1.490,,,2015-07-08,AKSHARE,seg_4_8_92,False,False,possible_legal,
920476,2016-07-18,3.940,,5.980,-34.1100,-2.040,,,2015-12-03,AKSHARE,seg_4_8_92,False,False,possible_legal,
920476,2018-06-29,2.290,,3.500,-34.5700,-1.210,,,2018-01-09,AKSHARE,seg_4_8_92,False,False,possible_legal,
920476,2018-09-17,1.400,,1.060,32.0800,0.340,,,2018-09-14,AKSHARE,seg_4_8_92,False,False,possible_legal,
920476,2019-01-14,1.350,,0.980,37.7600,0.370,,,2019-01-11,AKSHARE,seg_4_8_92,False,False,possible_legal,
920476,2020-01-06,5.150,,3.100,66.1300,2.050,,,2019-12-31,AKSHARE,seg_4_8_92,False,False,possible_legal,
920476,2020-04-16,3.160,,5.130,-38.4000,-1.970,,,2020-04-15,AKSHARE,seg_4_8_92,False,False,possible_legal,
920478,2014-12-30,0.230,,5.220,-95.5900,-4.990,,,2014-10-31,AKSHARE,seg_4_8_92,False,False,possible_legal,
920478,2015-03-20,3.380,,0.230,1369.5700,3.150,,,2014-12-30,AKSHARE,seg_4_8_92,False,False,possible_legal,
920478,2015-05-04,9.420,,3.380,178.7000,6.040,,,2015-03-20,AKSHARE,seg_4_8_92,False,False,possible_legal,
920478,2020-01-08,3.080,,2.300,33.9100,0.780,,,2019-12-27,AKSHARE,seg_4_8_92,False,False,possible_legal,
920478,2020-10-27,20.020,,9.640,107.6800,10.380,,,2020-10-13,AKSHARE,seg_4_8_92,False,False,possible_legal,
920478,2020-11-02,9.760,,20.020,-51.2500,-10.260,,,2020-10-27,AKSHARE,seg_4_8_92,False,False,possible_legal,
920478,2020-11-03,20.150,,9.760,106.4500,10.390,,,2020-11-02,AKSHARE,seg_4_8_92,False,False,possible_legal,
920478,2020-11-06,28.690,,16.350,75.4700,12.340,,,2020-11-04,AKSHARE,seg_4_8_92,False,False,possible_legal,
920478,2020-11-13,11.350,,23.590,-51.8900,-12.240,,,2020-11-10,AKSHARE,seg_4_8_92,False,False,possible_legal,
920478,2020-12-18,13.640,,9.320,46.3500,4.320,,,2020-12-16,AKSHARE,seg_4_8_92,False,False,possible_legal,
920478,2022-03-25,5.530,,11.860,-53.3700,-6.330,,,2022-03-23,AKSHARE,seg_4_8_92,False,False,possible_legal,
920478,2022-03-28,11.220,,5.530,102.8900,5.690,,,2022-03-25,AKSHARE,seg_4_8_92,False,False,possible_legal,
920478,2022-05-05,10.430,,7.620,36.8800,2.810,,,2022-04-29,AKSHARE,seg_4_8_92,False,False,possible_legal,
920478,2022-05-10,8.390,,12.370,-32.1700,-3.980,,,2022-05-09,AKSHARE,seg_4_8_92,False,False,possible_legal,
920489,2015-01-14,10.500,6.000,6.000,75.0000,4.500,,1.00000000,2015-01-08,AUSHARE,seg_4_8_92,False,False,possible_legal,0.0
920489,2015-01-19,9.000,6.000,10.500,50.0000,3.000,1.00000000,,2015-01-14,SINA,seg_4_8_92,False,False,possible_legal,0.42857142857142855
920489,2015-03-31,18.000,12.200,12.200,47.5410,5.800,1.00000000,1.00000000,2015-03-30,SINA,seg_4_8_92,True,False,possible_legal,0.0
920489,2015-09-23,7.500,12.200,12.200,-38.5246,-4.700,1.00000000,1.00000000,2015-05-15,SINA,seg_4_8_92,True,False,possible_legal,0.0
920489,2015-12-28,1.000,9.090,9.090,-88.9989,-8.090,1.00000000,1.00000000,2015-12-25,SINA,seg_4_8_92,True,False,possible_legal,0.0
920489,2015-12-29,2.920,1.000,1.000,192.0000,1.920,1.00000000,1.00000000,2015-12-28,SINA,seg_4_8_92,True,False,possible_legal,0.0
920489,2015-12-30,9.000,2.920,2.920,208.2192,6.080,,1.00000000,2015-12-29,AUSHARE,seg_4_8_92,False,False,possible_legal,0.0
920489,2015-12-31,10.350,2.920,9.000,254.4521,7.430,1.00000000,,2015-12-30,SINA,seg_4_8_92,False,False,possible_legal,0.6755555555555556
920489,2020-07-27,8.380,13.520,13.520,-38.0178,-5.140,1.00000000,1.00000000,2020-04-30,SINA,seg_4_8_92,True,False,possible_legal,0.0
920491,2015-10-12,7.070,,,-31.3600,-3.230,,,,AKSHARE,seg_4_8_92,False,False,possible_legal,
920491,2016-12-30,21.470,,14.140,51.8400,7.330,,,2016-12-29,AKSHARE,seg_4_8_92,False,False,possible_legal,
920491,2017-01-03,14.220,,21.470,-33.7700,-7.250,,,2016-12-30,AKSHARE,seg_4_8_92,False,False,possible_legal,
920491,2017-02-03,64.220,,14.370,346.9000,49.850,,,2017-01-25,AKSHARE,seg_4_8_92,False,False,possible_legal,
920491,2017-02-06,15.020,,64.220,-76.6100,-49.200,,,2017-02-03,AKSHARE,seg_4_8_92,False,False,possible_legal,
920491,2018-03-09,5.470,,18.500,-70.4300,-13.030,,,2017-06-30,AKSHARE,seg_4_8_92,False,False,possible_legal,
920491,2019-01-17,3.370,,4.970,-32.1900,-1.600,,,2019-01-10,AKSHARE,seg_4_8_92,False,False,possible_legal,
920491,2019-01-21,4.940,,3.370,46.5900,1.570,,,2019-01-17,AKSHARE,seg_4_8_92,False,False,possible_legal,
920493,2017-06-15,17.200,,,-40.6900,-11.800,,,,AKSHARE,seg_4_8_92,False,False,possible_legal,
920493,2021-12-27,106.000,,53.000,100.0000,53.000,,,2021-12-24,AKSHARE,seg_4_8_92,False,False,possible_legal,
920493,2021-12-28,53.000,,106.000,-50.0000,-53.000,,,2021-12-27,AKSHARE,seg_4_8_92,False,False,possible_legal,
920496,2015-08-14,0.300,,,-93.1000,-4.050,,,,AKSHARE,seg_4_8_92,False,False,possible_legal,
920496,2015-09-22,1.290,,0.310,316.1300,0.980,,,2015-09-07,AKSHARE,seg_4_8_92,False,False,possible_legal,
920496,2015-10-22,3.380,,1.290,162.0200,2.090,,,2015-09-22,AKSHARE,seg_4_8_92,False,False,possible_legal,
920496,2017-11-23,1.920,,4.500,-57.3300,-2.580,,,2017-11-16,AKSHARE,seg_4_8_92,False,False,possible_legal,
920496,2017-11-24,3.710,,1.920,93.2300,1.790,,,2017-11-23,AKSHARE,seg_4_8_92,False,False,possible_legal,
920496,2017-12-11,8.650,,4.350,98.8500,4.300,,,2017-12-08,AKSHARE,seg_4_8_92,False,False,possible_legal,
920496,2017-12-12,4.070,,8.650,-52.9500,-4.580,,,2017-12-11,AKSHARE,seg_4_8_92,False,False,possible_legal,
920496,2018-01-05,5.880,,3.710,58.4900,2.170,,,2018-01-04,AKSHARE,seg_4_8_92,False,False,possible_legal,
920496,2018-01-08,2.610,,5.880,-55.6100,-3.270,,,2018-01-05,AKSHARE,seg_4_8_92,False,False,possible_legal,
920496,2018-01-09,0.980,,2.610,-62.4500,-1.630,,,2018-01-08,AKSHARE,seg_4_8_92,False,False,possible_legal,
920496,2018-01-10,2.620,,0.980,167.3500,1.640,,,2018-01-09,AKSHARE,seg_4_8_92,False,False,possible_legal,
920496,2018-01-11,4.440,,2.620,69.4700,1.820,,,2018-01-10,AKSHARE,seg_4_8_92,False,False,possible_legal,
920496,2018-01-12,6.830,,4.440,53.8300,2.390,,,2018-01-11,AKSHARE,seg_4_8_92,False,False,possible_legal,
920496,2018-01-19,3.830,,6.830,-43.9200,-3.000,,,2018-01-12,AKSHARE,seg_4_8_92,False,False,possible_legal,
920496,2018-03-21,1.540,,2.330,-33.9100,-0.790,,,2018-03-20,AKSHARE,seg_4_8_92,False,False,possible_legal,
920496,2018-07-09,1.320,,1.000,32.0000,0.320,,,2018-06-12,AKSHARE,seg_4_8_92,False,False,possible_legal,
920496,2018-08-14,2.380,,1.650,44.2400,0.730,,,2018-08-13,AKSHARE,seg_4_8_92,False,False,possible_legal,
920496,2018-12-06,2.710,,1.830,48.0900,0.880,,,2018-11-23,AKSHARE,seg_4_8_92,False,False,possible_legal,
920496,2019-03-26,1.880,,3.130,-39.9400,-1.250,,,2018-12-18,AKSHARE,seg_4_8_92,False,False,possible_legal,
920496,2019-07-24,1.000,,1.820,-45.0500,-0.820,,,2019-03-27,AKSHARE,seg_4_8_92,False,False,possible_legal,
920496,2019-09-25,0.330,,1.170,-71.7900,-0.840,,,2019-08-07,AKSHARE,seg_4_8_92,False,False,possible_legal,
920496,2019-10-09,0.880,,0.340,158.8200,0.540,,,2019-10-08,AKSHARE,seg_4_8_92,False,False,possible_legal,
920496,2019-10-10,1.270,,0.880,44.3200,0.390,,,2019-10-09,AKSHARE,seg_4_8_92,False,False,possible_legal,
920496,2019-10-23,2.180,,1.480,47.3000,0.700,,,2019-10-21,AKSHARE,seg_4_8_92,False,False,possible_legal,
920496,2020-01-22,0.580,,1.830,-68.3100,-1.250,,,2020-01-02,AKSHARE,seg_4_8_92,False,False,possible_legal,
920496,2020-01-23,1.730,,0.580,198.2800,1.150,,,2020-01-22,AKSHARE,seg_4_8_92,False,False,possible_legal,
920496,2020-04-10,0.570,,0.920,-38.0400,-0.350,,,2020-04-09,AKSHARE,seg_4_8_92,False,False,possible_legal,
920496,2020-04-15,1.380,,0.570,142.1100,0.810,,,2020-04-13,AKSHARE,seg_4_8_92,False,False,possible_legal,
920496,2020-04-17,2.530,,1.380,83.3300,1.150,,,2020-04-15,AKSHARE,seg_4_8_92,False,False,possible_legal,
920496,2021-12-31,5.920,,3.260,81.6000,2.660,,,2021-12-28,AKSHARE,seg_4_8_92,False,False,possible_legal,
920496,2022-01-04,3.690,,5.920,-37.6700,-2.230,,,2021-12-31,AKSHARE,seg_4_8_92,False,False,possible_legal,
920496,2022-06-20,1.680,,3.000,-44.0000,-1.320,,,2022-06-17,AKSHARE,seg_4_8_92,False,False,possible_legal,
920496,2022-06-21,3.000,,1.680,78.5700,1.320,,,2022-06-20,AKSHARE,seg_4_8_92,False,False,possible_legal,
920496,2022-08-01,6.670,,4.750,40.4200,1.920,,,2022-07-29,AKSHARE,seg_4_8_92,False,False,possible_legal,
920496,2022-08-30,4.250,,6.930,-38.6700,-2.680,,,2022-08-29,AKSHARE,seg_4_8_92,False,False,possible_legal,
920496,2022-09-06,7.740,,4.140,86.9600,3.600,,,2022-09-05,AKSHARE,seg_4_8_92,False,False,possible_legal,
920496,2022-09-07,4.320,,7.740,-44.1900,-3.420,,,2022-09-06,AKSHARE,seg_4_8_92,False,False,possible_legal,
920496,2022-12-14,9.610,,5.150,86.6000,4.460,,,2022-12-12,AKSHARE,seg_4_8_92,False,False,possible_legal,
920496,2022-12-15,4.770,,9.610,-50.3600,-4.840,,,2022-12-14,AKSHARE,seg_4_8_92,False,False,possible_legal,
920504,2016-11-29,2.730,,,-68.4400,-5.920,,,,AKSHARE,seg_4_8_92,False,False,possible_legal,
920504,2016-11-30,6.560,,2.730,140.2900,3.830,,,2016-11-29,AKSHARE,seg_4_8_92,False,False,possible_legal,
920504,2016-12-05,6.560,,4.560,43.8600,2.000,,,2016-12-02,AKSHARE,seg_4_8_92,False,False,possible_legal,
920504,2016-12-09,-2.440,,6.560,-137.2000,-9.000,,,2016-12-05,AKSHARE,seg_4_8_92,False,False,possible_legal,
920504,2016-12-12,2.730,,-2.440,211.8900,5.170,,,2016-12-09,AKSHARE,seg_4_8_92,False,False,possible_legal,
920504,2016-12-16,4.560,,2.730,67.0300,1.830,,,2016-12-14,AKSHARE,seg_4_8_92,False,False,possible_legal,
920504,2016-12-22,11.560,,5.830,98.2800,5.730,,,2016-12-21,AKSHARE,seg_4_8_92,False,False,possible_legal,
920504,2021-01-21,4.420,,10.620,-58.3800,-6.200,,,2020-07-08,AKSHARE,seg_4_8_92,False,False,possible_legal,
920504,2021-09-27,10.550,,4.550,131.8700,6.000,,,2021-07-06,AKSHARE,seg_4_8_92,False,False,possible_legal,
920504,2021-09-28,5.550,,10.550,-47.3900,-5.000,,,2021-09-27,AKSHARE,seg_4_8_92,False,False,possible_legal,
920504,2021-10-18,8.410,,6.360,32.2300,2.050,,,2021-10-14,AKSHARE,seg_4_8_92,False,False,possible_legal,
920505,2021-01-05,2.920,,,-61.3200,-4.630,,,,AKSHARE,seg_4_8_92,False,False,possible_legal,
920505,2021-01-12,8.160,,3.580,127.9300,4.580,,,2021-01-11,AKSHARE,seg_4_8_92,False,False,possible_legal,
920505,2021-09-08,5.880,,3.820,53.9300,2.060,,,2021-08-10,AKSHARE,seg_4_8_92,False,False,possible_legal,
920505,2021-09-15,9.340,,6.440,45.0300,2.900,,,2021-09-09,AKSHARE,seg_4_8_92,False,False,possible_legal,
920505,2022-04-12,11.060,,16.710,-33.8100,-5.650,,,2022-03-16,AKSHARE,seg_4_8_92,False,False,possible_legal,
920508,2016-02-17,9.000,6.000,6.000,50.0000,3.000,1.00000000,1.00000000,2016-02-05,SINA,seg_4_8_92,True,False,possible_legal,0.0
920508,2016-02-18,3.170,,9.000,-44.0900,-2.500,,1.00000000,2016-02-17,AKSHARE,seg_4_8_92,False,False,possible_legal,
920508,2016-04-12,3.170,,7.950,-33.8200,-1.620,,1.00000000,2016-04-11,AKSHARE,seg_4_8_92,False,False,possible_legal,
920508,2016-04-14,4.670,,3.170,47.3200,1.500,,,2016-04-12,AKSHARE,seg_4_8_92,False,False,possible_legal,
920508,2016-04-28,3.170,,7.800,-32.1200,-1.500,,1.00000000,2016-04-27,AKSHARE,seg_4_8_92,False,False,possible_legal,
920508,2017-04-11,5.000,7.700,7.700,-35.0649,-2.700,1.00000000,1.00000000,2017-04-06,SINA,seg_4_8_92,True,False,possible_legal,0.0
920508,2017-04-12,4.750,,5.000,90.0000,2.250,,1.00000000,2017-04-11,AKSHARE,seg_4_8_92,False,False,possible_legal,
920508,2017-04-17,8.100,5.000,5.000,62.0000,3.100,1.00000000,,2017-04-14,SINA,seg_4_8_92,False,False,possible_legal,0.0
920508,2019-07-03,0.000,,5.050,-100.0000,,1.00000000,1.00000000,2018-11-21,SINA,seg_4_8_92,True,False,possible_legal,
920508,2020-04-30,9.880,6.600,6.600,49.6970,3.280,1.00000000,1.00000000,2020-04-29,SINA,seg_4_8_92,True,False,possible_legal,0.0
920509,2016-04-18,6.600,10.000,10.000,-34.0000,-3.400,1.00000000,1.00000000,2015-12-15,SINA,seg_4_8_92,True,False,possible_legal,0.0
920509,2016-10-24,9.500,6.600,-0.150,43.9394,2.900,1.00000000,,2016-04-22,SINA,seg_4_8_92,False,False,possible_legal,
920509,2016-12-21,6.000,9.500,9.500,-36.8421,-3.500,1.00000000,1.00000000,2016-10-24,SINA,seg_4_8_92,True,False,possible_legal,0.0
920509,2017-12-04,3.000,6.000,6.000,-50.0000,-3.000,1.00000000,1.00000000,2017-01-17,SINA,seg_4_8_92,True,False,possible_legal,0.0
920509,2017-12-05,5.800,3.000,3.000,93.3333,2.800,1.00000000,1.00000000,2017-12-04,SINA,seg_4_8_92,True,False,possible_legal,0.0
920509,2019-11-14,5.880,4.000,4.000,47.0000,1.880,1.00000000,1.00000000,2019-10-25,SINA,seg_4_8_92,True,False,possible_legal,0.0
920509,2020-01-06,0.000,,6.030,-100.0000,,1.00000000,1.00000000,2019-11-15,SINA,seg_4_8_92,True,False,possible_legal,
920509,2020-07-06,10.000,6.030,2.830,65.8375,3.970,1.00000000,,2020-04-10,SINA,seg_4_8_92,False,False,possible_legal,1.1307420494699647
920509,2021-01-11,6.270,20.020,20.020,-68.6813,-13.750,1.00000000,1.00000000,2020-09-02,SINA,seg_4_8_92,True,False,possible_legal,0.0
920510,2015-07-28,7.100,5.220,5.220,36.0153,1.880,1.00000000,1.00000000,2015-07-01,SINA,seg_4_8_92,True,False,possible_legal,0.0
920510,2020-01-02,6.800,3.880,3.880,75.2577,2.920,1.00000000,1.00000000,2019-07-15,SINA,seg_4_8_92,True,False,possible_legal,0.0
920519,2016-06-06,5.500,,,-35.5200,-3.030,,,,AKSHARE,seg_4_8_92,False,False,possible_legal,
920519,2018-08-01,8.400,,5.500,52.7300,2.900,,,2016-06-06,AKSHARE,seg_4_8_92,False,False,possible_legal,
920519,2020-06-03,13.650,,9.650,41.4500,4.000,,,2020-05-25,AKSHARE,seg_4_8_92,False,False,possible_legal,
920519,2020-12-29,16.940,,12.850,31.8300,4.090,,,2020-12-02,AKSHARE,seg_4_8_92,False,False,possible_legal,
920519,2022-07-01,5.340,,11.180,-52.2400,-5.840,,,2022-06-13,AKSHARE,seg_4_8_92,False,False,possible_legal,
920519,2022-07-07,10.500,,5.340,96.6300,5.160,,,2022-07-01,AKSHARE,seg_4_8_92,False,False,possible_legal,
920519,2022-09-16,11.380,,8.380,35.8000,3.000,,,2022-09-07,AKSHARE,seg_4_8_92,False,False,possible_legal,
920522,2016-05-30,0.590,,,-93.0900,-7.950,,,,AKSHARE,seg_4_8_92,False,False,possible_legal,
920522,2016-08-25,0.980,,0.590,66.1000,0.390,,,2016-05-30,AKSHARE,seg_4_8_92,False,False,possible_legal,
920522,2016-08-26,1.490,,0.980,52.0400,0.510,,,2016-08-25,AKSHARE,seg_4_8_92,False,False,possible_legal,
920522,2020-04-23,1.040,,1.820,-42.8600,-0.780,,,2020-04-22,AKSHARE,seg_4_8_92,False,False,possible_legal,
920522,2020-12-23,0.780,,0.450,73.3300,0.330,,,2020-12-22,AKSHARE,seg_4_8_92,False,False,possible_legal,
920522,2021-09-06,5.700,,3.670,55.3100,2.030,,,2021-09-03,AKSHARE,seg_4_8_92,False,False,possible_legal,
920523,2016-11-01,5.000,1.820,1.820,174.7253,3.180,1.00000000,1.00000000,2016-06-30,SINA,seg_4_8_92,True,False,possible_legal,0.0
920523,2020-05-22,0.000,,7.030,-100.0000,,1.00000000,1.00000000,2020-05-21,SINA,seg_4_8_92,True,False,possible_legal,
920523,2020-05-29,12.720,7.600,7.600,67.3684,5.120,1.00000000,1.00000000,2020-05-28,SINA,seg_4_8_92,True,False,possible_legal,0.0
920523,2020-06-08,16.470,9.990,9.990,64.8649,6.480,1.00000000,1.00000000,2020-06-05,SINA,seg_4_8_92,True,False,possible_legal,0.0
920523,2020-06-10,10.160,18.990,18.990,-46.4982,-8.830,1.00000000,1.00000000,2020-06-09,SINA,seg_4_8_92,True,False,possible_legal,0.0
920523,2021-01-15,21.000,11.900,11.900,76.4706,9.100,1.00000000,1.00000000,2021-01-14,SINA,seg_4_8_92,True,False,possible_legal,0.0
920523,2021-01-18,11.600,21.000,21.000,-44.7619,-9.400,1.00000000,1.00000000,2021-01-15,SINA,seg_4_8_92,True,False,possible_legal,0.0
920523,2021-01-19,19.990,11.600,11.600,72.3276,8.390,1.00000000,1.00000000,2021-01-18,SINA,seg_4_8_92,True,False,possible_legal,0.0
920526,2015-09-24,-0.350,,,-109.3300,-4.100,,,,AKSHARE,seg_4_8_92,False,False,possible_legal,
920526,2017-01-16,-0.020,,-0.350,94.2900,0.330,,,2015-09-24,AKSHARE,seg_4_8_92,False,False,possible_legal,
920526,2017-01-20,-0.110,,-0.020,-450.0000,-0.090,,,2017-01-17,AKSHARE,seg_4_8_92,False,False,possible_legal,
920526,2017-06-07,2.130,,-0.110,2036.3600,2.240,,,2017-02-20,AKSHARE,seg_4_8_92,False,False,possible_legal,
920526,2018-04-04,1.670,,1.240,34.6800,0.430,,,2018-04-03,AKSHARE,seg_4_8_92,False,False,possible_legal,
920526,2019-12-03,1.000,,0.380,163.1600,0.620,,,2019-11-29,AKSHARE,seg_4_8_92,False,False,possible_legal,
920526,2019-12-05,0.450,,0.850,-47.0600,-0.400,,,2019-12-04,AKSHARE,seg_4_8_92,False,False,possible_legal,
920526,2019-12-19,-0.090,,0.550,-116.3600,-0.640,,,2019-12-11,AKSHARE,seg_4_8_92,False,False,possible_legal,
920526,2019-12-24,0.550,,-0.090,711.1100,0.640,,,2019-12-19,AKSHARE,seg_4_8_92,False,False,possible_legal,
920526,2020-01-06,1.050,,0.600,75.0000,0.450,,,2020-01-03,AKSHARE,seg_4_8_92,False,False,possible_legal,
920526,2020-02-28,1.300,,0.750,73.3300,0.550,,,2020-01-09,AKSHARE,seg_4_8_92,False,False,possible_legal,
920526,2020-03-02,2.010,,1.300,54.6200,0.710,,,2020-02-28,AKSHARE,seg_4_8_92,False,False,possible_legal,
920526,2020-04-15,3.050,,2.270,34.3600,0.780,,,2020-04-10,AKSHARE,seg_4_8_92,False,False,possible_legal,
920526,2020-04-22,1.910,,3.050,-37.3800,-1.140,,,2020-04-15,AKSHARE,seg_4_8_92,False,False,possible_legal,
920526,2020-04-29,3.000,,2.240,33.9300,0.760,,,2020-04-24,AKSHARE,seg_4_8_92,False,False,possible_legal,
920526,2020-04-30,1.750,,3.000,-41.6700,-1.250,,,2020-04-29,AKSHARE,seg_4_8_92,False,False,possible_legal,
920526,2020-06-04,0.910,,1.700,-46.4700,-0.790,,,2020-05-13,AKSHARE,seg_4_8_92,False,False,possible_legal,
920526,2020-06-05,2.000,,0.910,119.7800,1.090,,,2020-06-04,AKSHARE,seg_4_8_92,False,False,possible_legal,
920526,2020-07-17,1.230,,0.630,95.2400,0.600,,,2020-07-13,AKSHARE,seg_4_8_92,False,False,possible_legal,
920526,2020-08-27,2.600,,1.240,109.6800,1.360,,,2020-08-14,AKSHARE,seg_4_8_92,False,False,possible_legal,
920526,2020-09-01,4.950,,2.600,90.3800,2.350,,,2020-08-27,AKSHARE,seg_4_8_92,False,False,possible_legal,
920526,2020-10-12,2.700,,5.950,-54.6200,-3.250,,,2020-09-15,AKSHARE,seg_4_8_92,False,False,possible_legal,
920526,2021-04-21,1.450,,2.550,-43.1400,-1.100,,,2021-04-20,AKSHARE,seg_4_8_92,False,False,possible_legal,
920526,2021-04-26,2.230,,1.450,53.7900,0.780,,,2021-04-23,AKSHARE,seg_4_8_92,False,False,possible_legal,
920527,2021-01-20,6.060,,10.050,-39.7000,-3.990,,,2020-12-01,AKSHARE,seg_4_8_92,False,False,possible_legal,
920527,2021-02-04,7.050,,5.070,39.0500,1.980,,,2021-01-29,AKSHARE,seg_4_8_92,False,False,possible_legal,
920527,2021-07-05,9.470,,7.070,33.9500,2.400,,,2021-05-12,AKSHARE,seg_4_8_92,False,False,possible_legal,
920533,2017-02-20,-0.900,,,-119.6500,-5.480,,,,AKSHARE,seg_4_8_92,False,False,possible_legal,
920533,2017-04-05,-0.610,,-0.900,32.2200,0.290,,,2017-03-30,AKSHARE,seg_4_8_92,False,False,possible_legal,
920533,2017-04-06,,,-0.610,100.0000,0.610,,,2017-04-05,AKSHARE,seg_4_8_92,False,False,possible_legal,
920533,2017-07-04,-0.400,,0.330,-221.2100,-0.730,,,2017-04-07,AKSHARE,seg_4_8_92,False,False,possible_legal,
920533,2017-07-06,0.030,,-0.480,106.2500,0.510,,,2017-07-05,AKSHARE,seg_4_8_92,False,False,possible_legal,
920533,2017-07-07,0.460,,0.030,1433.3300,0.430,,,2017-07-06,AKSHARE,seg_4_8_92,False,False,possible_legal,
920533,2018-01-08,-0.140,,0.460,-130.4300,-0.600,,,2017-07-07,AKSHARE,seg_4_8_92,False,False,possible_legal,
920533,2018-01-19,1.800,,-0.140,1385.7100,1.940,,,2018-01-08,AKSHARE,seg_4_8_92,False,False,possible_legal,
920533,2020-07-27,0.820,,1.820,-54.9500,-1.000,,,2019-07-02,AKSHARE,seg_4_8_92,False,False,possible_legal,
920533,2020-07-28,1.820,,0.820,121.9500,1.000,,,2020-07-27,AKSHARE,seg_4_8_92,False,False,possible_legal,
920533,2021-06-25,3.460,,1.870,85.0300,1.590,,,2021-06-01,AKSHARE,seg_4_8_92,False,False,possible_legal,
920533,2021-06-30,1.380,,3.090,-55.3400,-1.710,,,2021-06-29,AKSHARE,seg_4_8_92,False,False,possible_legal,
920533,2021-08-04,3.520,,2.150,63.7200,1.370,,,2021-08-02,AKSHARE,seg_4_8_92,False,False,possible_legal,
920533,2021-08-24,3.510,,5.560,-36.8700,-2.050,,,2021-08-17,AKSHARE,seg_4_8_92,False,False,possible_legal,
920533,2021-08-31,5.650,,3.510,60.9700,2.140,,,2021-08-24,AKSHARE,seg_4_8_92,False,False,possible_legal,
920533,2021-10-21,6.500,,4.790,35.7000,1.710,,,2021-10-20,AKSHARE,seg_4_8_92,False,False,possible_legal,
920541,2019-05-29,0.420,,,-85.5700,-2.490,,,,AKSHARE,seg_4_8_92,False,False,possible_legal,
920541,2019-08-05,1.350,,0.420,221.4300,0.930,,,2019-05-29,AKSHARE,seg_4_8_92,False,False,possible_legal,
920541,2019-08-19,0.920,,1.350,-31.8500,-0.430,,,2019-08-05,AKSHARE,seg_4_8_92,False,False,possible_legal,
920541,2019-08-23,0.440,,0.920,-52.1700,-0.480,,,2019-08-19,AKSHARE,seg_4_8_92,False,False,possible_legal,
920541,2019-08-28,1.710,,0.440,288.6400,1.270,,,2019-08-23,AKSHARE,seg_4_8_92,False,False,possible_legal,
920541,2019-10-15,0.810,,1.710,-52.6300,-0.900,,,2019-08-28,AKSHARE,seg_4_8_92,False,False,possible_legal,
920541,2019-12-12,2.430,,0.810,200.0000,1.620,,,2019-10-15,AKSHARE,seg_4_8_92,False,False,possible_legal,
920541,2019-12-27,0.770,,2.430,-68.3100,-1.660,,,2019-12-12,AKSHARE,seg_4_8_92,False,False,possible_legal,
920541,2020-05-20,2.520,,0.770,227.2700,1.750,,,2019-12-27,AKSHARE,seg_4_8_92,False,False,possible_legal,
920541,2020-12-11,0.420,,1.670,-74.8500,-1.250,,,2020-12-08,AKSHARE,seg_4_8_92,False,False,possible_legal,
920541,2020-12-16,0.020,,0.420,-95.2400,-0.400,,,2020-12-11,AKSHARE,seg_4_8_92,False,False,possible_legal,
920541,2020-12-21,0.080,,0.020,300.0000,0.060,,,2020-12-16,AKSHARE,seg_4_8_92,False,False,possible_legal,
920541,2020-12-22,0.130,,0.080,62.5000,0.050,,,2020-12-21,AKSHARE,seg_4_8_92,False,False,possible_legal,
920541,2020-12-24,-0.360,,0.130,-376.9200,-0.490,,,2020-12-22,AKSHARE,seg_4_8_92,False,False,possible_legal,
920541,2020-12-31,-0.480,,-0.360,-33.3300,-0.120,,,2020-12-24,AKSHARE,seg_4_8_92,False,False,possible_legal,
920541,2021-10-20,-0.200,,-0.480,58.3300,0.280,,,2021-04-07,AKSHARE,seg_4_8_92,False,False,possible_legal,
920541,2021-10-22,0.360,,-0.200,280.0000,0.560,,,2021-10-20,AKSHARE,seg_4_8_92,False,False,possible_legal,
920541,2022-02-25,1.190,,0.360,230.5600,0.830,,,2021-10-22,AKSHARE,seg_4_8_92,False,False,possible_legal,
920541,2022-02-28,2.850,,1.190,139.5000,1.660,,,2022-02-25,AKSHARE,seg_4_8_92,False,False,possible_legal,
920541,2022-03-01,4.500,,2.850,57.8900,1.650,,,2022-02-28,AKSHARE,seg_4_8_92,False,False,possible_legal,
920541,2022-03-18,2.130,,4.520,-52.8800,-2.390,,,2022-03-17,AKSHARE,seg_4_8_92,False,False,possible_legal,
920541,2022-03-21,3.870,,2.130,81.6900,1.740,,,2022-03-18,AKSHARE,seg_4_8_92,False,False,possible_legal,
920547,2022-08-24,7.280,,,-45.3900,-6.050,,,,AKSHARE,seg_4_8_92,False,False,possible_legal,
920547,2022-08-25,15.690,,7.280,115.5200,8.410,,,2022-08-24,AKSHARE,seg_4_8_92,False,False,possible_legal,
920553,2020-05-08,4.000,3.000,3.000,33.3333,1.000,1.00000000,1.00000000,2020-04-30,SINA,seg_4_8_92,True,False,possible_legal,0.0
920553,2020-05-11,5.300,4.000,4.000,32.5000,1.300,1.00000000,1.00000000,2020-05-08,SINA,seg_4_8_92,True,False,possible_legal,0.0
920553,2020-07-06,8.000,5.700,5.700,40.3509,2.300,1.00000000,1.00000000,2020-07-03,SINA,seg_4_8_92,True,False,possible_legal,0.0
920553,2020-10-23,4.480,3.300,3.300,35.7576,1.180,1.00000000,1.00000000,2020-10-22,SINA,seg_4_8_92,True,False,possible_legal,0.0
920556,2014-04-23,0.100,,3.600,-97.2200,-3.500,,,2014-02-10,AKSHARE,seg_4_8_92,False,False,possible_legal,
920556,2014-04-28,0.300,,0.100,200.0000,0.200,,,2014-04-23,AKSHARE,seg_4_8_92,False,False,possible_legal,
920556,2014-05-05,3.800,,0.300,1166.6700,3.500,,,2014-04-28,AKSHARE,seg_4_8_92,False,False,possible_legal,
920556,2014-08-15,0.530,,3.800,-86.0500,-3.270,,,2014-05-05,AKSHARE,seg_4_8_92,False,False,possible_legal,
920556,2014-08-20,0.850,,0.530,60.3800,0.320,,,2014-08-15,AKSHARE,seg_4_8_92,False,False,possible_legal,
920556,2014-08-27,4.000,,0.850,370.5900,3.150,,,2014-08-20,AKSHARE,seg_4_8_92,False,False,possible_legal,
920556,2014-09-26,1.500,,4.500,-66.6700,-3.000,,,2014-08-28,AKSHARE,seg_4_8_92,False,False,possible_legal,
920556,2014-09-30,-0.250,,1.500,-116.6700,-1.750,,,2014-09-26,AKSHARE,seg_4_8_92,False,False,possible_legal,
920556,2014-10-08,-0.750,,-0.250,-200.0000,-0.500,,,2014-09-30,AKSHARE,seg_4_8_92,False,False,possible_legal,
920556,2014-10-09,-1.020,,-0.750,-36.0000,-0.270,,,2014-10-08,AKSHARE,seg_4_8_92,False,False,possible_legal,
920556,2014-10-10,-0.300,,-1.020,70.5900,0.720,,,2014-10-09,AKSHARE,seg_4_8_92,False,False,possible_legal,
920556,2014-10-13,2.000,,-0.300,766.6700,2.300,,,2014-10-10,AKSHARE,seg_4_8_92,False,False,possible_legal,
920556,2014-10-30,2.750,,2.000,37.5000,0.750,,,2014-10-13,AKSHARE,seg_4_8_92,False,False,possible_legal,
920556,2014-10-31,5.000,,2.750,81.8200,2.250,,,2014-10-30,AKSHARE,seg_4_8_92,False,False,possible_legal,
920556,2015-01-05,7.490,,5.000,49.8000,2.490,,,2014-10-31,AKSHARE,seg_4_8_92,False,False,possible_legal,
920556,2015-02-13,0.130,,7.480,-98.2600,-7.350,,,2015-02-02,AKSHARE,seg_4_8_92,False,False,possible_legal,
920556,2015-02-16,4.440,,0.130,3315.3800,4.310,,,2015-02-13,AKSHARE,seg_4_8_92,False,False,possible_legal,
920556,2015-03-04,7.000,,4.900,42.8600,2.100,,,2015-02-17,AKSHARE,seg_4_8_92,False,False,possible_legal,
920556,2015-03-09,11.730,,7.730,51.7500,4.000,,,2015-03-06,AKSHARE,seg_4_8_92,False,False,possible_legal,
920556,2015-03-10,3.920,,11.730,-66.5800,-7.810,,,2015-03-09,AKSHARE,seg_4_8_92,False,False,possible_legal,
920556,2015-03-13,5.390,,3.900,38.2100,1.490,,,2015-03-12,AKSHARE,seg_4_8_92,False,False,possible_legal,
920556,2015-03-18,8.000,,5.600,42.8600,2.400,,,2015-03-17,AKSHARE,seg_4_8_92,False,False,possible_legal,
920556,2015-04-10,-0.080,,11.000,-100.7300,-11.080,,,2015-04-09,AKSHARE,seg_4_8_92,False,False,possible_legal,
920556,2015-04-13,-0.040,,-0.080,50.0000,0.040,,,2015-04-10,AKSHARE,seg_4_8_92,False,False,possible_legal,
920564,2020-03-05,1.350,,0.990,36.3600,0.360,,,2020-02-27,AKSHARE,seg_4_8_92,False,False,possible_legal,
920564,2020-05-25,2.360,,1.600,47.5000,0.760,,,2020-04-27,AKSHARE,seg_4_8_92,False,False,possible_legal,
920564,2020-06-10,3.110,,2.360,31.7800,0.750,,,2020-05-25,AKSHARE,seg_4_8_92,False,False,possible_legal,
920564,2020-07-17,4.380,,3.110,40.8400,1.270,,,2020-07-14,AKSHARE,seg_4_8_92,False,False,possible_legal,
920564,2020-07-21,2.610,,4.380,-40.4100,-1.770,,,2020-07-17,AKSHARE,seg_4_8_92,False,False,possible_legal,
920564,2020-08-20,1.530,,2.750,-44.3600,-1.220,,,2020-08-19,AKSHARE,seg_4_8_92,False,False,possible_legal,
920564,2020-08-25,3.030,,1.530,98.0400,1.500,,,2020-08-20,AKSHARE,seg_4_8_92,False,False,possible_legal,
920564,2020-11-19,1.930,,1.180,63.5600,0.750,,,2020-11-18,AKSHARE,seg_4_8_92,False,False,possible_legal,
920564,2020-11-23,1.190,,1.930,-38.3400,-0.740,,,2020-11-19,AKSHARE,seg_4_8_92,False,False,possible_legal,
920564,2020-12-07,1.940,,1.190,63.0300,0.750,,,2020-11-23,AKSHARE,seg_4_8_92,False,False,possible_legal,
920564,2020-12-10,1.150,,1.940,-40.7200,-0.790,,,2020-12-07,AKSHARE,seg_4_8_92,False,False,possible_legal,
920564,2021-09-06,8.150,,5.660,43.9900,2.490,,,2021-09-03,AKSHARE,seg_4_8_92,False,False,possible_legal,
920566,2016-01-04,11.120,7.930,7.930,40.2270,3.190,1.00000000,1.00000000,2015-12-31,SINA,seg_4_8_92,True,False,possible_legal,0.0
920570,2022-09-13,5.340,,,-56.4400,-6.920,,,,AKSHARE,seg_4_8_92,False,False,possible_legal,
920571,2015-09-08,0.910,,,-82.1600,-4.190,,,,AKSHARE,seg_4_8_92,False,False,possible_legal,
920571,2015-10-08,3.090,,0.910,239.5600,2.180,,,2015-09-25,AKSHARE,seg_4_8_92,False,False,possible_legal,
920571,2015-10-09,5.450,,3.090,76.3800,2.360,,,2015-10-08,AKSHARE,seg_4_8_92,False,False,possible_legal,
920571,2015-10-22,1.100,,5.450,-79.8200,-4.350,,,2015-10-09,AKSHARE,seg_4_8_92,False,False,possible_legal,
920571,2015-11-03,3.400,,1.100,209.0900,2.300,,,2015-10-23,AKSHARE,seg_4_8_92,False,False,possible_legal,
920571,2015-12-02,1.900,,3.400,-44.1200,-1.500,,,2015-11-09,AKSHARE,seg_4_8_92,False,False,possible_legal,
920571,2015-12-03,3.650,,1.900,92.1100,1.750,,,2015-12-02,AKSHARE,seg_4_8_92,False,False,possible_legal,
920571,2019-06-17,3.590,,2.490,44.1800,1.100,,,2019-06-03,AKSHARE,seg_4_8_92,False,False,possible_legal,
920571,2021-02-23,1.250,,2.600,-51.9200,-1.350,,,2020-04-22,AKSHARE,seg_4_8_92,False,False,possible_legal,
920571,2021-02-24,2.400,,1.250,92.0000,1.150,,,2021-02-23,AKSHARE,seg_4_8_92,False,False,possible_legal,
920571,2021-03-22,1.430,,2.880,-50.3500,-1.450,,,2021-03-15,AKSHARE,seg_4_8_92,False,False,possible_legal,
920571,2021-03-23,2.430,,1.430,69.9300,1.000,,,2021-03-22,AKSHARE,seg_4_8_92,False,False,possible_legal,
920571,2021-03-24,1.430,,2.430,-41.1500,-1.000,,,2021-03-23,AKSHARE,seg_4_8_92,False,False,possible_legal,
920571,2021-03-25,2.500,,1.430,74.8300,1.070,,,2021-03-24,AKSHARE,seg_4_8_92,False,False,possible_legal,
920571,2021-08-13,3.200,,2.070,54.5900,1.130,,,2021-08-11,AKSHARE,seg_4_8_92,False,False,possible_legal,
920571,2021-10-20,4.900,,3.710,32.0800,1.190,,,2021-10-19,AKSHARE,seg_4_8_92,False,False,possible_legal,
920571,2021-10-29,10.080,,6.190,62.8400,3.890,,,2021-10-27,AKSHARE,seg_4_8_92,False,False,possible_legal,
920571,2021-11-02,14.900,,10.080,47.8200,4.820,,,2021-10-29,AKSHARE,seg_4_8_92,False,False,possible_legal,
920571,2021-11-03,7.400,,14.900,-50.3400,-7.500,,,2021-11-02,AKSHARE,seg_4_8_92,False,False,possible_legal,
920571,2021-11-17,13.400,,7.030,90.6100,6.370,,,2021-11-16,AKSHARE,seg_4_8_92,False,False,possible_legal,
920571,2021-11-29,8.200,,12.260,-33.1200,-4.060,,,2021-11-26,AKSHARE,seg_4_8_92,False,False,possible_legal,
920571,2021-12-29,9.690,,6.900,40.4300,2.790,,,2021-12-27,AKSHARE,seg_4_8_92,False,False,possible_legal,
920571,2021-12-30,5.830,,9.690,-39.8300,-3.860,,,2021-12-29,AKSHARE,seg_4_8_92,False,False,possible_legal,
920575,2015-12-31,5.000,,,-76.1900,-16.000,,,,AKSHARE,seg_4_8_92,False,False,possible_legal,
920575,2016-02-15,4.000,,6.000,-33.3300,-2.000,,,2016-01-04,AKSHARE,seg_4_8_92,False,False,possible_legal,
920576,2021-07-16,7.620,,5.630,35.3500,1.990,,,2021-07-15,AKSHARE,seg_4_8_92,False,False,possible_legal,
920576,2021-08-17,8.120,,6.190,31.1800,1.930,,,2021-08-11,AKSHARE,seg_4_8_92,False,False,possible_legal,
920576,2022-10-14,29.500,,14.500,103.4500,15.000,,,2022-09-26,AKSHARE,seg_4_8_92,False,False,possible_legal,
920576,2022-10-24,18.500,,29.500,-37.2900,-11.000,,,2022-10-14,AKSHARE,seg_4_8_92,False,False,possible_legal,
920578,2021-03-12,9.460,,5.450,73.5800,4.010,,,2021-03-01,AKSHARE,seg_4_8_92,False,False,possible_legal,
920578,2021-11-19,19.990,,9.750,105.0300,10.240,,,2021-11-05,AKSHARE,seg_4_8_92,False,False,possible_legal,
920579,2016-06-24,1.240,,,-83.9800,-6.500,,,,AKSHARE,seg_4_8_92,False,False,possible_legal,
920579,2016-07-20,2.730,,1.240,120.1600,1.490,,,2016-06-24,AKSHARE,seg_4_8_92,False,False,possible_legal,
920579,2020-11-04,6.640,,2.940,125.8500,3.700,,,2020-11-03,AKSHARE,seg_4_8_92,False,False,possible_legal,
920579,2020-11-17,3.240,,4.940,-34.4100,-1.700,,,2020-11-16,AKSHARE,seg_4_8_92,False,False,possible_legal,
920579,2020-11-20,4.620,,3.240,42.5900,1.380,,,2020-11-18,AKSHARE,seg_4_8_92,False,False,possible_legal,
920579,2021-03-09,4.030,,2.740,47.0800,1.290,,,2021-03-08,AKSHARE,seg_4_8_92,False,False,possible_legal,
920579,2021-07-12,1.740,,2.740,-36.5000,-1.000,,,2021-07-08,AKSHARE,seg_4_8_92,False,False,possible_legal,
920579,2021-07-14,2.800,,1.740,60.9200,1.060,,,2021-07-12,AKSHARE,seg_4_8_92,False,False,possible_legal,
920580,2016-05-30,0.440,,,-89.7400,-3.850,,,,AKSHARE,seg_4_8_92,False,False,possible_legal,
920580,2019-10-11,1.990,,0.490,306.1200,1.500,,,2017-03-17,AKSHARE,seg_4_8_92,False,False,possible_legal,
920580,2020-03-24,4.390,,1.990,120.6000,2.400,,,2019-10-11,AKSHARE,seg_4_8_92,False,False,possible_legal,
920580,2020-03-25,2.490,,4.390,-43.2800,-1.900,,,2020-03-24,AKSHARE,seg_4_8_92,False,False,possible_legal,
920580,2020-03-26,4.590,,2.490,84.3400,2.100,,,2020-03-25,AKSHARE,seg_4_8_92,False,False,possible_legal,
920580,2020-06-23,7.700,,4.590,67.7600,3.110,,,2020-04-01,AKSHARE,seg_4_8_92,False,False,possible_legal,
920580,2020-08-12,13.690,,6.690,104.6300,7.000,,,2020-08-10,AKSHARE,seg_4_8_92,False,False,possible_legal,
920580,2020-09-02,6.690,,13.690,-51.1300,-7.000,,,2020-08-12,AKSHARE,seg_4_8_92,False,False,possible_legal,
920580,2020-11-30,4.690,,8.500,-44.8200,-3.810,,,2020-09-11,AKSHARE,seg_4_8_92,False,False,possible_legal,
920580,2021-01-19,2.270,,4.750,-52.2100,-2.480,,,2020-12-29,AKSHARE,seg_4_8_92,False,False,possible_legal,
920580,2021-02-03,4.850,,2.270,113.6600,2.580,,,2021-01-19,AKSHARE,seg_4_8_92,False,False,possible_legal,
920592,2017-05-10,2.270,,,-71.0100,-5.560,,,,AKSHARE,seg_4_8_92,False,False,possible_legal,
920592,2018-05-11,14.850,,2.270,554.1800,12.580,,,2017-05-10,AKSHARE,seg_4_8_92,False,False,possible_legal,
920592,2018-05-15,14.850,,11.000,35.0000,3.850,,,2018-05-14,AKSHARE,seg_4_8_92,False,False,possible_legal,
920592,2019-07-22,10.380,,7.380,40.6500,3.000,,,2019-07-18,AKSHARE,seg_4_8_92,False,False,possible_legal,
920592,2019-10-08,7.480,,11.230,-33.3900,-3.750,,,2019-08-16,AKSHARE,seg_4_8_92,False,False,possible_legal,
920592,2019-10-16,11.230,,7.480,50.1300,3.750,,,2019-10-08,AKSHARE,seg_4_8_92,False,False,possible_legal,
920592,2020-04-14,14.980,,10.280,45.7200,4.700,,,2020-03-18,AKSHARE,seg_4_8_92,False,False,possible_legal,
920592,2020-04-16,8.180,,14.980,-45.3900,-6.800,,,2020-04-14,AKSHARE,seg_4_8_92,False,False,possible_legal,
920592,2021-02-22,15.080,,7.380,104.3400,7.700,,,2021-02-10,AKSHARE,seg_4_8_92,False,False,possible_legal,
920592,2021-02-23,7.380,,15.080,-51.0600,-7.700,,,2021-02-22,AKSHARE,seg_4_8_92,False,False,possible_legal,
920592,2021-06-28,8.540,,5.310,60.8300,3.230,,,2021-06-25,AKSHARE,seg_4_8_92,False,False,possible_legal,
920592,2021-11-12,8.920,,6.620,34.7400,2.300,,,2021-11-11,AKSHARE,seg_4_8_92,False,False,possible_legal,
920593,2022-02-21,14.510,,6.790,113.7000,7.720,,,2022-02-18,AKSHARE,seg_4_8_92,False,False,possible_legal,
920593,2022-02-22,9.020,,14.510,-37.8400,-5.490,,,2022-02-21,AKSHARE,seg_4_8_92,False,False,possible_legal,
920593,2022-02-25,11.360,,8.560,32.7100,2.800,,,2022-02-24,AKSHARE,seg_4_8_92,False,False,possible_legal,
920593,2022-07-01,27.580,,13.440,105.2100,14.140,,,2022-06-28,AKSHARE,seg_4_8_92,False,False,possible_legal,
920593,2022-07-13,44.670,,31.860,40.2100,12.810,,,2022-07-08,AKSHARE,seg_4_8_92,False,False,possible_legal,
920599,2017-11-06,0.800,1.850,1.850,-56.7568,-1.050,1.00000000,1.00000000,2017-09-15,SINA,seg_4_8_92,True,False,possible_legal,0.0
920599,2017-11-13,0.450,0.800,0.800,-43.7500,-0.350,1.00000000,1.00000000,2017-11-06,SINA,seg_4_8_92,True,False,possible_legal,0.0
920599,2018-02-05,0.620,0.400,0.400,55.0000,0.220,1.00000000,1.00000000,2017-12-29,SINA,seg_4_8_92,True,False,possible_legal,0.0
920599,2018-05-22,1.010,0.660,0.660,53.0303,0.350,1.00000000,1.00000000,2018-02-06,SINA,seg_4_8_92,True,False,possible_legal,0.0
920599,2018-06-27,2.000,1.010,1.010,98.0198,0.990,1.00000000,1.00000000,2018-05-22,SINA,seg_4_8_92,True,False,possible_legal,0.0
920599,2018-07-25,1.000,2.000,2.000,-50.0000,-1.000,1.00000000,1.00000000,2018-06-27,SINA,seg_4_8_92,True,False,possible_legal,0.0
920599,2018-07-27,0.510,1.000,1.000,-49.0000,-0.490,1.00000000,1.00000000,2018-07-25,SINA,seg_4_8_92,True,False,possible_legal,0.0
920599,2018-08-02,1.020,0.510,0.510,100.0000,0.510,1.00000000,1.00000000,2018-07-27,SINA,seg_4_8_92,True,False,possible_legal,0.0
920599,2018-08-03,2.040,1.020,1.020,100.0000,1.020,1.00000000,1.00000000,2018-08-02,SINA,seg_4_8_92,True,False,possible_legal,0.0
920599,2018-08-09,1.990,1.500,1.500,32.6667,0.490,1.00000000,1.00000000,2018-08-08,SINA,seg_4_8_92,True,False,possible_legal,0.0
920599,2018-08-15,1.350,2.010,2.010,-32.8358,-0.660,1.00000000,1.00000000,2018-08-10,SINA,seg_4_8_92,True,False,possible_legal,0.0
920599,2018-08-16,2.000,1.350,1.350,48.1481,0.650,1.00000000,1.00000000,2018-08-15,SINA,seg_4_8_92,True,False,possible_legal,0.0
920599,2018-09-25,2.900,1.800,1.800,61.1111,1.100,1.00000000,1.00000000,2018-09-21,SINA,seg_4_8_92,True,False,possible_legal,0.0
920599,2019-12-13,5.070,2.610,2.610,94.2529,2.460,1.00000000,1.00000000,2019-12-10,SINA,seg_4_8_92,True,False,possible_legal,0.0
920599,2019-12-23,8.740,5.150,5.150,69.7087,3.590,1.00000000,1.00000000,2019-12-17,SINA,seg_4_8_92,True,False,possible_legal,0.0
920599,2020-01-08,4.680,8.000,8.000,-41.5000,-3.320,1.00000000,1.00000000,2020-01-07,SINA,seg_4_8_92,True,False,possible_legal,0.0
920599,2020-01-09,6.310,4.680,4.680,34.8291,1.630,1.00000000,1.00000000,2020-01-08,SINA,seg_4_8_92,True,False,possible_legal,0.0
920599,2020-01-10,8.510,6.310,6.310,34.8653,2.200,1.00000000,1.00000000,2020-01-09,SINA,seg_4_8_92,True,False,possible_legal,0.0
920599,2020-02-28,0.000,,9.980,-100.0000,,1.00000000,1.00000000,2020-02-26,SINA,seg_4_8_92,True,False,possible_legal,
920599,2020-05-27,5.000,12.000,12.000,-58.3333,-7.000,1.00000000,1.00000000,2020-05-26,SINA,seg_4_8_92,True,False,possible_legal,0.0
920608,2020-06-01,5.280,,,-42.3000,-3.870,,,,AKSHARE,seg_4_8_92,False,False,possible_legal,
920608,2021-06-24,9.160,,5.280,73.4800,3.880,,,2021-04-30,AKSHARE,seg_4_8_92,False,False,possible_legal,
920608,2021-07-01,5.350,,9.160,-41.5900,-3.810,,,2021-06-24,AKSHARE,seg_4_8_92,False,False,possible_legal,
920608,2021-09-06,7.150,,5.350,33.6400,1.800,,,2021-07-01,AKSHARE,seg_4_8_92,False,False,possible_legal,
920608,2021-09-28,13.150,,7.150,83.9200,6.000,,,2021-09-06,AKSHARE,seg_4_8_92,False,False,possible_legal,
920608,2021-10-11,22.480,,13.150,70.9500,9.330,,,2021-09-28,AKSHARE,seg_4_8_92,False,False,possible_legal,
920608,2021-12-06,23.100,,15.140,52.5800,7.960,,,2021-12-02,AKSHARE,seg_4_8_92,False,False,possible_legal,
920608,2021-12-13,15.030,,23.050,-34.7900,-8.020,,,2021-12-09,AKSHARE,seg_4_8_92,False,False,possible_legal,
920608,2021-12-15,23.160,,16.040,44.3900,7.120,,,2021-12-14,AKSHARE,seg_4_8_92,False,False,possible_legal,
920608,2022-01-04,24.130,,18.160,32.8700,5.970,,,2021-12-30,AKSHARE,seg_4_8_92,False,False,possible_legal,
920627,2015-07-16,0.090,,,-98.3900,-5.490,,,,AKSHARE,seg_4_8_92,False,False,possible_legal,
920627,2015-07-30,0.120,,0.080,50.0000,0.040,,,2015-07-21,AKSHARE,seg_4_8_92,False,False,possible_legal,
920627,2015-09-08,1.780,,0.120,1383.3300,1.660,,,2015-07-30,AKSHARE,seg_4_8_92,False,False,possible_legal,
920627,2015-09-11,3.280,,1.780,84.2700,1.500,,,2015-09-09,AKSHARE,seg_4_8_92,False,False,possible_legal,
920627,2015-09-18,5.220,,3.280,59.1500,1.940,,,2015-09-15,AKSHARE,seg_4_8_92,False,False,possible_legal,
920627,2017-04-27,2.700,,5.130,-47.3700,-2.430,,,2017-01-20,AKSHARE,seg_4_8_92,False,False,possible_legal,
920627,2017-04-28,5.380,,2.700,99.2600,2.680,,,2017-04-27,AKSHARE,seg_4_8_92,False,False,possible_legal,
920627,2017-10-20,11.480,,5.380,113.3800,6.100,,,2017-08-25,AKSHARE,seg_4_8_92,False,False,possible_legal,
920627,2017-12-22,5.780,,11.480,-49.6500,-5.700,,,2017-10-20,AKSHARE,seg_4_8_92,False,False,possible_legal,
920627,2017-12-25,2.910,,5.780,-49.6500,-2.870,,,2017-12-22,AKSHARE,seg_4_8_92,False,False,possible_legal,
920627,2020-03-11,4.630,,2.910,59.1100,1.720,,,2018-02-28,AKSHARE,seg_4_8_92,False,False,possible_legal,
920627,2020-04-01,4.310,,3.110,38.5900,1.200,,,2020-03-31,AKSHARE,seg_4_8_92,False,False,possible_legal,
920627,2020-09-09,8.310,,6.330,31.2800,1.980,,,2020-09-08,AKSHARE,seg_4_8_92,False,False,possible_legal,
920627,2020-09-22,8.470,,6.010,40.9300,2.460,,,2020-09-21,AKSHARE,seg_4_8_92,False,False,possible_legal,
920627,2020-10-14,5.210,,8.310,-37.3000,-3.100,,,2020-09-28,AKSHARE,seg_4_8_92,False,False,possible_legal,
920627,2020-10-19,8.000,,5.210,53.5500,2.790,,,2020-10-14,AKSHARE,seg_4_8_92,False,False,possible_legal,
920627,2021-10-27,9.780,,15.580,-37.2300,-5.800,,,2021-10-25,AKSHARE,seg_4_8_92,False,False,possible_legal,
920627,2021-11-01,14.580,,9.780,49.0800,4.800,,,2021-10-27,AKSHARE,seg_4_8_92,False,False,possible_legal,
920627,2021-12-10,25.860,,18.630,38.8100,7.230,,,2021-12-09,AKSHARE,seg_4_8_92,False,False,possible_legal,
920627,2022-04-29,19.340,,14.580,32.6500,4.760,,,2022-04-28,AKSHARE,seg_4_8_92,False,False,possible_legal,
920634,2018-11-27,1.020,,,-88.7900,-8.080,,,,AKSHARE,seg_4_8_92,False,False,possible_legal,
920634,2021-03-09,2.570,,1.020,151.9600,1.550,,,2018-11-27,AKSHARE,seg_4_8_92,False,False,possible_legal,
920634,2021-03-10,5.470,,2.570,112.8400,2.900,,,2021-03-09,AKSHARE,seg_4_8_92,False,False,possible_legal,
920634,2021-07-13,2.500,,5.470,-54.3000,-2.970,,,2021-05-13,AKSHARE,seg_4_8_92,False,False,possible_legal,
920634,2021-07-23,1.520,,2.500,-39.2000,-0.980,,,2021-07-13,AKSHARE,seg_4_8_92,False,False,possible_legal,
920634,2021-09-03,3.470,,1.520,128.2900,1.950,,,2021-07-23,AKSHARE,seg_4_8_92,False,False,possible_legal,
920634,2021-09-06,5.590,,3.470,61.1000,2.120,,,2021-09-03,AKSHARE,seg_4_8_92,False,False,possible_legal,
920634,2021-11-23,9.080,,6.760,34.3200,2.320,,,2021-11-22,AKSHARE,seg_4_8_92,False,False,possible_legal,
920634,2021-11-25,10.260,,7.500,36.8000,2.760,,,2021-11-24,AKSHARE,seg_4_8_92,False,False,possible_legal,
920639,2016-03-08,5.010,,,34.3200,1.280,,,,AKSHARE,seg_4_8_92,False,False,possible_legal,
920639,2016-03-09,11.010,,5.010,119.7600,6.000,,,2016-03-08,AKSHARE,seg_4_8_92,False,False,possible_legal,
920639,2016-08-26,11.490,,6.950,65.3200,4.540,,,2016-08-24,AKSHARE,seg_4_8_92,False,False,possible_legal,
920639,2016-09-20,5.820,,10.100,-42.3800,-4.280,,,2016-09-06,AKSHARE,seg_4_8_92,False,False,possible_legal,
920639,2016-09-23,10.380,,5.820,78.3500,4.560,,,2016-09-20,AKSHARE,seg_4_8_92,False,False,possible_legal,
920639,2016-09-30,5.010,,10.380,-51.7300,-5.370,,,2016-09-27,AKSHARE,seg_4_8_92,False,False,possible_legal,
920639,2016-10-13,11.490,,5.010,129.3400,6.480,,,2016-10-12,AKSHARE,seg_4_8_92,False,False,possible_legal,
920639,2016-10-14,5.010,,11.490,-56.4000,-6.480,,,2016-10-13,AKSHARE,seg_4_8_92,False,False,possible_legal,
920639,2016-11-08,6.610,,4.830,36.8500,1.780,,,2016-11-07,AKSHARE,seg_4_8_92,False,False,possible_legal,
920639,2016-11-09,4.410,,6.610,-33.2800,-2.200,,,2016-11-08,AKSHARE,seg_4_8_92,False,False,possible_legal,
920639,2016-11-29,9.620,,4.220,127.9600,5.400,,,2016-11-28,AKSHARE,seg_4_8_92,False,False,possible_legal,
920639,2016-11-30,4.220,,9.620,-56.1300,-5.400,,,2016-11-29,AKSHARE,seg_4_8_92,False,False,possible_legal,
920639,2016-12-08,7.920,,4.220,87.6800,3.700,,,2016-11-30,AKSHARE,seg_4_8_92,False,False,possible_legal,
920639,2016-12-09,4.130,,7.920,-47.8500,-3.790,,,2016-12-08,AKSHARE,seg_4_8_92,False,False,possible_legal,
920639,2017-06-26,2.770,,4.300,-35.5800,-1.530,,,2017-04-28,AKSHARE,seg_4_8_92,False,False,possible_legal,
920639,2017-07-04,4.390,,3.200,37.1900,1.190,,,2017-07-03,AKSHARE,seg_4_8_92,False,False,possible_legal,
920639,2017-07-12,7.280,,3.440,111.6300,3.840,,,2017-07-11,AKSHARE,seg_4_8_92,False,False,possible_legal,
920639,2017-07-13,10.900,,7.280,49.7300,3.620,,,2017-07-12,AKSHARE,seg_4_8_92,False,False,possible_legal,
920639,2017-07-31,5.250,,10.900,-51.8300,-5.650,,,2017-07-13,AKSHARE,seg_4_8_92,False,False,possible_legal,
920639,2017-08-02,10.690,,5.250,103.6200,5.440,,,2017-07-31,AKSHARE,seg_4_8_92,False,False,possible_legal,
920639,2017-08-21,6.540,,13.470,-51.4500,-6.930,,,2017-08-03,AKSHARE,seg_4_8_92,False,False,possible_legal,
920639,2017-08-22,3.070,,6.540,-53.0600,-3.470,,,2017-08-21,AKSHARE,seg_4_8_92,False,False,possible_legal,
920639,2017-09-05,4.260,,3.190,33.5400,1.070,,,2017-08-30,AKSHARE,seg_4_8_92,False,False,possible_legal,
920639,2017-09-07,8.850,,4.260,107.7500,4.590,,,2017-09-05,AKSHARE,seg_4_8_92,False,False,possible_legal,
920639,2017-09-11,5.190,,10.790,-51.9000,-5.600,,,2017-09-08,AKSHARE,seg_4_8_92,False,False,possible_legal,
920639,2017-09-13,3.150,,5.190,-39.3100,-2.040,,,2017-09-11,AKSHARE,seg_4_8_92,False,False,possible_legal,
920639,2017-10-12,2.920,,2.090,39.7100,0.830,,,2017-10-09,AKSHARE,seg_4_8_92,False,False,possible_legal,
920639,2017-11-07,1.910,,3.760,-49.2000,-1.850,,,2017-11-06,AKSHARE,seg_4_8_92,False,False,possible_legal,
920639,2017-11-14,5.150,,2.370,117.3000,2.780,,,2017-11-13,AKSHARE,seg_4_8_92,False,False,possible_legal,
920639,2017-11-15,8.850,,5.150,71.8400,3.700,,,2017-11-14,AKSHARE,seg_4_8_92,False,False,possible_legal,
920639,2017-11-20,5.150,,8.850,-41.8100,-3.700,,,2017-11-15,AKSHARE,seg_4_8_92,False,False,possible_legal,
920639,2017-11-23,2.810,,5.150,-45.4400,-2.340,,,2017-11-20,AKSHARE,seg_4_8_92,False,False,possible_legal,
920639,2018-06-27,1.460,,0.530,175.4700,0.930,,,2018-06-14,AKSHARE,seg_4_8_92,False,False,possible_legal,
920639,2018-08-24,0.520,,1.420,-63.3800,-0.900,,,2018-08-06,AKSHARE,seg_4_8_92,False,False,possible_legal,
920639,2018-10-10,0.890,,0.420,111.9000,0.470,,,2018-09-21,AKSHARE,seg_4_8_92,False,False,possible_legal,
920639,2018-10-15,2.000,,0.890,124.7200,1.110,,,2018-10-10,AKSHARE,seg_4_8_92,False,False,possible_legal,
920639,2019-08-23,1.480,,1.120,32.1400,0.360,,,2019-05-13,AKSHARE,seg_4_8_92,False,False,possible_legal,
920639,2020-05-06,1.300,,1.930,-32.6400,-0.630,,,2020-04-21,AKSHARE,seg_4_8_92,False,False,possible_legal,
920639,2020-10-12,4.240,,3.100,36.7700,1.140,,,2020-09-24,AKSHARE,seg_4_8_92,False,False,possible_legal,
920639,2020-11-03,2.880,,4.250,-32.2400,-1.370,,,2020-11-02,AKSHARE,seg_4_8_92,False,False,possible_legal,
920639,2020-12-07,4.290,,3.180,34.9100,1.110,,,2020-12-01,AKSHARE,seg_4_8_92,False,False,possible_legal,
920639,2021-02-22,4.290,,3.090,38.8300,1.200,,,2021-01-15,AKSHARE,seg_4_8_92,False,False,possible_legal,
920639,2021-05-24,2.640,,3.920,-32.6500,-1.280,,,2021-05-19,AKSHARE,seg_4_8_92,False,False,possible_legal,
920639,2021-05-26,1.360,,2.640,-48.4800,-1.280,,,2021-05-24,AKSHARE,seg_4_8_92,False,False,possible_legal,
920639,2021-05-27,2.970,,1.360,118.3800,1.610,,,2021-05-26,AKSHARE,seg_4_8_92,False,False,possible_legal,
920639,2021-05-28,4.340,,2.970,46.1300,1.370,,,2021-05-27,AKSHARE,seg_4_8_92,False,False,possible_legal,
920639,2021-08-05,4.200,,3.180,32.0800,1.020,,,2021-08-04,AKSHARE,seg_4_8_92,False,False,possible_legal,
920640,2019-09-06,8.170,4.300,0.520,90.0000,3.870,1.00000000,,2019-05-21,SINA,seg_4_8_92,False,False,possible_legal,7.269230769230768
920641,2015-07-06,-2.490,,,-128.3000,-11.290,,,,AKSHARE,seg_4_8_92,False,False,possible_legal,
920641,2015-09-02,-1.500,,-2.490,39.7600,0.990,,,2015-07-06,AKSHARE,seg_4_8_92,False,False,possible_legal,
920641,2017-07-12,-0.500,,-1.100,54.5500,0.600,,,2017-07-11,AKSHARE,seg_4_8_92,False,False,possible_legal,
920641,2019-03-12,1.610,,-0.500,422.0000,2.110,,,2017-09-14,AKSHARE,seg_4_8_92,False,False,possible_legal,
920641,2019-07-18,3.100,,1.710,81.2900,1.390,,,2019-03-25,AKSHARE,seg_4_8_92,False,False,possible_legal,
920641,2020-03-26,5.620,,3.120,80.1300,2.500,,,2019-11-08,AKSHARE,seg_4_8_92,False,False,possible_legal,
920641,2021-02-10,2.620,,5.950,-55.9700,-3.330,,,2020-10-15,AKSHARE,seg_4_8_92,False,False,possible_legal,
920641,2021-02-22,3.700,,2.620,41.2200,1.080,,,2021-02-10,AKSHARE,seg_4_8_92,False,False,possible_legal,
920641,2021-07-15,6.200,,4.050,53.0900,2.150,,,2021-07-14,AKSHARE,seg_4_8_92,False,False,possible_legal,
920641,2021-07-19,4.050,,6.200,-34.6800,-2.150,,,2021-07-15,AKSHARE,seg_4_8_92,False,False,possible_legal,
920641,2021-09-06,6.700,,4.200,59.5200,2.500,,,2021-09-03,AKSHARE,seg_4_8_92,False,False,possible_legal,
920641,2021-09-07,4.200,,6.700,-37.3100,-2.500,,,2021-09-06,AKSHARE,seg_4_8_92,False,False,possible_legal,
920641,2022-03-28,7.080,,5.030,40.7600,2.050,,,2022-03-23,AKSHARE,seg_4_8_92,False,False,possible_legal,
920641,2022-06-20,8.970,,5.810,54.3900,3.160,,,2022-06-15,AKSHARE,seg_4_8_92,False,False,possible_legal,
920642,2017-06-28,22.040,15.000,15.000,46.9333,7.040,1.00000000,1.00000000,2017-06-27,SINA,seg_4_8_92,True,False,possible_legal,0.0
920642,2017-08-14,11.200,22.040,22.040,-49.1833,-10.840,1.00000000,1.00000000,2017-06-28,SINA,seg_4_8_92,True,False,possible_legal,0.0
920642,2017-10-11,5.900,11.200,11.200,-47.3214,-5.300,1.00000000,1.00000000,2017-08-14,SINA,seg_4_8_92,True,False,possible_legal,0.0
920642,2017-10-12,3.500,5.900,5.900,-40.6780,-2.400,1.00000000,1.00000000,2017-10-11,SINA,seg_4_8_92,True,False,possible_legal,0.0
920642,2017-10-25,5.200,3.490,3.490,48.9971,1.710,1.00000000,1.00000000,2017-10-24,SINA,seg_4_8_92,True,False,possible_legal,0.0
920642,2018-04-27,2.500,4.000,4.000,-37.5000,-1.500,1.00000000,1.00000000,2018-04-26,SINA,seg_4_8_92,True,False,possible_legal,0.0
920642,2018-05-14,4.000,2.500,2.500,60.0000,1.500,1.00000000,1.00000000,2018-04-27,SINA,seg_4_8_92,True,False,possible_legal,0.0
920642,2018-06-21,0.000,,4.000,-100.0000,,1.00000000,1.00000000,2018-06-12,SINA,seg_4_8_92,True,False,possible_legal,
920642,2018-09-21,0.000,,2.010,-100.0000,,1.00000000,1.00000000,2018-09-20,SINA,seg_4_8_92,True,False,possible_legal,
920642,2018-09-28,7.900,4.000,4.000,97.5000,3.900,1.00000000,1.00000000,2018-09-27,SINA,seg_4_8_92,True,False,possible_legal,0.0
920642,2018-11-29,0.000,,7.900,-100.0000,,1.00000000,1.00000000,2018-09-28,SINA,seg_4_8_92,True,False,possible_legal,
920642,2019-05-15,0.000,,4.100,-100.0000,,1.00000000,1.00000000,2019-05-10,SINA,seg_4_8_92,True,False,possible_legal,
920642,2019-12-17,0.000,,6.010,-100.0000,,1.00000000,1.00000000,2019-12-06,SINA,seg_4_8_92,True,False,possible_legal,
920642,2020-03-27,0.000,,5.540,-100.0000,,1.00000000,1.00000000,2019-12-24,SINA,seg_4_8_92,True,False,possible_legal,
920642,2020-06-08,11.770,7.800,7.800,50.8974,3.970,1.00000000,1.00000000,2020-06-02,SINA,seg_4_8_92,True,False,possible_legal,0.0
920642,2020-06-11,16.000,10.980,10.980,45.7195,5.020,1.00000000,1.00000000,2020-06-09,SINA,seg_4_8_92,True,False,possible_legal,0.0
920642,2020-06-24,9.880,16.000,16.000,-38.2500,-6.120,1.00000000,1.00000000,2020-06-11,SINA,seg_4_8_92,True,False,possible_legal,0.0
920642,2020-10-16,6.170,9.500,9.500,-35.0526,-3.330,1.00000000,1.00000000,2020-10-15,SINA,seg_4_8_92,True,False,possible_legal,0.0
920642,2020-10-19,8.310,6.170,6.170,34.6840,2.140,1.00000000,1.00000000,2020-10-16,SINA,seg_4_8_92,True,False,possible_legal,0.0
920651,2017-10-23,12.750,,7.720,65.1600,5.030,,,2017-09-22,AKSHARE,seg_4_8_92,False,False,possible_legal,
920651,2020-07-13,13.790,,10.210,35.0600,3.580,,,2020-07-09,AKSHARE,seg_4_8_92,False,False,possible_legal,
920651,2020-08-14,15.840,,9.840,60.9800,6.000,,,2020-07-29,AKSHARE,seg_4_8_92,False,False,possible_legal,
920651,2020-08-18,10.340,,15.840,-34.7200,-5.500,,,2020-08-14,AKSHARE,seg_4_8_92,False,False,possible_legal,
920651,2020-12-23,13.730,,10.230,34.2100,3.500,,,2020-12-08,AKSHARE,seg_4_8_92,False,False,possible_legal,
920651,2020-12-30,9.360,,13.730,-31.8300,-4.370,,,2020-12-23,AKSHARE,seg_4_8_92,False,False,possible_legal,
920651,2021-01-06,23.230,,9.850,135.8400,13.380,,,2021-01-04,AKSHARE,seg_4_8_92,False,False,possible_legal,
920651,2021-01-07,9.790,,23.230,-57.8600,-13.440,,,2021-01-06,AKSHARE,seg_4_8_92,False,False,possible_legal,
920651,2021-02-24,16.340,,9.140,78.7700,7.200,,,2021-02-04,AKSHARE,seg_4_8_92,False,False,possible_legal,
920651,2021-03-08,9.250,,16.340,-43.3900,-7.090,,,2021-02-26,AKSHARE,seg_4_8_92,False,False,possible_legal,
920651,2021-05-07,14.350,,9.550,50.2600,4.800,,,2021-04-30,AKSHARE,seg_4_8_92,False,False,possible_legal,
920651,2021-06-21,23.290,,11.730,98.5500,11.560,,,2021-05-13,AKSHARE,seg_4_8_92,False,False,possible_legal,
920651,2021-06-23,10.900,,23.290,-53.2000,-12.390,,,2021-06-21,AKSHARE,seg_4_8_92,False,False,possible_legal,
920651,2021-06-28,15.540,,10.880,42.8300,4.660,,,2021-06-24,AKSHARE,seg_4_8_92,False,False,possible_legal,
920651,2021-06-30,22.980,,15.540,47.8800,7.440,,,2021-06-28,AKSHARE,seg_4_8_92,False,False,possible_legal,
920651,2021-07-01,10.600,,22.980,-53.8700,-12.380,,,2021-06-30,AKSHARE,seg_4_8_92,False,False,possible_legal,
920651,2021-09-09,15.100,,10.610,42.3200,4.490,,,2021-09-07,AKSHARE,seg_4_8_92,False,False,possible_legal,
920651,2022-11-21,5.700,,9.060,-37.0900,-3.360,,,2022-11-18,AKSHARE,seg_4_8_92,False,False,possible_legal,
920651,2022-11-22,8.250,,5.700,44.7400,2.550,,,2022-11-21,AKSHARE,seg_4_8_92,False,False,possible_legal,
920651,2022-12-09,15.670,,11.400,37.4600,4.270,,,2022-12-08,AKSHARE,seg_4_8_92,False,False,possible_legal,
920656,2021-01-26,-0.320,,,-102.0900,-15.640,,,,AKSHARE,seg_4_8_92,False,False,possible_legal,
920662,2016-07-22,-1.770,,,-130.1500,-7.640,,,,AKSHARE,seg_4_8_92,False,False,possible_legal,
920662,2018-07-30,-0.520,,-1.770,70.6200,1.250,,,2016-07-22,AKSHARE,seg_4_8_92,False,False,possible_legal,
920662,2020-04-13,0.480,,-0.520,192.3100,1.000,,,2018-07-30,AKSHARE,seg_4_8_92,False,False,possible_legal,
920662,2020-06-05,2.240,,0.480,366.6700,1.760,,,2020-04-13,AKSHARE,seg_4_8_92,False,False,possible_legal,
920662,2020-06-09,5.590,,2.240,149.5500,3.350,,,2020-06-05,AKSHARE,seg_4_8_92,False,False,possible_legal,
920662,2022-01-06,14.550,,8.530,70.5700,6.020,,,2020-12-24,AKSHARE,seg_4_8_92,False,False,possible_legal,
920662,2022-04-11,6.380,,11.050,-42.2600,-4.670,,,2022-03-29,AKSHARE,seg_4_8_92,False,False,possible_legal,
920662,2022-04-12,10.950,,6.380,71.6300,4.570,,,2022-04-11,AKSHARE,seg_4_8_92,False,False,possible_legal,
920662,2022-04-21,7.050,,11.950,-41.0000,-4.900,,,2022-04-20,AKSHARE,seg_4_8_92,False,False,possible_legal,
920662,2022-05-06,11.050,,6.550,68.7000,4.500,,,2022-04-26,AKSHARE,seg_4_8_92,False,False,possible_legal,
920663,2017-12-14,-0.720,,,-119.2000,-4.470,,,,AKSHARE,seg_4_8_92,False,False,possible_legal,
920663,2017-12-28,0.430,,-0.720,159.7200,1.150,,,2017-12-14,AKSHARE,seg_4_8_92,False,False,possible_legal,
920663,2020-04-01,0.630,,0.430,46.5100,0.200,,,2017-12-28,AKSHARE,seg_4_8_92,False,False,possible_legal,
920663,2020-04-02,2.170,,0.630,244.4400,1.540,,,2020-04-01,AKSHARE,seg_4_8_92,False,False,possible_legal,
920663,2020-04-09,1.400,,2.170,-35.4800,-0.770,,,2020-04-03,AKSHARE,seg_4_8_92,False,False,possible_legal,
920663,2020-07-27,0.650,,1.390,-53.2400,-0.740,,,2020-07-07,AKSHARE,seg_4_8_92,False,False,possible_legal,
920663,2020-08-20,1.100,,0.650,69.2300,0.450,,,2020-07-29,AKSHARE,seg_4_8_92,False,False,possible_legal,
920663,2020-08-24,0.150,,1.100,-86.3600,-0.950,,,2020-08-20,AKSHARE,seg_4_8_92,False,False,possible_legal,
920663,2020-08-26,0.720,,0.150,380.0000,0.570,,,2020-08-24,AKSHARE,seg_4_8_92,False,False,possible_legal,
920663,2020-12-01,3.000,,0.900,233.3300,2.100,,,2020-11-27,AKSHARE,seg_4_8_92,False,False,possible_legal,
920663,2020-12-10,4.890,,3.000,63.0000,1.890,,,2020-12-01,AKSHARE,seg_4_8_92,False,False,possible_legal,
920663,2020-12-25,4.890,,2.770,76.5300,2.120,,,2020-12-23,AKSHARE,seg_4_8_92,False,False,possible_legal,
920663,2021-01-21,3.150,,5.270,-40.2300,-2.120,,,2021-01-19,AKSHARE,seg_4_8_92,False,False,possible_legal,
920663,2021-02-04,4.500,,3.150,42.8600,1.350,,,2021-01-21,AKSHARE,seg_4_8_92,False,False,possible_legal,
920663,2021-07-26,1.730,,4.300,-59.7700,-2.570,,,2021-03-08,AKSHARE,seg_4_8_92,False,False,possible_legal,
920663,2021-08-20,2.460,,1.730,42.2000,0.730,,,2021-07-26,AKSHARE,seg_4_8_92,False,False,possible_legal,
920663,2022-02-09,12.550,,6.330,98.2600,6.220,,,2022-01-26,AKSHARE,seg_4_8_92,False,False,possible_legal,
920663,2022-03-03,6.290,,12.550,-49.8800,-6.260,,,2022-02-09,AKSHARE,seg_4_8_92,False,False,possible_legal,
920665,2022-02-21,10.190,,,73.3000,4.310,,,,AKSHARE,seg_4_8_92,False,False,possible_legal,
920665,2022-03-17,8.700,,6.200,40.3200,2.500,,,2022-03-15,AKSHARE,seg_4_8_92,False,False,possible_legal,
920665,2022-12-02,4.020,,7.150,-43.7800,-3.130,,,2022-10-14,AKSHARE,seg_4_8_92,False,False,possible_legal,
920665,2023-02-22,8.460,,4.280,97.6600,4.180,,,2023-02-21,AKSHARE,seg_4_8_92,False,False,possible_legal,
920670,2017-03-24,13.000,2.000,2.000,550.0000,11.000,1.00000000,1.00000000,2017-02-21,SINA,seg_4_8_92,True,False,possible_legal,0.0
920670,2017-09-14,9.000,13.500,13.500,-33.3333,-4.500,1.00000000,1.00000000,2017-09-01,SINA,seg_4_8_92,True,False,possible_legal,0.0
920670,2018-01-10,18.000,9.000,9.000,100.0000,9.000,1.00000000,1.00000000,2017-12-22,SINA,seg_4_8_92,True,False,possible_legal,0.0
920670,2018-07-18,10.500,18.000,4.850,-41.6667,-7.500,1.00000000,,2018-04-16,SINA,seg_4_8_92,False,False,possible_legal,2.711340206185567
920670,2020-04-01,12.880,9.200,9.200,40.0000,3.680,1.00000000,1.00000000,2020-03-31,SINA,seg_4_8_92,True,False,possible_legal,0.0
920670,2020-04-07,15.350,11.240,11.240,36.5658,4.110,1.00000000,1.00000000,2020-04-03,SINA,seg_4_8_92,True,False,possible_legal,0.0
920675,2020-04-21,16.980,8.800,8.800,92.9545,8.180,1.00000000,1.00000000,2020-04-20,SINA,seg_4_8_92,True,False,possible_legal,0.0
920675,2020-05-19,15.880,11.500,11.500,38.0870,4.380,1.00000000,1.00000000,2020-05-15,SINA,seg_4_8_92,True,False,possible_legal,0.0
920675,2020-12-28,7.200,18.400,18.400,-60.8696,-11.200,1.00000000,1.00000000,2020-06-24,SINA,seg_4_8_92,True,False,possible_legal,0.0
920682,2016-01-15,1.000,0.010,0.010,9900.0000,0.990,1.00000000,1.00000000,2015-12-15,SINA,seg_4_8_92,True,False,possible_legal,0.0
920682,2016-01-25,8.900,1.000,1.000,790.0000,7.900,1.00000000,1.00000000,2016-01-22,SINA,seg_4_8_92,True,False,possible_legal,0.0
920682,2016-01-26,3.480,8.900,8.900,-60.8989,-5.420,1.00000000,1.00000000,2016-01-25,SINA,seg_4_8_92,True,False,possible_legal,0.0
920682,2016-01-27,5.980,3.480,3.480,71.8391,2.500,1.00000000,1.00000000,2016-01-26,SINA,seg_4_8_92,True,False,possible_legal,0.0
920682,2016-01-28,8.900,5.980,5.980,48.8294,2.920,1.00000000,1.00000000,2016-01-27,SINA,seg_4_8_92,True,False,possible_legal,0.0
920682,2016-01-29,5.500,8.900,8.900,-38.2022,-3.400,1.00000000,1.00000000,2016-01-28,SINA,seg_4_8_92,True,False,possible_legal,0.0
920682,2016-02-02,9.600,5.500,5.500,74.5455,4.100,1.00000000,1.00000000,2016-02-01,SINA,seg_4_8_92,True,False,possible_legal,0.0
920682,2016-03-04,1.000,10.200,10.200,-90.1961,-9.200,1.00000000,1.00000000,2016-03-03,SINA,seg_4_8_92,True,False,possible_legal,0.0
920682,2016-03-08,10.200,1.000,1.000,920.0000,9.200,1.00000000,1.00000000,2016-03-04,SINA,seg_4_8_92,True,False,possible_legal,0.0
920682,2016-04-22,5.500,10.190,10.190,-46.0255,-4.690,1.00000000,1.00000000,2016-04-15,SINA,seg_4_8_92,True,False,possible_legal,0.0
920682,2016-04-28,1.210,5.500,5.500,-78.0000,-4.290,1.00000000,1.00000000,2016-04-25,SINA,seg_4_8_92,True,False,possible_legal,0.0
920682,2016-04-29,6.110,1.210,1.210,404.9587,4.900,1.00000000,1.00000000,2016-04-28,SINA,seg_4_8_92,True,False,possible_legal,0.0
920682,2016-05-12,10.200,5.990,5.510,70.2838,4.210,1.00000000,,2016-05-09,SINA,seg_4_8_92,False,False,possible_legal,0.08711433756805816
920682,2016-05-18,5.500,10.200,10.200,-46.0784,-4.700,1.00000000,1.00000000,2016-05-17,SINA,seg_4_8_92,True,False,possible_legal,0.0
920682,2016-05-20,1.000,5.500,5.500,-81.8182,-4.500,1.00000000,1.00000000,2016-05-19,SINA,seg_4_8_92,True,False,possible_legal,0.0
920682,2016-05-23,9.890,1.000,1.000,889.0000,8.890,1.00000000,1.00000000,2016-05-20,SINA,seg_4_8_92,True,False,possible_legal,0.0
920682,2016-06-08,6.000,9.370,9.370,-35.9658,-3.370,1.00000000,1.00000000,2016-06-03,SINA,seg_4_8_92,True,False,possible_legal,0.0
920682,2016-06-17,9.230,6.000,6.000,53.8333,3.230,1.00000000,1.00000000,2016-06-15,SINA,seg_4_8_92,True,False,possible_legal,0.0
920682,2016-06-21,5.750,10.000,10.000,-42.5000,-4.250,1.00000000,1.00000000,2016-06-20,SINA,seg_4_8_92,True,False,possible_legal,0.0
920682,2016-06-27,10.000,5.500,5.500,81.8182,4.500,1.00000000,1.00000000,2016-06-22,SINA,seg_4_8_92,True,False,possible_legal,0.0
920682,2016-07-07,9.600,7.300,7.300,31.5068,2.300,1.00000000,1.00000000,2016-07-06,SINA,seg_4_8_92,True,False,possible_legal,0.0
920682,2016-07-25,5.500,9.600,9.600,-42.7083,-4.100,1.00000000,1.00000000,2016-07-21,SINA,seg_4_8_92,True,False,possible_legal,0.0
920682,2016-07-26,9.000,5.500,5.500,63.6364,3.500,1.00000000,1.00000000,2016-07-25,SINA,seg_4_8_92,True,False,possible_legal,0.0
920682,2016-08-16,5.000,9.000,9.000,-44.4444,-4.000,1.00000000,1.00000000,2016-08-10,SINA,seg_4_8_92,True,False,possible_legal,0.0
920682,2016-09-05,5.500,8.500,8.500,-35.2941,-3.000,1.00000000,1.00000000,2016-08-24,SINA,seg_4_8_92,True,False,possible_legal,0.0
920682,2016-09-30,10.500,6.410,6.410,63.8066,4.090,1.00000000,1.00000000,2016-09-23,SINA,seg_4_8_92,True,False,possible_legal,0.0
920682,2016-10-13,6.600,9.800,9.800,-32.6531,-3.200,1.00000000,1.00000000,2016-10-10,SINA,seg_4_8_92,True,False,possible_legal,0.0
920682,2016-10-24,9.920,5.200,5.200,90.7692,4.720,1.00000000,1.00000000,2016-10-20,SINA,seg_4_8_92,True,False,possible_legal,0.0
920682,2016-10-28,4.920,9.920,9.920,-50.4032,-5.000,1.00000000,1.00000000,2016-10-24,SINA,seg_4_8_92,True,False,possible_legal,0.0
920682,2016-12-29,8.000,4.650,4.650,72.0430,3.350,1.00000000,1.00000000,2016-12-28,SINA,seg_4_8_92,True,False,possible_legal,0.0
920682,2017-01-26,5.650,8.400,8.400,-32.7381,-2.750,1.00000000,1.00000000,2017-01-25,SINA,seg_4_8_92,True,False,possible_legal,0.0
920682,2017-02-03,8.160,5.650,5.650,44.4248,2.510,1.00000000,1.00000000,2017-01-26,SINA,seg_4_8_92,True,False,possible_legal,0.0
920682,2018-10-15,2.500,9.200,9.200,-72.8261,-6.700,1.00000000,1.00000000,2017-07-10,SINA,seg_4_8_92,True,False,possible_legal,0.0
920682,2019-06-27,3.000,4.600,4.600,-34.7826,-1.600,,1.00000000,2019-06-21,AUSHARE,seg_4_8_92,False,False,possible_legal,0.0
920682,2020-07-27,7.360,12.520,12.520,-41.2141,-5.160,1.00000000,1.00000000,2020-04-27,SINA,seg_4_8_92,True,False,possible_legal,0.0
920685,2015-08-27,-2.060,,,-114.9100,-15.880,,,,AKSHARE,seg_4_8_92,False,False,possible_legal,
920685,2015-09-09,0.720,,-2.060,134.9500,2.780,,,2015-08-27,AKSHARE,seg_4_8_92,False,False,possible_legal,
920685,2015-09-10,2.310,,0.720,220.8300,1.590,,,2015-09-09,AKSHARE,seg_4_8_92,False,False,possible_legal,
920685,2016-03-14,0.540,,0.800,-32.5000,-0.260,,,2016-03-10,AKSHARE,seg_4_8_92,False,False,possible_legal,
920685,2016-06-20,0.500,,0.750,-33.3300,-0.250,,,2016-06-07,AKSHARE,seg_4_8_92,False,False,possible_legal,
920685,2016-06-24,1.010,,0.710,42.2500,0.300,,,2016-06-22,AKSHARE,seg_4_8_92,False,False,possible_legal,
920685,2017-10-30,1.250,,0.930,34.4100,0.320,,,2017-10-27,AKSHARE,seg_4_8_92,False,False,possible_legal,
920685,2017-11-06,0.660,,1.280,-48.4400,-0.620,,,2017-11-03,AKSHARE,seg_4_8_92,False,False,possible_legal,
920685,2017-11-07,0.900,,0.660,36.3600,0.240,,,2017-11-06,AKSHARE,seg_4_8_92,False,False,possible_legal,
920685,2017-11-13,0.270,,0.520,-48.0800,-0.250,,,2017-11-10,AKSHARE,seg_4_8_92,False,False,possible_legal,
920685,2017-11-14,0.500,,0.270,85.1900,0.230,,,2017-11-13,AKSHARE,seg_4_8_92,False,False,possible_legal,
920685,2017-11-16,0.720,,0.500,44.0000,0.220,,,2017-11-15,AKSHARE,seg_4_8_92,False,False,possible_legal,
920685,2017-12-14,0.150,,0.420,-64.2900,-0.270,,,2017-11-27,AKSHARE,seg_4_8_92,False,False,possible_legal,
920685,2017-12-15,0.490,,0.150,226.6700,0.340,,,2017-12-14,AKSHARE,seg_4_8_92,False,False,possible_legal,
920685,2018-06-01,1.420,,0.930,52.6900,0.490,,,2018-05-31,AKSHARE,seg_4_8_92,False,False,possible_legal,
920685,2018-09-04,0.920,,1.340,-31.3400,-0.420,,,2018-08-14,AKSHARE,seg_4_8_92,False,False,possible_legal,
920685,2019-01-18,1.420,,0.920,54.3500,0.500,,,2019-01-17,AKSHARE,seg_4_8_92,False,False,possible_legal,
920685,2019-05-27,0.700,,1.420,-50.7000,-0.720,,,2019-01-18,AKSHARE,seg_4_8_92,False,False,possible_legal,
920685,2019-08-26,2.900,,0.580,400.0000,2.320,,,2019-08-15,AKSHARE,seg_4_8_92,False,False,possible_legal,
920685,2019-10-30,4.180,,2.900,44.1400,1.280,,,2019-08-26,AKSHARE,seg_4_8_92,False,False,possible_legal,
920685,2020-04-27,9.700,,7.200,34.7200,2.500,,,2020-04-24,AKSHARE,seg_4_8_92,False,False,possible_legal,
920689,2015-07-20,1.500,,,-83.8700,-7.800,,,,AKSHARE,seg_4_8_92,False,False,possible_legal,
920689,2015-08-21,2.360,,1.110,112.6100,1.250,,,2015-08-06,AKSHARE,seg_4_8_92,False,False,possible_legal,
920689,2016-07-20,2.350,,1.760,33.5200,0.590,,,2016-07-15,AKSHARE,seg_4_8_92,False,False,possible_legal,
920689,2017-09-04,3.900,,2.390,63.1800,1.510,,,2017-03-01,AKSHARE,seg_4_8_92,False,False,possible_legal,
920689,2017-09-12,2.930,,4.300,-31.8600,-1.370,,,2017-09-11,AKSHARE,seg_4_8_92,False,False,possible_legal,
920689,2017-09-13,3.870,,2.930,32.0800,0.940,,,2017-09-12,AKSHARE,seg_4_8_92,False,False,possible_legal,
920689,2017-11-03,4.750,,3.510,35.3300,1.240,,,2017-11-01,AKSHARE,seg_4_8_92,False,False,possible_legal,
920689,2018-07-24,4.500,,2.980,51.0100,1.520,,,2018-07-23,AKSHARE,seg_4_8_92,False,False,possible_legal,
920689,2018-07-26,3.100,,4.500,-31.1100,-1.400,,,2018-07-24,AKSHARE,seg_4_8_92,False,False,possible_legal,
920689,2018-11-20,4.100,,3.100,32.2600,1.000,,,2018-11-16,AKSHARE,seg_4_8_92,False,False,possible_legal,
920689,2019-01-11,2.600,,4.100,-36.5900,-1.500,,,2018-11-20,AKSHARE,seg_4_8_92,False,False,possible_legal,
920689,2019-04-10,3.100,,1.800,72.2200,1.300,,,2019-04-04,AKSHARE,seg_4_8_92,False,False,possible_legal,
920689,2019-04-23,1.900,,3.100,-38.7100,-1.200,,,2019-04-10,AKSHARE,seg_4_8_92,False,False,possible_legal,
920689,2019-04-29,3.600,,1.900,89.4700,1.700,,,2019-04-23,AKSHARE,seg_4_8_92,False,False,possible_legal,
920689,2020-03-30,3.900,,2.610,49.4300,1.290,,,2020-03-12,AKSHARE,seg_4_8_92,False,False,possible_legal,
920689,2020-09-28,0.700,,3.400,-79.4100,-2.700,,,2020-09-25,AKSHARE,seg_4_8_92,False,False,possible_legal,
920689,2020-09-29,2.970,,0.700,324.2900,2.270,,,2020-09-28,AKSHARE,seg_4_8_92,False,False,possible_legal,
920689,2021-08-30,6.400,,4.830,32.5100,1.570,,,2021-08-27,AKSHARE,seg_4_8_92,False,False,possible_legal,
920689,2021-09-01,6.400,,4.830,32.5100,1.570,,,2021-08-31,AKSHARE,seg_4_8_92,False,False,possible_legal,
920690,2022-05-31,12.800,,7.050,81.5600,5.750,,,2022-05-27,AKSHARE,seg_4_8_92,False,False,possible_legal,
920690,2022-06-10,7.550,,12.800,-41.0200,-5.250,,,2022-05-31,AKSHARE,seg_4_8_92,False,False,possible_legal,
920690,2022-06-13,13.050,,7.550,72.8500,5.500,,,2022-06-10,AKSHARE,seg_4_8_92,False,False,possible_legal,
920690,2022-06-17,7.290,,15.050,-51.5600,-7.760,,,2022-06-14,AKSHARE,seg_4_8_92,False,False,possible_legal,
920690,2022-06-22,14.960,,7.290,105.2100,7.670,,,2022-06-17,AKSHARE,seg_4_8_92,False,False,possible_legal,
920690,2022-07-14,7.930,,14.960,-46.9900,-7.030,,,2022-06-22,AKSHARE,seg_4_8_92,False,False,possible_legal,
920694,2021-12-08,11.080,,7.780,42.4200,3.300,,,2021-12-06,AKSHARE,seg_4_8_92,False,False,possible_legal,
920694,2022-02-25,10.750,,8.120,32.3900,2.630,,,2022-02-24,AKSHARE,seg_4_8_92,False,False,possible_legal,
920694,2022-03-29,9.550,,14.820,-35.5600,-5.270,,,2022-03-04,AKSHARE,seg_4_8_92,False,False,possible_legal,
920694,2022-04-11,4.550,,9.550,-52.3600,-5.000,,,2022-03-29,AKSHARE,seg_4_8_92,False,False,possible_legal,
920694,2022-04-14,7.780,,5.690,36.7300,2.090,,,2022-04-13,AKSHARE,seg_4_8_92,False,False,possible_legal,
920694,2022-04-26,8.000,,11.850,-32.4900,-3.850,,,2022-04-20,AKSHARE,seg_4_8_92,False,False,possible_legal,
920694,2022-08-02,12.250,,18.000,-31.9400,-5.750,,,2022-08-01,AKSHARE,seg_4_8_92,False,False,possible_legal,
920701,2017-12-26,2.250,,,-60.6000,-3.460,,,,AKSHARE,seg_4_8_92,False,False,possible_legal,
920706,2022-05-27,2.550,,,-59.1300,-3.690,,,,AKSHARE,seg_4_8_92,False,False,possible_legal,
920706,2022-07-14,5.650,,2.550,121.5700,3.100,,,2022-05-27,AKSHARE,seg_4_8_92,False,False,possible_legal,
920706,2023-05-18,11.550,,6.720,71.8800,4.830,,,2023-05-17,AKSHARE,seg_4_8_92,False,False,possible_legal,
920706,2023-06-06,7.550,,11.550,-34.6300,-4.000,,,2023-05-18,AKSHARE,seg_4_8_92,False,False,possible_legal,
920717,2018-03-20,2.040,,,-57.7600,-2.790,,,,AKSHARE,seg_4_8_92,False,False,possible_legal,
920717,2021-04-12,5.450,,2.540,114.5700,2.910,,,2018-03-21,AKSHARE,seg_4_8_92,False,False,possible_legal,
920717,2021-11-08,9.510,,6.440,47.6700,3.070,,,2021-04-19,AKSHARE,seg_4_8_92,False,False,possible_legal,
920717,2022-05-25,4.970,,7.560,-34.2600,-2.590,,,2022-01-27,AKSHARE,seg_4_8_92,False,False,possible_legal,
920717,2022-08-10,3.120,,4.970,-37.2200,-1.850,,,2022-07-04,AKSHARE,seg_4_8_92,False,False,possible_legal,
920717,2022-08-30,6.480,,3.120,107.6900,3.360,,,2022-08-10,AKSHARE,seg_4_8_92,False,False,possible_legal,
920717,2022-08-31,13.200,,6.480,103.7000,6.720,,,2022-08-30,AKSHARE,seg_4_8_92,False,False,possible_legal,
920718,2018-10-18,0.080,,0.140,-42.8600,-0.060,,,2018-10-17,AKSHARE,seg_4_8_92,False,False,possible_legal,
920718,2018-10-19,0.030,,0.080,-62.5000,-0.050,,,2018-10-18,AKSHARE,seg_4_8_92,False,False,possible_legal,
920718,2018-10-31,0.020,,0.030,-33.3300,-0.010,,,2018-10-30,AKSHARE,seg_4_8_92,False,False,possible_legal,
920718,2018-11-08,0.040,,0.020,100.0000,0.020,,,2018-11-06,AKSHARE,seg_4_8_92,False,False,possible_legal,
920718,2018-11-20,0.360,,0.170,111.7600,0.190,,,2018-11-16,AKSHARE,seg_4_8_92,False,False,possible_legal,
920718,2019-12-30,0.500,,0.350,42.8600,0.150,,,2019-12-16,AKSHARE,seg_4_8_92,False,False,possible_legal,
920718,2020-01-06,0.790,,0.550,43.6400,0.240,,,2020-01-03,AKSHARE,seg_4_8_92,False,False,possible_legal,
920718,2020-03-04,0.610,,0.990,-38.3800,-0.380,,,2020-02-12,AKSHARE,seg_4_8_92,False,False,possible_legal,
920718,2020-04-16,0.630,,0.470,34.0400,0.160,,,2020-04-14,AKSHARE,seg_4_8_92,False,False,possible_legal,
920718,2020-04-21,0.970,,0.620,56.4500,0.350,,,2020-04-20,AKSHARE,seg_4_8_92,False,False,possible_legal,
920718,2020-04-23,0.510,,0.970,-47.4200,-0.460,,,2020-04-21,AKSHARE,seg_4_8_92,False,False,possible_legal,
920718,2020-04-28,0.860,,0.570,50.8800,0.290,,,2020-04-27,AKSHARE,seg_4_8_92,False,False,possible_legal,
920718,2020-06-22,1.790,,1.000,79.0000,0.790,,,2020-06-19,AKSHARE,seg_4_8_92,False,False,possible_legal,
920718,2020-06-23,1.000,,1.790,-44.1300,-0.790,,,2020-06-22,AKSHARE,seg_4_8_92,False,False,possible_legal,
920718,2020-09-16,1.180,,1.880,-37.2300,-0.700,,,2020-09-15,AKSHARE,seg_4_8_92,False,False,possible_legal,
920718,2020-10-16,1.220,,1.780,-31.4600,-0.560,,,2020-10-14,AKSHARE,seg_4_8_92,False,False,possible_legal,
920718,2020-10-21,4.000,,1.550,158.0600,2.450,,,2020-10-20,AKSHARE,seg_4_8_92,False,False,possible_legal,
920718,2020-10-28,1.550,,4.000,-61.2500,-2.450,,,2020-10-21,AKSHARE,seg_4_8_92,False,False,possible_legal,
920718,2020-11-03,2.300,,1.550,48.3900,0.750,,,2020-10-28,AKSHARE,seg_4_8_92,False,False,possible_legal,
920718,2020-11-10,3.080,,1.900,62.1100,1.180,,,2020-11-09,AKSHARE,seg_4_8_92,False,False,possible_legal,
920718,2021-02-09,1.300,,3.100,-58.0600,-1.800,,,2021-01-14,AKSHARE,seg_4_8_92,False,False,possible_legal,
920718,2021-02-10,3.400,,1.300,161.5400,2.100,,,2021-02-09,AKSHARE,seg_4_8_92,False,False,possible_legal,
920718,2021-09-06,3.200,,2.400,33.3300,0.800,,,2021-09-03,AKSHARE,seg_4_8_92,False,False,possible_legal,
920718,2021-09-09,4.500,,3.200,40.6300,1.300,,,2021-09-07,AKSHARE,seg_4_8_92,False,False,possible_legal,
920718,2021-10-11,5.400,,3.900,38.4600,1.500,,,2021-10-08,AKSHARE,seg_4_8_92,False,False,possible_legal,
920719,2016-11-09,3.590,,,-75.3800,-10.990,,,,AKSHARE,seg_4_8_92,False,False,possible_legal,
920719,2016-11-25,6.800,,3.800,78.9500,3.000,,,2016-11-23,AKSHARE,seg_4_8_92,False,False,possible_legal,
920719,2016-12-06,3.760,,6.800,-44.7100,-3.040,,,2016-11-25,AKSHARE,seg_4_8_92,False,False,possible_legal,
920719,2016-12-08,7.100,,3.510,102.2800,3.590,,,2016-12-07,AKSHARE,seg_4_8_92,False,False,possible_legal,
920719,2016-12-13,3.400,,6.700,-49.2500,-3.300,,,2016-12-09,AKSHARE,seg_4_8_92,False,False,possible_legal,
920719,2016-12-14,7.500,,3.400,120.5900,4.100,,,2016-12-13,AKSHARE,seg_4_8_92,False,False,possible_legal,
920719,2016-12-22,12.900,,6.700,92.5400,6.200,,,2016-12-20,AKSHARE,seg_4_8_92,False,False,possible_legal,
920719,2017-01-10,9.900,,6.700,47.7600,3.200,,,2017-01-09,AKSHARE,seg_4_8_92,False,False,possible_legal,
920719,2017-01-11,6.700,,9.900,-32.3200,-3.200,,,2017-01-10,AKSHARE,seg_4_8_92,False,False,possible_legal,
920719,2017-01-12,9.900,,6.700,47.7600,3.200,,,2017-01-11,AKSHARE,seg_4_8_92,False,False,possible_legal,
920719,2017-01-13,0.900,,9.900,-90.9100,-9.000,,,2017-01-12,AKSHARE,seg_4_8_92,False,False,possible_legal,
920719,2017-01-16,9.700,,0.900,977.7800,8.800,,,2017-01-13,AKSHARE,seg_4_8_92,False,False,possible_legal,
920719,2017-01-18,5.920,,8.800,-32.7300,-2.880,,,2017-01-17,AKSHARE,seg_4_8_92,False,False,possible_legal,
920719,2017-01-19,3.420,,5.920,-42.2300,-2.500,,,2017-01-18,AKSHARE,seg_4_8_92,False,False,possible_legal,
920719,2017-02-06,8.900,,3.400,161.7600,5.500,,,2017-01-23,AKSHARE,seg_4_8_92,False,False,possible_legal,
920719,2017-02-09,3.900,,8.800,-55.6800,-4.900,,,2017-02-07,AKSHARE,seg_4_8_92,False,False,possible_legal,
920719,2017-02-10,8.800,,3.900,125.6400,4.900,,,2017-02-09,AKSHARE,seg_4_8_92,False,False,possible_legal,
920719,2017-03-14,4.610,,6.700,-31.1900,-2.090,,,2017-03-10,AKSHARE,seg_4_8_92,False,False,possible_legal,
920719,2017-03-15,6.700,,4.610,45.3400,2.090,,,2017-03-14,AKSHARE,seg_4_8_92,False,False,possible_legal,
920719,2017-03-31,11.900,,5.900,101.6900,6.000,,,2017-03-30,AKSHARE,seg_4_8_92,False,False,possible_legal,
920719,2017-04-07,6.900,,11.900,-42.0200,-5.000,,,2017-03-31,AKSHARE,seg_4_8_92,False,False,possible_legal,
920719,2017-04-10,10.900,,6.900,57.9700,4.000,,,2017-04-07,AKSHARE,seg_4_8_92,False,False,possible_legal,
920719,2017-04-11,5.900,,10.900,-45.8700,-5.000,,,2017-04-10,AKSHARE,seg_4_8_92,False,False,possible_legal,
920719,2017-04-12,11.900,,5.900,101.6900,6.000,,,2017-04-11,AKSHARE,seg_4_8_92,False,False,possible_legal,
920719,2017-04-21,11.900,,8.400,41.6700,3.500,,,2017-04-20,AKSHARE,seg_4_8_92,False,False,possible_legal,
920719,2017-04-24,5.900,,11.900,-50.4200,-6.000,,,2017-04-21,AKSHARE,seg_4_8_92,False,False,possible_legal,
920719,2017-04-25,7.900,,5.900,33.9000,2.000,,,2017-04-24,AKSHARE,seg_4_8_92,False,False,possible_legal,
920719,2017-05-08,11.900,,8.800,35.2300,3.100,,,2017-05-05,AKSHARE,seg_4_8_92,False,False,possible_legal,
920719,2017-05-15,4.920,,9.090,-45.8700,-4.170,,,2017-05-12,AKSHARE,seg_4_8_92,False,False,possible_legal,
920719,2017-05-16,9.900,,4.920,101.2200,4.980,,,2017-05-15,AKSHARE,seg_4_8_92,False,False,possible_legal,
920719,2017-05-17,14.900,,9.900,50.5100,5.000,,,2017-05-16,AKSHARE,seg_4_8_92,False,False,possible_legal,
920719,2017-05-19,7.400,,14.900,-50.3400,-7.500,,,2017-05-17,AKSHARE,seg_4_8_92,False,False,possible_legal,
920719,2017-05-22,9.900,,7.400,33.7800,2.500,,,2017-05-19,AKSHARE,seg_4_8_92,False,False,possible_legal,
920719,2017-05-24,9.900,,7.040,40.6300,2.860,,,2017-05-23,AKSHARE,seg_4_8_92,False,False,possible_legal,
920719,2017-05-31,11.900,,8.800,35.2300,3.100,,,2017-05-26,AKSHARE,seg_4_8_92,False,False,possible_legal,
920719,2017-06-02,5.900,,11.900,-50.4200,-6.000,,,2017-06-01,AKSHARE,seg_4_8_92,False,False,possible_legal,
920719,2017-06-05,11.900,,5.900,101.6900,6.000,,,2017-06-02,AKSHARE,seg_4_8_92,False,False,possible_legal,
920719,2017-06-06,6.730,,11.900,-43.4500,-5.170,,,2017-06-05,AKSHARE,seg_4_8_92,False,False,possible_legal,
920719,2017-06-07,4.080,,6.730,-39.3800,-2.650,,,2017-06-06,AKSHARE,seg_4_8_92,False,False,possible_legal,
920719,2017-06-12,8.100,,4.000,102.5000,4.100,,,2017-06-09,AKSHARE,seg_4_8_92,False,False,possible_legal,
920719,2017-06-15,5.740,,9.400,-38.9400,-3.660,,,2017-06-14,AKSHARE,seg_4_8_92,False,False,possible_legal,
920719,2017-06-19,8.800,,5.110,72.2100,3.690,,,2017-06-16,AKSHARE,seg_4_8_92,False,False,possible_legal,
920719,2017-06-23,11.900,,8.800,35.2300,3.100,,,2017-06-19,AKSHARE,seg_4_8_92,False,False,possible_legal,
920719,2017-06-30,15.900,,11.900,33.6100,4.000,,,2017-06-23,AKSHARE,seg_4_8_92,False,False,possible_legal,
920719,2017-07-03,7.900,,15.900,-50.3100,-8.000,,,2017-06-30,AKSHARE,seg_4_8_92,False,False,possible_legal,
920719,2017-07-05,4.400,,7.030,-37.4100,-2.630,,,2017-07-04,AKSHARE,seg_4_8_92,False,False,possible_legal,
920719,2017-07-07,10.500,,5.230,100.7600,5.270,,,2017-07-06,AKSHARE,seg_4_8_92,False,False,possible_legal,
920719,2017-07-10,5.200,,10.500,-50.4800,-5.300,,,2017-07-07,AKSHARE,seg_4_8_92,False,False,possible_legal,
920719,2017-07-13,12.900,,6.570,96.3500,6.330,,,2017-07-12,AKSHARE,seg_4_8_92,False,False,possible_legal,
920719,2017-07-17,25.900,,12.900,100.7800,13.000,,,2017-07-13,AKSHARE,seg_4_8_92,False,False,possible_legal,
920719,2017-07-18,12.900,,25.900,-50.1900,-13.000,,,2017-07-17,AKSHARE,seg_4_8_92,False,False,possible_legal,
920719,2017-07-19,8.800,,12.900,-31.7800,-4.100,,,2017-07-18,AKSHARE,seg_4_8_92,False,False,possible_legal,
920719,2017-07-20,14.420,,8.800,63.8600,5.620,,,2017-07-19,AKSHARE,seg_4_8_92,False,False,possible_legal,
920719,2017-07-21,27.900,,14.420,93.4800,13.480,,,2017-07-20,AKSHARE,seg_4_8_92,False,False,possible_legal,
920719,2017-08-11,13.900,,27.900,-50.1800,-14.000,,,2017-07-21,AKSHARE,seg_4_8_92,False,False,possible_legal,
920719,2017-08-14,27.900,,13.900,100.7200,14.000,,,2017-08-11,AKSHARE,seg_4_8_92,False,False,possible_legal,
920719,2017-08-30,13.900,,27.900,-50.1800,-14.000,,,2017-08-28,AKSHARE,seg_4_8_92,False,False,possible_legal,
920719,2017-08-31,27.900,,13.900,100.7200,14.000,,,2017-08-30,AKSHARE,seg_4_8_92,False,False,possible_legal,
920719,2017-09-12,15.900,,27.900,-43.0100,-12.000,,,2017-08-31,AKSHARE,seg_4_8_92,False,False,possible_legal,
920719,2017-09-18,11.540,,19.900,-42.0100,-8.360,,,2017-09-14,AKSHARE,seg_4_8_92,False,False,possible_legal,
920719,2017-09-20,16.030,,9.770,64.0700,6.260,,,2017-09-19,AKSHARE,seg_4_8_92,False,False,possible_legal,
920719,2017-09-22,27.900,,14.050,98.5800,13.850,,,2017-09-21,AKSHARE,seg_4_8_92,False,False,possible_legal,
920719,2017-09-25,55.900,,27.900,100.3600,28.000,,,2017-09-22,AKSHARE,seg_4_8_92,False,False,possible_legal,
920719,2017-09-27,27.900,,55.900,-50.0900,-28.000,,,2017-09-25,AKSHARE,seg_4_8_92,False,False,possible_legal,
920719,2017-09-28,55.900,,27.900,100.3600,28.000,,,2017-09-27,AKSHARE,seg_4_8_92,False,False,possible_legal,
920719,2017-09-29,27.900,,55.900,-50.0900,-28.000,,,2017-09-28,AKSHARE,seg_4_8_92,False,False,possible_legal,
920719,2017-10-09,13.970,,27.900,-49.9300,-13.930,,,2017-09-29,AKSHARE,seg_4_8_92,False,False,possible_legal,
920719,2018-04-27,5.890,,13.970,-57.8400,-8.080,,,2017-10-09,AKSHARE,seg_4_8_92,False,False,possible_legal,
920719,2019-09-12,10.900,,6.900,57.9700,4.000,,,2019-09-11,AKSHARE,seg_4_8_92,False,False,possible_legal,
920719,2020-04-13,5.100,,10.200,-50.0000,-5.100,,,2020-04-10,AKSHARE,seg_4_8_92,False,False,possible_legal,
920719,2020-04-14,9.900,,5.100,94.1200,4.800,,,2020-04-13,AKSHARE,seg_4_8_92,False,False,possible_legal,
920719,2020-04-16,14.870,,10.500,41.6200,4.370,,,2020-04-15,AKSHARE,seg_4_8_92,False,False,possible_legal,
920720,2020-03-31,0.470,,,-85.8000,-2.840,,,,AKSHARE,seg_4_8_92,False,False,possible_legal,
920720,2020-04-09,0.150,,0.480,-68.7500,-0.330,,,2020-04-08,AKSHARE,seg_4_8_92,False,False,possible_legal,
920720,2020-04-13,0.340,,0.150,126.6700,0.190,,,2020-04-09,AKSHARE,seg_4_8_92,False,False,possible_legal,
920720,2020-04-16,-0.040,,0.340,-111.7600,-0.380,,,2020-04-13,AKSHARE,seg_4_8_92,False,False,possible_legal,
920720,2020-04-20,0.360,,-0.040,1000.0000,0.400,,,2020-04-16,AKSHARE,seg_4_8_92,False,False,possible_legal,
920720,2020-04-21,0.580,,0.360,61.1100,0.220,,,2020-04-20,AKSHARE,seg_4_8_92,False,False,possible_legal,
920720,2020-04-22,1.600,,0.580,175.8600,1.020,,,2020-04-21,AKSHARE,seg_4_8_92,False,False,possible_legal,
920720,2020-04-23,0.970,,1.600,-39.3800,-0.630,,,2020-04-22,AKSHARE,seg_4_8_92,False,False,possible_legal,
920720,2020-04-28,0.670,,1.040,-35.5800,-0.370,,,2020-04-24,AKSHARE,seg_4_8_92,False,False,possible_legal,
920720,2020-05-08,0.320,,0.670,-52.2400,-0.350,,,2020-04-28,AKSHARE,seg_4_8_92,False,False,possible_legal,
920720,2020-05-21,1.070,,0.320,234.3800,0.750,,,2020-05-08,AKSHARE,seg_4_8_92,False,False,possible_legal,
920720,2021-01-08,0.520,,1.150,-54.7800,-0.630,,,2020-09-07,AKSHARE,seg_4_8_92,False,False,possible_legal,
920720,2021-01-15,0.750,,0.520,44.2300,0.230,,,2021-01-08,AKSHARE,seg_4_8_92,False,False,possible_legal,
920720,2021-03-15,1.470,,0.750,96.0000,0.720,,,2021-01-15,AKSHARE,seg_4_8_92,False,False,possible_legal,
920725,2020-04-02,1.300,,,-90.4300,-12.290,,,,AKSHARE,seg_4_8_92,False,False,possible_legal,
920725,2020-04-14,1.790,,1.290,38.7600,0.500,,,2020-04-13,AKSHARE,seg_4_8_92,False,False,possible_legal,
920725,2020-06-18,3.390,,2.290,48.0300,1.100,,,2020-06-03,AKSHARE,seg_4_8_92,False,False,possible_legal,
920725,2020-07-30,1.890,,4.390,-56.9500,-2.500,,,2020-06-22,AKSHARE,seg_4_8_92,False,False,possible_legal,
920725,2020-08-21,1.150,,1.890,-39.1500,-0.740,,,2020-07-30,AKSHARE,seg_4_8_92,False,False,possible_legal,
920725,2020-09-30,2.130,,0.800,166.2500,1.330,,,2020-09-09,AKSHARE,seg_4_8_92,False,False,possible_legal,
920725,2021-01-21,0.760,,2.130,-64.3200,-1.370,,,2020-09-30,AKSHARE,seg_4_8_92,False,False,possible_legal,
920725,2021-05-07,1.920,,0.760,152.6300,1.160,,,2021-01-21,AKSHARE,seg_4_8_92,False,False,possible_legal,
920725,2021-05-21,4.420,,1.920,130.2100,2.500,,,2021-05-07,AKSHARE,seg_4_8_92,False,False,possible_legal,
920725,2021-05-28,9.380,,4.420,112.2200,4.960,,,2021-05-21,AKSHARE,seg_4_8_92,False,False,possible_legal,
920725,2021-06-23,4.440,,9.380,-52.6700,-4.940,,,2021-05-28,AKSHARE,seg_4_8_92,False,False,possible_legal,
920725,2021-08-02,7.000,,4.440,57.6600,2.560,,,2021-06-23,AKSHARE,seg_4_8_92,False,False,possible_legal,
920725,2021-09-13,14.500,,7.050,105.6700,7.450,,,2021-09-09,AKSHARE,seg_4_8_92,False,False,possible_legal,
920725,2021-09-14,9.440,,14.500,-34.9000,-5.060,,,2021-09-13,AKSHARE,seg_4_8_92,False,False,possible_legal,
920725,2021-09-16,14.550,,9.440,54.1300,5.110,,,2021-09-14,AKSHARE,seg_4_8_92,False,False,possible_legal,
920725,2021-09-22,27.000,,14.550,85.5700,12.450,,,2021-09-16,AKSHARE,seg_4_8_92,False,False,possible_legal,
920725,2021-09-24,49.000,,29.500,66.1000,19.500,,,2021-09-23,AKSHARE,seg_4_8_92,False,False,possible_legal,
920725,2021-09-29,24.500,,48.500,-49.4800,-24.000,,,2021-09-27,AKSHARE,seg_4_8_92,False,False,possible_legal,
920725,2021-10-11,48.500,,24.500,97.9600,24.000,,,2021-09-29,AKSHARE,seg_4_8_92,False,False,possible_legal,
920725,2021-10-13,22.180,,44.500,-50.1600,-22.320,,,2021-10-12,AKSHARE,seg_4_8_92,False,False,possible_legal,
920725,2021-10-29,32.830,,24.900,31.8500,7.930,,,2021-10-28,AKSHARE,seg_4_8_92,False,False,possible_legal,
920726,2018-03-07,0.000,,1.080,-100.0000,,1.00000000,1.00000000,2018-03-06,SINA,seg_4_8_92,True,False,possible_legal,
920726,2020-03-18,1.500,1.120,1.120,33.9286,0.380,1.00000000,1.00000000,2020-03-16,SINA,seg_4_8_92,True,False,possible_legal,0.0
920726,2020-03-25,0.000,,1.500,-100.0000,,1.00000000,1.00000000,2020-03-18,SINA,seg_4_8_92,True,False,possible_legal,
920726,2020-06-02,7.930,5.500,5.500,44.1818,2.430,1.00000000,1.00000000,2020-06-01,SINA,seg_4_8_92,True,False,possible_legal,0.0
920726,2020-08-18,21.040,13.650,13.650,54.1392,7.390,1.00000000,1.00000000,2020-08-17,SINA,seg_4_8_92,True,False,possible_legal,0.0
920726,2021-05-27,9.000,22.000,22.000,-59.0909,-13.000,1.00000000,1.00000000,2020-09-25,SINA,seg_4_8_92,True,False,possible_legal,0.0
920729,2018-01-05,25.090,17.930,17.930,39.9331,7.160,1.00000000,1.00000000,2018-01-04,SINA,seg_4_8_92,True,False,possible_legal,0.0
920729,2018-01-10,35.000,24.000,24.000,45.8333,11.000,1.00000000,1.00000000,2018-01-09,SINA,seg_4_8_92,True,False,possible_legal,0.0
920729,2018-05-24,0.000,,21.230,-100.0000,,1.00000000,1.00000000,2018-05-16,SINA,seg_4_8_92,True,False,possible_legal,
920729,2018-11-29,0.000,,18.020,-100.0000,,1.00000000,1.00000000,2018-11-07,SINA,seg_4_8_92,True,False,possible_legal,
920729,2018-12-11,0.000,,19.000,-100.0000,,1.00000000,1.00000000,2018-12-07,SINA,seg_4_8_92,True,False,possible_legal,
920729,2019-03-25,0.000,,21.000,-100.0000,,1.00000000,1.00000000,2019-03-19,SINA,seg_4_8_92,True,False,possible_legal,
920729,2019-04-03,5.870,,0.000,32.2100,1.430,,1.00000000,2019-03-25,AKSHARE,seg_4_8_92,False,False,possible_legal,
920729,2019-05-30,0.000,,24.180,-100.0000,,1.00000000,1.00000000,2019-05-17,SINA,seg_4_8_92,True,False,possible_legal,
920729,2019-12-18,0.000,,23.100,-100.0000,,1.00000000,1.00000000,2019-12-16,SINA,seg_4_8_92,True,False,possible_legal,
920729,2020-02-03,0.000,,31.300,-100.0000,,1.00000000,1.00000000,2020-01-23,SINA,seg_4_8_92,True,False,possible_legal,
920735,2021-02-19,18.630,31.210,31.210,-40.3076,-12.580,1.00000000,1.00000000,2020-10-23,SINA,seg_4_8_92,True,False,possible_legal,0.0
920748,2021-03-18,2.170,,,-68.0900,-4.630,,,,AKSHARE,seg_4_8_92,False,False,possible_legal,
920748,2021-08-26,4.520,,2.160,109.2600,2.360,,,2021-04-23,AKSHARE,seg_4_8_92,False,False,possible_legal,
920748,2021-08-27,2.210,,4.520,-51.1100,-2.310,,,2021-08-26,AKSHARE,seg_4_8_92,False,False,possible_legal,
920748,2021-08-31,4.620,,2.210,109.0500,2.410,,,2021-08-27,AKSHARE,seg_4_8_92,False,False,possible_legal,
920748,2021-10-20,9.790,,4.840,102.2700,4.950,,,2021-10-19,AKSHARE,seg_4_8_92,False,False,possible_legal,
920748,2021-10-21,5.270,,9.790,-46.1700,-4.520,,,2021-10-20,AKSHARE,seg_4_8_92,False,False,possible_legal,
920748,2021-12-17,9.790,,5.180,89.0000,4.610,,,2021-12-16,AKSHARE,seg_4_8_92,False,False,possible_legal,
920748,2022-01-05,5.850,,9.680,-39.5700,-3.830,,,2021-12-28,AKSHARE,seg_4_8_92,False,False,possible_legal,
920748,2022-01-06,7.760,,5.850,32.6500,1.910,,,2022-01-05,AKSHARE,seg_4_8_92,False,False,possible_legal,
920748,2022-01-12,14.570,,10.480,39.0300,4.090,,,2022-01-11,AKSHARE,seg_4_8_92,False,False,possible_legal,
920748,2022-05-06,15.180,,10.800,40.5600,4.380,,,2022-05-05,AKSHARE,seg_4_8_92,False,False,possible_legal,
920748,2022-05-16,14.480,,9.600,50.8300,4.880,,,2022-05-13,AKSHARE,seg_4_8_92,False,False,possible_legal,
920748,2022-06-06,9.800,,14.480,-32.3200,-4.680,,,2022-05-16,AKSHARE,seg_4_8_92,False,False,possible_legal,
920751,2015-12-22,-1.300,,,-125.0000,-6.500,,,,AKSHARE,seg_4_8_92,False,False,possible_legal,
920751,2019-11-12,2.700,,-1.300,307.6900,4.000,,,2015-12-24,AKSHARE,seg_4_8_92,False,False,possible_legal,
920751,2020-08-24,1.600,,4.080,-60.7800,-2.480,,,2020-08-21,AKSHARE,seg_4_8_92,False,False,possible_legal,
920751,2020-09-03,3.700,,1.600,131.2500,2.100,,,2020-08-24,AKSHARE,seg_4_8_92,False,False,possible_legal,
920751,2020-09-08,2.050,,3.700,-44.5900,-1.650,,,2020-09-03,AKSHARE,seg_4_8_92,False,False,possible_legal,
920751,2021-03-05,3.680,,2.800,31.4300,0.880,,,2021-03-04,AKSHARE,seg_4_8_92,False,False,possible_legal,
920751,2021-09-06,4.800,,3.000,60.0000,1.800,,,2021-09-03,AKSHARE,seg_4_8_92,False,False,possible_legal,
920753,2020-04-24,4.400,,,-50.6200,-4.510,,,,AKSHARE,seg_4_8_92,False,False,possible_legal,
920753,2020-07-09,10.480,,5.860,78.8400,4.620,,,2020-07-07,AKSHARE,seg_4_8_92,False,False,possible_legal,
920753,2020-07-10,5.860,,10.480,-44.0800,-4.620,,,2020-07-09,AKSHARE,seg_4_8_92,False,False,possible_legal,
920753,2020-07-15,10.480,,7.480,40.1100,3.000,,,2020-07-13,AKSHARE,seg_4_8_92,False,False,possible_legal,
920753,2020-10-16,17.150,,10.660,60.8800,6.490,,,2020-10-15,AKSHARE,seg_4_8_92,False,False,possible_legal,
920753,2020-10-30,11.460,,17.150,-33.1800,-5.690,,,2020-10-28,AKSHARE,seg_4_8_92,False,False,possible_legal,
920753,2020-11-02,24.360,,11.460,112.5700,12.900,,,2020-10-30,AKSHARE,seg_4_8_92,False,False,possible_legal,
920753,2020-11-23,24.360,,17.280,40.9700,7.080,,,2020-11-20,AKSHARE,seg_4_8_92,False,False,possible_legal,
920753,2021-01-13,13.980,,24.370,-42.6300,-10.390,,,2020-12-08,AKSHARE,seg_4_8_92,False,False,possible_legal,
920753,2021-01-14,24.360,,13.980,74.2500,10.380,,,2021-01-13,AKSHARE,seg_4_8_92,False,False,possible_legal,
920753,2021-01-20,14.280,,23.470,-39.1600,-9.190,,,2021-01-15,AKSHARE,seg_4_8_92,False,False,possible_legal,
920753,2021-01-21,23.480,,14.280,64.4300,9.200,,,2021-01-20,AKSHARE,seg_4_8_92,False,False,possible_legal,
920753,2021-02-03,10.990,,23.480,-53.1900,-12.490,,,2021-01-21,AKSHARE,seg_4_8_92,False,False,possible_legal,
920753,2021-02-09,8.960,,12.990,-31.0200,-4.030,,,2021-02-08,AKSHARE,seg_4_8_92,False,False,possible_legal,
920753,2021-02-10,16.110,,8.960,79.8000,7.150,,,2021-02-09,AKSHARE,seg_4_8_92,False,False,possible_legal,
920765,2017-01-06,11.450,7.900,7.900,44.9367,3.550,1.00000000,1.00000000,2017-01-05,SINA,seg_4_8_92,True,False,possible_legal,0.0
920765,2017-05-08,8.250,12.500,12.500,-34.0000,-4.250,1.00000000,1.00000000,2017-05-05,SINA,seg_4_8_92,True,False,possible_legal,0.0
920765,2017-05-11,16.450,8.250,8.250,99.3939,8.200,1.00000000,1.00000000,2017-05-09,SINA,seg_4_8_92,True,False,possible_legal,0.0
920765,2018-04-20,6.600,18.980,18.980,-65.2266,-12.380,1.00000000,1.00000000,2017-06-02,SINA,seg_4_8_92,True,False,possible_legal,0.0
920765,2019-06-06,4.500,3.120,3.120,44.2308,1.380,1.00000000,1.00000000,2019-05-06,SINA,seg_4_8_92,True,False,possible_legal,0.0
920765,2019-12-26,0.000,,4.870,-100.0000,,1.00000000,1.00000000,2019-12-05,SINA,seg_4_8_92,True,False,possible_legal,
920765,2020-07-13,14.990,10.000,10.000,49.9000,4.990,1.00000000,1.00000000,2020-07-08,SINA,seg_4_8_92,True,False,possible_legal,0.0
920768,2015-06-17,5.000,2.800,2.800,78.5714,2.200,1.00000000,1.00000000,2015-06-01,SINA,seg_4_8_92,True,False,possible_legal,0.0
920768,2020-08-18,7.000,5.050,5.050,38.6139,1.950,1.00000000,1.00000000,2020-08-17,SINA,seg_4_8_92,True,False,possible_legal,0.0
920768,2020-10-22,10.780,6.100,6.100,76.7213,4.680,1.00000000,1.00000000,2020-10-21,SINA,seg_4_8_92,True,False,possible_legal,0.0
920770,2017-06-12,13.370,,5.870,127.7700,7.500,,,2017-06-09,AKSHARE,seg_4_8_92,False,False,possible_legal,
920770,2017-06-13,18.370,,13.370,37.4000,5.000,,,2017-06-12,AKSHARE,seg_4_8_92,False,False,possible_legal,
920770,2017-09-15,8.120,,17.870,-54.5600,-9.750,,,2017-08-31,AKSHARE,seg_4_8_92,False,False,possible_legal,
920770,2017-09-26,17.870,,8.120,120.0700,9.750,,,2017-09-15,AKSHARE,seg_4_8_92,False,False,possible_legal,
920770,2017-11-01,9.370,,18.370,-48.9900,-9.000,,,2017-10-19,AKSHARE,seg_4_8_92,False,False,possible_legal,
920770,2017-11-08,4.370,,9.370,-53.3600,-5.000,,,2017-11-06,AKSHARE,seg_4_8_92,False,False,possible_legal,
920770,2017-11-13,11.370,,4.970,128.7700,6.400,,,2017-11-09,AKSHARE,seg_4_8_92,False,False,possible_legal,
920770,2017-11-14,22.370,,11.370,96.7500,11.000,,,2017-11-13,AKSHARE,seg_4_8_92,False,False,possible_legal,
920770,2018-01-24,5.170,,20.370,-74.6200,-15.200,,,2018-01-02,AKSHARE,seg_4_8_92,False,False,possible_legal,
920770,2018-02-01,11.970,,5.170,131.5300,6.800,,,2018-01-24,AKSHARE,seg_4_8_92,False,False,possible_legal,
920770,2018-02-02,16.370,,11.970,36.7600,4.400,,,2018-02-01,AKSHARE,seg_4_8_92,False,False,possible_legal,
920770,2018-02-05,7.370,,16.370,-54.9800,-9.000,,,2018-02-02,AKSHARE,seg_4_8_92,False,False,possible_legal,
920770,2018-03-23,11.370,,5.170,119.9200,6.200,,,2018-02-13,AKSHARE,seg_4_8_92,False,False,possible_legal,
920770,2018-04-04,5.360,,12.350,-56.6000,-6.990,,,2018-03-26,AKSHARE,seg_4_8_92,False,False,possible_legal,
920770,2018-04-12,11.370,,5.360,112.1300,6.010,,,2018-04-04,AKSHARE,seg_4_8_92,False,False,possible_legal,
920770,2018-04-20,4.870,,11.370,-57.1700,-6.500,,,2018-04-12,AKSHARE,seg_4_8_92,False,False,possible_legal,
920770,2018-05-23,10.370,,4.870,112.9400,5.500,,,2018-04-20,AKSHARE,seg_4_8_92,False,False,possible_legal,
920770,2018-05-25,5.370,,10.370,-48.2200,-5.000,,,2018-05-23,AKSHARE,seg_4_8_92,False,False,possible_legal,
920770,2018-06-01,10.370,,5.370,93.1100,5.000,,,2018-05-25,AKSHARE,seg_4_8_92,False,False,possible_legal,
920770,2018-06-11,7.160,,10.870,-34.1300,-3.710,,,2018-06-08,AKSHARE,seg_4_8_92,False,False,possible_legal,
920770,2018-10-15,9.370,,6.910,35.6000,2.460,,,2018-07-16,AKSHARE,seg_4_8_92,False,False,possible_legal,
920770,2018-10-17,12.370,,9.370,32.0200,3.000,,,2018-10-15,AKSHARE,seg_4_8_92,False,False,possible_legal,
920770,2018-10-22,16.370,,12.370,32.3400,4.000,,,2018-10-17,AKSHARE,seg_4_8_92,False,False,possible_legal,
920770,2018-12-27,6.770,,15.170,-55.3700,-8.400,,,2018-11-28,AKSHARE,seg_4_8_92,False,False,possible_legal,
920770,2019-06-05,3.370,,5.030,-33.0000,-1.660,,,2019-06-03,AKSHARE,seg_4_8_92,False,False,possible_legal,
920770,2019-06-14,4.810,,3.370,42.7300,1.440,,,2019-06-05,AKSHARE,seg_4_8_92,False,False,possible_legal,
920770,2019-06-25,6.550,,4.810,36.1700,1.740,,,2019-06-14,AKSHARE,seg_4_8_92,False,False,possible_legal,
920770,2020-09-17,2.270,,5.890,-61.4600,-3.620,,,2019-06-27,AKSHARE,seg_4_8_92,False,False,possible_legal,
920770,2020-10-13,3.620,,2.370,52.7400,1.250,,,2020-10-12,AKSHARE,seg_4_8_92,False,False,possible_legal,
920770,2020-10-22,1.370,,2.530,-45.8500,-1.160,,,2020-10-19,AKSHARE,seg_4_8_92,False,False,possible_legal,
920770,2020-10-23,0.870,,1.370,-36.5000,-0.500,,,2020-10-22,AKSHARE,seg_4_8_92,False,False,possible_legal,
920770,2020-10-30,1.820,,1.070,70.0900,0.750,,,2020-10-27,AKSHARE,seg_4_8_92,False,False,possible_legal,
920770,2020-11-02,3.170,,1.820,74.1800,1.350,,,2020-10-30,AKSHARE,seg_4_8_92,False,False,possible_legal,
920770,2020-11-03,4.170,,3.170,31.5500,1.000,,,2020-11-02,AKSHARE,seg_4_8_92,False,False,possible_legal,
920770,2020-11-24,2.570,,4.570,-43.7600,-2.000,,,2020-11-23,AKSHARE,seg_4_8_92,False,False,possible_legal,
920770,2020-11-25,3.570,,2.570,38.9100,1.000,,,2020-11-24,AKSHARE,seg_4_8_92,False,False,possible_legal,
920770,2020-12-17,2.000,,3.570,-43.9800,-1.570,,,2020-12-08,AKSHARE,seg_4_8_92,False,False,possible_legal,
920770,2020-12-18,4.170,,2.000,108.5000,2.170,,,2020-12-17,AKSHARE,seg_4_8_92,False,False,possible_legal,
920770,2021-03-24,5.730,,3.720,54.0300,2.010,,,2021-03-23,AKSHARE,seg_4_8_92,False,False,possible_legal,
920770,2021-03-26,8.730,,5.730,52.3600,3.000,,,2021-03-24,AKSHARE,seg_4_8_92,False,False,possible_legal,
920770,2021-03-29,3.730,,8.730,-57.2700,-5.000,,,2021-03-26,AKSHARE,seg_4_8_92,False,False,possible_legal,
920770,2021-04-08,1.940,,3.730,-47.9900,-1.790,,,2021-04-07,AKSHARE,seg_4_8_92,False,False,possible_legal,
920770,2021-04-09,3.170,,1.940,63.4000,1.230,,,2021-04-08,AKSHARE,seg_4_8_92,False,False,possible_legal,
920770,2021-04-12,2.170,,3.170,-31.5500,-1.000,,,2021-04-09,AKSHARE,seg_4_8_92,False,False,possible_legal,
920770,2021-04-14,2.970,,1.830,62.3000,1.140,,,2021-04-13,AKSHARE,seg_4_8_92,False,False,possible_legal,
920770,2021-04-15,2.040,,2.970,-31.3100,-0.930,,,2021-04-14,AKSHARE,seg_4_8_92,False,False,possible_legal,
920770,2021-04-19,3.730,,2.240,66.5200,1.490,,,2021-04-16,AKSHARE,seg_4_8_92,False,False,possible_legal,
920770,2021-04-28,2.530,,3.710,-31.8100,-1.180,,,2021-04-27,AKSHARE,seg_4_8_92,False,False,possible_legal,
920770,2021-04-29,5.530,,2.530,118.5800,3.000,,,2021-04-28,AKSHARE,seg_4_8_92,False,False,possible_legal,
920770,2021-06-21,2.760,,6.720,-58.9300,-3.960,,,2021-06-17,AKSHARE,seg_4_8_92,False,False,possible_legal,
920770,2021-06-22,4.690,,2.760,69.9300,1.930,,,2021-06-21,AKSHARE,seg_4_8_92,False,False,possible_legal,
920770,2021-06-23,6.530,,4.690,39.2300,1.840,,,2021-06-22,AKSHARE,seg_4_8_92,False,False,possible_legal,
920770,2021-06-24,2.660,,6.530,-59.2600,-3.870,,,2021-06-23,AKSHARE,seg_4_8_92,False,False,possible_legal,
920770,2021-06-25,3.720,,2.660,39.8500,1.060,,,2021-06-24,AKSHARE,seg_4_8_92,False,False,possible_legal,
920770,2021-07-13,2.500,,3.720,-32.8000,-1.220,,,2021-07-02,AKSHARE,seg_4_8_92,False,False,possible_legal,
920770,2021-07-23,3.500,,2.500,40.0000,1.000,,,2021-07-14,AKSHARE,seg_4_8_92,False,False,possible_legal,
920770,2021-09-01,3.730,,2.730,36.6300,1.000,,,2021-08-31,AKSHARE,seg_4_8_92,False,False,possible_legal,
920770,2021-09-02,2.310,,3.730,-38.0700,-1.420,,,2021-09-01,AKSHARE,seg_4_8_92,False,False,possible_legal,
920770,2021-09-22,5.220,,3.790,37.7300,1.430,,,2021-09-17,AKSHARE,seg_4_8_92,False,False,possible_legal,
920779,2015-06-11,1.390,,,-91.6500,-15.250,,,,AKSHARE,seg_4_8_92,False,False,possible_legal,
920779,2015-06-18,3.300,,1.390,137.4100,1.910,,,2015-06-11,AKSHARE,seg_4_8_92,False,False,possible_legal,
920779,2015-06-25,-1.350,,3.300,-140.9100,-4.650,,,2015-06-23,AKSHARE,seg_4_8_92,False,False,possible_legal,
920779,2015-07-06,3.300,,-1.350,344.4400,4.650,,,2015-06-25,AKSHARE,seg_4_8_92,False,False,possible_legal,
920779,2015-07-07,-0.610,,3.300,-118.4800,-3.910,,,2015-07-06,AKSHARE,seg_4_8_92,False,False,possible_legal,
920779,2015-07-09,3.300,,-0.610,640.9800,3.910,,,2015-07-08,AKSHARE,seg_4_8_92,False,False,possible_legal,
920779,2015-07-17,1.690,,3.300,-48.7900,-1.610,,,2015-07-10,AKSHARE,seg_4_8_92,False,False,possible_legal,
920779,2016-04-21,0.020,,0.870,-97.7000,-0.850,,,2015-12-03,AKSHARE,seg_4_8_92,False,False,possible_legal,
920779,2016-04-25,-0.200,,0.020,-1100.0000,-0.220,,,2016-04-21,AKSHARE,seg_4_8_92,False,False,possible_legal,
920779,2016-04-26,-0.440,,-0.200,-120.0000,-0.240,,,2016-04-25,AKSHARE,seg_4_8_92,False,False,possible_legal,
920779,2016-08-02,-0.750,,-0.500,-50.0000,-0.250,,,2016-08-01,AKSHARE,seg_4_8_92,False,False,possible_legal,
920779,2016-10-24,-1.250,,-0.890,-40.4500,-0.360,,,2016-10-19,AKSHARE,seg_4_8_92,False,False,possible_legal,
920779,2017-05-26,-0.190,,-0.330,42.4200,0.140,,,2017-05-25,AKSHARE,seg_4_8_92,False,False,possible_legal,
920779,2017-06-02,-0.040,,-0.190,78.9500,0.150,,,2017-06-01,AKSHARE,seg_4_8_92,False,False,possible_legal,
920779,2017-06-08,-0.070,,-0.040,-75.0000,-0.030,,,2017-06-02,AKSHARE,seg_4_8_92,False,False,possible_legal,
920779,2017-06-13,-0.040,,-0.070,42.8600,0.030,,,2017-06-08,AKSHARE,seg_4_8_92,False,False,possible_legal,
920779,2017-06-14,,,-0.040,100.0000,0.040,,,2017-06-13,AKSHARE,seg_4_8_92,False,False,possible_legal,
920779,2017-06-21,,,0.050,-100.0000,-0.050,,,2017-06-15,AKSHARE,seg_4_8_92,False,False,possible_legal,
920779,2017-06-30,-0.110,,0.080,-237.5000,-0.190,,,2017-06-27,AKSHARE,seg_4_8_92,False,False,possible_legal,
920779,2017-07-10,-0.020,,-0.090,77.7800,0.070,,,2017-07-07,AKSHARE,seg_4_8_92,False,False,possible_legal,
920779,2017-07-17,0.040,,-0.020,300.0000,0.060,,,2017-07-10,AKSHARE,seg_4_8_92,False,False,possible_legal,
920779,2017-07-19,-0.010,,0.040,-125.0000,-0.050,,,2017-07-17,AKSHARE,seg_4_8_92,False,False,possible_legal,
920779,2017-08-03,0.040,,-0.010,500.0000,0.050,,,2017-07-19,AKSHARE,seg_4_8_92,False,False,possible_legal,
920779,2017-08-07,0.280,,0.040,600.0000,0.240,,,2017-08-03,AKSHARE,seg_4_8_92,False,False,possible_legal,
920779,2017-08-11,0.420,,0.280,50.0000,0.140,,,2017-08-07,AKSHARE,seg_4_8_92,False,False,possible_legal,
920779,2017-09-11,0.940,,0.650,44.6200,0.290,,,2017-09-08,AKSHARE,seg_4_8_92,False,False,possible_legal,
920779,2017-11-15,0.800,,0.530,50.9400,0.270,,,2017-11-14,AKSHARE,seg_4_8_92,False,False,possible_legal,
920779,2017-11-20,1.290,,0.960,34.3800,0.330,,,2017-11-16,AKSHARE,seg_4_8_92,False,False,possible_legal,
920779,2018-08-21,2.180,,1.330,63.9100,0.850,,,2018-08-20,AKSHARE,seg_4_8_92,False,False,possible_legal,
920779,2020-08-18,13.590,,9.900,37.2700,3.690,,,2020-08-17,AKSHARE,seg_4_8_92,False,False,possible_legal,
920779,2020-10-16,14.790,,11.070,33.6000,3.720,,,2020-09-30,AKSHARE,seg_4_8_92,False,False,possible_legal,
920779,2020-11-02,18.140,,11.210,61.8200,6.930,,,2020-10-23,AKSHARE,seg_4_8_92,False,False,possible_legal,
920779,2020-11-03,26.930,,18.140,48.4600,8.790,,,2020-11-02,AKSHARE,seg_4_8_92,False,False,possible_legal,
920779,2020-11-04,12.010,,26.930,-55.4000,-14.920,,,2020-11-03,AKSHARE,seg_4_8_92,False,False,possible_legal,
920779,2021-01-28,21.090,,15.500,36.0600,5.590,,,2021-01-25,AKSHARE,seg_4_8_92,False,False,possible_legal,
920779,2021-02-18,22.560,,15.490,45.6400,7.070,,,2021-02-02,AKSHARE,seg_4_8_92,False,False,possible_legal,
920779,2021-03-09,15.140,,25.500,-40.6300,-10.360,,,2021-02-24,AKSHARE,seg_4_8_92,False,False,possible_legal,
920779,2021-03-10,21.200,,15.140,40.0300,6.060,,,2021-03-09,AKSHARE,seg_4_8_92,False,False,possible_legal,
920779,2021-05-31,16.930,,12.800,32.2700,4.130,,,2021-05-28,AKSHARE,seg_4_8_92,False,False,possible_legal,
920779,2021-12-23,27.710,,20.860,32.8400,6.850,,,2021-12-22,AKSHARE,seg_4_8_92,False,False,possible_legal,
920781,2016-01-08,0.510,,,-91.3100,-5.360,,,,AKSHARE,seg_4_8_92,False,False,possible_legal,
920781,2016-06-07,0.220,,0.510,-56.8600,-0.290,,,2016-01-08,AKSHARE,seg_4_8_92,False,False,possible_legal,
920781,2018-02-26,0.400,,0.220,81.8200,0.180,,,2017-04-13,AKSHARE,seg_4_8_92,False,False,possible_legal,
920781,2019-05-23,0.660,,0.420,57.1400,0.240,,,2019-01-03,AKSHARE,seg_4_8_92,False,False,possible_legal,
920781,2019-12-20,0.280,,0.660,-57.5800,-0.380,,,2019-05-23,AKSHARE,seg_4_8_92,False,False,possible_legal,
920781,2020-02-24,0.570,,0.280,103.5700,0.290,,,2019-12-25,AKSHARE,seg_4_8_92,False,False,possible_legal,
920781,2020-07-08,0.660,,1.030,-35.9200,-0.370,,,2020-07-02,AKSHARE,seg_4_8_92,False,False,possible_legal,
920781,2020-07-13,1.780,,0.660,169.7000,1.120,,,2020-07-08,AKSHARE,seg_4_8_92,False,False,possible_legal,
920781,2020-08-11,0.720,,1.450,-50.3400,-0.730,,,2020-08-03,AKSHARE,seg_4_8_92,False,False,possible_legal,
920781,2020-08-12,1.260,,0.720,75.0000,0.540,,,2020-08-11,AKSHARE,seg_4_8_92,False,False,possible_legal,
920781,2020-12-01,0.680,,1.300,-47.6900,-0.620,,,2020-10-20,AKSHARE,seg_4_8_92,False,False,possible_legal,
920781,2020-12-02,1.060,,0.680,55.8800,0.380,,,2020-12-01,AKSHARE,seg_4_8_92,False,False,possible_legal,
920781,2021-05-25,1.300,,0.940,38.3000,0.360,,,2021-02-08,AKSHARE,seg_4_8_92,False,False,possible_legal,
920781,2021-09-15,3.040,,1.380,120.2900,1.660,,,2021-07-15,AKSHARE,seg_4_8_92,False,False,possible_legal,
920781,2021-09-23,5.690,,3.040,87.1700,2.650,,,2021-09-15,AKSHARE,seg_4_8_92,False,False,possible_legal,
920781,2021-12-27,3.240,,5.690,-43.0600,-2.450,,,2021-12-14,AKSHARE,seg_4_8_92,False,False,possible_legal,
920786,2015-07-28,6.800,,,41.6700,2.000,,,,AKSHARE,seg_4_8_92,False,False,possible_legal,
920786,2019-07-08,0.250,,0.490,-48.9800,-0.240,,,2019-07-05,AKSHARE,seg_4_8_92,False,False,possible_legal,
920786,2019-07-11,0.370,,0.250,48.0000,0.120,,,2019-07-10,AKSHARE,seg_4_8_92,False,False,possible_legal,
920786,2019-09-10,0.480,,0.340,41.1800,0.140,,,2019-09-09,AKSHARE,seg_4_8_92,False,False,possible_legal,
920790,2019-03-13,5.020,,8.200,-38.7800,-3.180,,,2017-12-08,AKSHARE,seg_4_8_92,False,False,possible_legal,
920790,2020-04-24,11.140,,5.020,121.9100,6.120,,,2019-03-13,AKSHARE,seg_4_8_92,False,False,possible_legal,
920790,2020-10-19,18.980,,12.700,49.4500,6.280,,,2020-10-15,AKSHARE,seg_4_8_92,False,False,possible_legal,
920790,2020-10-26,29.700,,15.170,95.7800,14.530,,,2020-10-22,AKSHARE,seg_4_8_92,False,False,possible_legal,
920790,2020-10-27,14.450,,29.700,-51.3500,-15.250,,,2020-10-26,AKSHARE,seg_4_8_92,False,False,possible_legal,
920790,2021-07-07,10.400,,7.470,39.2200,2.930,,,2021-06-30,AKSHARE,seg_4_8_92,False,False,possible_legal,
920790,2021-09-28,15.690,,11.600,35.2600,4.090,,,2021-09-24,AKSHARE,seg_4_8_92,False,False,possible_legal,
920792,2017-04-10,1.240,,,-85.3400,-7.220,,,,AKSHARE,seg_4_8_92,False,False,possible_legal,
920792,2019-07-23,3.540,,1.560,126.9200,1.980,,,2018-08-02,AKSHARE,seg_4_8_92,False,False,possible_legal,
920792,2020-03-30,7.080,,4.580,54.5900,2.500,,,2020-03-26,AKSHARE,seg_4_8_92,False,False,possible_legal,
920792,2020-04-22,6.660,,5.040,32.1400,1.620,,,2020-04-21,AKSHARE,seg_4_8_92,False,False,possible_legal,
920792,2022-02-14,4.560,,7.890,-42.2100,-3.330,,,2020-09-22,AKSHARE,seg_4_8_92,False,False,possible_legal,
920792,2022-05-06,2.860,,4.830,-40.7900,-1.970,,,2022-05-05,AKSHARE,seg_4_8_92,False,False,possible_legal,
920792,2022-05-09,4.540,,2.860,58.7400,1.680,,,2022-05-06,AKSHARE,seg_4_8_92,False,False,possible_legal,
920799,2015-03-16,3.000,10.000,10.000,-70.0000,-7.000,1.00000000,1.00000000,2015-03-10,SINA,seg_4_8_92,True,False,possible_legal,0.0
920799,2015-03-19,60.030,3.000,3.000,1901.0000,57.030,1.00000000,1.00000000,2015-03-16,SINA,seg_4_8_92,True,False,possible_legal,0.0
920799,2015-06-18,32.300,60.900,60.900,-46.9622,-28.600,1.00000000,1.00000000,2015-06-16,SINA,seg_4_8_92,True,False,possible_legal,0.0
920799,2015-07-09,22.700,17.050,17.050,33.1378,5.650,1.00000000,1.00000000,2015-07-08,SINA,seg_4_8_92,True,False,possible_legal,0.0
920799,2016-09-06,11.500,17.960,17.960,-35.9688,-6.460,1.00000000,1.00000000,2016-09-02,SINA,seg_4_8_92,True,False,possible_legal,0.0
920799,2016-12-30,11.000,17.140,17.140,-35.8226,-6.140,1.00000000,1.00000000,2016-12-29,SINA,seg_4_8_92,True,False,possible_legal,0.0
920799,2017-01-03,19.990,11.000,11.000,81.7273,8.990,1.00000000,1.00000000,2016-12-30,SINA,seg_4_8_92,True,False,possible_legal,0.0
920799,2017-01-05,10.670,19.990,19.990,-46.6233,-9.320,1.00000000,1.00000000,2017-01-04,SINA,seg_4_8_92,True,False,possible_legal,0.0
920799,2017-01-06,19.950,10.670,10.670,86.9728,9.280,1.00000000,1.00000000,2017-01-05,SINA,seg_4_8_92,True,False,possible_legal,0.0
920799,2017-02-15,33.990,24.000,24.000,41.6250,9.990,1.00000000,1.00000000,2017-02-14,SINA,seg_4_8_92,True,False,possible_legal,0.0
920799,2019-09-16,16.380,40.200,40.200,-59.2537,-23.820,1.00000000,1.00000000,2017-05-25,SINA,seg_4_8_92,True,False,possible_legal,0.0
920802,2017-07-11,4.530,,8.150,-44.4200,-3.620,,,2017-06-27,AKSHARE,seg_4_8_92,False,False,possible_legal,
920802,2017-07-18,7.520,,4.530,66.0000,2.990,,,2017-07-14,AKSHARE,seg_4_8_92,False,False,possible_legal,
920802,2017-12-18,10.220,,6.610,54.6100,3.610,,,2017-12-11,AKSHARE,seg_4_8_92,False,False,possible_legal,
920802,2017-12-28,6.610,,10.220,-35.3200,-3.610,,,2017-12-18,AKSHARE,seg_4_8_92,False,False,possible_legal,
920802,2018-05-03,5.990,,8.840,-32.2400,-2.850,,,2018-04-16,AKSHARE,seg_4_8_92,False,False,possible_legal,
920802,2018-08-22,2.920,,5.990,-51.2500,-3.070,,,2018-05-03,AKSHARE,seg_4_8_92,False,False,possible_legal,
920802,2018-09-03,0.620,,2.920,-78.7700,-2.300,,,2018-08-22,AKSHARE,seg_4_8_92,False,False,possible_legal,
920802,2018-09-04,2.630,,0.620,324.1900,2.010,,,2018-09-03,AKSHARE,seg_4_8_92,False,False,possible_legal,
920802,2018-09-14,5.820,,3.680,58.1500,2.140,,,2018-09-13,AKSHARE,seg_4_8_92,False,False,possible_legal,
920802,2019-11-20,9.110,,5.880,54.9300,3.230,,,2019-07-31,AKSHARE,seg_4_8_92,False,False,possible_legal,
920802,2020-02-03,14.260,,10.820,31.7900,3.440,,,2020-01-23,AKSHARE,seg_4_8_92,False,False,possible_legal,
920802,2020-04-17,7.340,,13.340,-44.9800,-6.000,,,2020-04-16,AKSHARE,seg_4_8_92,False,False,possible_legal,
920802,2020-04-20,14.630,,7.340,99.3200,7.290,,,2020-04-17,AKSHARE,seg_4_8_92,False,False,possible_legal,
920802,2020-10-13,41.990,,22.180,89.3100,19.810,,,2020-10-09,AKSHARE,seg_4_8_92,False,False,possible_legal,
920802,2020-10-14,24.650,,41.990,-41.3000,-17.340,,,2020-10-13,AKSHARE,seg_4_8_92,False,False,possible_legal,
920802,2021-12-22,11.720,,23.880,-50.9200,-12.160,,,2020-11-06,AKSHARE,seg_4_8_92,False,False,possible_legal,
920807,2019-06-24,0.500,,,-92.2700,-5.970,,,,AKSHARE,seg_4_8_92,False,False,possible_legal,
920807,2019-08-26,2.180,,0.500,336.0000,1.680,,,2019-06-24,AKSHARE,seg_4_8_92,False,False,possible_legal,
920807,2021-07-13,5.370,,2.770,93.8600,2.600,,,2020-07-16,AKSHARE,seg_4_8_92,False,False,possible_legal,
920807,2021-08-25,7.370,,5.370,37.2400,2.000,,,2021-07-13,AKSHARE,seg_4_8_92,False,False,possible_legal,
920807,2021-09-06,10.040,,7.370,36.2300,2.670,,,2021-08-25,AKSHARE,seg_4_8_92,False,False,possible_legal,
920808,2018-08-03,0.800,,,-92.8400,-10.380,,,,AKSHARE,seg_4_8_92,False,False,possible_legal,
920808,2019-08-19,1.290,,0.830,55.4200,0.460,,,2019-06-13,AKSHARE,seg_4_8_92,False,False,possible_legal,
920808,2019-11-04,2.660,,1.960,35.7100,0.700,,,2019-09-09,AKSHARE,seg_4_8_92,False,False,possible_legal,
920808,2019-11-12,1.690,,2.660,-36.4700,-0.970,,,2019-11-04,AKSHARE,seg_4_8_92,False,False,possible_legal,
920808,2020-01-06,2.480,,1.690,46.7500,0.790,,,2019-11-12,AKSHARE,seg_4_8_92,False,False,possible_legal,
920808,2020-04-08,3.280,,2.480,32.2600,0.800,,,2020-03-27,AKSHARE,seg_4_8_92,False,False,possible_legal,
920808,2020-04-29,4.650,,2.680,73.5100,1.970,,,2020-04-23,AKSHARE,seg_4_8_92,False,False,possible_legal,
920808,2020-04-30,2.480,,4.650,-46.6700,-2.170,,,2020-04-29,AKSHARE,seg_4_8_92,False,False,possible_legal,
920808,2020-05-11,4.870,,2.180,123.3900,2.690,,,2020-05-08,AKSHARE,seg_4_8_92,False,False,possible_legal,
920808,2020-05-12,2.400,,4.870,-50.7200,-2.470,,,2020-05-11,AKSHARE,seg_4_8_92,False,False,possible_legal,
920808,2020-05-13,1.490,,2.400,-37.9200,-0.910,,,2020-05-12,AKSHARE,seg_4_8_92,False,False,possible_legal,
920808,2020-05-14,3.480,,1.490,133.5600,1.990,,,2020-05-13,AKSHARE,seg_4_8_92,False,False,possible_legal,
920808,2020-05-15,4.870,,3.480,39.9400,1.390,,,2020-05-14,AKSHARE,seg_4_8_92,False,False,possible_legal,
920808,2020-06-05,1.690,,3.880,-56.4400,-2.190,,,2020-06-04,AKSHARE,seg_4_8_92,False,False,possible_legal,
920808,2020-06-08,3.880,,1.690,129.5900,2.190,,,2020-06-05,AKSHARE,seg_4_8_92,False,False,possible_legal,
920809,2015-05-08,-0.470,,,-103.6400,-13.370,,,,AKSHARE,seg_4_8_92,False,False,possible_legal,
920809,2015-07-22,-0.020,,-0.470,95.7400,0.450,,,2015-05-21,AKSHARE,seg_4_8_92,False,False,possible_legal,
920809,2015-07-29,1.840,,-0.020,9300.0000,1.860,,,2015-07-28,AKSHARE,seg_4_8_92,False,False,possible_legal,
920809,2015-07-30,3.620,,1.840,96.7400,1.780,,,2015-07-29,AKSHARE,seg_4_8_92,False,False,possible_legal,
920809,2015-08-12,,,2.030,-100.0000,-2.030,,,2015-08-11,AKSHARE,seg_4_8_92,False,False,possible_legal,
920809,2015-08-24,-0.020,,0.980,-102.0400,-1.000,,,2015-08-20,AKSHARE,seg_4_8_92,False,False,possible_legal,
920809,2015-08-26,2.390,,-0.020,12050.0000,2.410,,,2015-08-24,AKSHARE,seg_4_8_92,False,False,possible_legal,
920809,2015-08-27,0.020,,2.390,-99.1600,-2.370,,,2015-08-26,AKSHARE,seg_4_8_92,False,False,possible_legal,
920809,2015-09-08,-0.020,,0.020,-200.0000,-0.040,,,2015-08-27,AKSHARE,seg_4_8_92,False,False,possible_legal,
920809,2015-09-10,3.530,,-0.020,17750.0000,3.550,,,2015-09-09,AKSHARE,seg_4_8_92,False,False,possible_legal,
920809,2015-09-11,2.030,,3.530,-42.4900,-1.500,,,2015-09-10,AKSHARE,seg_4_8_92,False,False,possible_legal,
920809,2015-09-15,-0.020,,2.160,-100.9300,-2.180,,,2015-09-14,AKSHARE,seg_4_8_92,False,False,possible_legal,
920809,2015-09-24,2.710,,-0.020,13650.0000,2.730,,,2015-09-23,AKSHARE,seg_4_8_92,False,False,possible_legal,
920809,2015-10-13,0.520,,2.700,-80.7400,-2.180,,,2015-10-12,AKSHARE,seg_4_8_92,False,False,possible_legal,
920809,2015-10-14,2.710,,0.520,421.1500,2.190,,,2015-10-13,AKSHARE,seg_4_8_92,False,False,possible_legal,
920809,2019-01-28,2.230,,10.420,-78.6000,-8.190,,,2017-11-24,AKSHARE,seg_4_8_92,False,False,possible_legal,
920810,2016-09-06,4.710,,,-32.0300,-2.220,,,,AKSHARE,seg_4_8_92,False,False,possible_legal,
920810,2020-08-06,0.510,,1.980,-74.2400,-1.470,,,2020-08-05,AKSHARE,seg_4_8_92,False,False,possible_legal,
920810,2020-08-07,0.670,,0.510,31.3700,0.160,,,2020-08-06,AKSHARE,seg_4_8_92,False,False,possible_legal,
920810,2020-09-18,0.450,,0.300,50.0000,0.150,,,2020-09-16,AKSHARE,seg_4_8_92,False,False,possible_legal,
920810,2021-09-06,1.620,,1.010,60.4000,0.610,,,2021-09-03,AKSHARE,seg_4_8_92,False,False,possible_legal,
920810,2021-09-10,2.510,,1.800,39.4400,0.710,,,2021-09-09,AKSHARE,seg_4_8_92,False,False,possible_legal,
920819,2018-01-30,0.000,,5.590,-100.0000,,1.00000000,1.00000000,2018-01-24,SINA,seg_4_8_92,True,False,possible_legal,
920819,2018-09-25,0.000,,5.240,-100.0000,,1.00000000,1.00000000,2018-09-18,SINA,seg_4_8_92,True,False,possible_legal,
920819,2018-09-28,0.000,,5.240,-100.0000,,1.00000000,1.00000000,2018-09-26,SINA,seg_4_8_92,True,False,possible_legal,
920819,2018-10-16,0.000,,5.240,-100.0000,,1.00000000,1.00000000,2018-10-12,SINA,seg_4_8_92,True,False,possible_legal,
920819,2018-10-24,0.000,,5.250,-100.0000,,1.00000000,1.00000000,2018-10-22,SINA,seg_4_8_92,True,False,possible_legal,
920821,2020-03-18,7.800,,,47.4500,2.510,,,,AKSHARE,seg_4_8_92,False,False,possible_legal,
920821,2020-07-28,27.780,,20.180,37.6600,7.600,,,2020-07-27,AKSHARE,seg_4_8_92,False,False,possible_legal,
920821,2020-09-14,34.870,,25.280,37.9400,9.590,,,2020-09-01,AKSHARE,seg_4_8_92,False,False,possible_legal,
920821,2020-11-09,19.260,,34.300,-43.8500,-15.040,,,2020-11-06,AKSHARE,seg_4_8_92,False,False,possible_legal,
920821,2021-03-31,40.080,,20.690,93.7200,19.390,,,2021-03-29,AKSHARE,seg_4_8_92,False,False,possible_legal,
920826,2017-11-15,3.200,2.400,2.400,33.3333,0.800,1.00000000,1.00000000,2017-10-09,SINA,seg_4_8_92,True,False,possible_legal,0.0
920826,2019-08-19,6.000,8.930,8.930,-32.8108,-2.930,1.00000000,1.00000000,2017-12-07,SINA,seg_4_8_92,True,False,possible_legal,0.0
920826,2020-01-22,0.000,,4.500,-100.0000,,1.00000000,1.00000000,2020-01-21,SINA,seg_4_8_92,True,False,possible_legal,
920826,2020-02-04,0.000,,4.500,-100.0000,,1.00000000,1.00000000,2020-02-03,SINA,seg_4_8_92,True,False,possible_legal,
920826,2020-03-03,7.000,4.500,4.500,55.5556,2.500,1.00000000,1.00000000,2020-02-28,SINA,seg_4_8_92,True,False,possible_legal,0.0
920826,2020-03-06,4.510,7.000,7.000,-35.5714,-2.490,1.00000000,1.00000000,2020-03-05,SINA,seg_4_8_92,True,False,possible_legal,0.0
920826,2020-03-09,7.000,4.510,4.510,55.2106,2.490,1.00000000,1.00000000,2020-03-06,SINA,seg_4_8_92,True,False,possible_legal,0.0
920826,2020-03-19,8.000,6.000,6.000,33.3333,2.000,1.00000000,1.00000000,2020-03-18,SINA,seg_4_8_92,True,False,possible_legal,0.0
920826,2020-04-27,15.000,11.110,11.110,35.0135,3.890,1.00000000,1.00000000,2020-04-20,SINA,seg_4_8_92,True,False,possible_legal,0.0
920826,2020-07-28,6.880,13.000,13.000,-47.0769,-6.120,1.00000000,1.00000000,2020-07-17,SINA,seg_4_8_92,True,False,possible_legal,0.0
920826,2021-01-12,4.410,6.880,6.880,-35.9012,-2.470,1.00000000,1.00000000,2020-07-28,SINA,seg_4_8_92,True,False,possible_legal,0.0
920826,2021-11-01,6.750,,7.920,32.3500,1.650,,1.01600000,2021-10-29,AKSHARE,seg_4_8_92,False,False,possible_legal,
920826,2021-11-02,11.840,7.923,6.750,49.4410,3.917,1.01600000,,2021-11-01,SINA,seg_4_8_92,False,False,possible_legal,0.17377777777777778
920832,2015-06-10,7.000,3.500,3.500,100.0000,3.500,1.00000000,1.00000000,2015-05-28,SINA,seg_4_8_92,True,False,possible_legal,0.0
920832,2015-07-16,9.500,7.040,7.040,34.9432,2.460,1.00000000,1.00000000,2015-07-14,SINA,seg_4_8_92,True,False,possible_legal,0.0
920832,2015-12-31,8.500,5.400,5.400,57.4074,3.100,1.00000000,1.00000000,2015-12-28,SINA,seg_4_8_92,True,False,possible_legal,0.0
920832,2016-01-06,5.430,8.500,8.500,-36.1176,-3.070,1.00000000,1.00000000,2016-01-04,SINA,seg_4_8_92,True,False,possible_legal,0.0
920832,2016-03-31,8.500,5.430,5.430,56.5378,3.070,1.00000000,1.00000000,2016-01-06,SINA,seg_4_8_92,True,False,possible_legal,0.0
920832,2016-09-23,4.500,8.500,8.500,-47.0588,-4.000,1.00000000,1.00000000,2016-03-31,SINA,seg_4_8_92,True,False,possible_legal,0.0
920832,2016-09-28,8.500,4.500,4.500,88.8889,4.000,1.00000000,1.00000000,2016-09-23,SINA,seg_4_8_92,True,False,possible_legal,0.0
920832,2016-12-12,4.000,8.500,8.500,-52.9412,-4.500,1.00000000,1.00000000,2016-09-28,SINA,seg_4_8_92,True,False,possible_legal,0.0
920832,2016-12-15,4.930,,4.000,141.6700,2.890,,1.00000000,2016-12-12,AKSHARE,seg_4_8_92,False,False,possible_legal,
920832,2017-06-05,9.200,4.000,4.930,130.0000,5.200,1.00000000,,2016-12-15,SINA,seg_4_8_92,False,False,possible_legal,0.1886409736308316
920832,2017-10-24,4.000,9.200,9.200,-56.5217,-5.200,1.00000000,1.00000000,2017-06-22,SINA,seg_4_8_92,True,False,possible_legal,0.0
920832,2017-11-01,7.000,4.000,4.000,75.0000,3.000,1.00000000,1.00000000,2017-10-24,SINA,seg_4_8_92,True,False,possible_legal,0.0
920832,2017-11-07,4.000,7.000,7.000,-42.8571,-3.000,1.00000000,1.00000000,2017-11-01,SINA,seg_4_8_92,True,False,possible_legal,0.0
920832,2017-11-10,5.970,4.120,4.120,44.9029,1.850,1.00000000,1.00000000,2017-11-09,SINA,seg_4_8_92,True,False,possible_legal,0.0
920832,2017-11-13,3.410,5.970,5.970,-42.8811,-2.560,1.00000000,1.00000000,2017-11-10,SINA,seg_4_8_92,True,False,possible_legal,0.0
920832,2017-11-24,5.310,,3.500,121.2500,2.910,,1.00000000,2017-11-23,AKSHARE,seg_4_8_92,False,False,possible_legal,
920832,2017-12-07,7.000,3.550,3.550,97.1831,3.450,1.00000000,1.00000000,2017-12-06,SINA,seg_4_8_92,True,False,possible_legal,0.0
920832,2017-12-08,3.640,7.000,7.000,-48.0000,-3.360,1.00000000,1.00000000,2017-12-07,SINA,seg_4_8_92,True,False,possible_legal,0.0
920832,2017-12-22,7.000,3.500,3.500,100.0000,3.500,1.00000000,1.00000000,2017-12-21,SINA,seg_4_8_92,True,False,possible_legal,0.0
920832,2018-01-02,3.530,7.000,7.000,-49.5714,-3.470,1.00000000,1.00000000,2017-12-22,SINA,seg_4_8_92,True,False,possible_legal,0.0
920832,2018-01-10,3.430,2.340,2.340,46.5812,1.090,1.00000000,1.00000000,2018-01-09,SINA,seg_4_8_92,True,False,possible_legal,0.0
920832,2018-01-12,6.200,3.100,3.100,100.0000,3.100,1.00000000,1.00000000,2018-01-11,SINA,seg_4_8_92,True,False,possible_legal,0.0
920832,2018-01-16,3.000,6.200,6.200,-51.6129,-3.200,1.00000000,1.00000000,2018-01-12,SINA,seg_4_8_92,True,False,possible_legal,0.0
920832,2018-01-29,0.000,,3.450,-100.0000,,1.00000000,1.00000000,2018-01-26,SINA,seg_4_8_92,True,False,possible_legal,
920832,2018-01-31,0.000,,3.460,-100.0000,,1.00000000,1.00000000,2018-01-30,SINA,seg_4_8_92,True,False,possible_legal,
920832,2019-06-03,5.790,4.330,4.330,33.7182,1.460,1.00000000,1.00000000,2019-05-31,SINA,seg_4_8_92,True,False,possible_legal,0.0
920832,2019-06-17,0.000,,5.340,-100.0000,,1.00000000,1.00000000,2019-06-14,SINA,seg_4_8_92,True,False,possible_legal,
920832,2019-07-03,0.000,,5.990,-100.0000,,1.00000000,1.00000000,2019-07-02,SINA,seg_4_8_92,True,False,possible_legal,
920832,2019-07-08,0.000,,5.880,-100.0000,,1.00000000,1.00000000,2019-07-04,SINA,seg_4_8_92,True,False,possible_legal,
920832,2021-02-23,7.020,10.570,10.570,-33.5856,-3.550,1.00000000,1.00000000,2020-09-24,SINA,seg_4_8_92,True,False,possible_legal,0.0
920833,2022-06-30,6.500,,,-31.2200,-2.950,,,,AKSHARE,seg_4_8_92,False,False,possible_legal,
920834,2016-05-27,-1.400,,,-135.0000,-5.400,,,,AKSHARE,seg_4_8_92,False,False,possible_legal,
920834,2020-04-21,-0.700,,-1.040,32.6900,0.340,,,2020-04-20,AKSHARE,seg_4_8_92,False,False,possible_legal,
920834,2020-04-22,0.170,,-0.700,124.2900,0.870,,,2020-04-21,AKSHARE,seg_4_8_92,False,False,possible_legal,
920834,2020-04-28,1.350,,0.170,694.1200,1.180,,,2020-04-22,AKSHARE,seg_4_8_92,False,False,possible_legal,
920834,2020-04-30,3.780,,1.390,171.9400,2.390,,,2020-04-29,AKSHARE,seg_4_8_92,False,False,possible_legal,
920834,2020-05-22,2.400,,3.780,-36.5100,-1.380,,,2020-04-30,AKSHARE,seg_4_8_92,False,False,possible_legal,
920834,2020-05-25,1.300,,2.400,-45.8300,-1.100,,,2020-05-22,AKSHARE,seg_4_8_92,False,False,possible_legal,
920834,2020-05-26,0.510,,1.300,-60.7700,-0.790,,,2020-05-25,AKSHARE,seg_4_8_92,False,False,possible_legal,
920834,2020-05-28,-0.220,,0.510,-143.1400,-0.730,,,2020-05-26,AKSHARE,seg_4_8_92,False,False,possible_legal,
920834,2020-06-02,-0.840,,-0.220,-281.8200,-0.620,,,2020-05-28,AKSHARE,seg_4_8_92,False,False,possible_legal,
920834,2020-07-31,-0.260,,-0.600,56.6700,0.340,,,2020-07-29,AKSHARE,seg_4_8_92,False,False,possible_legal,
920834,2020-08-03,-0.160,,-0.260,38.4600,0.100,,,2020-07-31,AKSHARE,seg_4_8_92,False,False,possible_legal,
920834,2020-08-10,0.430,,-0.160,368.7500,0.590,,,2020-08-03,AKSHARE,seg_4_8_92,False,False,possible_legal,
920834,2020-08-14,-0.260,,0.350,-174.2900,-0.610,,,2020-08-13,AKSHARE,seg_4_8_92,False,False,possible_legal,
920834,2020-10-09,0.420,,-0.260,261.5400,0.680,,,2020-08-14,AKSHARE,seg_4_8_92,False,False,possible_legal,
920834,2020-10-30,0.680,,0.420,61.9000,0.260,,,2020-10-09,AKSHARE,seg_4_8_92,False,False,possible_legal,
920834,2020-11-04,1.690,,0.680,148.5300,1.010,,,2020-10-30,AKSHARE,seg_4_8_92,False,False,possible_legal,
920834,2021-01-06,4.700,,1.690,178.1100,3.010,,,2020-12-15,AKSHARE,seg_4_8_92,False,False,possible_legal,
920834,2021-06-03,10.720,,4.700,128.0900,6.020,,,2021-01-06,AKSHARE,seg_4_8_92,False,False,possible_legal,
920837,2022-08-15,4.210,,2.970,41.7500,1.240,,,2022-07-05,AKSHARE,seg_4_8_92,False,False,possible_legal,
920839,2015-06-23,5.760,3.100,3.100,85.8065,2.660,1.00000000,1.00000000,2015-06-04,SINA,seg_4_8_92,True,False,possible_legal,0.0
920839,2018-01-17,0.000,,1.460,-100.0000,,1.00000000,1.00000000,2017-12-25,SINA,seg_4_8_92,True,False,possible_legal,
920839,2018-10-25,0.000,,2.180,-100.0000,,1.00000000,1.00000000,2018-10-23,SINA,seg_4_8_92,True,False,possible_legal,
920839,2019-01-02,0.000,,2.890,-100.0000,,1.00000000,1.00000000,2018-12-28,SINA,seg_4_8_92,True,False,possible_legal,
920839,2019-04-04,4.010,2.530,2.530,58.4980,1.480,1.00000000,1.00000000,2019-04-03,SINA,seg_4_8_92,True,False,possible_legal,0.0
920839,2019-06-03,0.000,,4.010,-100.0000,,1.00000000,1.00000000,2019-04-29,SINA,seg_4_8_92,True,False,possible_legal,
920839,2020-01-08,1.610,3.010,3.010,-46.5116,-1.400,1.00000000,1.00000000,2019-11-20,SINA,seg_4_8_92,True,False,possible_legal,0.0
920839,2020-01-09,0.000,,1.610,-100.0000,,1.00000000,1.00000000,2020-01-08,SINA,seg_4_8_92,True,False,possible_legal,
920839,2020-02-06,-0.180,,3.450,-131.0300,-0.760,,1.00000000,2020-02-04,AKSHARE,seg_4_8_92,False,False,possible_legal,
920839,2020-03-16,5.970,4.050,4.050,47.4074,1.920,1.00000000,1.00000000,2020-03-11,SINA,seg_4_8_92,True,False,possible_legal,0.0
920839,2020-04-20,10.000,7.000,7.000,42.8571,3.000,1.00000000,1.00000000,2020-04-16,SINA,seg_4_8_92,True,False,possible_legal,0.0
920839,2020-05-20,20.000,15.000,15.000,33.3333,5.000,1.00000000,1.00000000,2020-04-27,SINA,seg_4_8_92,True,False,possible_legal,0.0
920839,2020-05-22,10.040,20.000,20.000,-49.8000,-9.960,1.00000000,1.00000000,2020-05-20,SINA,seg_4_8_92,True,False,possible_legal,0.0
920839,2020-06-10,0.000,,10.250,-100.0000,,1.00000000,1.00000000,2020-06-09,SINA,seg_4_8_92,True,False,possible_legal,
920839,2020-06-17,0.000,,10.000,-100.0000,,1.00000000,1.00000000,2020-06-16,SINA,seg_4_8_92,True,False,possible_legal,
920839,2020-11-09,9.420,19.800,19.800,-52.4242,-10.380,1.00000000,1.00000000,2020-07-20,SINA,seg_4_8_92,True,False,possible_legal,0.0
920855,2020-04-30,18.610,,11.600,60.4300,7.010,,,2020-04-14,AKSHARE,seg_4_8_92,False,False,possible_legal,
920855,2020-11-19,9.010,,18.610,-51.5900,-9.600,,,2020-04-30,AKSHARE,seg_4_8_92,False,False,possible_legal,
920855,2020-12-01,5.140,,9.010,-42.9500,-3.870,,,2020-11-26,AKSHARE,seg_4_8_92,False,False,possible_legal,
920855,2021-01-14,9.510,,4.900,94.0800,4.610,,,2020-12-09,AKSHARE,seg_4_8_92,False,False,possible_legal,
920855,2021-11-17,17.260,,9.260,86.3900,8.000,,,2021-10-12,AKSHARE,seg_4_8_92,False,False,possible_legal,
920855,2021-11-18,28.140,,17.260,63.0400,10.880,,,2021-11-17,AKSHARE,seg_4_8_92,False,False,possible_legal,
920855,2022-02-16,9.520,,18.750,-49.2300,-9.230,,,2022-02-14,AKSHARE,seg_4_8_92,False,False,possible_legal,
920855,2022-02-21,18.140,,9.520,90.5500,8.620,,,2022-02-16,AKSHARE,seg_4_8_92,False,False,possible_legal,
920855,2022-02-25,19.210,,14.340,33.9600,4.870,,,2022-02-24,AKSHARE,seg_4_8_92,False,False,possible_legal,
920855,2022-03-10,12.060,,19.210,-37.2200,-7.150,,,2022-02-25,AKSHARE,seg_4_8_92,False,False,possible_legal,
920855,2022-03-14,16.250,,12.060,34.7400,4.190,,,2022-03-10,AKSHARE,seg_4_8_92,False,False,possible_legal,
920855,2022-05-06,8.200,,16.260,-49.5700,-8.060,,,2022-03-17,AKSHARE,seg_4_8_92,False,False,possible_legal,
920856,2015-11-23,6.000,1.000,1.000,500.0000,5.000,1.00000000,1.00000000,2015-11-12,SINA,seg_4_8_92,True,False,possible_legal,0.0
920856,2015-11-25,1.000,6.000,6.000,-83.3333,-5.000,1.00000000,1.00000000,2015-11-24,SINA,seg_4_8_92,True,False,possible_legal,0.0
920856,2016-01-05,8.550,1.000,1.000,755.0000,7.550,1.00000000,1.00000000,2015-11-25,SINA,seg_4_8_92,True,False,possible_legal,0.0
920856,2018-04-09,6.500,16.510,16.510,-60.6299,-10.010,1.00000000,1.00000000,2017-05-26,SINA,seg_4_8_92,True,False,possible_legal,0.0
920856,2019-05-15,8.200,5.780,5.780,41.8685,2.420,1.00000000,1.00000000,2019-02-26,SINA,seg_4_8_92,True,False,possible_legal,0.0
920856,2020-01-16,5.230,8.200,8.200,-36.2195,-2.970,1.00000000,1.00000000,2019-05-15,SINA,seg_4_8_92,True,False,possible_legal,0.0
920856,2020-01-17,7.070,5.230,5.230,35.1816,1.840,1.00000000,1.00000000,2020-01-16,SINA,seg_4_8_92,True,False,possible_legal,0.0
920856,2020-12-25,5.830,8.610,6.690,-32.2880,-2.780,1.00000000,,2020-05-13,SINA,seg_4_8_92,False,False,possible_legal,0.2869955156950671
920857,2020-04-21,4.930,,,-56.4900,-6.400,,,,AKSHARE,seg_4_8_92,False,False,possible_legal,
920857,2020-08-28,9.100,,5.140,77.0400,3.960,,,2020-08-07,AKSHARE,seg_4_8_92,False,False,possible_legal,
920857,2021-02-09,17.130,,8.130,110.7000,9.000,,,2020-12-29,AKSHARE,seg_4_8_92,False,False,possible_legal,
920857,2021-02-26,9.150,,17.130,-46.5800,-7.980,,,2021-02-09,AKSHARE,seg_4_8_92,False,False,possible_legal,
920866,2017-11-27,1.210,,,-84.0800,-6.390,,,,AKSHARE,seg_4_8_92,False,False,possible_legal,
920866,2020-03-27,2.600,,1.210,114.8800,1.390,,,2017-11-29,AKSHARE,seg_4_8_92,False,False,possible_legal,
920866,2020-04-23,1.180,,2.760,-57.2500,-1.580,,,2020-04-22,AKSHARE,seg_4_8_92,False,False,possible_legal,
920866,2020-04-24,2.660,,1.180,125.4200,1.480,,,2020-04-23,AKSHARE,seg_4_8_92,False,False,possible_legal,
920866,2020-06-12,3.500,,2.500,40.0000,1.000,,,2020-06-11,AKSHARE,seg_4_8_92,False,False,possible_legal,
920866,2020-07-09,3.600,,2.620,37.4000,0.980,,,2020-07-06,AKSHARE,seg_4_8_92,False,False,possible_legal,
920866,2020-07-14,2.600,,3.800,-31.5800,-1.200,,,2020-07-13,AKSHARE,seg_4_8_92,False,False,possible_legal,
920866,2020-08-06,3.700,,2.500,48.0000,1.200,,,2020-07-21,AKSHARE,seg_4_8_92,False,False,possible_legal,
920866,2020-09-08,2.400,,3.610,-33.5200,-1.210,,,2020-09-07,AKSHARE,seg_4_8_92,False,False,possible_legal,
920866,2020-09-09,3.600,,2.400,50.0000,1.200,,,2020-09-08,AKSHARE,seg_4_8_92,False,False,possible_legal,
920866,2020-09-15,3.600,,2.710,32.8400,0.890,,,2020-09-11,AKSHARE,seg_4_8_92,False,False,possible_legal,
920866,2020-12-22,1.500,,3.200,-53.1300,-1.700,,,2020-12-21,AKSHARE,seg_4_8_92,False,False,possible_legal,
920866,2020-12-23,3.400,,1.500,126.6700,1.900,,,2020-12-22,AKSHARE,seg_4_8_92,False,False,possible_legal,
920866,2021-02-01,1.820,,3.500,-48.0000,-1.680,,,2021-01-27,AKSHARE,seg_4_8_92,False,False,possible_legal,
920866,2021-02-02,3.860,,1.820,112.0900,2.040,,,2021-02-01,AKSHARE,seg_4_8_92,False,False,possible_legal,
920866,2021-05-13,6.600,,3.300,100.0000,3.300,,,2021-05-11,AKSHARE,seg_4_8_92,False,False,possible_legal,
920866,2021-05-18,3.490,,6.600,-47.1200,-3.110,,,2021-05-13,AKSHARE,seg_4_8_92,False,False,possible_legal,
920866,2021-05-21,6.490,,3.490,85.9600,3.000,,,2021-05-18,AKSHARE,seg_4_8_92,False,False,possible_legal,
920866,2021-06-01,3.590,,6.490,-44.6800,-2.900,,,2021-05-21,AKSHARE,seg_4_8_92,False,False,possible_legal,
920866,2021-08-25,9.100,,6.250,45.6000,2.850,,,2021-08-23,AKSHARE,seg_4_8_92,False,False,possible_legal,
920870,2018-03-29,1.400,,,-84.7300,-7.770,,,,AKSHARE,seg_4_8_92,False,False,possible_legal,
920870,2018-03-30,2.400,,1.400,71.4300,1.000,,,2018-03-29,AKSHARE,seg_4_8_92,False,False,possible_legal,
920870,2018-10-23,3.490,,2.400,45.4200,1.090,,,2018-03-30,AKSHARE,seg_4_8_92,False,False,possible_legal,
920870,2019-12-18,1.040,,3.490,-70.2000,-2.450,,,2018-10-23,AKSHARE,seg_4_8_92,False,False,possible_legal,
920870,2019-12-20,0.030,,1.040,-97.1200,-1.010,,,2019-12-18,AKSHARE,seg_4_8_92,False,False,possible_legal,
920870,2019-12-23,-0.520,,0.030,-1833.3300,-0.550,,,2019-12-20,AKSHARE,seg_4_8_92,False,False,possible_legal,
920870,2020-01-06,0.330,,-0.520,163.4600,0.850,,,2019-12-23,AKSHARE,seg_4_8_92,False,False,possible_legal,
920870,2020-07-14,1.860,,0.330,463.6400,1.530,,,2020-01-06,AKSHARE,seg_4_8_92,False,False,possible_legal,
920870,2020-08-14,0.610,,1.860,-67.2000,-1.250,,,2020-07-14,AKSHARE,seg_4_8_92,False,False,possible_legal,
920870,2020-09-07,2.060,,0.610,237.7000,1.450,,,2020-08-14,AKSHARE,seg_4_8_92,False,False,possible_legal,
920870,2021-04-20,5.230,,2.060,153.8800,3.170,,,2020-09-07,AKSHARE,seg_4_8_92,False,False,possible_legal,
920870,2021-04-21,2.060,,5.230,-60.6100,-3.170,,,2021-04-20,AKSHARE,seg_4_8_92,False,False,possible_legal,
920870,2021-04-22,5.230,,2.060,153.8800,3.170,,,2021-04-21,AKSHARE,seg_4_8_92,False,False,possible_legal,
920870,2021-04-26,2.740,,5.230,-47.6100,-2.490,,,2021-04-23,AKSHARE,seg_4_8_92,False,False,possible_legal,
920870,2021-09-06,6.690,,3.890,71.9800,2.800,,,2021-08-26,AKSHARE,seg_4_8_92,False,False,possible_legal,
920870,2021-09-22,9.390,,7.140,31.5100,2.250,,,2021-09-13,AKSHARE,seg_4_8_92,False,False,possible_legal,
920870,2021-12-21,29.170,,17.170,69.8900,12.000,,,2021-12-20,AKSHARE,seg_4_8_92,False,False,possible_legal,
920871,2020-06-03,4.390,,3.180,38.0500,1.210,,,2020-04-07,AKSHARE,seg_4_8_92,False,False,possible_legal,
920871,2021-01-04,3.270,,5.450,-40.0000,-2.180,,,2020-11-16,AKSHARE,seg_4_8_92,False,False,possible_legal,
920871,2021-01-25,1.350,,3.410,-60.4100,-2.060,,,2021-01-13,AKSHARE,seg_4_8_92,False,False,possible_legal,
920871,2021-02-08,3.410,,1.350,152.5900,2.060,,,2021-01-25,AKSHARE,seg_4_8_92,False,False,possible_legal,
920871,2021-02-09,5.080,,3.410,48.9700,1.670,,,2021-02-08,AKSHARE,seg_4_8_92,False,False,possible_legal,
920871,2021-07-26,6.590,,4.950,33.1300,1.640,,,2021-07-22,AKSHARE,seg_4_8_92,False,False,possible_legal,
920871,2021-09-16,19.100,,9.210,107.3800,9.890,,,2021-09-15,AKSHARE,seg_4_8_92,False,False,possible_legal,
920871,2021-09-22,12.230,,19.100,-35.9700,-6.870,,,2021-09-16,AKSHARE,seg_4_8_92,False,False,possible_legal,
920871,2021-12-24,16.810,,11.810,42.3400,5.000,,,2021-12-22,AKSHARE,seg_4_8_92,False,False,possible_legal,
920873,2015-12-30,3.160,,5.370,-41.1500,-2.210,,,2015-11-13,AKSHARE,seg_4_8_92,False,False,possible_legal,
920873,2015-12-31,5.430,,3.160,71.8400,2.270,,,2015-12-30,AKSHARE,seg_4_8_92,False,False,possible_legal,
920873,2016-05-17,3.670,,5.410,-32.1600,-1.740,,,2016-01-12,AKSHARE,seg_4_8_92,False,False,possible_legal,
920873,2017-06-30,3.930,,2.760,42.3900,1.170,,,2017-06-28,AKSHARE,seg_4_8_92,False,False,possible_legal,
920873,2017-09-18,3.130,,5.000,-37.4000,-1.870,,,2017-09-12,AKSHARE,seg_4_8_92,False,False,possible_legal,
920873,2017-09-19,5.000,,3.130,59.7400,1.870,,,2017-09-18,AKSHARE,seg_4_8_92,False,False,possible_legal,
920873,2017-12-06,3.280,,5.000,-34.4000,-1.720,,,2017-09-19,AKSHARE,seg_4_8_92,False,False,possible_legal,
920873,2019-06-21,5.300,,3.940,34.5200,1.360,,,2019-06-06,AKSHARE,seg_4_8_92,False,False,possible_legal,
920876,2016-03-03,4.410,,,-43.1000,-3.340,,,,AKSHARE,seg_4_8_92,False,False,possible_legal,
920876,2016-03-04,5.930,,4.410,34.4700,1.520,,,2016-03-03,AKSHARE,seg_4_8_92,False,False,possible_legal,
920876,2019-06-27,0.320,,0.490,-34.6900,-0.170,,,2019-06-26,AKSHARE,seg_4_8_92,False,False,possible_legal,
920876,2019-06-28,0.220,,0.320,-31.2500,-0.100,,,2019-06-27,AKSHARE,seg_4_8_92,False,False,possible_legal,
920876,2019-07-01,0.120,,0.220,-45.4500,-0.100,,,2019-06-28,AKSHARE,seg_4_8_92,False,False,possible_legal,
920876,2019-07-02,0.070,,0.120,-41.6700,-0.050,,,2019-07-01,AKSHARE,seg_4_8_92,False,False,possible_legal,
920876,2019-07-03,0.010,,0.070,-85.7100,-0.060,,,2019-07-02,AKSHARE,seg_4_8_92,False,False,possible_legal,
920876,2019-07-04,-0.090,,0.010,-1000.0000,-0.100,,,2019-07-03,AKSHARE,seg_4_8_92,False,False,possible_legal,
920876,2019-07-12,-0.020,,-0.050,60.0000,0.030,,,2019-07-11,AKSHARE,seg_4_8_92,False,False,possible_legal,
920876,2019-07-16,-0.010,,-0.020,50.0000,0.010,,,2019-07-12,AKSHARE,seg_4_8_92,False,False,possible_legal,
920876,2019-07-23,0.020,,0.010,100.0000,0.010,,,2019-07-22,AKSHARE,seg_4_8_92,False,False,possible_legal,
920876,2019-07-24,0.060,,0.020,200.0000,0.040,,,2019-07-23,AKSHARE,seg_4_8_92,False,False,possible_legal,
920876,2019-07-26,0.100,,0.070,42.8600,0.030,,,2019-07-25,AKSHARE,seg_4_8_92,False,False,possible_legal,
920876,2019-08-02,0.120,,0.090,33.3300,0.030,,,2019-08-01,AKSHARE,seg_4_8_92,False,False,possible_legal,
920876,2019-09-19,0.040,,0.180,-77.7800,-0.140,,,2019-09-18,AKSHARE,seg_4_8_92,False,False,possible_legal,
920876,2019-09-20,0.150,,0.040,275.0000,0.110,,,2019-09-19,AKSHARE,seg_4_8_92,False,False,possible_legal,
920876,2019-11-05,0.360,,0.190,89.4700,0.170,,,2019-10-31,AKSHARE,seg_4_8_92,False,False,possible_legal,
920876,2019-11-06,0.530,,0.360,47.2200,0.170,,,2019-11-05,AKSHARE,seg_4_8_92,False,False,possible_legal,
920876,2020-04-17,0.690,,0.400,72.5000,0.290,,,2020-03-26,AKSHARE,seg_4_8_92,False,False,possible_legal,
920876,2020-04-21,1.090,,0.740,47.3000,0.350,,,2020-04-20,AKSHARE,seg_4_8_92,False,False,possible_legal,
920876,2020-04-22,1.900,,1.090,74.3100,0.810,,,2020-04-21,AKSHARE,seg_4_8_92,False,False,possible_legal,
920876,2021-04-13,3.960,,2.960,33.7800,1.000,,,2021-04-07,AKSHARE,seg_4_8_92,False,False,possible_legal,
920879,2014-08-20,1.100,,,-75.7700,-3.440,,,,AKSHARE,seg_4_8_92,False,False,possible_legal,
920879,2014-08-25,3.470,,1.100,215.4500,2.370,,,2014-08-22,AKSHARE,seg_4_8_92,False,False,possible_legal,
920879,2015-07-09,6.980,,5.030,38.7700,1.950,,,2015-07-08,AKSHARE,seg_4_8_92,False,False,possible_legal,
920879,2017-12-08,0.790,,2.090,-62.2000,-1.300,,,2017-02-13,AKSHARE,seg_4_8_92,False,False,possible_legal,
920879,2017-12-11,0.520,,0.790,-34.1800,-0.270,,,2017-12-08,AKSHARE,seg_4_8_92,False,False,possible_legal,
920879,2017-12-26,0.290,,0.430,-32.5600,-0.140,,,2017-12-25,AKSHARE,seg_4_8_92,False,False,possible_legal,
920879,2018-01-16,0.240,,0.180,33.3300,0.060,,,2018-01-15,AKSHARE,seg_4_8_92,False,False,possible_legal,
920879,2018-02-02,0.130,,0.230,-43.4800,-0.100,,,2018-02-01,AKSHARE,seg_4_8_92,False,False,possible_legal,
920879,2018-02-05,0.050,,0.130,-61.5400,-0.080,,,2018-02-02,AKSHARE,seg_4_8_92,False,False,possible_legal,
920879,2018-02-09,0.120,,0.040,200.0000,0.080,,,2018-02-08,AKSHARE,seg_4_8_92,False,False,possible_legal,
920879,2018-02-12,0.160,,0.120,33.3300,0.040,,,2018-02-09,AKSHARE,seg_4_8_92,False,False,possible_legal,
920879,2018-06-01,-0.050,,0.160,-131.2500,-0.210,,,2018-02-27,AKSHARE,seg_4_8_92,False,False,possible_legal,
920879,2018-06-04,-0.100,,-0.050,-100.0000,-0.050,,,2018-06-01,AKSHARE,seg_4_8_92,False,False,possible_legal,
920879,2018-06-06,-0.030,,-0.080,62.5000,0.050,,,2018-06-05,AKSHARE,seg_4_8_92,False,False,possible_legal,
920879,2018-06-07,-0.070,,-0.030,-133.3300,-0.040,,,2018-06-06,AKSHARE,seg_4_8_92,False,False,possible_legal,
920879,2018-06-08,-0.040,,-0.070,42.8600,0.030,,,2018-06-07,AKSHARE,seg_4_8_92,False,False,possible_legal,
920879,2018-06-11,-0.080,,-0.040,-100.0000,-0.040,,,2018-06-08,AKSHARE,seg_4_8_92,False,False,possible_legal,
920879,2018-06-14,-0.030,,-0.060,50.0000,0.030,,,2018-06-13,AKSHARE,seg_4_8_92,False,False,possible_legal,
920879,2018-06-19,-0.040,,-0.030,-33.3300,-0.010,,,2018-06-15,AKSHARE,seg_4_8_92,False,False,possible_legal,
920879,2018-06-26,-0.060,,-0.040,-50.0000,-0.020,,,2018-06-20,AKSHARE,seg_4_8_92,False,False,possible_legal,
920879,2018-06-27,-0.030,,-0.060,50.0000,0.030,,,2018-06-26,AKSHARE,seg_4_8_92,False,False,possible_legal,
920879,2018-06-29,-0.080,,-0.030,-166.6700,-0.050,,,2018-06-27,AKSHARE,seg_4_8_92,False,False,possible_legal,
920879,2018-07-03,-0.140,,-0.080,-75.0000,-0.060,,,2018-07-02,AKSHARE,seg_4_8_92,False,False,possible_legal,
920879,2018-07-23,-0.070,,-0.130,46.1500,0.060,,,2018-07-20,AKSHARE,seg_4_8_92,False,False,possible_legal,
920879,2018-07-24,-0.030,,-0.070,57.1400,0.040,,,2018-07-23,AKSHARE,seg_4_8_92,False,False,possible_legal,
920879,2018-07-25,-0.060,,-0.030,-100.0000,-0.030,,,2018-07-24,AKSHARE,seg_4_8_92,False,False,possible_legal,
920879,2018-07-26,-0.020,,-0.060,66.6700,0.040,,,2018-07-25,AKSHARE,seg_4_8_92,False,False,possible_legal,
920879,2018-07-27,-0.050,,-0.020,-150.0000,-0.030,,,2018-07-26,AKSHARE,seg_4_8_92,False,False,possible_legal,
920879,2018-08-02,-0.110,,-0.040,-175.0000,-0.070,,,2018-08-01,AKSHARE,seg_4_8_92,False,False,possible_legal,
920879,2018-08-09,-0.100,,-0.180,44.4400,0.080,,,2018-08-07,AKSHARE,seg_4_8_92,False,False,possible_legal,
920879,2018-08-20,-0.180,,-0.110,-63.6400,-0.070,,,2018-08-16,AKSHARE,seg_4_8_92,False,False,possible_legal,
920879,2018-09-28,-0.040,,-0.060,33.3300,0.020,,,2018-09-27,AKSHARE,seg_4_8_92,False,False,possible_legal,
920879,2018-10-08,-0.080,,-0.040,-100.0000,-0.040,,,2018-09-28,AKSHARE,seg_4_8_92,False,False,possible_legal,
920879,2018-10-16,-0.110,,-0.080,-37.5000,-0.030,,,2018-10-08,AKSHARE,seg_4_8_92,False,False,possible_legal,
920879,2018-11-08,-0.040,,-0.060,33.3300,0.020,,,2018-11-07,AKSHARE,seg_4_8_92,False,False,possible_legal,
920879,2018-11-09,-0.010,,-0.040,75.0000,0.030,,,2018-11-08,AKSHARE,seg_4_8_92,False,False,possible_legal,
920879,2018-11-12,-0.030,,-0.010,-200.0000,-0.020,,,2018-11-09,AKSHARE,seg_4_8_92,False,False,possible_legal,
920879,2018-11-13,-0.060,,-0.030,-100.0000,-0.030,,,2018-11-12,AKSHARE,seg_4_8_92,False,False,possible_legal,
920879,2018-11-14,-0.040,,-0.060,33.3300,0.020,,,2018-11-13,AKSHARE,seg_4_8_92,False,False,possible_legal,
920879,2018-11-19,-0.030,,-0.020,-50.0000,-0.010,,,2018-11-16,AKSHARE,seg_4_8_92,False,False,possible_legal,
920879,2018-11-21,0.030,,-0.030,200.0000,0.060,,,2018-11-20,AKSHARE,seg_4_8_92,False,False,possible_legal,
920879,2018-11-30,-0.030,,-0.020,-50.0000,-0.010,,,2018-11-26,AKSHARE,seg_4_8_92,False,False,possible_legal,
920879,2018-12-03,-0.020,,-0.030,33.3300,0.010,,,2018-11-30,AKSHARE,seg_4_8_92,False,False,possible_legal,
920879,2018-12-04,0.030,,-0.020,250.0000,0.050,,,2018-12-03,AKSHARE,seg_4_8_92,False,False,possible_legal,
920879,2018-12-05,0.010,,0.030,-66.6700,-0.020,,,2018-12-04,AKSHARE,seg_4_8_92,False,False,possible_legal,
920879,2018-12-06,0.030,,0.010,200.0000,0.020,,,2018-12-05,AKSHARE,seg_4_8_92,False,False,possible_legal,
920879,2018-12-07,0.020,,0.030,-33.3300,-0.010,,,2018-12-06,AKSHARE,seg_4_8_92,False,False,possible_legal,
920879,2018-12-10,0.030,,0.020,50.0000,0.010,,,2018-12-07,AKSHARE,seg_4_8_92,False,False,possible_legal,
920879,2018-12-13,0.020,,0.030,-33.3300,-0.010,,,2018-12-10,AKSHARE,seg_4_8_92,False,False,possible_legal,
920879,2018-12-14,0.030,,0.020,50.0000,0.010,,,2018-12-13,AKSHARE,seg_4_8_92,False,False,possible_legal,
920879,2018-12-18,0.010,,0.030,-66.6700,-0.020,,,2018-12-17,AKSHARE,seg_4_8_92,False,False,possible_legal,
920879,2018-12-19,-0.010,,0.010,-200.0000,-0.020,,,2018-12-18,AKSHARE,seg_4_8_92,False,False,possible_legal,
920879,2018-12-20,-0.030,,-0.010,-200.0000,-0.020,,,2018-12-19,AKSHARE,seg_4_8_92,False,False,possible_legal,
920879,2018-12-24,-0.070,,-0.030,-133.3300,-0.040,,,2018-12-21,AKSHARE,seg_4_8_92,False,False,possible_legal,
920879,2018-12-27,-0.110,,-0.080,-37.5000,-0.030,,,2018-12-25,AKSHARE,seg_4_8_92,False,False,possible_legal,
920879,2019-01-14,-0.020,,-0.080,75.0000,0.060,,,2019-01-11,AKSHARE,seg_4_8_92,False,False,possible_legal,
920879,2019-01-15,0.030,,-0.020,250.0000,0.050,,,2019-01-14,AKSHARE,seg_4_8_92,False,False,possible_legal,
920879,2019-01-18,0.040,,0.030,33.3300,0.010,,,2019-01-17,AKSHARE,seg_4_8_92,False,False,possible_legal,
920879,2019-01-21,0.090,,0.040,125.0000,0.050,,,2019-01-18,AKSHARE,seg_4_8_92,False,False,possible_legal,
920879,2019-01-23,0.270,,0.100,170.0000,0.170,,,2019-01-22,AKSHARE,seg_4_8_92,False,False,possible_legal,
920879,2019-03-07,0.270,,0.160,68.7500,0.110,,,2019-03-05,AKSHARE,seg_4_8_92,False,False,possible_legal,
920879,2019-03-12,0.180,,0.290,-37.9300,-0.110,,,2019-03-11,AKSHARE,seg_4_8_92,False,False,possible_legal,
920879,2019-03-13,-0.070,,0.180,-138.8900,-0.250,,,2019-03-12,AKSHARE,seg_4_8_92,False,False,possible_legal,
920879,2019-03-14,0.150,,-0.070,314.2900,0.220,,,2019-03-13,AKSHARE,seg_4_8_92,False,False,possible_legal,
920879,2019-03-15,0.220,,0.150,46.6700,0.070,,,2019-03-14,AKSHARE,seg_4_8_92,False,False,possible_legal,
920879,2019-03-25,0.260,,0.170,52.9400,0.090,,,2019-03-22,AKSHARE,seg_4_8_92,False,False,possible_legal,
920879,2019-07-24,0.070,,0.120,-41.6700,-0.050,,,2019-07-23,AKSHARE,seg_4_8_92,False,False,possible_legal,
920879,2019-07-30,-0.010,,0.060,-116.6700,-0.070,,,2019-07-29,AKSHARE,seg_4_8_92,False,False,possible_legal,
920879,2019-07-31,0.010,,-0.010,200.0000,0.020,,,2019-07-30,AKSHARE,seg_4_8_92,False,False,possible_legal,
920879,2019-08-01,0.020,,0.010,100.0000,0.010,,,2019-07-31,AKSHARE,seg_4_8_92,False,False,possible_legal,
920879,2019-08-02,0.070,,0.020,250.0000,0.050,,,2019-08-01,AKSHARE,seg_4_8_92,False,False,possible_legal,
920879,2019-08-07,-0.010,,0.050,-120.0000,-0.060,,,2019-08-06,AKSHARE,seg_4_8_92,False,False,possible_legal,
920879,2019-08-08,0.010,,-0.010,200.0000,0.020,,,2019-08-07,AKSHARE,seg_4_8_92,False,False,possible_legal,
920879,2019-08-09,0.030,,0.010,200.0000,0.020,,,2019-08-08,AKSHARE,seg_4_8_92,False,False,possible_legal,
920879,2019-08-28,0.080,,0.030,166.6700,0.050,,,2019-08-27,AKSHARE,seg_4_8_92,False,False,possible_legal,
920879,2019-08-29,0.160,,0.080,100.0000,0.080,,,2019-08-28,AKSHARE,seg_4_8_92,False,False,possible_legal,
920879,2019-08-30,0.110,,0.160,-31.2500,-0.050,,,2019-08-29,AKSHARE,seg_4_8_92,False,False,possible_legal,
920879,2019-09-02,0.220,,0.110,100.0000,0.110,,,2019-08-30,AKSHARE,seg_4_8_92,False,False,possible_legal,
920879,2019-09-12,0.330,,0.230,43.4800,0.100,,,2019-09-10,AKSHARE,seg_4_8_92,False,False,possible_legal,
920879,2020-03-02,1.650,,1.250,32.0000,0.400,,,2020-02-24,AKSHARE,seg_4_8_92,False,False,possible_legal,
920879,2020-03-20,1.750,,1.320,32.5800,0.430,,,2020-03-19,AKSHARE,seg_4_8_92,False,False,possible_legal,
920879,2020-04-02,1.630,,1.210,34.7100,0.420,,,2020-04-01,AKSHARE,seg_4_8_92,False,False,possible_legal,
920879,2020-11-23,1.410,,1.050,34.2900,0.360,,,2020-11-19,AKSHARE,seg_4_8_92,False,False,possible_legal,
920885,2017-02-17,2.500,11.250,11.250,-77.7778,-8.750,1.00000000,1.00000000,2016-07-01,SINA,seg_4_8_92,True,False,possible_legal,0.0
920885,2017-03-14,11.500,2.500,2.500,360.0000,9.000,1.00000000,1.00000000,2017-02-17,SINA,seg_4_8_92,True,False,possible_legal,0.0
920885,2017-12-26,5.800,11.280,5.050,-48.5816,-5.480,1.00000000,,2017-11-06,SINA,seg_4_8_92,False,False,possible_legal,1.2336633663366336
920885,2017-12-27,3.000,5.800,5.800,-48.2759,-2.800,1.00000000,1.00000000,2017-12-26,SINA,seg_4_8_92,True,False,possible_legal,0.0
920885,2018-01-12,5.000,2.500,2.500,100.0000,2.500,1.00000000,1.00000000,2018-01-11,SINA,seg_4_8_92,True,False,possible_legal,0.0
920885,2019-07-11,2.500,4.800,4.800,-47.9167,-2.300,1.00000000,1.00000000,2018-08-14,SINA,seg_4_8_92,True,False,possible_legal,0.0
920885,2019-11-15,4.980,2.500,2.500,99.2000,2.480,1.00000000,1.00000000,2019-08-14,SINA,seg_4_8_92,True,False,possible_legal,0.0
920885,2021-07-08,16.770,11.000,11.000,52.4545,5.770,1.00000000,1.00000000,2020-11-11,SINA,seg_4_8_92,True,False,possible_legal,0.0
920892,2020-02-25,19.630,3.800,-1.620,416.5789,15.830,1.00000000,,2017-09-25,SINA,seg_4_8_92,False,False,possible_legal,
920895,2020-04-21,1.290,,,-79.3600,-4.960,,,,AKSHARE,seg_4_8_92,False,False,possible_legal,
920895,2021-06-01,3.950,,2.250,75.5600,1.700,,,2021-04-15,AKSHARE,seg_4_8_92,False,False,possible_legal,
920895,2021-06-04,2.310,,3.930,-41.2200,-1.620,,,2021-06-03,AKSHARE,seg_4_8_92,False,False,possible_legal,
920895,2021-06-18,3.650,,2.310,58.0100,1.340,,,2021-06-04,AKSHARE,seg_4_8_92,False,False,possible_legal,
920895,2021-07-05,4.850,,3.650,32.8800,1.200,,,2021-06-18,AKSHARE,seg_4_8_92,False,False,possible_legal,
920895,2021-08-16,2.470,,4.760,-48.1100,-2.290,,,2021-07-20,AKSHARE,seg_4_8_92,False,False,possible_legal,
920895,2021-08-27,4.650,,2.470,88.2600,2.180,,,2021-08-16,AKSHARE,seg_4_8_92,False,False,possible_legal,
920895,2021-09-06,9.650,,4.650,107.5300,5.000,,,2021-09-03,AKSHARE,seg_4_8_92,False,False,possible_legal,
920895,2021-09-22,13.450,,10.130,32.7700,3.320,,,2021-09-17,AKSHARE,seg_4_8_92,False,False,possible_legal,
920895,2022-04-28,12.930,,9.140,41.4700,3.790,,,2022-04-27,AKSHARE,seg_4_8_92,False,False,possible_legal,
920896,2018-06-15,0.860,,,-82.1900,-3.970,,,,AKSHARE,seg_4_8_92,False,False,possible_legal,
920896,2019-09-24,1.860,,0.860,116.2800,1.000,,,2018-06-15,AKSHARE,seg_4_8_92,False,False,possible_legal,
920896,2021-12-31,2.630,,1.860,41.4000,0.770,,,2019-09-30,AKSHARE,seg_4_8_92,False,False,possible_legal,
920896,2022-05-23,3.840,,2.900,32.4100,0.940,,,2022-05-16,AKSHARE,seg_4_8_92,False,False,possible_legal,
920906,2021-12-10,25.550,,12.620,102.4600,12.930,,,2021-04-23,AKSHARE,seg_4_8_92,False,False,possible_legal,
920906,2022-01-10,47.270,,23.470,101.4100,23.800,,,2022-01-04,AKSHARE,seg_4_8_92,False,False,possible_legal,
920906,2022-01-13,23.470,,47.270,-50.3500,-23.800,,,2022-01-10,AKSHARE,seg_4_8_92,False,False,possible_legal,
920906,2022-06-17,13.180,,19.670,-32.9900,-6.490,,,2022-06-16,AKSHARE,seg_4_8_92,False,False,possible_legal,
920914,2015-12-09,1.230,,,-92.2200,-14.570,,,,AKSHARE,seg_4_8_92,False,False,possible_legal,
920914,2015-12-10,5.680,,1.230,361.7900,4.450,,,2015-12-09,AKSHARE,seg_4_8_92,False,False,possible_legal,
920914,2015-12-14,1.230,,5.680,-78.3500,-4.450,,,2015-12-11,AKSHARE,seg_4_8_92,False,False,possible_legal,
920914,2015-12-15,5.680,,1.230,361.7900,4.450,,,2015-12-14,AKSHARE,seg_4_8_92,False,False,possible_legal,
920914,2015-12-17,1.570,,5.680,-72.3600,-4.110,,,2015-12-16,AKSHARE,seg_4_8_92,False,False,possible_legal,
920914,2015-12-18,5.680,,1.570,261.7800,4.110,,,2015-12-17,AKSHARE,seg_4_8_92,False,False,possible_legal,
920914,2015-12-21,1.450,,5.680,-74.4700,-4.230,,,2015-12-18,AKSHARE,seg_4_8_92,False,False,possible_legal,
920914,2015-12-22,5.680,,1.450,291.7200,4.230,,,2015-12-21,AKSHARE,seg_4_8_92,False,False,possible_legal,
920914,2016-02-01,3.930,,6.360,-38.2100,-2.430,,,2016-01-28,AKSHARE,seg_4_8_92,False,False,possible_legal,
920914,2016-02-03,6.430,,3.930,63.6100,2.500,,,2016-02-02,AKSHARE,seg_4_8_92,False,False,possible_legal,
920914,2016-02-04,3.930,,6.430,-38.8800,-2.500,,,2016-02-03,AKSHARE,seg_4_8_92,False,False,possible_legal,
920914,2016-02-22,6.430,,3.930,63.6100,2.500,,,2016-02-04,AKSHARE,seg_4_8_92,False,False,possible_legal,
920914,2016-02-23,3.020,,6.430,-53.0300,-3.410,,,2016-02-22,AKSHARE,seg_4_8_92,False,False,possible_legal,
920914,2016-02-25,4.930,,3.020,63.2500,1.910,,,2016-02-23,AKSHARE,seg_4_8_92,False,False,possible_legal,
920914,2016-03-02,3.230,,4.930,-34.4800,-1.700,,,2016-02-25,AKSHARE,seg_4_8_92,False,False,possible_legal,
920914,2016-03-08,6.430,,3.000,114.3300,3.430,,,2016-03-04,AKSHARE,seg_4_8_92,False,False,possible_legal,
920914,2016-03-14,3.130,,6.430,-51.3200,-3.300,,,2016-03-08,AKSHARE,seg_4_8_92,False,False,possible_legal,
920914,2016-03-17,6.430,,3.130,105.4300,3.300,,,2016-03-16,AKSHARE,seg_4_8_92,False,False,possible_legal,
920914,2016-04-11,3.430,,5.690,-39.7200,-2.260,,,2016-04-06,AKSHARE,seg_4_8_92,False,False,possible_legal,
920914,2016-04-21,4.930,,3.430,43.7300,1.500,,,2016-04-20,AKSHARE,seg_4_8_92,False,False,possible_legal,
920914,2016-04-25,4.930,,3.430,43.7300,1.500,,,2016-04-22,AKSHARE,seg_4_8_92,False,False,possible_legal,
920914,2016-05-20,3.430,,6.430,-46.6600,-3.000,,,2016-05-10,AKSHARE,seg_4_8_92,False,False,possible_legal,
920914,2016-05-26,4.930,,3.430,43.7300,1.500,,,2016-05-20,AKSHARE,seg_4_8_92,False,False,possible_legal,
920914,2016-05-31,-1.060,,3.930,-126.9700,-4.990,,,2016-05-27,AKSHARE,seg_4_8_92,False,False,possible_legal,
920914,2016-06-03,5.790,,-1.060,646.2300,6.850,,,2016-05-31,AKSHARE,seg_4_8_92,False,False,possible_legal,
920914,2016-06-07,3.650,,5.680,-35.7400,-2.030,,,2016-06-06,AKSHARE,seg_4_8_92,False,False,possible_legal,
920914,2016-06-08,5.430,,3.650,48.7700,1.780,,,2016-06-07,AKSHARE,seg_4_8_92,False,False,possible_legal,
920914,2016-06-15,3.430,,5.580,-38.5300,-2.150,,,2016-06-14,AKSHARE,seg_4_8_92,False,False,possible_legal,
920914,2016-06-16,5.680,,3.430,65.6000,2.250,,,2016-06-15,AKSHARE,seg_4_8_92,False,False,possible_legal,
920914,2016-07-01,4.660,,3.430,35.8600,1.230,,,2016-06-29,AKSHARE,seg_4_8_92,False,False,possible_legal,
920914,2016-07-06,1.530,,4.660,-67.1700,-3.130,,,2016-07-01,AKSHARE,seg_4_8_92,False,False,possible_legal,
920914,2016-07-08,5.680,,1.530,271.2400,4.150,,,2016-07-06,AKSHARE,seg_4_8_92,False,False,possible_legal,
920914,2016-07-22,1.030,,5.320,-80.6400,-4.290,,,2016-07-11,AKSHARE,seg_4_8_92,False,False,possible_legal,
920914,2016-07-25,2.930,,1.030,184.4700,1.900,,,2016-07-22,AKSHARE,seg_4_8_92,False,False,possible_legal,
920914,2016-08-01,5.680,,3.060,85.6200,2.620,,,2016-07-26,AKSHARE,seg_4_8_92,False,False,possible_legal,
920914,2016-08-03,2.930,,5.680,-48.4200,-2.750,,,2016-08-01,AKSHARE,seg_4_8_92,False,False,possible_legal,
920914,2016-08-09,5.680,,2.930,93.8600,2.750,,,2016-08-03,AKSHARE,seg_4_8_92,False,False,possible_legal,
920914,2016-08-16,3.430,,5.630,-39.0800,-2.200,,,2016-08-11,AKSHARE,seg_4_8_92,False,False,possible_legal,
920914,2016-08-24,1.930,,3.220,-40.0600,-1.290,,,2016-08-18,AKSHARE,seg_4_8_92,False,False,possible_legal,
920914,2016-08-26,6.430,,1.930,233.1600,4.500,,,2016-08-24,AKSHARE,seg_4_8_92,False,False,possible_legal,
920914,2016-09-07,1.960,,6.430,-69.5200,-4.470,,,2016-08-30,AKSHARE,seg_4_8_92,False,False,possible_legal,
920914,2016-09-14,2.530,,1.930,31.0900,0.600,,,2016-09-09,AKSHARE,seg_4_8_92,False,False,possible_legal,
920914,2016-09-30,6.930,,2.930,136.5200,4.000,,,2016-09-23,AKSHARE,seg_4_8_92,False,False,possible_legal,
920914,2016-10-20,1.660,,6.930,-76.0500,-5.270,,,2016-09-30,AKSHARE,seg_4_8_92,False,False,possible_legal,
920914,2016-11-08,3.170,,2.230,42.1500,0.940,,,2016-11-07,AKSHARE,seg_4_8_92,False,False,possible_legal,
920914,2016-11-14,1.910,,3.170,-39.7500,-1.260,,,2016-11-08,AKSHARE,seg_4_8_92,False,False,possible_legal,
920914,2016-12-16,2.460,,1.780,38.2000,0.680,,,2016-12-15,AKSHARE,seg_4_8_92,False,False,possible_legal,
920914,2017-01-19,6.930,,2.360,193.6400,4.570,,,2017-01-17,AKSHARE,seg_4_8_92,False,False,possible_legal,
920914,2017-01-23,2.360,,6.930,-65.9500,-4.570,,,2017-01-19,AKSHARE,seg_4_8_92,False,False,possible_legal,
920914,2017-03-31,6.010,,2.830,112.3700,3.180,,,2017-03-29,AKSHARE,seg_4_8_92,False,False,possible_legal,
920914,2017-04-18,2.530,,6.010,-57.9000,-3.480,,,2017-03-31,AKSHARE,seg_4_8_92,False,False,possible_legal,
920914,2017-04-21,0.830,,2.630,-68.4400,-1.800,,,2017-04-20,AKSHARE,seg_4_8_92,False,False,possible_legal,
920914,2017-04-26,0.430,,0.830,-48.1900,-0.400,,,2017-04-21,AKSHARE,seg_4_8_92,False,False,possible_legal,
920914,2017-04-27,1.230,,0.430,186.0500,0.800,,,2017-04-26,AKSHARE,seg_4_8_92,False,False,possible_legal,
920914,2017-05-03,2.740,,1.230,122.7600,1.510,,,2017-04-27,AKSHARE,seg_4_8_92,False,False,possible_legal,
920914,2017-05-17,5.130,,2.130,140.8500,3.000,,,2017-05-16,AKSHARE,seg_4_8_92,False,False,possible_legal,
920914,2017-05-26,2.680,,6.430,-58.3200,-3.750,,,2017-05-18,AKSHARE,seg_4_8_92,False,False,possible_legal,
920914,2017-07-11,5.810,,2.750,111.2700,3.060,,,2017-07-07,AKSHARE,seg_4_8_92,False,False,possible_legal,
920914,2017-07-12,3.640,,5.810,-37.3500,-2.170,,,2017-07-11,AKSHARE,seg_4_8_92,False,False,possible_legal,
920914,2017-07-13,2.060,,3.640,-43.4100,-1.580,,,2017-07-12,AKSHARE,seg_4_8_92,False,False,possible_legal,
920914,2017-07-24,2.760,,2.030,35.9600,0.730,,,2017-07-18,AKSHARE,seg_4_8_92,False,False,possible_legal,
920914,2017-08-11,0.580,,2.230,-73.9900,-1.650,,,2017-08-09,AKSHARE,seg_4_8_92,False,False,possible_legal,
920914,2017-08-14,2.230,,0.580,284.4800,1.650,,,2017-08-11,AKSHARE,seg_4_8_92,False,False,possible_legal,
920914,2017-08-23,6.130,,2.530,142.2900,3.600,,,2017-08-22,AKSHARE,seg_4_8_92,False,False,possible_legal,
920914,2017-08-25,13.330,,6.130,117.4600,7.200,,,2017-08-23,AKSHARE,seg_4_8_92,False,False,possible_legal,
920914,2017-08-28,26.930,,13.330,102.0300,13.600,,,2017-08-25,AKSHARE,seg_4_8_92,False,False,possible_legal,
920914,2017-09-06,12.930,,26.930,-51.9900,-14.000,,,2017-08-28,AKSHARE,seg_4_8_92,False,False,possible_legal,
920914,2017-09-08,5.940,,12.930,-54.0600,-6.990,,,2017-09-06,AKSHARE,seg_4_8_92,False,False,possible_legal,
920914,2017-09-11,2.620,,5.940,-55.8900,-3.320,,,2017-09-08,AKSHARE,seg_4_8_92,False,False,possible_legal,
920914,2017-10-10,5.930,,2.430,144.0300,3.500,,,2017-10-09,AKSHARE,seg_4_8_92,False,False,possible_legal,
920914,2017-10-11,2.530,,5.930,-57.3400,-3.400,,,2017-10-10,AKSHARE,seg_4_8_92,False,False,possible_legal,
920914,2019-02-22,0.230,,1.470,-84.3500,-1.240,,,2019-01-17,AKSHARE,seg_4_8_92,False,False,possible_legal,
920914,2019-03-18,1.040,,0.230,352.1700,0.810,,,2019-02-22,AKSHARE,seg_4_8_92,False,False,possible_legal,
920914,2019-03-29,1.730,,1.040,66.3500,0.690,,,2019-03-18,AKSHARE,seg_4_8_92,False,False,possible_legal,
920914,2019-11-11,6.100,,2.850,114.0400,3.250,,,2019-10-31,AKSHARE,seg_4_8_92,False,False,possible_legal,
920914,2020-09-17,8.850,,6.700,32.0900,2.150,,,2020-09-16,AKSHARE,seg_4_8_92,False,False,possible_legal,
920924,2017-04-13,8.880,5.000,5.000,77.6000,3.880,1.00000000,1.00000000,2017-04-10,SINA,seg_4_8_92,True,False,possible_legal,0.0
920924,2018-01-16,5.100,10.000,7.550,-49.0000,-4.900,1.00000000,,2018-01-15,SINA,seg_4_8_92,False,False,possible_legal,0.3245033112582782
920924,2018-12-07,0.000,,3.000,-100.0000,,1.00000000,1.00000000,2018-11-26,SINA,seg_4_8_92,True,False,possible_legal,
920924,2019-03-04,6.000,3.000,3.000,100.0000,3.000,1.00000000,1.00000000,2019-02-18,SINA,seg_4_8_92,True,False,possible_legal,0.0
920924,2019-03-05,12.000,6.000,6.000,100.0000,6.000,1.00000000,1.00000000,2019-03-04,SINA,seg_4_8_92,True,False,possible_legal,0.0
920924,2019-07-31,0.000,,9.080,-100.0000,,1.00000000,,2019-04-10,SINA,seg_4_8_92,False,False,possible_legal,
920924,2019-08-07,4.470,,0.000,-50.7700,-4.610,,1.00000000,2019-07-31,AKSHARE,seg_4_8_92,False,False,possible_legal,
920924,2019-08-13,9.080,,6.000,103.1300,4.610,,1.00000000,2019-08-12,AKSHARE,seg_4_8_92,False,False,possible_legal,
920924,2019-09-05,4.470,,9.080,-50.7700,-4.610,,,2019-08-13,AKSHARE,seg_4_8_92,False,False,possible_legal,
920924,2019-09-11,9.080,,4.470,103.1300,4.610,,,2019-09-05,AKSHARE,seg_4_8_92,False,False,possible_legal,
920924,2019-10-29,12.000,6.000,9.080,100.0000,6.000,1.00000000,,2019-09-11,SINA,seg_4_8_92,False,False,possible_legal,0.3392070484581498
920924,2019-11-19,4.470,,12.000,-50.7700,-4.610,,1.00000000,2019-10-29,AKSHARE,seg_4_8_92,False,False,possible_legal,
920924,2019-12-25,9.080,,4.470,103.1300,4.610,,,2019-11-19,AKSHARE,seg_4_8_92,False,False,possible_legal,
920924,2020-04-30,6.000,12.000,9.080,-50.0000,-6.000,1.00000000,,2019-12-25,SINA,seg_4_8_92,False,False,possible_legal,0.32158590308370044
920924,2020-05-25,11.000,5.500,5.500,100.0000,5.500,1.00000000,1.00000000,2020-05-14,SINA,seg_4_8_92,True,False,possible_legal,0.0
920924,2020-06-03,4.470,,11.000,-46.2700,-3.850,,1.00000000,2020-05-25,AKSHARE,seg_4_8_92,False,False,possible_legal,
920924,2020-06-11,6.180,11.000,4.470,-43.8182,-4.820,1.00000000,,2020-06-03,SINA,seg_4_8_92,False,False,possible_legal,1.4608501118568233
920924,2020-08-19,11.200,6.200,6.200,80.6452,5.000,1.00000000,1.00000000,2020-08-18,SINA,seg_4_8_92,True,False,possible_legal,0.0
920924,2020-08-24,6.450,11.200,11.200,-42.4107,-4.750,1.00000000,1.00000000,2020-08-19,SINA,seg_4_8_92,True,False,possible_legal,0.0
920925,2020-03-23,0.000,,8.640,-100.0000,,1.00000000,1.00000000,2020-03-20,SINA,seg_4_8_92,True,False,possible_legal,
920925,2020-03-26,14.260,10.000,10.000,42.6000,4.260,1.00000000,1.00000000,2020-03-24,SINA,seg_4_8_92,True,False,possible_legal,0.0
920925,2020-06-16,0.000,,6.700,-100.0000,,1.00000000,,2020-05-27,SINA,seg_4_8_92,False,False,possible_legal,
920925,2020-07-06,0.000,,10.700,-100.0000,,1.00000000,1.00000000,2020-07-03,SINA,seg_4_8_92,True,False,possible_legal,
920925,2020-07-08,28.000,21.000,21.000,33.3333,7.000,1.00000000,1.00000000,2020-07-07,SINA,seg_4_8_92,True,False,possible_legal,0.0
920925,2020-08-21,13.860,21.000,21.000,-34.0000,-7.140,1.00000000,1.00000000,2020-08-20,SINA,seg_4_8_92,True,False,possible_legal,0.0
920925,2020-08-24,0.000,,13.860,-100.0000,,1.00000000,1.00000000,2020-08-21,SINA,seg_4_8_92,True,False,possible_legal,
920925,2020-09-07,0.000,,21.900,-100.0000,,1.00000000,1.00000000,2020-09-03,SINA,seg_4_8_92,True,False,possible_legal,
920925,2020-11-03,0.000,,16.500,-100.0000,,1.00000000,1.00000000,2020-11-02,SINA,seg_4_8_92,True,False,possible_legal,
920925,2020-11-16,0.000,,19.400,-100.0000,,1.00000000,1.00000000,2020-11-05,SINA,seg_4_8_92,True,False,possible_legal,
920925,2020-11-24,28.880,19.400,19.400,48.8660,9.480,1.00000000,1.00000000,2020-11-18,SINA,seg_4_8_92,True,False,possible_legal,0.0
920931,2020-12-14,1.220,,,-79.6700,-4.780,,,,AKSHARE,seg_4_8_92,False,False,possible_legal,
920931,2021-03-11,1.490,,0.900,65.5600,0.590,,,2020-12-31,AKSHARE,seg_4_8_92,False,False,possible_legal,
920931,2021-04-21,1.980,,1.500,32.0000,0.480,,,2021-03-29,AKSHARE,seg_4_8_92,False,False,possible_legal,
920931,2021-07-30,0.500,,1.490,-66.4400,-0.990,,,2021-07-29,AKSHARE,seg_4_8_92,False,False,possible_legal,
920931,2021-09-30,0.690,,0.450,53.3300,0.240,,,2021-09-08,AKSHARE,seg_4_8_92,False,False,possible_legal,
920931,2021-10-08,1.890,,0.690,173.9100,1.200,,,2021-09-30,AKSHARE,seg_4_8_92,False,False,possible_legal,
920931,2021-10-11,0.890,,1.890,-52.9100,-1.000,,,2021-10-08,AKSHARE,seg_4_8_92,False,False,possible_legal,
920931,2021-10-18,2.190,,0.890,146.0700,1.300,,,2021-10-11,AKSHARE,seg_4_8_92,False,False,possible_legal,
920931,2021-12-09,2.480,,1.790,38.5500,0.690,,,2021-12-01,AKSHARE,seg_4_8_92,False,False,possible_legal,
920931,2022-04-08,2.490,,1.640,51.8300,0.850,,,2022-04-01,AKSHARE,seg_4_8_92,False,False,possible_legal,
920931,2022-07-19,5.690,,2.590,119.6900,3.100,,,2022-07-15,AKSHARE,seg_4_8_92,False,False,possible_legal,
920931,2022-07-28,2.590,,5.690,-54.4800,-3.100,,,2022-07-19,AKSHARE,seg_4_8_92,False,False,possible_legal,
920931,2022-08-22,5.790,,2.650,118.4900,3.140,,,2022-08-02,AKSHARE,seg_4_8_92,False,False,possible_legal,
920931,2022-09-14,3.800,,6.290,-39.5900,-2.490,,,2022-08-26,AKSHARE,seg_4_8_92,False,False,possible_legal,
920931,2023-03-09,2.340,,3.470,-32.5600,-1.130,,,2023-02-24,AKSHARE,seg_4_8_92,False,False,possible_legal,
920931,2023-03-22,1.290,,2.340,-44.8700,-1.050,,,2023-03-09,AKSHARE,seg_4_8_92,False,False,possible_legal,
920931,2023-04-25,2.490,,1.290,93.0200,1.200,,,2023-03-22,AKSHARE,seg_4_8_92,False,False,possible_legal,
920931,2023-05-12,4.590,,2.490,84.3400,2.100,,,2023-04-25,AKSHARE,seg_4_8_92,False,False,possible_legal,
920931,2023-05-17,9.500,,4.570,107.8800,4.930,,,2023-05-16,AKSHARE,seg_4_8_92,False,False,possible_legal,
920931,2023-05-18,15.450,,9.500,62.6300,5.950,,,2023-05-17,AKSHARE,seg_4_8_92,False,False,possible_legal,
920931,2023-06-08,7.910,,12.500,-36.7200,-4.590,,,2023-05-22,AKSHARE,seg_4_8_92,False,False,possible_legal,
920932,2015-04-21,1.540,,,-82.6400,-7.330,,,,AKSHARE,seg_4_8_92,False,False,possible_legal,
920932,2015-04-27,5.110,,1.540,231.8200,3.570,,,2015-04-24,AKSHARE,seg_4_8_92,False,False,possible_legal,
920932,2015-12-18,11.540,,8.790,31.2900,2.750,,,2015-12-17,AKSHARE,seg_4_8_92,False,False,possible_legal,
920932,2017-05-12,5.110,,10.820,-52.7700,-5.710,,,2017-03-23,AKSHARE,seg_4_8_92,False,False,possible_legal,
920932,2017-05-15,2.380,,5.110,-53.4200,-2.730,,,2017-05-12,AKSHARE,seg_4_8_92,False,False,possible_legal,
920932,2017-06-05,4.250,,2.390,77.8200,1.860,,,2017-05-25,AKSHARE,seg_4_8_92,False,False,possible_legal,
920932,2017-06-07,5.820,,4.250,36.9400,1.570,,,2017-06-05,AKSHARE,seg_4_8_92,False,False,possible_legal,
920932,2017-06-20,7.960,,5.820,36.7700,2.140,,,2017-06-07,AKSHARE,seg_4_8_92,False,False,possible_legal,
920932,2017-09-13,5.140,,10.140,-49.3100,-5.000,,,2017-08-14,AKSHARE,seg_4_8_92,False,False,possible_legal,
920932,2017-10-18,9.290,,5.140,80.7400,4.150,,,2017-09-13,AKSHARE,seg_4_8_92,False,False,possible_legal,
920932,2018-05-24,5.860,,10.430,-43.8200,-4.570,,,2017-10-25,AKSHARE,seg_4_8_92,False,False,possible_legal,
920932,2018-05-29,7.290,,3.710,96.5000,3.580,,,2018-05-28,AKSHARE,seg_4_8_92,False,False,possible_legal,
920932,2018-05-30,10.140,,7.290,39.0900,2.850,,,2018-05-29,AKSHARE,seg_4_8_92,False,False,possible_legal,
920932,2018-12-04,5.190,,10.140,-48.8200,-4.950,,,2018-05-30,AKSHARE,seg_4_8_92,False,False,possible_legal,
920932,2018-12-05,10.190,,5.190,96.3400,5.000,,,2018-12-04,AKSHARE,seg_4_8_92,False,False,possible_legal,
920932,2019-01-11,5.190,,10.190,-49.0700,-5.000,,,2018-12-12,AKSHARE,seg_4_8_92,False,False,possible_legal,
920932,2019-01-14,8.040,,5.190,54.9100,2.850,,,2019-01-11,AKSHARE,seg_4_8_92,False,False,possible_legal,
920932,2019-01-16,10.760,,8.040,33.8300,2.720,,,2019-01-14,AKSHARE,seg_4_8_92,False,False,possible_legal,
920932,2019-02-21,5.040,,8.080,-37.6200,-3.040,,,2019-02-20,AKSHARE,seg_4_8_92,False,False,possible_legal,
920932,2019-02-28,6.260,,3.760,66.4900,2.500,,,2019-02-27,AKSHARE,seg_4_8_92,False,False,possible_legal,
920932,2019-03-04,11.040,,6.260,76.3600,4.780,,,2019-03-01,AKSHARE,seg_4_8_92,False,False,possible_legal,
920932,2020-08-31,8.150,,4.790,70.1500,3.360,,,2020-08-27,AKSHARE,seg_4_8_92,False,False,possible_legal,
920932,2020-09-11,11.730,,8.510,37.8400,3.220,,,2020-09-07,AKSHARE,seg_4_8_92,False,False,possible_legal,
920932,2020-10-20,6.370,,11.730,-45.6900,-5.360,,,2020-09-11,AKSHARE,seg_4_8_92,False,False,possible_legal,
920932,2020-10-27,11.010,,6.370,72.8400,4.640,,,2020-10-20,AKSHARE,seg_4_8_92,False,False,possible_legal,
920932,2020-11-03,6.480,,10.860,-40.3300,-4.380,,,2020-11-02,AKSHARE,seg_4_8_92,False,False,possible_legal,
920932,2020-11-05,11.620,,6.480,79.3200,5.140,,,2020-11-03,AKSHARE,seg_4_8_92,False,False,possible_legal,
920942,2017-03-06,0.930,,,-93.2600,-12.870,,,,AKSHARE,seg_4_8_92,False,False,possible_legal,
920942,2018-01-16,5.490,,2.390,129.7100,3.100,,,2018-01-15,AKSHARE,seg_4_8_92,False,False,possible_legal,
920942,2018-03-14,7.990,,5.490,45.5400,2.500,,,2018-01-16,AKSHARE,seg_4_8_92,False,False,possible_legal,
920943,2018-03-07,2.000,,,-56.0400,-2.550,,,,AKSHARE,seg_4_8_92,False,False,possible_legal,
920943,2020-09-14,5.170,,2.000,158.5000,3.170,,,2018-03-07,AKSHARE,seg_4_8_92,False,False,possible_legal,
920943,2021-09-24,12.860,,7.030,82.9300,5.830,,,2021-09-15,AKSHARE,seg_4_8_92,False,False,possible_legal,
920946,2019-10-08,5.000,3.090,3.090,61.8123,1.910,1.00000000,1.00000000,2019-08-29,SINA,seg_4_8_92,True,False,possible_legal,0.0
920946,2020-02-24,6.010,4.200,4.200,43.0952,1.810,1.00000000,1.00000000,2020-02-06,SINA,seg_4_8_92,True,False,possible_legal,0.0
920957,2016-10-17,-0.280,,,-104.6700,-6.280,,,,AKSHARE,seg_4_8_92,False,False,possible_legal,
920957,2019-07-05,4.170,,-0.280,1589.2900,4.450,,,2016-10-17,AKSHARE,seg_4_8_92,False,False,possible_legal,
920957,2020-03-24,9.170,,4.170,119.9000,5.000,,,2019-07-05,AKSHARE,seg_4_8_92,False,False,possible_legal,
920957,2020-04-01,5.670,,9.170,-38.1700,-3.500,,,2020-03-24,AKSHARE,seg_4_8_92,False,False,possible_legal,
920957,2020-07-31,24.510,,15.500,58.1300,9.010,,,2020-07-30,AKSHARE,seg_4_8_92,False,False,possible_legal,
920957,2021-12-23,10.530,,19.880,-47.0300,-9.350,,,2020-11-27,AKSHARE,seg_4_8_92,False,False,possible_legal,
920961,2015-06-04,16.410,46.880,46.880,-64.9957,-30.470,1.00000000,1.00000000,2015-06-03,SINA,seg_4_8_92,True,False,possible_legal,0.0
920961,2018-04-17,0.000,,6.480,-100.0000,,1.00000000,1.00000000,2018-04-13,SINA,seg_4_8_92,True,False,possible_legal,
920961,2018-05-28,0.000,,6.660,-100.0000,,1.00000000,1.00000000,2018-05-21,SINA,seg_4_8_92,True,False,possible_legal,
920961,2018-06-12,0.000,,6.570,-100.0000,,1.00000000,1.00000000,2018-05-29,SINA,seg_4_8_92,True,False,possible_legal,
920961,2018-07-10,0.000,,6.750,-100.0000,,1.00000000,1.00000000,2018-07-09,SINA,seg_4_8_92,True,False,possible_legal,
920961,2018-12-13,0.000,,6.300,-100.0000,,1.00000000,1.00000000,2018-11-23,SINA,seg_4_8_92,True,False,possible_legal,
920961,2019-04-25,0.000,,6.490,-100.0000,,1.00000000,1.00000000,2019-04-24,SINA,seg_4_8_92,True,False,possible_legal,
920961,2019-10-11,0.000,,8.930,-100.0000,,1.00000000,1.00000000,2019-10-10,SINA,seg_4_8_92,True,False,possible_legal,
920964,2015-03-09,10.010,7.040,7.040,42.1875,2.970,1.00000000,1.00000000,2015-03-06,SINA,seg_4_8_92,True,False,possible_legal,0.0
920964,2015-07-09,7.320,4.760,4.760,53.7815,2.560,1.00000000,1.00000000,2015-07-08,SINA,seg_4_8_92,True,False,possible_legal,0.0
920964,2017-01-11,11.250,8.430,8.430,33.4520,2.820,1.00000000,1.00000000,2017-01-10,SINA,seg_4_8_92,True,False,possible_legal,0.0
920964,2018-12-18,1.680,14.840,14.840,-88.6792,-13.160,1.00000000,1.00000000,2017-03-31,SINA,seg_4_8_92,True,False,possible_legal,0.0
920970,2020-01-07,3.400,,5.390,-36.9200,-1.990,,,2018-03-28,AKSHARE,seg_4_8_92,False,False,possible_legal,
920970,2020-07-13,6.090,,4.050,50.3700,2.040,,,2020-07-10,AKSHARE,seg_4_8_92,False,False,possible_legal,
920970,2020-07-22,3.420,,6.090,-43.8400,-2.670,,,2020-07-13,AKSHARE,seg_4_8_92,False,False,possible_legal,
920970,2021-01-22,1.610,,3.540,-54.5200,-1.930,,,2020-12-16,AKSHARE,seg_4_8_92,False,False,possible_legal,
920970,2021-03-19,2.650,,1.210,119.0100,1.440,,,2021-03-18,AKSHARE,seg_4_8_92,False,False,possible_legal,
920970,2021-03-24,3.540,,2.700,31.1100,0.840,,,2021-03-23,AKSHARE,seg_4_8_92,False,False,possible_legal,
920970,2021-06-03,5.480,,3.540,54.8000,1.940,,,2021-04-23,AKSHARE,seg_4_8_92,False,False,possible_legal,
920970,2021-06-22,8.450,,5.750,46.9600,2.700,,,2021-06-09,AKSHARE,seg_4_8_92,False,False,possible_legal,
920970,2021-06-24,5.590,,8.450,-33.8500,-2.860,,,2021-06-22,AKSHARE,seg_4_8_92,False,False,possible_legal,
920971,2017-06-19,0.660,,,-94.1500,-10.630,,,,AKSHARE,seg_4_8_92,False,False,possible_legal,
920971,2017-09-11,0.280,,0.660,-57.5800,-0.380,,,2017-06-19,AKSHARE,seg_4_8_92,False,False,possible_legal,
920971,2018-01-10,-0.530,,0.370,-243.2400,-0.900,,,2017-10-20,AKSHARE,seg_4_8_92,False,False,possible_legal,
920971,2018-02-23,0.110,,-0.530,120.7500,0.640,,,2018-01-10,AKSHARE,seg_4_8_92,False,False,possible_legal,
920971,2018-03-06,0.660,,0.110,500.0000,0.550,,,2018-02-23,AKSHARE,seg_4_8_92,False,False,possible_legal,
920971,2018-04-11,-0.130,,0.660,-119.7000,-0.790,,,2018-03-06,AKSHARE,seg_4_8_92,False,False,possible_legal,
920971,2018-04-12,0.110,,-0.130,184.6200,0.240,,,2018-04-11,AKSHARE,seg_4_8_92,False,False,possible_legal,
920971,2018-04-17,0.330,,0.110,200.0000,0.220,,,2018-04-12,AKSHARE,seg_4_8_92,False,False,possible_legal,
920971,2018-04-24,0.550,,0.330,66.6700,0.220,,,2018-04-17,AKSHARE,seg_4_8_92,False,False,possible_legal,
920971,2018-06-15,0.220,,0.860,-74.4200,-0.640,,,2018-04-27,AKSHARE,seg_4_8_92,False,False,possible_legal,
920971,2018-06-20,0.740,,0.220,236.3600,0.520,,,2018-06-15,AKSHARE,seg_4_8_92,False,False,possible_legal,
920971,2018-06-21,1.110,,0.740,50.0000,0.370,,,2018-06-20,AKSHARE,seg_4_8_92,False,False,possible_legal,
920971,2019-12-19,0.010,,1.360,-99.2600,-1.350,,,2019-12-10,AKSHARE,seg_4_8_92,False,False,possible_legal,
920971,2019-12-20,-0.300,,0.010,-3100.0000,-0.310,,,2019-12-19,AKSHARE,seg_4_8_92,False,False,possible_legal,
920971,2020-01-07,-0.140,,-0.300,53.3300,0.160,,,2019-12-20,AKSHARE,seg_4_8_92,False,False,possible_legal,
920971,2020-02-03,-0.090,,-0.140,35.7100,0.050,,,2020-01-15,AKSHARE,seg_4_8_92,False,False,possible_legal,
920971,2020-04-14,-0.300,,-0.090,-233.3300,-0.210,,,2020-04-13,AKSHARE,seg_4_8_92,False,False,possible_legal,
920971,2020-05-06,-0.490,,-0.300,-63.3300,-0.190,,,2020-04-16,AKSHARE,seg_4_8_92,False,False,possible_legal,
920971,2020-05-07,-0.040,,-0.490,91.8400,0.450,,,2020-05-06,AKSHARE,seg_4_8_92,False,False,possible_legal,
920971,2020-05-11,-0.260,,-0.040,-550.0000,-0.220,,,2020-05-07,AKSHARE,seg_4_8_92,False,False,possible_legal,
920971,2020-05-18,-0.740,,-0.260,-184.6200,-0.480,,,2020-05-11,AKSHARE,seg_4_8_92,False,False,possible_legal,
920971,2020-05-22,-0.070,,-0.740,90.5400,0.670,,,2020-05-18,AKSHARE,seg_4_8_92,False,False,possible_legal,
920971,2020-05-25,-0.030,,-0.070,57.1400,0.040,,,2020-05-22,AKSHARE,seg_4_8_92,False,False,possible_legal,
920971,2020-05-27,-0.040,,-0.030,-33.3300,-0.010,,,2020-05-25,AKSHARE,seg_4_8_92,False,False,possible_legal,
920971,2020-06-04,-0.200,,-0.030,-566.6700,-0.170,,,2020-06-01,AKSHARE,seg_4_8_92,False,False,possible_legal,
920971,2020-06-08,0.130,,-0.200,165.0000,0.330,,,2020-06-04,AKSHARE,seg_4_8_92,False,False,possible_legal,
920971,2020-06-09,0.300,,0.130,130.7700,0.170,,,2020-06-08,AKSHARE,seg_4_8_92,False,False,possible_legal,
920971,2020-06-11,0.690,,0.300,130.0000,0.390,,,2020-06-09,AKSHARE,seg_4_8_92,False,False,possible_legal,
920971,2020-07-08,1.120,,0.570,96.4900,0.550,,,2020-07-06,AKSHARE,seg_4_8_92,False,False,possible_legal,
920971,2020-07-21,0.580,,1.130,-48.6700,-0.550,,,2020-07-15,AKSHARE,seg_4_8_92,False,False,possible_legal,
920971,2020-10-19,0.300,,0.900,-66.6700,-0.600,,,2020-10-12,AKSHARE,seg_4_8_92,False,False,possible_legal,
920971,2020-10-27,0.660,,0.300,120.0000,0.360,,,2020-10-19,AKSHARE,seg_4_8_92,False,False,possible_legal,
920971,2020-11-17,0.800,,0.500,60.0000,0.300,,,2020-11-10,AKSHARE,seg_4_8_92,False,False,possible_legal,
920971,2020-12-16,0.080,,0.780,-89.7400,-0.700,,,2020-12-02,AKSHARE,seg_4_8_92,False,False,possible_legal,
920971,2020-12-21,-0.030,,0.090,-133.3300,-0.120,,,2020-12-18,AKSHARE,seg_4_8_92,False,False,possible_legal,
920971,2020-12-22,0.380,,-0.030,1366.6700,0.410,,,2020-12-21,AKSHARE,seg_4_8_92,False,False,possible_legal,
920971,2020-12-23,-0.370,,0.380,-197.3700,-0.750,,,2020-12-22,AKSHARE,seg_4_8_92,False,False,possible_legal,
920971,2020-12-24,0.410,,-0.370,210.8100,0.780,,,2020-12-23,AKSHARE,seg_4_8_92,False,False,possible_legal,
920971,2020-12-25,-0.310,,0.410,-175.6100,-0.720,,,2020-12-24,AKSHARE,seg_4_8_92,False,False,possible_legal,
920971,2020-12-28,0.530,,-0.310,270.9700,0.840,,,2020-12-25,AKSHARE,seg_4_8_92,False,False,possible_legal,
920971,2020-12-29,0.780,,0.530,47.1700,0.250,,,2020-12-28,AKSHARE,seg_4_8_92,False,False,possible_legal,
920971,2021-01-04,1.080,,0.770,40.2600,0.310,,,2020-12-31,AKSHARE,seg_4_8_92,False,False,possible_legal,
920971,2021-01-22,0.130,,1.330,-90.2300,-1.200,,,2021-01-20,AKSHARE,seg_4_8_92,False,False,possible_legal,
920971,2021-01-25,0.830,,0.130,538.4600,0.700,,,2021-01-22,AKSHARE,seg_4_8_92,False,False,possible_legal,
920971,2021-02-24,2.560,,1.080,137.0400,1.480,,,2021-02-04,AKSHARE,seg_4_8_92,False,False,possible_legal,
920971,2021-03-29,1.360,,2.560,-46.8800,-1.200,,,2021-02-24,AKSHARE,seg_4_8_92,False,False,possible_legal,
920971,2021-04-29,0.620,,1.350,-54.0700,-0.730,,,2021-04-28,AKSHARE,seg_4_8_92,False,False,possible_legal,
920971,2021-05-07,1.300,,0.800,62.5000,0.500,,,2021-04-30,AKSHARE,seg_4_8_92,False,False,possible_legal,
920971,2021-06-18,0.530,,0.810,-34.5700,-0.280,,,2021-06-16,AKSHARE,seg_4_8_92,False,False,possible_legal,
920971,2021-06-22,1.350,,0.690,95.6500,0.660,,,2021-06-21,AKSHARE,seg_4_8_92,False,False,possible_legal,
920971,2021-06-28,0.300,,1.350,-77.7800,-1.050,,,2021-06-22,AKSHARE,seg_4_8_92,False,False,possible_legal,
920971,2021-06-29,1.350,,0.300,350.0000,1.050,,,2021-06-28,AKSHARE,seg_4_8_92,False,False,possible_legal,
920971,2021-07-02,0.130,,1.080,-87.9600,-0.950,,,2021-07-01,AKSHARE,seg_4_8_92,False,False,possible_legal,
920971,2021-07-07,1.050,,0.130,707.6900,0.920,,,2021-07-05,AKSHARE,seg_4_8_92,False,False,possible_legal,
920971,2021-07-08,0.360,,1.050,-65.7100,-0.690,,,2021-07-07,AKSHARE,seg_4_8_92,False,False,possible_legal,
920971,2021-07-09,0.580,,0.360,61.1100,0.220,,,2021-07-08,AKSHARE,seg_4_8_92,False,False,possible_legal,
920971,2021-07-14,0.260,,0.580,-55.1700,-0.320,,,2021-07-09,AKSHARE,seg_4_8_92,False,False,possible_legal,
920971,2021-07-15,0.800,,0.260,207.6900,0.540,,,2021-07-14,AKSHARE,seg_4_8_92,False,False,possible_legal,
920971,2021-07-16,1.630,,0.800,103.7500,0.830,,,2021-07-15,AKSHARE,seg_4_8_92,False,False,possible_legal,
920971,2021-07-20,0.840,,1.630,-48.4700,-0.790,,,2021-07-16,AKSHARE,seg_4_8_92,False,False,possible_legal,
920971,2021-07-23,0.260,,0.840,-69.0500,-0.580,,,2021-07-20,AKSHARE,seg_4_8_92,False,False,possible_legal,
920971,2021-07-30,-0.150,,0.270,-155.5600,-0.420,,,2021-07-29,AKSHARE,seg_4_8_92,False,False,possible_legal,
920971,2021-08-03,0.570,,-0.150,480.0000,0.720,,,2021-07-30,AKSHARE,seg_4_8_92,False,False,possible_legal,
920971,2021-08-05,1.360,,0.570,138.6000,0.790,,,2021-08-03,AKSHARE,seg_4_8_92,False,False,possible_legal,
920971,2021-08-20,2.470,,1.650,49.7000,0.820,,,2021-08-19,AKSHARE,seg_4_8_92,False,False,possible_legal,
920971,2021-08-25,5.800,,2.470,134.8200,3.330,,,2021-08-24,AKSHARE,seg_4_8_92,False,False,possible_legal,
920971,2021-09-06,8.390,,5.800,44.6600,2.590,,,2021-08-25,AKSHARE,seg_4_8_92,False,False,possible_legal,
920971,2021-09-14,8.020,,5.800,38.2800,2.220,,,2021-09-10,AKSHARE,seg_4_8_92,False,False,possible_legal,
920974,2015-02-12,0.950,,,-84.5000,-5.180,,,,AKSHARE,seg_4_8_92,False,False,possible_legal,
920974,2015-02-13,0.590,,0.950,-37.8900,-0.360,,,2015-02-12,AKSHARE,seg_4_8_92,False,False,possible_legal,
920974,2015-03-04,1.340,,0.820,63.4100,0.520,,,2015-03-03,AKSHARE,seg_4_8_92,False,False,possible_legal,
920974,2015-03-06,2.020,,1.540,31.1700,0.480,,,2015-03-05,AKSHARE,seg_4_8_92,False,False,possible_legal,
920974,2015-03-09,2.660,,2.020,31.6800,0.640,,,2015-03-06,AKSHARE,seg_4_8_92,False,False,possible_legal,
920974,2015-04-01,5.210,,3.450,51.0100,1.760,,,2015-03-31,AKSHARE,seg_4_8_92,False,False,possible_legal,
920974,2015-04-02,7.580,,5.210,45.4900,2.370,,,2015-04-01,AKSHARE,seg_4_8_92,False,False,possible_legal,
920974,2020-01-02,4.190,,3.190,31.3500,1.000,,,2019-12-31,AKSHARE,seg_4_8_92,False,False,possible_legal,
920976,2017-12-27,-0.430,,,-106.9000,-6.660,,,,AKSHARE,seg_4_8_92,False,False,possible_legal,
920976,2018-02-14,-0.070,,-0.430,83.7200,0.360,,,2017-12-27,AKSHARE,seg_4_8_92,False,False,possible_legal,
920976,2019-01-07,0.140,,-0.070,300.0000,0.210,,,2018-02-14,AKSHARE,seg_4_8_92,False,False,possible_legal,
920976,2020-06-10,-0.130,,0.140,-192.8600,-0.270,,,2019-01-07,AKSHARE,seg_4_8_92,False,False,possible_legal,
920976,2021-09-08,0.510,,-0.130,492.3100,0.640,,,2020-06-10,AKSHARE,seg_4_8_92,False,False,possible_legal,
920976,2021-09-30,0.940,,0.510,84.3100,0.430,,,2021-09-08,AKSHARE,seg_4_8_92,False,False,possible_legal,
920976,2022-02-09,3.440,,0.940,265.9600,2.500,,,2021-09-30,AKSHARE,seg_4_8_92,False,False,possible_legal,
920978,2015-11-17,-0.060,,,-100.9300,-6.530,,,,AKSHARE,seg_4_8_92,False,False,possible_legal,
920978,2015-12-16,0.550,,-0.060,1016.6700,0.610,,,2015-11-17,AKSHARE,seg_4_8_92,False,False,possible_legal,
920978,2016-01-14,-0.400,,0.550,-172.7300,-0.950,,,2015-12-31,AKSHARE,seg_4_8_92,False,False,possible_legal,
920978,2016-01-15,0.550,,-0.400,237.5000,0.950,,,2016-01-14,AKSHARE,seg_4_8_92,False,False,possible_legal,
920978,2016-01-29,2.970,,0.550,440.0000,2.420,,,2016-01-25,AKSHARE,seg_4_8_92,False,False,possible_legal,
920978,2017-12-22,2.140,,3.300,-35.1500,-1.160,,,2017-12-20,AKSHARE,seg_4_8_92,False,False,possible_legal,
920978,2017-12-25,3.130,,2.140,46.2600,0.990,,,2017-12-22,AKSHARE,seg_4_8_92,False,False,possible_legal,
920978,2017-12-27,3.130,,2.170,44.2400,0.960,,,2017-12-26,AKSHARE,seg_4_8_92,False,False,possible_legal,
920978,2017-12-29,5.630,,3.130,79.8700,2.500,,,2017-12-27,AKSHARE,seg_4_8_92,False,False,possible_legal,
920978,2018-01-02,3.130,,5.630,-44.4000,-2.500,,,2017-12-29,AKSHARE,seg_4_8_92,False,False,possible_legal,
920978,2018-06-27,6.550,,3.140,108.6000,3.410,,,2018-06-26,AKSHARE,seg_4_8_92,False,False,possible_legal,
920978,2018-07-02,3.250,,6.180,-47.4100,-2.930,,,2018-06-29,AKSHARE,seg_4_8_92,False,False,possible_legal,
920978,2019-09-30,3.270,,2.300,42.1700,0.970,,,2019-09-27,AKSHARE,seg_4_8_92,False,False,possible_legal,
920978,2019-10-08,1.780,,3.270,-45.5700,-1.490,,,2019-09-30,AKSHARE,seg_4_8_92,False,False,possible_legal,
920978,2019-10-11,3.240,,1.780,82.0200,1.460,,,2019-10-08,AKSHARE,seg_4_8_92,False,False,possible_legal,
920978,2020-11-05,1.150,,2.790,-58.7800,-1.640,,,2020-11-04,AKSHARE,seg_4_8_92,False,False,possible_legal,
920978,2020-11-06,2.340,,1.150,103.4800,1.190,,,2020-11-05,AKSHARE,seg_4_8_92,False,False,possible_legal,
920978,2020-11-11,2.940,,2.140,37.3800,0.800,,,2020-11-09,AKSHARE,seg_4_8_92,False,False,possible_legal,
920978,2021-02-01,2.340,,0.840,178.5700,1.500,,,2021-01-21,AKSHARE,seg_4_8_92,False,False,possible_legal,
920978,2021-02-05,0.840,,2.340,-64.1000,-1.500,,,2021-02-01,AKSHARE,seg_4_8_92,False,False,possible_legal,
920978,2021-02-18,2.340,,0.840,178.5700,1.500,,,2021-02-05,AKSHARE,seg_4_8_92,False,False,possible_legal,
920978,2021-05-17,0.840,,1.840,-54.3500,-1.000,,,2021-05-12,AKSHARE,seg_4_8_92,False,False,possible_legal,
920978,2021-05-18,1.390,,0.840,65.4800,0.550,,,2021-05-17,AKSHARE,seg_4_8_92,False,False,possible_legal,
920978,2021-05-27,2.340,,1.640,42.6800,0.700,,,2021-05-24,AKSHARE,seg_4_8_92,False,False,possible_legal,
920978,2021-06-25,0.420,,1.840,-77.1700,-1.420,,,2021-06-21,AKSHARE,seg_4_8_92,False,False,possible_legal,
920978,2021-06-29,1.870,,0.420,345.2400,1.450,,,2021-06-25,AKSHARE,seg_4_8_92,False,False,possible_legal,
920978,2021-08-04,0.970,,1.870,-48.1300,-0.900,,,2021-07-28,AKSHARE,seg_4_8_92,False,False,possible_legal,
920978,2021-08-11,1.580,,0.970,62.8900,0.610,,,2021-08-05,AKSHARE,seg_4_8_92,False,False,possible_legal,
920978,2021-08-18,1.970,,1.470,34.0100,0.500,,,2021-08-17,AKSHARE,seg_4_8_92,False,False,possible_legal,
920978,2021-09-06,3.950,,2.470,59.9200,1.480,,,2021-09-03,AKSHARE,seg_4_8_92,False,False,possible_legal,
920981,2021-03-24,19.540,,11.040,76.9900,8.500,,,2021-03-19,AKSHARE,seg_4_8_92,False,False,possible_legal,
920981,2021-03-31,11.110,,19.540,-43.1400,-8.430,,,2021-03-24,AKSHARE,seg_4_8_92,False,False,possible_legal,
920981,2021-04-14,8.250,,13.030,-36.6800,-4.780,,,2021-04-12,AKSHARE,seg_4_8_92,False,False,possible_legal,
920981,2021-04-22,11.550,,8.250,40.0000,3.300,,,2021-04-14,AKSHARE,seg_4_8_92,False,False,possible_legal,
920982,2015-12-30,1.170,,,-95.4700,-24.630,,,,AKSHARE,seg_4_8_92,False,False,possible_legal,
920982,2016-01-29,5.100,,1.170,335.9000,3.930,,,2016-01-06,AKSHARE,seg_4_8_92,False,False,possible_legal,
920982,2019-04-10,15.970,,8.790,81.6800,7.180,,,2019-01-30,AKSHARE,seg_4_8_92,False,False,possible_legal,
920982,2019-08-30,7.540,,14.120,-46.6000,-6.580,,,2019-08-28,AKSHARE,seg_4_8_92,False,False,possible_legal,
920982,2021-06-30,49.700,,37.280,33.3200,12.420,,,2021-06-29,AKSHARE,seg_4_8_92,False,False,possible_legal,
920985,2017-01-16,1.560,,,-81.4500,-6.850,,,,AKSHARE,seg_4_8_92,False,False,possible_legal,
920985,2017-01-20,-0.150,,1.560,-109.6200,-1.710,,,2017-01-16,AKSHARE,seg_4_8_92,False,False,possible_legal,
920985,2017-01-23,0.050,,-0.150,133.3300,0.200,,,2017-01-20,AKSHARE,seg_4_8_92,False,False,possible_legal,
920985,2017-02-03,1.560,,0.050,3020.0000,1.510,,,2017-01-23,AKSHARE,seg_4_8_92,False,False,possible_legal,
920985,2017-02-20,2.100,,1.420,47.8900,0.680,,,2017-02-17,AKSHARE,seg_4_8_92,False,False,possible_legal,
920985,2017-03-02,2.630,,4.110,-36.0100,-1.480,,,2017-02-28,AKSHARE,seg_4_8_92,False,False,possible_legal,
920985,2017-03-03,3.620,,2.630,37.6400,0.990,,,2017-03-02,AKSHARE,seg_4_8_92,False,False,possible_legal,
920985,2017-11-29,3.360,,2.080,61.5400,1.280,,,2017-11-27,AKSHARE,seg_4_8_92,False,False,possible_legal,
920985,2017-11-30,5.460,,3.360,62.5000,2.100,,,2017-11-29,AKSHARE,seg_4_8_92,False,False,possible_legal,
920985,2017-12-11,4.060,,7.060,-42.4900,-3.000,,,2017-12-08,AKSHARE,seg_4_8_92,False,False,possible_legal,
920985,2017-12-15,2.060,,4.060,-49.2600,-2.000,,,2017-12-11,AKSHARE,seg_4_8_92,False,False,possible_legal,
920985,2017-12-26,2.780,,2.060,34.9500,0.720,,,2017-12-15,AKSHARE,seg_4_8_92,False,False,possible_legal,
920985,2017-12-27,4.550,,2.780,63.6700,1.770,,,2017-12-26,AKSHARE,seg_4_8_92,False,False,possible_legal,
920985,2017-12-28,6.050,,4.550,32.9700,1.500,,,2017-12-27,AKSHARE,seg_4_8_92,False,False,possible_legal,
920985,2018-01-04,3.460,,7.860,-55.9800,-4.400,,,2018-01-03,AKSHARE,seg_4_8_92,False,False,possible_legal,
920985,2018-01-05,7.840,,3.460,126.5900,4.380,,,2018-01-04,AKSHARE,seg_4_8_92,False,False,possible_legal,
920985,2018-01-08,3.460,,7.840,-55.8700,-4.380,,,2018-01-05,AKSHARE,seg_4_8_92,False,False,possible_legal,
920985,2018-01-09,7.860,,3.460,127.1700,4.400,,,2018-01-08,AKSHARE,seg_4_8_92,False,False,possible_legal,
920985,2018-01-11,3.460,,7.860,-55.9800,-4.400,,,2018-01-10,AKSHARE,seg_4_8_92,False,False,possible_legal,
920985,2019-09-12,0.760,,2.460,-69.1100,-1.700,,,2018-01-25,AKSHARE,seg_4_8_92,False,False,possible_legal,
920985,2019-09-30,2.460,,0.760,223.6800,1.700,,,2019-09-25,AKSHARE,seg_4_8_92,False,False,possible_legal,
920985,2019-10-22,1.060,,2.460,-56.9100,-1.400,,,2019-09-30,AKSHARE,seg_4_8_92,False,False,possible_legal,
920985,2019-12-30,1.560,,1.060,47.1700,0.500,,,2019-10-22,AKSHARE,seg_4_8_92,False,False,possible_legal,
920985,2020-01-03,2.060,,1.550,32.9000,0.510,,,2020-01-02,AKSHARE,seg_4_8_92,False,False,possible_legal,
920985,2020-01-20,2.060,,1.510,36.4200,0.550,,,2020-01-17,AKSHARE,seg_4_8_92,False,False,possible_legal,
920985,2020-02-17,3.080,,2.080,48.0800,1.000,,,2020-02-14,AKSHARE,seg_4_8_92,False,False,possible_legal,
920985,2020-02-18,1.820,,3.080,-40.9100,-1.260,,,2020-02-17,AKSHARE,seg_4_8_92,False,False,possible_legal,
920985,2020-02-26,3.090,,1.820,69.7800,1.270,,,2020-02-25,AKSHARE,seg_4_8_92,False,False,possible_legal,
920985,2020-04-14,2.570,,1.940,32.4700,0.630,,,2020-04-13,AKSHARE,seg_4_8_92,False,False,possible_legal,
920985,2020-06-04,2.150,,3.650,-41.1000,-1.500,,,2020-06-03,AKSHARE,seg_4_8_92,False,False,possible_legal,
920985,2020-06-08,2.980,,2.150,38.6000,0.830,,,2020-06-04,AKSHARE,seg_4_8_92,False,False,possible_legal,
920985,2020-07-07,4.060,,2.510,61.7500,1.550,,,2020-07-06,AKSHARE,seg_4_8_92,False,False,possible_legal,
920985,2020-07-28,5.140,,3.150,63.1700,1.990,,,2020-07-27,AKSHARE,seg_4_8_92,False,False,possible_legal,
920985,2020-07-29,3.160,,5.140,-38.5200,-1.980,,,2020-07-28,AKSHARE,seg_4_8_92,False,False,possible_legal,
920985,2020-08-03,4.440,,3.300,34.5500,1.140,,,2020-07-31,AKSHARE,seg_4_8_92,False,False,possible_legal,
920992,2017-08-16,0.070,,,-99.5500,-15.570,,,,AKSHARE,seg_4_8_92,False,False,possible_legal,
920992,2020-04-10,3.600,,0.070,5042.8600,3.530,,,2017-08-16,AKSHARE,seg_4_8_92,False,False,possible_legal,
920992,2020-04-13,1.220,,3.600,-66.1100,-2.380,,,2020-04-10,AKSHARE,seg_4_8_92,False,False,possible_legal,
920992,2020-10-15,3.660,,1.220,200.0000,2.440,,,2020-04-13,AKSHARE,seg_4_8_92,False,False,possible_legal,
